契約,到期月份 (週別),契約到期日,履約價,買賣權,開盤價,最高價,最低價,最後 成交價,結算價,漲跌價,漲跌%,*盤後交易時段成交量,*一般交易時段成交量,*合計成交量,*未沖銷 契約量,最後 最佳買價,最後 最佳賣價,歷史 最高價,歷史 最低價
TXO,202607,20260715.0,31200.0,Call,-,-,-,-,-,-,-,0,0,0,0,14620,14640,-,-
TXO,202607,20260715.0,31200.0,Put,0.2,0.9,0.2,0.6,-,▲+0.5,-,8,722,730,2095,-,0.4,490,0.1
TXO,202607,20260715.0,31300.0,Call,-,-,-,-,-,-,-,0,0,0,0,14520,14540,-,-
TXO,202607,20260715.0,31300.0,Put,0.2,0.2,0.2,0.2,-,▲+0.1,-,0,3,3,45,-,9.9,396,0.2
TXO,202607,20260715.0,31400.0,Call,-,-,-,-,-,-,-,0,0,0,0,14420,14440,-,-
TXO,202607,20260715.0,31400.0,Put,0.2,0.2,0.2,0.2,-,▲+0.1,-,0,2,2,7,-,-,388,0.2
TXO,202607,20260715.0,31500.0,Call,-,-,-,-,-,-,-,0,0,0,0,14320,14340,-,-
TXO,202607,20260715.0,31500.0,Put,0.2,0.2,0.2,0.2,-,▲+0.1,-,1,6,7,241,-,-,197,0.2
TXO,202607,20260715.0,31600.0,Call,-,-,-,-,-,-,-,0,0,0,0,14220,14240,-,-
TXO,202607,20260715.0,31600.0,Put,0.2,0.2,0.2,0.2,-,▲+0.1,-,1,24,25,26,-,9.7,303,0.1
TXO,202607,20260715.0,31700.0,Call,-,-,-,-,-,-,-,0,0,0,0,14120,14140,-,-
TXO,202607,20260715.0,31700.0,Put,-,-,-,-,-,-,-,0,0,0,4,0.1,-,182,0.2
TXO,202607,20260715.0,31800.0,Call,-,-,-,-,-,-,-,0,0,0,0,14020,14040,-,-
TXO,202607,20260715.0,31800.0,Put,0.2,0.2,0.1,0.1,-,0,-,0,3,3,21,-,565,395,0.1
TXO,202607,20260715.0,31900.0,Call,-,-,-,-,-,-,-,0,0,0,5,13920,13940,13860,5840
TXO,202607,20260715.0,31900.0,Put,0.2,0.2,0.2,0.2,-,▲+0.1,-,0,2,2,24,-,-,437,0.1
TXO,202607,20260715.0,32000.0,Call,-,-,-,-,-,-,-,0,0,0,0,13820,13840,-,-
TXO,202607,20260715.0,32000.0,Put,0.2,0.2,0.1,0.1,-,0,-,0,92,92,216,-,0.1,565,0.1
TXO,202607,20260715.0,32100.0,Call,-,-,-,-,-,-,-,0,0,0,0,13720,13740,-,-
TXO,202607,20260715.0,32100.0,Put,0.2,0.2,0.2,0.2,-,▲+0.1,-,0,1,1,35,0.1,-,347,0.2
TXO,202607,20260715.0,32200.0,Call,-,-,-,-,-,-,-,0,0,0,0,13620,13640,-,-
TXO,202607,20260715.0,32200.0,Put,-,-,-,-,-,-,-,0,0,0,27,0.1,-,326,0.2
TXO,202607,20260715.0,32300.0,Call,-,-,-,-,-,-,-,0,0,0,0,13520,13540,-,-
TXO,202607,20260715.0,32300.0,Put,-,-,-,-,-,-,-,0,0,0,56,0.1,-,367,0.2
TXO,202607,20260715.0,32400.0,Call,-,-,-,-,-,-,-,0,0,0,0,13420,13440,-,-
TXO,202607,20260715.0,32400.0,Put,-,-,-,-,-,-,-,0,0,0,25,0.1,-,368,0.2
TXO,202607,20260715.0,32500.0,Call,-,-,-,-,-,-,-,0,0,0,0,13320,13340,-,-
TXO,202607,20260715.0,32500.0,Put,0.2,0.2,0.2,0.2,-,▲+0.1,-,0,3,3,48,0.1,-,520,0.2
TXO,202607,20260715.0,32600.0,Call,-,-,-,-,-,-,-,0,0,0,0,13220,13240,-,-
TXO,202607,20260715.0,32600.0,Put,-,-,-,-,-,-,-,0,0,0,39,0.1,-,450,0.4
TXO,202607,20260715.0,32700.0,Call,-,-,-,-,-,-,-,0,0,0,0,13120,13140,-,-
TXO,202607,20260715.0,32700.0,Put,-,-,-,-,-,-,-,1,0,1,28,-,-,110,0.2
TXO,202607,20260715.0,32800.0,Call,-,-,-,-,-,-,-,0,0,0,0,13020,13040,-,-
TXO,202607,20260715.0,32800.0,Put,-,-,-,-,-,-,-,1,0,1,38,-,130,489,0.2
TXO,202607,20260715.0,32900.0,Call,-,-,-,-,-,-,-,0,0,0,0,12920,12940,-,-
TXO,202607,20260715.0,32900.0,Put,-,-,-,-,-,-,-,1,0,1,46,-,-,351,0.2
TXO,202607,20260715.0,33000.0,Call,-,-,-,-,-,-,-,0,0,0,0,12820,12840,-,-
TXO,202607,20260715.0,33000.0,Put,0.2,0.2,0.2,0.2,-,▲+0.1,-,1,56,57,651,-,0.3,610,0.2
TXO,202607,20260715.0,33100.0,Call,-,-,-,-,-,-,-,0,0,0,0,12720,12740,-,-
TXO,202607,20260715.0,33100.0,Put,-,-,-,-,-,-,-,1,0,1,67,0.1,-,308,0.2
TXO,202607,20260715.0,33200.0,Call,-,-,-,-,-,-,-,0,0,0,0,12620,12640,-,-
TXO,202607,20260715.0,33200.0,Put,0.2,0.2,0.2,0.2,-,▲+0.1,-,0,1,1,35,0.1,-,735,0.2
TXO,202607,20260715.0,33300.0,Call,-,-,-,-,-,-,-,0,0,0,0,12520,12540,-,-
TXO,202607,20260715.0,33300.0,Put,0.2,0.2,0.2,0.2,-,▲+0.1,-,0,2,2,150,0.1,19,515,0.2
TXO,202607,20260715.0,33400.0,Call,-,-,-,-,-,-,-,0,0,0,0,12420,12440,-,-
TXO,202607,20260715.0,33400.0,Put,0.2,0.2,0.2,0.2,-,▲+0.1,-,0,1,1,397,0.1,-,780,0.2
TXO,202607,20260715.0,33500.0,Call,-,-,-,-,-,-,-,0,0,0,0,12320,12340,-,-
TXO,202607,20260715.0,33500.0,Put,0.2,0.2,0.2,0.2,-,▲+0.1,-,0,3,3,80,0.1,2.5,476,0.1
TXO,202607,20260715.0,33600.0,Call,-,-,-,-,-,-,-,0,0,0,0,12220,12240,-,-
TXO,202607,20260715.0,33600.0,Put,-,-,-,-,-,-,-,0,0,0,2,0.1,-,490,29
TXO,202607,20260715.0,33700.0,Call,-,-,-,-,-,-,-,0,0,0,0,12120,12140,-,-
TXO,202607,20260715.0,33700.0,Put,-,-,-,-,-,-,-,0,0,0,33,0.1,-,810,29.5
TXO,202607,20260715.0,33800.0,Call,-,-,-,-,-,-,-,0,0,0,0,12020,12040,-,-
TXO,202607,20260715.0,33800.0,Put,0.2,0.2,0.2,0.2,-,▲+0.1,-,0,1,1,36,0.1,-,525,0.2
TXO,202607,20260715.0,33900.0,Call,-,-,-,-,-,-,-,0,0,0,0,11920,11940,-,-
TXO,202607,20260715.0,33900.0,Put,-,-,-,-,-,-,-,0,0,0,62,0.1,-,545,0.2
TXO,202607,20260715.0,34000.0,Call,-,-,-,-,-,-,-,0,0,0,0,11820,11840,-,-
TXO,202607,20260715.0,34000.0,Put,0.2,0.2,0.2,0.2,-,▲+0.1,-,5,37,42,477,0.1,0.2,740,0.2
TXO,202607,20260715.0,34100.0,Call,-,-,-,-,-,-,-,0,0,0,0,11720,11740,-,-
TXO,202607,20260715.0,34100.0,Put,0.2,0.2,0.2,0.2,-,▲+0.1,-,1,3,4,43,0.1,-,570,0.2
TXO,202607,20260715.0,34200.0,Call,-,-,-,-,-,-,-,0,0,0,0,11620,11640,-,-
TXO,202607,20260715.0,34200.0,Put,0.2,0.2,0.2,0.2,-,▲+0.1,-,0,1,1,24,0.1,0.2,765,0.2
TXO,202607,20260715.0,34300.0,Call,-,-,-,-,-,-,-,0,0,0,0,11520,11540,-,-
TXO,202607,20260715.0,34300.0,Put,0.2,0.2,0.2,0.2,-,▲+0.1,-,0,1,1,77,0.1,-,278,0.2
TXO,202607,20260715.0,34400.0,Call,-,-,-,-,-,-,-,0,0,0,0,11420,11440,-,-
TXO,202607,20260715.0,34400.0,Put,0.2,0.2,0.2,0.2,-,▲+0.1,-,0,1,1,53,0.1,-,820,0.2
TXO,202607,20260715.0,34500.0,Call,-,-,-,-,-,-,-,0,0,0,0,11320,11340,-,-
TXO,202607,20260715.0,34500.0,Put,0.2,0.2,0.2,0.2,-,▲+0.1,-,0,1,1,87,0.1,3,510,0.2
TXO,202607,20260715.0,34600.0,Call,-,-,-,-,-,-,-,0,0,0,0,11220,11240,-,-
TXO,202607,20260715.0,34600.0,Put,-,-,-,-,-,-,-,0,0,0,47,0.1,31,755,0.2
TXO,202607,20260715.0,34700.0,Call,-,-,-,-,-,-,-,0,0,0,0,11120,11140,-,-
TXO,202607,20260715.0,34700.0,Put,-,-,-,-,-,-,-,0,0,0,29,0.1,31,320,0.2
TXO,202607,20260715.0,34800.0,Call,-,-,-,-,-,-,-,0,0,0,0,11020,11040,-,-
TXO,202607,20260715.0,34800.0,Put,-,-,-,-,-,-,-,0,0,0,52,-,9,600,0.2
TXO,202607,20260715.0,34900.0,Call,-,-,-,-,-,-,-,0,0,0,0,10920,10940,-,-
TXO,202607,20260715.0,34900.0,Put,-,-,-,-,-,-,-,0,0,0,42,-,-,800,0.2
TXO,202607,20260715.0,35000.0,Call,-,-,-,-,-,-,-,0,0,0,0,10820,10840,-,-
TXO,202607,20260715.0,35000.0,Put,0.2,0.2,0.2,0.2,-,▲+0.1,-,19,18,37,511,-,1,930,0.1
TXO,202607,20260715.0,35100.0,Call,-,-,-,-,-,-,-,0,0,0,0,10720,10740,-,-
TXO,202607,20260715.0,35100.0,Put,-,-,-,-,-,-,-,0,0,0,87,-,1.9,565,0.2
TXO,202607,20260715.0,35200.0,Call,-,-,-,-,-,-,-,0,0,0,0,10620,10640,-,-
TXO,202607,20260715.0,35200.0,Put,-,-,-,-,-,-,-,1,0,1,40,-,-,505,0.1
TXO,202607,20260715.0,35300.0,Call,-,-,-,-,-,-,-,0,0,0,0,10520,10540,-,-
TXO,202607,20260715.0,35300.0,Put,-,-,-,-,-,-,-,1,0,1,22,-,20,382,0.2
TXO,202607,20260715.0,35400.0,Call,-,-,-,-,-,-,-,0,0,0,0,10420,10440,-,-
TXO,202607,20260715.0,35400.0,Put,-,-,-,-,-,-,-,1,0,1,39,-,-,900,0.2
TXO,202607,20260715.0,35500.0,Call,-,-,-,-,-,-,-,0,0,0,0,10320,10340,-,-
TXO,202607,20260715.0,35500.0,Put,-,-,-,-,-,-,-,0,0,0,80,-,-,855,0.2
TXO,202607,20260715.0,35600.0,Call,-,-,-,-,-,-,-,0,0,0,0,10220,10240,-,-
TXO,202607,20260715.0,35600.0,Put,-,-,-,-,-,-,-,0,0,0,40,-,-,750,0.3
TXO,202607,20260715.0,35700.0,Call,-,-,-,-,-,-,-,0,0,0,0,10120,10140,-,-
TXO,202607,20260715.0,35700.0,Put,-,-,-,-,-,-,-,0,0,0,39,-,-,715,0.2
TXO,202607,20260715.0,35800.0,Call,-,-,-,-,-,-,-,0,0,0,0,10020,10040,-,-
TXO,202607,20260715.0,35800.0,Put,0.2,0.2,0.2,0.2,-,▲+0.1,-,0,1,1,2560,0.1,9.5,730,0.2
TXO,202607,20260715.0,35900.0,Call,-,-,-,-,-,-,-,0,0,0,0,9920,9940,-,-
TXO,202607,20260715.0,35900.0,Put,-,-,-,-,-,-,-,0,0,0,181,-,-,1000,0.2
TXO,202607,20260715.0,36000.0,Call,-,-,-,-,-,-,-,0,0,0,0,9820,9840,7170,4650
TXO,202607,20260715.0,36000.0,Put,0.2,0.2,0.1,0.2,-,▲+0.1,-,12,33,45,1281,-,15,1370,0.1
TXO,202607,20260715.0,36100.0,Call,-,-,-,-,-,-,-,0,0,0,0,9720,9740,-,-
TXO,202607,20260715.0,36100.0,Put,-,-,-,-,-,-,-,0,0,0,116,-,120,1200,0.5
TXO,202607,20260715.0,36200.0,Call,-,-,-,-,-,-,-,0,0,0,0,9620,9640,4760,4080
TXO,202607,20260715.0,36200.0,Put,0.2,0.2,0.2,0.2,-,▲+0.1,-,0,1,1,41,-,-,464,0.2
TXO,202607,20260715.0,36300.0,Call,-,-,-,-,-,-,-,0,0,0,0,9520,9540,-,-
TXO,202607,20260715.0,36300.0,Put,-,-,-,-,-,-,-,0,0,0,71,-,-,815,0.2
TXO,202607,20260715.0,36400.0,Call,-,-,-,-,-,-,-,0,0,0,0,9420,9440,-,-
TXO,202607,20260715.0,36400.0,Put,-,-,-,-,-,-,-,0,0,0,95,-,-,790,0.2
TXO,202607,20260715.0,36500.0,Call,-,-,-,-,-,-,-,0,0,0,0,9320,9340,-,-
TXO,202607,20260715.0,36500.0,Put,-,-,-,-,-,-,-,4,0,4,271,-,-,1000,0.2
TXO,202607,20260715.0,36600.0,Call,-,-,-,-,-,-,-,0,0,0,0,9220,9240,-,-
TXO,202607,20260715.0,36600.0,Put,-,-,-,-,-,-,-,0,0,0,377,-,-,830,0.2
TXO,202607,20260715.0,36700.0,Call,-,-,-,-,-,-,-,0,0,0,0,9120,9140,-,-
TXO,202607,20260715.0,36700.0,Put,-,-,-,-,-,-,-,10,0,10,439,-,-,1020,0.2
TXO,202607,20260715.0,36800.0,Call,-,-,-,-,-,-,-,0,0,0,0,9020,9040,-,-
TXO,202607,20260715.0,36800.0,Put,-,-,-,-,-,-,-,1,0,1,704,-,0.5,1710,0.2
TXO,202607,20260715.0,36900.0,Call,-,-,-,-,-,-,-,0,0,0,0,8920,8940,-,-
TXO,202607,20260715.0,36900.0,Put,-,-,-,-,-,-,-,2,0,2,150,-,-,880,0.2
TXO,202607,20260715.0,37000.0,Call,-,-,-,-,-,-,-,0,0,0,1,8820,8840,5970,2060
TXO,202607,20260715.0,37000.0,Put,0.2,0.2,0.2,0.2,-,▲+0.1,-,31,18,49,473,-,12,1850,0.2
TXO,202607,20260715.0,37100.0,Call,-,-,-,-,-,-,-,0,0,0,0,8720,8740,8810,1990
TXO,202607,20260715.0,37100.0,Put,-,-,-,-,-,-,-,9,0,9,58,-,-,1850,0.2
TXO,202607,20260715.0,37200.0,Call,-,-,-,-,-,-,-,0,0,0,0,8620,8640,2210,1970
TXO,202607,20260715.0,37200.0,Put,0.2,0.2,0.2,0.2,-,▲+0.1,-,0,5,5,31,-,-,1000,0.2
TXO,202607,20260715.0,37300.0,Call,-,-,-,-,-,-,-,0,0,0,0,8520,8540,-,-
TXO,202607,20260715.0,37300.0,Put,0.2,0.2,0.2,0.2,-,▲+0.1,-,0,2,2,56,-,-,1830,0.2
TXO,202607,20260715.0,37400.0,Call,-,-,-,-,-,-,-,0,0,0,0,8420,8440,-,-
TXO,202607,20260715.0,37400.0,Put,0.2,0.2,0.2,0.2,-,▲+0.1,-,7,6,13,69,-,-,2010,0.2
TXO,202607,20260715.0,37500.0,Call,-,-,-,-,-,-,-,0,0,0,1,8320,8340,8710,1950
TXO,202607,20260715.0,37500.0,Put,0.2,0.2,0.2,0.2,-,▲+0.1,-,0,6,6,182,-,6.7,1850,0.2
TXO,202607,20260715.0,37600.0,Call,-,-,-,-,-,-,-,0,0,0,0,8220,8240,2900,2020
TXO,202607,20260715.0,37600.0,Put,0.2,0.2,0.2,0.2,-,▲+0.1,-,3,3,6,47,-,-,2030,0.2
TXO,202607,20260715.0,37700.0,Call,-,-,-,-,-,-,-,0,0,0,0,8120,8140,2230,2090
TXO,202607,20260715.0,37700.0,Put,0.2,0.2,0.2,0.2,-,▲+0.1,-,8,9,17,104,-,2.9,2000,0.2
TXO,202607,20260715.0,37800.0,Call,-,-,-,-,-,-,-,0,0,0,1,8020,8040,2240,2240
TXO,202607,20260715.0,37800.0,Put,0.2,0.2,0.2,0.2,-,▲+0.1,-,0,1,1,86,-,0.6,1850,0.2
TXO,202607,20260715.0,37900.0,Call,-,-,-,-,-,-,-,0,0,0,0,7920,7940,-,-
TXO,202607,20260715.0,37900.0,Put,-,-,-,-,-,-,-,0,0,0,71,-,-,1300,0.8
TXO,202607,20260715.0,38000.0,Call,-,-,-,-,-,-,-,0,0,0,2,7820,7840,8430,1540
TXO,202607,20260715.0,38000.0,Put,0.2,0.2,0.2,0.2,-,▲+0.1,-,4,9,13,591,-,0.5,1910,0.1
TXO,202607,20260715.0,38100.0,Call,-,-,-,-,-,-,-,0,0,0,0,7720,7740,2370,1850
TXO,202607,20260715.0,38100.0,Put,0.2,0.2,0.2,0.2,-,▲+0.1,-,0,10,10,65,-,0.6,1000,0.2
TXO,202607,20260715.0,38200.0,Call,-,-,-,-,-,-,-,0,0,0,6,7620,7640,2720,2230
TXO,202607,20260715.0,38200.0,Put,0.2,0.2,0.2,0.2,-,▲+0.1,-,0,40,40,82,-,0.6,1520,0.2
TXO,202607,20260715.0,38300.0,Call,-,-,-,-,-,-,-,0,0,0,0,7520,7540,4120,1400
TXO,202607,20260715.0,38300.0,Put,0.2,0.2,0.2,0.2,-,▲+0.1,-,0,2,2,112,-,10.5,1360,0.2
TXO,202607,20260715.0,38400.0,Call,-,-,-,-,-,-,-,0,0,0,0,7420,7440,-,-
TXO,202607,20260715.0,38400.0,Put,0.2,0.2,0.2,0.2,-,▲+0.1,-,4,1,5,72,-,0.9,1460,0.2
TXO,202607,20260715.0,38500.0,Call,-,-,-,-,-,-,-,0,0,0,2,7320,7340,5500,2220
TXO,202607,20260715.0,38500.0,Put,-,-,-,-,-,-,-,2,0,2,184,-,-,1550,0.2
TXO,202607,20260715.0,38600.0,Call,-,-,-,-,-,-,-,0,0,0,4,7220,7240,3900,1240
TXO,202607,20260715.0,38600.0,Put,-,-,-,-,-,-,-,2,0,2,107,-,-,870,0.2
TXO,202607,20260715.0,38700.0,Call,-,-,-,-,-,-,-,0,0,0,0,7120,7140,2500,2100
TXO,202607,20260715.0,38700.0,Put,0.2,0.2,0.2,0.2,-,▲+0.1,-,3,3,6,102,-,-,755,0.2
TXO,202607,20260715.0,38800.0,Call,-,-,-,-,-,-,-,0,0,0,1,7020,7040,5910,2020
TXO,202607,20260715.0,38800.0,Put,-,-,-,-,-,-,-,0,0,0,173,-,-,2060,0.3
TXO,202607,20260715.0,38900.0,Call,-,-,-,-,-,-,-,0,0,0,0,6920,6940,-,-
TXO,202607,20260715.0,38900.0,Put,0.2,0.2,0.2,0.2,-,▲+0.1,-,0,2,2,176,-,-,1580,0.2
TXO,202607,20260715.0,39000.0,Call,-,-,-,-,-,-,-,0,0,0,1,6820,6840,7400,1400
TXO,202607,20260715.0,39000.0,Put,0.2,0.2,0.2,0.2,-,▲+0.1,-,9,3,12,533,-,0.5,2180,0.1
TXO,202607,20260715.0,39100.0,Call,-,-,-,-,-,-,-,0,0,0,0,6720,6740,-,-
TXO,202607,20260715.0,39100.0,Put,-,-,-,-,-,-,-,0,0,0,70,-,-,1540,0.4
TXO,202607,20260715.0,39200.0,Call,-,-,-,-,-,-,-,0,0,0,0,6620,6640,4090,1870
TXO,202607,20260715.0,39200.0,Put,0.1,0.2,0.1,0.2,-,0,0%,0,2,2,90,-,380,1650,0.1
TXO,202607,20260715.0,39300.0,Call,-,-,-,-,-,-,-,0,0,0,0,6520,6540,-,-
TXO,202607,20260715.0,39300.0,Put,0.2,0.2,0.2,0.2,-,0,0%,1,3,4,110,-,-,910,0.1
TXO,202607,20260715.0,39400.0,Call,-,-,-,-,-,-,-,0,0,0,0,6420,6440,-,-
TXO,202607,20260715.0,39400.0,Put,-,-,-,-,-,-,-,0,0,0,66,-,0.6,1620,0.4
TXO,202607,20260715.0,39500.0,Call,-,-,-,-,-,-,-,0,0,0,100,6320,6340,4400,915
TXO,202607,20260715.0,39500.0,Put,0.2,0.2,0.1,0.2,-,0,0%,2,5,7,267,-,0.6,1870,0.1
TXO,202607,20260715.0,39600.0,Call,-,-,-,-,-,-,-,0,0,0,0,6220,6240,5660,4530
TXO,202607,20260715.0,39600.0,Put,0.2,0.2,0.2,0.2,-,0,0%,15,15,30,80,-,0.6,2360,0.2
TXO,202607,20260715.0,39700.0,Call,-,-,-,-,-,-,-,0,0,0,5,6120,6140,6900,2270
TXO,202607,20260715.0,39700.0,Put,0.2,0.2,0.2,0.2,-,0,0%,0,6,6,122,-,0.6,1220,0.2
TXO,202607,20260715.0,39800.0,Call,-,-,-,-,-,-,-,0,0,0,5,6020,6040,6820,3180
TXO,202607,20260715.0,39800.0,Put,0.2,0.2,0.2,0.2,-,0,0%,12,29,41,165,0.1,0.6,2130,0.2
TXO,202607,20260715.0,39900.0,Call,-,-,-,-,-,-,-,0,0,0,0,5920,5940,4950,4950
TXO,202607,20260715.0,39900.0,Put,0.2,0.2,0.2,0.2,-,0,0%,0,4,4,163,-,0.6,1200,0.2
TXO,202607,20260715.0,40000.0,Call,-,-,-,-,-,-,-,0,0,0,110,5820,5840,6740,760
TXO,202607,20260715.0,40000.0,Put,0.2,0.2,0.1,0.1,-,▼-0.2,▼-66.67%,176,64,240,5141,-,0.1,2180,0.1
TXO,202607,20260715.0,40100.0,Call,-,-,-,-,-,-,-,0,0,0,5,5720,5740,6580,1130
TXO,202607,20260715.0,40100.0,Put,0.3,0.3,0.2,0.2,-,▼-0.1,▼-33.33%,6,24,30,306,-,0.3,2090,0.2
TXO,202607,20260715.0,40200.0,Call,-,-,-,-,-,-,-,0,0,0,5,5620,5640,6500,4700
TXO,202607,20260715.0,40200.0,Put,-,-,-,-,-,-,-,4,0,4,158,-,0.3,2240,0.4
TXO,202607,20260715.0,40300.0,Call,-,-,-,-,-,-,-,0,0,0,1,5520,5540,2290,2290
TXO,202607,20260715.0,40300.0,Put,0.3,0.3,0.2,0.2,-,▼-0.3,▼-60.00%,29,12,41,142,-,0.3,2180,0.2
TXO,202607,20260715.0,40400.0,Call,-,-,-,-,-,-,-,0,0,0,0,5420,5440,8420,4690
TXO,202607,20260715.0,40400.0,Put,0.2,0.2,0.2,0.2,-,▼-0.4,▼-66.67%,7,2,9,214,-,0.3,2230,0.2
TXO,202607,20260715.0,40500.0,Call,-,-,-,-,-,-,-,0,0,0,75,5320,5340,7870,1850
TXO,202607,20260715.0,40500.0,Put,0.5,0.5,0.1,0.1,-,▼-0.7,▼-87.50%,33,2,35,316,-,0.1,2270,0.1
TXO,202607,20260715.0,40600.0,Call,-,-,-,-,-,-,-,0,0,0,21,5220,5240,5550,1930
TXO,202607,20260715.0,40600.0,Put,0.2,0.2,0.2,0.2,-,▼-0.7,▼-77.78%,5,4,9,76,-,0.3,2000,0.1
TXO,202607,20260715.0,40700.0,Call,-,-,-,-,-,-,-,0,0,0,21,5120,5140,6000,1140
TXO,202607,20260715.0,40700.0,Put,-,-,-,-,-,-,-,9,0,9,201,-,0.3,1270,0.2
TXO,202607,20260715.0,40800.0,Call,-,-,-,-,-,-,-,0,0,0,20,5020,5040,4910,1390
TXO,202607,20260715.0,40800.0,Put,0.2,0.2,0.2,0.2,-,▼-1.4,▼-87.50%,55,15,70,156,-,0.3,2230,0.2
TXO,202607,20260715.0,40900.0,Call,-,-,-,-,-,-,-,0,0,0,20,4920,4940,4870,1780
TXO,202607,20260715.0,40900.0,Put,-,-,-,-,-,-,-,14,0,14,345,-,0.2,2190,0.6
TXO,202607,20260715.0,41000.0,Call,-,-,-,-,-,-,-,0,0,0,251,4820,4840,7450,595
TXO,202607,20260715.0,41000.0,Put,0.3,0.3,0.1,0.2,-,▼-1.5,▼-88.24%,219,82,301,1238,-,0.3,2310,0.1
TXO,202607,20260715.0,41100.0,Call,-,-,-,-,-,-,-,0,0,0,2,4720,4740,5320,1680
TXO,202607,20260715.0,41100.0,Put,0.2,0.2,0.1,0.2,-,▼-2,▼-90.91%,61,83,144,167,-,0.3,2260,0.1
TXO,202607,20260715.0,41200.0,Call,-,-,-,-,-,-,-,0,0,0,0,4620,4640,5450,720
TXO,202607,20260715.0,41200.0,Put,0.3,0.3,0.2,0.2,-,▼-2.1,▼-91.30%,127,62,189,484,-,0.4,2160,0.2
TXO,202607,20260715.0,41300.0,Call,-,-,-,-,-,-,-,0,0,0,0,4520,4540,5330,660
TXO,202607,20260715.0,41300.0,Put,0.3,0.3,0.2,0.3,-,▼-2.2,▼-88.00%,98,150,248,242,-,0.3,2430,0.2
TXO,202607,20260715.0,41400.0,Call,-,-,-,-,-,-,-,0,0,0,0,4420,4440,3500,700
TXO,202607,20260715.0,41400.0,Put,0.2,0.3,0.2,0.2,-,▼-2.5,▼-92.59%,86,154,240,227,-,0.3,2200,0.2
TXO,202607,20260715.0,41500.0,Call,-,-,-,-,-,-,-,0,0,0,150,4320,4340,5450,1510
TXO,202607,20260715.0,41500.0,Put,0.5,0.5,0.2,0.2,-,▼-2.7,▼-93.10%,186,348,534,561,0.1,0.4,2800,0.2
TXO,202607,20260715.0,41600.0,Call,-,-,-,-,-,-,-,0,0,0,1,4220,4240,5090,1700
TXO,202607,20260715.0,41600.0,Put,0.3,0.3,0.2,0.2,-,▼-3.5,▼-94.59%,49,138,187,288,-,0.3,2580,0.2
TXO,202607,20260715.0,41700.0,Call,-,-,-,-,-,-,-,0,0,0,54,4120,4140,5100,1550
TXO,202607,20260715.0,41700.0,Put,0.3,0.5,0.2,0.2,-,▼-3.8,▼-95.00%,52,188,240,210,-,0.3,1610,0.2
TXO,202607,20260715.0,41800.0,Call,-,-,-,-,-,-,-,0,0,0,150,4020,4040,5030,3040
TXO,202607,20260715.0,41800.0,Put,0.3,3,0.2,0.2,-,▼-4.2,▼-95.45%,147,227,374,411,-,0.3,2900,0.2
TXO,202607,20260715.0,41900.0,Call,-,-,-,-,-,-,-,0,0,0,6,3920,3940,5400,1480
TXO,202607,20260715.0,41900.0,Put,0.6,0.6,0.2,0.2,-,▼-4.6,▼-95.83%,117,259,376,846,-,0.3,2170,0.2
TXO,202607,20260715.0,42000.0,Call,-,-,-,-,-,-,-,0,0,0,12,3820,3840,6680,350
TXO,202607,20260715.0,42000.0,Put,0.9,0.9,0.1,0.2,-,▼-5,▼-96.15%,986,568,1554,3255,-,0.4,3000,0.1
TXO,202607,20260715.0,42100.0,Call,-,-,-,-,-,-,-,0,0,0,100,3720,3740,5000,2160
TXO,202607,20260715.0,42100.0,Put,0.3,0.5,0.2,0.2,-,▼-5.6,▼-96.55%,120,247,367,410,-,0.3,2020,0.2
TXO,202607,20260715.0,42200.0,Call,3150,3150,3150,3150,-,▲+540,▲+20.69%,0,1,1,54,3620,3640,4820,1740
TXO,202607,20260715.0,42200.0,Put,0.5,0.5,0.2,0.2,-,▼-6.2,▼-96.88%,138,251,389,440,-,0.3,1850,0.2
TXO,202607,20260715.0,42300.0,Call,-,-,-,-,-,-,-,0,0,0,255,3520,3540,6200,2230
TXO,202607,20260715.0,42300.0,Put,0.5,0.7,0.1,0.2,-,▼-7.4,▼-97.37%,240,439,679,763,-,0.3,2520,0.1
TXO,202607,20260715.0,42400.0,Call,-,-,-,-,-,-,-,0,0,0,101,3420,3440,6130,1310
TXO,202607,20260715.0,42400.0,Put,0.4,1,0.1,0.1,-,▼-8.5,▼-98.84%,339,587,926,660,-,0.1,2000,0.1
TXO,202607,20260715.0,42500.0,Call,-,-,-,-,-,-,-,0,0,0,82,3320,3340,6720,1190
TXO,202607,20260715.0,42500.0,Put,0.8,1,0.1,0.2,-,▼-10.8,▼-98.18%,476,591,1067,1411,-,0.4,2310,0.1
TXO,202607,20260715.0,42600.0,Call,-,-,-,-,-,-,-,1,0,1,201,3220,3240,6600,1090
TXO,202607,20260715.0,42600.0,Put,0.5,1.1,0.1,0.2,-,▼-11.8,▼-98.33%,538,206,744,970,0.1,0.3,2480,0.1
TXO,202607,20260715.0,42700.0,Call,2800,3000,2800,3000,-,▲+880,▲+41.51%,1,4,5,251,3120,3140,5900,1050
TXO,202607,20260715.0,42700.0,Put,1.9,1.9,0.1,0.1,-,▼-13.4,▼-99.26%,422,574,996,1079,-,0.3,2520,0.1
TXO,202607,20260715.0,42800.0,Call,-,-,-,-,-,-,-,0,0,0,138,3020,3040,4510,237
TXO,202607,20260715.0,42800.0,Put,0.4,3.1,0.1,0.2,-,▼-14.8,▼-98.67%,972,392,1364,1132,-,0.4,3660,0.1
TXO,202607,20260715.0,42900.0,Call,-,-,-,-,-,-,-,0,0,0,3,2920,2940,4110,1880
TXO,202607,20260715.0,42900.0,Put,1,2,0.1,0.3,-,▼-17.2,▼-98.29%,628,289,917,952,0.1,0.3,1970,0.1
TXO,202607,20260715.0,43000.0,Call,2230,2600,2120,2600,-,▲+780,▲+42.86%,2,14,16,545,2820,2840,6010,550
TXO,202607,20260715.0,43000.0,Put,1.5,2.6,0.1,0.2,-,▼-19.8,▼-99.00%,2480,1064,3544,3071,-,0.4,3330,0.1
TXO,202607,20260715.0,43100.0,Call,-,-,-,-,-,-,-,1,0,1,134,2720,2740,5520,1050
TXO,202607,20260715.0,43100.0,Put,1,3.3,0.1,0.2,-,▼-24.8,▼-99.20%,987,346,1333,552,-,0.3,2510,0.1
TXO,202607,20260715.0,43200.0,Call,2540,2540,2540,2540,-,▲+910,▲+55.83%,0,1,1,15,2620,2640,5490,940
TXO,202607,20260715.0,43200.0,Put,1,2.8,0.1,0.2,-,▼-27.8,▼-99.29%,1652,701,2353,778,-,0.4,2660,0.1
TXO,202607,20260715.0,43300.0,Call,2480,2480,2480,2480,-,▲+940,▲+61.04%,0,1,1,361,2520,2540,4160,770
TXO,202607,20260715.0,43300.0,Put,2,4.6,0.1,0.2,-,▼-33.8,▼-99.41%,1240,831,2071,686,-,0.4,2420,0.1
TXO,202607,20260715.0,43400.0,Call,-,-,-,-,-,-,-,1,0,1,12,2420,2440,3940,700
TXO,202607,20260715.0,43400.0,Put,1.5,5.8,0.1,0.2,-,▼-40.8,▼-99.51%,1620,1048,2668,754,-,0.2,2510,0.1
TXO,202607,20260715.0,43450.0,Call,-,-,-,-,-,-,-,0,0,0,0,2370,2390,-,-
TXO,202607,20260715.0,43450.0,Put,3,3.1,0.2,0.2,-,▼-45.3,▼-99.56%,0,351,351,26,-,0.3,3.1,0.2
TXO,202607,20260715.0,43500.0,Call,1800,2320,1800,2320,-,▲+970,▲+71.85%,16,5,21,278,2320,2340,5550,640
TXO,202607,20260715.0,43500.0,Put,2.3,4.6,0.1,0.1,-,▼-47.9,▼-99.79%,3101,1016,4117,1681,-,0.3,3000,0.1
TXO,202607,20260715.0,43550.0,Call,-,-,-,-,-,-,-,0,0,0,0,2270,2290,-,-
TXO,202607,20260715.0,43550.0,Put,3,4,0.2,0.2,-,▼-52.8,▼-99.62%,0,137,137,17,-,0.3,4,0.2
TXO,202607,20260715.0,43600.0,Call,1840,2220,1840,2220,-,▲+960,▲+76.19%,25,17,42,29,2220,2240,3850,319
TXO,202607,20260715.0,43600.0,Put,3.4,6.8,0.1,0.1,-,▼-56.9,▼-99.82%,1685,1306,2991,955,-,0.1,5070,0.1
TXO,202607,20260715.0,43650.0,Call,-,-,-,-,-,-,-,0,0,0,0,2170,2190,-,-
TXO,202607,20260715.0,43650.0,Put,4.5,4.5,0.2,0.2,-,▼-62.8,▼-99.68%,0,66,66,5,-,0.3,4.5,0.2
TXO,202607,20260715.0,43700.0,Call,-,-,-,-,-,-,-,68,0,68,39,2120,2140,3650,500
TXO,202607,20260715.0,43700.0,Put,6.8,7.1,0.1,0.2,-,▼-70.8,▼-99.72%,1659,1062,2721,1215,-,0.3,2270,0.1
TXO,202607,20260715.0,43750.0,Call,-,-,-,-,-,-,-,0,0,0,0,2070,2090,-,-
TXO,202607,20260715.0,43750.0,Put,6.1,6.4,0.2,0.2,-,▼-77.8,▼-99.74%,0,195,195,22,0.1,0.3,6.4,0.2
TXO,202607,20260715.0,43800.0,Call,1670,1990,1410,1990,-,▲+930,▲+87.74%,24,5,29,23,2020,2040,3850,407
TXO,202607,20260715.0,43800.0,Put,7.5,9,0.2,0.2,-,▼-82.8,▼-99.76%,2794,1121,3915,3137,-,0.2,2650,0.2
TXO,202607,20260715.0,43850.0,Call,-,-,-,-,-,-,-,0,0,0,0,1970,1990,-,-
TXO,202607,20260715.0,43850.0,Put,6.2,6.3,0.2,0.2,-,▼-90.8,▼-99.78%,0,147,147,30,-,0.3,6.3,0.2
TXO,202607,20260715.0,43900.0,Call,1310,1310,1310,1310,-,▲+315,▲+31.66%,74,1,75,157,1920,1940,4930,393
TXO,202607,20260715.0,43900.0,Put,10.5,13,0.1,0.2,-,▼-94.8,▼-99.79%,2248,748,2996,998,-,0.3,1820,0.1
TXO,202607,20260715.0,43950.0,Call,-,-,-,-,-,-,-,0,0,0,0,1870,1890,-,-
TXO,202607,20260715.0,43950.0,Put,13.5,13.5,0.2,0.2,-,▼-103.8,▼-99.81%,0,244,244,91,-,0.3,13.5,0.2
TXO,202607,20260715.0,44000.0,Call,1300,1830,1080,1830,-,▲+925,▲+102.21%,157,195,352,224,1820,1840,5560,342
TXO,202607,20260715.0,44000.0,Put,13,15,0.1,0.2,-,▼-114.8,▼-99.83%,8111,3693,11804,3485,-,0.3,3090,0.1
TXO,202607,20260715.0,44050.0,Call,-,-,-,-,-,-,-,8,0,8,52,1770,1790,1260,320
TXO,202607,20260715.0,44050.0,Put,13,17,0.1,0.2,-,▼-126.8,▼-99.84%,1494,706,2200,439,-,0.3,515,0.1
TXO,202607,20260715.0,44100.0,Call,1130,1520,1130,1520,-,▲+690,▲+83.13%,71,7,78,150,1720,1740,3490,300
TXO,202607,20260715.0,44100.0,Put,15,19.5,0.1,0.2,-,▼-136.8,▼-99.85%,2028,2199,4227,730,0.1,0.3,2930,0.1
TXO,202607,20260715.0,44150.0,Call,1500,1500,1500,1500,-,▲+715,▲+91.08%,18,1,19,28,1670,1690,1790,288
TXO,202607,20260715.0,44150.0,Put,19,22,0.2,0.2,-,▼-137.8,▼-99.86%,1266,834,2100,292,-,0.3,675,0.2
TXO,202607,20260715.0,44200.0,Call,1030,1600,920,1580,-,▲+840,▲+113.51%,81,22,103,241,1620,1640,4490,262
TXO,202607,20260715.0,44200.0,Put,18.5,27.5,0.1,0.2,-,▼-159.8,▼-99.88%,2591,1830,4421,1469,0.1,0.4,2560,0.1
TXO,202607,20260715.0,44250.0,Call,940,995,840,995,-,▲+270,▲+37.24%,38,11,49,39,1570,1590,1730,244
TXO,202607,20260715.0,44250.0,Put,20,30,0.1,0.2,-,▼-170.8,▼-99.88%,1196,1130,2326,484,-,0.3,780,0.1
TXO,202607,20260715.0,44300.0,Call,980,1510,770,1510,-,▲+825,▲+120.44%,133,164,297,121,1520,1540,4580,225
TXO,202607,20260715.0,44300.0,Put,22.5,38,0.1,0.2,-,▼-178.8,▼-99.89%,2791,2783,5574,809,-,0.2,2260,0.1
TXO,202607,20260715.0,44350.0,Call,910,1340,750,1340,-,▲+705,▲+111.02%,29,13,42,33,1470,1490,1340,208
TXO,202607,20260715.0,44350.0,Put,34,37,0.1,0.2,-,▼-187.8,▼-99.89%,1347,1339,2686,494,-,0.2,735,0.1
TXO,202607,20260715.0,44400.0,Call,850,1250,700,1250,-,▲+645,▲+106.61%,221,40,261,96,1430,1440,5020,195
TXO,202607,20260715.0,44400.0,Put,30,43.5,0.2,0.2,-,▼-214.8,▼-99.91%,3650,3289,6939,1485,-,0.2,3010,0.2
TXO,202607,20260715.0,44450.0,Call,835,875,670,865,-,▲+295,▲+51.75%,99,25,124,63,1370,1390,1550,179
TXO,202607,20260715.0,44450.0,Put,44,50,0.2,0.2,-,▼-234.8,▼-99.91%,1101,1326,2427,549,-,0.3,770,0.2
TXO,202607,20260715.0,44500.0,Call,905,1330,600,1330,-,▲+780,▲+141.82%,696,399,1095,282,1320,1330,4760,165
TXO,202607,20260715.0,44500.0,Put,45,58,0.1,0.2,-,▼-244.8,▼-99.92%,5459,6348,11807,2182,-,0.3,2750,0.1
TXO,202607,20260715.0,44550.0,Call,670,1150,640,1150,-,▲+650,▲+130.00%,140,18,158,60,1270,1290,1160,151
TXO,202607,20260715.0,44550.0,Put,56,66,0.2,0.4,-,▼-266.6,▼-99.85%,1211,1492,2703,420,-,0.3,905,0.2
TXO,202607,20260715.0,44600.0,Call,750,1240,510,1240,-,▲+779,▲+168.98%,422,183,605,296,1220,1240,4560,140
TXO,202607,20260715.0,44600.0,Put,70,76,0.1,0.2,-,▼-283.8,▼-99.93%,2460,4709,7169,1188,0.1,0.3,3170,0.1
TXO,202607,20260715.0,44650.0,Call,680,1170,479,1170,-,▲+740,▲+172.09%,328,63,391,80,1170,1190,1170,129
TXO,202607,20260715.0,44650.0,Put,80,82,0.1,0.1,-,▼-299.9,▼-99.97%,1127,1641,2768,571,-,0.3,945,0.1
TXO,202607,20260715.0,44700.0,Call,590,1130,435,1130,-,▲+720,▲+175.61%,1048,307,1355,320,1130,1140,3380,118
TXO,202607,20260715.0,44700.0,Put,65,100,0.1,0.4,-,▼-324.6,▼-99.88%,3535,3825,7360,1036,-,0.4,3030,0.1
TXO,202607,20260715.0,44750.0,Call,595,1080,108,1080,-,▲+705,▲+188.00%,685,95,780,146,1080,1090,2900,108
TXO,202607,20260715.0,44750.0,Put,97,110,0.1,0.2,-,▼-330.8,▼-99.94%,2065,2751,4816,859,0.1,0.2,995,0.1
TXO,202607,20260715.0,44800.0,Call,420,1030,362,1030,-,▲+685,▲+198.55%,1778,456,2234,835,1030,1040,4100,98
TXO,202607,20260715.0,44800.0,Put,82,123,0.1,0.2,-,▼-346.8,▼-99.94%,3209,5771,8980,1681,-,0.2,3220,0.1
TXO,202607,20260715.0,44850.0,Call,505,980,331,980,-,▲+658,▲+204.35%,1080,185,1265,211,975,985,3110,89
TXO,202607,20260715.0,44850.0,Put,105,140,0.2,0.3,-,▼-387.7,▼-99.92%,1170,2542,3712,767,-,0.3,1010,0.2
TXO,202607,20260715.0,44900.0,Call,488,935,285,930,-,▲+635,▲+215.25%,1751,498,2249,412,925,930,4550,80
TXO,202607,20260715.0,44900.0,Put,101,158,0.1,0.3,-,▼-412.7,▼-99.93%,2301,5045,7346,1028,-,0.3,3000,0.1
TXO,202607,20260715.0,44950.0,Call,480,880,256,880,-,▲+599,▲+213.17%,879,399,1278,341,880,885,2380,75
TXO,202607,20260715.0,44950.0,Put,150,176,0.1,0.4,-,▼-439.6,▼-99.91%,999,3469,4468,977,0.1,0.4,1070,0.1
TXO,202607,20260715.0,45000.0,Call,370,835,223,830,-,▲+570,▲+219.23%,5912,2832,8744,1378,830,835,4600,66
TXO,202607,20260715.0,45000.0,Put,147,195,0.1,0.1,-,▼-461.9,▼-99.98%,6618,17261,23879,5464,-,0.3,3600,0.1
TXO,202607,20260715.0,45050.0,Call,374,790,193,780,-,▲+548,▲+236.21%,1046,528,1574,264,775,785,1480,60
TXO,202607,20260715.0,45050.0,Put,120,216,0.1,0.2,-,▼-476.8,▼-99.96%,838,3579,4417,540,-,0.3,1080,0.1
TXO,202607,20260715.0,45100.0,Call,335,735,166,725,-,▲+514,▲+243.60%,2440,2504,4944,513,725,735,4420,52
TXO,202607,20260715.0,45100.0,Put,158,238,0.1,0.1,-,▼-509.9,▼-99.98%,1774,7323,9097,1259,-,0.2,3400,0.1
TXO,202607,20260715.0,45150.0,Call,300,690,141,685,-,▲+495,▲+260.53%,1253,1478,2731,276,675,685,1330,47
TXO,202607,20260715.0,45150.0,Put,176,261,0.2,0.2,-,▼-554.8,▼-99.96%,947,3782,4729,729,-,0.3,1310,0.2
TXO,202607,20260715.0,45200.0,Call,240,635,120,625,-,▲+443,▲+243.41%,3473,4985,8458,731,625,635,4360,43
TXO,202607,20260715.0,45200.0,Put,220,288,0.1,0.1,-,▼-559.9,▼-99.98%,2051,11284,13335,1932,-,0.1,3460,0.1
TXO,202607,20260715.0,45250.0,Call,146,580,100,580,-,▲+422,▲+267.09%,1521,2130,3651,332,575,580,2790,38
TXO,202607,20260715.0,45250.0,Put,219,312,0.2,0.2,-,▼-619.8,▼-99.97%,631,4861,5492,949,-,0.6,1350,0.2
TXO,202607,20260715.0,45300.0,Call,202,535,78,530,-,▲+392,▲+284.06%,3801,6189,9990,602,530,535,3700,33.5
TXO,202607,20260715.0,45300.0,Put,266,342,0.1,0.1,-,▼-619.9,▼-99.98%,1463,10027,11490,2388,-,0.1,3530,0.1
TXO,202607,20260715.0,45350.0,Call,200,482,67,479,-,▲+357,▲+292.62%,1717,4190,5907,466,479,481,2710,30
TXO,202607,20260715.0,45350.0,Put,262,365,0.1,0.6,-,▼-659.4,▼-99.91%,416,6519,6935,1262,-,0.6,1470,0.1
TXO,202607,20260715.0,45400.0,Call,180,450,52,430,-,▲+314,▲+270.69%,3523,7829,11352,1023,430,431,3680,18
TXO,202607,20260715.0,45400.0,Put,260,412,0.1,0.1,-,▼-709.9,▼-99.99%,742,12329,13071,2442,-,0.9,3280,0.1
TXO,202607,20260715.0,45450.0,Call,150,387,42.5,381,-,▲+286,▲+301.05%,1743,4721,6464,321,379,381,1250,23
TXO,202607,20260715.0,45450.0,Put,330,450,0.1,0.2,-,▼-744.8,▼-99.97%,304,7159,7463,1180,-,0.6,1450,0.1
TXO,202607,20260715.0,45500.0,Call,110,335,34,331,-,▲+240,▲+263.74%,7572,16962,24534,1713,329,331,4050,19.5
TXO,202607,20260715.0,45500.0,Put,301,490,0.1,0.2,-,▼-779.8,▼-99.97%,796,17464,18260,3896,-,0.2,3660,0.1
TXO,202607,20260715.0,45550.0,Call,100,283,25.5,281,-,▲+206,▲+274.67%,1658,9336,10994,725,280,281,1860,17.5
TXO,202607,20260715.0,45550.0,Put,432,515,0.1,0.2,-,▼-804.8,▼-99.98%,390,9852,10242,2786,-,0.2,1700,0.1
TXO,202607,20260715.0,45600.0,Call,60,234,19.5,231,-,▲+163,▲+239.71%,4380,18559,22939,1353,230,231,3580,14.5
TXO,202607,20260715.0,45600.0,Put,428,580,0.1,0.3,-,▼-854.7,▼-99.96%,378,15499,15877,2919,-,0.4,3730,0.1
TXO,202607,20260715.0,45650.0,Call,80,184,14.5,181,-,▲+123,▲+212.07%,2020,16086,18106,1010,180,181,1220,13
TXO,202607,20260715.0,45650.0,Put,505,625,0.1,0.1,-,▼-904.9,▼-99.99%,103,9818,9921,1839,-,0.1,1560,0.1
TXO,202607,20260715.0,45700.0,Call,50,134,10.5,129,-,▲+78,▲+152.94%,4671,26183,30854,1588,129,130,3330,10.5
TXO,202607,20260715.0,45700.0,Put,575,635,0.1,0.1,-,▼-954.9,▼-99.99%,220,14193,14413,1986,-,0.3,2850,0.1
TXO,202607,20260715.0,45750.0,Call,42.5,85,6.1,80,-,▲+37.5,▲+88.24%,2160,18197,20357,1759,80,81,2300,6.1
TXO,202607,20260715.0,45750.0,Put,565,700,0.1,0.3,-,▼-999.7,▼-99.97%,22,8244,8266,1976,0.1,0.3,1420,0.1
TXO,202607,20260715.0,45800.0,Call,28.5,48,4.2,30.5,-,▼-7,▼-18.67%,4275,26836,31111,2623,30,31,3450,4.2
TXO,202607,20260715.0,45800.0,Put,590,750,0.1,0.3,-,▼-1049.7,▼-99.97%,307,10069,10376,2933,-,0.3,4260,0.1
TXO,202607,20260715.0,45850.0,Call,19,32,0.1,0.4,-,▼-30.1,▼-98.69%,1565,10892,12457,2896,0.1,0.4,1540,0.1
TXO,202607,20260715.0,45850.0,Put,675,780,14.5,19,-,▼-1061,▼-98.24%,30,3372,3402,1135,19,19.5,1650,14.5
TXO,202607,20260715.0,45900.0,Call,26,26,0.1,0.3,-,▼-25.7,▼-98.85%,2472,7817,10289,2043,0.1,0.4,3480,0.1
TXO,202607,20260715.0,45900.0,Put,640,830,65,70,-,▼-1050,▼-93.75%,41,2101,2142,205,69,70,2580,65
TXO,202607,20260715.0,45950.0,Call,18,18,0.1,0.1,-,▼-22.9,▼-99.57%,1029,3275,4304,1113,-,0.5,1570,0.1
TXO,202607,20260715.0,45950.0,Put,695,870,115,120,-,▼-1050,▼-89.74%,11,517,528,62,119,121,1980,115
TXO,202607,20260715.0,46000.0,Call,17,17,0.1,0.3,-,▼-18.7,▼-98.42%,7486,8137,15623,4166,-,0.1,3760,0.1
TXO,202607,20260715.0,46000.0,Put,690,950,164,170,-,▼-1040,▼-85.95%,271,1204,1475,685,169,170,4080,164
TXO,202607,20260715.0,46050.0,Call,13,15,0.1,0.2,-,▼-15.8,▼-98.75%,931,1683,2614,655,-,0.3,2190,0.1
TXO,202607,20260715.0,46050.0,Put,820,890,215,220,-,▼-1040,▼-82.54%,3,167,170,40,219,220,2190,215
TXO,202607,20260715.0,46100.0,Call,9,9,0.1,0.1,-,▼-13.4,▼-99.26%,1564,1814,3378,1208,-,0.3,3040,0.1
TXO,202607,20260715.0,46100.0,Put,870,1040,264,271,-,▼-1029,▼-79.15%,10,102,112,57,270,271,3490,264
TXO,202607,20260715.0,46150.0,Call,6,9.9,0.1,0.2,-,▼-10.8,▼-98.18%,374,914,1288,575,-,0.4,1700,0.1
TXO,202607,20260715.0,46150.0,Put,735,830,315,320,-,▼-1030,▼-76.30%,1,46,47,30,318,320,1290,194
TXO,202607,20260715.0,46200.0,Call,3.3,13,0.1,0.2,-,▼-9,▼-97.83%,1265,1397,2662,1431,-,0.1,3550,0.1
TXO,202607,20260715.0,46200.0,Put,1090,1090,370,370,-,▼-1030,▼-73.57%,21,52,73,86,368,370,4280,370
TXO,202607,20260715.0,46250.0,Call,3.7,3.7,0.1,0.1,-,▼-7.6,▼-98.70%,419,307,726,321,-,0.5,2000,0.1
TXO,202607,20260715.0,46250.0,Put,1010,1120,420,420,-,▼-1030,▼-71.03%,4,35,39,37,418,420,1800,420
TXO,202607,20260715.0,46300.0,Call,1.5,3.1,0.1,0.2,-,▼-6.7,▼-97.10%,842,586,1428,679,-,0.3,3590,0.1
TXO,202607,20260715.0,46300.0,Put,910,1110,466,471,-,▼-1029,▼-68.60%,92,35,127,88,469,471,2830,466
TXO,202607,20260715.0,46350.0,Call,0.7,2.7,0.2,0.2,-,▼-5.1,▼-96.23%,262,146,408,321,-,0.4,1640,0.2
TXO,202607,20260715.0,46350.0,Put,855,890,515,520,-,▼-1030,▼-66.45%,0,17,17,40,515,520,1990,515
TXO,202607,20260715.0,46400.0,Call,1,2,0.1,0.2,-,▼-4.5,▼-95.74%,649,493,1142,1107,-,0.2,2910,0.1
TXO,202607,20260715.0,46400.0,Put,800,800,570,570,-,▼-1030,▼-64.38%,6,16,22,144,570,575,3500,570
TXO,202607,20260715.0,46450.0,Call,0.7,1.4,0.2,0.2,-,▼-4.2,▼-95.45%,116,86,202,330,0.1,0.3,1920,0.2
TXO,202607,20260715.0,46450.0,Put,970,970,620,620,-,▼-1030,▼-62.42%,0,7,7,37,615,625,1280,620
TXO,202607,20260715.0,46500.0,Call,0.9,1.2,0.1,0.3,-,▼-3.6,▼-92.31%,1213,358,1571,2950,-,0.2,3410,0.1
TXO,202607,20260715.0,46500.0,Put,1340,1340,685,690,-,▼-1010,▼-59.41%,9,27,36,207,665,675,3310,585
TXO,202607,20260715.0,46550.0,Call,1.1,1.1,0.1,0.2,-,▼-2.7,▼-93.10%,134,81,215,377,-,0.5,1500,0.1
TXO,202607,20260715.0,46550.0,Put,720,720,720,720,-,▼-1030,▼-58.86%,0,17,17,30,715,725,1650,635
TXO,202607,20260715.0,46600.0,Call,0.5,2,0.1,1.5,-,▼-0.8,▼-34.78%,358,159,517,885,-,1,3360,0.1
TXO,202607,20260715.0,46600.0,Put,-,-,-,-,-,-,-,2,0,2,273,765,770,3060,610
TXO,202607,20260715.0,46650.0,Call,0.3,2.1,0.2,0.2,-,▼-2,▼-90.91%,98,33,131,270,-,0.3,1790,0.2
TXO,202607,20260715.0,46650.0,Put,820,820,820,820,-,▼-1030,▼-55.68%,0,22,22,15,815,825,1370,645
TXO,202607,20260715.0,46700.0,Call,0.4,1.6,0.1,0.8,-,▼-1.3,▼-61.90%,236,110,346,1438,0.1,1.6,2540,0.1
TXO,202607,20260715.0,46700.0,Put,-,-,-,-,-,-,-,10,0,10,76,870,875,3100,665
TXO,202607,20260715.0,46750.0,Call,0.3,0.3,0.2,0.2,-,▼-1.3,▼-86.67%,59,40,99,520,-,0.7,1340,0.2
TXO,202607,20260715.0,46750.0,Put,975,975,975,975,-,▼-975,▼-50.00%,0,1,1,18,915,925,1810,760
TXO,202607,20260715.0,46800.0,Call,0.4,2,0.1,0.4,-,▼-1.1,▼-73.33%,523,40,563,3872,0.1,0.4,3220,0.1
TXO,202607,20260715.0,46800.0,Put,1350,1350,995,995,-,▼-1005,▼-50.25%,1,2,3,70,965,975,3020,680
TXO,202607,20260715.0,46850.0,Call,0.5,0.5,0.1,0.2,-,▼-1,▼-83.33%,39,7,46,565,-,1.9,1520,0.1
TXO,202607,20260715.0,46850.0,Put,-,-,-,-,-,-,-,8,0,8,7,1010,1030,1700,705
TXO,202607,20260715.0,46900.0,Call,0.2,0.5,0.2,0.2,-,▼-0.8,▼-80.00%,43,21,64,1261,-,0.5,3100,0.1
TXO,202607,20260715.0,46900.0,Put,1210,1210,1210,1210,-,▼-890,▼-42.38%,8,1,9,52,1060,1080,3190,730
TXO,202607,20260715.0,46950.0,Call,0.2,1.9,0.2,0.2,-,▼-0.8,▼-80.00%,49,22,71,325,-,0.5,1440,0.2
TXO,202607,20260715.0,46950.0,Put,-,-,-,-,-,-,-,0,0,0,8,1110,1130,2320,815
TXO,202607,20260715.0,47000.0,Call,0.5,0.9,0.1,0.3,-,▼-0.5,▼-62.50%,595,76,671,5113,-,0.1,3050,0.1
TXO,202607,20260715.0,47000.0,Put,1540,1540,1180,1180,-,▼-1020,▼-46.36%,19,11,30,197,1160,1180,3400,750
TXO,202607,20260715.0,47050.0,Call,0.2,0.2,0.2,0.2,-,▼-0.6,▼-75.00%,13,44,57,1093,-,1,1200,0.2
TXO,202607,20260715.0,47050.0,Put,-,-,-,-,-,-,-,0,0,0,7,1210,1230,1760,955
TXO,202607,20260715.0,47100.0,Call,0.2,0.2,0.2,0.2,-,▼-0.5,▼-71.43%,25,5,30,764,-,0.2,2940,0.1
TXO,202607,20260715.0,47100.0,Put,-,-,-,-,-,-,-,1,0,1,42,1260,1280,3500,810
TXO,202607,20260715.0,47150.0,Call,0.2,0.2,0.2,0.2,-,▼-0.4,▼-66.67%,10,1,11,175,-,0.2,1090,0.2
TXO,202607,20260715.0,47150.0,Put,-,-,-,-,-,-,-,0,0,0,2,1310,1330,1830,1050
TXO,202607,20260715.0,47200.0,Call,0.2,0.2,0.2,0.2,-,▼-0.3,▼-60.00%,52,11,63,652,-,0.6,2930,0.1
TXO,202607,20260715.0,47200.0,Put,1740,1740,1740,1740,-,▼-660,▼-27.50%,5,1,6,36,1360,1380,4380,930
TXO,202607,20260715.0,47250.0,Call,0.2,0.2,0.2,0.2,-,▼-0.3,▼-60.00%,7,2,9,163,-,1.7,1430,0.2
TXO,202607,20260715.0,47250.0,Put,-,-,-,-,-,-,-,0,0,0,6,1410,1430,1690,1030
TXO,202607,20260715.0,47300.0,Call,0.2,2.8,0.1,0.4,-,0,0%,12,31,43,401,-,0.1,2690,0.1
TXO,202607,20260715.0,47300.0,Put,2080,2150,2080,2150,-,▼-350,▼-14.00%,0,2,2,49,1460,1480,2700,880
TXO,202607,20260715.0,47350.0,Call,0.2,0.2,0.2,0.2,-,▼-0.2,▼-50.00%,2,8,10,111,-,1.8,1120,0.2
TXO,202607,20260715.0,47350.0,Put,-,-,-,-,-,-,-,0,0,0,0,1510,1530,-,-
TXO,202607,20260715.0,47400.0,Call,0.8,0.8,0.2,0.2,-,▼-0.1,▼-33.33%,2,7,9,278,-,1,2680,0.1
TXO,202607,20260715.0,47400.0,Put,-,-,-,-,-,-,-,0,0,0,22,1560,1580,3570,980
TXO,202607,20260715.0,47450.0,Call,-,-,-,-,-,-,-,19,0,19,122,-,0.5,1380,0.2
TXO,202607,20260715.0,47450.0,Put,-,-,-,-,-,-,-,0,0,0,2,1610,1630,2260,1140
TXO,202607,20260715.0,47500.0,Call,0.3,0.3,0.1,0.2,-,▼-0.1,▼-33.33%,13,138,151,1460,-,0.3,2640,0.1
TXO,202607,20260715.0,47500.0,Put,2220,2220,2220,2220,-,▼-480,▼-17.78%,1,1,2,59,1660,1680,3550,980
TXO,202607,20260715.0,47550.0,Call,2,2,2,2,-,▲+1.7,▲+566.67%,0,1,1,178,-,0.6,940,0.1
TXO,202607,20260715.0,47550.0,Put,2400,2400,2400,2400,-,▼-350,▼-12.73%,0,1,1,1,1710,1730,2400,1240
TXO,202607,20260715.0,47600.0,Call,0.3,0.3,0.3,0.3,-,0,0%,11,4,15,387,-,0.4,2630,0.1
TXO,202607,20260715.0,47600.0,Put,2110,2110,2110,2110,-,▼-690,▼-24.64%,0,1,1,69,1760,1780,3770,1060
TXO,202607,20260715.0,47650.0,Call,-,-,-,-,-,-,-,2,0,2,29,-,9.9,865,0.2
TXO,202607,20260715.0,47650.0,Put,-,-,-,-,-,-,-,0,0,0,2,1810,1830,2140,2040
TXO,202607,20260715.0,47700.0,Call,0.2,0.2,0.2,0.2,-,▼-0.1,▼-33.33%,11,1,12,197,-,3.9,2600,0.1
TXO,202607,20260715.0,47700.0,Put,2200,2200,2200,2200,-,▼-700,▼-24.14%,0,1,1,36,1860,1880,3840,1080
TXO,202607,20260715.0,47750.0,Call,-,-,-,-,-,-,-,0,0,0,35,-,10,845,0.2
TXO,202607,20260715.0,47750.0,Put,-,-,-,-,-,-,-,0,0,0,0,1910,1930,2220,2090
TXO,202607,20260715.0,47800.0,Call,0.3,0.5,0.2,0.2,-,▼-0.1,▼-33.33%,7,7,14,572,-,0.8,2450,0.1
TXO,202607,20260715.0,47800.0,Put,2300,2300,2100,2100,-,▼-900,▼-30.00%,0,2,2,17,1960,1980,3630,1140
TXO,202607,20260715.0,47850.0,Call,-,-,-,-,-,-,-,0,0,0,33,-,0.3,810,0.2
TXO,202607,20260715.0,47850.0,Put,-,-,-,-,-,-,-,0,0,0,1,2010,2030,2380,2240
TXO,202607,20260715.0,47900.0,Call,0.3,0.3,0.2,0.2,-,▼-0.1,▼-33.33%,7,4,11,213,-,1.9,2350,0.1
TXO,202607,20260715.0,47900.0,Put,2460,2470,2400,2400,-,▼-700,▼-22.58%,0,29,29,23,2060,2080,3920,1210
TXO,202607,20260715.0,47950.0,Call,-,-,-,-,-,-,-,1,0,1,25,-,0.5,750,0.1
TXO,202607,20260715.0,47950.0,Put,-,-,-,-,-,-,-,0,0,0,0,2110,2130,2390,2000
TXO,202607,20260715.0,48000.0,Call,0.5,0.7,0.1,0.1,-,▼-0.2,▼-66.67%,34,17,51,1536,-,0.2,2400,0.1
TXO,202607,20260715.0,48000.0,Put,2930,2930,2200,2200,-,▼-1000,▼-31.25%,20,33,53,85,2160,2170,4130,1200
TXO,202607,20260715.0,48050.0,Call,-,-,-,-,-,-,-,1,0,1,146,-,7.4,645,0.2
TXO,202607,20260715.0,48050.0,Put,-,-,-,-,-,-,-,0,0,0,0,2210,2230,-,-
TXO,202607,20260715.0,48100.0,Call,0.2,0.5,0.1,0.2,-,0,0%,8,7,15,229,-,0.5,2160,0.1
TXO,202607,20260715.0,48100.0,Put,2600,2600,2600,2600,-,▼-700,▼-21.21%,0,1,1,30,2260,2280,4110,1320
TXO,202607,20260715.0,48150.0,Call,-,-,-,-,-,-,-,1,0,1,9,-,10,540,0.2
TXO,202607,20260715.0,48150.0,Put,-,-,-,-,-,-,-,0,0,0,0,2310,2330,-,-
TXO,202607,20260715.0,48200.0,Call,0.2,0.8,0.2,0.8,-,▲+0.6,▲+300.00%,14,11,25,676,-,0.8,2260,0.2
TXO,202607,20260715.0,48200.0,Put,2700,2700,2700,2700,-,▼-700,▼-20.59%,3,1,4,68,2360,2380,3620,1310
TXO,202607,20260715.0,48250.0,Call,0.2,0.2,0.2,0.2,-,0,0%,0,2,2,72,-,10,610,0.2
TXO,202607,20260715.0,48250.0,Put,-,-,-,-,-,-,-,0,0,0,2,2410,2430,2650,2650
TXO,202607,20260715.0,48300.0,Call,1,1,0.3,0.3,-,▲+0.1,▲+50.00%,3,16,19,334,-,1,2210,0.1
TXO,202607,20260715.0,48300.0,Put,2800,2800,2600,2600,-,▼-890,▼-25.50%,4,2,6,42,2460,2480,3330,1380
TXO,202607,20260715.0,48350.0,Call,-,-,-,-,-,-,-,0,0,0,30,-,10,570,0.2
TXO,202607,20260715.0,48350.0,Put,-,-,-,-,-,-,-,0,0,0,2,2510,2530,2740,2230
TXO,202607,20260715.0,48400.0,Call,-,-,-,-,-,-,-,2,0,2,92,-,0.7,2140,0.2
TXO,202607,20260715.0,48400.0,Put,-,-,-,-,-,-,-,0,0,0,12,2560,2580,3000,1400
TXO,202607,20260715.0,48500.0,Call,0.2,0.2,0.2,0.2,-,0,0%,3,11,14,494,-,0.2,2070,0.2
TXO,202607,20260715.0,48500.0,Put,-,-,-,-,-,-,-,0,0,0,26,2660,2680,3220,1420
TXO,202607,20260715.0,48600.0,Call,-,-,-,-,-,-,-,2,0,2,612,-,0.6,1910,0.2
TXO,202607,20260715.0,48600.0,Put,-,-,-,-,-,-,-,0,0,0,25,2760,2780,3640,1460
TXO,202607,20260715.0,48700.0,Call,9.5,9.5,0.2,0.2,-,0,0%,0,8,8,116,-,10,1890,0.2
TXO,202607,20260715.0,48700.0,Put,-,-,-,-,-,-,-,0,0,0,13,2860,2880,4410,1500
TXO,202607,20260715.0,48800.0,Call,-,-,-,-,-,-,-,0,0,0,764,-,1,1910,0.2
TXO,202607,20260715.0,48800.0,Put,3300,3300,3300,3300,-,▼-690,▼-17.29%,0,1,1,11,2960,2980,3650,1510
TXO,202607,20260715.0,48900.0,Call,-,-,-,-,-,-,-,0,0,0,169,-,1,1800,0.1
TXO,202607,20260715.0,48900.0,Put,-,-,-,-,-,-,-,0,0,0,4,3060,3080,4000,1520
TXO,202607,20260715.0,49000.0,Call,0.2,0.3,0.2,0.2,-,0,0%,15,19,34,1790,-,0.2,1800,0.2
TXO,202607,20260715.0,49000.0,Put,-,-,-,-,-,-,-,0,0,0,17,3160,3180,6090,1570
TXO,202607,20260715.0,49100.0,Call,0.2,0.2,0.2,0.2,-,0,0%,0,3,3,81,-,5,1720,0.2
TXO,202607,20260715.0,49100.0,Put,-,-,-,-,-,-,-,0,0,0,1,3260,3280,4050,1690
TXO,202607,20260715.0,49200.0,Call,0.2,0.2,0.2,0.2,-,0,0%,0,2,2,448,-,7.9,1690,0.2
TXO,202607,20260715.0,49200.0,Put,3650,3650,3650,3650,-,▼-740,▼-16.86%,0,1,1,194,3360,3380,4980,1730
TXO,202607,20260715.0,49300.0,Call,-,-,-,-,-,-,-,0,0,0,86,-,10,1610,0.6
TXO,202607,20260715.0,49300.0,Put,-,-,-,-,-,-,-,0,0,0,0,3460,3480,-,-
TXO,202607,20260715.0,49400.0,Call,0.2,0.2,0.2,0.2,-,0,0%,9,2,11,53,-,0.8,1530,0.2
TXO,202607,20260715.0,49400.0,Put,-,-,-,-,-,-,-,0,0,0,0,3560,3580,3280,2810
TXO,202607,20260715.0,49500.0,Call,0.2,0.2,0.2,0.2,-,0,0%,0,2,2,225,-,0.2,1520,0.2
TXO,202607,20260715.0,49500.0,Put,-,-,-,-,-,-,-,0,0,0,1,3660,3680,3760,1810
TXO,202607,20260715.0,49600.0,Call,-,-,-,-,-,-,-,0,0,0,157,-,10,1410,0.2
TXO,202607,20260715.0,49600.0,Put,-,-,-,-,-,-,-,0,0,0,1,3760,3780,3800,1970
TXO,202607,20260715.0,49700.0,Call,-,-,-,-,-,-,-,0,0,0,90,-,-,1410,0.2
TXO,202607,20260715.0,49700.0,Put,-,-,-,-,-,-,-,0,0,0,1,3860,3880,4400,2000
TXO,202607,20260715.0,49800.0,Call,-,-,-,-,-,-,-,186,0,186,120,-,0.5,1380,0.2
TXO,202607,20260715.0,49800.0,Put,-,-,-,-,-,-,-,0,0,0,0,3960,3980,3790,2900
TXO,202607,20260715.0,49900.0,Call,-,-,-,-,-,-,-,0,0,0,63,-,0.2,1330,0.2
TXO,202607,20260715.0,49900.0,Put,-,-,-,-,-,-,-,0,0,0,0,4060,4080,3870,2190
TXO,202607,20260715.0,50000.0,Call,0.2,0.2,0.1,0.1,-,▼-0.1,▼-50.00%,123,19,142,3005,-,0.1,1300,0.1
TXO,202607,20260715.0,50000.0,Put,-,-,-,-,-,-,-,0,0,0,14,4160,4180,6700,2060
TXO,202607,20260715.0,50100.0,Call,1,1,0.9,0.9,-,▲+0.7,▲+350.00%,0,9,9,110,-,0.6,1240,0.1
TXO,202607,20260715.0,50100.0,Put,-,-,-,-,-,-,-,0,0,0,0,4260,4280,3570,2870
TXO,202607,20260715.0,50200.0,Call,-,-,-,-,-,-,-,1,0,1,80,-,10,1200,0.1
TXO,202607,20260715.0,50200.0,Put,-,-,-,-,-,-,-,0,0,0,0,4360,4380,-,-
TXO,202607,20260715.0,50300.0,Call,-,-,-,-,-,-,-,0,0,0,62,-,0.2,1150,0.2
TXO,202607,20260715.0,50300.0,Put,-,-,-,-,-,-,-,0,0,0,0,4460,4480,3770,3590
TXO,202607,20260715.0,50400.0,Call,-,-,-,-,-,-,-,0,0,0,95,-,9.9,1090,2.6
TXO,202607,20260715.0,50400.0,Put,-,-,-,-,-,-,-,0,0,0,1,4560,4580,4390,3530
TXO,202607,20260715.0,50500.0,Call,1,1,0.2,0.2,-,0,0%,15,8,23,834,-,0.4,1080,0.1
TXO,202607,20260715.0,50500.0,Put,-,-,-,-,-,-,-,0,0,0,3,4660,4680,4740,3650
TXO,202607,20260715.0,50600.0,Call,-,-,-,-,-,-,-,0,0,0,50,-,-,1040,4
TXO,202607,20260715.0,50600.0,Put,-,-,-,-,-,-,-,0,0,0,2,4760,4780,5230,5180
TXO,202607,20260715.0,50700.0,Call,0.2,0.2,0.2,0.2,-,0,0%,0,2,2,55,-,6,1000,0.2
TXO,202607,20260715.0,50700.0,Put,-,-,-,-,-,-,-,0,0,0,0,4860,4880,4520,3380
TXO,202607,20260715.0,50800.0,Call,-,-,-,-,-,-,-,0,0,0,76,-,-,805,0.2
TXO,202607,20260715.0,50800.0,Put,-,-,-,-,-,-,-,0,0,0,0,4960,4980,-,-
TXO,202607,20260715.0,50900.0,Call,-,-,-,-,-,-,-,0,0,0,104,-,-,915,3
TXO,202607,20260715.0,50900.0,Put,-,-,-,-,-,-,-,0,0,0,0,5060,5080,-,-
TXO,202607,20260715.0,51000.0,Call,0.1,0.1,0.1,0.1,-,▼-0.1,▼-50.00%,3,55,58,1228,-,0.1,895,0.1
TXO,202607,20260715.0,51000.0,Put,-,-,-,-,-,-,-,0,0,0,6,5160,5180,6940,2670
TXO,202607,20260715.0,51100.0,Call,-,-,-,-,-,-,-,0,0,0,50,-,10,845,0.2
TXO,202607,20260715.0,51100.0,Put,-,-,-,-,-,-,-,0,0,0,0,5260,5280,-,-
TXO,202607,20260715.0,51200.0,Call,0.2,0.2,0.2,0.2,-,0,0%,3,5,8,38,-,-,820,0.2
TXO,202607,20260715.0,51200.0,Put,-,-,-,-,-,-,-,0,0,0,0,5360,5380,-,-
TXO,202607,20260715.0,51300.0,Call,0.2,0.2,0.2,0.2,-,0,0%,0,2,2,38,-,10.5,765,0.2
TXO,202607,20260715.0,51300.0,Put,-,-,-,-,-,-,-,0,0,0,0,5460,5480,-,-
TXO,202607,20260715.0,51400.0,Call,0.2,0.2,0.2,0.2,-,0,0%,0,4,4,16,-,-,710,0.2
TXO,202607,20260715.0,51400.0,Put,-,-,-,-,-,-,-,0,0,0,0,5560,5580,-,-
TXO,202607,20260715.0,51500.0,Call,0.2,1.9,0.2,1.9,-,▲+1.7,▲+850.00%,3,734,737,186,-,1.5,730,0.2
TXO,202607,20260715.0,51500.0,Put,-,-,-,-,-,-,-,0,0,0,1,5660,5680,4620,4620
TXO,202607,20260715.0,51600.0,Call,-,-,-,-,-,-,-,0,0,0,89,-,-,695,0.2
TXO,202607,20260715.0,51600.0,Put,-,-,-,-,-,-,-,0,0,0,0,5760,5780,-,-
TXO,202607,20260715.0,51700.0,Call,-,-,-,-,-,-,-,0,0,0,117,-,-,650,1
TXO,202607,20260715.0,51700.0,Put,-,-,-,-,-,-,-,0,0,0,0,5860,5880,-,-
TXO,202607,20260715.0,51800.0,Call,-,-,-,-,-,-,-,0,0,0,78,-,23,645,0.8
TXO,202607,20260715.0,51800.0,Put,-,-,-,-,-,-,-,0,0,0,0,5960,5980,-,-
TXO,202607,20260715.0,51900.0,Call,0.2,0.2,0.2,0.2,-,0,0%,0,1,1,26,-,-,600,0.2
TXO,202607,20260715.0,51900.0,Put,-,-,-,-,-,-,-,0,0,0,0,6060,6080,-,-
TXO,202607,20260715.0,52000.0,Call,0.2,0.2,0.2,0.2,-,0,0%,10,100,110,2143,-,0.6,600,0.2
TXO,202607,20260715.0,52000.0,Put,-,-,-,-,-,-,-,1,0,1,1,6160,6180,7000,3500
TXO,202607,20260715.0,52100.0,Call,-,-,-,-,-,-,-,0,0,0,36,-,-,575,0.1
TXO,202607,20260715.0,52100.0,Put,-,-,-,-,-,-,-,0,0,0,0,6260,6280,-,-
TXO,202607,20260715.0,52200.0,Call,-,-,-,-,-,-,-,0,0,0,48,-,-,565,0.2
TXO,202607,20260715.0,52200.0,Put,-,-,-,-,-,-,-,0,0,0,0,6360,6380,-,-
TXO,202607,20260715.0,52300.0,Call,-,-,-,-,-,-,-,0,0,0,64,-,23.5,550,0.2
TXO,202607,20260715.0,52300.0,Put,-,-,-,-,-,-,-,0,0,0,0,6460,6480,-,-
TXO,202607,20260715.0,52400.0,Call,-,-,-,-,-,-,-,0,0,0,250,-,-,535,0.6
TXO,202607,20260715.0,52400.0,Put,-,-,-,-,-,-,-,0,0,0,0,6560,6580,-,-
TXO,202607,20260715.0,52500.0,Call,0.2,0.2,0.2,0.2,-,0,0%,0,15,15,213,-,0.2,485,0.2
TXO,202607,20260715.0,52500.0,Put,-,-,-,-,-,-,-,0,0,0,0,6660,6680,-,-
TXO,202607,20260715.0,52600.0,Call,0.2,0.2,0.2,0.2,-,0,0%,0,1,1,78,-,2.2,465,0.2
TXO,202607,20260715.0,52600.0,Put,-,-,-,-,-,-,-,0,0,0,0,6760,6780,-,-
TXO,202607,20260715.0,52700.0,Call,-,-,-,-,-,-,-,0,0,0,79,-,-,420,0.8
TXO,202607,20260715.0,52700.0,Put,-,-,-,-,-,-,-,0,0,0,0,6860,6880,-,-
TXO,202607,20260715.0,52800.0,Call,-,-,-,-,-,-,-,0,0,0,83,-,-,398,0.8
TXO,202607,20260715.0,52800.0,Put,-,-,-,-,-,-,-,0,0,0,0,6960,6980,-,-
TXO,202607,20260715.0,52900.0,Call,-,-,-,-,-,-,-,0,0,0,103,-,0.2,401,0.3
TXO,202607,20260715.0,52900.0,Put,-,-,-,-,-,-,-,0,0,0,1,7060,7080,4400,4400
TXO,202607,20260715.0,53000.0,Call,0.2,0.2,0.2,0.2,-,0,0%,1,7,8,1730,-,0.2,392,0.2
TXO,202607,20260715.0,53000.0,Put,-,-,-,-,-,-,-,0,0,0,0,7160,7180,-,-
TXO,202607,20260715.0,53100.0,Call,-,-,-,-,-,-,-,0,0,0,48,-,-,371,1
TXO,202607,20260715.0,53100.0,Put,-,-,-,-,-,-,-,0,0,0,0,7260,7280,-,-
TXO,202607,20260715.0,53200.0,Call,-,-,-,-,-,-,-,0,0,0,26,-,-,355,0.3
TXO,202607,20260715.0,53200.0,Put,-,-,-,-,-,-,-,0,0,0,0,7360,7380,-,-
TXO,202607,20260715.0,53300.0,Call,-,-,-,-,-,-,-,0,0,0,32,-,-,334,0.2
TXO,202607,20260715.0,53300.0,Put,-,-,-,-,-,-,-,0,0,0,0,7460,7480,-,-
TXO,202607,20260715.0,53400.0,Call,-,-,-,-,-,-,-,0,0,0,34,-,3,339,1
TXO,202607,20260715.0,53400.0,Put,-,-,-,-,-,-,-,0,0,0,1,7560,7580,4860,4860
TXO,202607,20260715.0,53500.0,Call,0.2,0.2,0.2,0.2,-,▲+0.1,-,0,24,24,1255,-,0.4,320,0.2
TXO,202607,20260715.0,53500.0,Put,-,-,-,-,-,-,-,0,0,0,0,7660,7680,7600,7350
TXO,202607,20260715.0,53600.0,Call,-,-,-,-,-,-,-,0,0,0,33,-,-,131,0.3
TXO,202607,20260715.0,53600.0,Put,-,-,-,-,-,-,-,0,0,0,0,7760,7780,-,-
TXO,202607,20260715.0,53700.0,Call,-,-,-,-,-,-,-,0,0,0,105,-,-,152,14.5
TXO,202607,20260715.0,53700.0,Put,-,-,-,-,-,-,-,0,0,0,0,7860,7880,-,-
TXO,202607,20260715.0,53800.0,Call,-,-,-,-,-,-,-,0,0,0,6,-,9.7,124,1
TXO,202607,20260715.0,53800.0,Put,-,-,-,-,-,-,-,0,0,0,0,7960,7980,-,-
TXO,202607,20260715.0,53900.0,Call,0.2,0.2,0.2,0.2,-,▲+0.1,-,1,1,2,2,-,9.8,122,0.2
TXO,202607,20260715.0,53900.0,Put,-,-,-,-,-,-,-,0,0,0,0,8060,8080,-,-
TXO,202607,20260715.0,54000.0,Call,0.3,0.3,0.2,0.2,-,▲+0.1,-,0,70,70,575,-,0.3,183,0.1
TXO,202607,20260715.0,54000.0,Put,-,-,-,-,-,-,-,0,0,0,0,8160,8180,-,-
TXO,202607,20260715.0,54100.0,Call,0.2,0.2,0.2,0.2,-,▲+0.1,-,0,1,1,22,-,-,104,0.2
TXO,202607,20260715.0,54100.0,Put,-,-,-,-,-,-,-,0,0,0,0,8260,8280,-,-
TXO,202607,20260715.0,54200.0,Call,-,-,-,-,-,-,-,0,0,0,8,-,-,100,0.4
TXO,202607,20260715.0,54200.0,Put,-,-,-,-,-,-,-,0,0,0,0,8360,8380,-,-
TXO,202607,20260715.0,54300.0,Call,-,-,-,-,-,-,-,0,0,0,59,-,-,152,0.2
TXO,202607,20260715.0,54300.0,Put,-,-,-,-,-,-,-,0,0,0,0,8460,8480,-,-
TXO,202607,20260715.0,54400.0,Call,-,-,-,-,-,-,-,0,0,0,6,-,-,142,0.2
TXO,202607,20260715.0,54400.0,Put,-,-,-,-,-,-,-,0,0,0,0,8560,8580,-,-
TXO,202607,20260715.0,54500.0,Call,0.2,0.2,0.2,0.2,-,▲+0.1,-,0,14,14,67,-,100,141,0.2
TXO,202607,20260715.0,54500.0,Put,-,-,-,-,-,-,-,0,0,0,0,8660,8680,-,-
TXO,202607,20260715.0,54600.0,Call,-,-,-,-,-,-,-,0,0,0,8,-,0.1,78,1.2
TXO,202607,20260715.0,54600.0,Put,-,-,-,-,-,-,-,0,0,0,0,8760,8780,-,-
TXO,202607,20260715.0,54700.0,Call,-,-,-,-,-,-,-,0,0,0,1,-,-,64,12.5
TXO,202607,20260715.0,54700.0,Put,-,-,-,-,-,-,-,0,0,0,0,8860,8880,-,-
TXO,202607,20260715.0,54800.0,Call,-,-,-,-,-,-,-,0,0,0,6,-,-,65,0.9
TXO,202607,20260715.0,54800.0,Put,-,-,-,-,-,-,-,0,0,0,0,8960,8980,-,-
TXO,202607,20260715.0,54900.0,Call,0.2,0.2,0.2,0.2,-,▲+0.1,-,0,10,10,13,-,9.9,103,0.2
TXO,202607,20260715.0,54900.0,Put,-,-,-,-,-,-,-,0,0,0,0,9060,9080,-,-
TXO,202607,20260715.0,55000.0,Call,0.2,1.1,0.2,0.4,-,▲+0.3,-,2,825,827,1636,-,5,120,0.1
TXO,202607,20260715.0,55000.0,Put,-,-,-,-,-,-,-,0,0,0,0,9160,9180,-,-
TXO,202607F3,20260717.0,40200.0,Call,-,-,-,-,5480,-,-,0,0,0,0,-,-,-,-
TXO,202607F3,20260717.0,40200.0,Put,2.8,3.9,0.8,0.8,0.8,▼-2.5,▼-75.76%,0,64,64,38,0.1,1.4,3.9,0.8
TXO,202607F3,20260717.0,40300.0,Call,-,-,-,-,5380,-,-,0,0,0,0,-,-,-,-
TXO,202607F3,20260717.0,40300.0,Put,4.4,4.5,2.9,2.9,1.3,▼-1.1,▼-27.50%,0,11,11,11,0.3,100,4.5,2.9
TXO,202607F3,20260717.0,40400.0,Call,-,-,-,-,5280,-,-,0,0,0,0,5250,-,-,-
TXO,202607F3,20260717.0,40400.0,Put,-,-,-,-,1.6,-,-,0,0,0,0,-,9.9,-,-
TXO,202607F3,20260717.0,40500.0,Call,-,-,-,-,5180,-,-,0,0,0,0,-,-,-,-
TXO,202607F3,20260717.0,40500.0,Put,3,3,1.6,1.6,1.6,▼-4.1,▼-71.93%,0,5,5,5,-,8,3,1.6
TXO,202607F3,20260717.0,40600.0,Call,-,-,-,-,5080,-,-,0,0,0,0,-,-,-,-
TXO,202607F3,20260717.0,40600.0,Put,5.8,5.8,4,4,1.7,▼-2.8,▼-41.18%,0,2,2,1,-,1.2,5.8,4
TXO,202607F3,20260717.0,40700.0,Call,-,-,-,-,4980,-,-,0,0,0,0,-,-,-,-
TXO,202607F3,20260717.0,40700.0,Put,5,5,1.7,1.7,1.7,▼-13.3,▼-88.67%,0,10,10,6,-,1.8,5,1.7
TXO,202607F3,20260717.0,40800.0,Call,-,-,-,-,4880,-,-,0,0,0,0,4850,-,-,-
TXO,202607F3,20260717.0,40800.0,Put,7,7.1,1.3,1.4,2,▼-16.1,▼-92.00%,91,238,329,478,1.1,2.4,36,1.3
TXO,202607F3,20260717.0,40900.0,Call,-,-,-,-,4780,-,-,0,0,0,0,-,-,-,-
TXO,202607F3,20260717.0,40900.0,Put,6.8,6.8,2,2.2,2.2,▼-17.3,▼-88.72%,18,38,56,351,1.5,5.5,186,2
TXO,202607F3,20260717.0,41000.0,Call,-,-,-,-,4680,-,-,0,0,0,0,-,-,-,-
TXO,202607F3,20260717.0,41000.0,Put,9,9,1.8,1.8,2.4,▼-19.7,▼-91.63%,58,102,160,313,1.5,3,195,1.8
TXO,202607F3,20260717.0,41100.0,Call,-,-,-,-,4580,-,-,0,0,0,0,-,-,-,-
TXO,202607F3,20260717.0,41100.0,Put,14,14,1.4,2.3,2.5,▼-21.7,▼-90.42%,11,24,35,187,1.5,103,144,1.4
TXO,202607F3,20260717.0,41200.0,Call,-,-,-,-,4480,-,-,0,0,0,0,-,-,-,-
TXO,202607F3,20260717.0,41200.0,Put,14,16,2.5,2.5,2.5,▼-27,▼-91.53%,2,280,282,375,2.2,3,125,2.5
TXO,202607F3,20260717.0,41300.0,Call,-,-,-,-,4380,-,-,0,0,0,0,-,-,-,-
TXO,202607F3,20260717.0,41300.0,Put,17,17,2.9,3.7,2.6,▼-26.3,▼-87.67%,10,69,79,237,1.8,6,121,2.5
TXO,202607F3,20260717.0,41400.0,Call,-,-,-,-,4280,-,-,0,0,0,0,-,-,-,-
TXO,202607F3,20260717.0,41400.0,Put,13,13,2.3,4.2,3,▼-28.8,▼-87.27%,3,99,102,297,2.4,4.4,114,2.3
TXO,202607F3,20260717.0,41500.0,Call,-,-,-,-,4180,-,-,0,0,0,0,-,-,-,-
TXO,202607F3,20260717.0,41500.0,Put,13.5,16,3.1,3.1,3.1,▼-35.9,▼-92.05%,35,83,118,403,2.7,3.5,209,3.1
TXO,202607F3,20260717.0,41600.0,Call,-,-,-,-,4080,-,-,0,0,0,0,-,-,-,-
TXO,202607F3,20260717.0,41600.0,Put,20,20,3.3,3.3,3.3,▼-38.7,▼-92.14%,22,78,100,182,2,5.4,263,3.3
TXO,202607F3,20260717.0,41700.0,Call,-,-,-,-,3980,-,-,0,0,0,0,-,-,-,-
TXO,202607F3,20260717.0,41700.0,Put,15.5,16,4.1,4.6,4.1,▼-42.4,▼-90.21%,40,260,300,150,3.3,5,119,4.1
TXO,202607F3,20260717.0,41800.0,Call,-,-,-,-,3880,-,-,0,0,0,0,3860,-,-,-
TXO,202607F3,20260717.0,41800.0,Put,25,25,4.9,5,4.4,▼-45,▼-90.00%,77,266,343,246,1.1,105,190,4.9
TXO,202607F3,20260717.0,41900.0,Call,-,-,-,-,3780,-,-,0,0,0,0,3760,-,-,-
TXO,202607F3,20260717.0,41900.0,Put,25.5,25.5,4.2,5.1,5.1,▼-51.9,▼-91.05%,17,249,266,253,4.5,29,261,4.2
TXO,202607F3,20260717.0,42000.0,Call,-,-,-,-,3680,-,-,0,0,0,0,3390,-,-,-
TXO,202607F3,20260717.0,42000.0,Put,28,32,5,5.3,5.3,▼-57.7,▼-91.59%,194,647,841,638,4.9,5.2,302,5
TXO,202607F3,20260717.0,42100.0,Call,-,-,-,-,3590,-,-,0,0,0,0,-,-,-,-
TXO,202607F3,20260717.0,42100.0,Put,22,22,5,6,6,▼-65,▼-91.55%,32,88,120,97,4.3,11.5,250,5
TXO,202607F3,20260717.0,42200.0,Call,-,-,-,-,3490,-,-,0,0,0,0,3460,-,-,-
TXO,202607F3,20260717.0,42200.0,Put,30,30,6,6.5,6.5,▼-69.5,▼-91.45%,17,190,207,171,2.1,6.8,286,6
TXO,202607F3,20260717.0,42300.0,Call,-,-,-,-,3390,-,-,0,0,0,0,3360,-,-,-
TXO,202607F3,20260717.0,42300.0,Put,30,32,6.6,7.9,7.9,▼-78.1,▼-90.81%,19,185,204,171,5.8,18,377,6.6
TXO,202607F3,20260717.0,42400.0,Call,-,-,-,-,3290,-,-,0,0,0,0,-,-,-,-
TXO,202607F3,20260717.0,42400.0,Put,39.5,39.5,8.2,8.2,8.2,▼-87.8,▼-91.46%,11,162,173,135,5.3,10.5,332,8.2
TXO,202607F3,20260717.0,42500.0,Call,3180,3180,3180,3180,3190,▲+750,▲+30.86%,0,1,1,0,-,-,3180,1800
TXO,202607F3,20260717.0,42500.0,Put,59,59,7.6,9.9,8.8,▼-92.1,▼-90.29%,36,580,616,455,8,11,352,7.6
TXO,202607F3,20260717.0,42600.0,Call,-,-,-,-,3090,-,-,0,0,0,0,-,-,-,-
TXO,202607F3,20260717.0,42600.0,Put,60,60,8.8,10,10,▼-96,▼-90.57%,90,294,384,227,9.2,11.5,273,8.8
TXO,202607F3,20260717.0,42700.0,Call,-,-,-,-,2990,-,-,0,0,0,1,2700,3090,1500,1500
TXO,202607F3,20260717.0,42700.0,Put,56,56,9.9,11.5,11.5,▼-113.5,▼-90.80%,34,597,631,481,9.3,13,314,9.9
TXO,202607F3,20260717.0,42800.0,Call,-,-,-,-,2890,-,-,0,0,0,0,2600,-,-,-
TXO,202607F3,20260717.0,42800.0,Put,53,66,11.5,13,13,▼-117,▼-90.00%,13,485,498,376,12.5,14.5,338,11.5
TXO,202607F3,20260717.0,42900.0,Call,-,-,-,-,2790,-,-,0,0,0,0,2500,-,-,-
TXO,202607F3,20260717.0,42900.0,Put,71,71,13,16,16,▼-123,▼-88.49%,10,180,190,154,13.5,116,411,13
TXO,202607F3,20260717.0,43000.0,Call,-,-,-,-,2700,-,-,0,0,0,0,2400,-,1980,1580
TXO,202607F3,20260717.0,43000.0,Put,60,84,14.5,18,18,▼-150,▼-89.29%,173,576,749,347,16.5,18,515,14.5
TXO,202607F3,20260717.0,43100.0,Call,-,-,-,-,2600,-,-,0,0,0,0,2580,-,-,-
TXO,202607F3,20260717.0,43100.0,Put,111,111,16.5,22,22,▼-146,▼-86.90%,37,157,194,127,16,45,380,16.5
TXO,202607F3,20260717.0,43200.0,Call,-,-,-,-,2500,-,-,0,0,0,0,-,-,-,-
TXO,202607F3,20260717.0,43200.0,Put,97,107,18,23.5,23.5,▼-166.5,▼-87.63%,10,298,308,242,21,30,375,18
TXO,202607F3,20260717.0,43300.0,Call,-,-,-,-,2410,-,-,0,0,0,0,-,-,-,-
TXO,202607F3,20260717.0,43300.0,Put,97,115,21.5,27,27,▼-185,▼-87.26%,19,265,284,150,20.5,29.5,605,21.5
TXO,202607F3,20260717.0,43400.0,Call,-,-,-,-,2310,-,-,0,0,0,0,2290,2320,-,-
TXO,202607F3,20260717.0,43400.0,Put,123,128,25,30,30,▼-192,▼-86.49%,12,186,198,147,21.5,36,675,25
TXO,202607F3,20260717.0,43450.0,Call,-,-,-,-,2270,-,-,0,0,0,0,-,-,-,-
TXO,202607F3,20260717.0,43450.0,Put,125,125,29.5,34,34,▼-199,▼-85.41%,0,46,46,22,31,380,125,29.5
TXO,202607F3,20260717.0,43500.0,Call,-,-,-,-,2220,-,-,0,0,0,1,2190,-,1260,975
TXO,202607F3,20260717.0,43500.0,Put,160,160,28.5,36.5,36.5,▼-219.5,▼-85.74%,63,389,452,295,33,40.5,610,28.5
TXO,202607F3,20260717.0,43550.0,Call,-,-,-,-,2170,-,-,0,0,0,0,2150,-,-,-
TXO,202607F3,20260717.0,43550.0,Put,64,64,33,40,40,▼-218,▼-84.50%,0,28,28,14,19,70,64,33
TXO,202607F3,20260717.0,43600.0,Call,-,-,-,-,2120,-,-,0,0,0,0,2100,-,-,-
TXO,202607F3,20260717.0,43600.0,Put,142,142,35,43.5,43.5,▼-216.5,▼-83.27%,20,167,187,93,41,50,590,35
TXO,202607F3,20260717.0,43650.0,Call,-,-,-,-,2080,-,-,0,0,0,0,-,2090,-,-
TXO,202607F3,20260717.0,43650.0,Put,160,160,38.5,50,48.5,▼-222,▼-81.62%,0,138,138,121,40,55,160,38.5
TXO,202607F3,20260717.0,43700.0,Call,-,-,-,-,2030,-,-,0,0,0,0,2010,-,900,850
TXO,202607F3,20260717.0,43700.0,Put,151,169,40,49,49,▼-242,▼-83.16%,27,98,125,45,43,75,680,40
TXO,202607F3,20260717.0,43750.0,Call,-,-,-,-,1990,-,-,0,0,0,0,1960,-,-,-
TXO,202607F3,20260717.0,43750.0,Put,91,91,48,54,54,▼-250,▼-82.24%,0,52,52,28,50,64,91,48
TXO,202607F3,20260717.0,43800.0,Call,-,-,-,-,1940,-,-,2,0,2,3,-,2040,2250,815
TXO,202607F3,20260717.0,43800.0,Put,159,159,45.5,57,57,▼-259,▼-81.96%,21,226,247,144,51,66,645,45.5
TXO,202607F3,20260717.0,43850.0,Call,-,-,-,-,1890,-,-,0,0,0,0,1600,-,-,-
TXO,202607F3,20260717.0,43850.0,Put,200,200,53,59,64,▼-271,▼-82.12%,0,61,61,49,48,74,200,53
TXO,202607F3,20260717.0,43900.0,Call,-,-,-,-,1850,-,-,0,0,0,4,1550,1950,900,800
TXO,202607F3,20260717.0,43900.0,Put,181,198,55,67,67,▼-279,▼-80.64%,48,140,188,50,64,79,720,55
TXO,202607F3,20260717.0,43950.0,Call,-,-,-,-,1800,-,-,0,0,0,0,1510,-,-,-
TXO,202607F3,20260717.0,43950.0,Put,196,196,60,69,69,▼-284,▼-80.45%,0,66,66,47,26,90,196,60
TXO,202607F3,20260717.0,44000.0,Call,1740,1740,1740,1740,1760,▲+540,▲+45.00%,0,1,1,1,1460,1860,1740,705
TXO,202607F3,20260717.0,44000.0,Put,240,250,60,77,77,▼-283,▼-78.61%,67,691,758,333,77,84,785,60
TXO,202607F3,20260717.0,44050.0,Call,-,-,-,-,1720,-,-,0,0,0,0,1420,-,-,-
TXO,202607F3,20260717.0,44050.0,Put,220,220,71,83,83,▼-304,▼-78.55%,34,110,144,32,81,95,665,71
TXO,202607F3,20260717.0,44100.0,Call,-,-,-,-,1670,-,-,0,0,0,11,1570,1810,1170,635
TXO,202607F3,20260717.0,44100.0,Put,220,252,71,87,87,▼-316,▼-78.41%,5,109,114,69,86,95,685,71
TXO,202607F3,20260717.0,44150.0,Call,-,-,-,-,1630,-,-,0,0,0,21,1550,1740,795,685
TXO,202607F3,20260717.0,44150.0,Put,256,258,84,96,96,▼-322,▼-77.03%,0,81,81,55,90,101,645,84
TXO,202607F3,20260717.0,44200.0,Call,-,-,-,-,1590,-,-,0,0,0,4,1480,1690,1720,565
TXO,202607F3,20260717.0,44200.0,Put,270,270,83,102,102,▼-326,▼-76.17%,0,195,195,96,90,108,880,83
TXO,202607F3,20260717.0,44250.0,Call,1500,1560,1500,1560,1540,▲+530,▲+51.46%,4,2,6,13,1410,1650,1560,680
TXO,202607F3,20260717.0,44250.0,Put,312,312,86,115,115,▼-335,▼-74.44%,17,96,113,74,40,259,690,86
TXO,202607F3,20260717.0,44300.0,Call,-,-,-,-,1500,-,-,2,0,2,51,1380,1530,1220,525
TXO,202607F3,20260717.0,44300.0,Put,304,304,94,117,117,▼-350,▼-74.95%,2,196,198,106,99,131,850,94
TXO,202607F3,20260717.0,44350.0,Call,-,-,-,-,1460,-,-,0,0,0,31,1370,1500,815,570
TXO,202607F3,20260717.0,44350.0,Put,275,275,103,126,126,▼-358,▼-73.97%,1,65,66,47,122,-,800,103
TXO,202607F3,20260717.0,44400.0,Call,-,-,-,-,1420,-,-,5,0,5,27,1350,1550,1200,535
TXO,202607F3,20260717.0,44400.0,Put,285,337,109,141,141,▼-374,▼-72.62%,15,190,205,112,116,160,825,109
TXO,202607F3,20260717.0,44450.0,Call,1090,1190,1090,1190,1380,▲+295,▲+32.96%,2,2,4,22,1290,1400,1190,525
TXO,202607F3,20260717.0,44450.0,Put,199,199,126,142,142,▼-378,▼-72.69%,4,121,125,114,134,-,735,126
TXO,202607F3,20260717.0,44500.0,Call,1010,1420,1010,1260,1340,▲+395,▲+45.66%,12,13,25,48,1290,1410,1610,430
TXO,202607F3,20260717.0,44500.0,Put,356,356,124,157,157,▼-388,▼-71.19%,31,381,412,200,153,159,1000,124
TXO,202607F3,20260717.0,44550.0,Call,-,-,-,-,1300,-,-,0,0,0,15,1210,1420,620,595
TXO,202607F3,20260717.0,44550.0,Put,213,225,143,161,161,▼-409,▼-71.75%,0,29,29,12,99,-,810,143
TXO,202607F3,20260717.0,44600.0,Call,995,1200,980,1200,1260,▲+395,▲+49.07%,0,3,3,23,1180,-,1200,403
TXO,202607F3,20260717.0,44600.0,Put,350,356,145,196,180,▼-379,▼-65.91%,22,77,99,62,169,180,1010,145
TXO,202607F3,20260717.0,44650.0,Call,1150,1150,1150,1150,1220,▲+385,▲+50.33%,8,1,9,24,1120,1330,1150,460
TXO,202607F3,20260717.0,44650.0,Put,355,386,160,195,195,▼-415,▼-68.03%,2,45,47,30,192,195,665,160
TXO,202607F3,20260717.0,44700.0,Call,1230,1230,1220,1220,1180,▲+455,▲+59.48%,3,5,8,14,1090,-,1290,355
TXO,202607F3,20260717.0,44700.0,Put,411,417,160,198,198,▼-427,▼-68.32%,83,213,296,135,182,215,830,160
TXO,202607F3,20260717.0,44750.0,Call,1100,1100,1060,1060,1150,▲+340,▲+47.22%,9,3,12,8,1070,1240,1100,505
TXO,202607F3,20260717.0,44750.0,Put,390,390,170,217,217,▼-428,▼-66.36%,48,89,137,71,196,375,835,170
TXO,202607F3,20260717.0,44800.0,Call,1000,1180,1000,1100,1100,▲+390,▲+54.93%,8,507,515,508,1030,1120,1180,320
TXO,202607F3,20260717.0,44800.0,Put,407,445,181,231,231,▼-434,▼-65.26%,20,343,363,198,223,228,1200,181
TXO,202607F3,20260717.0,44850.0,Call,-,-,-,-,1070,-,-,2,0,2,3,1010,1180,780,475
TXO,202607F3,20260717.0,44850.0,Put,385,385,190,256,256,▼-434,▼-62.90%,2,57,59,51,212,261,745,190
TXO,202607F3,20260717.0,44900.0,Call,1060,1070,1060,1070,1040,▲+430,▲+67.19%,6,2,8,2,1000,-,1070,320
TXO,202607F3,20260717.0,44900.0,Put,329,337,203,258,258,▼-457,▼-63.92%,7,67,74,81,239,280,935,203
TXO,202607F3,20260717.0,44950.0,Call,915,1040,915,1040,1000,▲+425,▲+69.11%,7,2,9,8,970,-,1040,294
TXO,202607F3,20260717.0,44950.0,Put,410,410,234,270,270,▼-470,▼-63.51%,10,97,107,74,240,-,850,234
TXO,202607F3,20260717.0,45000.0,Call,810,1070,690,960,960,▲+375,▲+64.10%,41,137,178,81,960,1020,1470,278
TXO,202607F3,20260717.0,45000.0,Put,480,550,226,284,284,▼-481,▼-62.88%,58,657,715,268,269,290,1350,226
TXO,202607F3,20260717.0,45050.0,Call,625,880,625,880,935,▲+315,▲+55.75%,4,4,8,2,905,1030,1010,399
TXO,202607F3,20260717.0,45050.0,Put,450,450,246,301,301,▼-489,▼-61.90%,25,46,71,27,299,317,860,246
TXO,202607F3,20260717.0,45100.0,Call,760,925,745,910,910,▲+365,▲+66.97%,23,11,34,25,870,1010,925,310
TXO,202607F3,20260717.0,45100.0,Put,520,520,260,332,332,▼-483,▼-59.26%,32,48,80,43,291,381,1100,260
TXO,202607F3,20260717.0,45150.0,Call,-,-,-,-,870,-,-,3,0,3,9,840,-,585,241
TXO,202607F3,20260717.0,45150.0,Put,595,595,280,342,342,▼-503,▼-59.53%,1,25,26,15,232,-,1120,280
TXO,202607F3,20260717.0,45200.0,Call,660,755,590,755,840,▲+245,▲+48.04%,5,17,22,14,810,-,1270,230
TXO,202607F3,20260717.0,45200.0,Put,565,630,282,352,352,▼-518,▼-59.54%,11,224,235,161,323,361,845,282
TXO,202607F3,20260717.0,45250.0,Call,545,800,545,800,800,▲+326,▲+68.78%,9,10,19,11,775,-,1140,306
TXO,202607F3,20260717.0,45250.0,Put,575,575,307,381,381,▼-519,▼-57.67%,7,32,39,15,285,-,860,307
TXO,202607F3,20260717.0,45300.0,Call,600,810,505,785,785,▲+332,▲+73.29%,11,26,37,56,740,845,1090,200
TXO,202607F3,20260717.0,45300.0,Put,585,610,322,382,382,▼-548,▼-58.92%,9,287,296,212,370,436,940,322
TXO,202607F3,20260717.0,45350.0,Call,605,800,466,690,745,▲+251,▲+57.18%,9,17,26,11,715,-,1640,190
TXO,202607F3,20260717.0,45350.0,Put,620,630,334,416,416,▼-539,▼-56.44%,8,44,52,24,307,-,1000,334
TXO,202607F3,20260717.0,45400.0,Call,540,755,466,755,715,▲+342,▲+82.81%,17,27,44,20,555,-,960,176
TXO,202607F3,20260717.0,45400.0,Put,515,580,352,465,437,▼-535,▼-53.50%,3,75,78,39,366,450,1010,352
TXO,202607F3,20260717.0,45450.0,Call,-,-,-,-,690,-,-,3,0,3,5,570,-,1100,191
TXO,202607F3,20260717.0,45450.0,Put,625,625,365,435,459,▼-585,▼-57.35%,46,95,141,22,400,495,1110,365
TXO,202607F3,20260717.0,45500.0,Call,495,715,448,630,660,▲+262,▲+71.20%,118,213,331,120,595,680,1100,164
TXO,202607F3,20260717.0,45500.0,Put,660,660,385,467,467,▼-583,▼-55.52%,21,237,258,88,451,800,1200,385
TXO,202607F3,20260717.0,45550.0,Call,438,685,417,585,635,▲+230,▲+64.79%,2,41,43,28,525,-,950,188
TXO,202607F3,20260717.0,45550.0,Put,595,595,444,497,497,▼-583,▼-53.98%,2,87,89,57,393,600,1110,444
TXO,202607F3,20260717.0,45600.0,Call,466,660,386,600,600,▲+260,▲+76.47%,20,228,248,103,570,650,2320,160
TXO,202607F3,20260717.0,45600.0,Put,600,640,438,525,525,▼-585,▼-52.70%,29,195,224,87,468,555,1730,438
TXO,202607F3,20260717.0,45650.0,Call,373,630,373,565,565,▲+246,▲+77.12%,2,72,74,55,550,670,1030,148
TXO,202607F3,20260717.0,45650.0,Put,585,610,465,540,540,▼-600,▼-52.63%,3,39,42,25,450,645,990,465
TXO,202607F3,20260717.0,45700.0,Call,400,620,388,530,530,▲+225,▲+73.77%,18,171,189,116,510,560,830,128
TXO,202607F3,20260717.0,45700.0,Put,665,665,477,575,575,▼-605,▼-51.27%,0,132,132,49,466,590,1880,477
TXO,202607F3,20260717.0,45750.0,Call,357,565,357,487,525,▲+198,▲+68.51%,7,60,67,28,412,585,565,141
TXO,202607F3,20260717.0,45750.0,Put,535,640,500,640,595,▼-570,▼-47.11%,0,23,23,11,515,-,805,500
TXO,202607F3,20260717.0,45800.0,Call,350,555,305,482,482,▲+209,▲+76.56%,22,183,205,85,485,570,1030,126
TXO,202607F3,20260717.0,45800.0,Put,850,850,515,605,605,▼-625,▼-50.81%,9,231,240,165,530,645,1830,515
TXO,202607F3,20260717.0,45850.0,Call,407,515,383,475,475,▲+212,▲+80.61%,0,45,45,36,364,550,1000,130
TXO,202607F3,20260717.0,45850.0,Put,685,730,560,655,655,▼-625,▼-48.83%,2,23,25,13,535,655,1190,560
TXO,202607F3,20260717.0,45900.0,Call,322,500,322,440,440,▲+186,▲+73.23%,16,118,134,75,434,460,1050,124
TXO,202607F3,20260717.0,45900.0,Put,760,760,555,670,670,▼-650,▼-49.24%,0,10,10,5,580,695,940,555
TXO,202607F3,20260717.0,45950.0,Call,370,465,328,420,420,▲+188,▲+81.03%,1,17,18,11,400,-,955,148
TXO,202607F3,20260717.0,45950.0,Put,665,730,645,730,700,▼-630,▼-46.32%,0,11,11,9,605,720,1000,645
TXO,202607F3,20260717.0,46000.0,Call,280,450,229,410,410,▲+188,▲+84.68%,127,542,669,222,390,410,1530,95
TXO,202607F3,20260717.0,46000.0,Put,795,795,625,735,735,▼-655,▼-47.12%,0,42,42,30,705,750,1850,625
TXO,202607F3,20260717.0,46050.0,Call,259,423,250,393,393,▲+193,▲+96.50%,3,69,72,29,375,406,905,200
TXO,202607F3,20260717.0,46050.0,Put,710,800,645,760,760,▼-670,▼-46.85%,0,15,15,10,665,-,2190,645
TXO,202607F3,20260717.0,46100.0,Call,238,405,225,370,370,▲+175,▲+89.74%,23,180,203,121,339,404,880,90
TXO,202607F3,20260717.0,46100.0,Put,835,850,715,790,790,▼-680,▼-46.26%,1,17,18,8,695,805,1160,715
TXO,202607F3,20260717.0,46150.0,Call,282,383,282,349,349,▲+166,▲+90.71%,4,50,54,25,317,352,885,104
TXO,202607F3,20260717.0,46150.0,Put,1140,1140,815,815,815,▼-695,▼-46.03%,6,10,16,4,500,860,1420,790
TXO,202607F3,20260717.0,46200.0,Call,231,363,180,321,321,▲+143,▲+80.34%,8,253,261,77,320,334,750,90
TXO,202607F3,20260717.0,46200.0,Put,995,1010,850,850,850,▼-700,▼-45.16%,0,11,11,5,810,865,1620,765
TXO,202607F3,20260717.0,46250.0,Call,216,333,216,270,310,▲+107,▲+65.64%,6,27,33,19,254,399,815,74
TXO,202607F3,20260717.0,46250.0,Put,825,835,825,835,880,▼-755,▼-47.48%,0,6,6,5,565,895,970,825
TXO,202607F3,20260717.0,46300.0,Call,188,316,150,296,296,▲+141,▲+90.97%,81,172,253,166,280,350,920,72
TXO,202607F3,20260717.0,46300.0,Put,995,1130,810,900,900,▼-730,▼-44.79%,0,50,50,21,895,945,2400,810
TXO,202607F3,20260717.0,46350.0,Call,181,298,154,254,277,▲+114,▲+81.43%,18,40,58,39,179,350,670,63
TXO,202607F3,20260717.0,46350.0,Put,850,1010,850,1010,945,▼-660,▼-39.52%,0,5,5,5,930,965,1010,850
TXO,202607F3,20260717.0,46400.0,Call,127,282,127,257,257,▲+124,▲+93.23%,38,151,189,104,204,265,750,64
TXO,202607F3,20260717.0,46400.0,Put,1060,1100,875,985,985,▼-725,▼-42.40%,0,36,36,4,880,-,1100,875
TXO,202607F3,20260717.0,46450.0,Call,180,264,177,214,238,▲+88,▲+69.84%,8,38,46,20,200,400,264,59
TXO,202607F3,20260717.0,46450.0,Put,1080,1080,1010,1010,1010,▼-740,▼-42.29%,0,4,4,4,805,1030,1080,1010
TXO,202607F3,20260717.0,46500.0,Call,140,249,105,228,228,▲+112,▲+96.55%,118,470,588,223,228,230,725,50
TXO,202607F3,20260717.0,46500.0,Put,1000,1120,935,1110,1040,▼-670,▼-37.64%,0,21,21,5,1030,1070,2000,935
TXO,202607F3,20260717.0,46550.0,Call,100,236,100,213,213,▲+97,▲+83.62%,14,154,168,51,191,230,1650,53
TXO,202607F3,20260717.0,46550.0,Put,1050,1150,1040,1150,1080,▼-680,▼-37.16%,0,5,5,3,1050,1110,1150,1040
TXO,202607F3,20260717.0,46600.0,Call,121,215,95,201,201,▲+100,▲+99.01%,53,241,294,169,195,202,1500,42
TXO,202607F3,20260717.0,46600.0,Put,1000,1190,970,1190,1120,▼-690,▼-36.70%,0,17,17,3,1020,1140,1190,970
TXO,202607F3,20260717.0,46650.0,Call,135,203,119,183,183,▲+88,▲+92.63%,13,72,85,65,178,199,420,49
TXO,202607F3,20260717.0,46650.0,Put,1060,1230,1060,1230,1150,▼-690,▼-35.94%,0,4,4,3,1060,1180,1230,1060
TXO,202607F3,20260717.0,46700.0,Call,92,185,75,164,164,▲+75,▲+84.27%,55,158,213,99,155,199,1270,40
TXO,202607F3,20260717.0,46700.0,Put,1270,1270,1270,1270,1190,▼-690,▼-35.20%,0,3,3,3,1170,1230,1580,1270
TXO,202607F3,20260717.0,46750.0,Call,90,172,84,156,156,▲+73,▲+87.95%,5,121,126,47,131,165,905,49
TXO,202607F3,20260717.0,46750.0,Put,1310,1310,1310,1310,1230,▼-700,▼-34.83%,0,3,3,3,1180,1270,1310,1310
TXO,202607F3,20260717.0,46800.0,Call,80,161,68,149,149,▲+67,▲+81.71%,27,348,375,181,146,155,368,36
TXO,202607F3,20260717.0,46800.0,Put,1350,1350,1280,1280,1280,▼-770,▼-37.56%,0,5,5,5,1220,1310,1350,1280
TXO,202607F3,20260717.0,46850.0,Call,82,148,64,139,139,▲+67,▲+93.06%,4,69,73,35,118,147,241,64
TXO,202607F3,20260717.0,46850.0,Put,1280,1280,1280,1280,1310,▼-820,▼-39.05%,0,3,3,3,1100,1470,1280,1130
TXO,202607F3,20260717.0,46900.0,Call,60,139,60,129,129,▲+63,▲+95.45%,30,147,177,84,126,130,312,30
TXO,202607F3,20260717.0,46900.0,Put,1340,1340,1340,1340,1340,▼-800,▼-37.38%,0,4,4,4,1340,1370,1340,1340
TXO,202607F3,20260717.0,46950.0,Call,105,128,93,118,118,▲+56,▲+90.32%,2,66,68,46,100,128,1120,34
TXO,202607F3,20260717.0,46950.0,Put,1390,1390,1390,1390,1390,▼-800,▼-36.53%,0,3,3,4,1380,1400,1630,1390
TXO,202607F3,20260717.0,47000.0,Call,68,118,47,110,110,▲+53,▲+92.98%,113,677,790,375,110,114,825,24.5
TXO,202607F3,20260717.0,47000.0,Put,1440,1440,1440,1440,1440,▼-790,▼-35.43%,0,3,3,3,-,1450,1440,1440
TXO,202607F3,20260717.0,47050.0,Call,50,105,42,100,100,▲+43,▲+75.44%,2,69,71,40,91,116,187,23
TXO,202607F3,20260717.0,47050.0,Put,-,-,-,-,1470,-,-,0,0,0,0,1440,-,-,-
TXO,202607F3,20260717.0,47100.0,Call,56,96,39,93,93,▲+42,▲+82.35%,16,128,144,84,89,93,169,21
TXO,202607F3,20260717.0,47100.0,Put,1520,1520,1520,1520,1520,▼-800,▼-34.48%,0,1,1,0,-,-,1520,1420
TXO,202607F3,20260717.0,47150.0,Call,44,88,44,86,86,▲+40,▲+86.96%,3,53,56,46,38,299,210,21
TXO,202607F3,20260717.0,47150.0,Put,-,-,-,-,1560,-,-,0,0,0,0,-,-,-,-
TXO,202607F3,20260717.0,47200.0,Call,46.5,81,35,73,73,▲+32,▲+78.05%,48,214,262,145,72,98,1160,19
TXO,202607F3,20260717.0,47200.0,Put,-,-,-,-,1600,-,-,0,0,0,2,1310,1710,1840,1840
TXO,202607F3,20260717.0,47250.0,Call,32,73,32,72,72,▲+32.5,▲+82.28%,11,102,113,75,61,121,1010,2.2
TXO,202607F3,20260717.0,47250.0,Put,-,-,-,-,1640,-,-,0,0,0,0,-,1660,-,-
TXO,202607F3,20260717.0,47300.0,Call,37.5,68,25,65,65,▲+30,▲+85.71%,38,238,276,195,64,67,640,16.5
TXO,202607F3,20260717.0,47300.0,Put,-,-,-,-,1680,-,-,0,0,0,5,1670,1710,1140,1140
TXO,202607F3,20260717.0,47350.0,Call,35.5,59,22.5,55,55,▲+20,▲+57.14%,215,155,370,224,50,76,423,22.5
TXO,202607F3,20260717.0,47350.0,Put,-,-,-,-,1730,-,-,0,0,0,0,-,1750,-,-
TXO,202607F3,20260717.0,47400.0,Call,25.5,53,21,50,50,▲+20.5,▲+69.49%,6,315,321,178,50,52,370,12
TXO,202607F3,20260717.0,47400.0,Put,-,-,-,-,1770,-,-,0,0,0,0,-,-,-,-
TXO,202607F3,20260717.0,47450.0,Call,21,48.5,19.5,43,43,▲+14,▲+48.28%,12,162,174,146,37,48.5,318,18
TXO,202607F3,20260717.0,47450.0,Put,-,-,-,-,1810,-,-,0,0,0,0,1770,-,-,-
TXO,202607F3,20260717.0,47500.0,Call,27,43,16.5,37,37,▲+11.5,▲+45.10%,45,431,476,369,36.5,37.5,1140,10
TXO,202607F3,20260717.0,47500.0,Put,-,-,-,-,1860,-,-,0,0,0,0,-,-,-,-
TXO,202607F3,20260717.0,47550.0,Call,19,38.5,15,33.5,33.5,▲+8.5,▲+34.00%,3,147,150,54,30,32.5,356,10
TXO,202607F3,20260717.0,47550.0,Put,-,-,-,-,1900,-,-,0,0,0,0,-,-,-,-
TXO,202607F3,20260717.0,47600.0,Call,17,37,13,25.5,25.5,▲+4,▲+18.60%,13,131,144,118,20.5,25.5,1090,8
TXO,202607F3,20260717.0,47600.0,Put,-,-,-,-,1950,-,-,0,0,0,1,-,2060,1210,1210
TXO,202607F3,20260717.0,47650.0,Call,19,30,14,20,20,0,0%,1,128,129,86,18.5,-,346,14
TXO,202607F3,20260717.0,47650.0,Put,-,-,-,-,2000,-,-,0,0,0,0,-,-,-,-
TXO,202607F3,20260717.0,47700.0,Call,19.5,26.5,9.5,19.5,19.5,0,0%,12,99,111,73,19,22.5,1040,8.3
TXO,202607F3,20260717.0,47700.0,Put,1900,1900,1900,1900,2040,▼-990,▼-34.26%,0,1,1,1,1940,-,1900,1900
TXO,202607F3,20260717.0,47750.0,Call,13,22.5,12,14.5,17.5,▼-3.5,▼-19.44%,0,94,94,56,14,-,22.5,7.2
TXO,202607F3,20260717.0,47750.0,Put,-,-,-,-,2090,-,-,0,0,0,0,-,2110,-,-
TXO,202607F3,20260717.0,47800.0,Call,11,20,8.9,12.5,15,▼-2.5,▼-16.67%,6,183,189,133,11,16,105,8.9
TXO,202607F3,20260717.0,47800.0,Put,2030,2030,2030,2030,2130,▼-960,▼-32.11%,0,1,1,1,2040,-,2030,2030
TXO,202607F3,20260717.0,47850.0,Call,11,17.5,9.2,9.9,13,▼-5.1,▼-34.00%,2,76,78,46,8.3,-,158,9.2
TXO,202607F3,20260717.0,47850.0,Put,-,-,-,-,2180,-,-,0,0,0,0,-,2200,-,-
TXO,202607F3,20260717.0,47900.0,Call,12.5,16.5,6.4,6.4,9.9,▼-6.6,▼-50.77%,22,150,172,141,6.2,9.9,300,6.4
TXO,202607F3,20260717.0,47900.0,Put,-,-,-,-,2230,-,-,0,0,0,0,-,-,-,-
TXO,202607F3,20260717.0,47950.0,Call,7.3,12,5.6,6.9,6.9,▼-6.1,▼-46.92%,8,28,36,21,5.2,11,197,5.6
TXO,202607F3,20260717.0,47950.0,Put,-,-,-,-,2280,-,-,0,0,0,0,-,-,-,-
TXO,202607F3,20260717.0,48000.0,Call,6.4,11.5,5,5.1,6.8,▼-5.9,▼-53.64%,26,496,522,459,3.1,7,840,4
TXO,202607F3,20260717.0,48000.0,Put,-,-,-,-,2330,-,-,0,0,0,0,-,2350,-,-
TXO,202607F3,20260717.0,48050.0,Call,6,7.8,6,6,6,▼-4,▼-40.00%,0,4,4,5,3,9.9,850,2.9
TXO,202607F3,20260717.0,48050.0,Put,-,-,-,-,2380,-,-,0,0,0,0,-,-,-,-
TXO,202607F3,20260717.0,48100.0,Call,5.1,5.1,5.1,5.1,5.1,▼-4.9,▼-49.00%,3,6,9,21,3.1,3.2,204,5.1
TXO,202607F3,20260717.0,48100.0,Put,-,-,-,-,2420,-,-,0,0,0,0,-,-,-,-
TXO,202607F3,20260717.0,48150.0,Call,-,-,-,-,4.1,-,-,1,0,1,2,1,29,200,8.6
TXO,202607F3,20260717.0,48150.0,Put,-,-,-,-,2470,-,-,0,0,0,0,-,-,-,-
TXO,202607F3,20260717.0,48200.0,Call,3.2,4.4,2.4,3,3,▼-5.4,▼-64.29%,6,659,665,682,0.4,3,660,2.4
TXO,202607F3,20260717.0,48200.0,Put,2600,2600,2600,2600,2520,▼-780,▼-23.08%,0,1,1,1,-,-,2600,2600
TXO,202607F3,20260717.0,48300.0,Call,2.4,3,2,2.1,2.1,▼-5.6,▼-72.73%,2,9,11,33,0.8,3.9,565,2
TXO,202607F3,20260717.0,48300.0,Put,-,-,-,-,2620,-,-,0,0,0,0,-,-,-,-
TXO,202607F3,20260717.0,48400.0,Call,4.6,4.7,1,1,1,▼-6.3,▼-86.30%,28,1533,1561,1890,0.8,1,159,1
TXO,202607F3,20260717.0,48400.0,Put,-,-,-,-,2720,-,-,0,0,0,0,2680,-,-,-
TXO,202607F3,20260717.0,48500.0,Call,3.7,3.7,1,1,1,▼-5,▼-83.33%,0,692,692,700,0.1,1,540,1
TXO,202607F3,20260717.0,48500.0,Put,-,-,-,-,2820,-,-,0,0,0,0,-,-,-,-
TXO,202607F3,20260717.0,48600.0,Call,-,-,-,-,0.6,-,-,0,0,0,27,-,1,173,1
TXO,202607F3,20260717.0,48600.0,Put,-,-,-,-,2920,-,-,0,0,0,0,-,-,-,-
TXO,202607F3,20260717.0,48700.0,Call,-,-,-,-,0.5,-,-,0,0,0,8,-,1.1,640,6.5
TXO,202607F3,20260717.0,48700.0,Put,-,-,-,-,3020,-,-,0,0,0,0,-,-,-,-
TXO,202607F3,20260717.0,48800.0,Call,2,2,2,2,0.5,▼-2,▼-50.00%,0,8,8,11,0.2,1,448,2
TXO,202607F3,20260717.0,48800.0,Put,-,-,-,-,3120,-,-,0,0,0,0,-,-,-,-
TXO,202607F3,20260717.0,48900.0,Call,-,-,-,-,0.5,-,-,0,0,0,7,-,1,139,3
TXO,202607F3,20260717.0,48900.0,Put,-,-,-,-,3220,-,-,0,0,0,0,-,-,-,-
TXO,202607F3,20260717.0,49000.0,Call,10,10,0.4,0.5,0.5,▼-2.5,▼-83.33%,808,336,1144,3128,0.2,0.6,530,0.1
TXO,202607F3,20260717.0,49000.0,Put,-,-,-,-,3320,-,-,0,0,0,0,-,-,-,-
TXO,202607F3,20260717.0,49100.0,Call,-,-,-,-,0.5,-,-,2,0,2,22,-,99,500,0.8
TXO,202607F3,20260717.0,49100.0,Put,-,-,-,-,3420,-,-,0,0,0,0,-,3440,-,-
TXO,202607F3,20260717.0,49200.0,Call,0.3,0.4,0.2,0.2,0.4,▼-2,▼-90.91%,3,5,8,47,-,15.5,500,0.2
TXO,202607F3,20260717.0,49200.0,Put,-,-,-,-,3520,-,-,0,0,0,0,-,-,-,-
TXO,202607F3,20260717.0,49300.0,Call,-,-,-,-,0.4,-,-,0,0,0,27,0.1,11,309,1.2
TXO,202607F3,20260717.0,49300.0,Put,-,-,-,-,3620,-,-,0,0,0,0,-,-,-,-
TXO,202607F3,20260717.0,49400.0,Call,-,-,-,-,0.3,-,-,0,0,0,71,-,23,425,1.2
TXO,202607F3,20260717.0,49400.0,Put,-,-,-,-,3720,-,-,0,0,0,0,-,-,-,-
TXO,202607F3,20260717.0,49500.0,Call,-,-,-,-,0.3,-,-,28,0,28,127,-,0.9,414,0.2
TXO,202607F3,20260717.0,49500.0,Put,-,-,-,-,3820,-,-,0,0,0,0,-,-,-,-
TXO,202607F3,20260717.0,49600.0,Call,-,-,-,-,0.3,-,-,0,0,0,19,-,7.9,91,1
TXO,202607F3,20260717.0,49600.0,Put,-,-,-,-,3920,-,-,0,0,0,0,-,-,-,-
TXO,202607F3,20260717.0,49700.0,Call,0.7,2.2,0.2,1.5,0.3,▲+0.3,▲+25.00%,10,16,26,17,0.1,2.2,267,0.2
TXO,202607F3,20260717.0,49700.0,Put,-,-,-,-,4020,-,-,0,0,0,0,-,-,-,-
TXO,202607F3,20260717.0,49800.0,Call,-,-,-,-,0.3,-,-,0,0,0,20,-,9.1,293,1
TXO,202607F3,20260717.0,49800.0,Put,-,-,-,-,4120,-,-,0,0,0,0,-,-,-,-
TXO,202607F3,20260717.0,49900.0,Call,-,-,-,-,0.2,-,-,0,0,0,25,-,4.9,56,0.2
TXO,202607F3,20260717.0,49900.0,Put,-,-,-,-,4220,-,-,0,0,0,0,-,-,-,-
TXO,202607F3,20260717.0,50000.0,Call,1,1,0.6,1,0.2,▲+0.4,▲+66.67%,3,5,8,1639,-,1.2,307,0.1
TXO,202607F3,20260717.0,50000.0,Put,-,-,-,-,4320,-,-,0,0,0,0,-,-,-,-
TXO,202607F3,20260717.0,50100.0,Call,-,-,-,-,0.2,-,-,1,0,1,75,-,8,240,0.8
TXO,202607F3,20260717.0,50100.0,Put,-,-,-,-,4420,-,-,0,0,0,0,-,4450,-,-
TXO,202607F3,20260717.0,50200.0,Call,-,-,-,-,0.2,-,-,0,0,0,60,-,9.1,225,1
TXO,202607F3,20260717.0,50200.0,Put,-,-,-,-,4520,-,-,0,0,0,0,-,-,-,-
TXO,202607F3,20260717.0,50300.0,Call,-,-,-,-,0.2,-,-,0,0,0,10,-,9,259,1
TXO,202607F3,20260717.0,50300.0,Put,-,-,-,-,4620,-,-,0,0,0,0,-,-,-,-
TXO,202607F3,20260717.0,50400.0,Call,-,-,-,-,0.2,-,-,0,0,0,10,-,13,200,1
TXO,202607F3,20260717.0,50400.0,Put,-,-,-,-,4720,-,-,0,0,0,0,-,-,-,-
TXO,202607F3,20260717.0,50500.0,Call,-,-,-,-,0.2,-,-,1,0,1,125,-,12.5,233,0.1
TXO,202607F3,20260717.0,50500.0,Put,-,-,-,-,4820,-,-,0,0,0,0,-,-,-,-
TXO,202607F3,20260717.0,50600.0,Call,-,-,-,-,0.2,-,-,0,0,0,2,-,16,182,3.6
TXO,202607F3,20260717.0,50600.0,Put,-,-,-,-,4920,-,-,0,0,0,0,-,4950,-,-
TXO,202607F3,20260717.0,50700.0,Call,-,-,-,-,0.1,-,-,0,0,0,1,-,18.5,175,14.5
TXO,202607F3,20260717.0,50700.0,Put,-,-,-,-,5020,-,-,0,0,0,0,-,5050,-,-
TXO,202607F3,20260717.0,50800.0,Call,-,-,-,-,0.1,-,-,0,0,0,1,-,13,11.5,11.5
TXO,202607F3,20260717.0,50800.0,Put,-,-,-,-,5120,-,-,0,0,0,0,-,5150,-,-
TXO,202607F3,20260717.0,50900.0,Call,-,-,-,-,0.1,-,-,0,0,0,2,-,15.5,100,10.5
TXO,202607F3,20260717.0,50900.0,Put,-,-,-,-,5220,-,-,0,0,0,0,-,-,-,-
TXO,202607F3,20260717.0,51000.0,Call,-,-,-,-,0.1,-,-,0,0,0,1260,-,14.5,177,1.2
TXO,202607F3,20260717.0,51000.0,Put,-,-,-,-,5320,-,-,0,0,0,0,-,-,-,-
TXO,202607F3,20260717.0,51100.0,Call,-,-,-,-,0.1,-,-,0,0,0,1,-,16.5,136,9.2
TXO,202607F3,20260717.0,51100.0,Put,-,-,-,-,5420,-,-,0,0,0,0,-,-,-,-
TXO,202607F3,20260717.0,51200.0,Call,-,-,-,-,0.1,-,-,0,0,0,9,-,11.5,11,1
TXO,202607F3,20260717.0,51200.0,Put,-,-,-,-,5520,-,-,0,0,0,0,-,5550,-,-
TXO,202607F3,20260717.0,51300.0,Call,-,-,-,-,0.1,-,-,0,0,0,5,-,18.5,150,7.7
TXO,202607F3,20260717.0,51300.0,Put,-,-,-,-,5620,-,-,0,0,0,0,-,5650,-,-
TXO,202607F3,20260717.0,51400.0,Call,-,-,-,-,0.1,-,-,0,0,0,4,-,9.6,11.5,0.3
TXO,202607F3,20260717.0,51400.0,Put,-,-,-,-,5720,-,-,0,0,0,0,-,5750,-,-
TXO,202607F3,20260717.0,51500.0,Call,0.2,0.5,0.1,0.1,0.1,0,-,11,13,24,355,-,7.9,130,0.1
TXO,202607F3,20260717.0,51500.0,Put,-,-,-,-,5820,-,-,0,0,0,0,-,-,-,-
TXO,202607W4,20260722.0,40200.0,Call,-,-,-,-,5510,-,-,0,0,0,0,-,-,-,-
TXO,202607W4,20260722.0,40200.0,Put,40,42,8.8,8.9,8.9,▼-57.1,▼-86.52%,0,291,291,214,7.6,10,42,8.8
TXO,202607W4,20260722.0,40300.0,Call,-,-,-,-,5410,-,-,0,0,0,0,-,-,-,-
TXO,202607W4,20260722.0,40300.0,Put,41.5,41.5,8.5,10,10,▼-59,▼-85.51%,0,119,119,100,4.1,41,41.5,8.5
TXO,202607W4,20260722.0,40400.0,Call,-,-,-,-,5310,-,-,0,0,0,0,-,-,-,-
TXO,202607W4,20260722.0,40400.0,Put,35.5,35.5,18,18,11,▼-55,▼-75.34%,0,49,49,43,9,115,35.5,18
TXO,202607W4,20260722.0,40500.0,Call,-,-,-,-,5210,-,-,0,0,0,0,-,-,-,-
TXO,202607W4,20260722.0,40500.0,Put,46.5,46.5,13,13,12,▼-64,▼-83.12%,0,219,219,99,10,29,46.5,13
TXO,202607W4,20260722.0,40600.0,Call,-,-,-,-,5110,-,-,0,0,0,0,-,5160,-,-
TXO,202607W4,20260722.0,40600.0,Put,42,42,13,13,13,▼-68,▼-83.95%,0,60,60,54,1.7,112,42,13
TXO,202607W4,20260722.0,40700.0,Call,-,-,-,-,5010,-,-,0,0,0,0,4990,5030,-,-
TXO,202607W4,20260722.0,40700.0,Put,53,53,14.5,14.5,13.5,▼-72.5,▼-83.33%,0,40,40,36,3.8,113,53,14.5
TXO,202607W4,20260722.0,40800.0,Call,-,-,-,-,4920,-,-,0,0,0,0,4890,-,-,-
TXO,202607W4,20260722.0,40800.0,Put,56,61,14,14,14,▼-81,▼-85.26%,63,359,422,336,12.5,14,175,14
TXO,202607W4,20260722.0,40900.0,Call,-,-,-,-,4820,-,-,0,0,0,0,4790,-,-,-
TXO,202607W4,20260722.0,40900.0,Put,52,52,15,15,15,▼-81,▼-84.38%,20,280,300,301,10.5,63,295,15
TXO,202607W4,20260722.0,41000.0,Call,-,-,-,-,4720,-,-,0,0,0,0,-,-,-,-
TXO,202607W4,20260722.0,41000.0,Put,62,68,15,16.5,16.5,▼-84.5,▼-83.66%,50,349,399,263,15,16,331,15
TXO,202607W4,20260722.0,41100.0,Call,-,-,-,-,4620,-,-,0,0,0,0,-,-,-,-
TXO,202607W4,20260722.0,41100.0,Put,43,43,17,17,17,▼-94,▼-84.68%,20,51,71,51,12,-,332,17
TXO,202607W4,20260722.0,41200.0,Call,-,-,-,-,4520,-,-,0,0,0,0,-,4560,-,-
TXO,202607W4,20260722.0,41200.0,Put,59,59,22,22,22,▼-98,▼-81.67%,1,4,5,12,7.3,22,300,22
TXO,202607W4,20260722.0,41300.0,Call,-,-,-,-,4420,-,-,0,0,0,0,-,-,-,-
TXO,202607W4,20260722.0,41300.0,Put,57,62,31.5,31.5,22.5,▼-96.5,▼-75.39%,4,19,23,18,2.8,22.5,309,31.5
TXO,202607W4,20260722.0,41400.0,Call,-,-,-,-,4330,-,-,0,0,0,0,-,-,-,-
TXO,202607W4,20260722.0,41400.0,Put,62,62,36,36,24.5,▼-97,▼-72.93%,1,12,13,12,2.2,62,350,36
TXO,202607W4,20260722.0,41500.0,Call,-,-,-,-,4230,-,-,0,0,0,0,4200,-,-,-
TXO,202607W4,20260722.0,41500.0,Put,94,94,26.5,26.5,26.5,▼-120.5,▼-81.97%,8,53,61,82,15,24.5,396,26.5
TXO,202607W4,20260722.0,41600.0,Call,-,-,-,-,4130,-,-,0,0,0,0,-,-,-,-
TXO,202607W4,20260722.0,41600.0,Put,100,100,29,29,29,▼-118,▼-80.27%,1,16,17,13,25,40,258,29
TXO,202607W4,20260722.0,41700.0,Call,-,-,-,-,4030,-,-,0,0,0,0,-,-,-,-
TXO,202607W4,20260722.0,41700.0,Put,100,101,61,61,33,▼-102,▼-62.58%,0,113,113,29,13.5,53,305,61
TXO,202607W4,20260722.0,41800.0,Call,-,-,-,-,3940,-,-,0,0,0,0,3910,-,-,-
TXO,202607W4,20260722.0,41800.0,Put,30,107,30,30.5,36,▼-135.5,▼-81.63%,6,23,29,20,2.8,132,300,30
TXO,202607W4,20260722.0,41900.0,Call,-,-,-,-,3840,-,-,0,0,0,0,-,-,-,-
TXO,202607W4,20260722.0,41900.0,Put,81,83,34.5,34.5,40,▼-147.5,▼-81.04%,0,90,90,81,32.5,52,280,34.5
TXO,202607W4,20260722.0,42000.0,Call,-,-,-,-,3750,-,-,0,0,0,0,3710,-,-,-
TXO,202607W4,20260722.0,42000.0,Put,140,140,35.5,35.5,44.5,▼-150.5,▼-80.91%,53,186,239,138,35.5,55,420,35.5
TXO,202607W4,20260722.0,42100.0,Call,-,-,-,-,3650,-,-,0,0,0,0,-,-,-,-
TXO,202607W4,20260722.0,42100.0,Put,133,133,75,75,46.5,▼-133,▼-63.94%,2,8,10,22,3,141,327,75
TXO,202607W4,20260722.0,42200.0,Call,-,-,-,-,3550,-,-,0,0,0,0,-,-,-,-
TXO,202607W4,20260722.0,42200.0,Put,151,151,45,45,51,▼-167,▼-78.77%,1,26,27,12,2.2,80,259,45
TXO,202607W4,20260722.0,42300.0,Call,-,-,-,-,3460,-,-,0,0,0,0,-,-,-,-
TXO,202607W4,20260722.0,42300.0,Put,106,106,88,88,56,▼-139,▼-61.23%,0,5,5,8,2.5,149,340,88
TXO,202607W4,20260722.0,42400.0,Call,-,-,-,-,3360,-,-,0,0,0,0,3330,-,-,-
TXO,202607W4,20260722.0,42400.0,Put,108,108,55,55,62,▼-194,▼-77.91%,13,45,58,18,2.3,99,414,55
TXO,202607W4,20260722.0,42500.0,Call,-,-,-,-,3270,-,-,0,0,0,0,2980,-,-,-
TXO,202607W4,20260722.0,42500.0,Put,180,180,60,60,68,▼-200,▼-76.92%,26,108,134,74,32,116,445,60
TXO,202607W4,20260722.0,42600.0,Call,-,-,-,-,3170,-,-,0,0,0,0,3140,3170,-,-
TXO,202607W4,20260722.0,42600.0,Put,181,181,62,63,75,▼-220,▼-77.74%,1,123,124,117,7.5,88,359,62
TXO,202607W4,20260722.0,42700.0,Call,-,-,-,-,3080,-,-,0,0,0,0,3050,3080,-,-
TXO,202607W4,20260722.0,42700.0,Put,115,115,80,80,80,▼-217,▼-73.06%,1,61,62,57,11.5,167,515,80
TXO,202607W4,20260722.0,42800.0,Call,-,-,-,-,2990,-,-,0,0,0,0,-,-,-,-
TXO,202607W4,20260722.0,42800.0,Put,143,143,96,96,96,▼-222,▼-69.81%,0,9,9,6,13,95,400,96
TXO,202607W4,20260722.0,42900.0,Call,-,-,-,-,2890,-,-,0,0,0,0,2860,2890,-,-
TXO,202607W4,20260722.0,42900.0,Put,233,233,84,84,100,▼-243,▼-74.31%,3,42,45,36,16.5,135,380,84
TXO,202607W4,20260722.0,43000.0,Call,-,-,-,-,2810,-,-,0,0,0,0,2510,-,-,-
TXO,202607W4,20260722.0,43000.0,Put,230,246,90,90,111,▼-260,▼-74.29%,54,207,261,183,82,201,595,90
TXO,202607W4,20260722.0,43100.0,Call,-,-,-,-,2720,-,-,0,0,0,0,2420,-,-,-
TXO,202607W4,20260722.0,43100.0,Put,151,151,101,101,118,▼-273,▼-72.99%,1,16,17,15,20.5,148,510,101
TXO,202607W4,20260722.0,43200.0,Call,-,-,-,-,2630,-,-,0,0,0,6,2320,2740,3500,3480
TXO,202607W4,20260722.0,43200.0,Put,200,226,121,125,125,▼-273,▼-68.59%,3,27,30,25,22,211,480,121
TXO,202607W4,20260722.0,43300.0,Call,-,-,-,-,2530,-,-,0,0,0,0,2500,2530,-,-
TXO,202607W4,20260722.0,43300.0,Put,207,207,124,125,142,▼-308,▼-71.13%,0,35,35,20,27,222,690,124
TXO,202607W4,20260722.0,43400.0,Call,-,-,-,-,2450,-,-,0,0,0,0,-,-,-,-
TXO,202607W4,20260722.0,43400.0,Put,228,228,188,188,155,▼-255,▼-57.56%,2,4,6,8,30,155,635,188
TXO,202607W4,20260722.0,43450.0,Call,-,-,-,-,2400,-,-,0,0,0,0,2370,2400,-,-
TXO,202607W4,20260722.0,43450.0,Put,156,156,156,156,156,▼-301,▼-65.86%,0,1,1,1,32,-,156,156
TXO,202607W4,20260722.0,43500.0,Call,-,-,-,-,2370,-,-,0,0,0,1,2240,-,1300,1300
TXO,202607W4,20260722.0,43500.0,Put,305,305,144,144,164,▼-326,▼-69.36%,15,55,70,54,35,164,705,144
TXO,202607W4,20260722.0,43550.0,Call,-,-,-,-,2320,-,-,0,0,0,0,-,-,-,-
TXO,202607W4,20260722.0,43550.0,Put,200,204,155,155,170,▼-330,▼-68.04%,0,8,8,6,38,252,204,155
TXO,202607W4,20260722.0,43600.0,Call,-,-,-,-,2270,-,-,0,0,0,0,2240,2270,-,-
TXO,202607W4,20260722.0,43600.0,Put,325,325,170,175,175,▼-325,▼-65.00%,1,11,12,6,40,260,540,170
TXO,202607W4,20260722.0,43650.0,Call,-,-,-,-,2230,-,-,0,0,0,0,-,2230,-,-
TXO,202607W4,20260722.0,43650.0,Put,287,289,287,289,192,▼-226,▼-43.88%,0,2,2,2,42,266,289,287
TXO,202607W4,20260722.0,43700.0,Call,-,-,-,-,2200,-,-,0,0,0,0,-,-,1160,1120
TXO,202607W4,20260722.0,43700.0,Put,340,340,188,188,200,▼-342,▼-64.53%,0,9,9,10,43.5,-,745,188
TXO,202607W4,20260722.0,43750.0,Call,-,-,-,-,2150,-,-,0,0,0,0,2110,-,-,-
TXO,202607W4,20260722.0,43750.0,Put,-,-,-,-,209,-,-,0,0,0,0,143,-,-,-
TXO,202607W4,20260722.0,43800.0,Call,-,-,-,-,2100,-,-,0,0,0,0,2070,2100,-,-
TXO,202607W4,20260722.0,43800.0,Put,300,300,188,188,218,▼-362,▼-65.82%,1,34,35,39,147,-,900,188
TXO,202607W4,20260722.0,43850.0,Call,-,-,-,-,2080,-,-,0,0,0,0,-,-,-,-
TXO,202607W4,20260722.0,43850.0,Put,403,403,310,310,227,▼-255,▼-45.13%,0,3,3,2,48,292,403,310
TXO,202607W4,20260722.0,43900.0,Call,-,-,-,-,2040,-,-,1,0,1,1,-,2140,1580,1580
TXO,202607W4,20260722.0,43900.0,Put,300,301,210,220,237,▼-350,▼-61.40%,0,9,9,13,195,-,785,210
TXO,202607W4,20260722.0,43950.0,Call,-,-,-,-,2000,-,-,0,0,0,0,1940,-,-,-
TXO,202607W4,20260722.0,43950.0,Put,-,-,-,-,247,-,-,0,0,0,0,42,-,-,-
TXO,202607W4,20260722.0,44000.0,Call,1980,1980,1980,1980,1980,▲+520,▲+35.62%,0,1,1,5,1820,-,1980,955
TXO,202607W4,20260722.0,44000.0,Put,400,400,228,240,256,▼-385,▼-61.60%,13,184,197,231,126,277,1040,228
TXO,202607W4,20260722.0,44050.0,Call,-,-,-,-,1930,-,-,0,0,0,0,-,-,-,-
TXO,202607W4,20260722.0,44050.0,Put,354,354,296,296,266,▼-339,▼-53.39%,0,2,2,2,93,-,354,296
TXO,202607W4,20260722.0,44100.0,Call,-,-,-,-,1880,-,-,0,0,0,0,-,-,-,-
TXO,202607W4,20260722.0,44100.0,Put,339,339,238,238,277,▼-412,▼-63.38%,3,10,13,5,83,296,580,238
TXO,202607W4,20260722.0,44150.0,Call,-,-,-,-,1840,-,-,0,0,0,0,-,-,-,-
TXO,202607W4,20260722.0,44150.0,Put,-,-,-,-,289,-,-,0,0,0,0,153,-,488,488
TXO,202607W4,20260722.0,44200.0,Call,-,-,-,-,1800,-,-,0,0,0,2,1740,1890,1080,1030
TXO,202607W4,20260722.0,44200.0,Put,300,300,277,279,300,▼-406,▼-59.27%,0,7,7,8,164,-,1010,277
TXO,202607W4,20260722.0,44250.0,Call,-,-,-,-,1770,-,-,0,0,0,8,1440,1850,1710,1690
TXO,202607W4,20260722.0,44250.0,Put,490,490,323,323,323,▼-382,▼-54.18%,22,8,30,6,98,325,565,323
TXO,202607W4,20260722.0,44300.0,Call,-,-,-,-,1730,-,-,1,0,1,10,1400,-,1330,915
TXO,202607W4,20260722.0,44300.0,Put,420,465,280,280,325,▼-455,▼-61.90%,5,24,29,20,185,386,1150,280
TXO,202607W4,20260722.0,44350.0,Call,-,-,-,-,1690,-,-,0,0,0,6,1360,1780,2570,760
TXO,202607W4,20260722.0,44350.0,Put,-,-,-,-,338,-,-,0,0,0,0,198,-,-,-
TXO,202607W4,20260722.0,44400.0,Call,-,-,-,-,1650,-,-,2,0,2,2,1320,-,1860,820
TXO,202607W4,20260722.0,44400.0,Put,303,331,300,300,350,▼-445,▼-59.73%,8,5,13,4,280,-,845,300
TXO,202607W4,20260722.0,44450.0,Call,-,-,-,-,1600,-,-,0,0,0,0,1280,-,-,-
TXO,202607W4,20260722.0,44450.0,Put,550,550,550,550,363,▼-225,▼-29.03%,0,2,2,0,216,-,615,550
TXO,202607W4,20260722.0,44500.0,Call,1600,1600,1550,1550,1550,▲+400,▲+34.78%,5,465,470,470,1510,1550,1600,690
TXO,202607W4,20260722.0,44500.0,Put,540,620,327,334,377,▼-461,▼-57.99%,35,47,82,54,235,381,1070,327
TXO,202607W4,20260722.0,44550.0,Call,-,-,-,-,1540,-,-,0,0,0,0,1380,-,1100,875
TXO,202607W4,20260722.0,44550.0,Put,460,500,400,400,400,▼-420,▼-51.22%,1,8,9,8,246,400,820,400
TXO,202607W4,20260722.0,44600.0,Call,-,-,-,-,1510,-,-,0,0,0,2,1350,-,1030,710
TXO,202607W4,20260722.0,44600.0,Put,600,600,400,400,400,▼-450,▼-52.94%,6,9,15,28,262,378,885,400
TXO,202607W4,20260722.0,44650.0,Call,-,-,-,-,1470,-,-,0,0,0,0,1350,-,-,-
TXO,202607W4,20260722.0,44650.0,Put,390,390,390,390,421,▼-475,▼-54.91%,0,1,1,1,271,1000,390,390
TXO,202607W4,20260722.0,44700.0,Call,-,-,-,-,1440,-,-,2,0,2,0,1250,-,1230,1060
TXO,202607W4,20260722.0,44700.0,Put,425,431,400,413,436,▼-472,▼-53.33%,2,17,19,13,287,443,1020,400
TXO,202607W4,20260722.0,44750.0,Call,-,-,-,-,1390,-,-,0,0,0,0,1310,1390,-,-
TXO,202607W4,20260722.0,44750.0,Put,-,-,-,-,452,-,-,4,0,4,0,299,-,805,680
TXO,202607W4,20260722.0,44800.0,Call,-,-,-,-,1370,-,-,0,0,0,1,1270,1440,890,890
TXO,202607W4,20260722.0,44800.0,Put,710,710,411,411,468,▼-519,▼-55.81%,1,14,15,4,400,520,1080,411
TXO,202607W4,20260722.0,44850.0,Call,-,-,-,-,1330,-,-,0,0,0,0,1240,-,-,-
TXO,202607W4,20260722.0,44850.0,Put,434,434,434,434,485,▼-521,▼-54.55%,0,1,1,1,330,535,434,434
TXO,202607W4,20260722.0,44900.0,Call,1220,1220,1220,1220,1280,▲+305,▲+33.33%,7,1,8,1,1220,1280,1220,605
TXO,202607W4,20260722.0,44900.0,Put,700,700,464,479,500,▼-491,▼-50.62%,4,49,53,33,349,455,1140,464
TXO,202607W4,20260722.0,44950.0,Call,-,-,-,-,1270,-,-,0,0,0,0,1180,-,-,-
TXO,202607W4,20260722.0,44950.0,Put,555,555,478,478,520,▼-517,▼-51.96%,0,6,6,4,365,570,555,478
TXO,202607W4,20260722.0,45000.0,Call,1180,1180,1180,1180,1240,▲+320,▲+37.21%,21,2,23,87,1160,1320,2070,495
TXO,202607W4,20260722.0,45000.0,Put,750,750,479,486,540,▼-514,▼-51.40%,2,99,101,89,486,496,1500,479
TXO,202607W4,20260722.0,45050.0,Call,1190,1190,1190,1190,1190,▲+350,▲+41.67%,1,1,2,2,1110,1220,1190,855
TXO,202607W4,20260722.0,45050.0,Put,-,-,-,-,555,-,-,0,0,0,0,398,-,1070,945
TXO,202607W4,20260722.0,45100.0,Call,1110,1210,1110,1160,1160,▲+345,▲+42.33%,1,11,12,4,825,-,1600,705
TXO,202607W4,20260722.0,45100.0,Put,585,585,510,530,570,▼-540,▼-50.47%,0,10,10,9,415,620,1040,510
TXO,202607W4,20260722.0,45150.0,Call,-,-,-,-,1130,-,-,0,0,0,0,1050,1130,-,-
TXO,202607W4,20260722.0,45150.0,Put,-,-,-,-,590,-,-,0,0,0,5,434,-,730,730
TXO,202607W4,20260722.0,45200.0,Call,935,1140,920,1140,1110,▲+370,▲+48.05%,1,79,80,26,765,1190,1140,590
TXO,202607W4,20260722.0,45200.0,Put,745,745,600,600,600,▼-530,▼-46.90%,4,2,6,15,453,-,1060,600
TXO,202607W4,20260722.0,45250.0,Call,-,-,-,-,1090,-,-,0,0,0,0,980,-,-,-
TXO,202607W4,20260722.0,45250.0,Put,-,-,-,-,635,-,-,0,0,0,3,472,680,990,910
TXO,202607W4,20260722.0,45300.0,Call,945,1050,945,1020,1060,▲+300,▲+41.67%,0,5,5,4,980,1010,1350,600
TXO,202607W4,20260722.0,45300.0,Put,870,870,585,585,655,▼-595,▼-50.42%,17,46,63,22,496,695,1220,585
TXO,202607W4,20260722.0,45350.0,Call,-,-,-,-,1030,-,-,1,0,1,1,955,-,745,745
TXO,202607W4,20260722.0,45350.0,Put,-,-,-,-,675,-,-,0,0,0,0,515,-,-,-
TXO,202607W4,20260722.0,45400.0,Call,810,1040,810,1040,995,▲+365,▲+54.07%,3,44,47,31,810,-,1040,400
TXO,202607W4,20260722.0,45400.0,Put,890,930,620,680,680,▼-550,▼-44.72%,29,69,98,47,540,710,1140,620
TXO,202607W4,20260722.0,45450.0,Call,850,1010,850,1010,970,▲+360,▲+55.38%,0,4,4,3,765,-,1590,850
TXO,202607W4,20260722.0,45450.0,Put,795,800,675,675,715,▼-585,▼-46.43%,0,12,12,8,555,750,800,675
TXO,202607W4,20260722.0,45500.0,Call,800,980,800,955,955,▲+325,▲+51.59%,15,18,33,36,805,1000,1200,343
TXO,202607W4,20260722.0,45500.0,Put,860,860,640,640,740,▼-650,▼-50.39%,0,30,30,27,575,1250,1440,640
TXO,202607W4,20260722.0,45550.0,Call,-,-,-,-,915,-,-,0,0,0,0,40,-,995,650
TXO,202607W4,20260722.0,45550.0,Put,835,845,670,670,760,▼-650,▼-49.24%,0,6,6,0,600,-,1260,670
TXO,202607W4,20260722.0,45600.0,Call,665,905,665,830,890,▲+240,▲+40.68%,6,6,12,2,40,-,1230,315
TXO,202607W4,20260722.0,45600.0,Put,770,770,710,745,785,▼-605,▼-44.81%,0,7,7,3,625,820,770,710
TXO,202607W4,20260722.0,45650.0,Call,665,885,665,885,885,▲+310,▲+53.91%,1,2,3,1,715,-,885,665
TXO,202607W4,20260722.0,45650.0,Put,-,-,-,-,810,-,-,0,0,0,1,650,850,1280,815
TXO,202607W4,20260722.0,45700.0,Call,665,880,665,790,840,▲+240,▲+43.64%,6,22,28,23,695,-,1260,300
TXO,202607W4,20260722.0,45700.0,Put,880,880,775,790,835,▼-620,▼-43.97%,3,13,16,16,675,-,1520,775
TXO,202607W4,20260722.0,45750.0,Call,665,845,665,845,815,▲+310,▲+57.94%,2,3,5,1,665,-,965,525
TXO,202607W4,20260722.0,45750.0,Put,755,755,755,755,860,▼-685,▼-47.57%,0,1,1,1,700,-,755,755
TXO,202607W4,20260722.0,45800.0,Call,645,820,560,705,775,▲+190,▲+36.89%,0,23,23,11,705,820,940,290
TXO,202607W4,20260722.0,45800.0,Put,825,835,795,825,875,▼-645,▼-43.88%,2,10,12,8,-,915,1260,795
TXO,202607W4,20260722.0,45850.0,Call,770,770,705,705,730,▲+211,▲+42.71%,0,2,2,2,620,810,770,403
TXO,202607W4,20260722.0,45850.0,Put,-,-,-,-,885,-,-,0,0,0,0,3,-,-,-
TXO,202607W4,20260722.0,45900.0,Call,655,680,655,680,680,▲+203,▲+42.56%,17,11,28,17,595,1020,1450,400
TXO,202607W4,20260722.0,45900.0,Put,810,850,810,850,900,▼-690,▼-44.81%,0,13,13,13,750,975,1060,810
TXO,202607W4,20260722.0,45950.0,Call,680,735,635,665,665,▲+204,▲+44.25%,6,16,22,18,570,-,1410,435
TXO,202607W4,20260722.0,45950.0,Put,-,-,-,-,910,-,-,0,0,0,0,-,-,-,-
TXO,202607W4,20260722.0,46000.0,Call,540,710,483,635,635,▲+205,▲+47.67%,11,104,115,97,550,660,1200,255
TXO,202607W4,20260722.0,46000.0,Put,955,965,875,950,920,▼-630,▼-39.87%,0,58,58,29,915,945,1580,875
TXO,202607W4,20260722.0,46050.0,Call,560,660,560,660,585,▲+232,▲+54.21%,0,3,3,1,515,-,660,560
TXO,202607W4,20260722.0,46050.0,Put,-,-,-,-,925,-,-,0,0,0,0,925,-,-,-
TXO,202607W4,20260722.0,46100.0,Call,545,645,545,600,555,▲+188,▲+45.63%,7,5,12,3,500,695,790,225
TXO,202607W4,20260722.0,46100.0,Put,-,-,-,-,955,-,-,0,0,0,0,945,-,-,-
TXO,202607W4,20260722.0,46150.0,Call,451,620,451,540,540,▲+144,▲+36.36%,2,3,5,3,485,-,1000,240
TXO,202607W4,20260722.0,46150.0,Put,-,-,-,-,985,-,-,0,0,0,0,-,1100,-,-
TXO,202607W4,20260722.0,46200.0,Call,580,615,520,520,520,▲+138,▲+36.13%,9,24,33,21,461,660,1010,201
TXO,202607W4,20260722.0,46200.0,Put,1070,1070,1070,1070,1030,▼-670,▼-38.51%,0,1,1,1,1030,1060,1070,1070
TXO,202607W4,20260722.0,46250.0,Call,494,575,494,530,498,▲+162,▲+44.02%,2,6,8,2,442,640,575,188
TXO,202607W4,20260722.0,46250.0,Put,-,-,-,-,1060,-,-,0,0,0,0,1060,1090,-,-
TXO,202607W4,20260722.0,46300.0,Call,390,550,390,483,483,▲+129,▲+36.44%,3,24,27,18,421,605,990,240
TXO,202607W4,20260722.0,46300.0,Put,-,-,-,-,1090,-,-,0,0,0,0,1090,1120,-,-
TXO,202607W4,20260722.0,46350.0,Call,457,499,457,499,461,▲+158,▲+46.33%,0,8,8,6,402,595,1010,457
TXO,202607W4,20260722.0,46350.0,Put,-,-,-,-,1110,-,-,0,0,0,0,-,1230,-,-
TXO,202607W4,20260722.0,46400.0,Call,405,520,385,443,443,▲+115,▲+35.06%,1,40,41,40,383,570,1090,180
TXO,202607W4,20260722.0,46400.0,Put,1090,1200,1090,1200,1140,▼-690,▼-36.51%,0,30,30,30,-,1220,1200,1090
TXO,202607W4,20260722.0,46450.0,Call,485,485,485,485,426,▲+170,▲+53.97%,1,1,2,1,357,-,485,203
TXO,202607W4,20260722.0,46450.0,Put,-,-,-,-,1190,-,-,0,0,0,0,1190,1220,-,-
TXO,202607W4,20260722.0,46500.0,Call,365,500,340,414,414,▲+109,▲+35.74%,9,101,110,89,400,520,770,145
TXO,202607W4,20260722.0,46500.0,Put,1190,1260,1170,1260,1200,▼-700,▼-35.71%,0,16,16,4,-,1280,2250,1150
TXO,202607W4,20260722.0,46550.0,Call,343,462,343,462,391,▲+173,▲+59.86%,0,3,3,3,322,-,980,343
TXO,202607W4,20260722.0,46550.0,Put,-,-,-,-,1250,-,-,0,0,0,0,1250,1280,-,-
TXO,202607W4,20260722.0,46600.0,Call,408,411,400,400,375,▲+134,▲+50.38%,5,5,10,11,305,510,615,170
TXO,202607W4,20260722.0,46600.0,Put,-,-,-,-,1270,-,-,0,0,0,0,1260,-,1870,1280
TXO,202607W4,20260722.0,46650.0,Call,-,-,-,-,360,-,-,0,0,0,0,290,-,570,148
TXO,202607W4,20260722.0,46650.0,Put,-,-,-,-,1320,-,-,0,0,0,0,1320,1350,-,-
TXO,202607W4,20260722.0,46700.0,Call,342,407,342,381,344,▲+127,▲+50.00%,6,9,15,13,272,-,770,132
TXO,202607W4,20260722.0,46700.0,Put,-,-,-,-,1340,-,-,0,0,0,1,1310,1460,1260,1260
TXO,202607W4,20260722.0,46750.0,Call,390,390,390,390,329,▲+146,▲+59.84%,0,3,3,15,257,-,910,390
TXO,202607W4,20260722.0,46750.0,Put,-,-,-,-,1390,-,-,0,0,0,0,1390,1420,-,-
TXO,202607W4,20260722.0,46800.0,Call,268,378,268,318,318,▲+83,▲+35.32%,3,13,16,16,243,386,535,130
TXO,202607W4,20260722.0,46800.0,Put,-,-,-,-,1420,-,-,0,0,0,0,1420,-,-,-
TXO,202607W4,20260722.0,46850.0,Call,-,-,-,-,300,-,-,0,0,0,0,229,-,-,-
TXO,202607W4,20260722.0,46850.0,Put,-,-,-,-,1450,-,-,0,0,0,0,-,-,-,-
TXO,202607W4,20260722.0,46900.0,Call,-,-,-,-,287,-,-,0,0,0,1,215,-,462,445
TXO,202607W4,20260722.0,46900.0,Put,-,-,-,-,1480,-,-,0,0,0,0,-,-,-,-
TXO,202607W4,20260722.0,46950.0,Call,-,-,-,-,275,-,-,0,0,0,0,143,-,-,-
TXO,202607W4,20260722.0,46950.0,Put,-,-,-,-,1520,-,-,0,0,0,0,-,-,-,-
TXO,202607W4,20260722.0,47000.0,Call,235,327,200,273,273,▲+74,▲+37.19%,74,136,210,185,250,376,820,95
TXO,202607W4,20260722.0,47000.0,Put,-,-,-,-,1560,-,-,1,0,1,2,1280,1600,2900,1630
TXO,202607W4,20260722.0,47050.0,Call,298,298,298,298,249,▲+110,▲+58.51%,0,2,2,2,122,-,298,298
TXO,202607W4,20260722.0,47050.0,Put,-,-,-,-,1600,-,-,0,0,0,0,-,-,-,-
TXO,202607W4,20260722.0,47100.0,Call,234,247,234,247,247,▲+68,▲+37.99%,0,3,3,12,240,366,640,100
TXO,202607W4,20260722.0,47100.0,Put,-,-,-,-,1630,-,-,0,0,0,0,-,-,-,-
TXO,202607W4,20260722.0,47200.0,Call,202,253,202,243,218,▲+68,▲+38.86%,2,8,10,9,218,342,277,104
TXO,202607W4,20260722.0,47200.0,Put,-,-,-,-,1710,-,-,0,0,0,0,-,-,-,-
TXO,202607W4,20260722.0,47300.0,Call,170,228,151,204,204,▲+56,▲+37.84%,9,39,48,36,84,347,615,71
TXO,202607W4,20260722.0,47300.0,Put,-,-,-,-,1790,-,-,0,0,0,0,1770,-,-,-
TXO,202607W4,20260722.0,47400.0,Call,158,200,140,195,195,▲+61,▲+45.52%,0,19,19,67,100,880,520,118
TXO,202607W4,20260722.0,47400.0,Put,-,-,-,-,1870,-,-,0,0,0,0,-,-,-,-
TXO,202607W4,20260722.0,47500.0,Call,145,203,117,174,174,▲+49,▲+39.20%,13,68,81,62,64,-,640,58
TXO,202607W4,20260722.0,47500.0,Put,-,-,-,-,1950,-,-,0,0,0,0,1670,-,-,-
TXO,202607W4,20260722.0,47600.0,Call,113,179,108,174,142,▲+62,▲+55.36%,1,33,34,28,140,201,585,59
TXO,202607W4,20260722.0,47600.0,Put,-,-,-,-,2040,-,-,0,0,0,0,-,-,-,-
TXO,202607W4,20260722.0,47700.0,Call,107,158,105,150,135,▲+50,▲+50.00%,13,16,29,58,135,178,479,84
TXO,202607W4,20260722.0,47700.0,Put,-,-,-,-,2120,-,-,0,0,0,0,-,-,-,-
TXO,202607W4,20260722.0,47800.0,Call,82,145,82,121,121,▲+27,▲+28.72%,3,18,21,15,105,157,411,45
TXO,202607W4,20260722.0,47800.0,Put,-,-,-,-,2210,-,-,0,0,0,0,-,-,-,-
TXO,202607W4,20260722.0,47900.0,Call,120,120,100,104,104,▲+20,▲+23.81%,3,5,8,7,100,221,460,53
TXO,202607W4,20260722.0,47900.0,Put,-,-,-,-,2300,-,-,0,0,0,0,2270,-,-,-
TXO,202607W4,20260722.0,48000.0,Call,83,115,65,100,100,▲+24,▲+31.58%,126,238,364,138,103,199,410,36
TXO,202607W4,20260722.0,48000.0,Put,-,-,-,-,2390,-,-,0,0,0,0,-,-,-,-
TXO,202607W4,20260722.0,48100.0,Call,67,90,64,88,88,▲+19,▲+27.54%,11,33,44,32,3.4,120,195,34
TXO,202607W4,20260722.0,48100.0,Put,-,-,-,-,2480,-,-,0,0,0,0,-,-,-,-
TXO,202607W4,20260722.0,48200.0,Call,54,90,54,80,80,▲+17,▲+26.98%,0,28,28,42,70,129,284,30.5
TXO,202607W4,20260722.0,48200.0,Put,-,-,-,-,2570,-,-,0,0,0,0,-,-,-,-
TXO,202607W4,20260722.0,48300.0,Call,60,78,60,68,68,▲+9,▲+15.25%,0,18,18,27,1.7,78,344,28.5
TXO,202607W4,20260722.0,48300.0,Put,-,-,-,-,2660,-,-,0,0,0,0,-,-,-,-
TXO,202607W4,20260722.0,48400.0,Call,52,76,46,66,66,▲+15,▲+29.41%,3,31,34,29,1.6,90,303,28
TXO,202607W4,20260722.0,48400.0,Put,-,-,-,-,2750,-,-,0,0,0,0,-,-,-,-
TXO,202607W4,20260722.0,48500.0,Call,48.5,68,45,59,59,▲+12.5,▲+26.88%,6,39,45,55,50,161,280,23
TXO,202607W4,20260722.0,48500.0,Put,-,-,-,-,2850,-,-,0,0,0,0,-,2880,-,-
TXO,202607W4,20260722.0,48600.0,Call,37,56,37,56,46.5,▲+13.5,▲+31.76%,14,13,27,15,45,155,300,24.5
TXO,202607W4,20260722.0,48600.0,Put,-,-,-,-,2940,-,-,0,0,0,0,-,2970,-,-
TXO,202607W4,20260722.0,48700.0,Call,37,40,30.5,40,40,▲+2.5,▲+6.67%,2,23,25,46,0.9,149,192,30
TXO,202607W4,20260722.0,48700.0,Put,-,-,-,-,3040,-,-,0,0,0,0,-,-,-,-
TXO,202607W4,20260722.0,48800.0,Call,30,40,28,39,39,▲+3.5,▲+9.86%,0,22,22,23,3.5,50,100,26
TXO,202607W4,20260722.0,48800.0,Put,-,-,-,-,3130,-,-,0,0,0,0,-,3160,-,-
TXO,202607W4,20260722.0,48900.0,Call,31,41,25.5,33.5,33.5,▲+1,▲+3.08%,1,8,9,3,0.9,-,64,17
TXO,202607W4,20260722.0,48900.0,Put,-,-,-,-,3230,-,-,0,0,0,0,3190,-,-,-
TXO,202607W4,20260722.0,49000.0,Call,27.5,38,24,28,28,▼-1.5,▼-5.08%,8,48,56,51,20,41,200,15.5
TXO,202607W4,20260722.0,49000.0,Put,-,-,-,-,3330,-,-,0,0,0,0,11,3350,-,-
TXO,202607W4,20260722.0,49100.0,Call,21,33,21,32,26.5,▲+4,▲+14.29%,2,13,15,34,0.9,39,180,21
TXO,202607W4,20260722.0,49100.0,Put,-,-,-,-,3420,-,-,0,0,0,0,-,-,-,-
TXO,202607W4,20260722.0,49200.0,Call,19,30.5,19,29.5,23.5,▲+4.5,▲+18.00%,1,10,11,21,0.8,1000,150,14
TXO,202607W4,20260722.0,49200.0,Put,-,-,-,-,3520,-,-,0,0,0,0,-,-,-,-
TXO,202607W4,20260722.0,49300.0,Call,19.5,28,18.5,28,21,▲+7,▲+33.33%,2,29,31,14,0.8,28,157,13
TXO,202607W4,20260722.0,49300.0,Put,-,-,-,-,3620,-,-,0,0,0,0,-,-,-,-
TXO,202607W4,20260722.0,49400.0,Call,18,22.5,18,22.5,19.5,▲+1.5,▲+7.14%,0,7,7,9,3.3,-,141,12
TXO,202607W4,20260722.0,49400.0,Put,-,-,-,-,3720,-,-,0,0,0,0,-,3740,-,-
TXO,202607W4,20260722.0,49500.0,Call,18,20,15.5,18,18,▼-1.5,▼-7.69%,8,22,30,25,0.8,50,140,12
TXO,202607W4,20260722.0,49500.0,Put,-,-,-,-,3810,-,-,0,0,0,0,-,-,-,-
TXO,202607W4,20260722.0,49600.0,Call,-,-,-,-,16,-,-,0,0,0,9,0.7,119,128,10.5
TXO,202607W4,20260722.0,49600.0,Put,-,-,-,-,3910,-,-,0,0,0,0,-,-,-,-
TXO,202607W4,20260722.0,49700.0,Call,13,13,13,13,14.5,▼-4,▼-23.53%,0,1,1,4,10,117,107,11.5
TXO,202607W4,20260722.0,49700.0,Put,-,-,-,-,4010,-,-,0,0,0,0,-,-,-,-
TXO,202607W4,20260722.0,49800.0,Call,12.5,15.5,10.5,15.5,13.5,0,0%,7,10,17,11,1.3,116,113,10.5
TXO,202607W4,20260722.0,49800.0,Put,-,-,-,-,4110,-,-,0,0,0,0,-,4140,-,-
TXO,202607W4,20260722.0,49900.0,Call,9.4,9.4,9.4,9.4,12.5,▼-5.1,▼-35.17%,2,1,3,2,9,114,101,7.2
TXO,202607W4,20260722.0,49900.0,Put,-,-,-,-,4210,-,-,0,0,0,0,-,-,-,-
TXO,202607W4,20260722.0,50000.0,Call,9,12,9,12,12,▼-1.5,▼-11.11%,21,19,40,142,10,77,117,8.5
TXO,202607W4,20260722.0,50000.0,Put,-,-,-,-,4310,-,-,0,0,0,0,-,4330,-,-
TXO,202607W4,20260722.0,50100.0,Call,11,11,11,11,11,▼-1.5,▼-12.00%,0,1,1,15,5,19,92,8.6
TXO,202607W4,20260722.0,50100.0,Put,-,-,-,-,4410,-,-,0,0,0,0,-,4430,-,-
TXO,202607W4,20260722.0,50200.0,Call,8.2,11,8.2,11,8.7,▼-1,▼-8.33%,0,5,5,18,0.7,111,15.5,8.2
TXO,202607W4,20260722.0,50200.0,Put,-,-,-,-,4500,-,-,0,0,0,0,-,-,-,-
TXO,202607W4,20260722.0,50300.0,Call,10,10,10,10,7.8,▼-1,▼-9.09%,11,2,13,6,1,111,59,6.9
TXO,202607W4,20260722.0,50300.0,Put,-,-,-,-,4600,-,-,0,0,0,0,-,-,-,-
TXO,202607W4,20260722.0,50400.0,Call,7.6,9,7.2,9,7.3,▼-1,▼-10.00%,12,29,41,105,3.1,9.5,68,7.2
TXO,202607W4,20260722.0,50400.0,Put,-,-,-,-,4700,-,-,0,0,0,0,-,-,-,-
TXO,202607F4,20260724.0,40200.0,Call,-,-,-,-,5600,-,-,0,0,0,0,-,-,-,-
TXO,202607F4,20260724.0,40200.0,Put,60,60,27,28.5,28.5,▼-65.5,▼-69.68%,0,24,24,18,0.8,49,60,27
TXO,202607F4,20260724.0,40300.0,Call,-,-,-,-,5500,-,-,0,0,0,0,5480,-,-,-
TXO,202607F4,20260724.0,40300.0,Put,48,48,48,48,29.5,▼-51,▼-51.52%,0,1,1,1,3.1,130,48,48
TXO,202607F4,20260724.0,40400.0,Call,-,-,-,-,5400,-,-,0,0,0,0,-,-,-,-
TXO,202607F4,20260724.0,40400.0,Put,-,-,-,-,31.5,-,-,0,0,0,0,1.3,-,-,-
TXO,202607F4,20260724.0,40500.0,Call,-,-,-,-,5310,-,-,0,0,0,0,-,-,-,-
TXO,202607F4,20260724.0,40500.0,Put,-,-,-,-,33.5,-,-,0,0,0,0,1.5,-,-,-
TXO,202607F4,20260724.0,40600.0,Call,-,-,-,-,5210,-,-,0,0,0,0,-,-,-,-
TXO,202607F4,20260724.0,40600.0,Put,-,-,-,-,35.5,-,-,0,0,0,0,1.3,-,-,-
TXO,202607F4,20260724.0,40700.0,Call,-,-,-,-,5110,-,-,0,0,0,0,5090,-,-,-
TXO,202607F4,20260724.0,40700.0,Put,-,-,-,-,37,-,-,0,0,0,0,2,-,-,-
TXO,202607F4,20260724.0,40800.0,Call,-,-,-,-,5010,-,-,0,0,0,0,-,-,-,-
TXO,202607F4,20260724.0,40800.0,Put,90,96,42,42,40,▼-98,▼-70.00%,2,38,40,74,35,177,222,42
TXO,202607F4,20260724.0,40900.0,Call,-,-,-,-,4920,-,-,0,0,0,0,-,-,-,-
TXO,202607F4,20260724.0,40900.0,Put,62,62,62,62,41.5,▼-83,▼-57.24%,1,2,3,17,4,142,256,62
TXO,202607F4,20260724.0,41000.0,Call,-,-,-,-,4820,-,-,0,0,0,0,4800,4840,-,-
TXO,202607F4,20260724.0,41000.0,Put,91,91,85,85,45,▼-67,▼-44.08%,0,2,2,20,2.5,145,183,85
TXO,202607F4,20260724.0,41100.0,Call,-,-,-,-,4720,-,-,0,0,0,0,-,-,-,-
TXO,202607F4,20260724.0,41100.0,Put,87,87,87,87,47.5,▼-74,▼-45.96%,2,1,3,13,13,197,167,87
TXO,202607F4,20260724.0,41200.0,Call,-,-,-,-,4630,-,-,0,0,0,0,-,-,-,-
TXO,202607F4,20260724.0,41200.0,Put,-,-,-,-,51,-,-,0,0,0,8,18.5,151,281,122
TXO,202607F4,20260724.0,41300.0,Call,-,-,-,-,4530,-,-,0,0,0,0,-,-,-,-
TXO,202607F4,20260724.0,41300.0,Put,-,-,-,-,55,-,-,3,0,3,8,26,154,209,128
TXO,202607F4,20260724.0,41400.0,Call,-,-,-,-,4430,-,-,0,0,0,0,4410,-,-,-
TXO,202607F4,20260724.0,41400.0,Put,96,96,96,96,59,▼-95,▼-49.74%,1,1,2,1,32.5,88,248,96
TXO,202607F4,20260724.0,41500.0,Call,-,-,-,-,4340,-,-,0,0,0,0,4320,-,-,-
TXO,202607F4,20260724.0,41500.0,Put,-,-,-,-,63,-,-,3,0,3,7,2,162,350,150
TXO,202607F4,20260724.0,41600.0,Call,-,-,-,-,4240,-,-,0,0,0,0,4220,-,-,-
TXO,202607F4,20260724.0,41600.0,Put,-,-,-,-,67,-,-,0,0,0,1,2.1,-,304,200
TXO,202607F4,20260724.0,41700.0,Call,-,-,-,-,4150,-,-,0,0,0,0,-,4160,-,-
TXO,202607F4,20260724.0,41700.0,Put,-,-,-,-,71,-,-,1,0,1,35,2.2,171,355,183
TXO,202607F4,20260724.0,41800.0,Call,-,-,-,-,4050,-,-,0,0,0,0,-,-,-,-
TXO,202607F4,20260724.0,41800.0,Put,130,130,104,104,77,▼-134,▼-56.30%,40,3,43,4,3,176,248,104
TXO,202607F4,20260724.0,41900.0,Call,-,-,-,-,3960,-,-,0,0,0,0,3940,-,-,-
TXO,202607F4,20260724.0,41900.0,Put,-,-,-,-,83,-,-,4,0,4,4,5,182,240,208
TXO,202607F4,20260724.0,42000.0,Call,-,-,-,-,3860,-,-,0,0,0,0,-,-,-,-
TXO,202607F4,20260724.0,42000.0,Put,166,166,89,89,89,▼-178,▼-66.67%,12,4,16,35,36,187,335,89
TXO,202607F4,20260724.0,42100.0,Call,-,-,-,-,3770,-,-,0,0,0,0,-,-,-,-
TXO,202607F4,20260724.0,42100.0,Put,149,149,121,121,95,▼-158,▼-56.63%,0,3,3,3,12,121,399,121
TXO,202607F4,20260724.0,42200.0,Call,-,-,-,-,3670,-,-,0,0,0,0,3660,-,-,-
TXO,202607F4,20260724.0,42200.0,Put,-,-,-,-,100,-,-,2,0,2,0,19,-,283,250
TXO,202607F4,20260724.0,42300.0,Call,-,-,-,-,3580,-,-,0,0,0,0,3570,3600,-,-
TXO,202607F4,20260724.0,42300.0,Put,226,226,115,115,115,▼-198,▼-63.26%,19,16,35,39,80,-,550,115
TXO,202607F4,20260724.0,42400.0,Call,-,-,-,-,3490,-,-,0,0,0,0,-,-,-,-
TXO,202607F4,20260724.0,42400.0,Put,-,-,-,-,117,-,-,0,0,0,30,20,217,327,327
TXO,202607F4,20260724.0,42500.0,Call,-,-,-,-,3400,-,-,0,0,0,0,-,-,-,-
TXO,202607F4,20260724.0,42500.0,Put,240,240,215,215,126,▼-130,▼-37.68%,6,4,10,3,24,-,580,200
TXO,202607F4,20260724.0,42600.0,Call,-,-,-,-,3310,-,-,0,0,0,0,3290,-,-,-
TXO,202607F4,20260724.0,42600.0,Put,203,203,136,136,136,▼-229,▼-62.74%,1,2,3,2,28,234,314,136
TXO,202607F4,20260724.0,42700.0,Call,-,-,-,-,3220,-,-,0,0,0,0,-,-,-,-
TXO,202607F4,20260724.0,42700.0,Put,225,225,225,225,144,▼-156,▼-40.94%,2,1,3,32,30,244,460,225
TXO,202607F4,20260724.0,42800.0,Call,-,-,-,-,3130,-,-,0,0,0,0,3110,-,-,-
TXO,202607F4,20260724.0,42800.0,Put,-,-,-,-,154,-,-,0,0,0,0,32,-,-,-
TXO,202607F4,20260724.0,42900.0,Call,-,-,-,-,3040,-,-,0,0,0,0,-,-,-,-
TXO,202607F4,20260724.0,42900.0,Put,208,208,196,196,167,▼-227,▼-53.66%,0,13,13,1,35,-,208,196
TXO,202607F4,20260724.0,43000.0,Call,-,-,-,-,2950,-,-,0,0,0,0,2940,-,2930,2930
TXO,202607F4,20260724.0,43000.0,Put,250,250,185,185,185,▼-245,▼-56.98%,1,23,24,21,38,278,535,185
TXO,202607F4,20260724.0,43100.0,Call,-,-,-,-,2870,-,-,0,0,0,0,-,-,-,-
TXO,202607F4,20260724.0,43100.0,Put,206,206,206,206,206,▼-261,▼-55.89%,0,1,1,1,40,-,492,206
TXO,202607F4,20260724.0,43200.0,Call,-,-,-,-,2780,-,-,0,0,0,0,-,-,-,-
TXO,202607F4,20260724.0,43200.0,Put,-,-,-,-,208,-,-,0,0,0,1,42,305,510,365
TXO,202607F4,20260724.0,43300.0,Call,-,-,-,-,2690,-,-,0,0,0,0,2680,2710,-,-
TXO,202607F4,20260724.0,43300.0,Put,281,281,220,220,220,▼-300,▼-57.69%,3,2,5,21,44,319,496,220
TXO,202607F4,20260724.0,43400.0,Call,-,-,-,-,2610,-,-,0,0,0,0,-,-,-,-
TXO,202607F4,20260724.0,43400.0,Put,-,-,-,-,235,-,-,1,0,1,1,54,-,695,545
TXO,202607F4,20260724.0,43450.0,Call,-,-,-,-,2570,-,-,0,0,0,0,2550,-,-,-
TXO,202607F4,20260724.0,43450.0,Put,-,-,-,-,244,-,-,0,0,0,0,50,-,-,-
TXO,202607F4,20260724.0,43500.0,Call,-,-,-,-,2530,-,-,0,0,0,0,2510,2540,-,-
TXO,202607F4,20260724.0,43500.0,Put,340,340,340,340,252,▼-235,▼-40.87%,0,1,1,2,74,350,406,340
TXO,202607F4,20260724.0,43550.0,Call,-,-,-,-,2490,-,-,0,0,0,0,2470,-,-,-
TXO,202607F4,20260724.0,43550.0,Put,-,-,-,-,261,-,-,0,0,0,0,152,-,-,-
TXO,202607F4,20260724.0,43600.0,Call,-,-,-,-,2440,-,-,0,0,0,0,-,-,-,-
TXO,202607F4,20260724.0,43600.0,Put,-,-,-,-,269,-,-,0,0,0,0,90,-,-,-
TXO,202607F4,20260724.0,43650.0,Call,-,-,-,-,2400,-,-,0,0,0,0,-,-,-,-
TXO,202607F4,20260724.0,43650.0,Put,-,-,-,-,277,-,-,0,0,0,0,46,-,-,-
TXO,202607F4,20260724.0,43700.0,Call,-,-,-,-,2360,-,-,0,0,0,0,-,2380,-,-
TXO,202607F4,20260724.0,43700.0,Put,-,-,-,-,287,-,-,0,0,0,0,106,-,505,500
TXO,202607F4,20260724.0,43750.0,Call,-,-,-,-,2320,-,-,0,0,0,0,2300,-,-,-
TXO,202607F4,20260724.0,43750.0,Put,-,-,-,-,295,-,-,0,0,0,0,46,-,-,-
TXO,202607F4,20260724.0,43800.0,Call,-,-,-,-,2280,-,-,0,0,0,0,-,-,-,-
TXO,202607F4,20260724.0,43800.0,Put,-,-,-,-,306,-,-,0,0,0,0,126,-,500,479
TXO,202607F4,20260724.0,43850.0,Call,-,-,-,-,2240,-,-,0,0,0,0,-,2280,-,-
TXO,202607F4,20260724.0,43850.0,Put,-,-,-,-,317,-,-,0,0,0,0,213,-,-,-
TXO,202607F4,20260724.0,43900.0,Call,-,-,-,-,2200,-,-,0,0,0,0,-,-,-,-
TXO,202607F4,20260724.0,43900.0,Put,-,-,-,-,328,-,-,0,0,0,1,221,-,480,480
TXO,202607F4,20260724.0,43950.0,Call,-,-,-,-,2170,-,-,0,0,0,0,-,2180,-,-
TXO,202607F4,20260724.0,43950.0,Put,-,-,-,-,340,-,-,0,0,0,0,230,-,-,-
TXO,202607F4,20260724.0,44000.0,Call,-,-,-,-,2130,-,-,0,0,0,0,-,-,-,-
TXO,202607F4,20260724.0,44000.0,Put,435,435,428,428,352,▼-297,▼-40.97%,2,2,4,4,170,447,1100,428
TXO,202607F4,20260724.0,44050.0,Call,-,-,-,-,2090,-,-,0,0,0,0,-,-,-,-
TXO,202607F4,20260724.0,44050.0,Put,-,-,-,-,365,-,-,0,0,0,0,178,-,-,-
TXO,202607F4,20260724.0,44100.0,Call,2120,2120,1990,1990,2040,▲+430,▲+27.56%,0,2,2,1,2030,2060,2120,1990
TXO,202607F4,20260724.0,44100.0,Put,388,388,388,388,369,▼-372,▼-48.95%,3,1,4,6,190,468,750,388
TXO,202607F4,20260724.0,44150.0,Call,-,-,-,-,2010,-,-,0,0,0,0,1990,2020,-,-
TXO,202607F4,20260724.0,44150.0,Put,-,-,-,-,381,-,-,0,0,0,0,202,-,-,-
TXO,202607F4,20260724.0,44200.0,Call,-,-,-,-,1970,-,-,0,0,0,0,1950,-,-,-
TXO,202607F4,20260724.0,44200.0,Put,399,399,399,399,399,▼-401,▼-50.13%,4,1,5,3,214,491,640,399
TXO,202607F4,20260724.0,44250.0,Call,-,-,-,-,1930,-,-,0,0,0,0,-,-,-,-
TXO,202607F4,20260724.0,44250.0,Put,-,-,-,-,405,-,-,0,0,0,0,228,-,-,-
TXO,202607F4,20260724.0,44300.0,Call,1580,1860,1580,1860,1890,▲+430,▲+30.07%,0,2,2,0,1880,1910,1860,1580
TXO,202607F4,20260724.0,44300.0,Put,615,615,449,449,418,▼-386,▼-46.23%,1,4,5,1,237,-,755,449
TXO,202607F4,20260724.0,44350.0,Call,-,-,-,-,1860,-,-,0,0,0,0,1840,-,-,-
TXO,202607F4,20260724.0,44350.0,Put,-,-,-,-,430,-,-,0,0,0,0,250,-,-,-
TXO,202607F4,20260724.0,44400.0,Call,-,-,-,-,1820,-,-,0,0,0,0,1800,-,-,-
TXO,202607F4,20260724.0,44400.0,Put,-,-,-,-,443,-,-,0,0,0,0,263,-,-,-
TXO,202607F4,20260724.0,44450.0,Call,-,-,-,-,1780,-,-,0,0,0,0,-,-,-,-
TXO,202607F4,20260724.0,44450.0,Put,-,-,-,-,457,-,-,0,0,0,0,276,-,-,-
TXO,202607F4,20260724.0,44500.0,Call,1520,1520,1520,1520,1750,▲+210,▲+16.03%,3,2,5,1,1730,1760,1520,1290
TXO,202607F4,20260724.0,44500.0,Put,492,492,492,492,470,▼-423,▼-46.23%,0,1,1,1,290,-,492,492
TXO,202607F4,20260724.0,44550.0,Call,-,-,-,-,1710,-,-,1,0,1,0,1510,1930,1300,1080
TXO,202607F4,20260724.0,44550.0,Put,-,-,-,-,484,-,-,0,0,0,0,377,-,-,-
TXO,202607F4,20260724.0,44600.0,Call,1500,1500,1500,1500,1680,▲+250,▲+20.00%,0,1,1,1,1610,1780,1500,1000
TXO,202607F4,20260724.0,44600.0,Put,-,-,-,-,500,-,-,0,0,0,1,322,600,1010,1010
TXO,202607F4,20260724.0,44650.0,Call,-,-,-,-,1640,-,-,0,0,0,0,1600,1720,-,-
TXO,202607F4,20260724.0,44650.0,Put,-,-,-,-,515,-,-,0,0,0,0,408,-,-,-
TXO,202607F4,20260724.0,44700.0,Call,1580,1580,1510,1510,1610,▲+320,▲+26.89%,0,2,2,0,1310,-,1580,1510
TXO,202607F4,20260724.0,44700.0,Put,570,570,570,570,530,▼-425,▼-42.71%,3,1,4,1,352,630,1050,570
TXO,202607F4,20260724.0,44750.0,Call,-,-,-,-,1570,-,-,0,0,0,0,1510,1660,-,-
TXO,202607F4,20260724.0,44750.0,Put,575,575,575,575,545,▼-445,▼-43.63%,0,1,1,1,438,-,575,575
TXO,202607F4,20260724.0,44800.0,Call,-,-,-,-,1530,-,-,0,0,0,0,1490,-,-,-
TXO,202607F4,20260724.0,44800.0,Put,-,-,-,-,560,-,-,0,0,0,0,454,-,-,-
TXO,202607F4,20260724.0,44850.0,Call,1430,1490,1430,1490,1490,▲+380,▲+34.23%,0,2,2,0,1470,-,1490,1430
TXO,202607F4,20260724.0,44850.0,Put,605,605,605,605,575,▼-465,▼-43.46%,0,1,1,1,470,-,605,605
TXO,202607F4,20260724.0,44900.0,Call,-,-,-,-,1470,-,-,0,0,0,0,1430,-,-,-
TXO,202607F4,20260724.0,44900.0,Put,-,-,-,-,595,-,-,0,0,0,0,415,-,-,-
TXO,202607F4,20260724.0,44950.0,Call,-,-,-,-,1440,-,-,0,0,0,0,1140,-,-,-
TXO,202607F4,20260724.0,44950.0,Put,-,-,-,-,600,-,-,0,0,0,0,432,-,-,-
TXO,202607F4,20260724.0,45000.0,Call,1320,1460,1320,1460,1410,▲+430,▲+41.75%,3,4,7,1,1350,-,1460,955
TXO,202607F4,20260724.0,45000.0,Put,610,610,610,610,610,▼-520,▼-46.02%,0,1,1,1,520,725,610,610
TXO,202607F4,20260724.0,45050.0,Call,-,-,-,-,1370,-,-,0,0,0,0,1330,1390,-,-
TXO,202607F4,20260724.0,45050.0,Put,-,-,-,-,650,-,-,0,0,0,0,540,-,-,-
TXO,202607F4,20260724.0,45100.0,Call,-,-,-,-,1340,-,-,1,0,1,1,1310,-,1180,1180
TXO,202607F4,20260724.0,45100.0,Put,-,-,-,-,665,-,-,0,0,0,5,560,-,840,835
TXO,202607F4,20260724.0,45150.0,Call,-,-,-,-,1310,-,-,0,0,0,0,1280,-,-,-
TXO,202607F4,20260724.0,45150.0,Put,-,-,-,-,685,-,-,0,0,0,0,575,-,-,-
TXO,202607F4,20260724.0,45200.0,Call,-,-,-,-,1280,-,-,0,0,0,0,1230,-,-,-
TXO,202607F4,20260724.0,45200.0,Put,-,-,-,-,705,-,-,0,0,0,0,595,-,-,-
TXO,202607F4,20260724.0,45250.0,Call,-,-,-,-,1250,-,-,0,0,0,0,1220,-,-,-
TXO,202607F4,20260724.0,45250.0,Put,-,-,-,-,720,-,-,0,0,0,0,545,-,-,-
TXO,202607F4,20260724.0,45300.0,Call,-,-,-,-,1220,-,-,0,0,0,0,1180,-,-,-
TXO,202607F4,20260724.0,45300.0,Put,-,-,-,-,740,-,-,0,0,0,0,635,-,-,-
TXO,202607F4,20260724.0,45350.0,Call,1000,1000,1000,1000,1190,▲+140,▲+16.28%,0,1,1,0,1130,-,1300,1000
TXO,202607F4,20260724.0,45350.0,Put,-,-,-,-,760,-,-,0,0,0,0,650,-,-,-
TXO,202607F4,20260724.0,45400.0,Call,-,-,-,-,1160,-,-,0,0,0,0,1110,1190,-,-
TXO,202607F4,20260724.0,45400.0,Put,-,-,-,-,780,-,-,0,0,0,0,-,-,-,-
TXO,202607F4,20260724.0,45450.0,Call,-,-,-,-,1130,-,-,0,0,0,0,1100,-,-,-
TXO,202607F4,20260724.0,45450.0,Put,-,-,-,-,800,-,-,0,0,0,1,-,895,1000,1000
TXO,202607F4,20260724.0,45500.0,Call,1030,1150,1030,1150,1100,▲+350,▲+43.75%,4,6,10,2,3.3,1190,1150,465
TXO,202607F4,20260724.0,45500.0,Put,-,-,-,-,820,-,-,0,0,0,0,-,-,-,-
TXO,202607F4,20260724.0,45550.0,Call,-,-,-,-,1060,-,-,0,0,0,0,40,-,-,-
TXO,202607F4,20260724.0,45550.0,Put,-,-,-,-,840,-,-,0,0,0,0,2.1,-,-,-
TXO,202607F4,20260724.0,45600.0,Call,-,-,-,-,1040,-,-,0,0,0,0,40,-,-,-
TXO,202607F4,20260724.0,45600.0,Put,-,-,-,-,860,-,-,0,0,0,1,760,-,1180,1180
TXO,202607F4,20260724.0,45650.0,Call,-,-,-,-,1010,-,-,0,0,0,0,40,-,-,-
TXO,202607F4,20260724.0,45650.0,Put,-,-,-,-,885,-,-,0,0,0,0,-,-,-,-
TXO,202607F4,20260724.0,45700.0,Call,940,940,940,940,985,▲+235,▲+33.33%,0,1,1,3,550,-,1230,940
TXO,202607F4,20260724.0,45700.0,Put,945,945,945,945,910,▼-565,▼-37.42%,0,1,1,2,-,1010,1010,945
TXO,202607F4,20260724.0,45750.0,Call,-,-,-,-,960,-,-,0,0,0,0,40,-,-,-
TXO,202607F4,20260724.0,45750.0,Put,-,-,-,-,930,-,-,0,0,0,0,-,-,-,-
TXO,202607F4,20260724.0,45800.0,Call,-,-,-,-,935,-,-,0,0,0,0,40,-,-,-
TXO,202607F4,20260724.0,45800.0,Put,-,-,-,-,955,-,-,0,0,0,0,-,-,-,-
TXO,202607F4,20260724.0,45850.0,Call,-,-,-,-,910,-,-,0,0,0,0,40,-,-,-
TXO,202607F4,20260724.0,45850.0,Put,-,-,-,-,980,-,-,0,0,0,0,-,-,-,-
TXO,202607F4,20260724.0,45900.0,Call,-,-,-,-,885,-,-,0,0,0,0,40,-,685,438
TXO,202607F4,20260724.0,45900.0,Put,-,-,-,-,1010,-,-,0,0,0,1,-,1110,1010,1010
TXO,202607F4,20260724.0,45950.0,Call,-,-,-,-,860,-,-,1,0,1,0,40,-,635,453
TXO,202607F4,20260724.0,45950.0,Put,-,-,-,-,1030,-,-,0,0,0,0,-,-,-,-
TXO,202607F4,20260724.0,46000.0,Call,-,-,-,-,835,-,-,2,0,2,3,730,-,780,393
TXO,202607F4,20260724.0,46000.0,Put,1030,1040,1030,1040,1040,▼-660,▼-38.82%,0,4,4,4,1040,1070,1040,1030
TXO,202607F4,20260724.0,46050.0,Call,-,-,-,-,815,-,-,0,0,0,1,710,915,1000,1000
TXO,202607F4,20260724.0,46050.0,Put,-,-,-,-,1090,-,-,0,0,0,0,-,1100,-,-
TXO,202607F4,20260724.0,46100.0,Call,-,-,-,-,790,-,-,0,0,0,0,685,-,-,-
TXO,202607F4,20260724.0,46100.0,Put,-,-,-,-,1110,-,-,0,0,0,0,1090,1120,-,-
TXO,202607F4,20260724.0,46150.0,Call,-,-,-,-,770,-,-,0,0,0,0,660,-,-,-
TXO,202607F4,20260724.0,46150.0,Put,-,-,-,-,1140,-,-,0,0,0,0,-,1150,-,-
TXO,202607F4,20260724.0,46200.0,Call,605,605,605,605,745,▲+90,▲+17.48%,0,1,1,1,635,-,605,420
TXO,202607F4,20260724.0,46200.0,Put,1400,1400,1400,1400,1170,▼-420,▼-23.08%,0,2,2,0,-,-,1400,1400
TXO,202607F4,20260724.0,46250.0,Call,-,-,-,-,725,-,-,0,0,0,0,615,-,-,-
TXO,202607F4,20260724.0,46250.0,Put,-,-,-,-,1200,-,-,0,0,0,0,1170,1200,-,-
TXO,202607F4,20260724.0,46300.0,Call,-,-,-,-,705,-,-,1,0,1,1,595,-,900,510
TXO,202607F4,20260724.0,46300.0,Put,1470,1470,1470,1470,1230,▼-420,▼-22.22%,1,1,2,0,1200,1230,1570,1470
TXO,202607F4,20260724.0,46350.0,Call,-,-,-,-,680,-,-,0,0,0,0,570,-,-,-
TXO,202607F4,20260724.0,46350.0,Put,-,-,-,-,1250,-,-,0,0,0,0,1230,1260,-,-
TXO,202607F4,20260724.0,46400.0,Call,-,-,-,-,660,-,-,1,0,1,2,550,755,1010,253
TXO,202607F4,20260724.0,46400.0,Put,-,-,-,-,1280,-,-,0,0,0,0,-,1290,-,-
TXO,202607F4,20260724.0,46450.0,Call,-,-,-,-,635,-,-,3,0,3,0,530,-,450,386
TXO,202607F4,20260724.0,46450.0,Put,-,-,-,-,1310,-,-,0,0,0,0,-,1320,-,-
TXO,202607F4,20260724.0,46500.0,Call,580,640,560,640,615,▲+212,▲+49.53%,1,14,15,14,510,650,640,320
TXO,202607F4,20260724.0,46500.0,Put,1450,1450,1450,1450,1340,▼-580,▼-28.57%,0,2,2,2,-,1350,1450,1450
TXO,202607F4,20260724.0,46550.0,Call,-,-,-,-,595,-,-,0,0,0,0,492,-,-,-
TXO,202607F4,20260724.0,46550.0,Put,-,-,-,-,1370,-,-,0,0,0,0,-,-,-,-
TXO,202607F4,20260724.0,46600.0,Call,-,-,-,-,575,-,-,0,0,0,0,474,-,-,-
TXO,202607F4,20260724.0,46600.0,Put,-,-,-,-,1400,-,-,0,0,0,0,-,1410,-,-
TXO,202607F4,20260724.0,46650.0,Call,-,-,-,-,555,-,-,0,0,0,0,454,-,-,-
TXO,202607F4,20260724.0,46650.0,Put,-,-,-,-,1430,-,-,0,0,0,0,-,1440,-,-
TXO,202607F4,20260724.0,46700.0,Call,-,-,-,-,540,-,-,2,0,2,2,490,-,465,440
TXO,202607F4,20260724.0,46700.0,Put,-,-,-,-,1460,-,-,0,0,0,0,1440,1470,-,-
TXO,202607F4,20260724.0,46800.0,Call,-,-,-,-,499,-,-,0,0,0,7,400,580,580,192
TXO,202607F4,20260724.0,46800.0,Put,-,-,-,-,1520,-,-,0,0,0,0,1510,1540,-,-
TXO,202607F4,20260724.0,46900.0,Call,-,-,-,-,465,-,-,0,0,0,1,369,-,280,280
TXO,202607F4,20260724.0,46900.0,Put,-,-,-,-,1590,-,-,0,0,0,0,-,-,-,-
TXO,202607F4,20260724.0,47000.0,Call,-,-,-,-,435,-,-,3,0,3,5,337,900,590,150
TXO,202607F4,20260724.0,47000.0,Put,1730,1740,1730,1740,1660,▼-660,▼-27.50%,0,2,2,2,-,-,2580,1680
TXO,202607F4,20260724.0,47100.0,Call,357,357,355,355,401,▲+77,▲+27.70%,0,3,3,6,303,-,510,222
TXO,202607F4,20260724.0,47100.0,Put,-,-,-,-,1720,-,-,0,0,0,0,-,1740,-,-
TXO,202607F4,20260724.0,47200.0,Call,344,370,333,365,365,▲+106,▲+40.93%,0,9,9,9,276,-,370,188
TXO,202607F4,20260724.0,47200.0,Put,-,-,-,-,1800,-,-,0,0,0,0,1780,1810,-,-
TXO,202607F4,20260724.0,47300.0,Call,-,-,-,-,345,-,-,0,0,0,0,181,-,162,138
TXO,202607F4,20260724.0,47300.0,Put,-,-,-,-,1870,-,-,0,0,0,0,-,-,-,-
TXO,202607F4,20260724.0,47400.0,Call,277,277,277,277,321,▲+60,▲+27.65%,1,8,9,0,10.5,-,277,156
TXO,202607F4,20260724.0,47400.0,Put,-,-,-,-,1940,-,-,0,0,0,0,-,-,-,-
TXO,202607F4,20260724.0,47500.0,Call,264,269,264,267,298,▲+68,▲+34.17%,1,6,7,9,136,400,390,105
TXO,202607F4,20260724.0,47500.0,Put,-,-,-,-,2020,-,-,0,0,0,0,-,-,-,-
TXO,202607F4,20260724.0,47600.0,Call,240,260,239,260,260,▲+77,▲+42.08%,0,17,17,18,118,376,380,100
TXO,202607F4,20260724.0,47600.0,Put,-,-,-,-,2100,-,-,0,0,0,0,-,2110,-,-
TXO,202607F4,20260724.0,47700.0,Call,-,-,-,-,253,-,-,0,0,0,0,99,-,-,-
TXO,202607F4,20260724.0,47700.0,Put,-,-,-,-,2180,-,-,0,0,0,0,-,-,-,-
TXO,202607F4,20260724.0,47800.0,Call,214,214,214,214,214,▲+58,▲+37.18%,0,1,1,1,82,-,289,118
TXO,202607F4,20260724.0,47800.0,Put,-,-,-,-,2260,-,-,0,0,0,0,-,2270,-,-
TXO,202607F4,20260724.0,47900.0,Call,189,189,189,189,208,▲+45,▲+31.25%,0,1,1,6,67,317,264,79
TXO,202607F4,20260724.0,47900.0,Put,-,-,-,-,2340,-,-,0,0,0,0,-,2350,-,-
TXO,202607F4,20260724.0,48000.0,Call,170,202,170,202,202,▲+70,▲+53.03%,2,3,5,6,99,299,291,76
TXO,202607F4,20260724.0,48000.0,Put,-,-,-,-,2420,-,-,0,0,0,0,-,-,-,-
TXO,202607F4,20260724.0,48100.0,Call,-,-,-,-,182,-,-,0,0,0,5,36.5,282,150,85
TXO,202607F4,20260724.0,48100.0,Put,-,-,-,-,2510,-,-,0,0,0,0,-,2520,-,-
TXO,202607F4,20260724.0,48200.0,Call,118,118,118,118,164,▲+8,▲+7.27%,0,1,1,10,24.5,267,208,62
TXO,202607F4,20260724.0,48200.0,Put,-,-,-,-,2590,-,-,0,0,0,0,-,-,-,-
TXO,202607F4,20260724.0,48300.0,Call,114,133,114,133,151,▲+33,▲+33.00%,2,2,4,15,12.5,253,180,56
TXO,202607F4,20260724.0,48300.0,Put,-,-,-,-,2670,-,-,0,0,0,0,-,-,-,-
TXO,202607F4,20260724.0,48400.0,Call,123,123,123,123,139,▲+32,▲+35.16%,0,1,1,6,1.8,239,270,52
TXO,202607F4,20260724.0,48400.0,Put,-,-,-,-,2760,-,-,0,0,0,0,-,2780,-,-
TXO,202607F4,20260724.0,48500.0,Call,78,78,78,78,127,▼-11,▼-12.36%,3,1,4,18,22,227,169,45
TXO,202607F4,20260724.0,48500.0,Put,-,-,-,-,2850,-,-,0,0,0,0,-,-,-,-
TXO,202607F4,20260724.0,48600.0,Call,-,-,-,-,116,-,-,0,0,0,14,1.6,216,70,41
TXO,202607F4,20260724.0,48600.0,Put,-,-,-,-,2940,-,-,0,0,0,0,-,2950,-,-
TXO,202607F4,20260724.0,48700.0,Call,-,-,-,-,106,-,-,0,0,0,14,1.7,205,65,36
TXO,202607F4,20260724.0,48700.0,Put,-,-,-,-,3030,-,-,0,0,0,0,3010,3040,-,-
TXO,202607F4,20260724.0,48800.0,Call,-,-,-,-,95,-,-,2,0,2,14,3.3,196,76,35
TXO,202607F4,20260724.0,48800.0,Put,-,-,-,-,3120,-,-,0,0,0,0,-,3130,-,-
TXO,202607F4,20260724.0,48900.0,Call,-,-,-,-,84,-,-,2,0,2,7,1.7,187,114,32
TXO,202607F4,20260724.0,48900.0,Put,-,-,-,-,3210,-,-,0,0,0,0,-,-,-,-
TXO,202607F4,20260724.0,49000.0,Call,-,-,-,-,79,-,-,3,0,3,11,5.6,179,168,30.5
TXO,202607F4,20260724.0,49000.0,Put,-,-,-,-,3300,-,-,0,0,0,0,-,-,-,-
TXO,202607F4,20260724.0,49100.0,Call,-,-,-,-,72,-,-,1,0,1,1,1.6,172,101,44
TXO,202607F4,20260724.0,49100.0,Put,-,-,-,-,3390,-,-,0,0,0,0,-,-,-,-
TXO,202607F4,20260724.0,49200.0,Call,46,50,46,50,66,▲+4,▲+8.70%,1,2,3,1,1.6,-,50,43.5
TXO,202607F4,20260724.0,49200.0,Put,-,-,-,-,3490,-,-,0,0,0,0,-,3500,-,-
TXO,202607F4,20260724.0,49300.0,Call,-,-,-,-,60,-,-,0,0,0,0,1,-,66,29
TXO,202607F4,20260724.0,49300.0,Put,-,-,-,-,3580,-,-,0,0,0,0,-,-,-,-
TXO,202607F4,20260724.0,49400.0,Call,45.5,50,45.5,50,50,▲+11.5,▲+29.87%,2,2,4,1,0.9,-,95,36
TXO,202607F4,20260724.0,49400.0,Put,-,-,-,-,3680,-,-,0,0,0,0,-,3690,-,-
TXO,202607F4,20260724.0,49500.0,Call,34.5,40,34.5,40,49,▲+4.5,▲+12.68%,5,3,8,16,0.9,149,115,30
TXO,202607F4,20260724.0,49500.0,Put,-,-,-,-,3770,-,-,0,0,0,0,-,-,-,-
TXO,202607F4,20260724.0,49600.0,Call,33.5,33.5,33.5,33.5,44.5,▲+0.5,▲+1.52%,17,5,22,22,0.9,-,33.5,28.5
TXO,202607F4,20260724.0,49600.0,Put,-,-,-,-,3870,-,-,0,0,0,0,-,-,-,-
TXO,202607F4,20260724.0,49700.0,Call,33,33,33,33,40.5,▲+2.5,▲+8.20%,9,1,10,10,0.9,-,33,26.5
TXO,202607F4,20260724.0,49700.0,Put,-,-,-,-,3960,-,-,0,0,0,0,-,-,-,-
TXO,202607F4,20260724.0,49800.0,Call,24.5,28,24.5,28,37.5,▼-0.5,▼-1.75%,5,2,7,3,0.8,137,28,24.5
TXO,202607F4,20260724.0,49800.0,Put,-,-,-,-,4060,-,-,0,0,0,0,-,-,-,-
TXO,202607F4,20260724.0,49900.0,Call,22.5,34.5,22,34.5,34.5,▲+8,▲+30.19%,1,12,13,17,3.3,-,76,17
TXO,202607F4,20260724.0,49900.0,Put,-,-,-,-,4160,-,-,0,0,0,0,-,4170,-,-
TXO,202607F4,20260724.0,50000.0,Call,25,31.5,21,31.5,31.5,▲+9.5,▲+43.18%,15,14,29,20,1.5,-,37,15
TXO,202607F4,20260724.0,50000.0,Put,-,-,-,-,4250,-,-,0,0,0,0,-,4270,-,-
TXO,202607W5,20260729.0,40200.0,Call,-,-,-,-,5670,-,-,0,0,0,0,-,-,-,-
TXO,202607W5,20260729.0,40200.0,Put,118,127,70,70,70,▼-113,▼-61.75%,0,46,46,40,50,65,127,70
TXO,202607W5,20260729.0,40300.0,Call,-,-,-,-,5570,-,-,0,0,0,0,-,-,-,-
TXO,202607W5,20260729.0,40300.0,Put,121,124,76,76,72,▼-114,▼-60.00%,0,31,31,31,30.5,165,124,76
TXO,202607W5,20260729.0,40400.0,Call,-,-,-,-,5480,-,-,0,0,0,0,-,-,-,-
TXO,202607W5,20260729.0,40400.0,Put,128,135,100,110,74,▼-88,▼-44.44%,0,21,21,21,33.5,169,135,100
TXO,202607W5,20260729.0,40500.0,Call,-,-,-,-,5380,-,-,0,0,0,0,-,-,-,-
TXO,202607W5,20260729.0,40500.0,Put,105,105,103,103,78,▼-103,▼-50.00%,0,12,12,12,40,173,105,103
TXO,202607W5,20260729.0,40600.0,Call,-,-,-,-,5290,-,-,0,0,0,0,-,-,-,-
TXO,202607W5,20260729.0,40600.0,Put,111,111,105,105,80,▼-109,▼-50.93%,0,7,7,7,46.5,177,111,105
TXO,202607W5,20260729.0,40700.0,Call,-,-,-,-,5190,-,-,0,0,0,0,-,-,-,-
TXO,202607W5,20260729.0,40700.0,Put,114,114,83,83,83,▼-140,▼-62.78%,0,7,7,7,54,181,114,83
TXO,202607W5,20260729.0,40800.0,Call,-,-,-,-,5100,-,-,0,0,0,0,-,-,-,-
TXO,202607W5,20260729.0,40800.0,Put,150,150,95,95,95,▼-137,▼-59.05%,0,13,13,8,63,148,150,95
TXO,202607W5,20260729.0,40900.0,Call,-,-,-,-,5000,-,-,0,0,0,0,-,-,-,-
TXO,202607W5,20260729.0,40900.0,Put,-,-,-,-,97,-,-,0,0,0,0,70,-,-,-
TXO,202607W5,20260729.0,41000.0,Call,-,-,-,-,4910,-,-,0,0,0,0,4880,-,-,-
TXO,202607W5,20260729.0,41000.0,Put,120,120,98,98,98,▼-154,▼-61.11%,0,5,5,5,91,200,120,98
TXO,202607W5,20260729.0,41100.0,Call,-,-,-,-,4810,-,-,0,0,0,0,-,-,-,-
TXO,202607W5,20260729.0,41100.0,Put,-,-,-,-,106,-,-,0,0,0,0,1.6,200,-,-
TXO,202607W5,20260729.0,41200.0,Call,-,-,-,-,4720,-,-,0,0,0,0,-,-,-,-
TXO,202607W5,20260729.0,41200.0,Put,151,152,120,120,120,▼-154,▼-56.20%,0,6,6,5,100,207,152,120
TXO,202607W5,20260729.0,41300.0,Call,-,-,-,-,4630,-,-,0,0,0,0,-,-,-,-
TXO,202607W5,20260729.0,41300.0,Put,-,-,-,-,123,-,-,0,0,0,0,2.2,-,-,-
TXO,202607W5,20260729.0,41400.0,Call,-,-,-,-,4530,-,-,0,0,0,0,-,-,-,-
TXO,202607W5,20260729.0,41400.0,Put,230,230,140,140,127,▼-157,▼-52.86%,0,3,3,1,77,220,230,140
TXO,202607W5,20260729.0,41500.0,Call,-,-,-,-,4440,-,-,0,0,0,0,4420,-,-,-
TXO,202607W5,20260729.0,41500.0,Put,180,180,176,176,135,▼-134,▼-43.23%,0,3,3,3,20,-,180,176
TXO,202607W5,20260729.0,41600.0,Call,-,-,-,-,4350,-,-,0,0,0,0,4330,-,-,-
TXO,202607W5,20260729.0,41600.0,Put,240,240,194,194,143,▼-129,▼-39.94%,0,7,7,7,2.4,235,240,194
TXO,202607W5,20260729.0,41700.0,Call,-,-,-,-,4260,-,-,0,0,0,0,-,-,-,-
TXO,202607W5,20260729.0,41700.0,Put,206,206,168,168,152,▼-168,▼-50.00%,0,2,2,1,2.5,-,206,168
TXO,202607W5,20260729.0,41800.0,Call,-,-,-,-,4170,-,-,0,0,0,0,-,-,-,-
TXO,202607W5,20260729.0,41800.0,Put,214,214,214,214,156,▼-137,▼-39.03%,0,1,1,1,22,251,214,214
TXO,202607W5,20260729.0,41900.0,Call,-,-,-,-,4080,-,-,0,0,0,0,-,-,-,-
TXO,202607W5,20260729.0,41900.0,Put,208,208,160,160,160,▼-206,▼-56.28%,0,3,3,2,2.7,250,208,160
TXO,202607W5,20260729.0,42000.0,Call,-,-,-,-,3990,-,-,0,0,0,0,3960,-,-,-
TXO,202607W5,20260729.0,42000.0,Put,204,204,169,169,169,▼-212,▼-55.64%,0,9,9,7,100,269,204,169
TXO,202607W5,20260729.0,42100.0,Call,-,-,-,-,3900,-,-,0,0,0,0,-,-,-,-
TXO,202607W5,20260729.0,42100.0,Put,245,245,206,208,192,▼-190,▼-47.74%,0,6,6,6,3,279,245,206
TXO,202607W5,20260729.0,42200.0,Call,-,-,-,-,3810,-,-,0,0,0,0,-,-,-,-
TXO,202607W5,20260729.0,42200.0,Put,200,200,200,200,200,▼-215,▼-51.81%,0,2,2,2,4.3,290,200,200
TXO,202607W5,20260729.0,42300.0,Call,-,-,-,-,3720,-,-,0,0,0,0,-,-,-,-
TXO,202607W5,20260729.0,42300.0,Put,270,270,270,270,211,▼-162,▼-37.50%,0,1,1,1,3.7,301,270,270
TXO,202607W5,20260729.0,42400.0,Call,-,-,-,-,3630,-,-,0,0,0,0,-,-,-,-
TXO,202607W5,20260729.0,42400.0,Put,210,210,210,210,224,▼-240,▼-53.33%,0,5,5,5,3.4,312,210,210
TXO,202607W5,20260729.0,42500.0,Call,-,-,-,-,3540,-,-,0,0,0,0,3520,-,-,-
TXO,202607W5,20260729.0,42500.0,Put,239,239,229,229,229,▼-241,▼-51.28%,0,15,15,15,3.5,-,239,229
TXO,202607W5,20260729.0,42600.0,Call,-,-,-,-,3460,-,-,0,0,0,0,-,-,-,-
TXO,202607W5,20260729.0,42600.0,Put,333,333,235,235,250,▼-255,▼-52.04%,0,2,2,1,4.1,-,333,235
TXO,202607W5,20260729.0,42700.0,Call,-,-,-,-,3370,-,-,0,0,0,0,-,-,-,-
TXO,202607W5,20260729.0,42700.0,Put,260,260,260,260,260,▼-250,▼-49.02%,0,1,1,1,4.9,-,260,260
TXO,202607W5,20260729.0,42800.0,Call,-,-,-,-,3290,-,-,0,0,0,0,-,-,-,-
TXO,202607W5,20260729.0,42800.0,Put,-,-,-,-,279,-,-,0,0,0,0,4.9,-,-,-
TXO,202607W5,20260729.0,42900.0,Call,-,-,-,-,3200,-,-,0,0,0,0,-,-,-,-
TXO,202607W5,20260729.0,42900.0,Put,305,305,305,305,305,▼-250,▼-45.05%,0,1,1,1,4.1,380,305,305
TXO,202607W5,20260729.0,43000.0,Call,-,-,-,-,3120,-,-,0,0,0,0,-,-,-,-
TXO,202607W5,20260729.0,43000.0,Put,368,368,320,320,320,▼-255,▼-44.35%,0,2,2,1,4.1,-,368,320
TXO,202607W5,20260729.0,43100.0,Call,-,-,-,-,3040,-,-,0,0,0,0,3010,-,-,-
TXO,202607W5,20260729.0,43100.0,Put,-,-,-,-,329,-,-,0,0,0,0,4.9,-,-,-
TXO,202607W5,20260729.0,43200.0,Call,-,-,-,-,2950,-,-,0,0,0,0,-,-,-,-
TXO,202607W5,20260729.0,43200.0,Put,500,500,324,324,346,▼-301,▼-48.16%,0,3,3,2,4.5,-,500,324
TXO,202607W5,20260729.0,43300.0,Call,-,-,-,-,2870,-,-,0,0,0,0,2840,-,-,-
TXO,202607W5,20260729.0,43300.0,Put,362,362,362,362,362,▼-288,▼-44.31%,0,1,1,1,4.5,-,362,362
TXO,202607W5,20260729.0,43400.0,Call,-,-,-,-,2790,-,-,0,0,0,0,2760,-,-,-
TXO,202607W5,20260729.0,43400.0,Put,400,400,400,400,385,▼-280,▼-41.18%,0,1,1,1,3.6,467,400,400
TXO,202607W5,20260729.0,43450.0,Call,-,-,-,-,2750,-,-,0,0,0,0,2720,-,-,-
TXO,202607W5,20260729.0,43450.0,Put,-,-,-,-,395,-,-,0,0,0,0,3.6,-,-,-
TXO,202607W5,20260729.0,43500.0,Call,-,-,-,-,2710,-,-,0,0,0,0,-,-,-,-
TXO,202607W5,20260729.0,43500.0,Put,468,468,386,386,406,▼-324,▼-45.63%,0,19,19,15,285,-,468,386
TXO,202607W5,20260729.0,43550.0,Call,-,-,-,-,2670,-,-,0,0,0,0,-,-,-,-
TXO,202607W5,20260729.0,43550.0,Put,-,-,-,-,415,-,-,0,0,0,0,3.6,-,-,-
TXO,202607W5,20260729.0,43600.0,Call,-,-,-,-,2630,-,-,0,0,0,0,2600,-,-,-
TXO,202607W5,20260729.0,43600.0,Put,510,510,485,485,426,▼-250,▼-34.01%,0,2,2,2,3.6,-,510,485
TXO,202607W5,20260729.0,43650.0,Call,-,-,-,-,2590,-,-,0,0,0,0,-,-,-,-
TXO,202607W5,20260729.0,43650.0,Put,-,-,-,-,437,-,-,0,0,0,0,3.6,-,-,-
TXO,202607W5,20260729.0,43700.0,Call,-,-,-,-,2550,-,-,0,0,0,0,2520,-,-,-
TXO,202607W5,20260729.0,43700.0,Put,-,-,-,-,446,-,-,0,0,0,0,74,-,-,-
TXO,202607W5,20260729.0,43750.0,Call,-,-,-,-,2520,-,-,0,0,0,0,-,-,-,-
TXO,202607W5,20260729.0,43750.0,Put,-,-,-,-,459,-,-,0,0,0,0,3.6,-,-,-
TXO,202607W5,20260729.0,43800.0,Call,-,-,-,-,2480,-,-,0,0,0,0,-,2480,-,-
TXO,202607W5,20260729.0,43800.0,Put,-,-,-,-,472,-,-,0,0,0,0,106,-,-,-
TXO,202607W5,20260729.0,43850.0,Call,-,-,-,-,2440,-,-,0,0,0,0,-,-,-,-
TXO,202607W5,20260729.0,43850.0,Put,-,-,-,-,486,-,-,0,0,0,0,109,-,-,-
TXO,202607W5,20260729.0,43900.0,Call,-,-,-,-,2410,-,-,0,0,0,0,2370,-,-,-
TXO,202607W5,20260729.0,43900.0,Put,470,470,470,470,499,▼-360,▼-43.37%,0,1,1,1,123,575,470,470
TXO,202607W5,20260729.0,43950.0,Call,-,-,-,-,2360,-,-,0,0,0,0,2330,2360,-,-
TXO,202607W5,20260729.0,43950.0,Put,-,-,-,-,515,-,-,0,0,0,0,28,-,-,-
TXO,202607W5,20260729.0,44000.0,Call,-,-,-,-,2340,-,-,0,0,0,0,2290,-,-,-
TXO,202607W5,20260729.0,44000.0,Put,500,500,500,500,530,▼-365,▼-42.20%,0,1,1,1,149,-,500,500
TXO,202607W5,20260729.0,44050.0,Call,-,-,-,-,2300,-,-,0,0,0,0,-,-,-,-
TXO,202607W5,20260729.0,44050.0,Put,-,-,-,-,540,-,-,0,0,0,0,156,-,-,-
TXO,202607W5,20260729.0,44100.0,Call,-,-,-,-,2260,-,-,0,0,0,0,2220,-,-,-
TXO,202607W5,20260729.0,44100.0,Put,-,-,-,-,555,-,-,0,0,0,0,169,-,-,-
TXO,202607W5,20260729.0,44150.0,Call,-,-,-,-,2210,-,-,0,0,0,0,2180,2210,-,-
TXO,202607W5,20260729.0,44150.0,Put,-,-,-,-,570,-,-,0,0,0,0,434,-,-,-
TXO,202607W5,20260729.0,44200.0,Call,-,-,-,-,2190,-,-,0,0,0,0,-,-,-,-
TXO,202607W5,20260729.0,44200.0,Put,-,-,-,-,580,-,-,0,0,0,0,446,-,-,-
TXO,202607W5,20260729.0,44250.0,Call,-,-,-,-,2150,-,-,0,0,0,0,-,-,-,-
TXO,202607W5,20260729.0,44250.0,Put,625,625,625,625,595,▼-330,▼-34.55%,0,1,1,1,455,-,625,625
TXO,202607W5,20260729.0,44300.0,Call,-,-,-,-,2120,-,-,0,0,0,0,-,-,-,-
TXO,202607W5,20260729.0,44300.0,Put,720,720,650,650,610,▼-325,▼-33.33%,0,2,2,2,469,675,720,650
TXO,202607W5,20260729.0,44350.0,Call,-,-,-,-,2070,-,-,0,0,0,0,2040,2070,-,-
TXO,202607W5,20260729.0,44350.0,Put,610,610,605,605,625,▼-390,▼-39.20%,0,2,2,2,480,-,610,605
TXO,202607W5,20260729.0,44400.0,Call,-,-,-,-,2040,-,-,0,0,0,0,2000,2040,-,-
TXO,202607W5,20260729.0,44400.0,Put,650,650,645,645,645,▼-365,▼-36.14%,0,2,2,2,500,705,650,645
TXO,202607W5,20260729.0,44450.0,Call,-,-,-,-,2000,-,-,0,0,0,0,-,2000,-,-
TXO,202607W5,20260729.0,44450.0,Put,-,-,-,-,650,-,-,0,0,0,0,515,-,-,-
TXO,202607W5,20260729.0,44500.0,Call,-,-,-,-,1970,-,-,0,0,0,0,1840,2050,-,-
TXO,202607W5,20260729.0,44500.0,Put,655,655,630,635,665,▼-415,▼-39.52%,0,15,15,15,530,-,655,630
TXO,202607W5,20260729.0,44550.0,Call,-,-,-,-,1940,-,-,0,0,0,0,1840,-,-,-
TXO,202607W5,20260729.0,44550.0,Put,-,-,-,-,680,-,-,0,0,0,0,545,-,-,-
TXO,202607W5,20260729.0,44600.0,Call,-,-,-,-,1910,-,-,0,0,0,0,1810,1970,-,-
TXO,202607W5,20260729.0,44600.0,Put,-,-,-,-,700,-,-,0,0,0,0,560,-,-,-
TXO,202607W5,20260729.0,44650.0,Call,-,-,-,-,1880,-,-,0,0,0,0,1750,1960,-,-
TXO,202607W5,20260729.0,44650.0,Put,-,-,-,-,715,-,-,0,0,0,0,575,-,-,-
TXO,202607W5,20260729.0,44700.0,Call,-,-,-,-,1830,-,-,0,0,0,0,1720,1830,-,-
TXO,202607W5,20260729.0,44700.0,Put,750,750,750,750,750,▼-390,▼-34.21%,0,1,1,1,590,795,750,750
TXO,202607W5,20260729.0,44750.0,Call,-,-,-,-,1810,-,-,0,0,0,0,1690,-,-,-
TXO,202607W5,20260729.0,44750.0,Put,-,-,-,-,755,-,-,0,0,0,0,605,-,-,-
TXO,202607W5,20260729.0,44800.0,Call,-,-,-,-,1780,-,-,0,0,0,0,1680,-,-,-
TXO,202607W5,20260729.0,44800.0,Put,-,-,-,-,775,-,-,0,0,0,0,625,-,-,-
TXO,202607W5,20260729.0,44850.0,Call,-,-,-,-,1730,-,-,0,0,0,0,1610,1730,-,-
TXO,202607W5,20260729.0,44850.0,Put,-,-,-,-,780,-,-,0,0,0,0,640,-,-,-
TXO,202607W5,20260729.0,44900.0,Call,-,-,-,-,1700,-,-,0,0,0,0,1620,1760,-,-
TXO,202607W5,20260729.0,44900.0,Put,-,-,-,-,795,-,-,0,0,0,0,655,-,-,-
TXO,202607W5,20260729.0,44950.0,Call,-,-,-,-,1670,-,-,0,0,0,0,1570,-,-,-
TXO,202607W5,20260729.0,44950.0,Put,1010,1010,820,820,820,▼-430,▼-34.40%,0,3,3,2,675,880,1010,820
TXO,202607W5,20260729.0,45000.0,Call,-,-,-,-,1640,-,-,0,0,0,0,1540,-,-,-
TXO,202607W5,20260729.0,45000.0,Put,1050,1050,885,885,835,▼-385,▼-30.31%,0,2,2,2,3.3,895,1050,885
TXO,202607W5,20260729.0,45050.0,Call,-,-,-,-,1610,-,-,0,0,0,0,1510,-,-,-
TXO,202607W5,20260729.0,45050.0,Put,-,-,-,-,855,-,-,0,0,0,0,3.3,-,-,-
TXO,202607W5,20260729.0,45100.0,Call,-,-,-,-,1570,-,-,0,0,0,0,1480,1570,-,-
TXO,202607W5,20260729.0,45100.0,Put,-,-,-,-,875,-,-,0,0,0,0,3.3,-,-,-
TXO,202607W5,20260729.0,45150.0,Call,-,-,-,-,1550,-,-,0,0,0,0,1470,1600,-,-
TXO,202607W5,20260729.0,45150.0,Put,-,-,-,-,895,-,-,0,0,0,0,3.3,-,-,-
TXO,202607W5,20260729.0,45200.0,Call,-,-,-,-,1520,-,-,0,0,0,0,1430,-,-,-
TXO,202607W5,20260729.0,45200.0,Put,-,-,-,-,915,-,-,0,0,0,0,3.3,-,-,-
TXO,202607W5,20260729.0,45250.0,Call,-,-,-,-,1490,-,-,0,0,0,0,1380,-,-,-
TXO,202607W5,20260729.0,45250.0,Put,-,-,-,-,935,-,-,0,0,0,0,3.3,-,-,-
TXO,202607W5,20260729.0,45300.0,Call,-,-,-,-,1460,-,-,0,0,0,0,1370,-,-,-
TXO,202607W5,20260729.0,45300.0,Put,-,-,-,-,955,-,-,0,0,0,0,3.3,-,-,-
TXO,202607W5,20260729.0,45350.0,Call,-,-,-,-,1430,-,-,0,0,0,0,1340,-,-,-
TXO,202607W5,20260729.0,45350.0,Put,-,-,-,-,970,-,-,0,0,0,0,-,-,-,-
TXO,202607W5,20260729.0,45400.0,Call,-,-,-,-,1400,-,-,0,0,0,0,1320,-,-,-
TXO,202607W5,20260729.0,45400.0,Put,-,-,-,-,990,-,-,0,0,0,0,-,-,-,-
TXO,202607W5,20260729.0,45450.0,Call,-,-,-,-,1360,-,-,0,0,0,0,1270,1360,-,-
TXO,202607W5,20260729.0,45450.0,Put,-,-,-,-,1010,-,-,0,0,0,0,-,-,-,-
TXO,202607W5,20260729.0,45500.0,Call,-,-,-,-,1330,-,-,0,0,0,0,1260,1330,-,-
TXO,202607W5,20260729.0,45500.0,Put,-,-,-,-,1030,-,-,0,0,0,0,-,-,-,-
TXO,202607W5,20260729.0,45550.0,Call,-,-,-,-,1310,-,-,0,0,0,0,3.3,-,-,-
TXO,202607W5,20260729.0,45550.0,Put,-,-,-,-,1060,-,-,0,0,0,0,2.1,-,-,-
TXO,202607W5,20260729.0,45600.0,Call,-,-,-,-,1290,-,-,0,0,0,0,3.3,-,-,-
TXO,202607W5,20260729.0,45600.0,Put,1180,1180,1130,1130,1080,▼-450,▼-28.48%,0,2,2,1,-,-,1180,1130
TXO,202607W5,20260729.0,45650.0,Call,1250,1250,1250,1250,1250,▲+370,▲+42.05%,0,1,1,1,790,1500,1250,1250
TXO,202607W5,20260729.0,45650.0,Put,-,-,-,-,1100,-,-,0,0,0,0,-,-,-,-
TXO,202607W5,20260729.0,45700.0,Call,-,-,-,-,1230,-,-,0,0,0,0,3.3,-,-,-
TXO,202607W5,20260729.0,45700.0,Put,-,-,-,-,1120,-,-,0,0,0,0,-,-,-,-
TXO,202607W5,20260729.0,45750.0,Call,1020,1020,1020,1020,1190,▲+185,▲+22.16%,0,2,2,2,3.3,1280,1020,1020
TXO,202607W5,20260729.0,45750.0,Put,1080,1080,1080,1080,1130,▼-590,▼-35.33%,0,1,1,1,-,1210,1080,1080
TXO,202607W5,20260729.0,45800.0,Call,1100,1100,1100,1100,1150,▲+285,▲+34.97%,0,1,1,1,3.3,1270,1100,1100
TXO,202607W5,20260729.0,45800.0,Put,-,-,-,-,1140,-,-,0,0,0,0,-,-,-,-
TXO,202607W5,20260729.0,45850.0,Call,-,-,-,-,1110,-,-,0,0,0,0,3.3,-,-,-
TXO,202607W5,20260729.0,45850.0,Put,-,-,-,-,1150,-,-,0,0,0,0,-,-,-,-
TXO,202607W5,20260729.0,45900.0,Call,-,-,-,-,1060,-,-,0,0,0,0,3.3,-,-,-
TXO,202607W5,20260729.0,45900.0,Put,1290,1300,1290,1300,1160,▼-460,▼-26.14%,0,2,2,2,1070,-,1300,1290
TXO,202607W5,20260729.0,45950.0,Call,-,-,-,-,1020,-,-,0,0,0,0,3.3,-,-,-
TXO,202607W5,20260729.0,45950.0,Put,-,-,-,-,1170,-,-,0,0,0,0,-,-,-,-
TXO,202607W5,20260729.0,46000.0,Call,970,970,970,970,1000,▲+235,▲+31.97%,0,1,1,1,3.3,1150,970,970
TXO,202607W5,20260729.0,46000.0,Put,-,-,-,-,1190,-,-,0,0,0,0,-,-,-,-
TXO,202607W5,20260729.0,46050.0,Call,-,-,-,-,975,-,-,0,0,0,0,3.3,-,-,-
TXO,202607W5,20260729.0,46050.0,Put,-,-,-,-,1230,-,-,0,0,0,0,1230,1270,-,-
TXO,202607W5,20260729.0,46100.0,Call,-,-,-,-,950,-,-,0,0,0,0,3.3,-,-,-
TXO,202607W5,20260729.0,46100.0,Put,-,-,-,-,1240,-,-,0,0,0,0,-,1290,-,-
TXO,202607W5,20260729.0,46200.0,Call,-,-,-,-,905,-,-,0,0,0,0,3.3,-,-,-
TXO,202607W5,20260729.0,46200.0,Put,-,-,-,-,1300,-,-,0,0,0,0,-,1590,-,-
TXO,202607W5,20260729.0,46300.0,Call,-,-,-,-,860,-,-,0,0,0,0,3.3,-,-,-
TXO,202607W5,20260729.0,46300.0,Put,-,-,-,-,1350,-,-,0,0,0,0,-,1400,-,-
TXO,202607W5,20260729.0,46400.0,Call,-,-,-,-,815,-,-,0,0,0,0,3.3,-,-,-
TXO,202607W5,20260729.0,46400.0,Put,-,-,-,-,1420,-,-,0,0,0,0,1420,1450,-,-
TXO,202607W5,20260729.0,46500.0,Call,745,795,745,770,770,▲+210,▲+37.50%,0,26,26,25,710,-,795,745
TXO,202607W5,20260729.0,46500.0,Put,-,-,-,-,1460,-,-,0,0,0,0,-,1510,-,-
TXO,202607W5,20260729.0,46600.0,Call,-,-,-,-,735,-,-,0,0,0,0,665,-,-,-
TXO,202607W5,20260729.0,46600.0,Put,-,-,-,-,1530,-,-,0,0,0,0,1530,1570,-,-
TXO,202607W5,20260729.0,46700.0,Call,-,-,-,-,695,-,-,0,0,0,0,625,-,-,-
TXO,202607W5,20260729.0,46700.0,Put,-,-,-,-,1580,-,-,0,0,0,0,-,-,-,-
TXO,202607W5,20260729.0,46800.0,Call,700,715,700,710,660,▲+238,▲+50.42%,0,4,4,4,585,795,715,700
TXO,202607W5,20260729.0,46800.0,Put,-,-,-,-,1650,-,-,0,0,0,0,1650,1690,-,-
TXO,202607W5,20260729.0,46900.0,Call,565,615,565,615,615,▲+170,▲+38.20%,0,2,2,0,545,-,615,565
TXO,202607W5,20260729.0,46900.0,Put,-,-,-,-,1710,-,-,0,0,0,0,-,1750,-,-
TXO,202607W5,20260729.0,47000.0,Call,510,625,500,590,590,▲+171,▲+40.81%,0,31,31,27,515,-,625,500
TXO,202607W5,20260729.0,47000.0,Put,1760,1760,1760,1760,1760,▼-740,▼-29.60%,0,2,2,2,-,1880,1760,1760
TXO,202607W5,20260729.0,47100.0,Call,500,510,500,510,550,▲+116,▲+29.44%,0,3,3,3,479,-,510,500
TXO,202607W5,20260729.0,47100.0,Put,-,-,-,-,1840,-,-,0,0,0,0,-,1880,-,-
TXO,202607W5,20260729.0,47200.0,Call,-,-,-,-,520,-,-,0,0,0,0,448,-,-,-
TXO,202607W5,20260729.0,47200.0,Put,-,-,-,-,1910,-,-,0,0,0,0,1860,1980,-,-
TXO,202607W5,20260729.0,47300.0,Call,-,-,-,-,489,-,-,0,0,0,0,415,-,-,-
TXO,202607W5,20260729.0,47300.0,Put,-,-,-,-,1980,-,-,0,0,0,0,-,2290,-,-
TXO,202607W5,20260729.0,47400.0,Call,-,-,-,-,457,-,-,0,0,0,0,384,-,-,-
TXO,202607W5,20260729.0,47400.0,Put,-,-,-,-,2050,-,-,0,0,0,0,-,-,-,-
TXO,202607W5,20260729.0,47500.0,Call,436,458,419,423,423,▲+118,▲+38.69%,0,28,28,27,355,-,458,419
TXO,202607W5,20260729.0,47500.0,Put,-,-,-,-,2120,-,-,0,0,0,0,2030,-,-,-
TXO,202607W5,20260729.0,47600.0,Call,-,-,-,-,402,-,-,0,0,0,0,2.1,-,-,-
TXO,202607W5,20260729.0,47600.0,Put,-,-,-,-,2190,-,-,0,0,0,0,-,2230,-,-
TXO,202607W5,20260729.0,47700.0,Call,-,-,-,-,378,-,-,0,0,0,0,1.9,-,-,-
TXO,202607W5,20260729.0,47700.0,Put,-,-,-,-,2270,-,-,0,0,0,0,-,2300,-,-
TXO,202607W5,20260729.0,47800.0,Call,332,335,332,335,335,▲+85,▲+34.00%,0,3,3,2,1.8,-,335,332
TXO,202607W5,20260729.0,47800.0,Put,-,-,-,-,2340,-,-,0,0,0,0,-,-,-,-
TXO,202607W5,20260729.0,47900.0,Call,-,-,-,-,333,-,-,0,0,0,0,2.2,-,-,-
TXO,202607W5,20260729.0,47900.0,Put,-,-,-,-,2420,-,-,0,0,0,0,-,-,-,-
TXO,202607W5,20260729.0,48000.0,Call,300,358,297,304,304,▲+87,▲+40.09%,0,28,28,28,1.7,-,358,297
TXO,202607W5,20260729.0,48000.0,Put,-,-,-,-,2500,-,-,0,0,0,0,-,-,-,-
TXO,202607W5,20260729.0,48100.0,Call,310,310,310,310,293,▲+107,▲+52.71%,0,2,2,1,1.6,-,310,310
TXO,202607W5,20260729.0,48100.0,Put,-,-,-,-,2580,-,-,0,0,0,0,-,2610,-,-
TXO,202607W5,20260729.0,48200.0,Call,295,295,295,295,270,▲+106,▲+56.08%,0,1,1,1,138,-,295,295
TXO,202607W5,20260729.0,48200.0,Put,-,-,-,-,2660,-,-,0,0,0,0,-,2690,-,-
TXO,202607W5,20260729.0,48300.0,Call,-,-,-,-,252,-,-,0,0,0,0,121,-,-,-
TXO,202607W5,20260729.0,48300.0,Put,-,-,-,-,2740,-,-,0,0,0,0,-,2770,-,-
TXO,202607W5,20260729.0,48400.0,Call,210,210,210,210,235,▲+47,▲+28.83%,0,1,1,1,105,351,210,210
TXO,202607W5,20260729.0,48400.0,Put,-,-,-,-,2820,-,-,0,0,0,0,-,2850,-,-
TXO,202607W5,20260729.0,48500.0,Call,177,247,177,219,219,▲+67,▲+44.08%,0,26,26,26,91,-,247,177
TXO,202607W5,20260729.0,48500.0,Put,-,-,-,-,2910,-,-,0,0,0,0,-,-,-,-
TXO,202607W5,20260729.0,48600.0,Call,200,208,200,208,208,▲+67,▲+47.52%,0,4,4,4,76,317,208,200
TXO,202607W5,20260729.0,48600.0,Put,-,-,-,-,2990,-,-,0,0,0,0,-,3020,-,-
TXO,202607W5,20260729.0,48700.0,Call,-,-,-,-,188,-,-,0,0,0,0,63,-,-,-
TXO,202607W5,20260729.0,48700.0,Put,-,-,-,-,3080,-,-,0,0,0,0,-,3100,-,-
TXO,202607W5,20260729.0,48800.0,Call,152,196,152,196,174,▲+75,▲+61.98%,0,3,3,2,49,288,196,152
TXO,202607W5,20260729.0,48800.0,Put,-,-,-,-,3160,-,-,0,0,0,0,-,3190,-,-
TXO,202607W5,20260729.0,48900.0,Call,123,125,123,123,161,▲+11,▲+9.82%,0,6,6,5,37.5,274,125,123
TXO,202607W5,20260729.0,48900.0,Put,-,-,-,-,3250,-,-,0,0,0,0,-,-,-,-
TXO,202607W5,20260729.0,49000.0,Call,125,160,110,149,149,▲+45,▲+43.27%,0,44,44,26,26.5,-,160,110
TXO,202607W5,20260729.0,49000.0,Put,-,-,-,-,3340,-,-,0,0,0,0,-,3360,-,-
TXO,202607W5,20260729.0,49100.0,Call,116,116,116,116,138,▲+20,▲+20.83%,0,3,3,3,16.5,249,116,116
TXO,202607W5,20260729.0,49100.0,Put,-,-,-,-,3430,-,-,0,0,0,0,-,-,-,-
TXO,202607W5,20260729.0,49200.0,Call,97,119,97,119,119,▲+30,▲+33.71%,0,10,10,10,6.3,238,119,97
TXO,202607W5,20260729.0,49200.0,Put,-,-,-,-,3520,-,-,0,0,0,0,-,3540,-,-
TXO,202607W5,20260729.0,49300.0,Call,93,119,89,115,115,▲+33,▲+40.24%,0,29,29,26,1.4,131,119,89
TXO,202607W5,20260729.0,49300.0,Put,-,-,-,-,3600,-,-,0,0,0,0,-,-,-,-
TXO,202608,20260819.0,34000.0,Call,-,-,-,-,12100,-,-,0,0,0,0,12050,12160,-,-
TXO,202608,20260819.0,34000.0,Put,56,59,49.5,53,53,▼-14,▼-20.90%,62,457,519,1140,49,53,660,49.5
TXO,202608,20260819.0,34100.0,Call,-,-,-,-,12000,-,-,0,0,0,0,11940,12050,-,-
TXO,202608,20260819.0,34100.0,Put,-,-,-,-,53,-,-,1,0,1,14,1.6,153,520,63
TXO,202608,20260819.0,34200.0,Call,-,-,-,-,11900,-,-,0,0,0,0,11840,11960,-,-
TXO,202608,20260819.0,34200.0,Put,-,-,-,-,54,-,-,0,0,0,4,0.7,155,520,72
TXO,202608,20260819.0,34300.0,Call,-,-,-,-,11800,-,-,0,0,0,0,11750,11860,-,-
TXO,202608,20260819.0,34300.0,Put,-,-,-,-,56,-,-,0,0,0,7,4.7,110,481,82
TXO,202608,20260819.0,34400.0,Call,-,-,-,-,11700,-,-,0,0,0,0,11650,11770,-,-
TXO,202608,20260819.0,34400.0,Put,59,59,55,57,57,▼-26,▼-31.33%,0,9,9,5,0.8,104,515,55
TXO,202608,20260819.0,34500.0,Call,-,-,-,-,11610,-,-,0,0,0,0,11560,11670,-,-
TXO,202608,20260819.0,34500.0,Put,61,64,57,64,60,▼-21,▼-24.71%,0,17,17,24,10.5,66,730,57
TXO,202608,20260819.0,34600.0,Call,-,-,-,-,11510,-,-,0,0,0,0,11460,11560,-,-
TXO,202608,20260819.0,34600.0,Put,59,59,59,59,62,▼-28,▼-32.18%,0,2,2,5,0.8,161,535,59
TXO,202608,20260819.0,34700.0,Call,-,-,-,-,11410,-,-,0,0,0,0,11350,11470,-,-
TXO,202608,20260819.0,34700.0,Put,61,68,61,68,64,▼-21,▼-23.60%,1,7,8,10,0.8,-,595,61
TXO,202608,20260819.0,34800.0,Call,-,-,-,-,11310,-,-,0,0,0,0,11260,11360,-,-
TXO,202608,20260819.0,34800.0,Put,-,-,-,-,66,-,-,0,0,0,3,1.1,165,311,94
TXO,202608,20260819.0,34900.0,Call,-,-,-,-,11210,-,-,0,0,0,0,11160,11270,-,-
TXO,202608,20260819.0,34900.0,Put,69,69,65,65,67,▼-30,▼-31.58%,0,4,4,3,0.9,-,305,65
TXO,202608,20260819.0,35000.0,Call,-,-,-,-,11120,-,-,0,0,0,0,11060,11170,-,-
TXO,202608,20260819.0,35000.0,Put,79,79,66,71,71,▼-28,▼-28.28%,20,84,104,246,65,76,800,66
TXO,202608,20260819.0,35100.0,Call,-,-,-,-,11020,-,-,0,0,0,0,10970,11070,-,-
TXO,202608,20260819.0,35100.0,Put,-,-,-,-,72,-,-,0,0,0,4,67,-,374,100
TXO,202608,20260819.0,35200.0,Call,-,-,-,-,10920,-,-,0,0,0,0,10870,10970,-,-
TXO,202608,20260819.0,35200.0,Put,-,-,-,-,74,-,-,0,0,0,23,1,172,407,108
TXO,202608,20260819.0,35300.0,Call,-,-,-,-,10820,-,-,0,0,0,0,10770,10870,-,-
TXO,202608,20260819.0,35300.0,Put,-,-,-,-,77,-,-,2,0,2,81,1.1,-,433,101
TXO,202608,20260819.0,35400.0,Call,-,-,-,-,10730,-,-,0,0,0,0,10680,10780,-,-
TXO,202608,20260819.0,35400.0,Put,82,82,82,82,79,▼-37,▼-31.09%,0,1,1,8,1.1,-,555,82
TXO,202608,20260819.0,35500.0,Call,-,-,-,-,10630,-,-,0,0,0,0,10580,10690,-,-
TXO,202608,20260819.0,35500.0,Put,93,96,76,84,84,▼-39,▼-31.71%,9,16,25,535,30,180,720,76
TXO,202608,20260819.0,35600.0,Call,-,-,-,-,10530,-,-,0,0,0,0,10480,10580,-,-
TXO,202608,20260819.0,35600.0,Put,-,-,-,-,84,-,-,0,0,0,107,1.2,93,900,90
TXO,202608,20260819.0,35700.0,Call,-,-,-,-,10430,-,-,0,0,0,0,10380,10490,-,-
TXO,202608,20260819.0,35700.0,Put,86,91,86,91,86,▼-37,▼-28.91%,0,5,5,88,1.2,-,305,86
TXO,202608,20260819.0,35800.0,Call,-,-,-,-,10340,-,-,0,0,0,0,10290,10390,-,-
TXO,202608,20260819.0,35800.0,Put,86,88,86,87,87,▼-46,▼-34.59%,23,3,26,45,1.3,-,520,86
TXO,202608,20260819.0,35900.0,Call,-,-,-,-,10240,-,-,0,0,0,0,10190,10290,-,-
TXO,202608,20260819.0,35900.0,Put,-,-,-,-,91,-,-,0,0,0,3,1.2,-,750,138
TXO,202608,20260819.0,36000.0,Call,-,-,-,-,10140,-,-,0,0,0,0,10090,10200,-,-
TXO,202608,20260819.0,36000.0,Put,112,112,90,91,91,▼-46,▼-33.58%,9,45,54,183,88,192,995,90
TXO,202608,20260819.0,36100.0,Call,-,-,-,-,10040,-,-,0,0,0,0,10000,10100,-,-
TXO,202608,20260819.0,36100.0,Put,110,116,110,113,96,▼-31,▼-21.53%,4,3,7,14,1.3,-,415,110
TXO,202608,20260819.0,36200.0,Call,-,-,-,-,9950,-,-,0,0,0,0,9900,10000,-,-
TXO,202608,20260819.0,36200.0,Put,107,107,99,102,99,▼-48,▼-32.00%,2,14,16,16,1.5,191,820,99
TXO,202608,20260819.0,36300.0,Call,-,-,-,-,9850,-,-,0,0,0,0,9800,9910,-,-
TXO,202608,20260819.0,36300.0,Put,129,129,100,100,100,▼-57,▼-36.31%,0,8,8,21,1.8,200,347,100
TXO,202608,20260819.0,36400.0,Call,-,-,-,-,9750,-,-,0,0,0,0,9710,9810,-,-
TXO,202608,20260819.0,36400.0,Put,102,107,102,107,107,▼-57,▼-34.76%,1,4,5,33,1.9,-,850,102
TXO,202608,20260819.0,36500.0,Call,-,-,-,-,9660,-,-,0,0,0,0,9610,9700,-,-
TXO,202608,20260819.0,36500.0,Put,113,113,105,111,111,▼-56,▼-33.53%,2,24,26,52,1.9,167,1030,105
TXO,202608,20260819.0,36600.0,Call,-,-,-,-,9560,-,-,0,0,0,0,9510,9610,-,-
TXO,202608,20260819.0,36600.0,Put,-,-,-,-,112,-,-,0,0,0,23,1.9,210,1130,168
TXO,202608,20260819.0,36700.0,Call,-,-,-,-,9460,-,-,0,0,0,0,9410,9520,-,-
TXO,202608,20260819.0,36700.0,Put,-,-,-,-,115,-,-,0,0,0,78,2,-,920,178
TXO,202608,20260819.0,36800.0,Call,-,-,-,-,9370,-,-,0,0,0,0,9320,9420,-,-
TXO,202608,20260819.0,36800.0,Put,-,-,-,-,119,-,-,0,0,0,17,2,-,670,193
TXO,202608,20260819.0,36900.0,Call,-,-,-,-,9270,-,-,0,0,0,0,9220,9330,-,-
TXO,202608,20260819.0,36900.0,Put,-,-,-,-,122,-,-,0,0,0,2,2.1,220,450,190
TXO,202608,20260819.0,37000.0,Call,-,-,-,-,9180,-,-,0,0,0,0,9130,9220,-,-
TXO,202608,20260819.0,37000.0,Put,164,164,117,128,128,▼-67,▼-34.36%,5,74,79,184,122,-,1180,117
TXO,202608,20260819.0,37100.0,Call,-,-,-,-,9080,-,-,0,0,0,0,9030,9130,-,-
TXO,202608,20260819.0,37100.0,Put,166,166,166,166,130,▼-37,▼-18.23%,0,1,1,14,2.2,-,255,166
TXO,202608,20260819.0,37200.0,Call,-,-,-,-,8980,-,-,0,0,0,0,8940,9030,-,-
TXO,202608,20260819.0,37200.0,Put,151,158,125,125,134,▼-86,▼-40.76%,7,4,11,2514,60,170,505,125
TXO,202608,20260819.0,37300.0,Call,-,-,-,-,8890,-,-,0,0,0,0,8840,8930,-,-
TXO,202608,20260819.0,37300.0,Put,150,150,136,136,136,▼-82,▼-37.61%,0,10,10,13,3.3,236,445,136
TXO,202608,20260819.0,37400.0,Call,-,-,-,-,8790,-,-,0,0,0,0,8750,8840,-,-
TXO,202608,20260819.0,37400.0,Put,148,148,147,148,142,▼-76,▼-33.93%,0,20,20,45,2.4,-,600,147
TXO,202608,20260819.0,37500.0,Call,-,-,-,-,8700,-,-,0,0,0,0,8650,8750,-,-
TXO,202608,20260819.0,37500.0,Put,176,188,145,145,145,▼-87,▼-37.50%,0,45,45,595,50,-,1270,145
TXO,202608,20260819.0,37600.0,Call,-,-,-,-,8600,-,-,0,0,0,0,8550,8650,-,-
TXO,202608,20260819.0,37600.0,Put,156,156,153,153,153,▼-88,▼-36.51%,0,21,21,26,3.4,-,610,153
TXO,202608,20260819.0,37700.0,Call,-,-,-,-,8510,-,-,0,0,0,0,8460,8560,-,-
TXO,202608,20260819.0,37700.0,Put,170,170,150,150,156,▼-101,▼-40.24%,4,28,32,35,53,-,1200,150
TXO,202608,20260819.0,37800.0,Call,-,-,-,-,8410,-,-,0,0,0,1,8370,8430,8700,8700
TXO,202608,20260819.0,37800.0,Put,167,167,165,165,165,▼-89,▼-35.04%,0,21,21,28,3.3,200,585,165
TXO,202608,20260819.0,37900.0,Call,-,-,-,-,8320,-,-,0,0,0,0,8270,8360,-,-
TXO,202608,20260819.0,37900.0,Put,172,172,171,172,172,▼-92,▼-34.85%,0,20,20,26,2.5,-,580,171
TXO,202608,20260819.0,38000.0,Call,-,-,-,-,8220,-,-,0,0,0,1,8180,8240,8250,8250
TXO,202608,20260819.0,38000.0,Put,222,222,158,174,174,▼-97,▼-35.79%,33,131,164,244,165,193,1440,158
TXO,202608,20260819.0,38100.0,Call,-,-,-,-,8130,-,-,0,0,0,0,8080,8170,-,-
TXO,202608,20260819.0,38100.0,Put,203,203,176,176,176,▼-105,▼-37.37%,0,25,25,21,3.4,-,550,176
TXO,202608,20260819.0,38200.0,Call,-,-,-,-,8030,-,-,0,0,0,0,7990,8080,-,-
TXO,202608,20260819.0,38200.0,Put,205,220,177,177,177,▼-113,▼-38.97%,0,26,26,25,7,210,1120,177
TXO,202608,20260819.0,38300.0,Call,-,-,-,-,7940,-,-,0,0,0,0,7890,7990,-,-
TXO,202608,20260819.0,38300.0,Put,199,200,183,183,183,▼-115,▼-38.59%,1,42,43,41,85,200,320,183
TXO,202608,20260819.0,38400.0,Call,-,-,-,-,7840,-,-,0,0,0,0,7800,7890,-,-
TXO,202608,20260819.0,38400.0,Put,229,229,201,201,191,▼-108,▼-34.95%,1,21,22,22,90,-,945,201
TXO,202608,20260819.0,38500.0,Call,-,-,-,-,7750,-,-,0,0,0,0,7710,7800,-,-
TXO,202608,20260819.0,38500.0,Put,237,237,190,197,197,▼-124,▼-38.63%,1,10,11,38,53,298,1050,190
TXO,202608,20260819.0,38600.0,Call,-,-,-,-,7660,-,-,0,0,0,0,7610,7700,-,-
TXO,202608,20260819.0,38600.0,Put,251,251,251,251,204,▼-82,▼-24.62%,0,1,1,8,126,240,1430,250
TXO,202608,20260819.0,38700.0,Call,-,-,-,-,7560,-,-,0,0,0,0,7520,7610,-,-
TXO,202608,20260819.0,38700.0,Put,255,255,220,220,211,▼-126,▼-36.42%,1,2,3,6,109,243,1050,220
TXO,202608,20260819.0,38800.0,Call,-,-,-,-,7470,-,-,0,0,0,0,7430,7510,-,-
TXO,202608,20260819.0,38800.0,Put,288,288,205,205,217,▼-147,▼-41.76%,2,7,9,26,53,-,570,205
TXO,202608,20260819.0,38900.0,Call,-,-,-,-,7380,-,-,0,0,0,0,7340,7420,-,-
TXO,202608,20260819.0,38900.0,Put,-,-,-,-,224,-,-,0,0,0,1,123,324,900,380
TXO,202608,20260819.0,39000.0,Call,-,-,-,-,7290,-,-,0,0,0,0,7240,7330,-,-
TXO,202608,20260819.0,39000.0,Put,292,313,220,236,236,▼-139,▼-37.07%,74,117,191,932,201,270,1770,220
TXO,202608,20260819.0,39100.0,Call,-,-,-,-,7190,-,-,0,0,0,0,7150,7240,-,-
TXO,202608,20260819.0,39100.0,Put,294,312,294,312,238,▼-77,▼-19.79%,1,5,6,31,137,-,1320,267
TXO,202608,20260819.0,39200.0,Call,-,-,-,-,7100,-,-,0,0,0,0,7060,7140,-,-
TXO,202608,20260819.0,39200.0,Put,299,299,299,299,246,▼-104,▼-25.81%,2,1,3,4,145,300,1310,277
TXO,202608,20260819.0,39300.0,Call,-,-,-,-,7010,-,-,0,0,0,0,6970,7050,-,-
TXO,202608,20260819.0,39300.0,Put,307,307,237,237,254,▼-181,▼-43.30%,0,3,3,4,153,354,1180,237
TXO,202608,20260819.0,39400.0,Call,-,-,-,-,6920,-,-,0,0,0,0,6880,6960,-,-
TXO,202608,20260819.0,39400.0,Put,310,310,250,250,262,▼-184,▼-42.40%,0,3,3,15,230,362,1210,250
TXO,202608,20260819.0,39500.0,Call,-,-,-,-,6830,-,-,0,0,0,0,6790,6870,-,-
TXO,202608,20260819.0,39500.0,Put,320,320,257,285,271,▼-152,▼-34.78%,3,19,22,48,250,300,1530,257
TXO,202608,20260819.0,39600.0,Call,-,-,-,-,6730,-,-,0,0,0,0,6700,6770,-,-
TXO,202608,20260819.0,39600.0,Put,360,373,360,373,279,▼-77,▼-17.11%,0,2,2,22,178,290,1140,327
TXO,202608,20260819.0,39700.0,Call,-,-,-,-,6640,-,-,0,0,0,0,6600,6680,-,-
TXO,202608,20260819.0,39700.0,Put,276,276,276,276,288,▼-188,▼-40.52%,0,1,1,9,187,388,700,276
TXO,202608,20260819.0,39800.0,Call,-,-,-,-,6550,-,-,0,0,0,0,6510,6590,-,-
TXO,202608,20260819.0,39800.0,Put,378,378,277,277,297,▼-202,▼-42.17%,0,5,5,19,195,397,1020,277
TXO,202608,20260819.0,39900.0,Call,-,-,-,-,6460,-,-,0,0,0,0,6430,6500,-,-
TXO,202608,20260819.0,39900.0,Put,330,330,319,319,306,▼-174,▼-35.29%,0,3,3,19,204,406,2110,318
TXO,202608,20260819.0,40000.0,Call,-,-,-,-,6370,-,-,0,0,0,0,6330,6410,-,-
TXO,202608,20260819.0,40000.0,Put,410,428,299,330,316,▼-180,▼-35.29%,21,86,107,427,280,396,2200,299
TXO,202608,20260819.0,40100.0,Call,-,-,-,-,6280,-,-,0,0,0,0,6250,6320,-,-
TXO,202608,20260819.0,40100.0,Put,410,410,309,309,326,▼-221,▼-41.70%,0,5,5,18,223,342,1370,309
TXO,202608,20260819.0,40200.0,Call,-,-,-,-,6190,-,-,0,0,0,0,6160,6230,-,-
TXO,202608,20260819.0,40200.0,Put,360,360,355,355,336,▼-190,▼-34.86%,12,2,14,27,235,382,1610,355
TXO,202608,20260819.0,40300.0,Call,-,-,-,-,6100,-,-,0,0,0,0,6070,6140,-,-
TXO,202608,20260819.0,40300.0,Put,360,360,360,360,347,▼-200,▼-35.71%,1,1,2,5,245,-,1420,360
TXO,202608,20260819.0,40400.0,Call,-,-,-,-,6010,-,-,0,0,0,0,5980,6050,-,-
TXO,202608,20260819.0,40400.0,Put,435,435,332,332,358,▼-248,▼-42.76%,5,3,8,13,257,458,970,332
TXO,202608,20260819.0,40500.0,Call,-,-,-,-,5930,-,-,0,0,0,0,5640,5960,-,-
TXO,202608,20260819.0,40500.0,Put,424,424,358,384,370,▼-216,▼-36.00%,6,12,18,44,268,385,2100,358
TXO,202608,20260819.0,40600.0,Call,-,-,-,-,5840,-,-,0,0,0,0,5800,5870,-,-
TXO,202608,20260819.0,40600.0,Put,460,463,403,403,381,▼-202,▼-33.39%,2,7,9,16,279,-,945,385
TXO,202608,20260819.0,40700.0,Call,-,-,-,-,5750,-,-,0,0,0,0,5470,5790,-,-
TXO,202608,20260819.0,40700.0,Put,-,-,-,-,393,-,-,4,0,4,13,290,492,1010,540
TXO,202608,20260819.0,40800.0,Call,-,-,-,-,5660,-,-,0,0,0,0,5630,5700,-,-
TXO,202608,20260819.0,40800.0,Put,430,430,380,419,406,▼-206,▼-32.96%,2,5,7,37,304,505,1010,380
TXO,202608,20260819.0,40900.0,Call,5370,5370,5370,5370,5580,▲+470,▲+9.59%,0,1,1,0,5550,5610,5370,4230
TXO,202608,20260819.0,40900.0,Put,401,410,395,410,410,▼-250,▼-37.88%,1,3,4,44,317,515,1580,395
TXO,202608,20260819.0,41000.0,Call,5340,5340,5340,5340,5490,▲+520,▲+10.79%,1,1,2,2,5460,5520,5550,4400
TXO,202608,20260819.0,41000.0,Put,560,585,415,437,437,▼-243,▼-35.74%,16,50,66,333,405,500,1660,415
TXO,202608,20260819.0,41100.0,Call,5060,5060,5060,5060,5400,▲+320,▲+6.75%,0,2,2,0,5370,5440,5060,4500
TXO,202608,20260819.0,41100.0,Put,565,565,437,437,449,▼-263,▼-37.57%,0,6,6,17,342,-,1390,437
TXO,202608,20260819.0,41200.0,Call,-,-,-,-,5310,-,-,0,0,0,0,5290,5350,-,-
TXO,202608,20260819.0,41200.0,Put,440,460,440,460,460,▼-245,▼-34.75%,1,2,3,23,371,-,1670,440
TXO,202608,20260819.0,41300.0,Call,4930,4930,4930,4930,5230,▲+350,▲+7.64%,0,2,2,0,5200,5270,4930,4500
TXO,202608,20260819.0,41300.0,Put,600,600,476,476,476,▼-264,▼-35.68%,1,5,6,19,370,570,1700,476
TXO,202608,20260819.0,41400.0,Call,-,-,-,-,5150,-,-,0,0,0,0,5120,5180,-,-
TXO,202608,20260819.0,41400.0,Put,555,555,555,555,489,▼-205,▼-26.97%,0,1,1,14,387,590,1020,555
TXO,202608,20260819.0,41500.0,Call,4810,4810,4810,4810,5060,▲+390,▲+8.82%,0,2,2,0,5030,5100,4810,4470
TXO,202608,20260819.0,41500.0,Put,660,660,472,520,500,▼-275,▼-34.59%,7,45,52,90,430,520,2690,472
TXO,202608,20260819.0,41600.0,Call,-,-,-,-,4980,-,-,0,0,0,0,4950,5010,-,-
TXO,202608,20260819.0,41600.0,Put,685,685,505,510,510,▼-295,▼-36.65%,0,9,9,77,417,550,1600,505
TXO,202608,20260819.0,41700.0,Call,-,-,-,-,4900,-,-,0,0,0,0,4610,4930,4380,4380
TXO,202608,20260819.0,41700.0,Put,635,645,505,505,540,▼-325,▼-39.16%,0,6,6,22,446,850,1840,505
TXO,202608,20260819.0,41800.0,Call,-,-,-,-,4810,-,-,0,0,0,0,4780,4840,-,-
TXO,202608,20260819.0,41800.0,Put,665,665,515,570,570,▼-280,▼-32.94%,10,16,26,209,452,-,1880,515
TXO,202608,20260819.0,41900.0,Call,-,-,-,-,4730,-,-,0,0,0,0,4700,4760,4320,4320
TXO,202608,20260819.0,41900.0,Put,705,705,570,580,580,▼-295,▼-33.71%,0,3,3,59,467,-,1760,570
TXO,202608,20260819.0,42000.0,Call,4660,4660,4620,4660,4660,▲+620,▲+15.35%,0,4,4,4,4620,4690,4850,4620
TXO,202608,20260819.0,42000.0,Put,735,795,545,620,590,▼-285,▼-31.49%,14,142,156,290,545,610,2540,545
TXO,202608,20260819.0,42100.0,Call,-,-,-,-,4560,-,-,0,0,0,0,4540,4600,4720,4660
TXO,202608,20260819.0,42100.0,Put,705,705,575,615,615,▼-325,▼-34.57%,4,15,19,14,505,700,1670,575
TXO,202608,20260819.0,42200.0,Call,-,-,-,-,4480,-,-,0,0,0,0,4200,4520,-,-
TXO,202608,20260819.0,42200.0,Put,700,700,610,615,625,▼-350,▼-36.27%,0,9,9,69,525,680,1730,610
TXO,202608,20260819.0,42300.0,Call,-,-,-,-,4410,-,-,0,0,0,0,4380,4430,4770,4580
TXO,202608,20260819.0,42300.0,Put,600,635,600,635,635,▼-360,▼-36.18%,0,4,4,21,540,740,1250,600
TXO,202608,20260819.0,42400.0,Call,-,-,-,-,4320,-,-,0,0,0,0,4300,4350,3760,3730
TXO,202608,20260819.0,42400.0,Put,855,855,630,630,665,▼-380,▼-37.62%,1,6,7,8,560,760,1590,630
TXO,202608,20260819.0,42500.0,Call,-,-,-,-,4240,-,-,0,0,0,3,4220,4280,5200,2520
TXO,202608,20260819.0,42500.0,Put,875,900,640,705,685,▼-325,▼-31.55%,5,70,75,147,580,785,1800,640
TXO,202608,20260819.0,42600.0,Call,-,-,-,-,4160,-,-,0,0,0,2,4140,4200,4560,4550
TXO,202608,20260819.0,42600.0,Put,920,920,665,665,705,▼-405,▼-37.85%,0,4,4,46,600,805,1830,665
TXO,202608,20260819.0,42700.0,Call,-,-,-,-,4090,-,-,0,0,0,0,3800,4120,4530,4300
TXO,202608,20260819.0,42700.0,Put,830,830,760,760,725,▼-340,▼-30.91%,3,5,8,59,640,825,2040,760
TXO,202608,20260819.0,42800.0,Call,4050,4050,4050,4050,4010,▲+570,▲+16.38%,0,1,1,0,3980,4040,6700,2880
TXO,202608,20260819.0,42800.0,Put,835,835,710,760,760,▼-380,▼-33.33%,0,5,5,12,645,805,2730,710
TXO,202608,20260819.0,42900.0,Call,-,-,-,-,3930,-,-,0,0,0,0,3910,3960,-,-
TXO,202608,20260819.0,42900.0,Put,990,990,730,775,775,▼-395,▼-33.76%,3,23,26,30,685,870,1930,730
TXO,202608,20260819.0,43000.0,Call,3860,3860,3860,3860,3860,▲+510,▲+15.22%,0,1,1,1,3570,3890,3860,2510
TXO,202608,20260819.0,43000.0,Put,995,1000,750,800,800,▼-390,▼-32.77%,4,119,123,534,695,900,2160,750
TXO,202608,20260819.0,43100.0,Call,-,-,-,-,3780,-,-,0,0,0,0,3760,3810,4300,3890
TXO,202608,20260819.0,43100.0,Put,1000,1000,775,835,815,▼-385,▼-31.56%,0,20,20,27,-,910,1720,775
TXO,202608,20260819.0,43200.0,Call,3700,3700,3700,3700,3700,▲+510,▲+15.99%,0,1,1,0,3680,3740,3700,2600
TXO,202608,20260819.0,43200.0,Put,905,910,825,825,825,▼-425,▼-34.00%,0,3,3,6,-,940,3030,825
TXO,202608,20260819.0,43300.0,Call,-,-,-,-,3630,-,-,0,0,0,0,3610,3660,4050,3630
TXO,202608,20260819.0,43300.0,Put,1110,1120,820,830,865,▼-460,▼-35.66%,0,12,12,145,-,-,1620,820
TXO,202608,20260819.0,43400.0,Call,-,-,-,-,3550,-,-,0,0,0,2,3530,3590,5190,2500
TXO,202608,20260819.0,43400.0,Put,-,-,-,-,895,-,-,0,0,0,8,-,990,1620,850
TXO,202608,20260819.0,43500.0,Call,-,-,-,-,3480,-,-,0,0,0,3,3460,3510,3900,2020
TXO,202608,20260819.0,43500.0,Put,1100,1120,910,910,910,▼-460,▼-33.58%,1,16,17,27,835,1020,3300,910
TXO,202608,20260819.0,43600.0,Call,3120,3120,3120,3120,3410,▲+190,▲+6.48%,1,1,2,0,3390,3440,3120,2850
TXO,202608,20260819.0,43600.0,Put,1140,1140,945,980,945,▼-410,▼-29.50%,4,33,37,35,-,1040,2260,945
TXO,202608,20260819.0,43700.0,Call,-,-,-,-,3330,-,-,0,0,0,0,3320,3370,-,-
TXO,202608,20260819.0,43700.0,Put,1110,1200,1030,1030,975,▼-390,▼-27.46%,0,15,15,86,870,-,1900,970
TXO,202608,20260819.0,43800.0,Call,-,-,-,-,3260,-,-,0,0,0,6,3240,3300,2780,2600
TXO,202608,20260819.0,43800.0,Put,1220,1220,980,1010,1010,▼-440,▼-30.34%,1,7,8,21,900,1180,2970,980
TXO,202608,20260819.0,43900.0,Call,-,-,-,-,3190,-,-,0,0,0,0,3170,3230,4210,2970
TXO,202608,20260819.0,43900.0,Put,1160,1160,995,1050,1050,▼-440,▼-29.53%,1,5,6,4,950,-,1580,995
TXO,202608,20260819.0,44000.0,Call,3150,3150,3150,3150,3120,▲+480,▲+17.98%,6,1,7,9,3080,3160,5710,1900
TXO,202608,20260819.0,44000.0,Put,1300,1360,990,1070,1070,▼-440,▼-29.14%,8,140,148,416,960,1150,3670,935
TXO,202608,20260819.0,44100.0,Call,3040,3040,3040,3040,3040,▲+430,▲+16.48%,0,3,3,0,3030,3090,3140,3040
TXO,202608,20260819.0,44100.0,Put,1210,1210,1100,1100,1090,▼-470,▼-29.94%,0,4,4,4,985,-,1980,1050
TXO,202608,20260819.0,44200.0,Call,-,-,-,-,2990,-,-,2,0,2,2,2960,3020,5430,2110
TXO,202608,20260819.0,44200.0,Put,1420,1420,1090,1100,1100,▼-510,▼-31.68%,6,8,14,9,5,1400,3460,1090
TXO,202608,20260819.0,44300.0,Call,2940,2940,2940,2940,2940,▲+460,▲+18.55%,6,2,8,4,2900,2950,3130,1970
TXO,202608,20260819.0,44300.0,Put,1160,1170,1160,1170,1160,▼-480,▼-29.09%,0,4,4,1,1070,-,2000,1160
TXO,202608,20260819.0,44400.0,Call,2750,2750,2750,2750,2850,▲+310,▲+12.70%,0,1,1,2,2830,2880,5440,1960
TXO,202608,20260819.0,44400.0,Put,1150,1160,1150,1160,1180,▼-540,▼-31.76%,0,3,3,5,-,1280,3350,1150
TXO,202608,20260819.0,44500.0,Call,2730,2810,2700,2810,2780,▲+450,▲+19.07%,4,5,9,11,2760,2860,5760,1800
TXO,202608,20260819.0,44500.0,Put,1480,1480,1160,1160,1220,▼-560,▼-32.56%,3,19,22,215,20.5,1320,2600,1160
TXO,202608,20260819.0,44600.0,Call,-,-,-,-,2710,-,-,0,0,0,3,2700,2750,3170,1930
TXO,202608,20260819.0,44600.0,Put,1400,1400,1220,1230,1230,▼-530,▼-30.11%,1,7,8,9,3,1350,2110,1220
TXO,202608,20260819.0,44700.0,Call,2640,2700,2640,2700,2650,▲+450,▲+20.00%,4,2,6,5,2610,2690,4110,1810
TXO,202608,20260819.0,44700.0,Put,1410,1410,1300,1300,1300,▼-510,▼-28.18%,6,4,10,8,5,-,3580,1300
TXO,202608,20260819.0,44800.0,Call,2530,2690,2530,2690,2590,▲+490,▲+22.27%,3,6,9,3,2570,2620,2690,1720
TXO,202608,20260819.0,44800.0,Put,1400,1410,1280,1330,1330,▼-520,▼-28.11%,0,11,11,13,-,1420,2800,1280
TXO,202608,20260819.0,44900.0,Call,-,-,-,-,2520,-,-,1,0,1,0,2500,2560,4180,2130
TXO,202608,20260819.0,44900.0,Put,-,-,-,-,1360,-,-,1,0,1,5,5,1460,3670,1510
TXO,202608,20260819.0,45000.0,Call,2190,2530,2190,2400,2460,▲+300,▲+14.29%,41,28,69,70,2440,2500,5490,1580
TXO,202608,20260819.0,45000.0,Put,1710,1710,1320,1380,1380,▼-570,▼-29.23%,16,73,89,234,1220,1490,3140,1280
TXO,202608,20260819.0,45100.0,Call,2290,2450,2290,2450,2400,▲+420,▲+20.69%,0,22,22,5,2380,2440,5260,1600
TXO,202608,20260819.0,45100.0,Put,-,-,-,-,1430,-,-,2,0,2,10,5,-,2410,1630
TXO,202608,20260819.0,45200.0,Call,2130,2290,2130,2290,2340,▲+310,▲+15.66%,6,3,9,46,2320,2370,3510,1550
TXO,202608,20260819.0,45200.0,Put,1760,1760,1400,1520,1470,▼-520,▼-25.49%,2,13,15,10,1300,1590,2400,1400
TXO,202608,20260819.0,45300.0,Call,2260,2260,2250,2250,2250,▲+320,▲+16.58%,0,18,18,14,2260,2310,3490,1590
TXO,202608,20260819.0,45300.0,Put,1750,1750,1540,1540,1510,▼-550,▼-26.32%,0,5,5,9,3,-,2910,1460
TXO,202608,20260819.0,45400.0,Call,2070,2180,2070,2180,2220,▲+300,▲+15.96%,10,5,15,11,2200,2260,3900,1470
TXO,202608,20260819.0,45400.0,Put,1720,1800,1500,1580,1550,▼-560,▼-26.17%,0,18,18,16,3,1650,3270,1500
TXO,202608,20260819.0,45500.0,Call,2070,2260,2020,2160,2160,▲+310,▲+16.76%,2,36,38,41,2010,4140,3810,1210
TXO,202608,20260819.0,45500.0,Put,1930,1940,1520,1580,1580,▼-610,▼-27.85%,2,38,40,76,1580,1770,2600,1520
TXO,202608,20260819.0,45600.0,Call,2050,2160,2010,2100,2100,▲+300,▲+16.67%,3,5,8,11,1990,-,3610,1300
TXO,202608,20260819.0,45600.0,Put,1890,1900,1690,1690,1640,▼-550,▼-24.55%,2,13,15,282,-,1740,2910,1430
TXO,202608,20260819.0,45700.0,Call,2030,2100,2000,2000,2040,▲+270,▲+15.61%,0,33,33,16,1940,-,5150,1370
TXO,202608,20260819.0,45700.0,Put,1910,1910,1640,1640,1680,▼-640,▼-28.07%,0,27,27,29,-,1720,2680,1470
TXO,202608,20260819.0,45800.0,Call,1800,2060,1800,1990,1990,▲+320,▲+19.16%,16,143,159,228,-,2090,4460,1280
TXO,202608,20260819.0,45800.0,Put,2050,2050,1640,1720,1720,▼-600,▼-25.86%,0,39,39,27,-,1890,3200,1540
TXO,202608,20260819.0,45900.0,Call,1900,1900,1900,1900,1930,▲+280,▲+17.28%,2,3,5,11,1830,2180,3280,1540
TXO,202608,20260819.0,45900.0,Put,-,-,-,-,1770,-,-,0,0,0,13,-,1870,3750,2000
TXO,202608,20260819.0,46000.0,Call,1670,1990,1670,1870,1870,▲+280,▲+17.61%,29,142,171,130,1800,1980,4340,1180
TXO,202608,20260819.0,46000.0,Put,1990,2010,1760,1820,1820,▼-600,▼-24.79%,9,50,59,117,1600,1860,3830,1610
TXO,202608,20260819.0,46100.0,Call,1820,1940,1710,1840,1840,▲+310,▲+20.26%,0,30,30,16,7,1850,3330,760
TXO,202608,20260819.0,46100.0,Put,1800,1830,1800,1830,1860,▼-650,▼-26.21%,0,18,18,13,-,1960,3300,1800
TXO,202608,20260819.0,46200.0,Call,1670,1870,1600,1790,1790,▲+310,▲+20.95%,5,30,35,24,-,1870,3100,1110
TXO,202608,20260819.0,46200.0,Put,2070,2090,1880,1880,1910,▼-650,▼-25.69%,0,12,12,13,-,2010,3210,1880
TXO,202608,20260819.0,46300.0,Call,1710,1810,1710,1730,1730,▲+300,▲+20.98%,0,19,19,20,-,1820,3250,1710
TXO,202608,20260819.0,46300.0,Put,2010,2010,1920,1920,1950,▼-660,▼-25.58%,0,21,21,24,-,2090,2160,1780
TXO,202608,20260819.0,46400.0,Call,1650,1740,1590,1680,1680,▲+290,▲+20.86%,0,34,34,22,-,1770,3160,1060
TXO,202608,20260819.0,46400.0,Put,2200,2200,2200,2200,2000,▼-440,▼-16.67%,0,1,1,1,1920,-,2400,1940
TXO,202608,20260819.0,46500.0,Call,1480,1680,1480,1550,1620,▲+200,▲+14.81%,2,21,23,88,-,1770,3080,975
TXO,202608,20260819.0,46500.0,Put,2440,2440,2020,2020,2050,▼-680,▼-25.19%,3,41,44,283,1980,2150,4020,1840
TXO,202608,20260819.0,46600.0,Call,1460,1620,1460,1500,1570,▲+190,▲+14.50%,2,94,96,90,1460,-,3070,960
TXO,202608,20260819.0,46600.0,Put,-,-,-,-,2100,-,-,0,0,0,0,2100,2150,3020,2020
TXO,202608,20260819.0,46700.0,Call,1520,1570,1520,1550,1520,▲+280,▲+22.05%,0,3,3,14,1430,-,2920,995
TXO,202608,20260819.0,46700.0,Put,2170,2170,2090,2140,2140,▼-680,▼-24.11%,0,18,18,559,2080,2210,3480,1820
TXO,202608,20260819.0,46800.0,Call,1400,1580,1400,1430,1470,▲+200,▲+16.26%,0,33,33,38,1360,1580,4350,980
TXO,202608,20260819.0,46800.0,Put,2510,2510,2510,2510,2200,▼-370,▼-12.85%,0,1,1,2,2200,2260,3150,1880
TXO,202608,20260819.0,46900.0,Call,1430,1550,1340,1370,1420,▲+180,▲+15.13%,0,19,19,13,3.3,1530,2600,1340
TXO,202608,20260819.0,46900.0,Put,2260,2260,2260,2260,2260,▼-680,▼-23.13%,0,3,3,1,2260,2310,3270,1940
TXO,202608,20260819.0,47000.0,Call,1300,1490,1270,1380,1380,▲+240,▲+21.05%,20,145,165,223,1320,1550,4340,805
TXO,202608,20260819.0,47000.0,Put,2660,2660,2220,2350,2310,▼-650,▼-21.67%,0,14,14,22,2310,2360,5150,2030
TXO,202608,20260819.0,47100.0,Call,1240,1360,1220,1270,1340,▲+160,▲+14.41%,1,11,12,16,-,1440,2300,795
TXO,202608,20260819.0,47100.0,Put,2310,2330,2310,2330,2370,▼-730,▼-23.86%,0,3,3,3,2370,2420,4000,1920
TXO,202608,20260819.0,47200.0,Call,1210,1400,1150,1220,1290,▲+140,▲+12.96%,3,374,377,386,1120,1390,2300,820
TXO,202608,20260819.0,47200.0,Put,-,-,-,-,2430,-,-,1,0,1,21,2430,2480,3600,2200
TXO,202608,20260819.0,47300.0,Call,1250,1350,1120,1200,1250,▲+160,▲+15.38%,8,354,362,354,2.1,1350,2530,780
TXO,202608,20260819.0,47300.0,Put,-,-,-,-,2480,-,-,0,0,0,0,2480,2530,3120,3120
TXO,202608,20260819.0,47400.0,Call,1110,1270,1080,1200,1200,▲+190,▲+18.81%,2,353,355,350,2.1,1300,3300,740
TXO,202608,20260819.0,47400.0,Put,-,-,-,-,2540,-,-,0,0,0,2,2540,2590,3500,2220
TXO,202608,20260819.0,47500.0,Call,1100,1270,1070,1170,1170,▲+195,▲+20.00%,17,34,51,58,5,1270,3100,700
TXO,202608,20260819.0,47500.0,Put,2780,2780,2540,2610,2610,▼-720,▼-21.62%,0,8,8,13,2600,2650,3510,2360
TXO,202608,20260819.0,47600.0,Call,1130,1130,1100,1120,1120,▲+175,▲+18.52%,0,4,4,8,1040,-,2000,690
TXO,202608,20260819.0,47600.0,Put,-,-,-,-,2660,-,-,0,0,0,20,2660,2710,3300,2940
TXO,202608,20260819.0,47700.0,Call,1090,1100,1020,1020,1090,▲+105,▲+11.48%,1,3,4,20,980,-,3790,655
TXO,202608,20260819.0,47700.0,Put,2680,2680,2680,2680,2720,▼-790,▼-22.77%,0,2,2,2,2720,2780,3630,2550
TXO,202608,20260819.0,47800.0,Call,975,1040,965,1000,1060,▲+120,▲+13.64%,0,18,18,111,950,-,3600,620
TXO,202608,20260819.0,47800.0,Put,-,-,-,-,2790,-,-,0,0,0,0,2780,2840,2900,2520
TXO,202608,20260819.0,47900.0,Call,945,1020,945,1020,1020,▲+175,▲+20.71%,0,3,3,6,2.1,1120,2390,615
TXO,202608,20260819.0,47900.0,Put,-,-,-,-,2850,-,-,0,0,0,1,2850,2900,3410,2840
TXO,202608,20260819.0,48000.0,Call,920,1080,860,935,980,▲+110,▲+13.33%,22,128,150,198,905,1030,3140,580
TXO,202608,20260819.0,48000.0,Put,3140,3150,2800,2940,2910,▼-730,▼-19.89%,17,19,36,30,2910,2970,3690,2240
TXO,202608,20260819.0,48100.0,Call,1000,1010,885,885,950,▲+75,▲+9.26%,4,7,11,20,835,1020,2200,555
TXO,202608,20260819.0,48100.0,Put,-,-,-,-,2980,-,-,0,0,0,0,2980,3030,-,-
TXO,202608,20260819.0,48200.0,Call,815,1010,815,1010,910,▲+250,▲+32.89%,1,9,10,60,820,-,2210,605
TXO,202608,20260819.0,48200.0,Put,-,-,-,-,3040,-,-,0,0,0,0,3040,3090,-,-
TXO,202608,20260819.0,48300.0,Call,810,925,805,815,880,▲+80,▲+10.88%,9,13,22,27,805,975,2840,515
TXO,202608,20260819.0,48300.0,Put,3110,3110,3110,3110,3110,▼-770,▼-19.85%,0,4,4,0,3110,3160,3440,3110
TXO,202608,20260819.0,48400.0,Call,830,940,790,790,845,▲+80,▲+11.27%,8,20,28,60,745,940,2210,625
TXO,202608,20260819.0,48400.0,Put,3170,3170,3170,3170,3170,▼-790,▼-19.95%,0,4,4,1,3180,3230,3390,2460
TXO,202608,20260819.0,48500.0,Call,790,880,745,810,810,▲+125,▲+18.25%,9,13,22,89,715,910,2570,480
TXO,202608,20260819.0,48500.0,Put,-,-,-,-,3250,-,-,0,0,0,1,3250,3300,3800,3300
TXO,202608,20260819.0,48600.0,Call,730,820,730,795,795,▲+140,▲+21.37%,0,16,16,17,695,880,2780,730
TXO,202608,20260819.0,48600.0,Put,-,-,-,-,3310,-,-,0,0,0,1,3310,3370,3460,2670
TXO,202608,20260819.0,48700.0,Call,715,730,700,720,755,▲+90,▲+14.29%,0,10,10,19,670,850,2050,510
TXO,202608,20260819.0,48700.0,Put,-,-,-,-,3380,-,-,0,0,0,1,3380,3440,3160,3160
TXO,202608,20260819.0,48800.0,Call,735,760,660,680,725,▲+70,▲+11.48%,1,11,12,10,625,820,1890,625
TXO,202608,20260819.0,48800.0,Put,3390,3390,3390,3390,3460,▼-870,▼-20.42%,0,2,2,0,3460,3510,3400,3390
TXO,202608,20260819.0,48900.0,Call,655,765,655,695,695,▲+110,▲+18.80%,0,32,32,40,605,730,1870,420
TXO,202608,20260819.0,48900.0,Put,-,-,-,-,3530,-,-,0,0,0,0,3530,3580,-,-
TXO,202608,20260819.0,49000.0,Call,630,750,570,690,690,▲+135,▲+24.32%,46,155,201,166,565,700,2960,382
TXO,202608,20260819.0,49000.0,Put,3510,3510,3510,3510,3600,▼-900,▼-20.41%,0,4,4,1,3600,3650,4200,3390
TXO,202608,20260819.0,49100.0,Call,675,720,610,620,645,▲+85,▲+15.89%,0,18,18,362,545,740,2680,377
TXO,202608,20260819.0,49100.0,Put,-,-,-,-,3670,-,-,0,0,0,0,3670,3730,-,-
TXO,202608,20260819.0,49200.0,Call,565,615,560,615,615,▲+110,▲+21.78%,14,6,20,28,510,715,1000,367
TXO,202608,20260819.0,49200.0,Put,-,-,-,-,3750,-,-,0,0,0,0,3750,3800,-,-
TXO,202608,20260819.0,49300.0,Call,555,650,550,550,600,▲+56,▲+11.34%,12,6,18,36,495,-,1820,340
TXO,202608,20260819.0,49300.0,Put,-,-,-,-,3830,-,-,0,0,0,0,3820,3880,-,-
TXO,202608,20260819.0,49400.0,Call,625,625,565,565,565,▲+91,▲+19.20%,0,2,2,5,465,670,1520,321
TXO,202608,20260819.0,49400.0,Put,-,-,-,-,3900,-,-,0,0,0,1,3900,3950,4170,4170
TXO,202608,20260819.0,49500.0,Call,499,620,465,540,540,▲+85,▲+18.68%,5,28,33,69,443,645,2780,366
TXO,202608,20260819.0,49500.0,Put,-,-,-,-,3980,-,-,0,0,0,0,3980,4030,-,-
TXO,202608,20260819.0,49600.0,Call,600,600,510,510,510,▲+71,▲+16.17%,0,2,2,12,421,625,1760,377
TXO,202608,20260819.0,49600.0,Put,-,-,-,-,4060,-,-,0,0,0,0,4060,4110,-,-
TXO,202608,20260819.0,49700.0,Call,525,560,418,469,505,▲+59,▲+14.39%,1,5,6,9,399,605,1170,274
TXO,202608,20260819.0,49700.0,Put,-,-,-,-,4130,-,-,0,0,0,0,4130,4190,-,-
TXO,202608,20260819.0,49800.0,Call,459,500,459,499,499,▲+99,▲+24.75%,11,4,15,12,379,565,2530,318
TXO,202608,20260819.0,49800.0,Put,4430,4430,4310,4310,4210,▼-740,▼-14.65%,0,2,2,2,4210,4270,4430,3870
TXO,202608,20260819.0,49900.0,Call,492,492,386,386,466,▲+5,▲+1.31%,0,2,2,64,360,585,1550,250
TXO,202608,20260819.0,49900.0,Put,-,-,-,-,4290,-,-,0,0,0,0,4290,4350,-,-
TXO,202608,20260819.0,50000.0,Call,403,520,360,458,458,▲+92,▲+25.14%,464,205,669,982,412,500,2580,236
TXO,202608,20260819.0,50000.0,Put,4320,4400,4280,4400,4370,▼-820,▼-15.71%,0,3,3,4,4370,4430,5120,3670
TXO,202608,20260819.0,50100.0,Call,489,489,354,370,430,▲+17,▲+4.82%,1,4,5,32,322,525,1080,270
TXO,202608,20260819.0,50100.0,Put,-,-,-,-,4460,-,-,0,0,0,0,4450,4510,-,-
TXO,202608,20260819.0,50200.0,Call,390,478,331,337,412,▲+2,▲+0.60%,4,13,17,11,303,510,1300,215
TXO,202608,20260819.0,50200.0,Put,-,-,-,-,4540,-,-,0,0,0,0,4540,4590,4600,4410
TXO,202608,20260819.0,50300.0,Call,353,388,353,388,388,▲+67,▲+20.87%,4,2,6,7,288,489,1590,205
TXO,202608,20260819.0,50300.0,Put,-,-,-,-,4620,-,-,0,0,0,0,4620,4670,-,-
TXO,202608,20260819.0,50400.0,Call,410,410,350,350,375,▲+46,▲+15.13%,0,2,2,9,271,-,1370,202
TXO,202608,20260819.0,50400.0,Put,-,-,-,-,4700,-,-,0,0,0,0,4700,4760,4880,4770
TXO,202608,20260819.0,50500.0,Call,380,406,275,337,360,▲+60,▲+21.66%,12,23,35,98,280,425,2320,185
TXO,202608,20260819.0,50500.0,Put,-,-,-,-,4790,-,-,0,0,0,0,4780,4840,-,-
TXO,202608,20260819.0,50600.0,Call,353,353,296,310,344,▲+34,▲+12.32%,1,6,7,14,240,442,1090,185
TXO,202608,20260819.0,50600.0,Put,-,-,-,-,4870,-,-,0,0,0,0,4870,4920,5010,4850
TXO,202608,20260819.0,50700.0,Call,327,375,309,310,330,▲+46,▲+17.42%,1,5,6,26,225,427,1050,167
TXO,202608,20260819.0,50700.0,Put,-,-,-,-,4960,-,-,0,0,0,0,4950,5010,-,-
TXO,202608,20260819.0,50800.0,Call,285,285,240,260,316,▲+10,▲+4.00%,4,12,16,31,211,-,1440,160
TXO,202608,20260819.0,50800.0,Put,5130,5130,5130,5130,5040,▼-760,▼-12.90%,0,1,1,1,5040,5100,5130,5130
TXO,202608,20260819.0,50900.0,Call,-,-,-,-,303,-,-,0,0,0,19,198,-,1560,300
TXO,202608,20260819.0,50900.0,Put,-,-,-,-,5130,-,-,0,0,0,0,5130,5180,-,-
TXO,202608,20260819.0,51000.0,Call,244,338,220,292,292,▲+64,▲+28.07%,14,70,84,147,256,300,1840,144
TXO,202608,20260819.0,51000.0,Put,-,-,-,-,5220,-,-,0,0,0,0,5110,5270,-,-
TXO,202608,20260819.0,51100.0,Call,280,280,280,280,280,▲+62,▲+28.44%,3,3,6,26,173,374,1100,156
TXO,202608,20260819.0,51100.0,Put,-,-,-,-,5300,-,-,0,0,0,0,5300,5350,-,-
TXO,202608,20260819.0,51200.0,Call,225,262,218,262,262,▲+66,▲+33.67%,5,5,10,22,258,362,1000,134
TXO,202608,20260819.0,51200.0,Put,-,-,-,-,5390,-,-,0,0,0,0,5390,5440,-,-
TXO,202608,20260819.0,51300.0,Call,222,285,183,270,256,▲+78,▲+40.63%,83,91,174,54,163,351,1060,125
TXO,202608,20260819.0,51300.0,Put,-,-,-,-,5480,-,-,0,0,0,0,5470,5530,-,-
TXO,202608,20260819.0,51400.0,Call,260,260,260,260,245,▲+73,▲+39.04%,3,1,4,114,139,-,1150,125
TXO,202608,20260819.0,51400.0,Put,-,-,-,-,5570,-,-,0,0,0,0,5560,5620,-,-
TXO,202608,20260819.0,51500.0,Call,188,270,188,214,235,▲+34,▲+18.89%,0,12,12,71,226,-,1050,108
TXO,202608,20260819.0,51500.0,Put,-,-,-,-,5660,-,-,0,0,0,0,5650,5710,-,-
TXO,202608,20260819.0,51600.0,Call,-,-,-,-,225,-,-,0,0,0,5,118,320,397,106
TXO,202608,20260819.0,51600.0,Put,-,-,-,-,5750,-,-,0,0,0,0,5740,5800,-,-
TXO,202608,20260819.0,51700.0,Call,170,238,159,183,215,▲+21,▲+12.96%,5,8,13,12,184,-,1010,96
TXO,202608,20260819.0,51700.0,Put,-,-,-,-,5840,-,-,0,0,0,0,5830,5890,-,-
TXO,202608,20260819.0,51800.0,Call,-,-,-,-,206,-,-,1,0,1,56,87,-,1080,100
TXO,202608,20260819.0,51800.0,Put,-,-,-,-,5930,-,-,0,0,0,0,5920,5980,-,-
TXO,202608,20260819.0,51900.0,Call,203,203,203,203,203,▲+53,▲+35.33%,0,1,1,51,85,-,1100,110
TXO,202608,20260819.0,51900.0,Put,-,-,-,-,6020,-,-,0,0,0,0,6010,6070,-,-
TXO,202608,20260819.0,52000.0,Call,166,219,125,186,186,▲+49,▲+35.77%,25,660,685,801,186,200,1440,83
TXO,202608,20260819.0,52000.0,Put,-,-,-,-,6110,-,-,0,0,0,0,6100,6170,-,-
TXO,202608,20260819.0,52100.0,Call,-,-,-,-,179,-,-,1,0,1,4,82,275,240,82
TXO,202608,20260819.0,52100.0,Put,-,-,-,-,6200,-,-,0,0,0,0,6190,6250,-,-
TXO,202608,20260819.0,52200.0,Call,126,148,126,148,170,▲+22,▲+17.46%,1,2,3,6,78,267,910,80
TXO,202608,20260819.0,52200.0,Put,-,-,-,-,6290,-,-,0,0,0,0,6280,6350,-,-
TXO,202608,20260819.0,52300.0,Call,134,138,134,138,161,▲+19,▲+15.97%,4,2,6,12,1.5,-,1340,80
TXO,202608,20260819.0,52300.0,Put,-,-,-,-,6380,-,-,0,0,0,0,6370,6440,-,-
TXO,202608,20260819.0,52400.0,Call,175,175,175,175,153,▲+63,▲+56.25%,0,1,1,5,1.4,175,750,86
TXO,202608,20260819.0,52400.0,Put,-,-,-,-,6480,-,-,0,0,0,0,6470,6530,-,-
TXO,202608,20260819.0,52500.0,Call,113,163,101,135,145,▲+32,▲+31.07%,16,21,37,56,112,-,995,72
TXO,202608,20260819.0,52500.0,Put,-,-,-,-,6570,-,-,0,0,0,0,6560,6620,-,-
TXO,202608,20260819.0,52600.0,Call,136,136,125,136,136,▲+37,▲+37.37%,0,6,6,53,113,238,755,67
TXO,202608,20260819.0,52600.0,Put,-,-,-,-,6660,-,-,0,0,0,0,6650,6720,-,-
TXO,202608,20260819.0,52700.0,Call,115,127,91,91,131,▼-6,▼-6.19%,0,5,5,18,1.3,-,740,58
TXO,202608,20260819.0,52700.0,Put,-,-,-,-,6750,-,-,0,0,0,0,6740,6810,-,-
TXO,202608,20260819.0,52800.0,Call,100,148,83,107,125,▲+14,▲+15.05%,14,14,28,26,90,-,770,58
TXO,202608,20260819.0,52800.0,Put,-,-,-,-,6850,-,-,0,0,0,0,6840,6900,-,-
TXO,202608,20260819.0,52900.0,Call,-,-,-,-,119,-,-,0,0,0,4,19,-,580,56
TXO,202608,20260819.0,52900.0,Put,-,-,-,-,6940,-,-,0,0,0,0,6930,7000,-,-
TXO,202608,20260819.0,53000.0,Call,106,136,75,119,119,▲+34,▲+40.00%,74,163,237,513,102,129,1150,50
TXO,202608,20260819.0,53000.0,Put,-,-,-,-,7030,-,-,0,0,0,0,7020,7100,-,-
TXO,202608,20260819.0,53100.0,Call,104,104,95,95,107,▲+14,▲+17.28%,37,18,55,11,1.1,168,585,60
TXO,202608,20260819.0,53100.0,Put,-,-,-,-,7130,-,-,0,0,0,0,7120,7190,-,-
TXO,202608,20260819.0,53200.0,Call,83,115,83,88,102,▲+11,▲+14.29%,49,7,56,54,1.1,-,590,51
TXO,202608,20260819.0,53200.0,Put,-,-,-,-,7220,-,-,0,0,0,0,7210,7290,-,-
TXO,202608,20260819.0,53300.0,Call,-,-,-,-,97,-,-,0,0,0,2,1.1,-,605,48
TXO,202608,20260819.0,53300.0,Put,-,-,-,-,7320,-,-,0,0,0,0,7300,7380,-,-
TXO,202608,20260819.0,53400.0,Call,72,72,63,63,92,▼-8,▼-11.27%,2,4,6,33,63,4530,630,42
TXO,202608,20260819.0,53400.0,Put,-,-,-,-,7410,-,-,0,0,0,0,7400,7480,-,-
TXO,202608,20260819.0,53500.0,Call,81,106,62,81,81,▲+11,▲+15.71%,6,28,34,149,60,500,1270,41.5
TXO,202608,20260819.0,53500.0,Put,-,-,-,-,7510,-,-,0,0,0,0,7490,7570,-,-
TXO,202608,20260819.0,53600.0,Call,69,86,69,86,81,▲+22,▲+34.38%,2,9,11,24,1,480,710,40
TXO,202608,20260819.0,53600.0,Put,-,-,-,-,7600,-,-,0,0,0,0,7590,7670,-,-
TXO,202608,20260819.0,53700.0,Call,62,83,62,83,77,▲+22,▲+36.07%,2,4,6,6,30,-,83,45
TXO,202608,20260819.0,53700.0,Put,-,-,-,-,7700,-,-,0,0,0,0,7680,7760,-,-
TXO,202608,20260819.0,53800.0,Call,70,70,70,70,76,▲+10,▲+16.67%,5,2,7,15,1,-,530,45
TXO,202608,20260819.0,53800.0,Put,-,-,-,-,7800,-,-,0,0,0,0,7780,7850,-,-
TXO,202608,20260819.0,53900.0,Call,60,60,59,60,72,▲+4,▲+7.14%,6,15,21,45,0.9,-,615,34
TXO,202608,20260819.0,53900.0,Put,-,-,-,-,7890,-,-,0,0,0,0,7870,7950,-,-
TXO,202608,20260819.0,54000.0,Call,57,75,43,68,68,▲+13,▲+23.64%,8,74,82,502,58,85,850,31.5
TXO,202608,20260819.0,54000.0,Put,-,-,-,-,7990,-,-,0,0,0,0,7970,8050,-,-
TXO,202608,20260819.0,54100.0,Call,67,67,67,67,67,▲+15,▲+28.85%,0,1,1,20,0.9,-,382,33
TXO,202608,20260819.0,54100.0,Put,-,-,-,-,8080,-,-,0,0,0,0,8070,8150,-,-
TXO,202608,20260819.0,54200.0,Call,55,71,55,71,62,▲+22.5,▲+46.39%,1,2,3,135,5.3,-,515,32.5
TXO,202608,20260819.0,54200.0,Put,-,-,-,-,8180,-,-,0,0,0,0,8160,8240,-,-
TXO,202608,20260819.0,54300.0,Call,-,-,-,-,59,-,-,3,0,3,31,0.8,-,640,30
TXO,202608,20260819.0,54300.0,Put,-,-,-,-,8280,-,-,0,0,0,0,8260,8330,-,-
TXO,202608,20260819.0,54400.0,Call,-,-,-,-,56,-,-,0,0,0,40,5.3,-,417,78
TXO,202608,20260819.0,54400.0,Put,-,-,-,-,8380,-,-,0,0,0,0,8350,8440,-,-
TXO,202608,20260819.0,54500.0,Call,46.5,65,46.5,65,54,▲+22,▲+51.16%,0,57,57,269,2.5,64,540,27.5
TXO,202608,20260819.0,54500.0,Put,-,-,-,-,8470,-,-,0,0,0,0,8450,8530,-,-
TXO,202608,20260819.0,54600.0,Call,52,52,40,40,51,▼-2,▼-4.76%,0,125,125,230,15,208,330,27
TXO,202608,20260819.0,54600.0,Put,-,-,-,-,8570,-,-,0,0,0,0,8550,8630,-,-
TXO,202608,20260819.0,54700.0,Call,48.5,48.5,35,45,49,▲+4,▲+9.76%,6,141,147,246,25,137,364,22.5
TXO,202608,20260819.0,54700.0,Put,-,-,-,-,8670,-,-,0,0,0,0,8640,8720,-,-
TXO,202608,20260819.0,54800.0,Call,40,56,37,42,46.5,▲+3,▲+7.69%,1,167,168,374,0.8,51,440,23.5
TXO,202608,20260819.0,54800.0,Put,-,-,-,-,8760,-,-,0,0,0,0,8740,8830,-,-
TXO,202608,20260819.0,54900.0,Call,44.5,51,41.5,51,44.5,▲+15,▲+41.67%,0,152,152,333,2.6,71,520,29
TXO,202608,20260819.0,54900.0,Put,-,-,-,-,8860,-,-,0,0,0,0,8840,8920,-,-
TXO,202608,20260819.0,55000.0,Call,38,50,24,42.5,42.5,▲+9,▲+26.87%,151,139,290,758,33,45,790,21.5
TXO,202608,20260819.0,55000.0,Put,-,-,-,-,8960,-,-,0,0,0,0,8930,9020,-,-
TXO,202609,20260916.0,21800.0,Call,-,-,-,-,24420,-,-,0,0,0,2,24250,-,25330,12370
TXO,202609,20260916.0,21800.0,Put,25,25,25,25,22,▼-1,▼-3.85%,3,4,7,532,21,44,650,22
TXO,202609,20260916.0,22000.0,Call,-,-,-,-,24220,-,-,0,0,0,6,24060,-,23430,5990
TXO,202609,20260916.0,22000.0,Put,-,-,-,-,24,-,-,0,0,0,187,5,124,565,10.5
TXO,202609,20260916.0,22200.0,Call,-,-,-,-,24020,-,-,0,0,0,0,-,-,-,-
TXO,202609,20260916.0,22200.0,Put,-,-,-,-,24.5,-,-,0,0,0,127,0.4,125,580,31
TXO,202609,20260916.0,22400.0,Call,-,-,-,-,23820,-,-,0,0,0,0,-,-,-,-
TXO,202609,20260916.0,22400.0,Put,-,-,-,-,25,-,-,0,0,0,104,5.5,125,605,31
TXO,202609,20260916.0,22600.0,Call,-,-,-,-,23620,-,-,0,0,0,0,-,-,-,-
TXO,202609,20260916.0,22600.0,Put,-,-,-,-,25.5,-,-,0,0,0,114,0.4,-,650,31.5
TXO,202609,20260916.0,22800.0,Call,-,-,-,-,23420,-,-,0,0,0,0,-,-,-,-
TXO,202609,20260916.0,22800.0,Put,-,-,-,-,26.5,-,-,0,0,0,19,0.3,-,675,32
TXO,202609,20260916.0,23000.0,Call,-,-,-,-,23230,-,-,0,0,0,0,-,-,-,-
TXO,202609,20260916.0,23000.0,Put,-,-,-,-,27,-,-,0,0,0,51,2,-,700,30
TXO,202609,20260916.0,23200.0,Call,-,-,-,-,23030,-,-,0,0,0,0,-,-,-,-
TXO,202609,20260916.0,23200.0,Put,-,-,-,-,27.5,-,-,0,0,0,29,26,-,730,31
TXO,202609,20260916.0,23400.0,Call,-,-,-,-,22830,-,-,0,0,0,0,-,-,-,-
TXO,202609,20260916.0,23400.0,Put,-,-,-,-,28.5,-,-,0,0,0,9,0.3,4200,700,34.5
TXO,202609,20260916.0,23600.0,Call,-,-,-,-,22630,-,-,0,0,0,0,-,-,-,-
TXO,202609,20260916.0,23600.0,Put,-,-,-,-,29,-,-,0,0,0,10,0.3,-,700,30.5
TXO,202609,20260916.0,23800.0,Call,-,-,-,-,22430,-,-,0,0,0,0,-,-,-,-
TXO,202609,20260916.0,23800.0,Put,-,-,-,-,29,-,-,0,0,0,12,0.3,-,520,31
TXO,202609,20260916.0,24000.0,Call,-,-,-,-,22230,-,-,0,0,0,0,-,-,-,-
TXO,202609,20260916.0,24000.0,Put,-,-,-,-,29,-,-,0,0,0,41,28,-,665,33
TXO,202609,20260916.0,24200.0,Call,-,-,-,-,22030,-,-,0,0,0,0,-,-,-,-
TXO,202609,20260916.0,24200.0,Put,30,30.5,30,30.5,30.5,▼-3.5,▼-10.29%,2,2,4,50,0.4,32.5,1000,30
TXO,202609,20260916.0,24400.0,Call,-,-,-,-,21840,-,-,0,0,0,0,-,-,-,-
TXO,202609,20260916.0,24400.0,Put,30,30.5,30,30.5,30.5,▼-4.5,▼-12.86%,0,2,2,6,0.3,-,1010,30
TXO,202609,20260916.0,24600.0,Call,-,-,-,-,21640,-,-,0,0,0,0,-,-,-,-
TXO,202609,20260916.0,24600.0,Put,30.5,31.5,30.5,31.5,32.5,▼-4.5,▼-12.50%,0,3,3,10,0.3,133,1020,30.5
TXO,202609,20260916.0,24800.0,Call,-,-,-,-,21440,-,-,0,0,0,0,-,-,-,-
TXO,202609,20260916.0,24800.0,Put,35,35,31.5,32,33.5,▼-5,▼-13.51%,0,6,6,11,0.4,100,1100,31.5
TXO,202609,20260916.0,25000.0,Call,-,-,-,-,21240,-,-,0,0,0,0,-,-,-,-
TXO,202609,20260916.0,25000.0,Put,-,-,-,-,34.5,-,-,0,0,0,71,2,100,1050,36
TXO,202609,20260916.0,25200.0,Call,-,-,-,-,21040,-,-,0,0,0,0,-,-,-,-
TXO,202609,20260916.0,25200.0,Put,36,36,36,36,36,▼-3,▼-7.69%,0,1,1,21,0.4,46,1200,36
TXO,202609,20260916.0,25400.0,Call,-,-,-,-,20840,-,-,0,0,0,0,-,-,-,-
TXO,202609,20260916.0,25400.0,Put,36,36,36,36,36,▼-3.5,▼-8.86%,0,4,4,18,0.4,100,1250,36
TXO,202609,20260916.0,25600.0,Call,-,-,-,-,20640,-,-,0,0,0,0,-,-,-,-
TXO,202609,20260916.0,25600.0,Put,38,38,38,38,38,▼-2.5,▼-6.17%,0,5,5,29,0.5,-,1210,38
TXO,202609,20260916.0,25800.0,Call,-,-,-,-,20450,-,-,0,0,0,169,-,20540,20840,17840
TXO,202609,20260916.0,25800.0,Put,-,-,-,-,38,-,-,0,0,0,31,0.5,3980,1270,41
TXO,202609,20260916.0,26000.0,Call,-,-,-,-,20250,-,-,0,0,0,0,20100,20300,-,-
TXO,202609,20260916.0,26000.0,Put,35.5,35.5,35.5,35.5,39,▼-7.5,▼-17.44%,0,1,1,43,0.5,196,1090,35.5
TXO,202609,20260916.0,26200.0,Call,-,-,-,-,20050,-,-,0,0,0,0,19910,20100,-,-
TXO,202609,20260916.0,26200.0,Put,-,-,-,-,40,-,-,0,0,0,20,0.4,-,1420,50
TXO,202609,20260916.0,26400.0,Call,-,-,-,-,19850,-,-,0,0,0,0,-,-,13900,5820
TXO,202609,20260916.0,26400.0,Put,-,-,-,-,41,-,-,0,0,0,18,0.4,141,1180,48
TXO,202609,20260916.0,26600.0,Call,-,-,-,-,19650,-,-,0,0,0,0,-,19700,-,-
TXO,202609,20260916.0,26600.0,Put,-,-,-,-,42,-,-,0,0,0,39,0.5,142,1000,93
TXO,202609,20260916.0,26800.0,Call,-,-,-,-,19450,-,-,0,0,0,25,19310,19540,12000,5510
TXO,202609,20260916.0,26800.0,Put,-,-,-,-,43,-,-,0,0,0,35,0.5,-,1130,95
TXO,202609,20260916.0,27000.0,Call,-,-,-,-,19260,-,-,0,0,0,3,19100,19340,20110,6220
TXO,202609,20260916.0,27000.0,Put,-,-,-,-,44.5,-,-,0,0,0,10,0.5,-,1750,55
TXO,202609,20260916.0,27200.0,Call,-,-,-,-,19060,-,-,0,0,0,0,-,-,-,-
TXO,202609,20260916.0,27200.0,Put,-,-,-,-,45.5,-,-,0,0,0,1,0.5,-,750,65
TXO,202609,20260916.0,27400.0,Call,-,-,-,-,18860,-,-,0,0,0,2,18710,-,5890,2380
TXO,202609,20260916.0,27400.0,Put,-,-,-,-,46.5,-,-,0,0,0,1,0.5,147,1270,960
TXO,202609,20260916.0,27600.0,Call,-,-,-,-,18660,-,-,0,0,0,2,18510,-,10800,2020
TXO,202609,20260916.0,27600.0,Put,-,-,-,-,48.5,-,-,0,0,0,4,0.5,-,1120,64
TXO,202609,20260916.0,27800.0,Call,-,-,-,-,18460,-,-,0,0,0,6,-,18570,19160,18840
TXO,202609,20260916.0,27800.0,Put,-,-,-,-,49.5,-,-,0,0,0,16,0.5,229,1460,66
TXO,202609,20260916.0,28000.0,Call,-,-,-,-,18270,-,-,0,0,0,1,18120,-,7880,1910
TXO,202609,20260916.0,28000.0,Put,53,53,51,51,51,▼-6,▼-10.53%,2,4,6,55,30,227,2180,51
TXO,202609,20260916.0,28200.0,Call,-,-,-,-,18070,-,-,0,0,0,2,17980,18150,5250,1730
TXO,202609,20260916.0,28200.0,Put,-,-,-,-,54,-,-,0,0,0,6,7,-,1180,108
TXO,202609,20260916.0,28400.0,Call,-,-,-,-,17870,-,-,0,0,0,21,17790,17950,15910,1630
TXO,202609,20260916.0,28400.0,Put,-,-,-,-,55,-,-,0,0,0,10,0.6,155,1550,130
TXO,202609,20260916.0,28600.0,Call,-,-,-,-,17670,-,-,0,0,0,0,-,17720,-,-
TXO,202609,20260916.0,28600.0,Put,-,-,-,-,56,-,-,0,0,0,5,0.6,156,1250,96
TXO,202609,20260916.0,28800.0,Call,-,-,-,-,17480,-,-,0,0,0,0,-,-,5200,3230
TXO,202609,20260916.0,28800.0,Put,55,55,55,55,58,▼-13,▼-19.12%,0,2,2,15,0.6,234,775,55
TXO,202609,20260916.0,29000.0,Call,-,-,-,-,17280,-,-,0,0,0,2,17130,-,4570,4570
TXO,202609,20260916.0,29000.0,Put,53,53,53,53,60,▼-15,▼-22.06%,0,7,7,19,0.6,237,1920,53
TXO,202609,20260916.0,29200.0,Call,-,-,-,-,17080,-,-,0,0,0,4,16940,17160,6310,1310
TXO,202609,20260916.0,29200.0,Put,-,-,-,-,62,-,-,0,0,0,7,0.6,-,1320,100
TXO,202609,20260916.0,29400.0,Call,-,-,-,-,16880,-,-,0,0,0,1,16740,-,6990,1290
TXO,202609,20260916.0,29400.0,Put,-,-,-,-,63,-,-,0,0,0,2,0.7,-,2010,80
TXO,202609,20260916.0,29600.0,Call,-,-,-,-,16690,-,-,0,0,0,2,16540,16750,5690,1370
TXO,202609,20260916.0,29600.0,Put,70,70,70,70,68,▼-5,▼-6.67%,0,12,12,7,0.7,-,1780,70
TXO,202609,20260916.0,29800.0,Call,-,-,-,-,16490,-,-,0,0,0,4,16350,-,16240,1210
TXO,202609,20260916.0,29800.0,Put,-,-,-,-,69,-,-,0,0,0,23,1,-,2400,84
TXO,202609,20260916.0,30000.0,Call,-,-,-,-,16290,-,-,0,0,0,24,16150,16370,14350,1210
TXO,202609,20260916.0,30000.0,Put,78,78,64,72,72,▼-14,▼-16.28%,2,10,12,248,72,-,2400,64
TXO,202609,20260916.0,30200.0,Call,-,-,-,-,16100,-,-,0,0,0,4,15950,16160,10020,1320
TXO,202609,20260916.0,30200.0,Put,-,-,-,-,74,-,-,0,0,0,11,0.8,174,2050,87
TXO,202609,20260916.0,30400.0,Call,-,-,-,-,15900,-,-,0,0,0,0,-,-,5390,1430
TXO,202609,20260916.0,30400.0,Put,75,75,75,75,75,▼-16,▼-17.58%,0,2,2,21,0.8,176,2030,1.1
TXO,202609,20260916.0,30600.0,Call,-,-,-,-,15710,-,-,0,0,0,6,15560,-,5520,1000
TXO,202609,20260916.0,30600.0,Put,-,-,-,-,81,-,-,0,0,0,5,1.1,-,2090,200
TXO,202609,20260916.0,30800.0,Call,-,-,-,-,15510,-,-,0,0,0,7,15370,-,10110,940
TXO,202609,20260916.0,30800.0,Put,-,-,-,-,82,-,-,0,0,0,12,0.9,182,2200,100
TXO,202609,20260916.0,31000.0,Call,-,-,-,-,15310,-,-,0,0,0,1,-,15420,15990,1300
TXO,202609,20260916.0,31000.0,Put,81,81,81,81,85,▼-21,▼-20.59%,0,4,4,13,2.4,-,2410,81
TXO,202609,20260916.0,31200.0,Call,-,-,-,-,15120,-,-,0,0,0,0,-,-,5680,2350
TXO,202609,20260916.0,31200.0,Put,-,-,-,-,89,-,-,1,0,1,13,1,-,4320,100
TXO,202609,20260916.0,31400.0,Call,-,-,-,-,14920,-,-,0,0,0,1,14780,-,14330,1430
TXO,202609,20260916.0,31400.0,Put,-,-,-,-,95,-,-,0,0,0,12,1,270,2750,175
TXO,202609,20260916.0,31600.0,Call,-,-,-,-,14720,-,-,0,0,0,0,-,-,3970,2920
TXO,202609,20260916.0,31600.0,Put,-,-,-,-,97,-,-,1,0,1,5,2.5,-,2510,102
TXO,202609,20260916.0,31800.0,Call,-,-,-,-,14530,-,-,0,0,0,1,14390,-,14100,1370
TXO,202609,20260916.0,31800.0,Put,-,-,-,-,101,-,-,0,0,0,37,1.8,-,2990,107
TXO,202609,20260916.0,32000.0,Call,-,-,-,-,14330,-,-,0,0,0,21,14200,14390,16670,1310
TXO,202609,20260916.0,32000.0,Put,104,111,104,111,105,▼-16,▼-12.60%,1,6,7,15,1.5,-,2700,104
TXO,202609,20260916.0,32200.0,Call,-,-,-,-,14140,-,-,0,0,0,19,14000,-,13750,1380
TXO,202609,20260916.0,32200.0,Put,-,-,-,-,110,-,-,0,0,0,8,1.6,-,2670,304
TXO,202609,20260916.0,32400.0,Call,-,-,-,-,13940,-,-,0,0,0,0,-,-,4680,1440
TXO,202609,20260916.0,32400.0,Put,108,108,108,108,113,▼-31,▼-22.30%,0,1,1,19,1.6,212,2300,108
TXO,202609,20260916.0,32600.0,Call,-,-,-,-,13750,-,-,0,0,0,0,-,-,9580,1680
TXO,202609,20260916.0,32600.0,Put,113,113,113,113,120,▼-29,▼-20.42%,0,1,1,19,1.7,215,2900,113
TXO,202609,20260916.0,32800.0,Call,-,-,-,-,13560,-,-,0,0,0,2,-,13630,8380,1420
TXO,202609,20260916.0,32800.0,Put,-,-,-,-,125,-,-,0,0,0,3,20.5,221,3280,585
TXO,202609,20260916.0,33000.0,Call,-,-,-,-,13360,-,-,0,0,0,35,-,13360,12330,399
TXO,202609,20260916.0,33000.0,Put,129,129,113,113,130,▼-43,▼-27.56%,0,4,4,75,50,226,3000,113
TXO,202609,20260916.0,33200.0,Call,-,-,-,-,13170,-,-,0,0,0,4,-,13280,11640,344
TXO,202609,20260916.0,33200.0,Put,-,-,-,-,136,-,-,0,0,0,3,1.9,232,2730,261
TXO,202609,20260916.0,33400.0,Call,-,-,-,-,12980,-,-,0,0,0,2,12840,-,12040,1470
TXO,202609,20260916.0,33400.0,Put,-,-,-,-,141,-,-,0,0,0,7,1.9,238,2780,145
TXO,202609,20260916.0,33600.0,Call,-,-,-,-,12780,-,-,0,0,0,1,-,12860,13690,372
TXO,202609,20260916.0,33600.0,Put,158,158,151,151,151,▼-30,▼-16.57%,0,14,14,19,2,-,3860,151
TXO,202609,20260916.0,33800.0,Call,-,-,-,-,12590,-,-,0,0,0,1,12490,12590,7340,328
TXO,202609,20260916.0,33800.0,Put,160,160,160,160,160,▼-33,▼-17.10%,0,1,1,17,2.1,-,3000,160
TXO,202609,20260916.0,34000.0,Call,-,-,-,-,12400,-,-,0,0,0,115,12270,-,12980,325
TXO,202609,20260916.0,34000.0,Put,166,166,166,166,166,▼-34,▼-17.00%,0,2,2,59,2.6,257,3990,164
TXO,202609,20260916.0,34200.0,Call,-,-,-,-,12200,-,-,0,0,0,1,-,12240,9340,299
TXO,202609,20260916.0,34200.0,Put,-,-,-,-,168,-,-,0,0,0,4,2.3,-,1130,257
TXO,202609,20260916.0,34400.0,Call,-,-,-,-,12010,-,-,0,0,0,0,-,-,6600,305
TXO,202609,20260916.0,34400.0,Put,-,-,-,-,175,-,-,0,0,0,10,2.4,-,3660,218
TXO,202609,20260916.0,34600.0,Call,-,-,-,-,11820,-,-,0,0,0,3,-,11900,11000,306
TXO,202609,20260916.0,34600.0,Put,-,-,-,-,183,-,-,0,0,0,4,2.5,200,4530,249
TXO,202609,20260916.0,34800.0,Call,-,-,-,-,11630,-,-,0,0,0,3,11500,-,3130,370
TXO,202609,20260916.0,34800.0,Put,-,-,-,-,191,-,-,0,0,0,4,87,205,3320,200
TXO,202609,20260916.0,35000.0,Call,-,-,-,-,11440,-,-,0,0,0,6,-,11520,14340,510
TXO,202609,20260916.0,35000.0,Put,176,176,176,176,200,▼-89,▼-33.58%,1,1,2,50,157,215,3320,176
TXO,202609,20260916.0,35200.0,Call,-,-,-,-,11250,-,-,0,0,0,1,-,11330,8530,850
TXO,202609,20260916.0,35200.0,Put,-,-,-,-,209,-,-,0,0,0,44,186,230,1150,239
TXO,202609,20260916.0,35400.0,Call,-,-,-,-,11060,-,-,0,0,0,0,-,-,8330,373
TXO,202609,20260916.0,35400.0,Put,240,240,240,240,218,▼-45,▼-15.79%,0,1,1,2,116,241,3430,227
TXO,202609,20260916.0,35600.0,Call,-,-,-,-,10870,-,-,0,0,0,0,-,-,7680,1220
TXO,202609,20260916.0,35600.0,Put,250,250,250,250,229,▼-50,▼-16.67%,0,1,1,6,125,250,4020,238
TXO,202609,20260916.0,35800.0,Call,-,-,-,-,10680,-,-,0,0,0,3,-,10760,5820,450
TXO,202609,20260916.0,35800.0,Put,-,-,-,-,240,-,-,0,0,0,11,59,-,2000,356
TXO,202609,20260916.0,36000.0,Call,-,-,-,-,10490,-,-,0,0,0,41,-,10570,11770,595
TXO,202609,20260916.0,36000.0,Put,282,282,248,261,247,▼-72,▼-21.62%,16,36,52,115,222,253,4200,232
TXO,202609,20260916.0,36200.0,Call,-,-,-,-,10300,-,-,0,0,0,0,-,-,8750,282
TXO,202609,20260916.0,36200.0,Put,-,-,-,-,261,-,-,0,0,0,3,160,-,1400,333
TXO,202609,20260916.0,36400.0,Call,-,-,-,-,10120,-,-,0,0,0,0,-,-,7540,499
TXO,202609,20260916.0,36400.0,Put,-,-,-,-,273,-,-,0,0,0,4,228,-,4830,560
TXO,202609,20260916.0,36600.0,Call,-,-,-,-,9930,-,-,0,0,0,0,-,-,7400,480
TXO,202609,20260916.0,36600.0,Put,-,-,-,-,287,-,-,0,0,0,1,186,-,1860,580
TXO,202609,20260916.0,36800.0,Call,-,-,-,-,9750,-,-,0,0,0,19,9620,-,2830,310
TXO,202609,20260916.0,36800.0,Put,355,355,328,328,300,▼-75,▼-18.61%,0,13,13,26,200,-,4910,328
TXO,202609,20260916.0,37000.0,Call,-,-,-,-,9560,-,-,0,0,0,29,-,9650,9270,540
TXO,202609,20260916.0,37000.0,Put,380,380,315,315,315,▼-114,▼-26.57%,1,20,21,54,139,570,2520,300
TXO,202609,20260916.0,37200.0,Call,-,-,-,-,9380,-,-,0,0,0,5,9250,9420,10420,375
TXO,202609,20260916.0,37200.0,Put,-,-,-,-,331,-,-,0,0,0,83,230,431,2390,450
TXO,202609,20260916.0,37400.0,Call,-,-,-,-,9200,-,-,0,0,0,1,9070,-,1370,456
TXO,202609,20260916.0,37400.0,Put,-,-,-,-,349,-,-,0,0,0,5,247,-,2530,482
TXO,202609,20260916.0,37600.0,Call,-,-,-,-,9010,-,-,0,0,0,1,-,9100,5920,430
TXO,202609,20260916.0,37600.0,Put,-,-,-,-,364,-,-,0,0,0,3,264,-,2660,473
TXO,202609,20260916.0,37800.0,Call,-,-,-,-,8830,-,-,0,0,0,2,8710,-,3680,390
TXO,202609,20260916.0,37800.0,Put,-,-,-,-,383,-,-,0,0,0,5,282,-,1110,364
TXO,202609,20260916.0,37900.0,Call,-,-,-,-,8740,-,-,0,0,0,0,-,-,-,-
TXO,202609,20260916.0,37900.0,Put,-,-,-,-,392,-,-,0,0,0,1,292,493,575,575
TXO,202609,20260916.0,38000.0,Call,-,-,-,-,8650,-,-,0,0,0,3,8530,-,9000,350
TXO,202609,20260916.0,38000.0,Put,440,440,440,440,399,▼-115,▼-20.72%,1,1,2,16,340,565,6640,431
TXO,202609,20260916.0,38100.0,Call,-,-,-,-,8560,-,-,0,0,0,0,8490,8590,-,-
TXO,202609,20260916.0,38100.0,Put,-,-,-,-,411,-,-,0,0,0,1,311,515,630,390
TXO,202609,20260916.0,38200.0,Call,-,-,-,-,8470,-,-,0,0,0,0,-,-,1030,370
TXO,202609,20260916.0,38200.0,Put,-,-,-,-,421,-,-,0,0,0,0,323,-,2770,550
TXO,202609,20260916.0,38300.0,Call,-,-,-,-,8380,-,-,0,0,0,0,-,-,-,-
TXO,202609,20260916.0,38300.0,Put,-,-,-,-,431,-,-,0,0,0,2,331,535,660,400
TXO,202609,20260916.0,38400.0,Call,-,-,-,-,8290,-,-,0,0,0,1,8230,8330,4030,340
TXO,202609,20260916.0,38400.0,Put,-,-,-,-,440,-,-,0,0,0,1,342,-,2080,496
TXO,202609,20260916.0,38500.0,Call,-,-,-,-,8200,-,-,0,0,0,0,-,-,-,-
TXO,202609,20260916.0,38500.0,Put,-,-,-,-,450,-,-,0,0,0,5,353,-,700,500
TXO,202609,20260916.0,38600.0,Call,-,-,-,-,8110,-,-,0,0,0,0,-,-,4750,371
TXO,202609,20260916.0,38600.0,Put,-,-,-,-,461,-,-,0,0,0,3,364,565,2850,500
TXO,202609,20260916.0,38700.0,Call,-,-,-,-,8020,-,-,0,0,0,0,-,-,-,-
TXO,202609,20260916.0,38700.0,Put,-,-,-,-,473,-,-,0,0,0,0,375,-,655,500
TXO,202609,20260916.0,38800.0,Call,-,-,-,-,7940,-,-,0,0,0,20,7820,-,10410,270
TXO,202609,20260916.0,38800.0,Put,-,-,-,-,484,-,-,0,0,0,2,387,590,2100,500
TXO,202609,20260916.0,38900.0,Call,-,-,-,-,7850,-,-,0,0,0,0,-,-,-,-
TXO,202609,20260916.0,38900.0,Put,500,500,500,500,500,▼-190,▼-27.54%,0,1,1,1,399,600,690,500
TXO,202609,20260916.0,39000.0,Call,-,-,-,-,7760,-,-,0,0,0,50,-,7860,8810,273
TXO,202609,20260916.0,39000.0,Put,640,640,525,525,505,▼-195,▼-27.08%,1,4,5,73,412,-,2820,485
TXO,202609,20260916.0,39100.0,Call,-,-,-,-,7670,-,-,0,0,0,0,-,-,-,-
TXO,202609,20260916.0,39100.0,Put,-,-,-,-,520,-,-,0,0,0,2,424,-,990,560
TXO,202609,20260916.0,39200.0,Call,-,-,-,-,7580,-,-,0,0,0,2,-,7680,6340,249
TXO,202609,20260916.0,39200.0,Put,-,-,-,-,530,-,-,0,0,0,2,436,640,2750,620
TXO,202609,20260916.0,39300.0,Call,-,-,-,-,7500,-,-,0,0,0,0,-,-,-,-
TXO,202609,20260916.0,39300.0,Put,-,-,-,-,545,-,-,0,0,0,0,449,-,740,690
TXO,202609,20260916.0,39400.0,Call,-,-,-,-,7420,-,-,0,0,0,7,7300,7450,8270,223
TXO,202609,20260916.0,39400.0,Put,-,-,-,-,560,-,-,0,0,0,3,463,-,2390,820
TXO,202609,20260916.0,39500.0,Call,-,-,-,-,7330,-,-,0,0,0,0,-,-,-,-
TXO,202609,20260916.0,39500.0,Put,-,-,-,-,580,-,-,0,0,0,1,478,-,975,580
TXO,202609,20260916.0,39600.0,Call,-,-,-,-,7240,-,-,0,0,0,2,7130,-,5910,394
TXO,202609,20260916.0,39600.0,Put,-,-,-,-,590,-,-,0,0,0,1,492,-,2870,1000
TXO,202609,20260916.0,39700.0,Call,-,-,-,-,7150,-,-,0,0,0,0,-,-,-,-
TXO,202609,20260916.0,39700.0,Put,-,-,-,-,595,-,-,0,0,0,1,505,-,640,640
TXO,202609,20260916.0,39800.0,Call,-,-,-,-,7070,-,-,0,0,0,0,-,-,6170,417
TXO,202609,20260916.0,39800.0,Put,-,-,-,-,610,-,-,0,0,0,3,444,-,2020,660
TXO,202609,20260916.0,39900.0,Call,-,-,-,-,6980,-,-,0,0,0,0,6930,-,-,-
TXO,202609,20260916.0,39900.0,Put,700,700,635,635,635,▼-230,▼-26.59%,0,2,2,8,530,735,1260,635
TXO,202609,20260916.0,40000.0,Call,-,-,-,-,6900,-,-,0,0,0,66,-,7000,8030,380
TXO,202609,20260916.0,40000.0,Put,700,700,650,650,650,▼-235,▼-26.55%,3,3,6,78,520,655,3040,600
TXO,202609,20260916.0,40100.0,Call,-,-,-,-,6820,-,-,0,0,0,0,-,-,-,-
TXO,202609,20260916.0,40100.0,Put,-,-,-,-,660,-,-,0,0,0,26,565,-,990,705
TXO,202609,20260916.0,40200.0,Call,-,-,-,-,6730,-,-,0,0,0,4,6680,6830,7670,250
TXO,202609,20260916.0,40200.0,Put,-,-,-,-,675,-,-,0,0,0,10,580,785,1520,725
TXO,202609,20260916.0,40300.0,Call,-,-,-,-,6650,-,-,0,0,0,0,-,-,-,-
TXO,202609,20260916.0,40300.0,Put,-,-,-,-,690,-,-,0,0,0,13,595,-,900,700
TXO,202609,20260916.0,40400.0,Call,-,-,-,-,6570,-,-,0,0,0,8,6460,-,4590,388
TXO,202609,20260916.0,40400.0,Put,-,-,-,-,710,-,-,0,0,0,3,610,-,3260,750
TXO,202609,20260916.0,40500.0,Call,-,-,-,-,6480,-,-,0,0,0,0,-,-,-,-
TXO,202609,20260916.0,40500.0,Put,875,875,800,800,725,▼-190,▼-19.19%,1,20,21,24,630,-,1720,740
TXO,202609,20260916.0,40600.0,Call,-,-,-,-,6400,-,-,0,0,0,5,6350,6690,4390,345
TXO,202609,20260916.0,40600.0,Put,-,-,-,-,745,-,-,0,0,0,10,645,-,4360,785
TXO,202609,20260916.0,40700.0,Call,-,-,-,-,6320,-,-,0,0,0,0,-,-,-,-
TXO,202609,20260916.0,40700.0,Put,-,-,-,-,765,-,-,0,0,0,3,665,-,825,810
TXO,202609,20260916.0,40800.0,Call,-,-,-,-,6240,-,-,0,0,0,4,6130,-,6870,530
TXO,202609,20260916.0,40800.0,Put,-,-,-,-,780,-,-,0,0,0,9,685,-,4480,835
TXO,202609,20260916.0,40900.0,Call,-,-,-,-,6160,-,-,0,0,0,0,-,-,-,-
TXO,202609,20260916.0,40900.0,Put,885,885,795,795,795,▼-285,▼-26.39%,0,2,2,3,700,-,970,795
TXO,202609,20260916.0,41000.0,Call,-,-,-,-,6080,-,-,0,0,0,5,-,6110,7580,320
TXO,202609,20260916.0,41000.0,Put,820,820,820,820,820,▼-290,▼-26.13%,0,1,1,39,-,925,4640,820
TXO,202609,20260916.0,41100.0,Call,-,-,-,-,6000,-,-,0,0,0,0,-,-,-,-
TXO,202609,20260916.0,41100.0,Put,-,-,-,-,835,-,-,0,0,0,1,-,945,1190,1190
TXO,202609,20260916.0,41200.0,Call,-,-,-,-,5920,-,-,0,0,0,0,-,-,3540,2240
TXO,202609,20260916.0,41200.0,Put,-,-,-,-,855,-,-,0,0,0,9,760,-,7750,1200
TXO,202609,20260916.0,41300.0,Call,-,-,-,-,5840,-,-,0,0,0,0,-,-,-,-
TXO,202609,20260916.0,41300.0,Put,-,-,-,-,875,-,-,0,0,0,0,-,-,-,-
TXO,202609,20260916.0,41400.0,Call,-,-,-,-,5760,-,-,0,0,0,0,-,-,5680,3000
TXO,202609,20260916.0,41400.0,Put,-,-,-,-,895,-,-,0,0,0,2,800,-,3480,1410
TXO,202609,20260916.0,41500.0,Call,-,-,-,-,5680,-,-,0,0,0,0,-,-,-,-
TXO,202609,20260916.0,41500.0,Put,-,-,-,-,915,-,-,0,0,0,6,820,-,1260,980
TXO,202609,20260916.0,41600.0,Call,-,-,-,-,5600,-,-,0,0,0,0,5540,-,3720,2070
TXO,202609,20260916.0,41600.0,Put,-,-,-,-,940,-,-,0,0,0,2,840,-,3420,1290
TXO,202609,20260916.0,41700.0,Call,-,-,-,-,5520,-,-,0,0,0,0,-,-,-,-
TXO,202609,20260916.0,41700.0,Put,-,-,-,-,960,-,-,0,0,0,0,-,-,1330,970
TXO,202609,20260916.0,41800.0,Call,-,-,-,-,5440,-,-,0,0,0,0,-,-,2410,264
TXO,202609,20260916.0,41800.0,Put,-,-,-,-,980,-,-,0,0,0,1,-,1090,6470,1000
TXO,202609,20260916.0,41900.0,Call,-,-,-,-,5370,-,-,0,0,0,0,-,5400,-,-
TXO,202609,20260916.0,41900.0,Put,1080,1080,960,960,1000,▼-380,▼-28.36%,0,5,5,65,500,1120,1720,960
TXO,202609,20260916.0,42000.0,Call,-,-,-,-,5290,-,-,0,0,0,106,5190,-,6680,161
TXO,202609,20260916.0,42000.0,Put,1170,1170,1040,1040,1040,▼-320,▼-23.53%,12,7,19,173,113,1200,7310,1000
TXO,202609,20260916.0,42100.0,Call,-,-,-,-,5210,-,-,0,0,0,0,-,-,-,-
TXO,202609,20260916.0,42100.0,Put,-,-,-,-,1050,-,-,0,0,0,11,955,-,1410,1090
TXO,202609,20260916.0,42200.0,Call,-,-,-,-,5140,-,-,0,0,0,2,5030,-,3620,269
TXO,202609,20260916.0,42200.0,Put,-,-,-,-,1070,-,-,0,0,0,9,-,1190,2410,1050
TXO,202609,20260916.0,42300.0,Call,-,-,-,-,5060,-,-,0,0,0,0,-,5100,-,-
TXO,202609,20260916.0,42300.0,Put,-,-,-,-,1100,-,-,0,0,0,5,1000,-,1200,1200
TXO,202609,20260916.0,42400.0,Call,-,-,-,-,4980,-,-,0,0,0,0,4940,-,1360,1180
TXO,202609,20260916.0,42400.0,Put,-,-,-,-,1120,-,-,0,0,0,9,1030,-,3470,1160
TXO,202609,20260916.0,42500.0,Call,-,-,-,-,4910,-,-,0,0,0,0,4870,-,-,-
TXO,202609,20260916.0,42500.0,Put,-,-,-,-,1150,-,-,0,0,0,5,1050,-,1510,1510
TXO,202609,20260916.0,42600.0,Call,-,-,-,-,4830,-,-,0,0,0,7,4790,4880,6330,101
TXO,202609,20260916.0,42600.0,Put,-,-,-,-,1170,-,-,0,0,0,4,1080,-,8970,1880
TXO,202609,20260916.0,42700.0,Call,-,-,-,-,4760,-,-,0,0,0,0,-,-,-,-
TXO,202609,20260916.0,42700.0,Put,-,-,-,-,1200,-,-,0,0,0,8,1100,-,2030,1250
TXO,202609,20260916.0,42800.0,Call,-,-,-,-,4690,-,-,0,0,0,200,-,4730,7760,800
TXO,202609,20260916.0,42800.0,Put,-,-,-,-,1230,-,-,0,0,0,203,1130,-,4270,1290
TXO,202609,20260916.0,42900.0,Call,-,-,-,-,4620,-,-,0,0,0,0,-,-,-,-
TXO,202609,20260916.0,42900.0,Put,-,-,-,-,1260,-,-,0,0,0,6,1160,-,2140,1310
TXO,202609,20260916.0,43000.0,Call,-,-,-,-,4550,-,-,0,0,0,21,4450,-,7050,580
TXO,202609,20260916.0,43000.0,Put,1450,1450,1450,1450,1290,▼-220,▼-13.17%,0,1,1,34,1190,-,4540,1270
TXO,202609,20260916.0,43100.0,Call,-,-,-,-,4480,-,-,0,0,0,0,-,-,-,-
TXO,202609,20260916.0,43100.0,Put,-,-,-,-,1310,-,-,0,0,0,0,-,-,-,-
TXO,202609,20260916.0,43200.0,Call,-,-,-,-,4400,-,-,0,0,0,3,4300,-,5810,790
TXO,202609,20260916.0,43200.0,Put,-,-,-,-,1340,-,-,0,0,0,2,1240,-,3670,2580
TXO,202609,20260916.0,43300.0,Call,-,-,-,-,4340,-,-,0,0,0,1,-,4380,5360,5360
TXO,202609,20260916.0,43300.0,Put,-,-,-,-,1370,-,-,0,0,0,1,1270,-,1830,1830
TXO,202609,20260916.0,43400.0,Call,-,-,-,-,4260,-,-,0,0,0,2,4210,4310,4900,750
TXO,202609,20260916.0,43400.0,Put,-,-,-,-,1390,-,-,0,0,0,2,-,-,3460,1930
TXO,202609,20260916.0,43500.0,Call,-,-,-,-,4200,-,-,0,0,0,0,4150,-,-,-
TXO,202609,20260916.0,43500.0,Put,1700,1700,1700,1700,1430,▼-150,▼-8.11%,0,1,1,1,1330,1480,1930,1500
TXO,202609,20260916.0,43600.0,Call,-,-,-,-,4130,-,-,0,0,0,3,4070,4170,6660,545
TXO,202609,20260916.0,43600.0,Put,-,-,-,-,1460,-,-,0,0,0,1,-,1570,3450,1670
TXO,202609,20260916.0,43700.0,Call,-,-,-,-,4060,-,-,0,0,0,0,4000,-,-,-
TXO,202609,20260916.0,43700.0,Put,-,-,-,-,1490,-,-,0,0,0,0,-,-,2350,2200
TXO,202609,20260916.0,43800.0,Call,-,-,-,-,3990,-,-,0,0,0,1,3890,-,5000,2090
TXO,202609,20260916.0,43800.0,Put,-,-,-,-,1530,-,-,0,0,0,0,-,-,3250,2470
TXO,202609,20260916.0,43900.0,Call,-,-,-,-,3930,-,-,0,0,0,0,3870,-,-,-
TXO,202609,20260916.0,43900.0,Put,-,-,-,-,1560,-,-,0,0,0,1,1460,-,2230,1570
TXO,202609,20260916.0,44000.0,Call,-,-,-,-,3850,-,-,0,0,0,1,3790,-,6080,331
TXO,202609,20260916.0,44000.0,Put,-,-,-,-,1580,-,-,0,0,0,4,1490,-,4100,1450
TXO,202609,20260916.0,44100.0,Call,-,-,-,-,3790,-,-,0,0,0,0,3740,3830,-,-
TXO,202609,20260916.0,44100.0,Put,-,-,-,-,1620,-,-,0,0,0,0,-,-,2160,1570
TXO,202609,20260916.0,44200.0,Call,3690,3690,3690,3690,3720,▲+430,▲+13.19%,0,1,1,4,3660,3770,4830,2000
TXO,202609,20260916.0,44200.0,Put,-,-,-,-,1650,-,-,0,0,0,2,1560,-,5100,2300
TXO,202609,20260916.0,44300.0,Call,-,-,-,-,3650,-,-,0,0,0,0,3600,-,-,-
TXO,202609,20260916.0,44300.0,Put,-,-,-,-,1680,-,-,0,0,0,0,-,-,-,-
TXO,202609,20260916.0,44400.0,Call,-,-,-,-,3590,-,-,0,0,0,0,3550,3640,4130,2140
TXO,202609,20260916.0,44400.0,Put,1840,1840,1840,1840,1720,▼-360,▼-16.36%,1,1,2,2,1640,-,2330,1660
TXO,202609,20260916.0,44500.0,Call,-,-,-,-,3520,-,-,0,0,0,0,3470,-,5080,4550
TXO,202609,20260916.0,44500.0,Put,2020,2020,1880,1890,1750,▼-350,▼-15.63%,0,10,10,11,1660,-,2240,1880
TXO,202609,20260916.0,44600.0,Call,-,-,-,-,3460,-,-,0,0,0,5,3430,3580,4550,337
TXO,202609,20260916.0,44600.0,Put,-,-,-,-,1790,-,-,0,0,0,0,-,-,5580,2760
TXO,202609,20260916.0,44700.0,Call,-,-,-,-,3400,-,-,0,0,0,0,3360,3450,-,-
TXO,202609,20260916.0,44700.0,Put,-,-,-,-,1830,-,-,0,0,0,0,-,-,-,-
TXO,202609,20260916.0,44800.0,Call,-,-,-,-,3340,-,-,0,0,0,1,3280,3390,4950,600
TXO,202609,20260916.0,44800.0,Put,1860,1860,1860,1860,1860,▼-520,▼-21.85%,0,1,1,1,1770,-,3580,1860
TXO,202609,20260916.0,44900.0,Call,-,-,-,-,3280,-,-,0,0,0,0,3240,3330,-,-
TXO,202609,20260916.0,44900.0,Put,-,-,-,-,1900,-,-,0,0,0,0,1,-,-,-
TXO,202609,20260916.0,45000.0,Call,3010,3200,3010,3200,3200,▲+360,▲+12.68%,0,4,4,14,3160,3270,5750,550
TXO,202609,20260916.0,45000.0,Put,-,-,-,-,1940,-,-,0,0,0,11,10,2060,5530,1900
TXO,202609,20260916.0,45100.0,Call,-,-,-,-,3160,-,-,0,0,0,0,3120,-,-,-
TXO,202609,20260916.0,45100.0,Put,-,-,-,-,1980,-,-,0,0,0,0,-,-,-,-
TXO,202609,20260916.0,45200.0,Call,-,-,-,-,3100,-,-,0,0,0,2,3040,3150,6110,550
TXO,202609,20260916.0,45200.0,Put,-,-,-,-,2020,-,-,0,0,0,0,1,-,-,-
TXO,202609,20260916.0,45300.0,Call,-,-,-,-,3040,-,-,0,0,0,0,2980,3090,-,-
TXO,202609,20260916.0,45300.0,Put,-,-,-,-,2070,-,-,0,0,0,0,1,-,-,-
TXO,202609,20260916.0,45400.0,Call,2950,2950,2950,2950,2980,▲+370,▲+14.34%,0,1,1,0,2910,3030,3530,700
TXO,202609,20260916.0,45400.0,Put,-,-,-,-,2100,-,-,0,0,0,1,-,2220,2210,2210
TXO,202609,20260916.0,45500.0,Call,-,-,-,-,2920,-,-,0,0,0,0,2890,2970,-,-
TXO,202609,20260916.0,45500.0,Put,-,-,-,-,2150,-,-,0,0,0,2,2050,-,2390,2390
TXO,202609,20260916.0,45600.0,Call,-,-,-,-,2860,-,-,0,0,0,2,2830,2910,5400,630
TXO,202609,20260916.0,45600.0,Put,-,-,-,-,2190,-,-,0,0,0,1,2090,-,3300,3300
TXO,202609,20260916.0,45700.0,Call,2880,2880,2870,2880,2800,▲+450,▲+18.52%,0,5,5,5,2710,2870,4250,2870
TXO,202609,20260916.0,45700.0,Put,-,-,-,-,2230,-,-,0,0,0,0,-,-,-,-
TXO,202609,20260916.0,45800.0,Call,-,-,-,-,2750,-,-,0,0,0,12,2660,-,3830,2560
TXO,202609,20260916.0,45800.0,Put,-,-,-,-,2270,-,-,0,0,0,3,-,2390,4150,2250
TXO,202609,20260916.0,45900.0,Call,-,-,-,-,2700,-,-,0,0,0,0,-,-,-,-
TXO,202609,20260916.0,45900.0,Put,-,-,-,-,2320,-,-,0,0,0,1,2220,-,3410,3410
TXO,202609,20260916.0,46000.0,Call,2690,2690,2690,2690,2640,▲+410,▲+17.98%,0,1,1,30,2550,-,5040,880
TXO,202609,20260916.0,46000.0,Put,-,-,-,-,2370,-,-,0,0,0,6,-,-,5600,2350
TXO,202609,20260916.0,46100.0,Call,-,-,-,-,2580,-,-,0,0,0,1,-,-,3120,2580
TXO,202609,20260916.0,46100.0,Put,-,-,-,-,2410,-,-,0,0,0,1,2310,-,3430,3430
TXO,202609,20260916.0,46200.0,Call,-,-,-,-,2530,-,-,0,0,0,81,2440,-,5360,1190
TXO,202609,20260916.0,46200.0,Put,-,-,-,-,2450,-,-,0,0,0,9,2360,-,5010,2530
TXO,202609,20260916.0,46300.0,Call,-,-,-,-,2480,-,-,0,0,0,0,-,-,-,-
TXO,202609,20260916.0,46300.0,Put,-,-,-,-,2500,-,-,0,0,0,0,-,-,-,-
TXO,202609,20260916.0,46400.0,Call,-,-,-,-,2420,-,-,0,0,0,4,2330,-,4700,2370
TXO,202609,20260916.0,46400.0,Put,-,-,-,-,2550,-,-,0,0,0,2,2420,-,3500,3480
TXO,202609,20260916.0,46500.0,Call,-,-,-,-,2370,-,-,0,0,0,21,-,2490,3900,2040
TXO,202609,20260916.0,46500.0,Put,-,-,-,-,2600,-,-,0,0,0,37,2500,-,3460,3020
TXO,202609,20260916.0,46600.0,Call,-,-,-,-,2320,-,-,0,0,0,6,2230,-,3760,780
TXO,202609,20260916.0,46600.0,Put,-,-,-,-,2640,-,-,0,0,0,1,2550,-,6230,6230
TXO,202609,20260916.0,46700.0,Call,-,-,-,-,2270,-,-,0,0,0,1,-,2390,5130,1660
TXO,202609,20260916.0,46700.0,Put,-,-,-,-,2690,-,-,0,0,0,0,-,-,-,-
TXO,202609,20260916.0,46800.0,Call,-,-,-,-,2220,-,-,0,0,0,1,-,2340,3180,700
TXO,202609,20260916.0,46800.0,Put,-,-,-,-,2740,-,-,0,0,0,2,2720,2800,7400,2980
TXO,202609,20260916.0,46900.0,Call,-,-,-,-,2180,-,-,0,0,0,3,2080,-,3630,3630
TXO,202609,20260916.0,46900.0,Put,-,-,-,-,2800,-,-,0,0,0,0,2760,2850,3700,3490
TXO,202609,20260916.0,47000.0,Call,-,-,-,-,2130,-,-,0,0,0,43,-,2250,5010,1000
TXO,202609,20260916.0,47000.0,Put,-,-,-,-,2850,-,-,0,0,0,41,2820,2920,6520,2830
TXO,202609,20260916.0,47100.0,Call,-,-,-,-,2080,-,-,0,0,0,1,1990,-,3480,2330
TXO,202609,20260916.0,47100.0,Put,-,-,-,-,2900,-,-,0,0,0,0,2880,2960,-,-
TXO,202609,20260916.0,47200.0,Call,-,-,-,-,2040,-,-,0,0,0,1,1940,-,3600,950
TXO,202609,20260916.0,47200.0,Put,-,-,-,-,2960,-,-,0,0,0,4,2860,-,6660,3720
TXO,202609,20260916.0,47300.0,Call,-,-,-,-,1990,-,-,0,0,0,1,-,-,3600,3520
TXO,202609,20260916.0,47300.0,Put,-,-,-,-,3010,-,-,0,0,0,0,2980,3080,-,-
TXO,202609,20260916.0,47400.0,Call,1990,1990,1990,1990,1940,▲+330,▲+19.88%,0,1,1,30,1850,-,4760,995
TXO,202609,20260916.0,47400.0,Put,-,-,-,-,3060,-,-,0,0,0,1,2960,3120,6660,6660
TXO,202609,20260916.0,47500.0,Call,1830,1830,1830,1830,1900,▲+210,▲+12.96%,0,1,1,1,-,-,2240,1830
TXO,202609,20260916.0,47500.0,Put,-,-,-,-,3120,-,-,0,0,0,0,-,3180,-,-
TXO,202609,20260916.0,47600.0,Call,1770,1770,1770,1770,1850,▲+190,▲+12.03%,0,1,1,2,-,1970,2000,600
TXO,202609,20260916.0,47600.0,Put,-,-,-,-,3170,-,-,0,0,0,1,3120,3230,6960,6960
TXO,202609,20260916.0,47700.0,Call,1730,1730,1730,1730,1810,▲+180,▲+11.61%,0,4,4,4,1720,-,1730,1730
TXO,202609,20260916.0,47700.0,Put,-,-,-,-,3230,-,-,0,0,0,0,3200,3300,-,-
TXO,202609,20260916.0,47800.0,Call,1740,1740,1740,1740,1770,▲+230,▲+15.23%,0,1,1,1,-,-,2000,1740
TXO,202609,20260916.0,47800.0,Put,-,-,-,-,3290,-,-,0,0,0,1,3190,3350,6790,6790
TXO,202609,20260916.0,47900.0,Call,-,-,-,-,1720,-,-,0,0,0,0,-,-,-,-
TXO,202609,20260916.0,47900.0,Put,-,-,-,-,3340,-,-,0,0,0,0,-,3410,-,-
TXO,202609,20260916.0,48000.0,Call,-,-,-,-,1680,-,-,0,0,0,14,1590,-,3130,820
TXO,202609,20260916.0,48000.0,Put,-,-,-,-,3400,-,-,0,0,0,5,3300,-,7110,2880
TXO,202609,20260916.0,48100.0,Call,-,-,-,-,1640,-,-,0,0,0,0,-,-,2800,2780
TXO,202609,20260916.0,48100.0,Put,-,-,-,-,3450,-,-,0,0,0,0,3430,3520,4850,3390
TXO,202609,20260916.0,48200.0,Call,-,-,-,-,1600,-,-,0,0,0,0,-,-,2850,1680
TXO,202609,20260916.0,48200.0,Put,-,-,-,-,3510,-,-,0,0,0,3,3490,-,7310,7180
TXO,202609,20260916.0,48300.0,Call,-,-,-,-,1560,-,-,0,0,0,0,-,-,-,-
TXO,202609,20260916.0,48300.0,Put,-,-,-,-,3570,-,-,0,0,0,0,3550,-,-,-
TXO,202609,20260916.0,48400.0,Call,-,-,-,-,1520,-,-,0,0,0,0,-,-,1980,815
TXO,202609,20260916.0,48400.0,Put,-,-,-,-,3640,-,-,0,0,0,7,3610,3700,7590,7240
TXO,202609,20260916.0,48500.0,Call,-,-,-,-,1480,-,-,0,0,0,2,-,1610,990,990
TXO,202609,20260916.0,48500.0,Put,-,-,-,-,3700,-,-,0,0,0,0,3680,3750,-,-
TXO,202609,20260916.0,48600.0,Call,-,-,-,-,1440,-,-,0,0,0,0,-,-,-,-
TXO,202609,20260916.0,48600.0,Put,-,-,-,-,3760,-,-,0,0,0,6,3660,3830,7740,7480
TXO,202609,20260916.0,48700.0,Call,-,-,-,-,1410,-,-,0,0,0,1,1320,-,1770,1770
TXO,202609,20260916.0,48700.0,Put,-,-,-,-,3820,-,-,0,0,0,0,3770,3890,-,-
TXO,202609,20260916.0,48800.0,Call,-,-,-,-,1370,-,-,0,0,0,1,-,-,2200,1050
TXO,202609,20260916.0,48800.0,Put,-,-,-,-,3890,-,-,0,0,0,2,3790,3960,4910,4900
TXO,202609,20260916.0,48900.0,Call,-,-,-,-,1340,-,-,0,0,0,0,-,-,3930,3500
TXO,202609,20260916.0,48900.0,Put,-,-,-,-,3950,-,-,0,0,0,0,-,4020,-,-
TXO,202609,20260916.0,49000.0,Call,-,-,-,-,1300,-,-,0,0,0,25,1210,-,3880,655
TXO,202609,20260916.0,49000.0,Put,-,-,-,-,4020,-,-,0,0,0,4,3920,-,6150,3460
TXO,202609,20260916.0,49100.0,Call,-,-,-,-,1270,-,-,0,0,0,2,1180,-,3500,3350
TXO,202609,20260916.0,49100.0,Put,-,-,-,-,4080,-,-,0,0,0,1,3980,4160,4510,4510
TXO,202609,20260916.0,49200.0,Call,-,-,-,-,1230,-,-,0,0,0,0,-,-,2080,705
TXO,202609,20260916.0,49200.0,Put,-,-,-,-,4150,-,-,0,0,0,3,4050,4220,5160,3750
TXO,202609,20260916.0,49300.0,Call,-,-,-,-,1200,-,-,0,0,0,1,1110,-,1560,1560
TXO,202609,20260916.0,49300.0,Put,-,-,-,-,4210,-,-,0,0,0,0,-,4280,-,-
TXO,202609,20260916.0,49400.0,Call,-,-,-,-,1170,-,-,0,0,0,5,2.1,1290,2710,1050
TXO,202609,20260916.0,49400.0,Put,-,-,-,-,4280,-,-,0,0,0,0,-,4340,-,-
TXO,202609,20260916.0,49500.0,Call,-,-,-,-,1140,-,-,10,0,10,10,2.1,1260,1010,760
TXO,202609,20260916.0,49500.0,Put,-,-,-,-,4350,-,-,0,0,0,1,4330,4430,4780,4780
TXO,202609,20260916.0,49600.0,Call,-,-,-,-,1110,-,-,0,0,0,11,2.1,1230,1160,1010
TXO,202609,20260916.0,49600.0,Put,-,-,-,-,4420,-,-,0,0,0,1,4320,4500,4850,4850
TXO,202609,20260916.0,49700.0,Call,-,-,-,-,1080,-,-,0,0,0,0,2.1,-,-,-
TXO,202609,20260916.0,49700.0,Put,-,-,-,-,4490,-,-,0,0,0,3,4390,4560,4920,4920
TXO,202609,20260916.0,49800.0,Call,-,-,-,-,1060,-,-,0,0,0,25,960,-,1760,675
TXO,202609,20260916.0,49800.0,Put,-,-,-,-,4570,-,-,0,0,0,0,-,4620,-,-
TXO,202609,20260916.0,49900.0,Call,1030,1030,970,1000,1030,▲+130,▲+14.94%,0,5,5,5,930,-,2050,970
TXO,202609,20260916.0,49900.0,Put,-,-,-,-,4640,-,-,0,0,0,0,-,4690,-,-
TXO,202609,20260916.0,50000.0,Call,960,1000,960,980,980,▲+135,▲+15.98%,2,3,5,65,2.1,1110,3370,610
TXO,202609,20260916.0,50000.0,Put,-,-,-,-,4700,-,-,0,0,0,0,-,-,-,-
TXO,202609,20260916.0,50100.0,Call,950,950,950,950,950,▲+125,▲+15.15%,0,4,4,13,880,-,3360,950
TXO,202609,20260916.0,50100.0,Put,-,-,-,-,4770,-,-,0,0,0,0,-,4830,-,-
TXO,202609,20260916.0,50200.0,Call,-,-,-,-,935,-,-,0,0,0,2,850,-,1800,850
TXO,202609,20260916.0,50200.0,Put,-,-,-,-,4840,-,-,0,0,0,0,4820,4900,-,-
TXO,202609,20260916.0,50300.0,Call,-,-,-,-,910,-,-,0,0,0,18,2.1,1030,1200,1070
TXO,202609,20260916.0,50300.0,Put,-,-,-,-,4920,-,-,0,0,0,0,-,4980,-,-
TXO,202609,20260916.0,50400.0,Call,-,-,-,-,885,-,-,0,0,0,61,800,-,3140,470
TXO,202609,20260916.0,50400.0,Put,-,-,-,-,4990,-,-,0,0,0,0,-,-,7650,5430
TXO,202609,20260916.0,50500.0,Call,855,855,845,845,845,▲+110,▲+14.97%,0,2,2,6,770,-,1080,600
TXO,202609,20260916.0,50500.0,Put,-,-,-,-,5070,-,-,0,0,0,0,-,-,-,-
TXO,202609,20260916.0,50600.0,Call,-,-,-,-,835,-,-,0,0,0,10,745,-,1760,550
TXO,202609,20260916.0,50600.0,Put,-,-,-,-,5150,-,-,0,0,0,0,-,5200,-,-
TXO,202609,20260916.0,50700.0,Call,-,-,-,-,815,-,-,0,0,0,4,720,930,1490,1330
TXO,202609,20260916.0,50700.0,Put,-,-,-,-,5220,-,-,0,0,0,0,5190,5270,-,-
TXO,202609,20260916.0,50800.0,Call,750,760,750,760,790,▲+90,▲+13.43%,0,2,2,6,700,905,2580,500
TXO,202609,20260916.0,50800.0,Put,-,-,-,-,5300,-,-,0,0,0,0,-,-,-,-
TXO,202609,20260916.0,50900.0,Call,740,740,740,740,770,▲+95,▲+14.73%,0,1,1,3,675,880,1050,550
TXO,202609,20260916.0,50900.0,Put,-,-,-,-,5380,-,-,0,0,0,0,-,-,-,-
TXO,202609,20260916.0,51000.0,Call,-,-,-,-,745,-,-,0,0,0,8,650,-,2360,500
TXO,202609,20260916.0,51000.0,Put,-,-,-,-,5450,-,-,0,0,0,0,-,-,-,-
TXO,202609,20260916.0,51100.0,Call,-,-,-,-,725,-,-,0,0,0,1,630,835,1820,474
TXO,202609,20260916.0,51100.0,Put,-,-,-,-,5530,-,-,0,0,0,0,5500,-,-,-
TXO,202609,20260916.0,51200.0,Call,-,-,-,-,705,-,-,0,0,0,8,610,-,2430,550
TXO,202609,20260916.0,51200.0,Put,-,-,-,-,5610,-,-,0,0,0,0,-,5660,-,-
TXO,202609,20260916.0,51300.0,Call,-,-,-,-,685,-,-,0,0,0,6,595,795,840,555
TXO,202609,20260916.0,51300.0,Put,-,-,-,-,5690,-,-,0,0,0,0,-,-,-,-
TXO,202609,20260916.0,51400.0,Call,-,-,-,-,665,-,-,0,0,0,1,515,775,1830,457
TXO,202609,20260916.0,51400.0,Put,-,-,-,-,5770,-,-,0,0,0,0,-,-,-,-
TXO,202609,20260916.0,51500.0,Call,700,700,690,690,650,▲+160,▲+30.19%,1,7,8,11,515,755,920,550
TXO,202609,20260916.0,51500.0,Put,-,-,-,-,5850,-,-,0,0,0,0,-,5890,-,-
TXO,202609,20260916.0,51600.0,Call,615,645,615,645,645,▲+135,▲+26.47%,1,7,8,18,515,735,810,414
TXO,202609,20260916.0,51600.0,Put,-,-,-,-,5930,-,-,0,0,0,0,-,5970,-,-
TXO,202609,20260916.0,51700.0,Call,550,550,550,550,610,▲+54,▲+10.89%,0,1,1,1,510,-,550,550
TXO,202609,20260916.0,51700.0,Put,-,-,-,-,6010,-,-,0,0,0,0,-,-,-,-
TXO,202609,20260916.0,51800.0,Call,550,550,550,550,590,▲+68,▲+14.11%,0,1,1,3,500,695,1850,550
TXO,202609,20260916.0,51800.0,Put,-,-,-,-,6090,-,-,0,0,0,0,-,6140,-,-
TXO,202609,20260916.0,51900.0,Call,550,550,550,550,570,▲+82,▲+17.52%,0,1,1,2,500,680,590,417
TXO,202609,20260916.0,51900.0,Put,-,-,-,-,6180,-,-,0,0,0,0,-,6220,-,-
TXO,202609,20260916.0,52000.0,Call,470,550,465,550,550,▲+95,▲+20.88%,0,28,28,30,456,660,2210,330
TXO,202609,20260916.0,52000.0,Put,-,-,-,-,6260,-,-,0,0,0,0,-,6300,-,-
TXO,202609,20260916.0,52100.0,Call,-,-,-,-,540,-,-,0,0,0,2,440,-,590,348
TXO,202609,20260916.0,52100.0,Put,-,-,-,-,6340,-,-,0,0,0,0,-,6380,-,-
TXO,202609,20260916.0,52200.0,Call,-,-,-,-,525,-,-,0,0,0,11,423,-,2340,780
TXO,202609,20260916.0,52200.0,Put,-,-,-,-,6430,-,-,0,0,0,0,-,-,-,-
TXO,202609,20260916.0,52300.0,Call,-,-,-,-,505,-,-,0,0,0,2,407,-,1880,355
TXO,202609,20260916.0,52300.0,Put,-,-,-,-,6510,-,-,0,0,0,0,-,6550,-,-
TXO,202609,20260916.0,52400.0,Call,-,-,-,-,490,-,-,0,0,0,5,66,595,1880,299
TXO,202609,20260916.0,52400.0,Put,-,-,-,-,6590,-,-,0,0,0,0,-,-,-,-
TXO,202609,20260916.0,52500.0,Call,-,-,-,-,474,-,-,0,0,0,3,376,580,550,310
TXO,202609,20260916.0,52500.0,Put,-,-,-,-,6680,-,-,0,0,0,0,-,6720,-,-
TXO,202609,20260916.0,52600.0,Call,-,-,-,-,459,-,-,0,0,0,11,303,-,1390,300
TXO,202609,20260916.0,52600.0,Put,-,-,-,-,6760,-,-,0,0,0,0,-,-,-,-
TXO,202609,20260916.0,52700.0,Call,-,-,-,-,445,-,-,0,0,0,1,347,-,1890,309
TXO,202609,20260916.0,52700.0,Put,-,-,-,-,6850,-,-,0,0,0,0,-,6890,-,-
TXO,202609,20260916.0,52800.0,Call,-,-,-,-,432,-,-,0,0,0,1,333,535,1930,520
TXO,202609,20260916.0,52800.0,Put,-,-,-,-,6930,-,-,0,0,0,0,-,-,-,-
TXO,202609,20260916.0,52900.0,Call,-,-,-,-,419,-,-,0,0,0,0,319,-,580,520
TXO,202609,20260916.0,52900.0,Put,-,-,-,-,7020,-,-,0,0,0,0,-,7060,-,-
TXO,202609,20260916.0,53000.0,Call,378,382,368,368,406,▲+46,▲+14.29%,0,7,7,14,306,510,1240,230
TXO,202609,20260916.0,53000.0,Put,-,-,-,-,7110,-,-,0,0,0,0,7060,-,-,-
TXO,202609,20260916.0,53100.0,Call,-,-,-,-,393,-,-,6,0,6,0,293,-,580,256
TXO,202609,20260916.0,53100.0,Put,-,-,-,-,7190,-,-,0,0,0,0,-,-,-,-
TXO,202609,20260916.0,53200.0,Call,-,-,-,-,381,-,-,0,0,0,5,281,430,1500,230
TXO,202609,20260916.0,53200.0,Put,-,-,-,-,7280,-,-,0,0,0,0,-,-,-,-
TXO,202609,20260916.0,53300.0,Call,-,-,-,-,369,-,-,0,0,0,0,268,-,580,520
TXO,202609,20260916.0,53300.0,Put,-,-,-,-,7370,-,-,0,0,0,0,7320,7410,-,-
TXO,202609,20260916.0,53400.0,Call,-,-,-,-,358,-,-,0,0,0,3,257,-,1000,361
TXO,202609,20260916.0,53400.0,Put,-,-,-,-,7460,-,-,0,0,0,0,-,-,-,-
TXO,202609,20260916.0,53500.0,Call,-,-,-,-,346,-,-,0,0,0,1,245,-,600,600
TXO,202609,20260916.0,53500.0,Put,-,-,-,-,7550,-,-,0,0,0,0,-,-,-,-
TXO,202609,20260916.0,53600.0,Call,295,310,295,310,336,▲+50,▲+19.23%,0,2,2,3,234,436,1340,295
TXO,202609,20260916.0,53600.0,Put,-,-,-,-,7630,-,-,0,0,0,0,-,-,-,-
TXO,202609,20260916.0,53700.0,Call,313,313,313,313,325,▲+62,▲+24.70%,0,10,10,10,224,-,550,313
TXO,202609,20260916.0,53700.0,Put,-,-,-,-,7720,-,-,0,0,0,0,-,-,-,-
TXO,202609,20260916.0,53800.0,Call,-,-,-,-,314,-,-,0,0,0,1,213,415,1240,550
TXO,202609,20260916.0,53800.0,Put,-,-,-,-,7810,-,-,0,0,0,0,7760,-,-,-
TXO,202609,20260916.0,53900.0,Call,-,-,-,-,304,-,-,0,0,0,0,203,-,-,-
TXO,202609,20260916.0,53900.0,Put,-,-,-,-,7900,-,-,0,0,0,0,-,-,-,-
TXO,202609,20260916.0,54000.0,Call,279,279,279,279,294,▲+54,▲+24.00%,0,2,2,31,228,-,1400,162
TXO,202609,20260916.0,54000.0,Put,-,-,-,-,7990,-,-,0,0,0,0,-,8040,-,-
TXO,202609,20260916.0,54100.0,Call,-,-,-,-,284,-,-,0,0,0,0,184,-,-,-
TXO,202609,20260916.0,54100.0,Put,-,-,-,-,8080,-,-,0,0,0,0,-,-,-,-
TXO,202609,20260916.0,54200.0,Call,-,-,-,-,275,-,-,0,0,0,0,175,-,-,-
TXO,202609,20260916.0,54200.0,Put,-,-,-,-,8170,-,-,0,0,0,0,-,-,-,-
TXO,202609,20260916.0,54300.0,Call,195,195,195,195,265,▼-9,▼-4.41%,0,1,1,1,166,367,195,195
TXO,202609,20260916.0,54300.0,Put,-,-,-,-,8260,-,-,0,0,0,0,-,-,-,-
TXO,202609,20260916.0,54400.0,Call,-,-,-,-,256,-,-,0,0,0,0,157,-,1040,382
TXO,202609,20260916.0,54400.0,Put,-,-,-,-,8350,-,-,0,0,0,0,-,-,-,-
TXO,202609,20260916.0,54500.0,Call,226,228,226,228,247,▲+38,▲+20.00%,0,2,2,3,149,350,300,226
TXO,202609,20260916.0,54500.0,Put,-,-,-,-,8440,-,-,0,0,0,0,8390,-,-,-
TXO,202609,20260916.0,54600.0,Call,-,-,-,-,239,-,-,0,0,0,52,140,342,1680,150
TXO,202609,20260916.0,54600.0,Put,-,-,-,-,8530,-,-,0,0,0,0,8480,8580,-,-
TXO,202609,20260916.0,54700.0,Call,-,-,-,-,230,-,-,0,0,0,10,133,-,382,382
TXO,202609,20260916.0,54700.0,Put,-,-,-,-,8620,-,-,0,0,0,0,8570,-,-,-
TXO,202609,20260916.0,54800.0,Call,200,200,200,200,222,▲+29,▲+16.96%,0,8,8,34,125,326,370,200
TXO,202609,20260916.0,54800.0,Put,-,-,-,-,8720,-,-,0,0,0,0,-,-,-,-
TXO,202609,20260916.0,54900.0,Call,-,-,-,-,214,-,-,0,0,0,8,118,255,205,205
TXO,202609,20260916.0,54900.0,Put,-,-,-,-,8810,-,-,0,0,0,0,-,-,-,-
TXO,202609,20260916.0,55000.0,Call,168,205,168,195,195,▲+32,▲+19.63%,30,13,43,102,32,300,1240,126
TXO,202609,20260916.0,55000.0,Put,-,-,-,-,8900,-,-,0,0,0,0,-,8950,-,-
TXO,202609,20260916.0,55200.0,Call,170,170,170,170,193,▲+20,▲+13.33%,0,3,3,3,97,298,350,170
TXO,202609,20260916.0,55200.0,Put,-,-,-,-,9090,-,-,0,0,0,0,-,-,-,-
TXO,202609,20260916.0,55400.0,Call,-,-,-,-,180,-,-,0,0,0,28,84,285,800,730
TXO,202609,20260916.0,55400.0,Put,-,-,-,-,9270,-,-,0,0,0,181,-,9360,12000,9200
TXO,202609,20260916.0,55600.0,Call,162,162,132,160,160,▲+29,▲+22.14%,0,3,3,4,53,-,1400,115
TXO,202609,20260916.0,55600.0,Put,-,-,-,-,9460,-,-,0,0,0,0,-,9540,-,-
TXO,202609,20260916.0,55800.0,Call,133,160,132,149,149,▲+37,▲+33.04%,2,13,15,112,122,262,1350,70
TXO,202609,20260916.0,55800.0,Put,-,-,-,-,9650,-,-,0,0,0,0,9560,-,-,-
TXO,202612,20261216.0,25200.0,Call,-,-,-,-,21780,-,-,0,0,0,2,21720,22060,22620,13580
TXO,202612,20261216.0,25200.0,Put,161,161,160,160,136,▲+7,▲+4.58%,0,3,3,228,136,250,985,153
TXO,202612,20261216.0,25400.0,Call,-,-,-,-,21600,-,-,0,0,0,0,-,-,-,-
TXO,202612,20261216.0,25400.0,Put,-,-,-,-,145,-,-,0,0,0,2,53,350,610,260
TXO,202612,20261216.0,25600.0,Call,-,-,-,-,21400,-,-,0,0,0,0,21350,21640,-,-
TXO,202612,20261216.0,25600.0,Put,-,-,-,-,149,-,-,0,0,0,7,2.2,-,750,164
TXO,202612,20261216.0,25800.0,Call,-,-,-,-,21210,-,-,0,0,0,0,-,-,-,-
TXO,202612,20261216.0,25800.0,Put,-,-,-,-,154,-,-,0,0,0,3,2.1,263,505,186
TXO,202612,20261216.0,26000.0,Call,-,-,-,-,21020,-,-,0,0,0,1,-,-,17230,7550
TXO,202612,20261216.0,26000.0,Put,180,180,170,170,160,▼-23,▼-11.92%,0,6,6,35,2.8,-,1390,170
TXO,202612,20261216.0,26200.0,Call,-,-,-,-,20820,-,-,0,0,0,0,-,-,-,-
TXO,202612,20261216.0,26200.0,Put,-,-,-,-,165,-,-,0,0,0,7,2.1,172,1430,200
TXO,202612,20261216.0,26400.0,Call,-,-,-,-,20630,-,-,0,0,0,0,-,-,-,-
TXO,202612,20261216.0,26400.0,Put,-,-,-,-,170,-,-,0,0,0,11,167,-,1250,348
TXO,202612,20261216.0,26600.0,Call,-,-,-,-,20440,-,-,0,0,0,0,-,-,-,-
TXO,202612,20261216.0,26600.0,Put,-,-,-,-,175,-,-,0,0,0,1,2.2,-,765,200
TXO,202612,20261216.0,26800.0,Call,-,-,-,-,20240,-,-,0,0,0,0,20190,-,-,-
TXO,202612,20261216.0,26800.0,Put,-,-,-,-,181,-,-,0,0,0,4,86,287,1500,254
TXO,202612,20261216.0,27000.0,Call,-,-,-,-,20050,-,-,0,0,0,2,19980,-,18990,7500
TXO,202612,20261216.0,27000.0,Put,-,-,-,-,186,-,-,0,0,0,4,13,-,1590,220
TXO,202612,20261216.0,27200.0,Call,-,-,-,-,19860,-,-,0,0,0,0,-,20080,-,-
TXO,202612,20261216.0,27200.0,Put,-,-,-,-,192,-,-,0,0,0,1,97,298,710,215
TXO,202612,20261216.0,27400.0,Call,-,-,-,-,19670,-,-,0,0,0,0,-,-,-,-
TXO,202612,20261216.0,27400.0,Put,-,-,-,-,200,-,-,0,0,0,15,24,-,1580,500
TXO,202612,20261216.0,27600.0,Call,-,-,-,-,19480,-,-,0,0,0,0,19420,-,-,-
TXO,202612,20261216.0,27600.0,Put,-,-,-,-,210,-,-,0,0,0,1,199,-,1300,233
TXO,202612,20261216.0,27800.0,Call,-,-,-,-,19280,-,-,0,0,0,0,-,-,-,-
TXO,202612,20261216.0,27800.0,Put,-,-,-,-,212,-,-,0,0,0,2,114,315,1550,325
TXO,202612,20261216.0,28000.0,Call,-,-,-,-,19090,-,-,0,0,0,0,19040,19300,-,-
TXO,202612,20261216.0,28000.0,Put,-,-,-,-,218,-,-,0,0,0,13,120,321,1680,225
TXO,202612,20261216.0,28200.0,Call,-,-,-,-,18900,-,-,0,0,0,0,-,-,-,-
TXO,202612,20261216.0,28200.0,Put,-,-,-,-,225,-,-,0,0,0,9,48.5,328,1820,406
TXO,202612,20261216.0,28400.0,Call,-,-,-,-,18710,-,-,0,0,0,0,-,-,-,-
TXO,202612,20261216.0,28400.0,Put,-,-,-,-,232,-,-,0,0,0,2,134,335,1400,410
TXO,202612,20261216.0,28600.0,Call,-,-,-,-,18520,-,-,0,0,0,0,-,18700,-,-
TXO,202612,20261216.0,28600.0,Put,-,-,-,-,239,-,-,0,0,0,1,141,-,1500,455
TXO,202612,20261216.0,28800.0,Call,-,-,-,-,18330,-,-,0,0,0,0,-,-,-,-
TXO,202612,20261216.0,28800.0,Put,-,-,-,-,248,-,-,0,0,0,6,148,349,1550,385
TXO,202612,20261216.0,29000.0,Call,-,-,-,-,18140,-,-,0,0,0,0,-,18330,-,-
TXO,202612,20261216.0,29000.0,Put,263,263,263,263,263,▼-29,▼-9.93%,0,1,1,4,155,356,1860,263
TXO,202612,20261216.0,29200.0,Call,-,-,-,-,17950,-,-,0,0,0,0,-,18130,-,-
TXO,202612,20261216.0,29200.0,Put,-,-,-,-,264,-,-,0,0,0,3,163,364,1860,315
TXO,202612,20261216.0,29400.0,Call,-,-,-,-,17760,-,-,0,0,0,0,-,17950,-,-
TXO,202612,20261216.0,29400.0,Put,-,-,-,-,273,-,-,0,0,0,2,171,372,1700,795
TXO,202612,20261216.0,29600.0,Call,-,-,-,-,17570,-,-,0,0,0,0,-,-,-,-
TXO,202612,20261216.0,29600.0,Put,-,-,-,-,281,-,-,0,0,0,1,180,381,1650,1650
TXO,202612,20261216.0,29800.0,Call,-,-,-,-,17380,-,-,0,0,0,0,-,-,11600,5120
TXO,202612,20261216.0,29800.0,Put,-,-,-,-,290,-,-,0,0,0,3,189,-,1700,306
TXO,202612,20261216.0,30000.0,Call,-,-,-,-,17190,-,-,0,0,0,0,-,-,11910,4660
TXO,202612,20261216.0,30000.0,Put,-,-,-,-,299,-,-,0,0,0,23,230,399,1880,310
TXO,202612,20261216.0,30200.0,Call,-,-,-,-,17000,-,-,0,0,0,0,-,-,14870,4700
TXO,202612,20261216.0,30200.0,Put,-,-,-,-,309,-,-,0,0,0,3,207,408,715,510
TXO,202612,20261216.0,30400.0,Call,-,-,-,-,16810,-,-,0,0,0,0,16760,16990,-,-
TXO,202612,20261216.0,30400.0,Put,-,-,-,-,319,-,-,0,0,0,10,217,418,510,510
TXO,202612,20261216.0,30600.0,Call,-,-,-,-,16620,-,-,0,0,0,0,-,-,-,-
TXO,202612,20261216.0,30600.0,Put,-,-,-,-,329,-,-,0,0,0,3,227,428,2010,720
TXO,202612,20261216.0,30800.0,Call,-,-,-,-,16430,-,-,0,0,0,0,-,-,-,-
TXO,202612,20261216.0,30800.0,Put,-,-,-,-,339,-,-,0,0,0,26,238,439,2700,550
TXO,202612,20261216.0,31000.0,Call,-,-,-,-,16250,-,-,0,0,0,0,-,-,-,-
TXO,202612,20261216.0,31000.0,Put,-,-,-,-,350,-,-,0,0,0,34,249,450,1220,420
TXO,202612,20261216.0,31200.0,Call,-,-,-,-,16060,-,-,0,0,0,0,-,-,4700,3750
TXO,202612,20261216.0,31200.0,Put,-,-,-,-,362,-,-,0,0,0,0,260,-,730,675
TXO,202612,20261216.0,31400.0,Call,-,-,-,-,15870,-,-,0,0,0,0,15820,-,-,-
TXO,202612,20261216.0,31400.0,Put,-,-,-,-,374,-,-,0,0,0,0,272,-,-,-
TXO,202612,20261216.0,31600.0,Call,-,-,-,-,15690,-,-,0,0,0,0,-,15860,7950,5480
TXO,202612,20261216.0,31600.0,Put,-,-,-,-,386,-,-,0,0,0,5,350,486,1870,615
TXO,202612,20261216.0,31800.0,Call,-,-,-,-,15510,-,-,0,0,0,0,-,15660,10560,5580
TXO,202612,20261216.0,31800.0,Put,-,-,-,-,404,-,-,0,0,0,0,222,-,-,-
TXO,202612,20261216.0,32000.0,Call,-,-,-,-,15330,-,-,0,0,0,0,-,-,9600,3560
TXO,202612,20261216.0,32000.0,Put,420,420,420,420,420,▼-80,▼-16.00%,0,1,1,12,311,-,3270,420
TXO,202612,20261216.0,32200.0,Call,-,-,-,-,15130,-,-,0,0,0,0,-,15300,-,-
TXO,202612,20261216.0,32200.0,Put,-,-,-,-,426,-,-,0,0,0,0,326,-,3130,1300
TXO,202612,20261216.0,32400.0,Call,-,-,-,-,14950,-,-,0,0,0,0,-,15110,11650,3460
TXO,202612,20261216.0,32400.0,Put,-,-,-,-,440,-,-,0,0,0,4,339,540,3250,545
TXO,202612,20261216.0,32600.0,Call,-,-,-,-,14770,-,-,0,0,0,0,14710,14930,-,-
TXO,202612,20261216.0,32600.0,Put,-,-,-,-,456,-,-,0,0,0,15,355,555,1160,560
TXO,202612,20261216.0,32800.0,Call,-,-,-,-,14580,-,-,0,0,0,0,-,-,-,-
TXO,202612,20261216.0,32800.0,Put,-,-,-,-,471,-,-,0,0,0,5,369,-,1920,605
TXO,202612,20261216.0,33000.0,Call,-,-,-,-,14400,-,-,0,0,0,2,-,14540,13520,3000
TXO,202612,20261216.0,33000.0,Put,-,-,-,-,485,-,-,0,0,0,22,385,590,3280,590
TXO,202612,20261216.0,33200.0,Call,-,-,-,-,14220,-,-,0,0,0,0,-,-,4180,3280
TXO,202612,20261216.0,33200.0,Put,540,540,540,540,505,▼-50,▼-8.47%,0,1,1,0,326,-,780,540
TXO,202612,20261216.0,33400.0,Call,-,-,-,-,14040,-,-,0,0,0,0,-,-,10800,2780
TXO,202612,20261216.0,33400.0,Put,-,-,-,-,520,-,-,0,0,0,2,419,620,3450,1010
TXO,202612,20261216.0,33600.0,Call,-,-,-,-,13860,-,-,0,0,0,0,13800,-,10850,2640
TXO,202612,20261216.0,33600.0,Put,-,-,-,-,540,-,-,0,0,0,3,436,640,4010,785
TXO,202612,20261216.0,33800.0,Call,-,-,-,-,13680,-,-,0,0,0,0,-,-,-,-
TXO,202612,20261216.0,33800.0,Put,-,-,-,-,560,-,-,0,0,0,0,378,-,1670,995
TXO,202612,20261216.0,34000.0,Call,-,-,-,-,13500,-,-,0,0,0,0,13440,-,12700,3130
TXO,202612,20261216.0,34000.0,Put,-,-,-,-,580,-,-,0,0,0,15,476,5150,3620,700
TXO,202612,20261216.0,34200.0,Call,-,-,-,-,13320,-,-,0,0,0,0,-,-,8850,5200
TXO,202612,20261216.0,34200.0,Put,-,-,-,-,595,-,-,0,0,0,4,493,-,1780,985
TXO,202612,20261216.0,34400.0,Call,-,-,-,-,13140,-,-,0,0,0,0,-,-,-,-
TXO,202612,20261216.0,34400.0,Put,-,-,-,-,615,-,-,0,0,0,0,510,-,2600,950
TXO,202612,20261216.0,34600.0,Call,-,-,-,-,12970,-,-,0,0,0,0,-,13110,-,-
TXO,202612,20261216.0,34600.0,Put,-,-,-,-,640,-,-,0,0,0,1,530,-,2670,1030
TXO,202612,20261216.0,34800.0,Call,-,-,-,-,12790,-,-,0,0,0,0,-,-,4830,3240
TXO,202612,20261216.0,34800.0,Put,-,-,-,-,660,-,-,0,0,0,0,555,-,3120,3040
TXO,202612,20261216.0,35000.0,Call,-,-,-,-,12610,-,-,0,0,0,0,-,12740,12910,2200
TXO,202612,20261216.0,35000.0,Put,-,-,-,-,680,-,-,0,0,0,16,575,780,2100,900
TXO,202612,20261216.0,35200.0,Call,-,-,-,-,12440,-,-,0,0,0,0,12370,-,4590,3370
TXO,202612,20261216.0,35200.0,Put,-,-,-,-,705,-,-,0,0,0,1,525,805,3000,3000
TXO,202612,20261216.0,35400.0,Call,-,-,-,-,12260,-,-,0,0,0,0,-,12400,9450,3340
TXO,202612,20261216.0,35400.0,Put,-,-,-,-,725,-,-,0,0,0,0,625,-,1300,980
TXO,202612,20261216.0,35600.0,Call,-,-,-,-,12090,-,-,0,0,0,1,12010,-,12870,2380
TXO,202612,20261216.0,35600.0,Put,-,-,-,-,750,-,-,0,0,0,1,645,850,4020,1010
TXO,202612,20261216.0,35800.0,Call,-,-,-,-,11920,-,-,0,0,0,0,-,-,7020,6410
TXO,202612,20261216.0,35800.0,Put,-,-,-,-,780,-,-,0,0,0,1,600,-,2000,1250
TXO,202612,20261216.0,36000.0,Call,-,-,-,-,11740,-,-,0,0,0,1,11660,-,8050,1950
TXO,202612,20261216.0,36000.0,Put,-,-,-,-,800,-,-,0,0,0,42,700,-,3300,1030
TXO,202612,20261216.0,36200.0,Call,-,-,-,-,11560,-,-,0,0,0,0,11510,-,7130,1470
TXO,202612,20261216.0,36200.0,Put,-,-,-,-,820,-,-,0,0,0,0,2.1,-,-,-
TXO,202612,20261216.0,36400.0,Call,-,-,-,-,11390,-,-,0,0,0,1,11320,11530,8580,1390
TXO,202612,20261216.0,36400.0,Put,-,-,-,-,850,-,-,0,0,0,1,2.1,-,2020,1450
TXO,202612,20261216.0,36600.0,Call,-,-,-,-,11230,-,-,0,0,0,0,-,-,6880,1320
TXO,202612,20261216.0,36600.0,Put,-,-,-,-,885,-,-,0,0,0,1,780,-,2130,2130
TXO,202612,20261216.0,36800.0,Call,-,-,-,-,11060,-,-,0,0,0,0,-,-,11890,1260
TXO,202612,20261216.0,36800.0,Put,-,-,-,-,915,-,-,0,0,0,12,-,1020,2670,945
TXO,202612,20261216.0,37000.0,Call,-,-,-,-,10890,-,-,0,0,0,4,-,11030,12020,1350
TXO,202612,20261216.0,37000.0,Put,1000,1000,1000,1000,945,▼-130,▼-11.50%,0,2,2,23,840,-,3150,1000
TXO,202612,20261216.0,37200.0,Call,-,-,-,-,10730,-,-,0,0,0,0,-,-,9030,1740
TXO,202612,20261216.0,37200.0,Put,-,-,-,-,975,-,-,0,0,0,0,-,-,-,-
TXO,202612,20261216.0,37400.0,Call,-,-,-,-,10550,-,-,0,0,0,0,-,10680,10760,1280
TXO,202612,20261216.0,37400.0,Put,-,-,-,-,1000,-,-,0,0,0,1,-,-,1540,1210
TXO,202612,20261216.0,37600.0,Call,-,-,-,-,10390,-,-,0,0,0,2,-,10530,1260,1260
TXO,202612,20261216.0,37600.0,Put,-,-,-,-,1040,-,-,0,0,0,0,-,-,2950,1380
TXO,202612,20261216.0,37800.0,Call,-,-,-,-,10220,-,-,0,0,0,1,10170,10360,11540,1240
TXO,202612,20261216.0,37800.0,Put,-,-,-,-,1060,-,-,0,0,0,4,-,1180,2900,2000
TXO,202612,20261216.0,38000.0,Call,-,-,-,-,10060,-,-,0,0,0,20,9990,-,7630,1230
TXO,202612,20261216.0,38000.0,Put,-,-,-,-,1100,-,-,0,0,0,13,1000,-,3430,1500
TXO,202612,20261216.0,38200.0,Call,-,-,-,-,9890,-,-,0,0,0,0,-,-,7280,1200
TXO,202612,20261216.0,38200.0,Put,-,-,-,-,1140,-,-,0,0,0,0,-,-,1900,1500
TXO,202612,20261216.0,38400.0,Call,-,-,-,-,9730,-,-,0,0,0,0,-,-,7140,1270
TXO,202612,20261216.0,38400.0,Put,-,-,-,-,1170,-,-,0,0,0,0,-,-,-,-
TXO,202612,20261216.0,38600.0,Call,-,-,-,-,9570,-,-,0,0,0,3,-,9710,10540,1080
TXO,202612,20261216.0,38600.0,Put,-,-,-,-,1210,-,-,0,0,0,0,-,-,3100,1640
TXO,202612,20261216.0,38800.0,Call,-,-,-,-,9410,-,-,0,0,0,0,-,-,10770,775
TXO,202612,20261216.0,38800.0,Put,-,-,-,-,1250,-,-,0,0,0,0,-,-,-,-
TXO,202612,20261216.0,39000.0,Call,9270,9290,9270,9290,9260,▲+600,▲+6.90%,0,3,3,4,-,9390,9290,1100
TXO,202612,20261216.0,39000.0,Put,-,-,-,-,1300,-,-,0,0,0,123,1190,-,3690,1570
TXO,202612,20261216.0,39200.0,Call,-,-,-,-,9110,-,-,0,0,0,0,-,-,10280,1290
TXO,202612,20261216.0,39200.0,Put,-,-,-,-,1350,-,-,0,0,0,0,-,-,3680,1930
TXO,202612,20261216.0,39400.0,Call,-,-,-,-,8960,-,-,0,0,0,0,-,-,11070,1300
TXO,202612,20261216.0,39400.0,Put,-,-,-,-,1390,-,-,0,0,0,0,-,-,3380,3130
TXO,202612,20261216.0,39600.0,Call,-,-,-,-,8800,-,-,0,0,0,0,-,8900,11070,750
TXO,202612,20261216.0,39600.0,Put,-,-,-,-,1430,-,-,0,0,0,3,1320,-,3660,1430
TXO,202612,20261216.0,39800.0,Call,-,-,-,-,8650,-,-,0,0,0,0,8580,-,11350,1250
TXO,202612,20261216.0,39800.0,Put,-,-,-,-,1480,-,-,0,0,0,0,-,-,4080,3550
TXO,202612,20261216.0,40000.0,Call,8430,8430,8430,8430,8500,▲+490,▲+6.17%,0,1,1,15,8400,-,9010,705
TXO,202612,20261216.0,40000.0,Put,-,-,-,-,1530,-,-,0,0,0,111,1410,-,3960,1550
TXO,202612,20261216.0,40200.0,Call,-,-,-,-,8340,-,-,0,0,0,1,-,8460,4720,2200
TXO,202612,20261216.0,40200.0,Put,-,-,-,-,1570,-,-,0,0,0,0,-,-,3430,2030
TXO,202612,20261216.0,40400.0,Call,-,-,-,-,8190,-,-,0,0,0,3,-,8310,7550,695
TXO,202612,20261216.0,40400.0,Put,-,-,-,-,1620,-,-,0,0,0,0,-,-,2820,2700
TXO,202612,20261216.0,40600.0,Call,-,-,-,-,8050,-,-,0,0,0,3,-,8160,5300,740
TXO,202612,20261216.0,40600.0,Put,-,-,-,-,1670,-,-,0,0,0,1,-,-,2750,2580
TXO,202612,20261216.0,40800.0,Call,-,-,-,-,7900,-,-,0,0,0,16,-,8020,9640,1410
TXO,202612,20261216.0,40800.0,Put,-,-,-,-,1720,-,-,0,0,0,2,-,1870,3980,2620
TXO,202612,20261216.0,41000.0,Call,-,-,-,-,7740,-,-,0,0,0,6,-,7830,9160,675
TXO,202612,20261216.0,41000.0,Put,-,-,-,-,1760,-,-,0,0,0,50,-,1920,4390,2680
TXO,202612,20261216.0,41200.0,Call,-,-,-,-,7600,-,-,0,0,0,0,-,-,5620,3150
TXO,202612,20261216.0,41200.0,Put,-,-,-,-,1810,-,-,0,0,0,3,-,1980,4410,4360
TXO,202612,20261216.0,41400.0,Call,-,-,-,-,7460,-,-,1,0,1,31,-,7580,10000,360
TXO,202612,20261216.0,41400.0,Put,-,-,-,-,1870,-,-,0,0,0,1,-,2000,4540,1870
TXO,202612,20261216.0,41600.0,Call,-,-,-,-,7310,-,-,0,0,0,11,7240,7430,4440,1450
TXO,202612,20261216.0,41600.0,Put,2020,2020,2020,2020,1930,▼-220,▼-9.82%,0,1,1,2,1820,-,4290,2020
TXO,202612,20261216.0,41800.0,Call,-,-,-,-,7180,-,-,0,0,0,16,7100,7290,8490,710
TXO,202612,20261216.0,41800.0,Put,2000,2000,2000,2000,2000,▼-310,▼-13.42%,0,3,3,0,-,-,4390,2000
TXO,202612,20261216.0,42000.0,Call,-,-,-,-,7040,-,-,0,0,0,70,-,7120,8720,800
TXO,202612,20261216.0,42000.0,Put,-,-,-,-,2050,-,-,0,0,0,109,1930,-,4950,2250
TXO,202612,20261216.0,42200.0,Call,-,-,-,-,6890,-,-,0,0,0,1,-,7010,8040,1500
TXO,202612,20261216.0,42200.0,Put,-,-,-,-,2100,-,-,0,0,0,100,1990,-,3610,2630
TXO,202612,20261216.0,42400.0,Call,-,-,-,-,6760,-,-,0,0,0,2,6660,-,5850,1260
TXO,202612,20261216.0,42400.0,Put,-,-,-,-,2160,-,-,0,0,0,0,-,-,4790,3250
TXO,202612,20261216.0,42600.0,Call,-,-,-,-,6620,-,-,0,0,0,2,6530,6700,7280,965
TXO,202612,20261216.0,42600.0,Put,-,-,-,-,2220,-,-,0,0,0,0,-,-,4770,3040
TXO,202612,20261216.0,42800.0,Call,-,-,-,-,6480,-,-,0,0,0,0,6410,-,4380,2510
TXO,202612,20261216.0,42800.0,Put,-,-,-,-,2280,-,-,0,0,0,0,-,-,-,-
TXO,202612,20261216.0,43000.0,Call,-,-,-,-,6340,-,-,0,0,0,62,6280,6440,9700,1130
TXO,202612,20261216.0,43000.0,Put,-,-,-,-,2340,-,-,0,0,0,72,2180,7160,4980,2300
TXO,202612,20261216.0,43200.0,Call,-,-,-,-,6220,-,-,0,0,0,1,6150,6380,4670,1400
TXO,202612,20261216.0,43200.0,Put,-,-,-,-,2420,-,-,0,0,0,0,-,-,-,-
TXO,202612,20261216.0,43400.0,Call,-,-,-,-,6090,-,-,0,0,0,0,6010,6180,7410,4950
TXO,202612,20261216.0,43400.0,Put,-,-,-,-,2480,-,-,0,0,0,0,-,-,4970,2860
TXO,202612,20261216.0,43600.0,Call,-,-,-,-,5960,-,-,0,0,0,2,5890,6110,5510,950
TXO,202612,20261216.0,43600.0,Put,-,-,-,-,2550,-,-,0,0,0,0,-,-,4780,4740
TXO,202612,20261216.0,43800.0,Call,-,-,-,-,5840,-,-,0,0,0,1,5780,5920,8340,1020
TXO,202612,20261216.0,43800.0,Put,-,-,-,-,2630,-,-,0,0,0,0,-,-,-,-
TXO,202612,20261216.0,44000.0,Call,5680,5680,5680,5680,5710,▲+380,▲+7.17%,0,1,1,1,5630,5790,8350,2260
TXO,202612,20261216.0,44000.0,Put,-,-,-,-,2700,-,-,0,0,0,101,2580,-,4440,3050
TXO,202612,20261216.0,44200.0,Call,-,-,-,-,5590,-,-,0,0,0,3,5490,5670,4850,600
TXO,202612,20261216.0,44200.0,Put,-,-,-,-,2780,-,-,0,0,0,60,-,2870,4310,3160
TXO,202612,20261216.0,44400.0,Call,-,-,-,-,5460,-,-,0,0,0,0,5380,5540,6730,930
TXO,202612,20261216.0,44400.0,Put,-,-,-,-,2850,-,-,0,0,0,100,2730,-,4660,3660
TXO,202612,20261216.0,44600.0,Call,-,-,-,-,5340,-,-,0,0,0,10,5250,5420,5770,890
TXO,202612,20261216.0,44600.0,Put,-,-,-,-,2930,-,-,0,0,0,4,2810,-,6030,3220
TXO,202612,20261216.0,44800.0,Call,-,-,-,-,5220,-,-,0,0,0,0,5140,5300,-,-
TXO,202612,20261216.0,44800.0,Put,-,-,-,-,3000,-,-,0,0,0,1,2880,-,3560,3560
TXO,202612,20261216.0,45000.0,Call,-,-,-,-,5100,-,-,0,0,0,3,5020,5180,6790,2600
TXO,202612,20261216.0,45000.0,Put,-,-,-,-,3080,-,-,0,0,0,104,2970,-,6000,3200
TXO,202612,20261216.0,45200.0,Call,-,-,-,-,4980,-,-,0,0,0,2,4890,5060,6620,925
TXO,202612,20261216.0,45200.0,Put,-,-,-,-,3160,-,-,0,0,0,0,-,-,6690,4500
TXO,202612,20261216.0,45400.0,Call,-,-,-,-,4860,-,-,0,0,0,3,4770,4950,6500,2770
TXO,202612,20261216.0,45400.0,Put,3220,3220,3220,3220,3250,▼-440,▼-12.02%,0,1,1,2,3070,-,6540,3220
TXO,202612,20261216.0,45600.0,Call,-,-,-,-,4750,-,-,0,0,0,3,4660,4840,6160,1070
TXO,202612,20261216.0,45600.0,Put,-,-,-,-,3330,-,-,0,0,0,2,-,3480,6750,5600
TXO,202612,20261216.0,45800.0,Call,-,-,-,-,4640,-,-,0,0,0,1,4540,4720,3070,1980
TXO,202612,20261216.0,45800.0,Put,-,-,-,-,3420,-,-,0,0,0,0,-,-,-,-
TXO,202612,20261216.0,46000.0,Call,4580,4620,4580,4620,4530,▲+460,▲+11.06%,0,4,4,222,4420,-,5560,2480
TXO,202612,20261216.0,46000.0,Put,-,-,-,-,3510,-,-,0,0,0,194,3390,-,5790,3750
TXO,202612,20261216.0,46200.0,Call,-,-,-,-,4420,-,-,0,0,0,0,-,-,2620,2450
TXO,202612,20261216.0,46200.0,Put,-,-,-,-,3590,-,-,0,0,0,1,-,-,7260,4400
TXO,202612,20261216.0,46400.0,Call,4400,4400,4400,4400,4310,▲+430,▲+10.83%,0,2,2,7,4200,-,5700,1560
TXO,202612,20261216.0,46400.0,Put,-,-,-,-,3690,-,-,0,0,0,5,3560,-,5210,5150
TXO,202612,20261216.0,46600.0,Call,-,-,-,-,4200,-,-,0,0,0,49,-,4310,6500,1540
TXO,202612,20261216.0,46600.0,Put,-,-,-,-,3780,-,-,0,0,0,0,-,-,-,-
TXO,202612,20261216.0,46800.0,Call,-,-,-,-,4100,-,-,0,0,0,10,-,4190,5870,1500
TXO,202612,20261216.0,46800.0,Put,-,-,-,-,3870,-,-,0,0,0,2,-,3940,7770,7490
TXO,202612,20261216.0,47000.0,Call,-,-,-,-,4000,-,-,0,0,0,39,-,4160,6430,2280
TXO,202612,20261216.0,47000.0,Put,3990,4000,3860,3860,3970,▼-590,▼-13.26%,0,4,4,11,3840,-,7620,3860
TXO,202612,20261216.0,47200.0,Call,-,-,-,-,3890,-,-,0,0,0,41,-,4060,4830,2100
TXO,202612,20261216.0,47200.0,Put,-,-,-,-,4060,-,-,0,0,0,0,-,-,-,-
TXO,202612,20261216.0,47400.0,Call,-,-,-,-,3790,-,-,0,0,0,61,-,3960,5670,2070
TXO,202612,20261216.0,47400.0,Put,-,-,-,-,4160,-,-,0,0,0,1,-,4250,6210,6210
TXO,202612,20261216.0,47600.0,Call,-,-,-,-,3690,-,-,0,0,0,48,580,3850,5180,1100
TXO,202612,20261216.0,47600.0,Put,-,-,-,-,4260,-,-,0,0,0,0,-,-,6310,4920
TXO,202612,20261216.0,47800.0,Call,-,-,-,-,3590,-,-,0,0,0,9,-,3760,5050,3040
TXO,202612,20261216.0,47800.0,Put,-,-,-,-,4350,-,-,0,0,0,2,-,4440,5750,4890
TXO,202612,20261216.0,48000.0,Call,3540,3540,3540,3540,3500,▲+310,▲+9.60%,0,1,1,44,-,3610,5100,2060
TXO,202612,20261216.0,48000.0,Put,-,-,-,-,4460,-,-,0,0,0,5,4370,4550,8030,5020
TXO,202612,20261216.0,48200.0,Call,-,-,-,-,3410,-,-,0,0,0,1,-,3520,3960,2250
TXO,202612,20261216.0,48200.0,Put,-,-,-,-,4570,-,-,0,0,0,1,4490,4640,5860,5860
TXO,202612,20261216.0,48400.0,Call,-,-,-,-,3310,-,-,0,0,0,3,3220,-,5700,2050
TXO,202612,20261216.0,48400.0,Put,-,-,-,-,4670,-,-,0,0,0,0,4590,4750,-,-
TXO,202612,20261216.0,48600.0,Call,-,-,-,-,3210,-,-,0,0,0,0,-,-,4880,3450
TXO,202612,20261216.0,48600.0,Put,-,-,-,-,4770,-,-,0,0,0,0,4700,4860,6090,4600
TXO,202612,20261216.0,48800.0,Call,-,-,-,-,3120,-,-,0,0,0,0,-,-,-,-
TXO,202612,20261216.0,48800.0,Put,-,-,-,-,4880,-,-,0,0,0,4,4810,4970,8920,6400
TXO,202612,20261216.0,49000.0,Call,-,-,-,-,3040,-,-,0,0,0,7,-,3160,5280,1600
TXO,202612,20261216.0,49000.0,Put,-,-,-,-,5000,-,-,0,0,0,0,4900,5130,6900,5850
TXO,202612,20261216.0,49200.0,Call,-,-,-,-,2960,-,-,0,0,0,18,-,3120,4080,1570
TXO,202612,20261216.0,49200.0,Put,-,-,-,-,5110,-,-,0,0,0,0,5000,5200,-,-
TXO,202612,20261216.0,49400.0,Call,-,-,-,-,2880,-,-,0,0,0,1,2790,-,3760,1490
TXO,202612,20261216.0,49400.0,Put,-,-,-,-,5230,-,-,0,0,0,2,5120,5320,8650,8650
TXO,202612,20261216.0,49600.0,Call,-,-,-,-,2790,-,-,0,0,0,10,2710,-,4800,3490
TXO,202612,20261216.0,49600.0,Put,-,-,-,-,5340,-,-,0,0,0,0,5240,5430,6900,5500
TXO,202612,20261216.0,49800.0,Call,-,-,-,-,2710,-,-,0,0,0,1,2630,-,2780,1540
TXO,202612,20261216.0,49800.0,Put,-,-,-,-,5460,-,-,0,0,0,0,5360,5550,-,-
TXO,202612,20261216.0,50000.0,Call,2470,2470,2470,2470,2630,▲+40,▲+1.65%,0,2,2,30,2550,-,5000,1350
TXO,202612,20261216.0,50000.0,Put,-,-,-,-,5580,-,-,0,0,0,0,5490,5670,-,-
TXO,202612,20261216.0,50200.0,Call,2540,2540,2540,2540,2540,▲+180,▲+7.63%,0,2,2,3,-,2680,4800,2540
TXO,202612,20261216.0,50200.0,Put,-,-,-,-,5700,-,-,0,0,0,0,5600,5790,-,-
TXO,202612,20261216.0,50400.0,Call,-,-,-,-,2480,-,-,0,0,0,36,80,2600,5200,1250
TXO,202612,20261216.0,50400.0,Put,-,-,-,-,5820,-,-,0,0,0,3,5750,5910,9460,9450
TXO,202612,20261216.0,50600.0,Call,-,-,-,-,2410,-,-,0,0,0,0,-,-,3640,3380
TXO,202612,20261216.0,50600.0,Put,-,-,-,-,5950,-,-,0,0,0,0,5870,6040,-,-
TXO,202612,20261216.0,50800.0,Call,-,-,-,-,2340,-,-,0,0,0,10,-,2470,3620,1770
TXO,202612,20261216.0,50800.0,Put,-,-,-,-,6080,-,-,0,0,0,0,6020,6170,-,-
TXO,202612,20261216.0,51000.0,Call,-,-,-,-,2280,-,-,0,0,0,2,2190,-,4420,1990
TXO,202612,20261216.0,51000.0,Put,-,-,-,-,6210,-,-,0,0,0,0,6130,6300,-,-
TXO,202612,20261216.0,51200.0,Call,-,-,-,-,2210,-,-,0,0,0,0,-,-,-,-
TXO,202612,20261216.0,51200.0,Put,-,-,-,-,6340,-,-,0,0,0,0,6260,6480,-,-
TXO,202612,20261216.0,51400.0,Call,-,-,-,-,2150,-,-,0,0,0,4,-,2250,1950,1930
TXO,202612,20261216.0,51400.0,Put,-,-,-,-,6480,-,-,0,0,0,0,6380,6610,-,-
TXO,202612,20261216.0,51600.0,Call,-,-,-,-,2080,-,-,0,0,0,0,-,-,3280,2950
TXO,202612,20261216.0,51600.0,Put,-,-,-,-,6600,-,-,0,0,0,0,6550,6700,-,-
TXO,202612,20261216.0,51800.0,Call,-,-,-,-,2020,-,-,0,0,0,6,-,2200,2550,2050
TXO,202612,20261216.0,51800.0,Put,-,-,-,-,6750,-,-,0,0,0,0,-,6830,-,-
TXO,202612,20261216.0,52000.0,Call,-,-,-,-,1960,-,-,0,0,0,14,-,2130,3380,1570
TXO,202612,20261216.0,52000.0,Put,-,-,-,-,6890,-,-,0,0,0,0,6810,6970,-,-
TXO,202612,20261216.0,52200.0,Call,-,-,-,-,1900,-,-,0,0,0,0,-,-,-,-
TXO,202612,20261216.0,52200.0,Put,-,-,-,-,7030,-,-,0,0,0,0,6960,7110,-,-
TXO,202612,20261216.0,52400.0,Call,-,-,-,-,1850,-,-,0,0,0,6,1740,-,3950,1750
TXO,202612,20261216.0,52400.0,Put,-,-,-,-,7170,-,-,0,0,0,4,7060,7250,8790,8780
TXO,202612,20261216.0,52600.0,Call,-,-,-,-,1800,-,-,0,0,0,1,1690,-,1530,1530
TXO,202612,20261216.0,52600.0,Put,-,-,-,-,7320,-,-,0,0,0,0,7210,7430,-,-
TXO,202612,20261216.0,52800.0,Call,-,-,-,-,1740,-,-,0,0,0,3,-,-,2770,1660
TXO,202612,20261216.0,52800.0,Put,-,-,-,-,7460,-,-,0,0,0,0,7350,7530,-,-
TXO,202612,20261216.0,53000.0,Call,-,-,-,-,1680,-,-,0,0,0,5,-,1810,2970,1310
TXO,202612,20261216.0,53000.0,Put,-,-,-,-,7600,-,-,0,0,0,0,7500,7720,-,-
TXO,202612,20261216.0,53200.0,Call,-,-,-,-,1630,-,-,0,0,0,13,1520,-,3950,1700
TXO,202612,20261216.0,53200.0,Put,-,-,-,-,7750,-,-,0,0,0,0,7650,7820,-,-
TXO,202612,20261216.0,53400.0,Call,-,-,-,-,1580,-,-,0,0,0,4,1470,-,2870,1500
TXO,202612,20261216.0,53400.0,Put,-,-,-,-,7900,-,-,0,0,0,0,-,7980,-,-
TXO,202612,20261216.0,53600.0,Call,-,-,-,-,1530,-,-,0,0,0,0,-,-,-,-
TXO,202612,20261216.0,53600.0,Put,-,-,-,-,8040,-,-,0,0,0,0,7970,-,-,-
TXO,202612,20261216.0,53800.0,Call,-,-,-,-,1480,-,-,0,0,0,3,1370,-,2640,1710
TXO,202612,20261216.0,53800.0,Put,-,-,-,-,8190,-,-,0,0,0,0,8120,8280,-,-
TXO,202612,20261216.0,54000.0,Call,-,-,-,-,1440,-,-,0,0,0,4,-,1590,3360,1450
TXO,202612,20261216.0,54000.0,Put,-,-,-,-,8350,-,-,0,0,0,0,-,-,-,-
TXO,202612,20261216.0,54200.0,Call,-,-,-,-,1390,-,-,0,0,0,0,-,-,-,-
TXO,202612,20261216.0,54200.0,Put,-,-,-,-,8500,-,-,0,0,0,0,-,-,-,-
TXO,202612,20261216.0,54400.0,Call,-,-,-,-,1340,-,-,0,0,0,3,-,1500,2050,1850
TXO,202612,20261216.0,54400.0,Put,-,-,-,-,8650,-,-,0,0,0,0,-,8730,-,-
TXO,202612,20261216.0,54600.0,Call,-,-,-,-,1300,-,-,0,0,0,1,1190,-,1420,1420
TXO,202612,20261216.0,54600.0,Put,-,-,-,-,8810,-,-,0,0,0,0,-,8880,-,-
TXO,202612,20261216.0,54800.0,Call,-,-,-,-,1250,-,-,0,0,0,9,-,1410,3060,1410
TXO,202612,20261216.0,54800.0,Put,-,-,-,-,8950,-,-,0,0,0,0,8890,-,-,-
TXO,202612,20261216.0,55000.0,Call,1250,1270,1210,1270,1210,▲+160,▲+14.41%,16,20,36,21,-,1370,2920,1000
TXO,202612,20261216.0,55000.0,Put,-,-,-,-,9110,-,-,0,0,0,0,9030,-,-,-
TXO,202612,20261216.0,55200.0,Call,-,-,-,-,1170,-,-,0,0,0,2,1070,2000,1980,1370
TXO,202612,20261216.0,55200.0,Put,-,-,-,-,9270,-,-,0,0,0,0,-,-,-,-
TXO,202612,20261216.0,55400.0,Call,1080,1080,1080,1080,1140,▲+40,▲+3.85%,0,4,4,4,2.1,1280,2930,1080
TXO,202612,20261216.0,55400.0,Put,-,-,-,-,9440,-,-,0,0,0,0,-,-,-,-
TXO,202612,20261216.0,55600.0,Call,-,-,-,-,1100,-,-,0,0,0,2,995,-,2150,1600
TXO,202612,20261216.0,55600.0,Put,-,-,-,-,9600,-,-,0,0,0,0,-,-,-,-
TXO,202612,20261216.0,55800.0,Call,960,960,960,960,1070,▼-10,▼-1.03%,0,8,8,39,2.1,1200,3020,960
TXO,202612,20261216.0,55800.0,Put,-,-,-,-,9760,-,-,0,0,0,0,-,9850,-,-
TXO,202612,20261216.0,56000.0,Call,930,930,930,930,1030,▲+5,▲+0.54%,8,2,10,13,2.1,1160,2170,840
TXO,202612,20261216.0,56000.0,Put,-,-,-,-,9920,-,-,0,0,0,0,-,-,-,-
TXO,202612,20261216.0,56200.0,Call,-,-,-,-,990,-,-,0,0,0,1,885,-,1900,1800
TXO,202612,20261216.0,56200.0,Put,-,-,-,-,10080,-,-,0,0,0,0,-,10180,-,-
TXO,202612,20261216.0,56400.0,Call,-,-,-,-,955,-,-,0,0,0,2,790,-,1770,1740
TXO,202612,20261216.0,56400.0,Put,-,-,-,-,10250,-,-,0,0,0,0,-,-,-,-
TXO,202612,20261216.0,56600.0,Call,-,-,-,-,925,-,-,0,0,0,0,2.1,-,-,-
TXO,202612,20261216.0,56600.0,Put,-,-,-,-,10410,-,-,0,0,0,0,-,-,-,-
TXO,202612,20261216.0,56800.0,Call,-,-,-,-,895,-,-,0,0,0,1,795,-,1830,1830
TXO,202612,20261216.0,56800.0,Put,-,-,-,-,10580,-,-,0,0,0,0,-,-,-,-
TXO,202612,20261216.0,57000.0,Call,-,-,-,-,865,-,-,0,0,0,19,20,1000,2500,700
TXO,202612,20261216.0,57000.0,Put,-,-,-,-,10750,-,-,0,0,0,0,-,-,-,-
TXO,202612,20261216.0,57200.0,Call,-,-,-,-,835,-,-,0,0,0,3,100,980,1880,670
TXO,202612,20261216.0,57200.0,Put,-,-,-,-,10920,-,-,0,0,0,0,-,-,-,-
TXO,202612,20261216.0,57400.0,Call,790,795,790,795,795,▲+55,▲+7.43%,0,3,3,235,700,860,1870,680
TXO,202612,20261216.0,57400.0,Put,-,-,-,-,11090,-,-,0,0,0,0,-,-,-,-
TXO,202703,20270317.0,35600.0,Call,-,-,-,-,13330,-,-,0,0,0,0,-,-,-,-
TXO,202703,20270317.0,35600.0,Put,1260,1260,1190,1190,1220,▼-190,▼-13.77%,0,3,3,12,11,1290,1860,1190
TXO,202703,20270317.0,35800.0,Call,-,-,-,-,13160,-,-,0,0,0,0,-,13330,-,-
TXO,202703,20270317.0,35800.0,Put,1300,1300,1300,1300,1250,▼-110,▼-7.80%,0,1,1,3,1200,1370,1650,1300
TXO,202703,20270317.0,36000.0,Call,-,-,-,-,12990,-,-,0,0,0,0,-,-,-,-
TXO,202703,20270317.0,36000.0,Put,-,-,-,-,1270,-,-,0,0,0,14,1000,1410,1570,1300
TXO,202703,20270317.0,36200.0,Call,-,-,-,-,12820,-,-,0,0,0,0,-,-,-,-
TXO,202703,20270317.0,36200.0,Put,1370,1370,1370,1370,1300,▼-120,▼-8.05%,0,1,1,10,1000,1440,1640,1350
TXO,202703,20270317.0,36400.0,Call,-,-,-,-,12660,-,-,0,0,0,0,-,12840,-,-
TXO,202703,20270317.0,36400.0,Put,-,-,-,-,1340,-,-,0,0,0,0,251,-,-,-
TXO,202703,20270317.0,36600.0,Call,-,-,-,-,12500,-,-,0,0,0,3,12420,-,13790,13630
TXO,202703,20270317.0,36600.0,Put,-,-,-,-,1380,-,-,0,0,0,33,-,1520,2190,1520
TXO,202703,20270317.0,36800.0,Call,-,-,-,-,12340,-,-,0,0,0,0,-,-,-,-
TXO,202703,20270317.0,36800.0,Put,-,-,-,-,1410,-,-,0,0,0,3,-,1560,1990,1990
TXO,202703,20270317.0,37000.0,Call,-,-,-,-,12180,-,-,0,0,0,0,-,-,-,-
TXO,202703,20270317.0,37000.0,Put,-,-,-,-,1450,-,-,0,0,0,4,-,1610,2200,1670
TXO,202703,20270317.0,37200.0,Call,-,-,-,-,12020,-,-,0,0,0,0,-,-,-,-
TXO,202703,20270317.0,37200.0,Put,-,-,-,-,1490,-,-,0,0,0,0,-,-,-,-
TXO,202703,20270317.0,37400.0,Call,-,-,-,-,11870,-,-,0,0,0,0,11810,-,-,-
TXO,202703,20270317.0,37400.0,Put,-,-,-,-,1530,-,-,0,0,0,1,-,1680,2000,2000
TXO,202703,20270317.0,37600.0,Call,-,-,-,-,11720,-,-,0,0,0,0,-,-,-,-
TXO,202703,20270317.0,37600.0,Put,-,-,-,-,1580,-,-,0,0,0,3,1460,-,2450,1870
TXO,202703,20270317.0,37800.0,Call,-,-,-,-,11560,-,-,0,0,0,0,-,-,-,-
TXO,202703,20270317.0,37800.0,Put,-,-,-,-,1620,-,-,0,0,0,0,-,-,-,-
TXO,202703,20270317.0,38000.0,Call,-,-,-,-,11410,-,-,0,0,0,1,11320,-,11830,11830
TXO,202703,20270317.0,38000.0,Put,-,-,-,-,1670,-,-,0,0,0,1,-,1820,2180,2180
TXO,202703,20270317.0,38200.0,Call,-,-,-,-,11270,-,-,0,0,0,0,-,11410,-,-
TXO,202703,20270317.0,38200.0,Put,-,-,-,-,1720,-,-,0,0,0,0,-,-,-,-
TXO,202703,20270317.0,38400.0,Call,-,-,-,-,11100,-,-,0,0,0,0,-,-,-,-
TXO,202703,20270317.0,38400.0,Put,-,-,-,-,1750,-,-,0,0,0,0,-,-,-,-
TXO,202703,20270317.0,38600.0,Call,-,-,-,-,10950,-,-,0,0,0,0,-,11100,-,-
TXO,202703,20270317.0,38600.0,Put,-,-,-,-,1790,-,-,0,0,0,0,-,-,-,-
TXO,202703,20270317.0,38800.0,Call,-,-,-,-,10800,-,-,0,0,0,0,-,10930,-,-
TXO,202703,20270317.0,38800.0,Put,-,-,-,-,1840,-,-,0,0,0,1,-,1990,2560,2560
TXO,202703,20270317.0,39000.0,Call,-,-,-,-,10660,-,-,0,0,0,0,-,-,-,-
TXO,202703,20270317.0,39000.0,Put,-,-,-,-,1900,-,-,0,0,0,2,-,2040,2620,2600
TXO,202703,20270317.0,39200.0,Call,-,-,-,-,10510,-,-,0,0,0,0,-,10670,-,-
TXO,202703,20270317.0,39200.0,Put,-,-,-,-,1950,-,-,0,0,0,1,-,2090,2680,2680
TXO,202703,20270317.0,39400.0,Call,-,-,-,-,10370,-,-,0,0,0,0,10280,-,-,-
TXO,202703,20270317.0,39400.0,Put,-,-,-,-,2000,-,-,0,0,0,1,-,2080,2740,2740
TXO,202703,20270317.0,39600.0,Call,-,-,-,-,10230,-,-,0,0,0,0,-,10340,-,-
TXO,202703,20270317.0,39600.0,Put,-,-,-,-,2060,-,-,0,0,0,1,-,2200,2830,2830
TXO,202703,20270317.0,39800.0,Call,-,-,-,-,10060,-,-,0,0,0,0,-,10200,-,-
TXO,202703,20270317.0,39800.0,Put,-,-,-,-,2090,-,-,0,0,0,1,-,2250,2870,2870
TXO,202703,20270317.0,40000.0,Call,-,-,-,-,9910,-,-,0,0,0,1,9830,-,11530,11530
TXO,202703,20270317.0,40000.0,Put,-,-,-,-,2140,-,-,0,0,0,42,2030,-,3450,2430
TXO,202703,20270317.0,40200.0,Call,-,-,-,-,9770,-,-,0,0,0,0,-,-,-,-
TXO,202703,20270317.0,40200.0,Put,-,-,-,-,2190,-,-,0,0,0,0,-,-,-,-
TXO,202703,20270317.0,40400.0,Call,-,-,-,-,9630,-,-,0,0,0,0,-,9760,-,-
TXO,202703,20270317.0,40400.0,Put,-,-,-,-,2250,-,-,0,0,0,0,-,-,-,-
TXO,202703,20270317.0,40600.0,Call,-,-,-,-,9480,-,-,0,0,0,0,-,-,-,-
TXO,202703,20270317.0,40600.0,Put,-,-,-,-,2300,-,-,0,0,0,0,-,-,-,-
TXO,202703,20270317.0,40800.0,Call,-,-,-,-,9340,-,-,0,0,0,0,-,-,-,-
TXO,202703,20270317.0,40800.0,Put,-,-,-,-,2360,-,-,0,0,0,0,-,-,-,-
TXO,202703,20270317.0,41000.0,Call,-,-,-,-,9210,-,-,0,0,0,0,-,-,-,-
TXO,202703,20270317.0,41000.0,Put,-,-,-,-,2420,-,-,0,0,0,1,2310,-,3100,3100
TXO,202703,20270317.0,41200.0,Call,-,-,-,-,9060,-,-,0,0,0,0,9000,-,-,-
TXO,202703,20270317.0,41200.0,Put,-,-,-,-,2470,-,-,0,0,0,1,-,2630,3000,3000
TXO,202703,20270317.0,41400.0,Call,-,-,-,-,8930,-,-,0,0,0,0,-,9050,-,-
TXO,202703,20270317.0,41400.0,Put,-,-,-,-,2540,-,-,0,0,0,0,-,-,-,-
TXO,202703,20270317.0,41600.0,Call,-,-,-,-,8800,-,-,0,0,0,0,-,-,-,-
TXO,202703,20270317.0,41600.0,Put,-,-,-,-,2610,-,-,0,0,0,0,-,-,-,-
TXO,202703,20270317.0,41800.0,Call,-,-,-,-,8680,-,-,0,0,0,0,-,-,-,-
TXO,202703,20270317.0,41800.0,Put,-,-,-,-,2680,-,-,0,0,0,1,-,2820,3200,3200
TXO,202703,20270317.0,42000.0,Call,-,-,-,-,8550,-,-,0,0,0,1,8460,-,11500,9700
TXO,202703,20270317.0,42000.0,Put,-,-,-,-,2750,-,-,0,0,0,10,2610,-,3290,3110
TXO,202703,20270317.0,42200.0,Call,-,-,-,-,8390,-,-,0,0,0,0,8320,-,-,-
TXO,202703,20270317.0,42200.0,Put,-,-,-,-,2790,-,-,0,0,0,0,-,-,-,-
TXO,202703,20270317.0,42400.0,Call,-,-,-,-,8260,-,-,0,0,0,0,-,-,-,-
TXO,202703,20270317.0,42400.0,Put,-,-,-,-,2850,-,-,0,0,0,0,-,-,-,-
TXO,202703,20270317.0,42600.0,Call,-,-,-,-,8130,-,-,0,0,0,0,-,8240,-,-
TXO,202703,20270317.0,42600.0,Put,-,-,-,-,2920,-,-,0,0,0,0,-,-,-,-
TXO,202703,20270317.0,42800.0,Call,-,-,-,-,8000,-,-,0,0,0,0,-,-,-,-
TXO,202703,20270317.0,42800.0,Put,-,-,-,-,2990,-,-,0,0,0,0,-,-,-,-
TXO,202703,20270317.0,43000.0,Call,-,-,-,-,7870,-,-,0,0,0,0,7740,8150,-,-
TXO,202703,20270317.0,43000.0,Put,-,-,-,-,3060,-,-,0,0,0,1,-,3150,4090,4090
TXO,202703,20270317.0,43200.0,Call,-,-,-,-,7750,-,-,0,0,0,0,7670,7840,-,-
TXO,202703,20270317.0,43200.0,Put,-,-,-,-,3130,-,-,0,0,0,0,-,-,-,-
TXO,202703,20270317.0,43400.0,Call,-,-,-,-,7610,-,-,0,0,0,0,7540,7710,-,-
TXO,202703,20270317.0,43400.0,Put,-,-,-,-,3190,-,-,0,0,0,1,-,3290,3730,3730
TXO,202703,20270317.0,43600.0,Call,-,-,-,-,7490,-,-,0,0,0,0,7350,7600,-,-
TXO,202703,20270317.0,43600.0,Put,-,-,-,-,3270,-,-,0,0,0,0,-,-,-,-
TXO,202703,20270317.0,43800.0,Call,-,-,-,-,7380,-,-,0,0,0,0,7290,7640,-,-
TXO,202703,20270317.0,43800.0,Put,-,-,-,-,3360,-,-,0,0,0,0,-,-,-,-
TXO,202703,20270317.0,44000.0,Call,7240,7240,7240,7240,7270,▲+440,▲+6.47%,0,1,1,9,7160,7340,9500,6800
TXO,202703,20270317.0,44000.0,Put,-,-,-,-,3440,-,-,0,0,0,0,-,-,-,-
TXO,202703,20270317.0,44200.0,Call,-,-,-,-,7120,-,-,0,0,0,0,6970,7210,-,-
TXO,202703,20270317.0,44200.0,Put,-,-,-,-,3490,-,-,0,0,0,0,-,-,-,-
TXO,202703,20270317.0,44400.0,Call,-,-,-,-,7000,-,-,0,0,0,0,6930,7270,-,-
TXO,202703,20270317.0,44400.0,Put,-,-,-,-,3570,-,-,0,0,0,0,-,-,-,-
TXO,202703,20270317.0,44600.0,Call,-,-,-,-,6870,-,-,0,0,0,0,6810,6970,-,-
TXO,202703,20270317.0,44600.0,Put,-,-,-,-,3640,-,-,0,0,0,0,-,-,-,-
TXO,202703,20270317.0,44800.0,Call,-,-,-,-,6750,-,-,0,0,0,0,6690,6850,-,-
TXO,202703,20270317.0,44800.0,Put,-,-,-,-,3720,-,-,0,0,0,3,-,3820,5330,5100
TXO,202703,20270317.0,45000.0,Call,-,-,-,-,6640,-,-,0,0,0,0,6480,6730,-,-
TXO,202703,20270317.0,45000.0,Put,-,-,-,-,3800,-,-,0,0,0,0,-,-,-,-
TXO,202703,20270317.0,45200.0,Call,-,-,-,-,6530,-,-,0,0,0,0,6460,6610,-,-
TXO,202703,20270317.0,45200.0,Put,-,-,-,-,3890,-,-,0,0,0,0,-,-,-,-
TXO,202703,20270317.0,45400.0,Call,-,-,-,-,6410,-,-,0,0,0,0,6240,6500,-,-
TXO,202703,20270317.0,45400.0,Put,-,-,-,-,3970,-,-,0,0,0,0,-,-,-,-
TXO,202703,20270317.0,45600.0,Call,-,-,-,-,6300,-,-,0,0,0,0,6230,6550,-,-
TXO,202703,20270317.0,45600.0,Put,-,-,-,-,4050,-,-,0,0,0,0,-,-,-,-
TXO,202703,20270317.0,45800.0,Call,-,-,-,-,6190,-,-,0,0,0,0,6110,6270,-,-
TXO,202703,20270317.0,45800.0,Put,-,-,-,-,4140,-,-,0,0,0,0,-,-,-,-
TXO,202703,20270317.0,46000.0,Call,-,-,-,-,6080,-,-,0,0,0,2,6000,6160,8000,7700
TXO,202703,20270317.0,46000.0,Put,-,-,-,-,4230,-,-,0,0,0,4,-,4320,5700,5150
TXO,202703,20270317.0,46200.0,Call,-,-,-,-,5970,-,-,0,0,0,0,5880,6050,-,-
TXO,202703,20270317.0,46200.0,Put,-,-,-,-,4310,-,-,0,0,0,0,-,-,-,-
TXO,202703,20270317.0,46400.0,Call,-,-,-,-,5870,-,-,0,0,0,0,5780,5940,-,-
TXO,202703,20270317.0,46400.0,Put,-,-,-,-,4410,-,-,0,0,0,0,-,-,-,-
TXO,202703,20270317.0,46600.0,Call,-,-,-,-,5760,-,-,0,0,0,2,5670,5840,7460,7430
TXO,202703,20270317.0,46600.0,Put,-,-,-,-,4500,-,-,0,0,0,0,-,-,-,-
TXO,202703,20270317.0,46800.0,Call,-,-,-,-,5650,-,-,0,0,0,0,5570,5730,-,-
TXO,202703,20270317.0,46800.0,Put,-,-,-,-,4590,-,-,0,0,0,0,-,-,-,-
TXO,202703,20270317.0,47000.0,Call,-,-,-,-,5550,-,-,0,0,0,0,-,-,7200,6950
TXO,202703,20270317.0,47000.0,Put,-,-,-,-,4680,-,-,0,0,0,0,-,-,-,-
TXO,202703,20270317.0,47200.0,Call,-,-,-,-,5440,-,-,0,0,0,0,-,-,-,-
TXO,202703,20270317.0,47200.0,Put,-,-,-,-,4770,-,-,0,0,0,0,-,-,-,-
TXO,202703,20270317.0,47400.0,Call,-,-,-,-,5340,-,-,0,0,0,0,-,-,-,-
TXO,202703,20270317.0,47400.0,Put,-,-,-,-,4870,-,-,0,0,0,0,-,-,-,-
TXO,202703,20270317.0,47600.0,Call,-,-,-,-,5250,-,-,0,0,0,0,-,-,-,-
TXO,202703,20270317.0,47600.0,Put,-,-,-,-,4980,-,-,0,0,0,0,-,-,-,-
TXO,202703,20270317.0,47800.0,Call,-,-,-,-,5160,-,-,0,0,0,0,-,-,-,-
TXO,202703,20270317.0,47800.0,Put,-,-,-,-,5080,-,-,0,0,0,0,-,-,-,-
TXO,202703,20270317.0,48000.0,Call,-,-,-,-,5070,-,-,0,0,0,0,-,-,-,-
TXO,202703,20270317.0,48000.0,Put,-,-,-,-,5190,-,-,0,0,0,7,5040,-,6110,5620
TXO,202703,20270317.0,48200.0,Call,-,-,-,-,4980,-,-,0,0,0,0,-,-,-,-
TXO,202703,20270317.0,48200.0,Put,-,-,-,-,5300,-,-,0,0,0,0,-,-,-,-
TXO,202703,20270317.0,48400.0,Call,-,-,-,-,4890,-,-,0,0,0,0,-,-,7100,6350
TXO,202703,20270317.0,48400.0,Put,-,-,-,-,5410,-,-,0,0,0,0,-,-,-,-
TXO,202703,20270317.0,48600.0,Call,-,-,-,-,4810,-,-,0,0,0,1,4640,-,6300,4000
TXO,202703,20270317.0,48600.0,Put,-,-,-,-,5520,-,-,0,0,0,0,-,-,-,-
TXO,202703,20270317.0,48800.0,Call,-,-,-,-,4700,-,-,0,0,0,0,-,-,-,-
TXO,202703,20270317.0,48800.0,Put,-,-,-,-,5610,-,-,0,0,0,0,-,-,-,-
TXO,202703,20270317.0,49000.0,Call,-,-,-,-,4590,-,-,0,0,0,1,4460,-,6150,6150
TXO,202703,20270317.0,49000.0,Put,-,-,-,-,5700,-,-,0,0,0,6,5570,5760,6600,5960
TXO,202703,20270317.0,49200.0,Call,-,-,-,-,4500,-,-,0,0,0,4,-,4580,6280,5840
TXO,202703,20270317.0,49200.0,Put,-,-,-,-,5810,-,-,0,0,0,0,5670,5870,-,-
TXO,202703,20270317.0,49400.0,Call,-,-,-,-,4410,-,-,0,0,0,0,-,-,5760,5750
TXO,202703,20270317.0,49400.0,Put,-,-,-,-,5910,-,-,0,0,0,0,5780,5980,-,-
TXO,202703,20270317.0,49600.0,Call,-,-,-,-,4320,-,-,0,0,0,0,-,-,-,-
TXO,202703,20270317.0,49600.0,Put,-,-,-,-,6020,-,-,0,0,0,0,5900,6070,-,-
TXO,202703,20270317.0,49800.0,Call,-,-,-,-,4230,-,-,0,0,0,0,-,-,-,-
TXO,202703,20270317.0,49800.0,Put,-,-,-,-,6130,-,-,0,0,0,0,6020,6180,-,-
TXO,202703,20270317.0,50000.0,Call,-,-,-,-,4150,-,-,0,0,0,5,4020,-,7300,3780
TXO,202703,20270317.0,50000.0,Put,-,-,-,-,6250,-,-,0,0,0,1,6130,6290,6230,6230
TXO,202703,20270317.0,50200.0,Call,-,-,-,-,4050,-,-,0,0,0,0,-,-,5650,5450
TXO,202703,20270317.0,50200.0,Put,-,-,-,-,6350,-,-,0,0,0,0,6240,6400,-,-
TXO,202703,20270317.0,50400.0,Call,-,-,-,-,3960,-,-,0,0,0,0,-,-,-,-
TXO,202703,20270317.0,50400.0,Put,-,-,-,-,6450,-,-,0,0,0,0,6360,6520,-,-
TXO,202703,20270317.0,50600.0,Call,-,-,-,-,3870,-,-,0,0,0,0,-,-,-,-
TXO,202703,20270317.0,50600.0,Put,-,-,-,-,6560,-,-,0,0,0,0,6480,6640,-,-
TXO,202703,20270317.0,50800.0,Call,-,-,-,-,3790,-,-,0,0,0,0,-,-,-,-
TXO,202703,20270317.0,50800.0,Put,-,-,-,-,6670,-,-,0,0,0,0,6600,6750,-,-
TXO,202703,20270317.0,51000.0,Call,3680,3680,3680,3680,3710,▲+180,▲+5.14%,0,1,1,1,-,3870,6190,3680
TXO,202703,20270317.0,51000.0,Put,-,-,-,-,6800,-,-,0,0,0,0,6710,6870,-,-
TXO,202703,20270317.0,51200.0,Call,-,-,-,-,3640,-,-,0,0,0,0,-,-,-,-
TXO,202703,20270317.0,51200.0,Put,-,-,-,-,6920,-,-,0,0,0,0,6700,7000,-,-
TXO,202703,20270317.0,51400.0,Call,-,-,-,-,3560,-,-,0,0,0,0,-,-,5950,4650
TXO,202703,20270317.0,51400.0,Put,-,-,-,-,7040,-,-,0,0,0,0,6960,7120,-,-
TXO,202703,20270317.0,51600.0,Call,-,-,-,-,3490,-,-,0,0,0,0,-,-,5400,4570
TXO,202703,20270317.0,51600.0,Put,-,-,-,-,7170,-,-,0,0,0,0,7070,7240,-,-
TXO,202703,20270317.0,51800.0,Call,-,-,-,-,3420,-,-,0,0,0,1,3310,-,4720,4600
TXO,202703,20270317.0,51800.0,Put,-,-,-,-,7290,-,-,0,0,0,0,7200,7360,-,-
TXO,202703,20270317.0,52000.0,Call,-,-,-,-,3350,-,-,0,0,0,3,0.2,-,5800,4430
TXO,202703,20270317.0,52000.0,Put,-,-,-,-,7420,-,-,0,0,0,0,7330,7490,-,-
TXO,202703,20270317.0,52200.0,Call,-,-,-,-,3280,-,-,0,0,0,0,-,-,-,-
TXO,202703,20270317.0,52200.0,Put,-,-,-,-,7550,-,-,0,0,0,0,7450,7620,-,-
TXO,202703,20270317.0,52400.0,Call,-,-,-,-,3210,-,-,0,0,0,1,3070,-,4900,4500
TXO,202703,20270317.0,52400.0,Put,-,-,-,-,7680,-,-,0,0,0,0,7460,7740,-,-
TXO,202703,20270317.0,52600.0,Call,-,-,-,-,3140,-,-,0,0,0,0,-,-,-,-
TXO,202703,20270317.0,52600.0,Put,-,-,-,-,7810,-,-,0,0,0,0,7710,7870,-,-
TXO,202703,20270317.0,52800.0,Call,-,-,-,-,3080,-,-,0,0,0,0,-,-,4470,4380
TXO,202703,20270317.0,52800.0,Put,-,-,-,-,7940,-,-,0,0,0,0,7840,8000,-,-
TXO,202703,20270317.0,53000.0,Call,-,-,-,-,3000,-,-,0,0,0,1,2870,-,4850,4050
TXO,202703,20270317.0,53000.0,Put,-,-,-,-,8060,-,-,0,0,0,0,7970,8130,-,-
TXO,202703,20270317.0,53200.0,Call,-,-,-,-,2940,-,-,0,0,0,0,-,-,4700,4010
TXO,202703,20270317.0,53200.0,Put,-,-,-,-,8190,-,-,0,0,0,0,8110,8270,-,-
TXO,202703,20270317.0,53400.0,Call,-,-,-,-,2880,-,-,0,0,0,0,-,-,-,-
TXO,202703,20270317.0,53400.0,Put,-,-,-,-,8330,-,-,0,0,0,1,8240,8420,8400,8400
TXO,202703,20270317.0,53600.0,Call,-,-,-,-,2820,-,-,0,0,0,0,-,-,-,-
TXO,202703,20270317.0,53600.0,Put,-,-,-,-,8470,-,-,0,0,0,0,8370,8540,-,-
TXO,202703,20270317.0,53800.0,Call,-,-,-,-,2760,-,-,0,0,0,0,-,-,4600,4200
TXO,202703,20270317.0,53800.0,Put,-,-,-,-,8610,-,-,0,0,0,0,8510,8680,-,-
TXO,202703,20270317.0,54000.0,Call,-,-,-,-,2700,-,-,0,0,0,16,2560,-,4820,3120
TXO,202703,20270317.0,54000.0,Put,-,-,-,-,8740,-,-,0,0,0,0,8640,8820,-,-
TXO,202703,20270317.0,54200.0,Call,-,-,-,-,2640,-,-,0,0,0,0,-,-,-,-
TXO,202703,20270317.0,54200.0,Put,-,-,-,-,8880,-,-,0,0,0,0,8800,8960,-,-
TXO,202703,20270317.0,54400.0,Call,-,-,-,-,2580,-,-,0,0,0,0,-,-,-,-
TXO,202703,20270317.0,54400.0,Put,-,-,-,-,9020,-,-,0,0,0,0,8930,9100,-,-
TXO,202703,20270317.0,54600.0,Call,-,-,-,-,2520,-,-,0,0,0,0,-,-,-,-
TXO,202703,20270317.0,54600.0,Put,-,-,-,-,9160,-,-,0,0,0,0,9070,9240,-,-
TXO,202703,20270317.0,54800.0,Call,-,-,-,-,2470,-,-,0,0,0,0,-,-,-,-
TXO,202703,20270317.0,54800.0,Put,-,-,-,-,9300,-,-,0,0,0,0,9210,9380,-,-
TXO,202703,20270317.0,55000.0,Call,2400,2400,2400,2400,2400,▲+140,▲+6.19%,0,1,1,1,0.2,2510,3600,2400
TXO,202703,20270317.0,55000.0,Put,-,-,-,-,9440,-,-,0,0,0,0,9350,9530,-,-
TXO,202703,20270317.0,55200.0,Call,-,-,-,-,2350,-,-,0,0,0,1,-,2450,4510,3290
TXO,202703,20270317.0,55200.0,Put,-,-,-,-,9580,-,-,0,0,0,0,9510,9680,-,-
TXO,202703,20270317.0,55400.0,Call,-,-,-,-,2300,-,-,0,0,0,0,-,-,-,-
TXO,202703,20270317.0,55400.0,Put,-,-,-,-,9730,-,-,0,0,0,0,9610,10010,-,-
TXO,202703,20270317.0,55600.0,Call,-,-,-,-,2250,-,-,0,0,0,0,-,-,-,-
TXO,202703,20270317.0,55600.0,Put,-,-,-,-,9870,-,-,0,0,0,0,9760,10160,-,-
TXO,202703,20270317.0,55800.0,Call,-,-,-,-,2200,-,-,0,0,0,3,-,2340,4340,3170
TXO,202703,20270317.0,55800.0,Put,-,-,-,-,10020,-,-,0,0,0,0,9910,10120,-,-
TXO,202703,20270317.0,56000.0,Call,-,-,-,-,2150,-,-,0,0,0,1,-,2250,2570,2570
TXO,202703,20270317.0,56000.0,Put,-,-,-,-,10170,-,-,0,0,0,2,10060,10290,10950,10440
TXO,202703,20270317.0,56200.0,Call,-,-,-,-,2100,-,-,0,0,0,0,-,-,-,-
TXO,202703,20270317.0,56200.0,Put,-,-,-,-,10320,-,-,0,0,0,0,10220,10430,-,-
TXO,202703,20270317.0,56400.0,Call,-,-,-,-,2060,-,-,0,0,0,0,-,-,-,-
TXO,202703,20270317.0,56400.0,Put,-,-,-,-,10470,-,-,0,0,0,0,10370,10580,-,-
TXO,202703,20270317.0,56600.0,Call,-,-,-,-,2010,-,-,0,0,0,1,1900,-,1760,1760
TXO,202703,20270317.0,56600.0,Put,-,-,-,-,10620,-,-,0,0,0,0,-,10740,-,-
TXO,202703,20270317.0,56800.0,Call,-,-,-,-,1960,-,-,0,0,0,0,251,-,-,-
TXO,202703,20270317.0,56800.0,Put,-,-,-,-,10770,-,-,0,0,0,0,10680,10880,-,-
TXO,202703,20270317.0,57000.0,Call,-,-,-,-,1910,-,-,0,0,0,1,20,2010,2950,2030
TXO,202703,20270317.0,57000.0,Put,-,-,-,-,10920,-,-,0,0,0,0,-,-,-,-
TXO,202703,20270317.0,57200.0,Call,-,-,-,-,1840,-,-,0,0,0,10,100,2030,3450,1690
TXO,202703,20270317.0,57200.0,Put,-,-,-,-,11040,-,-,0,0,0,0,-,-,-,-
TXO,202703,20270317.0,57400.0,Call,1750,1770,1650,1770,1830,▲+90,▲+5.36%,0,52,52,91,1770,2020,3760,1440
TXO,202703,20270317.0,57400.0,Put,-,-,-,-,11230,-,-,0,0,0,0,-,-,-,-
