契約,到期月份 (週別),契約到期日,履約價,買賣權,開盤價,最高價,最低價,最後 成交價,結算價,漲跌價,漲跌%,*盤後交易時段成交量,*一般交易時段成交量,*合計成交量,*未沖銷 契約量,最後 最佳買價,最後 最佳賣價,歷史 最高價,歷史 最低價
TXO,202607F3,20260717.0,40200.0,Call,-,-,-,-,5200.0,-,-,0,0,0,0,5170,-,-,-
TXO,202607F3,20260717.0,40200.0,Put,1.9,1.9,0.2,0.6,0.3,▼-0.2,▼-25.00%,8,9,17,51,0.1,0.3,3.9,0.2
TXO,202607F3,20260717.0,40300.0,Call,-,-,-,-,5100.0,-,-,0,0,0,0,5070,-,-,-
TXO,202607F3,20260717.0,40300.0,Put,0.8,0.8,0.6,0.6,0.3,▼-0.7,▼-53.85%,3,6,9,18,0.1,0.3,4.5,0.6
TXO,202607F3,20260717.0,40400.0,Call,-,-,-,-,5000.0,-,-,0,0,0,0,4970,5020,-,-
TXO,202607F3,20260717.0,40400.0,Put,0.9,0.9,0.9,0.9,0.3,▼-0.7,▼-43.75%,0,5,5,5,-,0.3,0.9,0.9
TXO,202607F3,20260717.0,40500.0,Call,-,-,-,-,4900.0,-,-,0,0,0,0,4870,-,-,-
TXO,202607F3,20260717.0,40500.0,Put,0.7,0.7,0.7,0.7,0.3,▼-0.9,▼-56.25%,0,5,5,10,-,0.3,3,0.7
TXO,202607F3,20260717.0,40600.0,Call,-,-,-,-,4800.0,-,-,0,0,0,0,4770,-,-,-
TXO,202607F3,20260717.0,40600.0,Put,0.7,0.7,0.7,0.7,0.5,▼-1,▼-58.82%,0,5,5,6,-,0.3,5.8,0.7
TXO,202607F3,20260717.0,40700.0,Call,-,-,-,-,4700.0,-,-,0,0,0,0,4670,-,-,-
TXO,202607F3,20260717.0,40700.0,Put,0.8,0.8,0.8,0.8,0.8,▼-0.9,▼-52.94%,20,5,25,21,-,0.3,5,0.8
TXO,202607F3,20260717.0,40800.0,Call,-,-,-,-,4600.0,-,-,0,0,0,0,-,-,-,-
TXO,202607F3,20260717.0,40800.0,Put,1.8,1.8,0.3,0.4,0.8,▼-1.6,▼-80.00%,114,60,174,458,-,0.3,36,0.3
TXO,202607F3,20260717.0,40900.0,Call,-,-,-,-,4500.0,-,-,0,0,0,0,-,-,-,-
TXO,202607F3,20260717.0,40900.0,Put,0.6,0.7,0.1,0.4,1.0,▼-1.8,▼-81.82%,22,64,86,364,-,0.4,186,0.1
TXO,202607F3,20260717.0,41000.0,Call,-,-,-,-,4400.0,-,-,0,0,0,0,-,-,-,-
TXO,202607F3,20260717.0,41000.0,Put,1.7,1.8,0.2,0.4,1.2,▼-2,▼-83.33%,76,140,216,418,0.2,0.5,195,0.2
TXO,202607F3,20260717.0,41100.0,Call,-,-,-,-,4300.0,-,-,0,0,0,0,20,-,-,-
TXO,202607F3,20260717.0,41100.0,Put,1.1,1.9,1.1,1.5,1.5,▼-1,▼-40.00%,14,17,31,198,0.3,0.6,144,1
TXO,202607F3,20260717.0,41200.0,Call,-,-,-,-,4200.0,-,-,0,0,0,0,2,-,-,-
TXO,202607F3,20260717.0,41200.0,Put,1.6,1.8,1.4,1.4,1.5,▼-1.1,▼-44.00%,23,194,217,561,0.2,0.8,125,1
TXO,202607F3,20260717.0,41300.0,Call,-,-,-,-,4100.0,-,-,0,0,0,0,2,-,-,-
TXO,202607F3,20260717.0,41300.0,Put,1.5,1.5,0.9,0.9,1.6,▼-1.7,▼-65.38%,13,21,34,253,0.3,1,121,0.9
TXO,202607F3,20260717.0,41400.0,Call,-,-,-,-,4000.0,-,-,0,0,0,0,2,-,-,-
TXO,202607F3,20260717.0,41400.0,Put,-,-,-,-,1.6,-,-,13,0,13,298,0.4,4,114,1.5
TXO,202607F3,20260717.0,41500.0,Call,-,-,-,-,3900.0,-,-,0,0,0,0,2,3940,-,-
TXO,202607F3,20260717.0,41500.0,Put,1.8,2.7,0.8,1.8,1.8,▼-1.3,▼-41.94%,12,74,86,360,0.8,5,209,0.8
TXO,202607F3,20260717.0,41600.0,Call,-,-,-,-,3800.0,-,-,0,0,0,0,2,3840,-,-
TXO,202607F3,20260717.0,41600.0,Put,3,3,0.9,0.9,1.8,▼-2.4,▼-72.73%,45,47,92,188,0.7,3.3,263,0.9
TXO,202607F3,20260717.0,41700.0,Call,-,-,-,-,3700.0,-,-,0,0,0,0,2,3740,-,-
TXO,202607F3,20260717.0,41700.0,Put,1.9,2.7,1.5,1.5,1.9,▼-2.6,▼-63.41%,31,11,42,161,0.8,2.3,119,1.5
TXO,202607F3,20260717.0,41800.0,Call,-,-,-,-,3600.0,-,-,0,0,0,0,2,-,-,-
TXO,202607F3,20260717.0,41800.0,Put,2.9,3,1.3,1.4,2.0,▼-3,▼-68.18%,12,23,35,257,0.8,3.3,190,1.3
TXO,202607F3,20260717.0,41900.0,Call,-,-,-,-,3500.0,-,-,0,0,0,0,2,3540,-,-
TXO,202607F3,20260717.0,41900.0,Put,2.5,4,1,2,2.0,▼-3.1,▼-60.78%,45,61,106,312,1.2,15,261,1
TXO,202607F3,20260717.0,42000.0,Call,-,-,-,-,3400.0,-,-,0,0,0,0,3200,-,-,-
TXO,202607F3,20260717.0,42000.0,Put,3.2,4.2,1,1.7,2.2,▼-3.6,▼-67.92%,348,1026,1374,1440,1.6,1.9,302,1
TXO,202607F3,20260717.0,42100.0,Call,-,-,-,-,3300.0,-,-,0,0,0,0,3280,-,-,-
TXO,202607F3,20260717.0,42100.0,Put,3.1,5.3,2.1,2.3,2.3,▼-3.7,▼-61.67%,107,83,190,219,0.3,2.5,250,2.1
TXO,202607F3,20260717.0,42200.0,Call,-,-,-,-,3200.0,-,-,0,0,0,0,3180,-,-,-
TXO,202607F3,20260717.0,42200.0,Put,3.3,5.5,1.5,2.7,2.7,▼-3.8,▼-58.46%,143,71,214,229,2,2.7,286,1.5
TXO,202607F3,20260717.0,42300.0,Call,-,-,-,-,3100.0,-,-,0,0,0,0,3080,-,-,-
TXO,202607F3,20260717.0,42300.0,Put,4,8,1.8,3.1,3.1,▼-4.8,▼-60.76%,65,62,127,195,0.6,3.1,377,1.8
TXO,202607F3,20260717.0,42400.0,Call,-,-,-,-,3000.0,-,-,0,0,0,0,2980,-,-,-
TXO,202607F3,20260717.0,42400.0,Put,4.3,7.3,2,3.2,3.2,▼-5,▼-60.98%,109,72,181,235,2,16,332,2
TXO,202607F3,20260717.0,42500.0,Call,-,-,-,-,2900.0,-,-,0,0,0,0,2880,-,3180,1800
TXO,202607F3,20260717.0,42500.0,Put,3.7,9,1.8,3.2,3.8,▼-5.6,▼-63.64%,271,312,583,537,2,3.3,352,1.8
TXO,202607F3,20260717.0,42600.0,Call,-,-,-,-,2810.0,-,-,0,0,0,0,2,-,-,-
TXO,202607F3,20260717.0,42600.0,Put,6.8,9.9,2,3.4,4.3,▼-6.6,▼-66.00%,201,218,419,275,3,3.5,273,2
TXO,202607F3,20260717.0,42700.0,Call,-,-,-,-,2710.0,-,-,0,0,0,1,2,2850,1500,1500
TXO,202607F3,20260717.0,42700.0,Put,10,10,2,3.8,5.3,▼-7.7,▼-66.96%,260,111,371,536,2.3,7,314,2
TXO,202607F3,20260717.0,42800.0,Call,-,-,-,-,2610.0,-,-,0,0,0,0,2590,2630,-,-
TXO,202607F3,20260717.0,42800.0,Put,3.3,13.5,2,5.2,5.5,▼-7.8,▼-60.00%,364,293,657,529,3.5,5.2,338,2
TXO,202607F3,20260717.0,42900.0,Call,-,-,-,-,2510.0,-,-,0,0,0,0,2300,-,-,-
TXO,202607F3,20260717.0,42900.0,Put,9,17,1.6,6,6.0,▼-10,▼-62.50%,422,287,709,338,2.4,8.9,411,1.6
TXO,202607F3,20260717.0,43000.0,Call,-,-,-,-,2410.0,-,-,0,0,0,0,2200,-,1980,1580
TXO,202607F3,20260717.0,43000.0,Put,12,22.5,2.6,7,7.0,▼-11,▼-61.11%,1464,2426,3890,1971,6.8,7.8,515,2.6
TXO,202607F3,20260717.0,43100.0,Call,-,-,-,-,2310.0,-,-,0,0,0,0,2,-,-,-
TXO,202607F3,20260717.0,43100.0,Put,14.5,28,3.1,8.2,8.2,▼-13.8,▼-62.73%,555,810,1365,698,5.1,14,380,3.1
TXO,202607F3,20260717.0,43200.0,Call,-,-,-,-,2210.0,-,-,0,0,0,0,2190,2230,-,-
TXO,202607F3,20260717.0,43200.0,Put,15,35.5,3.2,9,9.0,▼-14.5,▼-61.70%,647,1013,1660,601,7.1,9.7,375,3.2
TXO,202607F3,20260717.0,43300.0,Call,-,-,-,-,2120.0,-,-,0,0,0,0,2,2150,-,-
TXO,202607F3,20260717.0,43300.0,Put,17,43,3,10,10.0,▼-17,▼-62.96%,998,943,1941,583,10.5,14,605,3
TXO,202607F3,20260717.0,43400.0,Call,-,-,-,-,2020.0,-,-,0,0,0,0,2000,2030,-,-
TXO,202607F3,20260717.0,43400.0,Put,19,52,3.8,13.5,13.5,▼-16.5,▼-55.00%,869,970,1839,932,13.5,21,675,3.8
TXO,202607F3,20260717.0,43450.0,Call,-,-,-,-,1970.0,-,-,0,0,0,0,1950,1990,-,-
TXO,202607F3,20260717.0,43450.0,Put,36,60,4.8,23.5,17.5,▼-10.5,▼-30.88%,157,291,448,162,7,17.5,125,4.8
TXO,202607F3,20260717.0,43500.0,Call,-,-,-,-,1920.0,-,-,1,0,1,1,1800,-,2320,975
TXO,202607F3,20260717.0,43500.0,Put,25,68,4.7,19,19.0,▼-17.5,▼-47.95%,1483,2618,4101,1420,17.5,20,610,4.7
TXO,202607F3,20260717.0,43550.0,Call,-,-,-,-,1880.0,-,-,0,0,0,0,1750,-,-,-
TXO,202607F3,20260717.0,43550.0,Put,43,72,7.1,20,20.0,▼-20,▼-50.00%,232,293,525,137,5.9,19.5,83,7.1
TXO,202607F3,20260717.0,43600.0,Call,-,-,-,-,1830.0,-,-,0,0,0,0,1710,-,-,-
TXO,202607F3,20260717.0,43600.0,Put,46,80,6.2,20.5,20.5,▼-23,▼-52.87%,702,1259,1961,661,21,23.5,590,6.2
TXO,202607F3,20260717.0,43650.0,Call,-,-,-,-,1780.0,-,-,0,0,0,0,1670,-,-,-
TXO,202607F3,20260717.0,43650.0,Put,37.5,90,6.1,22,22.0,▼-26.5,▼-54.64%,306,484,790,169,6.9,39.5,160,6.1
TXO,202607F3,20260717.0,43700.0,Call,-,-,-,-,1740.0,-,-,0,0,0,0,1610,-,900,850
TXO,202607F3,20260717.0,43700.0,Put,50,92,8.5,25.5,25.5,▼-23.5,▼-47.96%,919,1520,2439,911,11,27.5,680,8.5
TXO,202607F3,20260717.0,43750.0,Call,-,-,-,-,1690.0,-,-,0,0,0,0,1570,-,-,-
TXO,202607F3,20260717.0,43750.0,Put,60,105,9.4,31,31.0,▼-23,▼-42.59%,199,709,908,282,18,35,117,9.4
TXO,202607F3,20260717.0,43800.0,Call,-,-,-,-,1640.0,-,-,0,0,0,3,1570,1780,2250,815
TXO,202607F3,20260717.0,43800.0,Put,60,115,10.5,35,35.0,▼-22,▼-38.60%,1107,2304,3411,1106,34.5,36,645,10.5
TXO,202607F3,20260717.0,43850.0,Call,-,-,-,-,1600.0,-,-,0,0,0,0,1530,-,-,-
TXO,202607F3,20260717.0,43850.0,Put,67,123,12,40,40.0,▼-24,▼-37.50%,251,553,804,126,16,94,200,12
TXO,202607F3,20260717.0,43900.0,Call,-,-,-,-,1550.0,-,-,0,0,0,4,1480,1640,900,800
TXO,202607F3,20260717.0,43900.0,Put,66,140,13.5,42.5,42.5,▼-24.5,▼-36.57%,967,1462,2429,763,31,43.5,720,13.5
TXO,202607F3,20260717.0,43950.0,Call,1220,1320,1220,1320,1510.0,▼-480,▼-26.67%,0,2,2,1,1440,-,1320,1220
TXO,202607F3,20260717.0,43950.0,Put,83,140,15.5,47.5,47.5,▼-21.5,▼-31.16%,483,685,1168,187,24.5,49,196,15.5
TXO,202607F3,20260717.0,44000.0,Call,1280,1440,1280,1440,1460.0,▼-320,▼-18.18%,0,2,2,2,1400,1580,1740,705
TXO,202607F3,20260717.0,44000.0,Put,71,162,17,54,54.0,▼-23,▼-29.87%,3430,4493,7923,1615,49.5,55,785,17
TXO,202607F3,20260717.0,44050.0,Call,-,-,-,-,1420.0,-,-,0,0,0,0,1350,-,-,-
TXO,202607F3,20260717.0,44050.0,Put,103,166,20,59,59.0,▼-24,▼-28.92%,447,715,1162,146,50,59,665,20
TXO,202607F3,20260717.0,44100.0,Call,1060,1200,1060,1200,1380.0,▼-470,▼-28.14%,0,2,2,11,1310,1490,1200,635
TXO,202607F3,20260717.0,44100.0,Put,110,190,22.5,63,63.0,▼-24,▼-27.59%,738,1287,2025,355,61,68,685,22.5
TXO,202607F3,20260717.0,44150.0,Call,-,-,-,-,1330.0,-,-,2,0,2,23,1270,1460,1140,685
TXO,202607F3,20260717.0,44150.0,Put,119,199,25.5,71,71.0,▼-25,▼-26.04%,437,662,1099,166,45,73,645,25.5
TXO,202607F3,20260717.0,44200.0,Call,1010,1010,1010,1010,1290.0,▼-580,▼-36.48%,0,1,1,4,1230,1370,1720,565
TXO,202607F3,20260717.0,44200.0,Put,124,216,28.5,78,78.0,▼-24,▼-23.53%,1088,1558,2646,448,68,94,880,28.5
TXO,202607F3,20260717.0,44250.0,Call,1020,1060,1020,1060,1250.0,▼-480,▼-31.17%,0,2,2,13,1190,1330,1560,680
TXO,202607F3,20260717.0,44250.0,Put,111,220,31.5,85,85.0,▼-30,▼-26.09%,544,871,1415,215,72,96,690,31.5
TXO,202607F3,20260717.0,44300.0,Call,1020,1020,1000,1000,1210.0,▼-500,▼-33.33%,1,11,12,57,1130,1250,1220,525
TXO,202607F3,20260717.0,44300.0,Put,135,245,36,94,94.0,▼-23,▼-19.66%,2514,2195,4709,908,81,94,850,36
TXO,202607F3,20260717.0,44350.0,Call,925,940,925,940,1160.0,▼-520,▼-35.62%,3,4,7,32,1120,1300,1040,570
TXO,202607F3,20260717.0,44350.0,Put,160,262,41,102,102.0,▼-24,▼-19.05%,636,1011,1647,278,74,105,800,41
TXO,202607F3,20260717.0,44400.0,Call,1090,1090,940,940,1120.0,▼-480,▼-33.80%,6,3,9,29,1080,1260,1200,535
TXO,202607F3,20260717.0,44400.0,Put,173,268,45,110,111.0,▼-31,▼-21.99%,1291,1962,3253,558,104,113,825,45
TXO,202607F3,20260717.0,44450.0,Call,985,990,905,985,1080.0,▼-395,▼-28.62%,0,11,11,26,1040,1160,1190,525
TXO,202607F3,20260717.0,44450.0,Put,187,280,49.5,111,130.0,▼-31,▼-21.83%,351,776,1127,157,89,140,735,49.5
TXO,202607F3,20260717.0,44500.0,Call,930,1380,790,1040,1040.0,▼-300,▼-22.39%,32,24,56,58,1010,-,1610,430
TXO,202607F3,20260717.0,44500.0,Put,185,316,54,130,144.0,▼-27,▼-17.20%,2557,3842,6399,1050,127,148,1000,54
TXO,202607F3,20260717.0,44550.0,Call,930,1020,745,875,1010.0,▼-425,▼-32.69%,4,30,34,13,970,1070,1020,595
TXO,202607F3,20260717.0,44550.0,Put,216,333,61,146,146.0,▼-15,▼-9.32%,376,1184,1560,195,111,150,810,61
TXO,202607F3,20260717.0,44600.0,Call,955,1180,710,1180,970.0,▼-80,▼-6.35%,14,299,313,258,930,1270,1290,403
TXO,202607F3,20260717.0,44600.0,Put,201,352,66,155,155.0,▼-25,▼-13.89%,1088,2038,3126,662,123,160,1010,66
TXO,202607F3,20260717.0,44650.0,Call,860,880,710,845,930.0,▼-375,▼-30.74%,7,19,26,23,900,950,1220,460
TXO,202607F3,20260717.0,44650.0,Put,245,378,73,166,170.0,▼-29,▼-14.87%,487,975,1462,256,133,170,665,73
TXO,202607F3,20260717.0,44700.0,Call,775,900,650,800,895.0,▼-380,▼-32.20%,24,32,56,32,860,910,1290,355
TXO,202607F3,20260717.0,44700.0,Put,222,398,79,179,183.0,▼-19,▼-9.60%,1200,1644,2844,342,149,183,830,79
TXO,202607F3,20260717.0,44750.0,Call,810,940,710,845,845.0,▼-305,▼-26.52%,0,15,15,9,830,920,1100,505
TXO,202607F3,20260717.0,44750.0,Put,219,419,87,190,207.0,▼-27,▼-12.44%,758,859,1617,159,159,216,835,87
TXO,202607F3,20260717.0,44800.0,Call,735,1150,585,840,840.0,▼-260,▼-23.64%,133,130,263,520,790,835,1200,320
TXO,202607F3,20260717.0,44800.0,Put,231,436,62,209,209.0,▼-22,▼-9.52%,2201,3038,5239,1020,200,208,1200,62
TXO,202607F3,20260717.0,44850.0,Call,645,965,600,830,790.0,▼-240,▼-22.43%,7,34,41,22,750,800,1110,475
TXO,202607F3,20260717.0,44850.0,Put,310,433,46.5,211,234.0,▼-45,▼-17.58%,442,751,1193,145,189,234,745,46.5
TXO,202607F3,20260717.0,44900.0,Call,610,1020,540,750,750.0,▼-290,▼-27.88%,35,319,354,67,725,790,1070,320
TXO,202607F3,20260717.0,44900.0,Put,342,481,113,241,241.0,▼-17,▼-6.59%,583,1563,2146,331,212,478,935,113
TXO,202607F3,20260717.0,44950.0,Call,675,1020,555,850,720.0,▼-150,▼-15.00%,11,54,65,29,690,-,1040,294
TXO,202607F3,20260717.0,44950.0,Put,354,515,123,248,260.0,▼-22,▼-8.15%,325,840,1165,199,222,260,850,123
TXO,202607F3,20260717.0,45000.0,Call,580,1010,485,730,690.0,▼-230,▼-23.96%,350,429,779,240,655,695,1470,278
TXO,202607F3,20260717.0,45000.0,Put,331,540,131,275,275.0,▼-9,▼-3.17%,3584,5013,8597,956,270,275,1350,131
TXO,202607F3,20260717.0,45050.0,Call,560,965,460,645,645.0,▼-290,▼-31.02%,32,322,354,35,630,690,1020,399
TXO,202607F3,20260717.0,45050.0,Put,396,565,144,302,302.0,▲+1,▲+0.33%,354,679,1033,125,263,303,860,144
TXO,202607F3,20260717.0,45100.0,Call,585,935,435,600,615.0,▼-310,▼-34.07%,92,495,587,95,590,615,1030,310
TXO,202607F3,20260717.0,45100.0,Put,339,585,154,313,313.0,▼-19,▼-5.72%,649,1160,1809,211,294,347,1100,154
TXO,202607F3,20260717.0,45150.0,Call,545,875,413,550,595.0,▼-320,▼-36.78%,40,302,342,45,555,675,930,241
TXO,202607F3,20260717.0,45150.0,Put,456,595,166,342,342.0,0,0%,472,863,1335,174,326,760,1120,166
TXO,202607F3,20260717.0,45200.0,Call,500,855,390,545,545.0,▼-295,▼-35.12%,161,533,694,186,515,595,1270,230
TXO,202607F3,20260717.0,45200.0,Put,424,645,176,353,353.0,▲+1,▲+0.28%,801,1793,2594,270,330,388,845,176
TXO,202607F3,20260717.0,45250.0,Call,525,845,369,520,520.0,▼-280,▼-35.00%,102,518,620,116,492,870,1140,306
TXO,202607F3,20260717.0,45250.0,Put,480,675,206,386,386.0,▲+5,▲+1.31%,310,600,910,102,341,414,860,206
TXO,202607F3,20260717.0,45300.0,Call,493,805,347,483,510.0,▼-302,▼-38.47%,209,1070,1279,189,480,525,1090,200
TXO,202607F3,20260717.0,45300.0,Put,515,690,210,400,400.0,▲+18,▲+4.71%,927,2525,3452,632,370,439,940,210
TXO,202607F3,20260717.0,45350.0,Call,449,760,350,465,465.0,▼-280,▼-37.58%,131,439,570,141,443,790,1640,190
TXO,202607F3,20260717.0,45350.0,Put,550,665,230,430,430.0,▲+14,▲+3.37%,331,558,889,105,404,451,1000,230
TXO,202607F3,20260717.0,45400.0,Call,423,740,313,450,450.0,▼-265,▼-37.06%,531,822,1353,336,430,570,960,176
TXO,202607F3,20260717.0,45400.0,Put,565,735,239,459,459.0,▲+22,▲+5.03%,661,890,1551,204,378,489,1010,239
TXO,202607F3,20260717.0,45450.0,Call,430,700,295,416,416.0,▼-274,▼-39.71%,135,650,785,166,391,458,1100,191
TXO,202607F3,20260717.0,45450.0,Put,590,750,280,471,471.0,▲+12,▲+2.61%,282,869,1151,214,403,490,1110,280
TXO,202607F3,20260717.0,45500.0,Call,406,675,271,391,391.0,▼-269,▼-40.76%,978,3036,4014,410,390,449,1100,164
TXO,202607F3,20260717.0,45500.0,Put,575,815,269,496,496.0,▲+29,▲+6.21%,1292,2271,3563,660,453,510,1200,269
TXO,202607F3,20260717.0,45550.0,Call,382,635,259,375,375.0,▼-260,▼-40.94%,259,611,870,174,345,417,950,188
TXO,202607F3,20260717.0,45550.0,Put,675,860,291,525,525.0,▲+28,▲+5.63%,261,690,951,133,482,550,1110,291
TXO,202607F3,20260717.0,45600.0,Call,370,610,244,333,365.0,▼-267,▼-44.50%,898,1786,2684,439,330,368,2320,160
TXO,202607F3,20260717.0,45600.0,Put,700,880,310,550,550.0,▲+25,▲+4.76%,707,1187,1894,344,510,620,1730,310
TXO,202607F3,20260717.0,45650.0,Call,298,570,228,329,329.0,▼-236,▼-41.77%,685,1124,1809,245,292,560,1030,148
TXO,202607F3,20260717.0,45650.0,Put,700,905,326,580,580.0,▲+40,▲+7.41%,531,701,1232,246,535,600,990,326
TXO,202607F3,20260717.0,45700.0,Call,350,550,208,305,305.0,▼-225,▼-42.45%,867,1949,2816,345,281,315,830,128
TXO,202607F3,20260717.0,45700.0,Put,740,930,343,600,600.0,▲+25,▲+4.35%,493,888,1381,223,565,630,1880,343
TXO,202607F3,20260717.0,45750.0,Call,290,520,200,283,283.0,▼-242,▼-46.10%,394,860,1254,159,280,310,620,141
TXO,202607F3,20260717.0,45750.0,Put,760,990,400,645,645.0,▲+50,▲+8.40%,304,445,749,143,580,660,990,400
TXO,202607F3,20260717.0,45800.0,Call,340,495,184,266,266.0,▼-216,▼-44.81%,1026,2818,3844,569,258,273,1030,126
TXO,202607F3,20260717.0,45800.0,Put,800,1000,390,660,660.0,▲+55,▲+9.09%,513,693,1206,303,645,685,1830,390
TXO,202607F3,20260717.0,45850.0,Call,240,469,175,248,248.0,▼-227,▼-47.79%,672,781,1453,230,229,264,1000,130
TXO,202607F3,20260717.0,45850.0,Put,865,955,444,680,680.0,▲+25,▲+3.82%,160,201,361,108,680,715,1190,444
TXO,202607F3,20260717.0,45900.0,Call,290,443,159,235,235.0,▼-205,▼-46.59%,898,2146,3044,448,234,272,1050,124
TXO,202607F3,20260717.0,45900.0,Put,890,995,441,725,725.0,▲+55,▲+8.21%,86,404,490,36,710,755,1080,441
TXO,202607F3,20260717.0,45950.0,Call,226,414,146,223,223.0,▼-197,▼-46.90%,487,1043,1530,217,211,255,955,146
TXO,202607F3,20260717.0,45950.0,Put,915,1050,462,775,775.0,▲+75,▲+10.71%,28,135,163,54,730,790,1050,462
TXO,202607F3,20260717.0,46000.0,Call,258,395,136,206,206.0,▼-204,▼-49.76%,3657,6826,10483,1419,202,207,1530,95
TXO,202607F3,20260717.0,46000.0,Put,940,1140,500,820,820.0,▲+85,▲+11.56%,273,423,696,180,745,820,1850,500
TXO,202607F3,20260717.0,46050.0,Call,192,372,133,191,191.0,▼-202,▼-51.40%,673,996,1669,194,183,422,905,133
TXO,202607F3,20260717.0,46050.0,Put,1010,1070,555,815,845.0,▲+55,▲+7.24%,38,53,91,25,790,855,2190,555
TXO,202607F3,20260717.0,46100.0,Call,178,350,116,180,180.0,▼-190,▼-51.35%,1395,1552,2947,542,168,187,880,90
TXO,202607F3,20260717.0,46100.0,Put,995,1060,575,840,880.0,▲+50,▲+6.33%,45,72,117,31,785,900,1160,575
TXO,202607F3,20260717.0,46150.0,Call,150,325,106,165,165.0,▼-184,▼-52.72%,395,839,1234,166,158,197,885,104
TXO,202607F3,20260717.0,46150.0,Put,1050,1240,615,625,920.0,▼-190,▼-23.31%,27,18,45,16,850,990,1420,615
TXO,202607F3,20260717.0,46200.0,Call,181,308,97,150,150.0,▼-171,▼-53.27%,1351,2268,3619,467,149,180,750,90
TXO,202607F3,20260717.0,46200.0,Put,1190,1190,640,965,965.0,▲+115,▲+13.53%,44,122,166,100,890,970,1620,640
TXO,202607F3,20260717.0,46250.0,Call,154,289,93,138,138.0,▼-172,▼-55.48%,491,971,1462,148,128,140,815,74
TXO,202607F3,20260717.0,46250.0,Put,1140,1140,690,960,990.0,▲+80,▲+9.09%,10,15,25,9,945,1010,1140,690
TXO,202607F3,20260717.0,46300.0,Call,172,269,81,128,128.0,▼-168,▼-56.76%,1656,2968,4624,632,123,133,920,72
TXO,202607F3,20260717.0,46300.0,Put,1030,1030,715,1000,1030.0,▲+100,▲+11.11%,65,419,484,343,995,-,2400,715
TXO,202607F3,20260717.0,46350.0,Call,111,248,72,113,113.0,▼-164,▼-59.21%,755,1453,2208,302,100,145,670,63
TXO,202607F3,20260717.0,46350.0,Put,970,1040,750,1040,1070.0,▲+95,▲+10.05%,6,9,15,6,985,1130,1040,750
TXO,202607F3,20260717.0,46400.0,Call,119,231,66,106,106.0,▼-151,▼-58.75%,1220,2038,3258,494,106,110,750,64
TXO,202607F3,20260717.0,46400.0,Put,1020,1020,755,895,1110.0,▼-90,▼-9.14%,11,341,352,237,1060,1160,1470,755
TXO,202607F3,20260717.0,46450.0,Call,108,214,61,97,97.0,▼-141,▼-59.24%,436,1001,1437,193,97,105,309,59
TXO,202607F3,20260717.0,46450.0,Put,910,910,910,910,1150.0,▼-100,▼-9.90%,4,1,5,6,1070,1170,1080,910
TXO,202607F3,20260717.0,46500.0,Call,102,199,54,88,88.0,▼-140,▼-61.40%,3197,5856,9053,1404,88,93,725,50
TXO,202607F3,20260717.0,46500.0,Put,1400,1400,855,1130,1190.0,▲+90,▲+8.65%,150,33,183,34,1050,1210,2000,855
TXO,202607F3,20260717.0,46550.0,Call,93,182,48,82,82.0,▼-131,▼-61.50%,481,1134,1615,211,78,100,1650,48
TXO,202607F3,20260717.0,46550.0,Put,1350,1350,995,1140,1230.0,▲+60,▲+5.56%,2,3,5,4,1140,1250,1350,995
TXO,202607F3,20260717.0,46600.0,Call,103,169,43.5,72,72.0,▼-129,▼-64.18%,2255,3194,5449,872,71,75,1500,42
TXO,202607F3,20260717.0,46600.0,Put,975,1100,900,1000,1270.0,▼-120,▼-10.71%,31,29,60,24,1170,-,1190,900
TXO,202607F3,20260717.0,46650.0,Call,81,155,39.5,65,65.0,▼-118,▼-64.48%,758,1602,2360,295,65,70,420,39.5
TXO,202607F3,20260717.0,46650.0,Put,1020,1290,1020,1290,1310.0,▲+140,▲+12.17%,2,3,5,5,1170,1360,1290,1020
TXO,202607F3,20260717.0,46700.0,Call,95,142,33,59,59.0,▼-105,▼-64.02%,1014,3383,4397,1250,58,65,1270,33
TXO,202607F3,20260717.0,46700.0,Put,1000,1000,1000,1000,1360.0,▼-190,▼-15.97%,2,1,3,4,1250,1480,1600,1000
TXO,202607F3,20260717.0,46750.0,Call,76,130,30,53,53.0,▼-103,▼-66.03%,471,1943,2414,573,47,54,905,30
TXO,202607F3,20260717.0,46750.0,Put,1050,1050,1050,1050,1400.0,▼-180,▼-14.63%,3,1,4,4,1230,1510,1310,1050
TXO,202607F3,20260717.0,46800.0,Call,75,117,26.5,47,47.0,▼-102,▼-68.46%,1932,4071,6003,1400,45.5,47.5,368,26.5
TXO,202607F3,20260717.0,46800.0,Put,1180,1180,1180,1180,1440.0,▼-100,▼-7.81%,3,2,5,9,1310,1470,1350,1150
TXO,202607F3,20260717.0,46850.0,Call,64,106,23,40.5,40.5,▼-98.5,▼-70.86%,473,1437,1910,487,40,61,241,23
TXO,202607F3,20260717.0,46850.0,Put,-,-,-,-,1490.0,-,-,1,0,1,4,1310,1610,1310,1130
TXO,202607F3,20260717.0,46900.0,Call,76,96,19.5,36,36.0,▼-93,▼-72.09%,1243,2744,3987,1358,34,35.5,312,19.5
TXO,202607F3,20260717.0,46900.0,Put,-,-,-,-,1530.0,-,-,33,0,33,11,1340,1560,1360,1220
TXO,202607F3,20260717.0,46950.0,Call,56,85,17,32,32.0,▼-86,▼-72.88%,445,959,1404,211,32.5,43.5,1120,17
TXO,202607F3,20260717.0,46950.0,Put,-,-,-,-,1580.0,-,-,1,0,1,5,1400,1690,1630,1390
TXO,202607F3,20260717.0,47000.0,Call,50,77,14,31.5,31.5,▼-78.5,▼-71.36%,3418,5625,9043,1937,30,32,825,14
TXO,202607F3,20260717.0,47000.0,Put,-,-,-,-,1630.0,-,-,15,0,15,10,1450,1650,1550,1300
TXO,202607F3,20260717.0,47050.0,Call,50,68,12.5,26.5,26.5,▼-73.5,▼-73.50%,682,834,1516,403,25.5,45,187,12.5
TXO,202607F3,20260717.0,47050.0,Put,-,-,-,-,1670.0,-,-,0,0,0,0,1510,1700,-,-
TXO,202607F3,20260717.0,47100.0,Call,29,59,10,23,23.0,▼-70,▼-75.27%,2160,1852,4012,861,21,27.5,169,10
TXO,202607F3,20260717.0,47100.0,Put,-,-,-,-,1720.0,-,-,0,0,0,0,1600,-,1520,1420
TXO,202607F3,20260717.0,47150.0,Call,20.5,51,8,15,17.5,▼-71,▼-82.56%,672,655,1327,221,14.5,24,210,8
TXO,202607F3,20260717.0,47150.0,Put,-,-,-,-,1770.0,-,-,0,0,0,0,1680,-,-,-
TXO,202607F3,20260717.0,47200.0,Call,25,46.5,6,18.5,15.5,▼-54.5,▼-74.66%,1675,1853,3528,760,18.5,22,1160,6
TXO,202607F3,20260717.0,47200.0,Put,1610,1610,1560,1560,1810.0,▼-40,▼-2.50%,0,4,4,2,1770,1840,1840,1560
TXO,202607F3,20260717.0,47250.0,Call,19,39.5,5.6,17.5,14.0,▼-54.5,▼-75.69%,574,494,1068,230,14,19.5,1010,2.2
TXO,202607F3,20260717.0,47250.0,Put,-,-,-,-,1860.0,-,-,0,0,0,0,1850,1890,-,-
TXO,202607F3,20260717.0,47300.0,Call,16,34.5,4,13.5,13.5,▼-51.5,▼-79.23%,1425,1069,2494,990,13.5,14,640,4
TXO,202607F3,20260717.0,47300.0,Put,-,-,-,-,1910.0,-,-,0,0,0,5,1790,-,1140,1140
TXO,202607F3,20260717.0,47350.0,Call,12,28,4,12.5,12.0,▼-42.5,▼-77.27%,483,660,1143,578,12,13,423,4
TXO,202607F3,20260717.0,47350.0,Put,-,-,-,-,1960.0,-,-,0,0,0,0,1860,-,-,-
TXO,202607F3,20260717.0,47400.0,Call,13.5,24,3.3,9.9,9.9,▼-40.1,▼-80.20%,1881,1224,3105,739,9,10.5,370,3.3
TXO,202607F3,20260717.0,47400.0,Put,-,-,-,-,2010.0,-,-,0,0,0,0,1920,-,-,-
TXO,202607F3,20260717.0,47450.0,Call,23,23,3.4,9.9,9.9,▼-33.1,▼-76.98%,467,289,756,243,6.8,9.8,318,3.4
TXO,202607F3,20260717.0,47450.0,Put,-,-,-,-,2060.0,-,-,0,0,0,0,3.5,-,-,-
TXO,202607F3,20260717.0,47500.0,Call,12,16.5,2.4,8.2,8.2,▼-28.8,▼-77.84%,2123,1747,3870,1716,8.2,9,1140,2.4
TXO,202607F3,20260717.0,47500.0,Put,-,-,-,-,2100.0,-,-,0,0,0,0,3.5,2130,-,-
TXO,202607F3,20260717.0,47550.0,Call,7.5,13.5,3.2,7.2,7.2,▼-26.3,▼-78.51%,279,178,457,134,7.2,13.5,356,3.2
TXO,202607F3,20260717.0,47550.0,Put,-,-,-,-,2150.0,-,-,0,0,0,0,3.5,2180,-,-
TXO,202607F3,20260717.0,47600.0,Call,7.7,12.5,1.6,6.3,6.3,▼-19.2,▼-75.29%,1152,491,1643,633,4.5,9.7,1090,1.6
TXO,202607F3,20260717.0,47600.0,Put,-,-,-,-,2200.0,-,-,1,0,1,2,2180,2230,1850,1210
TXO,202607F3,20260717.0,47650.0,Call,4.7,7.8,2,4.5,4.5,▼-15.5,▼-77.50%,347,198,545,229,4.5,4.6,346,2
TXO,202607F3,20260717.0,47650.0,Put,-,-,-,-,2250.0,-,-,0,0,0,0,2230,2280,-,-
TXO,202607F3,20260717.0,47700.0,Call,4.6,6.5,1.7,3.7,3.7,▼-15.8,▼-81.03%,663,289,952,330,2,3.8,1040,1.7
TXO,202607F3,20260717.0,47700.0,Put,-,-,-,-,2300.0,-,-,0,0,0,1,2180,2330,1900,1900
TXO,202607F3,20260717.0,47750.0,Call,2.7,6.9,1.6,3,3.0,▼-14.5,▼-82.86%,302,192,494,180,1.8,3.2,27.5,1.6
TXO,202607F3,20260717.0,47750.0,Put,-,-,-,-,2350.0,-,-,0,0,0,0,1,-,-,-
TXO,202607F3,20260717.0,47800.0,Call,3,5,1.1,2.3,2.3,▼-12.7,▼-84.67%,523,364,887,529,1.2,2.3,105,1.1
TXO,202607F3,20260717.0,47800.0,Put,-,-,-,-,2400.0,-,-,1,0,1,1,1,-,2070,2030
TXO,202607F3,20260717.0,47850.0,Call,2.1,3.1,1.1,2.4,1.6,▼-10.6,▼-81.54%,140,90,230,150,0.8,2.3,158,1.1
TXO,202607F3,20260717.0,47850.0,Put,-,-,-,-,2450.0,-,-,0,0,0,0,1,-,-,-
TXO,202607F3,20260717.0,47900.0,Call,1.2,3,0.3,2,1.3,▼-7.9,▼-79.80%,336,154,490,294,0.7,2.2,300,0.3
TXO,202607F3,20260717.0,47900.0,Put,-,-,-,-,2500.0,-,-,0,0,0,0,1,-,-,-
TXO,202607F3,20260717.0,47950.0,Call,1.8,2,0.5,1.3,1.3,▼-5.6,▼-81.16%,99,37,136,70,0.5,1.4,197,0.5
TXO,202607F3,20260717.0,47950.0,Put,-,-,-,-,2550.0,-,-,0,0,0,0,2380,-,-,-
TXO,202607F3,20260717.0,48000.0,Call,0.4,2,0.4,0.9,0.9,▼-5.9,▼-86.76%,2052,3253,5305,3974,0.8,0.9,840,0.4
TXO,202607F3,20260717.0,48000.0,Put,-,-,-,-,2600.0,-,-,0,0,0,0,2430,-,-,-
TXO,202607F3,20260717.0,48050.0,Call,0.6,1.3,0.4,0.8,0.4,▼-5.2,▼-86.67%,210,330,540,468,0.4,0.9,850,0.3
TXO,202607F3,20260717.0,48050.0,Put,-,-,-,-,2650.0,-,-,0,0,0,0,1,-,-,-
TXO,202607F3,20260717.0,48100.0,Call,0.7,1.5,0.3,0.6,0.4,▼-4.5,▼-88.24%,222,261,483,379,0.4,0.7,204,0.3
TXO,202607F3,20260717.0,48100.0,Put,-,-,-,-,2700.0,-,-,0,0,0,0,1,-,-,-
TXO,202607F3,20260717.0,48150.0,Call,0.6,0.9,0.6,0.9,0.3,▼-3.2,▼-78.05%,128,62,190,164,0.2,0.8,200,0.6
TXO,202607F3,20260717.0,48150.0,Put,-,-,-,-,2750.0,-,-,0,0,0,0,1,-,-,-
TXO,202607F3,20260717.0,48200.0,Call,0.3,0.8,0.3,0.4,0.3,▼-2.6,▼-86.67%,880,73,953,1481,0.4,0.6,660,0.3
TXO,202607F3,20260717.0,48200.0,Put,-,-,-,-,2800.0,-,-,0,0,0,1,1,2890,2600,2600
TXO,202607F3,20260717.0,48300.0,Call,0.3,0.7,0.3,0.6,0.3,▼-1.5,▼-71.43%,298,46,344,251,0.2,0.6,565,0.3
TXO,202607F3,20260717.0,48300.0,Put,-,-,-,-,2900.0,-,-,0,0,0,0,1,-,-,-
TXO,202607F3,20260717.0,48400.0,Call,1,1,0.4,0.5,0.2,▼-0.5,▼-50.00%,697,129,826,2522,0.2,0.5,159,0.4
TXO,202607F3,20260717.0,48400.0,Put,-,-,-,-,3000.0,-,-,0,0,0,0,1,-,-,-
TXO,202607F3,20260717.0,48500.0,Call,0.5,0.5,0.2,0.2,0.2,▼-0.8,▼-80.00%,561,11,572,1217,-,0.5,540,0.2
TXO,202607F3,20260717.0,48500.0,Put,-,-,-,-,3100.0,-,-,0,0,0,0,1,-,-,-
TXO,202607F3,20260717.0,48600.0,Call,-,-,-,-,0.2,-,-,1,0,1,27,-,0.5,173,0.7
TXO,202607F3,20260717.0,48600.0,Put,-,-,-,-,3200.0,-,-,0,0,0,0,2,-,-,-
TXO,202607F3,20260717.0,48700.0,Call,1.4,1.4,0.2,1,0.2,▲+0.5,▲+100.00%,11,16,27,34,0.1,0.5,640,0.2
TXO,202607F3,20260717.0,48700.0,Put,-,-,-,-,3300.0,-,-,0,0,0,0,1,-,-,-
TXO,202607F3,20260717.0,48800.0,Call,1.3,1.4,0.2,0.2,0.2,▼-0.3,▼-60.00%,28,9,37,45,0.1,1.5,448,0.2
TXO,202607F3,20260717.0,48800.0,Put,-,-,-,-,3400.0,-,-,0,0,0,0,1,-,-,-
TXO,202607F3,20260717.0,48900.0,Call,-,-,-,-,0.2,-,-,19,0,19,21,-,33,139,0.5
TXO,202607F3,20260717.0,48900.0,Put,-,-,-,-,3500.0,-,-,0,0,0,0,1,-,-,-
TXO,202607F3,20260717.0,49000.0,Call,0.2,1.6,0.2,0.2,0.2,▼-0.3,▼-60.00%,92,3,95,3145,0.1,1.5,530,0.1
TXO,202607F3,20260717.0,49000.0,Put,-,-,-,-,3600.0,-,-,0,0,0,0,2,-,-,-
TXO,202607F3,20260717.0,49100.0,Call,-,-,-,-,0.2,-,-,0,0,0,22,-,6,500,0.8
TXO,202607F3,20260717.0,49100.0,Put,-,-,-,-,3700.0,-,-,0,0,0,0,3680,-,-,-
TXO,202607F3,20260717.0,49200.0,Call,0.2,1.7,0.2,0.6,0.2,▲+0.2,▲+50.00%,27,34,61,40,0.1,1,500,0.2
TXO,202607F3,20260717.0,49200.0,Put,-,-,-,-,3800.0,-,-,0,0,0,0,1,-,-,-
TXO,202607F3,20260717.0,49300.0,Call,-,-,-,-,0.2,-,-,6,0,6,26,-,39,309,0.2
TXO,202607F3,20260717.0,49300.0,Put,-,-,-,-,3900.0,-,-,0,0,0,0,1,-,-,-
TXO,202607F3,20260717.0,49400.0,Call,-,-,-,-,0.2,-,-,0,0,0,71,-,39,425,1.2
TXO,202607F3,20260717.0,49400.0,Put,-,-,-,-,4000.0,-,-,0,0,0,0,1,-,-,-
TXO,202607F3,20260717.0,49500.0,Call,1,15,1,5,0.2,▲+4.7,"▲+1,566.67%",0,17,17,138,-,0.9,414,0.2
TXO,202607F3,20260717.0,49500.0,Put,-,-,-,-,4100.0,-,-,0,0,0,0,1,-,-,-
TXO,202607F3,20260717.0,49600.0,Call,-,-,-,-,0.2,-,-,0,0,0,19,-,5,91,1
TXO,202607F3,20260717.0,49600.0,Put,-,-,-,-,4200.0,-,-,0,0,0,0,1,-,-,-
TXO,202607F3,20260717.0,49700.0,Call,0.2,1.7,0.2,0.2,0.2,▼-0.1,▼-33.33%,24,3,27,41,0.1,1,267,0.2
TXO,202607F3,20260717.0,49700.0,Put,-,-,-,-,4300.0,-,-,0,0,0,0,1,-,-,-
TXO,202607F3,20260717.0,49800.0,Call,-,-,-,-,0.2,-,-,0,0,0,20,-,8.9,293,1
TXO,202607F3,20260717.0,49800.0,Put,-,-,-,-,4400.0,-,-,0,0,0,0,4230,-,-,-
TXO,202607F3,20260717.0,49900.0,Call,-,-,-,-,0.2,-,-,0,0,0,25,-,39.5,56,0.2
TXO,202607F3,20260717.0,49900.0,Put,-,-,-,-,4500.0,-,-,0,0,0,0,1,-,-,-
TXO,202607F3,20260717.0,50000.0,Call,0.2,0.2,0.2,0.2,0.2,0,0%,0,1,1,1639,-,5,307,0.1
TXO,202607F3,20260717.0,50000.0,Put,-,-,-,-,4600.0,-,-,0,0,0,0,1,-,-,-
TXO,202607F3,20260717.0,50100.0,Call,-,-,-,-,0.2,-,-,0,0,0,75,-,39,240,0.8
TXO,202607F3,20260717.0,50100.0,Put,-,-,-,-,4700.0,-,-,0,0,0,0,1,-,-,-
TXO,202607F3,20260717.0,50200.0,Call,-,-,-,-,0.2,-,-,0,0,0,60,-,39,225,1
TXO,202607F3,20260717.0,50200.0,Put,-,-,-,-,4800.0,-,-,0,0,0,0,1,-,-,-
TXO,202607F3,20260717.0,50300.0,Call,-,-,-,-,0.2,-,-,0,0,0,10,-,39,259,1
TXO,202607F3,20260717.0,50300.0,Put,-,-,-,-,4900.0,-,-,0,0,0,0,58,-,-,-
TXO,202607F3,20260717.0,50400.0,Call,-,-,-,-,0.2,-,-,0,0,0,10,-,39,200,1
TXO,202607F3,20260717.0,50400.0,Put,-,-,-,-,5000.0,-,-,0,0,0,0,-,-,-,-
TXO,202607F3,20260717.0,50500.0,Call,-,-,-,-,0.2,-,-,0,0,0,125,-,39,233,0.1
TXO,202607F3,20260717.0,50500.0,Put,-,-,-,-,5100.0,-,-,0,0,0,0,-,-,-,-
TXO,202607F3,20260717.0,50600.0,Call,-,-,-,-,0.2,-,-,0,0,0,2,-,0.2,182,3.6
TXO,202607F3,20260717.0,50600.0,Put,-,-,-,-,5200.0,-,-,0,0,0,0,-,-,-,-
TXO,202607F3,20260717.0,50700.0,Call,-,-,-,-,0.2,-,-,0,0,0,1,-,39,175,14.5
TXO,202607F3,20260717.0,50700.0,Put,-,-,-,-,5300.0,-,-,0,0,0,0,-,-,-,-
TXO,202607F3,20260717.0,50800.0,Call,-,-,-,-,0.2,-,-,0,0,0,1,-,39,11.5,11.5
TXO,202607F3,20260717.0,50800.0,Put,-,-,-,-,5400.0,-,-,0,0,0,0,-,5430,-,-
TXO,202607F3,20260717.0,50900.0,Call,-,-,-,-,0.2,-,-,0,0,0,2,-,39,100,10.5
TXO,202607F3,20260717.0,50900.0,Put,-,-,-,-,5500.0,-,-,0,0,0,0,-,5530,-,-
TXO,202607F3,20260717.0,51000.0,Call,-,-,-,-,0.2,-,-,0,0,0,1260,-,39,177,1.2
TXO,202607F3,20260717.0,51000.0,Put,-,-,-,-,5600.0,-,-,0,0,0,0,-,5630,-,-
TXO,202607F3,20260717.0,51100.0,Call,-,-,-,-,0.2,-,-,0,0,0,1,-,39,136,9.2
TXO,202607F3,20260717.0,51100.0,Put,-,-,-,-,5700.0,-,-,0,0,0,0,-,5730,-,-
TXO,202607F3,20260717.0,51200.0,Call,-,-,-,-,0.2,-,-,0,0,0,9,-,0.6,11,1
TXO,202607F3,20260717.0,51200.0,Put,-,-,-,-,5800.0,-,-,0,0,0,0,-,5830,-,-
TXO,202607F3,20260717.0,51300.0,Call,-,-,-,-,0.2,-,-,0,0,0,5,-,39,150,7.7
TXO,202607F3,20260717.0,51300.0,Put,-,-,-,-,5900.0,-,-,0,0,0,0,-,5930,-,-
TXO,202607F3,20260717.0,51400.0,Call,-,-,-,-,0.2,-,-,0,0,0,4,-,0.6,11.5,0.3
TXO,202607F3,20260717.0,51400.0,Put,-,-,-,-,6000.0,-,-,0,0,0,0,-,6030,-,-
TXO,202607F3,20260717.0,51500.0,Call,0.2,0.9,0.1,0.2,0.2,▲+0.1,-,0,19,19,361,0.1,0.4,130,0.1
TXO,202607F3,20260717.0,51500.0,Put,-,-,-,-,6100.0,-,-,0,0,0,0,-,6130,-,-
TXO,202607W4,20260722.0,40200.0,Call,-,-,-,-,5270.0,-,-,2,0,2,0,-,-,5600,5590
TXO,202607W4,20260722.0,40200.0,Put,17,20,2.1,7.9,6.5,▼-1,▼-11.24%,138,280,418,345,4.8,12,42,2.1
TXO,202607W4,20260722.0,40300.0,Call,-,-,-,-,5170.0,-,-,0,0,0,0,-,-,-,-
TXO,202607W4,20260722.0,40300.0,Put,15,18,1,2.6,6.9,▼-7.4,▼-74.00%,8,120,128,164,0.4,29.5,41.5,1
TXO,202607W4,20260722.0,40400.0,Call,-,-,-,-,5070.0,-,-,0,0,0,0,-,-,-,-
TXO,202607W4,20260722.0,40400.0,Put,19,20.5,1.6,4,7.5,▼-7,▼-63.64%,1,203,204,153,4.3,30,35.5,1.6
TXO,202607W4,20260722.0,40500.0,Call,-,-,-,-,4970.0,-,-,0,0,0,0,-,-,-,-
TXO,202607W4,20260722.0,40500.0,Put,22.5,25,1.3,4.6,8.1,▼-7.4,▼-61.67%,13,98,111,172,0.5,29.5,46.5,1.3
TXO,202607W4,20260722.0,40600.0,Call,-,-,-,-,4870.0,-,-,0,0,0,0,-,-,-,-
TXO,202607W4,20260722.0,40600.0,Put,18,18,2,2,8.5,▼-11,▼-84.62%,2,206,208,224,1,20,42,2
TXO,202607W4,20260722.0,40700.0,Call,-,-,-,-,4770.0,-,-,0,0,0,0,-,-,-,-
TXO,202607W4,20260722.0,40700.0,Put,28.5,28.5,2,2,8.8,▼-11.5,▼-85.19%,19,108,127,125,2,113,53,2
TXO,202607W4,20260722.0,40800.0,Call,4680,4680,4680,4680,4680.0,▼-240,▼-4.88%,0,1,1,1,4640,-,4680,4680
TXO,202607W4,20260722.0,40800.0,Put,22,29,1.8,6.6,9.2,▼-7.4,▼-52.86%,90,190,280,442,6.6,18,175,1.8
TXO,202607W4,20260722.0,40900.0,Call,-,-,-,-,4580.0,-,-,0,0,0,0,-,-,-,-
TXO,202607W4,20260722.0,40900.0,Put,26.5,26.5,2.4,9.6,9.6,▼-5.4,▼-36.00%,29,155,184,400,8,20.5,295,2.4
TXO,202607W4,20260722.0,41000.0,Call,-,-,-,-,4480.0,-,-,0,0,0,0,-,-,-,-
TXO,202607W4,20260722.0,41000.0,Put,16.5,35,2.4,12,10.5,▼-4.5,▼-27.27%,75,455,530,554,7,17,331,2.4
TXO,202607W4,20260722.0,41100.0,Call,-,-,-,-,4380.0,-,-,0,0,0,0,-,-,-,-
TXO,202607W4,20260722.0,41100.0,Put,32.5,32.5,3,11,11.0,▼-6,▼-35.29%,9,104,113,90,9.3,15,332,3
TXO,202607W4,20260722.0,41200.0,Call,-,-,-,-,4280.0,-,-,0,0,0,0,-,-,-,-
TXO,202607W4,20260722.0,41200.0,Put,19.5,19.5,3.6,8,14.0,▼-14,▼-63.64%,5,133,138,125,2,60,300,3.6
TXO,202607W4,20260722.0,41300.0,Call,-,-,-,-,4180.0,-,-,0,0,0,0,-,-,-,-
TXO,202607W4,20260722.0,41300.0,Put,19,19,3.8,12,16.0,▼-10.5,▼-46.67%,8,131,139,137,10.5,93,309,3.8
TXO,202607W4,20260722.0,41400.0,Call,-,-,-,-,4080.0,-,-,0,0,0,0,-,-,-,-
TXO,202607W4,20260722.0,41400.0,Put,41.5,51,3.9,8.8,18.0,▼-15.7,▼-64.08%,6,125,131,89,6.9,39.5,350,3.9
TXO,202607W4,20260722.0,41500.0,Call,-,-,-,-,3990.0,-,-,0,0,0,0,-,-,-,-
TXO,202607W4,20260722.0,41500.0,Put,35,50,3.9,20,20.0,▼-6.5,▼-24.53%,93,313,406,256,5.4,46.5,396,3.9
TXO,202607W4,20260722.0,41600.0,Call,-,-,-,-,3890.0,-,-,0,0,0,0,-,-,-,-
TXO,202607W4,20260722.0,41600.0,Put,48.5,48.5,4.9,20,23.5,▼-9,▼-31.03%,29,109,138,92,20,40,258,4.9
TXO,202607W4,20260722.0,41700.0,Call,-,-,-,-,3790.0,-,-,0,0,0,0,-,-,-,-
TXO,202607W4,20260722.0,41700.0,Put,46,54,5.4,16.5,27.0,▼-16.5,▼-50.00%,11,146,157,114,17,100,305,5.4
TXO,202607W4,20260722.0,41800.0,Call,-,-,-,-,3700.0,-,-,0,0,0,0,-,-,-,-
TXO,202607W4,20260722.0,41800.0,Put,46,58,6.7,10.5,30.5,▼-25.5,▼-70.83%,16,150,166,156,18,75,300,6.7
TXO,202607W4,20260722.0,41900.0,Call,-,-,-,-,3600.0,-,-,0,0,0,0,-,-,-,-
TXO,202607W4,20260722.0,41900.0,Put,51,65,8.1,25,34.5,▼-15,▼-37.50%,31,307,338,275,17,35,280,8.1
TXO,202607W4,20260722.0,42000.0,Call,-,-,-,-,3510.0,-,-,0,0,0,0,-,-,-,-
TXO,202607W4,20260722.0,42000.0,Put,56,84,6.5,39,39.0,▼-5.5,▼-12.36%,184,589,773,479,20.5,39.5,420,6.5
TXO,202607W4,20260722.0,42100.0,Call,-,-,-,-,3410.0,-,-,0,0,0,0,-,-,-,-
TXO,202607W4,20260722.0,42100.0,Put,65,85,11.5,11.5,43.0,▼-35,▼-75.27%,10,30,40,29,20,139,327,11.5
TXO,202607W4,20260722.0,42200.0,Call,-,-,-,-,3310.0,-,-,0,0,0,0,-,-,-,-
TXO,202607W4,20260722.0,42200.0,Put,72,72,12,29,47.0,▼-22,▼-43.14%,42,54,96,53,26.5,500,259,12
TXO,202607W4,20260722.0,42300.0,Call,-,-,-,-,3220.0,-,-,0,0,0,0,-,-,-,-
TXO,202607W4,20260722.0,42300.0,Put,74,102,12.5,49,49.0,▼-7,▼-12.50%,19,233,252,141,44.5,58,340,12.5
TXO,202607W4,20260722.0,42400.0,Call,-,-,-,-,3120.0,-,-,0,0,0,0,-,-,-,-
TXO,202607W4,20260722.0,42400.0,Put,66,120,13.5,56,56.0,▼-6,▼-9.68%,18,215,233,177,19,61,414,13.5
TXO,202607W4,20260722.0,42500.0,Call,-,-,-,-,3030.0,-,-,0,0,0,0,-,-,-,-
TXO,202607W4,20260722.0,42500.0,Put,83,132,17,66,66.0,▼-2,▼-2.94%,108,424,532,350,52,68,445,17
TXO,202607W4,20260722.0,42600.0,Call,-,-,-,-,2940.0,-,-,0,0,0,0,-,-,-,-
TXO,202607W4,20260722.0,42600.0,Put,106,119,25,71,71.0,▼-4,▼-5.33%,33,73,106,150,37,162,359,25
TXO,202607W4,20260722.0,42700.0,Call,-,-,-,-,2840.0,-,-,0,0,0,0,-,-,-,-
TXO,202607W4,20260722.0,42700.0,Put,101,143,27.5,55,77.0,▼-25,▼-31.25%,24,72,96,77,63,100,515,27.5
TXO,202607W4,20260722.0,42800.0,Call,-,-,-,-,2750.0,-,-,0,0,0,0,-,-,-,-
TXO,202607W4,20260722.0,42800.0,Put,115,167,37,93,93.0,▼-3,▼-3.13%,38,76,114,39,54,-,400,37
TXO,202607W4,20260722.0,42900.0,Call,-,-,-,-,2660.0,-,-,0,0,0,0,-,-,-,-
TXO,202607W4,20260722.0,42900.0,Put,121,160,39.5,84,96.0,▼-16,▼-16.00%,47,161,208,106,63,185,380,39.5
TXO,202607W4,20260722.0,43000.0,Call,-,-,-,-,2570.0,-,-,0,0,0,0,-,-,-,-
TXO,202607W4,20260722.0,43000.0,Put,152,208,50,102,102.0,▼-9,▼-8.11%,349,454,803,478,95,160,595,45
TXO,202607W4,20260722.0,43100.0,Call,-,-,-,-,2480.0,-,-,0,0,0,0,-,-,-,-
TXO,202607W4,20260722.0,43100.0,Put,170,216,72,115,115.0,▼-3,▼-2.54%,56,22,78,54,47,221,510,72
TXO,202607W4,20260722.0,43200.0,Call,-,-,-,-,2390.0,-,-,0,0,0,6,2070,2530,3500,3480
TXO,202607W4,20260722.0,43200.0,Put,161,227,63,126,126.0,▲+1,▲+0.80%,41,41,82,56,63,247,480,63
TXO,202607W4,20260722.0,43300.0,Call,-,-,-,-,2310.0,-,-,0,0,0,0,-,2440,-,-
TXO,202607W4,20260722.0,43300.0,Put,198,218,52,86,140.0,▼-56,▼-39.44%,44,48,92,88,67,267,690,52
TXO,202607W4,20260722.0,43400.0,Call,-,-,-,-,2220.0,-,-,0,0,0,0,-,2350,-,-
TXO,202607W4,20260722.0,43400.0,Put,180,225,83,104,154.0,▼-51,▼-32.90%,8,37,45,16,45.5,243,635,83
TXO,202607W4,20260722.0,43450.0,Call,-,-,-,-,2180.0,-,-,0,0,0,0,-,-,-,-
TXO,202607W4,20260722.0,43450.0,Put,161,161,108,132,161.0,▼-24,▼-15.38%,7,6,13,9,40,273,215,108
TXO,202607W4,20260722.0,43500.0,Call,-,-,-,-,2140.0,-,-,1,0,1,2,2050,2440,1950,1300
TXO,202607W4,20260722.0,43500.0,Put,235,285,97,153,169.0,▼-11,▼-6.71%,82,86,168,79,99,234,705,97
TXO,202607W4,20260722.0,43550.0,Call,-,-,-,-,2090.0,-,-,0,0,0,0,-,-,-,-
TXO,202607W4,20260722.0,43550.0,Put,250,250,100,175,175.0,▲+5,▲+2.94%,18,15,33,29,79,251,280,100
TXO,202607W4,20260722.0,43600.0,Call,-,-,-,-,2050.0,-,-,0,0,0,0,-,-,-,-
TXO,202607W4,20260722.0,43600.0,Put,230,273,128,135,185.0,▼-40,▼-22.86%,102,16,118,69,87,264,540,128
TXO,202607W4,20260722.0,43650.0,Call,-,-,-,-,2010.0,-,-,0,0,0,0,-,-,-,-
TXO,202607W4,20260722.0,43650.0,Put,258,258,135,199,199.0,▲+7,▲+3.65%,68,7,75,71,96,272,301,135
TXO,202607W4,20260722.0,43700.0,Call,-,-,-,-,1970.0,-,-,0,0,0,0,-,-,1160,1120
TXO,202607W4,20260722.0,43700.0,Put,287,315,128,128,204.0,▼-72,▼-36.00%,35,13,48,24,128,-,745,128
TXO,202607W4,20260722.0,43750.0,Call,-,-,-,-,1930.0,-,-,0,0,0,0,-,-,-,-
TXO,202607W4,20260722.0,43750.0,Put,294,294,155,206,206.0,▼-3,▼-1.44%,0,11,11,8,114,286,294,155
TXO,202607W4,20260722.0,43800.0,Call,-,-,-,-,1890.0,-,-,0,0,0,0,-,2040,-,-
TXO,202607W4,20260722.0,43800.0,Put,262,360,135,235,222.0,▲+17,▲+7.80%,28,66,94,52,125,248,900,135
TXO,202607W4,20260722.0,43850.0,Call,-,-,-,-,1850.0,-,-,0,0,0,0,-,-,-,-
TXO,202607W4,20260722.0,43850.0,Put,168,226,142,226,226.0,▼-1,▼-0.44%,2,16,18,12,145,400,403,142
TXO,202607W4,20260722.0,43900.0,Call,1740,1740,1740,1740,1810.0,▼-300,▼-14.71%,0,1,1,0,1600,1970,1740,1580
TXO,202607W4,20260722.0,43900.0,Put,297,350,148,228,242.0,▼-9,▼-3.80%,43,40,83,30,162,1000,785,148
TXO,202607W4,20260722.0,43950.0,Call,-,-,-,-,1770.0,-,-,0,0,0,0,1560,-,-,-
TXO,202607W4,20260722.0,43950.0,Put,-,-,-,-,253.0,-,-,14,0,14,14,153,331,337,317
TXO,202607W4,20260722.0,44000.0,Call,1580,1960,1480,1850,1730.0,▼-130,▼-6.57%,3,4,7,6,1640,1820,1980,955
TXO,202607W4,20260722.0,44000.0,Put,320,420,162,274,274.0,▲+18,▲+7.03%,77,213,290,292,199,990,1040,157
TXO,202607W4,20260722.0,44050.0,Call,1510,1510,1410,1410,1690.0,▼-520,▼-26.94%,0,4,4,4,2.6,1840,1510,1410
TXO,202607W4,20260722.0,44050.0,Put,389,389,185,185,275.0,▼-81,▼-30.45%,2,11,13,7,178,-,389,185
TXO,202607W4,20260722.0,44100.0,Call,-,-,-,-,1650.0,-,-,5,0,5,5,1330,1770,1390,1390
TXO,202607W4,20260722.0,44100.0,Put,270,288,180,288,288.0,▲+11,▲+3.97%,9,23,32,17,200,357,580,180
TXO,202607W4,20260722.0,44150.0,Call,-,-,-,-,1620.0,-,-,0,0,0,0,2.6,-,-,-
TXO,202607W4,20260722.0,44150.0,Put,210,238,183,238,299.0,▼-51,▼-17.65%,19,3,22,11,203,370,488,183
TXO,202607W4,20260722.0,44200.0,Call,-,-,-,-,1580.0,-,-,5,0,5,7,1260,1700,1360,1030
TXO,202607W4,20260722.0,44200.0,Put,400,440,200,231,312.0,▼-69,▼-23.00%,65,44,109,49,212,419,1010,200
TXO,202607W4,20260722.0,44250.0,Call,-,-,-,-,1540.0,-,-,0,0,0,8,2.6,1690,1710,1690
TXO,202607W4,20260722.0,44250.0,Put,419,450,212,270,325.0,▼-53,▼-16.41%,31,55,86,37,229,406,565,212
TXO,202607W4,20260722.0,44300.0,Call,1220,1220,1220,1220,1510.0,▼-510,▼-29.48%,2,10,12,2,1420,1580,1470,915
TXO,202607W4,20260722.0,44300.0,Put,381,471,220,270,339.0,▼-55,▼-16.92%,41,40,81,67,240,411,1150,220
TXO,202607W4,20260722.0,44350.0,Call,-,-,-,-,1470.0,-,-,0,0,0,6,2.6,1600,2570,760
TXO,202607W4,20260722.0,44350.0,Put,-,-,-,-,346.0,-,-,9,0,9,9,237,474,305,273
TXO,202607W4,20260722.0,44400.0,Call,-,-,-,-,1430.0,-,-,5,0,5,6,1130,1580,1860,820
TXO,202607W4,20260722.0,44400.0,Put,505,520,240,353,353.0,▲+3,▲+0.86%,31,23,54,8,291,2000,845,240
TXO,202607W4,20260722.0,44450.0,Call,-,-,-,-,1400.0,-,-,1,0,1,1,1300,-,1150,1150
TXO,202607W4,20260722.0,44450.0,Put,285,285,285,285,381.0,▼-78,▼-21.49%,16,1,17,16,259,-,615,285
TXO,202607W4,20260722.0,44500.0,Call,-,-,-,-,1360.0,-,-,10,0,10,475,1060,1480,1600,690
TXO,202607W4,20260722.0,44500.0,Put,499,545,265,385,385.0,▲+8,▲+2.12%,39,81,120,81,294,470,1070,265
TXO,202607W4,20260722.0,44550.0,Call,-,-,-,-,1330.0,-,-,0,0,0,0,2.6,-,1100,875
TXO,202607W4,20260722.0,44550.0,Put,400,400,318,346,413.0,▼-54,▼-13.50%,0,17,17,7,315,489,820,318
TXO,202607W4,20260722.0,44600.0,Call,-,-,-,-,1300.0,-,-,13,0,13,13,965,1430,1450,710
TXO,202607W4,20260722.0,44600.0,Put,575,575,280,280,429.0,▼-120,▼-30.00%,16,14,30,45,328,-,885,280
TXO,202607W4,20260722.0,44650.0,Call,-,-,-,-,1260.0,-,-,21,0,21,3,935,1370,1500,1020
TXO,202607W4,20260722.0,44650.0,Put,-,-,-,-,446.0,-,-,16,0,16,5,307,530,655,335
TXO,202607W4,20260722.0,44700.0,Call,1380,1440,1380,1440,1230.0,0,0%,26,4,30,29,920,1360,1440,1060
TXO,202607W4,20260722.0,44700.0,Put,545,585,300,441,464.0,▲+5,▲+1.15%,4,13,17,19,355,540,1020,300
TXO,202607W4,20260722.0,44750.0,Call,-,-,-,-,1200.0,-,-,10,0,10,10,895,1300,1300,1140
TXO,202607W4,20260722.0,44750.0,Put,570,570,333,470,470.0,▲+18,▲+3.98%,22,12,34,7,349,590,805,333
TXO,202607W4,20260722.0,44800.0,Call,-,-,-,-,1170.0,-,-,23,0,23,5,1040,1340,1430,890
TXO,202607W4,20260722.0,44800.0,Put,585,585,342,484,484.0,▲+16,▲+3.42%,64,17,81,38,449,570,1080,342
TXO,202607W4,20260722.0,44850.0,Call,-,-,-,-,1140.0,-,-,20,0,20,20,1000,1280,1340,1090
TXO,202607W4,20260722.0,44850.0,Put,650,660,600,660,520.0,▲+175,▲+36.08%,20,3,23,9,339,1600,660,400
TXO,202607W4,20260722.0,44900.0,Call,1170,1170,1170,1170,1110.0,▼-110,▼-8.59%,33,1,34,10,1010,-,1350,605
TXO,202607W4,20260722.0,44900.0,Put,630,735,380,500,540.0,0,0%,45,67,112,86,434,-,1140,380
TXO,202607W4,20260722.0,44950.0,Call,-,-,-,-,1080.0,-,-,6,0,6,6,1010,1210,1000,940
TXO,202607W4,20260722.0,44950.0,Put,410,452,390,432,560.0,▼-88,▼-16.92%,9,11,20,12,410,-,655,390
TXO,202607W4,20260722.0,45000.0,Call,875,1200,860,1200,1050.0,▼-40,▼-3.23%,11,24,35,77,990,1080,2070,495
TXO,202607W4,20260722.0,45000.0,Put,665,815,375,540,580.0,0,0%,142,104,246,120,451,1000,1500,375
TXO,202607W4,20260722.0,45050.0,Call,845,1060,845,1060,1010.0,▼-130,▼-10.92%,6,6,12,8,960,1060,1190,825
TXO,202607W4,20260722.0,45050.0,Put,-,-,-,-,595.0,-,-,7,0,7,7,442,-,1070,650
TXO,202607W4,20260722.0,45100.0,Call,815,1230,790,1130,980.0,▼-30,▼-2.59%,4,5,9,8,930,1000,1600,705
TXO,202607W4,20260722.0,45100.0,Put,690,800,450,600,600.0,▲+30,▲+5.26%,6,18,24,16,525,700,1040,450
TXO,202607W4,20260722.0,45150.0,Call,855,1250,855,1250,950.0,▲+120,▲+10.62%,3,2,5,3,660,1060,1250,815
TXO,202607W4,20260722.0,45150.0,Put,-,-,-,-,635.0,-,-,2,0,2,6,500,1600,730,478
TXO,202607W4,20260722.0,45200.0,Call,855,1170,770,1170,920.0,▲+60,▲+5.41%,19,5,24,40,775,995,1170,590
TXO,202607W4,20260722.0,45200.0,Put,860,860,480,480,655.0,▼-120,▼-20.00%,13,11,24,31,555,-,1060,480
TXO,202607W4,20260722.0,45250.0,Call,830,1000,700,950,895.0,▼-140,▼-12.84%,8,11,19,6,775,-,1130,700
TXO,202607W4,20260722.0,45250.0,Put,830,830,550,560,675.0,▼-75,▼-11.81%,10,5,15,5,540,-,990,520
TXO,202607W4,20260722.0,45300.0,Call,800,1060,700,1010,865.0,▼-50,▼-4.72%,6,9,15,7,250,1000,1350,600
TXO,202607W4,20260722.0,45300.0,Put,745,900,530,545,700.0,▼-110,▼-16.79%,27,24,51,36,590,785,1220,530
TXO,202607W4,20260722.0,45350.0,Call,820,1050,820,1050,835.0,▲+20,▲+1.94%,6,3,9,6,2.6,1000,1050,745
TXO,202607W4,20260722.0,45350.0,Put,775,775,620,620,720.0,▼-55,▼-8.15%,13,8,21,16,590,820,775,600
TXO,202607W4,20260722.0,45400.0,Call,740,955,690,895,810.0,▼-100,▼-10.05%,8,9,17,34,690,995,1050,400
TXO,202607W4,20260722.0,45400.0,Put,880,970,630,630,740.0,▼-50,▼-7.35%,9,35,44,49,610,845,1140,580
TXO,202607W4,20260722.0,45450.0,Call,700,700,700,700,780.0,▼-270,▼-27.84%,2,1,3,4,497,-,1590,700
TXO,202607W4,20260722.0,45450.0,Put,1010,1010,665,665,765.0,▼-50,▼-6.99%,17,14,31,17,615,875,1010,605
TXO,202607W4,20260722.0,45500.0,Call,665,940,620,780,755.0,▼-175,▼-18.32%,49,56,105,65,645,860,1200,343
TXO,202607W4,20260722.0,45500.0,Put,920,1070,580,630,785.0,▼-110,▼-14.86%,17,10,27,32,665,1070,1440,580
TXO,202607W4,20260722.0,45550.0,Call,660,865,565,740,740.0,▼-175,▼-19.13%,6,16,22,5,625,1570,995,555
TXO,202607W4,20260722.0,45550.0,Put,800,800,600,790,790.0,▲+30,▲+3.95%,6,34,40,8,7,925,1260,600
TXO,202607W4,20260722.0,45600.0,Call,630,855,555,710,710.0,▼-180,▼-20.22%,9,30,39,18,665,835,1230,315
TXO,202607W4,20260722.0,45600.0,Put,1050,1050,620,825,825.0,▲+40,▲+5.10%,24,28,52,29,825,915,1120,620
TXO,202607W4,20260722.0,45650.0,Call,620,840,575,775,670.0,▼-110,▼-12.43%,55,27,82,29,580,1500,885,498
TXO,202607W4,20260722.0,45650.0,Put,755,755,750,750,855.0,▼-60,▼-7.41%,30,5,35,25,725,-,1280,655
TXO,202607W4,20260722.0,45700.0,Call,605,860,520,695,650.0,▼-145,▼-17.26%,71,26,97,71,580,-,1260,300
TXO,202607W4,20260722.0,45700.0,Put,775,825,730,825,880.0,▼-10,▼-1.20%,18,13,31,29,730,-,1520,730
TXO,202607W4,20260722.0,45750.0,Call,575,700,490,700,625.0,▼-115,▼-14.11%,13,7,20,11,525,-,965,490
TXO,202607W4,20260722.0,45750.0,Put,850,850,725,725,910.0,▼-135,▼-15.70%,21,2,23,16,775,-,1230,725
TXO,202607W4,20260722.0,45800.0,Call,510,710,476,670,600.0,▼-105,▼-13.55%,18,13,31,19,550,-,940,290
TXO,202607W4,20260722.0,45800.0,Put,735,840,735,825,935.0,▼-50,▼-5.71%,26,8,34,12,705,1050,1260,735
TXO,202607W4,20260722.0,45850.0,Call,540,660,489,610,580.0,▼-120,▼-16.44%,5,23,28,20,491,-,770,403
TXO,202607W4,20260722.0,45850.0,Put,-,-,-,-,965.0,-,-,8,0,8,6,870,-,1200,810
TXO,202607W4,20260722.0,45900.0,Call,510,695,443,660,560.0,▼-20,▼-2.94%,8,22,30,12,478,1030,1450,400
TXO,202607W4,20260722.0,45900.0,Put,1290,1290,765,845,995.0,▼-55,▼-6.11%,9,15,24,8,850,-,1290,765
TXO,202607W4,20260722.0,45950.0,Call,545,605,470,575,540.0,▼-90,▼-13.53%,10,8,18,24,454,-,1410,435
TXO,202607W4,20260722.0,45950.0,Put,-,-,-,-,1020.0,-,-,8,0,8,8,880,1150,1300,825
TXO,202607W4,20260722.0,46000.0,Call,480,700,410,530,530.0,▼-105,▼-16.54%,70,141,211,130,505,560,1200,255
TXO,202607W4,20260722.0,46000.0,Put,1440,1440,830,950,1050.0,▲+30,▲+3.26%,127,11,138,60,1040,1080,1580,830
TXO,202607W4,20260722.0,46050.0,Call,660,660,600,615,505.0,▲+30,▲+5.13%,6,9,15,15,374,995,660,515
TXO,202607W4,20260722.0,46050.0,Put,-,-,-,-,1090.0,-,-,0,0,0,0,915,-,-,-
TXO,202607W4,20260722.0,46100.0,Call,415,645,390,495,495.0,▼-60,▼-10.81%,29,21,50,17,480,580,790,225
TXO,202607W4,20260722.0,46100.0,Put,-,-,-,-,1110.0,-,-,13,0,13,13,975,1400,1440,1030
TXO,202607W4,20260722.0,46150.0,Call,465,465,465,465,465.0,▼-75,▼-13.89%,19,1,20,13,337,-,1000,240
TXO,202607W4,20260722.0,46150.0,Put,-,-,-,-,1140.0,-,-,0,0,0,0,970,-,-,-
TXO,202607W4,20260722.0,46200.0,Call,404,590,360,457,457.0,▼-63,▼-12.12%,16,42,58,26,435,545,1010,201
TXO,202607W4,20260722.0,46200.0,Put,-,-,-,-,1180.0,-,-,7,0,7,5,1040,-,1520,985
TXO,202607W4,20260722.0,46250.0,Call,376,540,368,468,426.0,▼-30,▼-6.02%,11,8,19,11,302,670,575,188
TXO,202607W4,20260722.0,46250.0,Put,-,-,-,-,1210.0,-,-,0,0,0,0,1010,-,-,-
TXO,202607W4,20260722.0,46300.0,Call,400,585,318,440,409.0,▼-43,▼-8.90%,22,30,52,37,341,-,990,240
TXO,202607W4,20260722.0,46300.0,Put,1470,1530,1090,1160,1240.0,▲+70,▲+6.42%,10,6,16,10,1110,-,1530,1090
TXO,202607W4,20260722.0,46350.0,Call,426,426,426,426,392.0,▼-35,▼-7.59%,11,1,12,18,270,440,1010,339
TXO,202607W4,20260722.0,46350.0,Put,-,-,-,-,1270.0,-,-,0,0,0,0,2.1,-,-,-
TXO,202607W4,20260722.0,46400.0,Call,362,469,300,467,376.0,▲+24,▲+5.42%,21,21,42,56,299,478,1090,180
TXO,202607W4,20260722.0,46400.0,Put,1170,1170,1140,1140,1310.0,0,0%,6,2,8,36,1010,1400,1200,1090
TXO,202607W4,20260722.0,46450.0,Call,355,480,355,480,360.0,▲+54,▲+12.68%,9,3,12,9,283,-,485,203
TXO,202607W4,20260722.0,46450.0,Put,-,-,-,-,1340.0,-,-,5,0,5,5,920,1440,1160,1160
TXO,202607W4,20260722.0,46500.0,Call,320,475,276,350,350.0,▼-64,▼-15.46%,95,111,206,158,266,500,770,145
TXO,202607W4,20260722.0,46500.0,Put,-,-,-,-,1380.0,-,-,3,0,3,7,2.1,1470,2250,1150
TXO,202607W4,20260722.0,46550.0,Call,294,313,275,275,331.0,▼-116,▼-29.67%,1,3,4,3,253,-,980,275
TXO,202607W4,20260722.0,46550.0,Put,-,-,-,-,1410.0,-,-,5,0,5,5,-,1440,1190,1190
TXO,202607W4,20260722.0,46600.0,Call,309,434,264,358,317.0,▼-17,▼-4.53%,9,30,39,33,247,545,615,170
TXO,202607W4,20260722.0,46600.0,Put,1210,1210,1210,1210,1450.0,▼-60,▼-4.72%,5,1,6,6,-,1540,1870,1210
TXO,202607W4,20260722.0,46650.0,Call,-,-,-,-,303.0,-,-,31,0,31,11,74,445,570,148
TXO,202607W4,20260722.0,46650.0,Put,-,-,-,-,1490.0,-,-,0,0,0,0,-,-,-,-
TXO,202607W4,20260722.0,46700.0,Call,270,390,270,297,297.0,▼-47,▼-13.66%,35,27,62,28,218,324,770,132
TXO,202607W4,20260722.0,46700.0,Put,-,-,-,-,1520.0,-,-,12,0,12,3,-,1650,1370,1260
TXO,202607W4,20260722.0,46750.0,Call,307,307,307,307,276.0,▼-22,▼-6.69%,22,3,25,14,177,-,910,268
TXO,202607W4,20260722.0,46750.0,Put,-,-,-,-,1560.0,-,-,5,0,5,5,-,1660,1300,1300
TXO,202607W4,20260722.0,46800.0,Call,247,352,232,296,264.0,▼-22,▼-6.92%,42,35,77,51,230,353,535,130
TXO,202607W4,20260722.0,46800.0,Put,-,-,-,-,1600.0,-,-,6,0,6,6,-,1720,1440,1340
TXO,202607W4,20260722.0,46850.0,Call,-,-,-,-,252.0,-,-,15,0,15,15,175,352,346,242
TXO,202607W4,20260722.0,46850.0,Put,-,-,-,-,1630.0,-,-,15,0,15,15,-,1740,1370,1350
TXO,202607W4,20260722.0,46900.0,Call,250,312,207,247,247.0,▼-40,▼-13.94%,22,15,37,22,167,330,462,203
TXO,202607W4,20260722.0,46900.0,Put,1420,1420,1390,1390,1670.0,▼-90,▼-6.08%,0,4,4,4,1420,1770,1420,1390
TXO,202607W4,20260722.0,46950.0,Call,-,-,-,-,230.0,-,-,3,0,3,1,149,-,229,193
TXO,202607W4,20260722.0,46950.0,Put,-,-,-,-,1710.0,-,-,0,0,0,0,-,-,-,-
TXO,202607W4,20260722.0,47000.0,Call,205,320,172,224,224.0,▼-49,▼-17.95%,253,417,670,331,222,300,820,95
TXO,202607W4,20260722.0,47000.0,Put,1580,1580,1580,1580,1750.0,▲+20,▲+1.28%,0,2,2,4,1460,1850,2900,1580
TXO,202607W4,20260722.0,47050.0,Call,200,279,195,241,209.0,▼-8,▼-3.21%,9,10,19,13,148,299,300,195
TXO,202607W4,20260722.0,47050.0,Put,-,-,-,-,1790.0,-,-,4,0,4,4,-,1900,1530,1530
TXO,202607W4,20260722.0,47100.0,Call,173,271,167,208,208.0,▼-39,▼-15.79%,41,59,100,45,132,210,640,100
TXO,202607W4,20260722.0,47100.0,Put,-,-,-,-,1830.0,-,-,0,0,0,0,-,-,-,-
TXO,202607W4,20260722.0,47200.0,Call,160,255,150,189,189.0,▼-29,▼-13.30%,59,64,123,53,179,281,277,104
TXO,202607W4,20260722.0,47200.0,Put,-,-,-,-,1910.0,-,-,0,0,0,0,1780,-,-,-
TXO,202607W4,20260722.0,47300.0,Call,151,221,133,168,168.0,▼-36,▼-17.65%,49,49,98,60,124,263,615,71
TXO,202607W4,20260722.0,47300.0,Put,-,-,-,-,2000.0,-,-,0,0,0,0,-,-,-,-
TXO,202607W4,20260722.0,47400.0,Call,152,209,119,154,154.0,▼-41,▼-21.03%,36,51,87,99,53,301,520,118
TXO,202607W4,20260722.0,47400.0,Put,-,-,-,-,2080.0,-,-,0,0,0,0,2,-,-,-
TXO,202607W4,20260722.0,47500.0,Call,133,195,102,133,133.0,▼-41,▼-23.56%,64,421,485,324,131,135,640,58
TXO,202607W4,20260722.0,47500.0,Put,-,-,-,-,2170.0,-,-,0,0,0,0,2,-,-,-
TXO,202607W4,20260722.0,47600.0,Call,140,160,93,138,118.0,▼-4,▼-2.82%,33,44,77,67,113,242,585,59
TXO,202607W4,20260722.0,47600.0,Put,-,-,-,-,2250.0,-,-,0,0,0,0,-,-,-,-
TXO,202607W4,20260722.0,47700.0,Call,104,152,87,112,112.0,▼-23,▼-17.04%,19,35,54,62,106,118,479,84
TXO,202607W4,20260722.0,47700.0,Put,-,-,-,-,2340.0,-,-,0,0,0,0,-,-,-,-
TXO,202607W4,20260722.0,47800.0,Call,99,127,77,98,98.0,▼-23,▼-19.01%,24,97,121,61,80,107,411,45
TXO,202607W4,20260722.0,47800.0,Put,-,-,-,-,2430.0,-,-,0,0,0,0,2,-,-,-
TXO,202607W4,20260722.0,47900.0,Call,85,118,65,84,84.0,▼-20,▼-19.23%,6,70,76,39,80,184,460,53
TXO,202607W4,20260722.0,47900.0,Put,-,-,-,-,2510.0,-,-,0,0,0,0,-,-,-,-
TXO,202607W4,20260722.0,48000.0,Call,55,108,49,75,75.0,▼-25,▼-25.00%,272,235,507,243,61,88,410,36
TXO,202607W4,20260722.0,48000.0,Put,-,-,-,-,2600.0,-,-,0,0,0,0,-,-,-,-
TXO,202607W4,20260722.0,48100.0,Call,64,89,50,67,67.0,▼-21,▼-23.86%,20,43,63,68,60,129,195,34
TXO,202607W4,20260722.0,48100.0,Put,-,-,-,-,2690.0,-,-,0,0,0,0,2240,-,-,-
TXO,202607W4,20260722.0,48200.0,Call,66,75,47,53,53.0,▼-27,▼-33.75%,0,31,31,53,50,150,284,30.5
TXO,202607W4,20260722.0,48200.0,Put,2620,2620,2620,2620,2790.0,▲+50,▲+1.95%,0,2,2,2,2640,2970,2620,2620
TXO,202607W4,20260722.0,48300.0,Call,56,73,35.5,50,50.0,▼-18,▼-26.47%,9,26,35,41,21,80,344,28.5
TXO,202607W4,20260722.0,48300.0,Put,-,-,-,-,2880.0,-,-,0,0,0,0,2700,-,-,-
TXO,202607W4,20260722.0,48400.0,Call,39,52,34,42,42.0,▼-24,▼-36.36%,14,29,43,38,22.5,145,303,28
TXO,202607W4,20260722.0,48400.0,Put,-,-,-,-,2970.0,-,-,0,0,0,0,-,-,-,-
TXO,202607W4,20260722.0,48500.0,Call,36.5,52,30,47.5,34.5,▼-11.5,▼-19.49%,69,109,178,133,25,60,280,23
TXO,202607W4,20260722.0,48500.0,Put,-,-,-,-,3070.0,-,-,0,0,0,0,-,3100,-,-
TXO,202607W4,20260722.0,48600.0,Call,32,55,3.7,3.7,30.0,▼-42.8,▼-92.04%,68,53,121,82,12,61,300,3.7
TXO,202607W4,20260722.0,48600.0,Put,-,-,-,-,3160.0,-,-,0,0,0,0,-,-,-,-
TXO,202607W4,20260722.0,48700.0,Call,25,41,20.5,29,29.0,▼-11,▼-27.50%,9,14,23,52,1,75,192,20.5
TXO,202607W4,20260722.0,48700.0,Put,-,-,-,-,3260.0,-,-,0,0,0,0,-,-,-,-
TXO,202607W4,20260722.0,48800.0,Call,20,30,18,22,22.0,▼-17,▼-43.59%,8,17,25,23,15.5,27,100,18
TXO,202607W4,20260722.0,48800.0,Put,-,-,-,-,3350.0,-,-,0,0,0,0,-,-,-,-
TXO,202607W4,20260722.0,48900.0,Call,16,30,16,16,19.0,▼-17.5,▼-52.24%,8,22,30,22,9,30,64,16
TXO,202607W4,20260722.0,48900.0,Put,-,-,-,-,3450.0,-,-,0,0,0,0,-,-,-,-
TXO,202607W4,20260722.0,49000.0,Call,17,25,12,13,16.5,▼-15,▼-53.57%,92,81,173,128,12,22,200,12
TXO,202607W4,20260722.0,49000.0,Put,-,-,-,-,3550.0,-,-,0,0,0,0,-,-,-,-
TXO,202607W4,20260722.0,49100.0,Call,17,21.5,12,16,16.0,▼-10.5,▼-39.62%,5,40,45,66,1.6,31,180,12
TXO,202607W4,20260722.0,49100.0,Put,-,-,-,-,3650.0,-,-,0,0,0,0,-,-,-,-
TXO,202607W4,20260722.0,49200.0,Call,14,14,9.5,10.5,10.5,▼-13,▼-55.32%,10,24,34,25,0.4,10.5,150,9.5
TXO,202607W4,20260722.0,49200.0,Put,-,-,-,-,3740.0,-,-,0,0,0,0,-,-,-,-
TXO,202607W4,20260722.0,49300.0,Call,12,13,7.5,9,10.5,▼-12,▼-57.14%,14,10,24,25,1,-,157,7.5
TXO,202607W4,20260722.0,49300.0,Put,-,-,-,-,3840.0,-,-,0,0,0,0,-,-,-,-
TXO,202607W4,20260722.0,49400.0,Call,9,10.5,9,10.5,10.5,▼-9,▼-46.15%,57,32,89,85,2.9,-,141,9
TXO,202607W4,20260722.0,49400.0,Put,-,-,-,-,3940.0,-,-,0,0,0,0,-,-,-,-
TXO,202607W4,20260722.0,49500.0,Call,10,10,10,10,7.9,▼-8,▼-44.44%,44,1,45,65,5.1,30.5,140,9.2
TXO,202607W4,20260722.0,49500.0,Put,-,-,-,-,4040.0,-,-,0,0,0,0,-,-,-,-
TXO,202607W4,20260722.0,49600.0,Call,-,-,-,-,6.8,-,-,18,0,18,15,4,-,128,8.6
TXO,202607W4,20260722.0,49600.0,Put,-,-,-,-,4140.0,-,-,0,0,0,0,-,-,-,-
TXO,202607W4,20260722.0,49700.0,Call,7,7,6.9,6.9,5.8,▼-7.6,▼-52.41%,10,2,12,10,0.3,88,107,6.6
TXO,202607W4,20260722.0,49700.0,Put,-,-,-,-,4240.0,-,-,0,0,0,0,-,-,-,-
TXO,202607W4,20260722.0,49800.0,Call,-,-,-,-,4.9,-,-,18,0,18,16,0.3,57,113,7
TXO,202607W4,20260722.0,49800.0,Put,-,-,-,-,4340.0,-,-,0,0,0,0,-,-,-,-
TXO,202607W4,20260722.0,49900.0,Call,-,-,-,-,4.2,-,-,1,0,1,1,2.9,25,101,7.2
TXO,202607W4,20260722.0,49900.0,Put,-,-,-,-,4440.0,-,-,0,0,0,0,-,-,-,-
TXO,202607W4,20260722.0,50000.0,Call,3.1,7.8,3.1,4,4.0,▼-8,▼-66.67%,87,30,117,178,4,11,117,3.1
TXO,202607W4,20260722.0,50000.0,Put,-,-,-,-,4540.0,-,-,0,0,0,0,-,-,-,-
TXO,202607W4,20260722.0,50100.0,Call,5.2,5.2,2.6,5,3.1,▼-6,▼-54.55%,8,9,17,14,3.1,26.5,92,2.6
TXO,202607W4,20260722.0,50100.0,Put,-,-,-,-,4630.0,-,-,0,0,0,0,-,-,-,-
TXO,202607W4,20260722.0,50200.0,Call,3.7,3.7,3.7,3.7,2.5,▼-5,▼-57.47%,42,1,43,23,2.1,3.6,15.5,1.1
TXO,202607W4,20260722.0,50200.0,Put,-,-,-,-,4730.0,-,-,0,0,0,0,-,-,-,-
TXO,202607W4,20260722.0,50300.0,Call,2.8,2.8,2.8,2.8,1.5,▼-5,▼-64.10%,3,1,4,7,0.3,3,59,2.8
TXO,202607W4,20260722.0,50300.0,Put,-,-,-,-,4830.0,-,-,0,0,0,0,-,-,-,-
TXO,202607W4,20260722.0,50400.0,Call,2.3,3.2,1.3,1.3,1.3,▼-6,▼-82.19%,800,390,1190,1234,0.1,1.2,68,1.3
TXO,202607W4,20260722.0,50400.0,Put,-,-,-,-,4930.0,-,-,0,0,0,0,-,-,-,-
TXO,202607F4,20260724.0,40200.0,Call,-,-,-,-,5420.0,-,-,0,0,0,0,-,-,-,-
TXO,202607F4,20260724.0,40200.0,Put,41.5,48.5,4.8,13,13.0,▼-15.5,▼-54.39%,32,140,172,79,6,30,60,4.8
TXO,202607F4,20260724.0,40300.0,Call,-,-,-,-,5320.0,-,-,0,0,0,0,-,-,-,-
TXO,202607F4,20260724.0,40300.0,Put,44.5,44.5,6.3,6.3,14.5,▼-23.2,▼-78.64%,1,58,59,54,3,30,48,6.3
TXO,202607F4,20260724.0,40400.0,Call,-,-,-,-,5220.0,-,-,0,0,0,0,-,-,-,-
TXO,202607F4,20260724.0,40400.0,Put,30,30,15,15,15.0,▼-16.5,▼-52.38%,5,71,76,70,0.5,30,30,15
TXO,202607F4,20260724.0,40500.0,Call,-,-,-,-,5120.0,-,-,0,0,0,0,-,-,-,-
TXO,202607F4,20260724.0,40500.0,Put,52,52,6.9,7,17.5,▼-26.5,▼-79.10%,3,91,94,88,7,39,52,6.9
TXO,202607F4,20260724.0,40600.0,Call,-,-,-,-,5020.0,-,-,0,0,0,0,-,-,-,-
TXO,202607F4,20260724.0,40600.0,Put,38,38,6.6,6.6,19.5,▼-28.9,▼-81.41%,0,18,18,13,6.6,38.5,38,6.6
TXO,202607F4,20260724.0,40700.0,Call,-,-,-,-,4930.0,-,-,0,0,0,0,-,-,-,-
TXO,202607F4,20260724.0,40700.0,Put,30.5,30.5,16.5,16.5,21.5,▼-20.5,▼-55.41%,1,35,36,30,3.3,136,34.5,16.5
TXO,202607F4,20260724.0,40800.0,Call,-,-,-,-,4830.0,-,-,0,0,0,0,-,-,-,-
TXO,202607F4,20260724.0,40800.0,Put,68,68,11,24,24.0,▼-16,▼-40.00%,13,41,54,79,12,50,222,11
TXO,202607F4,20260724.0,40900.0,Call,-,-,-,-,4730.0,-,-,0,0,0,0,-,-,-,-
TXO,202607F4,20260724.0,40900.0,Put,64,64,10.5,10.5,26.0,▼-31,▼-74.70%,7,44,51,62,4.8,68,256,10.5
TXO,202607F4,20260724.0,41000.0,Call,-,-,-,-,4630.0,-,-,0,0,0,0,-,-,-,-
TXO,202607F4,20260724.0,41000.0,Put,19,19,10,10,28.5,▼-35,▼-77.78%,3,42,45,60,14.5,92,183,10
TXO,202607F4,20260724.0,41100.0,Call,-,-,-,-,4540.0,-,-,0,0,0,0,-,-,-,-
TXO,202607F4,20260724.0,41100.0,Put,18,18,17,17,31.0,▼-30.5,▼-64.21%,1,20,21,34,3,98,167,17
TXO,202607F4,20260724.0,41200.0,Call,-,-,-,-,4440.0,-,-,0,0,0,0,-,-,-,-
TXO,202607F4,20260724.0,41200.0,Put,41,41,18.5,18.5,34.0,▼-32.5,▼-63.73%,3,22,25,32,2,108,281,18.5
TXO,202607F4,20260724.0,41300.0,Call,-,-,-,-,4340.0,-,-,0,0,0,0,-,-,-,-
TXO,202607F4,20260724.0,41300.0,Put,86,86,17.5,17.5,37.5,▼-37.5,▼-68.18%,1,31,32,39,2,120,209,17.5
TXO,202607F4,20260724.0,41400.0,Call,-,-,-,-,4250.0,-,-,0,0,0,0,-,-,-,-
TXO,202607F4,20260724.0,41400.0,Put,36,36,19,19,41.0,▼-40,▼-67.80%,1,45,46,42,1.9,116,248,19
TXO,202607F4,20260724.0,41500.0,Call,-,-,-,-,4150.0,-,-,0,0,0,0,-,-,-,-
TXO,202607F4,20260724.0,41500.0,Put,102,110,16,23,45.0,▼-40,▼-63.49%,2,172,174,178,20,110,350,16
TXO,202607F4,20260724.0,41600.0,Call,-,-,-,-,4050.0,-,-,0,0,0,0,-,-,-,-
TXO,202607F4,20260724.0,41600.0,Put,-,-,-,-,49.0,-,-,1,0,1,2,2.8,137,304,106
TXO,202607F4,20260724.0,41700.0,Call,-,-,-,-,3960.0,-,-,0,0,0,0,-,-,-,-
TXO,202607F4,20260724.0,41700.0,Put,60,60,60,60,54.0,▼-11,▼-15.49%,1,25,26,60,2.2,153,355,60
TXO,202607F4,20260724.0,41800.0,Call,-,-,-,-,3860.0,-,-,0,0,0,0,-,-,-,-
TXO,202607F4,20260724.0,41800.0,Put,102,112,102,112,59.0,▲+35,▲+45.45%,0,2,2,6,20,150,248,102
TXO,202607F4,20260724.0,41900.0,Call,-,-,-,-,3770.0,-,-,0,0,0,0,-,-,-,-
TXO,202607F4,20260724.0,41900.0,Put,38,49,38,49,64.0,▼-34,▼-40.96%,0,2,2,6,2.2,171,240,38
TXO,202607F4,20260724.0,42000.0,Call,-,-,-,-,3670.0,-,-,0,0,0,0,-,-,-,-
TXO,202607F4,20260724.0,42000.0,Put,134,164,45,84,70.0,▼-5,▼-5.62%,7,126,133,108,35.5,145,335,26
TXO,202607F4,20260724.0,42100.0,Call,-,-,-,-,3580.0,-,-,0,0,0,0,-,-,-,-
TXO,202607F4,20260724.0,42100.0,Put,53,53,53,53,76.0,▼-42,▼-44.21%,10,1,11,5,7.2,188,399,53
TXO,202607F4,20260724.0,42200.0,Call,-,-,-,-,3490.0,-,-,0,0,0,0,3390,-,-,-
TXO,202607F4,20260724.0,42200.0,Put,178,178,53,86,86.0,▼-14,▼-14.00%,3,10,13,3,82,-,283,53
TXO,202607F4,20260724.0,42300.0,Call,-,-,-,-,3400.0,-,-,0,0,0,0,-,-,-,-
TXO,202607F4,20260724.0,42300.0,Put,170,181,76,76,91.0,▼-39,▼-33.91%,13,14,27,57,50,600,550,76
TXO,202607F4,20260724.0,42400.0,Call,-,-,-,-,3310.0,-,-,0,0,0,0,-,-,-,-
TXO,202607F4,20260724.0,42400.0,Put,105,105,105,105,105.0,▼-12,▼-10.26%,2,1,3,31,104,218,327,105
TXO,202607F4,20260724.0,42500.0,Call,-,-,-,-,3210.0,-,-,0,0,0,0,3120,-,-,-
TXO,202607F4,20260724.0,42500.0,Put,100,100,94,94,110.0,▼-32,▼-25.40%,1,3,4,3,2.2,-,580,94
TXO,202607F4,20260724.0,42600.0,Call,-,-,-,-,3120.0,-,-,0,0,0,0,-,-,-,-
TXO,202607F4,20260724.0,42600.0,Put,92,92,92,92,120.0,▼-44,▼-32.35%,0,1,1,1,26,-,314,92
TXO,202607F4,20260724.0,42700.0,Call,-,-,-,-,3030.0,-,-,0,0,0,0,-,-,-,-
TXO,202607F4,20260724.0,42700.0,Put,152,152,120,130,130.0,▼-14,▼-9.72%,1,7,8,37,2.7,251,460,120
TXO,202607F4,20260724.0,42800.0,Call,-,-,-,-,2950.0,-,-,0,0,0,0,-,-,-,-
TXO,202607F4,20260724.0,42800.0,Put,-,-,-,-,142.0,-,-,2,0,2,2,1.3,237,134,133
TXO,202607F4,20260724.0,42900.0,Call,-,-,-,-,2860.0,-,-,0,0,0,0,-,-,-,-
TXO,202607F4,20260724.0,42900.0,Put,120,120,113,113,154.0,▼-54,▼-32.34%,1,3,4,3,1.4,255,208,113
TXO,202607F4,20260724.0,43000.0,Call,-,-,-,-,2770.0,-,-,0,0,0,0,-,-,2930,2930
TXO,202607F4,20260724.0,43000.0,Put,270,286,123,138,168.0,▼-47,▼-25.41%,0,11,11,29,16,340,535,123
TXO,202607F4,20260724.0,43100.0,Call,-,-,-,-,2690.0,-,-,0,0,0,0,-,-,-,-
TXO,202607F4,20260724.0,43100.0,Put,-,-,-,-,183.0,-,-,0,0,0,1,30.5,276,492,206
TXO,202607F4,20260724.0,43200.0,Call,-,-,-,-,2600.0,-,-,0,0,0,0,-,-,-,-
TXO,202607F4,20260724.0,43200.0,Put,220,230,154,154,198.0,▼-54,▼-25.96%,3,12,15,14,49,299,510,154
TXO,202607F4,20260724.0,43300.0,Call,-,-,-,-,2520.0,-,-,0,0,0,0,-,-,-,-
TXO,202607F4,20260724.0,43300.0,Put,210,222,160,222,222.0,▲+2,▲+0.91%,3,7,10,26,69,317,496,160
TXO,202607F4,20260724.0,43400.0,Call,-,-,-,-,2440.0,-,-,0,0,0,0,-,-,-,-
TXO,202607F4,20260724.0,43400.0,Put,-,-,-,-,231.0,-,-,0,0,0,1,86,-,695,545
TXO,202607F4,20260724.0,43450.0,Call,-,-,-,-,2400.0,-,-,0,0,0,0,-,-,-,-
TXO,202607F4,20260724.0,43450.0,Put,-,-,-,-,241.0,-,-,0,0,0,0,98,-,-,-
TXO,202607F4,20260724.0,43500.0,Call,-,-,-,-,2350.0,-,-,0,0,0,0,-,-,-,-
TXO,202607F4,20260724.0,43500.0,Put,-,-,-,-,250.0,-,-,1,0,1,1,105,-,406,230
TXO,202607F4,20260724.0,43550.0,Call,-,-,-,-,2310.0,-,-,0,0,0,0,-,-,-,-
TXO,202607F4,20260724.0,43550.0,Put,-,-,-,-,259.0,-,-,0,0,0,0,118,-,-,-
TXO,202607F4,20260724.0,43600.0,Call,-,-,-,-,2270.0,-,-,0,0,0,0,-,-,-,-
TXO,202607F4,20260724.0,43600.0,Put,-,-,-,-,268.0,-,-,0,0,0,0,126,-,-,-
TXO,202607F4,20260724.0,43650.0,Call,-,-,-,-,2230.0,-,-,0,0,0,0,-,-,-,-
TXO,202607F4,20260724.0,43650.0,Put,-,-,-,-,278.0,-,-,0,0,0,0,138,-,-,-
TXO,202607F4,20260724.0,43700.0,Call,-,-,-,-,2190.0,-,-,0,0,0,0,-,-,-,-
TXO,202607F4,20260724.0,43700.0,Put,-,-,-,-,289.0,-,-,0,0,0,0,150,-,505,500
TXO,202607F4,20260724.0,43750.0,Call,-,-,-,-,2150.0,-,-,0,0,0,0,-,-,-,-
TXO,202607F4,20260724.0,43750.0,Put,-,-,-,-,299.0,-,-,0,0,0,0,162,-,-,-
TXO,202607F4,20260724.0,43800.0,Call,-,-,-,-,2120.0,-,-,0,0,0,0,-,-,-,-
TXO,202607F4,20260724.0,43800.0,Put,515,515,260,260,310.0,▼-46,▼-15.03%,0,2,2,1,330,-,515,260
TXO,202607F4,20260724.0,43850.0,Call,-,-,-,-,2080.0,-,-,0,0,0,0,-,-,-,-
TXO,202607F4,20260724.0,43850.0,Put,-,-,-,-,322.0,-,-,0,0,0,0,184,-,-,-
TXO,202607F4,20260724.0,43900.0,Call,-,-,-,-,2040.0,-,-,0,0,0,0,-,-,-,-
TXO,202607F4,20260724.0,43900.0,Put,-,-,-,-,333.0,-,-,0,0,0,1,196,-,480,480
TXO,202607F4,20260724.0,43950.0,Call,-,-,-,-,2000.0,-,-,0,0,0,0,-,-,-,-
TXO,202607F4,20260724.0,43950.0,Put,-,-,-,-,344.0,-,-,0,0,0,0,369,-,-,-
TXO,202607F4,20260724.0,44000.0,Call,-,-,-,-,1960.0,-,-,0,0,0,0,-,-,-,-
TXO,202607F4,20260724.0,44000.0,Put,580,580,324,324,357.0,▼-28,▼-7.95%,2,3,5,4,357,900,1100,305
TXO,202607F4,20260724.0,44050.0,Call,-,-,-,-,1920.0,-,-,0,0,0,0,-,-,-,-
TXO,202607F4,20260724.0,44050.0,Put,-,-,-,-,369.0,-,-,0,0,0,0,237,-,-,-
TXO,202607F4,20260724.0,44100.0,Call,-,-,-,-,1890.0,-,-,0,0,0,1,-,1950,2120,1990
TXO,202607F4,20260724.0,44100.0,Put,575,575,575,575,380.0,▲+206,▲+55.83%,0,1,1,7,254,520,750,388
TXO,202607F4,20260724.0,44150.0,Call,-,-,-,-,1850.0,-,-,0,0,0,0,-,-,-,-
TXO,202607F4,20260724.0,44150.0,Put,-,-,-,-,393.0,-,-,0,0,0,0,300,-,-,-
TXO,202607F4,20260724.0,44200.0,Call,-,-,-,-,1810.0,-,-,0,0,0,0,-,-,-,-
TXO,202607F4,20260724.0,44200.0,Put,-,-,-,-,407.0,-,-,3,0,3,4,286,555,640,399
TXO,202607F4,20260724.0,44250.0,Call,-,-,-,-,1780.0,-,-,0,0,0,0,-,-,-,-
TXO,202607F4,20260724.0,44250.0,Put,-,-,-,-,421.0,-,-,0,0,0,0,294,-,-,-
TXO,202607F4,20260724.0,44300.0,Call,-,-,-,-,1740.0,-,-,0,0,0,0,-,-,1860,1580
TXO,202607F4,20260724.0,44300.0,Put,359,359,359,359,433.0,▼-59,▼-14.11%,1,1,2,2,311,585,755,359
TXO,202607F4,20260724.0,44350.0,Call,-,-,-,-,1700.0,-,-,0,0,0,0,-,-,-,-
TXO,202607F4,20260724.0,44350.0,Put,-,-,-,-,448.0,-,-,0,0,0,0,346,-,-,-
TXO,202607F4,20260724.0,44400.0,Call,-,-,-,-,1670.0,-,-,0,0,0,0,1590,-,-,-
TXO,202607F4,20260724.0,44400.0,Put,480,480,480,480,463.0,▲+37,▲+8.35%,2,1,3,2,339,-,625,469
TXO,202607F4,20260724.0,44450.0,Call,-,-,-,-,1630.0,-,-,0,0,0,0,-,1690,-,-
TXO,202607F4,20260724.0,44450.0,Put,-,-,-,-,479.0,-,-,0,0,0,0,354,-,-,-
TXO,202607F4,20260724.0,44500.0,Call,-,-,-,-,1600.0,-,-,0,0,0,1,1470,1840,1520,1290
TXO,202607F4,20260724.0,44500.0,Put,525,525,455,475,495.0,▲+5,▲+1.06%,4,4,8,1,372,630,675,455
TXO,202607F4,20260724.0,44550.0,Call,-,-,-,-,1570.0,-,-,0,0,0,0,-,1760,1300,1080
TXO,202607F4,20260724.0,44550.0,Put,-,-,-,-,510.0,-,-,0,0,0,0,373,-,-,-
TXO,202607F4,20260724.0,44600.0,Call,-,-,-,-,1530.0,-,-,0,0,0,1,-,1630,1500,1000
TXO,202607F4,20260724.0,44600.0,Put,-,-,-,-,530.0,-,-,0,0,0,1,406,645,1010,1010
TXO,202607F4,20260724.0,44650.0,Call,-,-,-,-,1500.0,-,-,0,0,0,0,-,-,-,-
TXO,202607F4,20260724.0,44650.0,Put,-,-,-,-,545.0,-,-,0,0,0,0,423,-,-,-
TXO,202607F4,20260724.0,44700.0,Call,-,-,-,-,1470.0,-,-,0,0,0,0,-,1640,1580,1510
TXO,202607F4,20260724.0,44700.0,Put,497,510,497,510,565.0,▼-20,▼-3.77%,0,2,2,1,446,695,1050,497
TXO,202607F4,20260724.0,44750.0,Call,-,-,-,-,1440.0,-,-,0,0,0,0,-,-,-,-
TXO,202607F4,20260724.0,44750.0,Put,-,-,-,-,580.0,-,-,0,0,0,1,457,-,575,575
TXO,202607F4,20260724.0,44800.0,Call,-,-,-,-,1400.0,-,-,0,0,0,0,-,-,-,-
TXO,202607F4,20260724.0,44800.0,Put,-,-,-,-,600.0,-,-,0,0,0,0,480,-,-,-
TXO,202607F4,20260724.0,44850.0,Call,-,-,-,-,1370.0,-,-,2,0,2,1,1210,-,1490,1110
TXO,202607F4,20260724.0,44850.0,Put,-,-,-,-,615.0,-,-,0,0,0,1,498,-,605,605
TXO,202607F4,20260724.0,44900.0,Call,-,-,-,-,1340.0,-,-,2,0,2,2,1260,-,1440,1440
TXO,202607F4,20260724.0,44900.0,Put,-,-,-,-,635.0,-,-,0,0,0,0,530,-,-,-
TXO,202607F4,20260724.0,44950.0,Call,-,-,-,-,1310.0,-,-,0,0,0,0,-,-,-,-
TXO,202607F4,20260724.0,44950.0,Put,-,-,-,-,650.0,-,-,0,0,0,0,545,-,-,-
TXO,202607F4,20260724.0,45000.0,Call,1120,1120,1120,1120,1270.0,▼-290,▼-20.57%,1,1,2,1,1130,1350,1460,955
TXO,202607F4,20260724.0,45000.0,Put,880,880,880,880,665.0,▲+270,▲+44.26%,2,1,3,2,545,795,950,610
TXO,202607F4,20260724.0,45050.0,Call,-,-,-,-,1240.0,-,-,0,0,0,0,-,-,-,-
TXO,202607F4,20260724.0,45050.0,Put,-,-,-,-,685.0,-,-,0,0,0,0,590,-,-,-
TXO,202607F4,20260724.0,45100.0,Call,-,-,-,-,1210.0,-,-,0,0,0,1,1050,1360,1180,1180
TXO,202607F4,20260724.0,45100.0,Put,-,-,-,-,705.0,-,-,0,0,0,5,590,-,840,835
TXO,202607F4,20260724.0,45150.0,Call,-,-,-,-,1180.0,-,-,0,0,0,0,-,-,-,-
TXO,202607F4,20260724.0,45150.0,Put,-,-,-,-,725.0,-,-,0,0,0,0,620,-,-,-
TXO,202607F4,20260724.0,45200.0,Call,-,-,-,-,1150.0,-,-,0,0,0,0,-,-,-,-
TXO,202607F4,20260724.0,45200.0,Put,-,-,-,-,750.0,-,-,0,0,0,0,655,-,-,-
TXO,202607F4,20260724.0,45250.0,Call,-,-,-,-,1120.0,-,-,0,0,0,0,1060,-,-,-
TXO,202607F4,20260724.0,45250.0,Put,-,-,-,-,760.0,-,-,0,0,0,0,710,-,-,-
TXO,202607F4,20260724.0,45300.0,Call,-,-,-,-,1090.0,-,-,0,0,0,0,-,-,-,-
TXO,202607F4,20260724.0,45300.0,Put,1020,1020,750,755,785.0,▲+15,▲+2.03%,0,3,3,2,710,-,1020,750
TXO,202607F4,20260724.0,45350.0,Call,965,965,965,965,1060.0,▼-225,▼-18.91%,0,1,1,1,935,-,1300,965
TXO,202607F4,20260724.0,45350.0,Put,-,-,-,-,805.0,-,-,0,0,0,0,2.1,-,-,-
TXO,202607F4,20260724.0,45400.0,Call,-,-,-,-,1040.0,-,-,0,0,0,0,2.1,-,-,-
TXO,202607F4,20260724.0,45400.0,Put,1050,1050,1050,1050,830.0,▲+270,▲+34.62%,0,1,1,1,2.1,980,1050,1050
TXO,202607F4,20260724.0,45450.0,Call,-,-,-,-,1010.0,-,-,0,0,0,0,2.1,-,-,-
TXO,202607F4,20260724.0,45450.0,Put,-,-,-,-,855.0,-,-,0,0,0,1,2.1,1000,1000,1000
TXO,202607F4,20260724.0,45500.0,Call,-,-,-,-,985.0,-,-,0,0,0,2,2.1,1080,1150,465
TXO,202607F4,20260724.0,45500.0,Put,860,860,860,860,860.0,▲+40,▲+4.88%,0,2,2,2,780,-,860,860
TXO,202607F4,20260724.0,45550.0,Call,-,-,-,-,960.0,-,-,0,0,0,0,2.1,-,-,-
TXO,202607F4,20260724.0,45550.0,Put,-,-,-,-,905.0,-,-,0,0,0,0,2.1,-,-,-
TXO,202607F4,20260724.0,45600.0,Call,-,-,-,-,935.0,-,-,0,0,0,0,620,-,-,-
TXO,202607F4,20260724.0,45600.0,Put,-,-,-,-,925.0,-,-,0,0,0,1,815,-,1180,1180
TXO,202607F4,20260724.0,45650.0,Call,-,-,-,-,910.0,-,-,0,0,0,0,2.1,-,-,-
TXO,202607F4,20260724.0,45650.0,Put,-,-,-,-,955.0,-,-,0,0,0,0,2.1,-,-,-
TXO,202607F4,20260724.0,45700.0,Call,915,915,915,915,885.0,▼-70,▼-7.11%,0,1,1,3,730,-,1230,915
TXO,202607F4,20260724.0,45700.0,Put,935,935,935,935,980.0,▲+25,▲+2.75%,0,1,1,1,2.1,1110,1010,935
TXO,202607F4,20260724.0,45750.0,Call,-,-,-,-,860.0,-,-,0,0,0,0,2.1,-,-,-
TXO,202607F4,20260724.0,45750.0,Put,-,-,-,-,1000.0,-,-,0,0,0,0,2.1,-,-,-
TXO,202607F4,20260724.0,45800.0,Call,-,-,-,-,835.0,-,-,0,0,0,0,680,-,-,-
TXO,202607F4,20260724.0,45800.0,Put,-,-,-,-,1030.0,-,-,0,0,0,0,2.1,-,-,-
TXO,202607F4,20260724.0,45850.0,Call,-,-,-,-,810.0,-,-,0,0,0,0,690,-,-,-
TXO,202607F4,20260724.0,45850.0,Put,-,-,-,-,1050.0,-,-,0,0,0,0,2.1,-,-,-
TXO,202607F4,20260724.0,45900.0,Call,665,760,665,760,785.0,▼-125,▼-14.12%,0,2,2,2,640,-,760,438
TXO,202607F4,20260724.0,45900.0,Put,-,-,-,-,1080.0,-,-,0,0,0,1,2.1,1220,1010,1010
TXO,202607F4,20260724.0,45950.0,Call,-,-,-,-,760.0,-,-,0,0,0,0,625,-,635,453
TXO,202607F4,20260724.0,45950.0,Put,-,-,-,-,1100.0,-,-,0,0,0,0,840,-,-,-
TXO,202607F4,20260724.0,46000.0,Call,670,820,670,790,735.0,▼-45,▼-5.39%,0,6,6,2,575,-,820,393
TXO,202607F4,20260724.0,46000.0,Put,-,-,-,-,1130.0,-,-,0,0,0,4,2.1,1290,1040,1030
TXO,202607F4,20260724.0,46050.0,Call,-,-,-,-,715.0,-,-,0,0,0,1,550,810,1000,1000
TXO,202607F4,20260724.0,46050.0,Put,-,-,-,-,1160.0,-,-,0,0,0,0,975,-,-,-
TXO,202607F4,20260724.0,46100.0,Call,-,-,-,-,695.0,-,-,0,0,0,0,575,-,-,-
TXO,202607F4,20260724.0,46100.0,Put,-,-,-,-,1190.0,-,-,0,0,0,0,985,-,-,-
TXO,202607F4,20260724.0,46150.0,Call,-,-,-,-,675.0,-,-,0,0,0,0,555,-,-,-
TXO,202607F4,20260724.0,46150.0,Put,-,-,-,-,1220.0,-,-,0,0,0,0,1030,-,-,-
TXO,202607F4,20260724.0,46200.0,Call,690,690,690,690,650.0,▼-55,▼-7.38%,0,1,1,0,510,-,690,420
TXO,202607F4,20260724.0,46200.0,Put,-,-,-,-,1250.0,-,-,0,0,0,0,1090,-,1400,1400
TXO,202607F4,20260724.0,46250.0,Call,-,-,-,-,630.0,-,-,0,0,0,0,515,-,-,-
TXO,202607F4,20260724.0,46250.0,Put,-,-,-,-,1270.0,-,-,0,0,0,0,1120,-,-,-
TXO,202607F4,20260724.0,46300.0,Call,495,575,495,575,610.0,▼-130,▼-18.44%,0,8,8,5,500,-,900,495
TXO,202607F4,20260724.0,46300.0,Put,-,-,-,-,1310.0,-,-,0,0,0,0,1180,-,1570,1470
TXO,202607F4,20260724.0,46350.0,Call,-,-,-,-,595.0,-,-,0,0,0,0,485,-,-,-
TXO,202607F4,20260724.0,46350.0,Put,-,-,-,-,1340.0,-,-,0,0,0,0,-,1410,-,-
TXO,202607F4,20260724.0,46400.0,Call,475,585,475,570,570.0,▼-90,▼-13.64%,0,3,3,3,466,645,1010,253
TXO,202607F4,20260724.0,46400.0,Put,-,-,-,-,1370.0,-,-,0,0,0,0,1130,-,-,-
TXO,202607F4,20260724.0,46450.0,Call,-,-,-,-,555.0,-,-,6,0,6,0,441,-,630,386
TXO,202607F4,20260724.0,46450.0,Put,-,-,-,-,1400.0,-,-,0,0,0,0,-,-,-,-
TXO,202607F4,20260724.0,46500.0,Call,438,497,438,475,540.0,▼-140,▼-22.76%,0,14,14,0,425,-,640,320
TXO,202607F4,20260724.0,46500.0,Put,-,-,-,-,1430.0,-,-,0,0,0,2,-,1590,1450,1450
TXO,202607F4,20260724.0,46550.0,Call,-,-,-,-,520.0,-,-,0,0,0,0,334,-,-,-
TXO,202607F4,20260724.0,46550.0,Put,-,-,-,-,1460.0,-,-,0,0,0,0,-,-,-,-
TXO,202607F4,20260724.0,46600.0,Call,-,-,-,-,505.0,-,-,0,0,0,0,279,-,-,-
TXO,202607F4,20260724.0,46600.0,Put,-,-,-,-,1500.0,-,-,0,0,0,0,-,-,-,-
TXO,202607F4,20260724.0,46650.0,Call,-,-,-,-,489.0,-,-,0,0,0,0,299,-,-,-
TXO,202607F4,20260724.0,46650.0,Put,-,-,-,-,1530.0,-,-,0,0,0,0,-,-,-,-
TXO,202607F4,20260724.0,46700.0,Call,-,-,-,-,473.0,-,-,3,0,3,2,240,-,465,355
TXO,202607F4,20260724.0,46700.0,Put,1480,1480,1480,1480,1570.0,▲+20,▲+1.37%,0,1,1,1,1470,-,1480,1480
TXO,202607F4,20260724.0,46750.0,Call,-,-,-,-,458.0,-,-,0,0,0,0,229,-,-,-
TXO,202607F4,20260724.0,46750.0,Put,-,-,-,-,1600.0,-,-,0,0,0,0,-,-,-,-
TXO,202607F4,20260724.0,46800.0,Call,352,450,350,394,443.0,▼-105,▼-21.04%,3,6,9,5,234,-,580,192
TXO,202607F4,20260724.0,46800.0,Put,-,-,-,-,1640.0,-,-,0,0,0,0,-,-,-,-
TXO,202607F4,20260724.0,46850.0,Call,-,-,-,-,428.0,-,-,0,0,0,0,69,-,-,-
TXO,202607F4,20260724.0,46850.0,Put,-,-,-,-,1670.0,-,-,0,0,0,0,-,-,-,-
TXO,202607F4,20260724.0,46900.0,Call,-,-,-,-,404.0,-,-,0,0,0,1,212,-,280,280
TXO,202607F4,20260724.0,46900.0,Put,-,-,-,-,1700.0,-,-,0,0,0,0,-,-,-,-
TXO,202607F4,20260724.0,46950.0,Call,-,-,-,-,389.0,-,-,0,0,0,0,246,-,-,-
TXO,202607F4,20260724.0,46950.0,Put,-,-,-,-,1730.0,-,-,0,0,0,0,-,-,-,-
TXO,202607F4,20260724.0,47000.0,Call,-,-,-,-,375.0,-,-,1,0,1,4,185,900,590,150
TXO,202607F4,20260724.0,47000.0,Put,-,-,-,-,1770.0,-,-,4,0,4,0,-,-,2580,1590
TXO,202607F4,20260724.0,47100.0,Call,-,-,-,-,350.0,-,-,1,0,1,6,227,-,510,222
TXO,202607F4,20260724.0,47100.0,Put,-,-,-,-,1840.0,-,-,0,0,0,0,-,-,-,-
TXO,202607F4,20260724.0,47200.0,Call,-,-,-,-,325.0,-,-,4,0,4,10,209,-,415,188
TXO,202607F4,20260724.0,47200.0,Put,-,-,-,-,1920.0,-,-,0,0,0,0,-,-,-,-
TXO,202607F4,20260724.0,47300.0,Call,-,-,-,-,300.0,-,-,0,0,0,0,189,-,162,138
TXO,202607F4,20260724.0,47300.0,Put,-,-,-,-,1990.0,-,-,0,0,0,0,-,-,-,-
TXO,202607F4,20260724.0,47400.0,Call,-,-,-,-,278.0,-,-,0,0,0,0,170,-,277,156
TXO,202607F4,20260724.0,47400.0,Put,-,-,-,-,2070.0,-,-,0,0,0,0,-,-,-,-
TXO,202607F4,20260724.0,47500.0,Call,205,205,205,205,256.0,▼-93,▼-31.21%,2,1,3,8,205,346,390,105
TXO,202607F4,20260724.0,47500.0,Put,-,-,-,-,2150.0,-,-,0,0,0,0,-,-,-,-
TXO,202607F4,20260724.0,47600.0,Call,-,-,-,-,236.0,-,-,0,0,0,18,106,333,380,100
TXO,202607F4,20260724.0,47600.0,Put,-,-,-,-,2230.0,-,-,0,0,0,0,-,-,-,-
TXO,202607F4,20260724.0,47700.0,Call,205,205,205,205,205.0,▼-48,▼-18.97%,0,1,1,1,115,300,205,205
TXO,202607F4,20260724.0,47700.0,Put,-,-,-,-,2310.0,-,-,0,0,0,0,-,-,-,-
TXO,202607F4,20260724.0,47800.0,Call,165,200,165,200,200.0,▼-14,▼-6.54%,1,5,6,3,100,190,289,118
TXO,202607F4,20260724.0,47800.0,Put,-,-,-,-,2390.0,-,-,0,0,0,0,-,-,-,-
TXO,202607F4,20260724.0,47900.0,Call,155,160,155,160,183.0,▼-48,▼-23.08%,0,6,6,10,85,-,264,79
TXO,202607F4,20260724.0,47900.0,Put,-,-,-,-,2480.0,-,-,0,0,0,0,-,-,-,-
TXO,202607F4,20260724.0,48000.0,Call,138,185,134,170,170.0,▼-32,▼-15.84%,3,5,8,6,76,306,291,76
TXO,202607F4,20260724.0,48000.0,Put,-,-,-,-,2560.0,-,-,0,0,0,0,-,-,-,-
TXO,202607F4,20260724.0,48100.0,Call,133,166,133,166,166.0,▼-16,▼-8.79%,3,4,7,9,27.5,301,184,85
TXO,202607F4,20260724.0,48100.0,Put,-,-,-,-,2650.0,-,-,0,0,0,0,-,-,-,-
TXO,202607F4,20260724.0,48200.0,Call,-,-,-,-,141.0,-,-,0,0,0,10,10.5,250,208,62
TXO,202607F4,20260724.0,48200.0,Put,-,-,-,-,2730.0,-,-,0,0,0,0,-,-,-,-
TXO,202607F4,20260724.0,48300.0,Call,116,116,116,116,116.0,▼-35,▼-23.18%,0,1,1,14,2.2,242,180,56
TXO,202607F4,20260724.0,48300.0,Put,-,-,-,-,2820.0,-,-,0,0,0,0,-,-,-,-
TXO,202607F4,20260724.0,48400.0,Call,118,118,118,118,112.0,▼-21,▼-15.11%,1,2,3,8,2.3,232,270,52
TXO,202607F4,20260724.0,48400.0,Put,-,-,-,-,2910.0,-,-,0,0,0,0,-,-,-,-
TXO,202607F4,20260724.0,48500.0,Call,93,106,93,106,106.0,▼-21,▼-16.54%,6,7,13,24,1.4,224,169,45
TXO,202607F4,20260724.0,48500.0,Put,-,-,-,-,3000.0,-,-,0,0,0,0,-,-,-,-
TXO,202607F4,20260724.0,48600.0,Call,76,116,71,95,95.0,▼-21,▼-18.10%,0,13,13,19,6.8,216,116,41
TXO,202607F4,20260724.0,48600.0,Put,-,-,-,-,3090.0,-,-,0,0,0,0,-,-,-,-
TXO,202607F4,20260724.0,48700.0,Call,65,69,65,69,86.0,▼-37,▼-34.91%,0,4,4,18,2.6,207,69,36
TXO,202607F4,20260724.0,48700.0,Put,-,-,-,-,3180.0,-,-,0,0,0,0,-,-,-,-
TXO,202607F4,20260724.0,48800.0,Call,80,80,80,80,80.0,▼-15,▼-15.79%,2,1,3,14,3,202,89,35
TXO,202607F4,20260724.0,48800.0,Put,-,-,-,-,3270.0,-,-,0,0,0,0,-,-,-,-
TXO,202607F4,20260724.0,48900.0,Call,52,85,52,85,70.0,▲+1,▲+1.19%,3,6,9,14,1.3,157,114,32
TXO,202607F4,20260724.0,48900.0,Put,-,-,-,-,3360.0,-,-,0,0,0,0,-,-,-,-
TXO,202607F4,20260724.0,49000.0,Call,49,67,49,65,65.0,▼-14,▼-17.72%,2,8,10,16,26,152,168,30.5
TXO,202607F4,20260724.0,49000.0,Put,-,-,-,-,3460.0,-,-,0,0,0,0,-,-,-,-
TXO,202607F4,20260724.0,49100.0,Call,53,53,53,53,53.0,▼-19,▼-26.39%,0,3,3,4,1.3,143,101,44
TXO,202607F4,20260724.0,49100.0,Put,-,-,-,-,3550.0,-,-,0,0,0,0,-,-,-,-
TXO,202607F4,20260724.0,49200.0,Call,43.5,60,41,60,52.0,▼-6,▼-9.09%,3,5,8,4,1.3,146,60,38
TXO,202607F4,20260724.0,49200.0,Put,-,-,-,-,3640.0,-,-,0,0,0,0,-,-,-,-
TXO,202607F4,20260724.0,49300.0,Call,-,-,-,-,46.5,-,-,0,0,0,0,1.3,-,66,29
TXO,202607F4,20260724.0,49300.0,Put,-,-,-,-,3740.0,-,-,0,0,0,0,-,-,-,-
TXO,202607F4,20260724.0,49400.0,Call,45,47,42,47,41.5,▼-3,▼-6.00%,0,3,3,2,1.3,-,95,36
TXO,202607F4,20260724.0,49400.0,Put,-,-,-,-,3830.0,-,-,0,0,0,0,-,-,-,-
TXO,202607F4,20260724.0,49500.0,Call,33.5,47,33.5,37.5,37.5,▼-11.5,▼-23.47%,7,5,12,17,1.2,133,115,30
TXO,202607F4,20260724.0,49500.0,Put,-,-,-,-,3930.0,-,-,0,0,0,0,-,-,-,-
TXO,202607F4,20260724.0,49600.0,Call,-,-,-,-,35.0,-,-,0,0,0,22,1.2,-,33.5,28.5
TXO,202607F4,20260724.0,49600.0,Put,-,-,-,-,4030.0,-,-,0,0,0,0,-,-,-,-
TXO,202607F4,20260724.0,49700.0,Call,-,-,-,-,31.5,-,-,0,0,0,10,1.2,-,33,26.5
TXO,202607F4,20260724.0,49700.0,Put,-,-,-,-,4120.0,-,-,0,0,0,0,-,-,-,-
TXO,202607F4,20260724.0,49800.0,Call,-,-,-,-,28.5,-,-,2,0,2,4,0.4,-,33.5,24.5
TXO,202607F4,20260724.0,49800.0,Put,-,-,-,-,4220.0,-,-,0,0,0,0,-,-,-,-
TXO,202607F4,20260724.0,49900.0,Call,22,22,21.5,21.5,26.0,▼-13,▼-37.68%,0,7,7,20,3,-,76,17
TXO,202607F4,20260724.0,49900.0,Put,-,-,-,-,4320.0,-,-,0,0,0,0,-,-,-,-
TXO,202607F4,20260724.0,50000.0,Call,20,23,20,23,23.0,▼-8.5,▼-26.98%,19,10,29,21,12,-,37,15
TXO,202607F4,20260724.0,50000.0,Put,-,-,-,-,4420.0,-,-,0,0,0,0,-,-,-,-
TXO,202607F4,20260724.0,50100.0,Call,19.5,20,19.5,20,20.0,▼-8,▼-28.57%,0,2,2,1,6,-,20,19.5
TXO,202607F4,20260724.0,50100.0,Put,-,-,-,-,4510.0,-,-,0,0,0,0,-,-,-,-
TXO,202607F4,20260724.0,50200.0,Call,18,19.5,14.5,17.5,17.5,0,0%,0,45,45,45,6,18.5,19.5,14.5
TXO,202607F4,20260724.0,50200.0,Put,-,-,-,-,4610.0,-,-,0,0,0,0,-,-,-,-
TXO,202607W5,20260729.0,40200.0,Call,-,-,-,-,5390.0,-,-,0,0,0,0,-,-,-,-
TXO,202607W5,20260729.0,40200.0,Put,70,71,37,49.5,49.5,▼-20.5,▼-29.29%,14,16,30,59,36,55,127,37
TXO,202607W5,20260729.0,40300.0,Call,-,-,-,-,5290.0,-,-,0,0,0,0,-,-,-,-
TXO,202607W5,20260729.0,40300.0,Put,-,-,-,-,52.0,-,-,5,0,5,36,6.1,145,124,71
TXO,202607W5,20260729.0,40400.0,Call,-,-,-,-,5200.0,-,-,0,0,0,0,-,-,-,-
TXO,202607W5,20260729.0,40400.0,Put,69,69,69,69,55.0,▼-5,▼-6.76%,2,1,3,22,8.1,148,135,69
TXO,202607W5,20260729.0,40500.0,Call,-,-,-,-,5100.0,-,-,0,0,0,0,5080,-,-,-
TXO,202607W5,20260729.0,40500.0,Put,121,121,121,121,58.0,▲+43,▲+55.13%,2,1,3,15,10.5,158,121,100
TXO,202607W5,20260729.0,40600.0,Call,-,-,-,-,5000.0,-,-,0,0,0,0,4980,-,-,-
TXO,202607W5,20260729.0,40600.0,Put,-,-,-,-,62.0,-,-,0,0,0,7,9.5,171,111,105
TXO,202607W5,20260729.0,40700.0,Call,-,-,-,-,4910.0,-,-,0,0,0,0,-,-,-,-
TXO,202607W5,20260729.0,40700.0,Put,-,-,-,-,67.0,-,-,6,0,6,11,4.1,182,114,75
TXO,202607W5,20260729.0,40800.0,Call,-,-,-,-,4810.0,-,-,0,0,0,0,-,-,-,-
TXO,202607W5,20260729.0,40800.0,Put,52,73,52,73,73.0,▼-22,▼-23.16%,17,8,25,27,2.5,80,150,52
TXO,202607W5,20260729.0,40900.0,Call,-,-,-,-,4720.0,-,-,0,0,0,0,-,-,-,-
TXO,202607W5,20260729.0,40900.0,Put,131,131,67,67,77.0,▼-30,▼-30.93%,1,6,7,7,1.8,217,131,67
TXO,202607W5,20260729.0,41000.0,Call,-,-,-,-,4620.0,-,-,0,0,0,0,-,-,-,-
TXO,202607W5,20260729.0,41000.0,Put,150,153,65,75,82.0,▼-23,▼-23.47%,5,5,10,9,49,295,153,65
TXO,202607W5,20260729.0,41100.0,Call,-,-,-,-,4530.0,-,-,0,0,0,0,4520,-,-,-
TXO,202607W5,20260729.0,41100.0,Put,152,152,90,90,90.0,▼-16,▼-15.09%,4,3,7,4,20.5,162,189,90
TXO,202607W5,20260729.0,41200.0,Call,-,-,-,-,4440.0,-,-,0,0,0,0,-,-,-,-
TXO,202607W5,20260729.0,41200.0,Put,201,201,84,84,94.0,▼-36,▼-30.00%,7,7,14,10,9.9,221,201,84
TXO,202607W5,20260729.0,41300.0,Call,-,-,-,-,4340.0,-,-,0,0,0,0,-,-,-,-
TXO,202607W5,20260729.0,41300.0,Put,-,-,-,-,102.0,-,-,0,0,0,0,2.9,-,-,-
TXO,202607W5,20260729.0,41400.0,Call,-,-,-,-,4250.0,-,-,0,0,0,0,-,-,-,-
TXO,202607W5,20260729.0,41400.0,Put,-,-,-,-,108.0,-,-,0,0,0,1,1.1,201,230,140
TXO,202607W5,20260729.0,41500.0,Call,-,-,-,-,4160.0,-,-,0,0,0,0,-,-,-,-
TXO,202607W5,20260729.0,41500.0,Put,105,105,99,100,117.0,▼-35,▼-25.93%,7,4,11,8,85,800,205,99
TXO,202607W5,20260729.0,41600.0,Call,-,-,-,-,4070.0,-,-,0,0,0,0,-,-,-,-
TXO,202607W5,20260729.0,41600.0,Put,205,205,110,110,125.0,▼-33,▼-23.08%,0,2,2,7,52,238,240,110
TXO,202607W5,20260729.0,41700.0,Call,-,-,-,-,3970.0,-,-,0,0,0,0,-,-,-,-
TXO,202607W5,20260729.0,41700.0,Put,-,-,-,-,133.0,-,-,0,0,0,0,1.3,-,206,168
TXO,202607W5,20260729.0,41800.0,Call,-,-,-,-,3880.0,-,-,0,0,0,0,-,-,-,-
TXO,202607W5,20260729.0,41800.0,Put,264,264,264,264,143.0,▲+108,▲+69.23%,0,2,2,3,31.5,272,264,214
TXO,202607W5,20260729.0,41900.0,Call,-,-,-,-,3790.0,-,-,0,0,0,0,-,-,-,-
TXO,202607W5,20260729.0,41900.0,Put,131,131,131,131,153.0,▼-29,▼-18.13%,1,1,2,4,38.5,268,286,131
TXO,202607W5,20260729.0,42000.0,Call,-,-,-,-,3710.0,-,-,0,0,0,0,-,-,-,-
TXO,202607W5,20260729.0,42000.0,Put,247,300,125,148,164.0,▼-21,▼-12.43%,14,13,27,14,111,297,300,125
TXO,202607W5,20260729.0,42100.0,Call,-,-,-,-,3620.0,-,-,0,0,0,0,-,-,-,-
TXO,202607W5,20260729.0,42100.0,Put,-,-,-,-,174.0,-,-,2,0,2,4,8.4,292,245,161
TXO,202607W5,20260729.0,42200.0,Call,-,-,-,-,3530.0,-,-,0,0,0,0,-,-,-,-
TXO,202607W5,20260729.0,42200.0,Put,344,344,344,344,187.0,▲+144,▲+72.00%,1,2,3,3,42,277,344,177
TXO,202607W5,20260729.0,42300.0,Call,-,-,-,-,3440.0,-,-,0,0,0,0,-,-,-,-
TXO,202607W5,20260729.0,42300.0,Put,-,-,-,-,199.0,-,-,0,0,0,1,42,286,270,270
TXO,202607W5,20260729.0,42400.0,Call,-,-,-,-,3350.0,-,-,0,0,0,0,3350,-,-,-
TXO,202607W5,20260729.0,42400.0,Put,173,173,173,173,213.0,▼-51,▼-22.77%,0,5,5,0,58,-,210,173
TXO,202607W5,20260729.0,42500.0,Call,-,-,-,-,3270.0,-,-,0,0,0,0,11,-,-,-
TXO,202607W5,20260729.0,42500.0,Put,300,300,179,179,227.0,▼-50,▼-21.83%,45,5,50,41,71,352,389,179
TXO,202607W5,20260729.0,42600.0,Call,-,-,-,-,3180.0,-,-,0,0,0,0,-,-,-,-
TXO,202607W5,20260729.0,42600.0,Put,340,340,205,205,241.0,▼-45,▼-18.00%,1,3,4,0,90,-,340,205
TXO,202607W5,20260729.0,42700.0,Call,-,-,-,-,3100.0,-,-,0,0,0,0,-,-,-,-
TXO,202607W5,20260729.0,42700.0,Put,432,432,432,432,257.0,▲+172,▲+66.15%,36,2,38,30,105,355,432,260
TXO,202607W5,20260729.0,42800.0,Call,-,-,-,-,3010.0,-,-,0,0,0,0,-,-,-,-
TXO,202607W5,20260729.0,42800.0,Put,-,-,-,-,270.0,-,-,0,0,0,0,189,-,-,-
TXO,202607W5,20260729.0,42900.0,Call,-,-,-,-,2930.0,-,-,0,0,0,0,2930,-,-,-
TXO,202607W5,20260729.0,42900.0,Put,260,260,260,260,288.0,▼-45,▼-14.75%,0,1,1,0,206,-,305,260
TXO,202607W5,20260729.0,43000.0,Call,-,-,-,-,2850.0,-,-,0,0,0,0,-,-,-,-
TXO,202607W5,20260729.0,43000.0,Put,420,450,255,310,310.0,▼-10,▼-3.13%,42,10,52,31,155,414,505,255
TXO,202607W5,20260729.0,43100.0,Call,-,-,-,-,2770.0,-,-,0,0,0,0,-,-,-,-
TXO,202607W5,20260729.0,43100.0,Put,282,282,280,280,326.0,▼-49,▼-14.89%,11,4,15,3,181,450,525,280
TXO,202607W5,20260729.0,43200.0,Call,-,-,-,-,2690.0,-,-,0,0,0,0,-,-,-,-
TXO,202607W5,20260729.0,43200.0,Put,321,321,321,321,347.0,▼-25,▼-7.23%,2,1,3,3,264,-,500,321
TXO,202607W5,20260729.0,43300.0,Call,-,-,-,-,2610.0,-,-,0,0,0,0,-,-,-,-
TXO,202607W5,20260729.0,43300.0,Put,338,338,338,338,369.0,▼-24,▼-6.63%,2,30,32,32,287,474,515,338
TXO,202607W5,20260729.0,43400.0,Call,-,-,-,-,2530.0,-,-,0,0,0,0,-,-,-,-
TXO,202607W5,20260729.0,43400.0,Put,-,-,-,-,392.0,-,-,0,0,0,1,281,485,400,400
TXO,202607W5,20260729.0,43450.0,Call,-,-,-,-,2500.0,-,-,0,0,0,0,-,-,-,-
TXO,202607W5,20260729.0,43450.0,Put,-,-,-,-,404.0,-,-,0,0,0,0,306,-,-,-
TXO,202607W5,20260729.0,43500.0,Call,-,-,-,-,2460.0,-,-,0,0,0,0,-,-,-,-
TXO,202607W5,20260729.0,43500.0,Put,545,545,378,390,417.0,▼-16,▼-3.94%,1,5,6,17,299,1000,545,378
TXO,202607W5,20260729.0,43550.0,Call,-,-,-,-,2420.0,-,-,0,0,0,0,-,-,-,-
TXO,202607W5,20260729.0,43550.0,Put,-,-,-,-,429.0,-,-,0,0,0,0,279,-,-,-
TXO,202607W5,20260729.0,43600.0,Call,-,-,-,-,2380.0,-,-,0,0,0,0,-,-,-,-
TXO,202607W5,20260729.0,43600.0,Put,-,-,-,-,442.0,-,-,0,0,0,2,321,-,510,485
TXO,202607W5,20260729.0,43650.0,Call,-,-,-,-,2350.0,-,-,0,0,0,0,-,-,-,-
TXO,202607W5,20260729.0,43650.0,Put,-,-,-,-,455.0,-,-,0,0,0,0,355,-,-,-
TXO,202607W5,20260729.0,43700.0,Call,-,-,-,-,2310.0,-,-,0,0,0,0,2010,-,-,-
TXO,202607W5,20260729.0,43700.0,Put,-,-,-,-,468.0,-,-,0,0,0,0,338,-,-,-
TXO,202607W5,20260729.0,43750.0,Call,-,-,-,-,2280.0,-,-,0,0,0,0,1970,-,-,-
TXO,202607W5,20260729.0,43750.0,Put,-,-,-,-,482.0,-,-,0,0,0,0,348,-,-,-
TXO,202607W5,20260729.0,43800.0,Call,-,-,-,-,2240.0,-,-,0,0,0,0,-,-,-,-
TXO,202607W5,20260729.0,43800.0,Put,-,-,-,-,496.0,-,-,0,0,0,0,379,-,-,-
TXO,202607W5,20260729.0,43850.0,Call,-,-,-,-,2200.0,-,-,0,0,0,0,-,-,-,-
TXO,202607W5,20260729.0,43850.0,Put,-,-,-,-,510.0,-,-,0,0,0,0,392,-,-,-
TXO,202607W5,20260729.0,43900.0,Call,-,-,-,-,2170.0,-,-,0,0,0,0,-,-,-,-
TXO,202607W5,20260729.0,43900.0,Put,-,-,-,-,525.0,-,-,2,0,2,1,382,615,670,462
TXO,202607W5,20260729.0,43950.0,Call,-,-,-,-,2130.0,-,-,0,0,0,0,-,-,-,-
TXO,202607W5,20260729.0,43950.0,Put,-,-,-,-,540.0,-,-,0,0,0,0,418,-,-,-
TXO,202607W5,20260729.0,44000.0,Call,2360,2360,2360,2360,2100.0,▲+20,▲+0.85%,1,1,2,0,2080,-,2360,1900
TXO,202607W5,20260729.0,44000.0,Put,700,730,433,565,565.0,▲+35,▲+6.60%,2,6,8,5,461,-,730,433
TXO,202607W5,20260729.0,44050.0,Call,-,-,-,-,2060.0,-,-,0,0,0,0,-,-,-,-
TXO,202607W5,20260729.0,44050.0,Put,-,-,-,-,570.0,-,-,0,0,0,0,416,-,-,-
TXO,202607W5,20260729.0,44100.0,Call,-,-,-,-,2030.0,-,-,0,0,0,0,-,-,-,-
TXO,202607W5,20260729.0,44100.0,Put,-,-,-,-,585.0,-,-,1,0,1,1,429,-,487,487
TXO,202607W5,20260729.0,44150.0,Call,-,-,-,-,2000.0,-,-,0,0,0,0,-,2320,-,-
TXO,202607W5,20260729.0,44150.0,Put,-,-,-,-,600.0,-,-,0,0,0,0,458,-,-,-
TXO,202607W5,20260729.0,44200.0,Call,-,-,-,-,1960.0,-,-,0,0,0,0,-,-,-,-
TXO,202607W5,20260729.0,44200.0,Put,-,-,-,-,620.0,-,-,0,0,0,0,460,-,-,-
TXO,202607W5,20260729.0,44250.0,Call,-,-,-,-,1930.0,-,-,0,0,0,0,-,2250,-,-
TXO,202607W5,20260729.0,44250.0,Put,-,-,-,-,635.0,-,-,0,0,0,1,515,-,625,625
TXO,202607W5,20260729.0,44300.0,Call,-,-,-,-,1900.0,-,-,0,0,0,0,-,2180,-,-
TXO,202607W5,20260729.0,44300.0,Put,565,565,565,565,655.0,▼-45,▼-7.38%,0,1,1,1,515,750,720,565
TXO,202607W5,20260729.0,44350.0,Call,-,-,-,-,1860.0,-,-,0,0,0,0,-,2120,-,-
TXO,202607W5,20260729.0,44350.0,Put,-,-,-,-,670.0,-,-,2,0,2,0,515,-,655,605
TXO,202607W5,20260729.0,44400.0,Call,-,-,-,-,1830.0,-,-,0,0,0,0,-,2100,-,-
TXO,202607W5,20260729.0,44400.0,Put,-,-,-,-,690.0,-,-,2,0,2,0,540,-,650,615
TXO,202607W5,20260729.0,44450.0,Call,-,-,-,-,1800.0,-,-,0,0,0,0,-,2070,-,-
TXO,202607W5,20260729.0,44450.0,Put,-,-,-,-,705.0,-,-,0,0,0,0,555,-,-,-
TXO,202607W5,20260729.0,44500.0,Call,-,-,-,-,1770.0,-,-,0,0,0,0,-,2160,-,-
TXO,202607W5,20260729.0,44500.0,Put,-,-,-,-,725.0,-,-,1,0,1,15,550,-,655,605
TXO,202607W5,20260729.0,44550.0,Call,-,-,-,-,1740.0,-,-,0,0,0,0,-,2050,-,-
TXO,202607W5,20260729.0,44550.0,Put,-,-,-,-,740.0,-,-,0,0,0,0,565,-,-,-
TXO,202607W5,20260729.0,44600.0,Call,-,-,-,-,1700.0,-,-,0,0,0,0,1580,-,-,-
TXO,202607W5,20260729.0,44600.0,Put,-,-,-,-,760.0,-,-,0,0,0,0,595,-,-,-
TXO,202607W5,20260729.0,44650.0,Call,-,-,-,-,1670.0,-,-,0,0,0,0,-,-,-,-
TXO,202607W5,20260729.0,44650.0,Put,-,-,-,-,780.0,-,-,0,0,0,0,630,-,-,-
TXO,202607W5,20260729.0,44700.0,Call,-,-,-,-,1640.0,-,-,0,0,0,0,-,-,-,-
TXO,202607W5,20260729.0,44700.0,Put,-,-,-,-,800.0,-,-,0,0,0,1,620,885,750,750
TXO,202607W5,20260729.0,44750.0,Call,-,-,-,-,1610.0,-,-,0,0,0,0,-,1920,-,-
TXO,202607W5,20260729.0,44750.0,Put,-,-,-,-,820.0,-,-,0,0,0,0,660,-,-,-
TXO,202607W5,20260729.0,44800.0,Call,-,-,-,-,1580.0,-,-,0,0,0,0,-,1890,-,-
TXO,202607W5,20260729.0,44800.0,Put,-,-,-,-,840.0,-,-,0,0,0,0,2.1,-,-,-
TXO,202607W5,20260729.0,44850.0,Call,-,-,-,-,1550.0,-,-,0,0,0,0,-,1860,-,-
TXO,202607W5,20260729.0,44850.0,Put,-,-,-,-,860.0,-,-,0,0,0,0,2.1,-,-,-
TXO,202607W5,20260729.0,44900.0,Call,-,-,-,-,1530.0,-,-,0,0,0,0,-,-,-,-
TXO,202607W5,20260729.0,44900.0,Put,-,-,-,-,880.0,-,-,0,0,0,0,2.1,-,-,-
TXO,202607W5,20260729.0,44950.0,Call,-,-,-,-,1500.0,-,-,0,0,0,0,-,-,-,-
TXO,202607W5,20260729.0,44950.0,Put,-,-,-,-,905.0,-,-,1,0,1,2,2.1,970,1050,820
TXO,202607W5,20260729.0,45000.0,Call,-,-,-,-,1470.0,-,-,0,0,0,0,-,-,-,-
TXO,202607W5,20260729.0,45000.0,Put,730,780,730,780,925.0,▼-55,▼-6.59%,1,4,5,3,745,-,1050,730
TXO,202607W5,20260729.0,45050.0,Call,-,-,-,-,1440.0,-,-,2,0,2,0,1390,-,1380,1380
TXO,202607W5,20260729.0,45050.0,Put,920,920,920,920,945.0,▲+65,▲+7.60%,2,1,3,1,2.1,1020,1060,920
TXO,202607W5,20260729.0,45100.0,Call,-,-,-,-,1410.0,-,-,0,0,0,0,-,1710,-,-
TXO,202607W5,20260729.0,45100.0,Put,-,-,-,-,970.0,-,-,0,0,0,0,2.1,-,-,-
TXO,202607W5,20260729.0,45150.0,Call,-,-,-,-,1390.0,-,-,0,0,0,0,-,-,-,-
TXO,202607W5,20260729.0,45150.0,Put,-,-,-,-,990.0,-,-,0,0,0,0,2.1,-,-,-
TXO,202607W5,20260729.0,45200.0,Call,1310,1310,1310,1310,1360.0,▼-210,▼-13.82%,0,1,1,1,1220,1640,1310,1310
TXO,202607W5,20260729.0,45200.0,Put,-,-,-,-,1010.0,-,-,0,0,0,0,2.1,-,-,-
TXO,202607W5,20260729.0,45250.0,Call,-,-,-,-,1330.0,-,-,0,0,0,0,-,-,-,-
TXO,202607W5,20260729.0,45250.0,Put,-,-,-,-,1040.0,-,-,0,0,0,0,2.1,-,-,-
TXO,202607W5,20260729.0,45300.0,Call,-,-,-,-,1310.0,-,-,0,0,0,0,1250,-,-,-
TXO,202607W5,20260729.0,45300.0,Put,-,-,-,-,1060.0,-,-,0,0,0,0,2.1,-,-,-
TXO,202607W5,20260729.0,45350.0,Call,-,-,-,-,1280.0,-,-,0,0,0,0,-,-,-,-
TXO,202607W5,20260729.0,45350.0,Put,-,-,-,-,1090.0,-,-,1,0,1,1,900,-,1020,1020
TXO,202607W5,20260729.0,45400.0,Call,-,-,-,-,1250.0,-,-,0,0,0,0,-,-,-,-
TXO,202607W5,20260729.0,45400.0,Put,1160,1160,1160,1160,1110.0,▲+170,▲+17.17%,1,2,3,2,910,-,1160,920
TXO,202607W5,20260729.0,45450.0,Call,-,-,-,-,1230.0,-,-,0,0,0,0,-,-,-,-
TXO,202607W5,20260729.0,45450.0,Put,-,-,-,-,1130.0,-,-,1,0,1,1,2.1,1200,1040,1040
TXO,202607W5,20260729.0,45500.0,Call,-,-,-,-,1200.0,-,-,0,0,0,0,-,-,-,-
TXO,202607W5,20260729.0,45500.0,Put,-,-,-,-,1160.0,-,-,1,0,1,1,945,-,1110,1110
TXO,202607W5,20260729.0,45550.0,Call,-,-,-,-,1180.0,-,-,0,0,0,0,-,-,-,-
TXO,202607W5,20260729.0,45550.0,Put,-,-,-,-,1180.0,-,-,0,0,0,0,2.1,-,-,-
TXO,202607W5,20260729.0,45600.0,Call,-,-,-,-,1150.0,-,-,0,0,0,0,-,-,-,-
TXO,202607W5,20260729.0,45600.0,Put,-,-,-,-,1210.0,-,-,42,0,42,35,1060,-,1230,1060
TXO,202607W5,20260729.0,45650.0,Call,1110,1110,1110,1110,1110.0,▼-140,▼-11.20%,0,1,1,1,8,-,1250,1110
TXO,202607W5,20260729.0,45650.0,Put,1140,1140,1140,1140,1230.0,▲+40,▲+3.64%,0,1,1,1,2.1,1290,1140,1140
TXO,202607W5,20260729.0,45700.0,Call,-,-,-,-,1100.0,-,-,0,0,0,0,-,-,-,-
TXO,202607W5,20260729.0,45700.0,Put,-,-,-,-,1260.0,-,-,0,0,0,0,2.1,-,-,-
TXO,202607W5,20260729.0,45750.0,Call,-,-,-,-,1070.0,-,-,0,0,0,2,2.1,1190,1020,1020
TXO,202607W5,20260729.0,45750.0,Put,-,-,-,-,1280.0,-,-,0,0,0,1,2.1,1340,1080,1080
TXO,202607W5,20260729.0,45800.0,Call,1130,1130,1130,1130,1050.0,▼-20,▼-1.74%,0,1,1,1,2.1,-,1130,1100
TXO,202607W5,20260729.0,45800.0,Put,-,-,-,-,1300.0,-,-,0,0,0,0,2.1,-,-,-
TXO,202607W5,20260729.0,45850.0,Call,-,-,-,-,1020.0,-,-,0,0,0,0,2.1,-,-,-
TXO,202607W5,20260729.0,45850.0,Put,-,-,-,-,1330.0,-,-,0,0,0,0,2.1,-,-,-
TXO,202607W5,20260729.0,45900.0,Call,-,-,-,-,1000.0,-,-,0,0,0,0,7,-,-,-
TXO,202607W5,20260729.0,45900.0,Put,-,-,-,-,1360.0,-,-,0,0,0,2,1180,1330,1300,1290
TXO,202607W5,20260729.0,45950.0,Call,-,-,-,-,975.0,-,-,0,0,0,0,2.1,-,-,-
TXO,202607W5,20260729.0,45950.0,Put,-,-,-,-,1380.0,-,-,0,0,0,0,2.1,-,-,-
TXO,202607W5,20260729.0,46000.0,Call,-,-,-,-,950.0,-,-,0,0,0,1,2.1,1050,970,970
TXO,202607W5,20260729.0,46000.0,Put,1230,1230,1230,1230,1410.0,▲+40,▲+3.36%,0,9,9,9,1230,1660,1230,1230
TXO,202607W5,20260729.0,46050.0,Call,-,-,-,-,925.0,-,-,0,0,0,0,2.1,-,-,-
TXO,202607W5,20260729.0,46050.0,Put,-,-,-,-,1430.0,-,-,0,0,0,0,-,-,-,-
TXO,202607W5,20260729.0,46100.0,Call,-,-,-,-,905.0,-,-,0,0,0,0,2.1,-,-,-
TXO,202607W5,20260729.0,46100.0,Put,-,-,-,-,1440.0,-,-,0,0,0,0,1190,1440,-,-
TXO,202607W5,20260729.0,46150.0,Call,-,-,-,-,885.0,-,-,0,0,0,0,2.1,-,-,-
TXO,202607W5,20260729.0,46150.0,Put,-,-,-,-,1490.0,-,-,0,0,0,0,-,-,-,-
TXO,202607W5,20260729.0,46200.0,Call,-,-,-,-,865.0,-,-,0,0,0,0,2.1,-,-,-
TXO,202607W5,20260729.0,46200.0,Put,-,-,-,-,1520.0,-,-,0,0,0,0,-,-,-,-
TXO,202607W5,20260729.0,46250.0,Call,-,-,-,-,840.0,-,-,0,0,0,0,2.1,-,-,-
TXO,202607W5,20260729.0,46250.0,Put,-,-,-,-,1540.0,-,-,0,0,0,0,-,-,-,-
TXO,202607W5,20260729.0,46300.0,Call,-,-,-,-,815.0,-,-,0,0,0,0,675,-,-,-
TXO,202607W5,20260729.0,46300.0,Put,-,-,-,-,1570.0,-,-,0,0,0,0,-,-,-,-
TXO,202607W5,20260729.0,46350.0,Call,-,-,-,-,795.0,-,-,0,0,0,0,650,-,-,-
TXO,202607W5,20260729.0,46350.0,Put,-,-,-,-,1600.0,-,-,0,0,0,0,-,-,-,-
TXO,202607W5,20260729.0,46400.0,Call,845,850,845,850,775.0,▲+35,▲+4.29%,1,2,3,2,615,855,850,845
TXO,202607W5,20260729.0,46400.0,Put,-,-,-,-,1630.0,-,-,0,0,0,0,-,-,-,-
TXO,202607W5,20260729.0,46450.0,Call,-,-,-,-,755.0,-,-,0,0,0,0,610,-,-,-
TXO,202607W5,20260729.0,46450.0,Put,-,-,-,-,1660.0,-,-,0,0,0,0,-,-,-,-
TXO,202607W5,20260729.0,46500.0,Call,700,700,700,700,740.0,▼-70,▼-9.09%,0,1,1,26,625,-,795,700
TXO,202607W5,20260729.0,46500.0,Put,1480,1480,1440,1450,1690.0,▼-10,▼-0.68%,20,12,32,8,1490,-,1480,1410
TXO,202607W5,20260729.0,46550.0,Call,-,-,-,-,720.0,-,-,0,0,0,0,575,-,-,-
TXO,202607W5,20260729.0,46550.0,Put,-,-,-,-,1730.0,-,-,0,0,0,0,-,-,-,-
TXO,202607W5,20260729.0,46600.0,Call,-,-,-,-,705.0,-,-,0,0,0,0,326,-,-,-
TXO,202607W5,20260729.0,46600.0,Put,-,-,-,-,1760.0,-,-,0,0,0,0,-,-,-,-
TXO,202607W5,20260729.0,46650.0,Call,-,-,-,-,685.0,-,-,0,0,0,0,483,-,-,-
TXO,202607W5,20260729.0,46650.0,Put,-,-,-,-,1790.0,-,-,0,0,0,0,-,-,-,-
TXO,202607W5,20260729.0,46700.0,Call,-,-,-,-,665.0,-,-,1,0,1,1,415,900,620,620
TXO,202607W5,20260729.0,46700.0,Put,-,-,-,-,1820.0,-,-,0,0,0,0,-,-,-,-
TXO,202607W5,20260729.0,46750.0,Call,-,-,-,-,645.0,-,-,0,0,0,0,328,-,-,-
TXO,202607W5,20260729.0,46750.0,Put,-,-,-,-,1850.0,-,-,0,0,0,0,-,-,-,-
TXO,202607W5,20260729.0,46800.0,Call,535,660,535,660,625.0,0,0%,5,6,11,7,417,910,715,535
TXO,202607W5,20260729.0,46800.0,Put,-,-,-,-,1880.0,-,-,0,0,0,0,-,-,-,-
TXO,202607W5,20260729.0,46850.0,Call,-,-,-,-,605.0,-,-,0,0,0,0,368,-,-,-
TXO,202607W5,20260729.0,46850.0,Put,-,-,-,-,1910.0,-,-,0,0,0,0,-,-,-,-
TXO,202607W5,20260729.0,46900.0,Call,-,-,-,-,590.0,-,-,1,0,1,1,447,-,615,565
TXO,202607W5,20260729.0,46900.0,Put,-,-,-,-,1940.0,-,-,0,0,0,0,-,-,-,-
TXO,202607W5,20260729.0,46950.0,Call,-,-,-,-,575.0,-,-,0,0,0,0,317,-,-,-
TXO,202607W5,20260729.0,46950.0,Put,-,-,-,-,1980.0,-,-,0,0,0,0,-,-,-,-
TXO,202607W5,20260729.0,47000.0,Call,500,605,500,605,560.0,▲+15,▲+2.54%,4,2,6,27,420,-,645,496
TXO,202607W5,20260729.0,47000.0,Put,-,-,-,-,2010.0,-,-,0,0,0,2,-,2070,1760,1760
TXO,202607W5,20260729.0,47100.0,Call,-,-,-,-,525.0,-,-,4,0,4,5,377,-,625,409
TXO,202607W5,20260729.0,47100.0,Put,-,-,-,-,2080.0,-,-,0,0,0,0,-,-,-,-
TXO,202607W5,20260729.0,47200.0,Call,430,430,430,430,494.0,▼-90,▼-17.31%,1,1,2,1,343,-,540,430
TXO,202607W5,20260729.0,47200.0,Put,-,-,-,-,2150.0,-,-,0,0,0,0,-,-,-,-
TXO,202607W5,20260729.0,47300.0,Call,-,-,-,-,466.0,-,-,1,0,1,1,330,1520,510,510
TXO,202607W5,20260729.0,47300.0,Put,-,-,-,-,2220.0,-,-,0,0,0,0,-,-,-,-
TXO,202607W5,20260729.0,47400.0,Call,-,-,-,-,439.0,-,-,0,0,0,0,320,-,-,-
TXO,202607W5,20260729.0,47400.0,Put,-,-,-,-,2290.0,-,-,0,0,0,0,-,-,-,-
TXO,202607W5,20260729.0,47500.0,Call,-,-,-,-,413.0,-,-,2,0,2,27,275,-,458,416
TXO,202607W5,20260729.0,47500.0,Put,-,-,-,-,2370.0,-,-,0,0,0,0,-,-,-,-
TXO,202607W5,20260729.0,47600.0,Call,-,-,-,-,387.0,-,-,0,0,0,0,274,-,-,-
TXO,202607W5,20260729.0,47600.0,Put,-,-,-,-,2440.0,-,-,0,0,0,0,-,-,-,-
TXO,202607W5,20260729.0,47700.0,Call,-,-,-,-,363.0,-,-,0,0,0,0,268,-,-,-
TXO,202607W5,20260729.0,47700.0,Put,-,-,-,-,2520.0,-,-,0,0,0,0,-,-,-,-
TXO,202607W5,20260729.0,47800.0,Call,-,-,-,-,341.0,-,-,0,0,0,2,228,-,335,332
TXO,202607W5,20260729.0,47800.0,Put,-,-,-,-,2600.0,-,-,0,0,0,0,-,-,-,-
TXO,202607W5,20260729.0,47900.0,Call,320,335,320,335,335.0,▲+2,▲+0.60%,2,2,4,2,131,-,360,270
TXO,202607W5,20260729.0,47900.0,Put,-,-,-,-,2670.0,-,-,0,0,0,0,-,-,-,-
TXO,202607W5,20260729.0,48000.0,Call,250,325,250,290,290.0,▼-14,▼-4.61%,3,13,16,34,2.2,-,358,250
TXO,202607W5,20260729.0,48000.0,Put,-,-,-,-,2750.0,-,-,0,0,0,0,-,-,-,-
TXO,202607W5,20260729.0,48100.0,Call,-,-,-,-,280.0,-,-,1,0,1,2,177,-,310,281
TXO,202607W5,20260729.0,48100.0,Put,-,-,-,-,2830.0,-,-,0,0,0,0,-,-,-,-
TXO,202607W5,20260729.0,48200.0,Call,217,217,217,217,261.0,▼-53,▼-19.63%,0,1,1,0,159,-,295,217
TXO,202607W5,20260729.0,48200.0,Put,-,-,-,-,2920.0,-,-,0,0,0,0,-,-,-,-
TXO,202607W5,20260729.0,48300.0,Call,210,225,210,225,244.0,▼-27,▼-10.71%,0,2,2,2,133,-,225,210
TXO,202607W5,20260729.0,48300.0,Put,-,-,-,-,3000.0,-,-,0,0,0,0,-,-,-,-
TXO,202607W5,20260729.0,48400.0,Call,208,220,194,194,227.0,▼-41,▼-17.45%,0,104,104,100,111,-,220,194
TXO,202607W5,20260729.0,48400.0,Put,-,-,-,-,3080.0,-,-,0,0,0,0,-,-,-,-
TXO,202607W5,20260729.0,48500.0,Call,-,-,-,-,213.0,-,-,0,0,0,26,93,-,247,177
TXO,202607W5,20260729.0,48500.0,Put,-,-,-,-,3170.0,-,-,0,0,0,0,-,-,-,-
TXO,202607W5,20260729.0,48600.0,Call,184,186,167,167,198.0,▼-41,▼-19.71%,1,5,6,0,74,-,220,167
TXO,202607W5,20260729.0,48600.0,Put,-,-,-,-,3250.0,-,-,0,0,0,0,-,-,-,-
TXO,202607W5,20260729.0,48700.0,Call,-,-,-,-,183.0,-,-,1,0,1,1,54,-,168,168
TXO,202607W5,20260729.0,48700.0,Put,-,-,-,-,3340.0,-,-,0,0,0,0,-,-,-,-
TXO,202607W5,20260729.0,48800.0,Call,-,-,-,-,171.0,-,-,0,0,0,2,40.5,254,196,152
TXO,202607W5,20260729.0,48800.0,Put,-,-,-,-,3420.0,-,-,0,0,0,0,-,-,-,-
TXO,202607W5,20260729.0,48900.0,Call,143,143,135,135,159.0,▼-26,▼-16.15%,6,2,8,11,30,266,183,123
TXO,202607W5,20260729.0,48900.0,Put,-,-,-,-,3510.0,-,-,0,0,0,0,-,-,-,-
TXO,202607W5,20260729.0,49000.0,Call,133,150,121,150,150.0,▲+1,▲+0.67%,10,6,16,28,20,-,160,110
TXO,202607W5,20260729.0,49000.0,Put,-,-,-,-,3600.0,-,-,0,0,0,0,-,-,-,-
TXO,202607W5,20260729.0,49100.0,Call,-,-,-,-,136.0,-,-,3,0,3,3,10.5,250,150,100
TXO,202607W5,20260729.0,49100.0,Put,-,-,-,-,3690.0,-,-,0,0,0,0,-,-,-,-
TXO,202607W5,20260729.0,49200.0,Call,104,137,103,137,125.0,▲+18,▲+15.13%,4,8,12,12,2.3,243,141,97
TXO,202607W5,20260729.0,49200.0,Put,-,-,-,-,3780.0,-,-,0,0,0,0,-,3790,-,-
TXO,202607W5,20260729.0,49300.0,Call,85,115,85,115,115.0,0,0%,13,7,20,28,2.3,243,130,85
TXO,202607W5,20260729.0,49300.0,Put,-,-,-,-,3870.0,-,-,0,0,0,0,-,-,-,-
TXO,202607W5,20260729.0,49400.0,Call,117,117,117,117,108.0,▲+11,▲+10.38%,0,1,1,1,2.2,201,117,117
TXO,202607W5,20260729.0,49400.0,Put,-,-,-,-,3960.0,-,-,0,0,0,0,-,-,-,-
TXO,202607W5,20260729.0,49500.0,Call,103,107,98,98,98.0,▲+19,▲+24.05%,0,25,25,25,1.3,-,107,98
TXO,202607W5,20260729.0,49500.0,Put,-,-,-,-,4050.0,-,-,0,0,0,0,-,-,-,-
TXO,202607W5,20260729.0,49600.0,Call,78,84,78,80,92.0,▲+9,▲+12.68%,0,4,4,2,1.3,-,84,78
TXO,202607W5,20260729.0,49600.0,Put,-,-,-,-,4150.0,-,-,0,0,0,0,-,-,-,-
TXO,202607W5,20260729.0,49700.0,Call,68,68,68,68,85.0,▲+5,▲+7.94%,0,2,2,2,1.3,167,68,68
TXO,202607W5,20260729.0,49700.0,Put,-,-,-,-,4240.0,-,-,0,0,0,0,-,-,-,-
TXO,202607W5,20260729.0,49800.0,Call,64,64,64,64,78.0,▲+8,▲+14.29%,0,2,2,2,1.3,162,64,64
TXO,202607W5,20260729.0,49800.0,Put,-,-,-,-,4330.0,-,-,0,0,0,0,-,-,-,-
TXO,202607W5,20260729.0,49900.0,Call,-,-,-,-,72.0,-,-,0,0,0,0,2.9,-,-,-
TXO,202607W5,20260729.0,49900.0,Put,-,-,-,-,4420.0,-,-,0,0,0,0,11,-,-,-
TXO,202607W5,20260729.0,50000.0,Call,62,62,58,58,60.0,▲+13,▲+28.89%,0,5,5,3,10,60,62,58
TXO,202607W5,20260729.0,50000.0,Put,-,-,-,-,4520.0,-,-,0,0,0,0,-,-,-,-
TXO,202607W5,20260729.0,50100.0,Call,53,64,53,56,56.0,▲+16.5,▲+41.77%,0,6,6,5,5,153,64,53
TXO,202607W5,20260729.0,50100.0,Put,-,-,-,-,4610.0,-,-,0,0,0,0,-,-,-,-
TXO,202607W5,20260729.0,50200.0,Call,47.5,60,44.5,54,54.0,▲+19,▲+54.29%,0,41,41,40,0.5,146,60,44.5
TXO,202607W5,20260729.0,50200.0,Put,-,-,-,-,4710.0,-,-,0,0,0,0,-,-,-,-
TXO,202608,20260819.0,34000.0,Call,-,-,-,-,11710.0,-,-,0,0,0,0,11670,-,-,-
TXO,202608,20260819.0,34000.0,Put,66,72,40,46.5,43.5,▼-6.5,▼-12.26%,251,602,853,1689,41,46.5,660,40
TXO,202608,20260819.0,34100.0,Call,-,-,-,-,11620.0,-,-,0,0,0,0,11570,-,-,-
TXO,202608,20260819.0,34100.0,Put,70,72,40,46,46.0,▼-7,▼-13.21%,0,6,6,16,36,50,520,40
TXO,202608,20260819.0,34200.0,Call,-,-,-,-,11520.0,-,-,0,0,0,0,11480,-,-,-
TXO,202608,20260819.0,34200.0,Put,56,56,56,56,48.0,▲+2,▲+3.70%,2,1,3,4,1.9,73,520,56
TXO,202608,20260819.0,34300.0,Call,-,-,-,-,11420.0,-,-,0,0,0,0,11380,-,-,-
TXO,202608,20260819.0,34300.0,Put,-,-,-,-,51.0,-,-,0,0,0,7,4.9,150,481,82
TXO,202608,20260819.0,34400.0,Call,-,-,-,-,11320.0,-,-,0,0,0,0,11280,-,-,-
TXO,202608,20260819.0,34400.0,Put,-,-,-,-,53.0,-,-,1,0,1,6,31.5,110,515,55
TXO,202608,20260819.0,34500.0,Call,-,-,-,-,11230.0,-,-,0,0,0,0,11180,-,-,-
TXO,202608,20260819.0,34500.0,Put,-,-,-,-,55.0,-,-,3,0,3,27,7.8,63,730,57
TXO,202608,20260819.0,34600.0,Call,-,-,-,-,11130.0,-,-,0,0,0,0,11080,-,-,-
TXO,202608,20260819.0,34600.0,Put,58,58,58,58,58.0,▼-4,▼-6.45%,1,2,3,3,42,182,535,58
TXO,202608,20260819.0,34700.0,Call,-,-,-,-,11030.0,-,-,0,0,0,0,10990,-,-,-
TXO,202608,20260819.0,34700.0,Put,-,-,-,-,59.0,-,-,6,0,6,4,1.5,123,595,61
TXO,202608,20260819.0,34800.0,Call,-,-,-,-,10930.0,-,-,0,0,0,0,10890,-,-,-
TXO,202608,20260819.0,34800.0,Put,-,-,-,-,60.0,-,-,2,0,2,4,43,150,311,94
TXO,202608,20260819.0,34900.0,Call,-,-,-,-,10830.0,-,-,0,0,0,0,10790,-,-,-
TXO,202608,20260819.0,34900.0,Put,53,53,53,53,61.0,▼-14,▼-20.90%,0,1,1,3,1,-,305,53
TXO,202608,20260819.0,35000.0,Call,-,-,-,-,10730.0,-,-,0,0,0,0,10690,-,-,-
TXO,202608,20260819.0,35000.0,Put,97,100,50,70,65.0,▼-1,▼-1.41%,83,99,182,290,65,70,800,50
TXO,202608,20260819.0,35100.0,Call,-,-,-,-,10640.0,-,-,0,0,0,0,10590,-,-,-
TXO,202608,20260819.0,35100.0,Put,80,80,80,80,66.0,▲+8,▲+11.11%,1,1,2,5,3.5,-,374,80
TXO,202608,20260819.0,35200.0,Call,-,-,-,-,10540.0,-,-,0,0,0,0,10500,-,-,-
TXO,202608,20260819.0,35200.0,Put,-,-,-,-,67.0,-,-,4,0,4,19,5.1,198,407,108
TXO,202608,20260819.0,35300.0,Call,-,-,-,-,10440.0,-,-,0,0,0,0,10400,-,-,-
TXO,202608,20260819.0,35300.0,Put,107,107,107,107,69.0,▲+30,▲+38.96%,8,1,9,81,50,-,433,101
TXO,202608,20260819.0,35400.0,Call,-,-,-,-,10340.0,-,-,0,0,0,0,10300,-,-,-
TXO,202608,20260819.0,35400.0,Put,106,115,71,71,71.0,▼-8,▼-10.13%,8,5,13,15,53,-,555,71
TXO,202608,20260819.0,35500.0,Call,-,-,-,-,10250.0,-,-,0,0,0,0,10210,-,-,-
TXO,202608,20260819.0,35500.0,Put,111,111,72,73,73.0,▼-11,▼-13.10%,19,19,38,559,55,108,720,72
TXO,202608,20260819.0,35600.0,Call,-,-,-,-,10150.0,-,-,0,0,0,0,10110,-,-,-
TXO,202608,20260819.0,35600.0,Put,90,90,90,90,76.0,▲+6,▲+7.14%,8,9,17,108,30,86,900,90
TXO,202608,20260819.0,35700.0,Call,-,-,-,-,10050.0,-,-,0,0,0,0,10010,-,-,-
TXO,202608,20260819.0,35700.0,Put,-,-,-,-,78.0,-,-,8,0,8,95,17.5,141,305,86
TXO,202608,20260819.0,35800.0,Call,-,-,-,-,9960.0,-,-,0,0,0,0,9920,-,-,-
TXO,202608,20260819.0,35800.0,Put,137,137,137,137,81.0,▲+50,▲+57.47%,14,5,19,51,21,-,520,86
TXO,202608,20260819.0,35900.0,Call,-,-,-,-,9860.0,-,-,0,0,0,0,9820,-,-,-
TXO,202608,20260819.0,35900.0,Put,142,142,75,75,84.0,▼-16,▼-17.58%,12,19,31,32,21,103,750,75
TXO,202608,20260819.0,36000.0,Call,-,-,-,-,9760.0,-,-,0,0,0,0,9720,-,-,-
TXO,202608,20260819.0,36000.0,Put,150,152,77,86,86.0,▼-5,▼-5.49%,64,83,147,231,61,93,995,77
TXO,202608,20260819.0,36100.0,Call,-,-,-,-,9670.0,-,-,0,0,0,0,9630,-,-,-
TXO,202608,20260819.0,36100.0,Put,140,150,100,100,92.0,▲+4,▲+4.17%,1,5,6,14,2.4,-,415,100
TXO,202608,20260819.0,36200.0,Call,-,-,-,-,9570.0,-,-,0,0,0,0,9530,-,-,-
TXO,202608,20260819.0,36200.0,Put,110,110,82,82,96.0,▼-17,▼-17.17%,5,5,10,20,1.6,150,820,15.5
TXO,202608,20260819.0,36300.0,Call,-,-,-,-,9470.0,-,-,0,0,0,0,9430,-,-,-
TXO,202608,20260819.0,36300.0,Put,86,88,85,88,100.0,▼-12,▼-12.00%,0,11,11,32,2.5,190,347,85
TXO,202608,20260819.0,36400.0,Call,-,-,-,-,9380.0,-,-,0,0,0,0,9340,-,-,-
TXO,202608,20260819.0,36400.0,Put,158,158,158,158,103.0,▲+51,▲+47.66%,6,2,8,33,8.1,160,850,98
TXO,202608,20260819.0,36500.0,Call,-,-,-,-,9280.0,-,-,0,0,0,0,9240,-,-,-
TXO,202608,20260819.0,36500.0,Put,155,180,92,92,107.0,▼-19,▼-17.12%,17,11,28,66,92,190,1030,92
TXO,202608,20260819.0,36600.0,Call,-,-,-,-,9190.0,-,-,0,0,0,0,9140,-,-,-
TXO,202608,20260819.0,36600.0,Put,163,197,96,103,111.0,▼-9,▼-8.04%,4,10,14,30,80,198,1130,96
TXO,202608,20260819.0,36700.0,Call,-,-,-,-,9090.0,-,-,0,0,0,0,9050,-,-,-
TXO,202608,20260819.0,36700.0,Put,180,180,111,111,111.0,▼-4,▼-3.48%,1,4,5,79,20.5,208,920,111
TXO,202608,20260819.0,36800.0,Call,-,-,-,-,8990.0,-,-,0,0,0,0,8960,-,-,-
TXO,202608,20260819.0,36800.0,Put,103,103,103,103,118.0,▼-16,▼-13.45%,1,2,3,19,19.5,-,670,103
TXO,202608,20260819.0,36900.0,Call,-,-,-,-,8900.0,-,-,0,0,0,0,8860,-,-,-
TXO,202608,20260819.0,36900.0,Put,107,107,107,107,122.0,▼-15,▼-12.30%,0,2,2,3,11,218,450,107
TXO,202608,20260819.0,37000.0,Call,-,-,-,-,8800.0,-,-,0,0,0,0,8760,-,-,-
TXO,202608,20260819.0,37000.0,Put,185,204,110,123,123.0,▼-5,▼-3.91%,60,100,160,274,116,195,1180,110
TXO,202608,20260819.0,37100.0,Call,-,-,-,-,8710.0,-,-,0,0,0,0,8670,-,-,-
TXO,202608,20260819.0,37100.0,Put,200,200,115,115,132.0,▼-15,▼-11.54%,0,3,3,15,110,-,255,115
TXO,202608,20260819.0,37200.0,Call,-,-,-,-,8610.0,-,-,0,0,0,0,8580,-,-,-
TXO,202608,20260819.0,37200.0,Put,171,220,119,119,136.0,▼-15,▼-11.19%,4,11,15,2518,60,-,505,119
TXO,202608,20260819.0,37300.0,Call,-,-,-,-,8520.0,-,-,0,0,0,0,8480,-,-,-
TXO,202608,20260819.0,37300.0,Put,124,124,124,124,142.0,▼-12,▼-8.82%,3,2,5,13,27,227,445,124
TXO,202608,20260819.0,37400.0,Call,-,-,-,-,8420.0,-,-,0,0,0,0,8380,-,-,-
TXO,202608,20260819.0,37400.0,Put,140,140,129,129,147.0,▼-13,▼-9.15%,3,4,7,47,35,-,600,129
TXO,202608,20260819.0,37500.0,Call,-,-,-,-,8330.0,-,-,0,0,0,0,8290,-,-,-
TXO,202608,20260819.0,37500.0,Put,220,256,133,133,152.0,▼-12,▼-8.28%,35,14,49,601,63,250,1270,133
TXO,202608,20260819.0,37600.0,Call,-,-,-,-,8230.0,-,-,0,0,0,0,8200,-,-,-
TXO,202608,20260819.0,37600.0,Put,259,263,138,138,158.0,▼-15,▼-9.80%,2,10,12,32,130,260,610,138
TXO,202608,20260819.0,37700.0,Call,-,-,-,-,8140.0,-,-,0,0,0,0,8100,-,-,-
TXO,202608,20260819.0,37700.0,Put,238,238,143,146,163.0,▼-10,▼-6.41%,8,18,26,41,51,-,1200,143
TXO,202608,20260819.0,37800.0,Call,-,-,-,-,8050.0,-,-,0,0,0,1,8010,8200,8700,8700
TXO,202608,20260819.0,37800.0,Put,270,270,146,146,169.0,▼-19,▼-11.52%,5,6,11,29,56,274,585,146
TXO,202608,20260819.0,37900.0,Call,-,-,-,-,7950.0,-,-,0,0,0,0,7920,-,-,-
TXO,202608,20260819.0,37900.0,Put,280,280,155,155,176.0,▼-17,▼-9.88%,3,4,7,27,62,278,580,155
TXO,202608,20260819.0,38000.0,Call,-,-,-,-,7860.0,-,-,0,0,0,1,7820,8020,8250,8250
TXO,202608,20260819.0,38000.0,Put,224,324,153,189,189.0,▲+15,▲+8.62%,80,100,180,300,160,190,1440,153
TXO,202608,20260819.0,38100.0,Call,-,-,-,-,7770.0,-,-,0,0,0,0,7730,-,-,-
TXO,202608,20260819.0,38100.0,Put,300,300,167,167,189.0,▼-9,▼-5.11%,3,5,8,22,85,-,550,167
TXO,202608,20260819.0,38200.0,Call,-,-,-,-,7670.0,-,-,0,0,0,0,7640,-,-,-
TXO,202608,20260819.0,38200.0,Put,189,189,177,180,196.0,▲+3,▲+1.69%,12,4,16,28,97,-,1120,170
TXO,202608,20260819.0,38300.0,Call,-,-,-,-,7580.0,-,-,0,0,0,0,7540,-,-,-
TXO,202608,20260819.0,38300.0,Put,293,293,180,187,203.0,▲+4,▲+2.19%,10,9,19,41,88,-,320,180
TXO,202608,20260819.0,38400.0,Call,-,-,-,-,7490.0,-,-,0,0,0,0,7450,-,-,-
TXO,202608,20260819.0,38400.0,Put,201,202,187,202,209.0,▲+11,▲+5.76%,7,4,11,24,91,-,945,184
TXO,202608,20260819.0,38500.0,Call,-,-,-,-,7390.0,-,-,1,0,1,1,7360,-,7500,7500
TXO,202608,20260819.0,38500.0,Put,295,362,200,200,216.0,▲+3,▲+1.52%,12,16,28,47,176,297,1050,190
TXO,202608,20260819.0,38600.0,Call,-,-,-,-,7300.0,-,-,0,0,0,0,7270,-,-,-
TXO,202608,20260819.0,38600.0,Put,219,219,200,210,226.0,▲+6,▲+2.94%,0,4,4,8,107,305,1430,200
TXO,202608,20260819.0,38700.0,Call,-,-,-,-,7210.0,-,-,0,0,0,0,7180,-,-,-
TXO,202608,20260819.0,38700.0,Put,225,227,208,208,236.0,▼-3,▼-1.42%,21,10,31,15,185,313,1050,198
TXO,202608,20260819.0,38800.0,Call,-,-,-,-,7120.0,-,-,0,0,0,0,7090,-,-,-
TXO,202608,20260819.0,38800.0,Put,378,378,215,218,242.0,▲+1,▲+0.46%,7,6,13,28,121,-,570,197
TXO,202608,20260819.0,38900.0,Call,-,-,-,-,7030.0,-,-,0,0,0,0,7000,-,-,-
TXO,202608,20260819.0,38900.0,Put,229,235,229,235,252.0,▲+11,▲+4.91%,0,2,2,3,141,333,900,229
TXO,202608,20260819.0,39000.0,Call,-,-,-,-,6940.0,-,-,0,0,0,0,6910,-,-,-
TXO,202608,20260819.0,39000.0,Put,340,423,222,262,262.0,▲+26,▲+11.02%,56,71,127,958,238,325,1770,220
TXO,202608,20260819.0,39100.0,Call,-,-,-,-,6850.0,-,-,0,0,0,0,6820,-,-,-
TXO,202608,20260819.0,39100.0,Put,238,252,238,252,270.0,▲+14,▲+5.88%,0,3,3,33,161,-,1320,238
TXO,202608,20260819.0,39200.0,Call,-,-,-,-,6760.0,-,-,0,0,0,0,6730,-,-,-
TXO,202608,20260819.0,39200.0,Put,454,454,277,277,277.0,▲+31,▲+12.60%,3,2,5,4,166,308,1310,264
TXO,202608,20260819.0,39300.0,Call,-,-,-,-,6670.0,-,-,0,0,0,0,6640,-,-,-
TXO,202608,20260819.0,39300.0,Put,390,390,255,255,289.0,▲+1,▲+0.39%,3,3,6,4,168,381,1180,237
TXO,202608,20260819.0,39400.0,Call,-,-,-,-,6580.0,-,-,0,0,0,0,6550,-,-,-
TXO,202608,20260819.0,39400.0,Put,264,300,264,300,300.0,▲+38,▲+14.50%,3,3,6,17,174,408,1210,250
TXO,202608,20260819.0,39500.0,Call,-,-,-,-,6490.0,-,-,0,0,0,0,6460,-,-,-
TXO,202608,20260819.0,39500.0,Put,452,468,280,300,312.0,▲+29,▲+10.70%,10,17,27,48,184,555,1530,257
TXO,202608,20260819.0,39600.0,Call,-,-,-,-,6400.0,-,-,0,0,0,0,6370,-,-,-
TXO,202608,20260819.0,39600.0,Put,520,520,304,304,321.0,▲+25,▲+8.96%,0,6,6,25,194,430,1140,304
TXO,202608,20260819.0,39700.0,Call,-,-,-,-,6320.0,-,-,0,0,0,0,6280,-,-,-
TXO,202608,20260819.0,39700.0,Put,434,520,290,290,335.0,▲+2,▲+0.69%,2,28,30,37,210,439,700,276
TXO,202608,20260819.0,39800.0,Call,-,-,-,-,6230.0,-,-,0,0,0,0,6190,-,-,-
TXO,202608,20260819.0,39800.0,Put,473,510,308,308,347.0,▲+11,▲+3.70%,8,7,15,28,241,432,1020,277
TXO,202608,20260819.0,39900.0,Call,-,-,-,-,6140.0,-,-,0,0,0,0,6100,-,-,-
TXO,202608,20260819.0,39900.0,Put,-,-,-,-,356.0,-,-,5,0,5,22,233,470,2110,318
TXO,202608,20260819.0,40000.0,Call,-,-,-,-,6050.0,-,-,0,0,0,0,6020,-,-,-
TXO,202608,20260819.0,40000.0,Put,480,580,314,376,376.0,▲+60,▲+18.99%,278,350,628,859,365,421,2200,282
TXO,202608,20260819.0,40100.0,Call,-,-,-,-,5960.0,-,-,5,0,5,5,5940,-,6280,6280
TXO,202608,20260819.0,40100.0,Put,350,355,333,353,381.0,▲+27,▲+8.28%,13,7,20,33,252,469,1370,302
TXO,202608,20260819.0,40200.0,Call,-,-,-,-,5870.0,-,-,5,0,5,5,5850,-,6190,6190
TXO,202608,20260819.0,40200.0,Put,336,580,336,375,390.0,▲+39,▲+11.61%,11,29,40,54,268,489,1610,310
TXO,202608,20260819.0,40300.0,Call,5730,5730,5730,5730,5790.0,▼-370,▼-6.07%,4,2,6,5,5770,5850,6100,5730
TXO,202608,20260819.0,40300.0,Put,540,580,361,375,406.0,▲+28,▲+8.07%,17,4,21,21,274,515,1420,327
TXO,202608,20260819.0,40400.0,Call,-,-,-,-,5700.0,-,-,0,0,0,0,5670,-,-,-
TXO,202608,20260819.0,40400.0,Put,595,595,365,395,422.0,▲+37,▲+10.34%,2,10,12,21,286,525,970,332
TXO,202608,20260819.0,40500.0,Call,5410,5700,5410,5700,5620.0,▼-230,▼-3.88%,5,3,8,6,5530,-,5930,5410
TXO,202608,20260819.0,40500.0,Put,560,650,400,425,425.0,▲+55,▲+14.86%,11,9,20,44,307,650,2100,358
TXO,202608,20260819.0,40600.0,Call,-,-,-,-,5530.0,-,-,5,0,5,5,5510,-,5840,5840
TXO,202608,20260819.0,40600.0,Put,600,690,385,450,450.0,▲+69,▲+18.11%,5,19,24,27,368,-,945,366
TXO,202608,20260819.0,40700.0,Call,5380,5500,5250,5500,5450.0,▼-250,▼-4.35%,3,8,11,4,5360,5470,5900,5250
TXO,202608,20260819.0,40700.0,Put,615,670,435,435,466.0,▲+42,▲+10.69%,2,19,21,22,326,580,1010,435
TXO,202608,20260819.0,40800.0,Call,-,-,-,-,5360.0,-,-,0,0,0,0,5330,-,-,-
TXO,202608,20260819.0,40800.0,Put,625,710,615,675,477.0,▲+269,▲+66.26%,10,50,60,61,343,575,1010,380
TXO,202608,20260819.0,40900.0,Call,-,-,-,-,5280.0,-,-,0,0,0,0,5250,-,5370,4230
TXO,202608,20260819.0,40900.0,Put,640,690,635,690,493.0,▲+280,▲+68.29%,3,30,33,63,363,595,1580,395
TXO,202608,20260819.0,41000.0,Call,-,-,-,-,5190.0,-,-,50,0,50,50,5110,-,5550,4400
TXO,202608,20260819.0,41000.0,Put,640,755,448,500,500.0,▲+63,▲+14.42%,84,241,325,431,388,580,1660,391
TXO,202608,20260819.0,41100.0,Call,-,-,-,-,5110.0,-,-,4,0,4,4,5090,-,5550,4500
TXO,202608,20260819.0,41100.0,Put,660,750,515,515,515.0,▲+66,▲+14.70%,14,42,56,51,419,615,1390,404
TXO,202608,20260819.0,41200.0,Call,-,-,-,-,5020.0,-,-,0,0,0,0,5000,-,-,-
TXO,202608,20260819.0,41200.0,Put,660,735,510,530,530.0,▲+70,▲+15.22%,12,35,47,39,406,-,1670,430
TXO,202608,20260819.0,41300.0,Call,4800,4800,4760,4760,4940.0,▼-470,▼-8.99%,100,101,201,201,4930,-,5190,4500
TXO,202608,20260819.0,41300.0,Put,710,840,510,510,560.0,▲+34,▲+7.14%,13,65,78,65,416,-,1700,476
TXO,202608,20260819.0,41400.0,Call,-,-,-,-,4860.0,-,-,0,0,0,0,4830,-,-,-
TXO,202608,20260819.0,41400.0,Put,730,765,700,700,580.0,▲+211,▲+43.15%,11,24,35,36,430,690,1020,499
TXO,202608,20260819.0,41500.0,Call,4560,4560,4560,4560,4780.0,▼-500,▼-9.88%,200,50,250,250,4760,-,5040,4470
TXO,202608,20260819.0,41500.0,Put,730,865,540,540,595.0,▲+40,▲+8.00%,59,53,112,153,446,660,2690,472
TXO,202608,20260819.0,41600.0,Call,-,-,-,-,4700.0,-,-,0,0,0,0,4670,-,-,-
TXO,202608,20260819.0,41600.0,Put,750,895,580,590,610.0,▲+80,▲+15.69%,43,18,61,99,499,645,1600,471
TXO,202608,20260819.0,41700.0,Call,-,-,-,-,4610.0,-,-,0,0,0,0,4590,-,4380,4380
TXO,202608,20260819.0,41700.0,Put,785,835,785,835,625.0,▲+295,▲+54.63%,31,2,33,41,520,1080,1840,500
TXO,202608,20260819.0,41800.0,Call,4470,4470,4470,4470,4530.0,▼-340,▼-7.07%,200,50,250,250,4520,-,4790,4470
TXO,202608,20260819.0,41800.0,Put,900,900,600,600,650.0,▲+30,▲+5.26%,34,7,41,230,540,-,1880,515
TXO,202608,20260819.0,41900.0,Call,-,-,-,-,4450.0,-,-,0,0,0,0,4430,-,4320,4320
TXO,202608,20260819.0,41900.0,Put,805,920,805,920,665.0,▲+340,▲+58.62%,31,2,33,74,560,-,1760,560
TXO,202608,20260819.0,42000.0,Call,4370,4370,4310,4340,4370.0,▼-320,▼-6.87%,256,106,362,356,4360,-,4850,4310
TXO,202608,20260819.0,42000.0,Put,850,950,600,705,685.0,▲+115,▲+19.49%,77,113,190,344,660,800,2540,545
TXO,202608,20260819.0,42100.0,Call,-,-,-,-,4290.0,-,-,0,0,0,0,4270,-,4720,4660
TXO,202608,20260819.0,42100.0,Put,870,885,685,685,685.0,▲+70,▲+11.38%,33,35,68,65,695,805,1670,575
TXO,202608,20260819.0,42200.0,Call,-,-,-,-,4210.0,-,-,0,0,0,0,4190,-,-,-
TXO,202608,20260819.0,42200.0,Put,1000,1020,645,645,730.0,▲+20,▲+3.20%,25,63,88,139,615,-,1730,580
TXO,202608,20260819.0,42300.0,Call,-,-,-,-,4130.0,-,-,0,0,0,0,4110,-,4770,4580
TXO,202608,20260819.0,42300.0,Put,-,-,-,-,745.0,-,-,24,0,24,36,635,850,1250,600
TXO,202608,20260819.0,42400.0,Call,-,-,-,-,4060.0,-,-,0,0,0,0,4030,-,3760,3730
TXO,202608,20260819.0,42400.0,Put,1010,1050,680,680,770.0,▲+15,▲+2.26%,19,11,30,29,650,840,1590,610
TXO,202608,20260819.0,42500.0,Call,-,-,-,-,3980.0,-,-,150,0,150,153,3960,-,5200,2520
TXO,202608,20260819.0,42500.0,Put,990,1070,710,710,790.0,▲+25,▲+3.65%,45,21,66,170,660,860,1800,630
TXO,202608,20260819.0,42600.0,Call,-,-,-,-,3900.0,-,-,0,0,0,2,3880,-,4560,4550
TXO,202608,20260819.0,42600.0,Put,1090,1090,965,965,815.0,▲+260,▲+36.88%,24,5,29,54,2.1,1030,1830,650
TXO,202608,20260819.0,42700.0,Call,-,-,-,-,3820.0,-,-,100,0,100,100,3810,-,4530,3920
TXO,202608,20260819.0,42700.0,Put,760,820,760,820,820.0,▲+95,▲+13.10%,22,4,26,70,2.1,915,2040,675
TXO,202608,20260819.0,42800.0,Call,-,-,-,-,3750.0,-,-,150,0,150,150,3650,-,6700,2880
TXO,202608,20260819.0,42800.0,Put,1040,1130,760,845,845.0,▲+85,▲+11.18%,28,11,39,33,2.1,960,2730,690
TXO,202608,20260819.0,42900.0,Call,-,-,-,-,3680.0,-,-,50,0,50,50,3560,-,3890,3890
TXO,202608,20260819.0,42900.0,Put,-,-,-,-,890.0,-,-,7,0,7,36,880,1290,1930,725
TXO,202608,20260819.0,43000.0,Call,-,-,-,-,3600.0,-,-,2,0,2,3,3510,-,3860,2510
TXO,202608,20260819.0,43000.0,Put,1100,1230,800,950,920.0,▲+150,▲+18.75%,64,79,143,545,840,920,2160,740
TXO,202608,20260819.0,43100.0,Call,-,-,-,-,3520.0,-,-,0,0,0,0,3500,-,4300,3890
TXO,202608,20260819.0,43100.0,Put,1260,1260,860,860,935.0,▲+45,▲+5.52%,18,3,21,38,2.1,1020,1720,770
TXO,202608,20260819.0,43200.0,Call,-,-,-,-,3450.0,-,-,0,0,0,0,3430,-,3700,2600
TXO,202608,20260819.0,43200.0,Put,1140,1180,885,995,965.0,▲+170,▲+20.61%,10,10,20,15,770,1030,3030,805
TXO,202608,20260819.0,43300.0,Call,-,-,-,-,3380.0,-,-,0,0,0,0,-,-,4050,3630
TXO,202608,20260819.0,43300.0,Put,945,945,895,895,990.0,▲+30,▲+3.47%,9,2,11,154,2.1,1060,1620,820
TXO,202608,20260819.0,43400.0,Call,-,-,-,-,3300.0,-,-,0,0,0,2,3290,-,5190,2500
TXO,202608,20260819.0,43400.0,Put,960,960,960,960,1020.0,▲+65,▲+7.26%,3,1,4,10,2.1,1100,1620,850
TXO,202608,20260819.0,43500.0,Call,3230,3230,3230,3230,3230.0,▼-250,▼-7.18%,62,50,112,102,3210,-,3900,2020
TXO,202608,20260819.0,43500.0,Put,1250,1400,920,920,1040.0,▲+10,▲+1.10%,10,10,20,35,2.1,1170,3300,865
TXO,202608,20260819.0,43600.0,Call,-,-,-,-,3160.0,-,-,0,0,0,0,3140,-,3120,2850
TXO,202608,20260819.0,43600.0,Put,1280,1390,990,1010,1070.0,▲+65,▲+6.88%,18,36,54,74,870,1140,2260,945
TXO,202608,20260819.0,43700.0,Call,-,-,-,-,3090.0,-,-,0,0,0,0,3070,-,-,-
TXO,202608,20260819.0,43700.0,Put,1350,1350,980,980,1100.0,▲+5,▲+0.51%,0,4,4,88,980,-,1900,970
TXO,202608,20260819.0,43800.0,Call,-,-,-,-,3020.0,-,-,0,0,0,6,2900,-,2780,2600
TXO,202608,20260819.0,43800.0,Put,1500,1500,1020,1110,1110.0,▲+100,▲+9.90%,5,12,17,22,1040,-,2970,980
TXO,202608,20260819.0,43900.0,Call,-,-,-,-,2950.0,-,-,0,0,0,0,-,-,4210,2970
TXO,202608,20260819.0,43900.0,Put,-,-,-,-,1160.0,-,-,5,0,5,6,1010,-,1580,995
TXO,202608,20260819.0,44000.0,Call,3070,3070,3070,3070,2880.0,▼-50,▼-1.60%,51,1,52,60,-,3000,5710,1900
TXO,202608,20260819.0,44000.0,Put,1280,1580,1080,1170,1170.0,▲+100,▲+9.35%,45,63,108,456,1000,1290,3670,935
TXO,202608,20260819.0,44100.0,Call,-,-,-,-,2810.0,-,-,0,0,0,0,2800,-,3140,3040
TXO,202608,20260819.0,44100.0,Put,1120,1120,1120,1120,1230.0,▲+30,▲+2.75%,4,2,6,6,1120,1900,1980,1030
TXO,202608,20260819.0,44200.0,Call,-,-,-,-,2750.0,-,-,0,0,0,2,2730,-,5430,2110
TXO,202608,20260819.0,44200.0,Put,-,-,-,-,1260.0,-,-,0,0,0,9,5,5660,3460,1090
TXO,202608,20260819.0,44300.0,Call,2710,2710,2560,2560,2680.0,▼-380,▼-12.93%,0,7,7,8,2600,-,3130,1970
TXO,202608,20260819.0,44300.0,Put,1500,1620,1230,1230,1290.0,▲+70,▲+6.03%,5,8,13,6,5,1380,2000,1130
TXO,202608,20260819.0,44400.0,Call,-,-,-,-,2610.0,-,-,0,0,0,2,2600,-,5440,1960
TXO,202608,20260819.0,44400.0,Put,1270,1270,1270,1270,1320.0,▲+90,▲+7.63%,0,1,1,5,5,1410,3350,1150
TXO,202608,20260819.0,44500.0,Call,2600,2600,2570,2570,2570.0,▼-210,▼-7.55%,2,2,4,12,2510,-,5760,1800
TXO,202608,20260819.0,44500.0,Put,1580,1600,1260,1270,1360.0,▲+50,▲+4.10%,10,9,19,223,985,1450,2600,1140
TXO,202608,20260819.0,44600.0,Call,-,-,-,-,2490.0,-,-,2,0,2,4,2440,-,3170,1930
TXO,202608,20260819.0,44600.0,Put,-,-,-,-,1400.0,-,-,7,0,7,14,3,1480,2110,1210
TXO,202608,20260819.0,44700.0,Call,-,-,-,-,2430.0,-,-,0,0,0,5,2330,-,4110,1810
TXO,202608,20260819.0,44700.0,Put,1290,1290,1290,1290,1440.0,▼-10,▼-0.77%,19,1,20,23,3,1530,3580,1200
TXO,202608,20260819.0,44800.0,Call,2290,2290,2290,2290,2360.0,▼-300,▼-11.58%,0,1,1,4,2340,-,2690,1720
TXO,202608,20260819.0,44800.0,Put,1780,1780,1570,1570,1470.0,▲+240,▲+18.05%,7,2,9,16,1250,1540,2800,1280
TXO,202608,20260819.0,44900.0,Call,2520,2540,2520,2540,2300.0,▲+20,▲+0.79%,2,4,6,6,2280,-,4180,2130
TXO,202608,20260819.0,44900.0,Put,1400,1410,1400,1410,1510.0,▲+50,▲+3.68%,4,5,9,9,1400,-,3670,1340
TXO,202608,20260819.0,45000.0,Call,2250,2320,2130,2200,2240.0,▼-260,▼-10.57%,17,31,48,83,2220,3380,5490,1580
TXO,202608,20260819.0,45000.0,Put,1680,1920,1380,1520,1550.0,▲+140,▲+10.14%,27,66,93,254,1310,1650,3140,1280
TXO,202608,20260819.0,45100.0,Call,2190,2370,2160,2290,2180.0,▼-110,▼-4.58%,8,37,45,33,2160,-,5260,1600
TXO,202608,20260819.0,45100.0,Put,1660,1670,1490,1590,1590.0,▲+160,▲+11.19%,10,6,16,20,1480,-,2410,1390
TXO,202608,20260819.0,45200.0,Call,2190,2360,2000,2360,2110.0,▲+20,▲+0.85%,3,20,23,45,2100,2270,3510,1550
TXO,202608,20260819.0,45200.0,Put,1850,1980,1500,1570,1620.0,▲+100,▲+6.80%,4,9,13,11,-,1710,2400,1400
TXO,202608,20260819.0,45300.0,Call,2080,2200,1970,2150,2060.0,▼-100,▼-4.44%,5,4,9,20,0.1,2200,3490,1590
TXO,202608,20260819.0,45300.0,Put,1940,1940,1520,1630,1660.0,▲+120,▲+7.95%,13,3,16,17,1650,-,2910,1460
TXO,202608,20260819.0,45400.0,Call,2210,2210,2120,2140,2000.0,▼-80,▼-3.60%,1,4,5,14,1900,-,3900,1470
TXO,202608,20260819.0,45400.0,Put,1960,2010,1540,1540,1710.0,▼-10,▼-0.65%,6,54,60,55,1540,2010,3270,1500
TXO,202608,20260819.0,45500.0,Call,1970,2080,1860,1930,1930.0,▼-230,▼-10.65%,7,86,93,93,1800,2100,3810,1210
TXO,202608,20260819.0,45500.0,Put,1990,2180,1540,1750,1750.0,▲+170,▲+10.76%,13,145,158,142,1000,1830,2600,1520
TXO,202608,20260819.0,45600.0,Call,1930,2150,1900,1930,1890.0,▼-170,▼-8.10%,5,351,356,355,1790,-,3610,1300
TXO,202608,20260819.0,45600.0,Put,2030,2150,1660,1800,1800.0,▲+160,▲+9.76%,6,38,44,289,1280,1900,2910,1430
TXO,202608,20260819.0,45700.0,Call,1800,2090,1730,1860,1830.0,▼-180,▼-8.82%,8,111,119,110,1730,1870,5150,1370
TXO,202608,20260819.0,45700.0,Put,2050,2050,1700,1700,1840.0,▲+20,▲+1.19%,8,4,12,31,-,1930,2680,1470
TXO,202608,20260819.0,45800.0,Call,1820,1950,1750,1870,1770.0,▼-120,▼-6.03%,2,13,15,230,7.2,1920,4460,1280
TXO,202608,20260819.0,45800.0,Put,1850,1920,1820,1920,1880.0,▲+200,▲+11.63%,14,19,33,35,1730,2000,3200,1540
TXO,202608,20260819.0,45900.0,Call,1800,1800,1630,1780,1720.0,▼-150,▼-7.77%,1,8,9,17,1630,-,3280,1540
TXO,202608,20260819.0,45900.0,Put,1870,1930,1870,1930,1930.0,▲+160,▲+9.04%,0,2,2,15,-,2010,3750,1870
TXO,202608,20260819.0,46000.0,Call,1760,1910,1570,1670,1670.0,▼-200,▼-10.70%,150,161,311,214,1660,1680,4340,1180
TXO,202608,20260819.0,46000.0,Put,2200,2400,1790,1970,1970.0,▲+150,▲+8.24%,32,114,146,136,1970,2090,3830,1610
TXO,202608,20260819.0,46100.0,Call,1690,1800,1550,1800,1620.0,▼-40,▼-2.17%,17,33,50,43,1550,1840,3330,760
TXO,202608,20260819.0,46100.0,Put,2250,2250,1890,1890,2030.0,▲+30,▲+1.61%,10,4,14,19,-,2140,3300,1800
TXO,202608,20260819.0,46200.0,Call,1630,1700,1500,1690,1560.0,▼-100,▼-5.59%,4,12,16,27,1470,1900,3100,1110
TXO,202608,20260819.0,46200.0,Put,-,-,-,-,2070.0,-,-,7,0,7,19,-,2190,3210,1840
TXO,202608,20260819.0,46300.0,Call,-,-,-,-,1510.0,-,-,11,0,11,29,-,1650,3250,1710
TXO,202608,20260819.0,46300.0,Put,1920,1920,1920,1920,2120.0,▼-30,▼-1.54%,6,5,11,29,1800,2150,2160,1780
TXO,202608,20260819.0,46400.0,Call,1520,1520,1410,1410,1470.0,▼-270,▼-16.07%,6,4,10,23,-,1600,3160,1060
TXO,202608,20260819.0,46400.0,Put,2020,2020,2020,2020,2180.0,▲+20,▲+1.00%,0,1,1,1,-,2200,2400,1940
TXO,202608,20260819.0,46500.0,Call,1500,1630,1360,1380,1420.0,▼-240,▼-14.81%,18,36,54,94,1380,1560,3080,975
TXO,202608,20260819.0,46500.0,Put,2480,2610,2230,2230,2230.0,▲+180,▲+8.78%,0,6,6,283,-,2250,4020,1840
TXO,202608,20260819.0,46600.0,Call,1500,1540,1420,1510,1370.0,▼-60,▼-3.82%,8,10,18,105,1270,-,3070,960
TXO,202608,20260819.0,46600.0,Put,2200,2200,2160,2160,2280.0,▲+60,▲+2.86%,0,2,2,1,2170,2310,3020,2020
TXO,202608,20260819.0,46700.0,Call,1360,1360,1360,1360,1330.0,▼-160,▼-10.53%,3,1,4,18,1240,-,2920,995
TXO,202608,20260819.0,46700.0,Put,-,-,-,-,2330.0,-,-,6,0,6,559,2200,2360,3480,1820
TXO,202608,20260819.0,46800.0,Call,1510,1510,1510,1510,1280.0,▲+40,▲+2.72%,14,1,15,48,1170,1880,4350,980
TXO,202608,20260819.0,46800.0,Put,-,-,-,-,2390.0,-,-,4,0,4,3,2280,2420,3150,1880
TXO,202608,20260819.0,46900.0,Call,-,-,-,-,1240.0,-,-,3,0,3,15,3.2,1380,2600,1340
TXO,202608,20260819.0,46900.0,Put,-,-,-,-,2450.0,-,-,0,0,0,1,-,2470,3270,1940
TXO,202608,20260819.0,47000.0,Call,1310,1400,1130,1260,1200.0,▼-120,▼-8.70%,137,266,403,375,1130,1210,4340,805
TXO,202608,20260819.0,47000.0,Put,2750,2750,2200,2270,2510.0,▼-40,▼-1.73%,11,10,21,36,2190,2550,5150,2030
TXO,202608,20260819.0,47100.0,Call,1120,1300,1120,1300,1150.0,▼-40,▼-2.99%,14,7,21,27,1040,-,2300,795
TXO,202608,20260819.0,47100.0,Put,2410,2410,2380,2380,2560.0,▲+10,▲+0.42%,6,4,10,10,2410,2590,4000,1920
TXO,202608,20260819.0,47200.0,Call,1190,1230,1070,1230,1110.0,▼-60,▼-4.65%,8,10,18,396,-,1230,2300,820
TXO,202608,20260819.0,47200.0,Put,-,-,-,-,2620.0,-,-,1,0,1,21,-,2640,3600,2200
TXO,202608,20260819.0,47300.0,Call,-,-,-,-,1080.0,-,-,7,0,7,356,-,1220,2530,780
TXO,202608,20260819.0,47300.0,Put,-,-,-,-,2680.0,-,-,0,0,0,0,-,-,3120,3120
TXO,202608,20260819.0,47400.0,Call,1130,1180,1070,1170,1040.0,▼-30,▼-2.50%,16,5,21,354,825,1180,3300,740
TXO,202608,20260819.0,47400.0,Put,-,-,-,-,2740.0,-,-,4,0,4,6,2640,2770,3500,2220
TXO,202608,20260819.0,47500.0,Call,1100,1120,950,1010,1010.0,▼-160,▼-13.68%,24,17,41,72,1000,1110,3100,700
TXO,202608,20260819.0,47500.0,Put,-,-,-,-,2800.0,-,-,7,0,7,20,-,2830,3510,2360
TXO,202608,20260819.0,47600.0,Call,1030,1050,900,1050,960.0,▼-70,▼-6.25%,5,6,11,12,2.1,1070,2000,690
TXO,202608,20260819.0,47600.0,Put,-,-,-,-,2870.0,-,-,0,0,0,20,-,2890,3300,2940
TXO,202608,20260819.0,47700.0,Call,1020,1020,900,900,930.0,▼-190,▼-17.43%,8,2,10,21,810,1200,3790,655
TXO,202608,20260819.0,47700.0,Put,-,-,-,-,2940.0,-,-,0,0,0,2,2,3030,3630,2550
TXO,202608,20260819.0,47800.0,Call,1020,1020,855,900,900.0,▼-160,▼-15.09%,10,19,29,119,865,-,3600,620
TXO,202608,20260819.0,47800.0,Put,-,-,-,-,3000.0,-,-,0,0,0,0,2,3020,2900,2520
TXO,202608,20260819.0,47900.0,Call,-,-,-,-,855.0,-,-,4,0,4,7,700,980,2390,615
TXO,202608,20260819.0,47900.0,Put,-,-,-,-,3060.0,-,-,0,0,0,1,2,3170,3410,2840
TXO,202608,20260819.0,48000.0,Call,815,980,780,840,840.0,▼-140,▼-14.29%,114,154,268,234,820,840,3140,580
TXO,202608,20260819.0,48000.0,Put,-,-,-,-,3120.0,-,-,2,0,2,30,-,3150,3690,2240
TXO,202608,20260819.0,48100.0,Call,820,820,820,820,790.0,▼-130,▼-13.68%,8,1,9,23,344,-,2200,555
TXO,202608,20260819.0,48100.0,Put,-,-,-,-,3190.0,-,-,0,0,0,0,-,3220,-,-
TXO,202608,20260819.0,48200.0,Call,830,860,765,860,755.0,▼-50,▼-5.49%,3,13,16,65,750,870,2210,605
TXO,202608,20260819.0,48200.0,Put,-,-,-,-,3260.0,-,-,0,0,0,0,-,3290,-,-
TXO,202608,20260819.0,48300.0,Call,825,825,760,805,725.0,▼-75,▼-8.52%,0,4,4,28,665,835,2840,515
TXO,202608,20260819.0,48300.0,Put,-,-,-,-,3330.0,-,-,0,0,0,0,-,3360,3440,3110
TXO,202608,20260819.0,48400.0,Call,750,775,730,730,695.0,▼-115,▼-13.61%,4,6,10,63,630,815,2210,625
TXO,202608,20260819.0,48400.0,Put,-,-,-,-,3400.0,-,-,0,0,0,1,3270,3440,3390,2460
TXO,202608,20260819.0,48500.0,Call,745,785,620,660,660.0,▼-150,▼-18.52%,33,75,108,114,670,760,2570,480
TXO,202608,20260819.0,48500.0,Put,-,-,-,-,3470.0,-,-,0,0,0,1,-,3500,3800,3300
TXO,202608,20260819.0,48600.0,Call,670,670,670,670,640.0,▼-125,▼-15.72%,9,1,10,19,570,650,2780,670
TXO,202608,20260819.0,48600.0,Put,-,-,-,-,3540.0,-,-,0,0,0,1,-,3580,3460,2670
TXO,202608,20260819.0,48700.0,Call,710,710,590,640,610.0,▼-115,▼-15.23%,5,26,31,37,545,630,2050,510
TXO,202608,20260819.0,48700.0,Put,-,-,-,-,3610.0,-,-,0,0,0,1,3490,3650,3160,3160
TXO,202608,20260819.0,48800.0,Call,620,665,565,605,605.0,▼-120,▼-16.55%,4,21,25,19,525,-,1890,565
TXO,202608,20260819.0,48800.0,Put,-,-,-,-,3690.0,-,-,0,0,0,0,-,3720,3400,3390
TXO,202608,20260819.0,48900.0,Call,560,560,560,560,560.0,▼-135,▼-19.42%,0,1,1,40,460,665,1870,420
TXO,202608,20260819.0,48900.0,Put,-,-,-,-,3760.0,-,-,0,0,0,0,-,3800,-,-
TXO,202608,20260819.0,49000.0,Call,605,650,492,560,535.0,▼-130,▼-18.84%,92,158,250,232,500,565,2960,382
TXO,202608,20260819.0,49000.0,Put,-,-,-,-,3840.0,-,-,0,0,0,1,-,3870,4200,3390
TXO,202608,20260819.0,49100.0,Call,510,600,480,515,515.0,▼-130,▼-20.16%,2,5,7,365,422,525,2680,377
TXO,202608,20260819.0,49100.0,Put,-,-,-,-,3910.0,-,-,0,0,0,0,-,3950,-,-
TXO,202608,20260819.0,49200.0,Call,510,550,505,505,505.0,▼-110,▼-17.89%,1,13,14,38,397,635,1000,367
TXO,202608,20260819.0,49200.0,Put,-,-,-,-,3990.0,-,-,0,0,0,0,-,4020,-,-
TXO,202608,20260819.0,49300.0,Call,585,595,457,489,462.0,▼-111,▼-18.50%,2,17,19,39,373,-,1820,340
TXO,202608,20260819.0,49300.0,Put,-,-,-,-,4070.0,-,-,0,0,0,0,-,4100,-,-
TXO,202608,20260819.0,49400.0,Call,515,515,515,515,438.0,▼-50,▼-8.85%,0,1,1,5,370,550,1520,321
TXO,202608,20260819.0,49400.0,Put,3880,3880,3880,3880,4140.0,▼-20,▼-0.51%,0,1,1,2,3990,4190,4170,3880
TXO,202608,20260819.0,49500.0,Call,515,515,400,420,420.0,▼-120,▼-22.22%,31,28,59,85,391,500,2780,366
TXO,202608,20260819.0,49500.0,Put,-,-,-,-,4220.0,-,-,1,0,1,1,3930,4250,4200,4200
TXO,202608,20260819.0,49600.0,Call,495,495,283,421,402.0,▼-89,▼-17.45%,4,3,7,14,321,565,1760,283
TXO,202608,20260819.0,49600.0,Put,-,-,-,-,4300.0,-,-,0,0,0,0,-,4340,-,-
TXO,202608,20260819.0,49700.0,Call,478,478,370,403,382.0,▼-102,▼-20.20%,2,16,18,14,365,525,1170,274
TXO,202608,20260819.0,49700.0,Put,-,-,-,-,4380.0,-,-,0,0,0,0,-,4420,-,-
TXO,202608,20260819.0,49800.0,Call,472,472,335,364,364.0,▼-135,▼-27.05%,3,11,14,13,260,369,2530,318
TXO,202608,20260819.0,49800.0,Put,-,-,-,-,4470.0,-,-,0,0,0,2,4310,4510,4430,3870
TXO,202608,20260819.0,49900.0,Call,415,415,375,380,346.0,▼-86,▼-18.45%,1,16,17,81,253,-,1550,250
TXO,202608,20260819.0,49900.0,Put,4370,4370,4370,4370,4550.0,▲+80,▲+1.86%,1,1,2,0,-,4590,4410,4370
TXO,202608,20260819.0,50000.0,Call,395,432,296,350,339.0,▼-108,▼-23.58%,122,459,581,923,339,440,2580,236
TXO,202608,20260819.0,50000.0,Put,4280,4600,4200,4600,4630.0,▲+230,▲+5.26%,2,3,5,6,4490,4710,5120,3670
TXO,202608,20260819.0,50100.0,Call,383,383,300,346,315.0,▼-84,▼-19.53%,7,10,17,33,300,445,1080,270
TXO,202608,20260819.0,50100.0,Put,-,-,-,-,4720.0,-,-,0,0,0,0,-,4750,-,-
TXO,202608,20260819.0,50200.0,Call,372,372,266,337,297.0,▼-75,▼-18.20%,18,9,27,21,260,425,1300,215
TXO,202608,20260819.0,50200.0,Put,-,-,-,-,4800.0,-,-,0,0,0,0,-,4840,4600,4410
TXO,202608,20260819.0,50300.0,Call,354,374,271,307,282.0,▼-81,▼-20.88%,7,4,11,14,218,409,1590,205
TXO,202608,20260819.0,50300.0,Put,-,-,-,-,4880.0,-,-,0,0,0,0,-,4930,-,-
TXO,202608,20260819.0,50400.0,Call,290,290,290,290,268.0,▼-85,▼-22.67%,2,1,3,11,154,393,1370,202
TXO,202608,20260819.0,50400.0,Put,-,-,-,-,4970.0,-,-,0,0,0,0,-,5010,4880,4770
TXO,202608,20260819.0,50500.0,Call,297,305,259,269,255.0,▼-91,▼-25.28%,24,32,56,108,240,-,2320,185
TXO,202608,20260819.0,50500.0,Put,-,-,-,-,5060.0,-,-,1,0,1,1,4760,5100,5000,5000
TXO,202608,20260819.0,50600.0,Call,314,316,253,253,253.0,▼-91,▼-26.45%,6,4,10,19,146,373,1090,185
TXO,202608,20260819.0,50600.0,Put,-,-,-,-,5140.0,-,-,0,0,0,0,-,5190,5010,4850
TXO,202608,20260819.0,50700.0,Call,288,288,255,255,230.0,▼-75,▼-22.73%,2,3,5,28,130,247,1050,167
TXO,202608,20260819.0,50700.0,Put,-,-,-,-,5230.0,-,-,0,0,0,0,-,5270,-,-
TXO,202608,20260819.0,50800.0,Call,280,280,176,218,218.0,▼-98,▼-31.01%,38,45,83,45,202,277,1440,160
TXO,202608,20260819.0,50800.0,Put,5330,5330,5330,5330,5330.0,▲+290,▲+5.75%,0,1,1,0,-,5360,5330,5130
TXO,202608,20260819.0,50900.0,Call,258,258,195,195,207.0,▼-108,▼-35.64%,3,8,11,26,133,276,1560,195
TXO,202608,20260819.0,50900.0,Put,-,-,-,-,5410.0,-,-,0,0,0,0,-,5450,-,-
TXO,202608,20260819.0,51000.0,Call,250,260,172,202,202.0,▼-90,▼-30.82%,67,172,239,241,140,249,1840,144
TXO,202608,20260819.0,51000.0,Put,5030,5190,5030,5190,5500.0,▼-30,▼-0.57%,1,2,3,1,5200,5540,5400,5030
TXO,202608,20260819.0,51100.0,Call,200,200,188,200,186.0,▼-80,▼-28.57%,3,5,8,25,148,326,1100,156
TXO,202608,20260819.0,51100.0,Put,-,-,-,-,5590.0,-,-,0,0,0,0,-,5630,-,-
TXO,202608,20260819.0,51200.0,Call,247,247,182,190,175.0,▼-72,▼-27.48%,10,8,18,26,96,281,1000,134
TXO,202608,20260819.0,51200.0,Put,-,-,-,-,5670.0,-,-,0,0,0,0,-,5720,-,-
TXO,202608,20260819.0,51300.0,Call,210,240,160,164,164.0,▼-92,▼-35.94%,17,49,66,113,165,284,1060,125
TXO,202608,20260819.0,51300.0,Put,-,-,-,-,5760.0,-,-,0,0,0,0,-,5810,-,-
TXO,202608,20260819.0,51400.0,Call,168,168,146,157,157.0,▼-88,▼-35.92%,10,3,13,116,62,-,1150,125
TXO,202608,20260819.0,51400.0,Put,-,-,-,-,5860.0,-,-,0,0,0,0,-,5900,-,-
TXO,202608,20260819.0,51500.0,Call,188,188,147,156,156.0,▼-79,▼-33.62%,1,10,11,73,135,190,1050,108
TXO,202608,20260819.0,51500.0,Put,-,-,-,-,5950.0,-,-,0,0,0,0,-,6000,-,-
TXO,202608,20260819.0,51600.0,Call,195,195,195,195,140.0,▼-30,▼-13.33%,4,1,5,9,56,246,397,106
TXO,202608,20260819.0,51600.0,Put,-,-,-,-,6040.0,-,-,0,0,0,0,-,6090,-,-
TXO,202608,20260819.0,51700.0,Call,138,138,138,138,138.0,▼-77,▼-35.81%,7,2,9,10,39.5,815,1010,96
TXO,202608,20260819.0,51700.0,Put,-,-,-,-,6130.0,-,-,0,0,0,0,-,6180,-,-
TXO,202608,20260819.0,51800.0,Call,135,136,135,136,127.0,▼-70,▼-33.98%,2,2,4,58,42,-,1080,100
TXO,202608,20260819.0,51800.0,Put,-,-,-,-,6230.0,-,-,0,0,0,0,-,6270,-,-
TXO,202608,20260819.0,51900.0,Call,-,-,-,-,121.0,-,-,2,0,2,51,92,-,1100,110
TXO,202608,20260819.0,51900.0,Put,-,-,-,-,6320.0,-,-,0,0,0,0,-,6360,-,-
TXO,202608,20260819.0,52000.0,Call,152,161,99,123,115.0,▼-63,▼-33.87%,42,118,160,864,93,121,1440,83
TXO,202608,20260819.0,52000.0,Put,-,-,-,-,6410.0,-,-,0,0,0,0,-,6460,-,-
TXO,202608,20260819.0,52100.0,Call,110,110,110,110,110.0,▼-69,▼-38.55%,2,1,3,7,82,238,240,82
TXO,202608,20260819.0,52100.0,Put,-,-,-,-,6500.0,-,-,0,0,0,0,-,6550,-,-
TXO,202608,20260819.0,52200.0,Call,-,-,-,-,101.0,-,-,3,0,3,8,2.5,230,910,80
TXO,202608,20260819.0,52200.0,Put,-,-,-,-,6600.0,-,-,0,0,0,0,-,6650,-,-
TXO,202608,20260819.0,52300.0,Call,111,116,100,116,94.0,▼-45,▼-27.95%,7,5,12,13,7.7,650,1340,80
TXO,202608,20260819.0,52300.0,Put,-,-,-,-,6690.0,-,-,0,0,0,0,-,6740,-,-
TXO,202608,20260819.0,52400.0,Call,98,102,97,102,89.0,▼-51,▼-33.33%,4,5,9,6,2.4,-,750,86
TXO,202608,20260819.0,52400.0,Put,-,-,-,-,6790.0,-,-,0,0,0,0,-,6830,-,-
TXO,202608,20260819.0,52500.0,Call,110,120,85,100,88.0,▼-45,▼-31.03%,13,31,44,76,88,106,995,72
TXO,202608,20260819.0,52500.0,Put,-,-,-,-,6880.0,-,-,0,0,0,0,-,6930,-,-
TXO,202608,20260819.0,52600.0,Call,99,99,99,99,80.0,▼-37,▼-27.21%,2,1,3,53,62,186,755,67
TXO,202608,20260819.0,52600.0,Put,-,-,-,-,6980.0,-,-,0,0,0,0,-,7020,-,-
TXO,202608,20260819.0,52700.0,Call,80,80,80,80,80.0,▼-51,▼-38.93%,9,1,10,25,80,-,740,58
TXO,202608,20260819.0,52700.0,Put,-,-,-,-,7070.0,-,-,0,0,0,0,-,7120,-,-
TXO,202608,20260819.0,52800.0,Call,103,112,60,82,71.0,▼-43,▼-34.40%,9,30,39,33,2.5,136,770,58
TXO,202608,20260819.0,52800.0,Put,-,-,-,-,7170.0,-,-,0,0,0,0,-,7220,-,-
TXO,202608,20260819.0,52900.0,Call,98,98,83,83,67.0,▼-36,▼-30.25%,37,2,39,38,5,130,580,56
TXO,202608,20260819.0,52900.0,Put,-,-,-,-,7260.0,-,-,0,0,0,0,-,7310,-,-
TXO,202608,20260819.0,53000.0,Call,85,93,54,68,63.0,▼-51,▼-42.86%,99,146,245,628,60,81,1150,50
TXO,202608,20260819.0,53000.0,Put,-,-,-,-,7360.0,-,-,0,0,0,0,-,7400,-,-
TXO,202608,20260819.0,53100.0,Call,88,88,52,63,63.0,▼-44,▼-41.12%,25,3,28,31,3.8,98,585,52
TXO,202608,20260819.0,53100.0,Put,-,-,-,-,7460.0,-,-,0,0,0,0,-,7510,-,-
TXO,202608,20260819.0,53200.0,Call,60,62,56,62,56.0,▼-40,▼-39.22%,20,13,33,66,3.1,-,590,51
TXO,202608,20260819.0,53200.0,Put,-,-,-,-,7550.0,-,-,0,0,0,0,-,7600,-,-
TXO,202608,20260819.0,53300.0,Call,76,81,76,81,53.0,▼-16,▼-16.49%,4,16,20,19,15.5,95,605,48
TXO,202608,20260819.0,53300.0,Put,-,-,-,-,7650.0,-,-,0,0,0,0,-,7700,-,-
TXO,202608,20260819.0,53400.0,Call,60,60,54,57,49.5,▼-35,▼-38.04%,3,7,10,32,5,4640,630,42
TXO,202608,20260819.0,53400.0,Put,-,-,-,-,7750.0,-,-,0,0,0,0,-,7790,-,-
TXO,202608,20260819.0,53500.0,Call,50,56,47,50,46.5,▼-31,▼-38.27%,43,22,65,172,45,54,1270,41.5
TXO,202608,20260819.0,53500.0,Put,-,-,-,-,7840.0,-,-,0,0,0,0,-,7890,-,-
TXO,202608,20260819.0,53600.0,Call,-,-,-,-,43.5,-,-,1,0,1,23,5.1,4630,710,40
TXO,202608,20260819.0,53600.0,Put,-,-,-,-,7940.0,-,-,0,0,0,0,-,7990,-,-
TXO,202608,20260819.0,53700.0,Call,60,60,40,42.5,42.5,▼-34.5,▼-44.81%,6,14,20,19,40,77,83,40
TXO,202608,20260819.0,53700.0,Put,-,-,-,-,8040.0,-,-,0,0,0,0,-,8090,-,-
TXO,202608,20260819.0,53800.0,Call,-,-,-,-,38.5,-,-,0,0,0,15,1.2,-,530,45
TXO,202608,20260819.0,53800.0,Put,-,-,-,-,8130.0,-,-,0,0,0,0,-,8190,-,-
TXO,202608,20260819.0,53900.0,Call,-,-,-,-,36.0,-,-,0,0,0,45,1.1,61,615,34
TXO,202608,20260819.0,53900.0,Put,-,-,-,-,8230.0,-,-,0,0,0,0,-,8280,-,-
TXO,202608,20260819.0,54000.0,Call,52,53,30,35,35.0,▼-33,▼-48.53%,24,128,152,593,31,38,850,30
TXO,202608,20260819.0,54000.0,Put,-,-,-,-,8330.0,-,-,0,0,0,0,-,8380,-,-
TXO,202608,20260819.0,54100.0,Call,-,-,-,-,32.0,-,-,0,0,0,20,1.1,-,382,33
TXO,202608,20260819.0,54100.0,Put,-,-,-,-,8430.0,-,-,0,0,0,0,-,8480,-,-
TXO,202608,20260819.0,54200.0,Call,-,-,-,-,30.5,-,-,0,0,0,135,5,52,515,32.5
TXO,202608,20260819.0,54200.0,Put,-,-,-,-,8520.0,-,-,0,0,0,0,-,8580,-,-
TXO,202608,20260819.0,54300.0,Call,-,-,-,-,29.0,-,-,0,0,0,31,0.9,52,640,30
TXO,202608,20260819.0,54300.0,Put,-,-,-,-,8620.0,-,-,0,0,0,0,-,8680,-,-
TXO,202608,20260819.0,54400.0,Call,-,-,-,-,27.5,-,-,0,0,0,40,0.9,52,417,78
TXO,202608,20260819.0,54400.0,Put,-,-,-,-,8720.0,-,-,0,0,0,0,-,8770,-,-
TXO,202608,20260819.0,54500.0,Call,-,-,-,-,26.0,-,-,0,0,0,269,3,52,540,27.5
TXO,202608,20260819.0,54500.0,Put,-,-,-,-,8820.0,-,-,0,0,0,0,-,8870,-,-
TXO,202608,20260819.0,54600.0,Call,30,30,30,30,25.0,▼-21,▼-41.18%,0,1,1,230,5,48,330,27
TXO,202608,20260819.0,54600.0,Put,-,-,-,-,8920.0,-,-,0,0,0,0,-,8970,-,-
TXO,202608,20260819.0,54700.0,Call,25.5,25.5,22,22,24.0,▼-27,▼-55.10%,0,7,7,251,24,48,364,22
TXO,202608,20260819.0,54700.0,Put,-,-,-,-,9020.0,-,-,0,0,0,0,-,9070,-,-
TXO,202608,20260819.0,54800.0,Call,24,25,23,23,23.0,▼-23.5,▼-50.54%,1,7,8,374,11,40,440,23
TXO,202608,20260819.0,54800.0,Put,-,-,-,-,9120.0,-,-,0,0,0,0,-,9170,-,-
TXO,202608,20260819.0,54900.0,Call,29,29,24,24,21.5,▼-20.5,▼-46.07%,1,2,3,333,20,28,520,24
TXO,202608,20260819.0,54900.0,Put,-,-,-,-,9210.0,-,-,0,0,0,0,-,9260,-,-
TXO,202608,20260819.0,55000.0,Call,34,34,19,23.5,21.0,▼-19,▼-44.71%,116,158,274,859,21,24,790,19
TXO,202608,20260819.0,55000.0,Put,-,-,-,-,9310.0,-,-,0,0,0,0,-,9360,-,-
TXO,202609,20260916.0,21800.0,Call,23810,23810,23810,23810,24110.0,▼-610,▼-2.50%,0,1,1,3,23940,-,25330,12370
TXO,202609,20260916.0,21800.0,Put,22.5,23.5,22.5,23.5,23.5,▲+1.5,▲+6.82%,4,5,9,534,23,25,650,22
TXO,202609,20260916.0,22000.0,Call,-,-,-,-,23910.0,-,-,0,0,0,6,23740,-,23430,5990
TXO,202609,20260916.0,22000.0,Put,-,-,-,-,25.0,-,-,0,0,0,187,2.3,61,565,10.5
TXO,202609,20260916.0,22200.0,Call,-,-,-,-,23710.0,-,-,0,0,0,0,-,-,-,-
TXO,202609,20260916.0,22200.0,Put,-,-,-,-,25.5,-,-,0,0,0,127,0.4,121,580,31
TXO,202609,20260916.0,22400.0,Call,-,-,-,-,23520.0,-,-,0,0,0,0,-,-,-,-
TXO,202609,20260916.0,22400.0,Put,-,-,-,-,26.0,-,-,0,0,0,104,5,117,605,31
TXO,202609,20260916.0,22600.0,Call,-,-,-,-,23320.0,-,-,0,0,0,0,-,-,-,-
TXO,202609,20260916.0,22600.0,Put,-,-,-,-,27.0,-,-,0,0,0,114,1.1,-,650,31.5
TXO,202609,20260916.0,22800.0,Call,-,-,-,-,23120.0,-,-,0,0,0,0,-,-,-,-
TXO,202609,20260916.0,22800.0,Put,-,-,-,-,27.5,-,-,0,0,0,19,0.5,-,675,32
TXO,202609,20260916.0,23000.0,Call,-,-,-,-,22920.0,-,-,0,0,0,0,-,-,-,-
TXO,202609,20260916.0,23000.0,Put,25,25,25,25,28.5,▼-2,▼-7.41%,0,1,1,50,2,4260,700,25
TXO,202609,20260916.0,23200.0,Call,-,-,-,-,22720.0,-,-,0,0,0,0,-,-,-,-
TXO,202609,20260916.0,23200.0,Put,27,27,27,27,29.0,▼-0.5,▼-1.82%,0,1,1,29,0.5,4580,730,27
TXO,202609,20260916.0,23400.0,Call,-,-,-,-,22520.0,-,-,0,0,0,0,-,-,-,-
TXO,202609,20260916.0,23400.0,Put,-,-,-,-,29.5,-,-,0,0,0,9,0.4,100,700,34.5
TXO,202609,20260916.0,23600.0,Call,-,-,-,-,22320.0,-,-,0,0,0,0,-,-,-,-
TXO,202609,20260916.0,23600.0,Put,-,-,-,-,29.5,-,-,0,0,0,10,20,-,700,30.5
TXO,202609,20260916.0,23800.0,Call,-,-,-,-,22120.0,-,-,0,0,0,0,-,-,-,-
TXO,202609,20260916.0,23800.0,Put,-,-,-,-,29.5,-,-,0,0,0,12,0.4,-,520,31
TXO,202609,20260916.0,24000.0,Call,-,-,-,-,21920.0,-,-,0,0,0,0,-,-,-,-
TXO,202609,20260916.0,24000.0,Put,27,27,27,27,29.5,▼-2,▼-6.90%,0,3,3,41,0.5,4580,665,27
TXO,202609,20260916.0,24200.0,Call,-,-,-,-,21730.0,-,-,0,0,0,0,-,-,-,-
TXO,202609,20260916.0,24200.0,Put,-,-,-,-,30.0,-,-,0,0,0,50,0.5,-,1000,30
TXO,202609,20260916.0,24400.0,Call,-,-,-,-,21530.0,-,-,0,0,0,0,-,-,-,-
TXO,202609,20260916.0,24400.0,Put,30,30,30,30,30.0,▼-0.5,▼-1.64%,0,6,6,10,15,31,1010,30
TXO,202609,20260916.0,24600.0,Call,-,-,-,-,21330.0,-,-,0,0,0,0,-,-,-,-
TXO,202609,20260916.0,24600.0,Put,30,30,30,30,30.0,▼-2.5,▼-7.69%,7,3,10,20,0.5,140,1020,30
TXO,202609,20260916.0,24800.0,Call,-,-,-,-,21130.0,-,-,0,0,0,0,-,-,-,-
TXO,202609,20260916.0,24800.0,Put,-,-,-,-,31.5,-,-,16,0,16,20,0.5,141,1100,31.5
TXO,202609,20260916.0,25000.0,Call,-,-,-,-,20930.0,-,-,0,0,0,0,-,-,-,-
TXO,202609,20260916.0,25000.0,Put,-,-,-,-,32.5,-,-,0,0,0,71,27,100,1050,36
TXO,202609,20260916.0,25200.0,Call,-,-,-,-,20730.0,-,-,0,0,0,0,-,-,-,-
TXO,202609,20260916.0,25200.0,Put,-,-,-,-,34.0,-,-,0,0,0,21,0.6,143,1200,36
TXO,202609,20260916.0,25400.0,Call,-,-,-,-,20530.0,-,-,0,0,0,0,-,-,-,-
TXO,202609,20260916.0,25400.0,Put,-,-,-,-,35.5,-,-,0,0,0,18,0.6,144,1250,36
TXO,202609,20260916.0,25600.0,Call,-,-,-,-,20340.0,-,-,0,0,0,0,-,-,-,-
TXO,202609,20260916.0,25600.0,Put,-,-,-,-,37.0,-,-,0,0,0,29,0.6,100,1210,38
TXO,202609,20260916.0,25800.0,Call,-,-,-,-,20140.0,-,-,0,0,0,169,-,20200,20840,17840
TXO,202609,20260916.0,25800.0,Put,-,-,-,-,38.0,-,-,0,0,0,31,0.6,2980,1270,41
TXO,202609,20260916.0,26000.0,Call,-,-,-,-,19940.0,-,-,0,0,0,0,-,-,-,-
TXO,202609,20260916.0,26000.0,Put,-,-,-,-,40.0,-,-,0,0,0,43,0.7,148,1090,35.5
TXO,202609,20260916.0,26200.0,Call,-,-,-,-,19740.0,-,-,0,0,0,0,-,-,-,-
TXO,202609,20260916.0,26200.0,Put,-,-,-,-,41.5,-,-,0,0,0,20,0.7,4000,1420,50
TXO,202609,20260916.0,26400.0,Call,-,-,-,-,19550.0,-,-,0,0,0,0,-,-,13900,5820
TXO,202609,20260916.0,26400.0,Put,-,-,-,-,43.0,-,-,0,0,0,18,0.7,151,1180,48
TXO,202609,20260916.0,26600.0,Call,-,-,-,-,19350.0,-,-,0,0,0,0,-,-,-,-
TXO,202609,20260916.0,26600.0,Put,-,-,-,-,44.5,-,-,0,0,0,39,0.7,153,1000,93
TXO,202609,20260916.0,26800.0,Call,-,-,-,-,19150.0,-,-,0,0,0,25,19000,-,12000,5510
TXO,202609,20260916.0,26800.0,Put,-,-,-,-,46.5,-,-,0,0,0,35,0.7,-,1130,95
TXO,202609,20260916.0,27000.0,Call,-,-,-,-,18950.0,-,-,0,0,0,3,18790,-,20110,6220
TXO,202609,20260916.0,27000.0,Put,-,-,-,-,48.0,-,-,0,0,0,10,0.7,-,1750,55
TXO,202609,20260916.0,27200.0,Call,-,-,-,-,18760.0,-,-,0,0,0,0,-,-,-,-
TXO,202609,20260916.0,27200.0,Put,-,-,-,-,50.0,-,-,1,0,1,2,0.7,-,750,49
TXO,202609,20260916.0,27400.0,Call,-,-,-,-,18560.0,-,-,0,0,0,2,18450,-,5890,2380
TXO,202609,20260916.0,27400.0,Put,-,-,-,-,52.0,-,-,0,0,0,1,0.7,147,1270,960
TXO,202609,20260916.0,27600.0,Call,-,-,-,-,18360.0,-,-,0,0,0,2,18200,-,10800,2020
TXO,202609,20260916.0,27600.0,Put,-,-,-,-,54.0,-,-,0,0,0,4,0.7,-,1120,64
TXO,202609,20260916.0,27800.0,Call,-,-,-,-,18160.0,-,-,0,0,0,6,-,18230,19160,18840
TXO,202609,20260916.0,27800.0,Put,-,-,-,-,56.0,-,-,0,0,0,16,0.8,163,1460,66
TXO,202609,20260916.0,28000.0,Call,-,-,-,-,17970.0,-,-,0,0,0,1,17810,-,7880,1910
TXO,202609,20260916.0,28000.0,Put,-,-,-,-,58.0,-,-,1,0,1,55,0.8,161,2180,51
TXO,202609,20260916.0,28200.0,Call,-,-,-,-,17770.0,-,-,0,0,0,2,17590,17820,5250,1730
TXO,202609,20260916.0,28200.0,Put,-,-,-,-,60.0,-,-,0,0,0,6,5.9,-,1180,108
TXO,202609,20260916.0,28400.0,Call,-,-,-,-,17570.0,-,-,0,0,0,21,17420,-,15910,1630
TXO,202609,20260916.0,28400.0,Put,-,-,-,-,62.0,-,-,0,0,0,10,0.8,169,1550,130
TXO,202609,20260916.0,28600.0,Call,-,-,-,-,17370.0,-,-,0,0,0,0,-,-,-,-
TXO,202609,20260916.0,28600.0,Put,-,-,-,-,64.0,-,-,0,0,0,5,52,156,1250,96
TXO,202609,20260916.0,28800.0,Call,-,-,-,-,17180.0,-,-,0,0,0,0,-,-,5200,3230
TXO,202609,20260916.0,28800.0,Put,-,-,-,-,67.0,-,-,0,0,0,15,0.9,174,775,55
TXO,202609,20260916.0,29000.0,Call,-,-,-,-,16980.0,-,-,0,0,0,2,16880,-,4570,4570
TXO,202609,20260916.0,29000.0,Put,-,-,-,-,69.0,-,-,0,0,0,19,1,177,1920,53
TXO,202609,20260916.0,29200.0,Call,-,-,-,-,16780.0,-,-,0,0,0,4,16630,-,6310,1310
TXO,202609,20260916.0,29200.0,Put,-,-,-,-,71.0,-,-,0,0,0,7,0.9,-,1320,100
TXO,202609,20260916.0,29400.0,Call,-,-,-,-,16590.0,-,-,0,0,0,1,16420,-,6990,1290
TXO,202609,20260916.0,29400.0,Put,74,74,74,74,74.0,▲+11,▲+17.46%,2,1,3,5,0.9,79,2010,70
TXO,202609,20260916.0,29600.0,Call,-,-,-,-,16390.0,-,-,0,0,0,2,16230,-,5690,1370
TXO,202609,20260916.0,29600.0,Put,74,74,74,74,74.0,▲+6,▲+8.82%,0,1,1,8,1,-,1780,70
TXO,202609,20260916.0,29800.0,Call,-,-,-,-,16190.0,-,-,0,0,0,4,16040,16240,16240,1210
TXO,202609,20260916.0,29800.0,Put,-,-,-,-,78.0,-,-,0,0,0,23,1.1,-,2400,84
TXO,202609,20260916.0,30000.0,Call,-,-,-,-,16000.0,-,-,0,0,0,24,15850,-,14350,1210
TXO,202609,20260916.0,30000.0,Put,89,89,76,82,82.0,▲+10,▲+13.89%,9,9,18,260,72,98,2400,64
TXO,202609,20260916.0,30200.0,Call,-,-,-,-,15800.0,-,-,0,0,0,4,15640,-,10020,1320
TXO,202609,20260916.0,30200.0,Put,84,84,84,84,84.0,▲+10,▲+13.51%,0,1,1,11,2.8,194,2050,84
TXO,202609,20260916.0,30400.0,Call,-,-,-,-,15600.0,-,-,0,0,0,0,-,-,5390,1430
TXO,202609,20260916.0,30400.0,Put,-,-,-,-,86.0,-,-,0,0,0,21,4.1,92,2030,1.1
TXO,202609,20260916.0,30600.0,Call,-,-,-,-,15410.0,-,-,0,0,0,6,15240,-,5520,1000
TXO,202609,20260916.0,30600.0,Put,92,92,90,90,90.0,▲+9,▲+11.11%,1,2,3,8,4.1,-,2090,90
TXO,202609,20260916.0,30800.0,Call,-,-,-,-,15210.0,-,-,0,0,0,7,15060,-,10110,940
TXO,202609,20260916.0,30800.0,Put,-,-,-,-,93.0,-,-,3,0,3,12,6.6,204,2200,100
TXO,202609,20260916.0,31000.0,Call,-,-,-,-,15010.0,-,-,0,0,0,1,-,15120,15990,1300
TXO,202609,20260916.0,31000.0,Put,-,-,-,-,96.0,-,-,2,0,2,15,2.8,-,2410,81
TXO,202609,20260916.0,31200.0,Call,-,-,-,-,14820.0,-,-,0,0,0,0,-,-,5680,2350
TXO,202609,20260916.0,31200.0,Put,105,105,105,105,100.0,▲+16,▲+17.98%,3,1,4,16,2.3,117,4320,100
TXO,202609,20260916.0,31400.0,Call,-,-,-,-,14620.0,-,-,0,0,0,1,14470,-,14330,1430
TXO,202609,20260916.0,31400.0,Put,-,-,-,-,104.0,-,-,5,0,5,12,2.9,-,2750,125
TXO,202609,20260916.0,31600.0,Call,-,-,-,-,14430.0,-,-,0,0,0,0,-,-,3970,2920
TXO,202609,20260916.0,31600.0,Put,101,101,101,101,110.0,▲+4,▲+4.12%,4,1,5,9,6.4,-,2510,97
TXO,202609,20260916.0,31800.0,Call,-,-,-,-,14240.0,-,-,0,0,0,1,14140,-,14100,1370
TXO,202609,20260916.0,31800.0,Put,107,107,107,107,115.0,▲+6,▲+5.94%,1,2,3,39,1.9,-,2990,107
TXO,202609,20260916.0,32000.0,Call,-,-,-,-,14040.0,-,-,0,0,0,21,13880,-,16670,1310
TXO,202609,20260916.0,32000.0,Put,108,109,108,109,116.0,▲+4,▲+3.81%,4,2,6,19,1.9,189,2700,104
TXO,202609,20260916.0,32200.0,Call,-,-,-,-,13840.0,-,-,0,0,0,19,13700,-,13750,1380
TXO,202609,20260916.0,32200.0,Put,-,-,-,-,121.0,-,-,3,0,3,11,2,-,2670,145
TXO,202609,20260916.0,32400.0,Call,-,-,-,-,13650.0,-,-,0,0,0,0,-,-,4680,1440
TXO,202609,20260916.0,32400.0,Put,-,-,-,-,128.0,-,-,4,0,4,19,2,245,2300,108
TXO,202609,20260916.0,32600.0,Call,-,-,-,-,13450.0,-,-,0,0,0,0,-,-,9580,1680
TXO,202609,20260916.0,32600.0,Put,-,-,-,-,131.0,-,-,8,0,8,18,2.1,248,2900,113
TXO,202609,20260916.0,32800.0,Call,-,-,-,-,13260.0,-,-,0,0,0,2,-,13370,8380,1420
TXO,202609,20260916.0,32800.0,Put,165,165,162,164,137.0,▲+39,▲+31.20%,10,18,28,28,90,-,3280,144
TXO,202609,20260916.0,33000.0,Call,-,-,-,-,13070.0,-,-,0,0,0,35,-,13180,12330,399
TXO,202609,20260916.0,33000.0,Put,170,170,157,157,145.0,▲+27,▲+20.77%,1,2,3,76,2.3,190,3000,113
TXO,202609,20260916.0,33200.0,Call,-,-,-,-,12880.0,-,-,0,0,0,4,-,12980,11640,344
TXO,202609,20260916.0,33200.0,Put,165,165,165,165,151.0,▲+29,▲+21.32%,0,1,1,3,41.5,-,2730,165
TXO,202609,20260916.0,33400.0,Call,-,-,-,-,12680.0,-,-,0,0,0,2,12540,-,12040,1470
TXO,202609,20260916.0,33400.0,Put,-,-,-,-,157.0,-,-,1,0,1,6,42,292,2780,145
TXO,202609,20260916.0,33600.0,Call,-,-,-,-,12490.0,-,-,0,0,0,1,-,12570,13690,372
TXO,202609,20260916.0,33600.0,Put,-,-,-,-,165.0,-,-,0,0,0,19,48.5,-,3860,151
TXO,202609,20260916.0,33800.0,Call,-,-,-,-,12300.0,-,-,0,0,0,1,8030,12380,7340,328
TXO,202609,20260916.0,33800.0,Put,-,-,-,-,172.0,-,-,0,0,0,17,57,-,3000,160
TXO,202609,20260916.0,34000.0,Call,-,-,-,-,12110.0,-,-,0,0,0,115,11980,-,12980,325
TXO,202609,20260916.0,34000.0,Put,170,208,170,208,180.0,▲+42,▲+25.30%,4,5,9,63,65,329,3990,144
TXO,202609,20260916.0,34200.0,Call,-,-,-,-,11920.0,-,-,0,0,0,1,-,-,9340,299
TXO,202609,20260916.0,34200.0,Put,-,-,-,-,189.0,-,-,0,0,0,4,75,-,1130,257
TXO,202609,20260916.0,34400.0,Call,-,-,-,-,11730.0,-,-,0,0,0,0,-,-,6600,305
TXO,202609,20260916.0,34400.0,Put,-,-,-,-,198.0,-,-,0,0,0,10,86,-,3660,218
TXO,202609,20260916.0,34600.0,Call,-,-,-,-,11530.0,-,-,0,0,0,3,11430,11650,11000,306
TXO,202609,20260916.0,34600.0,Put,201,201,201,201,201.0,▲+18,▲+9.84%,0,1,1,4,96,-,4530,201
TXO,202609,20260916.0,34800.0,Call,-,-,-,-,11340.0,-,-,0,0,0,3,11220,-,3130,370
TXO,202609,20260916.0,34800.0,Put,203,210,203,210,210.0,▲+19,▲+9.95%,0,2,2,6,108,295,3320,200
TXO,202609,20260916.0,35000.0,Call,-,-,-,-,11160.0,-,-,0,0,0,6,-,11250,14340,510
TXO,202609,20260916.0,35000.0,Put,254,270,200,205,227.0,▲+5,▲+2.50%,4,5,9,56,121,240,3320,176
TXO,202609,20260916.0,35200.0,Call,-,-,-,-,10970.0,-,-,0,0,0,1,-,11080,8530,850
TXO,202609,20260916.0,35200.0,Put,-,-,-,-,239.0,-,-,0,0,0,44,174,338,1150,239
TXO,202609,20260916.0,35400.0,Call,-,-,-,-,10780.0,-,-,0,0,0,0,-,-,8330,373
TXO,202609,20260916.0,35400.0,Put,-,-,-,-,250.0,-,-,0,0,0,2,150,323,3430,227
TXO,202609,20260916.0,35600.0,Call,-,-,-,-,10600.0,-,-,0,0,0,0,-,-,7680,1220
TXO,202609,20260916.0,35600.0,Put,-,-,-,-,263.0,-,-,0,0,0,6,164,305,4020,238
TXO,202609,20260916.0,35800.0,Call,-,-,-,-,10410.0,-,-,0,0,0,3,-,10520,5820,450
TXO,202609,20260916.0,35800.0,Put,326,326,304,304,276.0,▲+64,▲+26.67%,0,2,2,12,176,-,2000,304
TXO,202609,20260916.0,36000.0,Call,-,-,-,-,10220.0,-,-,0,0,0,41,-,10310,11770,595
TXO,202609,20260916.0,36000.0,Put,341,341,265,280,280.0,▲+33,▲+13.36%,5,6,11,119,169,300,4200,232
TXO,202609,20260916.0,36200.0,Call,-,-,-,-,10040.0,-,-,0,0,0,0,-,-,8750,282
TXO,202609,20260916.0,36200.0,Put,-,-,-,-,305.0,-,-,0,0,0,3,209,-,1400,333
TXO,202609,20260916.0,36400.0,Call,-,-,-,-,9860.0,-,-,0,0,0,0,9750,-,7540,499
TXO,202609,20260916.0,36400.0,Put,-,-,-,-,320.0,-,-,0,0,0,4,186,-,4830,560
TXO,202609,20260916.0,36600.0,Call,-,-,-,-,9670.0,-,-,0,0,0,0,-,-,7400,480
TXO,202609,20260916.0,36600.0,Put,-,-,-,-,336.0,-,-,0,0,0,1,205,-,1860,580
TXO,202609,20260916.0,36800.0,Call,-,-,-,-,9490.0,-,-,0,0,0,19,9340,-,2830,310
TXO,202609,20260916.0,36800.0,Put,444,444,444,444,350.0,▲+144,▲+48.00%,0,3,3,23,223,-,4910,328
TXO,202609,20260916.0,37000.0,Call,-,-,-,-,9310.0,-,-,0,0,0,29,-,9430,9270,540
TXO,202609,20260916.0,37000.0,Put,444,444,432,432,371.0,▲+117,▲+37.14%,0,2,2,55,245,510,2520,300
TXO,202609,20260916.0,37200.0,Call,-,-,-,-,9130.0,-,-,0,0,0,5,8990,-,10420,375
TXO,202609,20260916.0,37200.0,Put,-,-,-,-,393.0,-,-,0,0,0,83,263,494,2390,450
TXO,202609,20260916.0,37400.0,Call,-,-,-,-,8950.0,-,-,0,0,0,1,8830,-,1370,456
TXO,202609,20260916.0,37400.0,Put,-,-,-,-,415.0,-,-,0,0,0,5,291,-,2530,482
TXO,202609,20260916.0,37600.0,Call,-,-,-,-,8780.0,-,-,0,0,0,1,-,8820,5920,430
TXO,202609,20260916.0,37600.0,Put,413,413,413,413,439.0,▲+49,▲+13.46%,5,1,6,9,314,4900,2660,413
TXO,202609,20260916.0,37800.0,Call,-,-,-,-,8600.0,-,-,0,0,0,2,8450,-,3680,390
TXO,202609,20260916.0,37800.0,Put,400,435,400,435,455.0,▲+52,▲+13.58%,0,2,2,5,333,-,1110,364
TXO,202609,20260916.0,37900.0,Call,-,-,-,-,8500.0,-,-,0,0,0,0,-,-,-,-
TXO,202609,20260916.0,37900.0,Put,-,-,-,-,464.0,-,-,0,0,0,1,344,550,575,575
TXO,202609,20260916.0,38000.0,Call,-,-,-,-,8420.0,-,-,0,0,0,3,8290,-,9000,350
TXO,202609,20260916.0,38000.0,Put,-,-,-,-,475.0,-,-,2,0,2,18,358,590,6640,431
TXO,202609,20260916.0,38100.0,Call,-,-,-,-,8330.0,-,-,0,0,0,0,-,-,-,-
TXO,202609,20260916.0,38100.0,Put,-,-,-,-,487.0,-,-,2,0,2,3,344,595,630,390
TXO,202609,20260916.0,38200.0,Call,-,-,-,-,8240.0,-,-,0,0,0,0,-,-,1030,370
TXO,202609,20260916.0,38200.0,Put,-,-,-,-,495.0,-,-,0,0,0,0,347,-,2770,550
TXO,202609,20260916.0,38300.0,Call,-,-,-,-,8150.0,-,-,0,0,0,0,-,-,-,-
TXO,202609,20260916.0,38300.0,Put,-,-,-,-,510.0,-,-,0,0,0,2,370,600,660,400
TXO,202609,20260916.0,38400.0,Call,-,-,-,-,8060.0,-,-,0,0,0,1,7950,-,4030,340
TXO,202609,20260916.0,38400.0,Put,-,-,-,-,525.0,-,-,0,0,0,1,379,-,2080,496
TXO,202609,20260916.0,38500.0,Call,-,-,-,-,7980.0,-,-,0,0,0,0,-,-,-,-
TXO,202609,20260916.0,38500.0,Put,600,625,525,525,525.0,▲+75,▲+16.67%,0,17,17,17,393,645,700,500
TXO,202609,20260916.0,38600.0,Call,-,-,-,-,7890.0,-,-,0,0,0,0,-,-,4750,371
TXO,202609,20260916.0,38600.0,Put,-,-,-,-,550.0,-,-,0,0,0,3,409,640,2850,500
TXO,202609,20260916.0,38700.0,Call,-,-,-,-,7810.0,-,-,0,0,0,0,-,-,-,-
TXO,202609,20260916.0,38700.0,Put,-,-,-,-,565.0,-,-,0,0,0,0,425,-,655,500
TXO,202609,20260916.0,38800.0,Call,-,-,-,-,7720.0,-,-,0,0,0,20,7600,-,10410,270
TXO,202609,20260916.0,38800.0,Put,-,-,-,-,580.0,-,-,2,0,2,3,440,650,2100,500
TXO,202609,20260916.0,38900.0,Call,-,-,-,-,7640.0,-,-,0,0,0,0,-,-,-,-
TXO,202609,20260916.0,38900.0,Put,-,-,-,-,595.0,-,-,1,0,1,2,455,690,710,500
TXO,202609,20260916.0,39000.0,Call,-,-,-,-,7560.0,-,-,0,0,0,50,-,7670,8810,273
TXO,202609,20260916.0,39000.0,Put,-,-,-,-,615.0,-,-,2,0,2,74,472,-,2820,485
TXO,202609,20260916.0,39100.0,Call,-,-,-,-,7460.0,-,-,0,0,0,0,-,-,-,-
TXO,202609,20260916.0,39100.0,Put,-,-,-,-,620.0,-,-,0,0,0,2,478,-,990,560
TXO,202609,20260916.0,39200.0,Call,-,-,-,-,7380.0,-,-,0,0,0,2,-,7430,6340,249
TXO,202609,20260916.0,39200.0,Put,-,-,-,-,635.0,-,-,0,0,0,2,465,705,2750,620
TXO,202609,20260916.0,39300.0,Call,-,-,-,-,7290.0,-,-,0,0,0,0,-,-,-,-
TXO,202609,20260916.0,39300.0,Put,-,-,-,-,650.0,-,-,1,0,1,1,510,720,775,690
TXO,202609,20260916.0,39400.0,Call,-,-,-,-,7210.0,-,-,0,0,0,7,7090,-,8270,223
TXO,202609,20260916.0,39400.0,Put,-,-,-,-,665.0,-,-,1,0,1,3,497,-,2390,790
TXO,202609,20260916.0,39500.0,Call,-,-,-,-,7120.0,-,-,0,0,0,0,-,-,-,-
TXO,202609,20260916.0,39500.0,Put,-,-,-,-,680.0,-,-,0,0,0,1,520,-,975,580
TXO,202609,20260916.0,39600.0,Call,-,-,-,-,7030.0,-,-,0,0,0,2,6900,-,5910,394
TXO,202609,20260916.0,39600.0,Put,630,630,630,630,690.0,▲+40,▲+6.78%,0,2,2,2,545,805,2870,630
TXO,202609,20260916.0,39700.0,Call,-,-,-,-,6950.0,-,-,0,0,0,0,-,-,-,-
TXO,202609,20260916.0,39700.0,Put,-,-,-,-,710.0,-,-,0,0,0,1,565,-,640,640
TXO,202609,20260916.0,39800.0,Call,-,-,-,-,6870.0,-,-,0,0,0,0,-,-,6170,417
TXO,202609,20260916.0,39800.0,Put,-,-,-,-,730.0,-,-,0,0,0,3,565,-,2020,660
TXO,202609,20260916.0,39900.0,Call,-,-,-,-,6800.0,-,-,0,0,0,0,-,-,-,-
TXO,202609,20260916.0,39900.0,Put,-,-,-,-,750.0,-,-,0,0,0,8,640,840,1260,635
TXO,202609,20260916.0,40000.0,Call,-,-,-,-,6710.0,-,-,0,0,0,66,-,6760,8030,380
TXO,202609,20260916.0,40000.0,Put,840,920,755,755,755.0,▲+105,▲+16.15%,7,29,36,101,660,875,3040,600
TXO,202609,20260916.0,40100.0,Call,-,-,-,-,6630.0,-,-,0,0,0,0,-,-,-,-
TXO,202609,20260916.0,40100.0,Put,-,-,-,-,780.0,-,-,0,0,0,26,625,-,990,705
TXO,202609,20260916.0,40200.0,Call,-,-,-,-,6540.0,-,-,0,0,0,4,-,6670,7670,250
TXO,202609,20260916.0,40200.0,Put,-,-,-,-,795.0,-,-,0,0,0,10,610,910,1520,725
TXO,202609,20260916.0,40300.0,Call,-,-,-,-,6460.0,-,-,0,0,0,0,-,-,-,-
TXO,202609,20260916.0,40300.0,Put,935,950,935,950,815.0,▲+260,▲+37.68%,0,2,2,13,695,-,950,700
TXO,202609,20260916.0,40400.0,Call,-,-,-,-,6380.0,-,-,0,0,0,8,6270,-,4590,388
TXO,202609,20260916.0,40400.0,Put,790,790,790,790,835.0,▲+80,▲+11.27%,0,1,1,4,695,-,3260,750
TXO,202609,20260916.0,40500.0,Call,-,-,-,-,6310.0,-,-,0,0,0,0,-,-,-,-
TXO,202609,20260916.0,40500.0,Put,-,-,-,-,860.0,-,-,0,0,0,24,720,-,1720,740
TXO,202609,20260916.0,40600.0,Call,-,-,-,-,6230.0,-,-,0,0,0,5,6110,6490,4390,345
TXO,202609,20260916.0,40600.0,Put,-,-,-,-,880.0,-,-,0,0,0,10,770,-,4360,785
TXO,202609,20260916.0,40700.0,Call,-,-,-,-,6140.0,-,-,0,0,0,0,-,-,-,-
TXO,202609,20260916.0,40700.0,Put,-,-,-,-,890.0,-,-,0,0,0,3,780,-,825,810
TXO,202609,20260916.0,40800.0,Call,-,-,-,-,6060.0,-,-,0,0,0,4,5950,-,6870,530
TXO,202609,20260916.0,40800.0,Put,-,-,-,-,910.0,-,-,0,0,0,9,800,-,4480,835
TXO,202609,20260916.0,40900.0,Call,-,-,-,-,5980.0,-,-,0,0,0,0,-,-,-,-
TXO,202609,20260916.0,40900.0,Put,-,-,-,-,935.0,-,-,0,0,0,3,820,-,970,795
TXO,202609,20260916.0,41000.0,Call,-,-,-,-,5900.0,-,-,0,0,0,5,-,-,7580,320
TXO,202609,20260916.0,41000.0,Put,925,925,925,925,945.0,▲+105,▲+12.80%,4,1,5,40,2.1,1050,4640,820
TXO,202609,20260916.0,41100.0,Call,-,-,-,-,5820.0,-,-,0,0,0,0,-,-,-,-
TXO,202609,20260916.0,41100.0,Put,-,-,-,-,970.0,-,-,0,0,0,1,2.1,1090,1190,1190
TXO,202609,20260916.0,41200.0,Call,-,-,-,-,5750.0,-,-,0,0,0,0,-,-,3540,2240
TXO,202609,20260916.0,41200.0,Put,-,-,-,-,995.0,-,-,0,0,0,9,860,-,7750,1200
TXO,202609,20260916.0,41300.0,Call,-,-,-,-,5670.0,-,-,0,0,0,0,-,-,-,-
TXO,202609,20260916.0,41300.0,Put,-,-,-,-,1020.0,-,-,0,0,0,0,2.1,-,-,-
TXO,202609,20260916.0,41400.0,Call,-,-,-,-,5590.0,-,-,0,0,0,0,-,-,5680,3000
TXO,202609,20260916.0,41400.0,Put,-,-,-,-,1040.0,-,-,0,0,0,2,930,-,3480,1410
TXO,202609,20260916.0,41500.0,Call,-,-,-,-,5520.0,-,-,0,0,0,0,-,-,-,-
TXO,202609,20260916.0,41500.0,Put,990,990,990,990,1070.0,▲+75,▲+8.20%,0,1,1,6,955,-,1260,980
TXO,202609,20260916.0,41600.0,Call,-,-,-,-,5430.0,-,-,0,0,0,0,-,-,3720,2070
TXO,202609,20260916.0,41600.0,Put,-,-,-,-,1080.0,-,-,0,0,0,2,955,-,3420,1290
TXO,202609,20260916.0,41700.0,Call,-,-,-,-,5360.0,-,-,0,0,0,0,-,-,-,-
TXO,202609,20260916.0,41700.0,Put,-,-,-,-,1100.0,-,-,0,0,0,0,2.1,-,1330,970
TXO,202609,20260916.0,41800.0,Call,-,-,-,-,5280.0,-,-,0,0,0,0,-,-,2410,264
TXO,202609,20260916.0,41800.0,Put,-,-,-,-,1130.0,-,-,0,0,0,1,2.1,1250,6470,1000
TXO,202609,20260916.0,41900.0,Call,-,-,-,-,5210.0,-,-,0,0,0,0,-,-,-,-
TXO,202609,20260916.0,41900.0,Put,-,-,-,-,1150.0,-,-,0,0,0,65,2.1,1280,1720,960
TXO,202609,20260916.0,42000.0,Call,-,-,-,-,5130.0,-,-,0,0,0,106,5010,-,6680,161
TXO,202609,20260916.0,42000.0,Put,1320,1320,1100,1100,1180.0,▲+60,▲+5.77%,4,2,6,173,800,1290,7310,1000
TXO,202609,20260916.0,42100.0,Call,-,-,-,-,5060.0,-,-,0,0,0,0,-,-,-,-
TXO,202609,20260916.0,42100.0,Put,-,-,-,-,1210.0,-,-,10,0,10,11,1060,-,1410,1010
TXO,202609,20260916.0,42200.0,Call,-,-,-,-,4980.0,-,-,0,0,0,2,4840,-,3620,269
TXO,202609,20260916.0,42200.0,Put,-,-,-,-,1230.0,-,-,0,0,0,9,2.1,1330,2410,1050
TXO,202609,20260916.0,42300.0,Call,-,-,-,-,4910.0,-,-,0,0,0,0,-,-,-,-
TXO,202609,20260916.0,42300.0,Put,-,-,-,-,1260.0,-,-,0,0,0,5,1140,-,1200,1200
TXO,202609,20260916.0,42400.0,Call,-,-,-,-,4830.0,-,-,0,0,0,0,-,4960,1360,1180
TXO,202609,20260916.0,42400.0,Put,-,-,-,-,1280.0,-,-,0,0,0,9,1130,-,3470,1160
TXO,202609,20260916.0,42500.0,Call,-,-,-,-,4770.0,-,-,0,0,0,0,-,-,-,-
TXO,202609,20260916.0,42500.0,Put,-,-,-,-,1310.0,-,-,0,0,0,5,1160,-,1510,1510
TXO,202609,20260916.0,42600.0,Call,-,-,-,-,4690.0,-,-,0,0,0,7,-,4790,6330,101
TXO,202609,20260916.0,42600.0,Put,-,-,-,-,1330.0,-,-,0,0,0,4,1190,-,8970,1880
TXO,202609,20260916.0,42700.0,Call,-,-,-,-,4620.0,-,-,0,0,0,0,-,-,-,-
TXO,202609,20260916.0,42700.0,Put,-,-,-,-,1360.0,-,-,0,0,0,8,1250,-,2030,1250
TXO,202609,20260916.0,42800.0,Call,-,-,-,-,4550.0,-,-,0,0,0,200,-,4670,7760,800
TXO,202609,20260916.0,42800.0,Put,-,-,-,-,1390.0,-,-,0,0,0,203,1280,-,4270,1290
TXO,202609,20260916.0,42900.0,Call,-,-,-,-,4480.0,-,-,0,0,0,0,-,-,-,-
TXO,202609,20260916.0,42900.0,Put,-,-,-,-,1420.0,-,-,0,0,0,6,1300,-,2140,1310
TXO,202609,20260916.0,43000.0,Call,-,-,-,-,4410.0,-,-,0,0,0,21,4300,-,7050,580
TXO,202609,20260916.0,43000.0,Put,-,-,-,-,1450.0,-,-,3,0,3,34,1310,-,4540,1240
TXO,202609,20260916.0,43100.0,Call,-,-,-,-,4330.0,-,-,0,0,0,0,-,-,-,-
TXO,202609,20260916.0,43100.0,Put,-,-,-,-,1470.0,-,-,1,0,1,1,-,1580,1230,1230
TXO,202609,20260916.0,43200.0,Call,-,-,-,-,4260.0,-,-,0,0,0,3,4150,4390,5810,790
TXO,202609,20260916.0,43200.0,Put,-,-,-,-,1510.0,-,-,5,0,5,7,1380,-,3670,1610
TXO,202609,20260916.0,43300.0,Call,-,-,-,-,4190.0,-,-,0,0,0,1,-,4270,5360,5360
TXO,202609,20260916.0,43300.0,Put,-,-,-,-,1540.0,-,-,0,0,0,1,1420,-,1830,1830
TXO,202609,20260916.0,43400.0,Call,-,-,-,-,4130.0,-,-,0,0,0,2,-,4200,4900,750
TXO,202609,20260916.0,43400.0,Put,-,-,-,-,1570.0,-,-,0,0,0,2,-,-,3460,1930
TXO,202609,20260916.0,43500.0,Call,-,-,-,-,4060.0,-,-,0,0,0,0,4000,4160,-,-
TXO,202609,20260916.0,43500.0,Put,-,-,-,-,1600.0,-,-,0,0,0,1,1450,-,1930,1500
TXO,202609,20260916.0,43600.0,Call,-,-,-,-,3990.0,-,-,0,0,0,3,3910,4090,6660,545
TXO,202609,20260916.0,43600.0,Put,-,-,-,-,1630.0,-,-,0,0,0,1,-,1740,3450,1670
TXO,202609,20260916.0,43700.0,Call,-,-,-,-,3930.0,-,-,0,0,0,0,-,4040,-,-
TXO,202609,20260916.0,43700.0,Put,-,-,-,-,1670.0,-,-,10,0,10,10,1530,-,2350,1770
TXO,202609,20260916.0,43800.0,Call,-,-,-,-,3860.0,-,-,0,0,0,1,3730,3980,5000,2090
TXO,202609,20260916.0,43800.0,Put,-,-,-,-,1700.0,-,-,5,0,5,5,1560,-,3250,1800
TXO,202609,20260916.0,43900.0,Call,-,-,-,-,3790.0,-,-,0,0,0,0,-,3920,-,-
TXO,202609,20260916.0,43900.0,Put,-,-,-,-,1730.0,-,-,0,0,0,1,1570,-,2230,1570
TXO,202609,20260916.0,44000.0,Call,-,-,-,-,3720.0,-,-,0,0,0,1,-,3840,6080,331
TXO,202609,20260916.0,44000.0,Put,-,-,-,-,1760.0,-,-,0,0,0,4,1620,-,4100,1450
TXO,202609,20260916.0,44100.0,Call,-,-,-,-,3670.0,-,-,0,0,0,0,-,3760,-,-
TXO,202609,20260916.0,44100.0,Put,-,-,-,-,1800.0,-,-,0,0,0,0,-,-,2160,1570
TXO,202609,20260916.0,44200.0,Call,-,-,-,-,3600.0,-,-,0,0,0,4,-,3710,4830,2000
TXO,202609,20260916.0,44200.0,Put,-,-,-,-,1840.0,-,-,0,0,0,2,1730,-,5100,2300
TXO,202609,20260916.0,44300.0,Call,-,-,-,-,3540.0,-,-,0,0,0,0,-,3630,-,-
TXO,202609,20260916.0,44300.0,Put,-,-,-,-,1870.0,-,-,10,0,10,10,1720,-,1980,1980
TXO,202609,20260916.0,44400.0,Call,-,-,-,-,3470.0,-,-,0,0,0,0,-,3550,4130,2140
TXO,202609,20260916.0,44400.0,Put,1840,1840,1750,1790,1910.0,▲+70,▲+4.07%,0,4,4,2,1800,-,2330,1660
TXO,202609,20260916.0,44500.0,Call,-,-,-,-,3410.0,-,-,0,0,0,0,-,3500,5080,4550
TXO,202609,20260916.0,44500.0,Put,-,-,-,-,1940.0,-,-,0,0,0,11,1820,-,2240,1880
TXO,202609,20260916.0,44600.0,Call,-,-,-,-,3350.0,-,-,0,0,0,5,-,3440,4550,337
TXO,202609,20260916.0,44600.0,Put,-,-,-,-,1980.0,-,-,0,0,0,0,-,-,5580,2760
TXO,202609,20260916.0,44700.0,Call,-,-,-,-,3290.0,-,-,0,0,0,0,-,3390,-,-
TXO,202609,20260916.0,44700.0,Put,-,-,-,-,2030.0,-,-,0,0,0,0,-,-,-,-
TXO,202609,20260916.0,44800.0,Call,-,-,-,-,3220.0,-,-,0,0,0,1,-,3330,4950,600
TXO,202609,20260916.0,44800.0,Put,-,-,-,-,2060.0,-,-,0,0,0,1,1920,-,3580,1860
TXO,202609,20260916.0,44900.0,Call,-,-,-,-,3160.0,-,-,0,0,0,0,-,3240,-,-
TXO,202609,20260916.0,44900.0,Put,-,-,-,-,2090.0,-,-,0,0,0,0,1,-,-,-
TXO,202609,20260916.0,45000.0,Call,-,-,-,-,3100.0,-,-,0,0,0,14,3040,3190,5750,550
TXO,202609,20260916.0,45000.0,Put,2080,2080,2080,2080,2130.0,▲+140,▲+7.22%,0,2,2,12,1,2250,5530,1900
TXO,202609,20260916.0,45100.0,Call,-,-,-,-,3040.0,-,-,0,0,0,0,-,3130,-,-
TXO,202609,20260916.0,45100.0,Put,-,-,-,-,2170.0,-,-,0,0,0,0,-,-,-,-
TXO,202609,20260916.0,45200.0,Call,-,-,-,-,2980.0,-,-,0,0,0,2,2860,3070,6110,550
TXO,202609,20260916.0,45200.0,Put,-,-,-,-,2220.0,-,-,0,0,0,0,-,-,-,-
TXO,202609,20260916.0,45300.0,Call,-,-,-,-,2930.0,-,-,0,0,0,0,-,3030,-,-
TXO,202609,20260916.0,45300.0,Put,-,-,-,-,2260.0,-,-,0,0,0,0,-,-,-,-
TXO,202609,20260916.0,45400.0,Call,-,-,-,-,2870.0,-,-,0,0,0,0,-,2970,3530,700
TXO,202609,20260916.0,45400.0,Put,-,-,-,-,2310.0,-,-,0,0,0,1,-,2410,2210,2210
TXO,202609,20260916.0,45500.0,Call,-,-,-,-,2810.0,-,-,0,0,0,0,-,-,-,-
TXO,202609,20260916.0,45500.0,Put,2300,2300,2300,2300,2350.0,▲+150,▲+6.98%,0,1,1,3,2200,-,2390,2300
TXO,202609,20260916.0,45600.0,Call,2720,2720,2720,2720,2760.0,▼-140,▼-4.90%,0,1,1,3,-,2890,5400,630
TXO,202609,20260916.0,45600.0,Put,-,-,-,-,2390.0,-,-,0,0,0,1,2240,-,3300,3300
TXO,202609,20260916.0,45700.0,Call,-,-,-,-,2700.0,-,-,2,0,2,3,2570,-,4250,2780
TXO,202609,20260916.0,45700.0,Put,-,-,-,-,2430.0,-,-,0,0,0,0,-,-,-,-
TXO,202609,20260916.0,45800.0,Call,-,-,-,-,2650.0,-,-,0,0,0,12,2520,-,3830,2560
TXO,202609,20260916.0,45800.0,Put,-,-,-,-,2480.0,-,-,0,0,0,3,-,2570,4150,2250
TXO,202609,20260916.0,45900.0,Call,-,-,-,-,2600.0,-,-,0,0,0,0,-,-,-,-
TXO,202609,20260916.0,45900.0,Put,-,-,-,-,2530.0,-,-,0,0,0,1,2390,-,3410,3410
TXO,202609,20260916.0,46000.0,Call,-,-,-,-,2530.0,-,-,0,0,0,30,2420,-,5040,880
TXO,202609,20260916.0,46000.0,Put,-,-,-,-,2560.0,-,-,0,0,0,6,-,-,5600,2350
TXO,202609,20260916.0,46100.0,Call,-,-,-,-,2470.0,-,-,0,0,0,1,-,-,3120,2580
TXO,202609,20260916.0,46100.0,Put,-,-,-,-,2610.0,-,-,0,0,0,1,2460,-,3430,3430
TXO,202609,20260916.0,46200.0,Call,-,-,-,-,2420.0,-,-,0,0,0,81,2310,-,5360,1190
TXO,202609,20260916.0,46200.0,Put,-,-,-,-,2650.0,-,-,0,0,0,9,2530,-,5010,2530
TXO,202609,20260916.0,46300.0,Call,-,-,-,-,2370.0,-,-,0,0,0,0,-,-,-,-
TXO,202609,20260916.0,46300.0,Put,-,-,-,-,2700.0,-,-,0,0,0,0,-,-,-,-
TXO,202609,20260916.0,46400.0,Call,-,-,-,-,2310.0,-,-,0,0,0,4,2210,-,4700,2370
TXO,202609,20260916.0,46400.0,Put,-,-,-,-,2740.0,-,-,0,0,0,2,2600,-,3500,3480
TXO,202609,20260916.0,46500.0,Call,2170,2270,2170,2270,2270.0,▼-100,▼-4.22%,0,2,2,21,7,2410,3900,2040
TXO,202609,20260916.0,46500.0,Put,-,-,-,-,2790.0,-,-,0,0,0,37,2670,-,3460,3020
TXO,202609,20260916.0,46600.0,Call,-,-,-,-,2210.0,-,-,0,0,0,6,2110,-,3760,780
TXO,202609,20260916.0,46600.0,Put,-,-,-,-,2840.0,-,-,0,0,0,1,2750,-,6230,6230
TXO,202609,20260916.0,46700.0,Call,-,-,-,-,2160.0,-,-,0,0,0,1,-,2300,5130,1660
TXO,202609,20260916.0,46700.0,Put,-,-,-,-,2890.0,-,-,0,0,0,0,-,-,-,-
TXO,202609,20260916.0,46800.0,Call,-,-,-,-,2110.0,-,-,0,0,0,1,-,2260,3180,700
TXO,202609,20260916.0,46800.0,Put,-,-,-,-,2940.0,-,-,0,0,0,2,2860,-,7400,2980
TXO,202609,20260916.0,46900.0,Call,-,-,-,-,2060.0,-,-,0,0,0,3,1970,-,3630,3630
TXO,202609,20260916.0,46900.0,Put,-,-,-,-,2990.0,-,-,0,0,0,0,2870,-,3700,3490
TXO,202609,20260916.0,47000.0,Call,2110,2110,2110,2110,2020.0,▼-20,▼-0.94%,0,4,4,43,-,2160,5010,1000
TXO,202609,20260916.0,47000.0,Put,-,-,-,-,3050.0,-,-,0,0,0,41,2930,-,6520,2830
TXO,202609,20260916.0,47100.0,Call,-,-,-,-,1980.0,-,-,0,0,0,1,1880,-,3480,2330
TXO,202609,20260916.0,47100.0,Put,-,-,-,-,3110.0,-,-,0,0,0,0,2980,-,-,-
TXO,202609,20260916.0,47200.0,Call,-,-,-,-,1930.0,-,-,0,0,0,1,1830,-,3600,950
TXO,202609,20260916.0,47200.0,Put,-,-,-,-,3160.0,-,-,0,0,0,4,3060,-,6660,3720
TXO,202609,20260916.0,47300.0,Call,-,-,-,-,1880.0,-,-,0,0,0,1,-,-,3600,3520
TXO,202609,20260916.0,47300.0,Put,-,-,-,-,3210.0,-,-,0,0,0,0,3090,-,-,-
TXO,202609,20260916.0,47400.0,Call,-,-,-,-,1850.0,-,-,0,0,0,30,1720,-,4760,995
TXO,202609,20260916.0,47400.0,Put,-,-,-,-,3270.0,-,-,0,0,0,1,3180,-,6660,6660
TXO,202609,20260916.0,47500.0,Call,-,-,-,-,1800.0,-,-,1,0,1,2,-,1910,2240,1830
TXO,202609,20260916.0,47500.0,Put,-,-,-,-,3330.0,-,-,0,0,0,0,3200,-,-,-
TXO,202609,20260916.0,47600.0,Call,-,-,-,-,1760.0,-,-,0,0,0,2,-,1870,2000,600
TXO,202609,20260916.0,47600.0,Put,-,-,-,-,3390.0,-,-,0,0,0,1,3290,-,6960,6960
TXO,202609,20260916.0,47700.0,Call,-,-,-,-,1710.0,-,-,0,0,0,4,1620,-,1730,1730
TXO,202609,20260916.0,47700.0,Put,-,-,-,-,3440.0,-,-,0,0,0,0,3300,-,-,-
TXO,202609,20260916.0,47800.0,Call,-,-,-,-,1670.0,-,-,0,0,0,1,16,-,2000,1740
TXO,202609,20260916.0,47800.0,Put,-,-,-,-,3490.0,-,-,0,0,0,1,3410,-,6790,6790
TXO,202609,20260916.0,47900.0,Call,-,-,-,-,1630.0,-,-,0,0,0,0,-,-,-,-
TXO,202609,20260916.0,47900.0,Put,-,-,-,-,3550.0,-,-,0,0,0,0,3440,-,-,-
TXO,202609,20260916.0,48000.0,Call,1650,1650,1480,1570,1570.0,▼-110,▼-6.55%,0,3,3,15,1460,-,3130,820
TXO,202609,20260916.0,48000.0,Put,-,-,-,-,3610.0,-,-,0,0,0,5,3500,-,7110,2880
TXO,202609,20260916.0,48100.0,Call,-,-,-,-,1550.0,-,-,0,0,0,0,-,-,2800,2780
TXO,202609,20260916.0,48100.0,Put,-,-,-,-,3670.0,-,-,0,0,0,0,3560,-,4850,3390
TXO,202609,20260916.0,48200.0,Call,-,-,-,-,1510.0,-,-,0,0,0,0,-,-,2850,1680
TXO,202609,20260916.0,48200.0,Put,-,-,-,-,3740.0,-,-,0,0,0,3,3620,-,7310,7180
TXO,202609,20260916.0,48300.0,Call,-,-,-,-,1470.0,-,-,0,0,0,0,-,-,-,-
TXO,202609,20260916.0,48300.0,Put,-,-,-,-,3800.0,-,-,0,0,0,0,3660,-,-,-
TXO,202609,20260916.0,48400.0,Call,-,-,-,-,1440.0,-,-,0,0,0,0,-,-,1980,815
TXO,202609,20260916.0,48400.0,Put,-,-,-,-,3860.0,-,-,0,0,0,7,3750,-,7590,7240
TXO,202609,20260916.0,48500.0,Call,-,-,-,-,1400.0,-,-,0,0,0,2,-,1550,990,990
TXO,202609,20260916.0,48500.0,Put,-,-,-,-,3930.0,-,-,0,0,0,0,3780,-,-,-
TXO,202609,20260916.0,48600.0,Call,-,-,-,-,1360.0,-,-,0,0,0,0,-,-,-,-
TXO,202609,20260916.0,48600.0,Put,-,-,-,-,3990.0,-,-,0,0,0,6,3850,-,7740,7480
TXO,202609,20260916.0,48700.0,Call,-,-,-,-,1330.0,-,-,0,0,0,1,1200,-,1770,1770
TXO,202609,20260916.0,48700.0,Put,-,-,-,-,4050.0,-,-,0,0,0,0,3930,-,-,-
TXO,202609,20260916.0,48800.0,Call,1320,1320,1320,1320,1320.0,▼-50,▼-3.65%,0,1,1,1,-,1420,2200,1050
TXO,202609,20260916.0,48800.0,Put,-,-,-,-,4120.0,-,-,0,0,0,2,4030,-,4910,4900
TXO,202609,20260916.0,48900.0,Call,-,-,-,-,1260.0,-,-,0,0,0,0,-,-,3930,3500
TXO,202609,20260916.0,48900.0,Put,-,-,-,-,4180.0,-,-,0,0,0,0,-,-,-,-
TXO,202609,20260916.0,49000.0,Call,-,-,-,-,1220.0,-,-,0,0,0,25,1100,-,3880,655
TXO,202609,20260916.0,49000.0,Put,-,-,-,-,4240.0,-,-,0,0,0,4,4130,-,6150,3460
TXO,202609,20260916.0,49100.0,Call,-,-,-,-,1190.0,-,-,0,0,0,2,1090,-,3500,3350
TXO,202609,20260916.0,49100.0,Put,-,-,-,-,4310.0,-,-,0,0,0,1,4240,-,4510,4510
TXO,202609,20260916.0,49200.0,Call,-,-,-,-,1160.0,-,-,0,0,0,0,-,-,2080,705
TXO,202609,20260916.0,49200.0,Put,-,-,-,-,4380.0,-,-,0,0,0,3,4230,-,5160,3750
TXO,202609,20260916.0,49300.0,Call,-,-,-,-,1130.0,-,-,0,0,0,1,1030,-,1560,1560
TXO,202609,20260916.0,49300.0,Put,-,-,-,-,4450.0,-,-,0,0,0,0,4300,-,-,-
TXO,202609,20260916.0,49400.0,Call,-,-,-,-,1090.0,-,-,0,0,0,5,2.1,1230,2710,1050
TXO,202609,20260916.0,49400.0,Put,-,-,-,-,4510.0,-,-,0,0,0,0,-,-,-,-
TXO,202609,20260916.0,49500.0,Call,1060,1060,1060,1060,1060.0,▼-80,▼-7.02%,0,1,1,10,2.1,1200,1060,760
TXO,202609,20260916.0,49500.0,Put,-,-,-,-,4590.0,-,-,0,0,0,1,4510,-,4780,4780
TXO,202609,20260916.0,49600.0,Call,-,-,-,-,1040.0,-,-,0,0,0,11,2.1,1180,1160,1010
TXO,202609,20260916.0,49600.0,Put,-,-,-,-,4660.0,-,-,0,0,0,1,4510,-,4850,4850
TXO,202609,20260916.0,49700.0,Call,-,-,-,-,1010.0,-,-,0,0,0,0,2.1,-,-,-
TXO,202609,20260916.0,49700.0,Put,-,-,-,-,4730.0,-,-,0,0,0,3,4580,-,4920,4920
TXO,202609,20260916.0,49800.0,Call,1000,1000,1000,1000,1000.0,▼-60,▼-5.66%,0,4,4,25,875,1500,1760,675
TXO,202609,20260916.0,49800.0,Put,-,-,-,-,4810.0,-,-,0,0,0,0,-,-,-,-
TXO,202609,20260916.0,49900.0,Call,-,-,-,-,950.0,-,-,0,0,0,5,845,-,2050,970
TXO,202609,20260916.0,49900.0,Put,-,-,-,-,4870.0,-,-,0,0,0,0,-,-,-,-
TXO,202609,20260916.0,50000.0,Call,955,955,945,950,920.0,▼-30,▼-3.06%,0,7,7,71,2.1,1050,3370,610
TXO,202609,20260916.0,50000.0,Put,-,-,-,-,4940.0,-,-,0,0,0,0,-,-,-,-
TXO,202609,20260916.0,50100.0,Call,-,-,-,-,895.0,-,-,0,0,0,13,805,-,3360,950
TXO,202609,20260916.0,50100.0,Put,-,-,-,-,5010.0,-,-,0,0,0,0,-,-,-,-
TXO,202609,20260916.0,50200.0,Call,-,-,-,-,870.0,-,-,0,0,0,2,780,-,1800,850
TXO,202609,20260916.0,50200.0,Put,-,-,-,-,5090.0,-,-,0,0,0,0,-,-,-,-
TXO,202609,20260916.0,50300.0,Call,-,-,-,-,845.0,-,-,0,0,0,18,2.1,990,1200,1070
TXO,202609,20260916.0,50300.0,Put,-,-,-,-,5160.0,-,-,0,0,0,0,-,-,-,-
TXO,202609,20260916.0,50400.0,Call,-,-,-,-,820.0,-,-,0,0,0,61,705,-,3140,470
TXO,202609,20260916.0,50400.0,Put,-,-,-,-,5240.0,-,-,0,0,0,0,-,-,7650,5430
TXO,202609,20260916.0,50500.0,Call,-,-,-,-,790.0,-,-,0,0,0,6,720,-,1080,600
TXO,202609,20260916.0,50500.0,Put,-,-,-,-,5310.0,-,-,0,0,0,0,-,-,-,-
TXO,202609,20260916.0,50600.0,Call,-,-,-,-,765.0,-,-,1,0,1,11,680,-,1760,550
TXO,202609,20260916.0,50600.0,Put,-,-,-,-,5380.0,-,-,0,0,0,0,-,-,-,-
TXO,202609,20260916.0,50700.0,Call,-,-,-,-,740.0,-,-,0,0,0,4,655,880,1490,1330
TXO,202609,20260916.0,50700.0,Put,-,-,-,-,5460.0,-,-,0,0,0,0,-,-,-,-
TXO,202609,20260916.0,50800.0,Call,-,-,-,-,720.0,-,-,0,0,0,6,630,840,2580,500
TXO,202609,20260916.0,50800.0,Put,-,-,-,-,5540.0,-,-,0,0,0,0,-,-,-,-
TXO,202609,20260916.0,50900.0,Call,-,-,-,-,700.0,-,-,0,0,0,3,595,750,1050,550
TXO,202609,20260916.0,50900.0,Put,-,-,-,-,5620.0,-,-,0,0,0,0,-,-,-,-
TXO,202609,20260916.0,51000.0,Call,-,-,-,-,680.0,-,-,0,0,0,8,585,-,2360,500
TXO,202609,20260916.0,51000.0,Put,-,-,-,-,5700.0,-,-,0,0,0,0,-,-,-,-
TXO,202609,20260916.0,51100.0,Call,-,-,-,-,660.0,-,-,0,0,0,1,565,760,1820,474
TXO,202609,20260916.0,51100.0,Put,-,-,-,-,5780.0,-,-,0,0,0,0,-,-,-,-
TXO,202609,20260916.0,51200.0,Call,-,-,-,-,635.0,-,-,0,0,0,8,545,-,2430,550
TXO,202609,20260916.0,51200.0,Put,-,-,-,-,5850.0,-,-,0,0,0,0,-,-,-,-
TXO,202609,20260916.0,51300.0,Call,-,-,-,-,615.0,-,-,0,0,0,6,525,775,840,555
TXO,202609,20260916.0,51300.0,Put,-,-,-,-,5930.0,-,-,0,0,0,0,-,-,-,-
TXO,202609,20260916.0,51400.0,Call,-,-,-,-,595.0,-,-,0,0,0,1,505,700,1830,457
TXO,202609,20260916.0,51400.0,Put,-,-,-,-,6010.0,-,-,0,0,0,0,-,-,-,-
TXO,202609,20260916.0,51500.0,Call,-,-,-,-,575.0,-,-,0,0,0,11,500,730,920,550
TXO,202609,20260916.0,51500.0,Put,-,-,-,-,6090.0,-,-,0,0,0,0,-,-,-,-
TXO,202609,20260916.0,51600.0,Call,-,-,-,-,555.0,-,-,2,0,2,20,500,725,810,414
TXO,202609,20260916.0,51600.0,Put,-,-,-,-,6170.0,-,-,0,0,0,0,-,-,-,-
TXO,202609,20260916.0,51700.0,Call,500,550,500,550,550.0,▼-60,▼-9.84%,0,2,2,1,500,-,550,500
TXO,202609,20260916.0,51700.0,Put,-,-,-,-,6250.0,-,-,0,0,0,0,-,-,-,-
TXO,202609,20260916.0,51800.0,Call,500,550,500,550,520.0,▼-40,▼-6.78%,0,2,2,3,500,695,1850,500
TXO,202609,20260916.0,51800.0,Put,-,-,-,-,6340.0,-,-,0,0,0,0,-,-,-,-
TXO,202609,20260916.0,51900.0,Call,500,550,500,550,505.0,▼-20,▼-3.51%,0,2,2,2,500,610,590,417
TXO,202609,20260916.0,51900.0,Put,-,-,-,-,6420.0,-,-,0,0,0,0,-,-,-,-
TXO,202609,20260916.0,52000.0,Call,500,550,500,550,484.0,0,0%,3,2,5,30,387,650,2210,330
TXO,202609,20260916.0,52000.0,Put,-,-,-,-,6500.0,-,-,0,0,0,0,-,-,-,-
TXO,202609,20260916.0,52100.0,Call,-,-,-,-,469.0,-,-,0,0,0,2,370,550,590,348
TXO,202609,20260916.0,52100.0,Put,-,-,-,-,6580.0,-,-,0,0,0,0,-,-,-,-
TXO,202609,20260916.0,52200.0,Call,-,-,-,-,455.0,-,-,0,0,0,11,352,550,2340,780
TXO,202609,20260916.0,52200.0,Put,-,-,-,-,6670.0,-,-,0,0,0,0,-,-,-,-
TXO,202609,20260916.0,52300.0,Call,460,460,460,460,441.0,▼-45,▼-8.91%,0,1,1,2,332,550,1880,355
TXO,202609,20260916.0,52300.0,Put,-,-,-,-,6750.0,-,-,0,0,0,0,-,-,-,-
TXO,202609,20260916.0,52400.0,Call,-,-,-,-,424.0,-,-,0,0,0,5,315,550,1880,299
TXO,202609,20260916.0,52400.0,Put,-,-,-,-,6840.0,-,-,0,0,0,0,-,-,-,-
TXO,202609,20260916.0,52500.0,Call,-,-,-,-,410.0,-,-,0,0,0,3,302,550,550,310
TXO,202609,20260916.0,52500.0,Put,-,-,-,-,6920.0,-,-,0,0,0,0,-,-,-,-
TXO,202609,20260916.0,52600.0,Call,422,422,422,422,394.0,▼-37,▼-8.06%,1,2,3,12,303,-,1390,300
TXO,202609,20260916.0,52600.0,Put,-,-,-,-,7010.0,-,-,0,0,0,0,-,-,-,-
TXO,202609,20260916.0,52700.0,Call,-,-,-,-,382.0,-,-,0,0,0,1,268,-,1890,309
TXO,202609,20260916.0,52700.0,Put,-,-,-,-,7090.0,-,-,0,0,0,0,-,-,-,-
TXO,202609,20260916.0,52800.0,Call,-,-,-,-,370.0,-,-,0,0,0,1,255,467,1930,520
TXO,202609,20260916.0,52800.0,Put,-,-,-,-,7180.0,-,-,0,0,0,0,-,-,-,-
TXO,202609,20260916.0,52900.0,Call,-,-,-,-,358.0,-,-,0,0,0,0,243,-,580,520
TXO,202609,20260916.0,52900.0,Put,-,-,-,-,7270.0,-,-,0,0,0,0,-,-,-,-
TXO,202609,20260916.0,53000.0,Call,-,-,-,-,343.0,-,-,1,0,1,15,231,406,1240,230
TXO,202609,20260916.0,53000.0,Put,-,-,-,-,7350.0,-,-,0,0,0,0,-,-,-,-
TXO,202609,20260916.0,53100.0,Call,-,-,-,-,331.0,-,-,0,0,0,0,220,-,580,256
TXO,202609,20260916.0,53100.0,Put,-,-,-,-,7440.0,-,-,0,0,0,0,-,-,-,-
TXO,202609,20260916.0,53200.0,Call,-,-,-,-,321.0,-,-,0,0,0,5,209,430,1500,230
TXO,202609,20260916.0,53200.0,Put,-,-,-,-,7530.0,-,-,0,0,0,0,-,-,-,-
TXO,202609,20260916.0,53300.0,Call,-,-,-,-,311.0,-,-,0,0,0,0,198,-,580,520
TXO,202609,20260916.0,53300.0,Put,-,-,-,-,7620.0,-,-,0,0,0,0,-,-,-,-
TXO,202609,20260916.0,53400.0,Call,-,-,-,-,302.0,-,-,0,0,0,3,188,-,1000,361
TXO,202609,20260916.0,53400.0,Put,-,-,-,-,7710.0,-,-,0,0,0,0,-,-,-,-
TXO,202609,20260916.0,53500.0,Call,-,-,-,-,292.0,-,-,0,0,0,1,178,-,600,600
TXO,202609,20260916.0,53500.0,Put,-,-,-,-,7800.0,-,-,0,0,0,0,-,-,-,-
TXO,202609,20260916.0,53600.0,Call,293,296,293,296,279.0,▼-40,▼-11.90%,5,2,7,8,187,-,1340,293
TXO,202609,20260916.0,53600.0,Put,-,-,-,-,7890.0,-,-,0,0,0,0,-,-,-,-
TXO,202609,20260916.0,53700.0,Call,-,-,-,-,269.0,-,-,0,0,0,10,159,-,550,313
TXO,202609,20260916.0,53700.0,Put,-,-,-,-,7980.0,-,-,0,0,0,0,-,-,-,-
TXO,202609,20260916.0,53800.0,Call,-,-,-,-,260.0,-,-,0,0,0,1,173,366,1240,550
TXO,202609,20260916.0,53800.0,Put,-,-,-,-,8070.0,-,-,0,0,0,0,-,-,-,-
TXO,202609,20260916.0,53900.0,Call,-,-,-,-,251.0,-,-,0,0,0,0,164,-,-,-
TXO,202609,20260916.0,53900.0,Put,-,-,-,-,8160.0,-,-,0,0,0,0,-,-,-,-
TXO,202609,20260916.0,54000.0,Call,255,255,255,255,242.0,▼-39,▼-13.27%,0,3,3,31,190,-,1400,162
TXO,202609,20260916.0,54000.0,Put,-,-,-,-,8250.0,-,-,0,0,0,0,-,-,-,-
TXO,202609,20260916.0,54100.0,Call,-,-,-,-,233.0,-,-,0,0,0,0,146,-,-,-
TXO,202609,20260916.0,54100.0,Put,-,-,-,-,8340.0,-,-,0,0,0,0,-,-,-,-
TXO,202609,20260916.0,54200.0,Call,250,250,250,250,225.0,▼-25,▼-9.09%,0,1,1,1,137,331,250,250
TXO,202609,20260916.0,54200.0,Put,-,-,-,-,8430.0,-,-,0,0,0,0,-,-,-,-
TXO,202609,20260916.0,54300.0,Call,-,-,-,-,217.0,-,-,0,0,0,1,128,313,195,195
TXO,202609,20260916.0,54300.0,Put,-,-,-,-,8520.0,-,-,0,0,0,0,-,-,-,-
TXO,202609,20260916.0,54400.0,Call,-,-,-,-,210.0,-,-,0,0,0,0,121,-,1040,382
TXO,202609,20260916.0,54400.0,Put,-,-,-,-,8620.0,-,-,0,0,0,0,-,-,-,-
TXO,202609,20260916.0,54500.0,Call,222,230,222,224,202.0,▼-23,▼-9.31%,0,4,4,5,113,-,300,222
TXO,202609,20260916.0,54500.0,Put,-,-,-,-,8710.0,-,-,0,0,0,0,-,-,-,-
TXO,202609,20260916.0,54600.0,Call,231,231,231,231,195.0,▼-8,▼-3.35%,0,1,1,51,105,306,1680,150
TXO,202609,20260916.0,54600.0,Put,-,-,-,-,8800.0,-,-,0,0,0,0,-,-,-,-
TXO,202609,20260916.0,54700.0,Call,-,-,-,-,188.0,-,-,0,0,0,10,98,-,382,382
TXO,202609,20260916.0,54700.0,Put,-,-,-,-,8890.0,-,-,0,0,0,0,-,-,-,-
TXO,202609,20260916.0,54800.0,Call,183,197,183,189,182.0,▼-33,▼-14.86%,0,12,12,27,91,292,370,183
TXO,202609,20260916.0,54800.0,Put,-,-,-,-,8990.0,-,-,0,0,0,0,-,-,-,-
TXO,202609,20260916.0,54900.0,Call,205,205,205,205,175.0,▼-9,▼-4.21%,0,8,8,0,85,206,205,205
TXO,202609,20260916.0,54900.0,Put,-,-,-,-,9080.0,-,-,0,0,0,0,-,-,-,-
TXO,202609,20260916.0,55000.0,Call,190,195,164,177,169.0,▼-18,▼-9.23%,16,31,47,122,86,199,1240,126
TXO,202609,20260916.0,55000.0,Put,-,-,-,-,9170.0,-,-,0,0,0,0,-,-,-,-
TXO,202609,20260916.0,55200.0,Call,-,-,-,-,158.0,-,-,0,0,0,3,83,267,350,170
TXO,202609,20260916.0,55200.0,Put,-,-,-,-,9360.0,-,-,0,0,0,0,-,-,-,-
TXO,202609,20260916.0,55400.0,Call,160,160,160,160,147.0,▼-20,▼-11.11%,0,1,1,28,54,200,800,160
TXO,202609,20260916.0,55400.0,Put,-,-,-,-,9550.0,-,-,0,0,0,181,-,9640,12000,9200
TXO,202609,20260916.0,55600.0,Call,148,148,148,148,137.0,▼-12,▼-7.50%,0,1,1,4,50,-,1400,115
TXO,202609,20260916.0,55600.0,Put,-,-,-,-,9740.0,-,-,0,0,0,0,-,-,-,-
TXO,202609,20260916.0,55800.0,Call,149,149,122,140,122.0,▼-9,▼-6.04%,27,9,36,130,106,141,1350,70
TXO,202609,20260916.0,55800.0,Put,-,-,-,-,9920.0,-,-,0,0,0,0,-,-,-,-
TXO,202610,20261021.0,38700.0,Call,-,-,-,-,8410.0,-,-,0,0,0,0,-,-,-,-
TXO,202610,20261021.0,38700.0,Put,985,1040,835,850,850.0,▲+45,▲+5.59%,0,9,9,9,150,1150,1040,835
TXO,202610,20261021.0,38800.0,Call,-,-,-,-,8320.0,-,-,0,0,0,0,-,-,-,-
TXO,202610,20261021.0,38800.0,Put,-,-,-,-,885.0,-,-,0,0,0,0,250,-,-,-
TXO,202610,20261021.0,38900.0,Call,-,-,-,-,8240.0,-,-,0,0,0,0,-,-,-,-
TXO,202610,20261021.0,38900.0,Put,-,-,-,-,905.0,-,-,0,0,0,0,2.1,-,-,-
TXO,202610,20261021.0,39000.0,Call,-,-,-,-,8160.0,-,-,0,0,0,0,-,-,-,-
TXO,202610,20261021.0,39000.0,Put,-,-,-,-,920.0,-,-,0,0,0,0,15,-,-,-
TXO,202610,20261021.0,39100.0,Call,-,-,-,-,8080.0,-,-,0,0,0,0,-,-,-,-
TXO,202610,20261021.0,39100.0,Put,-,-,-,-,940.0,-,-,0,0,0,0,2.1,-,-,-
TXO,202610,20261021.0,39200.0,Call,-,-,-,-,8000.0,-,-,0,0,0,0,-,-,-,-
TXO,202610,20261021.0,39200.0,Put,-,-,-,-,960.0,-,-,0,0,0,0,2.1,-,-,-
TXO,202610,20261021.0,39300.0,Call,-,-,-,-,7910.0,-,-,0,0,0,0,-,-,-,-
TXO,202610,20261021.0,39300.0,Put,-,-,-,-,975.0,-,-,0,0,0,0,2.1,-,-,-
TXO,202610,20261021.0,39400.0,Call,-,-,-,-,7840.0,-,-,0,0,0,0,-,-,-,-
TXO,202610,20261021.0,39400.0,Put,-,-,-,-,995.0,-,-,0,0,0,0,2.1,-,-,-
TXO,202610,20261021.0,39500.0,Call,-,-,-,-,7750.0,-,-,0,0,0,0,-,-,-,-
TXO,202610,20261021.0,39500.0,Put,-,-,-,-,1010.0,-,-,0,0,0,0,2.1,-,-,-
TXO,202610,20261021.0,39600.0,Call,-,-,-,-,7670.0,-,-,0,0,0,0,-,-,-,-
TXO,202610,20261021.0,39600.0,Put,-,-,-,-,1030.0,-,-,0,0,0,0,2.1,-,-,-
TXO,202610,20261021.0,39700.0,Call,-,-,-,-,7590.0,-,-,0,0,0,0,-,-,-,-
TXO,202610,20261021.0,39700.0,Put,-,-,-,-,1050.0,-,-,0,0,0,0,2.1,-,-,-
TXO,202610,20261021.0,39800.0,Call,-,-,-,-,7520.0,-,-,0,0,0,0,-,-,-,-
TXO,202610,20261021.0,39800.0,Put,-,-,-,-,1070.0,-,-,0,0,0,0,2.1,-,-,-
TXO,202610,20261021.0,39900.0,Call,-,-,-,-,7440.0,-,-,0,0,0,0,-,-,-,-
TXO,202610,20261021.0,39900.0,Put,-,-,-,-,1100.0,-,-,0,0,0,0,2.1,-,-,-
TXO,202610,20261021.0,40000.0,Call,-,-,-,-,7360.0,-,-,0,0,0,0,-,-,-,-
TXO,202610,20261021.0,40000.0,Put,1260,1260,1260,1260,1120.0,▲+250,▲+24.75%,0,1,1,1,2.1,1230,1260,1260
TXO,202610,20261021.0,40100.0,Call,-,-,-,-,7280.0,-,-,0,0,0,0,-,-,-,-
TXO,202610,20261021.0,40100.0,Put,-,-,-,-,1140.0,-,-,0,0,0,0,2.1,-,-,-
TXO,202610,20261021.0,40200.0,Call,-,-,-,-,7200.0,-,-,0,0,0,0,-,-,-,-
TXO,202610,20261021.0,40200.0,Put,-,-,-,-,1160.0,-,-,0,0,0,0,2.1,-,-,-
TXO,202610,20261021.0,40300.0,Call,-,-,-,-,7120.0,-,-,0,0,0,0,-,-,-,-
TXO,202610,20261021.0,40300.0,Put,-,-,-,-,1180.0,-,-,0,0,0,0,2.1,-,-,-
TXO,202610,20261021.0,40400.0,Call,-,-,-,-,7040.0,-,-,0,0,0,0,-,-,-,-
TXO,202610,20261021.0,40400.0,Put,-,-,-,-,1200.0,-,-,0,0,0,0,2.1,-,-,-
TXO,202610,20261021.0,40500.0,Call,-,-,-,-,6960.0,-,-,0,0,0,0,-,-,-,-
TXO,202610,20261021.0,40500.0,Put,-,-,-,-,1220.0,-,-,0,0,0,0,2.1,-,-,-
TXO,202610,20261021.0,40600.0,Call,-,-,-,-,6890.0,-,-,0,0,0,0,-,-,-,-
TXO,202610,20261021.0,40600.0,Put,-,-,-,-,1240.0,-,-,0,0,0,0,2.1,-,-,-
TXO,202610,20261021.0,40700.0,Call,-,-,-,-,6820.0,-,-,0,0,0,0,-,-,-,-
TXO,202610,20261021.0,40700.0,Put,-,-,-,-,1270.0,-,-,0,0,0,0,2.1,-,-,-
TXO,202610,20261021.0,40800.0,Call,-,-,-,-,6740.0,-,-,0,0,0,0,-,-,-,-
TXO,202610,20261021.0,40800.0,Put,-,-,-,-,1290.0,-,-,0,0,0,0,2.1,-,-,-
TXO,202610,20261021.0,40900.0,Call,-,-,-,-,6660.0,-,-,0,0,0,0,-,-,-,-
TXO,202610,20261021.0,40900.0,Put,-,-,-,-,1310.0,-,-,0,0,0,0,2.1,-,-,-
TXO,202610,20261021.0,41000.0,Call,-,-,-,-,6580.0,-,-,0,0,0,0,-,-,-,-
TXO,202610,20261021.0,41000.0,Put,-,-,-,-,1340.0,-,-,0,0,0,0,1200,-,-,-
TXO,202610,20261021.0,41100.0,Call,-,-,-,-,6510.0,-,-,0,0,0,0,-,-,-,-
TXO,202610,20261021.0,41100.0,Put,-,-,-,-,1360.0,-,-,0,0,0,0,2.1,-,-,-
TXO,202610,20261021.0,41200.0,Call,-,-,-,-,6440.0,-,-,0,0,0,0,-,-,-,-
TXO,202610,20261021.0,41200.0,Put,-,-,-,-,1390.0,-,-,0,0,0,0,2.1,-,-,-
TXO,202610,20261021.0,41300.0,Call,-,-,-,-,6360.0,-,-,0,0,0,0,6300,-,-,-
TXO,202610,20261021.0,41300.0,Put,-,-,-,-,1410.0,-,-,0,0,0,0,2.1,-,-,-
TXO,202610,20261021.0,41400.0,Call,-,-,-,-,6290.0,-,-,0,0,0,0,-,-,-,-
TXO,202610,20261021.0,41400.0,Put,-,-,-,-,1440.0,-,-,0,0,0,0,2.1,-,-,-
TXO,202610,20261021.0,41500.0,Call,-,-,-,-,6210.0,-,-,0,0,0,0,-,-,-,-
TXO,202610,20261021.0,41500.0,Put,-,-,-,-,1460.0,-,-,0,0,0,0,2.1,-,-,-
TXO,202610,20261021.0,41600.0,Call,-,-,-,-,6140.0,-,-,0,0,0,0,6080,-,-,-
TXO,202610,20261021.0,41600.0,Put,-,-,-,-,1490.0,-,-,0,0,0,0,2.1,-,-,-
TXO,202610,20261021.0,41700.0,Call,-,-,-,-,6060.0,-,-,0,0,0,0,-,-,-,-
TXO,202610,20261021.0,41700.0,Put,-,-,-,-,1510.0,-,-,0,0,0,0,2.1,-,-,-
TXO,202610,20261021.0,41800.0,Call,-,-,-,-,5990.0,-,-,0,0,0,0,-,-,-,-
TXO,202610,20261021.0,41800.0,Put,-,-,-,-,1540.0,-,-,0,0,0,0,2.1,-,-,-
TXO,202610,20261021.0,41900.0,Call,-,-,-,-,5920.0,-,-,0,0,0,0,-,-,-,-
TXO,202610,20261021.0,41900.0,Put,-,-,-,-,1570.0,-,-,0,0,0,0,2.1,-,-,-
TXO,202610,20261021.0,42000.0,Call,-,-,-,-,5860.0,-,-,0,0,0,0,-,-,-,-
TXO,202610,20261021.0,42000.0,Put,1570,1570,1570,1570,1590.0,▲+120,▲+8.28%,0,5,5,5,1460,-,1570,1570
TXO,202610,20261021.0,42100.0,Call,-,-,-,-,5780.0,-,-,0,0,0,0,-,-,-,-
TXO,202610,20261021.0,42100.0,Put,-,-,-,-,1620.0,-,-,0,0,0,0,2.1,-,-,-
TXO,202610,20261021.0,42200.0,Call,-,-,-,-,5710.0,-,-,0,0,0,0,-,5870,-,-
TXO,202610,20261021.0,42200.0,Put,-,-,-,-,1650.0,-,-,0,0,0,0,2.1,-,-,-
TXO,202610,20261021.0,42300.0,Call,-,-,-,-,5640.0,-,-,0,0,0,0,-,-,-,-
TXO,202610,20261021.0,42300.0,Put,-,-,-,-,1680.0,-,-,0,0,0,0,2.1,-,-,-
TXO,202610,20261021.0,42400.0,Call,-,-,-,-,5570.0,-,-,0,0,0,0,-,-,-,-
TXO,202610,20261021.0,42400.0,Put,-,-,-,-,1710.0,-,-,0,0,0,0,2.1,-,-,-
TXO,202610,20261021.0,42500.0,Call,-,-,-,-,5490.0,-,-,0,0,0,0,-,-,-,-
TXO,202610,20261021.0,42500.0,Put,-,-,-,-,1730.0,-,-,0,0,0,0,2.1,-,-,-
TXO,202610,20261021.0,42600.0,Call,-,-,-,-,5420.0,-,-,0,0,0,0,-,-,-,-
TXO,202610,20261021.0,42600.0,Put,-,-,-,-,1760.0,-,-,0,0,0,0,2.1,-,-,-
TXO,202610,20261021.0,42700.0,Call,-,-,-,-,5350.0,-,-,0,0,0,0,-,-,-,-
TXO,202610,20261021.0,42700.0,Put,-,-,-,-,1790.0,-,-,0,0,0,0,2.1,-,-,-
TXO,202610,20261021.0,42800.0,Call,-,-,-,-,5280.0,-,-,0,0,0,0,-,-,-,-
TXO,202610,20261021.0,42800.0,Put,-,-,-,-,1820.0,-,-,0,0,0,0,-,-,-,-
TXO,202610,20261021.0,42900.0,Call,-,-,-,-,5220.0,-,-,0,0,0,0,5010,5640,-,-
TXO,202610,20261021.0,42900.0,Put,-,-,-,-,1860.0,-,-,0,0,0,0,-,-,-,-
TXO,202610,20261021.0,43000.0,Call,-,-,-,-,5150.0,-,-,0,0,0,0,-,5570,-,-
TXO,202610,20261021.0,43000.0,Put,-,-,-,-,1890.0,-,-,0,0,0,0,-,-,-,-
TXO,202610,20261021.0,43100.0,Call,-,-,-,-,5070.0,-,-,0,0,0,0,4860,5500,-,-
TXO,202610,20261021.0,43100.0,Put,-,-,-,-,1910.0,-,-,0,0,0,0,-,-,-,-
TXO,202610,20261021.0,43200.0,Call,-,-,-,-,5000.0,-,-,0,0,0,0,4800,5430,-,-
TXO,202610,20261021.0,43200.0,Put,-,-,-,-,1940.0,-,-,0,0,0,0,-,-,-,-
TXO,202610,20261021.0,43300.0,Call,-,-,-,-,4940.0,-,-,0,0,0,0,4730,5360,-,-
TXO,202610,20261021.0,43300.0,Put,-,-,-,-,1980.0,-,-,0,0,0,0,-,-,-,-
TXO,202610,20261021.0,43400.0,Call,-,-,-,-,4880.0,-,-,0,0,0,0,4660,5290,-,-
TXO,202610,20261021.0,43400.0,Put,-,-,-,-,2020.0,-,-,0,0,0,0,-,-,-,-
TXO,202610,20261021.0,43500.0,Call,-,-,-,-,4810.0,-,-,0,0,0,0,4590,5230,-,-
TXO,202610,20261021.0,43500.0,Put,-,-,-,-,2050.0,-,-,0,0,0,0,-,-,-,-
TXO,202610,20261021.0,43600.0,Call,-,-,-,-,4750.0,-,-,0,0,0,0,4530,5160,-,-
TXO,202610,20261021.0,43600.0,Put,-,-,-,-,2080.0,-,-,0,0,0,0,-,-,-,-
TXO,202610,20261021.0,43700.0,Call,-,-,-,-,4680.0,-,-,0,0,0,0,4460,5010,-,-
TXO,202610,20261021.0,43700.0,Put,-,-,-,-,2110.0,-,-,0,0,0,0,-,-,-,-
TXO,202610,20261021.0,43800.0,Call,-,-,-,-,4610.0,-,-,0,0,0,0,4400,4960,-,-
TXO,202610,20261021.0,43800.0,Put,-,-,-,-,2140.0,-,-,0,0,0,0,-,-,-,-
TXO,202610,20261021.0,43900.0,Call,-,-,-,-,4540.0,-,-,0,0,0,0,4330,4880,-,-
TXO,202610,20261021.0,43900.0,Put,-,-,-,-,2170.0,-,-,0,0,0,0,-,-,-,-
TXO,202610,20261021.0,44000.0,Call,-,-,-,-,4480.0,-,-,0,0,0,0,4270,4900,-,-
TXO,202610,20261021.0,44000.0,Put,-,-,-,-,2210.0,-,-,0,0,0,0,-,-,-,-
TXO,202610,20261021.0,44100.0,Call,-,-,-,-,4420.0,-,-,0,0,0,0,4200,4840,-,-
TXO,202610,20261021.0,44100.0,Put,-,-,-,-,2250.0,-,-,0,0,0,0,-,-,-,-
TXO,202610,20261021.0,44200.0,Call,-,-,-,-,4360.0,-,-,0,0,0,0,4140,4690,-,-
TXO,202610,20261021.0,44200.0,Put,-,-,-,-,2290.0,-,-,0,0,0,0,-,-,-,-
TXO,202610,20261021.0,44300.0,Call,-,-,-,-,4290.0,-,-,0,0,0,0,4070,4700,-,-
TXO,202610,20261021.0,44300.0,Put,-,-,-,-,2320.0,-,-,0,0,0,0,-,-,-,-
TXO,202610,20261021.0,44400.0,Call,-,-,-,-,4220.0,-,-,0,0,0,0,4170,4640,-,-
TXO,202610,20261021.0,44400.0,Put,-,-,-,-,2360.0,-,-,0,0,0,0,-,-,-,-
TXO,202610,20261021.0,44500.0,Call,-,-,-,-,4160.0,-,-,0,0,0,0,3950,4500,-,-
TXO,202610,20261021.0,44500.0,Put,-,-,-,-,2400.0,-,-,0,0,0,0,-,-,-,-
TXO,202610,20261021.0,44600.0,Call,-,-,-,-,4100.0,-,-,0,0,0,0,3890,4440,-,-
TXO,202610,20261021.0,44600.0,Put,-,-,-,-,2440.0,-,-,0,0,0,0,-,-,-,-
TXO,202610,20261021.0,44700.0,Call,-,-,-,-,4040.0,-,-,0,0,0,0,3830,4200,-,-
TXO,202610,20261021.0,44700.0,Put,-,-,-,-,2480.0,-,-,0,0,0,0,-,-,-,-
TXO,202610,20261021.0,44800.0,Call,-,-,-,-,3970.0,-,-,0,0,0,0,3760,4320,-,-
TXO,202610,20261021.0,44800.0,Put,-,-,-,-,2510.0,-,-,0,0,0,0,-,-,-,-
TXO,202610,20261021.0,44900.0,Call,-,-,-,-,3910.0,-,-,0,0,0,0,3700,4260,-,-
TXO,202610,20261021.0,44900.0,Put,-,-,-,-,2550.0,-,-,0,0,0,0,-,-,-,-
TXO,202610,20261021.0,45000.0,Call,-,-,-,-,3850.0,-,-,0,0,0,0,3650,4210,-,-
TXO,202610,20261021.0,45000.0,Put,2600,2600,2600,2600,2600.0,▲+210,▲+8.79%,0,1,1,1,-,2720,2600,2600
TXO,202610,20261021.0,45100.0,Call,-,-,-,-,3800.0,-,-,0,0,0,0,3510,4210,-,-
TXO,202610,20261021.0,45100.0,Put,-,-,-,-,2630.0,-,-,0,0,0,0,-,-,-,-
TXO,202610,20261021.0,45200.0,Call,-,-,-,-,3740.0,-,-,0,0,0,0,3520,4080,-,-
TXO,202610,20261021.0,45200.0,Put,2950,2970,2950,2970,2670.0,▲+500,▲+20.24%,0,8,8,8,2560,-,2970,2950
TXO,202610,20261021.0,45300.0,Call,-,-,-,-,3690.0,-,-,0,0,0,0,3470,4100,-,-
TXO,202610,20261021.0,45300.0,Put,-,-,-,-,2720.0,-,-,0,0,0,0,-,-,-,-
TXO,202610,20261021.0,45400.0,Call,-,-,-,-,3630.0,-,-,0,0,0,0,3410,4040,-,-
TXO,202610,20261021.0,45400.0,Put,-,-,-,-,2760.0,-,-,0,0,0,0,-,-,-,-
TXO,202610,20261021.0,45500.0,Call,-,-,-,-,3580.0,-,-,0,0,0,0,3350,3980,-,-
TXO,202610,20261021.0,45500.0,Put,-,-,-,-,2810.0,-,-,0,0,0,0,-,-,-,-
TXO,202610,20261021.0,45600.0,Call,-,-,-,-,3520.0,-,-,0,0,0,0,3290,3920,-,-
TXO,202610,20261021.0,45600.0,Put,-,-,-,-,2850.0,-,-,0,0,0,0,-,-,-,-
TXO,202610,20261021.0,45700.0,Call,-,-,-,-,3470.0,-,-,0,0,0,0,3240,3780,-,-
TXO,202610,20261021.0,45700.0,Put,-,-,-,-,2900.0,-,-,0,0,0,0,-,-,-,-
TXO,202610,20261021.0,45800.0,Call,-,-,-,-,3410.0,-,-,0,0,0,0,-,-,-,-
TXO,202610,20261021.0,45800.0,Put,-,-,-,-,2940.0,-,-,0,0,0,0,-,-,-,-
TXO,202610,20261021.0,45900.0,Call,-,-,-,-,3360.0,-,-,0,0,0,0,-,-,-,-
TXO,202610,20261021.0,45900.0,Put,-,-,-,-,2990.0,-,-,0,0,0,0,-,-,-,-
TXO,202610,20261021.0,46000.0,Call,-,-,-,-,3310.0,-,-,0,0,0,0,-,-,-,-
TXO,202610,20261021.0,46000.0,Put,-,-,-,-,3040.0,-,-,0,0,0,0,-,-,-,-
TXO,202610,20261021.0,46100.0,Call,-,-,-,-,3260.0,-,-,0,0,0,0,-,-,-,-
TXO,202610,20261021.0,46100.0,Put,-,-,-,-,3090.0,-,-,0,0,0,0,-,-,-,-
TXO,202610,20261021.0,46200.0,Call,-,-,-,-,3210.0,-,-,0,0,0,0,-,-,-,-
TXO,202610,20261021.0,46200.0,Put,-,-,-,-,3140.0,-,-,0,0,0,0,-,-,-,-
TXO,202610,20261021.0,46300.0,Call,-,-,-,-,3170.0,-,-,0,0,0,0,-,-,-,-
TXO,202610,20261021.0,46300.0,Put,-,-,-,-,3190.0,-,-,0,0,0,0,-,-,-,-
TXO,202610,20261021.0,46400.0,Call,-,-,-,-,3120.0,-,-,0,0,0,0,-,-,-,-
TXO,202610,20261021.0,46400.0,Put,-,-,-,-,3240.0,-,-,0,0,0,0,-,-,-,-
TXO,202610,20261021.0,46500.0,Call,-,-,-,-,3070.0,-,-,0,0,0,0,-,-,-,-
TXO,202610,20261021.0,46500.0,Put,-,-,-,-,3290.0,-,-,0,0,0,0,-,-,-,-
TXO,202610,20261021.0,46600.0,Call,-,-,-,-,3010.0,-,-,0,0,0,0,-,-,-,-
TXO,202610,20261021.0,46600.0,Put,-,-,-,-,3330.0,-,-,0,0,0,0,-,-,-,-
TXO,202610,20261021.0,46700.0,Call,-,-,-,-,2960.0,-,-,0,0,0,0,-,-,-,-
TXO,202610,20261021.0,46700.0,Put,-,-,-,-,3380.0,-,-,0,0,0,0,-,-,-,-
TXO,202610,20261021.0,46800.0,Call,-,-,-,-,2910.0,-,-,0,0,0,0,-,-,-,-
TXO,202610,20261021.0,46800.0,Put,-,-,-,-,3430.0,-,-,0,0,0,0,-,-,-,-
TXO,202610,20261021.0,46900.0,Call,-,-,-,-,2850.0,-,-,0,0,0,0,-,-,-,-
TXO,202610,20261021.0,46900.0,Put,-,-,-,-,3470.0,-,-,0,0,0,0,-,-,-,-
TXO,202610,20261021.0,47000.0,Call,-,-,-,-,2800.0,-,-,0,0,0,0,-,-,-,-
TXO,202610,20261021.0,47000.0,Put,-,-,-,-,3530.0,-,-,0,0,0,0,3470,3820,-,-
TXO,202610,20261021.0,47100.0,Call,-,-,-,-,2760.0,-,-,0,0,0,0,-,-,-,-
TXO,202610,20261021.0,47100.0,Put,-,-,-,-,3580.0,-,-,0,0,0,0,3180,3810,-,-
TXO,202610,20261021.0,47200.0,Call,-,-,-,-,2710.0,-,-,0,0,0,0,-,-,-,-
TXO,202610,20261021.0,47200.0,Put,-,-,-,-,3630.0,-,-,0,0,0,0,3240,3860,-,-
TXO,202610,20261021.0,47300.0,Call,-,-,-,-,2660.0,-,-,0,0,0,0,-,-,-,-
TXO,202610,20261021.0,47300.0,Put,-,-,-,-,3680.0,-,-,0,0,0,0,3290,3920,-,-
TXO,202610,20261021.0,47400.0,Call,-,-,-,-,2620.0,-,-,0,0,0,0,-,-,-,-
TXO,202610,20261021.0,47400.0,Put,-,-,-,-,3740.0,-,-,0,0,0,0,3340,-,-,-
TXO,202610,20261021.0,47500.0,Call,-,-,-,-,2570.0,-,-,0,0,0,0,-,-,-,-
TXO,202610,20261021.0,47500.0,Put,-,-,-,-,3790.0,-,-,0,0,0,0,3390,4020,-,-
TXO,202610,20261021.0,47600.0,Call,-,-,-,-,2530.0,-,-,0,0,0,0,-,-,-,-
TXO,202610,20261021.0,47600.0,Put,-,-,-,-,3850.0,-,-,0,0,0,0,3440,4070,-,-
TXO,202610,20261021.0,47700.0,Call,-,-,-,-,2480.0,-,-,0,0,0,0,-,-,-,-
TXO,202610,20261021.0,47700.0,Put,-,-,-,-,3900.0,-,-,0,0,0,0,3500,-,-,-
TXO,202610,20261021.0,47800.0,Call,-,-,-,-,2440.0,-,-,0,0,0,0,-,-,-,-
TXO,202610,20261021.0,47800.0,Put,-,-,-,-,3960.0,-,-,0,0,0,0,3550,4180,-,-
TXO,202610,20261021.0,47900.0,Call,-,-,-,-,2380.0,-,-,0,0,0,0,-,-,-,-
TXO,202610,20261021.0,47900.0,Put,-,-,-,-,4000.0,-,-,0,0,0,0,3670,4300,-,-
TXO,202610,20261021.0,48000.0,Call,-,-,-,-,2330.0,-,-,0,0,0,0,-,-,-,-
TXO,202610,20261021.0,48000.0,Put,-,-,-,-,4050.0,-,-,0,0,0,0,3660,4290,-,-
TXO,202610,20261021.0,48100.0,Call,-,-,-,-,2290.0,-,-,0,0,0,0,-,-,-,-
TXO,202610,20261021.0,48100.0,Put,-,-,-,-,4110.0,-,-,0,0,0,0,3720,-,-,-
TXO,202610,20261021.0,48200.0,Call,-,-,-,-,2240.0,-,-,0,0,0,0,-,-,-,-
TXO,202610,20261021.0,48200.0,Put,-,-,-,-,4160.0,-,-,0,0,0,0,3770,4400,-,-
TXO,202610,20261021.0,48300.0,Call,-,-,-,-,2200.0,-,-,0,0,0,0,-,-,-,-
TXO,202610,20261021.0,48300.0,Put,-,-,-,-,4220.0,-,-,0,0,0,0,3830,4460,-,-
TXO,202610,20261021.0,48400.0,Call,-,-,-,-,2160.0,-,-,0,0,0,0,-,-,-,-
TXO,202610,20261021.0,48400.0,Put,-,-,-,-,4280.0,-,-,0,0,0,0,3930,-,-,-
TXO,202610,20261021.0,48500.0,Call,-,-,-,-,2120.0,-,-,0,0,0,0,-,-,-,-
TXO,202610,20261021.0,48500.0,Put,-,-,-,-,4340.0,-,-,0,0,0,0,4200,4570,-,-
TXO,202610,20261021.0,48600.0,Call,-,-,-,-,2080.0,-,-,0,0,0,0,-,-,-,-
TXO,202610,20261021.0,48600.0,Put,-,-,-,-,4400.0,-,-,0,0,0,0,4000,4630,-,-
TXO,202610,20261021.0,48700.0,Call,-,-,-,-,2040.0,-,-,0,0,0,0,-,-,-,-
TXO,202610,20261021.0,48700.0,Put,-,-,-,-,4460.0,-,-,0,0,0,0,4060,4690,-,-
TXO,202610,20261021.0,48800.0,Call,-,-,-,-,2010.0,-,-,0,0,0,0,-,-,-,-
TXO,202610,20261021.0,48800.0,Put,-,-,-,-,4520.0,-,-,0,0,0,0,4120,4750,-,-
TXO,202610,20261021.0,48900.0,Call,-,-,-,-,1970.0,-,-,0,0,0,0,-,-,-,-
TXO,202610,20261021.0,48900.0,Put,-,-,-,-,4580.0,-,-,0,0,0,0,4180,4810,-,-
TXO,202610,20261021.0,49000.0,Call,-,-,-,-,1930.0,-,-,0,0,0,0,-,-,-,-
TXO,202610,20261021.0,49000.0,Put,-,-,-,-,4640.0,-,-,0,0,0,0,4240,4870,-,-
TXO,202610,20261021.0,49100.0,Call,-,-,-,-,1890.0,-,-,0,0,0,0,-,-,-,-
TXO,202610,20261021.0,49100.0,Put,-,-,-,-,4700.0,-,-,0,0,0,0,4560,4930,-,-
TXO,202610,20261021.0,49200.0,Call,-,-,-,-,1850.0,-,-,0,0,0,0,-,-,-,-
TXO,202610,20261021.0,49200.0,Put,-,-,-,-,4760.0,-,-,0,0,0,0,-,-,-,-
TXO,202610,20261021.0,49300.0,Call,-,-,-,-,1810.0,-,-,0,0,0,0,2.1,-,-,-
TXO,202610,20261021.0,49300.0,Put,-,-,-,-,4820.0,-,-,0,0,0,0,-,-,-,-
TXO,202610,20261021.0,49400.0,Call,-,-,-,-,1780.0,-,-,0,0,0,0,2.1,-,-,-
TXO,202610,20261021.0,49400.0,Put,-,-,-,-,4890.0,-,-,0,0,0,0,4540,5170,-,-
TXO,202610,20261021.0,49500.0,Call,-,-,-,-,1740.0,-,-,0,0,0,0,2.1,-,-,-
TXO,202610,20261021.0,49500.0,Put,-,-,-,-,4950.0,-,-,0,0,0,0,-,-,-,-
TXO,202610,20261021.0,49600.0,Call,-,-,-,-,1710.0,-,-,0,0,0,0,2.1,-,-,-
TXO,202610,20261021.0,49600.0,Put,-,-,-,-,5020.0,-,-,0,0,0,0,-,-,-,-
TXO,202610,20261021.0,49700.0,Call,-,-,-,-,1670.0,-,-,0,0,0,0,2.1,-,-,-
TXO,202610,20261021.0,49700.0,Put,-,-,-,-,5080.0,-,-,0,0,0,0,-,-,-,-
TXO,202610,20261021.0,49800.0,Call,-,-,-,-,1650.0,-,-,0,0,0,0,2.1,-,-,-
TXO,202610,20261021.0,49800.0,Put,-,-,-,-,5150.0,-,-,0,0,0,0,-,-,-,-
TXO,202610,20261021.0,49900.0,Call,-,-,-,-,1610.0,-,-,0,0,0,0,2.1,-,-,-
TXO,202610,20261021.0,49900.0,Put,-,-,-,-,5210.0,-,-,0,0,0,0,-,-,-,-
TXO,202610,20261021.0,50000.0,Call,-,-,-,-,1580.0,-,-,0,0,0,0,2.1,-,-,-
TXO,202610,20261021.0,50000.0,Put,-,-,-,-,5280.0,-,-,0,0,0,0,-,-,-,-
TXO,202610,20261021.0,50100.0,Call,-,-,-,-,1550.0,-,-,0,0,0,0,2.1,-,-,-
TXO,202610,20261021.0,50100.0,Put,-,-,-,-,5350.0,-,-,0,0,0,0,4940,5570,-,-
TXO,202610,20261021.0,50200.0,Call,-,-,-,-,1520.0,-,-,0,0,0,0,2.1,-,-,-
TXO,202610,20261021.0,50200.0,Put,-,-,-,-,5420.0,-,-,0,0,0,0,-,-,-,-
TXO,202610,20261021.0,50300.0,Call,-,-,-,-,1490.0,-,-,0,0,0,0,2.1,-,-,-
TXO,202610,20261021.0,50300.0,Put,-,-,-,-,5490.0,-,-,0,0,0,0,-,-,-,-
TXO,202610,20261021.0,50400.0,Call,-,-,-,-,1460.0,-,-,0,0,0,0,2.1,-,-,-
TXO,202610,20261021.0,50400.0,Put,-,-,-,-,5560.0,-,-,0,0,0,0,-,-,-,-
TXO,202610,20261021.0,50500.0,Call,-,-,-,-,1430.0,-,-,0,0,0,0,2.1,-,-,-
TXO,202610,20261021.0,50500.0,Put,-,-,-,-,5630.0,-,-,0,0,0,0,-,-,-,-
TXO,202610,20261021.0,50600.0,Call,-,-,-,-,1400.0,-,-,0,0,0,0,2.1,-,-,-
TXO,202610,20261021.0,50600.0,Put,-,-,-,-,5700.0,-,-,0,0,0,0,5280,5910,-,-
TXO,202610,20261021.0,50700.0,Call,-,-,-,-,1370.0,-,-,0,0,0,0,2.1,-,-,-
TXO,202610,20261021.0,50700.0,Put,-,-,-,-,5770.0,-,-,0,0,0,0,-,-,-,-
TXO,202610,20261021.0,50800.0,Call,-,-,-,-,1340.0,-,-,0,0,0,0,2.1,-,-,-
TXO,202610,20261021.0,50800.0,Put,-,-,-,-,5840.0,-,-,0,0,0,0,5420,6050,-,-
TXO,202610,20261021.0,50900.0,Call,-,-,-,-,1310.0,-,-,0,0,0,0,2.1,-,-,-
TXO,202610,20261021.0,50900.0,Put,-,-,-,-,5910.0,-,-,0,0,0,0,-,-,-,-
TXO,202610,20261021.0,51000.0,Call,-,-,-,-,1280.0,-,-,0,0,0,0,2.1,-,-,-
TXO,202610,20261021.0,51000.0,Put,-,-,-,-,5980.0,-,-,0,0,0,0,-,-,-,-
TXO,202610,20261021.0,51100.0,Call,-,-,-,-,1250.0,-,-,0,0,0,0,2.1,-,-,-
TXO,202610,20261021.0,51100.0,Put,-,-,-,-,6060.0,-,-,0,0,0,0,-,-,-,-
TXO,202610,20261021.0,51200.0,Call,-,-,-,-,1230.0,-,-,0,0,0,0,2.1,-,-,-
TXO,202610,20261021.0,51200.0,Put,-,-,-,-,6130.0,-,-,0,0,0,0,-,-,-,-
TXO,202610,20261021.0,51300.0,Call,-,-,-,-,1200.0,-,-,0,0,0,0,2.1,-,-,-
TXO,202610,20261021.0,51300.0,Put,-,-,-,-,6200.0,-,-,0,0,0,0,-,-,-,-
TXO,202610,20261021.0,51400.0,Call,-,-,-,-,1170.0,-,-,0,0,0,0,2.1,-,-,-
TXO,202610,20261021.0,51400.0,Put,-,-,-,-,6270.0,-,-,0,0,0,0,-,-,-,-
TXO,202610,20261021.0,51500.0,Call,-,-,-,-,1140.0,-,-,0,0,0,0,2.1,-,-,-
TXO,202610,20261021.0,51500.0,Put,-,-,-,-,6340.0,-,-,0,0,0,0,-,-,-,-
TXO,202610,20261021.0,51600.0,Call,-,-,-,-,1120.0,-,-,0,0,0,0,2.1,-,-,-
TXO,202610,20261021.0,51600.0,Put,-,-,-,-,6420.0,-,-,0,0,0,0,-,-,-,-
TXO,202610,20261021.0,51700.0,Call,-,-,-,-,1100.0,-,-,0,0,0,0,2.1,-,-,-
TXO,202610,20261021.0,51700.0,Put,-,-,-,-,6490.0,-,-,0,0,0,0,-,-,-,-
TXO,202610,20261021.0,51800.0,Call,-,-,-,-,1070.0,-,-,0,0,0,0,2.1,-,-,-
TXO,202610,20261021.0,51800.0,Put,-,-,-,-,6570.0,-,-,0,0,0,0,-,-,-,-
TXO,202610,20261021.0,51900.0,Call,980,1080,980,1040,1040.0,▲+20,▲+1.96%,0,8,8,4,2.1,1170,1080,980
TXO,202610,20261021.0,51900.0,Put,-,-,-,-,6650.0,-,-,0,0,0,0,-,-,-,-
TXO,202610,20261021.0,52000.0,Call,880,1020,880,1000,1000.0,0,0%,0,11,11,11,2.1,1240,1020,880
TXO,202610,20261021.0,52000.0,Put,-,-,-,-,6720.0,-,-,0,0,0,0,-,-,-,-
TXO,202610,20261021.0,52100.0,Call,-,-,-,-,990.0,-,-,0,0,0,0,2.1,-,-,-
TXO,202610,20261021.0,52100.0,Put,-,-,-,-,6790.0,-,-,0,0,0,0,-,-,-,-
TXO,202610,20261021.0,52200.0,Call,-,-,-,-,965.0,-,-,0,0,0,0,2.1,-,-,-
TXO,202610,20261021.0,52200.0,Put,-,-,-,-,6860.0,-,-,0,0,0,0,-,-,-,-
TXO,202610,20261021.0,52300.0,Call,1000,1000,1000,1000,945.0,▲+70,▲+7.53%,0,1,1,1,15,1040,1000,1000
TXO,202610,20261021.0,52300.0,Put,-,-,-,-,6940.0,-,-,0,0,0,0,-,-,-,-
TXO,202610,20261021.0,52400.0,Call,855,865,855,865,920.0,▼-40,▼-4.42%,0,8,8,8,100,1040,865,855
TXO,202610,20261021.0,52400.0,Put,-,-,-,-,7010.0,-,-,0,0,0,0,-,-,-,-
TXO,202610,20261021.0,52500.0,Call,910,940,845,940,905.0,▲+55,▲+6.21%,0,14,14,14,2.4,1270,940,845
TXO,202610,20261021.0,52500.0,Put,-,-,-,-,7100.0,-,-,0,0,0,0,-,-,-,-
TXO,202612,20261216.0,25200.0,Call,-,-,-,-,21540.0,-,-,0,0,0,2,21450,21770,22620,13580
TXO,202612,20261216.0,25200.0,Put,168,172,145,145,145.0,▲+9,▲+6.62%,2,9,11,234,128,165,985,145
TXO,202612,20261216.0,25400.0,Call,-,-,-,-,21350.0,-,-,0,0,0,0,-,-,-,-
TXO,202612,20261216.0,25400.0,Put,-,-,-,-,166.0,-,-,0,0,0,2,54,880,610,260
TXO,202612,20261216.0,25600.0,Call,-,-,-,-,21150.0,-,-,0,0,0,0,-,-,-,-
TXO,202612,20261216.0,25600.0,Put,-,-,-,-,170.0,-,-,0,0,0,7,84,-,750,164
TXO,202612,20261216.0,25800.0,Call,-,-,-,-,20960.0,-,-,0,0,0,0,-,-,-,-
TXO,202612,20261216.0,25800.0,Put,-,-,-,-,175.0,-,-,0,0,0,3,95,288,505,186
TXO,202612,20261216.0,26000.0,Call,-,-,-,-,20770.0,-,-,0,0,0,1,-,-,17230,7550
TXO,202612,20261216.0,26000.0,Put,-,-,-,-,179.0,-,-,0,0,0,35,102,-,1390,170
TXO,202612,20261216.0,26200.0,Call,-,-,-,-,20570.0,-,-,0,0,0,0,-,-,-,-
TXO,202612,20261216.0,26200.0,Put,-,-,-,-,180.0,-,-,1,0,1,7,107,188,1430,175
TXO,202612,20261216.0,26400.0,Call,-,-,-,-,20380.0,-,-,0,0,0,0,-,-,-,-
TXO,202612,20261216.0,26400.0,Put,-,-,-,-,189.0,-,-,0,0,0,11,113,194,1250,348
TXO,202612,20261216.0,26600.0,Call,-,-,-,-,20190.0,-,-,0,0,0,0,-,-,-,-
TXO,202612,20261216.0,26600.0,Put,-,-,-,-,199.0,-,-,0,0,0,1,119,-,765,200
TXO,202612,20261216.0,26800.0,Call,-,-,-,-,20000.0,-,-,0,0,0,0,19910,-,-,-
TXO,202612,20261216.0,26800.0,Put,-,-,-,-,204.0,-,-,0,0,0,4,124,315,1500,254
TXO,202612,20261216.0,27000.0,Call,-,-,-,-,19810.0,-,-,0,0,0,2,19710,-,18990,7500
TXO,202612,20261216.0,27000.0,Put,-,-,-,-,210.0,-,-,0,0,0,4,129,-,1590,220
TXO,202612,20261216.0,27200.0,Call,-,-,-,-,19610.0,-,-,0,0,0,0,-,-,-,-
TXO,202612,20261216.0,27200.0,Put,-,-,-,-,212.0,-,-,0,0,0,1,135,328,710,215
TXO,202612,20261216.0,27400.0,Call,-,-,-,-,19420.0,-,-,0,0,0,0,-,-,-,-
TXO,202612,20261216.0,27400.0,Put,-,-,-,-,224.0,-,-,0,0,0,15,200,-,1580,500
TXO,202612,20261216.0,27600.0,Call,-,-,-,-,19230.0,-,-,0,0,0,0,-,-,-,-
TXO,202612,20261216.0,27600.0,Put,-,-,-,-,225.0,-,-,0,0,0,1,150,-,1300,233
TXO,202612,20261216.0,27800.0,Call,-,-,-,-,19030.0,-,-,0,0,0,0,-,-,-,-
TXO,202612,20261216.0,27800.0,Put,-,-,-,-,231.0,-,-,0,0,0,2,156,349,1550,325
TXO,202612,20261216.0,28000.0,Call,-,-,-,-,18840.0,-,-,0,0,0,0,-,-,-,-
TXO,202612,20261216.0,28000.0,Put,225,231,225,231,231.0,▲+13,▲+5.96%,0,2,2,15,155,356,1680,225
TXO,202612,20261216.0,28200.0,Call,-,-,-,-,18650.0,-,-,0,0,0,0,-,-,-,-
TXO,202612,20261216.0,28200.0,Put,-,-,-,-,245.0,-,-,0,0,0,9,163,361,1820,406
TXO,202612,20261216.0,28400.0,Call,-,-,-,-,18460.0,-,-,0,0,0,0,-,-,-,-
TXO,202612,20261216.0,28400.0,Put,269,269,269,269,252.0,▲+37,▲+15.95%,0,1,1,2,171,-,1400,269
TXO,202612,20261216.0,28600.0,Call,-,-,-,-,18270.0,-,-,0,0,0,0,-,-,-,-
TXO,202612,20261216.0,28600.0,Put,270,270,270,270,259.0,▲+31,▲+12.97%,0,1,1,2,179,389,1500,270
TXO,202612,20261216.0,28800.0,Call,-,-,-,-,18080.0,-,-,0,0,0,0,-,-,-,-
TXO,202612,20261216.0,28800.0,Put,-,-,-,-,267.0,-,-,0,0,0,6,188,384,1550,385
TXO,202612,20261216.0,29000.0,Call,-,-,-,-,17890.0,-,-,0,0,0,0,-,-,-,-
TXO,202612,20261216.0,29000.0,Put,-,-,-,-,275.0,-,-,0,0,0,4,197,393,1860,263
TXO,202612,20261216.0,29200.0,Call,-,-,-,-,17700.0,-,-,0,0,0,0,-,-,-,-
TXO,202612,20261216.0,29200.0,Put,-,-,-,-,289.0,-,-,0,0,0,3,207,408,1860,315
TXO,202612,20261216.0,29400.0,Call,-,-,-,-,17510.0,-,-,0,0,0,0,-,17670,-,-
TXO,202612,20261216.0,29400.0,Put,320,320,300,300,300.0,▲+27,▲+9.89%,0,2,2,3,215,417,1700,300
TXO,202612,20261216.0,29600.0,Call,-,-,-,-,17320.0,-,-,0,0,0,0,-,-,-,-
TXO,202612,20261216.0,29600.0,Put,-,-,-,-,305.0,-,-,0,0,0,1,225,426,1650,1650
TXO,202612,20261216.0,29800.0,Call,-,-,-,-,17130.0,-,-,0,0,0,0,-,-,11600,5120
TXO,202612,20261216.0,29800.0,Put,-,-,-,-,315.0,-,-,0,0,0,3,197,-,1700,306
TXO,202612,20261216.0,30000.0,Call,-,-,-,-,16950.0,-,-,0,0,0,0,-,-,11910,4660
TXO,202612,20261216.0,30000.0,Put,344,344,331,331,331.0,▲+32,▲+10.70%,5,2,7,26,251,365,1880,300
TXO,202612,20261216.0,30200.0,Call,-,-,-,-,16760.0,-,-,0,0,0,0,-,-,14870,4700
TXO,202612,20261216.0,30200.0,Put,-,-,-,-,336.0,-,-,0,0,0,3,219,450,715,510
TXO,202612,20261216.0,30400.0,Call,-,-,-,-,16570.0,-,-,0,0,0,0,-,-,-,-
TXO,202612,20261216.0,30400.0,Put,-,-,-,-,346.0,-,-,0,0,0,10,229,465,510,510
TXO,202612,20261216.0,30600.0,Call,-,-,-,-,16380.0,-,-,0,0,0,0,-,16530,-,-
TXO,202612,20261216.0,30600.0,Put,-,-,-,-,357.0,-,-,0,0,0,3,242,465,2010,720
TXO,202612,20261216.0,30800.0,Call,-,-,-,-,16200.0,-,-,0,0,0,0,-,-,-,-
TXO,202612,20261216.0,30800.0,Put,-,-,-,-,369.0,-,-,0,0,0,26,255,496,2700,550
TXO,202612,20261216.0,31000.0,Call,-,-,-,-,16010.0,-,-,0,0,0,0,-,-,-,-
TXO,202612,20261216.0,31000.0,Put,-,-,-,-,382.0,-,-,0,0,0,34,268,500,1220,420
TXO,202612,20261216.0,31200.0,Call,-,-,-,-,15830.0,-,-,0,0,0,0,-,-,4700,3750
TXO,202612,20261216.0,31200.0,Put,-,-,-,-,394.0,-,-,0,0,0,0,281,-,730,675
TXO,202612,20261216.0,31400.0,Call,-,-,-,-,15650.0,-,-,0,0,0,0,-,-,-,-
TXO,202612,20261216.0,31400.0,Put,-,-,-,-,412.0,-,-,0,0,0,0,297,-,-,-
TXO,202612,20261216.0,31600.0,Call,-,-,-,-,15470.0,-,-,0,0,0,0,-,-,7950,5480
TXO,202612,20261216.0,31600.0,Put,-,-,-,-,432.0,-,-,0,0,0,5,312,540,1870,615
TXO,202612,20261216.0,31800.0,Call,-,-,-,-,15270.0,-,-,0,0,0,0,-,-,10560,5580
TXO,202612,20261216.0,31800.0,Put,-,-,-,-,438.0,-,-,0,0,0,0,327,-,-,-
TXO,202612,20261216.0,32000.0,Call,-,-,-,-,15090.0,-,-,0,0,0,0,-,-,9600,3560
TXO,202612,20261216.0,32000.0,Put,-,-,-,-,450.0,-,-,0,0,0,12,341,-,3270,420
TXO,202612,20261216.0,32200.0,Call,-,-,-,-,14900.0,-,-,0,0,0,0,-,-,-,-
TXO,202612,20261216.0,32200.0,Put,-,-,-,-,464.0,-,-,0,0,0,0,359,-,3130,1300
TXO,202612,20261216.0,32400.0,Call,-,-,-,-,14720.0,-,-,0,0,0,0,-,-,11650,3460
TXO,202612,20261216.0,32400.0,Put,-,-,-,-,481.0,-,-,0,0,0,4,375,605,3250,545
TXO,202612,20261216.0,32600.0,Call,-,-,-,-,14540.0,-,-,0,0,0,0,-,-,-,-
TXO,202612,20261216.0,32600.0,Put,-,-,-,-,495.0,-,-,0,0,0,15,393,620,1160,560
TXO,202612,20261216.0,32800.0,Call,-,-,-,-,14360.0,-,-,0,0,0,0,-,-,-,-
TXO,202612,20261216.0,32800.0,Put,-,-,-,-,515.0,-,-,0,0,0,5,415,-,1920,605
TXO,202612,20261216.0,33000.0,Call,-,-,-,-,14180.0,-,-,0,0,0,2,-,14270,13520,3000
TXO,202612,20261216.0,33000.0,Put,-,-,-,-,530.0,-,-,0,0,0,22,430,675,3280,590
TXO,202612,20261216.0,33200.0,Call,-,-,-,-,14000.0,-,-,0,0,0,0,-,-,4180,3280
TXO,202612,20261216.0,33200.0,Put,-,-,-,-,555.0,-,-,0,0,0,0,450,-,780,540
TXO,202612,20261216.0,33400.0,Call,-,-,-,-,13830.0,-,-,0,0,0,0,-,-,10800,2780
TXO,202612,20261216.0,33400.0,Put,-,-,-,-,575.0,-,-,0,0,0,2,470,670,3450,1010
TXO,202612,20261216.0,33600.0,Call,-,-,-,-,13650.0,-,-,0,0,0,0,-,-,10850,2640
TXO,202612,20261216.0,33600.0,Put,-,-,-,-,595.0,-,-,0,0,0,3,450,710,4010,785
TXO,202612,20261216.0,33800.0,Call,-,-,-,-,13470.0,-,-,0,0,0,0,-,-,-,-
TXO,202612,20261216.0,33800.0,Put,-,-,-,-,615.0,-,-,0,0,0,0,470,-,1670,995
TXO,202612,20261216.0,34000.0,Call,-,-,-,-,13290.0,-,-,0,0,0,0,-,-,12700,3130
TXO,202612,20261216.0,34000.0,Put,-,-,-,-,635.0,-,-,0,0,0,15,490,710,3620,700
TXO,202612,20261216.0,34200.0,Call,-,-,-,-,13120.0,-,-,0,0,0,0,-,-,8850,5200
TXO,202612,20261216.0,34200.0,Put,-,-,-,-,660.0,-,-,0,0,0,4,515,-,1780,985
TXO,202612,20261216.0,34400.0,Call,-,-,-,-,12930.0,-,-,0,0,0,0,-,13050,-,-
TXO,202612,20261216.0,34400.0,Put,-,-,-,-,675.0,-,-,0,0,0,0,540,-,2600,950
TXO,202612,20261216.0,34600.0,Call,-,-,-,-,12760.0,-,-,0,0,0,0,-,-,-,-
TXO,202612,20261216.0,34600.0,Put,-,-,-,-,700.0,-,-,0,0,0,1,565,-,2670,1030
TXO,202612,20261216.0,34800.0,Call,-,-,-,-,12580.0,-,-,0,0,0,0,-,-,4830,3240
TXO,202612,20261216.0,34800.0,Put,-,-,-,-,720.0,-,-,0,0,0,0,595,-,3120,3040
TXO,202612,20261216.0,35000.0,Call,-,-,-,-,12400.0,-,-,0,0,0,0,-,-,12910,2200
TXO,202612,20261216.0,35000.0,Put,-,-,-,-,740.0,-,-,1,0,1,17,615,865,2100,720
TXO,202612,20261216.0,35200.0,Call,-,-,-,-,12240.0,-,-,0,0,0,0,-,-,4590,3370
TXO,202612,20261216.0,35200.0,Put,-,-,-,-,775.0,-,-,0,0,0,1,655,855,3000,3000
TXO,202612,20261216.0,35400.0,Call,-,-,-,-,12070.0,-,-,0,0,0,0,-,-,9450,3340
TXO,202612,20261216.0,35400.0,Put,-,-,-,-,800.0,-,-,0,0,0,0,660,-,1300,980
TXO,202612,20261216.0,35600.0,Call,-,-,-,-,11900.0,-,-,0,0,0,1,11790,-,12870,2380
TXO,202612,20261216.0,35600.0,Put,-,-,-,-,830.0,-,-,0,0,0,1,2.1,915,4020,1010
TXO,202612,20261216.0,35800.0,Call,-,-,-,-,11720.0,-,-,0,0,0,0,-,-,7020,6410
TXO,202612,20261216.0,35800.0,Put,-,-,-,-,850.0,-,-,0,0,0,1,710,-,2000,1250
TXO,202612,20261216.0,36000.0,Call,-,-,-,-,11550.0,-,-,0,0,0,1,11450,-,8050,1950
TXO,202612,20261216.0,36000.0,Put,-,-,-,-,880.0,-,-,0,0,0,42,755,-,3300,1030
TXO,202612,20261216.0,36200.0,Call,-,-,-,-,11380.0,-,-,0,0,0,0,-,-,7130,1470
TXO,202612,20261216.0,36200.0,Put,-,-,-,-,910.0,-,-,0,0,0,0,2.1,-,-,-
TXO,202612,20261216.0,36400.0,Call,-,-,-,-,11210.0,-,-,0,0,0,1,11090,-,8580,1390
TXO,202612,20261216.0,36400.0,Put,-,-,-,-,935.0,-,-,0,0,0,1,2.1,-,2020,1450
TXO,202612,20261216.0,36600.0,Call,-,-,-,-,11050.0,-,-,0,0,0,0,-,-,6880,1320
TXO,202612,20261216.0,36600.0,Put,-,-,-,-,970.0,-,-,0,0,0,1,820,-,2130,2130
TXO,202612,20261216.0,36800.0,Call,-,-,-,-,10880.0,-,-,0,0,0,0,-,-,11890,1260
TXO,202612,20261216.0,36800.0,Put,-,-,-,-,995.0,-,-,0,0,0,12,2.1,1080,2670,945
TXO,202612,20261216.0,37000.0,Call,-,-,-,-,10710.0,-,-,0,0,0,4,-,10840,12020,1350
TXO,202612,20261216.0,37000.0,Put,-,-,-,-,1030.0,-,-,0,0,0,23,890,-,3150,1000
TXO,202612,20261216.0,37200.0,Call,-,-,-,-,10550.0,-,-,0,0,0,0,-,-,9030,1740
TXO,202612,20261216.0,37200.0,Put,-,-,-,-,1070.0,-,-,0,0,0,0,2.1,-,-,-
TXO,202612,20261216.0,37400.0,Call,-,-,-,-,10390.0,-,-,0,0,0,0,-,-,10760,1280
TXO,202612,20261216.0,37400.0,Put,-,-,-,-,1110.0,-,-,0,0,0,1,2.1,-,1540,1210
TXO,202612,20261216.0,37600.0,Call,-,-,-,-,10220.0,-,-,0,0,0,2,-,10370,1260,1260
TXO,202612,20261216.0,37600.0,Put,-,-,-,-,1140.0,-,-,0,0,0,0,2.1,-,2950,1380
TXO,202612,20261216.0,37800.0,Call,-,-,-,-,10050.0,-,-,0,0,0,1,-,10210,11540,1240
TXO,202612,20261216.0,37800.0,Put,-,-,-,-,1170.0,-,-,0,0,0,4,2.1,1260,2900,2000
TXO,202612,20261216.0,38000.0,Call,-,-,-,-,9900.0,-,-,0,0,0,20,9800,-,7630,1230
TXO,202612,20261216.0,38000.0,Put,-,-,-,-,1210.0,-,-,0,0,0,13,1110,-,3430,1500
TXO,202612,20261216.0,38200.0,Call,-,-,-,-,9740.0,-,-,0,0,0,0,-,-,7280,1200
TXO,202612,20261216.0,38200.0,Put,-,-,-,-,1250.0,-,-,0,0,0,0,2.1,-,1900,1500
TXO,202612,20261216.0,38400.0,Call,-,-,-,-,9570.0,-,-,0,0,0,0,-,-,7140,1270
TXO,202612,20261216.0,38400.0,Put,-,-,-,-,1280.0,-,-,0,0,0,0,2.1,-,-,-
TXO,202612,20261216.0,38600.0,Call,-,-,-,-,9410.0,-,-,0,0,0,3,-,9500,10540,1080
TXO,202612,20261216.0,38600.0,Put,-,-,-,-,1320.0,-,-,0,0,0,0,-,-,3100,1640
TXO,202612,20261216.0,38800.0,Call,-,-,-,-,9260.0,-,-,0,0,0,0,-,-,10770,775
TXO,202612,20261216.0,38800.0,Put,-,-,-,-,1360.0,-,-,0,0,0,0,-,-,-,-
TXO,202612,20261216.0,39000.0,Call,-,-,-,-,9110.0,-,-,0,0,0,4,-,9240,9290,1100
TXO,202612,20261216.0,39000.0,Put,-,-,-,-,1410.0,-,-,0,0,0,123,1280,-,3690,1570
TXO,202612,20261216.0,39200.0,Call,-,-,-,-,8950.0,-,-,0,0,0,0,-,-,10280,1290
TXO,202612,20261216.0,39200.0,Put,-,-,-,-,1450.0,-,-,0,0,0,0,-,-,3680,1930
TXO,202612,20261216.0,39400.0,Call,-,-,-,-,8790.0,-,-,0,0,0,0,-,-,11070,1300
TXO,202612,20261216.0,39400.0,Put,-,-,-,-,1490.0,-,-,0,0,0,0,-,-,3380,3130
TXO,202612,20261216.0,39600.0,Call,-,-,-,-,8650.0,-,-,0,0,0,0,-,-,11070,750
TXO,202612,20261216.0,39600.0,Put,-,-,-,-,1540.0,-,-,0,0,0,3,1420,-,3660,1430
TXO,202612,20261216.0,39800.0,Call,-,-,-,-,8490.0,-,-,0,0,0,0,-,-,11350,1250
TXO,202612,20261216.0,39800.0,Put,-,-,-,-,1580.0,-,-,0,0,0,0,-,-,4080,3550
TXO,202612,20261216.0,40000.0,Call,8400,8400,8400,8400,8340.0,▼-100,▼-1.18%,0,1,1,14,8230,-,9010,705
TXO,202612,20261216.0,40000.0,Put,-,-,-,-,1640.0,-,-,0,0,0,111,1510,-,3960,1550
TXO,202612,20261216.0,40200.0,Call,-,-,-,-,8200.0,-,-,0,0,0,1,-,8330,4720,2200
TXO,202612,20261216.0,40200.0,Put,-,-,-,-,1690.0,-,-,0,0,0,0,-,-,3430,2030
TXO,202612,20261216.0,40400.0,Call,-,-,-,-,8060.0,-,-,1,0,1,3,-,8190,8140,695
TXO,202612,20261216.0,40400.0,Put,-,-,-,-,1750.0,-,-,0,0,0,0,-,-,2820,2700
TXO,202612,20261216.0,40600.0,Call,-,-,-,-,7880.0,-,-,0,0,0,3,-,8040,5300,740
TXO,202612,20261216.0,40600.0,Put,-,-,-,-,1770.0,-,-,0,0,0,1,-,-,2750,2580
TXO,202612,20261216.0,40800.0,Call,-,-,-,-,7740.0,-,-,0,0,0,16,-,7870,9640,1410
TXO,202612,20261216.0,40800.0,Put,-,-,-,-,1820.0,-,-,0,0,0,2,-,1950,3980,2620
TXO,202612,20261216.0,41000.0,Call,7780,7780,7780,7780,7600.0,▲+40,▲+0.52%,0,1,1,6,7510,7740,9160,675
TXO,202612,20261216.0,41000.0,Put,-,-,-,-,1880.0,-,-,0,0,0,50,-,2020,4390,2680
TXO,202612,20261216.0,41200.0,Call,-,-,-,-,7460.0,-,-,0,0,0,0,-,-,5620,3150
TXO,202612,20261216.0,41200.0,Put,-,-,-,-,1950.0,-,-,0,0,0,3,-,2070,4410,4360
TXO,202612,20261216.0,41400.0,Call,-,-,-,-,7330.0,-,-,0,0,0,31,-,7440,10000,360
TXO,202612,20261216.0,41400.0,Put,-,-,-,-,2010.0,-,-,0,0,0,1,-,2130,4540,1870
TXO,202612,20261216.0,41600.0,Call,-,-,-,-,7190.0,-,-,0,0,0,11,7090,7320,4440,1450
TXO,202612,20261216.0,41600.0,Put,-,-,-,-,2070.0,-,-,0,0,0,2,1920,-,4290,2020
TXO,202612,20261216.0,41800.0,Call,-,-,-,-,7050.0,-,-,0,0,0,16,6950,7170,8490,710
TXO,202612,20261216.0,41800.0,Put,-,-,-,-,2130.0,-,-,3,0,3,3,1970,-,4390,2000
TXO,202612,20261216.0,42000.0,Call,-,-,-,-,6890.0,-,-,0,0,0,70,-,7010,8720,800
TXO,202612,20261216.0,42000.0,Put,-,-,-,-,2170.0,-,-,0,0,0,109,2060,-,4950,2250
TXO,202612,20261216.0,42200.0,Call,-,-,-,-,6750.0,-,-,0,0,0,1,-,6910,8040,1500
TXO,202612,20261216.0,42200.0,Put,-,-,-,-,2230.0,-,-,0,0,0,100,2130,-,3610,2630
TXO,202612,20261216.0,42400.0,Call,-,-,-,-,6630.0,-,-,0,0,0,2,6500,-,5850,1260
TXO,202612,20261216.0,42400.0,Put,-,-,-,-,2300.0,-,-,0,0,0,0,-,-,4790,3250
TXO,202612,20261216.0,42600.0,Call,-,-,-,-,6500.0,-,-,0,0,0,2,6360,-,7280,965
TXO,202612,20261216.0,42600.0,Put,-,-,-,-,2380.0,-,-,0,0,0,0,-,-,4770,3040
TXO,202612,20261216.0,42800.0,Call,-,-,-,-,6380.0,-,-,0,0,0,0,-,6730,4380,2510
TXO,202612,20261216.0,42800.0,Put,-,-,-,-,2450.0,-,-,0,0,0,0,-,-,-,-
TXO,202612,20261216.0,43000.0,Call,-,-,-,-,6240.0,-,-,0,0,0,62,5920,6350,9700,1130
TXO,202612,20261216.0,43000.0,Put,-,-,-,-,2510.0,-,-,0,0,0,72,2370,6890,4980,2300
TXO,202612,20261216.0,43200.0,Call,-,-,-,-,6110.0,-,-,0,0,0,1,5960,6470,4670,1400
TXO,202612,20261216.0,43200.0,Put,-,-,-,-,2570.0,-,-,0,0,0,0,-,-,-,-
TXO,202612,20261216.0,43400.0,Call,-,-,-,-,5980.0,-,-,0,0,0,0,5800,6330,7410,4950
TXO,202612,20261216.0,43400.0,Put,-,-,-,-,2650.0,-,-,0,0,0,0,-,-,4970,2860
TXO,202612,20261216.0,43600.0,Call,-,-,-,-,5860.0,-,-,0,0,0,2,5740,6210,5510,950
TXO,202612,20261216.0,43600.0,Put,-,-,-,-,2720.0,-,-,0,0,0,0,-,-,4780,4740
TXO,202612,20261216.0,43800.0,Call,-,-,-,-,5730.0,-,-,0,0,0,1,5540,6080,8340,1020
TXO,202612,20261216.0,43800.0,Put,-,-,-,-,2800.0,-,-,0,0,0,0,-,-,-,-
TXO,202612,20261216.0,44000.0,Call,-,-,-,-,5590.0,-,-,0,0,0,1,5410,5950,8350,2260
TXO,202612,20261216.0,44000.0,Put,-,-,-,-,2850.0,-,-,1,0,1,101,2710,-,4440,2700
TXO,202612,20261216.0,44200.0,Call,-,-,-,-,5460.0,-,-,1,0,1,3,5330,5830,5630,600
TXO,202612,20261216.0,44200.0,Put,-,-,-,-,2920.0,-,-,0,0,0,60,-,3020,4310,3160
TXO,202612,20261216.0,44400.0,Call,-,-,-,-,5330.0,-,-,0,0,0,0,5160,5700,6730,930
TXO,202612,20261216.0,44400.0,Put,-,-,-,-,2990.0,-,-,0,0,0,100,2860,-,4660,3660
TXO,202612,20261216.0,44600.0,Call,-,-,-,-,5190.0,-,-,0,0,0,10,5090,5580,5770,890
TXO,202612,20261216.0,44600.0,Put,-,-,-,-,3050.0,-,-,0,0,0,4,2950,-,6030,3220
TXO,202612,20261216.0,44800.0,Call,-,-,-,-,5090.0,-,-,0,0,0,0,4910,5460,-,-
TXO,202612,20261216.0,44800.0,Put,-,-,-,-,3140.0,-,-,0,0,0,1,3020,-,3560,3560
TXO,202612,20261216.0,45000.0,Call,-,-,-,-,4970.0,-,-,0,0,0,3,4850,5340,6790,2600
TXO,202612,20261216.0,45000.0,Put,-,-,-,-,3220.0,-,-,0,0,0,104,3090,-,6000,3200
TXO,202612,20261216.0,45200.0,Call,-,-,-,-,4850.0,-,-,0,0,0,2,4740,5220,6620,925
TXO,202612,20261216.0,45200.0,Put,-,-,-,-,3300.0,-,-,0,0,0,0,30,-,6690,4500
TXO,202612,20261216.0,45400.0,Call,-,-,-,-,4750.0,-,-,0,0,0,3,4660,5110,6500,2770
TXO,202612,20261216.0,45400.0,Put,-,-,-,-,3400.0,-,-,0,0,0,2,3270,-,6540,3220
TXO,202612,20261216.0,45600.0,Call,-,-,-,-,4650.0,-,-,0,0,0,3,4510,4990,6160,1070
TXO,202612,20261216.0,45600.0,Put,-,-,-,-,3500.0,-,-,0,0,0,2,-,3580,6750,5600
TXO,202612,20261216.0,45800.0,Call,-,-,-,-,4520.0,-,-,0,0,0,1,-,4660,3070,1980
TXO,202612,20261216.0,45800.0,Put,-,-,-,-,3570.0,-,-,0,0,0,0,-,-,-,-
TXO,202612,20261216.0,46000.0,Call,-,-,-,-,4410.0,-,-,6,0,6,219,0.1,4550,5560,2480
TXO,202612,20261216.0,46000.0,Put,-,-,-,-,3660.0,-,-,0,0,0,194,3540,-,5790,3750
TXO,202612,20261216.0,46200.0,Call,-,-,-,-,4320.0,-,-,0,0,0,0,-,-,2620,2450
TXO,202612,20261216.0,46200.0,Put,-,-,-,-,3760.0,-,-,0,0,0,1,-,-,7260,4400
TXO,202612,20261216.0,46400.0,Call,-,-,-,-,4220.0,-,-,2,0,2,5,4080,-,5700,1560
TXO,202612,20261216.0,46400.0,Put,-,-,-,-,3860.0,-,-,0,0,0,5,3720,-,5210,5150
TXO,202612,20261216.0,46600.0,Call,-,-,-,-,4080.0,-,-,0,0,0,49,3300,4250,6500,1540
TXO,202612,20261216.0,46600.0,Put,-,-,-,-,3920.0,-,-,0,0,0,0,-,-,-,-
TXO,202612,20261216.0,46800.0,Call,-,-,-,-,3980.0,-,-,0,0,0,10,-,4150,5870,1500
TXO,202612,20261216.0,46800.0,Put,-,-,-,-,4020.0,-,-,0,0,0,2,-,4150,7770,7490
TXO,202612,20261216.0,47000.0,Call,-,-,-,-,3890.0,-,-,1,0,1,39,-,4040,6430,2280
TXO,202612,20261216.0,47000.0,Put,-,-,-,-,4120.0,-,-,0,0,0,11,3990,-,7620,3860
TXO,202612,20261216.0,47200.0,Call,3770,3850,3750,3850,3790.0,▼-40,▼-1.03%,0,20,20,61,-,3940,4830,2100
TXO,202612,20261216.0,47200.0,Put,-,-,-,-,4220.0,-,-,0,0,0,0,-,-,-,-
TXO,202612,20261216.0,47400.0,Call,-,-,-,-,3690.0,-,-,0,0,0,61,-,3830,5670,2070
TXO,202612,20261216.0,47400.0,Put,-,-,-,-,4320.0,-,-,0,0,0,1,-,4420,6210,6210
TXO,202612,20261216.0,47600.0,Call,-,-,-,-,3590.0,-,-,0,0,0,48,690,3730,5180,1100
TXO,202612,20261216.0,47600.0,Put,-,-,-,-,4420.0,-,-,0,0,0,0,-,-,6310,4920
TXO,202612,20261216.0,47800.0,Call,-,-,-,-,3500.0,-,-,0,0,0,9,-,3640,5050,3040
TXO,202612,20261216.0,47800.0,Put,-,-,-,-,4530.0,-,-,0,0,0,2,-,4660,5750,4890
TXO,202612,20261216.0,48000.0,Call,-,-,-,-,3420.0,-,-,0,0,0,44,-,3540,5100,2060
TXO,202612,20261216.0,48000.0,Put,-,-,-,-,4640.0,-,-,0,0,0,5,4560,4850,8030,5020
TXO,202612,20261216.0,48200.0,Call,-,-,-,-,3330.0,-,-,0,0,0,1,-,3460,3960,2250
TXO,202612,20261216.0,48200.0,Put,-,-,-,-,4760.0,-,-,0,0,0,1,4390,4840,5860,5860
TXO,202612,20261216.0,48400.0,Call,-,-,-,-,3250.0,-,-,0,0,0,3,3130,-,5700,2050
TXO,202612,20261216.0,48400.0,Put,-,-,-,-,4880.0,-,-,0,0,0,0,4530,5060,-,-
TXO,202612,20261216.0,48600.0,Call,-,-,-,-,3170.0,-,-,0,0,0,0,-,-,4880,3450
TXO,202612,20261216.0,48600.0,Put,-,-,-,-,5000.0,-,-,0,0,0,0,4640,5170,6090,4600
TXO,202612,20261216.0,48800.0,Call,-,-,-,-,3080.0,-,-,0,0,0,0,-,-,-,-
TXO,202612,20261216.0,48800.0,Put,-,-,-,-,5100.0,-,-,0,0,0,4,4940,5180,8920,6400
TXO,202612,20261216.0,49000.0,Call,-,-,-,-,2990.0,-,-,0,0,0,7,-,3090,5280,1600
TXO,202612,20261216.0,49000.0,Put,-,-,-,-,5210.0,-,-,0,0,0,0,4860,5400,6900,5850
TXO,202612,20261216.0,49200.0,Call,-,-,-,-,2910.0,-,-,0,0,0,18,-,3000,4080,1570
TXO,202612,20261216.0,49200.0,Put,-,-,-,-,5330.0,-,-,0,0,0,0,4950,5510,-,-
TXO,202612,20261216.0,49400.0,Call,-,-,-,-,2830.0,-,-,0,0,0,1,2710,-,3760,1490
TXO,202612,20261216.0,49400.0,Put,-,-,-,-,5450.0,-,-,0,0,0,2,5090,5530,8650,8650
TXO,202612,20261216.0,49600.0,Call,-,-,-,-,2760.0,-,-,0,0,0,10,2630,-,4800,3490
TXO,202612,20261216.0,49600.0,Put,-,-,-,-,5580.0,-,-,0,0,0,0,5190,5750,6900,5500
TXO,202612,20261216.0,49800.0,Call,-,-,-,-,2690.0,-,-,0,0,0,1,2530,-,2780,1540
TXO,202612,20261216.0,49800.0,Put,-,-,-,-,5700.0,-,-,0,0,0,0,5300,5870,-,-
TXO,202612,20261216.0,50000.0,Call,-,-,-,-,2600.0,-,-,0,0,0,30,2480,-,5000,1350
TXO,202612,20261216.0,50000.0,Put,-,-,-,-,5810.0,-,-,0,0,0,0,5430,6000,-,-
TXO,202612,20261216.0,50200.0,Call,-,-,-,-,2510.0,-,-,0,0,0,3,-,2640,4800,2540
TXO,202612,20261216.0,50200.0,Put,-,-,-,-,5920.0,-,-,0,0,0,0,5550,6120,-,-
TXO,202612,20261216.0,50400.0,Call,-,-,-,-,2440.0,-,-,0,0,0,36,80,2550,5200,1250
TXO,202612,20261216.0,50400.0,Put,-,-,-,-,6050.0,-,-,0,0,0,3,5970,6250,9460,9450
TXO,202612,20261216.0,50600.0,Call,-,-,-,-,2380.0,-,-,0,0,0,0,-,-,3640,3380
TXO,202612,20261216.0,50600.0,Put,-,-,-,-,6180.0,-,-,0,0,0,0,5800,6410,-,-
TXO,202612,20261216.0,50800.0,Call,-,-,-,-,2300.0,-,-,0,0,0,10,1770,2400,3620,1770
TXO,202612,20261216.0,50800.0,Put,-,-,-,-,6310.0,-,-,0,0,0,0,-,-,-,-
TXO,202612,20261216.0,51000.0,Call,-,-,-,-,2230.0,-,-,2,0,2,3,2110,-,4420,1990
TXO,202612,20261216.0,51000.0,Put,-,-,-,-,6430.0,-,-,0,0,0,0,-,-,-,-
TXO,202612,20261216.0,51200.0,Call,-,-,-,-,2160.0,-,-,0,0,0,0,-,-,-,-
TXO,202612,20261216.0,51200.0,Put,-,-,-,-,6560.0,-,-,0,0,0,0,6190,6800,-,-
TXO,202612,20261216.0,51400.0,Call,-,-,-,-,2100.0,-,-,0,0,0,4,-,2200,1950,1930
TXO,202612,20261216.0,51400.0,Put,-,-,-,-,6700.0,-,-,0,0,0,0,-,-,-,-
TXO,202612,20261216.0,51600.0,Call,-,-,-,-,2040.0,-,-,0,0,0,0,-,-,3280,2950
TXO,202612,20261216.0,51600.0,Put,-,-,-,-,6840.0,-,-,0,0,0,0,-,7070,-,-
TXO,202612,20261216.0,51800.0,Call,-,-,-,-,1980.0,-,-,0,0,0,6,-,2070,2550,2050
TXO,202612,20261216.0,51800.0,Put,-,-,-,-,6980.0,-,-,0,0,0,0,-,-,-,-
TXO,202612,20261216.0,52000.0,Call,1860,2000,1860,1900,1900.0,▼-60,▼-3.06%,0,5,5,13,-,2020,3380,1570
TXO,202612,20261216.0,52000.0,Put,-,-,-,-,7110.0,-,-,0,0,0,0,6740,-,-,-
TXO,202612,20261216.0,52200.0,Call,-,-,-,-,1850.0,-,-,0,0,0,0,-,-,-,-
TXO,202612,20261216.0,52200.0,Put,-,-,-,-,7240.0,-,-,0,0,0,0,6880,-,-,-
TXO,202612,20261216.0,52400.0,Call,-,-,-,-,1800.0,-,-,0,0,0,6,1680,-,3950,1750
TXO,202612,20261216.0,52400.0,Put,-,-,-,-,7390.0,-,-,0,0,0,4,-,7500,8790,8780
TXO,202612,20261216.0,52600.0,Call,1820,1820,1820,1820,1750.0,▲+20,▲+1.11%,0,1,1,2,1630,2000,1820,1530
TXO,202612,20261216.0,52600.0,Put,-,-,-,-,7540.0,-,-,0,0,0,0,-,7760,-,-
TXO,202612,20261216.0,52800.0,Call,1590,1590,1590,1590,1690.0,▼-150,▼-8.62%,0,1,1,3,-,1820,2770,1590
TXO,202612,20261216.0,52800.0,Put,-,-,-,-,7680.0,-,-,0,0,0,0,7310,-,-,-
TXO,202612,20261216.0,53000.0,Call,1680,1680,1680,1680,1630.0,0,0%,0,1,1,6,-,1780,2970,1310
TXO,202612,20261216.0,53000.0,Put,-,-,-,-,7820.0,-,-,0,0,0,0,-,-,-,-
TXO,202612,20261216.0,53200.0,Call,-,-,-,-,1580.0,-,-,0,0,0,13,1450,-,3950,1700
TXO,202612,20261216.0,53200.0,Put,-,-,-,-,7970.0,-,-,0,0,0,0,-,8080,-,-
TXO,202612,20261216.0,53400.0,Call,-,-,-,-,1530.0,-,-,0,0,0,4,1400,-,2870,1500
TXO,202612,20261216.0,53400.0,Put,-,-,-,-,8120.0,-,-,0,0,0,0,-,-,-,-
TXO,202612,20261216.0,53600.0,Call,-,-,-,-,1490.0,-,-,0,0,0,0,-,-,-,-
TXO,202612,20261216.0,53600.0,Put,-,-,-,-,8270.0,-,-,0,0,0,0,-,-,-,-
TXO,202612,20261216.0,53800.0,Call,-,-,-,-,1440.0,-,-,0,0,0,3,1310,-,2640,1710
TXO,202612,20261216.0,53800.0,Put,-,-,-,-,8420.0,-,-,0,0,0,0,-,-,-,-
TXO,202612,20261216.0,54000.0,Call,-,-,-,-,1390.0,-,-,0,0,0,4,-,1520,3360,1450
TXO,202612,20261216.0,54000.0,Put,-,-,-,-,8570.0,-,-,0,0,0,0,-,-,-,-
TXO,202612,20261216.0,54200.0,Call,-,-,-,-,1340.0,-,-,0,0,0,0,-,-,-,-
TXO,202612,20261216.0,54200.0,Put,-,-,-,-,8720.0,-,-,0,0,0,0,-,-,-,-
TXO,202612,20261216.0,54400.0,Call,-,-,-,-,1300.0,-,-,0,0,0,3,-,1420,2050,1850
TXO,202612,20261216.0,54400.0,Put,-,-,-,-,8870.0,-,-,0,0,0,0,-,-,-,-
TXO,202612,20261216.0,54600.0,Call,-,-,-,-,1260.0,-,-,0,0,0,1,1120,-,1420,1420
TXO,202612,20261216.0,54600.0,Put,-,-,-,-,9030.0,-,-,0,0,0,0,-,-,-,-
TXO,202612,20261216.0,54800.0,Call,-,-,-,-,1210.0,-,-,0,0,0,9,-,1330,3060,1410
TXO,202612,20261216.0,54800.0,Put,-,-,-,-,9180.0,-,-,0,0,0,0,-,-,-,-
TXO,202612,20261216.0,55000.0,Call,-,-,-,-,1170.0,-,-,0,0,0,21,-,1290,2920,1000
TXO,202612,20261216.0,55000.0,Put,-,-,-,-,9340.0,-,-,0,0,0,0,-,-,-,-
TXO,202612,20261216.0,55200.0,Call,-,-,-,-,1130.0,-,-,0,0,0,2,1010,-,1980,1370
TXO,202612,20261216.0,55200.0,Put,-,-,-,-,9500.0,-,-,0,0,0,0,-,-,-,-
TXO,202612,20261216.0,55400.0,Call,-,-,-,-,1100.0,-,-,0,0,0,4,2.1,1210,2930,1080
TXO,202612,20261216.0,55400.0,Put,-,-,-,-,9660.0,-,-,0,0,0,0,-,-,-,-
TXO,202612,20261216.0,55600.0,Call,-,-,-,-,1060.0,-,-,0,0,0,2,935,-,2150,1600
TXO,202612,20261216.0,55600.0,Put,-,-,-,-,9830.0,-,-,0,0,0,0,-,-,-,-
TXO,202612,20261216.0,55800.0,Call,-,-,-,-,1020.0,-,-,0,0,0,39,2.1,1140,3020,960
TXO,202612,20261216.0,55800.0,Put,-,-,-,-,9990.0,-,-,0,0,0,0,-,-,-,-
TXO,202612,20261216.0,56000.0,Call,-,-,-,-,985.0,-,-,0,0,0,13,2.1,1080,2170,840
TXO,202612,20261216.0,56000.0,Put,-,-,-,-,10150.0,-,-,0,0,0,0,-,-,-,-
TXO,202612,20261216.0,56200.0,Call,-,-,-,-,950.0,-,-,0,0,0,1,850,-,1900,1800
TXO,202612,20261216.0,56200.0,Put,-,-,-,-,10310.0,-,-,0,0,0,0,-,-,-,-
TXO,202612,20261216.0,56400.0,Call,-,-,-,-,915.0,-,-,0,0,0,2,800,-,1770,1740
TXO,202612,20261216.0,56400.0,Put,-,-,-,-,10480.0,-,-,0,0,0,0,-,-,-,-
TXO,202612,20261216.0,56600.0,Call,-,-,-,-,885.0,-,-,0,0,0,0,2.1,-,-,-
TXO,202612,20261216.0,56600.0,Put,-,-,-,-,10640.0,-,-,0,0,0,0,-,-,-,-
TXO,202612,20261216.0,56800.0,Call,-,-,-,-,855.0,-,-,0,0,0,1,755,-,1830,1830
TXO,202612,20261216.0,56800.0,Put,-,-,-,-,10810.0,-,-,0,0,0,0,-,-,-,-
TXO,202612,20261216.0,57000.0,Call,-,-,-,-,825.0,-,-,4,0,4,19,2.1,915,2500,700
TXO,202612,20261216.0,57000.0,Put,-,-,-,-,10980.0,-,-,0,0,0,0,-,-,-,-
TXO,202612,20261216.0,57200.0,Call,-,-,-,-,795.0,-,-,0,0,0,3,695,885,1880,670
TXO,202612,20261216.0,57200.0,Put,-,-,-,-,11150.0,-,-,0,0,0,0,-,-,-,-
TXO,202612,20261216.0,57400.0,Call,730,795,730,795,765.0,0,0%,0,3,3,238,685,910,1870,680
TXO,202612,20261216.0,57400.0,Put,-,-,-,-,11310.0,-,-,0,0,0,0,-,-,-,-
TXO,202703,20270317.0,35600.0,Call,-,-,-,-,13170.0,-,-,0,0,0,0,-,-,-,-
TXO,202703,20270317.0,35600.0,Put,1240,1240,1230,1230,1270.0,▲+10,▲+0.82%,2,2,4,14,1220,1270,1860,1190
TXO,202703,20270317.0,35800.0,Call,-,-,-,-,13020.0,-,-,0,0,0,0,-,-,-,-
TXO,202703,20270317.0,35800.0,Put,1380,1380,1350,1350,1350.0,▲+100,▲+8.00%,0,2,2,1,100,1390,1650,1300
TXO,202703,20270317.0,36000.0,Call,-,-,-,-,12860.0,-,-,0,0,0,0,-,-,-,-
TXO,202703,20270317.0,36000.0,Put,1420,1420,1420,1420,1390.0,▲+150,▲+11.81%,0,1,1,13,1000,1430,1570,1300
TXO,202703,20270317.0,36200.0,Call,-,-,-,-,12710.0,-,-,0,0,0,0,-,-,-,-
TXO,202703,20270317.0,36200.0,Put,1420,1420,1420,1420,1420.0,▲+120,▲+9.23%,0,1,1,9,1000,1470,1640,1350
TXO,202703,20270317.0,36400.0,Call,-,-,-,-,12560.0,-,-,0,0,0,0,-,-,-,-
TXO,202703,20270317.0,36400.0,Put,1350,1400,1350,1400,1480.0,▲+60,▲+4.48%,2,4,6,6,1000,1540,1400,1340
TXO,202703,20270317.0,36600.0,Call,-,-,-,-,12410.0,-,-,0,0,0,3,12230,-,13790,13630
TXO,202703,20270317.0,36600.0,Put,-,-,-,-,1530.0,-,-,0,0,0,33,-,1560,2190,1520
TXO,202703,20270317.0,36800.0,Call,-,-,-,-,12260.0,-,-,0,0,0,0,-,-,-,-
TXO,202703,20270317.0,36800.0,Put,-,-,-,-,1580.0,-,-,0,0,0,3,-,1620,1990,1990
TXO,202703,20270317.0,37000.0,Call,-,-,-,-,12110.0,-,-,0,0,0,0,-,-,-,-
TXO,202703,20270317.0,37000.0,Put,-,-,-,-,1630.0,-,-,0,0,0,4,-,1660,2200,1670
TXO,202703,20270317.0,37200.0,Call,-,-,-,-,11960.0,-,-,0,0,0,0,-,-,-,-
TXO,202703,20270317.0,37200.0,Put,-,-,-,-,1680.0,-,-,0,0,0,0,-,-,-,-
TXO,202703,20270317.0,37400.0,Call,-,-,-,-,11820.0,-,-,0,0,0,0,-,-,-,-
TXO,202703,20270317.0,37400.0,Put,-,-,-,-,1730.0,-,-,0,0,0,1,-,1730,2000,2000
TXO,202703,20270317.0,37600.0,Call,-,-,-,-,11670.0,-,-,0,0,0,0,-,-,-,-
TXO,202703,20270317.0,37600.0,Put,-,-,-,-,1780.0,-,-,0,0,0,3,1560,-,2450,1870
TXO,202703,20270317.0,37800.0,Call,-,-,-,-,11510.0,-,-,0,0,0,0,11320,-,-,-
TXO,202703,20270317.0,37800.0,Put,-,-,-,-,1810.0,-,-,0,0,0,0,-,-,-,-
TXO,202703,20270317.0,38000.0,Call,-,-,-,-,11350.0,-,-,0,0,0,1,11150,-,11830,11830
TXO,202703,20270317.0,38000.0,Put,1760,1760,1760,1760,1850.0,▲+90,▲+5.39%,0,1,1,0,-,-,2180,1760
TXO,202703,20270317.0,38200.0,Call,-,-,-,-,11190.0,-,-,0,0,0,0,-,-,-,-
TXO,202703,20270317.0,38200.0,Put,-,-,-,-,1890.0,-,-,0,0,0,0,-,-,-,-
TXO,202703,20270317.0,38400.0,Call,-,-,-,-,11030.0,-,-,0,0,0,0,-,-,-,-
TXO,202703,20270317.0,38400.0,Put,-,-,-,-,1930.0,-,-,0,0,0,0,-,-,-,-
TXO,202703,20270317.0,38600.0,Call,-,-,-,-,10880.0,-,-,0,0,0,0,-,-,-,-
TXO,202703,20270317.0,38600.0,Put,-,-,-,-,1970.0,-,-,0,0,0,0,-,-,-,-
TXO,202703,20270317.0,38800.0,Call,-,-,-,-,10690.0,-,-,0,0,0,0,-,-,-,-
TXO,202703,20270317.0,38800.0,Put,-,-,-,-,1990.0,-,-,0,0,0,1,-,2040,2560,2560
TXO,202703,20270317.0,39000.0,Call,-,-,-,-,10510.0,-,-,0,0,0,0,-,-,-,-
TXO,202703,20270317.0,39000.0,Put,-,-,-,-,2000.0,-,-,0,0,0,2,-,2090,2620,2600
TXO,202703,20270317.0,39200.0,Call,-,-,-,-,10360.0,-,-,0,0,0,0,-,-,-,-
TXO,202703,20270317.0,39200.0,Put,-,-,-,-,2050.0,-,-,0,0,0,1,-,2150,2680,2680
TXO,202703,20270317.0,39400.0,Call,-,-,-,-,10230.0,-,-,0,0,0,0,10130,-,-,-
TXO,202703,20270317.0,39400.0,Put,-,-,-,-,2110.0,-,-,0,0,0,1,-,2220,2740,2740
TXO,202703,20270317.0,39600.0,Call,-,-,-,-,10090.0,-,-,0,0,0,0,-,10190,-,-
TXO,202703,20270317.0,39600.0,Put,-,-,-,-,2170.0,-,-,0,0,0,1,-,2260,2830,2830
TXO,202703,20270317.0,39800.0,Call,-,-,-,-,9960.0,-,-,0,0,0,0,-,-,-,-
TXO,202703,20270317.0,39800.0,Put,-,-,-,-,2240.0,-,-,0,0,0,1,-,2330,2870,2870
TXO,202703,20270317.0,40000.0,Call,-,-,-,-,9820.0,-,-,0,0,0,1,9680,-,11530,11530
TXO,202703,20270317.0,40000.0,Put,2220,2220,2220,2220,2300.0,▲+80,▲+3.74%,0,1,1,43,2130,-,3450,2220
TXO,202703,20270317.0,40200.0,Call,-,-,-,-,9690.0,-,-,0,0,0,0,-,-,-,-
TXO,202703,20270317.0,40200.0,Put,-,-,-,-,2370.0,-,-,0,0,0,0,-,-,-,-
TXO,202703,20270317.0,40400.0,Call,-,-,-,-,9560.0,-,-,0,0,0,0,-,-,-,-
TXO,202703,20270317.0,40400.0,Put,-,-,-,-,2430.0,-,-,0,0,0,0,-,-,-,-
TXO,202703,20270317.0,40600.0,Call,-,-,-,-,9420.0,-,-,0,0,0,0,-,-,-,-
TXO,202703,20270317.0,40600.0,Put,-,-,-,-,2480.0,-,-,0,0,0,0,-,-,-,-
TXO,202703,20270317.0,40800.0,Call,-,-,-,-,9220.0,-,-,0,0,0,0,-,-,-,-
TXO,202703,20270317.0,40800.0,Put,-,-,-,-,2490.0,-,-,0,0,0,0,-,-,-,-
TXO,202703,20270317.0,41000.0,Call,-,-,-,-,9080.0,-,-,0,0,0,0,-,-,-,-
TXO,202703,20270317.0,41000.0,Put,-,-,-,-,2550.0,-,-,0,0,0,1,2410,-,3100,3100
TXO,202703,20270317.0,41200.0,Call,-,-,-,-,8940.0,-,-,0,0,0,0,-,-,-,-
TXO,202703,20270317.0,41200.0,Put,-,-,-,-,2600.0,-,-,0,0,0,1,-,2710,3000,3000
TXO,202703,20270317.0,41400.0,Call,-,-,-,-,8810.0,-,-,0,0,0,0,-,-,-,-
TXO,202703,20270317.0,41400.0,Put,-,-,-,-,2670.0,-,-,0,0,0,0,-,-,-,-
TXO,202703,20270317.0,41600.0,Call,-,-,-,-,8670.0,-,-,0,0,0,0,-,-,-,-
TXO,202703,20270317.0,41600.0,Put,-,-,-,-,2730.0,-,-,0,0,0,0,-,-,-,-
TXO,202703,20270317.0,41800.0,Call,-,-,-,-,8540.0,-,-,0,0,0,0,-,-,-,-
TXO,202703,20270317.0,41800.0,Put,-,-,-,-,2790.0,-,-,0,0,0,1,-,2920,3200,3200
TXO,202703,20270317.0,42000.0,Call,-,-,-,-,8410.0,-,-,0,0,0,1,8310,-,11500,9700
TXO,202703,20270317.0,42000.0,Put,-,-,-,-,2860.0,-,-,0,0,0,10,2740,-,3290,3110
TXO,202703,20270317.0,42200.0,Call,-,-,-,-,8290.0,-,-,0,0,0,0,-,-,-,-
TXO,202703,20270317.0,42200.0,Put,-,-,-,-,2940.0,-,-,0,0,0,0,-,-,-,-
TXO,202703,20270317.0,42400.0,Call,-,-,-,-,8170.0,-,-,0,0,0,0,-,-,-,-
TXO,202703,20270317.0,42400.0,Put,-,-,-,-,3020.0,-,-,0,0,0,0,-,-,-,-
TXO,202703,20270317.0,42600.0,Call,-,-,-,-,8050.0,-,-,0,0,0,0,-,-,-,-
TXO,202703,20270317.0,42600.0,Put,-,-,-,-,3100.0,-,-,0,0,0,0,-,-,-,-
TXO,202703,20270317.0,42800.0,Call,-,-,-,-,7940.0,-,-,0,0,0,0,7700,7980,-,-
TXO,202703,20270317.0,42800.0,Put,-,-,-,-,3180.0,-,-,0,0,0,0,-,-,-,-
TXO,202703,20270317.0,43000.0,Call,-,-,-,-,7750.0,-,-,0,0,0,0,7570,8220,-,-
TXO,202703,20270317.0,43000.0,Put,-,-,-,-,3190.0,-,-,0,0,0,1,-,3330,4090,4090
TXO,202703,20270317.0,43200.0,Call,-,-,-,-,7640.0,-,-,0,0,0,0,7440,8040,-,-
TXO,202703,20270317.0,43200.0,Put,-,-,-,-,3270.0,-,-,0,0,0,0,-,-,-,-
TXO,202703,20270317.0,43400.0,Call,-,-,-,-,7520.0,-,-,0,0,0,0,7320,7960,-,-
TXO,202703,20270317.0,43400.0,Put,-,-,-,-,3360.0,-,-,0,0,0,1,-,3440,3730,3730
TXO,202703,20270317.0,43600.0,Call,-,-,-,-,7410.0,-,-,0,0,0,0,7190,7790,-,-
TXO,202703,20270317.0,43600.0,Put,-,-,-,-,3440.0,-,-,0,0,0,0,-,-,-,-
TXO,202703,20270317.0,43800.0,Call,-,-,-,-,7300.0,-,-,0,0,0,0,7060,7670,-,-
TXO,202703,20270317.0,43800.0,Put,-,-,-,-,3530.0,-,-,0,0,0,0,-,-,-,-
TXO,202703,20270317.0,44000.0,Call,7310,7310,7310,7310,7140.0,▲+40,▲+0.55%,0,1,1,10,7050,7590,9500,6800
TXO,202703,20270317.0,44000.0,Put,-,-,-,-,3570.0,-,-,0,0,0,0,-,-,-,-
TXO,202703,20270317.0,44200.0,Call,-,-,-,-,7020.0,-,-,0,0,0,0,6810,7470,-,-
TXO,202703,20270317.0,44200.0,Put,-,-,-,-,3640.0,-,-,0,0,0,0,-,-,-,-
TXO,202703,20270317.0,44400.0,Call,-,-,-,-,6900.0,-,-,0,0,0,0,6690,7300,-,-
TXO,202703,20270317.0,44400.0,Put,-,-,-,-,3720.0,-,-,0,0,0,0,-,-,-,-
TXO,202703,20270317.0,44600.0,Call,-,-,-,-,6770.0,-,-,0,0,0,0,6570,7180,-,-
TXO,202703,20270317.0,44600.0,Put,-,-,-,-,3790.0,-,-,0,0,0,0,-,-,-,-
TXO,202703,20270317.0,44800.0,Call,-,-,-,-,6650.0,-,-,0,0,0,0,6450,6990,-,-
TXO,202703,20270317.0,44800.0,Put,-,-,-,-,3860.0,-,-,2,0,2,5,-,4270,5330,4000
TXO,202703,20270317.0,45000.0,Call,-,-,-,-,6540.0,-,-,0,0,0,0,6330,6950,-,-
TXO,202703,20270317.0,45000.0,Put,-,-,-,-,3950.0,-,-,1,0,1,1,-,4070,4000,4000
TXO,202703,20270317.0,45200.0,Call,-,-,-,-,6430.0,-,-,0,0,0,0,6210,6870,-,-
TXO,202703,20270317.0,45200.0,Put,-,-,-,-,4040.0,-,-,0,0,0,0,-,-,-,-
TXO,202703,20270317.0,45400.0,Call,-,-,-,-,6320.0,-,-,0,0,0,0,6020,6720,-,-
TXO,202703,20270317.0,45400.0,Put,-,-,-,-,4130.0,-,-,0,0,0,0,-,-,-,-
TXO,202703,20270317.0,45600.0,Call,-,-,-,-,6220.0,-,-,0,0,0,0,5980,6630,-,-
TXO,202703,20270317.0,45600.0,Put,-,-,-,-,4220.0,-,-,0,0,0,0,-,-,-,-
TXO,202703,20270317.0,45800.0,Call,-,-,-,-,6110.0,-,-,0,0,0,0,5870,6420,-,-
TXO,202703,20270317.0,45800.0,Put,-,-,-,-,4320.0,-,-,0,0,0,0,-,-,-,-
TXO,202703,20270317.0,46000.0,Call,-,-,-,-,6010.0,-,-,0,0,0,2,5860,6380,8000,7700
TXO,202703,20270317.0,46000.0,Put,4370,4370,4360,4360,4410.0,▲+130,▲+3.07%,0,2,2,4,-,4500,5700,4360
TXO,202703,20270317.0,46200.0,Call,-,-,-,-,5920.0,-,-,0,0,0,0,5650,6270,-,-
TXO,202703,20270317.0,46200.0,Put,-,-,-,-,4510.0,-,-,0,0,0,0,-,-,-,-
TXO,202703,20270317.0,46400.0,Call,-,-,-,-,5820.0,-,-,0,0,0,0,-,6170,-,-
TXO,202703,20270317.0,46400.0,Put,-,-,-,-,4610.0,-,-,0,0,0,0,-,-,-,-
TXO,202703,20270317.0,46600.0,Call,-,-,-,-,5720.0,-,-,0,0,0,2,5540,-,7460,7430
TXO,202703,20270317.0,46600.0,Put,-,-,-,-,4710.0,-,-,0,0,0,0,-,-,-,-
TXO,202703,20270317.0,46800.0,Call,-,-,-,-,5630.0,-,-,0,0,0,0,-,-,-,-
TXO,202703,20270317.0,46800.0,Put,-,-,-,-,4820.0,-,-,0,0,0,0,-,-,-,-
TXO,202703,20270317.0,47000.0,Call,-,-,-,-,5530.0,-,-,6,0,6,0,-,-,7200,5400
TXO,202703,20270317.0,47000.0,Put,-,-,-,-,4920.0,-,-,0,0,0,0,-,-,-,-
TXO,202703,20270317.0,47200.0,Call,-,-,-,-,5360.0,-,-,0,0,0,0,-,-,-,-
TXO,202703,20270317.0,47200.0,Put,-,-,-,-,4940.0,-,-,0,0,0,0,-,-,-,-
TXO,202703,20270317.0,47400.0,Call,-,-,-,-,5270.0,-,-,0,0,0,0,-,-,-,-
TXO,202703,20270317.0,47400.0,Put,-,-,-,-,5050.0,-,-,0,0,0,0,-,-,-,-
TXO,202703,20270317.0,47600.0,Call,-,-,-,-,5180.0,-,-,0,0,0,0,-,-,-,-
TXO,202703,20270317.0,47600.0,Put,-,-,-,-,5160.0,-,-,0,0,0,0,-,-,-,-
TXO,202703,20270317.0,47800.0,Call,-,-,-,-,5090.0,-,-,0,0,0,0,-,-,-,-
TXO,202703,20270317.0,47800.0,Put,-,-,-,-,5270.0,-,-,0,0,0,0,-,-,-,-
TXO,202703,20270317.0,48000.0,Call,-,-,-,-,5010.0,-,-,0,0,0,0,-,-,-,-
TXO,202703,20270317.0,48000.0,Put,-,-,-,-,5380.0,-,-,0,0,0,7,5190,-,6110,5620
TXO,202703,20270317.0,48200.0,Call,-,-,-,-,4920.0,-,-,0,0,0,0,-,-,-,-
TXO,202703,20270317.0,48200.0,Put,-,-,-,-,5490.0,-,-,0,0,0,0,-,-,-,-
TXO,202703,20270317.0,48400.0,Call,-,-,-,-,4830.0,-,-,0,0,0,0,-,-,7100,6350
TXO,202703,20270317.0,48400.0,Put,-,-,-,-,5600.0,-,-,0,0,0,0,-,-,-,-
TXO,202703,20270317.0,48600.0,Call,-,-,-,-,4740.0,-,-,0,0,0,1,4560,-,6300,4000
TXO,202703,20270317.0,48600.0,Put,-,-,-,-,5710.0,-,-,0,0,0,0,-,-,-,-
TXO,202703,20270317.0,48800.0,Call,-,-,-,-,4640.0,-,-,0,0,0,0,-,-,-,-
TXO,202703,20270317.0,48800.0,Put,-,-,-,-,5810.0,-,-,0,0,0,0,-,-,-,-
TXO,202703,20270317.0,49000.0,Call,-,-,-,-,4540.0,-,-,0,0,0,1,4380,-,6150,6150
TXO,202703,20270317.0,49000.0,Put,-,-,-,-,5900.0,-,-,0,0,0,6,5700,5950,6600,5960
TXO,202703,20270317.0,49200.0,Call,-,-,-,-,4450.0,-,-,0,0,0,4,-,4550,6280,5840
TXO,202703,20270317.0,49200.0,Put,-,-,-,-,6010.0,-,-,0,0,0,0,5680,6130,-,-
TXO,202703,20270317.0,49400.0,Call,-,-,-,-,4360.0,-,-,0,0,0,0,-,-,5760,5750
TXO,202703,20270317.0,49400.0,Put,-,-,-,-,6110.0,-,-,0,0,0,0,5760,6230,-,-
TXO,202703,20270317.0,49600.0,Call,-,-,-,-,4270.0,-,-,0,0,0,0,-,-,-,-
TXO,202703,20270317.0,49600.0,Put,-,-,-,-,6220.0,-,-,0,0,0,0,5810,6500,-,-
TXO,202703,20270317.0,49800.0,Call,-,-,-,-,4180.0,-,-,0,0,0,0,-,-,-,-
TXO,202703,20270317.0,49800.0,Put,-,-,-,-,6330.0,-,-,0,0,0,0,5930,6550,-,-
TXO,202703,20270317.0,50000.0,Call,-,-,-,-,4100.0,-,-,0,0,0,5,3950,-,7300,3780
TXO,202703,20270317.0,50000.0,Put,-,-,-,-,6450.0,-,-,0,0,0,1,6260,6660,6230,6230
TXO,202703,20270317.0,50200.0,Call,-,-,-,-,4020.0,-,-,0,0,0,0,-,-,5650,5450
TXO,202703,20270317.0,50200.0,Put,-,-,-,-,6570.0,-,-,0,0,0,0,6150,6780,-,-
TXO,202703,20270317.0,50400.0,Call,-,-,-,-,3940.0,-,-,0,0,0,0,-,-,-,-
TXO,202703,20270317.0,50400.0,Put,-,-,-,-,6680.0,-,-,0,0,0,0,6270,6890,-,-
TXO,202703,20270317.0,50600.0,Call,-,-,-,-,3860.0,-,-,0,0,0,0,-,-,-,-
TXO,202703,20270317.0,50600.0,Put,-,-,-,-,6800.0,-,-,0,0,0,0,6390,7010,-,-
TXO,202703,20270317.0,50800.0,Call,-,-,-,-,3780.0,-,-,0,0,0,0,-,-,-,-
TXO,202703,20270317.0,50800.0,Put,-,-,-,-,6920.0,-,-,0,0,0,0,6740,-,-,-
TXO,202703,20270317.0,51000.0,Call,-,-,-,-,3700.0,-,-,0,0,0,1,-,3780,6190,3680
TXO,202703,20270317.0,51000.0,Put,-,-,-,-,7040.0,-,-,0,0,0,0,6710,-,-,-
TXO,202703,20270317.0,51200.0,Call,-,-,-,-,3630.0,-,-,0,0,0,0,-,-,-,-
TXO,202703,20270317.0,51200.0,Put,-,-,-,-,7160.0,-,-,0,0,0,0,6750,7370,-,-
TXO,202703,20270317.0,51400.0,Call,-,-,-,-,3550.0,-,-,0,0,0,0,-,-,5950,4650
TXO,202703,20270317.0,51400.0,Put,-,-,-,-,7280.0,-,-,0,0,0,0,6860,7490,-,-
TXO,202703,20270317.0,51600.0,Call,-,-,-,-,3470.0,-,-,0,0,0,0,-,-,5400,4570
TXO,202703,20270317.0,51600.0,Put,-,-,-,-,7400.0,-,-,0,0,0,0,6990,7620,-,-
TXO,202703,20270317.0,51800.0,Call,-,-,-,-,3400.0,-,-,0,0,0,1,3270,-,4720,4600
TXO,202703,20270317.0,51800.0,Put,-,-,-,-,7520.0,-,-,0,0,0,0,7120,7750,-,-
TXO,202703,20270317.0,52000.0,Call,-,-,-,-,3330.0,-,-,0,0,0,3,-,-,5800,4430
TXO,202703,20270317.0,52000.0,Put,-,-,-,-,7650.0,-,-,0,0,0,0,7240,7870,-,-
TXO,202703,20270317.0,52200.0,Call,-,-,-,-,3260.0,-,-,0,0,0,0,-,-,-,-
TXO,202703,20270317.0,52200.0,Put,-,-,-,-,7780.0,-,-,0,0,0,0,7370,8000,-,-
TXO,202703,20270317.0,52400.0,Call,-,-,-,-,3190.0,-,-,0,0,0,1,3060,-,4900,4500
TXO,202703,20270317.0,52400.0,Put,-,-,-,-,7910.0,-,-,0,0,0,0,7500,8130,-,-
TXO,202703,20270317.0,52600.0,Call,-,-,-,-,3120.0,-,-,0,0,0,0,-,-,-,-
TXO,202703,20270317.0,52600.0,Put,-,-,-,-,8040.0,-,-,0,0,0,0,7630,8260,-,-
TXO,202703,20270317.0,52800.0,Call,-,-,-,-,3060.0,-,-,0,0,0,0,-,-,4470,4380
TXO,202703,20270317.0,52800.0,Put,-,-,-,-,8170.0,-,-,0,0,0,0,7760,8390,-,-
TXO,202703,20270317.0,53000.0,Call,-,-,-,-,3000.0,-,-,0,0,0,1,2840,-,4850,4050
TXO,202703,20270317.0,53000.0,Put,-,-,-,-,8300.0,-,-,0,0,0,0,-,-,-,-
TXO,202703,20270317.0,53200.0,Call,-,-,-,-,2930.0,-,-,0,0,0,0,-,-,4700,4010
TXO,202703,20270317.0,53200.0,Put,-,-,-,-,8430.0,-,-,0,0,0,0,-,-,-,-
TXO,202703,20270317.0,53400.0,Call,-,-,-,-,2860.0,-,-,0,0,0,0,-,-,-,-
TXO,202703,20270317.0,53400.0,Put,-,-,-,-,8560.0,-,-,0,0,0,1,-,8650,8400,8400
TXO,202703,20270317.0,53600.0,Call,-,-,-,-,2800.0,-,-,0,0,0,0,-,-,-,-
TXO,202703,20270317.0,53600.0,Put,-,-,-,-,8700.0,-,-,0,0,0,0,-,-,-,-
TXO,202703,20270317.0,53800.0,Call,-,-,-,-,2740.0,-,-,0,0,0,0,-,-,4600,4200
TXO,202703,20270317.0,53800.0,Put,-,-,-,-,8840.0,-,-,0,0,0,0,-,-,-,-
TXO,202703,20270317.0,54000.0,Call,-,-,-,-,2680.0,-,-,0,0,0,16,2540,-,4820,3120
TXO,202703,20270317.0,54000.0,Put,-,-,-,-,8980.0,-,-,0,0,0,0,-,-,-,-
TXO,202703,20270317.0,54200.0,Call,-,-,-,-,2620.0,-,-,0,0,0,0,-,-,-,-
TXO,202703,20270317.0,54200.0,Put,-,-,-,-,9120.0,-,-,0,0,0,0,8760,-,-,-
TXO,202703,20270317.0,54400.0,Call,-,-,-,-,2560.0,-,-,0,0,0,0,-,-,-,-
TXO,202703,20270317.0,54400.0,Put,-,-,-,-,9260.0,-,-,0,0,0,0,-,-,-,-
TXO,202703,20270317.0,54600.0,Call,-,-,-,-,2510.0,-,-,0,0,0,0,-,-,-,-
TXO,202703,20270317.0,54600.0,Put,-,-,-,-,9390.0,-,-,0,0,0,0,-,-,-,-
TXO,202703,20270317.0,54800.0,Call,-,-,-,-,2450.0,-,-,0,0,0,0,-,-,-,-
TXO,202703,20270317.0,54800.0,Put,-,-,-,-,9530.0,-,-,0,0,0,0,-,-,-,-
TXO,202703,20270317.0,55000.0,Call,2480,2480,2480,2480,2390.0,▲+80,▲+3.33%,0,1,1,2,-,2500,3600,2400
TXO,202703,20270317.0,55000.0,Put,-,-,-,-,9680.0,-,-,0,0,0,0,-,-,-,-
TXO,202703,20270317.0,55200.0,Call,-,-,-,-,2340.0,-,-,0,0,0,1,-,2420,4510,3290
TXO,202703,20270317.0,55200.0,Put,-,-,-,-,9820.0,-,-,0,0,0,0,9660,10050,-,-
TXO,202703,20270317.0,55400.0,Call,-,-,-,-,2270.0,-,-,0,0,0,0,-,-,-,-
TXO,202703,20270317.0,55400.0,Put,-,-,-,-,9950.0,-,-,0,0,0,0,-,-,-,-
TXO,202703,20270317.0,55600.0,Call,-,-,-,-,2220.0,-,-,0,0,0,0,-,-,-,-
TXO,202703,20270317.0,55600.0,Put,-,-,-,-,10100.0,-,-,0,0,0,0,-,-,-,-
TXO,202703,20270317.0,55800.0,Call,-,-,-,-,2180.0,-,-,0,0,0,3,-,2300,4340,3170
TXO,202703,20270317.0,55800.0,Put,-,-,-,-,10250.0,-,-,0,0,0,0,9940,10490,-,-
TXO,202703,20270317.0,56000.0,Call,2220,2220,2110,2110,2110.0,▼-40,▼-1.86%,0,3,3,2,-,2250,2570,2110
TXO,202703,20270317.0,56000.0,Put,-,-,-,-,10400.0,-,-,0,0,0,2,10260,-,10950,10440
TXO,202703,20270317.0,56200.0,Call,-,-,-,-,2090.0,-,-,0,0,0,0,-,-,-,-
TXO,202703,20270317.0,56200.0,Put,-,-,-,-,10560.0,-,-,0,0,0,0,-,-,-,-
TXO,202703,20270317.0,56400.0,Call,-,-,-,-,2040.0,-,-,0,0,0,0,-,-,-,-
TXO,202703,20270317.0,56400.0,Put,-,-,-,-,10710.0,-,-,0,0,0,0,-,-,-,-
TXO,202703,20270317.0,56600.0,Call,-,-,-,-,1990.0,-,-,0,0,0,1,1860,-,1760,1760
TXO,202703,20270317.0,56600.0,Put,-,-,-,-,10850.0,-,-,0,0,0,0,-,-,-,-
TXO,202703,20270317.0,56800.0,Call,-,-,-,-,1940.0,-,-,0,0,0,0,252,-,-,-
TXO,202703,20270317.0,56800.0,Put,-,-,-,-,11000.0,-,-,0,0,0,0,-,-,-,-
TXO,202703,20270317.0,57000.0,Call,-,-,-,-,1890.0,-,-,0,0,0,1,-,2030,2950,2030
TXO,202703,20270317.0,57000.0,Put,-,-,-,-,11150.0,-,-,0,0,0,0,-,-,-,-
TXO,202703,20270317.0,57200.0,Call,-,-,-,-,1720.0,-,-,0,0,0,10,100,1990,3450,1690
TXO,202703,20270317.0,57200.0,Put,-,-,-,-,11170.0,-,-,0,0,0,0,-,-,-,-
TXO,202703,20270317.0,57400.0,Call,1730,1870,1730,1870,1710.0,▲+40,▲+2.19%,0,31,31,122,1710,2070,3760,1440
TXO,202703,20270317.0,57400.0,Put,-,-,-,-,11350.0,-,-,0,0,0,0,-,-,-,-
