契約,到期月份 (週別),契約到期日,履約價,買賣權,開盤價,最高價,最低價,最後 成交價,結算價,漲跌價,漲跌%,*盤後交易時段成交量,*一般交易時段成交量,*合計成交量,*未沖銷 契約量,最後 最佳買價,最後 最佳賣價,歷史 最高價,歷史 最低價
TXO,202606F3,20260622.0,38800.0,Call,-,-,-,-,-,-,-,0,0,0,0,8970,8980,-,-
TXO,202606F3,20260622.0,38800.0,Put,0.3,0.3,0.2,0.2,-,▲+0.1,-,47,33,80,332,-,0.2,83,0.1
TXO,202606F3,20260622.0,38900.0,Call,-,-,-,-,-,-,-,0,0,0,0,8870,8880,-,-
TXO,202606F3,20260622.0,38900.0,Put,0.3,0.3,0.3,0.3,-,▲+0.2,-,1,12,13,107,-,0.3,308,0.2
TXO,202606F3,20260622.0,39000.0,Call,-,-,-,-,-,-,-,0,0,0,0,8770,8780,-,-
TXO,202606F3,20260622.0,39000.0,Put,0.3,0.4,0.3,0.4,-,▲+0.3,-,2,26,28,188,-,0.3,250,0.2
TXO,202606F3,20260622.0,39100.0,Call,-,-,-,-,-,-,-,0,0,0,0,8670,8680,-,-
TXO,202606F3,20260622.0,39100.0,Put,0.3,0.3,0.2,0.2,-,▲+0.1,-,0,52,52,104,-,19,403,0.2
TXO,202606F3,20260622.0,39200.0,Call,-,-,-,-,-,-,-,0,0,0,0,8570,8580,-,-
TXO,202606F3,20260622.0,39200.0,Put,0.3,0.3,0.2,0.2,-,▲+0.1,-,0,13,13,96,-,-,359,0.2
TXO,202606F3,20260622.0,39300.0,Call,-,-,-,-,-,-,-,0,0,0,0,8470,8480,-,-
TXO,202606F3,20260622.0,39300.0,Put,0.3,0.3,0.2,0.2,-,▲+0.1,-,0,12,12,43,-,2,211,0.2
TXO,202606F3,20260622.0,39400.0,Call,-,-,-,-,-,-,-,0,0,0,0,8370,8380,-,-
TXO,202606F3,20260622.0,39400.0,Put,0.3,0.3,0.3,0.3,-,▲+0.2,-,0,11,11,45,-,99,300,0.3
TXO,202606F3,20260622.0,39500.0,Call,-,-,-,-,-,-,-,0,0,0,0,8270,8280,-,-
TXO,202606F3,20260622.0,39500.0,Put,0.3,0.3,0.2,0.2,-,▲+0.1,-,0,12,12,47,-,-,420,0.2
TXO,202606F3,20260622.0,39600.0,Call,-,-,-,-,-,-,-,0,0,0,0,8170,8180,-,-
TXO,202606F3,20260622.0,39600.0,Put,0.3,0.3,0.2,0.2,-,▲+0.1,-,0,21,21,37,-,-,418,0.2
TXO,202606F3,20260622.0,39700.0,Call,-,-,-,-,-,-,-,0,0,0,0,8070,8080,-,-
TXO,202606F3,20260622.0,39700.0,Put,0.3,0.3,0.2,0.2,-,▲+0.1,-,0,31,31,84,0.1,4.9,468,0.2
TXO,202606F3,20260622.0,39800.0,Call,-,-,-,-,-,-,-,0,0,0,0,7970,7980,-,-
TXO,202606F3,20260622.0,39800.0,Put,0.3,0.3,0.3,0.3,-,▲+0.2,-,0,11,11,95,-,-,345,0.2
TXO,202606F3,20260622.0,39900.0,Call,-,-,-,-,-,-,-,0,0,0,0,7870,7880,-,-
TXO,202606F3,20260622.0,39900.0,Put,0.3,0.3,0.2,0.2,-,▲+0.1,-,120,48,168,167,-,100,220,0.1
TXO,202606F3,20260622.0,40000.0,Call,-,-,-,-,-,-,-,0,0,0,0,7770,7780,-,-
TXO,202606F3,20260622.0,40000.0,Put,0.3,0.3,0.2,0.2,-,▲+0.1,-,12,55,67,578,-,0.2,590,0.1
TXO,202606F3,20260622.0,40100.0,Call,-,-,-,-,-,-,-,0,0,0,0,7670,7680,-,-
TXO,202606F3,20260622.0,40100.0,Put,0.2,0.2,0.2,0.2,-,0,0%,0,22,22,81,-,0.4,135,0.2
TXO,202606F3,20260622.0,40200.0,Call,-,-,-,-,-,-,-,0,0,0,0,7570,7580,-,-
TXO,202606F3,20260622.0,40200.0,Put,0.2,0.2,0.2,0.2,-,0,0%,1,35,36,94,-,0.3,444,0.2
TXO,202606F3,20260622.0,40300.0,Call,-,-,-,-,-,-,-,0,0,0,0,7470,7480,-,-
TXO,202606F3,20260622.0,40300.0,Put,0.2,0.2,0.2,0.2,-,0,0%,14,45,59,146,-,1.3,352,0.2
TXO,202606F3,20260622.0,40400.0,Call,-,-,-,-,-,-,-,0,0,0,0,7370,7380,-,-
TXO,202606F3,20260622.0,40400.0,Put,0.2,0.2,0.2,0.2,-,0,0%,2,35,37,183,-,1,570,0.2
TXO,202606F3,20260622.0,40500.0,Call,-,-,-,-,-,-,-,0,0,0,0,7270,7280,-,-
TXO,202606F3,20260622.0,40500.0,Put,0.2,0.2,0.2,0.2,-,0,0%,5,51,56,188,-,-,520,0.1
TXO,202606F3,20260622.0,40600.0,Call,-,-,-,-,-,-,-,0,0,0,0,7170,7180,-,-
TXO,202606F3,20260622.0,40600.0,Put,0.2,0.2,0.2,0.2,-,0,0%,6,40,46,287,-,-,685,0.2
TXO,202606F3,20260622.0,40700.0,Call,-,-,-,-,-,-,-,0,0,0,0,7070,7080,-,-
TXO,202606F3,20260622.0,40700.0,Put,0.2,0.2,0.2,0.2,-,0,0%,6,56,62,278,-,20,190,0.2
TXO,202606F3,20260622.0,40800.0,Call,-,-,-,-,-,-,-,0,0,0,0,6970,6980,-,-
TXO,202606F3,20260622.0,40800.0,Put,0.2,0.2,0.2,0.2,-,0,0%,3,43,46,263,-,0.5,720,0.1
TXO,202606F3,20260622.0,40900.0,Call,-,-,-,-,-,-,-,0,0,0,0,6870,6880,-,-
TXO,202606F3,20260622.0,40900.0,Put,0.2,0.2,0.2,0.2,-,0,0%,2,62,64,448,-,25,366,0.2
TXO,202606F3,20260622.0,41000.0,Call,-,-,-,-,-,-,-,0,0,0,0,6770,6780,-,-
TXO,202606F3,20260622.0,41000.0,Put,0.2,0.4,0.1,0.2,-,▼-0.1,▼-33.33%,17,104,121,610,-,0.2,800,0.1
TXO,202606F3,20260622.0,41100.0,Call,-,-,-,-,-,-,-,0,0,0,0,6670,6680,-,-
TXO,202606F3,20260622.0,41100.0,Put,0.2,0.4,0.2,0.4,-,▲+0.1,▲+33.33%,5,36,41,474,-,0.5,610,0.2
TXO,202606F3,20260622.0,41200.0,Call,-,-,-,-,-,-,-,0,0,0,0,6570,6580,-,-
TXO,202606F3,20260622.0,41200.0,Put,0.3,0.3,0.2,0.2,-,▼-0.1,▼-33.33%,2,132,134,306,-,9,760,0.2
TXO,202606F3,20260622.0,41300.0,Call,-,-,-,-,-,-,-,0,0,0,0,6470,6480,-,-
TXO,202606F3,20260622.0,41300.0,Put,0.3,0.3,0.2,0.2,-,▼-0.2,▼-50.00%,1,173,174,606,-,0.3,620,0.2
TXO,202606F3,20260622.0,41400.0,Call,-,-,-,-,-,-,-,0,0,0,0,6370,6380,-,-
TXO,202606F3,20260622.0,41400.0,Put,0.2,0.2,0.2,0.2,-,▼-0.2,▼-50.00%,105,256,361,338,-,0.6,665,0.2
TXO,202606F3,20260622.0,41500.0,Call,-,-,-,-,-,-,-,0,0,0,0,6270,6280,-,-
TXO,202606F3,20260622.0,41500.0,Put,0.2,0.2,0.2,0.2,-,▼-0.4,▼-66.67%,56,13,69,631,-,0.5,700,0.2
TXO,202606F3,20260622.0,41600.0,Call,-,-,-,-,-,-,-,0,0,0,0,6170,6180,-,-
TXO,202606F3,20260622.0,41600.0,Put,0.3,0.3,0.2,0.2,-,▼-0.4,▼-66.67%,54,7,61,532,-,0.6,715,0.2
TXO,202606F3,20260622.0,41700.0,Call,-,-,-,-,-,-,-,0,0,0,0,6070,6080,-,-
TXO,202606F3,20260622.0,41700.0,Put,0.2,0.2,0.2,0.2,-,▼-0.5,▼-71.43%,81,1,82,359,-,0.6,995,0.2
TXO,202606F3,20260622.0,41800.0,Call,-,-,-,-,-,-,-,0,0,0,0,5970,5980,-,-
TXO,202606F3,20260622.0,41800.0,Put,0.3,0.3,0.2,0.2,-,▼-0.6,▼-75.00%,123,32,155,438,-,0.6,750,0.2
TXO,202606F3,20260622.0,41900.0,Call,-,-,-,-,-,-,-,0,0,0,0,5870,5880,-,-
TXO,202606F3,20260622.0,41900.0,Put,0.5,0.6,0.2,0.2,-,▼-0.6,▼-75.00%,24,11,35,91,-,0.6,805,0.2
TXO,202606F3,20260622.0,41950.0,Call,-,-,-,-,-,-,-,0,0,0,0,5820,5830,-,-
TXO,202606F3,20260622.0,41950.0,Put,0.5,0.5,0.2,0.2,-,▼-0.8,▼-80.00%,19,66,85,175,-,0.6,85,0.2
TXO,202606F3,20260622.0,42000.0,Call,-,-,-,-,-,-,-,0,0,0,0,5770,5780,-,-
TXO,202606F3,20260622.0,42000.0,Put,0.4,0.5,0.1,0.2,-,▼-0.9,▼-81.82%,138,183,321,823,-,0.6,1070,0.1
TXO,202606F3,20260622.0,42050.0,Call,-,-,-,-,-,-,-,0,0,0,0,5720,5730,-,-
TXO,202606F3,20260622.0,42050.0,Put,0.2,0.2,0.2,0.2,-,▼-1,▼-83.33%,8,23,31,82,-,0.6,600,0.2
TXO,202606F3,20260622.0,42100.0,Call,-,-,-,-,-,-,-,0,0,0,0,5670,5680,-,-
TXO,202606F3,20260622.0,42100.0,Put,0.2,0.2,0.2,0.2,-,▼-1.1,▼-84.62%,25,10,35,107,0.1,0.6,805,0.2
TXO,202606F3,20260622.0,42150.0,Call,-,-,-,-,-,-,-,0,0,0,0,5620,5630,-,-
TXO,202606F3,20260622.0,42150.0,Put,0.2,0.2,0.2,0.2,-,▼-1.2,▼-85.71%,78,43,121,118,-,0.6,102,0.2
TXO,202606F3,20260622.0,42200.0,Call,-,-,-,-,-,-,-,0,0,0,1,5570,5580,1350,1350
TXO,202606F3,20260622.0,42200.0,Put,0.2,0.2,0.2,0.2,-,▼-1.2,▼-85.71%,15,67,82,159,0.1,0.6,1350,0.2
TXO,202606F3,20260622.0,42250.0,Call,-,-,-,-,-,-,-,0,0,0,0,5520,5530,-,-
TXO,202606F3,20260622.0,42250.0,Put,0.2,0.2,0.2,0.2,-,▼-1.5,▼-88.24%,20,44,64,80,-,0.2,375,0.2
TXO,202606F3,20260622.0,42300.0,Call,-,-,-,-,-,-,-,0,0,0,0,5470,5480,2860,2860
TXO,202606F3,20260622.0,42300.0,Put,0.2,0.2,0.2,0.2,-,▼-1.6,▼-88.89%,37,5,42,118,0.1,0.2,463,0.2
TXO,202606F3,20260622.0,42350.0,Call,-,-,-,-,-,-,-,0,0,0,0,5420,5430,2820,2820
TXO,202606F3,20260622.0,42350.0,Put,0.2,0.2,0.2,0.2,-,▼-1.6,▼-88.89%,21,4,25,30,-,0.6,354,0.2
TXO,202606F3,20260622.0,42400.0,Call,-,-,-,-,-,-,-,0,0,0,1,5370,5380,1270,1270
TXO,202606F3,20260622.0,42400.0,Put,0.2,0.2,0.2,0.2,-,▼-1.8,▼-90.00%,96,4,100,120,-,0.6,710,0.2
TXO,202606F3,20260622.0,42450.0,Call,-,-,-,-,-,-,-,0,0,0,0,5320,5330,-,-
TXO,202606F3,20260622.0,42450.0,Put,0.2,0.2,0.2,0.2,-,▼-1.8,▼-90.00%,61,5,66,137,-,0.2,1250,0.2
TXO,202606F3,20260622.0,42500.0,Call,-,-,-,-,-,-,-,0,0,0,0,5270,5280,-,-
TXO,202606F3,20260622.0,42500.0,Put,0.3,0.3,0.1,0.1,-,▼-2,▼-95.24%,87,84,171,423,-,0.3,1360,0.1
TXO,202606F3,20260622.0,42550.0,Call,-,-,-,-,-,-,-,0,0,0,0,5220,5230,-,-
TXO,202606F3,20260622.0,42550.0,Put,0.6,0.6,0.2,0.2,-,▼-2,▼-90.91%,33,37,70,96,-,0.6,905,0.2
TXO,202606F3,20260622.0,42600.0,Call,-,-,-,-,-,-,-,0,0,0,6,5170,5180,1970,1290
TXO,202606F3,20260622.0,42600.0,Put,0.2,0.3,0.2,0.2,-,▼-2.2,▼-91.67%,41,25,66,180,-,0.6,1190,0.2
TXO,202606F3,20260622.0,42650.0,Call,-,-,-,-,-,-,-,0,0,0,0,5120,5130,-,-
TXO,202606F3,20260622.0,42650.0,Put,0.5,0.6,0.2,0.6,-,▼-2,▼-76.92%,36,67,103,92,-,0.1,1020,0.2
TXO,202606F3,20260622.0,42700.0,Call,-,-,-,-,-,-,-,0,0,0,1,5070,5080,1510,1510
TXO,202606F3,20260622.0,42700.0,Put,0.5,0.5,0.2,0.2,-,▼-2.6,▼-92.86%,59,40,99,113,-,0.2,1160,0.2
TXO,202606F3,20260622.0,42750.0,Call,-,-,-,-,-,-,-,0,0,0,0,5020,5030,-,-
TXO,202606F3,20260622.0,42750.0,Put,0.5,0.5,0.2,0.2,-,▼-3.1,▼-93.94%,48,28,76,76,-,0.6,1070,0.2
TXO,202606F3,20260622.0,42800.0,Call,4800,4800,4800,4800,-,▲+980,▲+25.65%,0,1,1,2,4970,4980,4800,1340
TXO,202606F3,20260622.0,42800.0,Put,0.5,0.5,0.2,0.2,-,▼-3.2,▼-94.12%,85,117,202,257,-,0.6,1090,0.2
TXO,202606F3,20260622.0,42850.0,Call,-,-,-,-,-,-,-,0,0,0,0,4920,4930,-,-
TXO,202606F3,20260622.0,42850.0,Put,0.5,0.5,0.2,0.2,-,▼-3.5,▼-94.59%,58,16,74,257,-,0.6,1110,0.2
TXO,202606F3,20260622.0,42900.0,Call,-,-,-,-,-,-,-,1,0,1,1,4870,4880,3980,1000
TXO,202606F3,20260622.0,42900.0,Put,0.6,0.6,0.2,0.2,-,▼-3.9,▼-95.12%,161,27,188,318,-,0.4,1500,0.2
TXO,202606F3,20260622.0,42950.0,Call,-,-,-,-,-,-,-,0,0,0,3,4820,4830,1340,1340
TXO,202606F3,20260622.0,42950.0,Put,0.4,0.4,0.2,0.2,-,▼-4.1,▼-95.35%,160,27,187,95,-,0.6,1040,0.2
TXO,202606F3,20260622.0,43000.0,Call,-,-,-,-,-,-,-,0,0,0,1,4770,4780,2800,1300
TXO,202606F3,20260622.0,43000.0,Put,0.5,0.5,0.1,0.1,-,▼-4.4,▼-97.78%,350,156,506,1540,-,0.1,1860,0.1
TXO,202606F3,20260622.0,43050.0,Call,-,-,-,-,-,-,-,0,0,0,3,4720,4730,1280,1280
TXO,202606F3,20260622.0,43050.0,Put,0.3,0.5,0.2,0.4,-,▼-4.7,▼-92.16%,150,45,195,79,-,0.6,1200,0.2
TXO,202606F3,20260622.0,43100.0,Call,-,-,-,-,-,-,-,0,0,0,3,4670,4680,1610,1610
TXO,202606F3,20260622.0,43100.0,Put,0.2,0.5,0.2,0.2,-,▼-5.3,▼-96.36%,163,37,200,272,-,0.1,1280,0.2
TXO,202606F3,20260622.0,43150.0,Call,-,-,-,-,-,-,-,0,0,0,9,4620,4630,2780,1220
TXO,202606F3,20260622.0,43150.0,Put,1,1,0.2,0.6,-,▼-5.4,▼-90.00%,15,11,26,131,-,0.4,1240,0.2
TXO,202606F3,20260622.0,43200.0,Call,-,-,-,-,-,-,-,0,0,0,8,4570,4580,1550,1180
TXO,202606F3,20260622.0,43200.0,Put,0.5,0.5,0.2,0.2,-,▼-6,▼-96.77%,59,14,73,217,-,0.3,1330,0.2
TXO,202606F3,20260622.0,43250.0,Call,-,-,-,-,-,-,-,0,0,0,3,4520,4530,1170,1170
TXO,202606F3,20260622.0,43250.0,Put,0.2,0.2,0.2,0.2,-,▼-7.2,▼-97.30%,55,25,80,90,-,4,1290,0.2
TXO,202606F3,20260622.0,43300.0,Call,-,-,-,-,-,-,-,0,0,0,14,4470,4480,1480,1140
TXO,202606F3,20260622.0,43300.0,Put,1.9,1.9,0.1,0.2,-,▼-7.4,▼-97.37%,130,109,239,290,-,0.4,1370,0.1
TXO,202606F3,20260622.0,43350.0,Call,-,-,-,-,-,-,-,0,0,0,0,4420,4430,-,-
TXO,202606F3,20260622.0,43350.0,Put,0.2,0.2,0.2,0.2,-,▼-8,▼-97.56%,23,13,36,43,-,4,181,0.2
TXO,202606F3,20260622.0,43400.0,Call,4370,4370,4370,4370,-,▲+1150,▲+35.71%,0,1,1,4,4370,4380,4370,1020
TXO,202606F3,20260622.0,43400.0,Put,1,1,0.2,0.2,-,▼-8.4,▼-97.67%,70,36,106,235,-,0.2,1480,0.2
TXO,202606F3,20260622.0,43450.0,Call,-,-,-,-,-,-,-,1,0,1,1,4320,4330,3630,3630
TXO,202606F3,20260622.0,43450.0,Put,0.2,0.3,0.2,0.2,-,▼-8.9,▼-97.80%,58,7,65,190,-,5.9,615,0.2
TXO,202606F3,20260622.0,43500.0,Call,-,-,-,-,-,-,-,0,0,0,15,4270,4280,2600,790
TXO,202606F3,20260622.0,43500.0,Put,3,3,0.1,0.2,-,▼-9.8,▼-98.00%,287,76,363,794,-,0.5,1470,0.1
TXO,202606F3,20260622.0,43550.0,Call,-,-,-,-,-,-,-,0,0,0,2,4220,4230,1360,1150
TXO,202606F3,20260622.0,43550.0,Put,1.9,1.9,0.2,0.2,-,▼-10.3,▼-98.10%,49,46,95,60,-,-,1320,0.2
TXO,202606F3,20260622.0,43600.0,Call,-,-,-,-,-,-,-,0,0,0,8,4170,4180,2560,720
TXO,202606F3,20260622.0,43600.0,Put,0.5,0.5,0.1,0.2,-,▼-11.8,▼-98.33%,117,68,185,190,-,0.5,1380,0.1
TXO,202606F3,20260622.0,43650.0,Call,-,-,-,-,-,-,-,0,0,0,0,4120,4130,1390,810
TXO,202606F3,20260622.0,43650.0,Put,0.2,0.3,0.2,0.2,-,▼-12.3,▼-98.40%,81,46,127,86,-,6.1,840,0.2
TXO,202606F3,20260622.0,43700.0,Call,-,-,-,-,-,-,-,0,0,0,3,4070,4080,1380,1090
TXO,202606F3,20260622.0,43700.0,Put,0.6,1,0.1,0.3,-,▼-13.2,▼-97.78%,139,137,276,306,-,1,1350,0.1
TXO,202606F3,20260622.0,43750.0,Call,-,-,-,-,-,-,-,0,0,0,9,4020,4030,2000,1230
TXO,202606F3,20260622.0,43750.0,Put,0.2,0.3,0.1,0.2,-,▼-13.8,▼-98.57%,90,60,150,115,-,5,1460,0.1
TXO,202606F3,20260622.0,43800.0,Call,-,-,-,-,-,-,-,0,0,0,5,3970,3980,2220,675
TXO,202606F3,20260622.0,43800.0,Put,0.6,9.9,0.1,0.3,-,▼-14.7,▼-98.00%,273,94,367,375,0.1,0.4,1940,0.1
TXO,202606F3,20260622.0,43850.0,Call,-,-,-,-,-,-,-,0,0,0,6,3920,3930,1600,1180
TXO,202606F3,20260622.0,43850.0,Put,1.9,1.9,0.2,0.4,-,▼-16.6,▼-97.65%,36,15,51,102,0.1,54,1370,0.2
TXO,202606F3,20260622.0,43900.0,Call,-,-,-,-,-,-,-,0,0,0,3,3870,3880,1330,705
TXO,202606F3,20260622.0,43900.0,Put,0.2,1.4,0.1,0.2,-,▼-17.3,▼-98.86%,136,48,184,189,-,0.2,990,0.1
TXO,202606F3,20260622.0,43950.0,Call,-,-,-,-,-,-,-,0,0,0,4,3820,3830,1250,1030
TXO,202606F3,20260622.0,43950.0,Put,1.2,1.2,0.2,0.2,-,▼-18.8,▼-98.95%,97,21,118,98,-,5.5,1390,0.2
TXO,202606F3,20260622.0,44000.0,Call,-,-,-,-,-,-,-,3,0,3,10,3770,3780,3300,685
TXO,202606F3,20260622.0,44000.0,Put,1.8,1.9,0.1,0.2,-,▼-18.8,▼-98.95%,1205,247,1452,1602,-,1.7,1110,0.1
TXO,202606F3,20260622.0,44050.0,Call,-,-,-,-,-,-,-,0,0,0,6,3720,3730,1190,980
TXO,202606F3,20260622.0,44050.0,Put,3.5,3.5,0.2,0.3,-,▼-20.7,▼-98.57%,64,36,100,152,-,0.5,1270,0.2
TXO,202606F3,20260622.0,44100.0,Call,-,-,-,-,-,-,-,7,0,7,9,3670,3680,3020,915
TXO,202606F3,20260622.0,44100.0,Put,1.2,1.2,0.1,0.2,-,▼-20.8,▼-99.05%,201,95,296,212,-,1.6,1290,0.1
TXO,202606F3,20260622.0,44150.0,Call,-,-,-,-,-,-,-,0,0,0,10,3620,3630,2090,855
TXO,202606F3,20260622.0,44150.0,Put,2.1,2.1,0.2,0.2,-,▼-22.3,▼-99.11%,59,22,81,135,-,0.8,1250,0.2
TXO,202606F3,20260622.0,44200.0,Call,-,-,-,-,-,-,-,0,0,0,4,3570,3580,2040,675
TXO,202606F3,20260622.0,44200.0,Put,3.8,6.5,0.1,0.2,-,▼-23.3,▼-99.15%,411,402,813,460,-,1.8,1000,0.1
TXO,202606F3,20260622.0,44250.0,Call,-,-,-,-,-,-,-,0,0,0,21,3520,3530,2080,815
TXO,202606F3,20260622.0,44250.0,Put,3.9,3.9,0.2,0.2,-,▼-25.3,▼-99.22%,63,29,92,98,-,99,1100,0.2
TXO,202606F3,20260622.0,44300.0,Call,-,-,-,-,-,-,-,0,0,0,27,3470,3480,1950,790
TXO,202606F3,20260622.0,44300.0,Put,2.5,2.5,0.2,0.2,-,▼-27.8,▼-99.29%,248,314,562,332,-,1.1,1130,0.2
TXO,202606F3,20260622.0,44350.0,Call,-,-,-,-,-,-,-,0,0,0,12,3420,3430,1130,925
TXO,202606F3,20260622.0,44350.0,Put,1,1.1,0.2,0.2,-,▼-29.8,▼-99.33%,188,69,257,215,0.1,1,1210,0.2
TXO,202606F3,20260622.0,44400.0,Call,-,-,-,-,-,-,-,0,0,0,5,3370,3380,1100,1100
TXO,202606F3,20260622.0,44400.0,Put,3.7,3.9,0.1,0.2,-,▼-29.8,▼-99.33%,444,1610,2054,566,-,1.2,1240,0.1
TXO,202606F3,20260622.0,44450.0,Call,-,-,-,-,-,-,-,0,0,0,3,3320,3330,1820,970
TXO,202606F3,20260622.0,44450.0,Put,3.9,6.2,0.1,0.1,-,▼-33.9,▼-99.71%,204,77,281,125,-,4,1260,0.1
TXO,202606F3,20260622.0,44500.0,Call,-,-,-,-,-,-,-,0,0,0,3,3270,3280,1890,376
TXO,202606F3,20260622.0,44500.0,Put,3,3,0.1,0.2,-,▼-35.8,▼-99.44%,831,145,976,518,-,0.2,1110,0.1
TXO,202606F3,20260622.0,44550.0,Call,-,-,-,-,-,-,-,0,0,0,5,3220,3230,1070,1070
TXO,202606F3,20260622.0,44550.0,Put,2,3.7,0.2,0.9,-,▼-37.6,▼-97.66%,243,66,309,91,-,900,1270,0.2
TXO,202606F3,20260622.0,44600.0,Call,-,-,-,-,-,-,-,0,0,0,7,3170,3180,1760,740
TXO,202606F3,20260622.0,44600.0,Put,3,4.9,0.1,0.2,-,▼-41.3,▼-99.52%,543,68,611,260,-,0.2,1080,0.1
TXO,202606F3,20260622.0,44650.0,Call,-,-,-,-,-,-,-,0,0,0,5,3120,3130,905,855
TXO,202606F3,20260622.0,44650.0,Put,0.4,0.5,0.1,0.1,-,▼-43.9,▼-99.77%,384,20,404,88,-,31,350,0.1
TXO,202606F3,20260622.0,44700.0,Call,-,-,-,-,-,-,-,0,0,0,2,3070,3080,1660,845
TXO,202606F3,20260622.0,44700.0,Put,2.6,2.6,0.1,0.1,-,▼-43.9,▼-99.77%,509,134,643,247,0.1,0.2,1190,0.1
TXO,202606F3,20260622.0,44750.0,Call,-,-,-,-,-,-,-,0,0,0,1,3020,3030,1550,795
TXO,202606F3,20260622.0,44750.0,Put,0.6,0.7,0.1,0.1,-,▼-49.4,▼-99.80%,328,32,360,129,-,0.3,459,0.1
TXO,202606F3,20260622.0,44800.0,Call,-,-,-,-,-,-,-,0,0,0,6,2970,2980,1390,605
TXO,202606F3,20260622.0,44800.0,Put,1.5,1.8,0.1,0.2,-,▼-52.8,▼-99.62%,795,265,1060,357,-,0.5,2030,0.1
TXO,202606F3,20260622.0,44850.0,Call,2900,2930,2900,2900,-,▲+1080,▲+59.34%,0,4,4,7,2920,2930,2930,625
TXO,202606F3,20260622.0,44850.0,Put,4.9,4.9,0.2,0.6,-,▼-57.4,▼-98.97%,353,103,456,100,0.1,1.8,435,0.2
TXO,202606F3,20260622.0,44900.0,Call,-,-,-,-,-,-,-,0,0,0,9,2870,2880,1650,450
TXO,202606F3,20260622.0,44900.0,Put,3,3,0.1,0.2,-,▼-61.8,▼-99.68%,837,108,945,323,-,2.2,1040,0.1
TXO,202606F3,20260622.0,44950.0,Call,-,-,-,-,-,-,-,0,0,0,11,2820,2830,950,555
TXO,202606F3,20260622.0,44950.0,Put,1,1,0.1,0.2,-,▼-65.8,▼-99.70%,485,70,555,147,-,0.2,479,0.1
TXO,202606F3,20260622.0,45000.0,Call,2760,2760,2690,2690,-,▲+1010,▲+60.12%,6,4,10,8,2770,2780,2760,290
TXO,202606F3,20260622.0,45000.0,Put,2.7,4,0.2,0.3,-,▼-70.7,▼-99.58%,3326,1926,5252,2435,-,1,1480,0.2
TXO,202606F3,20260622.0,45050.0,Call,-,-,-,-,-,-,-,0,0,0,3,2720,2730,880,675
TXO,202606F3,20260622.0,45050.0,Put,3,3,0.3,0.3,-,▼-70.7,▼-99.58%,976,123,1099,215,-,1.8,505,0.3
TXO,202606F3,20260622.0,45100.0,Call,2650,2670,2650,2670,-,▲+1080,▲+67.92%,0,4,4,13,2670,2680,2670,371
TXO,202606F3,20260622.0,45100.0,Put,2,2,0.2,0.2,-,▼-74.8,▼-99.73%,1437,99,1536,495,-,0.3,2200,0.2
TXO,202606F3,20260622.0,45150.0,Call,-,-,-,-,-,-,-,0,0,0,2,2620,2630,1300,810
TXO,202606F3,20260622.0,45150.0,Put,0.5,2,0.1,0.2,-,▼-80.8,▼-99.75%,895,11,906,163,-,2,575,0.1
TXO,202606F3,20260622.0,45200.0,Call,2500,2500,2500,2500,-,▲+1000,▲+66.67%,0,1,1,19,2570,2580,2500,451
TXO,202606F3,20260622.0,45200.0,Put,4.9,4.9,0.1,0.2,-,▼-89.8,▼-99.78%,1370,187,1557,292,-,0.9,1720,0.1
TXO,202606F3,20260622.0,45250.0,Call,-,-,-,-,-,-,-,0,0,0,6,2520,2530,955,295
TXO,202606F3,20260622.0,45250.0,Put,2,2,0.1,0.2,-,▼-91.8,▼-99.78%,919,297,1216,361,-,1.4,590,0.1
TXO,202606F3,20260622.0,45300.0,Call,2480,2480,2480,2480,-,▲+1070,▲+75.89%,2,1,3,27,2470,2480,2480,330
TXO,202606F3,20260622.0,45300.0,Put,2.4,4,0.1,0.2,-,▼-100.8,▼-99.80%,1395,483,1878,410,-,1.6,665,0.1
TXO,202606F3,20260622.0,45350.0,Call,-,-,-,-,-,-,-,1,0,1,12,2420,2430,1450,555
TXO,202606F3,20260622.0,45350.0,Put,1.1,4.2,0.1,0.2,-,▼-108.8,▼-99.82%,955,197,1152,182,-,18.5,1710,0.1
TXO,202606F3,20260622.0,45400.0,Call,2380,2380,2380,2380,-,▲+1060,▲+80.30%,9,1,10,16,2370,2380,2380,330
TXO,202606F3,20260622.0,45400.0,Put,4.6,4.6,0.1,0.2,-,▼-110.8,▼-99.82%,1679,144,1823,393,-,0.8,700,0.1
TXO,202606F3,20260622.0,45450.0,Call,-,-,-,-,-,-,-,0,0,0,46,2320,2330,1260,349
TXO,202606F3,20260622.0,45450.0,Put,4.9,4.9,0.1,0.1,-,▼-117.9,▼-99.92%,837,52,889,163,-,2.9,700,0.1
TXO,202606F3,20260622.0,45500.0,Call,2200,2200,2200,2200,-,▲+960,▲+77.42%,7,1,8,55,2270,2280,2200,291
TXO,202606F3,20260622.0,45500.0,Put,5,5,0.1,0.2,-,▼-127.8,▼-99.84%,2970,392,3362,1063,-,5,800,0.1
TXO,202606F3,20260622.0,45550.0,Call,-,-,-,-,-,-,-,1,0,1,44,2220,2230,1480,478
TXO,202606F3,20260622.0,45550.0,Put,5.5,5.5,0.2,0.2,-,▼-132.8,▼-99.85%,942,53,995,186,-,0.5,710,0.2
TXO,202606F3,20260622.0,45600.0,Call,1700,2160,1700,2150,-,▲+1000,▲+86.96%,63,11,74,61,2170,2180,2160,288
TXO,202606F3,20260622.0,45600.0,Put,4.5,4.5,0.1,0.1,-,▼-140.9,▼-99.93%,1460,192,1652,383,-,0.1,770,0.1
TXO,202606F3,20260622.0,45650.0,Call,1900,1900,1900,1900,-,▲+790,▲+71.17%,2,1,3,23,2120,2130,1900,251
TXO,202606F3,20260622.0,45650.0,Put,4.1,4.1,0.1,0.2,-,▼-155.8,▼-99.87%,945,27,972,206,-,0.9,740,0.1
TXO,202606F3,20260622.0,45700.0,Call,-,-,-,-,-,-,-,10,0,10,84,2070,2080,1630,202
TXO,202606F3,20260622.0,45700.0,Put,5.5,17,0.2,0.2,-,▼-162.8,▼-99.88%,1249,302,1551,463,-,1.5,810,0.2
TXO,202606F3,20260622.0,45750.0,Call,1990,1990,1990,1990,-,▲+960,▲+93.20%,12,1,13,37,2020,2030,1990,387
TXO,202606F3,20260622.0,45750.0,Put,4,4.4,0.1,0.2,-,▼-171.8,▼-99.88%,766,79,845,155,-,15,865,0.1
TXO,202606F3,20260622.0,45800.0,Call,1550,1980,1550,1950,-,▲+960,▲+96.97%,83,18,101,347,1970,1980,1980,350
TXO,202606F3,20260622.0,45800.0,Put,7.1,7.1,0.1,0.2,-,▼-182.8,▼-99.89%,2696,1128,3824,877,-,0.3,920,0.1
TXO,202606F3,20260622.0,45850.0,Call,1750,1790,1750,1790,-,▲+840,▲+88.42%,17,2,19,60,1920,1930,1790,340
TXO,202606F3,20260622.0,45850.0,Put,3,5.4,0.2,0.2,-,▼-193.8,▼-99.90%,906,286,1192,132,-,0.5,900,0.2
TXO,202606F3,20260622.0,45900.0,Call,1450,1800,1450,1800,-,▲+885,▲+96.72%,50,6,56,94,1870,1880,1800,300
TXO,202606F3,20260622.0,45900.0,Put,10,14,0.2,0.2,-,▼-206.8,▼-99.90%,1276,475,1751,314,-,0.4,870,0.2
TXO,202606F3,20260622.0,45950.0,Call,1490,1740,1480,1740,-,▲+865,▲+98.86%,19,8,27,54,1820,1830,1740,360
TXO,202606F3,20260622.0,45950.0,Put,4.2,5.7,0.1,0.2,-,▼-217.8,▼-99.91%,705,285,990,181,0.1,1.4,865,0.1
TXO,202606F3,20260622.0,46000.0,Call,1200,1810,1200,1770,-,▲+930,▲+110.71%,234,191,425,180,1770,1780,1810,165
TXO,202606F3,20260622.0,46000.0,Put,15.5,15.5,0.1,0.4,-,▼-229.6,▼-99.83%,5778,1784,7562,1688,0.1,0.4,1030,0.1
TXO,202606F3,20260622.0,46050.0,Call,1350,1750,1350,1750,-,▲+950,▲+118.75%,13,52,65,88,1720,1730,1750,270
TXO,202606F3,20260622.0,46050.0,Put,20,20,0.1,0.2,-,▼-237.8,▼-99.92%,796,228,1024,167,-,0.5,920,0.1
TXO,202606F3,20260622.0,46100.0,Call,1350,1700,1340,1700,-,▲+930,▲+120.78%,175,11,186,69,1670,1680,1700,211
TXO,202606F3,20260622.0,46100.0,Put,31,31,0.1,0.2,-,▼-257.8,▼-99.92%,1916,457,2373,471,-,10,1040,0.1
TXO,202606F3,20260622.0,46150.0,Call,1230,1600,1230,1600,-,▲+870,▲+119.18%,15,5,20,65,1620,1630,1600,254
TXO,202606F3,20260622.0,46150.0,Put,11.5,14.5,0.2,0.2,-,▼-270.8,▼-99.93%,759,377,1136,170,-,11.5,860,0.2
TXO,202606F3,20260622.0,46200.0,Call,905,1590,905,1590,-,▲+895,▲+128.78%,121,23,144,150,1570,1580,1590,149
TXO,202606F3,20260622.0,46200.0,Put,16,18.5,0.2,0.5,-,▼-281.5,▼-99.82%,1662,1263,2925,493,-,0.5,1000,0.2
TXO,202606F3,20260622.0,46250.0,Call,925,1530,925,1520,-,▲+860,▲+130.30%,111,27,138,105,1520,1530,1530,212
TXO,202606F3,20260622.0,46250.0,Put,9.4,21,0.2,0.3,-,▼-302.7,▼-99.90%,850,1461,2311,438,-,0.7,955,0.2
TXO,202606F3,20260622.0,46300.0,Call,925,1500,925,1470,-,▲+840,▲+133.33%,255,55,310,208,1470,1480,1500,180
TXO,202606F3,20260622.0,46300.0,Put,23,25,0.2,0.2,-,▼-312.8,▼-99.94%,1412,2466,3878,977,-,0.3,990,0.2
TXO,202606F3,20260622.0,46350.0,Call,885,1450,885,1440,-,▲+845,▲+142.02%,114,8,122,118,1420,1430,1450,165
TXO,202606F3,20260622.0,46350.0,Put,27.5,28,0.2,0.2,-,▼-331.8,▼-99.94%,752,739,1491,369,-,0.8,995,0.2
TXO,202606F3,20260622.0,46400.0,Call,800,1400,800,1390,-,▲+825,▲+146.02%,324,128,452,163,1370,1380,1400,177
TXO,202606F3,20260622.0,46400.0,Put,41,41,0.2,0.4,-,▼-354.6,▼-99.89%,1508,1433,2941,638,-,0.4,1090,0.2
TXO,202606F3,20260622.0,46450.0,Call,840,1320,665,1320,-,▲+790,▲+149.06%,196,51,247,85,1320,1330,1320,175
TXO,202606F3,20260622.0,46450.0,Put,47,47,0.1,0.5,-,▼-370.5,▼-99.87%,1714,842,2556,485,-,0.5,910,0.1
TXO,202606F3,20260622.0,46500.0,Call,755,1310,730,1270,-,▲+770,▲+154.00%,1091,356,1447,644,1270,1280,1310,100
TXO,202606F3,20260622.0,46500.0,Put,41,42.5,0.1,0.4,-,▼-387.6,▼-99.90%,3519,3800,7319,1764,-,0.5,1070,0.1
TXO,202606F3,20260622.0,46550.0,Call,730,1240,730,1220,-,▲+747,▲+157.93%,314,239,553,170,1220,1230,1240,100
TXO,202606F3,20260622.0,46550.0,Put,44,47.5,0.2,0.5,-,▼-409.5,▼-99.88%,713,1155,1868,525,0.1,0.9,970,0.2
TXO,202606F3,20260622.0,46600.0,Call,615,1190,615,1180,-,▲+741,▲+168.79%,716,182,898,609,1170,1180,1190,109
TXO,202606F3,20260622.0,46600.0,Put,51,56,0.1,0.1,-,▼-429.9,▼-99.98%,2000,2994,4994,1233,-,0.7,980,0.1
TXO,202606F3,20260622.0,46650.0,Call,610,1120,605,1120,-,▲+703,▲+168.59%,219,144,363,169,1120,1130,1120,133
TXO,202606F3,20260622.0,46650.0,Put,50,63,0.2,0.2,-,▼-453.8,▼-99.96%,981,1952,2933,640,-,0.6,1010,0.2
TXO,202606F3,20260622.0,46700.0,Call,600,1150,560,1090,-,▲+703,▲+181.65%,1381,296,1677,2134,1070,1080,1150,125
TXO,202606F3,20260622.0,46700.0,Put,67,74,0.2,0.3,-,▼-474.7,▼-99.94%,1049,3258,4307,1397,-,0.3,1050,0.2
TXO,202606F3,20260622.0,46750.0,Call,570,1040,560,1040,-,▲+683,▲+191.32%,556,74,630,185,1020,1030,1040,121
TXO,202606F3,20260622.0,46750.0,Put,70,80,0.1,0.3,-,▼-499.7,▼-99.94%,428,2029,2457,771,0.1,0.6,1070,0.1
TXO,202606F3,20260622.0,46800.0,Call,550,1010,469,990,-,▲+651,▲+192.04%,1560,460,2020,771,975,980,1010,96
TXO,202606F3,20260622.0,46800.0,Put,77,90,0.1,0.2,-,▼-524.8,▼-99.96%,1415,3427,4842,1040,-,0.4,1280,0.1
TXO,202606F3,20260622.0,46850.0,Call,454,950,454,925,-,▲+607,▲+190.88%,508,140,648,130,925,930,950,129
TXO,202606F3,20260622.0,46850.0,Put,97,108,0.2,0.2,-,▼-549.8,▼-99.96%,548,2446,2994,858,-,1.7,1370,0.2
TXO,202606F3,20260622.0,46900.0,Call,288,905,288,875,-,▲+587,▲+203.82%,1653,324,1977,394,875,880,905,94
TXO,202606F3,20260622.0,46900.0,Put,148,148,0.2,0.2,-,▼-584.8,▼-99.97%,1157,4149,5306,1033,0.1,0.4,1420,0.2
TXO,202606F3,20260622.0,46950.0,Call,400,865,380,825,-,▲+555,▲+205.56%,623,214,837,150,825,830,865,78
TXO,202606F3,20260622.0,46950.0,Put,122,129,0.1,0.4,-,▼-604.6,▼-99.93%,384,2412,2796,1056,-,0.6,1350,0.1
TXO,202606F3,20260622.0,47000.0,Call,260,830,260,780,-,▲+532,▲+214.52%,5017,1269,6286,632,775,780,830,64
TXO,202606F3,20260622.0,47000.0,Put,150,170,0.1,0.1,-,▼-634.9,▼-99.98%,1704,9373,11077,3154,0.1,0.3,1700,0.1
TXO,202606F3,20260622.0,47050.0,Call,339,750,333,725,-,▲+497,▲+217.98%,542,121,663,146,725,730,750,71
TXO,202606F3,20260622.0,47050.0,Put,148,149,0.1,0.1,-,▼-664.9,▼-99.98%,156,2704,2860,641,-,5,670,0.1
TXO,202606F3,20260622.0,47100.0,Call,280,710,204,675,-,▲+465,▲+221.43%,1740,426,2166,531,675,680,710,62
TXO,202606F3,20260622.0,47100.0,Put,181,184,0.2,0.2,-,▼-699.8,▼-99.97%,442,5427,5869,1411,0.1,0.5,1160,0.2
TXO,202606F3,20260622.0,47150.0,Call,266,665,234,630,-,▲+437,▲+226.42%,854,348,1202,131,625,630,665,58
TXO,202606F3,20260622.0,47150.0,Put,192,203,0.1,0.1,-,▼-729.9,▼-99.99%,158,2865,3023,739,0.1,1.3,1150,0.1
TXO,202606F3,20260622.0,47200.0,Call,228,615,207,575,-,▲+403,▲+234.30%,2250,1165,3415,376,575,580,615,41.5
TXO,202606F3,20260622.0,47200.0,Put,210,223,0.1,0.3,-,▼-764.7,▼-99.96%,498,8261,8759,1676,-,0.5,1300,0.1
TXO,202606F3,20260622.0,47250.0,Call,202,560,166,530,-,▲+371,▲+233.33%,586,462,1048,205,525,530,560,85
TXO,202606F3,20260622.0,47250.0,Put,200,231,0.1,0.3,-,▼-794.7,▼-99.96%,59,2630,2689,661,0.1,0.5,1060,0.1
TXO,202606F3,20260622.0,47300.0,Call,171,515,160,478,-,▲+337,▲+239.01%,2459,1897,4356,547,476,479,515,46.5
TXO,202606F3,20260622.0,47300.0,Put,288,288,0.1,0.1,-,▼-829.9,▼-99.99%,174,6665,6839,1451,0.1,0.9,1280,0.1
TXO,202606F3,20260622.0,47350.0,Call,143,460,137,427,-,▲+303,▲+244.35%,0,168,168,25,426,428,460,137
TXO,202606F3,20260622.0,47350.0,Put,236,236,0.2,0.3,-,▼-864.7,▼-99.97%,0,3569,3569,909,-,1,236,0.2
TXO,202606F3,20260622.0,47400.0,Call,182,421,118,377,-,▲+263,▲+230.70%,3340,2714,6054,426,376,377,421,40
TXO,202606F3,20260622.0,47400.0,Put,338,338,0.1,0.1,-,▼-904.9,▼-99.99%,86,8794,8880,1477,0.1,0.7,1500,0.1
TXO,202606F3,20260622.0,47450.0,Call,125,363,68,327,-,▲+229,▲+233.67%,0,720,720,54,326,328,363,68
TXO,202606F3,20260622.0,47450.0,Put,330,332,0.1,0.2,-,▼-939.8,▼-99.98%,0,3974,3974,959,0.1,1.5,332,0.1
TXO,202606F3,20260622.0,47500.0,Call,81,331,63,277,-,▲+187,▲+207.78%,6180,6691,12871,717,276,278,331,33.5
TXO,202606F3,20260622.0,47500.0,Put,360,400,0.1,0.2,-,▼-974.8,▼-99.98%,119,11442,11561,2037,0.1,0.6,1750,0.1
TXO,202606F3,20260622.0,47550.0,Call,75,292,75,227,-,▲+149,▲+191.03%,0,1291,1291,121,226,229,292,75
TXO,202606F3,20260622.0,47550.0,Put,360,360,0.1,0.1,-,▼-1009.9,▼-99.99%,0,4265,4265,917,-,0.3,360,0.1
TXO,202606F3,20260622.0,47600.0,Call,88,255,26.5,176,-,▲+105,▲+147.89%,3494,7100,10594,811,176,178,262,26.5
TXO,202606F3,20260622.0,47600.0,Put,439,439,0.1,0.1,-,▼-1059.9,▼-99.99%,199,13154,13353,2887,-,0.3,1500,0.1
TXO,202606F3,20260622.0,47650.0,Call,60,219,50,128,-,▲+68,▲+113.33%,0,3687,3687,212,126,128,219,50
TXO,202606F3,20260622.0,47650.0,Put,477,488,0.1,0.3,-,▼-1099.7,▼-99.97%,0,7441,7441,1666,-,0.3,488,0.1
TXO,202606F3,20260622.0,47700.0,Call,50,185,30.5,76,-,▲+22,▲+40.74%,2563,16518,19081,1467,76,77,299,25
TXO,202606F3,20260622.0,47700.0,Put,510,520,0.1,0.2,-,▼-1139.8,▼-99.98%,14,12965,12979,2331,0.1,0.3,1150,0.1
TXO,202606F3,20260622.0,47750.0,Call,53,158,14,28.5,-,▼-18.5,▼-39.36%,0,12202,12202,856,26.5,28,158,14
TXO,202606F3,20260622.0,47750.0,Put,590,590,0.1,0.2,-,▼-1179.8,▼-99.98%,0,6891,6891,1690,0.1,0.3,590,0.1
TXO,202606F3,20260622.0,47800.0,Call,31.5,133,0.1,0.3,-,▼-41.7,▼-99.29%,2891,22323,25214,5827,-,0.3,200,0.1
TXO,202606F3,20260622.0,47800.0,Put,650,650,2.6,21,-,▼-1209,▼-98.29%,9,12775,12784,1459,21,22,1610,2.6
TXO,202606F3,20260622.0,47850.0,Call,26,109,0.1,0.3,-,▼-35.7,▼-99.17%,0,9841,9841,2522,-,0.3,109,0.1
TXO,202606F3,20260622.0,47850.0,Put,675,675,28.5,75,-,▼-1195,▼-94.09%,0,6095,6095,445,71,73,675,28.5
TXO,202606F3,20260622.0,47900.0,Call,24.5,90,0.1,0.1,-,▼-31.9,▼-99.69%,1926,14348,16274,4242,0.1,0.3,183,0.1
TXO,202606F3,20260622.0,47900.0,Put,675,675,90,124,-,▼-1196,▼-90.61%,16,4214,4230,409,121,123,1080,90
TXO,202606F3,20260622.0,48000.0,Call,14.5,57,0.1,0.1,-,▼-25.4,▼-99.61%,3811,19361,23172,6022,0.1,0.3,330,0.1
TXO,202606F3,20260622.0,48000.0,Put,760,760,191,223,-,▼-1197,▼-84.30%,48,2060,2108,175,222,223,2630,191
TXO,202606F3,20260622.0,48100.0,Call,10.5,34.5,0.1,0.2,-,▼-18.8,▼-98.95%,1079,7287,8366,2041,-,0.3,238,0.1
TXO,202606F3,20260622.0,48100.0,Put,855,855,291,324,-,▼-1186,▼-78.54%,4,487,491,65,321,324,2460,291
TXO,202606F3,20260622.0,48200.0,Call,6,20,0.1,0.2,-,▼-14.3,▼-98.62%,985,5501,6486,2091,-,0.4,256,0.1
TXO,202606F3,20260622.0,48200.0,Put,685,725,390,423,-,▼-1177,▼-73.56%,4,372,376,66,421,424,995,390
TXO,202606F3,20260622.0,48300.0,Call,5,20,0.1,0.3,-,▼-10.2,▼-97.14%,1128,4151,5279,2989,-,0.3,320,0.1
TXO,202606F3,20260622.0,48300.0,Put,840,840,494,525,-,▼-1175,▼-69.12%,1,123,124,62,520,525,2000,494
TXO,202606F3,20260622.0,48400.0,Call,3.6,5.7,0.1,0.2,-,▼-4.3,▼-95.56%,505,1897,2402,1647,-,0.7,116,0.1
TXO,202606F3,20260622.0,48400.0,Put,830,830,605,625,-,▼-1165,▼-65.08%,0,87,87,63,620,625,830,605
TXO,202606F3,20260622.0,48500.0,Call,1.4,3,0.1,0.3,-,▼-1.3,▼-81.25%,3392,2714,6106,7784,-,0.3,105,0.1
TXO,202606F3,20260622.0,48500.0,Put,1150,1150,695,725,-,▼-1165,▼-61.64%,10,103,113,61,720,725,1300,695
TXO,202606F3,20260622.0,48600.0,Call,1,1.6,0.1,0.1,-,▼-0.9,▼-90.00%,1164,741,1905,1528,-,0.6,105,0.1
TXO,202606F3,20260622.0,48600.0,Put,995,1010,825,825,-,▼-1165,▼-58.54%,0,16,16,7,820,825,1010,825
TXO,202606F3,20260622.0,48700.0,Call,0.6,1.1,0.1,0.3,-,▼-0.3,▼-50.00%,639,388,1027,1231,-,1,90,0.1
TXO,202606F3,20260622.0,48700.0,Put,995,995,910,910,-,▼-1180,▼-56.46%,1,9,10,5,920,925,2030,910
TXO,202606F3,20260622.0,48800.0,Call,0.7,0.7,0.1,0.1,-,▼-0.4,▼-80.00%,137,70,207,883,-,5,112,0.1
TXO,202606F3,20260622.0,48800.0,Put,1050,1130,985,1000,-,▼-1190,▼-54.34%,0,6,6,2,1020,1030,1130,985
TXO,202606F3,20260622.0,48900.0,Call,0.1,0.3,0.1,0.2,-,▼-0.2,▼-50.00%,21,27,48,106,0.1,0.2,250,0.1
TXO,202606F3,20260622.0,48900.0,Put,-,-,-,-,-,-,-,0,0,0,0,1120,1130,-,-
TXO,202606F3,20260622.0,49000.0,Call,0.4,0.4,0.1,0.1,-,▼-0.3,▼-75.00%,788,22,810,4507,-,0.1,75,0.1
TXO,202606F3,20260622.0,49000.0,Put,-,-,-,-,-,-,-,0,0,0,0,1220,1230,-,-
TXO,202606F3,20260622.0,49100.0,Call,0.6,0.6,0.2,0.2,-,▼-0.1,▼-33.33%,29,8,37,95,-,37.5,78,0.1
TXO,202606F3,20260622.0,49100.0,Put,-,-,-,-,-,-,-,0,0,0,0,1320,1330,-,-
TXO,202606F3,20260622.0,49200.0,Call,0.2,0.2,0.2,0.2,-,0,0%,15,4,19,41,-,3,81,0.1
TXO,202606F3,20260622.0,49200.0,Put,-,-,-,-,-,-,-,2,0,2,0,1420,1430,2100,1700
TXO,202606F3,20260622.0,49300.0,Call,-,-,-,-,-,-,-,1,0,1,1539,-,0.3,60,0.2
TXO,202606F3,20260622.0,49300.0,Put,-,-,-,-,-,-,-,0,0,0,0,1520,1530,-,-
TXO,202606F3,20260622.0,49400.0,Call,-,-,-,-,-,-,-,3,0,3,102,-,8,97,0.2
TXO,202606F3,20260622.0,49400.0,Put,-,-,-,-,-,-,-,0,0,0,0,1620,1630,-,-
TXO,202606F3,20260622.0,49500.0,Call,-,-,-,-,-,-,-,0,0,0,895,-,0.2,51,0.2
TXO,202606F3,20260622.0,49500.0,Put,-,-,-,-,-,-,-,0,0,0,0,1720,1730,-,-
TXO,202606F3,20260622.0,49600.0,Call,-,-,-,-,-,-,-,2,0,2,67,-,6.5,115,0.7
TXO,202606F3,20260622.0,49600.0,Put,-,-,-,-,-,-,-,0,0,0,0,1820,1830,-,-
TXO,202606F3,20260622.0,49700.0,Call,-,-,-,-,-,-,-,3,0,3,53,-,10,109,0.5
TXO,202606F3,20260622.0,49700.0,Put,-,-,-,-,-,-,-,0,0,0,0,1920,1930,-,-
TXO,202606F3,20260622.0,49800.0,Call,-,-,-,-,-,-,-,0,0,0,108,0.1,9,100,1.3
TXO,202606F3,20260622.0,49800.0,Put,-,-,-,-,-,-,-,0,0,0,0,2020,2030,-,-
TXO,202606F3,20260622.0,49900.0,Call,-,-,-,-,-,-,-,0,0,0,33,-,39,62,0.1
TXO,202606F3,20260622.0,49900.0,Put,-,-,-,-,-,-,-,0,0,0,0,2120,2130,-,-
TXO,202606F3,20260622.0,50000.0,Call,0.3,0.3,0.3,0.3,-,▲+0.2,-,10,4,14,654,-,1,56,0.2
TXO,202606F3,20260622.0,50000.0,Put,-,-,-,-,-,-,-,0,0,0,0,2220,2230,-,-
TXO,202606F3,20260622.0,50100.0,Call,0.3,0.3,0.3,0.3,-,▲+0.2,-,1,1,2,64,-,0.3,34,0.2
TXO,202606F3,20260622.0,50100.0,Put,-,-,-,-,-,-,-,0,0,0,0,2320,2330,-,-
TXO,202606F3,20260622.0,50200.0,Call,-,-,-,-,-,-,-,0,0,0,32,-,200,32,1.2
TXO,202606F3,20260622.0,50200.0,Put,-,-,-,-,-,-,-,0,0,0,0,2420,2430,-,-
TXO,202606F3,20260622.0,50300.0,Call,-,-,-,-,-,-,-,2,0,2,1961,-,0.9,83,0.2
TXO,202606F3,20260622.0,50300.0,Put,-,-,-,-,-,-,-,0,0,0,0,2520,2530,-,-
TXO,202606F3,20260622.0,50400.0,Call,-,-,-,-,-,-,-,7,0,7,66,-,0.8,2.8,0.2
TXO,202606F3,20260622.0,50400.0,Put,-,-,-,-,-,-,-,0,0,0,0,2620,2630,-,-
TXO,202606F3,20260622.0,50500.0,Call,-,-,-,-,-,-,-,0,0,0,0,-,-,-,-
TXO,202606F3,20260622.0,50500.0,Put,-,-,-,-,-,-,-,0,0,0,0,2720,2730,-,-
TXO,202606F3,20260622.0,50600.0,Call,-,-,-,-,-,-,-,0,0,0,0,-,-,-,-
TXO,202606F3,20260622.0,50600.0,Put,-,-,-,-,-,-,-,0,0,0,0,2820,2830,-,-
TXO,202606F3,20260622.0,50700.0,Call,-,-,-,-,-,-,-,0,0,0,0,-,-,-,-
TXO,202606F3,20260622.0,50700.0,Put,-,-,-,-,-,-,-,0,0,0,0,2920,2930,-,-
TXO,202606F3,20260622.0,50800.0,Call,-,-,-,-,-,-,-,0,0,0,0,-,-,-,-
TXO,202606F3,20260622.0,50800.0,Put,-,-,-,-,-,-,-,0,0,0,0,3020,3030,-,-
TXO,202606F3,20260622.0,50900.0,Call,-,-,-,-,-,-,-,0,0,0,0,-,-,-,-
TXO,202606F3,20260622.0,50900.0,Put,-,-,-,-,-,-,-,0,0,0,0,3120,3130,-,-
TXO,202606F3,20260622.0,51000.0,Call,-,-,-,-,-,-,-,0,0,0,0,-,-,-,-
TXO,202606F3,20260622.0,51000.0,Put,-,-,-,-,-,-,-,0,0,0,0,3220,3230,-,-
TXO,202606F3,20260622.0,51100.0,Call,-,-,-,-,-,-,-,0,0,0,0,-,-,-,-
TXO,202606F3,20260622.0,51100.0,Put,-,-,-,-,-,-,-,0,0,0,0,3320,3330,-,-
TXO,202606F3,20260622.0,51200.0,Call,0.3,0.3,0.3,0.3,-,▲+0.2,-,0,3,3,3,-,-,0.3,0.3
TXO,202606F3,20260622.0,51200.0,Put,-,-,-,-,-,-,-,0,0,0,0,3420,3430,-,-
TXO,202606W4,20260624.0,38800.0,Call,-,-,-,-,9330,-,-,0,0,0,0,-,-,-,-
TXO,202606W4,20260624.0,38800.0,Put,0.7,1.4,0.2,0.3,0.1,▼-1.6,▼-84.21%,65,142,207,351,0.1,0.6,110,0.2
TXO,202606W4,20260624.0,38900.0,Call,-,-,-,-,9230,-,-,0,0,0,0,-,-,-,-
TXO,202606W4,20260624.0,38900.0,Put,1,1,0.3,1,0.1,▼-1.3,▼-56.52%,3,19,22,81,-,1,403,0.3
TXO,202606W4,20260624.0,39000.0,Call,-,-,-,-,9130,-,-,0,0,0,0,-,-,-,-
TXO,202606W4,20260624.0,39000.0,Put,1,1,0.2,0.2,0.1,▼-2.5,▼-92.59%,11,126,137,458,-,0.8,415,0.2
TXO,202606W4,20260624.0,39100.0,Call,-,-,-,-,9030,-,-,0,0,0,0,-,-,-,-
TXO,202606W4,20260624.0,39100.0,Put,-,-,-,-,0.1,-,-,0,0,0,12,-,1,284,3.5
TXO,202606W4,20260624.0,39200.0,Call,-,-,-,-,8930,-,-,0,0,0,0,-,-,-,-
TXO,202606W4,20260624.0,39200.0,Put,-,-,-,-,0.1,-,-,1,0,1,26,-,-,40.5,2.2
TXO,202606W4,20260624.0,39300.0,Call,-,-,-,-,8830,-,-,0,0,0,0,-,-,-,-
TXO,202606W4,20260624.0,39300.0,Put,0.9,1,0.9,1,0.2,▼-2,▼-66.67%,1,10,11,53,-,100,45,0.9
TXO,202606W4,20260624.0,39400.0,Call,-,-,-,-,8730,-,-,0,0,0,0,-,-,-,-
TXO,202606W4,20260624.0,39400.0,Put,1.7,1.7,0.9,0.9,0.2,▼-2.3,▼-71.88%,2,7,9,34,0.1,1.7,469,0.1
TXO,202606W4,20260624.0,39500.0,Call,-,-,-,-,8630,-,-,0,0,0,0,-,-,-,-
TXO,202606W4,20260624.0,39500.0,Put,1,1,1,1,0.2,▼-2.4,▼-70.59%,1,8,9,68,-,101,140,1
TXO,202606W4,20260624.0,39600.0,Call,-,-,-,-,8530,-,-,0,0,0,0,-,-,-,-
TXO,202606W4,20260624.0,39600.0,Put,0.8,1.3,0.5,0.5,0.3,▼-3.2,▼-86.49%,2,47,49,101,-,333,385,0.5
TXO,202606W4,20260624.0,39700.0,Call,-,-,-,-,8430,-,-,0,0,0,0,-,-,-,-
TXO,202606W4,20260624.0,39700.0,Put,0.2,0.2,0.2,0.2,0.3,▼-3.7,▼-94.87%,1,1,2,85,-,101,154,0.2
TXO,202606W4,20260624.0,39800.0,Call,-,-,-,-,8330,-,-,0,0,0,0,-,-,-,-
TXO,202606W4,20260624.0,39800.0,Put,1,1.1,0.3,0.3,0.3,▼-3.9,▼-92.86%,1,12,13,166,0.2,1.3,161,0.3
TXO,202606W4,20260624.0,39900.0,Call,-,-,-,-,8230,-,-,0,0,0,0,-,-,-,-
TXO,202606W4,20260624.0,39900.0,Put,1.1,1.1,0.5,0.5,0.5,▼-3.9,▼-88.64%,5,6,11,71,0.2,3,168,0.5
TXO,202606W4,20260624.0,40000.0,Call,-,-,-,-,8130,-,-,0,0,0,0,-,-,-,-
TXO,202606W4,20260624.0,40000.0,Put,5,5,0.3,0.3,0.5,▼-4.1,▼-93.18%,234,275,509,1351,0.2,1.2,415,0.3
TXO,202606W4,20260624.0,40100.0,Call,-,-,-,-,8030,-,-,0,0,0,0,-,-,-,-
TXO,202606W4,20260624.0,40100.0,Put,3.2,3.2,0.4,0.4,0.6,▼-4,▼-90.91%,5,15,20,63,-,101,51,0.4
TXO,202606W4,20260624.0,40200.0,Call,-,-,-,-,7930,-,-,0,0,0,0,-,-,-,-
TXO,202606W4,20260624.0,40200.0,Put,1.3,1.3,0.5,0.5,0.7,▼-3.9,▼-88.64%,43,12,55,114,-,1.5,710,0.5
TXO,202606W4,20260624.0,40300.0,Call,-,-,-,-,7830,-,-,0,0,0,0,-,-,-,-
TXO,202606W4,20260624.0,40300.0,Put,0.2,1.3,0.2,0.3,0.7,▼-4.2,▼-93.33%,5,16,21,96,-,102,50,0.2
TXO,202606W4,20260624.0,40400.0,Call,-,-,-,-,7730,-,-,0,0,0,0,-,-,-,-
TXO,202606W4,20260624.0,40400.0,Put,3.2,3.2,0.3,0.3,0.8,▼-4.2,▼-93.33%,3,10,13,111,0.2,1,333,0.3
TXO,202606W4,20260624.0,40500.0,Call,-,-,-,-,7630,-,-,0,0,0,0,-,-,-,-
TXO,202606W4,20260624.0,40500.0,Put,7,7,0.1,1,0.8,▼-4,▼-80.00%,61,31,92,110,-,2.2,750,0.1
TXO,202606W4,20260624.0,40600.0,Call,-,-,-,-,7530,-,-,0,0,0,0,-,-,-,-
TXO,202606W4,20260624.0,40600.0,Put,10,10,1,1,0.8,▼-4.6,▼-82.14%,9,18,27,74,-,2,354,1
TXO,202606W4,20260624.0,40700.0,Call,-,-,-,-,7430,-,-,0,0,0,0,-,-,-,-
TXO,202606W4,20260624.0,40700.0,Put,-,-,-,-,0.8,-,-,0,0,0,77,-,101,580,8.9
TXO,202606W4,20260624.0,40800.0,Call,-,-,-,-,7330,-,-,0,0,0,0,-,-,-,-
TXO,202606W4,20260624.0,40800.0,Put,1.2,1.2,1.2,1.2,0.9,▼-5.8,▼-82.86%,8,5,13,133,0.2,102,416,1.2
TXO,202606W4,20260624.0,40900.0,Call,-,-,-,-,7230,-,-,0,0,0,0,-,-,-,-
TXO,202606W4,20260624.0,40900.0,Put,3.2,3.2,1.5,1.7,0.9,▼-6.1,▼-78.21%,0,7,7,152,-,1.9,790,1.5
TXO,202606W4,20260624.0,41000.0,Call,-,-,-,-,7130,-,-,0,0,0,0,-,-,-,-
TXO,202606W4,20260624.0,41000.0,Put,1.9,2.7,0.7,0.9,0.9,▼-7.7,▼-89.53%,61,80,141,400,-,1,815,0.7
TXO,202606W4,20260624.0,41100.0,Call,-,-,-,-,7030,-,-,0,0,0,0,-,-,-,-
TXO,202606W4,20260624.0,41100.0,Put,3.2,3.2,1.1,1.1,1,▼-7.9,▼-87.78%,1,28,29,283,0.2,102,76,1.1
TXO,202606W4,20260624.0,41200.0,Call,-,-,-,-,6930,-,-,0,0,0,0,-,-,-,-
TXO,202606W4,20260624.0,41200.0,Put,4,4,1.1,2,1,▼-7.3,▼-78.49%,0,27,27,452,-,9.3,106,1.1
TXO,202606W4,20260624.0,41300.0,Call,-,-,-,-,6830,-,-,0,0,0,0,-,-,-,-
TXO,202606W4,20260624.0,41300.0,Put,0.2,0.2,0.2,0.2,1,▼-9.8,▼-98.00%,18,1,19,559,0.3,17,230,0.2
TXO,202606W4,20260624.0,41400.0,Call,-,-,-,-,6730,-,-,0,0,0,0,-,-,-,-
TXO,202606W4,20260624.0,41400.0,Put,1.3,1.3,0.8,0.8,1.1,▼-9.2,▼-92.00%,16,7,23,542,0.2,2.5,960,0.8
TXO,202606W4,20260624.0,41500.0,Call,-,-,-,-,6630,-,-,0,0,0,0,-,-,-,-
TXO,202606W4,20260624.0,41500.0,Put,2.2,2.7,0.8,1.1,1.1,▼-9.9,▼-90.00%,158,94,252,502,-,1.2,505,0.8
TXO,202606W4,20260624.0,41600.0,Call,-,-,-,-,6530,-,-,0,0,0,0,-,-,-,-
TXO,202606W4,20260624.0,41600.0,Put,-,-,-,-,1.1,-,-,12,0,12,27,-,-,820,11
TXO,202606W4,20260624.0,41700.0,Call,-,-,-,-,6430,-,-,0,0,0,0,-,-,-,-
TXO,202606W4,20260624.0,41700.0,Put,-,-,-,-,1.2,-,-,15,0,15,51,0.8,21,510,14
TXO,202606W4,20260624.0,41800.0,Call,-,-,-,-,6330,-,-,0,0,0,0,-,-,-,-
TXO,202606W4,20260624.0,41800.0,Put,3.2,3.3,1.5,1.5,1.2,▼-13,▼-89.66%,7,12,19,33,-,10,850,1.5
TXO,202606W4,20260624.0,41900.0,Call,-,-,-,-,6230,-,-,0,0,0,0,-,-,-,-
TXO,202606W4,20260624.0,41900.0,Put,3.5,3.6,2.8,3.6,1.3,▼-12.4,▼-77.50%,11,12,23,34,0.2,3.3,130,2.8
TXO,202606W4,20260624.0,41950.0,Call,-,-,-,-,6180,-,-,0,0,0,0,-,-,-,-
TXO,202606W4,20260624.0,41950.0,Put,3,3.7,1.5,1.7,1.3,▼-14.3,▼-89.38%,54,89,143,220,0.5,3.7,159,1.5
TXO,202606W4,20260624.0,42000.0,Call,-,-,-,-,6130,-,-,0,0,0,0,-,-,2580,2580
TXO,202606W4,20260624.0,42000.0,Put,8,9.9,1,1.6,1.3,▼-15.4,▼-90.59%,268,1298,1566,1533,1,1.7,1090,1
TXO,202606W4,20260624.0,42050.0,Call,-,-,-,-,6080,-,-,0,0,0,0,-,-,-,-
TXO,202606W4,20260624.0,42050.0,Put,5.7,5.7,1.5,1.7,1.3,▼-15.3,▼-90.00%,47,66,113,72,0.2,87,163,1.5
TXO,202606W4,20260624.0,42100.0,Call,-,-,-,-,6030,-,-,0,0,0,0,-,-,-,-
TXO,202606W4,20260624.0,42100.0,Put,4.6,4.7,1.8,1.9,1.4,▼-15.6,▼-89.14%,28,86,114,109,0.2,1.9,140,1.8
TXO,202606W4,20260624.0,42150.0,Call,-,-,-,-,5980,-,-,0,0,0,0,-,-,-,-
TXO,202606W4,20260624.0,42150.0,Put,2.6,2.6,2.6,2.6,1.4,▼-15.9,▼-85.95%,6,1,7,7,0.2,4660,140,2.6
TXO,202606W4,20260624.0,42200.0,Call,-,-,-,-,5930,-,-,0,0,0,0,-,-,-,-
TXO,202606W4,20260624.0,42200.0,Put,4,5,1.2,1.4,1.4,▼-18.1,▼-92.82%,31,62,93,116,0.2,3,965,1.2
TXO,202606W4,20260624.0,42250.0,Call,-,-,-,-,5880,-,-,0,0,0,0,-,-,-,-
TXO,202606W4,20260624.0,42250.0,Put,3.9,3.9,1.5,2,1.5,▼-18,▼-90.00%,0,37,37,28,1,-,150,1.5
TXO,202606W4,20260624.0,42300.0,Call,-,-,-,-,5830,-,-,0,0,0,0,-,-,-,-
TXO,202606W4,20260624.0,42300.0,Put,2.9,2.9,1.4,1.5,1.5,▼-19.5,▼-92.86%,19,17,36,34,0.2,800,155,1.4
TXO,202606W4,20260624.0,42350.0,Call,-,-,-,-,5780,-,-,0,0,0,0,-,-,-,-
TXO,202606W4,20260624.0,42350.0,Put,2.9,2.9,1.9,1.9,1.6,▼-19.1,▼-90.95%,1,7,8,9,1,3.2,152,1.9
TXO,202606W4,20260624.0,42400.0,Call,-,-,-,-,5730,-,-,0,0,0,3,5270,-,2450,1430
TXO,202606W4,20260624.0,42400.0,Put,4.5,4.5,2,2,1.7,▼-20,▼-90.91%,26,27,53,62,0.2,102,1350,2
TXO,202606W4,20260624.0,42450.0,Call,-,-,-,-,5680,-,-,0,0,0,0,5360,-,-,-
TXO,202606W4,20260624.0,42450.0,Put,5,5,1.5,1.9,1.9,▼-20.6,▼-91.56%,12,93,105,81,0.3,1.9,99,1.5
TXO,202606W4,20260624.0,42500.0,Call,-,-,-,-,5630,-,-,0,0,0,0,5310,-,-,-
TXO,202606W4,20260624.0,42500.0,Put,5,5,1.5,2.2,1.9,▼-20.8,▼-90.43%,72,146,218,211,1,2.2,1140,1.5
TXO,202606W4,20260624.0,42550.0,Call,-,-,-,-,5580,-,-,0,0,0,0,5260,-,-,-
TXO,202606W4,20260624.0,42550.0,Put,-,-,-,-,2,-,-,62,0,62,17,0.3,-,189,20
TXO,202606W4,20260624.0,42600.0,Call,-,-,-,-,5530,-,-,0,0,0,0,5210,-,-,-
TXO,202606W4,20260624.0,42600.0,Put,5,5,2.6,3,2,▼-22,▼-88.00%,17,18,35,23,0.3,-,493,2.6
TXO,202606W4,20260624.0,42650.0,Call,-,-,-,-,5480,-,-,0,0,0,0,-,5490,-,-
TXO,202606W4,20260624.0,42650.0,Put,6.6,6.6,6.6,6.6,2,▼-20.4,▼-75.56%,0,1,1,14,0.4,-,208,6.6
TXO,202606W4,20260624.0,42700.0,Call,-,-,-,-,5430,-,-,0,0,0,1,5310,-,3180,1150
TXO,202606W4,20260624.0,42700.0,Put,5.8,5.8,1.8,2,2,▼-25,▼-92.59%,7,18,25,30,0.8,2.5,1350,1.8
TXO,202606W4,20260624.0,42750.0,Call,-,-,-,-,5380,-,-,0,0,0,0,-,-,-,-
TXO,202606W4,20260624.0,42750.0,Put,-,-,-,-,2,-,-,1,0,1,12,1,-,151,29.5
TXO,202606W4,20260624.0,42800.0,Call,-,-,-,-,5330,-,-,0,0,0,0,-,5340,-,-
TXO,202606W4,20260624.0,42800.0,Put,20,20,2,2,2,▼-27.5,▼-93.22%,106,179,285,158,1,2.3,1380,2
TXO,202606W4,20260624.0,42850.0,Call,-,-,-,-,5280,-,-,0,0,0,0,-,5290,-,-
TXO,202606W4,20260624.0,42850.0,Put,26,26,2,2,2,▼-28,▼-93.33%,22,11,33,13,0.4,6.3,190,2
TXO,202606W4,20260624.0,42900.0,Call,-,-,-,-,5230,-,-,0,0,0,0,-,5240,-,-
TXO,202606W4,20260624.0,42900.0,Put,32,32,4.5,4.5,2.2,▼-27,▼-85.71%,11,31,42,37,1.7,2.7,925,4.5
TXO,202606W4,20260624.0,42950.0,Call,-,-,-,-,5180,-,-,0,0,0,0,-,-,-,-
TXO,202606W4,20260624.0,42950.0,Put,1.7,1.7,1.7,1.7,2.3,▼-31.8,▼-94.93%,2,2,4,6,0.3,-,177,1.7
TXO,202606W4,20260624.0,43000.0,Call,-,-,-,-,5130,-,-,1,0,1,3,-,5230,3810,1360
TXO,202606W4,20260624.0,43000.0,Put,30,30,2,2.4,2.4,▼-31.6,▼-92.94%,239,280,519,535,1.9,2.2,1350,2
TXO,202606W4,20260624.0,43050.0,Call,-,-,-,-,5080,-,-,0,0,0,0,-,-,-,-
TXO,202606W4,20260624.0,43050.0,Put,4,4.5,2.6,2.6,2.6,▼-31.9,▼-92.46%,46,15,61,29,0.3,30,680,2.6
TXO,202606W4,20260624.0,43100.0,Call,-,-,-,-,5030,-,-,0,0,0,0,-,5040,-,-
TXO,202606W4,20260624.0,43100.0,Put,9.1,9.1,3,3.2,2.6,▼-32.8,▼-91.11%,24,18,42,36,0.4,8.9,1750,3
TXO,202606W4,20260624.0,43150.0,Call,-,-,-,-,4980,-,-,0,0,0,0,4660,-,-,-
TXO,202606W4,20260624.0,43150.0,Put,8,8.9,7,7,2.7,▼-30.5,▼-81.33%,76,14,90,62,0.4,-,255,7
TXO,202606W4,20260624.0,43200.0,Call,-,-,-,-,4930,-,-,0,0,0,5,4610,-,1270,1050
TXO,202606W4,20260624.0,43200.0,Put,5.7,7,3.4,4.1,2.9,▼-34.9,▼-89.49%,13,20,33,61,0.4,10,1460,3.4
TXO,202606W4,20260624.0,43250.0,Call,-,-,-,-,4880,-,-,0,0,0,0,15,-,-,-
TXO,202606W4,20260624.0,43250.0,Put,3.6,4,3.6,4,3,▼-36.5,▼-90.12%,3,14,17,12,1.1,3.5,650,3.6
TXO,202606W4,20260624.0,43300.0,Call,-,-,-,-,4830,-,-,0,0,0,0,4510,-,-,-
TXO,202606W4,20260624.0,43300.0,Put,9.4,9.4,3.1,4.2,3.2,▼-37.8,▼-90.00%,30,27,57,25,3.1,4,1430,3.1
TXO,202606W4,20260624.0,43350.0,Call,-,-,-,-,4780,-,-,0,0,0,0,15,-,-,-
TXO,202606W4,20260624.0,43350.0,Put,8.7,8.7,8.7,8.7,3.4,▼-35.8,▼-80.45%,15,7,22,9,0.4,108,203,8.7
TXO,202606W4,20260624.0,43400.0,Call,-,-,-,-,4730,-,-,0,0,0,1,4610,-,1370,1370
TXO,202606W4,20260624.0,43400.0,Put,17,18.5,4,4.3,3.4,▼-41.7,▼-90.65%,57,40,97,46,1.2,3.5,835,4
TXO,202606W4,20260624.0,43450.0,Call,-,-,-,-,4680,-,-,0,0,0,0,-,-,-,-
TXO,202606W4,20260624.0,43450.0,Put,9.9,10.5,4,4.1,3.4,▼-43.4,▼-91.37%,0,42,42,27,3.1,4.2,80,4
TXO,202606W4,20260624.0,43500.0,Call,-,-,-,-,4630,-,-,0,0,0,6,4310,4730,1880,930
TXO,202606W4,20260624.0,43500.0,Put,25,25,3,4.5,3.7,▼-46.5,▼-91.18%,178,138,316,374,3,4.6,740,3
TXO,202606W4,20260624.0,43550.0,Call,-,-,-,-,4580,-,-,0,0,0,0,-,-,-,-
TXO,202606W4,20260624.0,43550.0,Put,11,11,3.5,3.5,4,▼-47.5,▼-93.14%,13,18,31,22,0.5,23,835,3.5
TXO,202606W4,20260624.0,43600.0,Call,-,-,-,-,4530,-,-,0,0,0,3,3000,4630,2500,880
TXO,202606W4,20260624.0,43600.0,Put,11,11,4.4,4.7,4.2,▼-46.3,▼-90.78%,17,67,84,74,0.5,4.8,1760,4.4
TXO,202606W4,20260624.0,43650.0,Call,-,-,-,-,4480,-,-,0,0,0,0,-,-,-,-
TXO,202606W4,20260624.0,43650.0,Put,10.5,11,5,5,4.4,▼-51,▼-91.07%,13,49,62,62,0.5,9.5,1510,5
TXO,202606W4,20260624.0,43700.0,Call,-,-,-,-,4430,-,-,0,0,0,2,4100,4440,1300,1300
TXO,202606W4,20260624.0,43700.0,Put,10.5,12,4.7,4.7,4.7,▼-52.3,▼-91.75%,9,22,31,31,0.6,5.2,890,4.7
TXO,202606W4,20260624.0,43750.0,Call,-,-,-,-,4380,-,-,0,0,0,2,-,4480,1160,850
TXO,202606W4,20260624.0,43750.0,Put,12,12.5,4.2,4.2,4.7,▼-55.8,▼-93.00%,2,80,82,37,3.8,50,282,4.2
TXO,202606W4,20260624.0,43800.0,Call,-,-,-,-,4330,-,-,0,0,0,0,-,4340,2200,2070
TXO,202606W4,20260624.0,43800.0,Put,13,14.5,6,6,4.8,▼-56,▼-90.32%,70,229,299,173,3.2,6,1160,6
TXO,202606W4,20260624.0,43850.0,Call,-,-,-,-,4280,-,-,0,0,0,1,-,4380,2230,2230
TXO,202606W4,20260624.0,43850.0,Put,13.5,13.5,6.8,6.8,4.9,▼-58.2,▼-89.54%,4,4,8,10,0.6,107,406,6.8
TXO,202606W4,20260624.0,43900.0,Call,-,-,-,-,4230,-,-,0,0,0,0,3900,-,-,-
TXO,202606W4,20260624.0,43900.0,Put,16.5,16.5,5.5,5.5,5,▼-62.5,▼-91.91%,15,149,164,138,3.5,7.1,372,5.5
TXO,202606W4,20260624.0,43950.0,Call,-,-,-,-,4180,-,-,0,0,0,3,3850,4280,1960,870
TXO,202606W4,20260624.0,43950.0,Put,19.5,21,5,5.3,5.3,▼-64.7,▼-92.43%,52,101,153,75,4.9,5.5,1110,5
TXO,202606W4,20260624.0,44000.0,Call,-,-,-,-,4130,-,-,0,0,0,2,3810,4230,2700,1070
TXO,202606W4,20260624.0,44000.0,Put,21,21,5.3,5.3,5.3,▼-70.7,▼-93.03%,425,914,1339,1022,5,5.3,1130,5.3
TXO,202606W4,20260624.0,44050.0,Call,-,-,-,-,4080,-,-,0,0,0,0,3750,-,-,-
TXO,202606W4,20260624.0,44050.0,Put,13,13,13,13,6.1,▼-67,▼-83.75%,7,5,12,12,3.7,-,1300,13
TXO,202606W4,20260624.0,44100.0,Call,-,-,-,-,4030,-,-,0,0,0,1,3700,-,1020,1020
TXO,202606W4,20260624.0,44100.0,Put,57,57,6,6.1,6.1,▼-76.9,▼-92.65%,13,107,120,90,3.9,6.3,1160,6
TXO,202606W4,20260624.0,44150.0,Call,-,-,-,-,3980,-,-,0,0,0,0,3660,-,-,-
TXO,202606W4,20260624.0,44150.0,Put,13.5,13.5,13.5,13.5,6.5,▼-69.5,▼-83.73%,10,5,15,10,0.7,114,1030,13.5
TXO,202606W4,20260624.0,44200.0,Call,-,-,-,-,3930,-,-,0,0,0,0,3610,-,2250,960
TXO,202606W4,20260624.0,44200.0,Put,23,24,7.2,7.2,7.2,▼-83.8,▼-92.09%,36,454,490,280,6.1,7.4,1190,7.2
TXO,202606W4,20260624.0,44250.0,Call,-,-,-,-,3880,-,-,1,0,1,1,3560,-,2620,2620
TXO,202606W4,20260624.0,44250.0,Put,15,15,15,15,7.2,▼-76,▼-83.52%,12,5,17,8,0.7,-,458,15
TXO,202606W4,20260624.0,44300.0,Call,-,-,-,-,3830,-,-,0,0,0,4,19.5,3930,2200,1610
TXO,202606W4,20260624.0,44300.0,Put,20,20,6.3,6.3,7.3,▼-90.7,▼-93.51%,13,46,59,49,2,9.4,1180,6.3
TXO,202606W4,20260624.0,44350.0,Call,-,-,-,-,3780,-,-,1,0,1,1,3470,-,2520,2520
TXO,202606W4,20260624.0,44350.0,Put,23.5,23.5,9.1,9.1,7.8,▼-92.9,▼-91.08%,41,77,118,58,0.8,10.5,240,9.1
TXO,202606W4,20260624.0,44400.0,Call,-,-,-,-,3730,-,-,0,0,0,0,3420,-,-,-
TXO,202606W4,20260624.0,44400.0,Put,23,25,9,9.1,7.8,▼-92.9,▼-91.08%,73,133,206,130,7,9.7,1390,9
TXO,202606W4,20260624.0,44450.0,Call,-,-,-,-,3680,-,-,0,0,0,0,-,-,-,-
TXO,202606W4,20260624.0,44450.0,Put,19.5,19.5,8.7,8.7,8.7,▼-98.3,▼-91.87%,30,22,52,33,3.4,4750,460,8.7
TXO,202606W4,20260624.0,44500.0,Call,-,-,-,-,3640,-,-,0,0,0,2,-,3730,1780,1780
TXO,202606W4,20260624.0,44500.0,Put,70,70,9.2,9.2,8.8,▼-101.8,▼-91.71%,103,244,347,192,7,9.5,585,9.2
TXO,202606W4,20260624.0,44550.0,Call,-,-,-,-,3590,-,-,0,0,0,0,-,-,-,-
TXO,202606W4,20260624.0,44550.0,Put,20.5,20.5,11,11,8.9,▼-106,▼-90.60%,5,22,27,15,2.9,12,445,11
TXO,202606W4,20260624.0,44600.0,Call,-,-,-,-,3540,-,-,0,0,0,1,3220,-,1810,750
TXO,202606W4,20260624.0,44600.0,Put,31,31,10,10,9.3,▼-114,▼-91.94%,28,93,121,120,8.4,10,1210,10
TXO,202606W4,20260624.0,44650.0,Call,-,-,-,-,3490,-,-,1,0,1,1,3170,3580,2590,550
TXO,202606W4,20260624.0,44650.0,Put,23,23,9.7,9.7,9.7,▼-117.3,▼-92.36%,1,48,49,46,1.8,10.5,332,9.7
TXO,202606W4,20260624.0,44700.0,Call,-,-,-,-,3440,-,-,0,0,0,0,3120,-,-,-
TXO,202606W4,20260624.0,44700.0,Put,32.5,33.5,11,11,10.5,▼-127,▼-92.03%,39,95,134,64,10,11,491,11
TXO,202606W4,20260624.0,44750.0,Call,-,-,-,-,3390,-,-,0,0,0,0,-,-,-,-
TXO,202606W4,20260624.0,44750.0,Put,3.1,34.5,3.1,10.5,10.5,▼-127.5,▼-92.39%,42,78,120,53,9.7,190,600,3.1
TXO,202606W4,20260624.0,44800.0,Call,-,-,-,-,3340,-,-,1,0,1,1,3020,3440,2000,450
TXO,202606W4,20260624.0,44800.0,Put,4,38.5,4,12,11,▼-133,▼-91.72%,94,177,271,150,9.9,12,680,4
TXO,202606W4,20260624.0,44850.0,Call,-,-,-,-,3290,-,-,0,0,0,0,-,-,-,-
TXO,202606W4,20260624.0,44850.0,Put,31.5,31.5,16,17,11.5,▼-133,▼-88.67%,7,53,60,32,8,15,640,16
TXO,202606W4,20260624.0,44900.0,Call,-,-,-,-,3240,-,-,0,0,0,0,-,3240,1520,545
TXO,202606W4,20260624.0,44900.0,Put,50,50,13.5,13.5,12.5,▼-144.5,▼-91.46%,29,139,168,91,12.5,14,645,13.5
TXO,202606W4,20260624.0,44950.0,Call,-,-,-,-,3190,-,-,0,0,0,0,3160,3200,-,-
TXO,202606W4,20260624.0,44950.0,Put,55,55,13,13,13,▼-151,▼-92.07%,3,75,78,36,13,13.5,580,13
TXO,202606W4,20260624.0,45000.0,Call,-,-,-,-,3140,-,-,0,0,0,6,3110,3150,1730,350
TXO,202606W4,20260624.0,45000.0,Put,62,62,13,15,14,▼-160,▼-91.43%,380,1234,1614,949,14,14.5,700,13
TXO,202606W4,20260624.0,45050.0,Call,-,-,-,-,3090,-,-,0,0,0,5,2760,3190,790,790
TXO,202606W4,20260624.0,45050.0,Put,65,65,17.5,21,14.5,▼-157,▼-88.20%,18,42,60,32,14.5,15.5,645,17.5
TXO,202606W4,20260624.0,45100.0,Call,-,-,-,-,3040,-,-,1,0,1,22,2720,-,1850,640
TXO,202606W4,20260624.0,45100.0,Put,68,68,16.5,16.5,14.5,▼-170.5,▼-91.18%,44,317,361,224,11.5,16,725,16.5
TXO,202606W4,20260624.0,45150.0,Call,-,-,-,-,2990,-,-,0,0,0,0,2660,-,-,-
TXO,202606W4,20260624.0,45150.0,Put,40,40,19,21,16,▼-174,▼-89.23%,1,17,18,16,16,20,630,19
TXO,202606W4,20260624.0,45200.0,Call,-,-,-,-,2940,-,-,1,0,1,7,2490,-,1770,670
TXO,202606W4,20260624.0,45200.0,Put,110,110,17,17,17,▼-187,▼-91.67%,36,333,369,223,17,17.5,735,17
TXO,202606W4,20260624.0,45250.0,Call,-,-,-,-,2890,-,-,0,0,0,0,-,2900,-,-
TXO,202606W4,20260624.0,45250.0,Put,33,33,19,19,17.5,▼-192,▼-91.00%,2,16,18,12,17.5,18.5,765,19
TXO,202606W4,20260624.0,45300.0,Call,-,-,-,-,2840,-,-,1,0,1,4,2530,-,1690,800
TXO,202606W4,20260624.0,45300.0,Put,66,66,15,19,18,▼-202,▼-91.40%,77,332,409,232,18,19,840,15
TXO,202606W4,20260624.0,45350.0,Call,-,-,-,-,2800,-,-,0,0,0,0,-,2800,-,-
TXO,202606W4,20260624.0,45350.0,Put,53,53,19.5,19.5,19.5,▼-210.5,▼-91.52%,9,46,55,22,19.5,500,600,19.5
TXO,202606W4,20260624.0,45400.0,Call,-,-,-,-,2750,-,-,1,0,1,11,2550,-,1600,341
TXO,202606W4,20260624.0,45400.0,Put,71,78,20.5,20.5,20.5,▼-220.5,▼-91.49%,45,308,353,154,20,21,855,20.5
TXO,202606W4,20260624.0,45450.0,Call,2210,2210,2210,2210,2700,▲+750,▲+51.37%,0,1,1,0,2520,-,2210,1010
TXO,202606W4,20260624.0,45450.0,Put,155,155,21.5,21.5,21.5,▼-234.5,▼-91.60%,4,172,176,92,15,-,860,21.5
TXO,202606W4,20260624.0,45500.0,Call,2250,2600,2250,2570,2650,▲+1150,▲+80.99%,14,4,18,24,2540,2790,2600,620
TXO,202606W4,20260624.0,45500.0,Put,90,90,22.5,24,24,▼-238,▼-90.84%,96,930,1026,331,23.5,31,970,22.5
TXO,202606W4,20260624.0,45550.0,Call,-,-,-,-,2600,-,-,1,0,1,4,2440,2700,1890,725
TXO,202606W4,20260624.0,45550.0,Put,56,64,24,25,25,▼-247,▼-90.81%,13,129,142,70,24,25.5,785,24
TXO,202606W4,20260624.0,45600.0,Call,-,-,-,-,2550,-,-,0,0,0,307,2360,2670,1290,645
TXO,202606W4,20260624.0,45600.0,Put,84,89,26,26,26,▼-256,▼-90.78%,50,641,691,244,26,27,920,26
TXO,202606W4,20260624.0,45650.0,Call,-,-,-,-,2500,-,-,1,0,1,36,2330,2510,1400,820
TXO,202606W4,20260624.0,45650.0,Put,83,83,28.5,28.5,28.5,▼-267.5,▼-90.37%,4,87,91,77,27,40,1000,28.5
TXO,202606W4,20260624.0,45700.0,Call,-,-,-,-,2450,-,-,3,0,3,11,2290,2500,1430,625
TXO,202606W4,20260624.0,45700.0,Put,48.5,97,28,29.5,29.5,▼-277.5,▼-90.39%,56,369,425,160,28,31,960,28
TXO,202606W4,20260624.0,45750.0,Call,-,-,-,-,2410,-,-,0,0,0,28,2240,-,1090,675
TXO,202606W4,20260624.0,45750.0,Put,112,112,31,31,31,▼-291,▼-90.37%,2,124,126,79,18,199,875,31
TXO,202606W4,20260624.0,45800.0,Call,1910,2050,1910,2050,2360,▲+860,▲+72.27%,8,3,11,32,2200,-,2050,580
TXO,202606W4,20260624.0,45800.0,Put,107,107,31.5,32.5,32.5,▼-302.5,▼-90.30%,103,481,584,232,31.5,41,1010,31.5
TXO,202606W4,20260624.0,45850.0,Call,1920,2120,1920,2040,2310,▲+890,▲+77.39%,1,5,6,14,2230,2370,2120,545
TXO,202606W4,20260624.0,45850.0,Put,85,90,34.5,34.5,34.5,▼-313.5,▼-90.09%,35,64,99,45,29.5,75,860,34.5
TXO,202606W4,20260624.0,45900.0,Call,1670,1670,1670,1670,2260,▲+550,▲+49.11%,2,1,3,16,2080,-,1670,220
TXO,202606W4,20260624.0,45900.0,Put,147,147,35,35,35,▼-332,▼-90.46%,55,278,333,112,35,37,1150,35
TXO,202606W4,20260624.0,45950.0,Call,-,-,-,-,2210,-,-,0,0,0,19,2050,2300,1000,560
TXO,202606W4,20260624.0,45950.0,Put,129,129,40,40,37.5,▼-335,▼-89.33%,73,279,352,58,37.5,42,1160,40
TXO,202606W4,20260624.0,46000.0,Call,1600,2060,1600,2060,2160,▲+1010,▲+96.19%,16,14,30,61,2010,2420,2060,180
TXO,202606W4,20260624.0,46000.0,Put,140,210,39,41,39,▼-351,▼-89.54%,387,1455,1842,732,39,41.5,2720,39
TXO,202606W4,20260624.0,46050.0,Call,1780,1800,1780,1800,2120,▲+790,▲+78.22%,0,2,2,7,1930,-,1800,690
TXO,202606W4,20260624.0,46050.0,Put,118,134,42.5,43,41.5,▼-365,▼-89.46%,0,210,210,69,41.5,43,770,42.5
TXO,202606W4,20260624.0,46100.0,Call,1680,1990,1680,1990,2070,▲+1010,▲+103.06%,6,6,12,15,1930,-,1990,318
TXO,202606W4,20260624.0,46100.0,Put,158,158,44,45.5,44,▼-378.5,▼-89.27%,26,253,279,128,44,46.5,1490,44
TXO,202606W4,20260624.0,46150.0,Call,1300,1830,1300,1830,2020,▲+880,▲+92.63%,6,3,9,13,1890,2120,1830,570
TXO,202606W4,20260624.0,46150.0,Put,196,196,46,46,46,▼-392,▼-89.50%,4,191,195,69,47,49.5,1020,46
TXO,202606W4,20260624.0,46200.0,Call,1580,1600,1580,1600,1970,▲+690,▲+75.82%,10,5,15,21,1820,1980,1600,206
TXO,202606W4,20260624.0,46200.0,Put,160,163,48,52,52,▼-406,▼-88.65%,44,738,782,442,50,63,975,48
TXO,202606W4,20260624.0,46250.0,Call,-,-,-,-,1930,-,-,2,0,2,8,1770,2020,960,630
TXO,202606W4,20260624.0,46250.0,Put,171,171,52,54,54,▼-422,▼-88.66%,13,244,257,144,52,55,1090,52
TXO,202606W4,20260624.0,46300.0,Call,1520,1690,1520,1670,1880,▲+825,▲+97.63%,34,7,41,29,1740,-,1690,320
TXO,202606W4,20260624.0,46300.0,Put,173,175,55,57,57,▼-435,▼-88.41%,27,404,431,193,57,59,1120,55
TXO,202606W4,20260624.0,46350.0,Call,-,-,-,-,1830,-,-,5,0,5,7,1670,1970,1050,605
TXO,202606W4,20260624.0,46350.0,Put,101,128,60,63,57,▼-447,▼-87.65%,10,212,222,125,55,79,850,60
TXO,202606W4,20260624.0,46400.0,Call,1240,1600,1200,1600,1790,▲+815,▲+103.82%,37,6,43,43,1540,1800,1600,265
TXO,202606W4,20260624.0,46400.0,Put,226,226,61,64,64,▼-471,▼-88.04%,149,521,670,200,63,66,1410,61
TXO,202606W4,20260624.0,46450.0,Call,1050,1180,1050,1180,1740,▲+420,▲+55.26%,9,3,12,12,1600,-,1180,366
TXO,202606W4,20260624.0,46450.0,Put,222,222,65,65,65,▼-490,▼-88.29%,29,293,322,143,66,71,860,65
TXO,202606W4,20260624.0,46500.0,Call,1050,1680,1050,1680,1700,▲+950,▲+130.14%,120,66,186,98,1640,1710,1680,285
TXO,202606W4,20260624.0,46500.0,Put,266,266,69,72,72,▼-508,▼-87.59%,124,923,1047,391,71,73,1460,69
TXO,202606W4,20260624.0,46550.0,Call,1080,1600,1080,1600,1650,▲+900,▲+128.57%,16,7,23,8,1570,1710,1600,360
TXO,202606W4,20260624.0,46550.0,Put,246,246,77,78,78,▼-517,▼-86.89%,9,218,227,72,75,97,830,77
TXO,202606W4,20260624.0,46600.0,Call,960,1420,960,1380,1600,▲+710,▲+105.97%,30,46,76,30,1580,-,1420,200
TXO,202606W4,20260624.0,46600.0,Put,240,240,80,80,80,▼-535,▼-86.99%,15,686,701,330,80,101,1010,80
TXO,202606W4,20260624.0,46650.0,Call,1220,1370,1220,1370,1560,▲+730,▲+114.06%,13,3,16,7,1450,1600,1370,458
TXO,202606W4,20260624.0,46650.0,Put,202,211,86,87,87,▼-548,▼-86.30%,33,393,426,248,84,89,640,86
TXO,202606W4,20260624.0,46700.0,Call,1000,1450,890,1450,1520,▲+840,▲+137.70%,69,14,83,18,1490,1520,1450,288
TXO,202606W4,20260624.0,46700.0,Put,240,265,90,91,91,▼-564,▼-86.11%,162,442,604,207,78,95,1360,90
TXO,202606W4,20260624.0,46750.0,Call,1360,1380,1360,1380,1470,▲+795,▲+135.90%,8,2,10,9,1240,1570,1380,442
TXO,202606W4,20260624.0,46750.0,Put,228,228,94,97,97,▼-583,▼-85.74%,10,232,242,163,95,99,750,94
TXO,202606W4,20260624.0,46800.0,Call,1170,1370,990,1340,1430,▲+780,▲+139.29%,80,61,141,73,1400,1440,1370,200
TXO,202606W4,20260624.0,46800.0,Put,330,590,100,105,105,▼-600,▼-85.11%,50,530,580,239,102,132,695,100
TXO,202606W4,20260624.0,46850.0,Call,47,1210,47,1210,1380,▲+675,▲+126.17%,51,6,57,29,1200,1440,1210,47
TXO,202606W4,20260624.0,46850.0,Put,36,300,36,114,107,▼-616,▼-84.38%,12,80,92,36,90,600,715,36
TXO,202606W4,20260624.0,46900.0,Call,755,1240,755,1240,1340,▲+725,▲+140.78%,81,27,108,26,995,1350,1240,180
TXO,202606W4,20260624.0,46900.0,Put,335,335,115,117,117,▼-638,▼-84.50%,74,226,300,94,116,122,725,115
TXO,202606W4,20260624.0,46950.0,Call,915,1130,915,1130,1300,▲+642,▲+131.56%,13,5,18,7,1110,1430,1130,398
TXO,202606W4,20260624.0,46950.0,Put,347,347,133,133,124,▼-652,▼-83.06%,20,171,191,77,124,158,610,133
TXO,202606W4,20260624.0,47000.0,Call,560,1270,560,1270,1260,▲+804,▲+172.53%,155,103,258,161,1230,1260,1270,112
TXO,202606W4,20260624.0,47000.0,Put,220,376,129,134,134,▼-681,▼-83.56%,138,1427,1565,615,129,134,1700,129
TXO,202606W4,20260624.0,47050.0,Call,680,1000,680,1000,1220,▲+555,▲+124.72%,9,6,15,4,1130,1260,1000,353
TXO,202606W4,20260624.0,47050.0,Put,355,358,140,140,140,▼-700,▼-83.33%,23,118,141,43,139,168,610,140
TXO,202606W4,20260624.0,47100.0,Call,655,1190,655,1190,1170,▲+766,▲+180.66%,63,52,115,68,1150,1220,1190,174
TXO,202606W4,20260624.0,47100.0,Put,344,389,149,149,149,▼-721,▼-82.87%,9,190,199,92,148,164,1630,149
TXO,202606W4,20260624.0,47150.0,Call,600,755,600,755,1130,▲+352,▲+87.34%,7,5,12,4,1100,1140,755,335
TXO,202606W4,20260624.0,47150.0,Put,280,280,165,165,157,▼-735,▼-81.67%,1,40,41,30,115,550,615,165
TXO,202606W4,20260624.0,47200.0,Call,545,1100,545,1100,1090,▲+716,▲+186.46%,43,72,115,67,1060,1410,1100,165
TXO,202606W4,20260624.0,47200.0,Put,408,427,166,169,169,▼-761,▼-81.83%,83,547,630,228,166,171,850,166
TXO,202606W4,20260624.0,47250.0,Call,660,990,660,990,1050,▲+625,▲+171.23%,6,2,8,4,1030,1060,990,252
TXO,202606W4,20260624.0,47250.0,Put,305,330,180,180,180,▼-780,▼-81.25%,0,405,405,355,160,204,985,180
TXO,202606W4,20260624.0,47300.0,Call,494,870,494,870,1020,▲+520,▲+148.57%,50,28,78,44,885,1080,870,133
TXO,202606W4,20260624.0,47300.0,Put,472,472,189,192,192,▼-798,▼-80.61%,4,326,330,125,190,222,725,189
TXO,202606W4,20260624.0,47350.0,Call,620,620,620,620,975,▲+293,▲+89.60%,0,1,1,1,825,1070,620,620
TXO,202606W4,20260624.0,47350.0,Put,400,400,199,199,199,▼-821,▼-80.49%,0,41,41,34,178,208,400,199
TXO,202606W4,20260624.0,47400.0,Call,510,865,510,865,940,▲+553,▲+177.24%,56,75,131,82,855,1030,865,85
TXO,202606W4,20260624.0,47400.0,Put,555,570,210,216,216,▼-844,▼-79.62%,18,251,269,99,216,229,800,210
TXO,202606W4,20260624.0,47450.0,Call,-,-,-,-,905,-,-,0,0,0,0,880,960,-,-
TXO,202606W4,20260624.0,47450.0,Put,500,500,225,225,225,▼-865,▼-79.36%,0,50,50,25,226,285,500,225
TXO,202606W4,20260624.0,47500.0,Call,400,995,400,880,865,▲+600,▲+214.29%,223,360,583,218,825,875,995,108
TXO,202606W4,20260624.0,47500.0,Put,580,580,235,243,243,▼-887,▼-78.50%,1,585,586,196,242,249,1940,235
TXO,202606W4,20260624.0,47550.0,Call,535,650,510,650,830,▲+386,▲+146.21%,0,9,9,5,685,-,650,510
TXO,202606W4,20260624.0,47550.0,Put,359,359,254,254,254,▼-906,▼-78.10%,0,64,64,38,15.5,331,359,254
TXO,202606W4,20260624.0,47600.0,Call,461,780,428,780,800,▲+529,▲+210.76%,64,151,215,111,655,-,780,100
TXO,202606W4,20260624.0,47600.0,Put,665,665,268,273,273,▼-927,▼-77.25%,0,445,445,210,263,278,1760,268
TXO,202606W4,20260624.0,47650.0,Call,420,705,410,705,765,▲+473,▲+203.88%,0,20,20,11,740,860,705,410
TXO,202606W4,20260624.0,47650.0,Put,640,640,290,290,290,▼-940,▼-76.42%,0,142,142,115,273,499,640,290
TXO,202606W4,20260624.0,47700.0,Call,400,730,380,730,730,▲+510,▲+231.82%,31,165,196,92,705,780,730,148
TXO,202606W4,20260624.0,47700.0,Put,488,505,299,308,302,▼-962,▼-75.75%,0,198,198,97,300,311,505,299
TXO,202606W4,20260624.0,47750.0,Call,500,700,500,700,700,▲+493,▲+238.16%,0,45,45,18,590,790,700,500
TXO,202606W4,20260624.0,47750.0,Put,447,500,320,325,325,▼-975,▼-75.00%,0,180,180,80,235,329,500,320
TXO,202606W4,20260624.0,47800.0,Call,290,650,290,650,665,▲+454,▲+231.63%,107,484,591,281,595,670,650,70
TXO,202606W4,20260624.0,47800.0,Put,595,605,338,345,338,▼-995,▼-74.25%,1,558,559,285,335,341,1370,338
TXO,202606W4,20260624.0,47850.0,Call,338,600,338,600,635,▲+414,▲+222.58%,0,50,50,25,600,-,600,338
TXO,202606W4,20260624.0,47850.0,Put,458,505,350,350,358,▼-1020,▼-74.45%,0,21,21,18,353,366,505,350
TXO,202606W4,20260624.0,47900.0,Call,272,605,272,590,605,▲+414,▲+235.23%,66,194,260,67,570,685,605,75
TXO,202606W4,20260624.0,47900.0,Put,580,580,369,385,378,▼-1035,▼-72.89%,0,207,207,102,361,498,580,369
TXO,202606W4,20260624.0,48000.0,Call,200,550,200,525,540,▲+370,▲+238.71%,338,1708,2046,615,515,540,550,55
TXO,202606W4,20260624.0,48000.0,Put,850,860,408,420,420,▼-1080,▼-72.00%,3,514,517,281,416,430,1390,408
TXO,202606W4,20260624.0,48100.0,Call,225,492,225,479,482,▲+342,▲+249.64%,72,269,341,100,480,482,492,64
TXO,202606W4,20260624.0,48100.0,Put,675,865,455,455,455,▼-1125,▼-71.20%,2,80,82,44,455,480,1510,455
TXO,202606W4,20260624.0,48200.0,Call,151,444,132,435,435,▲+314,▲+259.50%,64,513,577,159,398,436,444,58
TXO,202606W4,20260624.0,48200.0,Put,840,840,535,535,510,▼-1125,▼-67.77%,2,32,34,20,510,580,1790,535
TXO,202606W4,20260624.0,48300.0,Call,146,392,146,377,385,▲+272,▲+259.05%,77,576,653,156,376,385,392,48
TXO,202606W4,20260624.0,48300.0,Put,735,750,585,585,560,▼-1165,▼-66.57%,1,27,28,8,550,695,1630,585
TXO,202606W4,20260624.0,48400.0,Call,94,350,60,341,341,▲+249,▲+270.65%,314,540,854,306,335,347,350,46
TXO,202606W4,20260624.0,48400.0,Put,980,1030,650,650,615,▼-1190,▼-64.67%,1,24,25,11,452,-,1750,650
TXO,202606W4,20260624.0,48500.0,Call,100,310,88,300,300,▲+222,▲+284.62%,137,907,1044,390,296,309,310,34
TXO,202606W4,20260624.0,48500.0,Put,830,935,680,680,670,▼-1250,▼-64.77%,1,85,86,54,605,1000,1840,680
TXO,202606W4,20260624.0,48600.0,Call,107,271,74,261,261,▲+187,▲+252.70%,165,629,794,172,243,263,271,37.5
TXO,202606W4,20260624.0,48600.0,Put,950,1030,745,745,735,▼-1265,▼-62.94%,0,47,47,39,645,760,1030,745
TXO,202606W4,20260624.0,48700.0,Call,70,235,70,225,225,▲+165,▲+275.00%,71,430,501,181,212,283,235,33.5
TXO,202606W4,20260624.0,48700.0,Put,980,1040,890,890,800,▼-1210,▼-57.62%,0,5,5,2,795,825,1040,890
TXO,202606W4,20260624.0,48800.0,Call,51,220,50,195,195,▲+145,▲+290.00%,113,985,1098,291,179,196,220,26
TXO,202606W4,20260624.0,48800.0,Put,1090,1090,925,925,870,▼-1275,▼-57.95%,0,7,7,7,865,1210,1090,925
TXO,202606W4,20260624.0,48900.0,Call,43.5,174,33,170,170,▲+126.5,▲+290.80%,71,562,633,183,150,169,174,20
TXO,202606W4,20260624.0,48900.0,Put,-,-,-,-,945,-,-,0,0,0,0,710,-,-,-
TXO,202606W4,20260624.0,49000.0,Call,38,152,11,141,141,▲+103,▲+271.05%,197,1601,1798,652,142,145,152,11
TXO,202606W4,20260624.0,49000.0,Put,-,-,-,-,1020,-,-,0,0,0,0,1010,1050,-,-
TXO,202606W4,20260624.0,49100.0,Call,26,125,26,121,121,▲+89,▲+278.13%,55,563,618,277,116,122,132,19
TXO,202606W4,20260624.0,49100.0,Put,-,-,-,-,1100,-,-,0,0,0,0,1010,1120,-,-
TXO,202606W4,20260624.0,49200.0,Call,56,105,22,99,99,▲+69.5,▲+235.59%,198,868,1066,442,99,102,122,15
TXO,202606W4,20260624.0,49200.0,Put,-,-,-,-,1180,-,-,0,0,0,0,1010,-,-,-
TXO,202606W4,20260624.0,49300.0,Call,22.5,88,19,84,84,▲+61,▲+265.22%,37,613,650,309,80,83,88,12.5
TXO,202606W4,20260624.0,49300.0,Put,-,-,-,-,1260,-,-,0,0,0,0,1000,1290,-,-
TXO,202606W4,20260624.0,49400.0,Call,20,73,19.5,68,68,▲+49,▲+257.89%,49,649,698,215,60,71,73,11
TXO,202606W4,20260624.0,49400.0,Put,-,-,-,-,1340,-,-,0,0,0,0,1030,1380,-,-
TXO,202606W4,20260624.0,49500.0,Call,12,59,12,55,55,▲+41,▲+292.86%,65,1051,1116,358,52,56,80,9
TXO,202606W4,20260624.0,49500.0,Put,-,-,-,-,1430,-,-,0,0,0,0,1140,-,-,-
TXO,202606W4,20260624.0,49600.0,Call,29.5,49.5,12,44,44,▲+31.5,▲+252.00%,31,454,485,224,43,50,49.5,8
TXO,202606W4,20260624.0,49600.0,Put,-,-,-,-,1520,-,-,0,0,0,0,1210,1550,-,-
TXO,202606W4,20260624.0,49700.0,Call,8.1,40,8.1,37.5,37.5,▲+27.8,▲+286.60%,147,400,547,222,35,37.5,40,8.1
TXO,202606W4,20260624.0,49700.0,Put,-,-,-,-,1610,-,-,0,0,0,0,15.5,1640,-,-
TXO,202606W4,20260624.0,49800.0,Call,22.5,32.5,8,28,28,▲+20.2,▲+258.97%,59,587,646,523,27,30,48,6
TXO,202606W4,20260624.0,49800.0,Put,1970,1970,1970,1970,1700,▼-1180,▼-37.46%,0,1,1,1,1600,1730,1970,1970
TXO,202606W4,20260624.0,49900.0,Call,5.4,26.5,2.2,22.5,22.5,▲+16.3,▲+262.90%,137,755,892,558,19.5,24.5,51,2.2
TXO,202606W4,20260624.0,49900.0,Put,-,-,-,-,1790,-,-,0,0,0,0,1490,-,-,-
TXO,202606W4,20260624.0,50000.0,Call,6,19.5,6,15.5,15.5,▲+9.4,▲+154.10%,276,1192,1468,961,14,15,49,3.2
TXO,202606W4,20260624.0,50000.0,Put,-,-,-,-,1890,-,-,0,0,0,0,1710,1920,-,-
TXO,202606W4,20260624.0,50100.0,Call,6.7,13.5,3,13.5,13.5,▲+9.9,▲+275.00%,0,69,69,42,10,14,13.5,3
TXO,202606W4,20260624.0,50100.0,Put,-,-,-,-,1990,-,-,0,0,0,0,1800,2020,-,-
TXO,202606W4,20260624.0,50200.0,Call,4.1,9.9,1.6,6.5,6.5,▲+3.9,▲+150.00%,2,66,68,50,5.2,9.5,13,1.6
TXO,202606W4,20260624.0,50200.0,Put,-,-,-,-,2080,-,-,0,0,0,0,1790,-,-,-
TXO,202606W4,20260624.0,50300.0,Call,1.1,5.1,1.1,4,4,▲+2.2,▲+122.22%,23,246,269,249,4,5,11,1.1
TXO,202606W4,20260624.0,50300.0,Put,-,-,-,-,2180,-,-,0,0,0,0,1950,2210,-,-
TXO,202606W4,20260624.0,50400.0,Call,0.9,4,0.9,4,4,▲+2.6,▲+185.71%,204,2585,2789,5632,3.5,4,8.7,0.9
TXO,202606W4,20260624.0,50400.0,Put,-,-,-,-,2280,-,-,0,0,0,0,2040,2310,-,-
TXO,202606W4,20260624.0,50500.0,Call,1,3.1,0.9,2,2,▲+1,▲+100.00%,977,1858,2835,3868,1.6,2,5,0.7
TXO,202606W4,20260624.0,50500.0,Put,-,-,-,-,2370,-,-,0,0,0,0,2200,2410,-,-
TXO,202606W4,20260624.0,50600.0,Call,3.4,3.4,2.9,2.9,1.9,▲+2.2,▲+314.29%,0,5,5,5,1.2,3,3.4,2.9
TXO,202606W4,20260624.0,50600.0,Put,-,-,-,-,2470,-,-,0,0,0,0,2290,2510,-,-
TXO,202606W4,20260624.0,50700.0,Call,-,-,-,-,1.9,-,-,0,0,0,0,0.3,39,-,-
TXO,202606W4,20260624.0,50700.0,Put,-,-,-,-,2570,-,-,0,0,0,0,2570,2610,-,-
TXO,202606W4,20260624.0,50800.0,Call,-,-,-,-,1.8,-,-,0,0,0,0,-,39,-,-
TXO,202606W4,20260624.0,50800.0,Put,-,-,-,-,2670,-,-,0,0,0,0,2670,2710,-,-
TXO,202606W4,20260624.0,50900.0,Call,-,-,-,-,1.8,-,-,0,0,0,0,-,39,-,-
TXO,202606W4,20260624.0,50900.0,Put,-,-,-,-,2770,-,-,0,0,0,0,2770,2810,-,-
TXO,202606W4,20260624.0,51000.0,Call,1,1,0.4,0.9,1.8,▲+0.6,▲+200.00%,0,120,120,120,-,1,1,0.4
TXO,202606W4,20260624.0,51000.0,Put,-,-,-,-,2870,-,-,0,0,0,0,15,-,-,-
TXO,202606W4,20260624.0,51100.0,Call,-,-,-,-,1.8,-,-,0,0,0,0,-,34,-,-
TXO,202606W4,20260624.0,51100.0,Put,-,-,-,-,2970,-,-,0,0,0,0,2680,-,-,-
TXO,202606W4,20260624.0,51200.0,Call,-,-,-,-,1.8,-,-,0,0,0,0,0.1,9.2,-,-
TXO,202606W4,20260624.0,51200.0,Put,-,-,-,-,3070,-,-,0,0,0,0,3070,3110,-,-
TXO,202606F4,20260626.0,38800.0,Call,-,-,-,-,9380,-,-,0,0,0,0,-,-,-,-
TXO,202606F4,20260626.0,38800.0,Put,3,3.3,2.3,2.3,0.9,▼-2,▼-46.51%,6,26,32,210,2,25,166,2.3
TXO,202606F4,20260626.0,38900.0,Call,-,-,-,-,9280,-,-,0,0,0,0,-,-,-,-
TXO,202606F4,20260626.0,38900.0,Put,0.3,7,0.3,0.6,1,▼-4.2,▼-87.50%,0,59,59,59,0.3,8,154,0.3
TXO,202606F4,20260626.0,39000.0,Call,-,-,-,-,9180,-,-,0,0,0,0,-,-,-,-
TXO,202606F4,20260626.0,39000.0,Put,3.1,3.3,0.4,0.5,1.1,▼-4.9,▼-90.74%,6,34,40,62,0.1,300,150,0.4
TXO,202606F4,20260626.0,39100.0,Call,-,-,-,-,9080,-,-,0,0,0,0,-,-,-,-
TXO,202606F4,20260626.0,39100.0,Put,-,-,-,-,1.3,-,-,0,0,0,20,0.1,-,56,7.6
TXO,202606F4,20260626.0,39200.0,Call,-,-,-,-,8980,-,-,0,0,0,0,-,-,-,-
TXO,202606F4,20260626.0,39200.0,Put,-,-,-,-,1.4,-,-,0,0,0,20,0.1,104,18,18
TXO,202606F4,20260626.0,39300.0,Call,-,-,-,-,8880,-,-,0,0,0,0,-,-,-,-
TXO,202606F4,20260626.0,39300.0,Put,-,-,-,-,1.6,-,-,0,0,0,25,0.1,104,173,17
TXO,202606F4,20260626.0,39400.0,Call,-,-,-,-,8780,-,-,0,0,0,0,-,-,-,-
TXO,202606F4,20260626.0,39400.0,Put,-,-,-,-,1.6,-,-,0,0,0,25,0.1,105,180,17.5
TXO,202606F4,20260626.0,39500.0,Call,-,-,-,-,8680,-,-,0,0,0,0,-,-,-,-
TXO,202606F4,20260626.0,39500.0,Put,1,1,1,1,1.6,▼-6.2,▼-86.11%,0,1,1,6,0.1,105,197,1
TXO,202606F4,20260626.0,39600.0,Call,-,-,-,-,8580,-,-,0,0,0,0,-,-,-,-
TXO,202606F4,20260626.0,39600.0,Put,3.8,3.8,0.5,0.5,1.7,▼-7.1,▼-93.42%,0,3,3,22,0.1,-,212,0.5
TXO,202606F4,20260626.0,39700.0,Call,-,-,-,-,8480,-,-,0,0,0,0,-,-,-,-
TXO,202606F4,20260626.0,39700.0,Put,1,1,1,1,1.7,▼-7,▼-87.50%,0,2,2,85,0.1,105,222,1
TXO,202606F4,20260626.0,39800.0,Call,-,-,-,-,8380,-,-,0,0,0,0,-,-,-,-
TXO,202606F4,20260626.0,39800.0,Put,0.8,0.8,0.7,0.7,1.7,▼-7.8,▼-91.76%,0,25,25,65,0.1,106,232,0.7
TXO,202606F4,20260626.0,39900.0,Call,-,-,-,-,8280,-,-,0,0,0,0,-,-,-,-
TXO,202606F4,20260626.0,39900.0,Put,0.9,0.9,0.8,0.8,1.7,▼-8.2,▼-91.11%,0,15,15,115,0.1,106,250,0.8
TXO,202606F4,20260626.0,40000.0,Call,-,-,-,-,8180,-,-,0,0,0,0,-,-,-,-
TXO,202606F4,20260626.0,40000.0,Put,9.2,9.2,0.5,0.5,1.8,▼-9.1,▼-94.79%,10,109,119,335,0.5,5.8,298,0.5
TXO,202606F4,20260626.0,40100.0,Call,-,-,-,-,8080,-,-,0,0,0,0,-,-,-,-
TXO,202606F4,20260626.0,40100.0,Put,3,5.6,3,5.6,1.8,▼-4.9,▼-46.67%,0,2,2,5,0.1,-,89,3
TXO,202606F4,20260626.0,40200.0,Call,-,-,-,-,7980,-,-,0,0,0,0,-,-,-,-
TXO,202606F4,20260626.0,40200.0,Put,1,1,0.7,0.7,1.8,▼-10.3,▼-93.64%,0,36,36,35,0.1,-,30.5,0.7
TXO,202606F4,20260626.0,40300.0,Call,-,-,-,-,7880,-,-,0,0,0,0,-,-,-,-
TXO,202606F4,20260626.0,40300.0,Put,1.5,1.5,0.8,0.8,1.8,▼-10.7,▼-93.04%,0,36,36,68,0.2,-,64,0.8
TXO,202606F4,20260626.0,40400.0,Call,-,-,-,-,7780,-,-,0,0,0,0,-,-,-,-
TXO,202606F4,20260626.0,40400.0,Put,2.9,2.9,2.9,2.9,1.8,▼-9.6,▼-76.80%,11,3,14,130,1.6,16.5,102,2.9
TXO,202606F4,20260626.0,40500.0,Call,-,-,-,-,7680,-,-,0,0,0,0,-,-,-,-
TXO,202606F4,20260626.0,40500.0,Put,1.4,1.8,0.8,0.8,1.8,▼-12.7,▼-94.07%,0,63,63,261,0.7,20,305,0.8
TXO,202606F4,20260626.0,40600.0,Call,-,-,-,-,7580,-,-,0,0,0,0,-,-,-,-
TXO,202606F4,20260626.0,40600.0,Put,2.5,2.5,2.5,2.5,1.8,▼-11.5,▼-82.14%,2,1,3,56,0.5,99,111,2.5
TXO,202606F4,20260626.0,40700.0,Call,-,-,-,-,7480,-,-,0,0,0,0,-,-,-,-
TXO,202606F4,20260626.0,40700.0,Put,-,-,-,-,1.8,-,-,4,0,4,44,0.2,99,78,15.5
TXO,202606F4,20260626.0,40800.0,Call,-,-,-,-,7380,-,-,0,0,0,0,-,-,-,-
TXO,202606F4,20260626.0,40800.0,Put,-,-,-,-,2,-,-,6,0,6,113,0.2,110,100,15.5
TXO,202606F4,20260626.0,40900.0,Call,-,-,-,-,7280,-,-,0,0,0,0,-,-,-,-
TXO,202606F4,20260626.0,40900.0,Put,-,-,-,-,2.3,-,-,2,0,2,4,0.2,17.5,325,20
TXO,202606F4,20260626.0,41000.0,Call,-,-,-,-,7180,-,-,0,0,0,0,-,-,-,-
TXO,202606F4,20260626.0,41000.0,Put,2.2,3.5,2.2,2.2,2.5,▼-16.3,▼-88.11%,13,46,59,63,0.2,-,360,2.2
TXO,202606F4,20260626.0,41100.0,Call,-,-,-,-,7080,-,-,0,0,0,0,-,-,-,-
TXO,202606F4,20260626.0,41100.0,Put,5,5,3.6,3.6,2.5,▼-15.9,▼-81.54%,2,2,4,5,0.2,100,104,3.6
TXO,202606F4,20260626.0,41200.0,Call,-,-,-,-,6980,-,-,0,0,0,0,-,-,-,-
TXO,202606F4,20260626.0,41200.0,Put,10,10,10,10,2.5,▼-11,▼-52.38%,3,28,31,21,0.2,102,351,10
TXO,202606F4,20260626.0,41300.0,Call,-,-,-,-,6880,-,-,0,0,0,0,-,-,-,-
TXO,202606F4,20260626.0,41300.0,Put,16,16,3.9,3.9,2.5,▼-18.6,▼-82.67%,6,23,29,20,1,102,127,3.9
TXO,202606F4,20260626.0,41400.0,Call,-,-,-,-,6780,-,-,0,0,0,0,-,-,-,-
TXO,202606F4,20260626.0,41400.0,Put,10,10,3.3,3.3,2.5,▼-20.2,▼-85.96%,1,18,19,20,0.2,114,22,3.3
TXO,202606F4,20260626.0,41500.0,Call,-,-,-,-,6680,-,-,0,0,0,0,-,-,-,-
TXO,202606F4,20260626.0,41500.0,Put,10.5,10.5,2.8,2.8,2.5,▼-22.2,▼-88.80%,3,49,52,42,2.8,10,471,2.8
TXO,202606F4,20260626.0,41600.0,Call,-,-,-,-,6580,-,-,0,0,0,0,-,-,-,-
TXO,202606F4,20260626.0,41600.0,Put,10,10.5,2.5,2.5,2.5,▼-25.5,▼-91.07%,0,33,33,34,0.4,24,144,2.5
TXO,202606F4,20260626.0,41700.0,Call,-,-,-,-,6480,-,-,0,0,0,0,-,-,-,-
TXO,202606F4,20260626.0,41700.0,Put,10,10,10,10,2.8,▼-18.5,▼-64.91%,0,20,20,21,0.7,-,470,10
TXO,202606F4,20260626.0,41800.0,Call,-,-,-,-,6380,-,-,0,0,0,0,-,-,-,-
TXO,202606F4,20260626.0,41800.0,Put,10.5,10.5,10,10,3,▼-22,▼-68.75%,3,60,63,69,0.3,11,149,10
TXO,202606F4,20260626.0,41900.0,Call,-,-,-,-,6280,-,-,0,0,0,0,-,-,-,-
TXO,202606F4,20260626.0,41900.0,Put,11,11,10.5,11,3.3,▼-21.5,▼-66.15%,2,60,62,66,0.3,11,150,10.5
TXO,202606F4,20260626.0,41950.0,Call,-,-,-,-,6230,-,-,0,0,0,0,-,-,-,-
TXO,202606F4,20260626.0,41950.0,Put,-,-,-,-,3.5,-,-,0,0,0,0,1.5,-,-,-
TXO,202606F4,20260626.0,42000.0,Call,-,-,-,-,6180,-,-,0,0,0,0,-,-,-,-
TXO,202606F4,20260626.0,42000.0,Put,11.5,12,3.4,3.6,3.6,▼-31.4,▼-89.71%,4,97,101,101,3.5,3.7,620,3.4
TXO,202606F4,20260626.0,42050.0,Call,-,-,-,-,6130,-,-,0,0,0,0,-,-,-,-
TXO,202606F4,20260626.0,42050.0,Put,-,-,-,-,3.9,-,-,0,0,0,2,2.9,365,158,46.5
TXO,202606F4,20260626.0,42100.0,Call,-,-,-,-,6080,-,-,0,0,0,0,15,-,-,-
TXO,202606F4,20260626.0,42100.0,Put,10,10,10,10,4.1,▼-26.5,▼-72.60%,1,10,11,11,0.3,105,161,10
TXO,202606F4,20260626.0,42150.0,Call,-,-,-,-,6030,-,-,0,0,0,0,15,-,-,-
TXO,202606F4,20260626.0,42150.0,Put,-,-,-,-,4.3,-,-,0,0,0,1,0.4,-,227,47
TXO,202606F4,20260626.0,42200.0,Call,-,-,-,-,5980,-,-,0,0,0,0,15,-,-,-
TXO,202606F4,20260626.0,42200.0,Put,19,19,10.5,10.5,4.5,▼-28.5,▼-73.08%,4,24,28,22,0.3,107,208,10.5
TXO,202606F4,20260626.0,42250.0,Call,-,-,-,-,5930,-,-,0,0,0,0,15,-,-,-
TXO,202606F4,20260626.0,42250.0,Put,-,-,-,-,4.7,-,-,0,0,0,0,0.5,-,-,-
TXO,202606F4,20260626.0,42300.0,Call,-,-,-,-,5880,-,-,0,0,0,0,15,-,-,-
TXO,202606F4,20260626.0,42300.0,Put,-,-,-,-,4.9,-,-,0,0,0,0,3,-,173,114
TXO,202606F4,20260626.0,42350.0,Call,-,-,-,-,5830,-,-,0,0,0,0,-,-,-,-
TXO,202606F4,20260626.0,42350.0,Put,-,-,-,-,5.1,-,-,1,0,1,1,0.5,-,625,51
TXO,202606F4,20260626.0,42400.0,Call,-,-,-,-,5780,-,-,0,0,0,0,-,-,-,-
TXO,202606F4,20260626.0,42400.0,Put,20,20,10,10,5.4,▼-35.5,▼-78.02%,15,41,56,32,0.5,20.5,285,10
TXO,202606F4,20260626.0,42450.0,Call,-,-,-,-,5740,-,-,0,0,0,0,-,-,-,-
TXO,202606F4,20260626.0,42450.0,Put,-,-,-,-,5.7,-,-,1,0,1,2,0.5,71,250,54
TXO,202606F4,20260626.0,42500.0,Call,-,-,-,-,5690,-,-,0,0,0,0,-,-,-,-
TXO,202606F4,20260626.0,42500.0,Put,11,11,9.9,9.9,5.9,▼-39.6,▼-80.00%,1,55,56,63,1.3,49.5,610,9.9
TXO,202606F4,20260626.0,42550.0,Call,-,-,-,-,5640,-,-,0,0,0,0,-,-,-,-
TXO,202606F4,20260626.0,42550.0,Put,16,16,15,15,6.2,▼-35,▼-70.00%,1,12,13,13,2.2,86,57,15
TXO,202606F4,20260626.0,42600.0,Call,-,-,-,-,5590,-,-,0,0,0,0,-,-,-,-
TXO,202606F4,20260626.0,42600.0,Put,52,52,10.5,11,6.5,▼-41,▼-78.85%,4,73,77,73,1,94,250,10.5
TXO,202606F4,20260626.0,42650.0,Call,-,-,-,-,5540,-,-,0,0,0,0,-,-,-,-
TXO,202606F4,20260626.0,42650.0,Put,-,-,-,-,6.8,-,-,1,0,1,1,1,103,61,61
TXO,202606F4,20260626.0,42700.0,Call,-,-,-,-,5490,-,-,0,0,0,0,-,-,-,-
TXO,202606F4,20260626.0,42700.0,Put,15,15,10,10,7.2,▼-46,▼-82.14%,1,130,131,131,2,108,63,10
TXO,202606F4,20260626.0,42750.0,Call,-,-,-,-,5440,-,-,0,0,0,0,-,-,-,-
TXO,202606F4,20260626.0,42750.0,Put,18.5,23,15,15,7.5,▼-42,▼-73.68%,2,31,33,26,2,-,58,15
TXO,202606F4,20260626.0,42800.0,Call,-,-,-,-,5390,-,-,0,0,0,0,-,-,-,-
TXO,202606F4,20260626.0,42800.0,Put,21.5,21.5,10,10,7.9,▼-50,▼-83.33%,0,92,92,90,2,117,330,10
TXO,202606F4,20260626.0,42850.0,Call,-,-,-,-,5340,-,-,0,0,0,0,15,-,-,-
TXO,202606F4,20260626.0,42850.0,Put,16,16,16,16,8.2,▼-46,▼-74.19%,0,1,1,1,5,16,780,16
TXO,202606F4,20260626.0,42900.0,Call,-,-,-,-,5290,-,-,0,0,0,0,15,-,-,-
TXO,202606F4,20260626.0,42900.0,Put,19,19,8,10,8.6,▼-54,▼-84.38%,0,221,221,222,2.5,-,291,8
TXO,202606F4,20260626.0,42950.0,Call,-,-,-,-,5240,-,-,0,0,0,0,15,-,-,-
TXO,202606F4,20260626.0,42950.0,Put,14,14,13.5,13.5,9,▼-52.5,▼-79.55%,0,10,10,10,7,112,14,13.5
TXO,202606F4,20260626.0,43000.0,Call,-,-,-,-,5190,-,-,0,0,0,0,15,-,-,-
TXO,202606F4,20260626.0,43000.0,Put,29,30,8.1,10.5,9.5,▼-58.5,▼-84.78%,25,399,424,383,8,10.5,500,8.1
TXO,202606F4,20260626.0,43050.0,Call,-,-,-,-,5140,-,-,0,0,0,0,15,-,-,-
TXO,202606F4,20260626.0,43050.0,Put,-,-,-,-,10,-,-,0,0,0,2,3.7,-,560,540
TXO,202606F4,20260626.0,43100.0,Call,-,-,-,-,5090,-,-,0,0,0,0,-,-,-,-
TXO,202606F4,20260626.0,43100.0,Put,10,12,8.8,12,10.5,▼-62,▼-83.78%,1,43,44,44,2,12,840,8.8
TXO,202606F4,20260626.0,43150.0,Call,-,-,-,-,5040,-,-,0,0,0,0,-,-,-,-
TXO,202606F4,20260626.0,43150.0,Put,-,-,-,-,11,-,-,0,0,0,50,2.2,139,279,250
TXO,202606F4,20260626.0,43200.0,Call,-,-,-,-,4990,-,-,0,0,0,0,-,-,-,-
TXO,202606F4,20260626.0,43200.0,Put,25,25,10,14.5,12,▼-64.5,▼-81.65%,0,86,86,83,1.4,13,189,10
TXO,202606F4,20260626.0,43250.0,Call,-,-,-,-,4940,-,-,0,0,0,0,-,-,-,-
TXO,202606F4,20260626.0,43250.0,Put,15.5,15.5,15.5,15.5,12.5,▼-66.5,▼-81.10%,0,1,1,0,2.5,14,308,15.5
TXO,202606F4,20260626.0,43300.0,Call,-,-,-,-,4890,-,-,0,0,0,0,-,-,-,-
TXO,202606F4,20260626.0,43300.0,Put,-,-,-,-,13,-,-,0,0,0,11,1.4,143,1000,178
TXO,202606F4,20260626.0,43350.0,Call,-,-,-,-,4840,-,-,0,0,0,0,-,-,-,-
TXO,202606F4,20260626.0,43350.0,Put,-,-,-,-,14,-,-,0,0,0,20,1.4,-,390,314
TXO,202606F4,20260626.0,43400.0,Call,-,-,-,-,4790,-,-,0,0,0,0,-,-,-,-
TXO,202606F4,20260626.0,43400.0,Put,21,21,19,21,14.5,▼-71,▼-77.17%,1,22,23,22,2.2,-,1030,19
TXO,202606F4,20260626.0,43450.0,Call,-,-,-,-,4740,-,-,0,0,0,0,-,-,-,-
TXO,202606F4,20260626.0,43450.0,Put,19,19,19,19,15,▼-76,▼-80.00%,0,4,4,4,1.4,117,19,19
TXO,202606F4,20260626.0,43500.0,Call,-,-,-,-,4700,-,-,0,0,0,0,-,-,2870,1690
TXO,202606F4,20260626.0,43500.0,Put,50,57,16,16.5,15.5,▼-80.5,▼-82.99%,5,49,54,25,5,30,345,16
TXO,202606F4,20260626.0,43550.0,Call,-,-,-,-,4650,-,-,0,0,0,0,-,-,-,-
TXO,202606F4,20260626.0,43550.0,Put,-,-,-,-,16,-,-,0,0,0,20,1.4,151,354,354
TXO,202606F4,20260626.0,43600.0,Call,-,-,-,-,4600,-,-,0,0,0,0,15,-,-,-
TXO,202606F4,20260626.0,43600.0,Put,45,45,20.5,23,17,▼-82,▼-78.10%,10,29,39,11,2,19,343,20.5
TXO,202606F4,20260626.0,43650.0,Call,-,-,-,-,4550,-,-,0,0,0,0,15,-,-,-
TXO,202606F4,20260626.0,43650.0,Put,20,20,20,20,18,▼-89,▼-81.65%,1,1,2,0,1.6,-,110,20
TXO,202606F4,20260626.0,43700.0,Call,-,-,-,-,4500,-,-,0,0,0,0,15,-,-,-
TXO,202606F4,20260626.0,43700.0,Put,60,62,19,19.5,19.5,▼-93.5,▼-82.74%,0,79,79,42,1.8,-,389,19
TXO,202606F4,20260626.0,43750.0,Call,-,-,-,-,4450,-,-,0,0,0,0,15,-,-,-
TXO,202606F4,20260626.0,43750.0,Put,-,-,-,-,19.5,-,-,0,0,0,0,1.4,-,-,-
TXO,202606F4,20260626.0,43800.0,Call,-,-,-,-,4400,-,-,0,0,0,1,15,4540,1670,1670
TXO,202606F4,20260626.0,43800.0,Put,26,32,19,19,19.5,▼-103,▼-84.43%,6,45,51,15,1.4,19.5,392,19
TXO,202606F4,20260626.0,43850.0,Call,-,-,-,-,4350,-,-,0,0,0,0,-,-,-,-
TXO,202606F4,20260626.0,43850.0,Put,-,-,-,-,21,-,-,2,0,2,33,1.4,150,1200,101
TXO,202606F4,20260626.0,43900.0,Call,-,-,-,-,4300,-,-,0,0,0,0,-,-,-,-
TXO,202606F4,20260626.0,43900.0,Put,26,27,8,8,22,▼-122,▼-93.85%,0,11,11,13,8,128,396,8
TXO,202606F4,20260626.0,43950.0,Call,-,-,-,-,4250,-,-,0,0,0,0,-,-,-,-
TXO,202606F4,20260626.0,43950.0,Put,54,54,43.5,43.5,23,▼-91.5,▼-67.78%,0,3,3,2,3.5,48.5,1160,43.5
TXO,202606F4,20260626.0,44000.0,Call,-,-,-,-,4200,-,-,0,0,0,0,-,-,-,-
TXO,202606F4,20260626.0,44000.0,Put,57,65,22.5,22.5,24,▼-117.5,▼-83.93%,13,85,98,39,22,31,585,22.5
TXO,202606F4,20260626.0,44050.0,Call,-,-,-,-,4150,-,-,0,0,0,0,-,-,-,-
TXO,202606F4,20260626.0,44050.0,Put,39.5,39.5,39.5,39.5,25,▼-106.5,▼-72.95%,1,1,2,3,3.3,94,335,39.5
TXO,202606F4,20260626.0,44100.0,Call,-,-,-,-,4110,-,-,0,0,0,0,-,-,1900,1420
TXO,202606F4,20260626.0,44100.0,Put,33.5,33.5,32,32,26.5,▼-119,▼-78.81%,2,2,4,3,20,90,505,32
TXO,202606F4,20260626.0,44150.0,Call,-,-,-,-,4060,-,-,0,0,0,0,-,-,-,-
TXO,202606F4,20260626.0,44150.0,Put,27,27,27,27,27,▼-129,▼-82.69%,0,1,1,1,26,68,27,27
TXO,202606F4,20260626.0,44200.0,Call,-,-,-,-,4010,-,-,0,0,0,0,-,-,-,-
TXO,202606F4,20260626.0,44200.0,Put,76,76,54,54,28.5,▼-108,▼-66.67%,0,4,4,3,2.7,76,1220,54
TXO,202606F4,20260626.0,44250.0,Call,-,-,-,-,3960,-,-,0,0,0,0,-,-,-,-
TXO,202606F4,20260626.0,44250.0,Put,59,59,59,59,29.5,▼-109,▼-64.88%,0,1,1,0,2.4,-,209,59
TXO,202606F4,20260626.0,44300.0,Call,-,-,-,-,3910,-,-,0,0,0,0,-,-,-,-
TXO,202606F4,20260626.0,44300.0,Put,70,70,37,37,30.5,▼-137,▼-78.74%,0,25,25,3,2.2,-,70,37
TXO,202606F4,20260626.0,44350.0,Call,-,-,-,-,3860,-,-,0,0,0,0,3570,-,-,-
TXO,202606F4,20260626.0,44350.0,Put,40.5,40.5,33.5,33.5,32,▼-146.5,▼-81.39%,0,5,5,0,1.3,545,540,33.5
TXO,202606F4,20260626.0,44400.0,Call,-,-,-,-,3810,-,-,0,0,0,1,3530,3980,1200,1200
TXO,202606F4,20260626.0,44400.0,Put,43,45,43,45,33,▼-142,▼-75.94%,0,7,7,4,2.4,-,1280,43
TXO,202606F4,20260626.0,44450.0,Call,-,-,-,-,3760,-,-,0,0,0,0,3470,-,-,-
TXO,202606F4,20260626.0,44450.0,Put,-,-,-,-,34,-,-,0,0,0,0,2.4,-,-,-
TXO,202606F4,20260626.0,44500.0,Call,-,-,-,-,3720,-,-,0,0,0,0,3430,-,2200,1270
TXO,202606F4,20260626.0,44500.0,Put,78,78,40,40,36,▼-161,▼-80.10%,11,9,20,12,3.3,78,735,40
TXO,202606F4,20260626.0,44550.0,Call,-,-,-,-,3670,-,-,0,0,0,0,3390,-,-,-
TXO,202606F4,20260626.0,44550.0,Put,-,-,-,-,37.5,-,-,0,0,0,0,2.1,-,-,-
TXO,202606F4,20260626.0,44600.0,Call,-,-,-,-,3620,-,-,0,0,0,0,-,-,2130,1060
TXO,202606F4,20260626.0,44600.0,Put,80,80,43,43,39,▼-171,▼-79.91%,0,6,6,5,7.8,142,1250,43
TXO,202606F4,20260626.0,44650.0,Call,-,-,-,-,3570,-,-,0,0,0,0,-,-,-,-
TXO,202606F4,20260626.0,44650.0,Put,-,-,-,-,40.5,-,-,0,0,0,0,2.5,-,-,-
TXO,202606F4,20260626.0,44700.0,Call,-,-,-,-,3520,-,-,0,0,0,0,-,-,1160,1020
TXO,202606F4,20260626.0,44700.0,Put,81,81,46,46,42,▼-184,▼-80.00%,1,12,13,11,2.2,70,675,46
TXO,202606F4,20260626.0,44750.0,Call,-,-,-,-,3470,-,-,0,0,0,0,-,3520,-,-
TXO,202606F4,20260626.0,44750.0,Put,85,85,47,47,43,▼-191,▼-80.25%,1,3,4,5,2,-,345,47
TXO,202606F4,20260626.0,44800.0,Call,-,-,-,-,3420,-,-,0,0,0,0,3430,3470,1130,975
TXO,202606F4,20260626.0,44800.0,Put,110,110,54,57,44.5,▼-190,▼-76.92%,0,11,11,9,11,75,625,54
TXO,202606F4,20260626.0,44850.0,Call,-,-,-,-,3380,-,-,0,0,0,0,-,-,-,-
TXO,202606F4,20260626.0,44850.0,Put,-,-,-,-,47,-,-,0,0,0,0,2.2,-,-,-
TXO,202606F4,20260626.0,44900.0,Call,-,-,-,-,3330,-,-,0,0,0,0,-,-,-,-
TXO,202606F4,20260626.0,44900.0,Put,79,79,52,52,48,▼-213,▼-80.38%,1,21,22,0,2.4,-,755,52
TXO,202606F4,20260626.0,44950.0,Call,-,-,-,-,3280,-,-,0,0,0,0,15,-,-,-
TXO,202606F4,20260626.0,44950.0,Put,98,98,52,52,52,▼-224,▼-81.16%,0,12,12,11,4.9,158,720,52
TXO,202606F4,20260626.0,45000.0,Call,-,-,-,-,3230,-,-,0,0,0,0,2940,-,945,895
TXO,202606F4,20260626.0,45000.0,Put,145,145,53,55,55,▼-232,▼-80.84%,21,231,252,185,50,76,840,53
TXO,202606F4,20260626.0,45050.0,Call,-,-,-,-,3190,-,-,0,0,0,0,2890,-,-,-
TXO,202606F4,20260626.0,45050.0,Put,61,61,61,61,56,▼-232,▼-79.18%,0,12,12,12,2.9,-,61,61
TXO,202606F4,20260626.0,45100.0,Call,-,-,-,-,3140,-,-,0,0,0,5,2850,3270,1780,1760
TXO,202606F4,20260626.0,45100.0,Put,110,110,63,63,57,▼-239,▼-79.14%,0,16,16,3,2.5,164,910,63
TXO,202606F4,20260626.0,45150.0,Call,-,-,-,-,3090,-,-,0,0,0,0,-,3130,1870,1870
TXO,202606F4,20260626.0,45150.0,Put,73,73,73,73,59,▼-241,▼-76.75%,0,1,1,1,2.5,177,500,73
TXO,202606F4,20260626.0,45200.0,Call,-,-,-,-,3040,-,-,0,0,0,0,-,3090,-,-
TXO,202606F4,20260626.0,45200.0,Put,66,66,66,66,62,▼-258,▼-79.63%,0,1,1,1,2.1,84,915,66
TXO,202606F4,20260626.0,45250.0,Call,-,-,-,-,2990,-,-,0,0,0,0,-,-,-,-
TXO,202606F4,20260626.0,45250.0,Put,133,133,133,133,64,▼-200,▼-60.06%,0,1,1,6,3.9,191,715,133
TXO,202606F4,20260626.0,45300.0,Call,-,-,-,-,2950,-,-,0,0,0,5,-,3080,1060,1060
TXO,202606F4,20260626.0,45300.0,Put,88,88,72,72,67,▼-272,▼-79.07%,0,16,16,20,16.5,184,840,72
TXO,202606F4,20260626.0,45350.0,Call,-,-,-,-,2900,-,-,0,0,0,0,-,-,-,-
TXO,202606F4,20260626.0,45350.0,Put,97,97,75,75,71,▼-281,▼-78.93%,0,2,2,0,2.4,-,97,75
TXO,202606F4,20260626.0,45400.0,Call,-,-,-,-,2860,-,-,0,0,0,20,2860,2890,1560,1530
TXO,202606F4,20260626.0,45400.0,Put,174,174,69,69,74,▼-298,▼-81.20%,0,20,20,15,45,223,870,69
TXO,202606F4,20260626.0,45450.0,Call,-,-,-,-,2810,-,-,0,0,0,1,2520,-,1130,1130
TXO,202606F4,20260626.0,45450.0,Put,100,100,100,100,77,▼-281,▼-73.75%,0,9,9,9,18,201,840,100
TXO,202606F4,20260626.0,45500.0,Call,-,-,-,-,2760,-,-,0,0,0,1,2480,2890,980,980
TXO,202606F4,20260626.0,45500.0,Put,145,150,84,84,80,▼-311,▼-78.73%,1,24,25,20,51,83,1100,84
TXO,202606F4,20260626.0,45550.0,Call,-,-,-,-,2710,-,-,0,0,0,3,2430,-,1090,1090
TXO,202606F4,20260626.0,45550.0,Put,152,153,93,93,83,▼-316,▼-77.26%,0,9,9,13,21.5,235,935,93
TXO,202606F4,20260626.0,45600.0,Call,2000,2000,2000,2000,2670,▲+510,▲+34.23%,0,1,1,4,2250,-,2000,1140
TXO,202606F4,20260626.0,45600.0,Put,185,185,98,98,87,▼-321,▼-76.61%,0,23,23,19,23,-,1050,98
TXO,202606F4,20260626.0,45650.0,Call,-,-,-,-,2620,-,-,0,0,0,5,2.9,-,975,975
TXO,202606F4,20260626.0,45650.0,Put,200,215,107,107,90,▼-326,▼-75.29%,1,12,13,11,60,-,364,107
TXO,202606F4,20260626.0,45700.0,Call,-,-,-,-,2570,-,-,0,0,0,300,2430,2720,1480,700
TXO,202606F4,20260626.0,45700.0,Put,190,190,118,118,94,▼-330,▼-73.66%,0,12,12,24,29,-,510,118
TXO,202606F4,20260626.0,45750.0,Call,-,-,-,-,2530,-,-,0,0,0,8,2470,-,1050,980
TXO,202606F4,20260626.0,45750.0,Put,-,-,-,-,98,-,-,0,0,0,8,79,265,1010,925
TXO,202606F4,20260626.0,45800.0,Call,2250,2330,2250,2330,2490,▲+970,▲+71.32%,0,2,2,17,2490,2520,2330,780
TXO,202606F4,20260626.0,45800.0,Put,169,169,100,100,100,▼-381,▼-79.21%,8,11,19,7,84,1200,830,100
TXO,202606F4,20260626.0,45850.0,Call,-,-,-,-,2440,-,-,0,0,0,0,-,-,990,715
TXO,202606F4,20260626.0,45850.0,Put,135,135,135,135,108,▼-360,▼-72.73%,0,1,1,0,94,-,800,135
TXO,202606F4,20260626.0,45900.0,Call,-,-,-,-,2390,-,-,0,0,0,3,2310,2440,1010,1010
TXO,202606F4,20260626.0,45900.0,Put,241,241,118,118,112,▼-392,▼-76.86%,0,6,6,7,25.5,385,1140,118
TXO,202606F4,20260626.0,45950.0,Call,-,-,-,-,2350,-,-,0,0,0,0,2050,-,-,-
TXO,202606F4,20260626.0,45950.0,Put,377,377,146,151,115,▼-379,▼-71.51%,1,4,5,3,2.4,-,840,146
TXO,202606F4,20260626.0,46000.0,Call,-,-,-,-,2300,-,-,0,0,0,1,2020,2650,1060,1060
TXO,202606F4,20260626.0,46000.0,Put,282,282,128,128,121,▼-417,▼-76.51%,2,68,70,38,108,-,1200,128
TXO,202606F4,20260626.0,46050.0,Call,-,-,-,-,2260,-,-,0,0,0,0,1960,-,-,-
TXO,202606F4,20260626.0,46050.0,Put,-,-,-,-,128,-,-,0,0,0,0,77,-,830,825
TXO,202606F4,20260626.0,46100.0,Call,-,-,-,-,2210,-,-,0,0,0,0,1930,-,-,-
TXO,202606F4,20260626.0,46100.0,Put,277,277,144,144,132,▼-441,▼-75.38%,0,13,13,20,61,-,1120,144
TXO,202606F4,20260626.0,46150.0,Call,-,-,-,-,2170,-,-,0,0,0,0,1880,-,1000,985
TXO,202606F4,20260626.0,46150.0,Put,-,-,-,-,138,-,-,0,0,0,0,2.4,-,-,-
TXO,202606F4,20260626.0,46200.0,Call,-,-,-,-,2120,-,-,0,0,0,7,1830,2260,1030,900
TXO,202606F4,20260626.0,46200.0,Put,284,306,163,163,144,▼-462,▼-73.92%,15,23,38,37,70,283,1000,163
TXO,202606F4,20260626.0,46250.0,Call,1800,1800,1800,1800,2080,▲+730,▲+68.22%,0,1,1,0,2.1,-,1800,990
TXO,202606F4,20260626.0,46250.0,Put,-,-,-,-,151,-,-,0,0,0,5,47,291,885,700
TXO,202606F4,20260626.0,46300.0,Call,-,-,-,-,2040,-,-,0,0,0,1,2.1,-,1050,790
TXO,202606F4,20260626.0,46300.0,Put,300,300,180,180,157,▼-490,▼-73.13%,10,10,20,30,53,-,915,180
TXO,202606F4,20260626.0,46350.0,Call,1970,2000,1960,2000,1990,▲+980,▲+96.08%,0,4,4,5,2.1,2040,2000,935
TXO,202606F4,20260626.0,46350.0,Put,182,183,182,182,164,▼-508,▼-73.62%,0,4,4,8,2.4,277,955,182
TXO,202606F4,20260626.0,46400.0,Call,-,-,-,-,1950,-,-,0,0,0,3,1670,-,935,840
TXO,202606F4,20260626.0,46400.0,Put,300,300,197,197,172,▼-518,▼-72.45%,0,11,11,6,97,288,955,197
TXO,202606F4,20260626.0,46450.0,Call,-,-,-,-,1910,-,-,0,0,0,6,1630,-,880,835
TXO,202606F4,20260626.0,46450.0,Put,395,395,218,218,180,▼-517,▼-70.34%,1,41,42,43,77,745,1010,218
TXO,202606F4,20260626.0,46500.0,Call,-,-,-,-,1870,-,-,0,0,0,7,1570,2000,960,530
TXO,202606F4,20260626.0,46500.0,Put,300,310,185,185,185,▼-575,▼-75.66%,0,9,9,5,150,300,900,185
TXO,202606F4,20260626.0,46550.0,Call,-,-,-,-,1830,-,-,0,0,0,5,1530,1960,845,845
TXO,202606F4,20260626.0,46550.0,Put,-,-,-,-,196,-,-,0,0,0,1,96,-,1220,1220
TXO,202606F4,20260626.0,46600.0,Call,-,-,-,-,1790,-,-,0,0,0,6,1490,-,820,715
TXO,202606F4,20260626.0,46600.0,Put,300,317,218,218,205,▼-592,▼-73.09%,0,14,14,7,170,326,317,218
TXO,202606F4,20260626.0,46650.0,Call,-,-,-,-,1740,-,-,0,0,0,5,2.1,1870,795,795
TXO,202606F4,20260626.0,46650.0,Put,450,450,290,290,214,▼-540,▼-65.06%,5,24,29,22,145,-,1260,290
TXO,202606F4,20260626.0,46700.0,Call,-,-,-,-,1700,-,-,0,0,0,0,2.1,1750,-,-
TXO,202606F4,20260626.0,46700.0,Put,300,310,240,240,223,▼-615,▼-71.93%,0,12,12,7,139,225,310,240
TXO,202606F4,20260626.0,46750.0,Call,-,-,-,-,1660,-,-,0,0,0,1,2.1,1710,650,650
TXO,202606F4,20260626.0,46750.0,Put,282,282,282,282,233,▼-598,▼-67.95%,5,20,25,20,163,394,785,282
TXO,202606F4,20260626.0,46800.0,Call,-,-,-,-,1620,-,-,0,0,0,0,1530,1780,-,-
TXO,202606F4,20260626.0,46800.0,Put,440,440,288,288,243,▼-617,▼-68.18%,6,6,12,9,153,-,1090,288
TXO,202606F4,20260626.0,46850.0,Call,-,-,-,-,1580,-,-,0,0,0,0,1460,1720,-,-
TXO,202606F4,20260626.0,46850.0,Put,-,-,-,-,254,-,-,20,0,20,20,169,-,830,830
TXO,202606F4,20260626.0,46900.0,Call,950,1400,950,1400,1550,▲+670,▲+91.78%,11,3,14,2,1440,1710,1400,750
TXO,202606F4,20260626.0,46900.0,Put,325,325,280,280,266,▼-675,▼-70.68%,0,6,6,6,41.5,-,325,280
TXO,202606F4,20260626.0,46950.0,Call,-,-,-,-,1510,-,-,0,0,0,0,1390,-,-,-
TXO,202606F4,20260626.0,46950.0,Put,300,300,300,300,277,▼-675,▼-69.23%,0,1,1,1,182,401,300,300
TXO,202606F4,20260626.0,47000.0,Call,1160,1450,1160,1450,1470,▲+765,▲+111.68%,0,3,3,4,1370,1510,1450,337
TXO,202606F4,20260626.0,47000.0,Put,498,498,290,290,290,▼-720,▼-71.29%,0,31,31,11,280,-,1230,290
TXO,202606F4,20260626.0,47050.0,Call,-,-,-,-,1430,-,-,0,0,0,0,1320,1550,620,505
TXO,202606F4,20260626.0,47050.0,Put,-,-,-,-,303,-,-,0,0,0,0,215,-,-,-
TXO,202606F4,20260626.0,47100.0,Call,1270,1270,1260,1260,1400,▲+620,▲+96.88%,2,2,4,11,1320,-,1270,510
TXO,202606F4,20260626.0,47100.0,Put,550,550,366,366,317,▼-694,▼-65.47%,0,59,59,51,299,-,550,366
TXO,202606F4,20260626.0,47150.0,Call,-,-,-,-,1360,-,-,5,0,5,5,1250,-,760,760
TXO,202606F4,20260626.0,47150.0,Put,484,484,340,340,331,▼-750,▼-68.81%,0,6,6,4,247,-,484,340
TXO,202606F4,20260626.0,47200.0,Call,-,-,-,-,1330,-,-,5,0,5,5,1220,1460,735,735
TXO,202606F4,20260626.0,47200.0,Put,366,366,360,360,345,▼-750,▼-67.57%,0,2,2,2,15,-,366,360
TXO,202606F4,20260626.0,47250.0,Call,1100,1100,1100,1100,1290,▲+535,▲+94.69%,20,1,21,20,1190,1410,1100,565
TXO,202606F4,20260626.0,47250.0,Put,565,565,400,400,360,▼-740,▼-64.91%,0,2,2,1,271,-,565,400
TXO,202606F4,20260626.0,47300.0,Call,915,1260,915,1200,1260,▲+655,▲+120.18%,1,203,204,204,1150,1380,1260,440
TXO,202606F4,20260626.0,47300.0,Put,437,437,400,400,375,▼-770,▼-65.81%,0,8,8,5,16.5,-,437,400
TXO,202606F4,20260626.0,47350.0,Call,-,-,-,-,1220,-,-,0,0,0,0,1120,-,-,-
TXO,202606F4,20260626.0,47350.0,Put,-,-,-,-,391,-,-,0,0,0,0,308,-,-,-
TXO,202606F4,20260626.0,47400.0,Call,-,-,-,-,1190,-,-,0,0,0,1,1090,-,595,290
TXO,202606F4,20260626.0,47400.0,Put,520,520,455,455,408,▼-775,▼-63.01%,0,2,2,1,322,-,520,455
TXO,202606F4,20260626.0,47450.0,Call,-,-,-,-,1160,-,-,0,0,0,0,1060,1260,-,-
TXO,202606F4,20260626.0,47450.0,Put,-,-,-,-,425,-,-,0,0,0,0,312,-,-,-
TXO,202606F4,20260626.0,47500.0,Call,765,1100,765,1100,1120,▲+628,▲+133.05%,13,8,21,4,1030,-,1100,248
TXO,202606F4,20260626.0,47500.0,Put,550,560,449,449,440,▼-851,▼-65.46%,5,59,64,58,420,440,1000,449
TXO,202606F4,20260626.0,47550.0,Call,-,-,-,-,1090,-,-,0,0,0,0,1000,1160,-,-
TXO,202606F4,20260626.0,47550.0,Put,-,-,-,-,460,-,-,0,0,0,0,1.3,-,-,-
TXO,202606F4,20260626.0,47600.0,Call,-,-,-,-,1060,-,-,0,0,0,1,28.5,1170,520,520
TXO,202606F4,20260626.0,47600.0,Put,570,570,570,570,479,▼-790,▼-58.09%,0,2,2,2,267,6000,570,570
TXO,202606F4,20260626.0,47650.0,Call,-,-,-,-,1030,-,-,0,0,0,0,980,1120,-,-
TXO,202606F4,20260626.0,47650.0,Put,-,-,-,-,498,-,-,0,0,0,0,14,-,-,-
TXO,202606F4,20260626.0,47700.0,Call,730,880,730,880,1000,▲+477,▲+118.36%,12,2,14,2,975,-,880,288
TXO,202606F4,20260626.0,47700.0,Put,-,-,-,-,520,-,-,0,0,0,5,422,640,1610,1600
TXO,202606F4,20260626.0,47750.0,Call,-,-,-,-,970,-,-,0,0,0,0,950,-,-,-
TXO,202606F4,20260626.0,47750.0,Put,-,-,-,-,540,-,-,0,0,0,0,439,-,-,-
TXO,202606F4,20260626.0,47800.0,Call,715,940,715,940,940,▲+569,▲+153.37%,3,5,8,8,805,-,940,199
TXO,202606F4,20260626.0,47800.0,Put,660,660,555,555,555,▼-935,▼-62.75%,0,2,2,2,459,-,660,555
TXO,202606F4,20260626.0,47850.0,Call,-,-,-,-,910,-,-,0,0,0,0,16.5,-,-,-
TXO,202606F4,20260626.0,47850.0,Put,-,-,-,-,580,-,-,0,0,0,0,15.5,-,-,-
TXO,202606F4,20260626.0,47900.0,Call,705,830,670,820,885,▲+477,▲+139.07%,0,15,15,3,780,-,830,177
TXO,202606F4,20260626.0,47900.0,Put,705,715,615,615,600,▼-955,▼-60.83%,0,7,7,5,15.5,730,715,615
TXO,202606F4,20260626.0,48000.0,Call,520,725,520,700,830,▲+384,▲+121.52%,23,12,35,119,675,880,725,155
TXO,202606F4,20260626.0,48000.0,Put,770,770,770,770,645,▼-870,▼-53.05%,0,1,1,1,580,-,770,770
TXO,202606F4,20260626.0,48100.0,Call,640,640,640,640,775,▲+350,▲+120.69%,1,3,4,4,294,860,640,205
TXO,202606F4,20260626.0,48100.0,Put,-,-,-,-,695,-,-,0,0,0,0,1,-,-,-
TXO,202606F4,20260626.0,48200.0,Call,427,725,427,725,725,▲+460,▲+173.58%,2,11,13,6,259,825,725,224
TXO,202606F4,20260626.0,48200.0,Put,-,-,-,-,745,-,-,0,0,0,0,615,-,-,-
TXO,202606F4,20260626.0,48300.0,Call,-,-,-,-,675,-,-,0,0,0,0,491,-,-,-
TXO,202606F4,20260626.0,48300.0,Put,900,900,775,775,790,▼-1095,▼-58.56%,0,7,7,7,-,-,900,775
TXO,202606F4,20260626.0,48400.0,Call,550,580,498,580,625,▲+357,▲+160.09%,0,8,8,2,494,-,580,100
TXO,202606F4,20260626.0,48400.0,Put,-,-,-,-,845,-,-,0,0,0,0,15,-,-,-
TXO,202606F4,20260626.0,48500.0,Call,271,500,271,469,585,▲+265,▲+129.90%,9,13,22,17,430,670,500,106
TXO,202606F4,20260626.0,48500.0,Put,1040,1040,855,855,900,▼-1175,▼-57.88%,1,18,19,19,850,1000,1750,855
TXO,202606F4,20260626.0,48600.0,Call,260,515,260,491,535,▲+305,▲+163.98%,1,21,22,10,411,635,515,114
TXO,202606F4,20260626.0,48600.0,Put,-,-,-,-,955,-,-,0,0,0,0,0.1,-,-,-
TXO,202606F4,20260626.0,48700.0,Call,404,457,403,451,493,▲+281,▲+165.29%,0,15,15,15,372,590,457,403
TXO,202606F4,20260626.0,48700.0,Put,-,-,-,-,1010,-,-,0,0,0,0,970,-,-,-
TXO,202606F4,20260626.0,48800.0,Call,281,420,281,420,453,▲+266,▲+172.73%,0,23,23,6,318,-,420,129
TXO,202606F4,20260626.0,48800.0,Put,-,-,-,-,1070,-,-,0,0,0,0,-,1060,-,-
TXO,202606F4,20260626.0,48900.0,Call,396,396,396,396,418,▲+256,▲+182.86%,1,1,2,2,45.5,-,396,183
TXO,202606F4,20260626.0,48900.0,Put,-,-,-,-,1140,-,-,0,0,0,0,15,-,-,-
TXO,202606F4,20260626.0,49000.0,Call,163,365,163,365,382,▲+239,▲+189.68%,10,26,36,11,255,-,365,65
TXO,202606F4,20260626.0,49000.0,Put,-,-,-,-,1200,-,-,0,0,0,0,1160,1190,-,-
TXO,202606F4,20260626.0,49100.0,Call,131,290,131,270,351,▲+156,▲+136.84%,2,3,5,3,227,-,290,114
TXO,202606F4,20260626.0,49100.0,Put,-,-,-,-,1270,-,-,0,0,0,0,-,1260,-,-
TXO,202606F4,20260626.0,49200.0,Call,250,300,232,300,321,▲+196,▲+188.46%,0,5,5,3,149,456,300,75
TXO,202606F4,20260626.0,49200.0,Put,-,-,-,-,1340,-,-,0,0,0,0,1300,1330,-,-
TXO,202606F4,20260626.0,49300.0,Call,-,-,-,-,293,-,-,0,0,0,0,171,358,-,-
TXO,202606F4,20260626.0,49300.0,Put,-,-,-,-,1410,-,-,0,0,0,0,1370,1400,-,-
TXO,202606F4,20260626.0,49400.0,Call,114,270,114,270,270,▲+189,▲+233.33%,17,43,60,43,240,344,270,39
TXO,202606F4,20260626.0,49400.0,Put,-,-,-,-,1490,-,-,0,0,0,0,1380,1480,-,-
TXO,202606F4,20260626.0,49500.0,Call,87,236,86,226,243,▲+157,▲+227.54%,2,41,43,25,89,730,236,69
TXO,202606F4,20260626.0,49500.0,Put,-,-,-,-,1560,-,-,0,0,0,0,1200,1550,-,-
TXO,202606F4,20260626.0,49600.0,Call,94,220,93,220,220,▲+152,▲+223.53%,6,11,17,7,112,294,220,84
TXO,202606F4,20260626.0,49600.0,Put,-,-,-,-,1640,-,-,0,0,0,0,1600,1630,-,-
TXO,202606F4,20260626.0,49700.0,Call,83,196,83,196,196,▲+133,▲+211.11%,0,5,5,4,86,208,196,45
TXO,202606F4,20260626.0,49700.0,Put,-,-,-,-,1720,-,-,0,0,0,0,1680,-,-,-
TXO,202606F4,20260626.0,49800.0,Call,112,162,112,162,182,▲+105,▲+184.21%,17,5,22,19,7.2,273,162,39
TXO,202606F4,20260626.0,49800.0,Put,-,-,-,-,1800,-,-,0,0,0,0,1760,-,-,-
TXO,202606F4,20260626.0,49900.0,Call,121,155,100,155,165,▲+104,▲+203.92%,12,15,27,16,51,253,155,31
TXO,202606F4,20260626.0,49900.0,Put,-,-,-,-,1880,-,-,0,0,0,0,15,1880,-,-
TXO,202606F4,20260626.0,50000.0,Call,80,142,52,135,149,▲+89,▲+193.48%,41,103,144,60,90,700,142,5
TXO,202606F4,20260626.0,50000.0,Put,-,-,-,-,1970,-,-,0,0,0,0,1930,1960,-,-
TXO,202606F4,20260626.0,50100.0,Call,103,122,100,122,134,▲+81,▲+197.56%,0,3,3,5,23.5,217,122,25.5
TXO,202606F4,20260626.0,50100.0,Put,-,-,-,-,2050,-,-,0,0,0,0,2010,-,-,-
TXO,202606F4,20260626.0,50200.0,Call,33.5,115,33.5,115,115,▲+78.5,▲+215.07%,12,18,30,12,18.5,206,115,18.5
TXO,202606F4,20260626.0,50200.0,Put,-,-,-,-,2140,-,-,0,0,0,0,2100,2130,-,-
TXO,202606F4,20260626.0,50300.0,Call,75,100,67,89,108,▲+56.5,▲+173.85%,1,8,9,13,0.9,197,100,21.5
TXO,202606F4,20260626.0,50300.0,Put,-,-,-,-,2230,-,-,0,0,0,0,-,2220,-,-
TXO,202606F4,20260626.0,50400.0,Call,33,33,33,33,96,▲+4,▲+13.79%,4,5,9,7,1,165,40,25
TXO,202606F4,20260626.0,50400.0,Put,-,-,-,-,2310,-,-,0,0,0,0,15,2310,-,-
TXO,202606F4,20260626.0,50500.0,Call,30,83,30,83,83,▲+59.5,▲+253.19%,11,32,43,26,31,90,83,17
TXO,202606F4,20260626.0,50500.0,Put,-,-,-,-,2400,-,-,0,0,0,0,2370,2400,-,-
TXO,202606F4,20260626.0,50600.0,Call,22.5,66,22.5,58,77,▲+37.5,▲+182.93%,0,25,25,18,60,-,66,22.5
TXO,202606F4,20260626.0,50600.0,Put,-,-,-,-,2490,-,-,0,0,0,0,2450,2490,-,-
TXO,202606F4,20260626.0,50700.0,Call,45,64,45,64,64,▲+46.5,▲+265.71%,0,11,11,11,1.2,149,64,45
TXO,202606F4,20260626.0,50700.0,Put,-,-,-,-,2590,-,-,0,0,0,0,2550,2580,-,-
TXO,202606F4,20260626.0,50800.0,Call,36,52,36,52,61,▲+37.5,▲+258.62%,0,4,4,1,3,-,52,36
TXO,202606F4,20260626.0,50800.0,Put,-,-,-,-,2680,-,-,0,0,0,0,2640,2670,-,-
TXO,202606F4,20260626.0,50900.0,Call,-,-,-,-,54,-,-,0,0,0,0,0.4,-,-,-
TXO,202606F4,20260626.0,50900.0,Put,-,-,-,-,2770,-,-,0,0,0,0,2560,-,-,-
TXO,202606F4,20260626.0,51000.0,Call,22,42.5,22,42,42,▲+33.5,▲+394.12%,0,9,9,6,12,50,42.5,22
TXO,202606F4,20260626.0,51000.0,Put,-,-,-,-,2870,-,-,0,0,0,0,2830,-,-,-
TXO,202606F4,20260626.0,51100.0,Call,13.5,29,13.5,26,41,▲+20.5,▲+372.73%,0,19,19,15,0.3,128,29,13.5
TXO,202606F4,20260626.0,51100.0,Put,-,-,-,-,2960,-,-,0,0,0,0,2920,2960,-,-
TXO,202606F4,20260626.0,51200.0,Call,12.5,38,12.5,37.5,37.5,▲+35,"▲+1,400.00%",0,38,38,21,17,38.5,38,12.5
TXO,202606F4,20260626.0,51200.0,Put,-,-,-,-,3060,-,-,0,0,0,0,3020,3050,-,-
TXO,202607W1,20260701.0,41200.0,Call,-,-,-,-,7030,-,-,0,0,0,0,-,-,-,-
TXO,202607W1,20260701.0,41200.0,Put,45,45,28,31,31,▼-50,▼-61.73%,23,160,183,217,29,31,227,28
TXO,202607W1,20260701.0,41300.0,Call,-,-,-,-,6930,-,-,0,0,0,0,-,-,-,-
TXO,202607W1,20260701.0,41300.0,Put,39.5,39.5,33,34,31,▼-50,▼-59.52%,0,7,7,29,8.8,35,192,33
TXO,202607W1,20260701.0,41400.0,Call,-,-,-,-,6830,-,-,0,0,0,0,-,-,-,-
TXO,202607W1,20260701.0,41400.0,Put,-,-,-,-,33.5,-,-,0,0,0,26,8,-,214,121
TXO,202607W1,20260701.0,41500.0,Call,-,-,-,-,6730,-,-,0,0,0,0,-,-,-,-
TXO,202607W1,20260701.0,41500.0,Put,52,52,33,35,34.5,▼-57,▼-61.96%,5,236,241,243,34.5,77,210,33
TXO,202607W1,20260701.0,41600.0,Call,-,-,-,-,6630,-,-,0,0,0,0,-,-,-,-
TXO,202607W1,20260701.0,41600.0,Put,45,45,45,45,34.5,▼-53,▼-54.08%,2,2,4,12,10,39,250,45
TXO,202607W1,20260701.0,41700.0,Call,-,-,-,-,6530,-,-,0,0,0,0,-,-,-,-
TXO,202607W1,20260701.0,41700.0,Put,44,44,39.5,39.5,36.5,▼-62.5,▼-61.27%,1,6,7,7,1.6,159,160,39.5
TXO,202607W1,20260701.0,41800.0,Call,-,-,-,-,6440,-,-,0,0,0,0,-,-,-,-
TXO,202607W1,20260701.0,41800.0,Put,38.5,38.5,38.5,38.5,38.5,▼-67.5,▼-63.68%,3,1,4,4,1.6,162,285,38.5
TXO,202607W1,20260701.0,41900.0,Call,-,-,-,-,6340,-,-,0,0,0,0,-,-,-,-
TXO,202607W1,20260701.0,41900.0,Put,50,50,41,41,41,▼-71,▼-63.39%,3,2,5,3,20.5,165,277,41
TXO,202607W1,20260701.0,42000.0,Call,-,-,-,-,6240,-,-,0,0,0,0,-,-,-,-
TXO,202607W1,20260701.0,42000.0,Put,70,70,40.5,43.5,43.5,▼-74.5,▼-63.14%,7,36,43,30,40,120,225,40.5
TXO,202607W1,20260701.0,42100.0,Call,-,-,-,-,6140,-,-,0,0,0,0,-,-,-,-
TXO,202607W1,20260701.0,42100.0,Put,70,70,70,70,43.5,▼-52,▼-42.62%,0,1,1,9,41,170,136,70
TXO,202607W1,20260701.0,42200.0,Call,-,-,-,-,6040,-,-,0,0,0,0,15,-,-,-
TXO,202607W1,20260701.0,42200.0,Put,55,56,45,45,45,▼-85,▼-65.38%,1,6,7,8,1.5,57,190,45
TXO,202607W1,20260701.0,42300.0,Call,-,-,-,-,5940,-,-,0,0,0,0,15,-,-,-
TXO,202607W1,20260701.0,42300.0,Put,72,72,54,54,46,▼-83,▼-60.58%,1,4,5,4,1,147,264,54
TXO,202607W1,20260701.0,42400.0,Call,-,-,-,-,5850,-,-,0,0,0,0,15,-,-,-
TXO,202607W1,20260701.0,42400.0,Put,62,62,51,51,47,▼-94,▼-64.83%,4,7,11,4,1.4,-,296,51
TXO,202607W1,20260701.0,42500.0,Call,-,-,-,-,5750,-,-,0,0,0,0,15,-,-,-
TXO,202607W1,20260701.0,42500.0,Put,70,70,47.5,47.5,47.5,▼-104.5,▼-68.75%,1,6,7,3,20,135,286,47.5
TXO,202607W1,20260701.0,42600.0,Call,-,-,-,-,5650,-,-,0,0,0,0,15,-,-,-
TXO,202607W1,20260701.0,42600.0,Put,75,75,75,75,53,▼-82,▼-52.23%,0,1,1,2,1.2,191,269,75
TXO,202607W1,20260701.0,42700.0,Call,-,-,-,-,5550,-,-,0,0,0,0,15,-,-,-
TXO,202607W1,20260701.0,42700.0,Put,92,92,92,92,54,▼-74,▼-44.58%,1,1,2,8,1.2,88,260,92
TXO,202607W1,20260701.0,42800.0,Call,-,-,-,-,5450,-,-,0,0,0,0,15,-,-,-
TXO,202607W1,20260701.0,42800.0,Put,74,74,62,62,56,▼-112,▼-64.37%,1,2,3,1,1.3,-,330,62
TXO,202607W1,20260701.0,42900.0,Call,-,-,-,-,5360,-,-,0,0,0,0,15,-,-,-
TXO,202607W1,20260701.0,42900.0,Put,77,77,68,68,59,▼-115,▼-62.84%,0,3,3,3,16.5,-,377,68
TXO,202607W1,20260701.0,43000.0,Call,-,-,-,-,5260,-,-,0,0,0,0,15,-,-,-
TXO,202607W1,20260701.0,43000.0,Put,102,105,62,68,61,▼-124,▼-64.58%,4,28,32,23,20,105,295,62
TXO,202607W1,20260701.0,43100.0,Call,-,-,-,-,5160,-,-,0,0,0,0,4910,-,-,-
TXO,202607W1,20260701.0,43100.0,Put,-,-,-,-,64,-,-,0,0,0,2,16.5,-,395,286
TXO,202607W1,20260701.0,43200.0,Call,-,-,-,-,5070,-,-,0,0,0,0,4810,-,-,-
TXO,202607W1,20260701.0,43200.0,Put,-,-,-,-,66,-,-,0,0,0,1,1.6,-,481,233
TXO,202607W1,20260701.0,43300.0,Call,-,-,-,-,4970,-,-,0,0,0,0,4710,-,-,-
TXO,202607W1,20260701.0,43300.0,Put,-,-,-,-,69,-,-,0,0,0,1,62,174,410,410
TXO,202607W1,20260701.0,43400.0,Call,-,-,-,-,4870,-,-,0,0,0,0,4600,-,-,-
TXO,202607W1,20260701.0,43400.0,Put,-,-,-,-,73,-,-,0,0,0,2,1.7,-,401,305
TXO,202607W1,20260701.0,43500.0,Call,-,-,-,-,4770,-,-,0,0,0,0,4520,-,-,-
TXO,202607W1,20260701.0,43500.0,Put,120,120,84,84,76,▼-164,▼-66.13%,11,34,45,39,38,-,370,84
TXO,202607W1,20260701.0,43600.0,Call,-,-,-,-,4680,-,-,0,0,0,0,4410,-,-,-
TXO,202607W1,20260701.0,43600.0,Put,145,145,101,101,80,▼-159,▼-61.15%,1,9,10,5,2.5,200,417,101
TXO,202607W1,20260701.0,43700.0,Call,-,-,-,-,4580,-,-,0,0,0,0,4330,-,-,-
TXO,202607W1,20260701.0,43700.0,Put,110,110,97,97,84,▼-174,▼-64.21%,0,3,3,2,16,102,500,97
TXO,202607W1,20260701.0,43800.0,Call,-,-,-,-,4490,-,-,0,0,0,0,15,-,-,-
TXO,202607W1,20260701.0,43800.0,Put,124,124,100,105,89,▼-181,▼-63.29%,2,5,7,4,16.5,190,290,100
TXO,202607W1,20260701.0,43900.0,Call,-,-,-,-,4390,-,-,0,0,0,0,4130,-,-,-
TXO,202607W1,20260701.0,43900.0,Put,125,125,107,107,92,▼-194,▼-64.45%,0,5,5,2,16.5,-,311,107
TXO,202607W1,20260701.0,44000.0,Call,-,-,-,-,4290,-,-,0,0,0,0,4040,-,-,-
TXO,202607W1,20260701.0,44000.0,Put,173,173,96,96,96,▼-220,▼-69.62%,9,63,72,52,60,96,575,96
TXO,202607W1,20260701.0,44100.0,Call,-,-,-,-,4200,-,-,0,0,0,0,3930,-,-,-
TXO,202607W1,20260701.0,44100.0,Put,-,-,-,-,102,-,-,0,0,0,0,20.5,-,-,-
TXO,202607W1,20260701.0,44200.0,Call,-,-,-,-,4110,-,-,0,0,0,0,15,-,-,-
TXO,202607W1,20260701.0,44200.0,Put,190,190,126,126,109,▼-222,▼-63.79%,0,3,3,2,32.5,195,190,126
TXO,202607W1,20260701.0,44300.0,Call,-,-,-,-,4010,-,-,0,0,0,0,3750,-,-,-
TXO,202607W1,20260701.0,44300.0,Put,-,-,-,-,114,-,-,20,0,20,20,99,231,336,336
TXO,202607W1,20260701.0,44400.0,Call,-,-,-,-,3920,-,-,0,0,0,0,3650,-,-,-
TXO,202607W1,20260701.0,44400.0,Put,215,215,148,148,119,▼-235,▼-61.36%,2,7,9,6,55,255,378,148
TXO,202607W1,20260701.0,44450.0,Call,-,-,-,-,3870,-,-,0,0,0,0,3610,-,-,-
TXO,202607W1,20260701.0,44450.0,Put,-,-,-,-,123,-,-,0,0,0,0,2.1,-,-,-
TXO,202607W1,20260701.0,44500.0,Call,-,-,-,-,3830,-,-,4,0,4,4,3570,-,2660,2620
TXO,202607W1,20260701.0,44500.0,Put,200,221,163,163,127,▼-241,▼-59.65%,3,5,8,10,22.5,-,745,18.5
TXO,202607W1,20260701.0,44550.0,Call,-,-,-,-,3780,-,-,0,0,0,0,3510,-,-,-
TXO,202607W1,20260701.0,44550.0,Put,-,-,-,-,130,-,-,0,0,0,0,2.4,-,-,-
TXO,202607W1,20260701.0,44600.0,Call,-,-,-,-,3730,-,-,0,0,0,0,15,-,2050,2020
TXO,202607W1,20260701.0,44600.0,Put,191,191,191,191,134,▼-231,▼-54.74%,30,1,31,30,2.1,191,326,191
TXO,202607W1,20260701.0,44650.0,Call,-,-,-,-,3690,-,-,0,0,0,0,3430,-,-,-
TXO,202607W1,20260701.0,44650.0,Put,-,-,-,-,138,-,-,0,0,0,0,2.4,-,-,-
TXO,202607W1,20260701.0,44700.0,Call,-,-,-,-,3640,-,-,0,0,0,0,3370,-,-,-
TXO,202607W1,20260701.0,44700.0,Put,245,245,146,146,146,▼-296,▼-66.97%,1,9,10,10,46,281,630,16
TXO,202607W1,20260701.0,44750.0,Call,-,-,-,-,3590,-,-,0,0,0,0,3340,-,2150,2070
TXO,202607W1,20260701.0,44750.0,Put,-,-,-,-,146,-,-,0,0,0,0,2.4,-,-,-
TXO,202607W1,20260701.0,44800.0,Call,-,-,-,-,3550,-,-,0,0,0,0,3290,-,-,-
TXO,202607W1,20260701.0,44800.0,Put,185,194,185,194,149,▼-271,▼-58.28%,0,2,2,2,2.4,254,595,185
TXO,202607W1,20260701.0,44850.0,Call,-,-,-,-,3500,-,-,0,0,0,0,3250,-,-,-
TXO,202607W1,20260701.0,44850.0,Put,-,-,-,-,154,-,-,0,0,0,0,2.1,-,-,-
TXO,202607W1,20260701.0,44900.0,Call,-,-,-,-,3460,-,-,0,0,0,0,3200,-,-,-
TXO,202607W1,20260701.0,44900.0,Put,-,-,-,-,158,-,-,0,0,0,1,16.5,-,685,610
TXO,202607W1,20260701.0,44950.0,Call,-,-,-,-,3410,-,-,0,0,0,0,3140,-,-,-
TXO,202607W1,20260701.0,44950.0,Put,-,-,-,-,163,-,-,0,0,0,0,44,-,-,-
TXO,202607W1,20260701.0,45000.0,Call,-,-,-,-,3370,-,-,0,0,0,0,3110,-,-,-
TXO,202607W1,20260701.0,45000.0,Put,281,286,168,175,168,▼-340,▼-66.02%,16,39,55,51,165,275,1100,168
TXO,202607W1,20260701.0,45050.0,Call,-,-,-,-,3320,-,-,0,0,0,0,3050,-,2050,2030
TXO,202607W1,20260701.0,45050.0,Put,256,256,256,256,173,▼-269,▼-51.24%,0,1,1,1,48,-,256,256
TXO,202607W1,20260701.0,45100.0,Call,-,-,-,-,3280,-,-,0,0,0,0,3020,-,2000,1970
TXO,202607W1,20260701.0,45100.0,Put,266,270,193,193,177,▼-347,▼-64.26%,4,4,8,6,15,299,416,193
TXO,202607W1,20260701.0,45150.0,Call,-,-,-,-,3230,-,-,0,0,0,0,2960,-,-,-
TXO,202607W1,20260701.0,45150.0,Put,-,-,-,-,183,-,-,0,0,0,0,62,-,-,-
TXO,202607W1,20260701.0,45200.0,Call,-,-,-,-,3190,-,-,0,0,0,0,2930,-,-,-
TXO,202607W1,20260701.0,45200.0,Put,318,318,296,296,189,▼-269,▼-47.61%,2,4,6,4,66,-,1020,296
TXO,202607W1,20260701.0,45250.0,Call,-,-,-,-,3140,-,-,0,0,0,1,2880,3950,2000,2000
TXO,202607W1,20260701.0,45250.0,Put,350,350,285,285,194,▼-295,▼-50.86%,0,3,3,2,15,299,350,285
TXO,202607W1,20260701.0,45300.0,Call,-,-,-,-,3100,-,-,0,0,0,0,2840,-,-,-
TXO,202607W1,20260701.0,45300.0,Put,-,-,-,-,201,-,-,0,0,0,0,78,-,-,-
TXO,202607W1,20260701.0,45350.0,Call,-,-,-,-,3060,-,-,0,0,0,0,2800,-,-,-
TXO,202607W1,20260701.0,45350.0,Put,-,-,-,-,206,-,-,0,0,0,0,86,-,-,-
TXO,202607W1,20260701.0,45400.0,Call,-,-,-,-,3010,-,-,0,0,0,0,2740,-,-,-
TXO,202607W1,20260701.0,45400.0,Put,315,315,215,215,215,▼-405,▼-65.32%,0,19,19,17,122,337,315,215
TXO,202607W1,20260701.0,45450.0,Call,-,-,-,-,2970,-,-,0,0,0,0,2710,-,-,-
TXO,202607W1,20260701.0,45450.0,Put,-,-,-,-,218,-,-,0,0,0,1,142,-,780,780
TXO,202607W1,20260701.0,45500.0,Call,-,-,-,-,2920,-,-,0,0,0,1,2670,3800,1250,1250
TXO,202607W1,20260701.0,45500.0,Put,328,328,233,233,225,▼-417,▼-64.15%,0,9,9,6,114,-,328,233
TXO,202607W1,20260701.0,45550.0,Call,-,-,-,-,2880,-,-,0,0,0,0,2620,-,-,-
TXO,202607W1,20260701.0,45550.0,Put,-,-,-,-,231,-,-,0,0,0,2,114,365,1160,1160
TXO,202607W1,20260701.0,45600.0,Call,2490,2490,2420,2420,2840,▲+700,▲+40.70%,2,2,4,0,15,-,2490,1770
TXO,202607W1,20260701.0,45600.0,Put,241,251,241,251,238,▼-429,▼-63.09%,0,2,2,2,142,345,965,241
TXO,202607W1,20260701.0,45650.0,Call,-,-,-,-,2790,-,-,0,0,0,0,2540,-,-,-
TXO,202607W1,20260701.0,45650.0,Put,350,350,296,296,245,▼-399,▼-57.41%,0,31,31,32,83,385,1030,296
TXO,202607W1,20260701.0,45700.0,Call,-,-,-,-,2750,-,-,0,0,0,1,15,2910,1280,1280
TXO,202607W1,20260701.0,45700.0,Put,-,-,-,-,252,-,-,0,0,0,0,186,-,925,920
TXO,202607W1,20260701.0,45750.0,Call,-,-,-,-,2710,-,-,0,0,0,1,2450,2870,1080,1080
TXO,202607W1,20260701.0,45750.0,Put,307,307,305,305,260,▼-420,▼-57.93%,1,35,36,35,168,410,585,305
TXO,202607W1,20260701.0,45800.0,Call,2500,2500,2500,2500,2670,▲+910,▲+57.23%,0,3,3,0,2410,-,2500,1370
TXO,202607W1,20260701.0,45800.0,Put,463,463,268,268,268,▼-472,▼-63.78%,15,49,64,17,15,376,795,268
TXO,202607W1,20260701.0,45850.0,Call,-,-,-,-,2630,-,-,0,0,0,1,2370,-,1390,1390
TXO,202607W1,20260701.0,45850.0,Put,373,373,373,373,276,▼-382,▼-50.60%,0,1,1,0,186,-,930,373
TXO,202607W1,20260701.0,45900.0,Call,-,-,-,-,2580,-,-,0,0,0,0,2320,2650,-,-
TXO,202607W1,20260701.0,45900.0,Put,-,-,-,-,285,-,-,1,0,1,0,196,-,1060,640
TXO,202607W1,20260701.0,45950.0,Call,-,-,-,-,2540,-,-,0,0,0,0,15.5,-,-,-
TXO,202607W1,20260701.0,45950.0,Put,429,440,299,299,293,▼-496,▼-62.39%,0,68,68,52,286,378,440,299
TXO,202607W1,20260701.0,46000.0,Call,-,-,-,-,2500,-,-,0,0,0,1,2240,2660,960,960
TXO,202607W1,20260701.0,46000.0,Put,500,500,309,310,302,▼-500,▼-61.73%,12,62,74,37,289,500,1050,309
TXO,202607W1,20260701.0,46050.0,Call,-,-,-,-,2460,-,-,0,0,0,0,2190,-,-,-
TXO,202607W1,20260701.0,46050.0,Put,377,377,370,370,310,▼-460,▼-55.42%,0,2,2,22,221,-,1140,370
TXO,202607W1,20260701.0,46100.0,Call,-,-,-,-,2420,-,-,0,0,0,0,2150,-,-,-
TXO,202607W1,20260701.0,46100.0,Put,-,-,-,-,321,-,-,0,0,0,0,231,-,-,-
TXO,202607W1,20260701.0,46150.0,Call,-,-,-,-,2380,-,-,0,0,0,0,2120,-,-,-
TXO,202607W1,20260701.0,46150.0,Put,-,-,-,-,330,-,-,0,0,0,0,170,-,-,-
TXO,202607W1,20260701.0,46200.0,Call,-,-,-,-,2340,-,-,1,0,1,6,2080,2490,1400,1120
TXO,202607W1,20260701.0,46200.0,Put,-,-,-,-,340,-,-,0,0,0,0,182,-,-,-
TXO,202607W1,20260701.0,46250.0,Call,-,-,-,-,2300,-,-,0,0,0,0,2170,-,-,-
TXO,202607W1,20260701.0,46250.0,Put,410,410,410,410,350,▼-495,▼-54.70%,0,1,1,1,190,469,410,410
TXO,202607W1,20260701.0,46300.0,Call,-,-,-,-,2260,-,-,1,0,1,12,15,2530,1310,1220
TXO,202607W1,20260701.0,46300.0,Put,605,605,413,413,360,▼-517,▼-55.59%,1,17,18,15,205,425,965,413
TXO,202607W1,20260701.0,46350.0,Call,-,-,-,-,2220,-,-,0,0,0,0,15.5,2450,-,-
TXO,202607W1,20260701.0,46350.0,Put,-,-,-,-,371,-,-,0,0,0,0,214,-,-,-
TXO,202607W1,20260701.0,46400.0,Call,-,-,-,-,2180,-,-,0,0,0,1,2040,2450,1160,1030
TXO,202607W1,20260701.0,46400.0,Put,428,450,428,450,381,▼-525,▼-53.85%,0,2,2,7,301,500,1230,428
TXO,202607W1,20260701.0,46450.0,Call,-,-,-,-,2140,-,-,0,0,0,0,2010,-,-,-
TXO,202607W1,20260701.0,46450.0,Put,-,-,-,-,392,-,-,0,0,0,0,236,-,-,-
TXO,202607W1,20260701.0,46500.0,Call,-,-,-,-,2100,-,-,0,0,0,0,1970,2350,-,-
TXO,202607W1,20260701.0,46500.0,Put,650,650,420,420,403,▼-600,▼-58.82%,6,14,20,7,375,800,995,420
TXO,202607W1,20260701.0,46550.0,Call,-,-,-,-,2060,-,-,0,0,0,0,1930,2260,1100,1050
TXO,202607W1,20260701.0,46550.0,Put,-,-,-,-,414,-,-,0,0,0,0,2.1,-,-,-
TXO,202607W1,20260701.0,46600.0,Call,-,-,-,-,2030,-,-,0,0,0,0,1900,-,-,-
TXO,202607W1,20260701.0,46600.0,Put,-,-,-,-,428,-,-,1,0,1,1,333,-,1600,845
TXO,202607W1,20260701.0,46650.0,Call,-,-,-,-,1990,-,-,0,0,0,0,1860,-,-,-
TXO,202607W1,20260701.0,46650.0,Put,-,-,-,-,442,-,-,0,0,0,0,2.1,-,-,-
TXO,202607W1,20260701.0,46700.0,Call,-,-,-,-,1960,-,-,0,0,0,17,1840,-,975,915
TXO,202607W1,20260701.0,46700.0,Put,-,-,-,-,457,-,-,0,0,0,0,301,-,-,-
TXO,202607W1,20260701.0,46750.0,Call,-,-,-,-,1920,-,-,1,0,1,0,1790,-,1290,915
TXO,202607W1,20260701.0,46750.0,Put,-,-,-,-,471,-,-,0,0,0,0,313,-,-,-
TXO,202607W1,20260701.0,46800.0,Call,1700,1700,1690,1690,1890,▲+680,▲+67.33%,0,5,5,6,1760,2030,1700,940
TXO,202607W1,20260701.0,46800.0,Put,615,615,560,560,487,▼-600,▼-51.72%,0,7,7,3,328,-,1440,560
TXO,202607W1,20260701.0,46850.0,Call,-,-,-,-,1850,-,-,0,0,0,0,1730,-,730,600
TXO,202607W1,20260701.0,46850.0,Put,-,-,-,-,500,-,-,2,0,2,2,340,-,1020,1020
TXO,202607W1,20260701.0,46900.0,Call,-,-,-,-,1820,-,-,0,0,0,5,15.5,1960,885,865
TXO,202607W1,20260701.0,46900.0,Put,630,630,630,630,520,▼-580,▼-47.93%,0,2,2,2,460,-,630,630
TXO,202607W1,20260701.0,46950.0,Call,-,-,-,-,1780,-,-,0,0,0,0,1660,2020,-,-
TXO,202607W1,20260701.0,46950.0,Put,-,-,-,-,535,-,-,0,0,0,0,417,-,-,-
TXO,202607W1,20260701.0,47000.0,Call,-,-,-,-,1750,-,-,8,0,8,10,1620,1950,1140,575
TXO,202607W1,20260701.0,47000.0,Put,800,800,555,555,555,▼-705,▼-55.95%,3,25,28,17,450,-,1020,555
TXO,202607W1,20260701.0,47050.0,Call,-,-,-,-,1720,-,-,0,0,0,0,1590,1950,-,-
TXO,202607W1,20260701.0,47050.0,Put,610,610,610,610,565,▼-680,▼-52.71%,0,1,1,1,465,-,610,610
TXO,202607W1,20260701.0,47100.0,Call,-,-,-,-,1680,-,-,0,0,0,0,40.5,-,-,-
TXO,202607W1,20260701.0,47100.0,Put,665,665,665,665,585,▼-645,▼-49.24%,0,1,1,0,482,-,1490,665
TXO,202607W1,20260701.0,47150.0,Call,-,-,-,-,1650,-,-,0,0,0,1,1530,2000,780,780
TXO,202607W1,20260701.0,47150.0,Put,-,-,-,-,600,-,-,0,0,0,0,498,-,-,-
TXO,202607W1,20260701.0,47200.0,Call,1480,1520,1410,1450,1620,▲+635,▲+77.91%,2,8,10,7,15,1790,1520,660
TXO,202607W1,20260701.0,47200.0,Put,705,705,680,680,620,▼-690,▼-50.36%,0,2,2,1,494,-,705,680
TXO,202607W1,20260701.0,47250.0,Call,-,-,-,-,1590,-,-,0,0,0,0,1460,1750,-,-
TXO,202607W1,20260701.0,47250.0,Put,-,-,-,-,635,-,-,0,0,0,0,510,-,-,-
TXO,202607W1,20260701.0,47300.0,Call,1390,1390,1390,1390,1560,▲+625,▲+81.70%,0,1,1,11,1420,1670,1390,655
TXO,202607W1,20260701.0,47300.0,Put,-,-,-,-,655,-,-,0,0,0,0,530,-,-,-
TXO,202607W1,20260701.0,47350.0,Call,-,-,-,-,1520,-,-,0,0,0,0,1390,1690,-,-
TXO,202607W1,20260701.0,47350.0,Put,-,-,-,-,675,-,-,0,0,0,0,555,-,-,-
TXO,202607W1,20260701.0,47400.0,Call,1070,1070,1070,1070,1490,▲+345,▲+47.59%,2,1,3,1,1370,1610,1070,875
TXO,202607W1,20260701.0,47400.0,Put,725,725,695,695,695,▼-785,▼-53.04%,0,2,2,0,-,-,725,695
TXO,202607W1,20260701.0,47450.0,Call,-,-,-,-,1460,-,-,0,0,0,0,1340,-,-,-
TXO,202607W1,20260701.0,47450.0,Put,965,965,965,965,715,▼-545,▼-36.09%,0,1,1,1,575,-,965,965
TXO,202607W1,20260701.0,47500.0,Call,970,970,970,970,1430,▲+285,▲+41.61%,1,1,2,2,1300,-,970,610
TXO,202607W1,20260701.0,47500.0,Put,1020,1020,725,725,735,▼-815,▼-52.92%,10,23,33,27,590,835,1250,725
TXO,202607W1,20260701.0,47550.0,Call,-,-,-,-,1400,-,-,0,0,0,0,1270,-,-,-
TXO,202607W1,20260701.0,47550.0,Put,945,960,765,765,755,▼-805,▼-51.27%,0,10,10,8,15,870,960,765
TXO,202607W1,20260701.0,47600.0,Call,1250,1250,1190,1190,1370,▲+540,▲+83.08%,1,3,4,1,1240,1490,1250,560
TXO,202607W1,20260701.0,47600.0,Put,955,955,765,765,775,▼-835,▼-52.19%,0,9,9,4,15,1040,955,765
TXO,202607W1,20260701.0,47650.0,Call,-,-,-,-,1350,-,-,0,0,0,0,1230,1420,-,-
TXO,202607W1,20260701.0,47650.0,Put,-,-,-,-,795,-,-,0,0,0,0,15,-,-,-
TXO,202607W1,20260701.0,47700.0,Call,1040,1040,1040,1040,1320,▲+435,▲+71.90%,0,1,1,1,1200,-,1040,515
TXO,202607W1,20260701.0,47700.0,Put,940,965,870,870,815,▼-790,▼-47.59%,0,14,14,14,695,930,965,870
TXO,202607W1,20260701.0,47750.0,Call,-,-,-,-,1290,-,-,0,0,0,0,43,1330,-,-
TXO,202607W1,20260701.0,47750.0,Put,970,1000,970,1000,840,▼-690,▼-40.83%,0,2,2,2,-,950,1000,970
TXO,202607W1,20260701.0,47800.0,Call,1000,1180,1000,1170,1260,▲+600,▲+105.26%,0,20,20,15,1110,-,1180,321
TXO,202607W1,20260701.0,47800.0,Put,1040,1050,830,830,860,▼-890,▼-51.74%,0,13,13,4,500,950,1050,830
TXO,202607W1,20260701.0,47850.0,Call,-,-,-,-,1230,-,-,0,0,0,0,38.5,-,-,-
TXO,202607W1,20260701.0,47850.0,Put,-,-,-,-,880,-,-,0,0,0,0,-,-,-,-
TXO,202607W1,20260701.0,47900.0,Call,-,-,-,-,1210,-,-,0,0,0,0,15,-,-,-
TXO,202607W1,20260701.0,47900.0,Put,-,-,-,-,905,-,-,0,0,0,0,-,1080,-,-
TXO,202607W1,20260701.0,48000.0,Call,770,1100,770,1090,1150,▲+590,▲+118.00%,4,28,32,24,1000,-,1100,420
TXO,202607W1,20260701.0,48000.0,Put,1100,1100,980,1030,950,▼-820,▼-44.32%,0,16,16,6,-,1030,1100,980
TXO,202607W1,20260701.0,48100.0,Call,920,920,920,920,1100,▲+451,▲+96.16%,0,2,2,2,30.5,1200,920,441
TXO,202607W1,20260701.0,48100.0,Put,1080,1080,1080,1080,1000,▼-840,▼-43.75%,0,1,1,1,15,1070,1080,1080
TXO,202607W1,20260701.0,48200.0,Call,860,915,860,915,1050,▲+476,▲+108.43%,0,2,2,2,875,-,915,410
TXO,202607W1,20260701.0,48200.0,Put,1100,1100,1100,1100,1050,▼-890,▼-44.72%,0,1,1,1,15,1090,1100,1100
TXO,202607W1,20260701.0,48300.0,Call,735,735,735,735,985,▲+321,▲+77.54%,0,3,3,4,825,-,735,388
TXO,202607W1,20260701.0,48300.0,Put,1110,1110,1110,1110,1080,▼-950,▼-46.12%,0,1,1,1,15,1150,1110,1110
TXO,202607W1,20260701.0,48400.0,Call,770,790,770,790,930,▲+407,▲+106.27%,0,3,3,3,765,-,790,770
TXO,202607W1,20260701.0,48400.0,Put,-,-,-,-,1130,-,-,0,0,0,0,15,-,-,-
TXO,202607W1,20260701.0,48500.0,Call,720,800,720,800,885,▲+442,▲+123.46%,0,5,5,3,710,-,800,720
TXO,202607W1,20260701.0,48500.0,Put,1240,1240,1240,1240,1190,▼-970,▼-43.89%,0,2,2,2,15,1280,1240,1240
TXO,202607W1,20260701.0,48600.0,Call,-,-,-,-,840,-,-,0,0,0,1,650,-,300,300
TXO,202607W1,20260701.0,48600.0,Put,-,-,-,-,1240,-,-,0,0,0,0,15,-,-,-
TXO,202607W1,20260701.0,48700.0,Call,-,-,-,-,795,-,-,1,0,1,1,610,-,338,338
TXO,202607W1,20260701.0,48700.0,Put,-,-,-,-,1290,-,-,0,0,0,0,1210,1260,-,-
TXO,202607W1,20260701.0,48800.0,Call,630,640,630,640,750,▲+352,▲+122.22%,10,5,15,5,645,-,640,190
TXO,202607W1,20260701.0,48800.0,Put,-,-,-,-,1350,-,-,0,0,0,0,1260,1320,-,-
TXO,202607W1,20260701.0,48900.0,Call,-,-,-,-,710,-,-,0,0,0,0,540,-,-,-
TXO,202607W1,20260701.0,48900.0,Put,-,-,-,-,1410,-,-,0,0,0,0,1030,-,-,-
TXO,202607W1,20260701.0,49000.0,Call,340,605,340,605,670,▲+356,▲+142.97%,1,11,12,6,645,-,605,180
TXO,202607W1,20260701.0,49000.0,Put,-,-,-,-,1470,-,-,0,0,0,0,15,1430,-,-
TXO,202607W1,20260701.0,49100.0,Call,-,-,-,-,635,-,-,0,0,0,2,472,730,223,157
TXO,202607W1,20260701.0,49100.0,Put,-,-,-,-,1530,-,-,0,0,0,0,1440,-,-,-
TXO,202607W1,20260701.0,49200.0,Call,340,500,340,500,600,▲+285,▲+132.56%,1,4,5,6,1.6,695,500,128
TXO,202607W1,20260701.0,49200.0,Put,-,-,-,-,1600,-,-,0,0,0,0,1220,1560,-,-
TXO,202607W1,20260701.0,49300.0,Call,365,468,365,456,565,▲+256,▲+128.00%,6,7,13,8,411,635,468,122
TXO,202607W1,20260701.0,49300.0,Put,-,-,-,-,1670,-,-,0,0,0,0,1280,1620,-,-
TXO,202607W1,20260701.0,49400.0,Call,368,368,368,368,535,▲+183,▲+98.92%,0,3,3,3,371,620,368,368
TXO,202607W1,20260701.0,49400.0,Put,1830,1830,1690,1720,1730,▼-1220,▼-41.50%,0,6,6,5,1350,1790,1830,1690
TXO,202607W1,20260701.0,49500.0,Call,240,394,240,385,490,▲+213,▲+123.84%,1,12,13,10,340,-,394,130
TXO,202607W1,20260701.0,49500.0,Put,-,-,-,-,1790,-,-,0,0,0,0,1700,1760,-,-
TXO,202607W1,20260701.0,49600.0,Call,309,309,309,309,461,▲+150,▲+94.34%,0,1,1,1,1.2,-,309,145
TXO,202607W1,20260701.0,49600.0,Put,-,-,-,-,1860,-,-,0,0,0,0,1740,1830,-,-
TXO,202607W1,20260701.0,49700.0,Call,-,-,-,-,432,-,-,0,0,0,0,248,-,-,-
TXO,202607W1,20260701.0,49700.0,Put,-,-,-,-,1930,-,-,0,0,0,0,1800,-,-,-
TXO,202607W1,20260701.0,49800.0,Call,243,345,243,345,405,▲+208,▲+151.82%,1,5,6,4,162,-,345,88
TXO,202607W1,20260701.0,49800.0,Put,-,-,-,-,2000,-,-,0,0,0,0,1880,1970,-,-
TXO,202607W1,20260701.0,49900.0,Call,-,-,-,-,379,-,-,0,0,0,0,136,-,-,-
TXO,202607W1,20260701.0,49900.0,Put,-,-,-,-,2080,-,-,0,0,0,0,1950,-,-,-
TXO,202607W1,20260701.0,50000.0,Call,175,317,175,305,355,▲+189,▲+162.93%,29,38,67,31,300,-,317,82
TXO,202607W1,20260701.0,50000.0,Put,-,-,-,-,2150,-,-,0,0,0,0,2030,2120,-,-
TXO,202607W1,20260701.0,50100.0,Call,250,250,250,250,332,▲+148,▲+145.10%,0,1,1,2,135,412,250,102
TXO,202607W1,20260701.0,50100.0,Put,-,-,-,-,2230,-,-,0,0,0,0,2110,2200,-,-
TXO,202607W1,20260701.0,50200.0,Call,239,239,239,239,311,▲+147,▲+159.78%,0,3,3,3,77,-,239,92
TXO,202607W1,20260701.0,50200.0,Put,-,-,-,-,2310,-,-,0,0,0,0,1930,2280,-,-
TXO,202607W1,20260701.0,50300.0,Call,281,281,281,281,291,▲+194,▲+222.99%,2,1,3,3,98,364,281,80
TXO,202607W1,20260701.0,50300.0,Put,-,-,-,-,2390,-,-,0,0,0,0,15,2360,-,-
TXO,202607W1,20260701.0,50400.0,Call,147,196,147,196,271,▲+115,▲+141.98%,0,2,2,4,79,366,196,50
TXO,202607W1,20260701.0,50400.0,Put,-,-,-,-,2470,-,-,0,0,0,0,2370,2440,-,-
TXO,202607W1,20260701.0,50500.0,Call,123,228,123,228,251,▲+156,▲+216.67%,3,23,26,17,91,-,228,58
TXO,202607W1,20260701.0,50500.0,Put,-,-,-,-,2550,-,-,0,0,0,0,2450,2520,-,-
TXO,202607W1,20260701.0,50600.0,Call,150,150,150,150,233,▲+87,▲+138.10%,0,1,1,1,48.5,333,150,150
TXO,202607W1,20260701.0,50600.0,Put,-,-,-,-,2630,-,-,0,0,0,0,2260,-,-,-
TXO,202607W1,20260701.0,50700.0,Call,143,143,137,137,217,▲+83,▲+153.70%,0,3,3,2,62,295,143,137
TXO,202607W1,20260701.0,50700.0,Put,-,-,-,-,2710,-,-,0,0,0,0,2340,2690,-,-
TXO,202607W1,20260701.0,50800.0,Call,-,-,-,-,201,-,-,0,0,0,0,49,-,-,-
TXO,202607W1,20260701.0,50800.0,Put,-,-,-,-,2800,-,-,0,0,0,0,2430,-,-,-
TXO,202607W1,20260701.0,50900.0,Call,100,100,100,100,187,▲+64,▲+177.78%,0,1,1,1,37,-,100,100
TXO,202607W1,20260701.0,50900.0,Put,-,-,-,-,2880,-,-,0,0,0,0,2620,-,-,-
TXO,202607W1,20260701.0,51000.0,Call,95,134,95,125,173,▲+98,▲+362.96%,0,18,18,18,22.5,-,134,95
TXO,202607W1,20260701.0,51000.0,Put,-,-,-,-,2970,-,-,0,0,0,0,2600,-,-,-
TXO,202607W1,20260701.0,51100.0,Call,-,-,-,-,160,-,-,0,0,0,0,15.5,-,-,-
TXO,202607W1,20260701.0,51100.0,Put,-,-,-,-,3060,-,-,0,0,0,0,2800,3030,-,-
TXO,202607W1,20260701.0,51200.0,Call,50,150,50,150,150,▲+141,"▲+1,566.67%",0,31,31,14,51,249,150,50
TXO,202607W1,20260701.0,51200.0,Put,-,-,-,-,3150,-,-,0,0,0,0,2780,3120,-,-
TXO,202607F1,20260703.0,41800.0,Call,-,-,-,-,6490,-,-,0,0,0,0,-,-,-,-
TXO,202607F1,20260703.0,41800.0,Put,76,80,61,61,61,▼-78,▼-56.12%,0,16,16,16,60,88,80,61
TXO,202607F1,20260703.0,41900.0,Call,-,-,-,-,6390,-,-,0,0,0,0,-,-,-,-
TXO,202607F1,20260703.0,41900.0,Put,80,80,64,64,64,▼-82,▼-56.16%,0,10,10,10,50,108,80,64
TXO,202607F1,20260703.0,42000.0,Call,-,-,-,-,6300,-,-,0,0,0,0,15,-,-,-
TXO,202607F1,20260703.0,42000.0,Put,84,88,67,67,67,▼-86,▼-56.21%,0,12,12,9,17,94,88,67
TXO,202607F1,20260703.0,42100.0,Call,-,-,-,-,6200,-,-,0,0,0,0,16,-,-,-
TXO,202607F1,20260703.0,42100.0,Put,67,67,67,67,72,▼-93,▼-58.13%,0,6,6,6,18,108,67,67
TXO,202607F1,20260703.0,42200.0,Call,-,-,-,-,6100,-,-,0,0,0,0,15,-,-,-
TXO,202607F1,20260703.0,42200.0,Put,68,68,68,68,74,▼-100,▼-59.52%,0,6,6,6,20,78,68,68
TXO,202607F1,20260703.0,42300.0,Call,-,-,-,-,6010,-,-,0,0,0,0,15,-,-,-
TXO,202607F1,20260703.0,42300.0,Put,-,-,-,-,77,-,-,0,0,0,0,1.5,-,-,-
TXO,202607F1,20260703.0,42400.0,Call,-,-,-,-,5910,-,-,0,0,0,0,5600,-,-,-
TXO,202607F1,20260703.0,42400.0,Put,119,119,99,101,80,▼-83,▼-45.11%,0,3,3,3,4,125,119,99
TXO,202607F1,20260703.0,42500.0,Call,-,-,-,-,5810,-,-,0,0,0,0,5510,-,-,-
TXO,202607F1,20260703.0,42500.0,Put,83,83,83,83,83,▼-110,▼-56.99%,0,1,1,1,71,131,83,83
TXO,202607F1,20260703.0,42600.0,Call,-,-,-,-,5720,-,-,0,0,0,0,5400,-,-,-
TXO,202607F1,20260703.0,42600.0,Put,-,-,-,-,87,-,-,0,0,0,0,2.4,-,-,-
TXO,202607F1,20260703.0,42700.0,Call,-,-,-,-,5620,-,-,0,0,0,0,5310,-,-,-
TXO,202607F1,20260703.0,42700.0,Put,-,-,-,-,92,-,-,0,0,0,0,14.5,-,-,-
TXO,202607F1,20260703.0,42800.0,Call,-,-,-,-,5520,-,-,0,0,0,0,5210,-,-,-
TXO,202607F1,20260703.0,42800.0,Put,-,-,-,-,95,-,-,0,0,0,0,12.5,-,-,-
TXO,202607F1,20260703.0,42900.0,Call,-,-,-,-,5430,-,-,0,0,0,0,5130,-,-,-
TXO,202607F1,20260703.0,42900.0,Put,-,-,-,-,101,-,-,0,0,0,0,3.5,-,-,-
TXO,202607F1,20260703.0,43000.0,Call,-,-,-,-,5330,-,-,0,0,0,0,15,-,-,-
TXO,202607F1,20260703.0,43000.0,Put,111,111,107,107,103,▼-139,▼-56.50%,0,3,3,2,22,120,111,107
TXO,202607F1,20260703.0,43100.0,Call,-,-,-,-,5240,-,-,0,0,0,0,15,-,-,-
TXO,202607F1,20260703.0,43100.0,Put,119,119,106,106,106,▼-152,▼-58.91%,0,2,2,2,20.5,140,119,106
TXO,202607F1,20260703.0,43200.0,Call,-,-,-,-,5140,-,-,0,0,0,0,4840,-,-,-
TXO,202607F1,20260703.0,43200.0,Put,-,-,-,-,113,-,-,0,0,0,0,6.8,-,-,-
TXO,202607F1,20260703.0,43300.0,Call,-,-,-,-,5050,-,-,0,0,0,0,4750,-,-,-
TXO,202607F1,20260703.0,43300.0,Put,-,-,-,-,118,-,-,0,0,0,0,17,-,-,-
TXO,202607F1,20260703.0,43400.0,Call,-,-,-,-,4950,-,-,0,0,0,0,4650,-,-,-
TXO,202607F1,20260703.0,43400.0,Put,177,177,177,177,124,▼-121,▼-40.60%,0,1,1,1,26,-,177,177
TXO,202607F1,20260703.0,43500.0,Call,-,-,-,-,4860,-,-,0,0,0,0,15,-,-,-
TXO,202607F1,20260703.0,43500.0,Put,135,135,135,135,135,▼-177,▼-56.73%,0,1,1,1,88,-,135,135
TXO,202607F1,20260703.0,43600.0,Call,-,-,-,-,4760,-,-,0,0,0,0,4460,-,-,-
TXO,202607F1,20260703.0,43600.0,Put,163,163,163,163,137,▼-165,▼-50.30%,0,1,1,1,51,248,163,163
TXO,202607F1,20260703.0,43700.0,Call,-,-,-,-,4670,-,-,0,0,0,0,4370,-,-,-
TXO,202607F1,20260703.0,43700.0,Put,-,-,-,-,142,-,-,0,0,0,0,2.3,-,-,-
TXO,202607F1,20260703.0,43800.0,Call,-,-,-,-,4580,-,-,0,0,0,0,4270,-,-,-
TXO,202607F1,20260703.0,43800.0,Put,-,-,-,-,149,-,-,0,0,0,0,45,-,-,-
TXO,202607F1,20260703.0,43900.0,Call,-,-,-,-,4490,-,-,0,0,0,0,4170,-,-,-
TXO,202607F1,20260703.0,43900.0,Put,-,-,-,-,156,-,-,0,0,0,0,2.6,-,-,-
TXO,202607F1,20260703.0,44000.0,Call,-,-,-,-,4390,-,-,0,0,0,0,4090,-,-,-
TXO,202607F1,20260703.0,44000.0,Put,-,-,-,-,164,-,-,0,0,0,0,92,-,-,-
TXO,202607F1,20260703.0,44100.0,Call,-,-,-,-,4300,-,-,0,0,0,0,4000,-,-,-
TXO,202607F1,20260703.0,44100.0,Put,-,-,-,-,172,-,-,0,0,0,0,49.5,-,-,-
TXO,202607F1,20260703.0,44200.0,Call,-,-,-,-,4210,-,-,0,0,0,0,3910,-,-,-
TXO,202607F1,20260703.0,44200.0,Put,-,-,-,-,180,-,-,0,0,0,0,90,-,-,-
TXO,202607F1,20260703.0,44300.0,Call,-,-,-,-,4120,-,-,0,0,0,0,3810,-,-,-
TXO,202607F1,20260703.0,44300.0,Put,202,202,202,202,189,▼-257,▼-55.99%,0,1,1,1,139,299,202,202
TXO,202607F1,20260703.0,44400.0,Call,-,-,-,-,4030,-,-,0,0,0,0,15,-,-,-
TXO,202607F1,20260703.0,44400.0,Put,-,-,-,-,198,-,-,0,0,0,0,130,-,-,-
TXO,202607F1,20260703.0,44500.0,Call,-,-,-,-,3940,-,-,0,0,0,0,3620,-,-,-
TXO,202607F1,20260703.0,44500.0,Put,247,247,230,230,209,▼-270,▼-54.00%,0,2,2,2,163,330,247,230
TXO,202607F1,20260703.0,44600.0,Call,-,-,-,-,3850,-,-,0,0,0,0,3540,-,-,-
TXO,202607F1,20260703.0,44600.0,Put,-,-,-,-,219,-,-,0,0,0,0,50,-,-,-
TXO,202607F1,20260703.0,44700.0,Call,-,-,-,-,3760,-,-,0,0,0,0,3450,-,-,-
TXO,202607F1,20260703.0,44700.0,Put,-,-,-,-,230,-,-,0,0,0,0,118,-,-,-
TXO,202607F1,20260703.0,44800.0,Call,-,-,-,-,3670,-,-,0,0,0,0,3370,-,-,-
TXO,202607F1,20260703.0,44800.0,Put,-,-,-,-,239,-,-,0,0,0,0,75,-,-,-
TXO,202607F1,20260703.0,44900.0,Call,-,-,-,-,3580,-,-,0,0,0,0,3280,-,-,-
TXO,202607F1,20260703.0,44900.0,Put,256,256,256,256,256,▼-349,▼-57.69%,0,5,5,0,153,-,256,256
TXO,202607F1,20260703.0,45000.0,Call,-,-,-,-,3500,-,-,0,0,0,0,3190,-,-,-
TXO,202607F1,20260703.0,45000.0,Put,310,380,283,283,266,▼-352,▼-55.43%,0,32,32,31,166,395,380,283
TXO,202607F1,20260703.0,45100.0,Call,-,-,-,-,3410,-,-,0,0,0,0,3110,-,-,-
TXO,202607F1,20260703.0,45100.0,Put,-,-,-,-,280,-,-,0,0,0,0,186,-,-,-
TXO,202607F1,20260703.0,45150.0,Call,-,-,-,-,3370,-,-,0,0,0,0,3060,-,-,-
TXO,202607F1,20260703.0,45150.0,Put,-,-,-,-,288,-,-,0,0,0,0,188,-,-,-
TXO,202607F1,20260703.0,45200.0,Call,-,-,-,-,3320,-,-,0,0,0,0,3020,-,-,-
TXO,202607F1,20260703.0,45200.0,Put,316,316,316,316,294,▼-379,▼-54.53%,0,10,10,10,127,426,316,316
TXO,202607F1,20260703.0,45250.0,Call,-,-,-,-,3280,-,-,0,0,0,0,2980,-,-,-
TXO,202607F1,20260703.0,45250.0,Put,-,-,-,-,301,-,-,0,0,0,0,231,-,-,-
TXO,202607F1,20260703.0,45300.0,Call,-,-,-,-,3240,-,-,0,0,0,0,2930,-,-,-
TXO,202607F1,20260703.0,45300.0,Put,-,-,-,-,309,-,-,0,0,0,0,15,-,-,-
TXO,202607F1,20260703.0,45350.0,Call,-,-,-,-,3200,-,-,0,0,0,0,2880,-,-,-
TXO,202607F1,20260703.0,45350.0,Put,-,-,-,-,317,-,-,0,0,0,0,15,-,-,-
TXO,202607F1,20260703.0,45400.0,Call,-,-,-,-,3160,-,-,0,0,0,0,2850,-,-,-
TXO,202607F1,20260703.0,45400.0,Put,-,-,-,-,325,-,-,0,0,0,0,232,-,-,-
TXO,202607F1,20260703.0,45450.0,Call,-,-,-,-,3110,-,-,0,0,0,0,2810,-,-,-
TXO,202607F1,20260703.0,45450.0,Put,-,-,-,-,333,-,-,0,0,0,0,243,-,-,-
TXO,202607F1,20260703.0,45500.0,Call,-,-,-,-,3070,-,-,0,0,0,0,2760,-,-,-
TXO,202607F1,20260703.0,45500.0,Put,-,-,-,-,342,-,-,0,0,0,0,175,-,-,-
TXO,202607F1,20260703.0,45550.0,Call,-,-,-,-,3030,-,-,0,0,0,0,15,-,-,-
TXO,202607F1,20260703.0,45550.0,Put,-,-,-,-,349,-,-,0,0,0,0,187,-,-,-
TXO,202607F1,20260703.0,45600.0,Call,-,-,-,-,2990,-,-,0,0,0,0,15,-,-,-
TXO,202607F1,20260703.0,45600.0,Put,440,440,440,440,359,▼-390,▼-46.99%,0,1,1,1,195,473,440,440
TXO,202607F1,20260703.0,45650.0,Call,-,-,-,-,2950,-,-,0,0,0,0,2630,-,-,-
TXO,202607F1,20260703.0,45650.0,Put,-,-,-,-,368,-,-,0,0,0,0,191,-,-,-
TXO,202607F1,20260703.0,45700.0,Call,-,-,-,-,2910,-,-,0,0,0,0,2600,-,-,-
TXO,202607F1,20260703.0,45700.0,Put,-,-,-,-,375,-,-,0,0,0,0,23.5,-,-,-
TXO,202607F1,20260703.0,45750.0,Call,-,-,-,-,2870,-,-,0,0,0,0,2550,3150,-,-
TXO,202607F1,20260703.0,45750.0,Put,-,-,-,-,386,-,-,0,0,0,0,224,-,-,-
TXO,202607F1,20260703.0,45800.0,Call,-,-,-,-,2830,-,-,0,0,0,0,2520,-,-,-
TXO,202607F1,20260703.0,45800.0,Put,-,-,-,-,396,-,-,0,0,0,0,315,-,-,-
TXO,202607F1,20260703.0,45850.0,Call,-,-,-,-,2790,-,-,0,0,0,0,2480,3060,-,-
TXO,202607F1,20260703.0,45850.0,Put,-,-,-,-,405,-,-,0,0,0,0,242,-,-,-
TXO,202607F1,20260703.0,45900.0,Call,-,-,-,-,2750,-,-,0,0,0,0,2430,3030,-,-
TXO,202607F1,20260703.0,45900.0,Put,-,-,-,-,415,-,-,0,0,0,0,252,-,-,-
TXO,202607F1,20260703.0,45950.0,Call,-,-,-,-,2710,-,-,0,0,0,0,2400,2970,-,-
TXO,202607F1,20260703.0,45950.0,Put,-,-,-,-,426,-,-,0,0,0,0,266,-,-,-
TXO,202607F1,20260703.0,46000.0,Call,-,-,-,-,2670,-,-,0,0,0,0,2360,2950,-,-
TXO,202607F1,20260703.0,46000.0,Put,-,-,-,-,436,-,-,0,0,0,0,276,-,-,-
TXO,202607F1,20260703.0,46050.0,Call,-,-,-,-,2630,-,-,0,0,0,0,2310,2910,-,-
TXO,202607F1,20260703.0,46050.0,Put,-,-,-,-,447,-,-,0,0,0,0,267,-,-,-
TXO,202607F1,20260703.0,46100.0,Call,-,-,-,-,2590,-,-,0,0,0,0,15,-,-,-
TXO,202607F1,20260703.0,46100.0,Put,-,-,-,-,459,-,-,0,0,0,0,297,-,-,-
TXO,202607F1,20260703.0,46150.0,Call,-,-,-,-,2550,-,-,0,0,0,0,2240,-,-,-
TXO,202607F1,20260703.0,46150.0,Put,-,-,-,-,472,-,-,0,0,0,0,277,-,-,-
TXO,202607F1,20260703.0,46200.0,Call,-,-,-,-,2520,-,-,0,0,0,0,2200,-,-,-
TXO,202607F1,20260703.0,46200.0,Put,-,-,-,-,485,-,-,0,0,0,0,324,-,-,-
TXO,202607F1,20260703.0,46250.0,Call,-,-,-,-,2480,-,-,0,0,0,0,2160,-,-,-
TXO,202607F1,20260703.0,46250.0,Put,-,-,-,-,498,-,-,0,0,0,0,333,-,-,-
TXO,202607F1,20260703.0,46300.0,Call,-,-,-,-,2440,-,-,0,0,0,0,2130,2700,-,-
TXO,202607F1,20260703.0,46300.0,Put,-,-,-,-,510,-,-,0,0,0,0,344,-,-,-
TXO,202607F1,20260703.0,46350.0,Call,-,-,-,-,2400,-,-,0,0,0,0,2100,2680,-,-
TXO,202607F1,20260703.0,46350.0,Put,-,-,-,-,520,-,-,0,0,0,0,15,-,-,-
TXO,202607F1,20260703.0,46400.0,Call,-,-,-,-,2360,-,-,0,0,0,0,2060,-,-,-
TXO,202607F1,20260703.0,46400.0,Put,-,-,-,-,530,-,-,0,0,0,0,371,-,-,-
TXO,202607F1,20260703.0,46450.0,Call,-,-,-,-,2320,-,-,0,0,0,0,2030,-,-,-
TXO,202607F1,20260703.0,46450.0,Put,-,-,-,-,540,-,-,0,0,0,0,383,-,-,-
TXO,202607F1,20260703.0,46500.0,Call,-,-,-,-,2290,-,-,0,0,0,0,1980,-,-,-
TXO,202607F1,20260703.0,46500.0,Put,610,610,610,610,555,▼-610,▼-50.00%,0,1,1,1,393,675,610,610
TXO,202607F1,20260703.0,46550.0,Call,-,-,-,-,2250,-,-,0,0,0,0,1950,2510,-,-
TXO,202607F1,20260703.0,46550.0,Put,-,-,-,-,565,-,-,0,0,0,0,409,-,-,-
TXO,202607F1,20260703.0,46600.0,Call,-,-,-,-,2210,-,-,0,0,0,0,1920,-,-,-
TXO,202607F1,20260703.0,46600.0,Put,-,-,-,-,580,-,-,0,0,0,0,422,-,-,-
TXO,202607F1,20260703.0,46650.0,Call,-,-,-,-,2180,-,-,0,0,0,0,1890,2490,-,-
TXO,202607F1,20260703.0,46650.0,Put,-,-,-,-,595,-,-,0,0,0,0,392,-,-,-
TXO,202607F1,20260703.0,46700.0,Call,-,-,-,-,2140,-,-,0,0,0,0,1880,-,-,-
TXO,202607F1,20260703.0,46700.0,Put,-,-,-,-,610,-,-,0,0,0,0,426,-,-,-
TXO,202607F1,20260703.0,46750.0,Call,-,-,-,-,2110,-,-,0,0,0,0,1860,-,-,-
TXO,202607F1,20260703.0,46750.0,Put,-,-,-,-,625,-,-,0,0,0,0,464,-,-,-
TXO,202607F1,20260703.0,46800.0,Call,-,-,-,-,2070,-,-,0,0,0,0,1810,2350,-,-
TXO,202607F1,20260703.0,46800.0,Put,-,-,-,-,640,-,-,0,0,0,0,430,-,-,-
TXO,202607F1,20260703.0,46850.0,Call,-,-,-,-,2030,-,-,0,0,0,0,1790,-,-,-
TXO,202607F1,20260703.0,46850.0,Put,-,-,-,-,655,-,-,0,0,0,0,473,-,-,-
TXO,202607F1,20260703.0,46900.0,Call,-,-,-,-,2000,-,-,0,0,0,0,1760,2260,-,-
TXO,202607F1,20260703.0,46900.0,Put,-,-,-,-,670,-,-,0,0,0,0,520,-,-,-
TXO,202607F1,20260703.0,46950.0,Call,-,-,-,-,1960,-,-,0,0,0,0,1730,-,-,-
TXO,202607F1,20260703.0,46950.0,Put,-,-,-,-,680,-,-,0,0,0,0,540,-,-,-
TXO,202607F1,20260703.0,47000.0,Call,-,-,-,-,1930,-,-,0,0,0,0,1690,2210,-,-
TXO,202607F1,20260703.0,47000.0,Put,-,-,-,-,695,-,-,0,0,0,0,605,-,-,-
TXO,202607F1,20260703.0,47050.0,Call,-,-,-,-,1900,-,-,0,0,0,0,1650,-,-,-
TXO,202607F1,20260703.0,47050.0,Put,-,-,-,-,715,-,-,0,0,0,0,620,-,-,-
TXO,202607F1,20260703.0,47100.0,Call,-,-,-,-,1860,-,-,0,0,0,0,1630,2140,-,-
TXO,202607F1,20260703.0,47100.0,Put,-,-,-,-,730,-,-,0,0,0,0,635,-,-,-
TXO,202607F1,20260703.0,47150.0,Call,-,-,-,-,1830,-,-,0,0,0,0,1600,2080,-,-
TXO,202607F1,20260703.0,47150.0,Put,-,-,-,-,745,-,-,0,0,0,0,665,-,-,-
TXO,202607F1,20260703.0,47200.0,Call,-,-,-,-,1790,-,-,0,0,0,0,1570,-,-,-
TXO,202607F1,20260703.0,47200.0,Put,-,-,-,-,760,-,-,0,0,0,0,680,-,-,-
TXO,202607F1,20260703.0,47250.0,Call,-,-,-,-,1760,-,-,0,0,0,0,1540,-,-,-
TXO,202607F1,20260703.0,47250.0,Put,-,-,-,-,780,-,-,0,0,0,0,700,-,-,-
TXO,202607F1,20260703.0,47300.0,Call,-,-,-,-,1730,-,-,0,0,0,0,1510,2010,-,-
TXO,202607F1,20260703.0,47300.0,Put,-,-,-,-,795,-,-,0,0,0,0,15,-,-,-
TXO,202607F1,20260703.0,47350.0,Call,-,-,-,-,1700,-,-,0,0,0,0,1480,1960,-,-
TXO,202607F1,20260703.0,47350.0,Put,-,-,-,-,815,-,-,0,0,0,0,15,-,-,-
TXO,202607F1,20260703.0,47400.0,Call,-,-,-,-,1660,-,-,0,0,0,0,1450,1980,-,-
TXO,202607F1,20260703.0,47400.0,Put,-,-,-,-,830,-,-,0,0,0,0,15,-,-,-
TXO,202607F1,20260703.0,47450.0,Call,-,-,-,-,1630,-,-,0,0,0,0,1410,1880,-,-
TXO,202607F1,20260703.0,47450.0,Put,-,-,-,-,850,-,-,0,0,0,0,15,-,-,-
TXO,202607F1,20260703.0,47500.0,Call,-,-,-,-,1600,-,-,0,0,0,0,15,1870,-,-
TXO,202607F1,20260703.0,47500.0,Put,-,-,-,-,865,-,-,0,0,0,0,15,-,-,-
TXO,202607F1,20260703.0,47550.0,Call,-,-,-,-,1570,-,-,0,0,0,0,1360,1820,-,-
TXO,202607F1,20260703.0,47550.0,Put,-,-,-,-,885,-,-,0,0,0,0,15,-,-,-
TXO,202607F1,20260703.0,47600.0,Call,-,-,-,-,1540,-,-,0,0,0,0,1320,-,-,-
TXO,202607F1,20260703.0,47600.0,Put,-,-,-,-,905,-,-,0,0,0,0,15,-,-,-
TXO,202607F1,20260703.0,47650.0,Call,-,-,-,-,1510,-,-,0,0,0,0,1300,1790,-,-
TXO,202607F1,20260703.0,47650.0,Put,-,-,-,-,925,-,-,0,0,0,0,15,-,-,-
TXO,202607F1,20260703.0,47700.0,Call,-,-,-,-,1480,-,-,0,0,0,0,1260,1760,-,-
TXO,202607F1,20260703.0,47700.0,Put,1040,1040,1040,1040,945,▼-870,▼-45.55%,0,1,1,1,15,1050,1040,1040
TXO,202607F1,20260703.0,47750.0,Call,-,-,-,-,1450,-,-,0,0,0,0,1240,-,-,-
TXO,202607F1,20260703.0,47750.0,Put,-,-,-,-,970,-,-,0,0,0,0,15,-,-,-
TXO,202607F1,20260703.0,47800.0,Call,-,-,-,-,1420,-,-,0,0,0,0,15,-,-,-
TXO,202607F1,20260703.0,47800.0,Put,-,-,-,-,990,-,-,0,0,0,0,15,-,-,-
TXO,202607F1,20260703.0,47850.0,Call,-,-,-,-,1390,-,-,0,0,0,0,15,-,-,-
TXO,202607F1,20260703.0,47850.0,Put,-,-,-,-,1010,-,-,0,0,0,0,15,-,-,-
TXO,202607F1,20260703.0,47900.0,Call,-,-,-,-,1360,-,-,0,0,0,0,15,-,-,-
TXO,202607F1,20260703.0,47900.0,Put,-,-,-,-,1030,-,-,0,0,0,0,15,-,-,-
TXO,202607F1,20260703.0,48000.0,Call,1200,1200,1200,1200,1310,▲+585,▲+95.12%,0,1,1,1,15,1410,1200,1200
TXO,202607F1,20260703.0,48000.0,Put,-,-,-,-,1080,-,-,0,0,0,0,15,-,-,-
TXO,202607F1,20260703.0,48100.0,Call,-,-,-,-,1260,-,-,0,0,0,0,15,-,-,-
TXO,202607F1,20260703.0,48100.0,Put,-,-,-,-,1120,-,-,0,0,0,0,15,-,-,-
TXO,202607F1,20260703.0,48200.0,Call,-,-,-,-,1200,-,-,0,0,0,0,15,-,-,-
TXO,202607F1,20260703.0,48200.0,Put,-,-,-,-,1170,-,-,0,0,0,0,15,-,-,-
TXO,202607F1,20260703.0,48300.0,Call,-,-,-,-,1160,-,-,0,0,0,0,15,-,-,-
TXO,202607F1,20260703.0,48300.0,Put,-,-,-,-,1220,-,-,0,0,0,0,15,-,-,-
TXO,202607F1,20260703.0,48400.0,Call,-,-,-,-,1110,-,-,0,0,0,0,15,-,-,-
TXO,202607F1,20260703.0,48400.0,Put,-,-,-,-,1280,-,-,0,0,0,0,15,-,-,-
TXO,202607F1,20260703.0,48500.0,Call,-,-,-,-,1060,-,-,0,0,0,0,385,-,-,-
TXO,202607F1,20260703.0,48500.0,Put,-,-,-,-,1330,-,-,0,0,0,0,15,-,-,-
TXO,202607F1,20260703.0,48600.0,Call,-,-,-,-,995,-,-,0,0,0,0,15,-,-,-
TXO,202607F1,20260703.0,48600.0,Put,-,-,-,-,1370,-,-,0,0,0,0,15,-,-,-
TXO,202607F1,20260703.0,48700.0,Call,-,-,-,-,955,-,-,0,0,0,0,15,-,-,-
TXO,202607F1,20260703.0,48700.0,Put,-,-,-,-,1420,-,-,0,0,0,0,1220,1430,-,-
TXO,202607F1,20260703.0,48800.0,Call,-,-,-,-,910,-,-,0,0,0,0,15,-,-,-
TXO,202607F1,20260703.0,48800.0,Put,-,-,-,-,1480,-,-,0,0,0,0,1140,1490,-,-
TXO,202607F1,20260703.0,48900.0,Call,-,-,-,-,870,-,-,0,0,0,0,15,-,-,-
TXO,202607F1,20260703.0,48900.0,Put,-,-,-,-,1540,-,-,0,0,0,0,15,1550,-,-
TXO,202607F1,20260703.0,49000.0,Call,-,-,-,-,830,-,-,0,0,0,0,15,-,-,-
TXO,202607F1,20260703.0,49000.0,Put,-,-,-,-,1600,-,-,0,0,0,0,1380,1600,-,-
TXO,202607F1,20260703.0,49100.0,Call,-,-,-,-,780,-,-,0,0,0,0,605,-,-,-
TXO,202607F1,20260703.0,49100.0,Put,-,-,-,-,1650,-,-,0,0,0,0,1460,1660,-,-
TXO,202607F1,20260703.0,49200.0,Call,-,-,-,-,740,-,-,0,0,0,0,15,-,-,-
TXO,202607F1,20260703.0,49200.0,Put,-,-,-,-,1710,-,-,0,0,0,0,1380,-,-,-
TXO,202607F1,20260703.0,49300.0,Call,-,-,-,-,705,-,-,0,0,0,0,555,-,-,-
TXO,202607F1,20260703.0,49300.0,Put,-,-,-,-,1770,-,-,0,0,0,0,1550,1790,-,-
TXO,202607F1,20260703.0,49400.0,Call,-,-,-,-,670,-,-,0,0,0,0,490,-,-,-
TXO,202607F1,20260703.0,49400.0,Put,-,-,-,-,1840,-,-,0,0,0,0,1610,1850,-,-
TXO,202607F1,20260703.0,49500.0,Call,-,-,-,-,635,-,-,0,0,0,0,223,-,-,-
TXO,202607F1,20260703.0,49500.0,Put,-,-,-,-,1900,-,-,0,0,0,0,1690,1920,-,-
TXO,202607F1,20260703.0,49600.0,Call,-,-,-,-,600,-,-,0,0,0,0,463,-,-,-
TXO,202607F1,20260703.0,49600.0,Put,-,-,-,-,1970,-,-,0,0,0,0,1910,-,-,-
TXO,202607F1,20260703.0,49700.0,Call,-,-,-,-,570,-,-,0,0,0,0,161,-,-,-
TXO,202607F1,20260703.0,49700.0,Put,-,-,-,-,2040,-,-,0,0,0,0,1950,2050,-,-
TXO,202607F1,20260703.0,49800.0,Call,-,-,-,-,540,-,-,0,0,0,0,132,-,-,-
TXO,202607F1,20260703.0,49800.0,Put,-,-,-,-,2110,-,-,0,0,0,0,2040,2120,-,-
TXO,202607F1,20260703.0,49900.0,Call,-,-,-,-,510,-,-,0,0,0,0,376,-,-,-
TXO,202607F1,20260703.0,49900.0,Put,-,-,-,-,2180,-,-,0,0,0,0,2090,2190,-,-
TXO,202607F1,20260703.0,50000.0,Call,444,444,444,444,482,▲+226,▲+103.67%,0,2,2,1,81,-,444,444
TXO,202607F1,20260703.0,50000.0,Put,-,-,-,-,2250,-,-,0,0,0,0,2180,-,-,-
TXO,202607F1,20260703.0,50100.0,Call,-,-,-,-,455,-,-,0,0,0,0,147,-,-,-
TXO,202607F1,20260703.0,50100.0,Put,-,-,-,-,2320,-,-,0,0,0,0,2250,2340,-,-
TXO,202607F1,20260703.0,50200.0,Call,370,385,370,385,430,▲+189,▲+96.43%,0,3,3,3,310,-,385,370
TXO,202607F1,20260703.0,50200.0,Put,-,-,-,-,2400,-,-,0,0,0,0,2320,2410,-,-
TXO,202607F1,20260703.0,50300.0,Call,349,349,349,349,406,▲+163,▲+87.63%,0,1,1,1,19,-,349,349
TXO,202607F1,20260703.0,50300.0,Put,-,-,-,-,2470,-,-,0,0,0,0,2400,2490,-,-
TXO,202607F1,20260703.0,50400.0,Call,-,-,-,-,383,-,-,0,0,0,0,216,-,-,-
TXO,202607F1,20260703.0,50400.0,Put,-,-,-,-,2550,-,-,0,0,0,0,2480,2570,-,-
TXO,202607F1,20260703.0,50500.0,Call,-,-,-,-,361,-,-,0,0,0,0,194,-,-,-
TXO,202607F1,20260703.0,50500.0,Put,-,-,-,-,2630,-,-,0,0,0,0,2560,-,-,-
TXO,202607F1,20260703.0,50600.0,Call,-,-,-,-,340,-,-,0,0,0,0,17,-,-,-
TXO,202607F1,20260703.0,50600.0,Put,-,-,-,-,2710,-,-,0,0,0,0,15,2720,-,-
TXO,202607F1,20260703.0,50700.0,Call,-,-,-,-,320,-,-,0,0,0,0,160,-,-,-
TXO,202607F1,20260703.0,50700.0,Put,-,-,-,-,2790,-,-,0,0,0,0,2730,2800,-,-
TXO,202607F1,20260703.0,50800.0,Call,-,-,-,-,302,-,-,0,0,0,0,143,-,-,-
TXO,202607F1,20260703.0,50800.0,Put,-,-,-,-,2870,-,-,0,0,0,0,2810,-,-,-
TXO,202607F1,20260703.0,50900.0,Call,-,-,-,-,283,-,-,0,0,0,0,124,-,-,-
TXO,202607F1,20260703.0,50900.0,Put,-,-,-,-,2950,-,-,0,0,0,0,15,-,-,-
TXO,202607F1,20260703.0,51000.0,Call,-,-,-,-,263,-,-,0,0,0,0,180,-,-,-
TXO,202607F1,20260703.0,51000.0,Put,-,-,-,-,3030,-,-,0,0,0,0,15,3050,-,-
TXO,202607F1,20260703.0,51100.0,Call,-,-,-,-,249,-,-,0,0,0,0,101,-,-,-
TXO,202607F1,20260703.0,51100.0,Put,-,-,-,-,3110,-,-,0,0,0,0,3100,-,-,-
TXO,202607F1,20260703.0,51200.0,Call,180,182,180,182,234,▲+65,▲+55.56%,0,3,3,3,42.5,393,182,180
TXO,202607F1,20260703.0,51200.0,Put,-,-,-,-,3200,-,-,0,0,0,0,-,3220,-,-
TXO,202607,20260715.0,31200.0,Call,-,-,-,-,17220,-,-,0,0,0,0,16760,17580,-,-
TXO,202607,20260715.0,31200.0,Put,14.5,19,13.5,14.5,14.5,▼-6,▼-29.27%,61,108,169,1533,15,17,490,13.5
TXO,202607,20260715.0,31300.0,Call,-,-,-,-,17120,-,-,0,0,0,0,16660,17480,-,-
TXO,202607,20260715.0,31300.0,Put,-,-,-,-,16,-,-,0,0,0,141,10,32,396,29.5
TXO,202607,20260715.0,31400.0,Call,-,-,-,-,17020,-,-,0,0,0,0,16560,17380,-,-
TXO,202607,20260715.0,31400.0,Put,-,-,-,-,16.5,-,-,0,0,0,155,9.7,32.5,388,44
TXO,202607,20260715.0,31500.0,Call,-,-,-,-,16920,-,-,0,0,0,0,16460,17280,-,-
TXO,202607,20260715.0,31500.0,Put,20,26,16,17,17,▼-4.5,▼-20.93%,5,11,16,239,16,28,197,16
TXO,202607,20260715.0,31600.0,Call,-,-,-,-,16830,-,-,0,0,0,0,16360,17180,-,-
TXO,202607,20260715.0,31600.0,Put,-,-,-,-,17.5,-,-,0,0,0,109,4.6,33,303,40
TXO,202607,20260715.0,31700.0,Call,-,-,-,-,16730,-,-,0,0,0,0,16260,17080,-,-
TXO,202607,20260715.0,31700.0,Put,-,-,-,-,17.5,-,-,0,0,0,6,5.6,33,182,41
TXO,202607,20260715.0,31800.0,Call,-,-,-,-,16630,-,-,0,0,0,0,16160,16980,-,-
TXO,202607,20260715.0,31800.0,Put,-,-,-,-,18,-,-,0,0,0,14,7,33.5,395,45
TXO,202607,20260715.0,31900.0,Call,-,-,-,-,16530,-,-,0,0,0,5,16060,16880,13860,5840
TXO,202607,20260715.0,31900.0,Put,-,-,-,-,18.5,-,-,1,0,1,20,17,241,437,28
TXO,202607,20260715.0,32000.0,Call,-,-,-,-,16430,-,-,0,0,0,0,15970,16780,-,-
TXO,202607,20260715.0,32000.0,Put,25,25,15,24.5,19,▼-0.5,▼-2.00%,2,29,31,164,14,25,565,12
TXO,202607,20260715.0,32100.0,Call,-,-,-,-,16330,-,-,0,0,0,0,15870,16680,-,-
TXO,202607,20260715.0,32100.0,Put,-,-,-,-,19.5,-,-,0,0,0,6,9,34.5,347,28
TXO,202607,20260715.0,32200.0,Call,-,-,-,-,16230,-,-,0,0,0,0,15770,16580,-,-
TXO,202607,20260715.0,32200.0,Put,-,-,-,-,19.5,-,-,0,0,0,20,6,35,326,28.5
TXO,202607,20260715.0,32300.0,Call,-,-,-,-,16130,-,-,0,0,0,0,15670,16480,-,-
TXO,202607,20260715.0,32300.0,Put,-,-,-,-,20,-,-,0,0,0,13,4.8,118,367,29
TXO,202607,20260715.0,32400.0,Call,-,-,-,-,16030,-,-,0,0,0,0,15570,16380,-,-
TXO,202607,20260715.0,32400.0,Put,-,-,-,-,20.5,-,-,0,0,0,25,7.1,243,368,30
TXO,202607,20260715.0,32500.0,Call,-,-,-,-,15930,-,-,0,0,0,0,15470,16280,-,-
TXO,202607,20260715.0,32500.0,Put,-,-,-,-,21,-,-,0,0,0,25,18,36.5,520,31
TXO,202607,20260715.0,32600.0,Call,-,-,-,-,15830,-,-,0,0,0,0,15370,16180,-,-
TXO,202607,20260715.0,32600.0,Put,-,-,-,-,21.5,-,-,1,0,1,13,4.8,38,450,32
TXO,202607,20260715.0,32700.0,Call,-,-,-,-,15730,-,-,0,0,0,0,15270,16080,-,-
TXO,202607,20260715.0,32700.0,Put,-,-,-,-,22,-,-,0,0,0,5,4.8,38,110,33.5
TXO,202607,20260715.0,32800.0,Call,-,-,-,-,15630,-,-,0,0,0,0,15170,15990,-,-
TXO,202607,20260715.0,32800.0,Put,-,-,-,-,22.5,-,-,0,0,0,4,6.5,38.5,489,35
TXO,202607,20260715.0,32900.0,Call,-,-,-,-,15530,-,-,0,0,0,0,15070,15890,-,-
TXO,202607,20260715.0,32900.0,Put,-,-,-,-,22.5,-,-,9,0,9,12,7,39,351,31.5
TXO,202607,20260715.0,33000.0,Call,-,-,-,-,15430,-,-,0,0,0,0,14970,15780,-,-
TXO,202607,20260715.0,33000.0,Put,22,45,20,20,23,▼-15,▼-42.86%,8,195,203,477,21,26.5,610,20
TXO,202607,20260715.0,33100.0,Call,-,-,-,-,15330,-,-,0,0,0,0,14870,15680,-,-
TXO,202607,20260715.0,33100.0,Put,24.5,25.5,24.5,25.5,23.5,▼-13.5,▼-34.62%,0,3,3,4,9.5,38,308,24.5
TXO,202607,20260715.0,33200.0,Call,-,-,-,-,15230,-,-,0,0,0,0,14770,15590,-,-
TXO,202607,20260715.0,33200.0,Put,26,26,26,26,24,▼-15,▼-36.59%,0,1,1,7,9.9,120,735,26
TXO,202607,20260715.0,33300.0,Call,-,-,-,-,15130,-,-,0,0,0,0,14680,15490,-,-
TXO,202607,20260715.0,33300.0,Put,26.5,26.5,26.5,26.5,24.5,▼-16.5,▼-38.37%,0,1,1,4,21,41.5,515,26.5
TXO,202607,20260715.0,33400.0,Call,-,-,-,-,15040,-,-,0,0,0,0,14580,15390,-,-
TXO,202607,20260715.0,33400.0,Put,27.5,27.5,25,25,25,▼-20,▼-44.44%,1,3,4,12,20,42.5,780,25
TXO,202607,20260715.0,33500.0,Call,-,-,-,-,14940,-,-,0,0,0,0,14480,15290,-,-
TXO,202607,20260715.0,33500.0,Put,27.5,28,27.5,28,26,▼-19,▼-40.43%,1,2,3,20,2.6,42,476,27.5
TXO,202607,20260715.0,33600.0,Call,-,-,-,-,14840,-,-,0,0,0,0,14380,15190,-,-
TXO,202607,20260715.0,33600.0,Put,29,29,29,29,27,▼-20.5,▼-41.41%,0,1,1,2,17,44.5,490,29
TXO,202607,20260715.0,33700.0,Call,-,-,-,-,14740,-,-,0,0,0,0,14280,15090,-,-
TXO,202607,20260715.0,33700.0,Put,29.5,29.5,29.5,29.5,27.5,▼-22.5,▼-43.27%,0,1,1,5,25,27.5,810,29.5
TXO,202607,20260715.0,33800.0,Call,-,-,-,-,14640,-,-,0,0,0,0,14180,14990,-,-
TXO,202607,20260715.0,33800.0,Put,36.5,36.5,29,29,29,▼-25,▼-46.30%,0,4,4,5,20,30.5,525,29
TXO,202607,20260715.0,33900.0,Call,-,-,-,-,14540,-,-,0,0,0,0,14080,14890,-,-
TXO,202607,20260715.0,33900.0,Put,57,57,29.5,29.5,29.5,▼-27.5,▼-48.25%,0,4,4,3,29,30.5,545,29.5
TXO,202607,20260715.0,34000.0,Call,-,-,-,-,14440,-,-,0,0,0,0,13980,14790,-,-
TXO,202607,20260715.0,34000.0,Put,50,50,29,29,32,▼-31,▼-51.67%,6,185,191,268,28,33.5,740,29
TXO,202607,20260715.0,34100.0,Call,-,-,-,-,14340,-,-,0,0,0,0,13880,14690,-,-
TXO,202607,20260715.0,34100.0,Put,-,-,-,-,32.5,-,-,0,0,0,22,23.5,32.5,570,91
TXO,202607,20260715.0,34200.0,Call,-,-,-,-,14250,-,-,0,0,0,0,13780,14590,-,-
TXO,202607,20260715.0,34200.0,Put,43,43,39,39,35.5,▼-24,▼-38.10%,0,5,5,7,22,45.5,765,39
TXO,202607,20260715.0,34300.0,Call,-,-,-,-,14150,-,-,0,0,0,0,13690,14500,-,-
TXO,202607,20260715.0,34300.0,Put,42,42,32,32,37,▼-33,▼-50.77%,0,3,3,24,5.4,47,278,32
TXO,202607,20260715.0,34400.0,Call,-,-,-,-,14050,-,-,0,0,0,0,13590,14390,-,-
TXO,202607,20260715.0,34400.0,Put,-,-,-,-,39,-,-,0,0,0,5,11,256,820,95
TXO,202607,20260715.0,34500.0,Call,-,-,-,-,13950,-,-,0,0,0,0,13490,14290,-,-
TXO,202607,20260715.0,34500.0,Put,-,-,-,-,41,-,-,2,0,2,17,33,52,510,66
TXO,202607,20260715.0,34600.0,Call,-,-,-,-,13850,-,-,0,0,0,0,13390,14190,-,-
TXO,202607,20260715.0,34600.0,Put,39,48.5,39,48.5,43,▼-21.5,▼-30.71%,0,4,4,11,39,49,755,39
TXO,202607,20260715.0,34700.0,Call,-,-,-,-,13750,-,-,0,0,0,0,13290,14090,-,-
TXO,202607,20260715.0,34700.0,Put,-,-,-,-,43,-,-,0,0,0,7,17,54,320,103
TXO,202607,20260715.0,34800.0,Call,-,-,-,-,13650,-,-,0,0,0,0,13190,13990,-,-
TXO,202607,20260715.0,34800.0,Put,74,74,52,53,43.5,▼-19,▼-26.39%,0,5,5,43,20.5,54,600,52
TXO,202607,20260715.0,34900.0,Call,-,-,-,-,13550,-,-,0,0,0,0,13090,13900,-,-
TXO,202607,20260715.0,34900.0,Put,-,-,-,-,43.5,-,-,0,0,0,18,33,59,800,76
TXO,202607,20260715.0,35000.0,Call,-,-,-,-,13460,-,-,0,0,0,0,12990,13800,-,-
TXO,202607,20260715.0,35000.0,Put,62,62,42.5,42.5,44,▼-30.5,▼-41.78%,101,83,184,471,41.5,47.5,930,42.5
TXO,202607,20260715.0,35100.0,Call,-,-,-,-,13360,-,-,0,0,0,0,12900,13700,-,-
TXO,202607,20260715.0,35100.0,Put,52,52,52,52,44.5,▼-24,▼-31.58%,1,1,2,21,40.5,60,565,52
TXO,202607,20260715.0,35200.0,Call,-,-,-,-,13260,-,-,0,0,0,0,12800,13600,-,-
TXO,202607,20260715.0,35200.0,Put,-,-,-,-,45.5,-,-,0,0,0,10,38,62,505,103
TXO,202607,20260715.0,35300.0,Call,-,-,-,-,13160,-,-,0,0,0,0,12700,13500,-,-
TXO,202607,20260715.0,35300.0,Put,58,58,58,58,46.5,▼-24,▼-29.27%,0,1,1,3,27,64,382,58
TXO,202607,20260715.0,35400.0,Call,-,-,-,-,13060,-,-,0,0,0,0,12600,13400,-,-
TXO,202607,20260715.0,35400.0,Put,-,-,-,-,48,-,-,0,0,0,6,20,65,900,91
TXO,202607,20260715.0,35500.0,Call,-,-,-,-,12960,-,-,0,0,0,0,12500,13300,-,-
TXO,202607,20260715.0,35500.0,Put,77,77,68,68,49,▼-20,▼-22.73%,5,3,8,74,44,67,855,68
TXO,202607,20260715.0,35600.0,Call,-,-,-,-,12860,-,-,0,0,0,0,12400,13200,-,-
TXO,202607,20260715.0,35600.0,Put,-,-,-,-,50,-,-,0,0,0,7,24,69,750,111
TXO,202607,20260715.0,35700.0,Call,-,-,-,-,12760,-,-,0,0,0,0,12300,13100,-,-
TXO,202607,20260715.0,35700.0,Put,-,-,-,-,51,-,-,0,0,0,11,45,63,715,112
TXO,202607,20260715.0,35800.0,Call,-,-,-,-,12670,-,-,0,0,0,0,12210,13010,-,-
TXO,202607,20260715.0,35800.0,Put,60,83,50,50,53,▼-49,▼-49.49%,8,11,19,2316,45,58,730,50
TXO,202607,20260715.0,35900.0,Call,-,-,-,-,12570,-,-,0,0,0,0,12110,12910,-,-
TXO,202607,20260715.0,35900.0,Put,68,68,68,68,54,▼-35,▼-33.98%,0,1,1,111,5,72,1000,68
TXO,202607,20260715.0,36000.0,Call,-,-,-,-,12470,-,-,0,0,0,0,12010,12810,7170,4650
TXO,202607,20260715.0,36000.0,Put,88,88,55,55,55,▼-50,▼-47.62%,26,103,129,586,52,62,1370,55
TXO,202607,20260715.0,36100.0,Call,-,-,-,-,12370,-,-,0,0,0,0,11910,12710,-,-
TXO,202607,20260715.0,36100.0,Put,-,-,-,-,57,-,-,0,0,0,26,39,71,1200,103
TXO,202607,20260715.0,36200.0,Call,-,-,-,-,12270,-,-,0,0,0,0,11810,12610,4760,4080
TXO,202607,20260715.0,36200.0,Put,-,-,-,-,59,-,-,0,0,0,7,39.5,79,464,126
TXO,202607,20260715.0,36300.0,Call,-,-,-,-,12170,-,-,0,0,0,0,11720,12510,-,-
TXO,202607,20260715.0,36300.0,Put,-,-,-,-,60,-,-,0,0,0,23,43,77,815,139
TXO,202607,20260715.0,36400.0,Call,-,-,-,-,12080,-,-,0,0,0,0,11620,12410,-,-
TXO,202607,20260715.0,36400.0,Put,-,-,-,-,62,-,-,0,0,0,9,45,79,790,149
TXO,202607,20260715.0,36500.0,Call,-,-,-,-,11980,-,-,0,0,0,0,11520,12310,-,-
TXO,202607,20260715.0,36500.0,Put,88,88,75,76,63,▼-40,▼-34.48%,4,8,12,64,60,78,1000,75
TXO,202607,20260715.0,36600.0,Call,-,-,-,-,11880,-,-,0,0,0,0,11420,12210,-,-
TXO,202607,20260715.0,36600.0,Put,66,66,66,66,66,▼-52,▼-44.07%,0,1,1,21,49,79,830,66
TXO,202607,20260715.0,36700.0,Call,-,-,-,-,11780,-,-,0,0,0,0,11320,12120,-,-
TXO,202607,20260715.0,36700.0,Put,70,70,70,70,67,▼-50,▼-41.67%,0,1,1,32,61,86,1020,70
TXO,202607,20260715.0,36800.0,Call,-,-,-,-,11680,-,-,0,0,0,0,11230,12020,-,-
TXO,202607,20260715.0,36800.0,Put,-,-,-,-,69,-,-,2,0,2,15,65,92,1710,108
TXO,202607,20260715.0,36900.0,Call,-,-,-,-,11590,-,-,0,0,0,0,11130,11920,-,-
TXO,202607,20260715.0,36900.0,Put,-,-,-,-,71,-,-,1,0,1,26,56,95,880,115
TXO,202607,20260715.0,37000.0,Call,-,-,-,-,11490,-,-,0,0,0,1,11320,11820,5970,2060
TXO,202607,20260715.0,37000.0,Put,102,102,70,70,72,▼-61,▼-46.56%,46,111,157,210,69,78,1850,70
TXO,202607,20260715.0,37100.0,Call,-,-,-,-,11390,-,-,0,0,0,1,10930,11700,8810,1990
TXO,202607,20260715.0,37100.0,Put,100,100,75,75,75,▼-61,▼-44.85%,4,5,9,25,6.7,94,1850,75
TXO,202607,20260715.0,37200.0,Call,-,-,-,-,11290,-,-,0,0,0,0,10830,11620,2210,1970
TXO,202607,20260715.0,37200.0,Put,105,105,105,105,77,▼-34,▼-24.46%,0,1,1,12,59,80,1000,105
TXO,202607,20260715.0,37300.0,Call,-,-,-,-,11190,-,-,0,0,0,0,10740,11530,-,-
TXO,202607,20260715.0,37300.0,Put,90,90,90,90,79,▼-53,▼-37.06%,0,1,1,13,12,92,1830,90
TXO,202607,20260715.0,37400.0,Call,-,-,-,-,11100,-,-,0,0,0,0,10640,11430,-,-
TXO,202607,20260715.0,37400.0,Put,-,-,-,-,81,-,-,1,0,1,22,12.5,100,2010,129
TXO,202607,20260715.0,37500.0,Call,-,-,-,-,11000,-,-,0,0,0,1,10540,11330,8710,1950
TXO,202607,20260715.0,37500.0,Put,110,110,83,83,83,▼-68,▼-45.03%,7,8,15,159,66,97,1850,83
TXO,202607,20260715.0,37600.0,Call,-,-,-,-,10900,-,-,0,0,0,0,10440,11230,2900,2020
TXO,202607,20260715.0,37600.0,Put,92,92,86,86,86,▼-70,▼-44.87%,0,9,9,24,66,130,2030,86
TXO,202607,20260715.0,37700.0,Call,-,-,-,-,10800,-,-,0,0,0,0,10350,11140,2230,2090
TXO,202607,20260715.0,37700.0,Put,126,126,87,87,87,▼-73,▼-45.63%,5,20,25,95,79,105,2000,87
TXO,202607,20260715.0,37800.0,Call,-,-,-,-,10710,-,-,0,0,0,1,10540,11040,2240,2240
TXO,202607,20260715.0,37800.0,Put,100,110,90,90,90,▼-74,▼-45.12%,7,22,29,55,72,93,1850,90
TXO,202607,20260715.0,37900.0,Call,-,-,-,-,10610,-,-,0,0,0,0,10150,10940,-,-
TXO,202607,20260715.0,37900.0,Put,114,114,93,93,93,▼-77,▼-45.29%,3,7,10,34,75,108,1300,93
TXO,202607,20260715.0,38000.0,Call,-,-,-,-,10510,-,-,0,0,0,4,10420,10840,6240,1540
TXO,202607,20260715.0,38000.0,Put,128,130,90,93,93,▼-79,▼-45.93%,42,72,114,251,90,103,1910,90
TXO,202607,20260715.0,38100.0,Call,-,-,-,-,10410,-,-,0,0,0,0,9960,10740,2370,1850
TXO,202607,20260715.0,38100.0,Put,-,-,-,-,98,-,-,1,0,1,6,78,178,1000,169
TXO,202607,20260715.0,38200.0,Call,-,-,-,-,10320,-,-,0,0,0,6,10190,10640,2720,2230
TXO,202607,20260715.0,38200.0,Put,126,126,111,111,100,▼-69,▼-38.33%,2,2,4,17,83,113,1520,111
TXO,202607,20260715.0,38300.0,Call,-,-,-,-,10220,-,-,0,0,0,0,9760,10550,4120,1400
TXO,202607,20260715.0,38300.0,Put,122,122,108,108,101,▼-81,▼-42.86%,1,2,3,22,86,122,1360,108
TXO,202607,20260715.0,38400.0,Call,-,-,-,-,10120,-,-,0,0,0,0,9670,10450,-,-
TXO,202607,20260715.0,38400.0,Put,135,135,103,103,103,▼-91,▼-46.91%,5,6,11,103,90,120,1460,103
TXO,202607,20260715.0,38500.0,Call,-,-,-,-,10020,-,-,0,0,0,2,9570,10190,5500,2220
TXO,202607,20260715.0,38500.0,Put,150,150,106,107,107,▼-96,▼-47.29%,13,17,30,99,30.5,107,1550,106
TXO,202607,20260715.0,38600.0,Call,-,-,-,-,9930,-,-,0,0,0,4,9470,10090,3900,1240
TXO,202607,20260715.0,38600.0,Put,155,155,117,117,109,▼-89,▼-43.20%,8,11,19,20,90,129,870,117
TXO,202607,20260715.0,38700.0,Call,-,-,-,-,9830,-,-,0,0,0,0,9380,10160,2500,2100
TXO,202607,20260715.0,38700.0,Put,160,160,124,126,112,▼-87,▼-40.85%,0,4,4,23,29.5,129,755,124
TXO,202607,20260715.0,38800.0,Call,-,-,-,-,9730,-,-,0,0,0,1,9280,9870,2300,2020
TXO,202607,20260715.0,38800.0,Put,157,157,127,139,115,▼-76,▼-35.35%,0,5,5,25,98,195,2060,127
TXO,202607,20260715.0,38900.0,Call,-,-,-,-,9630,-,-,0,0,0,0,9190,9970,-,-
TXO,202607,20260715.0,38900.0,Put,135,135,120,120,120,▼-100,▼-45.45%,1,2,3,14,99,137,1580,120
TXO,202607,20260715.0,39000.0,Call,-,-,-,-,9540,-,-,0,0,0,1,9090,9870,7400,1400
TXO,202607,20260715.0,39000.0,Put,167,172,120,120,120,▼-108,▼-47.37%,73,125,198,352,115,123,2180,120
TXO,202607,20260715.0,39100.0,Call,-,-,-,-,9440,-,-,0,0,0,0,8990,9770,-,-
TXO,202607,20260715.0,39100.0,Put,157,171,132,132,124,▼-108,▼-45.00%,12,20,32,37,105,207,1540,132
TXO,202607,20260715.0,39200.0,Call,-,-,-,-,9340,-,-,0,0,0,0,8900,9670,4090,1870
TXO,202607,20260715.0,39200.0,Put,-,-,-,-,128,-,-,0,0,0,17,108,147,1650,259
TXO,202607,20260715.0,39300.0,Call,-,-,-,-,9250,-,-,0,0,0,0,8800,9580,-,-
TXO,202607,20260715.0,39300.0,Put,175,185,172,180,131,▼-71,▼-28.29%,5,8,13,48,114,151,910,172
TXO,202607,20260715.0,39400.0,Call,-,-,-,-,9150,-,-,0,0,0,0,8710,9480,-,-
TXO,202607,20260715.0,39400.0,Put,165,165,128,130,135,▼-128,▼-49.61%,1,3,4,33,119,147,1620,128
TXO,202607,20260715.0,39500.0,Call,-,-,-,-,9050,-,-,0,0,0,100,8610,9170,4400,915
TXO,202607,20260715.0,39500.0,Put,181,190,149,149,138,▼-114,▼-43.35%,10,218,228,133,68,151,1870,149
TXO,202607,20260715.0,39600.0,Call,-,-,-,-,8960,-,-,0,0,0,0,8520,9290,5660,4530
TXO,202607,20260715.0,39600.0,Put,190,197,148,148,142,▼-125,▼-45.79%,8,64,72,46,126,161,2360,148
TXO,202607,20260715.0,39700.0,Call,-,-,-,-,8860,-,-,0,0,0,5,8770,9190,6900,2270
TXO,202607,20260715.0,39700.0,Put,190,190,150,150,145,▼-131,▼-46.62%,1,14,15,100,130,165,1220,150
TXO,202607,20260715.0,39800.0,Call,-,-,-,-,8770,-,-,0,0,0,4,8640,9100,6820,3180
TXO,202607,20260715.0,39800.0,Put,204,204,153,153,148,▼-134,▼-46.69%,3,20,23,57,128,168,2130,153
TXO,202607,20260715.0,39900.0,Call,-,-,-,-,8670,-,-,0,0,0,0,8230,9000,-,-
TXO,202607,20260715.0,39900.0,Put,199,199,150,150,150,▼-142,▼-48.63%,2,16,18,99,134,173,1200,150
TXO,202607,20260715.0,40000.0,Call,-,-,-,-,8570,-,-,0,0,0,106,8130,8740,6740,760
TXO,202607,20260715.0,40000.0,Put,230,230,152,152,152,▼-150,▼-49.67%,127,477,604,1309,149,152,2180,152
TXO,202607,20260715.0,40100.0,Call,-,-,-,-,8480,-,-,0,0,0,4,8370,8810,6580,1130
TXO,202607,20260715.0,40100.0,Put,215,217,169,169,161,▼-144,▼-46.01%,1,4,5,45,157,180,2090,169
TXO,202607,20260715.0,40200.0,Call,-,-,-,-,8380,-,-,0,0,0,5,8240,8510,6500,6400
TXO,202607,20260715.0,40200.0,Put,192,192,187,187,166,▼-127,▼-40.45%,1,3,4,120,102,184,2240,187
TXO,202607,20260715.0,40300.0,Call,-,-,-,-,8290,-,-,0,0,0,1,8190,8340,2290,2290
TXO,202607,20260715.0,40300.0,Put,223,223,170,170,170,▼-158,▼-48.17%,3,7,10,39,152,183,2180,170
TXO,202607,20260715.0,40400.0,Call,-,-,-,-,8190,-,-,0,0,0,8,8030,8290,4710,4690
TXO,202607,20260715.0,40400.0,Put,205,206,169,169,171,▼-171,▼-50.29%,1,261,262,269,157,171,2230,169
TXO,202607,20260715.0,40500.0,Call,7870,7870,7870,7870,8100,▲+1260,▲+19.06%,1,1,2,75,8070,8200,7870,1850
TXO,202607,20260715.0,40500.0,Put,236,236,190,190,180,▼-158,▼-45.40%,5,13,18,71,163,193,2270,190
TXO,202607,20260715.0,40600.0,Call,-,-,-,-,8000,-,-,0,0,0,22,7720,8120,5550,1930
TXO,202607,20260715.0,40600.0,Put,248,248,192,192,184,▼-164,▼-46.07%,6,4,10,19,168,268,2000,192
TXO,202607,20260715.0,40700.0,Call,-,-,-,-,7910,-,-,0,0,0,21,7750,8010,6000,1140
TXO,202607,20260715.0,40700.0,Put,250,250,194,194,194,▼-176,▼-47.57%,12,16,28,254,170,204,1270,194
TXO,202607,20260715.0,40800.0,Call,-,-,-,-,7810,-,-,0,0,0,20,7520,7980,2100,1390
TXO,202607,20260715.0,40800.0,Put,-,-,-,-,195,-,-,3,0,3,36,93,217,2230,319
TXO,202607,20260715.0,40900.0,Call,-,-,-,-,7720,-,-,0,0,0,20,7550,7830,3340,1780
TXO,202607,20260715.0,40900.0,Put,268,268,191,191,201,▼-195,▼-50.52%,2,6,8,36,183,243,2190,191
TXO,202607,20260715.0,41000.0,Call,7450,7450,7400,7420,7630,▲+1260,▲+20.45%,1,3,4,251,7600,7690,7450,595
TXO,202607,20260715.0,41000.0,Put,290,300,205,208,208,▼-187,▼-47.34%,49,79,128,317,191,218,2310,205
TXO,202607,20260715.0,41100.0,Call,-,-,-,-,7530,-,-,0,0,0,2,7250,7640,5320,1680
TXO,202607,20260715.0,41100.0,Put,296,300,244,244,213,▼-164,▼-40.20%,3,8,11,60,196,226,2260,244
TXO,202607,20260715.0,41200.0,Call,-,-,-,-,7440,-,-,0,0,0,0,7240,7760,5450,720
TXO,202607,20260715.0,41200.0,Put,254,254,253,253,219,▼-165,▼-39.47%,0,2,2,40,126,234,2160,253
TXO,202607,20260715.0,41300.0,Call,-,-,-,-,7340,-,-,0,0,0,1,7020,7420,3720,660
TXO,202607,20260715.0,41300.0,Put,265,265,251,251,225,▼-175,▼-41.08%,0,5,5,43,123,238,2430,251
TXO,202607,20260715.0,41400.0,Call,-,-,-,-,7250,-,-,0,0,0,0,6960,7580,3500,700
TXO,202607,20260715.0,41400.0,Put,310,310,258,266,231,▼-175,▼-39.68%,0,4,4,77,209,232,2200,258
TXO,202607,20260715.0,41500.0,Call,-,-,-,-,7160,-,-,0,0,0,150,7030,7210,5450,1510
TXO,202607,20260715.0,41500.0,Put,314,315,243,243,243,▼-211,▼-46.48%,38,12,50,192,217,257,2800,243
TXO,202607,20260715.0,41600.0,Call,-,-,-,-,7060,-,-,0,0,0,1,6790,7250,4900,1700
TXO,202607,20260715.0,41600.0,Put,340,340,293,293,244,▼-171,▼-36.85%,5,4,9,32,151,266,2580,293
TXO,202607,20260715.0,41700.0,Call,-,-,-,-,6970,-,-,0,0,0,54,6880,7000,5020,1550
TXO,202607,20260715.0,41700.0,Put,384,384,295,295,250,▼-181,▼-38.03%,2,5,7,35,159,339,1610,295
TXO,202607,20260715.0,41800.0,Call,-,-,-,-,6880,-,-,0,0,0,150,6750,6940,5030,3040
TXO,202607,20260715.0,41800.0,Put,292,305,292,305,257,▼-183,▼-37.50%,1,4,5,46,237,354,2900,292
TXO,202607,20260715.0,41900.0,Call,-,-,-,-,6790,-,-,0,0,0,6,6650,6870,4600,1480
TXO,202607,20260715.0,41900.0,Put,346,353,262,262,262,▼-238,▼-47.60%,8,12,20,497,247,283,2170,262
TXO,202607,20260715.0,42000.0,Call,6530,6680,6530,6680,6700,▲+1400,▲+26.52%,4,2,6,12,6270,6730,6680,350
TXO,202607,20260715.0,42000.0,Put,400,400,269,269,272,▼-251,▼-48.27%,73,181,254,964,268,272,3000,269
TXO,202607,20260715.0,42100.0,Call,-,-,-,-,6600,-,-,0,0,0,100,6480,6730,5000,2900
TXO,202607,20260715.0,42100.0,Put,384,384,299,299,281,▼-226,▼-43.05%,0,6,6,18,266,369,2020,299
TXO,202607,20260715.0,42200.0,Call,-,-,-,-,6510,-,-,0,0,0,54,6380,6650,4820,1740
TXO,202607,20260715.0,42200.0,Put,420,420,303,303,289,▼-237,▼-43.89%,4,9,13,56,198,308,1850,303
TXO,202607,20260715.0,42300.0,Call,-,-,-,-,6420,-,-,0,0,0,55,6300,6580,4660,2230
TXO,202607,20260715.0,42300.0,Put,385,385,328,328,298,▼-222,▼-40.36%,3,4,7,46,280,300,2520,328
TXO,202607,20260715.0,42400.0,Call,6130,6130,6100,6100,6330,▲+1170,▲+23.73%,1,50,51,101,6300,6620,6130,1310
TXO,202607,20260715.0,42400.0,Put,392,392,302,302,308,▼-263,▼-46.55%,10,24,34,84,289,326,2000,302
TXO,202607,20260715.0,42500.0,Call,6200,6200,6200,6200,6240,▲+1360,▲+28.10%,1,2,3,6,6210,6280,6200,1190
TXO,202607,20260715.0,42500.0,Put,434,434,302,302,315,▼-278,▼-47.93%,28,44,72,91,233,335,2310,302
TXO,202607,20260715.0,42600.0,Call,-,-,-,-,6150,-,-,1,0,1,100,6060,6470,4880,1090
TXO,202607,20260715.0,42600.0,Put,400,400,360,360,324,▼-235,▼-39.50%,0,2,2,25,212,346,2480,360
TXO,202607,20260715.0,42700.0,Call,5900,5900,5900,5900,6060,▲+1230,▲+26.34%,1,1,2,75,5920,6100,5900,1050
TXO,202607,20260715.0,42700.0,Put,420,420,345,345,334,▼-265,▼-43.44%,1,2,3,67,249,354,2520,345
TXO,202607,20260715.0,42800.0,Call,-,-,-,-,5970,-,-,0,0,0,100,5860,6130,4250,237
TXO,202607,20260715.0,42800.0,Put,415,415,353,353,345,▼-277,▼-43.97%,3,15,18,102,327,365,3660,353
TXO,202607,20260715.0,42900.0,Call,-,-,-,-,5880,-,-,0,0,0,1,5740,6000,4110,1880
TXO,202607,20260715.0,42900.0,Put,455,475,363,363,363,▼-282,▼-43.72%,1,5,6,91,336,449,1970,363
TXO,202607,20260715.0,43000.0,Call,5140,5520,5140,5520,5790,▲+1100,▲+24.89%,2,4,6,110,5650,5830,5520,550
TXO,202607,20260715.0,43000.0,Put,510,510,355,360,368,▼-310,▼-46.27%,70,267,337,785,346,377,3330,355
TXO,202607,20260715.0,43100.0,Call,-,-,-,-,5700,-,-,0,0,0,15,5570,5780,4230,1170
TXO,202607,20260715.0,43100.0,Put,520,520,377,377,377,▼-308,▼-44.96%,3,7,10,178,359,397,2510,377
TXO,202607,20260715.0,43200.0,Call,4800,5490,4800,5490,5610,▲+1230,▲+28.87%,1,2,3,14,5480,5930,5490,1370
TXO,202607,20260715.0,43200.0,Put,500,500,425,425,387,▼-275,▼-39.29%,9,10,19,75,370,405,2660,157
TXO,202607,20260715.0,43300.0,Call,-,-,-,-,5520,-,-,0,0,0,2,5390,5570,3540,900
TXO,202607,20260715.0,43300.0,Put,445,445,400,400,400,▼-315,▼-44.06%,3,2,5,11,381,412,2420,400
TXO,202607,20260715.0,43400.0,Call,-,-,-,-,5430,-,-,0,0,0,4,5300,5570,3940,1450
TXO,202607,20260715.0,43400.0,Put,515,520,430,430,411,▼-310,▼-41.89%,10,31,41,35,393,426,2510,430
TXO,202607,20260715.0,43500.0,Call,4700,5000,4700,5000,5350,▲+980,▲+24.38%,1,2,3,270,5230,5510,5000,1470
TXO,202607,20260715.0,43500.0,Put,580,580,418,419,425,▼-336,▼-44.50%,23,44,67,258,405,437,3000,418
TXO,202607,20260715.0,43600.0,Call,-,-,-,-,5260,-,-,0,0,0,15,5130,5360,3850,319
TXO,202607,20260715.0,43600.0,Put,545,580,465,465,435,▼-310,▼-40.00%,6,9,15,13,416,462,5070,465
TXO,202607,20260715.0,43700.0,Call,-,-,-,-,5170,-,-,0,0,0,5,5040,5310,3570,995
TXO,202607,20260715.0,43700.0,Put,545,545,465,465,448,▼-330,▼-41.51%,2,3,5,15,430,462,2270,465
TXO,202607,20260715.0,43800.0,Call,-,-,-,-,5080,-,-,0,0,0,5,4680,5200,3850,715
TXO,202607,20260715.0,43800.0,Put,540,540,459,473,462,▼-342,▼-41.96%,3,13,16,36,440,478,2650,459
TXO,202607,20260715.0,43900.0,Call,-,-,-,-,5000,-,-,0,0,0,18,4900,5160,3760,1000
TXO,202607,20260715.0,43900.0,Put,640,640,476,483,483,▼-357,▼-42.50%,1,11,12,19,457,488,1820,476
TXO,202607,20260715.0,44000.0,Call,4490,4880,4490,4880,4910,▲+1260,▲+34.81%,4,5,9,174,4580,4950,4880,650
TXO,202607,20260715.0,44000.0,Put,665,665,489,491,491,▼-364,▼-42.57%,59,220,279,354,480,505,3090,489
TXO,202607,20260715.0,44100.0,Call,-,-,-,-,4830,-,-,0,0,0,106,4730,4860,3420,960
TXO,202607,20260715.0,44100.0,Put,610,610,605,605,505,▼-280,▼-31.64%,1,4,5,50,389,520,2930,605
TXO,202607,20260715.0,44200.0,Call,4400,4400,4400,4400,4740,▲+930,▲+26.80%,0,1,1,15,4640,4780,4400,865
TXO,202607,20260715.0,44200.0,Put,625,625,525,525,525,▼-380,▼-41.99%,0,7,7,11,500,535,2560,525
TXO,202607,20260715.0,44300.0,Call,4580,4580,4580,4580,4660,▲+1190,▲+35.10%,0,10,10,34,4370,4680,4580,685
TXO,202607,20260715.0,44300.0,Put,660,660,600,600,535,▼-335,▼-35.83%,0,10,10,14,448,550,2260,600
TXO,202607,20260715.0,44400.0,Call,4370,4370,4370,4370,4580,▲+1050,▲+31.63%,0,1,1,8,4480,4630,4370,1120
TXO,202607,20260715.0,44400.0,Put,715,715,550,550,550,▼-405,▼-42.41%,13,38,51,23,520,565,3010,550
TXO,202607,20260715.0,44500.0,Call,4420,4420,4420,4420,4490,▲+1180,▲+36.42%,0,1,1,58,4400,4660,4420,560
TXO,202607,20260715.0,44500.0,Put,730,735,560,560,570,▼-415,▼-42.56%,16,54,70,79,560,755,2750,560
TXO,202607,20260715.0,44600.0,Call,4160,4340,4160,4340,4410,▲+1180,▲+37.34%,0,2,2,12,4380,4720,4340,595
TXO,202607,20260715.0,44600.0,Put,750,750,585,590,590,▼-410,▼-41.00%,2,111,113,94,560,600,3170,585
TXO,202607,20260715.0,44700.0,Call,-,-,-,-,4320,-,-,0,0,0,22,4240,4380,3380,575
TXO,202607,20260715.0,44700.0,Put,730,730,600,610,600,▼-420,▼-40.78%,6,40,46,38,515,615,3030,600
TXO,202607,20260715.0,44800.0,Call,4100,4100,4100,4100,4250,▲+1090,▲+36.21%,0,4,4,410,4150,4300,4100,665
TXO,202607,20260715.0,44800.0,Put,760,760,620,625,625,▼-425,▼-40.48%,2,64,66,307,600,685,3220,620
TXO,202607,20260715.0,44900.0,Call,3880,3880,3880,3880,4160,▲+940,▲+31.97%,5,1,6,160,4070,4220,3880,1010
TXO,202607,20260715.0,44900.0,Put,820,820,645,645,645,▼-435,▼-40.28%,1,7,8,22,615,650,3000,645
TXO,202607,20260715.0,45000.0,Call,3340,4010,3340,4010,4080,▲+1130,▲+39.24%,31,20,51,187,4050,4110,4010,470
TXO,202607,20260715.0,45000.0,Put,840,860,650,650,660,▼-460,▼-41.44%,60,158,218,249,645,670,3600,650
TXO,202607,20260715.0,45100.0,Call,3400,3540,3400,3540,4000,▲+740,▲+26.43%,4,3,7,31,3840,4170,3540,494
TXO,202607,20260715.0,45100.0,Put,825,825,680,685,675,▼-455,▼-39.91%,1,12,13,23,650,690,3400,680
TXO,202607,20260715.0,45200.0,Call,3240,3840,3240,3640,3920,▲+910,▲+33.33%,1,5,6,10,3890,3950,3840,477
TXO,202607,20260715.0,45200.0,Put,870,870,690,690,690,▼-480,▼-41.03%,2,19,21,14,610,710,3460,690
TXO,202607,20260715.0,45300.0,Call,3700,3700,3700,3700,3840,▲+1040,▲+39.10%,1,1,2,40,3760,4000,3700,510
TXO,202607,20260715.0,45300.0,Put,865,875,725,725,715,▼-475,▼-39.58%,2,40,42,411,700,730,3530,725
TXO,202607,20260715.0,45400.0,Call,2950,3390,2950,3390,3760,▲+800,▲+30.89%,7,13,20,378,3730,3790,3390,441
TXO,202607,20260715.0,45400.0,Put,880,880,740,750,740,▼-480,▼-39.02%,1,18,19,47,655,740,3280,740
TXO,202607,20260715.0,45500.0,Call,3250,3590,3220,3590,3680,▲+1070,▲+42.46%,13,45,58,141,3660,3710,3590,640
TXO,202607,20260715.0,45500.0,Put,920,920,765,770,755,▼-490,▼-38.89%,48,62,110,66,730,1020,3660,765
TXO,202607,20260715.0,45600.0,Call,2940,3410,2930,3300,3610,▲+840,▲+34.15%,16,20,36,99,3470,3630,3410,391
TXO,202607,20260715.0,45600.0,Put,1000,1000,790,795,785,▼-495,▼-38.37%,18,14,32,29,755,795,3730,790
TXO,202607,20260715.0,45700.0,Call,3330,3330,3260,3260,3530,▲+870,▲+36.40%,1,2,3,22,3370,3670,3330,394
TXO,202607,20260715.0,45700.0,Put,930,930,810,810,800,▼-520,▼-39.10%,0,17,17,27,780,815,2850,810
TXO,202607,20260715.0,45800.0,Call,3310,3450,3280,3450,3450,▲+1130,▲+48.71%,19,3,22,127,3430,3480,3450,381
TXO,202607,20260715.0,45800.0,Put,1020,1030,820,840,825,▼-520,▼-38.24%,309,74,383,381,800,1060,4260,820
TXO,202607,20260715.0,45900.0,Call,2810,3310,2810,3310,3380,▲+1050,▲+46.46%,4,2,6,136,3220,3540,3310,690
TXO,202607,20260715.0,45900.0,Put,1050,1050,850,850,850,▼-550,▼-39.29%,89,26,115,106,830,865,2180,850
TXO,202607,20260715.0,46000.0,Call,2680,3300,2650,3300,3300,▲+1100,▲+50.00%,47,110,157,220,3280,3490,3300,311
TXO,202607,20260715.0,46000.0,Put,1110,1130,875,880,880,▼-550,▼-38.46%,40,174,214,279,850,890,4080,875
TXO,202607,20260715.0,46100.0,Call,-,-,-,-,3230,-,-,4,0,4,103,3070,3380,2570,890
TXO,202607,20260715.0,46100.0,Put,1030,1030,910,915,900,▼-555,▼-37.76%,1,10,11,6,875,915,3490,910
TXO,202607,20260715.0,46200.0,Call,3010,3070,2980,3020,3150,▲+940,▲+45.19%,9,9,18,103,3130,3320,3070,795
TXO,202607,20260715.0,46200.0,Put,1100,1130,925,925,925,▼-585,▼-38.74%,3,53,56,53,905,940,4280,925
TXO,202607,20260715.0,46300.0,Call,2920,2920,2920,2920,3080,▲+910,▲+45.27%,4,6,10,77,3060,3100,2920,960
TXO,202607,20260715.0,46300.0,Put,1090,1090,945,970,955,▼-580,▼-37.42%,5,8,13,28,875,1210,2350,945
TXO,202607,20260715.0,46400.0,Call,2490,2910,2490,2890,3010,▲+930,▲+47.45%,36,9,45,75,2980,3030,2910,441
TXO,202607,20260715.0,46400.0,Put,1200,1220,995,995,985,▼-595,▼-37.42%,14,43,57,68,960,1240,3500,995
TXO,202607,20260715.0,46500.0,Call,2330,2880,2320,2870,2930,▲+970,▲+51.05%,60,44,104,399,2910,2960,2880,435
TXO,202607,20260715.0,46500.0,Put,1240,1260,995,1020,1010,▼-610,▼-37.42%,12,50,62,49,985,1020,3310,995
TXO,202607,20260715.0,46600.0,Call,2210,2780,2210,2760,2860,▲+920,▲+50.00%,32,26,58,257,2840,2880,2780,715
TXO,202607,20260715.0,46600.0,Put,1320,1320,1030,1050,1030,▼-620,▼-37.13%,11,48,59,270,1010,1050,3060,1030
TXO,202607,20260715.0,46700.0,Call,2540,2540,2540,2540,2790,▲+760,▲+42.70%,7,1,8,83,2650,2920,2540,625
TXO,202607,20260715.0,46700.0,Put,1210,1210,1070,1080,1060,▼-630,▼-36.84%,16,14,30,16,800,1080,3090,1070
TXO,202607,20260715.0,46800.0,Call,2060,2610,2060,2610,2720,▲+890,▲+51.74%,6,7,13,67,2570,2870,2610,545
TXO,202607,20260715.0,46800.0,Put,1400,1420,1100,1100,1100,▼-660,▼-37.50%,10,113,123,91,1070,1200,2600,1100
TXO,202607,20260715.0,46900.0,Call,2500,2500,2500,2500,2650,▲+830,▲+49.70%,7,1,8,70,2510,2800,2500,450
TXO,202607,20260715.0,46900.0,Put,1400,1400,1200,1200,1130,▼-610,▼-33.70%,3,22,25,15,1110,1140,3040,1200
TXO,202607,20260715.0,47000.0,Call,1910,2550,1910,2550,2580,▲+940,▲+58.39%,86,183,269,773,2440,2610,2550,204
TXO,202607,20260715.0,47000.0,Put,1510,1510,1150,1150,1160,▼-700,▼-37.84%,74,223,297,165,1140,1180,3400,1150
TXO,202607,20260715.0,47100.0,Call,2390,2390,2360,2360,2520,▲+800,▲+51.28%,9,8,17,363,2500,2620,2390,200
TXO,202607,20260715.0,47100.0,Put,1360,1390,1210,1210,1190,▼-680,▼-35.98%,3,21,24,14,1170,1210,3500,1210
TXO,202607,20260715.0,47200.0,Call,1950,2370,1950,2370,2450,▲+860,▲+56.95%,10,36,46,471,2100,2670,2370,348
TXO,202607,20260715.0,47200.0,Put,1470,1470,1240,1250,1230,▼-690,▼-35.57%,3,13,16,6,1200,1240,4380,1240
TXO,202607,20260715.0,47300.0,Call,1860,2260,1850,2260,2390,▲+800,▲+54.79%,17,15,32,62,2370,2610,2260,425
TXO,202607,20260715.0,47300.0,Put,1460,1460,1280,1280,1260,▼-710,▼-35.68%,0,26,26,20,1240,1280,1460,1280
TXO,202607,20260715.0,47400.0,Call,2050,2050,2050,2050,2320,▲+640,▲+45.39%,5,1,6,49,2180,2620,2050,198
TXO,202607,20260715.0,47400.0,Put,1480,1480,1280,1280,1290,▼-760,▼-37.25%,0,8,8,5,1270,1310,2930,1280
TXO,202607,20260715.0,47500.0,Call,1760,2200,1760,2150,2260,▲+790,▲+58.09%,19,128,147,282,2240,2420,2200,201
TXO,202607,20260715.0,47500.0,Put,1560,1600,1240,1290,1330,▼-800,▼-38.28%,27,42,69,34,1310,1350,2360,1240
TXO,202607,20260715.0,47600.0,Call,1860,2220,1860,2200,2190,▲+890,▲+67.94%,14,264,278,383,2180,2220,2220,481
TXO,202607,20260715.0,47600.0,Put,1670,1670,1370,1370,1370,▼-770,▼-35.98%,1,79,80,62,1350,1390,3770,1370
TXO,202607,20260715.0,47700.0,Call,1600,2080,1600,2070,2130,▲+810,▲+64.29%,2,12,14,59,2120,2330,2080,280
TXO,202607,20260715.0,47700.0,Put,1720,1720,1430,1430,1410,▼-770,▼-35.00%,0,14,14,5,1390,1430,3840,1430
TXO,202607,20260715.0,47800.0,Call,1540,2020,1540,1960,2070,▲+740,▲+60.66%,4,31,35,51,2060,2360,2020,255
TXO,202607,20260715.0,47800.0,Put,1700,1700,1450,1470,1440,▼-780,▼-34.67%,1,22,23,15,1430,1470,3250,1450
TXO,202607,20260715.0,47900.0,Call,1430,1960,1430,1950,2010,▲+780,▲+66.67%,2,7,9,36,2000,2040,1960,365
TXO,202607,20260715.0,47900.0,Put,1680,1680,1640,1640,1490,▼-670,▼-29.00%,0,23,23,23,1470,1510,3320,1640
TXO,202607,20260715.0,48000.0,Call,1410,1950,1410,1950,1960,▲+820,▲+72.57%,127,182,309,354,1940,1980,1950,163
TXO,202607,20260715.0,48000.0,Put,1780,1780,1520,1520,1530,▼-850,▼-35.86%,9,51,60,48,1510,1550,4130,1520
TXO,202607,20260715.0,48100.0,Call,1690,1840,1650,1840,1900,▲+760,▲+70.37%,73,6,79,74,1880,1920,1840,315
TXO,202607,20260715.0,48100.0,Put,1680,1720,1680,1720,1570,▼-700,▼-28.93%,0,3,3,4,1550,1590,3440,1680
TXO,202607,20260715.0,48200.0,Call,1500,1750,1500,1710,1840,▲+670,▲+64.42%,6,18,24,47,1820,2040,1750,149
TXO,202607,20260715.0,48200.0,Put,1770,1770,1620,1630,1610,▼-840,▼-34.01%,0,34,34,27,1590,1630,3100,1620
TXO,202607,20260715.0,48300.0,Call,1500,1730,1500,1730,1780,▲+730,▲+73.00%,14,253,267,296,1770,1810,1730,132
TXO,202607,20260715.0,48300.0,Put,1670,1670,1670,1670,1650,▼-870,▼-34.25%,0,1,1,1,1370,1680,1670,1670
TXO,202607,20260715.0,48400.0,Call,1290,1640,1290,1640,1720,▲+675,▲+69.95%,4,14,18,21,1630,1890,1640,420
TXO,202607,20260715.0,48400.0,Put,1970,1970,1830,1830,1700,▼-770,▼-29.62%,0,2,2,1,1570,1830,1970,1830
TXO,202607,20260715.0,48500.0,Call,1150,1620,1150,1620,1670,▲+695,▲+75.14%,20,22,42,42,1600,1700,1620,353
TXO,202607,20260715.0,48500.0,Put,1910,1910,1840,1840,1750,▼-820,▼-30.83%,0,8,8,7,1730,1770,1910,1840
TXO,202607,20260715.0,48600.0,Call,1300,1510,1300,1480,1620,▲+590,▲+66.29%,13,7,20,28,1610,1650,1510,338
TXO,202607,20260715.0,48600.0,Put,2020,2020,1930,1930,1790,▼-790,▼-29.04%,0,2,2,3,1700,2130,3200,1930
TXO,202607,20260715.0,48700.0,Call,960,1530,960,1530,1570,▲+675,▲+78.95%,3,14,17,33,1550,1630,1530,300
TXO,202607,20260715.0,48700.0,Put,2180,2180,1890,1890,1840,▼-890,▼-32.01%,0,3,3,2,1820,1840,2180,1890
TXO,202607,20260715.0,48800.0,Call,1120,1480,1110,1480,1520,▲+660,▲+80.49%,19,21,40,85,1510,1550,1480,300
TXO,202607,20260715.0,48800.0,Put,2130,2130,1910,1910,1890,▼-940,▼-32.98%,0,2,2,2,1760,1920,2130,1910
TXO,202607,20260715.0,48900.0,Call,1210,1430,1210,1430,1470,▲+650,▲+83.33%,4,9,13,24,1460,1600,1430,345
TXO,202607,20260715.0,48900.0,Put,-,-,-,-,1940,-,-,0,0,0,0,1800,1970,3290,3210
TXO,202607,20260715.0,49000.0,Call,980,1400,980,1400,1420,▲+645,▲+85.43%,57,72,129,275,1410,1500,1400,270
TXO,202607,20260715.0,49000.0,Put,2180,2240,2010,2010,1990,▼-970,▼-32.55%,7,21,28,24,1970,2020,6090,2010
TXO,202607,20260715.0,49100.0,Call,1020,1340,1020,1340,1370,▲+625,▲+87.41%,12,12,24,13,1360,1570,1340,281
TXO,202607,20260715.0,49100.0,Put,-,-,-,-,2050,-,-,0,0,0,0,1750,2190,3390,3180
TXO,202607,20260715.0,49200.0,Call,840,1290,840,1290,1320,▲+605,▲+88.32%,20,26,46,233,1000,1350,1290,272
TXO,202607,20260715.0,49200.0,Put,2230,2230,2230,2230,2100,▼-890,▼-28.53%,0,2,2,2,1940,2240,2230,2230
TXO,202607,20260715.0,49300.0,Call,935,1300,920,1300,1280,▲+640,▲+96.97%,18,29,47,18,1270,1500,1300,328
TXO,202607,20260715.0,49300.0,Put,-,-,-,-,2150,-,-,0,0,0,0,1850,2340,-,-
TXO,202607,20260715.0,49400.0,Call,1110,1200,1080,1200,1230,▲+570,▲+90.48%,1,10,11,7,1220,1260,1200,250
TXO,202607,20260715.0,49400.0,Put,-,-,-,-,2200,-,-,0,0,0,0,2070,2420,-,-
TXO,202607,20260715.0,49500.0,Call,800,1210,800,1210,1190,▲+615,▲+103.36%,21,51,72,73,1180,1220,1210,270
TXO,202607,20260715.0,49500.0,Put,2630,2630,2310,2310,2260,▼-1020,▼-30.63%,0,4,4,4,2120,2510,2630,2310
TXO,202607,20260715.0,49600.0,Call,810,1160,810,1160,1150,▲+590,▲+103.51%,5,34,39,15,1140,1180,1160,202
TXO,202607,20260715.0,49600.0,Put,2650,2650,2650,2650,2320,▼-750,▼-22.06%,2,1,3,1,2020,2460,3100,2650
TXO,202607,20260715.0,49700.0,Call,845,1070,820,1070,1110,▲+525,▲+96.33%,4,37,41,20,905,1210,1070,320
TXO,202607,20260715.0,49700.0,Put,-,-,-,-,2380,-,-,0,0,0,1,2080,2520,4400,4400
TXO,202607,20260715.0,49800.0,Call,970,1080,960,1080,1070,▲+565,▲+109.71%,2,10,12,13,1050,1220,1080,253
TXO,202607,20260715.0,49800.0,Put,-,-,-,-,2440,-,-,0,0,0,0,2300,2790,-,-
TXO,202607,20260715.0,49900.0,Call,570,1000,570,1000,1030,▲+506,▲+102.43%,18,22,40,33,1010,1050,1000,218
TXO,202607,20260715.0,49900.0,Put,-,-,-,-,2500,-,-,0,0,0,0,2360,2650,-,-
TXO,202607,20260715.0,50000.0,Call,600,1010,600,1000,1000,▲+530,▲+112.77%,261,521,782,869,980,1020,1020,148
TXO,202607,20260715.0,50000.0,Put,3010,3010,2600,2600,2560,▼-1100,▼-29.73%,1,6,7,13,2540,2780,6700,2600
TXO,202607,20260715.0,50100.0,Call,895,920,790,920,955,▲+473,▲+105.82%,2,21,23,31,940,1080,920,246
TXO,202607,20260715.0,50100.0,Put,-,-,-,-,2620,-,-,0,0,0,0,2470,2770,-,-
TXO,202607,20260715.0,50200.0,Call,610,885,610,885,915,▲+462,▲+109.22%,6,30,36,67,905,1100,995,220
TXO,202607,20260715.0,50200.0,Put,-,-,-,-,2690,-,-,0,0,0,0,2540,2830,-,-
TXO,202607,20260715.0,50300.0,Call,600,850,600,850,880,▲+447,▲+110.92%,12,15,27,35,865,905,935,208
TXO,202607,20260715.0,50300.0,Put,-,-,-,-,2750,-,-,0,0,0,0,2600,2890,-,-
TXO,202607,20260715.0,50400.0,Call,535,820,535,820,845,▲+436,▲+113.54%,5,14,19,12,760,970,820,187
TXO,202607,20260715.0,50400.0,Put,-,-,-,-,2820,-,-,0,0,0,1,2720,2960,4390,4390
TXO,202607,20260715.0,50500.0,Call,510,810,510,810,810,▲+447,▲+123.14%,46,50,96,45,800,830,810,189
TXO,202607,20260715.0,50500.0,Put,-,-,-,-,2880,-,-,0,0,0,1,2730,3040,4740,4740
TXO,202607,20260715.0,50600.0,Call,447,785,447,785,785,▲+439,▲+126.88%,9,47,56,31,770,980,785,245
TXO,202607,20260715.0,50600.0,Put,-,-,-,-,2950,-,-,0,0,0,2,2820,3100,5230,5180
TXO,202607,20260715.0,50700.0,Call,485,765,485,765,755,▲+435,▲+131.82%,5,29,34,32,735,775,765,262
TXO,202607,20260715.0,50700.0,Put,-,-,-,-,3020,-,-,0,0,0,0,2860,3170,-,-
TXO,202607,20260715.0,50800.0,Call,640,640,640,640,725,▲+328,▲+105.13%,0,2,2,51,710,745,805,192
TXO,202607,20260715.0,50800.0,Put,-,-,-,-,3090,-,-,0,0,0,0,2920,3240,-,-
TXO,202607,20260715.0,50900.0,Call,610,650,600,650,695,▲+360,▲+124.14%,5,10,15,25,585,715,820,122
TXO,202607,20260715.0,50900.0,Put,-,-,-,-,3170,-,-,0,0,0,0,2990,3310,-,-
TXO,202607,20260715.0,51000.0,Call,377,650,377,650,670,▲+369,▲+131.32%,85,112,197,426,650,690,795,3.8
TXO,202607,20260715.0,51000.0,Put,3360,3360,3360,3360,3240,▼-1150,▼-25.50%,0,1,1,1,3070,3590,3360,3360
TXO,202607,20260715.0,51100.0,Call,438,595,438,595,640,▲+331,▲+125.38%,2,40,42,37,620,660,770,158
TXO,202607,20260715.0,51100.0,Put,-,-,-,-,3310,-,-,0,0,0,0,3160,3450,-,-
TXO,202607,20260715.0,51200.0,Call,338,575,338,575,610,▲+325,▲+130.00%,33,46,79,29,600,635,575,202
TXO,202607,20260715.0,51200.0,Put,-,-,-,-,3380,-,-,0,0,0,0,3260,3480,-,-
TXO,202607,20260715.0,51300.0,Call,349,494,349,494,585,▲+257,▲+108.44%,5,4,9,10,470,615,494,147
TXO,202607,20260715.0,51300.0,Put,-,-,-,-,3450,-,-,0,0,0,0,3310,3620,-,-
TXO,202607,20260715.0,51400.0,Call,315,515,315,515,560,▲+291,▲+129.91%,0,9,9,6,545,755,515,160
TXO,202607,20260715.0,51400.0,Put,-,-,-,-,3530,-,-,0,0,0,0,3510,3560,-,-
TXO,202607,20260715.0,51500.0,Call,308,500,308,500,535,▲+288,▲+135.85%,12,26,38,109,520,620,645,145
TXO,202607,20260715.0,51500.0,Put,-,-,-,-,3610,-,-,0,0,0,0,3290,3730,-,-
TXO,202607,20260715.0,51600.0,Call,298,395,298,395,515,▲+194,▲+96.52%,4,7,11,10,401,535,645,161
TXO,202607,20260715.0,51600.0,Put,-,-,-,-,3680,-,-,0,0,0,0,3660,3840,-,-
TXO,202607,20260715.0,51700.0,Call,323,500,323,500,492,▲+310,▲+163.16%,0,24,24,23,377,515,500,139
TXO,202607,20260715.0,51700.0,Put,-,-,-,-,3760,-,-,0,0,0,0,3640,3900,-,-
TXO,202607,20260715.0,51800.0,Call,264,417,264,417,470,▲+238,▲+132.96%,13,8,21,18,455,490,505,126
TXO,202607,20260715.0,51800.0,Put,-,-,-,-,3840,-,-,0,0,0,0,3520,3970,-,-
TXO,202607,20260715.0,51900.0,Call,286,286,286,286,449,▲+118,▲+70.24%,3,1,4,17,418,480,286,127
TXO,202607,20260715.0,51900.0,Put,-,-,-,-,3920,-,-,0,0,0,0,3780,4030,-,-
TXO,202607,20260715.0,52000.0,Call,212,428,191,428,428,▲+272,▲+174.36%,326,453,779,690,416,450,570,111
TXO,202607,20260715.0,52000.0,Put,-,-,-,-,4000,-,-,0,0,0,0,3870,4110,5760,5710
TXO,202607,20260715.0,52100.0,Call,268,372,268,372,411,▲+221,▲+146.36%,13,4,17,16,398,435,565,121
TXO,202607,20260715.0,52100.0,Put,-,-,-,-,4080,-,-,0,0,0,0,3950,4200,-,-
TXO,202607,20260715.0,52200.0,Call,200,360,199,360,393,▲+217,▲+151.75%,7,18,25,14,295,414,565,89
TXO,202607,20260715.0,52200.0,Put,-,-,-,-,4160,-,-,0,0,0,0,4030,4300,-,-
TXO,202607,20260715.0,52300.0,Call,300,388,300,388,375,▲+252,▲+185.29%,5,49,54,62,360,535,550,128
TXO,202607,20260715.0,52300.0,Put,-,-,-,-,4240,-,-,0,0,0,0,4090,4370,-,-
TXO,202607,20260715.0,52400.0,Call,203,299,203,291,357,▲+163,▲+127.34%,0,12,12,9,344,379,535,100
TXO,202607,20260715.0,52400.0,Put,-,-,-,-,4320,-,-,0,0,0,0,4160,4570,-,-
TXO,202607,20260715.0,52500.0,Call,185,319,185,319,341,▲+201,▲+170.34%,19,134,153,118,327,362,413,99
TXO,202607,20260715.0,52500.0,Put,-,-,-,-,4410,-,-,0,0,0,0,4380,4810,-,-
TXO,202607,20260715.0,52600.0,Call,173,287,173,287,325,▲+172,▲+149.57%,0,3,3,5,311,346,388,101
TXO,202607,20260715.0,52600.0,Put,-,-,-,-,4490,-,-,0,0,0,0,4390,4650,-,-
TXO,202607,20260715.0,52700.0,Call,240,240,240,240,311,▲+132,▲+122.22%,1,1,2,2,280,347,240,90
TXO,202607,20260715.0,52700.0,Put,-,-,-,-,4580,-,-,0,0,0,0,4410,4880,-,-
TXO,202607,20260715.0,52800.0,Call,227,272,227,272,297,▲+170,▲+166.67%,2,2,4,12,192,316,272,87
TXO,202607,20260715.0,52800.0,Put,-,-,-,-,4660,-,-,0,0,0,0,4490,5070,-,-
TXO,202607,20260715.0,52900.0,Call,144,275,144,275,284,▲+179,▲+186.46%,3,31,34,29,267,302,305,80
TXO,202607,20260715.0,52900.0,Put,-,-,-,-,4750,-,-,0,0,0,0,4580,5020,-,-
TXO,202607,20260715.0,53000.0,Call,129,266,129,266,266,▲+175,▲+192.31%,75,154,229,215,262,289,310,62
TXO,202607,20260715.0,53000.0,Put,-,-,-,-,4830,-,-,0,0,0,0,4800,5250,-,-
TXO,202607,20260715.0,53100.0,Call,175,275,175,275,254,▲+189,▲+219.77%,0,22,22,20,240,274,338,73
TXO,202607,20260715.0,53100.0,Put,-,-,-,-,4920,-,-,0,0,0,0,4900,4950,-,-
TXO,202607,20260715.0,53200.0,Call,152,188,152,168,241,▲+88,▲+110.00%,0,4,4,23,74,261,188,74
TXO,202607,20260715.0,53200.0,Put,-,-,-,-,5010,-,-,0,0,0,0,4760,5320,-,-
TXO,202607,20260715.0,53300.0,Call,110,187,110,187,230,▲+111,▲+146.05%,21,16,37,28,216,252,187,89
TXO,202607,20260715.0,53300.0,Put,-,-,-,-,5100,-,-,0,0,0,0,5070,5370,-,-
TXO,202607,20260715.0,53400.0,Call,98,189,98,189,219,▲+118,▲+166.20%,64,25,89,42,201,240,189,71
TXO,202607,20260715.0,53400.0,Put,-,-,-,-,5180,-,-,0,0,0,0,5020,5330,-,-
TXO,202607,20260715.0,53500.0,Call,97,214,97,214,208,▲+146,▲+214.71%,249,476,725,1093,208,220,318,53
TXO,202607,20260715.0,53500.0,Put,-,-,-,-,5270,-,-,0,0,0,0,5250,5420,7600,7350
TXO,202608,20260819.0,34000.0,Call,-,-,-,-,14770,-,-,0,0,0,0,-,-,-,-
TXO,202608,20260819.0,34000.0,Put,178,178,150,150,145,▼-63,▼-29.58%,18,13,31,113,125,170,660,113
TXO,202608,20260819.0,34100.0,Call,-,-,-,-,14670,-,-,0,0,0,0,-,-,-,-
TXO,202608,20260819.0,34100.0,Put,-,-,-,-,147,-,-,0,0,0,11,50,291,520,220
TXO,202608,20260819.0,34200.0,Call,-,-,-,-,14570,-,-,0,0,0,0,-,-,-,-
TXO,202608,20260819.0,34200.0,Put,-,-,-,-,149,-,-,0,0,0,2,16.5,290,520,499
TXO,202608,20260819.0,34300.0,Call,-,-,-,-,14480,-,-,0,0,0,0,-,-,-,-
TXO,202608,20260819.0,34300.0,Put,-,-,-,-,152,-,-,5,0,5,6,15,298,481,206
TXO,202608,20260819.0,34400.0,Call,-,-,-,-,14380,-,-,0,0,0,0,-,-,-,-
TXO,202608,20260819.0,34400.0,Put,160,160,160,160,155,▼-69,▼-30.13%,5,4,9,3,61,302,515,160
TXO,202608,20260819.0,34500.0,Call,-,-,-,-,14280,-,-,0,0,0,0,-,-,-,-
TXO,202608,20260819.0,34500.0,Put,-,-,-,-,157,-,-,0,0,0,5,16.5,306,730,238
TXO,202608,20260819.0,34600.0,Call,-,-,-,-,14190,-,-,0,0,0,0,-,-,-,-
TXO,202608,20260819.0,34600.0,Put,160,160,160,160,160,▼-79,▼-33.05%,1,3,4,4,68,269,535,160
TXO,202608,20260819.0,34700.0,Call,-,-,-,-,14090,-,-,0,0,0,0,-,-,-,-
TXO,202608,20260819.0,34700.0,Put,-,-,-,-,163,-,-,0,0,0,2,16.5,-,595,286
TXO,202608,20260819.0,34800.0,Call,-,-,-,-,13990,-,-,0,0,0,0,-,-,-,-
TXO,202608,20260819.0,34800.0,Put,165,165,165,165,165,▼-85,▼-34.00%,2,3,5,2,84,-,311,165
TXO,202608,20260819.0,34900.0,Call,-,-,-,-,13900,-,-,0,0,0,0,-,-,-,-
TXO,202608,20260819.0,34900.0,Put,-,-,-,-,169,-,-,0,0,0,1,16.5,-,305,256
TXO,202608,20260819.0,35000.0,Call,-,-,-,-,13800,-,-,0,0,0,0,-,-,-,-
TXO,202608,20260819.0,35000.0,Put,220,250,190,190,175,▼-73,▼-27.76%,1,6,7,25,127,201,800,190
TXO,202608,20260819.0,35100.0,Call,-,-,-,-,13710,-,-,0,0,0,0,-,-,-,-
TXO,202608,20260819.0,35100.0,Put,-,-,-,-,178,-,-,0,0,0,1,59,-,267,267
TXO,202608,20260819.0,35200.0,Call,-,-,-,-,13610,-,-,0,0,0,0,-,-,-,-
TXO,202608,20260819.0,35200.0,Put,-,-,-,-,180,-,-,0,0,0,3,121,338,407,273
TXO,202608,20260819.0,35300.0,Call,-,-,-,-,13510,-,-,0,0,0,0,-,-,-,-
TXO,202608,20260819.0,35300.0,Put,-,-,-,-,185,-,-,0,0,0,1,2.1,-,433,279
TXO,202608,20260819.0,35400.0,Call,-,-,-,-,13420,-,-,0,0,0,0,-,-,-,-
TXO,202608,20260819.0,35400.0,Put,-,-,-,-,188,-,-,0,0,0,2,106,220,555,285
TXO,202608,20260819.0,35500.0,Call,-,-,-,-,13320,-,-,0,0,0,0,-,-,-,-
TXO,202608,20260819.0,35500.0,Put,271,271,271,271,192,▼-21,▼-7.19%,0,2,2,502,112,-,720,271
TXO,202608,20260819.0,35600.0,Call,-,-,-,-,13230,-,-,0,0,0,0,-,-,-,-
TXO,202608,20260819.0,35600.0,Put,-,-,-,-,197,-,-,0,0,0,2,117,-,900,298
TXO,202608,20260819.0,35700.0,Call,-,-,-,-,13130,-,-,0,0,0,0,-,-,-,-
TXO,202608,20260819.0,35700.0,Put,-,-,-,-,200,-,-,0,0,0,1,123,-,305,300
TXO,202608,20260819.0,35800.0,Call,-,-,-,-,13040,-,-,0,0,0,0,-,-,-,-
TXO,202608,20260819.0,35800.0,Put,-,-,-,-,205,-,-,0,0,0,2,128,-,520,311
TXO,202608,20260819.0,35900.0,Call,-,-,-,-,12940,-,-,0,0,0,0,-,-,-,-
TXO,202608,20260819.0,35900.0,Put,239,239,239,239,209,▼-79,▼-24.84%,0,1,1,3,196,-,750,239
TXO,202608,20260819.0,36000.0,Call,-,-,-,-,12840,-,-,0,0,0,0,-,-,-,-
TXO,202608,20260819.0,36000.0,Put,240,240,240,240,214,▼-85,▼-26.15%,1,1,2,24,200,378,995,240
TXO,202608,20260819.0,36100.0,Call,-,-,-,-,12750,-,-,0,0,0,0,-,-,-,-
TXO,202608,20260819.0,36100.0,Put,-,-,-,-,219,-,-,0,0,0,1,143,-,332,332
TXO,202608,20260819.0,36200.0,Call,-,-,-,-,12650,-,-,0,0,0,0,-,-,-,-
TXO,202608,20260819.0,36200.0,Put,-,-,-,-,224,-,-,0,0,0,2,149,344,820,340
TXO,202608,20260819.0,36300.0,Call,-,-,-,-,12560,-,-,0,0,0,0,-,-,-,-
TXO,202608,20260819.0,36300.0,Put,-,-,-,-,229,-,-,0,0,0,1,127,300,347,347
TXO,202608,20260819.0,36400.0,Call,-,-,-,-,12470,-,-,0,0,0,0,-,-,-,-
TXO,202608,20260819.0,36400.0,Put,-,-,-,-,234,-,-,1,0,1,2,149,5000,850,339
TXO,202608,20260819.0,36500.0,Call,-,-,-,-,12370,-,-,0,0,0,0,-,-,-,-
TXO,202608,20260819.0,36500.0,Put,-,-,-,-,239,-,-,0,0,0,3,2.1,-,1030,363
TXO,202608,20260819.0,36600.0,Call,-,-,-,-,12280,-,-,0,0,0,0,-,-,-,-
TXO,202608,20260819.0,36600.0,Put,270,270,270,270,244,▼-98,▼-26.63%,0,1,1,3,147,351,1130,270
TXO,202608,20260819.0,36700.0,Call,-,-,-,-,12180,-,-,0,0,0,0,-,-,-,-
TXO,202608,20260819.0,36700.0,Put,-,-,-,-,251,-,-,0,0,0,2,188,-,920,337
TXO,202608,20260819.0,36800.0,Call,-,-,-,-,12090,-,-,0,0,0,0,12040,12150,-,-
TXO,202608,20260819.0,36800.0,Put,-,-,-,-,258,-,-,0,0,0,0,191,-,670,570
TXO,202608,20260819.0,36900.0,Call,-,-,-,-,12000,-,-,0,0,0,0,11860,-,-,-
TXO,202608,20260819.0,36900.0,Put,-,-,-,-,266,-,-,0,0,0,2,160,437,450,415
TXO,202608,20260819.0,37000.0,Call,-,-,-,-,11910,-,-,0,0,0,0,-,-,-,-
TXO,202608,20260819.0,37000.0,Put,295,305,295,305,271,▼-97,▼-24.13%,1,3,4,27,203,367,1180,295
TXO,202608,20260819.0,37100.0,Call,-,-,-,-,11810,-,-,0,0,0,0,-,-,-,-
TXO,202608,20260819.0,37100.0,Put,-,-,-,-,277,-,-,0,0,0,0,173,-,-,-
TXO,202608,20260819.0,37200.0,Call,-,-,-,-,11720,-,-,0,0,0,0,11660,-,-,-
TXO,202608,20260819.0,37200.0,Put,-,-,-,-,283,-,-,0,0,0,0,179,-,-,-
TXO,202608,20260819.0,37300.0,Call,-,-,-,-,11620,-,-,0,0,0,0,-,-,-,-
TXO,202608,20260819.0,37300.0,Put,-,-,-,-,290,-,-,0,0,0,0,187,-,-,-
TXO,202608,20260819.0,37400.0,Call,-,-,-,-,11530,-,-,0,0,0,0,-,-,-,-
TXO,202608,20260819.0,37400.0,Put,-,-,-,-,296,-,-,0,0,0,0,196,-,-,-
TXO,202608,20260819.0,37500.0,Call,-,-,-,-,11440,-,-,0,0,0,0,11390,-,-,-
TXO,202608,20260819.0,37500.0,Put,342,355,342,355,302,▼-90,▼-20.22%,0,2,2,506,202,360,1270,342
TXO,202608,20260819.0,37600.0,Call,-,-,-,-,11340,-,-,0,0,0,0,11290,-,-,-
TXO,202608,20260819.0,37600.0,Put,366,367,360,362,309,▼-95,▼-20.79%,0,8,8,0,15,-,610,360
TXO,202608,20260819.0,37700.0,Call,-,-,-,-,11250,-,-,0,0,0,0,-,-,-,-
TXO,202608,20260819.0,37700.0,Put,-,-,-,-,314,-,-,0,0,0,27,15,425,1200,595
TXO,202608,20260819.0,37800.0,Call,-,-,-,-,11160,-,-,0,0,0,0,11110,-,-,-
TXO,202608,20260819.0,37800.0,Put,380,380,380,380,320,▼-97,▼-20.34%,1,1,2,0,244,409,585,380
TXO,202608,20260819.0,37900.0,Call,-,-,-,-,11060,-,-,0,0,0,0,-,-,-,-
TXO,202608,20260819.0,37900.0,Put,-,-,-,-,327,-,-,0,0,0,1,15,-,580,540
TXO,202608,20260819.0,38000.0,Call,-,-,-,-,10970,-,-,0,0,0,0,-,-,-,-
TXO,202608,20260819.0,38000.0,Put,439,439,360,365,335,▼-135,▼-27.00%,1,9,10,27,257,450,1440,360
TXO,202608,20260819.0,38100.0,Call,-,-,-,-,10880,-,-,0,0,0,0,-,-,-,-
TXO,202608,20260819.0,38100.0,Put,-,-,-,-,342,-,-,0,0,0,1,2.1,-,510,510
TXO,202608,20260819.0,38200.0,Call,-,-,-,-,10790,-,-,0,0,0,0,-,10840,-,-
TXO,202608,20260819.0,38200.0,Put,-,-,-,-,349,-,-,0,0,0,25,277,470,1120,520
TXO,202608,20260819.0,38300.0,Call,-,-,-,-,10690,-,-,0,0,0,0,10650,-,-,-
TXO,202608,20260819.0,38300.0,Put,-,-,-,-,356,-,-,0,0,0,0,276,-,-,-
TXO,202608,20260819.0,38400.0,Call,-,-,-,-,10600,-,-,0,0,0,0,10550,-,-,-
TXO,202608,20260819.0,38400.0,Put,-,-,-,-,365,-,-,0,0,0,1,2.1,-,945,545
TXO,202608,20260819.0,38500.0,Call,-,-,-,-,10510,-,-,0,0,0,0,-,-,-,-
TXO,202608,20260819.0,38500.0,Put,420,420,420,420,372,▼-140,▼-25.00%,3,1,4,16,2.1,500,1050,420
TXO,202608,20260819.0,38600.0,Call,-,-,-,-,10420,-,-,0,0,0,0,-,-,-,-
TXO,202608,20260819.0,38600.0,Put,-,-,-,-,380,-,-,0,0,0,1,2.1,487,1430,830
TXO,202608,20260819.0,38700.0,Call,-,-,-,-,10330,-,-,0,0,0,0,-,10380,-,-
TXO,202608,20260819.0,38700.0,Put,-,-,-,-,387,-,-,0,0,0,1,314,497,1050,595
TXO,202608,20260819.0,38800.0,Call,-,-,-,-,10240,-,-,0,0,0,0,10190,10280,-,-
TXO,202608,20260819.0,38800.0,Put,-,-,-,-,397,-,-,0,0,0,0,327,-,-,-
TXO,202608,20260819.0,38900.0,Call,-,-,-,-,10150,-,-,0,0,0,0,-,-,-,-
TXO,202608,20260819.0,38900.0,Put,480,480,460,460,406,▼-140,▼-23.33%,0,2,2,0,340,-,480,460
TXO,202608,20260819.0,39000.0,Call,-,-,-,-,10050,-,-,0,0,0,0,10000,-,-,-
TXO,202608,20260819.0,39000.0,Put,540,540,460,470,413,▼-145,▼-23.58%,0,17,17,423,15,-,1770,460
TXO,202608,20260819.0,39100.0,Call,-,-,-,-,9960,-,-,0,0,0,0,-,10010,-,-
TXO,202608,20260819.0,39100.0,Put,-,-,-,-,422,-,-,0,0,0,11,15,535,1320,1030
TXO,202608,20260819.0,39200.0,Call,-,-,-,-,9870,-,-,0,0,0,0,-,9920,-,-
TXO,202608,20260819.0,39200.0,Put,500,500,500,500,432,▼-145,▼-22.48%,0,1,1,26,330,565,1310,500
TXO,202608,20260819.0,39300.0,Call,-,-,-,-,9780,-,-,0,0,0,0,-,-,-,-
TXO,202608,20260819.0,39300.0,Put,-,-,-,-,441,-,-,0,0,0,1,359,550,1180,930
TXO,202608,20260819.0,39400.0,Call,-,-,-,-,9690,-,-,0,0,0,0,9650,-,-,-
TXO,202608,20260819.0,39400.0,Put,-,-,-,-,451,-,-,0,0,0,4,372,-,1210,785
TXO,202608,20260819.0,39500.0,Call,-,-,-,-,9600,-,-,0,0,0,0,-,-,-,-
TXO,202608,20260819.0,39500.0,Put,490,490,490,490,462,▼-195,▼-28.47%,0,4,4,28,383,615,1530,490
TXO,202608,20260819.0,39600.0,Call,-,-,-,-,9510,-,-,0,0,0,0,-,9560,-,-
TXO,202608,20260819.0,39600.0,Put,-,-,-,-,470,-,-,0,0,0,8,2.1,625,880,860
TXO,202608,20260819.0,39700.0,Call,-,-,-,-,9420,-,-,0,0,0,0,9370,-,-,-
TXO,202608,20260819.0,39700.0,Put,580,580,580,580,479,▼-135,▼-18.88%,0,1,1,0,408,-,700,580
TXO,202608,20260819.0,39800.0,Call,-,-,-,-,9330,-,-,0,0,0,0,-,-,-,-
TXO,202608,20260819.0,39800.0,Put,-,-,-,-,489,-,-,0,0,0,0,404,-,860,810
TXO,202608,20260819.0,39900.0,Call,-,-,-,-,9240,-,-,0,0,0,0,-,9290,-,-
TXO,202608,20260819.0,39900.0,Put,-,-,-,-,500,-,-,0,0,0,6,418,640,2110,810
TXO,202608,20260819.0,40000.0,Call,-,-,-,-,9160,-,-,0,0,0,0,-,-,-,-
TXO,202608,20260819.0,40000.0,Put,665,665,520,535,515,▼-225,▼-29.61%,0,8,8,30,435,605,2200,520
TXO,202608,20260819.0,40100.0,Call,-,-,-,-,9070,-,-,0,0,0,0,9020,9120,-,-
TXO,202608,20260819.0,40100.0,Put,575,575,575,575,530,▼-200,▼-25.81%,0,1,1,1,450,1200,1370,575
TXO,202608,20260819.0,40200.0,Call,-,-,-,-,8980,-,-,0,0,0,0,-,-,-,-
TXO,202608,20260819.0,40200.0,Put,630,630,630,630,540,▼-165,▼-20.75%,0,1,1,0,460,-,1610,630
TXO,202608,20260819.0,40300.0,Call,-,-,-,-,8900,-,-,0,0,0,0,-,8940,-,-
TXO,202608,20260819.0,40300.0,Put,-,-,-,-,555,-,-,0,0,0,1,470,695,1420,1420
TXO,202608,20260819.0,40400.0,Call,-,-,-,-,8810,-,-,0,0,0,0,8760,-,-,-
TXO,202608,20260819.0,40400.0,Put,-,-,-,-,565,-,-,0,0,0,2,485,730,970,940
TXO,202608,20260819.0,40500.0,Call,-,-,-,-,8720,-,-,0,0,0,0,-,-,-,-
TXO,202608,20260819.0,40500.0,Put,670,670,625,625,575,▼-220,▼-26.04%,0,5,5,5,500,-,2100,625
TXO,202608,20260819.0,40600.0,Call,-,-,-,-,8630,-,-,0,0,0,0,8590,8680,-,-
TXO,202608,20260819.0,40600.0,Put,-,-,-,-,590,-,-,0,0,0,1,520,-,945,885
TXO,202608,20260819.0,40700.0,Call,-,-,-,-,8550,-,-,0,0,0,0,-,8590,-,-
TXO,202608,20260819.0,40700.0,Put,-,-,-,-,600,-,-,0,0,0,1,530,775,1010,1010
TXO,202608,20260819.0,40800.0,Call,-,-,-,-,8460,-,-,0,0,0,0,-,-,-,-
TXO,202608,20260819.0,40800.0,Put,-,-,-,-,615,-,-,0,0,0,0,520,-,-,-
TXO,202608,20260819.0,40900.0,Call,-,-,-,-,8370,-,-,0,0,0,0,-,-,-,-
TXO,202608,20260819.0,40900.0,Put,-,-,-,-,625,-,-,0,0,0,2,540,740,1580,995
TXO,202608,20260819.0,41000.0,Call,-,-,-,-,8280,-,-,0,0,0,0,-,-,-,-
TXO,202608,20260819.0,41000.0,Put,745,745,695,700,635,▼-225,▼-24.32%,0,11,11,17,550,815,1660,695
TXO,202608,20260819.0,41100.0,Call,-,-,-,-,8200,-,-,0,0,0,0,-,-,-,-
TXO,202608,20260819.0,41100.0,Put,-,-,-,-,650,-,-,0,0,0,1,565,760,1130,1130
TXO,202608,20260819.0,41200.0,Call,-,-,-,-,8110,-,-,0,0,0,0,8080,-,-,-
TXO,202608,20260819.0,41200.0,Put,-,-,-,-,665,-,-,0,0,0,1,2.1,750,1670,1190
TXO,202608,20260819.0,41300.0,Call,-,-,-,-,8030,-,-,0,0,0,0,-,-,-,-
TXO,202608,20260819.0,41300.0,Put,-,-,-,-,680,-,-,0,0,0,2,600,-,1700,1170
TXO,202608,20260819.0,41400.0,Call,-,-,-,-,7940,-,-,0,0,0,0,-,7990,-,-
TXO,202608,20260819.0,41400.0,Put,-,-,-,-,695,-,-,0,0,0,0,620,-,-,-
TXO,202608,20260819.0,41500.0,Call,-,-,-,-,7860,-,-,0,0,0,0,-,-,-,-
TXO,202608,20260819.0,41500.0,Put,850,850,850,850,710,▼-190,▼-18.27%,0,20,20,22,645,840,2690,850
TXO,202608,20260819.0,41600.0,Call,-,-,-,-,7770,-,-,0,0,0,0,-,-,-,-
TXO,202608,20260819.0,41600.0,Put,-,-,-,-,725,-,-,0,0,0,0,650,-,-,-
TXO,202608,20260819.0,41700.0,Call,-,-,-,-,7690,-,-,0,0,0,0,7650,-,-,-
TXO,202608,20260819.0,41700.0,Put,-,-,-,-,740,-,-,0,0,0,4,650,880,1840,1840
TXO,202608,20260819.0,41800.0,Call,-,-,-,-,7610,-,-,0,0,0,0,7560,-,-,-
TXO,202608,20260819.0,41800.0,Put,-,-,-,-,760,-,-,0,0,0,0,690,-,1880,1350
TXO,202608,20260819.0,41900.0,Call,-,-,-,-,7530,-,-,0,0,0,0,-,7570,-,-
TXO,202608,20260819.0,41900.0,Put,930,930,930,930,780,▼-190,▼-16.96%,0,3,3,3,695,905,930,930
TXO,202608,20260819.0,42000.0,Call,-,-,-,-,7450,-,-,0,0,0,0,7410,-,-,-
TXO,202608,20260819.0,42000.0,Put,870,870,830,830,800,▼-320,▼-27.83%,4,4,8,58,795,940,2540,830
TXO,202608,20260819.0,42100.0,Call,-,-,-,-,7350,-,-,0,0,0,0,7240,-,-,-
TXO,202608,20260819.0,42100.0,Put,-,-,-,-,805,-,-,0,0,0,0,15,-,-,-
TXO,202608,20260819.0,42200.0,Call,-,-,-,-,7270,-,-,0,0,0,0,7230,-,-,-
TXO,202608,20260819.0,42200.0,Put,-,-,-,-,820,-,-,0,0,0,0,15,-,-,-
TXO,202608,20260819.0,42300.0,Call,-,-,-,-,7180,-,-,0,0,0,0,7160,7240,-,-
TXO,202608,20260819.0,42300.0,Put,-,-,-,-,835,-,-,0,0,0,0,15,-,-,-
TXO,202608,20260819.0,42400.0,Call,-,-,-,-,7100,-,-,0,0,0,0,-,-,3760,3730
TXO,202608,20260819.0,42400.0,Put,1000,1000,1000,1000,855,▼-240,▼-19.35%,0,1,1,1,15,980,1000,1000
TXO,202608,20260819.0,42500.0,Call,-,-,-,-,7020,-,-,0,0,0,3,7000,-,3630,2520
TXO,202608,20260819.0,42500.0,Put,-,-,-,-,870,-,-,0,0,0,0,-,-,-,-
TXO,202608,20260819.0,42600.0,Call,-,-,-,-,6940,-,-,0,0,0,0,-,-,-,-
TXO,202608,20260819.0,42600.0,Put,-,-,-,-,890,-,-,0,0,0,0,-,-,-,-
TXO,202608,20260819.0,42700.0,Call,-,-,-,-,6860,-,-,0,0,0,0,6840,-,-,-
TXO,202608,20260819.0,42700.0,Put,1000,1000,1000,1000,910,▼-310,▼-23.66%,0,1,1,5,830,-,2040,1000
TXO,202608,20260819.0,42800.0,Call,6620,6700,6580,6700,6780,▲+1180,▲+21.38%,0,10,10,1,6760,-,6700,3190
TXO,202608,20260819.0,42800.0,Put,1010,1010,1010,1010,925,▼-320,▼-24.06%,0,5,5,12,850,-,2730,1010
TXO,202608,20260819.0,42900.0,Call,-,-,-,-,6700,-,-,0,0,0,0,6680,-,-,-
TXO,202608,20260819.0,42900.0,Put,-,-,-,-,945,-,-,0,0,0,0,-,-,-,-
TXO,202608,20260819.0,43000.0,Call,-,-,-,-,6620,-,-,0,0,0,1,6500,-,2510,2510
TXO,202608,20260819.0,43000.0,Put,1250,1250,1000,1000,965,▼-390,▼-28.06%,2,17,19,436,-,1110,2160,1000
TXO,202608,20260819.0,43100.0,Call,-,-,-,-,6540,-,-,0,0,0,0,6520,-,-,-
TXO,202608,20260819.0,43100.0,Put,-,-,-,-,990,-,-,1,0,1,0,-,-,1720,1430
TXO,202608,20260819.0,43200.0,Call,-,-,-,-,6470,-,-,0,0,0,0,-,6520,-,-
TXO,202608,20260819.0,43200.0,Put,-,-,-,-,1020,-,-,0,0,0,2,-,1170,3030,1560
TXO,202608,20260819.0,43300.0,Call,-,-,-,-,6390,-,-,0,0,0,0,6350,6440,-,-
TXO,202608,20260819.0,43300.0,Put,-,-,-,-,1030,-,-,0,0,0,0,-,-,-,-
TXO,202608,20260819.0,43400.0,Call,-,-,-,-,6310,-,-,0,0,0,0,-,-,-,-
TXO,202608,20260819.0,43400.0,Put,-,-,-,-,1050,-,-,0,0,0,0,15,-,1530,1530
TXO,202608,20260819.0,43500.0,Call,-,-,-,-,6230,-,-,0,0,0,3,-,6350,3430,2020
TXO,202608,20260819.0,43500.0,Put,-,-,-,-,1070,-,-,0,0,0,9,15,1200,3300,1770
TXO,202608,20260819.0,43600.0,Call,-,-,-,-,6150,-,-,0,0,0,0,6120,-,-,-
TXO,202608,20260819.0,43600.0,Put,-,-,-,-,1100,-,-,0,0,0,0,-,-,-,-
TXO,202608,20260819.0,43700.0,Call,-,-,-,-,6080,-,-,0,0,0,0,-,-,-,-
TXO,202608,20260819.0,43700.0,Put,-,-,-,-,1120,-,-,0,0,0,1,-,1270,1900,1900
TXO,202608,20260819.0,43800.0,Call,-,-,-,-,6000,-,-,0,0,0,0,5980,6050,-,-
TXO,202608,20260819.0,43800.0,Put,-,-,-,-,1140,-,-,0,0,0,1,1080,-,2970,2970
TXO,202608,20260819.0,43900.0,Call,-,-,-,-,5920,-,-,0,0,0,0,-,5980,4210,2970
TXO,202608,20260819.0,43900.0,Put,-,-,-,-,1170,-,-,0,0,0,0,-,-,-,-
TXO,202608,20260819.0,44000.0,Call,5710,5710,5700,5700,5850,▲+1040,▲+22.32%,0,6,6,5,5760,6180,5710,1900
TXO,202608,20260819.0,44000.0,Put,1400,1400,1400,1400,1190,▼-270,▼-16.17%,0,1,1,230,-,1330,3670,1400
TXO,202608,20260819.0,44100.0,Call,-,-,-,-,5770,-,-,0,0,0,0,5530,5990,-,-
TXO,202608,20260819.0,44100.0,Put,-,-,-,-,1220,-,-,0,0,0,1,15,1360,1980,1980
TXO,202608,20260819.0,44200.0,Call,-,-,-,-,5700,-,-,0,0,0,8,5670,5930,3170,3120
TXO,202608,20260819.0,44200.0,Put,-,-,-,-,1240,-,-,0,0,0,0,15,-,3460,2030
TXO,202608,20260819.0,44300.0,Call,-,-,-,-,5620,-,-,0,0,0,0,5600,5840,-,-
TXO,202608,20260819.0,44300.0,Put,-,-,-,-,1260,-,-,0,0,0,0,15,-,-,-
TXO,202608,20260819.0,44400.0,Call,5440,5440,5440,5440,5550,▲+1050,▲+23.92%,0,1,1,0,5520,5770,5440,3970
TXO,202608,20260819.0,44400.0,Put,-,-,-,-,1290,-,-,0,0,0,1,15,-,3350,1960
TXO,202608,20260819.0,44500.0,Call,-,-,-,-,5470,-,-,0,0,0,0,5460,5530,3050,2840
TXO,202608,20260819.0,44500.0,Put,-,-,-,-,1320,-,-,0,0,0,201,15,1480,2460,2080
TXO,202608,20260819.0,44600.0,Call,-,-,-,-,5400,-,-,0,0,0,0,5200,5620,-,-
TXO,202608,20260819.0,44600.0,Put,-,-,-,-,1340,-,-,0,0,0,0,15,-,-,-
TXO,202608,20260819.0,44700.0,Call,-,-,-,-,5330,-,-,0,0,0,0,5130,5550,2950,2880
TXO,202608,20260819.0,44700.0,Put,1500,1500,1400,1400,1370,▼-510,▼-26.70%,0,2,2,2,15,-,3580,1400
TXO,202608,20260819.0,44800.0,Call,-,-,-,-,5250,-,-,0,0,0,0,5050,5590,-,-
TXO,202608,20260819.0,44800.0,Put,-,-,-,-,1390,-,-,0,0,0,0,15,-,2800,2750
TXO,202608,20260819.0,44900.0,Call,-,-,-,-,5180,-,-,0,0,0,0,4990,5500,-,-
TXO,202608,20260819.0,44900.0,Put,-,-,-,-,1420,-,-,0,0,0,0,15,-,3670,2600
TXO,202608,20260819.0,45000.0,Call,5090,5090,5090,5090,5110,▲+1090,▲+27.25%,0,1,1,9,4940,5320,5090,2360
TXO,202608,20260819.0,45000.0,Put,1660,1660,1490,1490,1450,▼-510,▼-25.50%,0,41,41,92,15,1620,3140,1490
TXO,202608,20260819.0,45100.0,Call,-,-,-,-,5040,-,-,0,0,0,2,4770,5380,3690,3690
TXO,202608,20260819.0,45100.0,Put,-,-,-,-,1480,-,-,0,0,0,0,15,-,-,-
TXO,202608,20260819.0,45200.0,Call,-,-,-,-,4960,-,-,0,0,0,0,4770,5030,-,-
TXO,202608,20260819.0,45200.0,Put,-,-,-,-,1500,-,-,0,0,0,0,15,-,-,-
TXO,202608,20260819.0,45300.0,Call,-,-,-,-,4900,-,-,0,0,0,1,4880,5030,2270,2180
TXO,202608,20260819.0,45300.0,Put,-,-,-,-,1540,-,-,0,0,0,0,15,-,-,-
TXO,202608,20260819.0,45400.0,Call,-,-,-,-,4830,-,-,2,0,2,0,4810,5030,3900,2280
TXO,202608,20260819.0,45400.0,Put,1600,1600,1600,1600,1570,▼-540,▼-25.23%,0,1,1,0,1520,-,2670,1600
TXO,202608,20260819.0,45500.0,Call,-,-,-,-,4760,-,-,0,0,0,23,4740,-,3230,1210
TXO,202608,20260819.0,45500.0,Put,-,-,-,-,1600,-,-,0,0,0,0,15,-,-,-
TXO,202608,20260819.0,45600.0,Call,-,-,-,-,4690,-,-,0,0,0,0,4600,4870,-,-
TXO,202608,20260819.0,45600.0,Put,-,-,-,-,1630,-,-,0,0,0,2,15,1810,2910,2510
TXO,202608,20260819.0,45700.0,Call,4450,4450,4450,4450,4620,▲+900,▲+25.35%,0,1,1,1,4600,4680,4450,4450
TXO,202608,20260819.0,45700.0,Put,-,-,-,-,1660,-,-,0,0,0,0,15,-,-,-
TXO,202608,20260819.0,45800.0,Call,4460,4460,4460,4460,4550,▲+970,▲+27.79%,0,1,1,10,4550,4620,4460,2020
TXO,202608,20260819.0,45800.0,Put,1740,1770,1740,1770,1690,▼-520,▼-22.71%,0,2,2,5,1650,1770,3200,1740
TXO,202608,20260819.0,45900.0,Call,-,-,-,-,4490,-,-,0,0,0,5,4470,4800,3150,2690
TXO,202608,20260819.0,45900.0,Put,2000,2000,2000,2000,1720,▼-330,▼-14.16%,0,1,1,1,1680,-,3750,2000
TXO,202608,20260819.0,46000.0,Call,4340,4340,4340,4340,4420,▲+970,▲+28.78%,1,1,2,5,4410,-,4340,1970
TXO,202608,20260819.0,46000.0,Put,2000,2000,1760,1760,1760,▼-620,▼-26.05%,7,58,65,55,15,1920,3830,1760
TXO,202608,20260819.0,46100.0,Call,-,-,-,-,4360,-,-,0,0,0,2,4340,4480,1250,760
TXO,202608,20260819.0,46100.0,Put,1990,1990,1860,1860,1790,▼-560,▼-23.14%,0,2,2,0,15,-,3300,1860
TXO,202608,20260819.0,46200.0,Call,-,-,-,-,4290,-,-,0,0,0,0,4270,-,3100,2950
TXO,202608,20260819.0,46200.0,Put,-,-,-,-,1830,-,-,0,0,0,0,15,-,-,-
TXO,202608,20260819.0,46300.0,Call,-,-,-,-,4220,-,-,0,0,0,0,4050,4290,-,-
TXO,202608,20260819.0,46300.0,Put,2010,2010,1950,1950,1860,▼-560,▼-22.31%,0,2,2,1,15,2030,2010,1950
TXO,202608,20260819.0,46400.0,Call,-,-,-,-,4160,-,-,0,0,0,0,4080,-,-,-
TXO,202608,20260819.0,46400.0,Put,-,-,-,-,1900,-,-,0,0,0,0,15,-,-,-
TXO,202608,20260819.0,46500.0,Call,-,-,-,-,4100,-,-,0,0,0,2,4020,-,3080,3080
TXO,202608,20260819.0,46500.0,Put,1980,1980,1950,1980,1940,▼-610,▼-23.55%,0,40,40,40,1890,-,4020,1950
TXO,202608,20260819.0,46600.0,Call,-,-,-,-,4040,-,-,0,0,0,4,3960,-,3070,2800
TXO,202608,20260819.0,46600.0,Put,-,-,-,-,1980,-,-,0,0,0,0,15,-,-,-
TXO,202608,20260819.0,46700.0,Call,-,-,-,-,3980,-,-,0,0,0,1,3900,-,2920,1310
TXO,202608,20260819.0,46700.0,Put,-,-,-,-,2020,-,-,0,0,0,1,1570,-,2750,2750
TXO,202608,20260819.0,46800.0,Call,-,-,-,-,3920,-,-,0,0,0,15,3820,3970,2460,2170
TXO,202608,20260819.0,46800.0,Put,-,-,-,-,2060,-,-,0,0,0,0,15,-,-,-
TXO,202608,20260819.0,46900.0,Call,-,-,-,-,3860,-,-,0,0,0,0,3760,-,-,-
TXO,202608,20260819.0,46900.0,Put,2220,2220,2130,2130,2100,▼-640,▼-23.10%,0,2,2,2,2030,-,2220,2130
TXO,202608,20260819.0,47000.0,Call,3630,3630,3630,3630,3780,▲+830,▲+29.64%,1,1,2,10,3700,3920,3630,1100
TXO,202608,20260819.0,47000.0,Put,2370,2370,2220,2220,2110,▼-580,▼-20.71%,1,2,3,5,15,2290,5150,2220
TXO,202608,20260819.0,47100.0,Call,-,-,-,-,3710,-,-,0,0,0,0,3640,-,-,-
TXO,202608,20260819.0,47100.0,Put,-,-,-,-,2150,-,-,0,0,0,4,15,2330,3530,2710
TXO,202608,20260819.0,47200.0,Call,-,-,-,-,3650,-,-,0,0,0,14,3580,3780,2130,1030
TXO,202608,20260819.0,47200.0,Put,2390,2390,2390,2390,2190,▼-510,▼-17.59%,0,1,1,20,15,-,3600,2390
TXO,202608,20260819.0,47300.0,Call,-,-,-,-,3590,-,-,0,0,0,1,3540,-,2530,2530
TXO,202608,20260819.0,47300.0,Put,-,-,-,-,2230,-,-,0,0,0,0,15,-,-,-
TXO,202608,20260819.0,47400.0,Call,3300,3300,3300,3300,3530,▲+710,▲+27.41%,0,3,3,23,3480,-,3300,2230
TXO,202608,20260819.0,47400.0,Put,-,-,-,-,2270,-,-,0,0,0,0,15,-,-,-
TXO,202608,20260819.0,47500.0,Call,-,-,-,-,3470,-,-,0,0,0,16,3400,3540,2640,1460
TXO,202608,20260819.0,47500.0,Put,-,-,-,-,2310,-,-,0,0,0,1,15,2480,3510,3510
TXO,202608,20260819.0,47600.0,Call,-,-,-,-,3420,-,-,0,0,0,0,3350,-,-,-
TXO,202608,20260819.0,47600.0,Put,-,-,-,-,2350,-,-,0,0,0,0,15,-,-,-
TXO,202608,20260819.0,47700.0,Call,-,-,-,-,3360,-,-,0,0,0,1,3290,3430,2430,2430
TXO,202608,20260819.0,47700.0,Put,2670,2670,2670,2670,2400,▼-480,▼-15.24%,0,1,1,2,2330,-,3630,2670
TXO,202608,20260819.0,47800.0,Call,2870,3240,2870,3240,3310,▲+830,▲+34.44%,0,9,9,8,3250,-,3240,2400
TXO,202608,20260819.0,47800.0,Put,2520,2520,2520,2520,2440,▼-690,▼-21.50%,0,1,1,1,15,-,2520,2520
TXO,202608,20260819.0,47900.0,Call,-,-,-,-,3250,-,-,0,0,0,0,3180,3310,-,-
TXO,202608,20260819.0,47900.0,Put,-,-,-,-,2480,-,-,0,0,0,0,15,-,-,-
TXO,202608,20260819.0,48000.0,Call,3140,3140,3140,3140,3190,▲+820,▲+35.34%,3,1,4,17,3120,3330,3140,1160
TXO,202608,20260819.0,48000.0,Put,-,-,-,-,2520,-,-,0,0,0,3,2480,-,3610,3600
TXO,202608,20260819.0,48100.0,Call,-,-,-,-,3130,-,-,0,0,0,3,3030,-,2200,2180
TXO,202608,20260819.0,48100.0,Put,-,-,-,-,2560,-,-,0,0,0,0,15,-,-,-
TXO,202608,20260819.0,48200.0,Call,-,-,-,-,3080,-,-,0,0,0,0,-,-,-,-
TXO,202608,20260819.0,48200.0,Put,-,-,-,-,2610,-,-,0,0,0,0,15,-,-,-
TXO,202608,20260819.0,48300.0,Call,-,-,-,-,3020,-,-,0,0,0,0,-,-,-,-
TXO,202608,20260819.0,48300.0,Put,-,-,-,-,2650,-,-,0,0,0,0,15,-,-,-
TXO,202608,20260819.0,48400.0,Call,-,-,-,-,2970,-,-,0,0,0,14,15,-,2210,2210
TXO,202608,20260819.0,48400.0,Put,-,-,-,-,2700,-,-,0,0,0,0,-,-,-,-
TXO,202608,20260819.0,48500.0,Call,-,-,-,-,2920,-,-,0,0,0,52,2770,-,2000,955
TXO,202608,20260819.0,48500.0,Put,-,-,-,-,2750,-,-,0,0,0,0,-,-,-,-
TXO,202608,20260819.0,48600.0,Call,2770,2780,2770,2780,2880,▲+710,▲+34.30%,0,9,9,0,15,-,2780,945
TXO,202608,20260819.0,48600.0,Put,-,-,-,-,2810,-,-,0,0,0,0,-,-,-,-
TXO,202608,20260819.0,48700.0,Call,-,-,-,-,2820,-,-,0,0,0,0,15,-,2050,1780
TXO,202608,20260819.0,48700.0,Put,3160,3160,3160,3160,2850,▼-550,▼-14.82%,0,1,1,1,2780,-,3160,3160
TXO,202608,20260819.0,48800.0,Call,-,-,-,-,2770,-,-,0,0,0,0,15,-,-,-
TXO,202608,20260819.0,48800.0,Put,-,-,-,-,2900,-,-,0,0,0,0,15,-,-,-
TXO,202608,20260819.0,48900.0,Call,-,-,-,-,2720,-,-,0,0,0,0,15,-,-,-
TXO,202608,20260819.0,48900.0,Put,-,-,-,-,2950,-,-,0,0,0,0,-,-,-,-
TXO,202608,20260819.0,49000.0,Call,2580,2580,2580,2580,2670,▲+690,▲+36.51%,1,6,7,21,15,2790,2580,980
TXO,202608,20260819.0,49000.0,Put,-,-,-,-,3000,-,-,0,0,0,0,-,-,-,-
TXO,202608,20260819.0,49100.0,Call,2580,2580,2580,2580,2620,▲+730,▲+39.46%,0,1,1,1,15,2740,2580,2580
TXO,202608,20260819.0,49100.0,Put,-,-,-,-,3050,-,-,0,0,0,0,3040,-,-,-
TXO,202608,20260819.0,49200.0,Call,-,-,-,-,2560,-,-,0,0,0,0,15,-,-,-
TXO,202608,20260819.0,49200.0,Put,-,-,-,-,3090,-,-,0,0,0,0,3100,3180,-,-
TXO,202608,20260819.0,49300.0,Call,-,-,-,-,2510,-,-,0,0,0,0,15,-,-,-
TXO,202608,20260819.0,49300.0,Put,-,-,-,-,3140,-,-,0,0,0,0,3150,3230,-,-
TXO,202608,20260819.0,49400.0,Call,-,-,-,-,2460,-,-,0,0,0,0,15,-,-,-
TXO,202608,20260819.0,49400.0,Put,-,-,-,-,3190,-,-,0,0,0,0,3180,3280,-,-
TXO,202608,20260819.0,49500.0,Call,-,-,-,-,2420,-,-,0,0,0,2,15,2560,1570,1050
TXO,202608,20260819.0,49500.0,Put,-,-,-,-,3240,-,-,0,0,0,0,15,3330,-,-
TXO,202608,20260819.0,49600.0,Call,-,-,-,-,2370,-,-,0,0,0,1,15,2500,1760,1760
TXO,202608,20260819.0,49600.0,Put,-,-,-,-,3300,-,-,0,0,0,0,15,3390,-,-
TXO,202608,20260819.0,49700.0,Call,-,-,-,-,2330,-,-,0,0,0,0,15,-,-,-
TXO,202608,20260819.0,49700.0,Put,-,-,-,-,3360,-,-,0,0,0,0,3370,3440,-,-
TXO,202608,20260819.0,49800.0,Call,-,-,-,-,2290,-,-,0,0,0,1,2180,-,1670,1670
TXO,202608,20260819.0,49800.0,Put,-,-,-,-,3420,-,-,0,0,0,0,3420,3500,-,-
TXO,202608,20260819.0,49900.0,Call,-,-,-,-,2240,-,-,0,0,0,42,2170,-,925,920
TXO,202608,20260819.0,49900.0,Put,-,-,-,-,3460,-,-,0,0,0,0,3480,3550,-,-
TXO,202608,20260819.0,50000.0,Call,1850,2100,1850,2100,2200,▲+580,▲+38.16%,5,10,15,66,2110,2280,2100,660
TXO,202608,20260819.0,50000.0,Put,-,-,-,-,3520,-,-,0,0,0,0,3530,3600,-,-
TXO,202608,20260819.0,50100.0,Call,-,-,-,-,2160,-,-,0,0,0,0,15,-,-,-
TXO,202608,20260819.0,50100.0,Put,-,-,-,-,3580,-,-,0,0,0,0,3590,3670,-,-
TXO,202608,20260819.0,50200.0,Call,-,-,-,-,2120,-,-,0,0,0,1,15,2250,1020,895
TXO,202608,20260819.0,50200.0,Put,-,-,-,-,3640,-,-,0,0,0,0,3620,3720,-,-
TXO,202608,20260819.0,50300.0,Call,-,-,-,-,2080,-,-,3,0,3,3,15,2190,1590,1580
TXO,202608,20260819.0,50300.0,Put,-,-,-,-,3700,-,-,0,0,0,0,3700,3780,-,-
TXO,202608,20260819.0,50400.0,Call,-,-,-,-,2040,-,-,0,0,0,0,15,-,-,-
TXO,202608,20260819.0,50400.0,Put,-,-,-,-,3760,-,-,0,0,0,0,-,3840,-,-
TXO,202608,20260819.0,50500.0,Call,-,-,-,-,2000,-,-,0,0,0,45,1850,-,1390,620
TXO,202608,20260819.0,50500.0,Put,-,-,-,-,3820,-,-,0,0,0,0,3820,3900,-,-
TXO,202608,20260819.0,50600.0,Call,-,-,-,-,1950,-,-,0,0,0,0,15,-,-,-
TXO,202608,20260819.0,50600.0,Put,-,-,-,-,3870,-,-,0,0,0,0,3880,-,-,-
TXO,202608,20260819.0,50700.0,Call,-,-,-,-,1910,-,-,0,0,0,1,15,2050,1040,1040
TXO,202608,20260819.0,50700.0,Put,-,-,-,-,3930,-,-,0,0,0,0,3940,-,-,-
TXO,202608,20260819.0,50800.0,Call,-,-,-,-,1870,-,-,0,0,0,1,15,2010,1440,800
TXO,202608,20260819.0,50800.0,Put,-,-,-,-,3990,-,-,0,0,0,0,4000,4070,-,-
TXO,202608,20260819.0,50900.0,Call,-,-,-,-,1830,-,-,0,0,0,15,15,-,1560,880
TXO,202608,20260819.0,50900.0,Put,-,-,-,-,4050,-,-,0,0,0,0,4060,-,-,-
TXO,202608,20260819.0,51000.0,Call,-,-,-,-,1790,-,-,2,0,2,13,15,1920,1540,640
TXO,202608,20260819.0,51000.0,Put,-,-,-,-,4110,-,-,0,0,0,0,-,4200,-,-
TXO,202608,20260819.0,51100.0,Call,-,-,-,-,1760,-,-,0,0,0,0,15,-,-,-
TXO,202608,20260819.0,51100.0,Put,-,-,-,-,4180,-,-,0,0,0,0,4190,4260,-,-
TXO,202608,20260819.0,51200.0,Call,-,-,-,-,1720,-,-,0,0,0,0,15,-,-,-
TXO,202608,20260819.0,51200.0,Put,-,-,-,-,4240,-,-,0,0,0,0,4250,-,-,-
TXO,202608,20260819.0,51300.0,Call,-,-,-,-,1690,-,-,0,0,0,0,15,-,-,-
TXO,202608,20260819.0,51300.0,Put,-,-,-,-,4310,-,-,0,0,0,0,4310,4390,-,-
TXO,202608,20260819.0,51400.0,Call,-,-,-,-,1650,-,-,0,0,0,1,15,1780,1030,600
TXO,202608,20260819.0,51400.0,Put,-,-,-,-,4370,-,-,0,0,0,0,4380,4460,-,-
TXO,202608,20260819.0,51500.0,Call,-,-,-,-,1610,-,-,0,0,0,2,18,1750,1050,600
TXO,202608,20260819.0,51500.0,Put,-,-,-,-,4440,-,-,0,0,0,0,4440,-,-,-
TXO,202608,20260819.0,51600.0,Call,-,-,-,-,1580,-,-,0,0,0,0,15,-,-,-
TXO,202608,20260819.0,51600.0,Put,-,-,-,-,4500,-,-,0,0,0,0,4510,4590,-,-
TXO,202608,20260819.0,51700.0,Call,-,-,-,-,1550,-,-,0,0,0,0,15,-,-,-
TXO,202608,20260819.0,51700.0,Put,-,-,-,-,4570,-,-,0,0,0,0,4570,-,-,-
TXO,202608,20260819.0,51800.0,Call,-,-,-,-,1510,-,-,0,0,0,50,1370,-,1080,1080
TXO,202608,20260819.0,51800.0,Put,-,-,-,-,4630,-,-,0,0,0,0,4640,4720,-,-
TXO,202608,20260819.0,51900.0,Call,-,-,-,-,1480,-,-,0,0,0,50,1360,-,1100,1080
TXO,202608,20260819.0,51900.0,Put,-,-,-,-,4700,-,-,0,0,0,0,4710,4790,-,-
TXO,202608,20260819.0,52000.0,Call,1410,1440,1410,1440,1440,▲+490,▲+51.58%,0,2,2,27,1330,1500,1440,450
TXO,202608,20260819.0,52000.0,Put,-,-,-,-,4760,-,-,0,0,0,0,-,-,-,-
TXO,202608,20260819.0,52100.0,Call,-,-,-,-,1410,-,-,0,0,0,0,15,-,-,-
TXO,202608,20260819.0,52100.0,Put,-,-,-,-,4830,-,-,0,0,0,0,4840,4920,-,-
TXO,202608,20260819.0,52200.0,Call,-,-,-,-,1380,-,-,0,0,0,0,15,-,-,-
TXO,202608,20260819.0,52200.0,Put,-,-,-,-,4900,-,-,0,0,0,0,4910,4990,-,-
TXO,202608,20260819.0,52300.0,Call,1340,1340,1340,1340,1350,▲+455,▲+51.41%,0,1,1,1,15,-,1340,1340
TXO,202608,20260819.0,52300.0,Put,-,-,-,-,4970,-,-,0,0,0,0,4980,5060,-,-
TXO,202608,20260819.0,52400.0,Call,-,-,-,-,1330,-,-,0,0,0,0,15,-,-,-
TXO,202608,20260819.0,52400.0,Put,-,-,-,-,5050,-,-,0,0,0,0,5050,5130,-,-
TXO,202608,20260819.0,52500.0,Call,-,-,-,-,1300,-,-,0,0,0,10,1180,-,995,394
TXO,202608,20260819.0,52500.0,Put,-,-,-,-,5120,-,-,0,0,0,0,-,5200,-,-
TXO,202608,20260819.0,52600.0,Call,-,-,-,-,1270,-,-,0,0,0,0,15,-,-,-
TXO,202608,20260819.0,52600.0,Put,-,-,-,-,5190,-,-,0,0,0,0,5190,5270,-,-
TXO,202608,20260819.0,52700.0,Call,-,-,-,-,1240,-,-,0,0,0,0,2.1,-,-,-
TXO,202608,20260819.0,52700.0,Put,-,-,-,-,5260,-,-,0,0,0,0,5260,5340,-,-
TXO,202608,20260819.0,52800.0,Call,-,-,-,-,1220,-,-,0,0,0,0,2.1,-,-,-
TXO,202608,20260819.0,52800.0,Put,-,-,-,-,5330,-,-,0,0,0,0,5340,5410,-,-
TXO,202608,20260819.0,52900.0,Call,-,-,-,-,1190,-,-,0,0,0,0,2.1,-,-,-
TXO,202608,20260819.0,52900.0,Put,-,-,-,-,5410,-,-,0,0,0,0,-,5490,-,-
TXO,202608,20260819.0,53000.0,Call,1100,1100,1100,1100,1170,▲+355,▲+47.65%,0,2,2,4,2.1,-,1100,615
TXO,202608,20260819.0,53000.0,Put,-,-,-,-,5480,-,-,0,0,0,0,5480,5560,-,-
TXO,202608,20260819.0,53100.0,Call,-,-,-,-,1140,-,-,0,0,0,0,2.1,-,-,-
TXO,202608,20260819.0,53100.0,Put,-,-,-,-,5560,-,-,0,0,0,0,-,5630,-,-
TXO,202608,20260819.0,53200.0,Call,-,-,-,-,1110,-,-,0,0,0,0,15,-,-,-
TXO,202608,20260819.0,53200.0,Put,-,-,-,-,5630,-,-,0,0,0,0,5630,5700,-,-
TXO,202608,20260819.0,53300.0,Call,-,-,-,-,1080,-,-,0,0,0,1,15,1190,605,605
TXO,202608,20260819.0,53300.0,Put,-,-,-,-,5700,-,-,0,0,0,0,5700,-,-,-
TXO,202608,20260819.0,53400.0,Call,-,-,-,-,1070,-,-,0,0,0,10,940,-,610,393
TXO,202608,20260819.0,53400.0,Put,-,-,-,-,5790,-,-,0,0,0,0,5780,5860,-,-
TXO,202608,20260819.0,53500.0,Call,780,1000,780,1000,1050,▲+335,▲+50.38%,10,27,37,94,815,1070,1000,295
TXO,202608,20260819.0,53500.0,Put,-,-,-,-,5860,-,-,0,0,0,0,5850,5930,-,-
TXO,202609,20260916.0,21800.0,Call,-,-,-,-,26980,-,-,0,0,0,2,26760,-,25330,12370
TXO,202609,20260916.0,21800.0,Put,43,45,41,41,41,▼-2,▼-4.65%,1,12,13,353,39.5,69,650,39
TXO,202609,20260916.0,22000.0,Call,-,-,-,-,26780,-,-,0,0,0,6,26580,-,23430,5990
TXO,202609,20260916.0,22000.0,Put,-,-,-,-,41.5,-,-,0,0,0,85,38.5,144,565,10.5
TXO,202609,20260916.0,22200.0,Call,-,-,-,-,26590,-,-,0,0,0,0,-,-,-,-
TXO,202609,20260916.0,22200.0,Put,-,-,-,-,42,-,-,0,0,0,22,0.9,-,580,97
TXO,202609,20260916.0,22400.0,Call,-,-,-,-,26390,-,-,0,0,0,0,-,-,-,-
TXO,202609,20260916.0,22400.0,Put,-,-,-,-,42.5,-,-,0,0,0,3,0.7,144,605,193
TXO,202609,20260916.0,22600.0,Call,-,-,-,-,26190,-,-,0,0,0,0,-,-,-,-
TXO,202609,20260916.0,22600.0,Put,-,-,-,-,43.5,-,-,0,0,0,9,0.8,146,650,82
TXO,202609,20260916.0,22800.0,Call,-,-,-,-,25990,-,-,0,0,0,0,-,-,-,-
TXO,202609,20260916.0,22800.0,Put,-,-,-,-,44.5,-,-,0,0,0,18,0.9,-,675,69
TXO,202609,20260916.0,23000.0,Call,-,-,-,-,25800,-,-,0,0,0,0,-,-,-,-
TXO,202609,20260916.0,23000.0,Put,-,-,-,-,46,-,-,0,0,0,41,1,-,700,60
TXO,202609,20260916.0,23200.0,Call,-,-,-,-,25600,-,-,0,0,0,0,-,-,-,-
TXO,202609,20260916.0,23200.0,Put,-,-,-,-,47,-,-,0,0,0,12,0.8,-,730,89
TXO,202609,20260916.0,23400.0,Call,-,-,-,-,25400,-,-,0,0,0,0,-,-,-,-
TXO,202609,20260916.0,23400.0,Put,-,-,-,-,48.5,-,-,0,0,0,7,0.8,-,700,80
TXO,202609,20260916.0,23600.0,Call,-,-,-,-,25200,-,-,0,0,0,0,-,-,-,-
TXO,202609,20260916.0,23600.0,Put,-,-,-,-,50,-,-,0,0,0,9,0.9,-,700,74
TXO,202609,20260916.0,23800.0,Call,-,-,-,-,25010,-,-,0,0,0,0,-,-,-,-
TXO,202609,20260916.0,23800.0,Put,-,-,-,-,52,-,-,0,0,0,12,0.9,-,520,75
TXO,202609,20260916.0,24000.0,Call,-,-,-,-,24810,-,-,0,0,0,0,-,-,-,-
TXO,202609,20260916.0,24000.0,Put,-,-,-,-,54,-,-,0,0,0,36,42.5,-,665,68
TXO,202609,20260916.0,24200.0,Call,-,-,-,-,24610,-,-,0,0,0,0,-,-,-,-
TXO,202609,20260916.0,24200.0,Put,-,-,-,-,56,-,-,0,0,0,49,1,-,1000,70
TXO,202609,20260916.0,24400.0,Call,-,-,-,-,24410,-,-,0,0,0,0,-,-,-,-
TXO,202609,20260916.0,24400.0,Put,-,-,-,-,58,-,-,0,0,0,6,1,-,1010,72
TXO,202609,20260916.0,24600.0,Call,-,-,-,-,24220,-,-,0,0,0,0,-,-,-,-
TXO,202609,20260916.0,24600.0,Put,-,-,-,-,59,-,-,0,0,0,11,1,162,1020,74
TXO,202609,20260916.0,24800.0,Call,-,-,-,-,24020,-,-,0,0,0,0,-,-,-,-
TXO,202609,20260916.0,24800.0,Put,-,-,-,-,60,-,-,2,0,2,11,49,-,1100,66
TXO,202609,20260916.0,25000.0,Call,-,-,-,-,23820,-,-,0,0,0,0,-,-,-,-
TXO,202609,20260916.0,25000.0,Put,-,-,-,-,62,-,-,0,0,0,53,1.4,3700,1050,79
TXO,202609,20260916.0,25200.0,Call,-,-,-,-,23620,-,-,0,0,0,0,-,-,-,-
TXO,202609,20260916.0,25200.0,Put,-,-,-,-,64,-,-,0,0,0,30,1.2,168,1200,85
TXO,202609,20260916.0,25400.0,Call,-,-,-,-,23430,-,-,0,0,0,0,-,-,-,-
TXO,202609,20260916.0,25400.0,Put,-,-,-,-,65,-,-,0,0,0,22,1.2,-,1250,108
TXO,202609,20260916.0,25600.0,Call,-,-,-,-,23230,-,-,0,0,0,0,-,-,-,-
TXO,202609,20260916.0,25600.0,Put,-,-,-,-,67,-,-,0,0,0,30,1.3,-,1210,90
TXO,202609,20260916.0,25800.0,Call,-,-,-,-,23030,-,-,0,0,0,169,-,23090,20840,17840
TXO,202609,20260916.0,25800.0,Put,-,-,-,-,69,-,-,0,0,0,28,1.3,-,1270,41
TXO,202609,20260916.0,26000.0,Call,-,-,-,-,22830,-,-,0,0,0,0,-,-,-,-
TXO,202609,20260916.0,26000.0,Put,-,-,-,-,71,-,-,1,0,1,43,1.3,176,1090,88
TXO,202609,20260916.0,26200.0,Call,-,-,-,-,22640,-,-,0,0,0,0,-,-,-,-
TXO,202609,20260916.0,26200.0,Put,-,-,-,-,74,-,-,0,0,0,17,1.4,-,1420,111
TXO,202609,20260916.0,26400.0,Call,-,-,-,-,22440,-,-,0,0,0,0,-,-,13900,5820
TXO,202609,20260916.0,26400.0,Put,-,-,-,-,75,-,-,0,0,0,20,1.4,181,1180,65
TXO,202609,20260916.0,26600.0,Call,-,-,-,-,22240,-,-,0,0,0,0,-,-,-,-
TXO,202609,20260916.0,26600.0,Put,-,-,-,-,78,-,-,0,0,0,39,1.5,184,1000,93
TXO,202609,20260916.0,26800.0,Call,-,-,-,-,22050,-,-,0,0,0,25,21870,-,12000,5510
TXO,202609,20260916.0,26800.0,Put,-,-,-,-,82,-,-,0,0,0,35,1.5,-,1130,95
TXO,202609,20260916.0,27000.0,Call,-,-,-,-,21850,-,-,0,0,0,3,21670,-,10640,6220
TXO,202609,20260916.0,27000.0,Put,-,-,-,-,84,-,-,2,0,2,6,1.4,-,1750,98
TXO,202609,20260916.0,27200.0,Call,-,-,-,-,21660,-,-,0,0,0,0,-,-,-,-
TXO,202609,20260916.0,27200.0,Put,-,-,-,-,86,-,-,2,0,2,2,1.5,192,750,90
TXO,202609,20260916.0,27400.0,Call,-,-,-,-,21460,-,-,0,0,0,2,21260,-,5890,2380
TXO,202609,20260916.0,27400.0,Put,-,-,-,-,88,-,-,0,0,0,1,1.6,195,1270,960
TXO,202609,20260916.0,27600.0,Call,-,-,-,-,21260,-,-,0,0,0,2,21080,-,10800,2020
TXO,202609,20260916.0,27600.0,Put,-,-,-,-,91,-,-,1,0,1,2,2.1,-,1120,108
TXO,202609,20260916.0,27800.0,Call,-,-,-,-,21070,-,-,0,0,0,6,-,21110,19160,18840
TXO,202609,20260916.0,27800.0,Put,-,-,-,-,94,-,-,0,0,0,16,3.7,202,1460,175
TXO,202609,20260916.0,28000.0,Call,-,-,-,-,20870,-,-,0,0,0,1,-,-,7880,1910
TXO,202609,20260916.0,28000.0,Put,97,97,97,97,97,▼-18,▼-15.65%,0,2,2,44,4,205,2180,97
TXO,202609,20260916.0,28200.0,Call,-,-,-,-,20670,-,-,0,0,0,2,20490,-,5250,1730
TXO,202609,20260916.0,28200.0,Put,-,-,-,-,98,-,-,0,0,0,5,1.7,118,1180,205
TXO,202609,20260916.0,28400.0,Call,-,-,-,-,20480,-,-,0,0,0,21,-,-,15910,1630
TXO,202609,20260916.0,28400.0,Put,-,-,-,-,103,-,-,0,0,0,10,11.5,-,1550,130
TXO,202609,20260916.0,28600.0,Call,-,-,-,-,20280,-,-,0,0,0,0,-,-,-,-
TXO,202609,20260916.0,28600.0,Put,-,-,-,-,107,-,-,0,0,0,2,14.5,-,1250,150
TXO,202609,20260916.0,28800.0,Call,-,-,-,-,20090,-,-,0,0,0,0,-,-,5200,3230
TXO,202609,20260916.0,28800.0,Put,-,-,-,-,112,-,-,0,0,0,6,19,220,775,158
TXO,202609,20260916.0,29000.0,Call,-,-,-,-,19890,-,-,0,0,0,2,19710,-,4570,4570
TXO,202609,20260916.0,29000.0,Put,-,-,-,-,115,-,-,0,0,0,18,2,224,1920,162
TXO,202609,20260916.0,29200.0,Call,-,-,-,-,19700,-,-,0,0,0,4,19500,-,6310,1310
TXO,202609,20260916.0,29200.0,Put,-,-,-,-,116,-,-,0,0,0,5,27,1750,1320,300
TXO,202609,20260916.0,29400.0,Call,-,-,-,-,19500,-,-,0,0,0,1,19320,-,6990,1290
TXO,202609,20260916.0,29400.0,Put,-,-,-,-,119,-,-,0,0,0,0,31.5,-,2010,435
TXO,202609,20260916.0,29600.0,Call,-,-,-,-,19310,-,-,0,0,0,2,-,-,5690,1370
TXO,202609,20260916.0,29600.0,Put,-,-,-,-,124,-,-,0,0,0,5,36,237,1780,187
TXO,202609,20260916.0,29800.0,Call,-,-,-,-,19110,-,-,0,0,0,4,18940,-,16240,1210
TXO,202609,20260916.0,29800.0,Put,-,-,-,-,128,-,-,0,0,0,22,40.5,-,2400,199
TXO,202609,20260916.0,30000.0,Call,-,-,-,-,18920,-,-,0,0,0,24,18750,-,14350,1210
TXO,202609,20260916.0,30000.0,Put,139,148,130,148,132,▼-15,▼-9.20%,0,8,8,37,84,246,2400,130
TXO,202609,20260916.0,30200.0,Call,-,-,-,-,18720,-,-,0,0,0,4,18560,-,10020,1320
TXO,202609,20260916.0,30200.0,Put,-,-,-,-,137,-,-,0,0,0,8,45.5,251,2050,177
TXO,202609,20260916.0,30400.0,Call,-,-,-,-,18530,-,-,0,0,0,0,-,-,5390,1430
TXO,202609,20260916.0,30400.0,Put,144,144,144,144,144,▼-32,▼-18.18%,2,1,3,18,100,257,2030,1.1
TXO,202609,20260916.0,30600.0,Call,-,-,-,-,18330,-,-,0,0,0,6,18160,-,5520,1000
TXO,202609,20260916.0,30600.0,Put,-,-,-,-,147,-,-,0,0,0,5,55,-,2090,200
TXO,202609,20260916.0,30800.0,Call,-,-,-,-,18140,-,-,0,0,0,7,-,-,10110,940
TXO,202609,20260916.0,30800.0,Put,-,-,-,-,153,-,-,0,0,0,10,2.4,268,2200,201
TXO,202609,20260916.0,31000.0,Call,-,-,-,-,17950,-,-,0,0,0,2,-,-,9780,1300
TXO,202609,20260916.0,31000.0,Put,-,-,-,-,158,-,-,0,0,0,14,2.1,170,2410,232
TXO,202609,20260916.0,31200.0,Call,-,-,-,-,17750,-,-,0,0,0,0,-,-,5680,2350
TXO,202609,20260916.0,31200.0,Put,-,-,-,-,164,-,-,0,0,0,7,2.4,-,4320,310
TXO,202609,20260916.0,31400.0,Call,-,-,-,-,17560,-,-,0,0,0,1,17400,-,14330,1430
TXO,202609,20260916.0,31400.0,Put,175,175,175,175,175,▼-36,▼-17.06%,1,1,2,11,78,287,2750,175
TXO,202609,20260916.0,31600.0,Call,-,-,-,-,17370,-,-,0,0,0,0,-,-,3970,2920
TXO,202609,20260916.0,31600.0,Put,-,-,-,-,178,-,-,0,0,0,5,93,-,2510,259
TXO,202609,20260916.0,31800.0,Call,-,-,-,-,17180,-,-,0,0,0,1,17000,-,14100,1370
TXO,202609,20260916.0,31800.0,Put,185,185,185,185,185,▼-43,▼-18.86%,0,1,1,38,138,-,2990,185
TXO,202609,20260916.0,32000.0,Call,-,-,-,-,16980,-,-,0,0,0,22,-,-,9870,1310
TXO,202609,20260916.0,32000.0,Put,178,189,178,189,189,▼-45,▼-19.23%,0,3,3,9,107,-,2700,178
TXO,202609,20260916.0,32200.0,Call,-,-,-,-,16790,-,-,0,0,0,19,16630,-,13750,1380
TXO,202609,20260916.0,32200.0,Put,-,-,-,-,198,-,-,0,0,0,8,115,-,2670,304
TXO,202609,20260916.0,32400.0,Call,-,-,-,-,16600,-,-,0,0,0,0,-,-,4680,1440
TXO,202609,20260916.0,32400.0,Put,-,-,-,-,205,-,-,0,0,0,16,123,324,2300,255
TXO,202609,20260916.0,32600.0,Call,-,-,-,-,16410,-,-,0,0,0,0,-,-,9580,1680
TXO,202609,20260916.0,32600.0,Put,-,-,-,-,212,-,-,0,0,0,1,131,-,2900,300
TXO,202609,20260916.0,32800.0,Call,-,-,-,-,16220,-,-,0,0,0,2,-,16290,8380,1420
TXO,202609,20260916.0,32800.0,Put,-,-,-,-,220,-,-,0,0,0,3,140,341,3280,585
TXO,202609,20260916.0,33000.0,Call,-,-,-,-,16020,-,-,0,0,0,35,-,16100,12330,399
TXO,202609,20260916.0,33000.0,Put,236,242,236,242,227,▼-48,▼-16.55%,0,4,4,68,149,350,3000,236
TXO,202609,20260916.0,33200.0,Call,-,-,-,-,15830,-,-,0,0,0,4,-,15890,11640,344
TXO,202609,20260916.0,33200.0,Put,-,-,-,-,236,-,-,0,0,0,3,198,-,2730,378
TXO,202609,20260916.0,33400.0,Call,-,-,-,-,15640,-,-,0,0,0,2,15470,-,12040,1470
TXO,202609,20260916.0,33400.0,Put,-,-,-,-,245,-,-,0,0,0,5,15,-,2780,1060
TXO,202609,20260916.0,33600.0,Call,-,-,-,-,15460,-,-,0,0,0,1,-,-,13690,372
TXO,202609,20260916.0,33600.0,Put,-,-,-,-,257,-,-,0,0,0,3,178,-,3860,310
TXO,202609,20260916.0,33800.0,Call,-,-,-,-,15270,-,-,0,0,0,1,-,15340,7340,328
TXO,202609,20260916.0,33800.0,Put,-,-,-,-,270,-,-,0,0,0,2,189,-,3000,935
TXO,202609,20260916.0,34000.0,Call,-,-,-,-,15080,-,-,0,0,0,115,14940,-,12980,325
TXO,202609,20260916.0,34000.0,Put,-,-,-,-,280,-,-,0,0,0,49,203,403,3990,373
TXO,202609,20260916.0,34200.0,Call,-,-,-,-,14890,-,-,0,0,0,1,-,-,9340,299
TXO,202609,20260916.0,34200.0,Put,-,-,-,-,290,-,-,0,0,0,3,214,-,1130,423
TXO,202609,20260916.0,34400.0,Call,-,-,-,-,14710,-,-,0,0,0,0,-,-,6600,305
TXO,202609,20260916.0,34400.0,Put,-,-,-,-,302,-,-,0,0,0,2,224,-,3660,387
TXO,202609,20260916.0,34600.0,Call,-,-,-,-,14520,-,-,0,0,0,3,-,14590,11000,306
TXO,202609,20260916.0,34600.0,Put,-,-,-,-,313,-,-,0,0,0,1,16.5,-,4530,428
TXO,202609,20260916.0,34800.0,Call,-,-,-,-,14330,-,-,0,0,0,3,-,-,3130,370
TXO,202609,20260916.0,34800.0,Put,-,-,-,-,324,-,-,0,0,0,2,211,-,3320,1070
TXO,202609,20260916.0,35000.0,Call,-,-,-,-,14140,-,-,0,0,0,7,13830,14220,10920,510
TXO,202609,20260916.0,35000.0,Put,-,-,-,-,336,-,-,0,0,0,25,268,-,3320,443
TXO,202609,20260916.0,35200.0,Call,-,-,-,-,13950,-,-,0,0,0,1,13820,14010,8530,850
TXO,202609,20260916.0,35200.0,Put,-,-,-,-,347,-,-,0,0,0,1,15,-,1150,860
TXO,202609,20260916.0,35400.0,Call,-,-,-,-,13770,-,-,0,0,0,0,13570,-,8330,373
TXO,202609,20260916.0,35400.0,Put,-,-,-,-,359,-,-,0,0,0,1,15,-,3430,935
TXO,202609,20260916.0,35600.0,Call,-,-,-,-,13580,-,-,0,0,0,0,-,-,7680,1220
TXO,202609,20260916.0,35600.0,Put,-,-,-,-,372,-,-,0,0,0,6,315,-,4020,570
TXO,202609,20260916.0,35800.0,Call,-,-,-,-,13400,-,-,0,0,0,3,-,13480,5820,450
TXO,202609,20260916.0,35800.0,Put,-,-,-,-,386,-,-,0,0,0,11,287,-,2000,540
TXO,202609,20260916.0,36000.0,Call,-,-,-,-,13210,-,-,0,0,0,41,13010,13270,11770,595
TXO,202609,20260916.0,36000.0,Put,-,-,-,-,400,-,-,0,0,0,55,304,-,4200,466
TXO,202609,20260916.0,36200.0,Call,-,-,-,-,13030,-,-,0,0,0,0,-,-,8750,282
TXO,202609,20260916.0,36200.0,Put,-,-,-,-,414,-,-,0,0,0,2,322,2500,1400,1330
TXO,202609,20260916.0,36400.0,Call,-,-,-,-,12840,-,-,0,0,0,0,12730,-,7540,499
TXO,202609,20260916.0,36400.0,Put,-,-,-,-,429,-,-,0,0,0,4,341,505,4830,560
TXO,202609,20260916.0,36600.0,Call,-,-,-,-,12660,-,-,0,0,0,0,12540,12720,7400,480
TXO,202609,20260916.0,36600.0,Put,-,-,-,-,445,-,-,0,0,0,1,360,-,1860,580
TXO,202609,20260916.0,36800.0,Call,-,-,-,-,12480,-,-,0,0,0,19,12340,12550,2830,310
TXO,202609,20260916.0,36800.0,Put,-,-,-,-,462,-,-,0,0,0,6,383,-,4910,1640
TXO,202609,20260916.0,37000.0,Call,-,-,-,-,12290,-,-,0,0,0,29,12180,12360,9270,540
TXO,202609,20260916.0,37000.0,Put,-,-,-,-,476,-,-,0,0,0,27,399,550,2520,690
TXO,202609,20260916.0,37200.0,Call,-,-,-,-,12110,-,-,0,0,0,6,12020,12270,9290,375
TXO,202609,20260916.0,37200.0,Put,550,550,550,550,495,▼-95,▼-14.73%,13,1,14,12,422,630,2390,550
TXO,202609,20260916.0,37400.0,Call,-,-,-,-,11940,-,-,0,0,0,1,11840,12000,1370,456
TXO,202609,20260916.0,37400.0,Put,-,-,-,-,520,-,-,0,0,0,1,444,685,2530,1960
TXO,202609,20260916.0,37600.0,Call,-,-,-,-,11750,-,-,0,0,0,1,11650,11760,5920,430
TXO,202609,20260916.0,37600.0,Put,-,-,-,-,535,-,-,0,0,0,11,469,635,2660,905
TXO,202609,20260916.0,37800.0,Call,-,-,-,-,11580,-,-,0,0,0,2,11430,-,3680,390
TXO,202609,20260916.0,37800.0,Put,-,-,-,-,560,-,-,0,0,0,5,457,-,1110,980
TXO,202609,20260916.0,38000.0,Call,-,-,-,-,11400,-,-,0,0,0,3,11300,-,6000,350
TXO,202609,20260916.0,38000.0,Put,-,-,-,-,580,-,-,0,0,0,6,479,-,6640,740
TXO,202609,20260916.0,38200.0,Call,-,-,-,-,11220,-,-,0,0,0,0,-,-,1030,370
TXO,202609,20260916.0,38200.0,Put,620,620,620,620,600,▼-155,▼-20.00%,0,1,1,3,505,710,2770,620
TXO,202609,20260916.0,38400.0,Call,-,-,-,-,11050,-,-,0,0,0,1,10890,-,4030,340
TXO,202609,20260916.0,38400.0,Put,-,-,-,-,625,-,-,0,0,0,1,530,735,2080,800
TXO,202609,20260916.0,38600.0,Call,-,-,-,-,10870,-,-,0,0,0,0,10770,-,4750,371
TXO,202609,20260916.0,38600.0,Put,-,-,-,-,650,-,-,0,0,0,3,560,765,2850,825
TXO,202609,20260916.0,38800.0,Call,10410,10410,10410,10410,10700,▲+1180,▲+12.78%,0,1,1,20,10540,-,10410,270
TXO,202609,20260916.0,38800.0,Put,-,-,-,-,675,-,-,0,0,0,1,590,-,2100,1350
TXO,202609,20260916.0,38900.0,Call,-,-,-,-,10610,-,-,0,0,0,0,10520,10660,-,-
TXO,202609,20260916.0,38900.0,Put,-,-,-,-,690,-,-,0,0,0,0,600,-,-,-
TXO,202609,20260916.0,39000.0,Call,-,-,-,-,10530,-,-,0,0,0,50,10430,10540,7390,273
TXO,202609,20260916.0,39000.0,Put,-,-,-,-,705,-,-,0,0,0,63,620,825,2820,880
TXO,202609,20260916.0,39100.0,Call,-,-,-,-,10430,-,-,0,0,0,0,10350,-,-,-
TXO,202609,20260916.0,39100.0,Put,-,-,-,-,710,-,-,0,0,0,0,630,-,-,-
TXO,202609,20260916.0,39200.0,Call,-,-,-,-,10350,-,-,0,0,0,2,-,10420,6340,249
TXO,202609,20260916.0,39200.0,Put,-,-,-,-,725,-,-,0,0,0,7,2.1,855,2750,1160
TXO,202609,20260916.0,39300.0,Call,-,-,-,-,10260,-,-,0,0,0,0,10180,-,-,-
TXO,202609,20260916.0,39300.0,Put,-,-,-,-,740,-,-,0,0,0,0,640,-,-,-
TXO,202609,20260916.0,39400.0,Call,-,-,-,-,10180,-,-,0,0,0,7,10090,-,7970,223
TXO,202609,20260916.0,39400.0,Put,-,-,-,-,755,-,-,0,0,0,2,2.1,-,2390,1630
TXO,202609,20260916.0,39500.0,Call,-,-,-,-,10100,-,-,0,0,0,0,10010,-,-,-
TXO,202609,20260916.0,39500.0,Put,-,-,-,-,770,-,-,0,0,0,0,695,-,-,-
TXO,202609,20260916.0,39600.0,Call,-,-,-,-,10010,-,-,0,0,0,2,9930,-,5910,394
TXO,202609,20260916.0,39600.0,Put,-,-,-,-,780,-,-,0,0,0,1,690,-,2870,1000
TXO,202609,20260916.0,39700.0,Call,-,-,-,-,9930,-,-,0,0,0,0,-,-,-,-
TXO,202609,20260916.0,39700.0,Put,-,-,-,-,795,-,-,0,0,0,0,2.1,-,-,-
TXO,202609,20260916.0,39800.0,Call,-,-,-,-,9840,-,-,0,0,0,0,9760,-,6170,417
TXO,202609,20260916.0,39800.0,Put,-,-,-,-,810,-,-,0,0,0,1,2.1,-,2020,1560
TXO,202609,20260916.0,39900.0,Call,-,-,-,-,9760,-,-,0,0,0,0,9660,-,-,-
TXO,202609,20260916.0,39900.0,Put,-,-,-,-,825,-,-,0,0,0,1,760,-,1220,1220
TXO,202609,20260916.0,40000.0,Call,-,-,-,-,9670,-,-,0,0,0,66,9590,9750,8030,380
TXO,202609,20260916.0,40000.0,Put,-,-,-,-,840,-,-,1,0,1,40,2.1,990,3040,1010
TXO,202609,20260916.0,40100.0,Call,-,-,-,-,9590,-,-,0,0,0,0,-,-,-,-
TXO,202609,20260916.0,40100.0,Put,-,-,-,-,855,-,-,0,0,0,0,2.1,-,-,-
TXO,202609,20260916.0,40200.0,Call,-,-,-,-,9510,-,-,0,0,0,4,9420,9580,7670,250
TXO,202609,20260916.0,40200.0,Put,-,-,-,-,875,-,-,0,0,0,1,805,-,1300,1300
TXO,202609,20260916.0,40300.0,Call,-,-,-,-,9420,-,-,0,0,0,0,9340,-,-,-
TXO,202609,20260916.0,40300.0,Put,-,-,-,-,890,-,-,0,0,0,0,2.1,-,-,-
TXO,202609,20260916.0,40400.0,Call,-,-,-,-,9340,-,-,0,0,0,8,9190,-,4590,388
TXO,202609,20260916.0,40400.0,Put,-,-,-,-,910,-,-,0,0,0,0,2.1,-,3260,2790
TXO,202609,20260916.0,40500.0,Call,-,-,-,-,9260,-,-,0,0,0,0,-,9310,-,-
TXO,202609,20260916.0,40500.0,Put,-,-,-,-,930,-,-,0,0,0,0,2.1,-,-,-
TXO,202609,20260916.0,40600.0,Call,-,-,-,-,9180,-,-,0,0,0,5,5070,9250,4390,345
TXO,202609,20260916.0,40600.0,Put,-,-,-,-,950,-,-,0,0,0,5,855,-,4360,1430
TXO,202609,20260916.0,40700.0,Call,-,-,-,-,9100,-,-,0,0,0,0,9000,-,-,-
TXO,202609,20260916.0,40700.0,Put,-,-,-,-,965,-,-,0,0,0,0,-,-,-,-
TXO,202609,20260916.0,40800.0,Call,-,-,-,-,9020,-,-,0,0,0,4,-,-,6870,530
TXO,202609,20260916.0,40800.0,Put,-,-,-,-,980,-,-,0,0,0,5,-,-,4480,1940
TXO,202609,20260916.0,40900.0,Call,-,-,-,-,8940,-,-,0,0,0,0,-,-,-,-
TXO,202609,20260916.0,40900.0,Put,-,-,-,-,1000,-,-,0,0,0,0,-,-,-,-
TXO,202609,20260916.0,41000.0,Call,-,-,-,-,8860,-,-,1,0,1,5,-,8870,7580,320
TXO,202609,20260916.0,41000.0,Put,1080,1080,1080,1080,1020,▼-230,▼-17.56%,0,1,1,38,-,1040,4640,1080
TXO,202609,20260916.0,41100.0,Call,-,-,-,-,8780,-,-,0,0,0,0,-,-,-,-
TXO,202609,20260916.0,41100.0,Put,-,-,-,-,1040,-,-,0,0,0,0,-,-,-,-
TXO,202609,20260916.0,41200.0,Call,-,-,-,-,8700,-,-,0,0,0,0,8540,8740,3540,2240
TXO,202609,20260916.0,41200.0,Put,-,-,-,-,1060,-,-,0,0,0,4,970,-,7750,3090
TXO,202609,20260916.0,41300.0,Call,-,-,-,-,8620,-,-,0,0,0,0,-,8660,-,-
TXO,202609,20260916.0,41300.0,Put,-,-,-,-,1080,-,-,0,0,0,0,-,-,-,-
TXO,202609,20260916.0,41400.0,Call,-,-,-,-,8540,-,-,0,0,0,0,8450,8590,5680,3000
TXO,202609,20260916.0,41400.0,Put,-,-,-,-,1100,-,-,0,0,0,2,1010,-,3480,1410
TXO,202609,20260916.0,41500.0,Call,-,-,-,-,8460,-,-,0,0,0,0,8360,-,-,-
TXO,202609,20260916.0,41500.0,Put,-,-,-,-,1120,-,-,0,0,0,0,-,-,-,-
TXO,202609,20260916.0,41600.0,Call,-,-,-,-,8380,-,-,0,0,0,0,-,-,3720,2070
TXO,202609,20260916.0,41600.0,Put,-,-,-,-,1140,-,-,0,0,0,1,1040,-,3420,3100
TXO,202609,20260916.0,41700.0,Call,-,-,-,-,8290,-,-,0,0,0,0,8210,-,-,-
TXO,202609,20260916.0,41700.0,Put,-,-,-,-,1150,-,-,0,0,0,0,-,-,-,-
TXO,202609,20260916.0,41800.0,Call,-,-,-,-,8210,-,-,0,0,0,0,-,-,2410,264
TXO,202609,20260916.0,41800.0,Put,-,-,-,-,1170,-,-,0,0,0,0,-,-,6470,3200
TXO,202609,20260916.0,41900.0,Call,-,-,-,-,8140,-,-,0,0,0,0,8050,8180,-,-
TXO,202609,20260916.0,41900.0,Put,-,-,-,-,1200,-,-,0,0,0,0,15,-,-,-
TXO,202609,20260916.0,42000.0,Call,-,-,-,-,8060,-,-,0,0,0,106,7990,-,6680,161
TXO,202609,20260916.0,42000.0,Put,1330,1360,1290,1290,1220,▼-270,▼-17.31%,3,4,7,14,15,1330,7310,1290
TXO,202609,20260916.0,42100.0,Call,-,-,-,-,7990,-,-,0,0,0,0,7890,8020,-,-
TXO,202609,20260916.0,42100.0,Put,-,-,-,-,1250,-,-,0,0,0,0,15,-,-,-
TXO,202609,20260916.0,42200.0,Call,-,-,-,-,7910,-,-,0,0,0,2,7750,-,3620,269
TXO,202609,20260916.0,42200.0,Put,-,-,-,-,1270,-,-,0,0,0,2,-,1390,2410,2410
TXO,202609,20260916.0,42300.0,Call,-,-,-,-,7830,-,-,0,0,0,0,7750,-,-,-
TXO,202609,20260916.0,42300.0,Put,-,-,-,-,1290,-,-,0,0,0,0,-,-,-,-
TXO,202609,20260916.0,42400.0,Call,-,-,-,-,7760,-,-,0,0,0,0,7670,7790,1360,1180
TXO,202609,20260916.0,42400.0,Put,-,-,-,-,1310,-,-,0,0,0,0,-,-,3470,3460
TXO,202609,20260916.0,42500.0,Call,-,-,-,-,7680,-,-,0,0,0,0,-,7730,-,-
TXO,202609,20260916.0,42500.0,Put,-,-,-,-,1340,-,-,0,0,0,0,-,-,-,-
TXO,202609,20260916.0,42600.0,Call,-,-,-,-,7610,-,-,0,0,0,7,7520,-,6330,101
TXO,202609,20260916.0,42600.0,Put,-,-,-,-,1360,-,-,0,0,0,4,1270,-,8970,2030
TXO,202609,20260916.0,42700.0,Call,-,-,-,-,7530,-,-,0,0,0,0,7450,7570,-,-
TXO,202609,20260916.0,42700.0,Put,-,-,-,-,1390,-,-,0,0,0,0,-,-,-,-
TXO,202609,20260916.0,42800.0,Call,-,-,-,-,7440,-,-,0,0,0,201,7360,7530,5440,800
TXO,202609,20260916.0,42800.0,Put,-,-,-,-,1400,-,-,0,0,0,201,1310,-,4270,2810
TXO,202609,20260916.0,42900.0,Call,-,-,-,-,7370,-,-,0,0,0,0,7230,7410,-,-
TXO,202609,20260916.0,42900.0,Put,-,-,-,-,1420,-,-,0,0,0,0,15,-,-,-
TXO,202609,20260916.0,43000.0,Call,6930,6930,6930,6930,7300,▲+910,▲+15.12%,0,4,4,21,7130,7350,6930,580
TXO,202609,20260916.0,43000.0,Put,1580,1580,1530,1550,1450,▼-290,▼-15.76%,0,6,6,95,15,-,4540,1530
TXO,202609,20260916.0,43100.0,Call,-,-,-,-,7220,-,-,0,0,0,0,-,7270,-,-
TXO,202609,20260916.0,43100.0,Put,-,-,-,-,1480,-,-,0,0,0,0,15,-,-,-
TXO,202609,20260916.0,43200.0,Call,-,-,-,-,7140,-,-,0,0,0,3,7080,7200,5810,790
TXO,202609,20260916.0,43200.0,Put,-,-,-,-,1500,-,-,0,0,0,2,-,-,3670,2580
TXO,202609,20260916.0,43300.0,Call,-,-,-,-,7070,-,-,0,0,0,0,7000,7210,-,-
TXO,202609,20260916.0,43300.0,Put,-,-,-,-,1530,-,-,0,0,0,0,-,-,-,-
TXO,202609,20260916.0,43400.0,Call,-,-,-,-,7000,-,-,0,0,0,1,6870,7140,2840,750
TXO,202609,20260916.0,43400.0,Put,-,-,-,-,1560,-,-,0,0,0,2,1460,-,3460,2250
TXO,202609,20260916.0,43500.0,Call,-,-,-,-,6920,-,-,0,0,0,0,6860,7180,-,-
TXO,202609,20260916.0,43500.0,Put,-,-,-,-,1580,-,-,0,0,0,0,-,-,-,-
TXO,202609,20260916.0,43600.0,Call,6660,6660,6660,6660,6850,▲+1050,▲+18.72%,0,4,4,3,6750,6990,6660,545
TXO,202609,20260916.0,43600.0,Put,1670,1670,1670,1670,1610,▼-350,▼-17.33%,0,1,1,1,-,1730,3450,1670
TXO,202609,20260916.0,43700.0,Call,-,-,-,-,6780,-,-,0,0,0,0,6650,6920,-,-
TXO,202609,20260916.0,43700.0,Put,-,-,-,-,1640,-,-,0,0,0,0,-,-,-,-
TXO,202609,20260916.0,43800.0,Call,-,-,-,-,6700,-,-,0,0,0,5,-,6850,4270,2090
TXO,202609,20260916.0,43800.0,Put,-,-,-,-,1660,-,-,0,0,0,0,15,-,3250,2470
TXO,202609,20260916.0,43900.0,Call,-,-,-,-,6630,-,-,0,0,0,0,6510,6770,-,-
TXO,202609,20260916.0,43900.0,Put,-,-,-,-,1690,-,-,0,0,0,0,15,-,-,-
TXO,202609,20260916.0,44000.0,Call,-,-,-,-,6560,-,-,0,0,0,17,6450,6620,5180,331
TXO,202609,20260916.0,44000.0,Put,-,-,-,-,1720,-,-,0,0,0,2,1260,-,4100,3020
TXO,202609,20260916.0,44100.0,Call,-,-,-,-,6490,-,-,0,0,0,0,6370,6770,-,-
TXO,202609,20260916.0,44100.0,Put,-,-,-,-,1740,-,-,0,0,0,0,-,-,-,-
TXO,202609,20260916.0,44200.0,Call,-,-,-,-,6420,-,-,0,0,0,17,6300,-,2730,2000
TXO,202609,20260916.0,44200.0,Put,-,-,-,-,1770,-,-,0,0,0,2,-,-,5100,2300
TXO,202609,20260916.0,44300.0,Call,-,-,-,-,6350,-,-,0,0,0,0,-,6400,-,-
TXO,202609,20260916.0,44300.0,Put,-,-,-,-,1800,-,-,0,0,0,0,-,-,-,-
TXO,202609,20260916.0,44400.0,Call,-,-,-,-,6280,-,-,0,0,0,0,-,6330,4130,2140
TXO,202609,20260916.0,44400.0,Put,-,-,-,-,1830,-,-,0,0,0,0,-,-,-,-
TXO,202609,20260916.0,44500.0,Call,-,-,-,-,6210,-,-,0,0,0,0,6110,6260,-,-
TXO,202609,20260916.0,44500.0,Put,-,-,-,-,1860,-,-,0,0,0,0,-,-,-,-
TXO,202609,20260916.0,44600.0,Call,-,-,-,-,6140,-,-,0,0,0,5,-,6240,4550,337
TXO,202609,20260916.0,44600.0,Put,-,-,-,-,1890,-,-,0,0,0,0,15,-,5580,2760
TXO,202609,20260916.0,44700.0,Call,-,-,-,-,6080,-,-,0,0,0,0,6010,6120,-,-
TXO,202609,20260916.0,44700.0,Put,-,-,-,-,1920,-,-,0,0,0,0,15,-,-,-
TXO,202609,20260916.0,44800.0,Call,-,-,-,-,6010,-,-,0,0,0,9,5870,6130,4560,600
TXO,202609,20260916.0,44800.0,Put,-,-,-,-,1950,-,-,0,0,0,1,1870,-,3580,3290
TXO,202609,20260916.0,44900.0,Call,-,-,-,-,5940,-,-,0,0,0,0,5880,5980,-,-
TXO,202609,20260916.0,44900.0,Put,-,-,-,-,1980,-,-,0,0,0,0,-,-,-,-
TXO,202609,20260916.0,45000.0,Call,5410,5750,5410,5750,5870,▲+1050,▲+22.34%,2,3,5,62,5810,5980,5750,550
TXO,202609,20260916.0,45000.0,Put,-,-,-,-,2020,-,-,0,0,0,4,1950,-,5530,2820
TXO,202609,20260916.0,45100.0,Call,-,-,-,-,5810,-,-,0,0,0,0,5660,-,-,-
TXO,202609,20260916.0,45100.0,Put,-,-,-,-,2050,-,-,0,0,0,0,-,-,-,-
TXO,202609,20260916.0,45200.0,Call,-,-,-,-,5740,-,-,0,0,0,5,5580,5840,3650,550
TXO,202609,20260916.0,45200.0,Put,-,-,-,-,2080,-,-,0,0,0,0,-,-,-,-
TXO,202609,20260916.0,45300.0,Call,-,-,-,-,5650,-,-,0,0,0,0,5530,5770,-,-
TXO,202609,20260916.0,45300.0,Put,-,-,-,-,2090,-,-,0,0,0,0,15,-,-,-
TXO,202609,20260916.0,45400.0,Call,-,-,-,-,5580,-,-,0,0,0,4,5450,5700,2740,700
TXO,202609,20260916.0,45400.0,Put,-,-,-,-,2120,-,-,0,0,0,0,15,-,-,-
TXO,202609,20260916.0,45500.0,Call,-,-,-,-,5510,-,-,0,0,0,0,5390,5850,-,-
TXO,202609,20260916.0,45500.0,Put,-,-,-,-,2150,-,-,0,0,0,0,15,-,-,-
TXO,202609,20260916.0,45600.0,Call,5400,5400,5400,5400,5450,▲+1050,▲+24.14%,0,2,2,2,5320,5560,5400,630
TXO,202609,20260916.0,45600.0,Put,-,-,-,-,2190,-,-,0,0,0,0,-,-,-,-
TXO,202609,20260916.0,45700.0,Call,-,-,-,-,5380,-,-,0,0,0,0,5270,-,-,-
TXO,202609,20260916.0,45700.0,Put,-,-,-,-,2220,-,-,0,0,0,0,-,-,-,-
TXO,202609,20260916.0,45800.0,Call,-,-,-,-,5320,-,-,0,0,0,17,5190,5390,3550,2560
TXO,202609,20260916.0,45800.0,Put,-,-,-,-,2260,-,-,0,0,0,2,-,-,4150,2870
TXO,202609,20260916.0,45900.0,Call,-,-,-,-,5250,-,-,0,0,0,0,5130,-,-,-
TXO,202609,20260916.0,45900.0,Put,-,-,-,-,2290,-,-,0,0,0,0,-,-,-,-
TXO,202609,20260916.0,46000.0,Call,5030,5040,5030,5040,5190,▲+920,▲+22.33%,0,5,5,50,5060,5260,5040,880
TXO,202609,20260916.0,46000.0,Put,2510,2510,2510,2510,2330,▼-410,▼-14.04%,0,1,1,5,2280,-,5600,2510
TXO,202609,20260916.0,46100.0,Call,-,-,-,-,5130,-,-,0,0,0,0,15,5190,-,-
TXO,202609,20260916.0,46100.0,Put,-,-,-,-,2370,-,-,0,0,0,0,15,-,-,-
TXO,202609,20260916.0,46200.0,Call,4580,4910,4580,4880,5070,▲+870,▲+21.70%,3,3,6,85,4960,5170,4910,1190
TXO,202609,20260916.0,46200.0,Put,2590,2600,2570,2580,2410,▼-440,▼-14.57%,0,26,26,26,2340,-,5010,2570
TXO,202609,20260916.0,46300.0,Call,-,-,-,-,5000,-,-,0,0,0,0,4880,5340,-,-
TXO,202609,20260916.0,46300.0,Put,-,-,-,-,2440,-,-,0,0,0,0,-,-,-,-
TXO,202609,20260916.0,46400.0,Call,4700,4700,4700,4700,4940,▲+800,▲+20.51%,0,1,1,20,4830,-,4700,2370
TXO,202609,20260916.0,46400.0,Put,-,-,-,-,2480,-,-,0,0,0,0,-,-,-,-
TXO,202609,20260916.0,46500.0,Call,-,-,-,-,4880,-,-,0,0,0,0,4760,4940,-,-
TXO,202609,20260916.0,46500.0,Put,-,-,-,-,2520,-,-,0,0,0,0,-,-,-,-
TXO,202609,20260916.0,46600.0,Call,-,-,-,-,4830,-,-,0,0,0,6,4670,-,3760,780
TXO,202609,20260916.0,46600.0,Put,-,-,-,-,2570,-,-,0,0,0,1,2500,-,6230,6230
TXO,202609,20260916.0,46700.0,Call,4700,4700,4700,4700,4750,▲+970,▲+26.01%,4,1,5,5,4650,-,4700,3820
TXO,202609,20260916.0,46700.0,Put,-,-,-,-,2590,-,-,0,0,0,0,-,-,-,-
TXO,202609,20260916.0,46800.0,Call,-,-,-,-,4690,-,-,0,0,0,1,4570,4760,3180,700
TXO,202609,20260916.0,46800.0,Put,2980,2980,2980,2980,2620,▼-310,▼-9.42%,0,4,4,1,15,-,7400,2980
TXO,202609,20260916.0,46900.0,Call,-,-,-,-,4630,-,-,0,0,0,0,4520,4970,-,-
TXO,202609,20260916.0,46900.0,Put,-,-,-,-,2660,-,-,0,0,0,0,15,-,-,-
TXO,202609,20260916.0,47000.0,Call,-,-,-,-,4570,-,-,0,0,0,12,4460,4670,3380,1000
TXO,202609,20260916.0,47000.0,Put,-,-,-,-,2700,-,-,0,0,0,18,2550,2840,6520,3470
TXO,202609,20260916.0,47100.0,Call,-,-,-,-,4510,-,-,0,0,0,0,15,4790,-,-
TXO,202609,20260916.0,47100.0,Put,-,-,-,-,2750,-,-,0,0,0,0,-,-,-,-
TXO,202609,20260916.0,47200.0,Call,-,-,-,-,4460,-,-,0,0,0,0,4340,4540,3600,950
TXO,202609,20260916.0,47200.0,Put,-,-,-,-,2790,-,-,0,0,0,3,-,2970,6660,3970
TXO,202609,20260916.0,47300.0,Call,-,-,-,-,4400,-,-,1,0,1,1,15,4470,3600,3600
TXO,202609,20260916.0,47300.0,Put,-,-,-,-,2840,-,-,0,0,0,0,-,-,-,-
TXO,202609,20260916.0,47400.0,Call,3780,4200,3780,4200,4350,▲+850,▲+25.37%,0,28,28,28,4270,4510,4200,995
TXO,202609,20260916.0,47400.0,Put,-,-,-,-,2880,-,-,0,0,0,1,2820,-,6660,6660
TXO,202609,20260916.0,47500.0,Call,-,-,-,-,4280,-,-,0,0,0,0,15,4470,-,-
TXO,202609,20260916.0,47500.0,Put,-,-,-,-,2910,-,-,0,0,0,0,-,-,-,-
TXO,202609,20260916.0,47600.0,Call,-,-,-,-,4220,-,-,0,0,0,2,4150,-,1790,600
TXO,202609,20260916.0,47600.0,Put,-,-,-,-,2960,-,-,0,0,0,1,15,-,6960,6960
TXO,202609,20260916.0,47700.0,Call,-,-,-,-,4170,-,-,0,0,0,0,4100,-,-,-
TXO,202609,20260916.0,47700.0,Put,-,-,-,-,3000,-,-,0,0,0,0,15,-,-,-
TXO,202609,20260916.0,47800.0,Call,-,-,-,-,4120,-,-,0,0,0,0,4040,-,-,-
TXO,202609,20260916.0,47800.0,Put,-,-,-,-,3050,-,-,0,0,0,1,2990,-,6790,6790
TXO,202609,20260916.0,47900.0,Call,-,-,-,-,4060,-,-,0,0,0,0,4000,-,-,-
TXO,202609,20260916.0,47900.0,Put,-,-,-,-,3090,-,-,0,0,0,0,-,-,-,-
TXO,202609,20260916.0,48000.0,Call,-,-,-,-,4000,-,-,0,0,0,15,3930,-,2890,820
TXO,202609,20260916.0,48000.0,Put,3340,3340,3320,3320,3140,▼-540,▼-13.99%,0,5,5,2,3070,-,7110,3320
TXO,202609,20260916.0,48100.0,Call,-,-,-,-,3940,-,-,0,0,0,0,3650,-,-,-
TXO,202609,20260916.0,48100.0,Put,-,-,-,-,3170,-,-,0,0,0,0,-,-,-,-
TXO,202609,20260916.0,48200.0,Call,-,-,-,-,3880,-,-,0,0,0,0,3830,-,2850,1680
TXO,202609,20260916.0,48200.0,Put,-,-,-,-,3210,-,-,0,0,0,3,3190,-,7310,7180
TXO,202609,20260916.0,48300.0,Call,-,-,-,-,3830,-,-,0,0,0,0,15,-,-,-
TXO,202609,20260916.0,48300.0,Put,-,-,-,-,3260,-,-,0,0,0,0,15,-,-,-
TXO,202609,20260916.0,48400.0,Call,-,-,-,-,3780,-,-,0,0,0,0,15,-,1980,815
TXO,202609,20260916.0,48400.0,Put,-,-,-,-,3310,-,-,0,0,0,7,3240,-,7590,7240
TXO,202609,20260916.0,48500.0,Call,-,-,-,-,3720,-,-,0,0,0,0,15,-,-,-
TXO,202609,20260916.0,48500.0,Put,-,-,-,-,3350,-,-,0,0,0,0,15,-,-,-
TXO,202609,20260916.0,48600.0,Call,-,-,-,-,3670,-,-,0,0,0,0,15,-,-,-
TXO,202609,20260916.0,48600.0,Put,-,-,-,-,3400,-,-,0,0,0,6,3350,-,7740,7480
TXO,202609,20260916.0,48700.0,Call,-,-,-,-,3620,-,-,0,0,0,0,-,-,-,-
TXO,202609,20260916.0,48700.0,Put,-,-,-,-,3450,-,-,0,0,0,0,15,-,-,-
TXO,202609,20260916.0,48800.0,Call,-,-,-,-,3570,-,-,0,0,0,1,15,-,2200,1130
TXO,202609,20260916.0,48800.0,Put,-,-,-,-,3500,-,-,0,0,0,2,3440,-,4910,4900
TXO,202609,20260916.0,48900.0,Call,3500,3500,3500,3500,3520,▲+840,▲+31.58%,0,1,1,1,15,-,3500,3500
TXO,202609,20260916.0,48900.0,Put,-,-,-,-,3550,-,-,0,0,0,0,15,-,-,-
TXO,202609,20260916.0,49000.0,Call,-,-,-,-,3470,-,-,0,0,0,26,3400,-,2620,655
TXO,202609,20260916.0,49000.0,Put,-,-,-,-,3600,-,-,0,0,0,5,3530,-,6150,4880
TXO,202609,20260916.0,49100.0,Call,-,-,-,-,3420,-,-,0,0,0,0,-,-,-,-
TXO,202609,20260916.0,49100.0,Put,-,-,-,-,3650,-,-,0,0,0,0,15,-,-,-
TXO,202609,20260916.0,49200.0,Call,-,-,-,-,3370,-,-,0,0,0,0,-,-,2080,705
TXO,202609,20260916.0,49200.0,Put,-,-,-,-,3700,-,-,1,0,1,3,3630,-,5160,4260
TXO,202609,20260916.0,49300.0,Call,-,-,-,-,3320,-,-,0,0,0,0,-,-,-,-
TXO,202609,20260916.0,49300.0,Put,-,-,-,-,3750,-,-,0,0,0,0,3720,3840,-,-
TXO,202609,20260916.0,49400.0,Call,-,-,-,-,3270,-,-,0,0,0,5,1100,-,2710,1050
TXO,202609,20260916.0,49400.0,Put,-,-,-,-,3790,-,-,0,0,0,0,3510,3880,-,-
TXO,202609,20260916.0,49500.0,Call,-,-,-,-,3220,-,-,0,0,0,0,15,-,-,-
TXO,202609,20260916.0,49500.0,Put,-,-,-,-,3850,-,-,0,0,0,0,3820,3930,-,-
TXO,202609,20260916.0,49600.0,Call,-,-,-,-,3180,-,-,0,0,0,10,15,-,1010,1010
TXO,202609,20260916.0,49600.0,Put,-,-,-,-,3900,-,-,0,0,0,0,3880,3980,-,-
TXO,202609,20260916.0,49700.0,Call,-,-,-,-,3130,-,-,0,0,0,0,15,-,-,-
TXO,202609,20260916.0,49700.0,Put,-,-,-,-,3960,-,-,0,0,0,0,3920,-,-,-
TXO,202609,20260916.0,49800.0,Call,-,-,-,-,3080,-,-,0,0,0,10,3020,-,1760,675
TXO,202609,20260916.0,49800.0,Put,-,-,-,-,4000,-,-,0,0,0,0,-,4090,-,-
TXO,202609,20260916.0,49900.0,Call,-,-,-,-,3030,-,-,0,0,0,0,-,-,-,-
TXO,202609,20260916.0,49900.0,Put,-,-,-,-,4050,-,-,0,0,0,0,4030,4140,-,-
TXO,202609,20260916.0,50000.0,Call,2980,2980,2980,2980,2990,▲+730,▲+32.44%,1,2,3,60,2930,-,2980,610
TXO,202609,20260916.0,50000.0,Put,-,-,-,-,4110,-,-,0,0,0,0,4090,4200,-,-
TXO,202609,20260916.0,50100.0,Call,-,-,-,-,2950,-,-,0,0,0,0,-,-,-,-
TXO,202609,20260916.0,50100.0,Put,-,-,-,-,4170,-,-,0,0,0,0,4140,4260,-,-
TXO,202609,20260916.0,50200.0,Call,-,-,-,-,2900,-,-,0,0,0,2,2830,-,1800,850
TXO,202609,20260916.0,50200.0,Put,-,-,-,-,4230,-,-,0,0,0,0,-,4320,-,-
TXO,202609,20260916.0,50300.0,Call,-,-,-,-,2840,-,-,0,0,0,0,15,-,-,-
TXO,202609,20260916.0,50300.0,Put,-,-,-,-,4270,-,-,0,0,0,0,4260,4360,-,-
TXO,202609,20260916.0,50400.0,Call,2770,2800,2760,2800,2800,▲+690,▲+32.70%,0,17,17,48,2760,-,2800,470
TXO,202609,20260916.0,50400.0,Put,-,-,-,-,4320,-,-,0,0,0,0,4310,4430,7650,5430
TXO,202609,20260916.0,50500.0,Call,-,-,-,-,2750,-,-,0,0,0,0,-,-,-,-
TXO,202609,20260916.0,50500.0,Put,-,-,-,-,4370,-,-,0,0,0,0,4370,4480,-,-
TXO,202609,20260916.0,50600.0,Call,-,-,-,-,2710,-,-,0,0,0,2,-,2850,1650,1060
TXO,202609,20260916.0,50600.0,Put,-,-,-,-,4430,-,-,0,0,0,0,4430,-,-,-
TXO,202609,20260916.0,50700.0,Call,-,-,-,-,2680,-,-,0,0,0,0,-,-,-,-
TXO,202609,20260916.0,50700.0,Put,-,-,-,-,4490,-,-,0,0,0,0,-,4590,-,-
TXO,202609,20260916.0,50800.0,Call,2580,2580,2580,2580,2640,▲+620,▲+31.63%,0,1,1,6,-,2770,2580,950
TXO,202609,20260916.0,50800.0,Put,-,-,-,-,4560,-,-,0,0,0,0,4540,4640,-,-
TXO,202609,20260916.0,50900.0,Call,-,-,-,-,2600,-,-,0,0,0,0,-,-,-,-
TXO,202609,20260916.0,50900.0,Put,-,-,-,-,4620,-,-,0,0,0,0,4600,4700,-,-
TXO,202609,20260916.0,51000.0,Call,2360,2360,2360,2360,2560,▲+470,▲+24.87%,0,1,1,5,15,-,2360,915
TXO,202609,20260916.0,51000.0,Put,-,-,-,-,4680,-,-,0,0,0,0,4660,4770,-,-
TXO,202609,20260916.0,51100.0,Call,-,-,-,-,2530,-,-,0,0,0,1,2450,-,1820,1820
TXO,202609,20260916.0,51100.0,Put,-,-,-,-,4740,-,-,0,0,0,0,4720,4830,-,-
TXO,202609,20260916.0,51200.0,Call,2430,2430,2380,2380,2480,▲+550,▲+30.05%,0,2,2,8,2410,-,2430,925
TXO,202609,20260916.0,51200.0,Put,-,-,-,-,4790,-,-,0,0,0,0,4770,4890,-,-
TXO,202609,20260916.0,51300.0,Call,-,-,-,-,2440,-,-,0,0,0,0,-,-,-,-
TXO,202609,20260916.0,51300.0,Put,-,-,-,-,4860,-,-,0,0,0,0,4830,4950,-,-
TXO,202609,20260916.0,51400.0,Call,-,-,-,-,2400,-,-,0,0,0,0,-,-,-,-
TXO,202609,20260916.0,51400.0,Put,-,-,-,-,4920,-,-,0,0,0,0,4900,5010,-,-
TXO,202609,20260916.0,51500.0,Call,-,-,-,-,2370,-,-,0,0,0,0,-,-,-,-
TXO,202609,20260916.0,51500.0,Put,-,-,-,-,4980,-,-,0,0,0,0,4950,5070,-,-
TXO,202609,20260916.0,51600.0,Call,-,-,-,-,2330,-,-,0,0,0,0,-,-,-,-
TXO,202609,20260916.0,51600.0,Put,-,-,-,-,5050,-,-,0,0,0,0,5030,5130,-,-
TXO,202609,20260916.0,51700.0,Call,-,-,-,-,2300,-,-,0,0,0,0,-,-,-,-
TXO,202609,20260916.0,51700.0,Put,-,-,-,-,5110,-,-,0,0,0,0,5090,5190,-,-
TXO,202609,20260916.0,51800.0,Call,-,-,-,-,2260,-,-,0,0,0,1,2180,-,1850,830
TXO,202609,20260916.0,51800.0,Put,-,-,-,-,5180,-,-,0,0,0,0,5150,5250,-,-
TXO,202609,20260916.0,51900.0,Call,-,-,-,-,2230,-,-,0,0,0,0,15,-,-,-
TXO,202609,20260916.0,51900.0,Put,-,-,-,-,5250,-,-,0,0,0,0,5210,5320,-,-
TXO,202609,20260916.0,52000.0,Call,1890,2210,1890,2210,2200,▲+620,▲+38.99%,2,3,5,7,-,-,2210,775
TXO,202609,20260916.0,52000.0,Put,-,-,-,-,5310,-,-,0,0,0,0,-,5380,-,-
TXO,202609,20260916.0,52100.0,Call,-,-,-,-,2170,-,-,0,0,0,0,-,-,-,-
TXO,202609,20260916.0,52100.0,Put,-,-,-,-,5380,-,-,0,0,0,0,5340,5450,-,-
TXO,202609,20260916.0,52200.0,Call,2090,2130,2090,2130,2130,▲+590,▲+38.31%,0,2,2,16,2010,-,2130,780
TXO,202609,20260916.0,52200.0,Put,-,-,-,-,5450,-,-,0,0,0,0,-,5510,-,-
TXO,202609,20260916.0,52300.0,Call,1880,1880,1880,1880,2100,▲+370,▲+24.50%,0,1,1,1,1970,-,1880,1880
TXO,202609,20260916.0,52300.0,Put,-,-,-,-,5510,-,-,0,0,0,0,5470,5570,-,-
TXO,202609,20260916.0,52400.0,Call,1880,1880,1880,1880,2070,▲+400,▲+27.03%,0,1,1,6,0.1,-,1880,590
TXO,202609,20260916.0,52400.0,Put,-,-,-,-,5580,-,-,0,0,0,0,-,5640,-,-
TXO,202609,20260916.0,52500.0,Call,-,-,-,-,2030,-,-,0,0,0,0,15,-,-,-
TXO,202609,20260916.0,52500.0,Put,-,-,-,-,5640,-,-,0,0,0,0,-,5710,-,-
TXO,202609,20260916.0,52600.0,Call,-,-,-,-,2000,-,-,0,0,0,1,1870,-,1390,1390
TXO,202609,20260916.0,52600.0,Put,-,-,-,-,5710,-,-,0,0,0,0,5650,5770,-,-
TXO,202609,20260916.0,52700.0,Call,1890,1890,1890,1890,1970,▲+480,▲+34.04%,0,1,1,1,1840,-,1890,1890
TXO,202609,20260916.0,52700.0,Put,-,-,-,-,5780,-,-,0,0,0,0,5730,5840,-,-
TXO,202609,20260916.0,52800.0,Call,1930,1930,1930,1930,1930,▲+550,▲+39.86%,0,1,1,1,-,-,1930,1160
TXO,202609,20260916.0,52800.0,Put,-,-,-,-,5840,-,-,0,0,0,0,5800,5900,-,-
TXO,202609,20260916.0,52900.0,Call,-,-,-,-,1900,-,-,0,0,0,0,-,-,-,-
TXO,202609,20260916.0,52900.0,Put,-,-,-,-,5910,-,-,0,0,0,0,5870,5970,-,-
TXO,202609,20260916.0,53000.0,Call,-,-,-,-,1870,-,-,0,0,0,0,-,-,-,-
TXO,202609,20260916.0,53000.0,Put,-,-,-,-,5980,-,-,0,0,0,0,5920,6040,-,-
TXO,202609,20260916.0,53100.0,Call,-,-,-,-,1840,-,-,0,0,0,0,-,-,-,-
TXO,202609,20260916.0,53100.0,Put,-,-,-,-,6050,-,-,0,0,0,0,6000,6110,-,-
TXO,202609,20260916.0,53200.0,Call,-,-,-,-,1810,-,-,0,0,0,4,-,-,1500,650
TXO,202609,20260916.0,53200.0,Put,-,-,-,-,6120,-,-,0,0,0,0,6070,6180,-,-
TXO,202609,20260916.0,53300.0,Call,-,-,-,-,1780,-,-,0,0,0,0,15,-,-,-
TXO,202609,20260916.0,53300.0,Put,-,-,-,-,6190,-,-,0,0,0,0,6140,6240,-,-
TXO,202609,20260916.0,53400.0,Call,-,-,-,-,1750,-,-,0,0,0,0,15,-,-,-
TXO,202609,20260916.0,53400.0,Put,-,-,-,-,6260,-,-,0,0,0,0,6210,6310,-,-
TXO,202609,20260916.0,53500.0,Call,-,-,-,-,1720,-,-,0,0,0,0,-,-,-,-
TXO,202609,20260916.0,53500.0,Put,-,-,-,-,6330,-,-,0,0,0,0,-,6390,-,-
TXO,202609,20260916.0,53600.0,Call,-,-,-,-,1690,-,-,3,0,3,3,1560,-,1340,1340
TXO,202609,20260916.0,53600.0,Put,-,-,-,-,6400,-,-,0,0,0,0,6350,6450,-,-
TXO,202609,20260916.0,53800.0,Call,-,-,-,-,1640,-,-,0,0,0,2,2.1,1750,1240,1240
TXO,202609,20260916.0,53800.0,Put,-,-,-,-,6540,-,-,0,0,0,0,6490,6600,-,-
TXO,202609,20260916.0,54000.0,Call,-,-,-,-,1580,-,-,2,0,2,81,1450,-,1400,498
TXO,202609,20260916.0,54000.0,Put,-,-,-,-,6680,-,-,0,0,0,0,6640,6740,-,-
TXO,202609,20260916.0,54200.0,Call,-,-,-,-,1530,-,-,0,0,0,0,15,-,-,-
TXO,202609,20260916.0,54200.0,Put,-,-,-,-,6830,-,-,0,0,0,0,6770,6890,-,-
TXO,202609,20260916.0,54400.0,Call,-,-,-,-,1480,-,-,0,0,0,1,15,-,1040,1040
TXO,202609,20260916.0,54400.0,Put,-,-,-,-,6980,-,-,0,0,0,0,6930,7040,-,-
TXO,202609,20260916.0,54600.0,Call,1360,1390,1360,1390,1430,▲+400,▲+40.40%,2,2,4,45,990,-,1390,480
TXO,202609,20260916.0,54600.0,Put,-,-,-,-,7130,-,-,0,0,0,0,-,7180,-,-
TXO,202609,20260916.0,54800.0,Call,-,-,-,-,1390,-,-,0,0,0,0,2.1,-,-,-
TXO,202609,20260916.0,54800.0,Put,-,-,-,-,7290,-,-,0,0,0,0,7230,7340,-,-
TXO,202609,20260916.0,55000.0,Call,-,-,-,-,1340,-,-,0,0,0,5,2.1,1430,1030,400
TXO,202609,20260916.0,55000.0,Put,-,-,-,-,7430,-,-,0,0,0,0,7380,7490,-,-
TXO,202609,20260916.0,55200.0,Call,-,-,-,-,1290,-,-,0,0,0,0,15,-,-,-
TXO,202609,20260916.0,55200.0,Put,-,-,-,-,7580,-,-,0,0,0,0,7510,7640,-,-
TXO,202609,20260916.0,55400.0,Call,-,-,-,-,1240,-,-,0,0,0,28,15,1340,800,730
TXO,202609,20260916.0,55400.0,Put,-,-,-,-,7740,-,-,0,0,0,181,7650,7790,12000,9200
TXO,202609,20260916.0,55600.0,Call,1110,1110,1110,1110,1200,▲+285,▲+34.55%,0,1,1,1,2.1,-,1110,415
TXO,202609,20260916.0,55600.0,Put,-,-,-,-,7900,-,-,0,0,0,0,7800,-,-,-
TXO,202609,20260916.0,55800.0,Call,1070,1170,1070,1170,1170,▲+375,▲+47.17%,0,6,6,34,2.4,1250,1170,300
TXO,202609,20260916.0,55800.0,Put,-,-,-,-,8070,-,-,0,0,0,0,7960,8140,-,-
TXO,202612,20261216.0,25200.0,Call,-,-,-,-,24300,-,-,0,0,0,2,24240,-,22620,13580
TXO,202612,20261216.0,25200.0,Put,245,245,245,245,234,▼-30,▼-10.91%,1,2,3,222,215,352,985,230
TXO,202612,20261216.0,25400.0,Call,-,-,-,-,24110,-,-,0,0,0,0,-,-,-,-
TXO,202612,20261216.0,25400.0,Put,-,-,-,-,247,-,-,0,0,0,2,158,-,610,280
TXO,202612,20261216.0,25600.0,Call,-,-,-,-,23930,-,-,0,0,0,0,-,-,-,-
TXO,202612,20261216.0,25600.0,Put,-,-,-,-,260,-,-,0,0,0,8,260,350,750,450
TXO,202612,20261216.0,25800.0,Call,-,-,-,-,23740,-,-,0,0,0,0,-,-,-,-
TXO,202612,20261216.0,25800.0,Put,-,-,-,-,274,-,-,0,0,0,1,2.1,-,505,268
TXO,202612,20261216.0,26000.0,Call,-,-,-,-,23550,-,-,0,0,0,1,-,-,17230,7550
TXO,202612,20261216.0,26000.0,Put,290,293,290,293,282,▼-8,▼-2.66%,0,6,6,30,15,-,1390,264
TXO,202612,20261216.0,26200.0,Call,-,-,-,-,23360,-,-,0,0,0,0,-,-,-,-
TXO,202612,20261216.0,26200.0,Put,-,-,-,-,290,-,-,0,0,0,6,186,-,1430,540
TXO,202612,20261216.0,26400.0,Call,-,-,-,-,23170,-,-,0,0,0,0,-,-,-,-
TXO,202612,20261216.0,26400.0,Put,-,-,-,-,298,-,-,0,0,0,11,191,-,1250,348
TXO,202612,20261216.0,26600.0,Call,-,-,-,-,22980,-,-,0,0,0,0,-,-,-,-
TXO,202612,20261216.0,26600.0,Put,-,-,-,-,306,-,-,0,0,0,0,141,-,765,550
TXO,202612,20261216.0,26800.0,Call,-,-,-,-,22790,-,-,0,0,0,0,-,-,-,-
TXO,202612,20261216.0,26800.0,Put,-,-,-,-,315,-,-,0,0,0,4,152,412,1500,316
TXO,202612,20261216.0,27000.0,Call,-,-,-,-,22610,-,-,0,0,0,4,22530,-,14900,7500
TXO,202612,20261216.0,27000.0,Put,326,327,326,327,327,▼-13,▼-3.82%,0,3,3,7,15,-,1590,297
TXO,202612,20261216.0,27200.0,Call,-,-,-,-,22420,-,-,0,0,0,0,-,-,-,-
TXO,202612,20261216.0,27200.0,Put,-,-,-,-,332,-,-,0,0,0,1,168,430,710,500
TXO,202612,20261216.0,27400.0,Call,-,-,-,-,22230,-,-,0,0,0,0,-,-,-,-
TXO,202612,20261216.0,27400.0,Put,-,-,-,-,340,-,-,0,0,0,15,174,-,1580,500
TXO,202612,20261216.0,27600.0,Call,-,-,-,-,22040,-,-,0,0,0,0,-,-,-,-
TXO,202612,20261216.0,27600.0,Put,-,-,-,-,350,-,-,0,0,0,1,188,-,1300,550
TXO,202612,20261216.0,27800.0,Call,-,-,-,-,21850,-,-,0,0,0,0,-,-,-,-
TXO,202612,20261216.0,27800.0,Put,-,-,-,-,359,-,-,0,0,0,3,197,457,1550,500
TXO,202612,20261216.0,28000.0,Call,-,-,-,-,21660,-,-,0,0,0,0,-,-,-,-
TXO,202612,20261216.0,28000.0,Put,365,365,365,365,365,▼-25,▼-6.41%,0,1,1,14,208,471,1680,365
TXO,202612,20261216.0,28200.0,Call,-,-,-,-,21470,-,-,0,0,0,0,-,-,-,-
TXO,202612,20261216.0,28200.0,Put,-,-,-,-,379,-,-,0,0,0,8,213,479,1820,480
TXO,202612,20261216.0,28400.0,Call,-,-,-,-,21290,-,-,0,0,0,0,-,-,-,-
TXO,202612,20261216.0,28400.0,Put,-,-,-,-,390,-,-,0,0,0,1,231,-,1400,483
TXO,202612,20261216.0,28600.0,Call,-,-,-,-,21100,-,-,0,0,0,0,-,-,-,-
TXO,202612,20261216.0,28600.0,Put,-,-,-,-,400,-,-,0,0,0,1,235,3000,1500,455
TXO,202612,20261216.0,28800.0,Call,-,-,-,-,20910,-,-,0,0,0,0,-,-,-,-
TXO,202612,20261216.0,28800.0,Put,-,-,-,-,411,-,-,0,0,0,6,251,515,1550,385
TXO,202612,20261216.0,29000.0,Call,-,-,-,-,20730,-,-,0,0,0,0,-,-,-,-
TXO,202612,20261216.0,29000.0,Put,-,-,-,-,423,-,-,0,0,0,4,15,525,1860,458
TXO,202612,20261216.0,29200.0,Call,-,-,-,-,20540,-,-,0,0,0,0,-,-,-,-
TXO,202612,20261216.0,29200.0,Put,-,-,-,-,434,-,-,0,0,0,1,276,-,1860,805
TXO,202612,20261216.0,29400.0,Call,-,-,-,-,20350,-,-,0,0,0,0,-,-,-,-
TXO,202612,20261216.0,29400.0,Put,-,-,-,-,446,-,-,0,0,0,2,15,555,1700,795
TXO,202612,20261216.0,29600.0,Call,-,-,-,-,20170,-,-,0,0,0,0,-,-,-,-
TXO,202612,20261216.0,29600.0,Put,-,-,-,-,459,-,-,0,0,0,1,305,-,1650,1650
TXO,202612,20261216.0,29800.0,Call,-,-,-,-,19980,-,-,0,0,0,0,-,-,11600,5120
TXO,202612,20261216.0,29800.0,Put,-,-,-,-,468,-,-,0,0,0,1,377,-,1700,620
TXO,202612,20261216.0,30000.0,Call,-,-,-,-,19790,-,-,0,0,0,0,-,-,11910,4660
TXO,202612,20261216.0,30000.0,Put,466,466,465,465,483,▼-60,▼-11.43%,3,3,6,23,420,595,1880,460
TXO,202612,20261216.0,30200.0,Call,-,-,-,-,19610,-,-,0,0,0,0,-,-,14870,4700
TXO,202612,20261216.0,30200.0,Put,-,-,-,-,494,-,-,0,0,0,3,352,610,715,510
TXO,202612,20261216.0,30400.0,Call,-,-,-,-,19420,-,-,0,0,0,0,-,-,-,-
TXO,202612,20261216.0,30400.0,Put,-,-,-,-,510,-,-,0,0,0,10,368,-,510,510
TXO,202612,20261216.0,30600.0,Call,-,-,-,-,19240,-,-,0,0,0,0,19160,-,-,-
TXO,202612,20261216.0,30600.0,Put,-,-,-,-,520,-,-,0,0,0,7,15,640,2010,1280
TXO,202612,20261216.0,30800.0,Call,-,-,-,-,19060,-,-,0,0,0,0,18970,19230,-,-
TXO,202612,20261216.0,30800.0,Put,-,-,-,-,540,-,-,0,0,0,26,392,655,2700,550
TXO,202612,20261216.0,31000.0,Call,-,-,-,-,18880,-,-,0,0,0,0,18800,-,-,-
TXO,202612,20261216.0,31000.0,Put,-,-,-,-,555,-,-,0,0,0,34,409,575,1220,510
TXO,202612,20261216.0,31200.0,Call,-,-,-,-,18700,-,-,0,0,0,0,-,18860,4700,3750
TXO,202612,20261216.0,31200.0,Put,-,-,-,-,575,-,-,0,0,0,0,433,-,730,675
TXO,202612,20261216.0,31400.0,Call,-,-,-,-,18510,-,-,0,0,0,0,18350,-,-,-
TXO,202612,20261216.0,31400.0,Put,-,-,-,-,590,-,-,0,0,0,0,480,-,-,-
TXO,202612,20261216.0,31600.0,Call,-,-,-,-,18330,-,-,0,0,0,0,18250,-,7950,5480
TXO,202612,20261216.0,31600.0,Put,-,-,-,-,600,-,-,0,0,0,5,463,725,1870,615
TXO,202612,20261216.0,31800.0,Call,-,-,-,-,18150,-,-,0,0,0,0,17970,18310,10560,5580
TXO,202612,20261216.0,31800.0,Put,-,-,-,-,625,-,-,0,0,0,0,482,-,-,-
TXO,202612,20261216.0,32000.0,Call,-,-,-,-,17970,-,-,0,0,0,0,17810,-,9600,3560
TXO,202612,20261216.0,32000.0,Put,-,-,-,-,640,-,-,0,0,0,10,540,-,3270,725
TXO,202612,20261216.0,32200.0,Call,-,-,-,-,17790,-,-,0,0,0,0,-,17940,-,-
TXO,202612,20261216.0,32200.0,Put,-,-,-,-,655,-,-,0,0,0,0,540,-,3130,1300
TXO,202612,20261216.0,32400.0,Call,-,-,-,-,17610,-,-,0,0,0,0,-,-,11650,3460
TXO,202612,20261216.0,32400.0,Put,-,-,-,-,675,-,-,0,0,0,17,580,805,3250,710
TXO,202612,20261216.0,32600.0,Call,-,-,-,-,17430,-,-,0,0,0,0,-,-,-,-
TXO,202612,20261216.0,32600.0,Put,-,-,-,-,695,-,-,0,0,0,19,580,830,1160,720
TXO,202612,20261216.0,32800.0,Call,-,-,-,-,17250,-,-,0,0,0,0,-,-,-,-
TXO,202612,20261216.0,32800.0,Put,-,-,-,-,715,-,-,0,0,0,5,620,-,1920,700
TXO,202612,20261216.0,33000.0,Call,-,-,-,-,17080,-,-,0,0,0,2,17000,17220,13520,3000
TXO,202612,20261216.0,33000.0,Put,-,-,-,-,735,-,-,0,0,0,21,610,-,3280,725
TXO,202612,20261216.0,33200.0,Call,-,-,-,-,16890,-,-,0,0,0,0,16810,17060,4180,3280
TXO,202612,20261216.0,33200.0,Put,-,-,-,-,750,-,-,0,0,0,1,15,895,780,780
TXO,202612,20261216.0,33400.0,Call,-,-,-,-,16720,-,-,0,0,0,0,-,-,10800,2780
TXO,202612,20261216.0,33400.0,Put,-,-,-,-,775,-,-,0,0,0,2,276,920,3450,1010
TXO,202612,20261216.0,33600.0,Call,-,-,-,-,16540,-,-,0,0,0,0,16390,-,10850,2640
TXO,202612,20261216.0,33600.0,Put,-,-,-,-,795,-,-,0,0,0,3,695,945,4010,785
TXO,202612,20261216.0,33800.0,Call,-,-,-,-,16360,-,-,0,0,0,0,16240,-,-,-
TXO,202612,20261216.0,33800.0,Put,-,-,-,-,815,-,-,0,0,0,0,15,-,1670,995
TXO,202612,20261216.0,34000.0,Call,-,-,-,-,16190,-,-,0,0,0,0,-,-,12700,3130
TXO,202612,20261216.0,34000.0,Put,-,-,-,-,840,-,-,0,0,0,15,15,5580,3620,995
TXO,202612,20261216.0,34200.0,Call,-,-,-,-,16010,-,-,0,0,0,0,15930,-,8850,5200
TXO,202612,20261216.0,34200.0,Put,-,-,-,-,860,-,-,0,0,0,3,760,-,1780,1040
TXO,202612,20261216.0,34400.0,Call,-,-,-,-,15840,-,-,0,0,0,0,15770,-,-,-
TXO,202612,20261216.0,34400.0,Put,-,-,-,-,880,-,-,0,0,0,1,785,-,2600,2600
TXO,202612,20261216.0,34600.0,Call,-,-,-,-,15660,-,-,0,0,0,0,-,-,-,-
TXO,202612,20261216.0,34600.0,Put,-,-,-,-,905,-,-,0,0,0,1,15,-,2670,1030
TXO,202612,20261216.0,34800.0,Call,-,-,-,-,15490,-,-,0,0,0,0,-,15640,4830,3240
TXO,202612,20261216.0,34800.0,Put,-,-,-,-,930,-,-,0,0,0,0,15,-,3120,3040
TXO,202612,20261216.0,35000.0,Call,-,-,-,-,15320,-,-,0,0,0,1,15180,-,9460,2200
TXO,202612,20261216.0,35000.0,Put,980,990,940,940,960,▼-150,▼-13.76%,0,12,12,23,15,1060,2100,940
TXO,202612,20261216.0,35200.0,Call,-,-,-,-,15160,-,-,0,0,0,0,15080,-,4590,3370
TXO,202612,20261216.0,35200.0,Put,-,-,-,-,995,-,-,0,0,0,1,15,1090,3000,3000
TXO,202612,20261216.0,35400.0,Call,-,-,-,-,14970,-,-,0,0,0,0,14910,-,9450,3340
TXO,202612,20261216.0,35400.0,Put,-,-,-,-,1010,-,-,0,0,0,1,15,1120,1300,1300
TXO,202612,20261216.0,35600.0,Call,-,-,-,-,14810,-,-,0,0,0,1,14740,-,12870,2380
TXO,202612,20261216.0,35600.0,Put,-,-,-,-,1040,-,-,0,0,0,4,15,1150,4020,1320
TXO,202612,20261216.0,35800.0,Call,-,-,-,-,14650,-,-,0,0,0,0,14570,-,7020,6410
TXO,202612,20261216.0,35800.0,Put,-,-,-,-,1080,-,-,0,0,0,1,15,-,2000,1250
TXO,202612,20261216.0,36000.0,Call,-,-,-,-,14470,-,-,0,0,0,1,14400,-,8050,1950
TXO,202612,20261216.0,36000.0,Put,1080,1080,1080,1080,1100,▼-170,▼-13.60%,1,1,2,34,1010,-,3300,1080
TXO,202612,20261216.0,36200.0,Call,-,-,-,-,14310,-,-,0,0,0,0,14240,-,7130,1470
TXO,202612,20261216.0,36200.0,Put,-,-,-,-,1140,-,-,0,0,0,0,15,-,-,-
TXO,202612,20261216.0,36400.0,Call,-,-,-,-,14140,-,-,0,0,0,1,14040,-,8580,1390
TXO,202612,20261216.0,36400.0,Put,-,-,-,-,1170,-,-,0,0,0,1,15,1280,2020,1480
TXO,202612,20261216.0,36600.0,Call,-,-,-,-,13990,-,-,0,0,0,0,13900,-,6880,1320
TXO,202612,20261216.0,36600.0,Put,-,-,-,-,1210,-,-,0,0,0,1,1110,-,2130,2130
TXO,202612,20261216.0,36800.0,Call,-,-,-,-,13820,-,-,0,0,0,0,13740,-,11890,1260
TXO,202612,20261216.0,36800.0,Put,-,-,-,-,1240,-,-,0,0,0,13,15,1350,2670,1480
TXO,202612,20261216.0,37000.0,Call,-,-,-,-,13650,-,-,0,0,0,3,13570,-,8140,1350
TXO,202612,20261216.0,37000.0,Put,-,-,-,-,1270,-,-,0,0,0,23,1170,-,3150,1320
TXO,202612,20261216.0,37200.0,Call,-,-,-,-,13490,-,-,0,0,0,0,-,-,9030,1740
TXO,202612,20261216.0,37200.0,Put,-,-,-,-,1310,-,-,0,0,0,0,15,-,-,-
TXO,202612,20261216.0,37400.0,Call,-,-,-,-,13320,-,-,0,0,0,0,13180,-,10760,1280
TXO,202612,20261216.0,37400.0,Put,-,-,-,-,1340,-,-,0,0,0,1,15,-,1540,1540
TXO,202612,20261216.0,37600.0,Call,-,-,-,-,13160,-,-,0,0,0,2,13020,13290,1260,1260
TXO,202612,20261216.0,37600.0,Put,-,-,-,-,1380,-,-,0,0,0,1,15,1510,2950,1760
TXO,202612,20261216.0,37800.0,Call,-,-,-,-,13010,-,-,0,0,0,3,12850,13080,11360,1240
TXO,202612,20261216.0,37800.0,Put,-,-,-,-,1420,-,-,0,0,0,4,15,1510,2900,2000
TXO,202612,20261216.0,38000.0,Call,-,-,-,-,12850,-,-,0,0,0,20,12770,-,7630,1230
TXO,202612,20261216.0,38000.0,Put,1510,1510,1500,1500,1460,▼-150,▼-9.09%,0,2,2,11,1350,-,3430,1500
TXO,202612,20261216.0,38200.0,Call,-,-,-,-,12680,-,-,0,0,0,0,12560,-,7280,1200
TXO,202612,20261216.0,38200.0,Put,-,-,-,-,1490,-,-,0,0,0,1,15,1630,1900,1900
TXO,202612,20261216.0,38400.0,Call,-,-,-,-,12520,-,-,0,0,0,0,12450,-,7140,1270
TXO,202612,20261216.0,38400.0,Put,-,-,-,-,1530,-,-,0,0,0,0,15,-,-,-
TXO,202612,20261216.0,38600.0,Call,-,-,-,-,12370,-,-,0,0,0,3,12220,12490,10540,1080
TXO,202612,20261216.0,38600.0,Put,-,-,-,-,1580,-,-,0,0,0,0,15,-,3100,1640
TXO,202612,20261216.0,38800.0,Call,-,-,-,-,12220,-,-,0,0,0,3,12120,12320,6870,775
TXO,202612,20261216.0,38800.0,Put,-,-,-,-,1620,-,-,0,0,0,0,15,-,-,-
TXO,202612,20261216.0,39000.0,Call,-,-,-,-,12060,-,-,0,0,0,5,11930,-,6080,1100
TXO,202612,20261216.0,39000.0,Put,-,-,-,-,1660,-,-,0,0,0,120,1560,-,3690,2050
TXO,202612,20261216.0,39200.0,Call,-,-,-,-,11900,-,-,0,0,0,0,11820,-,10280,1290
TXO,202612,20261216.0,39200.0,Put,-,-,-,-,1700,-,-,0,0,0,0,15,-,3680,3230
TXO,202612,20261216.0,39400.0,Call,11070,11070,11070,11070,11750,▲+720,▲+6.96%,0,1,1,0,11600,11850,11070,1300
TXO,202612,20261216.0,39400.0,Put,-,-,-,-,1750,-,-,0,0,0,0,15,-,3380,3130
TXO,202612,20261216.0,39600.0,Call,11070,11070,11070,11070,11580,▲+860,▲+8.42%,0,1,1,0,11430,-,11070,750
TXO,202612,20261216.0,39600.0,Put,-,-,-,-,1780,-,-,0,0,0,1,15,1950,3660,3380
TXO,202612,20261216.0,39800.0,Call,11170,11350,11170,11350,11440,▲+1310,▲+13.05%,0,2,2,1,11360,-,11350,1250
TXO,202612,20261216.0,39800.0,Put,-,-,-,-,1830,-,-,0,0,0,0,15,-,4080,3550
TXO,202612,20261216.0,40000.0,Call,-,-,-,-,11300,-,-,0,0,0,16,11200,-,9010,705
TXO,202612,20261216.0,40000.0,Put,2000,2000,1910,1910,1880,▼-220,▼-10.33%,0,2,2,110,1410,-,3960,1910
TXO,202612,20261216.0,40200.0,Call,-,-,-,-,11160,-,-,0,0,0,1,11000,11240,4720,2200
TXO,202612,20261216.0,40200.0,Put,-,-,-,-,1940,-,-,0,0,0,2,15,-,3430,2450
TXO,202612,20261216.0,40400.0,Call,-,-,-,-,11020,-,-,0,0,0,3,10910,11060,7550,695
TXO,202612,20261216.0,40400.0,Put,-,-,-,-,2000,-,-,0,0,0,0,15,-,2820,2700
TXO,202612,20261216.0,40600.0,Call,-,-,-,-,10880,-,-,0,0,0,3,10690,10910,5300,740
TXO,202612,20261216.0,40600.0,Put,-,-,-,-,2060,-,-,0,0,0,2,1880,-,2750,2580
TXO,202612,20261216.0,40800.0,Call,-,-,-,-,10700,-,-,0,0,0,16,10610,10770,4430,1410
TXO,202612,20261216.0,40800.0,Put,-,-,-,-,2080,-,-,0,0,0,2,15,2180,3980,2620
TXO,202612,20261216.0,41000.0,Call,-,-,-,-,10530,-,-,0,0,0,7,10460,10650,5660,675
TXO,202612,20261216.0,41000.0,Put,-,-,-,-,2110,-,-,0,0,0,50,15,2230,4390,2680
TXO,202612,20261216.0,41200.0,Call,-,-,-,-,10390,-,-,0,0,0,0,10250,10490,5620,3150
TXO,202612,20261216.0,41200.0,Put,-,-,-,-,2160,-,-,0,0,0,3,15,2290,4410,4360
TXO,202612,20261216.0,41400.0,Call,9970,10000,9970,10000,10240,▲+1130,▲+12.74%,0,2,2,31,10170,10360,10000,360
TXO,202612,20261216.0,41400.0,Put,-,-,-,-,2220,-,-,0,0,0,0,15,-,4540,2830
TXO,202612,20261216.0,41600.0,Call,-,-,-,-,10110,-,-,0,0,0,11,10030,10180,4440,1450
TXO,202612,20261216.0,41600.0,Put,-,-,-,-,2280,-,-,0,0,0,1,15,-,4290,2870
TXO,202612,20261216.0,41800.0,Call,-,-,-,-,9970,-,-,0,0,0,17,-,10070,6880,710
TXO,202612,20261216.0,41800.0,Put,-,-,-,-,2340,-,-,0,0,0,0,15,-,4390,3200
TXO,202612,20261216.0,42000.0,Call,-,-,-,-,9830,-,-,0,0,0,70,9740,9900,8290,800
TXO,202612,20261216.0,42000.0,Put,-,-,-,-,2400,-,-,0,0,0,109,15,-,4950,2600
TXO,202612,20261216.0,42200.0,Call,-,-,-,-,9690,-,-,0,0,0,1,9600,-,6820,1500
TXO,202612,20261216.0,42200.0,Put,-,-,-,-,2450,-,-,0,0,0,50,1980,-,3610,3220
TXO,202612,20261216.0,42400.0,Call,-,-,-,-,9540,-,-,0,0,0,2,9470,9640,5850,1260
TXO,202612,20261216.0,42400.0,Put,-,-,-,-,2500,-,-,0,0,0,0,15,-,4790,3250
TXO,202612,20261216.0,42600.0,Call,-,-,-,-,9400,-,-,0,0,0,2,9260,-,7280,965
TXO,202612,20261216.0,42600.0,Put,-,-,-,-,2560,-,-,0,0,0,0,15,-,4770,3040
TXO,202612,20261216.0,42800.0,Call,-,-,-,-,9270,-,-,0,0,0,0,9180,9580,4380,2510
TXO,202612,20261216.0,42800.0,Put,-,-,-,-,2630,-,-,0,0,0,0,15,-,-,-
TXO,202612,20261216.0,43000.0,Call,9000,9000,9000,9000,9140,▲+1180,▲+15.09%,0,1,1,67,8990,9200,9000,1130
TXO,202612,20261216.0,43000.0,Put,2770,2770,2700,2700,2700,▼-350,▼-11.48%,1,5,6,72,15,7690,4980,2700
TXO,202612,20261216.0,43200.0,Call,-,-,-,-,8990,-,-,0,0,0,1,8910,9310,4670,1400
TXO,202612,20261216.0,43200.0,Put,-,-,-,-,2750,-,-,0,0,0,0,15,-,-,-
TXO,202612,20261216.0,43400.0,Call,-,-,-,-,8850,-,-,0,0,0,0,8770,-,7410,4950
TXO,202612,20261216.0,43400.0,Put,2860,2860,2860,2860,2800,▼-340,▼-10.63%,0,1,1,0,15,-,4970,2860
TXO,202612,20261216.0,43600.0,Call,-,-,-,-,8720,-,-,0,0,0,2,8640,9040,5510,950
TXO,202612,20261216.0,43600.0,Put,-,-,-,-,2880,-,-,0,0,0,0,15,-,4780,4740
TXO,202612,20261216.0,43800.0,Call,8300,8340,8300,8340,8590,▲+1020,▲+13.93%,3,3,6,1,8510,8670,8340,1020
TXO,202612,20261216.0,43800.0,Put,-,-,-,-,2950,-,-,0,0,0,0,15,-,-,-
TXO,202612,20261216.0,44000.0,Call,8350,8350,8150,8150,8470,▲+950,▲+13.19%,0,2,2,1,8310,8770,8350,2260
TXO,202612,20261216.0,44000.0,Put,-,-,-,-,3020,-,-,0,0,0,50,2540,-,4440,3440
TXO,202612,20261216.0,44200.0,Call,-,-,-,-,8320,-,-,0,0,0,3,8250,-,4850,600
TXO,202612,20261216.0,44200.0,Put,-,-,-,-,3070,-,-,0,0,0,60,15,3210,4310,3610
TXO,202612,20261216.0,44400.0,Call,-,-,-,-,8190,-,-,0,0,0,1,8110,-,4900,930
TXO,202612,20261216.0,44400.0,Put,-,-,-,-,3140,-,-,0,0,0,100,3060,-,4660,3660
TXO,202612,20261216.0,44600.0,Call,-,-,-,-,8070,-,-,0,0,0,10,7980,8390,5770,890
TXO,202612,20261216.0,44600.0,Put,-,-,-,-,3210,-,-,0,0,0,5,3140,-,6030,3670
TXO,202612,20261216.0,44800.0,Call,-,-,-,-,7950,-,-,0,0,0,0,7860,8030,-,-
TXO,202612,20261216.0,44800.0,Put,-,-,-,-,3290,-,-,0,0,0,0,15,-,-,-
TXO,202612,20261216.0,45000.0,Call,-,-,-,-,7820,-,-,0,0,0,11,7730,-,6250,2600
TXO,202612,20261216.0,45000.0,Put,-,-,-,-,3360,-,-,0,0,0,107,2890,-,6000,4220
TXO,202612,20261216.0,45200.0,Call,-,-,-,-,7700,-,-,0,0,0,10,7610,7780,5870,925
TXO,202612,20261216.0,45200.0,Put,-,-,-,-,3430,-,-,0,0,0,0,15,-,6690,4500
TXO,202612,20261216.0,45400.0,Call,-,-,-,-,7580,-,-,0,0,0,12,7480,7880,5690,2770
TXO,202612,20261216.0,45400.0,Put,-,-,-,-,3510,-,-,0,0,0,1,15,3640,6540,4070
TXO,202612,20261216.0,45600.0,Call,-,-,-,-,7450,-,-,0,0,0,4,7370,-,5830,1070
TXO,202612,20261216.0,45600.0,Put,-,-,-,-,3580,-,-,0,0,0,2,15,3710,6750,5600
TXO,202612,20261216.0,45800.0,Call,-,-,-,-,7330,-,-,0,0,0,1,7230,7400,3070,1980
TXO,202612,20261216.0,45800.0,Put,-,-,-,-,3660,-,-,0,0,0,0,15,-,-,-
TXO,202612,20261216.0,46000.0,Call,-,-,-,-,7210,-,-,0,0,0,219,7100,7290,5560,2480
TXO,202612,20261216.0,46000.0,Put,-,-,-,-,3740,-,-,0,0,0,200,3270,-,5790,4320
TXO,202612,20261216.0,46200.0,Call,-,-,-,-,7090,-,-,0,0,0,0,6990,7150,2620,2450
TXO,202612,20261216.0,46200.0,Put,-,-,-,-,3820,-,-,0,0,0,1,15,3970,7260,7260
TXO,202612,20261216.0,46400.0,Call,-,-,-,-,6980,-,-,0,0,0,5,6880,7280,5700,1560
TXO,202612,20261216.0,46400.0,Put,-,-,-,-,3900,-,-,0,0,0,0,15,-,-,-
TXO,202612,20261216.0,46600.0,Call,6500,6500,6500,6500,6860,▲+810,▲+14.24%,0,1,1,5,6760,6930,6500,1540
TXO,202612,20261216.0,46600.0,Put,-,-,-,-,3980,-,-,0,0,0,0,15,-,-,-
TXO,202612,20261216.0,46800.0,Call,-,-,-,-,6750,-,-,0,0,0,4,6640,7040,5520,1500
TXO,202612,20261216.0,46800.0,Put,-,-,-,-,4070,-,-,0,0,0,2,15,-,7770,7490
TXO,202612,20261216.0,47000.0,Call,6430,6430,6430,6430,6630,▲+940,▲+17.12%,0,1,1,2,6530,6690,6430,2280
TXO,202612,20261216.0,47000.0,Put,-,-,-,-,4150,-,-,0,0,0,19,4060,-,7620,4600
TXO,202612,20261216.0,47200.0,Call,-,-,-,-,6510,-,-,0,0,0,2,6410,6810,4090,2100
TXO,202612,20261216.0,47200.0,Put,-,-,-,-,4230,-,-,0,0,0,0,-,-,-,-
TXO,202612,20261216.0,47400.0,Call,-,-,-,-,6390,-,-,4,0,4,4,6300,-,5670,2070
TXO,202612,20261216.0,47400.0,Put,-,-,-,-,4310,-,-,0,0,0,1,-,4400,6210,6210
TXO,202612,20261216.0,47600.0,Call,-,-,-,-,6290,-,-,0,0,0,39,6150,6370,4150,1100
TXO,202612,20261216.0,47600.0,Put,-,-,-,-,4400,-,-,0,0,0,0,-,-,6310,4920
TXO,202612,20261216.0,47800.0,Call,-,-,-,-,6190,-,-,0,0,0,5,6080,6480,4200,3040
TXO,202612,20261216.0,47800.0,Put,-,-,-,-,4500,-,-,0,0,0,2,-,4630,5750,4890
TXO,202612,20261216.0,48000.0,Call,-,-,-,-,6070,-,-,0,0,0,33,5960,-,4900,2060
TXO,202612,20261216.0,48000.0,Put,-,-,-,-,4580,-,-,0,0,0,4,-,-,8030,5200
TXO,202612,20261216.0,48200.0,Call,-,-,-,-,5970,-,-,0,0,0,1,5860,6050,3960,2250
TXO,202612,20261216.0,48200.0,Put,-,-,-,-,4680,-,-,0,0,0,1,-,4810,5860,5860
TXO,202612,20261216.0,48400.0,Call,5650,5700,5650,5700,5860,▲+890,▲+18.50%,0,3,3,3,5750,-,5700,2050
TXO,202612,20261216.0,48400.0,Put,-,-,-,-,4770,-,-,0,0,0,0,-,-,-,-
TXO,202612,20261216.0,48600.0,Call,-,-,-,-,5750,-,-,0,0,0,0,-,-,4520,3450
TXO,202612,20261216.0,48600.0,Put,-,-,-,-,4860,-,-,0,0,0,0,-,-,-,-
TXO,202612,20261216.0,48800.0,Call,-,-,-,-,5650,-,-,0,0,0,0,15,-,-,-
TXO,202612,20261216.0,48800.0,Put,-,-,-,-,4950,-,-,0,0,0,4,-,5100,8920,6400
TXO,202612,20261216.0,49000.0,Call,5280,5280,5280,5280,5550,▲+720,▲+15.79%,0,1,1,7,15,5630,5280,1600
TXO,202612,20261216.0,49000.0,Put,-,-,-,-,5050,-,-,0,0,0,0,-,-,6900,5850
TXO,202612,20261216.0,49200.0,Call,-,-,-,-,5450,-,-,0,0,0,18,15,5520,4080,1570
TXO,202612,20261216.0,49200.0,Put,-,-,-,-,5150,-,-,0,0,0,0,-,-,-,-
TXO,202612,20261216.0,49400.0,Call,-,-,-,-,5350,-,-,0,0,0,1,5150,-,3760,1490
TXO,202612,20261216.0,49400.0,Put,-,-,-,-,5250,-,-,0,0,0,2,-,5330,8650,8650
TXO,202612,20261216.0,49600.0,Call,-,-,-,-,5250,-,-,0,0,0,7,5050,-,4250,3610
TXO,202612,20261216.0,49600.0,Put,5530,5530,5500,5500,5340,▼-550,▼-9.09%,0,6,6,6,5240,-,5530,5500
TXO,202612,20261216.0,49800.0,Call,-,-,-,-,5160,-,-,0,0,0,1,4960,-,2780,1540
TXO,202612,20261216.0,49800.0,Put,-,-,-,-,5450,-,-,0,0,0,0,-,-,-,-
TXO,202612,20261216.0,50000.0,Call,4950,5000,4950,5000,5060,▲+910,▲+22.25%,0,2,2,66,4810,-,5000,1350
TXO,202612,20261216.0,50000.0,Put,-,-,-,-,5550,-,-,0,0,0,0,-,-,-,-
TXO,202612,20261216.0,50200.0,Call,4800,4800,4800,4800,4940,▲+800,▲+20.00%,0,1,1,3,15,5040,4800,3540
TXO,202612,20261216.0,50200.0,Put,-,-,-,-,5630,-,-,0,0,0,0,-,-,-,-
TXO,202612,20261216.0,50400.0,Call,4800,4820,4800,4820,4820,▲+900,▲+22.96%,3,2,5,39,3200,4940,4820,1250
TXO,202612,20261216.0,50400.0,Put,-,-,-,-,5710,-,-,0,0,0,3,5650,-,9460,9450
TXO,202612,20261216.0,50600.0,Call,-,-,-,-,4740,-,-,0,0,0,0,15,-,3640,3380
TXO,202612,20261216.0,50600.0,Put,-,-,-,-,5820,-,-,0,0,0,0,5760,5920,-,-
TXO,202612,20261216.0,50800.0,Call,-,-,-,-,4650,-,-,0,0,0,14,15,4770,3620,1770
TXO,202612,20261216.0,50800.0,Put,-,-,-,-,5940,-,-,0,0,0,0,-,6030,-,-
TXO,202612,20261216.0,51000.0,Call,4420,4420,4420,4420,4570,▲+730,▲+19.78%,0,1,1,1,15,4670,4420,2170
TXO,202612,20261216.0,51000.0,Put,-,-,-,-,6050,-,-,0,0,0,0,5980,-,-,-
TXO,202612,20261216.0,51200.0,Call,-,-,-,-,4490,-,-,0,0,0,0,15,-,-,-
TXO,202612,20261216.0,51200.0,Put,-,-,-,-,6170,-,-,0,0,0,0,6090,6250,-,-
TXO,202612,20261216.0,51400.0,Call,-,-,-,-,4410,-,-,0,0,0,0,15,-,-,-
TXO,202612,20261216.0,51400.0,Put,-,-,-,-,6290,-,-,0,0,0,0,6210,6390,-,-
TXO,202612,20261216.0,51600.0,Call,-,-,-,-,4340,-,-,0,0,0,0,15,-,3170,2950
TXO,202612,20261216.0,51600.0,Put,-,-,-,-,6410,-,-,0,0,0,0,6310,-,-,-
TXO,202612,20261216.0,51800.0,Call,-,-,-,-,4240,-,-,0,0,0,6,15,4320,2550,2050
TXO,202612,20261216.0,51800.0,Put,-,-,-,-,6520,-,-,0,0,0,0,6430,6590,-,-
TXO,202612,20261216.0,52000.0,Call,-,-,-,-,4160,-,-,0,0,0,6,15,4230,3380,1880
TXO,202612,20261216.0,52000.0,Put,-,-,-,-,6620,-,-,0,0,0,0,6550,6690,-,-
TXO,202612,20261216.0,52200.0,Call,-,-,-,-,4080,-,-,0,0,0,0,15,-,-,-
TXO,202612,20261216.0,52200.0,Put,-,-,-,-,6740,-,-,0,0,0,0,6660,6820,-,-
TXO,202612,20261216.0,52400.0,Call,-,-,-,-,4000,-,-,0,0,0,6,15,4090,3050,1750
TXO,202612,20261216.0,52400.0,Put,-,-,-,-,6870,-,-,0,0,0,4,-,6940,8790,8780
TXO,202612,20261216.0,52600.0,Call,-,-,-,-,3920,-,-,0,0,0,0,15,-,-,-
TXO,202612,20261216.0,52600.0,Put,-,-,-,-,6990,-,-,0,0,0,0,6900,7050,-,-
TXO,202612,20261216.0,52800.0,Call,-,-,-,-,3840,-,-,0,0,0,3,3660,-,2770,1660
TXO,202612,20261216.0,52800.0,Put,-,-,-,-,7110,-,-,0,0,0,0,7010,7180,-,-
TXO,202612,20261216.0,53000.0,Call,-,-,-,-,3770,-,-,0,0,0,1,15,-,2970,1690
TXO,202612,20261216.0,53000.0,Put,-,-,-,-,7230,-,-,0,0,0,0,7140,7300,-,-
TXO,202612,20261216.0,53200.0,Call,-,-,-,-,3690,-,-,0,0,0,9,15,-,2900,1700
TXO,202612,20261216.0,53200.0,Put,-,-,-,-,7350,-,-,0,0,0,0,7270,7420,-,-
TXO,202612,20261216.0,53400.0,Call,-,-,-,-,3610,-,-,0,0,0,7,3490,-,2850,1500
TXO,202612,20261216.0,53400.0,Put,-,-,-,-,7470,-,-,0,0,0,0,7390,7540,-,-
TXO,202612,20261216.0,53600.0,Call,-,-,-,-,3540,-,-,0,0,0,0,15,-,-,-
TXO,202612,20261216.0,53600.0,Put,-,-,-,-,7600,-,-,0,0,0,0,7510,7670,-,-
TXO,202612,20261216.0,53800.0,Call,-,-,-,-,3470,-,-,0,0,0,3,15,-,2640,1710
TXO,202612,20261216.0,53800.0,Put,-,-,-,-,7720,-,-,0,0,0,0,7650,7800,-,-
TXO,202612,20261216.0,54000.0,Call,3360,3360,3360,3360,3410,▲+720,▲+27.27%,0,1,1,3,15,-,3360,1450
TXO,202612,20261216.0,54000.0,Put,-,-,-,-,7860,-,-,0,0,0,0,-,7930,-,-
TXO,202612,20261216.0,54200.0,Call,-,-,-,-,3340,-,-,0,0,0,0,15,-,-,-
TXO,202612,20261216.0,54200.0,Put,-,-,-,-,7990,-,-,0,0,0,0,7900,8050,-,-
TXO,202612,20261216.0,54400.0,Call,-,-,-,-,3280,-,-,0,0,0,3,15,3340,2050,1850
TXO,202612,20261216.0,54400.0,Put,-,-,-,-,8120,-,-,0,0,0,0,8020,8180,-,-
TXO,202612,20261216.0,54600.0,Call,-,-,-,-,3210,-,-,0,0,0,1,3020,-,1420,1420
TXO,202612,20261216.0,54600.0,Put,-,-,-,-,8250,-,-,0,0,0,0,8170,-,-,-
TXO,202612,20261216.0,54800.0,Call,-,-,-,-,3150,-,-,0,0,0,12,15,3200,2450,1410
TXO,202612,20261216.0,54800.0,Put,-,-,-,-,8390,-,-,0,0,0,0,8300,8450,-,-
TXO,202612,20261216.0,55000.0,Call,2880,2920,2880,2920,3080,▲+540,▲+22.69%,0,3,3,4,2880,-,2920,1600
TXO,202612,20261216.0,55000.0,Put,-,-,-,-,8520,-,-,0,0,0,0,8430,8580,-,-
TXO,202612,20261216.0,55200.0,Call,-,-,-,-,3020,-,-,0,0,0,2,2820,-,1980,1410
TXO,202612,20261216.0,55200.0,Put,-,-,-,-,8660,-,-,0,0,0,0,8560,8720,-,-
TXO,202612,20261216.0,55400.0,Call,2930,2930,2930,2930,2960,▲+650,▲+28.51%,0,1,1,2,2760,-,2930,1400
TXO,202612,20261216.0,55400.0,Put,-,-,-,-,8800,-,-,0,0,0,0,8690,8860,-,-
TXO,202612,20261216.0,55600.0,Call,-,-,-,-,2900,-,-,0,0,0,1,2700,-,2150,1600
TXO,202612,20261216.0,55600.0,Put,-,-,-,-,8930,-,-,0,0,0,0,8840,9000,-,-
TXO,202612,20261216.0,55800.0,Call,-,-,-,-,2850,-,-,6,0,6,72,2660,2960,2350,1120
TXO,202612,20261216.0,55800.0,Put,-,-,-,-,9080,-,-,0,0,0,0,8980,9130,-,-
TXO,202703,20270317.0,36600.0,Call,-,-,-,-,15340,-,-,0,0,0,3,15280,15600,13790,13630
TXO,202703,20270317.0,36600.0,Put,-,-,-,-,1830,-,-,2,0,2,24,1700,2000,2030,1920
TXO,202703,20270317.0,36800.0,Call,-,-,-,-,15190,-,-,0,0,0,0,-,15370,-,-
TXO,202703,20270317.0,36800.0,Put,-,-,-,-,1880,-,-,0,0,0,3,15.5,2000,1990,1990
TXO,202703,20270317.0,37000.0,Call,-,-,-,-,15040,-,-,0,0,0,0,14970,-,-,-
TXO,202703,20270317.0,37000.0,Put,1970,1970,1970,1970,1920,▼-70,▼-3.43%,0,1,1,4,15,2000,2070,1970
TXO,202703,20270317.0,37200.0,Call,-,-,-,-,14890,-,-,0,0,0,0,14810,-,-,-
TXO,202703,20270317.0,37200.0,Put,-,-,-,-,1970,-,-,0,0,0,0,15,-,-,-
TXO,202703,20270317.0,37400.0,Call,-,-,-,-,14710,-,-,0,0,0,0,14610,-,-,-
TXO,202703,20270317.0,37400.0,Put,-,-,-,-,1990,-,-,0,0,0,0,15,-,-,-
TXO,202703,20270317.0,37600.0,Call,-,-,-,-,14560,-,-,0,0,0,0,14510,-,-,-
TXO,202703,20270317.0,37600.0,Put,-,-,-,-,2040,-,-,0,0,0,0,15,2240,-,-
TXO,202703,20270317.0,37800.0,Call,-,-,-,-,14410,-,-,0,0,0,0,-,-,-,-
TXO,202703,20270317.0,37800.0,Put,-,-,-,-,2080,-,-,0,0,0,0,15,-,-,-
TXO,202703,20270317.0,38000.0,Call,-,-,-,-,14270,-,-,0,0,0,0,-,14450,-,-
TXO,202703,20270317.0,38000.0,Put,-,-,-,-,2140,-,-,0,0,0,0,15,-,-,-
TXO,202703,20270317.0,38200.0,Call,-,-,-,-,14110,-,-,0,0,0,0,14010,-,-,-
TXO,202703,20270317.0,38200.0,Put,-,-,-,-,2180,-,-,0,0,0,0,15,-,-,-
TXO,202703,20270317.0,38400.0,Call,-,-,-,-,13970,-,-,0,0,0,0,13840,-,-,-
TXO,202703,20270317.0,38400.0,Put,-,-,-,-,2230,-,-,0,0,0,0,15,-,-,-
TXO,202703,20270317.0,38600.0,Call,-,-,-,-,13820,-,-,0,0,0,0,13690,-,-,-
TXO,202703,20270317.0,38600.0,Put,-,-,-,-,2280,-,-,0,0,0,0,15,-,-,-
TXO,202703,20270317.0,38800.0,Call,-,-,-,-,13670,-,-,0,0,0,0,13530,-,-,-
TXO,202703,20270317.0,38800.0,Put,-,-,-,-,2330,-,-,0,0,0,1,15,2450,2560,2560
TXO,202703,20270317.0,39000.0,Call,-,-,-,-,13520,-,-,0,0,0,0,-,-,-,-
TXO,202703,20270317.0,39000.0,Put,-,-,-,-,2380,-,-,0,0,0,2,15,2500,2620,2620
TXO,202703,20270317.0,39200.0,Call,-,-,-,-,13380,-,-,0,0,0,0,13320,-,-,-
TXO,202703,20270317.0,39200.0,Put,-,-,-,-,2430,-,-,0,0,0,1,15,2550,2680,2680
TXO,202703,20270317.0,39400.0,Call,-,-,-,-,13220,-,-,0,0,0,0,13170,-,-,-
TXO,202703,20270317.0,39400.0,Put,-,-,-,-,2470,-,-,0,0,0,1,15,2610,2740,2740
TXO,202703,20270317.0,39600.0,Call,-,-,-,-,13080,-,-,0,0,0,0,12950,13260,-,-
TXO,202703,20270317.0,39600.0,Put,-,-,-,-,2530,-,-,0,0,0,1,15,2670,2830,2830
TXO,202703,20270317.0,39800.0,Call,-,-,-,-,12940,-,-,0,0,0,0,12820,-,-,-
TXO,202703,20270317.0,39800.0,Put,-,-,-,-,2590,-,-,0,0,0,1,15,2720,2870,2870
TXO,202703,20270317.0,40000.0,Call,-,-,-,-,12810,-,-,0,0,0,0,12670,12970,-,-
TXO,202703,20270317.0,40000.0,Put,2740,2740,2730,2730,2650,▼-160,▼-5.54%,13,5,18,23,15,-,2970,2730
TXO,202703,20270317.0,40200.0,Call,-,-,-,-,12650,-,-,0,0,0,0,12600,12840,-,-
TXO,202703,20270317.0,40200.0,Put,-,-,-,-,2690,-,-,0,0,0,0,15,-,-,-
TXO,202703,20270317.0,40400.0,Call,-,-,-,-,12510,-,-,0,0,0,0,12450,-,-,-
TXO,202703,20270317.0,40400.0,Put,-,-,-,-,2750,-,-,0,0,0,0,15,-,-,-
TXO,202703,20270317.0,40600.0,Call,-,-,-,-,12370,-,-,0,0,0,0,12260,-,-,-
TXO,202703,20270317.0,40600.0,Put,-,-,-,-,2810,-,-,0,0,0,0,15,-,-,-
TXO,202703,20270317.0,40800.0,Call,-,-,-,-,12240,-,-,0,0,0,0,12180,-,-,-
TXO,202703,20270317.0,40800.0,Put,-,-,-,-,2870,-,-,0,0,0,0,15,-,-,-
TXO,202703,20270317.0,41000.0,Call,-,-,-,-,12110,-,-,0,0,0,0,11980,-,-,-
TXO,202703,20270317.0,41000.0,Put,3100,3100,3100,3100,2940,▼-50,▼-1.59%,0,1,1,1,2870,-,3100,3100
TXO,202703,20270317.0,41200.0,Call,-,-,-,-,11980,-,-,0,0,0,0,11900,-,-,-
TXO,202703,20270317.0,41200.0,Put,-,-,-,-,3010,-,-,0,0,0,0,15,-,-,-
TXO,202703,20270317.0,41400.0,Call,-,-,-,-,11860,-,-,0,0,0,0,11760,-,-,-
TXO,202703,20270317.0,41400.0,Put,-,-,-,-,3080,-,-,0,0,0,0,15,-,-,-
TXO,202703,20270317.0,41600.0,Call,-,-,-,-,11730,-,-,0,0,0,0,11560,-,-,-
TXO,202703,20270317.0,41600.0,Put,-,-,-,-,3150,-,-,0,0,0,0,15,-,-,-
TXO,202703,20270317.0,41800.0,Call,-,-,-,-,11610,-,-,0,0,0,0,11430,-,-,-
TXO,202703,20270317.0,41800.0,Put,-,-,-,-,3220,-,-,0,0,0,0,15,-,-,-
TXO,202703,20270317.0,42000.0,Call,11500,11500,11100,11350,11480,▲+1340,▲+13.39%,0,4,4,2,11310,-,11500,11100
TXO,202703,20270317.0,42000.0,Put,3290,3290,3280,3280,3300,▼-210,▼-6.02%,0,4,4,4,3260,-,3290,3280
TXO,202703,20270317.0,42200.0,Call,-,-,-,-,11290,-,-,0,0,0,0,11230,11600,-,-
TXO,202703,20270317.0,42200.0,Put,-,-,-,-,3310,-,-,0,0,0,0,15,-,-,-
TXO,202703,20270317.0,42400.0,Call,-,-,-,-,11170,-,-,0,0,0,0,11040,-,-,-
TXO,202703,20270317.0,42400.0,Put,-,-,-,-,3380,-,-,0,0,0,0,15,-,-,-
TXO,202703,20270317.0,42600.0,Call,-,-,-,-,11030,-,-,0,0,0,0,10900,11170,-,-
TXO,202703,20270317.0,42600.0,Put,-,-,-,-,3440,-,-,0,0,0,0,15,-,-,-
TXO,202703,20270317.0,42800.0,Call,-,-,-,-,10900,-,-,0,0,0,0,10770,-,-,-
TXO,202703,20270317.0,42800.0,Put,-,-,-,-,3500,-,-,0,0,0,0,15,-,-,-
TXO,202703,20270317.0,43000.0,Call,-,-,-,-,10770,-,-,0,0,0,0,10640,-,-,-
TXO,202703,20270317.0,43000.0,Put,-,-,-,-,3570,-,-,0,0,0,0,15,-,-,-
TXO,202703,20270317.0,43200.0,Call,-,-,-,-,10640,-,-,0,0,0,0,10510,-,-,-
TXO,202703,20270317.0,43200.0,Put,-,-,-,-,3630,-,-,0,0,0,0,15,-,-,-
TXO,202703,20270317.0,43400.0,Call,-,-,-,-,10520,-,-,0,0,0,0,10440,10820,-,-
TXO,202703,20270317.0,43400.0,Put,-,-,-,-,3710,-,-,0,0,0,0,15,-,-,-
TXO,202703,20270317.0,43600.0,Call,-,-,-,-,10400,-,-,0,0,0,0,10310,-,-,-
TXO,202703,20270317.0,43600.0,Put,-,-,-,-,3790,-,-,0,0,0,0,15,-,-,-
TXO,202703,20270317.0,43800.0,Call,-,-,-,-,10280,-,-,0,0,0,0,10180,10380,-,-
TXO,202703,20270317.0,43800.0,Put,-,-,-,-,3870,-,-,0,0,0,0,15,-,-,-
TXO,202703,20270317.0,44000.0,Call,-,-,-,-,10150,-,-,0,0,0,0,10060,-,-,-
TXO,202703,20270317.0,44000.0,Put,-,-,-,-,3940,-,-,0,0,0,0,15,-,-,-
TXO,202703,20270317.0,44200.0,Call,-,-,-,-,10030,-,-,0,0,0,0,9940,10310,-,-
TXO,202703,20270317.0,44200.0,Put,-,-,-,-,4010,-,-,0,0,0,0,15,-,-,-
TXO,202703,20270317.0,44400.0,Call,-,-,-,-,9900,-,-,0,0,0,0,9810,-,-,-
TXO,202703,20270317.0,44400.0,Put,-,-,-,-,4080,-,-,0,0,0,0,15,-,-,-
TXO,202703,20270317.0,44600.0,Call,-,-,-,-,9780,-,-,0,0,0,0,9630,9880,-,-
TXO,202703,20270317.0,44600.0,Put,-,-,-,-,4160,-,-,0,0,0,0,15,-,-,-
TXO,202703,20270317.0,44800.0,Call,-,-,-,-,9660,-,-,0,0,0,0,9570,9970,-,-
TXO,202703,20270317.0,44800.0,Put,-,-,-,-,4230,-,-,0,0,0,0,15,-,-,-
TXO,202703,20270317.0,45000.0,Call,-,-,-,-,9510,-,-,0,0,0,0,9440,-,-,-
TXO,202703,20270317.0,45000.0,Put,-,-,-,-,4280,-,-,0,0,0,0,15,-,-,-
TXO,202703,20270317.0,45200.0,Call,-,-,-,-,9400,-,-,0,0,0,0,9320,9720,-,-
TXO,202703,20270317.0,45200.0,Put,-,-,-,-,4370,-,-,0,0,0,0,-,-,-,-
TXO,202703,20270317.0,45400.0,Call,-,-,-,-,9280,-,-,0,0,0,0,9200,9560,-,-
TXO,202703,20270317.0,45400.0,Put,-,-,-,-,4450,-,-,0,0,0,0,-,-,-,-
TXO,202703,20270317.0,45600.0,Call,-,-,-,-,9170,-,-,0,0,0,0,9080,9270,-,-
TXO,202703,20270317.0,45600.0,Put,-,-,-,-,4530,-,-,0,0,0,0,-,-,-,-
TXO,202703,20270317.0,45800.0,Call,-,-,-,-,9050,-,-,0,0,0,0,8970,9360,-,-
TXO,202703,20270317.0,45800.0,Put,-,-,-,-,4610,-,-,0,0,0,0,-,-,-,-
TXO,202703,20270317.0,46000.0,Call,-,-,-,-,8930,-,-,0,0,0,0,8840,-,-,-
TXO,202703,20270317.0,46000.0,Put,-,-,-,-,4690,-,-,0,0,0,1,-,4820,5150,5150
TXO,202703,20270317.0,46200.0,Call,-,-,-,-,8820,-,-,0,0,0,0,8740,-,-,-
TXO,202703,20270317.0,46200.0,Put,-,-,-,-,4770,-,-,0,0,0,0,-,-,-,-
TXO,202703,20270317.0,46400.0,Call,-,-,-,-,8700,-,-,0,0,0,0,8610,9010,-,-
TXO,202703,20270317.0,46400.0,Put,-,-,-,-,4850,-,-,0,0,0,0,-,-,-,-
TXO,202703,20270317.0,46600.0,Call,-,-,-,-,8590,-,-,0,0,0,2,8500,8680,7460,7430
TXO,202703,20270317.0,46600.0,Put,-,-,-,-,4940,-,-,0,0,0,0,-,-,-,-
TXO,202703,20270317.0,46800.0,Call,-,-,-,-,8480,-,-,0,0,0,0,8380,8550,-,-
TXO,202703,20270317.0,46800.0,Put,-,-,-,-,5020,-,-,0,0,0,0,-,-,-,-
TXO,202703,20270317.0,47000.0,Call,-,-,-,-,8360,-,-,0,0,0,0,8270,8670,-,-
TXO,202703,20270317.0,47000.0,Put,-,-,-,-,5110,-,-,0,0,0,0,-,-,-,-
TXO,202703,20270317.0,47200.0,Call,-,-,-,-,8260,-,-,0,0,0,0,8160,-,-,-
TXO,202703,20270317.0,47200.0,Put,-,-,-,-,5200,-,-,0,0,0,0,-,-,-,-
TXO,202703,20270317.0,47400.0,Call,-,-,-,-,8150,-,-,0,0,0,0,8000,8450,-,-
TXO,202703,20270317.0,47400.0,Put,-,-,-,-,5290,-,-,0,0,0,0,-,-,-,-
TXO,202703,20270317.0,47600.0,Call,-,-,-,-,8040,-,-,0,0,0,0,-,8340,-,-
TXO,202703,20270317.0,47600.0,Put,-,-,-,-,5380,-,-,0,0,0,0,-,-,-,-
TXO,202703,20270317.0,47800.0,Call,-,-,-,-,7930,-,-,0,0,0,0,7830,8230,-,-
TXO,202703,20270317.0,47800.0,Put,-,-,-,-,5470,-,-,0,0,0,0,-,-,-,-
TXO,202703,20270317.0,48000.0,Call,-,-,-,-,7820,-,-,0,0,0,0,7730,8120,-,-
TXO,202703,20270317.0,48000.0,Put,5900,5950,5700,5700,5550,▼-280,▼-4.68%,0,4,4,5,5450,-,6110,5700
TXO,202703,20270317.0,48200.0,Call,-,-,-,-,7720,-,-,0,0,0,0,7610,7790,-,-
TXO,202703,20270317.0,48200.0,Put,-,-,-,-,5640,-,-,0,0,0,0,-,-,-,-
TXO,202703,20270317.0,48400.0,Call,-,-,-,-,7620,-,-,0,0,0,1,7510,7680,6350,6350
TXO,202703,20270317.0,48400.0,Put,-,-,-,-,5740,-,-,0,0,0,0,-,-,-,-
TXO,202703,20270317.0,48600.0,Call,-,-,-,-,7510,-,-,0,0,0,0,7400,-,-,-
TXO,202703,20270317.0,48600.0,Put,-,-,-,-,5830,-,-,0,0,0,0,-,-,-,-
TXO,202703,20270317.0,48800.0,Call,-,-,-,-,7420,-,-,0,0,0,0,7310,7710,-,-
TXO,202703,20270317.0,48800.0,Put,-,-,-,-,5930,-,-,0,0,0,0,-,-,-,-
TXO,202703,20270317.0,49000.0,Call,-,-,-,-,7320,-,-,0,0,0,0,7200,7600,-,-
TXO,202703,20270317.0,49000.0,Put,6190,6190,6110,6110,6040,▼-350,▼-5.42%,0,2,2,2,5880,-,6190,6110
TXO,202703,20270317.0,49200.0,Call,-,-,-,-,7230,-,-,0,0,0,0,-,-,-,-
TXO,202703,20270317.0,49200.0,Put,-,-,-,-,6140,-,-,0,0,0,0,-,-,-,-
TXO,202703,20270317.0,49400.0,Call,-,-,-,-,7140,-,-,0,0,0,0,-,-,-,-
TXO,202703,20270317.0,49400.0,Put,-,-,-,-,6250,-,-,0,0,0,0,-,-,-,-
TXO,202703,20270317.0,49600.0,Call,-,-,-,-,7050,-,-,0,0,0,0,-,-,-,-
TXO,202703,20270317.0,49600.0,Put,-,-,-,-,6360,-,-,0,0,0,0,-,-,-,-
TXO,202703,20270317.0,49800.0,Call,-,-,-,-,6960,-,-,0,0,0,0,-,-,-,-
TXO,202703,20270317.0,49800.0,Put,-,-,-,-,6470,-,-,0,0,0,0,-,-,-,-
TXO,202703,20270317.0,50000.0,Call,-,-,-,-,6880,-,-,0,0,0,0,-,-,-,-
TXO,202703,20270317.0,50000.0,Put,-,-,-,-,6580,-,-,0,0,0,0,-,-,-,-
TXO,202703,20270317.0,50200.0,Call,-,-,-,-,6790,-,-,0,0,0,2,6600,-,5450,5450
TXO,202703,20270317.0,50200.0,Put,-,-,-,-,6690,-,-,0,0,0,0,-,-,-,-
TXO,202703,20270317.0,50400.0,Call,-,-,-,-,6700,-,-,0,0,0,0,-,-,-,-
TXO,202703,20270317.0,50400.0,Put,-,-,-,-,6800,-,-,0,0,0,0,-,-,-,-
TXO,202703,20270317.0,50600.0,Call,-,-,-,-,6620,-,-,0,0,0,0,-,-,-,-
TXO,202703,20270317.0,50600.0,Put,-,-,-,-,6910,-,-,0,0,0,0,-,-,-,-
TXO,202703,20270317.0,50800.0,Call,-,-,-,-,6530,-,-,0,0,0,0,-,-,-,-
TXO,202703,20270317.0,50800.0,Put,-,-,-,-,7020,-,-,0,0,0,0,-,-,-,-
TXO,202703,20270317.0,51000.0,Call,6190,6190,6190,6190,6450,▲+990,▲+19.04%,0,1,1,1,6220,-,6190,6190
TXO,202703,20270317.0,51000.0,Put,-,-,-,-,7140,-,-,0,0,0,0,-,-,-,-
TXO,202703,20270317.0,51200.0,Call,-,-,-,-,6300,-,-,0,0,0,0,-,-,-,-
TXO,202703,20270317.0,51200.0,Put,-,-,-,-,7180,-,-,0,0,0,0,-,-,-,-
TXO,202703,20270317.0,51400.0,Call,-,-,-,-,6200,-,-,0,0,0,0,-,-,-,-
TXO,202703,20270317.0,51400.0,Put,-,-,-,-,7280,-,-,0,0,0,0,7140,7300,-,-
TXO,202703,20270317.0,51600.0,Call,-,-,-,-,6060,-,-,0,0,0,0,-,-,-,-
TXO,202703,20270317.0,51600.0,Put,-,-,-,-,7340,-,-,0,0,0,0,7250,7400,-,-
TXO,202703,20270317.0,51800.0,Call,-,-,-,-,5970,-,-,0,0,0,0,-,-,-,-
TXO,202703,20270317.0,51800.0,Put,-,-,-,-,7440,-,-,0,0,0,0,7350,7520,-,-
TXO,202703,20270317.0,52000.0,Call,-,-,-,-,5890,-,-,0,0,0,0,-,-,-,-
TXO,202703,20270317.0,52000.0,Put,-,-,-,-,7560,-,-,0,0,0,0,7460,7620,-,-
TXO,202703,20270317.0,52200.0,Call,-,-,-,-,5800,-,-,0,0,0,0,-,-,-,-
TXO,202703,20270317.0,52200.0,Put,-,-,-,-,7670,-,-,0,0,0,0,7570,7740,-,-
TXO,202703,20270317.0,52400.0,Call,-,-,-,-,5710,-,-,0,0,0,0,15,-,-,-
TXO,202703,20270317.0,52400.0,Put,-,-,-,-,7770,-,-,0,0,0,0,7690,7870,-,-
TXO,202703,20270317.0,52600.0,Call,-,-,-,-,5630,-,-,0,0,0,0,15,-,-,-
TXO,202703,20270317.0,52600.0,Put,-,-,-,-,7890,-,-,0,0,0,0,7800,-,-,-
TXO,202703,20270317.0,52800.0,Call,-,-,-,-,5550,-,-,0,0,0,0,15,-,-,-
TXO,202703,20270317.0,52800.0,Put,-,-,-,-,8010,-,-,0,0,0,0,-,8070,-,-
TXO,202703,20270317.0,53000.0,Call,-,-,-,-,5470,-,-,0,0,0,12,5260,-,4500,4350
TXO,202703,20270317.0,53000.0,Put,-,-,-,-,8120,-,-,0,0,0,0,8030,8210,-,-
TXO,202703,20270317.0,53200.0,Call,-,-,-,-,5380,-,-,0,0,0,0,15,-,-,-
TXO,202703,20270317.0,53200.0,Put,-,-,-,-,8230,-,-,0,0,0,0,8140,8330,-,-
TXO,202703,20270317.0,53400.0,Call,-,-,-,-,5290,-,-,0,0,0,0,15,-,-,-
TXO,202703,20270317.0,53400.0,Put,-,-,-,-,8340,-,-,0,0,0,0,8250,8420,-,-
TXO,202703,20270317.0,53600.0,Call,-,-,-,-,5210,-,-,0,0,0,0,15,-,-,-
TXO,202703,20270317.0,53600.0,Put,-,-,-,-,8460,-,-,0,0,0,0,8380,8550,-,-
TXO,202703,20270317.0,53800.0,Call,-,-,-,-,5140,-,-,0,0,0,0,15,-,-,-
TXO,202703,20270317.0,53800.0,Put,-,-,-,-,8590,-,-,0,0,0,0,-,8660,-,-
TXO,202703,20270317.0,54000.0,Call,-,-,-,-,5060,-,-,0,0,0,0,15,-,-,-
TXO,202703,20270317.0,54000.0,Put,-,-,-,-,8710,-,-,0,0,0,0,-,-,-,-
TXO,202703,20270317.0,54200.0,Call,-,-,-,-,4990,-,-,0,0,0,0,15,-,-,-
TXO,202703,20270317.0,54200.0,Put,-,-,-,-,8830,-,-,0,0,0,0,8740,8890,-,-
TXO,202703,20270317.0,54400.0,Call,-,-,-,-,4910,-,-,0,0,0,0,15,-,-,-
TXO,202703,20270317.0,54400.0,Put,-,-,-,-,8950,-,-,0,0,0,0,8860,9020,-,-
TXO,202703,20270317.0,54600.0,Call,-,-,-,-,4840,-,-,0,0,0,0,15,-,-,-
TXO,202703,20270317.0,54600.0,Put,-,-,-,-,9070,-,-,0,0,0,0,-,9170,-,-
TXO,202703,20270317.0,54800.0,Call,-,-,-,-,4770,-,-,0,0,0,0,15,-,-,-
TXO,202703,20270317.0,54800.0,Put,-,-,-,-,9200,-,-,0,0,0,0,-,-,-,-
TXO,202703,20270317.0,55000.0,Call,-,-,-,-,4700,-,-,0,0,0,0,15,-,-,-
TXO,202703,20270317.0,55000.0,Put,-,-,-,-,9330,-,-,0,0,0,0,9220,9390,-,-
TXO,202703,20270317.0,55200.0,Call,4510,4510,4510,4510,4630,▲+770,▲+20.59%,11,1,12,16,4440,-,4510,3580
TXO,202703,20270317.0,55200.0,Put,-,-,-,-,9450,-,-,0,0,0,0,9360,9530,-,-
TXO,202703,20270317.0,55400.0,Call,-,-,-,-,4550,-,-,0,0,0,0,15,-,-,-
TXO,202703,20270317.0,55400.0,Put,-,-,-,-,9570,-,-,0,0,0,0,9480,-,-,-
TXO,202703,20270317.0,55600.0,Call,-,-,-,-,4450,-,-,0,0,0,0,15.5,-,-,-
TXO,202703,20270317.0,55600.0,Put,-,-,-,-,9670,-,-,0,0,0,0,9620,9780,-,-
TXO,202703,20270317.0,55800.0,Call,4180,4330,4180,4330,4420,▲+770,▲+21.63%,0,13,13,10,4280,8200,4330,4180
TXO,202703,20270317.0,55800.0,Put,-,-,-,-,9840,-,-,0,0,0,0,9740,-,-,-
