契約,到期月份 (週別),契約到期日,履約價,買賣權,開盤價,最高價,最低價,最後 成交價,結算價,漲跌價,漲跌%,*盤後交易時段成交量,*一般交易時段成交量,*合計成交量,*未沖銷 契約量,最後 最佳買價,最後 最佳賣價,歷史 最高價,歷史 最低價
TXO,202606,20260617.0,20200.0,Call,25270,25490,25140,25490,-,▼-70,▼-0.27%,2,71,73,363,25460,25480,26710,7850
TXO,202606,20260617.0,20200.0,Put,0.1,0.2,0.1,0.1,-,0,-,26,15,41,4480,-,0.2,485,0.1
TXO,202606,20260617.0,20400.0,Call,-,-,-,-,-,-,-,0,0,0,3,25260,25280,24570,7720
TXO,202606,20260617.0,20400.0,Put,-,-,-,-,-,-,-,0,0,0,382,-,80,371,0.1
TXO,202606,20260617.0,20600.0,Call,-,-,-,-,-,-,-,0,0,0,1,25060,25080,8550,8550
TXO,202606,20260617.0,20600.0,Put,-,-,-,-,-,-,-,0,0,0,118,-,13,399,0.2
TXO,202606,20260617.0,20800.0,Call,-,-,-,-,-,-,-,0,0,0,1,24860,24880,8360,8360
TXO,202606,20260617.0,20800.0,Put,-,-,-,-,-,-,-,0,0,0,117,-,10,377,0.3
TXO,202606,20260617.0,21000.0,Call,-,-,-,-,-,-,-,0,0,0,2,24660,24680,8170,7160
TXO,202606,20260617.0,21000.0,Put,-,-,-,-,-,-,-,0,0,0,119,-,224,460,0.2
TXO,202606,20260617.0,21200.0,Call,-,-,-,-,-,-,-,0,0,0,1,24460,24480,15390,10980
TXO,202606,20260617.0,21200.0,Put,-,-,-,-,-,-,-,0,0,0,82,-,0.3,427,0.2
TXO,202606,20260617.0,21400.0,Call,-,-,-,-,-,-,-,0,0,0,0,24260,24280,-,-
TXO,202606,20260617.0,21400.0,Put,-,-,-,-,-,-,-,0,0,0,20,-,50,350,0.3
TXO,202606,20260617.0,21600.0,Call,-,-,-,-,-,-,-,0,0,0,0,24060,24080,-,-
TXO,202606,20260617.0,21600.0,Put,-,-,-,-,-,-,-,0,0,0,11,-,224,580,5
TXO,202606,20260617.0,21800.0,Call,-,-,-,-,-,-,-,0,0,0,1,23860,23880,24820,15750
TXO,202606,20260617.0,21800.0,Put,-,-,-,-,-,-,-,0,0,0,18,-,10.5,610,0.2
TXO,202606,20260617.0,22000.0,Call,-,-,-,-,-,-,-,0,0,0,1,23660,23680,6050,6050
TXO,202606,20260617.0,22000.0,Put,-,-,-,-,-,-,-,0,0,0,307,-,10,690,0.2
TXO,202606,20260617.0,22200.0,Call,-,-,-,-,-,-,-,0,0,0,1,23460,23480,5090,5090
TXO,202606,20260617.0,22200.0,Put,-,-,-,-,-,-,-,0,0,0,10,-,224,665,0.3
TXO,202606,20260617.0,22400.0,Call,-,-,-,-,-,-,-,0,0,0,0,23260,23280,-,-
TXO,202606,20260617.0,22400.0,Put,-,-,-,-,-,-,-,0,0,0,43,-,224,720,3
TXO,202606,20260617.0,22600.0,Call,-,-,-,-,-,-,-,0,0,0,0,23060,23080,19870,9040
TXO,202606,20260617.0,22600.0,Put,-,-,-,-,-,-,-,0,0,0,115,-,100,720,2
TXO,202606,20260617.0,22800.0,Call,-,-,-,-,-,-,-,0,0,0,1,22860,22880,19940,3620
TXO,202606,20260617.0,22800.0,Put,-,-,-,-,-,-,-,0,0,0,65,-,5,800,0.2
TXO,202606,20260617.0,23000.0,Call,-,-,-,-,-,-,-,0,0,0,1,22660,22680,5150,5150
TXO,202606,20260617.0,23000.0,Put,-,-,-,-,-,-,-,0,0,0,90,-,224,880,0.2
TXO,202606,20260617.0,23200.0,Call,-,-,-,-,-,-,-,0,0,0,0,22460,22480,-,-
TXO,202606,20260617.0,23200.0,Put,-,-,-,-,-,-,-,0,0,0,60,-,100,885,0.3
TXO,202606,20260617.0,23400.0,Call,-,-,-,-,-,-,-,0,0,0,0,22260,22280,-,-
TXO,202606,20260617.0,23400.0,Put,-,-,-,-,-,-,-,0,0,0,12,-,30,1000,0.3
TXO,202606,20260617.0,23600.0,Call,-,-,-,-,-,-,-,0,0,0,2,22060,22080,18920,8110
TXO,202606,20260617.0,23600.0,Put,0.3,0.3,0.3,0.3,-,▲+0.2,-,0,1,1,285,-,0.9,1050,0.1
TXO,202606,20260617.0,23800.0,Call,-,-,-,-,-,-,-,0,0,0,1,21860,21880,15590,3570
TXO,202606,20260617.0,23800.0,Put,-,-,-,-,-,-,-,0,0,0,241,-,100,1100,0.3
TXO,202606,20260617.0,24000.0,Call,-,-,-,-,-,-,-,0,0,0,0,21660,21680,-,-
TXO,202606,20260617.0,24000.0,Put,-,-,-,-,-,-,-,0,0,0,275,-,224,1150,0.2
TXO,202606,20260617.0,24200.0,Call,-,-,-,-,-,-,-,0,0,0,0,21460,21480,-,-
TXO,202606,20260617.0,24200.0,Put,-,-,-,-,-,-,-,0,0,0,97,-,100,1100,0.2
TXO,202606,20260617.0,24400.0,Call,-,-,-,-,-,-,-,0,0,0,0,21260,21280,4750,3560
TXO,202606,20260617.0,24400.0,Put,-,-,-,-,-,-,-,0,0,0,49,-,224,1260,0.5
TXO,202606,20260617.0,24600.0,Call,-,-,-,-,-,-,-,0,0,0,0,21060,21080,-,-
TXO,202606,20260617.0,24600.0,Put,-,-,-,-,-,-,-,0,0,0,68,-,103,1070,0.2
TXO,202606,20260617.0,24800.0,Call,-,-,-,-,-,-,-,0,0,0,0,20860,20880,-,-
TXO,202606,20260617.0,24800.0,Put,-,-,-,-,-,-,-,0,0,0,82,-,10.5,1100,0.5
TXO,202606,20260617.0,25000.0,Call,-,-,-,-,-,-,-,0,0,0,0,20660,20680,3300,2990
TXO,202606,20260617.0,25000.0,Put,-,-,-,-,-,-,-,0,0,0,674,-,0.5,1410,0.2
TXO,202606,20260617.0,25200.0,Call,-,-,-,-,-,-,-,0,0,0,0,20460,20480,-,-
TXO,202606,20260617.0,25200.0,Put,-,-,-,-,-,-,-,0,0,0,127,-,100,815,0.2
TXO,202606,20260617.0,25400.0,Call,-,-,-,-,-,-,-,0,0,0,1,20260,20280,17680,3190
TXO,202606,20260617.0,25400.0,Put,-,-,-,-,-,-,-,0,0,0,146,-,50,1310,0.6
TXO,202606,20260617.0,25600.0,Call,-,-,-,-,-,-,-,0,0,0,1,20060,20080,4580,1780
TXO,202606,20260617.0,25600.0,Put,-,-,-,-,-,-,-,0,0,0,182,-,100,1120,0.1
TXO,202606,20260617.0,25800.0,Call,-,-,-,-,-,-,-,0,0,0,1,19860,19880,3280,1920
TXO,202606,20260617.0,25800.0,Put,-,-,-,-,-,-,-,1,0,1,141,-,5,1500,0.2
TXO,202606,20260617.0,26000.0,Call,-,-,-,-,-,-,-,0,0,0,0,19660,19680,7200,1700
TXO,202606,20260617.0,26000.0,Put,-,-,-,-,-,-,-,0,0,0,240,-,219,1810,0.1
TXO,202606,20260617.0,26200.0,Call,-,-,-,-,-,-,-,0,0,0,2,19460,19480,5200,1450
TXO,202606,20260617.0,26200.0,Put,-,-,-,-,-,-,-,0,0,0,46,-,100,1700,0.2
TXO,202606,20260617.0,26400.0,Call,-,-,-,-,-,-,-,0,0,0,2,19260,19280,9620,1320
TXO,202606,20260617.0,26400.0,Put,-,-,-,-,-,-,-,0,0,0,47,-,100,1960,0.4
TXO,202606,20260617.0,26600.0,Call,-,-,-,-,-,-,-,0,0,0,10,19060,19080,9140,1250
TXO,202606,20260617.0,26600.0,Put,-,-,-,-,-,-,-,0,0,0,35,-,100,1940,0.2
TXO,202606,20260617.0,26800.0,Call,-,-,-,-,-,-,-,0,0,0,1,18860,18880,5300,1750
TXO,202606,20260617.0,26800.0,Put,-,-,-,-,-,-,-,0,0,0,32,-,224,2120,0.1
TXO,202606,20260617.0,26900.0,Call,-,-,-,-,-,-,-,0,0,0,0,18760,18780,-,-
TXO,202606,20260617.0,26900.0,Put,-,-,-,-,-,-,-,0,0,0,15,-,100,102,0.5
TXO,202606,20260617.0,27000.0,Call,-,-,-,-,-,-,-,0,0,0,9,18660,18680,8850,1020
TXO,202606,20260617.0,27000.0,Put,0.3,0.3,0.3,0.3,-,▲+0.2,-,0,1,1,128,-,224,2260,0.1
TXO,202606,20260617.0,27100.0,Call,-,-,-,-,-,-,-,0,0,0,0,18560,18580,-,-
TXO,202606,20260617.0,27100.0,Put,-,-,-,-,-,-,-,0,0,0,21,-,100,114,0.5
TXO,202606,20260617.0,27200.0,Call,-,-,-,-,-,-,-,0,0,0,17,18460,18480,8960,975
TXO,202606,20260617.0,27200.0,Put,-,-,-,-,-,-,-,0,0,0,34,-,100,2160,0.6
TXO,202606,20260617.0,27300.0,Call,-,-,-,-,-,-,-,0,0,0,0,18360,18380,-,-
TXO,202606,20260617.0,27300.0,Put,0.2,0.2,0.2,0.2,-,▲+0.1,-,0,1,1,48,-,100,194,0.1
TXO,202606,20260617.0,27400.0,Call,-,-,-,-,-,-,-,0,0,0,0,18260,18280,8760,950
TXO,202606,20260617.0,27400.0,Put,-,-,-,-,-,-,-,0,0,0,75,-,100,2200,0.1
TXO,202606,20260617.0,27500.0,Call,-,-,-,-,-,-,-,0,0,0,0,18160,18180,-,-
TXO,202606,20260617.0,27500.0,Put,-,-,-,-,-,-,-,0,0,0,36,-,6,103,0.1
TXO,202606,20260617.0,27600.0,Call,-,-,-,-,-,-,-,0,0,0,9,18060,18080,6740,970
TXO,202606,20260617.0,27600.0,Put,-,-,-,-,-,-,-,0,0,0,23,-,100,2090,0.1
TXO,202606,20260617.0,27700.0,Call,-,-,-,-,-,-,-,0,0,0,0,17960,17980,-,-
TXO,202606,20260617.0,27700.0,Put,-,-,-,-,-,-,-,0,0,0,11,0.1,100,109,0.2
TXO,202606,20260617.0,27800.0,Call,-,-,-,-,-,-,-,0,0,0,34,17860,17880,5440,790
TXO,202606,20260617.0,27800.0,Put,-,-,-,-,-,-,-,0,0,0,31,0.1,100,1890,0.6
TXO,202606,20260617.0,27900.0,Call,-,-,-,-,-,-,-,0,0,0,0,17760,17780,-,-
TXO,202606,20260617.0,27900.0,Put,-,-,-,-,-,-,-,0,0,0,11,0.1,100,126,0.7
TXO,202606,20260617.0,28000.0,Call,-,-,-,-,-,-,-,0,0,0,20,17660,17680,8220,760
TXO,202606,20260617.0,28000.0,Put,-,-,-,-,-,-,-,0,0,0,375,0.1,0.5,2580,0.3
TXO,202606,20260617.0,28100.0,Call,-,-,-,-,-,-,-,0,0,0,0,17560,17580,-,-
TXO,202606,20260617.0,28100.0,Put,-,-,-,-,-,-,-,0,0,0,26,0.1,224,101,0.8
TXO,202606,20260617.0,28200.0,Call,-,-,-,-,-,-,-,0,0,0,16,17460,17480,7130,730
TXO,202606,20260617.0,28200.0,Put,-,-,-,-,-,-,-,0,0,0,61,0.1,224,2300,0.6
TXO,202606,20260617.0,28300.0,Call,-,-,-,-,-,-,-,0,0,0,0,17360,17380,-,-
TXO,202606,20260617.0,28300.0,Put,-,-,-,-,-,-,-,0,0,0,85,0.1,224,240,0.5
TXO,202606,20260617.0,28400.0,Call,-,-,-,-,-,-,-,0,0,0,37,17260,17280,7140,650
TXO,202606,20260617.0,28400.0,Put,-,-,-,-,-,-,-,0,0,0,70,0.1,224,2470,0.3
TXO,202606,20260617.0,28500.0,Call,-,-,-,-,-,-,-,0,0,0,0,17160,17180,-,-
TXO,202606,20260617.0,28500.0,Put,-,-,-,-,-,-,-,0,0,0,9,0.1,100,880,1.4
TXO,202606,20260617.0,28600.0,Call,-,-,-,-,-,-,-,0,0,0,60,17060,17080,11180,860
TXO,202606,20260617.0,28600.0,Put,-,-,-,-,-,-,-,0,0,0,26,0.1,100,1950,0.3
TXO,202606,20260617.0,28700.0,Call,-,-,-,-,-,-,-,0,0,0,0,16960,16980,-,-
TXO,202606,20260617.0,28700.0,Put,-,-,-,-,-,-,-,0,0,0,11,0.1,35,160,0.2
TXO,202606,20260617.0,28800.0,Call,-,-,-,-,-,-,-,0,0,0,82,16860,16880,11260,550
TXO,202606,20260617.0,28800.0,Put,-,-,-,-,-,-,-,0,0,0,19,-,224,1010,0.4
TXO,202606,20260617.0,28900.0,Call,-,-,-,-,-,-,-,0,0,0,0,16760,16780,-,-
TXO,202606,20260617.0,28900.0,Put,-,-,-,-,-,-,-,0,0,0,89,0.1,100,305,0.2
TXO,202606,20260617.0,29000.0,Call,-,-,-,-,-,-,-,0,0,0,63,16660,16680,10930,615
TXO,202606,20260617.0,29000.0,Put,-,-,-,-,-,-,-,0,0,0,549,-,224,1530,0.1
TXO,202606,20260617.0,29100.0,Call,-,-,-,-,-,-,-,0,0,0,0,16560,16580,-,-
TXO,202606,20260617.0,29100.0,Put,-,-,-,-,-,-,-,0,0,0,172,0.1,224,755,0.2
TXO,202606,20260617.0,29200.0,Call,-,-,-,-,-,-,-,0,0,0,5,16460,16480,6430,560
TXO,202606,20260617.0,29200.0,Put,-,-,-,-,-,-,-,0,0,0,101,-,224,1370,2
TXO,202606,20260617.0,29300.0,Call,-,-,-,-,-,-,-,0,0,0,0,16360,16380,-,-
TXO,202606,20260617.0,29300.0,Put,-,-,-,-,-,-,-,0,0,0,106,-,2,925,0.8
TXO,202606,20260617.0,29400.0,Call,-,-,-,-,-,-,-,0,0,0,7,16260,16280,5490,560
TXO,202606,20260617.0,29400.0,Put,-,-,-,-,-,-,-,0,0,0,84,-,224,1440,0.2
TXO,202606,20260617.0,29500.0,Call,-,-,-,-,-,-,-,0,0,0,0,16160,16180,-,-
TXO,202606,20260617.0,29500.0,Put,-,-,-,-,-,-,-,1,0,1,237,-,224,970,0.2
TXO,202606,20260617.0,29600.0,Call,-,-,-,-,-,-,-,0,0,0,2,16060,16080,5150,690
TXO,202606,20260617.0,29600.0,Put,-,-,-,-,-,-,-,0,0,0,62,-,10.5,1270,1
TXO,202606,20260617.0,29700.0,Call,-,-,-,-,-,-,-,0,0,0,0,15960,15980,-,-
TXO,202606,20260617.0,29700.0,Put,-,-,-,-,-,-,-,0,0,0,12,-,5,775,1.3
TXO,202606,20260617.0,29800.0,Call,-,-,-,-,-,-,-,0,0,0,62,15860,15880,10280,350
TXO,202606,20260617.0,29800.0,Put,-,-,-,-,-,-,-,0,0,0,3,-,224,1080,3.1
TXO,202606,20260617.0,29900.0,Call,-,-,-,-,-,-,-,0,0,0,0,15760,15780,-,-
TXO,202606,20260617.0,29900.0,Put,-,-,-,-,-,-,-,0,0,0,698,-,1,408,0.3
TXO,202606,20260617.0,30000.0,Call,-,-,-,-,-,-,-,0,0,0,201,15660,15680,12720,265
TXO,202606,20260617.0,30000.0,Put,0.1,0.1,0.1,0.1,-,0,-,0,1,1,3233,-,0.1,3260,0.1
TXO,202606,20260617.0,30100.0,Call,-,-,-,-,-,-,-,0,0,0,11,15560,15580,9660,9600
TXO,202606,20260617.0,30100.0,Put,-,-,-,-,-,-,-,0,0,0,918,-,0.6,925,0.2
TXO,202606,20260617.0,30200.0,Call,-,-,-,-,-,-,-,0,0,0,24,15460,15480,3110,250
TXO,202606,20260617.0,30200.0,Put,-,-,-,-,-,-,-,0,0,0,52,-,224,1550,0.2
TXO,202606,20260617.0,30300.0,Call,-,-,-,-,-,-,-,0,0,0,0,15360,15380,-,-
TXO,202606,20260617.0,30300.0,Put,-,-,-,-,-,-,-,0,0,0,64,-,224,955,0.2
TXO,202606,20260617.0,30400.0,Call,-,-,-,-,-,-,-,0,0,0,3,15260,15280,3370,625
TXO,202606,20260617.0,30400.0,Put,-,-,-,-,-,-,-,0,0,0,57,-,100,4930,0.3
TXO,202606,20260617.0,30500.0,Call,-,-,-,-,-,-,-,0,0,0,0,15160,15180,-,-
TXO,202606,20260617.0,30500.0,Put,-,-,-,-,-,-,-,0,0,0,105,-,1,935,0.4
TXO,202606,20260617.0,30600.0,Call,-,-,-,-,-,-,-,0,0,0,1,15060,15080,5910,150
TXO,202606,20260617.0,30600.0,Put,0.2,0.2,0.2,0.2,-,▲+0.1,-,0,1,1,70,-,100,5260,0.2
TXO,202606,20260617.0,30700.0,Call,-,-,-,-,-,-,-,0,0,0,0,14960,14980,-,-
TXO,202606,20260617.0,30700.0,Put,-,-,-,-,-,-,-,0,0,0,72,0.1,100,360,0.2
TXO,202606,20260617.0,30800.0,Call,-,-,-,-,-,-,-,0,0,0,134,14860,14880,3330,150
TXO,202606,20260617.0,30800.0,Put,-,-,-,-,-,-,-,0,0,0,194,0.1,100,1750,0.2
TXO,202606,20260617.0,30900.0,Call,-,-,-,-,-,-,-,0,0,0,0,14760,14780,-,-
TXO,202606,20260617.0,30900.0,Put,0.1,0.1,0.1,0.1,-,0,-,0,1,1,113,-,97,550,0.1
TXO,202606,20260617.0,31000.0,Call,-,-,-,-,-,-,-,0,0,0,8,14660,14680,11150,150
TXO,202606,20260617.0,31000.0,Put,-,-,-,-,-,-,-,0,0,0,281,-,10,1800,0.1
TXO,202606,20260617.0,31100.0,Call,-,-,-,-,-,-,-,0,0,0,0,14560,14580,-,-
TXO,202606,20260617.0,31100.0,Put,-,-,-,-,-,-,-,0,0,0,107,-,3,299,0.2
TXO,202606,20260617.0,31200.0,Call,-,-,-,-,-,-,-,0,0,0,4,14460,14480,5350,230
TXO,202606,20260617.0,31200.0,Put,-,-,-,-,-,-,-,0,0,0,199,-,224,1610,0.2
TXO,202606,20260617.0,31300.0,Call,-,-,-,-,-,-,-,0,0,0,0,14360,14380,-,-
TXO,202606,20260617.0,31300.0,Put,0.2,0.2,0.2,0.2,-,▲+0.1,-,0,3,3,105,-,5,419,0.2
TXO,202606,20260617.0,31400.0,Call,-,-,-,-,-,-,-,0,0,0,15,14260,14280,6940,435
TXO,202606,20260617.0,31400.0,Put,0.2,0.2,0.2,0.2,-,▲+0.1,-,0,3,3,91,-,100,1640,0.2
TXO,202606,20260617.0,31500.0,Call,-,-,-,-,-,-,-,0,0,0,4,14160,14180,3290,2590
TXO,202606,20260617.0,31500.0,Put,0.2,0.2,0.2,0.2,-,▲+0.1,-,0,3,3,115,-,224,650,0.1
TXO,202606,20260617.0,31600.0,Call,-,-,-,-,-,-,-,0,0,0,1,14060,14080,11350,170
TXO,202606,20260617.0,31600.0,Put,-,-,-,-,-,-,-,0,0,0,136,-,100,4230,0.4
TXO,202606,20260617.0,31700.0,Call,-,-,-,-,-,-,-,0,0,0,0,13960,13980,-,-
TXO,202606,20260617.0,31700.0,Put,-,-,-,-,-,-,-,0,0,0,96,-,100,1750,0.4
TXO,202606,20260617.0,31800.0,Call,-,-,-,-,-,-,-,0,0,0,86,13860,13880,13350,222
TXO,202606,20260617.0,31800.0,Put,-,-,-,-,-,-,-,0,0,0,2471,-,100,4390,0.4
TXO,202606,20260617.0,31900.0,Call,-,-,-,-,-,-,-,0,0,0,0,13760,13780,-,-
TXO,202606,20260617.0,31900.0,Put,-,-,-,-,-,-,-,0,0,0,93,-,100,705,0.2
TXO,202606,20260617.0,32000.0,Call,-,-,-,-,-,-,-,0,0,0,153,13660,13680,13170,253
TXO,202606,20260617.0,32000.0,Put,0.2,0.2,0.2,0.2,-,▲+0.1,-,0,1,1,833,-,1,2250,0.1
TXO,202606,20260617.0,32100.0,Call,-,-,-,-,-,-,-,0,0,0,0,13560,13580,-,-
TXO,202606,20260617.0,32100.0,Put,-,-,-,-,-,-,-,0,0,0,176,-,5,1440,0.1
TXO,202606,20260617.0,32200.0,Call,-,-,-,-,-,-,-,0,0,0,86,13460,13480,8480,229
TXO,202606,20260617.0,32200.0,Put,-,-,-,-,-,-,-,0,0,0,191,-,224,2350,0.3
TXO,202606,20260617.0,32300.0,Call,-,-,-,-,-,-,-,0,0,0,0,13360,13380,2730,2730
TXO,202606,20260617.0,32300.0,Put,-,-,-,-,-,-,-,1,0,1,215,-,4.9,2040,0.2
TXO,202606,20260617.0,32400.0,Call,-,-,-,-,-,-,-,0,0,0,25,13260,13280,7880,220
TXO,202606,20260617.0,32400.0,Put,-,-,-,-,-,-,-,0,0,0,162,-,224,2400,0.3
TXO,202606,20260617.0,32500.0,Call,-,-,-,-,-,-,-,0,0,0,0,13160,13180,-,-
TXO,202606,20260617.0,32500.0,Put,-,-,-,-,-,-,-,1,0,1,273,-,0.4,2050,0.2
TXO,202606,20260617.0,32600.0,Call,-,-,-,-,-,-,-,0,0,0,121,13060,13080,7530,225
TXO,202606,20260617.0,32600.0,Put,-,-,-,-,-,-,-,0,0,0,359,-,100,2090,0.2
TXO,202606,20260617.0,32700.0,Call,-,-,-,-,-,-,-,0,0,0,0,12960,12980,2610,2160
TXO,202606,20260617.0,32700.0,Put,-,-,-,-,-,-,-,0,0,0,197,-,7.7,700,1.7
TXO,202606,20260617.0,32800.0,Call,-,-,-,-,-,-,-,0,0,0,6,12860,12880,4690,182
TXO,202606,20260617.0,32800.0,Put,0.2,0.2,0.2,0.2,-,▲+0.1,-,0,1,1,154,-,97,4970,0.2
TXO,202606,20260617.0,32900.0,Call,-,-,-,-,-,-,-,0,0,0,1,12760,12780,11080,1730
TXO,202606,20260617.0,32900.0,Put,-,-,-,-,-,-,-,0,0,0,193,-,100,715,1.4
TXO,202606,20260617.0,33000.0,Call,-,-,-,-,-,-,-,0,0,0,104,12660,12680,9670,171
TXO,202606,20260617.0,33000.0,Put,-,-,-,-,-,-,-,4,0,4,469,-,4.9,2710,0.1
TXO,202606,20260617.0,33100.0,Call,-,-,-,-,-,-,-,0,0,0,0,12560,12580,10010,1720
TXO,202606,20260617.0,33100.0,Put,-,-,-,-,-,-,-,0,0,0,331,-,224,2160,0.2
TXO,202606,20260617.0,33200.0,Call,-,-,-,-,-,-,-,0,0,0,4,12460,12480,9910,166
TXO,202606,20260617.0,33200.0,Put,-,-,-,-,-,-,-,0,0,0,222,-,100,2810,3.6
TXO,202606,20260617.0,33300.0,Call,-,-,-,-,-,-,-,0,0,0,0,12360,12380,1730,1310
TXO,202606,20260617.0,33300.0,Put,-,-,-,-,-,-,-,0,0,0,360,-,9.9,2210,0.2
TXO,202606,20260617.0,33400.0,Call,-,-,-,-,-,-,-,0,0,0,27,12260,12280,7970,140
TXO,202606,20260617.0,33400.0,Put,-,-,-,-,-,-,-,0,0,0,340,-,100,2320,3
TXO,202606,20260617.0,33500.0,Call,-,-,-,-,-,-,-,0,0,0,0,12160,12180,-,-
TXO,202606,20260617.0,33500.0,Put,0.2,0.2,0.2,0.2,-,▲+0.1,-,6,1,7,422,-,100,2300,0.2
TXO,202606,20260617.0,33600.0,Call,-,-,-,-,-,-,-,0,0,0,2,12060,12080,5030,150
TXO,202606,20260617.0,33600.0,Put,-,-,-,-,-,-,-,0,0,0,559,-,100,3260,0.2
TXO,202606,20260617.0,33700.0,Call,-,-,-,-,-,-,-,0,0,0,350,11960,11980,-,-
TXO,202606,20260617.0,33700.0,Put,-,-,-,-,-,-,-,0,0,0,2958,-,4,2400,0.2
TXO,202606,20260617.0,33800.0,Call,-,-,-,-,-,-,-,0,0,0,150,11860,11880,7540,140
TXO,202606,20260617.0,33800.0,Put,-,-,-,-,-,-,-,1,0,1,1426,-,100,3210,0.1
TXO,202606,20260617.0,33900.0,Call,-,-,-,-,-,-,-,0,0,0,2,11760,11780,1420,1380
TXO,202606,20260617.0,33900.0,Put,-,-,-,-,-,-,-,0,0,0,628,-,100,2060,0.2
TXO,202606,20260617.0,34000.0,Call,-,-,-,-,-,-,-,0,0,0,500,11660,11680,9870,150
TXO,202606,20260617.0,34000.0,Put,-,-,-,-,-,-,-,8,0,8,1116,-,0.4,3300,0.1
TXO,202606,20260617.0,34100.0,Call,-,-,-,-,-,-,-,0,0,0,0,11560,11580,3620,2340
TXO,202606,20260617.0,34100.0,Put,-,-,-,-,-,-,-,0,0,0,384,-,100,2120,0.2
TXO,202606,20260617.0,34200.0,Call,-,-,-,-,-,-,-,0,0,0,88,11460,11480,10070,107
TXO,202606,20260617.0,34200.0,Put,0.2,0.2,0.2,0.2,-,▲+0.1,-,0,3,3,384,0.1,50,1960,0.2
TXO,202606,20260617.0,34300.0,Call,-,-,-,-,-,-,-,0,0,0,0,11360,11380,1540,1540
TXO,202606,20260617.0,34300.0,Put,-,-,-,-,-,-,-,0,0,0,404,-,100,1420,0.2
TXO,202606,20260617.0,34400.0,Call,-,-,-,-,-,-,-,0,0,0,190,11260,11280,12430,141
TXO,202606,20260617.0,34400.0,Put,-,-,-,-,-,-,-,4,0,4,377,-,0.4,3140,0.2
TXO,202606,20260617.0,34500.0,Call,-,-,-,-,-,-,-,0,0,0,10,11160,11180,3800,1950
TXO,202606,20260617.0,34500.0,Put,-,-,-,-,-,-,-,0,0,0,238,0.1,0.4,1490,0.1
TXO,202606,20260617.0,34600.0,Call,-,-,-,-,-,-,-,0,0,0,43,11060,11080,7900,134
TXO,202606,20260617.0,34600.0,Put,0.2,0.2,0.2,0.2,-,▲+0.1,-,0,160,160,115,-,0.4,1640,0.2
TXO,202606,20260617.0,34700.0,Call,-,-,-,-,-,-,-,0,0,0,0,10960,10980,-,-
TXO,202606,20260617.0,34700.0,Put,0.2,0.2,0.2,0.2,-,▲+0.1,-,0,301,301,151,-,20,1570,0.1
TXO,202606,20260617.0,34800.0,Call,-,-,-,-,-,-,-,0,0,0,53,10860,10880,10210,153
TXO,202606,20260617.0,34800.0,Put,0.2,0.2,0.2,0.2,-,▲+0.1,-,1,440,441,414,-,224,2970,0.1
TXO,202606,20260617.0,34900.0,Call,-,-,-,-,-,-,-,0,0,0,15,10760,10780,6440,1250
TXO,202606,20260617.0,34900.0,Put,0.2,0.2,0.2,0.2,-,▲+0.1,-,0,390,390,203,-,100,2520,0.1
TXO,202606,20260617.0,35000.0,Call,-,-,-,-,-,-,-,0,0,0,187,10660,10680,6660,340
TXO,202606,20260617.0,35000.0,Put,0.2,0.2,0.2,0.2,-,▲+0.1,-,17,400,417,1589,-,0.2,3710,0.2
TXO,202606,20260617.0,35100.0,Call,-,-,-,-,-,-,-,0,0,0,12,10560,10580,6980,1600
TXO,202606,20260617.0,35100.0,Put,0.2,0.2,0.2,0.2,-,▲+0.1,-,1,21,22,133,-,15,3090,0.2
TXO,202606,20260617.0,35200.0,Call,-,-,-,-,-,-,-,0,0,0,18,10460,10480,7310,203
TXO,202606,20260617.0,35200.0,Put,0.2,0.2,0.2,0.2,-,▲+0.1,-,0,30,30,197,-,100,2900,0.2
TXO,202606,20260617.0,35300.0,Call,-,-,-,-,-,-,-,0,0,0,20,10360,10380,6080,1490
TXO,202606,20260617.0,35300.0,Put,0.2,0.2,0.2,0.2,-,▲+0.1,-,0,40,40,132,-,100,1390,0.2
TXO,202606,20260617.0,35400.0,Call,-,-,-,-,-,-,-,0,0,0,22,10260,10280,5990,181
TXO,202606,20260617.0,35400.0,Put,0.2,0.2,0.2,0.2,-,▲+0.1,-,0,120,120,202,-,100,1850,0.2
TXO,202606,20260617.0,35500.0,Call,-,-,-,-,-,-,-,0,0,0,100,10160,10180,6930,995
TXO,202606,20260617.0,35500.0,Put,0.2,0.2,0.2,0.2,-,▲+0.1,-,7,70,77,370,-,0.5,1910,0.2
TXO,202606,20260617.0,35600.0,Call,-,-,-,-,-,-,-,0,0,0,4,10060,10080,3940,580
TXO,202606,20260617.0,35600.0,Put,0.2,0.3,0.2,0.3,-,▲+0.2,-,0,45,45,387,0.1,20,4260,0.2
TXO,202606,20260617.0,35700.0,Call,-,-,-,-,-,-,-,0,0,0,15,9960,9980,1550,1410
TXO,202606,20260617.0,35700.0,Put,0.2,0.2,0.2,0.2,-,▲+0.1,-,0,40,40,269,-,0.4,1970,0.2
TXO,202606,20260617.0,35800.0,Call,-,-,-,-,-,-,-,0,0,0,3,9860,9880,7350,215
TXO,202606,20260617.0,35800.0,Put,0.2,0.2,0.2,0.2,-,▲+0.1,-,5,80,85,448,0.1,46,3300,0.2
TXO,202606,20260617.0,35900.0,Call,-,-,-,-,-,-,-,0,0,0,50,9760,9780,1200,1080
TXO,202606,20260617.0,35900.0,Put,0.2,0.2,0.2,0.2,-,▲+0.1,-,1,62,63,322,0.1,100,3110,0.2
TXO,202606,20260617.0,36000.0,Call,-,-,-,-,-,-,-,0,0,0,139,9660,9680,10300,278
TXO,202606,20260617.0,36000.0,Put,0.2,0.2,0.2,0.2,-,▲+0.1,-,6,31,37,5425,-,0.2,3640,0.1
TXO,202606,20260617.0,36100.0,Call,-,-,-,-,-,-,-,0,0,0,5,9560,9580,5500,960
TXO,202606,20260617.0,36100.0,Put,-,-,-,-,-,-,-,1,0,1,879,-,100,1300,0.2
TXO,202606,20260617.0,36200.0,Call,-,-,-,-,-,-,-,0,0,0,6,9460,9480,6600,381
TXO,202606,20260617.0,36200.0,Put,-,-,-,-,-,-,-,0,0,0,1140,0.1,100,1450,0.2
TXO,202606,20260617.0,36300.0,Call,-,-,-,-,-,-,-,0,0,0,5,9360,9380,6290,550
TXO,202606,20260617.0,36300.0,Put,0.2,0.2,0.2,0.2,-,▲+0.1,-,0,1,1,1179,-,100,1410,0.2
TXO,202606,20260617.0,36400.0,Call,-,-,-,-,-,-,-,0,0,0,16,9260,9280,9000,242
TXO,202606,20260617.0,36400.0,Put,-,-,-,-,-,-,-,2,0,2,924,-,100,1590,0.1
TXO,202606,20260617.0,36500.0,Call,-,-,-,-,-,-,-,0,0,0,1,9160,9180,9740,382
TXO,202606,20260617.0,36500.0,Put,0.2,0.2,0.2,0.2,-,▲+0.1,-,2,1,3,1260,-,8,1280,0.2
TXO,202606,20260617.0,36600.0,Call,-,-,-,-,-,-,-,0,0,0,28,9060,9080,2160,300
TXO,202606,20260617.0,36600.0,Put,-,-,-,-,-,-,-,0,0,0,746,-,0.2,960,0.2
TXO,202606,20260617.0,36700.0,Call,-,-,-,-,-,-,-,0,0,0,0,8960,8980,2230,800
TXO,202606,20260617.0,36700.0,Put,-,-,-,-,-,-,-,3,0,3,630,-,112,1690,0.2
TXO,202606,20260617.0,36800.0,Call,-,-,-,-,-,-,-,0,0,0,37,8860,8880,9300,145
TXO,202606,20260617.0,36800.0,Put,0.2,0.2,0.2,0.2,-,▲+0.1,-,2,1,3,591,-,0.1,1380,0.2
TXO,202606,20260617.0,36900.0,Call,-,-,-,-,-,-,-,0,0,0,4,8760,8780,4700,940
TXO,202606,20260617.0,36900.0,Put,-,-,-,-,-,-,-,2,0,2,298,-,10,1520,0.2
TXO,202606,20260617.0,37000.0,Call,-,-,-,-,-,-,-,0,0,0,116,8660,8680,9760,189
TXO,202606,20260617.0,37000.0,Put,0.2,0.2,0.1,0.2,-,▲+0.1,-,17,74,91,1218,-,0.2,2710,0.1
TXO,202606,20260617.0,37100.0,Call,-,-,-,-,-,-,-,0,0,0,1,8560,8580,5610,680
TXO,202606,20260617.0,37100.0,Put,-,-,-,-,-,-,-,2,0,2,284,-,0.4,1010,0.2
TXO,202606,20260617.0,37200.0,Call,-,-,-,-,-,-,-,0,0,0,11,8460,8480,7110,238
TXO,202606,20260617.0,37200.0,Put,0.2,0.2,0.2,0.2,-,▲+0.1,-,2,10,12,246,-,9,1650,0.2
TXO,202606,20260617.0,37300.0,Call,-,-,-,-,-,-,-,0,0,0,17,8360,8380,8570,336
TXO,202606,20260617.0,37300.0,Put,0.2,0.2,0.2,0.2,-,▲+0.1,-,0,11,11,229,0.1,100,1620,0.2
TXO,202606,20260617.0,37400.0,Call,7980,7980,7980,7980,-,▼-380,▼-4.55%,0,1,1,5,8260,8280,7980,220
TXO,202606,20260617.0,37400.0,Put,-,-,-,-,-,-,-,2,0,2,206,0.1,5,1200,0.2
TXO,202606,20260617.0,37500.0,Call,-,-,-,-,-,-,-,0,0,0,12,8160,8180,8070,271
TXO,202606,20260617.0,37500.0,Put,0.2,0.3,0.2,0.2,-,▲+0.1,-,8,27,35,679,0.1,100,1860,0.2
TXO,202606,20260617.0,37600.0,Call,-,-,-,-,-,-,-,0,0,0,13,8060,8080,8880,475
TXO,202606,20260617.0,37600.0,Put,0.2,0.2,0.1,0.1,-,0,-,1,2,3,424,-,0.3,1680,0.1
TXO,202606,20260617.0,37700.0,Call,-,-,-,-,-,-,-,0,0,0,12,7960,7980,4150,530
TXO,202606,20260617.0,37700.0,Put,0.2,0.2,0.1,0.1,-,0,-,3,2,5,1404,-,78,1630,0.1
TXO,202606,20260617.0,37800.0,Call,-,-,-,-,-,-,-,0,0,0,4,7860,7880,7300,237
TXO,202606,20260617.0,37800.0,Put,0.2,0.2,0.2,0.2,-,▲+0.1,-,3,1,4,518,0.1,0.3,2000,0.2
TXO,202606,20260617.0,37900.0,Call,-,-,-,-,-,-,-,0,0,0,60,7760,7780,8140,1250
TXO,202606,20260617.0,37900.0,Put,0.2,0.2,0.2,0.2,-,▲+0.1,-,1,32,33,509,-,1.1,1850,0.2
TXO,202606,20260617.0,38000.0,Call,-,-,-,-,-,-,-,0,0,0,154,7660,7680,7200,144
TXO,202606,20260617.0,38000.0,Put,0.2,0.2,0.2,0.2,-,▲+0.1,-,14,169,183,1807,-,0.2,2630,0.2
TXO,202606,20260617.0,38100.0,Call,-,-,-,-,-,-,-,0,0,0,11,7560,7580,5950,660
TXO,202606,20260617.0,38100.0,Put,0.2,0.2,0.2,0.2,-,▲+0.1,-,1,27,28,452,-,20,1630,0.2
TXO,202606,20260617.0,38200.0,Call,-,-,-,-,-,-,-,0,0,0,69,7460,7480,9010,150
TXO,202606,20260617.0,38200.0,Put,0.2,0.2,0.2,0.2,-,0,0%,4,4,8,304,-,0.2,1570,0.2
TXO,202606,20260617.0,38300.0,Call,-,-,-,-,-,-,-,0,0,0,10,7360,7380,3560,735
TXO,202606,20260617.0,38300.0,Put,0.2,0.2,0.2,0.2,-,0,0%,5,60,65,359,-,1,1470,0.1
TXO,202606,20260617.0,38400.0,Call,-,-,-,-,-,-,-,0,0,0,2,7260,7280,6900,212
TXO,202606,20260617.0,38400.0,Put,0.2,0.2,0.2,0.2,-,0,0%,8,50,58,444,-,100,1640,0.2
TXO,202606,20260617.0,38500.0,Call,-,-,-,-,-,-,-,0,0,0,101,7160,7180,4200,116
TXO,202606,20260617.0,38500.0,Put,0.2,0.3,0.2,0.2,-,0,0%,7,12,19,712,-,5,1720,0.2
TXO,202606,20260617.0,38600.0,Call,-,-,-,-,-,-,-,0,0,0,203,7060,7080,4230,145
TXO,202606,20260617.0,38600.0,Put,0.3,0.3,0.2,0.2,-,0,0%,4,32,36,179,-,15,1910,0.1
TXO,202606,20260617.0,38700.0,Call,-,-,-,-,-,-,-,0,0,0,101,6960,6980,4050,880
TXO,202606,20260617.0,38700.0,Put,-,-,-,-,-,-,-,10,0,10,1079,-,100,1630,0.1
TXO,202606,20260617.0,38800.0,Call,-,-,-,-,-,-,-,0,0,0,24,6860,6880,7040,118
TXO,202606,20260617.0,38800.0,Put,0.1,0.1,0.1,0.1,-,▼-0.1,▼-50.00%,17,1,18,152,-,224,1630,0.1
TXO,202606,20260617.0,38900.0,Call,-,-,-,-,-,-,-,0,0,0,3,6760,6780,3590,1050
TXO,202606,20260617.0,38900.0,Put,0.1,0.2,0.1,0.2,-,0,0%,8,4,12,190,-,60,2290,0.1
TXO,202606,20260617.0,39000.0,Call,-,-,-,-,-,-,-,0,0,0,272,6660,6680,7120,89
TXO,202606,20260617.0,39000.0,Put,0.3,0.3,0.1,0.1,-,▼-0.1,▼-50.00%,22,12,34,2023,-,0.2,2550,0.1
TXO,202606,20260617.0,39100.0,Call,-,-,-,-,-,-,-,0,0,0,10,6560,6580,6680,320
TXO,202606,20260617.0,39100.0,Put,-,-,-,-,-,-,-,5,0,5,88,-,0.2,1690,0.1
TXO,202606,20260617.0,39200.0,Call,-,-,-,-,-,-,-,0,0,0,60,6460,6480,5650,230
TXO,202606,20260617.0,39200.0,Put,0.2,0.2,0.2,0.2,-,0,0%,9,4,13,101,-,10,1860,0.2
TXO,202606,20260617.0,39300.0,Call,-,-,-,-,-,-,-,0,0,0,6,6360,6380,5820,750
TXO,202606,20260617.0,39300.0,Put,0.1,0.2,0.1,0.2,-,0,0%,6,4,10,1108,-,0.9,1240,0.1
TXO,202606,20260617.0,39400.0,Call,-,-,-,-,-,-,-,0,0,0,69,6260,6280,6940,121
TXO,202606,20260617.0,39400.0,Put,0.2,0.2,0.2,0.2,-,0,0%,6,1,7,165,-,11,1340,0.2
TXO,202606,20260617.0,39500.0,Call,-,-,-,-,-,-,-,0,0,0,309,6160,6180,6680,195
TXO,202606,20260617.0,39500.0,Put,-,-,-,-,-,-,-,34,0,34,1871,0.1,0.2,1870,0.1
TXO,202606,20260617.0,39600.0,Call,-,-,-,-,-,-,-,0,0,0,63,6060,6080,7300,104
TXO,202606,20260617.0,39600.0,Put,-,-,-,-,-,-,-,15,0,15,287,-,0.9,1850,0.2
TXO,202606,20260617.0,39700.0,Call,5520,5520,5520,5520,-,▼-540,▼-8.91%,0,1,1,1,5960,5980,6380,247
TXO,202606,20260617.0,39700.0,Put,-,-,-,-,-,-,-,4,0,4,310,-,0.2,2020,0.1
TXO,202606,20260617.0,39800.0,Call,-,-,-,-,-,-,-,0,0,0,22,5860,5880,7170,74
TXO,202606,20260617.0,39800.0,Put,0.2,0.2,0.2,0.2,-,0,0%,8,5,13,330,-,15,1500,0.2
TXO,202606,20260617.0,39900.0,Call,-,-,-,-,-,-,-,0,0,0,7,5760,5780,4920,226
TXO,202606,20260617.0,39900.0,Put,0.2,0.2,0.2,0.2,-,0,0%,6,21,27,652,-,0.6,1950,0.2
TXO,202606,20260617.0,40000.0,Call,-,-,-,-,-,-,-,0,0,0,468,5660,5680,6900,50
TXO,202606,20260617.0,40000.0,Put,0.2,0.2,0.1,0.1,-,▼-0.1,▼-50.00%,242,7,249,5685,-,0.1,3330,0.1
TXO,202606,20260617.0,40100.0,Call,-,-,-,-,-,-,-,0,0,0,215,5560,5580,6760,495
TXO,202606,20260617.0,40100.0,Put,-,-,-,-,-,-,-,13,0,13,419,0.1,5,1870,0.2
TXO,202606,20260617.0,40200.0,Call,5450,5450,5450,5450,-,▼-110,▼-1.98%,0,1,1,106,5460,5480,6660,50
TXO,202606,20260617.0,40200.0,Put,0.1,0.1,0.1,0.1,-,▼-0.1,▼-50.00%,4,2,6,374,0.1,0.2,1660,0.1
TXO,202606,20260617.0,40300.0,Call,-,-,-,-,-,-,-,2,0,2,14,5360,5380,5360,494
TXO,202606,20260617.0,40300.0,Put,-,-,-,-,-,-,-,4,0,4,251,-,0.9,2330,0.2
TXO,202606,20260617.0,40400.0,Call,4850,5100,4850,5100,-,▼-260,▼-4.85%,0,5,5,39,5260,5280,5200,47
TXO,202606,20260617.0,40400.0,Put,-,-,-,-,-,-,-,14,0,14,262,-,0.1,2550,0.2
TXO,202606,20260617.0,40500.0,Call,5060,5060,5060,5060,-,▼-200,▼-3.80%,2,1,3,123,5160,5180,6300,391
TXO,202606,20260617.0,40500.0,Put,-,-,-,-,-,-,-,13,0,13,996,-,0.6,2790,0.2
TXO,202606,20260617.0,40600.0,Call,-,-,-,-,-,-,-,0,0,0,46,5060,5080,5700,33.5
TXO,202606,20260617.0,40600.0,Put,0.2,0.2,0.2,0.2,-,0,0%,32,4,36,276,-,0.2,2400,0.2
TXO,202606,20260617.0,40700.0,Call,-,-,-,-,-,-,-,0,0,0,48,4960,4980,6300,283
TXO,202606,20260617.0,40700.0,Put,0.2,0.2,0.2,0.2,-,▼-0.1,▼-33.33%,140,31,171,352,-,3,1700,0.2
TXO,202606,20260617.0,40800.0,Call,-,-,-,-,-,-,-,0,0,0,33,4860,4880,6430,45
TXO,202606,20260617.0,40800.0,Put,0.2,0.2,0.2,0.2,-,▼-0.1,▼-33.33%,11,106,117,680,-,1,2250,0.2
TXO,202606,20260617.0,40900.0,Call,4510,4510,4510,4510,-,▼-350,▼-7.20%,0,5,5,62,4760,4780,5980,315
TXO,202606,20260617.0,40900.0,Put,0.2,0.2,0.2,0.2,-,▼-0.2,▼-50.00%,23,210,233,411,-,0.5,2570,0.1
TXO,202606,20260617.0,41000.0,Call,4380,4500,4380,4460,-,▼-300,▼-6.30%,2,32,34,269,4660,4680,5880,31
TXO,202606,20260617.0,41000.0,Put,0.3,0.3,0.2,0.2,-,▼-0.2,▼-50.00%,417,160,577,2643,-,0.2,2770,0.1
TXO,202606,20260617.0,41100.0,Call,-,-,-,-,-,-,-,1,0,1,131,4560,4580,5920,470
TXO,202606,20260617.0,41100.0,Put,0.2,0.2,0.2,0.2,-,▼-0.3,▼-60.00%,22,167,189,745,0.1,8.8,2000,0.1
TXO,202606,20260617.0,41200.0,Call,-,-,-,-,-,-,-,0,0,0,591,4460,4480,5670,238
TXO,202606,20260617.0,41200.0,Put,0.2,0.2,0.2,0.2,-,▼-0.3,▼-60.00%,49,111,160,483,-,0.3,2360,0.1
TXO,202606,20260617.0,41300.0,Call,-,-,-,-,-,-,-,0,0,0,280,4360,4380,5590,414
TXO,202606,20260617.0,41300.0,Put,0.4,0.4,0.2,0.2,-,▼-0.3,▼-60.00%,25,197,222,578,-,0.6,2810,0.2
TXO,202606,20260617.0,41400.0,Call,3850,3990,3850,3850,-,▼-510,▼-11.70%,0,7,7,441,4260,4280,5490,49
TXO,202606,20260617.0,41400.0,Put,0.2,0.2,0.2,0.2,-,▼-0.5,▼-71.43%,17,50,67,813,-,0.6,2870,0.2
TXO,202606,20260617.0,41500.0,Call,3740,4140,3740,4140,-,▼-120,▼-2.82%,0,3,3,176,4160,4180,5370,212
TXO,202606,20260617.0,41500.0,Put,0.4,0.4,0.1,0.2,-,▼-0.5,▼-71.43%,169,231,400,1473,-,0.3,2740,0.1
TXO,202606,20260617.0,41600.0,Call,3570,3570,3570,3570,-,▼-590,▼-14.18%,0,1,1,108,4060,4080,5280,198
TXO,202606,20260617.0,41600.0,Put,0.4,0.4,0.2,0.2,-,▼-0.6,▼-75.00%,37,54,91,600,-,0.6,2310,0.2
TXO,202606,20260617.0,41700.0,Call,3620,3620,3620,3620,-,▼-440,▼-10.84%,0,1,1,98,3970,3980,4580,191
TXO,202606,20260617.0,41700.0,Put,0.3,0.3,0.1,0.2,-,▼-0.8,▼-80.00%,53,176,229,628,-,0.6,3060,0.1
TXO,202606,20260617.0,41800.0,Call,-,-,-,-,-,-,-,0,0,0,235,3860,3880,4350,22.5
TXO,202606,20260617.0,41800.0,Put,0.3,0.3,0.1,0.2,-,▼-1,▼-83.33%,47,300,347,647,-,0.6,8010,0.1
TXO,202606,20260617.0,41900.0,Call,-,-,-,-,-,-,-,0,0,0,65,3760,3780,4410,272
TXO,202606,20260617.0,41900.0,Put,0.6,0.6,0.2,0.2,-,▼-1.1,▼-84.62%,35,161,196,361,-,0.6,3400,0.2
TXO,202606,20260617.0,41950.0,Call,-,-,-,-,-,-,-,0,0,0,0,3710,3730,-,-
TXO,202606,20260617.0,41950.0,Put,0.2,0.2,0.2,0.2,-,▼-1.2,▼-85.71%,5,22,27,132,-,0.6,885,0.2
TXO,202606,20260617.0,42000.0,Call,3450,3660,3440,3660,-,▼-110,▼-2.92%,0,7,7,260,3660,3680,4600,20
TXO,202606,20260617.0,42000.0,Put,0.5,0.5,0.2,0.2,-,▼-1.2,▼-85.71%,368,229,597,3117,-,0.2,3420,0.2
TXO,202606,20260617.0,42050.0,Call,-,-,-,-,-,-,-,0,0,0,1,3610,3630,1780,1720
TXO,202606,20260617.0,42050.0,Put,0.5,0.5,0.2,0.2,-,▼-1.3,▼-86.67%,27,34,61,187,-,0.6,900,0.2
TXO,202606,20260617.0,42100.0,Call,-,-,-,-,-,-,-,0,0,0,62,3560,3580,4050,150
TXO,202606,20260617.0,42100.0,Put,0.3,0.3,0.2,0.2,-,▼-1.5,▼-88.24%,18,12,30,402,-,0.6,2510,0.2
TXO,202606,20260617.0,42150.0,Call,-,-,-,-,-,-,-,0,0,0,0,3510,3530,1230,1230
TXO,202606,20260617.0,42150.0,Put,0.2,0.2,0.2,0.2,-,▼-1.6,▼-88.89%,2,15,17,217,-,0.6,915,0.2
TXO,202606,20260617.0,42200.0,Call,3040,3040,3040,3040,-,▼-530,▼-14.85%,0,2,2,48,3460,3480,4740,17
TXO,202606,20260617.0,42200.0,Put,0.3,0.6,0.2,0.2,-,▼-1.6,▼-88.89%,26,55,81,1021,-,0.6,9290,0.2
TXO,202606,20260617.0,42250.0,Call,-,-,-,-,-,-,-,0,0,0,5,3410,3430,2220,1040
TXO,202606,20260617.0,42250.0,Put,0.3,0.3,0.2,0.2,-,▼-1.9,▼-90.48%,1,13,14,100,-,0.6,1050,0.2
TXO,202606,20260617.0,42300.0,Call,-,-,-,-,-,-,-,0,0,0,72,3360,3380,4650,188
TXO,202606,20260617.0,42300.0,Put,0.3,0.3,0.2,0.2,-,▼-2.1,▼-91.30%,31,52,83,561,-,0.6,2690,0.2
TXO,202606,20260617.0,42350.0,Call,-,-,-,-,-,-,-,0,0,0,2,3310,3330,1000,995
TXO,202606,20260617.0,42350.0,Put,0.2,0.2,0.2,0.2,-,▼-2.3,▼-92.00%,9,12,21,107,-,0.6,1080,0.2
TXO,202606,20260617.0,42400.0,Call,3000,3000,3000,3000,-,▼-370,▼-10.98%,1,2,3,367,3260,3280,4580,0.6
TXO,202606,20260617.0,42400.0,Put,0.4,0.4,0.2,0.2,-,▼-2.4,▼-92.31%,47,76,123,512,-,0.6,10600,0.2
TXO,202606,20260617.0,42450.0,Call,-,-,-,-,-,-,-,0,0,0,0,3210,3230,1290,1090
TXO,202606,20260617.0,42450.0,Put,0.2,0.2,0.2,0.2,-,▼-2.5,▼-92.59%,11,13,24,87,-,0.6,1150,0.2
TXO,202606,20260617.0,42500.0,Call,2790,3000,2410,2620,-,▼-650,▼-19.88%,3,201,204,494,3160,3180,4450,224
TXO,202606,20260617.0,42500.0,Put,0.5,2.9,0.1,0.2,-,▼-2.6,▼-92.86%,138,220,358,1378,-,0.6,3580,0.1
TXO,202606,20260617.0,42550.0,Call,-,-,-,-,-,-,-,0,0,0,3,3110,3130,2150,920
TXO,202606,20260617.0,42550.0,Put,0.6,0.7,0.1,0.2,-,▼-2.7,▼-93.10%,15,30,45,138,-,0.5,1170,0.1
TXO,202606,20260617.0,42600.0,Call,2870,2870,2800,2800,-,▼-370,▼-11.67%,1,11,12,68,3070,3080,3940,8
TXO,202606,20260617.0,42600.0,Put,0.3,0.8,0.1,0.2,-,▼-2.8,▼-93.33%,74,230,304,662,-,0.6,3000,0.1
TXO,202606,20260617.0,42650.0,Call,-,-,-,-,-,-,-,0,0,0,0,3010,3030,-,-
TXO,202606,20260617.0,42650.0,Put,0.6,0.7,0.2,0.2,-,▼-2.9,▼-93.55%,18,20,38,99,-,0.6,1070,0.2
TXO,202606,20260617.0,42700.0,Call,2780,2780,2680,2680,-,▼-390,▼-12.70%,4,10,14,246,2960,2980,4230,184
TXO,202606,20260617.0,42700.0,Put,0.4,0.5,0.1,0.2,-,▼-3,▼-93.75%,103,40,143,423,-,0.1,2930,0.1
TXO,202606,20260617.0,42750.0,Call,-,-,-,-,-,-,-,0,0,0,25,2910,2930,1880,750
TXO,202606,20260617.0,42750.0,Put,0.1,0.7,0.1,0.2,-,▼-3.4,▼-94.44%,29,47,76,149,-,0.6,1200,0.1
TXO,202606,20260617.0,42800.0,Call,-,-,-,-,-,-,-,1,0,1,130,2860,2880,4110,105
TXO,202606,20260617.0,42800.0,Put,0.4,0.9,0.1,0.2,-,▼-3.4,▼-94.44%,153,123,276,540,-,0.2,3000,0.1
TXO,202606,20260617.0,42850.0,Call,-,-,-,-,-,-,-,0,0,0,1,2810,2830,1430,690
TXO,202606,20260617.0,42850.0,Put,0.3,0.3,0.2,0.2,-,▼-3.9,▼-95.12%,49,11,60,94,-,0.6,1200,0.2
TXO,202606,20260617.0,42900.0,Call,-,-,-,-,-,-,-,3,0,3,74,2760,2780,4060,320
TXO,202606,20260617.0,42900.0,Put,0.4,0.7,0.2,0.2,-,▼-4.3,▼-95.56%,213,53,266,425,-,0.2,3500,0.2
TXO,202606,20260617.0,42950.0,Call,-,-,-,-,-,-,-,0,0,0,9,2710,2730,1360,640
TXO,202606,20260617.0,42950.0,Put,3,3,0.1,0.2,-,▼-4.6,▼-95.83%,62,58,120,231,-,0.6,1380,0.1
TXO,202606,20260617.0,43000.0,Call,2350,2600,2350,2600,-,▼-170,▼-6.14%,8,68,76,633,2670,2680,4160,258
TXO,202606,20260617.0,43000.0,Put,3.3,3.3,0.1,0.2,-,▼-4.6,▼-95.83%,1146,473,1619,3638,-,0.2,4140,0.1
TXO,202606,20260617.0,43050.0,Call,-,-,-,-,-,-,-,0,0,0,7,2610,2630,2880,730
TXO,202606,20260617.0,43050.0,Put,1.1,1.1,0.2,0.4,-,▼-4.8,▼-92.31%,47,129,176,327,-,0.5,1360,0.2
TXO,202606,20260617.0,43100.0,Call,-,-,-,-,-,-,-,5,0,5,59,2560,2580,3820,222
TXO,202606,20260617.0,43100.0,Put,0.7,1.1,0.1,0.5,-,▼-4.7,▼-90.38%,94,311,405,584,-,0.3,2950,0.1
TXO,202606,20260617.0,43150.0,Call,-,-,-,-,-,-,-,0,0,0,7,2510,2530,2800,610
TXO,202606,20260617.0,43150.0,Put,1.5,1.5,0.1,0.2,-,▼-5.4,▼-96.43%,57,104,161,123,0.1,2.1,1340,0.1
TXO,202606,20260617.0,43200.0,Call,-,-,-,-,-,-,-,4,0,4,95,2460,2480,3260,200
TXO,202606,20260617.0,43200.0,Put,1,2.4,0.1,0.1,-,▼-6.2,▼-98.41%,179,1457,1636,1085,-,0.2,3320,0.1
TXO,202606,20260617.0,43250.0,Call,-,-,-,-,-,-,-,2,0,2,55,2410,2430,2430,535
TXO,202606,20260617.0,43250.0,Put,1.9,1.9,0.2,0.2,-,▼-6.3,▼-96.92%,63,93,156,350,-,18,1360,0.2
TXO,202606,20260617.0,43300.0,Call,2060,2350,2060,2350,-,▼-120,▼-4.86%,2,8,10,70,2360,2380,3340,171
TXO,202606,20260617.0,43300.0,Put,1,1.9,0.2,0.2,-,▼-6.6,▼-97.06%,570,1470,2040,1286,-,0.2,3360,0.2
TXO,202606,20260617.0,43350.0,Call,-,-,-,-,-,-,-,0,0,0,21,2310,2330,2340,790
TXO,202606,20260617.0,43350.0,Put,1,1.9,0.2,0.2,-,▼-6.8,▼-97.14%,89,97,186,272,-,0.6,1480,0.2
TXO,202606,20260617.0,43400.0,Call,-,-,-,-,-,-,-,1,0,1,283,2260,2280,3310,187
TXO,202606,20260617.0,43400.0,Put,2.1,2.2,0.1,0.2,-,▼-7.7,▼-97.47%,276,153,429,1130,-,0.2,3300,0.1
TXO,202606,20260617.0,43450.0,Call,-,-,-,-,-,-,-,0,0,0,11,2210,2230,2340,473
TXO,202606,20260617.0,43450.0,Put,2,2.5,0.2,0.2,-,▼-7.8,▼-97.50%,124,102,226,441,-,6,1490,0.2
TXO,202606,20260617.0,43500.0,Call,1730,2180,1650,2160,-,▼-110,▼-4.85%,6,75,81,312,2160,2180,3550,159
TXO,202606,20260617.0,43500.0,Put,2.7,4,0.1,0.2,-,▼-9.7,▼-97.98%,841,645,1486,1615,-,0.2,3600,0.1
TXO,202606,20260617.0,43550.0,Call,-,-,-,-,-,-,-,0,0,0,15,2110,2130,1650,452
TXO,202606,20260617.0,43550.0,Put,2.9,3,0.2,0.2,-,▼-9.7,▼-97.98%,94,174,268,772,-,11.5,1720,0.2
TXO,202606,20260617.0,43600.0,Call,1950,2060,1950,2060,-,▼-110,▼-5.07%,3,3,6,157,2070,2080,3490,151
TXO,202606,20260617.0,43600.0,Put,3.7,3.7,0.2,0.2,-,▼-10.3,▼-98.10%,452,558,1010,1615,-,0.4,3020,0.2
TXO,202606,20260617.0,43650.0,Call,-,-,-,-,-,-,-,0,0,0,23,2010,2030,2500,580
TXO,202606,20260617.0,43650.0,Put,2.4,3.1,0.1,0.2,-,▼-10.8,▼-98.18%,231,297,528,307,-,10.5,1340,0.1
TXO,202606,20260617.0,43700.0,Call,1650,1970,1630,1970,-,▼-110,▼-5.29%,6,40,46,114,1960,1980,3080,203
TXO,202606,20260617.0,43700.0,Put,2.1,3.1,0.2,0.2,-,▼-11.8,▼-98.33%,412,435,847,903,-,2.5,2210,0.2
TXO,202606,20260617.0,43750.0,Call,-,-,-,-,-,-,-,0,0,0,23,1910,1930,2300,456
TXO,202606,20260617.0,43750.0,Put,2.9,5,0.1,0.2,-,▼-12.8,▼-98.46%,285,741,1026,506,-,1.2,1730,0.1
TXO,202606,20260617.0,43800.0,Call,1650,1870,1410,1860,-,▼-120,▼-6.06%,8,18,26,613,1860,1880,3380,206
TXO,202606,20260617.0,43800.0,Put,4,5.2,0.1,0.1,-,▼-12.9,▼-99.23%,652,829,1481,1034,-,0.1,2000,0.1
TXO,202606,20260617.0,43850.0,Call,1490,1630,1150,1450,-,▼-480,▼-24.87%,6,9,15,44,1810,1830,2390,358
TXO,202606,20260617.0,43850.0,Put,4,5,0.2,0.3,-,▼-14.7,▼-98.00%,199,664,863,440,-,0.3,1190,0.2
TXO,202606,20260617.0,43900.0,Call,1650,1650,1650,1650,-,▼-230,▼-12.23%,1,1,2,170,1760,1780,3080,169
TXO,202606,20260617.0,43900.0,Put,5.2,5.6,0.1,0.1,-,▼-15.4,▼-99.35%,409,881,1290,1043,-,0.3,2190,0.1
TXO,202606,20260617.0,43950.0,Call,-,-,-,-,-,-,-,0,0,0,40,1710,1730,2140,430
TXO,202606,20260617.0,43950.0,Put,5.2,6.5,0.1,0.2,-,▼-15.8,▼-98.75%,375,886,1261,812,-,1.1,1420,0.1
TXO,202606,20260617.0,44000.0,Call,1330,1670,1190,1670,-,▼-110,▼-6.18%,106,51,157,927,1660,1680,3210,155
TXO,202606,20260617.0,44000.0,Put,6,9.9,0.1,0.2,-,▼-17.8,▼-98.89%,3677,3177,6854,3963,-,0.2,3870,0.1
TXO,202606,20260617.0,44050.0,Call,-,-,-,-,-,-,-,1,0,1,44,1610,1630,2090,359
TXO,202606,20260617.0,44050.0,Put,7.8,8.8,0.2,0.2,-,▼-19.8,▼-99.00%,423,959,1382,559,-,8,1210,0.2
TXO,202606,20260617.0,44100.0,Call,1250,1560,1220,1560,-,▼-130,▼-7.69%,23,3,26,82,1560,1580,2740,100
TXO,202606,20260617.0,44100.0,Put,10,11,0.1,0.2,-,▼-21.3,▼-99.07%,1009,1420,2429,953,-,0.2,2170,0.1
TXO,202606,20260617.0,44150.0,Call,1300,1300,1300,1300,-,▼-340,▼-20.73%,3,1,4,65,1510,1530,2130,351
TXO,202606,20260617.0,44150.0,Put,6.8,12.5,0.2,0.2,-,▼-23.3,▼-99.15%,580,897,1477,700,-,1.8,2100,0.2
TXO,202606,20260617.0,44200.0,Call,1030,1450,1030,1450,-,▼-140,▼-8.81%,20,3,23,185,1460,1480,2990,142
TXO,202606,20260617.0,44200.0,Put,10,16.5,0.1,0.1,-,▼-24.9,▼-99.60%,1197,2335,3532,1938,0.1,0.2,2330,0.1
TXO,202606,20260617.0,44250.0,Call,1100,1420,1100,1420,-,▼-120,▼-7.79%,6,27,33,56,1410,1430,2010,330
TXO,202606,20260617.0,44250.0,Put,9.4,16.5,0.1,0.1,-,▼-27.4,▼-99.64%,727,842,1569,640,0.1,1.6,1910,0.1
TXO,202606,20260617.0,44300.0,Call,990,1330,900,1330,-,▼-160,▼-10.74%,15,7,22,205,1360,1380,2600,123
TXO,202606,20260617.0,44300.0,Put,10.5,21,0.2,0.2,-,▼-28.8,▼-99.31%,1669,1790,3459,1366,0.1,0.4,2430,0.2
TXO,202606,20260617.0,44350.0,Call,1010,1010,1010,1010,-,▼-440,▼-30.34%,5,2,7,63,1310,1330,1830,287
TXO,202606,20260617.0,44350.0,Put,14.5,22.5,0.2,0.2,-,▼-31.8,▼-99.38%,843,1471,2314,775,0.1,1.9,2040,0.2
TXO,202606,20260617.0,44400.0,Call,865,1260,770,1260,-,▼-140,▼-10.00%,29,17,46,141,1260,1280,2780,117
TXO,202606,20260617.0,44400.0,Put,26,28,0.1,0.2,-,▼-34.3,▼-99.42%,1990,3475,5465,2289,0.1,0.4,3190,0.1
TXO,202606,20260617.0,44450.0,Call,-,-,-,-,-,-,-,0,0,0,81,1210,1230,1810,210
TXO,202606,20260617.0,44450.0,Put,12,32.5,0.2,0.2,-,▼-36.8,▼-99.46%,1105,1377,2482,690,0.1,0.3,2170,0.2
TXO,202606,20260617.0,44500.0,Call,840,1080,680,1060,-,▼-240,▼-18.46%,59,93,152,575,1160,1180,2830,123
TXO,202606,20260617.0,44500.0,Put,30,37.5,0.2,0.2,-,▼-40.3,▼-99.51%,5818,5277,11095,2595,-,0.4,4180,0.2
TXO,202606,20260617.0,44550.0,Call,-,-,-,-,-,-,-,1,0,1,58,1110,1130,1610,258
TXO,202606,20260617.0,44550.0,Put,25.5,41,0.2,0.3,-,▼-44.2,▼-99.33%,798,1540,2338,523,0.1,2,1320,0.2
TXO,202606,20260617.0,44600.0,Call,835,900,720,900,-,▼-310,▼-25.62%,54,18,72,151,1060,1080,2800,109
TXO,202606,20260617.0,44600.0,Put,48,49.5,0.1,0.1,-,▼-47.9,▼-99.79%,2679,3985,6664,1363,-,1,2500,0.1
TXO,202606,20260617.0,44650.0,Call,585,925,498,925,-,▼-245,▼-20.94%,6,12,18,76,1010,1030,1620,67
TXO,202606,20260617.0,44650.0,Put,45,56,0.1,0.2,-,▼-51.8,▼-99.62%,1413,2146,3559,463,0.1,2,2180,0.1
TXO,202606,20260617.0,44700.0,Call,650,970,454,965,-,▼-155,▼-13.84%,76,73,149,223,965,975,2510,101
TXO,202606,20260617.0,44700.0,Put,48,64,0.1,0.1,-,▼-56.9,▼-99.82%,3054,5595,8649,1660,-,0.2,2430,0.1
TXO,202606,20260617.0,44750.0,Call,635,955,469,895,-,▼-185,▼-17.13%,12,56,68,80,915,920,2310,170
TXO,202606,20260617.0,44750.0,Put,56,105,0.2,0.2,-,▼-60.8,▼-99.67%,1904,2056,3960,355,-,10,1490,0.2
TXO,202606,20260617.0,44800.0,Call,560,895,376,855,-,▼-175,▼-16.99%,93,147,240,145,865,875,2570,100
TXO,202606,20260617.0,44800.0,Put,75,82,0.2,0.2,-,▼-66.8,▼-99.70%,4274,8767,13041,1474,-,5,2800,0.2
TXO,202606,20260617.0,44850.0,Call,540,825,488,825,-,▼-160,▼-16.24%,13,11,24,89,815,825,1470,155
TXO,202606,20260617.0,44850.0,Put,55,90,0.1,0.1,-,▼-72.9,▼-99.86%,2020,4697,6717,922,-,3.5,1630,0.1
TXO,202606,20260617.0,44900.0,Call,500,795,318,765,-,▼-180,▼-19.05%,104,218,322,518,765,770,2500,91
TXO,202606,20260617.0,44900.0,Put,80,105,0.1,0.2,-,▼-79.8,▼-99.75%,3675,6495,10170,1176,-,1.2,2370,0.1
TXO,202606,20260617.0,44950.0,Call,439,715,264,715,-,▼-185,▼-20.56%,90,162,252,65,715,725,1360,145
TXO,202606,20260617.0,44950.0,Put,89,119,0.1,0.2,-,▼-88.8,▼-99.78%,2318,4710,7028,871,-,0.5,2400,0.1
TXO,202606,20260617.0,45000.0,Call,368,735,200,665,-,▼-195,▼-22.67%,1388,2309,3697,1470,665,670,2430,78
TXO,202606,20260617.0,45000.0,Put,102,150,0.1,0.1,-,▼-95.9,▼-99.90%,15466,22491,37957,5187,-,0.1,3700,0.1
TXO,202606,20260617.0,45050.0,Call,366,640,193,615,-,▼-205,▼-25.00%,97,321,418,85,615,625,1280,9.6
TXO,202606,20260617.0,45050.0,Put,113,151,0.2,0.2,-,▼-103.8,▼-99.81%,2471,5789,8260,929,-,0.1,2150,0.2
TXO,202606,20260617.0,45100.0,Call,327,625,146,565,-,▼-215,▼-27.56%,374,1549,1923,450,565,575,2340,100
TXO,202606,20260617.0,45100.0,Put,126,169,0.1,0.1,-,▼-112.9,▼-99.91%,3570,9624,13194,1471,0.1,0.2,2780,0.1
TXO,202606,20260617.0,45150.0,Call,300,575,119,515,-,▼-225,▼-30.41%,320,782,1102,122,515,525,1210,118
TXO,202606,20260617.0,45150.0,Put,170,192,0.1,0.1,-,▼-122.9,▼-99.92%,2758,6209,8967,1003,-,0.1,2540,0.1
TXO,202606,20260617.0,45200.0,Call,277,545,97,468,-,▼-232,▼-33.14%,1253,4784,6037,496,468,471,2320,66
TXO,202606,20260617.0,45200.0,Put,165,214,0.1,0.2,-,▼-132.8,▼-99.85%,5590,14924,20514,3429,-,0.2,2820,0.1
TXO,202606,20260617.0,45250.0,Call,200,470,76,420,-,▼-240,▼-36.36%,615,2581,3196,134,418,420,1710,76
TXO,202606,20260617.0,45250.0,Put,148,234,0.1,0.3,-,▼-143.7,▼-99.79%,2074,10306,12380,1775,0.1,0.3,1900,0.1
TXO,202606,20260617.0,45300.0,Call,200,440,54,368,-,▼-257,▼-41.12%,1285,8409,9694,724,368,370,2200,54
TXO,202606,20260617.0,45300.0,Put,201,264,0.1,0.1,-,▼-158.9,▼-99.94%,4384,18583,22967,2169,-,0.1,3130,0.1
TXO,202606,20260617.0,45350.0,Call,180,396,40.5,319,-,▼-266,▼-45.47%,1114,6757,7871,558,318,320,995,40.5
TXO,202606,20260617.0,45350.0,Put,173,294,0.1,0.1,-,▼-172.9,▼-99.94%,2479,11553,14032,1157,-,1.2,2300,0.1
TXO,202606,20260617.0,45400.0,Call,145,350,19.5,269,-,▼-286,▼-51.53%,2585,13212,15797,701,268,269,2100,19.5
TXO,202606,20260617.0,45400.0,Put,288,319,0.1,0.2,-,▼-184.8,▼-99.89%,4571,17629,22200,2757,0.1,0.4,2730,0.1
TXO,202606,20260617.0,45450.0,Call,100,298,20,218,-,▼-297,▼-57.67%,1129,13518,14647,3172,218,219,1210,20
TXO,202606,20260617.0,45450.0,Put,226,357,0.1,0.3,-,▼-203.7,▼-99.85%,1914,13594,15508,2390,-,0.3,1450,0.1
TXO,202606,20260617.0,45500.0,Call,90,254,14,170,-,▼-313,▼-64.80%,4202,27981,32183,1998,169,170,2060,14
TXO,202606,20260617.0,45500.0,Put,301,395,0.1,0.1,-,▼-218.9,▼-99.95%,6376,24421,30797,3694,-,0.1,4130,0.1
TXO,202606,20260617.0,45550.0,Call,90,207,10.5,120,-,▼-334,▼-73.57%,2165,24234,26399,3343,119,121,930,10.5
TXO,202606,20260617.0,45550.0,Put,318,427,0.1,0.2,-,▼-239.8,▼-99.92%,1864,14458,16322,3090,-,0.3,3390,0.1
TXO,202606,20260617.0,45600.0,Call,58,167,5.5,69,-,▼-356,▼-83.76%,3762,31599,35361,1772,69,70,2020,5.5
TXO,202606,20260617.0,45600.0,Put,460,477,0.1,0.1,-,▼-254.9,▼-99.96%,3600,16125,19725,2328,-,0.1,3380,0.1
TXO,202606,20260617.0,45650.0,Call,78,129,3.3,20.5,-,▼-371.5,▼-94.77%,1917,25618,27535,3865,19.5,20.5,1130,3.3
TXO,202606,20260617.0,45650.0,Put,366,515,0.1,0.3,-,▼-274.7,▼-99.89%,1646,12743,14389,3370,-,0.3,2100,0.1
TXO,202606,20260617.0,45700.0,Call,48,95,0.1,0.3,-,▼-362.7,▼-99.92%,4083,21335,25418,4254,0.1,0.3,1830,0.1
TXO,202606,20260617.0,45700.0,Put,400,570,23,29,-,▼-272,▼-90.37%,2942,10218,13160,1611,29,30,3960,23
TXO,202606,20260617.0,45750.0,Call,30,66,0.1,0.2,-,▼-340.8,▼-99.94%,2675,12810,15485,1850,-,0.1,825,0.1
TXO,202606,20260617.0,45750.0,Put,350,625,68,80,-,▼-242,▼-75.16%,1648,2559,4207,181,80,82,1650,68
TXO,202606,20260617.0,45800.0,Call,30,47,0.1,0.1,-,▼-311.9,▼-99.97%,8662,17858,26520,3110,-,0.1,1860,0.1
TXO,202606,20260617.0,45800.0,Put,530,655,99,130,-,▼-213,▼-62.10%,3416,3204,6620,425,130,131,3480,99
TXO,202606,20260617.0,45850.0,Call,25,36.5,0.1,0.3,-,▼-288.7,▼-99.90%,3787,8960,12747,1471,-,0.3,1300,0.1
TXO,202606,20260617.0,45850.0,Put,505,700,136,181,-,▼-190,▼-51.21%,1080,579,1659,101,179,183,2560,136
TXO,202606,20260617.0,45900.0,Call,20,31,0.1,0.1,-,▼-264.9,▼-99.96%,5095,8720,13815,2082,-,0.3,1760,0.1
TXO,202606,20260617.0,45900.0,Put,815,815,178,230,-,▼-166,▼-41.92%,1077,685,1762,220,230,232,3750,178
TXO,202606,20260617.0,45950.0,Call,12.5,24,0.2,0.4,-,▼-239.6,▼-99.83%,2786,5149,7935,890,0.1,0.3,1480,0.2
TXO,202606,20260617.0,45950.0,Put,605,725,219,282,-,▼-144,▼-33.80%,523,270,793,140,280,282,1800,219
TXO,202606,20260617.0,46000.0,Call,12.5,19,0.1,0.3,-,▼-224.7,▼-99.87%,11064,9124,20188,4161,-,0.3,1760,0.1
TXO,202606,20260617.0,46000.0,Put,905,905,263,330,-,▼-123,▼-27.15%,2119,981,3100,578,330,332,3660,263
TXO,202606,20260617.0,46050.0,Call,10,15.5,0.1,0.2,-,▼-198.8,▼-99.90%,2363,2648,5011,854,0.1,1.7,1430,0.1
TXO,202606,20260617.0,46050.0,Put,685,870,308,382,-,▼-109,▼-22.20%,745,255,1000,85,380,382,1270,308
TXO,202606,20260617.0,46100.0,Call,11,18,0.2,0.4,-,▼-187.6,▼-99.79%,3827,2951,6778,1459,0.1,10,1700,0.2
TXO,202606,20260617.0,46100.0,Put,965,965,380,430,-,▼-90,▼-17.31%,427,170,597,145,430,431,3550,327
TXO,202606,20260617.0,46150.0,Call,8.8,10.5,0.2,0.3,-,▼-168.7,▼-99.82%,1926,1843,3769,1562,-,0.9,1430,0.2
TXO,202606,20260617.0,46150.0,Put,795,935,474,480,-,▼-75,▼-13.51%,239,80,319,35,480,482,1310,323
TXO,202606,20260617.0,46200.0,Call,4.4,7.6,0.1,0.1,-,▼-150.9,▼-99.93%,6111,2621,8732,1816,-,1,1640,0.1
TXO,202606,20260617.0,46200.0,Put,900,1040,472,530,-,▼-60,▼-10.17%,576,307,883,321,525,535,3670,360
TXO,202606,20260617.0,46250.0,Call,5.2,10,0.1,0.1,-,▼-137.9,▼-99.93%,2268,1607,3875,911,0.1,0.3,1460,0.1
TXO,202606,20260617.0,46250.0,Put,795,795,580,580,-,▼-35,▼-5.69%,58,10,68,30,580,585,3450,407
TXO,202606,20260617.0,46300.0,Call,3,4.6,0.1,0.2,-,▼-123.8,▼-99.84%,4309,1541,5850,1847,-,0.3,1590,0.1
TXO,202606,20260617.0,46300.0,Put,995,1130,590,640,-,▼-15,▼-2.29%,95,75,170,74,630,635,3910,358
TXO,202606,20260617.0,46350.0,Call,6.2,6.2,0.1,0.2,-,▼-109.8,▼-99.82%,1905,588,2493,882,-,3.6,1400,0.1
TXO,202606,20260617.0,46350.0,Put,995,995,650,820,-,▲+125,▲+17.99%,2,4,6,16,680,685,3360,460
TXO,202606,20260617.0,46400.0,Call,1.6,3,0.1,0.2,-,▼-99.8,▼-99.80%,3038,1129,4167,1282,-,0.3,1490,0.1
TXO,202606,20260617.0,46400.0,Put,995,1190,735,775,-,▲+40,▲+5.44%,28,14,42,70,725,735,3990,470
TXO,202606,20260617.0,46450.0,Call,4,4,0.1,0.2,-,▼-88.8,▼-99.78%,2166,501,2667,916,-,0.5,1390,0.1
TXO,202606,20260617.0,46450.0,Put,730,730,730,730,-,▼-40,▼-5.19%,1,1,2,13,780,785,1740,515
TXO,202606,20260617.0,46500.0,Call,1.6,1.6,0.1,0.2,-,▼-79.8,▼-99.75%,5241,2863,8104,4160,-,0.3,1490,0.1
TXO,202606,20260617.0,46500.0,Put,1310,1310,780,825,-,▲+5,▲+0.61%,77,21,98,202,825,835,4400,530
TXO,202606,20260617.0,46550.0,Call,2.2,2.2,0.1,0.1,-,▼-70.9,▼-99.86%,1048,345,1393,509,-,0.2,1320,0.1
TXO,202606,20260617.0,46550.0,Put,1210,1210,1210,1210,-,▲+355,▲+41.52%,0,1,1,17,875,885,1210,645
TXO,202606,20260617.0,46600.0,Call,1.3,1.3,0.1,0.1,-,▼-62.9,▼-99.84%,2364,774,3138,1278,-,0.3,1400,0.1
TXO,202606,20260617.0,46600.0,Put,1160,1430,930,930,-,▲+30,▲+3.33%,17,21,38,33,925,935,3050,600
TXO,202606,20260617.0,46650.0,Call,4,5,0.1,0.2,-,▼-57.8,▼-99.66%,1289,88,1377,459,-,0.5,1370,0.1
TXO,202606,20260617.0,46650.0,Put,-,-,-,-,-,-,-,1,0,1,6,975,985,2640,665
TXO,202606,20260617.0,46700.0,Call,1,1,0.1,0.2,-,▼-49.8,▼-99.60%,2228,1007,3235,1378,-,0.2,1410,0.1
TXO,202606,20260617.0,46700.0,Put,-,-,-,-,-,-,-,18,0,18,30,1020,1040,4240,665
TXO,202606,20260617.0,46750.0,Call,1,1,0.1,0.3,-,▼-42.7,▼-99.30%,1389,526,1915,470,-,4,1230,0.1
TXO,202606,20260617.0,46750.0,Put,-,-,-,-,-,-,-,1,0,1,11,1070,1090,2300,825
TXO,202606,20260617.0,46800.0,Call,2,2,0.1,0.1,-,▼-39.4,▼-99.75%,2514,750,3264,2009,-,1,1300,0.1
TXO,202606,20260617.0,46800.0,Put,1310,1310,1310,1310,-,▲+240,▲+22.43%,4,1,5,28,1120,1140,4500,720
TXO,202606,20260617.0,46850.0,Call,0.5,0.5,0.1,0.1,-,▼-33.9,▼-99.71%,1482,745,2227,1250,0.1,0.3,1180,0.1
TXO,202606,20260617.0,46850.0,Put,-,-,-,-,-,-,-,2,0,2,8,1170,1190,3870,810
TXO,202606,20260617.0,46900.0,Call,0.1,0.6,0.1,0.3,-,▼-31.2,▼-99.05%,1242,312,1554,754,-,0.3,1250,0.1
TXO,202606,20260617.0,46900.0,Put,1390,1390,1390,1390,-,▲+220,▲+18.80%,4,1,5,26,1220,1240,4550,810
TXO,202606,20260617.0,46950.0,Call,0.7,0.7,0.1,0.1,-,▼-26.4,▼-99.62%,313,159,472,409,-,0.5,860,0.1
TXO,202606,20260617.0,46950.0,Put,-,-,-,-,-,-,-,0,0,0,0,1270,1290,-,-
TXO,202606,20260617.0,47000.0,Call,0.7,0.9,0.1,0.2,-,▼-24.3,▼-99.18%,2343,874,3217,3966,-,0.3,1200,0.1
TXO,202606,20260617.0,47000.0,Put,1600,1600,1340,1340,-,▲+80,▲+6.35%,4,2,6,65,1320,1340,4420,900
TXO,202606,20260617.0,47050.0,Call,0.3,0.3,0.1,0.2,-,▼-20.3,▼-99.02%,288,150,438,375,-,2.3,690,0.1
TXO,202606,20260617.0,47050.0,Put,1600,1600,1600,1600,-,▲+290,▲+22.14%,0,2,2,1,1370,1390,1600,925
TXO,202606,20260617.0,47100.0,Call,0.5,0.5,0.1,0.2,-,▼-19.3,▼-98.97%,630,502,1132,903,-,1,1120,0.1
TXO,202606,20260617.0,47100.0,Put,-,-,-,-,-,-,-,0,0,0,9,1420,1440,4070,965
TXO,202606,20260617.0,47150.0,Call,0.5,0.5,0.1,0.3,-,▼-17.2,▼-98.29%,290,64,354,289,-,0.1,810,0.1
TXO,202606,20260617.0,47150.0,Put,-,-,-,-,-,-,-,0,0,0,1,1470,1490,1560,1190
TXO,202606,20260617.0,47200.0,Call,0.3,0.8,0.1,0.2,-,▼-15.8,▼-98.75%,462,174,636,736,0.1,0.8,1110,0.1
TXO,202606,20260617.0,47200.0,Put,1730,1730,1730,1730,-,▲+280,▲+19.31%,1,1,2,11,1520,1540,4830,1210
TXO,202606,20260617.0,47250.0,Call,0.5,0.5,0.1,0.2,-,▼-14.3,▼-98.62%,335,211,546,383,-,10,260,0.1
TXO,202606,20260617.0,47250.0,Put,-,-,-,-,-,-,-,2,0,2,1,1570,1590,4250,1250
TXO,202606,20260617.0,47300.0,Call,0.7,0.7,0.1,0.2,-,▼-12.8,▼-98.46%,527,95,622,695,-,0.3,1040,0.1
TXO,202606,20260617.0,47300.0,Put,-,-,-,-,-,-,-,1,0,1,8,1620,1640,4690,1310
TXO,202606,20260617.0,47350.0,Call,0.5,0.5,0.1,0.2,-,▼-10.8,▼-98.18%,239,41,280,292,-,0.5,400,0.1
TXO,202606,20260617.0,47350.0,Put,-,-,-,-,-,-,-,0,0,0,1,1670,1690,1340,1340
TXO,202606,20260617.0,47400.0,Call,0.1,0.3,0.1,0.2,-,▼-9.8,▼-98.00%,447,76,523,602,-,0.2,1000,0.1
TXO,202606,20260617.0,47400.0,Put,-,-,-,-,-,-,-,0,0,0,4,1720,1740,4220,1390
TXO,202606,20260617.0,47450.0,Call,0.1,0.2,0.1,0.2,-,▼-8.8,▼-97.78%,65,21,86,89,-,9,480,0.1
TXO,202606,20260617.0,47450.0,Put,-,-,-,-,-,-,-,0,0,0,0,1770,1790,-,-
TXO,202606,20260617.0,47500.0,Call,0.2,0.3,0.1,0.2,-,▼-8.1,▼-97.59%,778,61,839,1132,-,0.1,960,0.1
TXO,202606,20260617.0,47500.0,Put,-,-,-,-,-,-,-,0,0,0,13,1820,1840,5000,1470
TXO,202606,20260617.0,47550.0,Call,0.2,0.5,0.2,0.2,-,▼-6.4,▼-96.97%,122,6,128,212,-,0.2,240,0.2
TXO,202606,20260617.0,47550.0,Put,-,-,-,-,-,-,-,0,0,0,5,1870,1890,1370,1370
TXO,202606,20260617.0,47600.0,Call,0.2,0.3,0.1,0.2,-,▼-5.5,▼-96.49%,242,69,311,348,-,0.6,895,0.1
TXO,202606,20260617.0,47600.0,Put,2130,2130,2130,2130,-,▲+290,▲+15.76%,0,1,1,1,1920,1940,2250,1850
TXO,202606,20260617.0,47650.0,Call,0.2,0.2,0.2,0.2,-,▼-4.7,▼-95.92%,170,50,220,194,-,0.4,515,0.1
TXO,202606,20260617.0,47650.0,Put,-,-,-,-,-,-,-,0,0,0,0,1970,1990,-,-
TXO,202606,20260617.0,47700.0,Call,0.5,0.5,0.1,0.2,-,▼-3.5,▼-94.59%,241,75,316,352,0.1,0.4,905,0.1
TXO,202606,20260617.0,47700.0,Put,-,-,-,-,-,-,-,0,0,0,0,2020,2040,3250,1700
TXO,202606,20260617.0,47750.0,Call,0.3,0.3,0.2,0.2,-,▼-3.4,▼-94.44%,107,54,161,264,-,10.5,98,0.2
TXO,202606,20260617.0,47750.0,Put,-,-,-,-,-,-,-,0,0,0,0,2070,2090,1830,1800
TXO,202606,20260617.0,47800.0,Call,0.3,0.9,0.1,0.2,-,▼-2.9,▼-93.55%,172,50,222,489,-,1.1,850,0.1
TXO,202606,20260617.0,47800.0,Put,-,-,-,-,-,-,-,0,0,0,7,2120,2140,5400,1650
TXO,202606,20260617.0,47850.0,Call,0.2,0.2,0.2,0.2,-,▼-2.4,▼-92.31%,115,3,118,49,-,10,530,0.1
TXO,202606,20260617.0,47850.0,Put,-,-,-,-,-,-,-,0,0,0,0,2170,2190,-,-
TXO,202606,20260617.0,47900.0,Call,0.2,0.2,0.2,0.2,-,▼-1.8,▼-90.00%,240,27,267,310,-,10,810,0.2
TXO,202606,20260617.0,47900.0,Put,-,-,-,-,-,-,-,2,0,2,1,2220,2240,4610,2040
TXO,202606,20260617.0,48000.0,Call,0.2,0.2,0.1,0.1,-,▼-1.5,▼-93.75%,683,176,859,3226,-,0.1,805,0.1
TXO,202606,20260617.0,48000.0,Put,2600,2700,2450,2450,-,▲+210,▲+9.38%,4,5,9,13,2320,2340,5290,1780
TXO,202606,20260617.0,48100.0,Call,0.2,0.2,0.2,0.2,-,▼-0.6,▼-75.00%,27,58,85,190,-,1,750,0.2
TXO,202606,20260617.0,48100.0,Put,-,-,-,-,-,-,-,0,0,0,2,2420,2440,2630,1820
TXO,202606,20260617.0,48200.0,Call,0.3,0.3,0.2,0.2,-,▼-0.4,▼-66.67%,17,61,78,346,-,0.3,675,0.1
TXO,202606,20260617.0,48200.0,Put,-,-,-,-,-,-,-,0,0,0,2,2520,2540,2320,1910
TXO,202606,20260617.0,48300.0,Call,0.3,0.3,0.2,0.2,-,▼-0.2,▼-50.00%,44,40,84,507,-,0.2,655,0.2
TXO,202606,20260617.0,48300.0,Put,-,-,-,-,-,-,-,0,0,0,3,2620,2640,5410,2080
TXO,202606,20260617.0,48400.0,Call,-,-,-,-,-,-,-,8,0,8,251,0.1,0.2,580,0.2
TXO,202606,20260617.0,48400.0,Put,-,-,-,-,-,-,-,0,0,0,1,2720,2740,2190,2190
TXO,202606,20260617.0,48500.0,Call,0.2,0.2,0.2,0.2,-,▼-0.1,▼-33.33%,40,5,45,777,-,0.2,630,0.1
TXO,202606,20260617.0,48500.0,Put,-,-,-,-,-,-,-,0,0,0,1,2820,2840,4270,2280
TXO,202606,20260617.0,48600.0,Call,0.2,0.2,0.2,0.2,-,▼-0.1,▼-33.33%,10,1,11,293,-,0.2,640,0.2
TXO,202606,20260617.0,48600.0,Put,-,-,-,-,-,-,-,0,0,0,1,2920,2940,3980,3980
TXO,202606,20260617.0,48700.0,Call,0.2,0.2,0.2,0.2,-,▼-0.1,▼-33.33%,5,1,6,424,-,9.9,535,0.1
TXO,202606,20260617.0,48700.0,Put,-,-,-,-,-,-,-,0,0,0,0,3020,3040,3080,2630
TXO,202606,20260617.0,48800.0,Call,-,-,-,-,-,-,-,11,0,11,656,0.1,1,525,0.2
TXO,202606,20260617.0,48800.0,Put,-,-,-,-,-,-,-,0,0,0,1,3120,3140,4560,2400
TXO,202606,20260617.0,48900.0,Call,-,-,-,-,-,-,-,5,0,5,51,-,0.5,465,0.2
TXO,202606,20260617.0,48900.0,Put,-,-,-,-,-,-,-,0,0,0,0,3220,3240,5820,2400
TXO,202606,20260617.0,49000.0,Call,0.2,0.2,0.2,0.2,-,0,0%,47,4,51,7143,-,0.9,493,0.1
TXO,202606,20260617.0,49000.0,Put,-,-,-,-,-,-,-,0,0,0,0,3320,3340,-,-
TXO,202606,20260617.0,49100.0,Call,-,-,-,-,-,-,-,1,0,1,236,-,9.8,430,0.2
TXO,202606,20260617.0,49100.0,Put,-,-,-,-,-,-,-,0,0,0,0,3420,3440,3060,2660
TXO,202606,20260617.0,49200.0,Call,-,-,-,-,-,-,-,2,0,2,146,-,10.5,400,0.2
TXO,202606,20260617.0,49200.0,Put,-,-,-,-,-,-,-,0,0,0,0,3520,3540,-,-
TXO,202606,20260617.0,49300.0,Call,-,-,-,-,-,-,-,0,0,0,90,-,39,366,0.2
TXO,202606,20260617.0,49300.0,Put,-,-,-,-,-,-,-,0,0,0,2,3620,3640,4450,2970
TXO,202606,20260617.0,49400.0,Call,-,-,-,-,-,-,-,2,0,2,212,-,10,332,0.2
TXO,202606,20260617.0,49400.0,Put,-,-,-,-,-,-,-,0,0,0,0,3720,3740,6320,6320
TXO,202606,20260617.0,49500.0,Call,-,-,-,-,-,-,-,0,0,0,927,-,10,397,0.2
TXO,202606,20260617.0,49500.0,Put,-,-,-,-,-,-,-,0,0,0,0,3820,3840,-,-
TXO,202606,20260617.0,49600.0,Call,-,-,-,-,-,-,-,0,0,0,70,-,3.5,340,0.2
TXO,202606,20260617.0,49600.0,Put,-,-,-,-,-,-,-,0,0,0,1,3920,3940,4460,4460
TXO,202606,20260617.0,49700.0,Call,-,-,-,-,-,-,-,2,0,2,99,-,0.2,300,0.2
TXO,202606,20260617.0,49700.0,Put,-,-,-,-,-,-,-,0,0,0,0,4020,4040,-,-
TXO,202606,20260617.0,49800.0,Call,-,-,-,-,-,-,-,0,0,0,61,-,39,285,0.2
TXO,202606,20260617.0,49800.0,Put,-,-,-,-,-,-,-,0,0,0,0,4120,4140,-,-
TXO,202606,20260617.0,49900.0,Call,-,-,-,-,-,-,-,0,0,0,89,-,0.1,280,0.2
TXO,202606,20260617.0,49900.0,Put,-,-,-,-,-,-,-,0,0,0,0,4220,4240,-,-
TXO,202606,20260617.0,50000.0,Call,-,-,-,-,-,-,-,6,0,6,3834,-,0.2,303,0.1
TXO,202606,20260617.0,50000.0,Put,-,-,-,-,-,-,-,0,0,0,2,4320,4340,3800,3800
TXO,202606,20260617.0,50100.0,Call,0.2,0.2,0.2,0.2,-,0,0%,1,1,2,163,-,9.5,290,0.2
TXO,202606,20260617.0,50100.0,Put,-,-,-,-,-,-,-,0,0,0,0,4420,4440,-,-
TXO,202606,20260617.0,50200.0,Call,-,-,-,-,-,-,-,0,0,0,344,-,8.5,268,0.2
TXO,202606,20260617.0,50200.0,Put,-,-,-,-,-,-,-,0,0,0,0,4520,4540,-,-
TXO,202606,20260617.0,50300.0,Call,-,-,-,-,-,-,-,0,0,0,76,-,3,230,0.1
TXO,202606,20260617.0,50300.0,Put,-,-,-,-,-,-,-,0,0,0,0,4620,4640,-,-
TXO,202606,20260617.0,50400.0,Call,-,-,-,-,-,-,-,0,0,0,57,-,0.2,218,0.5
TXO,202606,20260617.0,50400.0,Put,-,-,-,-,-,-,-,0,0,0,0,4720,4740,-,-
TXO,202606,20260617.0,50500.0,Call,-,-,-,-,-,-,-,0,0,0,1318,-,0.2,215,0.2
TXO,202606,20260617.0,50500.0,Put,-,-,-,-,-,-,-,0,0,0,0,4820,4840,-,-
TXO,202606,20260617.0,50600.0,Call,-,-,-,-,-,-,-,0,0,0,135,-,0.2,185,0.3
TXO,202606,20260617.0,50600.0,Put,-,-,-,-,-,-,-,0,0,0,0,4920,4940,-,-
TXO,202606,20260617.0,50700.0,Call,-,-,-,-,-,-,-,0,0,0,84,-,39,172,0.6
TXO,202606,20260617.0,50700.0,Put,-,-,-,-,-,-,-,0,0,0,0,5020,5040,-,-
TXO,202606,20260617.0,50800.0,Call,0.8,1.1,0.2,1.1,-,▲+0.9,▲+450.00%,0,27,27,332,-,9.8,169,0.1
TXO,202606,20260617.0,50800.0,Put,-,-,-,-,-,-,-,0,0,0,0,5120,5140,-,-
TXO,202606,20260617.0,50900.0,Call,-,-,-,-,-,-,-,2,0,2,92,-,100,219,0.2
TXO,202606,20260617.0,50900.0,Put,-,-,-,-,-,-,-,0,0,0,0,5220,5240,-,-
TXO,202606,20260617.0,51000.0,Call,-,-,-,-,-,-,-,3,0,3,483,-,0.6,200,0.1
TXO,202606,20260617.0,51000.0,Put,-,-,-,-,-,-,-,0,0,0,0,5320,5340,-,-
TXO,202606,20260617.0,51100.0,Call,-,-,-,-,-,-,-,0,0,0,22,-,3.8,135,0.3
TXO,202606,20260617.0,51100.0,Put,-,-,-,-,-,-,-,0,0,0,0,5420,5440,-,-
TXO,202606,20260617.0,51200.0,Call,-,-,-,-,-,-,-,0,0,0,58,-,100,187,1
TXO,202606,20260617.0,51200.0,Put,-,-,-,-,-,-,-,0,0,0,0,5520,5540,-,-
TXO,202606,20260617.0,51300.0,Call,-,-,-,-,-,-,-,0,0,0,6,-,5.8,121,3.5
TXO,202606,20260617.0,51300.0,Put,-,-,-,-,-,-,-,0,0,0,0,5620,5640,-,-
TXO,202606,20260617.0,51400.0,Call,-,-,-,-,-,-,-,0,0,0,28,-,8,121,0.4
TXO,202606,20260617.0,51400.0,Put,-,-,-,-,-,-,-,0,0,0,0,5720,5740,-,-
TXO,202606,20260617.0,51500.0,Call,-,-,-,-,-,-,-,4,0,4,168,-,0.2,124,0.2
TXO,202606,20260617.0,51500.0,Put,-,-,-,-,-,-,-,0,0,0,0,5820,5840,-,-
TXO,202606,20260617.0,51600.0,Call,-,-,-,-,-,-,-,0,0,0,22,-,10,98,0.2
TXO,202606,20260617.0,51600.0,Put,-,-,-,-,-,-,-,0,0,0,0,5920,5940,-,-
TXO,202606,20260617.0,51700.0,Call,-,-,-,-,-,-,-,0,0,0,35,-,10,96,0.5
TXO,202606,20260617.0,51700.0,Put,-,-,-,-,-,-,-,0,0,0,0,6020,6040,-,-
TXO,202606,20260617.0,51800.0,Call,-,-,-,-,-,-,-,0,0,0,0,-,10,-,-
TXO,202606,20260617.0,51800.0,Put,-,-,-,-,-,-,-,0,0,0,0,6120,6140,-,-
TXO,202606,20260617.0,51900.0,Call,-,-,-,-,-,-,-,0,0,0,4,-,10,72,0.2
TXO,202606,20260617.0,51900.0,Put,-,-,-,-,-,-,-,0,0,0,0,6220,6240,-,-
TXO,202606,20260617.0,52000.0,Call,0.3,0.3,0.3,0.3,-,▲+0.2,-,1,1,2,3270,-,0.1,87,0.2
TXO,202606,20260617.0,52000.0,Put,-,-,-,-,-,-,-,0,0,0,0,6320,6340,-,-
TXO,202606,20260617.0,52100.0,Call,-,-,-,-,-,-,-,2,0,2,221,-,10.5,80,0.2
TXO,202606,20260617.0,52100.0,Put,-,-,-,-,-,-,-,0,0,0,0,6420,6440,-,-
TXO,202606,20260617.0,52200.0,Call,-,-,-,-,-,-,-,0,0,0,297,-,7.9,160,0.2
TXO,202606,20260617.0,52200.0,Put,-,-,-,-,-,-,-,0,0,0,0,6520,6540,-,-
TXO,202606,20260617.0,52300.0,Call,-,-,-,-,-,-,-,0,0,0,126,-,4.9,60,1.1
TXO,202606,20260617.0,52300.0,Put,-,-,-,-,-,-,-,0,0,0,0,6620,6640,-,-
TXO,202606,20260617.0,52400.0,Call,-,-,-,-,-,-,-,0,0,0,126,-,1.7,65,0.2
TXO,202606,20260617.0,52400.0,Put,-,-,-,-,-,-,-,0,0,0,0,6720,6740,-,-
TXO,202606,20260617.0,52500.0,Call,-,-,-,-,-,-,-,0,0,0,45,-,9.9,18,1.1
TXO,202606,20260617.0,52500.0,Put,-,-,-,-,-,-,-,0,0,0,0,6820,6840,-,-
TXO,202606,20260617.0,52600.0,Call,-,-,-,-,-,-,-,0,0,0,0,-,10,12,0.3
TXO,202606,20260617.0,52600.0,Put,-,-,-,-,-,-,-,0,0,0,0,6920,6940,-,-
TXO,202606,20260617.0,52700.0,Call,-,-,-,-,-,-,-,0,0,0,5,-,9.9,9.4,0.2
TXO,202606,20260617.0,52700.0,Put,-,-,-,-,-,-,-,0,0,0,0,7020,7040,-,-
TXO,202606,20260617.0,52800.0,Call,-,-,-,-,-,-,-,0,0,0,14,-,9.9,13,0.2
TXO,202606,20260617.0,52800.0,Put,-,-,-,-,-,-,-,0,0,0,0,7120,7140,-,-
TXO,202606,20260617.0,52900.0,Call,-,-,-,-,-,-,-,0,0,0,6,-,9.9,14,0.9
TXO,202606,20260617.0,52900.0,Put,-,-,-,-,-,-,-,0,0,0,0,7220,7240,-,-
TXO,202606,20260617.0,53000.0,Call,-,-,-,-,-,-,-,0,0,0,684,-,1,18,0.2
TXO,202606,20260617.0,53000.0,Put,-,-,-,-,-,-,-,0,0,0,0,7320,7340,-,-
TXO,202606,20260617.0,53100.0,Call,-,-,-,-,-,-,-,0,0,0,3,-,9.9,12,0.9
TXO,202606,20260617.0,53100.0,Put,-,-,-,-,-,-,-,0,0,0,0,7420,7440,-,-
TXO,202606,20260617.0,53200.0,Call,-,-,-,-,-,-,-,0,0,0,1,-,9.9,11,0.9
TXO,202606,20260617.0,53200.0,Put,-,-,-,-,-,-,-,0,0,0,0,7520,7540,-,-
TXO,202606,20260617.0,53300.0,Call,-,-,-,-,-,-,-,0,0,0,2,-,10.5,16.5,0.9
TXO,202606,20260617.0,53300.0,Put,-,-,-,-,-,-,-,0,0,0,0,7620,7640,-,-
TXO,202606,20260617.0,53400.0,Call,-,-,-,-,-,-,-,0,0,0,3,-,4.9,12.5,0.3
TXO,202606,20260617.0,53400.0,Put,-,-,-,-,-,-,-,0,0,0,0,7720,7740,-,-
TXO,202606,20260617.0,53500.0,Call,-,-,-,-,-,-,-,0,0,0,312,-,0.2,26,0.1
TXO,202606,20260617.0,53500.0,Put,-,-,-,-,-,-,-,0,0,0,0,7820,7840,7750,7400
TXO,202606F3,20260622.0,38800.0,Call,-,-,-,-,7150,-,-,0,0,0,0,7060,7250,-,-
TXO,202606F3,20260622.0,38800.0,Put,5.6,7,1.5,1.5,1.5,▼-4.9,▼-76.56%,57,80,137,340,1.2,1.4,83,1.5
TXO,202606F3,20260622.0,38900.0,Call,-,-,-,-,7060,-,-,0,0,0,0,6960,7150,-,-
TXO,202606F3,20260622.0,38900.0,Put,5,5.1,2,2.2,2.2,▼-5.2,▼-70.27%,2,17,19,103,1.1,10,308,2
TXO,202606F3,20260622.0,39000.0,Call,-,-,-,-,6960,-,-,0,0,0,0,6860,7050,-,-
TXO,202606F3,20260622.0,39000.0,Put,8.4,8.4,2.4,2.4,2.2,▼-5.8,▼-70.73%,5,99,104,148,1.1,8,250,2.4
TXO,202606F3,20260622.0,39100.0,Call,-,-,-,-,6860,-,-,0,0,0,0,6760,6950,-,-
TXO,202606F3,20260622.0,39100.0,Put,7.5,7.8,1.8,2.1,2.3,▼-6.9,▼-76.67%,18,95,113,80,1.3,12,403,1.8
TXO,202606F3,20260622.0,39200.0,Call,-,-,-,-,6760,-,-,0,0,0,0,6660,6850,-,-
TXO,202606F3,20260622.0,39200.0,Put,8.4,8.4,2.5,3,2.7,▼-6.5,▼-68.42%,1,21,22,98,2,19.5,359,2.5
TXO,202606F3,20260622.0,39300.0,Call,-,-,-,-,6660,-,-,0,0,0,0,6560,6750,-,-
TXO,202606F3,20260622.0,39300.0,Put,3.1,3.1,2.2,2.2,2.8,▼-7.8,▼-78.00%,0,22,22,31,2.1,46.5,211,2.2
TXO,202606F3,20260622.0,39400.0,Call,-,-,-,-,6560,-,-,0,0,0,0,6460,6650,-,-
TXO,202606F3,20260622.0,39400.0,Put,10,10.5,3,3,2.8,▼-7.5,▼-71.43%,1,6,7,32,1.1,10.5,300,3
TXO,202606F3,20260622.0,39500.0,Call,-,-,-,-,6460,-,-,0,0,0,0,6360,6550,-,-
TXO,202606F3,20260622.0,39500.0,Put,10,11,2.9,2.9,2.9,▼-8.6,▼-74.78%,27,24,51,38,2.3,3,420,2.9
TXO,202606F3,20260622.0,39600.0,Call,-,-,-,-,6360,-,-,0,0,0,0,6260,6450,-,-
TXO,202606F3,20260622.0,39600.0,Put,5.1,5.1,2.4,2.4,2.9,▼-9.6,▼-80.00%,1,7,8,18,1.1,3.2,418,2.4
TXO,202606F3,20260622.0,39700.0,Call,-,-,-,-,6260,-,-,0,0,0,0,6150,6370,-,-
TXO,202606F3,20260622.0,39700.0,Put,12,12,2.9,3.4,2.9,▼-9.6,▼-73.85%,1,86,87,54,1.1,3,468,2.9
TXO,202606F3,20260622.0,39800.0,Call,-,-,-,-,6160,-,-,0,0,0,0,6050,6270,-,-
TXO,202606F3,20260622.0,39800.0,Put,9.1,10.5,2.9,2.9,2.9,▼-10.6,▼-78.52%,16,29,45,38,1.1,3,345,2.9
TXO,202606F3,20260622.0,39900.0,Call,-,-,-,-,6060,-,-,0,0,0,0,5960,6150,-,-
TXO,202606F3,20260622.0,39900.0,Put,11,12,3.8,3.8,3.8,▼-10.2,▼-72.86%,7,66,73,68,1.1,3.9,220,3.8
TXO,202606F3,20260622.0,40000.0,Call,-,-,-,-,5960,-,-,0,0,0,0,5860,6060,-,-
TXO,202606F3,20260622.0,40000.0,Put,16.5,16.5,3.2,4,4,▼-11.5,▼-74.19%,100,364,464,482,3.2,4.1,590,3.2
TXO,202606F3,20260622.0,40100.0,Call,-,-,-,-,5860,-,-,0,0,0,0,5760,5960,-,-
TXO,202606F3,20260622.0,40100.0,Put,14,14,3.9,4.5,4.5,▼-11,▼-70.97%,9,52,61,43,3,5.2,135,3.9
TXO,202606F3,20260622.0,40200.0,Call,-,-,-,-,5760,-,-,0,0,0,0,5650,5850,-,-
TXO,202606F3,20260622.0,40200.0,Put,12.5,12.5,3.8,3.8,4.5,▼-12.7,▼-76.97%,24,62,86,44,3.3,12,444,3.8
TXO,202606F3,20260622.0,40300.0,Call,-,-,-,-,5660,-,-,0,0,0,0,5560,5760,-,-
TXO,202606F3,20260622.0,40300.0,Put,12.5,13.5,4,4,4.8,▼-14,▼-77.78%,17,67,84,84,1.1,5.6,352,4
TXO,202606F3,20260622.0,40400.0,Call,-,-,-,-,5560,-,-,0,0,0,0,5460,5670,-,-
TXO,202606F3,20260622.0,40400.0,Put,13,14.5,4.4,4.4,5,▼-13.6,▼-75.56%,8,115,123,80,3,4.5,570,4.4
TXO,202606F3,20260622.0,40500.0,Call,-,-,-,-,5460,-,-,0,0,0,0,5360,5570,-,-
TXO,202606F3,20260622.0,40500.0,Put,23.5,23.5,4.6,4.6,5.3,▼-13.9,▼-75.14%,13,117,130,117,4,5.3,520,4.6
TXO,202606F3,20260622.0,40600.0,Call,-,-,-,-,5360,-,-,0,0,0,0,5260,5450,-,-
TXO,202606F3,20260622.0,40600.0,Put,17.5,18,7.7,7.7,5.8,▼-14.3,▼-65.00%,3,274,277,263,5,12,685,7.7
TXO,202606F3,20260622.0,40700.0,Call,-,-,-,-,5260,-,-,0,0,0,0,5160,5350,-,-
TXO,202606F3,20260622.0,40700.0,Put,21.5,21.5,6,6,6,▼-16,▼-72.73%,20,173,193,138,5.5,105,190,6
TXO,202606F3,20260622.0,40800.0,Call,-,-,-,-,5160,-,-,0,0,0,0,5060,5250,-,-
TXO,202606F3,20260622.0,40800.0,Put,22,22,11,11,6,▼-12.5,▼-53.19%,56,64,120,87,2,11,720,11
TXO,202606F3,20260622.0,40900.0,Call,-,-,-,-,5060,-,-,0,0,0,0,4960,5170,-,-
TXO,202606F3,20260622.0,40900.0,Put,17.5,20.5,10,10,6.8,▼-15.5,▼-60.78%,2,73,75,81,3.1,107,366,10
TXO,202606F3,20260622.0,41000.0,Call,-,-,-,-,4960,-,-,0,0,0,0,4860,5070,-,-
TXO,202606F3,20260622.0,41000.0,Put,12.5,27.5,7,7.3,7.3,▼-18.7,▼-71.92%,75,341,416,415,7,8.2,800,7
TXO,202606F3,20260622.0,41100.0,Call,-,-,-,-,4860,-,-,0,0,0,0,4770,4950,-,-
TXO,202606F3,20260622.0,41100.0,Put,31,31,7,7.6,7.6,▼-20.9,▼-73.33%,12,70,82,97,5,10.5,610,7
TXO,202606F3,20260622.0,41200.0,Call,-,-,-,-,4760,-,-,0,0,0,0,4660,4850,-,-
TXO,202606F3,20260622.0,41200.0,Put,24,31,7,8.8,8.8,▼-19.7,▼-69.12%,7,133,140,99,7.8,10,760,7
TXO,202606F3,20260622.0,41300.0,Call,-,-,-,-,4660,-,-,0,0,0,0,4550,4770,-,-
TXO,202606F3,20260622.0,41300.0,Put,25,33,8.6,9.1,8.8,▼-22.9,▼-71.56%,16,245,261,247,8.5,49,620,8.6
TXO,202606F3,20260622.0,41400.0,Call,-,-,-,-,4560,-,-,0,0,0,0,4460,4670,-,-
TXO,202606F3,20260622.0,41400.0,Put,32,33.5,9.1,9.5,9.5,▼-23.5,▼-71.21%,20,458,478,294,6,9.9,665,9.1
TXO,202606F3,20260622.0,41500.0,Call,-,-,-,-,4460,-,-,0,0,0,0,4370,4560,-,-
TXO,202606F3,20260622.0,41500.0,Put,32,38,9.9,10,9.6,▼-25.5,▼-71.83%,44,904,948,541,9,11,700,9.9
TXO,202606F3,20260622.0,41600.0,Call,-,-,-,-,4360,-,-,0,0,0,0,4260,4460,-,-
TXO,202606F3,20260622.0,41600.0,Put,40.5,40.5,10,10,10,▼-26.5,▼-72.60%,14,364,378,323,7,12.5,715,10
TXO,202606F3,20260622.0,41700.0,Call,-,-,-,-,4260,-,-,0,0,0,0,4170,4360,-,-
TXO,202606F3,20260622.0,41700.0,Put,31,44.5,7,12,12,▼-26,▼-68.42%,17,299,316,204,6.1,12.5,995,7
TXO,202606F3,20260622.0,41800.0,Call,-,-,-,-,4170,-,-,0,0,0,0,4070,4260,-,-
TXO,202606F3,20260622.0,41800.0,Put,40,42,17.5,17.5,12,▼-24.5,▼-58.33%,9,18,27,40,8.4,15.5,750,17.5
TXO,202606F3,20260622.0,41900.0,Call,-,-,-,-,4070,-,-,0,0,0,0,3970,4160,-,-
TXO,202606F3,20260622.0,41900.0,Put,41,46,14.5,14.5,13,▼-28.5,▼-66.28%,16,58,74,46,3.1,15.5,805,14.5
TXO,202606F3,20260622.0,41950.0,Call,-,-,-,-,4020,-,-,0,0,0,0,3920,4120,-,-
TXO,202606F3,20260622.0,41950.0,Put,53,56,15,15,13.5,▼-30.5,▼-67.03%,11,18,29,19,10,17,85,15
TXO,202606F3,20260622.0,42000.0,Call,-,-,-,-,3970,-,-,0,0,0,0,3870,4060,-,-
TXO,202606F3,20260622.0,42000.0,Put,46,61,14,16,14.5,▼-30.5,▼-65.59%,105,596,701,489,12.5,16.5,1070,14
TXO,202606F3,20260622.0,42050.0,Call,-,-,-,-,3920,-,-,0,0,0,0,3830,4010,-,-
TXO,202606F3,20260622.0,42050.0,Put,52,52,16,16,15,▼-32,▼-66.67%,10,37,47,50,5.9,43.5,600,16
TXO,202606F3,20260622.0,42100.0,Call,-,-,-,-,3870,-,-,0,0,0,0,3780,3960,-,-
TXO,202606F3,20260622.0,42100.0,Put,50,63,17,17,15.5,▼-33,▼-66.00%,13,154,167,122,3.3,18.5,805,17
TXO,202606F3,20260622.0,42150.0,Call,-,-,-,-,3820,-,-,0,0,0,0,3730,3910,-,-
TXO,202606F3,20260622.0,42150.0,Put,51,65,16.5,17.5,16,▼-33.5,▼-65.69%,6,60,66,50,14.5,17.5,102,16.5
TXO,202606F3,20260622.0,42200.0,Call,-,-,-,-,3770,-,-,0,0,0,1,3680,3860,1350,1350
TXO,202606F3,20260622.0,42200.0,Put,51,66,18,18,16.5,▼-36,▼-66.67%,6,146,152,91,4.1,25.5,1350,18
TXO,202606F3,20260622.0,42250.0,Call,-,-,-,-,3720,-,-,0,0,0,0,3620,3830,-,-
TXO,202606F3,20260622.0,42250.0,Put,53,53,18,18,18,▼-36,▼-66.67%,7,57,64,67,4.3,120,375,18
TXO,202606F3,20260622.0,42300.0,Call,-,-,-,-,3670,-,-,0,0,0,0,3580,3770,2860,2860
TXO,202606F3,20260622.0,42300.0,Put,47,60,17.5,20,18.5,▼-34,▼-62.96%,12,46,58,51,15,22,463,17.5
TXO,202606F3,20260622.0,42350.0,Call,-,-,-,-,3620,-,-,0,0,0,0,3530,3720,2820,2820
TXO,202606F3,20260622.0,42350.0,Put,55,55,19,19,19,▼-39,▼-67.24%,5,20,25,19,6,23.5,354,19
TXO,202606F3,20260622.0,42400.0,Call,-,-,-,-,3570,-,-,0,0,0,1,3480,3680,1270,1270
TXO,202606F3,20260622.0,42400.0,Put,55,65,22,22,20,▼-38,▼-63.33%,11,76,87,45,4.7,128,710,22
TXO,202606F3,20260622.0,42450.0,Call,-,-,-,-,3520,-,-,0,0,0,0,3430,3610,-,-
TXO,202606F3,20260622.0,42450.0,Put,65,65,22,22.5,22.5,▼-39.5,▼-63.71%,5,155,160,60,3.4,23,1250,22
TXO,202606F3,20260622.0,42500.0,Call,-,-,-,-,3480,-,-,0,0,0,0,3380,3570,-,-
TXO,202606F3,20260622.0,42500.0,Put,69,72,22,27,22.5,▼-35,▼-56.45%,36,252,288,154,22,47.5,1360,22
TXO,202606F3,20260622.0,42550.0,Call,-,-,-,-,3430,-,-,0,0,0,0,3330,3520,-,-
TXO,202606F3,20260622.0,42550.0,Put,56,66,23.5,24,24,▼-42,▼-63.64%,10,44,54,29,16.5,125,905,23.5
TXO,202606F3,20260622.0,42600.0,Call,-,-,-,-,3380,-,-,0,0,0,6,3290,3470,1970,1290
TXO,202606F3,20260622.0,42600.0,Put,73,81,25,25,25,▼-43,▼-63.24%,36,181,217,70,3.7,27,1190,25
TXO,202606F3,20260622.0,42650.0,Call,-,-,-,-,3330,-,-,0,0,0,0,3240,3420,-,-
TXO,202606F3,20260622.0,42650.0,Put,65,74,26,26.5,26.5,▼-44.5,▼-62.68%,6,40,46,28,25,28,1020,26
TXO,202606F3,20260622.0,42700.0,Call,-,-,-,-,3280,-,-,0,0,0,1,3190,3370,1510,1510
TXO,202606F3,20260622.0,42700.0,Put,63,84,29.5,29.5,28,▼-43.5,▼-59.59%,0,50,50,27,27,161,1160,29.5
TXO,202606F3,20260622.0,42750.0,Call,-,-,-,-,3230,-,-,0,0,0,0,3130,3340,-,-
TXO,202606F3,20260622.0,42750.0,Put,75,92,32,33,28.5,▼-42,▼-56.00%,20,135,155,19,28,74,1070,32
TXO,202606F3,20260622.0,42800.0,Call,-,-,-,-,3180,-,-,0,0,0,2,3090,3280,1620,1340
TXO,202606F3,20260622.0,42800.0,Put,89,97,31,32,32,▼-43,▼-57.33%,7,87,94,45,28,33.5,1090,31
TXO,202606F3,20260622.0,42850.0,Call,-,-,-,-,3140,-,-,0,0,0,0,3040,3230,-,-
TXO,202606F3,20260622.0,42850.0,Put,96,96,35,35,32,▼-45,▼-56.25%,99,148,247,132,31.5,284,1110,35
TXO,202606F3,20260622.0,42900.0,Call,-,-,-,-,3090,-,-,0,0,0,2,2990,3180,1360,1000
TXO,202606F3,20260622.0,42900.0,Put,92,97,35,35,35,▼-45,▼-56.25%,12,137,149,132,33,99,1500,35
TXO,202606F3,20260622.0,42950.0,Call,-,-,-,-,3040,-,-,0,0,0,3,2950,3130,1340,1340
TXO,202606F3,20260622.0,42950.0,Put,100,102,38.5,38.5,35.5,▼-46.5,▼-54.71%,0,20,20,16,25,39,1040,38.5
TXO,202606F3,20260622.0,43000.0,Call,-,-,-,-,2990,-,-,0,0,0,1,2900,3090,2800,1300
TXO,202606F3,20260622.0,43000.0,Put,100,108,36,37,37,▼-52,▼-58.43%,84,605,689,419,37,38,1860,36
TXO,202606F3,20260622.0,43050.0,Call,-,-,-,-,2940,-,-,0,0,0,3,2850,3030,1280,1280
TXO,202606F3,20260622.0,43050.0,Put,105,109,36,36,39,▼-54,▼-60.00%,69,54,123,44,30,160,1200,36
TXO,202606F3,20260622.0,43100.0,Call,-,-,-,-,2890,-,-,0,0,0,3,2810,2990,1610,1610
TXO,202606F3,20260622.0,43100.0,Put,111,115,43.5,44.5,41,▼-47.5,▼-51.63%,13,210,223,176,39,46,1280,43.5
TXO,202606F3,20260622.0,43150.0,Call,-,-,-,-,2850,-,-,0,0,0,9,2750,2940,2780,1220
TXO,202606F3,20260622.0,43150.0,Put,92,121,40,40,43,▼-55,▼-57.89%,9,28,37,18,3.1,150,1240,40
TXO,202606F3,20260622.0,43200.0,Call,-,-,-,-,2800,-,-,0,0,0,8,2710,2890,1550,1180
TXO,202606F3,20260622.0,43200.0,Put,128,128,42,47,47,▼-55,▼-53.92%,28,48,76,41,32,297,1330,42
TXO,202606F3,20260622.0,43250.0,Call,-,-,-,-,2750,-,-,0,0,0,3,2650,2840,1170,1170
TXO,202606F3,20260622.0,43250.0,Put,102,128,60,60,47.5,▼-45,▼-42.86%,1,31,32,28,27,125,1290,60
TXO,202606F3,20260622.0,43300.0,Call,-,-,-,-,2700,-,-,0,0,0,14,2610,2800,1480,1140
TXO,202606F3,20260622.0,43300.0,Put,105,135,50,50,50,▼-62,▼-55.36%,10,121,131,102,44,51,1370,50
TXO,202606F3,20260622.0,43350.0,Call,-,-,-,-,2660,-,-,0,0,0,0,2560,2750,-,-
TXO,202606F3,20260622.0,43350.0,Put,128,133,54,54,54,▼-59,▼-52.21%,0,20,20,9,13.5,156,181,54
TXO,202606F3,20260622.0,43400.0,Call,2170,2170,2170,2170,2610,▼-320,▼-12.85%,0,1,1,5,2510,2690,2170,1020
TXO,202606F3,20260622.0,43400.0,Put,145,145,58,58,56,▼-59,▼-50.43%,33,141,174,112,50,164,1480,58
TXO,202606F3,20260622.0,43450.0,Call,-,-,-,-,2560,-,-,0,0,0,0,2470,2650,-,-
TXO,202606F3,20260622.0,43450.0,Put,130,130,56,56,56,▼-64,▼-53.33%,3,80,83,67,39.5,56,615,56
TXO,202606F3,20260622.0,43500.0,Call,2180,2290,2080,2290,2520,▼-120,▼-4.98%,119,191,310,15,2420,2600,2600,790
TXO,202606F3,20260622.0,43500.0,Put,162,163,58,58,64,▼-68,▼-53.97%,60,192,252,151,54,64,1470,58
TXO,202606F3,20260622.0,43550.0,Call,-,-,-,-,2470,-,-,0,0,0,2,2380,2550,1360,1150
TXO,202606F3,20260622.0,43550.0,Put,128,148,63,64,64,▼-65,▼-50.39%,4,34,38,20,59,115,1320,63
TXO,202606F3,20260622.0,43600.0,Call,-,-,-,-,2430,-,-,0,0,0,8,2330,2500,2560,720
TXO,202606F3,20260622.0,43600.0,Put,155,162,66,66,72,▼-65,▼-49.62%,7,92,99,85,65,79,1380,66
TXO,202606F3,20260622.0,43650.0,Call,-,-,-,-,2380,-,-,0,0,0,0,2280,2470,1390,810
TXO,202606F3,20260622.0,43650.0,Put,165,173,65,65,73,▼-73,▼-52.90%,0,33,33,28,66,169,840,65
TXO,202606F3,20260622.0,43700.0,Call,-,-,-,-,2330,-,-,0,0,0,3,2240,2410,1380,1090
TXO,202606F3,20260622.0,43700.0,Put,182,192,73,76,76,▼-69,▼-47.59%,11,64,75,37,69,86,1350,73
TXO,202606F3,20260622.0,43750.0,Call,2000,2000,2000,2000,2280,▼-170,▼-7.83%,0,1,1,9,2200,2370,2000,1230
TXO,202606F3,20260622.0,43750.0,Put,192,192,71,72,78,▼-74,▼-50.68%,0,73,73,65,13,80,1460,71
TXO,202606F3,20260622.0,43800.0,Call,2220,2220,2220,2220,2240,▲+90,▲+4.23%,0,2,2,5,2200,2300,2220,675
TXO,202606F3,20260622.0,43800.0,Put,195,273,80,83,83,▼-74,▼-47.13%,16,70,86,56,78,95,1940,80
TXO,202606F3,20260622.0,43850.0,Call,-,-,-,-,2190,-,-,0,0,0,6,2090,2280,1600,1180
TXO,202606F3,20260622.0,43850.0,Put,196,205,88,88,88,▼-75,▼-46.01%,1,48,49,24,20.5,102,1370,88
TXO,202606F3,20260622.0,43900.0,Call,-,-,-,-,2140,-,-,0,0,0,3,2050,2230,1330,705
TXO,202606F3,20260622.0,43900.0,Put,209,209,85,85,90,▼-88,▼-50.87%,12,134,146,121,27,93,990,85
TXO,202606F3,20260622.0,43950.0,Call,-,-,-,-,2100,-,-,0,0,0,4,2000,2210,1250,1030
TXO,202606F3,20260622.0,43950.0,Put,219,224,97,97,97,▼-79,▼-44.89%,73,114,187,44,19,100,1390,97
TXO,202606F3,20260622.0,44000.0,Call,-,-,-,-,2060,-,-,0,0,0,9,1970,2140,2000,685
TXO,202606F3,20260622.0,44000.0,Put,220,235,95,97,97,▼-83,▼-46.11%,120,534,654,305,80,98,1110,95
TXO,202606F3,20260622.0,44050.0,Call,-,-,-,-,2010,-,-,0,0,0,6,1920,2100,1190,980
TXO,202606F3,20260622.0,44050.0,Put,209,209,108,108,108,▼-79,▼-42.25%,1,24,25,18,100,105,1270,108
TXO,202606F3,20260622.0,44100.0,Call,1500,1910,1390,1910,1960,▲+40,▲+2.14%,0,68,68,12,1860,2050,1910,915
TXO,202606F3,20260622.0,44100.0,Put,236,253,112,117,110,▼-80,▼-40.61%,15,114,129,44,100,160,1290,112
TXO,202606F3,20260622.0,44150.0,Call,-,-,-,-,1920,-,-,0,0,0,10,1830,2010,1880,855
TXO,202606F3,20260622.0,44150.0,Put,243,243,119,119,119,▼-83,▼-41.09%,4,32,36,36,110,214,1250,119
TXO,202606F3,20260622.0,44200.0,Call,-,-,-,-,1880,-,-,0,0,0,4,1780,1980,1770,675
TXO,202606F3,20260622.0,44200.0,Put,250,285,122,122,122,▼-93,▼-43.26%,13,152,165,111,117,164,1000,122
TXO,202606F3,20260622.0,44250.0,Call,1520,1520,1520,1520,1830,▼-220,▼-12.64%,0,1,1,21,1750,1920,2080,815
TXO,202606F3,20260622.0,44250.0,Put,272,272,132,132,132,▼-83,▼-38.60%,1,16,17,40,46,131,1100,132
TXO,202606F3,20260622.0,44300.0,Call,-,-,-,-,1790,-,-,0,0,0,28,1700,1880,1660,790
TXO,202606F3,20260622.0,44300.0,Put,290,300,133,141,135,▼-85,▼-37.61%,4,122,126,69,48.5,135,1130,133
TXO,202606F3,20260622.0,44350.0,Call,-,-,-,-,1740,-,-,0,0,0,12,1660,1830,1130,925
TXO,202606F3,20260622.0,44350.0,Put,263,263,146,146,141,▼-89,▼-37.87%,3,28,31,35,56,238,1210,146
TXO,202606F3,20260622.0,44400.0,Call,-,-,-,-,1700,-,-,0,0,0,5,1610,1790,1100,1100
TXO,202606F3,20260622.0,44400.0,Put,278,341,144,144,144,▼-105,▼-42.17%,7,237,244,155,61,162,1240,144
TXO,202606F3,20260622.0,44450.0,Call,1290,1290,1290,1290,1660,▼-290,▼-18.35%,0,1,1,3,1570,1760,1590,970
TXO,202606F3,20260622.0,44450.0,Put,342,342,151,151,151,▼-105,▼-41.02%,3,25,28,16,68,232,1260,151
TXO,202606F3,20260622.0,44500.0,Call,-,-,-,-,1620,-,-,0,0,0,4,1530,1700,1850,376
TXO,202606F3,20260622.0,44500.0,Put,324,349,157,165,165,▼-102,▼-38.20%,25,269,294,150,159,185,1110,157
TXO,202606F3,20260622.0,44550.0,Call,-,-,-,-,1580,-,-,0,0,0,5,1480,1670,1070,1070
TXO,202606F3,20260622.0,44550.0,Put,267,315,176,177,171,▼-98,▼-35.64%,10,55,65,41,92,268,1270,176
TXO,202606F3,20260622.0,44600.0,Call,-,-,-,-,1530,-,-,0,0,0,6,1430,1590,910,740
TXO,202606F3,20260622.0,44600.0,Put,320,323,171,178,178,▼-106,▼-37.32%,7,118,125,86,80,207,1080,171
TXO,202606F3,20260622.0,44650.0,Call,-,-,-,-,1490,-,-,0,0,0,5,1380,1540,905,855
TXO,202606F3,20260622.0,44650.0,Put,295,315,188,194,194,▼-101,▼-34.24%,0,38,38,26,181,286,350,188
TXO,202606F3,20260622.0,44700.0,Call,1060,1060,1060,1060,1450,▼-320,▼-23.19%,0,1,1,1,1340,1490,1060,845
TXO,202606F3,20260622.0,44700.0,Put,400,415,196,196,196,▼-112,▼-36.36%,4,59,63,37,190,200,1190,196
TXO,202606F3,20260622.0,44750.0,Call,-,-,-,-,1410,-,-,1,0,1,1,1300,1450,1550,795
TXO,202606F3,20260622.0,44750.0,Put,404,404,205,205,205,▼-111,▼-35.13%,4,38,42,30,201,456,459,205
TXO,202606F3,20260622.0,44800.0,Call,1060,1060,1010,1010,1370,▼-290,▼-22.31%,0,2,2,6,1250,1460,1390,605
TXO,202606F3,20260622.0,44800.0,Put,392,450,214,217,217,▼-115,▼-34.64%,12,195,207,98,202,314,2030,214
TXO,202606F3,20260622.0,44850.0,Call,1340,1340,1340,1340,1330,▲+70,▲+5.51%,1,1,2,6,1260,1390,1340,625
TXO,202606F3,20260622.0,44850.0,Put,430,435,224,224,224,▼-120,▼-34.88%,2,56,58,18,154,324,435,224
TXO,202606F3,20260622.0,44900.0,Call,855,1290,855,1290,1290,▲+60,▲+4.88%,6,3,9,9,1270,1310,1460,450
TXO,202606F3,20260622.0,44900.0,Put,498,498,235,235,235,▼-123,▼-34.36%,12,74,86,57,145,311,1040,235
TXO,202606F3,20260622.0,44950.0,Call,-,-,-,-,1250,-,-,5,0,5,11,1130,1350,950,555
TXO,202606F3,20260622.0,44950.0,Put,376,479,246,246,246,▼-125,▼-33.69%,7,33,40,24,239,497,479,246
TXO,202606F3,20260622.0,45000.0,Call,800,1100,775,1100,1220,▼-60,▼-5.17%,5,6,11,11,1150,1270,1250,290
TXO,202606F3,20260622.0,45000.0,Put,480,540,254,263,263,▼-122,▼-31.69%,75,433,508,242,250,272,1480,254
TXO,202606F3,20260622.0,45050.0,Call,-,-,-,-,1180,-,-,1,0,1,3,1050,1210,880,675
TXO,202606F3,20260622.0,45050.0,Put,469,492,284,284,276,▼-115,▼-28.82%,10,13,23,15,176,525,505,284
TXO,202606F3,20260622.0,45100.0,Call,775,1060,775,1060,1140,▼-30,▼-2.75%,5,6,11,10,1100,1170,1060,371
TXO,202606F3,20260622.0,45100.0,Put,525,545,269,289,289,▼-126,▼-30.36%,13,90,103,35,190,540,2200,269
TXO,202606F3,20260622.0,45150.0,Call,-,-,-,-,1110,-,-,1,0,1,1,1000,1200,810,810
TXO,202606F3,20260622.0,45150.0,Put,469,575,302,302,302,▼-128,▼-29.77%,5,18,23,14,250,399,575,302
TXO,202606F3,20260622.0,45200.0,Call,725,1010,670,1010,1070,▼-10,▼-0.98%,15,20,35,18,1050,1080,1250,451
TXO,202606F3,20260622.0,45200.0,Put,540,600,310,314,314,▼-132,▼-29.60%,20,99,119,63,300,410,1720,310
TXO,202606F3,20260622.0,45250.0,Call,775,775,775,775,1030,▼-210,▼-21.32%,18,2,20,6,1000,1070,955,295
TXO,202606F3,20260622.0,45250.0,Put,570,570,340,340,331,▼-123,▼-26.57%,7,39,46,24,102,580,590,340
TXO,202606F3,20260622.0,45300.0,Call,690,990,580,990,1000,▲+40,▲+4.21%,27,22,49,30,970,1020,1160,330
TXO,202606F3,20260622.0,45300.0,Put,640,640,340,340,346,▼-140,▼-29.17%,39,99,138,68,320,437,665,340
TXO,202606F3,20260622.0,45350.0,Call,640,960,555,960,960,▲+35,▲+3.78%,6,15,21,16,935,975,975,555
TXO,202606F3,20260622.0,45350.0,Put,635,635,350,361,361,▼-138,▼-27.66%,15,65,80,37,262,370,1710,350
TXO,202606F3,20260622.0,45400.0,Call,620,850,555,850,930,▼-50,▼-5.56%,28,26,54,34,905,1170,1230,330
TXO,202606F3,20260622.0,45400.0,Put,635,645,374,374,374,▼-146,▼-28.08%,8,204,212,101,280,434,700,374
TXO,202606F3,20260622.0,45450.0,Call,515,900,515,900,900,▲+40,▲+4.65%,1,18,19,47,870,915,1000,349
TXO,202606F3,20260622.0,45450.0,Put,560,560,390,390,390,▼-150,▼-27.78%,4,33,37,18,297,540,700,390
TXO,202606F3,20260622.0,45500.0,Call,550,860,495,850,865,▲+15,▲+1.80%,7,71,78,75,850,945,1130,291
TXO,202606F3,20260622.0,45500.0,Put,660,745,398,410,410,▼-150,▼-26.79%,25,117,142,76,397,505,800,398
TXO,202606F3,20260622.0,45550.0,Call,550,790,478,790,835,▼-15,▼-1.86%,26,19,45,41,805,865,935,478
TXO,202606F3,20260622.0,45550.0,Put,620,620,430,430,430,▼-155,▼-26.50%,15,19,34,13,420,675,710,430
TXO,202606F3,20260622.0,45600.0,Call,499,815,448,800,800,▲+15,▲+1.91%,48,100,148,71,780,800,895,288
TXO,202606F3,20260622.0,45600.0,Put,610,665,446,446,446,▼-159,▼-26.28%,4,62,66,44,342,489,770,446
TXO,202606F3,20260622.0,45650.0,Call,545,845,410,790,770,▲+35,▲+4.64%,7,27,34,23,745,795,1050,251
TXO,202606F3,20260622.0,45650.0,Put,665,740,469,477,467,▼-158,▼-24.88%,7,48,55,30,362,489,740,469
TXO,202606F3,20260622.0,45700.0,Call,430,745,420,740,740,▲+15,▲+2.07%,32,149,181,95,655,755,1000,202
TXO,202606F3,20260622.0,45700.0,Put,810,810,490,494,488,▼-156,▼-24.00%,18,65,83,50,470,505,810,490
TXO,202606F3,20260622.0,45750.0,Call,430,720,387,720,720,▲+20,▲+2.86%,6,43,49,23,630,950,820,387
TXO,202606F3,20260622.0,45750.0,Put,670,670,515,520,510,▼-160,▼-23.53%,41,31,72,37,402,750,865,515
TXO,202606F3,20260622.0,45800.0,Call,420,695,350,680,680,▲+5,▲+0.74%,44,179,223,129,660,700,975,350
TXO,202606F3,20260622.0,45800.0,Put,820,910,525,525,535,▼-175,▼-25.00%,64,144,208,106,423,560,920,525
TXO,202606F3,20260622.0,45850.0,Call,440,665,340,645,655,▼-10,▼-1.53%,17,68,85,72,565,700,905,340
TXO,202606F3,20260622.0,45850.0,Put,830,830,550,555,555,▼-175,▼-23.97%,2,38,40,35,468,645,900,505
TXO,202606F3,20260622.0,45900.0,Call,399,635,330,635,625,▲+10,▲+1.60%,43,89,132,82,610,645,920,300
TXO,202606F3,20260622.0,45900.0,Put,765,765,565,565,575,▼-190,▼-25.17%,0,104,104,111,460,665,870,415
TXO,202606F3,20260622.0,45950.0,Call,420,605,360,605,605,▲+5,▲+0.83%,21,106,127,64,570,845,850,360
TXO,202606F3,20260622.0,45950.0,Put,630,640,600,600,600,▼-180,▼-23.08%,0,12,12,35,505,685,865,600
TXO,202606F3,20260622.0,46000.0,Call,350,595,272,570,570,▼-5,▼-0.87%,120,543,663,230,560,595,865,165
TXO,202606F3,20260622.0,46000.0,Put,820,1030,605,605,625,▼-195,▼-24.38%,8,115,123,52,605,760,1030,605
TXO,202606F3,20260622.0,46050.0,Call,399,550,270,550,550,0,0%,23,86,109,69,440,605,795,270
TXO,202606F3,20260622.0,46050.0,Put,920,920,630,630,645,▼-200,▼-24.10%,0,6,6,27,530,745,920,630
TXO,202606F3,20260622.0,46100.0,Call,321,530,270,515,525,▼-15,▼-2.83%,51,66,117,34,496,765,860,211
TXO,202606F3,20260622.0,46100.0,Put,735,735,660,660,670,▼-195,▼-22.81%,1,8,9,9,570,910,1040,660
TXO,202606F3,20260622.0,46150.0,Call,298,510,254,487,500,▼-18,▼-3.56%,44,72,116,49,417,590,680,254
TXO,202606F3,20260622.0,46150.0,Put,850,860,685,685,700,▼-195,▼-22.16%,0,23,23,11,580,790,860,685
TXO,202606F3,20260622.0,46200.0,Call,270,490,221,473,479,▼-11,▼-2.27%,132,248,380,117,462,720,715,149
TXO,202606F3,20260622.0,46200.0,Put,1000,1000,710,710,725,▼-200,▼-21.98%,0,160,160,159,600,760,1000,710
TXO,202606F3,20260622.0,46250.0,Call,292,457,212,457,457,▼-8,▼-1.72%,56,58,114,28,380,665,775,212
TXO,202606F3,20260622.0,46250.0,Put,955,955,720,720,750,▼-225,▼-23.81%,0,5,5,16,650,765,955,720
TXO,202606F3,20260622.0,46300.0,Call,240,446,190,425,435,▼-19,▼-4.28%,60,236,296,81,420,437,905,180
TXO,202606F3,20260622.0,46300.0,Put,860,860,755,755,780,▼-215,▼-22.16%,0,6,6,5,690,790,990,755
TXO,202606F3,20260622.0,46350.0,Call,255,421,189,408,408,▼-15,▼-3.55%,18,65,83,39,304,493,620,165
TXO,202606F3,20260622.0,46350.0,Put,995,995,815,815,815,▼-185,▼-18.50%,0,14,14,10,730,820,995,815
TXO,202606F3,20260622.0,46400.0,Call,190,400,177,378,393,▼-27,▼-6.67%,19,92,111,62,338,595,700,177
TXO,202606F3,20260622.0,46400.0,Put,860,860,830,830,840,▼-200,▼-19.42%,0,4,4,4,740,850,960,830
TXO,202606F3,20260622.0,46450.0,Call,218,386,175,373,373,▼-13,▼-3.37%,0,62,62,30,281,386,685,175
TXO,202606F3,20260622.0,46450.0,Put,910,910,875,875,875,▼-185,▼-17.45%,0,14,14,14,615,880,910,875
TXO,202606F3,20260622.0,46500.0,Call,200,364,150,344,355,▼-24,▼-6.52%,27,382,409,152,341,356,605,100
TXO,202606F3,20260622.0,46500.0,Put,915,915,915,915,900,▼-185,▼-16.82%,0,3,3,3,650,910,1070,915
TXO,202606F3,20260622.0,46550.0,Call,215,342,165,338,338,▼-12,▼-3.43%,0,62,62,34,287,400,440,100
TXO,202606F3,20260622.0,46550.0,Put,940,940,935,935,935,▼-195,▼-17.26%,0,4,4,4,895,960,940,935
TXO,202606F3,20260622.0,46600.0,Call,177,326,134,312,319,▼-21,▼-6.31%,20,105,125,72,227,400,505,109
TXO,202606F3,20260622.0,46600.0,Put,980,980,980,980,965,▼-180,▼-15.52%,0,3,3,3,925,970,980,980
TXO,202606F3,20260622.0,46650.0,Call,165,307,133,292,301,▼-26,▼-8.18%,1,57,58,31,290,307,525,133
TXO,202606F3,20260622.0,46650.0,Put,1010,1010,1010,1010,995,▼-190,▼-15.83%,0,3,3,3,955,1030,1010,1010
TXO,202606F3,20260622.0,46700.0,Call,163,291,128,285,285,▼-16,▼-5.32%,13,150,163,100,241,350,570,125
TXO,202606F3,20260622.0,46700.0,Put,1050,1050,1050,1050,1030,▼-180,▼-14.63%,0,3,3,3,1010,1060,1050,1050
TXO,202606F3,20260622.0,46750.0,Call,137,275,121,273,273,▼-13,▼-4.55%,6,58,64,34,235,298,295,121
TXO,202606F3,20260622.0,46750.0,Put,1070,1070,1070,1070,1070,▼-190,▼-15.08%,0,3,3,3,1040,1090,1070,1070
TXO,202606F3,20260622.0,46800.0,Call,135,264,96,246,256,▼-26,▼-9.56%,24,178,202,81,250,277,363,96
TXO,202606F3,20260622.0,46800.0,Put,1100,1100,1100,1100,1100,▼-200,▼-15.38%,0,3,3,5,1080,1130,1280,1100
TXO,202606F3,20260622.0,46850.0,Call,130,246,129,244,244,▼-14,▼-5.43%,0,56,56,23,158,237,454,129
TXO,202606F3,20260622.0,46850.0,Put,1140,1140,1140,1140,1140,▼-200,▼-14.93%,0,3,3,3,1110,1170,1370,1140
TXO,202606F3,20260622.0,46900.0,Call,111,235,94,229,229,▼-15,▼-6.15%,12,231,243,102,200,231,384,94
TXO,202606F3,20260622.0,46900.0,Put,1180,1180,1160,1160,1180,▼-210,▼-15.33%,0,4,4,4,1150,1180,1420,1160
TXO,202606F3,20260622.0,46950.0,Call,112,216,78,215,215,▼-16,▼-6.93%,4,93,97,50,120,295,610,78
TXO,202606F3,20260622.0,46950.0,Put,1210,1210,1210,1210,1210,▼-200,▼-14.18%,0,3,3,3,1180,1240,1350,1210
TXO,202606F3,20260622.0,47000.0,Call,89,209,72,205,205,▼-15,▼-6.82%,120,703,823,321,195,209,450,64
TXO,202606F3,20260622.0,47000.0,Put,1700,1700,1250,1250,1250,▼-190,▼-13.19%,7,13,20,4,1000,1270,1700,1250
TXO,202606F3,20260622.0,47050.0,Call,100,196,71,192,192,▼-14,▼-6.80%,0,242,242,33,160,200,196,71
TXO,202606F3,20260622.0,47050.0,Put,-,-,-,-,1290,-,-,0,0,0,0,1170,1330,-,-
TXO,202606F3,20260622.0,47100.0,Call,90,183,62,174,174,▼-22,▼-11.22%,10,259,269,200,131,175,459,62
TXO,202606F3,20260622.0,47100.0,Put,-,-,-,-,1320,-,-,0,0,0,0,1230,1420,-,-
TXO,202606F3,20260622.0,47150.0,Call,76,171,58,168,168,▼-15,▼-8.20%,0,74,74,52,158,183,171,58
TXO,202606F3,20260622.0,47150.0,Put,-,-,-,-,1360,-,-,0,0,0,0,1280,1460,-,-
TXO,202606F3,20260622.0,47200.0,Call,41.5,164,41.5,153,153,▼-21,▼-12.07%,41,293,334,162,114,188,357,41.5
TXO,202606F3,20260622.0,47200.0,Put,-,-,-,-,1400,-,-,0,0,0,0,1310,1500,-,-
TXO,202606F3,20260622.0,47300.0,Call,77,142,46.5,132,132,▼-22,▼-14.29%,50,609,659,295,133,139,308,46.5
TXO,202606F3,20260622.0,47300.0,Put,-,-,-,-,1480,-,-,0,0,0,0,1370,1590,-,-
TXO,202606F3,20260622.0,47400.0,Call,50,128,40,114,120,▼-25,▼-17.99%,18,393,411,131,110,320,300,40
TXO,202606F3,20260622.0,47400.0,Put,-,-,-,-,1570,-,-,0,0,0,0,1490,1660,-,-
TXO,202606F3,20260622.0,47500.0,Call,50,110,33.5,101,101,▼-22,▼-17.89%,43,353,396,211,98,101,288,33.5
TXO,202606F3,20260622.0,47500.0,Put,-,-,-,-,1650,-,-,0,0,0,1,1560,1760,1750,1750
TXO,202606F3,20260622.0,47600.0,Call,42.5,98,29.5,83,83,▼-23,▼-21.70%,52,355,407,223,82,90,262,28
TXO,202606F3,20260622.0,47600.0,Put,-,-,-,-,1730,-,-,0,0,0,0,1640,1830,-,-
TXO,202606F3,20260622.0,47700.0,Call,33.5,81,25,70,70,▼-28,▼-28.57%,66,217,283,114,69,76,299,25
TXO,202606F3,20260622.0,47700.0,Put,-,-,-,-,1820,-,-,0,0,0,0,1750,1920,-,-
TXO,202606F3,20260622.0,47800.0,Call,33,72,20,61,61,▼-21,▼-25.61%,39,278,317,132,58,62,200,15
TXO,202606F3,20260622.0,47800.0,Put,-,-,-,-,1910,-,-,0,0,0,0,1840,2030,-,-
TXO,202606F3,20260622.0,47900.0,Call,22,60,21,49.5,49.5,▼-22.5,▼-31.25%,14,177,191,118,47,48,183,20
TXO,202606F3,20260622.0,47900.0,Put,-,-,-,-,2000,-,-,0,0,0,0,1930,2100,-,-
TXO,202606F3,20260622.0,48000.0,Call,23,51,15,40,40,▼-27,▼-40.30%,115,733,848,492,37.5,40.5,330,15
TXO,202606F3,20260622.0,48000.0,Put,-,-,-,-,2090,-,-,0,0,0,3,2000,2200,2630,2560
TXO,202606F3,20260622.0,48100.0,Call,18.5,43.5,4.2,29.5,29.5,▼-24.5,▼-45.37%,33,318,351,237,31,33,238,4.2
TXO,202606F3,20260622.0,48100.0,Put,2460,2460,2460,2460,2180,▲+80,▲+3.36%,0,1,1,1,2090,2310,2460,2460
TXO,202606F3,20260622.0,48200.0,Call,16.5,36.5,12.5,26,26,▼-21,▼-44.68%,23,205,228,148,13,30,256,12.5
TXO,202606F3,20260622.0,48200.0,Put,-,-,-,-,2270,-,-,0,0,0,0,2180,2400,-,-
TXO,202606F3,20260622.0,48300.0,Call,10,32,9.7,21.5,21.5,▼-23.5,▼-52.22%,14,312,326,246,19,20.5,320,9.7
TXO,202606F3,20260622.0,48300.0,Put,-,-,-,-,2370,-,-,0,0,0,0,2300,2500,-,-
TXO,202606F3,20260622.0,48400.0,Call,9.9,26.5,8,15.5,15.5,▼-23.5,▼-60.26%,10,82,92,55,11,16,116,8
TXO,202606F3,20260622.0,48400.0,Put,-,-,-,-,2460,-,-,0,0,0,0,2410,2570,-,-
TXO,202606F3,20260622.0,48500.0,Call,8.7,22,6.7,14,14,▼-17.5,▼-55.56%,41,172,213,163,12,20,105,6.7
TXO,202606F3,20260622.0,48500.0,Put,-,-,-,-,2560,-,-,0,0,0,0,2470,2660,-,-
TXO,202606F3,20260622.0,48600.0,Call,10,20.5,6.9,9.8,9.8,▼-20.2,▼-67.33%,33,30,63,30,9.8,10.5,105,6.9
TXO,202606F3,20260622.0,48600.0,Put,-,-,-,-,2660,-,-,0,0,0,0,2570,2710,-,-
TXO,202606F3,20260622.0,48700.0,Call,10.5,16.5,4.5,8.8,8.8,▼-15.2,▼-63.33%,29,44,73,58,6.4,15,90,4.5
TXO,202606F3,20260622.0,48700.0,Put,-,-,-,-,2750,-,-,0,0,0,0,2670,2860,-,-
TXO,202606F3,20260622.0,48800.0,Call,4.2,14,4.2,6.4,6.4,▼-14.1,▼-68.78%,19,60,79,59,5.1,7.5,112,4.2
TXO,202606F3,20260622.0,48800.0,Put,-,-,-,-,2850,-,-,0,0,0,0,2790,2900,-,-
TXO,202606F3,20260622.0,48900.0,Call,6.8,11.5,6.2,9,5.5,▼-8.5,▼-48.57%,12,35,47,32,2,9.9,250,0.7
TXO,202606F3,20260622.0,48900.0,Put,-,-,-,-,2950,-,-,0,0,0,0,2880,3050,-,-
TXO,202606F3,20260622.0,49000.0,Call,7.8,10.5,3.5,4.6,4.6,▼-11.4,▼-71.25%,83,101,184,349,4,6.5,75,3.5
TXO,202606F3,20260622.0,49000.0,Put,-,-,-,-,3050,-,-,0,0,0,0,2980,3150,-,-
TXO,202606F3,20260622.0,49100.0,Call,3.6,6.7,3.3,4.6,4.6,▼-8.9,▼-65.93%,4,11,15,46,1.4,47.5,78,3.3
TXO,202606F3,20260622.0,49100.0,Put,-,-,-,-,3150,-,-,0,0,0,0,3070,3270,-,-
TXO,202606F3,20260622.0,49200.0,Call,2.5,7,2.5,3.1,3.1,▼-8.9,▼-74.17%,11,7,18,28,2.5,11,81,2.5
TXO,202606F3,20260622.0,49200.0,Put,-,-,-,-,3250,-,-,0,0,0,0,3140,3300,-,-
TXO,202606F3,20260622.0,49300.0,Call,2,6.9,2,2.4,2.4,▼-8.6,▼-78.18%,3,958,961,740,1.9,2.3,60,2
TXO,202606F3,20260622.0,49300.0,Put,-,-,-,-,3350,-,-,0,0,0,0,3280,3430,-,-
TXO,202606F3,20260622.0,49400.0,Call,2.3,3.9,2.3,3.9,2.4,▼-6.6,▼-62.86%,1,2,3,29,0.7,2.6,60,2.3
TXO,202606F3,20260622.0,49400.0,Put,-,-,-,-,3450,-,-,0,0,0,0,3350,3540,-,-
TXO,202606F3,20260622.0,49500.0,Call,3.3,6,1.2,5.3,2.3,▼-2.6,▼-32.91%,0,787,787,778,2.3,4.7,51,1.2
TXO,202606F3,20260622.0,49500.0,Put,-,-,-,-,3550,-,-,0,0,0,0,3490,3640,-,-
TXO,202606F3,20260622.0,49600.0,Call,1.4,5.1,1.4,4.1,2.2,▼-3,▼-42.25%,0,11,11,65,0.4,12.5,115,1.4
TXO,202606F3,20260622.0,49600.0,Put,-,-,-,-,3650,-,-,0,0,0,0,3570,3740,-,-
TXO,202606F3,20260622.0,49700.0,Call,3.6,3.6,3.6,3.6,2.2,▼-2.8,▼-43.75%,0,1,1,29,1,7.4,109,3.6
TXO,202606F3,20260622.0,49700.0,Put,-,-,-,-,3750,-,-,0,0,0,0,3670,3840,-,-
TXO,202606F3,20260622.0,49800.0,Call,3.3,3.5,1.8,3.2,2.1,▼-2.5,▼-43.86%,1,29,30,96,-,7,100,1.8
TXO,202606F3,20260622.0,49800.0,Put,-,-,-,-,3850,-,-,0,0,0,0,3770,3940,-,-
TXO,202606F3,20260622.0,49900.0,Call,1.8,2.1,1.8,2.1,2.1,▼-3,▼-58.82%,1,3,4,31,-,39,62,1.8
TXO,202606F3,20260622.0,49900.0,Put,-,-,-,-,3950,-,-,0,0,0,0,3860,4040,-,-
TXO,202606F3,20260622.0,50000.0,Call,4,4,0.4,2.5,2,▼-2.1,▼-45.65%,11,65,76,348,0.2,15,56,0.4
TXO,202606F3,20260622.0,50000.0,Put,-,-,-,-,4050,-,-,0,0,0,0,3960,4140,-,-
TXO,202606F3,20260622.0,50100.0,Call,-,-,-,-,2,-,-,7,0,7,42,0.5,19.5,34,1.6
TXO,202606F3,20260622.0,50100.0,Put,-,-,-,-,4150,-,-,0,0,0,0,4060,4240,-,-
TXO,202606F3,20260622.0,50200.0,Call,1.2,2.1,1.2,1.8,1.8,▼-1.7,▼-48.57%,0,31,31,32,-,25.5,32,1.2
TXO,202606F3,20260622.0,50200.0,Put,-,-,-,-,4250,-,-,0,0,0,0,4160,4340,-,-
TXO,202606F3,20260622.0,50300.0,Call,3,3.1,0.8,0.8,1.5,▼-2.3,▼-74.19%,96,78,174,1961,0.5,59,83,0.8
TXO,202606F3,20260622.0,50300.0,Put,-,-,-,-,4350,-,-,0,0,0,0,4230,4440,-,-
TXO,202606F3,20260622.0,50400.0,Call,2.8,2.8,1.5,1.5,1.5,▼-1.1,▼-42.31%,0,51,51,51,-,2.8,2.8,1.5
TXO,202606F3,20260622.0,50400.0,Put,-,-,-,-,4450,-,-,0,0,0,0,4360,4550,-,-
TXO,202606W4,20260624.0,38800.0,Call,-,-,-,-,7180,-,-,0,0,0,0,-,-,-,-
TXO,202606W4,20260624.0,38800.0,Put,28,35,17.5,17.5,17.5,▼-11.5,▼-39.66%,84,126,210,271,8.3,16.5,110,17.5
TXO,202606W4,20260624.0,38900.0,Call,-,-,-,-,7080,-,-,0,0,0,0,7040,-,-,-
TXO,202606W4,20260624.0,38900.0,Put,33,33,32.5,32.5,18.5,▲+2,▲+6.56%,11,2,13,59,1.2,33,403,27.5
TXO,202606W4,20260624.0,39000.0,Call,-,-,-,-,6980,-,-,0,0,0,0,-,-,-,-
TXO,202606W4,20260624.0,39000.0,Put,35,37.5,20,20,20,▼-12,▼-37.50%,75,91,166,474,3.3,50,415,20
TXO,202606W4,20260624.0,39100.0,Call,-,-,-,-,6880,-,-,0,0,0,0,-,-,-,-
TXO,202606W4,20260624.0,39100.0,Put,23,23,23,23,21,▼-10,▼-30.30%,0,1,1,3,10.5,2800,284,23
TXO,202606W4,20260624.0,39200.0,Call,-,-,-,-,6780,-,-,0,0,0,0,-,-,-,-
TXO,202606W4,20260624.0,39200.0,Put,34,34,34,34,22,0,0%,0,1,1,2,1.2,-,40.5,34
TXO,202606W4,20260624.0,39300.0,Call,-,-,-,-,6680,-,-,0,0,0,0,-,-,-,-
TXO,202606W4,20260624.0,39300.0,Put,37,39.5,23,23,23,▼-12.5,▼-35.21%,11,15,26,27,2.6,99,45,15
TXO,202606W4,20260624.0,39400.0,Call,-,-,-,-,6580,-,-,0,0,0,0,6530,-,-,-
TXO,202606W4,20260624.0,39400.0,Put,41.5,42,30,30.5,23.5,▼-7,▼-18.67%,0,22,22,24,1.2,99,469,30
TXO,202606W4,20260624.0,39500.0,Call,-,-,-,-,6480,-,-,0,0,0,0,6430,-,-,-
TXO,202606W4,20260624.0,39500.0,Put,40.5,40.5,30,30,24,▼-8,▼-21.05%,15,8,23,18,1.2,42,140,30
TXO,202606W4,20260624.0,39600.0,Call,-,-,-,-,6380,-,-,0,0,0,0,-,-,-,-
TXO,202606W4,20260624.0,39600.0,Put,43,43,25,25,25,▼-14.5,▼-36.71%,0,4,4,12,2.9,-,385,25
TXO,202606W4,20260624.0,39700.0,Call,-,-,-,-,6290,-,-,0,0,0,0,6230,-,-,-
TXO,202606W4,20260624.0,39700.0,Put,34,34,24,24,25.5,▼-17,▼-41.46%,0,3,3,12,2.9,45,154,24
TXO,202606W4,20260624.0,39800.0,Call,-,-,-,-,6190,-,-,0,0,0,0,-,-,-,-
TXO,202606W4,20260624.0,39800.0,Put,32,32,30,30,27,▼-12.5,▼-29.41%,0,3,3,13,1.2,-,161,30
TXO,202606W4,20260624.0,39900.0,Call,-,-,-,-,6090,-,-,0,0,0,0,-,-,-,-
TXO,202606W4,20260624.0,39900.0,Put,30,30,30,30,28,▼-14,▼-31.82%,0,10,10,30,5,-,168,30
TXO,202606W4,20260624.0,40000.0,Call,-,-,-,-,5990,-,-,0,0,0,0,-,-,-,-
TXO,202606W4,20260624.0,40000.0,Put,48.5,56,29.5,29.5,29.5,▼-15.5,▼-34.44%,143,268,411,902,25,49,415,29.5
TXO,202606W4,20260624.0,40100.0,Call,-,-,-,-,5890,-,-,0,0,0,0,5840,-,-,-
TXO,202606W4,20260624.0,40100.0,Put,30,30,30,30,30,▼-16.5,▼-35.48%,1,1,2,7,6,63,51,30
TXO,202606W4,20260624.0,40200.0,Call,-,-,-,-,5790,-,-,0,0,0,0,5750,-,-,-
TXO,202606W4,20260624.0,40200.0,Put,51,51,30,30,32,▼-18,▼-37.50%,1,9,10,51,1.4,68,710,30
TXO,202606W4,20260624.0,40300.0,Call,-,-,-,-,5690,-,-,0,0,0,0,5640,-,-,-
TXO,202606W4,20260624.0,40300.0,Put,-,-,-,-,34,-,-,0,0,0,5,1.4,76,50,50
TXO,202606W4,20260624.0,40400.0,Call,-,-,-,-,5600,-,-,0,0,0,0,-,-,-,-
TXO,202606W4,20260624.0,40400.0,Put,50,51,38,38,35,▼-14,▼-26.92%,1,5,6,19,1.4,163,333,38
TXO,202606W4,20260624.0,40500.0,Call,-,-,-,-,5500,-,-,0,0,0,0,-,-,-,-
TXO,202606W4,20260624.0,40500.0,Put,54,60,44,44,36,▼-9,▼-16.98%,15,12,27,67,1.4,45,750,44
TXO,202606W4,20260624.0,40600.0,Call,-,-,-,-,5400,-,-,0,0,0,0,5350,-,-,-
TXO,202606W4,20260624.0,40600.0,Put,49,49,49,49,37.5,▼-5,▼-9.26%,1,4,5,30,1.4,-,354,49
TXO,202606W4,20260624.0,40700.0,Call,-,-,-,-,5300,-,-,0,0,0,0,-,-,-,-
TXO,202606W4,20260624.0,40700.0,Put,-,-,-,-,41,-,-,0,0,0,27,3,59,580,260
TXO,202606W4,20260624.0,40800.0,Call,-,-,-,-,5200,-,-,0,0,0,0,5150,-,-,-
TXO,202606W4,20260624.0,40800.0,Put,49,50,37.5,37.5,42,▼-20.5,▼-35.34%,12,9,21,20,1.4,59,416,37.5
TXO,202606W4,20260624.0,40900.0,Call,-,-,-,-,5110,-,-,0,0,0,0,5050,-,-,-
TXO,202606W4,20260624.0,40900.0,Put,60,60,60,60,45,0,0%,0,1,1,5,1.4,62,790,60
TXO,202606W4,20260624.0,41000.0,Call,-,-,-,-,5010,-,-,0,0,0,0,-,-,-,-
TXO,202606W4,20260624.0,41000.0,Put,69,81,40,40,46,▼-24,▼-37.50%,39,202,241,265,39.5,80,815,40
TXO,202606W4,20260624.0,41100.0,Call,-,-,-,-,4910,-,-,0,0,0,0,4860,-,-,-
TXO,202606W4,20260624.0,41100.0,Put,76,76,44,44,47,▼-24,▼-35.29%,0,6,6,5,3.1,-,76,44
TXO,202606W4,20260624.0,41200.0,Call,-,-,-,-,4810,-,-,0,0,0,0,-,-,-,-
TXO,202606W4,20260624.0,41200.0,Put,71,80,46.5,46.5,49,▼-24.5,▼-34.51%,3,8,11,5,1.5,-,106,46.5
TXO,202606W4,20260624.0,41300.0,Call,-,-,-,-,4710,-,-,0,0,0,0,4660,-,-,-
TXO,202606W4,20260624.0,41300.0,Put,75,75,50,51,51,▼-26,▼-33.77%,3,12,15,8,1.6,-,230,50
TXO,202606W4,20260624.0,41400.0,Call,-,-,-,-,4610,-,-,0,0,0,0,-,-,-,-
TXO,202606W4,20260624.0,41400.0,Put,72,75,54,54,54,▼-23,▼-29.87%,1,4,5,6,1.2,-,960,54
TXO,202606W4,20260624.0,41500.0,Call,-,-,-,-,4520,-,-,0,0,0,0,4210,-,-,-
TXO,202606W4,20260624.0,41500.0,Put,90,92,55,55,55,▼-24,▼-30.38%,48,19,67,55,4.3,52,505,55
TXO,202606W4,20260624.0,41600.0,Call,-,-,-,-,4420,-,-,0,0,0,0,4110,-,-,-
TXO,202606W4,20260624.0,41600.0,Put,97,98,64,64,64,▼-18,▼-21.95%,1,10,11,12,7.4,98,820,64
TXO,202606W4,20260624.0,41700.0,Call,-,-,-,-,4320,-,-,0,0,0,0,4270,-,-,-
TXO,202606W4,20260624.0,41700.0,Put,-,-,-,-,65,-,-,2,0,2,17,50,88,510,88
TXO,202606W4,20260624.0,41800.0,Call,-,-,-,-,4230,-,-,0,0,0,0,4180,-,-,-
TXO,202606W4,20260624.0,41800.0,Put,103,103,58,58,66,▼-34,▼-36.96%,2,20,22,11,2.3,179,850,58
TXO,202606W4,20260624.0,41900.0,Call,-,-,-,-,4130,-,-,0,0,0,0,-,-,-,-
TXO,202606W4,20260624.0,41900.0,Put,106,106,72,72,69,▼-29,▼-28.71%,4,22,26,11,2.4,85,130,72
TXO,202606W4,20260624.0,41950.0,Call,-,-,-,-,4080,-,-,0,0,0,0,-,-,-,-
TXO,202606W4,20260624.0,41950.0,Put,113,113,65,65,71,▼-36,▼-35.64%,15,14,29,58,6,80,159,5
TXO,202606W4,20260624.0,42000.0,Call,-,-,-,-,4030,-,-,0,0,0,0,3730,-,2580,2580
TXO,202606W4,20260624.0,42000.0,Put,120,132,66,66,73,▼-35,▼-34.65%,105,193,298,286,60,68,1090,66
TXO,202606W4,20260624.0,42050.0,Call,-,-,-,-,3990,-,-,0,0,0,0,-,-,-,-
TXO,202606W4,20260624.0,42050.0,Put,91,91,91,91,75,▼-12,▼-11.65%,2,1,3,42,2.9,192,163,91
TXO,202606W4,20260624.0,42100.0,Call,-,-,-,-,3940,-,-,0,0,0,0,3630,-,-,-
TXO,202606W4,20260624.0,42100.0,Put,131,131,101,101,77,▼-5,▼-4.72%,7,22,29,74,2.6,101,140,100
TXO,202606W4,20260624.0,42150.0,Call,-,-,-,-,3890,-,-,0,0,0,0,3580,-,-,-
TXO,202606W4,20260624.0,42150.0,Put,-,-,-,-,79,-,-,2,0,2,1,2.9,197,140,106
TXO,202606W4,20260624.0,42200.0,Call,-,-,-,-,3840,-,-,0,0,0,0,3530,-,-,-
TXO,202606W4,20260624.0,42200.0,Put,137,137,74,74,80,▼-38,▼-33.93%,14,18,32,24,3.4,400,965,74
TXO,202606W4,20260624.0,42250.0,Call,-,-,-,-,3790,-,-,0,0,0,0,3490,-,-,-
TXO,202606W4,20260624.0,42250.0,Put,130,130,130,130,84,▲+15,▲+13.04%,0,1,1,1,3,-,150,130
TXO,202606W4,20260624.0,42300.0,Call,-,-,-,-,3750,-,-,0,0,0,0,-,-,-,-
TXO,202606W4,20260624.0,42300.0,Put,125,125,75,75,86,▼-43,▼-36.44%,3,14,17,23,3,188,155,75
TXO,202606W4,20260624.0,42350.0,Call,-,-,-,-,3700,-,-,0,0,0,0,3650,-,-,-
TXO,202606W4,20260624.0,42350.0,Put,143,143,120,120,88,▼-1,▼-0.83%,2,2,4,0,3,-,152,120
TXO,202606W4,20260624.0,42400.0,Call,-,-,-,-,3650,-,-,0,0,0,3,3510,-,2450,1430
TXO,202606W4,20260624.0,42400.0,Put,120,129,83,83,90,▼-41,▼-33.06%,0,27,27,24,11.5,-,1350,83
TXO,202606W4,20260624.0,42450.0,Call,-,-,-,-,3600,-,-,0,0,0,0,3550,-,-,-
TXO,202606W4,20260624.0,42450.0,Put,99,99,99,99,93,▼-29,▼-22.66%,0,1,1,1,3,198,99,99
TXO,202606W4,20260624.0,42500.0,Call,-,-,-,-,3560,-,-,0,0,0,0,3500,-,-,-
TXO,202606W4,20260624.0,42500.0,Put,150,157,88,88,95,▼-40,▼-31.25%,4,50,54,57,16.5,595,1140,88
TXO,202606W4,20260624.0,42550.0,Call,-,-,-,-,3510,-,-,0,0,0,0,3460,-,-,-
TXO,202606W4,20260624.0,42550.0,Put,156,156,91,91,98,▼-45,▼-33.09%,0,6,6,65,18.5,-,189,91
TXO,202606W4,20260624.0,42600.0,Call,-,-,-,-,3460,-,-,0,0,0,0,3160,-,-,-
TXO,202606W4,20260624.0,42600.0,Put,161,161,88,88,100,▼-50,▼-36.23%,2,16,18,14,2.5,205,493,88
TXO,202606W4,20260624.0,42650.0,Call,-,-,-,-,3410,-,-,0,0,0,0,3110,-,-,-
TXO,202606W4,20260624.0,42650.0,Put,-,-,-,-,104,-,-,0,0,0,3,80,-,208,141
TXO,202606W4,20260624.0,42700.0,Call,-,-,-,-,3370,-,-,0,0,0,1,3060,-,3180,1150
TXO,202606W4,20260624.0,42700.0,Put,128,128,99,99,107,▼-48,▼-32.65%,0,9,9,13,2.3,115,1350,99
TXO,202606W4,20260624.0,42750.0,Call,-,-,-,-,3320,-,-,0,0,0,0,3010,-,-,-
TXO,202606W4,20260624.0,42750.0,Put,-,-,-,-,110,-,-,0,0,0,0,3.7,-,151,149
TXO,202606W4,20260624.0,42800.0,Call,-,-,-,-,3270,-,-,0,0,0,0,-,-,-,-
TXO,202606W4,20260624.0,42800.0,Put,160,188,105,105,113,▼-50,▼-32.26%,0,27,27,19,2.3,239,1380,105
TXO,202606W4,20260624.0,42850.0,Call,-,-,-,-,3230,-,-,0,0,0,0,3170,-,-,-
TXO,202606W4,20260624.0,42850.0,Put,178,183,108,108,116,▼-51,▼-32.08%,2,7,9,4,2.9,243,190,108
TXO,202606W4,20260624.0,42900.0,Call,-,-,-,-,3180,-,-,0,0,0,0,-,-,-,-
TXO,202606W4,20260624.0,42900.0,Put,160,160,113,113,119,▼-47,▼-29.38%,0,26,26,31,31,132,925,113
TXO,202606W4,20260624.0,42950.0,Call,-,-,-,-,3130,-,-,0,0,0,0,-,-,-,-
TXO,202606W4,20260624.0,42950.0,Put,140,140,115,115,123,▼-53,▼-31.55%,0,6,6,6,2.9,-,177,115
TXO,202606W4,20260624.0,43000.0,Call,-,-,-,-,3090,-,-,0,0,0,3,3030,3190,2000,1360
TXO,202606W4,20260624.0,43000.0,Put,208,221,121,121,126,▼-52,▼-30.06%,22,145,167,99,94,128,1350,121
TXO,202606W4,20260624.0,43050.0,Call,-,-,-,-,3040,-,-,0,0,0,0,3000,-,-,-
TXO,202606W4,20260624.0,43050.0,Put,163,163,163,163,130,▼-15,▼-8.43%,0,1,1,1,3.2,-,680,159
TXO,202606W4,20260624.0,43100.0,Call,-,-,-,-,3000,-,-,0,0,0,0,2700,-,-,-
TXO,202606W4,20260624.0,43100.0,Put,-,-,-,-,134,-,-,0,0,0,4,2.5,-,1750,183
TXO,202606W4,20260624.0,43150.0,Call,-,-,-,-,2950,-,-,0,0,0,0,2640,-,-,-
TXO,202606W4,20260624.0,43150.0,Put,230,233,131,131,138,▼-57,▼-30.32%,0,9,9,7,2.5,-,255,131
TXO,202606W4,20260624.0,43200.0,Call,-,-,-,-,2900,-,-,0,0,0,5,2600,-,1270,1050
TXO,202606W4,20260624.0,43200.0,Put,215,216,136,136,143,▼-56,▼-29.17%,21,18,39,32,2.5,-,1460,136
TXO,202606W4,20260624.0,43250.0,Call,-,-,-,-,2860,-,-,0,0,0,0,2550,-,-,-
TXO,202606W4,20260624.0,43250.0,Put,225,225,140,140,148,▼-60,▼-30.00%,6,9,15,14,29,281,650,140
TXO,202606W4,20260624.0,43300.0,Call,-,-,-,-,2810,-,-,0,0,0,0,-,-,-,-
TXO,202606W4,20260624.0,43300.0,Put,245,245,145,145,152,▼-61,▼-29.61%,19,13,32,9,2.4,263,1430,145
TXO,202606W4,20260624.0,43350.0,Call,-,-,-,-,2770,-,-,0,0,0,0,2710,-,-,-
TXO,202606W4,20260624.0,43350.0,Put,-,-,-,-,157,-,-,1,0,1,1,17,-,203,194
TXO,202606W4,20260624.0,43400.0,Call,-,-,-,-,2720,-,-,0,0,0,1,2590,-,1370,1370
TXO,202606W4,20260624.0,43400.0,Put,233,233,154,154,162,▼-62,▼-28.70%,8,8,16,26,19.5,298,835,154
TXO,202606W4,20260624.0,43450.0,Call,-,-,-,-,2680,-,-,0,0,0,0,2620,-,-,-
TXO,202606W4,20260624.0,43450.0,Put,-,-,-,-,167,-,-,0,0,0,0,25,173,-,-
TXO,202606W4,20260624.0,43500.0,Call,-,-,-,-,2630,-,-,0,0,0,6,2330,2730,1880,930
TXO,202606W4,20260624.0,43500.0,Put,288,288,157,157,171,▼-74,▼-32.03%,24,71,95,114,131,173,740,157
TXO,202606W4,20260624.0,43550.0,Call,-,-,-,-,2590,-,-,0,0,0,0,2530,-,-,-
TXO,202606W4,20260624.0,43550.0,Put,209,209,171,171,178,▼-65,▼-27.54%,0,4,4,6,38,-,835,171
TXO,202606W4,20260624.0,43600.0,Call,2200,2200,2080,2080,2540,▼-340,▼-14.05%,0,3,3,3,2330,2630,2500,880
TXO,202606W4,20260624.0,43600.0,Put,182,182,178,181,181,▼-63,▼-25.82%,0,4,4,10,43.5,800,1760,178
TXO,202606W4,20260624.0,43650.0,Call,-,-,-,-,2500,-,-,0,0,0,0,2190,-,-,-
TXO,202606W4,20260624.0,43650.0,Put,180,182,180,182,189,▼-71,▼-28.06%,0,2,2,2,54,-,1510,180
TXO,202606W4,20260624.0,43700.0,Call,-,-,-,-,2460,-,-,0,0,0,2,2410,-,1300,1300
TXO,202606W4,20260624.0,43700.0,Put,300,300,192,192,192,▼-70,▼-26.72%,0,15,15,11,96,205,890,192
TXO,202606W4,20260624.0,43750.0,Call,-,-,-,-,2410,-,-,0,0,0,2,-,2520,1160,850
TXO,202606W4,20260624.0,43750.0,Put,252,282,195,195,202,▼-73,▼-27.24%,0,56,56,53,106,345,282,195
TXO,202606W4,20260624.0,43800.0,Call,2070,2070,2070,2070,2370,▼-190,▼-8.41%,0,1,1,0,2320,-,2200,2070
TXO,202606W4,20260624.0,43800.0,Put,244,244,201,201,209,▼-76,▼-27.44%,0,8,8,10,74,305,1160,201
TXO,202606W4,20260624.0,43850.0,Call,2230,2230,2230,2230,2330,▲+20,▲+0.90%,0,1,1,1,2280,2420,2230,2230
TXO,202606W4,20260624.0,43850.0,Put,-,-,-,-,214,-,-,0,0,0,1,82,321,406,406
TXO,202606W4,20260624.0,43900.0,Call,-,-,-,-,2280,-,-,0,0,0,0,-,-,-,-
TXO,202606W4,20260624.0,43900.0,Put,366,372,215,215,222,▼-78,▼-26.62%,0,10,10,3,129,333,372,215
TXO,202606W4,20260624.0,43950.0,Call,-,-,-,-,2240,-,-,0,0,0,3,1930,2340,1960,870
TXO,202606W4,20260624.0,43950.0,Put,372,372,224,224,224,▼-78,▼-25.83%,0,10,10,12,137,355,1110,224
TXO,202606W4,20260624.0,44000.0,Call,1720,1720,1720,1720,2200,▼-370,▼-17.70%,0,2,2,2,2030,-,2610,1070
TXO,202606W4,20260624.0,44000.0,Put,391,391,220,220,237,▼-93,▼-29.71%,21,131,152,173,215,223,1130,220
TXO,202606W4,20260624.0,44050.0,Call,-,-,-,-,2150,-,-,0,0,0,0,1840,-,-,-
TXO,202606W4,20260624.0,44050.0,Put,-,-,-,-,242,-,-,0,0,0,2,84,-,1300,965
TXO,202606W4,20260624.0,44100.0,Call,-,-,-,-,2110,-,-,0,0,0,1,2060,-,1020,1020
TXO,202606W4,20260624.0,44100.0,Put,330,330,249,249,249,▼-82,▼-24.77%,3,12,15,9,128,3100,1160,249
TXO,202606W4,20260624.0,44150.0,Call,-,-,-,-,2070,-,-,0,0,0,0,2020,-,-,-
TXO,202606W4,20260624.0,44150.0,Put,-,-,-,-,260,-,-,1,0,1,1,174,-,1030,350
TXO,202606W4,20260624.0,44200.0,Call,1770,1770,1560,1640,2030,▼-290,▼-15.03%,2,6,8,0,-,-,2250,960
TXO,202606W4,20260624.0,44200.0,Put,300,330,250,250,268,▼-103,▼-29.18%,1,10,11,12,153,384,1190,250
TXO,202606W4,20260624.0,44250.0,Call,-,-,-,-,1990,-,-,0,0,0,0,1940,-,-,-
TXO,202606W4,20260624.0,44250.0,Put,453,453,272,272,278,▼-92,▼-25.27%,0,6,6,1,158,-,458,272
TXO,202606W4,20260624.0,44300.0,Call,1860,1870,1860,1870,1950,▲+10,▲+0.54%,1,5,6,4,1890,2030,1870,1610
TXO,202606W4,20260624.0,44300.0,Put,441,445,280,280,288,▼-100,▼-26.32%,1,31,32,14,172,1150,1180,280
TXO,202606W4,20260624.0,44350.0,Call,-,-,-,-,1910,-,-,0,0,0,0,1560,-,-,-
TXO,202606W4,20260624.0,44350.0,Put,-,-,-,-,294,-,-,0,0,0,0,53,-,-,-
TXO,202606W4,20260624.0,44400.0,Call,-,-,-,-,1870,-,-,0,0,0,0,1520,1960,-,-
TXO,202606W4,20260624.0,44400.0,Put,422,478,300,300,306,▼-93,▼-23.66%,6,10,16,10,189,436,1390,300
TXO,202606W4,20260624.0,44450.0,Call,-,-,-,-,1830,-,-,0,0,0,0,1780,1810,-,-
TXO,202606W4,20260624.0,44450.0,Put,-,-,-,-,315,-,-,0,0,0,0,53,-,460,395
TXO,202606W4,20260624.0,44500.0,Call,1780,1780,1780,1780,1780,▲+80,▲+4.71%,0,2,2,2,1460,-,1780,1780
TXO,202606W4,20260624.0,44500.0,Put,495,515,315,320,320,▼-102,▼-24.17%,4,44,48,24,230,-,585,315
TXO,202606W4,20260624.0,44550.0,Call,-,-,-,-,1750,-,-,0,0,0,0,-,-,-,-
TXO,202606W4,20260624.0,44550.0,Put,309,309,309,309,334,▼-123,▼-28.47%,0,1,1,1,218,-,445,309
TXO,202606W4,20260624.0,44600.0,Call,-,-,-,-,1710,-,-,0,0,0,1,1660,-,1810,750
TXO,202606W4,20260624.0,44600.0,Put,530,565,433,463,347,▲+18,▲+4.04%,0,55,55,54,242,-,1210,424
TXO,202606W4,20260624.0,44650.0,Call,1560,1560,1560,1560,1670,▼-30,▼-1.89%,0,1,1,2,1310,1750,1560,550
TXO,202606W4,20260624.0,44650.0,Put,-,-,-,-,359,-,-,0,0,0,0,253,-,-,-
TXO,202606W4,20260624.0,44700.0,Call,-,-,-,-,1630,-,-,0,0,0,0,1290,1690,-,-
TXO,202606W4,20260624.0,44700.0,Put,454,491,454,491,371,▲+19,▲+4.03%,1,4,5,3,41.5,-,491,454
TXO,202606W4,20260624.0,44750.0,Call,-,-,-,-,1590,-,-,0,0,0,0,1250,1580,-,-
TXO,202606W4,20260624.0,44750.0,Put,-,-,-,-,381,-,-,3,0,3,2,41.5,-,600,499
TXO,202606W4,20260624.0,44800.0,Call,-,-,-,-,1560,-,-,0,0,0,1,1210,1540,1880,450
TXO,202606W4,20260624.0,44800.0,Put,620,625,381,381,396,▼-129,▼-25.29%,2,64,66,65,291,423,680,381
TXO,202606W4,20260624.0,44850.0,Call,-,-,-,-,1520,-,-,0,0,0,0,1470,1500,-,-
TXO,202606W4,20260624.0,44850.0,Put,525,640,525,640,408,▲+120,▲+23.08%,1,2,3,1,310,-,640,515
TXO,202606W4,20260624.0,44900.0,Call,-,-,-,-,1480,-,-,0,0,0,0,1430,-,1520,545
TXO,202606W4,20260624.0,44900.0,Put,595,645,412,412,420,▼-123,▼-22.99%,0,24,24,12,323,505,645,412
TXO,202606W4,20260624.0,44950.0,Call,-,-,-,-,1440,-,-,0,0,0,0,1400,1430,-,-
TXO,202606W4,20260624.0,44950.0,Put,575,580,420,420,433,▼-135,▼-24.32%,0,7,7,2,335,-,580,420
TXO,202606W4,20260624.0,45000.0,Call,1020,1020,1020,1020,1410,▼-330,▼-24.44%,2,1,3,7,1290,-,1700,350
TXO,202606W4,20260624.0,45000.0,Put,615,700,439,439,446,▼-126,▼-22.30%,37,171,208,73,400,525,700,439
TXO,202606W4,20260624.0,45050.0,Call,-,-,-,-,1370,-,-,0,0,0,5,1320,1460,790,790
TXO,202606W4,20260624.0,45050.0,Put,645,645,645,645,461,▲+65,▲+11.21%,0,1,1,1,367,-,645,645
TXO,202606W4,20260624.0,45100.0,Call,1100,1240,1100,1240,1340,▼-40,▼-3.13%,0,2,2,4,1120,1380,1360,640
TXO,202606W4,20260624.0,45100.0,Put,695,695,464,464,473,▼-136,▼-22.67%,7,25,32,17,348,473,725,464
TXO,202606W4,20260624.0,45150.0,Call,-,-,-,-,1300,-,-,0,0,0,0,1020,-,-,-
TXO,202606W4,20260624.0,45150.0,Put,-,-,-,-,488,-,-,0,0,0,5,329,-,630,630
TXO,202606W4,20260624.0,45200.0,Call,920,1000,850,1000,1270,▼-210,▼-17.36%,5,6,11,9,1120,-,1510,670
TXO,202606W4,20260624.0,45200.0,Put,630,640,525,525,505,▼-110,▼-17.32%,2,12,14,14,411,-,735,525
TXO,202606W4,20260624.0,45250.0,Call,-,-,-,-,1240,-,-,0,0,0,0,1010,-,-,-
TXO,202606W4,20260624.0,45250.0,Put,745,765,745,765,525,▲+120,▲+18.60%,0,3,3,3,51,675,765,745
TXO,202606W4,20260624.0,45300.0,Call,915,915,800,800,1200,▼-340,▼-29.82%,0,3,3,3,1060,-,1110,800
TXO,202606W4,20260624.0,45300.0,Put,740,805,570,570,545,▼-90,▼-13.64%,2,11,13,7,407,890,840,570
TXO,202606W4,20260624.0,45350.0,Call,-,-,-,-,1170,-,-,0,0,0,0,1020,1150,-,-
TXO,202606W4,20260624.0,45350.0,Put,600,600,545,545,560,▼-135,▼-19.85%,0,5,5,4,402,650,600,545
TXO,202606W4,20260624.0,45400.0,Call,830,1090,800,1090,1140,▲+10,▲+0.93%,0,6,6,12,1030,1130,1090,341
TXO,202606W4,20260624.0,45400.0,Put,845,855,550,555,575,▼-150,▼-21.28%,3,6,9,12,436,-,855,550
TXO,202606W4,20260624.0,45450.0,Call,-,-,-,-,1100,-,-,0,0,0,1,1020,-,1010,1010
TXO,202606W4,20260624.0,45450.0,Put,685,685,575,575,590,▼-145,▼-20.14%,1,6,7,4,500,675,860,575
TXO,202606W4,20260624.0,45500.0,Call,750,1020,700,1020,1070,0,0%,1,34,35,29,1010,1140,1290,620
TXO,202606W4,20260624.0,45500.0,Put,905,905,600,600,610,▼-140,▼-18.92%,6,25,31,13,463,700,970,600
TXO,202606W4,20260624.0,45550.0,Call,725,1000,725,1000,1040,▲+10,▲+1.01%,0,7,7,5,985,-,1000,725
TXO,202606W4,20260624.0,45550.0,Put,785,785,620,620,620,▼-140,▼-18.42%,0,8,8,5,489,730,785,620
TXO,202606W4,20260624.0,45600.0,Call,735,1000,645,1000,1010,▲+35,▲+3.63%,0,29,29,19,955,1060,1100,645
TXO,202606W4,20260624.0,45600.0,Put,825,825,630,630,645,▼-155,▼-19.75%,0,17,17,20,525,665,920,630
TXO,202606W4,20260624.0,45650.0,Call,820,990,820,990,975,▲+55,▲+5.88%,0,39,39,36,630,1030,1060,820
TXO,202606W4,20260624.0,45650.0,Put,775,775,660,660,660,▼-145,▼-18.01%,1,45,46,37,575,770,1000,660
TXO,202606W4,20260624.0,45700.0,Call,760,950,625,950,950,▲+40,▲+4.40%,0,20,20,14,775,1000,1200,625
TXO,202606W4,20260624.0,45700.0,Put,750,750,665,665,685,▼-165,▼-19.88%,0,10,10,6,570,-,960,665
TXO,202606W4,20260624.0,45750.0,Call,675,930,675,930,920,▲+45,▲+5.08%,0,30,30,32,735,1200,930,675
TXO,202606W4,20260624.0,45750.0,Put,775,775,740,740,710,▼-115,▼-13.45%,1,9,10,5,590,-,875,740
TXO,202606W4,20260624.0,45800.0,Call,645,890,580,855,890,▼-5,▼-0.58%,1,34,35,33,840,-,1160,580
TXO,202606W4,20260624.0,45800.0,Put,800,870,725,725,725,▼-150,▼-17.14%,0,24,24,21,585,825,1010,725
TXO,202606W4,20260624.0,45850.0,Call,670,865,545,825,865,▼-10,▼-1.20%,0,23,23,31,820,-,1110,545
TXO,202606W4,20260624.0,45850.0,Put,-,-,-,-,755,-,-,0,0,0,1,650,-,860,860
TXO,202606W4,20260624.0,45900.0,Call,800,825,795,805,835,0,0%,0,6,6,14,635,1000,1100,220
TXO,202606W4,20260624.0,45900.0,Put,1150,1150,775,775,775,▼-150,▼-16.22%,4,7,11,22,660,-,1150,775
TXO,202606W4,20260624.0,45950.0,Call,570,800,560,800,810,▲+20,▲+2.56%,5,10,15,18,625,815,850,560
TXO,202606W4,20260624.0,45950.0,Put,1050,1050,805,805,805,▼-145,▼-15.26%,16,44,60,7,645,900,1160,805
TXO,202606W4,20260624.0,46000.0,Call,540,785,465,745,780,▼-10,▼-1.32%,21,188,209,82,615,-,1070,180
TXO,202606W4,20260624.0,46000.0,Put,1200,1200,830,830,815,▼-145,▼-14.87%,1,29,30,35,730,1880,2720,830
TXO,202606W4,20260624.0,46050.0,Call,740,740,740,740,755,▲+10,▲+1.37%,0,1,1,6,282,-,740,690
TXO,202606W4,20260624.0,46050.0,Put,-,-,-,-,840,-,-,0,0,0,0,2.1,-,-,-
TXO,202606W4,20260624.0,46100.0,Call,482,725,425,705,725,0,0%,6,27,33,16,555,800,955,318
TXO,202606W4,20260624.0,46100.0,Put,-,-,-,-,865,-,-,0,0,0,5,775,-,1490,875
TXO,202606W4,20260624.0,46150.0,Call,570,690,570,670,700,▼-15,▼-2.19%,0,7,7,6,535,775,835,570
TXO,202606W4,20260624.0,46150.0,Put,-,-,-,-,890,-,-,0,0,0,0,2.1,-,1020,975
TXO,202606W4,20260624.0,46200.0,Call,460,665,460,650,675,▼-10,▼-1.52%,0,21,21,14,545,790,875,206
TXO,202606W4,20260624.0,46200.0,Put,-,-,-,-,915,-,-,0,0,0,3,2.4,1020,975,955
TXO,202606W4,20260624.0,46250.0,Call,-,-,-,-,655,-,-,1,0,1,1,540,-,690,630
TXO,202606W4,20260624.0,46250.0,Put,-,-,-,-,940,-,-,0,0,0,1,835,950,1090,1090
TXO,202606W4,20260624.0,46300.0,Call,400,615,400,615,630,▼-5,▼-0.81%,1,19,20,11,595,710,880,320
TXO,202606W4,20260624.0,46300.0,Put,-,-,-,-,970,-,-,0,0,0,1,860,970,1120,1120
TXO,202606W4,20260624.0,46350.0,Call,-,-,-,-,610,-,-,1,0,1,0,456,-,610,605
TXO,202606W4,20260624.0,46350.0,Put,-,-,-,-,995,-,-,0,0,0,0,660,1010,-,-
TXO,202606W4,20260624.0,46400.0,Call,388,585,340,565,585,▼-10,▼-1.74%,4,24,28,22,440,585,915,265
TXO,202606W4,20260624.0,46400.0,Put,1410,1410,1410,1410,1020,▲+220,▲+18.49%,0,1,1,1,990,1330,1410,1410
TXO,202606W4,20260624.0,46450.0,Call,388,565,388,535,565,▼-20,▼-3.60%,8,16,24,11,417,-,570,366
TXO,202606W4,20260624.0,46450.0,Put,-,-,-,-,1050,-,-,0,0,0,0,780,1060,-,-
TXO,202606W4,20260624.0,46500.0,Call,355,550,299,493,545,▼-37,▼-6.98%,27,73,100,43,510,-,1000,285
TXO,202606W4,20260624.0,46500.0,Put,1320,1460,1080,1080,1080,▼-180,▼-14.29%,1,20,21,18,910,1090,1460,1080
TXO,202606W4,20260624.0,46550.0,Call,360,510,360,510,525,▼-5,▼-0.97%,0,4,4,4,383,-,510,360
TXO,202606W4,20260624.0,46550.0,Put,-,-,-,-,1110,-,-,0,0,0,0,1080,1110,-,-
TXO,202606W4,20260624.0,46600.0,Call,328,510,325,486,505,▼-14,▼-2.80%,4,9,13,14,358,585,585,200
TXO,202606W4,20260624.0,46600.0,Put,-,-,-,-,1140,-,-,0,0,0,0,1020,-,-,-
TXO,202606W4,20260624.0,46650.0,Call,-,-,-,-,484,-,-,0,0,0,0,347,-,-,-
TXO,202606W4,20260624.0,46650.0,Put,-,-,-,-,1170,-,-,0,0,0,0,1020,-,-,-
TXO,202606W4,20260624.0,46700.0,Call,317,465,317,447,465,▼-14,▼-3.04%,0,7,7,10,328,570,580,288
TXO,202606W4,20260624.0,46700.0,Put,-,-,-,-,1200,-,-,0,0,0,7,910,-,1360,1360
TXO,202606W4,20260624.0,46750.0,Call,442,442,442,442,442,▼-2,▼-0.45%,0,1,1,1,323,525,442,442
TXO,202606W4,20260624.0,46750.0,Put,-,-,-,-,1230,-,-,0,0,0,0,1020,1250,-,-
TXO,202606W4,20260624.0,46800.0,Call,260,425,218,415,429,▼-12,▼-2.81%,3,19,22,14,300,520,725,200
TXO,202606W4,20260624.0,46800.0,Put,-,-,-,-,1270,-,-,0,0,0,0,1220,-,-,-
TXO,202606W4,20260624.0,46850.0,Call,-,-,-,-,413,-,-,0,0,0,0,315,-,-,-
TXO,202606W4,20260624.0,46850.0,Put,-,-,-,-,1300,-,-,0,0,0,0,-,1310,-,-
TXO,202606W4,20260624.0,46900.0,Call,244,269,210,210,397,▼-186,▼-46.97%,4,5,9,5,262,-,685,180
TXO,202606W4,20260624.0,46900.0,Put,-,-,-,-,1330,-,-,0,0,0,0,-,1340,-,-
TXO,202606W4,20260624.0,46950.0,Call,-,-,-,-,380,-,-,0,0,0,0,262,-,-,-
TXO,202606W4,20260624.0,46950.0,Put,-,-,-,-,1370,-,-,0,0,0,0,-,1380,-,-
TXO,202606W4,20260624.0,47000.0,Call,222,367,179,353,364,▼-12,▼-3.29%,21,113,134,79,330,371,575,112
TXO,202606W4,20260624.0,47000.0,Put,-,-,-,-,1400,-,-,0,0,0,1,1330,1410,1700,1540
TXO,202606W4,20260624.0,47050.0,Call,-,-,-,-,348,-,-,0,0,0,0,240,-,-,-
TXO,202606W4,20260624.0,47050.0,Put,-,-,-,-,1440,-,-,0,0,0,0,1390,1450,-,-
TXO,202606W4,20260624.0,47100.0,Call,207,330,174,325,335,▼-12,▼-3.56%,9,14,23,10,228,-,494,174
TXO,202606W4,20260624.0,47100.0,Put,-,-,-,-,1470,-,-,0,0,0,1,1410,-,1630,1630
TXO,202606W4,20260624.0,47150.0,Call,-,-,-,-,321,-,-,0,0,0,0,159,-,-,-
TXO,202606W4,20260624.0,47150.0,Put,-,-,-,-,1510,-,-,0,0,0,0,-,1530,-,-
TXO,202606W4,20260624.0,47200.0,Call,177,309,177,295,307,▼-13,▼-4.22%,3,11,14,16,151,401,309,165
TXO,202606W4,20260624.0,47200.0,Put,-,-,-,-,1540,-,-,0,0,0,0,2,1550,-,-
TXO,202606W4,20260624.0,47300.0,Call,179,285,133,270,281,▼-10,▼-3.57%,5,34,39,25,160,352,468,133
TXO,202606W4,20260624.0,47300.0,Put,-,-,-,-,1620,-,-,0,0,0,0,2,1630,-,-
TXO,202606W4,20260624.0,47400.0,Call,158,258,127,237,257,▼-23,▼-8.85%,4,12,16,19,97,-,442,85
TXO,202606W4,20260624.0,47400.0,Put,-,-,-,-,1690,-,-,0,0,0,0,2,1710,-,-
TXO,202606W4,20260624.0,47500.0,Call,133,238,111,214,234,▼-25,▼-10.46%,11,233,244,199,205,-,450,108
TXO,202606W4,20260624.0,47500.0,Put,-,-,-,-,1770,-,-,0,0,0,1,1680,2020,1940,1890
TXO,202606W4,20260624.0,47600.0,Call,132,215,100,208,214,▼-11,▼-5.02%,4,33,37,33,189,222,215,100
TXO,202606W4,20260624.0,47600.0,Put,-,-,-,-,1850,-,-,0,0,0,0,-,1860,-,-
TXO,202606W4,20260624.0,47700.0,Call,148,182,148,182,195,▼-18,▼-9.00%,0,2,2,3,88,201,207,148
TXO,202606W4,20260624.0,47700.0,Put,-,-,-,-,1930,-,-,0,0,0,0,-,1960,-,-
TXO,202606W4,20260624.0,47800.0,Call,93,179,85,170,178,▼-13,▼-7.10%,5,65,70,37,33,182,346,70
TXO,202606W4,20260624.0,47800.0,Put,-,-,-,-,2020,-,-,0,0,0,0,-,2040,-,-
TXO,202606W4,20260624.0,47900.0,Call,86,163,75,157,157,▼-8,▼-4.85%,5,60,65,37,139,165,347,75
TXO,202606W4,20260624.0,47900.0,Put,-,-,-,-,2100,-,-,0,0,0,0,-,-,-,-
TXO,202606W4,20260624.0,48000.0,Call,74,151,63,141,147,▼-9,▼-6.00%,26,350,376,227,125,177,280,55
TXO,202606W4,20260624.0,48000.0,Put,-,-,-,-,2180,-,-,0,0,0,0,2110,-,-,-
TXO,202606W4,20260624.0,48100.0,Call,80,134,64,118,132,▼-21,▼-15.11%,5,35,40,33,70,-,298,64
TXO,202606W4,20260624.0,48100.0,Put,-,-,-,-,2270,-,-,0,0,0,0,-,2300,-,-
TXO,202606W4,20260624.0,48200.0,Call,63,120,58,114,120,▼-9,▼-7.32%,7,15,22,20,19,-,251,58
TXO,202606W4,20260624.0,48200.0,Put,-,-,-,-,2360,-,-,0,0,0,0,-,2390,-,-
TXO,202606W4,20260624.0,48300.0,Call,56,105,48,103,103,▼-8,▼-7.21%,11,28,39,31,90,-,220,48
TXO,202606W4,20260624.0,48300.0,Put,-,-,-,-,2450,-,-,0,0,0,0,-,-,-,-
TXO,202606W4,20260624.0,48400.0,Call,60,103,46,94,94,▼-7,▼-6.93%,1,34,35,26,88,164,212,46
TXO,202606W4,20260624.0,48400.0,Put,-,-,-,-,2530,-,-,0,0,0,0,-,2560,-,-
TXO,202606W4,20260624.0,48500.0,Call,45,91,34,78,88,▼-16,▼-17.02%,13,124,137,172,60,-,185,34
TXO,202606W4,20260624.0,48500.0,Put,-,-,-,-,2630,-,-,0,0,0,0,2570,2650,-,-
TXO,202606W4,20260624.0,48600.0,Call,37.5,79,37.5,70,79,▼-13,▼-15.66%,3,16,19,20,69,180,180,37.5
TXO,202606W4,20260624.0,48600.0,Put,-,-,-,-,2720,-,-,0,0,0,0,-,2750,-,-
TXO,202606W4,20260624.0,48700.0,Call,34.5,77,33.5,65,65,▼-15,▼-18.75%,9,4,13,16,36,-,160,33.5
TXO,202606W4,20260624.0,48700.0,Put,-,-,-,-,2810,-,-,0,0,0,0,-,2840,-,-
TXO,202606W4,20260624.0,48800.0,Call,32,69,26,57,57,▼-15,▼-20.83%,6,11,17,20,12,72,144,26
TXO,202606W4,20260624.0,48800.0,Put,-,-,-,-,2900,-,-,0,0,0,0,-,2940,-,-
TXO,202606W4,20260624.0,48900.0,Call,29.5,57,20,50,50,▼-6,▼-10.71%,2,18,20,7,40,51,135,20
TXO,202606W4,20260624.0,48900.0,Put,-,-,-,-,2990,-,-,0,0,0,0,-,3030,-,-
TXO,202606W4,20260624.0,49000.0,Call,30,53,19,47,47,▼-4,▼-7.84%,105,85,190,79,37.5,52,143,19
TXO,202606W4,20260624.0,49000.0,Put,-,-,-,-,3090,-,-,0,0,0,0,3040,-,-,-
TXO,202606W4,20260624.0,49100.0,Call,20,40,20,40,40,▼-7.5,▼-15.79%,8,5,13,6,30,120,132,20
TXO,202606W4,20260624.0,49100.0,Put,-,-,-,-,3180,-,-,0,0,0,0,3140,-,-,-
TXO,202606W4,20260624.0,49200.0,Call,25.5,39,15,36,36,▼-9,▼-20.00%,18,18,36,74,15,36.5,122,15
TXO,202606W4,20260624.0,49200.0,Put,-,-,-,-,3270,-,-,0,0,0,0,3230,-,-,-
TXO,202606W4,20260624.0,49300.0,Call,18.5,34.5,16,34.5,34.5,▼-3.5,▼-9.21%,2,5,7,4,15.5,29.5,34.5,16
TXO,202606W4,20260624.0,49300.0,Put,-,-,-,-,3370,-,-,0,0,0,0,-,3410,-,-
TXO,202606W4,20260624.0,49400.0,Call,15,32,15,31,25,▼-6,▼-16.22%,3,5,8,4,1,118,38,15
TXO,202606W4,20260624.0,49400.0,Put,-,-,-,-,3460,-,-,0,0,0,0,-,3510,-,-
TXO,202606W4,20260624.0,49500.0,Call,13,31,9,31,20.5,▲+0.5,▲+1.64%,10,41,51,5,10.5,-,31,9
TXO,202606W4,20260624.0,49500.0,Put,-,-,-,-,3560,-,-,0,0,0,0,-,3600,-,-
TXO,202606W4,20260624.0,49600.0,Call,16.5,16.5,16.5,16.5,16.5,▼-11,▼-40.00%,15,2,17,13,0.8,29.5,42,16.5
TXO,202606W4,20260624.0,49600.0,Put,-,-,-,-,3650,-,-,0,0,0,0,-,3690,-,-
TXO,202606W4,20260624.0,49700.0,Call,10,19.5,10,19.5,14,▼-5,▼-20.41%,0,6,6,2,2.9,-,30,10
TXO,202606W4,20260624.0,49700.0,Put,-,-,-,-,3750,-,-,0,0,0,0,-,3800,-,-
TXO,202606W4,20260624.0,49800.0,Call,15.5,16,15.5,16,11.5,▼-6,▼-27.27%,6,2,8,8,0.6,-,48,15.5
TXO,202606W4,20260624.0,49800.0,Put,-,-,-,-,3850,-,-,0,0,0,0,-,3900,-,-
TXO,202606W4,20260624.0,49900.0,Call,9.7,9.7,9.7,9.7,9.7,▼-10.3,▼-51.50%,1,1,2,2,9,-,51,9.7
TXO,202606W4,20260624.0,49900.0,Put,-,-,-,-,3950,-,-,0,0,0,0,-,3990,-,-
TXO,202606W4,20260624.0,50000.0,Call,12.5,14,5.9,13,7.9,▼-5,▼-27.78%,75,25,100,121,6.2,2430,49,5.9
TXO,202606W4,20260624.0,50000.0,Put,-,-,-,-,4040,-,-,0,0,0,0,-,4090,-,-
TXO,202606W4,20260624.0,50100.0,Call,-,-,-,-,6.5,-,-,0,0,0,0,2.9,-,-,-
TXO,202606W4,20260624.0,50100.0,Put,-,-,-,-,4140,-,-,0,0,0,0,3860,4200,-,-
TXO,202606W4,20260624.0,50200.0,Call,12.5,13,12.5,13,5.3,▼-1,▼-7.14%,0,2,2,2,1,11.5,13,12.5
TXO,202606W4,20260624.0,50200.0,Put,-,-,-,-,4240,-,-,0,0,0,0,3960,4290,-,-
TXO,202606W4,20260624.0,50300.0,Call,11,11,11,11,4.3,▼-1,▼-8.33%,0,2,2,2,2,99,11,11
TXO,202606W4,20260624.0,50300.0,Put,-,-,-,-,4340,-,-,0,0,0,0,4060,4400,-,-
TXO,202606W4,20260624.0,50400.0,Call,6.9,7.6,2.2,4.7,3.5,▼-5.3,▼-53.00%,0,853,853,852,2.2,3.8,7.6,2.2
TXO,202606W4,20260624.0,50400.0,Put,-,-,-,-,4440,-,-,0,0,0,0,-,4490,-,-
TXO,202606F4,20260626.0,38800.0,Call,-,-,-,-,7250,-,-,0,0,0,0,7180,-,-,-
TXO,202606F4,20260626.0,38800.0,Put,49.5,57,33.5,34.5,34.5,▼-8.5,▼-19.77%,18,84,102,60,20,35,166,32
TXO,202606F4,20260626.0,38900.0,Call,-,-,-,-,7150,-,-,0,0,0,0,-,-,-,-
TXO,202606F4,20260626.0,38900.0,Put,50,51,39,39,36.5,▼-6.5,▼-14.29%,0,3,3,8,5.6,40,154,39
TXO,202606F4,20260626.0,39000.0,Call,-,-,-,-,7060,-,-,0,0,0,0,-,-,-,-
TXO,202606F4,20260626.0,39000.0,Put,52,60,48,48,37.5,▼-1,▼-2.04%,2,17,19,22,19,64,150,41
TXO,202606F4,20260626.0,39100.0,Call,-,-,-,-,6960,-,-,0,0,0,0,-,-,-,-
TXO,202606F4,20260626.0,39100.0,Put,56,56,56,56,38.5,▲+6.5,▲+13.13%,0,1,1,1,0.4,-,56,56
TXO,202606F4,20260626.0,39200.0,Call,-,-,-,-,6860,-,-,0,0,0,0,-,-,-,-
TXO,202606F4,20260626.0,39200.0,Put,-,-,-,-,40,-,-,0,0,0,0,0.4,-,-,-
TXO,202606F4,20260626.0,39300.0,Call,-,-,-,-,6760,-,-,0,0,0,0,-,-,-,-
TXO,202606F4,20260626.0,39300.0,Put,-,-,-,-,41,-,-,0,0,0,5,2.9,150,173,173
TXO,202606F4,20260626.0,39400.0,Call,-,-,-,-,6660,-,-,0,0,0,0,-,-,-,-
TXO,202606F4,20260626.0,39400.0,Put,-,-,-,-,42.5,-,-,0,0,0,5,0.4,197,180,180
TXO,202606F4,20260626.0,39500.0,Call,-,-,-,-,6560,-,-,0,0,0,0,-,-,-,-
TXO,202606F4,20260626.0,39500.0,Put,-,-,-,-,44,-,-,0,0,0,7,2.9,153,197,50
TXO,202606F4,20260626.0,39600.0,Call,-,-,-,-,6460,-,-,0,0,0,0,6390,-,-,-
TXO,202606F4,20260626.0,39600.0,Put,-,-,-,-,45,-,-,0,0,0,7,3,155,212,53
TXO,202606F4,20260626.0,39700.0,Call,-,-,-,-,6360,-,-,0,0,0,0,-,-,-,-
TXO,202606F4,20260626.0,39700.0,Put,45,45,45,45,45,▼-16,▼-26.23%,0,1,1,6,1.4,157,222,45
TXO,202606F4,20260626.0,39800.0,Call,-,-,-,-,6270,-,-,0,0,0,0,-,-,-,-
TXO,202606F4,20260626.0,39800.0,Put,-,-,-,-,48.5,-,-,0,0,0,5,1.3,159,232,232
TXO,202606F4,20260626.0,39900.0,Call,-,-,-,-,6170,-,-,0,0,0,0,-,-,-,-
TXO,202606F4,20260626.0,39900.0,Put,68,69,68,69,50,▲+4,▲+6.15%,4,3,7,5,1.5,104,250,63
TXO,202606F4,20260626.0,40000.0,Call,-,-,-,-,6070,-,-,0,0,0,0,-,-,-,-
TXO,202606F4,20260626.0,40000.0,Put,83,83,55,55,51,▼-11,▼-16.67%,9,102,111,114,43,81,298,55
TXO,202606F4,20260626.0,40100.0,Call,-,-,-,-,5970,-,-,0,0,0,0,-,-,-,-
TXO,202606F4,20260626.0,40100.0,Put,70,70,58,58,53,▼-12,▼-17.14%,7,3,10,3,2.9,68,89,58
TXO,202606F4,20260626.0,40200.0,Call,-,-,-,-,5870,-,-,0,0,0,0,-,-,-,-
TXO,202606F4,20260626.0,40200.0,Put,-,-,-,-,55,-,-,0,0,0,0,0.6,-,-,-
TXO,202606F4,20260626.0,40300.0,Call,-,-,-,-,5780,-,-,0,0,0,0,-,-,-,-
TXO,202606F4,20260626.0,40300.0,Put,-,-,-,-,57,-,-,0,0,0,0,0.6,-,-,-
TXO,202606F4,20260626.0,40400.0,Call,-,-,-,-,5680,-,-,0,0,0,0,-,-,-,-
TXO,202606F4,20260626.0,40400.0,Put,-,-,-,-,59,-,-,0,0,0,4,0.6,172,102,95
TXO,202606F4,20260626.0,40500.0,Call,-,-,-,-,5580,-,-,0,0,0,0,5510,-,-,-
TXO,202606F4,20260626.0,40500.0,Put,-,-,-,-,62,-,-,0,0,0,0,0.6,-,305,80
TXO,202606F4,20260626.0,40600.0,Call,-,-,-,-,5480,-,-,0,0,0,0,-,-,-,-
TXO,202606F4,20260626.0,40600.0,Put,69,69,69,69,64,▼-15,▼-17.86%,0,1,1,7,0.6,178,111,69
TXO,202606F4,20260626.0,40700.0,Call,-,-,-,-,5380,-,-,0,0,0,0,-,-,-,-
TXO,202606F4,20260626.0,40700.0,Put,-,-,-,-,66,-,-,0,0,0,0,3,-,-,-
TXO,202606F4,20260626.0,40800.0,Call,-,-,-,-,5290,-,-,0,0,0,0,-,-,-,-
TXO,202606F4,20260626.0,40800.0,Put,100,100,100,100,69,▲+9,▲+9.89%,0,1,1,1,0.7,184,100,100
TXO,202606F4,20260626.0,40900.0,Call,-,-,-,-,5190,-,-,0,0,0,0,-,-,-,-
TXO,202606F4,20260626.0,40900.0,Put,102,102,102,102,71,▲+7,▲+7.37%,0,4,4,7,0.7,188,325,90
TXO,202606F4,20260626.0,41000.0,Call,-,-,-,-,5090,-,-,0,0,0,0,-,-,-,-
TXO,202606F4,20260626.0,41000.0,Put,106,106,86,86,75,▼-13,▼-13.13%,0,9,9,10,50,550,360,86
TXO,202606F4,20260626.0,41100.0,Call,-,-,-,-,5000,-,-,0,0,0,0,4930,-,-,-
TXO,202606F4,20260626.0,41100.0,Put,104,104,104,104,78,▲+3,▲+2.97%,0,1,1,1,2.9,-,104,104
TXO,202606F4,20260626.0,41200.0,Call,-,-,-,-,4900,-,-,0,0,0,0,-,-,-,-
TXO,202606F4,20260626.0,41200.0,Put,-,-,-,-,81,-,-,0,0,0,1,0.8,199,351,351
TXO,202606F4,20260626.0,41300.0,Call,-,-,-,-,4800,-,-,0,0,0,0,-,-,-,-
TXO,202606F4,20260626.0,41300.0,Put,127,127,127,127,85,▲+18,▲+16.51%,0,1,1,2,3,200,127,104
TXO,202606F4,20260626.0,41400.0,Call,-,-,-,-,4710,-,-,0,0,0,0,4390,-,-,-
TXO,202606F4,20260626.0,41400.0,Put,-,-,-,-,88,-,-,0,0,0,0,1.2,-,-,-
TXO,202606F4,20260626.0,41500.0,Call,-,-,-,-,4610,-,-,0,0,0,0,4540,-,-,-
TXO,202606F4,20260626.0,41500.0,Put,105,105,105,105,91,▼-16,▼-13.22%,0,6,6,7,90,-,471,105
TXO,202606F4,20260626.0,41600.0,Call,-,-,-,-,4510,-,-,0,0,0,0,4450,-,-,-
TXO,202606F4,20260626.0,41600.0,Put,144,144,100,102,95,▼-28,▼-21.54%,0,27,27,21,1.3,-,144,100
TXO,202606F4,20260626.0,41700.0,Call,-,-,-,-,4420,-,-,0,0,0,0,4360,-,-,-
TXO,202606F4,20260626.0,41700.0,Put,-,-,-,-,99,-,-,0,0,0,1,23.5,224,470,165
TXO,202606F4,20260626.0,41800.0,Call,-,-,-,-,4320,-,-,0,0,0,0,4260,-,-,-
TXO,202606F4,20260626.0,41800.0,Put,-,-,-,-,106,-,-,0,0,0,3,1.3,230,149,148
TXO,202606F4,20260626.0,41900.0,Call,-,-,-,-,4230,-,-,0,0,0,0,15,-,-,-
TXO,202606F4,20260626.0,41900.0,Put,-,-,-,-,110,-,-,0,0,0,2,5.3,236,150,149
TXO,202606F4,20260626.0,41950.0,Call,-,-,-,-,4180,-,-,0,0,0,0,15,-,-,-
TXO,202606F4,20260626.0,41950.0,Put,-,-,-,-,113,-,-,0,0,0,0,5.3,-,-,-
TXO,202606F4,20260626.0,42000.0,Call,-,-,-,-,4130,-,-,0,0,0,0,15,-,-,-
TXO,202606F4,20260626.0,42000.0,Put,175,182,156,156,116,▲+2,▲+1.30%,7,11,18,20,83,-,620,145
TXO,202606F4,20260626.0,42050.0,Call,-,-,-,-,4090,-,-,0,0,0,0,4020,-,-,-
TXO,202606F4,20260626.0,42050.0,Put,-,-,-,-,118,-,-,0,0,0,2,22,-,158,158
TXO,202606F4,20260626.0,42100.0,Call,-,-,-,-,4040,-,-,0,0,0,0,3980,-,-,-
TXO,202606F4,20260626.0,42100.0,Put,-,-,-,-,121,-,-,0,0,0,1,1.5,250,161,161
TXO,202606F4,20260626.0,42150.0,Call,-,-,-,-,3990,-,-,0,0,0,0,3930,-,-,-
TXO,202606F4,20260626.0,42150.0,Put,133,133,133,133,123,▼-33,▼-19.88%,0,1,1,2,1.5,224,227,133
TXO,202606F4,20260626.0,42200.0,Call,-,-,-,-,3950,-,-,0,0,0,0,3880,-,-,-
TXO,202606F4,20260626.0,42200.0,Put,156,164,128,128,128,▼-40,▼-23.81%,0,3,3,6,56,257,208,128
TXO,202606F4,20260626.0,42250.0,Call,-,-,-,-,3900,-,-,0,0,0,0,15,-,-,-
TXO,202606F4,20260626.0,42250.0,Put,-,-,-,-,131,-,-,0,0,0,0,1.6,-,-,-
TXO,202606F4,20260626.0,42300.0,Call,-,-,-,-,3850,-,-,0,0,0,0,3790,-,-,-
TXO,202606F4,20260626.0,42300.0,Put,140,140,140,140,134,▼-39,▼-21.79%,0,1,1,2,1.6,265,173,140
TXO,202606F4,20260626.0,42350.0,Call,-,-,-,-,3810,-,-,0,0,0,0,3740,-,-,-
TXO,202606F4,20260626.0,42350.0,Put,-,-,-,-,137,-,-,0,0,0,0,1.7,-,625,208
TXO,202606F4,20260626.0,42400.0,Call,-,-,-,-,3760,-,-,0,0,0,0,15,-,-,-
TXO,202606F4,20260626.0,42400.0,Put,-,-,-,-,139,-,-,0,0,0,1,2.3,-,285,274
TXO,202606F4,20260626.0,42450.0,Call,-,-,-,-,3710,-,-,0,0,0,0,15,-,-,-
TXO,202606F4,20260626.0,42450.0,Put,-,-,-,-,143,-,-,1,0,1,1,2.3,278,250,250
TXO,202606F4,20260626.0,42500.0,Call,-,-,-,-,3670,-,-,0,0,0,0,3600,-,-,-
TXO,202606F4,20260626.0,42500.0,Put,209,210,158,158,147,▼-40,▼-20.20%,6,6,12,4,124,267,610,158
TXO,202606F4,20260626.0,42550.0,Call,-,-,-,-,3620,-,-,0,0,0,0,3560,-,-,-
TXO,202606F4,20260626.0,42550.0,Put,-,-,-,-,150,-,-,0,0,0,0,2.6,-,-,-
TXO,202606F4,20260626.0,42600.0,Call,-,-,-,-,3570,-,-,0,0,0,0,3510,-,-,-
TXO,202606F4,20260626.0,42600.0,Put,247,250,194,194,154,▼-14,▼-6.73%,1,4,5,10,80,292,250,194
TXO,202606F4,20260626.0,42650.0,Call,-,-,-,-,3530,-,-,0,0,0,0,15,-,-,-
TXO,202606F4,20260626.0,42650.0,Put,-,-,-,-,158,-,-,0,0,0,0,5.4,-,-,-
TXO,202606F4,20260626.0,42700.0,Call,-,-,-,-,3480,-,-,0,0,0,0,15,-,-,-
TXO,202606F4,20260626.0,42700.0,Put,-,-,-,-,163,-,-,0,0,0,0,12,-,-,-
TXO,202606F4,20260626.0,42750.0,Call,-,-,-,-,3440,-,-,0,0,0,0,3370,-,-,-
TXO,202606F4,20260626.0,42750.0,Put,-,-,-,-,167,-,-,0,0,0,0,16.5,-,-,-
TXO,202606F4,20260626.0,42800.0,Call,-,-,-,-,3390,-,-,0,0,0,0,3330,-,-,-
TXO,202606F4,20260626.0,42800.0,Put,-,-,-,-,171,-,-,1,0,1,2,16.5,312,330,240
TXO,202606F4,20260626.0,42850.0,Call,-,-,-,-,3350,-,-,0,0,0,0,3290,-,-,-
TXO,202606F4,20260626.0,42850.0,Put,-,-,-,-,176,-,-,0,0,0,5,2,3000,780,230
TXO,202606F4,20260626.0,42900.0,Call,-,-,-,-,3300,-,-,0,0,0,0,15,-,-,-
TXO,202606F4,20260626.0,42900.0,Put,260,260,189,189,181,▼-52,▼-21.58%,1,3,4,1,16.5,281,291,189
TXO,202606F4,20260626.0,42950.0,Call,-,-,-,-,3260,-,-,0,0,0,0,3190,-,-,-
TXO,202606F4,20260626.0,42950.0,Put,-,-,-,-,185,-,-,0,0,0,0,16.5,-,-,-
TXO,202606F4,20260626.0,43000.0,Call,-,-,-,-,3210,-,-,0,0,0,0,15,-,-,-
TXO,202606F4,20260626.0,43000.0,Put,305,315,212,220,191,▼-35,▼-13.73%,25,35,60,56,185,321,500,212
TXO,202606F4,20260626.0,43050.0,Call,-,-,-,-,3170,-,-,0,0,0,0,3100,-,-,-
TXO,202606F4,20260626.0,43050.0,Put,-,-,-,-,196,-,-,0,0,0,2,16.5,-,560,540
TXO,202606F4,20260626.0,43100.0,Call,-,-,-,-,3120,-,-,0,0,0,0,3060,-,-,-
TXO,202606F4,20260626.0,43100.0,Put,-,-,-,-,201,-,-,0,0,0,4,15,-,840,246
TXO,202606F4,20260626.0,43150.0,Call,-,-,-,-,3080,-,-,0,0,0,0,3010,-,-,-
TXO,202606F4,20260626.0,43150.0,Put,-,-,-,-,205,-,-,0,0,0,50,30,355,279,250
TXO,202606F4,20260626.0,43200.0,Call,-,-,-,-,3030,-,-,0,0,0,0,2970,-,-,-
TXO,202606F4,20260626.0,43200.0,Put,-,-,-,-,212,-,-,0,0,0,0,16.5,-,-,-
TXO,202606F4,20260626.0,43250.0,Call,-,-,-,-,2990,-,-,0,0,0,0,15,-,-,-
TXO,202606F4,20260626.0,43250.0,Put,308,308,308,308,218,▲+17,▲+5.84%,0,1,1,1,16.5,-,308,308
TXO,202606F4,20260626.0,43300.0,Call,-,-,-,-,2940,-,-,0,0,0,0,2880,-,-,-
TXO,202606F4,20260626.0,43300.0,Put,360,360,243,243,223,▼-55,▼-18.46%,0,3,3,10,88,377,1000,243
TXO,202606F4,20260626.0,43350.0,Call,-,-,-,-,2900,-,-,0,0,0,0,2840,-,-,-
TXO,202606F4,20260626.0,43350.0,Put,-,-,-,-,230,-,-,1,0,1,20,16.5,384,390,314
TXO,202606F4,20260626.0,43400.0,Call,-,-,-,-,2860,-,-,0,0,0,0,2800,-,-,-
TXO,202606F4,20260626.0,43400.0,Put,-,-,-,-,237,-,-,0,0,0,2,16.5,393,1030,303
TXO,202606F4,20260626.0,43450.0,Call,-,-,-,-,2810,-,-,0,0,0,0,2750,-,-,-
TXO,202606F4,20260626.0,43450.0,Put,-,-,-,-,243,-,-,0,0,0,0,16.5,-,-,-
TXO,202606F4,20260626.0,43500.0,Call,2420,2550,2230,2550,2770,▼-90,▼-3.41%,0,142,142,0,2490,-,2870,1690
TXO,202606F4,20260626.0,43500.0,Put,293,293,293,293,252,▼-35,▼-10.67%,1,1,2,15,38,409,345,293
TXO,202606F4,20260626.0,43550.0,Call,-,-,-,-,2730,-,-,0,0,0,0,15,-,-,-
TXO,202606F4,20260626.0,43550.0,Put,-,-,-,-,260,-,-,0,0,0,20,16.5,417,354,354
TXO,202606F4,20260626.0,43600.0,Call,-,-,-,-,2690,-,-,0,0,0,0,2620,-,-,-
TXO,202606F4,20260626.0,43600.0,Put,283,283,283,283,265,▼-67,▼-19.14%,0,1,1,11,16.5,425,343,283
TXO,202606F4,20260626.0,43650.0,Call,-,-,-,-,2640,-,-,0,0,0,0,2580,-,-,-
TXO,202606F4,20260626.0,43650.0,Put,-,-,-,-,272,-,-,0,0,0,0,16.5,-,-,-
TXO,202606F4,20260626.0,43700.0,Call,-,-,-,-,2600,-,-,0,0,0,0,2540,-,-,-
TXO,202606F4,20260626.0,43700.0,Put,-,-,-,-,281,-,-,0,0,0,35,16.5,444,389,351
TXO,202606F4,20260626.0,43750.0,Call,-,-,-,-,2560,-,-,0,0,0,0,15,-,-,-
TXO,202606F4,20260626.0,43750.0,Put,-,-,-,-,288,-,-,0,0,0,0,42,-,-,-
TXO,202606F4,20260626.0,43800.0,Call,-,-,-,-,2520,-,-,0,0,0,1,2450,2600,1670,1670
TXO,202606F4,20260626.0,43800.0,Put,392,392,392,392,296,▲+7,▲+1.82%,0,1,1,25,16.5,462,392,365
TXO,202606F4,20260626.0,43850.0,Call,-,-,-,-,2480,-,-,0,0,0,0,2410,-,-,-
TXO,202606F4,20260626.0,43850.0,Put,-,-,-,-,305,-,-,0,0,0,31,16.5,473,1200,351
TXO,202606F4,20260626.0,43900.0,Call,-,-,-,-,2430,-,-,0,0,0,0,15,-,-,-
TXO,202606F4,20260626.0,43900.0,Put,-,-,-,-,314,-,-,0,0,0,1,16.5,-,396,396
TXO,202606F4,20260626.0,43950.0,Call,-,-,-,-,2390,-,-,0,0,0,0,2330,-,-,-
TXO,202606F4,20260626.0,43950.0,Put,-,-,-,-,322,-,-,0,0,0,1,16.5,-,1160,1160
TXO,202606F4,20260626.0,44000.0,Call,-,-,-,-,2350,-,-,0,0,0,0,2300,-,-,-
TXO,202606F4,20260626.0,44000.0,Put,419,419,413,413,332,▼-15,▼-3.50%,4,10,14,45,136,505,585,402
TXO,202606F4,20260626.0,44050.0,Call,-,-,-,-,2310,-,-,0,0,0,0,2250,-,-,-
TXO,202606F4,20260626.0,44050.0,Put,-,-,-,-,342,-,-,0,0,0,0,47.5,-,-,-
TXO,202606F4,20260626.0,44100.0,Call,1800,1900,1800,1900,2270,▼-270,▼-12.44%,0,2,2,0,2210,-,1900,1420
TXO,202606F4,20260626.0,44100.0,Put,-,-,-,-,351,-,-,0,0,0,1,16.5,-,505,505
TXO,202606F4,20260626.0,44150.0,Call,-,-,-,-,2230,-,-,0,0,0,0,2170,-,-,-
TXO,202606F4,20260626.0,44150.0,Put,-,-,-,-,361,-,-,0,0,0,0,16.5,-,-,-
TXO,202606F4,20260626.0,44200.0,Call,-,-,-,-,2190,-,-,0,0,0,0,2130,-,-,-
TXO,202606F4,20260626.0,44200.0,Put,-,-,-,-,371,-,-,0,0,0,1,41.5,550,1220,1220
TXO,202606F4,20260626.0,44250.0,Call,-,-,-,-,2150,-,-,0,0,0,0,15,-,-,-
TXO,202606F4,20260626.0,44250.0,Put,-,-,-,-,380,-,-,0,0,0,0,16.5,-,-,-
TXO,202606F4,20260626.0,44300.0,Call,-,-,-,-,2110,-,-,0,0,0,0,15,-,-,-
TXO,202606F4,20260626.0,44300.0,Put,-,-,-,-,392,-,-,0,0,0,0,21,-,-,-
TXO,202606F4,20260626.0,44350.0,Call,-,-,-,-,2070,-,-,0,0,0,0,15,-,-,-
TXO,202606F4,20260626.0,44350.0,Put,540,540,540,540,403,▲+15,▲+2.86%,0,1,1,1,32.5,-,540,540
TXO,202606F4,20260626.0,44400.0,Call,-,-,-,-,2030,-,-,0,0,0,1,15,2120,1200,1200
TXO,202606F4,20260626.0,44400.0,Put,525,525,525,525,413,▼-5,▼-0.94%,2,2,4,5,88,-,1280,505
TXO,202606F4,20260626.0,44450.0,Call,-,-,-,-,2000,-,-,0,0,0,0,1930,-,-,-
TXO,202606F4,20260626.0,44450.0,Put,-,-,-,-,425,-,-,0,0,0,0,60,-,-,-
TXO,202606F4,20260626.0,44500.0,Call,1900,1900,1900,1900,1960,▲+30,▲+1.60%,0,1,1,0,1900,-,2200,1270
TXO,202606F4,20260626.0,44500.0,Put,-,-,-,-,439,-,-,6,0,6,2,74,-,735,520
TXO,202606F4,20260626.0,44550.0,Call,-,-,-,-,1920,-,-,0,0,0,0,15,-,-,-
TXO,202606F4,20260626.0,44550.0,Put,-,-,-,-,450,-,-,0,0,0,0,88,-,-,-
TXO,202606F4,20260626.0,44600.0,Call,-,-,-,-,1880,-,-,0,0,0,0,1830,1870,2130,1060
TXO,202606F4,20260626.0,44600.0,Put,600,600,600,600,462,▲+15,▲+2.56%,0,1,1,2,101,575,1250,600
TXO,202606F4,20260626.0,44650.0,Call,-,-,-,-,1840,-,-,0,0,0,0,1790,-,-,-
TXO,202606F4,20260626.0,44650.0,Put,-,-,-,-,474,-,-,0,0,0,0,117,-,-,-
TXO,202606F4,20260626.0,44700.0,Call,-,-,-,-,1810,-,-,0,0,0,0,15,-,1160,1020
TXO,202606F4,20260626.0,44700.0,Put,-,-,-,-,488,-,-,0,0,0,2,132,740,675,610
TXO,202606F4,20260626.0,44750.0,Call,-,-,-,-,1770,-,-,0,0,0,0,1720,-,-,-
TXO,202606F4,20260626.0,44750.0,Put,-,-,-,-,500,-,-,0,0,0,0,147,-,-,-
TXO,202606F4,20260626.0,44800.0,Call,-,-,-,-,1740,-,-,0,0,0,0,15,-,1130,975
TXO,202606F4,20260626.0,44800.0,Put,-,-,-,-,515,-,-,0,0,0,1,163,-,625,600
TXO,202606F4,20260626.0,44850.0,Call,-,-,-,-,1700,-,-,0,0,0,0,1650,1680,-,-
TXO,202606F4,20260626.0,44850.0,Put,-,-,-,-,530,-,-,0,0,0,0,96,-,-,-
TXO,202606F4,20260626.0,44900.0,Call,-,-,-,-,1670,-,-,0,0,0,0,1610,-,-,-
TXO,202606F4,20260626.0,44900.0,Put,755,755,715,755,545,▲+80,▲+11.85%,0,20,20,20,152,-,755,715
TXO,202606F4,20260626.0,44950.0,Call,-,-,-,-,1630,-,-,0,0,0,0,1580,-,-,-
TXO,202606F4,20260626.0,44950.0,Put,650,650,650,650,560,▼-45,▼-6.47%,0,5,5,5,168,655,720,650
TXO,202606F4,20260626.0,45000.0,Call,-,-,-,-,1600,-,-,0,0,0,0,15,-,945,895
TXO,202606F4,20260626.0,45000.0,Put,820,840,630,630,575,▼-80,▼-11.27%,7,26,33,23,122,-,840,630
TXO,202606F4,20260626.0,45050.0,Call,-,-,-,-,1560,-,-,0,0,0,0,15,-,-,-
TXO,202606F4,20260626.0,45050.0,Put,-,-,-,-,595,-,-,0,0,0,0,200,-,-,-
TXO,202606F4,20260626.0,45100.0,Call,-,-,-,-,1530,-,-,0,0,0,0,1470,-,-,-
TXO,202606F4,20260626.0,45100.0,Put,775,775,775,775,610,▲+30,▲+4.03%,1,10,11,11,173,-,910,775
TXO,202606F4,20260626.0,45150.0,Call,-,-,-,-,1500,-,-,0,0,0,0,1440,-,-,-
TXO,202606F4,20260626.0,45150.0,Put,-,-,-,-,625,-,-,0,0,0,0,189,-,-,-
TXO,202606F4,20260626.0,45200.0,Call,-,-,-,-,1460,-,-,0,0,0,0,15,-,-,-
TXO,202606F4,20260626.0,45200.0,Put,915,915,915,915,640,▲+140,▲+18.06%,0,1,1,1,206,770,915,775
TXO,202606F4,20260626.0,45250.0,Call,-,-,-,-,1430,-,-,0,0,0,0,1370,-,-,-
TXO,202606F4,20260626.0,45250.0,Put,715,715,715,715,660,▼-85,▼-10.63%,0,5,5,5,223,810,715,715
TXO,202606F4,20260626.0,45300.0,Call,1060,1060,1060,1060,1400,▼-270,▼-20.30%,0,5,5,5,1340,1490,1060,1060
TXO,202606F4,20260626.0,45300.0,Put,840,840,735,735,675,▼-80,▼-9.82%,1,7,8,6,585,-,840,735
TXO,202606F4,20260626.0,45350.0,Call,-,-,-,-,1360,-,-,0,0,0,0,1050,-,-,-
TXO,202606F4,20260626.0,45350.0,Put,-,-,-,-,690,-,-,0,0,0,0,605,-,-,-
TXO,202606F4,20260626.0,45400.0,Call,-,-,-,-,1330,-,-,0,0,0,20,1280,1310,1560,1530
TXO,202606F4,20260626.0,45400.0,Put,840,840,840,840,710,▼-15,▼-1.75%,0,1,1,1,620,-,870,840
TXO,202606F4,20260626.0,45450.0,Call,1130,1130,1130,1130,1300,▼-110,▼-8.87%,0,1,1,1,1240,-,1130,1130
TXO,202606F4,20260626.0,45450.0,Put,840,840,840,840,730,▼-35,▼-4.00%,0,1,1,1,630,830,840,840
TXO,202606F4,20260626.0,45500.0,Call,980,980,980,980,1270,▼-230,▼-19.01%,0,1,1,1,1210,1350,980,980
TXO,202606F4,20260626.0,45500.0,Put,-,-,-,-,750,-,-,12,0,12,4,655,1560,1100,865
TXO,202606F4,20260626.0,45550.0,Call,1090,1090,1090,1090,1240,▼-90,▼-7.63%,0,3,3,3,1090,-,1090,1090
TXO,202606F4,20260626.0,45550.0,Put,875,880,875,880,765,▼-40,▼-4.35%,7,8,15,9,314,915,935,875
TXO,202606F4,20260626.0,45600.0,Call,-,-,-,-,1210,-,-,0,0,0,3,1150,-,1180,1140
TXO,202606F4,20260626.0,45600.0,Put,850,850,850,850,785,▼-95,▼-10.05%,0,1,1,3,15,895,1050,850
TXO,202606F4,20260626.0,45650.0,Call,975,975,975,975,1180,▼-145,▼-12.95%,0,5,5,5,1030,-,975,975
TXO,202606F4,20260626.0,45650.0,Put,-,-,-,-,805,-,-,0,0,0,0,15,-,-,-
TXO,202606F4,20260626.0,45700.0,Call,-,-,-,-,1150,-,-,0,0,0,3,975,-,1480,700
TXO,202606F4,20260626.0,45700.0,Put,-,-,-,-,825,-,-,0,0,0,0,15,-,-,-
TXO,202606F4,20260626.0,45750.0,Call,1020,1020,980,1020,1120,▼-40,▼-3.77%,0,11,11,8,945,-,1050,980
TXO,202606F4,20260626.0,45750.0,Put,930,975,925,925,845,▼-70,▼-7.04%,0,11,11,8,15,1010,1010,925
TXO,202606F4,20260626.0,45800.0,Call,780,940,780,940,1090,▼-90,▼-8.74%,1,6,7,17,915,-,1330,780
TXO,202606F4,20260626.0,45800.0,Put,-,-,-,-,870,-,-,0,0,0,0,15,-,-,-
TXO,202606F4,20260626.0,45850.0,Call,715,990,715,990,1060,▼-10,▼-1.00%,0,2,2,0,2.1,-,990,715
TXO,202606F4,20260626.0,45850.0,Put,-,-,-,-,890,-,-,0,0,0,0,15,-,-,-
TXO,202606F4,20260626.0,45900.0,Call,-,-,-,-,1040,-,-,0,0,0,3,545,-,1010,1010
TXO,202606F4,20260626.0,45900.0,Put,-,-,-,-,915,-,-,0,0,0,5,835,-,1140,1030
TXO,202606F4,20260626.0,45950.0,Call,-,-,-,-,1010,-,-,0,0,0,0,15,-,-,-
TXO,202606F4,20260626.0,45950.0,Put,-,-,-,-,940,-,-,0,0,0,0,15,-,-,-
TXO,202606F4,20260626.0,46000.0,Call,-,-,-,-,980,-,-,0,0,0,0,15,-,-,-
TXO,202606F4,20260626.0,46000.0,Put,1200,1200,985,985,960,▼-115,▼-10.45%,0,5,5,7,885,-,1200,985
TXO,202606F4,20260626.0,46050.0,Call,-,-,-,-,945,-,-,0,0,0,0,15,-,-,-
TXO,202606F4,20260626.0,46050.0,Put,-,-,-,-,975,-,-,0,0,0,0,15,-,-,-
TXO,202606F4,20260626.0,46100.0,Call,-,-,-,-,910,-,-,0,0,0,0,15,-,-,-
TXO,202606F4,20260626.0,46100.0,Put,-,-,-,-,990,-,-,0,0,0,21,910,-,1120,1110
TXO,202606F4,20260626.0,46150.0,Call,-,-,-,-,875,-,-,0,0,0,0,15,-,-,-
TXO,202606F4,20260626.0,46150.0,Put,-,-,-,-,1000,-,-,0,0,0,0,15,-,-,-
TXO,202606F4,20260626.0,46200.0,Call,-,-,-,-,845,-,-,0,0,0,0,15,-,-,-
TXO,202606F4,20260626.0,46200.0,Put,-,-,-,-,1020,-,-,0,0,0,0,15,-,-,-
TXO,202606F4,20260626.0,46250.0,Call,-,-,-,-,820,-,-,0,0,0,0,15,-,-,-
TXO,202606F4,20260626.0,46250.0,Put,-,-,-,-,1050,-,-,0,0,0,0,15,1100,-,-
TXO,202606F4,20260626.0,46300.0,Call,-,-,-,-,800,-,-,1,0,1,1,337,-,1050,790
TXO,202606F4,20260626.0,46300.0,Put,-,-,-,-,1080,-,-,0,0,0,0,1090,1120,-,-
TXO,202606F4,20260626.0,46350.0,Call,-,-,-,-,775,-,-,0,0,0,0,15,-,-,-
TXO,202606F4,20260626.0,46350.0,Put,-,-,-,-,1100,-,-,0,0,0,0,15,1150,-,-
TXO,202606F4,20260626.0,46400.0,Call,-,-,-,-,750,-,-,0,0,0,0,620,-,-,-
TXO,202606F4,20260626.0,46400.0,Put,-,-,-,-,1130,-,-,0,0,0,0,15,1180,-,-
TXO,202606F4,20260626.0,46450.0,Call,-,-,-,-,730,-,-,0,0,0,0,600,-,-,-
TXO,202606F4,20260626.0,46450.0,Put,-,-,-,-,1160,-,-,0,0,0,0,1170,1210,-,-
TXO,202606F4,20260626.0,46500.0,Call,-,-,-,-,705,-,-,1,0,1,1,580,-,960,530
TXO,202606F4,20260626.0,46500.0,Put,-,-,-,-,1180,-,-,0,0,0,0,1200,1230,-,-
TXO,202606F4,20260626.0,46550.0,Call,-,-,-,-,685,-,-,0,0,0,0,550,-,-,-
TXO,202606F4,20260626.0,46550.0,Put,-,-,-,-,1210,-,-,0,0,0,0,15,1260,-,-
TXO,202606F4,20260626.0,46600.0,Call,-,-,-,-,665,-,-,0,0,0,0,530,-,-,-
TXO,202606F4,20260626.0,46600.0,Put,-,-,-,-,1240,-,-,0,0,0,0,15,1290,-,-
TXO,202606F4,20260626.0,46650.0,Call,-,-,-,-,645,-,-,0,0,0,0,510,-,-,-
TXO,202606F4,20260626.0,46650.0,Put,-,-,-,-,1270,-,-,0,0,0,0,15,1320,-,-
TXO,202606F4,20260626.0,46700.0,Call,-,-,-,-,625,-,-,0,0,0,0,500,-,-,-
TXO,202606F4,20260626.0,46700.0,Put,-,-,-,-,1300,-,-,0,0,0,0,15,1350,-,-
TXO,202606F4,20260626.0,46750.0,Call,-,-,-,-,605,-,-,0,0,0,0,515,-,-,-
TXO,202606F4,20260626.0,46750.0,Put,-,-,-,-,1340,-,-,0,0,0,0,15,1380,-,-
TXO,202606F4,20260626.0,46800.0,Call,-,-,-,-,590,-,-,0,0,0,0,123,-,-,-
TXO,202606F4,20260626.0,46800.0,Put,-,-,-,-,1370,-,-,0,0,0,0,15,1410,-,-
TXO,202606F4,20260626.0,46850.0,Call,-,-,-,-,570,-,-,0,0,0,0,138,-,-,-
TXO,202606F4,20260626.0,46850.0,Put,-,-,-,-,1400,-,-,0,0,0,0,15,1440,-,-
TXO,202606F4,20260626.0,46900.0,Call,-,-,-,-,555,-,-,0,0,0,0,119,-,-,-
TXO,202606F4,20260626.0,46900.0,Put,-,-,-,-,1430,-,-,0,0,0,0,15,1470,-,-
TXO,202606F4,20260626.0,46950.0,Call,-,-,-,-,535,-,-,0,0,0,0,101,-,-,-
TXO,202606F4,20260626.0,46950.0,Put,-,-,-,-,1460,-,-,0,0,0,0,15,1510,-,-
TXO,202606F4,20260626.0,47000.0,Call,359,525,337,525,525,▲+15,▲+2.94%,8,12,20,30,427,-,700,337
TXO,202606F4,20260626.0,47000.0,Put,-,-,-,-,1500,-,-,0,0,0,0,15,1540,-,-
TXO,202606F4,20260626.0,47050.0,Call,-,-,-,-,497,-,-,0,0,0,0,66,-,-,-
TXO,202606F4,20260626.0,47050.0,Put,-,-,-,-,1530,-,-,0,0,0,0,15,1570,-,-
TXO,202606F4,20260626.0,47100.0,Call,-,-,-,-,476,-,-,0,0,0,11,363,605,765,510
TXO,202606F4,20260626.0,47100.0,Put,-,-,-,-,1550,-,-,0,0,0,0,1570,1610,-,-
TXO,202606F4,20260626.0,47150.0,Call,-,-,-,-,460,-,-,0,0,0,0,366,-,-,-
TXO,202606F4,20260626.0,47150.0,Put,-,-,-,-,1590,-,-,0,0,0,0,15,1640,-,-
TXO,202606F4,20260626.0,47200.0,Call,-,-,-,-,445,-,-,0,0,0,0,16.5,-,-,-
TXO,202606F4,20260626.0,47200.0,Put,-,-,-,-,1620,-,-,0,0,0,0,15,1680,-,-
TXO,202606F4,20260626.0,47300.0,Call,-,-,-,-,414,-,-,0,0,0,2,16.5,-,670,590
TXO,202606F4,20260626.0,47300.0,Put,-,-,-,-,1690,-,-,0,0,0,0,15,1740,-,-
TXO,202606F4,20260626.0,47400.0,Call,-,-,-,-,385,-,-,0,0,0,1,16.5,-,595,290
TXO,202606F4,20260626.0,47400.0,Put,-,-,-,-,1760,-,-,0,0,0,0,15,1820,-,-
TXO,202606F4,20260626.0,47500.0,Call,304,310,304,310,359,▼-51,▼-14.13%,1,2,3,3,198,-,550,248
TXO,202606F4,20260626.0,47500.0,Put,-,-,-,-,1840,-,-,0,0,0,0,15,1890,-,-
TXO,202606F4,20260626.0,47600.0,Call,-,-,-,-,334,-,-,0,0,0,1,16.5,447,520,520
TXO,202606F4,20260626.0,47600.0,Put,-,-,-,-,1910,-,-,0,0,0,0,15,1960,-,-
TXO,202606F4,20260626.0,47700.0,Call,-,-,-,-,311,-,-,0,0,0,0,16.5,-,-,-
TXO,202606F4,20260626.0,47700.0,Put,-,-,-,-,1990,-,-,0,0,0,0,15,2040,-,-
TXO,202606F4,20260626.0,47800.0,Call,204,299,204,299,289,▲+4,▲+1.36%,2,5,7,3,83,-,313,199
TXO,202606F4,20260626.0,47800.0,Put,-,-,-,-,2070,-,-,0,0,0,0,15,-,-,-
TXO,202606F4,20260626.0,47900.0,Call,177,177,177,177,268,▼-98,▼-35.64%,0,1,1,1,16.5,655,177,177
TXO,202606F4,20260626.0,47900.0,Put,-,-,-,-,2150,-,-,0,0,0,0,15,2200,-,-
TXO,202606F4,20260626.0,48000.0,Call,155,276,155,250,250,▼-7,▼-2.72%,14,124,138,128,154,-,276,155
TXO,202606F4,20260626.0,48000.0,Put,-,-,-,-,2230,-,-,0,0,0,0,15,2290,-,-
TXO,202606F4,20260626.0,48100.0,Call,-,-,-,-,230,-,-,0,0,0,0,16.5,-,-,-
TXO,202606F4,20260626.0,48100.0,Put,-,-,-,-,2310,-,-,0,0,0,0,15,2370,-,-
TXO,202606F4,20260626.0,48200.0,Call,-,-,-,-,212,-,-,0,0,0,0,61,-,-,-
TXO,202606F4,20260626.0,48200.0,Put,-,-,-,-,2390,-,-,0,0,0,0,15,2450,-,-
TXO,202606F4,20260626.0,48300.0,Call,-,-,-,-,196,-,-,0,0,0,0,47,-,-,-
TXO,202606F4,20260626.0,48300.0,Put,-,-,-,-,2470,-,-,0,0,0,0,15,2530,-,-
TXO,202606F4,20260626.0,48400.0,Call,100,198,100,198,181,▲+15,▲+8.20%,0,2,2,1,31.5,277,198,100
TXO,202606F4,20260626.0,48400.0,Put,-,-,-,-,2560,-,-,0,0,0,0,15,2610,-,-
TXO,202606F4,20260626.0,48500.0,Call,106,158,106,158,167,▼-7,▼-4.24%,0,3,3,5,28,265,308,106
TXO,202606F4,20260626.0,48500.0,Put,-,-,-,-,2640,-,-,0,0,0,0,15,2700,-,-
TXO,202606F4,20260626.0,48600.0,Call,114,114,114,114,153,▼-42,▼-26.92%,3,1,4,4,25,-,160,114
TXO,202606F4,20260626.0,48600.0,Put,-,-,-,-,2730,-,-,0,0,0,0,15,2790,-,-
TXO,202606F4,20260626.0,48700.0,Call,-,-,-,-,141,-,-,0,0,0,0,21,-,-,-
TXO,202606F4,20260626.0,48700.0,Put,-,-,-,-,2820,-,-,0,0,0,0,15,2870,-,-
TXO,202606F4,20260626.0,48800.0,Call,-,-,-,-,129,-,-,0,0,0,0,20,-,-,-
TXO,202606F4,20260626.0,48800.0,Put,-,-,-,-,2910,-,-,0,0,0,0,15,2970,-,-
TXO,202606F4,20260626.0,48900.0,Call,-,-,-,-,119,-,-,0,0,0,0,15.5,-,-,-
TXO,202606F4,20260626.0,48900.0,Put,-,-,-,-,3000,-,-,0,0,0,0,15,3050,-,-
TXO,202606F4,20260626.0,49000.0,Call,65,120,65,120,109,▲+7,▲+6.19%,2,7,9,4,16.5,220,130,65
TXO,202606F4,20260626.0,49000.0,Put,-,-,-,-,3090,-,-,0,0,0,0,15,3140,-,-
TXO,202606F4,20260626.0,49100.0,Call,-,-,-,-,100,-,-,0,0,0,0,16,-,-,-
TXO,202606F4,20260626.0,49100.0,Put,-,-,-,-,3180,-,-,0,0,0,0,15,3240,-,-
TXO,202606F4,20260626.0,49200.0,Call,75,75,75,75,91,▼-19,▼-20.21%,0,1,1,0,24,-,115,75
TXO,202606F4,20260626.0,49200.0,Put,-,-,-,-,3270,-,-,0,0,0,0,15,3330,-,-
TXO,202606F4,20260626.0,49300.0,Call,-,-,-,-,83,-,-,0,0,0,0,18,-,-,-
TXO,202606F4,20260626.0,49300.0,Put,-,-,-,-,3360,-,-,0,0,0,0,15,3420,-,-
TXO,202606F4,20260626.0,49400.0,Call,50,50,39,39,76,▼-39,▼-50.00%,0,4,4,2,12.5,-,50,39
TXO,202606F4,20260626.0,49400.0,Put,-,-,-,-,3450,-,-,0,0,0,0,15,3520,-,-
TXO,202606F4,20260626.0,49500.0,Call,-,-,-,-,69,-,-,0,0,0,1,8,-,117,117
TXO,202606F4,20260626.0,49500.0,Put,-,-,-,-,3550,-,-,0,0,0,0,15,3610,-,-
TXO,202606F4,20260626.0,49600.0,Call,-,-,-,-,63,-,-,0,0,0,0,6,-,-,-
TXO,202606F4,20260626.0,49600.0,Put,-,-,-,-,3640,-,-,0,0,0,0,15,3710,-,-
TXO,202606F4,20260626.0,49700.0,Call,-,-,-,-,57,-,-,0,0,0,0,5,-,-,-
TXO,202606F4,20260626.0,49700.0,Put,-,-,-,-,3730,-,-,0,0,0,0,15,3800,-,-
TXO,202606F4,20260626.0,49800.0,Call,43,43,40,40,50,▼-14,▼-25.93%,0,3,3,3,5,60,43,40
TXO,202606F4,20260626.0,49800.0,Put,-,-,-,-,3830,-,-,0,0,0,0,15,3890,-,-
TXO,202606F4,20260626.0,49900.0,Call,31,31,31,31,46.5,▼-17.5,▼-36.08%,3,2,5,3,3.3,133,44.5,31
TXO,202606F4,20260626.0,49900.0,Put,-,-,-,-,3920,-,-,0,0,0,0,15,3990,-,-
TXO,202606F4,20260626.0,50000.0,Call,27.5,38,24,37,42,▼-11,▼-22.92%,14,16,30,24,20,100,58,24
TXO,202606F4,20260626.0,50000.0,Put,-,-,-,-,4020,-,-,0,0,0,0,15,4090,-,-
TXO,202606F4,20260626.0,50100.0,Call,-,-,-,-,38,-,-,0,0,0,0,2.3,-,-,-
TXO,202606F4,20260626.0,50100.0,Put,-,-,-,-,4120,-,-,0,0,0,0,15,-,-,-
TXO,202606F4,20260626.0,50200.0,Call,21,21,18.5,18.5,34.5,▼-14,▼-43.08%,0,3,3,2,2.3,-,21,18.5
TXO,202606F4,20260626.0,50200.0,Put,-,-,-,-,4210,-,-,0,0,0,0,15,4280,-,-
TXO,202606F4,20260626.0,50300.0,Call,-,-,-,-,31,-,-,0,0,0,0,5,-,-,-
TXO,202606F4,20260626.0,50300.0,Put,-,-,-,-,4310,-,-,0,0,0,0,15,4370,-,-
TXO,202606F4,20260626.0,50400.0,Call,-,-,-,-,28,-,-,0,0,0,0,1.2,-,-,-
TXO,202606F4,20260626.0,50400.0,Put,-,-,-,-,4410,-,-,0,0,0,0,-,4470,-,-
TXO,202607W1,20260701.0,41200.0,Call,-,-,-,-,5010,-,-,0,0,0,0,-,-,-,-
TXO,202607W1,20260701.0,41200.0,Put,197,227,107,160,160,▲+27,▲+20.30%,0,27,27,27,113,159,227,107
TXO,202607W1,20260701.0,41300.0,Call,-,-,-,-,4920,-,-,0,0,0,0,4780,-,-,-
TXO,202607W1,20260701.0,41300.0,Put,112,192,112,192,173,▲+51,▲+36.17%,0,21,21,21,5.3,297,192,112
TXO,202607W1,20260701.0,41400.0,Call,-,-,-,-,4830,-,-,0,0,0,0,4700,-,-,-
TXO,202607W1,20260701.0,41400.0,Put,214,214,121,206,184,▲+57,▲+38.26%,0,28,28,15,17.5,218,214,121
TXO,202607W1,20260701.0,41500.0,Call,-,-,-,-,4740,-,-,0,0,0,0,15,-,-,-
TXO,202607W1,20260701.0,41500.0,Put,135,210,135,195,195,▲+38,▲+24.20%,0,12,12,10,1.2,178,210,135
TXO,202607W1,20260701.0,41600.0,Call,-,-,-,-,4650,-,-,0,0,0,0,4500,-,-,-
TXO,202607W1,20260701.0,41600.0,Put,143,250,143,250,202,▲+85,▲+51.52%,0,4,4,4,1.3,185,250,143
TXO,202607W1,20260701.0,41700.0,Call,-,-,-,-,4560,-,-,0,0,0,0,15,-,-,-
TXO,202607W1,20260701.0,41700.0,Put,-,-,-,-,210,-,-,0,0,0,0,16.5,193,-,-
TXO,202607W1,20260701.0,41800.0,Call,-,-,-,-,4460,-,-,0,0,0,0,15,-,-,-
TXO,202607W1,20260701.0,41800.0,Put,285,285,285,285,218,▲+101,▲+54.89%,0,1,1,1,16.5,201,285,285
TXO,202607W1,20260701.0,41900.0,Call,-,-,-,-,4370,-,-,0,0,0,0,15,-,-,-
TXO,202607W1,20260701.0,41900.0,Put,277,277,277,277,227,▲+83,▲+42.78%,0,1,1,1,1.4,210,277,277
TXO,202607W1,20260701.0,42000.0,Call,-,-,-,-,4280,-,-,0,0,0,0,4130,-,-,-
TXO,202607W1,20260701.0,42000.0,Put,-,-,-,-,236,-,-,0,0,0,0,153,219,-,-
TXO,202607W1,20260701.0,42100.0,Call,-,-,-,-,4190,-,-,0,0,0,0,4040,-,-,-
TXO,202607W1,20260701.0,42100.0,Put,-,-,-,-,245,-,-,0,0,0,0,15,227,-,-
TXO,202607W1,20260701.0,42200.0,Call,-,-,-,-,4100,-,-,0,0,0,0,3950,-,-,-
TXO,202607W1,20260701.0,42200.0,Put,-,-,-,-,254,-,-,0,0,0,0,154,237,-,-
TXO,202607W1,20260701.0,42300.0,Call,-,-,-,-,4010,-,-,0,0,0,0,3860,-,-,-
TXO,202607W1,20260701.0,42300.0,Put,264,264,264,264,264,▲+25,▲+10.46%,0,1,1,1,15,260,264,264
TXO,202607W1,20260701.0,42400.0,Call,-,-,-,-,3920,-,-,0,0,0,0,15,-,-,-
TXO,202607W1,20260701.0,42400.0,Put,-,-,-,-,276,-,-,0,0,0,0,15,257,-,-
TXO,202607W1,20260701.0,42500.0,Call,-,-,-,-,3830,-,-,0,0,0,0,15,-,-,-
TXO,202607W1,20260701.0,42500.0,Put,-,-,-,-,289,-,-,0,0,0,0,181,270,-,-
TXO,202607W1,20260701.0,42600.0,Call,-,-,-,-,3750,-,-,0,0,0,0,15,-,-,-
TXO,202607W1,20260701.0,42600.0,Put,-,-,-,-,302,-,-,0,0,0,0,15,281,-,-
TXO,202607W1,20260701.0,42700.0,Call,-,-,-,-,3660,-,-,0,0,0,0,3520,-,-,-
TXO,202607W1,20260701.0,42700.0,Put,-,-,-,-,316,-,-,0,0,0,0,201,295,-,-
TXO,202607W1,20260701.0,42800.0,Call,-,-,-,-,3580,-,-,0,0,0,0,3430,-,-,-
TXO,202607W1,20260701.0,42800.0,Put,330,330,330,330,330,▲+21,▲+6.80%,0,1,1,1,29.5,321,330,330
TXO,202607W1,20260701.0,42900.0,Call,-,-,-,-,3490,-,-,0,0,0,0,15,-,-,-
TXO,202607W1,20260701.0,42900.0,Put,370,377,370,377,345,▲+52,▲+16.00%,0,2,2,2,45,321,377,370
TXO,202607W1,20260701.0,43000.0,Call,-,-,-,-,3410,-,-,0,0,0,0,15,-,-,-
TXO,202607W1,20260701.0,43000.0,Put,-,-,-,-,360,-,-,0,0,0,0,62,335,-,-
TXO,202607W1,20260701.0,43100.0,Call,-,-,-,-,3320,-,-,0,0,0,0,3170,-,-,-
TXO,202607W1,20260701.0,43100.0,Put,395,395,395,395,376,▲+36,▲+10.03%,0,1,1,1,303,367,395,395
TXO,202607W1,20260701.0,43200.0,Call,-,-,-,-,3240,-,-,0,0,0,0,15,-,-,-
TXO,202607W1,20260701.0,43200.0,Put,386,481,386,481,393,▲+104,▲+27.59%,0,2,2,2,98,365,481,386
TXO,202607W1,20260701.0,43300.0,Call,-,-,-,-,3160,-,-,0,0,0,0,3000,-,-,-
TXO,202607W1,20260701.0,43300.0,Put,410,410,410,410,410,▲+13,▲+3.27%,0,1,1,1,116,397,410,410
TXO,202607W1,20260701.0,43400.0,Call,-,-,-,-,3080,-,-,0,0,0,0,2920,-,-,-
TXO,202607W1,20260701.0,43400.0,Put,-,-,-,-,433,-,-,0,0,0,0,136,399,-,-
TXO,202607W1,20260701.0,43500.0,Call,-,-,-,-,3000,-,-,0,0,0,0,2840,-,-,-
TXO,202607W1,20260701.0,43500.0,Put,-,-,-,-,456,-,-,0,0,0,0,157,419,-,-
TXO,202607W1,20260701.0,43600.0,Call,-,-,-,-,2930,-,-,0,0,0,0,2760,-,-,-
TXO,202607W1,20260701.0,43600.0,Put,-,-,-,-,481,-,-,0,0,0,0,178,436,-,-
TXO,202607W1,20260701.0,43700.0,Call,-,-,-,-,2850,-,-,0,0,0,0,15,-,-,-
TXO,202607W1,20260701.0,43700.0,Put,-,-,-,-,505,-,-,0,0,0,0,201,459,-,-
TXO,202607W1,20260701.0,43800.0,Call,-,-,-,-,2780,-,-,0,0,0,0,2600,-,-,-
TXO,202607W1,20260701.0,43800.0,Put,-,-,-,-,530,-,-,0,0,0,0,224,477,-,-
TXO,202607W1,20260701.0,43900.0,Call,-,-,-,-,2710,-,-,0,0,0,0,2520,-,-,-
TXO,202607W1,20260701.0,43900.0,Put,-,-,-,-,560,-,-,0,0,0,0,248,499,-,-
TXO,202607W1,20260701.0,44000.0,Call,-,-,-,-,2630,-,-,0,0,0,0,2450,-,-,-
TXO,202607W1,20260701.0,44000.0,Put,575,575,575,575,590,▲+20,▲+3.60%,0,1,1,1,273,525,575,575
TXO,202607W1,20260701.0,44100.0,Call,-,-,-,-,2560,-,-,0,0,0,0,15,-,-,-
TXO,202607W1,20260701.0,44100.0,Put,-,-,-,-,615,-,-,0,0,0,0,299,545,-,-
TXO,202607W1,20260701.0,44200.0,Call,-,-,-,-,2490,-,-,0,0,0,0,2300,-,-,-
TXO,202607W1,20260701.0,44200.0,Put,-,-,-,-,650,-,-,0,0,0,0,326,575,-,-
TXO,202607W1,20260701.0,44300.0,Call,-,-,-,-,2430,-,-,0,0,0,0,15,-,-,-
TXO,202607W1,20260701.0,44300.0,Put,-,-,-,-,680,-,-,0,0,0,0,354,-,-,-
TXO,202607W1,20260701.0,44400.0,Call,-,-,-,-,2360,-,-,0,0,0,0,15,-,-,-
TXO,202607W1,20260701.0,44400.0,Put,-,-,-,-,710,-,-,0,0,0,0,383,-,-,-
TXO,202607W1,20260701.0,44450.0,Call,-,-,-,-,2330,-,-,0,0,0,0,15,-,-,-
TXO,202607W1,20260701.0,44450.0,Put,-,-,-,-,730,-,-,0,0,0,0,398,640,-,-
TXO,202607W1,20260701.0,44500.0,Call,-,-,-,-,2290,-,-,0,0,0,0,15,-,-,-
TXO,202607W1,20260701.0,44500.0,Put,745,745,745,745,745,▲+50,▲+7.19%,0,1,1,1,433,655,745,745
TXO,202607W1,20260701.0,44550.0,Call,-,-,-,-,2250,-,-,0,0,0,0,2040,2080,-,-
TXO,202607W1,20260701.0,44550.0,Put,-,-,-,-,750,-,-,0,0,0,0,429,660,-,-
TXO,202607W1,20260701.0,44600.0,Call,2020,2020,2020,2020,2200,▲+100,▲+5.21%,0,1,1,1,1940,-,2020,2020
TXO,202607W1,20260701.0,44600.0,Put,-,-,-,-,755,-,-,0,0,0,0,445,-,-,-
TXO,202607W1,20260701.0,44650.0,Call,-,-,-,-,2160,-,-,0,0,0,0,1970,-,-,-
TXO,202607W1,20260701.0,44650.0,Put,-,-,-,-,760,-,-,0,0,0,0,461,695,-,-
TXO,202607W1,20260701.0,44700.0,Call,-,-,-,-,2110,-,-,0,0,0,0,1930,-,-,-
TXO,202607W1,20260701.0,44700.0,Put,-,-,-,-,765,-,-,0,0,0,0,477,-,-,-
TXO,202607W1,20260701.0,44750.0,Call,-,-,-,-,2070,-,-,0,0,0,0,1900,-,-,-
TXO,202607W1,20260701.0,44750.0,Put,-,-,-,-,770,-,-,0,0,0,0,615,-,-,-
TXO,202607W1,20260701.0,44800.0,Call,-,-,-,-,2020,-,-,0,0,0,0,1860,-,-,-
TXO,202607W1,20260701.0,44800.0,Put,-,-,-,-,775,-,-,0,0,0,0,640,-,-,-
TXO,202607W1,20260701.0,44850.0,Call,-,-,-,-,1980,-,-,0,0,0,0,15,-,-,-
TXO,202607W1,20260701.0,44850.0,Put,-,-,-,-,780,-,-,0,0,0,0,640,755,-,-
TXO,202607W1,20260701.0,44900.0,Call,-,-,-,-,1940,-,-,0,0,0,0,15,-,-,-
TXO,202607W1,20260701.0,44900.0,Put,-,-,-,-,790,-,-,0,0,0,0,675,-,-,-
TXO,202607W1,20260701.0,44950.0,Call,-,-,-,-,1890,-,-,0,0,0,0,15,-,-,-
TXO,202607W1,20260701.0,44950.0,Put,-,-,-,-,795,-,-,0,0,0,0,15,-,-,-
TXO,202607W1,20260701.0,45000.0,Call,-,-,-,-,1860,-,-,0,0,0,0,1470,-,-,-
TXO,202607W1,20260701.0,45000.0,Put,1100,1100,1100,1100,805,▲+235,▲+27.17%,0,1,1,1,585,805,1100,1100
TXO,202607W1,20260701.0,45050.0,Call,-,-,-,-,1820,-,-,0,0,0,0,15,-,-,-
TXO,202607W1,20260701.0,45050.0,Put,-,-,-,-,825,-,-,0,0,0,0,15,-,-,-
TXO,202607W1,20260701.0,45100.0,Call,-,-,-,-,1790,-,-,0,0,0,0,15,-,-,-
TXO,202607W1,20260701.0,45100.0,Put,-,-,-,-,840,-,-,0,0,0,0,15,840,-,-
TXO,202607W1,20260701.0,45150.0,Call,-,-,-,-,1760,-,-,0,0,0,0,15,-,-,-
TXO,202607W1,20260701.0,45150.0,Put,-,-,-,-,860,-,-,0,0,0,0,15,-,-,-
TXO,202607W1,20260701.0,45200.0,Call,-,-,-,-,1730,-,-,0,0,0,0,15,-,-,-
TXO,202607W1,20260701.0,45200.0,Put,1020,1020,1020,1020,875,▲+75,▲+7.94%,0,1,1,1,15,875,1020,1020
TXO,202607W1,20260701.0,45250.0,Call,-,-,-,-,1690,-,-,0,0,0,0,15,1610,-,-
TXO,202607W1,20260701.0,45250.0,Put,-,-,-,-,895,-,-,0,0,0,0,15,-,-,-
TXO,202607W1,20260701.0,45300.0,Call,-,-,-,-,1660,-,-,0,0,0,0,15,-,-,-
TXO,202607W1,20260701.0,45300.0,Put,-,-,-,-,915,-,-,0,0,0,0,15,-,-,-
TXO,202607W1,20260701.0,45350.0,Call,-,-,-,-,1630,-,-,0,0,0,0,15,-,-,-
TXO,202607W1,20260701.0,45350.0,Put,-,-,-,-,935,-,-,0,0,0,0,15,-,-,-
TXO,202607W1,20260701.0,45400.0,Call,-,-,-,-,1600,-,-,0,0,0,0,1480,1510,-,-
TXO,202607W1,20260701.0,45400.0,Put,-,-,-,-,955,-,-,0,0,0,0,15,-,-,-
TXO,202607W1,20260701.0,45450.0,Call,-,-,-,-,1570,-,-,0,0,0,0,1440,1480,-,-
TXO,202607W1,20260701.0,45450.0,Put,-,-,-,-,970,-,-,0,0,0,0,15,970,-,-
TXO,202607W1,20260701.0,45500.0,Call,1250,1250,1250,1250,1540,▼-120,▼-8.76%,0,1,1,1,1410,1470,1250,1250
TXO,202607W1,20260701.0,45500.0,Put,-,-,-,-,995,-,-,0,0,0,0,15,-,-,-
TXO,202607W1,20260701.0,45550.0,Call,-,-,-,-,1510,-,-,0,0,0,0,1390,1420,-,-
TXO,202607W1,20260701.0,45550.0,Put,1160,1160,1160,1160,1020,▲+70,▲+6.42%,0,2,2,2,15,1020,1160,1160
TXO,202607W1,20260701.0,45600.0,Call,-,-,-,-,1480,-,-,0,0,0,0,15,-,-,-
TXO,202607W1,20260701.0,45600.0,Put,-,-,-,-,1040,-,-,0,0,0,0,15,1030,-,-
TXO,202607W1,20260701.0,45650.0,Call,-,-,-,-,1450,-,-,0,0,0,0,15,-,-,-
TXO,202607W1,20260701.0,45650.0,Put,-,-,-,-,1060,-,-,0,0,0,0,15,1050,-,-
TXO,202607W1,20260701.0,45700.0,Call,1280,1280,1280,1280,1420,▲+20,▲+1.59%,0,1,1,1,15,1450,1280,1280
TXO,202607W1,20260701.0,45700.0,Put,-,-,-,-,1080,-,-,0,0,0,0,15,1070,-,-
TXO,202607W1,20260701.0,45750.0,Call,1080,1080,1080,1080,1390,▼-150,▼-12.20%,0,1,1,1,1270,1410,1080,1080
TXO,202607W1,20260701.0,45750.0,Put,-,-,-,-,1100,-,-,0,0,0,0,15,1090,-,-
TXO,202607W1,20260701.0,45800.0,Call,-,-,-,-,1370,-,-,0,0,0,0,980,-,-,-
TXO,202607W1,20260701.0,45800.0,Put,-,-,-,-,1120,-,-,0,0,0,0,1080,1120,-,-
TXO,202607W1,20260701.0,45850.0,Call,-,-,-,-,1330,-,-,0,0,0,0,15,1290,-,-
TXO,202607W1,20260701.0,45850.0,Put,-,-,-,-,1130,-,-,0,0,0,0,15,1140,-,-
TXO,202607W1,20260701.0,45900.0,Call,-,-,-,-,1290,-,-,0,0,0,0,15,-,-,-
TXO,202607W1,20260701.0,45900.0,Put,-,-,-,-,1140,-,-,0,0,0,0,15,1160,-,-
TXO,202607W1,20260701.0,45950.0,Call,-,-,-,-,1250,-,-,0,0,0,0,15,-,-,-
TXO,202607W1,20260701.0,45950.0,Put,-,-,-,-,1150,-,-,0,0,0,0,15,-,-,-
TXO,202607W1,20260701.0,46000.0,Call,960,960,960,960,1210,▼-140,▼-12.73%,0,1,1,1,870,1290,960,960
TXO,202607W1,20260701.0,46000.0,Put,-,-,-,-,1160,-,-,0,0,0,0,1170,1200,-,-
TXO,202607W1,20260701.0,46050.0,Call,-,-,-,-,1170,-,-,0,0,0,0,1110,-,-,-
TXO,202607W1,20260701.0,46050.0,Put,-,-,-,-,1170,-,-,0,0,0,0,15,1230,-,-
TXO,202607W1,20260701.0,46100.0,Call,-,-,-,-,1140,-,-,0,0,0,0,15,-,-,-
TXO,202607W1,20260701.0,46100.0,Put,-,-,-,-,1180,-,-,0,0,0,0,1220,1260,-,-
TXO,202607W1,20260701.0,46150.0,Call,-,-,-,-,1130,-,-,0,0,0,0,795,-,-,-
TXO,202607W1,20260701.0,46150.0,Put,-,-,-,-,1220,-,-,0,0,0,0,15,1280,-,-
TXO,202607W1,20260701.0,46200.0,Call,-,-,-,-,1120,-,-,0,0,0,0,770,-,-,-
TXO,202607W1,20260701.0,46200.0,Put,-,-,-,-,1270,-,-,0,0,0,0,15,-,-,-
TXO,202607W1,20260701.0,46250.0,Call,-,-,-,-,1110,-,-,0,0,0,0,745,-,-,-
TXO,202607W1,20260701.0,46250.0,Put,-,-,-,-,1310,-,-,0,0,0,0,15,1330,-,-
TXO,202607W1,20260701.0,46300.0,Call,-,-,-,-,1100,-,-,0,0,0,0,720,-,-,-
TXO,202607W1,20260701.0,46300.0,Put,-,-,-,-,1350,-,-,0,0,0,0,15,1360,-,-
TXO,202607W1,20260701.0,46350.0,Call,-,-,-,-,1090,-,-,0,0,0,0,695,-,-,-
TXO,202607W1,20260701.0,46350.0,Put,-,-,-,-,1390,-,-,0,0,0,0,15,1380,-,-
TXO,202607W1,20260701.0,46400.0,Call,-,-,-,-,1080,-,-,0,0,0,0,670,-,-,-
TXO,202607W1,20260701.0,46400.0,Put,-,-,-,-,1430,-,-,0,0,0,0,1370,1410,-,-
TXO,202607W1,20260701.0,46450.0,Call,-,-,-,-,1070,-,-,0,0,0,0,650,-,-,-
TXO,202607W1,20260701.0,46450.0,Put,-,-,-,-,1470,-,-,0,0,0,0,15,-,-,-
TXO,202607W1,20260701.0,46500.0,Call,-,-,-,-,1060,-,-,0,0,0,0,630,-,-,-
TXO,202607W1,20260701.0,46500.0,Put,-,-,-,-,1510,-,-,0,0,0,0,15,1460,-,-
TXO,202607W1,20260701.0,46550.0,Call,-,-,-,-,1050,-,-,0,0,0,0,605,-,-,-
TXO,202607W1,20260701.0,46550.0,Put,-,-,-,-,1560,-,-,0,0,0,0,15,1490,-,-
TXO,202607W1,20260701.0,46600.0,Call,-,-,-,-,1040,-,-,0,0,0,0,580,-,-,-
TXO,202607W1,20260701.0,46600.0,Put,1600,1600,1600,1600,1600,▼-30,▼-1.84%,0,1,1,1,1410,1520,1600,1600
TXO,202607W1,20260701.0,46650.0,Call,-,-,-,-,1030,-,-,0,0,0,0,565,-,-,-
TXO,202607W1,20260701.0,46650.0,Put,-,-,-,-,1630,-,-,0,0,0,0,15,1550,-,-
TXO,202607W1,20260701.0,46700.0,Call,-,-,-,-,1010,-,-,0,0,0,0,540,-,-,-
TXO,202607W1,20260701.0,46700.0,Put,-,-,-,-,1660,-,-,0,0,0,0,15,1580,-,-
TXO,202607W1,20260701.0,46750.0,Call,-,-,-,-,985,-,-,0,0,0,0,515,-,-,-
TXO,202607W1,20260701.0,46750.0,Put,-,-,-,-,1690,-,-,0,0,0,0,1570,1600,-,-
TXO,202607W1,20260701.0,46800.0,Call,-,-,-,-,965,-,-,0,0,0,0,494,830,-,-
TXO,202607W1,20260701.0,46800.0,Put,-,-,-,-,1720,-,-,0,0,0,0,15,1640,-,-
TXO,202607W1,20260701.0,46850.0,Call,600,730,600,730,945,0,0%,0,2,2,0,477,-,730,600
TXO,202607W1,20260701.0,46850.0,Put,-,-,-,-,1750,-,-,0,0,0,0,15,1660,-,-
TXO,202607W1,20260701.0,46900.0,Call,-,-,-,-,930,-,-,0,0,0,0,456,790,-,-
TXO,202607W1,20260701.0,46900.0,Put,-,-,-,-,1780,-,-,0,0,0,0,15,1700,-,-
TXO,202607W1,20260701.0,46950.0,Call,-,-,-,-,910,-,-,0,0,0,0,435,-,-,-
TXO,202607W1,20260701.0,46950.0,Put,-,-,-,-,1810,-,-,0,0,0,0,1690,1720,-,-
TXO,202607W1,20260701.0,47000.0,Call,575,575,575,575,890,▼-100,▼-14.81%,0,1,1,1,415,-,575,575
TXO,202607W1,20260701.0,47000.0,Put,-,-,-,-,1840,-,-,0,0,0,0,1720,1760,-,-
TXO,202607W1,20260701.0,47050.0,Call,-,-,-,-,870,-,-,0,0,0,0,400,-,-,-
TXO,202607W1,20260701.0,47050.0,Put,-,-,-,-,1870,-,-,0,0,0,0,15,1790,-,-
TXO,202607W1,20260701.0,47100.0,Call,-,-,-,-,855,-,-,0,0,0,0,378,-,-,-
TXO,202607W1,20260701.0,47100.0,Put,-,-,-,-,1900,-,-,0,0,0,0,15,1820,-,-
TXO,202607W1,20260701.0,47150.0,Call,-,-,-,-,835,-,-,0,0,0,0,361,-,-,-
TXO,202607W1,20260701.0,47150.0,Put,-,-,-,-,1940,-,-,0,0,0,0,15,1860,-,-
TXO,202607W1,20260701.0,47200.0,Call,-,-,-,-,820,-,-,0,0,0,0,345,-,-,-
TXO,202607W1,20260701.0,47200.0,Put,-,-,-,-,1970,-,-,0,0,0,0,15,1890,-,-
TXO,202607W1,20260701.0,47300.0,Call,-,-,-,-,785,-,-,0,0,0,0,308,-,-,-
TXO,202607W1,20260701.0,47300.0,Put,-,-,-,-,2030,-,-,0,0,0,0,15,1950,-,-
TXO,202607W1,20260701.0,47400.0,Call,-,-,-,-,750,-,-,0,0,0,0,275,-,-,-
TXO,202607W1,20260701.0,47400.0,Put,-,-,-,-,2100,-,-,0,0,0,0,15,2020,-,-
TXO,202607W1,20260701.0,47500.0,Call,-,-,-,-,720,-,-,0,0,0,0,244,-,-,-
TXO,202607W1,20260701.0,47500.0,Put,-,-,-,-,2170,-,-,0,0,0,0,15,2100,-,-
TXO,202607W1,20260701.0,47600.0,Call,-,-,-,-,685,-,-,0,0,0,0,215,-,-,-
TXO,202607W1,20260701.0,47600.0,Put,-,-,-,-,2240,-,-,0,0,0,0,15,2160,-,-
TXO,202607W1,20260701.0,47700.0,Call,-,-,-,-,655,-,-,0,0,0,0,185,-,-,-
TXO,202607W1,20260701.0,47700.0,Put,-,-,-,-,2310,-,-,0,0,0,0,15,2230,-,-
TXO,202607W1,20260701.0,47800.0,Call,370,370,321,321,625,▼-110,▼-25.52%,0,2,2,1,158,491,370,321
TXO,202607W1,20260701.0,47800.0,Put,-,-,-,-,2380,-,-,0,0,0,0,15,2320,-,-
TXO,202607W1,20260701.0,47900.0,Call,-,-,-,-,600,-,-,0,0,0,0,133,439,-,-
TXO,202607W1,20260701.0,47900.0,Put,-,-,-,-,2450,-,-,0,0,0,0,15,2380,-,-
TXO,202607W1,20260701.0,48000.0,Call,-,-,-,-,570,-,-,0,0,0,0,183,-,-,-
TXO,202607W1,20260701.0,48000.0,Put,-,-,-,-,2520,-,-,0,0,0,0,15,2470,-,-
TXO,202607W1,20260701.0,48100.0,Call,-,-,-,-,545,-,-,0,0,0,0,83,392,-,-
TXO,202607W1,20260701.0,48100.0,Put,-,-,-,-,2600,-,-,0,0,0,0,15,-,-,-
TXO,202607W1,20260701.0,48200.0,Call,-,-,-,-,520,-,-,0,0,0,0,61,-,-,-
TXO,202607W1,20260701.0,48200.0,Put,-,-,-,-,2670,-,-,0,0,0,0,15,2620,-,-
TXO,202607W1,20260701.0,48300.0,Call,-,-,-,-,496,-,-,0,0,0,0,39,-,-,-
TXO,202607W1,20260701.0,48300.0,Put,-,-,-,-,2750,-,-,0,0,0,0,15,2690,-,-
TXO,202607W1,20260701.0,48400.0,Call,-,-,-,-,473,-,-,0,0,0,0,18.5,350,-,-
TXO,202607W1,20260701.0,48400.0,Put,-,-,-,-,2820,-,-,0,0,0,0,15,2780,-,-
TXO,202607W1,20260701.0,48500.0,Call,-,-,-,-,450,-,-,0,0,0,0,16.5,331,-,-
TXO,202607W1,20260701.0,48500.0,Put,-,-,-,-,2900,-,-,0,0,0,0,15,2850,-,-
TXO,202607W1,20260701.0,48600.0,Call,-,-,-,-,429,-,-,0,0,0,0,16.5,312,-,-
TXO,202607W1,20260701.0,48600.0,Put,-,-,-,-,2980,-,-,0,0,0,0,15,2950,-,-
TXO,202607W1,20260701.0,48700.0,Call,-,-,-,-,408,-,-,0,0,0,0,16.5,295,-,-
TXO,202607W1,20260701.0,48700.0,Put,-,-,-,-,3060,-,-,0,0,0,0,15,3030,-,-
TXO,202607W1,20260701.0,48800.0,Call,-,-,-,-,388,-,-,0,0,0,0,16.5,278,-,-
TXO,202607W1,20260701.0,48800.0,Put,-,-,-,-,3140,-,-,0,0,0,0,15,3110,-,-
TXO,202607W1,20260701.0,48900.0,Call,-,-,-,-,369,-,-,0,0,0,0,16.5,244,-,-
TXO,202607W1,20260701.0,48900.0,Put,-,-,-,-,3220,-,-,0,0,0,0,15,3190,-,-
TXO,202607W1,20260701.0,49000.0,Call,180,180,180,180,350,▼-14,▼-7.22%,0,1,1,1,17.5,230,180,180
TXO,202607W1,20260701.0,49000.0,Put,-,-,-,-,3300,-,-,0,0,0,0,15,3280,-,-
TXO,202607W1,20260701.0,49100.0,Call,157,157,157,157,333,▼-24,▼-13.26%,0,1,1,1,61,233,157,157
TXO,202607W1,20260701.0,49100.0,Put,-,-,-,-,3380,-,-,0,0,0,0,15,3360,-,-
TXO,202607W1,20260701.0,49200.0,Call,128,210,128,210,316,▲+42,▲+25.00%,0,2,2,1,103,219,210,128
TXO,202607W1,20260701.0,49200.0,Put,-,-,-,-,3470,-,-,0,0,0,0,15,-,-,-
TXO,202607W1,20260701.0,49300.0,Call,122,122,122,122,300,▼-34,▼-21.79%,0,1,1,1,47.5,206,122,122
TXO,202607W1,20260701.0,49300.0,Put,-,-,-,-,3550,-,-,0,0,0,0,15,3530,-,-
TXO,202607W1,20260701.0,49400.0,Call,-,-,-,-,284,-,-,0,0,0,0,39.5,178,-,-
TXO,202607W1,20260701.0,49400.0,Put,-,-,-,-,3630,-,-,0,0,0,0,15,3630,-,-
TXO,202607W1,20260701.0,49500.0,Call,-,-,-,-,269,-,-,0,0,0,0,34.5,167,-,-
TXO,202607W1,20260701.0,49500.0,Put,-,-,-,-,3720,-,-,0,0,0,0,15,3720,-,-
TXO,202607W1,20260701.0,49600.0,Call,-,-,-,-,255,-,-,0,0,0,0,34.5,157,-,-
TXO,202607W1,20260701.0,49600.0,Put,-,-,-,-,3800,-,-,0,0,0,0,15,3810,-,-
TXO,202607W1,20260701.0,49700.0,Call,-,-,-,-,242,-,-,0,0,0,0,29.5,147,-,-
TXO,202607W1,20260701.0,49700.0,Put,-,-,-,-,3890,-,-,0,0,0,0,15,3900,-,-
TXO,202607W1,20260701.0,49800.0,Call,88,88,88,88,229,▼-18,▼-16.98%,0,2,2,2,29.5,137,88,88
TXO,202607W1,20260701.0,49800.0,Put,-,-,-,-,3980,-,-,0,0,0,0,15,3990,-,-
TXO,202607W1,20260701.0,49900.0,Call,-,-,-,-,216,-,-,0,0,0,0,27.5,142,-,-
TXO,202607W1,20260701.0,49900.0,Put,-,-,-,-,4070,-,-,0,0,0,0,15,4080,-,-
TXO,202607W1,20260701.0,50000.0,Call,82,120,82,120,204,▲+30,▲+33.33%,0,7,7,3,53,147,120,82
TXO,202607W1,20260701.0,50000.0,Put,-,-,-,-,4150,-,-,0,0,0,0,15,4160,-,-
TXO,202607W1,20260701.0,50100.0,Call,-,-,-,-,193,-,-,0,0,0,0,24.5,125,-,-
TXO,202607W1,20260701.0,50100.0,Put,-,-,-,-,4240,-,-,0,0,0,0,15,4270,-,-
TXO,202607W1,20260701.0,50200.0,Call,-,-,-,-,183,-,-,0,0,0,0,8.3,106,-,-
TXO,202607W1,20260701.0,50200.0,Put,-,-,-,-,4330,-,-,0,0,0,0,15,4360,-,-
TXO,202607W1,20260701.0,50300.0,Call,-,-,-,-,172,-,-,0,0,0,0,49.5,99,-,-
TXO,202607W1,20260701.0,50300.0,Put,-,-,-,-,4420,-,-,0,0,0,0,15,4450,-,-
TXO,202607W1,20260701.0,50400.0,Call,58,80,50,80,163,▲+16,▲+25.00%,0,4,4,3,35.5,104,80,50
TXO,202607W1,20260701.0,50400.0,Put,-,-,-,-,4510,-,-,0,0,0,0,-,4550,-,-
TXO,202607,20260715.0,31200.0,Call,-,-,-,-,14830,-,-,0,0,0,0,-,-,-,-
TXO,202607,20260715.0,31200.0,Put,42.5,46,25.5,25.5,25.5,▼-14.5,▼-36.25%,61,177,238,957,25,26,490,25.5
TXO,202607,20260715.0,31300.0,Call,-,-,-,-,14730,-,-,0,0,0,0,-,-,-,-
TXO,202607,20260715.0,31300.0,Put,33,33,29.5,29.5,26.5,▼-12.5,▼-29.76%,0,3,3,121,9.6,48,396,29.5
TXO,202607,20260715.0,31400.0,Call,-,-,-,-,14630,-,-,0,0,0,0,-,-,-,-
TXO,202607,20260715.0,31400.0,Put,-,-,-,-,27.5,-,-,0,0,0,155,6.3,48.5,388,44
TXO,202607,20260715.0,31500.0,Call,-,-,-,-,14530,-,-,0,0,0,0,-,-,-,-
TXO,202607,20260715.0,31500.0,Put,45,45,30,30,28,▼-13,▼-30.23%,4,12,16,134,11,44,197,30
TXO,202607,20260715.0,31600.0,Call,-,-,-,-,14440,-,-,0,0,0,0,-,-,-,-
TXO,202607,20260715.0,31600.0,Put,-,-,-,-,29,-,-,3,0,3,109,11.5,50,303,40
TXO,202607,20260715.0,31700.0,Call,-,-,-,-,14340,-,-,0,0,0,0,-,-,-,-
TXO,202607,20260715.0,31700.0,Put,48.5,48.5,48.5,48.5,29.5,▲+3.5,▲+7.78%,5,1,6,6,12.5,54,182,41
TXO,202607,20260715.0,31800.0,Call,-,-,-,-,14240,-,-,0,0,0,0,-,-,-,-
TXO,202607,20260715.0,31800.0,Put,-,-,-,-,30.5,-,-,1,0,1,14,6.3,52,395,45
TXO,202607,20260715.0,31900.0,Call,13610,13860,13610,13850,14140,▼-120,▼-0.86%,0,4,4,5,-,-,13860,5840
TXO,202607,20260715.0,31900.0,Put,-,-,-,-,31,-,-,0,0,0,19,14,34,437,45
TXO,202607,20260715.0,32000.0,Call,-,-,-,-,14040,-,-,0,0,0,0,-,-,-,-
TXO,202607,20260715.0,32000.0,Put,46,48,35,35,31.5,▼-13,▼-27.08%,8,13,21,180,28,42,565,12
TXO,202607,20260715.0,32100.0,Call,-,-,-,-,13940,-,-,0,0,0,0,13920,-,-,-
TXO,202607,20260715.0,32100.0,Put,-,-,-,-,32.5,-,-,0,0,0,5,16,102,347,45.5
TXO,202607,20260715.0,32200.0,Call,-,-,-,-,13840,-,-,0,0,0,0,13800,-,-,-
TXO,202607,20260715.0,32200.0,Put,51,51,30.5,30.5,33,▼-22.5,▼-42.45%,3,3,6,17,16.5,55,326,30.5
TXO,202607,20260715.0,32300.0,Call,-,-,-,-,13740,-,-,0,0,0,0,13700,13790,-,-
TXO,202607,20260715.0,32300.0,Put,-,-,-,-,34,-,-,0,0,0,7,18,56,367,50
TXO,202607,20260715.0,32400.0,Call,-,-,-,-,13640,-,-,0,0,0,0,13600,-,-,-
TXO,202607,20260715.0,32400.0,Put,50,50,50,50,35,▼-8,▼-13.79%,2,1,3,25,19,56,368,50
TXO,202607,20260715.0,32500.0,Call,-,-,-,-,13540,-,-,0,0,0,0,13510,-,-,-
TXO,202607,20260715.0,32500.0,Put,42.5,42.5,42.5,42.5,36,▼-15.5,▼-26.72%,0,1,1,25,20,50,520,42.5
TXO,202607,20260715.0,32600.0,Call,-,-,-,-,13440,-,-,0,0,0,0,13400,-,-,-
TXO,202607,20260715.0,32600.0,Put,52,52,52,52,37,▼-6,▼-10.34%,0,1,1,12,20.5,59,450,52
TXO,202607,20260715.0,32700.0,Call,-,-,-,-,13350,-,-,0,0,0,0,13300,-,-,-
TXO,202607,20260715.0,32700.0,Put,-,-,-,-,38,-,-,0,0,0,0,22,60,110,65
TXO,202607,20260715.0,32800.0,Call,-,-,-,-,13250,-,-,0,0,0,0,13210,-,-,-
TXO,202607,20260715.0,32800.0,Put,-,-,-,-,39,-,-,0,0,0,4,23,61,489,98
TXO,202607,20260715.0,32900.0,Call,-,-,-,-,13150,-,-,0,0,0,0,13110,13190,-,-
TXO,202607,20260715.0,32900.0,Put,66,66,66,66,39.5,▲+5,▲+8.20%,0,1,1,4,24,63,351,60
TXO,202607,20260715.0,33000.0,Call,-,-,-,-,13050,-,-,0,0,0,0,13010,-,-,-
TXO,202607,20260715.0,33000.0,Put,68,68,41,43,40,▼-18,▼-29.51%,19,13,32,149,30,52,610,41
TXO,202607,20260715.0,33100.0,Call,-,-,-,-,12950,-,-,0,0,0,0,12910,-,-,-
TXO,202607,20260715.0,33100.0,Put,-,-,-,-,42,-,-,0,0,0,1,26.5,65,308,280
TXO,202607,20260715.0,33200.0,Call,-,-,-,-,12850,-,-,0,0,0,0,12810,-,-,-
TXO,202607,20260715.0,33200.0,Put,-,-,-,-,43.5,-,-,0,0,0,6,27.5,66,735,66
TXO,202607,20260715.0,33300.0,Call,-,-,-,-,12750,-,-,0,0,0,0,12730,-,-,-
TXO,202607,20260715.0,33300.0,Put,-,-,-,-,45.5,-,-,0,0,0,3,43,68,515,80
TXO,202607,20260715.0,33400.0,Call,-,-,-,-,12650,-,-,0,0,0,0,12620,-,-,-
TXO,202607,20260715.0,33400.0,Put,-,-,-,-,46,-,-,0,0,0,9,30,79,780,81
TXO,202607,20260715.0,33500.0,Call,-,-,-,-,12560,-,-,0,0,0,0,12520,-,-,-
TXO,202607,20260715.0,33500.0,Put,-,-,-,-,46.5,-,-,1,0,1,19,31.5,70,476,70
TXO,202607,20260715.0,33600.0,Call,-,-,-,-,12460,-,-,0,0,0,0,12420,-,-,-
TXO,202607,20260715.0,33600.0,Put,-,-,-,-,49,-,-,0,0,0,1,26,68,490,89
TXO,202607,20260715.0,33700.0,Call,-,-,-,-,12360,-,-,0,0,0,0,12320,-,-,-
TXO,202607,20260715.0,33700.0,Put,-,-,-,-,52,-,-,1,0,1,4,35.5,69,810,77
TXO,202607,20260715.0,33800.0,Call,-,-,-,-,12260,-,-,0,0,0,0,12220,-,-,-
TXO,202607,20260715.0,33800.0,Put,-,-,-,-,54,-,-,0,0,0,4,36.5,75,525,88
TXO,202607,20260715.0,33900.0,Call,-,-,-,-,12170,-,-,0,0,0,0,12120,-,-,-
TXO,202607,20260715.0,33900.0,Put,-,-,-,-,55,-,-,0,0,0,1,37.5,76,545,130
TXO,202607,20260715.0,34000.0,Call,-,-,-,-,12070,-,-,0,0,0,0,12040,12110,-,-
TXO,202607,20260715.0,34000.0,Put,88,88,55,56,56,▼-23,▼-29.11%,4,33,37,95,53,60,740,55
TXO,202607,20260715.0,34100.0,Call,-,-,-,-,11970,-,-,0,0,0,0,11940,12010,-,-
TXO,202607,20260715.0,34100.0,Put,-,-,-,-,57,-,-,0,0,0,22,41,80,570,91
TXO,202607,20260715.0,34200.0,Call,-,-,-,-,11870,-,-,0,0,0,0,11830,-,-,-
TXO,202607,20260715.0,34200.0,Put,62,62,62,62,58,▼-23,▼-27.06%,0,1,1,8,42.5,81,765,62
TXO,202607,20260715.0,34300.0,Call,-,-,-,-,11770,-,-,0,0,0,0,11730,11810,-,-
TXO,202607,20260715.0,34300.0,Put,-,-,-,-,60,-,-,0,0,0,21,44.5,83,278,89
TXO,202607,20260715.0,34400.0,Call,-,-,-,-,11670,-,-,0,0,0,0,11640,-,-,-
TXO,202607,20260715.0,34400.0,Put,-,-,-,-,61,-,-,0,0,0,5,1.3,85,820,95
TXO,202607,20260715.0,34500.0,Call,-,-,-,-,11570,-,-,0,0,0,0,11540,-,-,-
TXO,202607,20260715.0,34500.0,Put,67,67,67,67,62,▼-23,▼-25.56%,0,10,10,15,48,87,510,67
TXO,202607,20260715.0,34600.0,Call,-,-,-,-,11470,-,-,0,0,0,0,11430,-,-,-
TXO,202607,20260715.0,34600.0,Put,-,-,-,-,64,-,-,0,0,0,8,1.4,89,755,93
TXO,202607,20260715.0,34700.0,Call,-,-,-,-,11380,-,-,0,0,0,0,11340,-,-,-
TXO,202607,20260715.0,34700.0,Put,-,-,-,-,66,-,-,0,0,0,7,1.4,91,320,103
TXO,202607,20260715.0,34800.0,Call,-,-,-,-,11280,-,-,0,0,0,0,11240,-,-,-
TXO,202607,20260715.0,34800.0,Put,92,92,73,73,68,▼-25,▼-25.51%,3,2,5,44,4,93,600,73
TXO,202607,20260715.0,34900.0,Call,-,-,-,-,11180,-,-,0,0,0,0,-,11220,-,-
TXO,202607,20260715.0,34900.0,Put,104,104,104,104,70,▲+5,▲+5.05%,0,2,2,10,15.5,95,800,93
TXO,202607,20260715.0,35000.0,Call,-,-,-,-,11080,-,-,0,0,0,0,11050,11120,-,-
TXO,202607,20260715.0,35000.0,Put,110,110,71,73,72,▼-27,▼-27.00%,38,89,127,281,70,89,930,71
TXO,202607,20260715.0,35100.0,Call,-,-,-,-,10990,-,-,0,0,0,0,10950,-,-,-
TXO,202607,20260715.0,35100.0,Put,96,96,76,76,74,▼-32,▼-29.63%,6,77,83,20,44.5,100,565,76
TXO,202607,20260715.0,35200.0,Call,-,-,-,-,10890,-,-,0,0,0,0,10870,-,-,-
TXO,202607,20260715.0,35200.0,Put,-,-,-,-,76,-,-,0,0,0,10,2.1,102,505,103
TXO,202607,20260715.0,35300.0,Call,-,-,-,-,10790,-,-,0,0,0,0,10750,-,-,-
TXO,202607,20260715.0,35300.0,Put,-,-,-,-,79,-,-,1,0,1,4,1.6,105,382,103
TXO,202607,20260715.0,35400.0,Call,-,-,-,-,10690,-,-,0,0,0,0,10660,10730,-,-
TXO,202607,20260715.0,35400.0,Put,97,98,91,91,81,▼-20,▼-18.02%,0,71,71,6,51,107,900,91
TXO,202607,20260715.0,35500.0,Call,-,-,-,-,10600,-,-,0,0,0,0,10570,-,-,-
TXO,202607,20260715.0,35500.0,Put,90,90,90,90,84,▼-25,▼-21.74%,0,4,4,44,53,110,855,90
TXO,202607,20260715.0,35600.0,Call,-,-,-,-,10500,-,-,0,0,0,0,10480,10540,-,-
TXO,202607,20260715.0,35600.0,Put,-,-,-,-,86,-,-,0,0,0,7,1.7,112,750,111
TXO,202607,20260715.0,35700.0,Call,-,-,-,-,10400,-,-,0,0,0,0,-,-,-,-
TXO,202607,20260715.0,35700.0,Put,114,114,112,112,89,▼-8,▼-6.67%,0,2,2,11,1.7,115,715,112
TXO,202607,20260715.0,35800.0,Call,-,-,-,-,10300,-,-,0,0,0,0,10260,10340,-,-
TXO,202607,20260715.0,35800.0,Put,115,121,79,90,91,▼-30,▼-25.00%,0,6,6,2327,62,118,730,79
TXO,202607,20260715.0,35900.0,Call,-,-,-,-,10210,-,-,0,0,0,0,10170,-,-,-
TXO,202607,20260715.0,35900.0,Put,-,-,-,-,94,-,-,0,0,0,111,75,121,1000,115
TXO,202607,20260715.0,36000.0,Call,-,-,-,-,10110,-,-,0,0,0,0,10080,-,7170,4650
TXO,202607,20260715.0,36000.0,Put,132,133,100,100,96,▼-26,▼-20.63%,16,94,110,577,90,103,1370,100
TXO,202607,20260715.0,36100.0,Call,-,-,-,-,10010,-,-,0,0,0,0,9980,10050,-,-
TXO,202607,20260715.0,36100.0,Put,119,119,103,103,101,▼-28,▼-21.37%,0,51,51,23,65,119,1200,103
TXO,202607,20260715.0,36200.0,Call,-,-,-,-,9920,-,-,0,0,0,0,9880,-,4760,4080
TXO,202607,20260715.0,36200.0,Put,-,-,-,-,105,-,-,0,0,0,7,27.5,130,464,126
TXO,202607,20260715.0,36300.0,Call,-,-,-,-,9820,-,-,0,0,0,0,9800,9860,-,-
TXO,202607,20260715.0,36300.0,Put,-,-,-,-,110,-,-,0,0,0,18,14,125,815,139
TXO,202607,20260715.0,36400.0,Call,-,-,-,-,9720,-,-,0,0,0,0,9690,-,-,-
TXO,202607,20260715.0,36400.0,Put,157,157,157,157,112,▲+15,▲+10.56%,0,1,1,3,92,128,790,154
TXO,202607,20260715.0,36500.0,Call,-,-,-,-,9630,-,-,0,0,0,0,9590,-,-,-
TXO,202607,20260715.0,36500.0,Put,142,144,113,113,113,▼-33,▼-22.60%,3,8,11,21,76,123,1000,113
TXO,202607,20260715.0,36600.0,Call,-,-,-,-,9530,-,-,0,0,0,0,9510,9570,-,-
TXO,202607,20260715.0,36600.0,Put,-,-,-,-,116,-,-,1,0,1,17,2.1,135,830,141
TXO,202607,20260715.0,36700.0,Call,-,-,-,-,9430,-,-,0,0,0,0,9400,-,-,-
TXO,202607,20260715.0,36700.0,Put,152,152,124,124,119,▼-29,▼-18.95%,1,4,5,24,78,139,1020,124
TXO,202607,20260715.0,36800.0,Call,-,-,-,-,9340,-,-,0,0,0,0,9310,-,-,-
TXO,202607,20260715.0,36800.0,Put,156,156,155,155,123,▼-2,▼-1.27%,5,2,7,9,2.2,143,1710,150
TXO,202607,20260715.0,36900.0,Call,-,-,-,-,9240,-,-,0,0,0,0,9210,-,-,-
TXO,202607,20260715.0,36900.0,Put,-,-,-,-,127,-,-,4,0,4,8,3.4,156,880,161
TXO,202607,20260715.0,37000.0,Call,-,-,-,-,9140,-,-,0,0,0,1,9110,-,5970,2060
TXO,202607,20260715.0,37000.0,Put,175,175,135,135,129,▼-32,▼-19.16%,7,98,105,136,110,140,1850,110
TXO,202607,20260715.0,37100.0,Call,-,-,-,-,9050,-,-,0,0,0,1,9030,9170,8810,1990
TXO,202607,20260715.0,37100.0,Put,-,-,-,-,135,-,-,3,0,3,18,3.3,165,1850,163
TXO,202607,20260715.0,37200.0,Call,-,-,-,-,8950,-,-,0,0,0,0,8920,-,2210,1970
TXO,202607,20260715.0,37200.0,Put,-,-,-,-,139,-,-,1,0,1,9,49,158,1000,170
TXO,202607,20260715.0,37300.0,Call,-,-,-,-,8860,-,-,0,0,0,0,8820,-,-,-
TXO,202607,20260715.0,37300.0,Put,-,-,-,-,143,-,-,2,0,2,6,55,162,1830,193
TXO,202607,20260715.0,37400.0,Call,-,-,-,-,8760,-,-,0,0,0,0,8730,-,-,-
TXO,202607,20260715.0,37400.0,Put,154,154,154,154,148,▼-25,▼-13.97%,2,2,4,19,58,153,2010,154
TXO,202607,20260715.0,37500.0,Call,-,-,-,-,8670,-,-,0,0,0,1,8640,8810,8710,1950
TXO,202607,20260715.0,37500.0,Put,217,217,152,152,153,▼-34,▼-18.28%,2,13,15,92,105,172,1850,152
TXO,202607,20260715.0,37600.0,Call,-,-,-,-,8570,-,-,0,0,0,0,8550,8610,2900,2020
TXO,202607,20260715.0,37600.0,Put,194,194,188,188,158,▼-6,▼-3.09%,0,3,3,24,77,176,2030,180
TXO,202607,20260715.0,37700.0,Call,-,-,-,-,8470,-,-,0,0,0,0,8450,-,2230,2090
TXO,202607,20260715.0,37700.0,Put,200,203,162,162,162,▼-38,▼-19.00%,23,4,27,83,113,181,2000,162
TXO,202607,20260715.0,37800.0,Call,-,-,-,-,8380,-,-,0,0,0,1,8350,-,2240,2240
TXO,202607,20260715.0,37800.0,Put,210,210,169,169,163,▼-35,▼-17.16%,2,5,7,46,119,174,1850,169
TXO,202607,20260715.0,37900.0,Call,-,-,-,-,8280,-,-,0,0,0,0,8250,-,-,-
TXO,202607,20260715.0,37900.0,Put,184,184,172,172,169,▼-37,▼-17.70%,0,3,3,8,122,190,1300,172
TXO,202607,20260715.0,38000.0,Call,-,-,-,-,8190,-,-,0,0,0,4,8170,-,6240,1540
TXO,202607,20260715.0,38000.0,Put,248,248,178,178,176,▼-36,▼-16.82%,32,121,153,237,168,185,1910,178
TXO,202607,20260715.0,38100.0,Call,-,-,-,-,8090,-,-,0,0,0,0,8070,-,2370,1850
TXO,202607,20260715.0,38100.0,Put,210,210,195,195,180,▼-26,▼-11.76%,0,3,3,6,131,202,1000,195
TXO,202607,20260715.0,38200.0,Call,-,-,-,-,8000,-,-,0,0,0,6,7970,-,2720,2230
TXO,202607,20260715.0,38200.0,Put,223,223,196,196,187,▼-32,▼-14.04%,0,9,9,15,136,207,1520,196
TXO,202607,20260715.0,38300.0,Call,-,-,-,-,7910,-,-,0,0,0,0,7880,-,4120,1400
TXO,202607,20260715.0,38300.0,Put,-,-,-,-,194,-,-,2,0,2,14,105,212,1360,209
TXO,202607,20260715.0,38400.0,Call,-,-,-,-,7820,-,-,0,0,0,0,7780,7850,-,-
TXO,202607,20260715.0,38400.0,Put,268,278,234,234,201,▼-5,▼-2.09%,0,8,8,82,121,225,1460,220
TXO,202607,20260715.0,38500.0,Call,-,-,-,-,7720,-,-,0,0,0,2,7690,7870,5500,2220
TXO,202607,20260715.0,38500.0,Put,215,215,215,215,207,▼-34,▼-13.65%,9,1,10,92,124,236,1550,215
TXO,202607,20260715.0,38600.0,Call,-,-,-,-,7630,-,-,0,0,0,4,7600,7760,3900,1240
TXO,202607,20260715.0,38600.0,Put,-,-,-,-,213,-,-,1,0,1,4,126,231,870,249
TXO,202607,20260715.0,38700.0,Call,-,-,-,-,7540,-,-,0,0,0,0,7510,-,2500,2100
TXO,202607,20260715.0,38700.0,Put,-,-,-,-,220,-,-,1,0,1,16,132,237,755,250
TXO,202607,20260715.0,38800.0,Call,-,-,-,-,7440,-,-,0,0,0,1,7420,7560,2300,2020
TXO,202607,20260715.0,38800.0,Put,263,263,226,226,224,▼-39,▼-14.72%,0,5,5,12,167,244,2060,226
TXO,202607,20260715.0,38900.0,Call,-,-,-,-,7350,-,-,0,0,0,0,7320,-,-,-
TXO,202607,20260715.0,38900.0,Put,300,300,252,252,233,▼-22,▼-8.03%,0,2,2,9,151,266,1580,252
TXO,202607,20260715.0,39000.0,Call,-,-,-,-,7250,-,-,0,0,0,1,7210,-,7400,1400
TXO,202607,20260715.0,39000.0,Put,326,326,240,240,236,▼-42,▼-14.89%,23,41,64,204,231,240,2180,240
TXO,202607,20260715.0,39100.0,Call,-,-,-,-,7160,-,-,0,0,0,0,7130,7190,-,-
TXO,202607,20260715.0,39100.0,Put,303,303,255,255,246,▼-34,▼-11.76%,0,9,9,20,185,263,1540,255
TXO,202607,20260715.0,39200.0,Call,-,-,-,-,7070,-,-,0,0,0,0,7040,-,4090,1870
TXO,202607,20260715.0,39200.0,Put,-,-,-,-,250,-,-,0,0,0,10,179,287,1650,275
TXO,202607,20260715.0,39300.0,Call,-,-,-,-,6980,-,-,0,0,0,0,6940,-,-,-
TXO,202607,20260715.0,39300.0,Put,303,311,271,272,259,▼-36,▼-11.69%,0,36,36,44,187,280,910,271
TXO,202607,20260715.0,39400.0,Call,-,-,-,-,6890,-,-,0,0,0,0,6860,-,-,-
TXO,202607,20260715.0,39400.0,Put,-,-,-,-,269,-,-,0,0,0,32,185,288,1620,312
TXO,202607,20260715.0,39500.0,Call,-,-,-,-,6790,-,-,0,0,0,100,6760,6920,4400,915
TXO,202607,20260715.0,39500.0,Put,355,355,279,279,275,▼-44,▼-13.62%,0,9,9,168,212,302,1870,279
TXO,202607,20260715.0,39600.0,Call,-,-,-,-,6700,-,-,0,0,0,0,6670,-,5660,4530
TXO,202607,20260715.0,39600.0,Put,303,305,288,288,284,▼-52,▼-15.29%,2,3,5,67,215,303,2360,288
TXO,202607,20260715.0,39700.0,Call,-,-,-,-,6610,-,-,0,0,0,0,6590,-,2300,2270
TXO,202607,20260715.0,39700.0,Put,392,392,300,300,289,▼-44,▼-12.79%,3,103,106,97,254,312,1220,300
TXO,202607,20260715.0,39800.0,Call,-,-,-,-,6520,-,-,0,0,0,0,6500,-,3200,3180
TXO,202607,20260715.0,39800.0,Put,365,365,305,305,300,▼-46,▼-13.11%,1,3,4,42,300,321,2130,305
TXO,202607,20260715.0,39900.0,Call,-,-,-,-,6430,-,-,0,0,0,0,6410,-,-,-
TXO,202607,20260715.0,39900.0,Put,357,375,314,314,311,▼-46,▼-12.78%,3,99,102,98,236,330,1200,314
TXO,202607,20260715.0,40000.0,Call,-,-,-,-,6340,-,-,0,0,0,102,6310,6410,6740,760
TXO,202607,20260715.0,40000.0,Put,411,438,320,320,323,▼-49,▼-13.28%,157,538,695,977,311,327,2180,320
TXO,202607,20260715.0,40100.0,Call,-,-,-,-,6240,-,-,0,0,0,2,6220,-,6580,1130
TXO,202607,20260715.0,40100.0,Put,391,391,353,353,325,▼-30,▼-7.83%,1,2,3,30,248,351,2090,353
TXO,202607,20260715.0,40200.0,Call,-,-,-,-,6150,-,-,0,0,0,3,6130,-,6500,6500
TXO,202607,20260715.0,40200.0,Put,362,369,344,344,335,▼-52,▼-13.13%,0,82,82,109,254,358,2240,344
TXO,202607,20260715.0,40300.0,Call,-,-,-,-,6070,-,-,0,0,0,1,6040,-,2290,2290
TXO,202607,20260715.0,40300.0,Put,454,454,373,373,347,▼-37,▼-9.02%,2,3,5,36,265,368,2180,373
TXO,202607,20260715.0,40400.0,Call,-,-,-,-,5980,-,-,0,0,0,8,5950,6110,4710,4690
TXO,202607,20260715.0,40400.0,Put,-,-,-,-,360,-,-,1,0,1,28,286,379,2230,375
TXO,202607,20260715.0,40500.0,Call,-,-,-,-,5880,-,-,0,0,0,75,5860,6020,4310,1850
TXO,202607,20260715.0,40500.0,Put,433,445,391,391,366,▼-36,▼-8.43%,2,11,13,60,281,389,2270,391
TXO,202607,20260715.0,40600.0,Call,5490,5550,5490,5550,5800,▼-120,▼-2.12%,0,2,2,22,5760,5920,5550,1930
TXO,202607,20260715.0,40600.0,Put,418,422,418,422,379,▼-16,▼-3.65%,0,2,2,15,291,402,2000,385
TXO,202607,20260715.0,40700.0,Call,5670,5670,5670,5670,5710,▲+80,▲+1.43%,0,1,1,21,5680,5860,6000,1140
TXO,202607,20260715.0,40700.0,Put,459,485,410,420,391,▼-35,▼-7.69%,1,17,18,429,303,414,1270,410
TXO,202607,20260715.0,40800.0,Call,-,-,-,-,5620,-,-,0,0,0,20,5590,5750,2100,1390
TXO,202607,20260715.0,40800.0,Put,462,510,411,411,403,▼-54,▼-11.61%,2,17,19,42,313,420,2230,411
TXO,202607,20260715.0,40900.0,Call,-,-,-,-,5540,-,-,0,0,0,20,5500,5660,3340,1780
TXO,202607,20260715.0,40900.0,Put,485,490,454,454,418,▼-26,▼-5.42%,3,28,31,29,321,437,2190,454
TXO,202607,20260715.0,41000.0,Call,5000,5000,5000,5000,5450,▼-330,▼-6.19%,0,1,1,74,5420,5570,5000,595
TXO,202607,20260715.0,41000.0,Put,510,540,436,436,435,▼-60,▼-12.10%,15,104,119,243,424,449,2310,300
TXO,202607,20260715.0,41100.0,Call,5320,5320,5320,5320,5360,▲+80,▲+1.53%,0,2,2,2,5320,5410,5320,1680
TXO,202607,20260715.0,41100.0,Put,510,510,456,456,442,▼-54,▼-10.59%,1,26,27,58,346,463,2260,456
TXO,202607,20260715.0,41200.0,Call,-,-,-,-,5270,-,-,0,0,0,0,5240,5300,5450,720
TXO,202607,20260715.0,41200.0,Put,530,530,487,487,455,▼-38,▼-7.24%,0,36,36,44,376,474,2160,487
TXO,202607,20260715.0,41300.0,Call,-,-,-,-,5190,-,-,0,0,0,1,5170,-,3720,660
TXO,202607,20260715.0,41300.0,Put,550,550,477,477,469,▼-58,▼-10.84%,2,34,36,43,371,488,2430,477
TXO,202607,20260715.0,41400.0,Call,-,-,-,-,5100,-,-,0,0,0,0,5070,-,3500,700
TXO,202607,20260715.0,41400.0,Put,565,565,490,490,485,▼-60,▼-10.91%,0,34,34,64,467,505,2200,490
TXO,202607,20260715.0,41500.0,Call,4470,4900,4470,4900,5020,0,0%,0,2,2,2,4990,5140,5010,1510
TXO,202607,20260715.0,41500.0,Put,620,625,505,505,498,▼-65,▼-11.40%,5,54,59,95,431,520,2800,459
TXO,202607,20260715.0,41600.0,Call,4900,4900,4900,4900,4930,▲+80,▲+1.66%,0,2,2,1,4900,-,4900,1700
TXO,202607,20260715.0,41600.0,Put,680,680,535,535,510,▼-55,▼-9.32%,0,16,16,29,403,535,2580,535
TXO,202607,20260715.0,41700.0,Call,4860,4860,4860,4860,4850,▲+120,▲+2.53%,0,2,2,4,4810,4960,4860,1550
TXO,202607,20260715.0,41700.0,Put,645,665,550,550,525,▼-50,▼-8.33%,0,14,14,17,441,550,1610,550
TXO,202607,20260715.0,41800.0,Call,4760,4760,4760,4760,4750,▲+110,▲+2.37%,0,2,2,0,4720,4790,4760,3040
TXO,202607,20260715.0,41800.0,Put,720,720,550,550,535,▼-70,▼-11.29%,0,15,15,16,462,565,2900,550
TXO,202607,20260715.0,41900.0,Call,-,-,-,-,4670,-,-,0,0,0,6,4640,4810,4600,1480
TXO,202607,20260715.0,41900.0,Put,685,700,625,660,555,▲+20,▲+3.13%,0,30,30,490,475,585,2170,605
TXO,202607,20260715.0,42000.0,Call,4600,4600,4600,4600,4590,▲+110,▲+2.45%,0,2,2,9,4380,4700,5420,350
TXO,202607,20260715.0,42000.0,Put,720,760,595,595,570,▼-65,▼-9.85%,38,79,117,492,535,600,3000,575
TXO,202607,20260715.0,42100.0,Call,-,-,-,-,4510,-,-,0,0,0,0,4480,-,3510,2900
TXO,202607,20260715.0,42100.0,Put,720,720,690,710,585,▲+30,▲+4.41%,0,8,8,8,520,615,2020,640
TXO,202607,20260715.0,42200.0,Call,3870,3870,3870,3870,4430,▼-460,▼-10.62%,0,2,2,0,4120,4460,3870,1740
TXO,202607,20260715.0,42200.0,Put,775,775,620,620,605,▼-75,▼-10.79%,2,5,7,62,540,640,1850,620
TXO,202607,20260715.0,42300.0,Call,-,-,-,-,4350,-,-,0,0,0,0,4330,-,3030,2230
TXO,202607,20260715.0,42300.0,Put,730,730,720,720,630,0,0%,1,2,3,24,317,650,2520,670
TXO,202607,20260715.0,42400.0,Call,-,-,-,-,4280,-,-,0,0,0,1,4240,-,3080,1310
TXO,202607,20260715.0,42400.0,Put,855,855,725,730,655,▼-10,▼-1.35%,0,39,39,63,640,675,2000,670
TXO,202607,20260715.0,42500.0,Call,3880,3980,3880,3980,4180,▼-110,▼-2.69%,1,3,4,5,3900,4350,4060,1190
TXO,202607,20260715.0,42500.0,Put,760,800,685,685,660,▼-75,▼-9.87%,3,10,13,45,555,690,2310,685
TXO,202607,20260715.0,42600.0,Call,-,-,-,-,4100,-,-,0,0,0,2,3800,4270,4240,1090
TXO,202607,20260715.0,42600.0,Put,-,-,-,-,685,-,-,0,0,0,25,376,710,2480,770
TXO,202607,20260715.0,42700.0,Call,-,-,-,-,4030,-,-,0,0,0,27,4000,4060,4070,1050
TXO,202607,20260715.0,42700.0,Put,875,875,715,720,710,▼-85,▼-10.56%,0,13,13,54,595,735,2520,715
TXO,202607,20260715.0,42800.0,Call,-,-,-,-,3960,-,-,0,0,0,2,3930,4100,3070,237
TXO,202607,20260715.0,42800.0,Put,815,880,810,830,735,▲+10,▲+1.22%,0,22,22,75,645,760,3660,775
TXO,202607,20260715.0,42900.0,Call,3830,3830,3830,3830,3880,▲+40,▲+1.06%,1,1,2,1,3590,3990,4110,1880
TXO,202607,20260715.0,42900.0,Put,870,870,800,800,755,▼-50,▼-5.88%,0,2,2,20,635,775,1970,790
TXO,202607,20260715.0,43000.0,Call,3570,3570,3280,3500,3800,▼-210,▼-5.66%,1,13,14,122,3720,4100,4750,550
TXO,202607,20260715.0,43000.0,Put,945,975,795,795,775,▼-85,▼-9.66%,29,66,95,637,690,795,3330,765
TXO,202607,20260715.0,43100.0,Call,3450,3450,3380,3380,3720,▼-250,▼-6.89%,0,10,10,15,3680,3760,3450,1170
TXO,202607,20260715.0,43100.0,Put,925,925,925,925,800,▲+25,▲+2.78%,0,1,1,78,486,820,2510,925
TXO,202607,20260715.0,43200.0,Call,3350,3350,3200,3200,3650,▼-360,▼-10.11%,0,10,10,28,3620,-,3800,1370
TXO,202607,20260715.0,43200.0,Put,915,995,915,995,825,▲+70,▲+7.57%,1,2,3,49,510,865,2660,885
TXO,202607,20260715.0,43300.0,Call,3540,3540,3540,3540,3560,▲+50,▲+1.43%,0,2,2,2,3480,-,3540,900
TXO,202607,20260715.0,43300.0,Put,900,900,880,880,835,▼-75,▼-7.85%,0,2,2,10,720,870,2420,880
TXO,202607,20260715.0,43400.0,Call,-,-,-,-,3480,-,-,0,0,0,5,3410,-,3900,1450
TXO,202607,20260715.0,43400.0,Put,-,-,-,-,860,-,-,0,0,0,9,560,890,2510,935
TXO,202607,20260715.0,43500.0,Call,3380,3380,3380,3380,3410,▲+40,▲+1.20%,0,16,16,7,3390,3420,3690,1470
TXO,202607,20260715.0,43500.0,Put,1020,1030,900,900,890,▼-110,▼-10.89%,1,35,36,216,770,920,3000,900
TXO,202607,20260715.0,43600.0,Call,-,-,-,-,3340,-,-,0,0,0,15,3320,3480,3850,319
TXO,202607,20260715.0,43600.0,Put,1060,1060,985,985,920,▼-45,▼-4.37%,2,2,4,13,610,960,5070,975
TXO,202607,20260715.0,43700.0,Call,-,-,-,-,3270,-,-,1,0,1,5,2980,3400,3570,995
TXO,202607,20260715.0,43700.0,Put,1110,1110,1080,1080,950,▲+20,▲+1.89%,3,4,7,23,640,970,2270,980
TXO,202607,20260715.0,43800.0,Call,-,-,-,-,3200,-,-,0,0,0,4,3170,3350,3850,715
TXO,202607,20260715.0,43800.0,Put,1100,1100,1000,1000,975,▼-90,▼-8.26%,1,26,27,40,840,1000,2650,985
TXO,202607,20260715.0,43900.0,Call,-,-,-,-,3130,-,-,0,0,0,12,3100,3150,3760,1000
TXO,202607,20260715.0,43900.0,Put,1150,1150,1010,1010,1010,▼-110,▼-9.82%,0,9,9,10,985,1030,1820,1010
TXO,202607,20260715.0,44000.0,Call,2780,3040,2730,3040,3050,▲+50,▲+1.67%,6,38,44,119,2760,3080,3710,650
TXO,202607,20260715.0,44000.0,Put,1240,1240,1030,1030,1030,▼-120,▼-10.43%,86,117,203,332,1010,1050,3090,1010
TXO,202607,20260715.0,44100.0,Call,3000,3000,3000,3000,2990,▲+80,▲+2.74%,0,2,2,30,2690,3130,3000,960
TXO,202607,20260715.0,44100.0,Put,1160,1160,1120,1120,1060,▼-60,▼-5.08%,0,9,9,45,1040,1080,2930,1120
TXO,202607,20260715.0,44200.0,Call,2740,2740,2740,2740,2900,▼-120,▼-4.20%,0,1,1,18,2830,-,3360,865
TXO,202607,20260715.0,44200.0,Put,1310,1350,1150,1150,1080,▼-70,▼-5.74%,0,10,10,6,950,1120,2560,1150
TXO,202607,20260715.0,44300.0,Call,2660,2660,2660,2660,2830,▼-130,▼-4.66%,0,1,1,34,2820,2870,3420,685
TXO,202607,20260715.0,44300.0,Put,1280,1280,1260,1260,1110,▲+10,▲+0.80%,0,2,2,8,815,1160,2260,1160
TXO,202607,20260715.0,44400.0,Call,-,-,-,-,2770,-,-,0,0,0,8,2750,2810,3240,1120
TXO,202607,20260715.0,44400.0,Put,1260,1260,1160,1160,1150,▼-130,▼-10.08%,0,8,8,38,1030,1190,3010,1150
TXO,202607,20260715.0,44500.0,Call,2380,2470,2380,2470,2710,▼-190,▼-7.14%,0,3,3,58,2500,2850,3570,560
TXO,202607,20260715.0,44500.0,Put,1300,1330,1190,1190,1180,▼-130,▼-9.85%,0,24,24,55,1060,1210,2750,1170
TXO,202607,20260715.0,44600.0,Call,2390,2390,2390,2390,2640,▼-200,▼-7.72%,0,2,2,12,2510,-,2980,595
TXO,202607,20260715.0,44600.0,Put,1380,1460,1220,1220,1220,▼-140,▼-10.29%,0,5,5,4,1200,1250,3170,1210
TXO,202607,20260715.0,44700.0,Call,2310,2610,2310,2610,2580,▲+80,▲+3.16%,0,4,4,20,2280,2610,3380,575
TXO,202607,20260715.0,44700.0,Put,-,-,-,-,1250,-,-,0,0,0,32,1230,1280,3030,1250
TXO,202607,20260715.0,44800.0,Call,2230,2540,2230,2540,2510,▲+70,▲+2.83%,2,4,6,414,2220,2540,2980,665
TXO,202607,20260715.0,44800.0,Put,1500,1540,1290,1290,1290,▼-140,▼-9.79%,9,8,17,291,1270,1320,3220,1200
TXO,202607,20260715.0,44900.0,Call,-,-,-,-,2450,-,-,3,0,3,161,2150,2480,2810,1010
TXO,202607,20260715.0,44900.0,Put,-,-,-,-,1330,-,-,7,0,7,20,1050,1350,3000,1320
TXO,202607,20260715.0,45000.0,Call,2080,2410,1980,2410,2390,▲+70,▲+2.99%,43,87,130,197,2170,2410,3250,470
TXO,202607,20260715.0,45000.0,Put,1650,1710,1370,1370,1370,▼-140,▼-9.27%,35,86,121,124,1060,1380,3600,1350
TXO,202607,20260715.0,45100.0,Call,1980,2180,1980,2180,2330,▼-100,▼-4.39%,0,4,4,18,2220,2350,2810,494
TXO,202607,20260715.0,45100.0,Put,1690,1690,1690,1690,1410,▲+140,▲+9.03%,3,2,5,17,1310,1420,3400,1390
TXO,202607,20260715.0,45200.0,Call,1990,2050,1870,1870,2270,▼-350,▼-15.77%,2,8,10,13,2160,-,3010,477
TXO,202607,20260715.0,45200.0,Put,1670,1670,1440,1440,1450,▼-150,▼-9.43%,3,6,9,11,1320,1470,3460,1420
TXO,202607,20260715.0,45300.0,Call,1810,2000,1810,2000,2220,▼-170,▼-7.83%,0,2,2,38,2100,-,2300,510
TXO,202607,20260715.0,45300.0,Put,1780,1780,1480,1480,1490,▼-150,▼-9.20%,1,3,4,11,1360,1510,3530,1450
TXO,202607,20260715.0,45400.0,Call,1810,2170,1810,2170,2160,▲+50,▲+2.36%,5,3,8,371,2050,-,2480,441
TXO,202607,20260715.0,45400.0,Put,1800,1850,1520,1520,1530,▼-160,▼-9.52%,3,31,34,38,1500,1550,3280,1520
TXO,202607,20260715.0,45500.0,Call,1800,2130,1740,2050,2100,▼-10,▼-0.49%,16,49,65,167,2010,2100,3010,640
TXO,202607,20260715.0,45500.0,Put,1840,1840,1560,1560,1570,▼-160,▼-9.30%,2,31,33,44,1540,1580,3660,1540
TXO,202607,20260715.0,45600.0,Call,1760,2060,1660,2060,2030,▲+60,▲+3.00%,8,23,31,107,1870,2050,2930,391
TXO,202607,20260715.0,45600.0,Put,1850,1960,1600,1600,1610,▼-160,▼-9.09%,15,59,74,44,1520,1640,3730,1560
TXO,202607,20260715.0,45700.0,Call,1760,2010,1700,2010,1980,▲+60,▲+3.08%,1,10,11,23,1810,1990,2700,394
TXO,202607,20260715.0,45700.0,Put,1890,1890,1650,1650,1650,▼-160,▼-8.84%,5,25,30,14,1550,1680,2850,1650
TXO,202607,20260715.0,45800.0,Call,1590,1950,1520,1910,1910,▲+10,▲+0.53%,7,39,46,111,1750,1950,2810,381
TXO,202607,20260715.0,45800.0,Put,2030,2030,1690,1690,1690,▼-170,▼-9.14%,23,6,29,40,1580,1730,4260,1690
TXO,202607,20260715.0,45900.0,Call,1600,1900,1560,1880,1860,▲+40,▲+2.17%,1,120,121,136,1780,1890,2480,690
TXO,202607,20260715.0,45900.0,Put,2040,2080,1740,1740,1740,▼-160,▼-8.42%,0,16,16,21,1600,1760,2180,1740
TXO,202607,20260715.0,46000.0,Call,1560,1860,1470,1820,1810,▲+40,▲+2.25%,43,156,199,264,1790,1830,2590,311
TXO,202607,20260715.0,46000.0,Put,2170,2170,1780,1810,1780,▼-130,▼-6.70%,12,146,158,131,1650,1810,4080,1730
TXO,202607,20260715.0,46100.0,Call,1530,1800,1530,1780,1750,▲+50,▲+2.89%,4,69,73,94,1600,1790,2570,890
TXO,202607,20260715.0,46100.0,Put,2010,2010,2010,2010,1830,▲+20,▲+1.01%,2,1,3,1,-,1850,3490,1840
TXO,202607,20260715.0,46200.0,Call,1500,1740,1500,1730,1700,▲+40,▲+2.37%,1,49,50,84,1600,1730,2310,795
TXO,202607,20260715.0,46200.0,Put,-,-,-,-,1880,-,-,0,0,0,7,-,1900,4280,1900
TXO,202607,20260715.0,46300.0,Call,1320,1690,1320,1680,1650,▲+40,▲+2.44%,0,71,71,72,1540,1680,1700,960
TXO,202607,20260715.0,46300.0,Put,2350,2350,1910,1910,1930,▼-190,▼-9.05%,0,11,11,10,1780,1970,2350,1910
TXO,202607,20260715.0,46400.0,Call,1300,1640,1300,1590,1600,▼-10,▼-0.63%,0,62,62,67,1580,1690,1890,441
TXO,202607,20260715.0,46400.0,Put,1970,1970,1970,1970,1970,▼-190,▼-8.80%,0,7,7,9,1900,2020,3500,1920
TXO,202607,20260715.0,46500.0,Call,1300,1600,1250,1550,1550,0,0%,15,63,78,285,1520,1580,2500,435
TXO,202607,20260715.0,46500.0,Put,2260,2260,2260,2260,2020,▲+50,▲+2.26%,0,1,1,4,2000,2070,3310,1970
TXO,202607,20260715.0,46600.0,Call,1280,1550,1250,1500,1500,0,0%,10,83,93,106,1420,1530,1820,715
TXO,202607,20260715.0,46600.0,Put,-,-,-,-,2070,-,-,0,0,0,2,1780,2110,3060,2000
TXO,202607,20260715.0,46700.0,Call,1250,1510,1240,1460,1460,▲+10,▲+0.69%,1,64,65,61,1270,1490,2080,625
TXO,202607,20260715.0,46700.0,Put,-,-,-,-,2130,-,-,0,0,0,0,1830,2160,3090,2140
TXO,202607,20260715.0,46800.0,Call,1190,1450,1190,1410,1410,▲+10,▲+0.71%,4,40,44,46,1390,1440,1830,545
TXO,202607,20260715.0,46800.0,Put,-,-,-,-,2180,-,-,1,0,1,3,2160,2210,2600,2100
TXO,202607,20260715.0,46900.0,Call,1160,1410,1160,1410,1370,▲+50,▲+3.68%,1,41,42,44,1190,1410,2150,450
TXO,202607,20260715.0,46900.0,Put,2270,2270,2240,2240,2240,▼-180,▼-7.44%,0,3,3,1,2150,2270,3040,2240
TXO,202607,20260715.0,47000.0,Call,1130,1360,1060,1340,1320,▲+20,▲+1.52%,32,480,512,790,1260,1350,2180,204
TXO,202607,20260715.0,47000.0,Put,2770,2780,2290,2290,2300,▼-190,▼-7.66%,0,21,21,22,2280,2320,3400,2200
TXO,202607,20260715.0,47100.0,Call,1080,1320,1010,1320,1280,▲+40,▲+3.13%,1,395,396,360,1230,1310,2050,200
TXO,202607,20260715.0,47100.0,Put,-,-,-,-,2350,-,-,0,0,0,3,2330,2380,3500,2260
TXO,202607,20260715.0,47200.0,Call,1060,1280,980,1240,1240,0,0%,6,523,529,467,1230,1270,1770,348
TXO,202607,20260715.0,47200.0,Put,2490,2490,2410,2410,2410,▼-190,▼-7.31%,0,3,3,2,2210,2450,4380,2320
TXO,202607,20260715.0,47300.0,Call,1030,1240,1030,1240,1200,▲+40,▲+3.33%,0,41,41,53,1110,1240,2010,425
TXO,202607,20260715.0,47300.0,Put,-,-,-,-,2480,-,-,0,0,0,0,2180,2510,-,-
TXO,202607,20260715.0,47400.0,Call,1060,1200,1030,1200,1170,▲+40,▲+3.45%,1,24,25,47,1070,1190,1500,198
TXO,202607,20260715.0,47400.0,Put,2570,2570,2530,2530,2540,▼-190,▼-6.99%,0,3,3,1,2240,2570,2930,2530
TXO,202607,20260715.0,47500.0,Call,980,1160,900,1120,1130,▼-10,▼-0.88%,3,238,241,218,1040,1150,1860,201
TXO,202607,20260715.0,47500.0,Put,-,-,-,-,2600,-,-,0,0,0,0,2300,2640,-,-
TXO,202607,20260715.0,47600.0,Call,960,1120,875,1090,1090,0,0%,0,136,136,142,975,1110,1700,481
TXO,202607,20260715.0,47600.0,Put,-,-,-,-,2670,-,-,0,0,0,2,2640,2690,3770,2800
TXO,202607,20260715.0,47700.0,Call,885,1080,885,1080,1060,▲+20,▲+1.89%,1,45,46,50,950,1080,1600,280
TXO,202607,20260715.0,47700.0,Put,-,-,-,-,2730,-,-,1,0,1,1,2700,2750,3840,3100
TXO,202607,20260715.0,47800.0,Call,850,1050,820,1050,1020,▲+20,▲+1.94%,5,35,40,40,930,1040,1520,255
TXO,202607,20260715.0,47800.0,Put,-,-,-,-,2800,-,-,3,0,3,3,2770,2810,3250,2890
TXO,202607,20260715.0,47900.0,Call,805,1020,790,1020,990,▲+30,▲+3.03%,0,40,40,37,915,1010,1270,365
TXO,202607,20260715.0,47900.0,Put,-,-,-,-,2860,-,-,1,0,1,1,-,2880,3320,3320
TXO,202607,20260715.0,48000.0,Call,800,990,715,955,960,▼-5,▼-0.52%,36,145,181,331,935,960,1640,163
TXO,202607,20260715.0,48000.0,Put,3380,3380,2910,2910,2930,▼-210,▼-6.73%,1,5,6,7,2630,2950,4130,2770
TXO,202607,20260715.0,48100.0,Call,810,940,810,940,930,▲+15,▲+1.62%,1,3,4,9,745,940,1640,315
TXO,202607,20260715.0,48100.0,Put,3000,3000,2980,2980,3000,▼-200,▼-6.29%,1,3,4,2,2700,3010,3440,2790
TXO,202607,20260715.0,48200.0,Call,760,920,760,920,895,▲+25,▲+2.79%,1,15,16,36,820,910,1620,149
TXO,202607,20260715.0,48200.0,Put,3100,3100,3040,3040,3070,▼-210,▼-6.46%,0,5,5,3,2760,3370,3100,2860
TXO,202607,20260715.0,48300.0,Call,755,795,660,795,870,▼-70,▼-8.09%,0,4,4,74,690,880,1510,132
TXO,202607,20260715.0,48300.0,Put,-,-,-,-,3140,-,-,0,0,0,0,3100,3160,-,-
TXO,202607,20260715.0,48400.0,Call,710,860,710,860,840,▲+25,▲+2.99%,1,4,5,13,760,850,1300,420
TXO,202607,20260715.0,48400.0,Put,-,-,-,-,3210,-,-,0,0,0,0,3180,3220,-,-
TXO,202607,20260715.0,48500.0,Call,660,830,620,800,810,▼-10,▼-1.23%,2,26,28,30,780,820,1440,353
TXO,202607,20260715.0,48500.0,Put,-,-,-,-,3280,-,-,0,0,0,0,3060,3290,-,-
TXO,202607,20260715.0,48600.0,Call,630,805,585,805,785,▲+25,▲+3.21%,0,28,28,16,610,800,1150,338
TXO,202607,20260715.0,48600.0,Put,-,-,-,-,3350,-,-,0,0,0,1,3320,3370,3200,3200
TXO,202607,20260715.0,48700.0,Call,685,775,685,775,760,▲+20,▲+2.65%,0,2,2,30,675,765,1360,300
TXO,202607,20260715.0,48700.0,Put,-,-,-,-,3430,-,-,0,0,0,0,-,3440,-,-
TXO,202607,20260715.0,48800.0,Call,620,620,575,575,730,▼-155,▼-21.23%,1,10,11,101,615,740,1400,300
TXO,202607,20260715.0,48800.0,Put,-,-,-,-,3500,-,-,0,0,0,0,3200,3510,-,-
TXO,202607,20260715.0,48900.0,Call,560,650,530,650,705,▼-55,▼-7.80%,0,24,24,13,625,715,750,345
TXO,202607,20260715.0,48900.0,Put,-,-,-,-,3580,-,-,0,0,0,0,3270,3590,-,-
TXO,202607,20260715.0,49000.0,Call,540,700,500,675,680,▼-5,▼-0.74%,53,104,157,193,670,690,1100,270
TXO,202607,20260715.0,49000.0,Put,-,-,-,-,3650,-,-,0,0,0,4,3550,3660,6090,3420
TXO,202607,20260715.0,49100.0,Call,540,660,540,660,660,0,0%,1,11,12,13,575,665,805,281
TXO,202607,20260715.0,49100.0,Put,-,-,-,-,3730,-,-,0,0,0,0,3630,3740,-,-
TXO,202607,20260715.0,49200.0,Call,-,-,-,-,635,-,-,1,0,1,225,530,645,1070,272
TXO,202607,20260715.0,49200.0,Put,-,-,-,-,3810,-,-,0,0,0,0,3770,3820,-,-
TXO,202607,20260715.0,49300.0,Call,500,600,500,600,615,▼-15,▼-2.44%,1,4,5,18,540,625,1110,328
TXO,202607,20260715.0,49300.0,Put,-,-,-,-,3880,-,-,0,0,0,0,-,3900,-,-
TXO,202607,20260715.0,49400.0,Call,470,535,468,535,590,▼-55,▼-9.32%,0,5,5,6,505,605,1150,250
TXO,202607,20260715.0,49400.0,Put,-,-,-,-,3960,-,-,0,0,0,0,3930,3970,-,-
TXO,202607,20260715.0,49500.0,Call,468,575,450,575,570,▲+5,▲+0.88%,9,13,22,66,487,580,1170,270
TXO,202607,20260715.0,49500.0,Put,-,-,-,-,4040,-,-,0,0,0,0,4000,4050,-,-
TXO,202607,20260715.0,49600.0,Call,450,565,450,565,550,▲+15,▲+2.73%,0,9,9,11,467,565,1010,202
TXO,202607,20260715.0,49600.0,Put,-,-,-,-,4120,-,-,0,0,0,0,4080,4140,-,-
TXO,202607,20260715.0,49700.0,Call,510,510,510,510,530,▼-25,▼-4.67%,3,1,4,15,443,545,980,320
TXO,202607,20260715.0,49700.0,Put,-,-,-,-,4200,-,-,0,0,0,1,4160,4210,4400,4400
TXO,202607,20260715.0,49800.0,Call,380,464,380,464,510,▼-46,▼-9.02%,2,3,5,7,428,520,900,253
TXO,202607,20260715.0,49800.0,Put,-,-,-,-,4280,-,-,0,0,0,0,4250,4290,-,-
TXO,202607,20260715.0,49900.0,Call,410,500,389,488,492,▼-1,▼-0.20%,22,37,59,54,465,505,900,218
TXO,202607,20260715.0,49900.0,Put,-,-,-,-,4360,-,-,0,0,0,0,-,4390,-,-
TXO,202607,20260715.0,50000.0,Call,381,493,347,479,473,0,0%,136,280,416,818,428,493,1020,148
TXO,202607,20260715.0,50000.0,Put,4440,4450,4420,4420,4440,▼-210,▼-4.54%,0,4,4,6,4380,4470,6700,4120
TXO,202607,20260715.0,50100.0,Call,350,468,350,468,456,▲+6,▲+1.30%,1,5,6,19,373,467,795,246
TXO,202607,20260715.0,50100.0,Put,-,-,-,-,4520,-,-,0,0,0,0,-,4540,-,-
TXO,202607,20260715.0,50200.0,Call,440,440,440,440,439,▼-2,▼-0.45%,0,1,1,77,347,454,995,220
TXO,202607,20260715.0,50200.0,Put,-,-,-,-,4610,-,-,0,0,0,0,-,4620,-,-
TXO,202607,20260715.0,50300.0,Call,330,434,320,434,422,▲+4,▲+0.93%,4,14,18,19,410,433,935,208
TXO,202607,20260715.0,50300.0,Put,-,-,-,-,4690,-,-,0,0,0,0,4660,4710,-,-
TXO,202607,20260715.0,50400.0,Call,320,418,320,415,406,▲+1,▲+0.24%,0,12,12,14,378,424,780,187
TXO,202607,20260715.0,50400.0,Put,-,-,-,-,4770,-,-,0,0,0,0,-,4790,-,-
TXO,202607,20260715.0,50500.0,Call,306,405,302,388,391,▼-12,▼-3.00%,3,13,16,18,384,411,745,189
TXO,202607,20260715.0,50500.0,Put,-,-,-,-,4860,-,-,0,0,0,0,-,4890,-,-
TXO,202607,20260715.0,50600.0,Call,367,367,328,328,376,▼-56,▼-14.58%,0,2,2,18,293,391,540,245
TXO,202607,20260715.0,50600.0,Put,-,-,-,-,4940,-,-,0,0,0,2,4910,4960,5230,5180
TXO,202607,20260715.0,50700.0,Call,316,379,316,379,361,▲+9,▲+2.43%,0,9,9,12,279,381,500,262
TXO,202607,20260715.0,50700.0,Put,-,-,-,-,5030,-,-,0,0,0,0,-,5060,-,-
TXO,202607,20260715.0,50800.0,Call,269,276,269,276,347,▼-80,▼-22.47%,0,3,3,52,265,367,805,192
TXO,202607,20260715.0,50800.0,Put,-,-,-,-,5110,-,-,0,0,0,0,5080,5140,-,-
TXO,202607,20260715.0,50900.0,Call,259,354,231,354,333,▲+11,▲+3.21%,0,3,3,15,303,353,820,122
TXO,202607,20260715.0,50900.0,Put,-,-,-,-,5200,-,-,0,0,0,0,-,5220,-,-
TXO,202607,20260715.0,51000.0,Call,253,342,232,320,320,▼-9,▼-2.74%,28,101,129,258,215,340,795,3.8
TXO,202607,20260715.0,51000.0,Put,-,-,-,-,5290,-,-,0,0,0,0,-,5320,-,-
TXO,202607,20260715.0,51100.0,Call,234,318,234,318,308,0,0%,0,5,5,7,224,322,770,158
TXO,202607,20260715.0,51100.0,Put,-,-,-,-,5370,-,-,0,0,0,0,5340,5400,-,-
TXO,202607,20260715.0,51200.0,Call,233,308,233,306,295,0,0%,4,7,11,12,211,314,452,202
TXO,202607,20260715.0,51200.0,Put,-,-,-,-,5460,-,-,0,0,0,0,-,5480,-,-
TXO,202607,20260715.0,51300.0,Call,230,230,221,221,283,▼-73,▼-24.83%,1,2,3,5,188,303,324,147
TXO,202607,20260715.0,51300.0,Put,-,-,-,-,5550,-,-,0,0,0,0,-,5580,-,-
TXO,202607,20260715.0,51400.0,Call,-,-,-,-,271,-,-,0,0,0,2,141,290,467,160
TXO,202607,20260715.0,51400.0,Put,-,-,-,-,5640,-,-,0,0,0,0,-,5670,-,-
TXO,202607,20260715.0,51500.0,Call,203,270,195,270,259,▼-2,▼-0.74%,1,12,13,51,193,279,645,145
TXO,202607,20260715.0,51500.0,Put,-,-,-,-,5730,-,-,0,0,0,0,5700,5760,-,-
TXO,202607,20260715.0,51600.0,Call,197,259,193,259,248,▼-3,▼-1.15%,1,8,9,8,193,268,645,161
TXO,202607,20260715.0,51600.0,Put,-,-,-,-,5810,-,-,0,0,0,0,-,5850,-,-
TXO,202607,20260715.0,51700.0,Call,-,-,-,-,236,-,-,1,0,1,2,145,253,253,139
TXO,202607,20260715.0,51700.0,Put,-,-,-,-,5900,-,-,0,0,0,0,-,5940,-,-
TXO,202607,20260715.0,51800.0,Call,178,230,163,220,227,▼-22,▼-9.09%,2,11,13,17,144,244,505,126
TXO,202607,20260715.0,51800.0,Put,-,-,-,-,5990,-,-,0,0,0,0,5970,6020,-,-
TXO,202607,20260715.0,51900.0,Call,235,235,235,235,217,▲+2,▲+0.86%,0,2,2,2,135,238,235,127
TXO,202607,20260715.0,51900.0,Put,-,-,-,-,6080,-,-,0,0,0,0,6060,6120,-,-
TXO,202607,20260715.0,52000.0,Call,160,225,147,205,208,▼-23,▼-10.09%,46,156,202,224,195,210,570,111
TXO,202607,20260715.0,52000.0,Put,-,-,-,-,6170,-,-,0,0,0,0,-,6210,5760,5710
TXO,202607,20260715.0,52100.0,Call,154,210,154,210,199,▼-5,▼-2.33%,0,6,6,8,122,215,565,121
TXO,202607,20260715.0,52100.0,Put,-,-,-,-,6260,-,-,0,0,0,0,-,6300,-,-
TXO,202607,20260715.0,52200.0,Call,142,212,142,210,191,▲+4,▲+1.94%,1,6,7,11,115,208,565,89
TXO,202607,20260715.0,52200.0,Put,-,-,-,-,6360,-,-,0,0,0,0,6330,6390,-,-
TXO,202607,20260715.0,52300.0,Call,135,135,135,135,183,▼-63,▼-31.82%,0,1,1,12,93,200,550,128
TXO,202607,20260715.0,52300.0,Put,-,-,-,-,6450,-,-,0,0,0,0,-,6480,-,-
TXO,202607,20260715.0,52400.0,Call,130,170,130,141,175,▼-49,▼-25.79%,0,5,5,9,102,192,535,100
TXO,202607,20260715.0,52400.0,Put,-,-,-,-,6540,-,-,0,0,0,0,-,6570,-,-
TXO,202607,20260715.0,52500.0,Call,146,171,120,171,167,▼-12,▼-6.56%,17,41,58,38,143,172,413,104
TXO,202607,20260715.0,52500.0,Put,-,-,-,-,6630,-,-,0,0,0,0,-,6670,-,-
TXO,202607,20260715.0,52600.0,Call,-,-,-,-,160,-,-,0,0,0,2,71,178,388,129
TXO,202607,20260715.0,52600.0,Put,-,-,-,-,6720,-,-,0,0,0,0,-,6750,-,-
TXO,202607,20260715.0,52700.0,Call,-,-,-,-,153,-,-,0,0,0,1,46.5,171,202,125
TXO,202607,20260715.0,52700.0,Put,-,-,-,-,6820,-,-,0,0,0,0,6790,6850,-,-
TXO,202607,20260715.0,52800.0,Call,-,-,-,-,146,-,-,0,0,0,9,41,167,230,94
TXO,202607,20260715.0,52800.0,Put,-,-,-,-,6910,-,-,0,0,0,0,-,6950,-,-
TXO,202607,20260715.0,52900.0,Call,105,147,105,147,140,▼-11,▼-6.96%,0,12,12,15,77,158,305,105
TXO,202607,20260715.0,52900.0,Put,-,-,-,-,7000,-,-,0,0,0,0,6980,7030,-,-
TXO,202607,20260715.0,53000.0,Call,106,144,100,132,133,▼-17,▼-11.41%,44,71,115,168,120,134,310,62
TXO,202607,20260715.0,53000.0,Put,-,-,-,-,7100,-,-,0,0,0,0,-,7130,-,-
TXO,202607,20260715.0,53100.0,Call,-,-,-,-,127,-,-,0,0,0,1,34.5,148,338,147
TXO,202607,20260715.0,53100.0,Put,-,-,-,-,7190,-,-,0,0,0,0,-,7230,-,-
TXO,202607,20260715.0,53200.0,Call,122,131,122,131,115,▼-7,▼-5.07%,0,3,3,22,65,140,185,122
TXO,202607,20260715.0,53200.0,Put,-,-,-,-,7280,-,-,0,0,0,0,7260,7320,-,-
TXO,202607,20260715.0,53300.0,Call,121,123,121,123,114,▼-11,▼-8.21%,0,8,8,13,62,142,134,89
TXO,202607,20260715.0,53300.0,Put,-,-,-,-,7380,-,-,0,0,0,0,-,7410,-,-
TXO,202607,20260715.0,53400.0,Call,119,119,119,119,113,▼-9,▼-7.03%,0,1,1,2,21.5,135,172,90
TXO,202607,20260715.0,53400.0,Put,-,-,-,-,7480,-,-,0,0,0,0,-,7510,-,-
TXO,202607,20260715.0,53500.0,Call,87,118,78,112,108,▼-6,▼-5.08%,210,343,553,942,100,113,318,53
TXO,202607,20260715.0,53500.0,Put,-,-,-,-,7570,-,-,0,0,0,0,-,7600,7600,7350
TXO,202608,20260819.0,34000.0,Call,-,-,-,-,12450,-,-,0,0,0,0,-,-,-,-
TXO,202608,20260819.0,34000.0,Put,300,300,230,230,220,▼-37,▼-13.86%,0,35,35,90,220,233,660,221
TXO,202608,20260819.0,34100.0,Call,-,-,-,-,12360,-,-,0,0,0,0,-,-,-,-
TXO,202608,20260819.0,34100.0,Put,-,-,-,-,227,-,-,0,0,0,8,103,333,520,220
TXO,202608,20260819.0,34200.0,Call,-,-,-,-,12260,-,-,0,0,0,0,-,12330,-,-
TXO,202608,20260819.0,34200.0,Put,-,-,-,-,232,-,-,0,0,0,2,137,338,520,499
TXO,202608,20260819.0,34300.0,Call,-,-,-,-,12170,-,-,0,0,0,0,-,-,-,-
TXO,202608,20260819.0,34300.0,Put,-,-,-,-,237,-,-,0,0,0,1,64,-,481,305
TXO,202608,20260819.0,34400.0,Call,-,-,-,-,12070,-,-,0,0,0,0,12010,-,-,-
TXO,202608,20260819.0,34400.0,Put,-,-,-,-,242,-,-,0,0,0,3,147,348,515,242
TXO,202608,20260819.0,34500.0,Call,-,-,-,-,11980,-,-,0,0,0,0,-,-,-,-
TXO,202608,20260819.0,34500.0,Put,-,-,-,-,249,-,-,1,0,1,5,153,354,730,238
TXO,202608,20260819.0,34600.0,Call,-,-,-,-,11890,-,-,0,0,0,0,-,11950,-,-
TXO,202608,20260819.0,34600.0,Put,-,-,-,-,256,-,-,0,0,0,3,158,359,535,297
TXO,202608,20260819.0,34700.0,Call,-,-,-,-,11800,-,-,0,0,0,0,-,-,-,-
TXO,202608,20260819.0,34700.0,Put,-,-,-,-,264,-,-,0,0,0,1,164,-,595,300
TXO,202608,20260819.0,34800.0,Call,-,-,-,-,11700,-,-,0,0,0,0,-,11760,-,-
TXO,202608,20260819.0,34800.0,Put,-,-,-,-,272,-,-,0,0,0,2,170,371,311,300
TXO,202608,20260819.0,34900.0,Call,-,-,-,-,11610,-,-,0,0,0,0,11550,-,-,-
TXO,202608,20260819.0,34900.0,Put,-,-,-,-,278,-,-,0,0,0,1,176,377,305,305
TXO,202608,20260819.0,35000.0,Call,-,-,-,-,11520,-,-,0,0,0,0,-,-,-,-
TXO,202608,20260819.0,35000.0,Put,347,347,268,268,284,▼-68,▼-20.24%,0,4,4,16,182,325,800,268
TXO,202608,20260819.0,35100.0,Call,-,-,-,-,11420,-,-,0,0,0,0,-,11480,-,-
TXO,202608,20260819.0,35100.0,Put,-,-,-,-,291,-,-,0,0,0,0,112,-,-,-
TXO,202608,20260819.0,35200.0,Call,-,-,-,-,11330,-,-,0,0,0,0,-,-,-,-
TXO,202608,20260819.0,35200.0,Put,-,-,-,-,297,-,-,0,0,0,3,196,396,407,310
TXO,202608,20260819.0,35300.0,Call,-,-,-,-,11240,-,-,0,0,0,0,-,-,-,-
TXO,202608,20260819.0,35300.0,Put,-,-,-,-,304,-,-,0,0,0,0,124,-,433,420
TXO,202608,20260819.0,35400.0,Call,-,-,-,-,11150,-,-,0,0,0,0,-,-,-,-
TXO,202608,20260819.0,35400.0,Put,-,-,-,-,311,-,-,0,0,0,1,208,-,555,555
TXO,202608,20260819.0,35500.0,Call,-,-,-,-,11050,-,-,0,0,0,0,-,-,-,-
TXO,202608,20260819.0,35500.0,Put,-,-,-,-,318,-,-,0,0,0,502,215,-,720,328
TXO,202608,20260819.0,35600.0,Call,-,-,-,-,10960,-,-,0,0,0,0,-,-,-,-
TXO,202608,20260819.0,35600.0,Put,-,-,-,-,325,-,-,0,0,0,2,144,423,900,353
TXO,202608,20260819.0,35700.0,Call,-,-,-,-,10870,-,-,0,0,0,0,-,-,-,-
TXO,202608,20260819.0,35700.0,Put,-,-,-,-,333,-,-,0,0,0,1,152,431,300,300
TXO,202608,20260819.0,35800.0,Call,-,-,-,-,10780,-,-,0,0,0,0,-,-,-,-
TXO,202608,20260819.0,35800.0,Put,-,-,-,-,341,-,-,0,0,0,1,238,-,520,520
TXO,202608,20260819.0,35900.0,Call,-,-,-,-,10680,-,-,0,0,0,0,-,-,-,-
TXO,202608,20260819.0,35900.0,Put,-,-,-,-,348,-,-,0,0,0,1,245,-,750,399
TXO,202608,20260819.0,36000.0,Call,-,-,-,-,10590,-,-,0,0,0,0,-,-,-,-
TXO,202608,20260819.0,36000.0,Put,415,415,355,355,355,▼-58,▼-14.04%,0,3,3,23,253,454,995,316
TXO,202608,20260819.0,36100.0,Call,-,-,-,-,10500,-,-,0,0,0,0,-,10550,-,-
TXO,202608,20260819.0,36100.0,Put,-,-,-,-,364,-,-,0,0,0,0,185,-,-,-
TXO,202608,20260819.0,36200.0,Call,-,-,-,-,10410,-,-,0,0,0,0,-,-,-,-
TXO,202608,20260819.0,36200.0,Put,-,-,-,-,371,-,-,1,0,1,2,271,471,820,435
TXO,202608,20260819.0,36300.0,Call,-,-,-,-,10320,-,-,0,0,0,0,-,-,-,-
TXO,202608,20260819.0,36300.0,Put,-,-,-,-,379,-,-,0,0,0,0,278,-,-,-
TXO,202608,20260819.0,36400.0,Call,-,-,-,-,10230,-,-,0,0,0,0,10150,-,-,-
TXO,202608,20260819.0,36400.0,Put,-,-,-,-,388,-,-,0,0,0,0,211,-,850,480
TXO,202608,20260819.0,36500.0,Call,-,-,-,-,10130,-,-,0,0,0,0,-,-,-,-
TXO,202608,20260819.0,36500.0,Put,-,-,-,-,396,-,-,0,0,0,3,296,497,1030,550
TXO,202608,20260819.0,36600.0,Call,-,-,-,-,10040,-,-,0,0,0,0,9980,-,-,-
TXO,202608,20260819.0,36600.0,Put,413,413,413,413,405,▼-55,▼-11.75%,0,1,1,2,306,-,1130,375
TXO,202608,20260819.0,36700.0,Call,-,-,-,-,9950,-,-,0,0,0,0,-,10000,-,-
TXO,202608,20260819.0,36700.0,Put,-,-,-,-,415,-,-,0,0,0,1,315,-,920,432
TXO,202608,20260819.0,36800.0,Call,-,-,-,-,9860,-,-,0,0,0,0,9800,9910,-,-
TXO,202608,20260819.0,36800.0,Put,-,-,-,-,424,-,-,0,0,0,0,324,-,670,570
TXO,202608,20260819.0,36900.0,Call,-,-,-,-,9770,-,-,0,0,0,0,-,9820,-,-
TXO,202608,20260819.0,36900.0,Put,415,415,415,415,433,▼-81,▼-16.33%,0,1,1,2,333,535,450,415
TXO,202608,20260819.0,37000.0,Call,-,-,-,-,9680,-,-,0,0,0,0,-,-,-,-
TXO,202608,20260819.0,37000.0,Put,530,530,530,530,443,▲+25,▲+4.95%,0,1,1,25,268,585,1180,409
TXO,202608,20260819.0,37100.0,Call,-,-,-,-,9590,-,-,0,0,0,0,-,9640,-,-
TXO,202608,20260819.0,37100.0,Put,-,-,-,-,452,-,-,0,0,0,0,278,-,-,-
TXO,202608,20260819.0,37200.0,Call,-,-,-,-,9500,-,-,0,0,0,0,9440,-,-,-
TXO,202608,20260819.0,37200.0,Put,-,-,-,-,462,-,-,0,0,0,0,364,-,-,-
TXO,202608,20260819.0,37300.0,Call,-,-,-,-,9410,-,-,0,0,0,0,-,-,-,-
TXO,202608,20260819.0,37300.0,Put,-,-,-,-,472,-,-,0,0,0,0,298,-,-,-
TXO,202608,20260819.0,37400.0,Call,-,-,-,-,9320,-,-,0,0,0,0,-,-,-,-
TXO,202608,20260819.0,37400.0,Put,-,-,-,-,481,-,-,0,0,0,0,386,-,-,-
TXO,202608,20260819.0,37500.0,Call,-,-,-,-,9230,-,-,0,0,0,0,-,-,-,-
TXO,202608,20260819.0,37500.0,Put,600,600,600,600,491,▲+35,▲+6.19%,0,1,1,505,397,600,1270,440
TXO,202608,20260819.0,37600.0,Call,-,-,-,-,9140,-,-,0,0,0,0,-,-,-,-
TXO,202608,20260819.0,37600.0,Put,565,565,565,565,505,▼-10,▼-1.74%,0,1,1,8,409,610,570,565
TXO,202608,20260819.0,37700.0,Call,-,-,-,-,9060,-,-,0,0,0,0,-,-,-,-
TXO,202608,20260819.0,37700.0,Put,-,-,-,-,515,-,-,0,0,0,27,344,625,1200,595
TXO,202608,20260819.0,37800.0,Call,-,-,-,-,8970,-,-,0,0,0,0,8900,-,-,-
TXO,202608,20260819.0,37800.0,Put,550,550,550,550,530,▼-50,▼-8.33%,0,1,1,0,354,-,585,550
TXO,202608,20260819.0,37900.0,Call,-,-,-,-,8890,-,-,0,0,0,0,-,-,-,-
TXO,202608,20260819.0,37900.0,Put,-,-,-,-,545,-,-,0,0,0,1,366,-,580,540
TXO,202608,20260819.0,38000.0,Call,-,-,-,-,8800,-,-,0,0,0,0,-,-,-,-
TXO,202608,20260819.0,38000.0,Put,645,645,645,645,555,▲+15,▲+2.38%,0,2,2,20,456,660,1440,477
TXO,202608,20260819.0,38100.0,Call,-,-,-,-,8710,-,-,0,0,0,0,-,-,-,-
TXO,202608,20260819.0,38100.0,Put,-,-,-,-,565,-,-,0,0,0,0,470,-,-,-
TXO,202608,20260819.0,38200.0,Call,-,-,-,-,8620,-,-,0,0,0,0,-,-,-,-
TXO,202608,20260819.0,38200.0,Put,-,-,-,-,580,-,-,0,0,0,25,482,685,1120,1120
TXO,202608,20260819.0,38300.0,Call,-,-,-,-,8530,-,-,0,0,0,0,-,-,-,-
TXO,202608,20260819.0,38300.0,Put,-,-,-,-,590,-,-,0,0,0,0,495,-,-,-
TXO,202608,20260819.0,38400.0,Call,-,-,-,-,8450,-,-,0,0,0,0,-,-,-,-
TXO,202608,20260819.0,38400.0,Put,-,-,-,-,605,-,-,0,0,0,1,505,710,945,945
TXO,202608,20260819.0,38500.0,Call,-,-,-,-,8360,-,-,0,0,0,0,8290,8380,-,-
TXO,202608,20260819.0,38500.0,Put,610,610,610,610,610,▼-85,▼-12.23%,8,1,9,13,520,755,1050,610
TXO,202608,20260819.0,38600.0,Call,-,-,-,-,8270,-,-,0,0,0,0,-,-,-,-
TXO,202608,20260819.0,38600.0,Put,-,-,-,-,630,-,-,0,0,0,1,460,725,1430,830
TXO,202608,20260819.0,38700.0,Call,-,-,-,-,8190,-,-,0,0,0,0,-,-,-,-
TXO,202608,20260819.0,38700.0,Put,-,-,-,-,645,-,-,0,0,0,1,550,755,1050,1050
TXO,202608,20260819.0,38800.0,Call,-,-,-,-,8100,-,-,0,0,0,0,-,-,-,-
TXO,202608,20260819.0,38800.0,Put,-,-,-,-,660,-,-,0,0,0,0,565,-,-,-
TXO,202608,20260819.0,38900.0,Call,-,-,-,-,8010,-,-,0,0,0,0,-,-,-,-
TXO,202608,20260819.0,38900.0,Put,-,-,-,-,670,-,-,0,0,0,0,580,-,-,-
TXO,202608,20260819.0,39000.0,Call,-,-,-,-,7930,-,-,0,0,0,0,-,-,-,-
TXO,202608,20260819.0,39000.0,Put,705,710,705,710,685,▼-60,▼-7.79%,1,2,3,414,525,800,1770,695
TXO,202608,20260819.0,39100.0,Call,-,-,-,-,7850,-,-,0,0,0,0,-,-,-,-
TXO,202608,20260819.0,39100.0,Put,-,-,-,-,700,-,-,0,0,0,11,610,815,1320,1030
TXO,202608,20260819.0,39200.0,Call,-,-,-,-,7770,-,-,0,0,0,0,-,-,-,-
TXO,202608,20260819.0,39200.0,Put,-,-,-,-,720,-,-,0,0,0,26,625,830,1310,980
TXO,202608,20260819.0,39300.0,Call,-,-,-,-,7680,-,-,0,0,0,0,-,-,-,-
TXO,202608,20260819.0,39300.0,Put,-,-,-,-,735,-,-,0,0,0,1,585,820,1180,930
TXO,202608,20260819.0,39400.0,Call,-,-,-,-,7600,-,-,0,0,0,0,-,-,-,-
TXO,202608,20260819.0,39400.0,Put,800,800,800,800,750,▼-35,▼-4.19%,0,1,1,3,660,-,1210,800
TXO,202608,20260819.0,39500.0,Call,-,-,-,-,7510,-,-,0,0,0,0,-,-,-,-
TXO,202608,20260819.0,39500.0,Put,-,-,-,-,765,-,-,0,0,0,25,675,880,1530,1130
TXO,202608,20260819.0,39600.0,Call,-,-,-,-,7430,-,-,0,0,0,0,-,-,-,-
TXO,202608,20260819.0,39600.0,Put,880,880,880,880,780,▲+10,▲+1.15%,0,3,3,8,630,900,880,860
TXO,202608,20260819.0,39700.0,Call,-,-,-,-,7340,-,-,0,0,0,0,-,-,-,-
TXO,202608,20260819.0,39700.0,Put,-,-,-,-,795,-,-,0,0,0,1,685,890,700,700
TXO,202608,20260819.0,39800.0,Call,-,-,-,-,7260,-,-,0,0,0,0,-,-,-,-
TXO,202608,20260819.0,39800.0,Put,-,-,-,-,815,-,-,0,0,0,1,2.1,910,860,860
TXO,202608,20260819.0,39900.0,Call,-,-,-,-,7180,-,-,0,0,0,0,-,-,-,-
TXO,202608,20260819.0,39900.0,Put,-,-,-,-,835,-,-,0,0,0,6,2.1,955,2110,810
TXO,202608,20260819.0,40000.0,Call,-,-,-,-,7110,-,-,0,0,0,0,-,-,-,-
TXO,202608,20260819.0,40000.0,Put,-,-,-,-,855,-,-,2,0,2,22,830,1120,2200,635
TXO,202608,20260819.0,40100.0,Call,-,-,-,-,7010,-,-,0,0,0,0,-,-,-,-
TXO,202608,20260819.0,40100.0,Put,-,-,-,-,865,-,-,0,0,0,1,15,980,1370,1370
TXO,202608,20260819.0,40200.0,Call,-,-,-,-,6930,-,-,0,0,0,0,-,-,-,-
TXO,202608,20260819.0,40200.0,Put,-,-,-,-,885,-,-,0,0,0,1,15,980,1610,1610
TXO,202608,20260819.0,40300.0,Call,-,-,-,-,6850,-,-,0,0,0,0,-,-,-,-
TXO,202608,20260819.0,40300.0,Put,-,-,-,-,905,-,-,0,0,0,1,2.1,1030,1420,1420
TXO,202608,20260819.0,40400.0,Call,-,-,-,-,6770,-,-,0,0,0,0,6710,-,-,-
TXO,202608,20260819.0,40400.0,Put,970,970,970,970,925,▼-50,▼-4.90%,0,1,1,1,2.1,1040,970,970
TXO,202608,20260819.0,40500.0,Call,-,-,-,-,6700,-,-,0,0,0,0,-,-,-,-
TXO,202608,20260819.0,40500.0,Put,-,-,-,-,945,-,-,0,0,0,1,4,1040,2100,1440
TXO,202608,20260819.0,40600.0,Call,-,-,-,-,6620,-,-,0,0,0,0,-,-,-,-
TXO,202608,20260819.0,40600.0,Put,-,-,-,-,970,-,-,0,0,0,0,2.1,-,-,-
TXO,202608,20260819.0,40700.0,Call,-,-,-,-,6550,-,-,0,0,0,0,-,-,-,-
TXO,202608,20260819.0,40700.0,Put,-,-,-,-,995,-,-,0,0,0,0,2.1,-,-,-
TXO,202608,20260819.0,40800.0,Call,-,-,-,-,6470,-,-,0,0,0,0,-,-,-,-
TXO,202608,20260819.0,40800.0,Put,-,-,-,-,1020,-,-,0,0,0,0,15,-,-,-
TXO,202608,20260819.0,40900.0,Call,-,-,-,-,6400,-,-,0,0,0,0,-,-,-,-
TXO,202608,20260819.0,40900.0,Put,-,-,-,-,1040,-,-,0,0,0,1,15,1120,1580,1580
TXO,202608,20260819.0,41000.0,Call,-,-,-,-,6310,-,-,0,0,0,0,-,-,-,-
TXO,202608,20260819.0,41000.0,Put,-,-,-,-,1060,-,-,0,0,0,7,15,1190,1660,930
TXO,202608,20260819.0,41100.0,Call,-,-,-,-,6240,-,-,0,0,0,0,6160,-,-,-
TXO,202608,20260819.0,41100.0,Put,-,-,-,-,1080,-,-,0,0,0,1,-,1190,1130,1130
TXO,202608,20260819.0,41200.0,Call,-,-,-,-,6160,-,-,0,0,0,0,-,-,-,-
TXO,202608,20260819.0,41200.0,Put,-,-,-,-,1100,-,-,0,0,0,1,4.1,1230,1670,1190
TXO,202608,20260819.0,41300.0,Call,-,-,-,-,6080,-,-,0,0,0,0,-,-,-,-
TXO,202608,20260819.0,41300.0,Put,-,-,-,-,1120,-,-,0,0,0,2,-,1250,1700,1170
TXO,202608,20260819.0,41400.0,Call,-,-,-,-,6000,-,-,0,0,0,0,5930,-,-,-
TXO,202608,20260819.0,41400.0,Put,-,-,-,-,1150,-,-,0,0,0,0,-,-,-,-
TXO,202608,20260819.0,41500.0,Call,-,-,-,-,5930,-,-,0,0,0,0,-,6160,-,-
TXO,202608,20260819.0,41500.0,Put,-,-,-,-,1180,-,-,0,0,0,3,1050,-,2690,1200
TXO,202608,20260819.0,41600.0,Call,-,-,-,-,5850,-,-,0,0,0,0,5780,-,-,-
TXO,202608,20260819.0,41600.0,Put,-,-,-,-,1200,-,-,0,0,0,0,15,-,-,-
TXO,202608,20260819.0,41700.0,Call,-,-,-,-,5780,-,-,0,0,0,0,-,5790,-,-
TXO,202608,20260819.0,41700.0,Put,-,-,-,-,1230,-,-,0,0,0,4,15,1350,1840,1840
TXO,202608,20260819.0,41800.0,Call,-,-,-,-,5700,-,-,0,0,0,0,5630,-,-,-
TXO,202608,20260819.0,41800.0,Put,-,-,-,-,1250,-,-,0,0,0,0,3.3,-,1880,1350
TXO,202608,20260819.0,41900.0,Call,-,-,-,-,5630,-,-,0,0,0,0,-,5880,-,-
TXO,202608,20260819.0,41900.0,Put,-,-,-,-,1280,-,-,0,0,0,0,-,-,-,-
TXO,202608,20260819.0,42000.0,Call,-,-,-,-,5550,-,-,0,0,0,0,-,-,-,-
TXO,202608,20260819.0,42000.0,Put,-,-,-,-,1300,-,-,0,0,0,16,1180,1440,2540,1210
TXO,202608,20260819.0,42100.0,Call,-,-,-,-,5480,-,-,0,0,0,0,5410,-,-,-
TXO,202608,20260819.0,42100.0,Put,-,-,-,-,1330,-,-,0,0,0,0,-,-,-,-
TXO,202608,20260819.0,42200.0,Call,-,-,-,-,5410,-,-,0,0,0,0,-,5650,-,-
TXO,202608,20260819.0,42200.0,Put,-,-,-,-,1360,-,-,0,0,0,0,-,-,-,-
TXO,202608,20260819.0,42300.0,Call,-,-,-,-,5330,-,-,0,0,0,0,-,5580,-,-
TXO,202608,20260819.0,42300.0,Put,-,-,-,-,1380,-,-,0,0,0,0,15,-,-,-
TXO,202608,20260819.0,42400.0,Call,-,-,-,-,5260,-,-,0,0,0,0,5190,-,3760,3730
TXO,202608,20260819.0,42400.0,Put,-,-,-,-,1410,-,-,0,0,0,0,15,-,-,-
TXO,202608,20260819.0,42500.0,Call,-,-,-,-,5190,-,-,0,0,0,3,5120,-,3630,2520
TXO,202608,20260819.0,42500.0,Put,-,-,-,-,1440,-,-,0,0,0,0,15,-,-,-
TXO,202608,20260819.0,42600.0,Call,-,-,-,-,5120,-,-,0,0,0,0,5050,-,-,-
TXO,202608,20260819.0,42600.0,Put,-,-,-,-,1470,-,-,0,0,0,0,-,-,-,-
TXO,202608,20260819.0,42700.0,Call,-,-,-,-,5040,-,-,0,0,0,0,4980,5260,-,-
TXO,202608,20260819.0,42700.0,Put,-,-,-,-,1490,-,-,0,0,0,5,1370,-,2040,2040
TXO,202608,20260819.0,42800.0,Call,-,-,-,-,4970,-,-,0,0,0,9,4910,-,3200,3190
TXO,202608,20260819.0,42800.0,Put,-,-,-,-,1520,-,-,0,0,0,15,1420,-,2730,1920
TXO,202608,20260819.0,42900.0,Call,-,-,-,-,4910,-,-,0,0,0,0,4840,5220,-,-
TXO,202608,20260819.0,42900.0,Put,-,-,-,-,1550,-,-,0,0,0,0,-,-,-,-
TXO,202608,20260819.0,43000.0,Call,-,-,-,-,4840,-,-,0,0,0,1,4770,5160,2510,2510
TXO,202608,20260819.0,43000.0,Put,1610,1610,1610,1610,1580,▼-80,▼-4.73%,0,6,6,415,3.3,1670,2160,1400
TXO,202608,20260819.0,43100.0,Call,-,-,-,-,4770,-,-,0,0,0,0,4700,4960,-,-
TXO,202608,20260819.0,43100.0,Put,-,-,-,-,1610,-,-,1,0,1,1,15,1710,1720,1720
TXO,202608,20260819.0,43200.0,Call,-,-,-,-,4700,-,-,0,0,0,0,-,-,-,-
TXO,202608,20260819.0,43200.0,Put,-,-,-,-,1640,-,-,0,0,0,2,15,1790,3030,1560
TXO,202608,20260819.0,43300.0,Call,-,-,-,-,4640,-,-,0,0,0,0,-,-,-,-
TXO,202608,20260819.0,43300.0,Put,-,-,-,-,1680,-,-,0,0,0,0,-,-,-,-
TXO,202608,20260819.0,43400.0,Call,-,-,-,-,4570,-,-,0,0,0,0,4420,-,-,-
TXO,202608,20260819.0,43400.0,Put,-,-,-,-,1710,-,-,0,0,0,0,-,-,-,-
TXO,202608,20260819.0,43500.0,Call,-,-,-,-,4500,-,-,0,0,0,3,4360,4510,3430,2020
TXO,202608,20260819.0,43500.0,Put,-,-,-,-,1740,-,-,0,0,0,3,-,1890,3300,2460
TXO,202608,20260819.0,43600.0,Call,-,-,-,-,4430,-,-,0,0,0,0,4290,-,-,-
TXO,202608,20260819.0,43600.0,Put,-,-,-,-,1770,-,-,0,0,0,0,-,-,-,-
TXO,202608,20260819.0,43700.0,Call,-,-,-,-,4370,-,-,0,0,0,0,4230,-,-,-
TXO,202608,20260819.0,43700.0,Put,-,-,-,-,1810,-,-,1,0,1,1,-,1900,1900,1900
TXO,202608,20260819.0,43800.0,Call,-,-,-,-,4310,-,-,0,0,0,0,4160,-,-,-
TXO,202608,20260819.0,43800.0,Put,-,-,-,-,1850,-,-,0,0,0,1,1750,-,2970,2970
TXO,202608,20260819.0,43900.0,Call,-,-,-,-,4250,-,-,1,0,1,0,4100,4450,4210,2970
TXO,202608,20260819.0,43900.0,Put,-,-,-,-,1880,-,-,0,0,0,0,15,-,-,-
TXO,202608,20260819.0,44000.0,Call,-,-,-,-,4190,-,-,0,0,0,11,4060,-,3850,1900
TXO,202608,20260819.0,44000.0,Put,2090,2180,1900,1900,1920,▼-140,▼-6.86%,0,299,299,201,1900,1950,3670,1900
TXO,202608,20260819.0,44100.0,Call,-,-,-,-,4110,-,-,0,0,0,0,4040,4180,-,-
TXO,202608,20260819.0,44100.0,Put,-,-,-,-,1950,-,-,0,0,0,1,-,2050,1980,1980
TXO,202608,20260819.0,44200.0,Call,-,-,-,-,4040,-,-,0,0,0,8,3980,-,3170,3120
TXO,202608,20260819.0,44200.0,Put,-,-,-,-,1980,-,-,0,0,0,0,-,-,3460,2030
TXO,202608,20260819.0,44300.0,Call,-,-,-,-,3980,-,-,0,0,0,0,3650,-,-,-
TXO,202608,20260819.0,44300.0,Put,-,-,-,-,2020,-,-,0,0,0,0,-,-,-,-
TXO,202608,20260819.0,44400.0,Call,-,-,-,-,3920,-,-,0,0,0,1,3580,3980,3970,3970
TXO,202608,20260819.0,44400.0,Put,-,-,-,-,2060,-,-,0,0,0,1,-,2140,3350,1960
TXO,202608,20260819.0,44500.0,Call,-,-,-,-,3870,-,-,0,0,0,0,3790,3930,3050,2840
TXO,202608,20260819.0,44500.0,Put,2260,2380,2080,2100,2100,▼-120,▼-5.41%,0,200,200,201,-,2190,2460,2080
TXO,202608,20260819.0,44600.0,Call,-,-,-,-,3800,-,-,0,0,0,0,3730,3810,-,-
TXO,202608,20260819.0,44600.0,Put,-,-,-,-,2140,-,-,0,0,0,0,15,-,-,-
TXO,202608,20260819.0,44700.0,Call,-,-,-,-,3740,-,-,0,0,0,0,3670,3800,2950,2880
TXO,202608,20260819.0,44700.0,Put,-,-,-,-,2180,-,-,0,0,0,0,15,-,3580,2830
TXO,202608,20260819.0,44800.0,Call,-,-,-,-,3680,-,-,0,0,0,0,3610,3690,-,-
TXO,202608,20260819.0,44800.0,Put,-,-,-,-,2210,-,-,0,0,0,0,-,-,2800,2750
TXO,202608,20260819.0,44900.0,Call,-,-,-,-,3620,-,-,0,0,0,0,3550,3680,-,-
TXO,202608,20260819.0,44900.0,Put,-,-,-,-,2260,-,-,0,0,0,0,-,-,3670,2600
TXO,202608,20260819.0,45000.0,Call,-,-,-,-,3560,-,-,0,0,0,8,3490,3620,3140,2360
TXO,202608,20260819.0,45000.0,Put,-,-,-,-,2290,-,-,0,0,0,19,2180,-,3140,2530
TXO,202608,20260819.0,45100.0,Call,-,-,-,-,3500,-,-,0,0,0,0,3160,3560,-,-
TXO,202608,20260819.0,45100.0,Put,-,-,-,-,2340,-,-,0,0,0,0,-,-,-,-
TXO,202608,20260819.0,45200.0,Call,-,-,-,-,3450,-,-,0,0,0,0,3380,3610,-,-
TXO,202608,20260819.0,45200.0,Put,-,-,-,-,2380,-,-,0,0,0,0,-,-,-,-
TXO,202608,20260819.0,45300.0,Call,-,-,-,-,3390,-,-,0,0,0,1,3320,3480,2270,2180
TXO,202608,20260819.0,45300.0,Put,-,-,-,-,2420,-,-,0,0,0,0,15,-,-,-
TXO,202608,20260819.0,45400.0,Call,-,-,-,-,3330,-,-,0,0,0,0,2990,3390,2680,2280
TXO,202608,20260819.0,45400.0,Put,-,-,-,-,2460,-,-,0,0,0,1,2340,-,2670,2670
TXO,202608,20260819.0,45500.0,Call,3230,3230,3230,3230,3280,▼-30,▼-0.92%,0,16,16,23,3210,-,3230,1210
TXO,202608,20260819.0,45500.0,Put,-,-,-,-,2510,-,-,0,0,0,0,15,-,-,-
TXO,202608,20260819.0,45600.0,Call,-,-,-,-,3220,-,-,0,0,0,0,2880,3280,-,-
TXO,202608,20260819.0,45600.0,Put,-,-,-,-,2550,-,-,0,0,0,2,-,2650,2910,2510
TXO,202608,20260819.0,45700.0,Call,-,-,-,-,3160,-,-,0,0,0,0,3100,3190,-,-
TXO,202608,20260819.0,45700.0,Put,-,-,-,-,2590,-,-,0,0,0,0,15,-,-,-
TXO,202608,20260819.0,45800.0,Call,2880,2880,2880,2880,3110,▼-220,▼-7.10%,0,1,1,11,2990,-,3050,2020
TXO,202608,20260819.0,45800.0,Put,2860,2860,2860,2860,2640,▲+70,▲+2.51%,0,1,1,5,2530,-,3200,2740
TXO,202608,20260819.0,45900.0,Call,-,-,-,-,3060,-,-,5,0,5,5,2920,-,3150,2690
TXO,202608,20260819.0,45900.0,Put,-,-,-,-,2690,-,-,0,0,0,0,15,-,3750,2900
TXO,202608,20260819.0,46000.0,Call,2780,2780,2780,2780,3000,▼-210,▼-7.02%,0,1,1,7,2840,7570,3180,1970
TXO,202608,20260819.0,46000.0,Put,-,-,-,-,2730,-,-,0,0,0,0,15,-,3830,2550
TXO,202608,20260819.0,46100.0,Call,-,-,-,-,2950,-,-,0,0,0,2,-,3020,1250,760
TXO,202608,20260819.0,46100.0,Put,-,-,-,-,2780,-,-,0,0,0,0,15,-,3300,2940
TXO,202608,20260819.0,46200.0,Call,-,-,-,-,2890,-,-,0,0,0,0,-,-,-,-
TXO,202608,20260819.0,46200.0,Put,-,-,-,-,2820,-,-,0,0,0,0,15,-,-,-
TXO,202608,20260819.0,46300.0,Call,-,-,-,-,2820,-,-,0,0,0,0,-,-,-,-
TXO,202608,20260819.0,46300.0,Put,-,-,-,-,2850,-,-,0,0,0,0,15,-,-,-
TXO,202608,20260819.0,46400.0,Call,-,-,-,-,2770,-,-,0,0,0,0,-,-,-,-
TXO,202608,20260819.0,46400.0,Put,-,-,-,-,2900,-,-,0,0,0,0,15,-,-,-
TXO,202608,20260819.0,46500.0,Call,-,-,-,-,2720,-,-,0,0,0,0,15,-,-,-
TXO,202608,20260819.0,46500.0,Put,3330,3330,3190,3190,2950,▲+70,▲+2.24%,0,2,2,0,15,-,4020,3060
TXO,202608,20260819.0,46600.0,Call,-,-,-,-,2670,-,-,0,0,0,1,2540,-,2800,2800
TXO,202608,20260819.0,46600.0,Put,-,-,-,-,3000,-,-,0,0,0,0,15,-,-,-
TXO,202608,20260819.0,46700.0,Call,-,-,-,-,2620,-,-,0,0,0,1,15,2730,1310,1310
TXO,202608,20260819.0,46700.0,Put,-,-,-,-,3050,-,-,0,0,0,0,15,-,-,-
TXO,202608,20260819.0,46800.0,Call,2460,2460,2460,2460,2580,▼-140,▼-5.38%,0,1,1,15,2440,-,2460,2170
TXO,202608,20260819.0,46800.0,Put,-,-,-,-,3110,-,-,0,0,0,0,3070,3160,-,-
TXO,202608,20260819.0,46900.0,Call,-,-,-,-,2530,-,-,0,0,0,0,-,-,-,-
TXO,202608,20260819.0,46900.0,Put,-,-,-,-,3160,-,-,0,0,0,0,3080,3220,-,-
TXO,202608,20260819.0,47000.0,Call,-,-,-,-,2490,-,-,0,0,0,10,-,2590,3060,1100
TXO,202608,20260819.0,47000.0,Put,-,-,-,-,3220,-,-,0,0,0,1,3180,3270,5150,3000
TXO,202608,20260819.0,47100.0,Call,-,-,-,-,2440,-,-,0,0,0,0,-,-,-,-
TXO,202608,20260819.0,47100.0,Put,-,-,-,-,3270,-,-,0,0,0,8,3230,3320,3530,2710
TXO,202608,20260819.0,47200.0,Call,-,-,-,-,2400,-,-,0,0,0,14,-,2500,2130,1030
TXO,202608,20260819.0,47200.0,Put,3600,3600,3600,3600,3330,▲+90,▲+2.56%,0,1,1,1,3290,3380,3600,3600
TXO,202608,20260819.0,47300.0,Call,-,-,-,-,2360,-,-,0,0,0,0,15,-,-,-
TXO,202608,20260819.0,47300.0,Put,-,-,-,-,3390,-,-,0,0,0,0,3340,3430,-,-
TXO,202608,20260819.0,47400.0,Call,-,-,-,-,2310,-,-,0,0,0,20,2170,-,2240,2230
TXO,202608,20260819.0,47400.0,Put,-,-,-,-,3440,-,-,0,0,0,0,3170,3490,-,-
TXO,202608,20260819.0,47500.0,Call,2080,2080,2080,2080,2270,▼-230,▼-9.96%,0,1,1,16,-,2390,2640,1460
TXO,202608,20260819.0,47500.0,Put,-,-,-,-,3490,-,-,0,0,0,0,3440,3560,-,-
TXO,202608,20260819.0,47600.0,Call,-,-,-,-,2230,-,-,0,0,0,0,-,-,-,-
TXO,202608,20260819.0,47600.0,Put,-,-,-,-,3550,-,-,0,0,0,0,3510,3600,-,-
TXO,202608,20260819.0,47700.0,Call,-,-,-,-,2180,-,-,0,0,0,1,-,2280,2430,2430
TXO,202608,20260819.0,47700.0,Put,-,-,-,-,3610,-,-,0,0,0,0,3320,3660,-,-
TXO,202608,20260819.0,47800.0,Call,-,-,-,-,2140,-,-,0,0,0,0,-,-,-,-
TXO,202608,20260819.0,47800.0,Put,-,-,-,-,3670,-,-,0,0,0,0,3370,3720,-,-
TXO,202608,20260819.0,47900.0,Call,-,-,-,-,2100,-,-,0,0,0,0,-,-,-,-
TXO,202608,20260819.0,47900.0,Put,-,-,-,-,3730,-,-,0,0,0,0,3560,3780,-,-
TXO,202608,20260819.0,48000.0,Call,1880,1880,1880,1880,2070,▼-230,▼-10.90%,1,1,2,16,1640,2140,2630,1160
TXO,202608,20260819.0,48000.0,Put,-,-,-,-,3790,-,-,0,0,0,0,3730,3840,-,-
TXO,202608,20260819.0,48100.0,Call,-,-,-,-,2030,-,-,0,0,0,0,15,-,-,-
TXO,202608,20260819.0,48100.0,Put,-,-,-,-,3850,-,-,0,0,0,0,3790,3900,-,-
TXO,202608,20260819.0,48200.0,Call,-,-,-,-,1990,-,-,0,0,0,0,15,-,-,-
TXO,202608,20260819.0,48200.0,Put,-,-,-,-,3910,-,-,0,0,0,0,3810,3960,-,-
TXO,202608,20260819.0,48300.0,Call,-,-,-,-,1950,-,-,0,0,0,0,-,-,-,-
TXO,202608,20260819.0,48300.0,Put,-,-,-,-,3970,-,-,0,0,0,0,3680,4020,-,-
TXO,202608,20260819.0,48400.0,Call,-,-,-,-,1910,-,-,0,0,0,14,1810,-,2210,2210
TXO,202608,20260819.0,48400.0,Put,-,-,-,-,4030,-,-,0,0,0,0,3990,4080,-,-
TXO,202608,20260819.0,48500.0,Call,1700,1880,1700,1880,1870,▲+10,▲+0.53%,0,51,51,52,1760,-,2000,955
TXO,202608,20260819.0,48500.0,Put,-,-,-,-,4090,-,-,0,0,0,0,4040,4160,-,-
TXO,202608,20260819.0,48600.0,Call,-,-,-,-,1840,-,-,0,0,0,9,-,-,2240,945
TXO,202608,20260819.0,48600.0,Put,-,-,-,-,4160,-,-,0,0,0,0,4100,4210,-,-
TXO,202608,20260819.0,48700.0,Call,-,-,-,-,1800,-,-,0,0,0,0,-,-,2050,1780
TXO,202608,20260819.0,48700.0,Put,-,-,-,-,4220,-,-,0,0,0,0,4180,4270,-,-
TXO,202608,20260819.0,48800.0,Call,-,-,-,-,1760,-,-,0,0,0,0,15,-,-,-
TXO,202608,20260819.0,48800.0,Put,-,-,-,-,4280,-,-,0,0,0,0,4230,4340,-,-
TXO,202608,20260819.0,48900.0,Call,-,-,-,-,1730,-,-,0,0,0,0,15,-,-,-
TXO,202608,20260819.0,48900.0,Put,-,-,-,-,4350,-,-,0,0,0,0,4310,4400,-,-
TXO,202608,20260819.0,49000.0,Call,1650,1650,1650,1650,1700,▼-50,▼-2.94%,0,9,9,26,-,1780,2200,980
TXO,202608,20260819.0,49000.0,Put,-,-,-,-,4420,-,-,0,0,0,0,4360,4470,-,-
TXO,202608,20260819.0,49100.0,Call,-,-,-,-,1660,-,-,0,0,0,0,-,-,-,-
TXO,202608,20260819.0,49100.0,Put,-,-,-,-,4480,-,-,0,0,0,0,4450,-,-,-
TXO,202608,20260819.0,49200.0,Call,-,-,-,-,1630,-,-,0,0,0,0,-,-,-,-
TXO,202608,20260819.0,49200.0,Put,-,-,-,-,4550,-,-,0,0,0,0,-,4610,-,-
TXO,202608,20260819.0,49300.0,Call,-,-,-,-,1600,-,-,0,0,0,0,-,-,-,-
TXO,202608,20260819.0,49300.0,Put,-,-,-,-,4620,-,-,0,0,0,0,-,4670,-,-
TXO,202608,20260819.0,49400.0,Call,-,-,-,-,1570,-,-,0,0,0,0,-,-,-,-
TXO,202608,20260819.0,49400.0,Put,-,-,-,-,4680,-,-,0,0,0,0,-,4750,-,-
TXO,202608,20260819.0,49500.0,Call,-,-,-,-,1530,-,-,0,0,0,1,15,1620,1390,1050
TXO,202608,20260819.0,49500.0,Put,-,-,-,-,4750,-,-,0,0,0,0,-,4810,-,-
TXO,202608,20260819.0,49600.0,Call,-,-,-,-,1500,-,-,0,0,0,1,15,1590,1760,1760
TXO,202608,20260819.0,49600.0,Put,-,-,-,-,4820,-,-,0,0,0,0,-,4880,-,-
TXO,202608,20260819.0,49700.0,Call,-,-,-,-,1470,-,-,0,0,0,0,15,-,-,-
TXO,202608,20260819.0,49700.0,Put,-,-,-,-,4890,-,-,0,0,0,0,4860,4940,-,-
TXO,202608,20260819.0,49800.0,Call,-,-,-,-,1440,-,-,0,0,0,1,1300,-,1670,1670
TXO,202608,20260819.0,49800.0,Put,-,-,-,-,4960,-,-,0,0,0,0,-,5010,-,-
TXO,202608,20260819.0,49900.0,Call,-,-,-,-,1420,-,-,0,0,0,42,1260,-,925,920
TXO,202608,20260819.0,49900.0,Put,-,-,-,-,5030,-,-,0,0,0,0,-,5100,-,-
TXO,202608,20260819.0,50000.0,Call,1280,1380,1150,1380,1390,▼-20,▼-1.43%,8,10,18,80,1230,-,1870,660
TXO,202608,20260819.0,50000.0,Put,-,-,-,-,5110,-,-,0,0,0,0,-,5150,-,-
TXO,202608,20260819.0,50100.0,Call,-,-,-,-,1360,-,-,0,0,0,0,-,-,-,-
TXO,202608,20260819.0,50100.0,Put,-,-,-,-,5180,-,-,0,0,0,0,-,5240,-,-
TXO,202608,20260819.0,50200.0,Call,-,-,-,-,1330,-,-,0,0,0,1,-,1430,1020,895
TXO,202608,20260819.0,50200.0,Put,-,-,-,-,5250,-,-,0,0,0,0,-,5300,-,-
TXO,202608,20260819.0,50300.0,Call,-,-,-,-,1300,-,-,0,0,0,0,15,-,-,-
TXO,202608,20260819.0,50300.0,Put,-,-,-,-,5320,-,-,0,0,0,0,5290,5370,-,-
TXO,202608,20260819.0,50400.0,Call,-,-,-,-,1280,-,-,0,0,0,0,15,-,-,-
TXO,202608,20260819.0,50400.0,Put,-,-,-,-,5390,-,-,0,0,0,0,5360,5460,-,-
TXO,202608,20260819.0,50500.0,Call,1160,1230,1160,1220,1250,▼-40,▼-3.17%,0,16,16,35,1100,-,1320,620
TXO,202608,20260819.0,50500.0,Put,-,-,-,-,5470,-,-,0,0,0,0,-,5520,-,-
TXO,202608,20260819.0,50600.0,Call,-,-,-,-,1230,-,-,0,0,0,0,-,1280,-,-
TXO,202608,20260819.0,50600.0,Put,-,-,-,-,5540,-,-,0,0,0,0,-,5610,-,-
TXO,202608,20260819.0,50700.0,Call,-,-,-,-,1200,-,-,0,0,0,1,-,1270,1040,1040
TXO,202608,20260819.0,50700.0,Put,-,-,-,-,5620,-,-,0,0,0,0,-,5670,-,-
TXO,202608,20260819.0,50800.0,Call,-,-,-,-,1180,-,-,0,0,0,1,-,1260,1440,800
TXO,202608,20260819.0,50800.0,Put,-,-,-,-,5690,-,-,0,0,0,0,-,5750,-,-
TXO,202608,20260819.0,50900.0,Call,-,-,-,-,1150,-,-,0,0,0,15,1010,-,1560,880
TXO,202608,20260819.0,50900.0,Put,-,-,-,-,5770,-,-,0,0,0,0,-,5820,-,-
TXO,202608,20260819.0,51000.0,Call,-,-,-,-,1130,-,-,0,0,0,11,15,1200,1540,640
TXO,202608,20260819.0,51000.0,Put,-,-,-,-,5840,-,-,0,0,0,0,-,5910,-,-
TXO,202608,20260819.0,51100.0,Call,-,-,-,-,1100,-,-,0,0,0,0,15,-,-,-
TXO,202608,20260819.0,51100.0,Put,-,-,-,-,5920,-,-,0,0,0,0,-,5980,-,-
TXO,202608,20260819.0,51200.0,Call,-,-,-,-,1080,-,-,0,0,0,0,15,-,-,-
TXO,202608,20260819.0,51200.0,Put,-,-,-,-,5990,-,-,0,0,0,0,-,6050,-,-
TXO,202608,20260819.0,51300.0,Call,-,-,-,-,1060,-,-,0,0,0,0,2.1,-,-,-
TXO,202608,20260819.0,51300.0,Put,-,-,-,-,6070,-,-,0,0,0,0,-,6140,-,-
TXO,202608,20260819.0,51400.0,Call,-,-,-,-,1030,-,-,0,0,0,0,2.1,-,630,600
TXO,202608,20260819.0,51400.0,Put,-,-,-,-,6150,-,-,0,0,0,0,6120,-,-,-
TXO,202608,20260819.0,51500.0,Call,-,-,-,-,1010,-,-,0,0,0,0,18,-,920,600
TXO,202608,20260819.0,51500.0,Put,-,-,-,-,6220,-,-,0,0,0,0,-,-,-,-
TXO,202608,20260819.0,51600.0,Call,-,-,-,-,990,-,-,0,0,0,0,2.1,-,-,-
TXO,202608,20260819.0,51600.0,Put,-,-,-,-,6300,-,-,0,0,0,0,-,6360,-,-
TXO,202608,20260819.0,51700.0,Call,-,-,-,-,970,-,-,0,0,0,0,2.1,-,-,-
TXO,202608,20260819.0,51700.0,Put,-,-,-,-,6380,-,-,0,0,0,0,-,6440,-,-
TXO,202608,20260819.0,51800.0,Call,-,-,-,-,945,-,-,0,0,0,50,830,-,1080,1080
TXO,202608,20260819.0,51800.0,Put,-,-,-,-,6460,-,-,0,0,0,0,-,6520,-,-
TXO,202608,20260819.0,51900.0,Call,-,-,-,-,925,-,-,0,0,0,50,810,-,1100,1080
TXO,202608,20260819.0,51900.0,Put,-,-,-,-,6540,-,-,0,0,0,0,-,6600,-,-
TXO,202608,20260819.0,52000.0,Call,-,-,-,-,905,-,-,0,0,0,3,800,-,955,450
TXO,202608,20260819.0,52000.0,Put,-,-,-,-,6620,-,-,0,0,0,0,-,6680,-,-
TXO,202608,20260819.0,52100.0,Call,-,-,-,-,885,-,-,0,0,0,0,2.1,-,-,-
TXO,202608,20260819.0,52100.0,Put,-,-,-,-,6700,-,-,0,0,0,0,-,6760,-,-
TXO,202608,20260819.0,52200.0,Call,-,-,-,-,870,-,-,0,0,0,0,2.1,-,-,-
TXO,202608,20260819.0,52200.0,Put,-,-,-,-,6780,-,-,0,0,0,0,-,6840,-,-
TXO,202608,20260819.0,52300.0,Call,-,-,-,-,850,-,-,0,0,0,0,2.1,-,-,-
TXO,202608,20260819.0,52300.0,Put,-,-,-,-,6860,-,-,0,0,0,0,-,6930,-,-
TXO,202608,20260819.0,52400.0,Call,-,-,-,-,835,-,-,0,0,0,0,2.1,-,-,-
TXO,202608,20260819.0,52400.0,Put,-,-,-,-,6950,-,-,0,0,0,0,-,7020,-,-
TXO,202608,20260819.0,52500.0,Call,775,775,775,775,820,▼-75,▼-8.82%,0,1,1,9,715,-,995,394
TXO,202608,20260819.0,52500.0,Put,-,-,-,-,7030,-,-,0,0,0,0,-,-,-,-
TXO,202608,20260819.0,52600.0,Call,-,-,-,-,800,-,-,0,0,0,0,15,-,-,-
TXO,202608,20260819.0,52600.0,Put,-,-,-,-,7110,-,-,0,0,0,0,-,-,-,-
TXO,202608,20260819.0,52700.0,Call,-,-,-,-,785,-,-,0,0,0,0,675,-,-,-
TXO,202608,20260819.0,52700.0,Put,-,-,-,-,7190,-,-,0,0,0,0,-,7270,-,-
TXO,202608,20260819.0,52800.0,Call,-,-,-,-,765,-,-,0,0,0,0,660,-,-,-
TXO,202608,20260819.0,52800.0,Put,-,-,-,-,7280,-,-,0,0,0,0,-,-,-,-
TXO,202608,20260819.0,52900.0,Call,-,-,-,-,750,-,-,0,0,0,0,645,-,-,-
TXO,202608,20260819.0,52900.0,Put,-,-,-,-,7360,-,-,0,0,0,0,-,7420,-,-
TXO,202608,20260819.0,53000.0,Call,710,710,710,710,735,▼-55,▼-7.19%,0,1,1,2,630,800,710,615
TXO,202608,20260819.0,53000.0,Put,-,-,-,-,7440,-,-,0,0,0,0,-,7510,-,-
TXO,202608,20260819.0,53100.0,Call,-,-,-,-,720,-,-,0,0,0,0,615,-,-,-
TXO,202608,20260819.0,53100.0,Put,-,-,-,-,7530,-,-,0,0,0,0,-,7600,-,-
TXO,202608,20260819.0,53200.0,Call,-,-,-,-,700,-,-,0,0,0,0,605,-,-,-
TXO,202608,20260819.0,53200.0,Put,-,-,-,-,7610,-,-,0,0,0,0,-,7670,-,-
TXO,202608,20260819.0,53300.0,Call,-,-,-,-,685,-,-,0,0,0,0,590,-,-,-
TXO,202608,20260819.0,53300.0,Put,-,-,-,-,7690,-,-,0,0,0,0,-,-,-,-
TXO,202608,20260819.0,53400.0,Call,-,-,-,-,670,-,-,0,0,0,10,498,-,395,393
TXO,202608,20260819.0,53400.0,Put,-,-,-,-,7780,-,-,0,0,0,0,7730,7840,-,-
TXO,202608,20260819.0,53500.0,Call,610,650,570,650,650,▼-35,▼-5.11%,34,15,49,88,660,725,795,295
TXO,202608,20260819.0,53500.0,Put,-,-,-,-,7860,-,-,0,0,0,0,-,-,-,-
TXO,202609,20260916.0,21800.0,Call,-,-,-,-,24610,-,-,0,0,0,2,-,24610,20870,12370
TXO,202609,20260916.0,21800.0,Put,72,72,52,58,54,0,0%,1,22,23,329,50,59,650,49.5
TXO,202609,20260916.0,22000.0,Call,-,-,-,-,24410,-,-,0,0,0,6,24190,-,23430,5990
TXO,202609,20260916.0,22000.0,Put,58,58,58,58,58,▼-2,▼-3.33%,1,1,2,88,53,154,565,10.5
TXO,202609,20260916.0,22200.0,Call,-,-,-,-,24210,-,-,0,0,0,0,-,-,-,-
TXO,202609,20260916.0,22200.0,Put,-,-,-,-,58,-,-,0,0,0,22,0.8,-,580,97
TXO,202609,20260916.0,22400.0,Call,-,-,-,-,24010,-,-,0,0,0,0,-,-,-,-
TXO,202609,20260916.0,22400.0,Put,-,-,-,-,59,-,-,0,0,0,3,0.7,157,605,193
TXO,202609,20260916.0,22600.0,Call,-,-,-,-,23820,-,-,0,0,0,0,-,-,-,-
TXO,202609,20260916.0,22600.0,Put,-,-,-,-,60,-,-,0,0,0,9,0.8,159,650,82
TXO,202609,20260916.0,22800.0,Call,-,-,-,-,23620,-,-,0,0,0,0,-,-,-,-
TXO,202609,20260916.0,22800.0,Put,70,70,70,70,61,▲+1,▲+1.45%,0,12,12,18,0.9,-,675,69
TXO,202609,20260916.0,23000.0,Call,-,-,-,-,23420,-,-,0,0,0,0,-,-,-,-
TXO,202609,20260916.0,23000.0,Put,-,-,-,-,62,-,-,1,0,1,40,61,-,700,61
TXO,202609,20260916.0,23200.0,Call,-,-,-,-,23220,-,-,0,0,0,0,-,-,-,-
TXO,202609,20260916.0,23200.0,Put,-,-,-,-,63,-,-,0,0,0,12,0.8,-,730,89
TXO,202609,20260916.0,23400.0,Call,-,-,-,-,23020,-,-,0,0,0,0,-,-,-,-
TXO,202609,20260916.0,23400.0,Put,-,-,-,-,65,-,-,0,0,0,7,0.9,90,700,80
TXO,202609,20260916.0,23600.0,Call,-,-,-,-,22830,-,-,0,0,0,0,-,-,-,-
TXO,202609,20260916.0,23600.0,Put,79,79,79,79,67,▲+1,▲+1.28%,0,1,1,9,0.9,-,700,74
TXO,202609,20260916.0,23800.0,Call,-,-,-,-,22630,-,-,0,0,0,0,-,-,-,-
TXO,202609,20260916.0,23800.0,Put,75,75,75,75,69,▼-6,▼-7.41%,0,1,1,12,0.9,-,520,75
TXO,202609,20260916.0,24000.0,Call,-,-,-,-,22430,-,-,0,0,0,0,22270,-,-,-
TXO,202609,20260916.0,24000.0,Put,-,-,-,-,71,-,-,0,0,0,36,1.1,172,665,75
TXO,202609,20260916.0,24200.0,Call,-,-,-,-,22240,-,-,0,0,0,0,-,22250,-,-
TXO,202609,20260916.0,24200.0,Put,-,-,-,-,74,-,-,0,0,0,49,3.3,-,1000,87
TXO,202609,20260916.0,24400.0,Call,-,-,-,-,22040,-,-,0,0,0,0,-,22060,-,-
TXO,202609,20260916.0,24400.0,Put,-,-,-,-,77,-,-,0,0,0,4,1,-,1010,88
TXO,202609,20260916.0,24600.0,Call,-,-,-,-,21840,-,-,0,0,0,0,-,21860,-,-
TXO,202609,20260916.0,24600.0,Put,-,-,-,-,78,-,-,0,0,0,11,1.1,179,1020,108
TXO,202609,20260916.0,24800.0,Call,-,-,-,-,21650,-,-,0,0,0,0,-,21660,-,-
TXO,202609,20260916.0,24800.0,Put,-,-,-,-,81,-,-,0,0,0,9,1.1,-,1100,95
TXO,202609,20260916.0,25000.0,Call,-,-,-,-,21450,-,-,0,0,0,0,-,21470,-,-
TXO,202609,20260916.0,25000.0,Put,-,-,-,-,82,-,-,0,0,0,47,1.2,102,1050,91
TXO,202609,20260916.0,25200.0,Call,-,-,-,-,21250,-,-,0,0,0,0,-,21270,-,-
TXO,202609,20260916.0,25200.0,Put,-,-,-,-,84,-,-,0,0,0,30,3.3,105,1200,85
TXO,202609,20260916.0,25400.0,Call,-,-,-,-,21060,-,-,0,0,0,0,-,21080,-,-
TXO,202609,20260916.0,25400.0,Put,-,-,-,-,89,-,-,0,0,0,22,1.1,189,1250,108
TXO,202609,20260916.0,25600.0,Call,-,-,-,-,20860,-,-,0,0,0,0,-,20880,-,-
TXO,202609,20260916.0,25600.0,Put,-,-,-,-,90,-,-,0,0,0,30,1.2,-,1210,100
TXO,202609,20260916.0,25800.0,Call,20090,20440,19820,20440,20660,▼-50,▼-0.24%,0,46,46,47,-,20720,20440,17840
TXO,202609,20260916.0,25800.0,Put,109,109,109,109,92,▲+11,▲+11.22%,0,4,4,12,1.1,-,1270,100
TXO,202609,20260916.0,26000.0,Call,-,-,-,-,20470,-,-,0,0,0,0,-,20490,-,-
TXO,202609,20260916.0,26000.0,Put,-,-,-,-,96,-,-,0,0,0,43,3.3,198,1090,90
TXO,202609,20260916.0,26200.0,Call,-,-,-,-,20270,-,-,0,0,0,0,-,20290,-,-
TXO,202609,20260916.0,26200.0,Put,-,-,-,-,100,-,-,0,0,0,17,3.3,-,1420,111
TXO,202609,20260916.0,26400.0,Call,-,-,-,-,20080,-,-,0,0,0,0,-,20100,13900,5820
TXO,202609,20260916.0,26400.0,Put,122,122,122,122,104,▲+24,▲+24.49%,1,1,2,19,1.5,204,1180,107
TXO,202609,20260916.0,26600.0,Call,-,-,-,-,19880,-,-,0,0,0,0,-,19900,-,-
TXO,202609,20260916.0,26600.0,Put,-,-,-,-,108,-,-,0,0,0,38,1.5,207,1000,139
TXO,202609,20260916.0,26800.0,Call,-,-,-,-,19690,-,-,0,0,0,25,19550,19720,12000,5510
TXO,202609,20260916.0,26800.0,Put,-,-,-,-,113,-,-,0,0,0,34,1.6,-,1130,123
TXO,202609,20260916.0,27000.0,Call,-,-,-,-,19490,-,-,0,0,0,3,19290,19510,10640,6220
TXO,202609,20260916.0,27000.0,Put,130,130,130,130,117,▲+25,▲+23.81%,0,1,1,6,1.6,214,1750,130
TXO,202609,20260916.0,27200.0,Call,-,-,-,-,19300,-,-,0,0,0,0,-,19320,-,-
TXO,202609,20260916.0,27200.0,Put,-,-,-,-,118,-,-,0,0,0,1,1.7,-,750,377
TXO,202609,20260916.0,27400.0,Call,-,-,-,-,19100,-,-,0,0,0,2,18900,19120,5890,2380
TXO,202609,20260916.0,27400.0,Put,-,-,-,-,119,-,-,0,0,0,1,1.8,222,1270,960
TXO,202609,20260916.0,27600.0,Call,-,-,-,-,18900,-,-,0,0,0,2,18760,-,10800,2020
TXO,202609,20260916.0,27600.0,Put,-,-,-,-,123,-,-,0,0,0,2,24.5,-,1120,319
TXO,202609,20260916.0,27800.0,Call,-,-,-,-,18710,-,-,0,0,0,4,-,18770,19160,19090
TXO,202609,20260916.0,27800.0,Put,-,-,-,-,127,-,-,0,0,0,16,2,230,1460,175
TXO,202609,20260916.0,28000.0,Call,-,-,-,-,18510,-,-,0,0,0,1,18310,18530,7880,1910
TXO,202609,20260916.0,28000.0,Put,-,-,-,-,132,-,-,0,0,0,42,3.7,232,2180,145
TXO,202609,20260916.0,28200.0,Call,-,-,-,-,18320,-,-,0,0,0,2,18120,18340,5250,1730
TXO,202609,20260916.0,28200.0,Put,-,-,-,-,136,-,-,0,0,0,5,2.2,-,1180,205
TXO,202609,20260916.0,28400.0,Call,-,-,-,-,18130,-,-,0,0,0,21,17930,18270,15910,1630
TXO,202609,20260916.0,28400.0,Put,-,-,-,-,141,-,-,0,0,0,9,2.3,243,1550,233
TXO,202609,20260916.0,28600.0,Call,-,-,-,-,17930,-,-,0,0,0,0,-,17950,-,-
TXO,202609,20260916.0,28600.0,Put,-,-,-,-,146,-,-,0,0,0,3,2.4,247,1250,180
TXO,202609,20260916.0,28800.0,Call,-,-,-,-,17740,-,-,0,0,0,0,-,17760,5200,3230
TXO,202609,20260916.0,28800.0,Put,158,158,158,158,152,▼-20,▼-11.24%,0,1,1,6,2.5,252,775,158
TXO,202609,20260916.0,29000.0,Call,-,-,-,-,17540,-,-,0,0,0,2,17350,17560,4570,4570
TXO,202609,20260916.0,29000.0,Put,-,-,-,-,157,-,-,0,0,0,18,22,257,1920,162
TXO,202609,20260916.0,29200.0,Call,-,-,-,-,17350,-,-,0,0,0,4,17160,17370,6310,1310
TXO,202609,20260916.0,29200.0,Put,-,-,-,-,159,-,-,0,0,0,5,2.5,750,1320,300
TXO,202609,20260916.0,29400.0,Call,-,-,-,-,17150,-,-,0,0,0,1,16960,-,6990,1290
TXO,202609,20260916.0,29400.0,Put,-,-,-,-,165,-,-,0,0,0,0,2.5,-,2010,435
TXO,202609,20260916.0,29600.0,Call,-,-,-,-,16960,-,-,0,0,0,2,16770,17030,5690,1370
TXO,202609,20260916.0,29600.0,Put,-,-,-,-,171,-,-,0,0,0,5,2.5,274,1780,187
TXO,202609,20260916.0,29800.0,Call,16240,16240,16240,16240,16770,▼-380,▼-2.29%,0,1,1,4,16580,-,16240,1210
TXO,202609,20260916.0,29800.0,Put,199,199,199,199,178,▼-12,▼-5.69%,0,1,1,22,2.5,-,2400,199
TXO,202609,20260916.0,30000.0,Call,-,-,-,-,16580,-,-,0,0,0,24,16390,16650,14350,1210
TXO,202609,20260916.0,30000.0,Put,222,222,184,184,184,▼-38,▼-17.12%,5,2,7,36,85,-,2400,170
TXO,202609,20260916.0,30200.0,Call,-,-,-,-,16380,-,-,0,0,0,4,16250,16450,10020,1320
TXO,202609,20260916.0,30200.0,Put,-,-,-,-,192,-,-,0,0,0,8,14.5,293,2050,177
TXO,202609,20260916.0,30400.0,Call,-,-,-,-,16190,-,-,0,0,0,0,-,16260,5390,1430
TXO,202609,20260916.0,30400.0,Put,-,-,-,-,199,-,-,0,0,0,19,20.5,300,2030,1.1
TXO,202609,20260916.0,30600.0,Call,-,-,-,-,16000,-,-,0,0,0,6,15810,16070,5520,1000
TXO,202609,20260916.0,30600.0,Put,-,-,-,-,206,-,-,0,0,0,4,106,-,2090,200
TXO,202609,20260916.0,30800.0,Call,-,-,-,-,15800,-,-,0,0,0,7,15620,15880,10110,940
TXO,202609,20260916.0,30800.0,Put,-,-,-,-,209,-,-,0,0,0,10,114,314,2200,201
TXO,202609,20260916.0,31000.0,Call,-,-,-,-,15610,-,-,0,0,0,2,-,15660,9780,1300
TXO,202609,20260916.0,31000.0,Put,-,-,-,-,217,-,-,0,0,0,13,43,-,2410,260
TXO,202609,20260916.0,31200.0,Call,-,-,-,-,15420,-,-,0,0,0,0,-,15490,5680,2350
TXO,202609,20260916.0,31200.0,Put,-,-,-,-,227,-,-,0,0,0,7,130,-,4320,310
TXO,202609,20260916.0,31400.0,Call,-,-,-,-,15230,-,-,0,0,0,1,15050,15300,14330,1430
TXO,202609,20260916.0,31400.0,Put,-,-,-,-,235,-,-,0,0,0,10,138,339,2750,252
TXO,202609,20260916.0,31600.0,Call,-,-,-,-,15050,-,-,0,0,0,0,-,15110,3970,2920
TXO,202609,20260916.0,31600.0,Put,-,-,-,-,246,-,-,0,0,0,1,147,348,2510,310
TXO,202609,20260916.0,31800.0,Call,-,-,-,-,14860,-,-,0,0,0,1,14670,14920,14100,1370
TXO,202609,20260916.0,31800.0,Put,-,-,-,-,257,-,-,0,0,0,13,157,358,2990,235
TXO,202609,20260916.0,32000.0,Call,-,-,-,-,14670,-,-,0,0,0,22,14490,14740,9870,1310
TXO,202609,20260916.0,32000.0,Put,-,-,-,-,268,-,-,3,0,3,9,167,-,2700,280
TXO,202609,20260916.0,32200.0,Call,-,-,-,-,14480,-,-,0,0,0,19,14300,14550,13750,1380
TXO,202609,20260916.0,32200.0,Put,-,-,-,-,280,-,-,0,0,0,8,100,-,2670,304
TXO,202609,20260916.0,32400.0,Call,-,-,-,-,14290,-,-,0,0,0,0,14160,14360,4680,1440
TXO,202609,20260916.0,32400.0,Put,-,-,-,-,284,-,-,2,0,2,15,188,389,2300,255
TXO,202609,20260916.0,32600.0,Call,-,-,-,-,14100,-,-,0,0,0,0,-,14170,9580,1680
TXO,202609,20260916.0,32600.0,Put,-,-,-,-,294,-,-,0,0,0,1,123,-,2900,300
TXO,202609,20260916.0,32800.0,Call,-,-,-,-,13910,-,-,0,0,0,2,-,13960,8380,1420
TXO,202609,20260916.0,32800.0,Put,-,-,-,-,305,-,-,0,0,0,3,136,412,3280,585
TXO,202609,20260916.0,33000.0,Call,-,-,-,-,13720,-,-,0,0,0,35,13600,13770,12330,399
TXO,202609,20260916.0,33000.0,Put,-,-,-,-,317,-,-,0,0,0,68,224,425,3000,305
TXO,202609,20260916.0,33200.0,Call,-,-,-,-,13540,-,-,0,0,0,4,-,13590,11640,344
TXO,202609,20260916.0,33200.0,Put,-,-,-,-,330,-,-,0,0,0,3,160,-,2730,378
TXO,202609,20260916.0,33400.0,Call,-,-,-,-,13350,-,-,0,0,0,2,13230,13420,12040,1470
TXO,202609,20260916.0,33400.0,Put,-,-,-,-,343,-,-,0,0,0,5,250,451,2780,1060
TXO,202609,20260916.0,33600.0,Call,-,-,-,-,13170,-,-,0,0,0,2,-,13220,7240,372
TXO,202609,20260916.0,33600.0,Put,-,-,-,-,357,-,-,0,0,0,3,188,-,3860,310
TXO,202609,20260916.0,33800.0,Call,-,-,-,-,12980,-,-,0,0,0,1,-,13030,7340,328
TXO,202609,20260916.0,33800.0,Put,-,-,-,-,371,-,-,0,0,0,2,204,-,3000,935
TXO,202609,20260916.0,34000.0,Call,-,-,-,-,12800,-,-,0,0,0,115,12630,12890,6780,325
TXO,202609,20260916.0,34000.0,Put,-,-,-,-,386,-,-,0,0,0,49,219,496,3990,373
TXO,202609,20260916.0,34200.0,Call,-,-,-,-,12610,-,-,0,0,0,1,-,12680,9340,299
TXO,202609,20260916.0,34200.0,Put,-,-,-,-,401,-,-,0,0,0,3,235,-,1130,423
TXO,202609,20260916.0,34400.0,Call,-,-,-,-,12430,-,-,0,0,0,0,12320,12500,6600,305
TXO,202609,20260916.0,34400.0,Put,-,-,-,-,418,-,-,0,0,0,2,250,-,3660,387
TXO,202609,20260916.0,34600.0,Call,-,-,-,-,12250,-,-,0,0,0,3,12130,12320,11000,306
TXO,202609,20260916.0,34600.0,Put,-,-,-,-,434,-,-,0,0,0,1,345,-,4530,2370
TXO,202609,20260916.0,34800.0,Call,-,-,-,-,12070,-,-,0,0,0,3,11900,12140,3130,370
TXO,202609,20260916.0,34800.0,Put,-,-,-,-,452,-,-,0,0,0,2,363,-,3320,1070
TXO,202609,20260916.0,35000.0,Call,-,-,-,-,11880,-,-,0,0,0,7,-,11960,10920,510
TXO,202609,20260916.0,35000.0,Put,500,500,500,500,468,▼-30,▼-5.66%,0,1,1,24,305,-,3320,443
TXO,202609,20260916.0,35200.0,Call,-,-,-,-,11700,-,-,0,0,0,1,11590,11780,8530,850
TXO,202609,20260916.0,35200.0,Put,-,-,-,-,485,-,-,0,0,0,1,402,-,1150,860
TXO,202609,20260916.0,35400.0,Call,-,-,-,-,11530,-,-,0,0,0,0,-,-,8330,373
TXO,202609,20260916.0,35400.0,Put,-,-,-,-,510,-,-,0,0,0,1,423,625,3430,935
TXO,202609,20260916.0,35600.0,Call,-,-,-,-,11360,-,-,0,0,0,0,-,-,7680,1220
TXO,202609,20260916.0,35600.0,Put,570,570,570,570,540,▼-30,▼-5.00%,0,1,1,6,444,890,4020,570
TXO,202609,20260916.0,35800.0,Call,-,-,-,-,11180,-,-,0,0,0,3,11070,11250,5820,450
TXO,202609,20260916.0,35800.0,Put,-,-,-,-,560,-,-,0,0,0,9,466,-,2000,540
TXO,202609,20260916.0,36000.0,Call,-,-,-,-,11000,-,-,0,0,0,41,10890,11090,11770,595
TXO,202609,20260916.0,36000.0,Put,-,-,-,-,580,-,-,0,0,0,52,490,-,4200,466
TXO,202609,20260916.0,36200.0,Call,-,-,-,-,10830,-,-,0,0,0,0,10710,-,8750,282
TXO,202609,20260916.0,36200.0,Put,-,-,-,-,605,-,-,0,0,0,2,510,1750,1400,1330
TXO,202609,20260916.0,36400.0,Call,-,-,-,-,10650,-,-,0,0,0,0,10540,-,7540,499
TXO,202609,20260916.0,36400.0,Put,-,-,-,-,630,-,-,0,0,0,3,535,-,4830,710
TXO,202609,20260916.0,36600.0,Call,-,-,-,-,10480,-,-,0,0,0,0,10370,10520,7400,480
TXO,202609,20260916.0,36600.0,Put,-,-,-,-,655,-,-,0,0,0,0,560,-,1860,1740
TXO,202609,20260916.0,36800.0,Call,-,-,-,-,10300,-,-,0,0,0,19,10150,-,2830,310
TXO,202609,20260916.0,36800.0,Put,-,-,-,-,680,-,-,0,0,0,6,590,-,4910,1640
TXO,202609,20260916.0,37000.0,Call,-,-,-,-,10130,-,-,0,0,0,29,10020,10210,9270,540
TXO,202609,20260916.0,37000.0,Put,690,690,690,690,700,▼-85,▼-10.97%,0,1,1,27,550,700,2520,690
TXO,202609,20260916.0,37200.0,Call,-,-,-,-,9960,-,-,0,0,0,6,9850,-,9290,375
TXO,202609,20260916.0,37200.0,Put,-,-,-,-,735,-,-,0,0,0,0,645,-,2390,950
TXO,202609,20260916.0,37400.0,Call,-,-,-,-,9780,-,-,0,0,0,1,9630,-,1370,456
TXO,202609,20260916.0,37400.0,Put,-,-,-,-,755,-,-,0,0,0,1,605,865,2530,1960
TXO,202609,20260916.0,37600.0,Call,-,-,-,-,9610,-,-,0,0,0,1,9510,9680,5920,430
TXO,202609,20260916.0,37600.0,Put,-,-,-,-,785,-,-,0,0,0,11,685,930,2660,905
TXO,202609,20260916.0,37800.0,Call,-,-,-,-,9440,-,-,0,0,0,2,9350,-,3680,390
TXO,202609,20260916.0,37800.0,Put,-,-,-,-,815,-,-,0,0,0,5,670,-,1110,980
TXO,202609,20260916.0,38000.0,Call,-,-,-,-,9270,-,-,0,0,0,3,9180,-,6000,350
TXO,202609,20260916.0,38000.0,Put,-,-,-,-,845,-,-,0,0,0,6,770,2500,6640,740
TXO,202609,20260916.0,38200.0,Call,-,-,-,-,9110,-,-,0,0,0,0,9020,9160,1030,370
TXO,202609,20260916.0,38200.0,Put,-,-,-,-,880,-,-,0,0,0,3,15,1020,2770,765
TXO,202609,20260916.0,38400.0,Call,-,-,-,-,8950,-,-,0,0,0,1,8800,-,4030,340
TXO,202609,20260916.0,38400.0,Put,-,-,-,-,915,-,-,0,0,0,1,15,1030,2080,800
TXO,202609,20260916.0,38600.0,Call,-,-,-,-,8790,-,-,0,0,0,0,8690,-,4750,371
TXO,202609,20260916.0,38600.0,Put,-,-,-,-,955,-,-,0,0,0,3,15,1100,2850,825
TXO,202609,20260916.0,38800.0,Call,-,-,-,-,8630,-,-,0,0,0,21,8530,8680,3570,270
TXO,202609,20260916.0,38800.0,Put,-,-,-,-,1000,-,-,0,0,0,1,15,-,2100,1350
TXO,202609,20260916.0,39000.0,Call,-,-,-,-,8480,-,-,0,0,0,50,8370,8500,7390,273
TXO,202609,20260916.0,39000.0,Put,-,-,-,-,1040,-,-,0,0,0,103,885,-,2820,880
TXO,202609,20260916.0,39200.0,Call,-,-,-,-,8300,-,-,0,0,0,2,-,8370,6340,249
TXO,202609,20260916.0,39200.0,Put,-,-,-,-,1060,-,-,0,0,0,7,15,1220,2750,1160
TXO,202609,20260916.0,39400.0,Call,-,-,-,-,8140,-,-,0,0,0,7,8050,-,7970,223
TXO,202609,20260916.0,39400.0,Put,-,-,-,-,1100,-,-,0,0,0,2,965,-,2390,1630
TXO,202609,20260916.0,39600.0,Call,-,-,-,-,7990,-,-,0,0,0,2,7820,-,5910,394
TXO,202609,20260916.0,39600.0,Put,-,-,-,-,1150,-,-,0,0,0,1,1070,-,2870,1000
TXO,202609,20260916.0,39800.0,Call,-,-,-,-,7830,-,-,0,0,0,0,7740,7900,6170,417
TXO,202609,20260916.0,39800.0,Put,-,-,-,-,1190,-,-,0,0,0,1,15,-,2020,1560
TXO,202609,20260916.0,40000.0,Call,-,-,-,-,7670,-,-,0,0,0,66,-,7700,6600,380
TXO,202609,20260916.0,40000.0,Put,-,-,-,-,1230,-,-,1,0,1,72,1120,-,3040,1050
TXO,202609,20260916.0,40200.0,Call,-,-,-,-,7520,-,-,0,0,0,5,7430,7620,5400,250
TXO,202609,20260916.0,40200.0,Put,1300,1300,1300,1300,1280,▼-80,▼-5.80%,0,1,1,1,1180,-,1300,1300
TXO,202609,20260916.0,40400.0,Call,-,-,-,-,7370,-,-,0,0,0,8,7210,-,4590,388
TXO,202609,20260916.0,40400.0,Put,-,-,-,-,1330,-,-,0,0,0,0,15,-,3260,2790
TXO,202609,20260916.0,40600.0,Call,-,-,-,-,7210,-,-,0,0,0,5,7060,7260,4390,345
TXO,202609,20260916.0,40600.0,Put,-,-,-,-,1370,-,-,0,0,0,5,1240,-,4360,1430
TXO,202609,20260916.0,40800.0,Call,6870,6870,6630,6830,7060,▼-170,▼-2.43%,0,3,3,4,6980,7260,6870,530
TXO,202609,20260916.0,40800.0,Put,-,-,-,-,1410,-,-,0,0,0,5,1290,-,4480,1940
TXO,202609,20260916.0,41000.0,Call,6820,6820,6820,6820,6910,▼-40,▼-0.58%,0,1,1,6,-,7010,6820,320
TXO,202609,20260916.0,41000.0,Put,-,-,-,-,1470,-,-,2,0,2,13,15,1480,4640,1320
TXO,202609,20260916.0,41200.0,Call,-,-,-,-,6770,-,-,0,0,0,0,6690,-,3540,2240
TXO,202609,20260916.0,41200.0,Put,-,-,-,-,1520,-,-,0,0,0,4,1430,-,7750,3090
TXO,202609,20260916.0,41400.0,Call,-,-,-,-,6620,-,-,0,0,0,0,6540,-,5680,3000
TXO,202609,20260916.0,41400.0,Put,-,-,-,-,1570,-,-,0,0,0,2,1480,-,3480,1410
TXO,202609,20260916.0,41600.0,Call,-,-,-,-,6470,-,-,0,0,0,0,6400,6630,3720,2070
TXO,202609,20260916.0,41600.0,Put,-,-,-,-,1620,-,-,0,0,0,1,1540,-,3420,3100
TXO,202609,20260916.0,41800.0,Call,-,-,-,-,6330,-,-,0,0,0,0,6260,6510,2410,264
TXO,202609,20260916.0,41800.0,Put,-,-,-,-,1680,-,-,0,0,0,0,15,-,6470,3200
TXO,202609,20260916.0,42000.0,Call,5930,6060,5930,6060,6190,▼-80,▼-1.30%,0,5,5,115,6120,6370,6190,161
TXO,202609,20260916.0,42000.0,Put,-,-,-,-,1740,-,-,0,0,0,8,1630,1760,7310,1510
TXO,202609,20260916.0,42200.0,Call,-,-,-,-,6050,-,-,0,0,0,2,5980,-,3620,269
TXO,202609,20260916.0,42200.0,Put,-,-,-,-,1800,-,-,0,0,0,2,15,1930,2410,2410
TXO,202609,20260916.0,42400.0,Call,-,-,-,-,5920,-,-,0,0,0,0,5840,-,1360,1180
TXO,202609,20260916.0,42400.0,Put,-,-,-,-,1870,-,-,0,0,0,0,15,-,3470,3460
TXO,202609,20260916.0,42600.0,Call,-,-,-,-,5790,-,-,0,0,0,7,5700,5870,6330,101
TXO,202609,20260916.0,42600.0,Put,-,-,-,-,1940,-,-,0,0,0,4,1820,-,8970,2030
TXO,202609,20260916.0,42800.0,Call,-,-,-,-,5670,-,-,0,0,0,201,5570,5740,5440,800
TXO,202609,20260916.0,42800.0,Put,-,-,-,-,2010,-,-,0,0,0,201,1910,-,4270,2810
TXO,202609,20260916.0,43000.0,Call,5520,5520,5520,5520,5540,▲+50,▲+0.91%,0,2,2,21,5440,5640,5520,580
TXO,202609,20260916.0,43000.0,Put,-,-,-,-,2090,-,-,0,0,0,92,1950,-,4540,1930
TXO,202609,20260916.0,43200.0,Call,-,-,-,-,5380,-,-,0,0,0,3,5300,5530,5810,790
TXO,202609,20260916.0,43200.0,Put,-,-,-,-,2130,-,-,0,0,0,2,2020,-,3670,2580
TXO,202609,20260916.0,43400.0,Call,-,-,-,-,5250,-,-,0,0,0,1,5170,5400,2840,750
TXO,202609,20260916.0,43400.0,Put,-,-,-,-,2200,-,-,0,0,0,2,2090,-,3460,2250
TXO,202609,20260916.0,43600.0,Call,-,-,-,-,5120,-,-,0,0,0,6,5050,5210,4340,545
TXO,202609,20260916.0,43600.0,Put,-,-,-,-,2270,-,-,0,0,0,5,15,2400,3450,2110
TXO,202609,20260916.0,43800.0,Call,-,-,-,-,5000,-,-,0,0,0,5,4920,5040,4270,2090
TXO,202609,20260916.0,43800.0,Put,-,-,-,-,2340,-,-,0,0,0,0,15,-,3250,2470
TXO,202609,20260916.0,44000.0,Call,-,-,-,-,4870,-,-,0,0,0,17,4790,-,5180,331
TXO,202609,20260916.0,44000.0,Put,-,-,-,-,2410,-,-,0,0,0,2,2310,-,4100,3020
TXO,202609,20260916.0,44200.0,Call,-,-,-,-,4750,-,-,0,0,0,17,4670,-,2730,2000
TXO,202609,20260916.0,44200.0,Put,-,-,-,-,2490,-,-,0,0,0,2,2040,-,5100,2300
TXO,202609,20260916.0,44400.0,Call,-,-,-,-,4620,-,-,0,0,0,0,4540,-,4130,2140
TXO,202609,20260916.0,44400.0,Put,-,-,-,-,2560,-,-,0,0,0,0,15,-,-,-
TXO,202609,20260916.0,44600.0,Call,-,-,-,-,4500,-,-,0,0,0,5,4420,4580,4550,337
TXO,202609,20260916.0,44600.0,Put,-,-,-,-,2640,-,-,0,0,0,0,15,-,5580,2760
TXO,202609,20260916.0,44800.0,Call,-,-,-,-,4390,-,-,0,0,0,9,4300,-,4560,600
TXO,202609,20260916.0,44800.0,Put,-,-,-,-,2730,-,-,0,0,0,1,2610,-,3580,3290
TXO,202609,20260916.0,45000.0,Call,-,-,-,-,4280,-,-,0,0,0,63,4190,-,4390,550
TXO,202609,20260916.0,45000.0,Put,-,-,-,-,2820,-,-,0,0,0,4,2720,-,5530,3220
TXO,202609,20260916.0,45200.0,Call,-,-,-,-,4160,-,-,0,0,0,5,4090,4200,3650,550
TXO,202609,20260916.0,45200.0,Put,-,-,-,-,2900,-,-,0,0,0,0,15,-,-,-
TXO,202609,20260916.0,45400.0,Call,-,-,-,-,4040,-,-,0,0,0,4,3970,-,2740,700
TXO,202609,20260916.0,45400.0,Put,-,-,-,-,2980,-,-,0,0,0,0,15,-,-,-
TXO,202609,20260916.0,45600.0,Call,-,-,-,-,3930,-,-,0,0,0,5,3300,4020,3950,630
TXO,202609,20260916.0,45600.0,Put,-,-,-,-,3070,-,-,0,0,0,0,15,-,-,-
TXO,202609,20260916.0,45800.0,Call,-,-,-,-,3830,-,-,0,0,0,17,3690,-,3550,2560
TXO,202609,20260916.0,45800.0,Put,-,-,-,-,3160,-,-,0,0,0,2,15,3240,4150,2870
TXO,202609,20260916.0,46000.0,Call,3500,3620,3500,3620,3730,▼-90,▼-2.43%,6,5,11,55,3600,-,3820,880
TXO,202609,20260916.0,46000.0,Put,-,-,-,-,3260,-,-,0,0,0,4,3130,-,5600,3100
TXO,202609,20260916.0,46200.0,Call,-,-,-,-,3620,-,-,11,0,11,91,3490,3630,4070,1190
TXO,202609,20260916.0,46200.0,Put,-,-,-,-,3350,-,-,0,0,0,1,3250,-,5010,3000
TXO,202609,20260916.0,46400.0,Call,-,-,-,-,3520,-,-,0,0,0,20,3400,-,4000,2370
TXO,202609,20260916.0,46400.0,Put,-,-,-,-,3450,-,-,0,0,0,0,15,-,-,-
TXO,202609,20260916.0,46600.0,Call,-,-,-,-,3410,-,-,0,0,0,3,3270,-,3760,780
TXO,202609,20260916.0,46600.0,Put,-,-,-,-,3540,-,-,0,0,0,1,3410,-,6230,6230
TXO,202609,20260916.0,46800.0,Call,-,-,-,-,3320,-,-,0,0,0,1,15,3400,3180,700
TXO,202609,20260916.0,46800.0,Put,-,-,-,-,3650,-,-,0,0,0,1,15,-,7400,6710
TXO,202609,20260916.0,47000.0,Call,-,-,-,-,3230,-,-,0,0,0,11,3090,-,3020,1000
TXO,202609,20260916.0,47000.0,Put,-,-,-,-,3760,-,-,0,0,0,18,15,3830,6520,3470
TXO,202609,20260916.0,47200.0,Call,-,-,-,-,3140,-,-,0,0,0,0,15,-,3600,950
TXO,202609,20260916.0,47200.0,Put,-,-,-,-,3870,-,-,0,0,0,3,15,3940,6660,3970
TXO,202609,20260916.0,47400.0,Call,-,-,-,-,3040,-,-,0,0,0,0,15,-,1160,995
TXO,202609,20260916.0,47400.0,Put,-,-,-,-,3970,-,-,0,0,0,1,3830,-,6660,6660
TXO,202609,20260916.0,47600.0,Call,-,-,-,-,2960,-,-,0,0,0,2,15,3030,1790,600
TXO,202609,20260916.0,47600.0,Put,-,-,-,-,4080,-,-,0,0,0,1,4000,4120,6960,6960
TXO,202609,20260916.0,47800.0,Call,-,-,-,-,2870,-,-,0,0,0,0,15,-,-,-
TXO,202609,20260916.0,47800.0,Put,-,-,-,-,4200,-,-,0,0,0,1,4080,4220,6790,6790
TXO,202609,20260916.0,48000.0,Call,-,-,-,-,2780,-,-,0,0,0,15,2650,-,2890,820
TXO,202609,20260916.0,48000.0,Put,-,-,-,-,4300,-,-,0,0,0,1,4200,4340,7110,7110
TXO,202609,20260916.0,48200.0,Call,-,-,-,-,2700,-,-,0,0,0,0,15,-,2850,1680
TXO,202609,20260916.0,48200.0,Put,-,-,-,-,4420,-,-,0,0,0,3,4340,4460,7310,7180
TXO,202609,20260916.0,48400.0,Call,-,-,-,-,2610,-,-,0,0,0,0,15,-,1980,815
TXO,202609,20260916.0,48400.0,Put,-,-,-,-,4530,-,-,0,0,0,7,4460,4570,7590,7240
TXO,202609,20260916.0,48600.0,Call,-,-,-,-,2530,-,-,0,0,0,0,15,-,-,-
TXO,202609,20260916.0,48600.0,Put,-,-,-,-,4650,-,-,0,0,0,6,4580,4690,7740,7480
TXO,202609,20260916.0,48800.0,Call,-,-,-,-,2460,-,-,0,0,0,1,15,2550,2200,1130
TXO,202609,20260916.0,48800.0,Put,4900,4910,4900,4910,4770,▼-40,▼-0.81%,0,2,2,2,4660,4800,4910,4900
TXO,202609,20260916.0,49000.0,Call,-,-,-,-,2380,-,-,0,0,0,26,2260,-,2620,655
TXO,202609,20260916.0,49000.0,Put,5030,5030,4880,4890,4900,▼-180,▼-3.55%,0,5,5,5,4820,4940,6150,4880
TXO,202609,20260916.0,49200.0,Call,-,-,-,-,2310,-,-,0,0,0,0,15,-,2080,705
TXO,202609,20260916.0,49200.0,Put,5160,5160,5150,5150,5030,▼-50,▼-0.96%,0,3,3,3,4940,5060,5160,5150
TXO,202609,20260916.0,49400.0,Call,-,-,-,-,2240,-,-,0,0,0,5,15,2300,2710,1050
TXO,202609,20260916.0,49400.0,Put,-,-,-,-,5150,-,-,0,0,0,0,5080,5190,-,-
TXO,202609,20260916.0,49600.0,Call,-,-,-,-,2160,-,-,0,0,0,10,15,-,1010,1010
TXO,202609,20260916.0,49600.0,Put,-,-,-,-,5280,-,-,0,0,0,0,5180,5320,-,-
TXO,202609,20260916.0,49800.0,Call,-,-,-,-,2090,-,-,0,0,0,10,1910,-,1760,675
TXO,202609,20260916.0,49800.0,Put,-,-,-,-,5410,-,-,0,0,0,0,5330,5450,-,-
TXO,202609,20260916.0,50000.0,Call,1880,1880,1880,1880,2030,▼-150,▼-7.39%,1,1,2,60,1850,2190,2460,610
TXO,202609,20260916.0,50000.0,Put,-,-,-,-,5540,-,-,0,0,0,0,5470,5570,-,-
TXO,202609,20260916.0,50200.0,Call,-,-,-,-,1960,-,-,0,0,0,2,1780,-,1800,850
TXO,202609,20260916.0,50200.0,Put,-,-,-,-,5670,-,-,0,0,0,0,5590,5710,-,-
TXO,202609,20260916.0,50400.0,Call,-,-,-,-,1900,-,-,0,0,0,31,1720,-,2080,470
TXO,202609,20260916.0,50400.0,Put,-,-,-,-,5810,-,-,0,0,0,0,5730,5840,7650,5430
TXO,202609,20260916.0,50600.0,Call,1650,1650,1650,1650,1840,▼-200,▼-10.81%,0,1,1,2,15,1930,1650,1060
TXO,202609,20260916.0,50600.0,Put,-,-,-,-,5950,-,-,0,0,0,0,-,5990,-,-
TXO,202609,20260916.0,50800.0,Call,-,-,-,-,1780,-,-,0,0,0,7,15,1860,1810,950
TXO,202609,20260916.0,50800.0,Put,-,-,-,-,6090,-,-,0,0,0,0,6010,6130,-,-
TXO,202609,20260916.0,51000.0,Call,-,-,-,-,1720,-,-,0,0,0,4,1560,-,2000,915
TXO,202609,20260916.0,51000.0,Put,-,-,-,-,6220,-,-,0,0,0,0,6150,6260,-,-
TXO,202609,20260916.0,51200.0,Call,1550,1630,1540,1630,1660,▼-50,▼-2.98%,0,7,7,9,1500,-,1780,925
TXO,202609,20260916.0,51200.0,Put,-,-,-,-,6370,-,-,0,0,0,0,6280,6400,-,-
TXO,202609,20260916.0,51400.0,Call,-,-,-,-,1610,-,-,0,0,0,0,15,-,-,-
TXO,202609,20260916.0,51400.0,Put,-,-,-,-,6510,-,-,0,0,0,0,6440,6560,-,-
TXO,202609,20260916.0,51600.0,Call,-,-,-,-,1560,-,-,0,0,0,0,15,-,-,-
TXO,202609,20260916.0,51600.0,Put,-,-,-,-,6660,-,-,0,0,0,0,6580,6690,-,-
TXO,202609,20260916.0,51800.0,Call,-,-,-,-,1510,-,-,0,0,0,1,1350,-,1850,830
TXO,202609,20260916.0,51800.0,Put,-,-,-,-,6810,-,-,0,0,0,0,6630,6850,-,-
TXO,202609,20260916.0,52000.0,Call,1420,1420,1420,1420,1460,▼-50,▼-3.40%,0,1,1,2,15,1530,1640,775
TXO,202609,20260916.0,52000.0,Put,-,-,-,-,6960,-,-,0,0,0,0,6800,7000,-,-
TXO,202609,20260916.0,52200.0,Call,-,-,-,-,1410,-,-,0,0,0,14,1260,-,1640,780
TXO,202609,20260916.0,52200.0,Put,-,-,-,-,7110,-,-,0,0,0,0,6930,-,-,-
TXO,202609,20260916.0,52400.0,Call,-,-,-,-,1370,-,-,0,0,0,6,137,1440,1730,590
TXO,202609,20260916.0,52400.0,Put,-,-,-,-,7260,-,-,0,0,0,0,7170,7290,-,-
TXO,202609,20260916.0,52600.0,Call,-,-,-,-,1320,-,-,0,0,0,0,15,-,-,-
TXO,202609,20260916.0,52600.0,Put,-,-,-,-,7420,-,-,0,0,0,0,-,7460,-,-
TXO,202609,20260916.0,52800.0,Call,-,-,-,-,1280,-,-,0,0,0,1,15,1370,1160,1160
TXO,202609,20260916.0,52800.0,Put,-,-,-,-,7570,-,-,0,0,0,0,7490,7600,-,-
TXO,202609,20260916.0,53000.0,Call,-,-,-,-,1230,-,-,0,0,0,0,15,-,-,-
TXO,202609,20260916.0,53000.0,Put,-,-,-,-,7720,-,-,0,0,0,0,-,7770,-,-
TXO,202609,20260916.0,53200.0,Call,-,-,-,-,1180,-,-,0,0,0,3,15,1270,1500,650
TXO,202609,20260916.0,53200.0,Put,-,-,-,-,7870,-,-,0,0,0,0,-,7910,-,-
TXO,202609,20260916.0,53400.0,Call,-,-,-,-,1140,-,-,0,0,0,0,15,-,-,-
TXO,202609,20260916.0,53400.0,Put,-,-,-,-,8030,-,-,0,0,0,0,7960,8070,-,-
TXO,202609,20260916.0,53600.0,Call,-,-,-,-,1100,-,-,0,0,0,0,15,-,-,-
TXO,202609,20260916.0,53600.0,Put,-,-,-,-,8190,-,-,0,0,0,0,8120,8230,-,-
TXO,202609,20260916.0,53800.0,Call,-,-,-,-,1070,-,-,0,0,0,2,15,1160,1240,1240
TXO,202609,20260916.0,53800.0,Put,-,-,-,-,8360,-,-,0,0,0,0,-,8410,-,-
TXO,202609,20260916.0,54000.0,Call,-,-,-,-,1030,-,-,0,0,0,78,920,-,1120,498
TXO,202609,20260916.0,54000.0,Put,-,-,-,-,8520,-,-,0,0,0,0,8430,8560,-,-
TXO,202609,20260916.0,54200.0,Call,-,-,-,-,1000,-,-,0,0,0,0,15,-,-,-
TXO,202609,20260916.0,54200.0,Put,-,-,-,-,8690,-,-,0,0,0,0,8590,8720,-,-
TXO,202609,20260916.0,54400.0,Call,-,-,-,-,965,-,-,0,0,0,1,15,1030,1040,1040
TXO,202609,20260916.0,54400.0,Put,-,-,-,-,8850,-,-,0,0,0,0,-,-,-,-
TXO,202609,20260916.0,54600.0,Call,-,-,-,-,930,-,-,0,0,0,41,15,1030,1100,480
TXO,202609,20260916.0,54600.0,Put,-,-,-,-,9020,-,-,0,0,0,0,8940,9060,-,-
TXO,202609,20260916.0,54800.0,Call,-,-,-,-,900,-,-,0,0,0,0,15,-,-,-
TXO,202609,20260916.0,54800.0,Put,-,-,-,-,9190,-,-,0,0,0,0,9090,-,-,-
TXO,202609,20260916.0,55000.0,Call,-,-,-,-,870,-,-,0,0,0,5,20,935,1030,400
TXO,202609,20260916.0,55000.0,Put,-,-,-,-,9360,-,-,0,0,0,0,9270,9390,-,-
TXO,202609,20260916.0,55200.0,Call,-,-,-,-,840,-,-,0,0,0,0,15,-,-,-
TXO,202609,20260916.0,55200.0,Put,-,-,-,-,9530,-,-,0,0,0,0,9440,-,-,-
TXO,202609,20260916.0,55400.0,Call,730,730,730,730,815,▼-115,▼-13.61%,0,2,2,2,15,895,730,730
TXO,202609,20260916.0,55400.0,Put,10030,10040,9620,9620,9700,▼-290,▼-2.93%,0,50,50,57,9590,9750,12000,9200
TXO,202609,20260916.0,55600.0,Call,-,-,-,-,785,-,-,0,0,0,1,605,-,445,415
TXO,202609,20260916.0,55600.0,Put,-,-,-,-,9870,-,-,0,0,0,0,9780,9900,-,-
TXO,202609,20260916.0,55800.0,Call,700,750,700,740,760,▼-50,▼-6.33%,1,7,8,42,580,820,890,300
TXO,202609,20260916.0,55800.0,Put,-,-,-,-,10040,-,-,0,0,0,0,9960,10070,-,-
TXO,202612,20261216.0,25200.0,Call,-,-,-,-,21940,-,-,0,0,0,1,21860,-,21660,13580
TXO,202612,20261216.0,25200.0,Put,311,311,250,250,265,▼-24,▼-8.76%,0,2,2,219,241,311,985,230
TXO,202612,20261216.0,25400.0,Call,-,-,-,-,21760,-,-,0,0,0,0,-,21880,-,-
TXO,202612,20261216.0,25400.0,Put,-,-,-,-,280,-,-,0,0,0,2,103,-,610,280
TXO,202612,20261216.0,25600.0,Call,-,-,-,-,21560,-,-,0,0,0,0,-,21690,-,-
TXO,202612,20261216.0,25600.0,Put,-,-,-,-,285,-,-,0,0,0,8,250,328,750,450
TXO,202612,20261216.0,25800.0,Call,-,-,-,-,21370,-,-,0,0,0,0,-,21500,-,-
TXO,202612,20261216.0,25800.0,Put,-,-,-,-,293,-,-,0,0,0,1,192,-,505,268
TXO,202612,20261216.0,26000.0,Call,-,-,-,-,21180,-,-,0,0,0,1,-,-,17230,7550
TXO,202612,20261216.0,26000.0,Put,-,-,-,-,302,-,-,0,0,0,30,16.5,-,1390,264
TXO,202612,20261216.0,26200.0,Call,-,-,-,-,20990,-,-,0,0,0,0,-,-,-,-
TXO,202612,20261216.0,26200.0,Put,-,-,-,-,311,-,-,0,0,0,6,16.5,-,1430,540
TXO,202612,20261216.0,26400.0,Call,-,-,-,-,20810,-,-,0,0,0,0,-,-,-,-
TXO,202612,20261216.0,26400.0,Put,-,-,-,-,320,-,-,0,0,0,11,218,-,1250,348
TXO,202612,20261216.0,26600.0,Call,-,-,-,-,20620,-,-,0,0,0,0,-,-,-,-
TXO,202612,20261216.0,26600.0,Put,-,-,-,-,329,-,-,0,0,0,0,16.5,-,765,550
TXO,202612,20261216.0,26800.0,Call,-,-,-,-,20430,-,-,0,0,0,0,20370,-,-,-
TXO,202612,20261216.0,26800.0,Put,-,-,-,-,338,-,-,0,0,0,4,16.5,438,1500,316
TXO,202612,20261216.0,27000.0,Call,-,-,-,-,20240,-,-,0,0,0,4,20140,20360,14900,7500
TXO,202612,20261216.0,27000.0,Put,-,-,-,-,349,-,-,0,0,0,7,16.5,-,1590,297
TXO,202612,20261216.0,27200.0,Call,-,-,-,-,20050,-,-,0,0,0,0,-,-,-,-
TXO,202612,20261216.0,27200.0,Put,-,-,-,-,359,-,-,0,0,0,1,258,459,710,500
TXO,202612,20261216.0,27400.0,Call,-,-,-,-,19860,-,-,0,0,0,0,-,19960,-,-
TXO,202612,20261216.0,27400.0,Put,-,-,-,-,369,-,-,0,0,0,15,3.3,-,1580,500
TXO,202612,20261216.0,27600.0,Call,-,-,-,-,19680,-,-,0,0,0,0,-,-,-,-
TXO,202612,20261216.0,27600.0,Put,-,-,-,-,380,-,-,0,0,0,1,16.5,-,1300,550
TXO,202612,20261216.0,27800.0,Call,-,-,-,-,19490,-,-,0,0,0,0,-,-,-,-
TXO,202612,20261216.0,27800.0,Put,-,-,-,-,392,-,-,0,0,0,3,16.5,492,1550,500
TXO,202612,20261216.0,28000.0,Call,-,-,-,-,19310,-,-,0,0,0,0,-,-,-,-
TXO,202612,20261216.0,28000.0,Put,-,-,-,-,403,-,-,0,0,0,14,400,505,1680,405
TXO,202612,20261216.0,28200.0,Call,-,-,-,-,19120,-,-,0,0,0,0,-,-,-,-
TXO,202612,20261216.0,28200.0,Put,-,-,-,-,416,-,-,0,0,0,8,16.5,520,1820,480
TXO,202612,20261216.0,28400.0,Call,-,-,-,-,18930,-,-,0,0,0,0,-,19050,-,-
TXO,202612,20261216.0,28400.0,Put,-,-,-,-,422,-,-,0,0,0,1,16.5,-,1400,483
TXO,202612,20261216.0,28600.0,Call,-,-,-,-,18740,-,-,0,0,0,0,18690,-,-,-
TXO,202612,20261216.0,28600.0,Put,-,-,-,-,435,-,-,0,0,0,1,342,545,1500,720
TXO,202612,20261216.0,28800.0,Call,-,-,-,-,18560,-,-,0,0,0,0,-,-,-,-
TXO,202612,20261216.0,28800.0,Put,-,-,-,-,449,-,-,0,0,0,6,356,560,1550,385
TXO,202612,20261216.0,29000.0,Call,-,-,-,-,18370,-,-,0,0,0,0,-,-,-,-
TXO,202612,20261216.0,29000.0,Put,-,-,-,-,463,-,-,0,0,0,4,370,575,1860,458
TXO,202612,20261216.0,29200.0,Call,-,-,-,-,18190,-,-,0,0,0,0,-,-,-,-
TXO,202612,20261216.0,29200.0,Put,-,-,-,-,476,-,-,0,0,0,1,385,-,1860,805
TXO,202612,20261216.0,29400.0,Call,-,-,-,-,18010,-,-,0,0,0,0,-,-,-,-
TXO,202612,20261216.0,29400.0,Put,-,-,-,-,497,-,-,0,0,0,2,400,605,1700,795
TXO,202612,20261216.0,29600.0,Call,-,-,-,-,17840,-,-,0,0,0,0,17770,-,-,-
TXO,202612,20261216.0,29600.0,Put,-,-,-,-,520,-,-,0,0,0,1,416,620,1650,1650
TXO,202612,20261216.0,29800.0,Call,-,-,-,-,17660,-,-,0,0,0,0,-,-,11600,5120
TXO,202612,20261216.0,29800.0,Put,-,-,-,-,540,-,-,0,0,0,1,432,-,1700,620
TXO,202612,20261216.0,30000.0,Call,-,-,-,-,17480,-,-,0,0,0,0,-,17580,11910,4660
TXO,202612,20261216.0,30000.0,Put,-,-,-,-,555,-,-,0,0,0,17,495,650,1880,460
TXO,202612,20261216.0,30200.0,Call,-,-,-,-,17290,-,-,0,0,0,0,17210,17400,14870,4700
TXO,202612,20261216.0,30200.0,Put,-,-,-,-,570,-,-,0,0,0,2,467,670,715,510
TXO,202612,20261216.0,30400.0,Call,-,-,-,-,17110,-,-,0,0,0,0,-,17220,-,-
TXO,202612,20261216.0,30400.0,Put,-,-,-,-,585,-,-,0,0,0,10,485,690,510,510
TXO,202612,20261216.0,30600.0,Call,-,-,-,-,16930,-,-,0,0,0,0,-,-,-,-
TXO,202612,20261216.0,30600.0,Put,-,-,-,-,605,-,-,0,0,0,7,148,705,2010,1280
TXO,202612,20261216.0,30800.0,Call,-,-,-,-,16750,-,-,0,0,0,0,-,-,-,-
TXO,202612,20261216.0,30800.0,Put,-,-,-,-,625,-,-,0,0,0,26,168,725,2700,550
TXO,202612,20261216.0,31000.0,Call,-,-,-,-,16580,-,-,0,0,0,0,-,16680,-,-
TXO,202612,20261216.0,31000.0,Put,-,-,-,-,645,-,-,0,0,0,33,188,745,1220,510
TXO,202612,20261216.0,31200.0,Call,-,-,-,-,16400,-,-,0,0,0,0,-,-,4700,3750
TXO,202612,20261216.0,31200.0,Put,720,720,675,675,665,▼-40,▼-5.59%,0,6,6,0,208,-,730,675
TXO,202612,20261216.0,31400.0,Call,-,-,-,-,16220,-,-,0,0,0,0,-,-,-,-
TXO,202612,20261216.0,31400.0,Put,-,-,-,-,685,-,-,0,0,0,0,230,-,-,-
TXO,202612,20261216.0,31600.0,Call,-,-,-,-,16050,-,-,0,0,0,0,-,-,7950,5480
TXO,202612,20261216.0,31600.0,Put,-,-,-,-,705,-,-,0,0,0,5,605,810,1870,615
TXO,202612,20261216.0,31800.0,Call,-,-,-,-,15870,-,-,0,0,0,0,-,15970,10560,5580
TXO,202612,20261216.0,31800.0,Put,-,-,-,-,730,-,-,0,0,0,0,625,-,-,-
TXO,202612,20261216.0,32000.0,Call,-,-,-,-,15680,-,-,0,0,0,0,15620,-,9600,3560
TXO,202612,20261216.0,32000.0,Put,750,750,750,750,740,▼-40,▼-5.06%,0,4,4,10,650,-,3270,725
TXO,202612,20261216.0,32200.0,Call,-,-,-,-,15510,-,-,0,0,0,0,-,15600,-,-
TXO,202612,20261216.0,32200.0,Put,-,-,-,-,765,-,-,0,0,0,0,675,-,3130,1300
TXO,202612,20261216.0,32400.0,Call,-,-,-,-,15340,-,-,0,0,0,0,-,15450,11650,3460
TXO,202612,20261216.0,32400.0,Put,840,840,780,780,790,▼-60,▼-7.14%,0,9,9,17,695,905,3250,710
TXO,202612,20261216.0,32600.0,Call,-,-,-,-,15160,-,-,0,0,0,0,-,15280,-,-
TXO,202612,20261216.0,32600.0,Put,805,805,805,805,815,▼-60,▼-6.94%,0,2,2,19,560,930,1160,720
TXO,202612,20261216.0,32800.0,Call,-,-,-,-,14990,-,-,0,0,0,0,14910,-,-,-
TXO,202612,20261216.0,32800.0,Put,850,850,850,850,840,▼-45,▼-5.03%,0,4,4,5,605,-,1920,700
TXO,202612,20261216.0,33000.0,Call,-,-,-,-,14820,-,-,0,0,0,2,-,14950,13520,3000
TXO,202612,20261216.0,33000.0,Put,-,-,-,-,865,-,-,0,0,0,21,3.3,980,3280,725
TXO,202612,20261216.0,33200.0,Call,-,-,-,-,14640,-,-,0,0,0,0,14560,-,4180,3280
TXO,202612,20261216.0,33200.0,Put,-,-,-,-,890,-,-,0,0,0,1,2.1,1010,780,780
TXO,202612,20261216.0,33400.0,Call,-,-,-,-,14480,-,-,0,0,0,0,14400,14580,10800,2780
TXO,202612,20261216.0,33400.0,Put,-,-,-,-,920,-,-,0,0,0,2,2.1,1040,3450,1010
TXO,202612,20261216.0,33600.0,Call,-,-,-,-,14310,-,-,0,0,0,0,14230,-,10850,2640
TXO,202612,20261216.0,33600.0,Put,-,-,-,-,950,-,-,0,0,0,3,15,1070,4010,785
TXO,202612,20261216.0,33800.0,Call,-,-,-,-,14140,-,-,0,0,0,0,14060,14240,-,-
TXO,202612,20261216.0,33800.0,Put,-,-,-,-,985,-,-,0,0,0,2,15,1100,1670,1670
TXO,202612,20261216.0,34000.0,Call,-,-,-,-,13980,-,-,0,0,0,0,13890,-,12700,3130
TXO,202612,20261216.0,34000.0,Put,-,-,-,-,1020,-,-,0,0,0,15,570,5640,3620,995
TXO,202612,20261216.0,34200.0,Call,-,-,-,-,13820,-,-,0,0,0,0,13720,-,8850,5200
TXO,202612,20261216.0,34200.0,Put,-,-,-,-,1050,-,-,0,0,0,2,15,1160,1780,1780
TXO,202612,20261216.0,34400.0,Call,-,-,-,-,13630,-,-,0,0,0,0,13550,-,-,-
TXO,202612,20261216.0,34400.0,Put,-,-,-,-,1060,-,-,0,0,0,1,630,-,2600,2600
TXO,202612,20261216.0,34600.0,Call,-,-,-,-,13470,-,-,0,0,0,0,13380,13570,-,-
TXO,202612,20261216.0,34600.0,Put,-,-,-,-,1100,-,-,0,0,0,1,-,-,2670,1030
TXO,202612,20261216.0,34800.0,Call,-,-,-,-,13300,-,-,0,0,0,0,13220,-,4830,3240
TXO,202612,20261216.0,34800.0,Put,-,-,-,-,1130,-,-,0,0,0,0,-,-,3120,3040
TXO,202612,20261216.0,35000.0,Call,-,-,-,-,13140,-,-,0,0,0,1,13070,-,9460,2200
TXO,202612,20261216.0,35000.0,Put,-,-,-,-,1160,-,-,1,0,1,11,3.3,1290,2100,1000
TXO,202612,20261216.0,35200.0,Call,-,-,-,-,12980,-,-,0,0,0,0,12890,-,4590,3370
TXO,202612,20261216.0,35200.0,Put,-,-,-,-,1200,-,-,0,0,0,1,-,1320,3000,3000
TXO,202612,20261216.0,35400.0,Call,-,-,-,-,12820,-,-,0,0,0,0,12720,-,9450,3340
TXO,202612,20261216.0,35400.0,Put,-,-,-,-,1240,-,-,0,0,0,1,-,1360,1300,1300
TXO,202612,20261216.0,35600.0,Call,-,-,-,-,12650,-,-,0,0,0,1,12570,12750,12870,2380
TXO,202612,20261216.0,35600.0,Put,-,-,-,-,1270,-,-,0,0,0,4,-,1400,4020,1320
TXO,202612,20261216.0,35800.0,Call,-,-,-,-,12490,-,-,0,0,0,0,12400,-,7020,6410
TXO,202612,20261216.0,35800.0,Put,-,-,-,-,1310,-,-,0,0,0,1,1220,-,2000,1250
TXO,202612,20261216.0,36000.0,Call,-,-,-,-,12340,-,-,0,0,0,1,12240,-,8050,1950
TXO,202612,20261216.0,36000.0,Put,1440,1440,1440,1440,1350,▲+20,▲+1.41%,1,1,2,33,1260,-,3300,1240
TXO,202612,20261216.0,36200.0,Call,-,-,-,-,12160,-,-,0,0,0,0,12090,-,7130,1470
TXO,202612,20261216.0,36200.0,Put,-,-,-,-,1370,-,-,0,0,0,0,-,-,-,-
TXO,202612,20261216.0,36400.0,Call,-,-,-,-,12000,-,-,0,0,0,1,11930,12090,8580,1390
TXO,202612,20261216.0,36400.0,Put,-,-,-,-,1410,-,-,0,0,0,1,-,1550,2020,1480
TXO,202612,20261216.0,36600.0,Call,-,-,-,-,11840,-,-,0,0,0,0,11770,11950,6880,1320
TXO,202612,20261216.0,36600.0,Put,-,-,-,-,1450,-,-,0,0,0,1,1040,-,2130,2130
TXO,202612,20261216.0,36800.0,Call,-,-,-,-,11690,-,-,0,0,0,1,11600,11810,10590,1260
TXO,202612,20261216.0,36800.0,Put,-,-,-,-,1500,-,-,0,0,0,13,15,1630,2670,1480
TXO,202612,20261216.0,37000.0,Call,-,-,-,-,11550,-,-,0,0,0,3,11450,-,8140,1350
TXO,202612,20261216.0,37000.0,Put,-,-,-,-,1550,-,-,0,0,0,23,1470,-,3150,1320
TXO,202612,20261216.0,37200.0,Call,-,-,-,-,11380,-,-,0,0,0,0,11300,-,9030,1740
TXO,202612,20261216.0,37200.0,Put,-,-,-,-,1580,-,-,0,0,0,0,15,-,-,-
TXO,202612,20261216.0,37400.0,Call,-,-,-,-,11230,-,-,0,0,0,0,11150,-,10760,1280
TXO,202612,20261216.0,37400.0,Put,-,-,-,-,1630,-,-,0,0,0,1,-,-,1540,1540
TXO,202612,20261216.0,37600.0,Call,-,-,-,-,11080,-,-,0,0,0,2,10980,11210,1260,1260
TXO,202612,20261216.0,37600.0,Put,-,-,-,-,1680,-,-,0,0,0,1,-,1810,2950,1760
TXO,202612,20261216.0,37800.0,Call,-,-,-,-,10910,-,-,0,0,0,5,10830,11060,11360,1240
TXO,202612,20261216.0,37800.0,Put,-,-,-,-,1710,-,-,0,0,0,4,-,1860,2900,2000
TXO,202612,20261216.0,38000.0,Call,-,-,-,-,10770,-,-,0,0,0,20,10680,-,7630,1230
TXO,202612,20261216.0,38000.0,Put,-,-,-,-,1760,-,-,0,0,0,10,1690,-,3430,1650
TXO,202612,20261216.0,38200.0,Call,-,-,-,-,10620,-,-,0,0,0,0,10530,-,7280,1200
TXO,202612,20261216.0,38200.0,Put,-,-,-,-,1810,-,-,0,0,0,1,-,1950,1900,1900
TXO,202612,20261216.0,38400.0,Call,-,-,-,-,10470,-,-,0,0,0,0,10380,-,7140,1270
TXO,202612,20261216.0,38400.0,Put,-,-,-,-,1860,-,-,0,0,0,0,15,-,-,-
TXO,202612,20261216.0,38600.0,Call,-,-,-,-,10330,-,-,0,0,0,4,10230,10400,9890,1080
TXO,202612,20261216.0,38600.0,Put,-,-,-,-,1920,-,-,0,0,0,0,15,-,3100,1640
TXO,202612,20261216.0,38800.0,Call,-,-,-,-,10190,-,-,0,0,0,3,10080,10240,6870,775
TXO,202612,20261216.0,38800.0,Put,-,-,-,-,1980,-,-,0,0,0,0,-,-,-,-
TXO,202612,20261216.0,39000.0,Call,-,-,-,-,10060,-,-,0,0,0,5,9940,-,6080,1100
TXO,202612,20261216.0,39000.0,Put,-,-,-,-,2050,-,-,0,0,0,121,1910,-,3690,2050
TXO,202612,20261216.0,39200.0,Call,-,-,-,-,9920,-,-,0,0,0,1,9800,9960,9500,1290
TXO,202612,20261216.0,39200.0,Put,-,-,-,-,2110,-,-,0,0,0,0,15,-,3680,3230
TXO,202612,20261216.0,39400.0,Call,-,-,-,-,9750,-,-,0,0,0,2,9620,-,1370,1300
TXO,202612,20261216.0,39400.0,Put,-,-,-,-,2130,-,-,0,0,0,0,-,-,3380,3130
TXO,202612,20261216.0,39600.0,Call,-,-,-,-,9600,-,-,0,0,0,1,9510,-,1220,750
TXO,202612,20261216.0,39600.0,Put,-,-,-,-,2180,-,-,0,0,0,1,-,2320,3660,3380
TXO,202612,20261216.0,39800.0,Call,-,-,-,-,9450,-,-,0,0,0,3,9360,-,1420,1250
TXO,202612,20261216.0,39800.0,Put,-,-,-,-,2230,-,-,0,0,0,0,15,-,4080,3550
TXO,202612,20261216.0,40000.0,Call,-,-,-,-,9310,-,-,0,0,0,16,9220,-,9010,705
TXO,202612,20261216.0,40000.0,Put,2390,2400,2390,2390,2280,0,0%,3,5,8,109,1880,2280,3960,2170
TXO,202612,20261216.0,40200.0,Call,-,-,-,-,9170,-,-,0,0,0,1,9080,9270,4720,2200
TXO,202612,20261216.0,40200.0,Put,2480,2480,2450,2450,2350,0,0%,0,2,2,2,2240,-,3430,2450
TXO,202612,20261216.0,40400.0,Call,-,-,-,-,9040,-,-,0,0,0,3,8940,9140,7550,695
TXO,202612,20261216.0,40400.0,Put,-,-,-,-,2410,-,-,0,0,0,0,-,-,2820,2700
TXO,202612,20261216.0,40600.0,Call,-,-,-,-,8890,-,-,0,0,0,3,8800,8990,5300,740
TXO,202612,20261216.0,40600.0,Put,-,-,-,-,2460,-,-,0,0,0,2,2360,-,2750,2580
TXO,202612,20261216.0,40800.0,Call,-,-,-,-,8760,-,-,0,0,0,16,8660,8850,4430,1410
TXO,202612,20261216.0,40800.0,Put,2620,2620,2620,2620,2530,▼-10,▼-0.38%,0,1,1,2,15,2670,3980,2620
TXO,202612,20261216.0,41000.0,Call,-,-,-,-,8630,-,-,0,0,0,7,8520,8710,5660,675
TXO,202612,20261216.0,41000.0,Put,-,-,-,-,2600,-,-,0,0,0,50,15,2740,4390,2680
TXO,202612,20261216.0,41200.0,Call,-,-,-,-,8490,-,-,0,0,0,0,8390,-,5620,3150
TXO,202612,20261216.0,41200.0,Put,-,-,-,-,2660,-,-,0,0,0,3,-,2800,4410,4360
TXO,202612,20261216.0,41400.0,Call,-,-,-,-,8370,-,-,0,0,0,33,8270,8440,8070,360
TXO,202612,20261216.0,41400.0,Put,-,-,-,-,2730,-,-,0,0,0,0,15,-,4540,2830
TXO,202612,20261216.0,41600.0,Call,-,-,-,-,8230,-,-,0,0,0,11,8120,8290,4440,1450
TXO,202612,20261216.0,41600.0,Put,-,-,-,-,2790,-,-,0,0,0,1,15,-,4290,2870
TXO,202612,20261216.0,41800.0,Call,-,-,-,-,8100,-,-,0,0,0,17,7990,8200,6880,710
TXO,202612,20261216.0,41800.0,Put,-,-,-,-,2860,-,-,0,0,0,0,15,-,4390,3200
TXO,202612,20261216.0,42000.0,Call,-,-,-,-,7980,-,-,0,0,0,70,7860,8060,8290,800
TXO,202612,20261216.0,42000.0,Put,-,-,-,-,2940,-,-,0,0,0,109,2520,-,4950,2600
TXO,202612,20261216.0,42200.0,Call,-,-,-,-,7850,-,-,0,0,0,1,7730,-,6820,1500
TXO,202612,20261216.0,42200.0,Put,-,-,-,-,3000,-,-,0,0,0,50,2590,-,3610,3220
TXO,202612,20261216.0,42400.0,Call,-,-,-,-,7720,-,-,0,0,0,2,7600,-,5850,1260
TXO,202612,20261216.0,42400.0,Put,-,-,-,-,3070,-,-,0,0,0,0,15,-,4790,3250
TXO,202612,20261216.0,42600.0,Call,-,-,-,-,7590,-,-,0,0,0,2,7480,7640,7280,965
TXO,202612,20261216.0,42600.0,Put,-,-,-,-,3140,-,-,0,0,0,1,15,3280,4770,3850
TXO,202612,20261216.0,42800.0,Call,-,-,-,-,7460,-,-,0,0,0,0,7340,-,4380,2510
TXO,202612,20261216.0,42800.0,Put,-,-,-,-,3210,-,-,0,0,0,0,15,-,-,-
TXO,202612,20261216.0,43000.0,Call,-,-,-,-,7340,-,-,0,0,0,67,7220,7440,7600,1130
TXO,202612,20261216.0,43000.0,Put,-,-,-,-,3290,-,-,0,0,0,72,2880,7970,4980,3230
TXO,202612,20261216.0,43200.0,Call,-,-,-,-,7230,-,-,0,0,0,1,7100,-,4670,1400
TXO,202612,20261216.0,43200.0,Put,-,-,-,-,3370,-,-,0,0,0,0,15,-,-,-
TXO,202612,20261216.0,43400.0,Call,-,-,-,-,7110,-,-,0,0,0,3,6970,-,4980,4950
TXO,202612,20261216.0,43400.0,Put,-,-,-,-,3460,-,-,0,0,0,1,3030,-,4970,4970
TXO,202612,20261216.0,43600.0,Call,-,-,-,-,7000,-,-,0,0,0,2,6850,-,5510,950
TXO,202612,20261216.0,43600.0,Put,-,-,-,-,3540,-,-,0,0,0,0,15,-,4780,4740
TXO,202612,20261216.0,43800.0,Call,-,-,-,-,6890,-,-,0,0,0,7,6730,6900,4920,1020
TXO,202612,20261216.0,43800.0,Put,-,-,-,-,3630,-,-,0,0,0,0,15,-,-,-
TXO,202612,20261216.0,44000.0,Call,-,-,-,-,6780,-,-,0,0,0,3,6610,-,6750,2260
TXO,202612,20261216.0,44000.0,Put,-,-,-,-,3720,-,-,0,0,0,50,3270,-,4440,3440
TXO,202612,20261216.0,44200.0,Call,-,-,-,-,6670,-,-,0,0,0,3,6500,-,4850,600
TXO,202612,20261216.0,44200.0,Put,3870,3870,3780,3780,3810,▼-90,▼-2.33%,0,16,16,16,15,3710,4310,3650
TXO,202612,20261216.0,44400.0,Call,-,-,-,-,6550,-,-,0,0,0,1,6390,6550,4900,930
TXO,202612,20261216.0,44400.0,Put,-,-,-,-,3900,-,-,0,0,0,50,3440,-,4660,4110
TXO,202612,20261216.0,44600.0,Call,-,-,-,-,6460,-,-,0,0,0,10,6270,-,5770,890
TXO,202612,20261216.0,44600.0,Put,-,-,-,-,3990,-,-,0,0,0,5,3520,-,6030,3670
TXO,202612,20261216.0,44800.0,Call,-,-,-,-,6350,-,-,0,0,0,0,6150,-,-,-
TXO,202612,20261216.0,44800.0,Put,-,-,-,-,4080,-,-,0,0,0,0,15,-,-,-
TXO,202612,20261216.0,45000.0,Call,-,-,-,-,6250,-,-,0,0,0,12,6040,-,6250,2600
TXO,202612,20261216.0,45000.0,Put,-,-,-,-,4180,-,-,0,0,0,107,3700,-,6000,4220
TXO,202612,20261216.0,45200.0,Call,-,-,-,-,6100,-,-,0,0,0,10,5940,-,5870,925
TXO,202612,20261216.0,45200.0,Put,-,-,-,-,4230,-,-,0,0,0,0,15,-,6690,4500
TXO,202612,20261216.0,45400.0,Call,-,-,-,-,5910,-,-,0,0,0,12,5830,-,5690,2770
TXO,202612,20261216.0,45400.0,Put,-,-,-,-,4240,-,-,0,0,0,2,15,4340,6540,4470
TXO,202612,20261216.0,45600.0,Call,-,-,-,-,5820,-,-,0,0,0,4,5500,-,5830,1070
TXO,202612,20261216.0,45600.0,Put,-,-,-,-,4340,-,-,0,0,0,2,15,4430,6750,5600
TXO,202612,20261216.0,45800.0,Call,-,-,-,-,5720,-,-,0,0,0,1,5600,5780,3070,1980
TXO,202612,20261216.0,45800.0,Put,-,-,-,-,4440,-,-,0,0,0,0,15,-,-,-
TXO,202612,20261216.0,46000.0,Call,5390,5390,5390,5390,5610,▼-170,▼-3.06%,0,10,10,219,5490,5660,5560,2480
TXO,202612,20261216.0,46000.0,Put,4730,4750,4650,4650,4530,▼-20,▼-0.43%,0,30,30,150,4160,-,5790,4480
TXO,202612,20261216.0,46200.0,Call,-,-,-,-,5520,-,-,0,0,0,0,-,-,2620,2450
TXO,202612,20261216.0,46200.0,Put,-,-,-,-,4630,-,-,0,0,0,1,-,4710,7260,7260
TXO,202612,20261216.0,46400.0,Call,-,-,-,-,5420,-,-,0,0,0,5,5260,-,5700,1560
TXO,202612,20261216.0,46400.0,Put,-,-,-,-,4730,-,-,0,0,0,0,-,-,-,-
TXO,202612,20261216.0,46600.0,Call,5250,5250,5250,5250,5330,0,0%,0,1,1,5,5170,5500,5500,1540
TXO,202612,20261216.0,46600.0,Put,-,-,-,-,4840,-,-,0,0,0,0,-,-,-,-
TXO,202612,20261216.0,46800.0,Call,-,-,-,-,5240,-,-,0,0,0,1,5060,-,3060,1500
TXO,202612,20261216.0,46800.0,Put,-,-,-,-,4950,-,-,0,0,0,2,-,5000,7770,7490
TXO,202612,20261216.0,47000.0,Call,-,-,-,-,5150,-,-,1,0,1,2,-,-,4960,2280
TXO,202612,20261216.0,47000.0,Put,-,-,-,-,5060,-,-,0,0,0,18,4870,-,7620,4600
TXO,202612,20261216.0,47200.0,Call,-,-,-,-,5050,-,-,0,0,0,2,4860,-,4090,2100
TXO,202612,20261216.0,47200.0,Put,-,-,-,-,5160,-,-,0,0,0,0,-,-,-,-
TXO,202612,20261216.0,47400.0,Call,4550,4550,4550,4550,4950,▼-300,▼-6.19%,0,1,1,1,-,5000,5270,2070
TXO,202612,20261216.0,47400.0,Put,-,-,-,-,5250,-,-,0,0,0,1,-,5310,6210,6210
TXO,202612,20261216.0,47600.0,Call,-,-,-,-,4850,-,-,0,0,0,39,477,4870,4150,1100
TXO,202612,20261216.0,47600.0,Put,-,-,-,-,5350,-,-,0,0,0,0,-,-,6310,4920
TXO,202612,20261216.0,47800.0,Call,-,-,-,-,4740,-,-,0,0,0,5,4550,-,4200,3040
TXO,202612,20261216.0,47800.0,Put,-,-,-,-,5440,-,-,0,0,0,2,-,5520,5750,4890
TXO,202612,20261216.0,48000.0,Call,-,-,-,-,4640,-,-,0,0,0,32,4160,-,4900,2060
TXO,202612,20261216.0,48000.0,Put,-,-,-,-,5540,-,-,0,0,0,4,5390,-,8030,5200
TXO,202612,20261216.0,48200.0,Call,-,-,-,-,4540,-,-,0,0,0,1,15,4600,3960,2250
TXO,202612,20261216.0,48200.0,Put,-,-,-,-,5640,-,-,0,0,0,1,5530,5680,5860,5860
TXO,202612,20261216.0,48400.0,Call,-,-,-,-,4440,-,-,0,0,0,0,15,-,2420,2050
TXO,202612,20261216.0,48400.0,Put,-,-,-,-,5730,-,-,0,0,0,0,5640,5790,-,-
TXO,202612,20261216.0,48600.0,Call,-,-,-,-,4340,-,-,0,0,0,0,15,-,4520,3450
TXO,202612,20261216.0,48600.0,Put,-,-,-,-,5830,-,-,0,0,0,0,5750,5900,-,-
TXO,202612,20261216.0,48800.0,Call,-,-,-,-,4260,-,-,0,0,0,0,15,-,-,-
TXO,202612,20261216.0,48800.0,Put,-,-,-,-,5950,-,-,0,0,0,4,5860,6020,8920,6400
TXO,202612,20261216.0,49000.0,Call,3900,3980,3900,3960,4180,▼-180,▼-4.35%,0,8,8,6,15,4180,4250,1600
TXO,202612,20261216.0,49000.0,Put,-,-,-,-,6060,-,-,0,0,0,1,5980,6140,6900,6900
TXO,202612,20261216.0,49200.0,Call,3750,3920,3750,3880,4090,▼-180,▼-4.43%,0,19,19,18,15,4090,4080,1570
TXO,202612,20261216.0,49200.0,Put,-,-,-,-,6170,-,-,0,0,0,0,6090,6250,-,-
TXO,202612,20261216.0,49400.0,Call,-,-,-,-,4000,-,-,0,0,0,1,3550,-,3760,1490
TXO,202612,20261216.0,49400.0,Put,-,-,-,-,6290,-,-,0,0,0,2,6210,6360,8650,8650
TXO,202612,20261216.0,49600.0,Call,-,-,-,-,3920,-,-,0,0,0,7,3470,-,4250,3610
TXO,202612,20261216.0,49600.0,Put,-,-,-,-,6400,-,-,0,0,0,0,6320,6490,-,-
TXO,202612,20261216.0,49800.0,Call,-,-,-,-,3830,-,-,0,0,0,1,3390,-,2780,1540
TXO,202612,20261216.0,49800.0,Put,-,-,-,-,6510,-,-,0,0,0,0,6440,6600,-,-
TXO,202612,20261216.0,50000.0,Call,3500,3650,3500,3650,3760,▼-100,▼-2.67%,0,2,2,43,3310,-,4100,1350
TXO,202612,20261216.0,50000.0,Put,-,-,-,-,6630,-,-,0,0,0,0,6560,6720,-,-
TXO,202612,20261216.0,50200.0,Call,-,-,-,-,3680,-,-,0,0,0,2,15,3780,3930,3540
TXO,202612,20261216.0,50200.0,Put,-,-,-,-,6760,-,-,0,0,0,0,6680,6840,-,-
TXO,202612,20261216.0,50400.0,Call,-,-,-,-,3610,-,-,0,0,0,43,30,3710,3700,1250
TXO,202612,20261216.0,50400.0,Put,-,-,-,-,6890,-,-,0,0,0,3,6810,6970,9460,9450
TXO,202612,20261216.0,50600.0,Call,-,-,-,-,3530,-,-,0,0,0,0,15,-,3640,3380
TXO,202612,20261216.0,50600.0,Put,-,-,-,-,7000,-,-,0,0,0,0,6930,7090,-,-
TXO,202612,20261216.0,50800.0,Call,-,-,-,-,3460,-,-,0,0,0,14,1720,3530,3320,1770
TXO,202612,20261216.0,50800.0,Put,-,-,-,-,7130,-,-,0,0,0,0,7050,7220,-,-
TXO,202612,20261216.0,51000.0,Call,-,-,-,-,3390,-,-,0,0,0,2,15,3460,3400,2170
TXO,202612,20261216.0,51000.0,Put,-,-,-,-,7260,-,-,0,0,0,0,7180,7340,-,-
TXO,202612,20261216.0,51200.0,Call,-,-,-,-,3320,-,-,0,0,0,0,15,-,-,-
TXO,202612,20261216.0,51200.0,Put,-,-,-,-,7390,-,-,0,0,0,0,7310,7460,-,-
TXO,202612,20261216.0,51400.0,Call,-,-,-,-,3260,-,-,0,0,0,0,15,-,-,-
TXO,202612,20261216.0,51400.0,Put,-,-,-,-,7520,-,-,0,0,0,0,7440,7600,-,-
TXO,202612,20261216.0,51600.0,Call,2950,2950,2950,2950,3190,▼-230,▼-7.23%,0,1,1,0,15,-,3170,2950
TXO,202612,20261216.0,51600.0,Put,-,-,-,-,7650,-,-,0,0,0,0,7580,7730,-,-
TXO,202612,20261216.0,51800.0,Call,-,-,-,-,3130,-,-,0,0,0,6,15,3180,2550,2050
TXO,202612,20261216.0,51800.0,Put,-,-,-,-,7790,-,-,0,0,0,0,7700,7860,-,-
TXO,202612,20261216.0,52000.0,Call,-,-,-,-,3060,-,-,0,0,0,7,2600,-,3380,1880
TXO,202612,20261216.0,52000.0,Put,-,-,-,-,7920,-,-,0,0,0,0,7830,8000,-,-
TXO,202612,20261216.0,52200.0,Call,-,-,-,-,2990,-,-,0,0,0,0,-,-,-,-
TXO,202612,20261216.0,52200.0,Put,-,-,-,-,8050,-,-,0,0,0,0,7960,8120,-,-
TXO,202612,20261216.0,52400.0,Call,-,-,-,-,2930,-,-,1,0,1,7,15,2990,2840,1750
TXO,202612,20261216.0,52400.0,Put,-,-,-,-,8180,-,-,0,0,0,4,8100,8260,8790,8780
TXO,202612,20261216.0,52600.0,Call,-,-,-,-,2870,-,-,0,0,0,0,15,-,-,-
TXO,202612,20261216.0,52600.0,Put,-,-,-,-,8320,-,-,0,0,0,0,8230,8400,-,-
TXO,202612,20261216.0,52800.0,Call,-,-,-,-,2810,-,-,0,0,0,3,2340,-,2770,1660
TXO,202612,20261216.0,52800.0,Put,-,-,-,-,8460,-,-,0,0,0,0,8370,8540,-,-
TXO,202612,20261216.0,53000.0,Call,-,-,-,-,2760,-,-,0,0,0,2,2290,-,2970,1690
TXO,202612,20261216.0,53000.0,Put,-,-,-,-,8600,-,-,0,0,0,0,8510,8670,-,-
TXO,202612,20261216.0,53200.0,Call,-,-,-,-,2700,-,-,0,0,0,12,2510,-,2900,1700
TXO,202612,20261216.0,53200.0,Put,-,-,-,-,8740,-,-,0,0,0,0,-,8820,-,-
TXO,202612,20261216.0,53400.0,Call,-,-,-,-,2640,-,-,0,0,0,4,2450,-,1660,1500
TXO,202612,20261216.0,53400.0,Put,-,-,-,-,8880,-,-,0,0,0,0,8790,8960,-,-
TXO,202612,20261216.0,53600.0,Call,-,-,-,-,2590,-,-,0,0,0,0,-,-,-,-
TXO,202612,20261216.0,53600.0,Put,-,-,-,-,9030,-,-,0,0,0,0,8930,9090,-,-
TXO,202612,20261216.0,53800.0,Call,-,-,-,-,2540,-,-,0,0,0,3,2350,-,2640,1710
TXO,202612,20261216.0,53800.0,Put,-,-,-,-,9170,-,-,0,0,0,0,9080,9250,-,-
TXO,202612,20261216.0,54000.0,Call,2300,2300,2300,2300,2480,▼-170,▼-6.88%,0,1,1,4,-,2550,2640,1450
TXO,202612,20261216.0,54000.0,Put,-,-,-,-,9320,-,-,0,0,0,0,-,9380,-,-
TXO,202612,20261216.0,54200.0,Call,-,-,-,-,2430,-,-,0,0,0,0,15,-,-,-
TXO,202612,20261216.0,54200.0,Put,-,-,-,-,9460,-,-,0,0,0,0,9370,9520,-,-
TXO,202612,20261216.0,54400.0,Call,-,-,-,-,2380,-,-,0,0,0,3,15,2450,2050,1850
TXO,202612,20261216.0,54400.0,Put,-,-,-,-,9610,-,-,0,0,0,0,9530,9680,-,-
TXO,202612,20261216.0,54600.0,Call,-,-,-,-,2330,-,-,0,0,0,1,1850,3600,1420,1420
TXO,202612,20261216.0,54600.0,Put,-,-,-,-,9760,-,-,0,0,0,0,-,9830,-,-
TXO,202612,20261216.0,54800.0,Call,-,-,-,-,2280,-,-,0,0,0,9,-,2360,2450,1410
TXO,202612,20261216.0,54800.0,Put,-,-,-,-,9910,-,-,0,0,0,0,9810,9960,-,-
TXO,202612,20261216.0,55000.0,Call,-,-,-,-,2230,-,-,0,0,0,4,1750,-,2230,1600
TXO,202612,20261216.0,55000.0,Put,-,-,-,-,10060,-,-,0,0,0,0,-,10110,-,-
TXO,202612,20261216.0,55200.0,Call,-,-,-,-,2180,-,-,0,0,0,2,2000,-,1980,1410
TXO,202612,20261216.0,55200.0,Put,-,-,-,-,10210,-,-,0,0,0,0,-,10280,-,-
TXO,202612,20261216.0,55400.0,Call,-,-,-,-,2140,-,-,0,0,0,1,1960,-,1400,1400
TXO,202612,20261216.0,55400.0,Put,-,-,-,-,10360,-,-,0,0,0,0,10270,10430,-,-
TXO,202612,20261216.0,55600.0,Call,-,-,-,-,2090,-,-,0,0,0,1,1910,-,2150,1600
TXO,202612,20261216.0,55600.0,Put,-,-,-,-,10510,-,-,0,0,0,0,10420,10580,-,-
TXO,202612,20261216.0,55800.0,Call,1820,1960,1820,1960,2000,▼-140,▼-6.67%,0,3,3,72,1560,-,2120,1120
TXO,202612,20261216.0,55800.0,Put,-,-,-,-,10610,-,-,0,0,0,0,10570,10720,-,-
