契約,到期月份 (週別),契約到期日,履約價,買賣權,開盤價,最高價,最低價,最後 成交價,結算價,漲跌價,漲跌%,*盤後交易時段成交量,*一般交易時段成交量,*合計成交量,*未沖銷 契約量,最後 最佳買價,最後 最佳賣價,歷史 最高價,歷史 最低價
TXO,202606W2,20260610.0,39100.0,Call,-,-,-,-,-,-,-,0,0,0,1,4280,4300,3270,3270
TXO,202606W2,20260610.0,39100.0,Put,0.2,0.2,0.1,0.1,-,0,-,3074,77,3151,4309,-,0.1,330,0.1
TXO,202606W2,20260610.0,39200.0,Call,-,-,-,-,-,-,-,0,0,0,0,4180,4200,-,-
TXO,202606W2,20260610.0,39200.0,Put,0.2,0.2,0.2,0.2,-,▲+0.1,-,306,91,397,942,-,0.4,299,0.2
TXO,202606W2,20260610.0,39300.0,Call,-,-,-,-,-,-,-,0,0,0,0,4080,4100,-,-
TXO,202606W2,20260610.0,39300.0,Put,0.2,0.2,0.2,0.2,-,0,0%,306,5,311,763,-,0.2,400,0.2
TXO,202606W2,20260610.0,39400.0,Call,-,-,-,-,-,-,-,0,0,0,0,3980,4000,-,-
TXO,202606W2,20260610.0,39400.0,Put,0.2,0.4,0.2,0.2,-,0,0%,218,162,380,779,-,0.4,251,0.2
TXO,202606W2,20260610.0,39500.0,Call,-,-,-,-,-,-,-,0,0,0,0,3880,3900,3480,3480
TXO,202606W2,20260610.0,39500.0,Put,0.2,0.3,0.1,0.2,-,0,0%,373,173,546,740,-,0.4,490,0.1
TXO,202606W2,20260610.0,39600.0,Call,-,-,-,-,-,-,-,0,0,0,0,3780,3800,-,-
TXO,202606W2,20260610.0,39600.0,Put,0.3,0.3,0.2,0.2,-,0,0%,155,192,347,580,-,0.4,300,0.2
TXO,202606W2,20260610.0,39700.0,Call,-,-,-,-,-,-,-,0,0,0,0,3680,3700,-,-
TXO,202606W2,20260610.0,39700.0,Put,0.1,0.2,0.1,0.1,-,▼-0.2,▼-66.67%,227,176,403,516,-,0.2,388,0.1
TXO,202606W2,20260610.0,39800.0,Call,-,-,-,-,-,-,-,0,0,0,0,3580,3600,-,-
TXO,202606W2,20260610.0,39800.0,Put,0.2,0.2,0.1,0.2,-,▼-0.2,▼-50.00%,328,148,476,957,-,0.5,449,0.1
TXO,202606W2,20260610.0,39900.0,Call,-,-,-,-,-,-,-,0,0,0,1,3480,3500,2520,2520
TXO,202606W2,20260610.0,39900.0,Put,0.2,0.2,0.2,0.2,-,▼-0.3,▼-60.00%,530,112,642,1278,-,0.4,400,0.1
TXO,202606W2,20260610.0,40000.0,Call,-,-,-,-,-,-,-,0,0,0,0,3380,3400,-,-
TXO,202606W2,20260610.0,40000.0,Put,0.7,0.7,0.1,0.2,-,▼-0.4,▼-66.67%,4029,234,4263,4552,-,0.2,595,0.1
TXO,202606W2,20260610.0,40100.0,Call,-,-,-,-,-,-,-,0,0,0,1,3280,3300,3320,3320
TXO,202606W2,20260610.0,40100.0,Put,1.2,1.2,0.1,0.1,-,▼-0.7,▼-87.50%,1002,61,1063,1375,-,0.1,319,0.1
TXO,202606W2,20260610.0,40200.0,Call,-,-,-,-,-,-,-,0,0,0,1,3180,3200,3260,3200
TXO,202606W2,20260610.0,40200.0,Put,1.2,1.2,0.1,0.1,-,▼-0.9,▼-90.00%,8697,340,9037,6836,0.1,0.4,530,0.1
TXO,202606W2,20260610.0,40300.0,Call,-,-,-,-,-,-,-,0,0,0,1,3080,3100,3140,3140
TXO,202606W2,20260610.0,40300.0,Put,0.3,0.5,0.1,0.2,-,▼-0.9,▼-81.82%,1382,341,1723,1389,-,0.1,300,0.1
TXO,202606W2,20260610.0,40400.0,Call,-,-,-,-,-,-,-,0,0,0,0,2980,3000,-,-
TXO,202606W2,20260610.0,40400.0,Put,0.6,0.9,0.1,0.2,-,▼-1.3,▼-86.67%,909,84,993,852,-,0.3,500,0.1
TXO,202606W2,20260610.0,40500.0,Call,-,-,-,-,-,-,-,0,0,0,0,2880,2900,-,-
TXO,202606W2,20260610.0,40500.0,Put,0.6,0.7,0.1,0.6,-,▼-1.3,▼-68.42%,1467,267,1734,1372,-,1,700,0.1
TXO,202606W2,20260610.0,40600.0,Call,-,-,-,-,-,-,-,0,0,0,1,2780,2800,1950,1950
TXO,202606W2,20260610.0,40600.0,Put,0.5,0.7,0.1,0.2,-,▼-1.8,▼-90.00%,914,93,1007,562,0.1,0.2,600,0.1
TXO,202606W2,20260610.0,40700.0,Call,-,-,-,-,-,-,-,0,0,0,0,2680,2700,-,-
TXO,202606W2,20260610.0,40700.0,Put,1,1,0.1,0.2,-,▼-2.2,▼-91.67%,678,324,1002,665,-,1,500,0.1
TXO,202606W2,20260610.0,40800.0,Call,-,-,-,-,-,-,-,0,0,0,0,2580,2600,-,-
TXO,202606W2,20260610.0,40800.0,Put,1,1,0.1,0.2,-,▼-2.5,▼-92.59%,923,292,1215,635,-,0.2,685,0.1
TXO,202606W2,20260610.0,40900.0,Call,-,-,-,-,-,-,-,0,0,0,1,2480,2500,2580,2580
TXO,202606W2,20260610.0,40900.0,Put,1,1.1,0.1,0.1,-,▼-2.8,▼-96.55%,576,253,829,343,-,0.6,491,0.1
TXO,202606W2,20260610.0,41000.0,Call,-,-,-,-,-,-,-,0,0,0,2,2380,2390,2520,2490
TXO,202606W2,20260610.0,41000.0,Put,3,3.7,0.1,0.2,-,▼-2.9,▼-93.55%,4540,1620,6160,2664,-,0.2,870,0.1
TXO,202606W2,20260610.0,41100.0,Call,-,-,-,-,-,-,-,0,0,0,1,2280,2300,2070,1500
TXO,202606W2,20260610.0,41100.0,Put,3.6,4.8,0.1,0.2,-,▼-3.4,▼-94.44%,1242,262,1504,545,-,0.2,990,0.1
TXO,202606W2,20260610.0,41200.0,Call,-,-,-,-,-,-,-,0,0,0,0,2180,2200,-,-
TXO,202606W2,20260610.0,41200.0,Put,2.8,2.8,0.1,0.2,-,▼-3.4,▼-94.44%,1251,336,1587,502,-,0.3,945,0.1
TXO,202606W2,20260610.0,41300.0,Call,-,-,-,-,-,-,-,0,0,0,0,2080,2100,-,-
TXO,202606W2,20260610.0,41300.0,Put,9.9,9.9,0.1,0.2,-,▼-4.1,▼-95.35%,1343,316,1659,715,-,1.3,1000,0.1
TXO,202606W2,20260610.0,41400.0,Call,-,-,-,-,-,-,-,0,0,0,0,1980,2000,-,-
TXO,202606W2,20260610.0,41400.0,Put,2,2,0.1,0.1,-,▼-4.4,▼-97.78%,1200,254,1454,550,-,0.2,1030,0.1
TXO,202606W2,20260610.0,41500.0,Call,-,-,-,-,-,-,-,0,0,0,2,1880,1900,3200,1250
TXO,202606W2,20260610.0,41500.0,Put,3,7.5,0.1,0.1,-,▼-5.3,▼-98.15%,2596,489,3085,1021,-,0.5,1200,0.1
TXO,202606W2,20260610.0,41600.0,Call,-,-,-,-,-,-,-,0,0,0,0,1780,1800,3200,3200
TXO,202606W2,20260610.0,41600.0,Put,4.9,12.5,0.1,0.4,-,▼-5.6,▼-93.33%,1373,145,1518,422,-,0.4,1010,0.1
TXO,202606W2,20260610.0,41700.0,Call,-,-,-,-,-,-,-,1,0,1,1,1680,1700,3100,620
TXO,202606W2,20260610.0,41700.0,Put,5.1,16,0.1,0.2,-,▼-5.8,▼-96.67%,1654,636,2290,934,-,1.5,1000,0.1
TXO,202606W2,20260610.0,41800.0,Call,-,-,-,-,-,-,-,0,0,0,17,1580,1600,2160,660
TXO,202606W2,20260610.0,41800.0,Put,5,13.5,0.1,0.2,-,▼-7.1,▼-97.26%,1420,264,1684,505,-,0.2,1100,0.1
TXO,202606W2,20260610.0,41900.0,Call,-,-,-,-,-,-,-,0,0,0,1,1480,1500,1660,1200
TXO,202606W2,20260610.0,41900.0,Put,9,14,0.1,0.3,-,▼-7.6,▼-96.20%,1320,315,1635,460,-,2.2,1400,0.1
TXO,202606W2,20260610.0,42000.0,Call,2100,2200,2100,2150,-,▼-550,▼-20.37%,25,4,29,17,1380,1400,2870,870
TXO,202606W2,20260610.0,42000.0,Put,9,19,0.1,0.2,-,▼-7.8,▼-97.50%,9557,5053,14610,4716,-,0.3,1280,0.1
TXO,202606W2,20260610.0,42100.0,Call,1850,1850,1850,1850,-,▼-750,▼-28.85%,0,1,1,3,1280,1300,2470,550
TXO,202606W2,20260610.0,42100.0,Put,13,20.5,0.1,0.2,-,▼-8,▼-97.56%,1718,1038,2756,930,0.1,0.4,950,0.1
TXO,202606W2,20260610.0,42200.0,Call,-,-,-,-,-,-,-,1,0,1,7,1180,1200,2620,810
TXO,202606W2,20260610.0,42200.0,Put,13.5,25,0.1,0.2,-,▼-8.4,▼-97.67%,1625,991,2616,747,0.1,0.7,1250,0.1
TXO,202606W2,20260610.0,42250.0,Call,-,-,-,-,-,-,-,0,0,0,0,1130,1150,2330,1360
TXO,202606W2,20260610.0,42250.0,Put,12.5,23,0.1,0.2,-,▼-9.8,▼-98.00%,832,328,1160,223,0.1,2.8,685,0.1
TXO,202606W2,20260610.0,42300.0,Call,1860,1890,1800,1890,-,▼-510,▼-21.25%,21,22,43,31,1080,1100,2440,600
TXO,202606W2,20260610.0,42300.0,Put,21.5,30,0.1,0.3,-,▼-10.7,▼-97.27%,1737,612,2349,957,0.1,0.7,1660,0.1
TXO,202606W2,20260610.0,42350.0,Call,-,-,-,-,-,-,-,5,0,5,7,1030,1050,2230,460
TXO,202606W2,20260610.0,42350.0,Put,12,25.5,0.3,0.3,-,▼-11.2,▼-97.39%,689,534,1223,279,-,1,1300,0.3
TXO,202606W2,20260610.0,42400.0,Call,-,-,-,-,-,-,-,4,0,4,26,985,995,2340,520
TXO,202606W2,20260610.0,42400.0,Put,23,25,0.1,0.2,-,▼-11.8,▼-98.33%,1857,745,2602,546,0.1,2,1900,0.1
TXO,202606W2,20260610.0,42450.0,Call,1250,1250,1250,1250,-,▼-1000,▼-44.44%,3,1,4,6,935,945,1900,685
TXO,202606W2,20260610.0,42450.0,Put,27.5,27.5,0.2,0.3,-,▼-11.7,▼-97.50%,1004,551,1555,270,0.1,0.4,910,0.2
TXO,202606W2,20260610.0,42500.0,Call,2000,2000,1520,1520,-,▼-680,▼-30.91%,123,5,128,251,885,895,2380,382
TXO,202606W2,20260610.0,42500.0,Put,24,30.5,0.1,0.2,-,▼-12.8,▼-98.46%,5040,3083,8123,2508,-,0.5,1500,0.1
TXO,202606W2,20260610.0,42550.0,Call,635,635,500,500,-,▼-1660,▼-76.85%,2,3,5,10,835,845,1990,500
TXO,202606W2,20260610.0,42550.0,Put,30,30,0.1,0.1,-,▼-12.9,▼-99.23%,833,603,1436,277,0.1,0.4,1790,0.1
TXO,202606W2,20260610.0,42600.0,Call,1900,1980,940,940,-,▼-1170,▼-55.45%,13,10,23,27,785,795,2050,360
TXO,202606W2,20260610.0,42600.0,Put,20,33.5,0.1,0.2,-,▼-13.8,▼-98.57%,1773,1387,3160,550,0.1,0.3,1910,0.1
TXO,202606W2,20260610.0,42650.0,Call,-,-,-,-,-,-,-,2,0,2,9,735,745,1690,610
TXO,202606W2,20260610.0,42650.0,Put,33.5,34.5,0.2,0.2,-,▼-15.3,▼-98.71%,726,478,1204,336,-,0.4,2000,0.2
TXO,202606W2,20260610.0,42700.0,Call,1300,1300,700,700,-,▼-1310,▼-65.17%,31,4,35,28,685,695,1730,550
TXO,202606W2,20260610.0,42700.0,Put,30,38,0.1,0.2,-,▼-15.3,▼-98.71%,1807,1145,2952,667,-,0.4,1120,0.1
TXO,202606W2,20260610.0,42750.0,Call,650,650,640,640,-,▼-1320,▼-67.35%,2,15,17,7,635,645,3520,610
TXO,202606W2,20260610.0,42750.0,Put,35,39.5,0.1,0.1,-,▼-16.9,▼-99.41%,1094,1152,2246,599,-,0.5,2000,0.1
TXO,202606W2,20260610.0,42800.0,Call,1430,1440,585,585,-,▼-1325,▼-69.37%,34,68,102,51,585,595,1930,380
TXO,202606W2,20260610.0,42800.0,Put,31,44,0.2,0.2,-,▼-17.8,▼-98.89%,1979,2690,4669,1563,0.1,0.3,1500,0.2
TXO,202606W2,20260610.0,42850.0,Call,540,540,540,540,-,▼-1320,▼-70.97%,29,1,30,24,535,540,1830,436
TXO,202606W2,20260610.0,42850.0,Put,5,47,0.1,0.2,-,▼-18.3,▼-98.92%,828,1068,1896,324,-,0.3,1420,0.1
TXO,202606W2,20260610.0,42900.0,Call,1450,1470,490,490,-,▼-1320,▼-72.93%,76,23,99,39,489,491,2000,400
TXO,202606W2,20260610.0,42900.0,Put,28,49,0.1,0.1,-,▼-18.9,▼-99.47%,1628,1926,3554,912,-,0.5,1460,0.1
TXO,202606W2,20260610.0,42950.0,Call,-,-,-,-,-,-,-,19,0,19,26,439,441,1790,300
TXO,202606W2,20260610.0,42950.0,Put,32,53,0.2,0.4,-,▼-19.6,▼-98.00%,824,1329,2153,316,-,0.4,1120,0.2
TXO,202606W2,20260610.0,43000.0,Call,800,1610,388,389,-,▼-1321,▼-77.25%,926,291,1217,277,389,391,3660,321
TXO,202606W2,20260610.0,43000.0,Put,43.5,58,0.1,0.1,-,▼-22.4,▼-99.56%,12663,10445,23108,3476,0.1,0.4,2050,0.1
TXO,202606W2,20260610.0,43050.0,Call,795,795,375,375,-,▼-1295,▼-77.54%,37,16,53,105,339,341,1720,353
TXO,202606W2,20260610.0,43050.0,Put,40,62,0.2,0.3,-,▼-23.2,▼-98.72%,1448,2090,3538,474,-,0.4,1720,0.2
TXO,202606W2,20260610.0,43100.0,Call,865,1410,329,424,-,▼-1196,▼-73.83%,130,52,182,69,289,291,1950,262
TXO,202606W2,20260610.0,43100.0,Put,51,69,0.1,0.3,-,▼-26.7,▼-98.89%,2725,4110,6835,1001,-,0.3,1810,0.1
TXO,202606W2,20260610.0,43150.0,Call,830,1160,240,240,-,▼-1330,▼-84.71%,31,51,82,59,239,241,1650,202
TXO,202606W2,20260610.0,43150.0,Put,69,73,0.1,0.1,-,▼-28.4,▼-99.65%,1299,3782,5081,1089,0.1,0.3,1600,0.1
TXO,202606W2,20260610.0,43200.0,Call,835,1300,189,189,-,▼-1331,▼-87.57%,219,338,557,124,189,191,2320,189
TXO,202606W2,20260610.0,43200.0,Put,60,77,0.1,0.1,-,▼-28.9,▼-99.66%,4288,5941,10229,1127,0.1,0.3,1800,0.1
TXO,202606W2,20260610.0,43250.0,Call,1170,1170,138,139,-,▼-1331,▼-90.54%,21,137,158,81,138,140,1530,138
TXO,202606W2,20260610.0,43250.0,Put,59,92,0.1,0.3,-,▼-31.7,▼-99.06%,1370,4570,5940,774,-,2,1320,0.1
TXO,202606W2,20260610.0,43300.0,Call,650,1200,88,90,-,▼-1340,▼-93.71%,268,795,1063,195,89,91,1440,88
TXO,202606W2,20260610.0,43300.0,Put,75,92,0.1,0.1,-,▼-32.9,▼-99.70%,3755,13165,16920,2059,0.1,0.7,2200,0.1
TXO,202606W2,20260610.0,43350.0,Call,650,1100,38.5,40,-,▼-1340,▼-97.10%,35,743,778,137,39.5,40,1420,38.5
TXO,202606W2,20260610.0,43350.0,Put,96,100,0.1,0.2,-,▼-37.3,▼-99.47%,1484,7493,8977,1391,0.2,0.3,2400,0.1
TXO,202606W2,20260610.0,43400.0,Call,590,1120,0.1,0.2,-,▼-1329.8,▼-99.98%,309,5854,6163,1532,0.1,0.4,1930,0.1
TXO,202606W2,20260610.0,43400.0,Put,105,111,1.6,10.5,-,▼-30.5,▼-74.39%,3334,15526,18860,1750,10,10.5,1890,1.6
TXO,202606W2,20260610.0,43450.0,Call,560,1150,0.1,0.3,-,▼-1289.7,▼-99.98%,112,5191,5303,1664,-,0.3,1550,0.1
TXO,202606W2,20260610.0,43450.0,Put,102,121,2.6,60,-,▲+16,▲+36.36%,1283,12034,13317,709,60,61,1820,2.6
TXO,202606W2,20260610.0,43500.0,Call,525,1060,0.1,0.1,-,▼-1239.9,▼-99.99%,2629,10325,12954,2901,0.1,0.3,2310,0.1
TXO,202606W2,20260610.0,43500.0,Put,95,158,3,110,-,▲+64,▲+139.13%,9051,28738,37789,1422,110,111,2640,3
TXO,202606W2,20260610.0,43550.0,Call,451,865,0.1,0.1,-,▼-1189.9,▼-99.99%,154,6314,6468,1083,0.1,0.3,2780,0.1
TXO,202606W2,20260610.0,43550.0,Put,129,175,4.8,161,-,▲+111,▲+222.00%,1297,7082,8379,249,159,162,1820,4.8
TXO,202606W2,20260610.0,43600.0,Call,455,1020,0.1,0.2,-,▼-1149.8,▼-99.98%,1064,8435,9499,2088,-,0.2,1890,0.1
TXO,202606W2,20260610.0,43600.0,Put,134,217,5.9,210,-,▲+154,▲+275.00%,4726,13309,18035,929,210,211,2240,5.9
TXO,202606W2,20260610.0,43650.0,Call,403,800,0.1,0.2,-,▼-1099.8,▼-99.98%,275,3089,3364,830,-,0.3,1250,0.1
TXO,202606W2,20260610.0,43650.0,Put,107,261,7.6,260,-,▲+200,▲+333.33%,1611,5414,7025,352,260,261,2000,7.6
TXO,202606W2,20260610.0,43700.0,Call,348,850,0.1,0.2,-,▼-1059.8,▼-99.98%,751,6991,7742,2023,0.1,0.3,1200,0.1
TXO,202606W2,20260610.0,43700.0,Put,160,312,10,310,-,▲+245,▲+376.92%,5349,10661,16010,891,310,311,2520,10
TXO,202606W2,20260610.0,43750.0,Call,349,875,0.1,0.1,-,▼-1009.9,▼-99.99%,366,3154,3520,709,-,0.3,2040,0.1
TXO,202606W2,20260610.0,43750.0,Put,170,361,10,360,-,▲+289,▲+407.04%,2460,5365,7825,287,359,361,2610,10
TXO,202606W2,20260610.0,43800.0,Call,167,830,0.1,0.3,-,▼-969.7,▼-99.97%,1481,6776,8257,1305,-,0.3,2700,0.1
TXO,202606W2,20260610.0,43800.0,Put,216,411,15,409,-,▲+333,▲+438.16%,5956,18854,24810,1843,409,411,2500,15
TXO,202606W2,20260610.0,43850.0,Call,241,785,0.1,0.1,-,▼-929.9,▼-99.99%,554,3523,4077,647,-,0.2,1040,0.1
TXO,202606W2,20260610.0,43850.0,Put,233,462,20,462,-,▲+375,▲+431.03%,2079,5841,7920,430,459,460,1700,20
TXO,202606W2,20260610.0,43900.0,Call,253,740,0.1,0.2,-,▼-884.8,▼-99.98%,824,6285,7109,1504,-,0.3,2450,0.1
TXO,202606W2,20260610.0,43900.0,Put,257,515,25,510,-,▲+415,▲+436.84%,3610,10229,13839,908,510,515,2250,25
TXO,202606W2,20260610.0,43950.0,Call,226,695,0.1,0.3,-,▼-839.7,▼-99.96%,708,3579,4287,900,0.1,0.3,1000,0.1
TXO,202606W2,20260610.0,43950.0,Put,300,560,32,560,-,▲+459,▲+454.46%,2534,5587,8121,564,560,565,2500,32
TXO,202606W2,20260610.0,44000.0,Call,200,645,0.1,0.1,-,▼-799.9,▼-99.99%,7324,17587,24911,3789,-,0.3,1840,0.1
TXO,202606W2,20260610.0,44000.0,Put,233,615,40,615,-,▲+505,▲+459.09%,14434,21585,36019,1674,605,615,3330,40
TXO,202606W2,20260610.0,44050.0,Call,180,610,0.1,0.2,-,▼-759.8,▼-99.97%,1236,5928,7164,1418,-,0.3,1000,0.1
TXO,202606W2,20260610.0,44050.0,Put,356,665,49.5,660,-,▲+540,▲+450.00%,1993,4706,6699,369,660,665,2430,46
TXO,202606W2,20260610.0,44100.0,Call,177,560,0.1,0.1,-,▼-714.9,▼-99.99%,1899,10571,12470,1649,0.1,0.3,2300,0.1
TXO,202606W2,20260610.0,44100.0,Put,240,710,60,710,-,▲+579,▲+441.98%,3566,7903,11469,820,705,710,2810,50
TXO,202606W2,20260610.0,44150.0,Call,112,515,0.1,0.1,-,▼-679.9,▼-99.99%,1161,8251,9412,1127,0.1,0.3,1050,0.1
TXO,202606W2,20260610.0,44150.0,Put,409,765,73,765,-,▲+620,▲+427.59%,2240,3783,6023,347,760,765,2000,54
TXO,202606W2,20260610.0,44200.0,Call,109,473,0.1,0.1,-,▼-644.9,▼-99.98%,3095,15180,18275,1869,0.1,0.3,980,0.1
TXO,202606W2,20260610.0,44200.0,Put,419,810,82,810,-,▲+655,▲+422.58%,5490,8338,13828,679,805,810,2450,59
TXO,202606W2,20260610.0,44250.0,Call,98,431,0.1,0.1,-,▼-604.9,▼-99.98%,1310,8769,10079,1040,-,0.1,2340,0.1
TXO,202606W2,20260610.0,44250.0,Put,472,860,89,860,-,▲+695,▲+421.21%,1996,2600,4596,253,860,865,2020,65
TXO,202606W2,20260610.0,44300.0,Call,100,397,0.1,0.1,-,▼-569.9,▼-99.98%,3339,15063,18402,2023,0.1,0.3,2450,0.1
TXO,202606W2,20260610.0,44300.0,Put,500,915,101,915,-,▲+734,▲+405.52%,4392,3795,8187,650,910,915,2200,70
TXO,202606W2,20260610.0,44350.0,Call,85,356,0.1,0.3,-,▼-534.7,▼-99.94%,1566,7874,9440,1672,-,0.8,1010,0.1
TXO,202606W2,20260610.0,44350.0,Put,565,950,113,950,-,▲+756,▲+389.69%,2087,1530,3617,198,955,965,1880,77
TXO,202606W2,20260610.0,44400.0,Call,85,323,0.1,0.2,-,▼-499.8,▼-99.96%,4877,12637,17514,1901,-,0.3,1050,0.1
TXO,202606W2,20260610.0,44400.0,Put,560,1010,124,1010,-,▲+797,▲+374.18%,4117,3515,7632,593,1000,1010,2660,84
TXO,202606W2,20260610.0,44450.0,Call,59,290,0.1,0.3,-,▼-467.7,▼-99.94%,1790,7275,9065,933,-,0.6,950,0.1
TXO,202606W2,20260610.0,44450.0,Put,620,1060,141,1050,-,▲+819,▲+354.55%,1440,1384,2824,239,1050,1070,2200,91
TXO,202606W2,20260610.0,44500.0,Call,58,253,0.1,0.2,-,▼-429.8,▼-99.95%,9931,17511,27442,3832,-,0.3,2350,0.1
TXO,202606W2,20260610.0,44500.0,Put,660,1120,157,1110,-,▲+864,▲+351.22%,6426,2843,9269,697,1110,1120,2500,100
TXO,202606W2,20260610.0,44550.0,Call,42.5,222,0.1,0.3,-,▼-405.7,▼-99.93%,2236,7035,9271,1149,-,0.6,915,0.1
TXO,202606W2,20260610.0,44550.0,Put,695,1160,178,1160,-,▲+895,▲+337.74%,1971,610,2581,136,1150,1160,2350,111
TXO,202606W2,20260610.0,44600.0,Call,43,195,0.1,0.3,-,▼-371.7,▼-99.92%,6793,10527,17320,2668,-,0.4,1830,0.1
TXO,202606W2,20260610.0,44600.0,Put,760,1220,196,1220,-,▲+936,▲+329.58%,3730,1101,4831,289,1210,1220,3180,120
TXO,202606W2,20260610.0,44650.0,Call,49,165,0.1,0.2,-,▼-343.8,▼-99.94%,3054,6056,9110,1205,0.1,0.4,1860,0.1
TXO,202606W2,20260610.0,44650.0,Put,760,1260,219,1260,-,▲+948,▲+303.85%,2099,338,2437,209,1260,1270,3670,135
TXO,202606W2,20260610.0,44700.0,Call,40,141,0.1,0.3,-,▼-323.7,▼-99.91%,11619,10869,22488,2319,-,0.8,1950,0.1
TXO,202606W2,20260610.0,44700.0,Put,830,1310,244,1300,-,▲+959,▲+281.23%,5686,907,6593,424,1300,1320,2500,141
TXO,202606W2,20260610.0,44750.0,Call,28,118,0.3,0.3,-,▼-284.7,▼-99.89%,3899,4167,8066,1201,-,0.2,1450,0.3
TXO,202606W2,20260610.0,44750.0,Put,835,1360,275,1360,-,▲+1017,▲+296.50%,1252,177,1429,148,1350,1370,2410,152
TXO,202606W2,20260610.0,44800.0,Call,23,98,0.1,0.2,-,▼-267.8,▼-99.93%,8698,8513,17211,2777,-,0.3,1560,0.1
TXO,202606W2,20260610.0,44800.0,Put,900,1390,307,1390,-,▲+1002,▲+258.25%,2493,313,2806,321,1400,1410,2630,155
TXO,202606W2,20260610.0,44850.0,Call,19,81,0.1,0.1,-,▼-237.9,▼-99.96%,3326,3756,7082,752,-,0.5,1300,0.1
TXO,202606W2,20260610.0,44850.0,Put,1010,1440,330,1440,-,▲+1044,▲+263.64%,942,154,1096,106,1450,1470,1700,192
TXO,202606W2,20260610.0,44900.0,Call,15,64,0.1,0.2,-,▼-221.8,▼-99.91%,6794,4544,11338,1481,-,0.2,1110,0.1
TXO,202606W2,20260610.0,44900.0,Put,955,1490,399,1490,-,▲+1065,▲+250.59%,1124,182,1306,280,1500,1510,3030,179
TXO,202606W2,20260610.0,44950.0,Call,11.5,49.5,0.1,0.2,-,▼-196.8,▼-99.90%,3502,3352,6854,815,-,1,1090,0.1
TXO,202606W2,20260610.0,44950.0,Put,1030,1540,405,1540,-,▲+1085,▲+238.46%,285,103,388,70,1550,1570,2600,195
TXO,202606W2,20260610.0,45000.0,Call,10,39.5,0.1,0.1,-,▼-184.9,▼-99.95%,19865,11488,31353,6228,-,0.1,1840,0.1
TXO,202606W2,20260610.0,45000.0,Put,1040,1610,442,1610,-,▲+1122,▲+229.92%,2066,230,2296,470,1610,1620,3850,190
TXO,202606W2,20260610.0,45050.0,Call,9,30,0.1,0.2,-,▼-165.8,▼-99.88%,4127,2808,6935,939,-,0.2,645,0.1
TXO,202606W2,20260610.0,45050.0,Put,755,965,493,840,-,▲+320,▲+61.54%,400,16,416,51,1650,1670,2650,228
TXO,202606W2,20260610.0,45100.0,Call,10,23,0.1,0.3,-,▼-152.7,▼-99.80%,6798,2584,9382,1731,-,2,1700,0.1
TXO,202606W2,20260610.0,45100.0,Put,555,1720,555,1700,-,▲+1145,▲+206.31%,619,175,794,301,1700,1720,3530,210
TXO,202606W2,20260610.0,45150.0,Call,8.8,17,0.1,0.2,-,▼-136.8,▼-99.85%,3209,1460,4669,1131,-,0.8,670,0.1
TXO,202606W2,20260610.0,45150.0,Put,590,1220,590,1220,-,▲+630,▲+106.78%,145,24,169,73,1750,1770,2930,215
TXO,202606W2,20260610.0,45200.0,Call,9.9,19.5,0.1,0.2,-,▼-123.8,▼-99.84%,7181,2786,9967,2152,-,1,1710,0.1
TXO,202606W2,20260610.0,45200.0,Put,1180,1750,615,1750,-,▲+1120,▲+177.78%,427,109,536,364,1800,1820,3850,241
TXO,202606W2,20260610.0,45250.0,Call,7.9,10,0.1,0.2,-,▼-110.8,▼-99.82%,3250,861,4111,619,0.1,9.9,1520,0.1
TXO,202606W2,20260610.0,45250.0,Put,1400,1840,1180,1840,-,▲+1170,▲+174.63%,22,4,26,27,1850,1870,3780,302
TXO,202606W2,20260610.0,45300.0,Call,4.5,6.9,0.1,0.2,-,▼-101.8,▼-99.80%,6313,1441,7754,1300,-,0.3,1250,0.1
TXO,202606W2,20260610.0,45300.0,Put,790,1730,790,1730,-,▲+1020,▲+143.66%,38,13,51,44,1900,1920,2630,250
TXO,202606W2,20260610.0,45350.0,Call,2.1,9.6,0.1,0.3,-,▼-87.7,▼-99.66%,2609,495,3104,516,-,0.3,1210,0.1
TXO,202606W2,20260610.0,45350.0,Put,-,-,-,-,-,-,-,11,0,11,23,1950,1970,2320,270
TXO,202606W2,20260610.0,45400.0,Call,7,7,0.1,0.2,-,▼-78.8,▼-99.75%,5699,639,6338,1222,-,0.2,1090,0.1
TXO,202606W2,20260610.0,45400.0,Put,1270,1950,1270,1950,-,▲+1160,▲+146.84%,208,6,214,100,2000,2020,3770,280
TXO,202606W2,20260610.0,45450.0,Call,1.3,5.1,0.1,0.2,-,▼-69.8,▼-99.71%,2404,223,2627,604,-,0.1,1490,0.1
TXO,202606W2,20260610.0,45450.0,Put,-,-,-,-,-,-,-,2,0,2,11,2050,2070,2730,362
TXO,202606W2,20260610.0,45500.0,Call,1.2,3,0.1,0.2,-,▼-64.8,▼-99.69%,9368,1147,10515,3451,-,0.3,1480,0.1
TXO,202606W2,20260610.0,45500.0,Put,1200,2100,1200,2050,-,▲+1180,▲+135.63%,61,12,73,99,2100,2120,3260,127
TXO,202606W2,20260610.0,45550.0,Call,1,1.5,0.1,0.2,-,▼-53.8,▼-99.63%,1800,213,2013,660,-,3,1410,0.1
TXO,202606W2,20260610.0,45550.0,Put,-,-,-,-,-,-,-,4,0,4,50,2150,2170,1700,324
TXO,202606W2,20260610.0,45600.0,Call,1,4.7,0.1,0.3,-,▼-51.7,▼-99.42%,3412,252,3664,909,-,0.3,1140,0.1
TXO,202606W2,20260610.0,45600.0,Put,1200,1450,1020,1450,-,▲+495,▲+51.83%,9,7,16,98,2200,2220,3330,339
TXO,202606W2,20260610.0,45650.0,Call,0.6,1.3,0.1,0.1,-,▼-45.9,▼-99.78%,1460,49,1509,411,-,0.4,1330,0.1
TXO,202606W2,20260610.0,45650.0,Put,1500,1880,1500,1880,-,▲+880,▲+88.00%,17,2,19,14,2250,2270,1880,350
TXO,202606W2,20260610.0,45700.0,Call,1,1.9,0.1,0.2,-,▼-41.3,▼-99.52%,2503,670,3173,925,-,0.2,1070,0.1
TXO,202606W2,20260610.0,45700.0,Put,1660,2220,1600,2220,-,▲+1180,▲+113.46%,2,8,10,51,2300,2320,3370,351
TXO,202606W2,20260610.0,45750.0,Call,3.4,3.4,0.1,0.2,-,▼-36.3,▼-99.45%,1021,103,1124,592,-,0.2,885,0.1
TXO,202606W2,20260610.0,45750.0,Put,-,-,-,-,-,-,-,5,0,5,6,2350,2370,1060,399
TXO,202606W2,20260610.0,45800.0,Call,2,3,0.1,0.2,-,▼-31.8,▼-99.38%,2965,748,3713,1594,-,0.2,1280,0.1
TXO,202606W2,20260610.0,45800.0,Put,1300,2400,1300,2360,-,▲+1220,▲+107.02%,9,11,20,29,2400,2420,3050,371
TXO,202606W2,20260610.0,45850.0,Call,0.3,0.7,0.2,0.2,-,▼-29.8,▼-99.33%,669,192,861,385,-,1,815,0.2
TXO,202606W2,20260610.0,45850.0,Put,-,-,-,-,-,-,-,2,0,2,44,2450,2470,3280,440
TXO,202606W2,20260610.0,45900.0,Call,0.1,0.6,0.1,0.2,-,▼-25.8,▼-99.23%,1459,273,1732,1075,-,0.2,975,0.1
TXO,202606W2,20260610.0,45900.0,Put,-,-,-,-,-,-,-,0,0,0,15,2500,2520,3140,422
TXO,202606W2,20260610.0,45950.0,Call,0.7,0.8,0.1,0.3,-,▼-20.7,▼-98.57%,400,181,581,415,-,1,875,0.1
TXO,202606W2,20260610.0,45950.0,Put,-,-,-,-,-,-,-,2,0,2,8,2550,2570,2590,463
TXO,202606W2,20260610.0,46000.0,Call,0.8,2,0.1,0.2,-,▼-15.3,▼-98.71%,3766,800,4566,3542,-,0.2,1140,0.1
TXO,202606W2,20260610.0,46000.0,Put,1630,1910,1630,1910,-,▲+590,▲+44.70%,12,3,15,128,2600,2620,3820,431
TXO,202606W2,20260610.0,46050.0,Call,0.3,0.3,0.2,0.2,-,▼-14.8,▼-98.67%,282,73,355,355,-,0.2,920,0.2
TXO,202606W2,20260610.0,46050.0,Put,-,-,-,-,-,-,-,0,0,0,9,2650,2670,1240,489
TXO,202606W2,20260610.0,46100.0,Call,0.3,0.3,0.2,0.2,-,▼-11.8,▼-98.33%,644,52,696,459,-,1.5,1100,0.2
TXO,202606W2,20260610.0,46100.0,Put,1970,1970,1970,1970,-,▲+550,▲+38.73%,0,2,2,11,2700,2720,3050,510
TXO,202606W2,20260610.0,46150.0,Call,0.2,0.2,0.2,0.2,-,▼-9.1,▼-97.85%,92,19,111,162,-,5,1040,0.2
TXO,202606W2,20260610.0,46150.0,Put,-,-,-,-,-,-,-,0,0,0,27,2750,2770,2100,540
TXO,202606W2,20260610.0,46200.0,Call,0.3,0.5,0.2,0.3,-,▼-7.5,▼-96.15%,290,95,385,469,-,0.3,1100,0.2
TXO,202606W2,20260610.0,46200.0,Put,-,-,-,-,-,-,-,0,0,0,19,2800,2820,3560,580
TXO,202606W2,20260610.0,46250.0,Call,0.6,0.6,0.2,0.2,-,▼-6.3,▼-96.92%,85,12,97,338,0.1,2,985,0.2
TXO,202606W2,20260610.0,46250.0,Put,-,-,-,-,-,-,-,0,0,0,16,2850,2870,3290,565
TXO,202606W2,20260610.0,46300.0,Call,0.6,0.8,0.1,0.2,-,▼-5.9,▼-96.72%,232,109,341,739,-,5,950,0.1
TXO,202606W2,20260610.0,46300.0,Put,-,-,-,-,-,-,-,0,0,0,48,2900,2920,3100,585
TXO,202606W2,20260610.0,46350.0,Call,0.2,0.2,0.2,0.2,-,▼-3.5,▼-94.59%,185,60,245,229,-,20,910,0.2
TXO,202606W2,20260610.0,46350.0,Put,-,-,-,-,-,-,-,0,0,0,21,2950,2970,3300,615
TXO,202606W2,20260610.0,46400.0,Call,0.5,0.5,0.2,0.2,-,▼-1.9,▼-90.48%,422,42,464,400,-,1,905,0.1
TXO,202606W2,20260610.0,46400.0,Put,-,-,-,-,-,-,-,0,0,0,15,3000,3020,3400,625
TXO,202606W2,20260610.0,46450.0,Call,0.2,0.2,0.2,0.2,-,▼-1.8,▼-90.00%,15,2,17,161,-,9,845,0.2
TXO,202606W2,20260610.0,46450.0,Put,2980,2980,2980,2980,-,▲+1220,▲+69.32%,0,4,4,25,3050,3070,3030,650
TXO,202606W2,20260610.0,46500.0,Call,0.2,0.3,0.1,0.2,-,▼-1.3,▼-86.67%,1098,882,1980,4051,-,0.4,945,0.1
TXO,202606W2,20260610.0,46500.0,Put,-,-,-,-,-,-,-,0,0,0,63,3100,3120,3200,620
TXO,202606W2,20260610.0,46550.0,Call,0.3,0.3,0.3,0.3,-,▼-0.5,▼-62.50%,16,3,19,351,-,0.4,815,0.3
TXO,202606W2,20260610.0,46550.0,Put,-,-,-,-,-,-,-,0,0,0,14,3150,3170,1030,690
TXO,202606W2,20260610.0,46600.0,Call,0.7,0.7,0.1,0.1,-,▼-0.7,▼-87.50%,50,18,68,420,-,0.1,865,0.1
TXO,202606W2,20260610.0,46600.0,Put,-,-,-,-,-,-,-,0,0,0,15,3200,3220,2420,700
TXO,202606W2,20260610.0,46650.0,Call,0.2,0.3,0.2,0.2,-,▼-0.5,▼-71.43%,30,5,35,190,-,0.5,805,0.2
TXO,202606W2,20260610.0,46650.0,Put,-,-,-,-,-,-,-,0,0,0,1,3250,3270,1810,710
TXO,202606W2,20260610.0,46700.0,Call,0.2,0.2,0.2,0.2,-,▼-0.5,▼-71.43%,54,138,192,356,-,2,800,0.1
TXO,202606W2,20260610.0,46700.0,Put,2740,2740,2740,2740,-,▲+730,▲+36.32%,0,2,2,107,3300,3320,2740,720
TXO,202606W2,20260610.0,46750.0,Call,-,-,-,-,-,-,-,10,0,10,161,-,0.8,740,0.1
TXO,202606W2,20260610.0,46750.0,Put,-,-,-,-,-,-,-,2,0,2,2,3350,3370,2500,760
TXO,202606W2,20260610.0,46800.0,Call,0.2,0.2,0.2,0.2,-,▼-0.5,▼-71.43%,32,25,57,522,-,0.2,760,0.2
TXO,202606W2,20260610.0,46800.0,Put,-,-,-,-,-,-,-,0,0,0,5,3400,3420,2250,770
TXO,202606W2,20260610.0,46850.0,Call,-,-,-,-,-,-,-,3,0,3,139,-,-,665,0.2
TXO,202606W2,20260610.0,46850.0,Put,-,-,-,-,-,-,-,0,0,0,6,3450,3470,1180,830
TXO,202606W2,20260610.0,46900.0,Call,0.2,0.2,0.2,0.2,-,▼-0.4,▼-66.67%,8,5,13,422,-,0.4,650,0.2
TXO,202606W2,20260610.0,46900.0,Put,-,-,-,-,-,-,-,0,0,0,0,3500,3520,1630,865
TXO,202606W2,20260610.0,46950.0,Call,0.2,0.2,0.2,0.2,-,▼-0.4,▼-66.67%,6,1,7,152,-,148,415,0.1
TXO,202606W2,20260610.0,46950.0,Put,-,-,-,-,-,-,-,0,0,0,1,3550,3570,1090,1090
TXO,202606W2,20260610.0,47000.0,Call,0.1,0.3,0.1,0.2,-,▼-0.4,▼-66.67%,156,44,200,1342,-,0.2,675,0.1
TXO,202606W2,20260610.0,47000.0,Put,-,-,-,-,-,-,-,0,0,0,10,3600,3620,2000,900
TXO,202606W2,20260610.0,47050.0,Call,-,-,-,-,-,-,-,3,0,3,183,-,0.1,389,0.2
TXO,202606W2,20260610.0,47050.0,Put,-,-,-,-,-,-,-,0,0,0,0,3650,3670,-,-
TXO,202606W2,20260610.0,47100.0,Call,-,-,-,-,-,-,-,22,0,22,291,-,0.3,560,0.2
TXO,202606W2,20260610.0,47100.0,Put,-,-,-,-,-,-,-,0,0,0,2,3700,3720,1600,985
TXO,202606W2,20260610.0,47150.0,Call,0.2,0.2,0.2,0.2,-,▼-0.3,▼-60.00%,3,2,5,125,-,-,330,0.2
TXO,202606W2,20260610.0,47150.0,Put,-,-,-,-,-,-,-,0,0,0,0,3750,3770,-,-
TXO,202606W2,20260610.0,47200.0,Call,0.2,0.2,0.2,0.2,-,▼-0.3,▼-60.00%,25,13,38,426,-,0.3,525,0.2
TXO,202606W2,20260610.0,47200.0,Put,-,-,-,-,-,-,-,0,0,0,5,3800,3820,2330,1390
TXO,202606W2,20260610.0,47250.0,Call,0.2,0.2,0.2,0.2,-,▼-0.2,▼-50.00%,67,3,70,227,-,-,286,0.1
TXO,202606W2,20260610.0,47250.0,Put,-,-,-,-,-,-,-,0,0,0,0,3850,3870,-,-
TXO,202606W2,20260610.0,47300.0,Call,0.2,0.3,0.2,0.2,-,▼-0.2,▼-50.00%,15,206,221,621,0.1,7,495,0.1
TXO,202606W2,20260610.0,47300.0,Put,-,-,-,-,-,-,-,0,0,0,0,3900,3920,-,-
TXO,202606W2,20260610.0,47350.0,Call,0.2,0.2,0.2,0.2,-,▼-0.2,▼-50.00%,4,3,7,109,-,14,156,0.2
TXO,202606W2,20260610.0,47350.0,Put,-,-,-,-,-,-,-,0,0,0,0,3950,3970,-,-
TXO,202606W2,20260610.0,47400.0,Call,0.2,0.2,0.2,0.2,-,▼-0.2,▼-50.00%,2,9,11,166,-,0.4,479,0.2
TXO,202606W2,20260610.0,47400.0,Put,-,-,-,-,-,-,-,0,0,0,1,4000,4020,1530,1530
TXO,202606W2,20260610.0,47450.0,Call,0.2,0.2,0.2,0.2,-,▼-0.2,▼-50.00%,3,2,5,34,-,-,171,0.2
TXO,202606W2,20260610.0,47450.0,Put,-,-,-,-,-,-,-,0,0,0,0,4050,4070,-,-
TXO,202606W2,20260610.0,47500.0,Call,0.4,0.4,0.4,0.4,-,0,0%,128,287,415,415,-,0.3,460,0.1
TXO,202606W2,20260610.0,47500.0,Put,-,-,-,-,-,-,-,0,0,0,1,4100,4120,1320,1240
TXO,202606W2,20260610.0,47550.0,Call,-,-,-,-,-,-,-,1,0,1,21,-,-,114,0.2
TXO,202606W2,20260610.0,47550.0,Put,-,-,-,-,-,-,-,0,0,0,0,4150,4170,-,-
TXO,202606W2,20260610.0,47600.0,Call,0.2,0.2,0.2,0.2,-,▼-0.1,▼-33.33%,49,1118,1167,1017,-,15,493,0.2
TXO,202606W2,20260610.0,47600.0,Put,-,-,-,-,-,-,-,0,0,0,1,4200,4220,2880,2880
TXO,202606W2,20260610.0,47650.0,Call,0.2,0.2,0.2,0.2,-,▼-0.1,▼-33.33%,1,2,3,403,-,4,222,0.1
TXO,202606W2,20260610.0,47650.0,Put,-,-,-,-,-,-,-,0,0,0,4,4250,4270,4460,2900
TXO,202606W2,20260610.0,47700.0,Call,0.3,0.3,0.2,0.2,-,▼-0.1,▼-33.33%,2,3,5,360,-,1.5,361,0.2
TXO,202606W2,20260610.0,47700.0,Put,-,-,-,-,-,-,-,0,0,0,1,4300,4320,3710,1410
TXO,202606W2,20260610.0,47750.0,Call,0.2,0.2,0.2,0.2,-,▼-0.1,▼-33.33%,0,4,4,152,-,1.4,168,0.2
TXO,202606W2,20260610.0,47750.0,Put,-,-,-,-,-,-,-,0,0,0,0,4350,4370,-,-
TXO,202606W2,20260610.0,47800.0,Call,0.2,0.2,0.2,0.2,-,▼-0.1,▼-33.33%,4,22,26,338,-,10,341,0.1
TXO,202606W2,20260610.0,47800.0,Put,-,-,-,-,-,-,-,0,0,0,4,4400,4420,1600,1420
TXO,202606W2,20260610.0,47850.0,Call,-,-,-,-,-,-,-,0,0,0,201,-,25,155,0.2
TXO,202606W2,20260610.0,47850.0,Put,-,-,-,-,-,-,-,0,0,0,0,4450,4470,-,-
TXO,202606W2,20260610.0,47900.0,Call,0.2,0.2,0.2,0.2,-,▼-0.1,▼-33.33%,0,25,25,182,-,-,319,0.2
TXO,202606W2,20260610.0,47900.0,Put,-,-,-,-,-,-,-,0,0,0,0,4500,4520,-,-
TXO,202606W2,20260610.0,48000.0,Call,0.2,0.2,0.2,0.2,-,0,0%,15,31,46,4760,-,0.1,305,0.2
TXO,202606W2,20260610.0,48000.0,Put,-,-,-,-,-,-,-,0,0,0,0,4600,4620,-,-
TXO,202606W2,20260610.0,48100.0,Call,0.2,0.3,0.2,0.3,-,▲+0.1,▲+50.00%,5,20,25,557,-,-,281,0.1
TXO,202606W2,20260610.0,48100.0,Put,-,-,-,-,-,-,-,0,0,0,0,4700,4720,-,-
TXO,202606W2,20260610.0,48200.0,Call,0.2,0.3,0.2,0.2,-,0,0%,0,9,9,608,-,0.2,247,0.2
TXO,202606W2,20260610.0,48200.0,Put,-,-,-,-,-,-,-,0,0,0,0,4800,4820,-,-
TXO,202606W2,20260610.0,48300.0,Call,-,-,-,-,-,-,-,0,0,0,238,-,99,241,0.1
TXO,202606W2,20260610.0,48300.0,Put,-,-,-,-,-,-,-,0,0,0,0,4900,4920,-,-
TXO,202606W2,20260610.0,48400.0,Call,0.2,0.2,0.2,0.2,-,0,0%,0,3,3,331,-,1,213,0.2
TXO,202606W2,20260610.0,48400.0,Put,-,-,-,-,-,-,-,0,0,0,1,5000,5020,3030,1900
TXO,202606W2,20260610.0,48500.0,Call,0.2,0.2,0.2,0.2,-,0,0%,23,27,50,237,-,0.3,195,0.2
TXO,202606W2,20260610.0,48500.0,Put,-,-,-,-,-,-,-,0,0,0,0,5100,5120,-,-
TXO,202606W2,20260610.0,48600.0,Call,0.2,0.2,0.2,0.2,-,0,0%,8,14,22,129,-,0.4,191,0.1
TXO,202606W2,20260610.0,48600.0,Put,-,-,-,-,-,-,-,0,0,0,0,5200,5220,2240,2100
TXO,202606W2,20260610.0,48700.0,Call,-,-,-,-,-,-,-,2,0,2,43,-,6,149,0.2
TXO,202606W2,20260610.0,48700.0,Put,-,-,-,-,-,-,-,0,0,0,0,5300,5320,-,-
TXO,202606W2,20260610.0,48800.0,Call,0.2,0.2,0.2,0.2,-,0,0%,0,3,3,44,-,-,150,0.2
TXO,202606W2,20260610.0,48800.0,Put,-,-,-,-,-,-,-,0,0,0,0,5400,5420,-,-
TXO,202606W2,20260610.0,48900.0,Call,0.3,0.3,0.3,0.3,-,▲+0.1,▲+50.00%,5,2,7,67,-,-,140,0.2
TXO,202606W2,20260610.0,48900.0,Put,-,-,-,-,-,-,-,0,0,0,0,5500,5520,-,-
TXO,202606W2,20260610.0,49000.0,Call,0.2,0.2,0.2,0.2,-,0,0%,2,4,6,229,-,0.2,126,0.2
TXO,202606W2,20260610.0,49000.0,Put,-,-,-,-,-,-,-,0,0,0,0,5600,5620,-,-
TXO,202606W2,20260610.0,49100.0,Call,-,-,-,-,-,-,-,1,0,1,96,-,-,138,0.2
TXO,202606W2,20260610.0,49100.0,Put,-,-,-,-,-,-,-,0,0,0,0,5700,5720,-,-
TXO,202606W2,20260610.0,49200.0,Call,0.2,0.2,0.2,0.2,-,0,0%,0,7,7,349,-,2.5,107,0.2
TXO,202606W2,20260610.0,49200.0,Put,-,-,-,-,-,-,-,0,0,0,0,5800,5820,-,-
TXO,202606W2,20260610.0,49300.0,Call,-,-,-,-,-,-,-,0,0,0,60,-,11,108,0.1
TXO,202606W2,20260610.0,49300.0,Put,-,-,-,-,-,-,-,0,0,0,0,5900,5920,-,-
TXO,202606W2,20260610.0,49400.0,Call,-,-,-,-,-,-,-,0,0,0,117,-,5,80,0.1
TXO,202606W2,20260610.0,49400.0,Put,-,-,-,-,-,-,-,0,0,0,0,6000,6020,-,-
TXO,202606W2,20260610.0,49500.0,Call,-,-,-,-,-,-,-,1,0,1,763,-,-,81,0.1
TXO,202606W2,20260610.0,49500.0,Put,-,-,-,-,-,-,-,0,0,0,0,6100,6120,-,-
TXO,202606W2,20260610.0,49600.0,Call,-,-,-,-,-,-,-,1,0,1,26,-,7,74,0.2
TXO,202606W2,20260610.0,49600.0,Put,-,-,-,-,-,-,-,0,0,0,0,6200,6220,-,-
TXO,202606W2,20260610.0,49700.0,Call,-,-,-,-,-,-,-,5,0,5,575,-,10.5,64,0.1
TXO,202606W2,20260610.0,49700.0,Put,-,-,-,-,-,-,-,0,0,0,0,6300,6320,-,-
TXO,202606W2,20260610.0,49800.0,Call,-,-,-,-,-,-,-,0,0,0,135,-,-,45,0.2
TXO,202606W2,20260610.0,49800.0,Put,-,-,-,-,-,-,-,0,0,0,0,6400,6420,-,-
TXO,202606W2,20260610.0,49900.0,Call,-,-,-,-,-,-,-,0,0,0,967,-,0.1,60,0.1
TXO,202606W2,20260610.0,49900.0,Put,-,-,-,-,-,-,-,0,0,0,0,6500,6520,-,-
TXO,202606W2,20260610.0,50000.0,Call,0.1,0.1,0.1,0.1,-,0,-,1,1,2,196,-,-,47.5,0.1
TXO,202606W2,20260610.0,50000.0,Put,-,-,-,-,-,-,-,0,0,0,0,6600,6620,-,-
TXO,202606W2,20260610.0,50100.0,Call,-,-,-,-,-,-,-,0,0,0,9,-,-,36.5,0.1
TXO,202606W2,20260610.0,50100.0,Put,-,-,-,-,-,-,-,0,0,0,0,6700,6720,-,-
TXO,202606W2,20260610.0,50200.0,Call,-,-,-,-,-,-,-,1,0,1,86,-,0.1,36,0.1
TXO,202606W2,20260610.0,50200.0,Put,-,-,-,-,-,-,-,0,0,0,0,6800,6820,-,-
TXO,202606W2,20260610.0,50300.0,Call,-,-,-,-,-,-,-,0,0,0,2,-,-,10,0.2
TXO,202606W2,20260610.0,50300.0,Put,-,-,-,-,-,-,-,0,0,0,0,6900,6920,-,-
TXO,202606W2,20260610.0,50400.0,Call,-,-,-,-,-,-,-,0,0,0,1,-,-,4,4
TXO,202606W2,20260610.0,50400.0,Put,-,-,-,-,-,-,-,0,0,0,0,7000,7020,-,-
TXO,202606W2,20260610.0,50500.0,Call,-,-,-,-,-,-,-,0,0,0,5,-,-,18,0.2
TXO,202606W2,20260610.0,50500.0,Put,-,-,-,-,-,-,-,0,0,0,0,7100,7120,-,-
TXO,202606W2,20260610.0,50600.0,Call,-,-,-,-,-,-,-,0,0,0,0,-,-,-,-
TXO,202606W2,20260610.0,50600.0,Put,-,-,-,-,-,-,-,0,0,0,0,7200,7220,-,-
TXO,202606W2,20260610.0,50700.0,Call,-,-,-,-,-,-,-,0,0,0,0,-,-,-,-
TXO,202606W2,20260610.0,50700.0,Put,-,-,-,-,-,-,-,0,0,0,0,7300,7320,-,-
TXO,202606W2,20260610.0,50800.0,Call,-,-,-,-,-,-,-,0,0,0,0,-,-,2.7,0.3
TXO,202606W2,20260610.0,50800.0,Put,-,-,-,-,-,-,-,0,0,0,0,7400,7420,-,-
TXO,202606W2,20260610.0,50900.0,Call,-,-,-,-,-,-,-,0,0,0,0,-,-,-,-
TXO,202606W2,20260610.0,50900.0,Put,-,-,-,-,-,-,-,0,0,0,0,7500,7520,-,-
TXO,202606W2,20260610.0,51000.0,Call,-,-,-,-,-,-,-,0,0,0,664,-,99,4.9,0.1
TXO,202606W2,20260610.0,51000.0,Put,-,-,-,-,-,-,-,0,0,0,0,7600,7620,-,-
TXO,202606W2,20260610.0,51100.0,Call,-,-,-,-,-,-,-,0,0,0,1,-,99,1.7,0.2
TXO,202606W2,20260610.0,51100.0,Put,-,-,-,-,-,-,-,0,0,0,0,7700,7720,-,-
TXO,202606W2,20260610.0,51200.0,Call,-,-,-,-,-,-,-,0,0,0,26,-,99,5,0.2
TXO,202606W2,20260610.0,51200.0,Put,-,-,-,-,-,-,-,0,0,0,0,7800,7820,-,-
TXO,202606F2,20260612.0,39100.0,Call,-,-,-,-,4410,-,-,0,0,0,0,-,-,-,-
TXO,202606F2,20260612.0,39100.0,Put,29,100,19,76,76,▲+63.5,▲+508.00%,232,1172,1404,760,75,79,150,10.5
TXO,202606F2,20260612.0,39200.0,Call,-,-,-,-,4310,-,-,0,0,0,0,-,-,-,-
TXO,202606F2,20260612.0,39200.0,Put,21,100,18,80,80,▲+66.5,▲+492.59%,72,172,244,441,53,89,140,1.2
TXO,202606F2,20260612.0,39300.0,Call,-,-,-,-,4220,-,-,0,0,0,0,-,-,-,-
TXO,202606F2,20260612.0,39300.0,Put,23,106,19,85,85,▲+71,▲+507.14%,34,116,150,69,60,92,120,5
TXO,202606F2,20260612.0,39400.0,Call,-,-,-,-,4120,-,-,0,0,0,0,-,-,-,-
TXO,202606F2,20260612.0,39400.0,Put,40,112,22,90,90,▲+75,▲+500.00%,4,127,131,83,80,98,150,11
TXO,202606F2,20260612.0,39500.0,Call,-,-,-,-,4020,-,-,0,0,0,0,-,-,-,-
TXO,202606F2,20260612.0,39500.0,Put,25.5,119,23,99,95,▲+82,▲+482.35%,34,145,179,128,51,103,199,6
TXO,202606F2,20260612.0,39600.0,Call,-,-,-,-,3930,-,-,0,0,0,0,-,-,-,-
TXO,202606F2,20260612.0,39600.0,Put,31,123,31,95,95,▲+77,▲+427.78%,12,71,83,45,90,99,200,9.5
TXO,202606F2,20260612.0,39700.0,Call,-,-,-,-,3840,-,-,0,0,0,0,3800,-,-,-
TXO,202606F2,20260612.0,39700.0,Put,39.5,120,39.5,100,107,▲+81.5,▲+440.54%,12,71,83,59,93,116,238,10
TXO,202606F2,20260612.0,39800.0,Call,-,-,-,-,3740,-,-,0,0,0,0,-,-,-,-
TXO,202606F2,20260612.0,39800.0,Put,29,127,28.5,112,112,▲+93,▲+489.47%,9,92,101,87,65,110,260,7.1
TXO,202606F2,20260612.0,39900.0,Call,-,-,-,-,3650,-,-,0,0,0,0,-,-,-,-
TXO,202606F2,20260612.0,39900.0,Put,31,140,28,116,116,▲+95.5,▲+465.85%,15,155,170,225,61,140,190,8.5
TXO,202606F2,20260612.0,40000.0,Call,-,-,-,-,3550,-,-,0,0,0,0,3520,-,-,-
TXO,202606F2,20260612.0,40000.0,Put,50,149,24.5,120,120,▲+99,▲+471.43%,654,1518,2172,1390,119,126,700,9
TXO,202606F2,20260612.0,40100.0,Call,-,-,-,-,3460,-,-,0,0,0,0,-,-,-,-
TXO,202606F2,20260612.0,40100.0,Put,30,150,30,128,128,▲+106,▲+481.82%,15,89,104,142,125,144,298,20
TXO,202606F2,20260612.0,40200.0,Call,-,-,-,-,3370,-,-,0,0,0,0,-,-,-,-
TXO,202606F2,20260612.0,40200.0,Put,41,160,41,136,136,▲+111.5,▲+455.10%,19,135,154,178,111,170,590,14.5
TXO,202606F2,20260612.0,40300.0,Call,-,-,-,-,3270,-,-,0,0,0,0,-,-,-,-
TXO,202606F2,20260612.0,40300.0,Put,34.5,168,33,140,140,▲+115,▲+460.00%,36,91,127,71,130,155,238,14
TXO,202606F2,20260612.0,40400.0,Call,-,-,-,-,3180,-,-,0,0,0,0,2880,-,-,-
TXO,202606F2,20260612.0,40400.0,Put,44,179,44,155,155,▲+129,▲+496.15%,10,68,78,25,116,180,195,9.1
TXO,202606F2,20260612.0,40500.0,Call,-,-,-,-,3090,-,-,0,0,0,0,2800,-,-,-
TXO,202606F2,20260612.0,40500.0,Put,47.5,185,39,156,156,▲+128,▲+457.14%,112,440,552,281,123,153,443,9.2
TXO,202606F2,20260612.0,40600.0,Call,-,-,-,-,3000,-,-,0,0,0,0,-,-,-,-
TXO,202606F2,20260612.0,40600.0,Put,50,192,43,170,170,▲+139,▲+448.39%,40,108,148,52,161,195,320,22
TXO,202606F2,20260612.0,40700.0,Call,-,-,-,-,2910,-,-,0,0,0,0,2870,-,-,-
TXO,202606F2,20260612.0,40700.0,Put,61,205,50,171,177,▲+140,▲+451.61%,21,120,141,95,142,190,205,14
TXO,202606F2,20260612.0,40800.0,Call,-,-,-,-,2820,-,-,0,0,0,0,2520,-,-,-
TXO,202606F2,20260612.0,40800.0,Put,70,215,47,180,186,▲+149,▲+480.65%,32,224,256,83,162,280,300,0.4
TXO,202606F2,20260612.0,40900.0,Call,-,-,-,-,2730,-,-,0,0,0,0,2430,-,-,-
TXO,202606F2,20260612.0,40900.0,Put,53,228,50,188,197,▲+153.5,▲+444.93%,12,98,110,43,170,209,314,27.5
TXO,202606F2,20260612.0,41000.0,Call,-,-,-,-,2640,-,-,0,0,0,0,2340,-,-,-
TXO,202606F2,20260612.0,41000.0,Put,83,239,51,200,208,▲+164,▲+455.56%,266,724,990,429,198,201,411,16
TXO,202606F2,20260612.0,41100.0,Call,-,-,-,-,2550,-,-,0,0,0,0,2250,-,-,-
TXO,202606F2,20260612.0,41100.0,Put,99,228,57,210,218,▲+172,▲+452.63%,22,121,143,35,186,251,380,18
TXO,202606F2,20260612.0,41200.0,Call,-,-,-,-,2460,-,-,0,0,0,0,2420,-,-,-
TXO,202606F2,20260612.0,41200.0,Put,100,260,65,222,229,▲+181,▲+441.46%,30,156,186,71,221,250,333,15.5
TXO,202606F2,20260612.0,41300.0,Call,-,-,-,-,2370,-,-,0,0,0,0,-,-,-,-
TXO,202606F2,20260612.0,41300.0,Put,67,276,65,244,244,▲+201.5,▲+474.12%,25,94,119,40,200,277,995,18
TXO,202606F2,20260612.0,41400.0,Call,-,-,-,-,2280,-,-,0,0,0,0,1990,-,-,-
TXO,202606F2,20260612.0,41400.0,Put,135,289,70,258,258,▲+212,▲+460.87%,61,187,248,63,220,278,443,16
TXO,202606F2,20260612.0,41500.0,Call,-,-,-,-,2200,-,-,0,0,0,0,1900,-,-,-
TXO,202606F2,20260612.0,41500.0,Put,110,306,72,271,271,▲+223,▲+464.58%,69,317,386,182,255,319,550,18
TXO,202606F2,20260612.0,41600.0,Call,-,-,-,-,2110,-,-,0,0,0,0,1810,-,-,-
TXO,202606F2,20260612.0,41600.0,Put,94,303,79,286,286,▲+234,▲+450.00%,13,75,88,30,220,388,555,24.5
TXO,202606F2,20260612.0,41700.0,Call,-,-,-,-,2020,-,-,0,0,0,0,1730,-,-,-
TXO,202606F2,20260612.0,41700.0,Put,102,340,84,301,294,▲+243,▲+418.97%,24,141,165,53,218,800,430,50
TXO,202606F2,20260612.0,41800.0,Call,-,-,-,-,1940,-,-,0,0,0,0,-,-,-,-
TXO,202606F2,20260612.0,41800.0,Put,121,350,86,316,316,▲+256,▲+426.67%,34,169,203,63,234,330,555,31
TXO,202606F2,20260612.0,41900.0,Call,-,-,-,-,1860,-,-,0,0,0,0,1550,-,-,-
TXO,202606F2,20260612.0,41900.0,Put,99,370,99,332,332,▲+266,▲+403.03%,21,90,111,34,252,383,500,31.5
TXO,202606F2,20260612.0,42000.0,Call,1720,1720,1720,1720,1780,▼-1010,▼-37.00%,0,1,1,1,1470,1820,1720,1720
TXO,202606F2,20260612.0,42000.0,Put,150,395,100,340,347,▲+269,▲+378.87%,369,1127,1496,580,302,400,750,31
TXO,202606F2,20260612.0,42100.0,Call,-,-,-,-,1700,-,-,0,0,0,0,1400,-,-,-
TXO,202606F2,20260612.0,42100.0,Put,136,418,104,358,366,▲+283,▲+377.33%,19,101,120,58,28.5,401,670,42
TXO,202606F2,20260612.0,42200.0,Call,-,-,-,-,1620,-,-,0,0,0,0,1500,-,-,-
TXO,202606F2,20260612.0,42200.0,Put,200,406,126,377,385,▲+294,▲+354.22%,41,110,151,78,374,600,900,39.5
TXO,202606F2,20260612.0,42250.0,Call,-,-,-,-,1570,-,-,0,0,0,0,1460,1630,-,-
TXO,202606F2,20260612.0,42250.0,Put,129,500,129,400,400,▲+316,▲+376.19%,95,36,131,36,319,398,500,74
TXO,202606F2,20260612.0,42300.0,Call,1540,1540,1540,1540,1540,▼-910,▼-37.14%,0,1,1,1,1430,1620,1540,1540
TXO,202606F2,20260612.0,42300.0,Put,211,449,129,411,405,▲+324,▲+372.41%,35,115,150,67,346,460,1400,40
TXO,202606F2,20260612.0,42350.0,Call,-,-,-,-,1500,-,-,0,0,0,0,1420,1520,-,-
TXO,202606F2,20260612.0,42350.0,Put,140,444,140,417,417,▲+322,▲+338.95%,39,30,69,15,338,1000,600,49
TXO,202606F2,20260612.0,42400.0,Call,-,-,-,-,1460,-,-,0,0,0,0,1360,1480,-,-
TXO,202606F2,20260612.0,42400.0,Put,250,453,145,434,427,▲+339,▲+356.84%,27,295,322,117,383,-,2300,45
TXO,202606F2,20260612.0,42450.0,Call,-,-,-,-,1420,-,-,0,0,0,0,1340,-,-,-
TXO,202606F2,20260612.0,42450.0,Put,200,454,200,434,440,▲+336,▲+342.86%,6,71,77,13,420,-,454,50
TXO,202606F2,20260612.0,42500.0,Call,1260,1260,1260,1260,1380,▼-1000,▼-44.25%,0,1,1,1,1290,1450,1260,1260
TXO,202606F2,20260612.0,42500.0,Put,250,800,155,445,445,▲+343,▲+336.27%,86,278,364,159,436,500,990,46.5
TXO,202606F2,20260612.0,42550.0,Call,-,-,-,-,1340,-,-,0,0,0,0,1270,1370,2100,1110
TXO,202606F2,20260612.0,42550.0,Put,162,474,162,462,462,▲+356,▲+335.85%,6,32,38,26,341,550,474,95
TXO,202606F2,20260612.0,42600.0,Call,1730,1730,1730,1730,1310,▼-440,▼-20.28%,2,1,3,1,1230,1400,2230,1330
TXO,202606F2,20260612.0,42600.0,Put,183,540,183,476,476,▲+365,▲+328.83%,13,114,127,83,108,515,700,52
TXO,202606F2,20260612.0,42650.0,Call,-,-,-,-,1270,-,-,0,0,0,0,945,-,-,-
TXO,202606F2,20260612.0,42650.0,Put,178,489,159,489,489,▲+375,▲+328.95%,1,27,28,15,405,880,489,58
TXO,202606F2,20260612.0,42700.0,Call,1110,1130,1110,1130,1230,▼-950,▼-45.67%,1,2,3,1,990,-,2130,1110
TXO,202606F2,20260612.0,42700.0,Put,189,555,178,510,500,▲+391,▲+328.57%,85,141,226,89,479,565,2660,75
TXO,202606F2,20260612.0,42750.0,Call,-,-,-,-,1190,-,-,1,0,1,0,1110,-,2100,2100
TXO,202606F2,20260612.0,42750.0,Put,195,545,195,540,510,▲+421,▲+353.78%,30,15,45,16,427,785,2540,66
TXO,202606F2,20260612.0,42800.0,Call,1170,1170,1170,1170,1160,▼-820,▼-41.21%,0,1,1,1,1080,1180,1170,1170
TXO,202606F2,20260612.0,42800.0,Put,320,585,187,525,525,▲+395,▲+303.85%,16,189,205,70,505,635,1160,57
TXO,202606F2,20260612.0,42850.0,Call,-,-,-,-,1120,-,-,0,0,0,0,1050,-,-,-
TXO,202606F2,20260612.0,42850.0,Put,300,590,256,530,540,▲+398,▲+301.52%,0,19,19,18,520,675,1250,70
TXO,202606F2,20260612.0,42900.0,Call,1330,1330,970,970,1090,▼-930,▼-48.95%,1,3,4,9,945,-,1960,930
TXO,202606F2,20260612.0,42900.0,Put,259,590,193,560,560,▲+421,▲+302.88%,5,72,77,29,475,1500,1350,61
TXO,202606F2,20260612.0,42950.0,Call,-,-,-,-,1050,-,-,0,0,0,1,945,-,985,985
TXO,202606F2,20260612.0,42950.0,Put,277,600,190,565,565,▲+420,▲+289.66%,2,36,38,20,464,600,1280,73
TXO,202606F2,20260612.0,43000.0,Call,1200,1530,920,970,1020,▼-840,▼-46.41%,7,22,29,7,855,1070,1870,920
TXO,202606F2,20260612.0,43000.0,Put,400,650,192,570,590,▲+418,▲+275.00%,479,981,1460,752,570,700,1310,71
TXO,202606F2,20260612.0,43050.0,Call,-,-,-,-,985,-,-,0,0,0,1,910,-,920,920
TXO,202606F2,20260612.0,43050.0,Put,305,620,305,600,600,▲+447,▲+292.16%,7,16,23,16,505,-,620,100
TXO,202606F2,20260612.0,43100.0,Call,-,-,-,-,945,-,-,2,0,2,4,101,1010,3270,1220
TXO,202606F2,20260612.0,43100.0,Put,500,660,212,620,620,▲+456,▲+278.05%,12,69,81,39,450,655,1470,74
TXO,202606F2,20260612.0,43150.0,Call,-,-,-,-,915,-,-,0,0,0,0,16,-,-,-
TXO,202606F2,20260612.0,43150.0,Put,337,690,337,610,635,▲+440,▲+258.82%,7,26,33,21,610,-,1100,94
TXO,202606F2,20260612.0,43200.0,Call,780,860,730,855,885,▼-785,▼-47.87%,1,7,8,8,760,-,1730,730
TXO,202606F2,20260612.0,43200.0,Put,500,700,229,670,655,▲+491,▲+274.30%,24,112,136,68,497,1140,745,89
TXO,202606F2,20260612.0,43250.0,Call,865,865,745,820,855,▼-780,▼-48.75%,1,28,29,24,795,845,1660,745
TXO,202606F2,20260612.0,43250.0,Put,256,710,256,675,675,▲+488,▲+260.96%,5,23,28,18,535,-,1200,95
TXO,202606F2,20260612.0,43300.0,Call,830,830,700,800,820,▼-760,▼-48.72%,0,29,29,20,770,890,1400,700
TXO,202606F2,20260612.0,43300.0,Put,316,725,258,690,690,▲+497,▲+257.51%,20,70,90,99,605,690,735,88
TXO,202606F2,20260612.0,43350.0,Call,740,765,690,765,790,▼-755,▼-49.67%,3,7,10,7,625,1700,1510,690
TXO,202606F2,20260612.0,43350.0,Put,412,770,400,710,710,▲+507,▲+249.75%,0,127,127,69,595,815,1090,98
TXO,202606F2,20260612.0,43400.0,Call,725,770,645,730,760,▼-750,▼-50.68%,0,86,86,73,640,-,1340,645
TXO,202606F2,20260612.0,43400.0,Put,320,780,280,765,730,▲+556,▲+266.03%,26,74,100,83,675,745,980,97
TXO,202606F2,20260612.0,43450.0,Call,735,740,665,700,725,▼-730,▼-51.05%,0,47,47,28,610,-,985,665
TXO,202606F2,20260612.0,43450.0,Put,339,865,307,760,745,▲+541,▲+247.03%,0,199,199,156,615,-,865,100
TXO,202606F2,20260612.0,43500.0,Call,785,785,600,670,700,▼-720,▼-51.80%,17,83,100,61,555,900,2920,450
TXO,202606F2,20260612.0,43500.0,Put,550,860,305,785,770,▲+556,▲+242.79%,103,460,563,401,690,780,1020,103
TXO,202606F2,20260612.0,43550.0,Call,690,690,575,640,670,▼-710,▼-52.59%,1,29,30,18,535,730,1360,575
TXO,202606F2,20260612.0,43550.0,Put,371,805,371,805,790,▲+565,▲+235.42%,0,12,12,3,15.5,900,805,122
TXO,202606F2,20260612.0,43600.0,Call,1100,1100,540,615,640,▼-695,▼-53.05%,9,134,143,84,545,675,1370,450
TXO,202606F2,20260612.0,43600.0,Put,340,880,308,810,810,▲+560,▲+224.00%,13,112,125,91,750,855,900,126
TXO,202606F2,20260612.0,43650.0,Call,960,960,525,600,615,▼-670,▼-52.76%,0,11,11,8,500,705,960,525
TXO,202606F2,20260612.0,43650.0,Put,371,695,354,695,835,▲+435,▲+167.31%,8,10,18,15,705,885,695,123
TXO,202606F2,20260612.0,43700.0,Call,765,765,499,560,590,▼-670,▼-54.47%,0,76,76,49,545,640,2750,499
TXO,202606F2,20260612.0,43700.0,Put,373,900,350,900,860,▲+629,▲+232.10%,8,35,43,31,815,1150,1000,124
TXO,202606F2,20260612.0,43750.0,Call,895,895,468,510,560,▼-690,▼-57.50%,0,22,22,16,416,620,2710,468
TXO,202606F2,20260612.0,43750.0,Put,388,830,379,830,880,▲+547,▲+193.29%,0,12,12,10,840,1170,830,120
TXO,202606F2,20260612.0,43800.0,Call,670,820,439,510,540,▼-650,▼-56.03%,0,82,82,50,500,520,820,439
TXO,202606F2,20260612.0,43800.0,Put,595,890,500,890,910,▲+594,▲+200.68%,25,26,51,24,615,1190,1400,124
TXO,202606F2,20260612.0,43850.0,Call,630,630,422,484,510,▼-636,▼-56.79%,0,36,36,36,396,495,665,422
TXO,202606F2,20260612.0,43850.0,Put,445,995,409,950,930,▲+642,▲+208.44%,21,16,37,36,830,1060,995,189
TXO,202606F2,20260612.0,43900.0,Call,980,980,400,458,490,▼-622,▼-57.59%,2,113,115,74,453,680,980,400
TXO,202606F2,20260612.0,43900.0,Put,427,950,423,950,960,▲+630,▲+196.88%,46,65,111,61,785,-,1740,180
TXO,202606F2,20260612.0,43950.0,Call,805,805,456,456,456,▼-594,▼-56.57%,0,29,29,23,279,525,805,456
TXO,202606F2,20260612.0,43950.0,Put,570,1070,468,1030,980,▲+696,▲+208.38%,33,28,61,30,680,1110,1070,175
TXO,202606F2,20260612.0,44000.0,Call,690,780,350,420,440,▼-590,▼-58.42%,54,565,619,216,400,421,1380,300
TXO,202606F2,20260612.0,44000.0,Put,675,1070,40,1000,1010,▲+649,▲+184.90%,112,761,873,197,915,1020,1800,40
TXO,202606F2,20260612.0,44050.0,Call,471,474,401,401,416,▼-574,▼-58.87%,0,15,15,16,254,495,770,400
TXO,202606F2,20260612.0,44050.0,Put,705,705,705,705,1040,▲+342,▲+94.21%,24,1,25,20,775,1180,950,209
TXO,202606F2,20260612.0,44100.0,Call,725,725,320,371,395,▼-574,▼-60.74%,7,162,169,67,359,1000,865,320
TXO,202606F2,20260612.0,44100.0,Put,550,1190,472,1110,1070,▲+730,▲+192.11%,43,31,74,72,785,1300,1700,183
TXO,202606F2,20260612.0,44150.0,Call,760,760,296,350,371,▼-560,▼-61.54%,8,57,65,30,222,395,760,296
TXO,202606F2,20260612.0,44150.0,Put,520,715,520,715,1090,▲+320,▲+81.01%,8,3,11,3,15.5,1100,1600,425
TXO,202606F2,20260612.0,44200.0,Call,560,730,286,331,352,▼-544,▼-62.17%,27,118,145,73,301,365,905,283
TXO,202606F2,20260612.0,44200.0,Put,545,1190,510,1190,1120,▲+778,▲+188.83%,21,118,139,17,830,1180,1790,332
TXO,202606F2,20260612.0,44250.0,Call,540,620,263,320,331,▼-520,▼-61.90%,6,46,52,28,225,391,1390,263
TXO,202606F2,20260612.0,44250.0,Put,700,1310,700,1310,1150,▲+882,▲+206.07%,7,2,9,3,865,-,1310,232
TXO,202606F2,20260612.0,44300.0,Call,499,645,250,290,315,▼-515,▼-63.98%,3,172,175,65,286,300,1330,245
TXO,202606F2,20260612.0,44300.0,Put,650,1250,585,1250,1190,▲+805,▲+180.90%,153,55,208,138,1100,-,2060,211
TXO,202606F2,20260612.0,44350.0,Call,480,480,264,272,295,▼-508,▼-65.13%,3,31,34,14,189,-,1330,264
TXO,202606F2,20260612.0,44350.0,Put,625,785,625,785,1210,▲+320,▲+68.82%,7,3,10,13,980,1320,850,454
TXO,202606F2,20260612.0,44400.0,Call,460,670,230,257,277,▼-488,▼-65.50%,6,182,188,92,251,660,2190,230
TXO,202606F2,20260612.0,44400.0,Put,680,1150,550,1150,1250,▲+666,▲+137.60%,16,7,23,21,1180,1270,1150,201
TXO,202606F2,20260612.0,44450.0,Call,436,436,213,243,259,▼-472,▼-66.01%,5,31,36,25,186,280,705,213
TXO,202606F2,20260612.0,44450.0,Put,1300,1400,1300,1300,1280,▲+795,▲+157.43%,6,16,22,17,995,1430,1400,378
TXO,202606F2,20260612.0,44500.0,Call,411,580,196,222,242,▼-463,▼-67.59%,48,507,555,236,201,250,1370,180
TXO,202606F2,20260612.0,44500.0,Put,890,1490,655,1490,1310,▲+970,▲+186.54%,180,28,208,162,1220,1380,1810,224
TXO,202606F2,20260612.0,44550.0,Call,300,505,183,207,229,▼-453,▼-68.64%,10,157,167,84,201,250,850,183
TXO,202606F2,20260612.0,44550.0,Put,-,-,-,-,1350,-,-,4,0,4,25,1260,1490,2210,289
TXO,202606F2,20260612.0,44600.0,Call,378,520,173,189,211,▼-436,▼-69.76%,18,316,334,181,188,203,830,173
TXO,202606F2,20260612.0,44600.0,Put,660,1080,660,1080,1380,▲+515,▲+91.15%,15,22,37,32,1340,1390,1700,235
TXO,202606F2,20260612.0,44650.0,Call,359,500,162,179,197,▼-426,▼-70.41%,16,125,141,62,168,199,1960,162
TXO,202606F2,20260612.0,44650.0,Put,-,-,-,-,1420,-,-,0,0,0,6,1320,1500,1030,505
TXO,202606F2,20260612.0,44700.0,Call,340,496,150,168,185,▼-417,▼-71.28%,52,216,268,113,158,177,1080,150
TXO,202606F2,20260612.0,44700.0,Put,1360,1400,1360,1370,1450,▲+760,▲+124.59%,10,5,15,19,1400,1460,1980,324
TXO,202606F2,20260612.0,44750.0,Call,338,489,139,157,170,▼-398,▼-71.71%,9,61,70,18,143,590,1930,139
TXO,202606F2,20260612.0,44750.0,Put,1010,1440,1010,1440,1490,▲+800,▲+125.00%,0,4,4,2,1250,1520,1440,640
TXO,202606F2,20260612.0,44800.0,Call,307,400,127,144,158,▼-386,▼-72.83%,14,377,391,194,135,145,870,127
TXO,202606F2,20260612.0,44800.0,Put,885,1730,885,1700,1530,▲+1035,▲+155.64%,7,11,18,9,1470,1590,1730,284
TXO,202606F2,20260612.0,44850.0,Call,280,380,119,131,147,▼-374,▼-74.06%,15,55,70,16,75,750,575,119
TXO,202606F2,20260612.0,44850.0,Put,890,890,890,890,1570,▲+200,▲+28.99%,1,1,2,5,1460,1650,890,710
TXO,202606F2,20260612.0,44900.0,Call,260,398,113,122,137,▼-359,▼-74.64%,33,204,237,128,117,201,1220,113
TXO,202606F2,20260612.0,44900.0,Put,-,-,-,-,1610,-,-,5,0,5,23,1390,1770,1180,295
TXO,202606F2,20260612.0,44950.0,Call,250,346,103,103,125,▼-353,▼-77.41%,6,51,57,27,102,-,955,103
TXO,202606F2,20260612.0,44950.0,Put,-,-,-,-,1640,-,-,1,0,1,10,1550,1800,1150,369
TXO,202606F2,20260612.0,45000.0,Call,200,360,97,97,117,▼-333,▼-77.44%,207,1217,1424,588,96,118,1030,97
TXO,202606F2,20260612.0,45000.0,Put,1100,1870,1100,1870,1690,▲+1100,▲+142.86%,3,4,7,33,1410,1790,1870,308
TXO,202606F2,20260612.0,45050.0,Call,272,272,90,92,109,▼-321,▼-77.72%,10,152,162,89,90,385,855,90
TXO,202606F2,20260612.0,45050.0,Put,-,-,-,-,1730,-,-,1,0,1,5,1630,-,2800,810
TXO,202606F2,20260612.0,45100.0,Call,200,273,84,84,98,▼-308,▼-78.57%,20,254,274,174,81,102,1830,84
TXO,202606F2,20260612.0,45100.0,Put,-,-,-,-,1770,-,-,1,0,1,18,1650,1870,1870,344
TXO,202606F2,20260612.0,45150.0,Call,238,238,78,83,92,▼-288,▼-77.63%,11,70,81,45,72,-,800,61
TXO,202606F2,20260612.0,45150.0,Put,-,-,-,-,1810,-,-,1,0,1,5,1590,2010,875,825
TXO,202606F2,20260612.0,45200.0,Call,194,290,70,70,85,▼-282,▼-80.11%,25,357,382,185,58,88,1830,70
TXO,202606F2,20260612.0,45200.0,Put,1800,2000,1800,2000,1850,▲+1110,▲+124.72%,8,4,12,5,1790,1940,2000,820
TXO,202606F2,20260612.0,45250.0,Call,177,250,61,71,75,▼-262,▼-78.68%,7,200,207,93,60,75,1500,61
TXO,202606F2,20260612.0,45250.0,Put,-,-,-,-,1900,-,-,2,0,2,1,1770,2050,1050,935
TXO,202606F2,20260612.0,45300.0,Call,272,272,58,58,68,▼-254,▼-81.41%,11,360,371,195,59,68,715,58
TXO,202606F2,20260612.0,45300.0,Put,1180,1200,1180,1200,1940,▲+250,▲+26.32%,0,2,2,5,1790,-,1200,475
TXO,202606F2,20260612.0,45350.0,Call,120,140,49,49.5,66,▼-253.5,▼-83.66%,3,120,123,73,48,53,1700,49
TXO,202606F2,20260612.0,45350.0,Put,-,-,-,-,1990,-,-,0,0,0,4,1830,2010,1050,990
TXO,202606F2,20260612.0,45400.0,Call,151,234,50,50,56,▼-231,▼-82.21%,11,163,174,82,47.5,56,1080,50
TXO,202606F2,20260612.0,45400.0,Put,1200,1380,1200,1340,2030,▲+320,▲+31.37%,2,4,6,7,1900,2180,1580,575
TXO,202606F2,20260612.0,45450.0,Call,98,120,45,45,55,▼-220,▼-83.02%,3,76,79,44,36,55,1550,45
TXO,202606F2,20260612.0,45450.0,Put,1310,1310,1310,1310,2080,▲+260,▲+24.76%,0,1,1,2,1980,2160,1310,730
TXO,202606F2,20260612.0,45500.0,Call,115,192,41,43,51,▼-211,▼-83.07%,74,763,837,476,40,51,795,41
TXO,202606F2,20260612.0,45500.0,Put,-,-,-,-,2120,-,-,0,0,0,8,2030,2150,1940,500
TXO,202606F2,20260612.0,45550.0,Call,122,169,36.5,36.5,45,▼-198.5,▼-84.47%,39,106,145,75,36,45,303,36.5
TXO,202606F2,20260612.0,45550.0,Put,-,-,-,-,2170,-,-,0,0,0,1,2020,2320,870,870
TXO,202606F2,20260612.0,45600.0,Call,105,158,35,41,41,▼-181,▼-81.53%,21,190,211,109,30,42,745,35
TXO,202606F2,20260612.0,45600.0,Put,-,-,-,-,2210,-,-,0,0,0,1,1930,2240,1000,1000
TXO,202606F2,20260612.0,45650.0,Call,139,146,32,32,40.5,▼-176,▼-84.62%,10,60,70,41,30,46,900,32
TXO,202606F2,20260612.0,45650.0,Put,-,-,-,-,2260,-,-,0,0,0,0,3.5,-,-,-
TXO,202606F2,20260612.0,45700.0,Call,111,140,28,28,35,▼-168,▼-85.71%,20,181,201,87,27,35,1460,28
TXO,202606F2,20260612.0,45700.0,Put,-,-,-,-,2310,-,-,0,0,0,16,1870,-,1240,560
TXO,202606F2,20260612.0,45750.0,Call,127,127,26,26,33.5,▼-156,▼-85.71%,18,86,104,61,16.5,35,900,26
TXO,202606F2,20260612.0,45750.0,Put,-,-,-,-,2350,-,-,0,0,0,0,3.5,-,1000,580
TXO,202606F2,20260612.0,45800.0,Call,87,122,25,25,31,▼-148,▼-85.55%,20,338,358,174,20,31,1430,25
TXO,202606F2,20260612.0,45800.0,Put,1850,1850,1850,1850,2400,▲+540,▲+41.22%,0,1,1,6,15.5,5780,1850,1000
TXO,202606F2,20260612.0,45850.0,Call,55,110,23.5,23.5,28.5,▼-137.5,▼-85.40%,10,93,103,69,18,28.5,870,23.5
TXO,202606F2,20260612.0,45850.0,Put,-,-,-,-,2450,-,-,0,0,0,15,15.5,-,1050,615
TXO,202606F2,20260612.0,45900.0,Call,77,109,19,19,25,▼-128,▼-87.07%,30,211,241,187,18,25,825,19
TXO,202606F2,20260612.0,45900.0,Put,-,-,-,-,2500,-,-,0,0,0,1,15,-,1430,635
TXO,202606F2,20260612.0,45950.0,Call,77,77,18,18,24,▼-128,▼-87.67%,21,80,101,74,6.3,24,1050,18
TXO,202606F2,20260612.0,45950.0,Put,-,-,-,-,2540,-,-,0,0,0,8,3.5,-,1150,655
TXO,202606F2,20260612.0,46000.0,Call,71,99,14.5,15,22.5,▼-121,▼-88.97%,369,1323,1692,882,6,19,1120,14.5
TXO,202606F2,20260612.0,46000.0,Put,-,-,-,-,2590,-,-,2,0,2,5,3.5,-,2000,675
TXO,202606F2,20260612.0,46050.0,Call,69,69,19.5,20,20,▼-105,▼-84.00%,8,187,195,66,1.7,21,1000,19.5
TXO,202606F2,20260612.0,46050.0,Put,-,-,-,-,2640,-,-,0,0,0,13,3.5,-,1200,695
TXO,202606F2,20260612.0,46100.0,Call,60,77,15.5,15.5,18.5,▼-101.5,▼-86.75%,35,95,130,73,2,45,1060,15.5
TXO,202606F2,20260612.0,46100.0,Put,-,-,-,-,2690,-,-,0,0,0,5,3.5,-,720,720
TXO,202606F2,20260612.0,46150.0,Call,42,77,15,15,17,▼-94,▼-86.24%,26,58,84,27,5,17,120,15
TXO,202606F2,20260612.0,46150.0,Put,-,-,-,-,2740,-,-,0,0,0,0,3.5,-,-,-
TXO,202606F2,20260612.0,46200.0,Call,40,66,9.3,9.3,15.5,▼-92.7,▼-90.88%,57,187,244,142,6.4,13.5,1170,9.3
TXO,202606F2,20260612.0,46200.0,Put,-,-,-,-,2780,-,-,0,0,0,0,3.5,-,-,-
TXO,202606F2,20260612.0,46250.0,Call,7.9,37,7.9,11,13.5,▼-85,▼-88.54%,30,90,120,90,8.1,13.5,775,1.3
TXO,202606F2,20260612.0,46250.0,Put,-,-,-,-,2830,-,-,0,0,0,5,3.5,-,785,785
TXO,202606F2,20260612.0,46300.0,Call,30,62,12,12,12,▼-73,▼-85.88%,46,151,197,158,8.8,59,1140,12
TXO,202606F2,20260612.0,46300.0,Put,2800,2800,2800,2800,2880,▲+1070,▲+61.85%,0,1,1,2,15,-,2800,755
TXO,202606F2,20260612.0,46350.0,Call,52,52,15,16,11,▼-67,▼-80.72%,4,74,78,50,4,11,740,15
TXO,202606F2,20260612.0,46350.0,Put,-,-,-,-,2930,-,-,0,0,0,8,15,-,1000,830
TXO,202606F2,20260612.0,46400.0,Call,50,50,11,11,11,▼-62,▼-84.93%,5,84,89,57,3.9,62,920,11
TXO,202606F2,20260612.0,46400.0,Put,-,-,-,-,2980,-,-,0,0,0,10,15,-,1010,855
TXO,202606F2,20260612.0,46450.0,Call,40,45,7.4,7.4,9.1,▼-64.6,▼-89.72%,2,70,72,55,5.9,35,885,7.4
TXO,202606F2,20260612.0,46450.0,Put,-,-,-,-,3030,-,-,0,0,0,11,3.5,-,1010,835
TXO,202606F2,20260612.0,46500.0,Call,33.5,46.5,8,8.4,8.4,▼-54.6,▼-86.67%,34,517,551,548,5.5,8.9,875,8
TXO,202606F2,20260612.0,46500.0,Put,-,-,-,-,3080,-,-,0,0,0,1,3.5,-,1930,1000
TXO,202606F2,20260612.0,46550.0,Call,33,35.5,8.3,8.3,8.3,▼-54.7,▼-86.83%,5,57,62,27,5.5,10.5,960,8.3
TXO,202606F2,20260612.0,46550.0,Put,-,-,-,-,3130,-,-,0,0,0,0,3.5,-,-,-
TXO,202606F2,20260612.0,46600.0,Call,27.5,36,7.3,7.3,7.3,▼-50.7,▼-87.41%,23,211,234,92,4,10,930,7.3
TXO,202606F2,20260612.0,46600.0,Put,-,-,-,-,3180,-,-,1,0,1,2,3.5,-,3030,940
TXO,202606F2,20260612.0,46650.0,Call,17,21.5,9.5,9.5,7.3,▼-40.5,▼-81.00%,3,64,67,34,2.4,11,910,9.5
TXO,202606F2,20260612.0,46650.0,Put,-,-,-,-,3230,-,-,0,0,0,0,3.5,-,-,-
TXO,202606F2,20260612.0,46700.0,Call,20,33,7,7.5,6.7,▼-40.5,▼-84.38%,29,114,143,104,1.9,8.9,910,7
TXO,202606F2,20260612.0,46700.0,Put,-,-,-,-,3280,-,-,0,0,0,2,3.5,-,1320,905
TXO,202606F2,20260612.0,46750.0,Call,19,26,7.6,7.6,6.1,▼-38.9,▼-83.66%,7,24,31,21,2.6,-,105,7.6
TXO,202606F2,20260612.0,46750.0,Put,-,-,-,-,3330,-,-,0,0,0,0,3.5,-,1550,1210
TXO,202606F2,20260612.0,46800.0,Call,20,24.5,5.6,5.6,5.6,▼-37.4,▼-86.98%,9,68,77,51,5.5,10,865,5.6
TXO,202606F2,20260612.0,46800.0,Put,-,-,-,-,3380,-,-,0,0,0,1,15,-,1080,1080
TXO,202606F2,20260612.0,46850.0,Call,17.5,17.5,5.5,5.5,5.5,▼-34.5,▼-86.25%,1,79,80,76,5.2,56,710,5.5
TXO,202606F2,20260612.0,46850.0,Put,-,-,-,-,3430,-,-,0,0,0,0,15,-,-,-
TXO,202606F2,20260612.0,46900.0,Call,21,21,8.8,10,5.2,▼-27,▼-72.97%,20,208,228,193,4.8,13,760,8.8
TXO,202606F2,20260612.0,46900.0,Put,-,-,-,-,3470,-,-,0,0,0,1,15,-,1130,1020
TXO,202606F2,20260612.0,46950.0,Call,16.5,16.5,8,8,4.9,▼-26,▼-76.47%,13,53,66,46,1.5,-,109,8
TXO,202606F2,20260612.0,46950.0,Put,-,-,-,-,3520,-,-,0,0,0,0,3.5,-,-,-
TXO,202606F2,20260612.0,47000.0,Call,17,21.5,5,5,4.7,▼-24,▼-82.76%,120,324,444,408,4.1,5.9,840,2.2
TXO,202606F2,20260612.0,47000.0,Put,-,-,-,-,3570,-,-,0,0,0,1,-,-,1060,1060
TXO,202606F2,20260612.0,47050.0,Call,13.5,14,10.5,10.5,4.4,▼-18.5,▼-63.79%,1,19,20,15,1.6,10.5,500,10.5
TXO,202606F2,20260612.0,47050.0,Put,-,-,-,-,3620,-,-,0,0,0,0,-,-,-,-
TXO,202606F2,20260612.0,47100.0,Call,13,13,9,9,4.2,▼-18,▼-66.67%,4,44,48,27,3,9.9,735,9
TXO,202606F2,20260612.0,47100.0,Put,-,-,-,-,3670,-,-,0,0,0,0,-,-,1900,1460
TXO,202606F2,20260612.0,47150.0,Call,10.5,11,3.5,3.5,4,▼-21.5,▼-86.00%,2,29,31,16,1.3,9.9,27.5,3.5
TXO,202606F2,20260612.0,47150.0,Put,-,-,-,-,3720,-,-,0,0,0,0,-,-,-,-
TXO,202606F2,20260612.0,47200.0,Call,13,13,3.7,3.7,3.7,▼-19.3,▼-83.91%,6,59,65,52,2,9.5,685,3.7
TXO,202606F2,20260612.0,47200.0,Put,-,-,-,-,3770,-,-,0,0,0,3,-,-,1180,1170
TXO,202606F2,20260612.0,47250.0,Call,8,8.3,5.8,6.5,3.6,▼-14.5,▼-69.05%,6,16,22,31,1.6,108,174,5.8
TXO,202606F2,20260612.0,47250.0,Put,-,-,-,-,3820,-,-,0,0,0,0,-,-,-,-
TXO,202606F2,20260612.0,47300.0,Call,7.6,9.8,0.4,2.5,3.4,▼-17,▼-87.18%,7,42,49,38,0.6,2.5,600,0.4
TXO,202606F2,20260612.0,47300.0,Put,-,-,-,-,3870,-,-,0,0,0,0,-,-,-,-
TXO,202606F2,20260612.0,47350.0,Call,9.8,9.8,6.5,6.5,3.3,▼-11,▼-62.86%,7,9,16,10,1.4,17,256,5
TXO,202606F2,20260612.0,47350.0,Put,-,-,-,-,3920,-,-,0,0,0,0,-,-,-,-
TXO,202606F2,20260612.0,47400.0,Call,8.9,8.9,7.5,7.5,3.2,▼-8.5,▼-53.13%,3,4,7,16,1.7,106,205,2
TXO,202606F2,20260612.0,47400.0,Put,-,-,-,-,3970,-,-,0,0,0,0,15,-,-,-
TXO,202606F2,20260612.0,47450.0,Call,3.1,3.1,1.7,1.7,3.2,▼-13.3,▼-88.67%,0,15,15,17,0.4,2.2,223,1.7
TXO,202606F2,20260612.0,47450.0,Put,-,-,-,-,4020,-,-,0,0,0,0,15,-,-,-
TXO,202606F2,20260612.0,47500.0,Call,4,6.5,1.4,1.4,3.1,▼-11.1,▼-88.80%,14,421,435,423,1.3,1.4,650,1.4
TXO,202606F2,20260612.0,47500.0,Put,-,-,-,-,4070,-,-,0,0,0,0,15,-,-,-
TXO,202606F2,20260612.0,47550.0,Call,4.5,5.5,1.7,1.7,3.1,▼-10.8,▼-86.40%,0,76,76,76,0.6,1.8,5.5,1.7
TXO,202606F2,20260612.0,47550.0,Put,-,-,-,-,4120,-,-,0,0,0,0,16,-,-,-
TXO,202606F2,20260612.0,47600.0,Call,5.1,5.3,1.5,1.5,3.1,▼-10,▼-86.96%,5,40,45,45,1,1.6,451,1.5
TXO,202606F2,20260612.0,47600.0,Put,-,-,-,-,4170,-,-,0,0,0,0,15,-,-,-
TXO,202606F2,20260612.0,47650.0,Call,3,3,1.3,1.4,3,▼-9.1,▼-86.67%,2,58,60,61,0.7,1.5,238,1.3
TXO,202606F2,20260612.0,47650.0,Put,-,-,-,-,4220,-,-,0,0,0,0,-,-,-,-
TXO,202606F2,20260612.0,47700.0,Call,3.4,3.4,3,3,3,▼-6.5,▼-68.42%,21,2,23,8,0.9,1.5,413,0.1
TXO,202606F2,20260612.0,47700.0,Put,-,-,-,-,4270,-,-,0,0,0,2,-,-,1580,1570
TXO,202606F2,20260612.0,47750.0,Call,-,-,-,-,2.8,-,-,1,0,1,5,-,1.6,90,5
TXO,202606F2,20260612.0,47750.0,Put,-,-,-,-,4320,-,-,0,0,0,0,-,-,-,-
TXO,202606F2,20260612.0,47800.0,Call,-,-,-,-,2.7,-,-,0,0,0,66,-,1.4,280,8.5
TXO,202606F2,20260612.0,47800.0,Put,-,-,-,-,4370,-,-,0,0,0,0,-,-,-,-
TXO,202606F2,20260612.0,47850.0,Call,-,-,-,-,2.5,-,-,5,0,5,7,-,1.4,29.5,2.9
TXO,202606F2,20260612.0,47850.0,Put,-,-,-,-,4420,-,-,0,0,0,0,-,-,-,-
TXO,202606F2,20260612.0,47900.0,Call,1,1,1,1,2.4,▼-5.5,▼-84.62%,0,1,1,4,-,1,403,1
TXO,202606F2,20260612.0,47900.0,Put,-,-,-,-,4470,-,-,0,0,0,0,-,-,-,-
TXO,202606F2,20260612.0,48000.0,Call,9.9,9.9,1,1,2.1,▼-5,▼-83.33%,37,94,131,139,0.3,1.1,430,1
TXO,202606F2,20260612.0,48000.0,Put,-,-,-,-,4570,-,-,0,0,0,0,-,-,-,-
TXO,202606F2,20260612.0,48100.0,Call,-,-,-,-,1.9,-,-,2,0,2,15,-,6,381,2
TXO,202606F2,20260612.0,48100.0,Put,-,-,-,-,4670,-,-,0,0,0,0,-,-,-,-
TXO,202606F2,20260612.0,48200.0,Call,-,-,-,-,1.8,-,-,2,0,2,6,0.8,8,300,1.5
TXO,202606F2,20260612.0,48200.0,Put,-,-,-,-,4770,-,-,0,0,0,3,-,-,1840,1830
TXO,202606F2,20260612.0,48300.0,Call,-,-,-,-,1.8,-,-,0,0,0,11,-,5.8,285,20
TXO,202606F2,20260612.0,48300.0,Put,-,-,-,-,4870,-,-,0,0,0,0,-,-,-,-
TXO,202606F2,20260612.0,48400.0,Call,-,-,-,-,1.7,-,-,0,0,0,3,-,11.5,279,0.4
TXO,202606F2,20260612.0,48400.0,Put,-,-,-,-,4970,-,-,0,0,0,0,15,-,-,-
TXO,202606F2,20260612.0,48500.0,Call,1.2,1.2,1.2,1.2,1.6,▼-0.2,▼-14.29%,381,1,382,1004,-,2.8,279,1
TXO,202606F2,20260612.0,48500.0,Put,-,-,-,-,5070,-,-,0,0,0,0,15,-,-,-
TXO,202606F2,20260612.0,48600.0,Call,3.7,3.7,0.3,0.3,1.6,▼-0.7,▼-70.00%,2,3,5,44,-,101,300,0.3
TXO,202606F2,20260612.0,48600.0,Put,-,-,-,-,5170,-,-,0,0,0,0,15,-,-,-
TXO,202606F2,20260612.0,48700.0,Call,-,-,-,-,1.5,-,-,21,0,21,61,-,101,108,1
TXO,202606F2,20260612.0,48700.0,Put,-,-,-,-,5270,-,-,0,0,0,0,15,-,-,-
TXO,202606F2,20260612.0,48800.0,Call,-,-,-,-,1.5,-,-,1,0,1,24,-,101,228,1
TXO,202606F2,20260612.0,48800.0,Put,-,-,-,-,5370,-,-,0,0,0,0,15,-,-,-
TXO,202606F2,20260612.0,48900.0,Call,-,-,-,-,1.4,-,-,0,0,0,2,-,101,218,0.5
TXO,202606F2,20260612.0,48900.0,Put,-,-,-,-,5470,-,-,0,0,0,0,-,-,-,-
TXO,202606F2,20260612.0,49000.0,Call,-,-,-,-,1.4,-,-,1,0,1,502,0.1,2.4,206,0.3
TXO,202606F2,20260612.0,49000.0,Put,-,-,-,-,5570,-,-,0,0,0,0,-,-,-,-
TXO,202606F2,20260612.0,49100.0,Call,1,1,1,1,1.3,▲+0.6,▲+150.00%,0,1,1,28,-,101,206,1
TXO,202606F2,20260612.0,49100.0,Put,-,-,-,-,5670,-,-,0,0,0,0,-,-,-,-
TXO,202606F2,20260612.0,49200.0,Call,-,-,-,-,1.3,-,-,0,0,0,10,-,101,195,0.1
TXO,202606F2,20260612.0,49200.0,Put,-,-,-,-,5770,-,-,0,0,0,0,-,-,-,-
TXO,202606F2,20260612.0,49300.0,Call,-,-,-,-,1.2,-,-,0,0,0,8,-,-,157,2.4
TXO,202606F2,20260612.0,49300.0,Put,-,-,-,-,5870,-,-,0,0,0,0,-,-,-,-
TXO,202606F2,20260612.0,49400.0,Call,-,-,-,-,1.2,-,-,0,0,0,0,-,-,-,-
TXO,202606F2,20260612.0,49400.0,Put,-,-,-,-,5970,-,-,0,0,0,0,-,-,-,-
TXO,202606F2,20260612.0,49500.0,Call,-,-,-,-,1.2,-,-,0,0,0,3,-,-,98,2.1
TXO,202606F2,20260612.0,49500.0,Put,-,-,-,-,6070,-,-,0,0,0,0,-,-,-,-
TXO,202606F2,20260612.0,49600.0,Call,-,-,-,-,1.1,-,-,0,0,0,9,-,101,105,1
TXO,202606F2,20260612.0,49600.0,Put,-,-,-,-,6170,-,-,0,0,0,0,-,-,-,-
TXO,202606F2,20260612.0,49700.0,Call,-,-,-,-,1.1,-,-,0,0,0,6,-,-,32.5,2.8
TXO,202606F2,20260612.0,49700.0,Put,-,-,-,-,6270,-,-,0,0,0,0,-,-,-,-
TXO,202606F2,20260612.0,49800.0,Call,-,-,-,-,1.1,-,-,0,0,0,2,-,-,128,8.2
TXO,202606F2,20260612.0,49800.0,Put,-,-,-,-,6370,-,-,0,0,0,0,-,-,-,-
TXO,202606F2,20260612.0,49900.0,Call,-,-,-,-,1,-,-,0,0,0,27,-,-,116,2
TXO,202606F2,20260612.0,49900.0,Put,-,-,-,-,6470,-,-,0,0,0,0,-,-,-,-
TXO,202606F2,20260612.0,50000.0,Call,1,1,1,1,1,▲+0.9,-,7,5,12,73,-,6.5,100,0.2
TXO,202606F2,20260612.0,50000.0,Put,-,-,-,-,6570,-,-,0,0,0,0,-,-,-,-
TXO,202606F2,20260612.0,50100.0,Call,-,-,-,-,0.9,-,-,1,0,1,7,-,25,73,0.2
TXO,202606F2,20260612.0,50100.0,Put,-,-,-,-,6670,-,-,0,0,0,0,-,-,-,-
TXO,202606F2,20260612.0,50200.0,Call,-,-,-,-,0.7,-,-,0,0,0,24,-,0.1,92,12
TXO,202606F2,20260612.0,50200.0,Put,-,-,-,-,6770,-,-,0,0,0,0,-,-,-,-
TXO,202606F2,20260612.0,50300.0,Call,-,-,-,-,0.6,-,-,0,0,0,5,-,-,9,9
TXO,202606F2,20260612.0,50300.0,Put,-,-,-,-,6870,-,-,0,0,0,0,-,-,-,-
TXO,202606F2,20260612.0,50400.0,Call,-,-,-,-,0.6,-,-,0,0,0,0,-,-,21,9.5
TXO,202606F2,20260612.0,50400.0,Put,-,-,-,-,6970,-,-,0,0,0,0,-,-,-,-
TXO,202606F2,20260612.0,50500.0,Call,-,-,-,-,0.5,-,-,0,0,0,0,-,-,13.5,10.5
TXO,202606F2,20260612.0,50500.0,Put,-,-,-,-,7070,-,-,0,0,0,0,-,-,-,-
TXO,202606F2,20260612.0,50600.0,Call,-,-,-,-,0.4,-,-,0,0,0,0,-,-,-,-
TXO,202606F2,20260612.0,50600.0,Put,-,-,-,-,7170,-,-,0,0,0,0,-,-,-,-
TXO,202606F2,20260612.0,50700.0,Call,-,-,-,-,0.4,-,-,0,0,0,0,-,-,-,-
TXO,202606F2,20260612.0,50700.0,Put,-,-,-,-,7270,-,-,0,0,0,0,-,-,-,-
TXO,202606F2,20260612.0,50800.0,Call,-,-,-,-,0.3,-,-,0,0,0,0,-,-,-,-
TXO,202606F2,20260612.0,50800.0,Put,-,-,-,-,7370,-,-,0,0,0,0,-,-,-,-
TXO,202606F2,20260612.0,50900.0,Call,-,-,-,-,0.3,-,-,0,0,0,0,-,-,-,-
TXO,202606F2,20260612.0,50900.0,Put,-,-,-,-,7470,-,-,0,0,0,0,-,-,-,-
TXO,202606F2,20260612.0,51000.0,Call,-,-,-,-,0.2,-,-,5,0,5,6,-,-,9.1,0.2
TXO,202606F2,20260612.0,51000.0,Put,-,-,-,-,7570,-,-,0,0,0,0,-,-,-,-
TXO,202606F2,20260612.0,51100.0,Call,-,-,-,-,0.2,-,-,3,0,3,4,-,5,11,0.2
TXO,202606F2,20260612.0,51100.0,Put,-,-,-,-,7670,-,-,0,0,0,0,-,-,-,-
TXO,202606F2,20260612.0,51200.0,Call,-,-,-,-,0.2,-,-,0,0,0,20,0.1,101,17.5,11.5
TXO,202606F2,20260612.0,51200.0,Put,-,-,-,-,7770,-,-,0,0,0,0,-,-,-,-
TXO,202606,20260617.0,20200.0,Call,23550,23550,23440,23440,23220,▼-1020,▼-4.17%,2,2,4,364,-,23470,26710,7850
TXO,202606,20260617.0,20200.0,Put,0.5,0.6,0.3,0.5,0.1,▲+0.4,-,284,65,349,4736,-,0.5,485,0.1
TXO,202606,20260617.0,20400.0,Call,-,-,-,-,23020,-,-,0,0,0,3,-,23310,24570,7720
TXO,202606,20260617.0,20400.0,Put,-,-,-,-,0.1,-,-,44,0,44,557,-,2,371,0.1
TXO,202606,20260617.0,20600.0,Call,-,-,-,-,22820,-,-,0,0,0,1,22550,23110,8550,8550
TXO,202606,20260617.0,20600.0,Put,-,-,-,-,0.1,-,-,40,0,40,314,-,10,399,0.2
TXO,202606,20260617.0,20800.0,Call,-,-,-,-,22620,-,-,0,0,0,1,22350,22910,8360,8360
TXO,202606,20260617.0,20800.0,Put,-,-,-,-,0.1,-,-,11,0,11,461,-,6,377,0.3
TXO,202606,20260617.0,21000.0,Call,-,-,-,-,22420,-,-,0,0,0,2,22150,22710,8170,7160
TXO,202606,20260617.0,21000.0,Put,-,-,-,-,0.1,-,-,21,0,21,307,-,97,460,0.2
TXO,202606,20260617.0,21200.0,Call,-,-,-,-,22220,-,-,0,0,0,1,21950,22510,15390,10980
TXO,202606,20260617.0,21200.0,Put,0.3,0.3,0.3,0.3,0.1,0,0%,22,1,23,82,-,10.5,427,0.2
TXO,202606,20260617.0,21400.0,Call,-,-,-,-,22020,-,-,0,0,0,0,21750,22310,-,-
TXO,202606,20260617.0,21400.0,Put,-,-,-,-,0.1,-,-,0,0,0,20,-,10.5,350,0.3
TXO,202606,20260617.0,21600.0,Call,-,-,-,-,21820,-,-,0,0,0,0,21550,22110,-,-
TXO,202606,20260617.0,21600.0,Put,-,-,-,-,0.1,-,-,0,0,0,11,-,10.5,580,5
TXO,202606,20260617.0,21800.0,Call,-,-,-,-,21620,-,-,0,0,0,2,21350,21910,24820,15750
TXO,202606,20260617.0,21800.0,Put,-,-,-,-,0.1,-,-,0,0,0,18,-,10.5,610,0.2
TXO,202606,20260617.0,22000.0,Call,-,-,-,-,21420,-,-,0,0,0,1,21150,21710,6050,6050
TXO,202606,20260617.0,22000.0,Put,1,1,1,1,0.1,▲+0.3,▲+42.86%,14,20,34,309,-,2,690,0.2
TXO,202606,20260617.0,22200.0,Call,-,-,-,-,21220,-,-,0,0,0,1,20950,21510,5090,5090
TXO,202606,20260617.0,22200.0,Put,-,-,-,-,0.1,-,-,0,0,0,10,-,10.5,665,0.3
TXO,202606,20260617.0,22400.0,Call,-,-,-,-,21020,-,-,0,0,0,0,20750,21310,-,-
TXO,202606,20260617.0,22400.0,Put,-,-,-,-,0.1,-,-,0,0,0,44,-,98,720,3
TXO,202606,20260617.0,22600.0,Call,-,-,-,-,20820,-,-,0,0,0,0,20550,21110,19870,9040
TXO,202606,20260617.0,22600.0,Put,-,-,-,-,0.1,-,-,0,0,0,115,-,10.5,720,2
TXO,202606,20260617.0,22800.0,Call,-,-,-,-,20620,-,-,0,0,0,1,20350,20870,19940,3620
TXO,202606,20260617.0,22800.0,Put,-,-,-,-,0.2,-,-,0,0,0,65,-,10.5,800,0.2
TXO,202606,20260617.0,23000.0,Call,-,-,-,-,20420,-,-,0,0,0,1,20150,20670,5150,5150
TXO,202606,20260617.0,23000.0,Put,1,1,1,1,0.2,▲+0.2,▲+25.00%,0,1,1,90,-,10.5,880,0.2
TXO,202606,20260617.0,23200.0,Call,-,-,-,-,20220,-,-,0,0,0,0,19950,20510,-,-
TXO,202606,20260617.0,23200.0,Put,-,-,-,-,0.2,-,-,2,0,2,60,-,10.5,885,0.3
TXO,202606,20260617.0,23400.0,Call,-,-,-,-,20020,-,-,0,0,0,0,19750,20310,-,-
TXO,202606,20260617.0,23400.0,Put,-,-,-,-,0.3,-,-,0,0,0,12,-,10.5,1000,0.3
TXO,202606,20260617.0,23600.0,Call,-,-,-,-,19820,-,-,0,0,0,2,19550,20110,18920,8110
TXO,202606,20260617.0,23600.0,Put,1.5,2.3,0.3,1.1,0.4,▲+0.2,▲+22.22%,1,45,46,54,0.5,2.3,1050,0.1
TXO,202606,20260617.0,23800.0,Call,-,-,-,-,19620,-,-,0,0,0,1,-,19910,15590,3570
TXO,202606,20260617.0,23800.0,Put,-,-,-,-,0.4,-,-,1,0,1,211,-,11,1100,0.3
TXO,202606,20260617.0,24000.0,Call,-,-,-,-,19420,-,-,0,0,0,0,-,19710,-,-
TXO,202606,20260617.0,24000.0,Put,-,-,-,-,0.5,-,-,3,0,3,226,-,11,1150,0.2
TXO,202606,20260617.0,24200.0,Call,-,-,-,-,19220,-,-,0,0,0,0,-,19510,-,-
TXO,202606,20260617.0,24200.0,Put,-,-,-,-,0.6,-,-,0,0,0,4,-,11,1100,0.2
TXO,202606,20260617.0,24400.0,Call,-,-,-,-,19020,-,-,0,0,0,0,-,19310,4750,3560
TXO,202606,20260617.0,24400.0,Put,-,-,-,-,0.8,-,-,0,0,0,49,-,11,1260,0.8
TXO,202606,20260617.0,24600.0,Call,-,-,-,-,18820,-,-,0,0,0,0,-,19110,-,-
TXO,202606,20260617.0,24600.0,Put,1,1,1,1,1,0,0%,0,13,13,37,-,11,1070,0.2
TXO,202606,20260617.0,24800.0,Call,-,-,-,-,18620,-,-,0,0,0,0,-,18910,-,-
TXO,202606,20260617.0,24800.0,Put,-,-,-,-,1.1,-,-,5,0,5,44,-,11,1100,0.9
TXO,202606,20260617.0,25000.0,Call,-,-,-,-,18420,-,-,0,0,0,0,18160,18710,3300,2990
TXO,202606,20260617.0,25000.0,Put,1.5,1.5,1.3,1.3,1.3,▲+0.3,▲+30.00%,5,400,405,656,1,5,1410,0.2
TXO,202606,20260617.0,25200.0,Call,-,-,-,-,18220,-,-,0,0,0,0,17960,18510,-,-
TXO,202606,20260617.0,25200.0,Put,-,-,-,-,1.4,-,-,0,0,0,38,-,3,815,0.2
TXO,202606,20260617.0,25400.0,Call,-,-,-,-,18020,-,-,0,0,0,1,17760,18310,3190,3190
TXO,202606,20260617.0,25400.0,Put,-,-,-,-,1.5,-,-,0,0,0,12,-,11,1310,2.8
TXO,202606,20260617.0,25600.0,Call,-,-,-,-,17820,-,-,0,0,0,1,17560,18110,4580,1780
TXO,202606,20260617.0,25600.0,Put,1,1,1,1,1.5,▼-0.2,▼-16.67%,0,1,1,39,-,11,1120,0.1
TXO,202606,20260617.0,25800.0,Call,-,-,-,-,17620,-,-,0,0,0,1,17360,17910,3280,1920
TXO,202606,20260617.0,25800.0,Put,-,-,-,-,1.6,-,-,0,0,0,61,-,11,1500,0.2
TXO,202606,20260617.0,26000.0,Call,-,-,-,-,17420,-,-,0,0,0,0,17160,17710,7200,1700
TXO,202606,20260617.0,26000.0,Put,-,-,-,-,1.6,-,-,4,0,4,199,-,2,1810,0.2
TXO,202606,20260617.0,26200.0,Call,-,-,-,-,17220,-,-,0,0,0,2,16960,17500,5200,1450
TXO,202606,20260617.0,26200.0,Put,-,-,-,-,1.6,-,-,0,0,0,46,-,11.5,1700,0.2
TXO,202606,20260617.0,26400.0,Call,-,-,-,-,17020,-,-,0,0,0,2,16760,17300,9620,1320
TXO,202606,20260617.0,26400.0,Put,-,-,-,-,1.6,-,-,0,0,0,37,-,11.5,1960,0.4
TXO,202606,20260617.0,26600.0,Call,-,-,-,-,16820,-,-,0,0,0,10,16560,17100,9140,1250
TXO,202606,20260617.0,26600.0,Put,-,-,-,-,1.6,-,-,1,0,1,16,0.1,11.5,1940,0.8
TXO,202606,20260617.0,26800.0,Call,-,-,-,-,16620,-,-,0,0,0,1,16360,16900,5300,1750
TXO,202606,20260617.0,26800.0,Put,-,-,-,-,1.6,-,-,0,0,0,32,0.1,11.5,2120,0.1
TXO,202606,20260617.0,26900.0,Call,-,-,-,-,16520,-,-,0,0,0,0,16260,16800,-,-
TXO,202606,20260617.0,26900.0,Put,-,-,-,-,1.6,-,-,0,0,0,12,0.1,11.5,102,0.5
TXO,202606,20260617.0,27000.0,Call,-,-,-,-,16420,-,-,0,0,0,9,16160,16700,8850,1020
TXO,202606,20260617.0,27000.0,Put,-,-,-,-,1.7,-,-,0,0,0,128,0.2,5,2260,0.1
TXO,202606,20260617.0,27100.0,Call,-,-,-,-,16320,-,-,0,0,0,0,16060,16600,-,-
TXO,202606,20260617.0,27100.0,Put,-,-,-,-,1.8,-,-,0,0,0,7,0.1,11.5,114,0.5
TXO,202606,20260617.0,27200.0,Call,-,-,-,-,16220,-,-,0,0,0,17,15960,16500,8960,975
TXO,202606,20260617.0,27200.0,Put,-,-,-,-,1.9,-,-,0,0,0,14,0.1,11.5,2160,0.6
TXO,202606,20260617.0,27300.0,Call,-,-,-,-,16120,-,-,0,0,0,0,15860,16400,-,-
TXO,202606,20260617.0,27300.0,Put,-,-,-,-,2,-,-,0,0,0,25,0.1,11.5,194,0.1
TXO,202606,20260617.0,27400.0,Call,-,-,-,-,16020,-,-,0,0,0,0,15760,16300,8760,950
TXO,202606,20260617.0,27400.0,Put,-,-,-,-,2.1,-,-,0,0,0,45,0.2,11.5,2200,0.1
TXO,202606,20260617.0,27500.0,Call,-,-,-,-,15920,-,-,0,0,0,0,15660,16200,-,-
TXO,202606,20260617.0,27500.0,Put,-,-,-,-,2.2,-,-,0,0,0,10,0.4,15,103,0.1
TXO,202606,20260617.0,27600.0,Call,-,-,-,-,15820,-,-,0,0,0,9,15560,16100,6740,970
TXO,202606,20260617.0,27600.0,Put,-,-,-,-,2.2,-,-,0,0,0,13,0.2,12,2090,0.1
TXO,202606,20260617.0,27700.0,Call,-,-,-,-,15720,-,-,0,0,0,0,15460,16000,-,-
TXO,202606,20260617.0,27700.0,Put,-,-,-,-,2.3,-,-,0,0,0,1,0.3,12,109,0.2
TXO,202606,20260617.0,27800.0,Call,-,-,-,-,15620,-,-,0,0,0,34,-,15900,5440,790
TXO,202606,20260617.0,27800.0,Put,-,-,-,-,2.4,-,-,0,0,0,16,0.3,12,1890,0.6
TXO,202606,20260617.0,27900.0,Call,-,-,-,-,15520,-,-,0,0,0,0,-,15800,-,-
TXO,202606,20260617.0,27900.0,Put,-,-,-,-,2.5,-,-,0,0,0,2,0.3,12,126,1.3
TXO,202606,20260617.0,28000.0,Call,-,-,-,-,15420,-,-,0,0,0,20,-,15700,8220,760
TXO,202606,20260617.0,28000.0,Put,2.9,2.9,2.9,2.9,2.6,▲+1.3,▲+81.25%,0,1,1,356,0.3,2.9,2580,0.5
TXO,202606,20260617.0,28100.0,Call,-,-,-,-,15320,-,-,0,0,0,0,-,15600,-,-
TXO,202606,20260617.0,28100.0,Put,-,-,-,-,2.6,-,-,0,0,0,26,0.2,12,101,6.1
TXO,202606,20260617.0,28200.0,Call,-,-,-,-,15220,-,-,0,0,0,16,-,15500,7130,730
TXO,202606,20260617.0,28200.0,Put,-,-,-,-,2.7,-,-,0,0,0,61,0.3,12,2300,2.5
TXO,202606,20260617.0,28300.0,Call,-,-,-,-,15120,-,-,0,0,0,0,-,15400,-,-
TXO,202606,20260617.0,28300.0,Put,-,-,-,-,2.8,-,-,0,0,0,3,0.2,12,240,1.8
TXO,202606,20260617.0,28400.0,Call,-,-,-,-,15020,-,-,0,0,0,37,-,15300,7140,650
TXO,202606,20260617.0,28400.0,Put,-,-,-,-,2.9,-,-,0,0,0,70,0.2,10,2470,0.3
TXO,202606,20260617.0,28500.0,Call,-,-,-,-,14920,-,-,0,0,0,0,-,15200,-,-
TXO,202606,20260617.0,28500.0,Put,1.4,1.4,1.4,1.4,3,▼-0.2,▼-12.50%,1,1,2,9,0.1,12,880,1.4
TXO,202606,20260617.0,28600.0,Call,-,-,-,-,14820,-,-,0,0,0,60,-,15100,11180,860
TXO,202606,20260617.0,28600.0,Put,-,-,-,-,3.1,-,-,0,0,0,26,0.1,12,1950,0.3
TXO,202606,20260617.0,28700.0,Call,-,-,-,-,14720,-,-,0,0,0,0,-,15000,-,-
TXO,202606,20260617.0,28700.0,Put,-,-,-,-,3.3,-,-,0,0,0,11,0.1,12.5,160,0.3
TXO,202606,20260617.0,28800.0,Call,-,-,-,-,14620,-,-,0,0,0,82,-,14900,11260,550
TXO,202606,20260617.0,28800.0,Put,-,-,-,-,3.4,-,-,0,0,0,17,0.1,12.5,1010,0.4
TXO,202606,20260617.0,28900.0,Call,-,-,-,-,14520,-,-,0,0,0,0,14270,14800,-,-
TXO,202606,20260617.0,28900.0,Put,-,-,-,-,3.4,-,-,0,0,0,144,0.1,12.5,305,0.3
TXO,202606,20260617.0,29000.0,Call,-,-,-,-,14420,-,-,0,0,0,63,14170,14700,10930,615
TXO,202606,20260617.0,29000.0,Put,2.5,4.3,2.5,4.3,3.5,▲+2.7,▲+168.75%,1,4,5,527,0.1,12.5,1530,0.3
TXO,202606,20260617.0,29100.0,Call,-,-,-,-,14320,-,-,0,0,0,0,14070,14600,-,-
TXO,202606,20260617.0,29100.0,Put,-,-,-,-,3.6,-,-,0,0,0,174,0.1,10,755,0.3
TXO,202606,20260617.0,29200.0,Call,-,-,-,-,14220,-,-,0,0,0,5,13970,14500,6430,560
TXO,202606,20260617.0,29200.0,Put,-,-,-,-,3.8,-,-,0,0,0,101,0.1,12.5,1370,2
TXO,202606,20260617.0,29300.0,Call,-,-,-,-,14120,-,-,0,0,0,0,13870,14400,-,-
TXO,202606,20260617.0,29300.0,Put,-,-,-,-,3.9,-,-,0,0,0,104,0.7,99,925,0.8
TXO,202606,20260617.0,29400.0,Call,-,-,-,-,14020,-,-,0,0,0,7,13770,14300,5490,560
TXO,202606,20260617.0,29400.0,Put,-,-,-,-,4.3,-,-,0,0,0,83,0.1,13,1440,0.2
TXO,202606,20260617.0,29500.0,Call,-,-,-,-,13920,-,-,0,0,0,0,13670,14200,-,-
TXO,202606,20260617.0,29500.0,Put,2,5.2,2,3.6,4.6,▲+1.9,▲+111.76%,0,7,7,235,0.1,11,970,0.2
TXO,202606,20260617.0,29600.0,Call,-,-,-,-,13820,-,-,0,0,0,2,13570,14100,5150,690
TXO,202606,20260617.0,29600.0,Put,2,2,2,2,4.6,▲+0.3,▲+17.65%,0,1,1,63,0.1,13,1270,1
TXO,202606,20260617.0,29700.0,Call,-,-,-,-,13720,-,-,0,0,0,0,13470,14000,-,-
TXO,202606,20260617.0,29700.0,Put,1.8,2.2,1.8,2.2,4.7,▲+0.4,▲+22.22%,20,8,28,12,0.1,13,775,1.3
TXO,202606,20260617.0,29800.0,Call,-,-,-,-,13620,-,-,0,0,0,62,13370,13900,10280,350
TXO,202606,20260617.0,29800.0,Put,-,-,-,-,4.7,-,-,0,0,0,3,0.1,13,1080,3.1
TXO,202606,20260617.0,29900.0,Call,-,-,-,-,13520,-,-,0,0,0,0,13270,13800,-,-
TXO,202606,20260617.0,29900.0,Put,-,-,-,-,4.8,-,-,0,0,0,24,0.1,4.8,408,0.3
TXO,202606,20260617.0,30000.0,Call,-,-,-,-,13420,-,-,0,0,0,201,13170,13700,12720,265
TXO,202606,20260617.0,30000.0,Put,2,5.1,1.5,5.1,5.1,▲+3.1,▲+155.00%,93,136,229,2576,1,5.1,3260,0.4
TXO,202606,20260617.0,30100.0,Call,-,-,-,-,13320,-,-,0,0,0,11,13070,13600,9660,9600
TXO,202606,20260617.0,30100.0,Put,5,5,0.3,4.5,5.2,▲+2.4,▲+114.29%,3,5,8,246,1.1,13.5,925,0.3
TXO,202606,20260617.0,30200.0,Call,-,-,-,-,13220,-,-,0,0,0,24,12970,13500,3110,250
TXO,202606,20260617.0,30200.0,Put,-,-,-,-,5.3,-,-,0,0,0,53,0.1,13.5,1550,0.5
TXO,202606,20260617.0,30300.0,Call,-,-,-,-,13130,-,-,0,0,0,0,12870,13370,-,-
TXO,202606,20260617.0,30300.0,Put,4,4,4,4,5.6,▲+1.8,▲+81.82%,0,1,1,50,0.1,13.5,955,3.1
TXO,202606,20260617.0,30400.0,Call,-,-,-,-,13030,-,-,0,0,0,3,12770,13270,3370,625
TXO,202606,20260617.0,30400.0,Put,-,-,-,-,5.7,-,-,0,0,0,54,0.1,13.5,4930,0.3
TXO,202606,20260617.0,30500.0,Call,-,-,-,-,12930,-,-,0,0,0,0,12670,13200,-,-
TXO,202606,20260617.0,30500.0,Put,2.6,2.6,2.6,2.6,5.9,▲+0.1,▲+4.00%,1,2,3,95,0.1,10,935,0.4
TXO,202606,20260617.0,30600.0,Call,-,-,-,-,12830,-,-,0,0,0,1,12570,13100,5910,150
TXO,202606,20260617.0,30600.0,Put,-,-,-,-,6.1,-,-,0,0,0,64,0.1,14,5260,2.5
TXO,202606,20260617.0,30700.0,Call,-,-,-,-,12730,-,-,0,0,0,0,12470,13000,-,-
TXO,202606,20260617.0,30700.0,Put,4,4.5,3.7,3.7,6.5,▲+1.2,▲+48.00%,0,6,6,33,0.1,14,360,2.1
TXO,202606,20260617.0,30800.0,Call,-,-,-,-,12630,-,-,0,0,0,134,12370,12900,3330,150
TXO,202606,20260617.0,30800.0,Put,4,4,3,3,6.6,▲+0.5,▲+20.00%,0,9,9,154,0.1,14,1750,3
TXO,202606,20260617.0,30900.0,Call,-,-,-,-,12530,-,-,0,0,0,0,-,12800,-,-
TXO,202606,20260617.0,30900.0,Put,4.7,4.7,3.5,4,6.8,▲+1.5,▲+60.00%,0,3,3,72,0.1,14,550,0.7
TXO,202606,20260617.0,31000.0,Call,-,-,-,-,12430,-,-,0,0,0,8,-,12700,11150,150
TXO,202606,20260617.0,31000.0,Put,3,7.1,2.1,6.2,7,▲+3.7,▲+148.00%,3,16,19,284,0.6,11,1800,0.5
TXO,202606,20260617.0,31100.0,Call,-,-,-,-,12330,-,-,0,0,0,0,-,12600,-,-
TXO,202606,20260617.0,31100.0,Put,4,4.5,4,4.5,7.1,▲+1.9,▲+73.08%,4,5,9,105,6,14.5,299,1
TXO,202606,20260617.0,31200.0,Call,-,-,-,-,12230,-,-,0,0,0,4,-,12500,5350,230
TXO,202606,20260617.0,31200.0,Put,4,9.4,4,9.4,7.6,▲+6.5,▲+224.14%,0,6,6,200,0.1,14.5,1610,0.2
TXO,202606,20260617.0,31300.0,Call,-,-,-,-,12130,-,-,0,0,0,0,-,12400,-,-
TXO,202606,20260617.0,31300.0,Put,4,5,4,5,7.8,▲+1.9,▲+61.29%,0,3,3,105,5,103,419,0.2
TXO,202606,20260617.0,31400.0,Call,-,-,-,-,12030,-,-,0,0,0,15,-,12310,6940,435
TXO,202606,20260617.0,31400.0,Put,4,5,4,5,8.2,▲+1.9,▲+61.29%,0,3,3,63,0.2,18.5,1640,0.4
TXO,202606,20260617.0,31500.0,Call,-,-,-,-,11930,-,-,0,0,0,4,11680,12210,3290,2590
TXO,202606,20260617.0,31500.0,Put,4,5,4,5,8.4,▲+1.9,▲+61.29%,0,4,4,116,0.2,18,650,0.4
TXO,202606,20260617.0,31600.0,Call,-,-,-,-,11830,-,-,0,0,0,1,11580,12110,11350,170
TXO,202606,20260617.0,31600.0,Put,4,5.5,4,5.5,8.7,▲+2.3,▲+71.88%,0,4,4,95,0.2,19,4230,0.9
TXO,202606,20260617.0,31700.0,Call,-,-,-,-,11730,-,-,0,0,0,0,11480,12010,-,-
TXO,202606,20260617.0,31700.0,Put,4,5.5,4,5.5,9.1,▲+2.3,▲+71.88%,0,4,4,56,0.2,19.5,1750,2.8
TXO,202606,20260617.0,31800.0,Call,-,-,-,-,11630,-,-,0,0,0,86,11380,11910,13350,222
TXO,202606,20260617.0,31800.0,Put,5,6,3.5,6,9.4,▲+2.6,▲+76.47%,5,17,22,2400,0.2,19.5,4390,0.7
TXO,202606,20260617.0,31900.0,Call,-,-,-,-,11530,-,-,0,0,0,0,11280,11810,-,-
TXO,202606,20260617.0,31900.0,Put,6,7,3.5,6.5,9.7,▲+3.1,▲+91.18%,0,59,59,51,0.2,19.5,705,1
TXO,202606,20260617.0,32000.0,Call,-,-,-,-,11430,-,-,0,0,0,153,11180,11700,13170,253
TXO,202606,20260617.0,32000.0,Put,5,10,3.4,10,10,▲+6.4,▲+177.78%,40,103,143,714,7.8,10,2250,0.5
TXO,202606,20260617.0,32100.0,Call,-,-,-,-,11330,-,-,0,0,0,0,11080,11600,-,-
TXO,202606,20260617.0,32100.0,Put,5,5.5,3.8,5.5,10,▲+1.9,▲+52.78%,0,45,45,149,0.2,20,1440,0.6
TXO,202606,20260617.0,32200.0,Call,-,-,-,-,11230,-,-,0,0,0,86,10980,11500,8480,229
TXO,202606,20260617.0,32200.0,Put,4.2,6,4.2,6,10,▲+2.2,▲+57.89%,0,106,106,167,0.2,19.5,2350,0.4
TXO,202606,20260617.0,32300.0,Call,-,-,-,-,11130,-,-,0,0,0,0,10880,11410,2730,2730
TXO,202606,20260617.0,32300.0,Put,6.9,8.2,4.8,8.1,10,▲+4.2,▲+107.69%,22,65,87,197,0.4,21,2040,0.5
TXO,202606,20260617.0,32400.0,Call,-,-,-,-,11030,-,-,0,0,0,25,10780,11310,7880,220
TXO,202606,20260617.0,32400.0,Put,8,8,7.5,7.8,10,▲+3.7,▲+90.24%,0,80,80,159,0.7,20,2400,1
TXO,202606,20260617.0,32500.0,Call,-,-,-,-,10930,-,-,0,0,0,0,10680,11210,-,-
TXO,202606,20260617.0,32500.0,Put,7,12,7,10.5,10.5,▲+6.2,▲+144.19%,1,70,71,272,0.2,13,2050,0.8
TXO,202606,20260617.0,32600.0,Call,-,-,-,-,10830,-,-,0,0,0,121,10580,11110,7530,225
TXO,202606,20260617.0,32600.0,Put,-,-,-,-,10.5,-,-,6,0,6,398,5,14.5,2090,0.9
TXO,202606,20260617.0,32700.0,Call,-,-,-,-,10730,-,-,0,0,0,0,-,11010,2610,2160
TXO,202606,20260617.0,32700.0,Put,-,-,-,-,11,-,-,0,0,0,196,4.5,14.5,700,1.7
TXO,202606,20260617.0,32800.0,Call,-,-,-,-,10630,-,-,0,0,0,6,-,10910,4690,182
TXO,202606,20260617.0,32800.0,Put,-,-,-,-,12,-,-,2,0,2,156,2,14.5,4970,2
TXO,202606,20260617.0,32900.0,Call,-,-,-,-,10530,-,-,0,0,0,1,-,10810,11080,1730
TXO,202606,20260617.0,32900.0,Put,14.5,14.5,14.5,14.5,12.5,▲+9.3,▲+178.85%,0,1,1,193,3.5,23.5,715,1.4
TXO,202606,20260617.0,33000.0,Call,-,-,-,-,10430,-,-,0,0,0,104,-,10710,9670,171
TXO,202606,20260617.0,33000.0,Put,5.5,14.5,5.5,13,13,▲+7.6,▲+140.74%,6,21,27,483,1.6,20,2710,0.5
TXO,202606,20260617.0,33100.0,Call,-,-,-,-,10330,-,-,0,0,0,0,10090,10610,7490,1720
TXO,202606,20260617.0,33100.0,Put,14,14.5,14,14.5,14.5,▲+8.8,▲+154.39%,1,4,5,332,2.1,22.5,2160,4.1
TXO,202606,20260617.0,33200.0,Call,-,-,-,-,10240,-,-,0,0,0,4,9990,10510,8140,166
TXO,202606,20260617.0,33200.0,Put,14.5,14.5,14.5,14.5,14.5,▲+8.5,▲+141.67%,0,1,1,220,2,22,2810,3.6
TXO,202606,20260617.0,33300.0,Call,-,-,-,-,10140,-,-,0,0,0,0,9890,10410,1730,1310
TXO,202606,20260617.0,33300.0,Put,7,14.5,7,14.5,14.5,▲+8.2,▲+130.16%,5,37,42,366,5.2,20,2210,1.6
TXO,202606,20260617.0,33400.0,Call,-,-,-,-,10040,-,-,0,0,0,27,9790,10310,7970,140
TXO,202606,20260617.0,33400.0,Put,14.5,14.5,14.5,14.5,16,▲+8.1,▲+126.56%,1,1,2,340,1.6,106,2320,3
TXO,202606,20260617.0,33500.0,Call,-,-,-,-,9940,-,-,0,0,0,0,9690,10210,-,-
TXO,202606,20260617.0,33500.0,Put,5.1,15,5.1,13,16.5,▲+6.5,▲+100.00%,0,7,7,543,13,27,2300,1
TXO,202606,20260617.0,33600.0,Call,-,-,-,-,9840,-,-,0,0,0,2,9590,10080,5030,150
TXO,202606,20260617.0,33600.0,Put,14.5,15,14.5,15,18,▲+8.4,▲+127.27%,0,2,2,568,16.5,26.5,3260,1.6
TXO,202606,20260617.0,33700.0,Call,-,-,-,-,9740,-,-,0,0,0,350,9490,10010,-,-
TXO,202606,20260617.0,33700.0,Put,14.5,18,14.5,18,18,▲+11.3,▲+168.66%,1,2,3,3053,7,27,2400,1
TXO,202606,20260617.0,33800.0,Call,-,-,-,-,9640,-,-,0,0,0,150,-,9910,7540,140
TXO,202606,20260617.0,33800.0,Put,8.5,22,6.9,22,19,▲+15.2,▲+223.53%,2,9,11,1197,5.4,28,3210,1.1
TXO,202606,20260617.0,33900.0,Call,-,-,-,-,9540,-,-,0,0,0,2,-,9820,1420,1380
TXO,202606,20260617.0,33900.0,Put,14.5,15,14.5,15,19.5,▲+8.1,▲+117.39%,0,2,2,682,18,29,2060,3
TXO,202606,20260617.0,34000.0,Call,-,-,-,-,9440,-,-,0,0,0,500,-,9720,9870,150
TXO,202606,20260617.0,34000.0,Put,11,21,8.7,21,20,▲+14,▲+200.00%,27,64,91,1227,20,29,3300,1
TXO,202606,20260617.0,34100.0,Call,-,-,-,-,9340,-,-,0,0,0,0,9100,9620,3620,2340
TXO,202606,20260617.0,34100.0,Put,-,-,-,-,20.5,-,-,5,0,5,413,4,30,2120,1
TXO,202606,20260617.0,34200.0,Call,-,-,-,-,9240,-,-,0,0,0,87,9000,9520,10070,107
TXO,202606,20260617.0,34200.0,Put,9,21,9,21,21,▲+13.8,▲+191.67%,0,4,4,397,9.5,36.5,1960,1.6
TXO,202606,20260617.0,34300.0,Call,-,-,-,-,9140,-,-,0,0,0,0,8900,9420,1540,1540
TXO,202606,20260617.0,34300.0,Put,-,-,-,-,21.5,-,-,0,0,0,456,11,105,1420,3
TXO,202606,20260617.0,34400.0,Call,-,-,-,-,9040,-,-,0,0,0,190,8800,9320,12430,141
TXO,202606,20260617.0,34400.0,Put,20,20,20,20,22.5,▲+12.6,▲+170.27%,0,1,1,637,20,32.5,3140,2
TXO,202606,20260617.0,34500.0,Call,-,-,-,-,8940,-,-,0,0,0,10,8700,9220,3800,1950
TXO,202606,20260617.0,34500.0,Put,11,24.5,7.7,21.5,23.5,▲+14,▲+186.67%,5,24,29,422,14.5,38,1490,0.4
TXO,202606,20260617.0,34600.0,Call,-,-,-,-,8850,-,-,0,0,0,43,8600,9120,7900,134
TXO,202606,20260617.0,34600.0,Put,11,26,11,26,24,▲+18.4,▲+242.11%,0,11,11,375,14.5,26,1640,2
TXO,202606,20260617.0,34700.0,Call,-,-,-,-,8750,-,-,0,0,0,0,-,9020,-,-
TXO,202606,20260617.0,34700.0,Put,12.5,25,12.5,25,25,▲+17.3,▲+224.68%,1,11,12,346,14,41,1570,5.5
TXO,202606,20260617.0,34800.0,Call,-,-,-,-,8650,-,-,0,0,0,53,-,8920,10210,153
TXO,202606,20260617.0,34800.0,Put,-,-,-,-,25.5,-,-,1,0,1,557,18,77,2970,3.4
TXO,202606,20260617.0,34900.0,Call,-,-,-,-,8550,-,-,0,0,0,15,8310,8820,6440,1250
TXO,202606,20260617.0,34900.0,Put,12,23.5,12,23.5,26,▲+15.6,▲+197.47%,1,7,8,509,17,43.5,2520,0.4
TXO,202606,20260617.0,35000.0,Call,-,-,-,-,8450,-,-,0,0,0,187,8210,8720,6660,340
TXO,202606,20260617.0,35000.0,Put,3,30,3,30,26.5,▲+22,▲+275.00%,146,247,393,1366,25,30,3710,1.1
TXO,202606,20260617.0,35100.0,Call,-,-,-,-,8350,-,-,0,0,0,12,8110,8630,6980,1600
TXO,202606,20260617.0,35100.0,Put,25,30,24.5,30,30,▲+21.3,▲+244.83%,30,5,35,129,25,47,3090,1.9
TXO,202606,20260617.0,35200.0,Call,-,-,-,-,8250,-,-,0,0,0,18,8010,8530,7310,203
TXO,202606,20260617.0,35200.0,Put,16,25,16,25,31,▲+15.6,▲+165.96%,3,9,12,195,26,47.5,2900,5.7
TXO,202606,20260617.0,35300.0,Call,-,-,-,-,8150,-,-,0,0,0,20,-,8430,6080,1490
TXO,202606,20260617.0,35300.0,Put,10.5,30,9.5,30,33.5,▲+20,▲+200.00%,4,10,14,134,30,49,1390,3
TXO,202606,20260617.0,35400.0,Call,-,-,-,-,8060,-,-,0,0,0,22,7820,8330,5990,181
TXO,202606,20260617.0,35400.0,Put,15.5,33,15.5,30,36,▲+18,▲+150.00%,3,5,8,236,31.5,51,1850,5
TXO,202606,20260617.0,35500.0,Call,-,-,-,-,7960,-,-,0,0,0,100,7720,8230,6930,995
TXO,202606,20260617.0,35500.0,Put,20.5,35,20.5,35,38.5,▲+23,▲+191.67%,17,9,26,337,31,50,1910,2
TXO,202606,20260617.0,35600.0,Call,-,-,-,-,7860,-,-,0,0,0,4,7620,8130,3940,580
TXO,202606,20260617.0,35600.0,Put,11.5,42,10,41.5,41.5,▲+29,▲+232.00%,12,21,33,268,35,49.5,4260,2
TXO,202606,20260617.0,35700.0,Call,-,-,-,-,7760,-,-,0,0,0,15,7520,8040,1550,1410
TXO,202606,20260617.0,35700.0,Put,40,40,40,40,42.5,▲+27.5,▲+220.00%,0,1,1,241,35,52,1970,4.5
TXO,202606,20260617.0,35800.0,Call,-,-,-,-,7670,-,-,0,0,0,3,-,7940,5040,215
TXO,202606,20260617.0,35800.0,Put,23.5,55,21.5,48,44,▲+35,▲+269.23%,4,9,13,255,35,56,3300,0.2
TXO,202606,20260617.0,35900.0,Call,-,-,-,-,7570,-,-,0,0,0,50,7330,7840,1200,1080
TXO,202606,20260617.0,35900.0,Put,15,50,11,50,45,▲+37,▲+284.62%,20,46,66,204,36.5,55,3110,4.7
TXO,202606,20260617.0,36000.0,Call,-,-,-,-,7470,-,-,0,0,0,140,7230,7740,10300,278
TXO,202606,20260617.0,36000.0,Put,29,51,12,47.5,47.5,▲+34,▲+251.85%,293,334,627,3117,37,47.5,3640,2.4
TXO,202606,20260617.0,36100.0,Call,-,-,-,-,7370,-,-,0,0,0,5,7130,7640,5500,960
TXO,202606,20260617.0,36100.0,Put,20.5,43,17.5,43,49,▲+28.5,▲+196.55%,12,47,59,351,40,63,1300,7.9
TXO,202606,20260617.0,36200.0,Call,-,-,-,-,7270,-,-,0,0,0,6,-,7550,6600,381
TXO,202606,20260617.0,36200.0,Put,21.5,59,21.5,59,55,▲+44,▲+293.33%,10,11,21,190,55,62,1450,4
TXO,202606,20260617.0,36300.0,Call,-,-,-,-,7180,-,-,0,0,0,5,6940,7450,6290,550
TXO,202606,20260617.0,36300.0,Put,19,60,19,60,55,▲+44,▲+275.00%,9,71,80,204,55,68,1410,3.4
TXO,202606,20260617.0,36400.0,Call,-,-,-,-,7080,-,-,0,0,0,16,6840,7350,9000,242
TXO,202606,20260617.0,36400.0,Put,22,23,21.5,21.5,55,▲+4.5,▲+26.47%,1,80,81,259,54,67,1590,1
TXO,202606,20260617.0,36500.0,Call,-,-,-,-,6980,-,-,0,0,0,1,6740,7250,9740,382
TXO,202606,20260617.0,36500.0,Put,18,65,18,55,55,▲+37,▲+205.56%,22,136,158,422,58,72,1280,3.5
TXO,202606,20260617.0,36600.0,Call,-,-,-,-,6880,-,-,0,0,0,28,-,7160,2160,300
TXO,202606,20260617.0,36600.0,Put,23,52,22,52,60,▲+33.5,▲+181.08%,1,82,83,303,23.5,75,960,8.3
TXO,202606,20260617.0,36700.0,Call,-,-,-,-,6780,-,-,0,0,0,0,6550,7060,2230,800
TXO,202606,20260617.0,36700.0,Put,20,57,20,57,63,▲+38,▲+200.00%,53,96,149,210,54,78,1690,3.2
TXO,202606,20260617.0,36800.0,Call,-,-,-,-,6690,-,-,0,0,0,37,6450,6960,9300,145
TXO,202606,20260617.0,36800.0,Put,17,74,17,74,65,▲+54.5,▲+279.49%,1,95,96,230,44.5,81,1380,6.7
TXO,202606,20260617.0,36900.0,Call,-,-,-,-,6590,-,-,0,0,0,4,-,6860,4700,940
TXO,202606,20260617.0,36900.0,Put,26,69,23,69,69,▲+49,▲+245.00%,2,165,167,270,65,80,1520,3.1
TXO,202606,20260617.0,37000.0,Call,-,-,-,-,6490,-,-,0,0,0,117,6260,6770,9760,189
TXO,202606,20260617.0,37000.0,Put,25,80,18.5,69,69,▲+47,▲+213.64%,241,442,683,971,72,80,2710,4.5
TXO,202606,20260617.0,37100.0,Call,-,-,-,-,6400,-,-,0,0,0,1,6160,6670,5610,680
TXO,202606,20260617.0,37100.0,Put,35.5,81,19,81,74,▲+59,▲+268.18%,15,128,143,273,68,91,1010,13
TXO,202606,20260617.0,37200.0,Call,-,-,-,-,6300,-,-,0,0,0,11,-,6570,7110,238
TXO,202606,20260617.0,37200.0,Put,33,72,20,72,76,▲+49,▲+213.04%,113,112,225,275,72,92,1650,5.6
TXO,202606,20260617.0,37300.0,Call,-,-,-,-,6200,-,-,0,0,0,17,5970,6480,4550,336
TXO,202606,20260617.0,37300.0,Put,25,68,21.5,68,80,▲+44,▲+183.33%,12,107,119,254,39.5,97,1620,6
TXO,202606,20260617.0,37400.0,Call,-,-,-,-,6110,-,-,0,0,0,5,6000,6210,3550,220
TXO,202606,20260617.0,37400.0,Put,25.5,70,22.5,70,84,▲+45.5,▲+185.71%,8,113,121,282,79,101,1200,6.5
TXO,202606,20260617.0,37500.0,Call,-,-,-,-,6010,-,-,0,0,0,12,5900,6070,8070,271
TXO,202606,20260617.0,37500.0,Put,25,90,22.5,90,90,▲+64.5,▲+252.94%,46,66,112,816,90,98,1860,8.2
TXO,202606,20260617.0,37600.0,Call,-,-,-,-,5910,-,-,0,0,0,13,5830,6080,8880,475
TXO,202606,20260617.0,37600.0,Put,63,99,63,98,92,▲+72,▲+276.92%,1,16,17,215,50,102,1680,10
TXO,202606,20260617.0,37700.0,Call,-,-,-,-,5820,-,-,0,0,0,12,5750,5920,4150,530
TXO,202606,20260617.0,37700.0,Put,33,100,29.5,100,100,▲+71,▲+244.83%,9,24,33,1108,41.5,102,1630,7
TXO,202606,20260617.0,37800.0,Call,-,-,-,-,5720,-,-,0,0,0,4,5620,5790,7300,237
TXO,202606,20260617.0,37800.0,Put,30.5,107,30.5,107,100,▲+77,▲+256.67%,6,39,45,346,71,113,2000,10
TXO,202606,20260617.0,37900.0,Call,-,-,-,-,5630,-,-,0,0,0,60,5570,5770,8140,1250
TXO,202606,20260617.0,37900.0,Put,50,111,28,111,111,▲+80,▲+258.06%,11,19,30,370,100,118,1850,0.5
TXO,202606,20260617.0,38000.0,Call,-,-,-,-,5530,-,-,0,0,0,154,5450,5670,7200,144
TXO,202606,20260617.0,38000.0,Put,44.5,120,30.5,112,112,▲+80.5,▲+255.56%,454,627,1081,1690,94,121,2630,6.7
TXO,202606,20260617.0,38100.0,Call,-,-,-,-,5440,-,-,0,0,0,11,5350,5570,5950,660
TXO,202606,20260617.0,38100.0,Put,66,92,61,89,115,▲+57,▲+178.13%,3,8,11,168,92,125,1630,10
TXO,202606,20260617.0,38200.0,Call,-,-,-,-,5340,-,-,0,0,0,69,5260,5480,9010,150
TXO,202606,20260617.0,38200.0,Put,42,121,40,121,121,▲+87,▲+255.88%,6,26,32,183,116,137,1570,11.5
TXO,202606,20260617.0,38300.0,Call,-,-,-,-,5250,-,-,0,0,0,10,5150,5380,3560,735
TXO,202606,20260617.0,38300.0,Put,45,132,36,132,125,▲+96.5,▲+271.83%,4,52,56,352,39.5,142,1470,9
TXO,202606,20260617.0,38400.0,Call,-,-,-,-,5150,-,-,0,0,0,2,5070,5260,6900,212
TXO,202606,20260617.0,38400.0,Put,60,130,60,126,126,▲+89.5,▲+245.21%,0,22,22,312,104,149,1640,10
TXO,202606,20260617.0,38500.0,Call,-,-,-,-,5060,-,-,0,0,0,101,4950,5100,4200,116
TXO,202606,20260617.0,38500.0,Put,69,136,39,136,136,▲+97,▲+248.72%,154,115,269,735,64,155,1720,11
TXO,202606,20260617.0,38600.0,Call,-,-,-,-,4970,-,-,0,0,0,203,4910,5110,4230,145
TXO,202606,20260617.0,38600.0,Put,47,137,42,137,143,▲+96.5,▲+238.27%,5,27,32,362,51,177,1910,10.5
TXO,202606,20260617.0,38700.0,Call,-,-,-,-,4870,-,-,0,0,0,101,4820,5010,4050,880
TXO,202606,20260617.0,38700.0,Put,40,166,40,166,150,▲+125,▲+304.88%,8,469,477,1482,99,169,1630,4.3
TXO,202606,20260617.0,38800.0,Call,-,-,-,-,4780,-,-,0,0,0,28,4670,4820,6630,118
TXO,202606,20260617.0,38800.0,Put,55,165,46,165,157,▲+121,▲+275.00%,100,67,167,172,70,174,1630,5.2
TXO,202606,20260617.0,38900.0,Call,-,-,-,-,4690,-,-,0,0,0,3,4580,4740,3590,1050
TXO,202606,20260617.0,38900.0,Put,62,181,48.5,169,169,▲+124,▲+275.56%,4,58,62,171,161,185,2290,16
TXO,202606,20260617.0,39000.0,Call,4460,4510,4460,4510,4600,▼-1200,▼-21.02%,0,2,2,272,4520,4810,7120,89
TXO,202606,20260617.0,39000.0,Put,78,194,48,180,175,▲+130.5,▲+263.64%,417,511,928,1730,175,190,2550,13
TXO,202606,20260617.0,39100.0,Call,-,-,-,-,4500,-,-,0,0,0,11,4440,4540,6150,320
TXO,202606,20260617.0,39100.0,Put,60,182,51,182,182,▲+130,▲+250.00%,9,21,30,79,100,200,1690,18
TXO,202606,20260617.0,39200.0,Call,-,-,-,-,4410,-,-,0,0,0,60,4360,4500,5650,230
TXO,202606,20260617.0,39200.0,Put,63,195,57,193,193,▲+141,▲+271.15%,10,16,26,85,141,209,1860,17
TXO,202606,20260617.0,39300.0,Call,-,-,-,-,4320,-,-,0,0,0,6,4260,4360,5820,750
TXO,202606,20260617.0,39300.0,Put,79,209,53,209,196,▲+156,▲+294.34%,58,547,605,1050,113,241,1240,3.2
TXO,202606,20260617.0,39400.0,Call,-,-,-,-,4230,-,-,0,0,0,69,4130,4250,6940,121
TXO,202606,20260617.0,39400.0,Put,80,221,60,221,205,▲+161,▲+268.33%,25,28,53,209,128,227,1340,18
TXO,202606,20260617.0,39500.0,Call,4630,4630,4630,4630,4140,▼-590,▼-11.30%,0,3,3,311,4050,4160,6680,195
TXO,202606,20260617.0,39500.0,Put,60,234,60,222,215,▲+162,▲+270.00%,301,191,492,1694,134,296,1870,18
TXO,202606,20260617.0,39600.0,Call,-,-,-,-,4050,-,-,0,0,0,63,3950,4090,7300,104
TXO,202606,20260617.0,39600.0,Put,63,222,63,222,222,▲+159,▲+252.38%,11,60,71,72,137,243,1850,20
TXO,202606,20260617.0,39700.0,Call,-,-,-,-,3960,-,-,0,0,0,1,3880,4050,6380,247
TXO,202606,20260617.0,39700.0,Put,75,181,71,179,235,▲+113,▲+171.21%,4,37,41,94,151,340,2020,21.5
TXO,202606,20260617.0,39800.0,Call,-,-,-,-,3870,-,-,0,0,0,22,3810,4110,7170,74
TXO,202606,20260617.0,39800.0,Put,89,221,73,208,247,▲+140,▲+205.88%,72,67,139,113,162,265,1500,20.5
TXO,202606,20260617.0,39900.0,Call,-,-,-,-,3780,-,-,0,0,0,6,3700,4020,4920,226
TXO,202606,20260617.0,39900.0,Put,116,230,79,227,255,▲+152,▲+202.67%,30,33,63,109,168,281,1950,24.5
TXO,202606,20260617.0,40000.0,Call,-,-,-,-,3690,-,-,0,0,0,465,3610,3730,6900,50
TXO,202606,20260617.0,40000.0,Put,123,310,78,275,275,▲+198,▲+257.14%,1347,1694,3041,3144,273,286,3330,25
TXO,202606,20260617.0,40100.0,Call,4150,4150,4150,4150,3600,▼-500,▼-10.75%,0,1,1,214,3490,3840,6760,495
TXO,202606,20260617.0,40100.0,Put,130,306,87,306,278,▲+226,▲+282.50%,14,50,64,162,204,300,1870,19.5
TXO,202606,20260617.0,40200.0,Call,-,-,-,-,3510,-,-,0,0,0,106,3420,3590,6660,50
TXO,202606,20260617.0,40200.0,Put,110,293,92,293,293,▲+211,▲+257.32%,12,49,61,84,243,364,1660,31
TXO,202606,20260617.0,40300.0,Call,3870,3870,3770,3770,3430,▼-680,▼-15.28%,0,2,2,14,3130,3510,5360,494
TXO,202606,20260617.0,40300.0,Put,104,321,101,310,310,▲+220,▲+244.44%,10,50,60,84,310,325,2330,37
TXO,202606,20260617.0,40400.0,Call,-,-,-,-,3340,-,-,0,0,0,39,3260,3390,5200,47
TXO,202606,20260617.0,40400.0,Put,129,316,116,316,316,▲+225,▲+247.25%,11,30,41,81,240,337,2550,33
TXO,202606,20260617.0,40500.0,Call,3450,3450,3450,3450,3250,▼-810,▼-19.01%,0,1,1,137,3140,3280,6300,391
TXO,202606,20260617.0,40500.0,Put,155,357,108,345,329,▲+251,▲+267.02%,291,261,552,338,293,351,2790,35
TXO,202606,20260617.0,40600.0,Call,-,-,-,-,3170,-,-,0,0,0,46,3060,3250,5700,33.5
TXO,202606,20260617.0,40600.0,Put,139,318,110,318,344,▲+218,▲+218.00%,10,13,23,98,270,431,2400,33
TXO,202606,20260617.0,40700.0,Call,-,-,-,-,3080,-,-,0,0,0,48,2990,3150,6300,283
TXO,202606,20260617.0,40700.0,Put,190,380,124,380,358,▲+271,▲+248.62%,20,45,65,93,288,369,1700,41
TXO,202606,20260617.0,40800.0,Call,3310,3310,3310,3310,3000,▼-670,▼-16.83%,1,1,2,33,2910,3130,6430,45
TXO,202606,20260617.0,40800.0,Put,157,345,130,340,375,▲+228,▲+203.57%,24,126,150,377,368,396,2250,45
TXO,202606,20260617.0,40900.0,Call,3400,3400,2940,2940,2910,▼-950,▼-24.42%,0,31,31,62,2840,3070,5980,315
TXO,202606,20260617.0,40900.0,Put,168,426,144,411,391,▲+293,▲+248.31%,20,56,76,90,384,415,2570,14.5
TXO,202606,20260617.0,41000.0,Call,3210,3240,2670,2810,2830,▼-980,▼-25.86%,4,211,215,299,2790,2960,5880,31
TXO,202606,20260617.0,41000.0,Put,228,440,140,430,408,▲+302,▲+235.94%,391,1050,1441,1185,394,428,2770,45
TXO,202606,20260617.0,41100.0,Call,-,-,-,-,2750,-,-,0,0,0,132,2670,2780,5920,470
TXO,202606,20260617.0,41100.0,Put,192,448,150,448,425,▲+315,▲+236.84%,7,471,478,428,402,450,2000,51
TXO,202606,20260617.0,41200.0,Call,-,-,-,-,2670,-,-,0,0,0,591,2570,2700,5670,238
TXO,202606,20260617.0,41200.0,Put,230,452,160,452,442,▲+311,▲+220.57%,19,65,84,152,262,462,2360,53
TXO,202606,20260617.0,41300.0,Call,-,-,-,-,2580,-,-,0,0,0,280,2500,2630,5590,414
TXO,202606,20260617.0,41300.0,Put,212,414,170,400,460,▲+250,▲+166.67%,19,15,34,164,428,489,2810,54
TXO,202606,20260617.0,41400.0,Call,-,-,-,-,2510,-,-,0,0,0,442,2420,2620,5490,49
TXO,202606,20260617.0,41400.0,Put,252,510,190,500,483,▲+342,▲+216.46%,16,132,148,494,489,505,2870,58
TXO,202606,20260617.0,41500.0,Call,3170,3310,2880,2880,2430,▼-450,▼-13.51%,0,4,4,178,2340,2640,5370,212
TXO,202606,20260617.0,41500.0,Put,330,540,188,520,505,▲+355,▲+215.15%,95,964,1059,652,500,530,2740,57
TXO,202606,20260617.0,41600.0,Call,-,-,-,-,2350,-,-,1,0,1,109,2270,2510,5280,198
TXO,202606,20260617.0,41600.0,Put,387,535,205,535,525,▲+359,▲+203.98%,5,22,27,303,505,550,2310,63
TXO,202606,20260617.0,41700.0,Call,2230,2230,2230,2230,2270,▼-920,▼-29.21%,2,1,3,99,2170,2380,4580,191
TXO,202606,20260617.0,41700.0,Put,225,565,225,565,545,▲+380,▲+205.41%,21,17,38,136,530,570,3060,69
TXO,202606,20260617.0,41800.0,Call,-,-,-,-,2190,-,-,0,0,0,37,2110,2260,4350,22.5
TXO,202606,20260617.0,41800.0,Put,326,530,222,530,570,▲+337,▲+174.61%,125,20,145,284,500,595,8010,70
TXO,202606,20260617.0,41900.0,Call,1970,1970,1970,1970,2120,▼-1000,▼-33.67%,5,1,6,59,2040,2280,4410,272
TXO,202606,20260617.0,41900.0,Put,306,660,251,660,595,▲+456,▲+223.53%,29,16,45,187,580,620,3400,79
TXO,202606,20260617.0,42000.0,Call,2610,2610,1970,2000,2040,▼-880,▼-30.56%,15,14,29,262,2010,2210,4600,20
TXO,202606,20260617.0,42000.0,Put,368,700,235,635,620,▲+419,▲+193.98%,562,704,1266,1310,600,630,3420,80
TXO,202606,20260617.0,42100.0,Call,2520,2520,1810,1810,1970,▼-980,▼-35.13%,5,2,7,61,1890,2040,4050,150
TXO,202606,20260617.0,42100.0,Put,325,685,278,655,645,▲+428,▲+188.55%,36,55,91,120,463,670,2510,88
TXO,202606,20260617.0,42200.0,Call,1790,1820,1790,1820,1900,▼-890,▼-32.84%,0,2,2,391,1860,2040,4740,17
TXO,202606,20260617.0,42200.0,Put,320,700,286,685,675,▲+445,▲+185.42%,42,32,74,259,635,700,9290,94
TXO,202606,20260617.0,42250.0,Call,-,-,-,-,1860,-,-,0,0,0,0,1750,1960,-,-
TXO,202606,20260617.0,42250.0,Put,500,715,302,715,690,▲+465,▲+186.00%,6,16,22,30,645,710,1000,205
TXO,202606,20260617.0,42300.0,Call,-,-,-,-,1830,-,-,0,0,0,71,1750,1900,4650,188
TXO,202606,20260617.0,42300.0,Put,311,735,311,735,700,▲+480,▲+188.24%,10,13,23,197,700,725,2690,97
TXO,202606,20260617.0,42350.0,Call,-,-,-,-,1790,-,-,0,0,0,0,1690,1920,-,-
TXO,202606,20260617.0,42350.0,Put,364,469,364,469,715,▲+205,▲+77.65%,2,2,4,0,650,740,469,271
TXO,202606,20260617.0,42400.0,Call,-,-,-,-,1760,-,-,0,0,0,507,1700,1860,4580,0.6
TXO,202606,20260617.0,42400.0,Put,357,765,296,765,730,▲+498,▲+186.52%,11,22,33,272,680,755,10600,102
TXO,202606,20260617.0,42450.0,Call,-,-,-,-,1720,-,-,0,0,0,0,1630,1840,-,-
TXO,202606,20260617.0,42450.0,Put,453,600,453,585,750,▲+310,▲+112.73%,1,3,4,1,680,770,635,282
TXO,202606,20260617.0,42500.0,Call,2300,2300,1550,1640,1680,▼-810,▼-33.06%,17,6,23,311,1650,1810,4450,224
TXO,202606,20260617.0,42500.0,Put,410,810,311,770,760,▲+483,▲+168.29%,96,172,268,390,710,785,3580,107
TXO,202606,20260617.0,42550.0,Call,-,-,-,-,1650,-,-,1,0,1,1,1560,1770,1300,1300
TXO,202606,20260617.0,42550.0,Put,820,820,770,790,775,▲+501,▲+173.36%,0,4,4,4,725,800,820,770
TXO,202606,20260617.0,42600.0,Call,1990,1990,1990,1990,1610,▼-370,▼-15.68%,2,2,4,345,1540,1760,3940,8
TXO,202606,20260617.0,42600.0,Put,450,875,357,875,790,▲+577,▲+193.62%,17,15,32,204,565,820,3000,111
TXO,202606,20260617.0,42650.0,Call,-,-,-,-,1580,-,-,0,0,0,0,1510,1720,-,-
TXO,202606,20260617.0,42650.0,Put,-,-,-,-,810,-,-,0,0,0,2,780,835,318,317
TXO,202606,20260617.0,42700.0,Call,1390,1390,1390,1390,1550,▼-890,▼-39.04%,22,1,23,238,1460,1650,4230,184
TXO,202606,20260617.0,42700.0,Put,560,880,378,830,830,▲+513,▲+161.83%,32,41,73,109,760,850,2930,118
TXO,202606,20260617.0,42750.0,Call,-,-,-,-,1510,-,-,0,0,0,0,1440,1630,-,-
TXO,202606,20260617.0,42750.0,Put,640,855,389,855,840,▲+528,▲+161.47%,4,24,28,8,665,865,855,327
TXO,202606,20260617.0,42800.0,Call,-,-,-,-,1480,-,-,2,0,2,126,1390,1580,4110,105
TXO,202606,20260617.0,42800.0,Put,500,920,411,870,860,▲+538,▲+162.05%,46,44,90,146,835,885,3000,137
TXO,202606,20260617.0,42850.0,Call,-,-,-,-,1450,-,-,0,0,0,0,1360,1570,-,-
TXO,202606,20260617.0,42850.0,Put,405,705,405,705,870,▲+363,▲+106.14%,2,6,8,3,830,900,705,356
TXO,202606,20260617.0,42900.0,Call,1440,1440,1300,1300,1420,▼-820,▼-38.68%,16,8,24,81,1380,1490,4060,320
TXO,202606,20260617.0,42900.0,Put,530,880,434,880,890,▲+529,▲+150.71%,43,15,58,135,850,920,3500,141
TXO,202606,20260617.0,42950.0,Call,1360,1360,1360,1360,1380,▼-720,▼-34.62%,0,1,1,1,1310,1500,1360,1360
TXO,202606,20260617.0,42950.0,Put,600,840,600,820,910,▲+459,▲+127.15%,4,6,10,8,715,940,840,328
TXO,202606,20260617.0,43000.0,Call,1460,1820,1180,1300,1350,▼-740,▼-36.27%,56,71,127,616,1260,1430,4160,258
TXO,202606,20260617.0,43000.0,Put,570,1030,408,950,935,▲+584,▲+159.56%,484,460,944,1187,935,960,4140,149
TXO,202606,20260617.0,43050.0,Call,1330,1340,1330,1340,1320,▼-660,▼-33.00%,1,3,4,3,1240,1420,1990,1330
TXO,202606,20260617.0,43050.0,Put,620,990,620,990,950,▲+607,▲+158.49%,0,4,4,4,880,975,990,620
TXO,202606,20260617.0,43100.0,Call,1340,1620,1300,1300,1290,▼-660,▼-33.67%,8,8,16,45,1260,1500,3820,222
TXO,202606,20260617.0,43100.0,Put,745,1010,483,1010,970,▲+618,▲+157.65%,76,71,147,112,905,995,2950,157
TXO,202606,20260617.0,43150.0,Call,-,-,-,-,1260,-,-,0,0,0,1,1230,1500,1860,1800
TXO,202606,20260617.0,43150.0,Put,550,705,450,705,985,▲+300,▲+74.07%,1,12,13,2,785,1020,705,435
TXO,202606,20260617.0,43200.0,Call,1360,1390,1080,1170,1230,▼-710,▼-37.77%,23,12,35,87,1200,1340,3260,200
TXO,202606,20260617.0,43200.0,Put,500,1050,500,1050,1010,▲+635,▲+153.01%,22,33,55,167,790,1040,3320,168
TXO,202606,20260617.0,43250.0,Call,1150,1150,1150,1150,1200,▼-690,▼-37.50%,2,1,3,2,1170,1440,1480,1010
TXO,202606,20260617.0,43250.0,Put,545,1070,525,1040,1030,▲+614,▲+144.13%,3,10,13,54,820,1060,1070,405
TXO,202606,20260617.0,43300.0,Call,1310,1310,1040,1120,1170,▼-680,▼-37.78%,5,10,15,62,1140,1400,3340,171
TXO,202606,20260617.0,43300.0,Put,800,1100,520,1080,1050,▲+639,▲+144.90%,46,84,130,168,850,1080,3360,181
TXO,202606,20260617.0,43350.0,Call,1030,1110,1030,1110,1140,▼-660,▼-37.29%,1,4,5,3,1110,1340,1110,950
TXO,202606,20260617.0,43350.0,Put,560,985,555,985,1070,▲+535,▲+118.89%,15,7,22,19,990,1100,1250,458
TXO,202606,20260617.0,43400.0,Call,1200,1200,990,1100,1110,▼-630,▼-36.42%,4,18,22,305,1080,1250,3310,187
TXO,202606,20260617.0,43400.0,Put,815,1150,520,1110,1090,▲+646,▲+139.22%,73,475,548,526,960,1120,3300,188
TXO,202606,20260617.0,43450.0,Call,-,-,-,-,1090,-,-,5,0,5,0,1050,1270,1370,1370
TXO,202606,20260617.0,43450.0,Put,1080,1180,1010,1180,1110,▲+702,▲+146.86%,3,3,6,1,885,1140,1180,487
TXO,202606,20260617.0,43500.0,Call,1180,1350,895,1010,1050,▼-640,▼-38.79%,98,205,303,227,1030,1070,3550,159
TXO,202606,20260617.0,43500.0,Put,860,1200,560,1140,1130,▲+651,▲+133.13%,189,299,488,426,1130,1160,3600,199
TXO,202606,20260617.0,43550.0,Call,985,985,965,970,1030,▼-650,▼-40.12%,0,3,3,3,1000,1270,1650,965
TXO,202606,20260617.0,43550.0,Put,815,1070,815,1070,1150,▲+570,▲+114.00%,5,5,10,5,1060,1190,1070,476
TXO,202606,20260617.0,43600.0,Call,1040,1250,920,930,1000,▼-650,▼-41.14%,11,69,80,152,975,1000,3490,151
TXO,202606,20260617.0,43600.0,Put,815,1140,630,1120,1180,▲+610,▲+119.61%,6,279,285,488,1030,1210,3020,216
TXO,202606,20260617.0,43650.0,Call,1010,1010,895,900,970,▼-650,▼-41.94%,0,18,18,13,945,1000,1010,895
TXO,202606,20260617.0,43650.0,Put,785,1230,785,1230,1200,▲+700,▲+132.08%,2,6,8,5,1060,1230,1230,530
TXO,202606,20260617.0,43700.0,Call,1380,1380,800,900,945,▼-610,▼-40.40%,10,44,54,70,920,1190,3080,203
TXO,202606,20260617.0,43700.0,Put,805,1300,645,1300,1220,▲+755,▲+138.53%,25,21,46,59,1200,1320,2210,234
TXO,202606,20260617.0,43750.0,Call,865,875,840,840,920,▼-640,▼-43.24%,0,6,6,14,895,1080,1260,840
TXO,202606,20260617.0,43750.0,Put,690,1050,690,1050,1250,▲+490,▲+87.50%,25,5,30,33,1170,1350,1340,575
TXO,202606,20260617.0,43800.0,Call,1080,1160,740,865,890,▼-575,▼-39.93%,20,99,119,293,875,890,3380,206
TXO,202606,20260617.0,43800.0,Put,990,1390,680,1390,1270,▲+815,▲+141.74%,69,77,146,222,1170,1350,2000,233
TXO,202606,20260617.0,43850.0,Call,1090,1090,950,950,870,▼-460,▼-32.62%,2,2,4,20,845,1060,1350,625
TXO,202606,20260617.0,43850.0,Put,-,-,-,-,1290,-,-,9,0,9,36,1180,1390,1190,550
TXO,202606,20260617.0,43900.0,Call,1100,1100,685,805,840,▼-565,▼-41.24%,9,448,457,123,820,840,3080,169
TXO,202606,20260617.0,43900.0,Put,1020,1370,730,1370,1320,▲+760,▲+124.59%,38,62,100,156,1240,1420,2190,255
TXO,202606,20260617.0,43950.0,Call,760,760,745,745,815,▼-595,▼-44.40%,0,8,8,7,795,1000,1170,595
TXO,202606,20260617.0,43950.0,Put,760,1420,760,1420,1340,▲+795,▲+127.20%,42,7,49,20,1190,1380,1420,500
TXO,202606,20260617.0,44000.0,Call,895,1210,660,785,785,▼-525,▼-40.08%,168,270,438,846,770,845,3210,155
TXO,202606,20260617.0,44000.0,Put,1100,1470,730,1400,1370,▲+755,▲+117.05%,395,272,667,513,1350,1460,3870,260
TXO,202606,20260617.0,44050.0,Call,955,955,715,715,770,▼-565,▼-44.14%,5,8,13,13,745,945,1200,600
TXO,202606,20260617.0,44050.0,Put,800,1130,800,1130,1400,▲+470,▲+71.21%,20,4,24,2,1260,1490,1210,800
TXO,202606,20260617.0,44100.0,Call,940,1060,635,725,745,▼-515,▼-41.53%,52,52,104,91,715,970,2740,100
TXO,202606,20260617.0,44100.0,Put,985,1110,830,1110,1420,▲+430,▲+63.24%,37,20,57,112,1330,1520,2170,279
TXO,202606,20260617.0,44150.0,Call,960,1020,660,660,725,▼-550,▼-45.45%,24,9,33,25,700,965,1280,530
TXO,202606,20260617.0,44150.0,Put,895,1100,895,1060,1450,▲+365,▲+52.52%,5,14,19,25,1380,1550,1860,895
TXO,202606,20260617.0,44200.0,Call,860,1080,600,670,700,▼-510,▼-43.22%,22,49,71,80,675,840,2990,142
TXO,202606,20260617.0,44200.0,Put,900,1450,900,1450,1480,▲+735,▲+102.80%,29,35,64,88,1380,1590,2330,287
TXO,202606,20260617.0,44250.0,Call,985,985,610,610,680,▼-540,▼-46.96%,25,6,31,26,655,900,985,610
TXO,202606,20260617.0,44250.0,Put,1280,1520,1280,1510,1500,▲+780,▲+106.85%,52,7,59,46,1410,1600,1910,315
TXO,202606,20260617.0,44300.0,Call,885,945,555,620,655,▼-500,▼-44.64%,41,21,62,87,635,880,2600,123
TXO,202606,20260617.0,44300.0,Put,1250,1600,850,1600,1530,▲+850,▲+113.33%,14,46,60,69,1430,1630,2430,314
TXO,202606,20260617.0,44350.0,Call,575,575,575,575,635,▼-515,▼-47.25%,21,1,22,30,615,830,865,575
TXO,202606,20260617.0,44350.0,Put,1030,1580,1030,1580,1560,▲+805,▲+103.87%,1,6,7,5,1370,1600,1580,328
TXO,202606,20260617.0,44400.0,Call,755,925,570,605,615,▼-455,▼-42.92%,79,42,121,62,590,620,2780,117
TXO,202606,20260617.0,44400.0,Put,1000,1760,945,1760,1590,▲+965,▲+121.38%,26,76,102,153,1440,1630,3190,330
TXO,202606,20260617.0,44450.0,Call,690,725,535,585,595,▼-445,▼-43.20%,2,13,15,26,570,640,815,505
TXO,202606,20260617.0,44450.0,Put,1000,1000,980,980,1620,▲+170,▲+20.99%,3,2,5,26,1440,1720,2050,382
TXO,202606,20260617.0,44500.0,Call,645,865,478,555,575,▼-445,▼-44.50%,102,259,361,304,550,575,2830,123
TXO,202606,20260617.0,44500.0,Put,995,1800,930,1690,1650,▲+855,▲+102.40%,98,121,219,247,1500,1690,4180,344
TXO,202606,20260617.0,44550.0,Call,635,635,475,505,555,▼-465,▼-47.94%,1,19,20,18,535,775,1260,466
TXO,202606,20260617.0,44550.0,Put,-,-,-,-,1680,-,-,3,0,3,6,1530,1780,1320,460
TXO,202606,20260617.0,44600.0,Call,730,815,430,520,535,▼-425,▼-44.97%,31,68,99,102,515,555,2800,109
TXO,202606,20260617.0,44600.0,Put,1150,1420,975,1390,1710,▲+510,▲+57.95%,44,19,63,96,1620,1810,2500,375
TXO,202606,20260617.0,44650.0,Call,790,790,444,444,515,▼-471,▼-51.48%,19,6,25,51,500,755,920,444
TXO,202606,20260617.0,44650.0,Put,-,-,-,-,1740,-,-,9,0,9,9,1660,1820,1820,409
TXO,202606,20260617.0,44700.0,Call,565,765,414,484,497,▼-401,▼-45.31%,97,148,245,179,477,515,2510,101
TXO,202606,20260617.0,44700.0,Put,1630,1810,1630,1810,1770,▲+890,▲+96.74%,23,6,29,41,1670,1870,2410,360
TXO,202606,20260617.0,44750.0,Call,615,745,440,457,480,▼-403,▼-46.86%,4,14,18,37,465,680,2310,422
TXO,202606,20260617.0,44750.0,Put,-,-,-,-,1810,-,-,2,0,2,18,1720,1910,1490,402
TXO,202606,20260617.0,44800.0,Call,470,720,369,369,463,▼-466,▼-55.81%,91,38,129,75,447,600,2570,100
TXO,202606,20260617.0,44800.0,Put,1390,1900,1390,1810,1840,▲+840,▲+86.60%,45,6,51,61,1730,1950,2800,321
TXO,202606,20260617.0,44850.0,Call,485,525,408,415,446,▼-395,▼-48.77%,12,16,28,50,428,625,995,399
TXO,202606,20260617.0,44850.0,Put,-,-,-,-,1870,-,-,0,0,0,5,1790,1960,1310,490
TXO,202606,20260617.0,44900.0,Call,520,680,355,422,430,▼-358,▼-45.90%,37,262,299,561,409,440,2500,91
TXO,202606,20260617.0,44900.0,Put,1260,1940,1260,1940,1910,▲+920,▲+90.20%,8,4,12,228,1880,1990,2370,431
TXO,202606,20260617.0,44950.0,Call,520,520,380,380,412,▼-380,▼-50.00%,2,10,12,27,394,645,1260,370
TXO,202606,20260617.0,44950.0,Put,-,-,-,-,1940,-,-,3,0,3,30,1860,2040,2400,490
TXO,202606,20260617.0,45000.0,Call,520,650,320,386,393,▼-354,▼-47.84%,600,616,1216,1274,378,393,2430,78
TXO,202606,20260617.0,45000.0,Put,1700,2100,1210,2020,1970,▲+940,▲+87.04%,251,101,352,377,1790,2020,3700,455
TXO,202606,20260617.0,45050.0,Call,620,620,312,312,381,▼-398,▼-56.06%,11,10,21,33,362,580,1170,9.6
TXO,202606,20260617.0,45050.0,Put,-,-,-,-,2010,-,-,0,0,0,37,1940,2060,1500,505
TXO,202606,20260617.0,45100.0,Call,465,595,301,354,367,▼-336,▼-48.70%,19,25,44,215,265,435,2340,100
TXO,202606,20260617.0,45100.0,Put,2210,2210,2210,2210,2040,▲+1090,▲+97.32%,187,1,188,44,1970,2110,2270,500
TXO,202606,20260617.0,45150.0,Call,545,575,545,545,354,▼-120,▼-18.05%,9,5,14,30,296,471,1110,360
TXO,202606,20260617.0,45150.0,Put,-,-,-,-,2080,-,-,0,0,0,12,1990,2130,985,575
TXO,202606,20260617.0,45200.0,Call,397,555,254,308,337,▼-337,▼-52.25%,52,66,118,215,319,412,2320,66
TXO,202606,20260617.0,45200.0,Put,1340,2150,1340,2150,2110,▲+970,▲+82.20%,6,45,51,76,1970,2160,2510,505
TXO,202606,20260617.0,45250.0,Call,322,540,285,285,324,▼-340,▼-54.40%,1,14,15,10,306,398,1710,285
TXO,202606,20260617.0,45250.0,Put,-,-,-,-,2150,-,-,0,0,0,15,2080,2240,1900,535
TXO,202606,20260617.0,45300.0,Call,463,520,268,294,313,▼-306,▼-51.00%,28,36,64,58,294,510,2200,90
TXO,202606,20260617.0,45300.0,Put,1800,2090,1800,2090,2190,▲+850,▲+68.55%,0,2,2,45,2060,2250,3130,545
TXO,202606,20260617.0,45350.0,Call,500,500,500,500,302,▼-80,▼-13.79%,3,1,4,24,241,444,990,284
TXO,202606,20260617.0,45350.0,Put,2300,2300,2300,2300,2230,▲+1040,▲+82.54%,0,1,1,14,2060,2260,2300,560
TXO,202606,20260617.0,45400.0,Call,374,479,222,269,287,▼-286,▼-51.53%,14,27,41,108,269,287,2100,59
TXO,202606,20260617.0,45400.0,Put,1750,2090,1750,2090,2260,▲+800,▲+62.02%,12,4,16,55,2190,2360,2700,600
TXO,202606,20260617.0,45450.0,Call,248,248,248,248,277,▼-292,▼-54.07%,5,1,6,14,223,286,1210,248
TXO,202606,20260617.0,45450.0,Put,-,-,-,-,2300,-,-,0,0,0,2,2140,2380,1350,610
TXO,202606,20260617.0,45500.0,Call,310,449,211,248,266,▼-272,▼-52.31%,164,248,412,525,248,267,2060,50
TXO,202606,20260617.0,45500.0,Put,1650,2110,1650,2110,2340,▲+750,▲+55.15%,15,160,175,341,2200,2410,4130,500
TXO,202606,20260617.0,45550.0,Call,356,356,213,220,254,▼-280,▼-56.00%,2,25,27,30,235,261,930,213
TXO,202606,20260617.0,45550.0,Put,2000,2100,2000,2100,2380,▲+710,▲+51.08%,0,3,3,7,2290,2460,2100,635
TXO,202606,20260617.0,45600.0,Call,350,417,195,205,243,▼-279,▼-57.64%,30,58,88,223,226,249,2020,49.5
TXO,202606,20260617.0,45600.0,Put,1860,1860,1860,1860,2420,▲+440,▲+30.99%,2,1,3,117,2270,2480,3380,615
TXO,202606,20260617.0,45650.0,Call,-,-,-,-,232,-,-,5,0,5,8,198,252,1130,313
TXO,202606,20260617.0,45650.0,Put,-,-,-,-,2460,-,-,0,0,0,2,2300,2510,2100,660
TXO,202606,20260617.0,45700.0,Call,360,365,189,189,220,▼-260,▼-57.91%,13,20,33,98,200,415,1830,65
TXO,202606,20260617.0,45700.0,Put,-,-,-,-,2500,-,-,2,0,2,30,2410,2600,3960,665
TXO,202606,20260617.0,45750.0,Call,198,198,166,190,210,▼-242,▼-56.02%,9,3,12,6,190,417,825,166
TXO,202606,20260617.0,45750.0,Put,-,-,-,-,2540,-,-,0,0,0,5,2370,2590,1340,740
TXO,202606,20260617.0,45800.0,Call,330,344,158,191,200,▼-225,▼-54.09%,42,73,115,162,182,200,1860,47.5
TXO,202606,20260617.0,45800.0,Put,2250,2520,2240,2500,2580,▲+950,▲+61.29%,14,12,26,52,2500,2630,2850,680
TXO,202606,20260617.0,45850.0,Call,332,333,163,166,192,▼-233,▼-58.40%,6,21,27,6,185,254,1300,163
TXO,202606,20260617.0,45850.0,Put,-,-,-,-,2620,-,-,0,0,0,11,2530,2720,2560,750
TXO,202606,20260617.0,45900.0,Call,275,319,145,160,184,▼-224,▼-58.33%,10,34,44,88,165,343,1760,45.5
TXO,202606,20260617.0,45900.0,Put,2250,2250,2250,2250,2660,▲+630,▲+38.89%,0,1,1,32,2580,2700,3010,750
TXO,202606,20260617.0,45950.0,Call,222,222,160,165,176,▼-203,▼-55.16%,1,7,8,13,159,372,1480,160
TXO,202606,20260617.0,45950.0,Put,-,-,-,-,2700,-,-,0,0,0,7,2540,2800,930,780
TXO,202606,20260617.0,46000.0,Call,222,300,130,160,169,▼-194,▼-54.80%,413,608,1021,1263,158,163,1760,35
TXO,202606,20260617.0,46000.0,Put,2060,2880,2030,2870,2740,▲+1180,▲+69.82%,7,5,12,240,2620,2850,3500,755
TXO,202606,20260617.0,46050.0,Call,222,222,123,153,161,▼-188,▼-55.13%,6,8,14,20,143,361,1430,123
TXO,202606,20260617.0,46050.0,Put,-,-,-,-,2790,-,-,0,0,0,6,2610,2860,1270,810
TXO,202606,20260617.0,46100.0,Call,218,228,124,135,154,▼-187,▼-58.07%,11,32,43,80,136,157,1700,34
TXO,202606,20260617.0,46100.0,Put,-,-,-,-,2830,-,-,0,0,0,27,2630,2930,3250,820
TXO,202606,20260617.0,46150.0,Call,-,-,-,-,147,-,-,0,0,0,3,96,347,1430,158
TXO,202606,20260617.0,46150.0,Put,-,-,-,-,2870,-,-,0,0,0,7,2830,2950,1310,855
TXO,202606,20260617.0,46200.0,Call,207,226,106,129,138,▼-171,▼-57.00%,24,46,70,123,118,144,1640,31.5
TXO,202606,20260617.0,46200.0,Put,2360,2360,2360,2360,2910,▲+530,▲+28.96%,0,2,2,41,2830,3140,3600,850
TXO,202606,20260617.0,46250.0,Call,236,236,117,117,131,▼-175,▼-59.93%,1,7,8,17,116,137,1460,117
TXO,202606,20260617.0,46250.0,Put,-,-,-,-,2960,-,-,0,0,0,2,2690,3180,970,915
TXO,202606,20260617.0,46300.0,Call,173,220,97,116,125,▼-160,▼-57.97%,13,80,93,162,109,183,1590,29
TXO,202606,20260617.0,46300.0,Put,-,-,-,-,3000,-,-,2,0,2,25,2730,-,3910,895
TXO,202606,20260617.0,46350.0,Call,139,139,105,110,119,▼-155,▼-58.49%,0,6,6,37,105,322,1400,105
TXO,202606,20260617.0,46350.0,Put,-,-,-,-,3040,-,-,0,0,0,10,2770,3270,2730,985
TXO,202606,20260617.0,46400.0,Call,162,206,88,106,114,▼-147,▼-58.10%,29,70,99,86,95,319,1490,28
TXO,202606,20260617.0,46400.0,Put,-,-,-,-,3090,-,-,0,0,0,40,2820,3310,3990,915
TXO,202606,20260617.0,46450.0,Call,93,96,90,90,108,▼-153,▼-62.96%,0,16,16,33,93,321,1390,90
TXO,202606,20260617.0,46450.0,Put,-,-,-,-,3130,-,-,0,0,0,6,2860,3360,1740,1000
TXO,202606,20260617.0,46500.0,Call,122,201,80,95,100,▼-138,▼-59.23%,96,215,311,1962,88,100,1490,23.5
TXO,202606,20260617.0,46500.0,Put,-,-,-,-,3180,-,-,0,0,0,184,2910,3400,4400,960
TXO,202606,20260617.0,46550.0,Call,143,163,75,94,94,▼-129,▼-57.85%,5,24,29,73,82,103,1320,75
TXO,202606,20260617.0,46550.0,Put,-,-,-,-,3220,-,-,0,0,0,14,2950,3450,1120,975
TXO,202606,20260617.0,46600.0,Call,171,171,70,87,90,▼-129,▼-59.72%,32,63,95,131,77,90,1400,31.5
TXO,202606,20260617.0,46600.0,Put,-,-,-,-,3270,-,-,2,0,2,24,2990,3490,3050,995
TXO,202606,20260617.0,46650.0,Call,-,-,-,-,89,-,-,2,0,2,161,49,301,1370,96
TXO,202606,20260617.0,46650.0,Put,-,-,-,-,3310,-,-,0,0,0,5,3040,3540,2640,1070
TXO,202606,20260617.0,46700.0,Call,125,151,67,78,84,▼-118,▼-60.20%,16,51,67,129,69,88,1410,30
TXO,202606,20260617.0,46700.0,Put,3510,3510,3450,3450,3360,▲+1220,▲+54.71%,0,3,3,18,3100,3580,3510,1100
TXO,202606,20260617.0,46750.0,Call,128,130,103,105,80,▼-83,▼-44.15%,48,5,53,82,35,85,1230,80
TXO,202606,20260617.0,46750.0,Put,-,-,-,-,3410,-,-,0,0,0,1,3130,3630,1670,1200
TXO,202606,20260617.0,46800.0,Call,126,126,60,73,73,▼-107,▼-59.44%,25,84,109,186,60,80,1300,27.5
TXO,202606,20260617.0,46800.0,Put,3050,3670,3050,3670,3450,▲+1360,▲+58.87%,2,7,9,18,3160,4500,3740,1160
TXO,202606,20260617.0,46850.0,Call,126,126,126,126,73,▼-47,▼-27.17%,5,1,6,8,35.5,127,1180,85
TXO,202606,20260617.0,46850.0,Put,-,-,-,-,3500,-,-,0,0,0,6,3220,3720,1270,1260
TXO,202606,20260617.0,46900.0,Call,116,132,54,63,69,▼-102,▼-61.82%,66,98,164,228,55,72,1250,18
TXO,202606,20260617.0,46900.0,Put,-,-,-,-,3540,-,-,0,0,0,11,3270,3770,4550,1180
TXO,202606,20260617.0,46950.0,Call,89,101,52,52,66,▼-106,▼-67.09%,1,9,10,9,46.5,70,860,52
TXO,202606,20260617.0,46950.0,Put,-,-,-,-,3590,-,-,0,0,0,0,3320,-,-,-
TXO,202606,20260617.0,47000.0,Call,99,125,49,55,63,▼-99,▼-64.29%,389,635,1024,1365,49.5,66,1200,20
TXO,202606,20260617.0,47000.0,Put,3870,3870,3870,3870,3640,▲+1390,▲+56.05%,0,1,1,75,3360,3860,4420,1200
TXO,202606,20260617.0,47050.0,Call,74,74,46,49.5,60,▼-98.5,▼-66.55%,11,101,112,116,44,63,690,20.5
TXO,202606,20260617.0,47050.0,Put,-,-,-,-,3680,-,-,0,0,0,0,3410,3910,-,-
TXO,202606,20260617.0,47100.0,Call,86,100,44.5,49,54,▼-88,▼-64.23%,11,72,83,190,39.5,101,1120,22.5
TXO,202606,20260617.0,47100.0,Put,-,-,-,-,3730,-,-,0,0,0,6,3460,-,4070,1340
TXO,202606,20260617.0,47150.0,Call,75,75,43,43,51,▼-88,▼-67.18%,0,19,19,28,36.5,58,810,43
TXO,202606,20260617.0,47150.0,Put,-,-,-,-,3780,-,-,0,0,0,0,3500,4000,-,-
TXO,202606,20260617.0,47200.0,Call,79,99,37,45.5,48.5,▼-77.5,▼-63.01%,29,120,149,217,34,85,1110,20.5
TXO,202606,20260617.0,47200.0,Put,4080,4080,4080,4080,3820,▲+1420,▲+53.38%,0,2,2,10,3510,4050,4830,1360
TXO,202606,20260617.0,47250.0,Call,-,-,-,-,46,-,-,1,0,1,7,13.5,260,260,55
TXO,202606,20260617.0,47250.0,Put,-,-,-,-,3870,-,-,0,0,0,0,3600,4100,-,-
TXO,202606,20260617.0,47300.0,Call,65,65,34,37,43.5,▼-77,▼-67.54%,5,13,18,100,37.5,48,1040,19.5
TXO,202606,20260617.0,47300.0,Put,-,-,-,-,3920,-,-,0,0,0,8,3650,-,4000,1400
TXO,202606,20260617.0,47350.0,Call,90,90,43.5,43.5,43.5,▼-68.5,▼-61.16%,1,3,4,4,25,48,400,42
TXO,202606,20260617.0,47350.0,Put,-,-,-,-,3970,-,-,0,0,0,0,3690,4190,-,-
TXO,202606,20260617.0,47400.0,Call,45.5,79,31,32.5,39.5,▼-71.5,▼-68.75%,30,79,109,89,30,44,1000,11.5
TXO,202606,20260617.0,47400.0,Put,-,-,-,-,4010,-,-,0,0,0,1,3710,4160,3580,2010
TXO,202606,20260617.0,47450.0,Call,72,77,30.5,30.5,37.5,▼-68.5,▼-69.19%,10,18,28,18,24,42.5,480,30.5
TXO,202606,20260617.0,47450.0,Put,-,-,-,-,4060,-,-,0,0,0,0,3790,4290,-,-
TXO,202606,20260617.0,47500.0,Call,70,73,28,32,35.5,▼-65,▼-67.01%,75,143,218,479,26.5,37.5,960,17
TXO,202606,20260617.0,47500.0,Put,-,-,-,-,4110,-,-,0,0,0,14,3830,4340,5000,1470
TXO,202606,20260617.0,47550.0,Call,77,77,26.5,27,33.5,▼-63,▼-70.00%,4,41,45,40,20,36.5,240,26.5
TXO,202606,20260617.0,47550.0,Put,-,-,-,-,4160,-,-,0,0,0,0,3880,-,-,-
TXO,202606,20260617.0,47600.0,Call,47.5,73,26,30.5,30.5,▼-54.5,▼-64.12%,8,41,49,267,17,36,895,12
TXO,202606,20260617.0,47600.0,Put,-,-,-,-,4210,-,-,0,0,0,1,3930,-,2250,1850
TXO,202606,20260617.0,47650.0,Call,40,40,27.5,27.5,30,▼-53.5,▼-66.05%,4,26,30,24,16,34.5,515,27.5
TXO,202606,20260617.0,47650.0,Put,-,-,-,-,4250,-,-,0,0,0,0,3980,4480,-,-
TXO,202606,20260617.0,47700.0,Call,59,66,24,24,28.5,▼-51,▼-68.00%,1,33,34,274,20.5,35,905,13.5
TXO,202606,20260617.0,47700.0,Put,-,-,-,-,4300,-,-,1,0,1,0,4030,4530,3250,1700
TXO,202606,20260617.0,47750.0,Call,43.5,43.5,21.5,22,25.5,▼-52,▼-70.27%,4,31,35,27,13,34,98,21.5
TXO,202606,20260617.0,47750.0,Put,-,-,-,-,4350,-,-,0,0,0,0,4080,4580,1830,1800
TXO,202606,20260617.0,47800.0,Call,27,59,21,21,25,▼-51,▼-70.83%,13,190,203,305,11.5,32.5,850,14
TXO,202606,20260617.0,47800.0,Put,-,-,-,-,4400,-,-,0,0,0,6,4120,4630,5400,1650
TXO,202606,20260617.0,47850.0,Call,36,36,21,21,24,▼-45,▼-68.18%,3,2,5,8,11.5,30,530,21
TXO,202606,20260617.0,47850.0,Put,-,-,-,-,4450,-,-,0,0,0,0,4170,4680,-,-
TXO,202606,20260617.0,47900.0,Call,55,55,19,19,23,▼-44,▼-69.84%,16,73,89,173,9.3,30.5,810,7.5
TXO,202606,20260617.0,47900.0,Put,-,-,-,-,4500,-,-,0,0,0,1,4260,-,2580,2040
TXO,202606,20260617.0,48000.0,Call,38,80,17.5,19.5,19.5,▼-40.5,▼-67.50%,306,555,861,1605,19,30,805,9.8
TXO,202606,20260617.0,48000.0,Put,-,-,-,-,4600,-,-,0,0,0,13,4320,-,5220,1780
TXO,202606,20260617.0,48100.0,Call,20,40.5,10,14,19,▼-36,▼-72.00%,20,161,181,213,4.2,26.5,750,10
TXO,202606,20260617.0,48100.0,Put,-,-,-,-,4690,-,-,0,0,0,2,4420,4920,2630,1820
TXO,202606,20260617.0,48200.0,Call,32.5,42,14,14,15.5,▼-27,▼-65.85%,45,112,157,277,2.5,15.5,675,9.9
TXO,202606,20260617.0,48200.0,Put,-,-,-,-,4790,-,-,0,0,0,2,4520,5020,2320,1910
TXO,202606,20260617.0,48300.0,Call,22,39,15,15,15,▼-24.5,▼-62.03%,40,40,80,397,5.4,26.5,655,5.7
TXO,202606,20260617.0,48300.0,Put,-,-,-,-,4890,-,-,0,0,0,4,4610,5120,3100,2080
TXO,202606,20260617.0,48400.0,Call,22,25.5,13.5,14,14,▼-21.5,▼-60.56%,28,22,50,49,5,21.5,580,13.5
TXO,202606,20260617.0,48400.0,Put,-,-,-,-,4990,-,-,0,0,0,1,4710,5220,2190,2190
TXO,202606,20260617.0,48500.0,Call,24.5,32,10.5,10.5,11,▼-25,▼-70.42%,89,149,238,340,10,11,630,10.5
TXO,202606,20260617.0,48500.0,Put,-,-,-,-,5090,-,-,0,0,0,1,4810,-,4270,2280
TXO,202606,20260617.0,48600.0,Call,21,29,10,10.5,10.5,▼-19.5,▼-65.00%,35,56,91,42,1.6,23.5,640,10
TXO,202606,20260617.0,48600.0,Put,-,-,-,-,5190,-,-,0,0,0,1,4910,-,3980,3980
TXO,202606,20260617.0,48700.0,Call,25,25.5,8.9,8.9,10.5,▼-19.1,▼-68.21%,46,39,85,143,7,21.5,535,8.9
TXO,202606,20260617.0,48700.0,Put,-,-,-,-,5280,-,-,0,0,0,0,5010,-,3080,2630
TXO,202606,20260617.0,48800.0,Call,15,15,10,10,10,▼-15.5,▼-60.78%,20,9,29,356,1.2,17.5,525,10
TXO,202606,20260617.0,48800.0,Put,-,-,-,-,5380,-,-,0,0,0,1,5110,-,4560,2400
TXO,202606,20260617.0,48900.0,Call,15,15,13,13,9.8,▼-12,▼-48.00%,1,7,8,18,1.2,21,465,13
TXO,202606,20260617.0,48900.0,Put,-,-,-,-,5480,-,-,0,0,0,0,5210,5710,2870,2400
TXO,202606,20260617.0,49000.0,Call,12.5,18.5,6.5,6.5,9.5,▼-14,▼-68.29%,175,261,436,759,6.2,11.5,493,6.5
TXO,202606,20260617.0,49000.0,Put,-,-,-,-,5580,-,-,0,0,0,0,5300,5810,-,-
TXO,202606,20260617.0,49100.0,Call,13,14.5,7.9,8.2,8.2,▼-10.8,▼-56.84%,5,60,65,41,3.2,17.5,430,7.9
TXO,202606,20260617.0,49100.0,Put,-,-,-,-,5680,-,-,0,0,0,0,5410,5910,3060,2660
TXO,202606,20260617.0,49200.0,Call,13,13,9.6,9.7,7.9,▼-7.3,▼-42.94%,2,76,78,53,2.2,19,400,9.6
TXO,202606,20260617.0,49200.0,Put,-,-,-,-,5780,-,-,0,0,0,0,5500,6010,-,-
TXO,202606,20260617.0,49300.0,Call,10,14,6,7.2,7.2,▼-8.8,▼-55.00%,3,59,62,26,1,18.5,366,6
TXO,202606,20260617.0,49300.0,Put,-,-,-,-,5880,-,-,0,0,0,2,5600,6110,4450,2970
TXO,202606,20260617.0,49400.0,Call,10.5,11,8,8,6.8,▼-6,▼-42.86%,43,5,48,27,6,15.5,332,8
TXO,202606,20260617.0,49400.0,Put,-,-,-,-,5980,-,-,0,0,0,0,5700,6210,-,-
TXO,202606,20260617.0,49500.0,Call,13,13,4.5,4.5,6.5,▼-8.5,▼-65.38%,5,10,15,110,0.3,10,397,4.5
TXO,202606,20260617.0,49500.0,Put,-,-,-,-,6080,-,-,0,0,0,0,5800,6310,-,-
TXO,202606,20260617.0,49600.0,Call,10,10,7.6,7.6,6.1,▼-3.9,▼-33.91%,0,4,4,73,0.6,17.5,340,7.6
TXO,202606,20260617.0,49600.0,Put,-,-,-,-,6180,-,-,0,0,0,1,5900,6410,4460,4460
TXO,202606,20260617.0,49700.0,Call,8.9,8.9,6.6,6.6,5.8,▼-3.9,▼-37.14%,4,4,8,49,1.2,7.7,300,6.6
TXO,202606,20260617.0,49700.0,Put,-,-,-,-,6280,-,-,0,0,0,0,6000,6510,-,-
TXO,202606,20260617.0,49800.0,Call,9,9,6.4,6.4,5.5,▼-4.1,▼-39.05%,7,12,19,52,3.1,10,285,6.4
TXO,202606,20260617.0,49800.0,Put,-,-,-,-,6380,-,-,0,0,0,0,6100,6610,-,-
TXO,202606,20260617.0,49900.0,Call,-,-,-,-,5.2,-,-,0,0,0,60,1,16,280,10.5
TXO,202606,20260617.0,49900.0,Put,-,-,-,-,6480,-,-,0,0,0,0,6200,6710,-,-
TXO,202606,20260617.0,50000.0,Call,6.1,10.5,4,6,5,▼-4,▼-40.00%,269,47,316,1404,3.2,5.9,303,2
TXO,202606,20260617.0,50000.0,Put,-,-,-,-,6580,-,-,0,0,0,2,6300,6810,3800,3800
TXO,202606,20260617.0,50100.0,Call,-,-,-,-,4.5,-,-,0,0,0,75,0.2,10,290,7.8
TXO,202606,20260617.0,50100.0,Put,-,-,-,-,6680,-,-,0,0,0,0,6400,6910,-,-
TXO,202606,20260617.0,50200.0,Call,2.2,4.6,2.2,4.6,4,▼-5.4,▼-54.00%,16,8,24,244,2.7,15,268,0.2
TXO,202606,20260617.0,50200.0,Put,-,-,-,-,6780,-,-,0,0,0,0,6500,7010,-,-
TXO,202606,20260617.0,50300.0,Call,6,7,5,5,3.6,▼-5,▼-50.00%,14,23,37,25,0.2,14.5,230,1.1
TXO,202606,20260617.0,50300.0,Put,-,-,-,-,6880,-,-,0,0,0,0,6600,7110,-,-
TXO,202606,20260617.0,50400.0,Call,4.2,4.2,4.2,4.2,3.2,▼-5.8,▼-58.00%,0,1,1,50,0.4,4.5,218,4.2
TXO,202606,20260617.0,50400.0,Put,-,-,-,-,6980,-,-,0,0,0,0,6700,7210,-,-
TXO,202606,20260617.0,50500.0,Call,8.9,8.9,1.3,1.3,2.9,▼-7.9,▼-85.87%,0,731,731,786,-,1.3,215,0.3
TXO,202606,20260617.0,50500.0,Put,-,-,-,-,7080,-,-,0,0,0,0,6800,7310,-,-
TXO,202606,20260617.0,50600.0,Call,-,-,-,-,2.6,-,-,0,0,0,43,-,1.6,185,5
TXO,202606,20260617.0,50600.0,Put,-,-,-,-,7180,-,-,0,0,0,0,6900,7410,-,-
TXO,202606,20260617.0,50700.0,Call,1.3,1.3,1.2,1.2,2.3,▼-6.6,▼-84.62%,0,75,75,84,-,1.3,172,1.2
TXO,202606,20260617.0,50700.0,Put,-,-,-,-,7280,-,-,0,0,0,0,7000,7510,-,-
TXO,202606,20260617.0,50800.0,Call,3.8,4,3.8,4,2.1,▼-3.1,▼-43.66%,0,2,2,93,-,8.2,169,1.4
TXO,202606,20260617.0,50800.0,Put,-,-,-,-,7380,-,-,0,0,0,0,7100,7610,-,-
TXO,202606,20260617.0,50900.0,Call,6,6,3.7,4.6,1.9,▼-2,▼-30.30%,1,12,13,100,-,6,219,3.6
TXO,202606,20260617.0,50900.0,Put,-,-,-,-,7480,-,-,0,0,0,0,7200,7710,-,-
TXO,202606,20260617.0,51000.0,Call,3.8,4.1,2,2,1.7,▼-4.1,▼-67.21%,3,117,120,447,0.5,1.2,200,2
TXO,202606,20260617.0,51000.0,Put,-,-,-,-,7580,-,-,0,0,0,0,7300,7810,-,-
TXO,202606,20260617.0,51100.0,Call,1,1,1,1,1.6,▼-4.5,▼-81.82%,0,10,10,23,-,1,135,0.3
TXO,202606,20260617.0,51100.0,Put,-,-,-,-,7670,-,-,0,0,0,0,7400,7910,-,-
TXO,202606,20260617.0,51200.0,Call,1.4,1.4,1.4,1.4,1.4,▼-3.6,▼-72.00%,0,5,5,60,0.2,1.5,187,1.4
TXO,202606,20260617.0,51200.0,Put,-,-,-,-,7770,-,-,0,0,0,0,7500,8010,-,-
TXO,202606,20260617.0,51300.0,Call,3.5,3.5,3.5,3.5,1.3,▼-1.1,▼-23.91%,0,1,1,6,-,1.4,121,3.5
TXO,202606,20260617.0,51300.0,Put,-,-,-,-,7870,-,-,0,0,0,0,7590,8110,-,-
TXO,202606,20260617.0,51400.0,Call,2,2,1.5,1.5,1.1,▼-2.7,▼-64.29%,14,5,19,30,-,1.5,121,1.5
TXO,202606,20260617.0,51400.0,Put,-,-,-,-,7970,-,-,0,0,0,0,7690,8210,-,-
TXO,202606,20260617.0,51500.0,Call,3,3.3,1,1,1,▼-2.8,▼-73.68%,7,10,17,188,-,1.1,124,1
TXO,202606,20260617.0,51500.0,Put,-,-,-,-,8070,-,-,0,0,0,0,7790,8310,-,-
TXO,202606,20260617.0,51600.0,Call,-,-,-,-,1,-,-,0,0,0,19,0.3,12,98,4.8
TXO,202606,20260617.0,51600.0,Put,-,-,-,-,8170,-,-,0,0,0,0,7890,8410,-,-
TXO,202606,20260617.0,51700.0,Call,-,-,-,-,1,-,-,0,0,0,26,0.5,11,96,5.6
TXO,202606,20260617.0,51700.0,Put,-,-,-,-,8270,-,-,0,0,0,0,8000,8510,-,-
TXO,202606,20260617.0,51800.0,Call,-,-,-,-,1,-,-,0,0,0,0,-,10.5,-,-
TXO,202606,20260617.0,51800.0,Put,-,-,-,-,8370,-,-,0,0,0,0,8100,8610,-,-
TXO,202606,20260617.0,51900.0,Call,-,-,-,-,1,-,-,0,0,0,5,-,10.5,72,16.5
TXO,202606,20260617.0,51900.0,Put,-,-,-,-,8470,-,-,0,0,0,0,8200,8710,-,-
TXO,202606,20260617.0,52000.0,Call,1,2.2,1,1.5,1,▲+0.1,▲+7.14%,290,24,314,3294,0.5,3.8,87,0.6
TXO,202606,20260617.0,52000.0,Put,-,-,-,-,8570,-,-,0,0,0,0,8300,8810,-,-
TXO,202606,20260617.0,52100.0,Call,-,-,-,-,1,-,-,2,0,2,223,-,8.7,80,1.3
TXO,202606,20260617.0,52100.0,Put,-,-,-,-,8670,-,-,0,0,0,0,8390,8910,-,-
TXO,202606,20260617.0,52200.0,Call,3.3,3.3,1,1,1,▼-0.4,▼-28.57%,0,28,28,308,-,1,160,1
TXO,202606,20260617.0,52200.0,Put,-,-,-,-,8770,-,-,0,0,0,0,8490,9010,-,-
TXO,202606,20260617.0,52300.0,Call,-,-,-,-,1,-,-,0,0,0,126,-,10.5,60,1.1
TXO,202606,20260617.0,52300.0,Put,-,-,-,-,8870,-,-,0,0,0,0,8590,9110,-,-
TXO,202606,20260617.0,52400.0,Call,1.3,1.3,1.3,1.3,1,0,0%,2,8,10,133,-,10,65,1
TXO,202606,20260617.0,52400.0,Put,-,-,-,-,8970,-,-,0,0,0,0,8690,9210,-,-
TXO,202606,20260617.0,52500.0,Call,-,-,-,-,1,-,-,0,0,0,45,-,10.5,18,1.1
TXO,202606,20260617.0,52500.0,Put,-,-,-,-,9070,-,-,0,0,0,0,8790,9310,-,-
TXO,202606,20260617.0,52600.0,Call,-,-,-,-,1,-,-,0,0,0,1,-,10,12,12
TXO,202606,20260617.0,52600.0,Put,-,-,-,-,9170,-,-,0,0,0,0,8890,9410,-,-
TXO,202606,20260617.0,52700.0,Call,1.1,1.1,1.1,1.1,1,0,0%,0,1,1,4,-,10,9.4,1.1
TXO,202606,20260617.0,52700.0,Put,-,-,-,-,9270,-,-,0,0,0,0,8990,9510,-,-
TXO,202606,20260617.0,52800.0,Call,-,-,-,-,1,-,-,0,0,0,15,-,10,13,1.2
TXO,202606,20260617.0,52800.0,Put,-,-,-,-,9370,-,-,0,0,0,0,9090,9610,-,-
TXO,202606,20260617.0,52900.0,Call,-,-,-,-,1,-,-,0,0,0,5,-,10,14,5
TXO,202606,20260617.0,52900.0,Put,-,-,-,-,9470,-,-,0,0,0,0,9190,9710,-,-
TXO,202606,20260617.0,53000.0,Call,1.5,1.5,1.2,1.2,1,▲+0.3,▲+33.33%,0,3,3,688,-,3.1,18,1.2
TXO,202606,20260617.0,53000.0,Put,-,-,-,-,9570,-,-,0,0,0,0,9290,9810,-,-
TXO,202606,20260617.0,53100.0,Call,-,-,-,-,1,-,-,0,0,0,3,-,10,12,11
TXO,202606,20260617.0,53100.0,Put,-,-,-,-,9670,-,-,0,0,0,0,9390,9910,-,-
TXO,202606,20260617.0,53200.0,Call,-,-,-,-,1,-,-,0,0,0,1,-,10.5,11,11
TXO,202606,20260617.0,53200.0,Put,-,-,-,-,9770,-,-,0,0,0,0,9490,10010,-,-
TXO,202606,20260617.0,53300.0,Call,1,1,1,1,1,▲+0.4,▲+66.67%,0,1,1,1,-,10.5,16.5,1
TXO,202606,20260617.0,53300.0,Put,-,-,-,-,9870,-,-,0,0,0,0,9590,10110,-,-
TXO,202606,20260617.0,53400.0,Call,1,1,0.6,0.6,0.9,▲+0.1,▲+20.00%,0,2,2,2,-,9.9,12.5,0.3
TXO,202606,20260617.0,53400.0,Put,-,-,-,-,9970,-,-,0,0,0,0,9690,10210,-,-
TXO,202606,20260617.0,53500.0,Call,2.9,2.9,0.1,1.2,0.9,▲+0.8,▲+200.00%,84,49,133,383,0.2,1.4,26,0.1
TXO,202606,20260617.0,53500.0,Put,-,-,-,-,10070,-,-,0,0,0,0,9790,10310,-,-
TXO,202606F3,20260622.0,39100.0,Call,-,-,-,-,4590,-,-,0,0,0,0,-,-,-,-
TXO,202606F3,20260622.0,39100.0,Put,128,278,93,278,257,▲+190,▲+215.91%,10,15,25,12,163,279,278,88
TXO,202606F3,20260622.0,39200.0,Call,-,-,-,-,4510,-,-,0,0,0,0,4460,-,-,-
TXO,202606F3,20260622.0,39200.0,Put,121,121,121,121,271,▲+31,▲+34.44%,0,1,1,1,182,359,121,121
TXO,202606F3,20260622.0,39300.0,Call,-,-,-,-,4420,-,-,0,0,0,0,4370,-,-,-
TXO,202606F3,20260622.0,39300.0,Put,-,-,-,-,281,-,-,0,0,0,0,120,-,-,-
TXO,202606F3,20260622.0,39400.0,Call,-,-,-,-,4330,-,-,0,0,0,0,-,-,-,-
TXO,202606F3,20260622.0,39400.0,Put,172,172,172,172,294,▲+74,▲+75.51%,0,1,1,2,134,403,172,106
TXO,202606F3,20260622.0,39500.0,Call,-,-,-,-,4240,-,-,0,0,0,0,-,-,-,-
TXO,202606F3,20260622.0,39500.0,Put,116,193,116,193,305,▲+90,▲+87.38%,0,4,4,2,148,-,193,113
TXO,202606F3,20260622.0,39600.0,Call,-,-,-,-,4150,-,-,0,0,0,0,4120,-,-,-
TXO,202606F3,20260622.0,39600.0,Put,130,199,121,199,317,▲+95,▲+91.35%,0,4,4,8,159,423,199,112
TXO,202606F3,20260622.0,39700.0,Call,-,-,-,-,4070,-,-,0,0,0,0,4030,-,-,-
TXO,202606F3,20260622.0,39700.0,Put,208,334,208,334,334,▲+223,▲+200.90%,0,2,2,2,172,420,334,208
TXO,202606F3,20260622.0,39800.0,Call,-,-,-,-,3980,-,-,0,0,0,0,-,-,-,-
TXO,202606F3,20260622.0,39800.0,Put,233,233,233,233,344,▲+115,▲+97.46%,0,1,1,1,190,432,233,233
TXO,202606F3,20260622.0,39900.0,Call,-,-,-,-,3900,-,-,0,0,0,0,3860,-,-,-
TXO,202606F3,20260622.0,39900.0,Put,187,205,187,205,358,▲+83,▲+68.03%,1,3,4,2,205,1220,208,122
TXO,202606F3,20260622.0,40000.0,Call,-,-,-,-,3810,-,-,0,0,0,0,-,-,-,-
TXO,202606F3,20260622.0,40000.0,Put,252,333,150,333,371,▲+203,▲+156.15%,22,20,42,22,241,-,333,136
TXO,202606F3,20260622.0,40100.0,Call,-,-,-,-,3720,-,-,0,0,0,0,3690,-,-,-
TXO,202606F3,20260622.0,40100.0,Put,-,-,-,-,386,-,-,0,0,0,0,234,-,-,-
TXO,202606F3,20260622.0,40200.0,Call,-,-,-,-,3640,-,-,0,0,0,0,-,-,-,-
TXO,202606F3,20260622.0,40200.0,Put,-,-,-,-,399,-,-,0,0,0,2,249,540,158,158
TXO,202606F3,20260622.0,40300.0,Call,-,-,-,-,3550,-,-,0,0,0,0,3520,-,-,-
TXO,202606F3,20260622.0,40300.0,Put,-,-,-,-,415,-,-,0,0,0,0,264,-,198,193
TXO,202606F3,20260622.0,40400.0,Call,-,-,-,-,3470,-,-,0,0,0,0,-,-,-,-
TXO,202606F3,20260622.0,40400.0,Put,-,-,-,-,432,-,-,0,0,0,0,284,-,-,-
TXO,202606F3,20260622.0,40500.0,Call,-,-,-,-,3390,-,-,0,0,0,0,-,-,-,-
TXO,202606F3,20260622.0,40500.0,Put,290,400,290,400,449,▲+233,▲+139.52%,2,2,4,4,310,4530,520,167
TXO,202606F3,20260622.0,40600.0,Call,-,-,-,-,3300,-,-,0,0,0,0,2990,-,-,-
TXO,202606F3,20260622.0,40600.0,Put,200,293,200,293,467,▲+122,▲+71.35%,0,6,6,6,331,610,293,200
TXO,202606F3,20260622.0,40700.0,Call,-,-,-,-,3220,-,-,0,0,0,0,2910,-,-,-
TXO,202606F3,20260622.0,40700.0,Put,-,-,-,-,482,-,-,0,0,0,0,354,-,-,-
TXO,202606F3,20260622.0,40800.0,Call,-,-,-,-,3140,-,-,0,0,0,0,-,-,-,-
TXO,202606F3,20260622.0,40800.0,Put,-,-,-,-,500,-,-,0,0,0,0,372,-,-,-
TXO,202606F3,20260622.0,40900.0,Call,-,-,-,-,3060,-,-,0,0,0,0,-,-,-,-
TXO,202606F3,20260622.0,40900.0,Put,-,-,-,-,520,-,-,0,0,0,0,396,-,-,-
TXO,202606F3,20260622.0,41000.0,Call,-,-,-,-,2980,-,-,0,0,0,0,-,-,-,-
TXO,202606F3,20260622.0,41000.0,Put,272,575,272,525,540,▲+317,▲+152.40%,51,13,64,41,398,1000,700,187
TXO,202606F3,20260622.0,41100.0,Call,-,-,-,-,2900,-,-,0,0,0,0,2590,-,-,-
TXO,202606F3,20260622.0,41100.0,Put,270,600,270,600,560,▲+382,▲+175.23%,0,4,4,54,426,700,610,110
TXO,202606F3,20260622.0,41200.0,Call,-,-,-,-,2820,-,-,0,0,0,0,2520,-,-,-
TXO,202606F3,20260622.0,41200.0,Put,-,-,-,-,580,-,-,0,0,0,25,463,740,580,146
TXO,202606F3,20260622.0,41300.0,Call,-,-,-,-,2740,-,-,0,0,0,0,2710,-,-,-
TXO,202606F3,20260622.0,41300.0,Put,-,-,-,-,600,-,-,0,0,0,15,464,740,251,170
TXO,202606F3,20260622.0,41400.0,Call,-,-,-,-,2660,-,-,0,0,0,0,2380,2890,-,-
TXO,202606F3,20260622.0,41400.0,Put,650,665,650,665,625,▲+415,▲+166.00%,0,2,2,15,515,755,665,180
TXO,202606F3,20260622.0,41500.0,Call,-,-,-,-,2590,-,-,0,0,0,0,2560,-,-,-
TXO,202606F3,20260622.0,41500.0,Put,354,690,354,690,655,▲+427,▲+162.36%,1,13,14,18,545,795,690,160
TXO,202606F3,20260622.0,41600.0,Call,-,-,-,-,2520,-,-,0,0,0,0,2250,-,-,-
TXO,202606F3,20260622.0,41600.0,Put,715,715,715,715,680,▲+440,▲+160.00%,0,1,1,10,560,820,715,200
TXO,202606F3,20260622.0,41700.0,Call,-,-,-,-,2440,-,-,0,0,0,0,2210,2550,-,-
TXO,202606F3,20260622.0,41700.0,Put,-,-,-,-,705,-,-,0,0,0,9,600,845,367,186
TXO,202606F3,20260622.0,41800.0,Call,-,-,-,-,2370,-,-,0,0,0,0,-,-,-,-
TXO,202606F3,20260622.0,41800.0,Put,-,-,-,-,730,-,-,0,0,0,0,625,-,750,214
TXO,202606F3,20260622.0,41900.0,Call,-,-,-,-,2290,-,-,0,0,0,0,-,-,-,-
TXO,202606F3,20260622.0,41900.0,Put,422,805,422,805,745,▲+488,▲+153.94%,3,3,6,3,625,-,805,200
TXO,202606F3,20260622.0,42000.0,Call,-,-,-,-,2210,-,-,0,0,0,0,-,-,-,-
TXO,202606F3,20260622.0,42000.0,Put,535,790,430,790,775,▲+457,▲+137.24%,18,34,52,36,670,-,1050,200
TXO,202606F3,20260622.0,42100.0,Call,-,-,-,-,2150,-,-,0,0,0,0,1960,2270,-,-
TXO,202606F3,20260622.0,42100.0,Put,570,570,570,570,810,▲+222,▲+63.79%,0,1,1,1,2.4,-,570,148
TXO,202606F3,20260622.0,42200.0,Call,-,-,-,-,2080,-,-,0,0,0,0,1900,2200,-,-
TXO,202606F3,20260622.0,42200.0,Put,-,-,-,-,840,-,-,0,0,0,1,15,945,1350,425
TXO,202606F3,20260622.0,42250.0,Call,-,-,-,-,2040,-,-,0,0,0,0,1820,2140,-,-
TXO,202606F3,20260622.0,42250.0,Put,-,-,-,-,855,-,-,0,0,0,0,15,-,-,-
TXO,202606F3,20260622.0,42300.0,Call,-,-,-,-,2010,-,-,1,0,1,0,-,-,2860,2860
TXO,202606F3,20260622.0,42300.0,Put,-,-,-,-,870,-,-,0,0,0,0,2.3,-,-,-
TXO,202606F3,20260622.0,42350.0,Call,-,-,-,-,1970,-,-,1,0,1,0,1750,2060,2820,2820
TXO,202606F3,20260622.0,42350.0,Put,-,-,-,-,885,-,-,0,0,0,0,550,-,-,-
TXO,202606F3,20260622.0,42400.0,Call,-,-,-,-,1940,-,-,0,0,0,0,1910,-,-,-
TXO,202606F3,20260622.0,42400.0,Put,-,-,-,-,900,-,-,0,0,0,1,465,-,331,331
TXO,202606F3,20260622.0,42450.0,Call,-,-,-,-,1900,-,-,0,0,0,0,-,-,-,-
TXO,202606F3,20260622.0,42450.0,Put,935,935,935,935,915,▲+524,▲+127.49%,0,1,1,1,2.3,1000,935,935
TXO,202606F3,20260622.0,42500.0,Call,-,-,-,-,1870,-,-,0,0,0,0,1710,1960,-,-
TXO,202606F3,20260622.0,42500.0,Put,800,945,555,945,925,▲+526,▲+125.54%,5,7,12,5,47,980,1100,203
TXO,202606F3,20260622.0,42550.0,Call,-,-,-,-,1840,-,-,0,0,0,0,1670,1900,-,-
TXO,202606F3,20260622.0,42550.0,Put,-,-,-,-,945,-,-,0,0,0,1,520,-,462,462
TXO,202606F3,20260622.0,42600.0,Call,-,-,-,-,1800,-,-,0,0,0,5,1640,1900,1970,1970
TXO,202606F3,20260622.0,42600.0,Put,810,810,810,810,960,▲+370,▲+84.09%,0,1,1,1,890,2000,810,294
TXO,202606F3,20260622.0,42650.0,Call,-,-,-,-,1770,-,-,0,0,0,0,1580,1860,-,-
TXO,202606F3,20260622.0,42650.0,Put,-,-,-,-,975,-,-,0,0,0,0,15,-,-,-
TXO,202606F3,20260622.0,42700.0,Call,-,-,-,-,1730,-,-,0,0,0,0,1590,1810,-,-
TXO,202606F3,20260622.0,42700.0,Put,-,-,-,-,995,-,-,1,0,1,3,875,-,1000,464
TXO,202606F3,20260622.0,42750.0,Call,-,-,-,-,1690,-,-,0,0,0,0,1670,-,-,-
TXO,202606F3,20260622.0,42750.0,Put,-,-,-,-,1000,-,-,0,0,0,0,2.3,-,-,-
TXO,202606F3,20260622.0,42800.0,Call,-,-,-,-,1660,-,-,0,0,0,0,-,-,1620,1500
TXO,202606F3,20260622.0,42800.0,Put,595,595,595,595,1020,▲+112,▲+23.19%,0,1,1,3,950,-,900,400
TXO,202606F3,20260622.0,42850.0,Call,-,-,-,-,1630,-,-,0,0,0,0,-,-,-,-
TXO,202606F3,20260622.0,42850.0,Put,-,-,-,-,1040,-,-,0,0,0,0,2.8,-,-,-
TXO,202606F3,20260622.0,42900.0,Call,-,-,-,-,1600,-,-,0,0,0,0,1470,1670,-,-
TXO,202606F3,20260622.0,42900.0,Put,-,-,-,-,1060,-,-,3,0,3,1,2.4,-,1500,353
TXO,202606F3,20260622.0,42950.0,Call,-,-,-,-,1570,-,-,0,0,0,0,1440,1630,-,-
TXO,202606F3,20260622.0,42950.0,Put,-,-,-,-,1080,-,-,0,0,0,0,15,-,-,-
TXO,202606F3,20260622.0,43000.0,Call,-,-,-,-,1540,-,-,2,0,2,1,1410,1600,2300,1390
TXO,202606F3,20260622.0,43000.0,Put,700,1000,690,940,1100,▲+410,▲+77.36%,1,7,8,18,1010,-,1860,350
TXO,202606F3,20260622.0,43050.0,Call,-,-,-,-,1510,-,-,0,0,0,0,1380,1580,-,-
TXO,202606F3,20260622.0,43050.0,Put,-,-,-,-,1120,-,-,0,0,0,0,3.5,-,-,-
TXO,202606F3,20260622.0,43100.0,Call,-,-,-,-,1480,-,-,0,0,0,3,1380,-,1610,1610
TXO,202606F3,20260622.0,43100.0,Put,-,-,-,-,1140,-,-,0,0,0,3,1050,-,1280,505
TXO,202606F3,20260622.0,43150.0,Call,-,-,-,-,1450,-,-,0,0,0,0,-,-,-,-
TXO,202606F3,20260622.0,43150.0,Put,-,-,-,-,1160,-,-,0,0,0,0,40.5,-,-,-
TXO,202606F3,20260622.0,43200.0,Call,-,-,-,-,1420,-,-,0,0,0,5,1250,-,1550,1380
TXO,202606F3,20260622.0,43200.0,Put,950,950,950,950,1180,▲+370,▲+63.79%,6,5,11,5,750,-,1330,540
TXO,202606F3,20260622.0,43250.0,Call,-,-,-,-,1400,-,-,0,0,0,0,15,-,-,-
TXO,202606F3,20260622.0,43250.0,Put,-,-,-,-,1210,-,-,0,0,0,0,2.4,-,-,-
TXO,202606F3,20260622.0,43300.0,Call,-,-,-,-,1370,-,-,0,0,0,6,1230,-,1480,1430
TXO,202606F3,20260622.0,43300.0,Put,-,-,-,-,1230,-,-,2,0,2,3,15,-,1370,510
TXO,202606F3,20260622.0,43350.0,Call,-,-,-,-,1340,-,-,0,0,0,0,15,-,-,-
TXO,202606F3,20260622.0,43350.0,Put,-,-,-,-,1260,-,-,0,0,0,0,15,-,-,-
TXO,202606F3,20260622.0,43400.0,Call,-,-,-,-,1320,-,-,0,0,0,4,1170,-,1490,1020
TXO,202606F3,20260622.0,43400.0,Put,1010,1010,1010,1010,1280,▲+370,▲+57.81%,1,5,6,3,650,1410,1480,500
TXO,202606F3,20260622.0,43450.0,Call,-,-,-,-,1300,-,-,0,0,0,0,6.1,-,-,-
TXO,202606F3,20260622.0,43450.0,Put,-,-,-,-,1310,-,-,0,0,0,0,2.3,-,-,-
TXO,202606F3,20260622.0,43500.0,Call,1640,1750,1620,1620,1260,▼-240,▼-12.90%,110,14,124,105,1150,-,1880,790
TXO,202606F3,20260622.0,43500.0,Put,-,-,-,-,1330,-,-,0,0,0,6,1200,-,1470,710
TXO,202606F3,20260622.0,43550.0,Call,1360,1360,1150,1150,1230,▼-670,▼-36.81%,0,8,8,2,-,1310,1360,1150
TXO,202606F3,20260622.0,43550.0,Put,1070,1320,1070,1320,1350,▲+635,▲+92.70%,0,8,8,2,900,-,1320,1070
TXO,202606F3,20260622.0,43600.0,Call,-,-,-,-,1210,-,-,0,0,0,5,1020,-,1390,1320
TXO,202606F3,20260622.0,43600.0,Put,-,-,-,-,1370,-,-,2,0,2,3,1080,1390,1380,690
TXO,202606F3,20260622.0,43650.0,Call,-,-,-,-,1180,-,-,0,0,0,0,-,-,-,-
TXO,202606F3,20260622.0,43650.0,Put,-,-,-,-,1390,-,-,0,0,0,0,1270,-,-,-
TXO,202606F3,20260622.0,43700.0,Call,1090,1090,1090,1090,1150,▼-630,▼-36.63%,0,2,2,3,1040,-,1380,1090
TXO,202606F3,20260622.0,43700.0,Put,1310,1310,1310,1310,1410,▲+580,▲+79.45%,2,3,5,7,1300,-,1350,740
TXO,202606F3,20260622.0,43750.0,Call,1250,1270,1250,1270,1130,▼-420,▼-24.85%,2,6,8,9,955,-,1670,1230
TXO,202606F3,20260622.0,43750.0,Put,1150,1460,1130,1460,1440,▲+710,▲+94.67%,1,7,8,3,1380,1560,1460,760
TXO,202606F3,20260622.0,43800.0,Call,-,-,-,-,1100,-,-,1,0,1,3,925,-,1660,1080
TXO,202606F3,20260622.0,43800.0,Put,-,-,-,-,1460,-,-,1,0,1,4,1390,1560,1480,740
TXO,202606F3,20260622.0,43850.0,Call,1190,1190,1190,1190,1070,▼-430,▼-26.54%,2,3,5,6,885,-,1600,1180
TXO,202606F3,20260622.0,43850.0,Put,1200,1200,1200,1200,1480,▲+415,▲+52.87%,1,3,4,1,1260,-,1370,790
TXO,202606F3,20260622.0,43900.0,Call,-,-,-,-,1050,-,-,0,0,0,3,875,-,1190,1030
TXO,202606F3,20260622.0,43900.0,Put,-,-,-,-,1510,-,-,2,0,2,0,1400,1680,880,825
TXO,202606F3,20260622.0,43950.0,Call,-,-,-,-,1030,-,-,0,0,0,4,850,-,1250,1030
TXO,202606F3,20260622.0,43950.0,Put,-,-,-,-,1540,-,-,0,0,0,1,1430,1660,1390,1390
TXO,202606F3,20260622.0,44000.0,Call,1150,1150,860,860,990,▼-660,▼-43.42%,1,2,3,4,835,990,1150,860
TXO,202606F3,20260622.0,44000.0,Put,-,-,-,-,1560,-,-,4,0,4,2,1500,1700,980,770
TXO,202606F3,20260622.0,44050.0,Call,1110,1110,1110,1110,975,▼-380,▼-25.50%,0,3,3,6,805,-,1190,980
TXO,202606F3,20260622.0,44050.0,Put,1270,1270,1270,1270,1590,▲+420,▲+49.41%,0,3,3,4,1520,1720,1270,1000
TXO,202606F3,20260622.0,44100.0,Call,1080,1080,1080,1080,950,▼-380,▼-26.03%,1,3,4,7,775,-,1170,915
TXO,202606F3,20260622.0,44100.0,Put,1290,1290,1290,1290,1610,▲+420,▲+48.28%,1,3,4,4,1550,1750,1290,885
TXO,202606F3,20260622.0,44150.0,Call,1110,1110,1110,1110,925,▼-310,▼-21.83%,0,5,5,8,810,-,1110,855
TXO,202606F3,20260622.0,44150.0,Put,1110,1250,1110,1250,1640,▲+365,▲+41.24%,1,6,7,5,1570,1790,1250,880
TXO,202606F3,20260622.0,44200.0,Call,-,-,-,-,905,-,-,0,0,0,3,710,-,1000,865
TXO,202606F3,20260622.0,44200.0,Put,-,-,-,-,1670,-,-,1,0,1,2,1600,1790,905,800
TXO,202606F3,20260622.0,44250.0,Call,-,-,-,-,880,-,-,0,0,0,0,765,-,-,-
TXO,202606F3,20260622.0,44250.0,Put,-,-,-,-,1690,-,-,0,0,0,0,1630,1890,-,-
TXO,202606F3,20260622.0,44300.0,Call,-,-,-,-,860,-,-,0,0,0,0,670,-,-,-
TXO,202606F3,20260622.0,44300.0,Put,-,-,-,-,1720,-,-,0,0,0,0,1580,1850,-,-
TXO,202606F3,20260622.0,44350.0,Call,1130,1130,1130,1130,835,▼-170,▼-13.08%,0,2,2,2,720,-,1130,1130
TXO,202606F3,20260622.0,44350.0,Put,1210,1210,1210,1210,1740,▲+245,▲+25.39%,0,2,2,2,1680,1870,1210,1210
TXO,202606F3,20260622.0,44400.0,Call,1100,1100,1100,1100,815,▼-170,▼-13.39%,0,5,5,5,695,-,1100,1100
TXO,202606F3,20260622.0,44400.0,Put,1240,1240,1240,1240,1770,▲+255,▲+25.89%,0,5,5,5,1710,1930,1240,865
TXO,202606F3,20260622.0,44450.0,Call,1080,1080,1080,1080,795,▼-160,▼-12.90%,0,2,2,2,620,-,1080,1080
TXO,202606F3,20260622.0,44450.0,Put,1260,1260,1260,1260,1800,▲+260,▲+26.00%,0,2,2,2,1730,1930,1260,1260
TXO,202606F3,20260622.0,44500.0,Call,-,-,-,-,770,-,-,3,0,3,2,660,1550,1850,1180
TXO,202606F3,20260622.0,44500.0,Put,-,-,-,-,1830,-,-,0,0,0,0,1760,2010,-,-
TXO,202606F3,20260622.0,44550.0,Call,1070,1070,1070,1070,750,▼-110,▼-9.32%,0,5,5,5,560,-,1070,1070
TXO,202606F3,20260622.0,44550.0,Put,1270,1270,1270,1270,1860,▲+220,▲+20.95%,0,5,5,5,1790,2020,1270,1270
TXO,202606F3,20260622.0,44600.0,Call,740,740,740,740,730,▼-410,▼-35.65%,0,1,1,1,540,2000,740,740
TXO,202606F3,20260622.0,44600.0,Put,-,-,-,-,1890,-,-,0,0,0,0,1820,2070,-,-
TXO,202606F3,20260622.0,44650.0,Call,-,-,-,-,710,-,-,5,0,5,0,600,-,905,905
TXO,202606F3,20260622.0,44650.0,Put,-,-,-,-,1920,-,-,0,0,0,0,1810,2100,-,-
TXO,202606F3,20260622.0,44700.0,Call,-,-,-,-,690,-,-,0,0,0,0,565,-,-,-
TXO,202606F3,20260622.0,44700.0,Put,-,-,-,-,1950,-,-,0,0,0,1,1880,2080,1190,1190
TXO,202606F3,20260622.0,44750.0,Call,-,-,-,-,670,-,-,0,0,0,1,560,765,795,795
TXO,202606F3,20260622.0,44750.0,Put,-,-,-,-,1980,-,-,0,0,0,0,1850,2160,-,-
TXO,202606F3,20260622.0,44800.0,Call,605,605,605,605,655,▼-445,▼-42.38%,0,1,1,4,530,740,1030,605
TXO,202606F3,20260622.0,44800.0,Put,2030,2030,2030,2030,2010,▲+870,▲+75.00%,0,1,1,4,1760,2190,2030,995
TXO,202606F3,20260622.0,44850.0,Call,625,625,625,625,635,▼-395,▼-38.73%,0,1,1,5,460,730,755,625
TXO,202606F3,20260622.0,44850.0,Put,-,-,-,-,2040,-,-,0,0,0,0,-,-,-,-
TXO,202606F3,20260622.0,44900.0,Call,790,790,760,760,615,▼-240,▼-24.00%,5,2,7,3,500,715,980,450
TXO,202606F3,20260622.0,44900.0,Put,-,-,-,-,2070,-,-,0,0,0,0,-,-,1040,935
TXO,202606F3,20260622.0,44950.0,Call,-,-,-,-,595,-,-,0,0,0,5,435,680,715,715
TXO,202606F3,20260622.0,44950.0,Put,-,-,-,-,2110,-,-,0,0,0,0,2000,2290,-,-
TXO,202606F3,20260622.0,45000.0,Call,750,750,560,560,575,▼-385,▼-40.74%,0,2,2,1,410,760,800,560
TXO,202606F3,20260622.0,45000.0,Put,-,-,-,-,2140,-,-,0,0,0,2,2060,2330,1480,930
TXO,202606F3,20260622.0,45050.0,Call,-,-,-,-,560,-,-,0,0,0,3,364,635,675,675
TXO,202606F3,20260622.0,45050.0,Put,-,-,-,-,2170,-,-,0,0,0,0,2050,2390,-,-
TXO,202606F3,20260622.0,45100.0,Call,-,-,-,-,545,-,-,0,0,0,1,347,625,845,540
TXO,202606F3,20260622.0,45100.0,Put,-,-,-,-,2210,-,-,0,0,0,2,2100,-,1360,1160
TXO,202606F3,20260622.0,45150.0,Call,-,-,-,-,530,-,-,0,0,0,0,342,-,-,-
TXO,202606F3,20260622.0,45150.0,Put,-,-,-,-,2240,-,-,0,0,0,0,2110,2490,-,-
TXO,202606F3,20260622.0,45200.0,Call,-,-,-,-,510,-,-,2,0,2,0,353,-,880,845
TXO,202606F3,20260622.0,45200.0,Put,-,-,-,-,2270,-,-,1,0,1,0,-,-,1720,1530
TXO,202606F3,20260622.0,45250.0,Call,-,-,-,-,495,-,-,0,0,0,0,337,-,-,-
TXO,202606F3,20260622.0,45250.0,Put,-,-,-,-,2310,-,-,0,0,0,0,2050,2600,-,-
TXO,202606F3,20260622.0,45300.0,Call,-,-,-,-,478,-,-,0,0,0,1,319,555,1160,1160
TXO,202606F3,20260622.0,45300.0,Put,-,-,-,-,2340,-,-,0,0,0,0,-,2620,-,-
TXO,202606F3,20260622.0,45350.0,Call,-,-,-,-,465,-,-,0,0,0,0,270,-,-,-
TXO,202606F3,20260622.0,45350.0,Put,-,-,-,-,2380,-,-,0,0,0,0,2250,2650,1710,1200
TXO,202606F3,20260622.0,45400.0,Call,-,-,-,-,450,-,-,0,0,0,0,259,-,-,-
TXO,202606F3,20260622.0,45400.0,Put,-,-,-,-,2410,-,-,0,0,0,0,2140,2750,-,-
TXO,202606F3,20260622.0,45450.0,Call,-,-,-,-,435,-,-,0,0,0,0,244,-,-,-
TXO,202606F3,20260622.0,45450.0,Put,-,-,-,-,2450,-,-,0,0,0,0,2350,2720,-,-
TXO,202606F3,20260622.0,45500.0,Call,510,510,500,500,423,▼-215,▼-30.07%,0,2,2,1,227,-,510,500
TXO,202606F3,20260622.0,45500.0,Put,-,-,-,-,2480,-,-,0,0,0,0,2320,2790,-,-
TXO,202606F3,20260622.0,45550.0,Call,-,-,-,-,408,-,-,0,0,0,0,213,-,-,-
TXO,202606F3,20260622.0,45550.0,Put,-,-,-,-,2520,-,-,0,0,0,0,2350,2820,-,-
TXO,202606F3,20260622.0,45600.0,Call,-,-,-,-,396,-,-,0,0,0,0,200,-,-,-
TXO,202606F3,20260622.0,45600.0,Put,-,-,-,-,2560,-,-,0,0,0,0,-,-,-,-
TXO,202606F3,20260622.0,45650.0,Call,-,-,-,-,381,-,-,0,0,0,0,216,-,1050,725
TXO,202606F3,20260622.0,45650.0,Put,-,-,-,-,2590,-,-,0,0,0,0,-,-,-,-
TXO,202606F3,20260622.0,45700.0,Call,-,-,-,-,370,-,-,0,0,0,0,204,-,-,-
TXO,202606F3,20260622.0,45700.0,Put,-,-,-,-,2630,-,-,0,0,0,0,-,-,-,-
TXO,202606F3,20260622.0,45750.0,Call,-,-,-,-,357,-,-,0,0,0,0,184,-,-,-
TXO,202606F3,20260622.0,45750.0,Put,-,-,-,-,2670,-,-,0,0,0,0,2510,2970,-,-
TXO,202606F3,20260622.0,45800.0,Call,-,-,-,-,345,-,-,0,0,0,2,176,-,750,358
TXO,202606F3,20260622.0,45800.0,Put,-,-,-,-,2700,-,-,0,0,0,0,-,-,-,-
TXO,202606F3,20260622.0,45850.0,Call,-,-,-,-,333,-,-,0,0,0,0,172,-,-,-
TXO,202606F3,20260622.0,45850.0,Put,-,-,-,-,2740,-,-,0,0,0,0,-,-,-,-
TXO,202606F3,20260622.0,45900.0,Call,-,-,-,-,323,-,-,0,0,0,0,146,-,-,-
TXO,202606F3,20260622.0,45900.0,Put,-,-,-,-,2780,-,-,0,0,0,0,-,2820,-,-
TXO,202606F3,20260622.0,45950.0,Call,-,-,-,-,313,-,-,0,0,0,0,146,-,-,-
TXO,202606F3,20260622.0,45950.0,Put,-,-,-,-,2820,-,-,0,0,0,0,2670,-,-,-
TXO,202606F3,20260622.0,46000.0,Call,462,462,300,300,300,▼-240,▼-44.44%,8,9,17,9,173,-,580,300
TXO,202606F3,20260622.0,46000.0,Put,-,-,-,-,2860,-,-,0,0,0,0,2710,-,-,-
TXO,202606F3,20260622.0,46050.0,Call,-,-,-,-,294,-,-,0,0,0,0,104,-,-,-
TXO,202606F3,20260622.0,46050.0,Put,-,-,-,-,2900,-,-,0,0,0,0,2800,-,-,-
TXO,202606F3,20260622.0,46100.0,Call,-,-,-,-,284,-,-,1,0,1,1,101,377,505,286
TXO,202606F3,20260622.0,46100.0,Put,-,-,-,-,2940,-,-,0,0,0,0,-,-,-,-
TXO,202606F3,20260622.0,46150.0,Call,358,358,358,358,275,▼-129,▼-26.49%,1,1,2,0,90,-,405,358
TXO,202606F3,20260622.0,46150.0,Put,-,-,-,-,2980,-,-,0,0,0,0,-,3020,-,-
TXO,202606F3,20260622.0,46200.0,Call,366,366,242,242,260,▼-228,▼-48.51%,1,8,9,14,77,-,470,242
TXO,202606F3,20260622.0,46200.0,Put,-,-,-,-,3020,-,-,0,0,0,0,-,-,-,-
TXO,202606F3,20260622.0,46250.0,Call,-,-,-,-,251,-,-,0,0,0,0,60,-,275,272
TXO,202606F3,20260622.0,46250.0,Put,-,-,-,-,3060,-,-,0,0,0,0,-,3090,-,-
TXO,202606F3,20260622.0,46300.0,Call,-,-,-,-,242,-,-,0,0,0,1,48.5,306,905,300
TXO,202606F3,20260622.0,46300.0,Put,-,-,-,-,3100,-,-,0,0,0,0,-,-,-,-
TXO,202606F3,20260622.0,46350.0,Call,-,-,-,-,234,-,-,0,0,0,0,121,-,-,-
TXO,202606F3,20260622.0,46350.0,Put,-,-,-,-,3140,-,-,0,0,0,0,-,-,-,-
TXO,202606F3,20260622.0,46400.0,Call,-,-,-,-,226,-,-,0,0,0,9,119,-,468,468
TXO,202606F3,20260622.0,46400.0,Put,-,-,-,-,3190,-,-,0,0,0,0,-,-,-,-
TXO,202606F3,20260622.0,46450.0,Call,-,-,-,-,218,-,-,0,0,0,0,115,-,-,-
TXO,202606F3,20260622.0,46450.0,Put,-,-,-,-,3230,-,-,0,0,0,0,3140,-,-,-
TXO,202606F3,20260622.0,46500.0,Call,280,280,280,280,209,▼-106,▼-27.46%,0,1,1,1,96,-,402,220
TXO,202606F3,20260622.0,46500.0,Put,-,-,-,-,3270,-,-,0,0,0,0,3130,-,-,-
TXO,202606F3,20260622.0,46550.0,Call,206,211,206,211,202,▼-162,▼-43.43%,6,4,10,2,85,-,440,100
TXO,202606F3,20260622.0,46550.0,Put,-,-,-,-,3310,-,-,0,0,0,0,3250,-,-,-
TXO,202606F3,20260622.0,46600.0,Call,-,-,-,-,195,-,-,0,0,0,1,84,265,230,230
TXO,202606F3,20260622.0,46600.0,Put,-,-,-,-,3350,-,-,0,0,0,0,-,3390,-,-
TXO,202606F3,20260622.0,46650.0,Call,-,-,-,-,188,-,-,0,0,0,0,75,-,-,-
TXO,202606F3,20260622.0,46650.0,Put,-,-,-,-,3400,-,-,0,0,0,0,-,-,-,-
TXO,202606F3,20260622.0,46700.0,Call,-,-,-,-,180,-,-,2,0,2,2,75,257,428,300
TXO,202606F3,20260622.0,46700.0,Put,-,-,-,-,3440,-,-,0,0,0,0,-,-,-,-
TXO,202606F3,20260622.0,46750.0,Call,-,-,-,-,173,-,-,0,0,0,0,64,-,-,-
TXO,202606F3,20260622.0,46750.0,Put,-,-,-,-,3480,-,-,0,0,0,0,-,-,-,-
TXO,202606F3,20260622.0,46800.0,Call,-,-,-,-,167,-,-,0,0,0,1,55,-,300,300
TXO,202606F3,20260622.0,46800.0,Put,-,-,-,-,3530,-,-,0,0,0,0,-,-,-,-
TXO,202606F3,20260622.0,46850.0,Call,-,-,-,-,162,-,-,0,0,0,0,39.5,-,-,-
TXO,202606F3,20260622.0,46850.0,Put,-,-,-,-,3570,-,-,0,0,0,0,-,-,-,-
TXO,202606F3,20260622.0,46900.0,Call,-,-,-,-,156,-,-,0,0,0,0,37.5,-,-,-
TXO,202606F3,20260622.0,46900.0,Put,-,-,-,-,3620,-,-,0,0,0,0,-,-,-,-
TXO,202606F3,20260622.0,46950.0,Call,-,-,-,-,150,-,-,0,0,0,2,3.2,-,610,610
TXO,202606F3,20260622.0,46950.0,Put,-,-,-,-,3660,-,-,0,0,0,0,-,-,-,-
TXO,202606F3,20260622.0,47000.0,Call,174,174,122,122,145,▼-152,▼-55.47%,7,3,10,5,23.5,-,400,122
TXO,202606F3,20260622.0,47000.0,Put,-,-,-,-,3700,-,-,0,0,0,0,15,-,-,-
TXO,202606F3,20260622.0,47100.0,Call,154,154,154,154,134,▼-101,▼-39.61%,5,1,6,8,2.3,-,459,154
TXO,202606F3,20260622.0,47100.0,Put,-,-,-,-,3790,-,-,0,0,0,0,15,-,-,-
TXO,202606F3,20260622.0,47200.0,Call,-,-,-,-,124,-,-,0,0,0,1,2.3,206,145,145
TXO,202606F3,20260622.0,47200.0,Put,-,-,-,-,3880,-,-,0,0,0,0,15,-,-,-
TXO,202606F3,20260622.0,47300.0,Call,105,105,105,105,114,▼-116,▼-52.49%,0,1,1,1,3,-,304,105
TXO,202606F3,20260622.0,47300.0,Put,-,-,-,-,3970,-,-,0,0,0,0,15,-,-,-
TXO,202606F3,20260622.0,47400.0,Call,-,-,-,-,106,-,-,0,0,0,1,2.9,-,197,197
TXO,202606F3,20260622.0,47400.0,Put,-,-,-,-,4060,-,-,0,0,0,0,15,-,-,-
TXO,202606F3,20260622.0,47500.0,Call,-,-,-,-,97,-,-,5,0,5,10,2.7,202,211,101
TXO,202606F3,20260622.0,47500.0,Put,-,-,-,-,4160,-,-,0,0,0,0,-,-,-,-
TXO,202606F3,20260622.0,47600.0,Call,-,-,-,-,90,-,-,5,0,5,6,22,192,198,97
TXO,202606F3,20260622.0,47600.0,Put,-,-,-,-,4250,-,-,0,0,0,0,-,-,-,-
TXO,202606F3,20260622.0,47700.0,Call,-,-,-,-,83,-,-,0,0,0,0,16,-,-,-
TXO,202606F3,20260622.0,47700.0,Put,-,-,-,-,4340,-,-,0,0,0,0,-,-,-,-
TXO,202606F3,20260622.0,47800.0,Call,80,80,66,66,77,▼-87,▼-56.86%,0,4,4,6,66,221,196,66
TXO,202606F3,20260622.0,47800.0,Put,-,-,-,-,4440,-,-,0,0,0,0,-,-,-,-
TXO,202606F3,20260622.0,47900.0,Call,-,-,-,-,72,-,-,0,0,0,0,18,-,-,-
TXO,202606F3,20260622.0,47900.0,Put,-,-,-,-,4530,-,-,0,0,0,0,-,-,-,-
TXO,202606F3,20260622.0,48000.0,Call,105,125,59,59,68,▼-73,▼-55.30%,2,21,23,11,57,161,330,54
TXO,202606F3,20260622.0,48000.0,Put,-,-,-,-,4630,-,-,0,0,0,0,-,-,-,-
TXO,202606F3,20260622.0,48100.0,Call,-,-,-,-,63,-,-,0,0,0,0,18.5,-,238,66
TXO,202606F3,20260622.0,48100.0,Put,-,-,-,-,4720,-,-,0,0,0,0,-,-,-,-
TXO,202606F3,20260622.0,48200.0,Call,-,-,-,-,59,-,-,0,0,0,1,18.5,-,256,256
TXO,202606F3,20260622.0,48200.0,Put,-,-,-,-,4820,-,-,0,0,0,0,-,-,-,-
TXO,202606F3,20260622.0,48300.0,Call,65,65,65,65,55,▼-41,▼-38.68%,0,1,1,17,2.2,-,320,65
TXO,202606F3,20260622.0,48300.0,Put,-,-,-,-,4910,-,-,0,0,0,0,-,-,-,-
TXO,202606F3,20260622.0,48400.0,Call,-,-,-,-,51,-,-,4,0,4,0,23,-,116,106
TXO,202606F3,20260622.0,48400.0,Put,-,-,-,-,5010,-,-,0,0,0,0,-,-,-,-
TXO,202606F3,20260622.0,48500.0,Call,-,-,-,-,47.5,-,-,0,0,0,0,14.5,-,67,47
TXO,202606F3,20260622.0,48500.0,Put,-,-,-,-,5110,-,-,0,0,0,0,15,-,-,-
TXO,202606F3,20260622.0,48600.0,Call,66,66,66,66,44,▼-20,▼-23.26%,0,1,1,1,12.5,-,66,66
TXO,202606F3,20260622.0,48600.0,Put,-,-,-,-,5200,-,-,0,0,0,0,15,-,-,-
TXO,202606F3,20260622.0,48700.0,Call,70,70,39.5,40.5,40.5,▼-38.5,▼-48.73%,0,27,27,35,16,-,70,39.5
TXO,202606F3,20260622.0,48700.0,Put,-,-,-,-,5300,-,-,0,0,0,0,15,-,-,-
TXO,202606F3,20260622.0,48800.0,Call,38.5,38.5,38,38,38,▼-34,▼-47.22%,2,8,10,13,20,-,112,38
TXO,202606F3,20260622.0,48800.0,Put,-,-,-,-,5400,-,-,0,0,0,0,15,-,-,-
TXO,202606F3,20260622.0,48900.0,Call,50,50,36.5,36.5,36.5,▼-32.5,▼-47.10%,1,8,9,9,17,-,250,36.5
TXO,202606F3,20260622.0,48900.0,Put,-,-,-,-,5490,-,-,0,0,0,0,15,-,-,-
TXO,202606F3,20260622.0,49000.0,Call,45,50,30,30,30,▼-34,▼-53.13%,3,10,13,10,17,169,73,30
TXO,202606F3,20260622.0,49000.0,Put,-,-,-,-,5590,-,-,0,0,0,0,-,-,-,-
TXO,202606F3,20260622.0,49100.0,Call,45,45.5,45,45.5,29,▼-16.5,▼-26.61%,11,8,19,18,17,-,78,40
TXO,202606F3,20260622.0,49100.0,Put,-,-,-,-,5690,-,-,0,0,0,0,-,-,-,-
TXO,202606F3,20260622.0,49200.0,Call,50,51,31,32,28.5,▼-25,▼-43.86%,3,15,18,13,17,-,66,31
TXO,202606F3,20260622.0,49200.0,Put,-,-,-,-,5790,-,-,0,0,0,0,-,-,-,-
TXO,202606F3,20260622.0,49300.0,Call,47.5,47.5,33,33,27,▼-21,▼-38.89%,5,7,12,14,15,-,60,33
TXO,202606F3,20260622.0,49300.0,Put,-,-,-,-,5890,-,-,0,0,0,0,-,-,-,-
TXO,202606F3,20260622.0,49400.0,Call,42,44.5,42,44.5,25.5,▼-5.5,▼-11.00%,2,10,12,22,16,-,60,42
TXO,202606F3,20260622.0,49400.0,Put,-,-,-,-,5980,-,-,0,0,0,0,-,-,-,-
TXO,202606F3,20260622.0,49500.0,Call,39.5,41.5,30,30,24,▼-15,▼-33.33%,2,23,25,17,8,-,51,30
TXO,202606F3,20260622.0,49500.0,Put,-,-,-,-,6080,-,-,0,0,0,0,-,-,-,-
TXO,202606F3,20260622.0,49600.0,Call,34.5,38.5,34.5,38.5,22.5,▼-2.5,▼-6.10%,5,25,30,45,8,-,115,34
TXO,202606F3,20260622.0,49600.0,Put,-,-,-,-,6180,-,-,0,0,0,0,-,-,-,-
TXO,202606F3,20260622.0,49700.0,Call,35,37.5,30,30,21.5,▼-9.5,▼-24.05%,2,19,21,18,7,-,109,30
TXO,202606F3,20260622.0,49700.0,Put,-,-,-,-,6280,-,-,0,0,0,0,-,-,-,-
TXO,202606F3,20260622.0,49800.0,Call,29.5,32,29.5,32,20,▼-5,▼-13.51%,3,26,29,57,7,-,100,23.5
TXO,202606F3,20260622.0,49800.0,Put,-,-,-,-,6380,-,-,0,0,0,0,-,-,-,-
TXO,202606F3,20260622.0,49900.0,Call,29,33,29,33,19.5,▼-1,▼-2.94%,2,20,22,22,7,-,62,28.5
TXO,202606F3,20260622.0,49900.0,Put,-,-,-,-,6480,-,-,0,0,0,0,-,-,-,-
TXO,202606F3,20260622.0,50000.0,Call,28,28,15,15,19,▼-17,▼-53.13%,18,10,28,39,6,44,56,15
TXO,202606F3,20260622.0,50000.0,Put,-,-,-,-,6580,-,-,0,0,0,0,-,-,-,-
TXO,202606F3,20260622.0,50100.0,Call,25.5,30,16.5,16.5,18,▼-14,▼-45.90%,4,28,32,31,5,-,34,16.5
TXO,202606F3,20260622.0,50100.0,Put,-,-,-,-,6680,-,-,0,0,0,0,-,-,-,-
TXO,202606F3,20260622.0,50200.0,Call,27,27,27,27,17.5,▼-1.5,▼-5.26%,1,1,2,1,3.4,-,32,27
TXO,202606F3,20260622.0,50200.0,Put,-,-,-,-,6780,-,-,0,0,0,0,-,-,-,-
TXO,202606F3,20260622.0,50300.0,Call,18,20,14.5,14.5,14.5,▼-12.5,▼-46.30%,4,14,18,33,3.3,123,83,14.5
TXO,202606F3,20260622.0,50300.0,Put,-,-,-,-,6870,-,-,0,0,0,0,-,-,-,-
TXO,202606W4,20260624.0,40200.0,Call,-,-,-,-,3740,-,-,0,0,0,0,-,-,-,-
TXO,202606W4,20260624.0,40200.0,Put,300,490,220,490,490,▲+287,▲+141.38%,0,51,51,34,351,1000,490,220
TXO,202606W4,20260624.0,40300.0,Call,-,-,-,-,3660,-,-,0,0,0,0,3610,-,-,-
TXO,202606W4,20260624.0,40300.0,Put,-,-,-,-,505,-,-,0,0,0,0,135,-,-,-
TXO,202606W4,20260624.0,40400.0,Call,-,-,-,-,3570,-,-,0,0,0,0,-,-,-,-
TXO,202606W4,20260624.0,40400.0,Put,272,333,272,332,520,▲+112,▲+50.91%,0,7,7,7,405,655,333,272
TXO,202606W4,20260624.0,40500.0,Call,-,-,-,-,3490,-,-,0,0,0,0,3170,-,-,-
TXO,202606W4,20260624.0,40500.0,Put,230,333,230,333,540,▲+103,▲+44.78%,0,17,17,12,403,655,333,230
TXO,202606W4,20260624.0,40600.0,Call,-,-,-,-,3410,-,-,0,0,0,0,3090,-,-,-
TXO,202606W4,20260624.0,40600.0,Put,239,354,239,354,555,▲+115,▲+48.12%,0,7,7,7,471,685,354,239
TXO,202606W4,20260624.0,40700.0,Call,-,-,-,-,3330,-,-,0,0,0,0,3010,-,-,-
TXO,202606W4,20260624.0,40700.0,Put,304,580,260,580,580,▲+330,▲+132.00%,0,31,31,27,479,695,580,260
TXO,202606W4,20260624.0,40800.0,Call,-,-,-,-,3250,-,-,0,0,0,0,2930,-,-,-
TXO,202606W4,20260624.0,40800.0,Put,416,416,416,416,595,▲+156,▲+60.00%,0,1,1,1,290,740,416,416
TXO,202606W4,20260624.0,40900.0,Call,-,-,-,-,3170,-,-,0,0,0,0,2850,-,-,-
TXO,202606W4,20260624.0,40900.0,Put,-,-,-,-,620,-,-,0,0,0,0,447,-,-,-
TXO,202606W4,20260624.0,41000.0,Call,-,-,-,-,3100,-,-,0,0,0,0,2780,-,-,-
TXO,202606W4,20260624.0,41000.0,Put,354,630,354,630,645,▲+347,▲+122.61%,0,9,9,7,550,-,630,354
TXO,202606W4,20260624.0,41100.0,Call,-,-,-,-,3020,-,-,0,0,0,0,2700,-,-,-
TXO,202606W4,20260624.0,41100.0,Put,-,-,-,-,670,-,-,0,0,0,0,288,-,-,-
TXO,202606W4,20260624.0,41200.0,Call,-,-,-,-,2940,-,-,0,0,0,0,2620,-,-,-
TXO,202606W4,20260624.0,41200.0,Put,-,-,-,-,685,-,-,0,0,0,0,313,-,-,-
TXO,202606W4,20260624.0,41300.0,Call,-,-,-,-,2860,-,-,0,0,0,0,2540,-,-,-
TXO,202606W4,20260624.0,41300.0,Put,-,-,-,-,710,-,-,0,0,0,0,339,-,-,-
TXO,202606W4,20260624.0,41400.0,Call,-,-,-,-,2780,-,-,0,0,0,0,2470,-,-,-
TXO,202606W4,20260624.0,41400.0,Put,640,640,640,640,735,▲+306,▲+91.62%,0,1,1,1,560,885,640,640
TXO,202606W4,20260624.0,41500.0,Call,-,-,-,-,2710,-,-,0,0,0,0,2390,-,-,-
TXO,202606W4,20260624.0,41500.0,Put,505,505,505,505,760,▲+156,▲+44.70%,0,1,1,1,407,-,505,505
TXO,202606W4,20260624.0,41600.0,Call,-,-,-,-,2640,-,-,0,0,0,0,2320,-,-,-
TXO,202606W4,20260624.0,41600.0,Put,510,510,510,510,785,▲+146,▲+40.11%,0,1,1,1,394,-,510,510
TXO,202606W4,20260624.0,41700.0,Call,-,-,-,-,2570,-,-,0,0,0,0,2240,-,-,-
TXO,202606W4,20260624.0,41700.0,Put,-,-,-,-,815,-,-,0,0,0,0,15,-,-,-
TXO,202606W4,20260624.0,41800.0,Call,-,-,-,-,2490,-,-,0,0,0,0,2250,-,-,-
TXO,202606W4,20260624.0,41800.0,Put,530,530,530,530,835,▲+134,▲+33.84%,0,1,1,1,450,-,530,530
TXO,202606W4,20260624.0,41900.0,Call,-,-,-,-,2420,-,-,0,0,0,0,2180,-,-,-
TXO,202606W4,20260624.0,41900.0,Put,-,-,-,-,865,-,-,0,0,0,0,15,-,-,-
TXO,202606W4,20260624.0,42000.0,Call,-,-,-,-,2340,-,-,0,0,0,0,2100,-,-,-
TXO,202606W4,20260624.0,42000.0,Put,525,525,525,525,890,▲+94,▲+21.81%,0,1,1,1,300,1030,525,525
TXO,202606W4,20260624.0,42100.0,Call,-,-,-,-,2280,-,-,0,0,0,0,2030,-,-,-
TXO,202606W4,20260624.0,42100.0,Put,-,-,-,-,925,-,-,0,0,0,0,15,-,-,-
TXO,202606W4,20260624.0,42200.0,Call,-,-,-,-,2210,-,-,0,0,0,0,1960,-,-,-
TXO,202606W4,20260624.0,42200.0,Put,965,965,965,965,965,▲+496,▲+105.76%,0,1,1,1,15,-,965,965
TXO,202606W4,20260624.0,42300.0,Call,-,-,-,-,2140,-,-,0,0,0,0,1890,-,-,-
TXO,202606W4,20260624.0,42300.0,Put,-,-,-,-,985,-,-,0,0,0,0,15,-,-,-
TXO,202606W4,20260624.0,42400.0,Call,-,-,-,-,2070,-,-,0,0,0,0,1820,-,-,-
TXO,202606W4,20260624.0,42400.0,Put,-,-,-,-,1020,-,-,0,0,0,0,15,-,-,-
TXO,202606W4,20260624.0,42500.0,Call,-,-,-,-,2000,-,-,0,0,0,0,1850,-,-,-
TXO,202606W4,20260624.0,42500.0,Put,-,-,-,-,1050,-,-,0,0,0,0,15,-,-,-
TXO,202606W4,20260624.0,42600.0,Call,-,-,-,-,1940,-,-,0,0,0,0,1680,-,-,-
TXO,202606W4,20260624.0,42600.0,Put,-,-,-,-,1090,-,-,0,0,0,0,15.5,-,-,-
TXO,202606W4,20260624.0,42700.0,Call,-,-,-,-,1880,-,-,0,0,0,0,1620,-,-,-
TXO,202606W4,20260624.0,42700.0,Put,710,760,710,760,1130,▲+185,▲+32.17%,0,2,2,0,15,-,760,710
TXO,202606W4,20260624.0,42800.0,Call,-,-,-,-,1820,-,-,0,0,0,0,1490,-,-,-
TXO,202606W4,20260624.0,42800.0,Put,-,-,-,-,1160,-,-,0,0,0,0,870,-,-,-
TXO,202606W4,20260624.0,42900.0,Call,-,-,-,-,1760,-,-,0,0,0,0,15,-,-,-
TXO,202606W4,20260624.0,42900.0,Put,920,925,860,925,1200,▲+300,▲+48.00%,0,7,7,5,15,1320,925,860
TXO,202606W4,20260624.0,43000.0,Call,-,-,-,-,1690,-,-,0,0,0,0,15,-,-,-
TXO,202606W4,20260624.0,43000.0,Put,815,1190,815,1190,1230,▲+535,▲+81.68%,0,9,9,3,1130,-,1190,815
TXO,202606W4,20260624.0,43100.0,Call,-,-,-,-,1630,-,-,0,0,0,0,15,-,-,-
TXO,202606W4,20260624.0,43100.0,Put,1010,1220,930,1220,1270,▲+540,▲+79.41%,0,6,6,1,2.3,1720,1220,930
TXO,202606W4,20260624.0,43200.0,Call,-,-,-,-,1560,-,-,0,0,0,0,15,-,-,-
TXO,202606W4,20260624.0,43200.0,Put,-,-,-,-,1310,-,-,0,0,0,0,2.3,-,-,-
TXO,202606W4,20260624.0,43300.0,Call,-,-,-,-,1510,-,-,0,0,0,0,15,-,-,-
TXO,202606W4,20260624.0,43300.0,Put,1430,1430,1430,1430,1360,▲+690,▲+93.24%,0,1,1,1,15,1480,1430,1430
TXO,202606W4,20260624.0,43400.0,Call,-,-,-,-,1450,-,-,0,0,0,0,15,-,-,-
TXO,202606W4,20260624.0,43400.0,Put,-,-,-,-,1400,-,-,0,0,0,0,15,-,-,-
TXO,202606W4,20260624.0,43450.0,Call,-,-,-,-,1420,-,-,0,0,0,0,15.5,-,-,-
TXO,202606W4,20260624.0,43450.0,Put,-,-,-,-,1420,-,-,0,0,0,0,2.4,-,-,-
TXO,202606W4,20260624.0,43500.0,Call,-,-,-,-,1390,-,-,0,0,0,0,15,-,-,-
TXO,202606W4,20260624.0,43500.0,Put,-,-,-,-,1440,-,-,0,0,0,0,2.4,-,-,-
TXO,202606W4,20260624.0,43550.0,Call,-,-,-,-,1370,-,-,0,0,0,0,15,-,-,-
TXO,202606W4,20260624.0,43550.0,Put,-,-,-,-,1470,-,-,0,0,0,0,2.3,-,-,-
TXO,202606W4,20260624.0,43600.0,Call,-,-,-,-,1340,-,-,0,0,0,0,15,-,-,-
TXO,202606W4,20260624.0,43600.0,Put,-,-,-,-,1490,-,-,0,0,0,0,2.3,-,-,-
TXO,202606W4,20260624.0,43650.0,Call,-,-,-,-,1320,-,-,0,0,0,0,15.5,-,-,-
TXO,202606W4,20260624.0,43650.0,Put,1260,1480,1260,1480,1520,▲+630,▲+74.12%,0,3,3,3,1470,1650,1480,1260
TXO,202606W4,20260624.0,43700.0,Call,-,-,-,-,1290,-,-,0,0,0,0,-,-,-,-
TXO,202606W4,20260624.0,43700.0,Put,-,-,-,-,1540,-,-,0,0,0,0,1310,-,-,-
TXO,202606W4,20260624.0,43750.0,Call,-,-,-,-,1260,-,-,0,0,0,0,-,-,-,-
TXO,202606W4,20260624.0,43750.0,Put,-,-,-,-,1560,-,-,0,0,0,0,1330,-,-,-
TXO,202606W4,20260624.0,43800.0,Call,-,-,-,-,1240,-,-,0,0,0,0,-,-,-,-
TXO,202606W4,20260624.0,43800.0,Put,-,-,-,-,1590,-,-,0,0,0,0,1360,-,-,-
TXO,202606W4,20260624.0,43850.0,Call,-,-,-,-,1210,-,-,0,0,0,0,15,-,-,-
TXO,202606W4,20260624.0,43850.0,Put,-,-,-,-,1610,-,-,0,0,0,0,1420,-,-,-
TXO,202606W4,20260624.0,43900.0,Call,-,-,-,-,1190,-,-,0,0,0,0,15,-,-,-
TXO,202606W4,20260624.0,43900.0,Put,-,-,-,-,1640,-,-,0,0,0,0,1410,-,-,-
TXO,202606W4,20260624.0,43950.0,Call,1160,1160,1160,1160,1160,▼-540,▼-31.76%,0,1,1,1,990,-,1160,1160
TXO,202606W4,20260624.0,43950.0,Put,-,-,-,-,1660,-,-,0,0,0,0,1440,-,-,-
TXO,202606W4,20260624.0,44000.0,Call,1600,1600,1070,1070,1140,▼-600,▼-35.93%,0,5,5,3,940,2000,1600,1070
TXO,202606W4,20260624.0,44000.0,Put,1130,1130,1130,1130,1680,▲+150,▲+15.31%,0,1,1,1,1510,1710,1130,1130
TXO,202606W4,20260624.0,44050.0,Call,-,-,-,-,1110,-,-,0,0,0,0,3.9,-,-,-
TXO,202606W4,20260624.0,44050.0,Put,-,-,-,-,1710,-,-,0,0,0,0,1490,-,-,-
TXO,202606W4,20260624.0,44100.0,Call,-,-,-,-,1090,-,-,0,0,0,0,2.3,-,-,-
TXO,202606W4,20260624.0,44100.0,Put,1160,1160,1160,1160,1730,▲+150,▲+14.85%,0,1,1,1,1520,1880,1160,1160
TXO,202606W4,20260624.0,44150.0,Call,-,-,-,-,1060,-,-,0,0,0,0,2.3,-,-,-
TXO,202606W4,20260624.0,44150.0,Put,-,-,-,-,1750,-,-,0,0,0,0,1550,-,-,-
TXO,202606W4,20260624.0,44200.0,Call,-,-,-,-,1030,-,-,0,0,0,0,990,-,-,-
TXO,202606W4,20260624.0,44200.0,Put,-,-,-,-,1780,-,-,0,0,0,0,1580,-,-,-
TXO,202606W4,20260624.0,44250.0,Call,-,-,-,-,1010,-,-,0,0,0,0,2.4,-,-,-
TXO,202606W4,20260624.0,44250.0,Put,-,-,-,-,1810,-,-,0,0,0,0,1600,-,-,-
TXO,202606W4,20260624.0,44300.0,Call,-,-,-,-,990,-,-,0,0,0,0,2.3,-,-,-
TXO,202606W4,20260624.0,44300.0,Put,-,-,-,-,1840,-,-,0,0,0,0,1630,-,-,-
TXO,202606W4,20260624.0,44350.0,Call,-,-,-,-,970,-,-,0,0,0,0,15,-,-,-
TXO,202606W4,20260624.0,44350.0,Put,-,-,-,-,1870,-,-,0,0,0,0,1670,-,-,-
TXO,202606W4,20260624.0,44400.0,Call,-,-,-,-,940,-,-,0,0,0,0,15,-,-,-
TXO,202606W4,20260624.0,44400.0,Put,-,-,-,-,1890,-,-,0,0,0,0,1690,-,-,-
TXO,202606W4,20260624.0,44450.0,Call,-,-,-,-,920,-,-,0,0,0,0,15,-,-,-
TXO,202606W4,20260624.0,44450.0,Put,-,-,-,-,1920,-,-,0,0,0,0,1720,-,-,-
TXO,202606W4,20260624.0,44500.0,Call,-,-,-,-,895,-,-,0,0,0,0,15,-,-,-
TXO,202606W4,20260624.0,44500.0,Put,-,-,-,-,1940,-,-,0,0,0,0,1750,-,-,-
TXO,202606W4,20260624.0,44550.0,Call,-,-,-,-,875,-,-,0,0,0,0,705,-,-,-
TXO,202606W4,20260624.0,44550.0,Put,-,-,-,-,1970,-,-,0,0,0,0,1820,-,-,-
TXO,202606W4,20260624.0,44600.0,Call,-,-,-,-,855,-,-,0,0,0,0,675,-,-,-
TXO,202606W4,20260624.0,44600.0,Put,-,-,-,-,2000,-,-,0,0,0,0,1810,-,-,-
TXO,202606W4,20260624.0,44650.0,Call,1120,1120,1120,1120,835,▼-180,▼-13.85%,0,1,1,1,399,900,1120,1120
TXO,202606W4,20260624.0,44650.0,Put,-,-,-,-,2030,-,-,0,0,0,0,1850,-,-,-
TXO,202606W4,20260624.0,44700.0,Call,-,-,-,-,815,-,-,0,0,0,0,670,-,-,-
TXO,202606W4,20260624.0,44700.0,Put,-,-,-,-,2060,-,-,0,0,0,0,1870,-,-,-
TXO,202606W4,20260624.0,44750.0,Call,-,-,-,-,795,-,-,0,0,0,0,359,-,-,-
TXO,202606W4,20260624.0,44750.0,Put,-,-,-,-,2090,-,-,0,0,0,0,1900,-,-,-
TXO,202606W4,20260624.0,44800.0,Call,865,865,725,725,780,▼-495,▼-40.57%,0,5,5,2,595,2000,865,725
TXO,202606W4,20260624.0,44800.0,Put,-,-,-,-,2120,-,-,0,0,0,0,1930,-,-,-
TXO,202606W4,20260624.0,44850.0,Call,-,-,-,-,760,-,-,0,0,0,0,320,-,-,-
TXO,202606W4,20260624.0,44850.0,Put,-,-,-,-,2160,-,-,0,0,0,0,2040,-,-,-
TXO,202606W4,20260624.0,44900.0,Call,-,-,-,-,740,-,-,0,0,0,0,301,-,-,-
TXO,202606W4,20260624.0,44900.0,Put,-,-,-,-,2190,-,-,0,0,0,0,2040,-,-,-
TXO,202606W4,20260624.0,44950.0,Call,-,-,-,-,720,-,-,0,0,0,0,282,-,-,-
TXO,202606W4,20260624.0,44950.0,Put,-,-,-,-,2220,-,-,0,0,0,0,2030,-,-,-
TXO,202606W4,20260624.0,45000.0,Call,955,955,805,850,700,▼-270,▼-24.11%,0,6,6,4,525,-,955,805
TXO,202606W4,20260624.0,45000.0,Put,-,-,-,-,2250,-,-,0,0,0,0,2100,-,-,-
TXO,202606W4,20260624.0,45050.0,Call,-,-,-,-,685,-,-,0,0,0,0,246,-,-,-
TXO,202606W4,20260624.0,45050.0,Put,-,-,-,-,2280,-,-,0,0,0,0,2140,-,-,-
TXO,202606W4,20260624.0,45100.0,Call,-,-,-,-,665,-,-,0,0,0,0,228,-,-,-
TXO,202606W4,20260624.0,45100.0,Put,-,-,-,-,2310,-,-,0,0,0,0,2130,-,-,-
TXO,202606W4,20260624.0,45150.0,Call,-,-,-,-,650,-,-,0,0,0,0,210,-,-,-
TXO,202606W4,20260624.0,45150.0,Put,-,-,-,-,2350,-,-,0,0,0,0,2160,-,-,-
TXO,202606W4,20260624.0,45200.0,Call,-,-,-,-,635,-,-,0,0,0,0,193,-,-,-
TXO,202606W4,20260624.0,45200.0,Put,-,-,-,-,2380,-,-,0,0,0,0,2200,-,-,-
TXO,202606W4,20260624.0,45250.0,Call,-,-,-,-,610,-,-,0,0,0,0,176,-,-,-
TXO,202606W4,20260624.0,45250.0,Put,-,-,-,-,2410,-,-,0,0,0,0,2230,-,-,-
TXO,202606W4,20260624.0,45300.0,Call,-,-,-,-,595,-,-,0,0,0,0,160,-,-,-
TXO,202606W4,20260624.0,45300.0,Put,-,-,-,-,2440,-,-,0,0,0,0,2270,-,-,-
TXO,202606W4,20260624.0,45350.0,Call,-,-,-,-,580,-,-,0,0,0,0,144,-,-,-
TXO,202606W4,20260624.0,45350.0,Put,-,-,-,-,2480,-,-,0,0,0,0,2350,-,-,-
TXO,202606W4,20260624.0,45400.0,Call,-,-,-,-,565,-,-,0,0,0,0,128,-,-,-
TXO,202606W4,20260624.0,45400.0,Put,-,-,-,-,2510,-,-,0,0,0,0,2360,-,-,-
TXO,202606W4,20260624.0,45450.0,Call,-,-,-,-,550,-,-,0,0,0,0,112,-,-,-
TXO,202606W4,20260624.0,45450.0,Put,-,-,-,-,2550,-,-,0,0,0,0,2380,-,-,-
TXO,202606W4,20260624.0,45500.0,Call,700,700,700,700,535,▼-195,▼-21.79%,0,1,1,1,121,610,700,700
TXO,202606W4,20260624.0,45500.0,Put,-,-,-,-,2580,-,-,0,0,0,0,2410,-,-,-
TXO,202606W4,20260624.0,45550.0,Call,-,-,-,-,515,-,-,0,0,0,0,82,-,-,-
TXO,202606W4,20260624.0,45550.0,Put,-,-,-,-,2610,-,-,0,0,0,0,2450,-,-,-
TXO,202606W4,20260624.0,45600.0,Call,-,-,-,-,500,-,-,0,0,0,0,68,-,-,-
TXO,202606W4,20260624.0,45600.0,Put,-,-,-,-,2650,-,-,0,0,0,0,2490,-,-,-
TXO,202606W4,20260624.0,45650.0,Call,-,-,-,-,488,-,-,0,0,0,0,53,-,-,-
TXO,202606W4,20260624.0,45650.0,Put,-,-,-,-,2680,-,-,0,0,0,0,2570,-,-,-
TXO,202606W4,20260624.0,45700.0,Call,-,-,-,-,474,-,-,0,0,0,0,39,-,-,-
TXO,202606W4,20260624.0,45700.0,Put,-,-,-,-,2720,-,-,0,0,0,0,2560,-,-,-
TXO,202606W4,20260624.0,45750.0,Call,-,-,-,-,460,-,-,0,0,0,0,25.5,-,-,-
TXO,202606W4,20260624.0,45750.0,Put,-,-,-,-,2760,-,-,0,0,0,0,2600,-,-,-
TXO,202606W4,20260624.0,45800.0,Call,-,-,-,-,446,-,-,0,0,0,0,16.5,-,-,-
TXO,202606W4,20260624.0,45800.0,Put,-,-,-,-,2790,-,-,0,0,0,0,2640,2840,-,-
TXO,202606W4,20260624.0,45850.0,Call,-,-,-,-,433,-,-,0,0,0,0,16.5,-,-,-
TXO,202606W4,20260624.0,45850.0,Put,-,-,-,-,2830,-,-,0,0,0,0,2670,-,-,-
TXO,202606W4,20260624.0,45900.0,Call,405,405,405,405,421,▼-335,▼-45.27%,0,1,1,1,300,-,405,405
TXO,202606W4,20260624.0,45900.0,Put,-,-,-,-,2870,-,-,0,0,0,0,2710,-,-,-
TXO,202606W4,20260624.0,45950.0,Call,-,-,-,-,406,-,-,0,0,0,0,101,-,-,-
TXO,202606W4,20260624.0,45950.0,Put,-,-,-,-,2900,-,-,0,0,0,0,2750,-,-,-
TXO,202606W4,20260624.0,46000.0,Call,462,462,462,462,395,▼-243,▼-34.47%,0,1,1,1,21.5,470,462,462
TXO,202606W4,20260624.0,46000.0,Put,-,-,-,-,2940,-,-,0,0,0,0,2840,-,-,-
TXO,202606W4,20260624.0,46100.0,Call,-,-,-,-,373,-,-,0,0,0,0,16.5,-,-,-
TXO,202606W4,20260624.0,46100.0,Put,-,-,-,-,3020,-,-,0,0,0,0,2920,-,-,-
TXO,202606W4,20260624.0,46200.0,Call,520,520,520,520,351,▼-115,▼-18.11%,0,1,1,1,16.5,-,520,520
TXO,202606W4,20260624.0,46200.0,Put,-,-,-,-,3100,-,-,0,0,0,0,2950,-,-,-
TXO,202606W4,20260624.0,46300.0,Call,-,-,-,-,330,-,-,0,0,0,0,16.5,-,-,-
TXO,202606W4,20260624.0,46300.0,Put,-,-,-,-,3180,-,-,0,0,0,0,3030,-,-,-
TXO,202606W4,20260624.0,46400.0,Call,-,-,-,-,309,-,-,0,0,0,0,16.5,-,-,-
TXO,202606W4,20260624.0,46400.0,Put,-,-,-,-,3260,-,-,0,0,0,0,3110,-,-,-
TXO,202606W4,20260624.0,46500.0,Call,-,-,-,-,291,-,-,0,0,0,0,16.5,-,-,-
TXO,202606W4,20260624.0,46500.0,Put,-,-,-,-,3340,-,-,0,0,0,0,3200,-,-,-
TXO,202606W4,20260624.0,46600.0,Call,270,270,256,256,271,▼-259,▼-50.29%,0,2,2,2,161,-,270,256
TXO,202606W4,20260624.0,46600.0,Put,-,-,-,-,3420,-,-,0,0,0,0,3280,-,-,-
TXO,202606W4,20260624.0,46700.0,Call,-,-,-,-,255,-,-,0,0,0,0,16.5,-,-,-
TXO,202606W4,20260624.0,46700.0,Put,-,-,-,-,3500,-,-,0,0,0,0,3370,-,-,-
TXO,202606W4,20260624.0,46800.0,Call,200,200,200,200,238,▼-264,▼-56.90%,0,1,1,1,115,-,200,200
TXO,202606W4,20260624.0,46800.0,Put,-,-,-,-,3580,-,-,0,0,0,0,3450,-,-,-
TXO,202606W4,20260624.0,46900.0,Call,-,-,-,-,222,-,-,0,0,0,0,109,-,-,-
TXO,202606W4,20260624.0,46900.0,Put,-,-,-,-,3670,-,-,0,0,0,0,3600,-,-,-
TXO,202606W4,20260624.0,47000.0,Call,260,260,246,246,208,▼-169,▼-40.72%,0,2,2,1,150,-,260,246
TXO,202606W4,20260624.0,47000.0,Put,-,-,-,-,3750,-,-,0,0,0,0,3630,-,-,-
TXO,202606W4,20260624.0,47100.0,Call,-,-,-,-,194,-,-,0,0,0,0,69,-,-,-
TXO,202606W4,20260624.0,47100.0,Put,-,-,-,-,3840,-,-,0,0,0,0,3720,-,-,-
TXO,202606W4,20260624.0,47200.0,Call,-,-,-,-,183,-,-,0,0,0,0,68,-,-,-
TXO,202606W4,20260624.0,47200.0,Put,-,-,-,-,3930,-,-,0,0,0,0,3730,-,-,-
TXO,202606W4,20260624.0,47300.0,Call,-,-,-,-,172,-,-,0,0,0,0,46,-,-,-
TXO,202606W4,20260624.0,47300.0,Put,-,-,-,-,4020,-,-,0,0,0,0,15,-,-,-
TXO,202606W4,20260624.0,47400.0,Call,205,205,201,201,159,▼-129,▼-39.09%,0,4,4,0,1.5,-,205,201
TXO,202606W4,20260624.0,47400.0,Put,-,-,-,-,4110,-,-,0,0,0,0,15,-,-,-
TXO,202606W4,20260624.0,47500.0,Call,233,233,146,146,146,▼-165,▼-53.05%,0,5,5,3,53,251,233,146
TXO,202606W4,20260624.0,47500.0,Put,-,-,-,-,4200,-,-,0,0,0,0,15,-,-,-
TXO,202606W4,20260624.0,47600.0,Call,-,-,-,-,140,-,-,0,0,0,0,43.5,-,-,-
TXO,202606W4,20260624.0,47600.0,Put,-,-,-,-,4290,-,-,0,0,0,0,15,-,-,-
TXO,202606W4,20260624.0,47700.0,Call,-,-,-,-,132,-,-,0,0,0,0,37,-,-,-
TXO,202606W4,20260624.0,47700.0,Put,-,-,-,-,4380,-,-,0,0,0,0,15,-,-,-
TXO,202606W4,20260624.0,47800.0,Call,115,115,115,115,123,▼-145,▼-55.77%,0,1,1,1,20.5,-,115,115
TXO,202606W4,20260624.0,47800.0,Put,-,-,-,-,4470,-,-,0,0,0,0,15,-,-,-
TXO,202606W4,20260624.0,47900.0,Call,146,146,114,114,114,▼-131,▼-53.47%,0,3,3,2,12.5,-,146,114
TXO,202606W4,20260624.0,47900.0,Put,-,-,-,-,4560,-,-,0,0,0,0,15,-,-,-
TXO,202606W4,20260624.0,48000.0,Call,114,114,114,114,104,▼-116,▼-50.43%,0,1,1,1,10,-,114,114
TXO,202606W4,20260624.0,48000.0,Put,-,-,-,-,4650,-,-,0,0,0,0,15,-,-,-
TXO,202606W4,20260624.0,48100.0,Call,-,-,-,-,100,-,-,0,0,0,0,0.2,-,-,-
TXO,202606W4,20260624.0,48100.0,Put,-,-,-,-,4740,-,-,0,0,0,0,15,-,-,-
TXO,202606W4,20260624.0,48200.0,Call,108,108,85,90,90,▼-113,▼-55.67%,0,4,4,4,0.5,-,108,85
TXO,202606W4,20260624.0,48200.0,Put,-,-,-,-,4840,-,-,0,0,0,0,15,-,-,-
TXO,202606W4,20260624.0,48300.0,Call,-,-,-,-,88,-,-,0,0,0,0,0.5,-,-,-
TXO,202606W4,20260624.0,48300.0,Put,-,-,-,-,4930,-,-,0,0,0,0,15,-,-,-
TXO,202606W4,20260624.0,48400.0,Call,-,-,-,-,83,-,-,0,0,0,0,12.5,-,-,-
TXO,202606W4,20260624.0,48400.0,Put,-,-,-,-,5030,-,-,0,0,0,0,15,-,-,-
TXO,202606W4,20260624.0,48500.0,Call,68,68,68,68,78,▼-101,▼-59.76%,0,1,1,1,66,-,68,68
TXO,202606W4,20260624.0,48500.0,Put,-,-,-,-,5120,-,-,0,0,0,0,15,-,-,-
TXO,202606W4,20260624.0,48600.0,Call,-,-,-,-,73,-,-,0,0,0,0,0.4,-,-,-
TXO,202606W4,20260624.0,48600.0,Put,-,-,-,-,5220,-,-,0,0,0,0,15,-,-,-
TXO,202606W4,20260624.0,48700.0,Call,-,-,-,-,69,-,-,0,0,0,0,0.4,-,-,-
TXO,202606W4,20260624.0,48700.0,Put,-,-,-,-,5310,-,-,0,0,0,0,15,-,-,-
TXO,202606W4,20260624.0,48800.0,Call,-,-,-,-,65,-,-,0,0,0,0,0.5,-,-,-
TXO,202606W4,20260624.0,48800.0,Put,-,-,-,-,5410,-,-,0,0,0,0,15,-,-,-
TXO,202606W4,20260624.0,48900.0,Call,-,-,-,-,61,-,-,0,0,0,0,0.4,-,-,-
TXO,202606W4,20260624.0,48900.0,Put,-,-,-,-,5510,-,-,0,0,0,0,15,-,-,-
TXO,202606W4,20260624.0,49000.0,Call,87,87,55,55,55,▼-67,▼-54.92%,0,3,3,3,10,100,87,55
TXO,202606W4,20260624.0,49000.0,Put,-,-,-,-,5600,-,-,0,0,0,0,15,-,-,-
TXO,202606W4,20260624.0,49100.0,Call,-,-,-,-,53,-,-,0,0,0,0,5.1,-,-,-
TXO,202606W4,20260624.0,49100.0,Put,-,-,-,-,5700,-,-,0,0,0,0,-,-,-,-
TXO,202606W4,20260624.0,49200.0,Call,80,80,46,46,46,▼-62,▼-57.41%,0,2,2,2,10,178,80,46
TXO,202606W4,20260624.0,49200.0,Put,-,-,-,-,5790,-,-,0,0,0,0,-,-,-,-
TXO,202607,20260715.0,31200.0,Call,-,-,-,-,12380,-,-,0,0,0,0,-,-,-,-
TXO,202607,20260715.0,31200.0,Put,90,131,78,131,131,▲+65,▲+98.48%,19,154,173,565,130,140,490,39
TXO,202607,20260715.0,31300.0,Call,-,-,-,-,12280,-,-,0,0,0,0,-,-,-,-
TXO,202607,20260715.0,31300.0,Put,-,-,-,-,139,-,-,0,0,0,109,119,233,396,46.5
TXO,202607,20260715.0,31400.0,Call,-,-,-,-,12190,-,-,0,0,0,0,-,-,-,-
TXO,202607,20260715.0,31400.0,Put,-,-,-,-,142,-,-,0,0,0,154,19.5,240,388,46.5
TXO,202607,20260715.0,31500.0,Call,-,-,-,-,12090,-,-,0,0,0,0,-,-,-,-
TXO,202607,20260715.0,31500.0,Put,107,140,107,140,143,▲+65,▲+86.67%,0,3,3,128,126,155,197,51
TXO,202607,20260715.0,31600.0,Call,-,-,-,-,11990,-,-,0,0,0,0,-,-,-,-
TXO,202607,20260715.0,31600.0,Put,-,-,-,-,149,-,-,0,0,0,104,121,174,303,55
TXO,202607,20260715.0,31700.0,Call,-,-,-,-,11900,-,-,0,0,0,0,-,-,-,-
TXO,202607,20260715.0,31700.0,Put,107,107,107,107,152,▲+31,▲+40.79%,1,1,2,2,41.5,-,107,54
TXO,202607,20260715.0,31800.0,Call,-,-,-,-,11800,-,-,0,0,0,0,-,-,-,-
TXO,202607,20260715.0,31800.0,Put,-,-,-,-,156,-,-,2,0,2,2,29.5,-,395,74
TXO,202607,20260715.0,31900.0,Call,-,-,-,-,11700,-,-,0,0,0,5,-,-,9380,5840
TXO,202607,20260715.0,31900.0,Put,-,-,-,-,158,-,-,0,0,0,10,33.5,249,437,50
TXO,202607,20260715.0,32000.0,Call,-,-,-,-,11610,-,-,0,0,0,0,11540,-,-,-
TXO,202607,20260715.0,32000.0,Put,91,178,91,177,161,▲+95,▲+115.85%,2,27,29,75,143,180,565,12
TXO,202607,20260715.0,32100.0,Call,-,-,-,-,11510,-,-,0,0,0,0,11370,-,-,-
TXO,202607,20260715.0,32100.0,Put,-,-,-,-,165,-,-,0,0,0,3,134,-,347,92
TXO,202607,20260715.0,32200.0,Call,-,-,-,-,11410,-,-,0,0,0,0,11360,-,-,-
TXO,202607,20260715.0,32200.0,Put,156,156,156,156,169,▲+71,▲+83.53%,0,1,1,13,42.5,253,326,52
TXO,202607,20260715.0,32300.0,Call,-,-,-,-,11320,-,-,0,0,0,0,-,-,-,-
TXO,202607,20260715.0,32300.0,Put,-,-,-,-,173,-,-,0,0,0,9,46.5,205,367,93
TXO,202607,20260715.0,32400.0,Call,-,-,-,-,11220,-,-,0,0,0,0,-,-,-,-
TXO,202607,20260715.0,32400.0,Put,-,-,-,-,177,-,-,0,0,0,24,149,217,368,88
TXO,202607,20260715.0,32500.0,Call,-,-,-,-,11130,-,-,0,0,0,0,-,-,-,-
TXO,202607,20260715.0,32500.0,Put,146,167,146,167,180,▲+75,▲+81.52%,0,4,4,19,153,200,520,108
TXO,202607,20260715.0,32600.0,Call,-,-,-,-,11030,-,-,0,0,0,0,-,-,-,-
TXO,202607,20260715.0,32600.0,Put,-,-,-,-,185,-,-,0,0,0,12,157,222,450,90
TXO,202607,20260715.0,32700.0,Call,-,-,-,-,10930,-,-,0,0,0,0,-,-,-,-
TXO,202607,20260715.0,32700.0,Put,-,-,-,-,189,-,-,0,0,0,0,161,226,110,65
TXO,202607,20260715.0,32800.0,Call,-,-,-,-,10840,-,-,0,0,0,0,-,-,-,-
TXO,202607,20260715.0,32800.0,Put,-,-,-,-,196,-,-,0,0,0,4,49,233,489,98
TXO,202607,20260715.0,32900.0,Call,-,-,-,-,10750,-,-,0,0,0,0,-,-,-,-
TXO,202607,20260715.0,32900.0,Put,-,-,-,-,200,-,-,0,0,0,2,165,224,351,60
TXO,202607,20260715.0,33000.0,Call,-,-,-,-,10650,-,-,0,0,0,0,-,-,-,-
TXO,202607,20260715.0,33000.0,Put,130,200,130,200,200,▲+98,▲+96.08%,7,16,23,187,186,230,610,68
TXO,202607,20260715.0,33100.0,Call,-,-,-,-,10550,-,-,0,0,0,0,10490,-,-,-
TXO,202607,20260715.0,33100.0,Put,-,-,-,-,206,-,-,0,0,0,1,74,283,308,280
TXO,202607,20260715.0,33200.0,Call,-,-,-,-,10460,-,-,0,0,0,0,-,-,-,-
TXO,202607,20260715.0,33200.0,Put,133,158,133,158,213,▲+52,▲+49.06%,0,4,4,5,79,314,735,75
TXO,202607,20260715.0,33300.0,Call,-,-,-,-,10360,-,-,0,0,0,0,10300,-,-,-
TXO,202607,20260715.0,33300.0,Put,-,-,-,-,218,-,-,0,0,0,3,86,243,515,80
TXO,202607,20260715.0,33400.0,Call,-,-,-,-,10270,-,-,0,0,0,0,-,-,-,-
TXO,202607,20260715.0,33400.0,Put,-,-,-,-,223,-,-,0,0,0,2,203,293,780,103
TXO,202607,20260715.0,33500.0,Call,-,-,-,-,10170,-,-,0,0,0,0,-,-,-,-
TXO,202607,20260715.0,33500.0,Put,149,210,149,210,226,▲+95,▲+82.61%,1,3,4,19,94,344,476,70
TXO,202607,20260715.0,33600.0,Call,-,-,-,-,10080,-,-,0,0,0,0,-,-,-,-
TXO,202607,20260715.0,33600.0,Put,-,-,-,-,233,-,-,0,0,0,1,96,342,490,89
TXO,202607,20260715.0,33700.0,Call,-,-,-,-,9990,-,-,0,0,0,0,-,-,-,-
TXO,202607,20260715.0,33700.0,Put,149,149,149,149,239,▲+29,▲+24.17%,0,1,1,4,203,343,810,130
TXO,202607,20260715.0,33800.0,Call,-,-,-,-,9890,-,-,0,0,0,0,-,-,-,-
TXO,202607,20260715.0,33800.0,Put,-,-,-,-,244,-,-,0,0,0,3,131,349,525,100
TXO,202607,20260715.0,33900.0,Call,-,-,-,-,9790,-,-,0,0,0,0,-,-,-,-
TXO,202607,20260715.0,33900.0,Put,-,-,-,-,245,-,-,0,0,0,1,224,285,545,130
TXO,202607,20260715.0,34000.0,Call,-,-,-,-,9700,-,-,0,0,0,0,-,-,-,-
TXO,202607,20260715.0,34000.0,Put,160,241,160,241,253,▲+112,▲+86.82%,5,26,31,60,231,270,740,76
TXO,202607,20260715.0,34100.0,Call,-,-,-,-,9610,-,-,0,0,0,0,-,-,-,-
TXO,202607,20260715.0,34100.0,Put,-,-,-,-,262,-,-,0,0,0,42,165,288,570,91
TXO,202607,20260715.0,34200.0,Call,-,-,-,-,9520,-,-,0,0,0,0,9450,-,-,-
TXO,202607,20260715.0,34200.0,Put,204,204,204,204,267,▲+67,▲+48.91%,4,1,5,7,129,296,765,99
TXO,202607,20260715.0,34300.0,Call,-,-,-,-,9420,-,-,0,0,0,0,-,-,-,-
TXO,202607,20260715.0,34300.0,Put,180,226,180,205,271,▲+66,▲+47.48%,0,4,4,12,253,307,230,89
TXO,202607,20260715.0,34400.0,Call,-,-,-,-,9330,-,-,0,0,0,0,-,-,-,-
TXO,202607,20260715.0,34400.0,Put,-,-,-,-,278,-,-,0,0,0,5,258,309,820,100
TXO,202607,20260715.0,34500.0,Call,-,-,-,-,9230,-,-,0,0,0,0,9170,-,-,-
TXO,202607,20260715.0,34500.0,Put,-,-,-,-,285,-,-,0,0,0,9,195,313,510,94
TXO,202607,20260715.0,34600.0,Call,-,-,-,-,9140,-,-,0,0,0,0,-,-,-,-
TXO,202607,20260715.0,34600.0,Put,285,285,285,285,291,▲+135,▲+90.00%,0,1,1,7,278,322,755,93
TXO,202607,20260715.0,34700.0,Call,-,-,-,-,9050,-,-,0,0,0,0,8910,-,-,-
TXO,202607,20260715.0,34700.0,Put,209,314,205,314,299,▲+161,▲+105.23%,0,7,7,6,281,328,314,170
TXO,202607,20260715.0,34800.0,Call,-,-,-,-,8950,-,-,0,0,0,0,-,-,-,-
TXO,202607,20260715.0,34800.0,Put,-,-,-,-,304,-,-,0,0,0,35,292,336,600,88
TXO,202607,20260715.0,34900.0,Call,-,-,-,-,8860,-,-,0,0,0,0,-,-,-,-
TXO,202607,20260715.0,34900.0,Put,266,266,266,266,311,▲+105,▲+65.22%,0,1,1,3,298,341,800,93
TXO,202607,20260715.0,35000.0,Call,-,-,-,-,8770,-,-,0,0,0,0,8710,-,-,-
TXO,202607,20260715.0,35000.0,Put,200,308,200,308,319,▲+143,▲+86.67%,24,43,67,137,291,356,930,95
TXO,202607,20260715.0,35100.0,Call,-,-,-,-,8680,-,-,0,0,0,0,-,-,-,-
TXO,202607,20260715.0,35100.0,Put,212,247,212,241,328,▲+72,▲+42.60%,8,7,15,57,299,357,565,144
TXO,202607,20260715.0,35200.0,Call,-,-,-,-,8590,-,-,0,0,0,0,-,-,-,-
TXO,202607,20260715.0,35200.0,Put,308,332,308,332,332,▲+159,▲+91.91%,0,2,2,11,320,366,505,103
TXO,202607,20260715.0,35300.0,Call,-,-,-,-,8490,-,-,0,0,0,0,8440,-,-,-
TXO,202607,20260715.0,35300.0,Put,213,213,213,213,341,▲+35,▲+19.66%,0,1,1,4,329,382,382,121
TXO,202607,20260715.0,35400.0,Call,-,-,-,-,8400,-,-,0,0,0,0,-,-,-,-
TXO,202607,20260715.0,35400.0,Put,358,358,358,358,358,▲+176,▲+96.70%,0,1,1,73,335,388,900,105
TXO,202607,20260715.0,35500.0,Call,-,-,-,-,8310,-,-,0,0,0,0,-,-,-,-
TXO,202607,20260715.0,35500.0,Put,-,-,-,-,362,-,-,0,0,0,40,343,396,855,119
TXO,202607,20260715.0,35600.0,Call,-,-,-,-,8220,-,-,0,0,0,0,-,-,-,-
TXO,202607,20260715.0,35600.0,Put,370,370,370,370,370,▲+178,▲+92.71%,0,2,2,7,350,397,750,130
TXO,202607,20260715.0,35700.0,Call,-,-,-,-,8130,-,-,0,0,0,0,-,-,-,-
TXO,202607,20260715.0,35700.0,Put,-,-,-,-,378,-,-,0,0,0,10,359,408,715,150
TXO,202607,20260715.0,35800.0,Call,-,-,-,-,8040,-,-,0,0,0,0,-,-,-,-
TXO,202607,20260715.0,35800.0,Put,-,-,-,-,386,-,-,3,0,3,2285,251,412,730,115
TXO,202607,20260715.0,35900.0,Call,-,-,-,-,7950,-,-,0,0,0,0,-,-,-,-
TXO,202607,20260715.0,35900.0,Put,-,-,-,-,395,-,-,0,0,0,83,381,422,1000,115
TXO,202607,20260715.0,36000.0,Call,-,-,-,-,7850,-,-,0,0,0,0,-,-,7170,4650
TXO,202607,20260715.0,36000.0,Put,283,418,255,413,402,▲+202,▲+95.73%,43,36,79,139,386,435,1370,101
TXO,202607,20260715.0,36100.0,Call,-,-,-,-,7760,-,-,0,0,0,0,-,-,-,-
TXO,202607,20260715.0,36100.0,Put,-,-,-,-,412,-,-,0,0,0,58,400,444,1200,134
TXO,202607,20260715.0,36200.0,Call,-,-,-,-,7670,-,-,0,0,0,0,7610,-,4760,4080
TXO,202607,20260715.0,36200.0,Put,-,-,-,-,422,-,-,0,0,0,7,299,453,464,126
TXO,202607,20260715.0,36300.0,Call,-,-,-,-,7580,-,-,0,0,0,0,-,-,-,-
TXO,202607,20260715.0,36300.0,Put,395,395,395,395,429,▲+164,▲+71.00%,0,5,5,17,419,463,815,147
TXO,202607,20260715.0,36400.0,Call,-,-,-,-,7500,-,-,0,0,0,0,-,-,-,-
TXO,202607,20260715.0,36400.0,Put,350,354,350,354,443,▲+114,▲+47.50%,0,2,2,2,429,478,790,154
TXO,202607,20260715.0,36500.0,Call,-,-,-,-,7400,-,-,0,0,0,0,-,-,-,-
TXO,202607,20260715.0,36500.0,Put,300,431,290,431,449,▲+190,▲+78.84%,0,10,10,16,297,481,1000,141
TXO,202607,20260715.0,36600.0,Call,-,-,-,-,7310,-,-,0,0,0,0,-,-,-,-
TXO,202607,20260715.0,36600.0,Put,-,-,-,-,461,-,-,1,0,1,16,450,505,830,141
TXO,202607,20260715.0,36700.0,Call,-,-,-,-,7220,-,-,0,0,0,0,7110,-,-,-
TXO,202607,20260715.0,36700.0,Put,320,320,320,320,471,▲+66,▲+25.98%,0,1,1,15,460,505,1020,150
TXO,202607,20260715.0,36800.0,Call,-,-,-,-,7140,-,-,0,0,0,0,-,-,-,-
TXO,202607,20260715.0,36800.0,Put,-,-,-,-,486,-,-,0,0,0,5,396,520,1710,150
TXO,202607,20260715.0,36900.0,Call,-,-,-,-,7050,-,-,0,0,0,0,6990,-,-,-
TXO,202607,20260715.0,36900.0,Put,-,-,-,-,496,-,-,0,0,0,5,408,530,880,164
TXO,202607,20260715.0,37000.0,Call,-,-,-,-,6960,-,-,0,0,0,1,6900,-,5970,2060
TXO,202607,20260715.0,37000.0,Put,337,510,317,510,510,▲+234,▲+84.78%,1,10,11,99,515,540,1850,110
TXO,202607,20260715.0,37100.0,Call,-,-,-,-,6880,-,-,0,0,0,0,-,-,2250,1990
TXO,202607,20260715.0,37100.0,Put,530,530,530,530,520,▲+247,▲+87.28%,0,2,2,7,505,555,1850,200
TXO,202607,20260715.0,37200.0,Call,-,-,-,-,6790,-,-,0,0,0,0,-,-,2210,1970
TXO,202607,20260715.0,37200.0,Put,-,-,-,-,535,-,-,0,0,0,0,393,570,1000,280
TXO,202607,20260715.0,37300.0,Call,-,-,-,-,6700,-,-,0,0,0,0,6640,-,-,-
TXO,202607,20260715.0,37300.0,Put,-,-,-,-,545,-,-,0,0,0,6,530,585,1830,193
TXO,202607,20260715.0,37400.0,Call,-,-,-,-,6610,-,-,0,0,0,0,-,-,-,-
TXO,202607,20260715.0,37400.0,Put,387,520,365,520,555,▲+213,▲+69.38%,1,7,8,11,545,595,2010,202
TXO,202607,20260715.0,37500.0,Call,-,-,-,-,6520,-,-,0,0,0,0,-,-,2310,1950
TXO,202607,20260715.0,37500.0,Put,500,580,500,580,570,▲+266,▲+84.71%,1,7,8,52,555,605,1850,168
TXO,202607,20260715.0,37600.0,Call,-,-,-,-,6440,-,-,0,0,0,0,-,-,2900,2020
TXO,202607,20260715.0,37600.0,Put,505,505,505,505,585,▲+185,▲+57.81%,18,1,19,20,500,620,2030,180
TXO,202607,20260715.0,37700.0,Call,-,-,-,-,6350,-,-,0,0,0,0,-,-,2230,2090
TXO,202607,20260715.0,37700.0,Put,-,-,-,-,600,-,-,1,0,1,73,520,635,2000,186
TXO,202607,20260715.0,37800.0,Call,-,-,-,-,6270,-,-,0,0,0,1,6210,-,2240,2240
TXO,202607,20260715.0,37800.0,Put,-,-,-,-,610,-,-,0,0,0,44,600,650,1850,195
TXO,202607,20260715.0,37900.0,Call,-,-,-,-,6180,-,-,0,0,0,0,-,-,-,-
TXO,202607,20260715.0,37900.0,Put,-,-,-,-,625,-,-,0,0,0,6,485,665,1300,191
TXO,202607,20260715.0,38000.0,Call,-,-,-,-,6090,-,-,0,0,0,4,5990,-,6240,1540
TXO,202607,20260715.0,38000.0,Put,488,645,487,645,635,▲+286,▲+79.67%,24,61,85,148,560,680,1910,197
TXO,202607,20260715.0,38100.0,Call,-,-,-,-,6010,-,-,0,0,0,0,-,-,2370,1850
TXO,202607,20260715.0,38100.0,Put,-,-,-,-,655,-,-,0,0,0,1,530,695,1000,210
TXO,202607,20260715.0,38200.0,Call,-,-,-,-,5930,-,-,0,0,0,6,5750,-,2720,2230
TXO,202607,20260715.0,38200.0,Put,-,-,-,-,670,-,-,0,0,0,5,595,710,1520,205
TXO,202607,20260715.0,38300.0,Call,-,-,-,-,5850,-,-,0,0,0,0,-,-,4120,1400
TXO,202607,20260715.0,38300.0,Put,471,471,471,471,690,▲+84,▲+21.71%,1,1,2,3,585,730,1360,209
TXO,202607,20260715.0,38400.0,Call,-,-,-,-,5760,-,-,0,0,0,0,5700,-,-,-
TXO,202607,20260715.0,38400.0,Put,500,680,475,680,700,▲+281,▲+70.43%,44,9,53,75,690,740,1460,220
TXO,202607,20260715.0,38500.0,Call,-,-,-,-,5670,-,-,0,0,0,2,5620,5760,4830,2220
TXO,202607,20260715.0,38500.0,Put,510,700,510,700,715,▲+286,▲+69.08%,1,11,12,23,645,760,1550,229
TXO,202607,20260715.0,38600.0,Call,-,-,-,-,5590,-,-,0,0,0,4,-,5660,3900,1240
TXO,202607,20260715.0,38600.0,Put,535,535,535,535,735,▲+115,▲+27.38%,1,1,2,2,625,780,640,249
TXO,202607,20260715.0,38700.0,Call,-,-,-,-,5510,-,-,0,0,0,0,-,-,2500,2100
TXO,202607,20260715.0,38700.0,Put,-,-,-,-,755,-,-,0,0,0,1,675,795,755,755
TXO,202607,20260715.0,38800.0,Call,-,-,-,-,5430,-,-,0,0,0,1,5370,5530,2300,2020
TXO,202607,20260715.0,38800.0,Put,-,-,-,-,770,-,-,0,0,0,15,650,815,2060,520
TXO,202607,20260715.0,38900.0,Call,-,-,-,-,5340,-,-,0,0,0,0,5290,-,-,-
TXO,202607,20260715.0,38900.0,Put,-,-,-,-,790,-,-,0,0,0,3,695,830,1580,253
TXO,202607,20260715.0,39000.0,Call,-,-,-,-,5260,-,-,0,0,0,1,5150,-,7400,1400
TXO,202607,20260715.0,39000.0,Put,800,810,540,810,810,▲+343,▲+73.45%,19,59,78,109,735,850,2180,245
TXO,202607,20260715.0,39100.0,Call,-,-,-,-,5180,-,-,0,0,0,0,5080,-,-,-
TXO,202607,20260715.0,39100.0,Put,-,-,-,-,830,-,-,10,0,10,10,720,870,1540,267
TXO,202607,20260715.0,39200.0,Call,-,-,-,-,5100,-,-,0,0,0,0,-,-,4090,1870
TXO,202607,20260715.0,39200.0,Put,-,-,-,-,845,-,-,1,0,1,6,555,890,1650,275
TXO,202607,20260715.0,39300.0,Call,-,-,-,-,5020,-,-,0,0,0,0,4970,-,-,-
TXO,202607,20260715.0,39300.0,Put,-,-,-,-,865,-,-,0,0,0,21,750,910,680,284
TXO,202607,20260715.0,39400.0,Call,-,-,-,-,4940,-,-,0,0,0,0,-,-,-,-
TXO,202607,20260715.0,39400.0,Put,710,710,710,710,885,▲+195,▲+37.86%,1,1,2,30,815,930,1620,390
TXO,202607,20260715.0,39500.0,Call,-,-,-,-,4860,-,-,0,0,0,100,-,4930,4400,915
TXO,202607,20260715.0,39500.0,Put,630,855,630,845,900,▲+310,▲+57.94%,0,54,54,160,15,950,1870,295
TXO,202607,20260715.0,39600.0,Call,-,-,-,-,4780,-,-,0,0,0,0,-,-,-,-
TXO,202607,20260715.0,39600.0,Put,670,790,650,790,925,▲+235,▲+42.34%,4,8,12,53,680,970,2360,300
TXO,202607,20260715.0,39700.0,Call,-,-,-,-,4710,-,-,0,0,0,0,4650,-,2300,2270
TXO,202607,20260715.0,39700.0,Put,-,-,-,-,950,-,-,0,0,0,16,660,990,930,313
TXO,202607,20260715.0,39800.0,Call,-,-,-,-,4630,-,-,0,0,0,0,-,-,3200,3180
TXO,202607,20260715.0,39800.0,Put,900,900,900,900,970,▲+320,▲+55.17%,0,1,1,29,680,1020,2130,320
TXO,202607,20260715.0,39900.0,Call,-,-,-,-,4550,-,-,0,0,0,0,-,-,-,-
TXO,202607,20260715.0,39900.0,Put,775,1010,775,1010,990,▲+415,▲+69.75%,0,7,7,8,66,1030,1200,336
TXO,202607,20260715.0,40000.0,Call,-,-,-,-,4470,-,-,0,0,0,102,-,4540,6740,760
TXO,202607,20260715.0,40000.0,Put,1020,1050,685,1030,1010,▲+420,▲+68.85%,66,106,172,281,755,1060,2180,330
TXO,202607,20260715.0,40100.0,Call,-,-,-,-,4400,-,-,0,0,0,0,4150,-,5660,1130
TXO,202607,20260715.0,40100.0,Put,1050,1070,985,1070,1040,▲+445,▲+71.20%,1,5,6,21,15,1080,2090,585
TXO,202607,20260715.0,40200.0,Call,-,-,-,-,4330,-,-,0,0,0,0,-,4470,-,-
TXO,202607,20260715.0,40200.0,Put,-,-,-,-,1070,-,-,1,0,1,29,810,1100,2240,412
TXO,202607,20260715.0,40300.0,Call,-,-,-,-,4250,-,-,0,0,0,1,4080,4400,2290,2290
TXO,202607,20260715.0,40300.0,Put,-,-,-,-,1090,-,-,0,0,0,24,15,1220,2180,499
TXO,202607,20260715.0,40400.0,Call,-,-,-,-,4180,-,-,0,0,0,0,4110,-,-,-
TXO,202607,20260715.0,40400.0,Put,-,-,-,-,1120,-,-,0,0,0,21,825,1150,2230,375
TXO,202607,20260715.0,40500.0,Call,-,-,-,-,4100,-,-,0,0,0,75,3880,4170,4310,1850
TXO,202607,20260715.0,40500.0,Put,-,-,-,-,1140,-,-,16,0,16,64,15,1180,2270,397
TXO,202607,20260715.0,40600.0,Call,-,-,-,-,4020,-,-,0,0,0,20,3780,4100,2210,1930
TXO,202607,20260715.0,40600.0,Put,800,800,800,800,1160,▲+85,▲+11.89%,3,1,4,8,875,1200,2000,385
TXO,202607,20260715.0,40700.0,Call,-,-,-,-,3950,-,-,0,0,0,20,3740,4020,6000,1140
TXO,202607,20260715.0,40700.0,Put,-,-,-,-,1190,-,-,0,0,0,10,15,1230,1120,424
TXO,202607,20260715.0,40800.0,Call,-,-,-,-,3880,-,-,0,0,0,20,-,3950,2100,1390
TXO,202607,20260715.0,40800.0,Put,1110,1170,1110,1170,1220,▲+415,▲+54.97%,0,3,3,25,1150,1260,2230,495
TXO,202607,20260715.0,40900.0,Call,-,-,-,-,3800,-,-,0,0,0,20,-,3880,1780,1780
TXO,202607,20260715.0,40900.0,Put,1180,1190,895,990,1240,▲+215,▲+27.74%,1,12,13,14,955,1350,2190,454
TXO,202607,20260715.0,41000.0,Call,4080,4080,3870,3870,3730,▼-650,▼-14.38%,0,3,3,73,3600,3800,4460,595
TXO,202607,20260715.0,41000.0,Put,910,1290,880,1290,1270,▲+495,▲+62.26%,4,23,27,149,985,1310,2310,300
TXO,202607,20260715.0,41100.0,Call,-,-,-,-,3660,-,-,0,0,0,2,3610,3730,2260,1680
TXO,202607,20260715.0,41100.0,Put,1140,1140,1140,1140,1300,▲+325,▲+39.88%,1,30,31,38,1010,1340,2260,500
TXO,202607,20260715.0,41200.0,Call,-,-,-,-,3590,-,-,0,0,0,0,3400,-,5450,720
TXO,202607,20260715.0,41200.0,Put,1110,1110,1110,1110,1330,▲+275,▲+32.93%,0,1,1,9,1050,1380,2160,655
TXO,202607,20260715.0,41300.0,Call,-,-,-,-,3520,-,-,0,0,0,1,3330,3620,3720,660
TXO,202607,20260715.0,41300.0,Put,1010,1100,1010,1100,1360,▲+240,▲+27.91%,3,2,5,27,1080,1410,2430,510
TXO,202607,20260715.0,41400.0,Call,-,-,-,-,3450,-,-,0,0,0,0,3240,3580,3500,700
TXO,202607,20260715.0,41400.0,Put,1190,1280,1110,1280,1390,▲+400,▲+45.45%,0,3,3,42,1100,1430,2200,505
TXO,202607,20260715.0,41500.0,Call,-,-,-,-,3380,-,-,0,0,0,0,3200,-,3400,1510
TXO,202607,20260715.0,41500.0,Put,1100,1300,1100,1300,1420,▲+390,▲+42.86%,1,5,6,35,1340,1460,2800,505
TXO,202607,20260715.0,41600.0,Call,-,-,-,-,3310,-,-,0,0,0,2,3200,3360,2470,1700
TXO,202607,20260715.0,41600.0,Put,-,-,-,-,1450,-,-,6,0,6,16,1350,1490,2580,550
TXO,202607,20260715.0,41700.0,Call,-,-,-,-,3240,-,-,0,0,0,4,-,3310,4100,1550
TXO,202607,20260715.0,41700.0,Put,-,-,-,-,1480,-,-,0,0,0,4,1200,1530,1390,670
TXO,202607,20260715.0,41800.0,Call,-,-,-,-,3180,-,-,0,0,0,0,3090,-,-,-
TXO,202607,20260715.0,41800.0,Put,-,-,-,-,1520,-,-,1,0,1,7,1230,1570,2900,575
TXO,202607,20260715.0,41900.0,Call,-,-,-,-,3110,-,-,0,0,0,6,-,3190,4000,1480
TXO,202607,20260715.0,41900.0,Put,1230,1560,1230,1560,1550,▲+550,▲+54.46%,2,94,96,486,1270,1600,2170,605
TXO,202607,20260715.0,42000.0,Call,-,-,-,-,3050,-,-,1,0,1,6,-,3080,5420,350
TXO,202607,20260715.0,42000.0,Put,1190,1650,1190,1600,1590,▲+560,▲+53.85%,14,119,133,352,1160,1610,3000,575
TXO,202607,20260715.0,42100.0,Call,2930,2930,2900,2900,2980,▼-780,▼-21.20%,0,3,3,3,2930,3000,2930,2900
TXO,202607,20260715.0,42100.0,Put,-,-,-,-,1620,-,-,0,0,0,3,1190,1660,1490,900
TXO,202607,20260715.0,42200.0,Call,-,-,-,-,2910,-,-,0,0,0,2,2810,2950,3070,1740
TXO,202607,20260715.0,42200.0,Put,1700,1700,1700,1700,1650,▲+610,▲+55.96%,1,1,2,55,1640,1700,1700,1090
TXO,202607,20260715.0,42300.0,Call,-,-,-,-,2850,-,-,0,0,0,1,2750,-,3030,3030
TXO,202607,20260715.0,42300.0,Put,-,-,-,-,1690,-,-,0,0,0,24,15,1730,2520,670
TXO,202607,20260715.0,42400.0,Call,-,-,-,-,2790,-,-,0,0,0,0,2680,2810,3080,1310
TXO,202607,20260715.0,42400.0,Put,-,-,-,-,1730,-,-,0,0,0,13,1300,1770,2000,670
TXO,202607,20260715.0,42500.0,Call,-,-,-,-,2720,-,-,0,0,0,7,2620,-,3930,1190
TXO,202607,20260715.0,42500.0,Put,1270,1640,1270,1640,1760,▲+470,▲+40.17%,0,5,5,36,1480,1810,1870,690
TXO,202607,20260715.0,42600.0,Call,-,-,-,-,2660,-,-,1,0,1,1,2570,-,3340,1090
TXO,202607,20260715.0,42600.0,Put,1550,1820,1550,1820,1800,▲+620,▲+51.67%,0,7,7,2,1520,1850,2480,1000
TXO,202607,20260715.0,42700.0,Call,-,-,-,-,2600,-,-,0,0,0,2,2520,2630,2980,1050
TXO,202607,20260715.0,42700.0,Put,-,-,-,-,1840,-,-,0,0,0,47,15,1890,2520,845
TXO,202607,20260715.0,42800.0,Call,2630,2630,2630,2630,2540,▼-560,▼-17.55%,0,1,1,2,2450,2620,2630,237
TXO,202607,20260715.0,42800.0,Put,1640,1840,1540,1830,1880,▲+570,▲+45.24%,0,11,11,7,1600,1930,3660,775
TXO,202607,20260715.0,42900.0,Call,-,-,-,-,2480,-,-,1,0,1,1,2420,-,3100,1880
TXO,202607,20260715.0,42900.0,Put,-,-,-,-,1920,-,-,0,0,0,6,1860,1970,1830,790
TXO,202607,20260715.0,43000.0,Call,2660,2730,2430,2430,2430,▼-630,▼-20.59%,12,6,18,118,2380,-,4750,550
TXO,202607,20260715.0,43000.0,Put,1760,1800,1510,1800,1960,▲+470,▲+35.34%,23,21,44,140,1880,2020,3330,765
TXO,202607,20260715.0,43100.0,Call,2630,2630,2630,2630,2370,▼-360,▼-12.04%,14,14,28,14,2320,2460,2630,1170
TXO,202607,20260715.0,43100.0,Put,-,-,-,-,2000,-,-,0,0,0,43,1940,2050,2510,1320
TXO,202607,20260715.0,43200.0,Call,2340,2340,2340,2340,2310,▼-580,▼-19.86%,0,1,1,12,2240,2330,3300,1370
TXO,202607,20260715.0,43200.0,Put,2150,2150,2150,2150,2040,▲+750,▲+53.57%,1,1,2,49,1770,2150,2660,1090
TXO,202607,20260715.0,43300.0,Call,-,-,-,-,2260,-,-,1,0,1,0,2180,-,2580,900
TXO,202607,20260715.0,43300.0,Put,-,-,-,-,2090,-,-,0,0,0,5,1810,2170,2420,1490
TXO,202607,20260715.0,43400.0,Call,2130,2130,2130,2130,2210,▼-660,▼-23.66%,1,1,2,5,2140,-,3100,1450
TXO,202607,20260715.0,43400.0,Put,1730,2100,1730,2100,2140,▲+630,▲+42.86%,0,2,2,6,2120,2210,2100,935
TXO,202607,20260715.0,43500.0,Call,2130,2140,2000,2120,2160,▼-610,▼-22.34%,2,35,37,56,2100,-,2650,1470
TXO,202607,20260715.0,43500.0,Put,1850,2250,1850,2250,2190,▲+750,▲+50.00%,12,6,18,208,1300,2270,3000,920
TXO,202607,20260715.0,43600.0,Call,2130,2130,2130,2130,2110,▼-540,▼-20.22%,0,1,1,15,2040,2110,3850,319
TXO,202607,20260715.0,43600.0,Put,2100,2250,2100,2250,2240,▲+710,▲+46.10%,0,6,6,8,2200,2280,5070,975
TXO,202607,20260715.0,43700.0,Call,2180,2180,1950,1950,2040,▼-650,▼-25.00%,0,3,3,5,1990,2100,3570,995
TXO,202607,20260715.0,43700.0,Put,-,-,-,-,2280,-,-,0,0,0,9,2190,2320,2070,980
TXO,202607,20260715.0,43800.0,Call,-,-,-,-,1980,-,-,1,0,1,5,1940,-,3850,715
TXO,202607,20260715.0,43800.0,Put,-,-,-,-,2320,-,-,5,0,5,13,2220,2400,2540,985
TXO,202607,20260715.0,43900.0,Call,-,-,-,-,1940,-,-,1,0,1,11,1890,2020,3760,1000
TXO,202607,20260715.0,43900.0,Put,-,-,-,-,2370,-,-,0,0,0,0,-,2440,1470,1380
TXO,202607,20260715.0,44000.0,Call,2190,2190,1750,1750,1890,▼-670,▼-27.69%,32,11,43,61,1830,1970,3710,650
TXO,202607,20260715.0,44000.0,Put,1930,2380,1830,2380,2430,▲+720,▲+43.37%,5,22,27,283,2430,2460,3080,1010
TXO,202607,20260715.0,44100.0,Call,2160,2160,2150,2150,1840,▼-210,▼-8.90%,1,2,3,10,1790,1920,2170,960
TXO,202607,20260715.0,44100.0,Put,-,-,-,-,2470,-,-,0,0,0,1,15,-,2450,1360
TXO,202607,20260715.0,44200.0,Call,1930,1930,1900,1900,1790,▼-410,▼-17.75%,2,7,9,13,1740,2070,3360,865
TXO,202607,20260715.0,44200.0,Put,2230,2230,2160,2160,2520,▲+380,▲+21.35%,0,2,2,1,2160,2600,2560,1370
TXO,202607,20260715.0,44300.0,Call,1880,1880,1700,1700,1740,▼-550,▼-24.44%,19,3,22,35,1690,1800,3420,685
TXO,202607,20260715.0,44300.0,Put,2260,2260,2260,2260,2570,▲+440,▲+24.18%,0,1,1,2,15,2730,2260,1160
TXO,202607,20260715.0,44400.0,Call,1830,1830,1580,1580,1690,▼-610,▼-27.85%,3,7,10,10,1640,1750,3110,1120
TXO,202607,20260715.0,44400.0,Put,-,-,-,-,2630,-,-,2,0,2,22,2520,-,2800,1440
TXO,202607,20260715.0,44500.0,Call,1900,1900,1720,1720,1650,▼-410,▼-19.25%,11,3,14,55,1590,1730,3570,560
TXO,202607,20260715.0,44500.0,Put,2280,2280,2280,2280,2680,▲+380,▲+20.00%,2,1,3,54,1880,2780,2750,1170
TXO,202607,20260715.0,44600.0,Call,-,-,-,-,1600,-,-,1,0,1,4,1550,-,2600,595
TXO,202607,20260715.0,44600.0,Put,2770,2770,2770,2770,2730,▲+820,▲+42.05%,0,1,1,2,2650,2820,2770,1210
TXO,202607,20260715.0,44700.0,Call,1500,1500,1400,1430,1550,▼-600,▼-29.56%,4,22,26,23,1500,1640,3380,575
TXO,202607,20260715.0,44700.0,Put,2280,2280,2280,2280,2790,▲+280,▲+14.00%,1,2,3,4,2690,2880,3000,1250
TXO,202607,20260715.0,44800.0,Call,1540,1540,1350,1350,1510,▼-620,▼-31.47%,7,253,260,221,1460,1530,2980,665
TXO,202607,20260715.0,44800.0,Put,-,-,-,-,2840,-,-,0,0,0,5,2820,3000,1450,1280
TXO,202607,20260715.0,44900.0,Call,1630,1640,1320,1380,1470,▼-540,▼-28.13%,22,153,175,100,1420,1560,2660,1010
TXO,202607,20260715.0,44900.0,Put,-,-,-,-,2900,-,-,0,0,0,3,2800,-,2210,1320
TXO,202607,20260715.0,45000.0,Call,1650,1750,1270,1360,1430,▼-510,▼-27.27%,85,71,156,211,1380,1700,3250,470
TXO,202607,20260715.0,45000.0,Put,2500,2500,2500,2500,2960,▲+360,▲+16.82%,8,1,9,51,30,3070,3500,1350
TXO,202607,20260715.0,45100.0,Call,1680,1680,1250,1250,1380,▼-570,▼-31.32%,0,5,5,18,1330,-,2200,494
TXO,202607,20260715.0,45100.0,Put,-,-,-,-,3020,-,-,0,0,0,4,2990,-,2870,1390
TXO,202607,20260715.0,45200.0,Call,-,-,-,-,1340,-,-,0,0,0,7,1190,-,3010,477
TXO,202607,20260715.0,45200.0,Put,-,-,-,-,3070,-,-,1,0,1,3,3040,3120,3440,1420
TXO,202607,20260715.0,45300.0,Call,-,-,-,-,1310,-,-,0,0,0,34,1120,-,2300,510
TXO,202607,20260715.0,45300.0,Put,-,-,-,-,3140,-,-,0,0,0,1,3100,-,2960,1450
TXO,202607,20260715.0,45400.0,Call,1200,1200,1200,1200,1270,▼-470,▼-28.14%,1,1,2,32,1220,-,2340,441
TXO,202607,20260715.0,45400.0,Put,-,-,-,-,3200,-,-,0,0,0,3,-,3320,3280,1890
TXO,202607,20260715.0,45500.0,Call,1410,1440,1160,1180,1230,▼-450,▼-27.61%,4,15,19,96,1180,-,3010,640
TXO,202607,20260715.0,45500.0,Put,-,-,-,-,3260,-,-,0,0,0,12,3220,3370,3650,1540
TXO,202607,20260715.0,45600.0,Call,1340,1460,1150,1150,1190,▼-430,▼-27.22%,1,15,16,104,1140,1470,2930,391
TXO,202607,20260715.0,45600.0,Put,-,-,-,-,3320,-,-,0,0,0,3,15,-,3280,1560
TXO,202607,20260715.0,45700.0,Call,-,-,-,-,1150,-,-,3,0,3,4,1100,-,2700,394
TXO,202607,20260715.0,45700.0,Put,-,-,-,-,3390,-,-,0,0,0,2,3340,3500,2850,1770
TXO,202607,20260715.0,45800.0,Call,-,-,-,-,1110,-,-,1,0,1,112,1060,1180,2810,381
TXO,202607,20260715.0,45800.0,Put,-,-,-,-,3440,-,-,0,0,0,15,3320,3610,4260,1760
TXO,202607,20260715.0,45900.0,Call,1020,1020,1020,1020,1080,▼-430,▼-29.66%,0,4,4,20,1030,1140,2480,690
TXO,202607,20260715.0,45900.0,Put,-,-,-,-,3510,-,-,0,0,0,1,-,3690,2180,1860
TXO,202607,20260715.0,46000.0,Call,1250,1320,920,930,1050,▼-480,▼-34.04%,5,10,15,118,1000,1110,2590,311
TXO,202607,20260715.0,46000.0,Put,3280,3280,3280,3280,3580,▲+600,▲+22.39%,1,4,5,52,-,3750,4080,1730
TXO,202607,20260715.0,46100.0,Call,-,-,-,-,1010,-,-,0,0,0,2,965,-,2570,930
TXO,202607,20260715.0,46100.0,Put,-,-,-,-,3640,-,-,0,0,0,1,3580,3880,3490,1840
TXO,202607,20260715.0,46200.0,Call,1040,1040,1040,1040,980,▼-290,▼-21.80%,0,1,1,19,930,1500,2310,900
TXO,202607,20260715.0,46200.0,Put,-,-,-,-,3710,-,-,1,0,1,1,3610,3920,3610,2240
TXO,202607,20260715.0,46300.0,Call,-,-,-,-,950,-,-,0,0,0,2,900,1030,960,960
TXO,202607,20260715.0,46300.0,Put,-,-,-,-,3780,-,-,0,0,0,0,3640,4030,-,-
TXO,202607,20260715.0,46400.0,Call,-,-,-,-,925,-,-,1,0,1,4,870,995,1740,441
TXO,202607,20260715.0,46400.0,Put,-,-,-,-,3850,-,-,0,0,0,1,3780,-,3500,1920
TXO,202607,20260715.0,46500.0,Call,1150,1150,850,880,895,▼-330,▼-27.27%,10,20,30,147,845,1180,2500,435
TXO,202607,20260715.0,46500.0,Put,-,-,-,-,3930,-,-,0,0,0,1,3860,-,2180,1970
TXO,202607,20260715.0,46600.0,Call,-,-,-,-,860,-,-,1,0,1,2,810,-,975,715
TXO,202607,20260715.0,46600.0,Put,-,-,-,-,3990,-,-,1,0,1,2,3920,4100,3060,2000
TXO,202607,20260715.0,46700.0,Call,-,-,-,-,835,-,-,3,0,3,3,785,925,2080,625
TXO,202607,20260715.0,46700.0,Put,-,-,-,-,4060,-,-,0,0,0,0,4000,4330,3090,2140
TXO,202607,20260715.0,46800.0,Call,-,-,-,-,805,-,-,0,0,0,4,755,-,1830,545
TXO,202607,20260715.0,46800.0,Put,-,-,-,-,4140,-,-,0,0,0,0,4070,4400,-,-
TXO,202607,20260715.0,46900.0,Call,-,-,-,-,780,-,-,3,0,3,24,730,875,2150,450
TXO,202607,20260715.0,46900.0,Put,-,-,-,-,4210,-,-,0,0,0,2,4140,4460,3040,3040
TXO,202607,20260715.0,47000.0,Call,990,990,675,700,755,▼-330,▼-32.04%,10,58,68,299,705,765,2180,204
TXO,202607,20260715.0,47000.0,Put,-,-,-,-,4290,-,-,0,0,0,1,4200,4530,3330,2200
TXO,202607,20260715.0,47100.0,Call,965,965,810,810,730,▼-190,▼-19.00%,2,4,6,15,680,-,2050,200
TXO,202607,20260715.0,47100.0,Put,-,-,-,-,4360,-,-,0,0,0,2,4190,4470,2260,2260
TXO,202607,20260715.0,47200.0,Call,715,715,715,715,705,▼-255,▼-26.29%,0,1,1,6,660,760,1770,348
TXO,202607,20260715.0,47200.0,Put,-,-,-,-,4430,-,-,0,0,0,3,-,4540,3420,2870
TXO,202607,20260715.0,47300.0,Call,-,-,-,-,675,-,-,0,0,0,12,630,740,2010,425
TXO,202607,20260715.0,47300.0,Put,-,-,-,-,4500,-,-,0,0,0,0,-,-,-,-
TXO,202607,20260715.0,47400.0,Call,735,735,715,715,650,▼-195,▼-21.43%,0,2,2,37,610,-,1500,198
TXO,202607,20260715.0,47400.0,Put,-,-,-,-,4580,-,-,0,0,0,2,4510,-,2930,2930
TXO,202607,20260715.0,47500.0,Call,775,830,635,635,635,▼-245,▼-27.84%,7,7,14,132,590,690,1860,201
TXO,202607,20260715.0,47500.0,Put,-,-,-,-,4660,-,-,0,0,0,0,3720,-,-,-
TXO,202607,20260715.0,47600.0,Call,735,735,615,615,615,▼-240,▼-28.07%,0,101,101,109,570,675,1700,481
TXO,202607,20260715.0,47600.0,Put,-,-,-,-,4740,-,-,0,0,0,0,3690,-,-,-
TXO,202607,20260715.0,47700.0,Call,600,600,550,550,590,▼-275,▼-33.33%,4,6,10,18,550,-,1600,280
TXO,202607,20260715.0,47700.0,Put,-,-,-,-,4820,-,-,0,0,0,0,-,-,3840,3100
TXO,202607,20260715.0,47800.0,Call,-,-,-,-,570,-,-,0,0,0,15,530,580,1520,255
TXO,202607,20260715.0,47800.0,Put,-,-,-,-,4900,-,-,0,0,0,2,4810,-,2940,2940
TXO,202607,20260715.0,47900.0,Call,700,700,685,685,550,▼-85,▼-11.04%,1,2,3,5,510,560,1270,365
TXO,202607,20260715.0,47900.0,Put,-,-,-,-,4980,-,-,0,0,0,0,-,-,-,-
TXO,202607,20260715.0,48000.0,Call,680,700,457,515,530,▼-235,▼-31.33%,20,40,60,148,496,825,1640,163
TXO,202607,20260715.0,48000.0,Put,-,-,-,-,5060,-,-,0,0,0,4,4910,5170,4030,2770
TXO,202607,20260715.0,48100.0,Call,580,580,580,580,515,▼-145,▼-20.00%,8,2,10,15,473,-,1640,315
TXO,202607,20260715.0,48100.0,Put,-,-,-,-,5140,-,-,0,0,0,2,4990,-,2790,2790
TXO,202607,20260715.0,48200.0,Call,550,550,550,550,496,▼-150,▼-21.43%,0,1,1,34,450,510,1620,149
TXO,202607,20260715.0,48200.0,Put,-,-,-,-,5220,-,-,0,0,0,5,5080,-,3060,2860
TXO,202607,20260715.0,48300.0,Call,-,-,-,-,480,-,-,1,0,1,68,434,555,1510,132
TXO,202607,20260715.0,48300.0,Put,-,-,-,-,5310,-,-,0,0,0,0,5160,-,-,-
TXO,202607,20260715.0,48400.0,Call,540,540,540,540,464,▼-115,▼-17.56%,2,1,3,11,417,535,1300,540
TXO,202607,20260715.0,48400.0,Put,-,-,-,-,5390,-,-,0,0,0,0,5240,5440,-,-
TXO,202607,20260715.0,48500.0,Call,565,565,381,432,448,▼-198,▼-31.43%,0,14,14,11,407,530,1440,381
TXO,202607,20260715.0,48500.0,Put,-,-,-,-,5480,-,-,0,0,0,0,-,-,-,-
TXO,202607,20260715.0,48600.0,Call,-,-,-,-,433,-,-,0,0,0,17,387,-,1150,480
TXO,202607,20260715.0,48600.0,Put,-,-,-,-,5560,-,-,0,0,0,1,5470,-,3200,3200
TXO,202607,20260715.0,48700.0,Call,418,418,404,404,417,▼-186,▼-31.53%,0,3,3,32,382,498,1360,300
TXO,202607,20260715.0,48700.0,Put,-,-,-,-,5640,-,-,0,0,0,0,-,-,-,-
TXO,202607,20260715.0,48800.0,Call,-,-,-,-,403,-,-,1,0,1,31,359,-,1400,300
TXO,202607,20260715.0,48800.0,Put,-,-,-,-,5730,-,-,0,0,0,0,-,-,-,-
TXO,202607,20260715.0,48900.0,Call,470,470,470,470,390,▼-70,▼-12.96%,0,1,1,2,313,398,470,400
TXO,202607,20260715.0,48900.0,Put,-,-,-,-,5820,-,-,0,0,0,0,-,-,-,-
TXO,202607,20260715.0,49000.0,Call,420,420,328,337,376,▼-193,▼-36.42%,27,16,43,45,338,376,1100,328
TXO,202607,20260715.0,49000.0,Put,-,-,-,-,5900,-,-,0,0,0,4,5800,-,6090,3420
TXO,202607,20260715.0,49100.0,Call,400,400,348,351,364,▼-164,▼-31.84%,0,5,5,2,326,367,805,348
TXO,202607,20260715.0,49100.0,Put,-,-,-,-,5990,-,-,0,0,0,0,-,-,-,-
TXO,202607,20260715.0,49200.0,Call,353,353,338,338,351,▼-158,▼-31.85%,4,4,8,224,316,352,1070,332
TXO,202607,20260715.0,49200.0,Put,-,-,-,-,6080,-,-,0,0,0,0,-,-,-,-
TXO,202607,20260715.0,49300.0,Call,445,445,328,328,339,▼-152,▼-31.67%,0,12,12,16,304,-,1110,328
TXO,202607,20260715.0,49300.0,Put,-,-,-,-,6170,-,-,0,0,0,0,-,-,-,-
TXO,202607,20260715.0,49400.0,Call,-,-,-,-,328,-,-,1,0,1,3,287,336,1150,250
TXO,202607,20260715.0,49400.0,Put,-,-,-,-,6250,-,-,0,0,0,0,-,-,-,-
TXO,202607,20260715.0,49500.0,Call,410,410,290,290,316,▼-158,▼-35.27%,3,16,19,70,283,-,1170,290
TXO,202607,20260715.0,49500.0,Put,-,-,-,-,6340,-,-,0,0,0,0,-,-,-,-
TXO,202607,20260715.0,49600.0,Call,302,302,302,302,302,▼-131,▼-30.25%,4,1,5,9,224,-,1010,202
TXO,202607,20260715.0,49600.0,Put,-,-,-,-,6430,-,-,0,0,0,0,-,6490,-,-
TXO,202607,20260715.0,49700.0,Call,-,-,-,-,290,-,-,1,0,1,6,260,-,980,412
TXO,202607,20260715.0,49700.0,Put,-,-,-,-,6520,-,-,0,0,0,0,-,6580,-,-
TXO,202607,20260715.0,49800.0,Call,334,334,334,334,283,▼-71,▼-17.53%,0,1,1,6,235,297,900,253
TXO,202607,20260715.0,49800.0,Put,-,-,-,-,6610,-,-,0,0,0,0,-,6660,-,-
TXO,202607,20260715.0,49900.0,Call,350,369,350,360,278,▼-31,▼-7.93%,0,3,3,7,233,290,900,350
TXO,202607,20260715.0,49900.0,Put,-,-,-,-,6700,-,-,0,0,0,0,-,-,-,-
TXO,202607,20260715.0,50000.0,Call,367,367,226,249,249,▼-129,▼-34.13%,51,121,172,603,232,260,1020,148
TXO,202607,20260715.0,50000.0,Put,6700,6700,6700,6700,6790,▲+1060,▲+18.79%,0,1,1,5,6710,-,6700,4120
TXO,202607,20260715.0,50100.0,Call,-,-,-,-,246,-,-,0,0,0,14,199,269,795,250
TXO,202607,20260715.0,50100.0,Put,-,-,-,-,6880,-,-,0,0,0,0,-,-,-,-
TXO,202607,20260715.0,50200.0,Call,-,-,-,-,243,-,-,1,0,1,79,212,-,995,222
TXO,202607,20260715.0,50200.0,Put,-,-,-,-,6970,-,-,0,0,0,0,-,-,-,-
TXO,202607,20260715.0,50300.0,Call,208,208,208,208,241,▼-133,▼-39.00%,0,1,1,2,198,253,935,208
TXO,202607,20260715.0,50300.0,Put,-,-,-,-,7060,-,-,0,0,0,0,-,-,-,-
TXO,202607,20260715.0,50400.0,Call,-,-,-,-,233,-,-,0,0,0,3,177,243,780,320
TXO,202607,20260715.0,50400.0,Put,-,-,-,-,7160,-,-,0,0,0,0,-,-,-,-
TXO,202607,20260715.0,50500.0,Call,250,250,235,235,227,▼-82,▼-25.87%,1,3,4,5,185,238,745,206
TXO,202607,20260715.0,50500.0,Put,-,-,-,-,7250,-,-,0,0,0,0,-,-,-,-
TXO,202607,20260715.0,50600.0,Call,245,245,245,245,219,▼-61,▼-19.93%,0,1,1,0,117,233,540,245
TXO,202607,20260715.0,50600.0,Put,-,-,-,-,7340,-,-,0,0,0,0,-,-,-,-
TXO,202607,20260715.0,50700.0,Call,-,-,-,-,211,-,-,0,0,0,0,107,222,-,-
TXO,202607,20260715.0,50700.0,Put,-,-,-,-,7430,-,-,0,0,0,0,-,-,-,-
TXO,202607,20260715.0,50800.0,Call,230,230,228,228,203,▼-57,▼-20.00%,0,3,3,52,153,218,805,192
TXO,202607,20260715.0,50800.0,Put,-,-,-,-,7530,-,-,0,0,0,0,-,-,-,-
TXO,202607,20260715.0,50900.0,Call,250,250,223,230,198,▼-49,▼-17.56%,5,5,10,16,165,210,820,122
TXO,202607,20260715.0,50900.0,Put,-,-,-,-,7620,-,-,0,0,0,0,-,-,-,-
TXO,202607,20260715.0,51000.0,Call,235,235,206,206,191,▼-64,▼-23.70%,1,25,26,152,155,204,795,3.8
TXO,202607,20260715.0,51000.0,Put,-,-,-,-,7710,-,-,0,0,0,0,-,-,-,-
TXO,202607,20260715.0,51100.0,Call,208,208,208,208,185,▼-53,▼-20.31%,1,1,2,6,95,-,770,172
TXO,202607,20260715.0,51100.0,Put,-,-,-,-,7810,-,-,0,0,0,0,-,-,-,-
TXO,202607,20260715.0,51200.0,Call,202,202,202,202,179,▼-50,▼-19.84%,3,1,4,3,3,194,243,202
TXO,202607,20260715.0,51200.0,Put,-,-,-,-,7900,-,-,0,0,0,0,-,-,-,-
TXO,202607,20260715.0,51300.0,Call,196,196,147,147,173,▼-97,▼-39.75%,0,3,3,2,139,187,196,147
TXO,202607,20260715.0,51300.0,Put,-,-,-,-,8000,-,-,0,0,0,0,-,-,-,-
TXO,202607,20260715.0,51400.0,Call,189,189,189,189,168,▼-47,▼-19.92%,0,1,1,2,70,183,467,160
TXO,202607,20260715.0,51400.0,Put,-,-,-,-,8090,-,-,0,0,0,0,-,-,-,-
TXO,202607,20260715.0,51500.0,Call,184,184,150,155,163,▼-73,▼-32.02%,2,4,6,49,132,-,645,150
TXO,202607,20260715.0,51500.0,Put,-,-,-,-,8190,-,-,0,0,0,0,-,-,-,-
TXO,202607,20260715.0,51600.0,Call,206,206,161,161,161,▼-60,▼-27.15%,1,4,5,6,124,172,645,161
TXO,202607,20260715.0,51600.0,Put,-,-,-,-,8280,-,-,0,0,0,0,-,-,-,-
TXO,202607,20260715.0,51700.0,Call,172,172,139,139,152,▼-74,▼-34.74%,0,2,2,2,121,167,205,139
TXO,202607,20260715.0,51700.0,Put,-,-,-,-,8370,-,-,0,0,0,0,-,-,-,-
TXO,202607,20260715.0,51800.0,Call,167,167,167,167,147,▼-39,▼-18.93%,0,1,1,16,96,164,505,126
TXO,202607,20260715.0,51800.0,Put,-,-,-,-,8470,-,-,0,0,0,0,-,-,-,-
TXO,202607,20260715.0,51900.0,Call,161,161,161,161,141,▼-39,▼-19.50%,0,1,1,1,90,-,161,161
TXO,202607,20260715.0,51900.0,Put,-,-,-,-,8560,-,-,0,0,0,0,-,-,-,-
TXO,202607,20260715.0,52000.0,Call,178,178,124,124,135,▼-75,▼-37.69%,9,42,51,42,130,135,570,124
TXO,202607,20260715.0,52000.0,Put,-,-,-,-,8660,-,-,0,0,0,0,-,-,5760,5710
TXO,202607,20260715.0,52100.0,Call,152,152,152,152,135,▼-40,▼-20.83%,0,1,1,2,86,146,565,121
TXO,202607,20260715.0,52100.0,Put,-,-,-,-,8760,-,-,0,0,0,0,-,-,-,-
TXO,202607,20260715.0,52200.0,Call,172,172,141,141,132,▼-44,▼-23.78%,0,7,7,32,102,148,565,89
TXO,202607,20260715.0,52200.0,Put,-,-,-,-,8850,-,-,0,0,0,0,-,-,-,-
TXO,202607,20260715.0,52300.0,Call,142,142,142,142,128,▼-36,▼-20.22%,0,1,1,10,68,143,550,142
TXO,202607,20260715.0,52300.0,Put,-,-,-,-,8950,-,-,0,0,0,0,-,-,-,-
TXO,202607,20260715.0,52400.0,Call,138,138,138,138,124,▼-34,▼-19.77%,0,1,1,10,77,137,535,100
TXO,202607,20260715.0,52400.0,Put,-,-,-,-,9040,-,-,0,0,0,0,-,-,-,-
TXO,202607,20260715.0,52500.0,Call,112,112,104,104,120,▼-62,▼-37.35%,0,2,2,5,80,135,413,104
TXO,202607,20260715.0,52500.0,Put,-,-,-,-,9140,-,-,0,0,0,0,-,-,-,-
TXO,202607,20260715.0,52600.0,Call,129,129,129,129,115,▼-32,▼-19.88%,0,1,1,2,15,132,388,129
TXO,202607,20260715.0,52600.0,Put,-,-,-,-,9240,-,-,0,0,0,0,-,-,-,-
TXO,202607,20260715.0,52700.0,Call,125,125,125,125,114,▼-31,▼-19.87%,0,1,1,1,74,130,125,125
TXO,202607,20260715.0,52700.0,Put,-,-,-,-,9330,-,-,0,0,0,0,-,-,-,-
TXO,202607,20260715.0,52800.0,Call,138,138,105,105,110,▼-45,▼-30.00%,0,4,4,13,78,-,148,103
TXO,202607,20260715.0,52800.0,Put,-,-,-,-,9430,-,-,0,0,0,0,-,-,-,-
TXO,202607,20260715.0,52900.0,Call,-,-,-,-,107,-,-,0,0,0,1,74,122,305,110
TXO,202607,20260715.0,52900.0,Put,-,-,-,-,9530,-,-,0,0,0,0,-,-,-,-
TXO,202607,20260715.0,53000.0,Call,130,140,91,94,103,▼-48,▼-33.80%,4,11,15,12,80,104,310,75
TXO,202607,20260715.0,53000.0,Put,-,-,-,-,9620,-,-,0,0,0,0,-,-,-,-
TXO,202607,20260715.0,53100.0,Call,-,-,-,-,100,-,-,0,0,0,0,40,119,338,272
TXO,202607,20260715.0,53100.0,Put,-,-,-,-,9720,-,-,0,0,0,0,-,-,-,-
TXO,202607,20260715.0,53200.0,Call,-,-,-,-,97,-,-,0,0,0,1,39,116,122,122
TXO,202607,20260715.0,53200.0,Put,-,-,-,-,9820,-,-,0,0,0,0,-,-,-,-
TXO,202607,20260715.0,53300.0,Call,89,89,89,89,95,▼-42,▼-32.06%,0,1,1,1,58,114,89,89
TXO,202607,20260715.0,53300.0,Put,-,-,-,-,9910,-,-,0,0,0,0,-,-,-,-
TXO,202607,20260715.0,53400.0,Call,-,-,-,-,91,-,-,0,0,0,0,21,112,112,103
TXO,202607,20260715.0,53400.0,Put,-,-,-,-,10010,-,-,0,0,0,0,-,-,-,-
TXO,202607,20260715.0,53500.0,Call,98,120,75,84,84,▼-36,▼-30.00%,68,88,156,159,75,88,318,53
TXO,202607,20260715.0,53500.0,Put,-,-,-,-,10110,-,-,0,0,0,0,-,-,-,-
TXO,202608,20260819.0,34000.0,Call,-,-,-,-,10170,-,-,0,0,0,0,-,-,-,-
TXO,202608,20260819.0,34000.0,Put,376,470,376,470,540,▲+111,▲+30.92%,2,2,4,70,450,620,660,221
TXO,202608,20260819.0,34100.0,Call,-,-,-,-,10080,-,-,0,0,0,0,10000,-,-,-
TXO,202608,20260819.0,34100.0,Put,-,-,-,-,550,-,-,0,0,0,8,439,640,520,220
TXO,202608,20260819.0,34200.0,Call,-,-,-,-,9990,-,-,0,0,0,0,-,-,-,-
TXO,202608,20260819.0,34200.0,Put,520,520,520,520,560,▲+146,▲+39.04%,0,1,1,2,448,650,520,499
TXO,202608,20260819.0,34300.0,Call,-,-,-,-,9900,-,-,0,0,0,0,9820,-,-,-
TXO,202608,20260819.0,34300.0,Put,-,-,-,-,570,-,-,0,0,0,1,458,-,481,481
TXO,202608,20260819.0,34400.0,Call,-,-,-,-,9820,-,-,0,0,0,0,-,-,-,-
TXO,202608,20260819.0,34400.0,Put,-,-,-,-,585,-,-,0,0,0,2,470,690,515,242
TXO,202608,20260819.0,34500.0,Call,-,-,-,-,9730,-,-,0,0,0,0,-,-,-,-
TXO,202608,20260819.0,34500.0,Put,-,-,-,-,595,-,-,0,0,0,6,480,675,730,238
TXO,202608,20260819.0,34600.0,Call,-,-,-,-,9640,-,-,0,0,0,0,-,-,-,-
TXO,202608,20260819.0,34600.0,Put,-,-,-,-,605,-,-,0,0,0,3,488,720,535,297
TXO,202608,20260819.0,34700.0,Call,-,-,-,-,9550,-,-,0,0,0,0,9470,-,-,-
TXO,202608,20260819.0,34700.0,Put,595,595,595,595,620,▲+184,▲+44.77%,0,1,1,1,500,-,595,300
TXO,202608,20260819.0,34800.0,Call,-,-,-,-,9460,-,-,0,0,0,0,-,-,-,-
TXO,202608,20260819.0,34800.0,Put,-,-,-,-,630,-,-,0,0,0,2,510,710,311,300
TXO,202608,20260819.0,34900.0,Call,-,-,-,-,9380,-,-,0,0,0,0,-,-,-,-
TXO,202608,20260819.0,34900.0,Put,-,-,-,-,645,-,-,0,0,0,0,520,-,-,-
TXO,202608,20260819.0,35000.0,Call,-,-,-,-,9290,-,-,0,0,0,0,-,-,-,-
TXO,202608,20260819.0,35000.0,Put,610,640,610,640,655,▲+199,▲+45.12%,0,2,2,9,500,-,800,270
TXO,202608,20260819.0,35100.0,Call,-,-,-,-,9200,-,-,0,0,0,0,9120,-,-,-
TXO,202608,20260819.0,35100.0,Put,-,-,-,-,670,-,-,0,0,0,0,545,-,-,-
TXO,202608,20260819.0,35200.0,Call,-,-,-,-,9120,-,-,0,0,0,0,-,-,-,-
TXO,202608,20260819.0,35200.0,Put,-,-,-,-,685,-,-,0,0,0,3,555,780,407,310
TXO,202608,20260819.0,35300.0,Call,-,-,-,-,9030,-,-,0,0,0,0,-,-,-,-
TXO,202608,20260819.0,35300.0,Put,-,-,-,-,695,-,-,0,0,0,0,575,-,433,420
TXO,202608,20260819.0,35400.0,Call,-,-,-,-,8940,-,-,0,0,0,0,-,-,-,-
TXO,202608,20260819.0,35400.0,Put,-,-,-,-,705,-,-,0,0,0,1,600,-,555,555
TXO,202608,20260819.0,35500.0,Call,-,-,-,-,8860,-,-,0,0,0,0,-,-,-,-
TXO,202608,20260819.0,35500.0,Put,-,-,-,-,720,-,-,0,0,0,3,610,-,428,328
TXO,202608,20260819.0,35600.0,Call,-,-,-,-,8770,-,-,0,0,0,0,8640,-,-,-
TXO,202608,20260819.0,35600.0,Put,-,-,-,-,730,-,-,0,0,0,1,620,825,900,900
TXO,202608,20260819.0,35700.0,Call,-,-,-,-,8680,-,-,0,0,0,0,-,-,-,-
TXO,202608,20260819.0,35700.0,Put,-,-,-,-,745,-,-,0,0,0,1,635,840,300,300
TXO,202608,20260819.0,35800.0,Call,-,-,-,-,8600,-,-,0,0,0,0,8470,-,-,-
TXO,202608,20260819.0,35800.0,Put,-,-,-,-,765,-,-,0,0,0,1,650,-,520,520
TXO,202608,20260819.0,35900.0,Call,-,-,-,-,8510,-,-,0,0,0,0,-,-,-,-
TXO,202608,20260819.0,35900.0,Put,-,-,-,-,775,-,-,0,0,0,1,660,-,750,399
TXO,202608,20260819.0,36000.0,Call,-,-,-,-,8430,-,-,0,0,0,0,8360,-,-,-
TXO,202608,20260819.0,36000.0,Put,655,785,655,785,795,▲+240,▲+44.04%,0,3,3,26,695,875,995,316
TXO,202608,20260819.0,36100.0,Call,-,-,-,-,8350,-,-,0,0,0,0,-,-,-,-
TXO,202608,20260819.0,36100.0,Put,-,-,-,-,815,-,-,0,0,0,0,2.3,-,-,-
TXO,202608,20260819.0,36200.0,Call,-,-,-,-,8270,-,-,0,0,0,0,-,-,-,-
TXO,202608,20260819.0,36200.0,Put,-,-,-,-,830,-,-,0,0,0,1,2.3,-,820,435
TXO,202608,20260819.0,36300.0,Call,-,-,-,-,8180,-,-,0,0,0,0,-,-,-,-
TXO,202608,20260819.0,36300.0,Put,-,-,-,-,840,-,-,0,0,0,0,2.3,-,-,-
TXO,202608,20260819.0,36400.0,Call,-,-,-,-,8100,-,-,0,0,0,0,-,-,-,-
TXO,202608,20260819.0,36400.0,Put,-,-,-,-,855,-,-,0,0,0,0,2.3,-,850,480
TXO,202608,20260819.0,36500.0,Call,-,-,-,-,8020,-,-,0,0,0,0,-,-,-,-
TXO,202608,20260819.0,36500.0,Put,-,-,-,-,875,-,-,0,0,0,2,570,990,550,550
TXO,202608,20260819.0,36600.0,Call,-,-,-,-,7930,-,-,0,0,0,0,7840,-,-,-
TXO,202608,20260819.0,36600.0,Put,-,-,-,-,890,-,-,0,0,0,1,15,-,1130,375
TXO,202608,20260819.0,36700.0,Call,-,-,-,-,7850,-,-,0,0,0,0,7770,-,-,-
TXO,202608,20260819.0,36700.0,Put,-,-,-,-,910,-,-,0,0,0,0,2.3,-,585,432
TXO,202608,20260819.0,36800.0,Call,-,-,-,-,7770,-,-,0,0,0,0,-,-,-,-
TXO,202608,20260819.0,36800.0,Put,-,-,-,-,930,-,-,0,0,0,0,2.3,-,670,570
TXO,202608,20260819.0,36900.0,Call,-,-,-,-,7690,-,-,0,0,0,0,-,-,-,-
TXO,202608,20260819.0,36900.0,Put,-,-,-,-,945,-,-,0,0,0,1,2.3,1030,450,450
TXO,202608,20260819.0,37000.0,Call,-,-,-,-,7610,-,-,0,0,0,0,-,-,-,-
TXO,202608,20260819.0,37000.0,Put,810,815,810,815,965,▲+150,▲+22.56%,0,2,2,4,2.3,-,1180,409
TXO,202608,20260819.0,37100.0,Call,-,-,-,-,7530,-,-,0,0,0,0,-,-,-,-
TXO,202608,20260819.0,37100.0,Put,-,-,-,-,985,-,-,0,0,0,0,2.3,-,-,-
TXO,202608,20260819.0,37200.0,Call,-,-,-,-,7450,-,-,0,0,0,0,-,-,-,-
TXO,202608,20260819.0,37200.0,Put,-,-,-,-,1000,-,-,0,0,0,0,15,-,-,-
TXO,202608,20260819.0,37300.0,Call,-,-,-,-,7360,-,-,0,0,0,0,-,-,-,-
TXO,202608,20260819.0,37300.0,Put,-,-,-,-,1020,-,-,0,0,0,0,15,-,-,-
TXO,202608,20260819.0,37400.0,Call,-,-,-,-,7280,-,-,0,0,0,0,-,-,-,-
TXO,202608,20260819.0,37400.0,Put,-,-,-,-,1040,-,-,0,0,0,0,15,-,-,-
TXO,202608,20260819.0,37500.0,Call,-,-,-,-,7190,-,-,0,0,0,0,-,-,-,-
TXO,202608,20260819.0,37500.0,Put,-,-,-,-,1050,-,-,0,0,0,4,2.3,1150,1270,440
TXO,202608,20260819.0,37600.0,Call,-,-,-,-,7110,-,-,0,0,0,0,-,-,-,-
TXO,202608,20260819.0,37600.0,Put,-,-,-,-,1070,-,-,0,0,0,0,2.3,-,-,-
TXO,202608,20260819.0,37700.0,Call,-,-,-,-,7030,-,-,0,0,0,0,-,-,-,-
TXO,202608,20260819.0,37700.0,Put,-,-,-,-,1090,-,-,0,0,0,0,2.3,-,-,-
TXO,202608,20260819.0,37800.0,Call,-,-,-,-,6960,-,-,0,0,0,0,-,-,-,-
TXO,202608,20260819.0,37800.0,Put,-,-,-,-,1110,-,-,0,0,0,0,2.3,-,-,-
TXO,202608,20260819.0,37900.0,Call,-,-,-,-,6880,-,-,0,0,0,0,-,-,-,-
TXO,202608,20260819.0,37900.0,Put,-,-,-,-,1140,-,-,0,0,0,1,1050,-,580,540
TXO,202608,20260819.0,38000.0,Call,-,-,-,-,6800,-,-,0,0,0,0,-,-,-,-
TXO,202608,20260819.0,38000.0,Put,1000,1010,1000,1010,1160,▲+195,▲+23.93%,0,2,2,7,15,1280,1440,477
TXO,202608,20260819.0,38100.0,Call,-,-,-,-,6720,-,-,0,0,0,0,-,-,-,-
TXO,202608,20260819.0,38100.0,Put,-,-,-,-,1180,-,-,0,0,0,0,15,-,-,-
TXO,202608,20260819.0,38200.0,Call,-,-,-,-,6640,-,-,0,0,0,0,-,-,-,-
TXO,202608,20260819.0,38200.0,Put,1120,1120,1120,1120,1200,▲+265,▲+30.99%,0,25,25,25,2.3,1300,1120,1120
TXO,202608,20260819.0,38300.0,Call,-,-,-,-,6560,-,-,0,0,0,0,-,-,-,-
TXO,202608,20260819.0,38300.0,Put,-,-,-,-,1220,-,-,0,0,0,0,2.3,-,-,-
TXO,202608,20260819.0,38400.0,Call,-,-,-,-,6490,-,-,0,0,0,0,-,-,-,-
TXO,202608,20260819.0,38400.0,Put,-,-,-,-,1240,-,-,0,0,0,0,2.3,-,-,-
TXO,202608,20260819.0,38500.0,Call,-,-,-,-,6410,-,-,0,0,0,0,6340,-,-,-
TXO,202608,20260819.0,38500.0,Put,-,-,-,-,1270,-,-,0,0,0,4,2.3,1400,1050,760
TXO,202608,20260819.0,38600.0,Call,-,-,-,-,6330,-,-,0,0,0,0,-,-,-,-
TXO,202608,20260819.0,38600.0,Put,-,-,-,-,1290,-,-,0,0,0,2,2.3,1400,830,830
TXO,202608,20260819.0,38700.0,Call,-,-,-,-,6260,-,-,0,0,0,0,-,-,-,-
TXO,202608,20260819.0,38700.0,Put,-,-,-,-,1320,-,-,0,0,0,0,15,-,-,-
TXO,202608,20260819.0,38800.0,Call,-,-,-,-,6190,-,-,0,0,0,0,-,-,-,-
TXO,202608,20260819.0,38800.0,Put,-,-,-,-,1340,-,-,0,0,0,0,15,-,-,-
TXO,202608,20260819.0,38900.0,Call,-,-,-,-,6120,-,-,0,0,0,0,-,-,-,-
TXO,202608,20260819.0,38900.0,Put,-,-,-,-,1370,-,-,0,0,0,0,15,-,-,-
TXO,202608,20260819.0,39000.0,Call,-,-,-,-,6040,-,-,0,0,0,0,-,-,-,-
TXO,202608,20260819.0,39000.0,Put,-,-,-,-,1390,-,-,0,0,0,413,2.3,1510,1770,695
TXO,202608,20260819.0,39100.0,Call,-,-,-,-,5970,-,-,0,0,0,0,-,-,-,-
TXO,202608,20260819.0,39100.0,Put,1320,1320,1320,1320,1420,▲+300,▲+29.41%,0,10,10,11,-,1550,1320,1030
TXO,202608,20260819.0,39200.0,Call,-,-,-,-,5890,-,-,0,0,0,0,5780,-,-,-
TXO,202608,20260819.0,39200.0,Put,-,-,-,-,1440,-,-,0,0,0,25,-,1560,1310,980
TXO,202608,20260819.0,39300.0,Call,-,-,-,-,5820,-,-,0,0,0,0,-,-,-,-
TXO,202608,20260819.0,39300.0,Put,-,-,-,-,1470,-,-,0,0,0,0,-,-,980,930
TXO,202608,20260819.0,39400.0,Call,-,-,-,-,5750,-,-,0,0,0,0,-,-,-,-
TXO,202608,20260819.0,39400.0,Put,-,-,-,-,1500,-,-,0,0,0,0,-,-,-,-
TXO,202608,20260819.0,39500.0,Call,-,-,-,-,5670,-,-,0,0,0,0,-,-,-,-
TXO,202608,20260819.0,39500.0,Put,-,-,-,-,1520,-,-,0,0,0,8,1430,-,1150,1130
TXO,202608,20260819.0,39600.0,Call,-,-,-,-,5600,-,-,0,0,0,0,5290,5860,-,-
TXO,202608,20260819.0,39600.0,Put,-,-,-,-,1540,-,-,0,0,0,0,15,-,-,-
TXO,202608,20260819.0,39700.0,Call,-,-,-,-,5530,-,-,0,0,0,0,5220,-,-,-
TXO,202608,20260819.0,39700.0,Put,-,-,-,-,1570,-,-,0,0,0,1,-,1700,700,700
TXO,202608,20260819.0,39800.0,Call,-,-,-,-,5460,-,-,0,0,0,0,5380,-,-,-
TXO,202608,20260819.0,39800.0,Put,-,-,-,-,1610,-,-,0,0,0,0,-,-,-,-
TXO,202608,20260819.0,39900.0,Call,-,-,-,-,5400,-,-,0,0,0,0,5310,-,-,-
TXO,202608,20260819.0,39900.0,Put,-,-,-,-,1640,-,-,0,0,0,4,-,1750,2110,810
TXO,202608,20260819.0,40000.0,Call,-,-,-,-,5330,-,-,0,0,0,0,4990,-,-,-
TXO,202608,20260819.0,40000.0,Put,1270,1690,1270,1690,1680,▲+480,▲+39.67%,0,7,7,7,1680,1780,2200,635
TXO,202608,20260819.0,40100.0,Call,-,-,-,-,5250,-,-,0,0,0,0,4900,-,-,-
TXO,202608,20260819.0,40100.0,Put,-,-,-,-,1690,-,-,0,0,0,0,-,-,-,-
TXO,202608,20260819.0,40200.0,Call,-,-,-,-,5180,-,-,0,0,0,0,4830,-,-,-
TXO,202608,20260819.0,40200.0,Put,-,-,-,-,1720,-,-,0,0,0,1,15,1820,1610,1610
TXO,202608,20260819.0,40300.0,Call,-,-,-,-,5110,-,-,0,0,0,0,-,5350,-,-
TXO,202608,20260819.0,40300.0,Put,-,-,-,-,1750,-,-,0,0,0,0,15,-,-,-
TXO,202608,20260819.0,40400.0,Call,-,-,-,-,5040,-,-,0,0,0,0,-,-,-,-
TXO,202608,20260819.0,40400.0,Put,-,-,-,-,1780,-,-,0,0,0,0,15,-,-,-
TXO,202608,20260819.0,40500.0,Call,-,-,-,-,4970,-,-,0,0,0,0,4860,-,-,-
TXO,202608,20260819.0,40500.0,Put,-,-,-,-,1810,-,-,0,0,0,0,-,-,-,-
TXO,202608,20260819.0,40600.0,Call,-,-,-,-,4900,-,-,0,0,0,0,4610,5130,-,-
TXO,202608,20260819.0,40600.0,Put,-,-,-,-,1840,-,-,0,0,0,0,-,-,-,-
TXO,202608,20260819.0,40700.0,Call,-,-,-,-,4830,-,-,0,0,0,0,4510,-,-,-
TXO,202608,20260819.0,40700.0,Put,-,-,-,-,1870,-,-,0,0,0,0,-,-,-,-
TXO,202608,20260819.0,40800.0,Call,-,-,-,-,4760,-,-,0,0,0,0,-,-,-,-
TXO,202608,20260819.0,40800.0,Put,-,-,-,-,1910,-,-,0,0,0,0,-,-,-,-
TXO,202608,20260819.0,40900.0,Call,-,-,-,-,4700,-,-,0,0,0,0,-,4940,-,-
TXO,202608,20260819.0,40900.0,Put,-,-,-,-,1940,-,-,0,0,0,0,-,-,-,-
TXO,202608,20260819.0,41000.0,Call,-,-,-,-,4620,-,-,0,0,0,0,4350,-,-,-
TXO,202608,20260819.0,41000.0,Put,-,-,-,-,1960,-,-,0,0,0,2,15,2100,1600,930
TXO,202608,20260819.0,41100.0,Call,-,-,-,-,4560,-,-,0,0,0,0,4490,-,-,-
TXO,202608,20260819.0,41100.0,Put,-,-,-,-,2000,-,-,0,0,0,0,15,-,-,-
TXO,202608,20260819.0,41200.0,Call,-,-,-,-,4500,-,-,0,0,0,0,4240,4700,-,-
TXO,202608,20260819.0,41200.0,Put,-,-,-,-,2040,-,-,1,0,1,1,1940,-,1520,1520
TXO,202608,20260819.0,41300.0,Call,-,-,-,-,4440,-,-,0,0,0,0,-,-,-,-
TXO,202608,20260819.0,41300.0,Put,-,-,-,-,2080,-,-,0,0,0,0,-,-,-,-
TXO,202608,20260819.0,41400.0,Call,-,-,-,-,4360,-,-,0,0,0,0,4210,4460,-,-
TXO,202608,20260819.0,41400.0,Put,-,-,-,-,2100,-,-,0,0,0,0,-,-,-,-
TXO,202608,20260819.0,41500.0,Call,-,-,-,-,4290,-,-,0,0,0,0,4230,-,-,-
TXO,202608,20260819.0,41500.0,Put,-,-,-,-,2140,-,-,0,0,0,3,2030,-,2690,2650
TXO,202608,20260819.0,41600.0,Call,-,-,-,-,4230,-,-,0,0,0,0,4050,-,-,-
TXO,202608,20260819.0,41600.0,Put,-,-,-,-,2170,-,-,0,0,0,0,-,-,-,-
TXO,202608,20260819.0,41700.0,Call,-,-,-,-,4180,-,-,0,0,0,0,4010,-,-,-
TXO,202608,20260819.0,41700.0,Put,-,-,-,-,2220,-,-,0,0,0,4,15,2330,1840,1840
TXO,202608,20260819.0,41800.0,Call,-,-,-,-,4120,-,-,0,0,0,0,-,-,-,-
TXO,202608,20260819.0,41800.0,Put,-,-,-,-,2260,-,-,0,0,0,0,15,-,1880,1350
TXO,202608,20260819.0,41900.0,Call,-,-,-,-,4050,-,-,0,0,0,0,-,-,-,-
TXO,202608,20260819.0,41900.0,Put,-,-,-,-,2290,-,-,0,0,0,0,15,-,-,-
TXO,202608,20260819.0,42000.0,Call,-,-,-,-,3990,-,-,0,0,0,0,3810,-,-,-
TXO,202608,20260819.0,42000.0,Put,-,-,-,-,2330,-,-,2,0,2,19,-,-,2540,1210
TXO,202608,20260819.0,42100.0,Call,-,-,-,-,3930,-,-,0,0,0,0,3760,-,-,-
TXO,202608,20260819.0,42100.0,Put,-,-,-,-,2370,-,-,0,0,0,0,-,-,-,-
TXO,202608,20260819.0,42200.0,Call,-,-,-,-,3870,-,-,0,0,0,0,-,3950,-,-
TXO,202608,20260819.0,42200.0,Put,-,-,-,-,2410,-,-,0,0,0,0,-,-,-,-
TXO,202608,20260819.0,42300.0,Call,-,-,-,-,3800,-,-,0,0,0,0,3650,3890,-,-
TXO,202608,20260819.0,42300.0,Put,-,-,-,-,2440,-,-,0,0,0,0,-,-,-,-
TXO,202608,20260819.0,42400.0,Call,3730,3730,3730,3730,3740,▼-670,▼-15.23%,0,1,1,0,3590,-,3760,3730
TXO,202608,20260819.0,42400.0,Put,-,-,-,-,2480,-,-,0,0,0,0,-,-,-,-
TXO,202608,20260819.0,42500.0,Call,-,-,-,-,3680,-,-,0,0,0,3,3550,-,3630,2520
TXO,202608,20260819.0,42500.0,Put,-,-,-,-,2520,-,-,0,0,0,0,15,-,-,-
TXO,202608,20260819.0,42600.0,Call,-,-,-,-,3630,-,-,0,0,0,0,3490,3700,-,-
TXO,202608,20260819.0,42600.0,Put,-,-,-,-,2560,-,-,0,0,0,0,15,-,-,-
TXO,202608,20260819.0,42700.0,Call,-,-,-,-,3570,-,-,0,0,0,0,3440,-,-,-
TXO,202608,20260819.0,42700.0,Put,-,-,-,-,2610,-,-,0,0,0,5,2500,-,2040,2040
TXO,202608,20260819.0,42800.0,Call,-,-,-,-,3510,-,-,0,0,0,0,3380,3600,-,-
TXO,202608,20260819.0,42800.0,Put,-,-,-,-,2650,-,-,0,0,0,15,2530,-,2730,1920
TXO,202608,20260819.0,42900.0,Call,-,-,-,-,3450,-,-,0,0,0,0,3330,-,-,-
TXO,202608,20260819.0,42900.0,Put,-,-,-,-,2690,-,-,0,0,0,0,-,-,-,-
TXO,202608,20260819.0,43000.0,Call,-,-,-,-,3390,-,-,0,0,0,1,3250,-,2510,2510
TXO,202608,20260819.0,43000.0,Put,-,-,-,-,2730,-,-,0,0,0,420,2670,-,2160,1400
TXO,202608,20260819.0,43100.0,Call,-,-,-,-,3340,-,-,0,0,0,0,15,-,-,-
TXO,202608,20260819.0,43100.0,Put,-,-,-,-,2780,-,-,0,0,0,0,-,-,-,-
TXO,202608,20260819.0,43200.0,Call,-,-,-,-,3280,-,-,0,0,0,0,15,-,-,-
TXO,202608,20260819.0,43200.0,Put,-,-,-,-,2820,-,-,0,0,0,5,2700,-,2090,1560
TXO,202608,20260819.0,43300.0,Call,-,-,-,-,3230,-,-,0,0,0,0,15,-,-,-
TXO,202608,20260819.0,43300.0,Put,-,-,-,-,2870,-,-,0,0,0,0,15,-,-,-
TXO,202608,20260819.0,43400.0,Call,-,-,-,-,3180,-,-,0,0,0,0,15,-,-,-
TXO,202608,20260819.0,43400.0,Put,-,-,-,-,2910,-,-,0,0,0,0,15,-,-,-
TXO,202608,20260819.0,43500.0,Call,3430,3430,3430,3430,3120,▼-240,▼-6.54%,0,1,1,3,15,3200,3430,2020
TXO,202608,20260819.0,43500.0,Put,2700,2700,2700,2700,2950,▲+410,▲+17.90%,0,1,1,2,2860,-,2890,2700
TXO,202608,20260819.0,43600.0,Call,-,-,-,-,3060,-,-,0,0,0,0,15,-,-,-
TXO,202608,20260819.0,43600.0,Put,-,-,-,-,2990,-,-,0,0,0,0,-,-,-,-
TXO,202608,20260819.0,43700.0,Call,-,-,-,-,3010,-,-,0,0,0,0,15,-,-,-
TXO,202608,20260819.0,43700.0,Put,-,-,-,-,3040,-,-,0,0,0,0,-,-,-,-
TXO,202608,20260819.0,43800.0,Call,-,-,-,-,2950,-,-,0,0,0,0,15,-,-,-
TXO,202608,20260819.0,43800.0,Put,2970,2970,2970,2970,3080,▲+550,▲+22.73%,0,1,1,1,3000,-,2970,2970
TXO,202608,20260819.0,43900.0,Call,2970,2970,2970,2970,2900,▼-480,▼-13.91%,0,1,1,1,2790,-,2970,2970
TXO,202608,20260819.0,43900.0,Put,-,-,-,-,3130,-,-,0,0,0,0,15,-,-,-
TXO,202608,20260819.0,44000.0,Call,-,-,-,-,2850,-,-,0,0,0,3,2700,-,3850,1900
TXO,202608,20260819.0,44000.0,Put,2630,2720,2630,2720,3190,▲+220,▲+8.80%,0,7,7,51,15,3340,2720,2030
TXO,202608,20260819.0,44100.0,Call,-,-,-,-,2790,-,-,0,0,0,0,-,-,-,-
TXO,202608,20260819.0,44100.0,Put,-,-,-,-,3220,-,-,0,0,0,0,15,-,-,-
TXO,202608,20260819.0,44200.0,Call,3170,3170,3120,3120,2740,▼-150,▼-4.59%,0,8,8,8,2580,-,3170,3120
TXO,202608,20260819.0,44200.0,Put,-,-,-,-,3280,-,-,0,0,0,3,3180,3380,2780,2030
TXO,202608,20260819.0,44300.0,Call,-,-,-,-,2700,-,-,0,0,0,0,15,-,-,-
TXO,202608,20260819.0,44300.0,Put,-,-,-,-,3330,-,-,0,0,0,0,3270,-,-,-
TXO,202608,20260819.0,44400.0,Call,-,-,-,-,2660,-,-,0,0,0,0,15,-,-,-
TXO,202608,20260819.0,44400.0,Put,-,-,-,-,3390,-,-,0,0,0,1,3300,3520,3350,1960
TXO,202608,20260819.0,44500.0,Call,-,-,-,-,2610,-,-,0,0,0,0,-,-,3050,2840
TXO,202608,20260819.0,44500.0,Put,-,-,-,-,3440,-,-,0,0,0,1,3350,3580,2460,2460
TXO,202608,20260819.0,44600.0,Call,-,-,-,-,2560,-,-,0,0,0,0,-,-,-,-
TXO,202608,20260819.0,44600.0,Put,-,-,-,-,3490,-,-,0,0,0,0,3420,3580,-,-
TXO,202608,20260819.0,44700.0,Call,-,-,-,-,2510,-,-,0,0,0,0,-,-,-,-
TXO,202608,20260819.0,44700.0,Put,3580,3580,3580,3580,3540,▲+760,▲+26.95%,0,1,1,0,3480,-,3580,2830
TXO,202608,20260819.0,44800.0,Call,-,-,-,-,2460,-,-,0,0,0,0,-,-,-,-
TXO,202608,20260819.0,44800.0,Put,-,-,-,-,3590,-,-,0,0,0,0,3510,3750,2800,2750
TXO,202608,20260819.0,44900.0,Call,-,-,-,-,2410,-,-,0,0,0,0,-,-,-,-
TXO,202608,20260819.0,44900.0,Put,-,-,-,-,3640,-,-,0,0,0,0,3560,3810,3670,2600
TXO,202608,20260819.0,45000.0,Call,2730,2730,2360,2360,2370,▼-470,▼-16.61%,0,9,9,8,2260,-,3140,2360
TXO,202608,20260819.0,45000.0,Put,-,-,-,-,3690,-,-,0,0,0,19,3630,3800,3140,2530
TXO,202608,20260819.0,45100.0,Call,-,-,-,-,2320,-,-,0,0,0,0,15,-,-,-
TXO,202608,20260819.0,45100.0,Put,-,-,-,-,3740,-,-,0,0,0,0,3670,-,-,-
TXO,202608,20260819.0,45200.0,Call,-,-,-,-,2270,-,-,0,0,0,0,15,-,-,-
TXO,202608,20260819.0,45200.0,Put,-,-,-,-,3800,-,-,0,0,0,0,3720,3980,-,-
TXO,202608,20260819.0,45300.0,Call,-,-,-,-,2240,-,-,0,0,0,1,-,2340,2270,2180
TXO,202608,20260819.0,45300.0,Put,-,-,-,-,3860,-,-,0,0,0,0,3770,4040,-,-
TXO,202608,20260819.0,45400.0,Call,-,-,-,-,2200,-,-,0,0,0,0,-,-,2680,2280
TXO,202608,20260819.0,45400.0,Put,-,-,-,-,3930,-,-,0,0,0,0,3830,-,-,-
TXO,202608,20260819.0,45500.0,Call,2350,2350,2350,2350,2160,▼-240,▼-9.27%,0,7,7,9,-,2240,2930,1210
TXO,202608,20260819.0,45500.0,Put,-,-,-,-,3990,-,-,0,0,0,0,3870,-,-,-
TXO,202608,20260819.0,45600.0,Call,-,-,-,-,2120,-,-,0,0,0,0,-,-,-,-
TXO,202608,20260819.0,45600.0,Put,-,-,-,-,4050,-,-,0,0,0,2,3930,4190,2910,2510
TXO,202608,20260819.0,45700.0,Call,-,-,-,-,2070,-,-,0,0,0,0,-,-,-,-
TXO,202608,20260819.0,45700.0,Put,-,-,-,-,4100,-,-,0,0,0,0,4010,4290,-,-
TXO,202608,20260819.0,45800.0,Call,-,-,-,-,2030,-,-,0,0,0,10,1860,-,3050,2020
TXO,202608,20260819.0,45800.0,Put,-,-,-,-,4160,-,-,0,0,0,4,3930,4320,3200,2740
TXO,202608,20260819.0,45900.0,Call,-,-,-,-,1990,-,-,0,0,0,0,15,-,-,-
TXO,202608,20260819.0,45900.0,Put,-,-,-,-,4220,-,-,0,0,0,2,4120,4360,3750,3750
TXO,202608,20260819.0,46000.0,Call,-,-,-,-,1960,-,-,0,0,0,5,1850,-,2570,1970
TXO,202608,20260819.0,46000.0,Put,-,-,-,-,4280,-,-,0,0,0,0,4180,4460,3830,2550
TXO,202608,20260819.0,46100.0,Call,-,-,-,-,1920,-,-,0,0,0,2,-,2010,1250,760
TXO,202608,20260819.0,46100.0,Put,-,-,-,-,4350,-,-,0,0,0,0,4220,4520,3300,2940
TXO,202608,20260819.0,46200.0,Call,-,-,-,-,1890,-,-,0,0,0,0,-,-,-,-
TXO,202608,20260819.0,46200.0,Put,-,-,-,-,4410,-,-,0,0,0,0,4300,4580,-,-
TXO,202608,20260819.0,46300.0,Call,-,-,-,-,1850,-,-,0,0,0,0,-,-,-,-
TXO,202608,20260819.0,46300.0,Put,-,-,-,-,4480,-,-,0,0,0,0,4360,-,-,-
TXO,202608,20260819.0,46400.0,Call,-,-,-,-,1810,-,-,0,0,0,0,-,-,-,-
TXO,202608,20260819.0,46400.0,Put,-,-,-,-,4540,-,-,0,0,0,0,4420,4710,-,-
TXO,202608,20260819.0,46500.0,Call,-,-,-,-,1780,-,-,0,0,0,0,15,-,-,-
TXO,202608,20260819.0,46500.0,Put,-,-,-,-,4600,-,-,0,0,0,0,4480,4770,4020,3060
TXO,202608,20260819.0,46600.0,Call,-,-,-,-,1740,-,-,0,0,0,0,15,-,-,-
TXO,202608,20260819.0,46600.0,Put,-,-,-,-,4660,-,-,0,0,0,0,4560,-,-,-
TXO,202608,20260819.0,46700.0,Call,-,-,-,-,1700,-,-,0,0,0,0,15,-,-,-
TXO,202608,20260819.0,46700.0,Put,-,-,-,-,4720,-,-,0,0,0,0,4610,4910,-,-
TXO,202608,20260819.0,46800.0,Call,-,-,-,-,1660,-,-,0,0,0,15,1550,-,2200,2170
TXO,202608,20260819.0,46800.0,Put,-,-,-,-,4790,-,-,0,0,0,0,4670,-,-,-
TXO,202608,20260819.0,46900.0,Call,-,-,-,-,1630,-,-,0,0,0,0,-,-,-,-
TXO,202608,20260819.0,46900.0,Put,-,-,-,-,4850,-,-,0,0,0,0,4730,5060,-,-
TXO,202608,20260819.0,47000.0,Call,1760,1760,1710,1740,1600,▼-190,▼-9.84%,7,3,10,12,-,1660,3060,1100
TXO,202608,20260819.0,47000.0,Put,-,-,-,-,4920,-,-,0,0,0,4,4810,5080,4800,3000
TXO,202608,20260819.0,47100.0,Call,-,-,-,-,1560,-,-,0,0,0,0,-,-,-,-
TXO,202608,20260819.0,47100.0,Put,-,-,-,-,4990,-,-,0,0,0,12,4840,5150,3140,2710
TXO,202608,20260819.0,47200.0,Call,-,-,-,-,1530,-,-,0,0,0,14,-,1600,2130,1030
TXO,202608,20260819.0,47200.0,Put,-,-,-,-,5050,-,-,0,0,0,0,4900,5390,-,-
TXO,202608,20260819.0,47300.0,Call,-,-,-,-,1500,-,-,0,0,0,0,15,-,-,-
TXO,202608,20260819.0,47300.0,Put,-,-,-,-,5120,-,-,0,0,0,0,4960,5420,-,-
TXO,202608,20260819.0,47400.0,Call,-,-,-,-,1470,-,-,0,0,0,20,1340,-,2240,2230
TXO,202608,20260819.0,47400.0,Put,-,-,-,-,5190,-,-,0,0,0,0,5040,5500,-,-
TXO,202608,20260819.0,47500.0,Call,-,-,-,-,1430,-,-,0,0,0,7,-,1500,2640,1460
TXO,202608,20260819.0,47500.0,Put,-,-,-,-,5250,-,-,0,0,0,0,5090,-,-,-
TXO,202608,20260819.0,47600.0,Call,-,-,-,-,1400,-,-,0,0,0,0,-,-,-,-
TXO,202608,20260819.0,47600.0,Put,-,-,-,-,5320,-,-,0,0,0,0,5170,-,-,-
TXO,202608,20260819.0,47700.0,Call,-,-,-,-,1370,-,-,0,0,0,1,-,1440,2430,2430
TXO,202608,20260819.0,47700.0,Put,-,-,-,-,5390,-,-,0,0,0,0,5230,-,-,-
TXO,202608,20260819.0,47800.0,Call,-,-,-,-,1340,-,-,0,0,0,0,-,-,-,-
TXO,202608,20260819.0,47800.0,Put,-,-,-,-,5460,-,-,0,0,0,0,-,-,-,-
TXO,202608,20260819.0,47900.0,Call,-,-,-,-,1320,-,-,0,0,0,0,-,-,-,-
TXO,202608,20260819.0,47900.0,Put,-,-,-,-,5540,-,-,0,0,0,0,-,5860,-,-
TXO,202608,20260819.0,48000.0,Call,1390,1390,1390,1390,1290,▼-170,▼-10.90%,0,1,1,7,15,1370,2630,1390
TXO,202608,20260819.0,48000.0,Put,-,-,-,-,5610,-,-,0,0,0,0,-,5930,-,-
TXO,202608,20260819.0,48100.0,Call,-,-,-,-,1260,-,-,0,0,0,0,15,-,-,-
TXO,202608,20260819.0,48100.0,Put,-,-,-,-,5670,-,-,0,0,0,0,5450,6010,-,-
TXO,202608,20260819.0,48200.0,Call,-,-,-,-,1230,-,-,0,0,0,0,15,-,-,-
TXO,202608,20260819.0,48200.0,Put,-,-,-,-,5750,-,-,0,0,0,0,5620,6070,-,-
TXO,202608,20260819.0,48300.0,Call,-,-,-,-,1210,-,-,0,0,0,0,-,-,-,-
TXO,202608,20260819.0,48300.0,Put,-,-,-,-,5820,-,-,0,0,0,0,5660,6180,-,-
TXO,202608,20260819.0,48400.0,Call,-,-,-,-,1180,-,-,0,0,0,14,1060,-,2210,2210
TXO,202608,20260819.0,48400.0,Put,-,-,-,-,5900,-,-,0,0,0,0,-,6150,-,-
TXO,202608,20260819.0,48500.0,Call,-,-,-,-,1160,-,-,0,0,0,6,-,1230,2000,955
TXO,202608,20260819.0,48500.0,Put,-,-,-,-,5980,-,-,0,0,0,0,5800,6040,-,-
TXO,202608,20260819.0,48600.0,Call,-,-,-,-,1140,-,-,0,0,0,9,1010,-,2240,2230
TXO,202608,20260819.0,48600.0,Put,-,-,-,-,6050,-,-,0,0,0,0,-,-,-,-
TXO,202608,20260819.0,48700.0,Call,-,-,-,-,1110,-,-,0,0,0,0,-,-,2050,1780
TXO,202608,20260819.0,48700.0,Put,-,-,-,-,6130,-,-,0,0,0,0,-,6440,-,-
TXO,202608,20260819.0,48800.0,Call,-,-,-,-,1090,-,-,0,0,0,0,15,-,-,-
TXO,202608,20260819.0,48800.0,Put,-,-,-,-,6210,-,-,0,0,0,0,-,6540,-,-
TXO,202608,20260819.0,48900.0,Call,-,-,-,-,1070,-,-,0,0,0,0,15,-,-,-
TXO,202608,20260819.0,48900.0,Put,-,-,-,-,6280,-,-,0,0,0,0,-,-,-,-
TXO,202608,20260819.0,49000.0,Call,1150,1150,1130,1130,1050,▼-130,▼-10.32%,0,8,8,9,-,1130,2200,1070
TXO,202608,20260819.0,49000.0,Put,-,-,-,-,6360,-,-,0,0,0,0,6190,6670,-,-
TXO,202608,20260819.0,49100.0,Call,-,-,-,-,1010,-,-,0,0,0,0,-,-,-,-
TXO,202608,20260819.0,49100.0,Put,-,-,-,-,6420,-,-,0,0,0,0,-,-,-,-
TXO,202608,20260819.0,49200.0,Call,-,-,-,-,985,-,-,0,0,0,0,-,-,-,-
TXO,202608,20260819.0,49200.0,Put,-,-,-,-,6500,-,-,0,0,0,0,6330,6830,-,-
TXO,202608,20260819.0,49300.0,Call,-,-,-,-,965,-,-,0,0,0,0,-,-,-,-
TXO,202608,20260819.0,49300.0,Put,-,-,-,-,6580,-,-,0,0,0,0,6410,-,-,-
TXO,202608,20260819.0,49400.0,Call,-,-,-,-,940,-,-,0,0,0,0,-,-,-,-
TXO,202608,20260819.0,49400.0,Put,-,-,-,-,6650,-,-,0,0,0,0,6500,6990,-,-
TXO,202608,20260819.0,49500.0,Call,-,-,-,-,920,-,-,0,0,0,0,15,-,-,-
TXO,202608,20260819.0,49500.0,Put,-,-,-,-,6730,-,-,0,0,0,0,6620,7070,-,-
TXO,202608,20260819.0,49600.0,Call,-,-,-,-,900,-,-,0,0,0,1,15,985,1760,1760
TXO,202608,20260819.0,49600.0,Put,-,-,-,-,6810,-,-,0,0,0,0,-,6890,-,-
TXO,202608,20260819.0,49700.0,Call,-,-,-,-,880,-,-,0,0,0,0,15,-,-,-
TXO,202608,20260819.0,49700.0,Put,-,-,-,-,6890,-,-,0,0,0,0,-,-,-,-
TXO,202608,20260819.0,49800.0,Call,-,-,-,-,860,-,-,0,0,0,1,715,-,1670,1670
TXO,202608,20260819.0,49800.0,Put,-,-,-,-,6970,-,-,0,0,0,0,-,-,-,-
TXO,202608,20260819.0,49900.0,Call,-,-,-,-,840,-,-,0,0,0,0,680,-,-,-
TXO,202608,20260819.0,49900.0,Put,-,-,-,-,7050,-,-,0,0,0,0,-,-,-,-
TXO,202608,20260819.0,50000.0,Call,840,840,750,750,825,▼-250,▼-25.00%,6,5,11,20,740,-,1870,750
TXO,202608,20260819.0,50000.0,Put,-,-,-,-,7140,-,-,0,0,0,0,-,7210,-,-
TXO,202608,20260819.0,50100.0,Call,-,-,-,-,805,-,-,0,0,0,0,645,-,-,-
TXO,202608,20260819.0,50100.0,Put,-,-,-,-,7220,-,-,0,0,0,0,-,-,-,-
TXO,202608,20260819.0,50200.0,Call,-,-,-,-,790,-,-,0,0,0,1,635,875,1020,895
TXO,202608,20260819.0,50200.0,Put,-,-,-,-,7300,-,-,0,0,0,0,-,-,-,-
TXO,202608,20260819.0,50300.0,Call,-,-,-,-,775,-,-,0,0,0,0,615,-,-,-
TXO,202608,20260819.0,50300.0,Put,-,-,-,-,7380,-,-,0,0,0,0,-,-,-,-
TXO,202608,20260819.0,50400.0,Call,-,-,-,-,755,-,-,0,0,0,0,600,-,-,-
TXO,202608,20260819.0,50400.0,Put,-,-,-,-,7470,-,-,0,0,0,0,-,-,-,-
TXO,202608,20260819.0,50500.0,Call,790,850,790,845,740,▼-45,▼-5.06%,0,12,12,12,560,-,850,790
TXO,202608,20260819.0,50500.0,Put,-,-,-,-,7550,-,-,0,0,0,0,-,-,-,-
TXO,202608,20260819.0,50600.0,Call,-,-,-,-,725,-,-,0,0,0,0,550,-,-,-
TXO,202608,20260819.0,50600.0,Put,-,-,-,-,7630,-,-,0,0,0,0,-,-,-,-
TXO,202608,20260819.0,50700.0,Call,-,-,-,-,710,-,-,0,0,0,1,525,790,1040,1040
TXO,202608,20260819.0,50700.0,Put,-,-,-,-,7720,-,-,0,0,0,0,-,-,-,-
TXO,202608,20260819.0,50800.0,Call,-,-,-,-,695,-,-,0,0,0,1,510,775,1440,800
TXO,202608,20260819.0,50800.0,Put,-,-,-,-,7800,-,-,0,0,0,0,-,7870,-,-
TXO,202608,20260819.0,50900.0,Call,-,-,-,-,680,-,-,0,0,0,15,515,-,1560,880
TXO,202608,20260819.0,50900.0,Put,-,-,-,-,7890,-,-,0,0,0,0,-,-,-,-
TXO,202608,20260819.0,51000.0,Call,760,760,640,640,665,▼-150,▼-18.99%,0,4,4,11,485,710,1540,640
TXO,202608,20260819.0,51000.0,Put,-,-,-,-,7970,-,-,0,0,0,0,-,-,-,-
TXO,202608,20260819.0,51100.0,Call,-,-,-,-,645,-,-,0,0,0,0,479,-,-,-
TXO,202608,20260819.0,51100.0,Put,-,-,-,-,8050,-,-,0,0,0,0,-,-,-,-
TXO,202608,20260819.0,51200.0,Call,-,-,-,-,625,-,-,0,0,0,0,470,-,-,-
TXO,202608,20260819.0,51200.0,Put,-,-,-,-,8130,-,-,0,0,0,0,-,-,-,-
TXO,202608,20260819.0,51300.0,Call,-,-,-,-,610,-,-,0,0,0,0,454,-,-,-
TXO,202608,20260819.0,51300.0,Put,-,-,-,-,8220,-,-,0,0,0,0,-,-,-,-
TXO,202608,20260819.0,51400.0,Call,-,-,-,-,595,-,-,1,0,1,0,460,-,630,600
TXO,202608,20260819.0,51400.0,Put,-,-,-,-,8300,-,-,0,0,0,0,-,-,-,-
TXO,202608,20260819.0,51500.0,Call,-,-,-,-,580,-,-,0,0,0,1,434,-,600,600
TXO,202608,20260819.0,51500.0,Put,-,-,-,-,8380,-,-,0,0,0,0,-,-,-,-
TXO,202608,20260819.0,51600.0,Call,-,-,-,-,565,-,-,0,0,0,0,429,-,-,-
TXO,202608,20260819.0,51600.0,Put,-,-,-,-,8470,-,-,0,0,0,0,-,-,-,-
TXO,202608,20260819.0,51700.0,Call,-,-,-,-,550,-,-,0,0,0,0,414,-,-,-
TXO,202608,20260819.0,51700.0,Put,-,-,-,-,8560,-,-,0,0,0,0,-,-,-,-
TXO,202608,20260819.0,51800.0,Call,-,-,-,-,540,-,-,0,0,0,0,398,-,-,-
TXO,202608,20260819.0,51800.0,Put,-,-,-,-,8640,-,-,0,0,0,0,-,-,-,-
TXO,202608,20260819.0,51900.0,Call,-,-,-,-,525,-,-,0,0,0,0,383,-,-,-
TXO,202608,20260819.0,51900.0,Put,-,-,-,-,8730,-,-,0,0,0,0,-,-,-,-
TXO,202608,20260819.0,52000.0,Call,-,-,-,-,515,-,-,0,0,0,2,337,-,530,450
TXO,202608,20260819.0,52000.0,Put,-,-,-,-,8820,-,-,0,0,0,0,-,-,-,-
TXO,202608,20260819.0,52100.0,Call,-,-,-,-,500,-,-,0,0,0,0,351,-,-,-
TXO,202608,20260819.0,52100.0,Put,-,-,-,-,8910,-,-,0,0,0,0,-,8990,-,-
TXO,202608,20260819.0,52200.0,Call,-,-,-,-,491,-,-,0,0,0,0,341,-,-,-
TXO,202608,20260819.0,52200.0,Put,-,-,-,-,8990,-,-,0,0,0,0,-,-,-,-
TXO,202608,20260819.0,52300.0,Call,-,-,-,-,477,-,-,0,0,0,0,364,-,-,-
TXO,202608,20260819.0,52300.0,Put,-,-,-,-,9080,-,-,0,0,0,0,-,-,-,-
TXO,202608,20260819.0,52400.0,Call,-,-,-,-,466,-,-,0,0,0,0,352,-,-,-
TXO,202608,20260819.0,52400.0,Put,-,-,-,-,9170,-,-,0,0,0,0,-,-,-,-
TXO,202608,20260819.0,52500.0,Call,505,505,505,505,455,▼-60,▼-10.62%,0,1,1,2,341,525,505,394
TXO,202608,20260819.0,52500.0,Put,-,-,-,-,9260,-,-,0,0,0,0,-,-,-,-
TXO,202608,20260819.0,52600.0,Call,-,-,-,-,443,-,-,0,0,0,0,331,-,-,-
TXO,202608,20260819.0,52600.0,Put,-,-,-,-,9340,-,-,0,0,0,0,-,-,-,-
TXO,202608,20260819.0,52700.0,Call,-,-,-,-,433,-,-,0,0,0,0,313,-,-,-
TXO,202608,20260819.0,52700.0,Put,-,-,-,-,9430,-,-,0,0,0,0,-,9520,-,-
TXO,202608,20260819.0,52800.0,Call,-,-,-,-,422,-,-,0,0,0,0,300,-,-,-
TXO,202608,20260819.0,52800.0,Put,-,-,-,-,9520,-,-,0,0,0,0,-,9610,-,-
TXO,202608,20260819.0,52900.0,Call,-,-,-,-,413,-,-,0,0,0,0,288,-,-,-
TXO,202608,20260819.0,52900.0,Put,-,-,-,-,9610,-,-,0,0,0,0,-,-,-,-
TXO,202608,20260819.0,53000.0,Call,-,-,-,-,402,-,-,0,0,0,0,278,-,-,-
TXO,202608,20260819.0,53000.0,Put,-,-,-,-,9700,-,-,0,0,0,0,-,-,-,-
TXO,202608,20260819.0,53100.0,Call,-,-,-,-,392,-,-,0,0,0,0,264,-,-,-
TXO,202608,20260819.0,53100.0,Put,-,-,-,-,9790,-,-,0,0,0,0,-,-,-,-
TXO,202608,20260819.0,53200.0,Call,-,-,-,-,381,-,-,0,0,0,0,253,-,-,-
TXO,202608,20260819.0,53200.0,Put,-,-,-,-,9880,-,-,0,0,0,0,-,-,-,-
TXO,202608,20260819.0,53300.0,Call,-,-,-,-,372,-,-,0,0,0,0,244,-,-,-
TXO,202608,20260819.0,53300.0,Put,-,-,-,-,9970,-,-,0,0,0,0,-,-,-,-
TXO,202608,20260819.0,53400.0,Call,-,-,-,-,364,-,-,0,0,0,10,231,-,395,393
TXO,202608,20260819.0,53400.0,Put,-,-,-,-,10060,-,-,0,0,0,0,-,-,-,-
TXO,202608,20260819.0,53500.0,Call,364,375,360,360,360,▼-86,▼-19.28%,1,4,5,42,260,478,780,295
TXO,202608,20260819.0,53500.0,Put,-,-,-,-,10160,-,-,0,0,0,0,-,-,-,-
TXO,202609,20260916.0,21800.0,Call,-,-,-,-,22040,-,-,0,0,0,2,-,-,20870,12370
TXO,202609,20260916.0,21800.0,Put,129,129,97,106,108,▲+23,▲+27.71%,5,18,23,320,93,108,650,49.5
TXO,202609,20260916.0,22000.0,Call,-,-,-,-,21850,-,-,0,0,0,6,-,-,23430,5990
TXO,202609,20260916.0,22000.0,Put,100,105,90,105,116,▲+20,▲+23.53%,0,6,6,90,5.2,180,565,10.5
TXO,202609,20260916.0,22200.0,Call,-,-,-,-,21650,-,-,0,0,0,0,-,-,-,-
TXO,202609,20260916.0,22200.0,Put,-,-,-,-,118,-,-,0,0,0,22,3.1,125,580,97
TXO,202609,20260916.0,22400.0,Call,-,-,-,-,21450,-,-,0,0,0,0,-,-,-,-
TXO,202609,20260916.0,22400.0,Put,-,-,-,-,121,-,-,0,0,0,3,1.7,198,605,193
TXO,202609,20260916.0,22600.0,Call,-,-,-,-,21260,-,-,0,0,0,0,-,-,-,-
TXO,202609,20260916.0,22600.0,Put,-,-,-,-,123,-,-,0,0,0,9,2.1,204,650,82
TXO,202609,20260916.0,22800.0,Call,-,-,-,-,21060,-,-,0,0,0,0,-,-,-,-
TXO,202609,20260916.0,22800.0,Put,-,-,-,-,127,-,-,0,0,0,30,2.2,-,675,69
TXO,202609,20260916.0,23000.0,Call,-,-,-,-,20870,-,-,0,0,0,0,-,-,-,-
TXO,202609,20260916.0,23000.0,Put,-,-,-,-,131,-,-,1,0,1,39,2.2,400,700,68
TXO,202609,20260916.0,23200.0,Call,-,-,-,-,20670,-,-,0,0,0,0,-,-,-,-
TXO,202609,20260916.0,23200.0,Put,-,-,-,-,135,-,-,0,0,0,12,11.5,-,730,89
TXO,202609,20260916.0,23400.0,Call,-,-,-,-,20470,-,-,0,0,0,0,-,-,-,-
TXO,202609,20260916.0,23400.0,Put,134,134,133,133,138,▲+36,▲+37.11%,1,2,3,8,3.1,166,700,90
TXO,202609,20260916.0,23600.0,Call,-,-,-,-,20280,-,-,0,0,0,0,-,-,-,-
TXO,202609,20260916.0,23600.0,Put,-,-,-,-,141,-,-,0,0,0,9,18,-,700,74
TXO,202609,20260916.0,23800.0,Call,-,-,-,-,20080,-,-,0,0,0,0,-,-,-,-
TXO,202609,20260916.0,23800.0,Put,-,-,-,-,144,-,-,0,0,0,12,2.4,-,520,92
TXO,202609,20260916.0,24000.0,Call,-,-,-,-,19890,-,-,0,0,0,0,-,-,-,-
TXO,202609,20260916.0,24000.0,Put,-,-,-,-,149,-,-,1,0,1,36,2.4,225,665,75
TXO,202609,20260916.0,24200.0,Call,-,-,-,-,19700,-,-,0,0,0,0,-,-,-,-
TXO,202609,20260916.0,24200.0,Put,-,-,-,-,154,-,-,0,0,0,49,2.4,-,1000,87
TXO,202609,20260916.0,24400.0,Call,-,-,-,-,19500,-,-,0,0,0,0,-,-,-,-
TXO,202609,20260916.0,24400.0,Put,-,-,-,-,159,-,-,0,0,0,4,2.4,-,1010,180
TXO,202609,20260916.0,24600.0,Call,-,-,-,-,19310,-,-,0,0,0,0,-,-,-,-
TXO,202609,20260916.0,24600.0,Put,-,-,-,-,164,-,-,2,0,2,12,2.5,236,1020,108
TXO,202609,20260916.0,24800.0,Call,-,-,-,-,19110,-,-,0,0,0,0,-,-,-,-
TXO,202609,20260916.0,24800.0,Put,-,-,-,-,170,-,-,0,0,0,9,2.5,-,1100,95
TXO,202609,20260916.0,25000.0,Call,-,-,-,-,18920,-,-,0,0,0,0,-,-,-,-
TXO,202609,20260916.0,25000.0,Put,158,158,158,158,175,▲+44,▲+38.60%,0,1,1,45,2.6,200,1050,91
TXO,202609,20260916.0,25200.0,Call,-,-,-,-,18720,-,-,0,0,0,0,-,-,-,-
TXO,202609,20260916.0,25200.0,Put,-,-,-,-,176,-,-,2,0,2,30,2.6,220,1200,85
TXO,202609,20260916.0,25400.0,Call,-,-,-,-,18530,-,-,0,0,0,0,-,-,-,-
TXO,202609,20260916.0,25400.0,Put,-,-,-,-,186,-,-,0,0,0,21,83,249,1250,456
TXO,202609,20260916.0,25600.0,Call,-,-,-,-,18330,-,-,0,0,0,0,-,-,-,-
TXO,202609,20260916.0,25600.0,Put,-,-,-,-,187,-,-,1,0,1,31,83,-,1210,100
TXO,202609,20260916.0,25800.0,Call,-,-,-,-,18140,-,-,0,0,0,2,-,-,18030,17840
TXO,202609,20260916.0,25800.0,Put,-,-,-,-,192,-,-,0,0,0,16,86,-,1270,100
TXO,202609,20260916.0,26000.0,Call,-,-,-,-,17950,-,-,0,0,0,0,-,-,-,-
TXO,202609,20260916.0,26000.0,Put,175,175,175,175,198,▲+42,▲+31.58%,0,5,5,43,68,265,1090,90
TXO,202609,20260916.0,26200.0,Call,-,-,-,-,17750,-,-,0,0,0,0,-,-,-,-
TXO,202609,20260916.0,26200.0,Put,-,-,-,-,204,-,-,0,0,0,17,82,-,1420,111
TXO,202609,20260916.0,26400.0,Call,-,-,-,-,17560,-,-,0,0,0,0,-,-,13900,5820
TXO,202609,20260916.0,26400.0,Put,-,-,-,-,209,-,-,0,0,0,19,82,275,1180,107
TXO,202609,20260916.0,26600.0,Call,-,-,-,-,17370,-,-,0,0,0,0,-,-,-,-
TXO,202609,20260916.0,26600.0,Put,-,-,-,-,216,-,-,0,0,0,38,83,320,1000,139
TXO,202609,20260916.0,26800.0,Call,-,-,-,-,17180,-,-,0,0,0,25,-,-,12000,5510
TXO,202609,20260916.0,26800.0,Put,-,-,-,-,223,-,-,0,0,0,34,88,-,1130,123
TXO,202609,20260916.0,27000.0,Call,-,-,-,-,16990,-,-,0,0,0,3,16830,-,10640,6220
TXO,202609,20260916.0,27000.0,Put,195,195,195,195,230,▲+40,▲+25.81%,0,5,5,5,89,296,1750,139
TXO,202609,20260916.0,27200.0,Call,-,-,-,-,16790,-,-,0,0,0,0,16630,-,-,-
TXO,202609,20260916.0,27200.0,Put,-,-,-,-,236,-,-,0,0,0,1,102,-,750,377
TXO,202609,20260916.0,27400.0,Call,-,-,-,-,16610,-,-,0,0,0,2,-,-,5890,2380
TXO,202609,20260916.0,27400.0,Put,-,-,-,-,249,-,-,0,0,0,1,102,334,1270,960
TXO,202609,20260916.0,27600.0,Call,-,-,-,-,16420,-,-,0,0,0,2,-,-,10800,2020
TXO,202609,20260916.0,27600.0,Put,-,-,-,-,262,-,-,0,0,0,2,114,-,1120,319
TXO,202609,20260916.0,27800.0,Call,-,-,-,-,16240,-,-,0,0,0,4,16010,-,19160,19090
TXO,202609,20260916.0,27800.0,Put,220,235,220,235,276,▲+60,▲+34.29%,0,4,4,11,116,351,1460,175
TXO,202609,20260916.0,28000.0,Call,-,-,-,-,16040,-,-,0,0,0,1,-,-,7880,1910
TXO,202609,20260916.0,28000.0,Put,230,230,228,228,278,▲+46,▲+25.27%,0,10,10,40,251,376,2180,150
TXO,202609,20260916.0,28200.0,Call,-,-,-,-,15840,-,-,0,0,0,2,15690,-,5250,1730
TXO,202609,20260916.0,28200.0,Put,-,-,-,-,280,-,-,0,0,0,4,129,-,1180,205
TXO,202609,20260916.0,28400.0,Call,-,-,-,-,15660,-,-,0,0,0,21,15500,-,15910,1630
TXO,202609,20260916.0,28400.0,Put,233,233,233,233,295,▲+36,▲+18.27%,0,1,1,8,138,388,1550,233
TXO,202609,20260916.0,28600.0,Call,-,-,-,-,15460,-,-,0,0,0,0,-,-,-,-
TXO,202609,20260916.0,28600.0,Put,-,-,-,-,298,-,-,0,0,0,3,146,375,1250,180
TXO,202609,20260916.0,28800.0,Call,-,-,-,-,15270,-,-,0,0,0,0,-,-,5200,3230
TXO,202609,20260916.0,28800.0,Put,273,273,273,273,307,▲+61,▲+28.77%,0,1,1,6,154,386,775,174
TXO,202609,20260916.0,29000.0,Call,-,-,-,-,15080,-,-,0,0,0,2,-,-,4570,4570
TXO,202609,20260916.0,29000.0,Put,260,300,260,300,318,▲+80,▲+36.36%,0,9,9,18,160,399,1920,162
TXO,202609,20260916.0,29200.0,Call,-,-,-,-,14900,-,-,0,0,0,4,-,-,6310,1310
TXO,202609,20260916.0,29200.0,Put,300,300,300,300,329,▲+71,▲+31.00%,0,1,1,3,180,-,1320,300
TXO,202609,20260916.0,29400.0,Call,-,-,-,-,14710,-,-,0,0,0,1,-,-,6990,1290
TXO,202609,20260916.0,29400.0,Put,-,-,-,-,341,-,-,0,0,0,0,188,-,2010,435
TXO,202609,20260916.0,29600.0,Call,-,-,-,-,14520,-,-,0,0,0,2,-,-,5690,1370
TXO,202609,20260916.0,29600.0,Put,-,-,-,-,352,-,-,0,0,0,5,200,445,1780,187
TXO,202609,20260916.0,29800.0,Call,-,-,-,-,14330,-,-,0,0,0,4,-,-,5910,1210
TXO,202609,20260916.0,29800.0,Put,-,-,-,-,365,-,-,0,0,0,21,208,-,2400,720
TXO,202609,20260916.0,30000.0,Call,-,-,-,-,14150,-,-,0,0,0,24,-,-,14350,1210
TXO,202609,20260916.0,30000.0,Put,300,356,300,356,377,▲+91,▲+34.34%,1,14,15,25,274,-,2400,175
TXO,202609,20260916.0,30200.0,Call,-,-,-,-,13960,-,-,0,0,0,4,-,-,10020,1320
TXO,202609,20260916.0,30200.0,Put,-,-,-,-,391,-,-,0,0,0,8,232,468,2050,177
TXO,202609,20260916.0,30400.0,Call,-,-,-,-,13780,-,-,0,0,0,0,-,13810,5390,1430
TXO,202609,20260916.0,30400.0,Put,-,-,-,-,406,-,-,0,0,0,19,297,515,2030,1.1
TXO,202609,20260916.0,30600.0,Call,-,-,-,-,13600,-,-,0,0,0,6,-,-,5520,1000
TXO,202609,20260916.0,30600.0,Put,-,-,-,-,427,-,-,0,0,0,4,256,-,2090,200
TXO,202609,20260916.0,30800.0,Call,-,-,-,-,13420,-,-,0,0,0,7,13270,-,10110,940
TXO,202609,20260916.0,30800.0,Put,-,-,-,-,450,-,-,0,0,0,10,271,525,2200,201
TXO,202609,20260916.0,31000.0,Call,-,-,-,-,13250,-,-,0,0,0,2,-,-,9780,1300
TXO,202609,20260916.0,31000.0,Put,380,380,360,360,473,▲+37,▲+11.46%,2,8,10,13,286,-,2410,260
TXO,202609,20260916.0,31200.0,Call,-,-,-,-,13070,-,-,0,0,0,0,-,-,5680,2350
TXO,202609,20260916.0,31200.0,Put,-,-,-,-,497,-,-,0,0,0,2,488,555,4320,310
TXO,202609,20260916.0,31400.0,Call,-,-,-,-,12870,-,-,0,0,0,1,-,-,14330,1430
TXO,202609,20260916.0,31400.0,Put,405,405,405,405,505,▲+57,▲+16.38%,0,1,1,8,315,580,2750,252
TXO,202609,20260916.0,31600.0,Call,-,-,-,-,12690,-,-,0,0,0,0,-,-,3970,2920
TXO,202609,20260916.0,31600.0,Put,-,-,-,-,510,-,-,0,0,0,1,337,575,2510,310
TXO,202609,20260916.0,31800.0,Call,-,-,-,-,12510,-,-,0,0,0,1,-,-,14100,1370
TXO,202609,20260916.0,31800.0,Put,418,418,418,418,535,▲+42,▲+11.17%,0,1,1,13,352,625,2990,235
TXO,202609,20260916.0,32000.0,Call,-,-,-,-,12330,-,-,0,0,0,22,-,-,9870,1310
TXO,202609,20260916.0,32000.0,Put,450,450,430,430,550,▲+40,▲+10.26%,0,7,7,5,468,-,2700,280
TXO,202609,20260916.0,32200.0,Call,-,-,-,-,12150,-,-,0,0,0,19,-,-,13750,1380
TXO,202609,20260916.0,32200.0,Put,-,-,-,-,570,-,-,0,0,0,8,460,-,2670,304
TXO,202609,20260916.0,32400.0,Call,-,-,-,-,11970,-,-,0,0,0,0,-,-,4680,1440
TXO,202609,20260916.0,32400.0,Put,-,-,-,-,590,-,-,0,0,0,13,476,665,2300,255
TXO,202609,20260916.0,32600.0,Call,-,-,-,-,11800,-,-,0,0,0,0,-,-,9580,1680
TXO,202609,20260916.0,32600.0,Put,-,-,-,-,610,-,-,0,0,0,1,436,-,2900,300
TXO,202609,20260916.0,32800.0,Call,-,-,-,-,11620,-,-,0,0,0,2,-,-,8380,1420
TXO,202609,20260916.0,32800.0,Put,-,-,-,-,630,-,-,0,0,0,3,515,705,3280,1270
TXO,202609,20260916.0,33000.0,Call,-,-,-,-,11440,-,-,0,0,0,35,11290,-,12330,399
TXO,202609,20260916.0,33000.0,Put,-,-,-,-,655,-,-,0,0,0,68,535,740,3000,305
TXO,202609,20260916.0,33200.0,Call,-,-,-,-,11260,-,-,0,0,0,4,-,-,11640,344
TXO,202609,20260916.0,33200.0,Put,-,-,-,-,675,-,-,0,0,0,2,505,-,2730,1010
TXO,202609,20260916.0,33400.0,Call,-,-,-,-,11090,-,-,0,0,0,2,-,-,12040,1470
TXO,202609,20260916.0,33400.0,Put,-,-,-,-,700,-,-,0,0,0,5,580,780,2780,1060
TXO,202609,20260916.0,33600.0,Call,-,-,-,-,10910,-,-,0,0,0,2,-,-,7240,372
TXO,202609,20260916.0,33600.0,Put,-,-,-,-,720,-,-,0,0,0,3,620,-,3860,310
TXO,202609,20260916.0,33800.0,Call,-,-,-,-,10740,-,-,0,0,0,1,-,-,7340,328
TXO,202609,20260916.0,33800.0,Put,-,-,-,-,750,-,-,0,0,0,2,645,-,3000,935
TXO,202609,20260916.0,34000.0,Call,-,-,-,-,10570,-,-,0,0,0,115,-,-,6780,325
TXO,202609,20260916.0,34000.0,Put,-,-,-,-,775,-,-,0,0,0,47,670,855,3990,373
TXO,202609,20260916.0,34200.0,Call,-,-,-,-,10400,-,-,0,0,0,1,-,10430,9340,299
TXO,202609,20260916.0,34200.0,Put,-,-,-,-,805,-,-,0,0,0,3,690,-,1130,423
TXO,202609,20260916.0,34400.0,Call,-,-,-,-,10220,-,-,0,0,0,0,-,-,6600,305
TXO,202609,20260916.0,34400.0,Put,-,-,-,-,830,-,-,0,0,0,2,740,-,3660,387
TXO,202609,20260916.0,34600.0,Call,-,-,-,-,10050,-,-,0,0,0,3,-,-,11000,306
TXO,202609,20260916.0,34600.0,Put,-,-,-,-,860,-,-,0,0,0,1,770,-,4530,2370
TXO,202609,20260916.0,34800.0,Call,-,-,-,-,9890,-,-,0,0,0,3,-,9920,3130,370
TXO,202609,20260916.0,34800.0,Put,-,-,-,-,890,-,-,0,0,0,2,790,-,3320,1070
TXO,202609,20260916.0,35000.0,Call,-,-,-,-,9720,-,-,0,0,0,7,-,-,10920,510
TXO,202609,20260916.0,35000.0,Put,-,-,-,-,920,-,-,0,0,0,22,815,5140,3320,443
TXO,202609,20260916.0,35200.0,Call,-,-,-,-,9540,-,-,0,0,0,1,9380,9590,8530,850
TXO,202609,20260916.0,35200.0,Put,-,-,-,-,945,-,-,0,0,0,1,15,-,1150,860
TXO,202609,20260916.0,35400.0,Call,-,-,-,-,9380,-,-,0,0,0,0,-,-,8330,373
TXO,202609,20260916.0,35400.0,Put,935,935,935,935,985,▲+205,▲+28.08%,0,1,1,1,15,1070,3430,935
TXO,202609,20260916.0,35600.0,Call,-,-,-,-,9230,-,-,0,0,0,0,9020,-,7680,1220
TXO,202609,20260916.0,35600.0,Put,-,-,-,-,1030,-,-,0,0,0,5,900,-,4020,745
TXO,202609,20260916.0,35800.0,Call,-,-,-,-,9050,-,-,0,0,0,3,-,9100,5820,450
TXO,202609,20260916.0,35800.0,Put,-,-,-,-,1050,-,-,0,0,0,9,955,-,2000,540
TXO,202609,20260916.0,36000.0,Call,-,-,-,-,8890,-,-,0,0,0,41,-,8930,11770,595
TXO,202609,20260916.0,36000.0,Put,-,-,-,-,1090,-,-,0,0,0,51,970,-,4200,466
TXO,202609,20260916.0,36200.0,Call,-,-,-,-,8730,-,-,0,0,0,0,-,-,8750,282
TXO,202609,20260916.0,36200.0,Put,-,-,-,-,1130,-,-,0,0,0,2,1030,1750,1400,1330
TXO,202609,20260916.0,36400.0,Call,-,-,-,-,8570,-,-,0,0,0,0,-,-,7540,499
TXO,202609,20260916.0,36400.0,Put,-,-,-,-,1170,-,-,0,0,0,3,1070,-,4830,710
TXO,202609,20260916.0,36600.0,Call,-,-,-,-,8410,-,-,0,0,0,0,8240,-,7400,480
TXO,202609,20260916.0,36600.0,Put,-,-,-,-,1210,-,-,0,0,0,0,15,-,1860,1740
TXO,202609,20260916.0,36800.0,Call,-,-,-,-,8250,-,-,0,0,0,19,8120,-,2830,310
TXO,202609,20260916.0,36800.0,Put,-,-,-,-,1250,-,-,0,0,0,6,1140,-,4910,1640
TXO,202609,20260916.0,37000.0,Call,-,-,-,-,8100,-,-,0,0,0,29,-,8170,9270,540
TXO,202609,20260916.0,37000.0,Put,-,-,-,-,1300,-,-,0,0,0,27,1180,-,2520,705
TXO,202609,20260916.0,37200.0,Call,-,-,-,-,7940,-,-,0,0,0,6,7800,8110,9290,375
TXO,202609,20260916.0,37200.0,Put,1220,1220,1220,1220,1330,▲+210,▲+20.79%,0,1,1,1,15,1420,2390,1220
TXO,202609,20260916.0,37400.0,Call,-,-,-,-,7790,-,-,0,0,0,1,7650,-,1370,456
TXO,202609,20260916.0,37400.0,Put,-,-,-,-,1380,-,-,0,0,0,1,15,1480,2530,1960
TXO,202609,20260916.0,37600.0,Call,-,-,-,-,7640,-,-,0,0,0,1,-,7710,5920,430
TXO,202609,20260916.0,37600.0,Put,-,-,-,-,1430,-,-,0,0,0,1,15,1550,2660,905
TXO,202609,20260916.0,37800.0,Call,-,-,-,-,7490,-,-,0,0,0,2,7280,7520,3680,390
TXO,202609,20260916.0,37800.0,Put,-,-,-,-,1480,-,-,0,0,0,5,1350,-,1110,980
TXO,202609,20260916.0,38000.0,Call,-,-,-,-,7320,-,-,0,0,0,3,7120,-,6000,350
TXO,202609,20260916.0,38000.0,Put,-,-,-,-,1500,-,-,0,0,0,8,15,1650,6640,740
TXO,202609,20260916.0,38200.0,Call,-,-,-,-,7180,-,-,0,0,0,0,7030,-,1030,370
TXO,202609,20260916.0,38200.0,Put,-,-,-,-,1560,-,-,0,0,0,3,1250,1700,2770,765
TXO,202609,20260916.0,38400.0,Call,-,-,-,-,7040,-,-,0,0,0,1,6900,-,4030,340
TXO,202609,20260916.0,38400.0,Put,-,-,-,-,1620,-,-,1,0,1,11,1510,-,2080,800
TXO,202609,20260916.0,38600.0,Call,-,-,-,-,6890,-,-,0,0,0,0,-,-,4750,371
TXO,202609,20260916.0,38600.0,Put,-,-,-,-,1670,-,-,0,0,0,3,15,1800,2850,825
TXO,202609,20260916.0,38800.0,Call,-,-,-,-,6740,-,-,0,0,0,21,6610,6920,3570,270
TXO,202609,20260916.0,38800.0,Put,-,-,-,-,1720,-,-,0,0,0,1,15,-,2100,1350
TXO,202609,20260916.0,39000.0,Call,-,-,-,-,6600,-,-,0,0,0,50,-,6630,7390,273
TXO,202609,20260916.0,39000.0,Put,-,-,-,-,1780,-,-,0,0,0,103,1670,-,2820,880
TXO,202609,20260916.0,39200.0,Call,-,-,-,-,6440,-,-,0,0,0,2,6240,6500,6340,249
TXO,202609,20260916.0,39200.0,Put,-,-,-,-,1820,-,-,0,0,0,1,15,1930,2750,2420
TXO,202609,20260916.0,39400.0,Call,6340,6350,6340,6350,6310,▼-760,▼-10.69%,0,4,4,7,6180,6480,7970,223
TXO,202609,20260916.0,39400.0,Put,-,-,-,-,1890,-,-,0,0,0,1,1820,-,2390,2390
TXO,202609,20260916.0,39600.0,Call,5910,5910,5910,5910,6180,▼-1050,▼-15.09%,0,1,1,2,5970,-,5910,394
TXO,202609,20260916.0,39600.0,Put,-,-,-,-,1960,-,-,0,0,0,1,15,-,2870,1000
TXO,202609,20260916.0,39800.0,Call,-,-,-,-,6050,-,-,0,0,0,0,-,6180,6170,417
TXO,202609,20260916.0,39800.0,Put,-,-,-,-,2030,-,-,0,0,0,1,15,2110,1560,1560
TXO,202609,20260916.0,40000.0,Call,-,-,-,-,5900,-,-,0,0,0,66,-,5940,5910,380
TXO,202609,20260916.0,40000.0,Put,1900,1900,1860,1860,2070,▲+260,▲+16.25%,0,2,2,75,1960,-,3040,1050
TXO,202609,20260916.0,40200.0,Call,-,-,-,-,5760,-,-,0,0,0,5,5620,5840,5400,250
TXO,202609,20260916.0,40200.0,Put,-,-,-,-,2130,-,-,0,0,0,0,15,-,-,-
TXO,202609,20260916.0,40400.0,Call,-,-,-,-,5630,-,-,0,0,0,8,5440,-,4590,388
TXO,202609,20260916.0,40400.0,Put,-,-,-,-,2200,-,-,0,0,0,0,15,-,3260,2790
TXO,202609,20260916.0,40600.0,Call,-,-,-,-,5500,-,-,0,0,0,5,5350,-,4390,345
TXO,202609,20260916.0,40600.0,Put,2230,2230,2230,2230,2270,▲+480,▲+27.43%,0,1,1,4,2170,-,4360,2230
TXO,202609,20260916.0,40800.0,Call,-,-,-,-,5370,-,-,0,0,0,3,5170,5410,4260,530
TXO,202609,20260916.0,40800.0,Put,-,-,-,-,2340,-,-,0,0,0,5,2230,-,4480,1940
TXO,202609,20260916.0,41000.0,Call,-,-,-,-,5230,-,-,0,0,0,6,5090,5300,6650,320
TXO,202609,20260916.0,41000.0,Put,2360,2360,2360,2360,2400,▲+490,▲+26.20%,0,1,1,13,15,2550,4640,1320
TXO,202609,20260916.0,41200.0,Call,-,-,-,-,5110,-,-,0,0,0,0,4920,5210,3540,2240
TXO,202609,20260916.0,41200.0,Put,-,-,-,-,2480,-,-,0,0,0,4,2340,-,7750,3090
TXO,202609,20260916.0,41400.0,Call,-,-,-,-,4980,-,-,0,0,0,0,4850,-,5680,3000
TXO,202609,20260916.0,41400.0,Put,-,-,-,-,2550,-,-,0,0,0,2,2440,-,3480,1410
TXO,202609,20260916.0,41600.0,Call,-,-,-,-,4850,-,-,0,0,0,0,4750,-,3720,2070
TXO,202609,20260916.0,41600.0,Put,-,-,-,-,2620,-,-,0,0,0,1,2540,-,3420,3100
TXO,202609,20260916.0,41800.0,Call,-,-,-,-,4730,-,-,0,0,0,0,4600,-,2410,264
TXO,202609,20260916.0,41800.0,Put,-,-,-,-,2700,-,-,0,0,0,0,15,-,6470,3200
TXO,202609,20260916.0,42000.0,Call,-,-,-,-,4610,-,-,0,0,0,109,4480,-,5550,161
TXO,202609,20260916.0,42000.0,Put,2500,2530,2500,2530,2770,▲+360,▲+16.59%,0,2,2,10,2640,-,7310,1510
TXO,202609,20260916.0,42200.0,Call,-,-,-,-,4490,-,-,0,0,0,2,4370,4600,3620,269
TXO,202609,20260916.0,42200.0,Put,-,-,-,-,2850,-,-,0,0,0,2,15,2960,2410,2410
TXO,202609,20260916.0,42400.0,Call,-,-,-,-,4370,-,-,0,0,0,0,4210,-,1360,1180
TXO,202609,20260916.0,42400.0,Put,-,-,-,-,2940,-,-,0,0,0,0,15,-,3470,3460
TXO,202609,20260916.0,42600.0,Call,-,-,-,-,4260,-,-,0,0,0,7,4130,4340,6330,101
TXO,202609,20260916.0,42600.0,Put,-,-,-,-,3020,-,-,0,0,0,0,15,-,8970,2300
TXO,202609,20260916.0,42800.0,Call,-,-,-,-,4140,-,-,0,0,0,201,-,4220,5440,800
TXO,202609,20260916.0,42800.0,Put,-,-,-,-,3100,-,-,0,0,0,201,3030,-,4270,2810
TXO,202609,20260916.0,43000.0,Call,3960,3960,3960,3960,4030,▼-630,▼-13.73%,0,1,1,19,3860,-,5280,580
TXO,202609,20260916.0,43000.0,Put,3250,3250,3250,3250,3190,▲+740,▲+29.48%,0,1,1,91,3090,-,4540,1930
TXO,202609,20260916.0,43200.0,Call,-,-,-,-,3920,-,-,0,0,0,4,3710,-,5810,790
TXO,202609,20260916.0,43200.0,Put,-,-,-,-,3280,-,-,0,0,0,1,3170,-,3310,2580
TXO,202609,20260916.0,43400.0,Call,-,-,-,-,3800,-,-,0,0,0,1,15,-,2840,750
TXO,202609,20260916.0,43400.0,Put,3340,3460,3340,3460,3360,▲+790,▲+29.59%,0,2,2,3,3250,-,3460,2250
TXO,202609,20260916.0,43600.0,Call,3860,3860,3860,3860,3700,▼-380,▼-8.96%,0,1,1,3,3490,-,4340,545
TXO,202609,20260916.0,43600.0,Put,-,-,-,-,3460,-,-,0,0,0,1,15,-,3370,2110
TXO,202609,20260916.0,43800.0,Call,-,-,-,-,3610,-,-,0,0,0,1,3390,-,4270,2090
TXO,202609,20260916.0,43800.0,Put,-,-,-,-,3560,-,-,0,0,0,1,3460,-,3250,3210
TXO,202609,20260916.0,44000.0,Call,3450,3450,3450,3450,3510,▼-570,▼-14.18%,0,1,1,8,3310,-,5050,331
TXO,202609,20260916.0,44000.0,Put,-,-,-,-,3660,-,-,0,0,0,2,3550,-,4100,3020
TXO,202609,20260916.0,44200.0,Call,-,-,-,-,3410,-,-,0,0,0,17,3200,-,2730,2000
TXO,202609,20260916.0,44200.0,Put,-,-,-,-,3760,-,-,0,0,0,2,3630,-,5100,2300
TXO,202609,20260916.0,44400.0,Call,-,-,-,-,3300,-,-,0,0,0,0,15,-,4130,2140
TXO,202609,20260916.0,44400.0,Put,-,-,-,-,3860,-,-,0,0,0,0,15,-,-,-
TXO,202609,20260916.0,44600.0,Call,-,-,-,-,3210,-,-,1,0,1,5,15,3270,4550,337
TXO,202609,20260916.0,44600.0,Put,3600,3600,3600,3600,3960,▲+380,▲+11.80%,0,1,1,0,15,-,5580,2760
TXO,202609,20260916.0,44800.0,Call,-,-,-,-,3110,-,-,0,0,0,1,15,3170,4560,600
TXO,202609,20260916.0,44800.0,Put,-,-,-,-,4060,-,-,0,0,0,1,3990,4140,3580,3290
TXO,202609,20260916.0,45000.0,Call,3230,3230,3000,3000,3010,▼-510,▼-14.53%,0,20,20,62,2840,-,4310,550
TXO,202609,20260916.0,45000.0,Put,4130,4130,4130,4130,4160,▲+710,▲+20.76%,0,1,1,4,4100,4250,5530,3220
TXO,202609,20260916.0,45200.0,Call,-,-,-,-,2920,-,-,0,0,0,5,2730,-,3650,550
TXO,202609,20260916.0,45200.0,Put,-,-,-,-,4270,-,-,0,0,0,0,4210,4360,-,-
TXO,202609,20260916.0,45400.0,Call,-,-,-,-,2830,-,-,0,0,0,6,2640,-,2740,700
TXO,202609,20260916.0,45400.0,Put,-,-,-,-,4380,-,-,0,0,0,0,15,4470,-,-
TXO,202609,20260916.0,45600.0,Call,-,-,-,-,2740,-,-,0,0,0,5,1200,2800,2970,630
TXO,202609,20260916.0,45600.0,Put,-,-,-,-,4490,-,-,0,0,0,0,15,4590,-,-
TXO,202609,20260916.0,45800.0,Call,-,-,-,-,2660,-,-,0,0,0,17,2520,-,3550,2560
TXO,202609,20260916.0,45800.0,Put,-,-,-,-,4610,-,-,0,0,0,2,15,4700,2870,2870
TXO,202609,20260916.0,46000.0,Call,-,-,-,-,2580,-,-,0,0,0,22,2440,2900,2820,880
TXO,202609,20260916.0,46000.0,Put,-,-,-,-,4720,-,-,2,0,2,4,4660,4820,5600,3100
TXO,202609,20260916.0,46200.0,Call,-,-,-,-,2500,-,-,0,0,0,1,15,2570,2470,1190
TXO,202609,20260916.0,46200.0,Put,-,-,-,-,4840,-,-,0,0,0,0,15,4930,4090,3000
TXO,202609,20260916.0,46400.0,Call,-,-,-,-,2420,-,-,0,0,0,20,2210,-,4000,2370
TXO,202609,20260916.0,46400.0,Put,-,-,-,-,4960,-,-,0,0,0,0,15,5070,-,-
TXO,202609,20260916.0,46600.0,Call,-,-,-,-,2340,-,-,0,0,0,2,2140,-,2240,780
TXO,202609,20260916.0,46600.0,Put,-,-,-,-,5080,-,-,0,0,0,1,5010,5200,6230,6230
TXO,202609,20260916.0,46800.0,Call,-,-,-,-,2260,-,-,0,0,0,1,15,2330,3180,700
TXO,202609,20260916.0,46800.0,Put,-,-,-,-,5210,-,-,0,0,0,1,15,5320,7400,6710
TXO,202609,20260916.0,47000.0,Call,-,-,-,-,2190,-,-,0,0,0,8,2050,-,3020,1000
TXO,202609,20260916.0,47000.0,Put,-,-,-,-,5330,-,-,4,0,4,14,-,5450,6520,3470
TXO,202609,20260916.0,47200.0,Call,-,-,-,-,2120,-,-,0,0,0,0,15,-,3600,950
TXO,202609,20260916.0,47200.0,Put,-,-,-,-,5460,-,-,0,0,0,2,5330,5540,6660,6620
TXO,202609,20260916.0,47400.0,Call,-,-,-,-,2040,-,-,0,0,0,0,15,-,1160,995
TXO,202609,20260916.0,47400.0,Put,-,-,-,-,5580,-,-,0,0,0,1,5460,5790,6660,6660
TXO,202609,20260916.0,47600.0,Call,-,-,-,-,1960,-,-,0,0,0,2,15,2050,1790,600
TXO,202609,20260916.0,47600.0,Put,-,-,-,-,5690,-,-,0,0,0,1,5590,5950,6960,6960
TXO,202609,20260916.0,47800.0,Call,-,-,-,-,1900,-,-,0,0,0,0,15,-,-,-
TXO,202609,20260916.0,47800.0,Put,-,-,-,-,5830,-,-,0,0,0,1,5730,6070,6790,6790
TXO,202609,20260916.0,48000.0,Call,1680,1680,1680,1680,1830,▼-570,▼-25.33%,0,6,6,13,1650,-,2890,820
TXO,202609,20260916.0,48000.0,Put,-,-,-,-,5970,-,-,0,0,0,1,5850,6190,7110,7110
TXO,202609,20260916.0,48200.0,Call,-,-,-,-,1770,-,-,0,0,0,0,15,-,2850,1680
TXO,202609,20260916.0,48200.0,Put,-,-,-,-,6110,-,-,0,0,0,3,6000,-,7310,7180
TXO,202609,20260916.0,48400.0,Call,-,-,-,-,1710,-,-,0,0,0,1,1560,-,1750,815
TXO,202609,20260916.0,48400.0,Put,-,-,-,-,6250,-,-,0,0,0,7,6150,-,7590,7240
TXO,202609,20260916.0,48600.0,Call,-,-,-,-,1650,-,-,0,0,0,0,15,-,-,-
TXO,202609,20260916.0,48600.0,Put,-,-,-,-,6390,-,-,0,0,0,6,6290,6630,7740,7480
TXO,202609,20260916.0,48800.0,Call,-,-,-,-,1600,-,-,0,0,0,1,15,1650,2200,1130
TXO,202609,20260916.0,48800.0,Put,-,-,-,-,6530,-,-,0,0,0,0,6400,-,-,-
TXO,202609,20260916.0,49000.0,Call,-,-,-,-,1540,-,-,0,0,0,25,1410,-,2620,655
TXO,202609,20260916.0,49000.0,Put,-,-,-,-,6670,-,-,0,0,0,1,6550,6950,6150,6150
TXO,202609,20260916.0,49200.0,Call,-,-,-,-,1490,-,-,0,0,0,1,1340,-,1400,705
TXO,202609,20260916.0,49200.0,Put,-,-,-,-,6820,-,-,0,0,0,0,6700,6910,-,-
TXO,202609,20260916.0,49400.0,Call,-,-,-,-,1440,-,-,0,0,0,5,555,1500,2710,1050
TXO,202609,20260916.0,49400.0,Put,-,-,-,-,6970,-,-,0,0,0,0,6820,7220,-,-
TXO,202609,20260916.0,49600.0,Call,-,-,-,-,1390,-,-,0,0,0,10,15,-,1010,1010
TXO,202609,20260916.0,49600.0,Put,-,-,-,-,7120,-,-,0,0,0,0,-,7410,-,-
TXO,202609,20260916.0,49800.0,Call,-,-,-,-,1340,-,-,0,0,0,11,1200,-,1760,675
TXO,202609,20260916.0,49800.0,Put,-,-,-,-,7270,-,-,0,0,0,0,-,7560,-,-
TXO,202609,20260916.0,50000.0,Call,-,-,-,-,1290,-,-,6,0,6,58,1150,-,2460,610
TXO,202609,20260916.0,50000.0,Put,-,-,-,-,7410,-,-,0,0,0,0,-,7720,-,-
TXO,202609,20260916.0,50200.0,Call,-,-,-,-,1240,-,-,0,0,0,0,15,-,1140,850
TXO,202609,20260916.0,50200.0,Put,-,-,-,-,7570,-,-,0,0,0,0,7430,7800,-,-
TXO,202609,20260916.0,50400.0,Call,-,-,-,-,1200,-,-,0,0,0,31,1020,-,2080,470
TXO,202609,20260916.0,50400.0,Put,-,-,-,-,7720,-,-,0,0,0,0,-,8010,7650,5430
TXO,202609,20260916.0,50600.0,Call,-,-,-,-,1150,-,-,0,0,0,1,15,1230,1200,1060
TXO,202609,20260916.0,50600.0,Put,-,-,-,-,7870,-,-,0,0,0,0,7730,8160,-,-
TXO,202609,20260916.0,50800.0,Call,-,-,-,-,1110,-,-,0,0,0,7,15,1170,1810,950
TXO,202609,20260916.0,50800.0,Put,-,-,-,-,8030,-,-,0,0,0,0,7890,8310,-,-
TXO,202609,20260916.0,51000.0,Call,-,-,-,-,1070,-,-,0,0,0,4,885,-,2000,1030
TXO,202609,20260916.0,51000.0,Put,-,-,-,-,8190,-,-,0,0,0,0,8050,8490,-,-
TXO,202609,20260916.0,51200.0,Call,-,-,-,-,1030,-,-,0,0,0,6,15,1080,1780,925
TXO,202609,20260916.0,51200.0,Put,-,-,-,-,8350,-,-,0,0,0,0,-,-,-,-
TXO,202609,20260916.0,51400.0,Call,-,-,-,-,990,-,-,0,0,0,0,15,-,-,-
TXO,202609,20260916.0,51400.0,Put,-,-,-,-,8510,-,-,0,0,0,0,-,-,-,-
TXO,202609,20260916.0,51600.0,Call,-,-,-,-,955,-,-,0,0,0,0,15,-,-,-
TXO,202609,20260916.0,51600.0,Put,-,-,-,-,8670,-,-,0,0,0,0,-,-,-,-
TXO,202609,20260916.0,51800.0,Call,-,-,-,-,925,-,-,0,0,0,0,15,-,1850,830
TXO,202609,20260916.0,51800.0,Put,-,-,-,-,8840,-,-,0,0,0,0,-,-,-,-
TXO,202609,20260916.0,52000.0,Call,-,-,-,-,890,-,-,0,0,0,3,725,-,1640,775
TXO,202609,20260916.0,52000.0,Put,-,-,-,-,9010,-,-,0,0,0,0,-,-,-,-
TXO,202609,20260916.0,52200.0,Call,-,-,-,-,860,-,-,0,0,0,18,695,-,1640,1130
TXO,202609,20260916.0,52200.0,Put,-,-,-,-,9170,-,-,0,0,0,0,-,-,-,-
TXO,202609,20260916.0,52400.0,Call,860,860,860,860,830,▼-180,▼-17.31%,0,1,1,6,645,885,1730,590
TXO,202609,20260916.0,52400.0,Put,-,-,-,-,9340,-,-,0,0,0,0,-,-,-,-
TXO,202609,20260916.0,52600.0,Call,-,-,-,-,800,-,-,0,0,0,0,630,-,-,-
TXO,202609,20260916.0,52600.0,Put,-,-,-,-,9510,-,-,0,0,0,0,-,-,-,-
TXO,202609,20260916.0,52800.0,Call,-,-,-,-,770,-,-,0,0,0,1,605,850,1160,1160
TXO,202609,20260916.0,52800.0,Put,-,-,-,-,9680,-,-,0,0,0,0,-,-,-,-
TXO,202609,20260916.0,53000.0,Call,-,-,-,-,745,-,-,0,0,0,0,565,-,-,-
TXO,202609,20260916.0,53000.0,Put,-,-,-,-,9850,-,-,0,0,0,0,-,-,-,-
TXO,202609,20260916.0,53200.0,Call,-,-,-,-,715,-,-,0,0,0,4,565,790,1500,670
TXO,202609,20260916.0,53200.0,Put,-,-,-,-,10030,-,-,0,0,0,0,-,-,-,-
TXO,202609,20260916.0,53400.0,Call,-,-,-,-,690,-,-,0,0,0,0,520,-,-,-
TXO,202609,20260916.0,53400.0,Put,-,-,-,-,10200,-,-,0,0,0,0,-,-,-,-
TXO,202609,20260916.0,53600.0,Call,-,-,-,-,665,-,-,0,0,0,0,510,-,-,-
TXO,202609,20260916.0,53600.0,Put,-,-,-,-,10370,-,-,0,0,0,0,-,-,-,-
TXO,202609,20260916.0,53800.0,Call,-,-,-,-,640,-,-,0,0,0,2,484,715,1240,1240
TXO,202609,20260916.0,53800.0,Put,-,-,-,-,10550,-,-,0,0,0,0,-,-,-,-
TXO,202609,20260916.0,54000.0,Call,-,-,-,-,620,-,-,0,0,0,15,455,-,1120,600
TXO,202609,20260916.0,54000.0,Put,-,-,-,-,10720,-,-,0,0,0,0,-,-,-,-
TXO,202609,20260916.0,54200.0,Call,-,-,-,-,595,-,-,0,0,0,0,439,-,-,-
TXO,202609,20260916.0,54200.0,Put,-,-,-,-,10900,-,-,0,0,0,0,-,10930,-,-
TXO,202609,20260916.0,54400.0,Call,-,-,-,-,575,-,-,0,0,0,1,411,620,1040,1040
TXO,202609,20260916.0,54400.0,Put,-,-,-,-,11080,-,-,0,0,0,0,-,-,-,-
TXO,202609,20260916.0,54600.0,Call,500,500,500,500,550,▼-165,▼-24.81%,0,4,4,39,412,655,1100,480
TXO,202609,20260916.0,54600.0,Put,-,-,-,-,11250,-,-,0,0,0,0,-,-,-,-
TXO,202609,20260916.0,54800.0,Call,-,-,-,-,510,-,-,0,0,0,0,392,-,-,-
TXO,202609,20260916.0,54800.0,Put,-,-,-,-,11410,-,-,0,0,0,0,-,-,-,-
TXO,202609,20260916.0,55000.0,Call,-,-,-,-,496,-,-,0,0,0,5,366,590,1030,400
TXO,202609,20260916.0,55000.0,Put,-,-,-,-,11600,-,-,0,0,0,0,-,-,-,-
TXO,202609,20260916.0,55200.0,Call,-,-,-,-,478,-,-,0,0,0,0,343,-,-,-
TXO,202609,20260916.0,55200.0,Put,-,-,-,-,11780,-,-,0,0,0,0,-,-,-,-
TXO,202609,20260916.0,55400.0,Call,-,-,-,-,461,-,-,0,0,0,0,323,-,-,-
TXO,202609,20260916.0,55400.0,Put,-,-,-,-,11960,-,-,0,0,0,7,-,12090,12000,9200
TXO,202609,20260916.0,55600.0,Call,-,-,-,-,443,-,-,0,0,0,0,308,-,-,-
TXO,202609,20260916.0,55600.0,Put,-,-,-,-,12140,-,-,0,0,0,0,-,-,-,-
TXO,202609,20260916.0,55800.0,Call,448,455,405,405,426,▼-110,▼-21.36%,10,3,13,29,350,520,890,300
TXO,202609,20260916.0,55800.0,Put,-,-,-,-,12320,-,-,0,0,0,0,-,-,-,-
TXO,202612,20261216.0,25200.0,Call,-,-,-,-,19480,-,-,0,0,0,3,19370,-,20980,13580
TXO,202612,20261216.0,25200.0,Put,370,396,370,384,402,▲+44,▲+12.94%,1,7,8,213,325,426,985,230
TXO,202612,20261216.0,25400.0,Call,-,-,-,-,19300,-,-,0,0,0,0,-,-,-,-
TXO,202612,20261216.0,25400.0,Put,-,-,-,-,422,-,-,0,0,0,2,287,-,610,280
TXO,202612,20261216.0,25600.0,Call,-,-,-,-,19120,-,-,0,0,0,0,18980,-,-,-
TXO,202612,20261216.0,25600.0,Put,-,-,-,-,435,-,-,0,0,0,9,289,-,750,450
TXO,202612,20261216.0,25800.0,Call,-,-,-,-,18930,-,-,0,0,0,0,-,-,-,-
TXO,202612,20261216.0,25800.0,Put,-,-,-,-,449,-,-,0,0,0,1,305,-,505,268
TXO,202612,20261216.0,26000.0,Call,-,-,-,-,18750,-,-,0,0,0,1,-,-,17230,7550
TXO,202612,20261216.0,26000.0,Put,-,-,-,-,463,-,-,0,0,0,30,319,-,1390,264
TXO,202612,20261216.0,26200.0,Call,-,-,-,-,18560,-,-,0,0,0,0,-,-,-,-
TXO,202612,20261216.0,26200.0,Put,-,-,-,-,473,-,-,0,0,0,6,326,-,1430,540
TXO,202612,20261216.0,26400.0,Call,-,-,-,-,18380,-,-,0,0,0,0,18260,-,-,-
TXO,202612,20261216.0,26400.0,Put,-,-,-,-,493,-,-,0,0,0,11,339,-,1250,348
TXO,202612,20261216.0,26600.0,Call,-,-,-,-,18200,-,-,0,0,0,0,-,-,-,-
TXO,202612,20261216.0,26600.0,Put,-,-,-,-,505,-,-,0,0,0,0,352,-,765,550
TXO,202612,20261216.0,26800.0,Call,-,-,-,-,18020,-,-,0,0,0,0,-,-,-,-
TXO,202612,20261216.0,26800.0,Put,-,-,-,-,525,-,-,0,0,0,4,366,605,1500,316
TXO,202612,20261216.0,27000.0,Call,-,-,-,-,17840,-,-,0,0,0,4,-,-,14900,7500
TXO,202612,20261216.0,27000.0,Put,550,550,550,550,540,▲+121,▲+28.21%,0,1,1,7,381,-,1590,297
TXO,202612,20261216.0,27200.0,Call,-,-,-,-,17650,-,-,0,0,0,0,-,-,-,-
TXO,202612,20261216.0,27200.0,Put,-,-,-,-,545,-,-,0,0,0,1,393,635,710,500
TXO,202612,20261216.0,27400.0,Call,-,-,-,-,17470,-,-,0,0,0,0,17330,-,-,-
TXO,202612,20261216.0,27400.0,Put,-,-,-,-,565,-,-,0,0,0,15,411,-,1580,500
TXO,202612,20261216.0,27600.0,Call,-,-,-,-,17290,-,-,0,0,0,0,17170,-,-,-
TXO,202612,20261216.0,27600.0,Put,-,-,-,-,580,-,-,0,0,0,1,426,-,1300,550
TXO,202612,20261216.0,27800.0,Call,-,-,-,-,17110,-,-,0,0,0,0,17030,-,-,-
TXO,202612,20261216.0,27800.0,Put,-,-,-,-,600,-,-,0,0,0,3,443,710,1550,500
TXO,202612,20261216.0,28000.0,Call,-,-,-,-,16930,-,-,0,0,0,0,-,-,-,-
TXO,202612,20261216.0,28000.0,Put,-,-,-,-,625,-,-,0,0,0,11,535,720,1680,405
TXO,202612,20261216.0,28200.0,Call,-,-,-,-,16750,-,-,0,0,0,0,16680,-,-,-
TXO,202612,20261216.0,28200.0,Put,-,-,-,-,640,-,-,0,0,0,8,487,730,1820,480
TXO,202612,20261216.0,28400.0,Call,-,-,-,-,16580,-,-,0,0,0,0,-,-,-,-
TXO,202612,20261216.0,28400.0,Put,-,-,-,-,665,-,-,0,0,0,1,570,-,1400,483
TXO,202612,20261216.0,28600.0,Call,-,-,-,-,16400,-,-,0,0,0,0,16260,-,-,-
TXO,202612,20261216.0,28600.0,Put,-,-,-,-,685,-,-,0,0,0,1,590,765,1500,720
TXO,202612,20261216.0,28800.0,Call,-,-,-,-,16220,-,-,0,0,0,0,-,-,-,-
TXO,202612,20261216.0,28800.0,Put,-,-,-,-,705,-,-,0,0,0,6,600,785,1550,385
TXO,202612,20261216.0,29000.0,Call,-,-,-,-,16040,-,-,0,0,0,0,-,-,-,-
TXO,202612,20261216.0,29000.0,Put,-,-,-,-,725,-,-,0,0,0,4,580,820,1860,458
TXO,202612,20261216.0,29200.0,Call,-,-,-,-,15870,-,-,0,0,0,0,15730,-,-,-
TXO,202612,20261216.0,29200.0,Put,-,-,-,-,750,-,-,0,0,0,1,600,-,1860,805
TXO,202612,20261216.0,29400.0,Call,-,-,-,-,15700,-,-,0,0,0,0,-,-,-,-
TXO,202612,20261216.0,29400.0,Put,-,-,-,-,775,-,-,0,0,0,2,620,860,1700,795
TXO,202612,20261216.0,29600.0,Call,-,-,-,-,15530,-,-,0,0,0,0,15410,-,-,-
TXO,202612,20261216.0,29600.0,Put,-,-,-,-,800,-,-,0,0,0,1,2.3,880,1650,1650
TXO,202612,20261216.0,29800.0,Call,-,-,-,-,15350,-,-,0,0,0,0,15220,-,11600,5120
TXO,202612,20261216.0,29800.0,Put,-,-,-,-,825,-,-,0,0,0,1,2.3,-,1700,620
TXO,202612,20261216.0,30000.0,Call,-,-,-,-,15180,-,-,0,0,0,0,-,-,11910,4660
TXO,202612,20261216.0,30000.0,Put,850,850,850,850,850,▲+170,▲+25.00%,0,1,1,11,2.3,-,1880,460
TXO,202612,20261216.0,30200.0,Call,-,-,-,-,15010,-,-,0,0,0,0,-,-,14870,4700
TXO,202612,20261216.0,30200.0,Put,-,-,-,-,875,-,-,0,0,0,2,2.3,970,715,510
TXO,202612,20261216.0,30400.0,Call,-,-,-,-,14830,-,-,0,0,0,0,-,-,-,-
TXO,202612,20261216.0,30400.0,Put,-,-,-,-,900,-,-,0,0,0,10,2.3,990,510,510
TXO,202612,20261216.0,30600.0,Call,-,-,-,-,14670,-,-,0,0,0,0,-,-,-,-
TXO,202612,20261216.0,30600.0,Put,-,-,-,-,930,-,-,0,0,0,7,15,1020,2010,1280
TXO,202612,20261216.0,30800.0,Call,-,-,-,-,14490,-,-,0,0,0,0,-,-,-,-
TXO,202612,20261216.0,30800.0,Put,-,-,-,-,955,-,-,0,0,0,26,15,1050,2700,550
TXO,202612,20261216.0,31000.0,Call,-,-,-,-,14320,-,-,0,0,0,0,-,-,-,-
TXO,202612,20261216.0,31000.0,Put,-,-,-,-,985,-,-,0,0,0,34,715,1100,1220,510
TXO,202612,20261216.0,31200.0,Call,-,-,-,-,14160,-,-,0,0,0,0,-,-,4700,3750
TXO,202612,20261216.0,31200.0,Put,-,-,-,-,1020,-,-,0,0,0,12,720,1110,730,680
TXO,202612,20261216.0,31400.0,Call,-,-,-,-,13980,-,-,0,0,0,0,13850,-,-,-
TXO,202612,20261216.0,31400.0,Put,-,-,-,-,1040,-,-,0,0,0,0,15,-,-,-
TXO,202612,20261216.0,31600.0,Call,-,-,-,-,13820,-,-,0,0,0,0,13730,-,7950,5480
TXO,202612,20261216.0,31600.0,Put,-,-,-,-,1070,-,-,0,0,0,5,15,1180,1870,615
TXO,202612,20261216.0,31800.0,Call,-,-,-,-,13650,-,-,0,0,0,0,13520,-,10560,5580
TXO,202612,20261216.0,31800.0,Put,-,-,-,-,1100,-,-,0,0,0,0,15,-,-,-
TXO,202612,20261216.0,32000.0,Call,-,-,-,-,13480,-,-,0,0,0,0,-,-,9600,3560
TXO,202612,20261216.0,32000.0,Put,1060,1060,1060,1060,1130,▲+155,▲+17.13%,0,1,1,10,750,-,3270,725
TXO,202612,20261216.0,32200.0,Call,-,-,-,-,13320,-,-,0,0,0,0,-,-,-,-
TXO,202612,20261216.0,32200.0,Put,-,-,-,-,1170,-,-,0,0,0,0,15,-,3130,1300
TXO,202612,20261216.0,32400.0,Call,-,-,-,-,13150,-,-,0,0,0,0,-,-,11650,3460
TXO,202612,20261216.0,32400.0,Put,-,-,-,-,1200,-,-,0,0,0,6,705,1310,3250,710
TXO,202612,20261216.0,32600.0,Call,-,-,-,-,12990,-,-,0,0,0,0,12860,-,-,-
TXO,202612,20261216.0,32600.0,Put,-,-,-,-,1230,-,-,0,0,0,17,720,1350,1160,720
TXO,202612,20261216.0,32800.0,Call,-,-,-,-,12830,-,-,0,0,0,0,12750,-,-,-
TXO,202612,20261216.0,32800.0,Put,-,-,-,-,1270,-,-,0,0,0,5,1140,-,1920,700
TXO,202612,20261216.0,33000.0,Call,-,-,-,-,12660,-,-,0,0,0,2,12530,-,13520,3000
TXO,202612,20261216.0,33000.0,Put,-,-,-,-,1300,-,-,0,0,0,22,-,1410,3280,725
TXO,202612,20261216.0,33200.0,Call,-,-,-,-,12500,-,-,0,0,0,0,-,-,4180,3280
TXO,202612,20261216.0,33200.0,Put,-,-,-,-,1340,-,-,0,0,0,1,15,1440,780,780
TXO,202612,20261216.0,33400.0,Call,-,-,-,-,12340,-,-,0,0,0,0,-,-,10800,2780
TXO,202612,20261216.0,33400.0,Put,-,-,-,-,1380,-,-,0,0,0,2,15,1510,3450,1010
TXO,202612,20261216.0,33600.0,Call,-,-,-,-,12180,-,-,0,0,0,0,12020,-,10850,2640
TXO,202612,20261216.0,33600.0,Put,-,-,-,-,1420,-,-,0,0,0,2,15,1510,4010,785
TXO,202612,20261216.0,33800.0,Call,-,-,-,-,12030,-,-,0,0,0,0,11890,-,-,-
TXO,202612,20261216.0,33800.0,Put,-,-,-,-,1460,-,-,0,0,0,2,15,1580,1670,1670
TXO,202612,20261216.0,34000.0,Call,-,-,-,-,11870,-,-,0,0,0,0,-,-,12700,3130
TXO,202612,20261216.0,34000.0,Put,-,-,-,-,1500,-,-,0,0,0,15,1340,5680,3620,995
TXO,202612,20261216.0,34200.0,Call,-,-,-,-,11710,-,-,0,0,0,0,11570,-,8850,5200
TXO,202612,20261216.0,34200.0,Put,-,-,-,-,1540,-,-,0,0,0,2,15,1650,1780,1780
TXO,202612,20261216.0,34400.0,Call,-,-,-,-,11550,-,-,0,0,0,0,-,-,-,-
TXO,202612,20261216.0,34400.0,Put,-,-,-,-,1580,-,-,0,0,0,1,1440,-,2600,2600
TXO,202612,20261216.0,34600.0,Call,-,-,-,-,11390,-,-,0,0,0,0,11260,-,-,-
TXO,202612,20261216.0,34600.0,Put,-,-,-,-,1620,-,-,0,0,0,1,15,-,2670,1030
TXO,202612,20261216.0,34800.0,Call,-,-,-,-,11250,-,-,0,0,0,0,-,-,4830,3240
TXO,202612,20261216.0,34800.0,Put,-,-,-,-,1670,-,-,0,0,0,0,15,-,3120,3040
TXO,202612,20261216.0,35000.0,Call,-,-,-,-,11090,-,-,0,0,0,1,10930,-,9460,2200
TXO,202612,20261216.0,35000.0,Put,-,-,-,-,1710,-,-,0,0,0,8,15,1800,2100,1000
TXO,202612,20261216.0,35200.0,Call,-,-,-,-,10940,-,-,0,0,0,0,-,-,4590,3370
TXO,202612,20261216.0,35200.0,Put,-,-,-,-,1760,-,-,0,0,0,1,15,1880,3000,3000
TXO,202612,20261216.0,35400.0,Call,-,-,-,-,10790,-,-,0,0,0,0,-,-,9450,3340
TXO,202612,20261216.0,35400.0,Put,-,-,-,-,1810,-,-,0,0,0,1,15,1910,1300,1300
TXO,202612,20261216.0,35600.0,Call,-,-,-,-,10640,-,-,0,0,0,1,10520,-,12870,2380
TXO,202612,20261216.0,35600.0,Put,-,-,-,-,1860,-,-,0,0,0,4,15,1970,4020,1320
TXO,202612,20261216.0,35800.0,Call,-,-,-,-,10490,-,-,0,0,0,0,-,-,7020,6410
TXO,202612,20261216.0,35800.0,Put,-,-,-,-,1900,-,-,0,0,0,1,1740,-,2000,1250
TXO,202612,20261216.0,36000.0,Call,-,-,-,-,10350,-,-,0,0,0,1,10240,-,8050,1950
TXO,202612,20261216.0,36000.0,Put,-,-,-,-,1960,-,-,0,0,0,35,1820,-,3300,1240
TXO,202612,20261216.0,36200.0,Call,-,-,-,-,10200,-,-,0,0,0,0,10070,-,7130,1470
TXO,202612,20261216.0,36200.0,Put,-,-,-,-,2010,-,-,0,0,0,0,15,-,-,-
TXO,202612,20261216.0,36400.0,Call,-,-,-,-,10030,-,-,0,0,0,1,9950,-,8580,1390
TXO,202612,20261216.0,36400.0,Put,-,-,-,-,2040,-,-,0,0,0,0,15,-,2020,1590
TXO,202612,20261216.0,36600.0,Call,-,-,-,-,9870,-,-,0,0,0,0,9740,-,6880,1320
TXO,202612,20261216.0,36600.0,Put,2130,2130,2130,2130,2070,▲+310,▲+17.03%,0,1,1,1,15,-,2130,2130
TXO,202612,20261216.0,36800.0,Call,-,-,-,-,9700,-,-,0,0,0,1,9630,9830,10590,1260
TXO,202612,20261216.0,36800.0,Put,-,-,-,-,2100,-,-,0,0,0,8,1950,2250,2670,1480
TXO,202612,20261216.0,37000.0,Call,-,-,-,-,9560,-,-,0,0,0,3,9430,-,8140,1350
TXO,202612,20261216.0,37000.0,Put,-,-,-,-,2160,-,-,0,0,0,23,2070,5000,3150,1320
TXO,202612,20261216.0,37200.0,Call,-,-,-,-,9420,-,-,0,0,0,1,9320,-,7260,1740
TXO,202612,20261216.0,37200.0,Put,-,-,-,-,2220,-,-,0,0,0,0,15,-,-,-
TXO,202612,20261216.0,37400.0,Call,-,-,-,-,9290,-,-,0,0,0,0,-,9380,10760,1280
TXO,202612,20261216.0,37400.0,Put,-,-,-,-,2280,-,-,0,0,0,1,15,-,1540,1540
TXO,202612,20261216.0,37600.0,Call,-,-,-,-,9150,-,-,0,0,0,2,9030,9290,1260,1260
TXO,202612,20261216.0,37600.0,Put,-,-,-,-,2340,-,-,0,0,0,1,15,2470,2950,1760
TXO,202612,20261216.0,37800.0,Call,-,-,-,-,9010,-,-,0,0,0,5,-,9120,11360,1240
TXO,202612,20261216.0,37800.0,Put,2110,2110,2110,2110,2400,▲+80,▲+3.94%,2,2,4,4,2000,2550,2900,2000
TXO,202612,20261216.0,38000.0,Call,-,-,-,-,8880,-,-,0,0,0,20,8760,-,7630,1230
TXO,202612,20261216.0,38000.0,Put,-,-,-,-,2470,-,-,0,0,0,10,2380,-,3430,1650
TXO,202612,20261216.0,38200.0,Call,-,-,-,-,8730,-,-,0,0,0,0,8420,-,7280,1200
TXO,202612,20261216.0,38200.0,Put,-,-,-,-,2520,-,-,0,0,0,1,15,2680,1900,1900
TXO,202612,20261216.0,38400.0,Call,-,-,-,-,8600,-,-,0,0,0,0,8460,8680,7140,1270
TXO,202612,20261216.0,38400.0,Put,-,-,-,-,2580,-,-,0,0,0,0,15,-,-,-
TXO,202612,20261216.0,38600.0,Call,8700,8700,8700,8700,8460,▼-530,▼-5.74%,0,1,1,4,8340,8560,8700,1080
TXO,202612,20261216.0,38600.0,Put,-,-,-,-,2640,-,-,0,0,0,0,15,-,3100,1640
TXO,202612,20261216.0,38800.0,Call,-,-,-,-,8310,-,-,0,0,0,3,8000,8430,6870,775
TXO,202612,20261216.0,38800.0,Put,-,-,-,-,2690,-,-,0,0,0,0,15,-,-,-
TXO,202612,20261216.0,39000.0,Call,-,-,-,-,8190,-,-,0,0,0,5,8040,8280,6080,1100
TXO,202612,20261216.0,39000.0,Put,-,-,-,-,2760,-,-,0,0,0,105,2670,-,3690,2360
TXO,202612,20261216.0,39200.0,Call,-,-,-,-,8050,-,-,0,0,0,2,7930,-,1290,1290
TXO,202612,20261216.0,39200.0,Put,-,-,-,-,2830,-,-,0,0,0,0,15,-,3680,3230
TXO,202612,20261216.0,39400.0,Call,-,-,-,-,7920,-,-,0,0,0,2,7780,-,1370,1300
TXO,202612,20261216.0,39400.0,Put,-,-,-,-,2900,-,-,0,0,0,0,2000,-,3380,3130
TXO,202612,20261216.0,39600.0,Call,-,-,-,-,7790,-,-,0,0,0,1,7700,-,1220,750
TXO,202612,20261216.0,39600.0,Put,-,-,-,-,2960,-,-,0,0,0,1,15,3100,3660,3380
TXO,202612,20261216.0,39800.0,Call,-,-,-,-,7660,-,-,0,0,0,3,7520,-,1420,1250
TXO,202612,20261216.0,39800.0,Put,-,-,-,-,3030,-,-,0,0,0,0,15,-,4080,3550
TXO,202612,20261216.0,40000.0,Call,-,-,-,-,7530,-,-,0,0,0,16,7440,-,9010,705
TXO,202612,20261216.0,40000.0,Put,-,-,-,-,3100,-,-,0,0,0,104,3000,-,3960,2170
TXO,202612,20261216.0,40200.0,Call,-,-,-,-,7410,-,-,0,0,0,1,7110,7530,4720,2200
TXO,202612,20261216.0,40200.0,Put,-,-,-,-,3180,-,-,0,0,0,1,3070,-,3370,3370
TXO,202612,20261216.0,40400.0,Call,7550,7550,7550,7550,7280,▼-470,▼-5.86%,0,1,1,3,7160,7380,7550,695
TXO,202612,20261216.0,40400.0,Put,-,-,-,-,3250,-,-,2,0,2,0,2700,-,2820,2700
TXO,202612,20261216.0,40600.0,Call,-,-,-,-,7160,-,-,0,0,0,3,6840,7260,5300,740
TXO,202612,20261216.0,40600.0,Put,-,-,-,-,3320,-,-,1,0,1,1,2750,-,2750,2750
TXO,202612,20261216.0,40800.0,Call,-,-,-,-,7040,-,-,0,0,0,16,6670,7120,4430,1410
TXO,202612,20261216.0,40800.0,Put,-,-,-,-,3400,-,-,0,0,0,2,2800,3530,3980,3630
TXO,202612,20261216.0,41000.0,Call,-,-,-,-,6920,-,-,0,0,0,7,6550,7030,5660,675
TXO,202612,20261216.0,41000.0,Put,-,-,-,-,3480,-,-,0,0,0,50,15,3600,4390,2680
TXO,202612,20261216.0,41200.0,Call,-,-,-,-,6780,-,-,0,0,0,0,6460,-,5620,3150
TXO,202612,20261216.0,41200.0,Put,-,-,-,-,3540,-,-,0,0,0,3,15,3670,4410,4360
TXO,202612,20261216.0,41400.0,Call,-,-,-,-,6670,-,-,0,0,0,33,6300,6760,8070,360
TXO,202612,20261216.0,41400.0,Put,-,-,-,-,3630,-,-,0,0,0,0,15,-,4540,2830
TXO,202612,20261216.0,41600.0,Call,-,-,-,-,6550,-,-,0,0,0,11,6400,6640,4440,1450
TXO,202612,20261216.0,41600.0,Put,-,-,-,-,3700,-,-,0,0,0,1,15,-,4290,2870
TXO,202612,20261216.0,41800.0,Call,-,-,-,-,6440,-,-,0,0,0,17,6330,6550,6880,710
TXO,202612,20261216.0,41800.0,Put,-,-,-,-,3790,-,-,0,0,0,0,15,-,4390,3200
TXO,202612,20261216.0,42000.0,Call,-,-,-,-,6330,-,-,0,0,0,70,6000,6400,8290,800
TXO,202612,20261216.0,42000.0,Put,-,-,-,-,3880,-,-,1,0,1,107,3780,-,4950,2600
TXO,202612,20261216.0,42200.0,Call,-,-,-,-,6220,-,-,0,0,0,1,6100,6410,6820,1500
TXO,202612,20261216.0,42200.0,Put,-,-,-,-,3970,-,-,0,0,0,50,3860,-,3610,3220
TXO,202612,20261216.0,42400.0,Call,-,-,-,-,6120,-,-,0,0,0,2,5930,6290,5850,1260
TXO,202612,20261216.0,42400.0,Put,-,-,-,-,4060,-,-,0,0,0,0,15,-,4790,3250
TXO,202612,20261216.0,42600.0,Call,-,-,-,-,6020,-,-,0,0,0,2,5870,-,7280,965
TXO,202612,20261216.0,42600.0,Put,-,-,-,-,4160,-,-,0,0,0,1,15,4250,4770,3850
TXO,202612,20261216.0,42800.0,Call,-,-,-,-,5920,-,-,0,0,0,0,5490,6120,4380,2510
TXO,202612,20261216.0,42800.0,Put,-,-,-,-,4260,-,-,0,0,0,0,15,-,-,-
TXO,202612,20261216.0,43000.0,Call,-,-,-,-,5820,-,-,0,0,0,67,5640,5860,7600,1130
TXO,202612,20261216.0,43000.0,Put,-,-,-,-,4360,-,-,2,0,2,71,4210,-,4980,3230
TXO,202612,20261216.0,43200.0,Call,-,-,-,-,5720,-,-,0,0,0,1,5510,-,4670,1400
TXO,202612,20261216.0,43200.0,Put,-,-,-,-,4460,-,-,0,0,0,0,15,-,-,-
TXO,202612,20261216.0,43400.0,Call,-,-,-,-,5630,-,-,0,0,0,3,5390,-,4980,4950
TXO,202612,20261216.0,43400.0,Put,-,-,-,-,4560,-,-,0,0,0,1,4390,-,4970,4970
TXO,202612,20261216.0,43600.0,Call,-,-,-,-,5510,-,-,0,0,0,2,5270,-,4380,950
TXO,202612,20261216.0,43600.0,Put,-,-,-,-,4640,-,-,0,0,0,0,15,-,-,-
TXO,202612,20261216.0,43800.0,Call,-,-,-,-,5400,-,-,0,0,0,7,5220,-,4920,1020
TXO,202612,20261216.0,43800.0,Put,-,-,-,-,4720,-,-,0,0,0,0,15,-,-,-
TXO,202612,20261216.0,44000.0,Call,5230,5230,5230,5230,5280,▼-560,▼-9.67%,0,1,1,4,5120,-,5650,2260
TXO,202612,20261216.0,44000.0,Put,-,-,-,-,4810,-,-,0,0,0,50,4650,-,4440,3440
TXO,202612,20261216.0,44200.0,Call,-,-,-,-,5170,-,-,0,0,0,3,4960,-,4850,600
TXO,202612,20261216.0,44200.0,Put,-,-,-,-,4890,-,-,0,0,0,0,15,-,4310,3650
TXO,202612,20261216.0,44400.0,Call,-,-,-,-,5060,-,-,0,0,0,0,-,-,3740,930
TXO,202612,20261216.0,44400.0,Put,-,-,-,-,4980,-,-,0,0,0,50,4860,-,4660,4110
TXO,202612,20261216.0,44600.0,Call,-,-,-,-,4950,-,-,0,0,0,11,4740,-,5770,890
TXO,202612,20261216.0,44600.0,Put,5010,5030,5010,5030,5070,▲+690,▲+15.90%,0,3,3,5,4950,-,6030,3670
TXO,202612,20261216.0,44800.0,Call,-,-,-,-,4860,-,-,0,0,0,0,-,-,-,-
TXO,202612,20261216.0,44800.0,Put,-,-,-,-,5170,-,-,0,0,0,0,-,-,-,-
TXO,202612,20261216.0,45000.0,Call,4910,4950,4660,4660,4760,▼-590,▼-11.24%,0,21,21,11,4610,-,6250,2600
TXO,202612,20261216.0,45000.0,Put,-,-,-,-,5280,-,-,0,0,0,107,5130,-,6000,4220
TXO,202612,20261216.0,45200.0,Call,4800,4800,4800,4800,4670,▼-330,▼-6.43%,0,2,2,10,4460,-,5870,925
TXO,202612,20261216.0,45200.0,Put,-,-,-,-,5380,-,-,0,0,0,0,-,-,6690,4500
TXO,202612,20261216.0,45400.0,Call,-,-,-,-,4570,-,-,0,0,0,25,4410,-,5690,2770
TXO,202612,20261216.0,45400.0,Put,-,-,-,-,5480,-,-,0,0,0,2,5360,5560,6540,4470
TXO,202612,20261216.0,45600.0,Call,-,-,-,-,4470,-,-,0,0,0,3,4260,-,5600,1070
TXO,202612,20261216.0,45600.0,Put,5600,5600,5600,5600,5580,▲+790,▲+16.42%,0,1,1,2,-,5670,6750,5600
TXO,202612,20261216.0,45800.0,Call,-,-,-,-,4390,-,-,0,0,0,1,-,4430,3070,1980
TXO,202612,20261216.0,45800.0,Put,-,-,-,-,5700,-,-,0,0,0,0,5570,5770,-,-
TXO,202612,20261216.0,46000.0,Call,4260,4260,4260,4260,4310,▼-490,▼-10.32%,0,3,3,208,4260,-,5250,2480
TXO,202612,20261216.0,46000.0,Put,5510,5790,5480,5710,5810,▲+680,▲+13.52%,0,43,43,120,5690,5880,5790,4480
TXO,202612,20261216.0,46200.0,Call,-,-,-,-,4230,-,-,0,0,0,0,-,-,2620,2450
TXO,202612,20261216.0,46200.0,Put,-,-,-,-,5930,-,-,0,0,0,1,-,6030,7260,7260
TXO,202612,20261216.0,46400.0,Call,-,-,-,-,4150,-,-,0,0,0,5,3900,-,5700,1560
TXO,202612,20261216.0,46400.0,Put,-,-,-,-,6050,-,-,0,0,0,0,-,6230,-,-
TXO,202612,20261216.0,46600.0,Call,-,-,-,-,3980,-,-,0,0,0,7,3790,-,5350,1540
TXO,202612,20261216.0,46600.0,Put,-,-,-,-,6080,-,-,0,0,0,0,6040,6210,-,-
TXO,202612,20261216.0,46800.0,Call,-,-,-,-,3900,-,-,0,0,0,1,3700,-,3060,1500
TXO,202612,20261216.0,46800.0,Put,-,-,-,-,6200,-,-,0,0,0,2,6030,6350,7770,7490
TXO,202612,20261216.0,47000.0,Call,-,-,-,-,3820,-,-,0,0,0,2,15,3890,4950,2280
TXO,202612,20261216.0,47000.0,Put,5850,5850,5850,5850,6320,▲+290,▲+5.22%,0,1,1,9,6220,6590,7620,4600
TXO,202612,20261216.0,47200.0,Call,-,-,-,-,3740,-,-,0,0,0,2,3540,-,4090,2100
TXO,202612,20261216.0,47200.0,Put,-,-,-,-,6440,-,-,0,0,0,0,6380,6560,-,-
TXO,202612,20261216.0,47400.0,Call,-,-,-,-,3670,-,-,0,0,0,1,3480,-,5270,2070
TXO,202612,20261216.0,47400.0,Put,-,-,-,-,6560,-,-,0,0,0,1,-,6710,6210,6210
TXO,202612,20261216.0,47600.0,Call,-,-,-,-,3560,-,-,0,0,0,39,1240,3690,4150,1100
TXO,202612,20261216.0,47600.0,Put,-,-,-,-,6650,-,-,0,0,0,0,-,6800,6310,4920
TXO,202612,20261216.0,47800.0,Call,-,-,-,-,3490,-,-,0,0,0,4,15,-,4200,3040
TXO,202612,20261216.0,47800.0,Put,-,-,-,-,6770,-,-,0,0,0,2,6550,6950,5750,4890
TXO,202612,20261216.0,48000.0,Call,3300,3300,3300,3300,3400,▼-520,▼-13.61%,0,1,1,32,3240,-,4900,2060
TXO,202612,20261216.0,48000.0,Put,-,-,-,-,6880,-,-,0,0,0,3,6820,7040,8030,5200
TXO,202612,20261216.0,48200.0,Call,-,-,-,-,3320,-,-,0,0,0,1,15,3440,3960,2250
TXO,202612,20261216.0,48200.0,Put,-,-,-,-,7000,-,-,0,0,0,1,-,7200,5860,5860
TXO,202612,20261216.0,48400.0,Call,-,-,-,-,3250,-,-,0,0,0,0,15,-,2420,2050
TXO,202612,20261216.0,48400.0,Put,-,-,-,-,7130,-,-,0,0,0,0,6920,7380,-,-
TXO,202612,20261216.0,48600.0,Call,-,-,-,-,3180,-,-,0,0,0,0,15,-,4520,3450
TXO,202612,20261216.0,48600.0,Put,-,-,-,-,7250,-,-,0,0,0,0,7150,7570,-,-
TXO,202612,20261216.0,48800.0,Call,-,-,-,-,3100,-,-,0,0,0,0,15,-,-,-
TXO,202612,20261216.0,48800.0,Put,-,-,-,-,7370,-,-,0,0,0,4,7170,7530,8920,6400
TXO,202612,20261216.0,49000.0,Call,2980,2980,2980,2980,3030,▼-440,▼-12.87%,0,1,1,5,2860,-,3800,1600
TXO,202612,20261216.0,49000.0,Put,-,-,-,-,7500,-,-,0,0,0,1,7450,7860,6900,6900
TXO,202612,20261216.0,49200.0,Call,-,-,-,-,2960,-,-,0,0,0,3,15,3090,2390,1570
TXO,202612,20261216.0,49200.0,Put,-,-,-,-,7630,-,-,0,0,0,0,-,7990,-,-
TXO,202612,20261216.0,49400.0,Call,-,-,-,-,2890,-,-,0,0,0,1,2720,-,3760,1490
TXO,202612,20261216.0,49400.0,Put,-,-,-,-,7750,-,-,0,0,0,2,7740,7920,8650,8650
TXO,202612,20261216.0,49600.0,Call,-,-,-,-,2810,-,-,0,0,0,7,2670,-,4250,3610
TXO,202612,20261216.0,49600.0,Put,-,-,-,-,7880,-,-,0,0,0,0,7730,8250,-,-
TXO,202612,20261216.0,49800.0,Call,-,-,-,-,2750,-,-,0,0,0,1,2640,-,2780,1540
TXO,202612,20261216.0,49800.0,Put,-,-,-,-,8020,-,-,0,0,0,0,-,8170,-,-
TXO,202612,20261216.0,50000.0,Call,-,-,-,-,2680,-,-,0,0,0,17,2530,-,4010,1350
TXO,202612,20261216.0,50000.0,Put,-,-,-,-,8150,-,-,0,0,0,0,8040,-,-,-
TXO,202612,20261216.0,50200.0,Call,-,-,-,-,2620,-,-,0,0,0,2,15,2770,3930,3540
TXO,202612,20261216.0,50200.0,Put,-,-,-,-,8290,-,-,0,0,0,0,8100,8660,-,-
TXO,202612,20261216.0,50400.0,Call,-,-,-,-,2560,-,-,0,0,0,44,1260,2670,3700,1250
TXO,202612,20261216.0,50400.0,Put,-,-,-,-,8420,-,-,0,0,0,3,8390,8810,9460,9450
TXO,202612,20261216.0,50600.0,Call,-,-,-,-,2500,-,-,0,0,0,0,15,-,3640,3380
TXO,202612,20261216.0,50600.0,Put,-,-,-,-,8560,-,-,0,0,0,0,8420,8930,-,-
TXO,202612,20261216.0,50800.0,Call,-,-,-,-,2450,-,-,0,0,0,14,15,2580,3320,1770
TXO,202612,20261216.0,50800.0,Put,-,-,-,-,8710,-,-,0,0,0,0,8610,9070,-,-
TXO,202612,20261216.0,51000.0,Call,-,-,-,-,2400,-,-,0,0,0,1,15,2520,2910,2910
TXO,202612,20261216.0,51000.0,Put,-,-,-,-,8850,-,-,0,0,0,0,-,9260,-,-
TXO,202612,20261216.0,51200.0,Call,-,-,-,-,2350,-,-,0,0,0,0,15,-,-,-
TXO,202612,20261216.0,51200.0,Put,-,-,-,-,9000,-,-,0,0,0,0,-,9400,-,-
TXO,202612,20261216.0,51400.0,Call,-,-,-,-,2300,-,-,0,0,0,0,15,-,-,-
TXO,202612,20261216.0,51400.0,Put,-,-,-,-,9140,-,-,0,0,0,0,-,9300,-,-
TXO,202612,20261216.0,51600.0,Call,-,-,-,-,2250,-,-,0,0,0,0,15,-,-,-
TXO,202612,20261216.0,51600.0,Put,-,-,-,-,9290,-,-,0,0,0,0,9150,-,-,-
TXO,202612,20261216.0,51800.0,Call,-,-,-,-,2200,-,-,0,0,0,0,15,-,-,-
TXO,202612,20261216.0,51800.0,Put,-,-,-,-,9440,-,-,0,0,0,0,9250,9800,-,-
TXO,202612,20261216.0,52000.0,Call,-,-,-,-,2150,-,-,0,0,0,7,1980,-,3380,1880
TXO,202612,20261216.0,52000.0,Put,-,-,-,-,9590,-,-,0,0,0,0,-,9980,-,-
TXO,202612,20261216.0,52200.0,Call,-,-,-,-,2100,-,-,0,0,0,0,15,-,-,-
TXO,202612,20261216.0,52200.0,Put,-,-,-,-,9740,-,-,0,0,0,0,9550,10100,-,-
TXO,202612,20261216.0,52400.0,Call,-,-,-,-,2060,-,-,0,0,0,8,1780,2140,2280,1750
TXO,202612,20261216.0,52400.0,Put,-,-,-,-,9900,-,-,0,0,0,4,9750,10020,8790,8780
TXO,202612,20261216.0,52600.0,Call,-,-,-,-,2010,-,-,0,0,0,0,15,-,-,-
TXO,202612,20261216.0,52600.0,Put,-,-,-,-,10040,-,-,0,0,0,0,9850,10390,-,-
TXO,202612,20261216.0,52800.0,Call,-,-,-,-,1960,-,-,0,0,0,3,1780,-,2770,1660
TXO,202612,20261216.0,52800.0,Put,-,-,-,-,10190,-,-,0,0,0,0,10060,10310,-,-
TXO,202612,20261216.0,53000.0,Call,-,-,-,-,1910,-,-,0,0,0,2,1710,-,2970,2070
TXO,202612,20261216.0,53000.0,Put,-,-,-,-,10340,-,-,0,0,0,0,10310,10750,-,-
TXO,202612,20261216.0,53200.0,Call,-,-,-,-,1870,-,-,0,0,0,11,1690,-,2900,1700
TXO,202612,20261216.0,53200.0,Put,-,-,-,-,10500,-,-,0,0,0,0,10320,10900,-,-
TXO,202612,20261216.0,53400.0,Call,-,-,-,-,1820,-,-,0,0,0,3,15,-,1500,1500
TXO,202612,20261216.0,53400.0,Put,-,-,-,-,10640,-,-,0,0,0,0,10470,11030,-,-
TXO,202612,20261216.0,53600.0,Call,-,-,-,-,1780,-,-,0,0,0,0,15,-,-,-
TXO,202612,20261216.0,53600.0,Put,-,-,-,-,10800,-,-,0,0,0,0,10630,11200,-,-
TXO,202612,20261216.0,53800.0,Call,1790,1790,1790,1790,1740,▼-180,▼-9.14%,0,1,1,1,1530,-,2640,1790
TXO,202612,20261216.0,53800.0,Put,-,-,-,-,10960,-,-,0,0,0,0,10850,11360,-,-
TXO,202612,20261216.0,54000.0,Call,-,-,-,-,1690,-,-,0,0,0,3,1500,-,2640,1450
TXO,202612,20261216.0,54000.0,Put,-,-,-,-,11110,-,-,0,0,0,0,10950,11410,-,-
TXO,202612,20261216.0,54200.0,Call,-,-,-,-,1650,-,-,0,0,0,0,15,-,-,-
TXO,202612,20261216.0,54200.0,Put,-,-,-,-,11270,-,-,0,0,0,0,-,11680,-,-
TXO,202612,20261216.0,54400.0,Call,-,-,-,-,1600,-,-,0,0,0,3,15,1690,2050,2050
TXO,202612,20261216.0,54400.0,Put,-,-,-,-,11420,-,-,0,0,0,0,11270,-,-,-
TXO,202612,20261216.0,54600.0,Call,-,-,-,-,1560,-,-,0,0,0,1,1380,-,1420,1420
TXO,202612,20261216.0,54600.0,Put,-,-,-,-,11580,-,-,0,0,0,0,-,-,-,-
TXO,202612,20261216.0,54800.0,Call,-,-,-,-,1530,-,-,0,0,0,9,1450,1620,2450,1540
TXO,202612,20261216.0,54800.0,Put,-,-,-,-,11740,-,-,0,0,0,0,-,12160,-,-
TXO,202612,20261216.0,55000.0,Call,1600,1600,1600,1600,1490,▲+30,▲+1.91%,0,1,1,2,1330,-,2110,1600
TXO,202612,20261216.0,55000.0,Put,-,-,-,-,11910,-,-,0,0,0,0,-,-,-,-
TXO,202612,20261216.0,55200.0,Call,-,-,-,-,1450,-,-,0,0,0,1,1280,1550,1500,1500
TXO,202612,20261216.0,55200.0,Put,-,-,-,-,12060,-,-,0,0,0,0,-,12190,-,-
TXO,202612,20261216.0,55400.0,Call,-,-,-,-,1420,-,-,0,0,0,1,1270,-,1400,1400
TXO,202612,20261216.0,55400.0,Put,-,-,-,-,12230,-,-,0,0,0,0,-,-,-,-
TXO,202612,20261216.0,55600.0,Call,-,-,-,-,1380,-,-,0,0,0,0,100,-,-,-
TXO,202612,20261216.0,55600.0,Put,-,-,-,-,12390,-,-,0,0,0,0,-,-,-,-
TXO,202612,20261216.0,55800.0,Call,1380,1440,1270,1270,1320,▼-180,▼-12.41%,0,14,14,40,1240,1340,2090,1200
TXO,202612,20261216.0,55800.0,Put,-,-,-,-,12520,-,-,0,0,0,0,-,-,-,-
