" "," ","#","個股代號/名稱","類別","前二月","前一月","本  月","走 勢","總增減"," ","前二月","前一月","本  月","走 勢","總增減","今日收盤價","今日漲跌"," "
" "," ","","1101台泥","水泥","7.94","8.1","8.17","50","0.23"," ","613,954","625,627","631,370","50","17,416","24.15","-0.20"," "
" "," ","","1102亞泥","水泥","26.19","26.19","26.19","32","0.00"," ","929,011","929,011","929,011","32","0","35.70","-0.65"," "
" "," ","","1103嘉泥","水泥","17.4","17.4","16.51","20","-0.89"," ","137,537","137,537","137,537","32","0","13.65","-0.10"," "
" "," ","","1104環泥","水泥","25.19","25.19","4.57","20","-20.62"," ","172,995","172,995","31,446","20","-141,549","28.95","-0.05"," "
" "," ","","1108幸福","水泥","3.95","3.95","3.95","32","0.00"," ","16,005","16,005","16,005","32","0","13.80","-0.10"," "
" "," ","","1109信大","水泥","35.02","35.02","35.02","32","0.00"," ","119,485","119,485","119,485","32","0","14.40","-0.10"," "
" "," ","","1110東泥","水泥","31.4","31.4","31.4","32","0.00"," ","179,633","179,633","179,633","32","0","15.55","0.05"," "
" "," ","","1201味全","食品","14.55","14.55","14.55","32","0.00"," ","73,648","73,648","73,648","32","0","12.35","-0.10"," "
" "," ","","1203味王","食品","33.29","33.29","33.34","41","0.05"," ","79,915","79,915","80,029","41","114","43.45","0.65"," "
" "," ","","1210大成","食品","17.74","17.74","17.74","32","0.00"," ","158,764","158,764","158,764","32","0","54.60","-0.10"," "
" "," ","","1213大飲","食品","28.14","28.14","28.14","32","0.00"," ","15,935","15,935","15,935","32","0","8.09","0.09"," "
" "," ","","1215卜蜂","食品","28.38","28.38","28.38","32","0.00"," ","83,677","83,677","83,677","32","0","116.00","1.00"," "
" "," ","","1216統一","食品","9.88","9.88","9.88","32","0.00"," ","561,746","561,746","561,796","41","50","75.10","0.80"," "
" "," ","","1217愛之味","食品","12.74","12.74","12.74","32","0.00"," ","63,010","63,010","63,010","32","0","9.85","-0.04"," "
" "," ","","1218泰山","食品","11.65","11.65","11.65","32","0.00"," ","58,279","58,279","58,279","32","0","17.85","0.05"," "
" "," ","","1219福壽","食品","9.91","9.91","9.54","20","-0.37"," ","33,848","33,848","32,586","20","-1,262","12.45","-0.05"," "
" "," ","","1220台榮","食品","23.33","23.33","23.33","32","0.00"," ","41,318","41,318","41,318","32","0","11.70","0.00"," "
" "," ","","1225福懋油","食品","14.97","2.53","2.53","21","-12.44"," ","36,271","6,130","6,130","21","-30,141","30.00","-1.05"," "
" "," ","","1227佳格","食品","3.2","3.2","3.2","32","0.00"," ","29,320","29,320","29,320","32","0","29.15","0.05"," "
" "," ","","1229聯華","食品","24.16","24.16","24.16","32","0.00"," ","433,995","433,995","433,995","32","0","41.70","0.50"," "
" "," ","","1231聯華食","食品","21.21","21.21","21.21","32","0.00"," ","63,328","63,328","63,305","20","-23","88.00","1.20"," "
" "," ","","1232大統益","食品","61.02","60.96","60.88","10","-0.14"," ","97,624","97,532","97,402","10","-222","142.00","0.00"," "
" "," ","","1233天仁","食品","11.85","11.85","13.16","41","1.31"," ","10,740","10,740","11,931","41","1,191","28.10","0.15"," "
" "," ","","1234黑松","食品","13.15","13.13","13.14","31","-0.01"," ","52,866","52,801","52,811","31","-55","34.95","0.00"," "
" "," ","","1235興泰","食品","31.46","31.46","31.46","32","0.00"," ","59,330","59,330","59,330","32","0","37.50","0.75"," "
" "," ","","1236宏亞","食品","16.74","16.74","16.74","32","0.00"," ","14,512","14,512","14,512","32","0","25.85","0.00"," "
" "," ","","1256鮮活果汁-KY","食品","48.34","48.34","48.12","20","-0.22"," ","17,296","17,296","17,216","20","-80","180.00","-1.00"," "
" "," ","","1301台塑","塑膠","14.46","14.46","14.46","32","0.00"," ","920,748","920,748","920,708","20","-40","49.55","-2.85"," "
" "," ","","1303南亞","塑膠","18.19","18.19","18.19","32","0.00"," ","1,443,156","1,443,156","1,443,156","32","0","154.50","2.00"," "
" "," ","","1304台聚","塑膠","24.41","24.41","24.41","32","0.00"," ","290,242","290,242","290,242","32","0","12.80","-0.90"," "
" "," ","","1305華夏","塑膠","33.13","33.13","33.13","32","0.00"," ","192,516","192,516","192,516","32","0","12.65","-0.75"," "
" "," ","","1307三芳","塑膠","9.47","9.47","9.47","32","0.00"," ","37,693","37,693","37,693","32","0","35.05","-1.35"," "
" "," ","","1308亞聚","塑膠","38.78","38.78","38.78","32","0.00"," ","230,271","230,271","230,271","32","0","13.60","-0.55"," "
" "," ","","1309台達化","塑膠","39.37","39.37","39.37","32","0.00"," ","156,534","156,534","156,534","32","0","14.40","-0.65"," "
" "," ","","1310台苯","塑膠","4.89","4.89","4.89","32","0.00"," ","25,846","25,846","25,846","32","0","9.73","-0.42"," "
" "," ","","1312國喬","塑膠","6.29","6.29","6.29","32","0.00"," ","70,962","70,962","70,962","32","0","13.80","-0.20"," "
" "," ","","1313聯成","塑膠","34.11","34.11","34.13","41","0.02"," ","454,065","454,065","454,265","41","200","11.45","-0.60"," "
" "," ","","1314中石化","塑膠","6.9","6.9","6.9","32","0.00"," ","261,365","261,365","261,365","32","0","7.85","-0.19"," "
" "," ","","1315達新","塑膠","19.82","19.82","19.82","32","0.00"," ","19,651","19,651","19,651","32","0","62.40","0.20"," "
" "," ","","1316上曜","營建","5.34","5","5","21","-0.34"," ","20,083","20,083","20,083","32","0","10.30","-0.20"," "
" "," ","","1319東陽","汽車","18.38","18.38","18.38","32","0.00"," ","108,725","108,725","108,725","32","0","79.40","-5.40"," "
" "," ","","1321大洋","塑膠","5.88","5.88","5.88","32","0.00"," ","13,376","13,376","13,376","32","0","30.55","-0.60"," "
" "," ","","1323永裕","塑膠","13.67","13.67","13.67","32","0.00"," ","12,482","12,482","12,482","32","0","19.85","-0.15"," "
" "," ","","1324地球","塑膠","8.05","8.05","8.05","32","0.00"," ","6,051","6,051","6,051","32","0","10.35","-0.10"," "
" "," ","","1325恆大","塑膠","28.93","28.93","28.93","32","0.00"," ","24,680","24,680","24,680","32","0","25.75","0.15"," "
" "," ","","1326台化","塑膠","5.69","5.69","5.69","32","0.00"," ","334,065","334,065","334,065","32","0","53.10","-3.10"," "
" "," ","","1337再生-KY","塑膠","14.45","14.45","14.45","32","0.00"," ","38,888","38,888","38,888","32","0","4.96","-0.09"," "
" "," ","","1338廣華-KY","汽車","18.3","18.3","18.3","32","0.00"," ","15,344","15,346","15,346","40","2","16.75","-0.45"," "
" "," ","","1339昭輝","汽車","46.61","47.1","47.64","50","1.03"," ","34,556","34,914","35,314","50","758","43.80","0.20"," "
" "," ","","1340勝悅-KY","塑膠","0","0","0","32","0.00"," ","0","0","0","32","0","5.47","-0.19"," "
" "," ","","1341富林-KY","塑膠","0.81","0.81","0.81","32","0.00"," ","432","432","432","32","0","59.00","0.00"," "
" "," ","","1342八貫","其他","17.27","17.27","17.27","32","0.00"," ","13,475","13,475","13,475","32","0","117.00","0.00"," "
" "," ","","1402遠東新","紡織","26.21","26.21","26.22","41","0.01"," ","1,403,457","1,403,457","1,403,657","41","200","28.65","-0.15"," "
" "," ","","1409新纖","紡織","5.54","5.54","5.53","20","-0.01"," ","89,720","89,720","89,660","20","-60","28.55","0.40"," "
" "," ","","1410南染","紡織","20.38","20.38","20.38","32","0.00"," ","12,637","12,637","12,637","32","0","24.65","-0.05"," "
" "," ","","1413宏洲","紡織","33.55","33.55","33.55","32","0.00"," ","44,332","44,332","44,332","32","0","9.35","-0.03"," "
" "," ","","1414東和","紡織","18.27","18.27","18.32","41","0.05"," ","36,192","36,192","36,292","41","100","17.45","-0.10"," "
" "," ","","1416廣豐","其他","6.03","6.03","6.03","32","0.00"," ","11,188","11,188","11,188","32","0","10.90","-0.05"," "
" "," ","","1417嘉裕","紡織","12.65","12.65","12.65","32","0.00"," ","24,032","24,032","24,032","32","0","8.37","-0.06"," "
" "," ","","1418東華","紡織","45.21","45.21","45.21","32","0.00"," ","25,696","25,696","25,696","32","0","18.00","0.00"," "
" "," ","","1419新紡","紡織","8.42","8.42","8.42","32","0.00"," ","25,265","25,265","25,265","32","0","66.50","0.30"," "
" "," ","","1423利華","紡織","27.5","27.5","27.51","41","0.01"," ","27,410","27,410","27,418","41","8","38.60","-0.05"," "
" "," ","","1432大魯閣","運動","9.18","9.18","9.18","32","0.00"," ","9,921","9,921","9,921","32","0","15.85","0.00"," "
" "," ","","1434福懋","紡織","38.56","38.56","38.56","32","0.00"," ","649,761","649,761","649,761","32","0","16.60","-0.30"," "
" "," ","","1435中福","其他","0.06","0.06","0.06","32","0.00"," ","88","88","88","32","0","17.05","1.55"," "
" "," ","","1436華友聯","營建","14.03","14.03","14.03","32","0.00"," ","27,253","27,253","27,253","32","0","45.35","-0.35"," "
" "," ","","1437勤益控","其他","2.32","2.32","2.32","32","0.00"," ","4,694","4,694","4,694","32","0","30.05","0.30"," "
" "," ","","1438三地開發","營建","7.55","7.55","7.55","32","0.00"," ","8,404","8,404","8,404","32","0","21.30","0.15"," "
" "," ","","1439雋揚","營建","10.38","10.38","10.38","32","0.00"," ","9,554","9,554","9,554","32","0","24.25","-0.05"," "
" "," ","","1440南紡","紡織","17.84","17.84","17.84","32","0.00"," ","295,634","295,634","295,634","32","0","13.40","-0.10"," "
" "," ","","1441大東","紡織","35.91","35.91","35.91","32","0.00"," ","25,765","25,765","25,765","32","0","9.07","-0.05"," "
" "," ","","1442名軒","營建","4.22","4.22","4.22","32","0.00"," ","15,477","15,477","15,477","32","0","27.35","-0.05"," "
" "," ","","1443立益物流","其他","21.05","21.07","21.13","50","0.08"," ","28,494","28,528","28,604","50","110","27.35","-0.10"," "
" "," ","","1444力麗","紡織","19.96","19.96","19.96","32","0.00"," ","198,766","198,766","198,766","32","0","6.92","-0.09"," "
" "," ","","1445大宇","紡織","27.08","27.08","27.08","32","0.00"," ","35,396","35,396","35,396","32","0","10.65","-0.05"," "
" "," ","","1446宏和","紡織","9.41","9.41","9.41","32","0.00"," ","12,960","12,960","12,960","32","0","16.70","0.15"," "
" "," ","","1447力鵬","紡織","25.61","25.61","27.2","41","1.59"," ","233,120","233,120","247,582","41","14,462","6.07","0.05"," "
" "," ","","1449佳和","紡織","9.55","9.45","9.42","10","-0.13"," ","12,147","12,021","11,985","10","-162","15.00","0.65"," "
" "," ","","1451年興","紡織","19.27","19.27","19.27","32","0.00"," ","38,170","38,170","38,170","32","0","16.80","0.05"," "
" "," ","","1452宏益","紡織","8.21","8.21","8.21","32","0.00"," ","10,892","10,892","10,892","32","0","10.95","0.00"," "
" "," ","","1453大將","營建","19.67","19.67","19.67","32","0.00"," ","22,275","22,275","22,275","32","0","11.55","-0.10"," "
" "," ","","1454台富","紡織","29.89","29.89","29.89","32","0.00"," ","38,816","38,816","38,816","32","0","12.90","-0.05"," "
" "," ","","1455集盛","紡織","16.4","16.69","16.85","50","0.45"," ","87,234","88,766","89,597","50","2,363","9.40","-0.36"," "
" "," ","","1456怡華","營建","47.63","47.5","47.44","10","-0.19"," ","44,644","44,521","44,464","10","-180","15.00","-0.60"," "
" "," ","","1457宜進","紡織","9.41","9.41","9.41","32","0.00"," ","29,826","29,826","29,826","32","0","14.15","-0.05"," "
" "," ","","1459聯發","紡織","17.5","17.5","17.69","41","0.19"," ","62,776","62,776","63,449","41","673","11.80","0.10"," "
" "," ","","1460宏遠","紡織","26.89","26.89","26.89","32","0.00"," ","186,791","186,791","186,791","32","0","7.04","-0.11"," "
" "," ","","1463強盛新","紡織","16","17.03","17.03","40","1.03"," ","27,736","29,522","29,522","40","1,786","17.35","-0.10"," "
" "," ","","1464得力","紡織","9.38","9.38","9.38","32","0.00"," ","39,929","39,929","39,929","32","0","10.15","-0.05"," "
" "," ","","1465偉全","紡織","21.34","21.34","21.34","32","0.00"," ","22,120","22,120","22,120","32","0","12.45","0.05"," "
" "," ","","1466聚隆","紡織","23.96","23.96","23.96","32","0.00"," ","26,635","26,635","26,635","32","0","14.40","-0.25"," "
" "," ","","1467南緯","紡織","34.21","34.21","34.21","32","0.00"," ","79,928","79,928","79,928","32","0","7.11","-0.04"," "
" "," ","","1468昶和","紡織","30.29","30.29","30.29","32","0.00"," ","48,602","48,602","48,602","32","0","11.95","0.00"," "
" "," ","","1470大統新創","紡織","13.75","13.75","13.75","32","0.00"," ","11,795","11,799","11,799","40","4","22.65","0.25"," "
" "," ","","1471首利","電子零組件","12.74","12.74","12.74","32","0.00"," ","19,173","19,173","19,173","32","0","10.90","-0.25"," "
" "," ","","1472三洋實業","營建","32.97","32.97","32.97","32","0.00"," ","17,308","17,308","17,308","32","0","89.00","0.40"," "
" "," ","","1473台南","紡織","21.8","21.8","20.99","20","-0.81"," ","31,867","31,868","30,679","30","-1,188","19.85","0.00"," "
" "," ","","1474弘裕","紡織","18.67","18.67","18.67","32","0.00"," ","24,254","24,254","24,254","32","0","10.15","0.00"," "
" "," ","","1475業旺","紡織","47.84","47.84","47.84","32","0.00"," ","31,588","31,588","31,588","32","0","27.30","0.35"," "
" "," ","","1476儒鴻","紡織","11.09","11.09","11.09","32","0.00"," ","30,430","30,430","30,430","32","0","312.50","-4.50"," "
" "," ","","1477聚陽","紡織","7.45","7.47","9.78","50","2.33"," ","18,379","18,432","24,144","50","5,765","215.00","1.50"," "
" "," ","","1503士電","電機","26.69","26.69","26.69","32","0.00"," ","139,061","139,061","139,061","32","0","242.00","-3.00"," "
" "," ","","1504東元","電機","5.56","5.56","5.56","32","0.00"," ","132,366","132,366","132,366","32","0","72.20","0.00"," "
" "," ","","1506正道","電機","30.36","30.36","30.36","32","0.00"," ","91,200","91,200","91,200","32","0","10.10","-0.10"," "
" "," ","","1512瑞利","汽車","13.88","13.88","13.88","32","0.00"," ","13,634","13,634","13,634","32","0","6.76","-0.17"," "
" "," ","","1513中興電","電機","10.57","10.57","10.57","32","0.00"," ","53,212","53,212","53,212","32","0","182.00","1.00"," "
" "," ","","1514亞力","電機","12.97","12.95","12.92","10","-0.05"," ","35,426","35,381","35,291","10","-135","127.00","0.00"," "
" "," ","","1515力山","電機","16.45","16.45","16.46","41","0.01"," ","29,855","29,855","29,885","41","30","26.80","-0.60"," "
" "," ","","1516川飛","其他","13.82","13.82","13.82","32","0.00"," ","5,531","5,531","5,531","32","0","19.85","-0.55"," "
" "," ","","1517利奇","電機","10.9","10.9","10.9","32","0.00"," ","23,983","23,983","23,983","32","0","10.45","-0.05"," "
" "," ","","1519華城","電機","15.36","15.36","15.36","32","0.00"," ","48,530","48,530","48,530","32","0","813.00","-18.00"," "
" "," ","","1521大億","汽車","59.82","59.82","59.82","32","0.00"," ","45,602","45,602","45,602","32","0","26.40","-0.15"," "
" "," ","","1522堤維西","汽車","8.43","8.43","8.43","32","0.00"," ","28,930","28,930","28,930","32","0","30.45","-0.90"," "
" "," ","","1524耿鼎","汽車","26.69","26.69","26.69","32","0.00"," ","44,130","44,130","44,130","32","0","28.95","-0.75"," "
" "," ","","1525江申","汽車","76.82","76.82","76.82","32","0.00"," ","56,391","56,391","56,391","32","0","65.80","-0.20"," "
" "," ","","1526日馳","電機","27.95","27.95","27.95","32","0.00"," ","16,771","16,771","16,771","32","0","14.40","-0.20"," "
" "," ","","1527鑽全","電機","14.01","14.06","14.21","50","0.20"," ","19,417","19,487","19,704","50","287","33.05","-0.05"," "
" "," ","","1528恩德","電機","6.63","6.63","6.63","32","0.00"," ","12,700","12,700","12,700","32","0","24.90","-0.65"," "
" "," ","","1529樂事綠能","電機","12.27","12.27","12.27","32","0.00"," ","19,043","19,043","19,043","32","0","22.95","0.25"," "
" "," ","","1530亞崴","電機","50.84","50.84","50.84","32","0.00"," ","48,092","48,092","48,093","41","1","28.95","-0.90"," "
" "," ","","1531高林股","電機","25.17","25.17","25.17","32","0.00"," ","45,850","45,850","45,850","32","0","12.90","0.00"," "
" "," ","","1532勤美","電機","22.74","22.85","23.04","50","0.30"," ","96,140","96,596","97,383","50","1,243","23.05","-0.25"," "
" "," ","","1533車王電","汽車","31.28","31.28","31.28","32","0.00"," ","30,835","30,835","30,835","32","0","36.70","-1.45"," "
" "," ","","1535中宇","電機","59.96","59.96","57.53","20","-2.43"," ","74,204","74,204","71,199","20","-3,005","50.00","-0.30"," "
" "," ","","1536和大","汽車","11.79","11.79","16.02","41","4.23"," ","32,893","32,893","44,716","41","11,823","49.00","-2.60"," "
" "," ","","1537廣隆","電機","10.38","10.39","10.39","40","0.01"," ","8,523","8,534","8,534","40","11","125.50","-1.50"," "
" "," ","","1538正峰","電機","54.72","54.72","54.72","32","0.00"," ","17,675","17,675","17,675","32","0","11.80","0.40"," "
" "," ","","1539巨庭","電機","14.9","14.9","14.9","32","0.00"," ","9,742","9,742","9,742","32","0","15.65","-0.15"," "
" "," ","","1540喬福","電機","20.88","20.9","20.91","50","0.03"," ","17,850","17,870","17,876","50","26","21.85","-0.15"," "
" "," ","","1541錩泰","電機","31.97","31.97","31.97","32","0.00"," ","25,194","25,194","25,194","32","0","21.85","-0.25"," "
" "," ","","1558伸興","電機","9.85","9.75","9.75","21","-0.10"," ","6,357","6,294","6,294","21","-63","91.20","0.00"," "
" "," ","","1560中砂","電機","14.46","14.37","14.32","10","-0.14"," ","21,546","21,528","21,492","10","-54","705.00","-8.00"," "
" "," ","","1563巧新","汽車","6.27","6.45","6.89","50","0.62"," ","14,491","14,895","15,559","50","1,069","69.70","3.50"," "
" "," ","","1568倉佑","汽車","15.8","15.8","15.8","32","0.00"," ","16,297","16,297","16,297","32","0","44.85","1.55"," "
" "," ","","1582信錦","電子零組件","12.73","12.73","12.73","32","0.00"," ","18,377","18,377","18,377","32","0","90.50","-3.40"," "
" "," ","","1583程泰","電機","10.01","10.01","9.93","20","-0.08"," ","10,957","10,958","10,873","30","-84","50.70","-0.20"," "
" "," ","","1587吉茂","汽車","25.86","25.86","25.86","32","0.00"," ","20,710","20,710","20,710","32","0","27.60","-0.30"," "
" "," ","","1589永冠-KY","電機","7.83","7.83","7.83","32","0.00"," ","11,993","11,993","11,993","32","0","",""," "
" "," ","","1590亞德客-KY","電機","3.78","3.66","3.57","10","-0.21"," ","7,561","7,321","7,141","10","-420","1375.00","-20.00"," "
" "," ","","1597直得","電機","15.13","15.13","15.41","41","0.28"," ","13,507","13,507","13,757","41","249","154.00","-3.50"," "
" "," ","","1598岱宇","運動","9.97","9.97","8.29","20","-1.68"," ","17,866","17,866","14,865","20","-3,001","19.70","-0.15"," "
" "," ","","1603華電","電器電纜","7.92","7.92","7.92","32","0.00"," ","15,200","15,200","15,200","32","0","31.15","-0.40"," "
" "," ","","1604聲寶","電器電纜","5.52","5.52","5.52","32","0.00"," ","21,228","21,228","21,228","32","0","23.10","-0.05"," "
" "," ","","1605華新","電器電纜","10.79","10.79","9.92","20","-0.87"," ","478,359","478,359","439,670","20","-38,689","37.80","-2.95"," "
" "," ","","1608華榮","電器電纜","33.58","33.58","33.58","32","0.00"," ","212,501","212,501","212,501","32","0","34.45","-0.75"," "
" "," ","","1609大亞","電器電纜","4.86","4.86","4.86","32","0.00"," ","38,185","38,185","38,176","20","-9","37.15","0.00"," "
" "," ","","1611中電","電器電纜","6.13","6.13","6.13","32","0.00"," ","19,801","19,801","19,801","32","0","13.20","-0.20"," "
" "," ","","1612宏泰","電器電纜","12.59","12.59","12.59","32","0.00"," ","39,812","39,812","39,812","32","0","37.60","-0.65"," "
" "," ","","1614三洋電","電器電纜","33.4","33.4","33.4","32","0.00"," ","89,890","89,890","89,890","32","0","31.75","-0.05"," "
" "," ","","1615大山","電器電纜","18.42","18.42","18.42","32","0.00"," ","36,226","36,226","36,226","32","0","45.00","-0.15"," "
" "," ","","1616億泰","電器電纜","10.7","10.7","10.7","32","0.00"," ","20,774","20,774","20,774","32","0","21.85","-0.40"," "
" "," ","","1617榮星","電器電纜","42.02","42.02","42.02","32","0.00"," ","71,231","71,231","71,231","32","0","15.80","-0.15"," "
" "," ","","1618合機","電器電纜","35.83","35.83","35.83","32","0.00"," ","69,061","69,061","69,061","32","0","41.85","-0.50"," "
" "," ","","1623大東電","電器電纜","40.82","40.82","40.82","32","0.00"," ","26,947","26,947","26,947","32","0","214.00","-4.50"," "
" "," ","","1626艾美特-KY","電器電纜","7.72","7.72","7.72","32","0.00"," ","11,574","11,574","11,574","32","0","9.77","0.03"," "
" "," ","","1702南僑","食品","17.61","17.61","17.61","32","0.00"," ","51,817","51,817","51,817","32","0","31.50","0.05"," "
" "," ","","1707葡萄王","生技醫療業","16.28","16.28","16.28","32","0.00"," ","24,120","24,120","24,122","41","2","97.30","-1.40"," "
" "," ","","1708東鹼","化學","11.89","11.89","11.89","32","0.00"," ","29,615","29,615","29,615","32","0","49.35","-2.25"," "
" "," ","","1709和益","化學","18.48","18.48","18.48","32","0.00"," ","88,180","88,180","88,180","32","0","21.15","-0.35"," "
" "," ","","1710東聯","化學","10.06","10.06","10.06","32","0.00"," ","89,184","89,184","89,184","32","0","13.50","-0.65"," "
" "," ","","1711永光","化學","18.25","18.23","18.22","10","-0.03"," ","99,988","99,888","99,838","10","-150","47.00","-2.55"," "
" "," ","","1712興農","化學","19.74","19.74","19.15","20","-0.59"," ","83,011","83,011","80,545","20","-2,467","38.95","-0.10"," "
" "," ","","1713國化","化學","23.7","23.7","23.7","32","0.00"," ","35,784","35,784","35,784","32","0","50.10","0.00"," "
" "," ","","1714和桐","化學","10.69","10.69","10.69","32","0.00"," ","106,113","106,113","106,113","32","0","17.85","-0.50"," "
" "," ","","1717長興","化學","14.39","14.38","14.38","21","-0.01"," ","168,692","168,672","168,652","10","-40","71.70","-3.00"," "
" "," ","","1718中纖","化學","5.71","5.71","5.71","32","0.00"," ","96,323","96,323","96,323","32","0","9.25","-0.53"," "
" "," ","","1720生達","生技醫療業","14.89","14.89","14.89","32","0.00"," ","26,608","26,608","26,608","32","0","62.80","0.20"," "
" "," ","","1721三晃","化學","9.36","9.36","9.36","32","0.00"," ","17,314","17,314","17,314","32","0","24.50","-1.65"," "
" "," ","","1722台肥","化學","24.07","24.07","24.07","32","0.00"," ","235,888","235,888","235,888","32","0","47.60","-0.40"," "
" "," ","","1723中碳","化學","33.99","33.99","33.99","32","0.00"," ","80,546","80,546","80,546","32","0","87.30","-2.20"," "
" "," ","","1725元禎","化學","11.45","11.45","11.45","32","0.00"," ","20,827","20,827","20,827","32","0","37.05","-4.10"," "
" "," ","","1726永記","化學","21.07","21.07","21.07","32","0.00"," ","34,145","34,145","34,145","32","0","79.20","1.10"," "
" "," ","","1727中華化","化學","19.06","19.06","19.06","32","0.00"," ","24,401","24,401","24,401","32","0","96.50","-5.50"," "
" "," ","","1730花仙子","化學","38.35","38.35","38.35","32","0.00"," ","24,251","24,251","24,251","32","0","53.50","0.20"," "
" "," ","","1731美吾華","生技醫療業","29.89","29.89","29.89","32","0.00"," ","39,739","39,739","39,739","32","0","21.75","0.05"," "
" "," ","","1732毛寶","化學","33.46","33.46","33.46","32","0.00"," ","14,206","14,206","14,206","32","0","26.30","0.00"," "
" "," ","","1733五鼎","生技醫療業","26.89","27.36","27.54","50","0.65"," ","26,877","27,352","27,533","50","656","29.10","-0.30"," "
" "," ","","1734杏輝","生技醫療業","16.48","16.49","16.49","40","0.01"," ","31,360","31,376","31,376","40","16","31.85","-0.25"," "
" "," ","","1735日勝化","化學","58.94","58.94","58.94","32","0.00"," ","58,584","58,584","58,584","32","0","22.55","-0.65"," "
" "," ","","1736喬山","運動","68.02","68.02","68.02","32","0.00"," ","206,396","206,396","206,396","32","0","114.00","-2.00"," "
" "," ","","1737臺鹽","食品","44.28","44.28","44.28","32","0.00"," ","88,564","88,564","88,564","32","0","31.80","0.05"," "
" "," ","","1752南光","生技醫療業","10.18","10.18","10.09","20","-0.09"," ","10,290","10,290","10,190","20","-100","32.70","0.00"," "
" "," ","","1760寶齡富錦","生技醫療業","18.66","18.63","18.63","21","-0.03"," ","16,004","15,980","15,973","10","-31","60.90","0.70"," "
" "," ","","1762中化生","生技醫療業","30.24","30.24","30.24","32","0.00"," ","23,267","23,267","23,267","32","0","37.50","1.70"," "
" "," ","","1773勝一","化學","42.29","42.29","30.92","20","-11.37"," ","126,895","126,895","92,780","20","-34,114","174.00","-4.50"," "
" "," ","","1776展宇","化學","9.31","9.31","9.31","32","0.00"," ","5,602","5,602","5,602","32","0","19.20","0.00"," "
" "," ","","1783和康生","生技醫療業","41.31","41.37","41.48","50","0.17"," ","37,062","37,109","37,209","50","147","38.60","0.05"," "
" "," ","","1786科妍","生技醫療業","11","11","11","32","0.00"," ","8,234","8,234","8,234","32","0","52.90","-0.10"," "
" "," ","","1789神隆","生技醫療業","64.39","64.39","64.39","32","0.00"," ","509,202","509,202","509,202","32","0","20.25","-0.15"," "
" "," ","","1795美時","生技醫療業","37.17","37.17","37.17","32","0.00"," ","99,209","99,209","99,209","32","0","190.50","-1.00"," "
" "," ","","1802台玻","玻璃","30.08","30.08","30.08","32","0.00"," ","874,951","874,951","874,951","32","0","69.90","-6.70"," "
" "," ","","1805寶徠","營建","30.3","30.3","30.3","32","0.00"," ","40,906","40,906","40,906","32","0","10.35","0.00"," "
" "," ","","1806冠軍","玻璃","7.7","7.7","7.7","32","0.00"," ","30,066","30,066","30,066","32","0","8.18","-0.03"," "
" "," ","","1808潤隆","營建","3.92","3.92","3.92","32","0.00"," ","35,040","35,040","35,040","32","0","30.00","-0.60"," "
" "," ","","1809中釉","玻璃","13.37","13.37","13.37","32","0.00"," ","22,334","22,334","22,334","32","0","53.90","-2.60"," "
" "," ","","1810和成","玻璃","5.36","5.36","5.36","32","0.00"," ","16,213","16,213","16,213","32","0","20.05","-1.30"," "
" "," ","","1817凱撒衛","玻璃","30.15","30.15","30.15","32","0.00"," ","21,891","21,891","21,891","32","0","40.45","0.00"," "
" "," ","","1903士紙","造紙","7.79","7.79","7.79","32","0.00"," ","20,281","20,281","20,281","32","0","47.35","-0.70"," "
" "," ","","1904正隆","造紙","14.25","14.25","14.25","32","0.00"," ","157,938","157,938","157,938","32","0","21.70","-0.85"," "
" "," ","","1905華紙","造紙","57.63","57.63","57.63","32","0.00"," ","635,581","635,581","635,581","32","0","16.75","-1.70"," "
" "," ","","1906寶隆","造紙","25.94","25.94","25.94","32","0.00"," ","39,181","39,181","39,181","32","0","11.20","-0.15"," "
" "," ","","1907永豐餘","造紙","5.78","5.78","5.78","32","0.00"," ","96,063","96,063","96,063","32","0","27.00","-0.40"," "
" "," ","","1909榮成","造紙","36.85","36.85","36.85","32","0.00"," ","489,355","489,355","489,355","32","0","9.64","-0.31"," "
" "," ","","2002中鋼","鋼鐵","20.09","20.09","20.09","32","0.00"," ","3,169,274","3,169,274","3,169,274","32","0","19.20","-0.30"," "
" "," ","","2006東和鋼鐵","鋼鐵","19.39","19.39","19.6","41","0.21"," ","141,660","141,660","143,126","41","1,466","69.70","0.10"," "
" "," ","","2007燁興","鋼鐵","73.56","73.56","73.56","32","0.00"," ","390,372","390,372","390,372","32","0","7.38","-0.07"," "
" "," ","","2008高興昌","鋼鐵","38.27","39.84","39.84","40","1.57"," ","73,052","76,053","76,053","40","3,001","30.90","0.10"," "
" "," ","","2009第一銅","鋼鐵","39.43","39.43","39.43","32","0.00"," ","141,818","141,818","141,818","32","0","39.00","-0.60"," "
" "," ","","2010春源","鋼鐵","16.52","16.52","16.52","32","0.00"," ","107,001","107,001","107,001","32","0","24.35","-0.40"," "
" "," ","","2012春雨","鋼鐵","4.37","4.37","4.37","32","0.00"," ","13,207","13,207","13,207","32","0","15.00","-0.30"," "
" "," ","","2013中鋼構","鋼鐵","43.38","43.38","44.99","41","1.61"," ","86,762","86,762","89,999","41","3,237","43.05","0.10"," "
" "," ","","2014中鴻","鋼鐵","40.58","40.58","40.58","32","0.00"," ","582,673","582,673","582,673","32","0","17.70","-0.10"," "
" "," ","","2015豐興","鋼鐵","12.07","12.07","12.07","32","0.00"," ","70,232","70,244","70,244","40","12","61.00","0.00"," "
" "," ","","2017官田鋼","鋼鐵","22.5","22.5","22.5","32","0.00"," ","100,587","100,587","100,587","32","0","9.26","-0.10"," "
" "," ","","2020美亞","鋼鐵","16.71","16.71","16.71","32","0.00"," ","44,643","44,643","44,643","32","0","21.85","0.10"," "
" "," ","","2022聚亨","鋼鐵","7.18","7.18","7.18","32","0.00"," ","24,237","24,237","24,237","32","0","7.72","-0.13"," "
" "," ","","2023燁輝","鋼鐵","4.7","4.7","4.79","41","0.09"," ","88,284","88,284","88,284","32","0","13.65","-0.10"," "
" "," ","","2024志聯","鋼鐵","22.3","22.3","22.3","32","0.00"," ","21,751","21,751","21,751","32","0","14.10","-0.10"," "
" "," ","","2025千興","鋼鐵","7.02","7.03","7.03","40","0.01"," ","12,134","12,154","12,154","40","20","13.80","-0.30"," "
" "," ","","2027大成鋼","鋼鐵","4.38","4.38","4.38","32","0.00"," ","113,363","113,414","113,386","30","23","40.00","-1.10"," "
" "," ","","2028威致","鋼鐵","10.77","10.77","10.77","32","0.00"," ","35,099","35,099","35,099","32","0","16.70","-0.05"," "
" "," ","","2029盛餘","鋼鐵","65.76","65.76","65.76","32","0.00"," ","211,221","211,221","211,221","32","0","20.85","0.05"," "
" "," ","","2030彰源","鋼鐵","24.02","24.02","24.02","32","0.00"," ","67,403","67,403","67,403","32","0","20.15","0.55"," "
" "," ","","2031新光鋼","鋼鐵","18.69","18.69","18.76","41","0.07"," ","60,027","60,027","60,257","41","230","39.10","0.15"," "
" "," ","","2032新鋼","鋼鐵","8.87","8.87","8.87","32","0.00"," ","11,585","11,585","11,585","32","0","17.55","-0.40"," "
" "," ","","2033佳大","鋼鐵","14.29","14.29","14.29","32","0.00"," ","11,534","11,534","11,534","32","0","16.75","-0.15"," "
" "," ","","2034允強","鋼鐵","22.34","22.34","22.34","32","0.00"," ","118,194","118,194","118,194","32","0","20.55","-0.35"," "
" "," ","","2038海光","鋼鐵","31.89","31.89","31.89","32","0.00"," ","61,922","61,922","61,922","32","0","13.75","-0.15"," "
" "," ","","2049上銀","電機","9.83","9.33","9.33","21","-0.50"," ","34,781","33,041","33,011","10","-1,770","339.00","-4.50"," "
" "," ","","2059川湖","電子零組件","14.09","14.09","14.09","32","0.00"," ","13,433","13,433","13,433","32","0","7475.00","-75.00"," "
" "," ","","2062橋椿","居家","14.93","14.93","14.93","32","0.00"," ","29,867","29,867","29,867","32","0","19.10","0.05"," "
" "," ","","2069運錩","鋼鐵","27.28","27.28","27.29","41","0.01"," ","45,404","45,404","45,409","41","5","18.95","-0.10"," "
" "," ","","2072世紀風電","綠能","53.27","53.32","53.32","40","0.05"," ","102,286","102,386","102,386","40","100","171.00","-4.50"," "
" "," ","","2101南港","橡膠","4.03","4.03","4.03","32","0.00"," ","29,625","29,625","29,625","32","0","31.35","-0.70"," "
" "," ","","2102泰豐","橡膠","31.48","31.48","31.48","32","0.00"," ","149,018","149,018","149,018","32","0","18.10","0.05"," "
" "," ","","2103台橡","橡膠","14.14","14.14","14.14","32","0.00"," ","116,802","116,802","116,802","32","0","21.15","-0.25"," "
" "," ","","2104國際中橡","橡膠","17.93","17.93","17.93","32","0.00"," ","176,609","176,609","176,609","32","0","10.00","-0.40"," "
" "," ","","2105正新","橡膠","12.8","12.8","12.8","32","0.00"," ","415,051","415,051","415,051","32","0","29.30","-0.75"," "
" "," ","","2106建大","橡膠","24.24","24.24","24.24","32","0.00"," ","231,526","231,526","231,526","32","0","16.90","-0.35"," "
" "," ","","2107厚生","橡膠","26.58","26.58","26.65","41","0.07"," ","80,716","80,716","80,919","41","203","25.50","-0.25"," "
" "," ","","2108南帝","橡膠","37.52","37.58","37.58","40","0.06"," ","184,768","185,067","185,067","40","299","28.30","-0.45"," "
" "," ","","2109華豐","橡膠","15.22","15.22","15.24","41","0.02"," ","42,522","42,522","42,590","41","68","14.50","-0.05"," "
" "," ","","2114鑫永銓","橡膠","40.79","40.79","40.79","32","0.00"," ","31,820","31,820","31,820","32","0","89.30","0.00"," "
" "," ","","2115六暉-KY","汽車","11.95","11.95","12.03","41","0.08"," ","12,480","12,480","12,562","41","82","20.40","-0.10"," "
" "," ","","2201裕隆","汽車","34.47","34.47","34.47","32","0.00"," ","368,882","368,882","368,882","32","0","27.00","-0.60"," "
" "," ","","2204中華","汽車","47.64","47.64","47.64","32","0.00"," ","263,751","263,751","263,751","32","0","54.90","-0.20"," "
" "," ","","2206三陽工業","汽車","8.15","8.15","8.15","32","0.00"," ","63,932","63,932","63,932","32","0","60.60","0.00"," "
" "," ","","2207和泰車","汽車","21.27","21.28","21.28","40","0.01"," ","118,529","118,556","118,561","50","32","485.00","4.00"," "
" "," ","","2208台船","航運","33.08","33.08","33.08","32","0.00"," ","421,731","421,731","421,731","32","0","17.55","-0.45"," "
" "," ","","2211長榮鋼","鋼鐵","22.84","22.84","22.84","32","0.00"," ","95,271","95,271","95,271","32","0","94.30","-0.50"," "
" "," ","","2227裕日車","汽車","87.83","87.83","87.83","32","0.00"," ","263,500","263,500","263,500","32","0","49.75","0.50"," "
" "," ","","2228劍麟","汽車","29.96","29.96","29.96","32","0.00"," ","23,906","23,906","23,906","32","0","87.00","-1.70"," "
" "," ","","2231為升","汽車","27.64","27.64","27.64","32","0.00"," ","37,585","37,585","37,585","32","0","92.90","-1.40"," "
" "," ","","2233宇隆","汽車","33.66","33.66","33.21","20","-0.45"," ","20,296","20,296","20,026","20","-270","284.00","-31.50"," "
" "," ","","2236百達-KY","汽車","13.25","13.25","12.99","20","-0.26"," ","8,139","8,139","8,171","41","32","135.00","-2.00"," "
" "," ","","2239英利-KY","汽車","22.08","22.08","22.08","32","0.00"," ","25,995","25,995","25,995","32","0","22.30","-0.40"," "
" "," ","","2241艾姆勒","汽車","10.6","10.6","10.6","32","0.00"," ","11,093","11,093","11,093","32","0","47.65","-3.95"," "
" "," ","","2243宏旭-KY","汽車","17.62","17.62","17.62","32","0.00"," ","12,225","12,225","12,225","32","0","46.55","0.00"," "
" "," ","","2247汎德永業","汽車","35.05","35.05","35.06","41","0.01"," ","28,293","28,293","28,303","41","10","235.00","0.50"," "
" "," ","","2248華勝-KY","汽車","38.87","38.87","38.99","41","0.12"," ","18,502","18,502","18,562","41","60","55.30","-0.50"," "
" "," ","","2250IKKA-KY","汽車","12.08","12.08","12.08","32","0.00"," ","4,398","4,398","4,398","32","0","60.90","-0.40"," "
" "," ","","2254巨鎧精密-創","汽車","52.01","52.01","52.01","32","0.00"," ","33,241","33,241","33,241","32","0","59.00","0.00"," "
" "," ","","2258鴻華先進-創","汽車","88.95","88.95","88.94","20","-0.01"," ","1,557,600","1,557,600","1,557,600","32","0","34.00","-0.20"," "
" "," ","","2301光寶科","電腦週邊","6.25","6.31","6.31","40","0.06"," ","144,984","146,200","146,200","40","1,216","223.50","-8.00"," "
" "," ","","2302麗正","半導體","25.72","25.72","25.72","32","0.00"," ","42,788","42,788","42,788","32","0","45.65","-2.00"," "
" "," ","","2303聯電","半導體","6.1","6.1","6.1","32","0.00"," ","767,779","767,779","767,779","32","0","170.00","10.00"," "
" "," ","","2305全友","電腦週邊","33.72","33.72","50.54","41","16.82"," ","69,357","69,357","103,948","41","34,591","37.10","0.10"," "
" "," ","","2308台達電","電子零組件","7.31","7.31","7.31","32","0.00"," ","190,045","190,045","190,045","32","0","2080.00","-70.00"," "
" "," ","","2312金寶","其他電子","9.1","9.11","9.11","40","0.01"," ","137,132","137,232","137,232","40","100","34.55","0.00"," "
" "," ","","2313華通","電子零組件","5.34","5.34","5.23","20","-0.11"," ","63,706","63,706","62,337","20","-1,369","243.00","-16.50"," "
" "," ","","2314台揚","通信網路","1.04","1.04","1.04","32","0.00"," ","1,110","1,110","1,110","32","0","14.05","-0.30"," "
" "," ","","2316楠梓電","電子零組件","19.06","19.06","19.06","32","0.00"," ","34,843","34,843","34,843","32","0","217.50","-8.50"," "
" "," ","","2317鴻海","其他電子","0.01","0.01","0.01","32","0.00"," ","2,139","2,139","2,139","32","0","259.50","-9.00"," "
" "," ","","2321東訊","通信網路","67.4","67.4","67.4","32","0.00"," ","20,406","20,406","20,406","32","0","13.90","0.00"," "
" "," ","","2323中環","光電","9.48","9.48","9.48","32","0.00"," ","103,275","103,275","103,345","41","70","11.35","-0.55"," "
" "," ","","2324仁寶","電腦週邊","4.97","4.97","4.97","32","0.00"," ","219,090","219,090","219,090","32","0","36.55","-0.95"," "
" "," ","","2327國巨*","電子零組件","7.62","7.63","7.63","40","0.01"," ","158,059","158,059","158,059","32","0","1020.00","-45.00"," "
" "," ","","2328廣宇","電子零組件","0.04","0.04","0.03","20","-0.01"," ","213","213","178","20","-35","51.70","-1.70"," "
" "," ","","2329華泰","半導體","35.66","35.65","35.68","31","0.02"," ","235,002","234,987","235,137","31","135","55.70","-2.80"," "
" "," ","","2330台積電","半導體","6.51","6.51","6.51","32","0.00"," ","1,690,762","1,690,762","1,690,762","32","0","2490.00","-20.00"," "
" "," ","","2331精英","電腦週邊","48.65","48.65","48.65","32","0.00"," ","271,215","271,215","271,215","32","0","22.30","-0.40"," "
" "," ","","2332友訊","通信網路","3.13","3.13","0.9","20","-2.23"," ","18,909","18,909","5,463","20","-13,446","18.35","-0.60"," "
" "," ","","2337旺宏","半導體","2.52","2.52","2.52","32","0.00"," ","50,125","50,125","50,125","32","0","172.00","-13.50"," "
" "," ","","2338光罩","半導體","14.27","14.27","14.27","32","0.00"," ","52,356","52,356","52,356","32","0","52.90","-1.10"," "
" "," ","","2340台亞","半導體","20.58","20.58","20.58","32","0.00"," ","90,278","90,278","90,289","41","11","43.55","0.75"," "
" "," ","","2342茂矽","半導體","31.23","31.23","31.17","20","-0.06"," ","49,209","49,209","49,089","20","-121","57.00","-1.60"," "
" "," ","","2344華邦電","半導體","29.9","29.9","29.77","20","-0.13"," ","1,345,782","1,345,782","1,339,782","20","-6,000","211.50","-10.50"," "
" "," ","","2345智邦","通信網路","9.86","9.86","9.86","32","0.00"," ","55,356","55,356","55,356","32","0","2435.00","-160.00"," "
" "," ","","2347聯強","電子通路","18.68","18.68","18.68","32","0.00"," ","311,587","311,587","311,587","32","0","90.20","-3.30"," "
" "," ","","2348海悅","其他","17.26","17.26","17.26","32","0.00"," ","31,409","31,409","31,409","32","0","71.30","-0.70"," "
" "," ","","2349錸德","光電","3.41","3.41","3.41","32","0.00"," ","23,688","23,688","23,688","32","0","13.60","-0.40"," "
" "," ","","2351順德","半導體","8.56","8.38","8.28","10","-0.28"," ","15,595","15,965","15,965","40","370","198.00","-16.50"," "
" "," ","","2352佳世達","電腦週邊","12.33","12.36","12.4","50","0.07"," ","195,015","195,366","196,073","50","1,058","31.10","-0.35"," "
" "," ","","2353宏卅卅","電腦週邊","2.83","2.83","3.09","41","0.26"," ","86,405","86,405","94,253","41","7,848","33.40","-0.60"," "
" "," ","","2354鴻準","其他電子","0.82","0.82","0.82","32","0.00"," ","11,707","11,707","11,707","32","0","56.60","-1.40"," "
" "," ","","2355敬鵬","電子零組件","8.67","8.67","8.67","32","0.00"," ","34,469","34,469","34,469","32","0","56.10","-2.60"," "
" "," ","","2356英業達","電腦週邊","12.51","12.51","12.44","20","-0.07"," ","448,850","448,850","446,585","20","-2,265","66.10","-1.70"," "
" "," ","","2357華碩","電腦週邊","5.49","5.49","5.49","32","0.00"," ","40,812","40,812","40,812","32","0","785.00","-3.00"," "
" "," ","","2359所羅門","其他電子","19.9","19.9","19.9","32","0.00"," ","34,133","34,133","34,133","32","0","140.50","4.00"," "
" "," ","","2360致茂","其他電子","3.4","3.4","6.17","41","2.77"," ","14,472","14,472","26,246","41","11,774","2265.00","-45.00"," "
" "," ","","2362藍天","電腦週邊","9.39","9.39","9.39","32","0.00"," ","58,459","58,459","58,459","32","0","46.05","-1.15"," "
" "," ","","2363矽統","半導體","18.2","18.2","18.2","32","0.00"," ","93,749","93,749","93,749","32","0","65.90","-3.20"," "
" "," ","","2364倫飛","電腦週邊","30.46","30.46","30.46","32","0.00"," ","15,959","15,959","15,959","32","0","67.20","-1.20"," "
" "," ","","2365昆盈","電腦週邊","5.47","5.47","5.47","32","0.00"," ","12,133","12,133","12,133","32","0","33.50","-0.90"," "
" "," ","","2367燿華","電子零組件","7.43","7.41","7.4","10","-0.03"," ","52,486","52,382","52,283","10","-203","58.10","-2.50"," "
" "," ","","2368金像電","電子零組件","24.87","24.77","24.68","10","-0.19"," ","128,614","128,614","128,614","32","0","1265.00","0.00"," "
" "," ","","2369菱生","半導體","4.38","4.38","4.38","32","0.00"," ","16,676","16,676","16,676","32","0","44.55","4.05"," "
" "," ","","2371大同","電機","5.27","5.27","5.27","32","0.00"," ","113,564","113,564","113,564","32","0","27.70","-0.45"," "
" "," ","","2373震旦行","其他電子","52.9","52.9","52.91","41","0.01"," ","124,955","124,955","124,995","41","40","58.20","0.10"," "
" "," ","","2374佳能","光電","12.28","12.28","12.23","20","-0.05"," ","41,344","41,344","41,344","32","0","76.70","2.10"," "
" "," ","","2375凱美","電子零組件","9.03","9.03","9.03","32","0.00"," ","9,816","9,816","9,816","32","0","200.50","-18.50"," "
" "," ","","2376技嘉","電腦週邊","5.22","5.22","5.22","32","0.00"," ","34,971","34,971","34,971","32","0","330.50","-9.00"," "
" "," ","","2377微星","電腦週邊","11.23","11.23","11.23","32","0.00"," ","94,918","94,918","94,918","32","0","133.50","-3.50"," "
" "," ","","2379瑞昱","半導體","3.2","3.2","3.2","32","0.00"," ","16,498","16,498","16,512","41","14","863.00","-37.00"," "
" "," ","","2380虹光","電腦週邊","7.79","7.79","7.79","32","0.00"," ","16,902","16,902","16,902","32","0","",""," "
" "," ","","2382廣達","電腦週邊","13.03","13.03","13.03","32","0.00"," ","503,567","503,567","503,567","32","0","372.50","-7.50"," "
" "," ","","2383台光電","電子零組件","8.57","8.57","8.57","32","0.00"," ","30,737","30,737","30,737","32","0","5700.00","-125.00"," "
" "," ","","2385群光","電子零組件","10.49","10.49","10.46","20","-0.03"," ","79,772","79,772","80,134","41","362","110.00","-4.00"," "
" "," ","","2387精元","電腦週邊","33.74","33.74","33.74","32","0.00"," ","65,889","65,889","65,889","32","0","38.70","-1.15"," "
" "," ","","2388威盛","半導體","8.4","8.4","8.4","32","0.00"," ","46,705","46,705","46,705","32","0","79.60","-4.80"," "
" "," ","","2390云辰","其他電子","29.02","29.02","29.02","32","0.00"," ","55,902","55,902","55,902","32","0","12.05","-0.10"," "
" "," ","","2392正崴","電子零組件","20.42","20.42","20.42","32","0.00"," ","104,662","104,662","104,662","32","0","39.25","-0.80"," "
" "," ","","2393億光","光電","5.41","5.41","5.41","32","0.00"," ","23,990","23,990","23,990","32","0","69.50","-1.30"," "
" "," ","","2395研華","電腦週邊","29.01","29.01","42.08","41","13.07"," ","251,935","251,935","365,419","41","113,483","487.50","-12.00"," "
" "," ","","2397友通","電腦週邊","45.07","45.07","45.07","32","0.00"," ","51,610","51,610","51,610","32","0","59.50","-2.10"," "
" "," ","","2399映泰","電腦週邊","7.53","7.53","7.53","32","0.00"," ","13,413","13,413","13,413","32","0","50.90","-0.70"," "
" "," ","","2401凌陽","半導體","15.66","15.66","15.66","32","0.00"," ","92,748","92,748","92,748","32","0","32.80","-1.20"," "
" "," ","","2402毅嘉","電子零組件","6.41","6.41","6.4","20","-0.01"," ","19,718","19,718","19,709","20","-9","68.30","-3.00"," "
" "," ","","2404漢唐","其他電子","9.5","9.5","9.5","32","0.00"," ","18,118","18,118","18,118","32","0","1260.00","-20.00"," "
" "," ","","2405輔信","電腦週邊","6.55","6.55","6.55","32","0.00"," ","22,503","22,503","22,503","32","0","18.50","-0.40"," "
" "," ","","2406國碩","光電","6.95","6.92","6.91","10","-0.04"," ","24,421","24,306","24,250","10","-171","33.80","-1.80"," "
" "," ","","2408南亞科","半導體","29.31","26.33","26.33","21","-2.98"," ","908,463","908,463","908,445","20","-18","454.50","-50.50"," "
" "," ","","2409友達","光電","7.31","7.31","7.31","32","0.00"," ","552,325","552,325","552,325","32","0","29.05","-1.90"," "
" "," ","","2412中華電","通信網路","35.29","35.29","35.29","32","0.00"," ","2,737,719","2,737,719","2,737,719","32","0","144.00","-0.50"," "
" "," ","","2413環科","電子零組件","12.58","12.58","12.58","32","0.00"," ","16,026","16,026","16,026","32","0","51.90","-4.80"," "
" "," ","","2414精技","電子通路","33.51","33.51","33.51","32","0.00"," ","54,206","54,206","54,206","32","0","61.20","-2.10"," "
" "," ","","2415錩新","電子零組件","1.18","1.18","1.18","32","0.00"," ","1,068","1,068","1,068","32","0","30.20","-0.10"," "
" "," ","","2417圓剛","電腦週邊","24.54","24.94","24.96","50","0.42"," ","38,609","39,233","39,273","50","664","45.80","-1.10"," "
" "," ","","2419仲琦","通信網路","62.41","62.41","62.41","32","0.00"," ","200,549","200,549","200,549","32","0","28.50","-0.95"," "
" "," ","","2420新巨","電子零組件","15.5","15.5","15.5","32","0.00"," ","23,662","23,662","23,662","32","0","62.00","-2.20"," "
" "," ","","2421建準","電子零組件","6.96","6.96","6.96","32","0.00"," ","19,993","19,993","19,993","32","0","146.50","-3.50"," "
" "," ","","2423固緯","其他電子","8.94","8.94","8.95","41","0.01"," ","12,972","12,972","12,992","41","20","80.00","-0.20"," "
" "," ","","2424隴華","通信網路","2.81","2.81","2.81","32","0.00"," ","1,680","1,680","1,680","32","0","10.60","-1.05"," "
" "," ","","2425承啟","電腦週邊","25.88","25.88","25.88","32","0.00"," ","24,983","24,983","24,974","20","-9","39.35","0.00"," "
" "," ","","2426鼎元","光電","7.94","7.94","7.94","32","0.00"," ","23,886","23,886","23,886","32","0","94.70","4.80"," "
" "," ","","2427三商電","資訊服務","47.16","47.08","47.01","10","-0.15"," ","93,389","93,229","93,099","10","-290","22.05","-0.15"," "
" "," ","","2428興勤","電子零組件","21.25","21.25","21.25","32","0.00"," ","27,236","27,236","27,236","32","0","301.50","-9.50"," "
" "," ","","2429銘旺科","光電","18.03","18.01","17.89","10","-0.14"," ","15,418","15,407","15,297","10","-121","39.55","-2.75"," "
" "," ","","2430燦坤","電子通路","32.19","32.19","32.19","32","0.00"," ","37,600","37,600","37,600","32","0","18.35","-0.10"," "
" "," ","","2431聯昌","電子零組件","34.22","34.22","33.84","20","-0.38"," ","37,967","37,967","37,542","20","-425","11.35","-0.40"," "
" "," ","","2432倚天酷卅卅-創","電腦週邊","63.54","63.54","63.54","32","0.00"," ","39,310","39,310","39,310","32","0","29.05","0.55"," "
" "," ","","2433互盛電","其他電子","27.3","27.3","27.3","32","0.00"," ","39,461","39,461","39,461","32","0","44.25","-0.10"," "
" "," ","","2434統懋","半導體","31.62","31.62","31.62","32","0.00"," ","11,702","11,702","11,702","32","0","46.95","4.25"," "
" "," ","","2436偉詮電","半導體","6.02","6.02","6.04","41","0.02"," ","12,046","12,046","12,097","41","51","77.50","-1.10"," "
" "," ","","2438翔耀","光電","2.66","2.66","2.66","32","0.00"," ","1,896","1,896","1,896","32","0","22.45","-0.95"," "
" "," ","","2439美律","通信網路","9.56","9.56","9.6","41","0.04"," ","24,273","24,278","24,392","50","119","91.10","-1.70"," "
" "," ","","2440太空梭","電子零組件","36.36","36.36","36.36","32","0.00"," ","50,590","50,590","50,590","32","0","17.20","0.25"," "
" "," ","","2441超豐","半導體","43.92","43.92","43.92","32","0.00"," ","249,888","249,888","249,888","32","0","136.00","-4.00"," "
" "," ","","2442新美齊","營建","29.08","29.08","29.08","32","0.00"," ","94,590","94,590","94,590","32","0","19.35","-0.15"," "
" "," ","","2444兆勁","通信網路","7.89","7.89","7.89","32","0.00"," ","8,016","8,016","8,016","32","0","13.00","-0.40"," "
" "," ","","2449京元電子","半導體","8.45","8.45","8.45","32","0.00"," ","103,325","103,325","103,325","32","0","329.50","-9.50"," "
" "," ","","2450神腦","通信網路","33.53","33.53","33.53","32","0.00"," ","86,594","86,594","86,594","32","0","29.05","0.15"," "
" "," ","","2451創見","半導體","2.14","2.14","2.14","32","0.00"," ","9,235","9,235","9,256","41","21","300.50","-9.00"," "
" "," ","","2453凌群","資訊服務","28.36","28.36","28.36","32","0.00"," ","28,367","28,367","28,367","32","0","56.40","-1.10"," "
" "," ","","2454聯發科","半導體","2.72","2.72","2.72","32","0.00"," ","43,692","43,692","43,692","32","0","4535.00","70.00"," "
" "," ","","2455全新","通信網路","6.05","6.04","2.62","10","-3.43"," ","11,190","11,185","4,893","10","-6,297","398.00","-11.50"," "
" "," ","","2457飛宏","電子零組件","14.49","14.49","14.49","32","0.00"," ","61,582","61,582","61,582","32","0","30.35","-1.15"," "
" "," ","","2458義隆","半導體","5.88","5.88","5.88","32","0.00"," ","17,892","17,892","17,892","32","0","166.00","-12.50"," "
" "," ","","2459敦吉","其他電子","14.72","14.72","14.64","20","-0.08"," ","15,553","15,553","15,464","20","-89","64.10","-0.90"," "
" "," ","","2460建通","電子零組件","37.02","36.44","36.29","10","-0.73"," ","62,640","61,663","61,407","10","-1,232","36.80","1.75"," "
" "," ","","2461光群雷","其他電子","8.44","8.44","8.41","20","-0.03"," ","16,213","16,213","16,151","20","-62","17.45","-0.55"," "
" "," ","","2462良得電","電子零組件","30.28","30.28","31.21","41","0.93"," ","45,664","45,664","47,064","41","1,400","25.45","-0.05"," "
" "," ","","2464盟立","其他電子","13.12","13.12","12.87","20","-0.25"," ","27,090","27,090","27,080","20","-10","172.00","-1.00"," "
" "," ","","2465麗臺","電腦週邊","29.16","29.16","29.16","32","0.00"," ","27,396","27,396","27,396","32","0","77.00","-2.40"," "
" "," ","","2466冠西電","光電","9.85","9.85","9.85","32","0.00"," ","17,089","17,089","17,089","32","0","56.30","1.20"," "
" "," ","","2467志聖","電子零組件","15.88","15.55","15.44","10","-0.44"," ","24,894","24,894","24,894","32","0","580.00","-50.00"," "
" "," ","","2468華經","資訊服務","47.66","47.66","47.66","32","0.00"," ","33,348","33,348","33,348","32","0","36.60","-1.50"," "
" "," ","","2471資通","資訊服務","12.43","12.43","12.43","32","0.00"," ","5,877","5,877","5,877","32","0","53.10","-0.60"," "
" "," ","","2472立隆電","電子零組件","17.53","17.53","17.5","20","-0.03"," ","28,893","28,893","28,841","20","-52","363.00","-30.50"," "
" "," ","","2474可成","其他電子","4.92","4.92","5.13","41","0.21"," ","27,651","27,651","27,651","32","0","210.50","4.50"," "
" "," ","","2476鉅祥","電子零組件","9.32","9.29","9.29","21","-0.03"," ","20,344","20,345","20,345","40","0","128.50","3.00"," "
" "," ","","2477美隆電","其他電子","24.39","24.4","24.4","40","0.01"," ","38,684","38,694","38,694","40","10","21.80","-0.25"," "
" "," ","","2478大毅","電子零組件","11.11","11.11","11.11","32","0.00"," ","16,085","16,085","16,085","32","0","223.50","-12.00"," "
" "," ","","2480敦陽科","資訊服務","8.36","8.36","8.36","32","0.00"," ","8,900","8,900","8,900","32","0","151.00","-3.50"," "
" "," ","","2481強茂","半導體","19.06","19.06","19.18","41","0.12"," ","72,863","72,863","73,314","41","451","193.50","17.50"," "
" "," ","","2482連宇","其他電子","17.93","17.93","17.93","32","0.00"," ","13,968","13,968","13,968","32","0","17.60","0.40"," "
" "," ","","2483百容","電子零組件","13.8","13.8","13.8","32","0.00"," ","14,896","14,896","14,896","32","0","41.95","-1.65"," "
" "," ","","2484希華","電子零組件","8.84","8.83","8.83","21","-0.01"," ","14,103","14,085","14,085","21","-18","63.00","-3.90"," "
" "," ","","2485兆赫","通信網路","12.67","12.55","12.45","10","-0.22"," ","40,267","39,901","39,552","10","-715","57.40","-3.20"," "
" "," ","","2486一詮","光電","16.38","16.36","16.26","10","-0.12"," ","38,343","38,343","38,181","20","-162","265.00","-7.00"," "
" "," ","","2488漢平","其他電子","12.75","12.75","12.77","41","0.02"," ","10,200","10,201","10,220","50","20","54.50","-0.30"," "
" "," ","","2489瑞軒","光電","12.62","12.62","12.62","32","0.00"," ","77,039","77,039","77,039","32","0","47.35","-3.35"," "
" "," ","","2491吉祥全","光電","28.89","28.89","28.89","32","0.00"," ","23,700","23,700","23,700","32","0","41.65","-2.35"," "
" "," ","","2492華新科","電子零組件","21.46","21.46","21.48","41","0.02"," ","104,268","104,268","104,268","32","0","577.00","-40.00"," "
" "," ","","2493揚博","電子零組件","11.07","11.07","11.07","32","0.00"," ","14,044","14,044","14,044","32","0","265.00","-3.00"," "
" "," ","","2495普安","電腦週邊","14.08","14.08","14.08","32","0.00"," ","38,523","38,523","38,533","41","10","52.50","0.40"," "
" "," ","","2496卓越","其他","26.29","26.29","25.97","20","-0.32"," ","5,023","5,023","4,962","20","-61","65.30","0.20"," "
" "," ","","2497怡利電","汽車","16.88","16.88","16.88","32","0.00"," ","22,102","22,102","22,102","32","0","58.20","-1.20"," "
" "," ","","2498宏達電","通信網路","6.54","6.54","6.54","32","0.00"," ","54,760","54,760","54,760","32","0","46.90","-3.50"," "
" "," ","","2501國建","營建","2.85","2.85","2.85","32","0.00"," ","33,050","33,050","33,050","32","0","24.20","-0.65"," "
" "," ","","2504國產","營建","13.07","13.07","13.07","32","0.00"," ","154,330","154,330","154,330","32","0","32.75","-0.05"," "
" "," ","","2505國揚","營建","7.42","7.65","8.19","50","0.77"," ","28,226","29,077","31,133","50","2,907","18.45","-0.05"," "
" "," ","","2506太設","營建","9.51","9.51","9.51","32","0.00"," ","36,830","36,830","36,830","32","0","8.87","-0.06"," "
" "," ","","2509全坤建","營建","8.65","8.65","8.65","32","0.00"," ","19,438","19,438","19,438","32","0","13.45","-0.25"," "
" "," ","","2511太子","營建","26.31","26.31","26.31","32","0.00"," ","427,107","427,107","427,107","32","0","8.08","-0.03"," "
" "," ","","2514龍邦","其他","33.79","33.84","33.94","50","0.15"," ","133,418","133,614","133,973","50","555","13.60","0.00"," "
" "," ","","2515中工","營建","11.67","11.67","1.2","20","-10.47"," ","187,667","187,667","19,364","20","-168,303","13.30","-0.25"," "
" "," ","","2516新建","營建","12.92","12.93","12.94","50","0.02"," ","29,244","29,259","29,289","50","45","13.95","0.50"," "
" "," ","","2520冠德","營建","19.11","19.11","19.72","41","0.61"," ","116,529","116,529","120,200","41","3,671","34.40","0.40"," "
" "," ","","2524京城","營建","13.94","13.94","13.94","32","0.00"," ","51,039","51,039","51,039","32","0","37.60","1.10"," "
" "," ","","2527宏璟","營建","25.43","25.43","25.43","32","0.00"," ","68,754","68,754","68,754","32","0","39.70","0.45"," "
" "," ","","2528皇普","營建","42.42","42.29","42.23","10","-0.19"," ","184,150","184,390","184,150","30","0","21.30","-0.40"," "
" "," ","","2530華建","營建","4.14","4.14","4.14","32","0.00"," ","34,892","34,892","34,892","32","0","19.05","0.05"," "
" "," ","","2534宏盛","營建","6.75","6.75","6.75","32","0.00"," ","32,020","32,020","32,020","32","0","16.80","0.00"," "
" "," ","","2535達欣工","營建","15.91","15.91","15.91","32","0.00"," ","43,095","43,095","43,095","32","0","94.90","1.10"," "
" "," ","","2536宏普","營建","37.2","37.2","37.2","32","0.00"," ","123,805","123,805","123,805","32","0","21.25","-0.05"," "
" "," ","","2537聯上發","營建","22.83","22.83","22.83","32","0.00"," ","68,628","68,628","68,628","32","0","10.80","-0.30"," "
" "," ","","2538基泰","營建","5.6","5.64","5.69","50","0.09"," ","24,958","25,128","25,328","50","370","9.90","-0.10"," "
" "," ","","2539櫻花建","營建","19.62","19.62","19.62","32","0.00"," ","234,098","234,098","234,098","32","0","38.65","0.00"," "
" "," ","","2540愛山林","營建","67.96","68.8","69.35","50","1.39"," ","642,176","650,076","655,326","50","13,150","52.80","-0.60"," "
" "," ","","2542興富發","營建","2.78","2.78","2.78","32","0.00"," ","60,504","60,504","60,504","32","0","42.70","0.00"," "
" "," ","","2543皇昌","營建","46.84","46.89","46.89","40","0.05"," ","247,574","247,866","247,866","40","292","41.85","-1.10"," "
" "," ","","2545皇翔","營建","42.27","42.27","42.27","32","0.00"," ","160,534","160,534","160,534","32","0","37.60","-0.25"," "
" "," ","","2546根基","營建","34.18","34.18","34.18","32","0.00"," ","44,619","44,619","44,619","32","0","93.00","-0.40"," "
" "," ","","2547日勝生","營建","12.65","12.65","12.65","32","0.00"," ","130,992","130,992","130,992","32","0","10.95","0.00"," "
" "," ","","2548華固","營建","15.56","15.56","15.56","32","0.00"," ","49,772","49,772","49,772","32","0","101.50","1.00"," "
" "," ","","2597潤弘","營建","47.57","47.57","47.6","41","0.03"," ","147,822","147,822","147,914","41","92","175.50","2.00"," "
" "," ","","2601益航","貿易百貨","11.64","11.64","11.64","32","0.00"," ","96,011","96,011","96,011","32","0","5.57","-0.11"," "
" "," ","","2603長榮","航運","2.72","2.72","2.72","32","0.00"," ","59,028","59,028","59,028","32","0","189.00","-4.00"," "
" "," ","","2605新興","航運","13.14","13.14","13.14","32","0.00"," ","76,939","76,939","76,939","32","0","31.80","-0.15"," "
" "," ","","2606裕民","航運","40.62","40.62","40.62","32","0.00"," ","343,329","343,329","343,329","32","0","61.70","-0.30"," "
" "," ","","2607榮運","航運","40.37","40.37","40.37","32","0.00"," ","215,422","215,422","215,422","32","0","49.20","-0.35"," "
" "," ","","2608嘉里大榮","航運","9.1","9.1","9.1","32","0.00"," ","42,501","42,501","42,501","32","0","29.15","0.20"," "
" "," ","","2609陽明","航運","32.21","32.21","32.21","32","0.00"," ","1,125,121","1,125,121","1,125,121","32","0","51.30","-1.00"," "
" "," ","","2610華航","航運","39","38.84","38.84","21","-0.16"," ","2,387,092","2,387,092","2,387,092","32","0","22.30","0.50"," "
" "," ","","2611志信","航運","26.56","26.56","26.56","32","0.00"," ","50,207","50,207","50,207","32","0","13.65","-0.20"," "
" "," ","","2612中航","航運","28","28","28","32","0.00"," ","55,300","55,300","55,300","32","0","53.70","-0.70"," "
" "," ","","2613中櫃","航運","34.33","34.33","34.33","32","0.00"," ","50,964","50,964","50,964","32","0","21.75","0.00"," "
" "," ","","2614東森","其他","5.55","5.55","5.55","32","0.00"," ","18,194","18,194","18,188","20","-6","18.45","-0.20"," "
" "," ","","2615萬海","航運","2.79","2.79","2.79","32","0.00"," ","78,382","78,382","78,382","32","0","78.70","-1.80"," "
" "," ","","2616山隆","油電燃氣","23.9","23.9","23.9","32","0.00"," ","32,817","32,817","32,817","32","0","13.50","-0.20"," "
" "," ","","2617台航","航運","43.42","43.42","43.42","32","0.00"," ","181,230","181,230","181,230","32","0","29.95","-0.10"," "
" "," ","","2618長榮航","航運","14.56","14.56","14.56","32","0.00"," ","786,448","786,448","786,435","20","-13","42.95","1.30"," "
" "," ","","2630亞航","航運","59.17","59.17","59.17","32","0.00"," ","123,928","123,928","123,928","32","0","42.15","-0.75"," "
" "," ","","2633台灣高鐵","航運","61.34","61.34","60.98","20","-0.36"," ","3,452,526","3,452,526","3,432,249","20","-20,278","25.75","-0.20"," "
" "," ","","2634漢翔","航運","36.34","36.34","36.34","32","0.00"," ","342,365","342,365","342,365","32","0","49.70","-0.40"," "
" "," ","","2636台驊控股","航運","18.61","18.69","18.75","50","0.14"," ","26,404","26,521","26,604","50","200","70.00","-0.70"," "
" "," ","","2637慧洋-KY","航運","30.97","30.97","30.97","32","0.00"," ","231,232","231,232","231,232","32","0","76.80","-0.30"," "
" "," ","","2642宅配通","航運","45.89","45.89","45.89","32","0.00"," ","43,816","43,816","43,816","32","0","21.00","-0.10"," "
" "," ","","2645長榮航太","航運","68.62","68.62","68.62","32","0.00"," ","257,037","257,037","257,037","32","0","173.50","0.00"," "
" "," ","","2646星宇航空","航運","55.26","55.26","55.26","32","0.00"," ","1,662,764","1,662,764","1,662,764","32","0","21.40","0.50"," "
" "," ","","2701萬企","觀光","19.96","19.96","19.96","32","0.00"," ","89,847","89,847","89,847","32","0","10.55","-0.05"," "
" "," ","","2702華園","觀光","19.4","19.4","19.4","32","0.00"," ","30,396","30,396","30,396","32","0","12.85","-0.05"," "
" "," ","","2704國賓","觀光","21.04","21.04","21.04","32","0.00"," ","77,212","77,212","77,212","32","0","45.15","-0.95"," "
" "," ","","2705六福","觀光","12.97","12.97","12.97","32","0.00"," ","24,824","24,824","24,824","32","0","16.15","-0.15"," "
" "," ","","2706第一店","觀光","19.8","19.8","19.8","32","0.00"," ","99,039","99,039","99,039","32","0","12.45","-0.05"," "
" "," ","","2707晶華","觀光","10.49","10.49","10.49","32","0.00"," ","13,367","13,367","13,367","32","0","179.00","0.50"," "
" "," ","","2712遠雄來","觀光","51.12","51.12","51.12","32","0.00"," ","53,681","53,681","53,681","32","0","15.15","-0.05"," "
" "," ","","2722夏都","觀光","53.99","53.99","53.99","32","0.00"," ","77,307","77,307","77,307","32","0","22.80","-0.25"," "
" "," ","","2723美食-KY","觀光","46.33","46.33","46.33","32","0.00"," ","83,397","83,397","83,397","32","0","65.30","-0.80"," "
" "," ","","2727王品","觀光","8.51","8.51","8.51","32","0.00"," ","7,190","7,190","7,190","32","0","246.50","0.00"," "
" "," ","","2731雄獅","觀光","17.49","17.49","17.49","32","0.00"," ","16,321","16,321","16,321","32","0","151.50","0.00"," "
" "," ","","2739寒舍","觀光","40.95","40.95","40.95","32","0.00"," ","37,488","37,488","37,488","32","0","36.40","0.25"," "
" "," ","","2748雲品","觀光","58.59","58.59","58.59","32","0.00"," ","61,985","61,985","61,985","32","0","39.90","-0.35"," "
" "," ","","2753八方雲集","觀光","31.37","31.37","31.37","32","0.00"," ","20,911","20,911","20,911","32","0","190.00","0.00"," "
" "," ","","2762世界健身-KY","運動","0","0","0","32","0.00"," ","0","0","0","32","0","85.30","0.80"," "
" "," ","","2801彰銀","金融","25.11","25.11","25.11","32","0.00"," ","2,955,281","2,955,281","2,955,281","32","0","23.20","0.35"," "
" "," ","","2812台中銀","金融","3.2","3.2","3.18","20","-0.02"," ","193,291","193,291","191,530","20","-1,761","20.00","0.35"," "
" "," ","","2816旺旺保","金融","20.88","20.88","20.88","32","0.00"," ","46,690","46,690","46,690","32","0","33.75","-0.05"," "
" "," ","","2820華票","金融","34.22","34.22","34.22","32","0.00"," ","459,575","459,575","459,575","32","0","17.70","-0.05"," "
" "," ","","2832台產","金融","26.64","26.64","26.64","32","0.00"," ","67,562","67,562","67,562","32","0","56.40","-0.10"," "
" "," ","","2834臺企銀","金融","24.21","24.21","24.21","32","0.00"," ","2,353,506","2,353,506","2,353,506","32","0","17.65","0.20"," "
" "," ","","2836高雄銀","金融","56.01","56.11","56.15","50","0.14"," ","1,053,021","1,054,878","1,055,576","50","2,555","12.30","0.00"," "
" "," ","","2838聯邦銀","金融","11.34","11.34","11.34","32","0.00"," ","515,203","515,203","515,203","32","0","22.75","0.35"," "
" "," ","","2845遠東銀","金融","7.46","7.46","7.46","32","0.00"," ","363,263","363,263","363,263","32","0","13.10","0.25"," "
" "," ","","2849安泰銀","金融","21.88","21.88","21.88","32","0.00"," ","428,437","428,437","428,437","32","0","14.65","0.25"," "
" "," ","","2850新產","金融","4.28","4.28","4.24","20","-0.04"," ","13,525","13,525","13,406","20","-119","144.50","1.50"," "
" "," ","","2851中再保","金融","37.03","37.03","37.03","32","0.00"," ","296,461","296,461","296,461","32","0","39.00","-0.30"," "
" "," ","","2852第一保","金融","18.58","18.58","18.58","32","0.00"," ","55,959","55,959","55,959","32","0","26.60","0.30"," "
" "," ","","2855統一證","金融","7.14","7.14","7.14","32","0.00"," ","114,419","114,419","114,419","32","0","50.60","0.00"," "
" "," ","","2867三商壽","金融","31.15","31.15","31.15","32","0.00"," ","1,837,780","1,837,780","1,837,780","32","0","8.72","0.03"," "
" "," ","","2880華南金","金融","24.72","24.72","24.72","32","0.00"," ","3,440,961","3,440,961","3,440,961","32","0","37.55","-0.05"," "
" "," ","","2881富邦金","金融","24","24","24","32","0.00"," ","3,747,201","3,747,201","3,747,201","32","0","137.50","-1.00"," "
" "," ","","2882國泰金","金融","1.02","1.02","1.02","32","0.00"," ","165,858","165,858","165,858","32","0","113.50","0.50"," "
" "," ","","2883凱基金","金融","1.1","1.1","1.1","32","0.00"," ","204,256","204,256","204,256","32","0","30.10","-0.25"," "
" "," ","","2884玉山金","金融","1.56","1.56","1.57","41","0.01"," ","252,637","252,637","254,237","41","1,600","35.80","0.00"," "
" "," ","","2885元大金","金融","4.59","4.59","4.59","32","0.00"," ","611,995","611,995","611,995","32","0","68.30","-0.50"," "
" "," ","","2886兆豐金","金融","20.6","20.6","20.6","32","0.00"," ","3,057,113","3,057,113","3,057,113","32","0","45.20","0.45"," "
" "," ","","2887台新新光金","金融","1.92","1.92","1.92","32","0.00"," ","566,145","566,145","566,145","32","0","32.15","0.10"," "
" "," ","","2889國票金","金融","9.86","9.86","11.64","41","1.78"," ","358,584","358,584","423,097","41","64,512","15.00","-0.05"," "
" "," ","","2890永豐金","金融","2.57","2.57","2.57","32","0.00"," ","373,910","373,910","373,910","32","0","39.80","0.00"," "
" "," ","","2891中信金","金融","1.42","1.42","1.42","32","0.00"," ","287,743","287,743","287,743","32","0","72.40","1.90"," "
" "," ","","2892第一金","金融","18.98","18.98","18.98","32","0.00"," ","2,730,604","2,730,604","2,730,604","32","0","32.45","0.15"," "
" "," ","","2897王道銀行","金融","33.71","33.71","33.71","32","0.00"," ","1,030,102","1,030,102","1,030,102","32","0","10.65","0.10"," "
" "," ","","2901欣欣","貿易百貨","58.4","58.4","58.4","32","0.00"," ","42,659","42,659","42,659","32","0","24.00","0.20"," "
" "," ","","2903遠百","貿易百貨","22.96","22.96","22.96","32","0.00"," ","325,421","325,421","325,421","32","0","23.25","-0.05"," "
" "," ","","2904匯僑","其他","41.33","41.33","41.33","32","0.00"," ","32,172","32,172","32,172","32","0","14.25","0.05"," "
" "," ","","2905三商","貿易百貨","43.7","43.7","43.7","32","0.00"," ","485,300","485,300","485,300","32","0","15.05","-0.10"," "
" "," ","","2906高林","貿易百貨","37.14","37.14","37.33","41","0.19"," ","77,669","77,669","78,069","41","400","12.90","-0.05"," "
" "," ","","2908特力","貿易百貨","15.59","15.59","15.59","32","0.00"," ","79,532","79,532","79,532","32","0","21.10","0.20"," "
" "," ","","2910統領","貿易百貨","19.89","19.89","19.89","32","0.00"," ","34,901","34,901","34,901","32","0","23.00","0.30"," "
" "," ","","2911麗嬰房","貿易百貨","22.07","22.07","22.07","32","0.00"," ","23,210","23,210","23,210","32","0","7.50","-0.38"," "
" "," ","","2912統一超","貿易百貨","45.89","45.89","45.89","32","0.00"," ","477,173","477,173","477,173","32","0","227.00","6.00"," "
" "," ","","2913農林","貿易百貨","30.84","30.84","30.84","32","0.00"," ","243,640","243,640","243,640","32","0","11.00","-0.15"," "
" "," ","","2915潤泰全","貿易百貨","5.58","5.58","5.58","32","0.00"," ","61,641","61,641","61,641","32","0","52.80","0.20"," "
" "," ","","2923鼎固-KY","營建","58.49","58.49","58.49","32","0.00"," ","1,018,017","1,018,017","1,018,017","32","0","25.60","1.60"," "
" "," ","","2929淘帝-KY","貿易百貨","14.86","14.86","14.86","32","0.00"," ","16,281","16,281","16,281","32","0","5.86","-0.14"," "
" "," ","","2939永邑-KY","貿易百貨","1.05","1.05","1.05","32","0.00"," ","479","479","479","32","0","20.15","-1.20"," "
" "," ","","2945三商家購","貿易百貨","76.17","76.17","68.58","20","-7.59"," ","51,419","51,419","46,297","20","-5,122","42.95","0.45"," "
" "," ","","3002歐格","電腦週邊","25.77","25.77","25.77","32","0.00"," ","26,287","26,287","26,287","32","0","22.00","-1.00"," "
" "," ","","3003健和興","電子零組件","10.39","10.39","10.39","32","0.00"," ","16,175","16,175","16,175","32","0","68.50","0.00"," "
" "," ","","3004豐達科","鋼鐵","42.03","42.03","42.03","32","0.00"," ","27,054","27,054","27,054","32","0","131.00","-7.00"," "
" "," ","","3005神基","電腦週邊","32.61","32.61","32.61","32","0.00"," ","203,623","203,623","203,623","32","0","100.00","-0.50"," "
" "," ","","3006晶豪科","半導體","6.54","6.54","6.54","32","0.00"," ","19,501","19,501","19,501","32","0","245.00","-9.00"," "
" "," ","","3008大立光","光電","18.63","18.63","19.01","41","0.38"," ","24,877","24,877","24,877","32","0","5000.00","-185.00"," "
" "," ","","3010華立","電子通路","9.88","9.88","9.88","32","0.00"," ","25,655","25,655","25,655","32","0","126.50","0.00"," "
" "," ","","3011今皓","電子零組件","9.63","9.63","9.63","32","0.00"," ","12,491","12,491","12,491","32","0","14.10","-0.20"," "
" "," ","","3013晟銘電","電腦週邊","17.12","17.05","16.97","10","-0.15"," ","35,130","34,977","34,815","10","-315","109.50","-4.00"," "
" "," ","","3014聯陽","半導體","9.66","9.66","9.59","20","-0.07"," ","16,044","16,044","15,926","20","-118","161.00","0.50"," "
" "," ","","3015全漢","電子零組件","27.23","27.23","27.23","32","0.00"," ","51,005","51,005","51,005","32","0","62.50","-3.30"," "
" "," ","","3016嘉晶","半導體","57.86","57.86","57.67","20","-0.19"," ","166,972","166,972","166,972","32","0","152.50","13.50"," "
" "," ","","3017奇鋐","電腦週邊","13.98","13.95","13.93","10","-0.05"," ","54,893","54,783","54,703","10","-190","2425.00","5.00"," "
" "," ","","3018隆銘綠能","其他電子","19.04","19.04","19.04","32","0.00"," ","14,359","14,359","14,359","32","0","12.00","0.00"," "
" "," ","","3019亞光","光電","13.52","13.52","13.52","32","0.00"," ","37,772","37,772","37,772","32","0","157.00","-6.00"," "
" "," ","","3021鴻名","電子零組件","8.41","8.38","8.38","21","-0.03"," ","7,987","7,960","7,960","21","-27","29.80","-0.50"," "
" "," ","","3022威強電","電腦週邊","8.87","8.87","8.87","32","0.00"," ","15,675","15,675","15,675","32","0","81.90","-1.30"," "
" "," ","","3023信邦","電子零組件","7.25","7.25","7.25","32","0.00"," ","17,412","17,412","17,412","32","0","310.50","-22.50"," "
" "," ","","3024憶聲","光電","13.84","13.84","12.03","20","-1.81"," ","38,374","38,374","33,343","20","-5,031","12.30","-0.20"," "
" "," ","","3025星通","通信網路","12.89","12.89","12.89","32","0.00"," ","7,319","7,319","7,319","32","0","69.70","-1.80"," "
" "," ","","3026禾伸堂","電子零組件","9.54","9.54","9.54","32","0.00"," ","15,840","15,840","15,840","32","0","808.00","-89.00"," "
" "," ","","3027盛達","通信網路","14.29","14.29","14.29","32","0.00"," ","18,578","18,578","18,578","32","0","21.25","-0.30"," "
" "," ","","3028增你強","電子通路","13.23","13.23","13.23","32","0.00"," ","31,398","31,398","31,398","32","0","78.90","-3.60"," "
" "," ","","3029零壹","資訊服務","12.92","12.92","12.92","32","0.00"," ","21,588","21,588","21,588","32","0","99.90","-1.60"," "
" "," ","","3030德律","其他電子","17.7","17.7","17.07","20","-0.63"," ","41,812","41,812","40,332","20","-1,480","338.00","-12.00"," "
" "," ","","3031佰鴻","光電","33.22","33.22","33.22","32","0.00"," ","57,555","57,555","57,555","32","0","32.05","1.55"," "
" "," ","","3032偉訓","電子零組件","35.99","35.99","35.99","32","0.00"," ","40,776","40,776","40,776","32","0","81.70","-3.30"," "
" "," ","","3033威健","電子通路","8.87","8.82","8.39","10","-0.48"," ","42,820","42,820","42,820","32","0","50.20","-1.00"," "
" "," ","","3034聯詠","半導體","1.78","1.78","1.78","32","0.00"," ","10,839","10,849","10,849","40","10","544.00","-23.00"," "
" "," ","","3035智原","半導體","14.06","14.06","14.06","32","0.00"," ","36,649","36,649","36,649","32","0","233.00","3.50"," "
" "," ","","3036文曄","電子通路","17.53","17.53","17.68","41","0.15"," ","222,566","222,566","224,566","41","2,000","220.50","-4.50"," "
" "," ","","3037欣興","電子零組件","14.5","14.5","14.35","20","-0.15"," ","230,543","230,543","228,202","20","-2,340","974.00","-31.00"," "
" "," ","","3038全台","光電","18.17","18.17","18.17","32","0.00"," ","28,604","28,604","28,604","32","0","22.80","-0.15"," "
" "," ","","3040遠見","其他","36.38","36.38","36.38","32","0.00"," ","24,094","24,094","24,094","32","0","37.90","-1.15"," "
" "," ","","3041揚智","半導體","16.51","16.51","16.51","32","0.00"," ","23,152","23,152","23,152","32","0","31.20","0.25"," "
" "," ","","3042晶技","電子零組件","5.48","5.45","5.4","10","-0.08"," ","18,804","18,714","18,539","10","-265","190.50","-7.50"," "
" "," ","","3043科風","其他電子","1.14","1.14","1.14","32","0.00"," ","448","448","448","32","0","22.70","-0.65"," "
" "," ","","3044健鼎","電子零組件","4.91","4.91","4.91","32","0.00"," ","25,846","25,846","25,846","32","0","531.00","-35.00"," "
" "," ","","3045台灣大","通信網路","6.02","6.02","3.64","20","-2.38"," ","224,331","224,331","135,805","20","-88,526","119.00","0.50"," "
" "," ","","3046建卅卅","電腦週邊","43.74","43.74","43.74","32","0.00"," ","34,319","34,319","34,319","32","0","55.90","-1.20"," "
" "," ","","3047訊舟","通信網路","3.39","3.42","3.42","40","0.03"," ","7,634","7,702","7,702","40","68","15.90","-0.30"," "
" "," ","","3048益登","電子通路","29.33","29.33","29.33","32","0.00"," ","79,164","79,164","79,164","32","0","69.30","-3.10"," "
" "," ","","3049精金","光電","35.86","35.86","35.86","32","0.00"," ","287,601","287,601","287,601","32","0","13.70","-0.60"," "
" "," ","","3050鈺德","光電","29.32","29.32","29.32","32","0.00"," ","45,452","45,452","45,452","32","0","12.65","-0.30"," "
" "," ","","3051力特","光電","10.84","10.84","10.81","20","-0.03"," ","18,112","18,112","18,063","20","-49","27.20","-0.70"," "
" "," ","","3052夆典","營建","7.94","7.94","7.94","32","0.00"," ","18,541","18,541","18,541","32","0","10.65","-0.10"," "
" "," ","","3054立萬利","食品","59.07","59.07","59.07","32","0.00"," ","47,645","47,645","47,645","32","0","66.10","-0.40"," "
" "," ","","3055蔚華科","電子通路","30.91","30.91","30.91","32","0.00"," ","35,550","35,550","35,550","32","0","90.90","-1.10"," "
" "," ","","3056富華新","營建","10.58","10.58","10.66","41","0.08"," ","50,864","50,864","51,229","41","365","15.25","0.35"," "
" "," ","","3057喬鼎","電腦週邊","14.17","14.17","14.17","32","0.00"," ","9,619","9,619","9,619","32","0","19.00","-1.10"," "
" "," ","","3058立德","電子零組件","3.85","3.85","3.85","32","0.00"," ","7,781","7,781","7,781","32","0","9.46","-0.19"," "
" "," ","","3059華晶科","光電","7.16","7.21","7.21","40","0.05"," ","22,048","22,198","22,193","30","145","47.35","-2.00"," "
" "," ","","3060銘異","電腦週邊","1.47","1.47","1.47","32","0.00"," ","2,029","2,029","2,029","32","0","39.45","-2.20"," "
" "," ","","3062建漢","通信網路","3.63","3.63","3.63","32","0.00"," ","11,987","11,987","11,987","32","0","25.20","-0.60"," "
" "," ","","3090日電貿","電子零組件","3.98","3.98","37.43","41","33.45"," ","11,455","11,455","107,655","41","96,200","302.50","-33.00"," "
" "," ","","3092鴻碩","電子零組件","8.27","8.27","8.27","32","0.00"," ","8,823","8,823","8,823","32","0","31.20","-1.50"," "
" "," ","","3094聯傑","半導體","10.67","10.67","10.67","32","0.00"," ","8,875","8,875","8,875","32","0","41.15","-0.65"," "
" "," ","","3130一零四","雲端","14.73","14.73","14.73","32","0.00"," ","4,891","4,892","4,892","40","1","223.50","0.00"," "
" "," ","","3135凌航","半導體","39.63","37.64","36.79","10","-2.84"," ","35,704","35,704","35,704","32","0","194.00","-13.00"," "
" "," ","","3138耀登","通信網路","11.08","11.05","11.05","21","-0.03"," ","6,233","6,233","6,233","32","0","130.00","-8.00"," "
" "," ","","3149正達","光電","1.42","1.34","1.26","10","-0.16"," ","3,219","3,043","2,857","10","-362","94.10","-10.40"," "
" "," ","","3150鈺寶-創","半導體","32.63","32.63","32.63","32","0.00"," ","14,482","14,483","14,483","40","1","20.15","0.20"," "
" "," ","","3164景岳","生技醫療業","11.75","11.75","11.75","32","0.00"," ","10,115","10,115","10,115","32","0","16.30","0.00"," "
" "," ","","3167大量","電機","8.47","8.43","8.43","21","-0.04"," ","7,589","7,589","7,619","41","30","780.00","-25.00"," "
" "," ","","3168眾福科","光電","42.83","42.83","42.83","32","0.00"," ","32,168","32,168","32,168","32","0","45.35","0.25"," "
" "," ","","3189景碩","半導體","24.67","24.65","24.62","10","-0.05"," ","130,033","129,904","129,731","10","-302","727.00","-69.00"," "
" "," ","","3209全科","電子通路","7.03","7.03","7.03","32","0.00"," ","16,561","16,561","16,561","32","0","61.90","-0.90"," "
" "," ","","3229晟鈦","電子零組件","31.88","31.88","31.88","32","0.00"," ","20,492","20,492","20,492","32","0","49.50","4.50"," "
" "," ","","3231緯創","電腦週邊","2.52","2.51","2.51","21","-0.01"," ","80,148","80,068","79,938","10","-210","158.50","-4.00"," "
" "," ","","3257虹冠電","半導體","31.88","31.88","31.88","32","0.00"," ","25,452","25,452","25,452","32","0","73.90","6.70"," "
" "," ","","3266昇陽","營建","14.93","14.93","14.93","32","0.00"," ","52,614","52,614","52,614","32","0","13.55","0.05"," "
" "," ","","3296勝德","電子零組件","9.73","9.73","9.73","32","0.00"," ","9,413","9,413","9,413","32","0","28.85","-1.85"," "
" "," ","","3305昇貿","其他電子","8.38","8.37","8.37","21","-0.01"," ","12,129","12,113","12,113","21","-16","139.00","-8.00"," "
" "," ","","3308聯德","電子零組件","42.82","42.82","42.82","32","0.00"," ","25,695","25,695","25,695","32","0","22.00","-0.15"," "
" "," ","","3311閎暉","通信網路","38.14","38.14","38.14","32","0.00"," ","38,146","38,146","38,146","32","0","39.35","-0.90"," "
" "," ","","3312弘憶股","電子通路","31.36","31.36","31.36","32","0.00"," ","57,286","57,286","57,286","32","0","63.20","-4.20"," "
" "," ","","3321同泰","電子零組件","8.04","8.04","8.04","32","0.00"," ","6,930","6,930","6,930","32","0","25.85","-0.85"," "
" "," ","","3338泰碩","電子零組件","16.94","16.94","19.44","41","2.50"," ","14,894","14,894","17,095","41","2,201","74.80","-1.00"," "
" "," ","","3346麗清","汽車","7.32","7.32","7.32","32","0.00"," ","8,880","8,880","8,880","32","0","24.60","-0.40"," "
" "," ","","3356奇偶","光電","18.72","18.72","10.43","20","-8.29"," ","14,970","14,970","8,342","20","-6,628","60.30","-1.20"," "
" "," ","","3376新日興","電子零組件","8.99","8.99","8.99","32","0.00"," ","17,609","17,600","17,600","21","-9","202.50","-6.50"," "
" "," ","","3380明泰","通信網路","54.6","54.6","54.6","32","0.00"," ","295,797","295,797","295,797","32","0","34.20","-1.60"," "
" "," ","","3406玉晶光","光電","7.67","7.66","7.65","10","-0.02"," ","8,658","8,636","8,634","10","-24","741.00","-33.00"," "
" "," ","","3413京鼎","半導體","6.49","6.49","6.49","32","0.00"," ","7,196","7,196","7,196","32","0","312.00","-9.00"," "
" "," ","","3416融程電","電腦週邊","40.31","40.31","40.31","32","0.00"," ","32,448","32,448","32,448","32","0","171.50","-6.00"," "
" "," ","","3419譁裕","通信網路","12.28","12.28","13.13","41","0.85"," ","14,802","14,802","15,824","41","1,022","14.20","-0.10"," "
" "," ","","3432台端","電子零組件","16.67","16.67","16.67","32","0.00"," ","7,040","7,040","7,040","32","0","18.60","-0.35"," "
" "," ","","3437榮創","光電","2.95","2.95","2.95","32","0.00"," ","4,274","4,274","4,274","32","0","23.25","0.00"," "
" "," ","","3443創意","半導體","34.83","34.83","34.83","32","0.00"," ","46,688","46,688","46,688","32","0","4725.00","-30.00"," "
" "," ","","3447展達","通信網路","46.7","46.7","46.7","32","0.00"," ","36,174","36,174","36,174","32","0","38.00","-1.40"," "
" "," ","","3450聯鈞","半導體","7.96","7.96","7.96","32","0.00"," ","11,598","11,598","11,598","32","0","612.00","55.00"," "
" "," ","","3481群創","光電","0.05","0.05","0.05","32","0.00"," ","4,601","4,651","4,651","40","50","66.00","0.00"," "
" "," ","","3494誠研","電腦週邊","13.33","13.33","13.33","32","0.00"," ","12,638","12,638","12,638","32","0","8.01","-0.01"," "
" "," ","","3501維熹","電子零組件","21.25","21.25","21.25","32","0.00"," ","25,131","25,131","25,131","32","0","41.35","0.45"," "
" "," ","","3504揚明光","光電","32.62","32.62","32.62","32","0.00"," ","37,218","37,218","37,218","32","0","86.70","-4.80"," "
" "," ","","3515華擎","電腦週邊","46.31","46.31","46.31","32","0.00"," ","57,218","57,218","57,218","32","0","241.50","-4.50"," "
" "," ","","3518柏騰","其他電子","3.8","3.8","3.8","32","0.00"," ","3,713","3,713","3,713","32","0","29.90","-1.00"," "
" "," ","","3528安馳","電子通路","56.48","56.49","56.49","40","0.01"," ","37,642","37,647","37,647","40","5","105.00","-5.00"," "
" "," ","","3530晶相光","半導體","22.83","22.83","22.83","32","0.00"," ","17,691","17,691","17,691","32","0","73.60","0.20"," "
" "," ","","3532台勝科","半導體","69.73","69.73","69.73","32","0.00"," ","270,451","270,451","270,451","32","0","373.00","-5.50"," "
" "," ","","3533嘉澤","電子零組件","18.44","18.44","18.44","32","0.00"," ","20,753","20,753","20,753","32","0","2235.00","-80.00"," "
" "," ","","3535晶彩科","光電","15.51","15.51","15.51","32","0.00"," ","12,266","12,266","12,266","32","0","122.00","-6.50"," "
" "," ","","3543州巧","光電","15.01","15.01","15.01","32","0.00"," ","16,561","16,561","16,561","32","0","30.15","-0.80"," "
" "," ","","3545敦泰","半導體","6.64","6.65","6.66","50","0.02"," ","14,695","14,720","14,822","50","127","59.50","-1.70"," "
" "," ","","3550聯穎","電子零組件","17.03","17.03","17.03","32","0.00"," ","18,319","18,319","18,319","32","0","35.00","-0.90"," "
" "," ","","3557嘉威","居家","15.29","15.29","15.29","32","0.00"," ","12,893","12,893","12,893","32","0","26.00","-0.20"," "
" "," ","","3563牧德","光電","31.07","31.06","31.06","21","-0.01"," ","19,873","19,867","19,867","21","-6","707.00","-21.00"," "
" "," ","","3576聯合再生","光電","12.22","11.96","11.96","21","-0.26"," ","199,004","194,803","194,803","21","-4,201","17.45","-0.60"," "
" "," ","","3583辛耘","半導體","12.32","12.3","12.3","21","-0.02"," ","9,904","9,887","9,887","21","-17","882.00","-7.00"," "
" "," ","","3588通嘉","半導體","8.19","8.19","8.19","32","0.00"," ","5,077","5,077","5,077","32","0","69.00","2.70"," "
" "," ","","3591艾笛森","光電","6.92","6.92","6.92","32","0.00"," ","10,066","10,066","10,066","32","0","27.55","1.60"," "
" "," ","","3592瑞鼎","半導體","16.24","16.24","15.59","20","-0.65"," ","12,320","12,320","11,826","20","-494","284.50","-0.50"," "
" "," ","","3593力銘","電子零組件","25.44","25.44","25.44","32","0.00"," ","15,478","15,478","15,478","32","0","16.00","0.00"," "
" "," ","","3596智易","通信網路","18.81","18.81","18.81","32","0.00"," ","41,467","41,467","41,467","32","0","181.00","-7.00"," "
" "," ","","3605宏致","電子零組件","9.27","9.27","9.11","20","-0.16"," ","15,202","15,202","15,968","41","766","79.00","-1.20"," "
" "," ","","3607谷崧","電子零組件","9.02","9.02","9.02","32","0.00"," ","10,980","10,980","10,980","32","0","16.60","-0.35"," "
" "," ","","3617碩天","其他電子","17.93","17.93","17.93","32","0.00"," ","16,999","16,999","16,999","32","0","213.50","0.50"," "
" "," ","","3622洋華","光電","34.99","34.99","34.99","32","0.00"," ","52,957","52,957","52,957","32","1","56.60","0.10"," "
" "," ","","3645達邁","電子零組件","14.98","14.98","14.98","32","0.00"," ","20,497","20,497","20,498","41","1","92.10","-4.00"," "
" "," ","","3652精聯","電腦週邊","44.87","44.87","44.87","32","0.00"," ","33,701","33,701","33,701","32","0","40.75","-1.95"," "
" "," ","","3653健策","電子零組件","26.07","26.07","26.07","32","0.00"," ","38,263","38,263","38,263","32","0","3840.00","0.00"," "
" "," ","","3661世芯-KY","半導體","2.41","2.41","2.4","20","-0.01"," ","1,972","1,972","1,972","32","0","4375.00","50.00"," "
" "," ","","3665貿聯-KY","其他電子","2.62","2.59","2.59","21","-0.03"," ","5,113","5,057","5,057","21","-56","2000.00","10.00"," "
" "," ","","3669圓展","通信網路","50.45","50.45","50.45","32","0.00"," ","46,884","46,884","46,884","32","0","35.00","-0.85"," "
" "," ","","3673TPK-KY","光電","19.51","19.51","19.51","32","0.00"," ","79,357","79,357","79,357","32","0","82.20","-6.30"," "
" "," ","","3679新至陞","電子零組件","27.93","27.93","27.93","32","0.00"," ","17,608","17,608","17,608","32","0","111.00","0.50"," "
" "," ","","3686達能","半導體","3.53","3.53","3.96","41","0.43"," ","2,705","2,705","3,035","41","330","17.40","0.25"," "
" "," ","","3694海華","通信網路","39.53","39.53","39.52","20","-0.01"," ","61,248","61,248","61,239","20","-9","60.40","-1.60"," "
" "," ","","3701大眾控","電腦週邊","34.23","34.23","34.23","32","0.00"," ","81,016","81,016","81,016","32","0","47.55","-0.80"," "
" "," ","","3702大聯大","電子通路","4.31","4.3","4.27","10","-0.04"," ","72,534","72,384","72,304","10","-230","108.00","-4.50"," "
" "," ","","3703欣陸","營建","32.77","32.77","32.77","32","0.00"," ","269,781","269,781","269,781","32","0","21.35","-0.10"," "
" "," ","","3704合勤控","通信網路","22.57","22.57","24.03","41","1.46"," ","93,772","93,772","99,841","41","6,069","49.70","1.20"," "
" "," ","","3705永信","生技醫療業","11.88","11.88","11.88","32","0.00"," ","31,661","31,661","31,672","41","11","57.00","-0.10"," "
" "," ","","3706神達","電腦週邊","17.79","17.79","17.78","20","-0.01"," ","236,158","236,118","236,108","10","-50","85.50","-1.90"," "
" "," ","","3708上緯投控","綠能","21.95","23.26","23.21","30","1.26"," ","21,426","21,426","21,426","32","0","114.50","-1.00"," "
" "," ","","3711日月光投控","半導體","15.34","15.3","15.3","21","-0.04"," ","684,328","684,328","684,328","32","0","662.00","-12.00"," "
" "," ","","3712永崴投控","電腦週邊","27","27","27","32","0.00"," ","66,494","66,494","66,494","32","0","17.95","-0.10"," "
" "," ","","3714富采","光電","12.81","12.81","12.81","32","0.00"," ","94,589","94,589","94,589","32","0","70.10","-2.80"," "
" "," ","","3715定穎投控","電子零組件","8.64","8.64","8.64","32","0.00"," ","24,509","24,509","24,509","32","0","180.00","-14.50"," "
" "," ","","3716中化控股","生技醫療業","10.3","10.31","10.31","40","0.01"," ","15,432","15,444","15,444","40","12","34.95","0.30"," "
" "," ","","3717聯嘉投控","汽車","15.07","15.07","14.85","20","-0.22"," ","31,328","31,328","31,328","32","0","22.15","-0.05"," "
" "," ","","4104佳醫","生技醫療業","12.06","12.06","12.06","32","0.00"," ","22,732","22,732","22,732","32","0","68.90","0.10"," "
" "," ","","4106雃博","生技醫療業","27.83","27.83","27.83","32","0.00"," ","28,093","28,093","28,093","32","0","23.20","-0.10"," "
" "," ","","4108懷特","生技醫療業","19.16","19.16","19.4","41","0.24"," ","38,065","38,065","38,537","41","472","12.00","-0.15"," "
" "," ","","4119旭富","生技醫療業","30.34","30.34","30.77","41","0.43"," ","36,269","36,269","36,775","41","506","43.20","0.40"," "
" "," ","","4133亞諾法","生技醫療業","14.82","14.82","14.82","32","0.00"," ","8,975","8,975","8,975","32","0","20.45","-0.25"," "
" "," ","","4137麗豐-KY","生技醫療業","34.65","34.65","34.65","32","0.00"," ","28,586","28,586","28,586","32","0","110.50","0.50"," "
" "," ","","4142國光生","生技醫療業","17.02","17.02","17.02","32","0.00"," ","73,118","73,118","73,118","32","0","17.15","-0.05"," "
" "," ","","4148全宇生技-KY","生技醫療業","0.52","0.52","0.52","32","0.00"," ","350","350","350","32","0","29.80","-0.85"," "
" "," ","","4155訊映","生技醫療業","13.12","13.12","13.25","41","0.13"," ","19,008","19,008","19,184","41","176","14.95","-0.05"," "
" "," ","","4164承業醫","生技醫療業","8.42","8.42","8.54","41","0.12"," ","16,463","16,463","16,681","41","218","30.15","-0.25"," "
" "," ","","4190佐登-KY","生技醫療業","9.7","9.68","9.69","31","-0.01"," ","5,962","5,951","5,958","31","-4","24.10","-0.40"," "
" "," ","","4306炎洲","塑膠","14.42","14.42","14.42","32","0.00"," ","97,638","97,638","97,638","32","0","16.10","-0.10"," "
" "," ","","4414如興","紡織","27.2","27.17","27.17","21","-0.03"," ","71,757","71,686","71,686","21","-71","8.42","0.03"," "
" "," ","","4426利勤","紡織","9.38","9.38","9.38","32","0.00"," ","16,199","16,199","16,199","32","0","7.72","-0.09"," "
" "," ","","4438廣越","紡織","39.12","39.12","39.12","32","0.00"," ","44,375","44,375","44,375","32","0","59.60","-0.20"," "
" "," ","","4439冠星-KY","紡織","44.85","44.85","44.85","32","0.00"," ","17,096","17,096","17,096","32","0","90.00","-1.80"," "
" "," ","","4440宜新實業","紡織","10.49","10.49","10.49","32","0.00"," ","7,096","7,096","7,096","32","0","17.20","0.05"," "
" "," ","","4441振大環球","紡織","20.01","20.08","20.09","50","0.08"," ","13,648","13,695","13,698","50","50","195.00","-4.00"," "
" "," ","","4526東台","電機","15.12","15.12","15.12","32","0.00"," ","38,538","38,538","38,538","32","0","40.30","-2.75"," "
" "," ","","4532瑞智","電機","39.42","39.43","39.43","40","0.01"," ","195,101","195,141","195,141","40","40","23.90","-0.30"," "
" "," ","","4536拓凱","運動","21.28","21.28","21.28","32","0.00"," ","19,333","19,333","19,333","32","0","164.50","-0.50"," "
" "," ","","4540全球傳動","電機","8.18","8.18","8.18","32","0.00"," ","9,431","9,431","9,431","32","0","59.50","-2.60"," "
" "," ","","4545銘鈺","電子零組件","66.01","65.87","65.67","10","-0.34"," ","50,831","50,721","50,567","10","-264","37.95","-1.40"," "
" "," ","","4551智伸科","汽車","10.84","10.84","10.84","32","0.00"," ","12,500","12,500","12,500","32","0","245.00","19.00"," "
" "," ","","4552力達-KY","電機","39.75","39.75","39.75","32","0.00"," ","46,111","46,111","46,111","32","0","21.00","-0.45"," "
" "," ","","4555氣立","電機","28.67","28.67","28.67","32","0.00"," ","20,066","20,066","20,066","32","0","48.05","-0.60"," "
" "," ","","4557永新-KY","汽車","1.68","1.68","1.68","32","0.00"," ","807","807","807","32","0","49.55","-1.35"," "
" "," ","","4560強信-KY","電機","40.04","40.04","40.04","32","0.00"," ","27,272","27,272","27,272","32","0","32.45","-0.30"," "
" "," ","","4562穎漢","電機","29.15","29.15","29.15","32","0.00"," ","25,521","25,521","25,521","32","0","34.85","-0.70"," "
" "," ","","4564元翎","電機","13.97","13.97","13.97","32","0.00"," ","32,522","32,522","32,522","32","0","15.75","-0.05"," "
" "," ","","4566時碩工業","電機","20.88","20.88","20.88","32","0.00"," ","22,976","22,976","22,976","32","0","63.80","-1.80"," "
" "," ","","4569六方科-KY","汽車","42.25","42.25","42.25","32","0.00"," ","12,931","12,931","12,931","32","0","187.00","0.00"," "
" "," ","","4571鈞興-KY","電機","13.49","13.49","13.49","32","0.00"," ","7,155","7,155","7,155","32","0","179.00","-2.50"," "
" "," ","","4572駐龍","電機","19.98","19.98","19.98","32","0.00"," ","7,992","7,992","7,992","32","0","144.50","0.50"," "
" "," ","","4576大銀微系統","電機","34.43","34.39","34.29","10","-0.14"," ","41,255","41,201","41,087","10","-168","226.50","-9.50"," "
" "," ","","4581光隆精密-KY","汽車","13.27","13.27","13.27","32","0.00"," ","4,501","4,501","4,501","32","0","50.00","0.00"," "
" "," ","","4583台灣精銳","電機","32.08","32.08","32.08","32","0.00"," ","25,721","25,721","25,721","32","0","618.00","-12.00"," "
" "," ","","4585達明","其他電子","76.43","76.43","76.43","32","0.00"," ","79,957","79,957","79,957","32","0","310.50","-3.50"," "
" "," ","","4588玖鼎電力","其他電子","20.67","20.67","20.67","32","0.00"," ","8,889","8,889","8,889","32","0","59.80","-0.70"," "
" "," ","","4590富田-創","電機","20.15","20.15","20.15","32","0.00"," ","11,051","11,051","11,051","32","0","79.30","-1.10"," "
" "," ","","4720德淵","化學","21.42","21.08","20.65","10","-0.77"," ","24,535","24,146","23,656","10","-879","23.90","-0.65"," "
" "," ","","4722國精化","化學","16.53","16.53","19.66","41","3.13"," ","16,995","16,995","20,382","41","3,387","274.00","-10.50"," "
" "," ","","4736泰博","生技醫療業","5.13","5.13","5.13","32","0.00"," ","4,898","4,898","4,898","32","0","123.00","-1.00"," "
" "," ","","4737華廣","生技醫療業","33.99","33.96","33.96","21","-0.03"," ","26,288","26,288","26,288","32","0","57.50","0.00"," "
" "," ","","4739康普","化學","25.14","25.14","25.14","32","0.00"," ","31,339","31,339","31,339","32","0","122.00","-6.00"," "
" "," ","","4746台耀","生技醫療業","11.14","11.14","11.14","32","0.00"," ","13,403","13,403","13,403","32","0","51.70","-0.80"," "
" "," ","","4755三福化","化學","36.26","35.53","35.44","10","-0.82"," ","36,523","35,789","35,700","10","-823","144.00","-3.00"," "
" "," ","","4763材料*-KY","化學","41.45","41.25","41.2","10","-0.25"," ","410,022","408,024","407,595","10","-2,427","46.65","1.05"," "
" "," ","","4764雙鍵","化學","22.83","22.82","22.74","10","-0.09"," ","19,537","19,527","19,460","10","-77","346.50","14.50"," "
" "," ","","4766南寶","化學","12.56","12.56","13.09","41","0.53"," ","15,152","15,152","15,789","41","638","350.00","0.00"," "
" "," ","","4770上品","化學","18.59","18.59","18.59","32","0.00"," ","14,874","14,874","14,874","32","0","214.00","-2.00"," "
" "," ","","4771望隼","生技醫療業","21.33","21.33","21.33","32","0.00"," ","12,526","12,526","12,526","32","0","191.50","-1.00"," "
" "," ","","4807日成-KY","貿易百貨","36.28","36.28","36.25","20","-0.03"," ","17,776","17,776","17,766","20","-10","43.55","-0.40"," "
" "," ","","4904遠傳","通信網路","29.73","29.73","29.73","32","0.00"," ","1,072,578","1,072,578","1,072,578","32","0","107.00","-1.00"," "
" "," ","","4906正文","通信網路","3.29","3.21","4.45","31","1.16"," ","14,364","14,364","20,112","41","5,748","44.50","-3.15"," "
" "," ","","4912聯德控股-KY","電子零組件","25.3","25.3","25.3","32","0.00"," ","16,954","16,954","16,954","32","0","88.10","-1.80"," "
" "," ","","4915致伸","電子零組件","2.2","2.2","2.2","32","0.00"," ","10,395","10,395","10,395","32","0","75.20","-1.10"," "
" "," ","","4916事欣科","電腦週邊","11.24","11.22","11.21","10","-0.03"," ","13,912","13,912","13,912","32","0","100.00","-5.00"," "
" "," ","","4919新唐","半導體","54.14","54.14","54.14","32","0.00"," ","227,302","227,302","227,302","32","0","194.50","-21.50"," "
" "," ","","4927泰鼎-KY","電子零組件","0.59","0.59","0.59","32","0.00"," ","1,588","1,588","1,588","32","0","48.90","-3.20"," "
" "," ","","4930燦星網","電器電纜","44.4","44.4","44.4","32","0.00"," ","35,527","35,527","35,527","32","0","17.25","-0.20"," "
" "," ","","4934太極","光電","27.17","27.17","27.17","32","0.00"," ","61,145","61,145","61,145","32","0","17.95","0.55"," "
" "," ","","4935茂林-KY","光電","18.23","18.23","18.23","32","0.00"," ","23,493","23,493","23,493","32","0","38.75","-0.90"," "
" "," ","","4938和碩","電腦週邊","5.93","5.93","5.93","32","0.00"," ","159,100","159,100","159,100","32","0","80.40","-1.60"," "
" "," ","","4942嘉彰","光電","15.76","15.76","15.76","32","0.00"," ","22,440","22,440","22,440","32","0","37.40","-0.15"," "
" "," ","","4943康控-KY","電子零組件","15.56","15.56","15.56","32","0.00"," ","19,718","19,718","19,718","32","0","8.80","0.14"," "
" "," ","","4949有成精密","光電","14.83","14.83","14.8","20","-0.03"," ","10,043","10,043","10,028","20","-15","87.80","-1.40"," "
" "," ","","4952凌通","半導體","34.12","34.12","34.12","32","0.00"," ","37,136","37,136","37,136","32","0","58.00","-2.50"," "
" "," ","","4956光鋐","光電","20.57","20.57","20.49","20","-0.08"," ","20,658","20,658","20,580","20","-78","42.75","3.10"," "
" "," ","","4958臻鼎-KY","電子零組件","28.99","28.99","28.73","20","-0.26"," ","310,404","310,404","310,204","20","-200","587.00","-35.00"," "
" "," ","","4960誠美材","光電","4","4","3.99","20","-0.01"," ","22,872","22,872","22,836","20","-36","28.25","-0.95"," "
" "," ","","4961天鈺","半導體","1.1","1.1","1.1","32","0.00"," ","1,342","1,342","1,342","32","0","174.50","-3.00"," "
" "," ","","4967十銓","半導體","4.75","4.54","4.29","10","-0.46"," ","4,038","4,038","4,038","32","0","272.00","-12.50"," "
" "," ","","4968立積","半導體","8.59","8.59","8.59","32","0.00"," ","7,923","7,923","7,923","32","0","119.00","1.00"," "
" "," ","","4976佳凌","光電","20.94","20.95","20.95","40","0.01"," ","29,612","29,627","29,627","40","15","39.15","-1.80"," "
" "," ","","4977眾達-KY","通信網路","0.34","0.34","0.34","32","0.00"," ","274","274","274","32","0","185.50","-5.50"," "
" "," ","","4989榮科","電子零組件","7.52","7.52","7.52","32","0.00"," ","10,368","10,368","10,368","32","0","94.00","0.00"," "
" "," ","","4994傳奇","資訊服務","26.6","26.6","26.6","32","0.00"," ","17,659","17,659","17,659","32","0","92.80","1.80"," "
" "," ","","4999鑫禾","電子零組件","17.12","17.12","17.12","32","0.00"," ","12,745","12,745","12,745","32","0","20.75","0.20"," "
" "," ","","5007三星","鋼鐵","8.95","8.95","8.95","32","0.00"," ","26,415","26,415","26,415","32","0","56.40","0.20"," "
" "," ","","5203訊連","資訊服務","19.09","19.09","19.09","32","0.00"," ","15,151","15,151","15,151","32","0","67.90","-1.10"," "
" "," ","","5215科嘉-KY","電腦週邊","11.7","11.7","11.46","20","-0.24"," ","7,529","7,529","7,378","20","-151","44.75","-0.60"," "
" "," ","","5222全訊","半導體","8.13","8.13","8.13","32","0.00"," ","7,412","7,412","7,412","32","0","119.50","-5.50"," "
" "," ","","5225東科-KY","其他電子","0.94","0.94","0.87","20","-0.07"," ","744","744","695","20","-49","73.00","-0.90"," "
" "," ","","5234達興材料","光電","43.46","43.46","43.63","41","0.17"," ","44,648","44,648","44,816","41","168","385.00","-15.00"," "
" "," ","","5243乙盛-KY","光電","35.58","35.58","35.58","32","0.00"," ","59,965","59,965","59,965","32","0","103.00","-6.50"," "
" "," ","","5244弘凱","光電","14.19","14.19","14.19","32","0.00"," ","9,686","9,686","9,686","32","0","37.90","-0.35"," "
" "," ","","5258虹堡","電腦週邊","16.82","16.82","16.82","32","0.00"," ","18,571","18,571","18,571","32","0","50.00","-1.30"," "
" "," ","","5269祥碩","半導體","32.7","32.7","32.98","41","0.28"," ","24,458","24,458","24,458","32","0","1425.00","-25.00"," "
" "," ","","5283禾聯碩","電器電纜","22.86","22.86","22.86","32","0.00"," ","20,030","20,030","20,030","32","0","57.40","1.20"," "
" "," ","","5284jpp-KY","其他","31.5","31.5","31.5","32","0.00"," ","16,665","16,665","16,665","32","0","376.00","-24.00"," "
" "," ","","5285界霖","半導體","21.57","21.57","21.57","32","0.00"," ","22,017","22,017","22,017","32","0","100.00","-2.50"," "
" "," ","","5288豐祥-KY","電機","55.53","55.53","55.55","41","0.02"," ","38,718","38,718","38,718","32","0","184.00","-3.50"," "
" "," ","","5292華懋","綠能","10.72","10.72","6.99","20","-3.73"," ","4,517","4,517","2,947","20","-1,570","226.00","-2.00"," "
" "," ","","5306桂盟","運動","38.35","38.4","38.47","50","0.12"," ","48,327","48,396","48,477","50","150","85.40","-1.60"," "
" "," ","","5388中磊","通信網路","4.58","4.58","4.58","32","0.00"," ","13,959","13,959","13,959","32","0","79.90","-2.50"," "
" "," ","","5434崇越","電子通路","6.4","6.4","6.39","20","-0.01"," ","12,397","12,397","12,397","32","0","491.50","-14.50"," "
" "," ","","5469瀚宇博","電子零組件","29.31","29.31","29.31","32","0.00"," ","142,537","142,537","142,537","32","0","86.80","-3.80"," "
" "," ","","5471松翰","半導體","10.76","10.76","10.75","20","-0.01"," ","18,065","18,065","18,056","20","-9","62.40","-1.20"," "
" "," ","","5484慧友","光電","24.68","24.68","24.68","32","0.00"," ","16,488","16,488","16,488","32","0","45.50","-1.60"," "
" "," ","","5515建國","營建","32.69","32.69","32.69","32","0.00"," ","65,909","65,909","65,909","32","0","41.80","-0.20"," "
" "," ","","5519隆大","營建","11.7","11.7","11.7","32","0.00"," ","25,647","25,647","25,647","32","0","33.70","0.15"," "
" "," ","","5521工信","營建","3.82","3.82","3.82","32","0.00"," ","18,829","18,829","18,829","32","0","10.40","-0.05"," "
" "," ","","5522遠雄","營建","35.57","35.57","35.57","32","0.00"," ","278,086","278,086","278,086","32","0","72.40","-1.40"," "
" "," ","","5525順天","營建","19.84","19.84","19.84","32","0.00"," ","63,119","63,119","63,119","32","0","21.70","-0.10"," "
" "," ","","5531鄉林","營建","32.63","32.63","32.63","32","0.00"," ","351,673","351,673","351,673","32","0","8.05","-0.04"," "
" "," ","","5533皇鼎","營建","10.05","10.05","10.05","32","0.00"," ","28,669","28,669","28,669","32","0","13.95","0.00"," "
" "," ","","5534長虹","營建","9.35","9.35","9.35","32","0.00"," ","29,511","29,511","29,511","32","0","78.90","0.00"," "
" "," ","","5538東明-KY","鋼鐵","25.5","25.5","25.5","32","0.00"," ","51,318","51,318","51,318","32","0","32.90","0.60"," "
" "," ","","5546永固-KY","營建","62.89","62.89","62.89","32","0.00"," ","51,793","51,793","51,793","32","0","17.00","0.70"," "
" "," ","","5607遠雄港","航運","17.77","17.77","17.77","32","0.00"," ","65,861","65,861","65,861","32","0","51.30","-0.90"," "
" "," ","","5608四維航","航運","8.46","8.46","8.46","32","0.00"," ","32,968","32,968","32,968","32","0","14.60","-0.20"," "
" "," ","","5706鳳凰","觀光","29.51","29.51","29.51","32","0.00"," ","25,062","25,062","25,062","32","0","52.80","-1.30"," "
" "," ","","5871中租-KY","其他","4.07","4.07","4.08","41","0.01"," ","75,889","75,889","76,019","41","129","115.00","-3.00"," "
" "," ","","5876上海商銀","金融","6.46","6.46","6.46","32","0.00"," ","314,273","314,273","314,273","32","0","41.80","0.35"," "
" "," ","","5880合庫金","金融","27.68","27.68","27.68","32","0.00"," ","4,340,776","4,340,776","4,340,776","32","0","24.55","0.10"," "
" "," ","","5906台南-KY","貿易百貨","31.38","31.38","31.38","32","0.00"," ","11,217","11,217","11,217","32","0","38.50","0.25"," "
" "," ","","5907大洋-KY","貿易百貨","28.52","28.52","28.52","32","0.00"," ","55,780","55,780","55,780","32","0","5.04","-0.01"," "
" "," ","","6005群益證","金融","2.71","2.71","2.71","32","0.00"," ","58,911","58,911","58,911","32","0","39.75","-0.05"," "
" "," ","","6024群益期","金融","55.46","55.46","55.46","32","0.00"," ","138,622","138,622","138,622","32","0","62.00","0.00"," "
" "," ","","6108競國","電子零組件","13.9","13.9","13.9","32","0.00"," ","21,836","21,836","21,836","32","0","18.90","-0.20"," "
" "," ","","6112邁達特","資訊服務","51.41","51.41","51.41","32","0.00"," ","96,841","96,841","96,841","32","0","44.35","-1.05"," "
" "," ","","6115鎰勝","電子零組件","11.82","11.82","11.82","32","0.00"," ","22,189","22,189","22,189","32","0","48.15","-0.40"," "
" "," ","","6116彩晶","光電","13.57","13.57","13.57","32","0.00"," ","388,015","388,015","388,015","32","0","19.00","-0.95"," "
" "," ","","6117迎廣","電腦週邊","34.24","34.24","34.23","20","-0.01"," ","31,697","31,697","31,697","32","0","75.10","-2.10"," "
" "," ","","6120達運","光電","28.72","28.72","28.72","32","0.00"," ","172,060","172,060","172,060","32","0","14.50","-0.75"," "
" "," ","","6128上福","電腦週邊","26.08","26.08","26.08","32","0.00"," ","33,286","33,286","33,286","32","0","20.40","-0.20"," "
" "," ","","6133金橋","電子零組件","2.16","2.16","2.16","32","0.00"," ","2,531","2,531","2,531","32","0","22.90","-0.45"," "
" "," ","","6136富爾特","通信網路","7.03","7.03","7.03","32","0.00"," ","8,126","8,126","8,126","32","0","25.15","-0.05"," "
" "," ","","6139亞翔","其他電子","26.5","26.5","26.5","32","0.00"," ","62,436","62,436","62,436","32","0","791.00","-19.00"," "
" "," ","","6141柏承","電子零組件","10.73","10.73","10.68","20","-0.05"," ","12,174","12,174","12,113","20","-61","35.25","-0.35"," "
" "," ","","6142友勁","通信網路","41.57","41.57","41.58","41","0.01"," ","137,535","137,535","137,560","41","25","9.20","-0.35"," "
" "," ","","6152百一","通信網路","10.71","10.71","10.71","32","0.00"," ","17,965","17,965","17,965","32","0","13.80","-0.40"," "
" "," ","","6153嘉聯益","電子零組件","28.91","28.91","28.91","32","0.00"," ","183,973","183,973","183,973","32","0","24.30","0.35"," "
" "," ","","6155鈞寶","電子零組件","22.53","22.5","22.36","10","-0.17"," ","19,838","19,811","19,685","10","-153","88.50","-8.20"," "
" "," ","","6164華興","光電","7","7","7","32","0.00"," ","5,601","5,601","5,601","32","0","13.55","-0.15"," "
" "," ","","6165浪凡","雲端","0.05","0.05","0.05","32","0.00"," ","40","40","40","32","0","47.25","-0.75"," "
" "," ","","6166凌華","電腦週邊","20.15","20.15","20.15","32","0.00"," ","43,886","43,886","43,886","32","0","156.50","-1.50"," "
" "," ","","6168宏齊","光電","21.93","21.97","21.97","40","0.04"," ","45,210","45,210","45,210","32","0","34.20","3.10"," "
" "," ","","6176瑞儀","光電","3.73","3.75","3.75","40","0.02"," ","17,388","17,468","17,468","40","80","90.00","-0.20"," "
" "," ","","6177達麗","營建","5.17","5.17","5.17","32","0.00"," ","24,416","24,416","24,416","32","0","45.90","0.00"," "
" "," ","","6183關貿","資訊服務","49.82","49.82","49.82","32","0.00"," ","74,744","74,744","74,744","32","0","90.50","0.50"," "
" "," ","","6184大豐電","其他","11.59","11.59","11.59","32","0.00"," ","18,793","18,793","18,793","32","0","46.95","0.15"," "
" "," ","","6189豐藝","電子通路","8.75","8.75","8.75","32","0.00"," ","23,105","23,105","23,105","32","0","53.70","-0.90"," "
" "," ","","6191精成科","電子零組件","41.81","41.81","41.81","32","0.00"," ","208,784","208,784","208,784","32","0","99.10","-4.40"," "
" "," ","","6192巨路","其他電子","7.67","7.67","7.67","32","0.00"," ","7,383","7,383","7,383","32","0","120.50","1.50"," "
" "," ","","6196帆宣","其他電子","45.89","45.89","45.89","32","0.00"," ","101,122","101,122","101,122","32","0","541.00","-21.00"," "
" "," ","","6197佳必琪","電子零組件","33.98","33.98","33.94","20","-0.04"," ","41,486","41,486","41,490","41","4","350.00","-3.00"," "
" "," ","","6201亞弘電","其他電子","18.47","18.47","18.47","32","0.00"," ","16,482","16,482","16,482","32","0","48.70","0.40"," "
" "," ","","6202盛群","半導體","6.9","6.9","6.9","32","0.00"," ","15,913","15,913","15,913","32","0","70.90","-2.80"," "
" "," ","","6205詮欣","電子零組件","13.31","13.32","13.32","40","0.01"," ","10,952","10,962","10,962","40","10","81.50","-2.60"," "
" "," ","","6206飛捷","電腦週邊","20.1","20.1","20.1","32","0.00"," ","28,762","28,762","28,762","32","0","132.00","-2.50"," "
" "," ","","6209今國光","光電","12.26","12.27","12.23","30","-0.03"," ","22,135","22,181","22,175","30","40","90.30","-6.90"," "
" "," ","","6213聯茂","電子零組件","19.95","19.95","19.95","32","0.00"," ","72,543","72,543","72,543","32","0","281.00","-27.00"," "
" "," ","","6214精誠","資訊服務","13.24","13.24","13.24","32","0.00"," ","36,066","36,066","36,066","32","0","130.00","0.00"," "
" "," ","","6215和椿","其他電子","19.31","18.47","19.33","31","0.02"," ","15,994","15,295","16,009","31","15","106.00","-3.50"," "
" "," ","","6216居易","通信網路","18.83","18.81","18.81","21","-0.02"," ","18,263","18,302","18,302","40","39","22.80","-0.50"," "
" "," ","","6224聚鼎","電子零組件","15.22","15.22","14.41","20","-0.81"," ","13,037","13,037","12,345","20","-692","78.70","-4.40"," "
" "," ","","6225天瀚","光電","24.93","24.93","24.93","32","0.00"," ","6,931","6,931","6,931","32","0","22.55","0.95"," "
" "," ","","6226光鼎","光電","11.54","11.55","11.55","40","0.01"," ","13,335","13,355","13,355","40","20","13.75","1.25"," "
" "," ","","6230尼得科超眾","電腦週邊","86.3","86.3","86.3","32","0.00"," ","74,515","74,515","74,515","32","0","133.00","-2.00"," "
" "," ","","6235華孚","電腦週邊","25.15","25.15","25.11","20","-0.04"," ","50,290","50,290","50,214","20","-76","40.40","-0.90"," "
" "," ","","6239力成","半導體","7.54","7.54","7.54","32","0.00"," ","57,303","57,303","57,240","20","-62","344.00","-22.00"," "
" "," ","","6243迅杰","半導體","18.65","18.65","18.65","32","0.00"," ","8,444","8,444","8,444","32","0","41.50","3.15"," "
" "," ","","6257矽格","半導體","4.76","4.76","4.91","41","0.15"," ","23,069","23,069","23,789","41","720","237.00","-5.50"," "
" "," ","","6269台郡","電子零組件","7.73","7.69","7.69","21","-0.04"," ","25,046","24,926","24,926","21","-120","83.80","-3.70"," "
" "," ","","6271同欣電","半導體","5.74","5.74","5.74","32","0.00"," ","12,004","12,004","12,004","32","0","244.50","-22.00"," "
" "," ","","6272驊陞","電子零組件","8.96","8.96","8.99","41","0.03"," ","7,333","7,333","7,353","41","20","32.15","0.00"," "
" "," ","","6277宏正","電腦週邊","11.65","11.65","11.65","32","0.00"," ","13,919","13,919","13,919","32","0","70.90","-0.60"," "
" "," ","","6278台表科","光電","9.15","9.15","9.15","32","0.00"," ","26,765","26,765","26,765","32","0","204.00","-2.00"," "
" "," ","","6281全國電","電子通路","12.99","12.99","12.99","32","0.00"," ","12,886","12,886","12,886","32","0","51.10","-0.30"," "
" "," ","","6282康舒","電子零組件","19.84","19.86","19.86","40","0.02"," ","169,889","170,013","170,013","40","124","61.50","-2.40"," "
" "," ","","6283淳安","其他電子","42.63","42.63","42.63","32","0.00"," ","63,523","63,523","63,523","32","0","24.35","0.20"," "
" "," ","","6285啟卅卅","通信網路","22.23","22.23","22.23","32","0.00"," ","107,549","107,539","107,529","10","-20","254.00","-14.00"," "
" "," ","","6405悅城","光電","8.14","8.14","8.14","32","0.00"," ","5,359","5,359","5,359","32","0","67.80","-0.70"," "
" "," ","","6409旭隼","其他電子","16.51","16.51","16.41","20","-0.10"," ","14,487","14,487","14,487","32","0","912.00","-31.00"," "
" "," ","","6412群電","電子零組件","58.88","58.88","58.88","32","0.00"," ","235,983","235,983","235,983","32","0","94.00","-1.00"," "
" "," ","","6414樺漢","電腦週邊","23.24","23.21","22.75","10","-0.49"," ","33,906","33,906","33,906","32","0","377.50","-3.50"," "
" "," ","","6415矽力*-KY","半導體","11.01","11.01","11.02","41","0.01"," ","42,858","42,849","42,840","10","-18","645.00","-28.00"," "
" "," ","","6416瑞祺電通","通信網路","27.52","27.52","27.59","41","0.07"," ","20,188","20,188","20,238","41","50","82.40","-0.80"," "
" "," ","","6426統新","通信網路","14.41","14.41","14.41","32","0.00"," ","5,549","5,549","5,549","32","0","217.00","0.00"," "
" "," ","","6431光麗-KY","生技醫療業","0","0","0","32","0.00"," ","0","0","0","32","0","18.95","-0.05"," "
" "," ","","6438迅得","其他電子","13.2","12.86","12.86","21","-0.34"," ","10,859","10,575","10,576","31","-283","153.50","-6.00"," "
" "," ","","6442光聖","通信網路","10.4","10.33","10.02","10","-0.38"," ","8,174","8,169","8,169","21","-5","1980.00","-105.00"," "
" "," ","","6443元晶","光電","5.88","5.84","5.79","10","-0.09"," ","31,700","31,466","31,210","10","-490","37.50","-1.50"," "
" "," ","","6446藥華藥","生技醫療業","11.28","11.23","11.47","31","0.19"," ","42,859","42,666","43,801","31","942","1095.00","0.00"," "
" "," ","","6449鈺邦","電子零組件","16.18","16.19","15.51","30","-0.67"," ","14,880","14,880","14,252","20","-628","382.00","0.00"," "
" "," ","","6451訊芯-KY","半導體","58.87","57.02","56.43","10","-2.44"," ","63,965","63,965","63,965","32","0","596.00","-21.00"," "
" "," ","","6456GIS-KY","光電","23.67","23.67","23.67","32","0.00"," ","80,005","80,005","80,005","32","0","71.70","-4.40"," "
" "," ","","6464台數科","其他","6.79","6.94","7.11","50","0.32"," ","8,747","8,939","9,167","50","420","78.00","0.00"," "
" "," ","","6472保瑞","生技醫療業","25.91","26.03","26.03","40","0.12"," ","33,113","33,323","33,323","40","210","439.50","16.50"," "
" "," ","","6477安集","光電","16.08","16.08","16.08","32","0.00"," ","19,916","19,916","19,916","32","0","31.55","-0.85"," "
" "," ","","6491晶碩","生技醫療業","38.44","38.44","38.44","32","0.00"," ","29,988","29,988","29,988","32","0","325.50","-1.50"," "
" "," ","","6504南六","其他","21.39","21.39","21.39","32","0.00"," ","15,534","15,534","15,534","32","0","36.20","-0.10"," "
" "," ","","6505台塑化","油電燃氣","75.82","75.82","75.82","32","0.00"," ","7,222,710","7,222,710","7,222,710","32","0","52.10","0.00"," "
" "," ","","6515穎崴","半導體","17.23","17.19","16.99","10","-0.24"," ","6,213","6,196","6,185","10","-28","9450.00","-10.00"," "
" "," ","","6525捷敏-KY","半導體","51.47","51.47","51.47","32","0.00"," ","66,421","66,421","66,421","32","0","170.50","15.50"," "
" "," ","","6526達發","半導體","66.4","66.4","66.4","32","0.00"," ","111,236","111,236","111,236","32","0","697.00","-8.00"," "
" "," ","","6531愛普*","半導體","16.81","16.81","16.82","41","0.01"," ","27,386","27,386","27,436","41","50","1050.00","-65.00"," "
" "," ","","6533晶心科","半導體","13.87","13.87","13.88","41","0.01"," ","7,030","7,030","7,032","41","2","206.50","-0.50"," "
" "," ","","6534正瀚-創","生技醫療業","50.75","50.75","50.75","32","0.00"," ","52,179","52,179","52,179","32","0","92.20","0.20"," "
" "," ","","6541泰福-KY","生技醫療業","44.01","44.01","44.01","32","0.00"," ","116,627","116,627","116,627","32","0","43.85","1.30"," "
" "," ","","6550北極星藥業-KY","生技醫療業","49.53","49.53","51.01","41","1.48"," ","425,932","425,932","456,463","41","30,532","13.10","-0.10"," "
" "," ","","6552易華電","半導體","52.86","52.86","52.86","32","0.00"," ","43,880","43,880","43,880","32","0","31.70","-1.35"," "
" "," ","","6558興能高","其他電子","26.29","26.29","26.26","20","-0.03"," ","24,657","24,657","24,637","20","-20","30.65","-0.80"," "
" "," ","","6573虹揚-KY","半導體","1.73","1.73","1.72","20","-0.01"," ","1,397","1,397","1,388","20","-9","19.55","1.75"," "
" "," ","","6579研揚","電腦週邊","55.73","55.73","55.73","32","0.00"," ","94,446","94,446","94,446","32","0","158.50","-9.00"," "
" "," ","","6581鋼聯","綠能","73","73","73","32","0.00"," ","81,231","81,231","81,231","32","0","108.50","-0.50"," "
" "," ","","6582申豐","橡膠","49.7","49.7","49.7","32","0.00"," ","52,774","52,774","52,774","32","0","32.20","0.20"," "
" "," ","","6585鼎基","其他","45.22","45.22","45.22","32","0.00"," ","32,621","32,621","32,621","32","0","144.50","-6.00"," "
" "," ","","6589台康生技","生技醫療業","25.11","25.08","25.1","31","-0.01"," ","77,082","76,982","77,028","31","-54","46.55","0.30"," "
" "," ","","6591動力-KY","電腦週邊","18.08","18.08","18.08","32","0.00"," ","7,438","7,438","7,438","32","0","54.20","-0.90"," "
" "," ","","6592和潤企業","其他","58.9","58.9","58.9","32","0.00"," ","425,962","425,962","425,962","32","0","65.50","-0.20"," "
" "," ","","6598ABC-KY","生技醫療業","8.18","8.18","8.18","32","0.00"," ","8,416","8,416","8,416","32","0","23.45","-0.30"," "
" "," ","","6605帝寶","汽車","21.12","21.12","21.12","32","0.00"," ","35,030","35,030","35,030","32","0","137.50","-2.50"," "
" "," ","","6606建德工業","電機","21.85","21.85","21.85","32","0.00"," ","24,109","24,109","24,109","32","0","24.80","-0.10"," "
" "," ","","6614資拓宏宇","雲端","61.64","61.64","61.64","32","0.00"," ","49,724","49,724","49,724","32","0","39.95","-0.20"," "
" "," ","","6625必應","其他","12.13","12.13","12.13","32","0.00"," ","7,036","7,036","7,036","32","0","78.20","-1.60"," "
" "," ","","6641基士德-KY","綠能","13.26","13.26","13.26","32","0.00"," ","4,842","4,842","4,842","32","0","18.25","-0.20"," "
" "," ","","6645金萬林-創","生技醫療業","15.19","15.19","15.19","32","0.00"," ","9,251","9,251","9,251","32","0","16.15","-0.55"," "
" "," ","","6655科定","其他","22.67","22.67","22.67","32","0.00"," ","18,266","18,266","18,266","32","0","124.50","0.00"," "
" "," ","","6658聯策","其他電子","6.35","6.35","20.01","41","13.66"," ","2,310","2,310","7,279","41","4,969","187.50","3.00"," "
" "," ","","6666羅麗芬-KY","生技醫療業","43.7","43.7","43.76","41","0.06"," ","20,712","20,712","20,737","41","25","43.30","0.05"," "
" "," ","","6668中揚光","光電","11.65","11.65","11.61","20","-0.04"," ","12,487","12,487","12,445","20","-42","42.50","-2.60"," "
" "," ","","6669緯穎","電腦週邊","36.77","36.77","36.72","20","-0.05"," ","68,334","68,334","68,334","32","0","4675.00","-180.00"," "
" "," ","","6670復盛應用","運動","6.08","6.08","8.42","41","2.34"," ","8,480","8,480","11,746","41","3,266","287.00","-4.00"," "
" "," ","","6671三能-KY","居家","1.99","2","2.77","50","0.78"," ","1,215","1,218","1,684","50","469","24.85","-0.15"," "
" "," ","","6672騰輝電子-KY","電子零組件","11.29","10.5","9.95","10","-1.34"," ","8,072","8,063","8,053","10","-19","249.00","-6.50"," "
" "," ","","6674鋐寶科技","通信網路","47.6","47.6","47.6","32","0.00"," ","32,635","32,635","32,635","32","0","17.65","0.25"," "
" "," ","","6689伊雲谷","雲端","16.6","16.6","16.6","32","0.00"," ","11,292","11,292","11,292","32","0","66.40","-0.60"," "
" "," ","","6691洋基工程","其他電子","13.25","13.25","13.25","32","0.00"," ","16,105","16,100","16,100","21","-5","712.00","-16.00"," "
" "," ","","6695芯鼎","半導體","18.65","18.65","16.9","20","-1.75"," ","18,000","18,000","18,000","32","0","62.70","-1.50"," "
" "," ","","6698旭暉應材","其他電子","25.1","25.1","25.1","32","0.00"," ","16,665","16,665","16,665","32","0","44.10","-0.45"," "
" "," ","","6706惠特","光電","10.03","10.03","10.03","32","0.00"," ","7,881","7,881","7,881","32","0","163.50","-6.50"," "
" "," ","","6715嘉基","電子零組件","47.78","47.08","46.92","10","-0.86"," ","32,071","32,035","32,035","21","-36","569.00","51.00"," "
" "," ","","6719力智","半導體","39","39","39","32","0.00"," ","41,145","41,145","41,145","32","0","277.50","-8.50"," "
" "," ","","6722輝創","其他電子","25.13","25.37","25.47","50","0.34"," ","22,223","22,429","22,516","50","293","36.00","-1.35"," "
" "," ","","6742澤米","光電","10.14","10.14","10.14","32","0.00"," ","7,227","7,227","7,227","32","0","70.90","1.90"," "
" "," ","","6743安普新","其他電子","17.28","17.28","17.28","32","0.00"," ","25,926","25,926","25,926","32","0","29.80","0.50"," "
" "," ","","6753龍德造船","航運","42.37","42.37","42.37","32","0.00"," ","49,691","49,691","49,691","32","0","126.00","-2.00"," "
" "," ","","6754匯僑設計","居家","42.59","42.59","42.59","32","0.00"," ","28,110","28,110","28,110","32","0","45.50","0.30"," "
" "," ","","6756威鋒電子","半導體","56.38","56.38","56.38","32","0.00"," ","39,462","39,462","39,462","32","0","105.00","-3.00"," "
" "," ","","6757台灣虎航","航運","65.47","65.47","65.47","32","0.00"," ","300,879","300,879","300,879","32","0","61.30","2.40"," "
" "," ","","6768志強-KY","運動","2.24","2.24","2.24","32","0.00"," ","4,489","4,489","4,489","32","0","87.20","-1.30"," "
" "," ","","6770力積電","半導體","22.66","22.74","22.7","30","0.04"," ","961,867","972,878","972,878","40","11,011","78.60","-3.00"," "
" "," ","","6771平和環保-創","綠能","13.37","13.37","13.37","32","0.00"," ","4,171","4,171","4,171","32","0","42.05","0.05"," "
" "," ","","6776展卅眥篕卅","電子通路","53.79","53.79","53.79","32","0.00"," ","49,265","49,265","49,265","32","0","58.30","-0.80"," "
" "," ","","6781AES-KY","電子零組件","54.77","54.77","54.77","32","0.00"," ","46,792","46,792","46,792","32","0","1170.00","-35.00"," "
" "," ","","6782視陽","生技醫療業","16.65","16.65","16.65","32","0.00"," ","10,491","10,491","10,491","32","0","194.00","-3.50"," "
" "," ","","6789采鈺","半導體","67.11","67.11","67.11","32","0.00"," ","213,619","213,619","213,619","32","0","552.00","-3.00"," "
" "," ","","6790永豐實","造紙","61.07","61.07","61.07","32","0.00"," ","163,141","163,141","163,141","32","0","40.20","0.25"," "
" "," ","","6792詠業","通信網路","38.53","38.53","38.53","32","0.00"," ","18,451","18,451","18,451","32","0","67.40","-1.00"," "
" "," ","","6794向榮生技","生技醫療業","36.26","36.26","36.26","32","0.00"," ","23,079","23,079","23,080","41","1","79.20","0.00"," "
" "," ","","6796晉弘","生技醫療業","21.64","21.64","21.64","32","0.00"," ","8,711","8,711","8,709","20","-2","59.20","0.20"," "
" "," ","","6799來頡","半導體","25.05","25.05","23.04","20","-2.01"," ","10,954","10,954","10,058","20","-896","105.00","-4.50"," "
" "," ","","6805富世達","電子零組件","19.79","19.78","19.99","31","0.20"," ","13,568","13,566","13,706","31","137","1765.00","-55.00"," "
" "," ","","6806森崴能源","綠能","37.48","37.48","37.48","32","0.00"," ","102,951","102,951","102,951","32","0","",""," "
" "," ","","6807峰源-KY","居家","20.01","20.01","20.01","32","0.00"," ","10,807","10,807","10,807","32","0","33.20","-0.20"," "
" "," ","","6830汎銓","其他電子","12.55","12","11.93","10","-0.62"," ","6,502","6,416","6,376","10","-126","560.00","-48.00"," "
" "," ","","6831邁科","電腦週邊","11.47","11.47","11.47","32","0.00"," ","7,746","7,746","7,746","32","0","830.00","13.00"," "
" "," ","","6834天二科技","電子零組件","16.58","16.58","16.58","32","0.00"," ","14,672","14,672","14,672","32","0","111.50","0.00"," "
" "," ","","6835圓裕","電子零組件","14.54","14.54","14.54","32","0.00"," ","9,623","9,623","9,623","32","0","36.50","-0.30"," "
" "," ","","6838台新藥","生技醫療業","41.02","41.02","41.02","32","0.00"," ","61,932","61,932","61,932","32","0","23.75","-0.55"," "
" "," ","","6854錼創科技-KY創","半導體","26.94","26.44","26.44","21","-0.50"," ","31,714","31,123","31,123","21","-591","128.00","-4.50"," "
" "," ","","6861睿生光電","生技醫療業","48.63","48.63","48.63","32","0.00"," ","20,232","20,232","20,232","32","0","358.00","-20.50"," "
" "," ","","6862三集瑞-KY","電子零組件","5.37","5.37","5.37","32","0.00"," ","2,686","2,686","2,686","32","0","203.50","-20.50"," "
" "," ","","6863永道-KY","通信網路","62.75","62.75","62.75","32","0.00"," ","46,993","46,993","46,993","32","0","93.50","-1.90"," "
" "," ","","6869雲豹能源","綠能","2.31","2.31","2.31","32","0.00"," ","3,197","3,197","3,197","32","0","76.60","-0.70"," "
" "," ","","6873泓德能源","綠能","12.69","12.69","12.69","32","0.00"," ","18,113","18,113","18,113","32","0","80.40","-1.40"," "
" "," ","","6885全福生技","生技醫療業","9.92","9.94","9.94","40","0.02"," ","13,234","13,234","13,234","32","0","21.35","-0.35"," "
" "," ","","6887寶綠特-KY","綠能","65.77","65.72","65.72","21","-0.05"," ","48,773","48,736","48,736","21","-37","37.00","2.00"," "
" "," ","","6890來億-KY","運動","49.34","49.34","49.34","32","0.00"," ","123,060","123,060","123,060","32","0","238.00","7.50"," "
" "," ","","6901鑽石投資","其他","14","14","13.99","20","-0.01"," ","119,418","119,418","119,418","32","0","16.95","-0.40"," "
" "," ","","6902GOGOLOOK","雲端","24.23","24.19","21.29","10","-2.94"," ","8,570","8,556","7,565","10","-1,005","138.00","7.50"," "
" "," ","","6906現觀科","雲端","19.14","19.14","19.14","32","0.00"," ","6,420","6,420","6,420","32","0","88.00","-2.40"," "
" "," ","","6908宏卅砦C戲-創","電子通路","65.58","65.58","65.58","32","0.00"," ","24,384","24,384","24,384","32","0","38.90","-0.10"," "
" "," ","","6909創控","半導體","12.02","6.77","6.78","31","-5.24"," ","8,084","4,555","4,558","31","-3,526","61.40","5.50"," "
" "," ","","6914阜爾運通","其他","9.54","9.54","9.54","32","0.00"," ","6,320","6,320","6,320","32","0","143.00","-0.50"," "
" "," ","","6916華凌","光電","37.21","37.22","37.22","40","0.01"," ","25,123","25,124","25,124","40","1","21.10","-1.00"," "
" "," ","","6918愛派司","生技醫療業","20.11","20.26","20.44","50","0.33"," ","6,952","7,004","7,067","50","115","73.20","-0.80"," "
" "," ","","6919康霈*","生技醫療業","18.92","18.92","18.92","32","0.00"," ","294,665","294,667","294,667","40","2","108.00","-11.50"," "
" "," ","","6921嘉雨思-創","半導體","43.75","43.75","43.75","32","0.00"," ","13,930","13,930","13,930","32","0","70.00","-0.20"," "
" "," ","","6923中台","綠能","23.64","23.65","23.65","40","0.01"," ","21,637","21,638","21,638","40","1","78.20","0.20"," "
" "," ","","6924榮惠-KY創","電子零組件","8.05","8.05","8.05","32","0.00"," ","1,662","1,662","1,662","32","0","119.50","-7.00"," "
" "," ","","6928攸泰科技","電腦週邊","43.98","43.98","43.98","32","0.00"," ","37,827","37,827","37,827","32","0","49.20","-0.30"," "
" "," ","","6931青松健康","生技醫療業","9.86","9.86","9.87","41","0.01"," ","6,525","6,525","6,530","41","5","40.10","-0.20"," "
" "," ","","6933AMAX-KY","電腦週邊","58.03","57.26","56.96","10","-1.07"," ","24,600","24,270","24,144","10","-456","152.50","-4.00"," "
" "," ","","6934心誠鎂","生技醫療業","26.9","26.9","26.9","32","0.00"," ","9,680","9,680","9,680","32","0","67.20","-1.50"," "
" "," ","","6936永鴻生技","生技醫療業","50.01","50.01","50.01","32","0.00"," ","36,413","36,413","36,413","32","0","32.60","-0.40"," "
" "," ","","6937天虹","半導體","11.73","11.73","11.73","32","0.00"," ","7,940","7,940","7,940","32","0","277.00","-10.00"," "
" "," ","","6944兆聯實業","綠能","8.46","8.45","8.45","21","-0.01"," ","6,492","6,487","6,487","21","-5","1060.00","-10.00"," "
" "," ","","6949沛爾生醫-創","生技醫療業","18.35","18.35","18.35","32","0.00"," ","12,034","12,034","12,034","32","0","833.00","-53.00"," "
" "," ","","6951青新-創","綠能","63.9","63.9","63.9","32","0.00"," ","29,395","29,395","29,395","32","0","77.70","0.10"," "
" "," ","","6952大武山","其他","18.63","18.63","18.63","32","0.00"," ","12,735","12,735","12,735","32","0","35.85","-0.15"," "
" "," ","","6955邦睿生技-創","生技醫療業","38.92","38.92","38.92","32","0.00"," ","9,653","9,653","9,653","32","0","126.50","-1.50"," "
" "," ","","6957裕慶-KY","其他","14.29","14.29","14.29","32","0.00"," ","7,933","7,933","7,933","32","0","187.00","-3.00"," "
" "," ","","6958日盛台駿","其他","58.94","58.94","59.2","41","0.26"," ","261,287","261,287","261,287","32","0","17.25","0.10"," "
" "," ","","6962奕力-KY","半導體","16.36","16.36","16.36","32","0.00"," ","80,584","80,584","80,584","32","0","39.00","-1.05"," "
" "," ","","6965中傑-KY","運動","3.48","3.54","3.6","50","0.12"," ","5,450","5,536","5,641","50","191","80.40","2.60"," "
" "," ","","6969成信實業*-創","綠能","20.5","20.5","20.5","32","0.00"," ","8,991","8,991","8,991","32","0","25.60","-0.10"," "
" "," ","","6988威力暘-創","汽車","9.54","9.54","9.54","32","0.00"," ","4,543","4,543","4,543","32","0","13.85","-0.10"," "
" "," ","","6994富威電力","綠能","42.28","41.34","40.41","10","-1.87"," ","31,359","30,666","29,974","10","-1,385","51.30","-2.10"," "
" "," ","","7610聯友金屬-創","綠能","28.65","27.65","27.66","31","-0.99"," ","13,923","13,436","13,440","31","-483","2415.00","-90.00"," "
" "," ","","7631聚賢研發-創","其他電子","12.25","12.25","44.18","41","31.93"," ","2,468","2,468","8,900","41","6,432","137.50","-1.50"," "
" "," ","","7705三商餐飲","觀光","60.28","60.28","60.28","32","0.00"," ","39,827","39,827","39,827","32","0","31.85","-0.15"," "
" "," ","","7711永擎","電腦週邊","48.99","48.99","49.01","41","0.02"," ","35,144","35,144","35,146","41","2","340.00","-16.00"," "
" "," ","","7721微程式","雲端","20.5","20.5","20.5","32","0.00"," ","11,352","11,352","11,352","32","0","73.00","-4.00"," "
" "," ","","7722LINEPAY","雲端","75.31","75.31","75.31","32","0.00"," ","51,216","51,216","51,216","32","0","306.00","-15.00"," "
" "," ","","7730暉盛-創","半導體","35.44","35.44","35.44","32","0.00"," ","13,042","13,042","13,042","32","0","185.50","-2.00"," "
" "," ","","7732金興精密","汽車","39.63","39.74","39.75","50","0.12"," ","25,639","25,704","25,712","50","73","35.70","-0.30"," "
" "," ","","7736虎山","汽車","33.91","33.91","33.91","32","0.00"," ","25,772","25,772","25,772","32","0","72.60","1.00"," "
" "," ","","7740熙特爾-創","綠能","13.59","13.59","13.59","32","0.00"," ","7,232","7,232","7,232","32","0","155.50","-5.50"," "
" "," ","","7749意騰-KY","半導體","18.2","18.31","18.31","40","0.11"," ","8,461","8,515","8,515","40","54","477.00","-1.50"," "
" "," ","","7750新代","電機","18.81","18.79","18.79","21","-0.02"," ","13,514","13,502","13,502","21","-12","2165.00","-125.00"," "
" "," ","","7765中華資安","雲端","56.68","56.68","56.68","32","0.00"," ","23,058","23,058","23,058","32","0","227.50","-5.50"," "
" "," ","","7769鴻勁","半導體","36.58","36.58","36.58","32","0.00"," ","65,824","65,824","65,824","32","0","6810.00","-105.00"," "
" "," ","","7780大研生醫*","食品","68.73","68.73","68.73","32","0.00"," ","556,734","556,734","556,734","32","0","18.20","-0.50"," "
" "," ","","7786東方風能","綠能","49.43","49.43","49.48","41","0.05"," ","86,977","86,977","87,063","41","86","126.50","0.00"," "
" "," ","","7788松川精密","電子零組件","19.32","19.32","19.32","32","0.00"," ","15,412","15,412","15,412","32","0","278.50","-3.00"," "
" "," ","","7791皇家可口","食品","60.32","60.32","60.32","32","0.00"," ","48,261","48,261","48,261","32","0","61.90","-0.30"," "
" "," ","","7795長廣","電子零組件","62.87","62.87","62.87","32","0.00"," ","49,560","49,560","49,560","32","0","431.50","-19.50"," "
" "," ","","7799禾榮科","生技醫療業","42.57","42.57","42.57","32","0.00"," ","67,266","67,266","67,266","32","0","424.50","38.50"," "
" "," ","","7823奧義賽博-KY創","雲端","22.71","22.72","22.72","40","0.01"," ","7,606","7,612","7,612","40","6","80.30","-1.20"," "
" "," ","","8011台通","通信網路","18.42","18.42","18.42","32","0.00"," ","30,575","30,575","30,575","32","0","17.60","-0.45"," "
" "," ","","8016矽創","半導體","7.45","7.45","7.45","32","0.00"," ","8,957","8,957","8,957","32","0","320.50","5.50"," "
" "," ","","8021尖點","其他電子","8.4","8.38","8.33","10","-0.07"," ","12,190","12,224","12,224","40","34","567.00","-14.00"," "
" "," ","","8028昇陽半導體","半導體","12.83","12.82","12.67","10","-0.16"," ","23,037","23,037","23,037","32","0","310.00","-12.50"," "
" "," ","","8033雷虎","其他","4.34","4.34","4.24","20","-0.10"," ","6,639","6,639","6,479","20","-160","141.00","-1.00"," "
" "," ","","8039台虹","電子零組件","9.28","9.28","10.35","41","1.07"," ","24,487","24,487","27,312","41","2,825","145.50","-7.50"," "
" "," ","","8045達運光電","通信網路","16.31","16.31","16.31","32","0.00"," ","15,510","15,510","15,510","32","0","61.50","-0.50"," "
" "," ","","8046南電","電子零組件","66.04","64.89","63.37","10","-2.67"," ","426,755","419,319","409,525","10","-17,230","909.00","45.00"," "
" "," ","","8070長華*","電子通路","30.28","30.28","30.28","32","0.00"," ","219,736","219,736","219,736","32","0","58.60","1.70"," "
" "," ","","8072陞泰","電子通路","38.82","38.82","38.82","32","0.00"," ","31,058","31,058","31,058","32","0","30.60","-0.65"," "
" "," ","","8081致新","半導體","9.67","9.67","9.67","32","0.00"," ","8,339","8,339","8,339","32","0","318.00","-23.50"," "
" "," ","","8101華冠","通信網路","36.26","36.26","36.26","32","0.00"," ","18,920","18,918","18,918","21","-2","13.75","0.00"," "
" "," ","","8103瀚荃","電子零組件","10.89","9.63","9.63","21","-1.26"," ","8,544","7,557","7,557","21","-986","97.40","0.30"," "
" "," ","","8104錸寶","光電","28.18","28.18","28.18","32","0.00"," ","29,326","29,326","29,326","32","0","40.10","-2.20"," "
" "," ","","8105凌巨","光電","53.1","53.1","53.1","32","0.00"," ","234,482","234,482","234,482","32","0","21.40","-1.50"," "
" "," ","","8110華東","半導體","36.94","36.78","36.42","10","-0.52"," ","191,294","190,448","188,588","10","-2,706","58.50","-4.10"," "
" "," ","","8112至上","電子通路","4.03","4.03","4.03","32","0.00"," ","22,394","22,384","22,384","21","-10","95.80","-4.70"," "
" "," ","","8114振樺電","電腦週邊","30.47","30.47","30.47","32","0.00"," ","32,806","32,806","32,806","32","0","207.00","-4.50"," "
" "," ","","8131福懋科","半導體","62.71","62.71","62.71","32","0.00"," ","277,337","277,337","277,337","32","0","74.80","-4.00"," "
" "," ","","8150南茂","半導體","11.98","11.98","11.98","32","0.00"," ","84,417","84,417","84,417","32","0","106.50","-7.50"," "
" "," ","","8162微矽電子-創","半導體","25.04","25.04","25.04","32","0.00"," ","17,209","17,209","17,209","32","0","82.60","-3.60"," "
" "," ","","8163達方","電腦週邊","22.35","22.35","22.35","32","0.00"," ","62,582","62,582","62,582","32","0","42.50","-2.80"," "
" "," ","","8201無敵","其他電子","37.54","37.54","37.53","20","-0.01"," ","23,413","23,413","23,412","20","-1","13.05","-0.45"," "
" "," ","","8210勤誠","電腦週邊","11.96","11.96","11.96","32","0.00"," ","14,993","14,993","14,993","32","0","1310.00","-60.00"," "
" "," ","","8213志超","電子零組件","4.57","4.57","4.57","32","0.00"," ","12,416","12,416","12,416","32","0","37.05","-0.30"," "
" "," ","","8215明基材","光電","38.82","38.82","38.82","32","0.00"," ","124,507","124,507","124,507","32","0","30.00","-1.30"," "
" "," ","","8222寶一","電機","12.54","12.65","12.75","50","0.21"," ","8,602","8,675","8,745","50","143","35.50","-1.40"," "
" "," ","","8249菱光","電子零組件","31.19","31.19","31.19","32","0.00"," ","42,989","42,989","42,989","32","0","51.40","-0.80"," "
" "," ","","8261富鼎","半導體","32.1","32.1","32.1","32","0.00"," ","38,170","38,170","38,170","32","0","260.00","23.50"," "
" "," ","","8271宇瞻","半導體","17.85","17.96","17.44","30","-0.41"," ","22,876","23,281","22,606","30","-270","205.50","-10.00"," "
" "," ","","8341日友","綠能","39.34","39.34","39.34","32","0.00"," ","51,147","51,147","51,147","32","0","79.30","0.00"," "
" "," ","","8367建新國際","航運","26.72","26.72","26.72","32","0.00"," ","24,629","24,629","24,632","41","3","40.45","-0.10"," "
" "," ","","8374羅昇","電機","55.77","55.77","55.77","32","0.00"," ","62,612","62,612","62,612","32","0","90.40","-2.10"," "
" "," ","","8404百和興業-KY","其他","58.7","58.7","58.7","32","0.00"," ","246,504","246,504","246,504","32","0","16.70","0.10"," "
" "," ","","8411福貞-KY","其他","5.84","5.84","5.84","32","0.00"," ","12,759","12,759","12,759","32","0","11.95","-0.15"," "
" "," ","","8422可寧衛*","綠能","6.45","6.45","6.45","32","0.00"," ","87,677","87,677","87,677","32","0","29.00","0.05"," "
" "," ","","8429金麗-KY","貿易百貨","15.75","15.66","15.59","10","-0.16"," ","29,268","29,099","28,969","10","-299","6.35","-0.04"," "
" "," ","","8438昶昕","綠能","42.56","42.56","42.56","32","0.00"," ","29,768","29,768","29,768","32","0","101.00","8.90"," "
" "," ","","8442威宏-KY","其他","38.69","38.68","38.68","21","-0.01"," ","27,152","27,146","27,146","21","-6","40.55","-0.95"," "
" "," ","","8443阿瘦","貿易百貨","20.66","20.66","20.66","32","0.00"," ","13,803","13,803","13,803","32","0","11.50","0.10"," "
" "," ","","8454富邦媒","雲端","55.54","55.54","55.54","32","0.00"," ","147,182","147,182","147,182","32","0","330.00","-5.00"," "
" "," ","","8462柏文","運動","35.47","35.47","35.47","32","0.00"," ","28,522","28,522","28,522","32","0","138.50","2.50"," "
" "," ","","8463潤泰材","其他","46.72","46.72","46.72","32","0.00"," ","70,081","70,081","70,081","32","0","21.35","-0.10"," "
" "," ","","8464億豐","居家","24.56","24.56","24.57","41","0.01"," ","71,982","71,982","72,010","41","28","343.50","-2.50"," "
" "," ","","8466美吉吉-KY","其他","28","28","28","32","0.00"," ","22,355","22,355","22,355","32","0","15.60","0.00"," "
" "," ","","8467波力-KY","運動","9.6","9.6","9.65","41","0.05"," ","4,646","4,646","4,668","41","22","123.50","-2.50"," "
" "," ","","8473山林水","綠能","60.93","60.93","60.93","32","0.00"," ","110,419","110,419","110,419","32","0","50.80","0.00"," "
" "," ","","8476台境*","綠能","8.23","8.23","8.3","41","0.07"," ","13,693","13,693","13,813","41","120","23.00","0.15"," "
" "," ","","8478東哥遊艇","運動","11.7","11.7","11.7","32","0.00"," ","10,995","10,995","10,995","32","0","152.00","0.50"," "
" "," ","","8481政伸","其他","36.44","36.49","36.54","50","0.10"," ","24,274","24,308","24,338","50","64","42.10","0.05"," "
" "," ","","8482商億-KY","居家","0","0","0","32","0.00"," ","0","0","0","32","0","49.40","1.05"," "
" "," ","","8487愛爾達-創","雲端","38.21","38.21","38.21","32","0.00"," ","10,139","10,139","10,139","32","0","78.80","-0.20"," "
" "," ","","8488吉源-KY","其他","9.15","9.15","9.15","32","0.00"," ","6,731","6,731","6,731","32","0","10.40","0.10"," "
" "," ","","8499鼎炫-KY","其他電子","48.86","48.86","48.86","32","0.00"," ","20,118","20,118","20,118","32","0","312.00","-12.00"," "
" "," ","","8926台汽電","油電燃氣","33.17","33.17","32.72","20","-0.45"," ","242,305","242,305","271,721","41","29,416","82.20","3.20"," "
" "," ","","8940新天地","觀光","21.24","21.24","28.13","41","6.89"," ","14,337","14,337","18,987","41","4,651","16.65","-0.05"," "
" "," ","","8996高力","電機","4.04","4.01","5.52","31","1.48"," ","3,782","3,755","5,165","31","1,382","1450.00","-105.00"," "
" "," ","","9802鈺齊-KY","運動","3.85","3.85","3.85","32","0.00"," ","7,754","7,754","7,754","32","0","74.60","-1.20"," "
" "," ","","9902台火","其他","20.87","20.87","20.87","32","0.00"," ","20,472","20,472","20,472","32","0","13.60","-0.15"," "
" "," ","","9904寶成","運動","7.66","7.66","7.66","32","0.00"," ","225,941","225,941","225,941","32","0","26.00","-0.10"," "
" "," ","","9905大華","其他","24.06","24.06","24.06","32","0.00"," ","73,395","73,395","73,395","32","0","21.00","0.00"," "
" "," ","","9906欣巴巴","營建","38.68","38.68","38.68","32","0.00"," ","34,963","34,963","34,963","32","0","42.70","-1.00"," "
" "," ","","9907統一實","其他","48.05","48.05","48.05","32","0.00"," ","758,917","758,917","758,917","32","0","15.15","-0.35"," "
" "," ","","9908大台北","油電燃氣","8.16","8.16","8.16","32","0.00"," ","42,169","42,169","42,169","32","0","29.80","0.25"," "
" "," ","","9910豐泰","運動","16.58","14.57","14.57","21","-2.01"," ","163,760","143,905","143,905","21","-19,855","71.40","0.70"," "
" "," ","","9911櫻花","居家","9.12","9.12","9.12","32","0.00"," ","20,282","20,282","20,282","32","0","82.60","0.10"," "
" "," ","","9912偉聯","電腦週邊","7.45","7.45","7.45","32","0.00"," ","4,038","4,038","4,038","32","0","12.60","0.05"," "
" "," ","","9914美利達","運動","22.39","22.46","22.96","50","0.57"," ","66,956","67,156","68,656","50","1,700","72.10","-1.30"," "
" "," ","","9917中保科","其他","38.79","38.8","34.38","30","-4.41"," ","175,064","175,094","155,133","30","-19,931","116.00","-0.50"," "
" "," ","","9918欣天然","油電燃氣","40.06","40.06","40.06","32","0.00"," ","72,336","72,336","72,336","32","0","43.65","0.60"," "
" "," ","","9919康那香","其他","19.08","19.08","19.08","32","0.00"," ","37,283","37,283","37,283","32","0","13.90","0.00"," "
" "," ","","9921巨大","運動","17.09","17.09","17.09","32","0.00"," ","67,030","67,030","67,030","32","0","73.70","-1.80"," "
" "," ","","9924福興","居家","11.04","11.04","16.2","41","5.16"," ","16,648","16,648","24,426","41","7,778","40.35","0.10"," "
" "," ","","9925新保","其他","16.02","16.02","16.02","32","0.00"," ","62,096","62,096","62,096","32","0","40.60","0.10"," "
" "," ","","9926新海","油電燃氣","18.82","18.82","18.82","32","0.00"," ","33,789","33,789","33,789","32","0","49.90","0.10"," "
" "," ","","9927泰銘","其他","41.66","41.66","41.66","32","0.00"," ","49,999","49,999","49,999","32","0","69.40","-0.40"," "
" "," ","","9928中視","其他","51.19","51.19","51.19","32","0.00"," ","36,210","36,210","36,210","32","0","18.75","0.15"," "
" "," ","","9929秋雨","其他","9.1","9.1","14.41","41","5.31"," ","9,223","9,223","14,596","41","5,373","11.55","-0.45"," "
" "," ","","9930中聯資源","綠能","68.63","68.63","68.63","32","0.00"," ","170,593","170,593","170,593","32","0","70.10","0.30"," "
" "," ","","9931欣高","油電燃氣","25.19","25.19","25.19","32","0.00"," ","30,326","30,326","30,326","32","0","34.80","-0.30"," "
" "," ","","9933中鼎","其他","7.55","7.19","7.18","10","-0.37"," ","67,996","68,016","67,963","30","-33","43.30","-0.45"," "
" "," ","","9934成霖","居家","9.23","9.23","9.23","32","0.00"," ","37,974","37,974","37,974","32","0","10.20","-0.15"," "
" "," ","","9935慶豐富","居家","12.92","12.92","12.92","32","0.00"," ","22,994","22,994","22,994","32","0","19.20","-0.10"," "
" "," ","","9937全國","油電燃氣","45.24","45.24","45.24","32","0.00"," ","139,839","139,839","139,839","32","0","55.40","0.10"," "
" "," ","","9938百和","其他","7.13","7.13","7.16","41","0.03"," ","21,255","21,255","21,340","41","85","43.95","-0.10"," "
" "," ","","9939宏全","其他","5.52","5.52","5.09","20","-0.43"," ","16,335","16,335","15,085","20","-1,250","131.50","0.00"," "
" "," ","","9940信義","其他","4.09","4.09","4.09","32","0.00"," ","30,197","30,197","30,197","32","0","19.25","-0.15"," "
" "," ","","9941裕融","其他","37.59","37.59","37.59","32","0.00"," ","254,036","254,036","254,036","32","0","81.00","-0.80"," "
" "," ","","9942茂順","其他","13.96","14.02","14.04","50","0.08"," ","11,614","11,668","11,678","50","64","118.00","-0.50"," "
" "," ","","9943好樂迪","觀光","33.84","33.84","33.84","32","0.00"," ","42,360","42,360","42,360","32","0","57.10","-0.30"," "
" "," ","","9944新麗","其他","31.49","31.49","31.49","32","0.00"," ","33,360","33,360","33,360","32","0","17.90","0.20"," "
" "," ","","9945潤泰新","其他","26.92","26.92","26.92","32","0.00"," ","765,787","765,787","765,836","41","50","27.00","0.20"," "
" "," ","","9946三發地產","營建","4.45","4.45","25.51","41","21.06"," ","14,554","14,554","83,327","41","68,773","19.65","0.20"," "
" "," ","","9955佳龍","綠能","38.73","38.73","38.73","32","0.00"," ","40,458","40,458","40,458","32","0","26.85","-0.25"," "
" "," ","","9958世紀鋼","鋼鐵","21.37","21.49","21.49","40","0.12"," ","52,771","53,081","53,081","40","310","116.00","-4.00"," "