契約,到期月份 (週別),契約到期日,履約價,買賣權,開盤價,最高價,最低價,最後 成交價,結算價,漲跌價,漲跌%,*盤後交易時段成交量,*一般交易時段成交量,*合計成交量,*未沖銷 契約量,最後 最佳買價,最後 最佳賣價,歷史 最高價,歷史 最低價
TXO,202607F5,20260731.0,35900.0,Call,-,-,-,-,-,-,-,0,0,0,0,-,-,-,-
TXO,202607F5,20260731.0,35900.0,Put,0.5,0.6,0.3,0.4,-,▼-1,▼-71.43%,0,57,57,55,-,0.3,0.6,0.3
TXO,202607F5,20260731.0,36000.0,Call,-,-,-,-,-,-,-,0,0,0,0,-,-,-,-
TXO,202607F5,20260731.0,36000.0,Put,0.3,1.3,0.1,0.3,-,▼-1.5,▼-83.33%,742,439,1181,1049,0.1,0.3,13.5,0.1
TXO,202607F5,20260731.0,36100.0,Call,-,-,-,-,-,-,-,0,0,0,0,-,-,-,-
TXO,202607F5,20260731.0,36100.0,Put,0.3,0.3,0.3,0.3,-,▼-1.6,▼-84.21%,77,52,129,129,0.1,0.3,8.8,0.3
TXO,202607F5,20260731.0,36200.0,Call,-,-,-,-,-,-,-,0,0,0,0,3.5,-,-,-
TXO,202607F5,20260731.0,36200.0,Put,0.3,0.3,0.3,0.3,-,▼-2.1,▼-87.50%,120,58,178,157,-,0.3,12,0.3
TXO,202607F5,20260731.0,36300.0,Call,-,-,-,-,-,-,-,0,0,0,0,3.3,-,-,-
TXO,202607F5,20260731.0,36300.0,Put,0.3,0.3,0.1,0.1,-,▼-2.4,▼-96.00%,181,10,191,196,-,0.2,12.5,0.1
TXO,202607F5,20260731.0,36400.0,Call,-,-,-,-,-,-,-,0,0,0,0,3.3,-,-,-
TXO,202607F5,20260731.0,36400.0,Put,0.3,0.3,0.2,0.2,-,▼-2.3,▼-92.00%,108,4,112,121,-,0.3,14.5,0.2
TXO,202607F5,20260731.0,36500.0,Call,-,-,-,-,-,-,-,0,0,0,0,3.3,-,-,-
TXO,202607F5,20260731.0,36500.0,Put,0.3,0.8,0.2,0.3,-,▼-2.7,▼-90.00%,158,35,193,117,-,0.3,16.5,0.2
TXO,202607F5,20260731.0,36600.0,Call,-,-,-,-,-,-,-,0,0,0,0,3.3,-,-,-
TXO,202607F5,20260731.0,36600.0,Put,0.3,0.3,0.1,0.1,-,▼-3.2,▼-96.97%,191,114,305,151,-,0.3,20.5,0.1
TXO,202607F5,20260731.0,36700.0,Call,-,-,-,-,-,-,-,0,0,0,0,3.3,-,-,-
TXO,202607F5,20260731.0,36700.0,Put,0.3,0.3,0.2,0.3,-,▼-3.6,▼-92.31%,247,40,287,210,-,0.3,20.5,0.2
TXO,202607F5,20260731.0,36800.0,Call,-,-,-,-,-,-,-,0,0,0,0,3.5,-,-,-
TXO,202607F5,20260731.0,36800.0,Put,0.4,0.9,0.4,0.4,-,▼-4.1,▼-91.11%,165,10,175,178,-,0.4,30,0.4
TXO,202607F5,20260731.0,36900.0,Call,-,-,-,-,-,-,-,0,0,0,0,3.3,-,-,-
TXO,202607F5,20260731.0,36900.0,Put,1,1,0.1,0.4,-,▼-4.6,▼-92.00%,333,25,358,212,-,0.4,28,0.1
TXO,202607F5,20260731.0,37000.0,Call,-,-,-,-,-,-,-,0,0,0,0,10,-,-,-
TXO,202607F5,20260731.0,37000.0,Put,0.5,1,0.3,0.3,-,▼-5.4,▼-94.74%,412,104,516,588,0.2,0.3,40,0.3
TXO,202607F5,20260731.0,37100.0,Call,-,-,-,-,-,-,-,0,0,0,0,3.3,-,-,-
TXO,202607F5,20260731.0,37100.0,Put,0.6,0.8,0.3,0.3,-,▼-6.7,▼-95.71%,116,16,132,161,-,0.5,36,0.3
TXO,202607F5,20260731.0,37200.0,Call,-,-,-,-,-,-,-,1,0,1,0,3.3,-,3470,3470
TXO,202607F5,20260731.0,37200.0,Put,1.2,1.2,0.3,0.3,-,▼-7,▼-95.89%,150,60,210,128,-,0.5,40,0.3
TXO,202607F5,20260731.0,37300.0,Call,-,-,-,-,-,-,-,0,0,0,0,3.3,-,-,-
TXO,202607F5,20260731.0,37300.0,Put,1,1.2,0.1,0.3,-,▼-7.6,▼-96.20%,258,59,317,327,-,0.5,44,0.1
TXO,202607F5,20260731.0,37400.0,Call,-,-,-,-,-,-,-,0,0,0,0,3.3,-,-,-
TXO,202607F5,20260731.0,37400.0,Put,0.9,1.6,0.1,0.1,-,▼-8.9,▼-98.89%,1901,423,2324,2979,-,0.3,148,0.1
TXO,202607F5,20260731.0,37500.0,Call,-,-,-,-,-,-,-,0,0,0,0,3.3,-,-,-
TXO,202607F5,20260731.0,37500.0,Put,0.3,1.4,0.3,0.3,-,▼-10.2,▼-97.14%,874,245,1119,910,0.2,0.4,160,0.2
TXO,202607F5,20260731.0,37600.0,Call,-,-,-,-,-,-,-,0,0,0,0,3.3,-,-,-
TXO,202607F5,20260731.0,37600.0,Put,0.8,1.4,0.2,0.2,-,▼-13.3,▼-98.52%,730,54,784,425,-,0.4,168,0.2
TXO,202607F5,20260731.0,37700.0,Call,-,-,-,-,-,-,-,0,0,0,0,3.3,-,-,-
TXO,202607F5,20260731.0,37700.0,Put,0.9,1.4,0.2,0.3,-,▼-15.7,▼-98.13%,753,86,839,425,-,0.5,172,0.2
TXO,202607F5,20260731.0,37800.0,Call,-,-,-,-,-,-,-,0,0,0,0,3.3,-,-,-
TXO,202607F5,20260731.0,37800.0,Put,0.3,1.4,0.1,0.2,-,▼-18.3,▼-98.92%,794,138,932,417,-,0.4,210,0.1
TXO,202607F5,20260731.0,37900.0,Call,-,-,-,-,-,-,-,1,0,1,0,3.3,-,2780,2780
TXO,202607F5,20260731.0,37900.0,Put,0.2,1.9,0.2,0.3,-,▼-19.7,▼-98.50%,543,126,669,352,0.2,0.5,212,0.2
TXO,202607F5,20260731.0,38000.0,Call,4370,4490,4370,4490,-,▲+2300,▲+105.02%,0,9,9,9,10,-,4490,1820
TXO,202607F5,20260731.0,38000.0,Put,1,1.2,0.1,0.3,-,▼-24.7,▼-98.80%,3857,635,4492,1924,-,0.3,256,0.1
TXO,202607F5,20260731.0,38100.0,Call,-,-,-,-,-,-,-,0,0,0,0,3.3,-,-,-
TXO,202607F5,20260731.0,38100.0,Put,2.1,2.1,0.2,0.6,-,▼-28.9,▼-97.97%,863,72,935,391,0.2,0.6,262,0.2
TXO,202607F5,20260731.0,38200.0,Call,-,-,-,-,-,-,-,4,0,4,2,3.3,-,3260,1540
TXO,202607F5,20260731.0,38200.0,Put,0.4,1.3,0.1,0.1,-,▼-33.9,▼-99.71%,1345,264,1609,1547,-,0.1,300,0.1
TXO,202607F5,20260731.0,38300.0,Call,-,-,-,-,-,-,-,1,0,1,400,3.3,-,2390,1550
TXO,202607F5,20260731.0,38300.0,Put,0.3,1.7,0.3,0.3,-,▼-37.7,▼-99.21%,1074,302,1376,286,-,0.4,301,0.3
TXO,202607F5,20260731.0,38400.0,Call,3970,3980,3970,3980,-,▲+2170,▲+119.89%,1,4,5,8,3.3,-,3980,1650
TXO,202607F5,20260731.0,38400.0,Put,1.4,1.6,0.1,0.1,-,▼-45.9,▼-99.78%,1567,437,2004,390,-,0.1,326,0.1
TXO,202607F5,20260731.0,38500.0,Call,-,-,-,-,-,-,-,1,0,1,0,3.3,-,2890,1860
TXO,202607F5,20260731.0,38500.0,Put,1.7,1.9,0.2,0.2,-,▼-59.8,▼-99.67%,2880,589,3469,759,0.2,0.5,380,0.2
TXO,202607F5,20260731.0,38600.0,Call,-,-,-,-,-,-,-,0,0,0,40,3.3,-,1700,1610
TXO,202607F5,20260731.0,38600.0,Put,0.3,2.4,0.3,0.3,-,▼-69.7,▼-99.57%,1723,312,2035,355,0.2,0.5,405,0.3
TXO,202607F5,20260731.0,38700.0,Call,-,-,-,-,-,-,-,1,0,1,401,3.3,-,1810,1290
TXO,202607F5,20260731.0,38700.0,Put,0.8,2,0.3,0.4,-,▼-83.6,▼-99.52%,1243,66,1309,261,0.1,0.4,435,0.3
TXO,202607F5,20260731.0,38750.0,Call,-,-,-,-,-,-,-,0,0,0,0,8.7,-,-,-
TXO,202607F5,20260731.0,38750.0,Put,-,-,-,-,-,-,-,0,0,0,0,-,0.6,-,-
TXO,202607F5,20260731.0,38800.0,Call,-,-,-,-,-,-,-,0,0,0,20,3.3,-,1700,1540
TXO,202607F5,20260731.0,38800.0,Put,1.3,2.5,0.2,0.3,-,▼-94.7,▼-99.68%,1447,58,1505,245,-,0.3,474,0.2
TXO,202607F5,20260731.0,38850.0,Call,-,-,-,-,-,-,-,0,0,0,0,87,-,-,-
TXO,202607F5,20260731.0,38850.0,Put,1.5,1.5,0.5,0.6,-,▼-100.4,▼-99.41%,400,6,406,56,-,0.6,286,0.5
TXO,202607F5,20260731.0,38900.0,Call,-,-,-,-,-,-,-,0,0,0,0,3.3,-,-,-
TXO,202607F5,20260731.0,38900.0,Put,3.1,11.5,0.1,0.1,-,▼-111.9,▼-99.91%,1173,124,1297,276,-,0.3,495,0.1
TXO,202607F5,20260731.0,38950.0,Call,-,-,-,-,-,-,-,0,0,0,0,4220,4240,-,-
TXO,202607F5,20260731.0,38950.0,Put,0.5,1.2,0.2,0.3,-,▼-112.7,▼-99.73%,375,21,396,74,0.2,0.6,266,0.2
TXO,202607F5,20260731.0,39000.0,Call,3390,3660,3390,3660,-,▲+2370,▲+183.72%,25,2,27,456,4170,4190,3660,1040
TXO,202607F5,20260731.0,39000.0,Put,1.4,3.1,0.2,0.2,-,▼-130.8,▼-99.85%,7059,545,7604,1890,0.2,0.3,590,0.2
TXO,202607F5,20260731.0,39050.0,Call,-,-,-,-,-,-,-,0,0,0,0,4120,4140,-,-
TXO,202607F5,20260731.0,39050.0,Put,1,2.6,0.1,0.1,-,▼-143.9,▼-99.93%,474,50,524,121,-,0.5,290,0.1
TXO,202607F5,20260731.0,39100.0,Call,-,-,-,-,-,-,-,8,0,8,3,4070,4090,1880,990
TXO,202607F5,20260731.0,39100.0,Put,2.2,2.9,0.3,0.3,-,▼-149.7,▼-99.80%,1030,66,1096,216,-,0.5,600,0.3
TXO,202607F5,20260731.0,39150.0,Call,-,-,-,-,-,-,-,0,0,0,0,4020,4040,-,-
TXO,202607F5,20260731.0,39150.0,Put,0.8,1.7,0.7,0.9,-,▼-160.1,▼-99.44%,409,17,426,77,-,0.5,392,0.7
TXO,202607F5,20260731.0,39200.0,Call,3580,3970,3580,3970,-,▲+2840,▲+251.33%,7,3,10,5,3970,3990,3970,960
TXO,202607F5,20260731.0,39200.0,Put,1,3,0.1,0.1,-,▼-169.9,▼-99.94%,1632,299,1931,468,-,0.3,620,0.1
TXO,202607F5,20260731.0,39250.0,Call,-,-,-,-,-,-,-,0,0,0,1,3920,3940,985,985
TXO,202607F5,20260731.0,39250.0,Put,1.3,2.6,0.8,0.8,-,▼-188.2,▼-99.58%,669,98,767,193,-,0.5,415,0.8
TXO,202607F5,20260731.0,39300.0,Call,3300,3300,3300,3300,-,▲+2240,▲+211.32%,11,1,12,152,3870,3890,3300,840
TXO,202607F5,20260731.0,39300.0,Put,1,3.4,0.3,0.3,-,▼-192.7,▼-99.84%,1999,438,2437,462,-,0.5,660,0.3
TXO,202607F5,20260731.0,39350.0,Call,-,-,-,-,-,-,-,2,0,2,4,3820,3840,1070,830
TXO,202607F5,20260731.0,39350.0,Put,4.9,4.9,0.1,0.3,-,▼-209.7,▼-99.86%,658,26,684,116,-,0.6,378,0.1
TXO,202607F5,20260731.0,39400.0,Call,-,-,-,-,-,-,-,4,0,4,14,3770,3790,1660,790
TXO,202607F5,20260731.0,39400.0,Put,2.4,3.5,0.2,0.3,-,▼-223.7,▼-99.87%,2051,430,2481,1958,0.1,0.3,735,0.2
TXO,202607F5,20260731.0,39450.0,Call,-,-,-,-,-,-,-,6,0,6,5,3720,3740,1000,735
TXO,202607F5,20260731.0,39450.0,Put,0.8,1.7,0.2,0.2,-,▼-249.8,▼-99.92%,643,20,663,129,-,0.5,540,0.2
TXO,202607F5,20260731.0,39500.0,Call,3200,3200,3050,3050,-,▲+2135,▲+233.33%,16,8,24,36,3670,3690,3200,600
TXO,202607F5,20260731.0,39500.0,Put,5.9,5.9,0.2,0.3,-,▼-259.7,▼-99.88%,4616,423,5039,768,-,0.4,750,0.2
TXO,202607F5,20260731.0,39550.0,Call,-,-,-,-,-,-,-,11,0,11,5,3620,3640,1210,715
TXO,202607F5,20260731.0,39550.0,Put,1.2,3,0.1,0.1,-,▼-273.9,▼-99.96%,538,35,573,96,-,0.4,555,0.1
TXO,202607F5,20260731.0,39600.0,Call,-,-,-,-,-,-,-,9,0,9,27,3570,3590,1750,575
TXO,202607F5,20260731.0,39600.0,Put,1.1,6.8,0.2,0.2,-,▼-285.8,▼-99.93%,1231,190,1421,422,-,0.5,860,0.2
TXO,202607F5,20260731.0,39650.0,Call,-,-,-,-,-,-,-,81,0,81,23,3520,3540,1020,645
TXO,202607F5,20260731.0,39650.0,Put,1.3,2.8,0.6,0.6,-,▼-289.4,▼-99.79%,742,27,769,231,-,0.6,595,0.6
TXO,202607F5,20260731.0,39700.0,Call,3000,3000,3000,3000,-,▲+2230,▲+289.61%,50,1,51,73,3470,3490,3000,550
TXO,202607F5,20260731.0,39700.0,Put,2.7,7.5,0.5,0.5,-,▼-320.5,▼-99.84%,1584,137,1721,310,-,0.6,900,0.5
TXO,202607F5,20260731.0,39750.0,Call,-,-,-,-,-,-,-,4,0,4,8,3420,3440,985,580
TXO,202607F5,20260731.0,39750.0,Put,2.7,2.7,0.3,0.3,-,▼-349.7,▼-99.91%,1068,203,1271,241,-,0.6,640,0.3
TXO,202607F5,20260731.0,39800.0,Call,2780,3130,2780,3130,-,▲+2420,▲+340.85%,124,4,128,49,3370,3390,3130,540
TXO,202607F5,20260731.0,39800.0,Put,2,7.7,0.2,0.2,-,▼-366.8,▼-99.95%,2492,242,2734,416,-,0.6,950,0.2
TXO,202607F5,20260731.0,39850.0,Call,2910,2910,2900,2900,-,▲+2230,▲+332.84%,84,2,86,16,3320,3340,2910,505
TXO,202607F5,20260731.0,39850.0,Put,1.3,5,0.6,0.6,-,▼-377.4,▼-99.84%,766,157,923,198,-,0.5,585,0.6
TXO,202607F5,20260731.0,39900.0,Call,2330,3250,2330,3250,-,▲+2590,▲+392.42%,136,11,147,40,3270,3290,3250,500
TXO,202607F5,20260731.0,39900.0,Put,2,7.5,0.1,0.3,-,▼-400.7,▼-99.93%,2768,1056,3824,623,-,0.5,1060,0.1
TXO,202607F5,20260731.0,39950.0,Call,2200,2850,2200,2850,-,▲+2220,▲+352.38%,160,7,167,36,3220,3240,2850,466
TXO,202607F5,20260731.0,39950.0,Put,3,5.9,0.1,0.3,-,▼-437.7,▼-99.93%,1440,222,1662,259,-,0.4,695,0.1
TXO,202607F5,20260731.0,40000.0,Call,2380,3180,2300,3180,-,▲+2580,▲+430.00%,781,98,879,256,3170,3190,3180,435
TXO,202607F5,20260731.0,40000.0,Put,6.6,9.7,0.2,0.6,-,▼-451.4,▼-99.87%,7621,1541,9162,2168,-,0.5,1100,0.2
TXO,202607F5,20260731.0,40050.0,Call,2470,2920,2470,2920,-,▲+2335,▲+399.15%,116,5,121,28,3120,3140,2920,441
TXO,202607F5,20260731.0,40050.0,Put,9.9,10,0.2,0.4,-,▼-465.6,▼-99.91%,884,75,959,175,-,0.6,885,0.2
TXO,202607F5,20260731.0,40100.0,Call,2030,2980,2030,2950,-,▲+2385,▲+422.12%,339,20,359,187,3070,3090,2980,400
TXO,202607F5,20260731.0,40100.0,Put,8.9,8.9,0.4,0.5,-,▼-473.5,▼-99.89%,1670,205,1875,463,-,0.6,1100,0.4
TXO,202607F5,20260731.0,40150.0,Call,2580,2650,2580,2650,-,▲+2125,▲+404.76%,145,3,148,26,3020,3040,2650,402
TXO,202607F5,20260731.0,40150.0,Put,6,8,0.2,0.2,-,▼-534.8,▼-99.96%,714,69,783,153,-,0.5,765,0.2
TXO,202607F5,20260731.0,40200.0,Call,1980,2930,1980,2930,-,▲+2425,▲+480.20%,439,17,456,257,2970,2990,2930,347
TXO,202607F5,20260731.0,40200.0,Put,9.9,10,0.1,0.1,-,▼-544.9,▼-99.98%,2503,300,2803,452,-,0.5,1200,0.1
TXO,202607F5,20260731.0,40250.0,Call,2340,2350,2340,2350,-,▲+1875,▲+394.74%,188,2,190,17,2920,2940,2350,341
TXO,202607F5,20260731.0,40250.0,Put,3.3,11,0.1,1,-,▼-564,▼-99.82%,893,63,956,133,-,0.5,815,0.1
TXO,202607F5,20260731.0,40300.0,Call,1660,2760,1660,2760,-,▲+2304,▲+505.26%,560,11,571,242,2870,2890,2760,326
TXO,202607F5,20260731.0,40300.0,Put,9.5,14,0.4,0.5,-,▼-594.5,▼-99.92%,2296,703,2999,401,0.1,0.5,1160,0.4
TXO,202607F5,20260731.0,40350.0,Call,1620,2280,1620,2280,-,▲+1835,▲+412.36%,204,2,206,50,2820,2840,2280,319
TXO,202607F5,20260731.0,40350.0,Put,3.1,15.5,0.5,0.5,-,▼-619.5,▼-99.92%,980,143,1123,234,-,0.5,855,0.5
TXO,202607F5,20260731.0,40400.0,Call,1780,2770,1780,2770,-,▲+2354,▲+565.87%,778,37,815,329,2770,2790,2770,290
TXO,202607F5,20260731.0,40400.0,Put,10,10.5,0.4,1,-,▼-649,▼-99.85%,1600,243,1843,270,-,0.5,1300,0.4
TXO,202607F5,20260731.0,40450.0,Call,1820,2200,1820,2200,-,▲+1816,▲+472.92%,287,2,289,144,2720,2740,2200,284
TXO,202607F5,20260731.0,40450.0,Put,26,26,0.1,0.3,-,▼-674.7,▼-99.96%,861,108,969,170,-,0.6,1120,0.1
TXO,202607F5,20260731.0,40500.0,Call,1550,2670,1550,2670,-,▲+2298,▲+617.74%,1816,223,2039,284,2670,2680,2670,253
TXO,202607F5,20260731.0,40500.0,Put,8,14.5,0.1,0.6,-,▼-684.4,▼-99.91%,3864,978,4842,799,-,0.6,1300,0.1
TXO,202607F5,20260731.0,40550.0,Call,1480,2400,1480,2400,-,▲+2042,▲+570.39%,357,7,364,70,2620,2640,2400,246
TXO,202607F5,20260731.0,40550.0,Put,10.5,11.5,0.3,0.3,-,▼-724.7,▼-99.96%,825,128,953,132,-,0.6,1060,0.3
TXO,202607F5,20260731.0,40600.0,Call,1590,2500,1590,2500,-,▲+2164,▲+644.05%,1168,66,1234,170,2580,2590,2500,230
TXO,202607F5,20260731.0,40600.0,Put,14.5,14.5,0.2,0.2,-,▼-759.8,▼-99.97%,1509,581,2090,522,0.2,0.6,1130,0.2
TXO,202607F5,20260731.0,40650.0,Call,1360,2160,1360,2160,-,▲+1840,▲+575.00%,335,26,361,57,2520,2540,2160,218
TXO,202607F5,20260731.0,40650.0,Put,11,11.5,0.2,0.2,-,▼-794.8,▼-99.97%,600,370,970,329,0.3,0.6,1100,0.2
TXO,202607F5,20260731.0,40700.0,Call,1280,2090,1280,2090,-,▲+1800,▲+620.69%,874,19,893,184,2470,2490,2090,202
TXO,202607F5,20260731.0,40700.0,Put,24.5,24.5,0.3,0.3,-,▼-829.7,▼-99.96%,1302,699,2001,612,0.2,0.6,1420,0.3
TXO,202607F5,20260731.0,40750.0,Call,1100,2000,1100,2000,-,▲+1720,▲+614.29%,402,31,433,53,2420,2440,2000,191
TXO,202607F5,20260731.0,40750.0,Put,15,19.5,0.4,0.6,-,▼-854.4,▼-99.93%,442,449,891,413,-,0.6,1150,0.4
TXO,202607F5,20260731.0,40800.0,Call,1000,2370,1000,2370,-,▲+2105,▲+794.34%,986,58,1044,225,2370,2390,2370,179
TXO,202607F5,20260731.0,40800.0,Put,30,33.5,0.3,0.6,-,▼-889.4,▼-99.93%,1514,1129,2643,715,-,0.6,1510,0.3
TXO,202607F5,20260731.0,40850.0,Call,1000,2230,1000,2230,-,▲+1994,▲+844.92%,501,73,574,137,2320,2340,2230,171
TXO,202607F5,20260731.0,40850.0,Put,21,22,0.5,0.5,-,▼-924.5,▼-99.95%,631,501,1132,397,-,0.6,1200,0.5
TXO,202607F5,20260731.0,40900.0,Call,1210,2140,1210,2140,-,▲+1907,▲+818.45%,826,44,870,146,2270,2290,2140,155
TXO,202607F5,20260731.0,40900.0,Put,40,40,0.2,0.2,-,▼-964.8,▼-99.98%,1429,1141,2570,514,-,0.4,1640,0.2
TXO,202607F5,20260731.0,40950.0,Call,1150,1810,1150,1710,-,▲+1497,▲+702.82%,588,37,625,132,2220,2240,1810,150
TXO,202607F5,20260731.0,40950.0,Put,30,44,0.3,0.3,-,▼-999.7,▼-99.97%,387,392,779,284,-,0.4,1220,0.3
TXO,202607F5,20260731.0,41000.0,Call,1010,2180,1000,2180,-,▲+1979,▲+984.58%,4711,1034,5745,562,2180,2190,2180,138
TXO,202607F5,20260731.0,41000.0,Put,50,52,0.1,0.3,-,▼-1029.7,▼-99.97%,3426,3697,7123,1463,-,0.4,1730,0.1
TXO,202607F5,20260731.0,41050.0,Call,1000,2140,1000,2140,-,▲+1954,"▲+1,050.54%",568,44,612,122,2120,2140,2140,101
TXO,202607F5,20260731.0,41050.0,Put,34.5,36,0.3,0.5,-,▼-1069.5,▼-99.95%,249,617,866,317,-,0.5,1420,0.3
TXO,202607F5,20260731.0,41100.0,Call,1050,2010,970,2010,-,▲+1834,"▲+1,042.05%",1103,141,1244,129,2070,2090,2010,120
TXO,202607F5,20260731.0,41100.0,Put,40,58,0.1,0.3,-,▼-1109.7,▼-99.97%,597,1132,1729,542,0.1,0.3,1800,0.1
TXO,202607F5,20260731.0,41150.0,Call,995,1800,995,1800,-,▲+1645,"▲+1,061.29%",514,26,540,73,2020,2040,1800,110
TXO,202607F5,20260731.0,41150.0,Put,66,66,0.8,1,-,▼-1139,▼-99.91%,215,372,587,200,-,0.5,1350,0.8
TXO,202607F5,20260731.0,41200.0,Call,880,1880,875,1880,-,▲+1730,"▲+1,153.33%",1612,129,1741,220,1970,1990,1880,101
TXO,202607F5,20260731.0,41200.0,Put,46.5,68,0.1,0.5,-,▼-1179.5,▼-99.96%,1476,2260,3736,995,0.1,0.5,1630,0.1
TXO,202607F5,20260731.0,41250.0,Call,710,1530,710,1530,-,▲+1391,"▲+1,000.72%",515,58,573,170,1920,1940,1530,95
TXO,202607F5,20260731.0,41250.0,Put,52,56,0.1,0.5,-,▼-1209.5,▼-99.96%,187,1011,1198,436,0.3,0.5,1670,0.1
TXO,202607F5,20260731.0,41300.0,Call,800,1880,800,1880,-,▲+1751,"▲+1,357.36%",1965,226,2191,308,1870,1880,1880,86
TXO,202607F5,20260731.0,41300.0,Put,71,98,0.2,0.2,-,▼-1259.8,▼-99.98%,496,2022,2518,664,0.2,0.6,1540,0.2
TXO,202607F5,20260731.0,41350.0,Call,680,1840,680,1840,-,▲+1723,"▲+1,472.65%",752,67,819,163,1830,1840,1840,79
TXO,202607F5,20260731.0,41350.0,Put,69,69,0.1,0.4,-,▼-1299.6,▼-99.97%,217,630,847,161,-,0.6,2070,0.1
TXO,202607F5,20260731.0,41400.0,Call,720,1780,720,1780,-,▲+1674,"▲+1,579.25%",1852,134,1986,247,1770,1790,1780,72
TXO,202607F5,20260731.0,41400.0,Put,67,78,0.1,0.4,-,▼-1339.6,▼-99.97%,441,1700,2141,540,-,0.4,1890,0.1
TXO,202607F5,20260731.0,41450.0,Call,468,1630,468,1600,-,▲+1508,"▲+1,639.13%",1061,79,1140,160,1720,1740,1630,65
TXO,202607F5,20260731.0,41450.0,Put,121,121,0.1,0.3,-,▼-1379.7,▼-99.98%,166,1100,1266,273,-,0.4,1840,0.1
TXO,202607F5,20260731.0,41500.0,Call,550,1680,550,1680,-,▲+1592,"▲+1,809.09%",5960,900,6860,599,1680,1690,1680,60
TXO,202607F5,20260731.0,41500.0,Put,122,126,0.2,0.3,-,▼-1419.7,▼-99.98%,1536,4547,6083,1193,0.2,0.4,1900,0.2
TXO,202607F5,20260731.0,41550.0,Call,575,1560,575,1560,-,▲+1482,"▲+1,900.00%",1139,104,1243,254,1630,1640,1560,54
TXO,202607F5,20260731.0,41550.0,Put,111,111,0.1,0.1,-,▼-1459.9,▼-99.99%,121,1175,1296,311,-,0.4,1690,0.1
TXO,202607F5,20260731.0,41600.0,Call,480,1580,480,1580,-,▲+1508,"▲+2,094.44%",2513,398,2911,226,1580,1590,1580,47.5
TXO,202607F5,20260731.0,41600.0,Put,162,162,0.1,0.2,-,▼-1509.8,▼-99.99%,329,3036,3365,973,-,0.4,2100,0.1
TXO,202607F5,20260731.0,41650.0,Call,505,1530,490,1530,-,▲+1469,"▲+2,408.20%",1137,128,1265,245,1520,1530,1530,43
TXO,202607F5,20260731.0,41650.0,Put,121,121,0.2,0.3,-,▼-1549.7,▼-99.98%,68,2038,2106,684,0.2,0.4,1360,0.2
TXO,202607F5,20260731.0,41700.0,Call,550,1490,481,1490,-,▲+1440,"▲+2,880.00%",3667,839,4506,655,1470,1490,1490,38
TXO,202607F5,20260731.0,41700.0,Put,135,137,0.1,0.4,-,▼-1589.6,▼-99.97%,98,3771,3869,958,-,0.4,2150,0.1
TXO,202607F5,20260731.0,41750.0,Call,500,1430,468,1430,-,▲+1380.5,"▲+2,788.89%",1012,122,1134,205,1420,1440,1430,32
TXO,202607F5,20260731.0,41750.0,Put,130,155,0.4,0.4,-,▼-1639.6,▼-99.98%,74,2257,2331,554,-,0.4,2200,0.4
TXO,202607F5,20260731.0,41800.0,Call,380,1380,353,1370,-,▲+1325,"▲+2,944.44%",4644,1280,5924,847,1370,1390,2230,28.5
TXO,202607F5,20260731.0,41800.0,Put,226,226,0.3,0.3,-,▼-1679.7,▼-99.98%,373,5390,5763,1762,0.2,0.5,2300,0.3
TXO,202607F5,20260731.0,41850.0,Call,409,1330,400,1330,-,▲+1293,"▲+3,494.59%",1062,182,1244,219,1320,1340,1330,23.5
TXO,202607F5,20260731.0,41850.0,Put,166,166,0.6,0.6,-,▼-1729.4,▼-99.97%,82,1927,2009,674,-,0.5,1800,0.6
TXO,202607F5,20260731.0,41900.0,Call,250,1340,250,1280,-,▲+1246,"▲+3,664.71%",1914,945,2859,586,1270,1280,1340,21.5
TXO,202607F5,20260731.0,41900.0,Put,280,280,0.2,0.2,-,▼-1769.8,▼-99.99%,28,2458,2486,572,-,0.5,2080,0.2
TXO,202607F5,20260731.0,41950.0,Call,287,1150,287,1150,-,▲+1123,"▲+4,159.26%",1174,247,1421,215,1220,1240,1150,19
TXO,202607F5,20260731.0,41950.0,Put,200,200,0.1,0.1,-,▼-1819.9,▼-99.99%,4,1449,1453,415,0.1,0.4,2060,0.1
TXO,202607F5,20260731.0,42000.0,Call,232,1180,230,1170,-,▲+1144.5,"▲+4,488.24%",9252,4823,14075,1608,1170,1180,1180,11
TXO,202607F5,20260731.0,42000.0,Put,301,301,0.1,0.4,-,▼-1859.6,▼-99.98%,90,11146,11236,2152,-,0.4,2500,0.1
TXO,202607F5,20260731.0,42050.0,Call,200,1070,200,1070,-,▲+1046,"▲+4,358.33%",1370,472,1842,178,1120,1140,1070,14
TXO,202607F5,20260731.0,42050.0,Put,162,162,0.1,0.1,-,▼-1909.9,▼-99.99%,1,1618,1619,321,-,0.7,2190,0.1
TXO,202607F5,20260731.0,42100.0,Call,170,1090,170,1090,-,▲+1070,"▲+5,350.00%",2212,961,3173,464,1080,1090,1090,11.5
TXO,202607F5,20260731.0,42100.0,Put,263,290,0.1,0.2,-,▼-1959.8,▼-99.99%,25,3223,3248,741,-,0.6,1280,0.1
TXO,202607F5,20260731.0,42150.0,Call,150,1020,150,1020,-,▲+1003,"▲+5,900.00%",1077,514,1591,140,1020,1040,2700,10.5
TXO,202607F5,20260731.0,42150.0,Put,215,249,0.1,0.1,-,▼-2009.9,▼-100.00%,3,1538,1541,298,-,0.2,2000,0.1
TXO,202607F5,20260731.0,42200.0,Call,156,990,156,985,-,▲+968.5,"▲+5,869.70%",2809,1991,4800,411,980,990,990,5.8
TXO,202607F5,20260731.0,42200.0,Put,300,329,0.1,0.3,-,▼-2049.7,▼-99.99%,7,4920,4927,817,0.2,0.4,1810,0.1
TXO,202607F5,20260731.0,42250.0,Call,155,940,105,935,-,▲+920.5,"▲+6,348.28%",820,600,1420,200,925,940,940,6.4
TXO,202607F5,20260731.0,42250.0,Put,269,269,0.4,0.4,-,▼-2099.6,▼-99.98%,1,1861,1862,315,0.2,0.4,2260,0.4
TXO,202607F5,20260731.0,42300.0,Call,102,890,102,875,-,▲+862,"▲+6,630.77%",1798,2247,4045,381,875,890,1840,6.1
TXO,202607F5,20260731.0,42300.0,Put,310,310,0.2,0.2,-,▼-2149.8,▼-99.99%,9,4010,4019,780,0.1,0.6,2410,0.2
TXO,202607F5,20260731.0,42350.0,Call,98,830,98,830,-,▲+820,"▲+8,200.00%",738,979,1717,280,830,835,830,5.9
TXO,202607F5,20260731.0,42350.0,Put,402,402,0.2,0.2,-,▼-2199.8,▼-99.99%,1,2088,2089,436,0.2,0.5,1700,0.2
TXO,202607F5,20260731.0,42400.0,Call,101,780,101,775,-,▲+767,"▲+9,587.50%",1751,3246,4997,326,775,785,1070,5
TXO,202607F5,20260731.0,42400.0,Put,390,450,0.2,0.4,-,▼-2249.6,▼-99.98%,0,5306,5306,982,0.3,0.5,1910,0.2
TXO,202607F5,20260731.0,42450.0,Call,77,730,77,725,-,▲+717.6,"▲+9,697.30%",614,1454,2068,164,725,735,730,4.9
TXO,202607F5,20260731.0,42450.0,Put,437,485,0.4,0.4,-,▼-2299.6,▼-99.98%,0,3867,3867,834,-,0.6,2320,0.4
TXO,202607F5,20260731.0,42500.0,Call,58,685,58,685,-,▲+677.9,"▲+9,547.89%",3538,11632,15170,1289,675,685,995,4.1
TXO,202607F5,20260731.0,42500.0,Put,491,515,0.1,0.3,-,▼-2349.7,▼-99.99%,21,13834,13855,2492,-,0.4,2840,0.1
TXO,202607F5,20260731.0,42550.0,Call,45.5,625,45.5,625,-,▲+618.2,"▲+9,091.18%",654,2416,3070,332,625,635,625,4.1
TXO,202607F5,20260731.0,42550.0,Put,510,510,0.1,0.1,-,▼-2399.9,▼-100.00%,0,4172,4172,463,-,0.3,2640,0.1
TXO,202607F5,20260731.0,42600.0,Call,40,585,40,580,-,▲+573.6,"▲+8,962.50%",856,7280,8136,650,575,580,1130,3
TXO,202607F5,20260731.0,42600.0,Put,535,535,0.1,0.1,-,▼-2449.9,▼-100.00%,2,9244,9246,1176,-,0.1,1680,0.1
TXO,202607F5,20260731.0,42650.0,Call,35,535,35,525,-,▲+519.8,"▲+9,996.15%",646,5275,5921,603,525,535,535,2.1
TXO,202607F5,20260731.0,42650.0,Put,575,580,0.1,0.1,-,▼-2499.9,▼-100.00%,52,4905,4957,1063,-,0.1,2800,0.1
TXO,202607F5,20260731.0,42700.0,Call,27,483,27,479,-,▲+474,"▲+9,480.00%",1133,11278,12411,1113,479,481,1120,2.9
TXO,202607F5,20260731.0,42700.0,Put,500,500,0.1,0.1,-,▼-2549.9,▼-100.00%,0,9554,9554,1530,-,0.3,2710,0.1
TXO,202607F5,20260731.0,42750.0,Call,30,440,30,431,-,▲+426.7,"▲+9,923.26%",331,6494,6825,385,431,433,440,2.7
TXO,202607F5,20260731.0,42750.0,Put,485,485,0.1,0.3,-,▼-2599.7,▼-99.99%,0,6337,6337,1236,-,0.1,520,0.1
TXO,202607F5,20260731.0,42800.0,Call,16,385,16,379,-,▲+375,"▲+9,375.00%",605,18592,19197,1114,379,380,1460,2.3
TXO,202607F5,20260731.0,42800.0,Put,500,500,0.1,0.3,-,▼-2639.7,▼-99.99%,4,19327,19331,1863,-,0.2,2710,0.1
TXO,202607F5,20260731.0,42850.0,Call,15.5,333,15.5,331,-,▲+327.5,"▲+9,357.14%",237,11385,11622,804,330,331,370,2.1
TXO,202607F5,20260731.0,42850.0,Put,525,525,0.2,0.2,-,▼-2689.8,▼-99.99%,0,4792,4792,1756,-,0.3,1100,0.2
TXO,202607F5,20260731.0,42900.0,Call,11,286,11,280,-,▲+276.8,"▲+8,650.00%",557,18396,18953,1991,280,282,995,2.1
TXO,202607F5,20260731.0,42900.0,Put,491,645,0.1,0.1,-,▼-2739.9,▼-100.00%,1,6702,6703,1841,-,0.1,2520,0.1
TXO,202607F5,20260731.0,42950.0,Call,12,235,9.3,230,-,▲+226.8,"▲+7,087.50%",89,11886,11975,802,230,231,283,1.8
TXO,202607F5,20260731.0,42950.0,Put,387,463,0.1,0.1,-,▼-2789.9,▼-100.00%,2,5084,5086,1577,-,0.1,2290,0.1
TXO,202607F5,20260731.0,43000.0,Call,6.1,184,4.6,179,-,▲+176,"▲+5,866.67%",9123,42653,51776,9976,179,180,1390,0.8
TXO,202607F5,20260731.0,43000.0,Put,755,760,0.1,0.2,-,▼-2839.8,▼-99.99%,12,12785,12797,3467,0.2,0.4,3100,0.1
TXO,202607F5,20260731.0,43050.0,Call,8,136,3,130,-,▲+127.2,"▲+4,542.86%",249,9158,9407,910,130,131,1970,0.9
TXO,202607F5,20260731.0,43050.0,Put,319,498,0.2,0.2,-,▼-2889.8,▼-99.99%,2,4470,4472,1213,-,0.2,3000,0.2
TXO,202607F5,20260731.0,43100.0,Call,3,86,2.4,80,-,▲+77.7,"▲+3,378.26%",285,19002,19287,1655,80,81,1210,0.5
TXO,202607F5,20260731.0,43100.0,Put,550,605,0.1,0.3,-,▼-2939.7,▼-99.99%,1,7090,7091,2370,0.1,0.3,3160,0.1
TXO,202607F5,20260731.0,43150.0,Call,6,40,0.9,31,-,▲+28.9,"▲+1,376.19%",121,11957,12078,1516,31,31.5,1320,0.4
TXO,202607F5,20260731.0,43150.0,Put,540,650,0.1,0.4,-,▼-2989.6,▼-99.99%,1,3626,3627,1770,0.1,0.4,3220,0.1
TXO,202607F5,20260731.0,43200.0,Call,2,32,0.1,0.3,-,▼-1.7,▼-85.00%,253,10851,11104,3760,0.2,0.3,1350,0.1
TXO,202607F5,20260731.0,43200.0,Put,1120,1120,15,17.5,-,▼-3022.5,▼-99.42%,1,2703,2704,525,17.5,18.5,2990,15
TXO,202607F5,20260731.0,43250.0,Call,5,50,0.1,0.3,-,▼-1.5,▼-83.33%,66,3665,3731,1245,0.2,0.3,200,0.1
TXO,202607F5,20260731.0,43250.0,Put,680,680,65,69,-,▼-3021,▼-97.77%,0,350,350,108,67,69,680,65
TXO,202607F5,20260731.0,43300.0,Call,1.1,74,0.1,0.2,-,▼-1.5,▼-88.24%,130,3310,3440,1588,-,0.1,1130,0.1
TXO,202607F5,20260731.0,43300.0,Put,705,780,115,119,-,▼-3021,▼-96.21%,1,468,469,78,117,119,3700,115
TXO,202607F5,20260731.0,43350.0,Call,2.4,11.5,0.2,0.2,-,▼-1.3,▼-86.67%,76,1362,1438,567,-,2,900,0.2
TXO,202607F5,20260731.0,43350.0,Put,620,620,165,168,-,▼-3022,▼-94.73%,1,101,102,37,167,169,3620,165
TXO,202607F5,20260731.0,43400.0,Call,2,8.9,0.1,0.3,-,▼-1.2,▼-80.00%,176,1854,2030,837,-,0.3,1080,0.1
TXO,202607F5,20260731.0,43400.0,Put,650,800,216,221,-,▼-3019,▼-93.18%,4,82,86,16,217,219,3500,216
TXO,202607F5,20260731.0,43450.0,Call,0.3,6.1,0.2,0.3,-,▼-1,▼-76.92%,26,1125,1151,764,-,0.3,950,0.2
TXO,202607F5,20260731.0,43450.0,Put,760,775,266,267,-,▼-3023,▼-91.88%,1,64,65,15,267,269,3230,266
TXO,202607F5,20260731.0,43500.0,Call,3,5.5,0.1,0.3,-,▼-1,▼-76.92%,587,3225,3812,3560,-,0.7,1030,0.1
TXO,202607F5,20260731.0,43500.0,Put,1190,1190,302,302,-,▼-3038,▼-90.96%,1,92,93,20,317,319,3810,302
TXO,202607F5,20260731.0,43550.0,Call,0.7,4.1,0.1,0.1,-,▼-1.2,▼-92.31%,21,85,106,329,-,0.1,890,0.1
TXO,202607F5,20260731.0,43550.0,Put,780,780,780,780,-,▼-2610,▼-76.99%,1,1,2,1,368,370,3840,590
TXO,202607F5,20260731.0,43600.0,Call,2,4.9,0.1,0.1,-,▼-1.2,▼-92.31%,110,90,200,351,-,0.3,1420,0.1
TXO,202607F5,20260731.0,43600.0,Put,1240,1240,417,417,-,▼-3023,▼-87.88%,3,40,43,9,417,420,3690,417
TXO,202607F5,20260731.0,43650.0,Call,2,2,0.4,0.4,-,▼-0.9,▼-69.23%,8,18,26,104,-,0.3,830,0.3
TXO,202607F5,20260731.0,43650.0,Put,890,910,467,467,-,▼-3023,▼-86.62%,0,15,15,6,467,471,1300,467
TXO,202607F5,20260731.0,43700.0,Call,0.9,3.5,0.1,0.1,-,▼-1.2,▼-92.31%,28,149,177,356,-,0.3,1000,0.1
TXO,202607F5,20260731.0,43700.0,Put,995,995,515,515,-,▼-3025,▼-85.45%,0,8,8,4,515,525,4070,515
TXO,202607F5,20260731.0,43750.0,Call,0.2,2,0.2,0.3,-,▼-0.9,▼-75.00%,6,36,42,137,-,0.3,990,0.2
TXO,202607F5,20260731.0,43750.0,Put,-,-,-,-,-,-,-,0,0,0,2,565,575,4030,790
TXO,202607F5,20260731.0,43800.0,Call,0.1,2.4,0.1,0.1,-,▼-1.1,▼-91.67%,14,67,81,186,0.1,0.6,1100,0.1
TXO,202607F5,20260731.0,43800.0,Put,625,625,625,625,-,▼-3015,▼-82.83%,0,1,1,1,615,625,1400,540
TXO,202607F5,20260731.0,43850.0,Call,0.8,2,0.4,0.5,-,▼-0.7,▼-58.33%,9,10,19,105,-,2,865,0.2
TXO,202607F5,20260731.0,43850.0,Put,-,-,-,-,-,-,-,1,0,1,1,665,675,4210,760
TXO,202607F5,20260731.0,43900.0,Call,1.2,1.8,0.1,0.5,-,▼-0.7,▼-58.33%,35,60,95,231,-,1.4,870,0.1
TXO,202607F5,20260731.0,43900.0,Put,1070,1150,1070,1130,-,▼-2610,▼-69.79%,1,4,5,1,715,725,3240,645
TXO,202607F5,20260731.0,43950.0,Call,0.8,0.8,0.3,0.6,-,▼-0.6,▼-50.00%,20,20,40,107,-,0.6,850,0.2
TXO,202607F5,20260731.0,43950.0,Put,-,-,-,-,-,-,-,0,0,0,1,765,775,1140,805
TXO,202607F5,20260731.0,44000.0,Call,0.6,2,0.1,0.1,-,▼-1.1,▼-91.67%,283,583,866,2314,-,0.2,1500,0.1
TXO,202607F5,20260731.0,44000.0,Put,1250,1250,1180,1180,-,▼-2660,▼-69.27%,0,4,4,7,815,825,4120,555
TXO,202607F5,20260731.0,44050.0,Call,0.3,0.3,0.3,0.3,-,▼-0.9,▼-75.00%,3,31,34,50,-,1.2,795,0.2
TXO,202607F5,20260731.0,44050.0,Put,-,-,-,-,-,-,-,1,0,1,5,865,875,3390,850
TXO,202607F5,20260731.0,44100.0,Call,0.3,0.4,0.2,0.4,-,▼-0.6,▼-60.00%,23,11,34,140,-,0.8,1030,0.2
TXO,202607F5,20260731.0,44100.0,Put,-,-,-,-,-,-,-,0,0,0,6,915,925,2570,875
TXO,202607F5,20260731.0,44150.0,Call,0.3,0.4,0.2,0.3,-,▼-0.7,▼-70.00%,3,10,13,36,-,0.2,1440,0.2
TXO,202607F5,20260731.0,44150.0,Put,-,-,-,-,-,-,-,1,0,1,0,795,-,3490,885
TXO,202607F5,20260731.0,44200.0,Call,0.3,0.4,0.3,0.4,-,▼-0.5,▼-55.56%,4,2,6,65,-,0.3,1000,0.2
TXO,202607F5,20260731.0,44200.0,Put,-,-,-,-,-,-,-,0,0,0,5,845,-,2660,920
TXO,202607F5,20260731.0,44250.0,Call,0.3,0.3,0.3,0.3,-,▼-0.5,▼-62.50%,1,11,12,33,-,2.8,1400,0.3
TXO,202607F5,20260731.0,44250.0,Put,-,-,-,-,-,-,-,0,0,0,5,1060,-,2330,670
TXO,202607F5,20260731.0,44300.0,Call,5,5,0.1,0.2,-,▼-0.5,▼-71.43%,5,12,17,71,-,0.3,855,0.1
TXO,202607F5,20260731.0,44300.0,Put,-,-,-,-,-,-,-,1,0,1,1,945,-,3640,870
TXO,202607F5,20260731.0,44350.0,Call,-,-,-,-,-,-,-,4,0,4,30,-,0.6,775,0.2
TXO,202607F5,20260731.0,44350.0,Put,-,-,-,-,-,-,-,0,0,0,5,995,-,2800,740
TXO,202607F5,20260731.0,44400.0,Call,0.5,0.5,0.4,0.4,-,▼-0.2,▼-33.33%,2,12,14,108,-,5,1050,0.1
TXO,202607F5,20260731.0,44400.0,Put,-,-,-,-,-,-,-,0,0,0,1,1050,-,2790,635
TXO,202607F5,20260731.0,44450.0,Call,0.4,0.4,0.4,0.4,-,▼-0.1,▼-20.00%,9,2,11,185,-,3,810,0.2
TXO,202607F5,20260731.0,44450.0,Put,1640,1640,1640,1640,-,▼-2650,▼-61.77%,0,1,1,0,-,-,1640,1640
TXO,202607F5,20260731.0,44500.0,Call,0.2,0.3,0.2,0.3,-,▼-0.2,▼-40.00%,80,8,88,7801,-,0.3,1220,0.1
TXO,202607F5,20260731.0,44500.0,Put,-,-,-,-,-,-,-,1,0,1,5,-,-,3840,1000
TXO,202607F5,20260731.0,44550.0,Call,0.4,0.4,0.4,0.4,-,0,0%,7,2,9,276,-,0.2,870,0.2
TXO,202607F5,20260731.0,44550.0,Put,-,-,-,-,-,-,-,0,0,0,10,-,-,1020,985
TXO,202607F5,20260731.0,44600.0,Call,-,-,-,-,-,-,-,2,0,2,203,-,5,530,0.2
TXO,202607F5,20260731.0,44600.0,Put,-,-,-,-,-,-,-,1,0,1,3,-,-,3940,700
TXO,202607F5,20260731.0,44650.0,Call,-,-,-,-,-,-,-,0,0,0,131,-,2,54,0.2
TXO,202607F5,20260731.0,44650.0,Put,-,-,-,-,-,-,-,0,0,0,0,-,-,1420,1040
TXO,202607F5,20260731.0,44700.0,Call,-,-,-,-,-,-,-,3,0,3,127,-,99,940,0.2
TXO,202607F5,20260731.0,44700.0,Put,-,-,-,-,-,-,-,0,0,0,6,-,-,1530,800
TXO,202607F5,20260731.0,44750.0,Call,-,-,-,-,-,-,-,3,0,3,69,-,99,1010,0.2
TXO,202607F5,20260731.0,44750.0,Put,-,-,-,-,-,-,-,0,0,0,0,-,-,1470,1110
TXO,202607F5,20260731.0,44800.0,Call,-,-,-,-,-,-,-,3,0,3,55,-,4.9,995,0.2
TXO,202607F5,20260731.0,44800.0,Put,-,-,-,-,-,-,-,0,0,0,2,-,-,995,795
TXO,202607F5,20260731.0,44850.0,Call,-,-,-,-,-,-,-,0,0,0,45,-,99,620,2
TXO,202607F5,20260731.0,44850.0,Put,-,-,-,-,-,-,-,0,0,0,0,-,-,-,-
TXO,202607F5,20260731.0,44900.0,Call,0.3,0.3,0.3,0.3,-,0,0%,0,5,5,47,-,1.5,860,0.2
TXO,202607F5,20260731.0,44900.0,Put,-,-,-,-,-,-,-,0,0,0,1,-,-,1040,1040
TXO,202607F5,20260731.0,44950.0,Call,0.4,0.4,0.4,0.4,-,▲+0.1,▲+33.33%,0,11,11,13,-,0.4,530,0.4
TXO,202607F5,20260731.0,44950.0,Put,-,-,-,-,-,-,-,0,0,0,5,-,-,880,880
TXO,202607F5,20260731.0,45000.0,Call,0.3,0.3,0.3,0.3,-,0,0%,26,2,28,463,-,0.1,955,0.1
TXO,202607F5,20260731.0,45000.0,Put,2370,2370,2370,2370,-,▼-2470,▼-51.03%,0,1,1,3,-,-,2370,980
TXO,202607F5,20260731.0,45050.0,Call,-,-,-,-,-,-,-,2,0,2,32,-,8.8,790,0.2
TXO,202607F5,20260731.0,45050.0,Put,-,-,-,-,-,-,-,0,0,0,0,-,-,-,-
TXO,202607F5,20260731.0,45100.0,Call,0.4,0.4,0.4,0.4,-,▲+0.2,▲+100.00%,7,1,8,137,-,22.5,905,0.1
TXO,202607F5,20260731.0,45100.0,Put,-,-,-,-,-,-,-,0,0,0,6,-,-,4500,940
TXO,202607F5,20260731.0,45150.0,Call,-,-,-,-,-,-,-,5,0,5,13,-,99,188,0.2
TXO,202607F5,20260731.0,45150.0,Put,-,-,-,-,-,-,-,0,0,0,0,-,-,4500,1110
TXO,202607F5,20260731.0,45200.0,Call,-,-,-,-,-,-,-,1,0,1,10,-,99,800,0.2
TXO,202607F5,20260731.0,45200.0,Put,-,-,-,-,-,-,-,0,0,0,0,-,-,-,-
TXO,202607F5,20260731.0,45250.0,Call,-,-,-,-,-,-,-,0,0,0,11,-,99,690,0.1
TXO,202607F5,20260731.0,45250.0,Put,-,-,-,-,-,-,-,0,0,0,0,-,-,-,-
TXO,202607F5,20260731.0,45300.0,Call,-,-,-,-,-,-,-,1,0,1,16,-,99,530,0.2
TXO,202607F5,20260731.0,45300.0,Put,-,-,-,-,-,-,-,0,0,0,0,-,-,-,-
TXO,202607F5,20260731.0,45350.0,Call,-,-,-,-,-,-,-,0,0,0,9,-,-,418,6.7
TXO,202607F5,20260731.0,45350.0,Put,-,-,-,-,-,-,-,0,0,0,0,-,-,-,-
TXO,202607F5,20260731.0,45400.0,Call,-,-,-,-,-,-,-,1,0,1,42,-,5,660,0.6
TXO,202607F5,20260731.0,45400.0,Put,-,-,-,-,-,-,-,0,0,0,0,-,-,-,-
TXO,202607F5,20260731.0,45450.0,Call,-,-,-,-,-,-,-,0,0,0,13,-,-,505,2
TXO,202607F5,20260731.0,45450.0,Put,-,-,-,-,-,-,-,0,0,0,0,-,-,-,-
TXO,202607F5,20260731.0,45500.0,Call,-,-,-,-,-,-,-,2,0,2,105,0.1,3,800,0.2
TXO,202607F5,20260731.0,45500.0,Put,-,-,-,-,-,-,-,0,0,0,0,-,-,-,-
TXO,202607F5,20260731.0,45550.0,Call,-,-,-,-,-,-,-,0,0,0,24,-,50,410,2.3
TXO,202607F5,20260731.0,45550.0,Put,-,-,-,-,-,-,-,0,0,0,0,-,-,-,-
TXO,202607F5,20260731.0,45600.0,Call,-,-,-,-,-,-,-,2,0,2,86,-,2.5,223,0.1
TXO,202607F5,20260731.0,45600.0,Put,-,-,-,-,-,-,-,0,0,0,0,-,-,-,-
TXO,202607F5,20260731.0,45650.0,Call,-,-,-,-,-,-,-,0,0,0,2,-,10,520,0.9
TXO,202607F5,20260731.0,45650.0,Put,-,-,-,-,-,-,-,0,0,0,0,-,-,-,-
TXO,202607F5,20260731.0,45700.0,Call,-,-,-,-,-,-,-,0,0,0,33,-,10,288,0.1
TXO,202607F5,20260731.0,45700.0,Put,-,-,-,-,-,-,-,0,0,0,0,-,-,-,-
TXO,202607F5,20260731.0,45750.0,Call,-,-,-,-,-,-,-,0,0,0,1,-,-,213,0.7
TXO,202607F5,20260731.0,45750.0,Put,-,-,-,-,-,-,-,0,0,0,0,-,-,-,-
TXO,202607F5,20260731.0,45800.0,Call,-,-,-,-,-,-,-,0,0,0,34,-,14,570,0.2
TXO,202607F5,20260731.0,45800.0,Put,-,-,-,-,-,-,-,0,0,0,0,-,-,-,-
TXO,202607F5,20260731.0,45850.0,Call,-,-,-,-,-,-,-,0,0,0,5,-,-,160,5
TXO,202607F5,20260731.0,45850.0,Put,-,-,-,-,-,-,-,0,0,0,0,-,-,-,-
TXO,202607F5,20260731.0,45900.0,Call,0.1,0.1,0.1,0.1,-,▼-0.1,▼-50.00%,0,1,1,6,-,0.4,515,0.1
TXO,202607F5,20260731.0,45900.0,Put,-,-,-,-,-,-,-,0,0,0,0,-,-,-,-
TXO,202607F5,20260731.0,45950.0,Call,-,-,-,-,-,-,-,0,0,0,17,-,-,414,4.8
TXO,202607F5,20260731.0,45950.0,Put,-,-,-,-,-,-,-,0,0,0,0,-,-,-,-
TXO,202607F5,20260731.0,46000.0,Call,-,-,-,-,-,-,-,12,0,12,724,-,1,590,0.1
TXO,202607F5,20260731.0,46000.0,Put,-,-,-,-,-,-,-,0,0,0,0,-,-,-,-
TXO,202607F5,20260731.0,46050.0,Call,-,-,-,-,-,-,-,0,0,0,2,-,-,448,0.2
TXO,202607F5,20260731.0,46050.0,Put,-,-,-,-,-,-,-,0,0,0,0,-,-,-,-
TXO,202607F5,20260731.0,46100.0,Call,-,-,-,-,-,-,-,0,0,0,53,-,-,500,0.3
TXO,202607F5,20260731.0,46100.0,Put,-,-,-,-,-,-,-,0,0,0,0,-,-,-,-
TXO,202607F5,20260731.0,46150.0,Call,0.4,0.4,0.4,0.4,-,▲+0.2,▲+100.00%,0,1,1,12,-,-,433,0.2
TXO,202607F5,20260731.0,46150.0,Put,-,-,-,-,-,-,-,0,0,0,0,-,-,-,-
TXO,202607F5,20260731.0,46200.0,Call,-,-,-,-,-,-,-,0,0,0,23,-,-,460,0.2
TXO,202607F5,20260731.0,46200.0,Put,-,-,-,-,-,-,-,0,0,0,0,-,-,-,-
TXO,202607F5,20260731.0,46250.0,Call,-,-,-,-,-,-,-,0,0,0,8,-,-,180,0.2
TXO,202607F5,20260731.0,46250.0,Put,-,-,-,-,-,-,-,0,0,0,0,-,-,-,-
TXO,202607F5,20260731.0,46300.0,Call,-,-,-,-,-,-,-,1,0,1,14,-,-,403,0.2
TXO,202607F5,20260731.0,46300.0,Put,-,-,-,-,-,-,-,0,0,0,0,-,-,-,-
TXO,202607F5,20260731.0,46350.0,Call,-,-,-,-,-,-,-,0,0,0,2,-,-,192,37
TXO,202607F5,20260731.0,46350.0,Put,-,-,-,-,-,-,-,0,0,0,0,-,-,-,-
TXO,202607F5,20260731.0,46400.0,Call,-,-,-,-,-,-,-,0,0,0,58,-,10,229,0.2
TXO,202607F5,20260731.0,46400.0,Put,-,-,-,-,-,-,-,0,0,0,0,-,-,-,-
TXO,202607F5,20260731.0,46450.0,Call,-,-,-,-,-,-,-,0,0,0,1,-,-,400,0.2
TXO,202607F5,20260731.0,46450.0,Put,-,-,-,-,-,-,-,0,0,0,0,-,-,-,-
TXO,202607F5,20260731.0,46500.0,Call,-,-,-,-,-,-,-,5,0,5,70,-,0.3,355,0.3
TXO,202607F5,20260731.0,46500.0,Put,-,-,-,-,-,-,-,0,0,0,0,-,-,-,-
TXO,202607F5,20260731.0,46550.0,Call,-,-,-,-,-,-,-,0,0,0,6,-,-,160,0.2
TXO,202607F5,20260731.0,46550.0,Put,-,-,-,-,-,-,-,0,0,0,0,-,-,-,-
TXO,202607F5,20260731.0,46600.0,Call,-,-,-,-,-,-,-,1,0,1,5,-,-,110,0.2
TXO,202607F5,20260731.0,46600.0,Put,-,-,-,-,-,-,-,0,0,0,0,-,-,-,-
TXO,202607F5,20260731.0,46650.0,Call,-,-,-,-,-,-,-,0,0,0,2,-,-,29,6.8
TXO,202607F5,20260731.0,46650.0,Put,-,-,-,-,-,-,-,0,0,0,0,-,-,-,-
TXO,202607F5,20260731.0,46700.0,Call,-,-,-,-,-,-,-,0,0,0,12,-,0.3,350,0.2
TXO,202607F5,20260731.0,46700.0,Put,-,-,-,-,-,-,-,0,0,0,0,-,-,-,-
TXO,202607F5,20260731.0,46750.0,Call,-,-,-,-,-,-,-,0,0,0,2,-,-,96,5.1
TXO,202607F5,20260731.0,46750.0,Put,-,-,-,-,-,-,-,0,0,0,0,-,-,-,-
TXO,202607F5,20260731.0,46800.0,Call,-,-,-,-,-,-,-,0,0,0,7,-,-,233,0.2
TXO,202607F5,20260731.0,46800.0,Put,-,-,-,-,-,-,-,0,0,0,0,-,-,-,-
TXO,202607F5,20260731.0,46850.0,Call,-,-,-,-,-,-,-,0,0,0,5,-,10,140,9.7
TXO,202607F5,20260731.0,46850.0,Put,-,-,-,-,-,-,-,0,0,0,0,-,-,-,-
TXO,202607F5,20260731.0,46900.0,Call,-,-,-,-,-,-,-,0,0,0,2,-,-,141,0.2
TXO,202607F5,20260731.0,46900.0,Put,-,-,-,-,-,-,-,0,0,0,0,-,-,-,-
TXO,202607F5,20260731.0,46950.0,Call,-,-,-,-,-,-,-,0,0,0,2,-,-,116,2.1
TXO,202607F5,20260731.0,46950.0,Put,-,-,-,-,-,-,-,0,0,0,0,-,-,-,-
TXO,202607F5,20260731.0,47000.0,Call,-,-,-,-,-,-,-,14,0,14,55,-,13,229,0.1
TXO,202607F5,20260731.0,47000.0,Put,-,-,-,-,-,-,-,0,0,0,0,-,-,-,-
TXO,202607F5,20260731.0,47100.0,Call,-,-,-,-,-,-,-,0,0,0,13,-,22,208,0.2
TXO,202607F5,20260731.0,47100.0,Put,-,-,-,-,-,-,-,0,0,0,0,-,-,-,-
TXO,202607F5,20260731.0,47200.0,Call,-,-,-,-,-,-,-,0,0,0,15,-,-,252,2.4
TXO,202607F5,20260731.0,47200.0,Put,-,-,-,-,-,-,-,0,0,0,0,-,-,-,-
TXO,202607F5,20260731.0,47300.0,Call,0.4,0.4,0.4,0.4,-,▲+0.2,▲+100.00%,0,1,1,2,-,41,213,0.2
TXO,202607F5,20260731.0,47300.0,Put,-,-,-,-,-,-,-,0,0,0,0,-,-,-,-
TXO,202607F5,20260731.0,47400.0,Call,-,-,-,-,-,-,-,0,0,0,4,-,22,87,1
TXO,202607F5,20260731.0,47400.0,Put,-,-,-,-,-,-,-,0,0,0,0,-,-,-,-
TXO,202607F5,20260731.0,47500.0,Call,-,-,-,-,-,-,-,0,0,0,397,-,-,150,0.2
TXO,202607F5,20260731.0,47500.0,Put,-,-,-,-,-,-,-,0,0,0,0,-,-,-,-
TXO,202607F5,20260731.0,47600.0,Call,-,-,-,-,-,-,-,0,0,0,5,-,-,88,0.2
TXO,202607F5,20260731.0,47600.0,Put,-,-,-,-,-,-,-,0,0,0,0,-,-,-,-
TXO,202607F5,20260731.0,47700.0,Call,-,-,-,-,-,-,-,0,0,0,3,-,-,95,3
TXO,202607F5,20260731.0,47700.0,Put,-,-,-,-,-,-,-,0,0,0,0,-,-,-,-
TXO,202607F5,20260731.0,47800.0,Call,-,-,-,-,-,-,-,0,0,0,14,-,-,71,13.5
TXO,202607F5,20260731.0,47800.0,Put,-,-,-,-,-,-,-,0,0,0,0,-,-,-,-
TXO,202607F5,20260731.0,47900.0,Call,-,-,-,-,-,-,-,0,0,0,3,-,-,101,25
TXO,202607F5,20260731.0,47900.0,Put,-,-,-,-,-,-,-,0,0,0,0,-,-,-,-
TXO,202607F5,20260731.0,48000.0,Call,-,-,-,-,-,-,-,1,0,1,198,-,-,140,0.2
TXO,202607F5,20260731.0,48000.0,Put,-,-,-,-,-,-,-,0,0,0,0,-,-,-,-
TXO,202607F5,20260731.0,48100.0,Call,-,-,-,-,-,-,-,0,0,0,11,-,-,37.5,0.2
TXO,202607F5,20260731.0,48100.0,Put,-,-,-,-,-,-,-,0,0,0,0,-,-,-,-
TXO,202607F5,20260731.0,48200.0,Call,-,-,-,-,-,-,-,0,0,0,6,-,-,100,0.6
TXO,202607F5,20260731.0,48200.0,Put,-,-,-,-,-,-,-,0,0,0,0,-,-,-,-
TXO,202607F5,20260731.0,48300.0,Call,-,-,-,-,-,-,-,0,0,0,5,-,-,110,9.8
TXO,202607F5,20260731.0,48300.0,Put,-,-,-,-,-,-,-,0,0,0,0,-,-,-,-
TXO,202607F5,20260731.0,48400.0,Call,-,-,-,-,-,-,-,0,0,0,3,-,10,25,0.2
TXO,202607F5,20260731.0,48400.0,Put,-,-,-,-,-,-,-,0,0,0,0,-,-,-,-
TXO,202607F5,20260731.0,48500.0,Call,-,-,-,-,-,-,-,0,0,0,1,-,-,32,7.9
TXO,202607F5,20260731.0,48500.0,Put,-,-,-,-,-,-,-,0,0,0,0,-,-,-,-
TXO,202607F5,20260731.0,48600.0,Call,-,-,-,-,-,-,-,0,0,0,2,-,-,62,0.2
TXO,202607F5,20260731.0,48600.0,Put,-,-,-,-,-,-,-,0,0,0,0,-,-,-,-
TXO,202607F5,20260731.0,48700.0,Call,-,-,-,-,-,-,-,0,0,0,2,-,-,40.5,0.5
TXO,202607F5,20260731.0,48700.0,Put,-,-,-,-,-,-,-,0,0,0,0,-,-,-,-
TXO,202607F5,20260731.0,48800.0,Call,-,-,-,-,-,-,-,0,0,0,3,-,-,15,0.5
TXO,202607F5,20260731.0,48800.0,Put,-,-,-,-,-,-,-,0,0,0,0,-,-,-,-
TXO,202607F5,20260731.0,48900.0,Call,-,-,-,-,-,-,-,0,0,0,3,-,-,27,1.1
TXO,202607F5,20260731.0,48900.0,Put,-,-,-,-,-,-,-,0,0,0,0,-,-,-,-
TXO,202607F5,20260731.0,49000.0,Call,-,-,-,-,-,-,-,0,0,0,313,-,-,50,0.6
TXO,202607F5,20260731.0,49000.0,Put,-,-,-,-,-,-,-,0,0,0,0,-,-,-,-
TXO,202607F5,20260731.0,49100.0,Call,-,-,-,-,-,-,-,0,0,0,1,-,-,11,8
TXO,202607F5,20260731.0,49100.0,Put,-,-,-,-,-,-,-,0,0,0,0,-,-,-,-
TXO,202607F5,20260731.0,49200.0,Call,-,-,-,-,-,-,-,0,0,0,1,-,-,9.9,6.5
TXO,202607F5,20260731.0,49200.0,Put,-,-,-,-,-,-,-,0,0,0,0,-,-,-,-
TXO,202607F5,20260731.0,49300.0,Call,-,-,-,-,-,-,-,0,0,0,3,-,-,14,3.7
TXO,202607F5,20260731.0,49300.0,Put,-,-,-,-,-,-,-,0,0,0,0,-,-,-,-
TXO,202607F5,20260731.0,49400.0,Call,-,-,-,-,-,-,-,0,0,0,0,-,-,37,24
TXO,202607F5,20260731.0,49400.0,Put,-,-,-,-,-,-,-,0,0,0,0,-,-,-,-
TXO,202607F5,20260731.0,49500.0,Call,-,-,-,-,-,-,-,0,0,0,24,-,-,31,1.2
TXO,202607F5,20260731.0,49500.0,Put,-,-,-,-,-,-,-,0,0,0,0,-,-,-,-
TXO,202607F5,20260731.0,49600.0,Call,-,-,-,-,-,-,-,0,0,0,4,-,-,47.5,3.3
TXO,202607F5,20260731.0,49600.0,Put,-,-,-,-,-,-,-,0,0,0,0,-,-,-,-
TXO,202607F5,20260731.0,49700.0,Call,-,-,-,-,-,-,-,0,0,0,0,-,-,-,-
TXO,202607F5,20260731.0,49700.0,Put,-,-,-,-,-,-,-,0,0,0,0,-,-,-,-
TXO,202607F5,20260731.0,49800.0,Call,-,-,-,-,-,-,-,0,0,0,1,-,-,1.7,1.7
TXO,202607F5,20260731.0,49800.0,Put,-,-,-,-,-,-,-,0,0,0,0,-,-,-,-
TXO,202607F5,20260731.0,49900.0,Call,-,-,-,-,-,-,-,0,0,0,0,-,-,14,4.3
TXO,202607F5,20260731.0,49900.0,Put,-,-,-,-,-,-,-,0,0,0,0,-,-,-,-
TXO,202607F5,20260731.0,50000.0,Call,-,-,-,-,-,-,-,0,0,0,213,-,-,14,0.8
TXO,202607F5,20260731.0,50000.0,Put,-,-,-,-,-,-,-,0,0,0,0,-,-,-,-
TXO,202607F5,20260731.0,50100.0,Call,-,-,-,-,-,-,-,0,0,0,1,-,-,6.1,0.4
TXO,202607F5,20260731.0,50100.0,Put,-,-,-,-,-,-,-,0,0,0,0,-,-,-,-
TXO,202607F5,20260731.0,50200.0,Call,-,-,-,-,-,-,-,0,0,0,283,-,-,22,0.2
TXO,202607F5,20260731.0,50200.0,Put,-,-,-,-,-,-,-,0,0,0,0,-,-,-,-
TXO,202608W1,20260805.0,35900.0,Call,-,-,-,-,7310,-,-,0,0,0,0,-,-,-,-
TXO,202608W1,20260805.0,35900.0,Put,19,19,5,6.3,6.3,▼-92.7,▼-93.64%,0,626,626,345,5,6.2,19,5
TXO,202608W1,20260805.0,36000.0,Call,-,-,-,-,7210,-,-,0,0,0,0,-,-,-,-
TXO,202608W1,20260805.0,36000.0,Put,23,23,6.5,6.6,7.4,▼-101.4,▼-93.89%,581,517,1098,587,6.4,7.4,149,6.5
TXO,202608W1,20260805.0,36100.0,Call,-,-,-,-,7110,-,-,0,0,0,0,-,-,-,-
TXO,202608W1,20260805.0,36100.0,Put,25,25,6.7,8,8,▼-104,▼-92.86%,22,40,62,51,4,19.5,150,6.7
TXO,202608W1,20260805.0,36200.0,Call,-,-,-,-,7010,-,-,0,0,0,0,-,-,-,-
TXO,202608W1,20260805.0,36200.0,Put,22,22,7.7,7.7,8.7,▼-110.3,▼-93.47%,39,14,53,20,6.7,17,148,7.7
TXO,202608W1,20260805.0,36300.0,Call,-,-,-,-,6910,-,-,0,0,0,0,-,-,-,-
TXO,202608W1,20260805.0,36300.0,Put,50,50,24.5,25,8.8,▼-105,▼-80.77%,4,4,8,7,6.7,-,135,24.5
TXO,202608W1,20260805.0,36400.0,Call,-,-,-,-,6810,-,-,0,0,0,0,-,-,-,-
TXO,202608W1,20260805.0,36400.0,Put,10,11.5,10,11.5,8.9,▼-118.5,▼-91.15%,9,2,11,7,6.1,34,148,10
TXO,202608W1,20260805.0,36500.0,Call,-,-,-,-,6710,-,-,0,0,0,0,3.6,-,-,-
TXO,202608W1,20260805.0,36500.0,Put,26,28,8,8,9.1,▼-130,▼-94.20%,23,51,74,43,6,37,185,8
TXO,202608W1,20260805.0,36600.0,Call,-,-,-,-,6610,-,-,0,0,0,0,3.6,-,-,-
TXO,202608W1,20260805.0,36600.0,Put,20,20,8.2,8.2,9.5,▼-134.8,▼-94.27%,40,20,60,28,7,20,185,8.2
TXO,202608W1,20260805.0,36700.0,Call,-,-,-,-,6510,-,-,0,0,0,0,3.6,-,-,-
TXO,202608W1,20260805.0,36700.0,Put,20.5,25,10,10,9.8,▼-142,▼-93.42%,15,59,74,53,3,16,198,10
TXO,202608W1,20260805.0,36800.0,Call,-,-,-,-,6410,-,-,0,0,0,0,3.6,-,-,-
TXO,202608W1,20260805.0,36800.0,Put,35,35,9.8,9.8,9.8,▼-150.2,▼-93.88%,26,47,73,54,2.3,33,206,9.8
TXO,202608W1,20260805.0,36900.0,Call,-,-,-,-,6310,-,-,0,0,0,0,3.6,-,-,-
TXO,202608W1,20260805.0,36900.0,Put,10.5,36,9.9,9.9,10.5,▼-159.1,▼-94.14%,18,44,62,45,9,10.5,200,9.9
TXO,202608W1,20260805.0,37000.0,Call,-,-,-,-,6210,-,-,0,0,0,0,3.6,-,-,-
TXO,202608W1,20260805.0,37000.0,Put,30,30,10,10,11,▼-169,▼-94.41%,130,92,222,153,8,10,226,10
TXO,202608W1,20260805.0,37100.0,Call,-,-,-,-,6110,-,-,0,0,0,0,3.6,-,-,-
TXO,202608W1,20260805.0,37100.0,Put,35.5,35.5,10,10,11,▼-177,▼-94.65%,12,20,32,17,0.9,11,228,10
TXO,202608W1,20260805.0,37200.0,Call,-,-,-,-,6010,-,-,0,0,0,0,3.6,-,-,-
TXO,202608W1,20260805.0,37200.0,Put,10.5,10.5,10.5,10.5,12,▼-189.5,▼-94.75%,16,10,26,12,7.7,-,247,10.5
TXO,202608W1,20260805.0,37300.0,Call,-,-,-,-,5910,-,-,1,0,1,0,3.6,-,3560,3560
TXO,202608W1,20260805.0,37300.0,Put,20,20,10,10,13,▼-200,▼-95.24%,1,11,12,10,5,20,120,10
TXO,202608W1,20260805.0,37400.0,Call,-,-,-,-,5820,-,-,0,0,0,0,5680,-,-,-
TXO,202608W1,20260805.0,37400.0,Put,58,58,9.9,10,13,▼-207,▼-95.39%,83,153,236,233,6.6,12,350,9.9
TXO,202608W1,20260805.0,37500.0,Call,-,-,-,-,5720,-,-,0,0,0,0,5580,-,-,-
TXO,202608W1,20260805.0,37500.0,Put,40,40,10,10,14,▼-224,▼-95.73%,42,97,139,84,1,12.5,383,10
TXO,202608W1,20260805.0,37600.0,Call,-,-,-,-,5620,-,-,0,0,0,0,5490,-,2740,2740
TXO,202608W1,20260805.0,37600.0,Put,35,50,13,13,14.5,▼-235,▼-94.76%,70,120,190,87,1.2,13,427,13
TXO,202608W1,20260805.0,37700.0,Call,-,-,-,-,5520,-,-,0,0,0,0,5390,-,-,-
TXO,202608W1,20260805.0,37700.0,Put,13.5,66,12,12,14.5,▼-251,▼-95.44%,3,35,38,36,10.5,12,400,12
TXO,202608W1,20260805.0,37800.0,Call,-,-,-,-,5420,-,-,0,0,0,0,5290,-,-,-
TXO,202608W1,20260805.0,37800.0,Put,23,27,15,15,15,▼-256,▼-94.46%,33,40,73,54,6.3,18,400,15
TXO,202608W1,20260805.0,37900.0,Call,-,-,-,-,5320,-,-,0,0,0,0,5190,-,-,-
TXO,202608W1,20260805.0,37900.0,Put,36,138,13.5,13.5,16.5,▼-279.5,▼-95.39%,7,41,48,76,7.5,13,456,13.5
TXO,202608W1,20260805.0,38000.0,Call,-,-,-,-,5220,-,-,0,0,0,0,5090,-,-,-
TXO,202608W1,20260805.0,38000.0,Put,70,79,9,18.5,18.5,▼-306.5,▼-94.31%,318,668,986,521,15,19,540,9
TXO,202608W1,20260805.0,38100.0,Call,-,-,-,-,5120,-,-,0,0,0,0,4990,-,-,-
TXO,202608W1,20260805.0,38100.0,Put,48,51,20,20,20.5,▼-308,▼-93.90%,28,42,70,48,3.5,30,570,20
TXO,202608W1,20260805.0,38200.0,Call,-,-,-,-,5020,-,-,0,0,0,0,4890,-,-,-
TXO,202608W1,20260805.0,38200.0,Put,50,50,16.5,16.5,20.5,▼-339.5,▼-95.37%,49,127,176,120,16.5,31,525,16.5
TXO,202608W1,20260805.0,38300.0,Call,-,-,-,-,4920,-,-,0,0,0,0,4790,-,2160,2160
TXO,202608W1,20260805.0,38300.0,Put,60,60,20,20,21,▼-348,▼-94.57%,16,79,95,74,12,33,545,20
TXO,202608W1,20260805.0,38400.0,Call,-,-,-,-,4820,-,-,0,0,0,0,4690,-,-,-
TXO,202608W1,20260805.0,38400.0,Put,49,49,18.5,18.5,21,▼-370.5,▼-95.24%,11,15,26,27,18,40,670,18.5
TXO,202608W1,20260805.0,38500.0,Call,-,-,-,-,4720,-,-,0,0,0,600,4590,4830,2150,2000
TXO,202608W1,20260805.0,38500.0,Put,98,98,20,20,21,▼-391,▼-95.13%,49,128,177,136,8.3,29,645,20
TXO,202608W1,20260805.0,38600.0,Call,-,-,-,-,4620,-,-,0,0,0,0,4490,-,-,-
TXO,202608W1,20260805.0,38600.0,Put,42.5,221,24.5,24.5,21.5,▼-411.5,▼-94.38%,21,59,80,73,6,24,635,24.5
TXO,202608W1,20260805.0,38700.0,Call,-,-,-,-,4520,-,-,0,0,0,0,4390,-,1870,1870
TXO,202608W1,20260805.0,38700.0,Put,117,117,26,26,21.5,▼-416,▼-94.12%,19,66,85,34,19.5,44,700,26
TXO,202608W1,20260805.0,38750.0,Call,-,-,-,-,4470,-,-,0,0,0,0,-,-,-,-
TXO,202608W1,20260805.0,38750.0,Put,31,31,21.5,21.5,21.5,▼-434.5,▼-95.29%,0,9,9,7,20,25.5,31,21.5
TXO,202608W1,20260805.0,38800.0,Call,-,-,-,-,4430,-,-,0,0,0,0,4300,-,1850,1590
TXO,202608W1,20260805.0,38800.0,Put,85,85,25,25,25,▼-462,▼-94.87%,8,72,80,87,18.5,29.5,740,25
TXO,202608W1,20260805.0,38850.0,Call,-,-,-,-,4380,-,-,0,0,0,0,4250,-,-,-
TXO,202608W1,20260805.0,38850.0,Put,70,70,24,24,26.5,▼-476,▼-95.20%,104,106,210,28,1.6,29.5,640,24
TXO,202608W1,20260805.0,38900.0,Call,-,-,-,-,4330,-,-,0,0,0,2,4200,4420,1730,1610
TXO,202608W1,20260805.0,38900.0,Put,94,94,34,34,27.5,▼-481,▼-93.40%,11,50,61,52,2,29.5,710,34
TXO,202608W1,20260805.0,38950.0,Call,-,-,-,-,4280,-,-,0,0,0,0,4150,-,-,-
TXO,202608W1,20260805.0,38950.0,Put,72,72,29,29,29,▼-501,▼-94.53%,2,48,50,47,7,29.5,600,29
TXO,202608W1,20260805.0,39000.0,Call,-,-,-,-,4230,-,-,0,0,0,4,4100,4340,2240,1470
TXO,202608W1,20260805.0,39000.0,Put,147,147,25,29.5,29.5,▼-520.5,▼-94.64%,141,587,728,350,25,43.5,835,25
TXO,202608W1,20260805.0,39050.0,Call,-,-,-,-,4180,-,-,2,0,2,0,4050,-,1910,1470
TXO,202608W1,20260805.0,39050.0,Put,40.5,40.5,38.5,38.5,30.5,▼-536.5,▼-93.30%,3,7,10,7,13,39,575,38.5
TXO,202608W1,20260805.0,39100.0,Call,-,-,-,-,4130,-,-,7,0,7,7,4000,4240,1470,1440
TXO,202608W1,20260805.0,39100.0,Put,100,100,27,27,31,▼-553,▼-95.34%,4,36,40,54,18,39,840,27
TXO,202608W1,20260805.0,39150.0,Call,-,-,-,-,4080,-,-,4,0,4,2,3950,4180,2000,1420
TXO,202608W1,20260805.0,39150.0,Put,88,88,38,38,32,▼-562,▼-93.67%,11,8,19,12,25,38.5,600,38
TXO,202608W1,20260805.0,39200.0,Call,4330,4330,4330,4330,4040,▲+2660,▲+159.28%,9,1,10,18,3900,4130,4330,1330
TXO,202608W1,20260805.0,39200.0,Put,180,180,28,28,33,▼-577,▼-95.37%,16,182,198,135,26,81,920,28
TXO,202608W1,20260805.0,39250.0,Call,-,-,-,-,3990,-,-,9,0,9,18,3850,4080,1450,1340
TXO,202608W1,20260805.0,39250.0,Put,109,109,49.5,49.5,34,▼-570.5,▼-92.02%,10,5,15,12,22,104,690,49.5
TXO,202608W1,20260805.0,39300.0,Call,-,-,-,-,3940,-,-,10,0,10,9,3800,4030,1910,1320
TXO,202608W1,20260805.0,39300.0,Put,90,114,43,43,35,▼-607,▼-93.38%,13,74,87,96,25,36,990,43
TXO,202608W1,20260805.0,39350.0,Call,-,-,-,-,3890,-,-,4,0,4,5,3750,-,1480,1390
TXO,202608W1,20260805.0,39350.0,Put,113,113,64,75,36,▼-580,▼-88.55%,1,12,13,26,20,-,715,64
TXO,202608W1,20260805.0,39400.0,Call,-,-,-,-,3840,-,-,10,0,10,20,3710,3930,1850,1280
TXO,202608W1,20260805.0,39400.0,Put,110,110,55,55,37,▼-620,▼-91.85%,68,23,91,135,28.5,-,975,55
TXO,202608W1,20260805.0,39450.0,Call,-,-,-,-,3790,-,-,0,0,0,9,3660,3880,1120,1110
TXO,202608W1,20260805.0,39450.0,Put,115,115,46.5,46.5,38.5,▼-643.5,▼-93.26%,11,33,44,21,28,100,905,46.5
TXO,202608W1,20260805.0,39500.0,Call,3800,3800,3800,3800,3740,▲+2330,▲+158.50%,2,2,4,56,3610,3830,3800,1060
TXO,202608W1,20260805.0,39500.0,Put,160,160,31,31,39.5,▼-674,▼-95.60%,84,365,449,216,30,39.5,930,31
TXO,202608W1,20260805.0,39550.0,Call,-,-,-,-,3690,-,-,13,0,13,7,3560,3780,1730,1200
TXO,202608W1,20260805.0,39550.0,Put,123,123,50,51,40,▼-694,▼-93.15%,1,21,22,25,34.5,42,860,50
TXO,202608W1,20260805.0,39600.0,Call,3740,3740,3740,3740,3640,▲+2330,▲+165.25%,9,1,10,11,3510,3740,3740,1000
TXO,202608W1,20260805.0,39600.0,Put,109,138,32.5,32.5,42,▼-717.5,▼-95.67%,18,221,239,170,26,60,930,32.5
TXO,202608W1,20260805.0,39650.0,Call,-,-,-,-,3600,-,-,6,0,6,1,3460,-,1470,1220
TXO,202608W1,20260805.0,39650.0,Put,117,117,51,51,43.5,▼-714,▼-93.33%,0,4,4,9,30,-,815,51
TXO,202608W1,20260805.0,39700.0,Call,3820,3820,3820,3820,3550,▲+2470,▲+182.96%,3,1,4,9,3410,-,3820,995
TXO,202608W1,20260805.0,39700.0,Put,146,146,37,60,45,▼-710,▼-92.21%,17,97,114,90,25.5,157,1000,37
TXO,202608W1,20260805.0,39750.0,Call,-,-,-,-,3500,-,-,3,0,3,4,3360,-,1330,1170
TXO,202608W1,20260805.0,39750.0,Put,132,132,61,61,46,▼-744,▼-92.42%,5,9,14,22,28,114,890,61
TXO,202608W1,20260805.0,39800.0,Call,3820,3820,3820,3820,3450,▲+2530,▲+196.12%,7,2,9,10,3340,3560,4480,965
TXO,202608W1,20260805.0,39800.0,Put,212,212,37.5,37.5,48,▼-787.5,▼-95.45%,20,133,153,163,39,59,1250,37.5
TXO,202608W1,20260805.0,39850.0,Call,-,-,-,-,3400,-,-,27,0,27,56,3270,3490,1660,1040
TXO,202608W1,20260805.0,39850.0,Put,128,136,21,60,48.5,▼-785,▼-92.90%,1,9,10,14,31,90,1080,21
TXO,202608W1,20260805.0,39900.0,Call,-,-,-,-,3350,-,-,3,0,3,23,3220,-,1680,945
TXO,202608W1,20260805.0,39900.0,Put,176,180,40,40,52,▼-830,▼-95.40%,137,169,306,62,43.5,74,1320,40
TXO,202608W1,20260805.0,39950.0,Call,-,-,-,-,3300,-,-,1,0,1,18,3170,-,1440,920
TXO,202608W1,20260805.0,39950.0,Put,268,268,43.5,43.5,52,▼-846.5,▼-95.11%,30,61,91,49,40.5,77,1010,43.5
TXO,202608W1,20260805.0,40000.0,Call,2500,3450,2500,3450,3260,▲+2270,▲+192.37%,20,19,39,25,3120,3540,3450,870
TXO,202608W1,20260805.0,40000.0,Put,200,230,42.5,50,54,▼-860,▼-94.51%,224,1743,1967,1278,47,75,1300,42.5
TXO,202608W1,20260805.0,40050.0,Call,-,-,-,-,3210,-,-,6,0,6,25,3070,-,1380,935
TXO,202608W1,20260805.0,40050.0,Put,170,170,50,51,56,▼-889,▼-94.57%,7,35,42,23,47,3000,1060,50
TXO,202608W1,20260805.0,40100.0,Call,3270,3460,3270,3460,3160,▲+2340,▲+208.93%,7,6,13,14,3020,-,3460,855
TXO,202608W1,20260805.0,40100.0,Put,285,285,49,49,58,▼-911,▼-94.90%,9,130,139,113,47,90,1100,49
TXO,202608W1,20260805.0,40150.0,Call,-,-,-,-,3110,-,-,1,0,1,18,2980,-,1330,880
TXO,202608W1,20260805.0,40150.0,Put,100,158,74,74,61,▼-911,▼-92.49%,0,17,17,16,32,121,1100,74
TXO,202608W1,20260805.0,40200.0,Call,3210,3210,3210,3210,3070,▲+2130,▲+197.22%,3,5,8,15,2930,-,4080,820
TXO,202608W1,20260805.0,40200.0,Put,222,222,53,53,63,▼-957,▼-94.75%,6,239,245,164,42.5,88,1180,53
TXO,202608W1,20260805.0,40250.0,Call,-,-,-,-,3020,-,-,1,0,1,6,2920,3400,1310,1020
TXO,202608W1,20260805.0,40250.0,Put,192,192,34,59,63,▼-971,▼-94.27%,29,24,53,15,36.5,-,1180,34
TXO,202608W1,20260805.0,40300.0,Call,3210,3300,3090,3090,2970,▲+2070,▲+202.94%,28,3,31,50,2870,3140,3300,815
TXO,202608W1,20260805.0,40300.0,Put,228,228,55,63,63,▼-987,▼-94.00%,8,336,344,364,50,80,1190,55
TXO,202608W1,20260805.0,40350.0,Call,-,-,-,-,2920,-,-,1,0,1,3,2820,3220,1150,1130
TXO,202608W1,20260805.0,40350.0,Put,204,204,67,67,67,▼-1013,▼-93.80%,31,30,61,58,43,163,1220,67
TXO,202608W1,20260805.0,40400.0,Call,2900,3000,2800,3000,2870,▲+2025,▲+207.69%,28,4,32,24,2770,3170,3000,615
TXO,202608W1,20260805.0,40400.0,Put,350,350,59,62,72,▼-1048,▼-94.41%,9,189,198,162,48,139,1210,59
TXO,202608W1,20260805.0,40450.0,Call,2960,2970,2960,2970,2830,▲+2020,▲+212.63%,51,31,82,18,2720,2980,2970,755
TXO,202608W1,20260805.0,40450.0,Put,191,211,61,61,75,▼-1069,▼-94.60%,16,37,53,28,56,196,1210,61
TXO,202608W1,20260805.0,40500.0,Call,2800,2950,2710,2950,2780,▲+2025,▲+218.92%,44,36,80,61,2690,2960,2950,660
TXO,202608W1,20260805.0,40500.0,Put,250,286,62,70,79,▼-1090,▼-93.97%,65,293,358,223,55,120,1560,62
TXO,202608W1,20260805.0,40550.0,Call,-,-,-,-,2730,-,-,27,0,27,10,2560,3020,1430,730
TXO,202608W1,20260805.0,40550.0,Put,304,304,90,90,80,▼-1090,▼-92.37%,17,62,79,45,55,75,1440,90
TXO,202608W1,20260805.0,40600.0,Call,2720,2840,2700,2780,2690,▲+1905,▲+217.71%,28,5,33,24,2610,2850,2840,710
TXO,202608W1,20260805.0,40600.0,Put,290,290,84,84,84,▼-1126,▼-93.06%,1,105,106,98,20,176,1500,84
TXO,202608W1,20260805.0,40650.0,Call,-,-,-,-,2640,-,-,5,0,5,7,2500,2960,960,665
TXO,202608W1,20260805.0,40650.0,Put,215,222,97,98,88,▼-1132,▼-92.03%,1,19,20,41,57,121,1330,97
TXO,202608W1,20260805.0,40700.0,Call,2600,2600,2600,2600,2600,▲+1770,▲+213.25%,16,1,17,13,2450,2890,2600,645
TXO,202608W1,20260805.0,40700.0,Put,288,288,76,76,92,▼-1184,▼-93.97%,7,55,62,57,46,116,1360,76
TXO,202608W1,20260805.0,40750.0,Call,2820,2820,2820,2820,2550,▲+2015,▲+250.31%,0,1,1,10,2440,2910,2820,720
TXO,202608W1,20260805.0,40750.0,Put,304,306,80,80,94,▼-1210,▼-93.80%,39,95,134,15,66,94,1470,80
TXO,202608W1,20260805.0,40800.0,Call,2070,2820,2070,2740,2500,▲+1955,▲+249.04%,30,7,37,38,2480,2570,2820,620
TXO,202608W1,20260805.0,40800.0,Put,326,330,85,85,98,▼-1235,▼-93.56%,24,113,137,94,90,98,1490,85
TXO,202608W1,20260805.0,40850.0,Call,-,-,-,-,2460,-,-,1,0,1,13,2350,2750,1120,640
TXO,202608W1,20260805.0,40850.0,Put,400,400,100,100,103,▼-1250,▼-92.59%,22,17,39,13,20,101,1520,100
TXO,202608W1,20260805.0,40900.0,Call,2350,2350,2350,2350,2410,▲+1620,▲+221.92%,8,1,9,39,2280,2690,2350,515
TXO,202608W1,20260805.0,40900.0,Put,330,330,94,96,112,▼-1274,▼-92.99%,42,52,94,41,100,152,1760,94
TXO,202608W1,20260805.0,40950.0,Call,-,-,-,-,2370,-,-,0,0,0,7,2320,2660,1030,575
TXO,202608W1,20260805.0,40950.0,Put,330,332,100,102,116,▼-1298,▼-92.71%,58,172,230,54,70,196,1080,100
TXO,202608W1,20260805.0,41000.0,Call,1670,2630,1670,2480,2330,▲+1780,▲+254.29%,33,23,56,83,2220,2480,2630,492
TXO,202608W1,20260805.0,41000.0,Put,364,381,100,113,123,▼-1317,▼-92.10%,64,788,852,421,104,135,1910,100
TXO,202608W1,20260805.0,41050.0,Call,-,-,-,-,2280,-,-,5,0,5,15,2160,2630,1150,565
TXO,202608W1,20260805.0,41050.0,Put,285,285,113,113,126,▼-1347,▼-92.26%,1,13,14,19,100,119,1160,113
TXO,202608W1,20260805.0,41100.0,Call,1910,2600,1910,2590,2230,▲+1930,▲+292.42%,28,456,484,515,2160,2380,2600,525
TXO,202608W1,20260805.0,41100.0,Put,378,378,108,118,131,▼-1372,▼-92.08%,67,159,226,130,100,209,1700,108
TXO,202608W1,20260805.0,41150.0,Call,2150,2150,2150,2150,2190,▲+1525,▲+244.00%,36,1,37,20,2100,2260,2150,525
TXO,202608W1,20260805.0,41150.0,Put,393,393,131,175,139,▼-1345,▼-88.49%,13,36,49,24,99,540,1630,131
TXO,202608W1,20260805.0,41200.0,Call,1500,2300,1500,2300,2150,▲+1680,▲+270.97%,40,9,49,20,2060,2260,2300,420
TXO,202608W1,20260805.0,41200.0,Put,375,375,128,128,146,▼-1422,▼-91.74%,2,155,157,121,121,146,1600,128
TXO,202608W1,20260805.0,41250.0,Call,2100,2180,2100,2140,2110,▲+1535,▲+253.72%,24,3,27,27,1970,2200,2180,505
TXO,202608W1,20260805.0,41250.0,Put,362,362,133,133,153,▼-1457,▼-91.64%,37,88,125,63,135,236,1280,133
TXO,202608W1,20260805.0,41300.0,Call,2210,2260,2020,2110,2060,▲+1530,▲+263.79%,19,432,451,405,1980,2340,2260,446
TXO,202608W1,20260805.0,41300.0,Put,390,390,145,150,155,▼-1470,▼-90.74%,5,155,160,120,2.8,155,2180,145
TXO,202608W1,20260805.0,41350.0,Call,1640,2280,1640,2280,2020,▲+1715,▲+303.54%,13,9,22,50,1940,2110,2280,491
TXO,202608W1,20260805.0,41350.0,Put,317,340,148,148,168,▼-1502,▼-91.03%,2,42,44,28,101,201,1140,148
TXO,202608W1,20260805.0,41400.0,Call,1430,2030,1430,2030,1980,▲+1480,▲+269.09%,20,4,24,26,1860,2300,2030,409
TXO,202608W1,20260805.0,41400.0,Put,455,455,149,149,179,▼-1551,▼-91.24%,2,209,211,123,145,244,1750,149
TXO,202608W1,20260805.0,41450.0,Call,2100,2100,2000,2000,1940,▲+1470,▲+277.36%,3,3,6,22,1790,2250,2100,409
TXO,202608W1,20260805.0,41450.0,Put,450,450,154,171,185,▼-1539,▼-90.00%,13,79,92,54,73,258,1240,154
TXO,202608W1,20260805.0,41500.0,Call,1530,2060,1530,2060,1900,▲+1545,▲+300.00%,40,21,61,52,1820,1960,2060,350
TXO,202608W1,20260805.0,41500.0,Put,492,495,165,181,194,▼-1569,▼-89.66%,110,367,477,161,161,230,2150,165
TXO,202608W1,20260805.0,41550.0,Call,1470,1470,1470,1470,1860,▲+974,▲+196.37%,22,1,23,21,1640,1940,1470,409
TXO,202608W1,20260805.0,41550.0,Put,356,356,166,182,203,▼-1598,▼-89.78%,2,56,58,61,74,272,1440,166
TXO,202608W1,20260805.0,41600.0,Call,1320,2040,1320,1940,1820,▲+1459,▲+303.33%,89,19,108,65,1780,1840,2040,387
TXO,202608W1,20260805.0,41600.0,Put,510,510,173,173,214,▼-1637,▼-90.44%,100,116,216,61,185,214,1880,173
TXO,202608W1,20260805.0,41650.0,Call,1470,1510,1470,1510,1780,▲+1045,▲+224.73%,22,2,24,40,1670,2070,1510,382
TXO,202608W1,20260805.0,41650.0,Put,540,540,249,261,224,▼-1589,▼-85.89%,19,30,49,29,92,259,1690,249
TXO,202608W1,20260805.0,41700.0,Call,1500,1850,1500,1850,1740,▲+1400,▲+311.11%,31,6,37,69,1620,1810,1850,327
TXO,202608W1,20260805.0,41700.0,Put,600,600,207,211,235,▼-1669,▼-88.78%,34,137,171,58,179,372,1770,207
TXO,202608W1,20260805.0,41750.0,Call,-,-,-,-,1700,-,-,3,0,3,9,1550,1990,840,327
TXO,202608W1,20260805.0,41750.0,Put,510,510,202,204,246,▼-1716,▼-89.38%,12,97,109,40,200,305,1250,202
TXO,202608W1,20260805.0,41800.0,Call,1020,1750,1020,1700,1660,▲+1280,▲+304.76%,48,3,51,38,1520,1730,1750,300
TXO,202608W1,20260805.0,41800.0,Put,585,585,212,236,254,▼-1714,▼-87.90%,5,341,346,151,208,380,1350,212
TXO,202608W1,20260805.0,41850.0,Call,1690,1690,1620,1630,1630,▲+1224,▲+301.48%,26,3,29,17,1570,-,1690,315
TXO,202608W1,20260805.0,41850.0,Put,555,555,228,243,269,▼-1747,▼-87.79%,5,35,40,26,151,-,1300,228
TXO,202608W1,20260805.0,41900.0,Call,940,1720,940,1580,1580,▲+1187,▲+302.04%,31,8,39,27,1520,1600,1720,305
TXO,202608W1,20260805.0,41900.0,Put,463,465,240,266,280,▼-1764,▼-86.90%,41,136,177,77,216,328,2500,240
TXO,202608W1,20260805.0,41950.0,Call,1200,1600,1190,1600,1540,▲+1219,▲+319.95%,23,4,27,19,1500,1540,1600,300
TXO,202608W1,20260805.0,41950.0,Put,470,470,450,450,295,▼-1610,▼-78.16%,10,6,16,16,179,-,1180,450
TXO,202608W1,20260805.0,42000.0,Call,940,1740,940,1540,1510,▲+1172,▲+318.48%,189,119,308,135,1430,1540,1740,201
TXO,202608W1,20260805.0,42000.0,Put,760,760,255,283,309,▼-1817,▼-86.52%,35,1021,1056,482,274,320,2600,255
TXO,202608W1,20260805.0,42050.0,Call,965,1550,965,1530,1470,▲+1178,▲+334.66%,53,23,76,11,1430,1470,1550,297
TXO,202608W1,20260805.0,42050.0,Put,625,625,279,290,323,▼-1840,▼-86.38%,5,45,50,35,290,685,1220,279
TXO,202608W1,20260805.0,42100.0,Call,785,1500,785,1480,1430,▲+1141,▲+336.58%,37,14,51,10,1390,1430,1500,313
TXO,202608W1,20260805.0,42100.0,Put,975,975,285,302,339,▼-1868,▼-86.08%,19,213,232,174,295,314,1370,285
TXO,202608W1,20260805.0,42150.0,Call,1490,1510,1490,1510,1410,▲+1183,▲+361.77%,19,2,21,24,1260,1650,1510,287
TXO,202608W1,20260805.0,42150.0,Put,635,635,300,304,355,▼-1906,▼-86.24%,5,40,45,29,279,-,1410,300
TXO,202608W1,20260805.0,42200.0,Call,835,1570,835,1480,1360,▲+1164,▲+368.35%,27,28,55,28,1330,1360,1570,255
TXO,202608W1,20260805.0,42200.0,Put,995,995,310,310,370,▼-1940,▼-86.22%,1,133,134,54,266,475,1270,310
TXO,202608W1,20260805.0,42250.0,Call,-,-,-,-,1340,-,-,2,0,2,20,1270,1550,565,271
TXO,202608W1,20260805.0,42250.0,Put,765,765,333,353,386,▼-1937,▼-84.59%,38,25,63,37,268,460,1340,333
TXO,202608W1,20260805.0,42300.0,Call,1030,1430,970,1400,1300,▲+1108,▲+379.45%,23,11,34,27,1230,1300,1430,216
TXO,202608W1,20260805.0,42300.0,Put,995,995,328,360,403,▼-1970,▼-84.55%,0,110,110,54,284,458,2620,328
TXO,202608W1,20260805.0,42350.0,Call,800,800,800,800,1270,▲+518,▲+183.69%,20,1,21,19,1210,1460,800,239
TXO,202608W1,20260805.0,42350.0,Put,860,860,332,332,421,▼-2028,▼-85.93%,0,26,26,22,311,-,860,332
TXO,202608W1,20260805.0,42400.0,Call,895,1350,845,1340,1230,▲+1069,▲+394.46%,28,37,65,42,1190,1230,1350,193
TXO,202608W1,20260805.0,42400.0,Put,880,885,360,369,425,▼-2031,▼-84.63%,0,129,129,53,375,425,2130,360
TXO,202608W1,20260805.0,42450.0,Call,885,1220,885,1220,1220,▲+960,▲+369.23%,31,39,70,22,1140,1250,1220,220
TXO,202608W1,20260805.0,42450.0,Put,905,905,366,402,459,▼-2038,▼-83.52%,0,77,77,33,295,-,905,366
TXO,202608W1,20260805.0,42500.0,Call,750,1380,675,1150,1180,▲+900,▲+360.00%,96,105,201,56,1130,1280,1380,178
TXO,202608W1,20260805.0,42500.0,Put,730,730,374,436,464,▼-2044,▼-82.42%,0,360,360,169,418,464,2610,374
TXO,202608W1,20260805.0,42550.0,Call,700,805,700,805,1150,▲+565,▲+235.42%,36,2,38,16,1000,1220,805,205
TXO,202608W1,20260805.0,42550.0,Put,530,530,428,460,497,▼-2060,▼-81.75%,0,7,7,4,329,-,530,428
TXO,202608W1,20260805.0,42600.0,Call,710,1360,710,1230,1120,▲+1000,▲+434.78%,29,53,82,20,915,1140,1360,163
TXO,202608W1,20260805.0,42600.0,Put,930,930,404,490,520,▼-2070,▼-80.86%,0,133,133,50,420,555,930,404
TXO,202608W1,20260805.0,42650.0,Call,900,1180,900,1050,1090,▲+824,▲+364.60%,48,3,51,10,1040,1070,1180,210
TXO,202608W1,20260805.0,42650.0,Put,695,695,540,545,545,▼-2055,▼-79.04%,0,25,25,21,357,615,695,540
TXO,202608W1,20260805.0,42700.0,Call,780,1240,780,1080,1070,▲+868,▲+409.43%,32,168,200,158,1010,1310,1900,151
TXO,202608W1,20260805.0,42700.0,Put,905,905,428,498,560,▼-2142,▼-81.14%,2,103,105,47,469,600,1590,335
TXO,202608W1,20260805.0,42750.0,Call,1100,1130,1030,1120,1020,▲+918,▲+454.46%,24,7,31,21,990,1020,1130,193
TXO,202608W1,20260805.0,42750.0,Put,740,740,480,520,580,▼-2160,▼-80.60%,0,55,55,35,402,650,740,480
TXO,202608W1,20260805.0,42800.0,Call,555,1130,555,1130,1010,▲+936,▲+482.47%,19,40,59,41,870,1050,1130,138
TXO,202608W1,20260805.0,42800.0,Put,905,905,471,570,600,▼-2160,▼-79.12%,0,200,200,74,520,600,1510,460
TXO,202608W1,20260805.0,42850.0,Call,985,1040,980,980,980,▲+796,▲+432.61%,0,15,15,9,925,-,1040,188
TXO,202608W1,20260805.0,42850.0,Put,795,795,498,620,620,▼-2150,▼-77.62%,0,76,76,34,535,865,795,498
TXO,202608W1,20260805.0,42900.0,Call,745,1110,745,1010,945,▲+833,▲+470.62%,21,30,51,21,900,945,1110,146
TXO,202608W1,20260805.0,42900.0,Put,750,750,505,655,655,▼-2155,▼-76.69%,0,36,36,22,555,700,950,505
TXO,202608W1,20260805.0,42950.0,Call,740,980,740,980,925,▲+812,▲+483.33%,24,21,45,29,700,965,980,126
TXO,202608W1,20260805.0,42950.0,Put,700,710,580,640,675,▼-2210,▼-77.54%,0,66,66,8,484,-,970,580
TXO,202608W1,20260805.0,43000.0,Call,465,1010,465,1000,910,▲+845,▲+545.16%,123,346,469,136,850,970,1530,100
TXO,202608W1,20260805.0,43000.0,Put,950,950,530,650,700,▼-2240,▼-77.51%,0,371,371,137,650,700,3140,430
TXO,202608W1,20260805.0,43050.0,Call,550,960,550,960,880,▲+810,▲+540.00%,76,55,131,42,545,880,960,120
TXO,202608W1,20260805.0,43050.0,Put,895,895,700,715,715,▼-2225,▼-75.68%,0,16,16,14,535,-,1500,505
TXO,202608W1,20260805.0,43100.0,Call,480,960,480,815,865,▲+673,▲+473.94%,39,176,215,92,725,960,1350,99
TXO,202608W1,20260805.0,43100.0,Put,835,895,580,730,760,▼-2250,▼-75.50%,0,150,150,120,635,780,1160,550
TXO,202608W1,20260805.0,43150.0,Call,500,880,500,880,830,▲+743,▲+542.34%,5,15,20,20,590,890,880,128
TXO,202608W1,20260805.0,43150.0,Put,665,675,570,675,775,▼-2345,▼-77.65%,0,8,8,3,585,815,675,570
TXO,202608W1,20260805.0,43200.0,Call,530,900,530,800,800,▲+668,▲+506.06%,51,133,184,91,755,-,1130,94
TXO,202608W1,20260805.0,43200.0,Put,1400,1400,610,775,800,▼-2285,▼-74.67%,1,107,108,57,620,-,2660,510
TXO,202608W1,20260805.0,43250.0,Call,480,850,480,800,760,▲+676,▲+545.16%,6,43,49,13,3.6,915,850,100
TXO,202608W1,20260805.0,43250.0,Put,875,875,600,730,805,▼-2380,▼-76.53%,0,7,7,5,650,-,875,600
TXO,202608W1,20260805.0,43300.0,Call,400,820,400,730,730,▲+615,▲+534.78%,20,178,198,82,710,880,1090,90
TXO,202608W1,20260805.0,43300.0,Put,910,970,650,750,810,▼-2400,▼-76.19%,0,147,147,85,670,830,1060,640
TXO,202608W1,20260805.0,43350.0,Call,635,810,635,760,680,▲+647,▲+572.57%,5,37,42,26,605,800,810,85
TXO,202608W1,20260805.0,43350.0,Put,870,870,870,870,820,▼-2330,▼-72.81%,0,6,6,6,750,-,870,870
TXO,202608W1,20260805.0,43400.0,Call,450,785,450,680,665,▲+573,▲+535.51%,22,139,161,89,665,-,1440,80
TXO,202608W1,20260805.0,43400.0,Put,900,900,675,860,825,▼-2380,▼-73.46%,0,135,135,118,510,950,3520,675
TXO,202608W1,20260805.0,43450.0,Call,-,-,-,-,645,-,-,0,0,0,1,580,-,1210,177
TXO,202608W1,20260805.0,43450.0,Put,790,890,730,890,855,▼-2390,▼-72.87%,0,17,17,1,740,-,890,730
TXO,202608W1,20260805.0,43500.0,Call,275,720,275,635,635,▲+537,▲+547.96%,110,343,453,157,635,730,1100,70
TXO,202608W1,20260805.0,43500.0,Put,1000,1000,760,880,880,▼-2450,▼-73.57%,0,73,73,29,805,1040,1000,655
TXO,202608W1,20260805.0,43550.0,Call,386,680,386,655,585,▲+564,▲+619.78%,3,33,36,27,580,770,680,5.5
TXO,202608W1,20260805.0,43550.0,Put,-,-,-,-,915,-,-,0,0,0,1,61,1060,595,595
TXO,202608W1,20260805.0,43600.0,Call,370,675,347,620,565,▲+533,▲+612.64%,68,97,165,57,565,690,1920,75
TXO,202608W1,20260805.0,43600.0,Put,995,1020,785,1000,945,▼-2420,▼-70.76%,0,59,59,47,925,1050,2230,785
TXO,202608W1,20260805.0,43650.0,Call,400,630,400,575,545,▲+490,▲+576.47%,7,53,60,41,545,-,630,70
TXO,202608W1,20260805.0,43650.0,Put,-,-,-,-,975,-,-,0,0,0,10,970,1120,995,885
TXO,202608W1,20260805.0,43700.0,Call,342,605,342,570,505,▲+492,▲+630.77%,59,144,203,46,550,610,1830,63
TXO,202608W1,20260805.0,43700.0,Put,995,1050,820,1050,1020,▼-2460,▼-70.09%,0,26,26,21,1020,1080,3620,665
TXO,202608W1,20260805.0,43750.0,Call,378,560,378,555,492,▲+481,▲+650.00%,6,43,49,32,449,-,560,65
TXO,202608W1,20260805.0,43750.0,Put,930,1000,850,850,1040,▼-2710,▼-76.12%,0,4,4,11,1040,1110,1040,850
TXO,202608W1,20260805.0,43800.0,Call,255,580,255,515,471,▲+446,▲+646.38%,92,207,299,79,456,585,1030,50
TXO,202608W1,20260805.0,43800.0,Put,995,1160,965,1070,1070,▼-2530,▼-70.28%,0,19,19,28,1080,1390,1160,665
TXO,202608W1,20260805.0,43850.0,Call,286,520,286,515,458,▲+449,▲+680.30%,9,13,22,14,417,880,930,50
TXO,202608W1,20260805.0,43850.0,Put,1030,1030,980,1030,1100,▼-2620,▼-71.78%,0,12,12,28,1100,-,1390,690
TXO,202608W1,20260805.0,43900.0,Call,179,510,179,510,439,▲+448,▲+722.58%,9,46,55,22,395,525,1010,48
TXO,202608W1,20260805.0,43900.0,Put,995,995,925,925,1160,▼-2765,▼-74.93%,0,7,7,8,1160,1200,1120,685
TXO,202608W1,20260805.0,43950.0,Call,250,505,250,505,430,▲+446,▲+755.93%,2,99,101,8,400,-,505,3.7
TXO,202608W1,20260805.0,43950.0,Put,-,-,-,-,1170,-,-,0,0,0,10,1140,1310,990,990
TXO,202608W1,20260805.0,44000.0,Call,187,497,160,452,425,▲+396,▲+707.14%,121,1301,1422,494,425,468,1890,40
TXO,202608W1,20260805.0,44000.0,Put,1220,1250,985,1240,1200,▼-2550,▼-67.28%,0,21,21,9,1180,1270,2570,685
TXO,202608W1,20260805.0,44050.0,Call,330,446,330,400,400,▲+347,▲+654.72%,2,35,37,28,331,-,446,45
TXO,202608W1,20260805.0,44050.0,Put,-,-,-,-,1240,-,-,1,0,1,0,1170,-,3410,3410
TXO,202608W1,20260805.0,44100.0,Call,300,460,300,429,377,▲+381,▲+793.75%,14,62,76,39,376,452,1040,48
TXO,202608W1,20260805.0,44100.0,Put,1420,1420,1420,1420,1270,▼-2460,▼-63.40%,0,1,1,26,1220,1410,1420,715
TXO,202608W1,20260805.0,44150.0,Call,264,418,264,405,363,▲+357,▲+743.75%,20,43,63,34,386,-,418,36
TXO,202608W1,20260805.0,44150.0,Put,-,-,-,-,1310,-,-,0,0,0,0,1260,-,-,-
TXO,202608W1,20260805.0,44200.0,Call,186,421,186,421,349,▲+374,▲+795.74%,25,207,232,71,377,483,985,38
TXO,202608W1,20260805.0,44200.0,Put,1390,1390,1130,1260,1350,▼-2720,▼-68.34%,1,11,12,9,1300,1400,2760,1130
TXO,202608W1,20260805.0,44250.0,Call,296,410,272,400,337,▲+357.5,▲+841.18%,9,70,79,32,366,400,410,42.5
TXO,202608W1,20260805.0,44250.0,Put,-,-,-,-,1380,-,-,0,0,0,0,1300,-,-,-
TXO,202608W1,20260805.0,44300.0,Call,120,384,120,384,322,▲+343.5,▲+848.15%,27,159,186,74,350,425,860,30
TXO,202608W1,20260805.0,44300.0,Put,-,-,-,-,1420,-,-,0,0,0,0,1350,-,2490,960
TXO,202608W1,20260805.0,44350.0,Call,131,336,131,325,311,▲+287,▲+755.26%,9,40,49,15,272,388,336,38
TXO,202608W1,20260805.0,44350.0,Put,-,-,-,-,1460,-,-,0,0,0,0,1390,-,-,-
TXO,202608W1,20260805.0,44400.0,Call,159,352,111,319,303,▲+282.5,▲+773.97%,22,113,135,42,303,429,1420,27
TXO,202608W1,20260805.0,44400.0,Put,-,-,-,-,1490,-,-,4,0,4,6,1420,-,3740,715
TXO,202608W1,20260805.0,44450.0,Call,157,350,157,320,288,▲+285.5,▲+827.54%,2,30,32,22,305,-,350,30
TXO,202608W1,20260805.0,44450.0,Put,-,-,-,-,1530,-,-,0,0,0,0,1200,-,-,-
TXO,202608W1,20260805.0,44500.0,Call,115,333,115,303,279,▲+270.5,▲+832.31%,52,460,512,196,290,349,1260,24
TXO,202608W1,20260805.0,44500.0,Put,-,-,-,-,1580,-,-,0,0,0,1,1320,-,4200,1000
TXO,202608W1,20260805.0,44550.0,Call,120,311,120,297,264,▲+266.5,▲+873.77%,6,59,65,15,220,400,311,25
TXO,202608W1,20260805.0,44550.0,Put,-,-,-,-,1610,-,-,0,0,0,0,-,-,-,-
TXO,202608W1,20260805.0,44600.0,Call,141,305,141,278,251,▲+249,▲+858.62%,7,130,137,84,273,319,1250,22
TXO,202608W1,20260805.0,44600.0,Put,-,-,-,-,1650,-,-,0,0,0,0,-,-,-,-
TXO,202608W1,20260805.0,44650.0,Call,107,292,107,292,243,▲+265.5,"▲+1,001.89%",22,71,93,35,195,372,488,21.5
TXO,202608W1,20260805.0,44650.0,Put,-,-,-,-,1690,-,-,0,0,0,1,-,-,1470,950
TXO,202608W1,20260805.0,44700.0,Call,60,286,60,268,231,▲+241.5,▲+911.32%,8,157,165,73,262,280,715,25
TXO,202608W1,20260805.0,44700.0,Put,-,-,-,-,1730,-,-,0,0,0,0,-,-,-,-
TXO,202608W1,20260805.0,44750.0,Call,103,271,103,271,224,▲+246,▲+984.00%,3,26,29,19,212,-,271,21.5
TXO,202608W1,20260805.0,44750.0,Put,-,-,-,-,1770,-,-,0,0,0,0,-,-,-,-
TXO,202608W1,20260805.0,44800.0,Call,80,255,80,243,212,▲+219.5,▲+934.04%,24,83,107,43,176,342,1280,9.5
TXO,202608W1,20260805.0,44800.0,Put,-,-,-,-,1810,-,-,0,0,0,2,-,1940,1450,1010
TXO,202608W1,20260805.0,44850.0,Call,130,245,128,235,205,▲+212.5,▲+944.44%,1,16,17,10,200,350,700,15
TXO,202608W1,20260805.0,44850.0,Put,-,-,-,-,1850,-,-,0,0,0,0,-,-,-,-
TXO,202608W1,20260805.0,44900.0,Call,109,236,109,228,198,▲+206.5,▲+960.47%,3,75,78,31,182,487,1050,16
TXO,202608W1,20260805.0,44900.0,Put,-,-,-,-,1890,-,-,1,0,1,0,-,-,4220,4220
TXO,202608W1,20260805.0,44950.0,Call,131,221,131,221,187,▲+201,"▲+1,005.00%",0,7,7,6,124,304,221,38
TXO,202608W1,20260805.0,44950.0,Put,-,-,-,-,1930,-,-,0,0,0,0,-,-,-,-
TXO,202608W1,20260805.0,45000.0,Call,69,222,61,207,179,▲+188,▲+989.47%,98,1546,1644,725,203,207,1010,15
TXO,202608W1,20260805.0,45000.0,Put,-,-,-,-,1980,-,-,0,0,0,1,-,2100,4700,1050
TXO,202608W1,20260805.0,45050.0,Call,87,200,87,200,172,▲+183,"▲+1,076.47%",9,62,71,94,90,-,452,17
TXO,202608W1,20260805.0,45050.0,Put,-,-,-,-,2020,-,-,0,0,0,0,-,-,-,-
TXO,202608W1,20260805.0,45100.0,Call,84,202,70,202,165,▲+185,"▲+1,088.24%",8,159,167,121,180,242,349,7
TXO,202608W1,20260805.0,45100.0,Put,-,-,-,-,2060,-,-,0,0,0,0,-,-,2200,1150
TXO,202608W1,20260805.0,45150.0,Call,98,195,75,184,158,▲+167.5,"▲+1,015.15%",3,63,66,52,130,199,500,19
TXO,202608W1,20260805.0,45150.0,Put,-,-,-,-,2100,-,-,0,0,0,0,-,-,-,-
TXO,202608W1,20260805.0,45200.0,Call,60,174,57,174,150,▲+158.5,"▲+1,022.58%",15,355,370,178,150,184,760,12.5
TXO,202608W1,20260805.0,45200.0,Put,-,-,-,-,2140,-,-,0,0,0,3,-,2270,1200,1150
TXO,202608W1,20260805.0,45250.0,Call,91,165,69,165,142,▲+150,"▲+1,000.00%",0,58,58,56,97,266,165,69
TXO,202608W1,20260805.0,45250.0,Put,-,-,-,-,2190,-,-,0,0,0,0,-,-,-,-
TXO,202608W1,20260805.0,45300.0,Call,59,164,50,157,135,▲+143,"▲+1,021.43%",30,302,332,200,111,243,790,9.5
TXO,202608W1,20260805.0,45300.0,Put,-,-,-,-,2230,-,-,0,0,0,0,-,-,-,-
TXO,202608W1,20260805.0,45350.0,Call,73,161,73,153,129,▲+139.5,"▲+1,033.33%",5,68,73,63,109,152,199,10
TXO,202608W1,20260805.0,45350.0,Put,-,-,-,-,2280,-,-,0,0,0,0,-,-,-,-
TXO,202608W1,20260805.0,45400.0,Call,70,149,51,149,123,▲+136.5,"▲+1,092.00%",5,136,141,109,105,245,359,12.5
TXO,202608W1,20260805.0,45400.0,Put,-,-,-,-,2320,-,-,0,0,0,0,-,-,-,-
TXO,202608W1,20260805.0,45450.0,Call,70,97,43.5,97,116,▲+84.5,▲+676.00%,1,64,65,68,100,150,180,13
TXO,202608W1,20260805.0,45450.0,Put,-,-,-,-,2360,-,-,0,0,0,0,-,-,-,-
TXO,202608W1,20260805.0,45500.0,Call,70,138,42.5,134,111,▲+122,"▲+1,016.67%",50,449,499,364,128,137,1010,7
TXO,202608W1,20260805.0,45500.0,Put,-,-,-,-,2410,-,-,0,0,0,0,-,-,2200,1850
TXO,202608W1,20260805.0,45550.0,Call,80,132,80,132,104,▲+120.5,"▲+1,047.83%",7,35,42,34,103,300,132,11.5
TXO,202608W1,20260805.0,45550.0,Put,-,-,-,-,2450,-,-,0,0,0,0,-,-,-,-
TXO,202608W1,20260805.0,45600.0,Call,36,119,36,119,98,▲+108,▲+981.82%,0,92,92,76,113,250,750,9.6
TXO,202608W1,20260805.0,45600.0,Put,-,-,-,-,2490,-,-,0,0,0,0,-,-,-,-
TXO,202608W1,20260805.0,45650.0,Call,52,111,52,111,93,▲+100.5,▲+957.14%,0,15,15,13,55,-,815,19
TXO,202608W1,20260805.0,45650.0,Put,-,-,-,-,2540,-,-,0,0,0,0,-,-,-,-
TXO,202608W1,20260805.0,45700.0,Call,30,107,29.5,105,90,▲+95.1,▲+960.61%,1,62,63,249,103,399,560,8.5
TXO,202608W1,20260805.0,45700.0,Put,-,-,-,-,2590,-,-,0,0,0,0,-,-,-,-
TXO,202608W1,20260805.0,45750.0,Call,47,100,47,100,84,▲+90.4,▲+941.67%,0,15,15,16,61,192,342,40.5
TXO,202608W1,20260805.0,45750.0,Put,-,-,-,-,2630,-,-,0,0,0,0,-,-,-,-
TXO,202608W1,20260805.0,45800.0,Call,30,102,23,99,77,▲+89.7,▲+964.52%,1,82,83,69,64,178,314,7.5
TXO,202608W1,20260805.0,45800.0,Put,-,-,-,-,2670,-,-,0,0,0,0,-,-,-,-
TXO,202608W1,20260805.0,45850.0,Call,94,94,90,92,73,▲+83,▲+922.22%,2,5,7,5,91,114,94,9.1
TXO,202608W1,20260805.0,45850.0,Put,-,-,-,-,2720,-,-,0,0,0,0,-,-,-,-
TXO,202608W1,20260805.0,45900.0,Call,16.5,79,16.5,79,68,▲+70.1,▲+787.64%,1,24,25,19,46,99,605,8.7
TXO,202608W1,20260805.0,45900.0,Put,-,-,-,-,2760,-,-,0,0,0,0,-,-,-,-
TXO,202608W1,20260805.0,45950.0,Call,30,55,23,55,64,▲+46.4,▲+539.53%,0,14,14,14,56,86,218,23
TXO,202608W1,20260805.0,45950.0,Put,-,-,-,-,2810,-,-,0,0,0,0,-,-,-,-
TXO,202608W1,20260805.0,46000.0,Call,30,75,15.5,70,64,▲+61.5,▲+723.53%,73,591,664,304,70,74,665,6
TXO,202608W1,20260805.0,46000.0,Put,-,-,-,-,2860,-,-,0,0,0,0,-,-,-,-
TXO,202608W1,20260805.0,46050.0,Call,-,-,-,-,64,-,-,3,0,3,4,33,76,270,7.9
TXO,202608W1,20260805.0,46050.0,Put,-,-,-,-,2910,-,-,0,0,0,0,-,-,-,-
TXO,202608W1,20260805.0,46100.0,Call,11.5,64,11.5,64,64,▲+56,▲+700.00%,7,68,75,57,35,79,492,7.5
TXO,202608W1,20260805.0,46100.0,Put,-,-,-,-,2960,-,-,0,0,0,1,2870,-,1650,1650
TXO,202608W1,20260805.0,46150.0,Call,10.5,10.5,10.5,10.5,53,▲+3.1,▲+41.89%,36,1,37,36,29,158,248,7.9
TXO,202608W1,20260805.0,46150.0,Put,-,-,-,-,3000,-,-,0,0,0,0,-,-,-,-
TXO,202608W1,20260805.0,46200.0,Call,20,63,16.5,43.5,43.5,▲+37,▲+569.23%,83,60,143,106,43,100,500,6
TXO,202608W1,20260805.0,46200.0,Put,-,-,-,-,3040,-,-,0,0,0,0,-,-,-,-
TXO,202608W1,20260805.0,46300.0,Call,15,52,13,52,42,▲+45.7,▲+725.40%,25,61,86,48,42,78,400,5
TXO,202608W1,20260805.0,46300.0,Put,-,-,-,-,3130,-,-,0,0,0,0,-,-,-,-
TXO,202608W1,20260805.0,46400.0,Call,19.5,30,14,30,30,▲+24.2,▲+417.24%,7,27,34,17,30,71,478,7.4
TXO,202608W1,20260805.0,46400.0,Put,-,-,-,-,3230,-,-,0,0,0,0,-,-,-,-
TXO,202608W1,20260805.0,46500.0,Call,16,56,7.4,44,28.5,▲+38.6,▲+714.81%,24,199,223,152,37.5,53,500,5
TXO,202608W1,20260805.0,46500.0,Put,-,-,-,-,3320,-,-,0,0,0,0,-,-,-,-
TXO,202608W1,20260805.0,46600.0,Call,11.5,20,10,20,27,▲+14.6,▲+270.37%,9,43,52,44,25,39,525,5.1
TXO,202608W1,20260805.0,46600.0,Put,-,-,-,-,3420,-,-,0,0,0,0,-,-,-,-
TXO,202608W1,20260805.0,46700.0,Call,6.2,23,6.2,23,25.5,▲+18,▲+360.00%,0,3,3,10,22,-,202,5
TXO,202608W1,20260805.0,46700.0,Put,-,-,-,-,3520,-,-,0,0,0,0,-,-,-,-
TXO,202608W1,20260805.0,46800.0,Call,5.9,39,5.9,39,24.5,▲+34.6,▲+786.36%,1,58,59,52,20,34.5,112,3.9
TXO,202608W1,20260805.0,46800.0,Put,-,-,-,-,3620,-,-,0,0,0,0,-,-,-,-
TXO,202608W1,20260805.0,46900.0,Call,5.2,11,5.2,11,23,▲+7,▲+175.00%,0,11,11,23,15,99,281,5
TXO,202608W1,20260805.0,46900.0,Put,-,-,-,-,3720,-,-,0,0,0,0,-,-,-,-
TXO,202608W1,20260805.0,47000.0,Call,8,25.5,6.1,22,22,▲+18,▲+450.00%,8,418,426,485,22,30,362,2.7
TXO,202608W1,20260805.0,47000.0,Put,-,-,-,-,3820,-,-,0,0,0,0,-,-,-,-
TXO,202608W1,20260805.0,47100.0,Call,6.1,15,6.1,14.5,21,▲+10.9,▲+302.78%,0,42,42,62,14.5,41,286,3
TXO,202608W1,20260805.0,47100.0,Put,-,-,-,-,3920,-,-,0,0,0,0,-,-,-,-
TXO,202608W1,20260805.0,47200.0,Call,10,20,10,20,20,▲+16.7,▲+506.06%,5,6,11,78,13,50,264,2.1
TXO,202608W1,20260805.0,47200.0,Put,-,-,-,-,4020,-,-,0,0,0,0,-,-,-,-
TXO,202608W1,20260805.0,47300.0,Call,10,22,10,17,17,▲+14,▲+466.67%,1,5,6,16,11,22.5,276,2.9
TXO,202608W1,20260805.0,47300.0,Put,-,-,-,-,4110,-,-,0,0,0,0,-,-,-,-
TXO,202608W1,20260805.0,47400.0,Call,4.5,14.5,3,14.5,14.5,▲+11.5,▲+383.33%,5,88,93,94,13,45.5,280,2
TXO,202608W1,20260805.0,47400.0,Put,-,-,-,-,4210,-,-,0,0,0,0,-,-,-,-
TXO,202608W1,20260805.0,47500.0,Call,3.9,15,2.8,15,11.5,▲+12.3,▲+455.56%,198,468,666,1130,11.5,29,198,1.5
TXO,202608W1,20260805.0,47500.0,Put,-,-,-,-,4310,-,-,0,0,0,0,-,-,-,-
TXO,202608W1,20260805.0,47600.0,Call,2.5,13,2.2,12,9.2,▲+9.5,▲+380.00%,0,39,39,35,5,12.5,195,1.8
TXO,202608W1,20260805.0,47600.0,Put,-,-,-,-,4410,-,-,0,0,0,0,-,-,-,-
TXO,202608W1,20260805.0,47700.0,Call,1.1,12,1.1,11,8.8,▲+8.8,▲+400.00%,0,22,22,24,6.6,12.5,195,1.1
TXO,202608W1,20260805.0,47700.0,Put,-,-,-,-,4500,-,-,0,0,0,0,-,-,-,-
TXO,202608W1,20260805.0,47800.0,Call,1,3.9,1,3.8,8.3,▲+1.6,▲+72.73%,0,9,9,10,8,12.5,144,1
TXO,202608W1,20260805.0,47800.0,Put,-,-,-,-,4600,-,-,0,0,0,0,-,-,-,-
TXO,202608W1,20260805.0,47900.0,Call,0.8,1,0.8,1,7.6,▼-1.1,▼-52.38%,0,15,15,28,2.3,12,163,0.8
TXO,202608W1,20260805.0,47900.0,Put,-,-,-,-,4700,-,-,0,0,0,0,-,-,-,-
TXO,202608W1,20260805.0,48000.0,Call,0.9,2,0.9,2,7.2,0,0%,1,6,7,247,2.1,11,156,0.9
TXO,202608W1,20260805.0,48000.0,Put,-,-,-,-,4800,-,-,0,0,0,0,-,-,-,-
TXO,202608W1,20260805.0,48100.0,Call,-,-,-,-,7.2,-,-,0,0,0,5,0.7,16,82,1.8
TXO,202608W1,20260805.0,48100.0,Put,-,-,-,-,4900,-,-,0,0,0,0,-,-,-,-
TXO,202608W1,20260805.0,48200.0,Call,3.1,3.1,0.1,0.1,6.4,▼-1.8,▼-94.74%,1,2,3,3,0.5,52,119,0.1
TXO,202608W1,20260805.0,48200.0,Put,-,-,-,-,5000,-,-,0,0,0,0,-,-,-,-
TXO,202608W1,20260805.0,48300.0,Call,-,-,-,-,6.4,-,-,0,0,0,27,0.5,10,116,1.5
TXO,202608W1,20260805.0,48300.0,Put,-,-,-,-,5100,-,-,0,0,0,0,-,-,-,-
TXO,202608W1,20260805.0,48400.0,Call,1.2,1.2,1.2,1.2,6.1,▼-0.6,▼-33.33%,5,1,6,6,0.5,99,106,1.2
TXO,202608W1,20260805.0,48400.0,Put,-,-,-,-,5200,-,-,0,0,0,0,-,-,-,-
TXO,202608W1,20260805.0,48500.0,Call,-,-,-,-,5.5,-,-,0,0,0,2,0.5,99,100,1.7
TXO,202608W1,20260805.0,48500.0,Put,-,-,-,-,5300,-,-,0,0,0,0,-,-,-,-
TXO,202608W1,20260805.0,48600.0,Call,-,-,-,-,5.3,-,-,0,0,0,6,0.5,99,47,1
TXO,202608W1,20260805.0,48600.0,Put,-,-,-,-,5400,-,-,0,0,0,0,-,-,-,-
TXO,202608W1,20260805.0,48700.0,Call,0.2,0.6,0.1,0.1,5.1,▼-1.6,▼-94.12%,19,5,24,11,0.5,66,82,0.1
TXO,202608W1,20260805.0,48700.0,Put,-,-,-,-,5500,-,-,0,0,0,0,-,-,-,-
TXO,202608W1,20260805.0,48800.0,Call,1.6,1.6,1.6,1.6,4.8,▼-0.1,▼-5.88%,0,2,2,3,0.5,88,25.5,1
TXO,202608W1,20260805.0,48800.0,Put,-,-,-,-,5600,-,-,0,0,0,0,-,-,-,-
TXO,202608W1,20260805.0,48900.0,Call,1.4,1.4,1.4,1.4,4.6,▼-0.3,▼-17.65%,0,4,4,5,0.5,100,10.5,0.7
TXO,202608W1,20260805.0,48900.0,Put,-,-,-,-,5700,-,-,0,0,0,0,-,-,-,-
TXO,202608W1,20260805.0,49000.0,Call,-,-,-,-,4.5,-,-,0,0,0,8,0.5,99,22,0.8
TXO,202608W1,20260805.0,49000.0,Put,-,-,-,-,5800,-,-,0,0,0,0,-,-,-,-
TXO,202608W1,20260805.0,49100.0,Call,5.4,5.5,5.4,5.5,4.3,▲+3.8,▲+223.53%,0,4,4,5,4.1,-,13,5
TXO,202608W1,20260805.0,49100.0,Put,-,-,-,-,5900,-,-,0,0,0,0,-,-,-,-
TXO,202608W1,20260805.0,49200.0,Call,-,-,-,-,4,-,-,2,0,2,8,0.5,99,18,1.4
TXO,202608W1,20260805.0,49200.0,Put,-,-,-,-,6000,-,-,0,0,0,0,-,-,-,-
TXO,202608W1,20260805.0,49300.0,Call,-,-,-,-,3.8,-,-,1,0,1,1,0.5,97,16,0.9
TXO,202608W1,20260805.0,49300.0,Put,-,-,-,-,6100,-,-,0,0,0,0,-,-,-,-
TXO,202608W1,20260805.0,49400.0,Call,1,5.8,1,5,3.6,▲+4.4,▲+733.33%,20,143,163,578,2.8,5.8,26,0.1
TXO,202608W1,20260805.0,49400.0,Put,-,-,-,-,6200,-,-,0,0,0,0,-,-,-,-
TXO,202608F1,20260807.0,35900.0,Call,-,-,-,-,7470,-,-,0,0,0,0,-,-,-,-
TXO,202608F1,20260807.0,35900.0,Put,95,95,15,15,11,▼-142,▼-90.45%,0,2,2,2,3,50,95,15
TXO,202608F1,20260807.0,36000.0,Call,-,-,-,-,7370,-,-,0,0,0,0,-,-,-,-
TXO,202608F1,20260807.0,36000.0,Put,45,45.5,11.5,13,12,▼-155,▼-92.26%,21,29,50,35,8.8,40,201,11.5
TXO,202608F1,20260807.0,36100.0,Call,-,-,-,-,7270,-,-,0,0,0,0,-,-,-,-
TXO,202608F1,20260807.0,36100.0,Put,31,31,31,31,12.5,▼-144,▼-82.29%,1,1,2,1,6.6,200,78,31
TXO,202608F1,20260807.0,36200.0,Call,-,-,-,-,7170,-,-,0,0,0,0,-,-,-,-
TXO,202608F1,20260807.0,36200.0,Put,-,-,-,-,13.5,-,-,2,0,2,2,0.5,112,181,82
TXO,202608F1,20260807.0,36300.0,Call,-,-,-,-,7070,-,-,0,0,0,0,-,-,-,-
TXO,202608F1,20260807.0,36300.0,Put,-,-,-,-,14,-,-,0,0,0,0,0.5,363,-,-
TXO,202608F1,20260807.0,36400.0,Call,-,-,-,-,6980,-,-,0,0,0,0,-,-,-,-
TXO,202608F1,20260807.0,36400.0,Put,-,-,-,-,14.5,-,-,1,0,1,1,0.5,114,128,94
TXO,202608F1,20260807.0,36500.0,Call,-,-,-,-,6880,-,-,0,0,0,0,-,-,-,-
TXO,202608F1,20260807.0,36500.0,Put,-,-,-,-,15,-,-,1,0,1,1,0.5,95,99,99
TXO,202608F1,20260807.0,36600.0,Call,-,-,-,-,6780,-,-,0,0,0,0,-,-,-,-
TXO,202608F1,20260807.0,36600.0,Put,-,-,-,-,16,-,-,0,0,0,0,3,364,-,-
TXO,202608F1,20260807.0,36700.0,Call,-,-,-,-,6680,-,-,0,0,0,0,-,-,-,-
TXO,202608F1,20260807.0,36700.0,Put,-,-,-,-,17,-,-,0,0,0,0,0.7,365,-,-
TXO,202608F1,20260807.0,36800.0,Call,-,-,-,-,6580,-,-,0,0,0,0,-,-,-,-
TXO,202608F1,20260807.0,36800.0,Put,19,19,19,19,17.5,▼-223,▼-92.15%,0,1,1,1,1.2,365,19,19
TXO,202608F1,20260807.0,36900.0,Call,-,-,-,-,6480,-,-,0,0,0,0,-,-,-,-
TXO,202608F1,20260807.0,36900.0,Put,-,-,-,-,18.5,-,-,0,0,0,0,1.3,366,-,-
TXO,202608F1,20260807.0,37000.0,Call,-,-,-,-,6380,-,-,0,0,0,0,-,-,-,-
TXO,202608F1,20260807.0,37000.0,Put,70,70,44,61,19.5,▼-205,▼-77.07%,7,7,14,4,5,366,266,44
TXO,202608F1,20260807.0,37100.0,Call,-,-,-,-,6280,-,-,0,0,0,0,-,-,-,-
TXO,202608F1,20260807.0,37100.0,Put,-,-,-,-,20.5,-,-,0,0,0,0,1.3,367,-,-
TXO,202608F1,20260807.0,37200.0,Call,-,-,-,-,6180,-,-,0,0,0,0,-,-,-,-
TXO,202608F1,20260807.0,37200.0,Put,65,65,65,65,21.5,▼-230,▼-77.97%,1,1,2,0,1.9,367,135,65
TXO,202608F1,20260807.0,37300.0,Call,-,-,-,-,6080,-,-,0,0,0,0,-,-,-,-
TXO,202608F1,20260807.0,37300.0,Put,-,-,-,-,22.5,-,-,0,0,0,0,3.5,368,-,-
TXO,202608F1,20260807.0,37400.0,Call,-,-,-,-,5980,-,-,0,0,0,0,-,-,-,-
TXO,202608F1,20260807.0,37400.0,Put,71,71,71,71,23.5,▼-253,▼-78.09%,5,4,9,20,21,121,478,71
TXO,202608F1,20260807.0,37500.0,Call,-,-,-,-,5890,-,-,0,0,0,0,-,-,-,-
TXO,202608F1,20260807.0,37500.0,Put,-,-,-,-,25,-,-,0,0,0,3,2.2,370,460,150
TXO,202608F1,20260807.0,37600.0,Call,-,-,-,-,5790,-,-,0,0,0,0,-,-,-,-
TXO,202608F1,20260807.0,37600.0,Put,-,-,-,-,25.5,-,-,0,0,0,1,22.5,371,253,180
TXO,202608F1,20260807.0,37700.0,Call,-,-,-,-,5690,-,-,0,0,0,0,-,-,-,-
TXO,202608F1,20260807.0,37700.0,Put,78,78,35,35,27,▼-338,▼-90.62%,0,2,2,2,20,125,210,35
TXO,202608F1,20260807.0,37800.0,Call,-,-,-,-,5590,-,-,0,0,0,0,-,-,-,-
TXO,202608F1,20260807.0,37800.0,Put,28,28,28,28,28,▼-365,▼-92.88%,0,1,1,1,16,373,28,28
TXO,202608F1,20260807.0,37900.0,Call,-,-,-,-,5490,-,-,0,0,0,0,-,-,-,-
TXO,202608F1,20260807.0,37900.0,Put,66,66,33,33,30,▼-379,▼-91.99%,3,4,7,4,23,375,479,23
TXO,202608F1,20260807.0,38000.0,Call,-,-,-,-,5390,-,-,0,0,0,0,-,-,-,-
TXO,202608F1,20260807.0,38000.0,Put,95,95,30,30,30,▼-384,▼-92.75%,5,18,23,15,2.2,55,414,30
TXO,202608F1,20260807.0,38100.0,Call,-,-,-,-,5290,-,-,0,0,0,0,-,-,-,-
TXO,202608F1,20260807.0,38100.0,Put,103,103,90,90,33,▼-364,▼-80.18%,8,7,15,15,4.5,131,210,90
TXO,202608F1,20260807.0,38200.0,Call,-,-,-,-,5200,-,-,0,0,0,0,-,-,2450,2450
TXO,202608F1,20260807.0,38200.0,Put,-,-,-,-,34.5,-,-,2,0,2,1,2.3,133,555,220
TXO,202608F1,20260807.0,38300.0,Call,-,-,-,-,5100,-,-,0,0,0,0,-,-,-,-
TXO,202608F1,20260807.0,38300.0,Put,131,131,73,73,36,▼-426,▼-85.37%,3,4,7,4,30,382,230,73
TXO,202608F1,20260807.0,38400.0,Call,-,-,-,-,5000,-,-,0,0,0,0,-,-,-,-
TXO,202608F1,20260807.0,38400.0,Put,104,114,52,52,38,▼-473,▼-90.10%,0,6,6,4,3.2,137,114,52
TXO,202608F1,20260807.0,38500.0,Call,-,-,-,-,4900,-,-,0,0,0,0,-,-,-,-
TXO,202608F1,20260807.0,38500.0,Put,80,88,50,50,40,▼-500,▼-90.91%,4,17,21,15,5.1,138,650,50
TXO,202608F1,20260807.0,38600.0,Call,-,-,-,-,4800,-,-,0,0,0,0,-,-,-,-
TXO,202608F1,20260807.0,38600.0,Put,85,85,85,85,42,▼-490,▼-85.22%,1,3,4,3,10.5,141,565,85
TXO,202608F1,20260807.0,38700.0,Call,-,-,-,-,4710,-,-,0,0,0,0,-,-,-,-
TXO,202608F1,20260807.0,38700.0,Put,-,-,-,-,44,-,-,0,0,0,0,2.1,-,-,-
TXO,202608F1,20260807.0,38750.0,Call,-,-,-,-,4660,-,-,0,0,0,0,-,-,-,-
TXO,202608F1,20260807.0,38750.0,Put,71,71,70,70,45,▼-550,▼-88.71%,0,10,10,10,20.5,393,71,70
TXO,202608F1,20260807.0,38800.0,Call,-,-,-,-,4610,-,-,0,0,0,0,-,-,2020,2020
TXO,202608F1,20260807.0,38800.0,Put,73,73,71,71,46.5,▼-564,▼-88.82%,0,10,10,10,3,395,73,71
TXO,202608F1,20260807.0,38850.0,Call,-,-,-,-,4560,-,-,0,0,0,0,-,-,-,-
TXO,202608F1,20260807.0,38850.0,Put,-,-,-,-,48,-,-,0,0,0,0,1.3,111,-,-
TXO,202608F1,20260807.0,38900.0,Call,-,-,-,-,4510,-,-,0,0,0,0,-,-,-,-
TXO,202608F1,20260807.0,38900.0,Put,101,101,100,100,49,▼-565,▼-84.96%,0,2,2,1,1.4,113,690,100
TXO,202608F1,20260807.0,38950.0,Call,-,-,-,-,4460,-,-,0,0,0,0,-,-,-,-
TXO,202608F1,20260807.0,38950.0,Put,142,142,94,94,50,▼-586,▼-86.18%,0,6,6,5,27,150,700,94
TXO,202608F1,20260807.0,39000.0,Call,-,-,-,-,4410,-,-,0,0,0,0,4270,-,-,-
TXO,202608F1,20260807.0,39000.0,Put,150,150,78,78,52,▼-617,▼-88.78%,9,18,27,10,30,-,800,78
TXO,202608F1,20260807.0,39050.0,Call,-,-,-,-,4360,-,-,0,0,0,0,4220,-,-,-
TXO,202608F1,20260807.0,39050.0,Put,-,-,-,-,53,-,-,0,0,0,0,3.3,-,650,650
TXO,202608F1,20260807.0,39100.0,Call,-,-,-,-,4320,-,-,0,0,0,0,4180,-,-,-
TXO,202608F1,20260807.0,39100.0,Put,-,-,-,-,55,-,-,0,0,0,0,31,-,-,-
TXO,202608F1,20260807.0,39150.0,Call,-,-,-,-,4270,-,-,0,0,0,0,4130,4390,-,-
TXO,202608F1,20260807.0,39150.0,Put,106,106,106,106,57,▼-639,▼-85.77%,0,2,2,2,1.5,156,106,106
TXO,202608F1,20260807.0,39200.0,Call,-,-,-,-,4220,-,-,0,0,0,0,4080,-,-,-
TXO,202608F1,20260807.0,39200.0,Put,203,203,91,99,58,▼-661,▼-86.97%,1,29,30,66,50,176,1120,38.5
TXO,202608F1,20260807.0,39250.0,Call,-,-,-,-,4170,-,-,0,0,0,0,4030,-,-,-
TXO,202608F1,20260807.0,39250.0,Put,-,-,-,-,60,-,-,0,0,0,0,1.6,127,-,-
TXO,202608F1,20260807.0,39300.0,Call,-,-,-,-,4120,-,-,0,0,0,0,3980,-,-,-
TXO,202608F1,20260807.0,39300.0,Put,113,113,113,113,62,▼-682,▼-85.79%,0,3,3,3,42,159,845,113
TXO,202608F1,20260807.0,39350.0,Call,-,-,-,-,4080,-,-,0,0,0,0,3930,-,-,-
TXO,202608F1,20260807.0,39350.0,Put,120,120,120,120,64,▼-690,▼-85.19%,0,1,1,1,1.7,160,120,120
TXO,202608F1,20260807.0,39400.0,Call,-,-,-,-,4030,-,-,0,0,0,0,3890,-,-,-
TXO,202608F1,20260807.0,39400.0,Put,105,117,105,117,67,▼-713,▼-85.90%,0,4,4,3,2.1,-,875,105
TXO,202608F1,20260807.0,39450.0,Call,-,-,-,-,3980,-,-,0,0,0,0,3840,-,-,-
TXO,202608F1,20260807.0,39450.0,Put,-,-,-,-,68,-,-,0,0,0,0,1.7,137,-,-
TXO,202608F1,20260807.0,39500.0,Call,-,-,-,-,3930,-,-,0,0,0,0,3790,-,-,-
TXO,202608F1,20260807.0,39500.0,Put,178,178,141,141,70,▼-724,▼-83.70%,1,10,11,5,7,168,700,141
TXO,202608F1,20260807.0,39550.0,Call,-,-,-,-,3880,-,-,0,0,0,0,3740,-,-,-
TXO,202608F1,20260807.0,39550.0,Put,-,-,-,-,71,-,-,0,0,0,0,3.3,143,-,-
TXO,202608F1,20260807.0,39600.0,Call,-,-,-,-,3840,-,-,0,0,0,0,3690,-,-,-
TXO,202608F1,20260807.0,39600.0,Put,186,190,186,190,73,▼-715,▼-79.01%,1,2,3,3,1.8,173,850,186
TXO,202608F1,20260807.0,39650.0,Call,-,-,-,-,3790,-,-,0,0,0,0,-,-,-,-
TXO,202608F1,20260807.0,39650.0,Put,-,-,-,-,76,-,-,0,0,0,1,1.9,172,800,800
TXO,202608F1,20260807.0,39700.0,Call,-,-,-,-,3740,-,-,0,0,0,0,-,-,-,-
TXO,202608F1,20260807.0,39700.0,Put,135,135,135,135,79,▼-810,▼-85.71%,0,1,1,1,1.9,175,910,130
TXO,202608F1,20260807.0,39750.0,Call,-,-,-,-,3690,-,-,0,0,0,0,-,-,-,-
TXO,202608F1,20260807.0,39750.0,Put,-,-,-,-,82,-,-,0,0,0,1,2,177,760,760
TXO,202608F1,20260807.0,39800.0,Call,-,-,-,-,3650,-,-,0,0,0,0,-,-,-,-
TXO,202608F1,20260807.0,39800.0,Put,290,290,152,152,85,▼-828,▼-84.49%,0,11,11,4,2,399,850,152
TXO,202608F1,20260807.0,39850.0,Call,-,-,-,-,3600,-,-,0,0,0,0,3550,-,-,-
TXO,202608F1,20260807.0,39850.0,Put,205,205,124,124,87,▼-876,▼-87.60%,0,6,6,5,2,179,205,124
TXO,202608F1,20260807.0,39900.0,Call,-,-,-,-,3550,-,-,0,0,0,0,-,3670,-,-
TXO,202608F1,20260807.0,39900.0,Put,425,425,128,128,90,▼-902,▼-87.57%,2,9,11,6,3.1,180,1100,128
TXO,202608F1,20260807.0,39950.0,Call,-,-,-,-,3500,-,-,0,0,0,0,-,-,-,-
TXO,202608F1,20260807.0,39950.0,Put,-,-,-,-,93,-,-,0,0,0,0,3,171,-,-
TXO,202608F1,20260807.0,40000.0,Call,-,-,-,-,3460,-,-,0,0,0,0,-,-,3040,1150
TXO,202608F1,20260807.0,40000.0,Put,274,300,91,91,96,▼-979,▼-91.50%,7,45,52,30,91,187,1270,91
TXO,202608F1,20260807.0,40050.0,Call,-,-,-,-,3410,-,-,0,0,0,0,-,-,-,-
TXO,202608F1,20260807.0,40050.0,Put,-,-,-,-,99,-,-,0,0,0,0,3.2,-,-,-
TXO,202608F1,20260807.0,40100.0,Call,-,-,-,-,3370,-,-,0,0,0,0,-,-,-,-
TXO,202608F1,20260807.0,40100.0,Put,300,300,252,252,103,▼-858,▼-77.30%,0,4,4,0,2.5,169,300,252
TXO,202608F1,20260807.0,40150.0,Call,-,-,-,-,3320,-,-,0,0,0,0,-,-,1160,1160
TXO,202608F1,20260807.0,40150.0,Put,96,96,96,96,108,▼-1034,▼-91.50%,0,1,1,1,2.3,-,96,96
TXO,202608F1,20260807.0,40200.0,Call,-,-,-,-,3270,-,-,0,0,0,1,-,3350,1200,1200
TXO,202608F1,20260807.0,40200.0,Put,351,351,192,196,113,▼-964,▼-83.10%,0,7,7,2,2.8,-,1510,151
TXO,202608F1,20260807.0,40250.0,Call,-,-,-,-,3230,-,-,0,0,0,0,-,-,-,-
TXO,202608F1,20260807.0,40250.0,Put,-,-,-,-,114,-,-,1,0,1,0,2.8,-,1260,1030
TXO,202608F1,20260807.0,40300.0,Call,-,-,-,-,3180,-,-,0,0,0,1,2.3,3250,1080,1010
TXO,202608F1,20260807.0,40300.0,Put,270,280,112,112,118,▼-1088,▼-90.67%,0,10,10,54,44.5,206,1100,112
TXO,202608F1,20260807.0,40350.0,Call,-,-,-,-,3130,-,-,0,0,0,0,2.3,-,1060,1060
TXO,202608F1,20260807.0,40350.0,Put,175,176,117,117,123,▼-1103,▼-90.41%,0,11,11,11,2.4,-,176,117
TXO,202608F1,20260807.0,40400.0,Call,-,-,-,-,3090,-,-,0,0,0,1,2.3,3170,1440,1030
TXO,202608F1,20260807.0,40400.0,Put,285,285,181,181,127,▼-1069,▼-85.52%,1,13,14,19,88,218,1300,181
TXO,202608F1,20260807.0,40450.0,Call,-,-,-,-,3040,-,-,0,0,0,0,2.3,-,1010,1010
TXO,202608F1,20260807.0,40450.0,Put,171,171,126,126,132,▼-1144,▼-90.08%,0,19,19,19,2.4,210,171,126
TXO,202608F1,20260807.0,40500.0,Call,-,-,-,-,3000,-,-,0,0,0,2,2.3,3080,1240,1240
TXO,202608F1,20260807.0,40500.0,Put,300,300,130,130,137,▼-1170,▼-90.00%,5,14,19,16,106,222,1490,130
TXO,202608F1,20260807.0,40550.0,Call,-,-,-,-,2950,-,-,0,0,0,0,2.3,-,-,-
TXO,202608F1,20260807.0,40550.0,Put,135,135,135,135,143,▼-1195,▼-89.85%,0,3,3,3,2.8,225,135,135
TXO,202608F1,20260807.0,40600.0,Call,-,-,-,-,2910,-,-,0,0,0,0,2.3,-,1440,1240
TXO,202608F1,20260807.0,40600.0,Put,300,300,140,140,148,▼-1210,▼-89.63%,0,7,7,6,117,238,1030,140
TXO,202608F1,20260807.0,40650.0,Call,-,-,-,-,2860,-,-,0,0,0,0,2.3,-,855,855
TXO,202608F1,20260807.0,40650.0,Put,250,250,145,145,152,▼-1225,▼-89.42%,1,20,21,18,2.4,242,1010,145
TXO,202608F1,20260807.0,40700.0,Call,-,-,-,-,2820,-,-,0,0,0,0,2.3,-,895,895
TXO,202608F1,20260807.0,40700.0,Put,300,300,150,150,158,▼-1240,▼-89.21%,1,7,8,7,139,247,770,150
TXO,202608F1,20260807.0,40750.0,Call,-,-,-,-,2780,-,-,0,0,0,0,2.3,-,-,-
TXO,202608F1,20260807.0,40750.0,Put,155,155,155,155,166,▼-1265,▼-89.08%,0,3,3,3,2.4,-,155,155
TXO,202608F1,20260807.0,40800.0,Call,-,-,-,-,2730,-,-,0,0,0,0,2.3,-,-,-
TXO,202608F1,20260807.0,40800.0,Put,300,300,161,161,173,▼-1289,▼-88.90%,0,8,8,4,2.4,-,1600,161
TXO,202608F1,20260807.0,40850.0,Call,-,-,-,-,2690,-,-,0,0,0,5,2.3,2760,1080,765
TXO,202608F1,20260807.0,40850.0,Put,174,180,167,167,180,▼-1303,▼-88.64%,0,11,11,11,2.8,-,180,167
TXO,202608F1,20260807.0,40900.0,Call,-,-,-,-,2650,-,-,0,0,0,5,2.3,2710,1050,750
TXO,202608F1,20260807.0,40900.0,Put,290,290,173,173,188,▼-1327,▼-88.47%,0,5,5,5,81,-,290,173
TXO,202608F1,20260807.0,40950.0,Call,-,-,-,-,2610,-,-,0,0,0,5,2.3,2670,1020,1020
TXO,202608F1,20260807.0,40950.0,Put,189,198,189,198,198,▼-1332,▼-87.06%,0,20,20,20,83,294,198,189
TXO,202608F1,20260807.0,41000.0,Call,-,-,-,-,2570,-,-,0,0,0,6,2410,2630,1000,765
TXO,202608F1,20260807.0,41000.0,Put,365,370,200,200,200,▼-1360,▼-87.18%,2,32,34,20,141,293,1970,200
TXO,202608F1,20260807.0,41050.0,Call,-,-,-,-,2530,-,-,0,0,0,0,2.3,-,-,-
TXO,202608F1,20260807.0,41050.0,Put,305,305,195,195,213,▼-1395,▼-87.74%,0,12,12,11,91,289,305,195
TXO,202608F1,20260807.0,41100.0,Call,-,-,-,-,2480,-,-,0,0,0,0,2320,-,-,-
TXO,202608F1,20260807.0,41100.0,Put,300,300,202,202,222,▼-1418,▼-87.53%,0,14,14,14,100,299,1440,202
TXO,202608F1,20260807.0,41150.0,Call,-,-,-,-,2460,-,-,0,0,0,0,2.3,-,-,-
TXO,202608F1,20260807.0,41150.0,Put,-,-,-,-,231,-,-,0,0,0,0,106,309,-,-
TXO,202608F1,20260807.0,41200.0,Call,2530,2530,1780,2460,2410,▲+1690,▲+219.48%,0,505,505,500,2260,-,2530,695
TXO,202608F1,20260807.0,41200.0,Put,300,300,219,219,240,▼-1461,▼-86.96%,0,4,4,4,114,-,300,219
TXO,202608F1,20260807.0,41250.0,Call,-,-,-,-,2360,-,-,0,0,0,0,2.3,-,-,-
TXO,202608F1,20260807.0,41250.0,Put,227,227,227,227,250,▼-1483,▼-86.73%,0,3,3,3,122,-,227,227
TXO,202608F1,20260807.0,41300.0,Call,-,-,-,-,2320,-,-,3,0,3,3,2.3,2380,1010,810
TXO,202608F1,20260807.0,41300.0,Put,300,300,300,300,260,▼-1430,▼-82.66%,0,2,2,2,140,-,300,300
TXO,202608F1,20260807.0,41350.0,Call,-,-,-,-,2280,-,-,0,0,0,0,2.3,2380,665,585
TXO,202608F1,20260807.0,41350.0,Put,-,-,-,-,270,-,-,0,0,0,0,140,379,-,-
TXO,202608F1,20260807.0,41400.0,Call,-,-,-,-,2230,-,-,0,0,0,1,2190,2220,880,600
TXO,202608F1,20260807.0,41400.0,Put,451,451,438,438,281,▼-1352,▼-75.53%,0,2,2,1,148,-,890,291
TXO,202608F1,20260807.0,41450.0,Call,-,-,-,-,2200,-,-,0,0,0,0,2.3,-,-,-
TXO,202608F1,20260807.0,41450.0,Put,276,276,276,276,292,▼-1544,▼-84.84%,0,5,5,5,158,-,276,276
TXO,202608F1,20260807.0,41500.0,Call,-,-,-,-,2170,-,-,3,0,3,2,2040,2230,1260,560
TXO,202608F1,20260807.0,41500.0,Put,500,500,284,285,303,▼-1575,▼-84.68%,3,26,29,15,168,393,1660,284
TXO,202608F1,20260807.0,41550.0,Call,-,-,-,-,2130,-,-,0,0,0,0,1950,-,595,595
TXO,202608F1,20260807.0,41550.0,Put,-,-,-,-,315,-,-,0,0,0,0,178,-,-,-
TXO,202608F1,20260807.0,41600.0,Call,-,-,-,-,2090,-,-,2,0,2,2,1960,-,1160,530
TXO,202608F1,20260807.0,41600.0,Put,580,580,308,308,327,▼-1612,▼-83.96%,1,11,12,7,188,-,1610,308
TXO,202608F1,20260807.0,41650.0,Call,-,-,-,-,2050,-,-,0,0,0,0,2.3,-,545,545
TXO,202608F1,20260807.0,41650.0,Put,-,-,-,-,339,-,-,0,0,0,0,199,-,-,-
TXO,202608F1,20260807.0,41700.0,Call,-,-,-,-,2000,-,-,0,0,0,0,1830,1990,580,484
TXO,202608F1,20260807.0,41700.0,Put,-,-,-,-,351,-,-,0,0,0,0,211,-,-,-
TXO,202608F1,20260807.0,41750.0,Call,-,-,-,-,1980,-,-,0,0,0,0,2.3,2040,515,515
TXO,202608F1,20260807.0,41750.0,Put,-,-,-,-,364,-,-,0,0,0,0,224,-,-,-
TXO,202608F1,20260807.0,41800.0,Call,-,-,-,-,1940,-,-,1,0,1,1,1800,-,635,635
TXO,202608F1,20260807.0,41800.0,Put,420,420,420,420,377,▼-1630,▼-79.51%,0,1,1,1,232,486,420,391
TXO,202608F1,20260807.0,41850.0,Call,-,-,-,-,1900,-,-,0,0,0,0,2.3,-,-,-
TXO,202608F1,20260807.0,41850.0,Put,-,-,-,-,391,-,-,0,0,0,0,253,-,-,-
TXO,202608F1,20260807.0,41900.0,Call,-,-,-,-,1870,-,-,0,0,0,1,2.3,1990,550,550
TXO,202608F1,20260807.0,41900.0,Put,585,585,450,480,405,▼-1630,▼-77.25%,0,5,5,1,260,-,585,450
TXO,202608F1,20260807.0,41950.0,Call,-,-,-,-,1830,-,-,0,0,0,0,2.3,-,-,-
TXO,202608F1,20260807.0,41950.0,Put,780,780,430,430,430,▼-1720,▼-80.00%,0,4,4,2,272,520,780,430
TXO,202608F1,20260807.0,42000.0,Call,1900,1900,1850,1850,1800,▲+1369,▲+284.62%,9,2,11,6,1610,2060,1900,433
TXO,202608F1,20260807.0,42000.0,Put,765,765,432,437,437,▼-1753,▼-80.05%,0,24,24,22,288,-,765,431
TXO,202608F1,20260807.0,42050.0,Call,-,-,-,-,1760,-,-,0,0,0,0,2.3,-,-,-
TXO,202608F1,20260807.0,42050.0,Put,595,595,595,595,449,▼-1625,▼-73.20%,0,6,6,6,301,-,2170,595
TXO,202608F1,20260807.0,42100.0,Call,1820,1820,1820,1820,1730,▲+1369,▲+303.55%,0,1,1,1,2.3,1850,1820,530
TXO,202608F1,20260807.0,42100.0,Put,-,-,-,-,464,-,-,0,0,0,5,314,-,505,505
TXO,202608F1,20260807.0,42150.0,Call,1640,1640,1640,1640,1690,▲+1197,▲+270.20%,0,1,1,0,1370,1960,1640,443
TXO,202608F1,20260807.0,42150.0,Put,-,-,-,-,480,-,-,0,0,0,0,327,-,-,-
TXO,202608F1,20260807.0,42200.0,Call,-,-,-,-,1660,-,-,0,0,0,1,1370,1760,905,365
TXO,202608F1,20260807.0,42200.0,Put,488,540,463,492,492,▼-1838,▼-78.88%,0,4,4,2,344,-,540,463
TXO,202608F1,20260807.0,42250.0,Call,-,-,-,-,1630,-,-,0,0,0,0,1420,1960,-,-
TXO,202608F1,20260807.0,42250.0,Put,-,-,-,-,515,-,-,0,0,0,0,358,-,-,-
TXO,202608F1,20260807.0,42300.0,Call,-,-,-,-,1590,-,-,0,0,0,0,1510,1870,990,560
TXO,202608F1,20260807.0,42300.0,Put,-,-,-,-,530,-,-,0,0,0,1,389,620,595,595
TXO,202608F1,20260807.0,42350.0,Call,-,-,-,-,1560,-,-,0,0,0,0,1470,1840,-,-
TXO,202608F1,20260807.0,42350.0,Put,-,-,-,-,545,-,-,0,0,0,0,407,-,-,-
TXO,202608F1,20260807.0,42400.0,Call,-,-,-,-,1530,-,-,0,0,0,0,1410,1800,815,390
TXO,202608F1,20260807.0,42400.0,Put,730,775,515,515,565,▼-1965,▼-79.23%,0,12,12,12,423,-,775,515
TXO,202608F1,20260807.0,42450.0,Call,1480,1480,1480,1480,1480,▲+1122,▲+313.41%,0,1,1,1,1360,1770,1480,338
TXO,202608F1,20260807.0,42450.0,Put,-,-,-,-,580,-,-,0,0,0,0,432,-,-,-
TXO,202608F1,20260807.0,42500.0,Call,1010,1010,1010,1010,1460,▲+664,▲+191.91%,0,10,10,2,1350,1540,1010,300
TXO,202608F1,20260807.0,42500.0,Put,540,640,540,640,600,▼-1910,▼-74.90%,0,2,2,1,453,695,640,540
TXO,202608F1,20260807.0,42550.0,Call,-,-,-,-,1430,-,-,0,0,0,0,1370,1680,484,484
TXO,202608F1,20260807.0,42550.0,Put,-,-,-,-,620,-,-,0,0,0,0,469,-,-,-
TXO,202608F1,20260807.0,42600.0,Call,1500,1500,1500,1500,1400,▲+1178,▲+365.84%,0,1,1,13,1300,1500,1500,350
TXO,202608F1,20260807.0,42600.0,Put,740,740,570,605,640,▼-2025,▼-77.00%,0,5,5,2,499,-,740,570
TXO,202608F1,20260807.0,42650.0,Call,-,-,-,-,1370,-,-,4,0,4,4,1100,1480,338,270
TXO,202608F1,20260807.0,42650.0,Put,-,-,-,-,660,-,-,0,0,0,0,510,-,1800,1800
TXO,202608F1,20260807.0,42700.0,Call,-,-,-,-,1340,-,-,0,0,0,0,1070,1610,441,441
TXO,202608F1,20260807.0,42700.0,Put,-,-,-,-,680,-,-,0,0,0,0,545,-,-,-
TXO,202608F1,20260807.0,42750.0,Call,-,-,-,-,1310,-,-,0,0,0,0,1040,1580,428,428
TXO,202608F1,20260807.0,42750.0,Put,-,-,-,-,700,-,-,0,0,0,0,555,-,-,-
TXO,202608F1,20260807.0,42800.0,Call,-,-,-,-,1280,-,-,0,0,0,0,970,1520,655,655
TXO,202608F1,20260807.0,42800.0,Put,850,880,645,645,720,▼-2135,▼-76.80%,0,13,13,12,585,800,880,645
TXO,202608F1,20260807.0,42850.0,Call,-,-,-,-,1250,-,-,0,0,0,0,940,1490,259,253
TXO,202608F1,20260807.0,42850.0,Put,-,-,-,-,740,-,-,0,0,0,0,615,-,-,-
TXO,202608F1,20260807.0,42900.0,Call,-,-,-,-,1220,-,-,0,0,0,0,975,1270,244,244
TXO,202608F1,20260807.0,42900.0,Put,-,-,-,-,760,-,-,0,0,0,0,630,-,-,-
TXO,202608F1,20260807.0,42950.0,Call,-,-,-,-,1200,-,-,1,0,1,2,1110,1440,610,201
TXO,202608F1,20260807.0,42950.0,Put,-,-,-,-,785,-,-,0,0,0,0,660,1140,-,-
TXO,202608F1,20260807.0,43000.0,Call,-,-,-,-,1170,-,-,1,0,1,11,940,1270,1280,216
TXO,202608F1,20260807.0,43000.0,Put,860,860,745,770,805,▼-2170,▼-73.81%,0,5,5,5,462,880,3100,690
TXO,202608F1,20260807.0,43050.0,Call,-,-,-,-,1140,-,-,0,0,0,0,950,1320,-,-
TXO,202608F1,20260807.0,43050.0,Put,-,-,-,-,830,-,-,0,0,0,0,2.2,-,-,-
TXO,202608F1,20260807.0,43100.0,Call,1250,1250,1250,1250,1120,▲+1028,▲+463.06%,10,1,11,10,790,1210,1250,180
TXO,202608F1,20260807.0,43100.0,Put,805,805,805,805,855,▼-2225,▼-73.43%,0,1,1,1,2.2,925,2640,805
TXO,202608F1,20260807.0,43150.0,Call,735,735,735,735,1090,▲+513,▲+231.08%,0,1,1,0,800,1280,735,207
TXO,202608F1,20260807.0,43150.0,Put,-,-,-,-,875,-,-,0,0,0,0,510,1230,740,740
TXO,202608F1,20260807.0,43200.0,Call,-,-,-,-,1060,-,-,2,0,2,2,850,1110,1280,388
TXO,202608F1,20260807.0,43200.0,Put,-,-,-,-,900,-,-,0,0,0,0,2.2,1250,-,-
TXO,202608F1,20260807.0,43250.0,Call,-,-,-,-,1040,-,-,0,0,0,0,1.4,1390,199,181
TXO,202608F1,20260807.0,43250.0,Put,-,-,-,-,925,-,-,0,0,0,0,555,1280,-,-
TXO,202608F1,20260807.0,43300.0,Call,645,685,645,685,1010,▲+508,▲+287.01%,6,2,8,7,640,1100,1250,177
TXO,202608F1,20260807.0,43300.0,Put,-,-,-,-,950,-,-,0,0,0,1,580,1300,1010,920
TXO,202608F1,20260807.0,43350.0,Call,-,-,-,-,990,-,-,0,0,0,0,615,-,178,178
TXO,202608F1,20260807.0,43350.0,Put,880,910,880,910,975,▼-2320,▼-71.83%,0,2,2,0,605,-,910,880
TXO,202608F1,20260807.0,43400.0,Call,1010,1010,1010,1010,965,▲+842,▲+501.19%,0,1,1,2,590,1040,1280,580
TXO,202608F1,20260807.0,43400.0,Put,-,-,-,-,1000,-,-,0,0,0,0,630,1350,920,830
TXO,202608F1,20260807.0,43450.0,Call,-,-,-,-,940,-,-,0,0,0,0,565,-,-,-
TXO,202608F1,20260807.0,43450.0,Put,-,-,-,-,1030,-,-,0,0,0,0,655,-,-,-
TXO,202608F1,20260807.0,43500.0,Call,925,925,925,925,925,▲+773,▲+508.55%,2,1,3,3,540,1000,1250,115
TXO,202608F1,20260807.0,43500.0,Put,890,890,890,890,1050,▼-2470,▼-73.51%,0,1,1,2,680,1170,1730,855
TXO,202608F1,20260807.0,43550.0,Call,-,-,-,-,895,-,-,0,0,0,0,1,1240,550,419
TXO,202608F1,20260807.0,43550.0,Put,-,-,-,-,1080,-,-,0,0,0,0,2.2,1430,-,-
TXO,202608F1,20260807.0,43600.0,Call,-,-,-,-,870,-,-,0,0,0,1,1,945,1200,408
TXO,202608F1,20260807.0,43600.0,Put,-,-,-,-,1110,-,-,0,0,0,0,2.2,1450,-,-
TXO,202608F1,20260807.0,43650.0,Call,-,-,-,-,850,-,-,0,0,0,0,1,1190,-,-
TXO,202608F1,20260807.0,43650.0,Put,-,-,-,-,1130,-,-,0,0,0,0,760,1480,-,-
TXO,202608F1,20260807.0,43700.0,Call,-,-,-,-,825,-,-,6,0,6,4,0.9,975,288,125
TXO,202608F1,20260807.0,43700.0,Put,-,-,-,-,1160,-,-,0,0,0,1,2.2,1270,1000,945
TXO,202608F1,20260807.0,43750.0,Call,720,815,720,815,815,▲+695,▲+579.17%,0,2,2,10,675,-,1140,415
TXO,202608F1,20260807.0,43750.0,Put,-,-,-,-,1190,-,-,0,0,0,0,815,-,965,965
TXO,202608F1,20260807.0,43800.0,Call,-,-,-,-,785,-,-,0,0,0,10,690,1120,1110,1110
TXO,202608F1,20260807.0,43800.0,Put,1100,1230,1100,1150,1220,▼-2470,▼-68.23%,0,4,4,2,1110,1560,1230,1100
TXO,202608F1,20260807.0,43850.0,Call,-,-,-,-,755,-,-,0,0,0,5,660,1100,1090,1090
TXO,202608F1,20260807.0,43850.0,Put,1880,1880,1050,1050,1240,▼-2610,▼-71.31%,0,7,7,7,1150,1590,1880,1050
TXO,202608F1,20260807.0,43900.0,Call,-,-,-,-,735,-,-,3,0,3,6,625,1080,1260,247
TXO,202608F1,20260807.0,43900.0,Put,-,-,-,-,1270,-,-,0,0,0,0,1150,1620,-,-
TXO,202608F1,20260807.0,43950.0,Call,715,715,715,715,715,▲+615,▲+615.00%,0,1,1,4,620,-,1030,89
TXO,202608F1,20260807.0,43950.0,Put,-,-,-,-,1300,-,-,0,0,0,0,1180,1650,-,-
TXO,202608F1,20260807.0,44000.0,Call,402,760,402,760,695,▲+663,▲+683.51%,8,72,80,57,346,850,760,78
TXO,202608F1,20260807.0,44000.0,Put,-,-,-,-,1330,-,-,0,0,0,1,1220,1440,1200,1200
TXO,202608F1,20260807.0,44050.0,Call,-,-,-,-,675,-,-,0,0,0,0,326,-,400,400
TXO,202608F1,20260807.0,44050.0,Put,-,-,-,-,1360,-,-,0,0,0,0,1260,1610,-,-
TXO,202608F1,20260807.0,44100.0,Call,535,535,535,535,655,▲+449,▲+522.09%,1,1,2,6,466,805,1150,86
TXO,202608F1,20260807.0,44100.0,Put,-,-,-,-,1390,-,-,0,0,0,0,1210,1450,-,-
TXO,202608F1,20260807.0,44150.0,Call,575,575,575,575,635,▲+496,▲+627.85%,0,1,1,1,540,-,575,88
TXO,202608F1,20260807.0,44150.0,Put,-,-,-,-,1420,-,-,0,0,0,0,1210,1770,1140,1140
TXO,202608F1,20260807.0,44200.0,Call,540,540,540,540,620,▲+465,▲+620.00%,0,2,2,2,520,760,540,360
TXO,202608F1,20260807.0,44200.0,Put,-,-,-,-,1460,-,-,0,0,0,0,1080,1630,-,-
TXO,202608F1,20260807.0,44250.0,Call,-,-,-,-,600,-,-,0,0,0,0,495,-,350,350
TXO,202608F1,20260807.0,44250.0,Put,-,-,-,-,1490,-,-,0,0,0,0,-,1660,-,-
TXO,202608F1,20260807.0,44300.0,Call,-,-,-,-,585,-,-,0,0,0,3,485,-,99,99
TXO,202608F1,20260807.0,44300.0,Put,-,-,-,-,1520,-,-,0,0,0,0,1240,1700,-,-
TXO,202608F1,20260807.0,44350.0,Call,-,-,-,-,565,-,-,5,0,5,5,465,705,141,141
TXO,202608F1,20260807.0,44350.0,Put,-,-,-,-,1550,-,-,0,0,0,0,1270,1870,-,-
TXO,202608F1,20260807.0,44400.0,Call,453,560,451,560,560,▲+499,▲+818.03%,1,42,43,42,199,-,1000,89
TXO,202608F1,20260807.0,44400.0,Put,-,-,-,-,1590,-,-,0,0,0,0,1210,1760,-,-
TXO,202608F1,20260807.0,44450.0,Call,-,-,-,-,530,-,-,0,0,0,0,436,-,-,-
TXO,202608F1,20260807.0,44450.0,Put,-,-,-,-,1620,-,-,0,0,0,0,-,1730,-,-
TXO,202608F1,20260807.0,44500.0,Call,460,510,413,510,510,▲+455,▲+827.27%,23,9,32,25,162,-,510,84
TXO,202608F1,20260807.0,44500.0,Put,-,-,-,-,1650,-,-,0,0,0,0,1280,1760,-,-
TXO,202608F1,20260807.0,44550.0,Call,-,-,-,-,500,-,-,11,0,11,11,140,-,720,84
TXO,202608F1,20260807.0,44550.0,Put,-,-,-,-,1690,-,-,0,0,0,0,-,1810,-,-
TXO,202608F1,20260807.0,44600.0,Call,325,545,325,545,485,▲+493,▲+948.08%,12,121,133,10,122,625,545,51
TXO,202608F1,20260807.0,44600.0,Put,-,-,-,-,1720,-,-,0,0,0,0,1350,1860,-,-
TXO,202608F1,20260807.0,44650.0,Call,246,246,246,246,470,▲+199.5,▲+429.03%,10,1,11,11,170,-,264,63
TXO,202608F1,20260807.0,44650.0,Put,-,-,-,-,1760,-,-,0,0,0,0,1480,1890,-,-
TXO,202608F1,20260807.0,44700.0,Call,250,500,250,470,460,▲+426,▲+968.18%,9,16,25,19,131,800,1010,50
TXO,202608F1,20260807.0,44700.0,Put,-,-,-,-,1790,-,-,0,0,0,0,-,1940,-,-
TXO,202608F1,20260807.0,44750.0,Call,272,272,272,272,441,▲+230.5,▲+555.42%,5,4,9,9,90,-,272,72
TXO,202608F1,20260807.0,44750.0,Put,-,-,-,-,1830,-,-,0,0,0,0,-,1960,-,-
TXO,202608F1,20260807.0,44800.0,Call,314,314,314,314,428,▲+275,▲+705.13%,6,1,7,6,74,-,380,66
TXO,202608F1,20260807.0,44800.0,Put,-,-,-,-,1860,-,-,0,0,0,0,1650,2010,-,-
TXO,202608F1,20260807.0,44850.0,Call,-,-,-,-,414,-,-,3,0,3,4,46.5,-,105,48.5
TXO,202608F1,20260807.0,44850.0,Put,-,-,-,-,1900,-,-,0,0,0,0,-,-,-,-
TXO,202608F1,20260807.0,44900.0,Call,-,-,-,-,401,-,-,1,0,1,1,33,-,88,88
TXO,202608F1,20260807.0,44900.0,Put,-,-,-,-,1950,-,-,0,0,0,0,1950,1980,-,-
TXO,202608F1,20260807.0,44950.0,Call,280,280,280,280,389,▲+246.5,▲+735.82%,1,1,2,1,48,-,280,59
TXO,202608F1,20260807.0,44950.0,Put,-,-,-,-,1970,-,-,0,0,0,0,-,-,-,-
TXO,202608F1,20260807.0,45000.0,Call,281,416,259,415,376,▲+385,"▲+1,283.33%",5,147,152,32,3.4,510,416,30
TXO,202608F1,20260807.0,45000.0,Put,-,-,-,-,2010,-,-,0,0,0,0,-,-,-,-
TXO,202608F1,20260807.0,45050.0,Call,-,-,-,-,364,-,-,0,0,0,0,297,-,510,141
TXO,202608F1,20260807.0,45050.0,Put,-,-,-,-,2050,-,-,0,0,0,0,-,-,-,-
TXO,202608F1,20260807.0,45100.0,Call,-,-,-,-,352,-,-,3,0,3,3,285,-,75,70
TXO,202608F1,20260807.0,45100.0,Put,-,-,-,-,2090,-,-,0,0,0,0,-,-,-,-
TXO,202608F1,20260807.0,45150.0,Call,-,-,-,-,341,-,-,3,0,3,3,271,-,71,53
TXO,202608F1,20260807.0,45150.0,Put,-,-,-,-,2130,-,-,0,0,0,0,-,-,-,-
TXO,202608F1,20260807.0,45200.0,Call,246,283,232,283,330,▲+257,▲+988.46%,1,6,7,6,2.5,-,283,22
TXO,202608F1,20260807.0,45200.0,Put,-,-,-,-,2170,-,-,0,0,0,0,-,-,-,-
TXO,202608F1,20260807.0,45250.0,Call,250,265,250,265,319,▲+240.5,▲+981.63%,2,4,6,5,126,-,645,62
TXO,202608F1,20260807.0,45250.0,Put,-,-,-,-,2200,-,-,0,0,0,0,-,-,-,-
TXO,202608F1,20260807.0,45300.0,Call,122,272,120,272,308,▲+248.5,"▲+1,057.45%",0,19,19,14,5.2,650,272,120
TXO,202608F1,20260807.0,45300.0,Put,-,-,-,-,2240,-,-,0,0,0,0,-,-,-,-
TXO,202608F1,20260807.0,45350.0,Call,119,210,110,210,298,▲+187.5,▲+833.33%,0,14,14,12,56,-,515,110
TXO,202608F1,20260807.0,45350.0,Put,-,-,-,-,2280,-,-,0,0,0,0,-,-,-,-
TXO,202608F1,20260807.0,45400.0,Call,112,286,111,286,286,▲+264.5,"▲+1,230.23%",0,18,18,14,16,413,399,111
TXO,202608F1,20260807.0,45400.0,Put,-,-,-,-,2320,-,-,0,0,0,0,-,-,-,-
TXO,202608F1,20260807.0,45450.0,Call,-,-,-,-,278,-,-,3,0,3,1,102,499,100,15.5
TXO,202608F1,20260807.0,45450.0,Put,-,-,-,-,2360,-,-,0,0,0,0,-,-,-,-
TXO,202608F1,20260807.0,45500.0,Call,124,124,124,124,268,▲+105,▲+552.63%,0,5,5,5,2.7,-,430,124
TXO,202608F1,20260807.0,45500.0,Put,-,-,-,-,2400,-,-,0,0,0,0,-,-,-,-
TXO,202608F1,20260807.0,45550.0,Call,116,116,116,116,259,▲+97.5,▲+527.03%,0,5,5,5,22.5,-,136,116
TXO,202608F1,20260807.0,45550.0,Put,-,-,-,-,2450,-,-,0,0,0,0,-,-,-,-
TXO,202608F1,20260807.0,45600.0,Call,112,209,112,209,250,▲+191,"▲+1,061.11%",0,23,23,21,82,-,490,16
TXO,202608F1,20260807.0,45600.0,Put,-,-,-,-,2490,-,-,0,0,0,0,-,-,-,-
TXO,202608F1,20260807.0,45650.0,Call,114,116,114,116,241,▲+99,▲+582.35%,0,10,10,10,168,-,116,94
TXO,202608F1,20260807.0,45650.0,Put,-,-,-,-,2530,-,-,0,0,0,0,-,-,-,-
TXO,202608F1,20260807.0,45700.0,Call,113,113,113,113,232,▲+97,▲+606.25%,0,5,5,5,38,-,113,113
TXO,202608F1,20260807.0,45700.0,Put,-,-,-,-,2570,-,-,0,0,0,0,-,-,-,-
TXO,202608F1,20260807.0,45750.0,Call,117,118,117,118,224,▲+102.5,▲+661.29%,1,4,5,3,149,-,118,19
TXO,202608F1,20260807.0,45750.0,Put,-,-,-,-,2610,-,-,0,0,0,0,-,-,-,-
TXO,202608F1,20260807.0,45800.0,Call,115,117,115,117,216,▲+102,▲+680.00%,0,10,10,9,140,-,385,115
TXO,202608F1,20260807.0,45800.0,Put,-,-,-,-,2650,-,-,0,0,0,0,-,-,-,-
TXO,202608F1,20260807.0,45850.0,Call,113,127,110,110,208,▲+95.5,▲+658.62%,0,16,16,11,45,270,127,110
TXO,202608F1,20260807.0,45850.0,Put,-,-,-,-,2690,-,-,0,0,0,0,-,-,-,-
TXO,202608F1,20260807.0,45900.0,Call,111,169,111,169,200,▲+155.5,"▲+1,151.85%",0,8,8,8,123,322,245,32
TXO,202608F1,20260807.0,45900.0,Put,-,-,-,-,2740,-,-,0,0,0,0,-,-,-,-
TXO,202608F1,20260807.0,45950.0,Call,113,113,113,113,193,▲+100,▲+769.23%,2,5,7,5,114,-,308,20
TXO,202608F1,20260807.0,45950.0,Put,-,-,-,-,2780,-,-,0,0,0,0,-,-,-,-
TXO,202608F1,20260807.0,46000.0,Call,2.3,182,2.3,182,182,▲+169.5,"▲+1,356.00%",26,63,89,31,141,-,386,2.3
TXO,202608F1,20260807.0,46000.0,Put,-,-,-,-,2820,-,-,0,0,0,0,-,-,-,-
TXO,202608F1,20260807.0,46050.0,Call,-,-,-,-,177,-,-,0,0,0,5,5,-,91,23
TXO,202608F1,20260807.0,46050.0,Put,-,-,-,-,2860,-,-,0,0,0,0,-,-,-,-
TXO,202608F1,20260807.0,46100.0,Call,-,-,-,-,171,-,-,0,0,0,0,91,-,125,62
TXO,202608F1,20260807.0,46100.0,Put,-,-,-,-,2910,-,-,0,0,0,0,-,-,-,-
TXO,202608F1,20260807.0,46150.0,Call,-,-,-,-,163,-,-,0,0,0,0,83,220,63,63
TXO,202608F1,20260807.0,46150.0,Put,-,-,-,-,2950,-,-,0,0,0,0,-,-,-,-
TXO,202608F1,20260807.0,46200.0,Call,30.5,132,30.5,132,157,▲+121,"▲+1,100.00%",0,10,10,9,0.5,272,352,30.5
TXO,202608F1,20260807.0,46200.0,Put,-,-,-,-,2990,-,-,0,0,0,0,-,-,-,-
TXO,202608F1,20260807.0,46300.0,Call,-,-,-,-,144,-,-,3,0,3,1,19,198,297,16
TXO,202608F1,20260807.0,46300.0,Put,-,-,-,-,3080,-,-,0,0,0,0,-,-,-,-
TXO,202608F1,20260807.0,46400.0,Call,131,140,131,140,140,▲+130.6,"▲+1,389.36%",1,3,4,3,0.9,-,140,13
TXO,202608F1,20260807.0,46400.0,Put,-,-,-,-,3170,-,-,0,0,0,0,-,-,-,-
TXO,202608F1,20260807.0,46500.0,Call,80,98,80,98,120,▲+89,▲+988.89%,0,2,2,2,33,172,270,17.5
TXO,202608F1,20260807.0,46500.0,Put,-,-,-,-,3260,-,-,0,0,0,0,-,-,-,-
TXO,202608F1,20260807.0,46600.0,Call,-,-,-,-,109,-,-,0,0,0,1,3.4,288,15,15
TXO,202608F1,20260807.0,46600.0,Put,-,-,-,-,3350,-,-,0,0,0,0,-,-,-,-
TXO,202608F1,20260807.0,46700.0,Call,75,75,75,75,99,▲+66.9,▲+825.93%,2,1,3,0,7.3,454,290,7
TXO,202608F1,20260807.0,46700.0,Put,-,-,-,-,3430,-,-,0,0,0,0,-,-,-,-
TXO,202608F1,20260807.0,46800.0,Call,-,-,-,-,89,-,-,0,0,0,1,0.5,193,111,111
TXO,202608F1,20260807.0,46800.0,Put,-,-,-,-,3530,-,-,0,0,0,0,-,-,-,-
TXO,202608F1,20260807.0,46900.0,Call,56,56,56,56,80,▲+49.3,▲+735.82%,4,1,5,3,0.5,439,56,7.5
TXO,202608F1,20260807.0,46900.0,Put,-,-,-,-,3620,-,-,0,0,0,0,-,-,-,-
TXO,202608F1,20260807.0,47000.0,Call,10,82,7,82,72,▲+75.6,"▲+1,181.25%",12,41,53,33,1.3,178,177,6
TXO,202608F1,20260807.0,47000.0,Put,-,-,-,-,3710,-,-,0,0,0,0,-,-,-,-
TXO,202608F1,20260807.0,47100.0,Call,-,-,-,-,64,-,-,0,0,0,0,0.5,-,-,-
TXO,202608F1,20260807.0,47100.0,Put,-,-,-,-,3800,-,-,0,0,0,0,-,-,-,-
TXO,202608F1,20260807.0,47200.0,Call,60,60,60,60,60,▲+54.1,▲+916.95%,0,1,1,1,0.5,60,60,60
TXO,202608F1,20260807.0,47200.0,Put,-,-,-,-,3890,-,-,0,0,0,0,-,-,-,-
TXO,202608F1,20260807.0,47300.0,Call,-,-,-,-,52,-,-,0,0,0,0,0.5,416,96,12
TXO,202608F1,20260807.0,47300.0,Put,-,-,-,-,3990,-,-,0,0,0,0,-,-,-,-
TXO,202608F1,20260807.0,47400.0,Call,-,-,-,-,46.5,-,-,0,0,0,4,0.6,411,19.5,19.5
TXO,202608F1,20260807.0,47400.0,Put,-,-,-,-,4080,-,-,0,0,0,0,-,-,-,-
TXO,202608F1,20260807.0,47500.0,Call,-,-,-,-,42,-,-,0,0,0,18,0.5,168,64,23
TXO,202608F1,20260807.0,47500.0,Put,-,-,-,-,4180,-,-,0,0,0,0,4190,-,-,-
TXO,202608F1,20260807.0,47600.0,Call,-,-,-,-,37.5,-,-,0,0,0,12,0.5,403,26.5,24
TXO,202608F1,20260807.0,47600.0,Put,-,-,-,-,4270,-,-,0,0,0,0,-,-,-,-
TXO,202608F1,20260807.0,47700.0,Call,7.2,7.2,7.2,7.2,33.5,▲+2.5,▲+53.19%,0,1,1,8,1.4,399,135,7.2
TXO,202608F1,20260807.0,47700.0,Put,-,-,-,-,4370,-,-,0,0,0,0,-,-,-,-
TXO,202608F1,20260807.0,47800.0,Call,-,-,-,-,30,-,-,0,0,0,12,0.5,396,27,21.5
TXO,202608F1,20260807.0,47800.0,Put,-,-,-,-,4470,-,-,0,0,0,0,-,-,-,-
TXO,202608F1,20260807.0,47900.0,Call,-,-,-,-,27,-,-,0,0,0,3,11.5,-,82,17
TXO,202608F1,20260807.0,47900.0,Put,-,-,-,-,4560,-,-,0,0,0,0,-,-,-,-
TXO,202608F1,20260807.0,48000.0,Call,7.2,9,7.2,9,24,▲+5,▲+125.00%,1,4,5,23,8.3,100,94,5.3
TXO,202608F1,20260807.0,48000.0,Put,-,-,-,-,4660,-,-,0,0,0,0,4670,4710,-,-
TXO,202608F1,20260807.0,48100.0,Call,9,9,9,9,21.5,▲+5.2,▲+136.84%,0,1,1,4,0.4,-,95,9
TXO,202608F1,20260807.0,48100.0,Put,-,-,-,-,4760,-,-,0,0,0,0,-,-,-,-
TXO,202608F1,20260807.0,48200.0,Call,9.2,9.2,9.2,9.2,19,▲+5.8,▲+170.59%,0,1,1,4,7,-,57,9.2
TXO,202608F1,20260807.0,48200.0,Put,-,-,-,-,4850,-,-,0,0,0,0,-,-,-,-
TXO,202608F1,20260807.0,48300.0,Call,12,12,12,12,17,▲+8.8,▲+275.00%,0,1,1,3,6.8,-,19.5,12
TXO,202608F1,20260807.0,48300.0,Put,-,-,-,-,4950,-,-,0,0,0,0,-,-,-,-
TXO,202608F1,20260807.0,48400.0,Call,-,-,-,-,15,-,-,0,0,0,9,6.2,-,29,16
TXO,202608F1,20260807.0,48400.0,Put,-,-,-,-,5050,-,-,0,0,0,0,-,-,-,-
TXO,202608F1,20260807.0,48500.0,Call,15,15,15,15,15,▲+12.1,▲+417.24%,0,1,1,24,5.6,-,18,15
TXO,202608F1,20260807.0,48500.0,Put,-,-,-,-,5150,-,-,0,0,0,0,-,-,-,-
TXO,202608F1,20260807.0,48600.0,Call,3.8,6.5,3.8,6.5,12.5,▲+3.7,▲+132.14%,0,6,6,20,2.8,-,16.5,3.8
TXO,202608F1,20260807.0,48600.0,Put,-,-,-,-,5250,-,-,0,0,0,0,-,-,-,-
TXO,202608F1,20260807.0,48700.0,Call,-,-,-,-,11,-,-,0,0,0,9,5,-,16.5,13
TXO,202608F1,20260807.0,48700.0,Put,-,-,-,-,5350,-,-,0,0,0,0,-,-,-,-
TXO,202608F1,20260807.0,48800.0,Call,-,-,-,-,10,-,-,0,0,0,15,4.2,-,16,14
TXO,202608F1,20260807.0,48800.0,Put,-,-,-,-,5450,-,-,0,0,0,0,-,-,-,-
TXO,202608F1,20260807.0,48900.0,Call,-,-,-,-,9.1,-,-,0,0,0,12,4.4,100,25,8.8
TXO,202608F1,20260807.0,48900.0,Put,-,-,-,-,5540,-,-,0,0,0,0,-,-,-,-
TXO,202608F1,20260807.0,49000.0,Call,4,5.4,4,5.4,8.3,▲+3.4,▲+170.00%,0,2,2,12,4,58,35,3.9
TXO,202608F1,20260807.0,49000.0,Put,-,-,-,-,5640,-,-,0,0,0,0,-,-,-,-
TXO,202608F1,20260807.0,49100.0,Call,-,-,-,-,7.8,-,-,0,0,0,3,0.7,-,13.5,12
TXO,202608F1,20260807.0,49100.0,Put,-,-,-,-,5740,-,-,0,0,0,0,-,-,-,-
TXO,202608F1,20260807.0,49200.0,Call,-,-,-,-,7.3,-,-,0,0,0,5,0.7,-,16,12
TXO,202608F1,20260807.0,49200.0,Put,-,-,-,-,5840,-,-,0,0,0,0,-,-,-,-
TXO,202608F1,20260807.0,49300.0,Call,-,-,-,-,7.3,-,-,0,0,0,3,3.2,108,14.5,1.8
TXO,202608F1,20260807.0,49300.0,Put,-,-,-,-,5940,-,-,0,0,0,0,-,-,-,-
TXO,202608F1,20260807.0,49400.0,Call,0.2,7.2,0.2,7.2,7.2,▲+5.9,▲+453.85%,47,47,94,177,7.2,99,26.5,0.2
TXO,202608F1,20260807.0,49400.0,Put,-,-,-,-,6040,-,-,0,0,0,0,-,-,-,-
TXO,202608W2,20260812.0,35900.0,Call,-,-,-,-,7690,-,-,0,0,0,0,-,-,-,-
TXO,202608W2,20260812.0,35900.0,Put,40,40,40,40,40,▼-226,▼-84.96%,0,1,1,1,14.5,55,40,40
TXO,202608W2,20260812.0,36000.0,Call,-,-,-,-,7590,-,-,0,0,0,0,-,-,-,-
TXO,202608W2,20260812.0,36000.0,Put,90,90,40,40,40,▼-242,▼-85.82%,10,30,40,32,20,300,321,40
TXO,202608W2,20260812.0,36100.0,Call,-,-,-,-,7500,-,-,0,0,0,0,-,-,-,-
TXO,202608W2,20260812.0,36100.0,Put,-,-,-,-,42,-,-,0,0,0,0,3.6,382,-,-
TXO,202608W2,20260812.0,36200.0,Call,-,-,-,-,7400,-,-,0,0,0,0,-,-,-,-
TXO,202608W2,20260812.0,36200.0,Put,-,-,-,-,44.5,-,-,0,0,0,0,2.2,384,-,-
TXO,202608W2,20260812.0,36300.0,Call,-,-,-,-,7300,-,-,0,0,0,0,-,-,-,-
TXO,202608W2,20260812.0,36300.0,Put,-,-,-,-,46,-,-,0,0,0,0,2.3,-,-,-
TXO,202608W2,20260812.0,36400.0,Call,-,-,-,-,7200,-,-,0,0,0,0,-,-,-,-
TXO,202608W2,20260812.0,36400.0,Put,-,-,-,-,48.5,-,-,0,0,0,0,2.5,224,-,-
TXO,202608W2,20260812.0,36500.0,Call,-,-,-,-,7100,-,-,0,0,0,0,-,-,-,-
TXO,202608W2,20260812.0,36500.0,Put,99,99,50,50,50,▼-296,▼-85.55%,2,4,6,6,28,66,305,50
TXO,202608W2,20260812.0,36600.0,Call,-,-,-,-,7010,-,-,0,0,0,0,-,-,-,-
TXO,202608W2,20260812.0,36600.0,Put,62,62,62,62,52,▼-295,▼-82.63%,1,1,2,0,3.1,391,320,62
TXO,202608W2,20260812.0,36700.0,Call,-,-,-,-,6910,-,-,0,0,0,0,-,-,-,-
TXO,202608W2,20260812.0,36700.0,Put,-,-,-,-,54,-,-,0,0,0,0,2.5,-,-,-
TXO,202608W2,20260812.0,36800.0,Call,-,-,-,-,6810,-,-,0,0,0,0,-,-,-,-
TXO,202608W2,20260812.0,36800.0,Put,-,-,-,-,58,-,-,0,0,0,0,18.5,396,-,-
TXO,202608W2,20260812.0,36900.0,Call,-,-,-,-,6710,-,-,0,0,0,0,-,-,-,-
TXO,202608W2,20260812.0,36900.0,Put,-,-,-,-,60,-,-,0,0,0,6,2.5,398,268,235
TXO,202608W2,20260812.0,37000.0,Call,-,-,-,-,6620,-,-,0,0,0,0,-,-,-,-
TXO,202608W2,20260812.0,37000.0,Put,124,124,68,68,62,▼-351,▼-83.77%,1,5,6,4,10.5,156,375,68
TXO,202608W2,20260812.0,37100.0,Call,-,-,-,-,6520,-,-,0,0,0,0,-,-,-,-
TXO,202608W2,20260812.0,37100.0,Put,-,-,-,-,64,-,-,0,0,0,0,3.4,404,-,-
TXO,202608W2,20260812.0,37200.0,Call,-,-,-,-,6420,-,-,0,0,0,0,-,-,-,-
TXO,202608W2,20260812.0,37200.0,Put,-,-,-,-,68,-,-,0,0,0,0,2.5,407,-,-
TXO,202608W2,20260812.0,37300.0,Call,-,-,-,-,6320,-,-,0,0,0,0,-,-,-,-
TXO,202608W2,20260812.0,37300.0,Put,-,-,-,-,70,-,-,0,0,0,1,2.5,164,272,272
TXO,202608W2,20260812.0,37400.0,Call,-,-,-,-,6230,-,-,0,0,0,0,-,-,-,-
TXO,202608W2,20260812.0,37400.0,Put,-,-,-,-,74,-,-,1,0,1,25,10.5,169,650,264
TXO,202608W2,20260812.0,37500.0,Call,-,-,-,-,6130,-,-,0,0,0,0,-,-,-,-
TXO,202608W2,20260812.0,37500.0,Put,148,148,84,84,77,▼-431,▼-83.69%,1,8,9,13,12.5,169,560,84
TXO,202608W2,20260812.0,37600.0,Call,-,-,-,-,6030,-,-,0,0,0,0,-,-,-,-
TXO,202608W2,20260812.0,37600.0,Put,183,183,183,183,81,▼-352,▼-65.79%,1,1,2,1,5.1,176,420,183
TXO,202608W2,20260812.0,37700.0,Call,-,-,-,-,5940,-,-,0,0,0,0,-,-,-,-
TXO,202608W2,20260812.0,37700.0,Put,-,-,-,-,82,-,-,0,0,0,2,11.5,175,412,412
TXO,202608W2,20260812.0,37800.0,Call,-,-,-,-,5840,-,-,0,0,0,0,-,-,-,-
TXO,202608W2,20260812.0,37800.0,Put,-,-,-,-,88,-,-,0,0,0,2,2.4,144,394,290
TXO,202608W2,20260812.0,37900.0,Call,-,-,-,-,5750,-,-,0,0,0,0,-,-,-,-
TXO,202608W2,20260812.0,37900.0,Put,-,-,-,-,92,-,-,0,0,0,0,2.4,-,-,-
TXO,202608W2,20260812.0,38000.0,Call,-,-,-,-,5650,-,-,0,0,0,0,-,-,-,-
TXO,202608W2,20260812.0,38000.0,Put,185,185,108,116,97,▼-509,▼-81.44%,0,13,13,9,24.5,187,770,108
TXO,202608W2,20260812.0,38100.0,Call,-,-,-,-,5560,-,-,0,0,0,0,-,-,-,-
TXO,202608W2,20260812.0,38100.0,Put,-,-,-,-,101,-,-,2,0,2,2,34,158,520,400
TXO,202608W2,20260812.0,38200.0,Call,-,-,-,-,5460,-,-,0,0,0,0,-,-,-,-
TXO,202608W2,20260812.0,38200.0,Put,-,-,-,-,107,-,-,0,0,0,0,2.4,164,-,-
TXO,202608W2,20260812.0,38300.0,Call,-,-,-,-,5370,-,-,0,0,0,0,-,-,-,-
TXO,202608W2,20260812.0,38300.0,Put,-,-,-,-,112,-,-,0,0,0,0,3.3,169,870,565
TXO,202608W2,20260812.0,38400.0,Call,-,-,-,-,5270,-,-,0,0,0,0,-,-,-,-
TXO,202608W2,20260812.0,38400.0,Put,-,-,-,-,118,-,-,0,0,0,0,7.1,-,-,-
TXO,202608W2,20260812.0,38500.0,Call,-,-,-,-,5180,-,-,0,0,0,0,-,-,-,-
TXO,202608W2,20260812.0,38500.0,Put,239,239,239,239,123,▼-516,▼-68.34%,1,1,2,0,2.7,169,710,239
TXO,202608W2,20260812.0,38600.0,Call,-,-,-,-,5080,-,-,0,0,0,0,-,-,-,-
TXO,202608W2,20260812.0,38600.0,Put,-,-,-,-,128,-,-,0,0,0,0,21.5,-,-,-
TXO,202608W2,20260812.0,38700.0,Call,-,-,-,-,4990,-,-,0,0,0,0,-,-,-,-
TXO,202608W2,20260812.0,38700.0,Put,-,-,-,-,135,-,-,0,0,0,0,24,188,-,-
TXO,202608W2,20260812.0,38750.0,Call,-,-,-,-,4940,-,-,0,0,0,0,-,-,-,-
TXO,202608W2,20260812.0,38750.0,Put,-,-,-,-,139,-,-,0,0,0,0,84,193,-,-
TXO,202608W2,20260812.0,38800.0,Call,-,-,-,-,4900,-,-,0,0,0,0,-,-,-,-
TXO,202608W2,20260812.0,38800.0,Put,-,-,-,-,143,-,-,0,0,0,0,33.5,198,-,-
TXO,202608W2,20260812.0,38850.0,Call,-,-,-,-,4850,-,-,0,0,0,0,4720,-,-,-
TXO,202608W2,20260812.0,38850.0,Put,-,-,-,-,147,-,-,0,0,0,0,2.7,-,-,-
TXO,202608W2,20260812.0,38900.0,Call,-,-,-,-,4810,-,-,0,0,0,0,-,-,-,-
TXO,202608W2,20260812.0,38900.0,Put,-,-,-,-,151,-,-,0,0,0,0,2.8,209,-,-
TXO,202608W2,20260812.0,38950.0,Call,-,-,-,-,4760,-,-,0,0,0,0,-,4660,-,-
TXO,202608W2,20260812.0,38950.0,Put,-,-,-,-,153,-,-,0,0,0,0,41,214,895,895
TXO,202608W2,20260812.0,39000.0,Call,-,-,-,-,4710,-,-,0,0,0,0,-,-,-,-
TXO,202608W2,20260812.0,39000.0,Put,411,411,411,411,158,▼-499,▼-54.84%,2,1,3,1,91,220,1050,411
TXO,202608W2,20260812.0,39050.0,Call,-,-,-,-,4670,-,-,0,0,0,0,-,-,-,-
TXO,202608W2,20260812.0,39050.0,Put,-,-,-,-,163,-,-,0,0,0,0,3.9,-,935,935
TXO,202608W2,20260812.0,39100.0,Call,-,-,-,-,4620,-,-,0,0,0,0,-,-,2040,2040
TXO,202608W2,20260812.0,39100.0,Put,-,-,-,-,166,-,-,0,0,0,0,49.5,231,955,955
TXO,202608W2,20260812.0,39150.0,Call,-,-,-,-,4580,-,-,0,0,0,0,-,-,-,-
TXO,202608W2,20260812.0,39150.0,Put,-,-,-,-,171,-,-,1,0,1,1,2.8,254,1010,1010
TXO,202608W2,20260812.0,39200.0,Call,-,-,-,-,4530,-,-,0,0,0,0,-,-,-,-
TXO,202608W2,20260812.0,39200.0,Put,-,-,-,-,176,-,-,0,0,0,0,2.8,-,-,-
TXO,202608W2,20260812.0,39250.0,Call,-,-,-,-,4480,-,-,0,0,0,0,-,4520,-,-
TXO,202608W2,20260812.0,39250.0,Put,-,-,-,-,179,-,-,0,0,0,0,2.8,-,-,-
TXO,202608W2,20260812.0,39300.0,Call,-,-,-,-,4440,-,-,0,0,0,0,-,-,-,-
TXO,202608W2,20260812.0,39300.0,Put,-,-,-,-,184,-,-,1,0,1,1,2.8,265,660,660
TXO,202608W2,20260812.0,39350.0,Call,-,-,-,-,4390,-,-,0,0,0,0,-,-,-,-
TXO,202608W2,20260812.0,39350.0,Put,-,-,-,-,190,-,-,0,0,0,0,84,-,1060,1060
TXO,202608W2,20260812.0,39400.0,Call,-,-,-,-,4350,-,-,0,0,0,0,-,-,-,-
TXO,202608W2,20260812.0,39400.0,Put,-,-,-,-,195,-,-,0,0,0,0,86,269,-,-
TXO,202608W2,20260812.0,39450.0,Call,-,-,-,-,4300,-,-,0,0,0,0,-,-,-,-
TXO,202608W2,20260812.0,39450.0,Put,-,-,-,-,199,-,-,0,0,0,0,86,276,-,-
TXO,202608W2,20260812.0,39500.0,Call,-,-,-,-,4260,-,-,0,0,0,0,-,-,-,-
TXO,202608W2,20260812.0,39500.0,Put,340,340,219,254,204,▼-856,▼-77.12%,2,13,15,5,5,283,920,219
TXO,202608W2,20260812.0,39550.0,Call,-,-,-,-,4210,-,-,0,0,0,0,-,-,-,-
TXO,202608W2,20260812.0,39550.0,Put,-,-,-,-,210,-,-,0,0,0,0,22,290,-,-
TXO,202608W2,20260812.0,39600.0,Call,-,-,-,-,4170,-,-,0,0,0,1,3960,-,1510,1510
TXO,202608W2,20260812.0,39600.0,Put,-,-,-,-,215,-,-,0,0,0,0,94,297,-,-
TXO,202608W2,20260812.0,39650.0,Call,-,-,-,-,4130,-,-,0,0,0,0,-,-,-,-
TXO,202608W2,20260812.0,39650.0,Put,232,232,232,232,220,▼-948,▼-80.34%,0,1,1,1,99,299,232,232
TXO,202608W2,20260812.0,39700.0,Call,-,-,-,-,4080,-,-,0,0,0,0,-,-,-,-
TXO,202608W2,20260812.0,39700.0,Put,288,288,288,288,227,▼-912,▼-76.00%,0,1,1,1,64,312,288,288
TXO,202608W2,20260812.0,39750.0,Call,-,-,-,-,4040,-,-,0,0,0,0,-,-,-,-
TXO,202608W2,20260812.0,39750.0,Put,-,-,-,-,233,-,-,0,0,0,0,111,-,-,-
TXO,202608W2,20260812.0,39800.0,Call,-,-,-,-,3990,-,-,0,0,0,0,-,-,-,-
TXO,202608W2,20260812.0,39800.0,Put,-,-,-,-,239,-,-,0,0,0,0,115,-,-,-
TXO,202608W2,20260812.0,39850.0,Call,-,-,-,-,3950,-,-,0,0,0,0,-,-,-,-
TXO,202608W2,20260812.0,39850.0,Put,-,-,-,-,246,-,-,0,0,0,0,121,-,1290,1290
TXO,202608W2,20260812.0,39900.0,Call,-,-,-,-,3910,-,-,0,0,0,0,-,-,-,-
TXO,202608W2,20260812.0,39900.0,Put,-,-,-,-,253,-,-,0,0,0,1,67,327,1310,1010
TXO,202608W2,20260812.0,39950.0,Call,-,-,-,-,3870,-,-,0,0,0,0,-,-,-,-
TXO,202608W2,20260812.0,39950.0,Put,-,-,-,-,261,-,-,0,0,0,0,132,352,-,-
TXO,202608W2,20260812.0,40000.0,Call,-,-,-,-,3820,-,-,1,0,1,1,-,-,1530,1500
TXO,202608W2,20260812.0,40000.0,Put,400,430,254,258,268,▼-1082,▼-80.75%,2,57,59,41,240,356,1410,254
TXO,202608W2,20260812.0,40050.0,Call,-,-,-,-,3780,-,-,0,0,0,0,-,-,-,-
TXO,202608W2,20260812.0,40050.0,Put,-,-,-,-,275,-,-,0,0,0,0,6,369,-,-
TXO,202608W2,20260812.0,40100.0,Call,-,-,-,-,3740,-,-,0,0,0,0,-,3760,-,-
TXO,202608W2,20260812.0,40100.0,Put,-,-,-,-,281,-,-,0,0,0,0,96,-,-,-
TXO,202608W2,20260812.0,40150.0,Call,-,-,-,-,3690,-,-,0,0,0,0,-,-,-,-
TXO,202608W2,20260812.0,40150.0,Put,-,-,-,-,284,-,-,0,0,0,0,167,-,-,-
TXO,202608W2,20260812.0,40200.0,Call,-,-,-,-,3640,-,-,0,0,0,0,-,-,-,-
TXO,202608W2,20260812.0,40200.0,Put,-,-,-,-,293,-,-,0,0,0,1,164,362,1210,1210
TXO,202608W2,20260812.0,40250.0,Call,-,-,-,-,3590,-,-,0,0,0,0,-,-,-,-
TXO,202608W2,20260812.0,40250.0,Put,-,-,-,-,301,-,-,0,0,0,0,171,-,-,-
TXO,202608W2,20260812.0,40300.0,Call,-,-,-,-,3540,-,-,0,0,0,1,-,3540,1380,1380
TXO,202608W2,20260812.0,40300.0,Put,335,335,330,330,310,▼-1150,▼-77.70%,0,30,30,31,190,390,1350,330
TXO,202608W2,20260812.0,40350.0,Call,-,-,-,-,3520,-,-,0,0,0,0,-,-,-,-
TXO,202608W2,20260812.0,40350.0,Put,615,615,615,615,318,▼-885,▼-59.00%,0,1,1,1,195,-,615,615
TXO,202608W2,20260812.0,40400.0,Call,-,-,-,-,3480,-,-,0,0,0,0,-,-,-,-
TXO,202608W2,20260812.0,40400.0,Put,-,-,-,-,327,-,-,0,0,0,0,205,-,-,-
TXO,202608W2,20260812.0,40450.0,Call,-,-,-,-,3440,-,-,0,0,0,0,-,-,1380,1250
TXO,202608W2,20260812.0,40450.0,Put,-,-,-,-,336,-,-,0,0,0,1,201,405,1290,1290
TXO,202608W2,20260812.0,40500.0,Call,-,-,-,-,3400,-,-,0,0,0,0,-,-,-,-
TXO,202608W2,20260812.0,40500.0,Put,510,510,380,380,345,▼-1200,▼-75.95%,0,2,2,1,211,-,1220,380
TXO,202608W2,20260812.0,40550.0,Call,-,-,-,-,3360,-,-,0,0,0,0,-,-,-,-
TXO,202608W2,20260812.0,40550.0,Put,-,-,-,-,354,-,-,0,0,0,0,216,-,-,-
TXO,202608W2,20260812.0,40600.0,Call,3050,3050,3050,3050,3320,▲+1730,▲+131.06%,0,1,1,0,-,-,3050,1140
TXO,202608W2,20260812.0,40600.0,Put,-,-,-,-,363,-,-,0,0,0,1,225,425,1470,1470
TXO,202608W2,20260812.0,40650.0,Call,-,-,-,-,3280,-,-,0,0,0,0,-,-,-,-
TXO,202608W2,20260812.0,40650.0,Put,-,-,-,-,372,-,-,0,0,0,0,232,-,-,-
TXO,202608W2,20260812.0,40700.0,Call,-,-,-,-,3240,-,-,0,0,0,0,-,-,-,-
TXO,202608W2,20260812.0,40700.0,Put,-,-,-,-,382,-,-,0,0,0,0,241,-,-,-
TXO,202608W2,20260812.0,40750.0,Call,-,-,-,-,3200,-,-,0,0,0,0,-,-,1090,1090
TXO,202608W2,20260812.0,40750.0,Put,-,-,-,-,391,-,-,1,0,1,1,250,510,1170,1170
TXO,202608W2,20260812.0,40800.0,Call,-,-,-,-,3150,-,-,0,0,0,1,2940,-,1130,1070
TXO,202608W2,20260812.0,40800.0,Put,525,525,432,450,399,▼-1280,▼-73.99%,0,5,5,1,271,459,525,432
TXO,202608W2,20260812.0,40850.0,Call,-,-,-,-,3110,-,-,0,0,0,0,2.5,-,1070,975
TXO,202608W2,20260812.0,40850.0,Put,-,-,-,-,407,-,-,0,0,0,0,268,535,-,-
TXO,202608W2,20260812.0,40900.0,Call,-,-,-,-,3070,-,-,0,0,0,0,2.3,-,-,-
TXO,202608W2,20260812.0,40900.0,Put,-,-,-,-,416,-,-,0,0,0,0,278,535,-,-
TXO,202608W2,20260812.0,40950.0,Call,-,-,-,-,3030,-,-,0,0,0,0,2.3,-,-,-
TXO,202608W2,20260812.0,40950.0,Put,-,-,-,-,427,-,-,0,0,0,0,288,-,-,-
TXO,202608W2,20260812.0,41000.0,Call,2620,2620,2620,2620,2980,▲+1480,▲+129.82%,3,1,4,1,2780,2980,2620,1030
TXO,202608W2,20260812.0,41000.0,Put,585,585,446,446,446,▼-1384,▼-75.63%,2,7,9,2,298,-,1160,446
TXO,202608W2,20260812.0,41050.0,Call,-,-,-,-,2950,-,-,0,0,0,0,2.3,-,965,965
TXO,202608W2,20260812.0,41050.0,Put,-,-,-,-,449,-,-,0,0,0,0,308,-,-,-
TXO,202608W2,20260812.0,41100.0,Call,2420,2420,2420,2420,2920,▲+1330,▲+122.02%,1,1,2,1,2.3,-,2420,1010
TXO,202608W2,20260812.0,41100.0,Put,-,-,-,-,460,-,-,0,0,0,0,322,575,-,-
TXO,202608W2,20260812.0,41150.0,Call,-,-,-,-,2880,-,-,0,0,0,0,2.3,-,-,-
TXO,202608W2,20260812.0,41150.0,Put,-,-,-,-,471,-,-,0,0,0,0,326,-,-,-
TXO,202608W2,20260812.0,41200.0,Call,-,-,-,-,2830,-,-,0,0,0,0,2.3,-,-,-
TXO,202608W2,20260812.0,41200.0,Put,-,-,-,-,483,-,-,0,0,0,0,337,-,-,-
TXO,202608W2,20260812.0,41250.0,Call,-,-,-,-,2780,-,-,0,0,0,0,2.3,2780,-,-
TXO,202608W2,20260812.0,41250.0,Put,-,-,-,-,494,-,-,0,0,0,0,350,-,-,-
TXO,202608W2,20260812.0,41300.0,Call,-,-,-,-,2760,-,-,0,0,0,0,2.3,-,-,-
TXO,202608W2,20260812.0,41300.0,Put,-,-,-,-,505,-,-,0,0,0,0,361,-,-,-
TXO,202608W2,20260812.0,41350.0,Call,-,-,-,-,2720,-,-,0,0,0,0,2.3,-,850,850
TXO,202608W2,20260812.0,41350.0,Put,-,-,-,-,520,-,-,0,0,0,0,370,-,-,-
TXO,202608W2,20260812.0,41400.0,Call,2370,2370,2370,2370,2690,▲+1420,▲+149.47%,0,1,1,2,2.3,2720,2370,880
TXO,202608W2,20260812.0,41400.0,Put,-,-,-,-,530,-,-,0,0,0,0,182,-,-,-
TXO,202608W2,20260812.0,41450.0,Call,1910,1910,1910,1910,2650,▲+980,▲+105.38%,0,1,1,2,2.3,2680,1910,850
TXO,202608W2,20260812.0,41450.0,Put,570,570,570,570,545,▼-1520,▼-72.73%,0,4,4,4,393,635,570,570
TXO,202608W2,20260812.0,41500.0,Call,-,-,-,-,2620,-,-,0,0,0,1,2.3,2650,1000,1000
TXO,202608W2,20260812.0,41500.0,Put,710,710,710,710,560,▼-1410,▼-66.51%,0,1,1,1,408,-,710,710
TXO,202608W2,20260812.0,41550.0,Call,-,-,-,-,2580,-,-,0,0,0,0,2.3,-,-,-
TXO,202608W2,20260812.0,41550.0,Put,-,-,-,-,570,-,-,0,0,0,0,425,-,-,-
TXO,202608W2,20260812.0,41600.0,Call,-,-,-,-,2540,-,-,0,0,0,0,2.3,-,-,-
TXO,202608W2,20260812.0,41600.0,Put,710,710,710,710,585,▼-1470,▼-67.43%,0,1,1,1,432,640,710,710
TXO,202608W2,20260812.0,41650.0,Call,-,-,-,-,2510,-,-,0,0,0,0,2.3,-,-,-
TXO,202608W2,20260812.0,41650.0,Put,-,-,-,-,600,-,-,0,0,0,0,444,-,-,-
TXO,202608W2,20260812.0,41700.0,Call,-,-,-,-,2470,-,-,0,0,0,0,2.3,-,-,-
TXO,202608W2,20260812.0,41700.0,Put,-,-,-,-,615,-,-,0,0,0,0,463,-,-,-
TXO,202608W2,20260812.0,41750.0,Call,-,-,-,-,2440,-,-,2,0,2,0,2.3,-,1000,700
TXO,202608W2,20260812.0,41750.0,Put,-,-,-,-,630,-,-,0,0,0,0,474,-,-,-
TXO,202608W2,20260812.0,41800.0,Call,-,-,-,-,2400,-,-,0,0,0,0,2260,-,-,-
TXO,202608W2,20260812.0,41800.0,Put,785,785,615,615,645,▼-1685,▼-73.26%,0,3,3,2,483,-,785,615
TXO,202608W2,20260812.0,41850.0,Call,-,-,-,-,2370,-,-,0,0,0,0,2.3,-,940,715
TXO,202608W2,20260812.0,41850.0,Put,-,-,-,-,660,-,-,0,0,0,0,505,-,-,-
TXO,202608W2,20260812.0,41900.0,Call,-,-,-,-,2330,-,-,0,0,0,0,1910,2510,-,-
TXO,202608W2,20260812.0,41900.0,Put,865,865,675,700,680,▼-1660,▼-70.34%,0,5,5,2,530,730,865,675
TXO,202608W2,20260812.0,41950.0,Call,-,-,-,-,2300,-,-,0,0,0,0,1870,2480,-,-
TXO,202608W2,20260812.0,41950.0,Put,-,-,-,-,695,-,-,0,0,0,0,545,-,-,-
TXO,202608W2,20260812.0,42000.0,Call,1980,2140,1980,2140,2270,▲+1415,▲+195.17%,0,2,2,2,1950,2440,2140,650
TXO,202608W2,20260812.0,42000.0,Put,1090,1090,655,655,710,▼-1775,▼-73.05%,0,8,8,3,560,800,1090,655
TXO,202608W2,20260812.0,42050.0,Call,-,-,-,-,2230,-,-,0,0,0,0,1930,2410,-,-
TXO,202608W2,20260812.0,42050.0,Put,-,-,-,-,730,-,-,0,0,0,0,575,-,-,-
TXO,202608W2,20260812.0,42100.0,Call,-,-,-,-,2200,-,-,0,0,0,0,1900,2410,-,-
TXO,202608W2,20260812.0,42100.0,Put,-,-,-,-,745,-,-,0,0,0,0,590,-,-,-
TXO,202608W2,20260812.0,42150.0,Call,-,-,-,-,2170,-,-,0,0,0,0,1860,2340,-,-
TXO,202608W2,20260812.0,42150.0,Put,-,-,-,-,760,-,-,0,0,0,0,600,-,-,-
TXO,202608W2,20260812.0,42200.0,Call,-,-,-,-,2130,-,-,0,0,0,0,1830,2340,910,630
TXO,202608W2,20260812.0,42200.0,Put,-,-,-,-,780,-,-,0,0,0,0,615,-,-,-
TXO,202608W2,20260812.0,42250.0,Call,-,-,-,-,2100,-,-,0,0,0,1,1830,2070,735,530
TXO,202608W2,20260812.0,42250.0,Put,-,-,-,-,795,-,-,0,0,0,0,620,-,-,-
TXO,202608W2,20260812.0,42300.0,Call,-,-,-,-,2070,-,-,2,0,2,1,1760,2080,595,520
TXO,202608W2,20260812.0,42300.0,Put,-,-,-,-,815,-,-,0,0,0,0,650,-,-,-
TXO,202608W2,20260812.0,42350.0,Call,-,-,-,-,2040,-,-,0,0,0,0,1760,2210,-,-
TXO,202608W2,20260812.0,42350.0,Put,-,-,-,-,830,-,-,0,0,0,0,-,-,-,-
TXO,202608W2,20260812.0,42400.0,Call,-,-,-,-,2010,-,-,0,0,0,0,1690,2180,610,535
TXO,202608W2,20260812.0,42400.0,Put,-,-,-,-,850,-,-,0,0,0,0,-,-,-,-
TXO,202608W2,20260812.0,42450.0,Call,-,-,-,-,1970,-,-,0,0,0,0,1670,2150,515,515
TXO,202608W2,20260812.0,42450.0,Put,-,-,-,-,870,-,-,0,0,0,0,-,-,-,-
TXO,202608W2,20260812.0,42500.0,Call,-,-,-,-,1940,-,-,0,0,0,1,1630,2130,660,500
TXO,202608W2,20260812.0,42500.0,Put,-,-,-,-,885,-,-,0,0,0,0,-,-,-,-
TXO,202608W2,20260812.0,42550.0,Call,-,-,-,-,1910,-,-,0,0,0,0,1630,2070,505,488
TXO,202608W2,20260812.0,42550.0,Put,-,-,-,-,905,-,-,0,0,0,0,-,-,-,-
TXO,202608W2,20260812.0,42600.0,Call,-,-,-,-,1880,-,-,0,0,0,0,1590,2060,-,-
TXO,202608W2,20260812.0,42600.0,Put,1010,1010,1010,1010,925,▼-1830,▼-64.44%,0,1,1,1,-,1000,1010,1010
TXO,202608W2,20260812.0,42650.0,Call,1760,1780,1760,1780,1850,▲+1260,▲+242.31%,0,2,2,0,1540,2020,1780,430
TXO,202608W2,20260812.0,42650.0,Put,-,-,-,-,945,-,-,0,0,0,0,-,-,-,-
TXO,202608W2,20260812.0,42700.0,Call,1600,1600,1600,1600,1820,▲+1095,▲+216.83%,1,1,2,0,1540,2020,1600,855
TXO,202608W2,20260812.0,42700.0,Put,1090,1090,930,970,970,▼-1940,▼-66.67%,0,3,3,1,-,1290,2670,930
TXO,202608W2,20260812.0,42750.0,Call,-,-,-,-,1790,-,-,0,0,0,0,1500,1960,-,-
TXO,202608W2,20260812.0,42750.0,Put,-,-,-,-,985,-,-,0,0,0,0,-,1310,-,-
TXO,202608W2,20260812.0,42800.0,Call,-,-,-,-,1760,-,-,0,0,0,0,1460,1920,-,-
TXO,202608W2,20260812.0,42800.0,Put,-,-,-,-,1010,-,-,0,0,0,0,-,1330,-,-
TXO,202608W2,20260812.0,42850.0,Call,-,-,-,-,1730,-,-,0,0,0,0,1470,1900,-,-
TXO,202608W2,20260812.0,42850.0,Put,-,-,-,-,1030,-,-,0,0,0,0,635,1350,-,-
TXO,202608W2,20260812.0,42900.0,Call,-,-,-,-,1700,-,-,0,0,0,1,1490,1850,480,480
TXO,202608W2,20260812.0,42900.0,Put,-,-,-,-,1050,-,-,0,0,0,0,655,-,-,-
TXO,202608W2,20260812.0,43000.0,Call,1200,1200,1200,1200,1650,▲+787,▲+190.56%,2,1,3,4,1350,1530,1200,382
TXO,202608W2,20260812.0,43000.0,Put,955,955,955,955,1090,▼-2175,▼-69.49%,0,2,2,2,925,1420,955,955
TXO,202608W2,20260812.0,43100.0,Call,-,-,-,-,1580,-,-,0,0,0,1,1160,1810,510,333
TXO,202608W2,20260812.0,43100.0,Put,1010,1010,1010,1010,1120,▼-2200,▼-68.54%,0,1,1,1,-,1210,1010,1010
TXO,202608W2,20260812.0,43200.0,Call,1000,1230,1000,1230,1520,▲+842,▲+217.01%,0,2,2,1,1030,1520,1230,383
TXO,202608W2,20260812.0,43200.0,Put,1200,1200,1110,1110,1160,▼-2180,▼-66.26%,0,2,2,2,1060,-,1200,1110
TXO,202608W2,20260812.0,43300.0,Call,-,-,-,-,1470,-,-,0,0,0,0,980,1700,381,319
TXO,202608W2,20260812.0,43300.0,Put,-,-,-,-,1210,-,-,0,0,0,0,-,1550,-,-
TXO,202608W2,20260812.0,43400.0,Call,1200,1200,1200,1200,1410,▲+861,▲+253.98%,0,1,1,1,925,1410,1200,299
TXO,202608W2,20260812.0,43400.0,Put,1280,1300,1280,1300,1260,▼-2140,▼-62.21%,0,25,25,25,-,1600,1300,1280
TXO,202608W2,20260812.0,43500.0,Call,1150,1300,1150,1260,1360,▲+940,▲+293.75%,3,7,10,4,875,1360,1300,256
TXO,202608W2,20260812.0,43500.0,Put,1430,1430,1150,1310,1310,▼-2210,▼-62.78%,0,80,80,78,1200,1600,1430,1150
TXO,202608W2,20260812.0,43600.0,Call,990,1150,990,1150,1270,▲+850,▲+283.33%,0,2,2,0,825,1540,1150,990
TXO,202608W2,20260812.0,43600.0,Put,1290,1310,1290,1310,1310,▼-2290,▼-63.61%,0,60,60,60,1180,-,1310,1290
TXO,202608W2,20260812.0,43700.0,Call,1000,1000,1000,1000,1170,▲+718,▲+254.61%,0,1,1,1,775,1250,1000,1000
TXO,202608W2,20260812.0,43700.0,Put,-,-,-,-,1320,-,-,0,0,0,0,-,-,-,-
TXO,202608W2,20260812.0,43800.0,Call,-,-,-,-,1080,-,-,0,0,0,3,805,1450,326,252
TXO,202608W2,20260812.0,43800.0,Put,-,-,-,-,1320,-,-,0,0,0,0,1080,1800,-,-
TXO,202608W2,20260812.0,43900.0,Call,1050,1050,1050,1050,1050,▲+804,▲+326.83%,0,1,1,1,680,1400,1050,348
TXO,202608W2,20260812.0,43900.0,Put,1500,1530,1330,1530,1370,▼-2320,▼-60.26%,0,7,7,3,1370,1850,1530,1330
TXO,202608W2,20260812.0,44000.0,Call,1000,1000,1000,1000,1000,▲+771,▲+336.68%,0,1,1,4,635,1170,1000,300
TXO,202608W2,20260812.0,44000.0,Put,-,-,-,-,1430,-,-,0,0,0,0,-,-,-,-
TXO,202608W2,20260812.0,44100.0,Call,-,-,-,-,935,-,-,0,0,0,0,590,1310,193,193
TXO,202608W2,20260812.0,44100.0,Put,-,-,-,-,1480,-,-,0,0,0,0,1240,1960,-,-
TXO,202608W2,20260812.0,44200.0,Call,865,865,805,805,895,▲+605,▲+302.50%,0,3,3,5,1.4,1080,865,230
TXO,202608W2,20260812.0,44200.0,Put,-,-,-,-,1540,-,-,0,0,0,0,1440,1800,-,-
TXO,202608W2,20260812.0,44300.0,Call,935,935,935,935,855,▲+749,▲+402.69%,1,1,2,3,505,1040,935,169
TXO,202608W2,20260812.0,44300.0,Put,-,-,-,-,1600,-,-,0,0,0,0,1360,1880,-,-
TXO,202608W2,20260812.0,44400.0,Call,760,760,750,750,815,▲+578,▲+336.05%,1,3,4,1,1.2,960,760,193
TXO,202608W2,20260812.0,44400.0,Put,-,-,-,-,1660,-,-,0,0,0,0,1540,1940,-,-
TXO,202608W2,20260812.0,44500.0,Call,720,720,700,705,780,▲+545,▲+340.63%,4,4,8,1,1.1,920,720,126
TXO,202608W2,20260812.0,44500.0,Put,-,-,-,-,1720,-,-,0,0,0,0,1550,2010,-,-
TXO,202608W2,20260812.0,44600.0,Call,355,815,355,815,740,▲+666,▲+446.98%,1,14,15,14,665,915,815,191
TXO,202608W2,20260812.0,44600.0,Put,-,-,-,-,1780,-,-,0,0,0,0,1650,2050,-,-
TXO,202608W2,20260812.0,44700.0,Call,605,665,605,665,705,▲+527,▲+381.88%,1,8,9,9,625,875,665,112
TXO,202608W2,20260812.0,44700.0,Put,-,-,-,-,1850,-,-,0,0,0,0,1610,2150,-,-
TXO,202608W2,20260812.0,44800.0,Call,-,-,-,-,670,-,-,0,0,0,0,590,-,-,-
TXO,202608W2,20260812.0,44800.0,Put,-,-,-,-,1910,-,-,0,0,0,0,1670,2210,-,-
TXO,202608W2,20260812.0,44900.0,Call,570,605,540,605,635,▲+487,▲+412.71%,1,15,16,12,550,790,605,96
TXO,202608W2,20260812.0,44900.0,Put,-,-,-,-,1980,-,-,0,0,0,0,1810,2270,-,-
TXO,202608W2,20260812.0,45000.0,Call,410,580,410,575,605,▲+466,▲+427.52%,10,17,27,14,266,700,580,96
TXO,202608W2,20260812.0,45000.0,Put,-,-,-,-,2050,-,-,0,0,0,0,1800,2330,-,-
TXO,202608W2,20260812.0,45100.0,Call,450,450,450,450,575,▲+350,▲+350.00%,5,1,6,12,233,720,450,100
TXO,202608W2,20260812.0,45100.0,Put,-,-,-,-,2120,-,-,0,0,0,0,1870,2400,-,-
TXO,202608W2,20260812.0,45200.0,Call,-,-,-,-,545,-,-,1,0,1,1,456,655,160,89
TXO,202608W2,20260812.0,45200.0,Put,-,-,-,-,2180,-,-,0,0,0,0,1920,2440,-,-
TXO,202608W2,20260812.0,45300.0,Call,280,400,280,400,515,▲+313,▲+359.77%,1,2,3,3,461,660,400,100
TXO,202608W2,20260812.0,45300.0,Put,-,-,-,-,2260,-,-,0,0,0,0,-,2540,-,-
TXO,202608W2,20260812.0,45400.0,Call,510,510,510,510,486,▲+430,▲+537.50%,1,4,5,5,435,600,510,120
TXO,202608W2,20260812.0,45400.0,Put,-,-,-,-,2330,-,-,0,0,0,0,-,-,-,-
TXO,202608W2,20260812.0,45500.0,Call,380,380,340,340,457,▲+266,▲+359.46%,1,2,3,1,344,-,380,62
TXO,202608W2,20260812.0,45500.0,Put,-,-,-,-,2400,-,-,0,0,0,0,-,-,-,-
TXO,202608W2,20260812.0,45600.0,Call,-,-,-,-,430,-,-,0,0,0,0,380,-,-,-
TXO,202608W2,20260812.0,45600.0,Put,-,-,-,-,2470,-,-,0,0,0,0,-,-,-,-
TXO,202608W2,20260812.0,45700.0,Call,-,-,-,-,406,-,-,2,0,2,1,66,540,100,76
TXO,202608W2,20260812.0,45700.0,Put,-,-,-,-,2550,-,-,0,0,0,0,-,-,-,-
TXO,202608W2,20260812.0,45800.0,Call,308,359,260,359,381,▲+309,▲+618.00%,8,26,34,25,132,520,359,50
TXO,202608W2,20260812.0,45800.0,Put,-,-,-,-,2620,-,-,0,0,0,0,-,-,-,-
TXO,202608F2,20260814.0,35900.0,Call,-,-,-,-,7660,-,-,0,0,0,0,-,-,-,-
TXO,202608F2,20260814.0,35900.0,Put,60,60,60,60,57,▼-263,▼-81.42%,0,1,1,1,11,152,60,60
TXO,202608F2,20260814.0,36000.0,Call,-,-,-,-,7560,-,-,0,0,0,0,-,-,-,-
TXO,202608F2,20260814.0,36000.0,Put,100,135,60,60,60,▼-277,▼-82.20%,0,36,36,25,46,409,135,60
TXO,202608F2,20260814.0,36100.0,Call,-,-,-,-,7460,-,-,0,0,0,0,-,-,-,-
TXO,202608F2,20260814.0,36100.0,Put,-,-,-,-,61,-,-,0,0,0,0,45,411,-,-
TXO,202608F2,20260814.0,36200.0,Call,-,-,-,-,7360,-,-,0,0,0,0,-,-,-,-
TXO,202608F2,20260814.0,36200.0,Put,-,-,-,-,63,-,-,0,0,0,0,36.5,414,-,-
TXO,202608F2,20260814.0,36300.0,Call,-,-,-,-,7270,-,-,0,0,0,0,-,-,-,-
TXO,202608F2,20260814.0,36300.0,Put,-,-,-,-,67,-,-,0,0,0,0,38.5,417,-,-
TXO,202608F2,20260814.0,36400.0,Call,-,-,-,-,7170,-,-,0,0,0,0,-,-,-,-
TXO,202608F2,20260814.0,36400.0,Put,-,-,-,-,69,-,-,0,0,0,0,39.5,-,-,-
TXO,202608F2,20260814.0,36500.0,Call,-,-,-,-,7070,-,-,0,0,0,0,-,-,-,-
TXO,202608F2,20260814.0,36500.0,Put,-,-,-,-,72,-,-,0,0,0,0,2.3,424,-,-
TXO,202608F2,20260814.0,36600.0,Call,-,-,-,-,6980,-,-,0,0,0,0,-,-,-,-
TXO,202608F2,20260814.0,36600.0,Put,-,-,-,-,76,-,-,0,0,0,0,3.1,427,-,-
TXO,202608F2,20260814.0,36700.0,Call,-,-,-,-,6880,-,-,0,0,0,0,-,-,-,-
TXO,202608F2,20260814.0,36700.0,Put,-,-,-,-,78,-,-,0,0,0,0,51,431,-,-
TXO,202608F2,20260814.0,36800.0,Call,-,-,-,-,6780,-,-,0,0,0,0,-,-,-,-
TXO,202608F2,20260814.0,36800.0,Put,85,85,85,85,85,▼-379,▼-81.68%,0,1,1,1,65,435,85,85
TXO,202608F2,20260814.0,36900.0,Call,-,-,-,-,6690,-,-,0,0,0,0,-,-,-,-
TXO,202608F2,20260814.0,36900.0,Put,-,-,-,-,85,-,-,0,0,0,0,2.3,439,-,-
TXO,202608F2,20260814.0,37000.0,Call,-,-,-,-,6590,-,-,0,0,0,0,-,-,-,-
TXO,202608F2,20260814.0,37000.0,Put,-,-,-,-,89,-,-,0,0,0,0,31.5,443,-,-
TXO,202608F2,20260814.0,37100.0,Call,-,-,-,-,6490,-,-,0,0,0,0,-,-,-,-
TXO,202608F2,20260814.0,37100.0,Put,-,-,-,-,93,-,-,0,0,0,0,2.3,-,-,-
TXO,202608F2,20260814.0,37200.0,Call,-,-,-,-,6400,-,-,0,0,0,0,-,-,-,-
TXO,202608F2,20260814.0,37200.0,Put,-,-,-,-,97,-,-,0,0,0,0,2.3,452,-,-
TXO,202608F2,20260814.0,37300.0,Call,-,-,-,-,6300,-,-,0,0,0,0,-,-,-,-
TXO,202608F2,20260814.0,37300.0,Put,-,-,-,-,102,-,-,0,0,0,0,2.4,247,-,-
TXO,202608F2,20260814.0,37400.0,Call,-,-,-,-,6210,-,-,0,0,0,0,-,-,-,-
TXO,202608F2,20260814.0,37400.0,Put,-,-,-,-,106,-,-,0,0,0,0,10,252,-,-
TXO,202608F2,20260814.0,37500.0,Call,-,-,-,-,6110,-,-,0,0,0,0,-,-,-,-
TXO,202608F2,20260814.0,37500.0,Put,-,-,-,-,110,-,-,0,0,0,0,2.8,260,-,-
TXO,202608F2,20260814.0,37600.0,Call,-,-,-,-,6020,-,-,0,0,0,0,-,-,-,-
TXO,202608F2,20260814.0,37600.0,Put,-,-,-,-,114,-,-,0,0,0,0,2.8,271,-,-
TXO,202608F2,20260814.0,37700.0,Call,-,-,-,-,5920,-,-,0,0,0,0,-,-,-,-
TXO,202608F2,20260814.0,37700.0,Put,-,-,-,-,121,-,-,0,0,0,0,11,283,-,-
TXO,202608F2,20260814.0,37800.0,Call,-,-,-,-,5830,-,-,0,0,0,0,-,-,-,-
TXO,202608F2,20260814.0,37800.0,Put,-,-,-,-,126,-,-,0,0,0,0,16,295,-,-
TXO,202608F2,20260814.0,37900.0,Call,-,-,-,-,5730,-,-,0,0,0,0,-,-,-,-
TXO,202608F2,20260814.0,37900.0,Put,-,-,-,-,131,-,-,0,0,0,0,2.8,307,-,-
TXO,202608F2,20260814.0,38000.0,Call,-,-,-,-,5640,-,-,0,0,0,0,-,5780,-,-
TXO,202608F2,20260814.0,38000.0,Put,135,135,135,135,135,▼-595,▼-81.51%,0,1,1,1,2.8,320,135,135
TXO,202608F2,20260814.0,38100.0,Call,-,-,-,-,5550,-,-,0,0,0,0,-,-,-,-
TXO,202608F2,20260814.0,38100.0,Put,225,225,225,225,145,▼-530,▼-70.20%,0,1,1,1,68,234,225,225
TXO,202608F2,20260814.0,38200.0,Call,-,-,-,-,5450,-,-,0,0,0,0,-,-,-,-
TXO,202608F2,20260814.0,38200.0,Put,248,266,234,252,152,▼-533,▼-67.90%,0,8,8,7,13,316,266,234
TXO,202608F2,20260814.0,38300.0,Call,-,-,-,-,5360,-,-,0,0,0,0,-,5500,-,-
TXO,202608F2,20260814.0,38300.0,Put,-,-,-,-,159,-,-,0,0,0,0,3.4,364,-,-
TXO,202608F2,20260814.0,38400.0,Call,-,-,-,-,5270,-,-,0,0,0,0,-,-,-,-
TXO,202608F2,20260814.0,38400.0,Put,-,-,-,-,166,-,-,0,0,0,0,58,-,-,-
TXO,202608F2,20260814.0,38500.0,Call,-,-,-,-,5180,-,-,0,0,0,0,-,-,-,-
TXO,202608F2,20260814.0,38500.0,Put,-,-,-,-,174,-,-,0,0,0,0,22,391,-,-
TXO,202608F2,20260814.0,38600.0,Call,-,-,-,-,5080,-,-,0,0,0,0,-,-,-,-
TXO,202608F2,20260814.0,38600.0,Put,-,-,-,-,182,-,-,0,0,0,0,67,-,-,-
TXO,202608F2,20260814.0,38700.0,Call,-,-,-,-,4990,-,-,0,0,0,0,-,-,-,-
TXO,202608F2,20260814.0,38700.0,Put,-,-,-,-,190,-,-,0,0,0,0,85,-,-,-
TXO,202608F2,20260814.0,38750.0,Call,-,-,-,-,4950,-,-,0,0,0,0,-,-,-,-
TXO,202608F2,20260814.0,38750.0,Put,-,-,-,-,194,-,-,0,0,0,0,85,-,-,-
TXO,202608F2,20260814.0,38800.0,Call,-,-,-,-,4900,-,-,0,0,0,0,-,-,-,-
TXO,202608F2,20260814.0,38800.0,Put,-,-,-,-,199,-,-,0,0,0,0,85,439,-,-
TXO,202608F2,20260814.0,38850.0,Call,-,-,-,-,4860,-,-,0,0,0,0,-,-,-,-
TXO,202608F2,20260814.0,38850.0,Put,-,-,-,-,205,-,-,0,0,0,0,87,-,-,-
TXO,202608F2,20260814.0,38900.0,Call,-,-,-,-,4810,-,-,0,0,0,0,-,-,-,-
TXO,202608F2,20260814.0,38900.0,Put,-,-,-,-,210,-,-,0,0,0,0,92,456,-,-
TXO,202608F2,20260814.0,38950.0,Call,-,-,-,-,4770,-,-,0,0,0,0,-,-,-,-
TXO,202608F2,20260814.0,38950.0,Put,-,-,-,-,216,-,-,0,0,0,0,96,465,-,-
TXO,202608F2,20260814.0,39000.0,Call,-,-,-,-,4720,-,-,0,0,0,0,-,-,-,-
TXO,202608F2,20260814.0,39000.0,Put,405,405,260,266,221,▼-764,▼-74.17%,0,8,8,7,103,303,405,260
TXO,202608F2,20260814.0,39050.0,Call,-,-,-,-,4680,-,-,0,0,0,0,-,-,-,-
TXO,202608F2,20260814.0,39050.0,Put,-,-,-,-,224,-,-,0,0,0,0,106,483,-,-
TXO,202608F2,20260814.0,39100.0,Call,-,-,-,-,4630,-,-,0,0,0,0,-,-,-,-
TXO,202608F2,20260814.0,39100.0,Put,-,-,-,-,230,-,-,0,0,0,0,111,492,-,-
TXO,202608F2,20260814.0,39150.0,Call,-,-,-,-,4590,-,-,0,0,0,0,-,-,-,-
TXO,202608F2,20260814.0,39150.0,Put,-,-,-,-,236,-,-,0,0,0,0,116,500,-,-
TXO,202608F2,20260814.0,39200.0,Call,-,-,-,-,4540,-,-,0,0,0,0,-,-,-,-
TXO,202608F2,20260814.0,39200.0,Put,-,-,-,-,242,-,-,0,0,0,0,121,515,-,-
TXO,202608F2,20260814.0,39250.0,Call,-,-,-,-,4500,-,-,0,0,0,0,-,-,-,-
TXO,202608F2,20260814.0,39250.0,Put,-,-,-,-,249,-,-,0,0,0,0,128,525,-,-
TXO,202608F2,20260814.0,39300.0,Call,-,-,-,-,4450,-,-,0,0,0,0,-,-,-,-
TXO,202608F2,20260814.0,39300.0,Put,370,370,360,360,252,▼-780,▼-68.42%,0,2,2,2,133,333,370,360
TXO,202608F2,20260814.0,39350.0,Call,-,-,-,-,4410,-,-,0,0,0,0,-,-,-,-
TXO,202608F2,20260814.0,39350.0,Put,312,312,312,312,258,▼-848,▼-73.10%,0,1,1,1,137,338,312,312
TXO,202608F2,20260814.0,39400.0,Call,-,-,-,-,4370,-,-,0,0,0,0,-,-,-,-
TXO,202608F2,20260814.0,39400.0,Put,357,357,357,357,264,▼-823,▼-69.75%,0,1,1,1,144,550,357,357
TXO,202608F2,20260814.0,39450.0,Call,-,-,-,-,4320,-,-,0,0,0,0,-,-,-,-
TXO,202608F2,20260814.0,39450.0,Put,-,-,-,-,270,-,-,0,0,0,0,150,565,-,-
TXO,202608F2,20260814.0,39500.0,Call,-,-,-,-,4280,-,-,0,0,0,0,-,-,-,-
TXO,202608F2,20260814.0,39500.0,Put,-,-,-,-,276,-,-,0,0,0,0,154,575,-,-
TXO,202608F2,20260814.0,39550.0,Call,-,-,-,-,4240,-,-,0,0,0,0,-,-,-,-
TXO,202608F2,20260814.0,39550.0,Put,-,-,-,-,283,-,-,0,0,0,0,161,585,-,-
TXO,202608F2,20260814.0,39600.0,Call,-,-,-,-,4190,-,-,0,0,0,0,-,-,-,-
TXO,202608F2,20260814.0,39600.0,Put,-,-,-,-,289,-,-,0,0,0,0,167,595,-,-
TXO,202608F2,20260814.0,39650.0,Call,-,-,-,-,4150,-,-,0,0,0,0,-,-,-,-
TXO,202608F2,20260814.0,39650.0,Put,-,-,-,-,296,-,-,0,0,0,0,174,600,-,-
TXO,202608F2,20260814.0,39700.0,Call,-,-,-,-,4110,-,-,0,0,0,0,-,4260,-,-
TXO,202608F2,20260814.0,39700.0,Put,-,-,-,-,304,-,-,0,0,0,0,180,620,-,-
TXO,202608F2,20260814.0,39750.0,Call,-,-,-,-,4060,-,-,0,0,0,0,-,-,-,-
TXO,202608F2,20260814.0,39750.0,Put,-,-,-,-,311,-,-,0,0,0,0,186,630,-,-
TXO,202608F2,20260814.0,39800.0,Call,-,-,-,-,4020,-,-,0,0,0,0,-,-,-,-
TXO,202608F2,20260814.0,39800.0,Put,-,-,-,-,319,-,-,0,0,0,0,138,640,-,-
TXO,202608F2,20260814.0,39850.0,Call,-,-,-,-,3980,-,-,0,0,0,0,-,-,-,-
TXO,202608F2,20260814.0,39850.0,Put,-,-,-,-,328,-,-,0,0,0,0,198,645,-,-
TXO,202608F2,20260814.0,39900.0,Call,-,-,-,-,3930,-,-,0,0,0,0,-,-,-,-
TXO,202608F2,20260814.0,39900.0,Put,-,-,-,-,331,-,-,0,0,0,0,118,660,-,-
TXO,202608F2,20260814.0,39950.0,Call,-,-,-,-,3890,-,-,0,0,0,0,-,-,-,-
TXO,202608F2,20260814.0,39950.0,Put,-,-,-,-,339,-,-,0,0,0,0,214,675,-,-
TXO,202608F2,20260814.0,40000.0,Call,-,-,-,-,3850,-,-,0,0,0,0,-,-,-,-
TXO,202608F2,20260814.0,40000.0,Put,420,420,345,380,348,▼-1050,▼-73.43%,0,7,7,5,221,421,420,345
TXO,202608F2,20260814.0,40050.0,Call,-,-,-,-,3810,-,-,0,0,0,0,-,-,-,-
TXO,202608F2,20260814.0,40050.0,Put,-,-,-,-,357,-,-,0,0,0,0,228,695,-,-
TXO,202608F2,20260814.0,40100.0,Call,-,-,-,-,3770,-,-,0,0,0,0,-,3910,-,-
TXO,202608F2,20260814.0,40100.0,Put,-,-,-,-,366,-,-,0,0,0,0,243,705,-,-
TXO,202608F2,20260814.0,40150.0,Call,-,-,-,-,3730,-,-,0,0,0,0,-,3850,-,-
TXO,202608F2,20260814.0,40150.0,Put,-,-,-,-,376,-,-,0,0,0,0,244,-,-,-
TXO,202608F2,20260814.0,40200.0,Call,-,-,-,-,3690,-,-,0,0,0,0,-,3810,-,-
TXO,202608F2,20260814.0,40200.0,Put,-,-,-,-,386,-,-,0,0,0,0,259,730,-,-
TXO,202608F2,20260814.0,40250.0,Call,-,-,-,-,3640,-,-,0,0,0,0,-,-,-,-
TXO,202608F2,20260814.0,40250.0,Put,-,-,-,-,389,-,-,0,0,0,0,259,-,-,-
TXO,202608F2,20260814.0,40300.0,Call,-,-,-,-,3600,-,-,0,0,0,0,-,-,-,-
TXO,202608F2,20260814.0,40300.0,Put,-,-,-,-,398,-,-,0,0,0,0,276,755,-,-
TXO,202608F2,20260814.0,40350.0,Call,-,-,-,-,3560,-,-,0,0,0,0,-,-,-,-
TXO,202608F2,20260814.0,40350.0,Put,-,-,-,-,408,-,-,0,0,0,0,275,775,-,-
TXO,202608F2,20260814.0,40400.0,Call,-,-,-,-,3520,-,-,0,0,0,0,-,-,-,-
TXO,202608F2,20260814.0,40400.0,Put,-,-,-,-,418,-,-,0,0,0,0,288,785,-,-
TXO,202608F2,20260814.0,40450.0,Call,-,-,-,-,3480,-,-,0,0,0,0,-,-,-,-
TXO,202608F2,20260814.0,40450.0,Put,-,-,-,-,429,-,-,0,0,0,0,304,795,-,-
TXO,202608F2,20260814.0,40500.0,Call,-,-,-,-,3440,-,-,0,0,0,0,-,-,-,-
TXO,202608F2,20260814.0,40500.0,Put,-,-,-,-,440,-,-,0,0,0,0,301,805,-,-
TXO,202608F2,20260814.0,40550.0,Call,-,-,-,-,3400,-,-,0,0,0,0,-,-,-,-
TXO,202608F2,20260814.0,40550.0,Put,505,505,505,505,443,▼-1185,▼-70.12%,0,1,1,1,314,815,505,505
TXO,202608F2,20260814.0,40600.0,Call,-,-,-,-,3360,-,-,0,0,0,0,-,-,-,-
TXO,202608F2,20260814.0,40600.0,Put,-,-,-,-,453,-,-,0,0,0,0,319,825,-,-
TXO,202608F2,20260814.0,40650.0,Call,-,-,-,-,3320,-,-,0,0,0,0,-,-,-,-
TXO,202608F2,20260814.0,40650.0,Put,-,-,-,-,462,-,-,0,0,0,0,328,835,-,-
TXO,202608F2,20260814.0,40700.0,Call,-,-,-,-,3280,-,-,0,0,0,0,-,3420,-,-
TXO,202608F2,20260814.0,40700.0,Put,-,-,-,-,474,-,-,0,0,0,0,337,845,-,-
TXO,202608F2,20260814.0,40750.0,Call,-,-,-,-,3240,-,-,0,0,0,0,-,-,-,-
TXO,202608F2,20260814.0,40750.0,Put,-,-,-,-,485,-,-,0,0,0,0,346,855,-,-
TXO,202608F2,20260814.0,40800.0,Call,-,-,-,-,3200,-,-,0,0,0,0,-,-,-,-
TXO,202608F2,20260814.0,40800.0,Put,-,-,-,-,497,-,-,0,0,0,0,355,865,-,-
TXO,202608F2,20260814.0,40850.0,Call,-,-,-,-,3160,-,-,0,0,0,0,3020,-,-,-
TXO,202608F2,20260814.0,40850.0,Put,-,-,-,-,510,-,-,0,0,0,0,365,-,-,-
TXO,202608F2,20260814.0,40900.0,Call,-,-,-,-,3120,-,-,0,0,0,0,2.3,-,-,-
TXO,202608F2,20260814.0,40900.0,Put,-,-,-,-,520,-,-,0,0,0,0,375,-,-,-
TXO,202608F2,20260814.0,40950.0,Call,-,-,-,-,3090,-,-,0,0,0,0,2.3,-,-,-
TXO,202608F2,20260814.0,40950.0,Put,-,-,-,-,535,-,-,0,0,0,0,385,895,-,-
TXO,202608F2,20260814.0,41000.0,Call,-,-,-,-,3050,-,-,0,0,0,0,2.3,-,-,-
TXO,202608F2,20260814.0,41000.0,Put,560,560,560,560,545,▼-1370,▼-70.98%,0,1,1,1,395,-,560,560
TXO,202608F2,20260814.0,41050.0,Call,-,-,-,-,3010,-,-,0,0,0,0,2.3,-,-,-
TXO,202608F2,20260814.0,41050.0,Put,-,-,-,-,550,-,-,0,0,0,0,407,920,-,-
TXO,202608F2,20260814.0,41100.0,Call,-,-,-,-,2970,-,-,0,0,0,0,2.3,-,-,-
TXO,202608F2,20260814.0,41100.0,Put,-,-,-,-,560,-,-,0,0,0,0,419,930,-,-
TXO,202608F2,20260814.0,41200.0,Call,-,-,-,-,2890,-,-,0,0,0,0,2.3,-,-,-
TXO,202608F2,20260814.0,41200.0,Put,-,-,-,-,590,-,-,0,0,0,0,438,955,-,-
TXO,202608F2,20260814.0,41300.0,Call,-,-,-,-,2820,-,-,0,0,0,0,2.3,-,-,-
TXO,202608F2,20260814.0,41300.0,Put,-,-,-,-,615,-,-,0,0,0,0,468,980,-,-
TXO,202608F2,20260814.0,41400.0,Call,-,-,-,-,2750,-,-,0,0,0,0,2.3,-,-,-
TXO,202608F2,20260814.0,41400.0,Put,660,660,630,630,630,▼-1520,▼-70.70%,0,4,4,4,490,740,660,630
TXO,202608F2,20260814.0,41500.0,Call,-,-,-,-,2680,-,-,0,0,0,0,2.3,-,-,-
TXO,202608F2,20260814.0,41500.0,Put,-,-,-,-,675,-,-,0,0,0,0,525,1030,-,-
TXO,202608F2,20260814.0,41600.0,Call,-,-,-,-,2610,-,-,0,0,0,0,2.3,-,-,-
TXO,202608F2,20260814.0,41600.0,Put,-,-,-,-,705,-,-,0,0,0,0,545,1060,-,-
TXO,202608F2,20260814.0,41700.0,Call,-,-,-,-,2530,-,-,0,0,0,0,2.3,-,-,-
TXO,202608F2,20260814.0,41700.0,Put,-,-,-,-,725,-,-,0,0,0,0,580,1090,-,-
TXO,202608F2,20260814.0,41800.0,Call,-,-,-,-,2460,-,-,0,0,0,0,2170,2770,-,-
TXO,202608F2,20260814.0,41800.0,Put,-,-,-,-,755,-,-,0,0,0,0,605,1120,-,-
TXO,202608F2,20260814.0,41900.0,Call,-,-,-,-,2390,-,-,0,0,0,0,2230,2700,-,-
TXO,202608F2,20260814.0,41900.0,Put,-,-,-,-,790,-,-,0,0,0,0,630,1150,-,-
TXO,202608F2,20260814.0,42000.0,Call,-,-,-,-,2330,-,-,0,0,0,0,2160,2630,-,-
TXO,202608F2,20260814.0,42000.0,Put,790,790,790,790,825,▼-1740,▼-68.77%,0,1,1,1,-,905,790,790
TXO,202608F2,20260814.0,42100.0,Call,-,-,-,-,2260,-,-,0,0,0,0,2090,2560,-,-
TXO,202608F2,20260814.0,42100.0,Put,-,-,-,-,860,-,-,0,0,0,0,-,1210,-,-
TXO,202608F2,20260814.0,42200.0,Call,-,-,-,-,2180,-,-,0,0,0,0,1990,2500,-,-
TXO,202608F2,20260814.0,42200.0,Put,-,-,-,-,875,-,-,0,0,0,0,-,1240,-,-
TXO,202608F2,20260814.0,42300.0,Call,-,-,-,-,2120,-,-,0,0,0,0,1940,2430,-,-
TXO,202608F2,20260814.0,42300.0,Put,-,-,-,-,910,-,-,0,0,0,0,-,1280,-,-
TXO,202608F2,20260814.0,42400.0,Call,-,-,-,-,2050,-,-,0,0,0,0,1880,2370,-,-
TXO,202608F2,20260814.0,42400.0,Put,-,-,-,-,950,-,-,0,0,0,0,-,1310,-,-
TXO,202608F2,20260814.0,42500.0,Call,-,-,-,-,1990,-,-,0,0,0,0,1800,2310,-,-
TXO,202608F2,20260814.0,42500.0,Put,-,-,-,-,990,-,-,0,0,0,0,-,1350,-,-
TXO,202608F2,20260814.0,42600.0,Call,-,-,-,-,1920,-,-,0,0,0,0,1760,2250,-,-
TXO,202608F2,20260814.0,42600.0,Put,-,-,-,-,1020,-,-,0,0,0,0,-,1380,-,-
TXO,202608F2,20260814.0,42700.0,Call,-,-,-,-,1860,-,-,0,0,0,0,1690,2190,-,-
TXO,202608F2,20260814.0,42700.0,Put,-,-,-,-,1060,-,-,0,0,0,0,-,1420,-,-
TXO,202608F2,20260814.0,42800.0,Call,-,-,-,-,1800,-,-,0,0,0,0,1610,2130,-,-
TXO,202608F2,20260814.0,42800.0,Put,-,-,-,-,1100,-,-,0,0,0,0,-,1460,-,-
TXO,202608F2,20260814.0,42900.0,Call,-,-,-,-,1750,-,-,0,0,0,0,1560,2070,-,-
TXO,202608F2,20260814.0,42900.0,Put,-,-,-,-,1140,-,-,0,0,0,0,-,1500,-,-
TXO,202608F2,20260814.0,43000.0,Call,-,-,-,-,1690,-,-,0,0,0,0,1480,2010,-,-
TXO,202608F2,20260814.0,43000.0,Put,-,-,-,-,1180,-,-,0,0,0,0,-,1540,-,-
TXO,202608F2,20260814.0,43100.0,Call,-,-,-,-,1630,-,-,0,0,0,0,1280,2000,-,-
TXO,202608F2,20260814.0,43100.0,Put,-,-,-,-,1230,-,-,0,0,0,0,-,-,-,-
TXO,202608F2,20260814.0,43200.0,Call,-,-,-,-,1580,-,-,0,0,0,0,1220,1940,-,-
TXO,202608F2,20260814.0,43200.0,Put,-,-,-,-,1280,-,-,0,0,0,0,-,1630,-,-
TXO,202608F2,20260814.0,43300.0,Call,-,-,-,-,1530,-,-,0,0,0,0,9,-,-,-
TXO,202608F2,20260814.0,43300.0,Put,-,-,-,-,1320,-,-,0,0,0,0,-,1670,-,-
TXO,202608F2,20260814.0,43400.0,Call,-,-,-,-,1470,-,-,0,0,0,0,1110,1830,-,-
TXO,202608F2,20260814.0,43400.0,Put,1380,1380,1320,1320,1370,▼-2220,▼-62.71%,0,2,2,2,1260,1720,1380,1320
TXO,202608F2,20260814.0,43500.0,Call,-,-,-,-,1420,-,-,0,0,0,0,1060,1780,-,-
TXO,202608F2,20260814.0,43500.0,Put,-,-,-,-,1420,-,-,0,0,0,0,-,-,-,-
TXO,202608F2,20260814.0,43600.0,Call,1010,1320,1010,1320,1380,▲+972,▲+279.31%,0,2,2,2,2.9,1490,1320,1010
TXO,202608F2,20260814.0,43600.0,Put,1350,1350,1350,1350,1470,▼-2350,▼-63.51%,0,1,1,1,-,1560,1350,1350
TXO,202608F2,20260814.0,43700.0,Call,-,-,-,-,1330,-,-,0,0,0,0,955,-,-,-
TXO,202608F2,20260814.0,43700.0,Put,-,-,-,-,1520,-,-,0,0,0,0,1140,1860,-,-
TXO,202608F2,20260814.0,43800.0,Call,1010,1120,1010,1120,1280,▲+810,▲+261.29%,0,3,3,1,1210,-,1120,1010
TXO,202608F2,20260814.0,43800.0,Put,-,-,-,-,1570,-,-,0,0,0,0,1190,1910,-,-
TXO,202608F2,20260814.0,43900.0,Call,-,-,-,-,1230,-,-,0,0,0,0,855,-,-,-
TXO,202608F2,20260814.0,43900.0,Put,-,-,-,-,1620,-,-,0,0,0,0,1240,1960,-,-
TXO,202608F2,20260814.0,44000.0,Call,-,-,-,-,1180,-,-,0,0,0,0,50,1530,-,-
TXO,202608F2,20260814.0,44000.0,Put,-,-,-,-,1680,-,-,0,0,0,0,-,-,-,-
TXO,202608,20260819.0,33900.0,Call,-,-,-,-,9820,-,-,0,0,0,0,-,-,-,-
TXO,202608,20260819.0,33900.0,Put,70,78,28,32,32,▼-172,▼-84.31%,0,903,903,859,31.5,36,78,28
TXO,202608,20260819.0,34000.0,Call,-,-,-,-,9720,-,-,0,0,0,0,-,-,-,-
TXO,202608,20260819.0,34000.0,Put,86,91,30.5,41,40,▼-174,▼-80.93%,510,873,1383,4871,35.5,41.5,660,21
TXO,202608,20260819.0,34100.0,Call,-,-,-,-,9620,-,-,0,0,0,0,-,-,-,-
TXO,202608,20260819.0,34100.0,Put,92,92,35,35,40.5,▼-195,▼-84.78%,26,124,150,224,30,58,520,13
TXO,202608,20260819.0,34200.0,Call,-,-,-,-,9520,-,-,0,0,0,0,-,-,-,-
TXO,202608,20260819.0,34200.0,Put,96,96,38.5,38.5,41.5,▼-195.5,▼-83.55%,15,37,52,132,15.5,38.5,520,32
TXO,202608,20260819.0,34300.0,Call,-,-,-,-,9420,-,-,0,0,0,0,-,-,-,-
TXO,202608,20260819.0,34300.0,Put,46.5,46.5,42,42,42,▼-209,▼-83.27%,1,8,9,47,21.5,217,481,0.9
TXO,202608,20260819.0,34400.0,Call,-,-,-,-,9330,-,-,0,0,0,0,-,-,-,-
TXO,202608,20260819.0,34400.0,Put,70,70,50,50,43,▼-207,▼-80.54%,6,9,15,40,33,141,515,35
TXO,202608,20260819.0,34500.0,Call,-,-,-,-,9230,-,-,0,0,0,0,-,-,-,-
TXO,202608,20260819.0,34500.0,Put,91,93,39,44,44,▼-223,▼-83.52%,3,44,47,90,38.5,69,730,37
TXO,202608,20260819.0,34600.0,Call,-,-,-,-,9130,-,-,0,0,0,0,-,-,-,-
TXO,202608,20260819.0,34600.0,Put,105,105,75,75,49.5,▼-201,▼-72.83%,5,35,40,55,20.5,211,535,35
TXO,202608,20260819.0,34700.0,Call,-,-,-,-,9040,-,-,0,0,0,0,-,-,-,-
TXO,202608,20260819.0,34700.0,Put,92,102,56,56,56,▼-230,▼-80.42%,1,37,38,43,25.5,162,595,40
TXO,202608,20260819.0,34800.0,Call,-,-,-,-,8940,-,-,0,0,0,0,-,-,-,-
TXO,202608,20260819.0,34800.0,Put,104,108,77,77,56,▼-220,▼-74.07%,2,40,42,21,43,140,330,40
TXO,202608,20260819.0,34900.0,Call,-,-,-,-,8840,-,-,0,0,0,0,-,-,-,-
TXO,202608,20260819.0,34900.0,Put,135,135,80,80,56,▼-221,▼-73.42%,2,37,39,20,36,404,305,50
TXO,202608,20260819.0,35000.0,Call,-,-,-,-,8740,-,-,0,0,0,0,-,-,-,-
TXO,202608,20260819.0,35000.0,Put,118,126,45,55,57,▼-257,▼-82.37%,174,488,662,675,51,57,800,33
TXO,202608,20260819.0,35100.0,Call,-,-,-,-,8640,-,-,0,0,0,0,-,-,-,-
TXO,202608,20260819.0,35100.0,Put,125,125,125,125,59,▼-200,▼-61.54%,12,1,13,53,55,155,374,75
TXO,202608,20260819.0,35200.0,Call,-,-,-,-,8540,-,-,0,0,0,0,-,-,-,-
TXO,202608,20260819.0,35200.0,Put,70,70,53,53,62,▼-282,▼-84.18%,7,4,11,55,50,236,407,53
TXO,202608,20260819.0,35300.0,Call,-,-,-,-,8450,-,-,0,0,0,0,-,-,-,-
TXO,202608,20260819.0,35300.0,Put,123,123,76,76,64,▼-277,▼-78.47%,1,3,4,82,59,415,433,54
TXO,202608,20260819.0,35400.0,Call,-,-,-,-,8350,-,-,0,0,0,0,-,-,-,-
TXO,202608,20260819.0,35400.0,Put,64,64,64,64,64,▼-316,▼-83.16%,3,2,5,38,8.5,163,555,50
TXO,202608,20260819.0,35500.0,Call,-,-,-,-,8250,-,-,0,0,0,1,8170,-,4600,4600
TXO,202608,20260819.0,35500.0,Put,168,168,69,71,71,▼-310,▼-81.36%,40,25,65,609,65,300,720,40
TXO,202608,20260819.0,35600.0,Call,-,-,-,-,8160,-,-,0,0,0,0,-,-,-,-
TXO,202608,20260819.0,35600.0,Put,103,103,100,100,73,▼-295,▼-74.68%,7,2,9,115,53,424,900,40
TXO,202608,20260819.0,35700.0,Call,-,-,-,-,8060,-,-,0,0,0,2,7960,-,7930,7920
TXO,202608,20260819.0,35700.0,Put,107,108,70,70,76,▼-338,▼-82.84%,2,10,12,129,70,-,485,70
TXO,202608,20260819.0,35800.0,Call,-,-,-,-,7960,-,-,0,0,0,0,-,-,-,-
TXO,202608,20260819.0,35800.0,Put,-,-,-,-,79,-,-,1,0,1,75,2.5,431,520,52
TXO,202608,20260819.0,35900.0,Call,-,-,-,-,7870,-,-,0,0,0,0,-,-,-,-
TXO,202608,20260819.0,35900.0,Put,90,90,90,90,82,▼-348,▼-79.45%,1,1,2,32,3.1,177,750,75
TXO,202608,20260819.0,36000.0,Call,-,-,-,-,7770,-,-,0,0,0,1,-,-,4620,4600
TXO,202608,20260819.0,36000.0,Put,206,209,81,81,86,▼-370,▼-82.04%,109,287,396,487,80,100,995,56
TXO,202608,20260819.0,36100.0,Call,-,-,-,-,7670,-,-,0,0,0,0,-,-,-,-
TXO,202608,20260819.0,36100.0,Put,209,209,150,150,89,▼-320,▼-68.09%,5,2,7,18,5,260,510,63
TXO,202608,20260819.0,36200.0,Call,-,-,-,-,7580,-,-,0,0,0,0,7550,7610,-,-
TXO,202608,20260819.0,36200.0,Put,200,200,200,200,93,▼-283,▼-58.59%,13,4,17,53,20.5,268,820,15.5
TXO,202608,20260819.0,36300.0,Call,-,-,-,-,7480,-,-,0,0,0,0,-,-,-,-
TXO,202608,20260819.0,36300.0,Put,103,103,96,96,96,▼-409,▼-80.99%,5,2,7,42,45.5,192,545,70
TXO,202608,20260819.0,36400.0,Call,-,-,-,-,7390,-,-,0,0,0,0,-,-,-,-
TXO,202608,20260819.0,36400.0,Put,-,-,-,-,101,-,-,5,0,5,28,5.1,450,850,98
TXO,202608,20260819.0,36500.0,Call,-,-,-,-,7290,-,-,0,0,0,0,-,-,-,-
TXO,202608,20260819.0,36500.0,Put,211,211,99,102,102,▼-438,▼-81.11%,13,45,58,122,101,140,1030,75
TXO,202608,20260819.0,36600.0,Call,-,-,-,-,7190,-,-,0,0,0,0,7160,7220,-,-
TXO,202608,20260819.0,36600.0,Put,214,214,135,135,110,▼-440,▼-76.52%,3,8,11,42,65,202,1130,96
TXO,202608,20260819.0,36700.0,Call,-,-,-,-,7100,-,-,0,0,0,0,7070,7130,-,-
TXO,202608,20260819.0,36700.0,Put,251,251,116,117,115,▼-458,▼-79.65%,7,10,17,83,105,156,920,111
TXO,202608,20260819.0,36800.0,Call,-,-,-,-,7000,-,-,0,0,0,0,-,-,-,-
TXO,202608,20260819.0,36800.0,Put,185,206,115,115,115,▼-480,▼-80.67%,5,17,22,41,2.7,211,670,103
TXO,202608,20260819.0,36900.0,Call,-,-,-,-,6910,-,-,0,0,0,0,6880,6940,-,-
TXO,202608,20260819.0,36900.0,Put,234,234,131,131,124,▼-484,▼-78.70%,1,6,7,33,2.8,216,765,107
TXO,202608,20260819.0,37000.0,Call,-,-,-,-,6820,-,-,0,0,0,0,-,-,-,-
TXO,202608,20260819.0,37000.0,Put,286,286,127,130,130,▼-510,▼-79.69%,97,194,291,2917,70,155,1180,90
TXO,202608,20260819.0,37100.0,Call,-,-,-,-,6720,-,-,0,0,0,0,-,-,-,-
TXO,202608,20260819.0,37100.0,Put,253,253,160,160,137,▼-500,▼-75.76%,3,3,6,333,125,185,800,100
TXO,202608,20260819.0,37200.0,Call,-,-,-,-,6620,-,-,0,0,0,0,6600,6660,-,-
TXO,202608,20260819.0,37200.0,Put,181,540,181,540,139,▼-140,▼-20.59%,2,2,4,3000,110,191,785,100
TXO,202608,20260819.0,37300.0,Call,-,-,-,-,6530,-,-,0,0,0,0,-,-,-,-
TXO,202608,20260819.0,37300.0,Put,-,-,-,-,146,-,-,1,0,1,150,72,199,880,103
TXO,202608,20260819.0,37400.0,Call,-,-,-,-,6440,-,-,0,0,0,0,-,-,-,-
TXO,202608,20260819.0,37400.0,Put,315,315,157,170,153,▼-560,▼-76.71%,0,5,5,54,80,210,790,129
TXO,202608,20260819.0,37500.0,Call,-,-,-,-,6340,-,-,0,0,0,1,6250,6550,3800,3800
TXO,202608,20260819.0,37500.0,Put,300,304,148,152,158,▼-603,▼-79.87%,18,22,40,765,136,175,1270,122
TXO,202608,20260819.0,37600.0,Call,-,-,-,-,6250,-,-,0,0,0,0,-,-,-,-
TXO,202608,20260819.0,37600.0,Put,325,325,204,204,166,▼-571,▼-73.68%,5,2,7,107,63,320,980,122
TXO,202608,20260819.0,37700.0,Call,-,-,-,-,6160,-,-,0,0,0,2,-,6260,4470,4470
TXO,202608,20260819.0,37700.0,Put,274,274,177,177,177,▼-628,▼-78.01%,0,4,4,55,2.8,235,1200,85
TXO,202608,20260819.0,37800.0,Call,-,-,-,-,6070,-,-,0,0,0,0,-,6280,8700,6410
TXO,202608,20260819.0,37800.0,Put,309,309,197,197,182,▼-613,▼-75.68%,5,8,13,50,115,350,990,145
TXO,202608,20260819.0,37900.0,Call,-,-,-,-,5980,-,-,0,0,0,1,5950,6000,4210,3080
TXO,202608,20260819.0,37900.0,Put,355,355,200,207,191,▼-648,▼-75.79%,2,4,6,54,83,550,1000,155
TXO,202608,20260819.0,38000.0,Call,-,-,-,-,5890,-,-,0,0,0,0,-,-,8250,4450
TXO,202608,20260819.0,38000.0,Put,281,399,186,199,199,▼-671,▼-77.13%,188,319,507,638,188,213,1440,148
TXO,202608,20260819.0,38100.0,Call,-,-,-,-,5790,-,-,1,0,1,0,-,-,5780,3090
TXO,202608,20260819.0,38100.0,Put,398,474,210,210,210,▼-690,▼-76.67%,2,21,23,98,190,399,1110,167
TXO,202608,20260819.0,38200.0,Call,-,-,-,-,5700,-,-,0,0,0,1,5680,5740,2840,2840
TXO,202608,20260819.0,38200.0,Put,340,340,240,240,218,▼-705,▼-74.60%,1,3,4,39,120,280,1120,162
TXO,202608,20260819.0,38300.0,Call,-,-,-,-,5610,-,-,0,0,0,0,5590,5640,5630,5250
TXO,202608,20260819.0,38300.0,Put,334,334,258,258,227,▼-722,▼-73.67%,0,4,4,63,54,300,1120,180
TXO,202608,20260819.0,38400.0,Call,-,-,-,-,5520,-,-,2,0,2,1,5500,5560,6750,2540
TXO,202608,20260819.0,38400.0,Put,360,360,220,220,237,▼-790,▼-78.22%,7,9,16,53,123,322,1190,184
TXO,202608,20260819.0,38500.0,Call,-,-,-,-,5430,-,-,0,0,0,5,5330,5450,7500,2400
TXO,202608,20260819.0,38500.0,Put,460,464,271,271,248,▼-769,▼-73.94%,113,25,138,231,225,500,1300,189
TXO,202608,20260819.0,38600.0,Call,-,-,-,-,5340,-,-,0,0,0,0,-,-,2770,2770
TXO,202608,20260819.0,38600.0,Put,445,445,260,260,260,▼-810,▼-75.70%,8,22,30,34,144,376,1430,194
TXO,202608,20260819.0,38700.0,Call,-,-,-,-,5260,-,-,1,0,1,1,5170,-,5780,2520
TXO,202608,20260819.0,38700.0,Put,468,468,290,290,270,▼-820,▼-73.87%,4,8,12,25,217,300,1310,198
TXO,202608,20260819.0,38800.0,Call,-,-,-,-,5170,-,-,1,0,1,1,5150,5200,6400,2350
TXO,202608,20260819.0,38800.0,Put,515,515,300,300,282,▼-840,▼-73.68%,4,14,18,47,165,405,1350,197
TXO,202608,20260819.0,38900.0,Call,-,-,-,-,5080,-,-,1,0,1,1,5000,-,5980,2890
TXO,202608,20260819.0,38900.0,Put,500,500,292,300,300,▼-880,▼-74.58%,4,17,21,30,230,375,1520,229
TXO,202608,20260819.0,39000.0,Call,3520,5000,3520,4930,4990,▲+2450,▲+98.79%,5,8,13,12,4960,5010,6150,1890
TXO,202608,20260819.0,39000.0,Put,555,555,282,282,305,▼-918,▼-76.50%,107,157,264,1180,278,315,1770,50
TXO,202608,20260819.0,39100.0,Call,3900,3900,3900,3900,4900,▲+1500,▲+62.50%,2,1,3,5,-,5070,5970,2020
TXO,202608,20260819.0,39100.0,Put,473,473,325,336,318,▼-914,▼-73.12%,12,5,17,46,235,331,1550,238
TXO,202608,20260819.0,39200.0,Call,4890,4890,4890,4890,4820,▲+2530,▲+107.20%,1,1,2,1,4800,4840,4890,2080
TXO,202608,20260819.0,39200.0,Put,575,575,338,388,331,▼-902,▼-69.92%,4,18,22,37,214,413,1620,263
TXO,202608,20260819.0,39300.0,Call,-,-,-,-,4730,-,-,0,0,0,3,4650,4930,5980,2160
TXO,202608,20260819.0,39300.0,Put,505,505,352,352,352,▼-978,▼-73.53%,3,6,9,46,228,427,1600,237
TXO,202608,20260819.0,39400.0,Call,-,-,-,-,4650,-,-,1,0,1,1,4630,4670,5880,2560
TXO,202608,20260819.0,39400.0,Put,480,480,480,480,361,▼-910,▼-65.47%,6,7,13,40,241,463,1690,250
TXO,202608,20260819.0,39500.0,Call,-,-,-,-,4560,-,-,1,0,1,8,4540,4580,2430,1820
TXO,202608,20260819.0,39500.0,Put,655,655,350,360,369,▼-1050,▼-74.47%,20,83,103,140,261,387,1750,257
TXO,202608,20260819.0,39600.0,Call,-,-,-,-,4480,-,-,0,0,0,0,4450,4500,5710,1880
TXO,202608,20260819.0,39600.0,Put,700,730,385,385,385,▼-1065,▼-73.45%,15,26,41,80,270,469,1710,304
TXO,202608,20260819.0,39700.0,Call,4180,4220,4120,4220,4390,▲+2160,▲+104.85%,0,4,4,4,4360,4490,5930,1730
TXO,202608,20260819.0,39700.0,Put,715,715,412,412,412,▼-1098,▼-72.72%,2,16,18,78,285,483,1780,276
TXO,202608,20260819.0,39800.0,Call,-,-,-,-,4310,-,-,0,0,0,3,4290,4330,5530,1700
TXO,202608,20260819.0,39800.0,Put,575,575,410,440,422,▼-1080,▼-71.05%,6,24,30,180,301,535,1800,277
TXO,202608,20260819.0,39900.0,Call,4450,4450,4450,4450,4230,▲+2510,▲+129.38%,4,2,6,7,4140,4350,5670,1490
TXO,202608,20260819.0,39900.0,Put,700,700,412,413,439,▼-1167,▼-73.86%,3,16,19,69,400,515,2110,314
TXO,202608,20260819.0,40000.0,Call,3110,4360,3110,4360,4140,▲+2470,▲+130.69%,44,52,96,85,4090,4230,5010,1480
TXO,202608,20260819.0,40000.0,Put,720,800,420,441,441,▼-1179,▼-72.78%,203,431,634,1633,420,455,2200,282
TXO,202608,20260819.0,40100.0,Call,3840,3840,3840,3840,4060,▲+2000,▲+108.70%,10,1,11,20,-,4140,6280,1500
TXO,202608,20260819.0,40100.0,Put,625,625,487,492,474,▼-1178,▼-70.54%,0,26,26,68,351,580,1990,302
TXO,202608,20260819.0,40200.0,Call,3280,3740,3280,3740,3980,▲+1960,▲+110.11%,7,4,11,17,3960,4000,6190,1500
TXO,202608,20260819.0,40200.0,Put,810,810,470,470,491,▼-1240,▼-72.51%,5,39,44,130,397,520,1940,310
TXO,202608,20260819.0,40300.0,Call,3180,3450,3180,3450,3900,▲+1720,▲+99.42%,8,2,10,18,3880,3920,6100,1460
TXO,202608,20260819.0,40300.0,Put,755,755,485,505,505,▼-1245,▼-71.14%,3,17,20,63,413,570,2000,327
TXO,202608,20260819.0,40400.0,Call,3000,3710,3000,3710,3820,▲+2020,▲+119.53%,23,3,26,50,-,3990,3710,1420
TXO,202608,20260819.0,40400.0,Put,670,690,515,515,515,▼-1285,▼-71.39%,5,8,13,85,433,625,2000,332
TXO,202608,20260819.0,40500.0,Call,3350,3550,3350,3550,3740,▲+1950,▲+121.88%,6,5,11,61,3600,3760,5930,1370
TXO,202608,20260819.0,40500.0,Put,720,720,510,535,535,▼-1315,▼-71.08%,12,44,56,123,530,670,2150,358
TXO,202608,20260819.0,40600.0,Call,3500,3500,3500,3500,3660,▲+1930,▲+122.93%,3,2,5,120,-,3820,5840,1220
TXO,202608,20260819.0,40600.0,Put,695,730,530,590,570,▼-1310,▼-68.95%,5,81,86,99,475,675,2390,366
TXO,202608,20260819.0,40700.0,Call,-,-,-,-,3580,-,-,4,0,4,60,-,3750,5900,1310
TXO,202608,20260819.0,40700.0,Put,950,950,575,575,575,▼-1375,▼-70.51%,5,6,11,72,497,650,2330,435
TXO,202608,20260819.0,40800.0,Call,2850,3510,2850,3510,3510,▲+2030,▲+137.16%,7,6,13,63,3490,3520,3510,1210
TXO,202608,20260819.0,40800.0,Put,1030,1030,575,635,635,▼-1375,▼-68.41%,14,22,36,121,520,710,2090,380
TXO,202608,20260819.0,40900.0,Call,3020,3190,3020,3190,3430,▲+1760,▲+123.08%,5,2,7,24,3410,3450,5370,1260
TXO,202608,20260819.0,40900.0,Put,800,825,660,660,660,▼-1380,▼-67.65%,10,11,21,70,545,730,2270,395
TXO,202608,20260819.0,41000.0,Call,2650,3530,2650,3480,3350,▲+2100,▲+152.17%,60,22,82,154,3320,3510,5550,985
TXO,202608,20260819.0,41000.0,Put,1100,1100,615,625,660,▼-1485,▼-70.38%,40,183,223,474,660,700,2520,391
TXO,202608,20260819.0,41100.0,Call,2610,3390,2610,3390,3280,▲+2050,▲+152.99%,11,21,32,16,3260,3410,5550,1120
TXO,202608,20260819.0,41100.0,Put,880,920,700,700,700,▼-1460,▼-67.59%,7,31,38,78,595,780,2730,404
TXO,202608,20260819.0,41200.0,Call,2660,2660,2650,2650,3200,▲+1360,▲+105.43%,19,3,22,23,3190,3220,4020,1080
TXO,202608,20260819.0,41200.0,Put,875,875,700,750,715,▼-1470,▼-66.22%,10,8,18,41,620,-,2330,430
TXO,202608,20260819.0,41300.0,Call,3040,3040,2950,2950,3130,▲+1710,▲+137.90%,21,2,23,240,3120,3150,5190,1000
TXO,202608,20260819.0,41300.0,Put,1130,1130,720,755,755,▼-1525,▼-66.89%,5,13,18,101,645,835,2580,476
TXO,202608,20260819.0,41400.0,Call,2950,2950,2830,2890,3060,▲+1680,▲+138.84%,4,4,8,30,3010,3140,2950,970
TXO,202608,20260819.0,41400.0,Put,1130,1130,730,780,780,▼-1560,▼-66.67%,7,12,19,38,675,-,2870,499
TXO,202608,20260819.0,41500.0,Call,2110,3130,2110,3130,2980,▲+1950,▲+165.25%,85,22,107,298,2890,3150,5040,815
TXO,202608,20260819.0,41500.0,Put,1170,1170,745,805,805,▼-1595,▼-66.46%,30,58,88,1507,735,-,2940,472
TXO,202608,20260819.0,41600.0,Call,2760,2950,2710,2950,2910,▲+1830,▲+163.39%,6,14,20,47,2890,2930,3140,810
TXO,202608,20260819.0,41600.0,Put,1010,1010,810,810,810,▼-1640,▼-66.94%,4,11,15,173,705,1200,3000,471
TXO,202608,20260819.0,41700.0,Call,-,-,-,-,2840,-,-,1,0,1,21,2790,2870,4380,900
TXO,202608,20260819.0,41700.0,Put,1010,1040,785,785,855,▼-1725,▼-68.73%,6,9,15,41,30,915,2450,500
TXO,202608,20260819.0,41800.0,Call,2360,2920,2360,2920,2780,▲+1880,▲+180.77%,3,12,15,254,2750,2800,4790,900
TXO,202608,20260819.0,41800.0,Put,1030,1040,860,860,885,▼-1710,▼-66.54%,0,18,18,239,795,990,2820,515
TXO,202608,20260819.0,41900.0,Call,2550,2850,2550,2820,2710,▲+1820,▲+182.00%,0,7,7,20,2680,2720,4320,700
TXO,202608,20260819.0,41900.0,Put,1130,1130,855,910,910,▼-1720,▼-65.40%,1,19,20,116,570,1010,2760,560
TXO,202608,20260819.0,42000.0,Call,1880,2790,1880,2780,2640,▲+1825,▲+191.10%,124,127,251,599,2640,2820,4850,700
TXO,202608,20260819.0,42000.0,Put,1460,1460,850,910,950,▼-1780,▼-66.17%,26,329,355,452,845,1020,3190,545
TXO,202608,20260819.0,42100.0,Call,1880,2470,1880,2400,2570,▲+1470,▲+158.06%,3,6,9,23,2520,2590,4720,745
TXO,202608,20260819.0,42100.0,Put,1110,1140,905,975,975,▼-1785,▼-64.67%,0,8,8,59,3.8,1070,3260,575
TXO,202608,20260819.0,42200.0,Call,2320,2350,2320,2330,2500,▲+1440,▲+161.80%,5,3,8,17,2470,2530,3610,750
TXO,202608,20260819.0,42200.0,Put,1190,1190,910,1000,1000,▼-1820,▼-64.54%,0,13,13,115,665,1080,2980,580
TXO,202608,20260819.0,42300.0,Call,1850,2270,1850,2270,2440,▲+1410,▲+163.95%,12,5,17,21,2380,2470,4770,735
TXO,202608,20260819.0,42300.0,Put,1480,1480,970,970,1050,▼-1920,▼-66.44%,1,40,41,66,700,1110,2580,600
TXO,202608,20260819.0,42400.0,Call,1750,2490,1750,2460,2370,▲+1635,▲+198.18%,7,19,26,24,2330,2460,3760,720
TXO,202608,20260819.0,42400.0,Put,1200,1280,980,1110,1080,▼-1840,▼-62.37%,1,29,30,34,735,1180,3170,610
TXO,202608,20260819.0,42500.0,Call,1730,2460,1730,2350,2310,▲+1550,▲+193.75%,35,139,174,267,2290,2410,5200,650
TXO,202608,20260819.0,42500.0,Put,1290,1290,1010,1120,1120,▼-1900,▼-62.91%,5,33,38,151,1000,-,3550,630
TXO,202608,20260819.0,42600.0,Call,1680,2350,1680,2270,2240,▲+1510,▲+198.68%,9,5,14,45,2230,2340,4560,645
TXO,202608,20260819.0,42600.0,Put,1530,1530,1120,1180,1150,▼-1910,▼-61.81%,0,22,22,64,-,1250,3350,650
TXO,202608,20260819.0,42700.0,Call,1680,2050,1680,2000,2180,▲+1275,▲+175.86%,12,15,27,120,2130,2210,4530,650
TXO,202608,20260819.0,42700.0,Put,1420,1420,1180,1180,1180,▼-1980,▼-62.66%,2,9,11,55,-,1280,3690,675
TXO,202608,20260819.0,42800.0,Call,1760,2230,1760,2220,2120,▲+1520,▲+217.14%,5,14,19,182,2070,2150,6700,620
TXO,202608,20260819.0,42800.0,Put,1190,1250,1110,1180,1230,▼-2050,▼-63.47%,1,17,18,52,-,1310,3220,690
TXO,202608,20260819.0,42900.0,Call,1520,2140,1520,2140,2050,▲+1465,▲+217.04%,24,18,42,70,2050,2090,3890,595
TXO,202608,20260819.0,42900.0,Put,1660,1660,1260,1300,1260,▼-2000,▼-60.61%,2,9,11,66,1130,-,3400,725
TXO,202608,20260819.0,43000.0,Call,1360,2120,1360,2050,2000,▲+1390,▲+210.61%,145,189,334,226,1990,2130,3860,467
TXO,202608,20260819.0,43000.0,Put,1950,1950,1170,1270,1310,▼-2100,▼-62.31%,17,124,141,655,1220,1360,3760,740
TXO,202608,20260819.0,43100.0,Call,1530,2060,1530,1980,1940,▲+1365,▲+221.95%,14,18,32,31,1920,1970,4300,565
TXO,202608,20260819.0,43100.0,Put,1530,1530,1220,1310,1350,▼-2130,▼-61.92%,0,16,16,87,1310,-,3700,770
TXO,202608,20260819.0,43200.0,Call,1250,2000,1250,1930,1880,▲+1345,▲+229.91%,8,22,30,49,1830,1920,3700,535
TXO,202608,20260819.0,43200.0,Put,1520,1530,1260,1260,1390,▼-2250,▼-64.10%,0,40,40,68,1050,1500,3900,805
TXO,202608,20260819.0,43300.0,Call,1250,1980,1250,1940,1820,▲+1380,▲+246.43%,9,15,24,33,1730,-,4050,505
TXO,202608,20260819.0,43300.0,Put,1700,1700,1340,1350,1420,▼-2240,▼-62.40%,0,8,8,170,1320,-,3590,820
TXO,202608,20260819.0,43400.0,Call,1280,1850,1280,1850,1770,▲+1305,▲+239.45%,2,28,30,41,1420,1950,5190,505
TXO,202608,20260819.0,43400.0,Put,1630,1630,1330,1330,1480,▼-2330,▼-63.66%,3,8,11,51,1.3,1580,3910,850
TXO,202608,20260819.0,43500.0,Call,1230,1810,1230,1770,1720,▲+1260,▲+247.06%,23,166,189,218,1650,1900,3900,450
TXO,202608,20260819.0,43500.0,Put,1870,1870,1350,1490,1530,▼-2250,▼-60.16%,3,87,90,126,1180,1550,4330,865
TXO,202608,20260819.0,43600.0,Call,1110,1610,1110,1610,1660,▲+1115,▲+225.25%,5,35,40,34,1600,2000,3120,426
TXO,202608,20260819.0,43600.0,Put,1810,1810,1500,1510,1570,▼-2300,▼-60.37%,1,16,17,97,1230,1660,4280,945
TXO,202608,20260819.0,43700.0,Call,1570,1680,1420,1620,1620,▲+1156,▲+249.14%,3,37,40,28,1520,-,2390,430
TXO,202608,20260819.0,43700.0,Put,1790,1790,1500,1500,1620,▼-2390,▼-61.44%,1,6,7,53,-,1710,3980,970
TXO,202608,20260819.0,43800.0,Call,1070,1650,1070,1610,1560,▲+1167,▲+263.43%,7,31,38,62,1500,-,2780,415
TXO,202608,20260819.0,43800.0,Put,2200,2200,1550,1590,1670,▼-2380,▼-59.95%,2,14,16,96,-,1760,4560,980
TXO,202608,20260819.0,43900.0,Call,1100,1560,1100,1540,1510,▲+1124,▲+270.19%,8,26,34,158,1490,1680,4210,372
TXO,202608,20260819.0,43900.0,Put,1700,1700,1520,1560,1720,▼-2490,▼-61.48%,1,3,4,117,1630,-,4620,995
TXO,202608,20260819.0,44000.0,Call,925,1550,925,1480,1480,▲+1079,▲+269.08%,119,345,464,465,1390,1500,5710,162
TXO,202608,20260819.0,44000.0,Put,2400,2400,1580,1770,1770,▼-2360,▼-57.14%,3,50,53,516,-,1850,4760,935
TXO,202608,20260819.0,44100.0,Call,660,1470,655,1440,1440,▲+1068,▲+287.10%,6,24,30,94,1400,1570,3140,310
TXO,202608,20260819.0,44100.0,Put,1770,1770,1770,1770,1820,▼-2440,▼-57.96%,1,1,2,55,-,1930,4260,1030
TXO,202608,20260819.0,44200.0,Call,900,1390,900,1390,1390,▲+1037,▲+293.77%,7,27,34,49,1290,-,5430,328
TXO,202608,20260819.0,44200.0,Put,2000,2000,2000,2000,1880,▼-2290,▼-53.38%,0,4,4,60,-,1960,4160,1090
TXO,202608,20260819.0,44300.0,Call,935,1380,935,1350,1320,▲+1006,▲+292.44%,7,28,35,36,1230,1400,3130,310
TXO,202608,20260819.0,44300.0,Put,-,-,-,-,1930,-,-,0,0,0,53,-,2010,3610,1130
TXO,202608,20260819.0,44400.0,Call,640,1350,640,1350,1270,▲+1023,▲+312.84%,4,18,22,68,1210,-,5440,289
TXO,202608,20260819.0,44400.0,Put,-,-,-,-,1980,-,-,0,0,0,51,1970,2010,3350,1150
TXO,202608,20260819.0,44500.0,Call,770,1260,770,1250,1250,▲+930,▲+290.63%,26,81,107,209,950,1370,5760,280
TXO,202608,20260819.0,44500.0,Put,2360,2360,1830,2020,2020,▼-2510,▼-55.41%,0,11,11,254,2030,2060,5000,1140
TXO,202608,20260819.0,44600.0,Call,765,1220,755,1220,1180,▲+915,▲+300.00%,7,29,36,115,1100,-,3170,245
TXO,202608,20260819.0,44600.0,Put,2190,2190,2190,2190,2090,▼-2430,▼-52.60%,0,1,1,57,2090,2120,3710,1210
TXO,202608,20260819.0,44700.0,Call,720,1070,720,1070,1140,▲+801,▲+297.77%,13,35,48,89,1060,-,4110,240
TXO,202608,20260819.0,44700.0,Put,-,-,-,-,2150,-,-,1,0,1,122,2140,2180,5000,1200
TXO,202608,20260819.0,44800.0,Call,735,1130,735,1130,1090,▲+868,▲+331.30%,3,26,29,442,740,1200,2690,222
TXO,202608,20260819.0,44800.0,Put,-,-,-,-,2200,-,-,1,0,1,397,2160,2240,4360,1280
TXO,202608,20260819.0,44900.0,Call,700,1100,700,1100,1050,▲+851,▲+341.77%,11,23,34,42,700,1190,4180,230
TXO,202608,20260819.0,44900.0,Put,-,-,-,-,2260,-,-,0,0,0,16,2260,2290,4990,1340
TXO,202608,20260819.0,45000.0,Call,550,1070,550,1030,1030,▲+785,▲+320.41%,256,490,746,699,1020,1080,5490,182
TXO,202608,20260819.0,45000.0,Put,2650,2650,2080,2260,2320,▼-2700,▼-54.44%,3,35,38,386,2210,2350,5700,1280
TXO,202608,20260819.0,45100.0,Call,820,860,755,805,980,▲+583,▲+262.61%,2,34,36,80,620,1120,5260,222
TXO,202608,20260819.0,45100.0,Put,2230,2230,2230,2230,2390,▼-2820,▼-55.84%,2,1,3,26,2380,2410,5100,1390
TXO,202608,20260819.0,45200.0,Call,500,950,500,950,950,▲+740,▲+352.38%,6,51,57,142,845,1000,3510,188
TXO,202608,20260819.0,45200.0,Put,-,-,-,-,2440,-,-,1,0,1,9,2440,2470,5160,1400
TXO,202608,20260819.0,45300.0,Call,500,920,500,920,920,▲+731,▲+386.77%,8,41,49,94,545,1030,3490,189
TXO,202608,20260819.0,45300.0,Put,2500,2500,2500,2500,2500,▼-2720,▼-52.11%,0,1,1,42,2500,2540,2910,1460
TXO,202608,20260819.0,45400.0,Call,450,890,450,890,865,▲+704,▲+378.49%,3,14,17,78,775,1230,3900,202
TXO,202608,20260819.0,45400.0,Put,-,-,-,-,2570,-,-,4,0,4,30,2570,2600,5850,1500
TXO,202608,20260819.0,45500.0,Call,500,850,467,850,825,▲+675,▲+385.71%,44,142,186,496,800,880,3810,165
TXO,202608,20260819.0,45500.0,Put,2420,2600,2420,2600,2630,▼-2800,▼-51.85%,1,2,3,281,2630,2670,5950,1520
TXO,202608,20260819.0,45600.0,Call,460,785,460,785,785,▲+625,▲+390.63%,3,42,45,398,740,1000,3610,160
TXO,202608,20260819.0,45600.0,Put,-,-,-,-,2700,-,-,0,0,0,289,2630,2730,5520,1430
TXO,202608,20260819.0,45700.0,Call,410,800,410,800,760,▲+652,▲+440.54%,6,12,18,187,700,890,5150,148
TXO,202608,20260819.0,45700.0,Put,-,-,-,-,2770,-,-,0,0,0,29,2760,2800,5600,1470
TXO,202608,20260819.0,45800.0,Call,450,760,450,730,730,▲+583,▲+396.60%,13,43,56,296,675,-,4460,125
TXO,202608,20260819.0,45800.0,Put,-,-,-,-,2830,-,-,0,0,0,41,2760,2870,6300,1540
TXO,202608,20260819.0,45900.0,Call,355,645,355,645,700,▲+500,▲+344.83%,8,22,30,105,635,855,3280,126
TXO,202608,20260819.0,45900.0,Put,2730,2730,2730,2730,2910,▼-3030,▼-52.60%,0,1,1,12,2890,2980,5780,1870
TXO,202608,20260819.0,46000.0,Call,330,700,330,680,680,▲+545,▲+403.70%,483,542,1025,936,670,720,4340,111
TXO,202608,20260819.0,46000.0,Put,3800,3800,2760,2850,2970,▼-3000,▼-51.28%,0,15,15,105,2850,3000,6070,1610
TXO,202608,20260819.0,46100.0,Call,370,497,370,450,635,▲+330,▲+275.00%,10,12,22,78,580,745,3330,120
TXO,202608,20260819.0,46100.0,Put,-,-,-,-,3040,-,-,0,0,0,18,3040,3080,3450,1800
TXO,202608,20260819.0,46200.0,Call,271,645,270,645,605,▲+531,▲+465.79%,12,111,123,170,560,710,3100,115
TXO,202608,20260819.0,46200.0,Put,-,-,-,-,3110,-,-,0,0,0,19,3100,3220,3230,1840
TXO,202608,20260819.0,46300.0,Call,283,600,283,600,600,▲+486,▲+426.32%,5,14,19,55,520,695,3250,107
TXO,202608,20260819.0,46300.0,Put,-,-,-,-,3190,-,-,0,0,0,31,3190,3220,6180,1780
TXO,202608,20260819.0,46400.0,Call,275,530,275,530,555,▲+429,▲+424.75%,8,15,23,97,491,665,3160,99
TXO,202608,20260819.0,46400.0,Put,-,-,-,-,3260,-,-,0,0,0,1,3130,-,2750,1940
TXO,202608,20260819.0,46500.0,Call,256,570,256,550,550,▲+453,▲+467.01%,29,80,109,198,434,570,3080,93
TXO,202608,20260819.0,46500.0,Put,-,-,-,-,3340,-,-,0,0,0,241,3330,3370,5120,1840
TXO,202608,20260819.0,46600.0,Call,255,445,255,445,510,▲+358,▲+411.49%,17,30,47,241,440,705,3070,84
TXO,202608,20260819.0,46600.0,Put,-,-,-,-,3420,-,-,0,0,0,1,3410,3450,3500,2020
TXO,202608,20260819.0,46700.0,Call,317,495,309,495,495,▲+411,▲+489.29%,15,8,23,47,409,590,2920,80
TXO,202608,20260819.0,46700.0,Put,3830,3830,3560,3590,3490,▼-2920,▼-44.85%,0,20,20,296,3490,3520,6560,1820
TXO,202608,20260819.0,46800.0,Call,238,450,238,450,450,▲+370,▲+462.50%,16,19,35,96,385,580,4350,58
TXO,202608,20260819.0,46800.0,Put,-,-,-,-,3570,-,-,0,0,0,4,3560,3600,6640,1880
TXO,202608,20260819.0,46900.0,Call,255,260,255,260,441,▲+185,▲+246.67%,16,9,25,29,362,545,2600,85
TXO,202608,20260819.0,46900.0,Put,-,-,-,-,3650,-,-,0,0,0,1,3500,3750,3270,1940
TXO,202608,20260819.0,47000.0,Call,183,431,178,431,431,▲+360,▲+507.04%,215,613,828,1234,390,450,4340,65
TXO,202608,20260819.0,47000.0,Put,3860,3860,3550,3640,3720,▼-3150,▼-46.39%,1,3,4,18,3630,-,7100,2030
TXO,202608,20260819.0,47100.0,Call,300,322,234,322,397,▲+256,▲+387.88%,2,4,6,34,318,-,2300,75
TXO,202608,20260819.0,47100.0,Put,-,-,-,-,3800,-,-,0,0,0,2,3800,3840,6650,1920
TXO,202608,20260819.0,47200.0,Call,144,320,144,320,377,▲+255,▲+392.31%,99,13,112,423,296,493,2300,65
TXO,202608,20260819.0,47200.0,Put,4310,4310,3970,3980,3880,▼-3000,▼-42.98%,0,5,5,15,3880,3920,4700,2200
TXO,202608,20260819.0,47300.0,Call,200,345,200,336,358,▲+276,▲+460.00%,10,32,42,517,276,473,2530,60
TXO,202608,20260819.0,47300.0,Put,-,-,-,-,3960,-,-,0,0,0,1,3960,4000,7440,2730
TXO,202608,20260819.0,47400.0,Call,139,338,139,338,338,▲+283,▲+514.55%,2,47,49,368,259,400,3300,53
TXO,202608,20260819.0,47400.0,Put,-,-,-,-,4040,-,-,0,0,0,2,4040,4080,7200,2220
TXO,202608,20260819.0,47500.0,Call,167,340,160,340,321,▲+286,▲+529.63%,38,118,156,183,276,400,3100,47
TXO,202608,20260819.0,47500.0,Put,-,-,-,-,4130,-,-,0,0,0,17,4030,4240,4200,2360
TXO,202608,20260819.0,47600.0,Call,180,180,180,180,305,▲+131.5,▲+271.13%,2,7,9,32,233,-,2000,56
TXO,202608,20260819.0,47600.0,Put,-,-,-,-,4210,-,-,0,0,0,17,4210,4250,5010,2940
TXO,202608,20260819.0,47700.0,Call,165,293,110,290,290,▲+245,▲+544.44%,16,22,38,78,207,-,3790,45
TXO,202608,20260819.0,47700.0,Put,-,-,-,-,4290,-,-,0,0,0,2,4140,4410,3630,2550
TXO,202608,20260819.0,47800.0,Call,123,168,123,160,271,▲+119.5,▲+295.06%,37,21,58,66,186,299,3600,40
TXO,202608,20260819.0,47800.0,Put,-,-,-,-,4380,-,-,0,0,0,0,-,-,2900,2520
TXO,202608,20260819.0,47900.0,Call,72,186,72,186,251,▲+146,▲+365.00%,33,31,64,65,106,266,2390,40
TXO,202608,20260819.0,47900.0,Put,-,-,-,-,4460,-,-,0,0,0,1,-,4580,3410,2840
TXO,202608,20260819.0,48000.0,Call,90,261,85,261,241,▲+221.5,▲+560.76%,244,1030,1274,962,261,267,3140,32
TXO,202608,20260819.0,48000.0,Put,4620,4620,4340,4400,4550,▼-3360,▼-43.30%,0,4,4,33,4470,4620,7990,2240
TXO,202608,20260819.0,48100.0,Call,75,220,75,220,220,▲+183.5,▲+502.74%,0,12,12,73,121,-,2200,66
TXO,202608,20260819.0,48100.0,Put,-,-,-,-,4630,-,-,0,0,0,0,-,-,-,-
TXO,202608,20260819.0,48200.0,Call,87,137,87,137,215,▲+102.5,▲+297.10%,2,6,8,108,80,800,2210,5
TXO,202608,20260819.0,48200.0,Put,-,-,-,-,4720,-,-,0,0,0,0,4720,4760,3870,3870
TXO,202608,20260819.0,48300.0,Call,86,100,86,100,203,▲+68,▲+212.50%,5,4,9,59,104,385,2840,35
TXO,202608,20260819.0,48300.0,Put,-,-,-,-,4810,-,-,0,0,0,0,4800,4850,3950,3110
TXO,202608,20260819.0,48400.0,Call,113,185,79,178,178,▲+147.5,▲+483.61%,7,6,13,129,100,262,2210,33
TXO,202608,20260819.0,48400.0,Put,-,-,-,-,4890,-,-,0,0,0,1,4890,4940,3390,2460
TXO,202608,20260819.0,48500.0,Call,78,170,73,158,158,▲+129,▲+444.83%,7,62,69,287,155,200,2570,30
TXO,202608,20260819.0,48500.0,Put,-,-,-,-,4960,-,-,0,0,0,1,4860,5090,5510,3300
TXO,202608,20260819.0,48600.0,Call,73,78,73,78,151,▲+50.5,▲+183.64%,2,2,4,70,92,500,2780,32.5
TXO,202608,20260819.0,48600.0,Put,-,-,-,-,5060,-,-,0,0,0,1,-,5240,3460,2670
TXO,202608,20260819.0,48700.0,Call,70,120,70,120,145,▲+94,▲+361.54%,6,4,10,64,0.7,200,2050,23
TXO,202608,20260819.0,48700.0,Put,-,-,-,-,5160,-,-,0,0,0,1,5160,5210,6230,3160
TXO,202608,20260819.0,48800.0,Call,59,144,59,116,139,▲+91,▲+364.00%,0,23,23,48,73,368,1890,25
TXO,202608,20260819.0,48800.0,Put,-,-,-,-,5240,-,-,0,0,0,0,5120,5460,3400,3390
TXO,202608,20260819.0,48900.0,Call,70,82,70,82,133,▲+58,▲+241.67%,0,4,4,78,82,496,1870,20
TXO,202608,20260819.0,48900.0,Put,-,-,-,-,5340,-,-,0,0,0,0,5330,5380,-,-
TXO,202608,20260819.0,49000.0,Call,56,139,48,134,127,▲+111.5,▲+495.56%,62,553,615,1031,102,140,2960,20
TXO,202608,20260819.0,49000.0,Put,-,-,-,-,5430,-,-,0,0,0,2,5420,5470,4960,3390
TXO,202608,20260819.0,49100.0,Call,60,106,2.8,106,118,▲+84,▲+381.82%,0,18,18,384,52,-,2680,2.8
TXO,202608,20260819.0,49100.0,Put,-,-,-,-,5520,-,-,0,0,0,0,5510,5560,4580,4580
TXO,202608,20260819.0,49200.0,Call,50,105,47,105,105,▲+83.5,▲+388.37%,1,85,86,185,82,210,1000,19
TXO,202608,20260819.0,49200.0,Put,5520,5520,5520,5520,5610,▼-3420,▼-38.26%,0,1,1,1,5610,5660,5520,5520
TXO,202608,20260819.0,49300.0,Call,46,63,43.5,62,102,▲+41.5,▲+202.44%,0,269,269,387,63,273,1820,18
TXO,202608,20260819.0,49300.0,Put,-,-,-,-,5710,-,-,0,0,0,0,5690,5740,-,-
TXO,202608,20260819.0,49400.0,Call,40,53,38,52,93,▲+32.5,▲+166.67%,1,350,351,441,56,193,1520,22
TXO,202608,20260819.0,49400.0,Put,-,-,-,-,5800,-,-,0,0,0,1,5690,-,8880,3880
TXO,202608,20260819.0,49500.0,Call,38.5,180,32.5,180,86,▲+161,▲+847.37%,8,265,273,462,54,143,2780,20.5
TXO,202608,20260819.0,49500.0,Put,-,-,-,-,5890,-,-,0,0,0,1,5880,5940,5430,4200
TXO,202608,20260819.0,49600.0,Call,38,50,36,47,78,▲+28.5,▲+154.05%,5,68,73,144,46.5,178,1760,19
TXO,202608,20260819.0,49600.0,Put,-,-,-,-,5980,-,-,0,0,0,0,-,-,-,-
TXO,202608,20260819.0,49700.0,Call,-,-,-,-,71,-,-,2,0,2,82,27.5,192,1170,19
TXO,202608,20260819.0,49700.0,Put,-,-,-,-,6080,-,-,0,0,0,0,-,-,-,-
TXO,202608,20260819.0,49800.0,Call,-,-,-,-,65,-,-,0,0,0,209,5,115,2530,17
TXO,202608,20260819.0,49800.0,Put,-,-,-,-,6170,-,-,0,0,0,2,6060,-,4430,3870
TXO,202608,20260819.0,49900.0,Call,-,-,-,-,59,-,-,0,0,0,139,11,138,1550,11.5
TXO,202608,20260819.0,49900.0,Put,-,-,-,-,6260,-,-,0,0,0,0,6040,-,4410,4370
TXO,202608,20260819.0,50000.0,Call,29,55,25,55,55,▲+39.5,▲+254.84%,171,443,614,1586,55,60,2580,10.5
TXO,202608,20260819.0,50000.0,Put,-,-,-,-,6360,-,-,0,0,0,4,6250,-,8700,3670
TXO,202608,20260819.0,50100.0,Call,20,50,20,50,50,▲+35,▲+233.33%,4,15,19,58,38.5,70,1080,18
TXO,202608,20260819.0,50100.0,Put,-,-,-,-,6450,-,-,0,0,0,0,-,-,-,-
TXO,202608,20260819.0,50200.0,Call,27,30,23,30,41.5,▲+15.5,▲+106.90%,3,78,81,36,20.5,126,1300,18.5
TXO,202608,20260819.0,50200.0,Put,-,-,-,-,6540,-,-,0,0,0,0,-,-,4600,4410
TXO,202608,20260819.0,50300.0,Call,30,30,25,25,40,▲+10.5,▲+72.41%,1,3,4,53,0.5,115,1590,16.5
TXO,202608,20260819.0,50300.0,Put,-,-,-,-,6640,-,-,0,0,0,0,6620,6680,-,-
TXO,202608,20260819.0,50400.0,Call,20,20,20,20,38.5,▲+6,▲+42.86%,13,1,14,192,20.5,123,1370,14
TXO,202608,20260819.0,50400.0,Put,-,-,-,-,6740,-,-,0,0,0,0,6720,6780,4880,4770
TXO,202608,20260819.0,50500.0,Call,21,37,18,37,37,▲+23.5,▲+174.07%,2,28,30,249,0.7,45,2320,12.5
TXO,202608,20260819.0,50500.0,Put,-,-,-,-,6840,-,-,0,0,0,1,6820,6890,6400,5000
TXO,202608,20260819.0,50600.0,Call,20,119,20,119,32.5,▲+106,▲+815.38%,0,2,2,146,21.5,105,1090,14
TXO,202608,20260819.0,50600.0,Put,-,-,-,-,6940,-,-,0,0,0,0,6710,-,5010,4850
TXO,202608,20260819.0,50700.0,Call,-,-,-,-,28.5,-,-,1,0,1,14,0.5,125,1050,15
TXO,202608,20260819.0,50700.0,Put,-,-,-,-,7030,-,-,0,0,0,0,-,-,-,-
TXO,202608,20260819.0,50800.0,Call,-,-,-,-,25,-,-,0,0,0,78,3,217,1440,13.5
TXO,202608,20260819.0,50800.0,Put,-,-,-,-,7130,-,-,0,0,0,0,-,-,5330,5130
TXO,202608,20260819.0,50900.0,Call,-,-,-,-,22,-,-,1,0,1,37,11.5,389,1560,12
TXO,202608,20260819.0,50900.0,Put,-,-,-,-,7220,-,-,0,0,0,0,7200,7260,-,-
TXO,202608,20260819.0,51000.0,Call,24,24,13.5,19,19,▲+7,▲+58.33%,87,44,131,707,19.5,22,1840,9.9
TXO,202608,20260819.0,51000.0,Put,-,-,-,-,7320,-,-,0,0,0,1,7300,7370,7000,5030
TXO,202608,20260819.0,51100.0,Call,13,13,13,13,13,▲+1,▲+8.33%,1,1,2,18,13.5,384,1100,10
TXO,202608,20260819.0,51100.0,Put,-,-,-,-,7420,-,-,0,0,0,0,7400,7460,-,-
TXO,202608,20260819.0,51200.0,Call,13,13,13,13,13,▲+1.5,▲+13.04%,0,1,1,41,0.4,98,1000,13
TXO,202608,20260819.0,51200.0,Put,-,-,-,-,7520,-,-,0,0,0,0,7490,7550,-,-
TXO,202608,20260819.0,51300.0,Call,13,13,13,13,13,▲+2,▲+18.18%,0,1,1,41,0.4,35,1060,13
TXO,202608,20260819.0,51300.0,Put,-,-,-,-,7610,-,-,0,0,0,0,-,-,-,-
TXO,202608,20260819.0,51400.0,Call,13,13,13,13,12.5,▲+2.5,▲+23.81%,2,1,3,42,0.3,565,1150,11
TXO,202608,20260819.0,51400.0,Put,-,-,-,-,7710,-,-,0,0,0,0,7690,7750,-,-
TXO,202608,20260819.0,51500.0,Call,10,12.5,10,12.5,12.5,▲+2,▲+19.05%,4,2,6,68,1.7,200,1050,1.1
TXO,202608,20260819.0,51500.0,Put,-,-,-,-,7810,-,-,0,0,0,0,-,-,-,-
TXO,202608,20260819.0,51600.0,Call,13,13,13,13,12.5,▲+3,▲+30.00%,2,1,3,14,0.3,560,397,10.5
TXO,202608,20260819.0,51600.0,Put,-,-,-,-,7910,-,-,0,0,0,0,-,-,-,-
TXO,202608,20260819.0,51700.0,Call,15.5,15.5,12.5,12.5,12.5,▲+2.5,▲+25.00%,0,3,3,20,0.3,12.5,1010,12.5
TXO,202608,20260819.0,51700.0,Put,-,-,-,-,8010,-,-,0,0,0,0,-,-,-,-
TXO,202608,20260819.0,51800.0,Call,-,-,-,-,11.5,-,-,0,0,0,50,0.4,12,1080,2
TXO,202608,20260819.0,51800.0,Put,-,-,-,-,8110,-,-,0,0,0,0,8090,8150,-,-
TXO,202608,20260819.0,51900.0,Call,-,-,-,-,11,-,-,0,0,0,7,0.6,111,1100,15
TXO,202608,20260819.0,51900.0,Put,-,-,-,-,8210,-,-,0,0,0,0,8190,8250,-,-
TXO,202608,20260819.0,52000.0,Call,11.5,14,9.3,14,10,▲+4.3,▲+44.33%,5,60,65,1320,9.2,22,1440,3.6
TXO,202608,20260819.0,52000.0,Put,-,-,-,-,8310,-,-,0,0,0,0,8280,8350,-,-
TXO,202608,20260819.0,52100.0,Call,9.5,9.6,9.5,9.6,9.6,▼-0.1,▼-1.03%,0,2,2,28,6,88,240,0.4
TXO,202608,20260819.0,52100.0,Put,-,-,-,-,8410,-,-,0,0,0,0,8380,8440,-,-
TXO,202608,20260819.0,52200.0,Call,9.4,9.8,9.4,9.4,9.4,▲+0.1,▲+1.08%,0,3,3,14,9.3,38,910,9.3
TXO,202608,20260819.0,52200.0,Put,-,-,-,-,8510,-,-,0,0,0,0,8480,8550,-,-
TXO,202608,20260819.0,52300.0,Call,13.5,13.5,11,11,8.7,▲+1.7,▲+18.28%,0,7,7,33,0.6,-,1340,9
TXO,202608,20260819.0,52300.0,Put,-,-,-,-,8610,-,-,0,0,0,0,-,-,-,-
TXO,202608,20260819.0,52400.0,Call,-,-,-,-,8.3,-,-,0,0,0,15,0.6,93,750,8.5
TXO,202608,20260819.0,52400.0,Put,-,-,-,-,8710,-,-,0,0,0,0,8680,8740,-,-
TXO,202608,20260819.0,52500.0,Call,-,-,-,-,7.8,-,-,0,0,0,70,2,109,995,10
TXO,202608,20260819.0,52500.0,Put,-,-,-,-,8810,-,-,0,0,0,0,8780,8840,-,-
TXO,202608,20260819.0,52600.0,Call,-,-,-,-,7.5,-,-,0,0,0,41,0.6,108,755,8
TXO,202608,20260819.0,52600.0,Put,-,-,-,-,8910,-,-,0,0,0,0,-,-,-,-
TXO,202608,20260819.0,52700.0,Call,13,13,13,13,7.4,▲+4.3,▲+49.43%,11,1,12,25,0.6,20,740,8.4
TXO,202608,20260819.0,52700.0,Put,-,-,-,-,9010,-,-,0,0,0,0,-,-,-,-
TXO,202608,20260819.0,52800.0,Call,8.6,11,8.6,11,7.2,▲+2.4,▲+27.91%,0,10,10,26,2,15,770,8.6
TXO,202608,20260819.0,52800.0,Put,-,-,-,-,9110,-,-,0,0,0,0,-,-,-,-
TXO,202608,20260819.0,52900.0,Call,11,11,11,11,7,▲+2.6,▲+30.95%,0,1,1,13,2,-,580,7.5
TXO,202608,20260819.0,52900.0,Put,-,-,-,-,9210,-,-,0,0,0,0,-,-,-,-
TXO,202608,20260819.0,53000.0,Call,10.5,10.5,6.1,6.1,6.8,▼-1.8,▼-22.78%,120,9,129,431,6.1,20,1150,6
TXO,202608,20260819.0,53000.0,Put,-,-,-,-,9310,-,-,0,0,0,0,9280,9350,-,-
TXO,202608,20260819.0,53100.0,Call,-,-,-,-,6.6,-,-,0,0,0,22,0.6,79,585,7.5
TXO,202608,20260819.0,53100.0,Put,-,-,-,-,9410,-,-,0,0,0,0,-,-,-,-
TXO,202608,20260819.0,53200.0,Call,-,-,-,-,6.5,-,-,0,0,0,31,3,-,590,4.5
TXO,202608,20260819.0,53200.0,Put,-,-,-,-,9510,-,-,0,0,0,0,9480,9540,-,-
TXO,202608,20260819.0,53300.0,Call,-,-,-,-,6.2,-,-,0,0,0,22,0.6,107,605,18
TXO,202608,20260819.0,53300.0,Put,-,-,-,-,9610,-,-,0,0,0,0,9580,9640,-,-
TXO,202608,20260819.0,53400.0,Call,-,-,-,-,6.1,-,-,0,0,0,32,0.6,200,630,10
TXO,202608,20260819.0,53400.0,Put,-,-,-,-,9710,-,-,0,0,0,0,9680,9740,-,-
TXO,202608,20260819.0,53500.0,Call,6.4,6.4,6.4,6.4,5.8,▼-1,▼-13.51%,26,3,29,245,3.5,32,1270,6
TXO,202608,20260819.0,53500.0,Put,-,-,-,-,9810,-,-,0,0,0,0,9780,9840,-,-
TXO,202608,20260819.0,53600.0,Call,-,-,-,-,5.7,-,-,0,0,0,27,0.5,-,710,12
TXO,202608,20260819.0,53600.0,Put,-,-,-,-,9910,-,-,0,0,0,0,-,-,-,-
TXO,202608,20260819.0,53700.0,Call,-,-,-,-,5.5,-,-,0,0,0,9,0.4,106,83,12.5
TXO,202608,20260819.0,53700.0,Put,-,-,-,-,10010,-,-,0,0,0,0,9970,10040,-,-
TXO,202608,20260819.0,53800.0,Call,-,-,-,-,5.4,-,-,0,0,0,23,0.4,-,530,15
TXO,202608,20260819.0,53800.0,Put,-,-,-,-,10110,-,-,0,0,0,0,10080,10140,-,-
TXO,202608,20260819.0,53900.0,Call,-,-,-,-,5.1,-,-,0,0,0,46,0.3,-,615,5.3
TXO,202608,20260819.0,53900.0,Put,-,-,-,-,10200,-,-,0,0,0,0,-,-,-,-
TXO,202608,20260819.0,54000.0,Call,8.5,8.5,6.1,6.2,4.8,▼-0.4,▼-6.06%,48,14,62,244,0.4,8.6,850,0.5
TXO,202608,20260819.0,54000.0,Put,-,-,-,-,10300,-,-,0,0,0,0,10270,10340,-,-
TXO,202608,20260819.0,54100.0,Call,-,-,-,-,4.7,-,-,0,0,0,10,0.3,106,382,6.3
TXO,202608,20260819.0,54100.0,Put,-,-,-,-,10400,-,-,0,0,0,0,10370,10440,-,-
TXO,202608,20260819.0,54200.0,Call,-,-,-,-,4.6,-,-,0,0,0,138,0.3,30,515,9
TXO,202608,20260819.0,54200.0,Put,-,-,-,-,10500,-,-,0,0,0,0,-,-,-,-
TXO,202608,20260819.0,54300.0,Call,-,-,-,-,4.4,-,-,0,0,0,31,0.3,-,640,30
TXO,202608,20260819.0,54300.0,Put,-,-,-,-,10600,-,-,0,0,0,0,10570,10640,-,-
TXO,202608,20260819.0,54400.0,Call,-,-,-,-,4.2,-,-,0,0,0,44,0.3,-,417,15
TXO,202608,20260819.0,54400.0,Put,-,-,-,-,10700,-,-,0,0,0,1,10680,10760,10060,10060
TXO,202608,20260819.0,54500.0,Call,-,-,-,-,4,-,-,0,0,0,268,0.3,555,540,4.6
TXO,202608,20260819.0,54500.0,Put,-,-,-,-,10800,-,-,0,0,0,0,10770,10840,-,-
TXO,202608,20260819.0,54600.0,Call,5.8,5.8,5.7,5.7,3.8,▼-0.3,▼-5.00%,0,2,2,189,0.3,88,330,5
TXO,202608,20260819.0,54600.0,Put,-,-,-,-,10900,-,-,0,0,0,0,10870,10940,-,-
TXO,202608,20260819.0,54700.0,Call,5.5,5.5,5.5,5.5,3.6,▼-0.4,▼-6.78%,0,1,1,244,0.3,87,364,3.9
TXO,202608,20260819.0,54700.0,Put,-,-,-,-,11000,-,-,0,0,0,0,10960,11040,-,-
TXO,202608,20260819.0,54800.0,Call,7.5,7.5,4.7,4.7,3.5,▼-1,▼-17.54%,0,4,4,357,0.3,11,440,4.7
TXO,202608,20260819.0,54800.0,Put,-,-,-,-,11100,-,-,0,0,0,1,10960,-,10460,10460
TXO,202608,20260819.0,54900.0,Call,5.6,5.6,5,5,3.3,▼-0.6,▼-10.71%,2,2,4,335,1,7.7,520,4.4
TXO,202608,20260819.0,54900.0,Put,-,-,-,-,11200,-,-,0,0,0,0,11160,11240,-,-
TXO,202608,20260819.0,55000.0,Call,7.9,7.9,2.8,2.8,2.8,▼-1.7,▼-37.78%,128,65,193,3097,2.1,4.6,790,2
TXO,202608,20260819.0,55000.0,Put,-,-,-,-,11300,-,-,0,0,0,0,-,-,-,-
TXO,202609,20260916.0,21800.0,Call,-,-,-,-,22050,-,-,0,0,0,4,21850,-,25330,12370
TXO,202609,20260916.0,21800.0,Put,20,20,13,18,12.5,▼-2,▼-10.00%,21,22,43,749,10,20,650,0.7
TXO,202609,20260916.0,22000.0,Call,-,-,-,-,21850,-,-,0,0,0,6,21680,-,23430,5990
TXO,202609,20260916.0,22000.0,Put,23,23,18.5,18.5,15,▼-4.5,▼-19.57%,4,2,6,307,15,23,565,10.5
TXO,202609,20260916.0,22200.0,Call,-,-,-,-,21650,-,-,0,0,0,0,-,-,-,-
TXO,202609,20260916.0,22200.0,Put,-,-,-,-,15.5,-,-,0,0,0,133,0.8,-,580,23
TXO,202609,20260916.0,22400.0,Call,-,-,-,-,21450,-,-,0,0,0,0,-,-,-,-
TXO,202609,20260916.0,22400.0,Put,-,-,-,-,15.5,-,-,0,0,0,217,0.8,-,605,25
TXO,202609,20260916.0,22600.0,Call,-,-,-,-,21250,-,-,0,0,0,0,-,-,-,-
TXO,202609,20260916.0,22600.0,Put,-,-,-,-,16,-,-,0,0,0,238,0.8,-,650,25
TXO,202609,20260916.0,22800.0,Call,-,-,-,-,21060,-,-,0,0,0,0,-,-,-,-
TXO,202609,20260916.0,22800.0,Put,-,-,-,-,17.5,-,-,0,0,0,19,0.1,-,675,32
TXO,202609,20260916.0,23000.0,Call,-,-,-,-,20860,-,-,0,0,0,0,-,-,-,-
TXO,202609,20260916.0,23000.0,Put,-,-,-,-,18,-,-,0,0,0,52,2,39.5,700,25
TXO,202609,20260916.0,23200.0,Call,-,-,-,-,20660,-,-,0,0,0,0,-,-,-,-
TXO,202609,20260916.0,23200.0,Put,-,-,-,-,18.5,-,-,0,0,0,231,0.2,4010,730,27
TXO,202609,20260916.0,23400.0,Call,-,-,-,-,20460,-,-,0,0,0,0,-,-,-,-
TXO,202609,20260916.0,23400.0,Put,-,-,-,-,19,-,-,1,0,1,12,0.8,3900,700,27
TXO,202609,20260916.0,23600.0,Call,-,-,-,-,20260,-,-,0,0,0,0,-,-,-,-
TXO,202609,20260916.0,23600.0,Put,-,-,-,-,19.5,-,-,0,0,0,10,4,-,700,30.5
TXO,202609,20260916.0,23800.0,Call,-,-,-,-,20060,-,-,0,0,0,0,-,-,-,-
TXO,202609,20260916.0,23800.0,Put,-,-,-,-,20,-,-,0,0,0,14,0.5,-,520,30
TXO,202609,20260916.0,24000.0,Call,-,-,-,-,19860,-,-,0,0,0,0,-,-,-,-
TXO,202609,20260916.0,24000.0,Put,-,-,-,-,20.5,-,-,0,0,0,82,0.5,4010,665,27
TXO,202609,20260916.0,24200.0,Call,-,-,-,-,19660,-,-,0,0,0,0,-,-,-,-
TXO,202609,20260916.0,24200.0,Put,-,-,-,-,21.5,-,-,0,0,0,51,0.5,-,1000,30
TXO,202609,20260916.0,24400.0,Call,-,-,-,-,19460,-,-,0,0,0,0,-,-,-,-
TXO,202609,20260916.0,24400.0,Put,18,18,18,18,21.5,▼-16,▼-47.06%,1,1,2,12,0.5,120,1010,18
TXO,202609,20260916.0,24600.0,Call,-,-,-,-,19270,-,-,0,0,0,0,-,-,-,-
TXO,202609,20260916.0,24600.0,Put,-,-,-,-,22.5,-,-,0,0,0,20,0.5,372,1020,30
TXO,202609,20260916.0,24800.0,Call,-,-,-,-,19070,-,-,0,0,0,0,-,-,-,-
TXO,202609,20260916.0,24800.0,Put,-,-,-,-,23,-,-,0,0,0,23,0.3,122,1100,31.5
TXO,202609,20260916.0,25000.0,Call,-,-,-,-,18870,-,-,0,0,0,0,-,-,-,-
TXO,202609,20260916.0,25000.0,Put,-,-,-,-,23.5,-,-,2,0,2,79,2.1,114,1050,28
TXO,202609,20260916.0,25200.0,Call,-,-,-,-,18670,-,-,0,0,0,0,-,-,-,-
TXO,202609,20260916.0,25200.0,Put,27,27,27,27,24.5,▼-12.5,▼-31.65%,0,1,1,19,0.3,135,1200,27
TXO,202609,20260916.0,25400.0,Call,-,-,-,-,18470,-,-,0,0,0,0,-,-,-,-
TXO,202609,20260916.0,25400.0,Put,29,29,29,29,25.5,▼-12.5,▼-30.12%,0,1,1,19,22.5,375,1250,29
TXO,202609,20260916.0,25600.0,Call,-,-,-,-,18270,-,-,0,0,0,0,-,-,-,-
TXO,202609,20260916.0,25600.0,Put,-,-,-,-,26,-,-,0,0,0,21,1.1,50,1210,38
TXO,202609,20260916.0,25800.0,Call,16980,16980,16980,16980,18070,▲+2350,▲+16.06%,0,1,1,168,-,18100,20840,14370
TXO,202609,20260916.0,25800.0,Put,-,-,-,-,26.5,-,-,0,0,0,19,5,125,1270,38
TXO,202609,20260916.0,26000.0,Call,-,-,-,-,17870,-,-,0,0,0,0,-,-,-,-
TXO,202609,20260916.0,26000.0,Put,-,-,-,-,27.5,-,-,0,0,0,45,10,78,1090,35.5
TXO,202609,20260916.0,26200.0,Call,-,-,-,-,17680,-,-,0,0,0,0,-,-,-,-
TXO,202609,20260916.0,26200.0,Put,-,-,-,-,28,-,-,0,0,0,22,0.4,378,1420,42
TXO,202609,20260916.0,26400.0,Call,-,-,-,-,17480,-,-,0,0,0,0,-,-,13900,5820
TXO,202609,20260916.0,26400.0,Put,34,34,31.5,31.5,29,▼-17.5,▼-35.71%,9,7,16,15,0.4,50,1180,31.5
TXO,202609,20260916.0,26600.0,Call,-,-,-,-,17280,-,-,0,0,0,0,-,-,-,-
TXO,202609,20260916.0,26600.0,Put,36,36,33,33,30,▼-20,▼-37.74%,2,9,11,28,10,55,1000,33
TXO,202609,20260916.0,26800.0,Call,-,-,-,-,17080,-,-,0,0,0,25,16920,-,12000,5510
TXO,202609,20260916.0,26800.0,Put,-,-,-,-,31,-,-,0,0,0,43,0.5,56,1130,50
TXO,202609,20260916.0,27000.0,Call,-,-,-,-,16880,-,-,0,0,0,3,16690,-,20110,6220
TXO,202609,20260916.0,27000.0,Put,-,-,-,-,32.5,-,-,7,0,7,18,6,58,1750,48.5
TXO,202609,20260916.0,27200.0,Call,-,-,-,-,16680,-,-,0,0,0,0,-,-,-,-
TXO,202609,20260916.0,27200.0,Put,-,-,-,-,33.5,-,-,0,0,0,6,0.4,383,750,49
TXO,202609,20260916.0,27400.0,Call,-,-,-,-,16490,-,-,0,0,0,2,16310,-,5890,2380
TXO,202609,20260916.0,27400.0,Put,-,-,-,-,35,-,-,0,0,0,1,0.5,384,1270,81
TXO,202609,20260916.0,27600.0,Call,-,-,-,-,16290,-,-,0,0,0,2,16120,-,10800,2020
TXO,202609,20260916.0,27600.0,Put,-,-,-,-,36.5,-,-,0,0,0,6,0.5,385,1120,60
TXO,202609,20260916.0,27800.0,Call,-,-,-,-,16090,-,-,0,0,0,6,-,16130,19160,18840
TXO,202609,20260916.0,27800.0,Put,-,-,-,-,37.5,-,-,0,0,0,17,0.5,214,1460,61
TXO,202609,20260916.0,28000.0,Call,-,-,-,-,15890,-,-,0,0,0,1,15700,-,7880,1910
TXO,202609,20260916.0,28000.0,Put,-,-,-,-,39,-,-,2,0,2,55,30,136,2180,51
TXO,202609,20260916.0,28200.0,Call,-,-,-,-,15690,-,-,0,0,0,2,15520,-,5250,1730
TXO,202609,20260916.0,28200.0,Put,-,-,-,-,41,-,-,0,0,0,7,0.5,389,1180,79
TXO,202609,20260916.0,28400.0,Call,-,-,-,-,15500,-,-,0,0,0,21,15330,-,15910,1630
TXO,202609,20260916.0,28400.0,Put,-,-,-,-,42.5,-,-,0,0,0,14,1.6,391,1550,69
TXO,202609,20260916.0,28600.0,Call,-,-,-,-,15300,-,-,0,0,0,0,-,-,-,-
TXO,202609,20260916.0,28600.0,Put,-,-,-,-,44,-,-,0,0,0,15,0.5,392,1250,67
TXO,202609,20260916.0,28800.0,Call,-,-,-,-,15100,-,-,0,0,0,0,-,-,5200,3230
TXO,202609,20260916.0,28800.0,Put,-,-,-,-,45.5,-,-,3,0,3,17,0.5,142,775,55
TXO,202609,20260916.0,29000.0,Call,-,-,-,-,14900,-,-,0,0,0,2,14730,-,4570,4570
TXO,202609,20260916.0,29000.0,Put,-,-,-,-,47.5,-,-,0,0,0,27,6.1,85,1920,53
TXO,202609,20260916.0,29200.0,Call,-,-,-,-,14700,-,-,0,0,0,4,14540,-,6310,1310
TXO,202609,20260916.0,29200.0,Put,-,-,-,-,49,-,-,0,0,0,17,0.6,398,1320,75
TXO,202609,20260916.0,29400.0,Call,-,-,-,-,14510,-,-,0,0,0,1,14340,-,6990,1290
TXO,202609,20260916.0,29400.0,Put,-,-,-,-,51,-,-,0,0,0,15,0.7,400,2010,70
TXO,202609,20260916.0,29600.0,Call,-,-,-,-,14310,-,-,0,0,0,2,14120,-,5690,1370
TXO,202609,20260916.0,29600.0,Put,-,-,-,-,53,-,-,0,0,0,30,36,402,1780,70
TXO,202609,20260916.0,29800.0,Call,-,-,-,-,14110,-,-,0,0,0,4,13940,-,16240,1210
TXO,202609,20260916.0,29800.0,Put,-,-,-,-,55,-,-,0,0,0,22,0.9,405,2400,84
TXO,202609,20260916.0,30000.0,Call,-,-,-,-,13910,-,-,0,0,0,24,13750,-,14350,1210
TXO,202609,20260916.0,30000.0,Put,90,90,57,57,57,▼-81,▼-58.70%,25,33,58,798,49,89,2400,12.5
TXO,202609,20260916.0,30200.0,Call,-,-,-,-,13720,-,-,0,0,0,4,13550,-,10020,1320
TXO,202609,20260916.0,30200.0,Put,-,-,-,-,59,-,-,0,0,0,13,1.1,156,2050,84
TXO,202609,20260916.0,30400.0,Call,-,-,-,-,13520,-,-,0,0,0,0,-,-,5390,1430
TXO,202609,20260916.0,30400.0,Put,-,-,-,-,62,-,-,2,0,2,23,30,158,2030,1.1
TXO,202609,20260916.0,30600.0,Call,-,-,-,-,13320,-,-,0,0,0,6,13150,-,5520,1000
TXO,202609,20260916.0,30600.0,Put,-,-,-,-,65,-,-,0,0,0,8,1,416,2090,90
TXO,202609,20260916.0,30800.0,Call,-,-,-,-,13130,-,-,0,0,0,7,12960,-,10110,940
TXO,202609,20260916.0,30800.0,Put,-,-,-,-,67,-,-,0,0,0,23,1.3,129,2200,93
TXO,202609,20260916.0,31000.0,Call,-,-,-,-,12930,-,-,0,0,0,1,-,12970,15990,1300
TXO,202609,20260916.0,31000.0,Put,-,-,-,-,70,-,-,0,0,0,55,50,241,2410,81
TXO,202609,20260916.0,31200.0,Call,-,-,-,-,12730,-,-,0,0,0,0,-,-,5680,2350
TXO,202609,20260916.0,31200.0,Put,-,-,-,-,73,-,-,12,0,12,33,50,426,4320,100
TXO,202609,20260916.0,31400.0,Call,-,-,-,-,12540,-,-,0,0,0,1,12370,-,14330,1430
TXO,202609,20260916.0,31400.0,Put,-,-,-,-,76,-,-,0,0,0,19,1.3,430,2750,110
TXO,202609,20260916.0,31600.0,Call,-,-,-,-,12340,-,-,0,0,0,0,-,-,3970,2920
TXO,202609,20260916.0,31600.0,Put,97,97,97,97,79,▼-130,▼-57.27%,0,5,5,47,50,226,2510,97
TXO,202609,20260916.0,31800.0,Call,-,-,-,-,12140,-,-,0,0,0,1,11980,-,14100,1370
TXO,202609,20260916.0,31800.0,Put,-,-,-,-,83,-,-,0,0,0,40,1.6,439,2990,107
TXO,202609,20260916.0,32000.0,Call,-,-,-,-,11950,-,-,0,0,0,21,11790,-,16670,1310
TXO,202609,20260916.0,32000.0,Put,115,115,115,115,87,▼-142,▼-55.25%,1,1,2,33,25.5,4200,2700,104
TXO,202609,20260916.0,32200.0,Call,-,-,-,-,11750,-,-,0,0,0,19,11590,-,13750,1380
TXO,202609,20260916.0,32200.0,Put,-,-,-,-,92,-,-,3,0,3,12,8.1,449,2670,145
TXO,202609,20260916.0,32400.0,Call,-,-,-,-,11560,-,-,0,0,0,0,-,-,4680,1440
TXO,202609,20260916.0,32400.0,Put,-,-,-,-,96,-,-,0,0,0,21,68,193,2300,108
TXO,202609,20260916.0,32600.0,Call,-,-,-,-,11360,-,-,0,0,0,0,-,-,9580,1680
TXO,202609,20260916.0,32600.0,Put,110,110,110,110,101,▼-202,▼-64.74%,0,2,2,33,2,460,2900,110
TXO,202609,20260916.0,32800.0,Call,-,-,-,-,11170,-,-,0,0,0,2,-,11210,8380,1420
TXO,202609,20260916.0,32800.0,Put,-,-,-,-,109,-,-,0,0,0,32,51,466,3280,144
TXO,202609,20260916.0,33000.0,Call,-,-,-,-,10980,-,-,0,0,0,35,-,11020,12330,399
TXO,202609,20260916.0,33000.0,Put,198,198,170,180,118,▼-161,▼-47.21%,3,9,12,98,110,179,3000,113
TXO,202609,20260916.0,33200.0,Call,-,-,-,-,10780,-,-,0,0,0,4,-,10830,11640,344
TXO,202609,20260916.0,33200.0,Put,190,190,190,190,118,▼-178,▼-48.37%,0,1,1,23,62,214,2730,165
TXO,202609,20260916.0,33400.0,Call,-,-,-,-,10590,-,-,0,0,0,2,10430,-,12040,1470
TXO,202609,20260916.0,33400.0,Put,283,283,283,283,128,▼-114,▼-28.72%,1,1,2,11,2.8,221,2780,145
TXO,202609,20260916.0,33600.0,Call,-,-,-,-,10400,-,-,0,0,0,1,-,10440,13690,372
TXO,202609,20260916.0,33600.0,Put,199,199,174,174,138,▼-252,▼-59.15%,0,2,2,20,130,228,3860,151
TXO,202609,20260916.0,33800.0,Call,-,-,-,-,10210,-,-,0,0,0,1,3070,10250,7340,328
TXO,202609,20260916.0,33800.0,Put,159,159,159,159,146,▼-296,▼-65.05%,0,3,3,26,135,219,3000,159
TXO,202609,20260916.0,33900.0,Call,-,-,-,-,10110,-,-,0,0,0,0,-,-,-,-
TXO,202609,20260916.0,33900.0,Put,-,-,-,-,146,-,-,0,0,0,0,40,224,-,-
TXO,202609,20260916.0,34000.0,Call,-,-,-,-,10020,-,-,0,0,0,115,9870,-,12980,325
TXO,202609,20260916.0,34000.0,Put,300,300,145,145,149,▼-341,▼-70.16%,22,41,63,106,143,244,3990,144
TXO,202609,20260916.0,34100.0,Call,-,-,-,-,9920,-,-,0,0,0,0,-,-,-,-
TXO,202609,20260916.0,34100.0,Put,-,-,-,-,155,-,-,1,0,1,1,2.8,249,410,410
TXO,202609,20260916.0,34200.0,Call,-,-,-,-,9830,-,-,0,0,0,1,-,9810,9340,299
TXO,202609,20260916.0,34200.0,Put,275,275,177,177,158,▼-343,▼-65.96%,1,4,5,19,2.8,238,1130,177
TXO,202609,20260916.0,34300.0,Call,-,-,-,-,9730,-,-,0,0,0,0,-,-,-,-
TXO,202609,20260916.0,34300.0,Put,-,-,-,-,162,-,-,0,0,0,0,2.8,-,-,-
TXO,202609,20260916.0,34400.0,Call,-,-,-,-,9630,-,-,0,0,0,0,-,9620,6600,305
TXO,202609,20260916.0,34400.0,Put,-,-,-,-,167,-,-,1,0,1,10,2.8,249,3660,218
TXO,202609,20260916.0,34500.0,Call,-,-,-,-,9540,-,-,0,0,0,0,-,-,-,-
TXO,202609,20260916.0,34500.0,Put,-,-,-,-,172,-,-,0,0,0,0,2.8,-,-,-
TXO,202609,20260916.0,34600.0,Call,-,-,-,-,9450,-,-,0,0,0,3,-,9490,11000,306
TXO,202609,20260916.0,34600.0,Put,-,-,-,-,179,-,-,0,0,0,8,2.8,260,4530,201
TXO,202609,20260916.0,34700.0,Call,-,-,-,-,9350,-,-,0,0,0,0,-,-,-,-
TXO,202609,20260916.0,34700.0,Put,-,-,-,-,186,-,-,0,0,0,0,84,266,-,-
TXO,202609,20260916.0,34800.0,Call,-,-,-,-,9260,-,-,0,0,0,3,9090,-,3130,370
TXO,202609,20260916.0,34800.0,Put,240,240,240,240,193,▼-375,▼-60.98%,0,4,4,7,113,281,3320,200
TXO,202609,20260916.0,34900.0,Call,-,-,-,-,9170,-,-,0,0,0,0,-,-,-,-
TXO,202609,20260916.0,34900.0,Put,-,-,-,-,201,-,-,0,0,0,0,88,283,-,-
TXO,202609,20260916.0,35000.0,Call,-,-,-,-,9080,-,-,0,0,0,6,-,9110,14340,510
TXO,202609,20260916.0,35000.0,Put,455,455,200,208,208,▼-427,▼-67.24%,4,12,16,108,151,-,3320,176
TXO,202609,20260916.0,35100.0,Call,-,-,-,-,8980,-,-,0,0,0,0,-,-,-,-
TXO,202609,20260916.0,35100.0,Put,-,-,-,-,209,-,-,0,0,0,0,100,297,-,-
TXO,202609,20260916.0,35200.0,Call,-,-,-,-,8880,-,-,0,0,0,1,-,8930,9760,850
TXO,202609,20260916.0,35200.0,Put,-,-,-,-,215,-,-,0,0,0,44,158,304,1150,239
TXO,202609,20260916.0,35300.0,Call,-,-,-,-,8790,-,-,0,0,0,0,-,-,-,-
TXO,202609,20260916.0,35300.0,Put,-,-,-,-,221,-,-,0,0,0,0,169,-,-,-
TXO,202609,20260916.0,35400.0,Call,-,-,-,-,8700,-,-,0,0,0,0,-,-,8330,373
TXO,202609,20260916.0,35400.0,Put,-,-,-,-,226,-,-,0,0,0,12,119,320,3430,227
TXO,202609,20260916.0,35500.0,Call,-,-,-,-,8610,-,-,0,0,0,0,-,-,-,-
TXO,202609,20260916.0,35500.0,Put,-,-,-,-,235,-,-,0,0,0,1,126,326,499,499
TXO,202609,20260916.0,35600.0,Call,-,-,-,-,8510,-,-,0,0,0,0,-,-,7680,1220
TXO,202609,20260916.0,35600.0,Put,433,433,238,238,238,▼-537,▼-69.29%,1,2,3,8,146,343,4020,238
TXO,202609,20260916.0,35700.0,Call,-,-,-,-,8420,-,-,0,0,0,0,-,-,-,-
TXO,202609,20260916.0,35700.0,Put,-,-,-,-,248,-,-,0,0,0,0,140,353,-,-
TXO,202609,20260916.0,35800.0,Call,-,-,-,-,8330,-,-,0,0,0,3,-,8370,5820,450
TXO,202609,20260916.0,35800.0,Put,390,390,390,390,257,▼-425,▼-52.15%,1,1,2,11,202,367,2000,304
TXO,202609,20260916.0,35900.0,Call,-,-,-,-,8240,-,-,0,0,0,0,-,-,-,-
TXO,202609,20260916.0,35900.0,Put,-,-,-,-,267,-,-,0,0,0,0,155,-,-,-
TXO,202609,20260916.0,36000.0,Call,-,-,-,-,8150,-,-,0,0,0,41,-,8190,11770,595
TXO,202609,20260916.0,36000.0,Put,391,400,300,300,275,▼-565,▼-65.32%,0,10,10,140,251,384,4200,232
TXO,202609,20260916.0,36100.0,Call,-,-,-,-,8060,-,-,0,0,0,0,-,8140,-,-
TXO,202609,20260916.0,36100.0,Put,-,-,-,-,284,-,-,1,0,1,2,250,-,685,640
TXO,202609,20260916.0,36200.0,Call,-,-,-,-,7960,-,-,0,0,0,0,-,-,8750,282
TXO,202609,20260916.0,36200.0,Put,-,-,-,-,292,-,-,0,0,0,11,180,379,1400,333
TXO,202609,20260916.0,36300.0,Call,-,-,-,-,7870,-,-,0,0,0,0,-,-,-,-
TXO,202609,20260916.0,36300.0,Put,-,-,-,-,302,-,-,0,0,0,4,189,388,990,500
TXO,202609,20260916.0,36400.0,Call,-,-,-,-,7780,-,-,0,0,0,0,-,-,7540,499
TXO,202609,20260916.0,36400.0,Put,-,-,-,-,311,-,-,0,0,0,3,198,-,4830,390
TXO,202609,20260916.0,36500.0,Call,-,-,-,-,7690,-,-,0,0,0,0,-,-,-,-
TXO,202609,20260916.0,36500.0,Put,-,-,-,-,320,-,-,0,0,0,32,209,443,880,386
TXO,202609,20260916.0,36600.0,Call,-,-,-,-,7600,-,-,0,0,0,0,-,-,7400,480
TXO,202609,20260916.0,36600.0,Put,-,-,-,-,330,-,-,0,0,0,2,223,456,1860,498
TXO,202609,20260916.0,36700.0,Call,-,-,-,-,7520,-,-,0,0,0,0,-,-,-,-
TXO,202609,20260916.0,36700.0,Put,-,-,-,-,342,-,-,0,0,0,3,228,458,488,382
TXO,202609,20260916.0,36800.0,Call,-,-,-,-,7430,-,-,0,0,0,19,7290,-,2830,310
TXO,202609,20260916.0,36800.0,Put,444,444,444,444,355,▼-626,▼-58.50%,0,3,3,25,312,730,4910,328
TXO,202609,20260916.0,36900.0,Call,-,-,-,-,7340,-,-,0,0,0,0,-,7420,-,-
TXO,202609,20260916.0,36900.0,Put,-,-,-,-,364,-,-,0,0,0,1,249,449,1240,455
TXO,202609,20260916.0,37000.0,Call,-,-,-,-,7250,-,-,0,0,0,29,-,7490,9270,540
TXO,202609,20260916.0,37000.0,Put,580,580,410,420,377,▼-700,▼-62.50%,4,11,15,75,204,480,2520,300
TXO,202609,20260916.0,37100.0,Call,-,-,-,-,7160,-,-,0,0,0,0,-,-,-,-
TXO,202609,20260916.0,37100.0,Put,-,-,-,-,390,-,-,0,0,0,0,272,525,-,-
TXO,202609,20260916.0,37200.0,Call,-,-,-,-,7070,-,-,0,0,0,5,6930,-,10420,375
TXO,202609,20260916.0,37200.0,Put,-,-,-,-,400,-,-,0,0,0,83,283,515,2390,450
TXO,202609,20260916.0,37300.0,Call,-,-,-,-,6990,-,-,0,0,0,0,-,-,-,-
TXO,202609,20260916.0,37300.0,Put,-,-,-,-,413,-,-,0,0,0,2,295,530,720,565
TXO,202609,20260916.0,37400.0,Call,-,-,-,-,6900,-,-,0,0,0,1,6770,-,1370,456
TXO,202609,20260916.0,37400.0,Put,-,-,-,-,427,-,-,0,0,0,3,308,570,2530,482
TXO,202609,20260916.0,37500.0,Call,-,-,-,-,6800,-,-,0,0,0,0,-,6800,-,-
TXO,202609,20260916.0,37500.0,Put,655,655,655,655,437,▼-595,▼-47.60%,0,1,1,16,320,565,1110,510
TXO,202609,20260916.0,37600.0,Call,-,-,-,-,6730,-,-,0,0,0,0,-,-,5920,430
TXO,202609,20260916.0,37600.0,Put,-,-,-,-,452,-,-,0,0,0,20,333,610,2660,413
TXO,202609,20260916.0,37700.0,Call,-,-,-,-,6640,-,-,0,0,0,0,-,-,-,-
TXO,202609,20260916.0,37700.0,Put,-,-,-,-,466,-,-,0,0,0,1,348,545,1080,488
TXO,202609,20260916.0,37800.0,Call,-,-,-,-,6560,-,-,0,0,0,2,6420,-,3680,390
TXO,202609,20260916.0,37800.0,Put,-,-,-,-,481,-,-,0,0,0,5,368,-,1110,364
TXO,202609,20260916.0,37900.0,Call,-,-,-,-,6470,-,-,0,0,0,0,-,-,-,-
TXO,202609,20260916.0,37900.0,Put,580,580,580,580,494,▼-800,▼-57.97%,0,2,2,1,463,605,580,575
TXO,202609,20260916.0,38000.0,Call,-,-,-,-,6380,-,-,0,0,0,19,6250,6640,9000,350
TXO,202609,20260916.0,38000.0,Put,850,850,500,500,500,▼-920,▼-64.79%,0,14,14,35,395,550,6640,431
TXO,202609,20260916.0,38100.0,Call,-,-,-,-,6300,-,-,0,0,0,0,-,-,-,-
TXO,202609,20260916.0,38100.0,Put,-,-,-,-,525,-,-,0,0,0,2,407,700,1680,390
TXO,202609,20260916.0,38200.0,Call,-,-,-,-,6220,-,-,0,0,0,0,-,-,1030,370
TXO,202609,20260916.0,38200.0,Put,-,-,-,-,540,-,-,0,0,0,1,420,615,2770,550
TXO,202609,20260916.0,38300.0,Call,-,-,-,-,6130,-,-,0,0,0,0,-,-,-,-
TXO,202609,20260916.0,38300.0,Put,-,-,-,-,560,-,-,0,0,0,4,442,705,1740,400
TXO,202609,20260916.0,38400.0,Call,-,-,-,-,6050,-,-,0,0,0,0,-,-,6200,340
TXO,202609,20260916.0,38400.0,Put,-,-,-,-,575,-,-,0,0,0,1,451,670,2080,496
TXO,202609,20260916.0,38500.0,Call,-,-,-,-,5970,-,-,0,0,0,1,-,6090,6410,6410
TXO,202609,20260916.0,38500.0,Put,870,870,660,660,595,▼-940,▼-58.75%,0,2,2,17,467,670,1500,500
TXO,202609,20260916.0,38600.0,Call,5420,5420,5420,5420,5890,▲+1960,▲+56.65%,0,1,1,1,5700,6000,5420,371
TXO,202609,20260916.0,38600.0,Put,670,670,670,670,610,▼-970,▼-59.15%,0,1,1,7,489,690,2850,500
TXO,202609,20260916.0,38700.0,Call,-,-,-,-,5800,-,-,0,0,0,0,-,-,-,-
TXO,202609,20260916.0,38700.0,Put,815,815,815,815,620,▼-855,▼-51.20%,0,1,1,2,515,810,815,500
TXO,202609,20260916.0,38800.0,Call,-,-,-,-,5720,-,-,0,0,0,20,5590,-,10410,270
TXO,202609,20260916.0,38800.0,Put,885,885,670,670,640,▼-1040,▼-60.82%,0,2,2,6,525,835,2100,500
TXO,202609,20260916.0,38900.0,Call,-,-,-,-,5640,-,-,0,0,0,0,-,-,-,-
TXO,202609,20260916.0,38900.0,Put,-,-,-,-,660,-,-,0,0,0,7,555,855,1990,500
TXO,202609,20260916.0,39000.0,Call,-,-,-,-,5560,-,-,0,0,0,50,-,5680,8810,273
TXO,202609,20260916.0,39000.0,Put,1090,1090,770,770,685,▼-1030,▼-57.22%,3,7,10,87,600,1070,2820,485
TXO,202609,20260916.0,39100.0,Call,-,-,-,-,5480,-,-,0,0,0,1,5350,-,3840,3840
TXO,202609,20260916.0,39100.0,Put,-,-,-,-,705,-,-,0,0,0,37,580,840,2100,560
TXO,202609,20260916.0,39200.0,Call,-,-,-,-,5410,-,-,0,0,0,3,5270,-,6340,249
TXO,202609,20260916.0,39200.0,Put,1060,1060,1060,1060,730,▼-820,▼-43.62%,0,2,2,24,605,935,2750,620
TXO,202609,20260916.0,39300.0,Call,4450,4450,4450,4450,5330,▲+1410,▲+46.38%,0,1,1,5,5190,-,4450,2740
TXO,202609,20260916.0,39300.0,Put,-,-,-,-,750,-,-,0,0,0,17,625,830,1930,690
TXO,202609,20260916.0,39400.0,Call,-,-,-,-,5250,-,-,0,0,0,7,5110,-,8270,223
TXO,202609,20260916.0,39400.0,Put,1100,1100,1030,1030,775,▼-930,▼-47.45%,0,35,35,33,675,895,2390,790
TXO,202609,20260916.0,39500.0,Call,-,-,-,-,5180,-,-,2,0,2,0,-,-,3220,3150
TXO,202609,20260916.0,39500.0,Put,950,950,940,940,795,▼-1070,▼-53.23%,0,5,5,6,5,895,1320,580
TXO,202609,20260916.0,39600.0,Call,-,-,-,-,5100,-,-,0,0,0,4,4950,-,5910,394
TXO,202609,20260916.0,39600.0,Put,880,900,880,900,820,▼-1150,▼-56.10%,0,6,6,9,5,915,2870,630
TXO,202609,20260916.0,39700.0,Call,5070,5070,5050,5060,5030,▲+2240,▲+79.43%,5,36,41,16,-,5120,5070,2400
TXO,202609,20260916.0,39700.0,Put,-,-,-,-,845,-,-,0,0,0,31,505,910,1330,640
TXO,202609,20260916.0,39800.0,Call,-,-,-,-,4950,-,-,0,0,0,2,4800,-,6170,417
TXO,202609,20260916.0,39800.0,Put,-,-,-,-,870,-,-,0,0,0,21,530,990,2020,660
TXO,202609,20260916.0,39900.0,Call,4200,4450,4200,4450,4880,▲+1740,▲+64.21%,1,4,5,5,4660,4970,4450,2550
TXO,202609,20260916.0,39900.0,Put,-,-,-,-,895,-,-,1,0,1,12,555,975,2270,635
TXO,202609,20260916.0,40000.0,Call,-,-,-,-,4800,-,-,6,0,6,75,4590,4900,8030,380
TXO,202609,20260916.0,40000.0,Put,1190,1190,890,895,920,▼-1335,▼-59.87%,7,66,73,155,845,1000,3040,600
TXO,202609,20260916.0,40100.0,Call,-,-,-,-,4730,-,-,1,0,1,6,4600,-,3060,2480
TXO,202609,20260916.0,40100.0,Put,-,-,-,-,945,-,-,0,0,0,27,810,1170,2350,705
TXO,202609,20260916.0,40200.0,Call,4720,4720,4720,4720,4650,▲+2180,▲+85.83%,0,2,2,4,-,4740,7670,250
TXO,202609,20260916.0,40200.0,Put,-,-,-,-,970,-,-,0,0,0,14,920,1070,2310,725
TXO,202609,20260916.0,40300.0,Call,-,-,-,-,4580,-,-,0,0,0,2,4420,4640,2720,2720
TXO,202609,20260916.0,40300.0,Put,-,-,-,-,1000,-,-,0,0,0,15,850,1210,2430,700
TXO,202609,20260916.0,40400.0,Call,4330,4330,4330,4330,4510,▲+1890,▲+77.46%,0,2,2,8,4350,-,4590,388
TXO,202609,20260916.0,40400.0,Put,-,-,-,-,1030,-,-,0,0,0,4,900,1240,3260,750
TXO,202609,20260916.0,40500.0,Call,-,-,-,-,4440,-,-,6,0,6,4,4310,-,2980,2260
TXO,202609,20260916.0,40500.0,Put,1020,1020,1020,1020,1050,▼-1450,▼-58.70%,0,1,1,55,5,1140,2460,740
TXO,202609,20260916.0,40600.0,Call,4160,4160,4160,4160,4360,▲+1810,▲+77.02%,0,2,2,3,4140,-,4400,345
TXO,202609,20260916.0,40600.0,Put,-,-,-,-,1080,-,-,2,0,2,12,920,1290,4360,785
TXO,202609,20260916.0,40700.0,Call,-,-,-,-,4280,-,-,2,0,2,18,-,4380,4470,2330
TXO,202609,20260916.0,40700.0,Put,-,-,-,-,1100,-,-,0,0,0,16,770,1200,2520,810
TXO,202609,20260916.0,40800.0,Call,3910,3910,3910,3910,4210,▲+1660,▲+73.78%,0,2,2,4,4060,-,6870,530
TXO,202609,20260916.0,40800.0,Put,-,-,-,-,1130,-,-,0,0,0,31,800,1230,4480,835
TXO,202609,20260916.0,40900.0,Call,-,-,-,-,4140,-,-,0,0,0,1,3990,-,3090,3090
TXO,202609,20260916.0,40900.0,Put,1280,1280,1280,1280,1160,▼-1400,▼-52.24%,1,1,2,22,830,1260,2000,795
TXO,202609,20260916.0,41000.0,Call,-,-,-,-,4070,-,-,8,0,8,8,3960,-,7580,320
TXO,202609,20260916.0,41000.0,Put,-,-,-,-,1190,-,-,0,0,0,39,1120,1280,4640,820
TXO,202609,20260916.0,41100.0,Call,-,-,-,-,4000,-,-,2,0,2,2,3890,-,2840,2720
TXO,202609,20260916.0,41100.0,Put,-,-,-,-,1220,-,-,0,0,0,80,1180,1330,3010,1010
TXO,202609,20260916.0,41200.0,Call,-,-,-,-,3930,-,-,0,0,0,0,-,-,3540,2240
TXO,202609,20260916.0,41200.0,Put,-,-,-,-,1250,-,-,0,0,0,30,1210,1350,7750,1200
TXO,202609,20260916.0,41300.0,Call,-,-,-,-,3870,-,-,1,0,1,20,-,3900,2690,1820
TXO,202609,20260916.0,41300.0,Put,-,-,-,-,1280,-,-,0,0,0,3,1190,-,2980,1140
TXO,202609,20260916.0,41400.0,Call,-,-,-,-,3800,-,-,0,0,0,6,3670,3880,5680,1820
TXO,202609,20260916.0,41400.0,Put,-,-,-,-,1320,-,-,0,0,0,8,1180,-,3480,1410
TXO,202609,20260916.0,41500.0,Call,-,-,-,-,3730,-,-,1,0,1,2,-,3790,2400,1750
TXO,202609,20260916.0,41500.0,Put,-,-,-,-,1350,-,-,0,0,0,6,1200,-,1260,980
TXO,202609,20260916.0,41600.0,Call,-,-,-,-,3670,-,-,0,0,0,2,3570,3740,4200,2070
TXO,202609,20260916.0,41600.0,Put,1590,1590,1590,1590,1380,▼-1470,▼-48.04%,0,10,10,20,1340,-,3420,1210
TXO,202609,20260916.0,41700.0,Call,-,-,-,-,3600,-,-,0,0,0,2,3470,3660,4130,4120
TXO,202609,20260916.0,41700.0,Put,-,-,-,-,1420,-,-,0,0,0,1,1330,-,3110,970
TXO,202609,20260916.0,41800.0,Call,2980,2980,2980,2980,3540,▲+1170,▲+64.64%,0,5,5,4,3440,3600,4060,264
TXO,202609,20260916.0,41800.0,Put,-,-,-,-,1450,-,-,0,0,0,2,1360,-,6470,1000
TXO,202609,20260916.0,41900.0,Call,-,-,-,-,3470,-,-,0,0,0,4,3380,3540,3990,1660
TXO,202609,20260916.0,41900.0,Put,-,-,-,-,1480,-,-,0,0,0,19,1350,-,3180,960
TXO,202609,20260916.0,42000.0,Call,3000,3000,3000,3000,3410,▲+1280,▲+74.42%,2,1,3,115,3320,3480,6680,161
TXO,202609,20260916.0,42000.0,Put,2010,2010,1500,1520,1520,▼-1790,▼-54.08%,1,114,115,235,1400,1610,7310,1000
TXO,202609,20260916.0,42100.0,Call,-,-,-,-,3350,-,-,0,0,0,1,3230,3410,3840,3840
TXO,202609,20260916.0,42100.0,Put,-,-,-,-,1560,-,-,0,0,0,13,1420,1790,2830,1010
TXO,202609,20260916.0,42200.0,Call,-,-,-,-,3290,-,-,0,0,0,6,3220,3330,3620,269
TXO,202609,20260916.0,42200.0,Put,-,-,-,-,1600,-,-,0,0,0,8,1460,1830,3410,1050
TXO,202609,20260916.0,42300.0,Call,-,-,-,-,3230,-,-,0,0,0,0,-,3280,-,-
TXO,202609,20260916.0,42300.0,Put,-,-,-,-,1640,-,-,0,0,0,5,1500,1870,2460,1200
TXO,202609,20260916.0,42400.0,Call,-,-,-,-,3170,-,-,0,0,0,1,-,3250,3640,1180
TXO,202609,20260916.0,42400.0,Put,-,-,-,-,1680,-,-,0,0,0,9,1540,1910,3470,1160
TXO,202609,20260916.0,42500.0,Call,-,-,-,-,3100,-,-,0,0,0,1,3040,3160,3400,1520
TXO,202609,20260916.0,42500.0,Put,1930,1930,1640,1700,1700,▼-1890,▼-52.65%,0,102,102,102,1670,1830,2580,1360
TXO,202609,20260916.0,42600.0,Call,-,-,-,-,3040,-,-,11,0,11,9,-,3080,6330,101
TXO,202609,20260916.0,42600.0,Put,-,-,-,-,1750,-,-,0,0,0,4,1680,1990,8970,1510
TXO,202609,20260916.0,42700.0,Call,-,-,-,-,2980,-,-,0,0,0,0,-,3040,-,-
TXO,202609,20260916.0,42700.0,Put,1900,1920,1900,1920,1800,▼-1800,▼-48.39%,0,2,2,8,1720,-,2400,1250
TXO,202609,20260916.0,42800.0,Call,-,-,-,-,2930,-,-,0,0,0,201,2780,2960,7760,800
TXO,202609,20260916.0,42800.0,Put,1860,1860,1860,1860,1860,▼-1920,▼-50.79%,0,1,1,204,1710,-,4270,1290
TXO,202609,20260916.0,42900.0,Call,-,-,-,-,2870,-,-,0,0,0,1,-,2900,3810,2800
TXO,202609,20260916.0,42900.0,Put,-,-,-,-,1890,-,-,2,0,2,9,1820,-,2980,1310
TXO,202609,20260916.0,43000.0,Call,2720,2720,2610,2610,2820,▲+1270,▲+94.78%,3,3,6,24,2700,2850,7050,580
TXO,202609,20260916.0,43000.0,Put,-,-,-,-,1930,-,-,0,0,0,24,1790,-,4540,1240
TXO,202609,20260916.0,43100.0,Call,-,-,-,-,2770,-,-,0,0,0,0,2680,2780,-,-
TXO,202609,20260916.0,43100.0,Put,-,-,-,-,1980,-,-,0,0,0,1,1910,2080,1230,1230
TXO,202609,20260916.0,43200.0,Call,-,-,-,-,2720,-,-,0,0,0,3,2600,2730,5810,790
TXO,202609,20260916.0,43200.0,Put,1950,1950,1950,1950,2030,▼-2090,▼-51.73%,0,1,1,8,1880,-,3670,1610
TXO,202609,20260916.0,43300.0,Call,2440,2540,2440,2540,2660,▲+1300,▲+104.84%,1,8,9,9,2570,2680,5360,1280
TXO,202609,20260916.0,43300.0,Put,-,-,-,-,2070,-,-,0,0,0,1,1980,-,1830,1830
TXO,202609,20260916.0,43400.0,Call,-,-,-,-,2610,-,-,0,0,0,2,2280,2620,4900,750
TXO,202609,20260916.0,43400.0,Put,-,-,-,-,2120,-,-,0,0,0,84,-,2200,3460,1930
TXO,202609,20260916.0,43500.0,Call,1800,2430,1800,2340,2560,▲+1160,▲+98.31%,0,15,15,37,2160,2620,2670,1220
TXO,202609,20260916.0,43500.0,Put,2380,2380,2350,2350,2170,▼-1890,▼-44.58%,0,3,3,3,-,2270,3220,1500
TXO,202609,20260916.0,43600.0,Call,2440,2440,2330,2330,2500,▲+1180,▲+102.61%,0,2,2,7,2380,-,6660,545
TXO,202609,20260916.0,43600.0,Put,2250,2250,2250,2250,2210,▼-2060,▼-47.80%,0,1,1,3,2130,2590,4720,1670
TXO,202609,20260916.0,43700.0,Call,-,-,-,-,2450,-,-,0,0,0,2,2050,2570,1000,985
TXO,202609,20260916.0,43700.0,Put,2320,2320,2320,2320,2260,▼-2060,▼-47.03%,0,1,1,10,2120,-,2400,1770
TXO,202609,20260916.0,43800.0,Call,-,-,-,-,2400,-,-,0,0,0,3,2000,2520,5000,1000
TXO,202609,20260916.0,43800.0,Put,-,-,-,-,2310,-,-,0,0,0,6,2230,-,3250,1800
TXO,202609,20260916.0,43900.0,Call,2240,2240,2180,2180,2350,▲+1130,▲+107.62%,0,4,4,24,2240,-,2840,1150
TXO,202609,20260916.0,43900.0,Put,-,-,-,-,2360,-,-,0,0,0,1,-,-,2230,1570
TXO,202609,20260916.0,44000.0,Call,1700,2330,1700,2300,2300,▲+1280,▲+125.49%,14,19,33,25,1900,2430,6080,331
TXO,202609,20260916.0,44000.0,Put,-,-,-,-,2410,-,-,2,0,2,5,2060,2500,4150,1450
TXO,202609,20260916.0,44100.0,Call,-,-,-,-,2250,-,-,0,0,0,2,2130,-,2980,975
TXO,202609,20260916.0,44100.0,Put,-,-,-,-,2460,-,-,0,0,0,1,-,-,3780,1570
TXO,202609,20260916.0,44200.0,Call,-,-,-,-,2200,-,-,0,0,0,14,2090,-,4830,930
TXO,202609,20260916.0,44200.0,Put,-,-,-,-,2510,-,-,0,0,0,2,-,2600,5100,2100
TXO,202609,20260916.0,44300.0,Call,-,-,-,-,2160,-,-,0,0,0,2,1750,2280,2350,910
TXO,202609,20260916.0,44300.0,Put,-,-,-,-,2560,-,-,0,0,0,43,-,2660,3720,1980
TXO,202609,20260916.0,44400.0,Call,-,-,-,-,2110,-,-,0,0,0,0,1700,-,4130,860
TXO,202609,20260916.0,44400.0,Put,-,-,-,-,2620,-,-,0,0,0,1,-,-,3980,1660
TXO,202609,20260916.0,44500.0,Call,1900,2000,1900,2000,2070,▲+1115,▲+125.99%,0,3,3,3,1660,2180,5080,945
TXO,202609,20260916.0,44500.0,Put,-,-,-,-,2670,-,-,0,0,0,10,2620,2870,2400,1880
TXO,202609,20260916.0,44600.0,Call,-,-,-,-,2020,-,-,2,0,2,8,1890,-,4550,337
TXO,202609,20260916.0,44600.0,Put,-,-,-,-,2730,-,-,0,0,0,1,2670,2760,5580,2270
TXO,202609,20260916.0,44700.0,Call,1780,1780,1780,1780,1960,▲+945,▲+113.17%,0,1,1,7,1720,-,2780,835
TXO,202609,20260916.0,44700.0,Put,-,-,-,-,2760,-,-,0,0,0,0,2740,2980,-,-
TXO,202609,20260916.0,44800.0,Call,-,-,-,-,1910,-,-,0,0,0,2,1520,-,4950,600
TXO,202609,20260916.0,44800.0,Put,-,-,-,-,2820,-,-,0,0,0,0,2790,-,3700,1860
TXO,202609,20260916.0,44900.0,Call,-,-,-,-,1870,-,-,0,0,0,6,1760,-,2700,750
TXO,202609,20260916.0,44900.0,Put,-,-,-,-,2880,-,-,0,0,0,0,2850,-,-,-
TXO,202609,20260916.0,45000.0,Call,1660,1800,1530,1790,1820,▲+1025,▲+133.99%,3,11,14,40,1700,1900,5750,550
TXO,202609,20260916.0,45000.0,Put,2910,2910,2910,2910,2910,▼-2420,▼-45.40%,0,1,1,10,2860,3040,5600,1900
TXO,202609,20260916.0,45100.0,Call,1390,1620,1390,1620,1770,▲+880,▲+118.92%,0,4,4,4,1390,1900,2430,710
TXO,202609,20260916.0,45100.0,Put,-,-,-,-,2980,-,-,0,0,0,0,2950,-,-,-
TXO,202609,20260916.0,45200.0,Call,-,-,-,-,1730,-,-,0,0,0,6,1620,-,6110,550
TXO,202609,20260916.0,45200.0,Put,-,-,-,-,3040,-,-,0,0,0,0,3000,-,-,-
TXO,202609,20260916.0,45300.0,Call,1630,1630,1630,1630,1700,▲+950,▲+139.71%,0,1,1,7,1580,-,1630,680
TXO,202609,20260916.0,45300.0,Put,-,-,-,-,3100,-,-,0,0,0,0,3070,-,-,-
TXO,202609,20260916.0,45400.0,Call,-,-,-,-,1660,-,-,0,0,0,3,1540,-,3530,700
TXO,202609,20260916.0,45400.0,Put,-,-,-,-,3160,-,-,0,0,0,1,3120,-,2760,2210
TXO,202609,20260916.0,45500.0,Call,-,-,-,-,1620,-,-,0,0,0,2,2.3,-,2480,630
TXO,202609,20260916.0,45500.0,Put,-,-,-,-,3220,-,-,0,0,0,2,3180,-,3750,2300
TXO,202609,20260916.0,45600.0,Call,-,-,-,-,1580,-,-,1,0,1,5,1460,-,5400,630
TXO,202609,20260916.0,45600.0,Put,-,-,-,-,3280,-,-,0,0,0,0,3240,-,3320,3300
TXO,202609,20260916.0,45700.0,Call,-,-,-,-,1540,-,-,0,0,0,4,2.3,-,4250,690
TXO,202609,20260916.0,45700.0,Put,-,-,-,-,3340,-,-,0,0,0,0,3310,-,-,-
TXO,202609,20260916.0,45800.0,Call,-,-,-,-,1500,-,-,0,0,0,12,1380,1670,3830,600
TXO,202609,20260916.0,45800.0,Put,-,-,-,-,3400,-,-,0,0,0,2,3360,-,4150,2250
TXO,202609,20260916.0,45900.0,Call,-,-,-,-,1460,-,-,0,0,0,1,1070,1540,2030,715
TXO,202609,20260916.0,45900.0,Put,-,-,-,-,3470,-,-,0,0,0,0,3420,-,3530,3410
TXO,202609,20260916.0,46000.0,Call,1160,1280,1160,1280,1430,▲+710,▲+124.56%,13,5,18,29,1310,-,5040,470
TXO,202609,20260916.0,46000.0,Put,-,-,-,-,3530,-,-,0,0,0,4,3480,-,5600,2350
TXO,202609,20260916.0,46100.0,Call,-,-,-,-,1390,-,-,0,0,0,1,2.3,1560,3120,705
TXO,202609,20260916.0,46100.0,Put,-,-,-,-,3600,-,-,0,0,0,0,3550,-,3760,3430
TXO,202609,20260916.0,46200.0,Call,1170,1370,1160,1350,1350,▲+815,▲+152.34%,16,28,44,82,1300,1520,5360,500
TXO,202609,20260916.0,46200.0,Put,-,-,-,-,3660,-,-,0,0,0,2,3610,-,6310,2530
TXO,202609,20260916.0,46300.0,Call,1140,1360,1140,1360,1310,▲+845,▲+164.08%,0,2,2,3,1220,1480,1360,1130
TXO,202609,20260916.0,46300.0,Put,-,-,-,-,3710,-,-,0,0,0,0,3680,-,-,-
TXO,202609,20260916.0,46400.0,Call,-,-,-,-,1270,-,-,0,0,0,4,1190,1450,4700,715
TXO,202609,20260916.0,46400.0,Put,-,-,-,-,3780,-,-,0,0,0,0,3730,-,4360,3480
TXO,202609,20260916.0,46500.0,Call,915,1120,915,1060,1240,▲+580,▲+120.83%,9,9,18,44,860,1350,3900,460
TXO,202609,20260916.0,46500.0,Put,-,-,-,-,3840,-,-,0,0,0,37,3810,-,6610,3020
TXO,202609,20260916.0,46600.0,Call,-,-,-,-,1200,-,-,0,0,0,6,1120,1380,3760,540
TXO,202609,20260916.0,46600.0,Put,-,-,-,-,3900,-,-,0,0,0,1,3840,3970,6230,6230
TXO,202609,20260916.0,46700.0,Call,-,-,-,-,1170,-,-,0,0,0,6,2.3,1290,5130,484
TXO,202609,20260916.0,46700.0,Put,-,-,-,-,3970,-,-,0,0,0,0,3940,-,-,-
TXO,202609,20260916.0,46800.0,Call,980,1000,980,1000,1140,▲+564,▲+129.36%,0,6,6,6,760,1260,3180,500
TXO,202609,20260916.0,46800.0,Put,-,-,-,-,4040,-,-,0,0,0,2,4000,-,7400,2980
TXO,202609,20260916.0,46900.0,Call,-,-,-,-,1110,-,-,0,0,0,0,730,1280,3630,1330
TXO,202609,20260916.0,46900.0,Put,-,-,-,-,4110,-,-,0,0,0,0,4070,-,3700,3490
TXO,202609,20260916.0,47000.0,Call,910,1080,910,1060,1060,▲+650,▲+158.54%,6,10,16,159,880,1190,5010,385
TXO,202609,20260916.0,47000.0,Put,4180,4180,4180,4180,4180,▼-2790,▼-40.03%,0,1,1,42,4140,-,6680,2830
TXO,202609,20260916.0,47100.0,Call,1050,1050,1050,1050,1050,▲+652,▲+163.82%,0,1,1,1,670,1140,3480,555
TXO,202609,20260916.0,47100.0,Put,-,-,-,-,4250,-,-,0,0,0,0,-,-,-,-
TXO,202609,20260916.0,47200.0,Call,-,-,-,-,1020,-,-,5,0,5,5,640,1130,3600,448
TXO,202609,20260916.0,47200.0,Put,-,-,-,-,4320,-,-,0,0,0,4,4290,-,6660,3720
TXO,202609,20260916.0,47300.0,Call,-,-,-,-,990,-,-,0,0,0,6,610,1100,3600,365
TXO,202609,20260916.0,47300.0,Put,-,-,-,-,4390,-,-,0,0,0,0,4290,4450,-,-
TXO,202609,20260916.0,47400.0,Call,805,820,805,820,960,▲+469,▲+133.62%,0,2,2,3,875,1300,4760,341
TXO,202609,20260916.0,47400.0,Put,-,-,-,-,4460,-,-,0,0,0,1,4380,-,6660,6660
TXO,202609,20260916.0,47500.0,Call,-,-,-,-,930,-,-,0,0,0,83,555,1040,2240,310
TXO,202609,20260916.0,47500.0,Put,-,-,-,-,4530,-,-,0,0,0,0,-,-,-,-
TXO,202609,20260916.0,47600.0,Call,800,800,760,800,905,▲+471,▲+143.16%,0,7,7,9,530,1020,2000,364
TXO,202609,20260916.0,47600.0,Put,-,-,-,-,4610,-,-,0,0,0,1,4470,-,6960,6960
TXO,202609,20260916.0,47700.0,Call,600,850,600,850,880,▲+534,▲+168.99%,0,3,3,100,795,1050,1730,364
TXO,202609,20260916.0,47700.0,Put,-,-,-,-,4680,-,-,0,0,0,0,-,-,-,-
TXO,202609,20260916.0,47800.0,Call,685,685,685,685,855,▲+379,▲+123.86%,0,4,4,9,1.8,970,2000,291
TXO,202609,20260916.0,47800.0,Put,-,-,-,-,4760,-,-,0,0,0,1,4690,-,6790,6790
TXO,202609,20260916.0,47900.0,Call,-,-,-,-,830,-,-,0,0,0,51,745,1000,630,365
TXO,202609,20260916.0,47900.0,Put,-,-,-,-,4830,-,-,0,0,0,0,-,-,-,-
TXO,202609,20260916.0,48000.0,Call,484,715,484,715,810,▲+429,▲+150.00%,4,12,16,216,715,850,3130,273
TXO,202609,20260916.0,48000.0,Put,-,-,-,-,4910,-,-,0,0,0,5,4840,-,7110,2880
TXO,202609,20260916.0,48100.0,Call,-,-,-,-,785,-,-,0,0,0,0,695,955,2800,2780
TXO,202609,20260916.0,48100.0,Put,-,-,-,-,4990,-,-,0,0,0,0,-,-,4850,3390
TXO,202609,20260916.0,48200.0,Call,-,-,-,-,765,-,-,0,0,0,1,670,860,2850,246
TXO,202609,20260916.0,48200.0,Put,-,-,-,-,5060,-,-,0,0,0,3,4980,-,7310,7180
TXO,202609,20260916.0,48300.0,Call,660,660,660,660,740,▲+406,▲+159.84%,0,5,5,76,650,-,660,403
TXO,202609,20260916.0,48300.0,Put,-,-,-,-,5140,-,-,0,0,0,0,-,-,-,-
TXO,202609,20260916.0,48400.0,Call,715,715,715,715,715,▲+467,▲+188.31%,0,10,10,14,625,890,1980,248
TXO,202609,20260916.0,48400.0,Put,-,-,-,-,5210,-,-,0,0,0,7,5150,-,7590,7240
TXO,202609,20260916.0,48500.0,Call,-,-,-,-,695,-,-,0,0,0,14,605,860,990,240
TXO,202609,20260916.0,48500.0,Put,-,-,-,-,5290,-,-,0,0,0,0,-,-,-,-
TXO,202609,20260916.0,48600.0,Call,-,-,-,-,670,-,-,0,0,0,1,585,840,490,321
TXO,202609,20260916.0,48600.0,Put,-,-,-,-,5370,-,-,0,0,0,6,5290,-,7740,7480
TXO,202609,20260916.0,48700.0,Call,500,515,500,515,650,▲+297,▲+136.24%,1,4,5,5,565,755,1770,250
TXO,202609,20260916.0,48700.0,Put,-,-,-,-,5450,-,-,0,0,0,0,-,-,-,-
TXO,202609,20260916.0,48800.0,Call,-,-,-,-,630,-,-,0,0,0,1,540,735,2200,1050
TXO,202609,20260916.0,48800.0,Put,-,-,-,-,5530,-,-,0,0,0,2,5460,-,4910,4900
TXO,202609,20260916.0,48900.0,Call,-,-,-,-,610,-,-,0,0,0,4,525,770,3930,192
TXO,202609,20260916.0,48900.0,Put,-,-,-,-,5610,-,-,0,0,0,0,-,-,-,-
TXO,202609,20260916.0,49000.0,Call,401,550,401,550,595,▲+358,▲+186.46%,1,8,9,36,237,700,3880,172
TXO,202609,20260916.0,49000.0,Put,-,-,-,-,5690,-,-,0,0,0,4,-,-,8740,3460
TXO,202609,20260916.0,49100.0,Call,-,-,-,-,575,-,-,0,0,0,12,486,-,3500,253
TXO,202609,20260916.0,49100.0,Put,-,-,-,-,5770,-,-,0,0,0,1,5700,-,4510,4510
TXO,202609,20260916.0,49200.0,Call,-,-,-,-,555,-,-,0,0,0,2,462,705,2080,444
TXO,202609,20260916.0,49200.0,Put,-,-,-,-,5850,-,-,0,0,0,3,5780,-,5160,3750
TXO,202609,20260916.0,49300.0,Call,-,-,-,-,535,-,-,0,0,0,11,444,685,1560,166
TXO,202609,20260916.0,49300.0,Put,-,-,-,-,5930,-,-,0,0,0,0,-,-,-,-
TXO,202609,20260916.0,49400.0,Call,-,-,-,-,520,-,-,0,0,0,13,426,680,2710,360
TXO,202609,20260916.0,49400.0,Put,-,-,-,-,6010,-,-,0,0,0,0,-,-,-,-
TXO,202609,20260916.0,49500.0,Call,430,450,430,430,500,▲+270,▲+168.75%,0,3,3,18,409,635,1060,150
TXO,202609,20260916.0,49500.0,Put,-,-,-,-,6100,-,-,0,0,0,1,6030,-,4780,4780
TXO,202609,20260916.0,49600.0,Call,350,350,350,350,485,▲+196,▲+127.27%,0,1,1,10,391,-,1160,217
TXO,202609,20260916.0,49600.0,Put,-,-,-,-,6180,-,-,0,0,0,1,6110,-,4850,4850
TXO,202609,20260916.0,49700.0,Call,-,-,-,-,467,-,-,0,0,0,7,375,600,428,195
TXO,202609,20260916.0,49700.0,Put,-,-,-,-,6260,-,-,0,0,0,3,6190,-,4920,4920
TXO,202609,20260916.0,49800.0,Call,-,-,-,-,453,-,-,0,0,0,37,359,590,1760,324
TXO,202609,20260916.0,49800.0,Put,-,-,-,-,6350,-,-,0,0,0,0,-,-,-,-
TXO,202609,20260916.0,49900.0,Call,-,-,-,-,438,-,-,0,0,0,13,64,565,2050,192
TXO,202609,20260916.0,49900.0,Put,-,-,-,-,6430,-,-,0,0,0,0,-,-,-,-
TXO,202609,20260916.0,50000.0,Call,280,405,275,405,425,▲+271,▲+202.24%,16,59,75,328,326,436,3370,120
TXO,202609,20260916.0,50000.0,Put,-,-,-,-,6520,-,-,0,0,0,0,-,-,-,-
TXO,202609,20260916.0,50100.0,Call,260,260,260,260,411,▲+131,▲+101.55%,0,1,1,15,314,535,3360,121
TXO,202609,20260916.0,50100.0,Put,-,-,-,-,6600,-,-,0,0,0,0,-,-,-,-
TXO,202609,20260916.0,50200.0,Call,-,-,-,-,391,-,-,0,0,0,4,297,496,1800,188
TXO,202609,20260916.0,50200.0,Put,-,-,-,-,6680,-,-,0,0,0,0,-,-,-,-
TXO,202609,20260916.0,50300.0,Call,325,325,310,310,378,▲+197,▲+174.34%,0,2,2,17,282,398,1200,113
TXO,202609,20260916.0,50300.0,Put,-,-,-,-,6770,-,-,0,0,0,0,-,-,-,-
TXO,202609,20260916.0,50400.0,Call,-,-,-,-,365,-,-,0,0,0,62,196,-,3140,141
TXO,202609,20260916.0,50400.0,Put,-,-,-,-,6860,-,-,0,0,0,0,-,-,7650,5430
TXO,202609,20260916.0,50500.0,Call,240,339,240,339,353,▲+232,▲+216.82%,37,13,50,46,3.9,545,1080,101
TXO,202609,20260916.0,50500.0,Put,-,-,-,-,6950,-,-,0,0,0,0,-,-,-,-
TXO,202609,20260916.0,50600.0,Call,135,270,135,270,340,▲+165,▲+157.14%,1,4,5,16,246,-,1760,101
TXO,202609,20260916.0,50600.0,Put,-,-,-,-,7030,-,-,0,0,0,0,-,-,-,-
TXO,202609,20260916.0,50700.0,Call,-,-,-,-,327,-,-,10,0,10,5,228,437,1490,130
TXO,202609,20260916.0,50700.0,Put,-,-,-,-,7120,-,-,0,0,0,0,-,-,-,-
TXO,202609,20260916.0,50800.0,Call,-,-,-,-,314,-,-,7,0,7,10,219,417,2580,132
TXO,202609,20260916.0,50800.0,Put,-,-,-,-,7210,-,-,0,0,0,0,-,-,-,-
TXO,202609,20260916.0,50900.0,Call,-,-,-,-,299,-,-,3,0,3,6,203,437,1050,102
TXO,202609,20260916.0,50900.0,Put,-,-,-,-,7290,-,-,0,0,0,0,-,-,-,-
TXO,202609,20260916.0,51000.0,Call,182,288,182,288,288,▲+201,▲+231.03%,4,8,12,67,120,299,2360,91
TXO,202609,20260916.0,51000.0,Put,-,-,-,-,7380,-,-,0,0,0,0,-,-,-,-
TXO,202609,20260916.0,51100.0,Call,-,-,-,-,274,-,-,1,0,1,3,110,374,1820,90
TXO,202609,20260916.0,51100.0,Put,-,-,-,-,7470,-,-,0,0,0,0,-,-,-,-
TXO,202609,20260916.0,51200.0,Call,123,123,123,123,263,▲+42,▲+51.85%,1,2,3,13,98,371,2430,100
TXO,202609,20260916.0,51200.0,Put,-,-,-,-,7550,-,-,0,0,0,0,-,-,-,-
TXO,202609,20260916.0,51300.0,Call,-,-,-,-,253,-,-,0,0,0,20,88,-,840,169
TXO,202609,20260916.0,51300.0,Put,-,-,-,-,7640,-,-,0,0,0,0,-,-,-,-
TXO,202609,20260916.0,51400.0,Call,-,-,-,-,243,-,-,0,0,0,1,84,347,1830,79
TXO,202609,20260916.0,51400.0,Put,-,-,-,-,7730,-,-,0,0,0,0,-,-,-,-
TXO,202609,20260916.0,51500.0,Call,220,220,220,220,233,▲+151,▲+218.84%,0,2,2,13,139,338,920,80
TXO,202609,20260916.0,51500.0,Put,-,-,-,-,7830,-,-,0,0,0,0,7830,-,-,-
TXO,202609,20260916.0,51600.0,Call,-,-,-,-,224,-,-,0,0,0,7,126,324,810,81
TXO,202609,20260916.0,51600.0,Put,-,-,-,-,7910,-,-,0,0,0,0,-,-,-,-
TXO,202609,20260916.0,51700.0,Call,-,-,-,-,215,-,-,0,0,0,5,46,334,550,86
TXO,202609,20260916.0,51700.0,Put,-,-,-,-,8000,-,-,0,0,0,0,-,-,-,-
TXO,202609,20260916.0,51800.0,Call,-,-,-,-,206,-,-,0,0,0,21,36,323,1850,90
TXO,202609,20260916.0,51800.0,Put,-,-,-,-,8100,-,-,0,0,0,0,8100,-,-,-
TXO,202609,20260916.0,51900.0,Call,-,-,-,-,198,-,-,0,0,0,1,102,295,590,86
TXO,202609,20260916.0,51900.0,Put,-,-,-,-,8190,-,-,0,0,0,0,-,-,-,-
TXO,202609,20260916.0,52000.0,Call,160,160,149,155,190,▲+103,▲+198.08%,1,3,4,128,100,361,2210,52
TXO,202609,20260916.0,52000.0,Put,-,-,-,-,8280,-,-,0,0,0,0,-,-,-,-
TXO,202609,20260916.0,52100.0,Call,120,120,120,120,182,▲+68,▲+130.77%,0,1,1,3,85,210,590,72
TXO,202609,20260916.0,52100.0,Put,-,-,-,-,8370,-,-,0,0,0,0,-,-,-,-
TXO,202609,20260916.0,52200.0,Call,-,-,-,-,174,-,-,0,0,0,21,64,-,2340,74
TXO,202609,20260916.0,52200.0,Put,-,-,-,-,8460,-,-,0,0,0,0,-,-,-,-
TXO,202609,20260916.0,52300.0,Call,-,-,-,-,167,-,-,0,0,0,19,0.8,274,1880,51
TXO,202609,20260916.0,52300.0,Put,-,-,-,-,8550,-,-,0,0,0,0,-,-,-,-
TXO,202609,20260916.0,52400.0,Call,-,-,-,-,159,-,-,0,0,0,15,0.7,520,1880,74
TXO,202609,20260916.0,52400.0,Put,-,-,-,-,8650,-,-,0,0,0,0,-,-,-,-
TXO,202609,20260916.0,52500.0,Call,-,-,-,-,153,-,-,0,0,0,26,12,254,550,60
TXO,202609,20260916.0,52500.0,Put,-,-,-,-,8740,-,-,0,0,0,0,-,-,-,-
TXO,202609,20260916.0,52600.0,Call,96,96,88,88,146,▲+42.5,▲+93.41%,0,2,2,34,88,330,1390,60
TXO,202609,20260916.0,52600.0,Put,-,-,-,-,8830,-,-,0,0,0,0,-,-,-,-
TXO,202609,20260916.0,52700.0,Call,-,-,-,-,139,-,-,0,0,0,6,37.5,500,1890,68
TXO,202609,20260916.0,52700.0,Put,-,-,-,-,8930,-,-,0,0,0,0,-,-,-,-
TXO,202609,20260916.0,52800.0,Call,-,-,-,-,133,-,-,0,0,0,20,31,232,1930,52
TXO,202609,20260916.0,52800.0,Put,-,-,-,-,9020,-,-,0,0,0,0,-,-,-,-
TXO,202609,20260916.0,52900.0,Call,-,-,-,-,126,-,-,0,0,0,24,72,468,580,72
TXO,202609,20260916.0,52900.0,Put,-,-,-,-,9110,-,-,0,0,0,0,-,-,-,-
TXO,202609,20260916.0,53000.0,Call,60,109,60,109,121,▲+69,▲+172.50%,0,11,11,266,19,220,1240,36
TXO,202609,20260916.0,53000.0,Put,-,-,-,-,9210,-,-,0,0,0,0,-,-,-,-
TXO,202609,20260916.0,53100.0,Call,-,-,-,-,116,-,-,0,0,0,49,12.5,215,580,53
TXO,202609,20260916.0,53100.0,Put,-,-,-,-,9300,-,-,0,0,0,0,-,-,-,-
TXO,202609,20260916.0,53200.0,Call,-,-,-,-,110,-,-,0,0,0,3,10.5,475,1500,107
TXO,202609,20260916.0,53200.0,Put,-,-,-,-,9400,-,-,0,0,0,0,-,-,-,-
TXO,202609,20260916.0,53300.0,Call,-,-,-,-,106,-,-,0,0,0,26,80,204,580,61
TXO,202609,20260916.0,53300.0,Put,-,-,-,-,9490,-,-,0,0,0,0,-,-,-,-
TXO,202609,20260916.0,53400.0,Call,-,-,-,-,102,-,-,0,0,0,18,10.5,199,1000,59
TXO,202609,20260916.0,53400.0,Put,-,-,-,-,9590,-,-,0,0,0,0,-,9660,-,-
TXO,202609,20260916.0,53500.0,Call,60,60,52,52,98,▲+17.5,▲+50.72%,0,66,66,82,45.5,194,600,50
TXO,202609,20260916.0,53500.0,Put,-,-,-,-,9680,-,-,0,0,0,0,-,-,-,-
TXO,202609,20260916.0,53600.0,Call,-,-,-,-,94,-,-,0,0,0,21,10.5,188,1340,48.5
TXO,202609,20260916.0,53600.0,Put,-,-,-,-,9780,-,-,0,0,0,0,-,9850,-,-
TXO,202609,20260916.0,53700.0,Call,-,-,-,-,91,-,-,0,0,0,28,10.5,184,550,67
TXO,202609,20260916.0,53700.0,Put,-,-,-,-,9880,-,-,0,0,0,0,-,-,-,-
TXO,202609,20260916.0,53800.0,Call,-,-,-,-,87,-,-,0,0,0,24,10.5,160,1240,56
TXO,202609,20260916.0,53800.0,Put,-,-,-,-,9970,-,-,0,0,0,0,-,-,-,-
TXO,202609,20260916.0,53900.0,Call,76,76,70,70,84,▲+39.5,▲+129.51%,0,10,10,6,10.5,-,99,44
TXO,202609,20260916.0,53900.0,Put,-,-,-,-,10070,-,-,0,0,0,0,-,-,-,-
TXO,202609,20260916.0,54000.0,Call,50,66,45,66,80,▲+36,▲+120.00%,5,92,97,171,10.5,80,1400,30
TXO,202609,20260916.0,54000.0,Put,-,-,-,-,10160,-,-,0,0,0,0,10010,-,-,-
TXO,202609,20260916.0,54100.0,Call,-,-,-,-,77,-,-,0,0,0,9,10.5,438,83,31.5
TXO,202609,20260916.0,54100.0,Put,-,-,-,-,10260,-,-,0,0,0,0,-,-,-,-
TXO,202609,20260916.0,54200.0,Call,46,46,46,46,74,▲+18,▲+64.29%,0,2,2,10,10.5,435,250,31
TXO,202609,20260916.0,54200.0,Put,-,-,-,-,10360,-,-,0,0,0,0,-,-,-,-
TXO,202609,20260916.0,54300.0,Call,-,-,-,-,71,-,-,0,0,0,12,10.5,300,195,35
TXO,202609,20260916.0,54300.0,Put,-,-,-,-,10450,-,-,0,0,0,0,-,-,-,-
TXO,202609,20260916.0,54400.0,Call,-,-,-,-,69,-,-,0,0,0,15,10.5,429,1040,32
TXO,202609,20260916.0,54400.0,Put,-,-,-,-,10550,-,-,0,0,0,0,-,-,-,-
TXO,202609,20260916.0,54500.0,Call,50,52,49,51,66,▲+25.5,▲+100.00%,0,34,34,56,10.5,426,300,30
TXO,202609,20260916.0,54500.0,Put,-,-,-,-,10650,-,-,0,0,0,0,-,-,-,-
TXO,202609,20260916.0,54600.0,Call,-,-,-,-,63,-,-,0,0,0,46,10.5,153,1680,30
TXO,202609,20260916.0,54600.0,Put,-,-,-,-,10750,-,-,0,0,0,0,-,-,-,-
TXO,202609,20260916.0,54700.0,Call,-,-,-,-,61,-,-,0,0,0,22,10.5,420,382,29.5
TXO,202609,20260916.0,54700.0,Put,-,-,-,-,10840,-,-,0,0,0,0,-,-,-,-
TXO,202609,20260916.0,54800.0,Call,-,-,-,-,58,-,-,0,0,0,19,10.5,-,370,28.5
TXO,202609,20260916.0,54800.0,Put,-,-,-,-,10940,-,-,0,0,0,0,-,-,-,-
TXO,202609,20260916.0,54900.0,Call,36.5,36.5,36.5,36.5,56,▲+12.5,▲+52.08%,0,1,1,0,10.5,415,205,36.5
TXO,202609,20260916.0,54900.0,Put,-,-,-,-,11040,-,-,0,0,0,0,-,-,-,-
TXO,202609,20260916.0,55000.0,Call,-,-,-,-,54,-,-,0,0,0,181,36,119,1240,25
TXO,202609,20260916.0,55000.0,Put,-,-,-,-,11140,-,-,0,0,0,0,-,-,-,-
TXO,202609,20260916.0,55200.0,Call,-,-,-,-,49.5,-,-,0,0,0,3,10.5,408,350,30
TXO,202609,20260916.0,55200.0,Put,-,-,-,-,11330,-,-,0,0,0,0,11170,-,-,-
TXO,202609,20260916.0,55400.0,Call,-,-,-,-,45.5,-,-,0,0,0,29,10.5,136,800,24.5
TXO,202609,20260916.0,55400.0,Put,12880,12880,12880,12880,11530,▼-2080,▼-13.90%,0,1,1,182,-,11640,12880,9200
TXO,202609,20260916.0,55600.0,Call,-,-,-,-,42,-,-,0,0,0,12,10.5,133,1400,21
TXO,202609,20260916.0,55600.0,Put,-,-,-,-,11720,-,-,0,0,0,0,-,-,-,-
TXO,202609,20260916.0,55800.0,Call,29,30,18.5,19.5,19.5,▼-0.5,▼-2.50%,2,7,9,112,21.5,41,1350,15
TXO,202609,20260916.0,55800.0,Put,-,-,-,-,11920,-,-,0,0,0,0,-,-,-,-
TXO,202610,20261021.0,33900.0,Call,-,-,-,-,10450,-,-,0,0,0,0,-,-,-,-
TXO,202610,20261021.0,33900.0,Put,-,-,-,-,333,-,-,0,0,0,0,186,505,-,-
TXO,202610,20261021.0,34000.0,Call,-,-,-,-,10360,-,-,0,0,0,0,-,-,-,-
TXO,202610,20261021.0,34000.0,Put,-,-,-,-,344,-,-,1,0,1,1,192,515,780,780
TXO,202610,20261021.0,34100.0,Call,-,-,-,-,10270,-,-,0,0,0,0,-,-,-,-
TXO,202610,20261021.0,34100.0,Put,-,-,-,-,356,-,-,0,0,0,0,261,520,-,-
TXO,202610,20261021.0,34200.0,Call,-,-,-,-,10180,-,-,0,0,0,0,-,-,-,-
TXO,202610,20261021.0,34200.0,Put,-,-,-,-,368,-,-,0,0,0,1,270,467,810,810
TXO,202610,20261021.0,34300.0,Call,-,-,-,-,10090,-,-,0,0,0,0,-,-,-,-
TXO,202610,20261021.0,34300.0,Put,-,-,-,-,380,-,-,0,0,0,0,278,550,-,-
TXO,202610,20261021.0,34400.0,Call,-,-,-,-,10010,-,-,0,0,0,0,-,-,-,-
TXO,202610,20261021.0,34400.0,Put,-,-,-,-,392,-,-,0,0,0,0,288,565,-,-
TXO,202610,20261021.0,34500.0,Call,-,-,-,-,9920,-,-,0,0,0,0,-,-,-,-
TXO,202610,20261021.0,34500.0,Put,-,-,-,-,405,-,-,0,0,0,0,297,570,-,-
TXO,202610,20261021.0,34600.0,Call,-,-,-,-,9830,-,-,0,0,0,0,-,-,-,-
TXO,202610,20261021.0,34600.0,Put,-,-,-,-,418,-,-,0,0,0,0,308,590,-,-
TXO,202610,20261021.0,34700.0,Call,-,-,-,-,9750,-,-,0,0,0,0,-,-,-,-
TXO,202610,20261021.0,34700.0,Put,-,-,-,-,431,-,-,0,0,0,1,317,515,805,805
TXO,202610,20261021.0,34800.0,Call,-,-,-,-,9660,-,-,0,0,0,0,-,-,-,-
TXO,202610,20261021.0,34800.0,Put,-,-,-,-,445,-,-,0,0,0,0,328,610,-,-
TXO,202610,20261021.0,34900.0,Call,-,-,-,-,9570,-,-,0,0,0,0,-,-,-,-
TXO,202610,20261021.0,34900.0,Put,-,-,-,-,454,-,-,0,0,0,0,338,625,-,-
TXO,202610,20261021.0,35000.0,Call,-,-,-,-,9480,-,-,0,0,0,0,-,-,-,-
TXO,202610,20261021.0,35000.0,Put,-,-,-,-,465,-,-,0,0,0,2,163,555,1060,865
TXO,202610,20261021.0,35100.0,Call,-,-,-,-,9390,-,-,0,0,0,0,-,-,-,-
TXO,202610,20261021.0,35100.0,Put,-,-,-,-,474,-,-,0,0,0,0,359,660,-,-
TXO,202610,20261021.0,35200.0,Call,-,-,-,-,9310,-,-,0,0,0,0,-,-,-,-
TXO,202610,20261021.0,35200.0,Put,-,-,-,-,486,-,-,0,0,0,0,370,675,-,-
TXO,202610,20261021.0,35300.0,Call,-,-,-,-,9220,-,-,0,0,0,0,-,9360,-,-
TXO,202610,20261021.0,35300.0,Put,-,-,-,-,498,-,-,0,0,0,5,381,650,1070,1040
TXO,202610,20261021.0,35400.0,Call,-,-,-,-,9130,-,-,0,0,0,0,-,-,-,-
TXO,202610,20261021.0,35400.0,Put,-,-,-,-,510,-,-,0,0,0,1,392,590,1000,1000
TXO,202610,20261021.0,35500.0,Call,-,-,-,-,9040,-,-,0,0,0,0,-,-,-,-
TXO,202610,20261021.0,35500.0,Put,550,550,550,550,525,▼-590,▼-51.75%,0,1,1,1,445,710,550,550
TXO,202610,20261021.0,35600.0,Call,-,-,-,-,8960,-,-,0,0,0,0,-,-,-,-
TXO,202610,20261021.0,35600.0,Put,-,-,-,-,535,-,-,0,0,0,0,417,735,-,-
TXO,202610,20261021.0,35700.0,Call,-,-,-,-,8870,-,-,0,0,0,0,-,-,-,-
TXO,202610,20261021.0,35700.0,Put,-,-,-,-,550,-,-,0,0,0,0,430,750,-,-
TXO,202610,20261021.0,35800.0,Call,-,-,-,-,8780,-,-,0,0,0,0,-,-,-,-
TXO,202610,20261021.0,35800.0,Put,-,-,-,-,565,-,-,0,0,0,0,394,760,-,-
TXO,202610,20261021.0,35900.0,Call,-,-,-,-,8700,-,-,0,0,0,0,-,-,-,-
TXO,202610,20261021.0,35900.0,Put,-,-,-,-,575,-,-,0,0,0,0,455,785,-,-
TXO,202610,20261021.0,36000.0,Call,-,-,-,-,8610,-,-,0,0,0,0,-,-,-,-
TXO,202610,20261021.0,36000.0,Put,800,800,625,625,590,▼-645,▼-50.79%,0,7,7,25,468,710,1380,530
TXO,202610,20261021.0,36100.0,Call,-,-,-,-,8530,-,-,0,0,0,0,-,-,-,-
TXO,202610,20261021.0,36100.0,Put,-,-,-,-,605,-,-,0,0,0,1,482,680,690,690
TXO,202610,20261021.0,36200.0,Call,-,-,-,-,8440,-,-,0,0,0,0,-,-,-,-
TXO,202610,20261021.0,36200.0,Put,-,-,-,-,620,-,-,1,0,1,2,495,985,1120,640
TXO,202610,20261021.0,36300.0,Call,-,-,-,-,8360,-,-,0,0,0,0,-,-,-,-
TXO,202610,20261021.0,36300.0,Put,-,-,-,-,635,-,-,0,0,0,1,510,710,915,915
TXO,202610,20261021.0,36400.0,Call,-,-,-,-,8270,-,-,0,0,0,0,-,-,-,-
TXO,202610,20261021.0,36400.0,Put,-,-,-,-,650,-,-,0,0,0,0,530,865,-,-
TXO,202610,20261021.0,36500.0,Call,-,-,-,-,8190,-,-,0,0,0,0,-,-,-,-
TXO,202610,20261021.0,36500.0,Put,-,-,-,-,665,-,-,0,0,0,6,540,-,1510,635
TXO,202610,20261021.0,36600.0,Call,-,-,-,-,8100,-,-,0,0,0,0,-,-,-,-
TXO,202610,20261021.0,36600.0,Put,-,-,-,-,680,-,-,3,0,3,1,555,750,1110,635
TXO,202610,20261021.0,36700.0,Call,-,-,-,-,8020,-,-,0,0,0,0,-,-,-,-
TXO,202610,20261021.0,36700.0,Put,-,-,-,-,695,-,-,0,0,0,1,570,920,710,710
TXO,202610,20261021.0,36800.0,Call,-,-,-,-,7940,-,-,0,0,0,0,-,-,-,-
TXO,202610,20261021.0,36800.0,Put,-,-,-,-,710,-,-,0,0,0,0,585,940,-,-
TXO,202610,20261021.0,36900.0,Call,-,-,-,-,7850,-,-,0,0,0,0,-,-,-,-
TXO,202610,20261021.0,36900.0,Put,-,-,-,-,730,-,-,0,0,0,4,660,870,1620,740
TXO,202610,20261021.0,37000.0,Call,-,-,-,-,7770,-,-,0,0,0,0,-,-,-,-
TXO,202610,20261021.0,37000.0,Put,980,980,725,725,750,▼-835,▼-53.53%,0,3,3,18,620,980,980,725
TXO,202610,20261021.0,37100.0,Call,-,-,-,-,7690,-,-,0,0,0,0,-,-,-,-
TXO,202610,20261021.0,37100.0,Put,-,-,-,-,765,-,-,0,0,0,0,635,1010,-,-
TXO,202610,20261021.0,37200.0,Call,-,-,-,-,7600,-,-,0,0,0,0,-,-,-,-
TXO,202610,20261021.0,37200.0,Put,-,-,-,-,775,-,-,0,0,0,0,655,1020,1460,670
TXO,202610,20261021.0,37300.0,Call,-,-,-,-,7520,-,-,0,0,0,0,-,-,-,-
TXO,202610,20261021.0,37300.0,Put,-,-,-,-,790,-,-,0,0,0,0,725,1060,-,-
TXO,202610,20261021.0,37400.0,Call,-,-,-,-,7430,-,-,0,0,0,0,-,-,-,-
TXO,202610,20261021.0,37400.0,Put,-,-,-,-,800,-,-,0,0,0,1,720,1080,815,815
TXO,202610,20261021.0,37500.0,Call,-,-,-,-,7350,-,-,0,0,0,0,-,-,-,-
TXO,202610,20261021.0,37500.0,Put,-,-,-,-,825,-,-,0,0,0,0,770,1090,-,-
TXO,202610,20261021.0,37600.0,Call,-,-,-,-,7270,-,-,0,0,0,0,-,-,-,-
TXO,202610,20261021.0,37600.0,Put,-,-,-,-,845,-,-,0,0,0,4,785,990,850,780
TXO,202610,20261021.0,37700.0,Call,-,-,-,-,7200,-,-,0,0,0,0,-,-,-,-
TXO,202610,20261021.0,37700.0,Put,-,-,-,-,865,-,-,0,0,0,0,800,1150,-,-
TXO,202610,20261021.0,37800.0,Call,-,-,-,-,7120,-,-,0,0,0,0,-,-,-,-
TXO,202610,20261021.0,37800.0,Put,-,-,-,-,890,-,-,0,0,0,1,785,1160,885,885
TXO,202610,20261021.0,37900.0,Call,-,-,-,-,7040,-,-,0,0,0,0,-,-,-,-
TXO,202610,20261021.0,37900.0,Put,-,-,-,-,910,-,-,0,0,0,1,800,1180,900,900
TXO,202610,20261021.0,38000.0,Call,-,-,-,-,6960,-,-,0,0,0,0,-,-,-,-
TXO,202610,20261021.0,38000.0,Put,-,-,-,-,930,-,-,0,0,0,1,825,-,2000,980
TXO,202610,20261021.0,38100.0,Call,-,-,-,-,6880,-,-,0,0,0,0,-,6920,-,-
TXO,202610,20261021.0,38100.0,Put,-,-,-,-,955,-,-,0,0,0,1,860,1230,1380,820
TXO,202610,20261021.0,38200.0,Call,-,-,-,-,6810,-,-,0,0,0,0,6740,-,-,-
TXO,202610,20261021.0,38200.0,Put,-,-,-,-,975,-,-,0,0,0,1,900,1080,860,860
TXO,202610,20261021.0,38300.0,Call,-,-,-,-,6720,-,-,0,0,0,0,-,6850,-,-
TXO,202610,20261021.0,38300.0,Put,-,-,-,-,990,-,-,0,0,0,0,-,1280,-,-
TXO,202610,20261021.0,38400.0,Call,-,-,-,-,6640,-,-,0,0,0,0,-,-,-,-
TXO,202610,20261021.0,38400.0,Put,-,-,-,-,1010,-,-,0,0,0,1,945,1130,1930,1930
TXO,202610,20261021.0,38500.0,Call,-,-,-,-,6570,-,-,0,0,0,0,-,-,-,-
TXO,202610,20261021.0,38500.0,Put,-,-,-,-,1040,-,-,0,0,0,0,975,1320,2100,1000
TXO,202610,20261021.0,38600.0,Call,-,-,-,-,6500,-,-,0,0,0,0,-,6530,-,-
TXO,202610,20261021.0,38600.0,Put,-,-,-,-,1060,-,-,0,0,0,0,1000,1340,-,-
TXO,202610,20261021.0,38700.0,Call,-,-,-,-,6420,-,-,0,0,0,0,-,-,-,-
TXO,202610,20261021.0,38700.0,Put,-,-,-,-,1090,-,-,0,0,0,16,750,1200,2230,835
TXO,202610,20261021.0,38800.0,Call,-,-,-,-,6350,-,-,0,0,0,0,-,-,-,-
TXO,202610,20261021.0,38800.0,Put,-,-,-,-,1120,-,-,0,0,0,0,1050,-,-,-
TXO,202610,20261021.0,38900.0,Call,-,-,-,-,6280,-,-,0,0,0,0,-,-,-,-
TXO,202610,20261021.0,38900.0,Put,-,-,-,-,1140,-,-,0,0,0,0,1070,-,-,-
TXO,202610,20261021.0,39000.0,Call,-,-,-,-,6210,-,-,0,0,0,0,-,6310,-,-
TXO,202610,20261021.0,39000.0,Put,-,-,-,-,1170,-,-,0,0,0,16,1120,1280,1790,980
TXO,202610,20261021.0,39100.0,Call,-,-,-,-,6130,-,-,0,0,0,0,-,-,-,-
TXO,202610,20261021.0,39100.0,Put,-,-,-,-,1190,-,-,0,0,0,0,1120,-,-,-
TXO,202610,20261021.0,39200.0,Call,-,-,-,-,6050,-,-,0,0,0,0,-,-,-,-
TXO,202610,20261021.0,39200.0,Put,-,-,-,-,1220,-,-,0,0,0,0,1150,-,-,-
TXO,202610,20261021.0,39300.0,Call,-,-,-,-,5970,-,-,0,0,0,0,-,-,-,-
TXO,202610,20261021.0,39300.0,Put,-,-,-,-,1240,-,-,0,0,0,0,1170,-,-,-
TXO,202610,20261021.0,39400.0,Call,-,-,-,-,5890,-,-,0,0,0,0,-,-,-,-
TXO,202610,20261021.0,39400.0,Put,-,-,-,-,1260,-,-,0,0,0,0,1200,-,-,-
TXO,202610,20261021.0,39500.0,Call,-,-,-,-,5820,-,-,0,0,0,0,-,-,-,-
TXO,202610,20261021.0,39500.0,Put,-,-,-,-,1290,-,-,0,0,0,0,1230,1570,-,-
TXO,202610,20261021.0,39600.0,Call,-,-,-,-,5750,-,-,0,0,0,0,-,-,-,-
TXO,202610,20261021.0,39600.0,Put,-,-,-,-,1320,-,-,0,0,0,1,1220,1600,1250,1250
TXO,202610,20261021.0,39700.0,Call,-,-,-,-,5680,-,-,0,0,0,0,-,-,-,-
TXO,202610,20261021.0,39700.0,Put,-,-,-,-,1350,-,-,0,0,0,0,1280,-,-,-
TXO,202610,20261021.0,39800.0,Call,-,-,-,-,5620,-,-,0,0,0,0,-,5640,-,-
TXO,202610,20261021.0,39800.0,Put,-,-,-,-,1380,-,-,0,0,0,0,1310,-,-,-
TXO,202610,20261021.0,39900.0,Call,-,-,-,-,5540,-,-,1,0,1,1,-,5660,3150,3150
TXO,202610,20261021.0,39900.0,Put,-,-,-,-,1400,-,-,1,0,1,1,-,1510,2760,2760
TXO,202610,20261021.0,40000.0,Call,-,-,-,-,5470,-,-,0,0,0,0,-,-,-,-
TXO,202610,20261021.0,40000.0,Put,1760,1760,1350,1350,1430,▼-1390,▼-50.73%,5,6,11,4,1300,-,2490,1260
TXO,202610,20261021.0,40100.0,Call,-,-,-,-,5400,-,-,0,0,0,0,-,-,-,-
TXO,202610,20261021.0,40100.0,Put,-,-,-,-,1460,-,-,0,0,0,0,1390,-,-,-
TXO,202610,20261021.0,40200.0,Call,-,-,-,-,5330,-,-,0,0,0,0,-,-,-,-
TXO,202610,20261021.0,40200.0,Put,-,-,-,-,1490,-,-,0,0,0,0,-,-,-,-
TXO,202610,20261021.0,40300.0,Call,-,-,-,-,5260,-,-,0,0,0,0,-,-,-,-
TXO,202610,20261021.0,40300.0,Put,-,-,-,-,1520,-,-,0,0,0,18,-,1640,2940,2000
TXO,202610,20261021.0,40400.0,Call,-,-,-,-,5190,-,-,0,0,0,0,-,5220,-,-
TXO,202610,20261021.0,40400.0,Put,-,-,-,-,1550,-,-,0,0,0,0,-,-,-,-
TXO,202610,20261021.0,40500.0,Call,-,-,-,-,5120,-,-,0,0,0,0,-,-,-,-
TXO,202610,20261021.0,40500.0,Put,-,-,-,-,1580,-,-,0,0,0,1,1250,1690,2730,2730
TXO,202610,20261021.0,40600.0,Call,-,-,-,-,5050,-,-,0,0,0,0,-,-,-,-
TXO,202610,20261021.0,40600.0,Put,-,-,-,-,1610,-,-,0,0,0,1,-,1690,1260,1260
TXO,202610,20261021.0,40700.0,Call,-,-,-,-,4990,-,-,0,0,0,0,4630,5350,-,-
TXO,202610,20261021.0,40700.0,Put,-,-,-,-,1640,-,-,0,0,0,1,-,1750,1540,1540
TXO,202610,20261021.0,40800.0,Call,-,-,-,-,4920,-,-,0,0,0,9,4820,5270,3180,3010
TXO,202610,20261021.0,40800.0,Put,-,-,-,-,1680,-,-,0,0,0,8,1540,-,2920,2040
TXO,202610,20261021.0,40900.0,Call,-,-,-,-,4850,-,-,0,0,0,0,4660,5230,-,-
TXO,202610,20261021.0,40900.0,Put,-,-,-,-,1710,-,-,0,0,0,2,-,1800,3100,1490
TXO,202610,20261021.0,41000.0,Call,-,-,-,-,4790,-,-,0,0,0,2,4700,5070,2930,2930
TXO,202610,20261021.0,41000.0,Put,-,-,-,-,1750,-,-,0,0,0,5,-,1840,3020,1440
TXO,202610,20261021.0,41100.0,Call,-,-,-,-,4720,-,-,0,0,0,0,4500,5010,-,-
TXO,202610,20261021.0,41100.0,Put,-,-,-,-,1780,-,-,0,0,0,3,-,1890,2590,2500
TXO,202610,20261021.0,41200.0,Call,-,-,-,-,4660,-,-,0,0,0,1,4560,4940,3580,3580
TXO,202610,20261021.0,41200.0,Put,-,-,-,-,1810,-,-,0,0,0,31,-,1900,2540,1850
TXO,202610,20261021.0,41300.0,Call,-,-,-,-,4590,-,-,0,0,0,0,4360,4910,-,-
TXO,202610,20261021.0,41300.0,Put,-,-,-,-,1850,-,-,0,0,0,0,-,-,-,-
TXO,202610,20261021.0,41400.0,Call,-,-,-,-,4530,-,-,0,0,0,0,4300,4810,-,-
TXO,202610,20261021.0,41400.0,Put,-,-,-,-,1880,-,-,0,0,0,0,-,-,-,-
TXO,202610,20261021.0,41500.0,Call,-,-,-,-,4460,-,-,0,0,0,0,4240,4760,-,-
TXO,202610,20261021.0,41500.0,Put,-,-,-,-,1920,-,-,0,0,0,30,-,2040,2280,2200
TXO,202610,20261021.0,41600.0,Call,-,-,-,-,4400,-,-,0,0,0,1,4280,4690,3210,3210
TXO,202610,20261021.0,41600.0,Put,-,-,-,-,1960,-,-,0,0,0,12,1870,-,2550,1960
TXO,202610,20261021.0,41700.0,Call,-,-,-,-,4340,-,-,0,0,0,0,4110,4630,-,-
TXO,202610,20261021.0,41700.0,Put,-,-,-,-,1990,-,-,0,0,0,0,-,-,-,-
TXO,202610,20261021.0,41800.0,Call,-,-,-,-,4280,-,-,0,0,0,0,4050,4640,-,-
TXO,202610,20261021.0,41800.0,Put,-,-,-,-,2030,-,-,0,0,0,1,-,2150,2140,2140
TXO,202610,20261021.0,41900.0,Call,-,-,-,-,4220,-,-,0,0,0,0,3990,4510,-,-
TXO,202610,20261021.0,41900.0,Put,-,-,-,-,2070,-,-,0,0,0,1,-,2190,2830,2830
TXO,202610,20261021.0,42000.0,Call,-,-,-,-,4160,-,-,0,0,0,0,3950,4450,-,-
TXO,202610,20261021.0,42000.0,Put,-,-,-,-,2110,-,-,0,0,0,1,-,2230,3500,1570
TXO,202610,20261021.0,42100.0,Call,-,-,-,-,4100,-,-,0,0,0,0,3870,4390,-,-
TXO,202610,20261021.0,42100.0,Put,-,-,-,-,2150,-,-,0,0,0,0,-,2540,-,-
TXO,202610,20261021.0,42200.0,Call,-,-,-,-,4030,-,-,0,0,0,3,3830,4120,2250,2000
TXO,202610,20261021.0,42200.0,Put,-,-,-,-,2190,-,-,0,0,0,0,-,2580,-,-
TXO,202610,20261021.0,42300.0,Call,-,-,-,-,3970,-,-,0,0,0,0,3770,4330,-,-
TXO,202610,20261021.0,42300.0,Put,-,-,-,-,2230,-,-,0,0,0,0,-,2620,-,-
TXO,202610,20261021.0,42400.0,Call,-,-,-,-,3910,-,-,0,0,0,1,3830,4270,2960,2960
TXO,202610,20261021.0,42400.0,Put,-,-,-,-,2270,-,-,0,0,0,0,-,2660,3760,1940
TXO,202610,20261021.0,42500.0,Call,-,-,-,-,3860,-,-,3,0,3,1,3640,4020,2730,2120
TXO,202610,20261021.0,42500.0,Put,-,-,-,-,2310,-,-,0,0,0,0,-,2700,-,-
TXO,202610,20261021.0,42600.0,Call,-,-,-,-,3800,-,-,0,0,0,0,3600,4090,-,-
TXO,202610,20261021.0,42600.0,Put,-,-,-,-,2350,-,-,0,0,0,0,-,2740,-,-
TXO,202610,20261021.0,42700.0,Call,-,-,-,-,3750,-,-,0,0,0,0,3540,4080,-,-
TXO,202610,20261021.0,42700.0,Put,-,-,-,-,2400,-,-,0,0,0,0,-,-,-,-
TXO,202610,20261021.0,42800.0,Call,-,-,-,-,3690,-,-,0,0,0,0,3480,4020,-,-
TXO,202610,20261021.0,42800.0,Put,-,-,-,-,2440,-,-,0,0,0,0,-,2830,3100,1960
TXO,202610,20261021.0,42900.0,Call,-,-,-,-,3640,-,-,0,0,0,0,3440,3940,-,-
TXO,202610,20261021.0,42900.0,Put,-,-,-,-,2490,-,-,0,0,0,0,-,2870,-,-
TXO,202610,20261021.0,43000.0,Call,-,-,-,-,3580,-,-,0,0,0,0,3360,3920,-,-
TXO,202610,20261021.0,43000.0,Put,-,-,-,-,2530,-,-,0,0,0,1,2440,-,4200,2100
TXO,202610,20261021.0,43100.0,Call,-,-,-,-,3520,-,-,0,0,0,0,3310,3800,-,-
TXO,202610,20261021.0,43100.0,Put,-,-,-,-,2570,-,-,0,0,0,0,-,2960,-,-
TXO,202610,20261021.0,43200.0,Call,-,-,-,-,3470,-,-,0,0,0,0,3320,3770,-,-
TXO,202610,20261021.0,43200.0,Put,-,-,-,-,2620,-,-,0,0,0,0,-,-,-,-
TXO,202610,20261021.0,43300.0,Call,-,-,-,-,3420,-,-,0,0,0,0,3200,3720,-,-
TXO,202610,20261021.0,43300.0,Put,-,-,-,-,2660,-,-,0,0,0,0,-,3050,-,-
TXO,202610,20261021.0,43400.0,Call,-,-,-,-,3370,-,-,0,0,0,0,3210,3660,-,-
TXO,202610,20261021.0,43400.0,Put,-,-,-,-,2710,-,-,0,0,0,0,-,3100,-,-
TXO,202610,20261021.0,43500.0,Call,3080,3080,3080,3080,3320,▲+1290,▲+72.07%,0,4,4,4,3100,3470,3080,1570
TXO,202610,20261021.0,43500.0,Put,3050,3050,3050,3050,2760,▼-1630,▼-34.83%,0,2,2,2,-,2870,3050,3050
TXO,202610,20261021.0,43600.0,Call,-,-,-,-,3270,-,-,0,0,0,0,-,-,-,-
TXO,202610,20261021.0,43600.0,Put,-,-,-,-,2810,-,-,0,0,0,0,-,3190,-,-
TXO,202610,20261021.0,43700.0,Call,-,-,-,-,3220,-,-,0,0,0,0,2830,3550,-,-
TXO,202610,20261021.0,43700.0,Put,-,-,-,-,2860,-,-,0,0,0,0,-,3240,-,-
TXO,202610,20261021.0,43800.0,Call,2950,2950,2950,2950,3170,▲+1270,▲+75.60%,0,1,1,2,2780,3240,2950,1650
TXO,202610,20261021.0,43800.0,Put,2900,2900,2900,2900,2900,▼-1980,▼-40.57%,0,1,1,2,-,3010,3100,2900
TXO,202610,20261021.0,43900.0,Call,-,-,-,-,3120,-,-,0,0,0,0,2730,3450,-,-
TXO,202610,20261021.0,43900.0,Put,-,-,-,-,2970,-,-,0,0,0,1,-,3060,3140,3140
TXO,202610,20261021.0,44000.0,Call,-,-,-,-,3070,-,-,0,0,0,4,2680,3190,2110,1520
TXO,202610,20261021.0,44000.0,Put,-,-,-,-,3020,-,-,0,0,0,4,2890,3380,2770,2540
TXO,202610,20261021.0,44100.0,Call,-,-,-,-,3030,-,-,0,0,0,2,2630,3140,1620,1540
TXO,202610,20261021.0,44100.0,Put,3070,3070,3070,3070,3070,▼-2000,▼-39.45%,0,1,1,1,-,3430,3230,3070
TXO,202610,20261021.0,44200.0,Call,-,-,-,-,2980,-,-,0,0,0,0,2580,3300,-,-
TXO,202610,20261021.0,44200.0,Put,-,-,-,-,3120,-,-,0,0,0,0,-,3480,-,-
TXO,202610,20261021.0,44300.0,Call,-,-,-,-,2930,-,-,0,0,0,0,2530,3250,-,-
TXO,202610,20261021.0,44300.0,Put,-,-,-,-,3180,-,-,0,0,0,0,-,3530,-,-
TXO,202610,20261021.0,44400.0,Call,-,-,-,-,2890,-,-,0,0,0,3,2480,3010,1420,1410
TXO,202610,20261021.0,44400.0,Put,-,-,-,-,3230,-,-,0,0,0,0,-,3580,-,-
TXO,202610,20261021.0,44500.0,Call,-,-,-,-,2840,-,-,0,0,0,0,2430,3150,-,-
TXO,202610,20261021.0,44500.0,Put,-,-,-,-,3290,-,-,0,0,0,0,-,-,4990,2560
TXO,202610,20261021.0,44600.0,Call,-,-,-,-,2800,-,-,0,0,0,0,2380,3100,-,-
TXO,202610,20261021.0,44600.0,Put,-,-,-,-,3340,-,-,0,0,0,0,-,3690,-,-
TXO,202610,20261021.0,44700.0,Call,-,-,-,-,2750,-,-,0,0,0,9,2620,-,3380,1350
TXO,202610,20261021.0,44700.0,Put,-,-,-,-,3400,-,-,0,0,0,0,3020,3420,-,-
TXO,202610,20261021.0,44800.0,Call,2740,2780,2670,2730,2730,▲+1360,▲+99.27%,0,133,133,133,2560,3010,2780,2670
TXO,202610,20261021.0,44800.0,Put,-,-,-,-,3450,-,-,0,0,0,0,3130,3790,-,-
TXO,202610,20261021.0,44900.0,Call,-,-,-,-,2650,-,-,0,0,0,0,-,2960,-,-
TXO,202610,20261021.0,44900.0,Put,-,-,-,-,3490,-,-,0,0,0,0,3130,3640,-,-
TXO,202610,20261021.0,45000.0,Call,-,-,-,-,2600,-,-,0,0,0,0,-,2920,-,-
TXO,202610,20261021.0,45000.0,Put,-,-,-,-,3540,-,-,0,0,0,1,3180,3630,2600,2600
TXO,202610,20261021.0,45100.0,Call,-,-,-,-,2550,-,-,0,0,0,1,2430,2870,3040,3040
TXO,202610,20261021.0,45100.0,Put,-,-,-,-,3590,-,-,0,0,0,0,3290,3770,-,-
TXO,202610,20261021.0,45200.0,Call,-,-,-,-,2500,-,-,0,0,0,2,2390,2830,2330,1670
TXO,202610,20261021.0,45200.0,Put,-,-,-,-,3640,-,-,0,0,0,6,3500,3820,3950,2950
TXO,202610,20261021.0,45300.0,Call,-,-,-,-,2450,-,-,1,0,1,2,-,2530,1600,1130
TXO,202610,20261021.0,45300.0,Put,-,-,-,-,3690,-,-,0,0,0,0,3350,3880,-,-
TXO,202610,20261021.0,45400.0,Call,-,-,-,-,2410,-,-,0,0,0,0,2020,2740,-,-
TXO,202610,20261021.0,45400.0,Put,-,-,-,-,3750,-,-,0,0,0,0,3400,3930,-,-
TXO,202610,20261021.0,45500.0,Call,-,-,-,-,2370,-,-,0,0,0,0,2.3,-,2010,1160
TXO,202610,20261021.0,45500.0,Put,-,-,-,-,3800,-,-,0,0,0,0,3460,3990,-,-
TXO,202610,20261021.0,45600.0,Call,-,-,-,-,2330,-,-,0,0,0,1,2210,2650,2160,2160
TXO,202610,20261021.0,45600.0,Put,-,-,-,-,3860,-,-,0,0,0,0,3520,4040,-,-
TXO,202610,20261021.0,45700.0,Call,-,-,-,-,2290,-,-,0,0,0,0,1890,2610,-,-
TXO,202610,20261021.0,45700.0,Put,-,-,-,-,3920,-,-,0,0,0,0,-,4100,-,-
TXO,202610,20261021.0,45800.0,Call,-,-,-,-,2250,-,-,0,0,0,0,1850,2570,-,-
TXO,202610,20261021.0,45800.0,Put,-,-,-,-,3990,-,-,0,0,0,0,-,4160,-,-
TXO,202610,20261021.0,45900.0,Call,2220,2220,2220,2220,2220,▲+1130,▲+103.67%,0,1,1,2,1810,2530,2220,1160
TXO,202610,20261021.0,45900.0,Put,-,-,-,-,4050,-,-,0,0,0,0,3690,4220,-,-
TXO,202610,20261021.0,46000.0,Call,-,-,-,-,2160,-,-,0,0,0,12,2030,2490,2400,970
TXO,202610,20261021.0,46000.0,Put,-,-,-,-,4100,-,-,0,0,0,0,3750,4270,-,-
TXO,202610,20261021.0,46100.0,Call,-,-,-,-,2110,-,-,0,0,0,0,1730,2450,-,-
TXO,202610,20261021.0,46100.0,Put,-,-,-,-,4150,-,-,0,0,0,0,3810,4340,-,-
TXO,202610,20261021.0,46200.0,Call,-,-,-,-,2070,-,-,0,0,0,0,1690,2410,1580,1340
TXO,202610,20261021.0,46200.0,Put,-,-,-,-,4210,-,-,0,0,0,0,3870,4420,-,-
TXO,202610,20261021.0,46300.0,Call,-,-,-,-,2030,-,-,0,0,0,0,1650,2370,-,-
TXO,202610,20261021.0,46300.0,Put,-,-,-,-,4270,-,-,0,0,0,0,4150,4480,-,-
TXO,202610,20261021.0,46400.0,Call,-,-,-,-,2000,-,-,0,0,0,3,1870,2330,2400,790
TXO,202610,20261021.0,46400.0,Put,-,-,-,-,4330,-,-,0,0,0,0,-,4540,-,-
TXO,202610,20261021.0,46500.0,Call,-,-,-,-,1960,-,-,0,0,0,0,1570,2290,-,-
TXO,202610,20261021.0,46500.0,Put,-,-,-,-,4390,-,-,0,0,0,0,4060,4600,-,-
TXO,202610,20261021.0,46600.0,Call,-,-,-,-,1920,-,-,0,0,0,0,2.3,-,-,-
TXO,202610,20261021.0,46600.0,Put,-,-,-,-,4450,-,-,0,0,0,0,4120,4660,-,-
TXO,202610,20261021.0,46700.0,Call,-,-,-,-,1880,-,-,0,0,0,0,1500,2220,-,-
TXO,202610,20261021.0,46700.0,Put,-,-,-,-,4510,-,-,0,0,0,0,4180,4720,-,-
TXO,202610,20261021.0,46800.0,Call,-,-,-,-,1830,-,-,0,0,0,0,1460,2180,2150,905
TXO,202610,20261021.0,46800.0,Put,-,-,-,-,4560,-,-,0,0,0,0,4240,4780,-,-
TXO,202610,20261021.0,46900.0,Call,-,-,-,-,1790,-,-,0,0,0,0,2.3,-,-,-
TXO,202610,20261021.0,46900.0,Put,-,-,-,-,4630,-,-,0,0,0,0,4330,4830,-,-
TXO,202610,20261021.0,47000.0,Call,-,-,-,-,1760,-,-,1,0,1,0,1390,2110,1090,910
TXO,202610,20261021.0,47000.0,Put,-,-,-,-,4690,-,-,0,0,0,0,4390,4890,-,-
TXO,202610,20261021.0,47100.0,Call,-,-,-,-,1720,-,-,0,0,0,0,2.3,-,-,-
TXO,202610,20261021.0,47100.0,Put,-,-,-,-,4760,-,-,0,0,0,0,4440,4980,-,-
TXO,202610,20261021.0,47200.0,Call,-,-,-,-,1690,-,-,0,0,0,0,1320,2040,2250,1050
TXO,202610,20261021.0,47200.0,Put,-,-,-,-,4820,-,-,0,0,0,0,-,5040,-,-
TXO,202610,20261021.0,47300.0,Call,-,-,-,-,1660,-,-,1,0,1,2,1580,2010,1080,775
TXO,202610,20261021.0,47300.0,Put,-,-,-,-,4890,-,-,0,0,0,0,4570,5100,-,-
TXO,202610,20261021.0,47400.0,Call,-,-,-,-,1630,-,-,0,0,0,0,1250,-,-,-
TXO,202610,20261021.0,47400.0,Put,-,-,-,-,4960,-,-,0,0,0,0,4640,5170,-,-
TXO,202610,20261021.0,47500.0,Call,-,-,-,-,1600,-,-,1,0,1,1,1480,1830,2040,745
TXO,202610,20261021.0,47500.0,Put,-,-,-,-,5030,-,-,0,0,0,0,-,5230,-,-
TXO,202610,20261021.0,47600.0,Call,-,-,-,-,1560,-,-,0,0,0,0,1190,-,-,-
TXO,202610,20261021.0,47600.0,Put,-,-,-,-,5090,-,-,0,0,0,0,4770,5300,-,-
TXO,202610,20261021.0,47700.0,Call,1320,1600,1310,1600,1530,▲+880,▲+122.22%,13,11,24,0,2.3,-,2100,665
TXO,202610,20261021.0,47700.0,Put,-,-,-,-,5160,-,-,0,0,0,0,4840,5370,-,-
TXO,202610,20261021.0,47800.0,Call,-,-,-,-,1500,-,-,0,0,0,0,1120,-,-,-
TXO,202610,20261021.0,47800.0,Put,-,-,-,-,5230,-,-,0,0,0,0,4910,5440,-,-
TXO,202610,20261021.0,47900.0,Call,-,-,-,-,1470,-,-,0,0,0,0,1090,-,-,-
TXO,202610,20261021.0,47900.0,Put,-,-,-,-,5290,-,-,0,0,0,0,5010,5500,-,-
TXO,202610,20261021.0,48000.0,Call,1030,1270,1030,1270,1440,▲+615,▲+93.89%,1,2,3,4,1060,1560,1320,615
TXO,202610,20261021.0,48000.0,Put,-,-,-,-,5360,-,-,0,0,0,0,5080,5570,-,-
TXO,202610,20261021.0,48100.0,Call,-,-,-,-,1410,-,-,0,0,0,2,1030,1500,1630,1630
TXO,202610,20261021.0,48100.0,Put,-,-,-,-,5430,-,-,0,0,0,0,-,5640,-,-
TXO,202610,20261021.0,48200.0,Call,-,-,-,-,1380,-,-,0,0,0,0,1000,-,-,-
TXO,202610,20261021.0,48200.0,Put,-,-,-,-,5500,-,-,0,0,0,0,5140,5710,-,-
TXO,202610,20261021.0,48300.0,Call,-,-,-,-,1350,-,-,0,0,0,0,2.3,-,-,-
TXO,202610,20261021.0,48300.0,Put,-,-,-,-,5570,-,-,0,0,0,0,5260,5780,-,-
TXO,202610,20261021.0,48400.0,Call,-,-,-,-,1320,-,-,0,0,0,0,2.3,-,-,-
TXO,202610,20261021.0,48400.0,Put,-,-,-,-,5650,-,-,0,0,0,0,5330,5850,-,-
TXO,202610,20261021.0,48500.0,Call,-,-,-,-,1290,-,-,0,0,0,0,915,-,-,-
TXO,202610,20261021.0,48500.0,Put,-,-,-,-,5720,-,-,0,0,0,0,5400,5920,-,-
TXO,202610,20261021.0,48600.0,Call,-,-,-,-,1270,-,-,0,0,0,0,885,-,-,-
TXO,202610,20261021.0,48600.0,Put,-,-,-,-,5790,-,-,0,0,0,0,5420,5990,-,-
TXO,202610,20261021.0,48700.0,Call,-,-,-,-,1240,-,-,0,0,0,0,860,-,-,-
TXO,202610,20261021.0,48700.0,Put,-,-,-,-,5860,-,-,0,0,0,0,-,6060,-,-
TXO,202610,20261021.0,48800.0,Call,-,-,-,-,1210,-,-,0,0,0,0,2.3,-,730,630
TXO,202610,20261021.0,48800.0,Put,-,-,-,-,5930,-,-,0,0,0,0,-,-,-,-
TXO,202610,20261021.0,48900.0,Call,-,-,-,-,1190,-,-,0,0,0,0,805,-,-,-
TXO,202610,20261021.0,48900.0,Put,-,-,-,-,6010,-,-,0,0,0,0,5870,-,-,-
TXO,202610,20261021.0,49000.0,Call,-,-,-,-,1160,-,-,1,0,1,1,780,-,1010,650
TXO,202610,20261021.0,49000.0,Put,-,-,-,-,6080,-,-,0,0,0,0,-,-,-,-
TXO,202610,20261021.0,49100.0,Call,-,-,-,-,1140,-,-,0,0,0,0,755,-,-,-
TXO,202610,20261021.0,49100.0,Put,-,-,-,-,6160,-,-,0,0,0,0,-,-,-,-
TXO,202610,20261021.0,49200.0,Call,-,-,-,-,1110,-,-,0,0,0,2,1010,-,1390,600
TXO,202610,20261021.0,49200.0,Put,-,-,-,-,6230,-,-,0,0,0,0,-,-,-,-
TXO,202610,20261021.0,49300.0,Call,-,-,-,-,1090,-,-,0,0,0,0,705,-,-,-
TXO,202610,20261021.0,49300.0,Put,-,-,-,-,6310,-,-,0,0,0,0,-,-,-,-
TXO,202610,20261021.0,49400.0,Call,-,-,-,-,1060,-,-,0,0,0,0,680,-,-,-
TXO,202610,20261021.0,49400.0,Put,-,-,-,-,6380,-,-,0,0,0,0,-,-,-,-
TXO,202610,20261021.0,49500.0,Call,-,-,-,-,1020,-,-,1,0,1,1,655,1280,1410,480
TXO,202610,20261021.0,49500.0,Put,-,-,-,-,6440,-,-,0,0,0,0,-,-,-,-
TXO,202610,20261021.0,49600.0,Call,-,-,-,-,1000,-,-,0,0,0,0,630,1250,-,-
TXO,202610,20261021.0,49600.0,Put,-,-,-,-,6520,-,-,0,0,0,0,-,-,-,-
TXO,202610,20261021.0,49700.0,Call,-,-,-,-,975,-,-,0,0,0,0,610,1230,-,-
TXO,202610,20261021.0,49700.0,Put,-,-,-,-,6600,-,-,0,0,0,0,-,-,-,-
TXO,202610,20261021.0,49800.0,Call,-,-,-,-,955,-,-,1,0,1,1,585,1070,575,575
TXO,202610,20261021.0,49800.0,Put,-,-,-,-,6670,-,-,0,0,0,0,-,-,-,-
TXO,202610,20261021.0,49900.0,Call,-,-,-,-,930,-,-,0,0,0,1,850,1180,431,431
TXO,202610,20261021.0,49900.0,Put,-,-,-,-,6750,-,-,0,0,0,0,-,-,-,-
TXO,202610,20261021.0,50000.0,Call,950,950,950,950,910,▲+550,▲+137.50%,0,1,1,12,830,-,1180,400
TXO,202610,20261021.0,50000.0,Put,-,-,-,-,6830,-,-,0,0,0,0,-,-,-,-
TXO,202610,20261021.0,50100.0,Call,-,-,-,-,890,-,-,0,0,0,0,520,-,-,-
TXO,202610,20261021.0,50100.0,Put,-,-,-,-,6910,-,-,0,0,0,0,-,-,-,-
TXO,202610,20261021.0,50200.0,Call,-,-,-,-,875,-,-,0,0,0,1,2.2,980,740,300
TXO,202610,20261021.0,50200.0,Put,-,-,-,-,6990,-,-,0,0,0,0,6980,-,-,-
TXO,202610,20261021.0,50300.0,Call,-,-,-,-,855,-,-,0,0,0,0,2.2,-,-,-
TXO,202610,20261021.0,50300.0,Put,-,-,-,-,7070,-,-,0,0,0,0,-,-,-,-
TXO,202610,20261021.0,50400.0,Call,-,-,-,-,835,-,-,0,0,0,0,2.1,-,-,-
TXO,202610,20261021.0,50400.0,Put,-,-,-,-,7150,-,-,0,0,0,0,-,-,-,-
TXO,202610,20261021.0,50500.0,Call,-,-,-,-,820,-,-,0,0,0,2,2.1,915,890,620
TXO,202610,20261021.0,50500.0,Put,-,-,-,-,7230,-,-,0,0,0,0,-,-,-,-
TXO,202610,20261021.0,50600.0,Call,-,-,-,-,800,-,-,0,0,0,0,650,-,705,650
TXO,202610,20261021.0,50600.0,Put,-,-,-,-,7320,-,-,0,0,0,0,-,-,-,-
TXO,202610,20261021.0,50700.0,Call,-,-,-,-,780,-,-,0,0,0,0,690,1020,-,-
TXO,202610,20261021.0,50700.0,Put,-,-,-,-,7400,-,-,0,0,0,0,-,-,-,-
TXO,202610,20261021.0,50800.0,Call,-,-,-,-,760,-,-,0,0,0,2,620,915,615,322
TXO,202610,20261021.0,50800.0,Put,-,-,-,-,7480,-,-,0,0,0,0,-,-,-,-
TXO,202610,20261021.0,50900.0,Call,-,-,-,-,740,-,-,0,0,0,1,650,845,320,320
TXO,202610,20261021.0,50900.0,Put,-,-,-,-,7560,-,-,0,0,0,0,-,-,-,-
TXO,202610,20261021.0,51000.0,Call,-,-,-,-,725,-,-,3,0,3,13,630,885,700,300
TXO,202610,20261021.0,51000.0,Put,-,-,-,-,7640,-,-,0,0,0,0,-,-,-,-
TXO,202610,20261021.0,51100.0,Call,-,-,-,-,705,-,-,0,0,0,1,615,945,810,324
TXO,202610,20261021.0,51100.0,Put,-,-,-,-,7720,-,-,0,0,0,0,-,-,-,-
TXO,202610,20261021.0,51200.0,Call,-,-,-,-,690,-,-,0,0,0,1,595,795,323,323
TXO,202610,20261021.0,51200.0,Put,-,-,-,-,7800,-,-,0,0,0,0,-,-,-,-
TXO,202610,20261021.0,51300.0,Call,-,-,-,-,670,-,-,0,0,0,0,575,905,-,-
TXO,202610,20261021.0,51300.0,Put,-,-,-,-,7890,-,-,0,0,0,0,-,-,-,-
TXO,202610,20261021.0,51400.0,Call,-,-,-,-,655,-,-,0,0,0,0,560,-,-,-
TXO,202610,20261021.0,51400.0,Put,-,-,-,-,7970,-,-,0,0,0,0,-,-,-,-
TXO,202610,20261021.0,51500.0,Call,-,-,-,-,645,-,-,0,0,0,3,550,805,630,320
TXO,202610,20261021.0,51500.0,Put,-,-,-,-,8060,-,-,0,0,0,0,-,-,-,-
TXO,202610,20261021.0,51600.0,Call,-,-,-,-,630,-,-,0,0,0,0,530,860,-,-
TXO,202610,20261021.0,51600.0,Put,-,-,-,-,8140,-,-,0,0,0,0,-,-,-,-
TXO,202610,20261021.0,51700.0,Call,-,-,-,-,615,-,-,0,0,0,2,515,770,610,277
TXO,202610,20261021.0,51700.0,Put,-,-,-,-,8230,-,-,0,0,0,0,-,-,-,-
TXO,202610,20261021.0,51800.0,Call,-,-,-,-,600,-,-,0,0,0,0,499,825,-,-
TXO,202610,20261021.0,51800.0,Put,-,-,-,-,8310,-,-,0,0,0,0,-,-,-,-
TXO,202610,20261021.0,51900.0,Call,-,-,-,-,590,-,-,0,0,0,9,488,740,1080,300
TXO,202610,20261021.0,51900.0,Put,-,-,-,-,8400,-,-,0,0,0,0,-,-,-,-
TXO,202610,20261021.0,52000.0,Call,430,430,430,430,575,▲+191,▲+79.92%,0,1,1,18,470,730,1020,288
TXO,202610,20261021.0,52000.0,Put,-,-,-,-,8490,-,-,0,0,0,0,-,-,-,-
TXO,202610,20261021.0,52100.0,Call,-,-,-,-,560,-,-,0,0,0,0,460,760,-,-
TXO,202610,20261021.0,52100.0,Put,-,-,-,-,8570,-,-,0,0,0,0,-,-,-,-
TXO,202610,20261021.0,52200.0,Call,-,-,-,-,550,-,-,0,0,0,0,445,745,-,-
TXO,202610,20261021.0,52200.0,Put,-,-,-,-,8660,-,-,0,0,0,0,-,-,-,-
TXO,202610,20261021.0,52300.0,Call,-,-,-,-,535,-,-,0,0,0,1,432,630,1000,1000
TXO,202610,20261021.0,52300.0,Put,-,-,-,-,8750,-,-,0,0,0,0,-,-,-,-
TXO,202610,20261021.0,52400.0,Call,-,-,-,-,525,-,-,0,0,0,9,344,675,865,339
TXO,202610,20261021.0,52400.0,Put,-,-,-,-,8830,-,-,0,0,0,0,8810,-,-,-
TXO,202610,20261021.0,52500.0,Call,-,-,-,-,515,-,-,0,0,0,36,331,660,940,62
TXO,202610,20261021.0,52500.0,Put,-,-,-,-,8920,-,-,0,0,0,0,-,-,-,-
TXO,202612,20261216.0,25200.0,Call,-,-,-,-,19160,-,-,0,0,0,2,19060,-,22620,13580
TXO,202612,20261216.0,25200.0,Put,162,162,156,160,152,▼-65,▼-28.89%,4,7,11,257,140,160,985,145
TXO,202612,20261216.0,25400.0,Call,-,-,-,-,18970,-,-,0,0,0,0,-,-,-,-
TXO,202612,20261216.0,25400.0,Put,-,-,-,-,159,-,-,1,0,1,3,100,258,610,203
TXO,202612,20261216.0,25600.0,Call,-,-,-,-,18780,-,-,0,0,0,0,-,-,-,-
TXO,202612,20261216.0,25600.0,Put,-,-,-,-,165,-,-,0,0,0,7,2,246,750,164
TXO,202612,20261216.0,25800.0,Call,-,-,-,-,18580,-,-,0,0,0,0,-,-,-,-
TXO,202612,20261216.0,25800.0,Put,-,-,-,-,168,-,-,0,0,0,2,2,268,505,186
TXO,202612,20261216.0,26000.0,Call,-,-,-,-,18390,-,-,0,0,0,1,-,-,17230,7550
TXO,202612,20261216.0,26000.0,Put,-,-,-,-,174,-,-,0,0,0,39,2,258,1390,170
TXO,202612,20261216.0,26200.0,Call,-,-,-,-,18200,-,-,0,0,0,0,-,-,-,-
TXO,202612,20261216.0,26200.0,Put,-,-,-,-,180,-,-,0,0,0,8,5.5,278,1430,175
TXO,202612,20261216.0,26400.0,Call,-,-,-,-,18010,-,-,0,0,0,0,-,-,-,-
TXO,202612,20261216.0,26400.0,Put,-,-,-,-,187,-,-,0,0,0,11,84,276,1250,199
TXO,202612,20261216.0,26600.0,Call,-,-,-,-,17810,-,-,0,0,0,0,-,-,-,-
TXO,202612,20261216.0,26600.0,Put,200,200,200,200,192,▼-102,▼-33.77%,0,2,2,3,89,288,765,200
TXO,202612,20261216.0,26800.0,Call,-,-,-,-,17620,-,-,0,0,0,0,-,-,-,-
TXO,202612,20261216.0,26800.0,Put,-,-,-,-,197,-,-,0,0,0,3,96,296,1500,217
TXO,202612,20261216.0,27000.0,Call,-,-,-,-,17430,-,-,0,0,0,1,17320,-,18990,7500
TXO,202612,20261216.0,27000.0,Put,-,-,-,-,204,-,-,0,0,0,11,109,320,1590,215
TXO,202612,20261216.0,27200.0,Call,-,-,-,-,17240,-,-,0,0,0,0,-,-,-,-
TXO,202612,20261216.0,27200.0,Put,-,-,-,-,211,-,-,0,0,0,1,112,314,710,215
TXO,202612,20261216.0,27400.0,Call,-,-,-,-,17040,-,-,0,0,0,0,-,-,-,-
TXO,202612,20261216.0,27400.0,Put,-,-,-,-,217,-,-,0,0,0,15,115,330,1580,300
TXO,202612,20261216.0,27600.0,Call,-,-,-,-,16850,-,-,0,0,0,0,-,-,-,-
TXO,202612,20261216.0,27600.0,Put,-,-,-,-,225,-,-,0,0,0,1,122,338,1300,233
TXO,202612,20261216.0,27800.0,Call,-,-,-,-,16660,-,-,0,0,0,0,-,-,-,-
TXO,202612,20261216.0,27800.0,Put,-,-,-,-,233,-,-,0,0,0,2,129,346,1550,325
TXO,202612,20261216.0,28000.0,Call,-,-,-,-,16470,-,-,0,0,0,0,-,16720,-,-
TXO,202612,20261216.0,28000.0,Put,-,-,-,-,241,-,-,0,0,0,20,193,359,1680,225
TXO,202612,20261216.0,28200.0,Call,-,-,-,-,16290,-,-,0,0,0,0,-,16420,-,-
TXO,202612,20261216.0,28200.0,Put,-,-,-,-,252,-,-,0,0,0,11,166,371,1820,250
TXO,202612,20261216.0,28400.0,Call,-,-,-,-,16090,-,-,0,0,0,0,-,-,-,-
TXO,202612,20261216.0,28400.0,Put,-,-,-,-,256,-,-,0,0,0,6,154,383,1400,269
TXO,202612,20261216.0,28600.0,Call,-,-,-,-,15900,-,-,0,0,0,0,-,-,-,-
TXO,202612,20261216.0,28600.0,Put,-,-,-,-,266,-,-,0,0,0,3,162,397,1500,270
TXO,202612,20261216.0,28800.0,Call,-,-,-,-,15710,-,-,0,0,0,0,-,-,-,-
TXO,202612,20261216.0,28800.0,Put,-,-,-,-,277,-,-,0,0,0,6,202,371,1550,310
TXO,202612,20261216.0,29000.0,Call,-,-,-,-,15530,-,-,0,0,0,0,-,15760,-,-
TXO,202612,20261216.0,29000.0,Put,-,-,-,-,287,-,-,0,0,0,3,181,423,1860,263
TXO,202612,20261216.0,29200.0,Call,-,-,-,-,15340,-,-,0,0,0,0,-,-,-,-
TXO,202612,20261216.0,29200.0,Put,-,-,-,-,297,-,-,0,0,0,4,192,439,1860,315
TXO,202612,20261216.0,29400.0,Call,-,-,-,-,15150,-,-,0,0,0,0,-,-,-,-
TXO,202612,20261216.0,29400.0,Put,-,-,-,-,307,-,-,0,0,0,3,202,455,1700,300
TXO,202612,20261216.0,29600.0,Call,-,-,-,-,14960,-,-,0,0,0,0,-,-,-,-
TXO,202612,20261216.0,29600.0,Put,390,390,390,390,319,▼-165,▼-29.73%,0,1,1,1,214,476,1650,390
TXO,202612,20261216.0,29800.0,Call,-,-,-,-,14780,-,-,0,0,0,0,-,-,11600,5120
TXO,202612,20261216.0,29800.0,Put,-,-,-,-,332,-,-,0,0,0,3,235,493,1700,306
TXO,202612,20261216.0,30000.0,Call,-,-,-,-,14590,-,-,0,0,0,0,-,14820,11910,4660
TXO,202612,20261216.0,30000.0,Put,-,-,-,-,345,-,-,0,0,0,40,298,498,1880,300
TXO,202612,20261216.0,30200.0,Call,-,-,-,-,14410,-,-,0,0,0,0,-,-,14870,4700
TXO,202612,20261216.0,30200.0,Put,-,-,-,-,359,-,-,0,0,0,3,275,510,715,510
TXO,202612,20261216.0,30400.0,Call,-,-,-,-,14220,-,-,0,0,0,0,-,14340,-,-
TXO,202612,20261216.0,30400.0,Put,-,-,-,-,373,-,-,0,0,0,10,288,525,510,510
TXO,202612,20261216.0,30600.0,Call,-,-,-,-,14040,-,-,0,0,0,0,-,-,-,-
TXO,202612,20261216.0,30600.0,Put,-,-,-,-,387,-,-,0,0,0,5,277,545,2010,350
TXO,202612,20261216.0,30800.0,Call,-,-,-,-,13850,-,-,0,0,0,0,-,-,-,-
TXO,202612,20261216.0,30800.0,Put,-,-,-,-,402,-,-,0,0,0,25,291,545,2700,550
TXO,202612,20261216.0,31000.0,Call,-,-,-,-,13670,-,-,0,0,0,0,-,-,-,-
TXO,202612,20261216.0,31000.0,Put,-,-,-,-,417,-,-,0,0,0,33,306,565,1220,420
TXO,202612,20261216.0,31200.0,Call,-,-,-,-,13490,-,-,0,0,0,0,-,13600,4700,3750
TXO,202612,20261216.0,31200.0,Put,-,-,-,-,433,-,-,0,0,0,0,321,635,730,675
TXO,202612,20261216.0,31400.0,Call,-,-,-,-,13300,-,-,0,0,0,0,-,-,-,-
TXO,202612,20261216.0,31400.0,Put,-,-,-,-,448,-,-,0,0,0,0,338,650,-,-
TXO,202612,20261216.0,31600.0,Call,-,-,-,-,13120,-,-,0,0,0,0,-,-,7950,5480
TXO,202612,20261216.0,31600.0,Put,510,510,510,510,463,▼-305,▼-37.42%,0,1,1,5,355,550,1870,510
TXO,202612,20261216.0,31800.0,Call,-,-,-,-,12940,-,-,0,0,0,0,-,-,10560,5580
TXO,202612,20261216.0,31800.0,Put,-,-,-,-,483,-,-,0,0,0,0,398,695,-,-
TXO,202612,20261216.0,32000.0,Call,-,-,-,-,12760,-,-,0,0,0,0,-,-,9600,3560
TXO,202612,20261216.0,32000.0,Put,600,600,600,600,505,▼-285,▼-32.20%,2,1,3,4,392,655,3270,420
TXO,202612,20261216.0,32200.0,Call,-,-,-,-,12590,-,-,0,0,0,0,-,12790,-,-
TXO,202612,20261216.0,32200.0,Put,-,-,-,-,525,-,-,0,0,0,1,410,635,3130,650
TXO,202612,20261216.0,32400.0,Call,-,-,-,-,12410,-,-,0,0,0,0,-,12610,11650,3460
TXO,202612,20261216.0,32400.0,Put,-,-,-,-,540,-,-,0,0,0,4,430,690,3250,545
TXO,202612,20261216.0,32600.0,Call,-,-,-,-,12230,-,-,0,0,0,0,-,-,-,-
TXO,202612,20261216.0,32600.0,Put,-,-,-,-,560,-,-,0,0,0,15,450,715,1160,560
TXO,202612,20261216.0,32800.0,Call,-,-,-,-,12050,-,-,0,0,0,0,-,-,-,-
TXO,202612,20261216.0,32800.0,Put,-,-,-,-,580,-,-,0,0,0,6,472,825,1920,605
TXO,202612,20261216.0,33000.0,Call,-,-,-,-,11870,-,-,0,0,0,0,-,12070,13520,3000
TXO,202612,20261216.0,33000.0,Put,650,660,650,660,605,▼-420,▼-38.89%,0,2,2,25,498,695,3280,565
TXO,202612,20261216.0,33200.0,Call,-,-,-,-,11700,-,-,0,0,0,0,-,-,4180,3280
TXO,202612,20261216.0,33200.0,Put,-,-,-,-,630,-,-,0,0,0,0,520,890,780,540
TXO,202612,20261216.0,33400.0,Call,-,-,-,-,11530,-,-,0,0,0,0,-,11720,10800,2780
TXO,202612,20261216.0,33400.0,Put,-,-,-,-,660,-,-,0,0,0,2,540,760,3450,1010
TXO,202612,20261216.0,33600.0,Call,-,-,-,-,11360,-,-,0,0,0,0,-,-,10850,2640
TXO,202612,20261216.0,33600.0,Put,-,-,-,-,685,-,-,0,0,0,3,565,820,4010,785
TXO,202612,20261216.0,33800.0,Call,-,-,-,-,11190,-,-,0,0,0,0,-,-,-,-
TXO,202612,20261216.0,33800.0,Put,-,-,-,-,710,-,-,0,0,0,0,590,975,1670,995
TXO,202612,20261216.0,34000.0,Call,-,-,-,-,11010,-,-,0,0,0,0,-,-,12700,3130
TXO,202612,20261216.0,34000.0,Put,-,-,-,-,735,-,-,1,0,1,17,620,1100,3620,700
TXO,202612,20261216.0,34200.0,Call,-,-,-,-,10840,-,-,0,0,0,0,-,-,8850,5200
TXO,202612,20261216.0,34200.0,Put,-,-,-,-,765,-,-,0,0,0,1,670,1040,1780,985
TXO,202612,20261216.0,34400.0,Call,-,-,-,-,10670,-,-,0,0,0,0,-,-,-,-
TXO,202612,20261216.0,34400.0,Put,-,-,-,-,795,-,-,0,0,0,0,472,1090,2600,950
TXO,202612,20261216.0,34600.0,Call,-,-,-,-,10500,-,-,0,0,0,0,-,-,-,-
TXO,202612,20261216.0,34600.0,Put,-,-,-,-,825,-,-,0,0,0,1,0.3,1120,2670,1030
TXO,202612,20261216.0,34800.0,Call,-,-,-,-,10340,-,-,0,0,0,0,-,-,4830,3240
TXO,202612,20261216.0,34800.0,Put,-,-,-,-,855,-,-,0,0,0,0,500,1150,3120,3040
TXO,202612,20261216.0,35000.0,Call,-,-,-,-,10170,-,-,0,0,0,0,-,-,12910,2200
TXO,202612,20261216.0,35000.0,Put,900,900,860,860,890,▼-680,▼-44.16%,1,3,4,13,535,1000,2100,720
TXO,202612,20261216.0,35200.0,Call,-,-,-,-,10000,-,-,0,0,0,0,-,-,4590,3370
TXO,202612,20261216.0,35200.0,Put,-,-,-,-,920,-,-,0,0,0,1,565,1020,3000,3000
TXO,202612,20261216.0,35400.0,Call,-,-,-,-,9830,-,-,0,0,0,0,-,10010,9450,3340
TXO,202612,20261216.0,35400.0,Put,-,-,-,-,945,-,-,0,0,0,7,600,1070,1300,980
TXO,202612,20261216.0,35600.0,Call,-,-,-,-,9670,-,-,0,0,0,0,-,-,12870,2380
TXO,202612,20261216.0,35600.0,Put,-,-,-,-,985,-,-,0,0,0,1,0.3,1320,4020,1010
TXO,202612,20261216.0,35800.0,Call,-,-,-,-,9510,-,-,0,0,0,0,-,-,7020,6410
TXO,202612,20261216.0,35800.0,Put,-,-,-,-,1020,-,-,0,0,0,1,675,-,2000,1020
TXO,202612,20261216.0,36000.0,Call,-,-,-,-,9360,-,-,0,0,0,1,9250,-,8050,1950
TXO,202612,20261216.0,36000.0,Put,-,-,-,-,1060,-,-,0,0,0,34,940,1420,3300,930
TXO,202612,20261216.0,36200.0,Call,-,-,-,-,9200,-,-,0,0,0,0,-,9360,7130,1470
TXO,202612,20261216.0,36200.0,Put,-,-,-,-,1110,-,-,0,0,0,0,0.3,1450,-,-
TXO,202612,20261216.0,36400.0,Call,-,-,-,-,9030,-,-,0,0,0,0,-,-,10490,1390
TXO,202612,20261216.0,36400.0,Put,-,-,-,-,1140,-,-,0,0,0,1,795,1500,2020,1450
TXO,202612,20261216.0,36600.0,Call,-,-,-,-,8870,-,-,0,0,0,0,-,-,6880,1320
TXO,202612,20261216.0,36600.0,Put,-,-,-,-,1180,-,-,0,0,0,0,835,1550,2130,1450
TXO,202612,20261216.0,36800.0,Call,-,-,-,-,8720,-,-,0,0,0,0,-,-,11890,1260
TXO,202612,20261216.0,36800.0,Put,-,-,-,-,1230,-,-,0,0,0,50,880,1350,2670,945
TXO,202612,20261216.0,37000.0,Call,-,-,-,-,8570,-,-,0,0,0,4,-,8620,12020,1350
TXO,202612,20261216.0,37000.0,Put,-,-,-,-,1270,-,-,2,0,2,27,1160,1640,3150,1000
TXO,202612,20261216.0,37200.0,Call,-,-,-,-,8410,-,-,0,0,0,0,8320,-,9030,1740
TXO,202612,20261216.0,37200.0,Put,-,-,-,-,1310,-,-,0,0,0,0,970,1690,-,-
TXO,202612,20261216.0,37400.0,Call,-,-,-,-,8260,-,-,0,0,0,0,-,-,10760,1280
TXO,202612,20261216.0,37400.0,Put,-,-,-,-,1360,-,-,0,0,0,1,1020,1740,1540,1210
TXO,202612,20261216.0,37600.0,Call,-,-,-,-,8110,-,-,0,0,0,2,-,8240,1260,1260
TXO,202612,20261216.0,37600.0,Put,-,-,-,-,1410,-,-,0,0,0,0,1070,1790,2950,1380
TXO,202612,20261216.0,37800.0,Call,-,-,-,-,7950,-,-,0,0,0,1,-,8090,11540,1240
TXO,202612,20261216.0,37800.0,Put,-,-,-,-,1450,-,-,0,0,0,4,1120,1560,2900,2000
TXO,202612,20261216.0,38000.0,Call,-,-,-,-,7800,-,-,0,0,0,21,7690,-,7630,1230
TXO,202612,20261216.0,38000.0,Put,-,-,-,-,1500,-,-,11,0,11,12,1370,1890,3430,1360
TXO,202612,20261216.0,38200.0,Call,-,-,-,-,7660,-,-,0,0,0,0,-,-,7280,1200
TXO,202612,20261216.0,38200.0,Put,-,-,-,-,1550,-,-,0,0,0,20,1220,1660,1900,1500
TXO,202612,20261216.0,38400.0,Call,-,-,-,-,7510,-,-,0,0,0,0,-,-,7140,1270
TXO,202612,20261216.0,38400.0,Put,-,-,-,-,1600,-,-,0,0,0,0,0.3,-,-,-
TXO,202612,20261216.0,38600.0,Call,-,-,-,-,7370,-,-,0,0,0,3,-,7500,10540,1080
TXO,202612,20261216.0,38600.0,Put,-,-,-,-,1660,-,-,0,0,0,2,1330,1770,3100,1430
TXO,202612,20261216.0,38800.0,Call,-,-,-,-,7230,-,-,0,0,0,0,-,-,10770,775
TXO,202612,20261216.0,38800.0,Put,-,-,-,-,1720,-,-,0,0,0,1,1600,2110,1510,1510
TXO,202612,20261216.0,39000.0,Call,-,-,-,-,7090,-,-,0,0,0,4,-,7210,9290,1100
TXO,202612,20261216.0,39000.0,Put,-,-,-,-,1780,-,-,0,0,0,123,1660,2170,3690,1570
TXO,202612,20261216.0,39200.0,Call,-,-,-,-,6940,-,-,0,0,0,0,-,7080,10280,1290
TXO,202612,20261216.0,39200.0,Put,-,-,-,-,1830,-,-,0,0,0,0,0.3,-,3680,1930
TXO,202612,20261216.0,39400.0,Call,-,-,-,-,6810,-,-,0,0,0,0,-,-,11070,1300
TXO,202612,20261216.0,39400.0,Put,-,-,-,-,1890,-,-,0,0,0,0,1570,2290,3380,3130
TXO,202612,20261216.0,39600.0,Call,-,-,-,-,6670,-,-,0,0,0,0,-,-,11070,750
TXO,202612,20261216.0,39600.0,Put,-,-,-,-,1950,-,-,1,0,1,5,1840,2350,3660,1430
TXO,202612,20261216.0,39800.0,Call,-,-,-,-,6530,-,-,0,0,0,0,-,-,11350,1250
TXO,202612,20261216.0,39800.0,Put,-,-,-,-,2010,-,-,0,0,0,0,1690,2410,4080,3550
TXO,202612,20261216.0,40000.0,Call,6360,6360,6360,6360,6400,▲+2080,▲+48.60%,2,1,3,12,-,-,9010,705
TXO,202612,20261216.0,40000.0,Put,-,-,-,-,2080,-,-,0,0,0,110,1970,2300,3960,1550
TXO,202612,20261216.0,40200.0,Call,-,-,-,-,6270,-,-,0,0,0,1,-,6380,4720,2200
TXO,202612,20261216.0,40200.0,Put,-,-,-,-,2150,-,-,0,0,0,0,0.3,-,3430,2030
TXO,202612,20261216.0,40400.0,Call,-,-,-,-,6130,-,-,0,0,0,1,5880,6250,8140,695
TXO,202612,20261216.0,40400.0,Put,-,-,-,-,2210,-,-,0,0,0,0,1890,2610,2820,2700
TXO,202612,20261216.0,40600.0,Call,-,-,-,-,6000,-,-,0,0,0,1,5830,6100,5300,740
TXO,202612,20261216.0,40600.0,Put,-,-,-,-,2280,-,-,0,0,0,1,1960,2680,2750,1930
TXO,202612,20261216.0,40800.0,Call,-,-,-,-,5880,-,-,0,0,0,15,5700,5970,9640,1410
TXO,202612,20261216.0,40800.0,Put,-,-,-,-,2350,-,-,0,0,0,3,0.3,2450,3980,2620
TXO,202612,20261216.0,41000.0,Call,-,-,-,-,5760,-,-,0,0,0,6,5590,5840,9160,675
TXO,202612,20261216.0,41000.0,Put,-,-,-,-,2430,-,-,0,0,0,50,2110,2530,4390,2680
TXO,202612,20261216.0,41200.0,Call,-,-,-,-,5620,-,-,0,0,0,0,5460,6000,5620,3150
TXO,202612,20261216.0,41200.0,Put,-,-,-,-,2490,-,-,0,0,0,2,2180,2590,4410,3050
TXO,202612,20261216.0,41400.0,Call,-,-,-,-,5500,-,-,0,0,0,30,5190,5590,10000,360
TXO,202612,20261216.0,41400.0,Put,-,-,-,-,2570,-,-,0,0,0,1,-,2660,4540,1870
TXO,202612,20261216.0,41600.0,Call,-,-,-,-,5380,-,-,0,0,0,11,5200,5480,6550,1450
TXO,202612,20261216.0,41600.0,Put,-,-,-,-,2650,-,-,1,0,1,2,2560,-,4290,2020
TXO,202612,20261216.0,41800.0,Call,5000,5000,5000,5000,5270,▲+1600,▲+47.06%,0,1,1,15,5090,5350,8490,710
TXO,202612,20261216.0,41800.0,Put,-,-,-,-,2730,-,-,0,0,0,0,-,3130,4390,2000
TXO,202612,20261216.0,42000.0,Call,4880,4880,4880,4880,5150,▲+1580,▲+47.88%,0,1,1,72,4970,5230,8720,800
TXO,202612,20261216.0,42000.0,Put,3100,3100,3100,3100,2810,▼-1280,▼-29.22%,3,1,4,107,2670,-,4950,2250
TXO,202612,20261216.0,42200.0,Call,-,-,-,-,5030,-,-,0,0,0,1,4850,5090,8040,1500
TXO,202612,20261216.0,42200.0,Put,-,-,-,-,2890,-,-,0,0,0,100,2750,3300,3610,2630
TXO,202612,20261216.0,42400.0,Call,4670,4720,4670,4720,4920,▲+1570,▲+49.84%,0,2,2,0,4730,5050,5850,1260
TXO,202612,20261216.0,42400.0,Put,-,-,-,-,2980,-,-,0,0,0,0,-,3380,4790,3250
TXO,202612,20261216.0,42600.0,Call,-,-,-,-,4810,-,-,0,0,0,2,4710,5170,7280,965
TXO,202612,20261216.0,42600.0,Put,-,-,-,-,3070,-,-,0,0,0,0,-,-,4770,3040
TXO,202612,20261216.0,42800.0,Call,-,-,-,-,4700,-,-,0,0,0,1,4600,5030,4950,2510
TXO,202612,20261216.0,42800.0,Put,-,-,-,-,3160,-,-,0,0,0,0,-,3550,-,-
TXO,202612,20261216.0,43000.0,Call,4350,4480,4350,4480,4590,▲+1590,▲+55.02%,0,3,3,63,4390,4660,9700,1130
TXO,202612,20261216.0,43000.0,Put,-,-,-,-,3250,-,-,1,0,1,70,3150,3640,5020,2300
TXO,202612,20261216.0,43200.0,Call,4260,4260,4260,4260,4490,▲+1450,▲+51.60%,0,1,1,0,4260,4830,4670,1400
TXO,202612,20261216.0,43200.0,Put,-,-,-,-,3340,-,-,0,0,0,0,-,3730,-,-
TXO,202612,20261216.0,43400.0,Call,-,-,-,-,4390,-,-,0,0,0,0,4010,4730,7410,4950
TXO,202612,20261216.0,43400.0,Put,-,-,-,-,3440,-,-,5,0,5,0,-,3820,5280,2860
TXO,202612,20261216.0,43600.0,Call,4120,4120,4120,4120,4290,▲+1480,▲+56.06%,0,1,1,1,0.3,-,5510,950
TXO,202612,20261216.0,43600.0,Put,-,-,-,-,3540,-,-,0,0,0,0,-,-,4780,4740
TXO,202612,20261216.0,43800.0,Call,-,-,-,-,4190,-,-,0,0,0,1,3800,4520,8340,1020
TXO,202612,20261216.0,43800.0,Put,-,-,-,-,3650,-,-,0,0,0,1,-,3730,4460,4460
TXO,202612,20261216.0,44000.0,Call,4100,4100,4100,4100,4100,▲+1610,▲+64.66%,0,1,1,2,3700,4420,8350,2260
TXO,202612,20261216.0,44000.0,Put,-,-,-,-,3750,-,-,0,0,0,101,3590,4110,4770,2700
TXO,202612,20261216.0,44200.0,Call,3910,4080,3910,4080,4000,▲+1650,▲+67.90%,0,2,2,2,0.3,-,5630,600
TXO,202612,20261216.0,44200.0,Put,-,-,-,-,3850,-,-,0,0,0,61,-,3920,4890,3160
TXO,202612,20261216.0,44400.0,Call,-,-,-,-,3900,-,-,0,0,0,2,3770,-,6730,930
TXO,202612,20261216.0,44400.0,Put,4210,4210,4210,4210,3940,▼-1600,▼-27.54%,0,1,1,100,3810,-,4660,3660
TXO,202612,20261216.0,44600.0,Call,-,-,-,-,3800,-,-,0,0,0,10,3670,-,5770,890
TXO,202612,20261216.0,44600.0,Put,4180,4180,4180,4180,4040,▼-1760,▼-29.63%,0,1,1,2,-,4410,6030,3220
TXO,202612,20261216.0,44800.0,Call,-,-,-,-,3690,-,-,0,0,0,1,3300,3800,2320,2320
TXO,202612,20261216.0,44800.0,Put,-,-,-,-,4130,-,-,0,0,0,2,4020,4510,5600,3560
TXO,202612,20261216.0,45000.0,Call,3630,3630,3630,3630,3580,▲+1470,▲+68.06%,0,1,1,4,3470,3920,6790,2600
TXO,202612,20261216.0,45000.0,Put,-,-,-,-,4220,-,-,0,0,0,101,4130,-,6200,3200
TXO,202612,20261216.0,45200.0,Call,3430,3430,3430,3430,3490,▲+1350,▲+64.90%,0,2,2,1,3110,3630,6620,925
TXO,202612,20261216.0,45200.0,Put,-,-,-,-,4330,-,-,0,0,0,0,-,4720,6690,4500
TXO,202612,20261216.0,45400.0,Call,-,-,-,-,3410,-,-,0,0,0,3,3290,3740,6500,2250
TXO,202612,20261216.0,45400.0,Put,-,-,-,-,4450,-,-,0,0,0,1,4340,4830,6540,3220
TXO,202612,20261216.0,45600.0,Call,-,-,-,-,3310,-,-,0,0,0,3,3200,3650,6160,1070
TXO,202612,20261216.0,45600.0,Put,-,-,-,-,4550,-,-,0,0,0,0,4260,4770,7000,3920
TXO,202612,20261216.0,45800.0,Call,-,-,-,-,3220,-,-,0,0,0,1,2840,3350,3070,1980
TXO,202612,20261216.0,45800.0,Put,-,-,-,-,4650,-,-,0,0,0,0,4370,4880,-,-
TXO,202612,20261216.0,46000.0,Call,-,-,-,-,3140,-,-,0,0,0,225,3020,3470,5560,1640
TXO,202612,20261216.0,46000.0,Put,-,-,-,-,4770,-,-,0,0,0,190,4650,4970,7060,3750
TXO,202612,20261216.0,46200.0,Call,-,-,-,-,3060,-,-,0,0,0,0,0.3,-,2620,2450
TXO,202612,20261216.0,46200.0,Put,-,-,-,-,4890,-,-,0,0,0,1,4520,5000,7260,4400
TXO,202612,20261216.0,46400.0,Call,-,-,-,-,2960,-,-,0,0,0,5,2840,3300,5700,1560
TXO,202612,20261216.0,46400.0,Put,-,-,-,-,4990,-,-,0,0,0,0,4710,5230,5970,5150
TXO,202612,20261216.0,46600.0,Call,-,-,-,-,2870,-,-,0,0,0,51,2500,3020,6500,1500
TXO,202612,20261216.0,46600.0,Put,-,-,-,-,5100,-,-,0,0,0,0,4790,5300,-,-
TXO,202612,20261216.0,46800.0,Call,-,-,-,-,2800,-,-,0,0,0,11,2420,2940,5870,1500
TXO,202612,20261216.0,46800.0,Put,-,-,-,-,5220,-,-,0,0,0,2,4950,5350,7770,7490
TXO,202612,20261216.0,47000.0,Call,-,-,-,-,2720,-,-,0,0,0,40,2340,2860,6430,1420
TXO,202612,20261216.0,47000.0,Put,-,-,-,-,5350,-,-,0,0,0,8,5220,5540,7620,3860
TXO,202612,20261216.0,47200.0,Call,-,-,-,-,2630,-,-,0,0,0,61,2260,2770,4830,2100
TXO,202612,20261216.0,47200.0,Put,-,-,-,-,5460,-,-,0,0,0,0,5180,5660,-,-
TXO,202612,20261216.0,47400.0,Call,-,-,-,-,2550,-,-,0,0,0,62,2180,2700,5670,2070
TXO,202612,20261216.0,47400.0,Put,-,-,-,-,5580,-,-,0,0,0,1,5320,5720,6210,6210
TXO,202612,20261216.0,47600.0,Call,-,-,-,-,2480,-,-,0,0,0,48,2110,2620,5180,1100
TXO,202612,20261216.0,47600.0,Put,-,-,-,-,5710,-,-,0,0,0,0,5400,5940,6310,4920
TXO,202612,20261216.0,47800.0,Call,-,-,-,-,2410,-,-,0,0,0,10,0.3,2550,5050,1290
TXO,202612,20261216.0,47800.0,Put,-,-,-,-,5840,-,-,0,0,0,2,5560,5970,5750,4890
TXO,202612,20261216.0,48000.0,Call,-,-,-,-,2340,-,-,2,0,2,45,0.3,2450,5100,1330
TXO,202612,20261216.0,48000.0,Put,-,-,-,-,5960,-,-,0,0,0,3,5700,6090,8030,5020
TXO,202612,20261216.0,48200.0,Call,-,-,-,-,2270,-,-,0,0,0,1,1890,2410,3960,2250
TXO,202612,20261216.0,48200.0,Put,-,-,-,-,6090,-,-,0,0,0,1,5830,6220,5860,5860
TXO,202612,20261216.0,48400.0,Call,-,-,-,-,2210,-,-,1,0,1,1,0.3,2310,5700,1570
TXO,202612,20261216.0,48400.0,Put,-,-,-,-,6220,-,-,0,0,0,0,5870,6430,-,-
TXO,202612,20261216.0,48600.0,Call,-,-,-,-,2150,-,-,0,0,0,0,1760,2480,4880,3450
TXO,202612,20261216.0,48600.0,Put,-,-,-,-,6360,-,-,0,0,0,0,6090,6580,6090,4600
TXO,202612,20261216.0,48800.0,Call,-,-,-,-,2080,-,-,0,0,0,0,1690,2410,-,-
TXO,202612,20261216.0,48800.0,Put,-,-,-,-,6490,-,-,0,0,0,4,6180,6620,8920,6400
TXO,202612,20261216.0,49000.0,Call,-,-,-,-,2010,-,-,0,0,0,19,1630,2170,5280,1070
TXO,202612,20261216.0,49000.0,Put,-,-,-,-,6630,-,-,0,0,0,0,6360,6830,6900,5850
TXO,202612,20261216.0,49200.0,Call,-,-,-,-,1950,-,-,0,0,0,16,2.3,2090,4080,1100
TXO,202612,20261216.0,49200.0,Put,-,-,-,-,6760,-,-,0,0,0,0,6460,6990,-,-
TXO,202612,20261216.0,49400.0,Call,-,-,-,-,1890,-,-,0,0,0,1,1810,-,3760,1490
TXO,202612,20261216.0,49400.0,Put,-,-,-,-,6900,-,-,0,0,0,2,6640,7030,8650,8650
TXO,202612,20261216.0,49600.0,Call,-,-,-,-,1840,-,-,0,0,0,10,1690,-,4800,1160
TXO,202612,20261216.0,49600.0,Put,-,-,-,-,7040,-,-,0,0,0,0,6690,7220,6900,5500
TXO,202612,20261216.0,49800.0,Call,-,-,-,-,1780,-,-,3,0,3,1,1700,2110,2780,960
TXO,202612,20261216.0,49800.0,Put,-,-,-,-,7190,-,-,0,0,0,0,6880,7410,-,-
TXO,202612,20261216.0,50000.0,Call,-,-,-,-,1720,-,-,0,0,0,21,1640,2050,5000,920
TXO,202612,20261216.0,50000.0,Put,-,-,-,-,7320,-,-,0,0,0,4,7020,7450,9900,9660
TXO,202612,20261216.0,50200.0,Call,-,-,-,-,1670,-,-,0,0,0,3,1270,1990,4800,945
TXO,202612,20261216.0,50200.0,Put,-,-,-,-,7470,-,-,0,0,0,0,7120,7700,-,-
TXO,202612,20261216.0,50400.0,Call,-,-,-,-,1620,-,-,0,0,0,25,1220,1730,5200,840
TXO,202612,20261216.0,50400.0,Put,-,-,-,-,7620,-,-,0,0,0,3,7550,7820,9460,9450
TXO,202612,20261216.0,50600.0,Call,-,-,-,-,1570,-,-,0,0,0,0,1170,1890,3640,3380
TXO,202612,20261216.0,50600.0,Put,-,-,-,-,7770,-,-,0,0,0,0,7390,-,-,-
TXO,202612,20261216.0,50800.0,Call,1200,1200,1200,1200,1520,▲+350,▲+41.18%,1,1,2,6,1120,1610,3620,955
TXO,202612,20261216.0,50800.0,Put,-,-,-,-,7920,-,-,0,0,0,0,-,-,-,-
TXO,202612,20261216.0,51000.0,Call,1280,1280,1200,1200,1470,▲+380,▲+46.34%,0,3,3,8,1380,1790,4420,1200
TXO,202612,20261216.0,51000.0,Put,-,-,-,-,8060,-,-,0,0,0,0,-,-,-,-
TXO,202612,20261216.0,51200.0,Call,-,-,-,-,1420,-,-,0,0,0,0,1020,1740,-,-
TXO,202612,20261216.0,51200.0,Put,-,-,-,-,8220,-,-,0,0,0,0,-,-,-,-
TXO,202612,20261216.0,51400.0,Call,-,-,-,-,1380,-,-,0,0,0,0,975,1690,1950,1550
TXO,202612,20261216.0,51400.0,Put,-,-,-,-,8370,-,-,0,0,0,0,-,-,-,-
TXO,202612,20261216.0,51600.0,Call,-,-,-,-,1330,-,-,0,0,0,0,930,1650,3280,2950
TXO,202612,20261216.0,51600.0,Put,-,-,-,-,8520,-,-,0,0,0,0,-,-,-,-
TXO,202612,20261216.0,51800.0,Call,-,-,-,-,1280,-,-,0,0,0,6,885,1400,2550,2050
TXO,202612,20261216.0,51800.0,Put,-,-,-,-,8670,-,-,0,0,0,0,-,-,-,-
TXO,202612,20261216.0,52000.0,Call,1020,1020,1020,1020,1240,▲+330,▲+47.83%,0,1,1,8,845,1360,3380,800
TXO,202612,20261216.0,52000.0,Put,-,-,-,-,8830,-,-,0,0,0,0,-,-,-,-
TXO,202612,20261216.0,52200.0,Call,-,-,-,-,1200,-,-,0,0,0,0,2.3,1520,1150,800
TXO,202612,20261216.0,52200.0,Put,-,-,-,-,8990,-,-,0,0,0,0,-,-,-,-
TXO,202612,20261216.0,52400.0,Call,1110,1110,1050,1050,1160,▲+405,▲+62.79%,0,2,2,6,1070,1480,3950,1050
TXO,202612,20261216.0,52400.0,Put,-,-,-,-,9150,-,-,0,0,0,4,-,9290,8790,8780
TXO,202612,20261216.0,52600.0,Call,-,-,-,-,1130,-,-,0,0,0,2,725,1250,1820,690
TXO,202612,20261216.0,52600.0,Put,-,-,-,-,9310,-,-,0,0,0,0,-,-,-,-
TXO,202612,20261216.0,52800.0,Call,-,-,-,-,1090,-,-,0,0,0,2,1000,1410,2770,1390
TXO,202612,20261216.0,52800.0,Put,-,-,-,-,9470,-,-,0,0,0,0,-,-,-,-
TXO,202612,20261216.0,53000.0,Call,-,-,-,-,1050,-,-,0,0,0,6,650,1160,2970,910
TXO,202612,20261216.0,53000.0,Put,-,-,-,-,9630,-,-,0,0,0,0,-,-,-,-
TXO,202612,20261216.0,53200.0,Call,-,-,-,-,1020,-,-,0,0,0,13,865,1340,3950,1700
TXO,202612,20261216.0,53200.0,Put,-,-,-,-,9800,-,-,0,0,0,0,-,-,-,-
TXO,202612,20261216.0,53400.0,Call,-,-,-,-,985,-,-,0,0,0,4,890,1300,2870,1500
TXO,202612,20261216.0,53400.0,Put,-,-,-,-,9960,-,-,0,0,0,0,-,-,-,-
TXO,202612,20261216.0,53600.0,Call,-,-,-,-,950,-,-,0,0,0,1,860,1270,900,900
TXO,202612,20261216.0,53600.0,Put,-,-,-,-,10130,-,-,0,0,0,0,-,-,-,-
TXO,202612,20261216.0,53800.0,Call,-,-,-,-,920,-,-,0,0,0,3,825,1240,2640,472
TXO,202612,20261216.0,53800.0,Put,-,-,-,-,10300,-,-,0,0,0,0,-,-,-,-
TXO,202612,20261216.0,54000.0,Call,-,-,-,-,885,-,-,0,0,0,3,488,995,3360,745
TXO,202612,20261216.0,54000.0,Put,-,-,-,-,10460,-,-,0,0,0,0,-,-,-,-
TXO,202612,20261216.0,54200.0,Call,-,-,-,-,860,-,-,0,0,0,0,2.3,1170,-,-
TXO,202612,20261216.0,54200.0,Put,-,-,-,-,10630,-,-,0,0,0,0,-,-,-,-
TXO,202612,20261216.0,54400.0,Call,-,-,-,-,830,-,-,0,0,0,3,430,940,2050,421
TXO,202612,20261216.0,54400.0,Put,-,-,-,-,10800,-,-,0,0,0,0,-,-,-,-
TXO,202612,20261216.0,54600.0,Call,-,-,-,-,805,-,-,0,0,0,1,705,1120,1420,1420
TXO,202612,20261216.0,54600.0,Put,-,-,-,-,10970,-,-,0,0,0,0,-,-,-,-
TXO,202612,20261216.0,54800.0,Call,-,-,-,-,775,-,-,0,0,0,10,675,875,3060,605
TXO,202612,20261216.0,54800.0,Put,-,-,-,-,11140,-,-,0,0,0,0,-,-,-,-
TXO,202612,20261216.0,55000.0,Call,-,-,-,-,745,-,-,7,0,7,30,650,920,2920,372
TXO,202612,20261216.0,55000.0,Put,-,-,-,-,11310,-,-,0,0,0,0,-,-,-,-
TXO,202612,20261216.0,55200.0,Call,-,-,-,-,720,-,-,0,0,0,2,560,1020,1980,1370
TXO,202612,20261216.0,55200.0,Put,-,-,-,-,11490,-,-,0,0,0,0,-,-,-,-
TXO,202612,20261216.0,55400.0,Call,-,-,-,-,695,-,-,0,0,0,4,600,870,2930,370
TXO,202612,20261216.0,55400.0,Put,-,-,-,-,11660,-,-,0,0,0,0,-,-,-,-
TXO,202612,20261216.0,55600.0,Call,-,-,-,-,670,-,-,0,0,0,0,575,950,2150,345
TXO,202612,20261216.0,55600.0,Put,-,-,-,-,11830,-,-,0,0,0,0,-,-,-,-
TXO,202612,20261216.0,55800.0,Call,-,-,-,-,650,-,-,0,0,0,32,484,820,3020,575
TXO,202612,20261216.0,55800.0,Put,-,-,-,-,12010,-,-,0,0,0,0,-,-,-,-
TXO,202612,20261216.0,56000.0,Call,500,500,500,500,625,▲+146,▲+41.24%,0,6,6,21,530,790,2170,500
TXO,202612,20261216.0,56000.0,Put,-,-,-,-,12190,-,-,0,0,0,0,-,-,-,-
TXO,202612,20261216.0,56200.0,Call,-,-,-,-,605,-,-,0,0,0,0,505,880,1900,319
TXO,202612,20261216.0,56200.0,Put,-,-,-,-,12360,-,-,0,0,0,0,-,-,-,-
TXO,202612,20261216.0,56400.0,Call,-,-,-,-,585,-,-,0,0,0,0,488,840,1770,290
TXO,202612,20261216.0,56400.0,Put,-,-,-,-,12540,-,-,0,0,0,0,-,-,-,-
TXO,202612,20261216.0,56600.0,Call,-,-,-,-,565,-,-,0,0,0,0,469,815,-,-
TXO,202612,20261216.0,56600.0,Put,-,-,-,-,12720,-,-,0,0,0,0,12700,-,-,-
TXO,202612,20261216.0,56800.0,Call,-,-,-,-,545,-,-,0,0,0,0,450,-,1830,342
TXO,202612,20261216.0,56800.0,Put,-,-,-,-,12900,-,-,0,0,0,0,-,-,-,-
TXO,202612,20261216.0,57000.0,Call,-,-,-,-,530,-,-,0,0,0,11,429,700,2500,290
TXO,202612,20261216.0,57000.0,Put,-,-,-,-,13080,-,-,0,0,0,0,-,-,-,-
TXO,202612,20261216.0,57200.0,Call,-,-,-,-,510,-,-,0,0,0,1,339,635,1880,308
TXO,202612,20261216.0,57200.0,Put,-,-,-,-,13260,-,-,0,0,0,0,-,13440,-,-
TXO,202612,20261216.0,57400.0,Call,417,417,417,417,494,▲+147,▲+54.44%,1,1,2,254,324,535,1870,260
TXO,202612,20261216.0,57400.0,Put,-,-,-,-,13440,-,-,0,0,0,0,-,-,-,-
TXO,202703,20270317.0,31800.0,Call,-,-,-,-,13830,-,-,0,0,0,0,-,-,-,-
TXO,202703,20270317.0,31800.0,Put,980,980,880,880,880,▼-470,▼-34.81%,0,2,2,2,840,930,980,880
TXO,202703,20270317.0,32000.0,Call,-,-,-,-,13660,-,-,0,0,0,0,-,-,-,-
TXO,202703,20270317.0,32000.0,Put,-,-,-,-,920,-,-,0,0,0,6,840,1000,1360,1320
TXO,202703,20270317.0,32200.0,Call,-,-,-,-,13490,-,-,0,0,0,0,-,13820,-,-
TXO,202703,20270317.0,32200.0,Put,-,-,-,-,945,-,-,0,0,0,0,845,1040,-,-
TXO,202703,20270317.0,32400.0,Call,-,-,-,-,13330,-,-,0,0,0,0,-,-,-,-
TXO,202703,20270317.0,32400.0,Put,-,-,-,-,985,-,-,0,0,0,0,870,1070,-,-
TXO,202703,20270317.0,32600.0,Call,-,-,-,-,13170,-,-,0,0,0,0,-,-,-,-
TXO,202703,20270317.0,32600.0,Put,-,-,-,-,1020,-,-,0,0,0,0,895,1100,-,-
TXO,202703,20270317.0,32800.0,Call,-,-,-,-,13010,-,-,0,0,0,0,-,-,-,-
TXO,202703,20270317.0,32800.0,Put,-,-,-,-,1060,-,-,0,0,0,0,930,1130,-,-
TXO,202703,20270317.0,33000.0,Call,-,-,-,-,12850,-,-,0,0,0,0,-,-,-,-
TXO,202703,20270317.0,33000.0,Put,-,-,-,-,1110,-,-,0,0,0,0,1000,1160,-,-
TXO,202703,20270317.0,33200.0,Call,-,-,-,-,12700,-,-,0,0,0,0,-,-,-,-
TXO,202703,20270317.0,33200.0,Put,-,-,-,-,1150,-,-,0,0,0,9,990,1190,1690,1260
TXO,202703,20270317.0,33400.0,Call,-,-,-,-,12540,-,-,0,0,0,0,-,-,-,-
TXO,202703,20270317.0,33400.0,Put,-,-,-,-,1190,-,-,0,0,0,0,1070,1230,-,-
TXO,202703,20270317.0,33600.0,Call,-,-,-,-,12390,-,-,0,0,0,0,-,-,-,-
TXO,202703,20270317.0,33600.0,Put,-,-,-,-,1240,-,-,0,0,0,0,1170,1270,-,-
TXO,202703,20270317.0,33800.0,Call,-,-,-,-,12230,-,-,0,0,0,0,-,-,-,-
TXO,202703,20270317.0,33800.0,Put,1300,1300,1300,1300,1270,▼-550,▼-29.73%,0,45,45,16,1100,1290,1850,990
TXO,202703,20270317.0,34000.0,Call,-,-,-,-,12070,-,-,0,0,0,0,-,-,-,-
TXO,202703,20270317.0,34000.0,Put,-,-,-,-,1310,-,-,0,0,0,3,1250,1340,1420,1100
TXO,202703,20270317.0,34200.0,Call,-,-,-,-,11870,-,-,0,0,0,0,-,-,-,-
TXO,202703,20270317.0,34200.0,Put,-,-,-,-,1330,-,-,0,0,0,1,1210,1380,1390,1390
TXO,202703,20270317.0,34400.0,Call,-,-,-,-,11720,-,-,0,0,0,0,-,-,-,-
TXO,202703,20270317.0,34400.0,Put,-,-,-,-,1350,-,-,0,0,0,0,1200,1430,-,-
TXO,202703,20270317.0,34600.0,Call,-,-,-,-,11560,-,-,0,0,0,0,-,-,-,-
TXO,202703,20270317.0,34600.0,Put,-,-,-,-,1400,-,-,0,0,0,0,1290,1470,-,-
TXO,202703,20270317.0,34800.0,Call,-,-,-,-,11410,-,-,0,0,0,0,-,-,-,-
TXO,202703,20270317.0,34800.0,Put,-,-,-,-,1420,-,-,0,0,0,0,1330,1510,-,-
TXO,202703,20270317.0,35000.0,Call,-,-,-,-,11220,-,-,0,0,0,0,-,-,-,-
TXO,202703,20270317.0,35000.0,Put,-,-,-,-,1440,-,-,0,0,0,3,1320,1550,1600,1260
TXO,202703,20270317.0,35200.0,Call,-,-,-,-,11060,-,-,0,0,0,0,-,-,-,-
TXO,202703,20270317.0,35200.0,Put,-,-,-,-,1490,-,-,0,0,0,0,1360,1600,-,-
TXO,202703,20270317.0,35400.0,Call,-,-,-,-,10910,-,-,0,0,0,0,-,-,-,-
TXO,202703,20270317.0,35400.0,Put,-,-,-,-,1530,-,-,0,0,0,0,1400,1640,-,-
TXO,202703,20270317.0,35600.0,Call,-,-,-,-,10750,-,-,0,0,0,0,-,-,-,-
TXO,202703,20270317.0,35600.0,Put,1800,1800,1650,1680,1570,▼-690,▼-29.11%,0,5,5,28,1440,1690,2340,1190
TXO,202703,20270317.0,35800.0,Call,-,-,-,-,10610,-,-,0,0,0,0,-,-,-,-
TXO,202703,20270317.0,35800.0,Put,-,-,-,-,1620,-,-,1,0,1,1,1480,1740,2050,1300
TXO,202703,20270317.0,36000.0,Call,-,-,-,-,10450,-,-,0,0,0,0,-,-,-,-
TXO,202703,20270317.0,36000.0,Put,-,-,-,-,1670,-,-,0,0,0,8,1530,1780,2380,1300
TXO,202703,20270317.0,36200.0,Call,-,-,-,-,10300,-,-,0,0,0,0,-,-,-,-
TXO,202703,20270317.0,36200.0,Put,-,-,-,-,1720,-,-,0,0,0,8,1580,1830,1640,1350
TXO,202703,20270317.0,36400.0,Call,-,-,-,-,10160,-,-,0,0,0,0,-,-,-,-
TXO,202703,20270317.0,36400.0,Put,-,-,-,-,1770,-,-,0,0,0,8,1620,1890,1800,1340
TXO,202703,20270317.0,36600.0,Call,-,-,-,-,10010,-,-,0,0,0,3,9980,-,13790,13630
TXO,202703,20270317.0,36600.0,Put,2000,2000,1900,1900,1820,▼-800,▼-29.63%,0,4,4,36,1670,1940,2780,1520
TXO,202703,20270317.0,36800.0,Call,-,-,-,-,9860,-,-,0,0,0,0,-,-,-,-
TXO,202703,20270317.0,36800.0,Put,-,-,-,-,1870,-,-,0,0,0,3,1730,1990,1990,1990
TXO,202703,20270317.0,37000.0,Call,-,-,-,-,9710,-,-,0,0,0,0,-,-,-,-
TXO,202703,20270317.0,37000.0,Put,-,-,-,-,1920,-,-,0,0,0,5,1760,2040,2340,1630
TXO,202703,20270317.0,37200.0,Call,-,-,-,-,9580,-,-,0,0,0,0,-,-,-,-
TXO,202703,20270317.0,37200.0,Put,-,-,-,-,1980,-,-,0,0,0,0,1830,2110,-,-
TXO,202703,20270317.0,37400.0,Call,-,-,-,-,9430,-,-,0,0,0,0,-,-,-,-
TXO,202703,20270317.0,37400.0,Put,-,-,-,-,2030,-,-,0,0,0,2,1860,2150,2000,1980
TXO,202703,20270317.0,37600.0,Call,-,-,-,-,9290,-,-,0,0,0,0,-,-,-,-
TXO,202703,20270317.0,37600.0,Put,-,-,-,-,2090,-,-,0,0,0,1,1920,2210,3020,1870
TXO,202703,20270317.0,37800.0,Call,-,-,-,-,9160,-,-,0,0,0,0,-,-,-,-
TXO,202703,20270317.0,37800.0,Put,-,-,-,-,2150,-,-,0,0,0,0,2010,2280,-,-
TXO,202703,20270317.0,38000.0,Call,-,-,-,-,9010,-,-,0,0,0,1,8960,-,11830,11830
TXO,202703,20270317.0,38000.0,Put,-,-,-,-,2210,-,-,0,0,0,3,2030,2330,2600,1760
TXO,202703,20270317.0,38200.0,Call,-,-,-,-,8880,-,-,0,0,0,0,-,-,-,-
TXO,202703,20270317.0,38200.0,Put,-,-,-,-,2270,-,-,0,0,0,0,2110,2390,-,-
TXO,202703,20270317.0,38400.0,Call,-,-,-,-,8740,-,-,0,0,0,0,-,-,-,-
TXO,202703,20270317.0,38400.0,Put,-,-,-,-,2330,-,-,0,0,0,0,2150,2450,-,-
TXO,202703,20270317.0,38600.0,Call,-,-,-,-,8610,-,-,0,0,0,0,-,-,-,-
TXO,202703,20270317.0,38600.0,Put,-,-,-,-,2390,-,-,0,0,0,0,2210,2520,-,-
TXO,202703,20270317.0,38800.0,Call,-,-,-,-,8470,-,-,0,0,0,0,-,-,-,-
TXO,202703,20270317.0,38800.0,Put,-,-,-,-,2450,-,-,0,0,0,1,2300,2550,2560,2560
TXO,202703,20270317.0,39000.0,Call,-,-,-,-,8340,-,-,0,0,0,0,-,-,-,-
TXO,202703,20270317.0,39000.0,Put,-,-,-,-,2520,-,-,0,0,0,5,2360,2650,3400,2600
TXO,202703,20270317.0,39200.0,Call,-,-,-,-,8210,-,-,0,0,0,0,-,-,-,-
TXO,202703,20270317.0,39200.0,Put,-,-,-,-,2590,-,-,0,0,0,1,2400,2670,2680,2680
TXO,202703,20270317.0,39400.0,Call,-,-,-,-,8090,-,-,0,0,0,0,-,-,-,-
TXO,202703,20270317.0,39400.0,Put,-,-,-,-,2660,-,-,0,0,0,1,2470,2740,2740,2740
TXO,202703,20270317.0,39600.0,Call,-,-,-,-,7960,-,-,0,0,0,0,-,-,-,-
TXO,202703,20270317.0,39600.0,Put,-,-,-,-,2730,-,-,0,0,0,1,2530,2800,2830,2830
TXO,202703,20270317.0,39800.0,Call,-,-,-,-,7840,-,-,0,0,0,0,-,-,-,-
TXO,202703,20270317.0,39800.0,Put,3000,3000,3000,3000,2810,▼-980,▼-24.62%,0,1,1,2,2590,2870,3000,2460
TXO,202703,20270317.0,40000.0,Call,-,-,-,-,7710,-,-,0,0,0,2,7630,-,11530,6000
TXO,202703,20270317.0,40000.0,Put,-,-,-,-,2880,-,-,0,0,0,33,2710,2990,4200,2220
TXO,202703,20270317.0,40200.0,Call,-,-,-,-,7560,-,-,0,0,0,0,-,-,-,-
TXO,202703,20270317.0,40200.0,Put,-,-,-,-,2930,-,-,0,0,0,0,2740,3050,-,-
TXO,202703,20270317.0,40400.0,Call,-,-,-,-,7430,-,-,0,0,0,0,7330,7660,6450,5300
TXO,202703,20270317.0,40400.0,Put,-,-,-,-,2990,-,-,0,0,0,0,2830,3120,-,-
TXO,202703,20270317.0,40600.0,Call,-,-,-,-,7310,-,-,4,0,4,2,7250,7740,5630,5530
TXO,202703,20270317.0,40600.0,Put,-,-,-,-,3070,-,-,0,0,0,0,2880,3200,-,-
TXO,202703,20270317.0,40800.0,Call,-,-,-,-,7190,-,-,0,0,0,0,7070,7610,-,-
TXO,202703,20270317.0,40800.0,Put,-,-,-,-,3140,-,-,0,0,0,1,3030,3390,4650,4650
TXO,202703,20270317.0,41000.0,Call,-,-,-,-,7070,-,-,0,0,0,1,7000,7490,6300,5380
TXO,202703,20270317.0,41000.0,Put,-,-,-,-,3220,-,-,0,0,0,2,3030,3300,4540,3100
TXO,202703,20270317.0,41200.0,Call,-,-,-,-,6950,-,-,0,0,0,0,6830,7280,-,-
TXO,202703,20270317.0,41200.0,Put,-,-,-,-,3300,-,-,0,0,0,1,3100,3380,3000,3000
TXO,202703,20270317.0,41400.0,Call,-,-,-,-,6830,-,-,0,0,0,0,6700,7240,-,-
TXO,202703,20270317.0,41400.0,Put,-,-,-,-,3380,-,-,0,0,0,0,3200,3520,-,-
TXO,202703,20270317.0,41600.0,Call,-,-,-,-,6710,-,-,0,0,0,0,6580,7040,-,-
TXO,202703,20270317.0,41600.0,Put,-,-,-,-,3460,-,-,0,0,0,1,3270,3530,3390,3390
TXO,202703,20270317.0,41800.0,Call,-,-,-,-,6600,-,-,0,0,0,0,6460,6920,-,-
TXO,202703,20270317.0,41800.0,Put,-,-,-,-,3540,-,-,0,0,0,1,3350,3620,3200,3200
TXO,202703,20270317.0,42000.0,Call,-,-,-,-,6480,-,-,0,0,0,3,6400,6810,11500,4800
TXO,202703,20270317.0,42000.0,Put,-,-,-,-,3630,-,-,0,0,0,10,3500,3770,4320,3110
TXO,202703,20270317.0,42200.0,Call,-,-,-,-,6380,-,-,0,0,0,0,6230,6480,-,-
TXO,202703,20270317.0,42200.0,Put,-,-,-,-,3720,-,-,0,0,0,0,3510,3840,-,-
TXO,202703,20270317.0,42400.0,Call,-,-,-,-,6270,-,-,0,0,0,0,6100,6580,-,-
TXO,202703,20270317.0,42400.0,Put,-,-,-,-,3810,-,-,0,0,0,0,3580,3940,-,-
TXO,202703,20270317.0,42600.0,Call,-,-,-,-,6170,-,-,0,0,0,0,6000,6470,-,-
TXO,202703,20270317.0,42600.0,Put,-,-,-,-,3910,-,-,0,0,0,0,3670,4030,-,-
TXO,202703,20270317.0,42800.0,Call,-,-,-,-,6070,-,-,0,0,0,0,5880,6350,-,-
TXO,202703,20270317.0,42800.0,Put,-,-,-,-,4000,-,-,0,0,0,0,3750,4110,-,-
TXO,202703,20270317.0,43000.0,Call,-,-,-,-,5970,-,-,0,0,0,0,5770,6250,-,-
TXO,202703,20270317.0,43000.0,Put,-,-,-,-,4100,-,-,0,0,0,3,3830,4130,4720,4090
TXO,202703,20270317.0,43200.0,Call,-,-,-,-,5870,-,-,0,0,0,0,5660,6140,-,-
TXO,202703,20270317.0,43200.0,Put,-,-,-,-,4200,-,-,0,0,0,0,3910,4300,-,-
TXO,202703,20270317.0,43400.0,Call,-,-,-,-,5770,-,-,0,0,0,0,5550,6030,-,-
TXO,202703,20270317.0,43400.0,Put,-,-,-,-,4300,-,-,0,0,0,1,4010,4330,3730,3730
TXO,202703,20270317.0,43600.0,Call,-,-,-,-,5670,-,-,0,0,0,0,5440,5930,-,-
TXO,202703,20270317.0,43600.0,Put,-,-,-,-,4400,-,-,1,0,1,2,4100,4420,6100,4060
TXO,202703,20270317.0,43800.0,Call,-,-,-,-,5580,-,-,0,0,0,0,5330,5820,-,-
TXO,202703,20270317.0,43800.0,Put,-,-,-,-,4500,-,-,0,0,0,1,4270,4580,5820,5820
TXO,202703,20270317.0,44000.0,Call,-,-,-,-,5480,-,-,0,0,0,14,5340,5720,9500,5700
TXO,202703,20270317.0,44000.0,Put,-,-,-,-,4600,-,-,0,0,0,1,4280,4680,5230,5230
TXO,202703,20270317.0,44200.0,Call,5280,5280,5280,5280,5390,▲+1630,▲+44.66%,0,1,1,2,5120,5480,5280,3340
TXO,202703,20270317.0,44200.0,Put,-,-,-,-,4710,-,-,0,0,0,0,4370,4760,-,-
TXO,202703,20270317.0,44400.0,Call,-,-,-,-,5300,-,-,0,0,0,0,5020,5510,-,-
TXO,202703,20270317.0,44400.0,Put,-,-,-,-,4810,-,-,0,0,0,0,4470,4870,-,-
TXO,202703,20270317.0,44600.0,Call,-,-,-,-,5210,-,-,0,0,0,1,5040,5410,3600,3600
TXO,202703,20270317.0,44600.0,Put,-,-,-,-,4920,-,-,0,0,0,0,-,4960,-,-
TXO,202703,20270317.0,44800.0,Call,4880,4880,4880,4880,5120,▲+1440,▲+41.86%,0,1,1,1,4910,5320,4880,4880
TXO,202703,20270317.0,44800.0,Put,-,-,-,-,5030,-,-,0,0,0,6,4680,4970,5330,4000
TXO,202703,20270317.0,45000.0,Call,-,-,-,-,5030,-,-,0,0,0,21,4840,5220,3350,3280
TXO,202703,20270317.0,45000.0,Put,-,-,-,-,5140,-,-,0,0,0,1,4790,5160,5500,4000
TXO,202703,20270317.0,45200.0,Call,4950,4950,4950,4950,4950,▲+1660,▲+50.46%,0,1,1,1,4750,5120,4950,4950
TXO,202703,20270317.0,45200.0,Put,-,-,-,-,5240,-,-,0,0,0,0,-,5260,-,-
TXO,202703,20270317.0,45400.0,Call,-,-,-,-,4840,-,-,0,0,0,1,4640,5030,4000,4000
TXO,202703,20270317.0,45400.0,Put,-,-,-,-,5340,-,-,0,0,0,0,-,5360,-,-
TXO,202703,20270317.0,45600.0,Call,-,-,-,-,4740,-,-,0,0,0,0,4430,4960,-,-
TXO,202703,20270317.0,45600.0,Put,-,-,-,-,5440,-,-,0,0,0,0,-,5470,-,-
TXO,202703,20270317.0,45800.0,Call,-,-,-,-,4650,-,-,0,0,0,0,4330,4840,-,-
TXO,202703,20270317.0,45800.0,Put,-,-,-,-,5550,-,-,0,0,0,0,5200,5580,-,-
TXO,202703,20270317.0,46000.0,Call,4310,4500,4310,4500,4560,▲+1500,▲+50.00%,0,2,2,6,4380,4760,8000,3110
TXO,202703,20270317.0,46000.0,Put,-,-,-,-,5630,-,-,0,0,0,4,5200,5630,5700,4360
TXO,202703,20270317.0,46200.0,Call,-,-,-,-,4470,-,-,0,0,0,0,4150,4690,-,-
TXO,202703,20270317.0,46200.0,Put,-,-,-,-,5770,-,-,0,0,0,0,-,5810,-,-
TXO,202703,20270317.0,46400.0,Call,-,-,-,-,4390,-,-,0,0,0,0,4050,4600,-,-
TXO,202703,20270317.0,46400.0,Put,-,-,-,-,5880,-,-,0,0,0,0,-,5930,-,-
TXO,202703,20270317.0,46600.0,Call,-,-,-,-,4310,-,-,0,0,0,2,4110,4490,7460,7430
TXO,202703,20270317.0,46600.0,Put,-,-,-,-,5990,-,-,0,0,0,0,5530,6040,-,-
TXO,202703,20270317.0,46800.0,Call,-,-,-,-,4190,-,-,0,0,0,0,3950,4230,-,-
TXO,202703,20270317.0,46800.0,Put,-,-,-,-,6080,-,-,0,0,0,0,5670,6170,-,-
TXO,202703,20270317.0,47000.0,Call,-,-,-,-,4080,-,-,0,0,0,1,3930,4290,7200,4080
TXO,202703,20270317.0,47000.0,Put,-,-,-,-,6160,-,-,0,0,0,0,5790,6300,-,-
TXO,202703,20270317.0,47200.0,Call,-,-,-,-,3990,-,-,0,0,0,0,3800,4190,-,-
TXO,202703,20270317.0,47200.0,Put,-,-,-,-,6270,-,-,0,0,0,0,5900,6380,-,-
TXO,202703,20270317.0,47400.0,Call,-,-,-,-,3910,-,-,0,0,0,0,3720,4110,-,-
TXO,202703,20270317.0,47400.0,Put,-,-,-,-,6390,-,-,0,0,0,0,5990,6530,-,-
TXO,202703,20270317.0,47600.0,Call,-,-,-,-,3830,-,-,0,0,0,1,3690,4030,3510,3510
TXO,202703,20270317.0,47600.0,Put,-,-,-,-,6510,-,-,0,0,0,0,6140,6630,-,-
TXO,202703,20270317.0,47800.0,Call,-,-,-,-,3750,-,-,0,0,0,0,3550,3940,-,-
TXO,202703,20270317.0,47800.0,Put,-,-,-,-,6620,-,-,0,0,0,0,6250,6730,-,-
TXO,202703,20270317.0,48000.0,Call,-,-,-,-,3670,-,-,0,0,0,1,3520,3870,3920,3920
TXO,202703,20270317.0,48000.0,Put,-,-,-,-,6740,-,-,0,0,0,8,6600,6850,8820,5620
TXO,202703,20270317.0,48200.0,Call,-,-,-,-,3590,-,-,0,0,0,0,3400,3780,-,-
TXO,202703,20270317.0,48200.0,Put,-,-,-,-,6860,-,-,0,0,0,0,6720,7010,-,-
TXO,202703,20270317.0,48400.0,Call,-,-,-,-,3520,-,-,0,0,0,0,3320,3700,7100,6350
TXO,202703,20270317.0,48400.0,Put,-,-,-,-,6990,-,-,0,0,0,0,6620,7090,-,-
TXO,202703,20270317.0,48600.0,Call,-,-,-,-,3450,-,-,0,0,0,1,3100,3630,6300,2140
TXO,202703,20270317.0,48600.0,Put,-,-,-,-,7110,-,-,0,0,0,0,6730,7250,-,-
TXO,202703,20270317.0,48800.0,Call,-,-,-,-,3370,-,-,0,0,0,1,3170,3480,2260,2260
TXO,202703,20270317.0,48800.0,Put,-,-,-,-,7230,-,-,0,0,0,0,6870,7370,-,-
TXO,202703,20270317.0,49000.0,Call,-,-,-,-,3300,-,-,0,0,0,1,3090,3470,6150,2040
TXO,202703,20270317.0,49000.0,Put,-,-,-,-,7360,-,-,0,0,0,6,7180,7480,6600,5960
TXO,202703,20270317.0,49200.0,Call,-,-,-,-,3220,-,-,0,0,0,4,3020,3330,6280,5840
TXO,202703,20270317.0,49200.0,Put,-,-,-,-,7480,-,-,0,0,0,0,7120,7620,-,-
TXO,202703,20270317.0,49400.0,Call,-,-,-,-,3150,-,-,0,0,0,0,2950,3330,5760,5750
TXO,202703,20270317.0,49400.0,Put,-,-,-,-,7600,-,-,0,0,0,0,7250,7730,-,-
TXO,202703,20270317.0,49600.0,Call,-,-,-,-,3080,-,-,0,0,0,0,2880,3250,-,-
TXO,202703,20270317.0,49600.0,Put,-,-,-,-,7730,-,-,0,0,0,0,7380,7880,-,-
TXO,202703,20270317.0,49800.0,Call,-,-,-,-,3010,-,-,0,0,0,0,2700,3090,-,-
TXO,202703,20270317.0,49800.0,Put,-,-,-,-,7860,-,-,0,0,0,0,7480,8020,-,-
TXO,202703,20270317.0,50000.0,Call,2900,2900,2820,2850,2940,▲+960,▲+50.79%,1,8,9,35,2810,3110,7300,1800
TXO,202703,20270317.0,50000.0,Put,-,-,-,-,7980,-,-,0,0,0,20,7610,8040,10120,6230
TXO,202703,20270317.0,50200.0,Call,-,-,-,-,2870,-,-,1,0,1,1,2680,2970,5650,2120
TXO,202703,20270317.0,50200.0,Put,-,-,-,-,8120,-,-,0,0,0,0,7780,8280,-,-
TXO,202703,20270317.0,50400.0,Call,-,-,-,-,2810,-,-,0,0,0,0,2490,2970,-,-
TXO,202703,20270317.0,50400.0,Put,-,-,-,-,8260,-,-,0,0,0,0,7880,8390,-,-
TXO,202703,20270317.0,50600.0,Call,2280,2280,2280,2280,2750,▲+520,▲+29.55%,0,1,1,1,2550,2860,2280,2280
TXO,202703,20270317.0,50600.0,Put,-,-,-,-,8390,-,-,0,0,0,0,8050,8550,-,-
TXO,202703,20270317.0,50800.0,Call,-,-,-,-,2690,-,-,0,0,0,0,2500,2840,-,-
TXO,202703,20270317.0,50800.0,Put,-,-,-,-,8520,-,-,0,0,0,0,8150,8660,-,-
TXO,202703,20270317.0,51000.0,Call,2280,2280,2280,2280,2620,▲+610,▲+36.53%,0,1,1,2,2440,2710,6190,2100
TXO,202703,20270317.0,51000.0,Put,-,-,-,-,8660,-,-,0,0,0,0,8290,8780,-,-
TXO,202703,20270317.0,51200.0,Call,-,-,-,-,2560,-,-,0,0,0,2,2440,2720,3190,1560
TXO,202703,20270317.0,51200.0,Put,-,-,-,-,8790,-,-,0,0,0,0,8460,8960,-,-
TXO,202703,20270317.0,51400.0,Call,-,-,-,-,2500,-,-,0,0,0,1,2410,2600,5950,1480
TXO,202703,20270317.0,51400.0,Put,-,-,-,-,8930,-,-,0,0,0,0,8570,9100,-,-
TXO,202703,20270317.0,51600.0,Call,-,-,-,-,2440,-,-,0,0,0,5,2360,2600,5400,1490
TXO,202703,20270317.0,51600.0,Put,-,-,-,-,9070,-,-,0,0,0,0,8750,9240,-,-
TXO,202703,20270317.0,51800.0,Call,-,-,-,-,2390,-,-,0,0,0,1,2310,2540,4720,4600
TXO,202703,20270317.0,51800.0,Put,-,-,-,-,9210,-,-,0,0,0,0,8810,9380,-,-
TXO,202703,20270317.0,52000.0,Call,-,-,-,-,2330,-,-,1,0,1,4,2150,2440,5800,1420
TXO,202703,20270317.0,52000.0,Put,-,-,-,-,9350,-,-,0,0,0,0,9000,9520,-,-
TXO,202703,20270317.0,52200.0,Call,-,-,-,-,2270,-,-,0,0,0,0,2090,2370,-,-
TXO,202703,20270317.0,52200.0,Put,-,-,-,-,9500,-,-,0,0,0,0,9100,9640,-,-
TXO,202703,20270317.0,52400.0,Call,-,-,-,-,2220,-,-,0,0,0,1,2140,2340,4900,4500
TXO,202703,20270317.0,52400.0,Put,-,-,-,-,9640,-,-,0,0,0,0,9320,9810,-,-
TXO,202703,20270317.0,52600.0,Call,2230,2230,2230,2230,2170,▲+850,▲+61.59%,0,1,1,2,2090,2310,2230,1660
TXO,202703,20270317.0,52600.0,Put,-,-,-,-,9790,-,-,0,0,0,0,9440,9960,-,-
TXO,202703,20270317.0,52800.0,Call,1840,1880,1840,1880,2130,▲+530,▲+39.26%,0,2,2,2,2060,2230,4470,1350
TXO,202703,20270317.0,52800.0,Put,-,-,-,-,9940,-,-,0,0,0,0,9590,10060,-,-
TXO,202703,20270317.0,53000.0,Call,2010,2140,2010,2140,2080,▲+820,▲+62.12%,0,3,3,6,1990,2200,4850,1180
TXO,202703,20270317.0,53000.0,Put,-,-,-,-,10090,-,-,0,0,0,0,9770,10210,-,-
TXO,202703,20270317.0,53200.0,Call,-,-,-,-,2030,-,-,0,0,0,1,1940,2130,4700,1280
TXO,202703,20270317.0,53200.0,Put,-,-,-,-,10240,-,-,0,0,0,0,9840,10400,-,-
TXO,202703,20270317.0,53400.0,Call,-,-,-,-,1980,-,-,0,0,0,0,1920,2100,-,-
TXO,202703,20270317.0,53400.0,Put,-,-,-,-,10390,-,-,0,0,0,1,9970,10450,8400,8400
TXO,202703,20270317.0,53600.0,Call,1890,1890,1890,1890,1930,▲+660,▲+53.66%,0,1,1,1,1750,2040,1890,1890
TXO,202703,20270317.0,53600.0,Put,-,-,-,-,10540,-,-,0,0,0,0,-,-,-,-
TXO,202703,20270317.0,53800.0,Call,1800,1800,1800,1800,1880,▲+600,▲+50.00%,0,1,1,0,1700,1990,4600,1200
TXO,202703,20270317.0,53800.0,Put,-,-,-,-,10680,-,-,0,0,0,0,-,-,-,-
TXO,202703,20270317.0,54000.0,Call,1740,1820,1740,1820,1820,▲+650,▲+55.56%,0,4,4,27,1760,1950,4820,1230
TXO,202703,20270317.0,54000.0,Put,-,-,-,-,10830,-,-,0,0,0,0,-,-,-,-
TXO,202703,20270317.0,54200.0,Call,-,-,-,-,1790,-,-,0,0,0,0,1620,1920,-,-
TXO,202703,20270317.0,54200.0,Put,-,-,-,-,10990,-,-,0,0,0,0,-,-,-,-
TXO,202703,20270317.0,54400.0,Call,1670,1720,1670,1670,1750,▲+550,▲+49.11%,0,5,5,5,1590,1860,1720,1670
TXO,202703,20270317.0,54400.0,Put,-,-,-,-,11150,-,-,0,0,0,0,-,-,-,-
TXO,202703,20270317.0,54600.0,Call,1690,1690,1690,1690,1690,▲+600,▲+55.05%,0,1,1,1,1630,1820,1690,1690
TXO,202703,20270317.0,54600.0,Put,-,-,-,-,11310,-,-,0,0,0,0,-,-,-,-
TXO,202703,20270317.0,54800.0,Call,-,-,-,-,1680,-,-,0,0,0,0,1610,1770,-,-
TXO,202703,20270317.0,54800.0,Put,-,-,-,-,11470,-,-,0,0,0,0,-,-,-,-
TXO,202703,20270317.0,55000.0,Call,1490,1700,1490,1700,1640,▲+660,▲+63.46%,1,2,3,4,1460,1740,3600,1120
TXO,202703,20270317.0,55000.0,Put,-,-,-,-,11620,-,-,0,0,0,0,-,-,-,-
TXO,202703,20270317.0,55200.0,Call,-,-,-,-,1600,-,-,0,0,0,2,1530,1700,4510,1700
TXO,202703,20270317.0,55200.0,Put,-,-,-,-,11780,-,-,0,0,0,0,-,-,-,-
TXO,202703,20270317.0,55400.0,Call,-,-,-,-,1560,-,-,0,0,0,0,1490,1660,-,-
TXO,202703,20270317.0,55400.0,Put,-,-,-,-,11940,-,-,0,0,0,0,-,-,-,-
TXO,202703,20270317.0,55600.0,Call,-,-,-,-,1520,-,-,0,0,0,1,1430,1640,1730,1730
TXO,202703,20270317.0,55600.0,Put,-,-,-,-,12100,-,-,0,0,0,0,-,-,-,-
TXO,202703,20270317.0,55800.0,Call,1410,1410,1410,1410,1490,▲+475,▲+50.80%,0,1,1,3,1420,1590,4340,1410
TXO,202703,20270317.0,55800.0,Put,-,-,-,-,12270,-,-,0,0,0,0,-,-,-,-
TXO,202703,20270317.0,56000.0,Call,-,-,-,-,1450,-,-,1,0,1,7,1380,1550,2570,920
TXO,202703,20270317.0,56000.0,Put,-,-,-,-,12420,-,-,0,0,0,0,-,-,14710,10440
TXO,202703,20270317.0,56200.0,Call,-,-,-,-,1420,-,-,1,0,1,2,1250,1520,1020,1000
TXO,202703,20270317.0,56200.0,Put,-,-,-,-,12590,-,-,0,0,0,0,-,-,-,-
TXO,202703,20270317.0,56400.0,Call,-,-,-,-,1380,-,-,0,0,0,0,1220,1490,-,-
TXO,202703,20270317.0,56400.0,Put,-,-,-,-,12750,-,-,0,0,0,0,-,-,-,-
TXO,202703,20270317.0,56600.0,Call,-,-,-,-,1350,-,-,0,0,0,1,1280,1460,1760,1760
TXO,202703,20270317.0,56600.0,Put,-,-,-,-,12920,-,-,0,0,0,0,-,-,-,-
TXO,202703,20270317.0,56800.0,Call,-,-,-,-,1260,-,-,0,0,0,0,1150,1410,-,-
TXO,202703,20270317.0,56800.0,Put,-,-,-,-,13020,-,-,0,0,0,0,-,-,-,-
TXO,202703,20270317.0,57000.0,Call,-,-,-,-,1230,-,-,0,0,0,9,1220,1390,2950,770
TXO,202703,20270317.0,57000.0,Put,-,-,-,-,13190,-,-,0,0,0,0,-,-,-,-
TXO,202703,20270317.0,57200.0,Call,-,-,-,-,1200,-,-,0,0,0,11,1100,1360,3450,810
TXO,202703,20270317.0,57200.0,Put,-,-,-,-,13360,-,-,0,0,0,0,-,-,-,-
TXO,202703,20270317.0,57400.0,Call,1070,1210,1070,1210,1170,▲+420,▲+53.16%,5,10,15,132,1170,1320,3760,720
TXO,202703,20270317.0,57400.0,Put,-,-,-,-,13530,-,-,0,0,0,0,-,-,-,-
