" "," ","#","個股代號/名稱","類別","前二月","前一月","本  月","走 勢","總增減"," ","前二月","前一月","本  月","走 勢","總增減","今日收盤價","今日漲跌"," "
" "," ","","1101台泥","水泥","7.87","7.94","7.94","40","0.07"," ","610,083","613,954","613,954","40","3,871","24.50","-0.25"," "
" "," ","","1102亞泥","水泥","26.19","26.19","26.19","32","0.00"," ","929,013","929,013","929,011","20","-2","35.65","0.35"," "
" "," ","","1103嘉泥","水泥","17.4","17.4","17.4","32","0.00"," ","137,537","137,537","137,537","32","0","13.80","-0.05"," "
" "," ","","1104環泥","水泥","25.15","25.19","25.19","40","0.04"," ","172,745","172,990","172,995","50","250","29.05","-0.15"," "
" "," ","","1108幸福","水泥","3.95","3.95","3.95","32","0.00"," ","16,005","16,005","16,005","32","0","14.70","-0.05"," "
" "," ","","1109信大","水泥","36.91","35.01","35.02","31","-1.89"," ","125,955","119,455","119,485","31","-6,470","15.40","-0.05"," "
" "," ","","1110東泥","水泥","31.4","31.4","31.4","32","0.00"," ","179,633","179,633","179,633","32","0","15.10","-0.50"," "
" "," ","","1201味全","食品","14.55","14.55","14.55","32","0.00"," ","73,648","73,648","73,648","32","0","13.15","-0.05"," "
" "," ","","1203味王","食品","33.25","33.27","33.29","50","0.04"," ","79,821","79,855","79,915","50","94","44.10","0.30"," "
" "," ","","1210大成","食品","17.74","17.74","17.74","32","0.00"," ","158,744","158,744","158,764","41","20","54.10","0.00"," "
" "," ","","1213大飲","食品","28.14","28.14","28.14","32","0.00"," ","15,935","15,935","15,935","32","0","9.17","0.10"," "
" "," ","","1215卜蜂","食品","28.38","28.38","28.38","32","0.00"," ","83,677","83,677","83,677","32","0","141.00","-1.50"," "
" "," ","","1216統一","食品","9.84","9.88","9.88","40","0.04"," ","559,595","561,746","561,746","40","2,151","72.40","0.40"," "
" "," ","","1217愛之味","食品","12.64","12.69","12.74","50","0.10"," ","62,552","62,764","63,010","50","458","10.35","0.00"," "
" "," ","","1218泰山","食品","11.65","11.65","11.65","32","0.00"," ","58,279","58,279","58,279","32","0","19.00","0.00"," "
" "," ","","1219福壽","食品","9.97","9.91","9.91","21","-0.06"," ","34,031","33,848","33,848","21","-183","14.00","-0.05"," "
" "," ","","1220台榮","食品","23.26","23.33","23.33","40","0.07"," ","41,189","41,318","41,318","40","129","12.60","0.00"," "
" "," ","","1225福懋油","食品","14.94","14.95","14.97","50","0.03"," ","36,206","36,241","36,271","50","65","33.20","-0.15"," "
" "," ","","1227佳格","食品","3.2","3.2","3.2","32","0.00"," ","29,320","29,320","29,320","32","0","29.85","-0.25"," "
" "," ","","1229聯華","食品","24.16","24.16","24.16","32","0.00"," ","433,995","433,995","433,995","32","0","43.50","-0.15"," "
" "," ","","1231聯華食","食品","21.24","21.21","21.21","21","-0.03"," ","63,400","63,328","63,328","21","-72","88.90","0.20"," "
" "," ","","1232大統益","食品","61.19","61.13","61.02","10","-0.17"," ","97,900","97,794","97,624","10","-276","150.00","-0.50"," "
" "," ","","1233天仁","食品","11.85","11.85","11.85","32","0.00"," ","10,740","10,740","10,740","32","0","28.70","0.00"," "
" "," ","","1234黑松","食品","13.15","13.15","13.15","32","0.00"," ","52,861","52,866","52,866","40","5","35.85","-0.15"," "
" "," ","","1235興泰","食品","3.26","3.26","31.46","41","28.20"," ","6,158","6,158","59,330","41","53,172","45.90","-0.65"," "
" "," ","","1236宏亞","食品","16.74","16.74","16.74","32","0.00"," ","14,512","14,512","14,512","32","0","25.45","0.00"," "
" "," ","","1256鮮活果汁-KY","食品","48.39","48.34","48.34","21","-0.05"," ","17,313","17,296","17,296","21","-17","163.50","-2.00"," "
" "," ","","1301台塑","塑膠","14.46","14.46","14.46","32","0.00"," ","920,748","920,748","920,748","32","0","51.90","0.10"," "
" "," ","","1303南亞","塑膠","18.19","18.19","18.19","32","0.00"," ","1,443,197","1,443,156","1,443,156","21","-41","89.40","1.00"," "
" "," ","","1304台聚","塑膠","24.41","24.41","24.41","32","0.00"," ","290,242","290,242","290,242","32","0","14.35","-0.20"," "
" "," ","","1305華夏","塑膠","33.13","33.13","33.13","32","0.00"," ","192,516","192,516","192,516","32","0","14.45","0.00"," "
" "," ","","1307三芳","塑膠","9.47","9.47","9.47","32","0.00"," ","37,693","37,693","37,693","32","0","32.15","0.65"," "
" "," ","","1308亞聚","塑膠","38.78","38.78","38.78","32","0.00"," ","230,271","230,271","230,271","32","0","15.30","-0.05"," "
" "," ","","1309台達化","塑膠","39.37","39.37","39.37","32","0.00"," ","156,534","156,534","156,534","32","0","18.60","-0.50"," "
" "," ","","1310台苯","塑膠","4.89","4.89","4.89","32","0.00"," ","25,846","25,846","25,846","32","0","9.80","-0.11"," "
" "," ","","1312國喬","塑膠","6.29","6.29","6.29","32","0.00"," ","70,962","70,962","70,962","32","0","12.85","-0.15"," "
" "," ","","1313聯成","塑膠","34.11","34.11","34.11","32","0.00"," ","454,065","454,065","454,065","32","0","11.70","-0.20"," "
" "," ","","1314中石化","塑膠","6.9","6.9","6.9","32","0.00"," ","261,365","261,365","261,365","32","0","7.68","-0.08"," "
" "," ","","1315達新","塑膠","19.82","19.82","19.82","32","0.00"," ","19,651","19,651","19,651","32","0","65.40","-0.10"," "
" "," ","","1316上曜","營建","5.44","5.34","5.34","21","-0.10"," ","20,083","20,083","20,083","32","0","11.70","-0.20"," "
" "," ","","1319東陽","汽車","18.38","18.38","18.38","32","0.00"," ","108,725","108,725","108,725","32","0","78.10","-0.90"," "
" "," ","","1321大洋","塑膠","5.88","5.88","5.88","32","0.00"," ","13,376","13,376","13,376","32","0","32.25","-0.45"," "
" "," ","","1323永裕","塑膠","13.64","13.64","13.67","41","0.03"," ","12,457","12,457","12,482","41","25","20.25","-0.40"," "
" "," ","","1324地球","塑膠","8.05","8.05","8.05","32","0.00"," ","6,051","6,051","6,051","32","0","11.50","0.25"," "
" "," ","","1325恆大","塑膠","28.93","28.93","28.93","32","0.00"," ","24,680","24,680","24,680","32","0","26.85","0.15"," "
" "," ","","1326台化","塑膠","5.71","5.71","5.69","20","-0.02"," ","335,055","335,055","334,065","20","-990","50.60","0.10"," "
" "," ","","1337再生-KY","塑膠","14.45","14.45","14.45","32","0.00"," ","38,888","38,888","38,888","32","0","5.34","-0.02"," "
" "," ","","1338廣華-KY","汽車","18.3","18.3","18.3","32","0.00"," ","15,344","15,344","15,344","32","0","17.10","0.40"," "
" "," ","","1339昭輝","汽車","45.82","46.12","46.61","50","0.79"," ","33,966","34,193","34,556","50","590","41.30","0.00"," "
" "," ","","1340勝悅-KY","塑膠","0","0","0","32","0.00"," ","0","0","0","32","0","6.29","-0.01"," "
" "," ","","1341富林-KY","塑膠","0.81","0.81","0.81","32","0.00"," ","432","432","432","32","0","61.30","0.80"," "
" "," ","","1342八貫","其他","17","17.27","17.27","40","0.27"," ","13,475","13,475","13,475","32","0","99.20","0.50"," "
" "," ","","1402遠東新","紡織","26.21","26.21","26.21","32","0.00"," ","1,403,457","1,403,457","1,403,457","32","0","25.95","-0.05"," "
" "," ","","1409新纖","紡織","5.54","5.54","5.54","32","0.00"," ","89,720","89,720","89,720","32","0","17.55","0.70"," "
" "," ","","1410南染","紡織","20.38","20.38","20.38","32","0.00"," ","12,637","12,637","12,637","32","0","32.10","0.50"," "
" "," ","","1413宏洲","紡織","33.55","33.55","33.55","32","0.00"," ","44,332","44,332","44,332","32","0","9.75","-0.04"," "
" "," ","","1414東和","紡織","18.27","18.27","18.27","32","0.00"," ","40,214","36,192","36,192","21","-4,021","16.20","-0.05"," "
" "," ","","1416廣豐","其他","6.03","6.03","6.03","32","0.00"," ","11,188","11,188","11,188","32","0","11.50","-0.10"," "
" "," ","","1417嘉裕","紡織","12.65","12.65","12.65","32","0.00"," ","24,032","24,032","24,032","32","0","9.02","0.00"," "
" "," ","","1418東華","紡織","45.1","45.21","45.21","40","0.11"," ","25,635","25,696","25,696","40","60","18.15","-0.25"," "
" "," ","","1419新紡","紡織","8.42","8.42","8.42","32","0.00"," ","25,265","25,265","25,265","32","0","64.80","-0.20"," "
" "," ","","1423利華","紡織","27.5","27.5","27.5","32","0.00"," ","27,410","27,410","27,410","32","0","42.20","0.70"," "
" "," ","","1432大魯閣","運動","9.18","9.18","9.18","32","0.00"," ","9,921","9,921","9,921","32","0","16.80","0.00"," "
" "," ","","1434福懋","紡織","38.56","38.56","38.56","32","0.00"," ","649,761","649,761","649,761","32","0","16.35","-0.15"," "
" "," ","","1435中福","其他","0.06","0.06","0.06","32","0.00"," ","88","88","88","32","0","14.25","0.10"," "
" "," ","","1436華友聯","營建","14.03","14.03","14.03","32","0.00"," ","27,253","27,253","27,253","32","0","51.80","-0.30"," "
" "," ","","1437勤益控","其他","2.3","2.3","2.32","41","0.02"," ","4,694","4,694","4,694","32","0","30.55","0.15"," "
" "," ","","1438三地開發","營建","7.55","7.55","7.55","32","0.00"," ","8,404","8,404","8,404","32","0","26.95","-0.85"," "
" "," ","","1439雋揚","營建","10.38","10.38","10.38","32","0.00"," ","9,554","9,554","9,554","32","0","27.10","0.05"," "
" "," ","","1440南紡","紡織","17.84","17.84","17.84","32","0.00"," ","295,634","295,634","295,634","32","0","13.15","-0.10"," "
" "," ","","1441大東","紡織","35.91","35.91","35.91","32","0.00"," ","25,765","25,765","25,765","32","0","12.95","1.15"," "
" "," ","","1442名軒","營建","4.22","4.22","4.22","32","0.00"," ","15,477","15,477","15,477","32","0","29.45","-0.65"," "
" "," ","","1443立益物流","其他","20.93","21.01","21.05","50","0.12"," ","28,332","28,441","28,494","50","162","23.70","-0.20"," "
" "," ","","1444力麗","紡織","19.96","19.96","19.96","32","0.00"," ","198,776","198,766","198,766","21","-10","6.39","-0.04"," "
" "," ","","1445大宇","紡織","27.08","27.08","27.08","32","0.00"," ","35,396","35,396","35,396","32","0","13.25","0.00"," "
" "," ","","1446宏和","紡織","9.41","9.41","9.41","32","0.00"," ","12,960","12,960","12,960","32","0","16.40","0.00"," "
" "," ","","1447力鵬","紡織","25.51","25.56","25.61","50","0.10"," ","232,169","232,638","233,120","50","951","5.21","-0.07"," "
" "," ","","1449佳和","紡織","9.56","9.56","9.55","20","-0.01"," ","12,156","12,156","12,147","20","-9","14.25","-0.85"," "
" "," ","","1451年興","紡織","19.27","19.27","19.27","32","0.00"," ","38,170","38,170","38,170","32","0","17.05","-0.05"," "
" "," ","","1452宏益","紡織","8.21","8.21","8.21","32","0.00"," ","10,892","10,892","10,892","32","0","11.80","-0.10"," "
" "," ","","1453大將","營建","19.67","19.67","19.67","32","0.00"," ","22,275","22,275","22,275","32","0","12.05","0.00"," "
" "," ","","1454台富","紡織","29.89","29.89","29.89","32","0.00"," ","38,816","38,816","38,816","32","0","12.85","-0.35"," "
" "," ","","1455集盛","紡織","16.4","16.4","16.4","32","0.00"," ","87,234","87,234","87,234","32","0","9.06","-0.09"," "
" "," ","","1456怡華","營建","47.63","47.63","47.63","32","0.00"," ","44,644","44,644","44,644","32","0","13.85","-0.15"," "
" "," ","","1457宜進","紡織","9.41","9.41","9.41","32","0.00"," ","29,826","29,826","29,826","32","0","14.80","-0.15"," "
" "," ","","1459聯發","紡織","17.34","17.47","17.5","50","0.16"," ","62,217","62,656","62,776","50","559","11.70","-0.10"," "
" "," ","","1460宏遠","紡織","26.89","26.89","26.89","32","0.00"," ","186,791","186,791","186,791","32","0","6.80","0.02"," "
" "," ","","1463強盛新","紡織","15.21","15.42","16","50","0.79"," ","26,369","26,719","27,736","50","1,367","17.95","0.10"," "
" "," ","","1464得力","紡織","9.38","9.38","9.38","32","0.00"," ","39,929","39,929","39,929","32","0","10.30","-0.10"," "
" "," ","","1465偉全","紡織","20.86","20.86","21.34","41","0.48"," ","21,620","21,620","22,120","41","500","12.65","0.10"," "
" "," ","","1466聚隆","紡織","23.96","23.96","23.96","32","0.00"," ","26,635","26,635","26,635","32","0","17.05","-0.15"," "
" "," ","","1467南緯","紡織","34.21","34.21","34.21","32","0.00"," ","79,928","79,928","79,928","32","0","7.67","0.69"," "
" "," ","","1468昶和","紡織","30.29","30.29","30.29","32","0.00"," ","48,602","48,602","48,602","32","0","12.40","-0.05"," "
" "," ","","1470大統新創","紡織","13.75","13.75","13.75","32","0.00"," ","11,795","11,795","11,795","32","0","22.95","0.10"," "
" "," ","","1471首利","電子零組件","12.74","12.74","12.74","32","0.00"," ","19,173","19,173","19,173","32","0","12.50","-0.55"," "
" "," ","","1472三洋實業","營建","32.97","32.97","32.97","32","0.00"," ","17,308","17,308","17,308","32","0","95.00","-1.40"," "
" "," ","","1473台南","紡織","21.8","21.8","21.8","32","0.00"," ","31,867","31,867","31,867","32","0","23.00","-0.25"," "
" "," ","","1474弘裕","紡織","18.67","18.67","18.67","32","0.00"," ","24,254","24,254","24,254","32","0","10.35","0.00"," "
" "," ","","1475業旺","紡織","47.84","47.84","47.84","32","0.00"," ","31,588","31,588","31,588","32","0","28.75","0.05"," "
" "," ","","1476儒鴻","紡織","11.09","11.09","11.09","32","0.00"," ","30,430","30,430","30,430","32","0","342.50","-2.50"," "
" "," ","","1477聚陽","紡織","7.42","7.42","7.45","41","0.03"," ","18,306","18,306","18,379","41","73","220.00","-4.50"," "
" "," ","","1503士電","電機","26.69","26.69","26.69","32","0.00"," ","139,061","139,061","139,061","32","0","197.50","-0.50"," "
" "," ","","1504東元","電機","5.56","5.56","5.56","32","0.00"," ","132,366","132,366","132,366","32","0","63.30","-0.40"," "
" "," ","","1506正道","電機","30.36","30.36","30.36","32","0.00"," ","91,200","91,200","91,200","32","0","11.10","0.05"," "
" "," ","","1512瑞利","汽車","13.88","13.88","13.88","32","0.00"," ","13,634","13,634","13,634","32","0","7.31","-0.04"," "
" "," ","","1513中興電","電機","10.57","10.57","10.57","32","0.00"," ","53,212","53,212","53,212","32","0","155.50","0.00"," "
" "," ","","1514亞力","電機","13","13","12.97","20","-0.03"," ","35,519","35,507","35,426","10","-93","113.50","-0.50"," "
" "," ","","1515力山","電機","16.45","16.45","16.45","32","0.00"," ","29,855","29,855","29,855","32","0","23.20","0.05"," "
" "," ","","1516川飛","其他","13.82","13.82","13.82","32","0.00"," ","5,531","5,531","5,531","32","0","20.50","-0.15"," "
" "," ","","1517利奇","電機","10.9","10.9","10.9","32","0.00"," ","23,983","23,983","23,983","32","0","11.00","0.00"," "
" "," ","","1519華城","電機","17.79","17.79","15.36","20","-2.43"," ","56,216","56,216","48,530","20","-7,686","915.00","-4.00"," "
" "," ","","1521大億","汽車","59.82","59.82","59.82","32","0.00"," ","45,602","45,602","45,602","32","0","25.45","-0.05"," "
" "," ","","1522堤維西","汽車","8.43","8.43","8.43","32","0.00"," ","28,920","28,920","28,930","41","10","32.25","-0.20"," "
" "," ","","1524耿鼎","汽車","26.69","26.69","26.69","32","0.00"," ","44,130","44,130","44,130","32","0","28.40","-0.35"," "
" "," ","","1525江申","汽車","76.82","76.82","76.82","32","0.00"," ","56,391","56,391","56,391","32","0","60.60","-0.30"," "
" "," ","","1526日馳","電機","27.95","27.95","27.95","32","0.00"," ","16,771","16,771","16,771","32","0","17.15","0.55"," "
" "," ","","1527鑽全","電機","14.77","14.77","14.01","20","-0.76"," ","20,468","20,470","19,417","30","-1,051","32.80","-0.25"," "
" "," ","","1528恩德","電機","6.63","6.63","6.63","32","0.00"," ","12,700","12,700","12,700","32","0","29.50","0.50"," "
" "," ","","1529樂事綠能","電機","12.27","12.27","12.27","32","0.00"," ","19,043","19,043","19,043","32","0","23.55","0.05"," "
" "," ","","1530亞崴","電機","50.84","50.84","50.84","32","0.00"," ","48,092","48,092","48,092","32","0","27.90","0.40"," "
" "," ","","1531高林股","電機","25.17","25.17","25.17","32","0.00"," ","45,850","45,850","45,850","32","0","13.40","0.05"," "
" "," ","","1532勤美","電機","22.49","22.67","22.74","50","0.25"," ","95,084","95,819","96,140","50","1,056","21.70","0.05"," "
" "," ","","1533車王電","汽車","31.28","31.28","31.28","32","0.00"," ","30,835","30,835","30,835","32","0","31.50","0.45"," "
" "," ","","1535中宇","電機","59.96","59.96","59.96","32","0.00"," ","74,204","74,204","74,204","32","0","51.70","0.00"," "
" "," ","","1536和大","汽車","11.81","11.8","11.79","10","-0.02"," ","32,966","32,939","32,893","10","-73","51.80","0.70"," "
" "," ","","1537廣隆","電機","10.22","10.34","10.38","50","0.16"," ","8,393","8,490","8,523","50","130","124.00","0.00"," "
" "," ","","1538正峰","電機","54.72","54.72","54.72","32","0.00"," ","17,675","17,675","17,675","32","0","12.90","0.10"," "
" "," ","","1539巨庭","電機","14.9","14.9","14.9","32","0.00"," ","9,742","9,742","9,742","32","0","16.60","0.20"," "
" "," ","","1540喬福","電機","20.88","20.88","20.88","32","0.00"," ","17,850","17,850","17,850","32","0","21.75","0.00"," "
" "," ","","1541錩泰","電機","31.97","31.97","31.97","32","0.00"," ","25,194","25,194","25,194","32","0","24.75","0.05"," "
" "," ","","1558伸興","電機","9.7","9.64","9.85","31","0.15"," ","6,456","6,420","6,357","10","-99","92.90","-0.10"," "
" "," ","","1560中砂","電機","14.68","14.6","14.46","10","-0.22"," ","21,636","21,636","21,546","20","-90","536.00","6.00"," "
" "," ","","1563巧新","汽車","6.16","6.16","6.27","41","0.11"," ","14,231","14,231","14,491","41","260","43.90","2.05"," "
" "," ","","1568倉佑","汽車","15.43","15.67","15.8","50","0.37"," ","15,907","16,159","16,297","50","390","29.60","1.65"," "
" "," ","","1582信錦","電子零組件","11.46","12.16","12.73","50","1.27"," ","16,547","17,547","18,377","50","1,830","102.50","-3.50"," "
" "," ","","1583程泰","電機","10.01","10.01","10.01","32","0.00"," ","10,957","10,957","10,957","32","0","48.00","0.30"," "
" "," ","","1587吉茂","汽車","25.86","25.86","25.86","32","0.00"," ","20,710","20,710","20,710","32","0","35.95","0.75"," "
" "," ","","1589永冠-KY","電機","7.83","7.83","7.83","32","0.00"," ","11,993","11,993","11,993","32","0","",""," "
" "," ","","1590亞德客-KY","電機","3.84","3.84","3.78","20","-0.06"," ","7,699","7,689","7,561","10","-138","1325.00","60.00"," "
" "," ","","1597直得","電機","15.13","15.13","15.13","32","0.00"," ","13,507","13,507","13,507","32","0","115.50","1.50"," "
" "," ","","1598岱宇","運動","9.81","9.83","9.97","50","0.16"," ","17,575","17,625","17,866","50","291","20.15","0.00"," "
" "," ","","1603華電","電器電纜","7.92","7.92","7.92","32","0.00"," ","15,200","15,200","15,200","32","0","32.70","-0.20"," "
" "," ","","1604聲寶","電器電纜","5.52","5.52","5.52","32","0.00"," ","21,228","21,228","21,228","32","0","23.50","-0.10"," "
" "," ","","1605華新","電器電纜","10.79","10.79","10.79","32","0.00"," ","478,359","478,359","478,359","32","0","31.60","-1.05"," "
" "," ","","1608華榮","電器電纜","33.58","33.58","33.58","32","0.00"," ","212,501","212,501","212,501","32","0","34.70","-0.40"," "
" "," ","","1609大亞","電器電纜","4.89","4.86","4.86","21","-0.03"," ","38,442","38,185","38,185","21","-257","33.70","-0.35"," "
" "," ","","1611中電","電器電纜","6.13","6.13","6.13","32","0.00"," ","19,801","19,801","19,801","32","0","12.20","0.05"," "
" "," ","","1612宏泰","電器電纜","12.59","12.59","12.59","32","0.00"," ","39,812","39,812","39,812","32","0","35.65","0.00"," "
" "," ","","1614三洋電","電器電纜","33.4","33.4","33.4","32","0.00"," ","89,890","89,890","89,890","32","0","32.35","0.10"," "
" "," ","","1615大山","電器電纜","18.42","18.42","18.42","32","0.00"," ","36,226","36,226","36,226","32","0","46.80","-0.60"," "
" "," ","","1616億泰","電器電纜","10.7","10.7","10.7","32","0.00"," ","20,774","20,774","20,774","32","0","23.65","-0.05"," "
" "," ","","1617榮星","電器電纜","42.02","42.02","42.02","32","0.00"," ","71,231","71,231","71,231","32","0","15.60","-0.25"," "
" "," ","","1618合機","電器電纜","35.83","35.83","35.83","32","0.00"," ","69,061","69,061","69,061","32","0","41.45","-0.15"," "
" "," ","","1623大東電","電器電纜","-","40.82","40.82","40",""," ","-","26,947","26,947","40","","255.00","2.00"," "
" "," ","","1626艾美特-KY","電器電纜","7.72","7.72","7.72","32","0.00"," ","11,574","11,574","11,574","32","0","11.60","0.00"," "
" "," ","","1702南僑","食品","17.61","17.61","17.61","32","0.00"," ","51,817","51,817","51,817","32","0","36.05","-0.10"," "
" "," ","","1707葡萄王","生技醫療業","17.09","17.09","16.28","20","-0.81"," ","25,320","25,320","24,120","20","-1,200","117.50","-0.50"," "
" "," ","","1708東鹼","化學","11.89","11.89","11.89","32","0.00"," ","29,615","29,615","29,615","32","0","39.15","-0.05"," "
" "," ","","1709和益","化學","18.48","18.48","18.48","32","0.00"," ","88,180","88,180","88,180","32","0","18.90","-0.15"," "
" "," ","","1710東聯","化學","10.06","10.06","10.06","32","0.00"," ","89,184","89,184","89,184","32","0","13.60","0.05"," "
" "," ","","1711永光","化學","18.3","18.27","18.25","10","-0.05"," ","100,273","100,123","99,988","10","-285","59.60","5.40"," "
" "," ","","1712興農","化學","18.88","19.21","19.74","50","0.86"," ","79,399","80,783","83,011","50","3,612","42.50","-0.05"," "
" "," ","","1713國化","化學","23.7","23.7","23.7","32","0.00"," ","35,784","35,784","35,784","32","0","48.30","0.05"," "
" "," ","","1714和桐","化學","10.69","10.69","10.69","32","0.00"," ","106,113","106,113","106,113","32","0","9.76","-0.16"," "
" "," ","","1717長興","化學","14.39","14.39","14.39","32","0.00"," ","168,772","168,692","168,692","21","-80","82.70","1.90"," "
" "," ","","1718中纖","化學","5.71","5.71","5.71","32","0.00"," ","96,323","96,323","96,323","32","0","6.76","-0.08"," "
" "," ","","1720生達","生技醫療業","14.89","14.89","14.89","32","0.00"," ","26,608","26,608","26,608","32","0","61.90","0.10"," "
" "," ","","1721三晃","化學","9.36","9.36","9.36","32","0.00"," ","17,314","17,314","17,314","32","0","27.25","2.45"," "
" "," ","","1722台肥","化學","24.07","24.07","24.07","32","0.00"," ","235,888","235,888","235,888","32","0","44.95","-0.15"," "
" "," ","","1723中碳","化學","33.99","33.99","33.99","32","0.00"," ","80,546","80,546","80,546","32","0","82.10","-1.20"," "
" "," ","","1725元禎","化學","11.45","11.45","11.45","32","0.00"," ","20,827","20,827","20,827","32","0","32.85","-1.40"," "
" "," ","","1726永記","化學","21.07","21.07","21.07","32","0.00"," ","34,145","34,145","34,145","32","0","76.90","0.10"," "
" "," ","","1727中華化","化學","19.06","19.06","19.06","32","0.00"," ","24,401","24,401","24,401","32","0","64.90","5.90"," "
" "," ","","1730花仙子","化學","38.35","38.35","38.35","32","0.00"," ","24,251","24,251","24,251","32","0","52.60","-0.10"," "
" "," ","","1731美吾華","生技醫療業","29.89","29.89","29.89","32","0.00"," ","39,739","39,739","39,739","32","0","21.75","0.00"," "
" "," ","","1732毛寶","化學","33.46","33.46","33.46","32","0.00"," ","14,206","14,206","14,206","32","0","26.00","0.10"," "
" "," ","","1733五鼎","生技醫療業","26.46","26.48","26.89","50","0.43"," ","26,456","26,471","26,877","50","421","29.55","-0.25"," "
" "," ","","1734杏輝","生技醫療業","16.44","16.44","16.48","41","0.04"," ","31,276","31,276","31,360","41","84","32.30","0.40"," "
" "," ","","1735日勝化","化學","58.94","58.94","58.94","32","0.00"," ","58,584","58,584","58,584","32","0","30.50","2.75"," "
" "," ","","1736喬山","運動","67.88","67.91","68.02","50","0.14"," ","205,949","206,062","206,396","50","447","116.50","-1.00"," "
" "," ","","1737臺鹽","食品","44.28","44.28","44.28","32","0.00"," ","88,564","88,564","88,564","32","0","32.15","0.10"," "
" "," ","","1752南光","生技醫療業","10.09","10.09","10.18","41","0.09"," ","10,190","10,190","10,290","41","100","35.50","0.10"," "
" "," ","","1760寶齡富錦","生技醫療業","18.71","18.69","18.66","10","-0.05"," ","16,048","16,025","16,004","10","-44","64.60","0.00"," "
" "," ","","1762中化生","生技醫療業","30.24","30.24","30.24","32","0.00"," ","23,267","23,267","23,267","32","0","28.15","-0.50"," "
" "," ","","1773勝一","化學","42.88","42.33","42.29","10","-0.59"," ","128,642","127,014","126,895","10","-1,747","163.00","-0.50"," "
" "," ","","1776展宇","化學","9.06","9.31","9.31","40","0.25"," ","5,450","5,602","5,602","40","151","16.60","-0.35"," "
" "," ","","1783和康生","生技醫療業","40.42","40.89","41.31","50","0.89"," ","36,253","36,679","37,062","50","809","40.90","-0.25"," "
" "," ","","1786科妍","生技醫療業","11","11","11","32","0.00"," ","8,234","8,234","8,234","32","0","64.10","-0.40"," "
" "," ","","1789神隆","生技醫療業","64.39","64.39","64.39","32","0.00"," ","509,202","509,202","509,202","32","0","21.40","0.40"," "
" "," ","","1795美時","生技醫療業","37.44","37.17","37.17","21","-0.27"," ","99,935","99,209","99,209","21","-726","226.50","-0.50"," "
" "," ","","1802台玻","玻璃","30.08","30.08","30.08","32","0.00"," ","874,951","874,951","874,951","32","0","70.90","-3.30"," "
" "," ","","1805寶徠","營建","30.3","30.3","30.3","32","0.00"," ","40,906","40,906","40,906","32","0","10.65","-0.15"," "
" "," ","","1806冠軍","玻璃","7.7","7.7","7.7","32","0.00"," ","30,066","30,066","30,066","32","0","8.26","-0.01"," "
" "," ","","1808潤隆","營建","3.92","3.92","3.92","32","0.00"," ","35,040","35,040","35,040","32","0","29.70","-0.25"," "
" "," ","","1809中釉","玻璃","13.37","13.37","13.37","32","0.00"," ","22,334","22,334","22,334","32","0","29.00","1.60"," "
" "," ","","1810和成","玻璃","5.36","5.36","5.36","32","0.00"," ","16,213","16,213","16,213","32","0","18.70","0.05"," "
" "," ","","1817凱撒衛","玻璃","30.15","30.15","30.15","32","0.00"," ","21,891","21,891","21,891","32","0","38.70","0.05"," "
" "," ","","1903士紙","造紙","7.79","7.79","7.79","32","0.00"," ","20,281","20,281","20,281","32","0","50.30","0.55"," "
" "," ","","1904正隆","造紙","14.25","14.25","14.25","32","0.00"," ","157,938","157,938","157,938","32","0","18.65","-0.10"," "
" "," ","","1905華紙","造紙","57.63","57.63","57.63","32","0.00"," ","635,581","635,581","635,581","32","0","14.25","-0.25"," "
" "," ","","1906寶隆","造紙","25.94","25.94","25.94","32","0.00"," ","39,181","39,181","39,181","32","0","11.95","-0.25"," "
" "," ","","1907永豐餘","造紙","5.78","5.78","5.78","32","0.00"," ","96,063","96,063","96,063","32","0","25.00","-0.50"," "
" "," ","","1909榮成","造紙","36.85","36.85","36.85","32","0.00"," ","489,355","489,355","489,355","32","0","9.40","-0.11"," "
" "," ","","2002中鋼","鋼鐵","20.09","20.09","20.09","32","0.00"," ","3,169,274","3,169,274","3,169,274","32","0","19.55","-0.20"," "
" "," ","","2006東和鋼鐵","鋼鐵","19.39","19.39","19.39","32","0.00"," ","141,660","141,660","141,660","32","0","69.20","-1.00"," "
" "," ","","2007燁興","鋼鐵","73.56","73.56","73.56","32","0.00"," ","390,372","390,372","390,372","32","0","7.93","-0.11"," "
" "," ","","2008高興昌","鋼鐵","38.27","38.27","38.27","32","0.00"," ","73,052","73,052","73,052","32","0","27.65","0.45"," "
" "," ","","2009第一銅","鋼鐵","39.43","39.43","39.43","32","0.00"," ","141,818","141,818","141,818","32","0","39.50","-0.30"," "
" "," ","","2010春源","鋼鐵","16.5","16.5","16.52","41","0.02"," ","106,922","106,922","107,001","41","79","24.80","-0.05"," "
" "," ","","2012春雨","鋼鐵","4.37","4.37","4.37","32","0.00"," ","13,207","13,207","13,207","32","0","15.70","-0.20"," "
" "," ","","2013中鋼構","鋼鐵","43.38","43.38","43.38","32","0.00"," ","86,762","86,762","86,762","32","0","43.75","-0.25"," "
" "," ","","2014中鴻","鋼鐵","40.58","40.58","40.58","32","0.00"," ","582,673","582,673","582,673","32","0","18.05","-0.25"," "
" "," ","","2015豐興","鋼鐵","12.07","12.07","12.07","32","0.00"," ","70,222","70,232","70,232","40","10","62.00","-0.80"," "
" "," ","","2017官田鋼","鋼鐵","22.35","22.35","22.5","41","0.15"," ","99,905","99,905","100,587","41","682","9.02","-0.13"," "
" "," ","","2020美亞","鋼鐵","16.71","16.71","16.71","32","0.00"," ","44,643","44,643","44,643","32","0","22.90","-0.15"," "
" "," ","","2022聚亨","鋼鐵","7.18","7.18","7.18","32","0.00"," ","24,237","24,237","24,237","32","0","8.51","-0.11"," "
" "," ","","2023燁輝","鋼鐵","4.63","4.7","4.7","40","0.07"," ","88,284","88,284","88,284","32","0","14.05","0.00"," "
" "," ","","2024志聯","鋼鐵","22.3","22.3","22.3","32","0.00"," ","21,751","21,751","21,751","32","0","14.40","-0.10"," "
" "," ","","2025千興","鋼鐵","7.02","7.02","7.02","32","0.00"," ","12,134","12,134","12,134","32","0","11.85","-0.30"," "
" "," ","","2027大成鋼","鋼鐵","4.36","4.38","4.38","40","0.02"," ","112,871","113,221","113,363","50","492","36.80","-0.15"," "
" "," ","","2028威致","鋼鐵","10.77","10.77","10.77","32","0.00"," ","35,099","35,099","35,099","32","0","18.80","-0.20"," "
" "," ","","2029盛餘","鋼鐵","65.76","65.76","65.76","32","0.00"," ","211,221","211,221","211,221","32","0","20.65","-0.05"," "
" "," ","","2030彰源","鋼鐵","24.02","24.02","24.02","32","0.00"," ","67,403","67,403","67,403","32","0","16.20","-0.25"," "
" "," ","","2031新光鋼","鋼鐵","18.69","18.69","18.69","32","0.00"," ","60,046","60,027","60,027","21","-19","39.65","-0.35"," "
" "," ","","2032新鋼","鋼鐵","8.87","8.87","8.87","32","0.00"," ","11,585","11,585","11,585","32","0","16.05","-0.05"," "
" "," ","","2033佳大","鋼鐵","14.29","14.29","14.29","32","0.00"," ","11,534","11,534","11,534","32","0","16.25","-0.40"," "
" "," ","","2034允強","鋼鐵","22.34","22.34","22.34","32","0.00"," ","118,194","118,194","118,194","32","0","21.25","-0.05"," "
" "," ","","2038海光","鋼鐵","31.92","31.9","31.89","10","-0.03"," ","61,976","61,940","61,922","10","-54","15.05","-0.10"," "
" "," ","","2049上銀","電機","9.81","9.81","9.83","41","0.02"," ","34,731","34,731","34,781","41","50","312.50","11.50"," "
" "," ","","2059川湖","電子零組件","14.09","14.09","14.09","32","0.00"," ","13,433","13,433","13,433","32","0","3935.00","80.00"," "
" "," ","","2062橋椿","居家","14.93","14.93","14.93","32","0.00"," ","29,867","29,867","29,867","32","0","22.65","0.00"," "
" "," ","","2069運錩","鋼鐵","27.28","27.28","27.28","32","0.00"," ","45,404","45,404","45,404","32","0","18.95","-0.25"," "
" "," ","","2072世紀風電","綠能","-","-","53.27","41",""," ","-","-","102,286","41","","185.00","3.00"," "
" "," ","","2101南港","橡膠","4.03","4.03","4.03","32","0.00"," ","29,625","29,625","29,625","32","0","34.95","-0.30"," "
" "," ","","2102泰豐","橡膠","31.48","31.48","31.48","32","0.00"," ","149,018","149,018","149,018","32","0","19.35","-0.05"," "
" "," ","","2103台橡","橡膠","14.14","14.14","14.14","32","0.00"," ","116,802","116,802","116,802","32","0","18.70","0.00"," "
" "," ","","2104國際中橡","橡膠","17.93","17.93","17.93","32","0.00"," ","176,609","176,609","176,609","32","0","11.15","-0.10"," "
" "," ","","2105正新","橡膠","12.8","12.8","12.8","32","0.00"," ","415,051","415,051","415,051","32","0","32.60","-0.90"," "
" "," ","","2106建大","橡膠","24.46","24.24","24.24","21","-0.22"," ","233,619","231,509","231,526","31","-2,093","18.20","-0.45"," "
" "," ","","2107厚生","橡膠","26.58","26.58","26.58","32","0.00"," ","80,716","80,716","80,716","32","0","26.25","0.45"," "
" "," ","","2108南帝","橡膠","37.44","37.44","37.52","41","0.08"," ","184,362","184,362","184,768","41","406","26.15","0.50"," "
" "," ","","2109華豐","橡膠","15.22","15.22","15.22","32","0.00"," ","42,522","42,522","42,522","32","0","14.60","0.00"," "
" "," ","","2114鑫永銓","橡膠","40.79","40.79","40.79","32","0.00"," ","31,820","31,820","31,820","32","0","88.50","0.20"," "
" "," ","","2115六暉-KY","汽車","11.94","11.94","11.95","41","0.01"," ","12,463","12,463","12,480","41","17","21.65","-0.05"," "
" "," ","","2201裕隆","汽車","34.47","34.47","34.47","32","0.00"," ","368,882","368,882","368,882","32","0","27.85","0.50"," "
" "," ","","2204中華","汽車","47.64","47.64","47.64","32","0.00"," ","263,751","263,751","263,751","32","0","54.00","-0.10"," "
" "," ","","2206三陽工業","汽車","8.15","8.15","8.15","32","0.00"," ","63,932","63,932","63,932","32","0","55.70","-1.40"," "
" "," ","","2207和泰車","汽車","19.22","19.22","21.27","41","2.05"," ","107,080","107,090","118,529","50","11,450","519.00","1.00"," "
" "," ","","2208台船","航運","33.08","33.08","33.08","32","0.00"," ","421,731","421,731","421,731","32","0","20.70","0.00"," "
" "," ","","2211長榮鋼","鋼鐵","22.84","22.84","22.84","32","0.00"," ","95,271","95,271","95,271","32","0","101.00","0.00"," "
" "," ","","2227裕日車","汽車","87.83","87.83","87.83","32","0.00"," ","263,500","263,500","263,500","32","0","55.00","-0.70"," "
" "," ","","2228劍麟","汽車","29.96","29.96","29.96","32","0.00"," ","23,906","23,906","23,906","32","0","91.40","1.40"," "
" "," ","","2231為升","汽車","27.64","27.64","27.64","32","0.00"," ","37,585","37,585","37,585","32","0","142.50","7.50"," "
" "," ","","2233宇隆","汽車","34.26","33.66","33.66","21","-0.60"," ","20,659","20,296","20,296","21","-363","260.50","15.00"," "
" "," ","","2236百達-KY","汽車","13.25","13.25","13.25","32","0.00"," ","8,139","8,139","8,139","32","0","130.00","1.00"," "
" "," ","","2239英利-KY","汽車","21.6","21.6","22.08","41","0.48"," ","25,995","25,995","25,995","32","0","23.75","-0.15"," "
" "," ","","2241艾姆勒","汽車","10.6","10.6","10.6","32","0.00"," ","11,093","11,093","11,093","32","0","31.95","2.90"," "
" "," ","","2243宏旭-KY","汽車","17.62","17.62","17.62","32","0.00"," ","12,225","12,225","12,225","32","0","23.65","0.45"," "
" "," ","","2247汎德永業","汽車","35.05","35.05","35.05","32","0.00"," ","28,293","28,293","28,293","32","0","225.50","-3.50"," "
" "," ","","2248華勝-KY","汽車","38.87","38.87","38.87","32","0.00"," ","18,502","18,502","18,502","32","0","57.50","1.90"," "
" "," ","","2250IKKA-KY","汽車","12.08","12.08","12.08","32","0.00"," ","4,398","4,398","4,398","32","0","65.30","1.30"," "
" "," ","","2254巨鎧精密-創","汽車","38.26","52.01","52.01","40","13.75"," ","24,451","33,241","33,241","40","8,790","86.10","0.90"," "
" "," ","","2258鴻華先進-創","汽車","89.05","88.97","88.95","10","-0.10"," ","1,557,600","1,557,600","1,557,600","32","0","29.70","0.45"," "
" "," ","","2301光寶科","電腦週邊","6.24","6.24","6.25","41","0.01"," ","144,684","144,684","144,984","41","300","176.00","4.50"," "
" "," ","","2302麗正","半導體","25.72","25.72","25.72","32","0.00"," ","42,788","42,788","42,788","32","0","19.40","0.05"," "
" "," ","","2303聯電","半導體","6.09","6.09","6.1","41","0.01"," ","767,678","767,779","767,779","40","101","78.60","2.40"," "
" "," ","","2305全友","電腦週邊","33.72","33.72","33.72","32","0.00"," ","69,357","69,357","69,357","32","0","17.90","-0.70"," "
" "," ","","2308台達電","電子零組件","7.31","7.31","7.31","32","0.00"," ","190,065","190,065","190,045","20","-20","2015.00","0.00"," "
" "," ","","2312金寶","其他電子","9.1","9.1","9.1","32","0.00"," ","137,132","137,132","137,132","32","0","29.85","2.70"," "
" "," ","","2313華通","電子零組件","5.34","5.34","5.34","32","0.00"," ","63,706","63,706","63,706","32","0","247.00","-7.50"," "
" "," ","","2314台揚","通信網路","1.04","1.04","1.04","32","0.00"," ","1,110","1,110","1,110","32","0","15.90","0.20"," "
" "," ","","2316楠梓電","電子零組件","19.06","19.06","19.06","32","0.00"," ","34,843","34,843","34,843","32","0","113.50","-2.00"," "
" "," ","","2317鴻海","其他電子","0.01","0.01","0.01","32","0.00"," ","2,139","2,139","2,139","32","0","221.00","10.00"," "
" "," ","","2321東訊","通信網路","67.4","67.4","67.4","32","0.00"," ","20,406","20,406","20,406","32","0","12.90","0.00"," "
" "," ","","2323中環","光電","9.47","9.48","9.48","40","0.01"," ","103,200","103,275","103,275","40","75","10.75","-0.05"," "
" "," ","","2324仁寶","電腦週邊","4.97","4.97","4.97","32","0.00"," ","219,090","219,090","219,090","32","0","32.75","1.30"," "
" "," ","","2327國巨*","電子零組件","7.62","7.62","7.62","32","0.00"," ","158,059","158,059","158,059","32","0","315.50","-7.50"," "
" "," ","","2328廣宇","電子零組件","0.04","0.04","0.04","32","0.00"," ","212","212","213","41","1","47.30","1.40"," "
" "," ","","2329華泰","半導體","35.67","35.66","35.66","21","-0.01"," ","235,106","235,002","235,002","21","-104","59.70","-2.30"," "
" "," ","","2330台積電","半導體","6.51","6.51","6.51","32","0.00"," ","1,690,526","1,690,526","1,690,762","41","235","2050.00","0.00"," "
" "," ","","2331精英","電腦週邊","48.65","48.65","48.65","32","0.00"," ","271,215","271,215","271,215","32","0","22.05","-0.05"," "
" "," ","","2332友訊","通信網路","3.13","3.13","3.13","32","0.00"," ","18,909","18,909","18,909","32","0","15.25","0.10"," "
" "," ","","2337旺宏","半導體","2.59","2.54","2.52","10","-0.07"," ","50,117","50,119","50,125","50","8","134.50","2.00"," "
" "," ","","2338光罩","半導體","16.26","16.26","14.27","20","-1.99"," ","51,527","51,527","52,356","41","829","51.80","1.50"," "
" "," ","","2340台亞","半導體","20.57","20.57","20.58","41","0.01"," ","90,263","90,265","90,278","50","15","42.95","3.90"," "
" "," ","","2342茂矽","半導體","31.23","31.23","31.23","32","0.00"," ","49,209","49,209","49,209","32","0","33.30","1.05"," "
" "," ","","2344華邦電","半導體","30.25","30.25","29.9","20","-0.35"," ","1,361,637","1,361,637","1,345,782","20","-15,855","90.60","-0.50"," "
" "," ","","2345智邦","通信網路","9.86","9.86","9.86","32","0.00"," ","55,356","55,356","55,356","32","0","2200.00","10.00"," "
" "," ","","2347聯強","電子通路","19.73","19.73","18.68","20","-1.05"," ","329,087","329,087","311,587","20","-17,500","84.00","-0.80"," "
" "," ","","2348海悅","其他","17.26","17.26","17.26","32","0.00"," ","31,409","31,409","31,409","32","0","76.80","-0.60"," "
" "," ","","2349錸德","光電","3.41","3.41","3.41","32","0.00"," ","23,688","23,688","23,688","32","0","13.55","-0.15"," "
" "," ","","2351順德","半導體","8.56","8.56","8.56","32","0.00"," ","15,595","15,595","15,595","32","0","166.00","15.00"," "
" "," ","","2352佳世達","電腦週邊","12.33","12.33","12.33","32","0.00"," ","195,015","195,015","195,015","32","0","26.00","0.35"," "
" "," ","","2353宏卅卅","電腦週邊","2.83","2.83","2.83","32","0.00"," ","86,405","86,405","86,405","32","0","28.30","-0.10"," "
" "," ","","2354鴻準","其他電子","0.82","0.82","0.82","32","0.00"," ","11,707","11,707","11,707","32","0","54.20","1.40"," "
" "," ","","2355敬鵬","電子零組件","9.32","9.32","8.67","20","-0.65"," ","37,069","37,069","34,469","20","-2,600","55.00","1.90"," "
" "," ","","2356英業達","電腦週邊","12.51","12.51","12.51","32","0.00"," ","448,850","448,850","448,850","32","0","47.75","0.40"," "
" "," ","","2357華碩","電腦週邊","5.49","5.49","5.49","32","0.00"," ","40,812","40,812","40,812","32","0","609.00","10.00"," "
" "," ","","2359所羅門","其他電子","19.9","19.9","19.9","32","0.00"," ","34,133","34,133","34,133","32","0","117.00","1.00"," "
" "," ","","2360致茂","其他電子","5.75","5.75","3.4","20","-2.35"," ","24,481","24,475","14,472","10","-10,009","2030.00","5.00"," "
" "," ","","2362藍天","電腦週邊","9.39","9.39","9.39","32","0.00"," ","58,459","58,459","58,459","32","0","39.40","0.45"," "
" "," ","","2363矽統","半導體","18.2","18.2","18.2","32","0.00"," ","93,749","93,749","93,749","32","0","59.70","2.50"," "
" "," ","","2364倫飛","電腦週邊","30.35","30.35","30.46","41","0.11"," ","15,904","15,904","15,959","41","55","65.20","1.90"," "
" "," ","","2365昆盈","電腦週邊","5.47","5.47","5.47","32","0.00"," ","12,133","12,133","12,133","32","0","35.75","-0.15"," "
" "," ","","2367燿華","電子零組件","7.44","7.44","7.43","20","-0.01"," ","52,604","52,577","52,486","10","-118","67.80","-2.50"," "
" "," ","","2368金像電","電子零組件","25.19","25.19","24.87","20","-0.32"," ","128,641","128,641","128,614","20","-27","1250.00","25.00"," "
" "," ","","2369菱生","半導體","4.38","4.38","4.38","32","0.00"," ","16,676","16,676","16,676","32","0","31.75","-0.95"," "
" "," ","","2371大同","電機","5.27","5.27","5.27","32","0.00"," ","113,564","113,564","113,564","32","0","31.50","-0.50"," "
" "," ","","2373震旦行","其他電子","52.88","52.88","52.9","41","0.02"," ","124,920","124,920","124,955","41","35","58.10","-0.60"," "
" "," ","","2374佳能","光電","11.98","11.98","12.28","41","0.30"," ","38,885","38,885","41,344","41","2,459","76.00","1.10"," "
" "," ","","2375凱美","電子零組件","9.03","9.03","9.03","32","0.00"," ","9,816","9,816","9,816","32","0","85.80","-2.30"," "
" "," ","","2376技嘉","電腦週邊","5.22","5.22","5.22","32","0.00"," ","34,971","34,971","34,971","32","0","285.00","-3.50"," "
" "," ","","2377微星","電腦週邊","11.23","11.23","11.23","32","0.00"," ","94,918","94,918","94,918","32","0","97.50","3.70"," "
" "," ","","2379瑞昱","半導體","3.21","3.18","3.2","31","-0.01"," ","16,552","16,432","16,498","31","-54","567.00","16.00"," "
" "," ","","2380虹光","電腦週邊","7.79","7.79","7.79","32","0.00"," ","16,902","16,902","16,902","32","0","5.20","-0.01"," "
" "," ","","2382廣達","電腦週邊","13.03","13.03","13.03","32","0.00"," ","503,567","503,567","503,567","32","0","335.00","-5.00"," "
" "," ","","2383台光電","電子零組件","8.57","8.57","8.57","32","0.00"," ","30,737","30,737","30,737","32","0","4065.00","115.00"," "
" "," ","","2385群光","電子零組件","10.49","10.49","10.49","32","0.00"," ","79,772","79,772","79,772","32","0","125.00","0.00"," "
" "," ","","2387精元","電腦週邊","33.74","33.74","33.74","32","0.00"," ","65,889","65,889","65,889","32","0","42.15","0.85"," "
" "," ","","2388威盛","半導體","8.4","8.4","8.4","32","0.00"," ","46,705","46,705","46,705","32","0","80.00","7.20"," "
" "," ","","2390云辰","其他電子","29.02","29.02","29.02","32","0.00"," ","55,902","55,902","55,902","32","0","10.25","-0.10"," "
" "," ","","2392正崴","電子零組件","20.42","20.42","20.42","32","0.00"," ","104,662","104,662","104,662","32","0","38.35","-1.45"," "
" "," ","","2393億光","光電","5.41","5.41","5.41","32","0.00"," ","23,990","23,990","23,990","32","0","73.60","-0.20"," "
" "," ","","2395研華","電腦週邊","29.16","29.2","29.01","30","-0.15"," ","252,503","252,935","251,935","30","-568","361.00","-3.50"," "
" "," ","","2397友通","電腦週邊","45.07","45.07","45.07","32","0.00"," ","51,610","51,610","51,610","32","0","59.00","-1.00"," "
" "," ","","2399映泰","電腦週邊","7.53","7.53","7.53","32","0.00"," ","13,413","13,413","13,413","32","0","40.20","-1.75"," "
" "," ","","2401凌陽","半導體","15.66","15.66","15.66","32","0.00"," ","92,748","92,748","92,748","32","0","25.55","0.05"," "
" "," ","","2402毅嘉","電子零組件","6.41","6.41","6.41","32","0.00"," ","19,718","19,718","19,718","32","0","76.90","-0.20"," "
" "," ","","2404漢唐","其他電子","9.5","9.5","9.5","32","0.00"," ","18,118","18,118","18,118","32","0","1000.00","0.00"," "
" "," ","","2405輔信","電腦週邊","6.66","6.55","6.55","21","-0.11"," ","22,903","22,503","22,503","21","-400","16.20","-0.05"," "
" "," ","","2406國碩","光電","7.1","7.04","6.95","10","-0.15"," ","24,944","24,719","24,421","10","-523","32.55","-1.15"," "
" "," ","","2408南亞科","半導體","29.31","29.31","29.31","32","0.00"," ","908,488","908,463","908,463","21","-25","219.00","-1.00"," "
" "," ","","2409友達","光電","7.3","7.3","7.31","41","0.01"," ","551,374","551,374","552,325","41","951","18.55","-0.35"," "
" "," ","","2412中華電","通信網路","35.29","35.29","35.29","32","0.00"," ","2,737,719","2,737,719","2,737,719","32","0","136.50","-0.50"," "
" "," ","","2413環科","電子零組件","12.66","12.62","12.58","10","-0.08"," ","16,129","16,074","16,026","10","-103","49.85","-0.95"," "
" "," ","","2414精技","電子通路","33.55","33.55","33.51","20","-0.04"," ","54,266","54,266","54,206","20","-60","46.55","1.35"," "
" "," ","","2415錩新","電子零組件","1.18","1.18","1.18","32","0.00"," ","1,068","1,068","1,068","32","0","28.85","-0.05"," "
" "," ","","2417圓剛","電腦週邊","23.57","24.1","24.54","50","0.97"," ","37,118","37,923","38,609","50","1,491","42.55","0.35"," "
" "," ","","2419仲琦","通信網路","62.41","62.41","62.41","32","0.00"," ","200,549","200,549","200,549","32","0","35.20","0.25"," "
" "," ","","2420新巨","電子零組件","15.5","15.5","15.5","32","0.00"," ","23,662","23,662","23,662","32","0","55.80","0.00"," "
" "," ","","2421建準","電子零組件","7.04","7.04","6.96","20","-0.08"," ","19,277","19,277","19,993","41","716","147.00","1.00"," "
" "," ","","2423固緯","其他電子","8.94","8.94","8.94","32","0.00"," ","12,972","12,972","12,972","32","0","60.10","0.80"," "
" "," ","","2424隴華","通信網路","2.81","2.81","2.81","32","0.00"," ","1,680","1,680","1,680","32","0","25.15","2.25"," "
" "," ","","2425承啟","電腦週邊","25.88","25.88","25.88","32","0.00"," ","24,983","24,983","24,983","32","0","30.75","-0.45"," "
" "," ","","2426鼎元","光電","7.97","7.97","7.94","20","-0.03"," ","23,966","23,966","23,886","20","-80","52.20","-1.20"," "
" "," ","","2427三商電","資訊服務","47.37","47.26","47.16","10","-0.21"," ","93,799","93,589","93,389","10","-410","22.35","0.15"," "
" "," ","","2428興勤","電子零組件","21.25","21.25","21.25","32","0.00"," ","27,236","27,236","27,236","32","0","184.50","0.50"," "
" "," ","","2429銘旺科","光電","18.14","18.03","18.03","21","-0.11"," ","15,513","15,422","15,418","10","-95","50.40","4.55"," "
" "," ","","2430燦坤","電子通路","32.19","32.19","32.19","32","0.00"," ","37,600","37,600","37,600","32","0","21.60","0.05"," "
" "," ","","2431聯昌","電子零組件","34.22","34.22","34.22","32","0.00"," ","37,967","37,967","37,967","32","0","11.50","-0.30"," "
" "," ","","2432倚天酷卅卅-創","電腦週邊","63.54","63.54","63.54","32","0.00"," ","39,310","39,310","39,310","32","0","29.60","0.30"," "
" "," ","","2433互盛電","其他電子","27.3","27.3","27.3","32","0.00"," ","39,461","39,461","39,461","32","0","45.90","-0.10"," "
" "," ","","2434統懋","半導體","31.62","31.62","31.62","32","0.00"," ","11,702","11,702","11,702","32","0","30.20","-0.15"," "
" "," ","","2436偉詮電","半導體","6.02","6.02","6.02","32","0.00"," ","12,046","12,046","12,046","32","0","78.30","3.20"," "
" "," ","","2438翔耀","光電","2.9","2.9","2.66","20","-0.24"," ","1,896","1,896","1,896","32","0","23.00","-0.15"," "
" "," ","","2439美律","通信網路","9.45","9.45","9.56","41","0.11"," ","23,998","23,998","24,273","41","275","89.00","-0.20"," "
" "," ","","2440太空梭","電子零組件","35.26","36.36","36.36","40","1.10"," ","49,065","50,590","50,590","40","1,525","16.35","-0.45"," "
" "," ","","2441超豐","半導體","43.92","43.92","43.92","32","0.00"," ","249,888","249,888","249,888","32","0","96.50","2.20"," "
" "," ","","2442新美齊","營建","32.1","29.08","29.08","21","-3.02"," ","88,359","94,590","94,590","40","6,231","18.60","-0.40"," "
" "," ","","2444兆勁","通信網路","7.89","7.89","7.89","32","0.00"," ","8,016","8,016","8,016","32","0","14.15","0.10"," "
" "," ","","2449京元電子","半導體","8.45","8.45","8.45","32","0.00"," ","103,352","103,350","103,325","10","-27","287.50","6.50"," "
" "," ","","2450神腦","通信網路","33.53","33.53","33.53","32","0.00"," ","86,594","86,594","86,594","32","0","30.10","-0.05"," "
" "," ","","2451創見","半導體","2.12","2.14","2.14","40","0.02"," ","9,135","9,235","9,235","40","100","269.00","3.50"," "
" "," ","","2453凌群","資訊服務","28.36","28.36","28.36","32","0.00"," ","28,367","28,367","28,367","32","0","55.90","1.50"," "
" "," ","","2454聯發科","半導體","2.72","2.72","2.72","32","0.00"," ","43,692","43,692","43,692","32","0","2295.00","205.00"," "
" "," ","","2455全新","通信網路","6.06","6.05","6.05","21","-0.01"," ","11,208","11,190","11,190","21","-18","364.50","24.50"," "
" "," ","","2457飛宏","電子零組件","14.49","14.49","14.49","32","0.00"," ","61,582","61,582","61,582","32","0","25.75","0.35"," "
" "," ","","2458義隆","半導體","5.88","5.88","5.88","32","0.00"," ","17,892","17,892","17,892","32","0","140.00","3.00"," "
" "," ","","2459敦吉","其他電子","14.67","14.67","14.72","41","0.05"," ","15,500","15,500","15,553","41","53","67.70","-0.60"," "
" "," ","","2460建通","電子零組件","37.02","37.02","37.02","32","0.00"," ","62,640","62,640","62,640","32","0","39.40","0.95"," "
" "," ","","2461光群雷","其他電子","9.3","9.26","8.44","10","-0.86"," ","16,213","16,213","16,213","32","0","17.65","-0.30"," "
" "," ","","2462良得電","電子零組件","30.31","30.28","30.28","21","-0.03"," ","45,704","45,664","45,664","21","-40","23.25","0.20"," "
" "," ","","2464盟立","其他電子","13.12","13.12","13.12","32","0.00"," ","27,090","27,090","27,090","32","0","94.00","7.90"," "
" "," ","","2465麗臺","電腦週邊","29.16","29.16","29.16","32","0.00"," ","27,396","27,396","27,396","32","0","71.30","3.70"," "
" "," ","","2466冠西電","光電","9.85","9.85","9.85","32","0.00"," ","17,089","17,089","17,089","32","0","58.60","-2.90"," "
" "," ","","2467志聖","電子零組件","15.88","15.88","15.88","32","0.00"," ","24,894","24,894","24,894","32","0","597.00","37.00"," "
" "," ","","2468華經","資訊服務","47.66","47.66","47.66","32","0.00"," ","33,348","33,348","33,348","32","0","35.45","0.15"," "
" "," ","","2471資通","資訊服務","12.43","12.43","12.43","32","0.00"," ","5,877","5,877","5,877","32","0","53.70","-0.30"," "
" "," ","","2472立隆電","電子零組件","17.54","17.53","17.53","21","-0.01"," ","28,898","28,893","28,893","21","-5","184.00","-4.00"," "
" "," ","","2474可成","其他電子","4.66","4.66","4.92","41","0.26"," ","27,651","27,651","27,651","32","0","210.50","0.50"," "
" "," ","","2476鉅祥","電子零組件","9.34","9.32","9.32","21","-0.02"," ","20,342","20,343","20,344","50","2","121.50","-0.50"," "
" "," ","","2477美隆電","其他電子","24.39","24.39","24.39","32","0.00"," ","38,684","38,684","38,684","32","0","24.35","-0.15"," "
" "," ","","2478大毅","電子零組件","11.11","11.11","11.11","32","0.00"," ","16,085","16,085","16,085","32","0","72.00","-1.90"," "
" "," ","","2480敦陽科","資訊服務","8.38","8.36","8.36","21","-0.02"," ","8,915","8,900","8,900","21","-15","140.50","1.50"," "
" "," ","","2481強茂","半導體","18.85","18.95","19.06","50","0.21"," ","72,037","72,413","72,863","50","826","103.50","-7.00"," "
" "," ","","2482連宇","其他電子","17.93","17.93","17.93","32","0.00"," ","13,968","13,968","13,968","32","0","17.80","-0.10"," "
" "," ","","2483百容","電子零組件","13.8","13.8","13.8","32","0.00"," ","14,896","14,896","14,896","32","0","24.15","0.55"," "
" "," ","","2484希華","電子零組件","8.84","8.84","8.84","32","0.00"," ","14,103","14,103","14,103","32","0","47.50","-1.75"," "
" "," ","","2485兆赫","通信網路","12.84","12.79","12.67","10","-0.17"," ","40,791","40,648","40,267","10","-524","71.00","-1.30"," "
" "," ","","2486一詮","光電","17.24","17.24","16.38","20","-0.86"," ","40,343","40,343","38,343","20","-2,000","219.00","14.50"," "
" "," ","","2488漢平","其他電子","12.64","12.7","12.75","50","0.11"," ","10,112","10,165","10,200","50","88","51.20","-0.90"," "
" "," ","","2489瑞軒","光電","12.62","12.62","12.62","32","0.00"," ","77,039","77,039","77,039","32","0","44.10","-0.40"," "
" "," ","","2491吉祥全","光電","28.89","28.89","28.89","32","0.00"," ","23,700","23,700","23,700","32","0","16.35","-0.20"," "
" "," ","","2492華新科","電子零組件","21.46","21.46","21.46","32","0.00"," ","104,268","104,268","104,268","32","0","142.50","-6.50"," "
" "," ","","2493揚博","電子零組件","13.83","13.83","11.07","20","-2.76"," ","17,544","17,544","14,044","20","-3,500","127.00","-8.50"," "
" "," ","","2495普安","電腦週邊","14.24","14.24","14.08","20","-0.16"," ","38,973","38,973","38,523","20","-450","44.40","-0.05"," "
" "," ","","2496卓越","其他","26.29","26.29","26.29","32","0.00"," ","5,023","5,023","5,023","32","0","65.10","-0.50"," "
" "," ","","2497怡利電","汽車","18.71","18.71","16.88","20","-1.83"," ","22,102","22,102","22,102","32","0","61.10","5.50"," "
" "," ","","2498宏達電","通信網路","6.55","6.55","6.54","20","-0.01"," ","54,760","54,760","54,760","32","0","41.85","0.70"," "
" "," ","","2501國建","營建","2.85","2.85","2.85","32","0.00"," ","33,050","33,050","33,050","32","0","25.45","0.65"," "
" "," ","","2504國產","營建","13.07","13.07","13.07","32","0.00"," ","154,330","154,330","154,330","32","0","36.55","0.15"," "
" "," ","","2505國揚","營建","7.42","7.42","7.42","32","0.00"," ","28,226","28,226","28,226","32","0","18.80","-0.10"," "
" "," ","","2506太設","營建","9.51","9.51","9.51","32","0.00"," ","36,828","36,828","36,830","41","2","8.89","0.00"," "
" "," ","","2509全坤建","營建","8.65","8.65","8.65","32","0.00"," ","19,438","19,438","19,438","32","0","14.00","-0.10"," "
" "," ","","2511太子","營建","26.31","26.31","26.31","32","0.00"," ","427,107","427,107","427,107","32","0","8.07","-0.06"," "
" "," ","","2514龍邦","其他","33.71","33.71","33.79","41","0.08"," ","133,095","133,095","133,418","41","323","13.45","0.15"," "
" "," ","","2515中工","營建","11.67","11.67","11.67","32","0.00"," ","187,667","187,667","187,667","32","0","13.65","-0.10"," "
" "," ","","2516新建","營建","12.55","12.64","12.92","50","0.37"," ","28,417","28,615","29,244","50","827","13.05","-0.05"," "
" "," ","","2520冠德","營建","19.11","19.11","19.11","32","0.00"," ","116,529","116,529","116,529","32","0","31.10","-0.55"," "
" "," ","","2524京城","營建","13.94","13.94","13.94","32","0.00"," ","51,039","51,039","51,039","32","0","39.00","-0.85"," "
" "," ","","2527宏璟","營建","25.43","25.43","25.43","32","0.00"," ","68,754","68,754","68,754","32","0","34.85","-1.40"," "
" "," ","","2528皇普","營建","42.42","42.42","42.42","32","0.00"," ","184,150","184,150","184,150","32","0","22.50","-0.40"," "
" "," ","","2530華建","營建","4.13","4.14","4.14","40","0.01"," ","34,802","34,872","34,892","50","90","21.75","-0.55"," "
" "," ","","2534宏盛","營建","6.75","6.75","6.75","32","0.00"," ","32,020","32,020","32,020","32","0","19.65","-0.05"," "
" "," ","","2535達欣工","營建","15.91","15.91","15.91","32","0.00"," ","43,095","43,095","43,095","32","0","70.10","-0.50"," "
" "," ","","2536宏普","營建","37.2","37.2","37.2","32","0.00"," ","123,805","123,805","123,805","32","0","21.80","-0.35"," "
" "," ","","2537聯上發","營建","22.83","22.83","22.83","32","0.00"," ","68,628","68,628","68,628","32","0","10.70","0.25"," "
" "," ","","2538基泰","營建","5.59","5.59","5.6","41","0.01"," ","24,918","24,918","24,958","41","40","10.15","0.10"," "
" "," ","","2539櫻花建","營建","19.62","19.62","19.62","32","0.00"," ","234,098","234,098","234,098","32","0","44.80","-0.55"," "
" "," ","","2540愛山林","營建","67.24","67.73","67.96","50","0.72"," ","635,350","640,042","642,176","50","6,826","58.70","0.00"," "
" "," ","","2542興富發","營建","2.78","2.78","2.78","32","0.00"," ","60,504","60,504","60,504","32","0","34.00","0.10"," "
" "," ","","2543皇昌","營建","46.5","46.5","46.84","41","0.34"," ","247,574","247,574","247,574","32","0","51.60","-0.70"," "
" "," ","","2545皇翔","營建","42.27","42.27","42.27","32","0.00"," ","160,534","160,534","160,534","32","0","38.00","0.05"," "
" "," ","","2546根基","營建","34.18","34.18","34.18","32","0.00"," ","44,619","44,619","44,619","32","0","85.60","-0.30"," "
" "," ","","2547日勝生","營建","12.65","12.65","12.65","32","0.00"," ","130,992","130,992","130,992","32","0","10.60","-0.05"," "
" "," ","","2548華固","營建","15.49","15.55","15.56","50","0.07"," ","49,552","49,722","49,772","50","220","130.50","1.00"," "
" "," ","","2597潤弘","營建","47.57","47.57","47.57","32","0.00"," ","147,822","147,822","147,822","32","0","154.50","-0.50"," "
" "," ","","2601益航","貿易百貨","11.64","11.64","11.64","32","0.00"," ","96,011","96,011","96,011","32","0","5.54","-0.01"," "
" "," ","","2603長榮","航運","2.72","2.72","2.72","32","0.00"," ","59,028","59,028","59,028","32","0","202.00","0.50"," "
" "," ","","2605新興","航運","13.14","13.14","13.14","32","0.00"," ","76,939","76,939","76,939","32","0","34.40","0.20"," "
" "," ","","2606裕民","航運","40.62","40.62","40.62","32","0.00"," ","343,329","343,329","343,329","32","0","63.40","-0.10"," "
" "," ","","2607榮運","航運","40.37","40.37","40.37","32","0.00"," ","215,422","215,422","215,422","32","0","49.85","-0.35"," "
" "," ","","2608嘉里大榮","航運","9.1","9.1","9.1","32","0.00"," ","42,501","42,501","42,501","32","0","30.80","-0.15"," "
" "," ","","2609陽明","航運","32.21","32.21","32.21","32","0.00"," ","1,125,121","1,125,121","1,125,121","32","0","50.50","-0.20"," "
" "," ","","2610華航","航運","39.22","39.19","39","10","-0.22"," ","2,387,092","2,387,092","2,387,092","32","0","18.15","-0.05"," "
" "," ","","2611志信","航運","26.56","26.56","26.56","32","0.00"," ","50,207","50,207","50,207","32","0","14.40","-0.10"," "
" "," ","","2612中航","航運","27.73","27.92","28","50","0.27"," ","54,767","55,150","55,300","50","533","58.00","-0.60"," "
" "," ","","2613中櫃","航運","34.33","34.33","34.33","32","0.00"," ","50,964","50,964","50,964","32","0","22.90","-0.20"," "
" "," ","","2614東森","其他","5.55","5.55","5.55","32","0.00"," ","18,194","18,194","18,194","32","0","20.30","0.00"," "
" "," ","","2615萬海","航運","2.79","2.79","2.79","32","0.00"," ","78,382","78,382","78,382","32","0","74.50","0.50"," "
" "," ","","2616山隆","油電燃氣","23.83","23.83","23.9","41","0.07"," ","32,716","32,716","32,817","41","101","15.10","0.05"," "
" "," ","","2617台航","航運","43.42","43.42","43.42","32","0.00"," ","181,230","181,230","181,230","32","0","30.00","-0.15"," "
" "," ","","2618長榮航","航運","14.56","14.56","14.56","32","0.00"," ","786,448","786,448","786,448","32","0","35.05","-0.30"," "
" "," ","","2630亞航","航運","59.17","59.17","59.17","32","0.00"," ","123,928","123,928","123,928","32","0","51.20","2.05"," "
" "," ","","2633台灣高鐵","航運","61.34","61.34","61.34","32","0.00"," ","3,452,526","3,452,526","3,452,526","32","0","26.50","-0.20"," "
" "," ","","2634漢翔","航運","36.34","36.34","36.34","32","0.00"," ","342,365","342,365","342,365","32","0","50.00","0.75"," "
" "," ","","2636台驊控股","航運","17.99","18.39","18.61","50","0.62"," ","25,517","26,091","26,404","50","887","68.00","-0.30"," "
" "," ","","2637慧洋-KY","航運","30.97","30.97","30.97","32","0.00"," ","231,232","231,232","231,232","32","0","75.80","1.00"," "
" "," ","","2642宅配通","航運","45.89","45.89","45.89","32","0.00"," ","43,816","43,816","43,816","32","0","22.65","-0.10"," "
" "," ","","2645長榮航太","航運","68.62","68.62","68.62","32","0.00"," ","257,037","257,037","257,037","32","0","165.50","-1.00"," "
" "," ","","2646星宇航空","航運","55.26","55.26","55.26","32","0.00"," ","1,662,764","1,662,764","1,662,764","32","0","20.60","-0.20"," "
" "," ","","2701萬企","觀光","19.96","19.96","19.96","32","0.00"," ","89,847","89,847","89,847","32","0","10.85","-0.05"," "
" "," ","","2702華園","觀光","19.4","19.4","19.4","32","0.00"," ","30,396","30,396","30,396","32","0","16.00","-0.70"," "
" "," ","","2704國賓","觀光","21.04","21.04","21.04","32","0.00"," ","77,212","77,212","77,212","32","0","42.80","-0.55"," "
" "," ","","2705六福","觀光","13.13","13.13","12.97","20","-0.16"," ","25,121","25,121","24,824","20","-297","17.05","-0.05"," "
" "," ","","2706第一店","觀光","19.8","19.8","19.8","32","0.00"," ","99,039","99,039","99,039","32","0","12.55","-0.05"," "
" "," ","","2707晶華","觀光","10.49","10.49","10.49","32","0.00"," ","13,367","13,367","13,367","32","0","177.00","-1.00"," "
" "," ","","2712遠雄來","觀光","51.12","51.12","51.12","32","0.00"," ","53,681","53,681","53,681","32","0","17.85","-0.05"," "
" "," ","","2722夏都","觀光","53.99","53.99","53.99","32","0.00"," ","77,307","77,307","77,307","32","0","24.40","-0.10"," "
" "," ","","2723美食-KY","觀光","46.33","46.33","46.33","32","0.00"," ","83,397","83,397","83,397","32","0","65.80","0.10"," "
" "," ","","2727王品","觀光","8.51","8.51","8.51","32","0.00"," ","7,190","7,190","7,190","32","0","226.00","0.50"," "
" "," ","","2731雄獅","觀光","17.49","17.49","17.49","32","0.00"," ","16,321","16,321","16,321","32","0","160.00","-1.00"," "
" "," ","","2739寒舍","觀光","40.95","40.95","40.95","32","0.00"," ","37,488","37,488","37,488","32","0","35.15","-0.25"," "
" "," ","","2748雲品","觀光","58.59","58.59","58.59","32","0.00"," ","61,980","61,985","61,985","40","5","41.15","-0.25"," "
" "," ","","2753八方雲集","觀光","30.88","31.35","31.37","50","0.49"," ","20,586","20,894","20,911","50","325","180.00","0.00"," "
" "," ","","2762世界健身-KY","運動","0","0","0","32","0.00"," ","0","0","0","32","0","73.00","0.00"," "
" "," ","","2801彰銀","金融","25.11","25.11","25.11","32","0.00"," ","2,955,281","2,955,281","2,955,281","32","0","21.35","-0.10"," "
" "," ","","2812台中銀","金融","3.2","3.2","3.2","32","0.00"," ","193,291","193,291","193,291","32","0","20.35","-0.05"," "
" "," ","","2816旺旺保","金融","20.88","20.88","20.88","32","0.00"," ","46,690","46,690","46,690","32","0","30.60","0.15"," "
" "," ","","2820華票","金融","34.22","34.22","34.22","32","0.00"," ","459,575","459,575","459,575","32","0","17.00","-0.05"," "
" "," ","","2832台產","金融","26.64","26.64","26.64","32","0.00"," ","67,562","67,562","67,562","32","0","51.50","0.50"," "
" "," ","","2834臺企銀","金融","24.42","24.42","24.21","20","-0.21"," ","2,373,531","2,373,531","2,353,506","20","-20,024","16.60","0.05"," "
" "," ","","2836高雄銀","金融","55.66","55.75","56.01","50","0.35"," ","1,046,533","1,048,191","1,053,021","50","6,488","12.00","-0.10"," "
" "," ","","2838聯邦銀","金融","11.34","11.34","11.34","32","0.00"," ","515,203","515,203","515,203","32","0","20.35","-0.35"," "
" "," ","","2845遠東銀","金融","7.46","7.46","7.46","32","0.00"," ","363,263","363,263","363,263","32","0","12.50","-0.05"," "
" "," ","","2849安泰銀","金融","21.88","21.88","21.88","32","0.00"," ","428,437","428,437","428,437","32","0","13.95","-0.20"," "
" "," ","","2850新產","金融","4.28","4.28","4.28","32","0.00"," ","13,525","13,525","13,525","32","0","123.50","1.00"," "
" "," ","","2851中再保","金融","37.03","37.03","37.03","32","0.00"," ","296,461","296,461","296,461","32","0","30.20","0.35"," "
" "," ","","2852第一保","金融","18.58","18.58","18.58","32","0.00"," ","55,959","55,959","55,959","32","0","26.25","0.00"," "
" "," ","","2855統一證","金融","7.14","7.14","7.14","32","0.00"," ","114,419","114,419","114,419","32","0","33.65","0.20"," "
" "," ","","2867三商壽","金融","31.15","31.15","31.15","32","0.00"," ","1,837,780","1,837,780","1,837,780","32","0","7.90","0.00"," "
" "," ","","2880華南金","金融","24.72","24.72","24.72","32","0.00"," ","3,440,961","3,440,961","3,440,961","32","0","35.25","0.00"," "
" "," ","","2881富邦金","金融","24","24","24","32","0.00"," ","3,747,201","3,747,201","3,747,201","32","0","88.30","0.60"," "
" "," ","","2882國泰金","金融","1.02","1.02","1.02","32","0.00"," ","165,858","165,858","165,858","32","0","75.90","0.40"," "
" "," ","","2883凱基金","金融","1.1","1.1","1.1","32","0.00"," ","204,256","204,256","204,256","32","0","20.80","0.10"," "
" "," ","","2884玉山金","金融","1.56","1.56","1.56","32","0.00"," ","252,637","252,637","252,637","32","0","33.05","0.10"," "
" "," ","","2885元大金","金融","4.59","4.59","4.59","32","0.00"," ","611,995","611,995","611,995","32","0","50.10","-0.90"," "
" "," ","","2886兆豐金","金融","20.6","20.6","20.6","32","0.00"," ","3,057,113","3,057,113","3,057,113","32","0","39.50","0.05"," "
" "," ","","2887台新新光金","金融","1.92","1.92","1.92","32","0.00"," ","566,145","566,145","566,145","32","0","23.95","0.00"," "
" "," ","","2889國票金","金融","9.86","9.86","9.86","32","0.00"," ","358,584","358,584","358,584","32","0","14.95","-0.15"," "
" "," ","","2890永豐金","金融","2.57","2.57","2.57","32","0.00"," ","373,910","373,910","373,910","32","0","31.50","-0.15"," "
" "," ","","2891中信金","金融","1.42","1.42","1.42","32","0.00"," ","287,743","287,743","287,743","32","0","53.50","0.50"," "
" "," ","","2892第一金","金融","18.98","18.98","18.98","32","0.00"," ","2,730,604","2,730,604","2,730,604","32","0","28.65","-0.15"," "
" "," ","","2897王道銀行","金融","33.71","33.71","33.71","32","0.00"," ","1,030,102","1,030,102","1,030,102","32","0","10.15","-0.15"," "
" "," ","","2901欣欣","貿易百貨","58.4","58.4","58.4","32","0.00"," ","42,659","42,659","42,659","32","0","23.25","-0.30"," "
" "," ","","2903遠百","貿易百貨","22.96","22.96","22.96","32","0.00"," ","325,421","325,421","325,421","32","0","22.55","-0.05"," "
" "," ","","2904匯僑","其他","41.33","41.33","41.33","32","0.00"," ","32,172","32,172","32,172","32","0","16.50","-0.10"," "
" "," ","","2905三商","貿易百貨","43.7","43.7","43.7","32","0.00"," ","485,300","485,300","485,300","32","0","14.25","-0.35"," "
" "," ","","2906高林","貿易百貨","37.14","37.14","37.14","32","0.00"," ","77,669","77,669","77,669","32","0","12.90","-0.05"," "
" "," ","","2908特力","貿易百貨","15.59","15.59","15.59","32","0.00"," ","79,532","79,532","79,532","32","0","20.30","-0.20"," "
" "," ","","2910統領","貿易百貨","20.01","20.01","19.89","20","-0.12"," ","35,101","35,101","34,901","20","-200","22.65","0.05"," "
" "," ","","2911麗嬰房","貿易百貨","22.07","22.07","22.07","32","0.00"," ","23,210","23,210","23,210","32","0","5.08","0.00"," "
" "," ","","2912統一超","貿易百貨","45.89","45.89","45.89","32","0.00"," ","477,173","477,173","477,173","32","0","238.50","2.00"," "
" "," ","","2913農林","貿易百貨","30.84","30.84","30.84","32","0.00"," ","243,640","243,640","243,640","32","0","11.70","-0.10"," "
" "," ","","2915潤泰全","貿易百貨","5.58","5.58","5.58","32","0.00"," ","61,641","61,641","61,641","32","0","44.55","-0.45"," "
" "," ","","2923鼎固-KY","營建","58.49","58.49","58.49","32","0.00"," ","1,018,017","1,018,017","1,018,017","32","0","25.20","-1.70"," "
" "," ","","2929淘帝-KY","貿易百貨","14.86","14.86","14.86","32","0.00"," ","16,281","16,281","16,281","32","0","6.05","-0.05"," "
" "," ","","2939永邑-KY","貿易百貨","1.05","1.05","1.05","32","0.00"," ","479","479","479","32","0","25.25","-0.70"," "
" "," ","","2945三商家購","貿易百貨","76.17","76.17","76.17","32","0.00"," ","51,419","51,419","51,419","32","0","41.95","-0.05"," "
" "," ","","3002歐格","電腦週邊","25.9","25.88","25.77","10","-0.13"," ","26,418","26,407","26,287","10","-131","19.10","-0.05"," "
" "," ","","3003健和興","電子零組件","10.34","10.34","10.39","41","0.05"," ","16,101","16,101","16,175","41","74","56.10","1.30"," "
" "," ","","3004豐達科","鋼鐵","42.1","42.07","42.03","10","-0.07"," ","27,054","27,054","27,054","32","0","116.00","-0.50"," "
" "," ","","3005神基","電腦週邊","32.71","32.66","32.61","10","-0.10"," ","203,623","203,623","203,623","32","0","102.00","1.00"," "
" "," ","","3006晶豪科","半導體","6.81","6.74","6.54","10","-0.27"," ","19,501","19,501","19,501","32","0","167.50","6.50"," "
" "," ","","3008大立光","光電","18.56","18.56","18.63","41","0.07"," ","24,777","24,777","24,877","41","100","2585.00","-60.00"," "
" "," ","","3010華立","電子通路","9.88","9.88","9.88","32","0.00"," ","25,655","25,655","25,655","32","0","138.50","1.50"," "
" "," ","","3011今皓","電子零組件","9.98","9.98","9.63","20","-0.35"," ","12,491","12,491","12,491","32","0","14.75","0.90"," "
" "," ","","3013晟銘電","電腦週邊","17.29","17.2","17.12","10","-0.17"," ","35,473","35,284","35,130","10","-343","121.00","11.00"," "
" "," ","","3014聯陽","半導體","9.66","9.66","9.66","32","0.00"," ","16,044","16,044","16,044","32","0","128.50","4.50"," "
" "," ","","3015全漢","電子零組件","27.23","27.23","27.23","32","0.00"," ","51,005","51,005","51,005","32","0","51.80","0.90"," "
" "," ","","3016嘉晶","半導體","57.86","57.86","57.86","32","0.00"," ","166,972","166,972","166,972","32","0","77.00","6.90"," "
" "," ","","3017奇鋐","電腦週邊","14.09","14.03","13.98","10","-0.11"," ","55,273","55,063","54,893","10","-380","2695.00","130.00"," "
" "," ","","3018隆銘綠能","其他電子","19.04","19.04","19.04","32","0.00"," ","14,359","14,359","14,359","32","0","10.70","-0.15"," "
" "," ","","3019亞光","光電","13.52","13.52","13.52","32","0.00"," ","37,772","37,772","37,772","32","0","132.50","2.00"," "
" "," ","","3021鴻名","電子零組件","8.41","8.41","8.41","32","0.00"," ","7,987","7,987","7,987","32","0","16.50","0.20"," "
" "," ","","3022威強電","電腦週邊","8.87","8.87","8.87","32","0.00"," ","15,675","15,675","15,675","32","0","71.90","1.00"," "
" "," ","","3023信邦","電子零組件","7.25","7.25","7.25","32","0.00"," ","17,412","17,412","17,412","32","0","283.50","1.00"," "
" "," ","","3024憶聲","光電","13.78","13.84","13.84","40","0.06"," ","38,201","38,374","38,374","40","173","13.95","0.75"," "
" "," ","","3025星通","通信網路","12.89","12.89","12.89","32","0.00"," ","7,319","7,319","7,319","32","0","64.30","-0.10"," "
" "," ","","3026禾伸堂","電子零組件","9.54","9.54","9.54","32","0.00"," ","15,840","15,840","15,840","32","0","248.00","-7.00"," "
" "," ","","3027盛達","通信網路","14.26","14.26","14.29","41","0.03"," ","18,558","18,558","18,578","41","20","20.15","0.55"," "
" "," ","","3028增你強","電子通路","13.23","13.23","13.23","32","0.00"," ","31,398","31,398","31,398","32","0","63.20","1.90"," "
" "," ","","3029零壹","資訊服務","12.92","12.92","12.92","32","0.00"," ","21,588","21,588","21,588","32","0","97.90","1.30"," "
" "," ","","3030德律","其他電子","17.7","17.7","17.7","32","0.00"," ","41,812","41,812","41,812","32","0","358.00","17.00"," "
" "," ","","3031佰鴻","光電","33.22","33.22","33.22","32","0.00"," ","57,555","57,555","57,555","32","0","31.95","0.10"," "
" "," ","","3032偉訓","電子零組件","35.99","35.99","35.99","32","0.00"," ","40,776","40,776","40,776","32","0","64.20","0.80"," "
" "," ","","3033威健","電子通路","8.91","8.91","8.87","20","-0.04"," ","42,820","42,820","42,820","32","0","35.15","0.30"," "
" "," ","","3034聯詠","半導體","1.77","1.77","1.78","41","0.01"," ","10,829","10,829","10,839","41","10","432.50","17.00"," "
" "," ","","3035智原","半導體","14.06","14.06","14.06","32","0.00"," ","36,649","36,649","36,649","32","0","179.00","-1.00"," "
" "," ","","3036文曄","電子通路","16.44","16.44","17.53","41","1.09"," ","230,316","230,566","222,566","30","-7,750","213.50","-4.00"," "
" "," ","","3037欣興","電子零組件","14.8","14.77","14.5","10","-0.30"," ","226,445","232,873","230,543","30","4,097","716.00","6.00"," "
" "," ","","3038全台","光電","18.17","18.17","18.17","32","0.00"," ","28,604","28,604","28,604","32","0","23.65","0.45"," "
" "," ","","3040遠見","其他","36.65","36.65","36.38","20","-0.27"," ","24,236","24,236","24,094","20","-142","46.85","2.05"," "
" "," ","","3041揚智","半導體","16.51","16.51","16.51","32","0.00"," ","23,152","23,152","23,152","32","0","25.10","0.35"," "
" "," ","","3042晶技","電子零組件","5.48","5.48","5.48","32","0.00"," ","18,804","18,804","18,804","32","0","167.00","0.50"," "
" "," ","","3043科風","其他電子","1.14","1.14","1.14","32","0.00"," ","448","448","448","32","0","21.45","0.55"," "
" "," ","","3044健鼎","電子零組件","4.91","4.91","4.91","32","0.00"," ","25,846","25,846","25,846","32","0","459.50","15.50"," "
" "," ","","3045台灣大","通信網路","6.02","6.02","6.02","32","0.00"," ","224,331","224,331","224,331","32","0","113.00","-0.50"," "
" "," ","","3046建卅卅","電腦週邊","43.7","43.7","43.74","41","0.04"," ","34,282","34,282","34,319","41","37","49.35","0.20"," "
" "," ","","3047訊舟","通信網路","5.45","5.44","3.39","10","-2.06"," ","12,245","12,245","7,634","20","-4,611","16.20","-0.20"," "
" "," ","","3048益登","電子通路","29.33","29.33","29.33","32","0.00"," ","79,164","79,164","79,164","32","0","40.55","1.35"," "
" "," ","","3049精金","光電","35.51","35.86","35.86","40","0.35"," ","284,803","287,601","287,601","40","2,798","13.05","-0.50"," "
" "," ","","3050鈺德","光電","29.32","29.32","29.32","32","0.00"," ","45,452","45,452","45,452","32","0","13.15","-0.15"," "
" "," ","","3051力特","光電","10.85","10.85","10.84","20","-0.01"," ","18,132","18,132","18,112","20","-20","25.20","0.35"," "
" "," ","","3052夆典","營建","7.94","7.94","7.94","32","0.00"," ","18,541","18,541","18,541","32","0","11.00","0.05"," "
" "," ","","3054立萬利","食品","59.07","59.07","59.07","32","0.00"," ","47,645","47,645","47,645","32","0","72.00","-3.00"," "
" "," ","","3055蔚華科","電子通路","30.91","30.91","30.91","32","0.00"," ","35,550","35,550","35,550","32","0","84.40","1.90"," "
" "," ","","3056富華新","營建","10.58","10.58","10.58","32","0.00"," ","50,864","50,864","50,864","32","0","14.30","-0.20"," "
" "," ","","3057喬鼎","電腦週邊","13.48","13.48","14.17","41","0.69"," ","8,133","8,133","9,619","41","1,486","19.25","0.60"," "
" "," ","","3058立德","電子零組件","3.55","3.85","3.85","40","0.30"," ","7,166","7,781","7,781","40","615","9.18","0.10"," "
" "," ","","3059華晶科","光電","7.17","7.17","7.16","20","-0.01"," ","22,048","22,048","22,048","32","0","38.60","0.50"," "
" "," ","","3060銘異","電腦週邊","1.47","1.47","1.47","32","0.00"," ","2,029","2,029","2,029","32","0","29.90","-0.55"," "
" "," ","","3062建漢","通信網路","3.63","3.63","3.63","32","0.00"," ","11,987","11,987","11,987","32","0","30.90","0.75"," "
" "," ","","3090日電貿","電子零組件","3.98","3.98","3.98","32","0.00"," ","11,465","11,455","11,455","21","-10","105.50","-2.50"," "
" "," ","","3092鴻碩","電子零組件","8.28","8.28","8.27","20","-0.01"," ","8,823","8,823","8,823","32","0","34.10","-0.50"," "
" "," ","","3094聯傑","半導體","10.67","10.67","10.67","32","0.00"," ","8,875","8,875","8,875","32","0","27.80","1.75"," "
" "," ","","3130一零四","雲端","14.73","14.73","14.73","32","0.00"," ","4,889","4,889","4,891","41","1","221.50","0.00"," "
" "," ","","3135凌航","半導體","46.07","46.07","39.63","20","-6.44"," ","35,704","35,704","35,704","32","0","133.00","9.00"," "
" "," ","","3138耀登","通信網路","12.38","12.2","11.08","10","-1.30"," ","6,233","6,233","6,233","32","0","192.00","-6.00"," "
" "," ","","3149正達","光電","1.61","1.52","1.42","10","-0.19"," ","3,647","3,458","3,219","10","-428","45.00","-1.30"," "
" "," ","","3150鈺寶-創","半導體","32.09","32.22","32.63","50","0.54"," ","14,241","14,302","14,482","50","241","22.10","1.85"," "
" "," ","","3164景岳","生技醫療業","11.75","11.75","11.75","32","0.00"," ","10,115","10,115","10,115","32","0","17.90","-0.10"," "
" "," ","","3167大量","電機","13.22","8.58","8.47","10","-4.75"," ","11,686","7,604","7,589","10","-4,097","680.00","54.00"," "
" "," ","","3168眾福科","光電","42.83","42.83","42.83","32","0.00"," ","32,168","32,168","32,168","32","0","44.80","0.85"," "
" "," ","","3189景碩","半導體","25.25","25.24","24.67","10","-0.58"," ","115,361","115,361","130,033","41","14,673","491.50","18.00"," "
" "," ","","3209全科","電子通路","7.03","7.03","7.03","32","0.00"," ","16,561","16,561","16,561","32","0","50.00","1.40"," "
" "," ","","3229晟鈦","電子零組件","31.88","31.88","31.88","32","0.00"," ","20,492","20,492","20,492","32","0","39.85","2.75"," "
" "," ","","3231緯創","電腦週邊","2.52","2.52","2.52","32","0.00"," ","80,228","80,188","80,148","10","-80","144.00","-0.50"," "
" "," ","","3257虹冠電","半導體","31.88","31.88","31.88","32","0.00"," ","25,452","25,452","25,452","32","0","56.80","1.80"," "
" "," ","","3266昇陽","營建","14.93","14.93","14.93","32","0.00"," ","52,614","52,614","52,614","32","0","13.85","0.05"," "
" "," ","","3296勝德","電子零組件","9.73","9.73","9.73","32","0.00"," ","9,413","9,413","9,413","32","0","20.80","-0.45"," "
" "," ","","3305昇貿","其他電子","8.53","8.46","8.38","10","-0.15"," ","12,262","12,174","12,129","10","-133","115.00","-2.50"," "
" "," ","","3308聯德","電子零組件","42.82","42.82","42.82","32","0.00"," ","25,695","25,695","25,695","32","0","21.90","-0.80"," "
" "," ","","3311閎暉","通信網路","38.14","38.14","38.14","32","0.00"," ","38,146","38,146","38,146","32","0","32.65","0.10"," "
" "," ","","3312弘憶股","電子通路","31.36","31.36","31.36","32","0.00"," ","57,286","57,286","57,286","32","0","47.40","4.30"," "
" "," ","","3321同泰","電子零組件","8.04","8.04","8.04","32","0.00"," ","6,930","6,930","6,930","32","0","17.30","0.30"," "
" "," ","","3338泰碩","電子零組件","16.88","16.88","16.94","41","0.06"," ","14,844","14,844","14,894","41","50","77.70","7.00"," "
" "," ","","3346麗清","汽車","7.32","7.32","7.32","32","0.00"," ","8,880","8,880","8,880","32","0","18.35","-0.20"," "
" "," ","","3356奇偶","光電","18.72","18.72","18.72","32","0.00"," ","14,970","14,970","14,970","32","0","53.40","0.90"," "
" "," ","","3376新日興","電子零組件","9.04","9","8.99","10","-0.05"," ","17,699","17,627","17,609","10","-90","222.50","-1.50"," "
" "," ","","3380明泰","通信網路","54.6","54.6","54.6","32","0.00"," ","295,797","295,797","295,797","32","0","40.00","-0.60"," "
" "," ","","3406玉晶光","光電","7.67","7.67","7.67","32","0.00"," ","8,658","8,658","8,658","32","0","532.00","3.00"," "
" "," ","","3413京鼎","半導體","6.46","6.46","6.49","41","0.03"," ","7,151","7,151","7,196","41","45","330.00","2.50"," "
" "," ","","3416融程電","電腦週邊","40.31","40.31","40.31","32","0.00"," ","32,448","32,448","32,448","32","0","160.00","4.00"," "
" "," ","","3419譁裕","通信網路","12.12","12.28","12.28","40","0.16"," ","14,612","14,802","14,802","40","190","16.80","-1.15"," "
" "," ","","3432台端","電子零組件","16.67","16.67","16.67","32","0.00"," ","7,040","7,040","7,040","32","0","18.25","1.65"," "
" "," ","","3437榮創","光電","2.95","2.95","2.95","32","0.00"," ","4,274","4,274","4,274","32","0","26.05","-1.60"," "
" "," ","","3443創意","半導體","34.83","34.83","34.83","32","0.00"," ","46,688","46,688","46,688","32","0","3675.00","-60.00"," "
" "," ","","3447展達","通信網路","46.7","46.7","46.7","32","0.00"," ","36,174","36,174","36,174","32","0","39.85","0.30"," "
" "," ","","3450聯鈞","半導體","7.96","7.96","7.96","32","0.00"," ","11,598","11,598","11,598","32","0","363.50","-16.50"," "
" "," ","","3454晶睿","光電","57.81","57.81","-","20",""," ","50,045","50,045","-","20","","",""," "
" "," ","","3481群創","光電","0.05","0.05","0.05","32","0.00"," ","4,551","4,551","4,601","41","50","25.60","-0.40"," "
" "," ","","3494誠研","電腦週邊","13.33","13.33","13.33","32","0.00"," ","12,638","12,638","12,638","32","0","8.08","-0.12"," "
" "," ","","3501維熹","電子零組件","21.25","21.25","21.25","32","0.00"," ","25,131","25,131","25,131","32","0","48.25","0.00"," "
" "," ","","3504揚明光","光電","32.62","32.62","32.62","32","0.00"," ","37,218","37,218","37,218","32","0","72.30","-1.90"," "
" "," ","","3515華擎","電腦週邊","46.31","46.31","46.31","32","0.00"," ","57,218","57,218","57,218","32","0","231.00","4.00"," "
" "," ","","3518柏騰","其他電子","3.8","3.8","3.8","32","0.00"," ","3,713","3,713","3,713","32","0","32.70","1.70"," "
" "," ","","3528安馳","電子通路","56.47","56.47","56.48","41","0.01"," ","37,637","37,637","37,642","41","5","75.40","2.10"," "
" "," ","","3530晶相光","半導體","22.83","22.83","22.83","32","0.00"," ","17,691","17,691","17,691","32","0","67.90","4.00"," "
" "," ","","3532台勝科","半導體","72.3","72.3","69.73","20","-2.57"," ","280,451","280,451","270,451","20","-10,000","187.00","4.50"," "
" "," ","","3533嘉澤","電子零組件","18.44","18.44","18.44","32","0.00"," ","20,753","20,753","20,753","32","0","2650.00","15.00"," "
" "," ","","3535晶彩科","光電","15.63","15.51","15.51","21","-0.12"," ","12,356","12,266","12,266","21","-90","127.50","-0.50"," "
" "," ","","3543州巧","光電","16.23","15.01","15.01","21","-1.22"," ","14,492","16,561","16,561","40","2,069","43.40","-1.05"," "
" "," ","","3545敦泰","半導體","6.63","6.63","6.64","41","0.01"," ","14,678","14,678","14,695","41","17","56.20","5.10"," "
" "," ","","3550聯穎","電子零組件","17.03","17.03","17.03","32","0.00"," ","18,319","18,319","18,319","32","0","20.15","-0.70"," "
" "," ","","3557嘉威","居家","15.29","15.29","15.29","32","0.00"," ","12,893","12,893","12,893","32","0","31.75","0.00"," "
" "," ","","3563牧德","光電","31.07","31.07","31.07","32","0.00"," ","19,873","19,873","19,873","32","0","932.00","16.00"," "
" "," ","","3576聯合再生","光電","12.24","12.23","12.22","10","-0.02"," ","199,314","199,234","199,004","10","-310","16.10","-0.75"," "
" "," ","","3583辛耘","半導體","12.32","12.32","12.32","32","0.00"," ","9,904","9,904","9,904","32","0","847.00","77.00"," "
" "," ","","3588通嘉","半導體","8.18","8.18","8.19","41","0.01"," ","5,077","5,077","5,077","32","0","66.20","6.00"," "
" "," ","","3591艾笛森","光電","6.79","6.81","6.92","50","0.13"," ","9,885","9,917","10,066","50","181","25.30","0.00"," "
" "," ","","3592瑞鼎","半導體","16.24","16.24","16.24","32","0.00"," ","12,320","12,320","12,320","32","0","254.50","12.50"," "
" "," ","","3593力銘","電子零組件","25.44","25.44","25.44","32","0.00"," ","15,478","15,478","15,478","32","0","19.65","0.20"," "
" "," ","","3596智易","通信網路","18.81","18.81","18.81","32","0.00"," ","41,467","41,467","41,467","32","0","173.50","-0.50"," "
" "," ","","3605宏致","電子零組件","9.28","9.28","9.27","20","-0.01"," ","15,202","15,202","15,202","32","0","73.90","2.30"," "
" "," ","","3607谷崧","電子零組件","9.02","9.02","9.02","32","0.00"," ","10,980","10,980","10,980","32","0","15.50","0.25"," "
" "," ","","3617碩天","其他電子","18.05","18.05","17.93","20","-0.12"," ","16,999","16,999","16,999","32","0","195.00","4.50"," "
" "," ","","3622洋華","光電","34.98","34.98","34.99","41","0.01"," ","52,950","52,950","52,957","41","7","56.40","-0.40"," "
" "," ","","3645達邁","電子零組件","14.98","14.98","14.98","32","0.00"," ","20,497","20,497","20,497","32","0","113.50","4.00"," "
" "," ","","3652精聯","電腦週邊","44.87","44.87","44.87","32","0.00"," ","33,701","33,701","33,701","32","0","29.40","1.55"," "
" "," ","","3653健策","電子零組件","26.07","26.07","26.07","32","0.00"," ","38,263","38,263","38,263","32","0","5410.00","40.00"," "
" "," ","","3661世芯-KY","半導體","2.42","2.42","2.41","20","-0.01"," ","1,972","1,972","1,972","32","0","4065.00","80.00"," "
" "," ","","3665貿聯-KY","其他電子","2.65","2.66","2.62","30","-0.03"," ","5,184","5,197","5,113","30","-72","2555.00","130.00"," "
" "," ","","3669圓展","通信網路","50.45","50.45","50.45","32","0.00"," ","46,884","46,884","46,884","32","0","39.20","-0.05"," "
" "," ","","3673TPK-KY","光電","19.51","19.51","19.51","32","0.00"," ","79,357","79,357","79,357","32","0","66.00","-3.80"," "
" "," ","","3679新至陞","電子零組件","27.93","27.93","27.93","32","0.00"," ","17,608","17,608","17,608","32","0","121.50","2.50"," "
" "," ","","3686達能","半導體","3.53","3.53","3.53","32","0.00"," ","2,705","2,705","2,705","32","0","17.90","-0.40"," "
" "," ","","3694海華","通信網路","39.52","39.52","39.53","41","0.01"," ","61,248","61,248","61,248","32","0","62.20","-0.20"," "
" "," ","","3701大眾控","電腦週邊","34.25","34.25","34.23","20","-0.02"," ","81,016","81,016","81,016","32","0","78.60","7.10"," "
" "," ","","3702大聯大","電子通路","4.32","4.32","4.31","20","-0.01"," ","72,594","72,594","72,534","20","-60","101.50","-1.00"," "
" "," ","","3703欣陸","營建","32.77","32.77","32.77","32","0.00"," ","269,781","269,781","269,781","32","0","21.35","-0.15"," "
" "," ","","3704合勤控","通信網路","22.68","22.68","22.57","20","-0.11"," ","94,263","94,263","93,772","20","-492","38.30","0.30"," "
" "," ","","3705永信","生技醫療業","11.88","11.88","11.88","32","0.00"," ","31,661","31,661","31,661","32","0","55.20","0.10"," "
" "," ","","3706神達","電腦週邊","17.79","17.79","17.79","32","0.00"," ","236,158","236,158","236,158","32","0","85.30","0.30"," "
" "," ","","3708上緯投控","綠能","19.81","20.98","21.95","50","2.14"," ","21,357","21,357","21,426","41","69","126.00","-2.00"," "
" "," ","","3711日月光投控","半導體","15.38","15.37","15.34","10","-0.04"," ","684,328","684,328","684,328","32","0","465.00","-7.00"," "
" "," ","","3712永崴投控","電腦週邊","27","27","27","32","0.00"," ","66,494","66,494","66,494","32","0","21.30","-2.00"," "
" "," ","","3714富采","光電","12.78","12.78","12.81","41","0.03"," ","94,361","94,361","94,589","41","228","73.30","-0.30"," "
" "," ","","3715定穎投控","電子零組件","8.64","8.64","8.64","32","0.00"," ","24,509","24,509","24,509","32","0","189.00","-3.00"," "
" "," ","","3716中化控股","生技醫療業","10.29","10.29","10.3","41","0.01"," ","15,424","15,424","15,432","41","8","32.40","-0.10"," "
" "," ","","3717聯嘉投控","汽車","15.07","15.07","15.07","32","0.00"," ","31,328","31,328","31,328","32","0","22.10","-0.20"," "
" "," ","","4104佳醫","生技醫療業","11.55","12.06","12.06","40","0.51"," ","19,823","22,732","22,732","40","2,909","78.60","0.00"," "
" "," ","","4106雃博","生技醫療業","27.83","27.83","27.83","32","0.00"," ","28,093","28,093","28,093","32","0","22.50","-0.05"," "
" "," ","","4108懷特","生技醫療業","18.65","18.82","19.16","50","0.51"," ","37,044","37,396","38,065","50","1,021","12.70","0.05"," "
" "," ","","4119旭富","生技醫療業","30.34","30.34","30.34","32","0.00"," ","36,269","36,269","36,269","32","0","48.00","-0.05"," "
" "," ","","4133亞諾法","生技醫療業","14.82","14.82","14.82","32","0.00"," ","8,975","8,975","8,975","32","0","22.50","0.15"," "
" "," ","","4137麗豐-KY","生技醫療業","34.65","34.65","34.65","32","0.00"," ","28,586","28,586","28,586","32","0","108.50","0.00"," "
" "," ","","4142國光生","生技醫療業","17.24","17.02","17.02","21","-0.22"," ","74,054","73,118","73,118","21","-936","18.15","0.05"," "
" "," ","","4148全宇生技-KY","生技醫療業","0.52","0.52","0.52","32","0.00"," ","350","350","350","32","0","37.30","-0.30"," "
" "," ","","4155訊映","生技醫療業","13.06","13.12","13.12","40","0.06"," ","18,924","19,008","19,008","40","84","13.35","-0.15"," "
" "," ","","4164承業醫","生技醫療業","8.32","8.42","8.42","40","0.10"," ","16,263","16,463","16,463","40","200","32.20","-0.55"," "
" "," ","","4190佐登-KY","生技醫療業","9.82","9.77","9.7","10","-0.12"," ","6,057","6,026","5,962","10","-95","26.40","-0.30"," "
" "," ","","4306炎洲","塑膠","14.42","14.42","14.42","32","0.00"," ","97,638","97,638","97,638","32","0","13.55","-0.10"," "
" "," ","","4414如興","紡織","27.26","27.25","27.2","10","-0.06"," ","71,917","71,887","71,757","10","-160","10.60","-0.10"," "
" "," ","","4426利勤","紡織","9.52","9.52","9.38","20","-0.14"," ","16,439","16,439","16,199","20","-240","8.89","-0.01"," "
" "," ","","4438廣越","紡織","39.12","39.12","39.12","32","0.00"," ","44,375","44,375","44,375","32","0","58.50","0.60"," "
" "," ","","4439冠星-KY","紡織","44.87","44.87","44.85","20","-0.02"," ","17,096","17,096","17,096","32","0","104.00","1.00"," "
" "," ","","4440宜新實業","紡織","10.49","10.49","10.49","32","0.00"," ","7,096","7,096","7,096","32","0","17.85","-0.05"," "
" "," ","","4441振大環球","紡織","19.99","20","20.01","50","0.02"," ","13,632","13,640","13,648","50","16","195.00","1.50"," "
" "," ","","4526東台","電機","15.12","15.12","15.12","32","0.00"," ","38,538","38,538","38,538","32","0","33.80","-0.45"," "
" "," ","","4532瑞智","電機","38.63","38.63","39.42","41","0.79"," ","195,081","195,081","195,101","41","20","24.15","-0.40"," "
" "," ","","4536拓凱","運動","21.28","21.28","21.28","32","0.00"," ","19,333","19,333","19,333","32","0","155.50","-1.50"," "
" "," ","","4540全球傳動","電機","8.18","8.18","8.18","32","0.00"," ","9,431","9,431","9,431","32","0","59.10","0.00"," "
" "," ","","4545銘鈺","電子零組件","66.49","66.22","66.01","10","-0.48"," ","51,199","50,995","50,831","10","-368","30.90","0.20"," "
" "," ","","4551智伸科","汽車","10.84","10.84","10.84","32","0.00"," ","12,500","12,500","12,500","32","0","139.00","-1.50"," "
" "," ","","4552力達-KY","電機","39.75","39.75","39.75","32","0.00"," ","46,111","46,111","46,111","32","0","20.80","-0.20"," "
" "," ","","4555氣立","電機","28.65","28.65","28.67","41","0.02"," ","20,058","20,058","20,066","41","8","40.80","0.00"," "
" "," ","","4557永新-KY","汽車","1.68","1.68","1.68","32","0.00"," ","807","807","807","32","0","53.20","0.20"," "
" "," ","","4560強信-KY","電機","40.04","40.04","40.04","32","0.00"," ","27,272","27,272","27,272","32","0","34.90","1.55"," "
" "," ","","4562穎漢","電機","29.15","29.15","29.15","32","0.00"," ","25,521","25,521","25,521","32","0","34.50","-0.10"," "
" "," ","","4564元翎","電機","13.97","13.97","13.97","32","0.00"," ","32,522","32,522","32,522","32","0","20.05","0.35"," "
" "," ","","4566時碩工業","電機","19.71","19.8","20.88","50","1.17"," ","21,653","21,753","22,976","50","1,323","74.00","4.80"," "
" "," ","","4569六方科-KY","汽車","42.25","42.25","42.25","32","0.00"," ","12,931","12,931","12,931","32","0","190.00","-6.00"," "
" "," ","","4571鈞興-KY","電機","13.49","13.49","13.49","32","0.00"," ","7,155","7,155","7,155","32","0","162.00","2.00"," "
" "," ","","4572駐龍","電機","19.98","19.98","19.98","32","0.00"," ","7,992","7,992","7,992","32","0","147.00","-0.50"," "
" "," ","","4576大銀微系統","電機","34.43","34.43","34.43","32","0.00"," ","41,255","41,255","41,255","32","0","198.00","4.00"," "
" "," ","","4581光隆精密-KY","汽車","13.27","13.27","13.27","32","0.00"," ","4,501","4,501","4,501","32","0","50.40","-0.30"," "
" "," ","","4583台灣精銳","電機","32.08","32.08","32.08","32","0.00"," ","25,721","25,721","25,721","32","0","763.00","13.00"," "
" "," ","","4585達明","其他電子","76.52","76.43","76.43","21","-0.09"," ","79,957","79,957","79,957","32","0","319.50","7.50"," "
" "," ","","4588玖鼎電力","其他電子","20.67","20.67","20.67","32","0.00"," ","8,889","8,889","8,889","32","0","61.30","0.80"," "
" "," ","","4590富田-創","電機","-","20.15","20.15","40",""," ","-","11,051","11,051","40","","78.70","-0.60"," "
" "," ","","4720德淵","化學","21.42","21.42","21.42","32","0.00"," ","24,535","24,535","24,535","32","0","26.05","0.70"," "
" "," ","","4722國精化","化學","16.63","16.6","16.53","10","-0.10"," ","16,995","16,995","16,995","32","0","194.50","1.00"," "
" "," ","","4736泰博","生技醫療業","5.13","5.13","5.13","32","0.00"," ","4,898","4,898","4,898","32","0","128.50","2.50"," "
" "," ","","4737華廣","生技醫療業","38.26","34.01","33.99","10","-4.27"," ","25,748","26,288","26,288","40","540","63.00","0.80"," "
" "," ","","4739康普","化學","25.4","25.09","25.14","31","-0.26"," ","30,139","31,279","31,339","50","1,200","95.30","2.90"," "
" "," ","","4746台耀","生技醫療業","11.14","11.14","11.14","32","0.00"," ","13,403","13,403","13,403","32","0","53.10","0.40"," "
" "," ","","4755三福化","化學","36.9","36.9","36.26","20","-0.64"," ","37,169","37,169","36,523","20","-646","164.00","-2.00"," "
" "," ","","4763材料*-KY","化學","41.64","41.63","41.45","10","-0.19"," ","411,942","411,822","410,022","10","-1,920","44.10","-1.40"," "
" "," ","","4764雙鍵","化學","24.26","23.86","22.83","10","-1.43"," ","20,756","20,417","19,537","10","-1,219","222.00","-22.50"," "
" "," ","","4766南寶","化學","12.56","12.56","12.56","32","0.00"," ","15,152","15,152","15,152","32","0","351.00","0.00"," "
" "," ","","4770上品","化學","18.59","18.59","18.59","32","0.00"," ","14,873","14,873","14,874","41","1","241.00","1.50"," "
" "," ","","4771望隼","生技醫療業","21.29","21.3","21.33","50","0.04"," ","12,463","12,508","12,526","50","63","194.00","2.00"," "
" "," ","","4807日成-KY","貿易百貨","43","43","36.28","20","-6.72"," ","16,511","16,511","17,776","41","1,265","15.05","-0.05"," "
" "," ","","4904遠傳","通信網路","29.73","29.73","29.73","32","0.00"," ","1,072,578","1,072,578","1,072,578","32","0","95.40","-0.20"," "
" "," ","","4906正文","通信網路","3.31","3.31","3.29","20","-0.02"," ","14,164","14,164","14,364","41","200","38.60","-1.75"," "
" "," ","","4912聯德控股-KY","電子零組件","25.27","25.27","25.3","41","0.03"," ","16,954","16,954","16,954","32","0","90.70","0.70"," "
" "," ","","4915致伸","電子零組件","2.29","2.29","2.2","20","-0.09"," ","10,815","10,815","10,395","20","-420","74.90","0.90"," "
" "," ","","4916事欣科","電腦週邊","11.27","11.24","11.24","21","-0.03"," ","13,912","13,912","13,912","32","0","69.50","2.30"," "
" "," ","","4919新唐","半導體","54.14","54.14","54.14","32","0.00"," ","227,302","227,302","227,302","32","0","154.00","9.50"," "
" "," ","","4927泰鼎-KY","電子零組件","0.59","0.59","0.59","32","0.00"," ","1,588","1,588","1,588","32","0","52.30","-0.90"," "
" "," ","","4930燦星網","電器電纜","44.4","44.4","44.4","32","0.00"," ","35,527","35,527","35,527","32","0","19.25","0.00"," "
" "," ","","4934太極","光電","27.17","27.17","27.17","32","0.00"," ","61,145","61,145","61,145","32","0","17.40","-0.35"," "
" "," ","","4935茂林-KY","光電","18.23","18.23","18.23","32","0.00"," ","23,493","23,493","23,493","32","0","39.95","0.85"," "
" "," ","","4938和碩","電腦週邊","5.93","5.93","5.93","32","0.00"," ","159,100","159,100","159,100","32","0","84.70","0.70"," "
" "," ","","4942嘉彰","光電","15.76","15.76","15.76","32","0.00"," ","22,440","22,440","22,440","32","0","38.85","0.10"," "
" "," ","","4943康控-KY","電子零組件","15.56","15.56","15.56","32","0.00"," ","19,718","19,718","19,718","32","0","10.60","-0.35"," "
" "," ","","4949有成精密","光電","14.83","14.83","14.83","32","0.00"," ","10,043","10,043","10,043","32","0","91.90","2.40"," "
" "," ","","4952凌通","半導體","34.12","34.12","34.12","32","0.00"," ","37,136","37,136","37,136","32","0","53.50","4.85"," "
" "," ","","4956光鋐","光電","20.4","20.53","20.57","50","0.17"," ","20,487","20,616","20,658","50","171","54.30","1.10"," "
" "," ","","4958臻鼎-KY","電子零組件","28.99","28.99","28.99","32","0.00"," ","310,404","310,404","310,404","32","0","315.00","0.00"," "
" "," ","","4960誠美材","光電","2.97","2.97","4","41","1.03"," ","17,009","17,009","22,872","41","5,863","44.95","4.05"," "
" "," ","","4961天鈺","半導體","1.1","1.1","1.1","32","0.00"," ","1,342","1,342","1,342","32","0","169.00","15.00"," "
" "," ","","4967十銓","半導體","4.69","4.69","4.75","41","0.06"," ","3,988","3,988","4,038","41","50","262.00","23.50"," "
" "," ","","4968立積","半導體","8.59","8.59","8.59","32","0.00"," ","7,923","7,923","7,923","32","0","130.00","8.00"," "
" "," ","","4976佳凌","光電","21.13","20.94","20.94","21","-0.19"," ","29,882","29,612","29,612","21","-270","30.90","-0.10"," "
" "," ","","4977眾達-KY","通信網路","0.34","0.34","0.34","32","0.00"," ","274","274","274","32","0","242.00","-10.00"," "
" "," ","","4989榮科","電子零組件","33.27","0.79","7.52","31","-25.75"," ","45,845","1,096","10,368","31","-35,478","116.50","10.00"," "
" "," ","","4994傳奇","資訊服務","26.6","26.6","26.6","32","0.00"," ","17,659","17,659","17,659","32","0","99.50","-1.50"," "
" "," ","","4999鑫禾","電子零組件","17.12","17.12","17.12","32","0.00"," ","12,745","12,745","12,745","32","0","23.95","2.15"," "
" "," ","","5007三星","鋼鐵","8.95","8.95","8.95","32","0.00"," ","26,415","26,415","26,415","32","0","58.00","-0.10"," "
" "," ","","5203訊連","資訊服務","19.09","19.09","19.09","32","0.00"," ","15,151","15,151","15,151","32","0","64.80","0.10"," "
" "," ","","5215科嘉-KY","電腦週邊","11.7","11.7","11.7","32","0.00"," ","7,529","7,529","7,529","32","0","38.15","-0.10"," "
" "," ","","5222全訊","半導體","8.12","8.13","8.13","40","0.01"," ","7,397","7,412","7,412","40","15","143.00","0.50"," "
" "," ","","5225東科-KY","其他電子","0.97","0.97","0.94","20","-0.03"," ","770","770","744","20","-26","78.10","0.20"," "
" "," ","","5234達興材料","光電","43.46","43.46","43.46","32","0.00"," ","44,648","44,648","44,648","32","0","453.00","-9.00"," "
" "," ","","5243乙盛-KY","光電","35.58","35.58","35.58","32","0.00"," ","59,965","59,965","59,965","32","0","120.00","1.00"," "
" "," ","","5244弘凱","光電","14.19","14.19","14.19","32","0.00"," ","9,686","9,686","9,686","32","0","44.30","-2.85"," "
" "," ","","5258虹堡","電腦週邊","16.82","16.82","16.82","32","0.00"," ","18,571","18,571","18,571","32","0","51.40","-0.10"," "
" "," ","","5269祥碩","半導體","32.7","32.7","32.7","32","0.00"," ","24,458","24,458","24,458","32","0","1380.00","125.00"," "
" "," ","","5283禾聯碩","電器電纜","22.86","22.86","22.86","32","0.00"," ","20,030","20,030","20,030","32","0","55.30","-0.10"," "
" "," ","","5284jpp-KY","其他","31.5","31.5","31.5","32","0.00"," ","16,665","16,665","16,665","32","0","362.00","-18.00"," "
" "," ","","5285界霖","半導體","21.57","21.57","21.57","32","0.00"," ","22,017","22,017","22,017","32","0","57.80","2.30"," "
" "," ","","5288豐祥-KY","電機","55.52","55.52","55.53","41","0.01"," ","38,718","38,718","38,718","32","0","176.00","3.50"," "
" "," ","","5292華懋","綠能","10.72","10.72","10.72","32","0.00"," ","4,517","4,517","4,517","32","0","265.00","20.00"," "
" "," ","","5306桂盟","運動","38.27","38.28","38.35","50","0.08"," ","48,225","48,240","48,327","50","102","84.70","-0.20"," "
" "," ","","5388中磊","通信網路","4.58","4.58","4.58","32","0.00"," ","13,959","13,959","13,959","32","0","84.30","0.70"," "
" "," ","","5434崇越","電子通路","6.44","6.44","6.4","20","-0.04"," ","12,397","12,397","12,397","32","0","432.00","-2.00"," "
" "," ","","5469瀚宇博","電子零組件","29.31","29.31","29.31","32","0.00"," ","142,537","142,537","142,537","32","0","96.10","0.10"," "
" "," ","","5471松翰","半導體","10.85","10.76","10.76","21","-0.09"," ","18,221","18,072","18,065","10","-156","45.30","3.35"," "
" "," ","","5484慧友","光電","24.68","24.68","24.68","32","0.00"," ","16,488","16,488","16,488","32","0","39.20","0.00"," "
" "," ","","5515建國","營建","32.69","32.69","32.69","32","0.00"," ","65,909","65,909","65,909","32","0","40.25","-0.05"," "
" "," ","","5519隆大","營建","11.73","11.69","11.7","31","-0.03"," ","25,717","25,641","25,647","31","-70","32.85","0.15"," "
" "," ","","5521工信","營建","3.82","3.82","3.82","32","0.00"," ","18,829","18,829","18,829","32","0","12.05","0.10"," "
" "," ","","5522遠雄","營建","35.57","35.57","35.57","32","0.00"," ","278,086","278,086","278,086","32","0","70.40","0.60"," "
" "," ","","5525順天","營建","19.84","19.84","19.84","32","0.00"," ","63,119","63,119","63,119","32","0","24.80","-0.20"," "
" "," ","","5531鄉林","營建","32.63","32.63","32.63","32","0.00"," ","351,673","351,673","351,673","32","0","8.71","-0.09"," "
" "," ","","5533皇鼎","營建","10.05","10.05","10.05","32","0.00"," ","28,669","28,669","28,669","32","0","14.60","0.15"," "
" "," ","","5534長虹","營建","10","10","9.35","20","-0.65"," ","29,060","29,060","29,511","41","451","76.30","-1.10"," "
" "," ","","5538東明-KY","鋼鐵","25.5","25.5","25.5","32","0.00"," ","51,318","51,318","51,318","32","0","32.00","-0.25"," "
" "," ","","5546永固-KY","營建","62.89","62.89","62.89","32","0.00"," ","51,793","51,793","51,793","32","0","16.90","-0.30"," "
" "," ","","5607遠雄港","航運","17.77","17.77","17.77","32","0.00"," ","65,861","65,861","65,861","32","0","48.40","0.25"," "
" "," ","","5608四維航","航運","8.46","8.46","8.46","32","0.00"," ","32,968","32,968","32,968","32","0","15.85","-0.10"," "
" "," ","","5706鳳凰","觀光","28.91","29.28","29.51","50","0.60"," ","24,550","24,862","25,062","50","512","51.70","-0.20"," "
" "," ","","5871中租-KY","其他","4.07","4.07","4.07","32","0.00"," ","75,889","75,889","75,889","32","0","121.00","3.50"," "
" "," ","","5876上海商銀","金融","6.46","6.46","6.46","32","0.00"," ","314,273","314,273","314,273","32","0","39.85","0.05"," "
" "," ","","5880合庫金","金融","27.68","27.68","27.68","32","0.00"," ","4,340,776","4,340,776","4,340,776","32","0","23.40","-0.15"," "
" "," ","","5906台南-KY","貿易百貨","31.38","31.38","31.38","32","0.00"," ","11,217","11,217","11,217","32","0","",""," "
" "," ","","5907大洋-KY","貿易百貨","29","28.89","28.52","10","-0.48"," ","56,721","56,491","55,780","10","-941","5.63","-0.04"," "
" "," ","","6005群益證","金融","2.71","2.71","2.71","32","0.00"," ","58,911","58,911","58,911","32","0","28.20","0.10"," "
" "," ","","6024群益期","金融","55.46","55.46","55.46","32","0.00"," ","138,622","138,622","138,622","32","0","55.60","-0.20"," "
" "," ","","6108競國","電子零組件","13.9","13.9","13.9","32","0.00"," ","21,836","21,836","21,836","32","0","18.10","-0.20"," "
" "," ","","6112邁達特","資訊服務","51.41","51.41","51.41","32","0.00"," ","96,841","96,841","96,841","32","0","48.30","0.75"," "
" "," ","","6115鎰勝","電子零組件","11.82","11.82","11.82","32","0.00"," ","22,189","22,189","22,189","32","0","48.30","0.80"," "
" "," ","","6116彩晶","光電","13.57","13.57","13.57","32","0.00"," ","388,015","388,015","388,015","32","0","8.85","-0.14"," "
" "," ","","6117迎廣","電腦週邊","34.24","34.24","34.24","32","0.00"," ","31,697","31,697","31,697","32","0","86.30","1.70"," "
" "," ","","6120達運","光電","28.71","28.71","28.72","41","0.01"," ","171,993","171,993","172,060","41","67","14.40","-0.20"," "
" "," ","","6128上福","電腦週邊","26.08","26.08","26.08","32","0.00"," ","33,286","33,286","33,286","32","0","20.90","0.15"," "
" "," ","","6133金橋","電子零組件","2.16","2.16","2.16","32","0.00"," ","2,531","2,531","2,531","32","0","23.45","0.35"," "
" "," ","","6136富爾特","通信網路","7.03","7.03","7.03","32","0.00"," ","8,126","8,126","8,126","32","0","27.65","0.70"," "
" "," ","","6139亞翔","其他電子","26.51","26.51","26.5","20","-0.01"," ","62,436","62,436","62,436","32","0","721.00","-4.00"," "
" "," ","","6141柏承","電子零組件","10.73","10.73","10.73","32","0.00"," ","12,174","12,174","12,174","32","0","33.05","-1.90"," "
" "," ","","6142友勁","通信網路","41.57","41.57","41.57","32","0.00"," ","137,535","137,535","137,535","32","0","9.35","0.13"," "
" "," ","","6152百一","通信網路","10.81","10.8","10.71","10","-0.10"," ","18,134","18,125","17,965","10","-169","15.75","-0.45"," "
" "," ","","6153嘉聯益","電子零組件","28.91","28.91","28.91","32","0.00"," ","183,973","183,973","183,973","32","0","19.70","-0.95"," "
" "," ","","6155鈞寶","電子零組件","22.8","22.7","22.53","10","-0.27"," ","20,073","19,988","19,838","10","-235","48.00","-1.40"," "
" "," ","","6164華興","光電","7","7","7","32","0.00"," ","5,601","5,601","5,601","32","0","13.00","-0.10"," "
" "," ","","6165浪凡","雲端","0.05","0.05","0.05","32","0.00"," ","40","40","40","32","0","48.75","0.05"," "
" "," ","","6166凌華","電腦週邊","20.15","20.15","20.15","32","0.00"," ","43,886","43,886","43,886","32","0","81.00","2.20"," "
" "," ","","6168宏齊","光電","21.93","21.93","21.93","32","0.00"," ","45,210","45,210","45,210","32","0","27.75","-0.30"," "
" "," ","","6176瑞儀","光電","3.64","3.64","3.73","41","0.09"," ","16,968","16,968","17,388","41","420","99.60","9.00"," "
" "," ","","6177達麗","營建","5.17","5.17","5.17","32","0.00"," ","24,416","24,416","24,416","32","0","45.35","0.45"," "
" "," ","","6183關貿","資訊服務","49.82","49.82","49.82","32","0.00"," ","74,744","74,744","74,744","32","0","95.20","-0.80"," "
" "," ","","6184大豐電","其他","11.59","11.59","11.59","32","0.00"," ","18,793","18,793","18,793","32","0","47.50","0.05"," "
" "," ","","6189豐藝","電子通路","8.75","8.75","8.75","32","0.00"," ","23,105","23,105","23,105","32","0","48.70","1.00"," "
" "," ","","6191精成科","電子零組件","41.81","41.81","41.81","32","0.00"," ","208,784","208,784","208,784","32","0","112.00","-1.50"," "
" "," ","","6192巨路","其他電子","7.67","7.67","7.67","32","0.00"," ","7,383","7,383","7,383","32","0","127.00","3.00"," "
" "," ","","6196帆宣","其他電子","46.26","46.22","45.89","10","-0.37"," ","101,122","101,122","101,122","32","0","390.50","-7.00"," "
" "," ","","6197佳必琪","電子零組件","33.97","33.98","33.98","40","0.01"," ","41,476","41,486","41,486","40","10","187.50","1.50"," "
" "," ","","6201亞弘電","其他電子","18.47","18.47","18.47","32","0.00"," ","16,482","16,482","16,482","32","0","50.20","-1.40"," "
" "," ","","6202盛群","半導體","6.9","6.9","6.9","32","0.00"," ","15,913","15,913","15,913","32","0","60.50","3.40"," "
" "," ","","6205詮欣","電子零組件","13.26","13.26","13.31","41","0.05"," ","10,910","10,910","10,952","41","42","87.20","-1.90"," "
" "," ","","6206飛捷","電腦週邊","20.1","20.1","20.1","32","0.00"," ","28,762","28,762","28,762","32","0","111.50","1.00"," "
" "," ","","6209今國光","光電","12.6","12.32","12.26","10","-0.34"," ","22,099","22,115","22,135","50","36","65.00","-3.20"," "
" "," ","","6213聯茂","電子零組件","19.68","19.95","19.95","40","0.27"," ","71,543","72,543","72,543","40","1,000","297.00","11.00"," "
" "," ","","6214精誠","資訊服務","13.24","13.24","13.24","32","0.00"," ","36,066","36,066","36,066","32","0","126.00","-1.50"," "
" "," ","","6215和椿","其他電子","19.31","19.31","19.31","32","0.00"," ","15,994","15,994","15,994","32","0","110.50","3.50"," "
" "," ","","6216居易","通信網路","18.83","18.83","18.83","32","0.00"," ","18,263","18,263","18,263","32","0","25.60","0.15"," "
" "," ","","6224聚鼎","電子零組件","21.96","21.96","15.22","20","-6.74"," ","18,809","18,809","13,037","20","-5,772","60.00","1.70"," "
" "," ","","6225天瀚","光電","24.93","24.93","24.93","32","0.00"," ","6,931","6,931","6,931","32","0","18.00","0.70"," "
" "," ","","6226光鼎","光電","11.62","11.54","11.54","21","-0.08"," ","13,435","13,335","13,335","21","-100","13.70","-0.90"," "
" "," ","","6230尼得科超眾","電腦週邊","86.3","86.3","86.3","32","0.00"," ","74,515","74,515","74,515","32","0","166.50","3.50"," "
" "," ","","6235華孚","電腦週邊","25.15","25.15","25.15","32","0.00"," ","50,290","50,290","50,290","32","0","47.30","0.15"," "
" "," ","","6239力成","半導體","7.54","7.54","7.54","32","0.00"," ","57,303","57,303","57,303","32","0","218.50","5.50"," "
" "," ","","6243迅杰","半導體","18.65","18.65","18.65","32","0.00"," ","8,444","8,444","8,444","32","0","36.35","3.30"," "
" "," ","","6257矽格","半導體","4.75","4.75","4.76","41","0.01"," ","23,019","23,019","23,069","41","50","186.50","-0.50"," "
" "," ","","6269台郡","電子零組件","7.71","7.71","7.73","41","0.02"," ","24,926","24,926","25,046","41","120","70.00","2.90"," "
" "," ","","6271同欣電","半導體","5.74","5.74","5.74","32","0.00"," ","12,004","12,004","12,004","32","0","185.00","-2.50"," "
" "," ","","6272驊陞","電子零組件","8.96","8.96","8.96","32","0.00"," ","7,333","7,333","7,333","32","0","33.35","-0.35"," "
" "," ","","6277宏正","電腦週邊","11.65","11.65","11.65","32","0.00"," ","13,919","13,919","13,919","32","0","72.20","-0.70"," "
" "," ","","6278台表科","光電","9.15","9.15","9.15","32","0.00"," ","26,765","26,765","26,765","32","0","158.00","-0.50"," "
" "," ","","6281全國電","電子通路","12.99","12.99","12.99","32","0.00"," ","12,886","12,886","12,886","32","0","52.20","-0.20"," "
" "," ","","6282康舒","電子零組件","19.71","19.84","19.84","40","0.13"," ","168,789","169,889","169,889","40","1,100","51.40","1.10"," "
" "," ","","6283淳安","其他電子","42.63","42.63","42.63","32","0.00"," ","63,523","63,523","63,523","32","0","23.30","0.20"," "
" "," ","","6285啟卅卅","通信網路","22.22","22.22","22.23","41","0.01"," ","107,569","107,559","107,549","10","-20","241.50","-8.00"," "
" "," ","","6405悅城","光電","8.14","8.14","8.14","32","0.00"," ","5,359","5,359","5,359","32","0","37.50","1.60"," "
" "," ","","6409旭隼","其他電子","16.62","16.54","16.51","10","-0.11"," ","14,579","14,510","14,487","10","-92","810.00","37.00"," "
" "," ","","6412群電","電子零組件","58.88","58.88","58.88","32","0.00"," ","235,983","235,983","235,983","32","0","79.30","0.60"," "
" "," ","","6414樺漢","電腦週邊","23.24","23.24","23.24","32","0.00"," ","33,906","33,906","33,906","32","0","318.50","6.00"," "
" "," ","","6415矽力*-KY","半導體","11.02","11.02","11.01","20","-0.01"," ","42,858","42,858","42,858","32","0","402.50","8.50"," "
" "," ","","6416瑞祺電通","通信網路","27.52","27.52","27.52","32","0.00"," ","20,188","20,188","20,188","32","0","83.20","1.00"," "
" "," ","","6426統新","通信網路","14.41","14.41","14.41","32","0.00"," ","5,549","5,549","5,549","32","0","246.00","-6.00"," "
" "," ","","6431光麗-KY","生技醫療業","0","0","0","32","0.00"," ","0","0","0","32","0","20.70","-0.15"," "
" "," ","","6438迅得","其他電子","13.47","13.47","13.2","20","-0.27"," ","11,075","11,075","10,859","20","-216","182.00","-1.50"," "
" "," ","","6442光聖","通信網路","10.46","10.46","10.4","20","-0.06"," ","8,174","8,174","8,174","32","0","2240.00","-100.00"," "
" "," ","","6443元晶","光電","5.95","5.93","5.88","10","-0.07"," ","32,070","31,971","31,700","10","-370","39.50","0.30"," "
" "," ","","6446藥華藥","生技醫療業","11.35","11.3","11.28","10","-0.07"," ","43,131","42,963","42,859","10","-272","647.00","-3.00"," "
" "," ","","6449鈺邦","電子零組件","16.08","16.08","16.18","41","0.10"," ","14,787","14,787","14,880","41","93","178.00","2.00"," "
" "," ","","6451訊芯-KY","半導體","59.52","59.52","58.87","20","-0.65"," ","63,965","63,965","63,965","32","0","496.00","22.00"," "
" "," ","","6456GIS-KY","光電","23.67","23.67","23.67","32","0.00"," ","80,005","80,005","80,005","32","0","81.70","1.80"," "
" "," ","","6464台數科","其他","6.69","6.69","6.79","41","0.10"," ","8,620","8,620","8,747","41","127","76.70","0.80"," "
" "," ","","6472保瑞","生技醫療業","26","25.97","25.91","10","-0.09"," ","33,183","33,163","33,113","10","-70","419.00","2.50"," "
" "," ","","6477安集","光電","16.08","16.08","16.08","32","0.00"," ","19,916","19,916","19,916","32","0","35.40","0.70"," "
" "," ","","6491晶碩","生技醫療業","38.44","38.44","38.44","32","0.00"," ","29,988","29,988","29,988","32","0","287.50","4.00"," "
" "," ","","6504南六","其他","21.39","21.39","21.39","32","0.00"," ","15,534","15,534","15,534","32","0","40.40","-0.90"," "
" "," ","","6505台塑化","油電燃氣","75.82","75.82","75.82","32","0.00"," ","7,222,710","7,222,710","7,222,710","32","0","52.70","-0.30"," "
" "," ","","6515穎崴","半導體","17.42","17.39","17.23","10","-0.19"," ","6,281","6,271","6,213","10","-68","10730.00","15.00"," "
" "," ","","6525捷敏-KY","半導體","51.47","51.47","51.47","32","0.00"," ","66,421","66,421","66,421","32","0","96.40","3.70"," "
" "," ","","6526達發","半導體","66.4","66.4","66.4","32","0.00"," ","111,236","111,236","111,236","32","0","610.00","55.00"," "
" "," ","","6531愛普*","半導體","16.83","16.82","16.81","10","-0.02"," ","27,385","27,386","27,386","40","1","792.00","72.00"," "
" "," ","","6533晶心科","半導體","13.89","13.87","13.87","21","-0.02"," ","7,039","7,030","7,030","21","-9","253.50","23.00"," "
" "," ","","6534正瀚-創","生技醫療業","50.75","50.75","50.75","32","0.00"," ","52,179","52,179","52,179","32","0","100.00","0.00"," "
" "," ","","6541泰福-KY","生技醫療業","44.03","44.01","44.01","21","-0.02"," ","116,627","116,627","116,627","32","0","41.20","0.90"," "
" "," ","","6550北極星藥業-KY","生技醫療業","49.53","49.53","49.53","32","0.00"," ","425,932","425,932","425,932","32","0","18.60","-1.10"," "
" "," ","","6552易華電","半導體","52.86","52.86","52.86","32","0.00"," ","43,878","43,880","43,880","40","2","31.95","1.55"," "
" "," ","","6558興能高","其他電子","26.35","26.35","26.29","20","-0.06"," ","24,717","24,717","24,657","20","-60","31.75","1.25"," "
" "," ","","6573虹揚-KY","半導體","1.73","1.73","1.73","32","0.00"," ","1,397","1,397","1,397","32","0","13.85","0.30"," "
" "," ","","6579研揚","電腦週邊","55.73","55.73","55.73","32","0.00"," ","94,446","94,446","94,446","32","0","120.50","2.00"," "
" "," ","","6581鋼聯","綠能","72.99","73","73","40","0.01"," ","81,226","81,231","81,231","40","5","107.50","-1.00"," "
" "," ","","6582申豐","橡膠","49.7","49.7","49.7","32","0.00"," ","52,774","52,774","52,774","32","0","31.70","0.10"," "
" "," ","","6585鼎基","其他","36.06","36.06","45.22","41","9.16"," ","26,013","26,013","32,621","41","6,608","90.10","-1.10"," "
" "," ","","6589台康生技","生技醫療業","25.09","25.09","25.11","41","0.02"," ","76,962","76,962","77,082","41","120","48.85","0.50"," "
" "," ","","6591動力-KY","電腦週邊","18.08","18.08","18.08","32","0.00"," ","7,438","7,438","7,438","32","0","59.50","0.80"," "
" "," ","","6592和潤企業","其他","58.9","58.9","58.9","32","0.00"," ","425,962","425,962","425,962","32","0","63.20","-0.50"," "
" "," ","","6598ABC-KY","生技醫療業","8.18","8.18","8.18","32","0.00"," ","8,416","8,416","8,416","32","0","22.15","-0.10"," "
" "," ","","6605帝寶","汽車","21.12","21.12","21.12","32","0.00"," ","35,030","35,030","35,030","32","0","129.50","-1.00"," "
" "," ","","6606建德工業","電機","21.83","21.85","21.85","40","0.02"," ","24,081","24,109","24,109","40","28","24.60","0.00"," "
" "," ","","6614資拓宏宇","雲端","61.64","61.64","61.64","32","0.00"," ","49,724","49,724","49,724","32","0","41.25","-0.10"," "
" "," ","","6625必應","其他","12.12","12.12","12.13","41","0.01"," ","7,027","7,027","7,036","41","9","75.50","0.50"," "
" "," ","","6641基士德-KY","綠能","13.26","13.26","13.26","32","0.00"," ","4,842","4,842","4,842","32","0","18.60","0.45"," "
" "," ","","6645金萬林-創","生技醫療業","15.19","15.19","15.19","32","0.00"," ","9,251","9,251","9,251","32","0","13.40","0.30"," "
" "," ","","6655科定","其他","22.67","22.67","22.67","32","0.00"," ","18,266","18,266","18,266","32","0","140.00","0.00"," "
" "," ","","6658聯策","其他電子","6.35","6.35","6.35","32","0.00"," ","2,310","2,310","2,310","32","0","91.40","8.30"," "
" "," ","","6666羅麗芬-KY","生技醫療業","43.7","43.7","43.7","32","0.00"," ","20,712","20,712","20,712","32","0","42.50","0.50"," "
" "," ","","6668中揚光","光電","11.78","11.65","11.65","21","-0.13"," ","12,619","12,487","12,487","21","-132","37.60","-0.35"," "
" "," ","","6669緯穎","電腦週邊","36.76","36.77","36.77","40","0.01"," ","68,321","68,334","68,334","40","13","4350.00","130.00"," "
" "," ","","6670復盛應用","運動","6.08","6.08","6.08","32","0.00"," ","8,480","8,480","8,480","32","0","257.00","-5.50"," "
" "," ","","6671三能-KY","居家","1.66","1.71","1.99","50","0.33"," ","1,014","1,044","1,215","50","201","31.45","-1.05"," "
" "," ","","6672騰輝電子-KY","電子零組件","11.05","11.05","11.29","41","0.24"," ","7,899","7,899","8,072","41","173","206.00","18.50"," "
" "," ","","6674鋐寶科技","通信網路","47.5","47.5","47.6","41","0.10"," ","32,635","32,635","32,635","32","0","19.05","-0.85"," "
" "," ","","6689伊雲谷","雲端","16.6","16.6","16.6","32","0.00"," ","11,292","11,292","11,292","32","0","72.90","1.10"," "
" "," ","","6691洋基工程","其他電子","13.26","13.25","13.25","21","-0.01"," ","16,114","16,105","16,105","21","-9","684.00","7.00"," "
" "," ","","6695芯鼎","半導體","18.66","18.66","18.65","20","-0.01"," ","18,000","18,000","18,000","32","0","45.45","1.65"," "
" "," ","","6698旭暉應材","其他電子","25.1","25.1","25.1","32","0.00"," ","16,665","16,665","16,665","32","0","32.65","0.25"," "
" "," ","","6706惠特","光電","10.03","10.03","10.03","32","0.00"," ","7,881","7,881","7,881","32","0","139.00","-9.50"," "
" "," ","","6715嘉基","電子零組件","48.32","48.32","47.78","20","-0.54"," ","32,071","32,071","32,071","32","0","420.50","-27.50"," "
" "," ","","6719力智","半導體","39.01","39","39","21","-0.01"," ","41,145","41,145","41,145","32","0","180.00","6.50"," "
" "," ","","6722輝創","其他電子","27.93","24.59","25.13","31","-2.80"," ","21,786","21,744","22,223","31","437","39.65","0.05"," "
" "," ","","6742澤米","光電","10.14","10.14","10.14","32","0.00"," ","7,227","7,227","7,227","32","0","43.90","0.00"," "
" "," ","","6743安普新","其他電子","17.27","17.28","17.28","40","0.01"," ","25,916","25,926","25,926","40","10","23.50","0.45"," "
" "," ","","6753龍德造船","航運","42.38","42.38","42.37","20","-0.01"," ","49,691","49,691","49,691","32","0","140.50","-1.50"," "
" "," ","","6754匯僑設計","居家","42.59","42.59","42.59","32","0.00"," ","28,110","28,110","28,110","32","0","47.15","0.00"," "
" "," ","","6756威鋒電子","半導體","56.41","56.38","56.38","21","-0.03"," ","39,462","39,462","39,462","32","0","90.40","8.20"," "
" "," ","","6757台灣虎航","航運","65.47","65.47","65.47","32","0.00"," ","300,879","300,879","300,879","32","0","48.95","-0.25"," "
" "," ","","6768志強-KY","運動","2.24","2.24","2.24","32","0.00"," ","4,489","4,489","4,489","32","0","82.60","-1.90"," "
" "," ","","6770力積電","半導體","22.77","22.68","22.66","10","-0.11"," ","962,167","962,167","961,867","20","-300","57.00","3.00"," "
" "," ","","6771平和環保-創","綠能","13.37","13.37","13.37","32","0.00"," ","4,171","4,171","4,171","32","0","46.00","0.25"," "
" "," ","","6776展卅眥篕卅","電子通路","54.18","53.94","53.79","10","-0.39"," ","49,627","49,407","49,265","10","-362","60.90","1.10"," "
" "," ","","6781AES-KY","電子零組件","54.77","54.77","54.77","32","0.00"," ","46,792","46,792","46,792","32","0","1120.00","100.00"," "
" "," ","","6782視陽","生技醫療業","16.65","16.65","16.65","32","0.00"," ","10,491","10,491","10,491","32","0","227.50","8.00"," "
" "," ","","6789采鈺","半導體","67.11","67.11","67.11","32","0.00"," ","213,619","213,619","213,619","32","0","489.50","-14.50"," "
" "," ","","6790永豐實","造紙","61.07","61.07","61.07","32","0.00"," ","163,141","163,141","163,141","32","0","39.90","0.05"," "
" "," ","","6792詠業","通信網路","38.53","38.53","38.53","32","0.00"," ","18,451","18,451","18,451","32","0","62.20","1.20"," "
" "," ","","6794向榮生技","生技醫療業","36.26","36.26","36.26","32","0.00"," ","23,079","23,079","23,079","32","0","80.50","-1.50"," "
" "," ","","6796晉弘","生技醫療業","21.84","21.64","21.64","21","-0.20"," ","8,354","8,711","8,711","40","357","72.50","0.30"," "
" "," ","","6799來頡","半導體","25.1","25.05","25.05","21","-0.05"," ","10,974","10,954","10,954","21","-20","91.10","3.20"," "
" "," ","","6805富世達","電子零組件","19.79","19.79","19.79","32","0.00"," ","13,573","13,573","13,568","20","-5","1985.00","70.00"," "
" "," ","","6806森崴能源","綠能","37.48","37.48","37.48","32","0.00"," ","102,951","102,951","102,951","32","0","26.85","-2.95"," "
" "," ","","6807峰源-KY","居家","21.03","21.03","20.01","20","-1.02"," ","11,357","11,357","10,807","20","-550","38.25","0.00"," "
" "," ","","6830汎銓","其他電子","12.6","12.6","12.55","20","-0.05"," ","6,526","6,526","6,502","20","-24","890.00","14.00"," "
" "," ","","6831邁科","電腦週邊","11.47","11.47","11.47","32","0.00"," ","7,746","7,746","7,746","32","0","545.00","29.00"," "
" "," ","","6834天二科技","電子零組件","16.58","16.58","16.58","32","0.00"," ","14,672","14,672","14,672","32","0","37.65","0.25"," "
" "," ","","6835圓裕","電子零組件","14.54","14.54","14.54","32","0.00"," ","9,623","9,623","9,623","32","0","40.10","0.95"," "
" "," ","","6838台新藥","生技醫療業","41.02","41.02","41.02","32","0.00"," ","61,932","61,932","61,932","32","0","28.90","-0.55"," "
" "," ","","6854錼創科技-KY創","半導體","27.93","27.77","26.94","10","-0.99"," ","32,878","32,688","31,714","10","-1,164","187.00","-3.50"," "
" "," ","","6861睿生光電","生技醫療業","48.77","48.74","48.63","10","-0.14"," ","20,289","20,280","20,232","10","-57","214.50","19.50"," "
" "," ","","6862三集瑞-KY","電子零組件","5.41","5.41","5.37","20","-0.04"," ","2,709","2,709","2,686","20","-23","189.00","-2.50"," "
" "," ","","6863永道-KY","通信網路","62.71","62.75","62.75","40","0.04"," ","46,965","46,993","46,993","40","28","106.00","4.50"," "
" "," ","","6869雲豹能源","綠能","2.31","2.31","2.31","32","0.00"," ","3,197","3,197","3,197","32","0","88.30","-1.00"," "
" "," ","","6873泓德能源","綠能","12.69","12.69","12.69","32","0.00"," ","18,113","18,113","18,113","32","0","90.00","0.80"," "
" "," ","","6885全福生技","生技醫療業","10.82","9.92","9.92","21","-0.90"," ","14,418","13,234","13,234","21","-1,184","23.90","0.45"," "
" "," ","","6887寶綠特-KY","綠能","65.8","65.78","65.77","10","-0.03"," ","48,776","48,776","48,773","20","-3","39.35","-0.45"," "
" "," ","","6890來億-KY","運動","49.34","49.34","49.34","32","0.00"," ","123,060","123,060","123,060","32","0","169.50","0.00"," "
" "," ","","6901鑽石投資","其他","14","14","14","32","0.00"," ","119,418","119,418","119,418","32","0","14.35","0.10"," "
" "," ","","6902GOGOLOOK","雲端","24.22","24.23","24.23","40","0.01"," ","8,566","8,568","8,570","50","4","108.00","9.50"," "
" "," ","","6906現觀科","雲端","19.07","19.07","19.14","41","0.07"," ","6,396","6,396","6,420","41","24","69.80","3.40"," "
" "," ","","6908宏卅砦C戲-創","電子通路","-","-","65.58","41",""," ","-","-","24,384","41","","39.85","0.00"," "
" "," ","","6909創控","半導體","12.76","12.35","12.02","10","-0.74"," ","8,584","8,304","8,084","10","-500","66.20","0.50"," "
" "," ","","6914阜爾運通","其他","9.54","9.54","9.54","32","0.00"," ","6,320","6,320","6,320","32","0","149.50","-0.50"," "
" "," ","","6916華凌","光電","37.21","37.21","37.21","32","0.00"," ","25,118","25,118","25,123","41","5","19.20","-0.35"," "
" "," ","","6918愛派司","生技醫療業","18.34","19.47","20.11","50","1.77"," ","6,342","6,732","6,952","50","610","73.90","-0.20"," "
" "," ","","6919康霈*","生技醫療業","18.95","18.95","18.92","20","-0.03"," ","294,482","294,483","294,665","50","183","111.00","-0.50"," "
" "," ","","6921嘉雨思-創","半導體","43.75","43.75","43.75","32","0.00"," ","13,930","13,930","13,930","32","0","99.50","-4.50"," "
" "," ","","6923中台","綠能","23.63","23.63","23.64","41","0.01"," ","21,627","21,627","21,637","41","10","86.70","-1.50"," "
" "," ","","6924榮惠-KY創","電子零組件","7.95","7.95","8.05","41","0.10"," ","1,659","1,659","1,662","41","3","93.00","-1.90"," "
" "," ","","6928攸泰科技","電腦週邊","43.98","43.98","43.98","32","0.00"," ","37,827","37,827","37,827","32","0","50.00","2.00"," "
" "," ","","6931青松健康","生技醫療業","9.85","9.85","9.86","41","0.01"," ","6,520","6,520","6,525","41","5","50.30","0.00"," "
" "," ","","6933AMAX-KY","電腦週邊","58.09","58.08","58.03","10","-0.06"," ","24,610","24,610","24,600","20","-10","188.00","0.00"," "
" "," ","","6934心誠鎂","生技醫療業","-","26.9","26.9","40",""," ","-","9,680","9,680","40","","85.00","-2.40"," "
" "," ","","6936永鴻生技","生技醫療業","50.01","50.01","50.01","32","0.00"," ","36,413","36,413","36,413","32","0","35.20","0.10"," "
" "," ","","6937天虹","半導體","11.74","11.74","11.73","20","-0.01"," ","7,940","7,940","7,940","32","0","325.50","-5.50"," "
" "," ","","6944兆聯實業","綠能","8.03","8.03","8.46","41","0.43"," ","6,161","6,161","6,492","41","331","944.00","17.00"," "
" "," ","","6949沛爾生醫-創","生技醫療業","20.19","18.43","18.35","10","-1.84"," ","11,902","12,034","12,034","40","132","860.00","62.00"," "
" "," ","","6951青新-創","綠能","63.9","63.9","63.9","32","0.00"," ","29,395","29,395","29,395","32","0","80.20","-0.60"," "
" "," ","","6952大武山","其他","45.34","45.47","18.63","30","-26.71"," ","30,992","31,082","12,735","30","-18,256","39.60","-0.40"," "
" "," ","","6955邦睿生技-創","生技醫療業","38.92","38.92","38.92","32","0.00"," ","9,653","9,653","9,653","32","0","164.00","0.00"," "
" "," ","","6957裕慶-KY","其他","14.29","14.29","14.29","32","0.00"," ","7,933","7,933","7,933","32","0","162.00","0.00"," "
" "," ","","6958日盛台駿","其他","58.94","58.94","58.94","32","0.00"," ","261,287","261,287","261,287","32","0","19.55","-0.45"," "
" "," ","","6962奕力-KY","半導體","16.36","16.36","16.36","32","0.00"," ","80,584","80,584","80,584","32","0","37.40","3.40"," "
" "," ","","6965中傑-KY","運動","2.66","3.24","3.48","50","0.82"," ","4,164","5,073","5,450","50","1,286","87.50","-1.20"," "
" "," ","","6969成信實業*-創","綠能","33.25","23.57","20.5","10","-12.75"," ","12,686","8,991","8,991","21","-3,695","31.45","-0.30"," "
" "," ","","6988威力暘-創","汽車","9.47","9.47","9.54","41","0.07"," ","4,508","4,508","4,543","41","35","14.50","-0.25"," "
" "," ","","6994富威電力","綠能","50.84","50.63","42.28","10","-8.56"," ","37,539","37,554","31,359","30","-6,180","71.20","-1.50"," "
" "," ","","7610聯友金屬-創","綠能","30.64","30.65","28.65","30","-1.99"," ","14,893","14,893","13,923","20","-970","670.00","42.00"," "
" "," ","","7631聚賢研發-創","其他電子","12.3","12.3","12.25","20","-0.05"," ","2,479","2,479","2,468","20","-11","140.50","6.50"," "
" "," ","","7705三商餐飲","觀光","60.28","60.28","60.28","32","0.00"," ","39,827","39,827","39,827","32","0","34.45","-0.20"," "
" "," ","","7711永擎","電腦週邊","48.97","48.97","48.99","41","0.02"," ","35,144","35,144","35,144","32","0","338.50","30.50"," "
" "," ","","7721微程式","雲端","20.5","20.5","20.5","32","0.00"," ","11,352","11,352","11,352","32","0","80.60","-3.50"," "
" "," ","","7722LINEPAY","雲端","75.31","75.31","75.31","32","0.00"," ","51,216","51,216","51,216","32","0","309.00","0.00"," "
" "," ","","7730暉盛-創","半導體","35.44","35.44","35.44","32","0.00"," ","13,042","13,042","13,042","32","0","180.00","2.00"," "
" "," ","","7732金興精密","汽車","41.95","39.63","39.63","21","-2.32"," ","27,136","25,636","25,639","31","-1,497","36.00","1.05"," "
" "," ","","7736虎山","汽車","33.91","33.91","33.91","32","0.00"," ","25,772","25,772","25,772","32","0","78.90","-0.70"," "
" "," ","","7740熙特爾-創","綠能","13.59","13.59","13.59","32","0.00"," ","7,232","7,232","7,232","32","0","200.00","12.00"," "
" "," ","","7749意騰-KY","半導體","18.2","18.2","18.2","32","0.00"," ","8,461","8,461","8,461","32","0","445.00","13.00"," "
" "," ","","7750新代","電機","18.81","18.81","18.81","32","0.00"," ","13,516","13,516","13,514","20","-2","2040.00","100.00"," "
" "," ","","7765中華資安","雲端","56.68","56.68","56.68","32","0.00"," ","23,058","23,058","23,058","32","0","228.00","-2.50"," "
" "," ","","7769鴻勁","半導體","36.58","36.58","36.58","32","0.00"," ","65,824","65,824","65,824","32","0","4745.00","280.00"," "
" "," ","","7780大研生醫*","食品","68.72","68.72","68.73","41","0.01"," ","55,669","556,694","556,734","50","501,065","19.80","-0.15"," "
" "," ","","7786東方風能","綠能","49.37","49.37","49.43","41","0.06"," ","86,583","86,583","86,977","41","394","137.50","-1.00"," "
" "," ","","7788松川精密","電子零組件","19.32","19.32","19.32","32","0.00"," ","15,412","15,412","15,412","32","0","169.00","3.50"," "
" "," ","","7791皇家可口","食品","60.32","60.32","60.32","32","0.00"," ","48,261","48,261","48,261","32","0","66.30","0.00"," "
" "," ","","7795長廣","電子零組件","71.49","62.87","62.87","21","-8.62"," ","50,640","49,560","49,560","21","-1,080","421.00","-7.00"," "
" "," ","","7799禾榮科","生技醫療業","42.69","42.66","42.57","10","-0.12"," ","67,266","67,266","67,266","32","0","414.00","7.00"," "
" "," ","","7823奧義賽博-KY創","雲端","-","24.14","22.71","30",""," ","-","7,636","7,606","30","","78.80","0.00"," "
" "," ","","8011台通","通信網路","18.42","18.42","18.42","32","0.00"," ","30,575","30,575","30,575","32","0","21.20","-0.30"," "
" "," ","","8016矽創","半導體","7.45","7.45","7.45","32","0.00"," ","8,957","8,957","8,957","32","0","240.50","21.50"," "
" "," ","","8021尖點","其他電子","8.29","8.29","8.4","41","0.11"," ","11,779","11,779","12,190","41","411","445.50","40.50"," "
" "," ","","8028昇陽半導體","半導體","13.14","12.95","12.83","10","-0.31"," ","23,037","23,037","23,037","32","0","230.00","20.50"," "
" "," ","","8033雷虎","其他","3.14","4.34","4.34","40","1.20"," ","4,798","6,639","6,639","40","1,841","153.50","2.00"," "
" "," ","","8039台虹","電子零組件","9.31","9.31","9.28","20","-0.03"," ","24,487","24,487","24,487","32","0","161.00","14.50"," "
" "," ","","8045達運光電","通信網路","16.31","16.31","16.31","32","0.00"," ","15,510","15,510","15,510","32","0","80.60","2.00"," "
" "," ","","8046南電","電子零組件","66.97","66.97","66.04","20","-0.93"," ","432,745","432,745","426,755","20","-5,990","803.00","14.00"," "
" "," ","","8070長華*","電子通路","30.28","30.28","30.28","32","0.00"," ","219,736","219,736","219,736","32","0","49.45","1.40"," "
" "," ","","8072陞泰","電子通路","38.82","38.82","38.82","32","0.00"," ","31,058","31,058","31,058","32","0","28.95","0.05"," "
" "," ","","8081致新","半導體","9.67","9.67","9.67","32","0.00"," ","8,339","8,339","8,339","32","0","251.00","10.00"," "
" "," ","","8101華冠","通信網路","38.26","38.26","36.26","20","-2.00"," ","18,927","18,926","18,920","10","-7","13.50","-0.05"," "
" "," ","","8103瀚荃","電子零組件","11.14","10.94","10.89","10","-0.25"," ","8,740","8,589","8,544","10","-196","102.50","6.50"," "
" "," ","","8104錸寶","光電","28.18","28.18","28.18","32","0.00"," ","29,326","29,326","29,326","32","0","37.20","-1.00"," "
" "," ","","8105凌巨","光電","53.1","53.1","53.1","32","0.00"," ","234,482","234,482","234,482","32","0","14.25","0.20"," "
" "," ","","8110華東","半導體","38.89","37.77","36.94","10","-1.95"," ","201,384","195,600","191,294","10","-10,090","50.00","0.50"," "
" "," ","","8112至上","電子通路","4.03","4.03","4.03","32","0.00"," ","22,394","22,394","22,394","32","0","88.00","1.20"," "
" "," ","","8114振樺電","電腦週邊","30.49","30.49","30.47","20","-0.02"," ","32,806","32,806","32,806","32","0","193.50","7.50"," "
" "," ","","8131福懋科","半導體","62.71","62.71","62.71","32","0.00"," ","277,337","277,337","277,337","32","0","62.80","0.70"," "
" "," ","","8150南茂","半導體","11.9","11.9","11.98","41","0.08"," ","85,417","85,417","84,417","20","-1,000","79.80","5.70"," "
" "," ","","8162微矽電子-創","半導體","25.04","25.04","25.04","32","0.00"," ","17,209","17,209","17,209","32","0","47.85","4.35"," "
" "," ","","8163達方","電腦週邊","22.35","22.35","22.35","32","0.00"," ","62,582","62,582","62,582","32","0","28.65","0.05"," "
" "," ","","8201無敵","其他電子","37.54","37.54","37.54","32","0.00"," ","23,413","23,413","23,413","32","0","13.90","0.35"," "
" "," ","","8210勤誠","電腦週邊","11.96","11.96","11.96","32","0.00"," ","14,993","14,993","14,993","32","0","1045.00","25.00"," "
" "," ","","8213志超","電子零組件","5.14","5.07","4.57","10","-0.57"," ","13,955","13,772","12,416","10","-1,539","39.05","0.15"," "
" "," ","","8215明基材","光電","38.82","38.82","38.82","32","0.00"," ","124,507","124,507","124,507","32","0","28.35","1.80"," "
" "," ","","8222寶一","電機","12.54","12.54","12.54","32","0.00"," ","8,602","8,602","8,602","32","0","38.25","0.65"," "
" "," ","","8249菱光","電子零組件","31.19","31.19","31.19","32","0.00"," ","42,989","42,989","42,989","32","0","50.50","0.20"," "
" "," ","","8261富鼎","半導體","32.1","32.1","32.1","32","0.00"," ","38,170","38,170","38,170","32","0","128.00","0.00"," "
" "," ","","8271宇瞻","半導體","17.87","17.85","17.85","21","-0.02"," ","22,909","22,876","22,876","21","-33","238.00","21.50"," "
" "," ","","8341日友","綠能","39.34","39.34","39.34","32","0.00"," ","51,147","51,147","51,147","32","0","75.80","-0.10"," "
" "," ","","8367建新國際","航運","26.72","26.72","26.72","32","0.00"," ","24,629","24,629","24,629","32","0","43.10","0.00"," "
" "," ","","8374羅昇","電機","55.77","55.77","55.77","32","0.00"," ","62,612","62,612","62,612","32","0","82.50","1.30"," "
" "," ","","8404百和興業-KY","其他","58.7","58.7","58.7","32","0.00"," ","246,504","246,504","246,504","32","0","17.50","-0.20"," "
" "," ","","8411福貞-KY","其他","5.83","5.84","5.84","40","0.01"," ","12,744","12,759","12,759","40","15","12.20","-0.05"," "
" "," ","","8422可寧衛*","綠能","7.9","7.72","6.45","10","-1.45"," ","89,879","87,809","87,677","10","-2,202","30.05","-0.45"," "
" "," ","","8429金麗-KY","貿易百貨","15.98","15.88","15.75","10","-0.23"," ","29,697","29,506","29,268","10","-429","6.70","-0.04"," "
" "," ","","8438昶昕","綠能","42.56","42.56","42.56","32","0.00"," ","29,768","29,768","29,768","32","0","89.80","1.20"," "
" "," ","","8442威宏-KY","其他","38.7","38.7","38.69","20","-0.01"," ","27,158","27,158","27,152","20","-6","51.50","0.00"," "
" "," ","","8443阿瘦","貿易百貨","20.66","20.66","20.66","32","0.00"," ","13,803","13,803","13,803","32","0","12.10","0.05"," "
" "," ","","8454富邦媒","雲端","55.54","55.54","55.54","32","0.00"," ","147,182","147,182","147,182","32","0","176.00","1.00"," "
" "," ","","8462柏文","運動","35.97","35.97","35.47","20","-0.50"," ","28,527","28,522","28,522","21","-5","144.00","0.00"," "
" "," ","","8463潤泰材","其他","46.72","46.72","46.72","32","0.00"," ","70,081","70,081","70,081","32","0","22.90","-0.10"," "
" "," ","","8464億豐","居家","24.56","24.56","24.56","32","0.00"," ","71,970","71,970","71,982","41","12","372.00","-6.50"," "
" "," ","","8466美吉吉-KY","其他","27.96","27.96","28","41","0.04"," ","22,326","22,326","22,355","41","29","17.50","-0.05"," "
" "," ","","8467波力-KY","運動","9.22","9.22","9.6","41","0.38"," ","4,647","4,646","4,646","21","-1","155.00","-1.50"," "
" "," ","","8473山林水","綠能","60.98","60.95","60.93","10","-0.05"," ","110,419","110,419","110,419","32","0","37.30","-0.15"," "
" "," ","","8476台境*","綠能","8.23","8.23","8.23","32","0.00"," ","13,693","13,693","13,693","32","0","18.30","0.10"," "
" "," ","","8478東哥遊艇","運動","11.7","11.7","11.7","32","0.00"," ","10,995","10,995","10,995","32","0","177.00","4.00"," "
" "," ","","8481政伸","其他","36.44","36.44","36.44","32","0.00"," ","24,274","24,274","24,274","32","0","41.65","-0.35"," "
" "," ","","8482商億-KY","居家","0","0","0","32","0.00"," ","0","0","0","32","0","",""," "
" "," ","","8487愛爾達-創","雲端","38.21","38.21","38.21","32","0.00"," ","10,139","10,139","10,139","32","0","78.30","-0.40"," "
" "," ","","8488吉源-KY","其他","9.15","9.15","9.15","32","0.00"," ","6,731","6,731","6,731","32","0","10.20","-0.35"," "
" "," ","","8499鼎炫-KY","其他電子","48.86","48.86","48.86","32","0.00"," ","20,118","20,118","20,118","32","0","284.50","8.50"," "
" "," ","","8926台汽電","油電燃氣","33.17","33.17","33.17","32","0.00"," ","242,305","242,305","242,305","32","0","45.70","-0.30"," "
" "," ","","8940新天地","觀光","21.24","21.24","21.24","32","0.00"," ","14,337","14,337","14,337","32","0","17.10","-0.50"," "
" "," ","","8996高力","電機","4.16","4.08","4.04","10","-0.12"," ","3,850","3,803","3,782","10","-68","1195.00","-20.00"," "
" "," ","","9802鈺齊-KY","運動","3.85","3.85","3.85","32","0.00"," ","7,754","7,754","7,754","32","0","77.20","-1.10"," "
" "," ","","9902台火","其他","20.87","20.87","20.87","32","0.00"," ","20,472","20,472","20,472","32","0","15.10","0.20"," "
" "," ","","9904寶成","運動","7.66","7.66","7.66","32","0.00"," ","225,941","225,941","225,941","32","0","26.70","-0.35"," "
" "," ","","9905大華","其他","24.06","24.06","24.06","32","0.00"," ","73,395","73,395","73,395","32","0","21.30","-0.15"," "
" "," ","","9906欣巴巴","營建","45.3","40.21","38.68","10","-6.62"," ","40,943","36,343","34,963","10","-5,980","39.80","-0.90"," "
" "," ","","9907統一實","其他","48.05","48.05","48.05","32","0.00"," ","758,917","758,917","758,917","32","0","17.85","-0.05"," "
" "," ","","9908大台北","油電燃氣","8.16","8.16","8.16","32","0.00"," ","42,169","42,169","42,169","32","0","29.70","0.00"," "
" "," ","","9910豐泰","運動","16.57","16.57","16.58","41","0.01"," ","163,628","163,628","163,760","41","132","77.40","-0.60"," "
" "," ","","9911櫻花","居家","9.12","9.12","9.12","32","0.00"," ","20,282","20,282","20,282","32","0","82.90","-0.30"," "
" "," ","","9912偉聯","電腦週邊","7.2","7.45","7.45","40","0.25"," ","3,905","4,038","4,038","40","133","12.40","-0.05"," "
" "," ","","9914美利達","運動","22.35","22.35","22.39","41","0.04"," ","66,841","66,841","66,956","41","115","61.50","-0.10"," "
" "," ","","9917中保科","其他","38.78","38.78","38.79","41","0.01"," ","175,004","175,004","175,064","41","60","115.50","0.00"," "
" "," ","","9918欣天然","油電燃氣","40.06","40.06","40.06","32","0.00"," ","72,336","72,336","72,336","32","0","43.60","0.05"," "
" "," ","","9919康那香","其他","19.08","19.08","19.08","32","0.00"," ","37,283","37,283","37,283","32","0","14.75","0.05"," "
" "," ","","9921巨大","運動","17.18","17.18","17.09","20","-0.09"," ","67,378","67,378","67,030","20","-348","70.50","0.20"," "
" "," ","","9924福興","居家","11.04","11.04","11.04","32","0.00"," ","16,648","16,648","16,648","32","0","44.70","-0.25"," "
" "," ","","9925新保","其他","16.02","16.02","16.02","32","0.00"," ","62,096","62,096","62,096","32","0","40.60","0.00"," "
" "," ","","9926新海","油電燃氣","19.02","19.02","18.82","20","-0.20"," ","34,153","34,153","33,789","20","-363","49.75","-0.15"," "
" "," ","","9927泰銘","其他","41.66","41.66","41.66","32","0.00"," ","49,998","49,999","49,999","40","1","69.80","-0.40"," "
" "," ","","9928中視","其他","51.19","51.19","51.19","32","0.00"," ","36,210","36,210","36,210","32","0","17.70","0.10"," "
" "," ","","9929秋雨","其他","9.1","9.1","9.1","32","0.00"," ","9,223","9,223","9,223","32","0","12.30","0.00"," "
" "," ","","9930中聯資源","綠能","68.63","68.63","68.63","32","0.00"," ","170,593","170,593","170,593","32","0","70.60","0.00"," "
" "," ","","9931欣高","油電燃氣","25.19","25.19","25.19","32","0.00"," ","30,326","30,326","30,326","32","0","36.15","0.15"," "
" "," ","","9933中鼎","其他","7.6","7.55","7.55","21","-0.05"," ","67,996","67,996","67,996","32","0","37.00","-0.20"," "
" "," ","","9934成霖","居家","9.23","9.23","9.23","32","0.00"," ","37,974","37,974","37,974","32","0","9.59","-0.09"," "
" "," ","","9935慶豐富","居家","12.92","12.92","12.92","32","0.00"," ","22,994","22,994","22,994","32","0","18.65","-0.05"," "
" "," ","","9937全國","油電燃氣","45.24","45.24","45.24","32","0.00"," ","139,839","139,839","139,839","32","0","57.40","0.00"," "
" "," ","","9938百和","其他","7.11","7.13","7.13","40","0.02"," ","21,192","21,253","21,255","50","63","44.75","-0.25"," "
" "," ","","9939宏全","其他","5.52","5.52","5.52","32","0.00"," ","16,335","16,335","16,335","32","0","117.50","-2.50"," "
" "," ","","9940信義","其他","4.09","4.09","4.09","32","0.00"," ","30,197","30,197","30,197","32","0","20.00","0.05"," "
" "," ","","9941裕融","其他","37.59","37.59","37.59","32","0.00"," ","254,036","254,036","254,036","32","0","78.80","0.50"," "
" "," ","","9942茂順","其他","13.82","13.96","13.96","40","0.14"," ","11,498","11,614","11,614","40","116","117.50","-0.50"," "
" "," ","","9943好樂迪","觀光","33.84","33.84","33.84","32","0.00"," ","42,360","42,360","42,360","32","0","56.30","0.00"," "
" "," ","","9944新麗","其他","31.49","31.49","31.49","32","0.00"," ","33,360","33,360","33,360","32","0","16.60","-0.15"," "
" "," ","","9945潤泰新","其他","26.92","26.92","26.92","32","0.00"," ","765,787","765,787","765,787","32","0","24.60","-0.30"," "
" "," ","","9946三發地產","營建","4.45","4.45","4.45","32","0.00"," ","14,554","14,554","14,554","32","0","16.60","-0.10"," "
" "," ","","9955佳龍","綠能","38.73","38.73","38.73","32","0.00"," ","40,458","40,458","40,458","32","0","30.80","-0.45"," "
" "," ","","9958世紀鋼","鋼鐵","21.13","21.15","21.37","50","0.24"," ","52,187","52,233","52,771","50","584","108.50","2.00"," "