契約,到期月份 (週別),契約到期日,履約價,買賣權,開盤價,最高價,最低價,最後 成交價,結算價,漲跌價,漲跌%,*盤後交易時段成交量,*一般交易時段成交量,*合計成交量,*未沖銷 契約量,最後 最佳買價,最後 最佳賣價,歷史 最高價,歷史 最低價
TXO,202608F3,20260821.0,39800.0,Call,-,-,-,-,-,-,-,0,0,0,0,5310,5330,-,-
TXO,202608F3,20260821.0,39800.0,Put,0.2,0.2,0.2,0.2,-,0,0%,38,45,83,281,0.1,0.4,65,0.2
TXO,202608F3,20260821.0,39900.0,Call,-,-,-,-,-,-,-,0,0,0,0,5210,5230,-,-
TXO,202608F3,20260821.0,39900.0,Put,0.2,0.2,0.2,0.2,-,0,0%,0,1,1,58,-,0.6,165,0.2
TXO,202608F3,20260821.0,40000.0,Call,-,-,-,-,-,-,-,0,0,0,0,5110,5130,-,-
TXO,202608F3,20260821.0,40000.0,Put,0.2,0.2,0.2,0.2,-,▼-0.1,▼-33.33%,11,6,17,350,-,0.6,150,0.2
TXO,202608F3,20260821.0,40100.0,Call,-,-,-,-,-,-,-,0,0,0,0,5010,5030,-,-
TXO,202608F3,20260821.0,40100.0,Put,-,-,-,-,-,-,-,1,0,1,38,-,0.6,171,0.3
TXO,202608F3,20260821.0,40200.0,Call,-,-,-,-,-,-,-,0,0,0,0,4910,4930,-,-
TXO,202608F3,20260821.0,40200.0,Put,-,-,-,-,-,-,-,0,0,0,12,-,0.6,176,0.6
TXO,202608F3,20260821.0,40300.0,Call,-,-,-,-,-,-,-,0,0,0,0,4810,4830,-,-
TXO,202608F3,20260821.0,40300.0,Put,0.2,0.2,0.2,0.2,-,▼-0.1,▼-33.33%,0,3,3,8,-,0.6,169,0.2
TXO,202608F3,20260821.0,40400.0,Call,-,-,-,-,-,-,-,0,0,0,0,4710,4730,-,-
TXO,202608F3,20260821.0,40400.0,Put,-,-,-,-,-,-,-,1,0,1,14,-,0.4,167,0.1
TXO,202608F3,20260821.0,40500.0,Call,-,-,-,-,-,-,-,0,0,0,0,4610,4630,5730,5540
TXO,202608F3,20260821.0,40500.0,Put,0.2,0.2,0.2,0.2,-,▼-0.2,▼-50.00%,21,2,23,57,-,0.6,215,0.2
TXO,202608F3,20260821.0,40600.0,Call,-,-,-,-,-,-,-,0,0,0,0,4510,4530,5440,5440
TXO,202608F3,20260821.0,40600.0,Put,-,-,-,-,-,-,-,1,0,1,32,-,0.6,96,0.3
TXO,202608F3,20260821.0,40700.0,Call,-,-,-,-,-,-,-,0,0,0,0,4410,4430,-,-
TXO,202608F3,20260821.0,40700.0,Put,0.3,0.3,0.3,0.3,-,▼-0.1,▼-25.00%,0,1,1,5,-,0.6,106,0.3
TXO,202608F3,20260821.0,40800.0,Call,-,-,-,-,-,-,-,0,0,0,0,4310,4330,-,-
TXO,202608F3,20260821.0,40800.0,Put,0.2,0.2,0.2,0.2,-,▼-0.2,▼-50.00%,0,8,8,21,-,0.6,228,0.2
TXO,202608F3,20260821.0,40900.0,Call,-,-,-,-,-,-,-,0,0,0,0,4210,4230,-,-
TXO,202608F3,20260821.0,40900.0,Put,0.2,0.2,0.2,0.2,-,▼-0.2,▼-50.00%,0,4,4,14,-,0.6,239,0.2
TXO,202608F3,20260821.0,41000.0,Call,-,-,-,-,-,-,-,0,0,0,0,4110,4130,-,-
TXO,202608F3,20260821.0,41000.0,Put,0.2,0.2,0.2,0.2,-,▼-0.2,▼-50.00%,52,9,61,404,-,0.4,259,0.2
TXO,202608F3,20260821.0,41100.0,Call,-,-,-,-,-,-,-,0,0,0,0,4010,4030,-,-
TXO,202608F3,20260821.0,41100.0,Put,0.2,0.2,0.2,0.2,-,▼-0.3,▼-60.00%,19,14,33,164,-,0.6,122,0.2
TXO,202608F3,20260821.0,41200.0,Call,-,-,-,-,-,-,-,0,0,0,0,3910,3930,-,-
TXO,202608F3,20260821.0,41200.0,Put,0.3,0.3,0.3,0.3,-,▼-0.3,▼-50.00%,12,1,13,31,-,0.6,274,0.3
TXO,202608F3,20260821.0,41300.0,Call,-,-,-,-,-,-,-,0,0,0,0,3810,3830,4930,4750
TXO,202608F3,20260821.0,41300.0,Put,0.2,0.2,0.1,0.1,-,▼-0.6,▼-85.71%,17,12,29,33,-,0.1,221,0.1
TXO,202608F3,20260821.0,41400.0,Call,-,-,-,-,-,-,-,0,0,0,1,3710,3730,3260,3260
TXO,202608F3,20260821.0,41400.0,Put,0.3,0.3,0.2,0.2,-,▼-0.6,▼-75.00%,31,10,41,60,0.1,0.6,40,0.2
TXO,202608F3,20260821.0,41500.0,Call,-,-,-,-,-,-,-,0,0,0,0,3610,3630,-,-
TXO,202608F3,20260821.0,41500.0,Put,0.2,0.2,0.1,0.2,-,▼-0.7,▼-77.78%,39,33,72,141,-,0.6,158,0.1
TXO,202608F3,20260821.0,41600.0,Call,-,-,-,-,-,-,-,0,0,0,0,3510,3530,-,-
TXO,202608F3,20260821.0,41600.0,Put,0.2,0.2,0.2,0.2,-,▼-0.8,▼-80.00%,37,2,39,57,-,0.6,168,0.2
TXO,202608F3,20260821.0,41700.0,Call,-,-,-,-,-,-,-,0,0,0,0,3410,3430,4360,4360
TXO,202608F3,20260821.0,41700.0,Put,0.8,0.8,0.2,0.2,-,▼-0.9,▼-81.82%,25,8,33,47,0.1,0.6,52,0.2
TXO,202608F3,20260821.0,41800.0,Call,-,-,-,-,-,-,-,0,0,0,0,3310,3330,4310,4310
TXO,202608F3,20260821.0,41800.0,Put,0.2,0.2,0.2,0.2,-,▼-1,▼-83.33%,39,28,67,99,-,0.6,48,0.2
TXO,202608F3,20260821.0,41900.0,Call,-,-,-,-,-,-,-,0,0,0,0,3210,3230,4200,4200
TXO,202608F3,20260821.0,41900.0,Put,0.6,0.6,0.2,0.2,-,▼-1.1,▼-84.62%,158,25,183,272,-,0.6,410,0.2
TXO,202608F3,20260821.0,42000.0,Call,-,-,-,-,-,-,-,0,0,0,1,3110,3130,2660,2660
TXO,202608F3,20260821.0,42000.0,Put,0.8,0.8,0.1,0.2,-,▼-1.5,▼-88.24%,283,133,416,734,-,0.6,408,0.1
TXO,202608F3,20260821.0,42100.0,Call,-,-,-,-,-,-,-,0,0,0,1,3010,3030,2570,2570
TXO,202608F3,20260821.0,42100.0,Put,0.3,0.3,0.2,0.2,-,▼-1.6,▼-88.89%,101,17,118,128,-,0.5,163,0.2
TXO,202608F3,20260821.0,42200.0,Call,-,-,-,-,-,-,-,0,0,0,1,2910,2930,2470,2470
TXO,202608F3,20260821.0,42200.0,Put,0.3,0.3,0.2,0.2,-,▼-1.7,▼-89.47%,124,45,169,538,-,0.5,149,0.2
TXO,202608F3,20260821.0,42300.0,Call,-,-,-,-,-,-,-,0,0,0,0,2810,2830,3810,3810
TXO,202608F3,20260821.0,42300.0,Put,0.4,0.4,0.2,0.2,-,▼-2,▼-90.91%,100,72,172,468,-,1,53,0.2
TXO,202608F3,20260821.0,42400.0,Call,-,-,-,-,-,-,-,0,0,0,0,2710,2730,-,-
TXO,202608F3,20260821.0,42400.0,Put,0.5,0.5,0.1,0.2,-,▼-2,▼-90.91%,130,92,222,263,-,5,105,0.1
TXO,202608F3,20260821.0,42500.0,Call,-,-,-,-,-,-,-,0,0,0,1,2610,2630,2120,2120
TXO,202608F3,20260821.0,42500.0,Put,0.4,1,0.1,0.2,-,▼-2.3,▼-92.00%,285,421,706,298,-,1,305,0.1
TXO,202608F3,20260821.0,42600.0,Call,-,-,-,-,-,-,-,0,0,0,1,2510,2530,2080,2080
TXO,202608F3,20260821.0,42600.0,Put,0.4,0.6,0.1,0.1,-,▼-2.9,▼-96.67%,391,643,1034,210,-,0.6,143,0.1
TXO,202608F3,20260821.0,42700.0,Call,-,-,-,-,-,-,-,0,0,0,0,2410,2430,3400,3400
TXO,202608F3,20260821.0,42700.0,Put,0.3,1.6,0.1,0.2,-,▼-3.1,▼-93.94%,355,231,586,272,-,0.5,309,0.1
TXO,202608F3,20260821.0,42800.0,Call,-,-,-,-,-,-,-,0,0,0,0,2310,2330,3310,3310
TXO,202608F3,20260821.0,42800.0,Put,0.9,0.9,0.2,0.2,-,▼-4,▼-95.24%,511,312,823,425,-,0.3,620,0.2
TXO,202608F3,20260821.0,42900.0,Call,-,-,-,-,-,-,-,0,0,0,0,2210,2230,-,-
TXO,202608F3,20260821.0,42900.0,Put,0.6,1,0.1,0.3,-,▼-4.3,▼-93.48%,453,626,1079,255,-,0.4,108,0.1
TXO,202608F3,20260821.0,42950.0,Call,2190,2190,2190,2190,-,▲+300,▲+15.87%,0,1,1,0,2160,2180,3170,2190
TXO,202608F3,20260821.0,42950.0,Put,2.7,2.7,0.2,0.3,-,▼-4.6,▼-93.88%,188,32,220,123,0.1,1,102,0.2
TXO,202608F3,20260821.0,43000.0,Call,-,-,-,-,-,-,-,0,0,0,220,2110,2130,3130,1700
TXO,202608F3,20260821.0,43000.0,Put,2,2,0.1,0.2,-,▼-5.3,▼-96.36%,1894,984,2878,2403,0.1,0.3,510,0.1
TXO,202608F3,20260821.0,43050.0,Call,-,-,-,-,-,-,-,0,0,0,0,2060,2080,-,-
TXO,202608F3,20260821.0,43050.0,Put,2,2.8,0.2,0.2,-,▼-5.5,▼-96.49%,239,63,302,229,-,1.1,75,0.2
TXO,202608F3,20260821.0,43100.0,Call,-,-,-,-,-,-,-,1,0,1,494,2010,2030,1780,1380
TXO,202608F3,20260821.0,43100.0,Put,0.5,1.9,0.1,0.2,-,▼-6.3,▼-96.92%,573,306,879,419,-,0.4,119,0.1
TXO,202608F3,20260821.0,43150.0,Call,-,-,-,-,-,-,-,0,0,0,0,1960,1980,3190,3190
TXO,202608F3,20260821.0,43150.0,Put,1,2,0.2,0.3,-,▼-6.6,▼-95.65%,279,124,403,140,-,1.8,122,0.2
TXO,202608F3,20260821.0,43200.0,Call,-,-,-,-,-,-,-,0,0,0,200,1910,1930,2940,1500
TXO,202608F3,20260821.0,43200.0,Put,1,2.5,0.1,0.3,-,▼-8,▼-96.39%,590,464,1054,336,0.1,1.1,580,0.1
TXO,202608F3,20260821.0,43250.0,Call,-,-,-,-,-,-,-,0,0,0,0,1860,1880,2900,2900
TXO,202608F3,20260821.0,43250.0,Put,1.7,2.7,0.2,0.2,-,▼-8.3,▼-97.65%,374,94,468,130,-,3.9,124,0.2
TXO,202608F3,20260821.0,43300.0,Call,1810,1810,1810,1810,-,▲+270,▲+17.53%,1,1,2,450,1810,1830,2850,1240
TXO,202608F3,20260821.0,43300.0,Put,1.3,4.5,0.1,0.2,-,▼-8.8,▼-97.78%,1094,802,1896,874,-,0.3,298,0.1
TXO,202608F3,20260821.0,43350.0,Call,-,-,-,-,-,-,-,2,0,2,1,1760,1780,1100,1020
TXO,202608F3,20260821.0,43350.0,Put,0.6,4.1,0.1,0.3,-,▼-10.2,▼-97.14%,285,396,681,123,-,25,155,0.1
TXO,202608F3,20260821.0,43400.0,Call,1280,1710,1280,1700,-,▲+260,▲+18.06%,2,10,12,3,1710,1730,2760,1000
TXO,202608F3,20260821.0,43400.0,Put,2.9,3,0.1,0.2,-,▼-10.8,▼-98.18%,1097,406,1503,470,-,5.9,815,0.1
TXO,202608F3,20260821.0,43450.0,Call,-,-,-,-,-,-,-,35,0,35,37,1660,1680,1390,975
TXO,202608F3,20260821.0,43450.0,Put,0.9,3.4,0.2,0.3,-,▼-12.7,▼-97.69%,565,434,999,173,-,0.3,181,0.2
TXO,202608F3,20260821.0,43500.0,Call,1330,1580,1280,1550,-,▲+200,▲+14.81%,20,6,26,46,1610,1630,2670,830
TXO,202608F3,20260821.0,43500.0,Put,2.1,5.5,0.1,0.2,-,▼-14.3,▼-98.62%,3481,1121,4602,1657,-,0.1,920,0.1
TXO,202608F3,20260821.0,43550.0,Call,-,-,-,-,-,-,-,5,0,5,0,1560,1580,1340,880
TXO,202608F3,20260821.0,43550.0,Put,3,5.2,0.1,0.2,-,▼-16.3,▼-98.79%,726,388,1114,130,-,0.2,670,0.1
TXO,202608F3,20260821.0,43600.0,Call,1400,1540,1400,1540,-,▲+290,▲+23.20%,4,3,7,253,1510,1530,2630,835
TXO,202608F3,20260821.0,43600.0,Put,3.5,7,0.1,0.2,-,▼-18.8,▼-98.95%,1772,831,2603,676,-,0.5,960,0.1
TXO,202608F3,20260821.0,43650.0,Call,-,-,-,-,-,-,-,0,0,0,0,1460,1480,-,-
TXO,202608F3,20260821.0,43650.0,Put,4,9.2,0.1,0.2,-,▼-21.8,▼-99.09%,813,336,1149,162,-,1,196,0.1
TXO,202608F3,20260821.0,43700.0,Call,-,-,-,-,-,-,-,37,0,37,10,1410,1430,2660,755
TXO,202608F3,20260821.0,43700.0,Put,2.5,9.3,0.1,0.1,-,▼-22.9,▼-99.57%,2288,661,2949,642,0.1,0.5,234,0.1
TXO,202608F3,20260821.0,43750.0,Call,-,-,-,-,-,-,-,0,0,0,2,1360,1380,2500,940
TXO,202608F3,20260821.0,43750.0,Put,3,13.5,0.1,0.1,-,▼-24.9,▼-99.60%,1002,398,1400,261,-,3,245,0.1
TXO,202608F3,20260821.0,43800.0,Call,880,1150,875,1150,-,▲+90,▲+8.49%,17,3,20,8,1310,1330,1150,625
TXO,202608F3,20260821.0,43800.0,Put,3.8,11.5,0.1,0.1,-,▼-29.4,▼-99.66%,3780,1109,4889,938,-,0.3,645,0.1
TXO,202608F3,20260821.0,43850.0,Call,830,1260,830,1250,-,▲+230,▲+22.55%,18,4,22,16,1260,1280,1260,615
TXO,202608F3,20260821.0,43850.0,Put,9.8,13.5,0.2,0.2,-,▼-32.3,▼-99.38%,1300,449,1749,270,-,3.3,271,0.2
TXO,202608F3,20260821.0,43900.0,Call,845,1210,770,1200,-,▲+230,▲+23.71%,18,5,23,10,1210,1230,2370,525
TXO,202608F3,20260821.0,43900.0,Put,5.1,27,0.1,0.1,-,▼-37.9,▼-99.74%,2825,1203,4028,712,-,0.4,379,0.1
TXO,202608F3,20260821.0,43950.0,Call,885,1100,725,1100,-,▲+180,▲+19.57%,50,10,60,12,1160,1180,1100,497
TXO,202608F3,20260821.0,43950.0,Put,17,18.5,0.1,0.4,-,▼-41.6,▼-99.05%,1655,539,2194,269,-,6.8,605,0.1
TXO,202608F3,20260821.0,44000.0,Call,915,1180,660,1120,-,▲+225,▲+25.14%,507,72,579,34,1110,1130,1190,444
TXO,202608F3,20260821.0,44000.0,Put,14,31,0.1,0.2,-,▼-47.8,▼-99.58%,11028,4814,15842,2667,-,0.2,740,0.1
TXO,202608F3,20260821.0,44050.0,Call,815,1060,595,1050,-,▲+195,▲+22.81%,52,21,73,20,1060,1080,1060,414
TXO,202608F3,20260821.0,44050.0,Put,11,26,0.1,0.1,-,▼-53.9,▼-99.81%,1671,790,2461,310,-,1,331,0.1
TXO,202608F3,20260821.0,44100.0,Call,830,830,565,810,-,0,0%,79,36,115,205,1010,1030,2190,397
TXO,202608F3,20260821.0,44100.0,Put,15,30,0.1,0.1,-,▼-60.9,▼-99.84%,3783,3483,7266,1088,-,1.4,1010,0.1
TXO,202608F3,20260821.0,44150.0,Call,730,995,585,965,-,▲+205,▲+26.97%,195,21,216,29,965,975,2100,355
TXO,202608F3,20260821.0,44150.0,Put,18,36.5,0.1,0.2,-,▼-65.8,▼-99.70%,1994,1093,3087,417,-,1,376,0.1
TXO,202608F3,20260821.0,44200.0,Call,690,950,455,915,-,▲+205,▲+28.87%,266,49,315,50,915,925,950,323
TXO,202608F3,20260821.0,44200.0,Put,24,41.5,0.1,0.1,-,▼-76.9,▼-99.87%,4471,3490,7961,827,-,1,380,0.1
TXO,202608F3,20260821.0,44250.0,Call,700,920,430,865,-,▲+180,▲+26.28%,218,49,267,44,865,875,2040,296
TXO,202608F3,20260821.0,44250.0,Put,19,49.5,0.1,0.5,-,▼-81.5,▼-99.39%,2326,1841,4167,544,-,11,525,0.1
TXO,202608F3,20260821.0,44300.0,Call,520,870,360,805,-,▲+165,▲+25.78%,1081,127,1208,427,815,825,1760,270
TXO,202608F3,20260821.0,44300.0,Put,25,60,0.1,0.3,-,▼-96.7,▼-99.69%,5003,5208,10211,1374,-,0.8,1040,0.1
TXO,202608F3,20260821.0,44350.0,Call,570,865,345,760,-,▲+155,▲+25.62%,436,50,486,76,765,775,2130,253
TXO,202608F3,20260821.0,44350.0,Put,39,71,0.2,0.2,-,▼-103.8,▼-99.81%,2670,2663,5333,640,0.1,10,389,0.2
TXO,202608F3,20260821.0,44400.0,Call,525,795,285,715,-,▲+150,▲+26.55%,1305,246,1551,108,720,725,805,224
TXO,202608F3,20260821.0,44400.0,Put,55,84,0.1,0.1,-,▼-119.9,▼-99.92%,5745,6216,11961,1498,-,0.1,1020,0.1
TXO,202608F3,20260821.0,44450.0,Call,460,735,249,670,-,▲+150,▲+28.85%,530,229,759,59,670,675,735,210
TXO,202608F3,20260821.0,44450.0,Put,49,189,0.1,0.1,-,▼-131.9,▼-99.92%,2063,2902,4965,875,-,1.9,455,0.1
TXO,202608F3,20260821.0,44500.0,Call,399,695,216,625,-,▲+142,▲+29.40%,3705,1992,5697,444,620,625,1220,182
TXO,202608F3,20260821.0,44500.0,Put,86,160,0.1,0.1,-,▼-149.9,▼-99.93%,8162,10230,18392,2353,-,0.1,600,0.1
TXO,202608F3,20260821.0,44550.0,Call,395,615,187,575,-,▲+115,▲+25.00%,868,303,1171,95,570,575,710,165
TXO,202608F3,20260821.0,44550.0,Put,70,136,0.1,0.1,-,▼-155.9,▼-99.94%,1796,3205,5001,508,0.1,0.5,555,0.1
TXO,202608F3,20260821.0,44600.0,Call,287,595,160,520,-,▲+99,▲+23.52%,3404,1629,5033,199,520,525,1150,146
TXO,202608F3,20260821.0,44600.0,Put,91,160,0.1,0.2,-,▼-179.8,▼-99.89%,3539,8049,11588,1291,-,0.3,610,0.1
TXO,202608F3,20260821.0,44650.0,Call,312,545,135,472,-,▲+85,▲+21.96%,1451,1162,2613,130,470,473,1750,132
TXO,202608F3,20260821.0,44650.0,Put,93,185,0.1,0.2,-,▼-189.8,▼-99.89%,1612,4407,6019,616,0.1,0.7,550,0.1
TXO,202608F3,20260821.0,44700.0,Call,200,500,114,422,-,▲+65,▲+18.21%,4773,3091,7864,403,419,422,1620,114
TXO,202608F3,20260821.0,44700.0,Put,150,211,0.1,0.4,-,▼-217.6,▼-99.82%,5024,11232,16256,2583,-,0.5,550,0.1
TXO,202608F3,20260821.0,44750.0,Call,220,449,93,371,-,▲+43,▲+13.11%,1408,1459,2867,239,370,373,995,93
TXO,202608F3,20260821.0,44750.0,Put,121,243,0.1,0.1,-,▼-227.9,▼-99.96%,1320,6599,7919,849,-,1.9,610,0.1
TXO,202608F3,20260821.0,44800.0,Call,185,400,76,320,-,▲+24,▲+8.11%,6888,6520,13408,536,320,321,1300,76
TXO,202608F3,20260821.0,44800.0,Put,166,275,0.1,0.2,-,▼-254.8,▼-99.92%,3526,16135,19661,2563,-,0.2,620,0.1
TXO,202608F3,20260821.0,44850.0,Call,145,355,61,271,-,▼-2,▼-0.73%,3604,3825,7429,284,270,272,1580,61
TXO,202608F3,20260821.0,44850.0,Put,167,311,0.1,0.1,-,▼-279.9,▼-99.96%,1097,8133,9230,1270,-,0.3,750,0.1
TXO,202608F3,20260821.0,44900.0,Call,143,305,49,220,-,▼-30,▼-12.00%,4646,10214,14860,860,220,221,530,49
TXO,202608F3,20260821.0,44900.0,Put,290,350,0.1,0.3,-,▼-305.7,▼-99.90%,2088,19981,22069,3008,-,0.3,700,0.1
TXO,202608F3,20260821.0,44950.0,Call,133,260,39.5,170,-,▼-50,▼-22.73%,3131,8631,11762,483,170,171,442,39.5
TXO,202608F3,20260821.0,44950.0,Put,215,389,0.1,0.2,-,▼-329.8,▼-99.94%,753,12859,13612,2860,0.1,0.5,720,0.1
TXO,202608F3,20260821.0,45000.0,Call,84,218,25,120,-,▼-79,▼-39.70%,10986,31274,42260,1566,120,121,1350,25
TXO,202608F3,20260821.0,45000.0,Put,288,430,0.1,0.1,-,▼-358.9,▼-99.97%,1825,29894,31719,4554,0.1,0.3,1040,0.1
TXO,202608F3,20260821.0,45050.0,Call,71,180,14,70,-,▼-112,▼-61.54%,2026,16632,18658,700,69,71,1010,14
TXO,202608F3,20260821.0,45050.0,Put,259,444,0.1,0.2,-,▼-383.8,▼-99.95%,264,11497,11761,1350,0.1,0.3,950,0.1
TXO,202608F3,20260821.0,45100.0,Call,61,141,4.6,20.5,-,▼-139.5,▼-87.19%,4509,30509,35018,2416,20,20.5,1390,4.6
TXO,202608F3,20260821.0,45100.0,Put,386,515,0.1,0.1,-,▼-411.9,▼-99.98%,610,17867,18477,3103,-,0.3,1000,0.1
TXO,202608F3,20260821.0,45150.0,Call,40,113,0.1,0.3,-,▼-145.7,▼-99.79%,1931,14812,16743,3154,0.1,0.3,1060,0.1
TXO,202608F3,20260821.0,45150.0,Put,311,520,27,28,-,▼-416,▼-93.69%,101,7656,7757,850,28,29,965,27
TXO,202608F3,20260821.0,45200.0,Call,34,82,0.1,0.1,-,▼-126.9,▼-99.92%,5521,19850,25371,3342,-,0.1,1320,0.1
TXO,202608F3,20260821.0,45200.0,Put,350,600,72,79,-,▼-403,▼-83.61%,249,8904,9153,767,78,80,955,72
TXO,202608F3,20260821.0,45250.0,Call,29,60,0.1,0.2,-,▼-111.8,▼-99.82%,1755,10406,12161,1637,-,0.2,555,0.1
TXO,202608F3,20260821.0,45250.0,Put,395,520,110,129,-,▼-401,▼-75.66%,83,2263,2346,165,128,130,890,110
TXO,202608F3,20260821.0,45300.0,Call,19.5,44.5,0.1,0.1,-,▼-98.9,▼-99.90%,4511,12131,16642,2790,0.1,0.2,995,0.1
TXO,202608F3,20260821.0,45300.0,Put,471,550,141,178,-,▼-372,▼-67.64%,381,2566,2947,126,178,179,1050,141
TXO,202608F3,20260821.0,45350.0,Call,10.5,34,0.1,0.1,-,▼-87.9,▼-99.89%,1265,4885,6150,917,-,0.1,1280,0.1
TXO,202608F3,20260821.0,45350.0,Put,495,725,185,228,-,▼-372,▼-62.00%,18,659,677,64,228,231,995,185
TXO,202608F3,20260821.0,45400.0,Call,11.5,27,0.1,0.1,-,▼-74.9,▼-99.87%,2883,6742,9625,1666,-,0.1,935,0.1
TXO,202608F3,20260821.0,45400.0,Put,540,790,222,279,-,▼-371,▼-57.08%,56,955,1011,71,277,280,1070,187
TXO,202608F3,20260821.0,45450.0,Call,8.9,20.5,0.2,0.4,-,▼-64.6,▼-99.38%,1088,1804,2892,548,-,1.8,770,0.2
TXO,202608F3,20260821.0,45450.0,Put,560,630,267,327,-,▼-373,▼-53.29%,35,187,222,20,327,330,1070,267
TXO,202608F3,20260821.0,45500.0,Call,6.4,16.5,0.1,1,-,▼-56,▼-98.25%,4960,5157,10117,2975,-,1,755,0.1
TXO,202608F3,20260821.0,45500.0,Put,605,850,315,377,-,▼-373,▼-49.73%,112,557,669,91,377,380,1120,197
TXO,202608F3,20260821.0,45550.0,Call,7.3,12,0.1,0.1,-,▼-48.9,▼-99.80%,1129,1165,2294,606,-,0.1,375,0.1
TXO,202608F3,20260821.0,45550.0,Put,615,815,377,429,-,▼-336,▼-43.92%,1,92,93,8,427,430,1000,223
TXO,202608F3,20260821.0,45600.0,Call,12.5,12.5,0.1,0.1,-,▼-42.4,▼-99.76%,2433,1758,4191,1152,-,0.4,650,0.1
TXO,202608F3,20260821.0,45600.0,Put,700,960,415,475,-,▼-330,▼-40.99%,27,86,113,58,478,481,1340,217
TXO,202608F3,20260821.0,45650.0,Call,8.9,8.9,0.1,0.1,-,▼-34.9,▼-99.71%,616,503,1119,335,-,2.6,805,0.1
TXO,202608F3,20260821.0,45650.0,Put,715,720,485,555,-,▼-295,▼-34.71%,0,26,26,14,525,535,975,228
TXO,202608F3,20260821.0,45700.0,Call,3,5.4,0.1,0.3,-,▼-29.2,▼-98.98%,1965,1561,3526,1328,-,0.3,760,0.1
TXO,202608F3,20260821.0,45700.0,Put,815,950,510,615,-,▼-280,▼-31.28%,5,84,89,42,575,585,1170,248
TXO,202608F3,20260821.0,45750.0,Call,3.4,3.4,0.1,0.1,-,▼-24.9,▼-99.60%,520,430,950,312,-,0.3,650,0.1
TXO,202608F3,20260821.0,45750.0,Put,875,980,605,660,-,▼-280,▼-29.79%,0,51,51,12,625,630,1130,348
TXO,202608F3,20260821.0,45800.0,Call,3,3.5,0.1,0.2,-,▼-21.3,▼-99.07%,1069,759,1828,890,0.1,1,1180,0.1
TXO,202608F3,20260821.0,45800.0,Put,890,975,665,690,-,▼-300,▼-30.30%,16,44,60,72,675,680,1320,280
TXO,202608F3,20260821.0,45850.0,Call,1.9,2,0.2,0.3,-,▼-17.2,▼-98.29%,406,422,828,592,-,0.3,1010,0.2
TXO,202608F3,20260821.0,45850.0,Put,880,1020,660,765,-,▼-265,▼-25.73%,1,41,42,25,725,730,1320,402
TXO,202608F3,20260821.0,45900.0,Call,2,2,0.2,0.2,-,▼-14.8,▼-98.67%,682,1488,2170,1979,-,0.2,1060,0.2
TXO,202608F3,20260821.0,45900.0,Put,885,935,755,780,-,▼-300,▼-27.78%,6,23,29,13,775,785,1400,316
TXO,202608F3,20260821.0,45950.0,Call,0.8,1,0.2,0.2,-,▼-12.8,▼-98.46%,182,543,725,494,0.1,0.5,625,0.2
TXO,202608F3,20260821.0,45950.0,Put,860,860,825,830,-,▼-300,▼-26.55%,6,31,37,25,825,835,1410,358
TXO,202608F3,20260821.0,46000.0,Call,2,2,0.1,0.1,-,▼-10.9,▼-99.09%,1512,1110,2622,1992,-,0.1,1060,0.1
TXO,202608F3,20260821.0,46000.0,Put,970,1060,855,875,-,▼-305,▼-25.85%,0,65,65,37,875,885,1570,348
TXO,202608F3,20260821.0,46050.0,Call,0.3,0.8,0.1,0.1,-,▼-8.9,▼-98.89%,115,64,179,324,-,0.3,965,0.1
TXO,202608F3,20260821.0,46050.0,Put,-,-,-,-,-,-,-,0,0,0,13,925,935,1240,520
TXO,202608F3,20260821.0,46100.0,Call,0.4,0.7,0.1,0.2,-,▼-6.8,▼-97.14%,238,51,289,311,-,0.4,835,0.1
TXO,202608F3,20260821.0,46100.0,Put,-,-,-,-,-,-,-,0,0,0,13,975,985,1600,387
TXO,202608F3,20260821.0,46150.0,Call,0.3,0.3,0.1,0.2,-,▼-5.8,▼-96.67%,99,23,122,163,0.1,0.4,510,0.1
TXO,202608F3,20260821.0,46150.0,Put,-,-,-,-,-,-,-,0,0,0,3,1020,1040,1110,545
TXO,202608F3,20260821.0,46200.0,Call,0.3,0.9,0.1,0.2,-,▼-5.1,▼-96.23%,309,292,601,549,-,0.4,725,0.1
TXO,202608F3,20260821.0,46200.0,Put,-,-,-,-,-,-,-,0,0,0,41,1070,1090,1600,443
TXO,202608F3,20260821.0,46250.0,Call,0.3,0.4,0.2,0.2,-,▼-4.6,▼-95.83%,164,81,245,143,-,0.3,460,0.2
TXO,202608F3,20260821.0,46250.0,Put,-,-,-,-,-,-,-,0,0,0,2,1120,1140,1360,460
TXO,202608F3,20260821.0,46300.0,Call,2.4,2.4,0.1,0.2,-,▼-4,▼-95.24%,319,37,356,475,-,0.3,805,0.1
TXO,202608F3,20260821.0,46300.0,Put,1370,1650,1370,1650,-,▲+180,▲+12.24%,3,10,13,8,1170,1190,1700,480
TXO,202608F3,20260821.0,46350.0,Call,0.3,0.8,0.2,0.2,-,▼-3.8,▼-95.00%,34,11,45,95,-,3.5,400,0.2
TXO,202608F3,20260821.0,46350.0,Put,1590,1590,1250,1250,-,▼-270,▼-17.76%,0,15,15,0,1220,1240,1740,493
TXO,202608F3,20260821.0,46400.0,Call,0.2,0.4,0.1,0.2,-,▼-3.3,▼-94.29%,275,33,308,546,-,1.3,715,0.1
TXO,202608F3,20260821.0,46400.0,Put,-,-,-,-,-,-,-,0,0,0,2,1270,1290,1770,755
TXO,202608F3,20260821.0,46450.0,Call,0.3,0.3,0.2,0.2,-,▼-3.1,▼-93.94%,46,22,68,162,-,-,256,0.2
TXO,202608F3,20260821.0,46450.0,Put,-,-,-,-,-,-,-,0,0,0,0,1320,1340,-,-
TXO,202608F3,20260821.0,46500.0,Call,0.2,0.3,0.2,0.2,-,▼-2.6,▼-92.86%,363,430,793,730,-,0.3,705,0.2
TXO,202608F3,20260821.0,46500.0,Put,-,-,-,-,-,-,-,0,0,0,2,1370,1390,1920,1120
TXO,202608F3,20260821.0,46550.0,Call,0.3,0.5,0.2,0.2,-,▼-2.5,▼-92.59%,30,27,57,109,-,2,545,0.2
TXO,202608F3,20260821.0,46550.0,Put,-,-,-,-,-,-,-,0,0,0,0,1420,1440,-,-
TXO,202608F3,20260821.0,46600.0,Call,0.3,0.3,0.2,0.2,-,▼-2.4,▼-92.31%,152,26,178,497,-,0.5,327,0.2
TXO,202608F3,20260821.0,46600.0,Put,-,-,-,-,-,-,-,0,0,0,2,1470,1490,2040,1000
TXO,202608F3,20260821.0,46650.0,Call,0.3,0.3,0.2,0.2,-,▼-1.8,▼-90.00%,38,5,43,152,-,0.4,340,0.2
TXO,202608F3,20260821.0,46650.0,Put,-,-,-,-,-,-,-,0,0,0,0,1520,1540,-,-
TXO,202608F3,20260821.0,46700.0,Call,0.2,0.2,0.2,0.2,-,▼-1.7,▼-89.47%,59,10,69,196,-,3,254,0.2
TXO,202608F3,20260821.0,46700.0,Put,-,-,-,-,-,-,-,0,0,0,0,1570,1590,-,-
TXO,202608F3,20260821.0,46750.0,Call,0.2,0.2,0.2,0.2,-,▼-1.7,▼-89.47%,1,10,11,27,-,1.1,240,0.2
TXO,202608F3,20260821.0,46750.0,Put,-,-,-,-,-,-,-,0,0,0,0,1620,1640,-,-
TXO,202608F3,20260821.0,46800.0,Call,0.2,9.8,0.2,0.2,-,▼-1.6,▼-88.89%,259,22,281,481,-,0.1,595,0.2
TXO,202608F3,20260821.0,46800.0,Put,-,-,-,-,-,-,-,0,0,0,1,1670,1690,1160,1160
TXO,202608F3,20260821.0,46850.0,Call,0.2,0.2,0.2,0.2,-,▼-1.5,▼-88.24%,2,1,3,32,-,990,560,0.2
TXO,202608F3,20260821.0,46850.0,Put,-,-,-,-,-,-,-,0,0,0,0,1720,1740,-,-
TXO,202608F3,20260821.0,46900.0,Call,0.3,0.3,0.3,0.3,-,▼-1.2,▼-80.00%,138,2,140,143,-,-,515,0.3
TXO,202608F3,20260821.0,46900.0,Put,-,-,-,-,-,-,-,0,0,0,0,1770,1790,-,-
TXO,202608F3,20260821.0,46950.0,Call,0.1,0.3,0.1,0.1,-,▼-1.3,▼-92.86%,12,3,15,29,0.1,5,190,0.1
TXO,202608F3,20260821.0,46950.0,Put,-,-,-,-,-,-,-,0,0,0,0,1820,1840,-,-
TXO,202608F3,20260821.0,47000.0,Call,1.3,1.3,0.2,0.2,-,▼-1.1,▼-84.62%,72,20,92,286,-,10,515,0.2
TXO,202608F3,20260821.0,47000.0,Put,-,-,-,-,-,-,-,0,0,0,1,1870,1890,1290,1290
TXO,202608F3,20260821.0,47050.0,Call,-,-,-,-,-,-,-,0,0,0,8,-,-,183,1.5
TXO,202608F3,20260821.0,47050.0,Put,-,-,-,-,-,-,-,0,0,0,1,1920,1940,2410,2410
TXO,202608F3,20260821.0,47100.0,Call,0.2,0.2,0.2,0.2,-,▼-1,▼-83.33%,23,7,30,86,-,1.2,330,0.2
TXO,202608F3,20260821.0,47100.0,Put,-,-,-,-,-,-,-,0,0,0,1,1970,1990,1570,1010
TXO,202608F3,20260821.0,47150.0,Call,0.2,0.2,0.2,0.2,-,▼-0.9,▼-81.82%,7,1,8,47,-,0.2,174,0.2
TXO,202608F3,20260821.0,47150.0,Put,-,-,-,-,-,-,-,0,0,0,0,2020,2040,-,-
TXO,202608F3,20260821.0,47200.0,Call,0.2,0.2,0.2,0.2,-,▼-0.6,▼-75.00%,3,7,10,109,-,50,417,0.2
TXO,202608F3,20260821.0,47200.0,Put,-,-,-,-,-,-,-,0,0,0,1,2070,2090,2740,1110
TXO,202608F3,20260821.0,47250.0,Call,0.2,0.2,0.2,0.2,-,▼-0.6,▼-75.00%,0,3,3,22,-,-,135,0.2
TXO,202608F3,20260821.0,47250.0,Put,-,-,-,-,-,-,-,0,0,0,0,2120,2140,-,-
TXO,202608F3,20260821.0,47300.0,Call,0.2,0.2,0.2,0.2,-,▼-0.6,▼-75.00%,5,16,21,43,-,-,385,0.2
TXO,202608F3,20260821.0,47300.0,Put,-,-,-,-,-,-,-,0,0,0,1,2170,2190,2830,1120
TXO,202608F3,20260821.0,47350.0,Call,0.2,0.2,0.2,0.2,-,▼-0.5,▼-71.43%,0,18,18,19,-,-,136,0.2
TXO,202608F3,20260821.0,47350.0,Put,-,-,-,-,-,-,-,0,0,0,0,2220,2240,-,-
TXO,202608F3,20260821.0,47400.0,Call,0.3,0.3,0.2,0.2,-,▼-0.5,▼-71.43%,14,30,44,43,-,-,342,0.2
TXO,202608F3,20260821.0,47400.0,Put,-,-,-,-,-,-,-,0,0,0,1,2270,2290,1690,1630
TXO,202608F3,20260821.0,47500.0,Call,0.2,0.2,0.2,0.2,-,▼-0.4,▼-66.67%,18,20,38,2990,-,0.1,273,0.2
TXO,202608F3,20260821.0,47500.0,Put,-,-,-,-,-,-,-,0,0,0,0,2370,2390,-,-
TXO,202608F3,20260821.0,47600.0,Call,0.2,0.2,0.2,0.2,-,▼-0.3,▼-60.00%,21,34,55,69,-,20,311,0.2
TXO,202608F3,20260821.0,47600.0,Put,-,-,-,-,-,-,-,0,0,0,1,2470,2490,1660,1660
TXO,202608F3,20260821.0,47700.0,Call,0.2,0.2,0.2,0.2,-,▼-0.2,▼-50.00%,0,20,20,56,-,-,260,0.2
TXO,202608F3,20260821.0,47700.0,Put,-,-,-,-,-,-,-,0,0,0,0,2570,2590,-,-
TXO,202608F3,20260821.0,47800.0,Call,0.6,0.6,0.6,0.6,-,▲+0.2,▲+50.00%,25,1,26,136,-,-,165,0.2
TXO,202608F3,20260821.0,47800.0,Put,-,-,-,-,-,-,-,0,0,0,0,2670,2690,-,-
TXO,202608F3,20260821.0,47900.0,Call,-,-,-,-,-,-,-,2,0,2,13,-,10,216,0.2
TXO,202608F3,20260821.0,47900.0,Put,-,-,-,-,-,-,-,0,0,0,0,2770,2790,-,-
TXO,202608F3,20260821.0,48000.0,Call,0.2,0.2,0.2,0.2,-,▼-0.2,▼-50.00%,0,2,2,238,-,0.4,200,0.2
TXO,202608F3,20260821.0,48000.0,Put,-,-,-,-,-,-,-,0,0,0,0,2870,2890,-,-
TXO,202608F3,20260821.0,48100.0,Call,-,-,-,-,-,-,-,3,0,3,23,-,-,165,0.2
TXO,202608F3,20260821.0,48100.0,Put,-,-,-,-,-,-,-,0,0,0,0,2970,2990,-,-
TXO,202608F3,20260821.0,48200.0,Call,0.2,0.2,0.2,0.2,-,▼-0.1,▼-33.33%,0,1,1,87,-,20,152,0.2
TXO,202608F3,20260821.0,48200.0,Put,-,-,-,-,-,-,-,0,0,0,0,3070,3090,-,-
TXO,202608F3,20260821.0,48300.0,Call,-,-,-,-,-,-,-,0,0,0,11,-,20,137,0.7
TXO,202608F3,20260821.0,48300.0,Put,-,-,-,-,-,-,-,0,0,0,0,3170,3190,-,-
TXO,202608F3,20260821.0,48400.0,Call,-,-,-,-,-,-,-,0,0,0,16,-,-,144,0.9
TXO,202608F3,20260821.0,48400.0,Put,-,-,-,-,-,-,-,0,0,0,0,3270,3290,-,-
TXO,202608F3,20260821.0,48500.0,Call,-,-,-,-,-,-,-,1,0,1,18,-,0.3,124,0.7
TXO,202608F3,20260821.0,48500.0,Put,-,-,-,-,-,-,-,0,0,0,0,3370,3390,-,-
TXO,202608F3,20260821.0,48600.0,Call,-,-,-,-,-,-,-,0,0,0,18,-,-,101,0.2
TXO,202608F3,20260821.0,48600.0,Put,-,-,-,-,-,-,-,0,0,0,0,3470,3490,-,-
TXO,202608F3,20260821.0,48700.0,Call,-,-,-,-,-,-,-,0,0,0,4,-,20,99,2.9
TXO,202608F3,20260821.0,48700.0,Put,-,-,-,-,-,-,-,0,0,0,0,3570,3590,-,-
TXO,202608F3,20260821.0,48800.0,Call,-,-,-,-,-,-,-,0,0,0,7,-,20,77,0.7
TXO,202608F3,20260821.0,48800.0,Put,-,-,-,-,-,-,-,0,0,0,0,3670,3690,-,-
TXO,202608F3,20260821.0,48900.0,Call,-,-,-,-,-,-,-,0,0,0,4,-,0.1,84,1.6
TXO,202608F3,20260821.0,48900.0,Put,-,-,-,-,-,-,-,0,0,0,0,3770,3790,-,-
TXO,202608F3,20260821.0,49000.0,Call,-,-,-,-,-,-,-,0,0,0,22,-,0.3,53,0.5
TXO,202608F3,20260821.0,49000.0,Put,-,-,-,-,-,-,-,0,0,0,0,3870,3890,-,-
TXO,202608F3,20260821.0,49100.0,Call,-,-,-,-,-,-,-,0,0,0,2,-,0.6,48,0.7
TXO,202608F3,20260821.0,49100.0,Put,-,-,-,-,-,-,-,0,0,0,0,3970,3990,-,-
TXO,202608F3,20260821.0,49200.0,Call,-,-,-,-,-,-,-,0,0,0,2,-,0.6,8.5,0.7
TXO,202608F3,20260821.0,49200.0,Put,-,-,-,-,-,-,-,0,0,0,0,4070,4090,-,-
TXO,202608F3,20260821.0,49300.0,Call,-,-,-,-,-,-,-,0,0,0,0,-,0.6,-,-
TXO,202608F3,20260821.0,49300.0,Put,-,-,-,-,-,-,-,0,0,0,0,4170,4190,-,-
TXO,202608F3,20260821.0,49400.0,Call,-,-,-,-,-,-,-,0,0,0,1,-,-,37.5,1.3
TXO,202608F3,20260821.0,49400.0,Put,-,-,-,-,-,-,-,0,0,0,0,4270,4290,-,-
TXO,202608F3,20260821.0,49500.0,Call,-,-,-,-,-,-,-,0,0,0,3,-,22,21,0.9
TXO,202608F3,20260821.0,49500.0,Put,-,-,-,-,-,-,-,0,0,0,0,4370,4390,-,-
TXO,202608F3,20260821.0,49600.0,Call,-,-,-,-,-,-,-,0,0,0,4,-,20,28.5,0.3
TXO,202608F3,20260821.0,49600.0,Put,-,-,-,-,-,-,-,0,0,0,0,4470,4490,-,-
TXO,202608F3,20260821.0,49700.0,Call,-,-,-,-,-,-,-,0,0,0,8,-,25,63,0.2
TXO,202608F3,20260821.0,49700.0,Put,-,-,-,-,-,-,-,0,0,0,0,4570,4590,-,-
TXO,202608F3,20260821.0,49800.0,Call,-,-,-,-,-,-,-,0,0,0,1,-,98,0.3,0.3
TXO,202608F3,20260821.0,49800.0,Put,-,-,-,-,-,-,-,0,0,0,0,4670,4690,-,-
TXO,202608F3,20260821.0,49900.0,Call,-,-,-,-,-,-,-,0,0,0,1,-,-,3.4,3.4
TXO,202608F3,20260821.0,49900.0,Put,-,-,-,-,-,-,-,0,0,0,0,4770,4790,-,-
TXO,202608F3,20260821.0,50000.0,Call,-,-,-,-,-,-,-,0,0,0,19,-,0.2,15.5,0.3
TXO,202608F3,20260821.0,50000.0,Put,-,-,-,-,-,-,-,0,0,0,0,4870,4890,-,-
TXO,202608F3,20260821.0,50100.0,Call,-,-,-,-,-,-,-,0,0,0,1,-,-,17,3.9
TXO,202608F3,20260821.0,50100.0,Put,-,-,-,-,-,-,-,0,0,0,0,4970,4990,-,-
TXO,202608F3,20260821.0,50200.0,Call,-,-,-,-,-,-,-,0,0,0,0,-,-,-,-
TXO,202608F3,20260821.0,50200.0,Put,-,-,-,-,-,-,-,0,0,0,0,5070,5090,-,-
TXO,202608F3,20260821.0,50300.0,Call,-,-,-,-,-,-,-,0,0,0,0,-,-,-,-
TXO,202608F3,20260821.0,50300.0,Put,-,-,-,-,-,-,-,0,0,0,0,5170,5190,-,-
TXO,202608F3,20260821.0,50400.0,Call,-,-,-,-,-,-,-,0,0,0,0,-,-,-,-
TXO,202608F3,20260821.0,50400.0,Put,-,-,-,-,-,-,-,0,0,0,0,5270,5290,-,-
TXO,202608F3,20260821.0,50500.0,Call,-,-,-,-,-,-,-,0,0,0,1,-,-,1.2,1.2
TXO,202608F3,20260821.0,50500.0,Put,-,-,-,-,-,-,-,0,0,0,0,5370,5390,-,-
TXO,202608F3,20260821.0,50600.0,Call,-,-,-,-,-,-,-,0,0,0,1,-,98,0.3,0.3
TXO,202608F3,20260821.0,50600.0,Put,-,-,-,-,-,-,-,0,0,0,0,5470,5490,-,-
TXO,202608F3,20260821.0,50700.0,Call,-,-,-,-,-,-,-,0,0,0,348,0.1,0.3,2.4,0.1
TXO,202608F3,20260821.0,50700.0,Put,-,-,-,-,-,-,-,0,0,0,0,5570,5590,-,-
TXO,202608W4,20260826.0,40200.0,Call,-,-,-,-,4880,-,-,0,0,0,0,4870,4900,-,-
TXO,202608W4,20260826.0,40200.0,Put,11,13,4.3,4.7,4.7,▼-10.3,▼-68.67%,309,651,960,805,4.5,4.9,25,4.3
TXO,202608W4,20260826.0,40300.0,Call,-,-,-,-,4780,-,-,0,0,0,0,4770,4800,-,-
TXO,202608W4,20260826.0,40300.0,Put,12,15.5,6.8,7,4.8,▼-11,▼-61.11%,5,32,37,28,2.2,6.6,24,6.8
TXO,202608W4,20260826.0,40400.0,Call,-,-,-,-,4680,-,-,0,0,0,0,4670,4700,-,-
TXO,202608W4,20260826.0,40400.0,Put,8.9,8.9,5.3,5.5,5.5,▼-12.5,▼-69.44%,6,10,16,8,4.6,8,25.5,5.3
TXO,202608W4,20260826.0,40500.0,Call,-,-,-,-,4580,-,-,0,0,0,0,4570,4600,-,-
TXO,202608W4,20260826.0,40500.0,Put,11,11,8,8.5,5.8,▼-10,▼-54.05%,21,5,26,20,0.4,8,28.5,8
TXO,202608W4,20260826.0,40600.0,Call,-,-,-,-,4480,-,-,0,0,0,0,4470,4500,-,-
TXO,202608W4,20260826.0,40600.0,Put,15,16,5.1,6,6,▼-15,▼-71.43%,211,174,385,374,4.7,6.8,125,5.1
TXO,202608W4,20260826.0,40700.0,Call,3850,3850,3850,3850,4380,▼-310,▼-7.45%,11,11,22,0,4370,4400,4000,3850
TXO,202608W4,20260826.0,40700.0,Put,13,13,6.6,6.6,6.6,▼-14.4,▼-68.57%,3,16,19,30,3.4,10,101,6.6
TXO,202608W4,20260826.0,40800.0,Call,-,-,-,-,4280,-,-,0,0,0,0,4270,4300,-,-
TXO,202608W4,20260826.0,40800.0,Put,14,14,6.5,6.8,6.8,▼-15.2,▼-69.09%,24,25,49,28,6.5,10,96,6.5
TXO,202608W4,20260826.0,40900.0,Call,-,-,-,-,4180,-,-,0,0,0,0,4170,4200,-,-
TXO,202608W4,20260826.0,40900.0,Put,19,19,6.9,6.9,6.9,▼-15.6,▼-69.33%,8,43,51,37,1.4,10.5,102,6.9
TXO,202608W4,20260826.0,41000.0,Call,-,-,-,-,4080,-,-,0,0,0,0,4070,4100,-,-
TXO,202608W4,20260826.0,41000.0,Put,15,20.5,7.5,7.5,7.5,▼-17,▼-69.39%,83,276,359,385,3.6,9.1,115,7.5
TXO,202608W4,20260826.0,41100.0,Call,-,-,-,-,3980,-,-,0,0,0,0,3970,-,-,-
TXO,202608W4,20260826.0,41100.0,Put,21,24,9,9,8.3,▼-17,▼-65.38%,26,163,189,191,3.6,9.9,107,9
TXO,202608W4,20260826.0,41200.0,Call,-,-,-,-,3880,-,-,0,0,0,0,3870,-,-,-
TXO,202608W4,20260826.0,41200.0,Put,22,23,9.9,9.9,8.4,▼-16.1,▼-61.92%,11,59,70,44,2.3,9,113,9.9
TXO,202608W4,20260826.0,41300.0,Call,-,-,-,-,3780,-,-,0,0,0,0,3770,-,-,-
TXO,202608W4,20260826.0,41300.0,Put,19,19,8.1,8.1,9.5,▼-19.9,▼-71.07%,41,31,72,41,8.2,10.5,115,8.1
TXO,202608W4,20260826.0,41400.0,Call,-,-,-,-,3690,-,-,0,0,0,0,3670,-,4750,4750
TXO,202608W4,20260826.0,41400.0,Put,26,29.5,8,8,9.9,▼-24,▼-75.00%,3,32,35,73,9,12,135,8
TXO,202608W4,20260826.0,41500.0,Call,3490,3490,3490,3490,3590,▲+120,▲+3.56%,0,1,1,1,3290,3610,4620,3490
TXO,202608W4,20260826.0,41500.0,Put,28,28,10.5,10.5,10.5,▼-23.5,▼-69.12%,60,121,181,156,10.5,11.5,148,10.5
TXO,202608W4,20260826.0,41600.0,Call,-,-,-,-,3490,-,-,0,0,0,0,3470,-,-,-
TXO,202608W4,20260826.0,41600.0,Put,30.5,33.5,15,15.5,11.5,▼-18.5,▼-54.41%,18,58,76,74,0.6,13,106,15
TXO,202608W4,20260826.0,41700.0,Call,-,-,-,-,3390,-,-,0,0,0,0,3380,3410,4430,4430
TXO,202608W4,20260826.0,41700.0,Put,26,32,13,13.5,13.5,▼-24,▼-64.00%,44,46,90,44,8,26.5,104,13
TXO,202608W4,20260826.0,41800.0,Call,-,-,-,-,3290,-,-,0,0,0,0,3280,3310,-,-
TXO,202608W4,20260826.0,41800.0,Put,36,36,17.5,17.5,14,▼-24,▼-57.83%,32,28,60,88,7,20,132,17.5
TXO,202608W4,20260826.0,41900.0,Call,3090,3090,3090,3090,3190,▲+110,▲+3.69%,0,1,1,1,3180,3210,3090,3090
TXO,202608W4,20260826.0,41900.0,Put,42,44,15,15,14.5,▼-30,▼-66.67%,19,57,76,191,6,21,115,15
TXO,202608W4,20260826.0,42000.0,Call,2990,2990,2990,2990,3090,▲+100,▲+3.46%,0,1,1,1,2800,3110,4150,2990
TXO,202608W4,20260826.0,42000.0,Put,49,50,14,14.5,14.5,▼-34.5,▼-70.41%,213,485,698,750,13.5,16,207,14
TXO,202608W4,20260826.0,42100.0,Call,-,-,-,-,2990,-,-,0,0,0,0,2980,3010,-,-
TXO,202608W4,20260826.0,42100.0,Put,50,50,16.5,16.5,16.5,▼-35.5,▼-68.27%,20,68,88,52,16.5,21.5,145,16.5
TXO,202608W4,20260826.0,42200.0,Call,-,-,-,-,2890,-,-,0,0,0,0,-,2910,4010,4010
TXO,202608W4,20260826.0,42200.0,Put,47.5,52,17,19.5,19.5,▼-36.5,▼-65.18%,26,159,185,61,16.5,20,198,17
TXO,202608W4,20260826.0,42300.0,Call,-,-,-,-,2800,-,-,0,0,0,0,2790,2820,3870,3870
TXO,202608W4,20260826.0,42300.0,Put,52,60,17,20,20,▼-42,▼-67.74%,39,138,177,117,17,35.5,211,17
TXO,202608W4,20260826.0,42400.0,Call,2590,2590,2590,2590,2700,▲+80,▲+3.19%,0,1,1,1,2690,2720,2590,2590
TXO,202608W4,20260826.0,42400.0,Put,55,55,19.5,21,21,▼-46,▼-68.66%,97,120,217,409,21,68,177,19.5
TXO,202608W4,20260826.0,42500.0,Call,-,-,-,-,2600,-,-,0,0,0,0,2590,2620,3720,3720
TXO,202608W4,20260826.0,42500.0,Put,66,68,20,23,23,▼-44,▼-65.67%,147,426,573,384,21,35,241,20
TXO,202608W4,20260826.0,42600.0,Call,2400,2400,2400,2400,2500,▲+80,▲+3.45%,0,1,1,1,2490,2520,2400,2400
TXO,202608W4,20260826.0,42600.0,Put,85,85,22.5,25.5,25.5,▼-49.5,▼-66.00%,66,222,288,122,13,29,207,22.5
TXO,202608W4,20260826.0,42700.0,Call,2300,2300,2300,2300,2400,▲+70,▲+3.14%,0,1,1,1,2400,2420,2300,2300
TXO,202608W4,20260826.0,42700.0,Put,82,82,26.5,29.5,29.5,▼-65.5,▼-68.95%,38,109,147,117,29,47.5,220,26.5
TXO,202608W4,20260826.0,42800.0,Call,-,-,-,-,2310,-,-,0,0,0,0,2300,2330,-,-
TXO,202608W4,20260826.0,42800.0,Put,80,80,28.5,31.5,31.5,▼-63.5,▼-66.84%,62,660,722,522,31,34.5,270,28.5
TXO,202608W4,20260826.0,42900.0,Call,-,-,-,-,2210,-,-,0,0,0,0,2200,2230,-,-
TXO,202608W4,20260826.0,42900.0,Put,84,98,30.5,36.5,36.5,▼-68.5,▼-65.24%,32,567,599,509,23,38,255,3.4
TXO,202608W4,20260826.0,43000.0,Call,-,-,-,-,2120,-,-,0,0,0,30,1820,2360,3230,1900
TXO,202608W4,20260826.0,43000.0,Put,104,121,35.5,40.5,40.5,▼-64.5,▼-61.43%,270,1097,1367,1042,39.5,45,270,35.5
TXO,202608W4,20260826.0,43100.0,Call,-,-,-,-,2020,-,-,0,0,0,0,1720,2040,3150,3150
TXO,202608W4,20260826.0,43100.0,Put,95,99,41,45.5,45.5,▼-79.5,▼-63.60%,5,82,87,42,43,49.5,295,41
TXO,202608W4,20260826.0,43200.0,Call,-,-,-,-,1930,-,-,0,0,0,0,1920,1950,-,-
TXO,202608W4,20260826.0,43200.0,Put,115,115,45,51,51,▼-84,▼-62.22%,21,201,222,107,45,51,283,45
TXO,202608W4,20260826.0,43300.0,Call,1830,1830,1810,1810,1830,▲+120,▲+7.10%,1,6,7,400,14,1840,2970,1450
TXO,202608W4,20260826.0,43300.0,Put,120,154,50,57,57,▼-100,▼-63.69%,86,274,360,237,54,82,311,2
TXO,202608W4,20260826.0,43400.0,Call,-,-,-,-,1740,-,-,0,0,0,0,1440,1760,-,-
TXO,202608W4,20260826.0,43400.0,Put,158,169,57,61,61,▼-112,▼-64.74%,11,281,292,199,30.5,65,304,57
TXO,202608W4,20260826.0,43450.0,Call,1610,1610,1610,1610,1690,▲+40,▲+2.55%,0,1,1,1,1560,1710,1610,1610
TXO,202608W4,20260826.0,43450.0,Put,155,155,62,62,67,▼-111,▼-64.16%,2,33,35,25,15,69,304,62
TXO,202608W4,20260826.0,43500.0,Call,1300,1640,1300,1640,1640,▲+120,▲+7.89%,0,752,752,751,1630,1670,2800,1300
TXO,202608W4,20260826.0,43500.0,Put,148,197,65,73,73,▼-112,▼-60.54%,185,785,970,590,66,74,400,65
TXO,202608W4,20260826.0,43550.0,Call,-,-,-,-,1600,-,-,0,0,0,0,1590,1620,-,-
TXO,202608W4,20260826.0,43550.0,Put,111,116,70,76,76,▼-120,▼-61.22%,3,43,46,24,11.5,79,235,70
TXO,202608W4,20260826.0,43600.0,Call,1440,1440,1350,1360,1560,▼-80,▼-5.56%,0,350,350,351,1550,1580,1440,1350
TXO,202608W4,20260826.0,43600.0,Put,158,213,74,78,78,▼-126,▼-61.76%,16,229,245,216,65,84,414,74
TXO,202608W4,20260826.0,43650.0,Call,1430,1430,1430,1430,1510,▲+40,▲+2.88%,0,1,1,1,1500,1530,1430,1430
TXO,202608W4,20260826.0,43650.0,Put,100,122,86,89,89,▼-120,▼-57.42%,2,87,89,47,85,90,217,86
TXO,202608W4,20260826.0,43700.0,Call,-,-,-,-,1470,-,-,0,0,0,0,1460,1490,-,-
TXO,202608W4,20260826.0,43700.0,Put,168,168,86,96,96,▼-123,▼-56.16%,15,193,208,183,75,97,430,78
TXO,202608W4,20260826.0,43750.0,Call,-,-,-,-,1430,-,-,2,0,2,0,1410,-,1150,985
TXO,202608W4,20260826.0,43750.0,Put,122,141,94,97,97,▼-131,▼-57.46%,20,117,137,25,20,104,390,94
TXO,202608W4,20260826.0,43800.0,Call,-,-,-,-,1380,-,-,0,0,0,2,1370,1460,2550,1080
TXO,202608W4,20260826.0,43800.0,Put,198,262,98,104,104,▼-142,▼-57.72%,69,430,499,276,80,110,487,84
TXO,202608W4,20260826.0,43850.0,Call,-,-,-,-,1340,-,-,0,0,0,0,1330,1360,-,-
TXO,202608W4,20260826.0,43850.0,Put,220,220,107,107,107,▼-145,▼-57.54%,7,41,48,33,102,145,485,107
TXO,202608W4,20260826.0,43900.0,Call,-,-,-,-,1300,-,-,1,0,1,1,1290,1320,1030,1030
TXO,202608W4,20260826.0,43900.0,Put,233,233,113,116,116,▼-136,▼-53.97%,2,251,253,173,94,135,520,91
TXO,202608W4,20260826.0,43950.0,Call,1200,1200,1200,1200,1260,▲+30,▲+2.56%,0,1,1,1,1180,1270,1200,1200
TXO,202608W4,20260826.0,43950.0,Put,240,242,123,123,123,▼-153,▼-55.43%,5,28,33,23,110,199,425,97
TXO,202608W4,20260826.0,44000.0,Call,1220,1220,1140,1220,1220,▲+100,▲+8.93%,3,5,8,7,1210,1230,2390,990
TXO,202608W4,20260826.0,44000.0,Put,222,336,129,139,139,▼-139,▼-50.00%,462,1183,1645,647,135,155,560,103
TXO,202608W4,20260826.0,44050.0,Call,-,-,-,-,1170,-,-,0,0,0,0,1160,1190,2350,2350
TXO,202608W4,20260826.0,44050.0,Put,255,255,140,142,142,▼-163,▼-53.44%,8,81,89,96,88,163,540,140
TXO,202608W4,20260826.0,44100.0,Call,1120,1120,1120,1120,1120,▲+60,▲+5.66%,0,2,2,2,1120,1150,2310,1120
TXO,202608W4,20260826.0,44100.0,Put,266,336,148,153,153,▼-165,▼-51.89%,20,233,253,132,155,158,625,148
TXO,202608W4,20260826.0,44150.0,Call,-,-,-,-,1090,-,-,0,0,0,0,1080,1110,-,-
TXO,202608W4,20260826.0,44150.0,Put,297,297,160,160,160,▼-171,▼-51.66%,5,43,48,25,154,256,469,160
TXO,202608W4,20260826.0,44200.0,Call,1080,1080,1030,1030,1050,▲+40,▲+4.04%,372,14,386,26,1040,1070,2110,610
TXO,202608W4,20260826.0,44200.0,Put,280,385,165,174,174,▼-178,▼-50.57%,35,195,230,155,167,180,590,123
TXO,202608W4,20260826.0,44250.0,Call,1100,1100,1000,1000,1000,▲+45,▲+4.71%,0,2,2,1,1000,1030,1100,1000
TXO,202608W4,20260826.0,44250.0,Put,287,287,179,190,190,▼-172,▼-47.51%,6,50,56,42,182,286,565,128
TXO,202608W4,20260826.0,44300.0,Call,970,970,970,970,970,▲+50,▲+5.43%,4,1,5,203,965,1010,1890,605
TXO,202608W4,20260826.0,44300.0,Put,323,373,190,198,198,▼-182,▼-47.89%,28,248,276,141,180,230,640,180
TXO,202608W4,20260826.0,44350.0,Call,870,870,870,870,940,▼-20,▼-2.25%,7,1,8,2,925,955,870,530
TXO,202608W4,20260826.0,44350.0,Put,367,401,214,214,214,▼-181,▼-45.82%,32,25,57,40,173,316,615,214
TXO,202608W4,20260826.0,44400.0,Call,-,-,-,-,900,-,-,10,0,10,9,890,920,2340,500
TXO,202608W4,20260826.0,44400.0,Put,350,423,216,228,228,▼-172,▼-43.00%,32,187,219,116,200,262,630,216
TXO,202608W4,20260826.0,44450.0,Call,-,-,-,-,865,-,-,14,0,14,12,850,880,855,535
TXO,202608W4,20260826.0,44450.0,Put,310,310,249,249,249,▼-180,▼-41.96%,4,31,35,31,158,344,760,249
TXO,202608W4,20260826.0,44500.0,Call,690,850,540,795,830,▲+5,▲+0.63%,21,17,38,23,820,845,2000,510
TXO,202608W4,20260826.0,44500.0,Put,350,500,242,259,253,▼-190,▼-42.32%,70,514,584,361,245,268,770,158
TXO,202608W4,20260826.0,44550.0,Call,700,800,700,800,800,▲+40,▲+5.26%,22,6,28,21,785,810,810,485
TXO,202608W4,20260826.0,44550.0,Put,377,377,258,258,258,▼-209,▼-44.75%,7,39,46,24,220,279,650,211
TXO,202608W4,20260826.0,44600.0,Call,590,855,590,765,765,▲+35,▲+4.79%,22,15,37,31,755,850,1260,460
TXO,202608W4,20260826.0,44600.0,Put,530,530,264,282,282,▼-205,▼-42.09%,35,131,166,125,262,310,780,166
TXO,202608W4,20260826.0,44650.0,Call,-,-,-,-,730,-,-,22,0,22,18,720,745,685,437
TXO,202608W4,20260826.0,44650.0,Put,570,570,274,288,288,▼-217,▼-42.97%,11,37,48,30,207,510,815,236
TXO,202608W4,20260826.0,44700.0,Call,650,800,441,700,700,▲+25,▲+3.70%,62,317,379,295,695,710,825,368
TXO,202608W4,20260826.0,44700.0,Put,492,600,295,318,318,▼-207,▼-39.43%,15,143,158,66,300,321,770,240
TXO,202608W4,20260826.0,44750.0,Call,555,700,460,600,665,▼-50,▼-7.69%,6,15,21,21,610,770,1460,413
TXO,202608W4,20260826.0,44750.0,Put,412,412,320,328,328,▼-227,▼-40.90%,12,11,23,18,290,2990,755,241
TXO,202608W4,20260826.0,44800.0,Call,540,720,398,640,640,▲+35,▲+5.79%,130,86,216,82,600,655,1980,348
TXO,202608W4,20260826.0,44800.0,Put,455,655,325,362,362,▼-198,▼-35.36%,34,323,357,189,333,378,820,247
TXO,202608W4,20260826.0,44850.0,Call,420,690,420,590,590,▲+30,▲+5.36%,2,21,23,21,465,690,715,420
TXO,202608W4,20260826.0,44850.0,Put,560,580,365,379,379,▼-186,▼-32.92%,3,119,122,46,338,484,780,365
TXO,202608W4,20260826.0,44900.0,Call,456,650,350,570,570,▲+55,▲+10.68%,56,114,170,55,500,605,790,312
TXO,202608W4,20260826.0,44900.0,Put,575,600,360,395,395,▼-175,▼-30.70%,1,178,179,135,360,530,850,294
TXO,202608W4,20260826.0,44950.0,Call,460,575,415,500,545,▲+5,▲+1.01%,2,18,20,12,423,620,725,388
TXO,202608W4,20260826.0,44950.0,Put,620,630,410,438,417,▼-152,▼-25.76%,0,32,32,22,327,530,895,309
TXO,202608W4,20260826.0,45000.0,Call,363,615,311,515,515,▲+41,▲+8.65%,75,328,403,248,500,535,740,206
TXO,202608W4,20260826.0,45000.0,Put,620,750,399,433,433,▼-182,▼-29.59%,21,376,397,167,419,447,1000,242
TXO,202608W4,20260826.0,45050.0,Call,290,540,290,475,475,▲+39,▲+8.94%,2,79,81,39,380,580,1480,290
TXO,202608W4,20260826.0,45050.0,Put,600,600,450,464,464,▼-181,▼-28.06%,0,40,40,30,425,-,980,450
TXO,202608W4,20260826.0,45100.0,Call,363,525,350,456,456,▲+44,▲+10.68%,97,170,267,51,403,515,720,223
TXO,202608W4,20260826.0,45100.0,Put,665,665,446,480,480,▼-190,▼-28.36%,4,248,252,103,451,595,1020,446
TXO,202608W4,20260826.0,45150.0,Call,271,475,263,420,420,▲+29,▲+7.42%,6,113,119,81,355,-,555,221
TXO,202608W4,20260826.0,45150.0,Put,485,565,458,515,515,▼-185,▼-26.43%,1,29,30,6,407,620,700,458
TXO,202608W4,20260826.0,45200.0,Call,336,475,238,413,413,▲+29,▲+7.55%,101,721,822,163,411,418,770,142
TXO,202608W4,20260826.0,45200.0,Put,695,735,490,530,530,▼-195,▼-26.90%,1,41,42,23,500,540,1010,398
TXO,202608W4,20260826.0,45250.0,Call,310,468,232,347,389,▼-8,▼-2.25%,14,68,82,49,385,467,650,232
TXO,202608W4,20260826.0,45250.0,Put,575,575,575,575,575,▼-180,▼-23.84%,1,1,2,3,481,680,950,301
TXO,202608W4,20260826.0,45300.0,Call,350,443,222,366,366,▲+38,▲+11.59%,117,538,655,430,357,378,1080,170
TXO,202608W4,20260826.0,45300.0,Put,955,990,525,610,610,▼-175,▼-22.29%,930,65,995,208,580,605,1140,469
TXO,202608W4,20260826.0,45350.0,Call,212,399,212,337,337,▲+42,▲+14.24%,17,40,57,29,287,426,400,198
TXO,202608W4,20260826.0,45350.0,Put,640,640,640,640,640,▼-175,▼-21.47%,0,1,1,1,600,630,1210,323
TXO,202608W4,20260826.0,45400.0,Call,280,386,180,323,323,▲+28,▲+9.49%,20,234,254,161,319,329,690,159
TXO,202608W4,20260826.0,45400.0,Put,610,760,595,685,650,▼-160,▼-18.93%,1,139,140,265,635,660,1180,595
TXO,202608W4,20260826.0,45450.0,Call,177,368,177,311,311,▲+39,▲+14.34%,12,56,68,23,285,386,370,151
TXO,202608W4,20260826.0,45450.0,Put,730,730,730,730,680,▼-150,▼-17.05%,0,1,1,16,660,690,1170,720
TXO,202608W4,20260826.0,45500.0,Call,245,347,160,287,287,▲+33,▲+12.99%,85,1100,1185,309,286,288,1470,130
TXO,202608W4,20260826.0,45500.0,Put,885,885,685,740,710,▼-170,▼-18.68%,0,20,20,23,695,720,1300,430
TXO,202608W4,20260826.0,45550.0,Call,189,313,177,266,266,▲+13,▲+5.14%,9,254,263,188,149,278,1240,144
TXO,202608W4,20260826.0,45550.0,Put,785,790,735,735,735,▼-210,▼-22.22%,1,6,7,6,725,750,1030,520
TXO,202608W4,20260826.0,45600.0,Call,205,300,151,250,250,▲+26,▲+11.61%,52,238,290,143,229,252,630,110
TXO,202608W4,20260826.0,45600.0,Put,850,850,700,770,770,▼-210,▼-21.43%,26,13,39,23,760,785,1400,423
TXO,202608W4,20260826.0,45650.0,Call,148,278,148,233,233,▲+24,▲+11.48%,8,32,40,9,207,-,278,104
TXO,202608W4,20260826.0,45650.0,Put,-,-,-,-,805,-,-,0,0,0,0,488,815,805,505
TXO,202608W4,20260826.0,45700.0,Call,146,260,126,216,216,▲+7,▲+3.35%,109,322,431,202,216,254,1000,99
TXO,202608W4,20260826.0,45700.0,Put,900,900,900,900,840,▼-150,▼-14.29%,0,1,1,17,525,850,1470,479
TXO,202608W4,20260826.0,45750.0,Call,146,227,110,190,190,0,0%,7,48,55,28,197,640,291,96
TXO,202608W4,20260826.0,45750.0,Put,-,-,-,-,875,-,-,0,0,0,0,860,885,-,-
TXO,202608W4,20260826.0,45800.0,Call,149,223,95,188,188,▲+13,▲+7.43%,105,396,501,200,188,193,900,80
TXO,202608W4,20260826.0,45800.0,Put,855,995,815,915,915,▼-205,▼-18.30%,0,28,28,23,845,920,1250,500
TXO,202608W4,20260826.0,45850.0,Call,137,205,114,170,170,▲+17,▲+11.11%,0,39,39,15,89,-,305,104
TXO,202608W4,20260826.0,45850.0,Put,990,990,990,990,945,▼-170,▼-14.66%,0,1,1,3,930,960,1440,990
TXO,202608W4,20260826.0,45900.0,Call,115,190,82,158,158,▲+11,▲+7.48%,54,201,255,119,131,166,845,69
TXO,202608W4,20260826.0,45900.0,Put,1050,1050,995,995,995,▼-205,▼-17.08%,0,3,3,3,970,995,1050,660
TXO,202608W4,20260826.0,45950.0,Call,101,175,85,140,140,▲+12,▲+9.38%,29,67,96,67,81,167,428,76
TXO,202608W4,20260826.0,45950.0,Put,1090,1090,1090,1090,1020,▼-150,▼-12.10%,0,1,1,1,1000,1030,1090,1090
TXO,202608W4,20260826.0,46000.0,Call,105,168,64,138,138,▲+14,▲+11.29%,412,1581,1993,987,125,140,1240,57
TXO,202608W4,20260826.0,46000.0,Put,995,1110,955,1110,1060,▼-170,▼-13.28%,0,19,19,19,975,1070,1270,585
TXO,202608W4,20260826.0,46050.0,Call,108,134,64,122,122,▲+8,▲+7.02%,33,103,136,38,38.5,140,945,56
TXO,202608W4,20260826.0,46050.0,Put,-,-,-,-,1100,-,-,0,0,0,0,1080,1110,925,920
TXO,202608W4,20260826.0,46100.0,Call,100,138,55,114,114,0,0%,136,329,465,231,104,118,915,49
TXO,202608W4,20260826.0,46100.0,Put,1200,1200,1150,1150,1150,▼-210,▼-15.44%,0,3,3,3,1120,1150,1200,765
TXO,202608W4,20260826.0,46150.0,Call,72,120,48,105,105,▲+8,▲+8.25%,16,130,146,101,98,109,1050,48
TXO,202608W4,20260826.0,46150.0,Put,-,-,-,-,1180,-,-,0,0,0,0,1160,1190,-,-
TXO,202608W4,20260826.0,46200.0,Call,76,116,41,94,94,▼-3,▼-3.09%,66,501,567,340,88,108,990,41
TXO,202608W4,20260826.0,46200.0,Put,-,-,-,-,1220,-,-,0,0,0,1,1110,1230,995,720
TXO,202608W4,20260826.0,46250.0,Call,63,101,36.5,84,84,▲+6,▲+7.69%,8,67,75,99,78,102,840,21
TXO,202608W4,20260826.0,46250.0,Put,-,-,-,-,1260,-,-,0,0,0,0,945,1270,-,-
TXO,202608W4,20260826.0,46300.0,Call,60,96,32.5,81,81,▲+6,▲+8.00%,96,441,537,256,77,98,820,32.5
TXO,202608W4,20260826.0,46300.0,Put,-,-,-,-,1300,-,-,0,0,0,0,1290,1310,-,-
TXO,202608W4,20260826.0,46350.0,Call,53,79,32,72,72,▼-3,▼-4.00%,27,188,215,109,44.5,80,295,32
TXO,202608W4,20260826.0,46350.0,Put,-,-,-,-,1340,-,-,0,0,0,0,1330,-,-,-
TXO,202608W4,20260826.0,46400.0,Call,49,82,29,66,66,▲+5,▲+8.20%,32,653,685,503,60,84,775,29
TXO,202608W4,20260826.0,46400.0,Put,-,-,-,-,1390,-,-,0,0,0,0,1370,1400,-,-
TXO,202608W4,20260826.0,46450.0,Call,50,69,26.5,58,58,▲+2,▲+3.57%,17,115,132,65,47.5,99,805,26.5
TXO,202608W4,20260826.0,46450.0,Put,-,-,-,-,1430,-,-,0,0,0,0,1410,1440,-,-
TXO,202608W4,20260826.0,46500.0,Call,42,66,21.5,54,54,▲+3,▲+5.88%,227,649,876,415,53,55,880,13
TXO,202608W4,20260826.0,46500.0,Put,-,-,-,-,1470,-,-,0,0,0,1,1230,1490,2010,2010
TXO,202608W4,20260826.0,46550.0,Call,35,62,23,48.5,48.5,▼-2.5,▼-4.90%,12,146,158,92,18.5,50,540,23
TXO,202608W4,20260826.0,46550.0,Put,-,-,-,-,1520,-,-,0,0,0,0,1500,1530,-,-
TXO,202608W4,20260826.0,46600.0,Call,29,53,14.5,41.5,41.5,▲+0.5,▲+1.22%,87,220,307,172,38,59,815,12
TXO,202608W4,20260826.0,46600.0,Put,1760,1760,1530,1530,1560,▼-270,▼-15.00%,0,2,2,2,1320,1580,1760,1530
TXO,202608W4,20260826.0,46650.0,Call,32.5,45.5,16,36.5,36.5,▼-1.5,▼-3.95%,5,240,245,194,30,42,215,16
TXO,202608W4,20260826.0,46650.0,Put,-,-,-,-,1610,-,-,0,0,0,0,1590,1620,1640,1170
TXO,202608W4,20260826.0,46700.0,Call,29.5,48,15,33,33,▼-4.5,▼-12.00%,95,544,639,389,31.5,35,805,5
TXO,202608W4,20260826.0,46700.0,Put,1760,1760,1760,1760,1660,▼-130,▼-6.88%,0,1,1,1,1640,1670,1760,1760
TXO,202608W4,20260826.0,46750.0,Call,20,38,19.5,28.5,28.5,▼-1,▼-3.39%,0,26,26,22,29,55,655,19.5
TXO,202608W4,20260826.0,46750.0,Put,-,-,-,-,1700,-,-,0,0,0,0,-,1720,-,-
TXO,202608W4,20260826.0,46800.0,Call,25.5,35.5,11,26,26,▼-3.5,▼-11.86%,36,276,312,169,20,36,765,3.6
TXO,202608W4,20260826.0,46800.0,Put,-,-,-,-,1750,-,-,0,0,0,0,1730,1760,-,-
TXO,202608W4,20260826.0,46850.0,Call,24.5,26.5,11,24,24,▼-5.5,▼-18.64%,0,55,55,44,19,25.5,151,11
TXO,202608W4,20260826.0,46850.0,Put,-,-,-,-,1800,-,-,0,0,0,0,1550,1810,-,-
TXO,202608W4,20260826.0,46900.0,Call,17.5,25,10,21,21,▼-4.5,▼-17.65%,20,149,169,112,19.5,23,154,10
TXO,202608W4,20260826.0,46900.0,Put,-,-,-,-,1840,-,-,0,0,0,1,1600,1860,1190,1190
TXO,202608W4,20260826.0,46950.0,Call,17.5,25,8.8,20,20,▼-3,▼-13.04%,1,13,14,15,12,23,296,8.8
TXO,202608W4,20260826.0,46950.0,Put,-,-,-,-,1890,-,-,0,0,0,0,1870,1900,-,-
TXO,202608W4,20260826.0,47000.0,Call,15,25,8.5,17.5,17.5,▼-5,▼-22.22%,84,414,498,513,16,20,710,8.5
TXO,202608W4,20260826.0,47000.0,Put,-,-,-,-,1940,-,-,0,0,0,0,1920,1950,1520,1100
TXO,202608W4,20260826.0,47050.0,Call,20,21,9.5,16,16,▼-3,▼-15.79%,0,8,8,63,5.1,21.5,268,9.5
TXO,202608W4,20260826.0,47050.0,Put,-,-,-,-,1990,-,-,0,0,0,0,1970,2000,-,-
TXO,202608W4,20260826.0,47100.0,Call,12,17.5,10.5,14.5,14.5,▼-3,▼-17.14%,6,54,60,42,10,15,237,10.5
TXO,202608W4,20260826.0,47100.0,Put,-,-,-,-,2040,-,-,0,0,0,0,2020,2050,-,-
TXO,202608W4,20260826.0,47150.0,Call,10,15.5,10,15.5,13,▼-0.5,▼-3.13%,0,14,14,11,5.7,23,262,10
TXO,202608W4,20260826.0,47150.0,Put,-,-,-,-,2090,-,-,0,0,0,0,2070,-,-,-
TXO,202608W4,20260826.0,47200.0,Call,10.5,16,9,12,12,▼-2.5,▼-17.24%,25,37,62,79,6.8,12,570,9
TXO,202608W4,20260826.0,47200.0,Put,-,-,-,-,2130,-,-,0,0,0,0,-,2150,-,-
TXO,202608W4,20260826.0,47250.0,Call,10.5,12,6,11.5,9.8,▼-2,▼-14.81%,1,115,116,61,8.1,12,239,6
TXO,202608W4,20260826.0,47250.0,Put,-,-,-,-,2180,-,-,0,0,0,0,2160,2190,-,-
TXO,202608W4,20260826.0,47300.0,Call,8,12,7.5,8.2,8.2,▼-3.8,▼-31.67%,7,334,341,329,8,10.5,595,7.5
TXO,202608W4,20260826.0,47300.0,Put,-,-,-,-,2230,-,-,0,0,0,0,2210,2240,-,-
TXO,202608W4,20260826.0,47350.0,Call,7.7,9.2,7.1,9.2,8.1,▼-2.3,▼-20.00%,6,21,27,23,7.6,9.1,210,7.1
TXO,202608W4,20260826.0,47350.0,Put,-,-,-,-,2280,-,-,0,0,0,0,2260,2290,-,-
TXO,202608W4,20260826.0,47400.0,Call,7.8,12,3.4,7.4,7.4,▼-3.1,▼-29.52%,11,174,185,100,1.2,9,555,3.4
TXO,202608W4,20260826.0,47400.0,Put,-,-,-,-,2330,-,-,0,0,0,0,2310,2340,-,-
TXO,202608W4,20260826.0,47500.0,Call,6.1,9.9,5.4,6.1,6.1,▼-1.9,▼-23.75%,65,167,232,185,5.4,6.3,495,5.4
TXO,202608W4,20260826.0,47500.0,Put,-,-,-,-,2430,-,-,0,0,0,0,2410,2440,1780,1670
TXO,202608W4,20260826.0,47600.0,Call,7,8,5.2,5.2,5.2,▼-2.6,▼-33.33%,2,230,232,271,3.9,5.4,408,5.2
TXO,202608W4,20260826.0,47600.0,Put,-,-,-,-,2530,-,-,0,0,0,1,2510,2540,1900,1900
TXO,202608W4,20260826.0,47700.0,Call,6.8,6.8,3.5,3.5,4.8,▼-3.6,▼-50.70%,12,14,26,14,3,-,445,3.5
TXO,202608W4,20260826.0,47700.0,Put,-,-,-,-,2630,-,-,0,0,0,0,2610,2640,-,-
TXO,202608W4,20260826.0,47800.0,Call,4.9,4.9,4.4,4.7,4.7,▼-1.3,▼-21.67%,2,9,11,8,0.9,7.9,425,4.4
TXO,202608W4,20260826.0,47800.0,Put,-,-,-,-,2730,-,-,0,0,0,1,2710,2740,2110,2110
TXO,202608W4,20260826.0,47900.0,Call,5.9,5.9,5.9,5.9,3.9,0,0%,1,3,4,17,0.3,4.9,351,4.5
TXO,202608W4,20260826.0,47900.0,Put,-,-,-,-,2830,-,-,0,0,0,0,2810,2840,-,-
TXO,202608W4,20260826.0,48000.0,Call,3.7,6.1,3.7,4,3.4,▼-1.3,▼-24.53%,42,260,302,318,1.1,4.2,360,3.4
TXO,202608W4,20260826.0,48000.0,Put,-,-,-,-,2930,-,-,0,0,0,1,2910,3070,2010,2010
TXO,202608W4,20260826.0,48100.0,Call,5.1,5.1,2.9,3.3,3.3,▼-1.2,▼-26.67%,0,6,6,17,2.7,3.6,148,2.9
TXO,202608W4,20260826.0,48100.0,Put,-,-,-,-,3030,-,-,0,0,0,0,3010,-,-,-
TXO,202608W4,20260826.0,48200.0,Call,4.8,4.8,3.6,3.6,2.8,▼-0.5,▼-12.20%,0,2,2,10,0.1,3.9,225,3.5
TXO,202608W4,20260826.0,48200.0,Put,-,-,-,-,3130,-,-,0,0,0,1,3110,3260,2170,2170
TXO,202608W4,20260826.0,48300.0,Call,3.3,3.6,2.8,3.6,2.6,▼-0.3,▼-7.69%,3,7,10,19,1,3.4,260,0.4
TXO,202608W4,20260826.0,48300.0,Put,-,-,-,-,3230,-,-,0,0,0,0,3210,-,-,-
TXO,202608W4,20260826.0,48400.0,Call,2.2,3.4,2.2,3.2,2.5,▼-0.6,▼-15.79%,0,14,14,23,0.6,3.2,192,2.2
TXO,202608W4,20260826.0,48400.0,Put,-,-,-,-,3330,-,-,0,0,0,0,-,3340,-,-
TXO,202608W4,20260826.0,48500.0,Call,5.1,5.1,2.5,3.1,2.4,▼-0.6,▼-16.22%,10,7,17,28,1.7,3,234,2.5
TXO,202608W4,20260826.0,48500.0,Put,-,-,-,-,3430,-,-,0,0,0,0,-,3440,-,-
TXO,202608W4,20260826.0,48600.0,Call,2.2,2.7,2.2,2.7,2.3,▼-0.8,▼-22.86%,0,6,6,16,2,39.5,222,2.2
TXO,202608W4,20260826.0,48600.0,Put,-,-,-,-,3530,-,-,0,0,0,0,-,3540,-,-
TXO,202608W4,20260826.0,48700.0,Call,2.1,2.3,1.9,2.3,2.3,▼-0.7,▼-23.33%,4,27,31,34,0.3,39.5,155,1.9
TXO,202608W4,20260826.0,48700.0,Put,-,-,-,-,3630,-,-,0,0,0,0,-,3640,-,-
TXO,202608W4,20260826.0,48800.0,Call,1.9,2.2,1.9,2.2,2.2,▼-0.8,▼-26.67%,4,10,14,12,0.2,2,174,1.9
TXO,202608W4,20260826.0,48800.0,Put,-,-,-,-,3730,-,-,0,0,0,0,-,3740,-,-
TXO,202608W4,20260826.0,48900.0,Call,2,2.4,2,2.1,1.5,▼-0.7,▼-25.00%,0,31,31,33,0.1,2,131,2
TXO,202608W4,20260826.0,48900.0,Put,-,-,-,-,3820,-,-,0,0,0,0,-,3840,-,-
TXO,202608W4,20260826.0,49000.0,Call,2.2,2.2,2,2,1.5,▼-0.6,▼-23.08%,1,17,18,86,0.1,2.1,162,1.8
TXO,202608W4,20260826.0,49000.0,Put,-,-,-,-,3920,-,-,0,0,0,0,-,3940,-,-
TXO,202608W4,20260826.0,49100.0,Call,2,2.2,2,2,1.4,▼-0.5,▼-20.00%,1,27,28,27,0.1,2,104,2
TXO,202608W4,20260826.0,49100.0,Put,-,-,-,-,4020,-,-,0,0,0,0,-,4040,-,-
TXO,202608W4,20260826.0,49200.0,Call,-,-,-,-,1.2,-,-,0,0,0,20,0.6,102,110,1.5
TXO,202608W4,20260826.0,49200.0,Put,-,-,-,-,4120,-,-,0,0,0,0,4100,-,-,-
TXO,202608W4,20260826.0,49300.0,Call,-,-,-,-,1,-,-,0,0,0,6,-,102,31,1.5
TXO,202608W4,20260826.0,49300.0,Put,-,-,-,-,4220,-,-,0,0,0,0,4200,-,-,-
TXO,202608W4,20260826.0,49400.0,Call,-,-,-,-,0.8,-,-,0,0,0,19,-,50,110,1.4
TXO,202608W4,20260826.0,49400.0,Put,-,-,-,-,4320,-,-,0,0,0,0,4300,4340,-,-
TXO,202608W4,20260826.0,49500.0,Call,-,-,-,-,0.7,-,-,1,0,1,14,-,-,86,1.1
TXO,202608W4,20260826.0,49500.0,Put,-,-,-,-,4420,-,-,0,0,0,0,4400,4440,-,-
TXO,202608W4,20260826.0,49600.0,Call,-,-,-,-,0.6,-,-,2,0,2,1,-,102,90,1.6
TXO,202608W4,20260826.0,49600.0,Put,-,-,-,-,4520,-,-,0,0,0,0,4500,4540,-,-
TXO,202608W4,20260826.0,49700.0,Call,-,-,-,-,0.5,-,-,1,0,1,20,-,-,83,1.5
TXO,202608W4,20260826.0,49700.0,Put,-,-,-,-,4620,-,-,0,0,0,0,4600,4640,-,-
TXO,202608W4,20260826.0,49800.0,Call,-,-,-,-,0.4,-,-,0,0,0,4,-,102,45.5,1.7
TXO,202608W4,20260826.0,49800.0,Put,-,-,-,-,4720,-,-,0,0,0,0,4700,4740,-,-
TXO,202608W4,20260826.0,49900.0,Call,-,-,-,-,0.4,-,-,1,0,1,11,-,490,11.5,1
TXO,202608W4,20260826.0,49900.0,Put,-,-,-,-,4820,-,-,0,0,0,0,4800,4840,-,-
TXO,202608W4,20260826.0,50000.0,Call,0.2,3.1,0.2,3.1,0.3,▲+1.6,▲+106.67%,1,2,3,34,-,50,60,0.2
TXO,202608W4,20260826.0,50000.0,Put,-,-,-,-,4920,-,-,0,0,0,0,4900,4940,-,-
TXO,202608W4,20260826.0,50100.0,Call,-,-,-,-,0.3,-,-,0,0,0,6,-,101,34.5,2.6
TXO,202608W4,20260826.0,50100.0,Put,-,-,-,-,5020,-,-,0,0,0,0,5000,5040,-,-
TXO,202608W4,20260826.0,50200.0,Call,-,-,-,-,0.2,-,-,1,0,1,9,-,-,24,1
TXO,202608W4,20260826.0,50200.0,Put,-,-,-,-,5120,-,-,0,0,0,0,5100,5140,-,-
TXO,202608W4,20260826.0,50300.0,Call,-,-,-,-,0.2,-,-,1,0,1,7,-,40,16,0.9
TXO,202608W4,20260826.0,50300.0,Put,-,-,-,-,5220,-,-,0,0,0,0,5200,5240,-,-
TXO,202608W4,20260826.0,50400.0,Call,-,-,-,-,0.2,-,-,0,0,0,25,-,101,13.5,1.8
TXO,202608W4,20260826.0,50400.0,Put,-,-,-,-,5320,-,-,0,0,0,0,5300,5340,-,-
TXO,202608W4,20260826.0,50500.0,Call,-,-,-,-,0.1,-,-,0,0,0,4,-,101,11.5,1.4
TXO,202608W4,20260826.0,50500.0,Put,-,-,-,-,5420,-,-,0,0,0,0,5400,5440,-,-
TXO,202608W4,20260826.0,50600.0,Call,-,-,-,-,0.1,-,-,0,0,0,1,0.3,2.4,15,15
TXO,202608W4,20260826.0,50600.0,Put,-,-,-,-,5520,-,-,0,0,0,0,5500,5540,-,-
TXO,202608W4,20260826.0,50700.0,Call,0.3,0.8,0.3,0.3,0.1,▼-0.3,▼-50.00%,2,7,9,5,0.1,0.5,12,0.3
TXO,202608W4,20260826.0,50700.0,Put,-,-,-,-,5620,-,-,0,0,0,0,5600,5640,-,-
TXO,202608F4,20260828.0,40200.0,Call,-,-,-,-,4870,-,-,0,0,0,0,4860,4890,-,-
TXO,202608F4,20260828.0,40200.0,Put,28,28,20,21,18,▼-11,▼-34.38%,40,37,77,54,18,25,50,20
TXO,202608F4,20260828.0,40300.0,Call,-,-,-,-,4780,-,-,0,0,0,0,4760,4790,-,-
TXO,202608F4,20260828.0,40300.0,Put,20,20.5,20,20.5,19,▼-13.5,▼-39.71%,1,21,22,22,1.6,39,45,20
TXO,202608F4,20260828.0,40400.0,Call,-,-,-,-,4680,-,-,0,0,0,0,4660,4690,-,-
TXO,202608F4,20260828.0,40400.0,Put,23,23,23,23,20,▼-12.5,▼-35.21%,0,1,1,1,0.6,-,23,23
TXO,202608F4,20260828.0,40500.0,Call,-,-,-,-,4580,-,-,0,0,0,0,4560,4590,-,-
TXO,202608F4,20260828.0,40500.0,Put,25.5,25.5,20,20,20,▼-18.5,▼-48.05%,1,3,4,3,0.6,-,48.5,20
TXO,202608F4,20260828.0,40600.0,Call,-,-,-,-,4480,-,-,0,0,0,0,4460,-,-,-
TXO,202608F4,20260828.0,40600.0,Put,-,-,-,-,22.5,-,-,1,0,1,1,0.6,-,56,47.5
TXO,202608F4,20260828.0,40700.0,Call,-,-,-,-,4380,-,-,0,0,0,0,4360,-,-,-
TXO,202608F4,20260828.0,40700.0,Put,43.5,43.5,23,23,23,▼-18.5,▼-44.58%,113,4,117,112,15.5,88,70,23
TXO,202608F4,20260828.0,40800.0,Call,-,-,-,-,4280,-,-,0,0,0,0,4260,-,-,-
TXO,202608F4,20260828.0,40800.0,Put,-,-,-,-,24.5,-,-,2,0,2,7,1.4,124,68,44.5
TXO,202608F4,20260828.0,40900.0,Call,-,-,-,-,4180,-,-,0,0,0,0,4160,4200,-,-
TXO,202608F4,20260828.0,40900.0,Put,26,26,26,26,26,▼-20,▼-43.48%,4,1,5,1,1.4,126,75,26
TXO,202608F4,20260828.0,41000.0,Call,-,-,-,-,4080,-,-,0,0,0,0,4070,4100,-,-
TXO,202608F4,20260828.0,41000.0,Put,49.5,49.5,32.5,35,27,▼-12.5,▼-26.32%,13,14,27,67,20,-,77,32.5
TXO,202608F4,20260828.0,41100.0,Call,-,-,-,-,3990,-,-,0,0,0,0,3970,4000,-,-
TXO,202608F4,20260828.0,41100.0,Put,29.5,29.5,29.5,29.5,29.5,▼-23.5,▼-44.34%,0,1,1,2,20,-,65,29.5
TXO,202608F4,20260828.0,41200.0,Call,-,-,-,-,3890,-,-,0,0,0,0,3870,3900,-,-
TXO,202608F4,20260828.0,41200.0,Put,52,52,29.5,29.5,29.5,▼-28.5,▼-49.14%,11,33,44,76,8.4,130,120,29.5
TXO,202608F4,20260828.0,41300.0,Call,-,-,-,-,3790,-,-,0,0,0,0,3770,3800,-,-
TXO,202608F4,20260828.0,41300.0,Put,42,42,32.5,32.5,32.5,▼-26.5,▼-44.92%,1,6,7,11,1.4,131,93,32.5
TXO,202608F4,20260828.0,41400.0,Call,-,-,-,-,3690,-,-,0,0,0,0,3670,3700,-,-
TXO,202608F4,20260828.0,41400.0,Put,40,40,34,34,34,▼-29,▼-46.03%,0,2,2,31,20,133,120,34
TXO,202608F4,20260828.0,41500.0,Call,-,-,-,-,3590,-,-,0,0,0,0,3570,-,-,-
TXO,202608F4,20260828.0,41500.0,Put,39.5,39.5,39.5,39.5,35.5,▼-28.5,▼-41.91%,2,1,3,19,21,135,110,39.5
TXO,202608F4,20260828.0,41600.0,Call,-,-,-,-,3490,-,-,0,0,0,0,3480,3510,-,-
TXO,202608F4,20260828.0,41600.0,Put,37,37,37,37,37,▼-35,▼-48.61%,1,2,3,18,1.4,137,97,37
TXO,202608F4,20260828.0,41700.0,Call,-,-,-,-,3400,-,-,0,0,0,0,3380,3410,-,-
TXO,202608F4,20260828.0,41700.0,Put,-,-,-,-,40,-,-,1,0,1,17,26,140,138,40
TXO,202608F4,20260828.0,41800.0,Call,-,-,-,-,3300,-,-,0,0,0,0,-,3310,-,-
TXO,202608F4,20260828.0,41800.0,Put,43,43,43,43,43,▼-40,▼-48.19%,1,1,2,23,5.7,128,163,43
TXO,202608F4,20260828.0,41900.0,Call,-,-,-,-,3200,-,-,0,0,0,0,3190,3220,-,-
TXO,202608F4,20260828.0,41900.0,Put,58,58,51,51,46,▼-38,▼-42.70%,0,5,5,16,20,146,177,45
TXO,202608F4,20260828.0,42000.0,Call,-,-,-,-,3110,-,-,0,0,0,0,3090,3120,-,-
TXO,202608F4,20260828.0,42000.0,Put,75,79,48,48,48,▼-48,▼-50.00%,37,44,81,48,45,-,187,45.5
TXO,202608F4,20260828.0,42100.0,Call,-,-,-,-,3010,-,-,0,0,0,0,-,3020,-,-
TXO,202608F4,20260828.0,42100.0,Put,89,89,51,51,51,▼-52,▼-50.49%,0,11,11,12,2.3,-,169,50
TXO,202608F4,20260828.0,42200.0,Call,-,-,-,-,2910,-,-,0,0,0,0,2900,2930,-,-
TXO,202608F4,20260828.0,42200.0,Put,73,73,62,62,62,▼-49,▼-44.14%,0,5,5,11,2.3,-,170,62
TXO,202608F4,20260828.0,42300.0,Call,-,-,-,-,2820,-,-,0,0,0,0,-,2830,-,-
TXO,202608F4,20260828.0,42300.0,Put,70,78,63,63,63,▼-62,▼-49.60%,0,9,9,12,2.8,135,165,63
TXO,202608F4,20260828.0,42400.0,Call,-,-,-,-,2720,-,-,0,0,0,0,2710,2740,-,-
TXO,202608F4,20260828.0,42400.0,Put,124,124,70,70,70,▼-58,▼-45.31%,4,6,10,12,6.1,69,188,70
TXO,202608F4,20260828.0,42500.0,Call,-,-,-,-,2630,-,-,0,0,0,0,-,2640,3770,2530
TXO,202608F4,20260828.0,42500.0,Put,112,112,75,77,72,▼-61,▼-44.20%,0,8,8,22,60,123,191,75
TXO,202608F4,20260828.0,42600.0,Call,-,-,-,-,2540,-,-,0,0,0,0,2520,2550,-,-
TXO,202608F4,20260828.0,42600.0,Put,131,131,75,75,75,▼-74,▼-49.66%,0,4,4,13,8.1,177,258,67
TXO,202608F4,20260828.0,42700.0,Call,-,-,-,-,2440,-,-,0,0,0,0,2430,2460,-,-
TXO,202608F4,20260828.0,42700.0,Put,150,150,104,117,85,▼-43,▼-26.88%,35,4,39,17,2.6,99,249,75
TXO,202608F4,20260828.0,42800.0,Call,-,-,-,-,2350,-,-,0,0,0,0,-,2360,-,-
TXO,202608F4,20260828.0,42800.0,Put,103,105,93,93,93,▼-80,▼-46.24%,1,3,4,11,2.6,191,305,93
TXO,202608F4,20260828.0,42900.0,Call,-,-,-,-,2260,-,-,0,0,0,0,2240,2270,-,-
TXO,202608F4,20260828.0,42900.0,Put,123,123,103,103,103,▼-83,▼-44.62%,1,4,5,11,2.1,-,277,103
TXO,202608F4,20260828.0,43000.0,Call,-,-,-,-,2160,-,-,0,0,0,0,2150,2180,-,-
TXO,202608F4,20260828.0,43000.0,Put,135,142,106,106,106,▼-94,▼-47.00%,18,36,54,27,30.5,194,324,101
TXO,202608F4,20260828.0,43100.0,Call,-,-,-,-,2070,-,-,0,0,0,0,2060,2090,-,-
TXO,202608F4,20260828.0,43100.0,Put,112,118,112,118,118,▼-99,▼-45.62%,0,3,3,5,5.5,216,307,112
TXO,202608F4,20260828.0,43200.0,Call,-,-,-,-,1980,-,-,0,0,0,0,1970,2000,2010,2000
TXO,202608F4,20260828.0,43200.0,Put,168,168,168,168,127,▼-67,▼-28.51%,2,1,3,3,12.5,229,367,114
TXO,202608F4,20260828.0,43300.0,Call,-,-,-,-,1900,-,-,0,0,0,0,1890,1910,-,-
TXO,202608F4,20260828.0,43300.0,Put,170,170,170,170,140,▼-78,▼-31.45%,6,1,7,4,14,-,369,170
TXO,202608F4,20260828.0,43400.0,Call,-,-,-,-,1810,-,-,0,0,0,0,1800,1830,-,-
TXO,202608F4,20260828.0,43400.0,Put,-,-,-,-,153,-,-,0,0,0,3,18,255,392,188
TXO,202608F4,20260828.0,43450.0,Call,-,-,-,-,1770,-,-,0,0,0,0,1760,1780,-,-
TXO,202608F4,20260828.0,43450.0,Put,164,164,164,164,164,▼-114,▼-41.01%,0,1,1,1,20,-,164,164
TXO,202608F4,20260828.0,43500.0,Call,-,-,-,-,1730,-,-,0,0,0,0,1710,1740,-,-
TXO,202608F4,20260828.0,43500.0,Put,280,300,176,176,176,▼-114,▼-39.31%,5,9,14,30,22,-,480,140
TXO,202608F4,20260828.0,43550.0,Call,-,-,-,-,1680,-,-,0,0,0,0,1390,1700,-,-
TXO,202608F4,20260828.0,43550.0,Put,-,-,-,-,183,-,-,0,0,0,0,24,-,-,-
TXO,202608F4,20260828.0,43600.0,Call,-,-,-,-,1640,-,-,0,0,0,0,1340,1660,-,-
TXO,202608F4,20260828.0,43600.0,Put,299,299,190,190,190,▼-123,▼-39.30%,1,2,3,4,28,285,405,190
TXO,202608F4,20260828.0,43650.0,Call,-,-,-,-,1600,-,-,0,0,0,0,1300,-,-,-
TXO,202608F4,20260828.0,43650.0,Put,-,-,-,-,191,-,-,0,0,0,0,92,-,-,-
TXO,202608F4,20260828.0,43700.0,Call,1440,1450,1400,1450,1560,▼-10,▼-0.68%,0,420,420,420,1520,1650,1720,1400
TXO,202608F4,20260828.0,43700.0,Put,-,-,-,-,199,-,-,4,0,4,50,32,302,477,217
TXO,202608F4,20260828.0,43750.0,Call,-,-,-,-,1520,-,-,0,0,0,0,1480,-,-,-
TXO,202608F4,20260828.0,43750.0,Put,206,206,206,206,206,▼-139,▼-40.29%,0,1,1,1,115,-,206,206
TXO,202608F4,20260828.0,43800.0,Call,-,-,-,-,1480,-,-,0,0,0,1,1440,1490,2440,2440
TXO,202608F4,20260828.0,43800.0,Put,220,236,220,236,219,▼-122,▼-34.08%,1,2,3,4,124,321,391,220
TXO,202608F4,20260828.0,43850.0,Call,-,-,-,-,1440,-,-,0,0,0,0,1400,1450,-,-
TXO,202608F4,20260828.0,43850.0,Put,254,254,254,254,230,▼-118,▼-31.72%,0,1,1,1,152,-,254,254
TXO,202608F4,20260828.0,43900.0,Call,-,-,-,-,1400,-,-,0,0,0,0,1360,-,-,-
TXO,202608F4,20260828.0,43900.0,Put,280,280,241,241,241,▼-145,▼-37.56%,0,2,2,46,150,342,307,241
TXO,202608F4,20260828.0,43950.0,Call,-,-,-,-,1360,-,-,0,0,0,0,1330,-,-,-
TXO,202608F4,20260828.0,43950.0,Put,-,-,-,-,249,-,-,0,0,0,0,152,-,-,-
TXO,202608F4,20260828.0,44000.0,Call,-,-,-,-,1320,-,-,1,0,1,1,1290,1340,1450,1110
TXO,202608F4,20260828.0,44000.0,Put,369,369,260,265,265,▼-152,▼-36.45%,5,25,30,36,167,-,640,240
TXO,202608F4,20260828.0,44050.0,Call,-,-,-,-,1280,-,-,0,0,0,0,1250,1300,-,-
TXO,202608F4,20260828.0,44050.0,Put,-,-,-,-,273,-,-,0,0,0,1,186,374,500,500
TXO,202608F4,20260828.0,44100.0,Call,-,-,-,-,1240,-,-,0,0,0,2,1220,1260,1130,1100
TXO,202608F4,20260828.0,44100.0,Put,308,325,308,325,284,▼-117,▼-26.47%,2,3,5,51,198,387,655,308
TXO,202608F4,20260828.0,44150.0,Call,-,-,-,-,1210,-,-,0,0,0,0,1180,1220,-,-
TXO,202608F4,20260828.0,44150.0,Put,444,444,289,289,289,▼-169,▼-36.90%,1,2,3,1,203,-,600,289
TXO,202608F4,20260828.0,44200.0,Call,-,-,-,-,1170,-,-,0,0,0,6,1140,1190,970,950
TXO,202608F4,20260828.0,44200.0,Put,327,327,327,327,311,▼-146,▼-30.87%,6,8,14,16,300,413,615,327
TXO,202608F4,20260828.0,44250.0,Call,-,-,-,-,1130,-,-,5,0,5,5,1110,1150,865,785
TXO,202608F4,20260828.0,44250.0,Put,-,-,-,-,321,-,-,2,0,2,0,227,-,575,510
TXO,202608F4,20260828.0,44300.0,Call,-,-,-,-,1090,-,-,0,0,0,0,1080,-,-,-
TXO,202608F4,20260828.0,44300.0,Put,355,355,355,355,336,▼-150,▼-29.70%,2,1,3,23,300,441,775,326
TXO,202608F4,20260828.0,44350.0,Call,-,-,-,-,1060,-,-,5,0,5,5,1040,1080,730,730
TXO,202608F4,20260828.0,44350.0,Put,-,-,-,-,352,-,-,2,0,2,7,256,-,585,560
TXO,202608F4,20260828.0,44400.0,Call,-,-,-,-,1020,-,-,0,0,0,0,1010,1050,-,-
TXO,202608F4,20260828.0,44400.0,Put,480,480,480,480,366,▼-65,▼-11.93%,0,1,1,30,300,472,800,332
TXO,202608F4,20260828.0,44450.0,Call,-,-,-,-,990,-,-,5,0,5,5,970,1010,675,675
TXO,202608F4,20260828.0,44450.0,Put,-,-,-,-,382,-,-,3,0,3,1,296,-,805,565
TXO,202608F4,20260828.0,44500.0,Call,-,-,-,-,955,-,-,3,0,3,2,935,975,775,660
TXO,202608F4,20260828.0,44500.0,Put,399,492,389,406,406,▼-189,▼-31.76%,10,29,39,32,315,-,850,339
TXO,202608F4,20260828.0,44550.0,Call,960,960,960,960,920,▲+80,▲+9.09%,3,1,4,0,900,940,960,725
TXO,202608F4,20260828.0,44550.0,Put,460,460,460,460,415,▼-140,▼-23.33%,1,1,2,0,329,-,690,460
TXO,202608F4,20260828.0,44600.0,Call,875,875,875,875,875,▲+25,▲+2.94%,0,1,1,1,870,-,875,745
TXO,202608F4,20260828.0,44600.0,Put,-,-,-,-,432,-,-,2,0,2,15,338,-,810,595
TXO,202608F4,20260828.0,44650.0,Call,-,-,-,-,855,-,-,0,0,0,5,835,875,780,780
TXO,202608F4,20260828.0,44650.0,Put,-,-,-,-,450,-,-,0,0,0,1,356,560,770,770
TXO,202608F4,20260828.0,44700.0,Call,830,830,805,805,805,▲+15,▲+1.90%,1,2,3,3,805,845,830,660
TXO,202608F4,20260828.0,44700.0,Put,555,555,494,494,468,▼-166,▼-25.15%,8,4,12,9,375,-,940,494
TXO,202608F4,20260828.0,44750.0,Call,-,-,-,-,795,-,-,0,0,0,0,630,-,-,-
TXO,202608F4,20260828.0,44750.0,Put,-,-,-,-,487,-,-,0,0,0,3,405,-,910,700
TXO,202608F4,20260828.0,44800.0,Call,780,780,780,780,780,▲+45,▲+6.12%,0,1,1,1,655,-,780,780
TXO,202608F4,20260828.0,44800.0,Put,695,695,540,540,505,▼-165,▼-23.40%,4,2,6,8,433,1500,870,410
TXO,202608F4,20260828.0,44850.0,Call,-,-,-,-,735,-,-,5,0,5,5,630,-,595,595
TXO,202608F4,20260828.0,44850.0,Put,-,-,-,-,530,-,-,0,0,0,10,481,-,775,725
TXO,202608F4,20260828.0,44900.0,Call,640,640,640,640,705,▼-30,▼-4.48%,1,1,2,5,600,-,715,620
TXO,202608F4,20260828.0,44900.0,Put,720,720,510,560,560,▼-180,▼-24.32%,0,26,26,55,463,660,1040,355
TXO,202608F4,20260828.0,44950.0,Call,-,-,-,-,680,-,-,1,0,1,10,570,-,875,422
TXO,202608F4,20260828.0,44950.0,Put,-,-,-,-,570,-,-,0,0,0,5,488,-,770,770
TXO,202608F4,20260828.0,45000.0,Call,490,720,490,635,635,▲+10,▲+1.60%,5,6,11,14,635,-,785,475
TXO,202608F4,20260828.0,45000.0,Put,680,680,605,630,595,▼-145,▼-18.71%,6,5,11,3,500,-,1100,460
TXO,202608F4,20260828.0,45050.0,Call,530,595,530,595,625,0,0%,0,2,2,7,520,-,640,530
TXO,202608F4,20260828.0,45050.0,Put,-,-,-,-,620,-,-,0,0,0,0,525,-,-,-
TXO,202608F4,20260828.0,45100.0,Call,630,630,505,590,590,▲+20,▲+3.51%,0,6,6,25,493,-,780,477
TXO,202608F4,20260828.0,45100.0,Put,645,645,645,645,645,▼-195,▼-23.21%,1,1,2,5,645,-,915,645
TXO,202608F4,20260828.0,45150.0,Call,-,-,-,-,570,-,-,0,0,0,7,467,-,825,535
TXO,202608F4,20260828.0,45150.0,Put,-,-,-,-,660,-,-,0,0,0,0,520,-,1060,820
TXO,202608F4,20260828.0,45200.0,Call,530,530,530,530,530,▲+5,▲+0.95%,1,1,2,2,442,630,530,353
TXO,202608F4,20260828.0,45200.0,Put,690,690,690,690,690,▼-205,▼-22.91%,0,1,1,3,595,-,995,520
TXO,202608F4,20260828.0,45250.0,Call,520,520,520,520,520,▲+21,▲+4.21%,0,1,1,5,417,-,595,520
TXO,202608F4,20260828.0,45250.0,Put,-,-,-,-,715,-,-,0,0,0,0,620,-,-,-
TXO,202608F4,20260828.0,45300.0,Call,488,488,488,488,488,▲+10,▲+2.09%,0,1,1,4,394,605,835,380
TXO,202608F4,20260828.0,45300.0,Put,-,-,-,-,740,-,-,0,0,0,0,655,760,1160,437
TXO,202608F4,20260828.0,45350.0,Call,420,520,420,520,474,▲+62,▲+13.54%,0,2,2,1,371,-,700,420
TXO,202608F4,20260828.0,45350.0,Put,-,-,-,-,765,-,-,0,0,0,0,760,790,-,-
TXO,202608F4,20260828.0,45400.0,Call,-,-,-,-,449,-,-,1,0,1,0,348,-,468,415
TXO,202608F4,20260828.0,45400.0,Put,-,-,-,-,790,-,-,0,0,0,2,735,815,1180,1180
TXO,202608F4,20260828.0,45450.0,Call,-,-,-,-,427,-,-,0,0,0,0,326,-,-,-
TXO,202608F4,20260828.0,45450.0,Put,-,-,-,-,820,-,-,0,0,0,0,815,845,-,-
TXO,202608F4,20260828.0,45500.0,Call,458,458,371,371,406,▼-19,▼-4.87%,4,3,7,11,306,420,580,262
TXO,202608F4,20260828.0,45500.0,Put,-,-,-,-,850,-,-,0,0,0,2,845,875,655,625
TXO,202608F4,20260828.0,45550.0,Call,452,452,436,436,386,▲+57,▲+15.04%,0,2,2,6,286,-,1000,436
TXO,202608F4,20260828.0,45550.0,Put,-,-,-,-,880,-,-,0,0,0,0,835,905,885,610
TXO,202608F4,20260828.0,45600.0,Call,332,368,332,368,368,▲+5,▲+1.38%,0,2,2,4,266,467,386,321
TXO,202608F4,20260828.0,45600.0,Put,-,-,-,-,910,-,-,2,0,2,6,865,1230,1390,555
TXO,202608F4,20260828.0,45650.0,Call,-,-,-,-,348,-,-,0,0,0,1,249,443,300,300
TXO,202608F4,20260828.0,45650.0,Put,965,965,965,965,940,▼-205,▼-17.52%,0,1,1,1,935,965,965,555
TXO,202608F4,20260828.0,45700.0,Call,290,410,225,330,330,▲+2,▲+0.61%,4,46,50,2,255,425,750,213
TXO,202608F4,20260828.0,45700.0,Put,1010,1010,1010,1010,970,▼-190,▼-15.83%,0,1,1,1,930,995,1010,575
TXO,202608F4,20260828.0,45750.0,Call,-,-,-,-,313,-,-,0,0,0,1,210,407,945,298
TXO,202608F4,20260828.0,45750.0,Put,-,-,-,-,1000,-,-,0,0,0,0,965,1030,-,-
TXO,202608F4,20260828.0,45800.0,Call,-,-,-,-,296,-,-,2,0,2,4,194,-,367,234
TXO,202608F4,20260828.0,45800.0,Put,-,-,-,-,1040,-,-,0,0,0,0,995,1060,-,-
TXO,202608F4,20260828.0,45850.0,Call,-,-,-,-,281,-,-,0,0,0,1,176,375,970,495
TXO,202608F4,20260828.0,45850.0,Put,-,-,-,-,1070,-,-,0,0,0,0,1030,1100,1200,990
TXO,202608F4,20260828.0,45900.0,Call,260,260,260,260,260,▲+1,▲+0.39%,2,4,6,7,165,364,950,203
TXO,202608F4,20260828.0,45900.0,Put,-,-,-,-,1110,-,-,0,0,0,2,1090,1130,1370,800
TXO,202608F4,20260828.0,45950.0,Call,-,-,-,-,251,-,-,0,0,0,0,154,-,610,430
TXO,202608F4,20260828.0,45950.0,Put,-,-,-,-,1140,-,-,0,0,0,0,1130,1170,-,-
TXO,202608F4,20260828.0,46000.0,Call,161,255,161,235,235,▲+2,▲+0.86%,8,20,28,26,134,335,890,152
TXO,202608F4,20260828.0,46000.0,Put,-,-,-,-,1180,-,-,0,0,0,0,1150,1200,-,-
TXO,202608F4,20260828.0,46050.0,Call,-,-,-,-,223,-,-,2,0,2,0,121,-,178,136
TXO,202608F4,20260828.0,46050.0,Put,-,-,-,-,1210,-,-,0,0,0,0,1190,1240,-,-
TXO,202608F4,20260828.0,46100.0,Call,270,270,198,198,198,▼-9,▼-4.35%,0,12,12,11,35,309,815,148
TXO,202608F4,20260828.0,46100.0,Put,-,-,-,-,1250,-,-,0,0,0,1,1230,1270,1440,825
TXO,202608F4,20260828.0,46150.0,Call,-,-,-,-,192,-,-,0,0,0,0,95,-,-,-
TXO,202608F4,20260828.0,46150.0,Put,-,-,-,-,1290,-,-,0,0,0,0,1100,1310,-,-
TXO,202608F4,20260828.0,46200.0,Call,154,156,154,156,186,▼-30,▼-16.13%,2,2,4,7,84,-,345,116
TXO,202608F4,20260828.0,46200.0,Put,-,-,-,-,1330,-,-,3,0,3,0,1310,1350,1680,1030
TXO,202608F4,20260828.0,46250.0,Call,-,-,-,-,175,-,-,0,0,0,0,5.4,-,-,-
TXO,202608F4,20260828.0,46250.0,Put,-,-,-,-,1370,-,-,0,0,0,0,1090,1390,-,-
TXO,202608F4,20260828.0,46300.0,Call,126,147,116,147,165,▼-16,▼-9.82%,0,6,6,7,2.4,-,930,108
TXO,202608F4,20260828.0,46300.0,Put,-,-,-,-,1410,-,-,0,0,0,0,1400,1430,-,-
TXO,202608F4,20260828.0,46350.0,Call,138,151,138,151,151,▼-3,▼-1.95%,0,2,2,0,2.4,-,151,113
TXO,202608F4,20260828.0,46350.0,Put,-,-,-,-,1450,-,-,0,0,0,0,1440,1470,-,-
TXO,202608F4,20260828.0,46400.0,Call,150,186,106,138,138,▼-7,▼-4.83%,3,16,19,9,2.4,180,720,101
TXO,202608F4,20260828.0,46400.0,Put,-,-,-,-,1490,-,-,0,0,0,0,1480,1510,-,-
TXO,202608F4,20260828.0,46450.0,Call,-,-,-,-,135,-,-,0,0,0,1,33,231,182,93
TXO,202608F4,20260828.0,46450.0,Put,-,-,-,-,1530,-,-,0,0,0,0,1520,1550,-,-
TXO,202608F4,20260828.0,46500.0,Call,108,147,100,125,125,▲+5,▲+4.17%,0,10,10,37,24.5,166,880,85
TXO,202608F4,20260828.0,46500.0,Put,-,-,-,-,1570,-,-,0,0,0,0,1560,1590,-,-
TXO,202608F4,20260828.0,46550.0,Call,103,120,102,120,120,▲+2,▲+1.69%,2,3,5,3,1.5,215,120,88
TXO,202608F4,20260828.0,46550.0,Put,-,-,-,-,1610,-,-,0,0,0,0,1600,1630,-,-
TXO,202608F4,20260828.0,46600.0,Call,96,120,96,96,111,▼-17,▼-15.04%,0,3,3,1,1.5,-,190,75
TXO,202608F4,20260828.0,46600.0,Put,-,-,-,-,1650,-,-,0,0,0,0,1640,1670,-,-
TXO,202608F4,20260828.0,46650.0,Call,-,-,-,-,104,-,-,0,0,0,0,5,-,-,-
TXO,202608F4,20260828.0,46650.0,Put,-,-,-,-,1700,-,-,0,0,0,0,1690,1710,-,-
TXO,202608F4,20260828.0,46700.0,Call,90,90,90,90,98,▼-8,▼-8.16%,2,1,3,2,4.2,105,615,50
TXO,202608F4,20260828.0,46700.0,Put,-,-,-,-,1740,-,-,0,0,0,0,1730,1760,-,-
TXO,202608F4,20260828.0,46750.0,Call,-,-,-,-,91,-,-,0,0,0,1,2.4,-,515,515
TXO,202608F4,20260828.0,46750.0,Put,-,-,-,-,1780,-,-,0,0,0,0,1770,1800,-,-
TXO,202608F4,20260828.0,46800.0,Call,88,88,71,85,85,▼-1,▼-1.16%,2,6,8,8,32.5,182,530,59
TXO,202608F4,20260828.0,46800.0,Put,-,-,-,-,1830,-,-,0,0,0,0,-,1840,-,-
TXO,202608F4,20260828.0,46850.0,Call,-,-,-,-,80,-,-,0,0,0,1,2.2,175,100,100
TXO,202608F4,20260828.0,46850.0,Put,-,-,-,-,1870,-,-,0,0,0,0,1860,1890,-,-
TXO,202608F4,20260828.0,46900.0,Call,-,-,-,-,74,-,-,0,0,0,0,2,-,670,48.5
TXO,202608F4,20260828.0,46900.0,Put,-,-,-,-,1920,-,-,0,0,0,0,1900,1930,-,-
TXO,202608F4,20260828.0,46950.0,Call,89,89,66,66,66,▼-7,▼-9.59%,0,4,4,4,10,166,100,66
TXO,202608F4,20260828.0,46950.0,Put,-,-,-,-,1960,-,-,0,0,0,0,1950,-,-,-
TXO,202608F4,20260828.0,47000.0,Call,55,83,49,61,61,▼-6,▼-8.96%,9,15,24,22,37,85,510,37
TXO,202608F4,20260828.0,47000.0,Put,-,-,-,-,2010,-,-,0,0,0,0,1990,2020,-,-
TXO,202608F4,20260828.0,47050.0,Call,-,-,-,-,60,-,-,0,0,0,0,1.7,-,-,-
TXO,202608F4,20260828.0,47050.0,Put,-,-,-,-,2050,-,-,0,0,0,0,2040,2070,-,-
TXO,202608F4,20260828.0,47100.0,Call,51,52,46,52,52,▼-6,▼-10.34%,6,3,9,8,1.8,153,445,32.5
TXO,202608F4,20260828.0,47100.0,Put,-,-,-,-,2100,-,-,0,0,0,0,2080,2110,-,-
TXO,202608F4,20260828.0,47150.0,Call,52,52,34,51,51,▼-3,▼-5.56%,1,3,4,1,1.6,-,52,34
TXO,202608F4,20260828.0,47150.0,Put,-,-,-,-,2140,-,-,0,0,0,0,2130,2160,-,-
TXO,202608F4,20260828.0,47200.0,Call,47,47,46,46,46,▼-5,▼-9.80%,1,2,3,7,2.7,146,400,40
TXO,202608F4,20260828.0,47200.0,Put,-,-,-,-,2190,-,-,0,0,0,0,2180,2200,-,-
TXO,202608F4,20260828.0,47250.0,Call,-,-,-,-,44.5,-,-,0,0,0,0,2.5,-,-,-
TXO,202608F4,20260828.0,47250.0,Put,-,-,-,-,2240,-,-,0,0,0,0,2220,2250,-,-
TXO,202608F4,20260828.0,47300.0,Call,-,-,-,-,41,-,-,0,0,0,2,2.6,-,305,35.5
TXO,202608F4,20260828.0,47300.0,Put,-,-,-,-,2280,-,-,0,0,0,0,2270,2300,-,-
TXO,202608F4,20260828.0,47350.0,Call,39,39,39,39,39,▼-1,▼-2.50%,0,1,1,1,0.9,136,403,39
TXO,202608F4,20260828.0,47350.0,Put,-,-,-,-,2330,-,-,0,0,0,0,2320,-,-,-
TXO,202608F4,20260828.0,47400.0,Call,30,42,30,42,35.5,▲+2.5,▲+6.33%,0,14,14,17,0.9,50,101,30
TXO,202608F4,20260828.0,47400.0,Put,-,-,-,-,2380,-,-,0,0,0,0,2360,2390,-,-
TXO,202608F4,20260828.0,47500.0,Call,21,29.5,21,29.5,29.5,▼-2.5,▼-7.81%,9,12,21,11,2,35,450,21
TXO,202608F4,20260828.0,47500.0,Put,-,-,-,-,2470,-,-,0,0,0,0,2460,2490,-,-
TXO,202608F4,20260828.0,47600.0,Call,31,31,28,28,28,▼-2,▼-6.67%,4,13,17,18,0.9,126,450,18
TXO,202608F4,20260828.0,47600.0,Put,-,-,-,-,2570,-,-,0,0,0,0,-,2590,-,-
TXO,202608F4,20260828.0,47700.0,Call,24,29.5,16.5,16.5,24,▼-9.5,▼-36.54%,1,5,6,3,3,122,44,16.5
TXO,202608F4,20260828.0,47700.0,Put,-,-,-,-,2670,-,-,0,0,0,0,2650,2680,-,-
TXO,202608F4,20260828.0,47800.0,Call,22,25,20,20,20,▼-3.5,▼-14.89%,2,5,7,5,0.8,-,77,18.5
TXO,202608F4,20260828.0,47800.0,Put,-,-,-,-,2760,-,-,0,0,0,0,2750,2780,-,-
TXO,202608F4,20260828.0,47900.0,Call,21,21,21,21,17.5,▲+0.5,▲+2.44%,0,1,1,1,0.8,117,21,21
TXO,202608F4,20260828.0,47900.0,Put,-,-,-,-,2860,-,-,0,0,0,0,2850,2870,-,-
TXO,202608F4,20260828.0,48000.0,Call,18,18,13,15,15,▼-3,▼-16.67%,5,4,9,14,0.8,19,234,13
TXO,202608F4,20260828.0,48000.0,Put,-,-,-,-,2960,-,-,0,0,0,0,2940,2970,-,-
TXO,202608F4,20260828.0,48100.0,Call,-,-,-,-,13.5,-,-,0,0,0,1,0.8,114,149,12
TXO,202608F4,20260828.0,48100.0,Put,-,-,-,-,3050,-,-,0,0,0,0,3040,3070,-,-
TXO,202608F4,20260828.0,48200.0,Call,-,-,-,-,12,-,-,0,0,0,4,0.7,-,208,16
TXO,202608F4,20260828.0,48200.0,Put,-,-,-,-,3150,-,-,0,0,0,1,3140,3170,2560,2560
TXO,202608F4,20260828.0,48300.0,Call,-,-,-,-,10.5,-,-,0,0,0,4,0.7,-,181,10.5
TXO,202608F4,20260828.0,48300.0,Put,-,-,-,-,3250,-,-,0,0,0,0,3240,3270,-,-
TXO,202608F4,20260828.0,48400.0,Call,-,-,-,-,9.5,-,-,1,0,1,1,0.7,-,203,10.5
TXO,202608F4,20260828.0,48400.0,Put,-,-,-,-,3350,-,-,0,0,0,0,3340,-,-,-
TXO,202608F4,20260828.0,48500.0,Call,8.8,9,8.7,8.7,8.7,▼-1.8,▼-17.14%,0,8,8,10,2.9,188,212,8.5
TXO,202608F4,20260828.0,48500.0,Put,-,-,-,-,3450,-,-,0,0,0,0,-,3470,-,-
TXO,202608F4,20260828.0,48600.0,Call,7.8,7.8,7.8,7.8,7.8,▼-1.4,▼-15.22%,1,1,2,1,0.7,-,168,7.8
TXO,202608F4,20260828.0,48600.0,Put,-,-,-,-,3550,-,-,0,0,0,0,-,3570,-,-
TXO,202608F4,20260828.0,48700.0,Call,-,-,-,-,7.2,-,-,1,0,1,2,2.9,108,198,8.3
TXO,202608F4,20260828.0,48700.0,Put,-,-,-,-,3650,-,-,0,0,0,0,-,3670,-,-
TXO,202608F4,20260828.0,48800.0,Call,-,-,-,-,6.6,-,-,8,0,8,52,0.7,20,160,6.6
TXO,202608F4,20260828.0,48800.0,Put,-,-,-,-,3750,-,-,0,0,0,0,3730,3760,-,-
TXO,202608F4,20260828.0,48900.0,Call,-,-,-,-,6.1,-,-,0,0,0,7,4,107,146,11
TXO,202608F4,20260828.0,48900.0,Put,-,-,-,-,3850,-,-,0,0,0,0,3830,3860,-,-
TXO,202608F4,20260828.0,49000.0,Call,5,5.1,5,5.1,5.6,▼-1.6,▼-23.88%,0,2,2,9,0.7,-,179,5
TXO,202608F4,20260828.0,49000.0,Put,-,-,-,-,3950,-,-,0,0,0,0,3930,3960,-,-
TXO,202608F4,20260828.0,49100.0,Call,-,-,-,-,5.2,-,-,0,0,0,1,2.9,-,100,31
TXO,202608F4,20260828.0,49100.0,Put,-,-,-,-,4050,-,-,0,0,0,0,4030,4060,-,-
TXO,202608F4,20260828.0,49200.0,Call,-,-,-,-,4.9,-,-,0,0,0,3,0.7,105,15,9.3
TXO,202608F4,20260828.0,49200.0,Put,-,-,-,-,4150,-,-,0,0,0,0,4130,4160,-,-
TXO,202608F4,20260828.0,49300.0,Call,-,-,-,-,4.6,-,-,0,0,0,4,0.5,-,79,14
TXO,202608F4,20260828.0,49300.0,Put,-,-,-,-,4250,-,-,0,0,0,0,4230,4260,-,-
TXO,202608F4,20260828.0,49400.0,Call,-,-,-,-,4.3,-,-,0,0,0,0,0.5,-,106,50
TXO,202608F4,20260828.0,49400.0,Put,-,-,-,-,4340,-,-,0,0,0,0,4330,4360,-,-
TXO,202608F4,20260828.0,49500.0,Call,-,-,-,-,4,-,-,0,0,0,1,0.5,-,122,10.5
TXO,202608F4,20260828.0,49500.0,Put,-,-,-,-,4440,-,-,0,0,0,0,4430,4460,-,-
TXO,202608F4,20260828.0,49600.0,Call,-,-,-,-,3.8,-,-,0,0,0,0,0.4,-,56,12
TXO,202608F4,20260828.0,49600.0,Put,-,-,-,-,4540,-,-,0,0,0,0,4530,4560,-,-
TXO,202608F4,20260828.0,49700.0,Call,-,-,-,-,3.5,-,-,0,0,0,0,0.4,4,-,-
TXO,202608F4,20260828.0,49700.0,Put,-,-,-,-,4640,-,-,0,0,0,0,4630,4660,-,-
TXO,202608F4,20260828.0,49800.0,Call,-,-,-,-,3.3,-,-,0,0,0,12,0.4,-,32,8.8
TXO,202608F4,20260828.0,49800.0,Put,-,-,-,-,4740,-,-,0,0,0,0,4730,4760,-,-
TXO,202608F4,20260828.0,49900.0,Call,-,-,-,-,3.1,-,-,0,0,0,1,0.8,-,30,8.7
TXO,202608F4,20260828.0,49900.0,Put,-,-,-,-,4840,-,-,0,0,0,0,4830,4860,-,-
TXO,202608F4,20260828.0,50000.0,Call,-,-,-,-,2.9,-,-,0,0,0,9,2.1,-,62,2.9
TXO,202608F4,20260828.0,50000.0,Put,-,-,-,-,4940,-,-,0,0,0,0,4930,4960,-,-
TXO,202608F4,20260828.0,50100.0,Call,-,-,-,-,2.7,-,-,0,0,0,1,0.8,-,7.7,7.7
TXO,202608F4,20260828.0,50100.0,Put,-,-,-,-,5040,-,-,0,0,0,0,-,5060,-,-
TXO,202608F4,20260828.0,50200.0,Call,-,-,-,-,2.5,-,-,1,0,1,2,0.8,-,7.5,3.3
TXO,202608F4,20260828.0,50200.0,Put,-,-,-,-,5140,-,-,0,0,0,0,-,5160,-,-
TXO,202608F4,20260828.0,50300.0,Call,-,-,-,-,2.4,-,-,0,0,0,0,0.8,-,-,-
TXO,202608F4,20260828.0,50300.0,Put,-,-,-,-,5240,-,-,0,0,0,0,-,5270,-,-
TXO,202608F4,20260828.0,50400.0,Call,-,-,-,-,2.3,-,-,0,0,0,0,0.6,-,-,-
TXO,202608F4,20260828.0,50400.0,Put,-,-,-,-,5340,-,-,0,0,0,0,-,5370,-,-
TXO,202608F4,20260828.0,50500.0,Call,-,-,-,-,2.2,-,-,0,0,0,30,0.6,103,15.5,15
TXO,202608F4,20260828.0,50500.0,Put,-,-,-,-,5440,-,-,0,0,0,0,-,5470,-,-
TXO,202608F4,20260828.0,50600.0,Call,-,-,-,-,2.1,-,-,0,0,0,0,0.6,-,-,-
TXO,202608F4,20260828.0,50600.0,Put,-,-,-,-,5540,-,-,0,0,0,0,-,5570,-,-
TXO,202608F4,20260828.0,50700.0,Call,2.3,3.3,0.9,0.9,0.9,▼-1.5,▼-62.50%,2,9,11,9,0.5,7,35.5,0.9
TXO,202608F4,20260828.0,50700.0,Put,-,-,-,-,5640,-,-,0,0,0,0,-,5670,-,-
TXO,202609W1,20260902.0,40200.0,Call,-,-,-,-,4920,-,-,0,0,0,0,4890,4930,-,-
TXO,202609W1,20260902.0,40200.0,Put,42,45.5,39,39,39,▼-24,▼-38.10%,10,99,109,108,38,60,93,39
TXO,202609W1,20260902.0,40300.0,Call,-,-,-,-,4820,-,-,0,0,0,0,4790,4830,-,-
TXO,202609W1,20260902.0,40300.0,Put,-,-,-,-,41,-,-,0,0,0,1,0.9,141,90,90
TXO,202609W1,20260902.0,40400.0,Call,-,-,-,-,4720,-,-,0,0,0,0,4700,4730,-,-
TXO,202609W1,20260902.0,40400.0,Put,47.5,47.5,47.5,47.5,43,▼-20.5,▼-30.15%,1,1,2,0,2,-,80,47.5
TXO,202609W1,20260902.0,40500.0,Call,-,-,-,-,4620,-,-,0,0,0,0,4600,4630,-,-
TXO,202609W1,20260902.0,40500.0,Put,70,71,52,52,45,▼-21,▼-28.77%,7,4,11,8,9,-,110,52
TXO,202609W1,20260902.0,40600.0,Call,-,-,-,-,4520,-,-,0,0,0,0,4500,-,-,-
TXO,202609W1,20260902.0,40600.0,Put,71,71,71,71,47.5,▼-4,▼-5.33%,1,1,2,4,0.9,148,115,71
TXO,202609W1,20260902.0,40700.0,Call,-,-,-,-,4430,-,-,0,0,0,0,4400,4440,-,-
TXO,202609W1,20260902.0,40700.0,Put,59,69,51,51,51,▼-31,▼-37.80%,107,16,123,246,11,207,148,51
TXO,202609W1,20260902.0,40800.0,Call,-,-,-,-,4330,-,-,0,0,0,0,4310,4340,-,-
TXO,202609W1,20260902.0,40800.0,Put,85,85,78,78,54,▼-7,▼-8.24%,1,8,9,15,1.5,153,138,78
TXO,202609W1,20260902.0,40900.0,Call,-,-,-,-,4230,-,-,0,0,0,0,4210,4240,-,-
TXO,202609W1,20260902.0,40900.0,Put,-,-,-,-,57,-,-,1,0,1,12,1,156,150,100
TXO,202609W1,20260902.0,41000.0,Call,-,-,-,-,4140,-,-,0,0,0,0,4110,-,-,-
TXO,202609W1,20260902.0,41000.0,Put,100,100,62,62,62,▼-43,▼-40.95%,19,27,46,17,50,80,163,62
TXO,202609W1,20260902.0,41100.0,Call,-,-,-,-,4040,-,-,0,0,0,0,4020,4050,-,-
TXO,202609W1,20260902.0,41100.0,Put,-,-,-,-,63,-,-,0,0,0,6,2.9,163,169,169
TXO,202609W1,20260902.0,41200.0,Call,-,-,-,-,3940,-,-,0,0,0,0,3920,3950,-,-
TXO,202609W1,20260902.0,41200.0,Put,116,116,73,73,67,▼-37,▼-33.64%,1,2,3,8,1.2,167,151,73
TXO,202609W1,20260902.0,41300.0,Call,-,-,-,-,3850,-,-,0,0,0,0,3830,3860,-,-
TXO,202609W1,20260902.0,41300.0,Put,-,-,-,-,72,-,-,0,0,0,0,1.2,-,190,144
TXO,202609W1,20260902.0,41400.0,Call,-,-,-,-,3750,-,-,0,0,0,0,3730,3760,-,-
TXO,202609W1,20260902.0,41400.0,Put,-,-,-,-,76,-,-,0,0,0,1,1.3,-,205,169
TXO,202609W1,20260902.0,41500.0,Call,-,-,-,-,3660,-,-,0,0,0,0,3640,3670,-,-
TXO,202609W1,20260902.0,41500.0,Put,94,94,80,80,80,▼-53,▼-39.85%,0,2,2,3,1.4,181,171,80
TXO,202609W1,20260902.0,41600.0,Call,-,-,-,-,3560,-,-,0,0,0,0,3540,3570,-,-
TXO,202609W1,20260902.0,41600.0,Put,-,-,-,-,86,-,-,0,0,0,0,1.4,-,172,140
TXO,202609W1,20260902.0,41700.0,Call,-,-,-,-,3470,-,-,0,0,0,0,3450,3480,-,-
TXO,202609W1,20260902.0,41700.0,Put,137,137,92,92,92,▼-57,▼-38.26%,5,4,9,6,1.5,-,206,92
TXO,202609W1,20260902.0,41800.0,Call,-,-,-,-,3380,-,-,0,0,0,0,3350,-,-,-
TXO,202609W1,20260902.0,41800.0,Put,139,139,109,109,100,▼-58,▼-34.73%,0,2,2,1,1.6,199,167,109
TXO,202609W1,20260902.0,41900.0,Call,-,-,-,-,3280,-,-,0,0,0,0,3260,3290,-,-
TXO,202609W1,20260902.0,41900.0,Put,-,-,-,-,107,-,-,0,0,0,0,2.4,-,-,-
TXO,202609W1,20260902.0,42000.0,Call,-,-,-,-,3190,-,-,0,0,0,0,3170,3200,-,-
TXO,202609W1,20260902.0,42000.0,Put,175,175,112,112,112,▼-70,▼-38.46%,4,94,98,9,66,138,260,112
TXO,202609W1,20260902.0,42100.0,Call,-,-,-,-,3100,-,-,0,0,0,0,3080,3110,-,-
TXO,202609W1,20260902.0,42100.0,Put,166,166,166,166,123,▼-35,▼-17.41%,0,1,1,4,20.5,-,262,166
TXO,202609W1,20260902.0,42200.0,Call,-,-,-,-,3010,-,-,0,0,0,0,2980,-,-,-
TXO,202609W1,20260902.0,42200.0,Put,150,150,130,130,130,▼-71,▼-35.32%,0,2,2,2,90,231,150,130
TXO,202609W1,20260902.0,42300.0,Call,-,-,-,-,2920,-,-,0,0,0,0,2890,-,-,-
TXO,202609W1,20260902.0,42300.0,Put,-,-,-,-,141,-,-,0,0,0,0,12.5,-,-,-
TXO,202609W1,20260902.0,42400.0,Call,-,-,-,-,2830,-,-,0,0,0,0,2800,-,-,-
TXO,202609W1,20260902.0,42400.0,Put,185,185,166,166,151,▼-60,▼-26.55%,1,3,4,21,13.5,249,321,166
TXO,202609W1,20260902.0,42500.0,Call,-,-,-,-,2740,-,-,0,0,0,0,2710,-,-,-
TXO,202609W1,20260902.0,42500.0,Put,285,285,195,195,162,▼-55,▼-22.00%,2,5,7,4,18,260,315,195
TXO,202609W1,20260902.0,42600.0,Call,-,-,-,-,2650,-,-,0,0,0,0,2630,2660,-,-
TXO,202609W1,20260902.0,42600.0,Put,205,205,185,185,172,▼-76,▼-29.12%,1,3,4,2,20,-,308,185
TXO,202609W1,20260902.0,42700.0,Call,-,-,-,-,2560,-,-,0,0,0,0,2540,2570,-,-
TXO,202609W1,20260902.0,42700.0,Put,-,-,-,-,184,-,-,0,0,0,20,21.5,283,327,309
TXO,202609W1,20260902.0,42800.0,Call,-,-,-,-,2480,-,-,0,0,0,0,2450,2480,-,-
TXO,202609W1,20260902.0,42800.0,Put,200,200,200,200,200,▼-93,▼-31.74%,0,1,1,1,96,-,346,200
TXO,202609W1,20260902.0,42900.0,Call,-,-,-,-,2390,-,-,0,0,0,0,2370,2400,-,-
TXO,202609W1,20260902.0,42900.0,Put,245,250,245,250,213,▼-64,▼-20.38%,3,2,5,3,116,310,363,245
TXO,202609W1,20260902.0,43000.0,Call,-,-,-,-,2300,-,-,0,0,0,0,2280,2310,-,-
TXO,202609W1,20260902.0,43000.0,Put,278,278,228,231,231,▼-95,▼-29.14%,0,3,3,33,105,325,431,228
TXO,202609W1,20260902.0,43100.0,Call,-,-,-,-,2220,-,-,0,0,0,0,2200,2230,-,-
TXO,202609W1,20260902.0,43100.0,Put,-,-,-,-,243,-,-,1,0,1,1,148,340,395,395
TXO,202609W1,20260902.0,43200.0,Call,-,-,-,-,2140,-,-,0,0,0,0,2110,2140,-,-
TXO,202609W1,20260902.0,43200.0,Put,265,265,263,263,263,▼-104,▼-28.34%,1,2,3,6,164,-,440,263
TXO,202609W1,20260902.0,43300.0,Call,-,-,-,-,2060,-,-,0,0,0,0,2030,2060,-,-
TXO,202609W1,20260902.0,43300.0,Put,-,-,-,-,278,-,-,0,0,0,1,180,374,424,424
TXO,202609W1,20260902.0,43400.0,Call,-,-,-,-,1960,-,-,0,0,0,0,1950,1980,-,-
TXO,202609W1,20260902.0,43400.0,Put,304,309,282,282,282,▼-135,▼-32.37%,1,3,4,6,202,394,510,282
TXO,202609W1,20260902.0,43450.0,Call,1910,1910,1910,1910,1910,▲+70,▲+3.80%,0,1,1,1,1910,1940,1910,1910
TXO,202609W1,20260902.0,43450.0,Put,-,-,-,-,306,-,-,0,0,0,0,203,-,-,-
TXO,202609W1,20260902.0,43500.0,Call,1880,1880,1880,1880,1880,▲+80,▲+4.44%,0,1,1,1,1870,1900,1880,1880
TXO,202609W1,20260902.0,43500.0,Put,-,-,-,-,317,-,-,21,0,21,2,219,414,585,473
TXO,202609W1,20260902.0,43550.0,Call,-,-,-,-,1860,-,-,0,0,0,0,1830,1860,-,-
TXO,202609W1,20260902.0,43550.0,Put,410,420,410,420,328,▼-30,▼-6.67%,0,4,4,4,224,425,420,410
TXO,202609W1,20260902.0,43600.0,Call,-,-,-,-,1820,-,-,0,0,0,0,1790,1820,-,-
TXO,202609W1,20260902.0,43600.0,Put,-,-,-,-,340,-,-,0,0,0,4,234,435,560,530
TXO,202609W1,20260902.0,43650.0,Call,-,-,-,-,1780,-,-,0,0,0,0,1750,1780,-,-
TXO,202609W1,20260902.0,43650.0,Put,-,-,-,-,351,-,-,0,0,0,0,245,-,-,-
TXO,202609W1,20260902.0,43700.0,Call,-,-,-,-,1740,-,-,0,0,0,3,1720,1740,1800,1630
TXO,202609W1,20260902.0,43700.0,Put,400,400,400,400,363,▼-90,▼-18.37%,0,10,10,11,266,458,630,400
TXO,202609W1,20260902.0,43750.0,Call,-,-,-,-,1700,-,-,0,0,0,0,1680,1710,-,-
TXO,202609W1,20260902.0,43750.0,Put,-,-,-,-,375,-,-,0,0,0,0,269,-,-,-
TXO,202609W1,20260902.0,43800.0,Call,-,-,-,-,1660,-,-,0,0,0,0,1350,1670,1560,1560
TXO,202609W1,20260902.0,43800.0,Put,406,406,406,406,386,▼-114,▼-21.92%,0,2,2,3,281,482,590,406
TXO,202609W1,20260902.0,43850.0,Call,-,-,-,-,1620,-,-,0,0,0,0,1320,1630,-,-
TXO,202609W1,20260902.0,43850.0,Put,-,-,-,-,396,-,-,0,0,0,0,292,-,-,-
TXO,202609W1,20260902.0,43900.0,Call,-,-,-,-,1590,-,-,0,0,0,0,1280,1590,-,-
TXO,202609W1,20260902.0,43900.0,Put,-,-,-,-,410,-,-,0,0,0,2,308,510,620,520
TXO,202609W1,20260902.0,43950.0,Call,-,-,-,-,1550,-,-,0,0,0,0,1240,-,-,-
TXO,202609W1,20260902.0,43950.0,Put,-,-,-,-,423,-,-,0,0,0,0,318,-,-,-
TXO,202609W1,20260902.0,44000.0,Call,-,-,-,-,1510,-,-,0,0,0,0,1480,1520,-,-
TXO,202609W1,20260902.0,44000.0,Put,475,475,430,430,430,▼-150,▼-25.86%,4,6,10,8,333,-,780,430
TXO,202609W1,20260902.0,44050.0,Call,-,-,-,-,1480,-,-,0,0,0,0,1440,1480,-,-
TXO,202609W1,20260902.0,44050.0,Put,-,-,-,-,451,-,-,0,0,0,0,347,-,-,-
TXO,202609W1,20260902.0,44100.0,Call,-,-,-,-,1450,-,-,0,0,0,0,1410,1450,-,-
TXO,202609W1,20260902.0,44100.0,Put,484,484,483,483,467,▼-127,▼-20.82%,2,2,4,1,367,565,800,483
TXO,202609W1,20260902.0,44150.0,Call,-,-,-,-,1410,-,-,0,0,0,0,1370,1410,-,-
TXO,202609W1,20260902.0,44150.0,Put,-,-,-,-,479,-,-,0,0,0,0,376,-,-,-
TXO,202609W1,20260902.0,44200.0,Call,-,-,-,-,1370,-,-,0,0,0,0,1340,1380,-,-
TXO,202609W1,20260902.0,44200.0,Put,-,-,-,-,489,-,-,3,0,3,6,400,595,835,645
TXO,202609W1,20260902.0,44250.0,Call,-,-,-,-,1340,-,-,0,0,0,0,1310,1340,-,-
TXO,202609W1,20260902.0,44250.0,Put,-,-,-,-,505,-,-,0,0,0,1,406,-,785,785
TXO,202609W1,20260902.0,44300.0,Call,-,-,-,-,1300,-,-,0,0,0,0,1270,1310,-,-
TXO,202609W1,20260902.0,44300.0,Put,695,695,695,695,525,▲+15,▲+2.21%,0,1,1,1,429,-,695,695
TXO,202609W1,20260902.0,44350.0,Call,-,-,-,-,1270,-,-,0,0,0,0,1240,1280,1200,1200
TXO,202609W1,20260902.0,44350.0,Put,-,-,-,-,545,-,-,3,0,3,1,440,640,955,755
TXO,202609W1,20260902.0,44400.0,Call,-,-,-,-,1240,-,-,0,0,0,0,1210,1240,-,-
TXO,202609W1,20260902.0,44400.0,Put,670,680,535,535,560,▼-185,▼-25.69%,0,3,3,6,465,-,855,535
TXO,202609W1,20260902.0,44450.0,Call,-,-,-,-,1200,-,-,0,0,0,0,1170,1210,-,-
TXO,202609W1,20260902.0,44450.0,Put,-,-,-,-,575,-,-,1,0,1,0,474,-,955,860
TXO,202609W1,20260902.0,44500.0,Call,1240,1240,1240,1240,1170,▲+120,▲+10.71%,0,1,1,1,1140,1180,1240,1020
TXO,202609W1,20260902.0,44500.0,Put,-,-,-,-,595,-,-,4,0,4,2,490,-,965,760
TXO,202609W1,20260902.0,44550.0,Call,-,-,-,-,1130,-,-,0,0,0,0,1110,1140,-,-
TXO,202609W1,20260902.0,44550.0,Put,620,620,620,620,620,▼-140,▼-18.42%,3,1,4,2,515,1040,1030,620
TXO,202609W1,20260902.0,44600.0,Call,-,-,-,-,1100,-,-,0,0,0,0,1080,1110,1040,980
TXO,202609W1,20260902.0,44600.0,Put,660,670,660,670,625,▼-135,▼-16.77%,0,4,4,3,525,-,950,660
TXO,202609W1,20260902.0,44650.0,Call,-,-,-,-,1080,-,-,0,0,0,0,1040,1080,1010,940
TXO,202609W1,20260902.0,44650.0,Put,-,-,-,-,645,-,-,0,0,0,0,545,-,975,825
TXO,202609W1,20260902.0,44700.0,Call,-,-,-,-,1050,-,-,1,0,1,1,1010,1050,880,880
TXO,202609W1,20260902.0,44700.0,Put,780,780,695,695,665,▼-140,▼-16.77%,0,3,3,3,565,900,955,695
TXO,202609W1,20260902.0,44750.0,Call,-,-,-,-,1020,-,-,0,0,0,1,970,1020,910,910
TXO,202609W1,20260902.0,44750.0,Put,-,-,-,-,685,-,-,0,0,0,1,585,-,995,970
TXO,202609W1,20260902.0,44800.0,Call,975,975,975,975,975,▲+30,▲+3.17%,0,1,1,0,520,1060,975,900
TXO,202609W1,20260902.0,44800.0,Put,705,705,705,705,705,▼-185,▼-20.79%,0,1,1,0,605,805,890,705
TXO,202609W1,20260902.0,44850.0,Call,945,945,945,945,945,▲+25,▲+2.72%,0,1,1,1,3.3,1030,950,880
TXO,202609W1,20260902.0,44850.0,Put,735,735,735,735,735,▼-175,▼-19.23%,0,1,1,0,625,-,910,735
TXO,202609W1,20260902.0,44900.0,Call,-,-,-,-,930,-,-,0,0,0,2,805,-,920,750
TXO,202609W1,20260902.0,44900.0,Put,-,-,-,-,750,-,-,1,0,1,1,645,850,1010,1010
TXO,202609W1,20260902.0,44950.0,Call,-,-,-,-,900,-,-,0,0,0,0,3.3,-,-,-
TXO,202609W1,20260902.0,44950.0,Put,-,-,-,-,770,-,-,0,0,0,0,665,-,-,-
TXO,202609W1,20260902.0,45000.0,Call,850,850,850,850,850,▲+35,▲+4.29%,0,1,1,1,3.3,945,850,850
TXO,202609W1,20260902.0,45000.0,Put,800,800,800,800,800,▼-150,▼-15.79%,0,1,1,1,3.3,-,1030,800
TXO,202609W1,20260902.0,45050.0,Call,-,-,-,-,840,-,-,0,0,0,0,3.3,-,-,-
TXO,202609W1,20260902.0,45050.0,Put,-,-,-,-,810,-,-,0,0,0,0,3.3,-,-,-
TXO,202609W1,20260902.0,45100.0,Call,800,800,800,800,800,▲+35,▲+4.58%,0,2,2,2,695,900,800,800
TXO,202609W1,20260902.0,45100.0,Put,840,840,840,840,840,▼-155,▼-15.58%,0,1,1,1,3.3,-,840,840
TXO,202609W1,20260902.0,45150.0,Call,-,-,-,-,780,-,-,0,0,0,0,670,-,-,-
TXO,202609W1,20260902.0,45150.0,Put,-,-,-,-,850,-,-,0,0,0,0,3.3,-,-,-
TXO,202609W1,20260902.0,45200.0,Call,730,750,730,745,745,▲+30,▲+4.20%,0,56,56,56,645,850,750,635
TXO,202609W1,20260902.0,45200.0,Put,-,-,-,-,875,-,-,0,0,0,0,3.3,-,-,-
TXO,202609W1,20260902.0,45250.0,Call,-,-,-,-,730,-,-,0,0,0,1,620,-,670,670
TXO,202609W1,20260902.0,45250.0,Put,-,-,-,-,900,-,-,0,0,0,0,3.3,-,-,-
TXO,202609W1,20260902.0,45300.0,Call,-,-,-,-,705,-,-,2,0,2,2,600,790,700,600
TXO,202609W1,20260902.0,45300.0,Put,950,950,950,950,925,▼-150,▼-13.64%,0,1,1,1,910,945,950,950
TXO,202609W1,20260902.0,45350.0,Call,-,-,-,-,685,-,-,0,0,0,0,570,-,-,-
TXO,202609W1,20260902.0,45350.0,Put,-,-,-,-,955,-,-,0,0,0,0,650,970,-,-
TXO,202609W1,20260902.0,45400.0,Call,-,-,-,-,660,-,-,1,0,1,1,545,745,525,525
TXO,202609W1,20260902.0,45400.0,Put,-,-,-,-,980,-,-,0,0,0,0,675,995,-,-
TXO,202609W1,20260902.0,45450.0,Call,-,-,-,-,635,-,-,0,0,0,1,520,-,650,650
TXO,202609W1,20260902.0,45450.0,Put,-,-,-,-,1010,-,-,0,0,0,0,700,1030,-,-
TXO,202609W1,20260902.0,45500.0,Call,-,-,-,-,610,-,-,0,0,0,1,500,695,620,550
TXO,202609W1,20260902.0,45500.0,Put,-,-,-,-,1030,-,-,0,0,0,0,1010,1050,-,-
TXO,202609W1,20260902.0,45550.0,Call,-,-,-,-,590,-,-,0,0,0,0,479,-,-,-
TXO,202609W1,20260902.0,45550.0,Put,-,-,-,-,1060,-,-,0,0,0,0,755,1080,-,-
TXO,202609W1,20260902.0,45600.0,Call,-,-,-,-,555,-,-,0,0,0,0,457,-,565,565
TXO,202609W1,20260902.0,45600.0,Put,-,-,-,-,1080,-,-,0,0,0,0,1070,1110,-,-
TXO,202609W1,20260902.0,45650.0,Call,-,-,-,-,535,-,-,2,0,2,2,435,640,545,448
TXO,202609W1,20260902.0,45650.0,Put,-,-,-,-,1110,-,-,0,0,0,0,810,1140,-,-
TXO,202609W1,20260902.0,45700.0,Call,488,510,488,510,510,▲+12,▲+2.41%,0,2,2,2,413,620,510,488
TXO,202609W1,20260902.0,45700.0,Put,1150,1150,1150,1150,1150,▼-180,▼-13.53%,0,1,1,1,840,1170,1150,1150
TXO,202609W1,20260902.0,45750.0,Call,-,-,-,-,496,-,-,0,0,0,0,395,-,-,-
TXO,202609W1,20260902.0,45750.0,Put,-,-,-,-,1170,-,-,0,0,0,0,870,1200,-,-
TXO,202609W1,20260902.0,45800.0,Call,491,491,491,491,491,▲+29,▲+6.28%,1,1,2,6,375,580,510,394
TXO,202609W1,20260902.0,45800.0,Put,-,-,-,-,1200,-,-,0,0,0,0,900,1230,-,-
TXO,202609W1,20260902.0,45850.0,Call,-,-,-,-,457,-,-,0,0,0,1,357,-,515,515
TXO,202609W1,20260902.0,45850.0,Put,-,-,-,-,1230,-,-,0,0,0,0,935,1260,-,-
TXO,202609W1,20260902.0,45900.0,Call,-,-,-,-,439,-,-,7,0,7,2,338,475,400,350
TXO,202609W1,20260902.0,45900.0,Put,-,-,-,-,1260,-,-,0,0,0,0,965,1290,-,-
TXO,202609W1,20260902.0,45950.0,Call,-,-,-,-,422,-,-,0,0,0,1,320,515,480,480
TXO,202609W1,20260902.0,45950.0,Put,-,-,-,-,1290,-,-,0,0,0,2,1200,1320,1510,1500
TXO,202609W1,20260902.0,46000.0,Call,405,405,345,353,405,▼-38,▼-9.72%,10,4,14,5,304,498,470,273
TXO,202609W1,20260902.0,46000.0,Put,-,-,-,-,1330,-,-,0,0,0,0,1030,1350,-,-
TXO,202609W1,20260902.0,46050.0,Call,-,-,-,-,389,-,-,0,0,0,0,285,-,-,-
TXO,202609W1,20260902.0,46050.0,Put,-,-,-,-,1360,-,-,0,0,0,0,1180,1390,-,-
TXO,202609W1,20260902.0,46100.0,Call,-,-,-,-,373,-,-,0,0,0,6,269,470,384,378
TXO,202609W1,20260902.0,46100.0,Put,-,-,-,-,1390,-,-,0,0,0,0,1100,1420,-,-
TXO,202609W1,20260902.0,46150.0,Call,-,-,-,-,357,-,-,0,0,0,0,255,-,-,-
TXO,202609W1,20260902.0,46150.0,Put,1610,1610,1370,1370,1430,▼-250,▼-15.43%,2,21,23,30,1420,1450,1760,1370
TXO,202609W1,20260902.0,46200.0,Call,-,-,-,-,339,-,-,0,0,0,5,238,-,458,236
TXO,202609W1,20260902.0,46200.0,Put,-,-,-,-,1460,-,-,0,0,0,0,1460,1480,-,-
TXO,202609W1,20260902.0,46250.0,Call,-,-,-,-,324,-,-,0,0,0,1,223,-,290,290
TXO,202609W1,20260902.0,46250.0,Put,-,-,-,-,1490,-,-,0,0,0,0,1490,1520,-,-
TXO,202609W1,20260902.0,46300.0,Call,-,-,-,-,310,-,-,1,0,1,2,209,-,310,189
TXO,202609W1,20260902.0,46300.0,Put,-,-,-,-,1530,-,-,0,0,0,0,1530,1560,-,-
TXO,202609W1,20260902.0,46350.0,Call,-,-,-,-,296,-,-,0,0,0,1,195,-,295,295
TXO,202609W1,20260902.0,46350.0,Put,-,-,-,-,1570,-,-,0,0,0,0,1560,1590,-,-
TXO,202609W1,20260902.0,46400.0,Call,280,280,272,272,272,▼-5,▼-1.81%,2,2,4,4,181,378,314,181
TXO,202609W1,20260902.0,46400.0,Put,-,-,-,-,1600,-,-,0,0,0,0,1600,1630,-,-
TXO,202609W1,20260902.0,46450.0,Call,-,-,-,-,269,-,-,0,0,0,1,90,-,295,295
TXO,202609W1,20260902.0,46450.0,Put,-,-,-,-,1640,-,-,0,0,0,0,1640,1660,-,-
TXO,202609W1,20260902.0,46500.0,Call,254,273,254,255,255,▲+1,▲+0.39%,4,4,8,15,156,357,302,195
TXO,202609W1,20260902.0,46500.0,Put,-,-,-,-,1680,-,-,0,0,0,0,1670,1700,-,-
TXO,202609W1,20260902.0,46550.0,Call,-,-,-,-,246,-,-,0,0,0,0,144,-,-,-
TXO,202609W1,20260902.0,46550.0,Put,-,-,-,-,1720,-,-,0,0,0,0,1710,1740,-,-
TXO,202609W1,20260902.0,46600.0,Call,-,-,-,-,236,-,-,6,0,6,6,133,-,285,157
TXO,202609W1,20260902.0,46600.0,Put,-,-,-,-,1760,-,-,0,0,0,0,1750,1780,-,-
TXO,202609W1,20260902.0,46650.0,Call,-,-,-,-,225,-,-,1,0,1,1,122,319,150,150
TXO,202609W1,20260902.0,46650.0,Put,-,-,-,-,1800,-,-,0,0,0,0,1790,1820,-,-
TXO,202609W1,20260902.0,46700.0,Call,-,-,-,-,215,-,-,0,0,0,2,33,309,250,175
TXO,202609W1,20260902.0,46700.0,Put,-,-,-,-,1840,-,-,0,0,0,0,1830,1860,-,-
TXO,202609W1,20260902.0,46800.0,Call,182,193,182,190,190,▼-1,▼-0.52%,0,8,8,12,192,-,248,149
TXO,202609W1,20260902.0,46800.0,Put,-,-,-,-,1920,-,-,0,0,0,0,1910,1940,-,-
TXO,202609W1,20260902.0,46900.0,Call,160,174,160,174,174,0,0%,0,6,6,6,2.4,-,225,141
TXO,202609W1,20260902.0,46900.0,Put,-,-,-,-,1990,-,-,0,0,0,0,1990,2020,-,-
TXO,202609W1,20260902.0,47000.0,Call,135,178,135,155,155,▼-3,▼-1.90%,23,25,48,24,100,700,205,108
TXO,202609W1,20260902.0,47000.0,Put,-,-,-,-,2080,-,-,0,0,0,0,2070,2100,-,-
TXO,202609W1,20260902.0,47100.0,Call,-,-,-,-,143,-,-,2,0,2,33,2.4,242,165,93
TXO,202609W1,20260902.0,47100.0,Put,-,-,-,-,2160,-,-,0,0,0,0,2160,-,-,-
TXO,202609W1,20260902.0,47200.0,Call,-,-,-,-,129,-,-,1,0,1,7,27.5,200,154,76
TXO,202609W1,20260902.0,47200.0,Put,-,-,-,-,2250,-,-,0,0,0,0,2240,2270,-,-
TXO,202609W1,20260902.0,47300.0,Call,-,-,-,-,116,-,-,0,0,0,2,1.5,-,160,98
TXO,202609W1,20260902.0,47300.0,Put,-,-,-,-,2340,-,-,0,0,0,0,2330,2360,-,-
TXO,202609W1,20260902.0,47400.0,Call,96,96,95,95,95,▼-13,▼-12.04%,0,11,11,4,3.8,-,168,93
TXO,202609W1,20260902.0,47400.0,Put,-,-,-,-,2420,-,-,0,0,0,0,2420,2450,-,-
TXO,202609W1,20260902.0,47500.0,Call,84,105,75,92,92,▼-5,▼-5.15%,8,8,16,5,1.2,192,138,56
TXO,202609W1,20260902.0,47500.0,Put,-,-,-,-,2510,-,-,0,0,0,0,2510,2540,-,-
TXO,202609W1,20260902.0,47600.0,Call,100,100,83,83,83,▼-3,▼-3.49%,1,2,3,8,1.6,185,116,52
TXO,202609W1,20260902.0,47600.0,Put,-,-,-,-,2600,-,-,0,0,0,0,2600,2630,-,-
TXO,202609W1,20260902.0,47700.0,Call,-,-,-,-,74,-,-,0,0,0,3,0.9,176,97,65
TXO,202609W1,20260902.0,47700.0,Put,-,-,-,-,2690,-,-,0,0,0,0,2690,2720,-,-
TXO,202609W1,20260902.0,47800.0,Call,64,64,58,63,63,▼-10,▼-13.70%,10,12,22,5,0.8,169,104,44.5
TXO,202609W1,20260902.0,47800.0,Put,-,-,-,-,2790,-,-,0,0,0,0,2780,2810,-,-
TXO,202609W1,20260902.0,47900.0,Call,-,-,-,-,62,-,-,2,0,2,1,0.8,-,102,38.5
TXO,202609W1,20260902.0,47900.0,Put,-,-,-,-,2880,-,-,0,0,0,0,-,2910,-,-
TXO,202609W1,20260902.0,48000.0,Call,54,70,45,48,56,▼-12,▼-20.00%,14,15,29,14,0.7,85,96,37
TXO,202609W1,20260902.0,48000.0,Put,-,-,-,-,2980,-,-,0,0,0,0,2970,3000,-,-
TXO,202609W1,20260902.0,48100.0,Call,55,55,55,55,55,0,0%,0,2,2,5,0.7,95,79,38
TXO,202609W1,20260902.0,48100.0,Put,-,-,-,-,3070,-,-,0,0,0,0,3060,3090,-,-
TXO,202609W1,20260902.0,48200.0,Call,45.5,45.5,45.5,45.5,45.5,▼-4,▼-8.08%,2,1,3,4,0.7,114,66,41
TXO,202609W1,20260902.0,48200.0,Put,-,-,-,-,3160,-,-,0,0,0,0,3160,-,-,-
TXO,202609W1,20260902.0,48300.0,Call,-,-,-,-,40.5,-,-,0,0,0,2,0.7,141,62,62
TXO,202609W1,20260902.0,48300.0,Put,-,-,-,-,3260,-,-,0,0,0,0,3250,3280,-,-
TXO,202609W1,20260902.0,48400.0,Call,-,-,-,-,37,-,-,0,0,0,281,0.7,-,59,41.5
TXO,202609W1,20260902.0,48400.0,Put,-,-,-,-,3360,-,-,0,0,0,0,3350,3380,-,-
TXO,202609W1,20260902.0,48500.0,Call,33,38,30,30,33.5,▼-7.5,▼-20.00%,1,18,19,17,0.5,35,39.5,26.5
TXO,202609W1,20260902.0,48500.0,Put,-,-,-,-,3450,-,-,0,0,0,0,-,3480,-,-
TXO,202609W1,20260902.0,48600.0,Call,27.5,27.5,27.5,27.5,27.5,▼-6.5,▼-19.12%,0,1,1,1,0.5,-,50,27.5
TXO,202609W1,20260902.0,48600.0,Put,-,-,-,-,3550,-,-,0,0,0,0,3540,3570,-,-
TXO,202609W1,20260902.0,48700.0,Call,-,-,-,-,27.5,-,-,0,0,0,0,0.5,-,-,-
TXO,202609W1,20260902.0,48700.0,Put,-,-,-,-,3650,-,-,0,0,0,0,3640,3670,-,-
TXO,202609W1,20260902.0,48800.0,Call,26,31.5,26,31.5,24.5,▲+0.5,▲+1.61%,0,2,2,4,0.5,126,41,26
TXO,202609W1,20260902.0,48800.0,Put,-,-,-,-,3740,-,-,0,0,0,0,-,3770,-,-
TXO,202609W1,20260902.0,48900.0,Call,21,21,21,21,21,▼-6,▼-22.22%,0,1,1,4,0.5,124,38,19
TXO,202609W1,20260902.0,48900.0,Put,-,-,-,-,3840,-,-,0,0,0,0,3830,3860,-,-
TXO,202609W1,20260902.0,49000.0,Call,25,25,20,20,20,▼-5,▼-20.00%,0,6,6,36,0.7,122,32.5,20
TXO,202609W1,20260902.0,49000.0,Put,-,-,-,-,3940,-,-,0,0,0,0,3930,3960,-,-
TXO,202609W1,20260902.0,49100.0,Call,-,-,-,-,19,-,-,0,0,0,0,0.5,-,-,-
TXO,202609W1,20260902.0,49100.0,Put,-,-,-,-,4040,-,-,0,0,0,0,4030,4060,-,-
TXO,202609W1,20260902.0,49200.0,Call,-,-,-,-,17.5,-,-,2,0,2,6,0.5,-,35,14
TXO,202609W1,20260902.0,49200.0,Put,-,-,-,-,4140,-,-,0,0,0,0,4130,4160,-,-
TXO,202609W1,20260902.0,49300.0,Call,-,-,-,-,16,-,-,2,0,2,2,0.5,-,31,17
TXO,202609W1,20260902.0,49300.0,Put,-,-,-,-,4230,-,-,0,0,0,0,-,4260,-,-
TXO,202609W1,20260902.0,49400.0,Call,-,-,-,-,15,-,-,0,0,0,0,0.5,-,-,-
TXO,202609W1,20260902.0,49400.0,Put,-,-,-,-,4330,-,-,0,0,0,0,-,4360,-,-
TXO,202609W1,20260902.0,49500.0,Call,-,-,-,-,13.5,-,-,0,0,0,0,0.6,-,23.5,23
TXO,202609W1,20260902.0,49500.0,Put,-,-,-,-,4430,-,-,0,0,0,0,4420,4460,-,-
TXO,202609W1,20260902.0,49600.0,Call,-,-,-,-,12.5,-,-,0,0,0,6,0.6,114,22,15.5
TXO,202609W1,20260902.0,49600.0,Put,-,-,-,-,4530,-,-,0,0,0,0,4520,4560,-,-
TXO,202609W1,20260902.0,49700.0,Call,-,-,-,-,12,-,-,0,0,0,1,0.6,-,20,20
TXO,202609W1,20260902.0,49700.0,Put,-,-,-,-,4630,-,-,0,0,0,0,4620,4650,-,-
TXO,202609W1,20260902.0,49800.0,Call,-,-,-,-,11,-,-,0,0,0,0,2.9,-,-,-
TXO,202609W1,20260902.0,49800.0,Put,-,-,-,-,4730,-,-,0,0,0,0,4720,4750,-,-
TXO,202609W1,20260902.0,49900.0,Call,12,14,11,11,11,▼-2,▼-15.38%,1,73,74,79,0.8,18.5,19,9.9
TXO,202609W1,20260902.0,49900.0,Put,-,-,-,-,4830,-,-,0,0,0,0,4820,4850,-,-
TXO,202609F1,20260904.0,40400.0,Call,-,-,-,-,4750,-,-,0,0,0,0,4740,4770,-,-
TXO,202609F1,20260904.0,40400.0,Put,90,106,64,64,64,▼-39,▼-37.86%,0,50,50,50,55,66,106,64
TXO,202609F1,20260904.0,40500.0,Call,-,-,-,-,4660,-,-,0,0,0,0,4360,-,-,-
TXO,202609F1,20260904.0,40500.0,Put,95,106,75,75,68,▼-33,▼-30.56%,0,16,16,12,5.6,100,106,75
TXO,202609F1,20260904.0,40600.0,Call,-,-,-,-,4560,-,-,0,0,0,0,4270,4580,-,-
TXO,202609F1,20260904.0,40600.0,Put,104,116,104,116,72,▲+2,▲+1.75%,0,20,20,20,2,138,116,104
TXO,202609F1,20260904.0,40700.0,Call,-,-,-,-,4470,-,-,0,0,0,0,4170,4480,-,-
TXO,202609F1,20260904.0,40700.0,Put,107,107,107,107,75,▼-12,▼-10.08%,0,6,6,6,1,176,107,107
TXO,202609F1,20260904.0,40800.0,Call,-,-,-,-,4370,-,-,0,0,0,0,4080,4390,-,-
TXO,202609F1,20260904.0,40800.0,Put,116,125,100,106,81,▼-19,▼-15.20%,0,14,14,14,0.9,180,125,100
TXO,202609F1,20260904.0,40900.0,Call,-,-,-,-,4280,-,-,0,0,0,0,3980,4290,-,-
TXO,202609F1,20260904.0,40900.0,Put,122,122,122,122,85,▼-10,▼-7.58%,0,6,6,6,1,185,122,122
TXO,202609F1,20260904.0,41000.0,Call,-,-,-,-,4180,-,-,0,0,0,0,3890,4200,-,-
TXO,202609F1,20260904.0,41000.0,Put,130,130,90,90,90,▼-48,▼-34.78%,0,25,25,22,20,91,130,90
TXO,202609F1,20260904.0,41100.0,Call,-,-,-,-,4090,-,-,0,0,0,0,3790,4100,-,-
TXO,202609F1,20260904.0,41100.0,Put,107,107,100,100,100,▼-45,▼-31.03%,0,3,3,2,3.3,195,107,100
TXO,202609F1,20260904.0,41200.0,Call,-,-,-,-,3990,-,-,0,0,0,0,3700,4010,-,-
TXO,202609F1,20260904.0,41200.0,Put,108,108,101,101,101,▼-52,▼-33.99%,0,10,10,10,1.9,201,108,101
TXO,202609F1,20260904.0,41300.0,Call,-,-,-,-,3900,-,-,0,0,0,0,3600,-,-,-
TXO,202609F1,20260904.0,41300.0,Put,105,105,105,105,105,▼-55,▼-34.38%,0,1,1,1,1.3,-,105,105
TXO,202609F1,20260904.0,41400.0,Call,-,-,-,-,3810,-,-,0,0,0,0,3510,3820,-,-
TXO,202609F1,20260904.0,41400.0,Put,-,-,-,-,114,-,-,0,0,0,0,13.5,-,-,-
TXO,202609F1,20260904.0,41500.0,Call,-,-,-,-,3710,-,-,0,0,0,0,3420,3730,-,-
TXO,202609F1,20260904.0,41500.0,Put,165,165,137,137,121,▼-40,▼-22.60%,0,2,2,2,20.5,221,165,137
TXO,202609F1,20260904.0,41600.0,Call,-,-,-,-,3620,-,-,0,0,0,0,3320,-,-,-
TXO,202609F1,20260904.0,41600.0,Put,152,152,152,152,128,▼-35,▼-18.72%,0,1,1,1,1.4,-,152,152
TXO,202609F1,20260904.0,41700.0,Call,-,-,-,-,3530,-,-,0,0,0,0,3230,-,-,-
TXO,202609F1,20260904.0,41700.0,Put,-,-,-,-,137,-,-,0,0,0,0,1.5,153,-,-
TXO,202609F1,20260904.0,41800.0,Call,-,-,-,-,3440,-,-,0,0,0,0,3140,3450,-,-
TXO,202609F1,20260904.0,41800.0,Put,-,-,-,-,145,-,-,0,0,0,0,44.5,-,-,-
TXO,202609F1,20260904.0,41900.0,Call,-,-,-,-,3350,-,-,0,0,0,0,3050,3360,-,-
TXO,202609F1,20260904.0,41900.0,Put,-,-,-,-,156,-,-,0,0,0,0,53,-,-,-
TXO,202609F1,20260904.0,42000.0,Call,-,-,-,-,3260,-,-,0,0,0,0,2960,3270,-,-
TXO,202609F1,20260904.0,42000.0,Put,230,230,182,182,168,▼-47,▼-20.52%,0,3,3,3,162,264,230,182
TXO,202609F1,20260904.0,42100.0,Call,-,-,-,-,3170,-,-,0,0,0,0,2870,3180,-,-
TXO,202609F1,20260904.0,42100.0,Put,-,-,-,-,173,-,-,0,0,0,0,73,-,-,-
TXO,202609F1,20260904.0,42200.0,Call,-,-,-,-,3080,-,-,0,0,0,0,2780,3090,-,-
TXO,202609F1,20260904.0,42200.0,Put,200,200,190,190,190,▼-64,▼-25.20%,0,2,2,2,84,285,200,190
TXO,202609F1,20260904.0,42300.0,Call,-,-,-,-,2990,-,-,0,0,0,0,2690,-,-,-
TXO,202609F1,20260904.0,42300.0,Put,-,-,-,-,197,-,-,0,0,0,0,96,-,-,-
TXO,202609F1,20260904.0,42400.0,Call,-,-,-,-,2900,-,-,0,0,0,0,2600,-,-,-
TXO,202609F1,20260904.0,42400.0,Put,-,-,-,-,209,-,-,0,0,0,0,108,-,-,-
TXO,202609F1,20260904.0,42500.0,Call,-,-,-,-,2810,-,-,0,0,0,0,2520,2830,-,-
TXO,202609F1,20260904.0,42500.0,Put,252,252,252,252,222,▼-44,▼-14.86%,0,1,1,1,46,1000,252,252
TXO,202609F1,20260904.0,42600.0,Call,-,-,-,-,2730,-,-,0,0,0,0,2430,2740,-,-
TXO,202609F1,20260904.0,42600.0,Put,-,-,-,-,236,-,-,0,0,0,0,135,-,-,-
TXO,202609F1,20260904.0,42700.0,Call,-,-,-,-,2640,-,-,0,0,0,0,2350,2660,-,-
TXO,202609F1,20260904.0,42700.0,Put,-,-,-,-,250,-,-,0,0,0,0,149,-,-,-
TXO,202609F1,20260904.0,42800.0,Call,-,-,-,-,2560,-,-,0,0,0,0,2260,2570,-,-
TXO,202609F1,20260904.0,42800.0,Put,290,290,290,290,265,▼-56,▼-16.18%,0,1,1,1,164,364,290,290
TXO,202609F1,20260904.0,42900.0,Call,-,-,-,-,2470,-,-,0,0,0,0,2180,2490,-,-
TXO,202609F1,20260904.0,42900.0,Put,285,285,285,285,285,▼-79,▼-21.70%,0,1,1,1,180,-,285,285
TXO,202609F1,20260904.0,43000.0,Call,-,-,-,-,2390,-,-,0,0,0,0,2090,-,-,-
TXO,202609F1,20260904.0,43000.0,Put,348,348,348,348,297,▼-36,▼-9.38%,0,1,1,1,204,397,348,348
TXO,202609F1,20260904.0,43100.0,Call,-,-,-,-,2310,-,-,0,0,0,0,2010,2320,-,-
TXO,202609F1,20260904.0,43100.0,Put,-,-,-,-,316,-,-,0,0,0,0,215,-,-,-
TXO,202609F1,20260904.0,43200.0,Call,-,-,-,-,2230,-,-,0,0,0,0,1930,2240,-,-
TXO,202609F1,20260904.0,43200.0,Put,-,-,-,-,332,-,-,0,0,0,0,233,-,-,-
TXO,202609F1,20260904.0,43300.0,Call,-,-,-,-,2140,-,-,0,0,0,0,1850,2160,-,-
TXO,202609F1,20260904.0,43300.0,Put,-,-,-,-,350,-,-,0,0,0,0,253,-,-,-
TXO,202609F1,20260904.0,43400.0,Call,-,-,-,-,2070,-,-,0,0,0,0,1770,2080,-,-
TXO,202609F1,20260904.0,43400.0,Put,-,-,-,-,374,-,-,0,0,0,0,274,-,-,-
TXO,202609F1,20260904.0,43500.0,Call,-,-,-,-,1990,-,-,0,0,0,0,1690,2000,-,-
TXO,202609F1,20260904.0,43500.0,Put,450,450,410,410,410,▼-87,▼-17.51%,0,3,3,3,296,497,450,410
TXO,202609F1,20260904.0,43600.0,Call,-,-,-,-,1910,-,-,0,0,0,0,1610,1930,-,-
TXO,202609F1,20260904.0,43600.0,Put,-,-,-,-,419,-,-,0,0,0,0,319,-,-,-
TXO,202609F1,20260904.0,43650.0,Call,-,-,-,-,1870,-,-,0,0,0,0,1570,1890,-,-
TXO,202609F1,20260904.0,43650.0,Put,-,-,-,-,431,-,-,0,0,0,0,331,-,-,-
TXO,202609F1,20260904.0,43700.0,Call,-,-,-,-,1840,-,-,0,0,0,0,1540,1850,-,-
TXO,202609F1,20260904.0,43700.0,Put,-,-,-,-,444,-,-,0,0,0,0,346,-,-,-
TXO,202609F1,20260904.0,43750.0,Call,-,-,-,-,1800,-,-,0,0,0,0,1500,1810,-,-
TXO,202609F1,20260904.0,43750.0,Put,-,-,-,-,459,-,-,0,0,0,0,355,-,-,-
TXO,202609F1,20260904.0,43800.0,Call,-,-,-,-,1770,-,-,0,0,0,0,1460,-,-,-
TXO,202609F1,20260904.0,43800.0,Put,-,-,-,-,473,-,-,0,0,0,0,367,-,-,-
TXO,202609F1,20260904.0,43850.0,Call,-,-,-,-,1730,-,-,0,0,0,0,1670,1740,-,-
TXO,202609F1,20260904.0,43850.0,Put,-,-,-,-,485,-,-,0,0,0,0,382,-,-,-
TXO,202609F1,20260904.0,43900.0,Call,-,-,-,-,1690,-,-,0,0,0,0,1640,1700,-,-
TXO,202609F1,20260904.0,43900.0,Put,-,-,-,-,499,-,-,0,0,0,0,403,-,-,-
TXO,202609F1,20260904.0,43950.0,Call,-,-,-,-,1660,-,-,0,0,0,0,1600,1670,-,-
TXO,202609F1,20260904.0,43950.0,Put,-,-,-,-,515,-,-,0,0,0,0,409,-,-,-
TXO,202609F1,20260904.0,44000.0,Call,-,-,-,-,1620,-,-,0,0,0,0,1570,1630,-,-
TXO,202609F1,20260904.0,44000.0,Put,540,540,540,540,540,▼-95,▼-14.96%,0,1,1,1,429,625,540,540
TXO,202609F1,20260904.0,44050.0,Call,-,-,-,-,1590,-,-,0,0,0,0,1530,-,-,-
TXO,202609F1,20260904.0,44050.0,Put,-,-,-,-,545,-,-,0,0,0,0,438,-,-,-
TXO,202609F1,20260904.0,44100.0,Call,-,-,-,-,1550,-,-,0,0,0,0,1500,1560,-,-
TXO,202609F1,20260904.0,44100.0,Put,-,-,-,-,560,-,-,0,0,0,0,453,-,-,-
TXO,202609F1,20260904.0,44150.0,Call,-,-,-,-,1520,-,-,0,0,0,0,1470,-,-,-
TXO,202609F1,20260904.0,44150.0,Put,-,-,-,-,575,-,-,0,0,0,0,470,-,-,-
TXO,202609F1,20260904.0,44200.0,Call,-,-,-,-,1480,-,-,0,0,0,0,1430,1490,-,-
TXO,202609F1,20260904.0,44200.0,Put,-,-,-,-,585,-,-,0,0,0,0,484,-,-,-
TXO,202609F1,20260904.0,44250.0,Call,-,-,-,-,1440,-,-,0,0,0,0,1400,1460,-,-
TXO,202609F1,20260904.0,44250.0,Put,-,-,-,-,600,-,-,0,0,0,0,505,-,-,-
TXO,202609F1,20260904.0,44300.0,Call,-,-,-,-,1410,-,-,0,0,0,0,1370,1420,-,-
TXO,202609F1,20260904.0,44300.0,Put,-,-,-,-,615,-,-,0,0,0,0,520,-,-,-
TXO,202609F1,20260904.0,44350.0,Call,-,-,-,-,1380,-,-,0,0,0,0,1330,1390,-,-
TXO,202609F1,20260904.0,44350.0,Put,-,-,-,-,635,-,-,0,0,0,0,535,-,-,-
TXO,202609F1,20260904.0,44400.0,Call,-,-,-,-,1340,-,-,0,0,0,0,1300,1360,-,-
TXO,202609F1,20260904.0,44400.0,Put,-,-,-,-,650,-,-,0,0,0,0,550,-,-,-
TXO,202609F1,20260904.0,44450.0,Call,-,-,-,-,1310,-,-,0,0,0,0,1270,1320,-,-
TXO,202609F1,20260904.0,44450.0,Put,-,-,-,-,670,-,-,0,0,0,0,565,-,-,-
TXO,202609F1,20260904.0,44500.0,Call,-,-,-,-,1280,-,-,0,0,0,0,1240,1290,-,-
TXO,202609F1,20260904.0,44500.0,Put,-,-,-,-,690,-,-,0,0,0,0,585,815,-,-
TXO,202609F1,20260904.0,44550.0,Call,-,-,-,-,1240,-,-,0,0,0,0,1210,1260,-,-
TXO,202609F1,20260904.0,44550.0,Put,-,-,-,-,700,-,-,0,0,0,0,605,-,-,-
TXO,202609F1,20260904.0,44600.0,Call,-,-,-,-,1210,-,-,0,0,0,0,1170,1230,-,-
TXO,202609F1,20260904.0,44600.0,Put,-,-,-,-,720,-,-,0,0,0,0,620,-,-,-
TXO,202609F1,20260904.0,44650.0,Call,-,-,-,-,1180,-,-,0,0,0,0,1150,1200,-,-
TXO,202609F1,20260904.0,44650.0,Put,-,-,-,-,740,-,-,0,0,0,0,645,-,-,-
TXO,202609F1,20260904.0,44700.0,Call,-,-,-,-,1150,-,-,0,0,0,0,1110,1170,-,-
TXO,202609F1,20260904.0,44700.0,Put,-,-,-,-,760,-,-,0,0,0,0,660,-,-,-
TXO,202609F1,20260904.0,44750.0,Call,-,-,-,-,1120,-,-,0,0,0,0,1080,-,-,-
TXO,202609F1,20260904.0,44750.0,Put,-,-,-,-,780,-,-,0,0,0,0,695,-,-,-
TXO,202609F1,20260904.0,44800.0,Call,-,-,-,-,1090,-,-,0,0,0,0,15,-,-,-
TXO,202609F1,20260904.0,44800.0,Put,-,-,-,-,795,-,-,0,0,0,0,15,-,-,-
TXO,202609F1,20260904.0,44850.0,Call,-,-,-,-,1060,-,-,0,0,0,0,15,-,-,-
TXO,202609F1,20260904.0,44850.0,Put,-,-,-,-,820,-,-,0,0,0,0,15,-,-,-
TXO,202609F1,20260904.0,44900.0,Call,-,-,-,-,1030,-,-,0,0,0,0,15,-,-,-
TXO,202609F1,20260904.0,44900.0,Put,900,900,900,900,840,▼-85,▼-8.63%,0,1,1,1,750,-,900,900
TXO,202609F1,20260904.0,44950.0,Call,-,-,-,-,1000,-,-,0,0,0,0,15,-,-,-
TXO,202609F1,20260904.0,44950.0,Put,-,-,-,-,860,-,-,0,0,0,0,15,-,-,-
TXO,202609F1,20260904.0,45000.0,Call,-,-,-,-,975,-,-,0,0,0,0,15,-,-,-
TXO,202609F1,20260904.0,45000.0,Put,-,-,-,-,885,-,-,0,0,0,0,15,-,-,-
TXO,202609F1,20260904.0,45050.0,Call,925,925,925,925,925,▲+25,▲+2.78%,0,1,1,1,15,-,925,925
TXO,202609F1,20260904.0,45050.0,Put,915,915,915,915,915,▼-135,▼-12.86%,0,1,1,1,15,-,915,915
TXO,202609F1,20260904.0,45100.0,Call,895,895,895,895,895,▲+20,▲+2.29%,0,1,1,1,15,-,895,895
TXO,202609F1,20260904.0,45100.0,Put,940,940,940,940,940,▼-140,▼-12.96%,0,1,1,1,15,-,940,940
TXO,202609F1,20260904.0,45150.0,Call,-,-,-,-,885,-,-,0,0,0,0,15,-,-,-
TXO,202609F1,20260904.0,45150.0,Put,-,-,-,-,945,-,-,0,0,0,0,15,-,-,-
TXO,202609F1,20260904.0,45200.0,Call,-,-,-,-,860,-,-,0,0,0,0,15,-,-,-
TXO,202609F1,20260904.0,45200.0,Put,-,-,-,-,970,-,-,0,0,0,0,15,-,-,-
TXO,202609F1,20260904.0,45250.0,Call,-,-,-,-,840,-,-,0,0,0,0,15,-,-,-
TXO,202609F1,20260904.0,45250.0,Put,-,-,-,-,995,-,-,0,0,0,0,15,-,-,-
TXO,202609F1,20260904.0,45300.0,Call,-,-,-,-,815,-,-,0,0,0,0,695,-,-,-
TXO,202609F1,20260904.0,45300.0,Put,-,-,-,-,1020,-,-,0,0,0,0,15,-,-,-
TXO,202609F1,20260904.0,45350.0,Call,-,-,-,-,790,-,-,0,0,0,0,680,-,-,-
TXO,202609F1,20260904.0,45350.0,Put,-,-,-,-,1040,-,-,0,0,0,0,900,1070,-,-
TXO,202609F1,20260904.0,45400.0,Call,-,-,-,-,765,-,-,0,0,0,0,655,-,-,-
TXO,202609F1,20260904.0,45400.0,Put,-,-,-,-,1070,-,-,0,0,0,0,765,1090,-,-
TXO,202609F1,20260904.0,45450.0,Call,-,-,-,-,740,-,-,0,0,0,0,630,-,-,-
TXO,202609F1,20260904.0,45450.0,Put,-,-,-,-,1100,-,-,0,0,0,0,815,1120,-,-
TXO,202609F1,20260904.0,45500.0,Call,-,-,-,-,720,-,-,0,0,0,0,610,-,-,-
TXO,202609F1,20260904.0,45500.0,Put,-,-,-,-,1120,-,-,0,0,0,0,815,1140,-,-
TXO,202609F1,20260904.0,45550.0,Call,-,-,-,-,695,-,-,0,0,0,0,585,-,-,-
TXO,202609F1,20260904.0,45550.0,Put,-,-,-,-,1150,-,-,0,0,0,0,845,1170,-,-
TXO,202609F1,20260904.0,45600.0,Call,-,-,-,-,675,-,-,0,0,0,0,560,-,-,-
TXO,202609F1,20260904.0,45600.0,Put,-,-,-,-,1180,-,-,0,0,0,0,1160,1200,-,-
TXO,202609F1,20260904.0,45650.0,Call,-,-,-,-,645,-,-,0,0,0,0,540,-,-,-
TXO,202609F1,20260904.0,45650.0,Put,-,-,-,-,1200,-,-,0,0,0,0,1190,1220,-,-
TXO,202609F1,20260904.0,45700.0,Call,-,-,-,-,625,-,-,0,0,0,0,520,-,-,-
TXO,202609F1,20260904.0,45700.0,Put,-,-,-,-,1230,-,-,0,0,0,0,925,1250,-,-
TXO,202609F1,20260904.0,45750.0,Call,-,-,-,-,605,-,-,0,0,0,0,499,-,-,-
TXO,202609F1,20260904.0,45750.0,Put,-,-,-,-,1260,-,-,0,0,0,0,955,1280,-,-
TXO,202609F1,20260904.0,45800.0,Call,-,-,-,-,585,-,-,0,0,0,0,479,-,-,-
TXO,202609F1,20260904.0,45800.0,Put,-,-,-,-,1290,-,-,0,0,0,0,985,1310,-,-
TXO,202609F1,20260904.0,45850.0,Call,-,-,-,-,570,-,-,0,0,0,0,458,-,-,-
TXO,202609F1,20260904.0,45850.0,Put,-,-,-,-,1320,-,-,0,0,0,0,1020,1340,-,-
TXO,202609F1,20260904.0,45900.0,Call,-,-,-,-,550,-,-,0,0,0,0,438,-,-,-
TXO,202609F1,20260904.0,45900.0,Put,-,-,-,-,1360,-,-,0,0,0,0,1330,1370,-,-
TXO,202609F1,20260904.0,45950.0,Call,-,-,-,-,535,-,-,0,0,0,0,419,-,-,-
TXO,202609F1,20260904.0,45950.0,Put,-,-,-,-,1390,-,-,0,0,0,0,1080,1400,-,-
TXO,202609F1,20260904.0,46000.0,Call,470,545,470,545,515,▲+51,▲+10.32%,0,3,3,2,402,595,545,470
TXO,202609F1,20260904.0,46000.0,Put,-,-,-,-,1420,-,-,0,0,0,0,1390,1430,-,-
TXO,202609F1,20260904.0,46050.0,Call,-,-,-,-,489,-,-,0,0,0,0,382,-,-,-
TXO,202609F1,20260904.0,46050.0,Put,-,-,-,-,1440,-,-,0,0,0,0,1140,1460,-,-
TXO,202609F1,20260904.0,46100.0,Call,-,-,-,-,471,-,-,0,0,0,0,364,-,-,-
TXO,202609F1,20260904.0,46100.0,Put,-,-,-,-,1480,-,-,0,0,0,0,1170,1500,-,-
TXO,202609F1,20260904.0,46150.0,Call,-,-,-,-,453,-,-,0,0,0,0,346,-,-,-
TXO,202609F1,20260904.0,46150.0,Put,-,-,-,-,1510,-,-,0,0,0,0,1490,1530,-,-
TXO,202609F1,20260904.0,46200.0,Call,318,318,318,318,433,▼-110,▼-25.70%,0,3,3,3,329,530,318,318
TXO,202609F1,20260904.0,46200.0,Put,-,-,-,-,1540,-,-,0,0,0,0,1520,1560,-,-
TXO,202609F1,20260904.0,46250.0,Call,-,-,-,-,416,-,-,0,0,0,0,313,-,-,-
TXO,202609F1,20260904.0,46250.0,Put,-,-,-,-,1570,-,-,0,0,0,0,1270,1590,-,-
TXO,202609F1,20260904.0,46300.0,Call,-,-,-,-,399,-,-,0,0,0,0,297,-,-,-
TXO,202609F1,20260904.0,46300.0,Put,-,-,-,-,1600,-,-,0,0,0,0,1560,1630,-,-
TXO,202609F1,20260904.0,46400.0,Call,-,-,-,-,369,-,-,0,0,0,0,266,-,-,-
TXO,202609F1,20260904.0,46400.0,Put,-,-,-,-,1670,-,-,0,0,0,0,1400,1700,-,-
TXO,202609F1,20260904.0,46500.0,Call,-,-,-,-,343,-,-,0,0,0,0,238,-,-,-
TXO,202609F1,20260904.0,46500.0,Put,-,-,-,-,1750,-,-,0,0,0,0,1470,1770,-,-
TXO,202609F1,20260904.0,46600.0,Call,-,-,-,-,315,-,-,0,0,0,0,211,-,-,-
TXO,202609F1,20260904.0,46600.0,Put,-,-,-,-,1820,-,-,0,0,0,0,1550,1840,-,-
TXO,202609F1,20260904.0,46700.0,Call,-,-,-,-,290,-,-,0,0,0,0,185,-,-,-
TXO,202609F1,20260904.0,46700.0,Put,-,-,-,-,1890,-,-,0,0,0,0,1620,1910,-,-
TXO,202609F1,20260904.0,46800.0,Call,-,-,-,-,266,-,-,0,0,0,0,162,-,-,-
TXO,202609F1,20260904.0,46800.0,Put,-,-,-,-,1970,-,-,0,0,0,0,1700,1990,-,-
TXO,202609F1,20260904.0,46900.0,Call,240,240,240,240,240,▼-5,▼-2.04%,0,2,2,2,140,341,240,240
TXO,202609F1,20260904.0,46900.0,Put,-,-,-,-,2050,-,-,0,0,0,0,1780,2070,-,-
TXO,202609F1,20260904.0,47000.0,Call,202,202,198,198,226,▼-27,▼-12.00%,0,2,2,2,120,321,202,198
TXO,202609F1,20260904.0,47000.0,Put,-,-,-,-,2130,-,-,0,0,0,0,1860,2150,-,-
TXO,202609F1,20260904.0,47100.0,Call,-,-,-,-,208,-,-,0,0,0,0,101,-,-,-
TXO,202609F1,20260904.0,47100.0,Put,-,-,-,-,2210,-,-,0,0,0,0,1940,2230,-,-
TXO,202609F1,20260904.0,47200.0,Call,185,185,185,185,185,▼-4,▼-2.12%,0,1,1,1,83,-,185,185
TXO,202609F1,20260904.0,47200.0,Put,-,-,-,-,2290,-,-,0,0,0,0,2020,2310,-,-
TXO,202609F1,20260904.0,47300.0,Call,-,-,-,-,170,-,-,0,0,0,0,67,-,-,-
TXO,202609F1,20260904.0,47300.0,Put,-,-,-,-,2370,-,-,0,0,0,0,2110,2390,-,-
TXO,202609F1,20260904.0,47400.0,Call,173,173,173,173,156,▲+16,▲+10.19%,0,2,2,2,1.2,-,173,173
TXO,202609F1,20260904.0,47400.0,Put,-,-,-,-,2460,-,-,0,0,0,0,2190,2480,-,-
TXO,202609F1,20260904.0,47500.0,Call,125,163,121,129,129,▼-14,▼-9.79%,0,27,27,21,39,240,163,121
TXO,202609F1,20260904.0,47500.0,Put,-,-,-,-,2550,-,-,0,0,0,0,2280,2560,-,-
TXO,202609F1,20260904.0,47600.0,Call,136,149,136,149,119,▲+20,▲+15.50%,0,2,2,2,27,167,149,136
TXO,202609F1,20260904.0,47600.0,Put,-,-,-,-,2630,-,-,0,0,0,0,2370,2650,-,-
TXO,202609F1,20260904.0,47700.0,Call,106,106,106,106,106,▼-11,▼-9.40%,0,1,1,1,15.5,214,106,106
TXO,202609F1,20260904.0,47700.0,Put,-,-,-,-,2720,-,-,0,0,0,0,2460,2740,-,-
TXO,202609F1,20260904.0,47800.0,Call,104,104,96,96,98,▼-10,▼-9.43%,0,7,7,7,5.5,206,104,96
TXO,202609F1,20260904.0,47800.0,Put,-,-,-,-,2810,-,-,0,0,0,0,2550,2830,-,-
TXO,202609F1,20260904.0,47900.0,Call,83,90,83,90,90,▼-6,▼-6.25%,0,6,6,6,0.8,197,90,83
TXO,202609F1,20260904.0,47900.0,Put,-,-,-,-,2900,-,-,0,0,0,0,2640,2920,-,-
TXO,202609F1,20260904.0,48000.0,Call,82,93,82,93,89,▲+6,▲+6.90%,0,17,17,17,0.7,188,93,82
TXO,202609F1,20260904.0,48000.0,Put,-,-,-,-,2990,-,-,0,0,0,0,2730,3010,-,-
TXO,202609F1,20260904.0,48100.0,Call,-,-,-,-,81,-,-,0,0,0,0,0.7,-,-,-
TXO,202609F1,20260904.0,48100.0,Put,-,-,-,-,3090,-,-,0,0,0,0,2820,3100,-,-
TXO,202609F1,20260904.0,48200.0,Call,-,-,-,-,75,-,-,0,0,0,0,0.6,-,-,-
TXO,202609F1,20260904.0,48200.0,Put,-,-,-,-,3180,-,-,0,0,0,0,2910,3200,-,-
TXO,202609F1,20260904.0,48300.0,Call,-,-,-,-,68,-,-,0,0,0,0,0.6,-,-,-
TXO,202609F1,20260904.0,48300.0,Put,-,-,-,-,3270,-,-,0,0,0,0,3010,3290,-,-
TXO,202609F1,20260904.0,48400.0,Call,-,-,-,-,62,-,-,0,0,0,0,0.7,-,-,-
TXO,202609F1,20260904.0,48400.0,Put,-,-,-,-,3370,-,-,0,0,0,0,3100,3380,-,-
TXO,202609F1,20260904.0,48500.0,Call,-,-,-,-,57,-,-,0,0,0,0,0.5,-,-,-
TXO,202609F1,20260904.0,48500.0,Put,-,-,-,-,3460,-,-,0,0,0,0,3200,3480,-,-
TXO,202609F1,20260904.0,48600.0,Call,-,-,-,-,51,-,-,0,0,0,0,0.5,-,-,-
TXO,202609F1,20260904.0,48600.0,Put,-,-,-,-,3550,-,-,0,0,0,0,3290,3570,-,-
TXO,202609F1,20260904.0,48700.0,Call,-,-,-,-,46,-,-,0,0,0,0,0.5,-,-,-
TXO,202609F1,20260904.0,48700.0,Put,-,-,-,-,3650,-,-,0,0,0,0,3390,3670,-,-
TXO,202609F1,20260904.0,48800.0,Call,-,-,-,-,41.5,-,-,0,0,0,0,0.5,-,-,-
TXO,202609F1,20260904.0,48800.0,Put,-,-,-,-,3750,-,-,0,0,0,0,3480,3760,-,-
TXO,202609F1,20260904.0,48900.0,Call,-,-,-,-,39.5,-,-,0,0,0,0,0.5,-,-,-
TXO,202609F1,20260904.0,48900.0,Put,-,-,-,-,3840,-,-,0,0,0,0,3580,3860,-,-
TXO,202609F1,20260904.0,49000.0,Call,-,-,-,-,36,-,-,0,0,0,0,6,-,-,-
TXO,202609F1,20260904.0,49000.0,Put,-,-,-,-,3940,-,-,0,0,0,0,3680,3960,-,-
TXO,202609F1,20260904.0,49100.0,Call,-,-,-,-,32,-,-,0,0,0,0,0.4,-,-,-
TXO,202609F1,20260904.0,49100.0,Put,-,-,-,-,4040,-,-,0,0,0,0,3770,4050,-,-
TXO,202609F1,20260904.0,49200.0,Call,28,28,28,28,31,▲+5.5,▲+24.44%,0,1,1,1,0.5,130,28,28
TXO,202609F1,20260904.0,49200.0,Put,-,-,-,-,4130,-,-,0,0,0,0,3870,4150,-,-
TXO,202609F1,20260904.0,49300.0,Call,30,30,28,28,28,▲+8.5,▲+43.59%,0,3,3,3,0.4,129,30,28
TXO,202609F1,20260904.0,49300.0,Put,-,-,-,-,4230,-,-,0,0,0,0,3970,4250,-,-
TXO,202609F1,20260904.0,49400.0,Call,-,-,-,-,26,-,-,0,0,0,0,2.9,-,-,-
TXO,202609F1,20260904.0,49400.0,Put,-,-,-,-,4330,-,-,0,0,0,0,-,4350,-,-
TXO,202609F1,20260904.0,49500.0,Call,27.5,27.5,27.5,27.5,24,▲+12,▲+77.42%,0,1,1,1,0.4,124,27.5,27.5
TXO,202609F1,20260904.0,49500.0,Put,-,-,-,-,4430,-,-,0,0,0,0,4410,4440,-,-
TXO,202609,20260916.0,21800.0,Call,-,-,-,-,23320,-,-,0,0,0,4,23250,23550,25330,12370
TXO,202609,20260916.0,21800.0,Put,5.5,5.5,3.8,3.9,3.9,▼-0.9,▼-18.75%,38,157,195,1013,3.9,4.5,650,0.7
TXO,202609,20260916.0,22000.0,Call,-,-,-,-,23120,-,-,0,0,0,6,22960,23360,23430,5990
TXO,202609,20260916.0,22000.0,Put,5,5,5,5,4.4,▲+0.2,▲+4.17%,0,1,1,308,0.7,7,565,5
TXO,202609,20260916.0,22200.0,Call,-,-,-,-,22920,-,-,0,0,0,0,22820,22970,-,-
TXO,202609,20260916.0,22200.0,Put,5,5,5,5,4.5,▲+0.1,▲+2.04%,0,1,1,130,0.6,565,580,5
TXO,202609,20260916.0,22400.0,Call,-,-,-,-,22720,-,-,0,0,0,0,22600,22760,-,-
TXO,202609,20260916.0,22400.0,Put,-,-,-,-,4.7,-,-,0,0,0,218,0.6,560,605,7.3
TXO,202609,20260916.0,22600.0,Call,-,-,-,-,22520,-,-,0,0,0,0,22400,22560,-,-
TXO,202609,20260916.0,22600.0,Put,-,-,-,-,4.8,-,-,0,0,0,247,0.6,40,650,6.5
TXO,202609,20260916.0,22800.0,Call,-,-,-,-,22320,-,-,0,0,0,0,22230,22360,-,-
TXO,202609,20260916.0,22800.0,Put,-,-,-,-,4.9,-,-,0,0,0,19,0.6,565,675,32
TXO,202609,20260916.0,23000.0,Call,-,-,-,-,22120,-,-,0,0,0,0,22030,22170,-,-
TXO,202609,20260916.0,23000.0,Put,-,-,-,-,5,-,-,0,0,0,86,3.5,6.4,700,5
TXO,202609,20260916.0,23200.0,Call,-,-,-,-,21920,-,-,0,0,0,0,21830,21960,-,-
TXO,202609,20260916.0,23200.0,Put,-,-,-,-,5.3,-,-,0,0,0,231,0.6,565,730,27
TXO,202609,20260916.0,23400.0,Call,-,-,-,-,21720,-,-,0,0,0,0,21630,21760,-,-
TXO,202609,20260916.0,23400.0,Put,-,-,-,-,5.5,-,-,0,0,0,11,0.4,565,700,10
TXO,202609,20260916.0,23600.0,Call,-,-,-,-,21520,-,-,0,0,0,0,21410,21560,-,-
TXO,202609,20260916.0,23600.0,Put,-,-,-,-,5.7,-,-,0,0,0,10,0.4,565,700,30.5
TXO,202609,20260916.0,23800.0,Call,-,-,-,-,21320,-,-,0,0,0,0,21210,21370,-,-
TXO,202609,20260916.0,23800.0,Put,-,-,-,-,6,-,-,0,0,0,14,0.4,565,520,30
TXO,202609,20260916.0,24000.0,Call,-,-,-,-,21120,-,-,0,0,0,0,21010,21170,-,-
TXO,202609,20260916.0,24000.0,Put,-,-,-,-,6.2,-,-,0,0,0,100,0.5,565,665,12.5
TXO,202609,20260916.0,24200.0,Call,-,-,-,-,20920,-,-,0,0,0,0,20810,20970,-,-
TXO,202609,20260916.0,24200.0,Put,-,-,-,-,6.4,-,-,0,0,0,52,0.5,565,1000,19
TXO,202609,20260916.0,24400.0,Call,-,-,-,-,20720,-,-,0,0,0,0,20630,20780,-,-
TXO,202609,20260916.0,24400.0,Put,-,-,-,-,6.6,-,-,0,0,0,82,0.5,565,1010,8
TXO,202609,20260916.0,24600.0,Call,-,-,-,-,20520,-,-,0,0,0,0,20430,20580,-,-
TXO,202609,20260916.0,24600.0,Put,-,-,-,-,6.8,-,-,0,0,0,27,0.4,107,1020,8
TXO,202609,20260916.0,24800.0,Call,-,-,-,-,20320,-,-,0,0,0,0,20240,20370,-,-
TXO,202609,20260916.0,24800.0,Put,-,-,-,-,7.1,-,-,1,0,1,73,0.4,108,1100,6
TXO,202609,20260916.0,25000.0,Call,-,-,-,-,20120,-,-,0,0,0,0,20030,20170,-,-
TXO,202609,20260916.0,25000.0,Put,7.8,7.8,7.8,7.8,7.3,0,0%,0,10,10,89,3.7,108,1050,7.6
TXO,202609,20260916.0,25200.0,Call,-,-,-,-,19920,-,-,0,0,0,0,19820,19960,-,-
TXO,202609,20260916.0,25200.0,Put,-,-,-,-,7.5,-,-,0,0,0,29,0.4,82,1200,20
TXO,202609,20260916.0,25400.0,Call,-,-,-,-,19730,-,-,0,0,0,0,19630,19780,-,-
TXO,202609,20260916.0,25400.0,Put,-,-,-,-,7.8,-,-,0,0,0,23,0.4,108,1250,14
TXO,202609,20260916.0,25600.0,Call,-,-,-,-,19530,-,-,0,0,0,0,19430,19570,-,-
TXO,202609,20260916.0,25600.0,Put,-,-,-,-,8.1,-,-,0,0,0,17,0.4,565,1210,9
TXO,202609,20260916.0,25800.0,Call,-,-,-,-,19330,-,-,1,0,1,162,19210,19410,20840,14370
TXO,202609,20260916.0,25800.0,Put,-,-,-,-,8.6,-,-,1,0,1,39,7,109,1270,8.1
TXO,202609,20260916.0,26000.0,Call,-,-,-,-,19130,-,-,0,0,0,0,19050,19170,-,-
TXO,202609,20260916.0,26000.0,Put,8.1,8.1,8,8,8.6,▼-1.2,▼-13.04%,0,10,10,108,0.4,92,1090,7.6
TXO,202609,20260916.0,26200.0,Call,-,-,-,-,18930,-,-,0,0,0,0,18830,18970,-,-
TXO,202609,20260916.0,26200.0,Put,-,-,-,-,8.7,-,-,0,0,0,22,1,565,1420,16
TXO,202609,20260916.0,26400.0,Call,-,-,-,-,18730,-,-,0,0,0,0,18640,18770,13900,5820
TXO,202609,20260916.0,26400.0,Put,-,-,-,-,9.1,-,-,0,0,0,4,0.3,565,1180,13.5
TXO,202609,20260916.0,26600.0,Call,-,-,-,-,18530,-,-,0,0,0,0,18450,18570,-,-
TXO,202609,20260916.0,26600.0,Put,-,-,-,-,9.5,-,-,0,0,0,26,0.3,110,1000,7.1
TXO,202609,20260916.0,26800.0,Call,-,-,-,-,18330,-,-,0,0,0,25,18250,18590,12000,5510
TXO,202609,20260916.0,26800.0,Put,-,-,-,-,9.7,-,-,0,0,0,32,0.3,110,1130,11.5
TXO,202609,20260916.0,27000.0,Call,-,-,-,-,18130,-,-,0,0,0,3,18040,18380,20110,6220
TXO,202609,20260916.0,27000.0,Put,-,-,-,-,10,-,-,4,0,4,18,7.5,134,1750,11.5
TXO,202609,20260916.0,27200.0,Call,-,-,-,-,17930,-,-,0,0,0,0,17840,17980,-,-
TXO,202609,20260916.0,27200.0,Put,-,-,-,-,10,-,-,0,0,0,5,0.3,565,750,15
TXO,202609,20260916.0,27400.0,Call,-,-,-,-,17730,-,-,0,0,0,2,17580,17990,5890,2380
TXO,202609,20260916.0,27400.0,Put,-,-,-,-,10.5,-,-,1,0,1,1,0.3,-,1270,14
TXO,202609,20260916.0,27600.0,Call,-,-,-,-,17530,-,-,0,0,0,2,17470,17790,10800,2020
TXO,202609,20260916.0,27600.0,Put,-,-,-,-,11,-,-,0,0,0,5,0.3,565,1120,11.5
TXO,202609,20260916.0,27800.0,Call,-,-,-,-,17330,-,-,0,0,0,7,17250,17420,19160,16360
TXO,202609,20260916.0,27800.0,Put,-,-,-,-,11,-,-,0,0,0,20,9,112,1460,12
TXO,202609,20260916.0,28000.0,Call,-,-,-,-,17130,-,-,0,0,0,1,17080,17180,7880,1910
TXO,202609,20260916.0,28000.0,Put,-,-,-,-,12,-,-,0,0,0,58,5.5,112,2180,8.5
TXO,202609,20260916.0,28200.0,Call,-,-,-,-,16930,-,-,0,0,0,2,16860,17190,5250,1730
TXO,202609,20260916.0,28200.0,Put,-,-,-,-,12,-,-,0,0,0,6,0.3,565,1180,25
TXO,202609,20260916.0,28400.0,Call,-,-,-,-,16730,-,-,0,0,0,21,16590,17000,15910,1630
TXO,202609,20260916.0,28400.0,Put,-,-,-,-,12.5,-,-,0,0,0,18,0.4,565,1550,13.5
TXO,202609,20260916.0,28600.0,Call,-,-,-,-,16530,-,-,0,0,0,0,16450,16570,-,-
TXO,202609,20260916.0,28600.0,Put,-,-,-,-,13,-,-,0,0,0,19,0.4,565,1250,13
TXO,202609,20260916.0,28800.0,Call,-,-,-,-,16330,-,-,0,0,0,0,16260,16370,5200,3230
TXO,202609,20260916.0,28800.0,Put,-,-,-,-,13,-,-,1,0,1,25,0.4,114,775,13
TXO,202609,20260916.0,29000.0,Call,-,-,-,-,16140,-,-,0,0,0,2,16050,16380,4570,4570
TXO,202609,20260916.0,29000.0,Put,-,-,-,-,13.5,-,-,1,0,1,32,13,114,1920,11
TXO,202609,20260916.0,29200.0,Call,-,-,-,-,15940,-,-,0,0,0,4,15850,16180,6310,1310
TXO,202609,20260916.0,29200.0,Put,-,-,-,-,14,-,-,0,0,0,17,0.4,565,1320,15
TXO,202609,20260916.0,29400.0,Call,-,-,-,-,15740,-,-,0,0,0,1,15690,15800,6990,1290
TXO,202609,20260916.0,29400.0,Put,15,15,14.5,14.5,14.5,▼-1,▼-6.45%,1,4,5,23,0.4,565,2010,14
TXO,202609,20260916.0,29600.0,Call,-,-,-,-,15540,-,-,0,0,0,2,15450,15780,5690,1370
TXO,202609,20260916.0,29600.0,Put,16,16,16,16,14.5,0,0%,0,1,1,27,0.4,26,1780,13
TXO,202609,20260916.0,29800.0,Call,-,-,-,-,15340,-,-,0,0,0,4,15190,15580,16240,1210
TXO,202609,20260916.0,29800.0,Put,16,16,16,16,14.5,0,0%,0,1,1,22,0.4,565,2400,16
TXO,202609,20260916.0,30000.0,Call,-,-,-,-,15140,-,-,0,0,0,24,14990,15390,14350,1210
TXO,202609,20260916.0,30000.0,Put,14.5,17,14.5,14.5,14.5,▼-2.5,▼-14.71%,13,29,42,827,13.5,16,2400,12
TXO,202609,20260916.0,30200.0,Call,-,-,-,-,14940,-,-,0,0,0,4,14890,15180,10020,1320
TXO,202609,20260916.0,30200.0,Put,15,15,15,15,15,▼-2,▼-11.76%,1,1,2,13,12,449,2050,15
TXO,202609,20260916.0,30400.0,Call,-,-,-,-,14740,-,-,0,0,0,0,14660,14780,5390,1430
TXO,202609,20260916.0,30400.0,Put,-,-,-,-,16.5,-,-,0,0,0,38,0.4,565,2030,1.1
TXO,202609,20260916.0,30600.0,Call,-,-,-,-,14540,-,-,0,0,0,6,14490,14790,5520,1000
TXO,202609,20260916.0,30600.0,Put,-,-,-,-,16.5,-,-,0,0,0,8,0.4,565,2090,21
TXO,202609,20260916.0,30800.0,Call,-,-,-,-,14340,-,-,0,0,0,7,14260,14590,10110,940
TXO,202609,20260916.0,30800.0,Put,-,-,-,-,17,-,-,0,0,0,22,0.4,117,2200,15
TXO,202609,20260916.0,31000.0,Call,-,-,-,-,14140,-,-,0,0,0,1,14070,14150,15990,1300
TXO,202609,20260916.0,31000.0,Put,18,18,18,18,18,▼-1,▼-5.26%,4,1,5,138,12,19,2410,18
TXO,202609,20260916.0,31200.0,Call,-,-,-,-,13940,-,-,0,0,0,0,13870,13980,5680,2350
TXO,202609,20260916.0,31200.0,Put,20,20,20,20,18,▲+0.5,▲+2.56%,0,8,8,34,0.5,453,4320,20
TXO,202609,20260916.0,31400.0,Call,-,-,-,-,13740,-,-,0,0,0,1,13700,13800,14330,1430
TXO,202609,20260916.0,31400.0,Put,-,-,-,-,18.5,-,-,1,0,1,22,0.4,565,2750,20.5
TXO,202609,20260916.0,31600.0,Call,-,-,-,-,13540,-,-,0,0,0,0,13480,13580,3970,2920
TXO,202609,20260916.0,31600.0,Put,-,-,-,-,19,-,-,3,0,3,51,0.5,55,2510,18
TXO,202609,20260916.0,31800.0,Call,-,-,-,-,13350,-,-,0,0,0,1,13300,13400,14100,1370
TXO,202609,20260916.0,31800.0,Put,-,-,-,-,20,-,-,0,0,0,42,0.5,565,2990,21.5
TXO,202609,20260916.0,32000.0,Call,-,-,-,-,13150,-,-,0,0,0,21,13000,13400,16670,1310
TXO,202609,20260916.0,32000.0,Put,21,22,19.5,19.5,20.5,▼-2,▼-9.30%,9,21,30,83,18,168,2700,17
TXO,202609,20260916.0,32200.0,Call,-,-,-,-,12950,-,-,0,0,0,19,12800,13200,13750,1380
TXO,202609,20260916.0,32200.0,Put,-,-,-,-,21,-,-,1,0,1,18,0.4,570,2670,18.5
TXO,202609,20260916.0,32400.0,Call,-,-,-,-,12750,-,-,0,0,0,0,12680,12780,4680,1440
TXO,202609,20260916.0,32400.0,Put,22,22,22,22,22,▼-1.5,▼-6.38%,3,1,4,28,0.4,24.5,2300,21
TXO,202609,20260916.0,32600.0,Call,-,-,-,-,12550,-,-,0,0,0,0,12480,12580,9580,1680
TXO,202609,20260916.0,32600.0,Put,22,22,22,22,22,▼-2.5,▼-10.20%,2,1,3,37,0.5,570,2900,19.5
TXO,202609,20260916.0,32800.0,Call,-,-,-,-,12350,-,-,0,0,0,2,12250,12450,8380,1420
TXO,202609,20260916.0,32800.0,Put,-,-,-,-,23.5,-,-,0,0,0,30,0.5,570,3280,24
TXO,202609,20260916.0,33000.0,Call,-,-,-,-,12150,-,-,0,0,0,35,11840,12250,12330,399
TXO,202609,20260916.0,33000.0,Put,25,25,23.5,23.5,23.5,▼-2.5,▼-9.62%,8,13,21,123,19,124,3000,18.5
TXO,202609,20260916.0,33200.0,Call,-,-,-,-,11950,-,-,0,0,0,4,11650,12050,11640,344
TXO,202609,20260916.0,33200.0,Put,-,-,-,-,25,-,-,2,0,2,22,17,125,2730,25
TXO,202609,20260916.0,33400.0,Call,-,-,-,-,11750,-,-,0,0,0,2,11680,12000,12040,1470
TXO,202609,20260916.0,33400.0,Put,-,-,-,-,26,-,-,0,0,0,27,0.6,570,2780,21.5
TXO,202609,20260916.0,33600.0,Call,-,-,-,-,11560,-,-,0,0,0,1,11490,11570,13690,372
TXO,202609,20260916.0,33600.0,Put,-,-,-,-,27,-,-,0,0,0,23,0.5,575,3860,26
TXO,202609,20260916.0,33800.0,Call,-,-,-,-,11360,-,-,0,0,0,1,11290,11370,7340,328
TXO,202609,20260916.0,33800.0,Put,-,-,-,-,27.5,-,-,0,0,0,61,0.8,575,3000,21
TXO,202609,20260916.0,33900.0,Call,-,-,-,-,11260,-,-,0,0,0,0,11200,11280,-,-
TXO,202609,20260916.0,33900.0,Put,27.5,27.5,27.5,27.5,27.5,▼-3.5,▼-11.29%,0,1,1,5,0.5,461,30.5,27.5
TXO,202609,20260916.0,34000.0,Call,-,-,-,-,11160,-,-,0,0,0,115,11030,11210,12980,325
TXO,202609,20260916.0,34000.0,Put,35,35,28.5,28.5,28.5,▼-3.5,▼-10.94%,6,29,35,170,26,49,3990,21.5
TXO,202609,20260916.0,34100.0,Call,-,-,-,-,11060,-,-,0,0,0,0,11000,11080,-,-
TXO,202609,20260916.0,34100.0,Put,-,-,-,-,29.5,-,-,0,0,0,2,20,130,410,30
TXO,202609,20260916.0,34200.0,Call,-,-,-,-,10960,-,-,0,0,0,1,10910,10990,9340,299
TXO,202609,20260916.0,34200.0,Put,-,-,-,-,30.5,-,-,0,0,0,17,20,463,1130,37.5
TXO,202609,20260916.0,34300.0,Call,-,-,-,-,10860,-,-,0,0,0,0,10800,10890,-,-
TXO,202609,20260916.0,34300.0,Put,20.5,30,20.5,30,31.5,▼-3.5,▼-10.45%,2,4,6,4,20,131,112,20.5
TXO,202609,20260916.0,34400.0,Call,-,-,-,-,10760,-,-,0,0,0,0,10700,10790,6600,305
TXO,202609,20260916.0,34400.0,Put,-,-,-,-,32.5,-,-,1,0,1,10,31,575,3660,36.5
TXO,202609,20260916.0,34500.0,Call,-,-,-,-,10660,-,-,0,0,0,0,10600,10690,-,-
TXO,202609,20260916.0,34500.0,Put,35.5,35.5,35.5,35.5,32.5,0,0%,1,2,3,46,20,132,199,28
TXO,202609,20260916.0,34600.0,Call,-,-,-,-,10560,-,-,0,0,0,3,10260,10670,11000,306
TXO,202609,20260916.0,34600.0,Put,-,-,-,-,33.5,-,-,0,0,0,9,25,134,4530,35
TXO,202609,20260916.0,34700.0,Call,-,-,-,-,10460,-,-,0,0,0,0,10400,10500,-,-
TXO,202609,20260916.0,34700.0,Put,-,-,-,-,34,-,-,0,0,0,1,25,134,31.5,31.5
TXO,202609,20260916.0,34800.0,Call,-,-,-,-,10360,-,-,0,0,0,3,10320,10610,3130,370
TXO,202609,20260916.0,34800.0,Put,-,-,-,-,34.5,-,-,1,0,1,28,30,135,3320,32
TXO,202609,20260916.0,34900.0,Call,-,-,-,-,10270,-,-,0,0,0,0,10210,10290,-,-
TXO,202609,20260916.0,34900.0,Put,-,-,-,-,35.5,-,-,2,0,2,21,25,135,50,32
TXO,202609,20260916.0,35000.0,Call,-,-,-,-,10170,-,-,0,0,0,6,9860,10270,14340,510
TXO,202609,20260916.0,35000.0,Put,41,41,36,37,37,▼-2,▼-5.13%,20,16,36,410,35,42,3320,25
TXO,202609,20260916.0,35100.0,Call,-,-,-,-,10070,-,-,0,0,0,0,10010,10090,-,-
TXO,202609,20260916.0,35100.0,Put,39.5,39.5,39.5,39.5,37,▼-1.5,▼-3.66%,1,1,2,1,0.6,-,47,39.5
TXO,202609,20260916.0,35200.0,Call,-,-,-,-,9970,-,-,0,0,0,1,9920,9980,9760,850
TXO,202609,20260916.0,35200.0,Put,-,-,-,-,37.5,-,-,0,0,0,42,0.6,138,1150,38
TXO,202609,20260916.0,35300.0,Call,-,-,-,-,9870,-,-,0,0,0,0,9810,9900,-,-
TXO,202609,20260916.0,35300.0,Put,38.5,38.5,38.5,38.5,38.5,▼-3.5,▼-8.33%,0,1,1,16,0.6,139,143,38.5
TXO,202609,20260916.0,35400.0,Call,-,-,-,-,9770,-,-,0,0,0,0,9720,9800,8330,373
TXO,202609,20260916.0,35400.0,Put,-,-,-,-,40,-,-,0,0,0,12,0.6,86,3430,39
TXO,202609,20260916.0,35500.0,Call,-,-,-,-,9670,-,-,0,0,0,0,9620,9700,-,-
TXO,202609,20260916.0,35500.0,Put,48,48,48,48,42,▲+3,▲+6.67%,2,1,3,54,40,184,499,27.5
TXO,202609,20260916.0,35600.0,Call,-,-,-,-,9570,-,-,0,0,0,0,9520,9600,7680,1220
TXO,202609,20260916.0,35600.0,Put,-,-,-,-,42,-,-,0,0,0,15,0.6,142,4020,40
TXO,202609,20260916.0,35700.0,Call,-,-,-,-,9470,-,-,0,0,0,0,9420,9500,-,-
TXO,202609,20260916.0,35700.0,Put,-,-,-,-,42.5,-,-,0,0,0,2,0.6,46.5,165,47.5
TXO,202609,20260916.0,35800.0,Call,-,-,-,-,9380,-,-,0,0,0,3,9060,9480,5820,450
TXO,202609,20260916.0,35800.0,Put,45,45,45,45,45,▼-3.5,▼-7.22%,6,2,8,44,0.7,49.5,2000,29
TXO,202609,20260916.0,35900.0,Call,-,-,-,-,9280,-,-,0,0,0,0,9220,9310,-,-
TXO,202609,20260916.0,35900.0,Put,-,-,-,-,45,-,-,1,0,1,31,0.7,50,348,34.5
TXO,202609,20260916.0,36000.0,Call,-,-,-,-,9180,-,-,0,0,0,41,8870,9280,11770,595
TXO,202609,20260916.0,36000.0,Put,51,56,46,49,46,▼-2,▼-3.92%,16,16,32,479,44,49,4200,30.5
TXO,202609,20260916.0,36100.0,Call,-,-,-,-,9080,-,-,0,0,0,0,9030,9100,-,-
TXO,202609,20260916.0,36100.0,Put,53,53,53,53,47,0,0%,0,4,4,6,0.7,147,685,48
TXO,202609,20260916.0,36200.0,Call,-,-,-,-,8980,-,-,0,0,0,0,8930,9010,8750,282
TXO,202609,20260916.0,36200.0,Put,-,-,-,-,49,-,-,0,0,0,11,48,53,1400,47
TXO,202609,20260916.0,36300.0,Call,-,-,-,-,8880,-,-,0,0,0,0,8830,8910,-,-
TXO,202609,20260916.0,36300.0,Put,58,58,58,58,50,▲+1,▲+1.75%,0,1,1,6,0.7,484,990,48.5
TXO,202609,20260916.0,36400.0,Call,-,-,-,-,8780,-,-,0,0,0,0,8730,8810,7540,499
TXO,202609,20260916.0,36400.0,Put,52,52,52,52,52,▼-6,▼-10.34%,0,3,3,8,1.5,600,4830,50
TXO,202609,20260916.0,36500.0,Call,-,-,-,-,8680,-,-,0,0,0,0,8630,8710,-,-
TXO,202609,20260916.0,36500.0,Put,51,56,51,54,54,▼-5,▼-8.47%,1,6,7,88,50,153,880,50
TXO,202609,20260916.0,36600.0,Call,-,-,-,-,8590,-,-,0,0,0,0,8540,8610,7400,480
TXO,202609,20260916.0,36600.0,Put,62,62,62,62,54,0,0%,1,1,2,39,29,154,1860,46
TXO,202609,20260916.0,36700.0,Call,-,-,-,-,8490,-,-,0,0,0,0,8440,8510,-,-
TXO,202609,20260916.0,36700.0,Put,61,61,61,61,56,▼-3,▼-4.69%,3,1,4,12,55,156,488,45
TXO,202609,20260916.0,36800.0,Call,-,-,-,-,8390,-,-,0,0,0,19,8250,8640,2830,310
TXO,202609,20260916.0,36800.0,Put,-,-,-,-,56,-,-,0,0,0,29,0.9,605,4910,59
TXO,202609,20260916.0,36900.0,Call,-,-,-,-,8290,-,-,0,0,0,0,8240,8310,-,-
TXO,202609,20260916.0,36900.0,Put,-,-,-,-,58,-,-,0,0,0,14,0.8,494,1240,57
TXO,202609,20260916.0,37000.0,Call,-,-,-,-,8190,-,-,0,0,0,29,7890,8210,9270,540
TXO,202609,20260916.0,37000.0,Put,72,78,60,60,60,▼-10,▼-14.29%,56,70,126,308,56,64,2520,41.5
TXO,202609,20260916.0,37100.0,Call,-,-,-,-,8090,-,-,0,0,0,0,8050,8120,-,-
TXO,202609,20260916.0,37100.0,Put,72,72,72,72,62,0,0%,3,1,4,19,0.8,92,400,65
TXO,202609,20260916.0,37200.0,Call,-,-,-,-,8000,-,-,0,0,0,5,7960,8250,10420,375
TXO,202609,20260916.0,37200.0,Put,76,77,64,64,64,▼-9,▼-12.33%,14,30,44,78,1.5,86,2390,1.2
TXO,202609,20260916.0,37300.0,Call,-,-,-,-,7900,-,-,0,0,0,0,7850,7930,-,-
TXO,202609,20260916.0,37300.0,Put,-,-,-,-,67,-,-,4,0,4,16,2.9,505,720,78
TXO,202609,20260916.0,37400.0,Call,-,-,-,-,7800,-,-,0,0,0,1,7770,7830,1370,456
TXO,202609,20260916.0,37400.0,Put,77,77,68,74,68,▼-5,▼-6.33%,0,10,10,22,56,510,2530,68
TXO,202609,20260916.0,37500.0,Call,-,-,-,-,7700,-,-,0,0,0,0,7660,7720,-,-
TXO,202609,20260916.0,37500.0,Put,90,90,73,73,71,▼-9,▼-10.98%,3,28,31,72,62,80,1110,50
TXO,202609,20260916.0,37600.0,Call,-,-,-,-,7610,-,-,0,0,0,0,7560,7630,5920,430
TXO,202609,20260916.0,37600.0,Put,97,97,71,71,71,▼-14,▼-16.47%,1,3,4,38,1,147,2660,71
TXO,202609,20260916.0,37700.0,Call,-,-,-,-,7510,-,-,0,0,0,0,7470,7530,-,-
TXO,202609,20260916.0,37700.0,Put,83,83,83,83,75,▼-4,▼-4.60%,2,1,3,22,1,176,1080,53
TXO,202609,20260916.0,37800.0,Call,-,-,-,-,7410,-,-,0,0,0,2,7270,7670,3680,390
TXO,202609,20260916.0,37800.0,Put,84,84,78,78,78,▼-12,▼-13.33%,1,2,3,38,50,179,1110,53
TXO,202609,20260916.0,37900.0,Call,-,-,-,-,7310,-,-,0,0,0,0,7270,7330,-,-
TXO,202609,20260916.0,37900.0,Put,84,84,84,84,80,▼-10,▼-10.64%,1,2,3,24,1,181,580,60
TXO,202609,20260916.0,38000.0,Call,-,-,-,-,7220,-,-,0,0,0,17,7080,7470,9000,350
TXO,202609,20260916.0,38000.0,Put,100,108,83,83,83,▼-16,▼-16.16%,84,68,152,400,82,99,6640,56
TXO,202609,20260916.0,38100.0,Call,-,-,-,-,7120,-,-,0,0,0,0,7080,7140,-,-
TXO,202609,20260916.0,38100.0,Put,-,-,-,-,86,-,-,1,0,1,19,1.1,100,1680,67
TXO,202609,20260916.0,38200.0,Call,-,-,-,-,7020,-,-,0,0,0,0,6980,7040,1030,370
TXO,202609,20260916.0,38200.0,Put,101,101,101,101,89,▼-4,▼-3.81%,0,1,1,5,1.1,99,2770,79
TXO,202609,20260916.0,38300.0,Call,-,-,-,-,6930,-,-,0,0,0,0,6890,6950,-,-
TXO,202609,20260916.0,38300.0,Put,100,104,95,95,95,▼-14,▼-12.84%,0,4,4,21,1.2,193,1740,88
TXO,202609,20260916.0,38400.0,Call,-,-,-,-,6830,-,-,0,0,0,0,6790,6850,6200,340
TXO,202609,20260916.0,38400.0,Put,110,110,110,110,95,▼-3,▼-2.65%,0,2,2,8,5,650,2080,90
TXO,202609,20260916.0,38500.0,Call,-,-,-,-,6730,-,-,0,0,0,1,6690,6750,6410,6410
TXO,202609,20260916.0,38500.0,Put,120,120,97,97,97,▼-21,▼-17.80%,17,10,27,62,70,101,1500,88
TXO,202609,20260916.0,38600.0,Call,-,-,-,-,6640,-,-,0,0,0,2,6330,6740,6350,371
TXO,202609,20260916.0,38600.0,Put,137,137,133,133,102,▲+10,▲+8.13%,4,2,6,15,2.2,125,2850,102
TXO,202609,20260916.0,38700.0,Call,-,-,-,-,6540,-,-,0,0,0,0,6500,6560,-,-
TXO,202609,20260916.0,38700.0,Put,108,108,108,108,108,▼-20,▼-15.63%,0,1,1,11,7.3,208,950,90
TXO,202609,20260916.0,38800.0,Call,-,-,-,-,6450,-,-,0,0,0,20,6300,6700,10410,270
TXO,202609,20260916.0,38800.0,Put,148,148,111,111,111,▼-22,▼-16.54%,1,2,3,14,11,212,2100,101
TXO,202609,20260916.0,38900.0,Call,-,-,-,-,6350,-,-,0,0,0,0,6310,6370,-,-
TXO,202609,20260916.0,38900.0,Put,112,112,112,112,112,▼-27,▼-19.42%,0,2,2,33,111,200,1990,99
TXO,202609,20260916.0,39000.0,Call,-,-,-,-,6250,-,-,0,0,0,50,5950,6350,8810,273
TXO,202609,20260916.0,39000.0,Put,150,150,120,120,120,▼-24,▼-16.67%,24,43,67,444,112,122,2820,80
TXO,202609,20260916.0,39100.0,Call,-,-,-,-,6160,-,-,0,0,0,1,6130,6180,3840,3840
TXO,202609,20260916.0,39100.0,Put,130,130,130,130,124,▼-20,▼-13.33%,0,16,16,37,24.5,127,2100,110
TXO,202609,20260916.0,39200.0,Call,-,-,-,-,6060,-,-,0,0,0,1,6040,6090,6340,249
TXO,202609,20260916.0,39200.0,Put,177,177,134,136,129,▼-21,▼-13.38%,5,4,9,40,48,173,2750,104
TXO,202609,20260916.0,39300.0,Call,-,-,-,-,5970,-,-,0,0,0,1,5940,5990,5220,2740
TXO,202609,20260916.0,39300.0,Put,160,160,129,139,139,▼-25,▼-15.24%,5,16,21,43,33.5,580,1930,108
TXO,202609,20260916.0,39400.0,Call,-,-,-,-,5880,-,-,0,0,0,6,5840,6130,8270,223
TXO,202609,20260916.0,39400.0,Put,152,159,152,159,141,▼-11,▼-6.47%,2,2,4,56,1.7,585,2390,110
TXO,202609,20260916.0,39500.0,Call,-,-,-,-,5780,-,-,0,0,0,0,5750,5800,3220,3150
TXO,202609,20260916.0,39500.0,Put,199,199,145,145,145,▼-32,▼-18.08%,7,3,10,67,136,180,1320,102
TXO,202609,20260916.0,39600.0,Call,-,-,-,-,5690,-,-,0,0,0,2,5650,5950,5910,394
TXO,202609,20260916.0,39600.0,Put,-,-,-,-,152,-,-,0,0,0,39,5.3,254,2870,127
TXO,202609,20260916.0,39700.0,Call,-,-,-,-,5590,-,-,0,0,0,23,5560,5610,6150,2400
TXO,202609,20260916.0,39700.0,Put,200,200,165,171,158,▼-21,▼-10.94%,0,15,15,30,5.3,600,1330,119
TXO,202609,20260916.0,39800.0,Call,-,-,-,-,5500,-,-,0,0,0,1,5470,5510,6170,417
TXO,202609,20260916.0,39800.0,Put,199,212,162,162,162,▼-37,▼-18.59%,3,10,13,33,135,208,2020,111
TXO,202609,20260916.0,39900.0,Call,-,-,-,-,5410,-,-,0,0,0,5,5370,5420,4450,2550
TXO,202609,20260916.0,39900.0,Put,209,209,170,170,170,▼-39,▼-18.66%,11,3,14,94,23.5,316,2270,134
TXO,202609,20260916.0,40000.0,Call,5330,5330,5330,5330,5330,▲+210,▲+4.10%,0,1,1,67,5280,5430,8030,380
TXO,202609,20260916.0,40000.0,Put,215,250,176,179,179,▼-35,▼-16.36%,91,350,441,1193,175,180,3040,120
TXO,202609,20260916.0,40100.0,Call,5220,5220,5220,5220,5230,▲+190,▲+3.78%,0,1,1,1,5190,5240,6430,2480
TXO,202609,20260916.0,40100.0,Put,200,200,191,191,191,▼-35,▼-15.49%,0,8,8,32,86,630,2350,160
TXO,202609,20260916.0,40200.0,Call,-,-,-,-,5130,-,-,0,0,0,4,4830,5140,7670,250
TXO,202609,20260916.0,40200.0,Put,233,233,200,200,200,▼-37,▼-15.61%,0,15,15,30,53,294,2310,152
TXO,202609,20260916.0,40300.0,Call,-,-,-,-,5040,-,-,0,0,0,0,5010,5050,5090,2720
TXO,202609,20260916.0,40300.0,Put,210,210,210,210,210,▼-35,▼-14.29%,0,1,1,22,188,301,2430,155
TXO,202609,20260916.0,40400.0,Call,-,-,-,-,4940,-,-,0,0,0,8,4800,5250,4590,388
TXO,202609,20260916.0,40400.0,Put,-,-,-,-,210,-,-,0,0,0,72,110,311,3260,167
TXO,202609,20260916.0,40500.0,Call,4820,4840,4820,4840,4840,▲+170,▲+3.64%,0,2,2,2,4830,4870,4840,2260
TXO,202609,20260916.0,40500.0,Put,300,300,222,224,224,▼-42,▼-15.79%,22,28,50,88,53,379,2460,156
TXO,202609,20260916.0,40600.0,Call,-,-,-,-,4760,-,-,0,0,0,4,4720,4850,4510,345
TXO,202609,20260916.0,40600.0,Put,-,-,-,-,225,-,-,1,0,1,17,127,780,4360,160
TXO,202609,20260916.0,40700.0,Call,-,-,-,-,4670,-,-,0,0,0,18,4360,4690,5710,2330
TXO,202609,20260916.0,40700.0,Put,-,-,-,-,237,-,-,9,0,9,30,139,680,2520,164
TXO,202609,20260916.0,40800.0,Call,-,-,-,-,4580,-,-,0,0,0,4,4460,4840,6870,530
TXO,202609,20260916.0,40800.0,Put,289,289,289,289,246,▼-7,▼-2.36%,11,1,12,22,146,351,4480,194
TXO,202609,20260916.0,40900.0,Call,-,-,-,-,4490,-,-,0,0,0,0,4180,4510,4500,3090
TXO,202609,20260916.0,40900.0,Put,-,-,-,-,251,-,-,0,0,0,10,161,300,2000,162
TXO,202609,20260916.0,41000.0,Call,4350,4350,4350,4350,4400,▲+120,▲+2.84%,0,1,1,10,4380,4440,7580,320
TXO,202609,20260916.0,41000.0,Put,309,358,261,261,261,▼-71,▼-21.39%,33,54,87,349,260,397,4640,171
TXO,202609,20260916.0,41100.0,Call,-,-,-,-,4310,-,-,0,0,0,5,4210,4480,5260,2720
TXO,202609,20260916.0,41100.0,Put,310,315,292,315,274,▼-22,▼-6.53%,5,8,13,103,178,379,3010,193
TXO,202609,20260916.0,41200.0,Call,3830,4200,3830,4100,4220,▲+50,▲+1.23%,0,3,3,9,4090,4250,4200,2240
TXO,202609,20260916.0,41200.0,Put,330,330,287,294,294,▼-54,▼-15.52%,12,10,22,92,189,390,7750,198
TXO,202609,20260916.0,41300.0,Call,-,-,-,-,4130,-,-,0,0,0,20,3820,4160,4200,1820
TXO,202609,20260916.0,41300.0,Put,352,352,300,300,300,▼-63,▼-17.36%,0,6,6,34,201,401,2980,210
TXO,202609,20260916.0,41400.0,Call,4100,4150,4030,4030,4030,▲+140,▲+3.60%,0,3,3,2,4020,4360,5680,1820
TXO,202609,20260916.0,41400.0,Put,-,-,-,-,313,-,-,0,0,0,23,214,413,3480,277
TXO,202609,20260916.0,41500.0,Call,-,-,-,-,3960,-,-,0,0,0,5,3820,3980,4910,1750
TXO,202609,20260916.0,41500.0,Put,352,436,325,325,325,▼-68,▼-17.30%,10,51,61,98,225,330,1680,210
TXO,202609,20260916.0,41600.0,Call,3710,3870,3710,3870,3870,▲+160,▲+4.31%,0,4,4,4,3810,4070,4200,2070
TXO,202609,20260916.0,41600.0,Put,443,443,346,346,346,▼-54,▼-13.50%,11,13,24,92,238,353,3420,243
TXO,202609,20260916.0,41700.0,Call,-,-,-,-,3790,-,-,0,0,0,2,3680,3810,4130,4120
TXO,202609,20260916.0,41700.0,Put,410,410,360,360,360,▼-63,▼-14.89%,6,3,9,25,252,453,3110,255
TXO,202609,20260916.0,41800.0,Call,3700,3700,3700,3700,3700,▲+150,▲+4.23%,0,2,2,2,3600,3720,4910,264
TXO,202609,20260916.0,41800.0,Put,440,440,413,413,365,▼-41,▼-9.03%,11,3,14,38,266,467,6470,263
TXO,202609,20260916.0,41900.0,Call,-,-,-,-,3610,-,-,0,0,0,2,3510,3750,3990,1660
TXO,202609,20260916.0,41900.0,Put,420,420,380,380,380,▼-76,▼-16.67%,6,7,13,82,280,481,3180,242
TXO,202609,20260916.0,42000.0,Call,-,-,-,-,3530,-,-,2,0,2,609,3390,3620,6680,161
TXO,202609,20260916.0,42000.0,Put,467,475,385,393,393,▼-87,▼-18.13%,159,224,383,662,377,407,7310,250
TXO,202609,20260916.0,42100.0,Call,-,-,-,-,3450,-,-,0,0,0,1,3340,3460,4100,3740
TXO,202609,20260916.0,42100.0,Put,535,560,420,430,406,▼-75,▼-14.85%,6,10,16,21,320,860,2830,320
TXO,202609,20260916.0,42200.0,Call,-,-,-,-,3360,-,-,0,0,0,3,3050,3380,4200,269
TXO,202609,20260916.0,42200.0,Put,510,510,424,424,424,▼-106,▼-20.00%,2,10,12,107,357,525,3410,315
TXO,202609,20260916.0,42300.0,Call,-,-,-,-,3280,-,-,0,0,0,100,3220,3540,4190,2620
TXO,202609,20260916.0,42300.0,Put,520,520,439,439,439,▼-96,▼-17.94%,0,80,80,45,345,680,2460,335
TXO,202609,20260916.0,42400.0,Call,-,-,-,-,3200,-,-,0,0,0,2,3090,3240,4400,1180
TXO,202609,20260916.0,42400.0,Put,550,550,453,457,457,▼-93,▼-16.91%,7,23,30,92,362,555,3470,290
TXO,202609,20260916.0,42500.0,Call,-,-,-,-,3110,-,-,1,0,1,503,3010,3190,4130,1520
TXO,202609,20260916.0,42500.0,Put,525,545,478,492,492,▼-93,▼-15.90%,19,38,57,178,386,575,2580,317
TXO,202609,20260916.0,42600.0,Call,-,-,-,-,3030,-,-,0,0,0,6,2720,3050,6330,101
TXO,202609,20260916.0,42600.0,Put,-,-,-,-,494,-,-,0,0,0,60,407,590,8970,345
TXO,202609,20260916.0,42700.0,Call,-,-,-,-,2950,-,-,0,0,0,0,2640,2970,2900,2240
TXO,202609,20260916.0,42700.0,Put,580,670,555,555,515,▼-60,▼-9.76%,5,6,11,73,416,615,2400,394
TXO,202609,20260916.0,42800.0,Call,-,-,-,-,2870,-,-,0,0,0,403,2770,2900,7760,800
TXO,202609,20260916.0,42800.0,Put,635,700,530,535,535,▼-110,▼-17.05%,17,195,212,228,451,990,4270,388
TXO,202609,20260916.0,42900.0,Call,-,-,-,-,2790,-,-,2,0,2,2,2510,2810,3810,2360
TXO,202609,20260916.0,42900.0,Put,585,595,585,595,555,▼-65,▼-9.85%,9,2,11,20,466,655,2980,430
TXO,202609,20260916.0,43000.0,Call,2590,2760,2590,2680,2710,▲+90,▲+3.47%,2,4,6,22,2690,2730,7050,580
TXO,202609,20260916.0,43000.0,Put,680,750,570,580,580,▼-105,▼-15.33%,51,82,133,392,570,585,4540,378
TXO,202609,20260916.0,43100.0,Call,-,-,-,-,2640,-,-,0,0,0,3,2610,2660,3600,2450
TXO,202609,20260916.0,43100.0,Put,655,680,655,680,600,▼-35,▼-4.90%,0,2,2,8,505,1050,2000,440
TXO,202609,20260916.0,43200.0,Call,-,-,-,-,2560,-,-,0,0,0,3,2460,2600,5810,790
TXO,202609,20260916.0,43200.0,Put,740,740,610,620,620,▼-120,▼-16.22%,1,24,25,33,615,720,3670,490
TXO,202609,20260916.0,43300.0,Call,-,-,-,-,2490,-,-,0,0,0,11,2170,2530,5360,1280
TXO,202609,20260916.0,43300.0,Put,670,675,670,675,645,▼-85,▼-11.18%,5,2,7,167,555,740,1830,480
TXO,202609,20260916.0,43400.0,Call,-,-,-,-,2410,-,-,0,0,0,52,2310,2430,4900,750
TXO,202609,20260916.0,43400.0,Put,715,715,660,660,660,▼-140,▼-17.50%,17,5,22,141,580,775,3460,466
TXO,202609,20260916.0,43500.0,Call,2420,2420,2320,2320,2320,▲+90,▲+4.04%,5,45,50,252,2310,2610,3420,1220
TXO,202609,20260916.0,43500.0,Put,875,875,685,695,695,▼-120,▼-14.72%,27,64,91,714,610,700,3220,515
TXO,202609,20260916.0,43600.0,Call,-,-,-,-,2260,-,-,22,0,22,26,2160,2280,6660,545
TXO,202609,20260916.0,43600.0,Put,770,805,720,735,735,▼-110,▼-13.02%,0,29,29,72,635,820,4720,550
TXO,202609,20260916.0,43700.0,Call,-,-,-,-,2190,-,-,0,0,0,8,2090,2320,3150,985
TXO,202609,20260916.0,43700.0,Put,820,820,745,745,745,▼-135,▼-15.34%,20,11,31,73,665,1300,2400,490
TXO,202609,20260916.0,43800.0,Call,2170,2170,2170,2170,2120,▲+150,▲+7.43%,9,2,11,7,1810,2140,5000,1000
TXO,202609,20260916.0,43800.0,Put,875,895,770,775,775,▼-135,▼-14.84%,19,27,46,94,690,875,3250,590
TXO,202609,20260916.0,43900.0,Call,-,-,-,-,2050,-,-,2,0,2,24,1950,2210,3000,1150
TXO,202609,20260916.0,43900.0,Put,830,830,830,830,830,▼-115,▼-12.17%,4,1,5,19,211,910,2230,615
TXO,202609,20260916.0,44000.0,Call,1940,2050,1820,1960,1960,▲+90,▲+4.81%,4,6,10,40,1950,2290,6080,331
TXO,202609,20260916.0,44000.0,Put,960,1080,825,845,845,▼-140,▼-14.21%,223,128,351,316,805,920,4150,565
TXO,202609,20260916.0,44100.0,Call,2010,2010,1920,1920,1920,▲+100,▲+5.49%,2,2,4,7,1890,1930,2980,975
TXO,202609,20260916.0,44100.0,Put,-,-,-,-,870,-,-,7,0,7,31,800,1320,3780,705
TXO,202609,20260916.0,44200.0,Call,-,-,-,-,1840,-,-,2,0,2,13,1530,1860,4830,930
TXO,202609,20260916.0,44200.0,Put,1160,1160,950,950,900,▼-100,▼-9.52%,36,23,59,46,303,995,5100,595
TXO,202609,20260916.0,44300.0,Call,-,-,-,-,1770,-,-,2,0,2,30,1750,1850,2550,910
TXO,202609,20260916.0,44300.0,Put,1010,1030,950,1030,935,▼-50,▼-4.63%,16,6,22,66,345,1030,3720,670
TXO,202609,20260916.0,44400.0,Call,1740,1740,1740,1740,1710,▲+120,▲+7.41%,3,1,4,5,1410,1730,4130,860
TXO,202609,20260916.0,44400.0,Put,1100,1100,995,995,970,▼-135,▼-11.95%,24,4,28,25,379,1010,3980,680
TXO,202609,20260916.0,44500.0,Call,1590,1590,1450,1570,1650,▲+10,▲+0.64%,8,4,12,340,1340,1670,5080,945
TXO,202609,20260916.0,44500.0,Put,1110,1120,980,1000,1000,▼-150,▼-13.04%,23,37,60,108,925,1460,3300,670
TXO,202609,20260916.0,44600.0,Call,1660,1660,1660,1660,1590,▲+160,▲+10.67%,2,2,4,130,1440,2110,4550,337
TXO,202609,20260916.0,44600.0,Put,1040,1110,1020,1040,1040,▼-150,▼-12.61%,13,9,22,25,535,1130,5580,790
TXO,202609,20260916.0,44700.0,Call,1480,1480,1430,1430,1530,0,0%,16,5,21,358,1070,1610,2780,835
TXO,202609,20260916.0,44700.0,Put,1310,1360,1160,1160,1080,▼-100,▼-7.94%,37,18,55,367,473,1170,3520,980
TXO,202609,20260916.0,44800.0,Call,1470,1490,1390,1430,1460,▲+50,▲+3.62%,17,11,28,82,1010,1550,4950,600
TXO,202609,20260916.0,44800.0,Put,1370,1430,1100,1130,1130,▼-150,▼-11.72%,25,25,50,92,1100,1570,3700,870
TXO,202609,20260916.0,44900.0,Call,1390,1410,1390,1410,1410,▲+80,▲+6.02%,41,2,43,20,1340,1490,2700,750
TXO,202609,20260916.0,44900.0,Put,1430,1430,1200,1200,1160,▼-100,▼-7.69%,15,4,19,26,1060,1260,3650,1050
TXO,202609,20260916.0,45000.0,Call,1310,1450,1150,1340,1340,▲+70,▲+5.51%,153,96,249,182,1180,1420,5750,550
TXO,202609,20260916.0,45000.0,Put,1350,1530,1160,1210,1210,▼-160,▼-11.68%,14,71,85,471,1160,1450,5600,815
TXO,202609,20260916.0,45100.0,Call,1250,1360,1200,1280,1280,▲+60,▲+4.92%,8,15,23,43,1270,1900,2430,710
TXO,202609,20260916.0,45100.0,Put,1260,1280,1260,1280,1240,▼-130,▼-9.22%,3,2,5,5,735,1350,3780,965
TXO,202609,20260916.0,45200.0,Call,1250,1310,1160,1170,1230,0,0%,16,221,237,127,780,1310,6110,550
TXO,202609,20260916.0,45200.0,Put,1260,1340,1260,1340,1280,▼-120,▼-8.22%,6,2,8,6,1200,1400,3850,900
TXO,202609,20260916.0,45300.0,Call,1100,1260,1100,1210,1180,▲+90,▲+8.04%,22,17,39,42,715,1270,2420,680
TXO,202609,20260916.0,45300.0,Put,1340,1380,1300,1350,1350,▼-150,▼-10.00%,8,6,14,80,820,1450,1810,1030
TXO,202609,20260916.0,45400.0,Call,1080,1200,1060,1160,1120,▲+110,▲+10.48%,56,27,83,336,1010,1730,3530,700
TXO,202609,20260916.0,45400.0,Put,-,-,-,-,1370,-,-,3,0,3,76,755,1490,3980,1070
TXO,202609,20260916.0,45500.0,Call,1050,1160,1000,1040,1070,0,0%,35,45,80,95,960,1160,2480,630
TXO,202609,20260916.0,45500.0,Put,1580,1580,1420,1490,1420,▼-110,▼-6.88%,6,19,25,72,1250,1540,3750,1000
TXO,202609,20260916.0,45600.0,Call,885,1090,865,970,1020,0,0%,209,17,226,429,910,1100,5400,630
TXO,202609,20260916.0,45600.0,Put,1580,1580,1580,1580,1470,▼-80,▼-4.82%,3,1,4,11,960,1590,3320,1210
TXO,202609,20260916.0,45700.0,Call,950,1060,930,955,955,▲+40,▲+4.37%,23,10,33,413,960,980,4250,690
TXO,202609,20260916.0,45700.0,Put,1870,1870,1500,1520,1520,▼-190,▼-11.11%,0,6,6,76,1510,1550,3000,1230
TXO,202609,20260916.0,45800.0,Call,900,1020,855,925,925,▲+45,▲+5.11%,36,13,49,414,840,1010,3830,600
TXO,202609,20260916.0,45800.0,Put,-,-,-,-,1580,-,-,4,0,4,35,1540,1730,4150,1160
TXO,202609,20260916.0,45900.0,Call,-,-,-,-,875,-,-,25,0,25,33,430,965,2030,620
TXO,202609,20260916.0,45900.0,Put,1600,1600,1600,1600,1630,▼-220,▼-12.09%,1,1,2,34,1620,1690,3530,1160
TXO,202609,20260916.0,46000.0,Call,830,915,700,810,810,▲+15,▲+1.89%,118,126,244,307,750,880,5040,470
TXO,202609,20260916.0,46000.0,Put,1840,1840,1650,1700,1700,▼-180,▼-9.57%,9,31,40,82,1580,1710,5600,1200
TXO,202609,20260916.0,46100.0,Call,670,850,670,785,785,▲+35,▲+4.67%,38,6,44,56,685,875,3120,580
TXO,202609,20260916.0,46100.0,Put,-,-,-,-,1750,-,-,2,0,2,7,1720,1770,3760,1370
TXO,202609,20260916.0,46200.0,Call,760,760,710,725,750,▲+5,▲+0.69%,153,48,201,197,700,835,5360,500
TXO,202609,20260916.0,46200.0,Put,-,-,-,-,1810,-,-,1,0,1,3,1760,2110,6310,1310
TXO,202609,20260916.0,46300.0,Call,690,690,690,690,690,▲+5,▲+0.73%,24,1,25,59,610,795,1810,580
TXO,202609,20260916.0,46300.0,Put,-,-,-,-,1870,-,-,5,0,5,4,1760,1970,2520,1550
TXO,202609,20260916.0,46400.0,Call,660,740,615,655,655,▲+20,▲+3.15%,5,7,12,120,565,755,4700,485
TXO,202609,20260916.0,46400.0,Put,1940,1940,1940,1940,1940,▼-180,▼-8.49%,0,2,2,3,1880,1950,4360,1530
TXO,202609,20260916.0,46500.0,Call,520,695,520,630,630,▲+30,▲+5.00%,34,40,74,369,540,715,3900,437
TXO,202609,20260916.0,46500.0,Put,2060,2060,1980,1980,1980,▼-210,▼-9.59%,2,5,7,55,1970,2030,6610,1420
TXO,202609,20260916.0,46600.0,Call,570,645,570,570,595,▲+20,▲+3.64%,8,11,19,102,515,675,3760,417
TXO,202609,20260916.0,46600.0,Put,-,-,-,-,2050,-,-,1,0,1,5,2030,2360,6230,1630
TXO,202609,20260916.0,46700.0,Call,520,600,505,545,545,▲+10,▲+1.87%,6,22,28,50,485,650,5130,408
TXO,202609,20260916.0,46700.0,Put,2320,2320,2100,2140,2140,▼-180,▼-7.76%,0,14,14,5,2100,2140,2350,1500
TXO,202609,20260916.0,46800.0,Call,500,545,500,515,515,▲+15,▲+3.00%,6,11,17,78,428,560,3180,379
TXO,202609,20260916.0,46800.0,Put,-,-,-,-,2180,-,-,0,0,0,3,2160,2280,7400,1910
TXO,202609,20260916.0,46900.0,Call,460,555,460,476,476,▲+7,▲+1.49%,10,24,34,113,416,580,3630,341
TXO,202609,20260916.0,46900.0,Put,-,-,-,-,2250,-,-,0,0,0,0,2210,2270,3700,3490
TXO,202609,20260916.0,47000.0,Call,470,525,381,462,462,▲+20,▲+4.52%,123,182,305,507,450,480,5010,310
TXO,202609,20260916.0,47000.0,Put,-,-,-,-,2320,-,-,0,0,0,273,2300,2640,6680,1840
TXO,202609,20260916.0,47100.0,Call,464,490,394,410,438,▼-8,▼-1.91%,8,18,26,118,342,505,3480,302
TXO,202609,20260916.0,47100.0,Put,-,-,-,-,2390,-,-,0,0,0,1,2370,2420,2860,2340
TXO,202609,20260916.0,47200.0,Call,438,460,380,412,412,▲+20,▲+5.10%,17,82,99,235,315,800,3600,286
TXO,202609,20260916.0,47200.0,Put,2410,2410,2410,2410,2460,▼-270,▼-10.07%,0,1,1,5,2440,2780,6660,2220
TXO,202609,20260916.0,47300.0,Call,378,432,360,378,378,▲+8,▲+2.16%,6,22,28,35,289,479,3600,262
TXO,202609,20260916.0,47300.0,Put,2590,2590,2590,2590,2540,▼-170,▼-6.16%,0,1,1,0,2370,2560,2830,2050
TXO,202609,20260916.0,47400.0,Call,360,361,335,335,359,▼-16,▼-4.56%,1,10,11,73,253,454,4760,250
TXO,202609,20260916.0,47400.0,Put,-,-,-,-,2610,-,-,0,0,0,4,2590,2920,6660,2290
TXO,202609,20260916.0,47500.0,Call,310,373,282,329,329,▲+11,▲+3.46%,25,14,39,201,281,430,2240,226
TXO,202609,20260916.0,47500.0,Put,-,-,-,-,2690,-,-,0,0,0,14,2670,2840,2730,2030
TXO,202609,20260916.0,47600.0,Call,310,337,280,312,312,▲+7,▲+2.30%,9,5,14,52,209,408,2000,203
TXO,202609,20260916.0,47600.0,Put,-,-,-,-,2770,-,-,0,0,0,1,2740,2790,6960,2320
TXO,202609,20260916.0,47700.0,Call,278,324,278,324,296,▲+39,▲+13.68%,1,3,4,87,25.5,330,1730,216
TXO,202609,20260916.0,47700.0,Put,-,-,-,-,2850,-,-,0,0,0,0,2820,2870,-,-
TXO,202609,20260916.0,47800.0,Call,282,300,272,272,272,▲+4,▲+1.49%,0,7,7,116,169,370,2000,195
TXO,202609,20260916.0,47800.0,Put,3010,3010,3010,3010,2930,▼-140,▼-4.44%,0,1,1,4,2900,3240,6790,2230
TXO,202609,20260916.0,47900.0,Call,256,260,224,250,250,▼-1,▼-0.40%,1,63,64,66,151,720,1000,200
TXO,202609,20260916.0,47900.0,Put,-,-,-,-,3010,-,-,0,0,0,0,2840,3030,-,-
TXO,202609,20260916.0,48000.0,Call,238,270,207,238,238,▲+3,▲+1.28%,111,163,274,863,212,242,3130,158
TXO,202609,20260916.0,48000.0,Put,-,-,-,-,3090,-,-,0,0,0,5,2830,3150,7110,2340
TXO,202609,20260916.0,48100.0,Call,219,221,219,221,221,▲+1,▲+0.45%,1,28,29,73,119,320,2800,188
TXO,202609,20260916.0,48100.0,Put,-,-,-,-,3180,-,-,0,0,0,3,2910,3220,4850,3390
TXO,202609,20260916.0,48200.0,Call,176,218,176,218,218,▲+11,▲+5.31%,11,3,14,21,133,250,2850,159
TXO,202609,20260916.0,48200.0,Put,-,-,-,-,3260,-,-,0,0,0,3,3000,3550,7310,2660
TXO,202609,20260916.0,48300.0,Call,188,188,188,188,188,▼-5,▼-2.59%,9,1,10,18,14.5,224,815,125
TXO,202609,20260916.0,48300.0,Put,-,-,-,-,3350,-,-,0,0,0,0,3080,3370,-,-
TXO,202609,20260916.0,48400.0,Call,184,206,177,177,177,▼-5,▼-2.75%,1,8,9,79,177,278,1980,132
TXO,202609,20260916.0,48400.0,Put,-,-,-,-,3430,-,-,0,0,0,7,3170,3730,7590,7240
TXO,202609,20260916.0,48500.0,Call,154,196,154,171,171,▲+2,▲+1.18%,12,107,119,274,106,267,990,115
TXO,202609,20260916.0,48500.0,Put,-,-,-,-,3520,-,-,0,0,0,4,3260,3660,3500,3300
TXO,202609,20260916.0,48600.0,Call,160,172,147,148,148,▼-12,▼-7.50%,6,11,17,85,1.6,163,750,118
TXO,202609,20260916.0,48600.0,Put,-,-,-,-,3610,-,-,0,0,0,6,3350,3640,7740,2930
TXO,202609,20260916.0,48700.0,Call,162,162,151,151,146,▲+1,▲+0.67%,11,6,17,44,45,245,1770,101
TXO,202609,20260916.0,48700.0,Put,-,-,-,-,3700,-,-,0,0,0,0,3440,3720,-,-
TXO,202609,20260916.0,48800.0,Call,135,149,134,136,136,▲+1,▲+0.74%,31,4,35,37,123,235,2200,99
TXO,202609,20260916.0,48800.0,Put,-,-,-,-,3790,-,-,0,0,0,2,3530,3830,4910,3080
TXO,202609,20260916.0,48900.0,Call,-,-,-,-,129,-,-,8,0,8,134,1.4,400,3930,95
TXO,202609,20260916.0,48900.0,Put,-,-,-,-,3880,-,-,0,0,0,0,3620,3900,-,-
TXO,202609,20260916.0,49000.0,Call,124,135,102,119,119,▼-5,▼-4.03%,144,184,328,565,119,123,3880,81
TXO,202609,20260916.0,49000.0,Put,-,-,-,-,3970,-,-,0,0,0,6,3710,4000,8740,3460
TXO,202609,20260916.0,49100.0,Call,115,129,104,104,114,▼-11,▼-9.57%,4,6,10,36,101,665,3500,85
TXO,202609,20260916.0,49100.0,Put,-,-,-,-,4070,-,-,0,0,0,1,3800,4090,4510,4510
TXO,202609,20260916.0,49200.0,Call,115,115,97,104,104,▼-5,▼-4.59%,9,13,22,15,90,203,2080,72
TXO,202609,20260916.0,49200.0,Put,-,-,-,-,4160,-,-,0,0,0,3,3890,4450,5160,3750
TXO,202609,20260916.0,49300.0,Call,100,113,84,90,101,▼-12,▼-11.76%,4,6,10,47,82,197,1560,75
TXO,202609,20260916.0,49300.0,Put,-,-,-,-,4250,-,-,0,0,0,3,3990,4540,4670,3420
TXO,202609,20260916.0,49400.0,Call,85,92,85,92,92,▼-4,▼-4.17%,4,3,7,13,89,190,2710,72
TXO,202609,20260916.0,49400.0,Put,-,-,-,-,4350,-,-,0,0,0,0,4320,4360,-,-
TXO,202609,20260916.0,49500.0,Call,92,98,73,84,84,▼-8,▼-8.70%,33,55,88,122,71,90,1060,57
TXO,202609,20260916.0,49500.0,Put,-,-,-,-,4440,-,-,0,0,0,1,4410,4460,4780,4780
TXO,202609,20260916.0,49600.0,Call,80,89,76,78,78,▼-2,▼-2.50%,13,7,20,21,5.1,90,1160,59
TXO,202609,20260916.0,49600.0,Put,-,-,-,-,4530,-,-,0,0,0,1,4510,4560,4850,4850
TXO,202609,20260916.0,49700.0,Call,67,74,67,74,74,▼-4,▼-5.13%,18,2,20,12,0.9,79,505,57
TXO,202609,20260916.0,49700.0,Put,-,-,-,-,4630,-,-,0,0,0,3,4520,4910,4920,4920
TXO,202609,20260916.0,49800.0,Call,78,82,64,70,70,▼-5,▼-6.67%,9,12,21,79,62,77,1760,55
TXO,202609,20260916.0,49800.0,Put,-,-,-,-,4720,-,-,0,0,0,0,4700,4740,-,-
TXO,202609,20260916.0,49900.0,Call,68,68,59,59,66,▼-10,▼-14.49%,5,2,7,40,4,68,2050,54
TXO,202609,20260916.0,49900.0,Put,-,-,-,-,4820,-,-,0,0,0,0,4790,4840,-,-
TXO,202609,20260916.0,50000.0,Call,69,77,55,62,62,▼-4,▼-6.06%,125,345,470,1813,56,63,3370,44.5
TXO,202609,20260916.0,50000.0,Put,-,-,-,-,4910,-,-,0,0,0,1,4890,4930,5300,4240
TXO,202609,20260916.0,50100.0,Call,54,54,54,54,59,▼-10,▼-15.63%,6,1,7,31,0.9,158,3360,46.5
TXO,202609,20260916.0,50100.0,Put,-,-,-,-,5010,-,-,0,0,0,0,4980,5030,-,-
TXO,202609,20260916.0,50200.0,Call,53,53,51,51,56,▼-9,▼-15.00%,0,2,2,37,38,109,1800,41.5
TXO,202609,20260916.0,50200.0,Put,-,-,-,-,5110,-,-,0,0,0,0,5080,5130,-,-
TXO,202609,20260916.0,50300.0,Call,60,60,60,60,53,▲+4,▲+7.14%,2,4,6,9,0.7,152,1200,36
TXO,202609,20260916.0,50300.0,Put,-,-,-,-,5200,-,-,0,0,0,0,5180,5220,-,-
TXO,202609,20260916.0,50400.0,Call,53,58,43.5,43.5,49,▼-9.5,▼-17.92%,1,7,8,59,5,595,3140,43.5
TXO,202609,20260916.0,50400.0,Put,-,-,-,-,5300,-,-,0,0,0,0,5270,5320,7650,5430
TXO,202609,20260916.0,50500.0,Call,50,54,42,42,45,▼-8,▼-16.00%,17,12,29,120,30,59,1080,34.5
TXO,202609,20260916.0,50500.0,Put,-,-,-,-,5400,-,-,0,0,0,0,5370,5420,-,-
TXO,202609,20260916.0,50600.0,Call,46,51,46,51,42.5,▲+3.5,▲+7.37%,0,5,5,15,5,51,1760,46
TXO,202609,20260916.0,50600.0,Put,-,-,-,-,5490,-,-,0,0,0,0,5470,5520,-,-
TXO,202609,20260916.0,50700.0,Call,42,47,38,41,41,▼-4,▼-8.89%,1,6,7,10,0.6,89,1490,34.5
TXO,202609,20260916.0,50700.0,Put,-,-,-,-,5590,-,-,0,0,0,0,5560,5610,-,-
TXO,202609,20260916.0,50800.0,Call,43,51,35,38.5,38.5,▼-3.5,▼-8.33%,1,46,47,262,5,49,2580,30
TXO,202609,20260916.0,50800.0,Put,-,-,-,-,5690,-,-,0,0,0,0,5660,5710,-,-
TXO,202609,20260916.0,50900.0,Call,38.5,40,37,37,37,▼-3,▼-7.50%,2,7,9,28,0.7,37.5,1050,29.5
TXO,202609,20260916.0,50900.0,Put,-,-,-,-,5790,-,-,0,0,0,0,5760,5810,-,-
TXO,202609,20260916.0,51000.0,Call,35,43.5,30.5,35,35,▼-3,▼-7.89%,19,384,403,526,30,43,2360,20.5
TXO,202609,20260916.0,51000.0,Put,-,-,-,-,5880,-,-,0,0,0,0,5850,5910,-,-
TXO,202609,20260916.0,51100.0,Call,36.5,36.5,36.5,36.5,32.5,▲+2,▲+5.80%,1,1,2,108,0.6,133,1820,25
TXO,202609,20260916.0,51100.0,Put,-,-,-,-,5980,-,-,0,0,0,0,5950,6010,-,-
TXO,202609,20260916.0,51200.0,Call,38,38,33,33,31,▼-0.5,▼-1.49%,8,2,10,117,0.6,580,2430,23
TXO,202609,20260916.0,51200.0,Put,-,-,-,-,6080,-,-,0,0,0,0,6050,6110,-,-
TXO,202609,20260916.0,51300.0,Call,-,-,-,-,29.5,-,-,0,0,0,220,0.6,575,840,22
TXO,202609,20260916.0,51300.0,Put,-,-,-,-,6180,-,-,0,0,0,0,6150,6210,-,-
TXO,202609,20260916.0,51400.0,Call,34,34,34,34,28.5,▲+2.5,▲+7.94%,0,1,1,5,5,575,1830,24.5
TXO,202609,20260916.0,51400.0,Put,-,-,-,-,6280,-,-,0,0,0,0,6250,6300,-,-
TXO,202609,20260916.0,51500.0,Call,-,-,-,-,27,-,-,0,0,0,14,0.6,127,920,23.5
TXO,202609,20260916.0,51500.0,Put,-,-,-,-,6380,-,-,0,0,0,0,6340,6400,-,-
TXO,202609,20260916.0,51600.0,Call,-,-,-,-,25.5,-,-,0,0,0,6,5,575,810,22
TXO,202609,20260916.0,51600.0,Put,-,-,-,-,6470,-,-,0,0,0,0,6440,6500,-,-
TXO,202609,20260916.0,51700.0,Call,24,24,24,24,24,▼-3,▼-11.11%,2,2,4,9,0.5,570,550,22.5
TXO,202609,20260916.0,51700.0,Put,-,-,-,-,6570,-,-,0,0,0,0,6540,6600,-,-
TXO,202609,20260916.0,51800.0,Call,-,-,-,-,23.5,-,-,1,0,1,19,3,124,1850,24
TXO,202609,20260916.0,51800.0,Put,-,-,-,-,6670,-,-,0,0,0,0,6640,6700,-,-
TXO,202609,20260916.0,51900.0,Call,-,-,-,-,22.5,-,-,0,0,0,6,0.5,458,590,19.5
TXO,202609,20260916.0,51900.0,Put,-,-,-,-,6770,-,-,0,0,0,0,6740,6800,-,-
TXO,202609,20260916.0,52000.0,Call,23,27,20,21,21,▼-3.5,▼-14.29%,24,75,99,570,20,40,2210,16.5
TXO,202609,20260916.0,52000.0,Put,-,-,-,-,6870,-,-,0,0,0,0,6840,6900,-,-
TXO,202609,20260916.0,52100.0,Call,-,-,-,-,20.5,-,-,0,0,0,10,0.5,456,590,20
TXO,202609,20260916.0,52100.0,Put,-,-,-,-,6970,-,-,0,0,0,0,6940,7000,-,-
TXO,202609,20260916.0,52200.0,Call,-,-,-,-,20,-,-,0,0,0,15,0.6,23,2340,30
TXO,202609,20260916.0,52200.0,Put,-,-,-,-,7070,-,-,0,0,0,0,7030,7100,-,-
TXO,202609,20260916.0,52300.0,Call,-,-,-,-,19,-,-,0,0,0,21,12,119,1880,29.5
TXO,202609,20260916.0,52300.0,Put,-,-,-,-,7170,-,-,0,0,0,0,7130,7200,-,-
TXO,202609,20260916.0,52400.0,Call,20,20,20,20,18.5,0,0%,0,2,2,16,0.6,570,1880,16.5
TXO,202609,20260916.0,52400.0,Put,-,-,-,-,7270,-,-,0,0,0,0,7230,7300,-,-
TXO,202609,20260916.0,52500.0,Call,16.5,16.5,16.5,16.5,16.5,▼-3,▼-15.38%,1,3,4,57,16,118,550,16.5
TXO,202609,20260916.0,52500.0,Put,-,-,-,-,7360,-,-,0,0,0,0,7330,7400,-,-
TXO,202609,20260916.0,52600.0,Call,17,17.5,17,17.5,16,▼-1.5,▼-7.89%,0,6,6,42,0.6,454,1390,16
TXO,202609,20260916.0,52600.0,Put,-,-,-,-,7460,-,-,0,0,0,0,7430,7500,-,-
TXO,202609,20260916.0,52700.0,Call,-,-,-,-,15.5,-,-,10,0,10,18,0.6,565,1890,14
TXO,202609,20260916.0,52700.0,Put,-,-,-,-,7560,-,-,0,0,0,0,7530,7600,-,-
TXO,202609,20260916.0,52800.0,Call,20,20,20,20,15.5,▲+3,▲+17.65%,0,2,2,14,0.6,17,1930,14
TXO,202609,20260916.0,52800.0,Put,-,-,-,-,7660,-,-,0,0,0,0,7630,7700,-,-
TXO,202609,20260916.0,52900.0,Call,-,-,-,-,15.5,-,-,4,0,4,27,0.6,565,580,13.5
TXO,202609,20260916.0,52900.0,Put,-,-,-,-,7760,-,-,0,0,0,0,7730,7790,-,-
TXO,202609,20260916.0,53000.0,Call,18,18,18,18,15,▲+2,▲+12.50%,22,1,23,318,14,23.5,1240,11
TXO,202609,20260916.0,53000.0,Put,-,-,-,-,7860,-,-,0,0,0,0,7830,7890,-,-
TXO,202609,20260916.0,53100.0,Call,15,15,15,15,15,0,0%,3,1,4,31,0.7,565,580,13.5
TXO,202609,20260916.0,53100.0,Put,-,-,-,-,7960,-,-,0,0,0,0,7920,7990,-,-
TXO,202609,20260916.0,53200.0,Call,14.5,14.5,14.5,14.5,14.5,▼-0.5,▼-3.33%,4,1,5,12,0.7,452,1500,13
TXO,202609,20260916.0,53200.0,Put,-,-,-,-,8060,-,-,0,0,0,0,8020,8090,-,-
TXO,202609,20260916.0,53300.0,Call,14,14,12.5,12.5,13.5,▼-2,▼-13.79%,3,3,6,5,0.6,18,580,12.5
TXO,202609,20260916.0,53300.0,Put,-,-,-,-,8160,-,-,0,0,0,0,8120,8190,-,-
TXO,202609,20260916.0,53400.0,Call,12.5,12.5,12.5,12.5,12.5,▼-1,▼-7.41%,3,1,4,2,0.7,452,1000,12.5
TXO,202609,20260916.0,53400.0,Put,-,-,-,-,8260,-,-,0,0,0,0,8220,8290,-,-
TXO,202609,20260916.0,53500.0,Call,12.5,12.5,12.5,12.5,12.5,▼-1,▼-7.41%,4,2,6,123,0.8,15.5,600,11
TXO,202609,20260916.0,53500.0,Put,-,-,-,-,8360,-,-,0,0,0,0,8320,8390,-,-
TXO,202609,20260916.0,53600.0,Call,-,-,-,-,12.5,-,-,3,0,3,6,0.6,113,1340,15
TXO,202609,20260916.0,53600.0,Put,-,-,-,-,8460,-,-,0,0,0,0,8420,8490,-,-
TXO,202609,20260916.0,53700.0,Call,-,-,-,-,12,-,-,0,0,0,18,0.6,565,550,34.5
TXO,202609,20260916.0,53700.0,Put,-,-,-,-,8560,-,-,0,0,0,0,8520,8590,-,-
TXO,202609,20260916.0,53800.0,Call,-,-,-,-,11.5,-,-,5,0,5,10,0.6,13,1240,10
TXO,202609,20260916.0,53800.0,Put,-,-,-,-,8660,-,-,0,0,0,0,8620,8690,-,-
TXO,202609,20260916.0,53900.0,Call,-,-,-,-,11,-,-,8,0,8,16,0.7,565,99,12
TXO,202609,20260916.0,53900.0,Put,-,-,-,-,8760,-,-,0,0,0,0,8720,8790,-,-
TXO,202609,20260916.0,54000.0,Call,-,-,-,-,11,-,-,4,0,4,214,1,29.5,1400,10
TXO,202609,20260916.0,54000.0,Put,-,-,-,-,8860,-,-,0,0,0,1,8830,8910,9240,9240
TXO,202609,20260916.0,54100.0,Call,-,-,-,-,10.5,-,-,3,0,3,19,0.4,40,100,10.5
TXO,202609,20260916.0,54100.0,Put,-,-,-,-,8960,-,-,0,0,0,0,8920,8990,-,-
TXO,202609,20260916.0,54200.0,Call,-,-,-,-,10.5,-,-,3,0,3,28,0.4,565,250,9
TXO,202609,20260916.0,54200.0,Put,-,-,-,-,9060,-,-,0,0,0,0,9020,9090,-,-
TXO,202609,20260916.0,54300.0,Call,-,-,-,-,10,-,-,3,0,3,18,0.5,565,195,11.5
TXO,202609,20260916.0,54300.0,Put,-,-,-,-,9160,-,-,0,0,0,0,9110,9190,-,-
TXO,202609,20260916.0,54400.0,Call,-,-,-,-,10,-,-,3,0,3,18,0.4,565,1040,12.5
TXO,202609,20260916.0,54400.0,Put,-,-,-,-,9250,-,-,0,0,0,0,9210,9290,-,-
TXO,202609,20260916.0,54500.0,Call,12,12.5,10,10,10,▼-0.5,▼-4.76%,3,4,7,134,0.8,12.5,300,8.6
TXO,202609,20260916.0,54500.0,Put,-,-,-,-,9350,-,-,0,0,0,0,9310,9390,-,-
TXO,202609,20260916.0,54600.0,Call,-,-,-,-,9.5,-,-,3,0,3,48,0.5,110,1680,10
TXO,202609,20260916.0,54600.0,Put,-,-,-,-,9450,-,-,0,0,0,0,9410,9490,-,-
TXO,202609,20260916.0,54700.0,Call,-,-,-,-,9.4,-,-,5,0,5,33,4.9,565,382,9.9
TXO,202609,20260916.0,54700.0,Put,-,-,-,-,9550,-,-,0,0,0,0,9510,9590,-,-
TXO,202609,20260916.0,54800.0,Call,-,-,-,-,9.1,-,-,3,0,3,23,0.4,565,370,10
TXO,202609,20260916.0,54800.0,Put,-,-,-,-,9650,-,-,0,0,0,0,9610,9690,-,-
TXO,202609,20260916.0,54900.0,Call,11,11,11,11,9,▲+1.9,▲+20.88%,4,1,5,5,4,18.5,205,8.6
TXO,202609,20260916.0,54900.0,Put,-,-,-,-,9750,-,-,0,0,0,0,9710,9790,-,-
TXO,202609,20260916.0,55000.0,Call,-,-,-,-,8.6,-,-,11,0,11,308,2,11,1240,5.9
TXO,202609,20260916.0,55000.0,Put,-,-,-,-,9850,-,-,0,0,0,1,9820,9910,10230,10230
TXO,202609,20260916.0,55200.0,Call,-,-,-,-,8.5,-,-,3,0,3,2,0.4,565,350,10.5
TXO,202609,20260916.0,55200.0,Put,-,-,-,-,10050,-,-,0,0,0,0,10010,10090,-,-
TXO,202609,20260916.0,55400.0,Call,-,-,-,-,8.1,-,-,3,0,3,31,0.5,109,800,10.5
TXO,202609,20260916.0,55400.0,Put,-,-,-,-,10250,-,-,0,0,0,176,10170,10380,12880,9200
TXO,202609,20260916.0,55600.0,Call,9,9,9,9,7.5,▲+1.2,▲+15.38%,4,1,5,6,1.2,9,1400,5.5
TXO,202609,20260916.0,55600.0,Put,-,-,-,-,10450,-,-,0,0,0,0,10370,10540,-,-
TXO,202609,20260916.0,55800.0,Call,9.2,9.7,7.6,7.8,6.8,▲+0.3,▲+4.00%,51,89,140,677,6.8,10,1350,5
TXO,202609,20260916.0,55800.0,Put,-,-,-,-,10650,-,-,0,0,0,0,10570,10740,-,-
TXO,202610,20261021.0,33900.0,Call,-,-,-,-,11440,-,-,0,0,0,0,11370,11520,-,-
TXO,202610,20261021.0,33900.0,Put,90,92,79,85,85,▼-11,▼-11.46%,4,7,11,97,82,92,400,79
TXO,202610,20261021.0,34000.0,Call,-,-,-,-,11350,-,-,0,0,0,0,11290,11420,-,-
TXO,202610,20261021.0,34000.0,Put,-,-,-,-,90,-,-,0,0,0,18,54,-,780,94
TXO,202610,20261021.0,34100.0,Call,-,-,-,-,11250,-,-,0,0,0,0,11190,11320,-,-
TXO,202610,20261021.0,34100.0,Put,-,-,-,-,93,-,-,0,0,0,1,88,-,105,104
TXO,202610,20261021.0,34200.0,Call,-,-,-,-,11150,-,-,0,0,0,0,11090,11220,-,-
TXO,202610,20261021.0,34200.0,Put,-,-,-,-,93,-,-,1,0,1,2,0.8,193,810,100
TXO,202610,20261021.0,34300.0,Call,-,-,-,-,11050,-,-,0,0,0,0,10980,11120,-,-
TXO,202610,20261021.0,34300.0,Put,-,-,-,-,96,-,-,0,0,0,0,0.8,-,-,-
TXO,202610,20261021.0,34400.0,Call,-,-,-,-,10960,-,-,0,0,0,0,10900,11030,-,-
TXO,202610,20261021.0,34400.0,Put,-,-,-,-,100,-,-,0,0,0,3,0.8,197,200,112
TXO,202610,20261021.0,34500.0,Call,-,-,-,-,10860,-,-,0,0,0,0,10790,10930,-,-
TXO,202610,20261021.0,34500.0,Put,-,-,-,-,100,-,-,3,0,3,4,0.8,200,116,107
TXO,202610,20261021.0,34600.0,Call,-,-,-,-,10760,-,-,0,0,0,0,10690,10830,-,-
TXO,202610,20261021.0,34600.0,Put,-,-,-,-,101,-,-,0,0,0,2,1.2,115,299,108
TXO,202610,20261021.0,34700.0,Call,-,-,-,-,10660,-,-,0,0,0,0,10600,10730,-,-
TXO,202610,20261021.0,34700.0,Put,-,-,-,-,105,-,-,0,0,0,5,1.3,205,805,111
TXO,202610,20261021.0,34800.0,Call,-,-,-,-,10570,-,-,0,0,0,0,10510,10620,-,-
TXO,202610,20261021.0,34800.0,Put,-,-,-,-,110,-,-,0,0,0,8,1.3,208,314,114
TXO,202610,20261021.0,34900.0,Call,-,-,-,-,10470,-,-,0,0,0,0,10400,10520,-,-
TXO,202610,20261021.0,34900.0,Put,-,-,-,-,113,-,-,0,0,0,5,1.3,-,488,110
TXO,202610,20261021.0,35000.0,Call,-,-,-,-,10380,-,-,0,0,0,0,10310,10440,-,-
TXO,202610,20261021.0,35000.0,Put,111,113,111,113,113,▼-19,▼-14.39%,2,8,10,44,110,150,1060,111
TXO,202610,20261021.0,35100.0,Call,-,-,-,-,10280,-,-,0,0,0,0,10220,10340,-,-
TXO,202610,20261021.0,35100.0,Put,-,-,-,-,120,-,-,0,0,0,4,1.4,120,505,100
TXO,202610,20261021.0,35200.0,Call,-,-,-,-,10180,-,-,0,0,0,0,10120,10250,-,-
TXO,202610,20261021.0,35200.0,Put,-,-,-,-,122,-,-,0,0,0,4,1.4,-,151,136
TXO,202610,20261021.0,35300.0,Call,-,-,-,-,10090,-,-,0,0,0,0,10020,10150,-,-
TXO,202610,20261021.0,35300.0,Put,-,-,-,-,125,-,-,0,0,0,6,1.4,223,1070,122
TXO,202610,20261021.0,35400.0,Call,-,-,-,-,9990,-,-,0,0,0,0,9920,10050,-,-
TXO,202610,20261021.0,35400.0,Put,-,-,-,-,130,-,-,0,0,0,5,1.4,226,1000,141
TXO,202610,20261021.0,35500.0,Call,-,-,-,-,9900,-,-,0,0,0,0,9830,9940,-,-
TXO,202610,20261021.0,35500.0,Put,-,-,-,-,134,-,-,0,0,0,5,29,-,550,127
TXO,202610,20261021.0,35600.0,Call,-,-,-,-,9800,-,-,0,0,0,0,9740,9860,-,-
TXO,202610,20261021.0,35600.0,Put,-,-,-,-,137,-,-,0,0,0,4,1.5,233,150,137
TXO,202610,20261021.0,35700.0,Call,-,-,-,-,9700,-,-,0,0,0,0,9650,9760,-,-
TXO,202610,20261021.0,35700.0,Put,-,-,-,-,141,-,-,0,0,0,4,1.5,-,300,135
TXO,202610,20261021.0,35800.0,Call,-,-,-,-,9610,-,-,0,0,0,0,9540,9660,-,-
TXO,202610,20261021.0,35800.0,Put,-,-,-,-,145,-,-,0,0,0,4,1.5,241,405,144
TXO,202610,20261021.0,35900.0,Call,-,-,-,-,9510,-,-,0,0,0,0,9460,9560,-,-
TXO,202610,20261021.0,35900.0,Put,-,-,-,-,150,-,-,0,0,0,2,1.6,-,182,142
TXO,202610,20261021.0,36000.0,Call,-,-,-,-,9420,-,-,0,0,0,0,9350,9460,-,-
TXO,202610,20261021.0,36000.0,Put,-,-,-,-,154,-,-,2,0,2,93,1.6,165,1380,149
TXO,202610,20261021.0,36100.0,Call,-,-,-,-,9320,-,-,0,0,0,0,9260,9380,-,-
TXO,202610,20261021.0,36100.0,Put,-,-,-,-,159,-,-,0,0,0,1,1.6,254,690,146
TXO,202610,20261021.0,36200.0,Call,-,-,-,-,9230,-,-,0,0,0,0,9160,9280,-,-
TXO,202610,20261021.0,36200.0,Put,156,156,156,156,164,▼-26,▼-14.29%,0,1,1,4,1.7,258,1120,156
TXO,202610,20261021.0,36300.0,Call,-,-,-,-,9130,-,-,0,0,0,0,9080,9190,-,-
TXO,202610,20261021.0,36300.0,Put,-,-,-,-,168,-,-,0,0,0,2,1.7,-,915,190
TXO,202610,20261021.0,36400.0,Call,-,-,-,-,9040,-,-,0,0,0,0,8970,9080,-,-
TXO,202610,20261021.0,36400.0,Put,-,-,-,-,174,-,-,0,0,0,1,67,-,401,265
TXO,202610,20261021.0,36500.0,Call,-,-,-,-,8940,-,-,0,0,0,0,8880,8990,-,-
TXO,202610,20261021.0,36500.0,Put,170,170,170,170,178,▼-30,▼-15.00%,0,6,6,6,1.8,-,1510,170
TXO,202610,20261021.0,36600.0,Call,-,-,-,-,8850,-,-,0,0,0,0,8800,8900,-,-
TXO,202610,20261021.0,36600.0,Put,-,-,-,-,184,-,-,0,0,0,0,1.8,-,1110,610
TXO,202610,20261021.0,36700.0,Call,-,-,-,-,8750,-,-,0,0,0,0,8700,8810,-,-
TXO,202610,20261021.0,36700.0,Put,-,-,-,-,189,-,-,0,0,0,1,83,-,710,710
TXO,202610,20261021.0,36800.0,Call,-,-,-,-,8660,-,-,0,0,0,0,8610,8710,-,-
TXO,202610,20261021.0,36800.0,Put,-,-,-,-,195,-,-,0,0,0,3,89,290,497,230
TXO,202610,20261021.0,36900.0,Call,-,-,-,-,8570,-,-,0,0,0,0,8510,8620,-,-
TXO,202610,20261021.0,36900.0,Put,-,-,-,-,201,-,-,0,0,0,1,95,-,1620,730
TXO,202610,20261021.0,37000.0,Call,-,-,-,-,8470,-,-,0,0,0,0,8410,8510,-,-
TXO,202610,20261021.0,37000.0,Put,240,240,204,205,205,▼-29,▼-12.39%,5,3,8,42,186,-,1010,156
TXO,202610,20261021.0,37100.0,Call,-,-,-,-,8380,-,-,0,0,0,0,8330,8430,-,-
TXO,202610,20261021.0,37100.0,Put,-,-,-,-,213,-,-,0,0,0,7,108,-,750,198
TXO,202610,20261021.0,37200.0,Call,-,-,-,-,8290,-,-,0,0,0,0,8240,8340,-,-
TXO,202610,20261021.0,37200.0,Put,-,-,-,-,220,-,-,1,0,1,1,114,-,1460,274
TXO,202610,20261021.0,37300.0,Call,-,-,-,-,8190,-,-,0,0,0,0,8140,8230,-,-
TXO,202610,20261021.0,37300.0,Put,-,-,-,-,226,-,-,0,0,0,1,121,-,575,440
TXO,202610,20261021.0,37400.0,Call,-,-,-,-,8100,-,-,0,0,0,0,8040,8150,-,-
TXO,202610,20261021.0,37400.0,Put,-,-,-,-,233,-,-,0,0,0,1,128,-,815,305
TXO,202610,20261021.0,37500.0,Call,-,-,-,-,8010,-,-,0,0,0,0,7950,8060,-,-
TXO,202610,20261021.0,37500.0,Put,245,245,240,240,240,▼-34,▼-12.41%,0,9,9,3,136,337,445,200
TXO,202610,20261021.0,37600.0,Call,-,-,-,-,7920,-,-,0,0,0,0,7860,7970,-,-
TXO,202610,20261021.0,37600.0,Put,245,245,245,245,245,▼-39,▼-13.73%,0,1,1,8,143,344,850,218
TXO,202610,20261021.0,37700.0,Call,-,-,-,-,7820,-,-,0,0,0,0,7770,7860,-,-
TXO,202610,20261021.0,37700.0,Put,-,-,-,-,257,-,-,0,0,0,2,178,-,300,200
TXO,202610,20261021.0,37800.0,Call,-,-,-,-,7730,-,-,0,0,0,0,7680,7770,-,-
TXO,202610,20261021.0,37800.0,Put,-,-,-,-,264,-,-,0,0,0,4,159,-,945,251
TXO,202610,20261021.0,37900.0,Call,-,-,-,-,7640,-,-,0,0,0,0,7580,7680,-,-
TXO,202610,20261021.0,37900.0,Put,-,-,-,-,271,-,-,0,0,0,1,168,-,900,650
TXO,202610,20261021.0,38000.0,Call,-,-,-,-,7550,-,-,0,0,0,0,7490,7590,-,-
TXO,202610,20261021.0,38000.0,Put,320,320,275,275,275,▼-42,▼-13.25%,6,3,9,24,176,396,2000,210
TXO,202610,20261021.0,38100.0,Call,-,-,-,-,7460,-,-,0,0,0,0,7420,7500,-,-
TXO,202610,20261021.0,38100.0,Put,-,-,-,-,288,-,-,0,0,0,39,185,386,1380,252
TXO,202610,20261021.0,38200.0,Call,-,-,-,-,7370,-,-,0,0,0,0,7320,7410,-,-
TXO,202610,20261021.0,38200.0,Put,-,-,-,-,297,-,-,0,0,0,3,194,396,1020,301
TXO,202610,20261021.0,38300.0,Call,-,-,-,-,7280,-,-,0,0,0,0,7230,7320,-,-
TXO,202610,20261021.0,38300.0,Put,-,-,-,-,306,-,-,0,0,0,0,204,-,-,-
TXO,202610,20261021.0,38400.0,Call,-,-,-,-,7190,-,-,0,0,0,0,7140,7230,-,-
TXO,202610,20261021.0,38400.0,Put,-,-,-,-,317,-,-,0,0,0,1,214,-,1930,382
TXO,202610,20261021.0,38500.0,Call,-,-,-,-,7100,-,-,0,0,0,0,7050,7130,-,-
TXO,202610,20261021.0,38500.0,Put,-,-,-,-,326,-,-,0,0,0,9,224,-,2100,291
TXO,202610,20261021.0,38600.0,Call,-,-,-,-,7010,-,-,0,0,0,0,6960,7040,-,-
TXO,202610,20261021.0,38600.0,Put,-,-,-,-,338,-,-,0,0,0,1,234,-,422,422
TXO,202610,20261021.0,38700.0,Call,-,-,-,-,6920,-,-,0,0,0,0,6870,6960,-,-
TXO,202610,20261021.0,38700.0,Put,360,360,360,360,350,▼-42,▼-10.45%,0,3,3,11,245,446,2230,300
TXO,202610,20261021.0,38800.0,Call,-,-,-,-,6830,-,-,0,0,0,0,6780,6870,-,-
TXO,202610,20261021.0,38800.0,Put,-,-,-,-,357,-,-,0,0,0,2,256,-,610,428
TXO,202610,20261021.0,38900.0,Call,-,-,-,-,6740,-,-,0,0,0,0,6690,6780,-,-
TXO,202610,20261021.0,38900.0,Put,388,388,388,388,370,▼-35,▼-8.27%,0,1,1,2,267,467,690,334
TXO,202610,20261021.0,39000.0,Call,-,-,-,-,6660,-,-,0,0,0,0,6600,6690,-,-
TXO,202610,20261021.0,39000.0,Put,400,410,384,390,390,▼-40,▼-9.30%,4,15,19,48,350,525,1790,318
TXO,202610,20261021.0,39100.0,Call,-,-,-,-,6560,-,-,0,0,0,0,6510,6600,-,-
TXO,202610,20261021.0,39100.0,Put,420,420,420,420,392,▼-26,▼-5.83%,0,2,2,1,290,491,820,420
TXO,202610,20261021.0,39200.0,Call,-,-,-,-,6480,-,-,0,0,0,0,6430,6510,-,-
TXO,202610,20261021.0,39200.0,Put,-,-,-,-,406,-,-,0,0,0,0,302,-,-,-
TXO,202610,20261021.0,39300.0,Call,-,-,-,-,6390,-,-,0,0,0,0,6340,6420,-,-
TXO,202610,20261021.0,39300.0,Put,430,430,430,430,421,▼-44,▼-9.28%,0,1,1,0,315,-,525,430
TXO,202610,20261021.0,39400.0,Call,-,-,-,-,6300,-,-,0,0,0,0,6250,6340,-,-
TXO,202610,20261021.0,39400.0,Put,-,-,-,-,429,-,-,0,0,0,1,328,530,545,480
TXO,202610,20261021.0,39500.0,Call,-,-,-,-,6210,-,-,0,0,0,0,6160,6250,-,-
TXO,202610,20261021.0,39500.0,Put,455,455,455,455,441,▼-50,▼-9.90%,2,5,7,3,341,545,995,455
TXO,202610,20261021.0,39600.0,Call,-,-,-,-,6130,-,-,0,0,0,0,6080,6160,-,-
TXO,202610,20261021.0,39600.0,Put,-,-,-,-,455,-,-,0,0,0,1,354,-,1300,400
TXO,202610,20261021.0,39700.0,Call,-,-,-,-,6040,-,-,0,0,0,0,5990,6080,-,-
TXO,202610,20261021.0,39700.0,Put,510,510,510,510,469,▼-25,▼-4.67%,0,3,3,2,368,570,665,351
TXO,202610,20261021.0,39800.0,Call,-,-,-,-,5960,-,-,0,0,0,0,5910,5990,-,-
TXO,202610,20261021.0,39800.0,Put,-,-,-,-,486,-,-,0,0,0,0,382,-,585,550
TXO,202610,20261021.0,39900.0,Call,-,-,-,-,5870,-,-,1,0,1,2,5830,5900,5680,3150
TXO,202610,20261021.0,39900.0,Put,-,-,-,-,500,-,-,0,0,0,1,397,-,2760,435
TXO,202610,20261021.0,40000.0,Call,-,-,-,-,5790,-,-,0,0,0,0,5740,5820,-,-
TXO,202610,20261021.0,40000.0,Put,565,565,520,520,520,▼-65,▼-11.11%,1,7,8,25,418,800,2490,395
TXO,202610,20261021.0,40100.0,Call,-,-,-,-,5710,-,-,0,0,0,0,5660,5740,-,-
TXO,202610,20261021.0,40100.0,Put,-,-,-,-,535,-,-,0,0,0,5,427,-,660,660
TXO,202610,20261021.0,40200.0,Call,-,-,-,-,5630,-,-,0,0,0,0,5570,5650,-,-
TXO,202610,20261021.0,40200.0,Put,-,-,-,-,550,-,-,0,0,0,1,442,-,630,405
TXO,202610,20261021.0,40300.0,Call,-,-,-,-,5540,-,-,0,0,0,0,5480,5570,-,-
TXO,202610,20261021.0,40300.0,Put,-,-,-,-,565,-,-,0,0,0,19,458,660,2940,473
TXO,202610,20261021.0,40400.0,Call,-,-,-,-,5460,-,-,0,0,0,0,5400,5480,-,-
TXO,202610,20261021.0,40400.0,Put,-,-,-,-,580,-,-,0,0,0,0,473,-,-,-
TXO,202610,20261021.0,40500.0,Call,-,-,-,-,5370,-,-,0,0,0,0,5320,5400,-,-
TXO,202610,20261021.0,40500.0,Put,620,620,620,620,600,▼-55,▼-8.15%,1,1,2,6,490,-,2730,500
TXO,202610,20261021.0,40600.0,Call,-,-,-,-,5290,-,-,0,0,0,0,5230,5320,-,-
TXO,202610,20261021.0,40600.0,Put,-,-,-,-,615,-,-,0,0,0,4,505,710,1260,505
TXO,202610,20261021.0,40700.0,Call,-,-,-,-,5200,-,-,0,0,0,0,5160,5230,-,-
TXO,202610,20261021.0,40700.0,Put,-,-,-,-,630,-,-,0,0,0,0,525,-,1540,755
TXO,202610,20261021.0,40800.0,Call,-,-,-,-,5120,-,-,0,0,0,1,5070,5150,5680,3010
TXO,202610,20261021.0,40800.0,Put,665,665,665,665,650,▼-70,▼-9.52%,0,1,1,2,540,745,2920,665
TXO,202610,20261021.0,40900.0,Call,-,-,-,-,5040,-,-,0,0,0,0,4990,5070,-,-
TXO,202610,20261021.0,40900.0,Put,-,-,-,-,665,-,-,0,0,0,0,560,-,3100,1400
TXO,202610,20261021.0,41000.0,Call,-,-,-,-,4950,-,-,0,0,0,0,4910,4990,4060,2930
TXO,202610,20261021.0,41000.0,Put,-,-,-,-,675,-,-,4,0,4,8,575,835,3020,680
TXO,202610,20261021.0,41100.0,Call,-,-,-,-,4870,-,-,0,0,0,0,4830,4910,-,-
TXO,202610,20261021.0,41100.0,Put,-,-,-,-,695,-,-,0,0,0,1,595,805,2590,805
TXO,202610,20261021.0,41200.0,Call,-,-,-,-,4800,-,-,0,0,0,0,4750,4830,4840,3580
TXO,202610,20261021.0,41200.0,Put,-,-,-,-,720,-,-,0,0,0,31,615,820,2540,850
TXO,202610,20261021.0,41300.0,Call,-,-,-,-,4720,-,-,0,0,0,0,4670,4750,-,-
TXO,202610,20261021.0,41300.0,Put,-,-,-,-,745,-,-,0,0,0,0,635,-,-,-
TXO,202610,20261021.0,41400.0,Call,-,-,-,-,4640,-,-,0,0,0,0,4590,4670,-,-
TXO,202610,20261021.0,41400.0,Put,-,-,-,-,760,-,-,0,0,0,1,655,860,800,800
TXO,202610,20261021.0,41500.0,Call,-,-,-,-,4560,-,-,0,0,0,0,4510,4590,-,-
TXO,202610,20261021.0,41500.0,Put,-,-,-,-,780,-,-,0,0,0,32,675,880,2280,655
TXO,202610,20261021.0,41600.0,Call,-,-,-,-,4480,-,-,0,0,0,1,4430,4510,3210,3210
TXO,202610,20261021.0,41600.0,Put,820,820,820,820,805,▼-85,▼-9.39%,0,1,1,8,700,-,2550,670
TXO,202610,20261021.0,41700.0,Call,-,-,-,-,4400,-,-,0,0,0,0,4350,4440,-,-
TXO,202610,20261021.0,41700.0,Put,-,-,-,-,820,-,-,0,0,0,1,725,-,975,975
TXO,202610,20261021.0,41800.0,Call,-,-,-,-,4330,-,-,0,0,0,0,4270,4360,-,-
TXO,202610,20261021.0,41800.0,Put,-,-,-,-,850,-,-,0,0,0,3,2.3,945,2140,685
TXO,202610,20261021.0,41900.0,Call,-,-,-,-,4250,-,-,0,0,0,0,4190,4280,-,-
TXO,202610,20261021.0,41900.0,Put,850,850,850,850,870,▼-120,▼-12.37%,0,1,1,1,2.3,970,2830,705
TXO,202610,20261021.0,42000.0,Call,-,-,-,-,4170,-,-,0,0,0,0,4120,4200,-,-
TXO,202610,20261021.0,42000.0,Put,-,-,-,-,895,-,-,2,0,2,8,2.3,990,3500,745
TXO,202610,20261021.0,42100.0,Call,-,-,-,-,4100,-,-,0,0,0,0,4050,4130,-,-
TXO,202610,20261021.0,42100.0,Put,-,-,-,-,920,-,-,0,0,0,0,2.3,-,-,-
TXO,202610,20261021.0,42200.0,Call,-,-,-,-,4020,-,-,0,0,0,2,3970,4050,4200,2000
TXO,202610,20261021.0,42200.0,Put,-,-,-,-,945,-,-,0,0,0,4,2.3,1040,2120,955
TXO,202610,20261021.0,42300.0,Call,-,-,-,-,3950,-,-,0,0,0,0,3900,3980,-,-
TXO,202610,20261021.0,42300.0,Put,-,-,-,-,970,-,-,0,0,0,0,2.3,-,-,-
TXO,202610,20261021.0,42400.0,Call,-,-,-,-,3870,-,-,0,0,0,0,3820,3900,4850,2960
TXO,202610,20261021.0,42400.0,Put,-,-,-,-,990,-,-,0,0,0,1,895,-,3760,1490
TXO,202610,20261021.0,42500.0,Call,-,-,-,-,3800,-,-,0,0,0,0,3750,3830,3980,2120
TXO,202610,20261021.0,42500.0,Put,1150,1150,1010,1020,1020,▼-120,▼-10.53%,0,17,17,40,855,-,1850,855
TXO,202610,20261021.0,42600.0,Call,-,-,-,-,3730,-,-,0,0,0,0,3680,3760,-,-
TXO,202610,20261021.0,42600.0,Put,-,-,-,-,1050,-,-,0,0,0,10,940,-,1150,1020
TXO,202610,20261021.0,42700.0,Call,-,-,-,-,3660,-,-,0,0,0,0,3600,3680,-,-
TXO,202610,20261021.0,42700.0,Put,-,-,-,-,1080,-,-,0,0,0,10,965,-,1870,1120
TXO,202610,20261021.0,42800.0,Call,-,-,-,-,3590,-,-,0,0,0,0,3530,3610,-,-
TXO,202610,20261021.0,42800.0,Put,-,-,-,-,1110,-,-,0,0,0,10,995,-,3100,970
TXO,202610,20261021.0,42900.0,Call,3400,3400,3400,3400,3510,▲+20,▲+0.59%,0,1,1,0,3460,3540,4410,3070
TXO,202610,20261021.0,42900.0,Put,-,-,-,-,1130,-,-,0,0,0,2,970,-,3050,3050
TXO,202610,20261021.0,43000.0,Call,-,-,-,-,3440,-,-,0,0,0,1,3380,3470,3230,3230
TXO,202610,20261021.0,43000.0,Put,1260,1260,1160,1160,1160,▼-130,▼-10.08%,2,3,5,11,0.3,1260,4200,975
TXO,202610,20261021.0,43100.0,Call,-,-,-,-,3370,-,-,0,0,0,0,3310,3400,-,-
TXO,202610,20261021.0,43100.0,Put,-,-,-,-,1190,-,-,0,0,0,1,0.3,1290,1390,1390
TXO,202610,20261021.0,43200.0,Call,-,-,-,-,3300,-,-,0,0,0,1,3250,3330,3750,3750
TXO,202610,20261021.0,43200.0,Put,-,-,-,-,1220,-,-,0,0,0,1,0.3,1320,1000,1000
TXO,202610,20261021.0,43300.0,Call,-,-,-,-,3240,-,-,0,0,0,0,3180,3260,-,-
TXO,202610,20261021.0,43300.0,Put,-,-,-,-,1250,-,-,0,0,0,0,0.3,-,-,-
TXO,202610,20261021.0,43400.0,Call,-,-,-,-,3170,-,-,0,0,0,1,3110,3190,2880,2880
TXO,202610,20261021.0,43400.0,Put,-,-,-,-,1280,-,-,0,0,0,1,1180,-,2890,1250
TXO,202610,20261021.0,43500.0,Call,-,-,-,-,3100,-,-,0,0,0,0,3040,3130,3100,1570
TXO,202610,20261021.0,43500.0,Put,-,-,-,-,1310,-,-,2,0,2,105,1,1420,3050,1120
TXO,202610,20261021.0,43600.0,Call,-,-,-,-,3030,-,-,0,0,0,1,2980,3060,2840,2840
TXO,202610,20261021.0,43600.0,Put,-,-,-,-,1350,-,-,0,0,0,1,0.3,1450,2850,2850
TXO,202610,20261021.0,43700.0,Call,-,-,-,-,2970,-,-,0,0,0,3,2910,2990,2940,2940
TXO,202610,20261021.0,43700.0,Put,-,-,-,-,1380,-,-,0,0,0,3,1220,-,2920,1600
TXO,202610,20261021.0,43800.0,Call,-,-,-,-,2900,-,-,0,0,0,2,2840,2930,2950,1650
TXO,202610,20261021.0,43800.0,Put,-,-,-,-,1410,-,-,0,0,0,1,0.3,1520,3100,1670
TXO,202610,20261021.0,43900.0,Call,-,-,-,-,2840,-,-,0,0,0,0,2780,2860,-,-
TXO,202610,20261021.0,43900.0,Put,-,-,-,-,1450,-,-,0,0,0,0,0.3,-,3140,2460
TXO,202610,20261021.0,44000.0,Call,-,-,-,-,2770,-,-,0,0,0,5,2720,2800,3370,1520
TXO,202610,20261021.0,44000.0,Put,1460,1460,1460,1460,1460,▼-190,▼-11.52%,0,1,1,365,0.3,1590,2770,1230
TXO,202610,20261021.0,44100.0,Call,-,-,-,-,2710,-,-,0,0,0,1,2650,2730,2580,1540
TXO,202610,20261021.0,44100.0,Put,-,-,-,-,1520,-,-,0,0,0,1,0.3,-,3230,3070
TXO,202610,20261021.0,44200.0,Call,-,-,-,-,2650,-,-,0,0,0,1,2600,2670,2730,2730
TXO,202610,20261021.0,44200.0,Put,-,-,-,-,1560,-,-,0,0,0,1,1460,-,2730,2730
TXO,202610,20261021.0,44300.0,Call,-,-,-,-,2590,-,-,0,0,0,0,2520,2610,-,-
TXO,202610,20261021.0,44300.0,Put,-,-,-,-,1600,-,-,0,0,0,1,0.3,1700,2040,1340
TXO,202610,20261021.0,44400.0,Call,-,-,-,-,2530,-,-,0,0,0,4,2460,2550,2960,1410
TXO,202610,20261021.0,44400.0,Put,1660,1660,1660,1660,1660,▼-150,▼-8.29%,0,1,1,2,1540,-,2180,1530
TXO,202610,20261021.0,44500.0,Call,-,-,-,-,2460,-,-,0,0,0,0,2400,2490,2920,2670
TXO,202610,20261021.0,44500.0,Put,-,-,-,-,1670,-,-,1,0,1,1,2,-,4990,1440
TXO,202610,20261021.0,44600.0,Call,-,-,-,-,2400,-,-,0,0,0,0,2340,2430,-,-
TXO,202610,20261021.0,44600.0,Put,-,-,-,-,1720,-,-,0,0,0,0,0.3,-,-,-
TXO,202610,20261021.0,44700.0,Call,-,-,-,-,2350,-,-,0,0,0,9,2280,2370,3380,1350
TXO,202610,20261021.0,44700.0,Put,-,-,-,-,1760,-,-,0,0,0,4,0.3,1860,2050,2050
TXO,202610,20261021.0,44800.0,Call,-,-,-,-,2290,-,-,0,0,0,133,2160,-,2950,2670
TXO,202610,20261021.0,44800.0,Put,-,-,-,-,1800,-,-,0,0,0,2,1690,-,2220,2080
TXO,202610,20261021.0,44900.0,Call,-,-,-,-,2230,-,-,0,0,0,0,0.3,-,-,-
TXO,202610,20261021.0,44900.0,Put,-,-,-,-,1840,-,-,0,0,0,0,0.3,-,-,-
TXO,202610,20261021.0,45000.0,Call,2160,2160,2160,2160,2160,▲+70,▲+3.35%,4,1,5,8,2050,-,3220,1820
TXO,202610,20261021.0,45000.0,Put,-,-,-,-,1880,-,-,0,0,0,11,0.3,1990,2760,1730
TXO,202610,20261021.0,45100.0,Call,-,-,-,-,2120,-,-,0,0,0,4,1990,-,3040,2050
TXO,202610,20261021.0,45100.0,Put,-,-,-,-,1930,-,-,0,0,0,1,1830,-,2640,2640
TXO,202610,20261021.0,45200.0,Call,-,-,-,-,2060,-,-,0,0,0,2,1940,-,2330,1670
TXO,202610,20261021.0,45200.0,Put,-,-,-,-,1970,-,-,0,0,0,4,1870,-,3950,2340
TXO,202610,20261021.0,45300.0,Call,-,-,-,-,2000,-,-,1,0,1,2,1890,-,2540,1130
TXO,202610,20261021.0,45300.0,Put,-,-,-,-,2010,-,-,0,0,0,1,1920,-,2510,2510
TXO,202610,20261021.0,45400.0,Call,-,-,-,-,1940,-,-,0,0,0,1,1840,-,3120,2140
TXO,202610,20261021.0,45400.0,Put,-,-,-,-,2050,-,-,0,0,0,0,0.3,-,-,-
TXO,202610,20261021.0,45500.0,Call,-,-,-,-,1890,-,-,2,0,2,1,0.3,-,2010,1160
TXO,202610,20261021.0,45500.0,Put,-,-,-,-,2100,-,-,0,0,0,0,0.3,-,-,-
TXO,202610,20261021.0,45600.0,Call,-,-,-,-,1840,-,-,0,0,0,3,1740,-,2470,1740
TXO,202610,20261021.0,45600.0,Put,-,-,-,-,2150,-,-,0,0,0,1,2060,-,2470,2020
TXO,202610,20261021.0,45700.0,Call,-,-,-,-,1790,-,-,0,0,0,1,1680,-,2090,2090
TXO,202610,20261021.0,45700.0,Put,-,-,-,-,2200,-,-,0,0,0,0,0.3,-,-,-
TXO,202610,20261021.0,45800.0,Call,-,-,-,-,1740,-,-,0,0,0,6,1620,-,2540,2000
TXO,202610,20261021.0,45800.0,Put,-,-,-,-,2250,-,-,0,0,0,1,2220,2290,2230,2210
TXO,202610,20261021.0,45900.0,Call,-,-,-,-,1690,-,-,0,0,0,8,1580,-,2220,1160
TXO,202610,20261021.0,45900.0,Put,-,-,-,-,2300,-,-,0,0,0,0,2270,2340,-,-
TXO,202610,20261021.0,46000.0,Call,1620,1700,1620,1700,1640,▲+140,▲+8.97%,1,3,4,16,1530,-,2680,970
TXO,202610,20261021.0,46000.0,Put,2320,2320,2320,2320,2350,▼-220,▼-8.66%,0,1,1,6,2320,2400,3660,1960
TXO,202610,20261021.0,46100.0,Call,-,-,-,-,1590,-,-,0,0,0,1,-,1680,2520,1510
TXO,202610,20261021.0,46100.0,Put,-,-,-,-,2400,-,-,0,0,0,1,2370,2450,2260,2260
TXO,202610,20261021.0,46200.0,Call,-,-,-,-,1540,-,-,0,0,0,0,-,-,2310,1340
TXO,202610,20261021.0,46200.0,Put,-,-,-,-,2450,-,-,0,0,0,0,2420,2500,2690,2370
TXO,202610,20261021.0,46300.0,Call,-,-,-,-,1500,-,-,0,0,0,2,-,1600,2420,1460
TXO,202610,20261021.0,46300.0,Put,-,-,-,-,2510,-,-,0,0,0,0,2200,2550,2900,2200
TXO,202610,20261021.0,46400.0,Call,1430,1430,1430,1430,1460,▲+40,▲+2.88%,1,1,2,4,1340,-,2400,790
TXO,202610,20261021.0,46400.0,Put,-,-,-,-,2560,-,-,0,0,0,0,2520,2610,-,-
TXO,202610,20261021.0,46500.0,Call,-,-,-,-,1410,-,-,0,0,0,1,1300,-,1560,1560
TXO,202610,20261021.0,46500.0,Put,-,-,-,-,2620,-,-,0,0,0,0,2310,2670,-,-
TXO,202610,20261021.0,46600.0,Call,1330,1330,1330,1330,1360,▲+20,▲+1.53%,0,1,1,1,-,1450,1330,1330
TXO,202610,20261021.0,46600.0,Put,-,-,-,-,2660,-,-,0,0,0,0,2640,2720,-,-
TXO,202610,20261021.0,46700.0,Call,-,-,-,-,1320,-,-,0,0,0,0,-,-,-,-
TXO,202610,20261021.0,46700.0,Put,-,-,-,-,2720,-,-,0,0,0,0,2700,2780,-,-
TXO,202610,20261021.0,46800.0,Call,-,-,-,-,1280,-,-,0,0,0,2,-,1370,2150,905
TXO,202610,20261021.0,46800.0,Put,-,-,-,-,2780,-,-,0,0,0,1,2480,2840,2420,2420
TXO,202610,20261021.0,46900.0,Call,-,-,-,-,1240,-,-,0,0,0,1,2.3,1330,1600,1600
TXO,202610,20261021.0,46900.0,Put,-,-,-,-,2840,-,-,0,0,0,0,2540,2900,4010,3120
TXO,202610,20261021.0,47000.0,Call,-,-,-,-,1200,-,-,0,0,0,12,2.3,1290,2260,910
TXO,202610,20261021.0,47000.0,Put,-,-,-,-,2900,-,-,0,0,0,5,2600,2950,4240,3250
TXO,202610,20261021.0,47100.0,Call,-,-,-,-,1160,-,-,0,0,0,20,2.3,1260,1660,1160
TXO,202610,20261021.0,47100.0,Put,-,-,-,-,2960,-,-,0,0,0,0,2660,3020,-,-
TXO,202610,20261021.0,47200.0,Call,-,-,-,-,1120,-,-,0,0,0,0,2.3,-,2250,1050
TXO,202610,20261021.0,47200.0,Put,-,-,-,-,3030,-,-,0,0,0,0,2720,3080,-,-
TXO,202610,20261021.0,47300.0,Call,1070,1070,1060,1070,1070,▲+10,▲+0.94%,0,8,8,8,975,-,1080,775
TXO,202610,20261021.0,47300.0,Put,-,-,-,-,3090,-,-,0,0,0,0,2790,3140,-,-
TXO,202610,20261021.0,47400.0,Call,-,-,-,-,1050,-,-,0,0,0,5,2.3,1140,2030,1680
TXO,202610,20261021.0,47400.0,Put,-,-,-,-,3150,-,-,0,0,0,0,3120,3190,-,-
TXO,202610,20261021.0,47500.0,Call,1020,1020,995,1020,1020,▲+45,▲+4.62%,0,5,5,5,2.3,1110,2040,745
TXO,202610,20261021.0,47500.0,Put,-,-,-,-,3220,-,-,0,0,0,0,2910,3270,-,-
TXO,202610,20261021.0,47600.0,Call,-,-,-,-,975,-,-,0,0,0,9,2.3,1070,1570,865
TXO,202610,20261021.0,47600.0,Put,-,-,-,-,3280,-,-,0,0,0,0,2980,3330,-,-
TXO,202610,20261021.0,47700.0,Call,-,-,-,-,945,-,-,0,0,0,0,2.3,-,2100,665
TXO,202610,20261021.0,47700.0,Put,-,-,-,-,3350,-,-,0,0,0,0,3040,3390,-,-
TXO,202610,20261021.0,47800.0,Call,-,-,-,-,910,-,-,0,0,0,1,805,-,1740,1220
TXO,202610,20261021.0,47800.0,Put,-,-,-,-,3410,-,-,0,0,0,0,3190,3460,-,-
TXO,202610,20261021.0,47900.0,Call,-,-,-,-,880,-,-,0,0,0,0,2.3,-,-,-
TXO,202610,20261021.0,47900.0,Put,-,-,-,-,3480,-,-,0,0,0,0,3180,3530,-,-
TXO,202610,20261021.0,48000.0,Call,-,-,-,-,840,-,-,1,0,1,28,3,940,1780,615
TXO,202610,20261021.0,48000.0,Put,-,-,-,-,3540,-,-,0,0,0,4,3510,3590,4790,4760
TXO,202610,20261021.0,48100.0,Call,-,-,-,-,815,-,-,0,0,0,3,2.3,910,1630,1000
TXO,202610,20261021.0,48100.0,Put,-,-,-,-,3620,-,-,0,0,0,0,3340,3670,-,-
TXO,202610,20261021.0,48200.0,Call,-,-,-,-,785,-,-,0,0,0,1,675,875,1550,1550
TXO,202610,20261021.0,48200.0,Put,-,-,-,-,3690,-,-,0,0,0,0,3410,3740,-,-
TXO,202610,20261021.0,48300.0,Call,-,-,-,-,750,-,-,0,0,0,0,645,-,-,-
TXO,202610,20261021.0,48300.0,Put,-,-,-,-,3750,-,-,0,0,0,0,3490,3810,-,-
TXO,202610,20261021.0,48400.0,Call,-,-,-,-,720,-,-,0,0,0,0,620,-,1220,1040
TXO,202610,20261021.0,48400.0,Put,-,-,-,-,3820,-,-,0,0,0,0,3560,3880,-,-
TXO,202610,20261021.0,48500.0,Call,685,700,685,700,700,▲+25,▲+3.70%,0,2,2,9,590,795,1510,685
TXO,202610,20261021.0,48500.0,Put,-,-,-,-,3900,-,-,0,0,0,0,3630,3940,-,-
TXO,202610,20261021.0,48600.0,Call,-,-,-,-,675,-,-,0,0,0,0,565,-,830,600
TXO,202610,20261021.0,48600.0,Put,-,-,-,-,3970,-,-,0,0,0,0,3700,4020,-,-
TXO,202610,20261021.0,48700.0,Call,-,-,-,-,650,-,-,0,0,0,1,540,-,890,775
TXO,202610,20261021.0,48700.0,Put,-,-,-,-,4050,-,-,0,0,0,0,3780,4090,-,-
TXO,202610,20261021.0,48800.0,Call,-,-,-,-,615,-,-,0,0,0,1,515,-,1240,630
TXO,202610,20261021.0,48800.0,Put,-,-,-,-,4120,-,-,0,0,0,0,3850,4170,-,-
TXO,202610,20261021.0,48900.0,Call,-,-,-,-,595,-,-,0,0,0,0,492,-,-,-
TXO,202610,20261021.0,48900.0,Put,-,-,-,-,4190,-,-,0,0,0,0,3930,4240,-,-
TXO,202610,20261021.0,49000.0,Call,555,555,555,555,575,▼-5,▼-0.89%,0,1,1,22,469,670,1300,500
TXO,202610,20261021.0,49000.0,Put,-,-,-,-,4270,-,-,0,0,0,4,4240,4330,5700,3520
TXO,202610,20261021.0,49100.0,Call,-,-,-,-,555,-,-,0,0,0,0,447,-,-,-
TXO,202610,20261021.0,49100.0,Put,-,-,-,-,4350,-,-,0,0,0,0,4320,4400,-,-
TXO,202610,20261021.0,49200.0,Call,-,-,-,-,525,-,-,0,0,0,19,425,630,1390,600
TXO,202610,20261021.0,49200.0,Put,-,-,-,-,4420,-,-,0,0,0,0,4400,4470,-,-
TXO,202610,20261021.0,49300.0,Call,-,-,-,-,505,-,-,0,0,0,4,404,605,1010,1010
TXO,202610,20261021.0,49300.0,Put,-,-,-,-,4500,-,-,0,0,0,0,4470,4550,-,-
TXO,202610,20261021.0,49400.0,Call,-,-,-,-,487,-,-,0,0,0,5,384,585,990,855
TXO,202610,20261021.0,49400.0,Put,-,-,-,-,4580,-,-,0,0,0,0,4550,4630,-,-
TXO,202610,20261021.0,49500.0,Call,-,-,-,-,469,-,-,1,0,1,2,364,565,1410,444
TXO,202610,20261021.0,49500.0,Put,-,-,-,-,4670,-,-,0,0,0,0,4630,4710,-,-
TXO,202610,20261021.0,49600.0,Call,-,-,-,-,452,-,-,0,0,0,0,345,-,-,-
TXO,202610,20261021.0,49600.0,Put,-,-,-,-,4750,-,-,0,0,0,0,4710,4790,-,-
TXO,202610,20261021.0,49700.0,Call,-,-,-,-,436,-,-,0,0,0,0,327,-,940,870
TXO,202610,20261021.0,49700.0,Put,-,-,-,-,4830,-,-,0,0,0,0,4800,4870,-,-
TXO,202610,20261021.0,49800.0,Call,398,425,398,425,425,▲+12,▲+2.91%,0,2,2,1,309,510,575,398
TXO,202610,20261021.0,49800.0,Put,-,-,-,-,4920,-,-,0,0,0,0,4880,4960,-,-
TXO,202610,20261021.0,49900.0,Call,-,-,-,-,401,-,-,0,0,0,2,292,-,850,431
TXO,202610,20261021.0,49900.0,Put,-,-,-,-,5000,-,-,0,0,0,0,4960,5050,-,-
TXO,202610,20261021.0,50000.0,Call,366,400,360,381,381,▲+1,▲+0.26%,13,14,27,67,351,810,1180,290
TXO,202610,20261021.0,50000.0,Put,-,-,-,-,5080,-,-,0,0,0,0,5050,5120,-,-
TXO,202610,20261021.0,50100.0,Call,-,-,-,-,368,-,-,2,0,2,6,261,-,840,360
TXO,202610,20261021.0,50100.0,Put,-,-,-,-,5160,-,-,0,0,0,0,5130,5210,-,-
TXO,202610,20261021.0,50200.0,Call,-,-,-,-,354,-,-,1,0,1,2,233,444,740,300
TXO,202610,20261021.0,50200.0,Put,-,-,-,-,5250,-,-,0,0,0,0,5210,5290,-,-
TXO,202610,20261021.0,50300.0,Call,-,-,-,-,340,-,-,0,0,0,2,153,432,750,322
TXO,202610,20261021.0,50300.0,Put,-,-,-,-,5330,-,-,0,0,0,0,5300,5380,-,-
TXO,202610,20261021.0,50400.0,Call,311,311,311,311,326,▼-10,▼-3.12%,1,1,2,4,218,419,311,300
TXO,202610,20261021.0,50400.0,Put,-,-,-,-,5420,-,-,0,0,0,0,5390,5460,-,-
TXO,202610,20261021.0,50500.0,Call,306,306,306,306,313,▲+1,▲+0.33%,0,1,1,32,204,-,890,305
TXO,202610,20261021.0,50500.0,Put,-,-,-,-,5510,-,-,0,0,0,0,5470,5550,-,-
TXO,202610,20261021.0,50600.0,Call,306,306,306,306,293,▲+10,▲+3.38%,0,1,1,1,192,390,705,306
TXO,202610,20261021.0,50600.0,Put,-,-,-,-,5590,-,-,0,0,0,0,5560,5640,-,-
TXO,202610,20261021.0,50700.0,Call,279,279,279,279,279,▼-6,▼-2.11%,0,1,1,3,180,381,311,279
TXO,202610,20261021.0,50700.0,Put,-,-,-,-,5670,-,-,0,0,0,0,5650,5720,-,-
TXO,202610,20261021.0,50800.0,Call,260,260,260,260,260,▼-14,▼-5.11%,1,1,2,6,168,369,615,226
TXO,202610,20261021.0,50800.0,Put,-,-,-,-,5760,-,-,0,0,0,0,5730,5810,-,-
TXO,202610,20261021.0,50900.0,Call,251,251,251,251,251,▼-12,▼-4.56%,0,1,1,5,157,358,795,232
TXO,202610,20261021.0,50900.0,Put,-,-,-,-,5850,-,-,0,0,0,0,5820,5900,-,-
TXO,202610,20261021.0,51000.0,Call,220,245,220,245,245,▼-6,▼-2.39%,0,3,3,44,146,347,800,209
TXO,202610,20261021.0,51000.0,Put,-,-,-,-,5940,-,-,0,0,0,0,5910,5990,-,-
TXO,202610,20261021.0,51100.0,Call,-,-,-,-,238,-,-,0,0,0,4,136,337,810,231
TXO,202610,20261021.0,51100.0,Put,-,-,-,-,6030,-,-,0,0,0,0,6000,6080,-,-
TXO,202610,20261021.0,51200.0,Call,-,-,-,-,228,-,-,0,0,0,3,126,251,650,219
TXO,202610,20261021.0,51200.0,Put,-,-,-,-,6120,-,-,0,0,0,0,6090,6170,-,-
TXO,202610,20261021.0,51300.0,Call,-,-,-,-,219,-,-,0,0,0,0,117,-,-,-
TXO,202610,20261021.0,51300.0,Put,-,-,-,-,6210,-,-,0,0,0,0,6180,6260,-,-
TXO,202610,20261021.0,51400.0,Call,-,-,-,-,210,-,-,0,0,0,1,107,306,515,515
TXO,202610,20261021.0,51400.0,Put,-,-,-,-,6300,-,-,0,0,0,0,6270,6350,-,-
TXO,202610,20261021.0,51500.0,Call,-,-,-,-,201,-,-,0,0,0,17,99,300,630,192
TXO,202610,20261021.0,51500.0,Put,-,-,-,-,6390,-,-,0,0,0,0,6360,6440,-,-
TXO,202610,20261021.0,51600.0,Call,-,-,-,-,193,-,-,1,0,1,2,91,-,520,158
TXO,202610,20261021.0,51600.0,Put,-,-,-,-,6480,-,-,0,0,0,0,6450,6530,-,-
TXO,202610,20261021.0,51700.0,Call,-,-,-,-,185,-,-,0,0,0,3,83,284,610,277
TXO,202610,20261021.0,51700.0,Put,-,-,-,-,6580,-,-,0,0,0,0,6550,6640,-,-
TXO,202610,20261021.0,51800.0,Call,-,-,-,-,177,-,-,0,0,0,1,1.7,274,445,180
TXO,202610,20261021.0,51800.0,Put,-,-,-,-,6670,-,-,0,0,0,0,6640,6720,-,-
TXO,202610,20261021.0,51900.0,Call,-,-,-,-,167,-,-,0,0,0,3,1.6,269,1080,300
TXO,202610,20261021.0,51900.0,Put,-,-,-,-,6760,-,-,0,0,0,0,6730,6810,-,-
TXO,202610,20261021.0,52000.0,Call,156,178,156,158,158,▼-9,▼-5.39%,2,9,11,45,22,165,1020,145
TXO,202610,20261021.0,52000.0,Put,-,-,-,-,6840,-,-,0,0,0,0,6820,6900,-,-
TXO,202610,20261021.0,52100.0,Call,-,-,-,-,154,-,-,0,0,0,1,1.5,253,495,223
TXO,202610,20261021.0,52100.0,Put,-,-,-,-,6940,-,-,0,0,0,0,6920,7000,-,-
TXO,202610,20261021.0,52200.0,Call,-,-,-,-,148,-,-,0,0,0,2,1.5,249,412,402
TXO,202610,20261021.0,52200.0,Put,-,-,-,-,7040,-,-,0,0,0,0,7010,7090,-,-
TXO,202610,20261021.0,52300.0,Call,-,-,-,-,142,-,-,1,0,1,3,41.5,242,1000,110
TXO,202610,20261021.0,52300.0,Put,-,-,-,-,7130,-,-,0,0,0,0,7100,7190,-,-
TXO,202610,20261021.0,52400.0,Call,-,-,-,-,137,-,-,0,0,0,1,1.4,235,865,339
TXO,202610,20261021.0,52400.0,Put,-,-,-,-,7230,-,-,0,0,0,0,7190,7280,-,-
TXO,202610,20261021.0,52500.0,Call,137,137,134,134,134,▼-6,▼-4.29%,0,3,3,27,1.9,244,940,62
TXO,202610,20261021.0,52500.0,Put,-,-,-,-,7320,-,-,0,0,0,0,7290,7370,-,-
TXO,202610,20261021.0,52600.0,Call,-,-,-,-,127,-,-,0,0,0,0,1.4,239,-,-
TXO,202610,20261021.0,52600.0,Put,-,-,-,-,7410,-,-,0,0,0,0,7380,7470,-,-
TXO,202610,20261021.0,52700.0,Call,-,-,-,-,122,-,-,0,0,0,0,1.3,233,310,152
TXO,202610,20261021.0,52700.0,Put,-,-,-,-,7510,-,-,0,0,0,0,7480,7560,-,-
TXO,202610,20261021.0,52800.0,Call,-,-,-,-,118,-,-,0,0,0,0,1.3,222,275,210
TXO,202610,20261021.0,52800.0,Put,-,-,-,-,7610,-,-,0,0,0,0,7570,7660,-,-
TXO,202610,20261021.0,52900.0,Call,-,-,-,-,114,-,-,2,0,2,2,19,195,139,93
TXO,202610,20261021.0,52900.0,Put,-,-,-,-,7700,-,-,0,0,0,0,7670,7770,-,-
TXO,202610,20261021.0,53000.0,Call,110,110,106,110,110,▲+5,▲+4.76%,0,11,11,25,74,106,379,104
TXO,202610,20261021.0,53000.0,Put,-,-,-,-,7800,-,-,0,0,0,0,7760,7850,-,-
TXO,202611,20261118.0,38000.0,Call,-,-,-,-,7850,-,-,0,0,0,0,7790,7910,-,-
TXO,202611,20261118.0,38000.0,Put,530,530,530,530,477,0,0%,3,1,4,14,298,560,595,530
TXO,202611,20261118.0,38100.0,Call,-,-,-,-,7760,-,-,0,0,0,0,7690,7820,-,-
TXO,202611,20261118.0,38100.0,Put,-,-,-,-,486,-,-,0,0,0,0,310,-,-,-
TXO,202611,20261118.0,38200.0,Call,-,-,-,-,7670,-,-,0,0,0,0,7600,7730,-,-
TXO,202611,20261118.0,38200.0,Put,-,-,-,-,500,-,-,0,0,0,0,398,-,-,-
TXO,202611,20261118.0,38300.0,Call,-,-,-,-,7590,-,-,0,0,0,0,7530,7650,-,-
TXO,202611,20261118.0,38300.0,Put,-,-,-,-,515,-,-,0,0,0,0,412,-,-,-
TXO,202611,20261118.0,38400.0,Call,-,-,-,-,7500,-,-,0,0,0,0,7440,7560,-,-
TXO,202611,20261118.0,38400.0,Put,-,-,-,-,530,-,-,0,0,0,0,425,-,-,-
TXO,202611,20261118.0,38500.0,Call,-,-,-,-,7420,-,-,0,0,0,0,7350,7470,-,-
TXO,202611,20261118.0,38500.0,Put,-,-,-,-,545,-,-,0,0,0,0,439,-,-,-
TXO,202611,20261118.0,38600.0,Call,-,-,-,-,7330,-,-,0,0,0,0,7260,7390,-,-
TXO,202611,20261118.0,38600.0,Put,-,-,-,-,560,-,-,0,0,0,0,453,-,-,-
TXO,202611,20261118.0,38700.0,Call,-,-,-,-,7250,-,-,0,0,0,0,7180,7300,-,-
TXO,202611,20261118.0,38700.0,Put,-,-,-,-,575,-,-,0,0,0,0,467,-,-,-
TXO,202611,20261118.0,38800.0,Call,-,-,-,-,7160,-,-,0,0,0,0,7090,7220,-,-
TXO,202611,20261118.0,38800.0,Put,-,-,-,-,590,-,-,0,0,0,0,482,-,-,-
TXO,202611,20261118.0,38900.0,Call,-,-,-,-,7080,-,-,0,0,0,0,7010,7140,-,-
TXO,202611,20261118.0,38900.0,Put,-,-,-,-,605,-,-,0,0,0,0,496,-,-,-
TXO,202611,20261118.0,39000.0,Call,-,-,-,-,6990,-,-,0,0,0,0,6930,7050,-,-
TXO,202611,20261118.0,39000.0,Put,-,-,-,-,620,-,-,0,0,0,0,510,1300,-,-
TXO,202611,20261118.0,39100.0,Call,-,-,-,-,6910,-,-,0,0,0,0,6850,6970,-,-
TXO,202611,20261118.0,39100.0,Put,-,-,-,-,635,-,-,0,0,0,0,525,-,-,-
TXO,202611,20261118.0,39200.0,Call,-,-,-,-,6830,-,-,0,0,0,0,6760,6870,-,-
TXO,202611,20261118.0,39200.0,Put,-,-,-,-,650,-,-,0,0,0,0,540,-,-,-
TXO,202611,20261118.0,39300.0,Call,-,-,-,-,6740,-,-,0,0,0,0,6670,6800,-,-
TXO,202611,20261118.0,39300.0,Put,-,-,-,-,665,-,-,0,0,0,0,560,-,-,-
TXO,202611,20261118.0,39400.0,Call,-,-,-,-,6660,-,-,0,0,0,0,6600,6720,-,-
TXO,202611,20261118.0,39400.0,Put,-,-,-,-,680,-,-,0,0,0,0,575,-,-,-
TXO,202611,20261118.0,39500.0,Call,-,-,-,-,6580,-,-,0,0,0,0,6500,6620,-,-
TXO,202611,20261118.0,39500.0,Put,-,-,-,-,700,-,-,0,0,0,0,520,-,-,-
TXO,202611,20261118.0,39600.0,Call,-,-,-,-,6500,-,-,0,0,0,0,6430,6550,-,-
TXO,202611,20261118.0,39600.0,Put,-,-,-,-,720,-,-,0,0,0,0,610,-,-,-
TXO,202611,20261118.0,39700.0,Call,-,-,-,-,6410,-,-,0,0,0,0,6340,6460,-,-
TXO,202611,20261118.0,39700.0,Put,-,-,-,-,735,-,-,0,0,0,0,625,-,-,-
TXO,202611,20261118.0,39800.0,Call,-,-,-,-,6330,-,-,0,0,0,0,6260,6370,-,-
TXO,202611,20261118.0,39800.0,Put,-,-,-,-,755,-,-,0,0,0,0,645,-,-,-
TXO,202611,20261118.0,39900.0,Call,-,-,-,-,6250,-,-,0,0,0,0,6180,6300,-,-
TXO,202611,20261118.0,39900.0,Put,-,-,-,-,775,-,-,0,0,0,0,660,-,-,-
TXO,202611,20261118.0,40000.0,Call,-,-,-,-,6170,-,-,0,0,0,0,6100,6210,-,-
TXO,202611,20261118.0,40000.0,Put,-,-,-,-,790,-,-,0,0,0,0,700,-,-,-
TXO,202611,20261118.0,40100.0,Call,-,-,-,-,6090,-,-,0,0,0,0,6030,6140,-,-
TXO,202611,20261118.0,40100.0,Put,-,-,-,-,815,-,-,0,0,0,0,2.3,-,-,-
TXO,202611,20261118.0,40200.0,Call,-,-,-,-,6010,-,-,0,0,0,0,5930,6050,-,-
TXO,202611,20261118.0,40200.0,Put,-,-,-,-,835,-,-,0,0,0,0,2.3,-,-,-
TXO,202611,20261118.0,40300.0,Call,-,-,-,-,5930,-,-,0,0,0,0,5860,5970,-,-
TXO,202611,20261118.0,40300.0,Put,-,-,-,-,850,-,-,0,0,0,0,2.3,-,-,-
TXO,202611,20261118.0,40400.0,Call,-,-,-,-,5850,-,-,0,0,0,0,5770,5890,-,-
TXO,202611,20261118.0,40400.0,Put,-,-,-,-,870,-,-,0,0,0,0,2.3,-,-,-
TXO,202611,20261118.0,40500.0,Call,-,-,-,-,5770,-,-,0,0,0,0,5700,5820,-,-
TXO,202611,20261118.0,40500.0,Put,-,-,-,-,890,-,-,0,0,0,0,3,-,-,-
TXO,202611,20261118.0,40600.0,Call,-,-,-,-,5690,-,-,0,0,0,0,5620,5740,-,-
TXO,202611,20261118.0,40600.0,Put,-,-,-,-,910,-,-,0,0,0,0,2.3,-,-,-
TXO,202611,20261118.0,40700.0,Call,-,-,-,-,5610,-,-,0,0,0,0,5550,5660,-,-
TXO,202611,20261118.0,40700.0,Put,-,-,-,-,930,-,-,0,0,0,0,2.3,-,-,-
TXO,202611,20261118.0,40800.0,Call,-,-,-,-,5530,-,-,0,0,0,0,5460,5580,-,-
TXO,202611,20261118.0,40800.0,Put,-,-,-,-,950,-,-,0,0,0,0,2.3,-,-,-
TXO,202611,20261118.0,40900.0,Call,-,-,-,-,5460,-,-,0,0,0,0,5390,5500,-,-
TXO,202611,20261118.0,40900.0,Put,-,-,-,-,970,-,-,0,0,0,0,2.3,-,-,-
TXO,202611,20261118.0,41000.0,Call,-,-,-,-,5380,-,-,0,0,0,0,5310,5420,-,-
TXO,202611,20261118.0,41000.0,Put,-,-,-,-,990,-,-,0,0,0,0,2.3,-,-,-
TXO,202611,20261118.0,41100.0,Call,-,-,-,-,5300,-,-,0,0,0,0,5240,5350,-,-
TXO,202611,20261118.0,41100.0,Put,-,-,-,-,1020,-,-,0,0,0,0,2.3,-,-,-
TXO,202611,20261118.0,41200.0,Call,-,-,-,-,5230,-,-,0,0,0,0,5160,5280,-,-
TXO,202611,20261118.0,41200.0,Put,-,-,-,-,1040,-,-,0,0,0,0,2.3,-,-,-
TXO,202611,20261118.0,41300.0,Call,-,-,-,-,5160,-,-,0,0,0,0,5080,5190,-,-
TXO,202611,20261118.0,41300.0,Put,-,-,-,-,1070,-,-,0,0,0,0,2.3,-,-,-
TXO,202611,20261118.0,41400.0,Call,-,-,-,-,5080,-,-,0,0,0,0,5000,5120,-,-
TXO,202611,20261118.0,41400.0,Put,-,-,-,-,1090,-,-,0,0,0,0,2.3,-,-,-
TXO,202611,20261118.0,41500.0,Call,-,-,-,-,5000,-,-,0,0,0,0,4930,5050,-,-
TXO,202611,20261118.0,41500.0,Put,-,-,-,-,1110,-,-,0,0,0,0,0.5,-,-,-
TXO,202611,20261118.0,41600.0,Call,-,-,-,-,4930,-,-,0,0,0,0,4850,4980,-,-
TXO,202611,20261118.0,41600.0,Put,-,-,-,-,1140,-,-,0,0,0,0,-,-,-,-
TXO,202611,20261118.0,41700.0,Call,-,-,-,-,4850,-,-,0,0,0,0,4780,4900,-,-
TXO,202611,20261118.0,41700.0,Put,-,-,-,-,1160,-,-,0,0,0,0,-,-,-,-
TXO,202611,20261118.0,41800.0,Call,-,-,-,-,4780,-,-,0,0,0,0,4710,4820,-,-
TXO,202611,20261118.0,41800.0,Put,-,-,-,-,1190,-,-,0,0,0,0,-,-,-,-
TXO,202611,20261118.0,41900.0,Call,-,-,-,-,4710,-,-,0,0,0,0,4640,4750,-,-
TXO,202611,20261118.0,41900.0,Put,-,-,-,-,1220,-,-,0,0,0,0,-,-,-,-
TXO,202611,20261118.0,42000.0,Call,-,-,-,-,4630,-,-,0,0,0,0,4560,4680,-,-
TXO,202611,20261118.0,42000.0,Put,-,-,-,-,1240,-,-,0,0,0,0,0.3,-,-,-
TXO,202611,20261118.0,42100.0,Call,-,-,-,-,4560,-,-,0,0,0,0,4480,4600,-,-
TXO,202611,20261118.0,42100.0,Put,-,-,-,-,1270,-,-,0,0,0,0,0.3,-,-,-
TXO,202611,20261118.0,42200.0,Call,-,-,-,-,4490,-,-,0,0,0,0,4420,4530,-,-
TXO,202611,20261118.0,42200.0,Put,-,-,-,-,1300,-,-,0,0,0,0,0.3,-,-,-
TXO,202611,20261118.0,42300.0,Call,-,-,-,-,4420,-,-,0,0,0,0,4350,4460,-,-
TXO,202611,20261118.0,42300.0,Put,-,-,-,-,1330,-,-,0,0,0,0,0.3,-,-,-
TXO,202611,20261118.0,42400.0,Call,-,-,-,-,4350,-,-,0,0,0,0,4270,4390,-,-
TXO,202611,20261118.0,42400.0,Put,-,-,-,-,1360,-,-,0,0,0,0,0.3,-,-,-
TXO,202611,20261118.0,42500.0,Call,-,-,-,-,4270,-,-,0,0,0,0,4210,4320,-,-
TXO,202611,20261118.0,42500.0,Put,-,-,-,-,1380,-,-,0,0,0,0,1,-,-,-
TXO,202611,20261118.0,42600.0,Call,-,-,-,-,4210,-,-,0,0,0,0,4140,4250,-,-
TXO,202611,20261118.0,42600.0,Put,-,-,-,-,1420,-,-,0,0,0,0,0.3,-,-,-
TXO,202611,20261118.0,42700.0,Call,-,-,-,-,4140,-,-,0,0,0,0,4070,4180,-,-
TXO,202611,20261118.0,42700.0,Put,-,-,-,-,1450,-,-,0,0,0,1,0.3,1540,1620,1620
TXO,202611,20261118.0,42800.0,Call,-,-,-,-,4070,-,-,0,0,0,0,3990,4110,-,-
TXO,202611,20261118.0,42800.0,Put,-,-,-,-,1480,-,-,0,0,0,0,0.3,-,-,-
TXO,202611,20261118.0,42900.0,Call,-,-,-,-,4010,-,-,0,0,0,0,3920,4050,-,-
TXO,202611,20261118.0,42900.0,Put,-,-,-,-,1510,-,-,0,0,0,0,0.3,-,-,-
TXO,202611,20261118.0,43000.0,Call,-,-,-,-,3940,-,-,0,0,0,0,3860,3980,-,-
TXO,202611,20261118.0,43000.0,Put,-,-,-,-,1540,-,-,0,0,0,0,0.3,-,-,-
TXO,202611,20261118.0,43100.0,Call,-,-,-,-,3870,-,-,0,0,0,0,3800,3910,-,-
TXO,202611,20261118.0,43100.0,Put,-,-,-,-,1580,-,-,0,0,0,0,0.3,-,-,-
TXO,202611,20261118.0,43200.0,Call,-,-,-,-,3810,-,-,0,0,0,0,3720,3840,-,-
TXO,202611,20261118.0,43200.0,Put,-,-,-,-,1610,-,-,0,0,0,0,0.3,-,-,-
TXO,202611,20261118.0,43300.0,Call,-,-,-,-,3740,-,-,0,0,0,0,3660,3780,-,-
TXO,202611,20261118.0,43300.0,Put,-,-,-,-,1640,-,-,0,0,0,0,0.3,-,-,-
TXO,202611,20261118.0,43400.0,Call,-,-,-,-,3670,-,-,0,0,0,0,3600,3710,-,-
TXO,202611,20261118.0,43400.0,Put,-,-,-,-,1670,-,-,0,0,0,0,0.3,-,-,-
TXO,202611,20261118.0,43500.0,Call,-,-,-,-,3610,-,-,0,0,0,0,3530,3640,-,-
TXO,202611,20261118.0,43500.0,Put,-,-,-,-,1710,-,-,0,0,0,0,1,-,-,-
TXO,202611,20261118.0,43600.0,Call,-,-,-,-,3540,-,-,0,0,0,0,3470,3580,-,-
TXO,202611,20261118.0,43600.0,Put,-,-,-,-,1740,-,-,0,0,0,0,0.3,1980,-,-
TXO,202611,20261118.0,43700.0,Call,-,-,-,-,3480,-,-,0,0,0,0,3410,3520,-,-
TXO,202611,20261118.0,43700.0,Put,-,-,-,-,1780,-,-,0,0,0,0,0.3,-,-,-
TXO,202611,20261118.0,43800.0,Call,-,-,-,-,3420,-,-,0,0,0,0,3340,3450,-,-
TXO,202611,20261118.0,43800.0,Put,-,-,-,-,1820,-,-,0,0,0,0,0.3,-,-,-
TXO,202611,20261118.0,43900.0,Call,-,-,-,-,3360,-,-,0,0,0,0,3280,3390,-,-
TXO,202611,20261118.0,43900.0,Put,-,-,-,-,1860,-,-,0,0,0,0,0.3,-,-,-
TXO,202611,20261118.0,44000.0,Call,-,-,-,-,3300,-,-,0,0,0,0,3220,3330,-,-
TXO,202611,20261118.0,44000.0,Put,-,-,-,-,1900,-,-,1,0,1,2,0.3,2020,2100,2090
TXO,202611,20261118.0,44100.0,Call,-,-,-,-,3240,-,-,0,0,0,0,3160,3270,-,-
TXO,202611,20261118.0,44100.0,Put,-,-,-,-,1940,-,-,0,0,0,0,0.3,-,-,-
TXO,202611,20261118.0,44200.0,Call,-,-,-,-,3170,-,-,0,0,0,0,3100,3200,-,-
TXO,202611,20261118.0,44200.0,Put,-,-,-,-,1970,-,-,0,0,0,0,0.3,-,-,-
TXO,202611,20261118.0,44300.0,Call,-,-,-,-,3110,-,-,0,0,0,0,3030,3140,-,-
TXO,202611,20261118.0,44300.0,Put,-,-,-,-,2010,-,-,0,0,0,0,0.3,-,-,-
TXO,202611,20261118.0,44400.0,Call,-,-,-,-,3050,-,-,0,0,0,0,2980,3080,-,-
TXO,202611,20261118.0,44400.0,Put,-,-,-,-,2050,-,-,0,0,0,0,0.3,-,-,-
TXO,202611,20261118.0,44500.0,Call,-,-,-,-,2990,-,-,0,0,0,0,2920,3030,-,-
TXO,202611,20261118.0,44500.0,Put,-,-,-,-,2090,-,-,0,0,0,0,0.3,-,-,-
TXO,202611,20261118.0,44600.0,Call,-,-,-,-,2930,-,-,0,0,0,0,2860,2970,-,-
TXO,202611,20261118.0,44600.0,Put,-,-,-,-,2130,-,-,0,0,0,0,0.3,-,-,-
TXO,202611,20261118.0,44700.0,Call,-,-,-,-,2880,-,-,0,0,0,0,2800,2910,-,-
TXO,202611,20261118.0,44700.0,Put,-,-,-,-,2180,-,-,0,0,0,0,0.3,-,-,-
TXO,202611,20261118.0,44800.0,Call,-,-,-,-,2820,-,-,0,0,0,0,2730,2850,-,-
TXO,202611,20261118.0,44800.0,Put,-,-,-,-,2220,-,-,0,0,0,0,0.3,-,-,-
TXO,202611,20261118.0,44900.0,Call,-,-,-,-,2770,-,-,0,0,0,0,0.2,-,-,-
TXO,202611,20261118.0,44900.0,Put,-,-,-,-,2260,-,-,0,0,0,0,0.3,-,-,-
TXO,202611,20261118.0,45000.0,Call,-,-,-,-,2710,-,-,0,0,0,0,0.2,-,-,-
TXO,202611,20261118.0,45000.0,Put,-,-,-,-,2300,-,-,0,0,0,1,0.3,2400,2580,2580
TXO,202611,20261118.0,45100.0,Call,-,-,-,-,2660,-,-,0,0,0,0,0.2,-,-,-
TXO,202611,20261118.0,45100.0,Put,-,-,-,-,2350,-,-,0,0,0,0,0.3,-,-,-
TXO,202611,20261118.0,45200.0,Call,-,-,-,-,2610,-,-,0,0,0,0,0.2,-,-,-
TXO,202611,20261118.0,45200.0,Put,-,-,-,-,2400,-,-,0,0,0,0,0.3,-,-,-
TXO,202611,20261118.0,45300.0,Call,-,-,-,-,2560,-,-,0,0,0,0,0.2,-,-,-
TXO,202611,20261118.0,45300.0,Put,-,-,-,-,2450,-,-,0,0,0,0,0.3,-,-,-
TXO,202611,20261118.0,45400.0,Call,-,-,-,-,2500,-,-,0,0,0,0,0.2,-,-,-
TXO,202611,20261118.0,45400.0,Put,-,-,-,-,2490,-,-,0,0,0,4,0.3,2570,2790,2740
TXO,202611,20261118.0,45500.0,Call,-,-,-,-,2430,-,-,0,0,0,0,0.2,-,-,-
TXO,202611,20261118.0,45500.0,Put,-,-,-,-,2520,-,-,0,0,0,2,0.3,2630,2800,2800
TXO,202611,20261118.0,45600.0,Call,-,-,-,-,2360,-,-,0,0,0,0,0.2,-,-,-
TXO,202611,20261118.0,45600.0,Put,-,-,-,-,2550,-,-,0,0,0,0,0.3,-,-,-
TXO,202611,20261118.0,45700.0,Call,-,-,-,-,2310,-,-,0,0,0,0,0.2,-,-,-
TXO,202611,20261118.0,45700.0,Put,-,-,-,-,2600,-,-,0,0,0,0,0.3,-,-,-
TXO,202611,20261118.0,45800.0,Call,-,-,-,-,2260,-,-,0,0,0,0,0.2,-,-,-
TXO,202611,20261118.0,45800.0,Put,-,-,-,-,2650,-,-,0,0,0,0,0.3,-,-,-
TXO,202611,20261118.0,45900.0,Call,-,-,-,-,2210,-,-,0,0,0,0,0.2,-,-,-
TXO,202611,20261118.0,45900.0,Put,-,-,-,-,2700,-,-,0,0,0,0,2660,2770,-,-
TXO,202611,20261118.0,46000.0,Call,-,-,-,-,2160,-,-,0,0,0,0,0.2,-,-,-
TXO,202611,20261118.0,46000.0,Put,-,-,-,-,2750,-,-,0,0,0,0,2710,2820,-,-
TXO,202611,20261118.0,46100.0,Call,-,-,-,-,2110,-,-,0,0,0,0,-,-,-,-
TXO,202611,20261118.0,46100.0,Put,-,-,-,-,2800,-,-,0,0,0,0,2760,2870,-,-
TXO,202611,20261118.0,46200.0,Call,-,-,-,-,2060,-,-,0,0,0,0,-,-,-,-
TXO,202611,20261118.0,46200.0,Put,-,-,-,-,2850,-,-,0,0,0,0,2810,2920,-,-
TXO,202611,20261118.0,46300.0,Call,-,-,-,-,2010,-,-,0,0,0,0,-,-,-,-
TXO,202611,20261118.0,46300.0,Put,-,-,-,-,2900,-,-,0,0,0,0,2860,2970,-,-
TXO,202611,20261118.0,46400.0,Call,-,-,-,-,1970,-,-,0,0,0,0,-,-,-,-
TXO,202611,20261118.0,46400.0,Put,-,-,-,-,2960,-,-,0,0,0,0,2910,3030,-,-
TXO,202611,20261118.0,46500.0,Call,-,-,-,-,1920,-,-,0,0,0,0,-,-,-,-
TXO,202611,20261118.0,46500.0,Put,-,-,-,-,3010,-,-,0,0,0,0,2980,3080,-,-
TXO,202611,20261118.0,46600.0,Call,-,-,-,-,1880,-,-,0,0,0,0,-,-,-,-
TXO,202611,20261118.0,46600.0,Put,-,-,-,-,3070,-,-,0,0,0,0,3020,3140,-,-
TXO,202611,20261118.0,46700.0,Call,-,-,-,-,1840,-,-,0,0,0,0,-,-,-,-
TXO,202611,20261118.0,46700.0,Put,-,-,-,-,3130,-,-,0,0,0,0,3090,3190,-,-
TXO,202611,20261118.0,46800.0,Call,-,-,-,-,1800,-,-,0,0,0,1,-,1890,1620,1620
TXO,202611,20261118.0,46800.0,Put,-,-,-,-,3190,-,-,0,0,0,0,3130,3250,-,-
TXO,202611,20261118.0,46900.0,Call,-,-,-,-,1760,-,-,0,0,0,0,-,-,-,-
TXO,202611,20261118.0,46900.0,Put,-,-,-,-,3250,-,-,0,0,0,0,3200,3300,-,-
TXO,202611,20261118.0,47000.0,Call,-,-,-,-,1720,-,-,0,0,0,0,400,-,-,-
TXO,202611,20261118.0,47000.0,Put,-,-,-,-,3310,-,-,1,0,1,1,3250,3360,3820,3820
TXO,202611,20261118.0,47100.0,Call,-,-,-,-,1660,-,-,0,0,0,0,-,-,-,-
TXO,202611,20261118.0,47100.0,Put,-,-,-,-,3350,-,-,0,0,0,0,3300,3420,-,-
TXO,202611,20261118.0,47200.0,Call,-,-,-,-,1620,-,-,0,0,0,0,-,-,-,-
TXO,202611,20261118.0,47200.0,Put,-,-,-,-,3400,-,-,0,0,0,0,3370,3480,-,-
TXO,202611,20261118.0,47300.0,Call,-,-,-,-,1580,-,-,0,0,0,0,-,-,-,-
TXO,202611,20261118.0,47300.0,Put,-,-,-,-,3460,-,-,0,0,0,0,3430,3540,-,-
TXO,202611,20261118.0,47400.0,Call,-,-,-,-,1540,-,-,0,0,0,0,-,-,-,-
TXO,202611,20261118.0,47400.0,Put,-,-,-,-,3520,-,-,0,0,0,0,3480,3590,-,-
TXO,202611,20261118.0,47500.0,Call,-,-,-,-,1500,-,-,0,0,0,0,-,-,-,-
TXO,202611,20261118.0,47500.0,Put,-,-,-,-,3580,-,-,0,0,0,0,3540,3650,-,-
TXO,202611,20261118.0,47600.0,Call,-,-,-,-,1460,-,-,0,0,0,0,-,-,-,-
TXO,202611,20261118.0,47600.0,Put,-,-,-,-,3640,-,-,0,0,0,0,3600,3710,-,-
TXO,202611,20261118.0,47700.0,Call,-,-,-,-,1420,-,-,0,0,0,0,-,-,-,-
TXO,202611,20261118.0,47700.0,Put,-,-,-,-,3710,-,-,0,0,0,0,3670,3780,-,-
TXO,202611,20261118.0,47800.0,Call,-,-,-,-,1390,-,-,0,0,0,0,-,-,-,-
TXO,202611,20261118.0,47800.0,Put,-,-,-,-,3770,-,-,0,0,0,0,3730,3840,-,-
TXO,202611,20261118.0,47900.0,Call,-,-,-,-,1350,-,-,0,0,0,0,-,-,-,-
TXO,202611,20261118.0,47900.0,Put,-,-,-,-,3840,-,-,0,0,0,0,3800,3910,-,-
TXO,202611,20261118.0,48000.0,Call,-,-,-,-,1320,-,-,0,0,0,0,-,-,-,-
TXO,202611,20261118.0,48000.0,Put,-,-,-,-,3900,-,-,1,0,1,1,3860,3970,4280,4280
TXO,202611,20261118.0,48100.0,Call,-,-,-,-,1280,-,-,0,0,0,0,-,-,-,-
TXO,202611,20261118.0,48100.0,Put,-,-,-,-,3970,-,-,0,0,0,0,3930,4040,-,-
TXO,202611,20261118.0,48200.0,Call,-,-,-,-,1250,-,-,0,0,0,0,-,-,-,-
TXO,202611,20261118.0,48200.0,Put,-,-,-,-,4030,-,-,0,0,0,0,3990,4100,-,-
TXO,202611,20261118.0,48300.0,Call,-,-,-,-,1210,-,-,0,0,0,0,2.3,-,-,-
TXO,202611,20261118.0,48300.0,Put,-,-,-,-,4090,-,-,0,0,0,0,4060,4170,-,-
TXO,202611,20261118.0,48400.0,Call,-,-,-,-,1180,-,-,0,0,0,0,2.3,-,-,-
TXO,202611,20261118.0,48400.0,Put,-,-,-,-,4160,-,-,0,0,0,0,4120,4230,-,-
TXO,202611,20261118.0,48500.0,Call,-,-,-,-,1150,-,-,0,0,0,0,2.3,-,-,-
TXO,202611,20261118.0,48500.0,Put,-,-,-,-,4230,-,-,0,0,0,0,4190,4300,-,-
TXO,202611,20261118.0,48600.0,Call,-,-,-,-,1120,-,-,0,0,0,0,2.3,-,-,-
TXO,202611,20261118.0,48600.0,Put,-,-,-,-,4300,-,-,0,0,0,0,4260,4370,-,-
TXO,202611,20261118.0,48700.0,Call,-,-,-,-,1090,-,-,0,0,0,0,2.3,-,-,-
TXO,202611,20261118.0,48700.0,Put,-,-,-,-,4370,-,-,0,0,0,0,4330,4440,-,-
TXO,202611,20261118.0,48800.0,Call,-,-,-,-,1060,-,-,0,0,0,0,2.3,-,-,-
TXO,202611,20261118.0,48800.0,Put,-,-,-,-,4440,-,-,0,0,0,0,4390,4510,-,-
TXO,202611,20261118.0,48900.0,Call,-,-,-,-,1040,-,-,0,0,0,0,2.3,-,-,-
TXO,202611,20261118.0,48900.0,Put,-,-,-,-,4520,-,-,0,0,0,0,4460,4580,-,-
TXO,202611,20261118.0,49000.0,Call,-,-,-,-,1000,-,-,0,0,0,0,2.3,-,-,-
TXO,202611,20261118.0,49000.0,Put,-,-,-,-,4580,-,-,1,0,1,1,4530,4650,4900,4900
TXO,202611,20261118.0,49100.0,Call,-,-,-,-,965,-,-,0,0,0,0,2.3,-,-,-
TXO,202611,20261118.0,49100.0,Put,-,-,-,-,4640,-,-,0,0,0,0,4610,4720,-,-
TXO,202611,20261118.0,49200.0,Call,-,-,-,-,935,-,-,0,0,0,0,2.3,-,-,-
TXO,202611,20261118.0,49200.0,Put,-,-,-,-,4710,-,-,0,0,0,0,4670,4790,-,-
TXO,202611,20261118.0,49300.0,Call,-,-,-,-,905,-,-,0,0,0,0,2.3,-,-,-
TXO,202611,20261118.0,49300.0,Put,-,-,-,-,4780,-,-,0,0,0,0,4740,4860,-,-
TXO,202611,20261118.0,49400.0,Call,-,-,-,-,880,-,-,0,0,0,0,2.3,-,-,-
TXO,202611,20261118.0,49400.0,Put,-,-,-,-,4860,-,-,0,0,0,0,4820,4930,-,-
TXO,202611,20261118.0,49500.0,Call,-,-,-,-,855,-,-,0,0,0,0,2.3,-,-,-
TXO,202611,20261118.0,49500.0,Put,-,-,-,-,4930,-,-,0,0,0,0,4900,5010,-,-
TXO,202611,20261118.0,49600.0,Call,-,-,-,-,830,-,-,0,0,0,0,2.3,-,-,-
TXO,202611,20261118.0,49600.0,Put,-,-,-,-,5010,-,-,0,0,0,0,4970,5080,-,-
TXO,202611,20261118.0,49700.0,Call,-,-,-,-,805,-,-,0,0,0,0,2.3,-,-,-
TXO,202611,20261118.0,49700.0,Put,-,-,-,-,5080,-,-,0,0,0,0,5040,5160,-,-
TXO,202611,20261118.0,49800.0,Call,-,-,-,-,785,-,-,0,0,0,0,680,-,-,-
TXO,202611,20261118.0,49800.0,Put,-,-,-,-,5160,-,-,0,0,0,0,5120,5230,-,-
TXO,202611,20261118.0,49900.0,Call,-,-,-,-,760,-,-,0,0,0,0,660,-,-,-
TXO,202611,20261118.0,49900.0,Put,-,-,-,-,5230,-,-,0,0,0,0,5190,5310,-,-
TXO,202611,20261118.0,50000.0,Call,-,-,-,-,735,-,-,0,0,0,0,635,-,-,-
TXO,202611,20261118.0,50000.0,Put,-,-,-,-,5310,-,-,0,0,0,1,5270,5620,5850,5850
TXO,202611,20261118.0,50100.0,Call,-,-,-,-,715,-,-,0,0,0,0,615,-,-,-
TXO,202611,20261118.0,50100.0,Put,-,-,-,-,5390,-,-,0,0,0,0,5350,5460,-,-
TXO,202611,20261118.0,50200.0,Call,-,-,-,-,695,-,-,0,0,0,0,590,-,-,-
TXO,202611,20261118.0,50200.0,Put,-,-,-,-,5470,-,-,0,0,0,0,5430,5540,-,-
TXO,202611,20261118.0,50300.0,Call,-,-,-,-,675,-,-,0,0,0,0,570,-,-,-
TXO,202611,20261118.0,50300.0,Put,-,-,-,-,5550,-,-,0,0,0,0,5500,5620,-,-
TXO,202611,20261118.0,50400.0,Call,-,-,-,-,655,-,-,0,0,0,1,550,750,610,610
TXO,202611,20261118.0,50400.0,Put,-,-,-,-,5630,-,-,0,0,0,0,5580,5700,-,-
TXO,202611,20261118.0,50500.0,Call,-,-,-,-,640,-,-,0,0,0,1,530,730,610,610
TXO,202611,20261118.0,50500.0,Put,-,-,-,-,5710,-,-,0,0,0,0,5660,5780,-,-
TXO,202611,20261118.0,50600.0,Call,-,-,-,-,620,-,-,0,0,0,0,510,-,-,-
TXO,202611,20261118.0,50600.0,Put,-,-,-,-,5790,-,-,0,0,0,0,5740,5860,-,-
TXO,202611,20261118.0,50700.0,Call,-,-,-,-,605,-,-,0,0,0,0,493,-,-,-
TXO,202611,20261118.0,50700.0,Put,-,-,-,-,5880,-,-,0,0,0,0,5820,5940,-,-
TXO,202611,20261118.0,50800.0,Call,585,585,585,585,585,0,0%,0,1,1,1,474,-,585,585
TXO,202611,20261118.0,50800.0,Put,-,-,-,-,5960,-,-,0,0,0,0,5900,6010,-,-
TXO,202611,20261118.0,50900.0,Call,-,-,-,-,560,-,-,0,0,0,0,457,-,-,-
TXO,202611,20261118.0,50900.0,Put,-,-,-,-,6030,-,-,0,0,0,0,5980,6090,-,-
TXO,202611,20261118.0,51000.0,Call,-,-,-,-,540,-,-,0,0,0,0,439,-,-,-
TXO,202611,20261118.0,51000.0,Put,-,-,-,-,6110,-,-,0,0,0,0,6070,6180,-,-
TXO,202611,20261118.0,51100.0,Call,-,-,-,-,520,-,-,0,0,0,0,422,-,-,-
TXO,202611,20261118.0,51100.0,Put,-,-,-,-,6190,-,-,0,0,0,0,6150,6270,-,-
TXO,202611,20261118.0,51200.0,Call,-,-,-,-,505,-,-,0,0,0,0,406,-,-,-
TXO,202611,20261118.0,51200.0,Put,-,-,-,-,6270,-,-,0,0,0,0,6230,6340,-,-
TXO,202611,20261118.0,51300.0,Call,-,-,-,-,489,-,-,0,0,0,0,390,-,-,-
TXO,202611,20261118.0,51300.0,Put,-,-,-,-,6360,-,-,0,0,0,0,6320,6430,-,-
TXO,202611,20261118.0,51400.0,Call,-,-,-,-,474,-,-,0,0,0,0,374,-,-,-
TXO,202611,20261118.0,51400.0,Put,-,-,-,-,6440,-,-,0,0,0,0,6400,6520,-,-
TXO,202611,20261118.0,51500.0,Call,-,-,-,-,460,-,-,1,0,1,5,359,625,460,421
TXO,202611,20261118.0,51500.0,Put,-,-,-,-,6530,-,-,0,0,0,0,6490,6600,-,-
TXO,202611,20261118.0,51600.0,Call,-,-,-,-,447,-,-,0,0,0,0,345,-,-,-
TXO,202611,20261118.0,51600.0,Put,-,-,-,-,6610,-,-,0,0,0,0,6570,6690,-,-
TXO,202611,20261118.0,51700.0,Call,438,439,433,433,433,▲+14,▲+3.34%,0,3,3,3,331,434,439,433
TXO,202611,20261118.0,51700.0,Put,-,-,-,-,6690,-,-,0,0,0,0,6660,6760,-,-
TXO,202612,20261216.0,25200.0,Call,-,-,-,-,20240,-,-,0,0,0,2,20190,20440,22620,13580
TXO,202612,20261216.0,25200.0,Put,64,64,55,55,55,▼-7,▼-11.29%,0,2,2,184,36,61,985,55
TXO,202612,20261216.0,25400.0,Call,-,-,-,-,20050,-,-,0,0,0,0,19960,20220,-,-
TXO,202612,20261216.0,25400.0,Put,-,-,-,-,57,-,-,0,0,0,6,1.8,-,610,84
TXO,202612,20261216.0,25600.0,Call,-,-,-,-,19850,-,-,0,0,0,0,19760,20010,-,-
TXO,202612,20261216.0,25600.0,Put,-,-,-,-,61,-,-,0,0,0,12,0.5,-,750,86
TXO,202612,20261216.0,25800.0,Call,-,-,-,-,19650,-,-,0,0,0,0,19570,19820,-,-
TXO,202612,20261216.0,25800.0,Put,-,-,-,-,62,-,-,0,0,0,6,0.5,-,505,75
TXO,202612,20261216.0,26000.0,Call,-,-,-,-,19460,-,-,0,0,0,1,19370,19620,17230,7550
TXO,202612,20261216.0,26000.0,Put,-,-,-,-,65,-,-,0,0,0,67,1.8,-,1390,76
TXO,202612,20261216.0,26200.0,Call,-,-,-,-,19260,-,-,0,0,0,0,19170,19450,-,-
TXO,202612,20261216.0,26200.0,Put,-,-,-,-,68,-,-,0,0,0,8,0.6,166,1430,175
TXO,202612,20261216.0,26400.0,Call,-,-,-,-,19060,-,-,0,0,0,0,18990,19220,-,-
TXO,202612,20261216.0,26400.0,Put,-,-,-,-,68,-,-,0,0,0,13,0.6,357,1250,80
TXO,202612,20261216.0,26600.0,Call,-,-,-,-,18870,-,-,0,0,0,0,18780,19030,-,-
TXO,202612,20261216.0,26600.0,Put,-,-,-,-,70,-,-,0,0,0,2,0.6,169,765,82
TXO,202612,20261216.0,26800.0,Call,-,-,-,-,18670,-,-,0,0,0,0,18590,18820,-,-
TXO,202612,20261216.0,26800.0,Put,-,-,-,-,72,-,-,0,0,0,2,0.6,-,1500,106
TXO,202612,20261216.0,27000.0,Call,-,-,-,-,18470,-,-,0,0,0,1,18400,18650,18990,7500
TXO,202612,20261216.0,27000.0,Put,-,-,-,-,74,-,-,0,0,0,7,0.6,-,1590,88
TXO,202612,20261216.0,27200.0,Call,-,-,-,-,18280,-,-,0,0,0,0,18190,18430,-,-
TXO,202612,20261216.0,27200.0,Put,-,-,-,-,76,-,-,0,0,0,1,0.6,175,710,215
TXO,202612,20261216.0,27400.0,Call,-,-,-,-,18080,-,-,0,0,0,0,18000,18230,-,-
TXO,202612,20261216.0,27400.0,Put,-,-,-,-,78,-,-,0,0,0,16,0.7,-,1580,98
TXO,202612,20261216.0,27600.0,Call,-,-,-,-,17890,-,-,0,0,0,0,17800,18030,-,-
TXO,202612,20261216.0,27600.0,Put,-,-,-,-,83,-,-,0,0,0,6,77,180,1300,100
TXO,202612,20261216.0,27800.0,Call,-,-,-,-,17690,-,-,0,0,0,0,17590,17840,-,-
TXO,202612,20261216.0,27800.0,Put,-,-,-,-,83,-,-,0,0,0,4,0.7,182,1550,100
TXO,202612,20261216.0,28000.0,Call,-,-,-,-,17490,-,-,0,0,0,0,17410,17630,-,-
TXO,202612,20261216.0,28000.0,Put,-,-,-,-,85,-,-,0,0,0,20,0.7,184,1680,131
TXO,202612,20261216.0,28200.0,Call,-,-,-,-,17290,-,-,0,0,0,0,17210,17430,-,-
TXO,202612,20261216.0,28200.0,Put,-,-,-,-,88,-,-,0,0,0,9,0.7,187,1820,120
TXO,202612,20261216.0,28400.0,Call,-,-,-,-,17100,-,-,0,0,0,0,17030,17240,-,-
TXO,202612,20261216.0,28400.0,Put,-,-,-,-,90,-,-,0,0,0,5,0.8,189,1400,123
TXO,202612,20261216.0,28600.0,Call,-,-,-,-,16900,-,-,0,0,0,0,16820,17040,-,-
TXO,202612,20261216.0,28600.0,Put,-,-,-,-,93,-,-,0,0,0,5,0.8,192,1500,138
TXO,202612,20261216.0,28800.0,Call,-,-,-,-,16710,-,-,0,0,0,0,16620,16850,-,-
TXO,202612,20261216.0,28800.0,Put,-,-,-,-,96,-,-,0,0,0,7,0.9,195,1550,305
TXO,202612,20261216.0,29000.0,Call,-,-,-,-,16510,-,-,0,0,0,0,16430,16650,-,-
TXO,202612,20261216.0,29000.0,Put,-,-,-,-,98,-,-,0,0,0,4,0.9,-,1860,119
TXO,202612,20261216.0,29200.0,Call,-,-,-,-,16310,-,-,0,0,0,0,16240,16450,-,-
TXO,202612,20261216.0,29200.0,Put,-,-,-,-,101,-,-,0,0,0,3,0.9,200,1860,260
TXO,202612,20261216.0,29400.0,Call,-,-,-,-,16120,-,-,0,0,0,0,16040,16250,-,-
TXO,202612,20261216.0,29400.0,Put,-,-,-,-,104,-,-,0,0,0,2,3,-,1700,146
TXO,202612,20261216.0,29600.0,Call,-,-,-,-,15920,-,-,0,0,0,0,15850,16050,-,-
TXO,202612,20261216.0,29600.0,Put,-,-,-,-,107,-,-,0,0,0,1,6.2,207,1650,241
TXO,202612,20261216.0,29800.0,Call,-,-,-,-,15730,-,-,0,0,0,0,15650,15850,11600,5120
TXO,202612,20261216.0,29800.0,Put,-,-,-,-,110,-,-,0,0,0,3,1.3,-,1700,128
TXO,202612,20261216.0,30000.0,Call,-,-,-,-,15530,-,-,0,0,0,0,15460,15660,11910,4660
TXO,202612,20261216.0,30000.0,Put,121,121,101,101,113,▼-24,▼-19.20%,1,3,4,52,1.3,240,1880,101
TXO,202612,20261216.0,30200.0,Call,-,-,-,-,15340,-,-,0,0,0,0,15260,15460,14870,4700
TXO,202612,20261216.0,30200.0,Put,-,-,-,-,118,-,-,0,0,0,3,1.3,217,715,200
TXO,202612,20261216.0,30400.0,Call,-,-,-,-,15140,-,-,0,0,0,0,15060,15260,-,-
TXO,202612,20261216.0,30400.0,Put,-,-,-,-,123,-,-,0,0,0,10,1.4,221,510,194
TXO,202612,20261216.0,30600.0,Call,-,-,-,-,14950,-,-,0,0,0,0,14870,15070,-,-
TXO,202612,20261216.0,30600.0,Put,-,-,-,-,129,-,-,0,0,0,4,1.4,225,2010,174
TXO,202612,20261216.0,30800.0,Call,-,-,-,-,14760,-,-,0,0,0,0,14680,14870,-,-
TXO,202612,20261216.0,30800.0,Put,-,-,-,-,135,-,-,0,0,0,25,1.4,230,2700,550
TXO,202612,20261216.0,31000.0,Call,-,-,-,-,14560,-,-,0,0,0,0,14480,14680,-,-
TXO,202612,20261216.0,31000.0,Put,-,-,-,-,141,-,-,0,0,0,61,1.5,234,1220,158
TXO,202612,20261216.0,31200.0,Call,-,-,-,-,14370,-,-,0,0,0,0,14290,14480,4700,3750
TXO,202612,20261216.0,31200.0,Put,-,-,-,-,147,-,-,0,0,0,4,1.5,-,730,180
TXO,202612,20261216.0,31400.0,Call,-,-,-,-,14180,-,-,0,0,0,0,14100,14300,-,-
TXO,202612,20261216.0,31400.0,Put,-,-,-,-,149,-,-,0,0,0,1,1.6,-,198,198
TXO,202612,20261216.0,31600.0,Call,-,-,-,-,13980,-,-,0,0,0,0,13900,14090,7950,5480
TXO,202612,20261216.0,31600.0,Put,-,-,-,-,155,-,-,0,0,0,5,1.6,250,1870,510
TXO,202612,20261216.0,31800.0,Call,-,-,-,-,13790,-,-,0,0,0,0,13710,13920,10560,5580
TXO,202612,20261216.0,31800.0,Put,159,159,159,159,159,▼-14,▼-8.09%,0,1,1,1,1.6,-,200,159
TXO,202612,20261216.0,32000.0,Call,-,-,-,-,13600,-,-,0,0,0,0,13520,13700,9600,3560
TXO,202612,20261216.0,32000.0,Put,-,-,-,-,168,-,-,0,0,0,4,1.7,170,3270,196
TXO,202612,20261216.0,32200.0,Call,-,-,-,-,13410,-,-,0,0,0,0,13330,13510,-,-
TXO,202612,20261216.0,32200.0,Put,-,-,-,-,175,-,-,0,0,0,3,1.7,269,3130,430
TXO,202612,20261216.0,32400.0,Call,-,-,-,-,13210,-,-,0,0,0,0,13130,13340,11650,3460
TXO,202612,20261216.0,32400.0,Put,-,-,-,-,182,-,-,0,0,0,4,75,276,3250,545
TXO,202612,20261216.0,32600.0,Call,-,-,-,-,13020,-,-,0,0,0,0,12940,13120,-,-
TXO,202612,20261216.0,32600.0,Put,180,180,179,179,191,▼-31,▼-14.76%,0,10,10,25,83,283,1160,179
TXO,202612,20261216.0,32800.0,Call,-,-,-,-,12830,-,-,0,0,0,0,12750,12930,-,-
TXO,202612,20261216.0,32800.0,Put,199,199,199,199,199,▼-20,▼-9.13%,0,1,1,7,90,-,1920,199
TXO,202612,20261216.0,33000.0,Call,-,-,-,-,12640,-,-,0,0,0,0,12560,12740,13520,3000
TXO,202612,20261216.0,33000.0,Put,200,200,200,200,200,▼-35,▼-14.89%,1,1,2,64,98,299,3280,200
TXO,202612,20261216.0,33200.0,Call,-,-,-,-,12450,-,-,0,0,0,0,12370,12550,4180,3280
TXO,202612,20261216.0,33200.0,Put,210,210,210,210,210,▼-30,▼-12.50%,0,2,2,2,107,308,780,210
TXO,202612,20261216.0,33400.0,Call,-,-,-,-,12260,-,-,0,0,0,0,12180,12360,10800,2780
TXO,202612,20261216.0,33400.0,Put,-,-,-,-,225,-,-,0,0,0,2,117,-,3450,500
TXO,202612,20261216.0,33600.0,Call,-,-,-,-,12070,-,-,0,0,0,0,11990,12170,10850,2640
TXO,202612,20261216.0,33600.0,Put,-,-,-,-,235,-,-,0,0,0,4,127,328,4010,310
TXO,202612,20261216.0,33800.0,Call,-,-,-,-,11890,-,-,0,0,0,0,11800,12000,-,-
TXO,202612,20261216.0,33800.0,Put,-,-,-,-,245,-,-,0,0,0,0,138,-,1670,995
TXO,202612,20261216.0,34000.0,Call,-,-,-,-,11700,-,-,0,0,0,0,11620,11790,12700,3130
TXO,202612,20261216.0,34000.0,Put,250,250,250,250,250,▼-36,▼-12.59%,0,1,1,147,149,350,3620,250
TXO,202612,20261216.0,34200.0,Call,-,-,-,-,11510,-,-,0,0,0,0,11430,11600,8850,5200
TXO,202612,20261216.0,34200.0,Put,-,-,-,-,267,-,-,0,0,0,1,162,-,1780,620
TXO,202612,20261216.0,34400.0,Call,-,-,-,-,11320,-,-,0,0,0,0,11260,11440,-,-
TXO,202612,20261216.0,34400.0,Put,-,-,-,-,280,-,-,0,0,0,2,175,376,2600,438
TXO,202612,20261216.0,34600.0,Call,-,-,-,-,11140,-,-,0,0,0,0,11060,11250,-,-
TXO,202612,20261216.0,34600.0,Put,-,-,-,-,292,-,-,0,0,0,4,188,389,2670,680
TXO,202612,20261216.0,34800.0,Call,-,-,-,-,10960,-,-,0,0,0,0,10880,11060,4830,3240
TXO,202612,20261216.0,34800.0,Put,330,330,330,330,311,▼-21,▼-5.98%,1,1,2,1,203,404,3120,330
TXO,202612,20261216.0,35000.0,Call,-,-,-,-,10780,-,-,0,0,0,0,10690,10880,12910,2200
TXO,202612,20261216.0,35000.0,Put,348,348,330,330,330,▼-40,▼-10.81%,1,2,3,22,218,850,2100,314
TXO,202612,20261216.0,35200.0,Call,-,-,-,-,10590,-,-,0,0,0,0,10520,10690,4590,3370
TXO,202612,20261216.0,35200.0,Put,-,-,-,-,338,-,-,0,0,0,2,234,435,3000,400
TXO,202612,20261216.0,35400.0,Call,-,-,-,-,10410,-,-,0,0,0,0,10330,10510,9450,3340
TXO,202612,20261216.0,35400.0,Put,350,350,350,350,350,▼-52,▼-12.94%,1,1,2,0,251,-,1300,350
TXO,202612,20261216.0,35600.0,Call,-,-,-,-,10230,-,-,0,0,0,0,10140,10320,12870,2380
TXO,202612,20261216.0,35600.0,Put,-,-,-,-,377,-,-,0,0,0,1,269,476,4020,428
TXO,202612,20261216.0,35800.0,Call,-,-,-,-,10050,-,-,0,0,0,0,9970,10130,7020,6410
TXO,202612,20261216.0,35800.0,Put,-,-,-,-,400,-,-,0,0,0,1,288,-,2000,1020
TXO,202612,20261216.0,36000.0,Call,-,-,-,-,9880,-,-,0,0,0,1,9790,9960,8050,1950
TXO,202612,20261216.0,36000.0,Put,430,430,430,430,430,▼-35,▼-7.53%,16,1,17,23,308,-,3300,430
TXO,202612,20261216.0,36200.0,Call,-,-,-,-,9690,-,-,0,0,0,0,9610,9770,7130,1470
TXO,202612,20261216.0,36200.0,Put,-,-,-,-,432,-,-,0,0,0,0,329,-,-,-
TXO,202612,20261216.0,36400.0,Call,-,-,-,-,9510,-,-,0,0,0,0,9430,9590,10490,1390
TXO,202612,20261216.0,36400.0,Put,-,-,-,-,454,-,-,0,0,0,1,350,-,2020,1450
TXO,202612,20261216.0,36600.0,Call,-,-,-,-,9330,-,-,0,0,0,0,9270,9430,6880,1320
TXO,202612,20261216.0,36600.0,Put,-,-,-,-,476,-,-,0,0,0,5,373,575,2130,670
TXO,202612,20261216.0,36800.0,Call,-,-,-,-,9160,-,-,0,0,0,0,9080,9250,11890,1260
TXO,202612,20261216.0,36800.0,Put,-,-,-,-,505,-,-,0,0,0,50,396,605,2670,500
TXO,202612,20261216.0,37000.0,Call,-,-,-,-,8990,-,-,0,0,0,4,8910,9050,12020,1350
TXO,202612,20261216.0,37000.0,Put,560,560,540,540,540,▼-55,▼-9.24%,1,2,3,53,421,625,3150,515
TXO,202612,20261216.0,37200.0,Call,-,-,-,-,8820,-,-,0,0,0,0,8730,8900,9030,1740
TXO,202612,20261216.0,37200.0,Put,-,-,-,-,555,-,-,0,0,0,9,447,650,1070,595
TXO,202612,20261216.0,37400.0,Call,-,-,-,-,8650,-,-,0,0,0,0,8560,8730,10760,1280
TXO,202612,20261216.0,37400.0,Put,-,-,-,-,585,-,-,0,0,0,11,399,690,1540,620
TXO,202612,20261216.0,37600.0,Call,-,-,-,-,8470,-,-,0,0,0,2,8390,8540,1260,1260
TXO,202612,20261216.0,37600.0,Put,-,-,-,-,605,-,-,0,0,0,6,500,720,2950,645
TXO,202612,20261216.0,37800.0,Call,-,-,-,-,8300,-,-,0,0,0,1,8220,8370,11540,1240
TXO,202612,20261216.0,37800.0,Put,-,-,-,-,640,-,-,0,0,0,16,525,755,2900,670
TXO,202612,20261216.0,38000.0,Call,-,-,-,-,8140,-,-,0,0,0,18,8050,8220,8700,1230
TXO,202612,20261216.0,38000.0,Put,680,680,680,680,680,▼-65,▼-8.72%,0,1,1,100,555,760,3430,640
TXO,202612,20261216.0,38200.0,Call,-,-,-,-,7970,-,-,0,0,0,0,7880,8040,7280,1200
TXO,202612,20261216.0,38200.0,Put,-,-,-,-,700,-,-,0,0,0,26,590,825,1900,720
TXO,202612,20261216.0,38400.0,Call,-,-,-,-,7800,-,-,0,0,0,0,7730,7870,7140,1270
TXO,202612,20261216.0,38400.0,Put,-,-,-,-,725,-,-,0,0,0,1,620,825,835,835
TXO,202612,20261216.0,38600.0,Call,-,-,-,-,7630,-,-,0,0,0,3,7550,7700,10540,1080
TXO,202612,20261216.0,38600.0,Put,-,-,-,-,765,-,-,0,0,0,6,590,895,3100,795
TXO,202612,20261216.0,38800.0,Call,-,-,-,-,7470,-,-,0,0,0,0,7400,7540,10770,775
TXO,202612,20261216.0,38800.0,Put,-,-,-,-,795,-,-,0,0,0,1,685,-,1510,870
TXO,202612,20261216.0,39000.0,Call,-,-,-,-,7300,-,-,0,0,0,4,7210,7360,9290,1100
TXO,202612,20261216.0,39000.0,Put,-,-,-,-,830,-,-,0,0,0,124,725,-,3690,900
TXO,202612,20261216.0,39200.0,Call,-,-,-,-,7140,-,-,0,0,0,0,7060,7210,10280,1290
TXO,202612,20261216.0,39200.0,Put,-,-,-,-,865,-,-,0,0,0,1,2.3,965,3680,1030
TXO,202612,20261216.0,39400.0,Call,-,-,-,-,6980,-,-,0,0,0,0,6900,7040,11070,1300
TXO,202612,20261216.0,39400.0,Put,-,-,-,-,905,-,-,0,0,0,0,2.3,-,3380,3130
TXO,202612,20261216.0,39600.0,Call,-,-,-,-,6820,-,-,0,0,0,0,6730,6880,11070,750
TXO,202612,20261216.0,39600.0,Put,-,-,-,-,945,-,-,0,0,0,3,835,-,3660,905
TXO,202612,20261216.0,39800.0,Call,-,-,-,-,6660,-,-,0,0,0,0,6580,6730,11350,1250
TXO,202612,20261216.0,39800.0,Put,-,-,-,-,985,-,-,0,0,0,8,2.3,1130,4080,1010
TXO,202612,20261216.0,40000.0,Call,-,-,-,-,6520,-,-,0,0,0,12,6420,6570,9010,705
TXO,202612,20261216.0,40000.0,Put,-,-,-,-,1040,-,-,1,0,1,116,920,-,3960,910
TXO,202612,20261216.0,40200.0,Call,-,-,-,-,6360,-,-,0,0,0,0,6260,6420,6970,2200
TXO,202612,20261216.0,40200.0,Put,-,-,-,-,1080,-,-,0,0,0,1,960,-,3430,990
TXO,202612,20261216.0,40400.0,Call,-,-,-,-,6200,-,-,0,0,0,1,6120,6260,8140,695
TXO,202612,20261216.0,40400.0,Put,-,-,-,-,1120,-,-,0,0,0,0,1.4,-,2820,2700
TXO,202612,20261216.0,40600.0,Call,-,-,-,-,6050,-,-,0,0,0,0,5960,6110,6630,740
TXO,202612,20261216.0,40600.0,Put,-,-,-,-,1170,-,-,0,0,0,1,1.4,-,2750,1930
TXO,202612,20261216.0,40800.0,Call,-,-,-,-,5900,-,-,0,0,0,16,5810,5950,9640,1410
TXO,202612,20261216.0,40800.0,Put,-,-,-,-,1220,-,-,0,0,0,300,1100,-,3980,1140
TXO,202612,20261216.0,41000.0,Call,-,-,-,-,5740,-,-,0,0,0,5,5660,5800,9160,675
TXO,202612,20261216.0,41000.0,Put,1250,1250,1250,1250,1250,▼-140,▼-10.07%,0,1,1,53,0.3,1390,4390,1250
TXO,202612,20261216.0,41200.0,Call,-,-,-,-,5590,-,-,0,0,0,0,5510,5660,5620,3150
TXO,202612,20261216.0,41200.0,Put,-,-,-,-,1310,-,-,0,0,0,3,0.3,1440,4410,2050
TXO,202612,20261216.0,41400.0,Call,-,-,-,-,5450,-,-,0,0,0,30,5360,5510,10000,360
TXO,202612,20261216.0,41400.0,Put,-,-,-,-,1370,-,-,0,0,0,1,0.3,1460,4540,1870
TXO,202612,20261216.0,41600.0,Call,-,-,-,-,5310,-,-,0,0,0,11,5220,5370,6550,1450
TXO,202612,20261216.0,41600.0,Put,-,-,-,-,1420,-,-,0,0,0,2,1300,-,4290,2020
TXO,202612,20261216.0,41800.0,Call,-,-,-,-,5170,-,-,0,0,0,15,5060,5210,8490,710
TXO,202612,20261216.0,41800.0,Put,-,-,-,-,1480,-,-,0,0,0,0,0.3,-,4390,2000
TXO,202612,20261216.0,42000.0,Call,-,-,-,-,5030,-,-,0,0,0,71,4920,5080,8720,800
TXO,202612,20261216.0,42000.0,Put,-,-,-,-,1540,-,-,0,0,0,108,1360,-,4950,1400
TXO,202612,20261216.0,42200.0,Call,-,-,-,-,4890,-,-,0,0,0,1,4790,4940,8040,1500
TXO,202612,20261216.0,42200.0,Put,-,-,-,-,1600,-,-,0,0,0,100,1420,-,3610,1660
TXO,202612,20261216.0,42400.0,Call,-,-,-,-,4750,-,-,0,0,0,0,4650,4800,5850,1260
TXO,202612,20261216.0,42400.0,Put,-,-,-,-,1660,-,-,0,0,0,0,0.3,-,4790,1940
TXO,202612,20261216.0,42600.0,Call,-,-,-,-,4620,-,-,0,0,0,2,4520,4670,7280,965
TXO,202612,20261216.0,42600.0,Put,-,-,-,-,1720,-,-,0,0,0,0,0.3,-,4770,3040
TXO,202612,20261216.0,42800.0,Call,-,-,-,-,4480,-,-,0,0,0,1,4380,4540,4950,2510
TXO,202612,20261216.0,42800.0,Put,-,-,-,-,1780,-,-,0,0,0,0,0.3,-,-,-
TXO,202612,20261216.0,43000.0,Call,-,-,-,-,4340,-,-,0,0,0,62,4250,4390,9700,1130
TXO,202612,20261216.0,43000.0,Put,-,-,-,-,1840,-,-,1,0,1,72,1680,6490,5020,1850
TXO,202612,20261216.0,43200.0,Call,-,-,-,-,4220,-,-,0,0,0,0,4120,4260,4670,1400
TXO,202612,20261216.0,43200.0,Put,-,-,-,-,1920,-,-,0,0,0,0,0.3,-,-,-
TXO,202612,20261216.0,43400.0,Call,-,-,-,-,4090,-,-,0,0,0,0,3990,4130,7410,4950
TXO,202612,20261216.0,43400.0,Put,-,-,-,-,1990,-,-,0,0,0,1,0.3,2080,5280,2010
TXO,202612,20261216.0,43600.0,Call,-,-,-,-,3960,-,-,0,0,0,1,3860,4010,5510,950
TXO,202612,20261216.0,43600.0,Put,-,-,-,-,2060,-,-,0,0,0,0,0.3,2280,4780,1960
TXO,202612,20261216.0,43800.0,Call,-,-,-,-,3850,-,-,0,0,0,1,3740,3880,8340,1020
TXO,202612,20261216.0,43800.0,Put,-,-,-,-,2140,-,-,0,0,0,0,0.3,-,4460,2430
TXO,202612,20261216.0,44000.0,Call,-,-,-,-,3720,-,-,0,0,0,4,3610,3760,8350,2260
TXO,202612,20261216.0,44000.0,Put,-,-,-,-,2210,-,-,0,0,0,101,2050,-,4770,2200
TXO,202612,20261216.0,44200.0,Call,-,-,-,-,3600,-,-,0,0,0,2,3500,3640,5630,600
TXO,202612,20261216.0,44200.0,Put,-,-,-,-,2290,-,-,0,0,0,60,0.3,2390,4890,2580
TXO,202612,20261216.0,44400.0,Call,-,-,-,-,3490,-,-,0,0,0,1,3380,3530,6730,930
TXO,202612,20261216.0,44400.0,Put,-,-,-,-,2380,-,-,0,0,0,100,2260,-,4660,3660
TXO,202612,20261216.0,44600.0,Call,-,-,-,-,3380,-,-,0,0,0,11,3230,-,5770,890
TXO,202612,20261216.0,44600.0,Put,-,-,-,-,2470,-,-,0,0,0,3,0.3,2560,6030,2330
TXO,202612,20261216.0,44800.0,Call,-,-,-,-,3260,-,-,0,0,0,1,0.2,3330,2320,2320
TXO,202612,20261216.0,44800.0,Put,-,-,-,-,2550,-,-,0,0,0,2,2430,-,5600,2800
TXO,202612,20261216.0,45000.0,Call,-,-,-,-,3150,-,-,0,0,0,2,3010,-,6790,2600
TXO,202612,20261216.0,45000.0,Put,-,-,-,-,2640,-,-,0,0,0,101,2480,-,6200,2600
TXO,202612,20261216.0,45200.0,Call,-,-,-,-,3040,-,-,0,0,0,1,0.2,3110,6620,925
TXO,202612,20261216.0,45200.0,Put,-,-,-,-,2730,-,-,0,0,0,0,0.3,-,6690,4500
TXO,202612,20261216.0,45400.0,Call,-,-,-,-,2940,-,-,0,0,0,3,2800,-,6500,2250
TXO,202612,20261216.0,45400.0,Put,-,-,-,-,2820,-,-,0,0,0,0,0.3,-,6540,3220
TXO,202612,20261216.0,45600.0,Call,-,-,-,-,2830,-,-,0,0,0,3,2690,-,6160,1070
TXO,202612,20261216.0,45600.0,Put,-,-,-,-,2910,-,-,0,0,0,0,0.3,-,7000,3920
TXO,202612,20261216.0,45800.0,Call,-,-,-,-,2710,-,-,0,0,0,1,0.2,2800,3070,1980
TXO,202612,20261216.0,45800.0,Put,-,-,-,-,2990,-,-,0,0,0,0,0.3,-,-,-
TXO,202612,20261216.0,46000.0,Call,-,-,-,-,2610,-,-,10,0,10,259,0.2,2700,5560,1640
TXO,202612,20261216.0,46000.0,Put,-,-,-,-,3090,-,-,0,0,0,190,2950,-,7060,3500
TXO,202612,20261216.0,46200.0,Call,-,-,-,-,2510,-,-,0,0,0,0,0.2,-,2620,2450
TXO,202612,20261216.0,46200.0,Put,-,-,-,-,3190,-,-,0,0,0,1,0.3,3300,7260,4400
TXO,202612,20261216.0,46400.0,Call,-,-,-,-,2420,-,-,0,0,0,3,0.2,2510,5700,1560
TXO,202612,20261216.0,46400.0,Put,-,-,-,-,3300,-,-,0,0,0,0,0.3,-,5970,5150
TXO,202612,20261216.0,46600.0,Call,-,-,-,-,2310,-,-,0,0,0,51,0.2,2420,6500,1500
TXO,202612,20261216.0,46600.0,Put,-,-,-,-,3390,-,-,0,0,0,0,3340,3480,-,-
TXO,202612,20261216.0,46800.0,Call,-,-,-,-,2220,-,-,0,0,0,11,0.2,2360,5870,1500
TXO,202612,20261216.0,46800.0,Put,-,-,-,-,3500,-,-,0,0,0,2,3450,3590,7770,7490
TXO,202612,20261216.0,47000.0,Call,-,-,-,-,2140,-,-,0,0,0,236,0.2,2240,6430,1420
TXO,202612,20261216.0,47000.0,Put,-,-,-,-,3610,-,-,0,0,0,8,3550,3700,7620,3470
TXO,202612,20261216.0,47200.0,Call,-,-,-,-,2060,-,-,0,0,0,61,0.2,2150,4830,2100
TXO,202612,20261216.0,47200.0,Put,-,-,-,-,3730,-,-,0,0,0,0,3660,3810,-,-
TXO,202612,20261216.0,47400.0,Call,-,-,-,-,1970,-,-,0,0,0,62,0.2,2070,5670,2070
TXO,202612,20261216.0,47400.0,Put,-,-,-,-,3850,-,-,0,0,0,0,3780,3930,6210,3550
TXO,202612,20261216.0,47600.0,Call,-,-,-,-,1890,-,-,0,0,0,48,372,1990,5180,1100
TXO,202612,20261216.0,47600.0,Put,-,-,-,-,3970,-,-,0,0,0,0,3900,4050,6310,4920
TXO,202612,20261216.0,47800.0,Call,-,-,-,-,1800,-,-,0,0,0,9,0.2,1910,5050,1290
TXO,202612,20261216.0,47800.0,Put,-,-,-,-,4070,-,-,0,0,0,2,4020,4170,5750,4890
TXO,202612,20261216.0,48000.0,Call,-,-,-,-,1730,-,-,1,0,1,61,1620,-,5100,1330
TXO,202612,20261216.0,48000.0,Put,-,-,-,-,4200,-,-,0,0,0,4,4150,4290,8030,4520
TXO,202612,20261216.0,48200.0,Call,-,-,-,-,1650,-,-,0,0,0,1,0.2,1760,3960,2250
TXO,202612,20261216.0,48200.0,Put,-,-,-,-,4320,-,-,0,0,0,1,4260,4410,5860,5860
TXO,202612,20261216.0,48400.0,Call,-,-,-,-,1580,-,-,0,0,0,0,0.2,-,5700,1520
TXO,202612,20261216.0,48400.0,Put,-,-,-,-,4450,-,-,0,0,0,4,4390,4540,5920,5910
TXO,202612,20261216.0,48600.0,Call,-,-,-,-,1510,-,-,0,0,0,0,0.2,-,4880,3450
TXO,202612,20261216.0,48600.0,Put,-,-,-,-,4580,-,-,0,0,0,0,4520,4660,6090,4600
TXO,202612,20261216.0,48800.0,Call,-,-,-,-,1440,-,-,0,0,0,0,0.2,-,-,-
TXO,202612,20261216.0,48800.0,Put,-,-,-,-,4710,-,-,0,0,0,1,4650,4790,8920,4350
TXO,202612,20261216.0,49000.0,Call,1370,1370,1370,1370,1370,▲+10,▲+0.74%,0,1,1,9,0.2,-,5280,1070
TXO,202612,20261216.0,49000.0,Put,-,-,-,-,4850,-,-,0,0,0,5,4790,4940,6900,4800
TXO,202612,20261216.0,49200.0,Call,-,-,-,-,1310,-,-,0,0,0,16,1.4,1480,4080,1100
TXO,202612,20261216.0,49200.0,Put,-,-,-,-,4980,-,-,0,0,0,1,4920,5060,4800,4800
TXO,202612,20261216.0,49400.0,Call,-,-,-,-,1260,-,-,0,0,0,5,1.4,1410,3760,1490
TXO,202612,20261216.0,49400.0,Put,-,-,-,-,5120,-,-,0,0,0,3,5070,5210,8650,4900
TXO,202612,20261216.0,49600.0,Call,-,-,-,-,1200,-,-,0,0,0,10,1090,-,4800,1160
TXO,202612,20261216.0,49600.0,Put,-,-,-,-,5260,-,-,0,0,0,0,5200,5360,6900,5500
TXO,202612,20261216.0,49800.0,Call,-,-,-,-,1140,-,-,0,0,0,1,1040,-,2780,960
TXO,202612,20261216.0,49800.0,Put,-,-,-,-,5400,-,-,0,0,0,0,5340,5490,-,-
TXO,202612,20261216.0,50000.0,Call,-,-,-,-,1090,-,-,5,0,5,67,985,-,5000,920
TXO,202612,20261216.0,50000.0,Put,-,-,-,-,5550,-,-,0,0,0,4,5490,5640,9900,9660
TXO,202612,20261216.0,50200.0,Call,-,-,-,-,1040,-,-,0,0,0,5,2.3,1140,4800,945
TXO,202612,20261216.0,50200.0,Put,-,-,-,-,5700,-,-,0,0,0,2,5630,5780,5420,5400
TXO,202612,20261216.0,50400.0,Call,-,-,-,-,985,-,-,0,0,0,27,840,-,5200,840
TXO,202612,20261216.0,50400.0,Put,-,-,-,-,5840,-,-,0,0,0,4,5780,5940,9460,5540
TXO,202612,20261216.0,50600.0,Call,-,-,-,-,940,-,-,0,0,0,1,2.3,1050,3640,1240
TXO,202612,20261216.0,50600.0,Put,-,-,-,-,5990,-,-,0,0,0,2,5940,6080,5690,5670
TXO,202612,20261216.0,50800.0,Call,-,-,-,-,895,-,-,0,0,0,13,2.3,995,3620,955
TXO,202612,20261216.0,50800.0,Put,-,-,-,-,6150,-,-,0,0,0,0,6090,6230,-,-
TXO,202612,20261216.0,51000.0,Call,-,-,-,-,850,-,-,0,0,0,10,745,2000,4420,1020
TXO,202612,20261216.0,51000.0,Put,-,-,-,-,6310,-,-,0,0,0,0,6240,6390,-,-
TXO,202612,20261216.0,51200.0,Call,-,-,-,-,815,-,-,0,0,0,0,2.3,-,-,-
TXO,202612,20261216.0,51200.0,Put,-,-,-,-,6470,-,-,0,0,0,0,6400,6560,-,-
TXO,202612,20261216.0,51400.0,Call,-,-,-,-,775,-,-,0,0,0,2,665,870,1950,970
TXO,202612,20261216.0,51400.0,Put,-,-,-,-,6620,-,-,0,0,0,0,6560,6700,-,-
TXO,202612,20261216.0,51600.0,Call,-,-,-,-,735,-,-,0,0,0,0,625,-,3280,2950
TXO,202612,20261216.0,51600.0,Put,-,-,-,-,6780,-,-,0,0,0,0,6720,6870,-,-
TXO,202612,20261216.0,51800.0,Call,-,-,-,-,700,-,-,0,0,0,6,590,795,2550,2050
TXO,202612,20261216.0,51800.0,Put,-,-,-,-,6950,-,-,0,0,0,0,6880,7040,-,-
TXO,202612,20261216.0,52000.0,Call,670,670,670,670,670,▲+15,▲+2.29%,4,1,5,8,555,760,3380,570
TXO,202612,20261216.0,52000.0,Put,-,-,-,-,7110,-,-,0,0,0,0,7050,7190,-,-
TXO,202612,20261216.0,52200.0,Call,-,-,-,-,635,-,-,0,0,0,0,520,-,1150,800
TXO,202612,20261216.0,52200.0,Put,-,-,-,-,7280,-,-,0,0,0,0,7210,7370,-,-
TXO,202612,20261216.0,52400.0,Call,-,-,-,-,605,-,-,0,0,0,15,491,-,3950,1020
TXO,202612,20261216.0,52400.0,Put,-,-,-,-,7450,-,-,0,0,0,0,7380,7530,8790,6780
TXO,202612,20261216.0,52600.0,Call,-,-,-,-,575,-,-,0,0,0,2,460,665,1820,690
TXO,202612,20261216.0,52600.0,Put,-,-,-,-,7620,-,-,0,0,0,0,7550,7700,-,-
TXO,202612,20261216.0,52800.0,Call,530,530,530,530,530,▼-5,▼-0.93%,0,1,1,3,432,635,2770,530
TXO,202612,20261216.0,52800.0,Put,-,-,-,-,7790,-,-,0,0,0,0,7720,7880,-,-
TXO,202612,20261216.0,53000.0,Call,500,500,500,500,500,▼-10,▼-1.96%,0,1,1,25,404,645,2970,500
TXO,202612,20261216.0,53000.0,Put,-,-,-,-,7960,-,-,0,0,0,0,7890,8050,-,-
TXO,202612,20261216.0,53200.0,Call,-,-,-,-,492,-,-,0,0,0,13,379,-,3950,725
TXO,202612,20261216.0,53200.0,Put,-,-,-,-,8130,-,-,0,0,0,0,8060,8230,-,-
TXO,202612,20261216.0,53400.0,Call,-,-,-,-,468,-,-,0,0,0,4,354,-,2870,895
TXO,202612,20261216.0,53400.0,Put,-,-,-,-,8310,-,-,0,0,0,0,8240,8400,-,-
TXO,202612,20261216.0,53600.0,Call,-,-,-,-,444,-,-,0,0,0,3,331,535,900,825
TXO,202612,20261216.0,53600.0,Put,-,-,-,-,8480,-,-,0,0,0,0,8410,8580,-,-
TXO,202612,20261216.0,53800.0,Call,-,-,-,-,421,-,-,0,0,0,3,309,-,2640,472
TXO,202612,20261216.0,53800.0,Put,-,-,-,-,8660,-,-,0,0,0,0,8590,8760,-,-
TXO,202612,20261216.0,54000.0,Call,-,-,-,-,387,-,-,0,0,0,5,288,489,3360,369
TXO,202612,20261216.0,54000.0,Put,-,-,-,-,8820,-,-,0,0,0,0,8770,8930,-,-
TXO,202612,20261216.0,54200.0,Call,-,-,-,-,367,-,-,0,0,0,2,269,497,840,840
TXO,202612,20261216.0,54200.0,Put,-,-,-,-,9000,-,-,0,0,0,0,8950,9120,-,-
TXO,202612,20261216.0,54400.0,Call,-,-,-,-,349,-,-,0,0,0,3,250,-,2050,421
TXO,202612,20261216.0,54400.0,Put,-,-,-,-,9180,-,-,0,0,0,0,9130,9300,-,-
TXO,202612,20261216.0,54600.0,Call,-,-,-,-,333,-,-,0,0,0,1,232,-,1420,1420
TXO,202612,20261216.0,54600.0,Put,-,-,-,-,9360,-,-,0,0,0,0,9310,9480,-,-
TXO,202612,20261216.0,54800.0,Call,-,-,-,-,317,-,-,0,0,0,10,216,417,3060,480
TXO,202612,20261216.0,54800.0,Put,-,-,-,-,9550,-,-,0,0,0,0,9490,9670,-,-
TXO,202612,20261216.0,55000.0,Call,-,-,-,-,303,-,-,0,0,0,20,200,-,2920,300
TXO,202612,20261216.0,55000.0,Put,-,-,-,-,9730,-,-,0,0,0,0,9670,9850,-,-
TXO,202612,20261216.0,55200.0,Call,-,-,-,-,287,-,-,0,0,0,3,185,-,1980,392
TXO,202612,20261216.0,55200.0,Put,-,-,-,-,9910,-,-,0,0,0,0,9860,10040,-,-
TXO,202612,20261216.0,55400.0,Call,-,-,-,-,273,-,-,0,0,0,5,170,378,2930,370
TXO,202612,20261216.0,55400.0,Put,-,-,-,-,10100,-,-,0,0,0,0,10050,10230,-,-
TXO,202612,20261216.0,55600.0,Call,-,-,-,-,259,-,-,0,0,0,0,157,-,2150,345
TXO,202612,20261216.0,55600.0,Put,-,-,-,-,10280,-,-,0,0,0,0,10230,10410,-,-
TXO,202612,20261216.0,55800.0,Call,-,-,-,-,245,-,-,0,0,0,18,144,345,3020,575
TXO,202612,20261216.0,55800.0,Put,-,-,-,-,10470,-,-,0,0,0,0,10420,10600,-,-
TXO,202612,20261216.0,56000.0,Call,-,-,-,-,233,-,-,0,0,0,11,132,333,2170,240
TXO,202612,20261216.0,56000.0,Put,-,-,-,-,10660,-,-,0,0,0,0,10600,10780,-,-
TXO,202612,20261216.0,56200.0,Call,-,-,-,-,220,-,-,0,0,0,0,120,-,1900,319
TXO,202612,20261216.0,56200.0,Put,-,-,-,-,10840,-,-,0,0,0,0,10790,10970,-,-
TXO,202612,20261216.0,56400.0,Call,-,-,-,-,209,-,-,0,0,0,0,109,-,1770,290
TXO,202612,20261216.0,56400.0,Put,-,-,-,-,11030,-,-,0,0,0,0,10980,11170,-,-
TXO,202612,20261216.0,56600.0,Call,-,-,-,-,198,-,-,0,0,0,5,99,300,495,375
TXO,202612,20261216.0,56600.0,Put,-,-,-,-,11220,-,-,0,0,0,0,11170,11360,-,-
TXO,202612,20261216.0,56800.0,Call,-,-,-,-,188,-,-,0,0,0,0,89,-,1830,342
TXO,202612,20261216.0,56800.0,Put,-,-,-,-,11410,-,-,0,0,0,0,11360,11550,-,-
TXO,202612,20261216.0,57000.0,Call,-,-,-,-,179,-,-,0,0,0,4,1.7,281,2500,290
TXO,202612,20261216.0,57000.0,Put,-,-,-,-,11600,-,-,0,0,0,0,11550,11740,-,-
TXO,202612,20261216.0,57200.0,Call,-,-,-,-,170,-,-,0,0,0,3,82,-,1880,308
TXO,202612,20261216.0,57200.0,Put,-,-,-,-,11790,-,-,0,0,0,0,11740,11930,-,-
TXO,202612,20261216.0,57400.0,Call,163,163,160,160,160,▼-7,▼-4.19%,0,2,2,270,105,180,1870,21
TXO,202612,20261216.0,57400.0,Put,-,-,-,-,11980,-,-,0,0,0,0,11920,12120,-,-
TXO,202703,20270317.0,31800.0,Call,-,-,-,-,14350,-,-,0,0,0,0,14260,14500,-,-
TXO,202703,20270317.0,31800.0,Put,365,365,365,365,365,▼-31,▼-7.83%,0,5,5,66,355,404,1020,360
TXO,202703,20270317.0,32000.0,Call,-,-,-,-,14150,-,-,0,0,0,0,14070,14330,-,-
TXO,202703,20270317.0,32000.0,Put,-,-,-,-,384,-,-,0,0,0,9,310,482,1360,250
TXO,202703,20270317.0,32200.0,Call,-,-,-,-,13970,-,-,0,0,0,0,13890,14140,-,-
TXO,202703,20270317.0,32200.0,Put,-,-,-,-,399,-,-,0,0,0,0,253,-,-,-
TXO,202703,20270317.0,32400.0,Call,-,-,-,-,13790,-,-,0,0,0,0,13710,13960,-,-
TXO,202703,20270317.0,32400.0,Put,-,-,-,-,415,-,-,0,0,0,0,237,-,-,-
TXO,202703,20270317.0,32600.0,Call,-,-,-,-,13610,-,-,0,0,0,0,13530,13780,-,-
TXO,202703,20270317.0,32600.0,Put,-,-,-,-,432,-,-,0,0,0,0,329,-,-,-
TXO,202703,20270317.0,32800.0,Call,-,-,-,-,13430,-,-,0,0,0,0,13350,13610,-,-
TXO,202703,20270317.0,32800.0,Put,-,-,-,-,449,-,-,0,0,0,0,346,-,-,-
TXO,202703,20270317.0,33000.0,Call,-,-,-,-,13250,-,-,0,0,0,0,13170,13410,-,-
TXO,202703,20270317.0,33000.0,Put,469,469,469,469,469,▼-31,▼-6.20%,0,1,1,1,364,565,469,469
TXO,202703,20270317.0,33200.0,Call,-,-,-,-,13070,-,-,0,0,0,0,12990,13230,-,-
TXO,202703,20270317.0,33200.0,Put,497,497,497,497,497,▼-8,▼-1.58%,0,1,1,9,383,585,1690,497
TXO,202703,20270317.0,33400.0,Call,-,-,-,-,12890,-,-,0,0,0,0,12810,13050,-,-
TXO,202703,20270317.0,33400.0,Put,-,-,-,-,505,-,-,0,0,0,0,403,-,-,-
TXO,202703,20270317.0,33600.0,Call,-,-,-,-,12710,-,-,0,0,0,0,12630,12850,-,-
TXO,202703,20270317.0,33600.0,Put,-,-,-,-,530,-,-,0,0,0,0,423,-,935,565
TXO,202703,20270317.0,33800.0,Call,-,-,-,-,12540,-,-,0,0,0,0,12450,12690,-,-
TXO,202703,20270317.0,33800.0,Put,-,-,-,-,550,-,-,0,0,0,23,370,645,1850,585
TXO,202703,20270317.0,34000.0,Call,-,-,-,-,12360,-,-,0,0,0,0,12280,12510,-,-
TXO,202703,20270317.0,34000.0,Put,-,-,-,-,570,-,-,0,0,0,6,392,670,1420,685
TXO,202703,20270317.0,34200.0,Call,-,-,-,-,12190,-,-,0,0,0,0,12110,12350,-,-
TXO,202703,20270317.0,34200.0,Put,-,-,-,-,595,-,-,0,0,0,1,415,700,1390,740
TXO,202703,20270317.0,34400.0,Call,-,-,-,-,12020,-,-,0,0,0,0,11930,12160,-,-
TXO,202703,20270317.0,34400.0,Put,-,-,-,-,620,-,-,0,0,0,0,510,-,-,-
TXO,202703,20270317.0,34600.0,Call,-,-,-,-,11850,-,-,0,0,0,0,11760,11990,-,-
TXO,202703,20270317.0,34600.0,Put,-,-,-,-,650,-,-,0,0,0,0,462,-,915,830
TXO,202703,20270317.0,34800.0,Call,-,-,-,-,11670,-,-,0,0,0,0,11580,11800,-,-
TXO,202703,20270317.0,34800.0,Put,-,-,-,-,670,-,-,0,0,0,0,487,-,1000,970
TXO,202703,20270317.0,35000.0,Call,-,-,-,-,11500,-,-,0,0,0,0,11410,11630,-,-
TXO,202703,20270317.0,35000.0,Put,-,-,-,-,700,-,-,0,0,0,4,525,810,1600,750
TXO,202703,20270317.0,35200.0,Call,-,-,-,-,11330,-,-,0,0,0,0,11240,11440,-,-
TXO,202703,20270317.0,35200.0,Put,-,-,-,-,730,-,-,0,0,0,0,555,-,-,-
TXO,202703,20270317.0,35400.0,Call,-,-,-,-,11160,-,-,0,0,0,0,11070,11280,-,-
TXO,202703,20270317.0,35400.0,Put,-,-,-,-,755,-,-,0,0,0,0,640,-,-,-
TXO,202703,20270317.0,35600.0,Call,-,-,-,-,10990,-,-,0,0,0,0,10900,11110,-,-
TXO,202703,20270317.0,35600.0,Put,-,-,-,-,780,-,-,0,0,0,28,670,-,2340,1140
TXO,202703,20270317.0,35800.0,Call,-,-,-,-,10820,-,-,0,0,0,0,10740,10940,-,-
TXO,202703,20270317.0,35800.0,Put,-,-,-,-,815,-,-,0,0,0,0,2.3,-,2050,860
TXO,202703,20270317.0,36000.0,Call,-,-,-,-,10650,-,-,0,0,0,0,10560,10760,-,-
TXO,202703,20270317.0,36000.0,Put,-,-,-,-,835,-,-,0,0,0,5,2.3,970,2380,920
TXO,202703,20270317.0,36200.0,Call,-,-,-,-,10490,-,-,0,0,0,0,10400,10590,-,-
TXO,202703,20270317.0,36200.0,Put,-,-,-,-,870,-,-,0,0,0,1,760,-,2050,1070
TXO,202703,20270317.0,36400.0,Call,-,-,-,-,10320,-,-,0,0,0,0,10230,10420,-,-
TXO,202703,20270317.0,36400.0,Put,-,-,-,-,900,-,-,0,0,0,1,2.3,1030,1800,1010
TXO,202703,20270317.0,36600.0,Call,-,-,-,-,10150,-,-,0,0,0,4,10060,10320,13790,11300
TXO,202703,20270317.0,36600.0,Put,-,-,-,-,930,-,-,0,0,0,15,2.3,1060,2780,1030
TXO,202703,20270317.0,36800.0,Call,-,-,-,-,9990,-,-,0,0,0,0,9910,10090,-,-
TXO,202703,20270317.0,36800.0,Put,-,-,-,-,970,-,-,0,0,0,1,860,-,1990,985
TXO,202703,20270317.0,37000.0,Call,-,-,-,-,9830,-,-,0,0,0,0,9740,9930,-,-
TXO,202703,20270317.0,37000.0,Put,1000,1000,1000,1000,1000,▼-70,▼-6.54%,0,3,3,4,2.3,1140,2340,1000
TXO,202703,20270317.0,37200.0,Call,-,-,-,-,9670,-,-,0,0,0,0,9570,9770,-,-
TXO,202703,20270317.0,37200.0,Put,1020,1020,1020,1020,1050,▼-90,▼-8.11%,0,1,1,13,900,1180,1160,1020
TXO,202703,20270317.0,37400.0,Call,-,-,-,-,9500,-,-,0,0,0,0,9410,9600,-,-
TXO,202703,20270317.0,37400.0,Put,-,-,-,-,1080,-,-,0,0,0,9,900,1220,2000,1080
TXO,202703,20270317.0,37600.0,Call,-,-,-,-,9350,-,-,0,0,0,0,9250,9450,-,-
TXO,202703,20270317.0,37600.0,Put,1120,1120,1110,1110,1110,▼-80,▼-6.72%,0,3,3,4,2.3,1270,3020,1110
TXO,202703,20270317.0,37800.0,Call,-,-,-,-,9190,-,-,0,0,0,0,9100,9280,-,-
TXO,202703,20270317.0,37800.0,Put,-,-,-,-,1160,-,-,0,0,0,1,1040,-,1150,1150
TXO,202703,20270317.0,38000.0,Call,-,-,-,-,9030,-,-,0,0,0,1,8940,9130,11830,11830
TXO,202703,20270317.0,38000.0,Put,-,-,-,-,1200,-,-,0,0,0,3,1.4,1350,2600,1360
TXO,202703,20270317.0,38200.0,Call,-,-,-,-,8870,-,-,0,0,0,0,8780,8960,-,-
TXO,202703,20270317.0,38200.0,Put,-,-,-,-,1240,-,-,0,0,0,1,1120,-,1230,1230
TXO,202703,20270317.0,38400.0,Call,-,-,-,-,8730,-,-,0,0,0,0,8630,8800,-,-
TXO,202703,20270317.0,38400.0,Put,-,-,-,-,1290,-,-,0,0,0,1,1100,-,1270,1270
TXO,202703,20270317.0,38600.0,Call,-,-,-,-,8570,-,-,0,0,0,0,8480,8650,-,-
TXO,202703,20270317.0,38600.0,Put,-,-,-,-,1330,-,-,2,0,2,1,0.3,-,2090,1320
TXO,202703,20270317.0,38800.0,Call,-,-,-,-,8410,-,-,0,0,0,0,8310,8490,-,-
TXO,202703,20270317.0,38800.0,Put,-,-,-,-,1370,-,-,0,0,0,1,0.3,-,2560,1360
TXO,202703,20270317.0,39000.0,Call,-,-,-,-,8260,-,-,0,0,0,0,8170,8340,-,-
TXO,202703,20270317.0,39000.0,Put,-,-,-,-,1420,-,-,0,0,0,8,0.3,1550,3400,1400
TXO,202703,20270317.0,39200.0,Call,-,-,-,-,8110,-,-,0,0,0,0,8010,8210,-,-
TXO,202703,20270317.0,39200.0,Put,-,-,-,-,1470,-,-,0,0,0,1,0.3,-,2680,1450
TXO,202703,20270317.0,39400.0,Call,-,-,-,-,7960,-,-,0,0,0,0,7860,8030,-,-
TXO,202703,20270317.0,39400.0,Put,-,-,-,-,1510,-,-,3,0,3,3,0.3,1660,2740,1500
TXO,202703,20270317.0,39600.0,Call,-,-,-,-,7810,-,-,0,0,0,0,7710,7880,-,-
TXO,202703,20270317.0,39600.0,Put,-,-,-,-,1560,-,-,0,0,0,3,0.3,1710,2830,1550
TXO,202703,20270317.0,39800.0,Call,-,-,-,-,7670,-,-,0,0,0,0,7560,7750,-,-
TXO,202703,20270317.0,39800.0,Put,-,-,-,-,1620,-,-,0,0,0,2,1490,-,3000,1600
TXO,202703,20270317.0,40000.0,Call,-,-,-,-,7520,-,-,0,0,0,1,7420,7590,11530,6000
TXO,202703,20270317.0,40000.0,Put,-,-,-,-,1670,-,-,0,0,0,36,1550,1820,4200,1670
TXO,202703,20270317.0,40200.0,Call,-,-,-,-,7380,-,-,0,0,0,0,7270,7460,-,-
TXO,202703,20270317.0,40200.0,Put,-,-,-,-,1720,-,-,0,0,0,1,1600,-,2460,2460
TXO,202703,20270317.0,40400.0,Call,-,-,-,-,7230,-,-,0,0,0,0,7120,7310,6450,5300
TXO,202703,20270317.0,40400.0,Put,-,-,-,-,1770,-,-,0,0,0,1,1650,-,1760,1760
TXO,202703,20270317.0,40600.0,Call,-,-,-,-,7100,-,-,0,0,0,0,6980,7170,6950,5530
TXO,202703,20270317.0,40600.0,Put,-,-,-,-,1830,-,-,0,0,0,0,0.3,-,-,-
TXO,202703,20270317.0,40800.0,Call,-,-,-,-,6960,-,-,0,0,0,0,6850,7020,-,-
TXO,202703,20270317.0,40800.0,Put,-,-,-,-,1900,-,-,0,0,0,1,1710,-,4650,4650
TXO,202703,20270317.0,41000.0,Call,-,-,-,-,6810,-,-,0,0,0,0,6700,6880,8000,5380
TXO,202703,20270317.0,41000.0,Put,-,-,-,-,1950,-,-,0,0,0,1,1820,-,4540,3040
TXO,202703,20270317.0,41200.0,Call,-,-,-,-,6670,-,-,0,0,0,0,6570,6740,-,-
TXO,202703,20270317.0,41200.0,Put,-,-,-,-,2000,-,-,0,0,0,1,0.3,-,3000,1990
TXO,202703,20270317.0,41400.0,Call,-,-,-,-,6530,-,-,0,0,0,0,6420,6610,-,-
TXO,202703,20270317.0,41400.0,Put,-,-,-,-,2060,-,-,0,0,0,1,1940,-,2050,2050
TXO,202703,20270317.0,41600.0,Call,-,-,-,-,6400,-,-,0,0,0,0,6290,6470,-,-
TXO,202703,20270317.0,41600.0,Put,-,-,-,-,2120,-,-,0,0,0,0,0.3,-,3390,2060
TXO,202703,20270317.0,41800.0,Call,-,-,-,-,6270,-,-,0,0,0,0,6160,6320,-,-
TXO,202703,20270317.0,41800.0,Put,-,-,-,-,2190,-,-,0,0,0,1,0.3,-,3200,2180
TXO,202703,20270317.0,42000.0,Call,-,-,-,-,6140,-,-,0,0,0,1,6040,6200,11500,4800
TXO,202703,20270317.0,42000.0,Put,2280,2290,2280,2290,2260,▼-80,▼-3.38%,0,5,5,45,2100,-,4320,2280
TXO,202703,20270317.0,42200.0,Call,-,-,-,-,6020,-,-,0,0,0,0,5910,6070,-,-
TXO,202703,20270317.0,42200.0,Put,-,-,-,-,2340,-,-,0,0,0,1,0.3,2470,2260,2260
TXO,202703,20270317.0,42400.0,Call,-,-,-,-,5890,-,-,0,0,0,0,5780,5940,-,-
TXO,202703,20270317.0,42400.0,Put,-,-,-,-,2410,-,-,0,0,0,1,2230,-,2370,2370
TXO,202703,20270317.0,42600.0,Call,-,-,-,-,5750,-,-,0,0,0,1,5630,5800,6610,6610
TXO,202703,20270317.0,42600.0,Put,-,-,-,-,2460,-,-,0,0,0,1,2340,2600,2440,2440
TXO,202703,20270317.0,42800.0,Call,-,-,-,-,5620,-,-,0,0,0,1,5520,5670,6480,6480
TXO,202703,20270317.0,42800.0,Put,-,-,-,-,2530,-,-,0,0,0,1,2410,-,2510,2510
TXO,202703,20270317.0,43000.0,Call,-,-,-,-,5490,-,-,0,0,0,0,5390,5560,-,-
TXO,202703,20270317.0,43000.0,Put,-,-,-,-,2600,-,-,0,0,0,3,0.3,2690,4720,2420
TXO,202703,20270317.0,43200.0,Call,-,-,-,-,5380,-,-,0,0,0,1,5270,5440,6230,6230
TXO,202703,20270317.0,43200.0,Put,-,-,-,-,2690,-,-,0,0,0,1,2560,-,2660,2660
TXO,202703,20270317.0,43400.0,Call,-,-,-,-,5270,-,-,0,0,0,1,5140,5320,6110,6110
TXO,202703,20270317.0,43400.0,Put,-,-,-,-,2770,-,-,0,0,0,1,0.3,2890,3730,3730
TXO,202703,20270317.0,43600.0,Call,-,-,-,-,5150,-,-,0,0,0,1,5010,5200,5980,5980
TXO,202703,20270317.0,43600.0,Put,-,-,-,-,2850,-,-,0,0,0,0,0.3,-,6100,3200
TXO,202703,20270317.0,43800.0,Call,-,-,-,-,5030,-,-,0,0,0,0,4900,5080,-,-
TXO,202703,20270317.0,43800.0,Put,-,-,-,-,2930,-,-,0,0,0,1,2790,-,5820,5820
TXO,202703,20270317.0,44000.0,Call,-,-,-,-,4920,-,-,0,0,0,13,4800,4960,9500,5370
TXO,202703,20270317.0,44000.0,Put,-,-,-,-,3020,-,-,0,0,0,2,2870,-,5230,3040
TXO,202703,20270317.0,44200.0,Call,4730,4730,4730,4730,4810,▲+60,▲+1.28%,0,1,1,2,4680,4850,6100,3340
TXO,202703,20270317.0,44200.0,Put,-,-,-,-,3110,-,-,0,0,0,1,2970,-,3040,3040
TXO,202703,20270317.0,44400.0,Call,-,-,-,-,4690,-,-,0,0,0,1,4540,4730,5500,5500
TXO,202703,20270317.0,44400.0,Put,-,-,-,-,3180,-,-,0,0,0,1,3040,-,3130,3130
TXO,202703,20270317.0,44600.0,Call,-,-,-,-,4580,-,-,0,0,0,2,4440,4620,5300,3600
TXO,202703,20270317.0,44600.0,Put,-,-,-,-,3270,-,-,0,0,0,1,3070,-,3210,3210
TXO,202703,20270317.0,44800.0,Call,-,-,-,-,4470,-,-,0,0,0,1,4340,4510,4880,4470
TXO,202703,20270317.0,44800.0,Put,-,-,-,-,3360,-,-,0,0,0,5,0.3,3420,5330,3290
TXO,202703,20270317.0,45000.0,Call,-,-,-,-,4360,-,-,0,0,0,21,4220,-,5180,3280
TXO,202703,20270317.0,45000.0,Put,-,-,-,-,3450,-,-,0,0,0,2,3250,3750,5500,3300
TXO,202703,20270317.0,45200.0,Call,-,-,-,-,4260,-,-,0,0,0,3,4090,-,5400,4800
TXO,202703,20270317.0,45200.0,Put,-,-,-,-,3540,-,-,0,0,0,1,3340,-,3470,3470
TXO,202703,20270317.0,45400.0,Call,-,-,-,-,4150,-,-,0,0,0,1,3930,-,4940,4000
TXO,202703,20270317.0,45400.0,Put,-,-,-,-,3630,-,-,0,0,0,1,3480,-,3560,3560
TXO,202703,20270317.0,45600.0,Call,-,-,-,-,4050,-,-,0,0,0,1,3880,-,4850,4850
TXO,202703,20270317.0,45600.0,Put,-,-,-,-,3730,-,-,0,0,0,1,3580,-,3650,3650
TXO,202703,20270317.0,45800.0,Call,-,-,-,-,3950,-,-,0,0,0,1,3780,-,4720,4720
TXO,202703,20270317.0,45800.0,Put,-,-,-,-,3830,-,-,0,0,0,1,3620,-,3740,3740
TXO,202703,20270317.0,46000.0,Call,-,-,-,-,3830,-,-,0,0,0,10,3680,-,8000,3110
TXO,202703,20270317.0,46000.0,Put,-,-,-,-,3910,-,-,0,0,0,4,0.3,4020,5700,3830
TXO,202703,20270317.0,46200.0,Call,-,-,-,-,3730,-,-,0,0,0,1,3580,-,4510,4510
TXO,202703,20270317.0,46200.0,Put,-,-,-,-,4010,-,-,0,0,0,1,3820,-,3930,3930
TXO,202703,20270317.0,46400.0,Call,-,-,-,-,3630,-,-,0,0,0,1,3480,-,4410,4410
TXO,202703,20270317.0,46400.0,Put,-,-,-,-,4110,-,-,0,0,0,1,3920,-,4020,4020
TXO,202703,20270317.0,46600.0,Call,-,-,-,-,3530,-,-,0,0,0,2,3400,-,7460,7430
TXO,202703,20270317.0,46600.0,Put,-,-,-,-,4200,-,-,0,0,0,1,4070,-,4120,4120
TXO,202703,20270317.0,46800.0,Call,-,-,-,-,3440,-,-,0,0,0,8,3290,-,4200,3240
TXO,202703,20270317.0,46800.0,Put,-,-,-,-,4310,-,-,0,0,0,1,4180,-,4220,4220
TXO,202703,20270317.0,47000.0,Call,-,-,-,-,3340,-,-,0,0,0,7,3210,-,7200,3150
TXO,202703,20270317.0,47000.0,Put,-,-,-,-,4410,-,-,0,0,0,2,4320,4470,4780,4300
TXO,202703,20270317.0,47200.0,Call,-,-,-,-,3260,-,-,0,0,0,1,3110,-,4010,4010
TXO,202703,20270317.0,47200.0,Put,-,-,-,-,4520,-,-,0,0,0,1,4420,4580,4420,4420
TXO,202703,20270317.0,47400.0,Call,-,-,-,-,3160,-,-,0,0,0,1,3020,-,3910,3910
TXO,202703,20270317.0,47400.0,Put,-,-,-,-,4630,-,-,0,0,0,3,4520,4690,4430,4430
TXO,202703,20270317.0,47600.0,Call,-,-,-,-,3080,-,-,0,0,0,1,2940,-,3510,3510
TXO,202703,20270317.0,47600.0,Put,-,-,-,-,4740,-,-,0,0,0,3,4610,4800,4630,4530
TXO,202703,20270317.0,47800.0,Call,-,-,-,-,2980,-,-,0,0,0,1,2850,-,3720,3720
TXO,202703,20270317.0,47800.0,Put,-,-,-,-,4840,-,-,0,0,0,3,4740,4900,4740,4640
TXO,202703,20270317.0,48000.0,Call,-,-,-,-,2900,-,-,0,0,0,2,2770,-,3920,3460
TXO,202703,20270317.0,48000.0,Put,-,-,-,-,4950,-,-,0,0,0,10,4860,5030,8820,4750
TXO,202703,20270317.0,48200.0,Call,-,-,-,-,2820,-,-,0,0,0,3,2680,-,3530,3530
TXO,202703,20270317.0,48200.0,Put,-,-,-,-,5080,-,-,0,0,0,1,4990,5140,4870,4870
TXO,202703,20270317.0,48400.0,Call,-,-,-,-,2750,-,-,0,0,0,3,2600,-,7100,3440
TXO,202703,20270317.0,48400.0,Put,-,-,-,-,5200,-,-,0,0,0,1,5110,5260,4980,4980
TXO,202703,20270317.0,48600.0,Call,-,-,-,-,2660,-,-,0,0,0,4,2530,-,6300,2140
TXO,202703,20270317.0,48600.0,Put,-,-,-,-,5310,-,-,0,0,0,1,5230,5380,5100,5100
TXO,202703,20270317.0,48800.0,Call,-,-,-,-,2570,-,-,0,0,0,1,0.2,2660,2260,2260
TXO,202703,20270317.0,48800.0,Put,-,-,-,-,5420,-,-,0,0,0,1,5350,5500,5210,5210
TXO,202703,20270317.0,49000.0,Call,-,-,-,-,2490,-,-,0,0,0,29,2330,-,6150,2040
TXO,202703,20270317.0,49000.0,Put,-,-,-,-,5530,-,-,0,0,0,5,5470,5630,6880,5330
TXO,202703,20270317.0,49200.0,Call,-,-,-,-,2420,-,-,0,0,0,4,0.2,2550,6280,5840
TXO,202703,20270317.0,49200.0,Put,-,-,-,-,5660,-,-,0,0,0,2,5580,5750,5440,5340
TXO,202703,20270317.0,49400.0,Call,-,-,-,-,2340,-,-,0,0,0,5,2230,-,5760,2950
TXO,202703,20270317.0,49400.0,Put,-,-,-,-,5780,-,-,0,0,0,1,5720,5880,5560,5560
TXO,202703,20270317.0,49600.0,Call,-,-,-,-,2270,-,-,0,0,0,1,2160,-,3030,3030
TXO,202703,20270317.0,49600.0,Put,-,-,-,-,5910,-,-,0,0,0,1,5850,6010,5680,5680
TXO,202703,20270317.0,49800.0,Call,-,-,-,-,2210,-,-,0,0,0,1,2090,-,2950,2950
TXO,202703,20270317.0,49800.0,Put,-,-,-,-,6050,-,-,0,0,0,1,5980,6140,5800,5800
TXO,202703,20270317.0,50000.0,Call,-,-,-,-,2140,-,-,0,0,0,35,2030,-,7300,1800
TXO,202703,20270317.0,50000.0,Put,6220,6220,6220,6220,6170,▼-170,▼-2.66%,0,1,1,20,6100,6270,10120,5930
TXO,202703,20270317.0,50200.0,Call,-,-,-,-,2070,-,-,0,0,0,1,1960,-,5650,2080
TXO,202703,20270317.0,50200.0,Put,-,-,-,-,6300,-,-,0,0,0,1,6250,6400,6050,6050
TXO,202703,20270317.0,50400.0,Call,-,-,-,-,2010,-,-,5,0,5,5,0.2,2110,2860,1750
TXO,202703,20270317.0,50400.0,Put,-,-,-,-,6440,-,-,0,0,0,1,6380,6520,6200,6200
TXO,202703,20270317.0,50600.0,Call,-,-,-,-,1950,-,-,0,0,0,1,1840,-,2800,2240
TXO,202703,20270317.0,50600.0,Put,-,-,-,-,6580,-,-,0,0,0,1,6520,6680,6300,6300
TXO,202703,20270317.0,50800.0,Call,-,-,-,-,1890,-,-,0,0,0,2,1780,-,2580,2440
TXO,202703,20270317.0,50800.0,Put,-,-,-,-,6720,-,-,0,0,0,1,6640,6810,6430,6430
TXO,202703,20270317.0,51000.0,Call,-,-,-,-,1830,-,-,1,0,1,3,0.2,1930,6190,1650
TXO,202703,20270317.0,51000.0,Put,-,-,-,-,6850,-,-,0,0,0,1,6790,6940,6560,6560
TXO,202703,20270317.0,51200.0,Call,-,-,-,-,1770,-,-,0,0,0,3,1660,-,3190,1560
TXO,202703,20270317.0,51200.0,Put,-,-,-,-,6990,-,-,0,0,0,1,6920,7100,6690,6690
TXO,202703,20270317.0,51400.0,Call,-,-,-,-,1720,-,-,0,0,0,1,1560,-,5950,1480
TXO,202703,20270317.0,51400.0,Put,-,-,-,-,7140,-,-,0,0,0,1,7080,7240,6830,6830
TXO,202703,20270317.0,51600.0,Call,-,-,-,-,1660,-,-,0,0,0,5,1550,-,5400,1490
TXO,202703,20270317.0,51600.0,Put,-,-,-,-,7280,-,-,0,0,0,1,7220,7390,6960,6960
TXO,202703,20270317.0,51800.0,Call,-,-,-,-,1610,-,-,0,0,0,1,1500,-,4720,4600
TXO,202703,20270317.0,51800.0,Put,-,-,-,-,7430,-,-,0,0,0,1,7350,7520,7090,7090
TXO,202703,20270317.0,52000.0,Call,-,-,-,-,1560,-,-,0,0,0,13,1380,-,5800,1420
TXO,202703,20270317.0,52000.0,Put,-,-,-,-,7580,-,-,0,0,0,1,7500,7670,7230,7230
TXO,202703,20270317.0,52200.0,Call,-,-,-,-,1510,-,-,0,0,0,1,1400,-,2120,2120
TXO,202703,20270317.0,52200.0,Put,-,-,-,-,7720,-,-,0,0,0,1,7660,7860,7370,7370
TXO,202703,20270317.0,52400.0,Call,-,-,-,-,1460,-,-,0,0,0,1,1350,-,4900,4500
TXO,202703,20270317.0,52400.0,Put,-,-,-,-,7870,-,-,0,0,0,1,7800,8010,7510,7510
TXO,202703,20270317.0,52600.0,Call,-,-,-,-,1410,-,-,0,0,0,2,1300,-,2230,1660
TXO,202703,20270317.0,52600.0,Put,-,-,-,-,8020,-,-,0,0,0,1,7950,8120,7650,7650
TXO,202703,20270317.0,52800.0,Call,-,-,-,-,1370,-,-,0,0,0,1,0.2,-,4470,1350
TXO,202703,20270317.0,52800.0,Put,-,-,-,-,8170,-,-,0,0,0,1,8100,8320,7790,7790
TXO,202703,20270317.0,53000.0,Call,-,-,-,-,1330,-,-,0,0,0,6,1210,-,4850,1180
TXO,202703,20270317.0,53000.0,Put,-,-,-,-,8330,-,-,0,0,0,0,8250,8460,-,-
TXO,202703,20270317.0,53200.0,Call,-,-,-,-,1280,-,-,0,0,0,2,1170,-,4700,1280
TXO,202703,20270317.0,53200.0,Put,-,-,-,-,8480,-,-,0,0,0,1,8410,8630,8070,8070
TXO,202703,20270317.0,53400.0,Call,-,-,-,-,1230,-,-,0,0,0,1,1.4,-,1860,1780
TXO,202703,20270317.0,53400.0,Put,-,-,-,-,8630,-,-,0,0,0,1,8560,8740,8400,8220
TXO,202703,20270317.0,53600.0,Call,-,-,-,-,1190,-,-,0,0,0,2,2.3,-,1890,1730
TXO,202703,20270317.0,53600.0,Put,-,-,-,-,8790,-,-,0,0,0,0,8720,8920,-,-
TXO,202703,20270317.0,53800.0,Call,-,-,-,-,1160,-,-,0,0,0,1,2.3,-,4600,1200
TXO,202703,20270317.0,53800.0,Put,-,-,-,-,8950,-,-,0,0,0,0,8880,9100,-,-
TXO,202703,20270317.0,54000.0,Call,-,-,-,-,1120,-,-,0,0,0,17,955,-,4820,1140
TXO,202703,20270317.0,54000.0,Put,-,-,-,-,9110,-,-,0,0,0,0,9040,9240,-,-
TXO,202703,20270317.0,54200.0,Call,-,-,-,-,1080,-,-,0,0,0,1,975,-,1770,1770
TXO,202703,20270317.0,54200.0,Put,-,-,-,-,9270,-,-,0,0,0,0,9200,9380,-,-
TXO,202703,20270317.0,54400.0,Call,-,-,-,-,1050,-,-,0,0,0,11,2.3,1150,1810,1540
TXO,202703,20270317.0,54400.0,Put,-,-,-,-,9440,-,-,0,0,0,0,9360,9590,-,-
TXO,202703,20270317.0,54600.0,Call,-,-,-,-,1010,-,-,0,0,0,3,905,-,1740,1690
TXO,202703,20270317.0,54600.0,Put,-,-,-,-,9600,-,-,0,0,0,0,9530,9710,-,-
TXO,202703,20270317.0,54800.0,Call,-,-,-,-,980,-,-,0,0,0,1,870,-,1450,1450
TXO,202703,20270317.0,54800.0,Put,-,-,-,-,9760,-,-,0,0,0,0,9690,9880,-,-
TXO,202703,20270317.0,55000.0,Call,-,-,-,-,950,-,-,2,0,2,6,2.5,1050,3600,885
TXO,202703,20270317.0,55000.0,Put,-,-,-,-,9930,-,-,0,0,0,0,9850,10090,-,-
TXO,202703,20270317.0,55200.0,Call,-,-,-,-,910,-,-,0,0,0,2,805,-,4510,1700
TXO,202703,20270317.0,55200.0,Put,-,-,-,-,10090,-,-,0,0,0,0,10020,10260,-,-
TXO,202703,20270317.0,55400.0,Call,-,-,-,-,880,-,-,0,0,0,1,775,-,1320,1320
TXO,202703,20270317.0,55400.0,Put,-,-,-,-,10260,-,-,0,0,0,0,10190,10430,-,-
TXO,202703,20270317.0,55600.0,Call,-,-,-,-,850,-,-,0,0,0,1,745,-,1730,1730
TXO,202703,20270317.0,55600.0,Put,-,-,-,-,10420,-,-,0,0,0,0,10360,10600,-,-
TXO,202703,20270317.0,55800.0,Call,-,-,-,-,820,-,-,0,0,0,2,2.3,915,4340,1240
TXO,202703,20270317.0,55800.0,Put,-,-,-,-,10590,-,-,0,0,0,0,10520,10740,-,-
TXO,202703,20270317.0,56000.0,Call,-,-,-,-,780,-,-,0,0,0,6,690,895,2570,740
TXO,202703,20270317.0,56000.0,Put,-,-,-,-,10750,-,-,0,0,0,0,10690,10940,14710,10440
TXO,202703,20270317.0,56200.0,Call,-,-,-,-,765,-,-,0,0,0,2,665,935,1370,1000
TXO,202703,20270317.0,56200.0,Put,-,-,-,-,10930,-,-,0,0,0,0,10870,11120,-,-
TXO,202703,20270317.0,56400.0,Call,-,-,-,-,755,-,-,0,0,0,1,640,-,1140,1140
TXO,202703,20270317.0,56400.0,Put,-,-,-,-,11120,-,-,0,0,0,0,11040,11270,-,-
TXO,202703,20270317.0,56600.0,Call,-,-,-,-,735,-,-,0,0,0,1,615,-,1760,1220
TXO,202703,20270317.0,56600.0,Put,-,-,-,-,11300,-,-,0,0,0,0,11210,11470,-,-
TXO,202703,20270317.0,56800.0,Call,-,-,-,-,710,-,-,0,0,0,2,590,760,1070,645
TXO,202703,20270317.0,56800.0,Put,-,-,-,-,11470,-,-,0,0,0,0,11380,11650,-,-
TXO,202703,20270317.0,57000.0,Call,-,-,-,-,690,-,-,0,0,0,7,490,765,2950,770
TXO,202703,20270317.0,57000.0,Put,-,-,-,-,11650,-,-,0,0,0,0,11560,11800,-,-
TXO,202703,20270317.0,57200.0,Call,670,670,670,670,670,▲+30,▲+4.69%,0,1,1,15,545,750,3450,670
TXO,202703,20270317.0,57200.0,Put,-,-,-,-,11830,-,-,0,0,0,0,11740,11980,-,-
TXO,202703,20270317.0,57400.0,Call,600,640,600,615,640,▲+10,▲+1.65%,0,14,14,199,525,640,3760,600
TXO,202703,20270317.0,57400.0,Put,-,-,-,-,12000,-,-,0,0,0,0,11910,12160,-,-
