" "," ","#","股票代號/名稱","類別","20260130","0206","0211","0226","0306","0313"," ","走 勢","總增減"," ","上週持有%","今日收盤價","今日漲跌"," "
" "," ","1","8271宇瞻","半導體","1.41","-0.84","4.08","-0.17","0.27","13.56"," ","50","18.31"," ","57.30","173.50","15.50"," "
" "," ","2","3167大量","電機","2.20","-0.41","15.66","1.43","-0.11","-0.57"," ","10","18.20"," ","64.91","390.50","35.50"," "
" "," ","3","2489瑞軒","光電","2.06","-0.08","5.10","4.10","4.85","-0.87"," ","30","15.16"," ","54.45","41.35","3.75"," "
" "," ","4","8112至上","電子通路","3.74","-2.32","0.76","0.94","-0.08","10.24"," ","31","13.28"," ","51.96","87.00","-2.20"," "
" "," ","5","1727中華化","化學","0.97","0.50","-0.38","4.53","1.50","4.65"," ","31","11.77"," ","61.79","60.80","5.50"," "
" "," ","6","8039台虹","電子零組件","4.01","0.27","-0.46","0.66","2.27","3.47"," ","50","10.22"," ","63.29","128.00","0.00"," "
" "," ","7","3645達邁","電子零組件","2.90","-1.52","-0.61","-0.63","-2.26","10.70"," ","31","8.58"," ","50.14","80.90","0.70"," "
" "," ","8","4927泰鼎-KY","電子零組件","1.99","0.84","1.05","9.36","-4.57","-0.13"," ","31","8.54"," ","36.18","44.60","0.65"," "
" "," ","9","3481群創","光電","0.60","-2.37","-0.14","3.20","0.30","6.53"," ","31","8.12"," ","50.78","29.70","-3.25"," "
" "," ","10","2486一詮","光電","10.86","1.10","-0.24","-4.36","-0.25","0.22"," ","50","7.33"," ","46.75","152.00","13.50"," "
" "," ","11","3450聯鈞","半導體","-0.07","1.42","-1.33","9.80","0.35","-3.60"," ","10","6.57"," ","32.50","281.00","6.50"," "
" "," ","12","3028增你強","電子通路","1.61","3.41","-0.79","2.37","-0.09","-0.96"," ","10","5.55"," ","44.38","50.60","0.90"," "
" "," ","13","6861睿生光電","生技醫療業","0.02","-0.15","-0.58","1.58","1.68","2.82"," ","50","5.37"," ","62.79","172.50","-5.00"," "
" "," ","14","3017奇鋐","電腦週邊","2.12","2.00","-0.30","0.16","1.50","-0.22"," ","30","5.26"," ","68.99","1865.00","-10.00"," "
" "," ","15","6213聯茂","電子零組件","-3.32","2.12","2.04","5.90","-2.41","0.75"," ","31","5.08"," ","61.33","137.50","5.00"," "
" "," ","16","2485兆赫","通信網路","1.68","-5.68","-1.24","-1.46","3.61","8.11"," ","50","5.02"," ","34.88","62.00","1.20"," "
" "," ","17","1582信錦","電子零組件","-0.07","-0.43","0.26","0.82","1.30","3.11"," ","50","4.99"," ","35.63","90.30","-1.10"," "
" "," ","18","2436偉詮電","半導體","0.90","-0.55","2.88","1.18","0.65","-0.09"," ","10","4.97"," ","28.24","60.80","2.00"," "
" "," ","19","4956光鋐","光電","0.27","1.02","-1.86","0.73","0.43","4.24"," ","31","4.83"," ","41.88","31.20","2.80"," "
" "," ","20","2355敬鵬","電子零組件","0.83","0.48","-0.07","0.89","1.09","1.59"," ","50","4.81"," ","41.23","42.30","-0.65"," "
" "," ","21","6672騰輝電子-KY","電子零組件","-1.32","6.52","-3.84","3.65","0.09","-0.66"," ","10","4.44"," ","29.99","97.50","1.90"," "
" "," ","22","2515中工","營建","-0.11","0.09","1.85","1.39","0.94","0.07"," ","10","4.23"," ","61.90","16.00","-0.10"," "
" "," ","23","4977眾達-KY","通信網路","-1.02","0.53","-1.31","10.40","-5.12","0.74"," ","31","4.22"," ","22.27","187.00","17.00"," "
" "," ","24","2458義隆","半導體","-0.34","0.46","0.39","-0.07","3.15","0.63"," ","30","4.22"," ","61.06","143.00","0.00"," "
" "," ","25","6202盛群","半導體","0.87","0.24","1.94","1.45","0.33","-0.63"," ","10","4.20"," ","36.57","53.90","-0.50"," "
" "," ","26","2426鼎元","光電","0.02","-0.49","0.08","0.41","-0.16","4.30"," ","31","4.16"," ","47.15","33.85","2.95"," "
" "," ","27","3413京鼎","半導體","2.50","-0.41","0.11","1.23","-0.34","0.76"," ","31","3.85"," ","40.91","305.00","0.00"," "
" "," ","28","2351順德","半導體","3.76","0.40","-0.37","-0.51","-0.78","1.34"," ","31","3.84"," ","64.32","88.90","1.30"," "
" "," ","29","6451訊芯-KY","半導體","-0.11","5.33","-3.09","2.36","-1.17","0.46"," ","31","3.78"," ","69.04","215.50","19.50"," "
" "," ","30","3563牧德","光電","-0.94","1.95","-0.29","0.61","3.70","-1.29"," ","30","3.74"," ","56.44","698.00","56.00"," "
" "," ","31","3060銘異","電腦週邊","3.19","-3.51","1.10","1.45","1.98","-0.76"," ","30","3.45"," ","15.62","27.65","-0.15"," "
" "," ","32","8261富鼎","半導體","-0.39","0.45","-1.02","2.44","0.34","1.61"," ","31","3.43"," ","41.75","111.00","10.00"," "
" "," ","33","3593力銘","電子零組件","3.42","0.00","0.00","0.00","0.00","0.00"," ","32","3.42"," ","61.84","13.00","-0.10"," "
" "," ","34","1466聚隆","紡織","0.21","0.27","1.46","0.04","1.99","-0.56"," ","30","3.41"," ","72.59","18.00","1.25"," "
" "," ","35","3209全科","電子通路","0.02","0.57","1.67","0.41","0.04","0.69"," ","31","3.40"," ","39.87","39.85","2.30"," "
" "," ","36","3030德律","其他電子","-0.77","1.02","-0.76","0.89","1.75","1.27"," ","30","3.40"," ","64.33","277.50","-0.50"," "
" "," ","37","4722國精化","化學","-0.56","0.00","-0.44","6.36","-0.70","-1.32"," ","10","3.34"," ","55.56","185.50","8.50"," "
" "," ","38","1708東鹼","化學","0.84","0.76","0.30","0.50","0.59","0.34"," ","30","3.33"," ","46.03","39.30","0.85"," "
" "," ","39","2409友達","光電","-0.33","-1.21","1.67","-0.04","0.40","2.83"," ","50","3.32"," ","51.33","16.55","-0.70"," "
" "," ","40","3025星通","通信網路","4.31","-0.66","-0.32","-1.25","0.86","0.33"," ","30","3.27"," ","29.99","61.80","0.20"," "
" "," ","41","2467志聖","電子零組件","0.59","-0.09","0.29","0.21","2.59","-0.33"," ","30","3.26"," ","71.14","363.50","-1.50"," "
" "," ","42","1476儒鴻","紡織","-0.03","0.17","0.46","-0.08","3.29","-0.57"," ","30","3.24"," ","86.04","372.00","-6.00"," "
" "," ","43","3029零壹","資訊服務","0.92","0.22","0.04","0.39","1.39","0.25"," ","30","3.21"," ","45.79","115.00","-0.50"," "
" "," ","44","2442新美齊","營建","1.36","0.42","-0.03","-0.01","0.22","1.15"," ","50","3.11"," ","64.62","19.70","-0.25"," "
" "," ","45","6706惠特","光電","5.09","-1.08","-5.38","4.60","3.04","-3.18"," ","10","3.09"," ","28.16","127.50","3.50"," "
" "," ","46","2367燿華","電子零組件","0.95","2.68","-2.52","-1.28","0.92","2.33"," ","50","3.08"," ","34.43","72.60","-0.40"," "
" "," ","47","8464億豐","居家","-0.28","0.18","0.51","0.09","2.78","-0.35"," ","30","2.93"," ","87.52","386.00","-1.00"," "
" "," ","48","5234達興材料","光電","-0.44","1.43","0.39","1.43","0.02","0.09"," ","31","2.92"," ","64.93","394.50","-7.50"," "
" "," ","49","8081致新","半導體","1.19","0.56","-0.18","0.28","1.25","-0.21"," ","30","2.89"," ","41.37","241.50","2.50"," "
" "," ","50","2605新興","航運","2.87","-1.23","0.72","3.36","-0.73","-2.15"," ","10","2.84"," ","49.26","34.75","-0.75"," "
" "," ","51","3023信邦","電子零組件","1.00","0.54","0.65","0.29","-0.08","0.39"," ","31","2.79"," ","67.19","246.50","5.50"," "
" "," ","52","2243宏旭-KY","汽車","0.01","-0.19","0.00","0.66","0.87","1.43"," ","50","2.78"," ","48.28","15.60","0.30"," "
" "," ","53","4564元翎","電機","0.18","0.31","-0.19","0.85","1.02","0.54"," ","30","2.71"," ","41.48","20.05","-0.10"," "
" "," ","54","3665貿聯-KY","其他電子","0.14","-0.20","0.04","1.49","2.23","-1.02"," ","30","2.68"," ","62.11","1590.00","-45.00"," "
" "," ","55","8110華東","半導體","-0.15","1.95","0.02","-1.44","1.94","0.25"," ","30","2.57"," ","57.24","53.20","-0.50"," "
" "," ","56","4540全球傳動","電機","0.65","0.23","-0.51","1.00","1.29","-0.13"," ","30","2.53"," ","38.36","48.60","0.40"," "
" "," ","57","3010華立","電子通路","1.08","-0.17","0.30","0.42","-0.11","0.99"," ","31","2.51"," ","64.92","130.50","0.50"," "
" "," ","58","6691洋基工程","其他電子","0.38","0.47","0.94","0.18","0.36","0.16"," ","30","2.49"," ","70.51","618.00","-18.00"," "
" "," ","59","2461光群雷","其他電子","0.15","0.07","0.16","0.01","-0.14","2.24"," ","31","2.49"," ","42.01","15.45","0.05"," "
" "," ","60","2323中環","光電","0.18","-0.44","0.21","1.17","0.51","0.86"," ","31","2.49"," ","45.72","10.50","-0.90"," "
" "," ","61","2342茂矽","半導體","0.57","1.18","-0.35","0.63","0.15","0.24"," ","31","2.42"," ","38.71","30.75","-0.55"," "
" "," ","62","7795長廣","電子零組件","0.67","-1.25","0.00","0.97","1.29","0.74"," ","30","2.42"," ","75.65","400.00","11.50"," "
" "," ","63","6243迅杰","半導體","1.24","-0.12","0.18","0.11","1.02","-0.03"," ","30","2.40"," ","26.94","32.15","-0.55"," "
" "," ","64","2236百達-KY","汽車","0.02","0.60","0.56","0.12","0.39","0.70"," ","50","2.39"," ","76.38","113.00","-0.50"," "
" "," ","65","1711永光","化學","-0.50","-0.50","-0.95","1.50","1.25","1.55"," ","31","2.35"," ","49.42","32.30","2.90"," "
" "," ","66","6443元晶","光電","0.40","3.80","-3.60","1.31","7.02","-6.61"," ","30","2.32"," ","19.48","50.60","-0.40"," "
" "," ","67","9136巨騰-DR","存託憑證","0.56","0.27","-0.15","-0.69","0.26","2.01"," ","50","2.26"," ","64.65","9.21","-0.24"," "
" "," ","68","6477安集","光電","-0.14","1.27","-1.02","1.21","-0.58","1.51"," ","31","2.25"," ","45.36","39.50","-0.15"," "
" "," ","69","6789采鈺","半導體","0.68","0.25","0.79","0.22","0.92","-0.64"," ","30","2.22"," ","77.36","345.50","-7.50"," "
" "," ","70","2006東和鋼鐵","鋼鐵","0.07","0.06","0.22","0.09","1.00","0.75"," ","30","2.19"," ","81.94","77.70","-3.30"," "
" "," ","71","6456GIS-KY","光電","-0.65","-0.23","0.51","0.66","1.08","0.75"," ","30","2.12"," ","54.27","63.00","-1.30"," "
" "," ","72","3592瑞鼎","半導體","2.55","-0.11","-0.35","0.04","0.84","-0.86"," ","30","2.11"," ","39.57","219.00","-1.00"," "
" "," ","73","2460建通","電子零組件","0.75","0.21","-0.24","-0.16","0.50","1.00"," ","50","2.06"," ","62.88","23.75","0.65"," "
" "," ","74","3026禾伸堂","電子零組件","-0.88","0.53","-0.27","2.84","0.21","-0.39"," ","10","2.04"," ","41.04","108.00","2.50"," "
" "," ","75","3040遠見","其他","0.50","0.45","0.67","0.01","0.18","0.22"," ","50","2.03"," ","69.28","48.55","4.15"," "
" "," ","76","3042晶技","電子零組件","0.21","-0.34","0.40","1.31","0.47","-0.05"," ","10","2.00"," ","58.76","93.50","1.40"," "
" "," ","77","6271同欣電","半導體","1.45","0.91","-0.44","4.04","-3.28","-0.73"," ","31","1.95"," ","52.35","150.00","0.50"," "
" "," ","78","8028昇陽半導體","半導體","-1.30","-1.25","-0.37","2.34","3.14","-0.62"," ","30","1.94"," ","36.72","189.00","15.50"," "
" "," ","79","2883開發金","金融","0.28","0.36","0.51","0.64","0.12","0.03"," ","10","1.94"," ","65.54","20.10","0.10"," "
" "," ","80","3702大聯大","電子通路","0.23","0.11","0.14","0.54","0.47","0.39"," ","10","1.88"," ","83.00","74.50","1.00"," "
" "," ","81","1560中砂","電機","-0.50","0.68","1.13","2.38","-0.49","-1.35"," ","10","1.85"," ","66.57","460.00","4.00"," "
" "," ","82","911608明輝-DR","存託憑證","0.08","0.05","0.03","0.15","0.10","1.44"," ","31","1.85"," ","25.96","3.03","0.03"," "
" "," ","83","3535晶彩科","光電","-0.99","3.53","-2.72","5.18","1.82","-4.99"," ","10","1.83"," ","40.44","126.00","2.00"," "
" "," ","84","2867三商壽","金融","0.39","0.26","0.46","0.43","0.26","0.03"," ","10","1.83"," ","82.50","7.90","-0.02"," "
" "," ","85","2368金像電","電子零組件","1.59","0.63","-0.40","0.24","-1.18","0.93"," ","31","1.81"," ","77.78","935.00","24.00"," "
" "," ","86","2049上銀","電機","0.76","-0.67","0.07","-0.48","2.24","-0.11"," ","30","1.81"," ","64.57","238.50","-5.50"," "
" "," ","87","2382廣達","電腦週邊","0.27","-0.13","0.44","0.60","0.56","0.05"," ","10","1.79"," ","83.43","289.00","0.50"," "
" "," ","88","2903遠百","貿易百貨","0.13","0.60","0.36","0.11","0.12","0.47"," ","50","1.79"," ","78.60","23.25","0.10"," "
" "," ","89","5519隆大","營建","0.06","-0.02","0.10","-0.10","0.51","1.21"," ","50","1.76"," ","60.44","33.90","-1.40"," "
" "," ","90","912000晨訊科-DR","存託憑證","1.00","0.00","0.54","0.08","0.09","0.04"," ","30","1.75"," ","29.97","2.61","-0.02"," "
" "," ","91","3596智易","通信網路","-0.52","-0.54","0.79","0.39","0.64","0.97"," ","50","1.73"," ","73.38","210.00","4.50"," "
" "," ","92","1712興農","化學","0.37","0.08","0.20","0.00","0.55","0.52"," ","30","1.72"," ","59.47","46.15","-0.90"," "
" "," ","93","3708上緯投控","綠能","0.01","1.44","-0.44","0.60","-2.69","2.80"," ","31","1.72"," ","54.23","130.00","1.50"," "
" "," ","94","4536拓凱","運動","-0.09","-0.08","0.17","0.36","0.83","0.51"," ","30","1.70"," ","59.51","159.00","-2.00"," "
" "," ","95","8150南茂","半導體","-0.13","1.58","-0.11","1.04","-0.29","-0.39"," ","10","1.70"," ","66.91","60.50","-0.60"," "
" "," ","96","3714富采","光電","-0.20","0.35","-0.17","0.71","0.31","0.69"," ","31","1.69"," ","44.95","42.75","-0.90"," "
" "," ","97","3583辛耘","半導體","0.15","-0.78","0.08","1.02","0.59","0.61"," ","31","1.67"," ","52.38","384.00","4.00"," "
" "," ","98","6164華興","光電","0.14","0.16","0.39","0.50","-0.32","0.80"," ","31","1.67"," ","23.22","12.55","0.65"," "
" "," ","99","5244弘凱","光電","0.11","0.01","-0.09","0.80","0.10","0.72"," ","31","1.65"," ","48.86","36.85","2.35"," "
" "," ","100","6426統新","通信網路","0.48","1.82","4.21","-1.31","-1.34","-2.22"," ","10","1.64"," ","40.80","142.00","12.50"," "
" "," ","101","6215和椿","其他電子","-0.03","-0.34","-0.02","0.44","1.06","0.53"," ","30","1.64"," ","33.50","111.50","4.00"," "
" "," ","102","4440宜新實業","紡織","0.21","0.21","0.55","0.12","0.26","0.27"," ","50","1.62"," ","54.82","18.05","0.35"," "
" "," ","103","1101台泥","水泥","0.39","0.37","0.25","0.35","0.07","0.18"," ","31","1.61"," ","54.87","24.60","-0.50"," "
" "," ","104","4916事欣科","電腦週邊","2.56","-2.90","-0.94","4.10","-2.20","0.98"," ","31","1.60"," ","28.42","60.70","-0.40"," "
" "," ","105","3311閎暉","通信網路","0.00","0.58","0.00","0.14","0.63","0.25"," ","30","1.60"," ","53.78","31.60","-0.25"," "
" "," ","106","3717聯嘉投控","汽車","0.07","0.50","0.07","0.10","0.47","0.39"," ","30","1.60"," ","43.98","19.00","0.10"," "
" "," ","107","2010春源","鋼鐵","0.18","0.39","0.20","0.27","0.16","0.40"," ","31","1.60"," ","71.57","24.20","0.40"," "
" "," ","108","6024群益期","金融","0.21","0.01","0.01","0.03","0.59","0.73"," ","50","1.58"," ","66.86","56.00","0.60"," "
" "," ","109","3454晶睿","光電","0.51","-0.01","-0.95","0.85","0.94","0.24"," ","30","1.58"," ","70.11","99.40","0.00"," "
" "," ","110","2363矽統","半導體","0.32","-0.32","0.25","0.08","0.71","0.53"," ","30","1.57"," ","32.45","50.60","-0.40"," "
" "," ","111","3532台勝科","半導體","1.14","0.59","0.60","-0.58","-0.60","0.40"," ","31","1.55"," ","87.50","126.00","0.00"," "
" "," ","112","911622泰聚亨-DR","存託憑證","0.02","1.28","0.04","0.01","0.18","0.02"," ","30","1.55"," ","49.76","3.98","-0.15"," "
" "," ","113","1714和桐","化學","0.41","0.33","0.14","0.64","0.13","-0.11"," ","10","1.54"," ","61.03","9.23","0.06"," "
" "," ","114","6197佳必琪","電子零組件","-0.56","-0.16","-0.15","0.68","0.37","1.36"," ","31","1.54"," ","47.33","175.50","4.50"," "
" "," ","115","6834天二科技","電子零組件","0.64","0.05","0.01","0.09","0.62","0.13"," ","30","1.54"," ","65.39","28.35","0.35"," "
" "," ","116","3576聯合再生","光電","0.61","1.59","-1.43","2.26","-1.17","-0.32"," ","31","1.54"," ","38.90","24.00","0.40"," "
" "," ","117","5434崇越","電子通路","0.09","0.34","0.11","0.88","-0.07","0.19"," ","31","1.54"," ","54.41","331.50","-1.00"," "
" "," ","118","6136富爾特","通信網路","0.01","0.05","0.46","0.03","0.37","0.59"," ","50","1.51"," ","43.26","23.75","-0.05"," "
" "," ","119","3591艾笛森","光電","0.17","0.21","0.46","0.07","0.54","0.05"," ","30","1.50"," ","54.09","20.10","1.80"," "
" "," ","120","6415矽力*-KY","半導體","-0.14","0.08","0.46","-0.01","0.46","0.64"," ","50","1.49"," ","78.06","280.00","8.00"," "
" "," ","121","8213志超","電子零組件","0.43","0.15","-0.07","0.66","0.69","-0.38"," ","30","1.48"," ","48.93","33.60","-0.95"," "
" "," ","122","4934太極","光電","0.40","0.46","-0.47","1.41","-0.62","0.30"," ","31","1.48"," ","34.27","18.65","-0.45"," "
" "," ","123","6449鈺邦","電子零組件","-0.03","0.07","0.02","-0.03","1.30","0.14"," ","30","1.47"," ","72.45","160.50","-0.50"," "
" "," ","124","3033威健","電子通路","-0.11","-0.64","1.06","1.04","0.21","-0.10"," ","10","1.46"," ","32.90","30.40","0.05"," "
" "," ","125","2250IKKA-KY","汽車","1.14","1.13","-2.27","1.48","-0.08","0.05"," ","31","1.45"," ","51.89","64.10","-1.20"," "
" "," ","126","4576大銀微系統","電機","0.39","-0.63","0.16","0.76","-0.41","1.18"," ","31","1.45"," ","64.78","121.50","-1.00"," "
" "," ","127","3036文曄","電子通路","0.38","-0.03","0.38","0.30","0.39","0.03"," ","30","1.45"," ","89.87","235.50","4.00"," "
" "," ","128","6446藥華藥","生技醫療業","1.67","0.67","0.05","-0.23","-0.41","-0.32"," ","31","1.43"," ","55.27","657.00","-7.00"," "
" "," ","129","2413環科","電子零組件","-0.16","-0.01","-0.17","5.69","-3.33","-0.61"," ","31","1.41"," ","59.27","46.25","-0.90"," "
" "," ","130","6949沛爾生醫-創","創新板","-0.44","0.50","0.77","0.04","0.41","0.12"," ","30","1.40"," ","71.56","574.00","-3.00"," "
" "," ","131","6224聚鼎","電子零組件","0.00","0.59","0.01","0.55","0.20","0.05"," ","10","1.40"," ","35.65","40.80","0.10"," "
" "," ","132","2208台船","航運","0.93","-0.66","0.75","0.66","0.03","-0.32"," ","10","1.39"," ","57.26","21.50","-0.15"," "
" "," ","133","3003健和興","電子零組件","0.22","0.05","-0.04","0.23","0.59","0.33"," ","30","1.38"," ","56.98","50.30","-1.20"," "
" "," ","134","3419譁裕","通信網路","0.28","0.39","0.27","-0.09","0.15","0.38"," ","50","1.38"," ","31.92","14.85","-0.85"," "
" "," ","135","2488漢平","其他電子","1.12","-0.25","-0.18","0.15","0.44","0.09"," ","30","1.37"," ","49.63","47.60","-0.10"," "
" "," ","136","6405悅城","光電","-1.43","0.67","0.56","0.84","0.45","0.27"," ","10","1.36"," ","53.95","30.85","-0.60"," "
" "," ","137","8016矽創","半導體","-0.39","-0.42","-0.18","1.45","0.62","0.27"," ","10","1.35"," ","40.37","201.00","3.00"," "
" "," ","138","3533嘉澤","電子零組件","0.33","-0.17","0.40","0.50","0.13","0.16"," ","31","1.35"," ","63.79","1750.00","-55.00"," "
" "," ","139","1540喬福","電機","0.75","0.11","0.08","0.00","-0.16","0.56"," ","31","1.34"," ","33.66","22.60","-0.20"," "
" "," ","140","6670復盛應用","運動","0.16","0.04","0.19","0.14","0.12","0.67"," ","31","1.32"," ","79.06","276.00","4.50"," "
" "," ","141","2603長榮","航運","-0.07","-0.29","-0.03","0.62","0.54","0.55"," ","31","1.32"," ","67.27","207.50","-4.00"," "
" "," ","142","2897王道銀行","金融","0.13","0.22","0.37","0.06","0.20","0.34"," ","50","1.32"," ","84.20","9.93","-0.05"," "
" "," ","143","2022聚亨","鋼鐵","0.17","-0.04","0.37","0.27","0.36","0.19"," ","30","1.32"," ","38.83","9.05","0.00"," "
" "," ","144","6988威力暘-創","創新板","0.84","0.53","-0.26","0.06","0.07","0.07"," ","40","1.31"," ","79.21","15.75","0.95"," "
" "," ","145","2401凌陽","半導體","0.55","-0.01","0.05","0.40","0.19","0.12"," ","10","1.30"," ","35.89","20.90","-0.40"," "
" "," ","146","5515建國","營建","0.03","0.48","-0.02","0.13","0.18","0.49"," ","50","1.29"," ","68.60","35.70","-0.40"," "
" "," ","147","2609陽明","航運","-0.09","-0.05","-0.02","1.00","0.35","0.09"," ","10","1.28"," ","59.38","59.20","-2.90"," "
" "," ","148","2069運錩","鋼鐵","0.04","0.53","0.43","0.02","0.09","0.16"," ","50","1.27"," ","60.89","19.15","0.10"," "
" "," ","149","1538正峰","電機","0.00","0.00","1.28","0.23","-0.09","-0.16"," ","10","1.26"," ","78.95","17.65","0.15"," "
" "," ","150","2337旺宏","半導體","3.88","-2.34","6.67","-3.67","0.03","-3.33"," ","30","1.24"," ","51.34","108.50","9.50"," "
" "," ","151","1437勤益控","其他","0.11","0.30","0.44","0.04","0.27","0.06"," ","30","1.22"," ","79.29","31.40","-0.05"," "
" "," ","152","4755三福化","化學","0.32","-0.40","-0.10","0.82","0.36","0.22"," ","10","1.22"," ","72.87","169.50","15.00"," "
" "," ","153","8101華冠","通信網路","0.00","-0.01","0.00","0.02","0.00","1.20"," ","31","1.21"," ","81.60","15.00","0.00"," "
" "," ","154","1409新纖","紡織","0.14","0.08","0.21","0.35","-0.12","0.54"," ","31","1.20"," ","65.52","16.45","0.65"," "
" "," ","155","6515穎崴","半導體","-0.21","-0.12","0.11","0.08","-0.44","1.78"," ","31","1.20"," ","55.96","6285.00","-45.00"," "
" "," ","156","2420新巨","電子零組件","0.31","0.25","0.05","0.37","0.38","-0.17"," ","30","1.19"," ","49.73","50.90","0.00"," "
" "," ","157","5269祥碩","半導體","2.56","-1.17","0.16","0.51","-0.26","-0.62"," ","10","1.18"," ","64.17","1225.00","0.00"," "
" "," ","158","4770上品","化學","-1.10","0.00","0.00","1.07","0.00","1.21"," ","31","1.18"," ","65.48","258.50","-7.50"," "
" "," ","159","2211長榮鋼","鋼鐵","0.16","0.26","-0.25","0.57","0.12","0.32"," ","31","1.18"," ","82.89","103.00","1.50"," "
" "," ","160","3056富華新","營建","0.12","0.22","0.03","0.07","0.15","0.59"," ","50","1.18"," ","30.30","14.95","-0.25"," "
" "," ","161","4961天鈺","半導體","0.58","0.03","0.21","-0.23","-0.01","0.60"," ","50","1.18"," ","41.05","144.50","1.00"," "
" "," ","162","5607遠雄港","航運","-0.08","0.09","-0.07","0.97","0.48","-0.22"," ","10","1.17"," ","74.73","49.25","-0.95"," "
" "," ","163","9902台火","其他","0.43","-0.54","0.45","-0.09","0.19","0.71"," ","50","1.15"," ","55.84","14.80","-0.20"," "
" "," ","164","2404漢唐","其他電子","-2.04","-0.04","0.18","1.04","2.37","-0.37"," ","30","1.14"," ","56.53","1010.00","-55.00"," "
" "," ","165","5471松翰","半導體","-0.51","0.21","-0.27","0.79","0.10","0.82"," ","31","1.14"," ","31.74","41.40","-1.50"," "
" "," ","166","6278台表科","光電","-0.94","-0.69","0.61","1.56","0.39","0.20"," ","10","1.13"," ","65.69","100.00","0.00"," "
" "," ","167","9906欣巴巴","營建","0.05","0.21","0.44","-0.01","0.36","0.07"," ","30","1.12"," ","77.29","41.70","-0.30"," "
" "," ","168","2614東森","其他","0.14","0.04","0.04","0.13","0.15","0.61"," ","50","1.11"," ","46.67","21.00","0.05"," "
" "," ","169","3530晶相光","半導體","0.56","-0.53","0.53","-0.52","0.52","0.54"," ","50","1.10"," ","57.21","59.10","0.30"," "
" "," ","170","1732毛寶","化學","4.71","-2.99","-0.12","-0.43","0.00","-0.07"," ","30","1.10"," ","47.51","26.35","0.00"," "
" "," ","171","5706鳳凰","觀光","0.11","0.00","0.50","0.71","-0.45","0.21"," ","31","1.08"," ","39.94","51.10","-0.10"," "
" "," ","172","3043科風","其他電子","1.11","-0.04","-0.02","0.02","0.01","-0.01"," ","10","1.07"," ","16.94","21.35","0.05"," "
" "," ","173","1590亞德客-KY","電機","-0.06","0.10","0.15","0.40","0.17","0.31"," ","31","1.07"," ","71.84","1020.00","-10.00"," "
" "," ","174","3437榮創","光電","-0.78","0.43","-0.48","-0.32","0.12","2.08"," ","50","1.05"," ","25.86","19.40","1.75"," "
" "," ","175","3543州巧","光電","-2.75","-0.91","-0.52","5.09","0.35","-0.22"," ","10","1.04"," ","59.08","51.50","3.40"," "
" "," ","176","4551智伸科","汽車","0.07","-0.02","0.38","0.35","0.15","0.11"," ","10","1.04"," ","79.37","121.50","0.50"," "
" "," ","177","2345智邦","通信網路","-0.12","-0.07","0.93","-0.24","0.40","0.14"," ","30","1.04"," ","71.33","1420.00","-85.00"," "
" "," ","178","8222寶一","電機","0.40","0.58","0.14","0.55","-0.77","0.14"," ","31","1.04"," ","35.47","37.70","-0.25"," "
" "," ","179","8249菱光","電子零組件","0.46","-0.43","-0.40","0.63","0.13","0.65"," ","31","1.04"," ","57.78","50.90","-0.40"," "
" "," ","180","3031佰鴻","光電","0.25","0.31","-0.24","0.11","-0.16","0.76"," ","31","1.03"," ","60.51","21.35","0.60"," "
" "," ","181","2385群光","電子零組件","-0.17","0.17","0.00","0.15","0.32","0.56"," ","50","1.03"," ","76.53","124.00","0.00"," "
" "," ","182","1316上曜","營建","1.37","-0.35","-0.20","0.09","-0.24","0.36"," ","31","1.03"," ","39.14","12.80","-0.15"," "
" "," ","183","3002歐格","電腦週邊","0.40","0.06","0.59","0.05","-0.06","-0.02"," ","31","1.02"," ","65.66","20.40","0.10"," "
" "," ","184","9910豐泰","運動","0.06","-0.07","-0.04","-0.06","1.29","-0.17"," ","30","1.01"," ","90.76","83.80","-3.00"," "
" "," ","185","1721三晃","化學","0.04","0.08","0.32","0.00","0.26","0.31"," ","50","1.01"," ","35.82","18.95","1.70"," "
" "," ","186","2617台航","航運","0.04","-0.12","-0.18","0.08","0.43","0.75"," ","50","1.00"," ","62.16","31.65","-1.10"," "
" "," ","187","2347聯強","電子通路","0.22","0.11","0.22","0.30","0.09","0.06"," ","10","1.00"," ","86.90","70.20","0.30"," "
" "," ","188","2630亞航","航運","-0.83","-0.24","0.28","1.26","0.27","0.24"," ","10","0.98"," ","66.13","49.55","0.20"," "
" "," ","189","1473台南","紡織","0.37","0.29","0.03","0.10","0.13","0.03"," ","30","0.95"," ","71.98","24.40","0.00"," "
" "," ","190","3011今皓","電子零組件","-1.13","-0.42","-0.01","-0.19","-0.44","3.14"," ","31","0.95"," ","31.80","12.30","-0.10"," "
" "," ","191","9942茂順","其他","0.49","-0.02","0.07","0.47","-0.04","-0.03"," ","31","0.94"," ","52.48","116.50","0.50"," "
" "," ","192","2009第一銅","鋼鐵","4.52","-5.19","0.22","0.81","0.17","0.40"," ","31","0.93"," ","59.69","42.45","-0.80"," "
" "," ","193","2430燦坤","電子通路","-0.02","0.34","0.17","0.10","0.26","0.08"," ","30","0.93"," ","63.98","22.75","-0.05"," "
" "," ","194","1460宏遠","紡織","0.14","0.00","0.14","0.05","0.32","0.28"," ","30","0.93"," ","69.31","6.80","-0.04"," "
" "," ","195","6120達運","光電","-0.05","0.28","-0.31","0.40","0.30","0.30"," ","21","0.92"," ","58.91","13.15","-0.40"," "
" "," ","196","3346麗清","汽車","-0.08","0.03","0.00","-0.02","0.51","0.48"," ","30","0.92"," ","27.44","19.70","0.20"," "
" "," ","197","3034聯詠","半導體","0.15","-0.64","0.34","0.61","0.32","0.14"," ","10","0.92"," ","67.26","388.00","-1.50"," "
" "," ","198","6108競國","電子零組件","0.53","0.05","-0.14","0.03","0.47","-0.03"," ","30","0.91"," ","52.27","15.75","-0.55"," "
" "," ","199","9911櫻花","居家","0.01","0.00","0.20","-0.11","0.17","0.64"," ","50","0.91"," ","69.71","92.30","0.40"," "
" "," ","200","6695芯鼎","半導體","0.19","0.04","0.18","0.45","-0.04","0.07"," ","31","0.89"," ","44.17","39.95","-0.25"," "
" "," ","201","2464盟立","其他電子","-0.20","-0.76","1.89","-1.23","0.47","0.72"," ","50","0.89"," ","32.40","70.90","2.50"," "
" "," ","202","4104佳醫","生技醫療業","-0.07","1.08","-0.05","0.02","-0.05","-0.05"," ","21","0.88"," ","46.13","75.70","-0.60"," "
" "," ","203","3015全漢","電子零組件","-0.20","-0.28","-0.06","0.79","0.67","-0.04"," ","10","0.88"," ","64.40","51.00","0.00"," "
" "," ","204","1527鑽全","電機","0.44","-0.15","-0.02","0.73","-0.63","0.50"," ","31","0.87"," ","30.54","32.50","0.10"," "
" "," ","205","3312弘憶股","電子通路","0.09","0.25","-0.01","0.06","0.38","0.09"," ","30","0.86"," ","45.66","33.20","0.05"," "
" "," ","206","6671三能-KY","居家","0.00","0.03","0.02","0.02","0.03","0.76"," ","50","0.86"," ","73.42","31.45","0.85"," "
" "," ","207","2637慧洋-KY","航運","0.01","-0.01","0.23","0.52","0.18","-0.07"," ","10","0.86"," ","79.18","66.90","-2.30"," "
" "," ","208","8046南電","電子零組件","0.71","0.21","-0.64","0.93","-0.32","-0.03"," ","31","0.86"," ","86.27","515.00","46.50"," "
" "," ","209","6698旭暉應材","其他電子","0.07","0.76","0.03","-0.01","-0.68","0.68"," ","31","0.85"," ","39.52","30.15","0.00"," "
" "," ","210","9955佳龍","綠能","-0.18","-0.01","-0.19","0.72","-0.26","0.77"," ","31","0.85"," ","64.10","35.15","-0.55"," "
" "," ","211","2206三陽工業","汽車","0.12","0.35","0.04","0.08","0.16","0.09"," ","30","0.84"," ","82.52","58.00","-0.30"," "
" "," ","212","3038全台","光電","0.31","0.52","-0.20","0.29","0.05","-0.14"," ","10","0.83"," ","40.01","23.10","0.30"," "
" "," ","213","1236宏亞","食品","0.51","0.10","0.02","-0.02","0.05","0.16"," ","50","0.82"," ","83.26","27.25","-0.10"," "
" "," ","214","2495普安","電腦週邊","-1.05","0.30","0.52","0.39","0.33","0.32"," ","10","0.81"," ","50.60","33.10","2.70"," "
" "," ","215","3027盛達","通信網路","-0.02","-0.10","0.07","0.44","0.47","-0.06"," ","30","0.80"," ","44.42","21.35","-0.45"," "
" "," ","216","2031新光鋼","鋼鐵","0.33","-0.34","0.15","0.32","-0.09","0.42"," ","31","0.79"," ","54.50","39.15","0.30"," "
" "," ","217","6934心誠鎂","生技醫療業","0.00","0.00","0.00","0.00","0.65","0.14"," ","30","0.79"," ","61.40","79.30","0.50"," "
" "," ","218","7711永擎","電腦週邊","-0.02","0.61","-0.04","0.25","0.02","-0.04"," ","10","0.78"," ","62.35","197.50","-4.00"," "
" "," ","219","3661世芯-KY","半導體","0.50","-0.18","-0.26","0.98","-1.35","1.09"," ","31","0.78"," ","34.03","3190.00","-125.00"," "
" "," ","220","2241艾姆勒","汽車","-0.05","0.17","-0.30","0.07","0.30","0.58"," ","50","0.77"," ","40.79","28.90","-0.45"," "
" "," ","221","6525捷敏-KY","半導體","0.46","-0.04","0.01","0.11","0.17","0.06"," ","30","0.77"," ","66.19","84.70","0.80"," "
" "," ","222","1323永裕","塑膠","0.11","0.20","0.07","0.03","0.14","0.22"," ","50","0.77"," ","70.31","18.55","0.00"," "
" "," ","223","910322康師傅-DR","存託憑證","0.00","-0.82","0.92","0.33","0.22","0.12"," ","10","0.77"," ","28.75","26.00","-0.15"," "
" "," ","224","2451創見","半導體","1.50","-0.20","-0.19","-0.91","-0.18","0.74"," ","50","0.76"," ","79.20","236.00","10.50"," "
" "," ","225","2537聯上發","營建","0.04","0.13","0.16","0.00","0.32","0.11"," ","30","0.76"," ","55.48","10.10","0.00"," "
" "," ","226","6491晶碩","生技醫療業","0.00","0.54","0.63","0.20","-0.56","-0.07"," ","31","0.74"," ","61.34","278.00","-2.00"," "
" "," ","227","2033佳大","鋼鐵","0.03","0.02","0.53","-0.33","0.13","0.36"," ","50","0.74"," ","74.99","16.20","0.20"," "
" "," ","228","1215卜蜂","食品","-0.10","0.11","0.05","0.25","0.65","-0.22"," ","30","0.74"," ","66.19","153.50","-1.50"," "
" "," ","229","4532瑞智","電機","0.13","0.09","0.06","0.27","-0.10","0.29"," ","31","0.74"," ","70.94","26.15","-0.25"," "
" "," ","230","8473山林水","綠能","0.27","0.00","-0.29","0.15","0.59","0.01"," ","30","0.73"," ","66.90","37.75","0.65"," "
" "," ","231","6669緯穎","電腦週邊","-0.15","0.43","0.42","-0.61","0.38","0.26"," ","30","0.73"," ","65.19","4070.00","-15.00"," "
" "," ","232","2606裕民","航運","0.61","-0.61","0.36","0.67","0.58","-0.89"," ","10","0.72"," ","73.06","58.60","-1.50"," "
" "," ","233","5907大洋-KY","貿易百貨","-0.29","0.13","0.05","0.03","0.37","0.42"," ","50","0.71"," ","69.95","5.91","0.02"," "
" "," ","234","2645長榮航太","航運","-0.07","0.34","-0.12","0.44","0.19","-0.07"," ","10","0.71"," ","82.72","160.50","1.00"," "
" "," ","235","2636台驊投控","航運","-0.03","0.08","0.12","0.06","0.01","0.47"," ","31","0.71"," ","41.13","69.00","-0.40"," "
" "," ","236","1720生達","生技醫療業","0.11","0.01","0.04","0.38","-0.28","0.44"," ","31","0.70"," ","66.37","62.90","-0.60"," "
" "," ","237","6206飛捷","電腦週邊","-0.47","-0.11","0.80","-0.09","0.17","0.39"," ","50","0.69"," ","48.14","103.50","1.50"," "
" "," ","238","2527宏璟","營建","0.06","0.01","0.23","0.19","0.37","-0.17"," ","30","0.69"," ","78.42","29.00","-0.10"," "
" "," ","239","1524耿鼎","汽車","-0.30","0.61","-0.10","-0.33","1.00","-0.19"," ","30","0.69"," ","39.90","29.15","0.10"," "
" "," ","240","9933中鼎","其他","-0.34","-0.56","-0.06","-0.20","-0.07","1.91"," ","50","0.68"," ","56.70","33.85","-0.40"," "
" "," ","241","3447展達","通信網路","0.00","0.00","0.00","0.00","0.63","0.05"," ","30","0.68"," ","59.62","42.60","1.05"," "
" "," ","242","2884玉山金","金融","0.14","0.25","0.07","0.18","0.10","-0.07"," ","10","0.67"," ","71.42","33.05","0.00"," "
" "," ","243","3005神基","電腦週邊","-0.74","-0.13","-0.16","0.07","0.43","1.19"," ","50","0.66"," ","79.08","136.00","0.00"," "
" "," ","244","1733五鼎","生技醫療業","-0.05","0.59","0.08","0.02","-0.09","0.11"," ","31","0.66"," ","40.62","29.10","-0.40"," "
" "," ","245","2739寒舍","觀光","0.02","0.01","0.00","0.07","0.51","0.05"," ","30","0.66"," ","73.22","33.90","-0.20"," "
" "," ","246","6226光鼎","光電","0.35","0.09","0.06","0.05","0.07","0.04"," ","30","0.66"," ","25.13","10.05","0.87"," "
" "," ","247","1723中碳","化學","0.00","0.06","0.06","0.31","-0.27","0.49"," ","31","0.65"," ","50.81","76.10","5.80"," "
" "," ","248","6835圓裕","電子零組件","-0.03","0.45","-0.60","0.03","0.00","0.80"," ","31","0.65"," ","76.70","38.80","0.10"," "
" "," ","249","2481強茂","半導體","0.34","-0.77","-1.83","0.71","-0.24","2.44"," ","31","0.65"," ","61.04","96.90","2.10"," "
" "," ","250","5215科嘉-KY","電腦週邊","0.10","0.16","0.16","0.13","0.09","0.00"," ","10","0.64"," ","50.46","37.10","0.05"," "
" "," ","251","1783和康生","生技醫療業","0.11","0.13","0.01","-0.01","-0.02","0.42"," ","31","0.64"," ","63.66","43.30","-0.35"," "
" "," ","252","2505國揚","營建","0.06","0.08","0.12","0.16","0.05","0.16"," ","31","0.63"," ","79.38","19.15","0.65"," "
" "," ","253","2731雄獅","觀光","0.52","0.93","1.06","-1.07","-0.44","-0.37"," ","50","0.63"," ","55.60","173.50","-2.00"," "
" "," ","254","2516新建","營建","0.12","0.18","0.47","-0.06","0.02","-0.11"," ","30","0.62"," ","69.72","13.75","-0.15"," "
" "," ","255","3528安馳","電子通路","0.63","0.07","0.72","-0.64","-0.71","0.55"," ","31","0.62"," ","64.74","62.10","-0.20"," "
" "," ","256","2395研華","電腦週邊","0.03","-0.28","0.02","0.06","0.18","0.60"," ","50","0.61"," ","85.44","342.50","-2.50"," "
" "," ","257","2027大成鋼","鋼鐵","1.83","-0.49","-0.33","-0.03","-0.12","-0.25"," ","10","0.61"," ","68.71","36.55","-0.30"," "
" "," ","258","3545敦泰","半導體","-0.22","-0.01","-0.01","0.18","0.49","0.18"," ","30","0.61"," ","22.41","43.20","-0.40"," "
" "," ","259","2912統一超","貿易百貨","0.03","0.23","0.09","0.16","0.07","0.03"," ","10","0.61"," ","83.62","218.50","3.50"," "
" "," ","260","3062建漢","通信網路","0.45","0.00","-0.22","0.94","0.03","-0.60"," ","10","0.60"," ","28.25","23.35","-0.05"," "
" "," ","261","1752南光","生技醫療業","0.01","0.01","0.00","0.00","0.45","0.13"," ","30","0.60"," ","63.18","36.55","-0.05"," "
" "," ","262","2477美隆電","其他電子","0.20","0.05","-0.14","0.04","0.09","0.36"," ","50","0.60"," ","73.61","24.50","0.25"," "
" "," ","263","2915潤泰全","貿易百貨","-0.07","0.09","0.15","0.33","-0.09","0.19"," ","31","0.60"," ","68.08","51.70","0.00"," "
" "," ","264","2102泰豐","橡膠","0.22","0.19","-0.37","0.45","-0.11","0.22"," ","31","0.60"," ","79.02","18.70","-0.30"," "
" "," ","265","1446宏和","紡織","-0.11","-0.30","0.57","0.06","0.11","0.26"," ","50","0.59"," ","68.70","16.40","0.10"," "
" "," ","266","2419仲琦","通信網路","0.18","-0.03","-0.06","0.07","0.62","-0.19"," ","30","0.59"," ","65.79","29.35","0.25"," "
" "," ","267","2851中再保","金融","-0.12","0.13","0.10","0.28","0.23","-0.03"," ","10","0.59"," ","70.17","28.90","0.05"," "
" "," ","268","1515力山","電機","0.04","0.18","0.01","0.08","0.23","0.04"," ","30","0.58"," ","52.98","24.85","-0.15"," "
" "," ","269","2428興勤","電子零組件","-0.05","-0.19","0.10","1.95","-0.04","-1.19"," ","10","0.58"," ","62.60","160.00","2.00"," "
" "," ","270","6216居易","通信網路","-0.08","-0.05","0.21","0.03","0.44","0.03"," ","30","0.58"," ","39.43","25.50","-0.10"," "
" "," ","271","1451年興","紡織","0.07","0.01","0.01","0.02","0.27","0.20"," ","30","0.58"," ","62.41","17.80","-0.10"," "
" "," ","272","3716中化控股","生技醫療業","0.08","0.07","0.06","0.08","0.18","0.11"," ","30","0.58"," ","53.22","33.40","-0.10"," "
" "," ","273","1531高林股","電機","0.23","0.04","0.26","-0.01","0.05","0.01"," ","30","0.58"," ","62.77","12.20","0.55"," "
" "," ","274","1445大宇","紡織","0.28","0.37","-0.24","0.08","0.04","0.04"," ","21","0.57"," ","67.49","13.00","-0.20"," "
" "," ","275","3048益登","電子通路","0.26","-0.19","0.11","1.08","-0.64","-0.05"," ","31","0.57"," ","44.77","37.90","0.60"," "
" "," ","276","1737臺鹽","食品","0.08","0.08","0.09","0.07","0.16","0.09"," ","30","0.57"," ","63.39","31.60","0.05"," "
" "," ","277","8926台汽電","油電燃氣","-0.11","0.09","0.24","0.41","0.13","-0.20"," ","10","0.56"," ","60.58","46.10","0.20"," "
" "," ","278","4919新唐","半導體","-0.89","-0.06","0.37","1.22","-0.67","0.59"," ","31","0.56"," ","62.76","83.80","0.10"," "
" "," ","279","3653健策","電子零組件","0.19","0.41","-0.27","0.21","0.36","-0.34"," ","30","0.56"," ","69.18","3245.00","-195.00"," "
" "," ","280","1303南亞","塑膠","0.26","0.06","0.53","1.13","-0.77","-0.66"," ","31","0.55"," ","83.05","83.50","6.00"," "
" "," ","281","3617碩天","其他電子","-0.02","0.10","-0.02","0.47","-0.09","0.11"," ","31","0.55"," ","66.77","178.00","-1.50"," "
" "," ","282","2340台亞","半導體","-0.65","0.54","-0.25","0.11","0.48","0.32"," ","30","0.55"," ","37.22","27.15","0.65"," "
" "," ","283","4938和碩","電腦週邊","-0.29","-0.08","0.07","0.39","-0.11","0.57"," ","31","0.55"," ","77.22","75.80","-1.30"," "
" "," ","284","1805寶徠","營建","0.35","0.02","0.03","-0.02","0.05","0.12"," ","50","0.55"," ","77.29","10.25","0.00"," "
" "," ","285","9110越南控-DR","存託憑證","0.08","0.26","0.07","0.05","0.04","0.05"," ","31","0.55"," ","43.04","3.16","-0.02"," "
" "," ","286","9929秋雨","其他","0.01","0.00","0.00","0.00","0.52","0.01"," ","30","0.54"," ","88.34","10.10","-0.30"," "
" "," ","287","4555氣立","電機","0.59","-0.10","-0.03","-0.06","0.03","0.11"," ","50","0.54"," ","69.56","35.05","-0.05"," "
" "," ","288","6416瑞祺電通","通信網路","0.01","0.03","-0.53","0.66","0.32","0.05"," ","10","0.54"," ","45.10","81.90","-0.30"," "
" "," ","289","2727王品","觀光","-0.21","-0.74","0.46","-0.11","-0.29","1.42"," ","31","0.53"," ","33.75","228.00","-2.00"," "
" "," ","290","2913農林","貿易百貨","0.26","-0.16","0.03","0.22","0.04","0.14"," ","31","0.53"," ","58.35","12.25","0.00"," "
" "," ","291","9927泰銘","其他","0.34","-0.32","0.37","0.02","0.08","0.04"," ","30","0.53"," ","58.34","66.80","0.20"," "
" "," ","292","6782視陽","生技醫療業","0.14","-0.74","0.13","0.44","0.37","0.18"," ","10","0.52"," ","47.45","190.50","1.50"," "
" "," ","293","1308亞聚","塑膠","0.32","-0.10","-0.08","0.57","-0.07","-0.12"," ","10","0.52"," ","53.30","14.95","-0.40"," "
" "," ","294","6592和潤企業","其他","0.26","-0.10","-0.10","0.08","0.00","0.38"," ","31","0.52"," ","79.47","62.60","-1.20"," "
" "," ","295","2543皇昌","營建","-0.05","-0.21","-0.15","0.08","0.38","0.47"," ","50","0.52"," ","74.99","73.50","-1.10"," "
" "," ","296","3588通嘉","半導體","0.41","0.37","-0.09","-0.49","0.06","0.26"," ","50","0.52"," ","24.97","49.60","-0.30"," "
" "," ","297","2820華票","金融","-0.05","0.08","0.32","0.11","0.01","0.04"," ","31","0.51"," ","66.73","17.05","0.05"," "
" "," ","298","2887台新金","金融","0.17","0.11","0.20","0.02","-0.04","0.05"," ","31","0.51"," ","73.09","24.75","0.10"," "
" "," ","299","2889國票金","金融","0.11","0.10","0.27","0.07","0.00","-0.04"," ","10","0.51"," ","74.88","16.30","-0.25"," "
" "," ","300","4426利勤","紡織","0.79","-0.11","-0.34","0.06","0.04","0.06"," ","31","0.50"," ","61.26","9.07","-0.04"," "
" "," ","301","2509全坤建","營建","0.03","0.07","0.04","-0.07","0.21","0.22"," ","50","0.50"," ","68.59","13.85","-0.20"," "
" "," ","302","2748雲品","觀光","-0.01","0.38","0.06","0.03","-0.42","0.46"," ","31","0.50"," ","61.74","40.00","-0.40"," "
" "," ","303","6965中傑-KY","運動","0.04","0.13","0.02","0.05","0.08","0.18"," ","50","0.50"," ","91.46","82.50","-0.90"," "
" "," ","304","4562穎漢","電機","0.31","-0.01","0.02","0.02","0.07","0.08"," ","50","0.49"," ","52.39","32.85","0.15"," "
" "," ","305","8341日友","綠能","0.02","-0.02","0.04","0.05","0.38","0.02"," ","30","0.49"," ","49.58","76.70","-0.10"," "
" "," ","306","3605宏致","電子零組件","-0.19","0.55","-0.20","0.75","-0.02","-0.40"," ","10","0.49"," ","45.59","59.60","-0.40"," "
" "," ","307","2107厚生","橡膠","0.09","0.04","0.08","0.03","0.22","0.03"," ","30","0.49"," ","58.95","25.00","0.00"," "
" "," ","308","6283淳安","其他電子","0.13","0.02","-0.02","0.08","0.01","0.26"," ","31","0.48"," ","60.88","20.80","-0.25"," "
" "," ","309","2375凱美","電子零組件","-0.28","-0.56","0.58","0.92","0.62","-0.80"," ","10","0.48"," ","28.64","80.50","0.70"," "
" "," ","310","6464台數科","其他","0.00","0.04","0.32","0.02","0.05","0.04"," ","30","0.47"," ","84.22","75.30","-0.20"," "
" "," ","311","1713國化","化學","-0.01","-0.29","0.31","0.02","0.32","0.12"," ","30","0.47"," ","72.68","46.90","0.00"," "
" "," ","312","2015豐興","鋼鐵","0.16","0.15","0.08","0.01","-0.07","0.14"," ","31","0.47"," ","88.86","67.10","-1.80"," "
" "," ","313","6799來頡","半導體","1.01","0.02","-0.67","0.07","-0.10","0.14"," ","31","0.47"," ","36.19","76.80","1.20"," "
" "," ","314","4119旭富","生技醫療業","-0.01","0.34","0.00","0.25","-0.28","0.16"," ","31","0.46"," ","45.62","54.10","0.70"," "
" "," ","315","1604聲寶","電器電纜","0.05","0.08","0.03","0.07","0.06","0.17"," ","31","0.46"," ","58.22","25.00","0.10"," "
" "," ","316","9912偉聯","電腦週邊","0.17","0.14","0.07","0.06","0.19","-0.17"," ","30","0.46"," ","58.44","12.20","0.00"," "
" "," ","317","2906高林","貿易百貨","0.25","-0.04","0.14","-0.05","0.10","0.05"," ","30","0.45"," ","64.55","12.65","-0.15"," "
" "," ","318","6205詮欣","電子零組件","-0.71","0.00","0.01","0.57","0.65","-0.08"," ","30","0.44"," ","43.99","57.00","5.10"," "
" "," ","319","8462柏文","運動","-0.74","-0.33","0.43","0.81","-0.06","0.33"," ","31","0.44"," ","66.93","145.50","2.00"," "
" "," ","320","8105凌巨","光電","0.34","-0.60","0.17","0.14","0.16","0.23"," ","50","0.44"," ","58.32","12.75","-0.35"," "
" "," ","321","2329華泰","半導體","0.22","0.24","0.03","-0.21","0.28","-0.12"," ","30","0.44"," ","53.91","52.60","0.40"," "
" "," ","322","4552力達-KY","電機","0.04","0.03","0.02","0.37","-0.39","0.37"," ","31","0.44"," ","49.10","23.10","0.30"," "
" "," ","323","2832台產","金融","0.10","-0.08","0.30","-0.02","0.02","0.11"," ","50","0.43"," ","69.29","47.90","-0.35"," "
" "," ","324","2305全友","電腦週邊","0.43","0.02","-0.03","0.22","-0.04","-0.18"," ","10","0.42"," ","68.23","14.40","-0.10"," "
" "," ","325","3607谷崧","電子零組件","0.61","-0.29","-1.19","0.74","-0.24","0.79"," ","31","0.42"," ","33.61","14.55","0.55"," "
" "," ","326","8374羅昇","電機","-0.02","0.00","0.41","0.38","-0.32","-0.03"," ","31","0.42"," ","72.20","73.50","0.60"," "
" "," ","327","1340勝悅-KY","塑膠","0.01","0.42","0.29","-0.27","0.00","-0.03"," ","30","0.42"," ","34.20","7.40","0.02"," "
" "," ","328","1467南緯","紡織","-0.03","0.04","0.37","0.02","-0.01","0.02"," ","31","0.41"," ","66.00","7.09","-0.12"," "
" "," ","329","1325恆大","塑膠","0.98","-0.37","0.00","-0.20","0.05","-0.05"," ","30","0.41"," ","46.55","27.50","0.35"," "
" "," ","330","2390云辰","其他電子","-0.18","0.30","0.21","0.14","-0.09","0.02"," ","31","0.40"," ","37.40","9.71","-0.11"," "
" "," ","331","2362藍天","電腦週邊","0.09","-0.14","0.23","0.13","-0.08","0.17"," ","31","0.40"," ","80.19","39.30","0.20"," "
" "," ","332","2546根基","營建","0.00","0.09","0.30","0.00","0.00","0.01"," ","41","0.40"," ","61.88","83.40","-0.30"," "
" "," ","333","2412中華電","通信網路","0.12","-0.02","-0.02","0.16","0.15","0.01"," ","10","0.40"," ","79.26","136.00","0.00"," "
" "," ","334","6830汎銓","其他電子","-0.07","4.62","-4.44","3.69","-2.55","-0.85"," ","31","0.40"," ","37.92","349.50","-38.50"," "
" "," ","335","1217愛之味","食品","0.26","0.14","0.02","-0.08","0.04","0.01"," ","30","0.39"," ","60.88","10.25","0.05"," "
" "," ","336","3092鴻碩","電子零組件","-0.91","0.42","0.00","0.65","1.80","-1.57"," ","30","0.39"," ","35.62","32.10","0.25"," "
" "," ","337","2890永豐金","金融","0.05","0.10","0.15","0.10","-0.01","0.00"," ","31","0.39"," ","80.57","31.75","-0.15"," "
" "," ","338","2371大同","電機","1.31","-0.24","0.09","-0.17","-0.66","0.06"," ","31","0.39"," ","50.79","31.80","-0.40"," "
" "," ","339","1438三地開發","營建","0.10","0.05","0.05","0.10","0.02","0.07"," ","31","0.39"," ","82.80","29.65","-0.40"," "
" "," ","340","1463強盛","紡織","0.05","0.00","0.02","0.06","0.16","0.10"," ","30","0.39"," ","80.40","17.95","0.15"," "
" "," ","341","2204中華","汽車","-0.18","-0.04","0.69","-0.05","0.05","-0.09"," ","30","0.38"," ","73.81","56.80","-0.70"," "
" "," ","342","2506太設","營建","0.02","0.00","0.16","0.01","0.02","0.17"," ","50","0.38"," ","76.17","8.92","-0.04"," "
" "," ","343","1702南僑","食品","-0.03","0.26","-0.14","0.17","0.25","-0.13"," ","30","0.38"," ","57.81","35.60","-0.25"," "
" "," ","344","5283禾聯碩","電器電纜","0.33","0.00","0.03","0.00","0.00","0.01"," ","41","0.37"," ","58.33","56.70","0.10"," "
" "," ","345","6183關貿","資訊服務","0.05","0.08","0.04","0.00","0.06","0.14"," ","50","0.37"," ","78.00","93.50","-0.30"," "
" "," ","346","4904遠傳","通信網路","-0.02","0.14","0.15","0.18","-0.01","-0.07"," ","10","0.37"," ","93.20","91.80","-0.40"," "
" "," ","347","2762世界健身-KY","運動","0.01","0.37","0.02","0.00","0.00","-0.03"," ","20","0.37"," ","86.54","74.00","-0.90"," "
" "," ","348","2303聯電","半導體","0.17","-0.21","0.11","0.25","0.20","-0.15"," ","10","0.37"," ","74.90","59.50","-1.10"," "
" "," ","349","1568倉佑","汽車","0.25","0.03","0.01","0.00","0.00","0.07"," ","41","0.36"," ","61.54","22.15","0.05"," "
" "," ","350","6142友勁","通信網路","0.22","0.00","-0.01","0.03","0.19","-0.07"," ","30","0.36"," ","57.73","9.75","0.19"," "
" "," ","351","2002中鋼","鋼鐵","0.50","0.10","0.14","0.26","-0.49","-0.15"," ","31","0.36"," ","54.39","19.10","-0.25"," "
" "," ","352","2020美亞","鋼鐵","0.11","-0.02","0.17","0.04","-0.14","0.20"," ","31","0.36"," ","50.19","23.80","-0.20"," "
" "," ","353","9935慶豐富","居家","0.02","-0.06","-0.27","-0.26","0.33","0.59"," ","50","0.35"," ","60.31","19.55","-0.05"," "
" "," ","354","2399映泰","電腦週邊","0.70","-1.11","0.09","0.86","-0.99","0.80"," ","31","0.35"," ","24.90","26.25","0.10"," "
" "," ","355","6558興能高","其他電子","-0.12","-0.01","0.00","0.23","0.20","0.05"," ","10","0.35"," ","40.94","30.10","0.30"," "
" "," ","356","4414如興","紡織","0.26","-0.09","0.03","0.02","-0.06","0.19"," ","31","0.35"," ","62.61","11.40","1.00"," "
" "," ","357","2705六福","觀光","-0.04","0.09","-0.11","-0.01","0.16","0.26"," ","50","0.35"," ","64.71","16.50","0.20"," "
" "," ","358","2612中航","航運","0.79","-0.62","0.29","0.36","-0.05","-0.43"," ","10","0.34"," ","74.28","57.30","-2.80"," "
" "," ","359","6442光聖","通信網路","1.34","2.62","0.42","0.04","-3.71","-0.37"," ","31","0.34"," ","59.10","1690.00","0.00"," "
" "," ","360","6869雲豹能源-創","綠能","-0.29","0.31","-0.77","0.58","0.29","0.21"," ","10","0.33"," ","53.83","103.50","-4.00"," "
" "," ","361","2434統懋","半導體","0.03","0.07","0.07","0.03","0.04","0.09"," ","50","0.33"," ","80.03","29.60","0.00"," "
" "," ","362","2440太空梭","電子零組件","0.24","0.00","0.00","0.05","-0.04","0.08"," ","31","0.33"," ","69.15","14.50","-0.20"," "
" "," ","363","1537廣隆","電機","0.08","0.10","0.00","0.04","0.07","0.03"," ","30","0.32"," ","51.67","125.00","1.50"," "
" "," ","364","2357華碩","電腦週邊","-0.14","-0.20","0.31","0.18","-0.07","0.24"," ","31","0.32"," ","71.33","589.00","8.00"," "
" "," ","365","1810和成","玻璃","0.45","-0.23","0.07","0.00","0.20","-0.17"," ","30","0.32"," ","66.96","17.70","0.05"," "
" "," ","366","2483百容","電子零組件","-0.68","-0.44","0.51","0.41","0.31","0.21"," ","10","0.32"," ","62.86","21.45","0.00"," "
" "," ","367","8443阿瘦","貿易百貨","0.02","0.04","0.03","0.03","0.12","0.07"," ","30","0.31"," ","68.61","11.80","-0.05"," "
" "," ","368","2816旺旺保","金融","0.01","0.05","0.07","0.06","0.05","0.07"," ","31","0.31"," ","79.29","29.95","-0.55"," "
" "," ","369","1110東泥","水泥","-0.02","0.09","0.11","0.05","-0.01","0.09"," ","31","0.31"," ","93.86","15.85","0.00"," "
" "," ","370","4108懷特","生技醫療業","0.05","0.04","0.01","0.00","0.08","0.13"," ","50","0.31"," ","29.65","13.45","-0.10"," "
" "," ","371","911868同方友友-DR","存託憑證","-0.09","-0.14","0.22","0.68","-0.29","-0.07"," ","31","0.31"," ","32.12","1.27","0.00"," "
" "," ","372","4583台灣精銳","電機","-0.53","0.52","0.07","-0.06","0.11","0.20"," ","50","0.31"," ","85.90","631.00","-10.00"," "
" "," ","373","1219福壽","食品","-0.04","0.23","0.05","-0.08","0.05","0.10"," ","50","0.31"," ","61.32","13.55","0.05"," "
" "," ","374","2358廷鑫","其他","0.00","0.00","0.00","0.30","0.00","0.01"," ","31","0.31"," ","27.53","",""," "
" "," ","375","2540愛山林","營建","-0.04","-0.01","0.06","0.01","0.16","0.11"," ","30","0.29"," ","89.79","46.35","-0.45"," "
" "," ","376","1435中福","其他","0.28","0.00","0.01","0.00","0.00","0.00"," ","32","0.29"," ","94.90","19.05","-0.55"," "
" "," ","377","2911麗嬰房","貿易百貨","0.03","0.04","0.04","0.05","0.04","0.09"," ","31","0.29"," ","44.70","5.26","-0.03"," "
" "," ","378","2349錸德","光電","0.66","-1.00","0.09","1.16","-0.76","0.13"," ","31","0.28"," ","25.95","12.90","-0.20"," "
" "," ","379","1718中纖","化學","0.13","0.08","0.00","0.05","-0.05","0.07"," ","31","0.28"," ","56.03","7.50","-0.19"," "
" "," ","380","1321大洋","塑膠","0.08","0.24","-0.12","0.02","0.06","0.00"," ","30","0.28"," ","68.76","33.10","-0.60"," "
" "," ","381","1218泰山","食品","-0.04","0.00","-0.01","0.01","0.02","0.29"," ","50","0.27"," ","68.99","19.15","0.10"," "
" "," ","382","4739康普","化學","-0.21","-1.13","-0.01","1.05","0.48","0.09"," ","10","0.27"," ","43.61","77.90","2.00"," "
" "," ","383","2880華南金","金融","0.08","0.02","0.07","0.12","0.00","-0.02"," ","10","0.27"," ","81.04","33.85","0.00"," "
" "," ","384","1734杏輝","生技醫療業","0.01","0.05","0.01","0.08","0.05","0.07"," ","31","0.27"," ","45.08","30.85","-0.05"," "
" "," ","385","5531鄉林","營建","0.01","0.08","0.05","0.05","0.04","0.04"," ","21","0.27"," ","85.58","8.94","0.15"," "
" "," ","386","1597直得","電機","-0.02","0.11","0.23","-0.94","0.40","0.49"," ","50","0.27"," ","48.03","75.60","0.40"," "
" "," ","387","1443立益物流","其他","0.04","0.04","0.01","0.02","0.07","0.07"," ","40","0.25"," ","89.30","24.80","-0.05"," "
" "," ","388","1452宏益","紡織","0.06","0.04","0.00","0.01","0.04","0.10"," ","50","0.25"," ","47.30","11.10","-0.10"," "
" "," ","389","9925新保","其他","-0.06","-0.05","0.00","0.02","0.17","0.17"," ","40","0.25"," ","69.35","40.70","0.00"," "
" "," ","390","2365昆盈","電腦週邊","0.02","-0.38","-0.75","0.70","-0.49","1.15"," ","31","0.25"," ","20.84","34.80","0.05"," "
" "," ","391","1315達新","塑膠","-0.16","0.00","0.00","0.00","0.00","0.41"," ","41","0.25"," ","80.73","63.30","-0.30"," "
" "," ","392","2514龍邦","其他","0.09","-0.12","0.10","0.00","0.08","0.09"," ","50","0.24"," ","88.73","13.70","0.00"," "
" "," ","393","2373震旦行","其他電子","0.17","0.02","0.00","0.01","0.02","0.02"," ","40","0.24"," ","87.34","55.30","0.20"," "
" "," ","394","3504揚明光","光電","0.06","0.15","0.26","-0.36","-0.62","0.75"," ","31","0.24"," ","62.40","58.10","1.10"," "
" "," ","395","6281全國電","電子通路","0.26","-0.01","-0.01","0.00","0.00","0.00"," ","32","0.24"," ","55.91","60.30","0.10"," "
" "," ","396","1806冠軍","玻璃","0.24","-0.01","-0.02","0.00","0.07","-0.04"," ","30","0.24"," ","74.98","8.62","-0.07"," "
" "," ","397","2545皇翔","營建","-0.19","-0.12","0.13","0.12","-0.08","0.38"," ","31","0.24"," ","76.97","36.55","-0.85"," "
" "," ","398","1414東和","紡織","0.08","-0.01","0.11","0.09","-0.01","-0.02"," ","10","0.24"," ","87.81","19.85","0.00"," "
" "," ","399","2383台光電","電子零組件","0.11","0.51","-0.83","0.31","-0.33","0.47"," ","31","0.24"," ","70.95","2705.00","105.00"," "
" "," ","400","6902走著瞧-創","雲端","0.00","0.02","0.07","0.06","0.07","0.01"," ","30","0.23"," ","71.50","77.90","1.30"," "
" "," ","401","5306桂盟","運動","0.00","0.11","0.12","0.00","0.02","-0.02"," ","30","0.23"," ","69.66","87.50","-0.40"," "
" "," ","402","2498宏達電","通信網路","-0.27","0.03","0.15","0.51","-0.05","-0.14"," ","10","0.23"," ","40.47","42.00","-0.75"," "
" "," ","403","3515華擎","電腦週邊","-0.23","-0.25","0.18","0.35","-0.03","0.21"," ","31","0.23"," ","70.21","210.50","2.00"," "
" "," ","404","5533皇鼎","營建","0.07","0.01","-0.06","0.06","0.02","0.13"," ","31","0.23"," ","79.01","14.25","0.00"," "
" "," ","405","6166凌華","電腦週邊","0.21","-0.42","0.05","0.22","0.00","0.17"," ","31","0.23"," ","75.55","59.80","-1.40"," "
" "," ","406","2029盛餘","鋼鐵","-0.02","0.00","0.08","0.12","0.15","-0.10"," ","30","0.23"," ","70.78","20.35","-0.40"," "
" "," ","407","2520冠德","營建","-0.69","0.51","0.03","-0.31","0.13","0.56"," ","50","0.23"," ","69.39","32.85","-0.45"," "
" "," ","408","2501國建","營建","-0.13","0.11","0.14","0.01","0.15","-0.06"," ","30","0.22"," ","76.51","22.85","0.00"," "
" "," ","409","6655科定","其他","0.04","-0.02","0.07","0.00","0.05","0.08"," ","50","0.22"," ","86.44","129.00","-2.00"," "
" "," ","410","2901欣欣","貿易百貨","0.00","0.50","-0.07","-0.07","-0.11","-0.03"," ","31","0.22"," ","80.87","23.60","-0.35"," "
" "," ","411","2939凱羿-KY","貿易百貨","0.01","0.12","0.04","0.02","0.01","0.01"," ","21","0.21"," ","74.46","25.65","-1.50"," "
" "," ","412","2034允強","鋼鐵","0.76","0.16","-0.15","-0.18","-0.16","-0.22"," ","30","0.21"," ","48.36","20.00","-0.30"," "
" "," ","413","5288豐祥-KY","電機","0.05","-0.53","0.00","0.10","0.54","0.05"," ","30","0.21"," ","68.18","140.00","0.50"," "
" "," ","414","1808潤隆","營建","-0.05","0.04","0.04","-0.15","0.03","0.30"," ","50","0.21"," ","78.89","31.40","0.65"," "
" "," ","415","8367建新國際","航運","0.05","0.04","0.05","0.01","0.00","0.06"," ","31","0.21"," ","70.13","45.80","-0.10"," "
" "," ","416","6743安普新","其他電子","-0.03","0.00","0.01","0.00","0.25","-0.02"," ","30","0.21"," ","64.54","23.15","-0.45"," "
" "," ","417","4545銘鈺","電子零組件","0.00","0.06","0.02","0.15","0.03","-0.05"," ","10","0.21"," ","73.09","32.20","-0.10"," "
" "," ","418","1256鮮活果汁-KY","食品","0.04","0.12","0.00","0.01","0.00","0.03"," ","31","0.20"," ","62.75","161.00","-4.00"," "
" "," ","419","2905三商","貿易百貨","-0.05","0.05","-0.06","0.15","0.19","-0.08"," ","30","0.20"," ","83.76","15.65","0.15"," "
" "," ","420","8466美吉吉-KY","其他","0.02","0.03","0.05","0.00","0.04","0.05"," ","50","0.19"," ","76.45","19.30","-0.45"," "
" "," ","421","2607榮運","航運","0.03","0.20","-0.09","-0.03","-0.05","0.13"," ","31","0.19"," ","77.06","53.70","-1.30"," "
" "," ","422","8429金麗-KY","貿易百貨","0.30","-0.28","0.04","-0.19","0.25","0.07"," ","30","0.19"," ","39.84","7.06","-0.05"," "
" "," ","423","1614三洋電","電器電纜","0.12","0.03","0.01","0.02","0.01","0.00"," ","10","0.19"," ","82.85","32.25","-0.30"," "
" "," ","424","1227佳格","食品","-0.08","-0.07","0.10","0.23","0.00","0.01"," ","31","0.19"," ","67.67","29.65","0.40"," "
" "," ","425","1526日馳","電機","0.04","0.02","0.00","0.00","0.00","0.13"," ","41","0.19"," ","37.19","17.40","0.00"," "
" "," ","426","4942嘉彰","光電","0.01","0.00","0.05","0.08","0.05","0.00"," ","10","0.19"," ","62.26","37.40","-0.15"," "
" "," ","427","2062橋椿","居家","0.07","0.16","-0.01","-0.24","0.19","0.02"," ","30","0.19"," ","62.35","20.25","-0.15"," "
" "," ","428","4557永新-KY","汽車","0.27","0.01","-0.04","-0.05","-0.11","0.10"," ","31","0.18"," ","41.69","61.00","-1.30"," "
" "," ","429","2524京城","營建","0.02","0.05","0.00","0.07","0.00","0.04"," ","31","0.18"," ","92.98","39.75","-0.70"," "
" "," ","430","1707葡萄王","生技醫療業","0.32","0.00","0.01","-0.18","0.07","-0.04"," ","30","0.18"," ","57.66","119.50","-0.50"," "
" "," ","431","4439冠星-KY","紡織","0.00","0.00","0.00","-0.01","0.02","0.16"," ","50","0.17"," ","76.94","86.00","1.00"," "
" "," ","432","1309台達化","塑膠","-0.06","-0.07","-0.03","0.33","-0.50","0.50"," ","31","0.17"," ","47.07","15.30","0.20"," "
" "," ","433","2838聯邦銀","金融","-0.02","0.02","0.08","0.06","0.01","0.02"," ","31","0.17"," ","90.73","19.95","-0.20"," "
" "," ","434","4106雃博","生技醫療業","-0.03","0.07","0.02","0.00","0.06","0.05"," ","30","0.17"," ","49.70","22.40","-0.25"," "
" "," ","435","1439雋揚","營建","0.04","0.01","0.01","0.06","0.02","0.03"," ","31","0.17"," ","84.73","27.45","0.15"," "
" "," ","436","2201裕隆","汽車","-0.05","0.00","0.17","0.18","-0.19","0.06"," ","31","0.17"," ","62.43","27.85","-0.15"," "
" "," ","437","1709和益","化學","0.00","0.13","0.00","0.12","-0.29","0.21"," ","31","0.17"," ","61.01","17.10","-0.30"," "
" "," ","438","2348海悅","其他","-0.12","0.01","0.07","0.06","-0.10","0.24"," ","31","0.16"," ","71.37","71.90","0.30"," "
" "," ","439","8215明基材","光電","0.01","-0.29","0.15","0.15","0.03","0.11"," ","31","0.16"," ","52.53","22.55","2.05"," "
" "," ","440","1109信大","水泥","0.10","0.02","0.01","0.02","0.01","0.00"," ","10","0.16"," ","80.06","15.35","0.00"," "
" "," ","441","2427三商電","資訊服務","-0.17","-0.18","-0.02","0.74","-0.25","0.04"," ","31","0.16"," ","54.84","24.45","0.05"," "
" "," ","442","1477聚陽","紡織","-0.23","0.42","0.02","-0.13","0.16","-0.08"," ","30","0.16"," ","73.15","285.50","-3.50"," "
" "," ","443","2450神腦","通信網路","0.00","0.00","0.00","0.00","0.15","0.01"," ","30","0.16"," ","76.68","29.15","-0.20"," "
" "," ","444","2449京元電子","半導體","0.69","-0.65","0.64","-0.08","-0.05","-0.40"," ","30","0.15"," ","73.67","295.50","-4.50"," "
" "," ","445","1455集盛","紡織","-0.20","0.01","-0.01","0.10","0.02","0.23"," ","31","0.15"," ","65.38","8.86","0.04"," "
" "," ","446","6581鋼聯","綠能","0.00","-0.01","0.01","0.01","0.13","0.01"," ","30","0.15"," ","89.77","110.00","0.50"," "
" "," ","447","2425承啟","電腦週邊","-0.29","-0.03","-0.43","0.09","0.12","0.69"," ","50","0.15"," ","46.22","30.65","-0.40"," "
" "," ","448","2504國產","營建","-0.17","-0.20","0.10","0.03","0.44","-0.06"," ","30","0.14"," ","77.39","37.70","-0.05"," "
" "," ","449","2482連宇","其他電子","-0.53","0.56","-0.49","1.16","-0.52","-0.04"," ","31","0.14"," ","41.55","16.20","-0.20"," "
" "," ","450","2008高興昌","鋼鐵","0.01","0.03","0.00","-0.01","0.05","0.06"," ","50","0.14"," ","92.01","28.10","-0.40"," "
" "," ","451","3057喬鼎","電腦週邊","0.00","0.00","0.00","0.00","-0.01","0.14"," ","31","0.13"," ","22.28","15.05","-0.25"," "
" "," ","452","1419新紡","紡織","-0.08","0.01","0.01","0.19","0.02","-0.02"," ","10","0.13"," ","90.71","63.40","-0.30"," "
" "," ","453","1506正道","電機","-0.05","0.01","-0.09","0.13","-0.07","0.20"," ","31","0.13"," ","77.37","11.45","-0.10"," "
" "," ","454","1417嘉裕","紡織","0.02","0.06","0.02","0.01","-0.01","0.03"," ","31","0.13"," ","57.47","8.63","0.03"," "
" "," ","455","2706第一店","觀光","0.13","0.02","-0.03","0.01","0.00","0.00"," ","21","0.13"," ","84.94","12.50","-0.05"," "
" "," ","456","1304台聚","塑膠","0.32","-0.23","-0.04","0.80","-0.30","-0.42"," ","10","0.13"," ","60.62","12.85","-0.20"," "
" "," ","457","1416廣豐","其他","0.40","-0.35","0.25","0.19","-0.33","-0.03"," ","31","0.13"," ","55.35","11.70","0.00"," "
" "," ","458","2542興富發","營建","-0.06","0.01","0.18","-0.10","0.05","0.04"," ","30","0.12"," ","60.24","36.55","0.05"," "
" "," ","459","1907永豐餘","造紙","0.05","0.03","0.05","0.04","-0.09","0.04"," ","31","0.12"," ","83.78","23.90","-0.40"," "
" "," ","460","2109華豐","橡膠","0.05","-0.03","-0.18","0.01","0.11","0.16"," ","50","0.12"," ","74.53","15.10","0.10"," "
" "," ","461","2314台揚","通信網路","0.44","-0.15","-0.07","-0.05","-0.27","0.22"," ","31","0.12"," ","15.38","16.75","-0.65"," "
" "," ","462","8499鼎炫-KY","其他電子","0.00","0.00","0.12","0.00","0.00","0.00"," ","32","0.12"," ","78.81","277.50","6.50"," "
" "," ","463","2836高雄銀","金融","-0.03","-0.03","0.11","0.06","0.10","-0.09"," ","30","0.12"," ","84.73","12.15","-0.10"," "
" "," ","464","2707晶華","觀光","0.00","0.00","-0.01","0.25","-0.33","0.21"," ","31","0.12"," ","62.07","184.50","-1.00"," "
" "," ","465","2459敦吉","其他電子","0.00","0.01","0.04","0.08","-0.02","0.01"," ","31","0.12"," ","55.41","65.40","-0.10"," "
" "," ","466","1760寶齡富錦","生技醫療業","-0.01","-0.02","0.01","0.02","0.15","-0.04"," ","30","0.11"," ","41.82","59.60","-0.30"," "
" "," ","467","2014中鴻","鋼鐵","1.88","-1.55","-0.50","0.18","-0.12","0.22"," ","31","0.11"," ","48.31","17.35","-0.30"," "
" "," ","468","1464得力","紡織","0.13","-0.02","-0.09","0.20","0.00","-0.11"," ","10","0.11"," ","59.46","10.70","-0.05"," "
" "," ","469","1108幸福","水泥","0.12","0.00","0.06","0.03","0.02","-0.12"," ","10","0.11"," ","81.51","15.20","0.10"," "
" "," ","470","7823奧義賽博-KY","創新板","0.00","0.00","0.00","0.00","0.02","0.09"," ","50","0.11"," ","73.73","82.00","-0.60"," "
" "," ","471","6128上福","電腦週邊","0.07","0.00","0.02","0.01","0.01","0.00"," ","20","0.11"," ","59.28","22.90","-0.60"," "
" "," ","472","2493揚博","電子零組件","0.39","0.25","-0.20","0.11","-1.17","0.72"," ","31","0.10"," ","47.08","104.00","1.50"," "
" "," ","473","2393億光","光電","-1.37","-0.10","0.02","0.29","0.42","0.84"," ","50","0.10"," ","65.38","64.40","1.50"," "
" "," ","474","2007燁興","鋼鐵","0.09","-0.02","0.01","0.03","0.00","-0.01"," ","10","0.10"," ","76.49","7.87","-0.06"," "
" "," ","475","3557嘉威","居家","0.00","0.00","0.00","0.00","-0.01","0.11"," ","31","0.10"," ","59.79","30.45","-0.50"," "
" "," ","476","1213大飲","食品","0.00","0.05","0.01","0.00","0.03","0.01"," ","30","0.10"," ","81.89","9.80","0.00"," "
" "," ","477","5285界霖","半導體","0.09","-0.38","0.08","0.10","0.17","0.03"," ","30","0.09"," ","60.99","47.85","-0.15"," "
" "," ","478","1776展宇","化學","0.00","0.03","0.03","0.00","0.03","0.00"," ","30","0.09"," ","67.36","14.95","0.00"," "
" "," ","479","2538基泰","營建","0.08","-0.03","0.00","-0.20","0.18","0.06"," ","30","0.09"," ","74.87","10.15","0.00"," "
" "," ","480","2228劍麟","汽車","0.01","-0.01","0.00","0.00","-0.03","0.12"," ","31","0.09"," ","55.59","89.80","-0.60"," "
" "," ","481","1203味王","食品","0.01","0.01","0.03","0.00","0.01","0.03"," ","50","0.09"," ","90.81","38.60","0.20"," "
" "," ","482","6531愛普*","半導體","-1.89","-0.34","0.04","-0.27","0.70","1.85"," ","50","0.09"," ","62.69","531.00","45.50"," "
" "," ","483","2908特力","貿易百貨","0.02","0.05","-0.04","0.02","0.08","-0.05"," ","30","0.08"," ","91.38","20.00","0.00"," "
" "," ","484","6585鼎基","其他","0.01","0.02","-0.04","0.02","0.03","0.04"," ","50","0.08"," ","79.71","84.10","-3.70"," "
" "," ","485","2101南港","橡膠","-0.08","0.16","-0.13","0.27","0.12","-0.26"," ","10","0.08"," ","64.12","31.90","-0.60"," "
" "," ","486","2891中信金","金融","0.12","0.01","0.03","0.03","-0.11","-0.01"," ","31","0.07"," ","81.68","51.30","0.00"," "
" "," ","487","1201味全","食品","0.04","-0.04","-0.08","-0.04","0.12","0.07"," ","30","0.07"," ","63.48","14.05","-0.10"," "
" "," ","488","6526達發","半導體","-0.90","0.05","0.08","0.00","0.78","0.06"," ","30","0.07"," ","79.29","533.00","-16.00"," "
" "," ","489","1817凱撒衛","玻璃","0.02","0.04","-0.01","-0.01","0.05","-0.02"," ","30","0.07"," ","65.33","38.65","-0.05"," "
" "," ","490","3652精聯","電腦週邊","0.00","0.01","0.03","0.00","0.02","0.01"," ","30","0.07"," ","71.58","27.35","-0.05"," "
" "," ","491","4720德淵","化學","0.81","-0.01","-0.37","-0.09","-0.26","-0.01"," ","31","0.07"," ","52.72","15.55","-0.45"," "
" "," ","492","3686達能","半導體","1.21","-0.43","-1.06","-0.12","0.33","0.14"," ","30","0.07"," ","23.54","18.50","-0.10"," "
" "," ","493","3380明泰","通信網路","0.73","-0.84","-0.33","0.23","0.74","-0.46"," ","30","0.07"," ","67.16","36.15","0.25"," "
" "," ","494","2332友訊","通信網路","0.39","-0.05","-0.03","-0.03","-0.19","-0.02"," ","31","0.07"," ","43.83","15.10","-0.05"," "
" "," ","495","1459聯發","紡織","0.03","0.05","0.01","0.00","-0.01","-0.01"," ","21","0.07"," ","84.72","11.65","-0.10"," "
" "," ","496","1539巨庭","電機","0.05","-0.01","-0.01","-0.69","0.67","0.05"," ","30","0.06"," ","60.60","17.25","0.00"," "
" "," ","497","8463潤泰材","其他","0.00","0.02","-0.01","0.00","0.06","-0.01"," ","30","0.06"," ","81.38","27.30","0.50"," "
" "," ","498","2723美食-KY","觀光","-0.19","0.45","-0.28","-0.26","0.01","0.33"," ","50","0.06"," ","68.94","73.40","-1.40"," "
" "," ","499","5007三星","鋼鐵","-0.15","0.16","0.12","-0.10","0.03","0.00"," ","30","0.06"," ","87.67","54.90","-0.40"," "
" "," ","500","8411福貞-KY","其他","0.02","0.02","-0.01","-0.01","0.00","0.04"," ","50","0.06"," ","81.58","12.10","-0.05"," "
" "," ","501","2484希華","電子零組件","-0.28","-0.45","0.22","-0.21","0.61","0.17"," ","30","0.06"," ","20.92","26.90","0.00"," "
" "," ","502","1525江申","汽車","0.04","0.01","-0.06","0.00","0.00","0.07"," ","41","0.06"," ","87.32","62.00","0.40"," "
" "," ","503","1220台榮","食品","-0.23","0.00","0.04","0.21","0.04","0.00"," ","10","0.06"," ","67.73","12.85","-0.05"," "
" "," ","504","1762中化生","生技醫療業","0.00","0.00","0.01","0.02","0.00","0.03"," ","31","0.06"," ","44.45","28.60","-0.85"," "
" "," ","505","1440南紡","紡織","0.20","0.02","-0.08","0.01","-0.10","0.01"," ","31","0.06"," ","78.21","12.60","-0.05"," "
" "," ","506","3229晟鈦","電子零組件","0.04","0.01","0.00","0.00","0.00","0.00"," ","32","0.05"," ","69.74","18.85","-0.05"," "
" "," ","507","1457宜進","紡織","0.03","0.00","-0.01","-0.07","0.15","-0.05"," ","30","0.05"," ","74.69","15.75","0.40"," "
" "," ","508","6754匯僑設計","居家","0.00","0.00","0.02","0.01","0.00","0.02"," ","31","0.05"," ","83.03","45.00","0.00"," "
" "," ","509","9934成霖","居家","0.05","0.07","0.02","0.11","-0.22","0.02"," ","31","0.05"," ","66.31","9.59","-0.20"," "
" "," ","510","5871中租-KY","其他","0.11","0.09","0.21","-0.01","-0.43","0.08"," ","31","0.05"," ","65.80","102.00","0.50"," "
" "," ","511","2032新鋼","鋼鐵","-0.63","0.25","0.17","-0.14","0.15","0.25"," ","50","0.05"," ","55.95","15.15","-0.15"," "
" "," ","512","6573虹揚-KY","半導體","0.00","0.00","0.00","0.00","0.00","0.05"," ","41","0.05"," ","65.68","14.15","0.35"," "
" "," ","513","1611中電","電器電纜","-0.01","-0.12","-0.03","0.05","-0.17","0.33"," ","31","0.05"," ","55.19","13.25","-0.25"," "
" "," ","514","8488吉源-KY","其他","0.01","0.01","0.01","0.01","0.00","0.01"," ","31","0.05"," ","87.01","9.74","-0.16"," "
" "," ","515","8454富邦媒","雲端","-0.14","-0.04","0.01","0.23","-0.40","0.39"," ","31","0.05"," ","78.81","174.50","-0.50"," "
" "," ","516","1210大成","食品","-0.18","-0.03","-0.09","0.14","-0.10","0.31"," ","31","0.05"," ","62.57","52.90","0.00"," "
" "," ","517","1909榮成","造紙","0.11","-0.18","0.13","0.12","-0.15","0.02"," ","31","0.05"," ","66.40","9.24","-0.08"," "
" "," ","518","3669圓展","通信網路","-0.03","0.14","-0.46","-0.03","0.43","0.00"," ","30","0.05"," ","61.78","34.40","0.40"," "
" "," ","519","2923鼎固-KY","營建","0.02","0.00","0.01","0.03","0.00","-0.01"," ","10","0.05"," ","99.42","18.30","-0.20"," "
" "," ","520","2704國賓","觀光","0.00","-0.01","-0.05","0.12","-0.04","0.02"," ","31","0.04"," ","87.50","42.60","-0.45"," "
" "," ","521","1453大將","營建","0.01","0.03","-0.02","0.01","0.01","0.00"," ","20","0.04"," ","75.59","12.35","-0.10"," "
" "," ","522","2539櫻花建","營建","0.10","-0.10","-0.04","0.05","0.04","-0.01"," ","10","0.04"," ","87.67","47.80","-0.20"," "
" "," ","523","4148全宇生技-KY","生技醫療業","0.01","0.01","-0.02","0.02","0.00","0.02"," ","31","0.04"," ","78.80","39.85","1.75"," "
" "," ","524","1906寶隆","造紙","0.00","-0.01","0.00","-0.01","0.02","0.04"," ","50","0.04"," ","74.95","11.25","-0.20"," "
" "," ","525","2415錩新","電子零組件","0.02","-0.66","0.11","0.58","0.00","-0.01"," ","10","0.04"," ","63.30","27.85","0.45"," "
" "," ","526","1341富林-KY","塑膠","0.00","0.00","0.00","0.04","0.00","0.00"," ","21","0.04"," ","84.22","59.20","0.40"," "
" "," ","527","2443昶虹","其他","0.00","0.00","0.00","0.00","0.00","0.04"," ","41","0.04"," ","55.26","",""," "
" "," ","528","1517利奇","電機","-0.20","0.03","-0.07","0.19","0.03","0.06"," ","31","0.04"," ","47.97","11.20","-0.35"," "
" "," ","529","1434福懋","紡織","-0.16","0.02","0.11","0.09","0.05","-0.08"," ","10","0.03"," ","71.68","16.45","-0.20"," "
" "," ","530","1730花仙子","化學","0.00","0.00","0.00","0.00","0.03","0.00"," ","30","0.03"," ","57.94","53.00","-0.40"," "
" "," ","531","3704合勤控","通信網路","-0.04","0.10","-0.07","-0.05","-0.35","0.44"," ","31","0.03"," ","54.46","32.50","0.35"," "
" "," ","532","1786科妍","生技醫療業","0.34","0.25","0.25","-0.56","-0.69","0.44"," ","31","0.03"," ","49.42","65.70","-0.70"," "
" "," ","533","2701萬企","觀光","-0.03","0.07","-0.01","0.01","-0.05","0.04"," ","31","0.03"," ","86.17","10.75","-0.05"," "
" "," ","534","2642宅配通","航運","0.01","0.00","0.04","-0.01","-0.02","0.01"," ","31","0.03"," ","60.83","23.90","-0.15"," "
" "," ","535","2012春雨","鋼鐵","0.00","0.01","0.00","0.00","0.00","0.02"," ","41","0.03"," ","84.16","15.05","-0.30"," "
" "," ","536","1103嘉泥","水泥","0.05","0.05","-0.08","0.03","0.06","-0.08"," ","30","0.03"," ","78.76","13.50","-0.10"," "
" "," ","537","5525順天","營建","0.01","0.01","-0.01","0.00","0.01","0.01"," ","40","0.03"," ","88.14","24.55","-0.35"," "
" "," ","538","1530亞崴","電機","0.00","0.01","0.01","0.00","0.01","0.00"," ","30","0.03"," ","75.40","26.45","-0.55"," "
" "," ","539","2910統領","貿易百貨","0.00","0.00","0.00","0.00","0.01","0.01"," ","40","0.02"," ","96.96","20.60","-0.05"," "
" "," ","540","2321東訊","通信網路","0.00","0.00","0.00","0.00","0.00","0.02"," ","41","0.02"," ","70.35","",""," "
" "," ","541","1475業旺","紡織","0.00","0.00","0.00","0.00","0.02","0.00"," ","30","0.02"," ","76.37","28.05","0.25"," "
" "," ","542","1903士紙","造紙","0.00","-0.05","-0.10","-0.03","-0.01","0.21"," ","50","0.02"," ","81.38","49.95","-0.55"," "
" "," ","543","2258鴻華先進-創","汽車","-0.02","0.02","0.02","0.03","0.00","-0.03"," ","10","0.02"," ","94.08","32.25","-0.85"," "
" "," ","544","4943康控-KY","電子零組件","-0.01","0.01","0.02","0.00","0.00","0.00"," ","32","0.02"," ","64.09","12.00","0.20"," "
" "," ","545","2359所羅門","其他電子","0.75","-1.19","-0.11","0.64","0.05","-0.12"," ","10","0.02"," ","44.59","116.00","0.00"," "
" "," ","546","2013中鋼構","鋼鐵","0.02","0.00","0.01","-0.01","0.00","0.00"," ","40","0.02"," ","79.05","43.90","0.25"," "
" "," ","547","9926新海","油電燃氣","0.00","0.00","0.00","0.00","0.00","0.02"," ","41","0.02"," ","84.39","50.70","-0.40"," "
" "," ","548","3021鴻名","電子零組件","0.00","0.00","0.03","0.00","-0.01","0.00"," ","31","0.02"," ","70.84","16.25","-0.10"," "
" "," ","549","1104環泥","水泥","0.18","-0.15","-0.04","0.03","-0.08","0.08"," ","31","0.02"," ","74.41","30.00","0.20"," "
" "," ","550","6887寶綠特-KY","綠能","-0.19","0.00","0.16","0.02","-0.01","0.04"," ","31","0.02"," ","92.15","44.65","-0.75"," "
" "," ","551","3416融程電","電腦週邊","0.06","-0.31","0.12","0.09","0.08","-0.02"," ","10","0.02"," ","56.24","148.00","1.50"," "
" "," ","552","1468昶和","紡織","-0.02","0.01","0.00","-0.02","0.00","0.05"," ","50","0.02"," ","97.45","12.20","0.00"," "
" "," ","553","9930中聯資源","綠能","0.01","0.00","0.00","0.00","0.01","0.00"," ","30","0.02"," ","78.45","70.00","-0.10"," "
" "," ","554","2302麗正","半導體","0.90","0.40","-0.31","0.02","-0.62","-0.38"," ","31","0.01"," ","68.36","18.50","-0.10"," "
" "," ","555","1474弘裕","紡織","-0.36","0.01","0.00","-0.04","0.26","0.14"," ","30","0.01"," ","58.97","9.99","0.00"," "
" "," ","556","2885元大金","金融","0.07","0.01","0.09","0.03","-0.14","-0.05"," ","31","0.01"," ","83.15","43.30","-0.95"," "
" "," ","557","2465麗臺","電腦週邊","0.00","0.00","0.00","0.00","0.00","0.01"," ","41","0.01"," ","32.16","54.80","-1.70"," "
" "," ","558","2023燁輝","鋼鐵","0.11","0.05","-0.01","-0.03","-0.01","-0.10"," ","30","0.01"," ","77.81","14.55","-0.05"," "
" "," ","559","2496卓越","其他","0.00","0.00","0.00","0.00","0.01","0.00"," ","30","0.01"," ","49.57","68.80","-0.20"," "
" "," ","560","1441大東","紡織","0.01","0.00","0.00","0.00","0.00","0.00"," ","32","0.01"," ","64.99","9.94","-0.01"," "
" "," ","561","1470大統新創","紡織","0.00","0.00","0.00","0.00","0.00","0.01"," ","41","0.01"," ","87.77","22.20","-0.15"," "
" "," ","562","8482商億-KY","居家","0.00","0.01","0.00","0.00","0.00","0.00"," ","32","0.01"," ","95.44","48.90","0.85"," "
" "," ","563","9904寶成","運動","0.00","0.02","0.07","0.04","-0.28","0.16"," ","31","0.01"," ","80.49","29.50","-0.70"," "
" "," ","564","2227裕日車","汽車","0.00","0.00","0.00","0.00","0.00","0.00"," ","32","0.00"," ","93.51","50.40","0.20"," "
" "," ","565","6807峰源-KY","居家","0.00","0.00","-0.01","0.00","0.00","0.01"," ","41","0.00"," ","83.68","43.90","0.00"," "
" "," ","566","2433互盛電","其他電子","0.00","0.00","0.00","0.00","0.00","0.00"," ","32","0.00"," ","78.91","46.30","0.05"," "
" "," ","567","1725元禎","化學","0.00","0.00","0.00","0.00","0.00","0.00"," ","32","0.00"," ","94.23","29.50","2.65"," "
" "," ","568","6225天瀚","光電","0.00","0.00","0.00","0.00","0.00","0.00"," ","32","0.00"," ","64.03","23.35","-0.75"," "
" "," ","569","9944新麗","其他","0.02","0.01","-0.02","-0.02","-0.01","0.02"," ","50","0.00"," ","78.21","16.50","0.05"," "
" "," ","570","4581光隆精密-KY","汽車","0.00","0.00","0.00","0.00","0.00","0.00"," ","32","0.00"," ","62.96","49.55","-0.35"," "
" "," ","571","1583程泰","電機","0.00","0.00","0.00","0.00","0.00","0.00"," ","32","0.00"," ","91.23","43.10","-0.25"," "
" "," ","572","3679新至陞","電子零組件","0.00","0.00","0.00","0.00","0.00","0.00"," ","32","0.00"," ","66.60","116.50","0.50"," "
" "," ","573","6792詠業","通信網路","0.00","0.00","0.00","0.00","0.00","0.00"," ","32","0.00"," ","53.84","57.00","-0.40"," "
" "," ","574","6666羅麗芬-KY","生技醫療業","0.00","0.00","0.00","0.00","0.00","0.00"," ","32","0.00"," ","78.06","40.85","-0.75"," "
" "," ","575","2722夏都","觀光","0.00","0.00","0.00","0.00","0.00","0.00"," ","32","0.00"," ","87.14","23.15","-0.35"," "
" "," ","576","4569六方科-KY","汽車","0.00","0.00","0.00","0.00","0.00","0.00"," ","32","0.00"," ","66.49","140.50","-4.00"," "
" "," ","577","8201無敵","其他電子","0.00","0.00","0.00","0.00","0.00","0.00"," ","32","0.00"," ","56.37","13.60","0.30"," "
" "," ","578","1533車王電","汽車","0.00","0.00","0.00","0.00","0.00","0.00"," ","32","0.00"," ","63.99","30.55","0.25"," "
" "," ","579","1235興泰","食品","0.00","0.00","0.00","0.00","0.00","0.00"," ","32","0.00"," ","96.49","36.40","-1.75"," "
" "," ","580","2024志聯","鋼鐵","0.00","0.00","0.00","0.00","0.00","0.00"," ","32","0.00"," ","82.70","14.75","-0.15"," "
" "," ","581","1307三芳","塑膠","0.07","-0.13","0.22","0.46","-0.30","-0.32"," ","10","0.00"," ","81.71","33.35","-0.10"," "
" "," ","582","6431光麗-KY","生技醫療業","-0.41","-0.36","0.77","-0.46","0.02","0.44"," ","50","0.00"," ","70.19","23.60","-0.85"," "
" "," ","583","6552易華電","半導體","0.10","-0.11","0.00","-0.49","0.00","0.50"," ","50","0.00"," ","58.98","26.40","-0.40"," "
" "," ","584","3044健鼎","電子零組件","0.17","0.57","-0.14","-0.08","-0.13","-0.39"," ","10","0.00"," ","81.29","380.00","21.00"," "
" "," ","585","1541錩泰","電機","0.00","0.00","0.00","0.00","0.00","0.00"," ","32","0.00"," ","83.78","25.00","0.10"," "
" "," ","586","3308聯德","電子零組件","0.00","0.00","0.00","0.00","0.00","0.00"," ","32","0.00"," ","61.63","22.45","-0.65"," "
" "," ","587","9943好樂迪","觀光","0.00","0.00","0.00","0.00","0.00","0.00"," ","32","0.00"," ","71.57","58.20","-0.20"," "
" "," ","588","1598岱宇","運動","-0.15","0.17","-0.30","0.03","0.04","0.21"," ","50","0.00"," ","57.97","19.80","-0.40"," "
" "," ","589","3018隆銘綠能","其他電子","0.00","0.00","0.00","0.00","0.00","0.00"," ","32","0.00"," ","64.31","12.65","-0.05"," "
" "," ","590","4572駐龍","電機","0.00","0.00","0.00","0.00","0.00","0.00"," ","32","0.00"," ","64.20","144.00","-2.00"," "
" "," ","591","2904匯僑","其他","0.00","0.00","0.00","0.00","0.00","0.00"," ","32","0.00"," ","53.66","17.00","-0.35"," "
" "," ","592","2945三商家購","貿易百貨","0.00","0.00","0.00","0.00","0.00","0.00"," ","32","0.00"," ","83.49","39.85","0.05"," "
" "," ","593","1726永記","化學","0.00","0.00","0.00","0.00","0.00","0.00"," ","32","0.00"," ","86.09","75.20","-0.40"," "
" "," ","594","1521大億","汽車","0.00","-0.01","0.00","0.00","0.00","0.00"," ","32","-0.01"," ","68.10","25.05","-0.20"," "
" "," ","595","3164景岳","生技醫療業","-0.04","-0.02","0.06","0.00","0.00","-0.01"," ","20","-0.01"," ","56.06","18.15","0.10"," "
" "," ","596","2849安泰銀","金融","0.00","0.00","0.00","0.00","0.03","-0.04"," ","30","-0.01"," ","98.36","12.95","-0.05"," "
" "," ","597","1410南染","紡織","0.04","0.10","0.01","0.02","-0.22","0.04"," ","31","-0.01"," ","75.01","31.85","-0.90"," "
" "," ","598","6201亞弘電","其他電子","0.01","0.00","0.00","-0.01","-0.01","0.00"," ","41","-0.01"," ","69.12","51.30","-0.30"," "
" "," ","599","6184大豐電","其他","0.00","0.01","-0.02","0.01","0.00","-0.01"," ","10","-0.01"," ","72.70","47.90","-0.05"," "
" "," ","600","1722台肥","化學","0.09","-0.39","0.05","0.26","-0.13","0.11"," ","31","-0.01"," ","67.19","47.50","0.05"," "
" "," ","601","2882國泰金","金融","0.04","0.00","0.17","-0.03","-0.11","-0.08"," ","31","-0.01"," ","85.10","71.70","-0.80"," "
" "," ","602","8481政伸","其他","0.00","-0.02","-0.01","0.00","0.01","0.01"," ","40","-0.01"," ","65.51","41.70","-0.10"," "
" "," ","603","4737華廣","生技醫療業","-0.26","-0.44","-0.68","0.33","0.24","0.80"," ","31","-0.01"," ","57.99","60.40","1.60"," "
" "," ","604","2454聯發科","半導體","0.50","-0.26","0.17","-0.21","-0.26","0.05"," ","31","-0.01"," ","76.44","1720.00","-65.00"," "
" "," ","605","5484慧友","光電","0.19","-0.03","-0.02","-0.13","0.00","-0.03"," ","30","-0.02"," ","38.79","40.75","-0.15"," "
" "," ","606","3014聯陽","半導體","-0.07","-0.04","-0.43","0.59","0.28","-0.35"," ","10","-0.02"," ","34.13","118.50","-1.50"," "
" "," ","607","6862三集瑞-KY","電子零組件","0.00","0.00","0.00","0.00","0.85","-0.87"," ","30","-0.02"," ","72.21","194.00","3.00"," "
" "," ","608","4807日成-KY","貿易百貨","0.00","0.00","0.00","0.00","-0.01","-0.01"," ","21","-0.02"," ","70.92","16.55","-0.20"," "
" "," ","609","9946三發地產","營建","-0.12","-0.01","0.00","0.12","0.05","-0.06"," ","10","-0.02"," ","80.95","18.10","0.30"," "
" "," ","610","6796晉弘","生技醫療業","0.00","0.00","0.00","-0.02","-0.01","0.00"," ","50","-0.03"," ","49.48","76.30","-1.30"," "
" "," ","611","6901鑽石投資","其他","-0.02","-0.07","0.08","0.03","0.02","-0.07"," ","10","-0.03"," ","85.66","14.90","0.30"," "
" "," ","612","8070長華*","電子通路","0.08","0.12","-0.27","-0.10","-0.23","0.37"," ","31","-0.03"," ","74.57","43.75","0.10"," "
" "," ","613","6933AMAX-KY","電腦週邊","0.00","0.00","0.00","0.00","0.00","-0.03"," ","20","-0.03"," ","63.33","133.00","-3.50"," "
" "," ","614","2462良得電","電子零組件","-0.20","-0.29","0.05","0.22","0.07","0.12"," ","31","-0.03"," ","56.06","22.20","-0.20"," "
" "," ","615","2712遠雄來","觀光","0.00","-0.01","0.00","-0.01","-0.01","0.00"," ","41","-0.03"," ","90.86","15.85","-0.15"," "
" "," ","616","2030彰源","鋼鐵","-0.24","-0.49","0.19","0.28","0.16","0.07"," ","10","-0.03"," ","43.60","15.35","-0.20"," "
" "," ","617","1233天仁","食品","0.15","0.03","-0.38","-0.38","0.08","0.47"," ","50","-0.03"," ","73.15","31.25","-0.45"," "
" "," ","618","2038海光","鋼鐵","0.07","0.03","0.20","-0.23","-0.28","0.18"," ","31","-0.03"," ","53.39","14.70","-0.20"," "
" "," ","619","1456怡華","營建","0.00","0.00","-0.01","-0.02","0.00","0.00"," ","40","-0.03"," ","84.63","13.55","0.10"," "
" "," ","620","3494誠研","電腦週邊","0.30","0.01","-0.43","0.02","0.02","0.04"," ","41","-0.04"," ","61.03","8.47","0.09"," "
" "," ","621","4999鑫禾","電子零組件","0.02","0.00","0.01","0.00","-0.05","-0.02"," ","31","-0.04"," ","42.55","22.50","0.35"," "
" "," ","622","6756威鋒電子","半導體","-0.66","0.00","0.00","0.00","0.00","0.61"," ","41","-0.05"," ","60.81","78.30","0.80"," "
" "," ","623","3701大眾控","電腦週邊","-0.20","0.14","-0.20","0.42","1.09","-1.30"," ","30","-0.05"," ","74.81","62.70","5.70"," "
" "," ","624","2207和泰車","汽車","0.11","-0.02","0.04","0.03","0.02","-0.23"," ","10","-0.05"," ","89.99","488.50","-6.50"," "
" "," ","625","1465偉全","紡織","-0.04","0.01","0.01","0.01","-0.01","-0.03"," ","10","-0.05"," ","72.26","12.30","-0.10"," "
" "," ","626","2059川湖","電子零組件","0.38","0.12","-0.63","0.21","0.23","-0.36"," ","30","-0.05"," ","66.89","3365.00","75.00"," "
" "," ","627","1444力麗","紡織","-0.19","0.07","0.06","0.03","-0.04","0.02"," ","31","-0.05"," ","64.51","6.03","-0.07"," "
" "," ","628","3050鈺德","光電","0.15","-0.36","-0.31","0.22","0.17","0.08"," ","10","-0.05"," ","51.26","12.90","-0.05"," "
" "," ","629","1802台玻","玻璃","0.94","0.17","-1.14","1.34","-1.07","-0.29"," ","31","-0.05"," ","80.82","57.70","2.70"," "
" "," ","630","2114鑫永銓","橡膠","0.00","0.00","0.00","-0.01","0.00","-0.04"," ","30","-0.05"," ","63.59","88.90","0.10"," "
" "," ","631","3518柏騰","其他電子","0.23","0.23","0.43","-0.94","0.08","-0.09"," ","30","-0.06"," ","41.12","20.15","-0.15"," "
" "," ","632","6192巨路","其他電子","-0.65","0.53","-0.47","0.35","0.49","-0.31"," ","30","-0.06"," ","56.49","120.50","3.00"," "
" "," ","633","2438翔耀","光電","-0.01","0.01","-0.07","-0.02","0.00","0.03"," ","50","-0.06"," ","55.48","20.60","-0.50"," "
" "," ","634","2414精技","電子通路","0.00","0.01","0.02","-0.04","-0.11","0.06"," ","31","-0.06"," ","57.95","44.25","0.65"," "
" "," ","635","6668中揚光","光電","0.71","0.13","-0.46","-0.03","-0.03","-0.39"," ","20","-0.07"," ","54.29","34.30","-1.00"," "
" "," ","636","1231聯華食","食品","0.17","0.00","-0.17","-0.03","-0.02","-0.02"," ","40","-0.07"," ","65.08","89.30","1.30"," "
" "," ","637","3016嘉晶","半導體","0.10","-0.67","0.01","-0.23","0.36","0.36"," ","40","-0.07"," ","72.15","59.80","0.10"," "
" "," ","638","6614資拓宏宇","雲端","-0.01","-0.06","0.02","0.00","0.00","-0.02"," ","20","-0.07"," ","75.73","42.80","-1.50"," "
" "," ","639","6230尼得科超眾","電腦週邊","0.00","0.00","0.00","0.00","-0.07","0.00"," ","31","-0.07"," ","87.67","171.00","3.00"," "
" "," ","640","6409旭隼","其他電子","0.27","0.89","-0.87","-1.30","0.89","0.05"," ","30","-0.07"," ","59.84","766.00","-44.00"," "
" "," ","641","7732金興精密","汽車","0.00","0.00","-0.06","0.00","-0.01","0.00"," ","31","-0.07"," ","88.68","36.30","-0.40"," "
" "," ","642","9939宏全","其他","-0.01","-0.31","0.17","-0.12","0.38","-0.18"," ","30","-0.07"," ","61.24","120.50","1.50"," "
" "," ","643","1617榮星","電器電纜","0.06","0.04","0.01","0.00","-0.19","0.01"," ","31","-0.07"," ","74.63","15.05","-0.10"," "
" "," ","644","2892第一金","金融","-0.03","-0.06","0.04","0.12","-0.11","-0.03"," ","31","-0.07"," ","70.13","28.90","0.05"," "
" "," ","645","1232大統益","食品","-0.01","0.00","0.00","-0.02","-0.03","-0.01"," ","31","-0.07"," ","74.43","149.50","-0.50"," "
" "," ","646","2028威致","鋼鐵","-0.20","0.15","-0.01","-0.02","0.00","0.00"," ","40","-0.08"," ","83.13","17.30","-0.35"," "
" "," ","647","4438廣越","紡織","0.00","-0.05","0.00","0.05","-0.06","-0.02"," ","31","-0.08"," ","66.73","58.90","-2.10"," "
" "," ","648","3673TPK-KY","光電","-0.22","-0.57","-0.08","0.94","-0.10","-0.05"," ","31","-0.08"," ","46.45","38.95","-0.40"," "
" "," ","649","3024憶聲","光電","-0.15","-0.29","0.03","0.25","-0.08","0.16"," ","31","-0.08"," ","47.58","10.15","-0.10"," "
" "," ","650","2702華園","觀光","0.00","0.00","0.00","-0.08","0.00","0.00"," ","40","-0.08"," ","71.94","11.35","-0.15"," "
" "," ","651","3266昇陽","營建","-0.01","0.02","-0.11","0.00","0.00","0.02"," ","41","-0.08"," ","90.11","13.10","-0.40"," "
" "," ","652","2534宏盛","營建","0.00","-0.01","-0.05","-0.09","0.14","-0.08"," ","30","-0.09"," ","73.96","20.20","-0.05"," "
" "," ","653","7730暉盛-創","創新板","0.00","-0.01","-0.02","0.00","-0.04","-0.02"," ","31","-0.09"," ","71.79","145.00","1.50"," "
" "," ","654","8467波力-KY","運動","0.31","0.24","0.05","-0.01","-0.68","0.00"," ","31","-0.09"," ","82.25","153.50","-3.00"," "
" "," ","655","1234黑松","食品","-0.03","-0.04","0.00","0.01","-0.03","0.00"," ","31","-0.09"," ","83.62","36.15","-0.25"," "
" "," ","656","2536宏普","營建","-0.18","0.03","0.04","-0.03","0.00","0.05"," ","50","-0.09"," ","79.57","22.40","-0.20"," "
" "," ","657","3705永信","生技醫療業","0.07","-0.23","0.13","0.03","-0.16","0.07"," ","31","-0.09"," ","67.91","52.90","0.00"," "
" "," ","658","8940新天地","觀光","-0.06","0.02","0.05","0.01","0.00","-0.11"," ","10","-0.09"," ","70.35","18.80","-0.10"," "
" "," ","659","4155訊映","生技醫療業","0.01","0.32","-0.40","0.36","-0.01","-0.38"," ","10","-0.10"," ","40.82","13.35","-0.20"," "
" "," ","660","2547日勝生","營建","-0.05","-0.15","-0.13","0.23","0.17","-0.17"," ","10","-0.10"," ","71.65","11.10","0.00"," "
" "," ","661","8404百和興業-KY","其他","-0.04","-0.09","0.08","0.19","-0.14","-0.10"," ","31","-0.10"," ","78.96","20.15","-0.35"," "
" "," ","662","5906台南-KY","貿易百貨","-0.10","0.00","0.00","-0.01","-0.03","0.03"," ","31","-0.11"," ","87.63","49.40","-0.10"," "
" "," ","663","6533晶心科","半導體","0.00","-0.79","0.74","-0.14","0.08","0.00"," ","30","-0.11"," ","23.62","192.00","-0.50"," "
" "," ","664","2608嘉里大榮","航運","-0.02","-0.10","0.07","-0.41","0.00","0.35"," ","50","-0.11"," ","78.03","31.15","-0.40"," "
" "," ","665","1904正隆","造紙","0.00","0.04","0.14","0.06","-0.18","-0.17"," ","31","-0.11"," ","64.66","17.30","-0.20"," "
" "," ","666","2535達欣工","營建","-0.14","-0.01","0.13","0.07","0.05","-0.22"," ","10","-0.12"," ","60.00","73.30","1.20"," "
" "," ","667","3257虹冠電","半導體","0.41","-0.13","-1.01","0.59","0.08","-0.06"," ","10","-0.12"," ","44.59","55.90","-0.20"," "
" "," ","668","6196帆宣","其他電子","-0.72","-0.11","0.05","-0.60","1.30","-0.04"," ","30","-0.12"," ","71.05","276.00","-7.50"," "
" "," ","669","1454台富","紡織","0.01","-0.14","0.00","0.00","0.00","0.01"," ","41","-0.12"," ","81.76","12.90","0.05"," "
" "," ","670","4935茂林-KY","光電","0.05","-0.31","0.03","-0.04","0.00","0.15"," ","50","-0.12"," ","62.68","36.20","0.15"," "
" "," ","671","6715嘉基","電子零組件","-0.21","0.74","-0.42","0.06","-0.77","0.47"," ","31","-0.13"," ","77.18","305.00","1.00"," "
" "," ","672","2929淘帝-KY","貿易百貨","0.18","0.02","-0.41","0.54","-0.22","-0.24"," ","10","-0.13"," ","28.84","7.00","0.00"," "
" "," ","673","9905大華","其他","-0.05","0.00","-0.06","0.00","0.01","-0.03"," ","30","-0.13"," ","73.76","21.65","1.15"," "
" "," ","674","9958世紀鋼","鋼鐵","-0.05","-0.65","-0.32","0.15","0.06","0.68"," ","31","-0.13"," ","57.09","127.50","-1.00"," "
" "," ","675","2597潤弘","營建","-0.23","-0.03","-0.04","0.10","0.19","-0.13"," ","30","-0.14"," ","79.51","170.50","-0.50"," "
" "," ","676","1731美吾華","生技醫療業","-0.04","0.00","-0.01","0.31","-0.36","-0.04"," ","31","-0.14"," ","57.11","21.90","0.05"," "
" "," ","677","3501維熹","電子零組件","-0.49","0.06","-0.03","0.01","-0.04","0.35"," ","31","-0.14"," ","53.44","49.05","-0.95"," "
" "," ","678","4590富田-創","創新板","0.00","0.00","0.00","0.00","-0.14","0.00"," ","31","-0.14"," ","49.44","70.80","-1.40"," "
" "," ","679","1447力鵬","紡織","-0.14","-0.09","-0.05","0.15","0.09","-0.11"," ","10","-0.15"," ","70.55","5.44","-0.05"," "
" "," ","680","4906正文","通信網路","0.16","-0.19","-0.55","0.11","-0.17","0.49"," ","31","-0.15"," ","30.60","26.15","-0.60"," "
" "," ","681","2530華建","營建","-0.03","-0.02","-0.19","-0.12","0.15","0.06"," ","30","-0.15"," ","84.93","25.35","-0.60"," "
" "," ","682","4306炎洲","塑膠","0.13","-0.06","-0.04","0.04","-0.05","-0.17"," ","10","-0.15"," ","54.01","13.25","0.00"," "
" "," ","683","1472三洋實業","營建","0.00","-0.04","-0.12","-0.01","0.12","-0.10"," ","30","-0.15"," ","79.66","91.30","-0.30"," "
" "," ","684","6504南六","其他","-0.32","0.07","0.04","0.01","0.03","0.02"," ","30","-0.15"," ","69.59","38.85","-0.10"," "
" "," ","685","2466冠西電","光電","0.15","0.13","-0.06","0.17","-0.59","0.04"," ","31","-0.16"," ","89.12","43.35","-1.95"," "
" "," ","686","1789神隆","生技醫療業","-0.16","-0.27","0.11","-0.08","0.14","0.10"," ","30","-0.16"," ","76.75","20.75","0.05"," "
" "," ","687","1905華紙","造紙","0.06","0.04","0.01","-0.02","-0.24","-0.01"," ","31","-0.16"," ","71.98","11.50","-0.20"," "
" "," ","688","2388威盛","半導體","0.15","-0.15","-0.43","0.03","-0.05","0.28"," ","31","-0.17"," ","65.59","48.25","-0.75"," "
" "," ","689","8478東哥遊艇","運動","-0.11","0.00","-0.05","-0.03","-0.02","0.04"," ","50","-0.17"," ","77.12","163.50","-4.50"," "
" "," ","690","6505台塑化","油電燃氣","0.13","0.01","0.01","0.14","-0.34","-0.12"," ","31","-0.17"," ","94.85","57.90","-1.00"," "
" "," ","691","3703欣陸","營建","-0.13","0.05","-0.02","-0.22","0.08","0.07"," ","30","-0.17"," ","71.88","22.30","0.40"," "
" "," ","692","2108南帝","橡膠","-0.25","0.01","0.09","0.15","-0.08","-0.09"," ","10","-0.17"," ","70.33","25.85","0.45"," "
" "," ","693","2850新產","金融","-0.28","-0.01","-0.14","0.08","0.21","-0.03"," ","30","-0.17"," ","67.74","120.00","3.00"," "
" "," ","694","8021尖點","其他電子","-3.85","-0.01","-2.48","8.18","-2.49","0.47"," ","31","-0.18"," ","46.17","243.50","7.00"," "
" "," ","695","2317鴻海","其他電子","-0.12","-0.34","0.29","0.79","-0.37","-0.43"," ","10","-0.18"," ","67.98","214.50","0.00"," "
" "," ","696","2017官田鋼","鋼鐵","-0.06","-0.45","-0.03","-0.08","0.14","0.29"," ","50","-0.19"," ","61.26","9.58","-0.20"," "
" "," ","697","7705三商餐飲","觀光","0.00","-0.07","0.00","0.00","-0.03","-0.09"," ","10","-0.19"," ","69.96","35.90","-0.50"," "
" "," ","698","2511太子","營建","0.00","-0.01","-0.15","0.08","-0.07","-0.04"," ","31","-0.19"," ","79.93","8.14","-0.04"," "
" "," ","699","9941裕融","其他","0.15","0.09","-0.46","-0.15","-0.15","0.33"," ","41","-0.19"," ","68.68","75.70","0.70"," "
" "," ","700","3051力特","光電","-0.21","-0.24","-0.22","0.02","0.50","-0.04"," ","30","-0.19"," ","37.49","21.30","-0.30"," "
" "," ","701","2801彰銀","金融","0.04","0.05","0.12","0.19","-0.45","-0.14"," ","31","-0.19"," ","77.18","20.60","0.00"," "
" "," ","702","2633台灣高鐵","航運","0.02","-0.02","0.04","0.01","-0.12","-0.13"," ","10","-0.20"," ","86.46","25.90","-0.10"," "
" "," ","703","6115鎰勝","電子零組件","-0.07","-0.12","-0.02","0.00","0.01","0.00"," ","30","-0.20"," ","60.99","46.60","-0.15"," "
" "," ","704","3338泰碩","電子零組件","-1.08","0.50","-0.43","0.00","0.46","0.35"," ","30","-0.20"," ","29.03","58.60","-0.20"," "
" "," ","705","1338廣華-KY","汽車","-0.12","0.20","0.44","-0.13","-0.11","-0.48"," ","30","-0.20"," ","43.71","15.15","0.25"," "
" "," ","706","3045台灣大","通信網路","-0.17","-0.10","0.00","0.10","-0.01","-0.02"," ","10","-0.20"," ","91.36","106.50","0.50"," "
" "," ","707","1423利華","紡織","0.01","0.02","0.00","0.03","0.05","-0.32"," ","30","-0.21"," ","79.64","39.90","-1.25"," "
" "," ","708","6674鋐寶科技","通信網路","0.00","0.00","0.00","0.00","0.00","-0.21"," ","20","-0.21"," ","84.94","18.15","-0.25"," "
" "," ","709","5876上海商銀","金融","0.05","-0.03","0.17","0.08","-0.46","-0.02"," ","31","-0.21"," ","86.19","39.50","0.35"," "
" "," ","710","1736喬山","運動","-0.35","0.15","-0.23","0.10","-0.30","0.42"," ","31","-0.21"," ","88.55","129.50","0.50"," "
" "," ","711","9945潤泰新","其他","-0.16","-0.29","0.12","0.28","-0.11","-0.06"," ","31","-0.22"," ","65.39","27.90","-0.15"," "
" "," ","712","1337再生-KY","塑膠","-0.41","0.27","0.04","0.39","0.04","-0.55"," ","10","-0.22"," ","46.60","5.83","-0.07"," "
" "," ","713","6277宏正","電腦週邊","-0.35","0.01","0.02","0.01","0.05","0.04"," ","30","-0.22"," ","54.57","60.20","0.10"," "
" "," ","714","2855統一證","金融","0.48","-0.44","-0.06","0.26","-0.46","0.00"," ","31","-0.22"," ","75.82","30.25","-0.05"," "
" "," ","715","2392正崴","電子零組件","0.00","0.21","-0.21","0.33","-0.58","0.02"," ","31","-0.23"," ","46.42","35.65","0.00"," "
" "," ","716","9907統一實","其他","-0.09","-0.31","0.03","0.56","0.07","-0.49"," ","10","-0.23"," ","80.33","18.10","-0.15"," "
" "," ","717","1301台塑","塑膠","0.27","-0.32","-0.01","0.93","-0.42","-0.69"," ","10","-0.24"," ","72.37","45.50","-0.75"," "
" "," ","718","2886兆豐金","金融","-0.15","-0.18","0.04","0.20","-0.08","-0.08"," ","21","-0.25"," ","81.47","38.75","-0.05"," "
" "," ","719","6005群益證","金融","0.69","-0.35","0.00","0.35","-0.23","-0.71"," ","10","-0.25"," ","77.83","27.80","0.00"," "
" "," ","720","6579研揚","電腦週邊","0.02","0.07","0.06","-0.08","-0.32","0.00"," ","31","-0.25"," ","86.97","110.00","-2.00"," "
" "," ","721","2615萬海","航運","-0.28","0.09","0.09","0.18","-0.40","0.07"," ","31","-0.25"," ","83.78","78.70","-1.30"," "
" "," ","722","5538東明-KY","鋼鐵","-0.02","-0.03","-0.04","0.00","-0.18","0.01"," ","31","-0.26"," ","94.00","30.40","-0.15"," "
" "," ","723","1326台化","塑膠","0.64","-0.16","-0.08","0.62","-0.83","-0.45"," ","31","-0.26"," ","80.62","41.70","-0.95"," "
" "," ","724","5880合庫金","金融","-0.11","-0.12","0.05","0.12","-0.08","-0.12"," ","10","-0.26"," ","72.97","23.00","-0.10"," "
" "," ","725","8072陞泰","電子通路","-0.03","0.03","-0.20","0.71","-0.16","-0.62"," ","10","-0.27"," ","60.63","27.85","-0.35"," "
" "," ","726","2025千興","鋼鐵","0.02","-0.28","0.00","-0.02","0.01","0.00"," ","30","-0.27"," ","62.02","10.60","-0.05"," "
" "," ","727","3094聯傑","半導體","-0.60","-0.06","0.01","0.49","0.00","-0.11"," ","10","-0.27"," ","17.20","23.20","-0.05"," "
" "," ","728","4763材料-KY","化學","0.09","-0.13","-0.69","-0.29","0.51","0.24"," ","30","-0.27"," ","61.73","44.10","1.50"," "
" "," ","729","8163達方","電腦週邊","-0.07","0.08","-0.24","0.13","-0.50","0.33"," ","31","-0.27"," ","44.95","28.40","-0.10"," "
" "," ","730","6541泰福-KY","生技醫療業","0.04","0.00","-0.33","0.04","0.08","-0.10"," ","30","-0.27"," ","71.46","42.05","-0.70"," "
" "," ","731","1324地球","塑膠","-0.12","0.01","-0.01","-0.04","-0.07","-0.05"," ","31","-0.28"," ","67.27","10.40","-0.05"," "
" "," ","732","1225福懋油","食品","0.22","-0.11","0.18","-0.14","-0.20","-0.23"," ","10","-0.28"," ","88.84","32.55","-0.25"," "
" "," ","733","9940信義","其他","-0.07","-0.05","-0.06","0.01","-0.07","-0.04"," ","31","-0.28"," ","81.46","20.15","0.05"," "
" "," ","734","2397友通","電腦週邊","-0.36","0.03","0.01","0.38","-0.35","0.01"," ","31","-0.28"," ","73.25","55.00","-0.10"," "
" "," ","735","9908大台北","油電燃氣","-0.09","0.00","0.02","-0.02","-0.27","0.08"," ","31","-0.28"," ","80.24","30.40","-0.45"," "
" "," ","736","2845遠東銀","金融","-0.12","-0.12","0.06","0.09","-0.17","-0.03"," ","31","-0.29"," ","73.20","12.35","-0.05"," "
" "," ","737","5546永固-KY","營建","0.00","0.00","-0.02","-0.07","0.00","-0.20"," ","30","-0.29"," ","84.28","17.20","-1.45"," "
" "," ","738","1436華友聯","營建","-0.05","-0.22","-0.15","0.19","0.11","-0.17"," ","10","-0.29"," ","78.60","54.00","0.40"," "
" "," ","739","9924福興","居家","0.00","0.29","-0.64","0.32","-0.27","0.00"," ","31","-0.30"," ","62.50","45.10","0.00"," "
" "," ","740","6112邁達特","資訊服務","-0.24","0.21","-0.02","-0.38","0.37","-0.24"," ","30","-0.30"," ","58.46","47.80","-0.55"," "
" "," ","741","6657 華安","生技醫療業","-0.28","-0.64","0.00","0.48","0.10","0.04"," ","10","-0.30"," ","36.38","47.95","-0.60"," "
" "," ","742","3058立德","電子零組件","0.47","-0.21","-0.72","0.54","0.28","-0.66"," ","10","-0.30"," ","25.00","9.19","-0.06"," "
" "," ","743","1512瑞利","汽車","-0.04","-0.04","-0.04","-0.06","-0.02","-0.11"," ","30","-0.31"," ","53.43","7.84","-0.17"," "
" "," ","744","2338光罩","半導體","0.13","0.04","-0.51","0.65","0.07","-0.69"," ","10","-0.31"," ","50.43","50.00","0.50"," "
" "," ","745","2753八方雲集","觀光","-0.95","-0.12","0.11","0.06","-0.37","0.95"," ","31","-0.32"," ","60.99","185.50","-2.00"," "
" "," ","746","2380虹光","電腦週邊","-0.04","-0.03","-0.02","-0.03","0.01","-0.21"," ","30","-0.32"," ","43.55","5.60","-0.10"," "
" "," ","747","1612宏泰","電器電纜","0.43","-0.24","-0.21","-0.26","-0.15","0.11"," ","50","-0.32"," ","62.34","34.15","-0.05"," "
" "," ","748","4994傳奇","資訊服務","-0.60","-0.37","0.00","-0.02","0.03","0.64"," ","50","-0.32"," ","85.21","97.00","-1.00"," "
" "," ","749","2613中櫃","航運","-0.01","0.41","-0.07","0.13","-0.68","-0.11"," ","31","-0.33"," ","54.95","25.70","-0.20"," "
" "," ","750","3022威強電","電腦週邊","-0.48","0.29","-0.49","0.03","-0.22","0.54"," ","31","-0.33"," ","57.65","61.00","0.40"," "
" "," ","751","1773勝一","化學","-0.17","-0.19","-0.23","0.26","0.22","-0.22"," ","10","-0.33"," ","74.42","150.50","6.50"," "
" "," ","752","5522遠雄","營建","-0.04","-0.04","-0.18","-0.06","-0.01","-0.01"," ","40","-0.34"," ","88.87","66.90","1.70"," "
" "," ","753","1418東華","紡織","-0.40","-0.01","0.01","0.02","0.02","0.02"," ","32","-0.34"," ","70.70","18.50","-0.50"," "
" "," ","754","2601益航","貿易百貨","0.04","-0.03","-0.09","0.07","-0.42","0.08"," ","31","-0.35"," ","31.45","6.22","-0.20"," "
" "," ","755","1229聯華","食品","0.04","-0.25","0.01","0.02","0.10","-0.28"," ","30","-0.36"," ","65.24","43.55","0.20"," "
" "," ","756","2528皇普","營建","-0.29","-0.17","-0.21","0.05","0.16","0.10"," ","30","-0.36"," ","82.75","26.75","-0.15"," "
" "," ","757","9103美德醫療-DR","存託憑證","-0.03","-1.08","0.37","0.36","-0.15","0.17"," ","31","-0.36"," ","9.93","5.12","-0.05"," "
" "," ","758","2881富邦金","金融","-0.07","-0.02","0.09","-0.02","-0.14","-0.20"," ","10","-0.36"," ","85.28","88.10","-1.30"," "
" "," ","759","1615大山","電器電纜","-0.04","-0.30","-0.02","0.00","0.03","-0.04"," ","30","-0.37"," ","81.04","45.95","0.90"," "
" "," ","760","2106建大","橡膠","-0.07","-0.13","0.03","0.07","-0.12","-0.16"," ","10","-0.38"," ","80.22","18.25","-0.35"," "
" "," ","761","9917中保科","其他","-0.18","-0.38","0.07","-0.08","-0.05","0.24"," ","50","-0.38"," ","76.88","113.00","0.50"," "
" "," ","762","2441超豐","半導體","-1.31","0.02","-0.25","0.36","0.65","0.15"," ","30","-0.38"," ","75.14","85.00","-0.40"," "
" "," ","763","8104錸寶","光電","0.11","-1.08","-0.53","0.93","-0.60","0.79"," ","31","-0.38"," ","40.80","34.70","-0.30"," "
" "," ","764","2812台中銀","金融","-0.15","-0.09","-0.01","0.10","-0.17","-0.07"," ","31","-0.39"," ","60.49","20.80","-0.15"," "
" "," ","765","7749意騰-KY","半導體","-0.06","-0.27","0.03","-0.01","-0.07","-0.01"," ","31","-0.39"," ","51.73","390.50","-8.50"," "
" "," ","766","6863永道-KY","通信網路","-0.11","-0.10","-0.06","0.08","-0.17","-0.04"," ","31","-0.40"," ","75.67","89.90","-1.70"," "
" "," ","767","3046建卅卅","電腦週邊","0.03","-0.63","-0.37","-0.03","0.66","-0.06"," ","30","-0.40"," ","53.65","47.45","0.15"," "
" "," ","768","3130一零四","雲端","0.00","0.03","0.06","0.04","-0.49","-0.04"," ","31","-0.40"," ","62.14","223.00","0.00"," "
" "," ","769","2354鴻準","其他電子","-0.33","-0.22","0.28","0.27","-0.42","0.02"," ","31","-0.40"," ","47.75","53.70","-0.20"," "
" "," ","770","4190佐登-KY","生技醫療業","0.00","0.00","-0.12","0.00","0.00","-0.29"," ","20","-0.41"," ","65.67","28.55","-0.15"," "
" "," ","771","3711日月光投控","半導體","0.06","-0.21","0.40","0.05","-0.42","-0.29"," ","31","-0.41"," ","88.52","341.50","6.50"," "
" "," ","772","2471資通","資訊服務","-0.02","0.02","-0.61","-0.09","1.08","-0.80"," ","30","-0.42"," ","24.25","52.30","-0.50"," "
" "," ","773","3054立萬利","食品","0.01","0.47","0.00","-0.54","0.51","-0.90"," ","30","-0.45"," ","87.81","72.20","6.50"," "
" "," ","774","3296勝德","電子零組件","-0.88","0.19","0.02","0.50","-0.33","0.05"," ","31","-0.45"," ","77.11","21.85","-0.20"," "
" "," ","775","6719力智","半導體","1.02","-0.62","-0.57","-0.13","-0.17","0.01"," ","31","-0.46"," ","51.44","173.50","-2.50"," "
" "," ","776","2405輔信","電腦週邊","-0.72","-0.24","-0.46","0.33","-0.22","0.84"," ","31","-0.47"," ","23.86","14.75","-0.15"," "
" "," ","777","1809中釉","玻璃","-0.07","-0.22","-0.16","0.12","0.01","-0.15"," ","10","-0.47"," ","50.27","26.00","0.85"," "
" "," ","778","2491吉祥全","光電","0.02","0.07","0.05","-0.03","-0.58","0.00"," ","31","-0.47"," ","71.05","16.15","0.65"," "
" "," ","779","9937全國","油電燃氣","-0.15","0.00","0.00","0.00","0.00","-0.33"," ","20","-0.48"," ","89.05","56.90","0.00"," "
" "," ","780","6550北極星藥業-KY","生技醫療業","-0.01","-0.01","-0.26","0.22","-0.30","-0.12"," ","31","-0.48"," ","74.98","24.10","-2.65"," "
" "," ","781","4930燦星網","電器電纜","0.00","-0.02","0.00","0.00","0.00","-0.49"," ","20","-0.51"," ","63.29","20.55","-0.15"," "
" "," ","782","2247汎德永業","汽車","0.00","0.00","0.02","-0.54","0.00","0.00"," ","40","-0.52"," ","76.73","245.00","1.00"," "
" "," ","783","1413宏洲","紡織","-0.21","0.00","0.00","0.00","0.00","-0.31"," ","20","-0.52"," ","75.43","9.59","0.01"," "
" "," ","784","6582申豐","橡膠","-0.53","0.00","0.00","0.00","0.00","0.00"," ","32","-0.53"," ","74.31","31.55","-0.25"," "
" "," ","785","1605華新","電器電纜","1.52","-1.73","-0.41","-0.03","0.29","-0.18"," ","30","-0.54"," ","70.28","32.05","0.00"," "
" "," ","786","8131福懋科","半導體","0.81","-0.48","0.18","0.01","-0.46","-0.60"," ","10","-0.54"," ","71.75","63.20","-0.10"," "
" "," ","787","1626艾美特-KY","電器電纜","-0.19","-0.38","0.01","-0.04","0.05","0.01"," ","30","-0.54"," ","67.36","10.40","-0.25"," "
" "," ","788","6768志強-KY","運動","-0.14","0.05","-0.01","0.08","-0.18","-0.34"," ","10","-0.54"," ","83.12","93.20","0.70"," "
" "," ","789","1616億泰","電器電纜","-0.35","0.14","0.15","-0.03","0.15","-0.61"," ","30","-0.55"," ","60.63","25.50","-0.35"," "
" "," ","790","6177達麗","營建","-0.44","-0.10","-0.02","0.08","-0.03","-0.04"," ","10","-0.55"," ","76.38","45.90","0.15"," "
" "," ","791","1603華電","電器電纜","0.84","-0.67","-0.12","-0.03","-0.07","-0.50"," ","10","-0.55"," ","74.51","34.45","-2.55"," "
" "," ","792","2330台積電","半導體","0.00","-0.08","0.04","-0.02","-0.29","-0.21"," ","31","-0.56"," ","88.56","1865.00","-20.00"," "
" "," ","793","3008大立光","光電","-0.16","0.08","0.06","0.06","0.22","-0.82"," ","30","-0.56"," ","60.93","2345.00","-10.00"," "
" "," ","794","6790永豐實","造紙","-0.16","0.08","-0.44","-0.01","-0.02","-0.01"," ","31","-0.56"," ","78.78","40.05","0.10"," "
" "," ","795","2444兆勁","通信網路","0.14","0.02","0.01","-0.04","-0.76","0.07"," ","31","-0.56"," ","25.99","13.20","0.20"," "
" "," ","796","2548華固","營建","0.10","-0.17","-0.05","-0.57","-0.03","0.15"," ","50","-0.57"," ","57.26","116.50","0.00"," "
" "," ","797","5222全訊","半導體","-0.08","-0.60","0.02","0.78","0.10","-0.80"," ","10","-0.58"," ","32.02","133.50","-2.00"," "
" "," ","798","4912聯德控股-KY","電子零組件","-1.00","0.05","0.10","0.40","-0.06","-0.08"," ","10","-0.59"," ","51.96","87.50","1.70"," "
" "," ","799","9919康那香","其他","-0.92","-0.12","-0.02","0.44","-0.13","0.16"," ","31","-0.59"," ","47.16","15.60","-0.05"," "
" "," ","800","2476鉅祥","電子零組件","-0.05","-0.46","0.04","0.68","-0.61","-0.20"," ","31","-0.60"," ","53.51","82.30","5.30"," "
" "," ","801","6873泓德能源-創","綠能","-0.27","-0.28","0.33","-0.27","0.24","-0.36"," ","30","-0.61"," ","61.14","99.50","-2.00"," "
" "," ","802","6641基士德-KY","綠能","-0.26","-0.15","-0.06","-0.06","-0.04","-0.05"," ","30","-0.62"," ","63.24","19.00","-0.10"," "
" "," ","803","1339昭輝","汽車","-0.50","0.02","-0.48","0.04","0.23","0.07"," ","30","-0.62"," ","74.97","41.25","-0.15"," "
" "," ","804","9928中視","其他","-0.02","0.04","0.03","-0.07","-0.60","0.00"," ","31","-0.62"," ","74.19","17.90","0.05"," "
" "," ","805","1558伸興","電機","-0.02","-0.04","0.00","0.02","0.03","-0.61"," ","30","-0.62"," ","36.00","94.00","0.10"," "
" "," ","806","6235華孚","電腦週邊","-0.23","-0.09","-0.04","-0.03","-0.74","0.50"," ","31","-0.63"," ","42.09","49.00","-0.55"," "
" "," ","807","9931欣高","油電燃氣","0.00","0.00","0.00","0.00","-0.34","-0.30"," ","31","-0.64"," ","78.17","40.00","-2.50"," "
" "," ","808","3321同泰","電子零組件","0.59","-0.90","-0.59","0.31","-0.03","-0.03"," ","21","-0.65"," ","48.26","15.50","-0.20"," "
" "," ","809","6753龍德造船","航運","1.10","-1.62","0.06","0.92","-1.29","0.17"," ","31","-0.66"," ","60.87","135.50","1.50"," "
" "," ","810","1442名軒","營建","0.00","0.15","0.11","-0.31","-0.09","-0.52"," ","30","-0.66"," ","86.75","27.35","1.60"," "
" "," ","811","2432倚天酷卅卅-創","電腦週邊","0.00","0.00","0.00","0.01","-0.71","0.04"," ","31","-0.66"," ","76.63","28.30","0.50"," "
" "," ","812","1532勤美","電機","-0.42","0.10","0.01","-0.20","-0.01","-0.14"," ","30","-0.66"," ","64.83","23.30","-0.25"," "
" "," ","813","3715定穎投控","電子零組件","2.62","3.35","-5.80","-0.91","0.58","-0.53"," ","30","-0.69"," ","42.60","166.00","14.50"," "
" "," ","814","4566時碩工業","電機","0.04","-0.21","-0.06","0.75","-0.68","-0.53"," ","31","-0.69"," ","52.20","54.90","0.80"," "
" "," ","815","2353宏基","電腦週邊","-1.24","-1.19","0.36","0.13","0.34","0.90"," ","50","-0.70"," ","38.75","27.35","-0.55"," "
" "," ","816","6605帝寶","汽車","0.09","-0.61","0.00","0.26","-0.36","-0.08"," ","31","-0.70"," ","68.20","133.50","0.50"," "
" "," ","817","6806森崴能源","綠能","-0.08","0.04","0.31","-0.21","-0.65","-0.12"," ","31","-0.71"," ","55.53","39.95","-0.65"," "
" "," ","818","1710東聯","化學","-0.53","-0.04","-0.14","0.29","-0.02","-0.27"," ","10","-0.71"," ","62.56","14.10","0.10"," "
" "," ","819","8033雷虎","其他","1.46","-3.35","0.84","4.08","-3.74","0.00"," ","31","-0.71"," ","35.65","141.50","-3.00"," "
" "," ","820","6606建德工業","電機","0.02","-0.60","-0.48","0.00","-0.06","0.40"," ","31","-0.72"," ","70.01","24.55","-0.40"," "
" "," ","821","6472保瑞","生技醫療業","0.02","0.00","-0.72","0.55","-0.24","-0.33"," ","10","-0.72"," ","55.01","456.50","-5.50"," "
" "," ","822","3055蔚華科","電子通路","0.08","-0.25","-0.30","0.02","0.00","-0.27"," ","10","-0.72"," ","69.47","57.70","-1.20"," "
" "," ","823","6962ITH-KY","半導體","0.55","0.23","-0.36","-0.29","-1.01","0.15"," ","31","-0.73"," ","52.51","30.00","-0.15"," "
" "," ","824","1623大東電","電器電纜","0.00","0.00","0.00","0.00","-0.02","-0.71"," ","10","-0.73"," ","79.52","196.50","-3.50"," "
" "," ","825","6890來億-KY","運動","0.14","-0.52","-0.38","-0.08","0.07","0.04"," ","30","-0.73"," ","88.64","162.50","2.50"," "
" "," ","826","3052夆典","營建","0.24","-0.04","-0.16","0.03","-0.27","-0.53"," ","10","-0.73"," ","56.63","11.10","-0.10"," "
" "," ","827","2324仁寶","電腦週邊","-0.78","0.09","-0.17","-0.91","-0.20","1.23"," ","50","-0.74"," ","69.46","32.20","-0.45"," "
" "," ","828","6776展卅眥篕卅","電子通路","-0.11","-0.64","0.04","0.03","0.51","-0.57"," ","30","-0.74"," ","66.73","56.60","0.40"," "
" "," ","829","6189豐藝","電子通路","0.04","-0.11","-0.37","-0.24","-0.25","0.19"," ","31","-0.74"," ","33.05","44.70","0.20"," "
" "," ","830","4560強信-KY","電機","-0.30","-0.53","-0.02","0.33","-0.12","-0.11"," ","31","-0.75"," ","86.49","32.95","0.10"," "
" "," ","831","2231為升","汽車","-0.36","-0.28","-0.03","0.06","-0.03","-0.11"," ","10","-0.75"," ","63.98","82.10","-0.20"," "
" "," ","832","9105泰金寶-DR","存託憑證","-0.36","-0.46","-0.20","0.46","-0.41","0.21"," ","31","-0.76"," ","29.38","5.67","-0.11"," "
" "," ","833","1449佳和","紡織","-0.26","-0.52","0.34","0.38","-0.04","-0.66"," ","10","-0.76"," ","42.94","10.75","-0.10"," "
" "," ","834","2480敦陽科","資訊服務","-0.05","-0.16","-0.11","-0.24","-0.24","0.03"," ","41","-0.77"," ","32.06","142.00","-1.00"," "
" "," ","835","5608四維航","航運","0.07","0.44","0.39","0.15","-1.67","-0.15"," ","31","-0.77"," ","27.77","16.55","-0.35"," "
" "," ","836","2834臺企銀","金融","-0.15","-0.20","0.12","0.37","-0.41","-0.50"," ","10","-0.77"," ","61.20","15.00","-0.05"," "
" "," ","837","4133亞諾法","生技醫療業","-0.84","0.00","0.00","0.00","0.07","0.00"," ","30","-0.77"," ","23.68","23.15","-0.15"," "
" "," ","838","6689伊雲谷","雲端","-0.25","-0.40","0.17","-0.53","-0.06","0.28"," ","50","-0.79"," ","48.09","71.70","0.20"," "
" "," ","839","2308台達電","電子零組件","-0.27","-0.24","0.18","0.10","-0.35","-0.21"," ","31","-0.79"," ","84.32","1385.00","15.00"," "
" "," ","840","2611志信","航運","-0.27","-0.51","-0.27","-0.02","0.03","0.25"," ","50","-0.79"," ","46.25","14.85","-0.20"," "
" "," ","841","6168宏齊","光電","-1.90","0.41","0.02","0.00","-0.21","0.89"," ","31","-0.79"," ","50.67","22.40","0.80"," "
" "," ","842","1618合機","電器電纜","-0.47","-0.09","-0.12","-0.24","0.51","-0.38"," ","30","-0.79"," ","56.84","41.45","0.20"," "
" "," ","843","4137麗豐-KY","生技醫療業","-0.03","0.01","0.03","0.24","-0.21","-0.83"," ","10","-0.79"," ","55.83","107.00","-1.50"," "
" "," ","844","1312國喬","塑膠","0.01","0.13","0.30","0.63","-0.71","-1.15"," ","10","-0.79"," ","53.52","13.65","-0.40"," "
" "," ","845","6854錼創科技-KY創","半導體","0.18","0.22","0.35","-0.04","-0.73","-0.80"," ","10","-0.82"," ","68.79","143.50","0.00"," "
" "," ","846","4952凌通","半導體","-0.02","-0.39","-0.04","-0.33","-0.44","0.39"," ","31","-0.83"," ","50.69","44.30","-0.25"," "
" "," ","847","3706神達","電腦週邊","-1.13","-0.15","0.01","0.30","-0.60","0.73"," ","31","-0.84"," ","50.15","82.70","-0.30"," "
" "," ","848","2115六暉-KY","汽車","-0.01","-0.02","0.02","-0.37","-0.46","-0.01"," ","31","-0.85"," ","70.04","22.50","-0.05"," "
" "," ","849","7736虎山","汽車","-0.68","0.01","-0.01","0.00","0.02","-0.20"," ","30","-0.86"," ","82.98","83.80","0.10"," "
" "," ","850","8442威宏-KY","其他","-0.05","-0.13","-0.02","-0.07","-0.58","-0.01"," ","31","-0.86"," ","71.93","63.00","0.60"," "
" "," ","851","1402遠東新","紡織","-0.03","-0.01","-0.04","0.05","-0.64","-0.20"," ","31","-0.87"," ","89.36","27.30","-0.65"," "
" "," ","852","8996高力","電機","0.11","0.25","-0.67","-0.45","-1.14","1.02"," ","31","-0.88"," ","53.02","899.00","-18.00"," "
" "," ","853","2852第一保","金融","-0.02","-0.25","-0.04","-0.02","-0.20","-0.35"," ","10","-0.88"," ","65.39","26.15","-0.20"," "
" "," ","854","1305華夏","塑膠","-0.30","-0.58","0.06","0.61","-1.04","0.37"," ","31","-0.88"," ","53.35","13.75","-0.25"," "
" "," ","855","2423固緯","其他電子","-0.06","-0.46","-0.37","-0.02","0.02","0.01"," ","30","-0.88"," ","75.83","47.65","0.35"," "
" "," ","856","2364倫飛","電腦週邊","-0.10","-0.79","0.00","0.00","0.00","0.00"," ","32","-0.89"," ","55.05","62.90","-0.90"," "
" "," ","857","2424隴華","通信網路","-0.04","0.11","-0.72","0.00","-0.01","-0.23"," ","10","-0.89"," ","89.18","30.15","-1.25"," "
" "," ","858","1216統一","食品","-0.36","-0.11","-0.06","0.15","-0.27","-0.24"," ","31","-0.89"," ","88.40","70.00","-0.10"," "
" "," ","859","2618長榮航","航運","-0.12","0.32","0.63","0.05","-1.02","-0.75"," ","31","-0.89"," ","72.54","33.55","-0.15"," "
" "," ","860","1519華城","電機","0.12","-0.37","0.10","0.25","-0.40","-0.59"," ","10","-0.89"," ","77.52","921.00","-1.00"," "
" "," ","861","1310台苯","塑膠","0.02","-0.09","0.26","0.15","-1.57","0.33"," ","31","-0.90"," ","35.72","11.85","0.10"," "
" "," ","862","4142國光生","生技醫療業","-0.88","-0.23","-0.11","-0.22","0.68","-0.14"," ","30","-0.90"," ","38.26","17.50","0.15"," "
" "," ","863","4766南寶","化學","-0.09","0.12","-0.38","-0.10","0.36","-0.84"," ","30","-0.93"," ","70.91","313.00","-0.50"," "
" "," ","864","1535中宇","電機","-0.34","-0.33","-0.34","0.04","0.02","0.02"," ","21","-0.93"," ","75.34","53.80","0.20"," "
" "," ","865","6269台郡","電子零組件","0.21","-0.20","0.37","0.71","-0.71","-1.31"," ","10","-0.93"," ","35.12","55.10","1.00"," "
" "," ","866","3712永崴投控","電腦週邊","-0.06","-0.35","-0.05","0.01","-0.16","-0.32"," ","10","-0.93"," ","52.87","22.30","-0.30"," "
" "," ","867","2331精英","電腦週邊","-0.80","-0.13","0.33","-0.38","-0.03","0.06"," ","50","-0.95"," ","59.80","23.70","-0.45"," "
" "," ","868","3047訊舟","通信網路","0.37","-1.04","-0.24","-0.05","0.17","-0.16"," ","30","-0.95"," ","19.68","15.90","-0.05"," "
" "," ","869","1503士電","電機","-0.05","-0.52","0.07","-0.04","-0.26","-0.15"," ","31","-0.95"," ","76.51","203.00","-0.50"," "
" "," ","870","2301光寶科","電腦週邊","-0.79","0.18","1.74","0.63","-2.60","-0.12"," ","31","-0.96"," ","78.83","167.00","7.50"," "
" "," ","871","2379瑞昱","半導體","-0.51","-0.25","0.08","-0.52","-0.14","0.36"," ","50","-0.98"," ","71.61","470.00","-3.00"," "
" "," ","872","6957裕慶-KY","其他","0.00","-0.16","0.07","-0.85","-0.02","-0.02"," ","40","-0.98"," ","72.87","165.00","-2.00"," "
" "," ","873","5243乙盛-KY","光電","-0.30","-0.62","-0.10","1.41","-1.18","-0.20"," ","31","-0.99"," ","63.08","73.00","-0.10"," "
" "," ","874","1516川飛","其他","0.52","-0.11","0.14","0.01","-0.42","-1.16"," ","10","-1.02"," ","61.31","23.40","-1.10"," "
" "," ","875","5534長虹","營建","-0.61","0.36","-0.43","0.08","-0.39","-0.03"," ","31","-1.02"," ","69.17","75.30","-0.10"," "
" "," ","876","2417圓剛","電腦週邊","-0.10","0.15","-0.04","-1.06","0.13","-0.10"," ","30","-1.02"," ","41.23","34.80","-0.40"," "
" "," ","877","2492華新科","電子零組件","-2.40","-1.05","-0.18","4.09","-0.64","-0.85"," ","10","-1.03"," ","58.51","129.50","4.50"," "
" "," ","878","4526東台","電機","0.79","-2.71","-0.42","2.11","-0.72","-0.09"," ","31","-1.04"," ","45.77","33.75","1.20"," "
" "," ","879","6924榮惠-KY創","創新板","0.00","-1.98","0.01","0.00","0.00","0.93"," ","41","-1.04"," ","85.18","74.80","6.00"," "
" "," ","880","3035智原","半導體","-0.24","-1.49","0.33","0.35","-0.01","0.00"," ","31","-1.06"," ","28.44","151.50","-2.00"," "
" "," ","881","4960誠美材","光電","-0.14","-1.06","-0.68","-0.01","0.71","0.12"," ","30","-1.06"," ","67.01","23.25","2.10"," "
" "," ","882","6598ABC-KY","生技醫療業","0.04","-0.28","-0.72","0.05","-0.03","-0.13"," ","10","-1.07"," ","51.59","25.05","0.50"," "
" "," ","883","6116彩晶","光電","-0.33","-1.61","0.10","0.14","-0.03","0.65"," ","31","-1.08"," ","45.73","8.89","-0.54"," "
" "," ","884","7791皇家可口","食品","-0.98","0.00","0.00","0.00","-0.01","-0.09"," ","10","-1.08"," ","82.31","65.50","0.00"," "
" "," ","885","910861神州-DR","存託憑證","-0.24","-1.41","0.98","-0.28","-0.14","-0.01"," ","50","-1.10"," ","34.87","5.17","0.00"," "
" "," ","886","2316楠梓電","電子零組件","-0.41","-0.15","0.33","1.28","-0.88","-1.27"," ","10","-1.10"," ","58.95","91.40","0.60"," "
" "," ","887","1536和大","汽車","-1.15","0.30","0.75","-0.03","-0.22","-0.77"," ","10","-1.12"," ","36.50","52.50","0.50"," "
" "," ","888","2104國際中橡","橡膠","-0.20","-0.18","-0.03","0.24","-0.89","-0.06"," ","31","-1.12"," ","45.85","12.40","-0.20"," "
" "," ","889","1102亞泥","水泥","-0.44","-0.30","0.07","0.00","-0.22","-0.24"," ","10","-1.13"," ","82.27","34.80","0.05"," "
" "," ","890","5284jpp-KY","其他","0.67","-0.87","0.59","-0.75","-0.14","-0.63"," ","30","-1.13"," ","50.71","268.50","0.00"," "
" "," ","891","3443創意","半導體","0.80","-2.63","0.36","-0.34","0.64","0.04"," ","30","-1.13"," ","65.20","2285.00","-5.00"," "
" "," ","892","1432大魯閣","運動","0.05","0.08","0.00","-0.15","0.05","-1.19"," ","30","-1.16"," ","60.78","18.85","-0.15"," "
" "," ","893","4571鈞興-KY","電機","-1.19","0.00","0.00","0.00","0.00","0.03"," ","41","-1.16"," ","65.15","164.00","2.00"," "
" "," ","894","7740熙特爾-創","創新板","-0.09","-0.06","-0.01","-0.14","-0.68","-0.19"," ","31","-1.17"," ","70.16","204.00","6.00"," "
" "," ","895","2239英利-KY","汽車","-0.08","-0.04","-0.51","-0.10","-0.44","0.00"," ","31","-1.17"," ","80.11","24.30","-0.15"," "
" "," ","896","2352佳世達","電腦週邊","-0.94","0.08","0.02","0.18","-0.30","-0.21"," ","31","-1.17"," ","47.56","24.15","0.50"," "
" "," ","897","2233宇隆","汽車","0.11","-0.10","-2.86","-0.37","0.59","1.45"," ","50","-1.18"," ","53.33","226.50","0.50"," "
" "," ","898","4958臻鼎-KY","電子零組件","1.13","-0.29","-0.50","0.04","-0.88","-0.69"," ","31","-1.19"," ","78.12","188.50","17.00"," "
" "," ","899","2634漢翔","航運","0.02","-0.69","0.44","-0.05","-0.19","-0.74"," ","10","-1.21"," ","49.62","50.80","0.30"," "
" "," ","900","2328廣宇","電子零組件","-1.35","-0.11","-0.63","0.85","-0.03","0.05"," ","31","-1.22"," ","39.35","46.10","0.05"," "
" "," ","901","3006晶豪科","半導體","0.03","-0.20","0.14","-2.35","-0.23","1.37"," ","50","-1.24"," ","53.10","161.00","-2.50"," "
" "," ","902","7799禾榮科","生技醫療業","0.25","-1.01","-0.03","0.34","-0.48","-0.31"," ","31","-1.24"," ","79.38","420.00","-12.00"," "
" "," ","903","2455全新","通信網路","-0.75","0.67","-1.06","-1.15","1.18","-0.16"," ","30","-1.27"," ","56.98","237.50","14.50"," "
" "," ","904","6117迎廣","電腦週邊","-0.62","-0.06","0.01","0.09","-0.10","-0.60"," ","10","-1.28"," ","52.73","71.50","2.70"," "
" "," ","905","1522堤維西","汽車","-0.06","0.10","-1.03","0.05","0.29","-0.63"," ","30","-1.28"," ","61.08","36.70","-3.75"," "
" "," ","906","6591動力-KY","電腦週邊","0.00","-0.07","0.04","-0.28","-1.02","0.04"," ","31","-1.29"," ","27.67","64.20","1.10"," "
" "," ","907","5388中磊","通信網路","-0.13","-1.14","0.28","0.14","-0.13","-0.32"," ","10","-1.30"," ","56.85","78.00","-0.80"," "
" "," ","908","2610華航","航運","0.72","0.54","0.61","-0.53","-1.81","-0.86"," ","31","-1.33"," ","69.88","18.50","-0.40"," "
" "," ","909","9918欣天然","油電燃氣","0.02","0.01","0.00","0.00","-0.75","-0.61"," ","31","-1.33"," ","82.57","47.75","-2.35"," "
" "," ","910","2312金寶","其他電子","0.94","-2.03","0.50","-0.36","-0.26","-0.12"," ","50","-1.33"," ","50.53","22.80","-0.55"," "
" "," ","911","1319東陽","汽車","0.10","0.01","-0.16","-0.25","-0.11","-0.93"," ","30","-1.34"," ","84.62","85.80","-1.60"," "
" "," ","912","1587吉茂","汽車","0.02","0.25","-0.67","-1.41","0.45","0.02"," ","30","-1.34"," ","51.64","37.50","-0.35"," "
" "," ","913","2254巨鎧精密-創","汽車","0.17","-0.07","-1.18","-0.09","-0.24","0.05"," ","31","-1.36"," ","91.97","68.00","-0.40"," "
" "," ","914","2369菱生","半導體","-1.67","0.38","0.26","-0.98","0.40","0.24"," ","30","-1.37"," ","31.61","27.85","1.20"," "
" "," ","915","3622洋華","光電","-0.94","-0.22","-0.16","0.03","-0.41","0.33"," ","31","-1.37"," ","59.12","60.00","0.10"," "
" "," ","916","6139亞翔","其他電子","1.28","-2.41","-0.21","-0.52","0.10","0.38"," ","50","-1.38"," ","67.20","524.00","3.00"," "
" "," ","917","6757台灣虎航-創","航運","-0.44","-0.01","-0.18","-0.16","-0.19","-0.40"," ","10","-1.38"," ","77.96","53.00","-0.80"," "
" "," ","918","2472立隆電","電子零組件","-1.28","-1.14","-0.55","3.30","-0.57","-1.15"," ","10","-1.39"," ","53.88","109.50","3.50"," "
" "," ","919","1735日勝化","化學","-0.42","-0.37","0.44","-0.43","0.00","-0.61"," ","30","-1.39"," ","80.18","23.75","2.15"," "
" "," ","920","3138耀登","通信網路","-0.24","-0.33","-0.11","0.11","-0.60","-0.24"," ","31","-1.41"," ","25.15","184.00","-1.00"," "
" "," ","921","3356奇偶","光電","-0.24","-0.30","-0.18","-0.07","-0.97","0.32"," ","31","-1.44"," ","25.79","47.90","-0.35"," "
" "," ","922","2453凌群","資訊服務","-0.86","-0.48","0.36","-0.25","-0.77","0.56"," ","31","-1.44"," ","44.61","56.20","1.60"," "
" "," ","923","1608華榮","電器電纜","0.96","-2.89","0.11","0.53","0.20","-0.36"," ","10","-1.45"," ","64.94","32.80","-0.50"," "
" "," ","924","1504東元","電機","-0.86","-0.29","0.04","0.16","-0.58","0.07"," ","31","-1.46"," ","74.26","69.90","-1.00"," "
" "," ","925","3037欣興","電子零組件","-0.05","-1.06","-0.23","0.69","-0.48","-0.34"," ","31","-1.47"," ","76.67","508.00","28.00"," "
" "," ","926","6153嘉聯益","電子零組件","-1.03","-0.08","-0.40","-0.14","-0.25","0.42"," ","31","-1.48"," ","46.68","16.85","0.45"," "
" "," ","927","7750新代","電機","1.67","-1.81","0.02","-0.11","-2.00","0.74"," ","31","-1.49"," ","80.00","1320.00","-25.00"," "
" "," ","928","3049精金","光電","-0.99","-0.49","0.27","0.36","0.69","-1.34"," ","30","-1.50"," ","50.19","12.45","-0.55"," "
" "," ","929","6141柏承","電子零組件","0.00","0.01","-0.02","0.02","3.44","-4.96"," ","30","-1.51"," ","43.71","20.00","1.80"," "
" "," ","930","1314中石化","塑膠","0.01","-0.09","-0.02","0.43","-0.29","-1.55"," ","10","-1.51"," ","39.95","8.74","-0.08"," "
" "," ","931","2327國巨","電子零組件","-1.12","-0.60","-0.45","2.28","-0.54","-1.11"," ","10","-1.54"," ","67.61","258.00","6.50"," "
" "," ","932","6781AES-KY","電子零組件","-0.09","-1.09","-0.05","0.40","-0.64","-0.07"," ","31","-1.54"," ","73.69","1005.00","-5.00"," "
" "," ","933","2468華經","資訊服務","0.04","0.15","0.05","-0.50","-0.02","-1.30"," ","30","-1.58"," ","52.57","38.50","-0.80"," "
" "," ","934","5225東科-KY","其他電子","-0.79","-0.62","1.06","-0.60","-0.05","-0.59"," ","30","-1.59"," ","45.21","92.50","-0.30"," "
" "," ","935","1514亞力","電機","1.62","-0.36","-0.16","-1.76","-0.36","-0.58"," ","30","-1.60"," ","45.47","115.50","2.00"," "
" "," ","936","2474可成","其他電子","-0.27","0.25","-0.30","-0.36","-0.89","-0.03"," ","31","-1.60"," ","77.86","185.50","-1.50"," "
" "," ","937","8011台通","通信網路","-0.88","-0.72","0.01","0.18","-0.47","0.25"," ","31","-1.63"," ","31.80","20.40","-0.15"," "
" "," ","938","1513中興電","電機","0.97","-0.77","-0.26","0.12","-0.86","-0.84"," ","31","-1.64"," ","47.49","158.00","0.50"," "
" "," ","939","3004豐達科","鋼鐵","-1.80","0.18","0.06","0.34","-0.12","-0.31"," ","10","-1.65"," ","56.86","106.50","-1.50"," "
" "," ","940","8210勤誠","電腦週邊","-0.63","1.95","-0.52","-3.30","1.55","-0.72"," ","30","-1.67"," ","67.94","894.00","13.00"," "
" "," ","941","3090日電貿","電子零組件","-0.86","-0.27","-0.94","2.50","-1.29","-0.81"," ","31","-1.67"," ","59.29","92.40","2.40"," "
" "," ","942","3059華晶科","光電","-1.31","-1.18","0.37","-0.08","0.46","0.07"," ","30","-1.67"," ","26.57","37.45","-0.05"," "
" "," ","943","7765中華資安","雲端","-0.01","-0.02","0.00","-0.02","-0.02","-1.60"," ","20","-1.67"," ","63.19","230.00","-3.50"," "
" "," ","944","4764雙鍵","化學","-1.06","0.03","-0.46","1.39","-3.82","2.24"," ","31","-1.68"," ","76.59","162.00","-1.50"," "
" "," ","945","2360致茂","其他電子","0.03","-0.22","-0.14","-0.24","-1.06","-0.11"," ","31","-1.74"," ","73.34","1530.00","35.00"," "
" "," ","946","6214精誠","資訊服務","0.22","-1.21","-0.09","-0.63","-0.21","0.14"," ","50","-1.78"," ","53.76","111.00","0.00"," "
" "," ","947","2429銘旺科","光電","-0.42","-0.18","0.11","-0.36","-0.01","-0.93"," ","30","-1.79"," ","57.97","50.30","2.40"," "
" "," ","948","2478大毅","電子零組件","-0.34","-0.22","0.38","-0.37","1.36","-2.61"," ","30","-1.80"," ","55.02","67.80","0.70"," "
" "," ","949","6176瑞儀","光電","-0.07","-0.09","0.45","0.58","-2.17","-0.52"," ","31","-1.82"," ","62.07","97.00","-0.20"," "
" "," ","950","3406玉晶光","光電","0.34","0.07","-1.08","-0.26","-0.72","-0.20"," ","31","-1.85"," ","51.33","429.50","9.00"," "
" "," ","951","4967十銓","半導體","-1.83","1.57","2.89","-1.56","-4.30","1.38"," ","31","-1.85"," ","31.47","197.00","8.50"," "
" "," ","952","2376技嘉","電腦週邊","-0.85","-0.15","-0.07","0.18","-0.95","-0.03"," ","31","-1.87"," ","61.08","233.00","5.00"," "
" "," ","953","2616山隆","油電燃氣","0.00","0.00","0.00","-0.36","0.37","-2.01"," ","30","-2.00"," ","44.75","17.55","-0.65"," "
" "," ","954","2103台橡","橡膠","-0.23","-0.46","0.64","0.06","-2.13","0.12"," ","31","-2.00"," ","53.31","21.70","0.85"," "
" "," ","955","1529樂事綠能","電機","-1.00","0.06","0.64","0.07","-0.23","-1.55"," ","10","-2.01"," ","46.43","28.85","1.35"," "
" "," ","956","2387精元","電腦週邊","-0.78","-0.11","-0.04","0.45","-1.75","0.22"," ","31","-2.01"," ","57.49","43.55","-0.30"," "
" "," ","957","2344華邦電","半導體","0.29","-1.49","-0.24","-0.05","0.28","-0.80"," ","30","-2.01"," ","68.97","109.00","0.00"," "
" "," ","958","4164承業醫","生技醫療業","-0.72","-0.67","-0.17","0.09","-0.21","-0.34"," ","10","-2.02"," ","55.18","30.90","0.20"," "
" "," ","959","1717長興","化學","-0.67","-1.46","-0.07","-0.06","0.24","-0.03"," ","30","-2.05"," ","66.95","64.70","1.30"," "
" "," ","960","6165浪凡","雲端","-0.93","0.01","-0.02","-0.17","-1.07","0.09"," ","31","-2.09"," ","48.63","48.50","4.40"," "
" "," ","961","1471首利","電子零組件","-0.52","0.36","-0.31","-0.21","-1.37","-0.04"," ","31","-2.09"," ","22.72","13.00","1.15"," "
" "," ","962","6625必應","其他","-0.08","-0.17","0.03","-0.14","-0.96","-0.81"," ","31","-2.13"," ","49.74","78.10","-0.40"," "
" "," ","963","6239力成","半導體","-1.11","-0.40","-0.01","0.23","-0.50","-0.43"," ","31","-2.22"," ","78.87","201.00","-3.50"," "
" "," ","964","4968立積","半導體","-0.66","0.32","-1.05","0.78","-0.59","-1.04"," ","10","-2.24"," ","18.01","104.00","-1.00"," "
" "," ","965","6412群電","電子零組件","-0.18","-0.86","-0.32","0.26","-0.36","-0.83"," ","10","-2.29"," ","82.53","80.40","-0.10"," "
" "," ","966","2431聯昌","電子零組件","1.65","-0.24","-1.25","0.07","-1.43","-1.11"," ","31","-2.31"," ","40.49","12.50","0.25"," "
" "," ","967","2356英業達","電腦週邊","-2.06","-0.15","0.32","0.24","-0.70","0.03"," ","31","-2.32"," ","68.01","42.65","-0.30"," "
" "," ","968","5258虹堡","電腦週邊","0.02","-0.86","-0.09","-0.15","0.07","-1.34"," ","30","-2.35"," ","53.70","45.90","1.70"," "
" "," ","969","2105正新","橡膠","-0.11","-0.13","-0.04","-0.33","-1.22","-0.52"," ","31","-2.35"," ","80.47","29.40","0.05"," "
" "," ","970","2421建準","電子零組件","-0.49","0.35","0.85","-0.61","-1.89","-0.59"," ","31","-2.38"," ","58.63","144.50","3.50"," "
" "," ","971","2377微星","電腦週邊","-2.16","-0.98","-0.42","0.03","0.98","0.12"," ","30","-2.43"," ","62.61","92.80","-1.50"," "
" "," ","972","8114振樺電","電腦週邊","-1.04","-0.38","-0.67","-0.46","0.13","-0.02"," ","30","-2.44"," ","45.88","175.50","1.50"," "
" "," ","973","1313聯成","塑膠","0.41","-0.78","0.04","0.34","-1.70","-0.80"," ","31","-2.49"," ","65.89","12.55","0.05"," "
" "," ","974","3013晟銘電","電腦週邊","-1.07","-0.54","-0.59","-0.24","0.20","-0.28"," ","30","-2.52"," ","46.72","100.50","8.90"," "
" "," ","975","6152百一","通信網路","-0.65","3.26","-5.42","1.20","-0.68","-0.25"," ","31","-2.54"," ","22.85","19.10","-0.65"," "
" "," ","976","3019亞光","光電","4.82","-4.49","-1.20","0.31","-1.29","-0.70"," ","31","-2.55"," ","36.41","130.50","1.00"," "
" "," ","977","2497怡利電","汽車","0.12","-0.87","-1.80","-0.43","0.72","-0.30"," ","30","-2.56"," ","60.65","41.80","-0.80"," "
" "," ","978","7780大研生醫","食品","-1.87","-0.32","-0.16","0.01","-0.02","-0.30"," ","10","-2.66"," ","75.74","19.60","0.05"," "
" "," ","979","1528恩德","電機","-0.28","0.67","-4.07","-0.72","0.63","1.10"," ","50","-2.67"," ","37.20","22.40","0.30"," "
" "," ","980","3432台端","電子零組件","-0.31","-0.95","-1.42","0.00","0.00","0.00"," ","32","-2.68"," ","66.51","16.55","-0.05"," "
" "," ","981","6770力積電","半導體","-1.41","1.43","-1.44","2.89","-3.36","-0.83"," ","31","-2.72"," ","49.45","64.30","1.20"," "
" "," ","982","6133金橋","電子零組件","0.39","0.04","0.80","-0.31","-1.97","-1.71"," ","31","-2.76"," ","48.75","24.10","0.05"," "
" "," ","983","9938百和","其他","-1.31","-0.42","0.12","0.02","-0.28","-0.90"," ","10","-2.77"," ","59.16","48.70","0.00"," "
" "," ","984","6285啟卅卅","通信網路","5.02","-1.90","-3.16","0.04","-2.53","-0.26"," ","31","-2.79"," ","64.39","167.50","0.00"," "
" "," ","985","3032偉訓","電子零組件","-0.39","-0.30","0.42","-0.34","-1.34","-0.86"," ","31","-2.81"," ","52.05","68.00","6.10"," "
" "," ","986","3231緯創","電腦週邊","-1.59","-0.50","-0.51","0.03","-0.61","0.37"," ","31","-2.81"," ","57.32","134.00","1.50"," "
" "," ","987","1342八貫","其他","-0.06","-0.07","-1.33","0.43","-1.21","-0.58"," ","31","-2.82"," ","55.05","89.00","0.30"," "
" "," ","988","6209今國光","光電","0.49","-2.64","-1.28","1.75","-1.40","0.26"," ","31","-2.82"," ","44.50","51.50","-0.60"," "
" "," ","989","5203訊連","資訊服務","-1.23","-0.17","-0.40","0.37","-1.64","0.18"," ","31","-2.89"," ","44.32","63.90","0.20"," "
" "," ","990","8103瀚荃","電子零組件","-1.19","-0.19","5.21","-6.87","1.41","-1.26"," ","30","-2.89"," ","47.43","85.40","-1.90"," "
" "," ","991","6414樺漢","電腦週邊","-0.11","-1.02","-0.19","-0.21","-1.04","-0.32"," ","31","-2.89"," ","59.55","276.00","2.00"," "
" "," ","992","4976佳凌","光電","-1.61","-1.00","-0.34","0.54","-0.06","-0.47"," ","10","-2.94"," ","31.06","29.00","-0.35"," "
" "," ","993","8422可寧衛","綠能","-0.67","-0.05","-0.14","-1.67","-0.38","-0.05"," ","50","-2.96"," ","40.26","30.20","-0.65"," "
" "," ","994","4915致伸","電子零組件","0.04","-0.38","0.46","0.15","-2.53","-0.70"," ","31","-2.96"," ","71.32","72.00","0.10"," "
" "," ","995","6191精成科","電子零組件","-0.56","-0.43","-0.39","-0.20","-0.84","-0.56"," ","31","-2.98"," ","58.21","99.50","3.10"," "
" "," ","996","9921巨大","運動","-0.36","-0.42","-0.32","-0.67","-0.44","-0.81"," ","30","-3.02"," ","66.93","71.00","-1.10"," "
" "," ","997","2402毅嘉","電子零組件","-0.48","-0.43","-0.16","-0.04","-1.78","-0.14"," ","31","-3.03"," ","47.38","51.30","1.00"," "
" "," ","998","6921嘉雨思-創","半導體","-0.61","-2.31","0.00","-0.10","-0.01","-0.03"," ","30","-3.06"," ","82.11","72.70","-2.20"," "
" "," ","999","6155鈞寶","電子零組件","-3.61","-0.06","-0.18","0.13","0.74","-0.10"," ","30","-3.08"," ","60.33","44.20","0.90"," "
" "," ","1000","6438迅得","其他電子","-0.13","-1.02","-1.62","-0.14","0.80","-1.02"," ","30","-3.13"," ","33.87","148.00","0.50"," "
" "," ","1001","4989榮科","電子零組件","-5.10","-6.08","0.04","6.06","2.27","-0.33"," ","10","-3.14"," ","39.52","71.00","-0.90"," "
" "," ","1002","4746台耀","生技醫療業","-0.97","-0.18","-0.31","-0.06","-1.44","-0.36"," ","31","-3.32"," ","42.97","55.10","3.90"," "
" "," ","1003","5469瀚宇博","電子零組件","0.09","-0.40","-0.44","-1.38","-0.64","-0.60"," ","50","-3.37"," ","70.99","87.60","0.30"," "
" "," ","1004","3305昇貿","其他電子","-0.01","-1.45","-0.96","0.54","-1.02","-0.54"," ","31","-3.44"," ","40.01","102.00","-2.50"," "
" "," ","1005","3041揚智","半導體","-1.88","0.57","-0.92","0.41","-1.84","0.18"," ","31","-3.48"," ","25.44","23.55","-0.45"," "
" "," ","1006","2408南亞科","半導體","-0.53","-0.16","0.10","-0.37","-0.17","-2.38"," ","30","-3.51"," ","82.68","238.00","-1.50"," "
" "," ","1007","9802鈺齊-KY","運動","-1.66","-0.73","-0.29","0.15","-0.30","-0.76"," ","10","-3.59"," ","67.20","85.80","-0.20"," "
" "," ","1008","9914美利達","運動","-0.73","-0.05","-0.50","-1.23","-0.69","-0.39"," ","50","-3.59"," ","68.52","69.20","-0.60"," "
" "," ","1009","3694海華","通信網路","-3.69","-0.62","0.20","0.64","-0.57","0.16"," ","31","-3.88"," ","61.05","56.20","0.00"," "
" "," ","1010","2457飛宏","電子零組件","-2.48","-2.25","-0.18","0.69","0.32","-0.01"," ","10","-3.91"," ","29.07","27.40","-0.45"," "
" "," ","1011","1609大亞","電器電纜","-2.80","-1.16","-0.40","0.74","0.27","-0.66"," ","10","-4.01"," ","33.04","35.95","-0.25"," "
" "," ","1012","1795美時","生技醫療業","2.95","0.23","-2.74","-1.70","-1.89","-0.88"," ","31","-4.03"," ","65.40","237.00","-21.50"," "
" "," ","1013","6257矽格","半導體","-0.50","-0.90","-0.40","-0.43","-1.55","-0.25"," ","31","-4.03"," ","54.32","131.00","1.50"," "
" "," ","1014","6282康舒","電子零組件","-1.47","-1.95","-0.54","-0.50","-0.02","0.11"," ","50","-4.37"," ","45.12","46.10","0.20"," "
" "," ","1015","2406國碩","光電","0.57","4.36","-8.88","0.41","-3.08","1.93"," ","31","-4.69"," ","31.91","33.95","-0.70"," "
" "," ","1016","3149正達","光電","-3.22","0.04","-0.75","-0.80","-0.09","-0.31"," ","30","-5.13"," ","37.93","46.50","0.10"," "
" "," ","1017","3189景碩","半導體","2.30","0.18","-2.38","0.21","-3.50","-2.03"," ","31","-5.22"," ","66.08","317.50","28.50"," "
" "," ","1018","2374佳能","光電","3.10","-5.12","-2.23","-0.10","-0.56","-0.44"," ","31","-5.35"," ","27.96","70.60","-0.30"," "
" "," ","1019","5521工信","營建","-0.80","-0.08","0.19","0.22","0.69","-6.09"," ","30","-5.87"," ","65.34","14.80","0.40"," "
" "," ","1020","1589永冠-KY","電機","-0.78","-0.82","-0.15","-1.43","-0.43","-2.32"," ","30","-5.93"," ","29.16","7.98","0.72"," "
" "," ","1021","3550聯穎","電子零組件","0.04","-3.87","-1.13","-0.64","0.52","-1.11"," ","30","-6.19"," ","40.19","18.35","1.65"," "
" "," ","1022","6969成信實業*-創","創新板","0.01","-0.05","0.01","-0.33","-1.06","-5.62"," ","10","-7.04"," ","62.51","28.00","-0.10"," "
" "," ","1023","3376新日興","電子零組件","-3.38","-0.88","-1.97","0.00","-1.52","0.66"," ","31","-7.09"," ","54.58","197.00","-2.00"," "
" "," ","1024","2439美律","通信網路","-0.66","-1.01","-0.26","-0.61","-3.63","-1.47"," ","31","-7.64"," ","42.54","84.70","4.40"," "
" "," ","1025","8438昶昕","綠能","0.58","-2.23","0.52","0.61","-6.52","-0.72"," ","31","-7.76"," ","72.48","70.00","3.40"," "
" "," ","1026","2313華通","電子零組件","-2.87","-1.84","1.08","-1.99","-1.97","-1.45"," ","50","-9.04"," ","66.76","211.50","11.50"," "
" "," ","1027","6288聯嘉","汽車","0.00","0.00","0.00","0.00","0.00","0.00"," ","32","0.00"," ","0.00","",""," "
" "," ","1028","1701中化","生技醫療業","0.00","0.00","0.00","0.00","0.00","0.00"," ","32","0.00"," ","0.00","",""," "
" "," ","1029","2809京城銀","金融","0.00","0.00","0.00","0.00","0.00","0.00"," ","32","0.00"," ","0.00","",""," "
" "," ","1030","3682亞太電","通信網路","0.00","0.00","0.00","0.00","0.00","0.00"," ","32","0.00"," ","0.00","",""," "
" "," ","1031","2888新光金","金融","0.00","0.00","0.00","0.00","0.00","0.00"," ","32","0.00"," ","0.00","",""," "