契約,到期月份 (週別),契約到期日,履約價,買賣權,開盤價,最高價,最低價,最後 成交價,結算價,漲跌價,漲跌%,*盤後交易時段成交量,*一般交易時段成交量,*合計成交量,*未沖銷 契約量,最後 最佳買價,最後 最佳賣價,歷史 最高價,歷史 最低價
TXO,202608W4,20260826.0,40200.0,Call,-,-,-,-,4820.0,-,-,0,0,0,0,4800,4840,-,-
TXO,202608W4,20260826.0,40200.0,Put,1.1,1.1,0.1,0.1,0.1,▼-0.8,▼-88.89%,44,444,488,881,-,0.3,25,0.1
TXO,202608W4,20260826.0,40300.0,Call,-,-,-,-,4720.0,-,-,0,0,0,0,4700,4740,-,-
TXO,202608W4,20260826.0,40300.0,Put,1.8,1.8,0.2,0.3,0.1,▼-0.7,▼-70.00%,2,49,51,61,-,0.3,24,0.2
TXO,202608W4,20260826.0,40400.0,Call,-,-,-,-,4620.0,-,-,0,0,0,0,4600,4640,-,-
TXO,202608W4,20260826.0,40400.0,Put,1.9,1.9,0.5,0.5,0.1,▼-0.6,▼-54.55%,1,10,11,25,-,0.5,25.5,0.5
TXO,202608W4,20260826.0,40500.0,Call,-,-,-,-,4520.0,-,-,0,0,0,0,4500,4540,-,-
TXO,202608W4,20260826.0,40500.0,Put,2.1,2.1,0.3,0.3,0.1,▼-0.9,▼-75.00%,10,12,22,52,-,0.4,28.5,0.3
TXO,202608W4,20260826.0,40600.0,Call,-,-,-,-,4420.0,-,-,0,0,0,0,4400,4440,-,-
TXO,202608W4,20260826.0,40600.0,Put,2.4,2.4,0.2,0.4,0.1,▼-0.8,▼-66.67%,24,20,44,257,-,0.5,125,0.2
TXO,202608W4,20260826.0,40700.0,Call,-,-,-,-,4320.0,-,-,0,0,0,0,4300,4340,4000,3850
TXO,202608W4,20260826.0,40700.0,Put,3.2,3.2,0.2,0.3,0.1,▼-1.2,▼-80.00%,11,10,21,41,-,0.5,101,0.2
TXO,202608W4,20260826.0,40800.0,Call,-,-,-,-,4220.0,-,-,0,0,0,0,4200,4240,-,-
TXO,202608W4,20260826.0,40800.0,Put,1,1,0.2,0.2,0.1,▼-1.5,▼-88.24%,12,10,22,36,-,1,96,0.2
TXO,202608W4,20260826.0,40900.0,Call,-,-,-,-,4120.0,-,-,0,0,0,0,4100,4140,-,-
TXO,202608W4,20260826.0,40900.0,Put,1.2,1.2,0.2,0.2,0.2,▼-1.7,▼-89.47%,7,38,45,71,0.2,-,102,0.2
TXO,202608W4,20260826.0,41000.0,Call,-,-,-,-,4020.0,-,-,0,0,0,0,4000,-,-,-
TXO,202608W4,20260826.0,41000.0,Put,1.7,2.7,0.3,0.3,0.2,▼-1.8,▼-85.71%,24,154,178,518,0.2,2.5,115,0.3
TXO,202608W4,20260826.0,41100.0,Call,-,-,-,-,3920.0,-,-,0,0,0,0,3900,-,-,-
TXO,202608W4,20260826.0,41100.0,Put,2.1,2.7,0.4,0.6,0.2,▼-1.8,▼-75.00%,5,46,51,226,0.2,5.9,107,0.4
TXO,202608W4,20260826.0,41200.0,Call,-,-,-,-,3820.0,-,-,0,0,0,0,3800,-,-,-
TXO,202608W4,20260826.0,41200.0,Put,2.7,2.7,0.5,0.7,0.3,▼-1.8,▼-72.00%,11,20,31,133,0.2,0.4,113,0.5
TXO,202608W4,20260826.0,41300.0,Call,-,-,-,-,3720.0,-,-,0,0,0,0,3710,3740,-,-
TXO,202608W4,20260826.0,41300.0,Put,3,3,0.5,0.5,0.3,▼-2,▼-80.00%,12,12,24,91,0.2,0.4,115,0.5
TXO,202608W4,20260826.0,41400.0,Call,-,-,-,-,3620.0,-,-,0,0,0,0,3610,3640,4750,4750
TXO,202608W4,20260826.0,41400.0,Put,1,4,0.5,0.5,0.5,▼-2.6,▼-83.87%,10,63,73,83,0.2,0.4,135,0.5
TXO,202608W4,20260826.0,41500.0,Call,-,-,-,-,3520.0,-,-,0,0,0,1,3510,3540,4620,3490
TXO,202608W4,20260826.0,41500.0,Put,3.5,6.7,0.5,0.5,0.5,▼-3.5,▼-87.50%,98,141,239,312,0.4,0.5,148,0.5
TXO,202608W4,20260826.0,41600.0,Call,-,-,-,-,3420.0,-,-,0,0,0,0,3410,3440,-,-
TXO,202608W4,20260826.0,41600.0,Put,6,6,0.5,0.5,0.5,▼-3.8,▼-88.37%,74,98,172,182,0.4,0.6,106,0.5
TXO,202608W4,20260826.0,41700.0,Call,-,-,-,-,3320.0,-,-,0,0,0,0,3310,3340,4430,4430
TXO,202608W4,20260826.0,41700.0,Put,8.1,8.1,1.5,1.6,0.6,▼-3,▼-65.22%,95,45,140,95,0.4,0.6,104,1.5
TXO,202608W4,20260826.0,41800.0,Call,-,-,-,-,3220.0,-,-,0,0,0,0,3210,3240,-,-
TXO,202608W4,20260826.0,41800.0,Put,4.7,8.4,1,1.1,0.6,▼-4.6,▼-80.70%,154,81,235,188,0.4,0.7,132,1
TXO,202608W4,20260826.0,41900.0,Call,-,-,-,-,3120.0,-,-,0,0,0,1,3110,3140,3090,3090
TXO,202608W4,20260826.0,41900.0,Put,7.3,7.3,0.8,0.8,0.8,▼-6.3,▼-88.73%,47,207,254,213,0.6,0.8,115,0.8
TXO,202608W4,20260826.0,42000.0,Call,-,-,-,-,3020.0,-,-,0,0,0,1,2760,3040,4150,2990
TXO,202608W4,20260826.0,42000.0,Put,8,14,0.6,0.9,0.9,▼-6.2,▼-87.32%,608,436,1044,1306,0.6,0.9,207,0.6
TXO,202608W4,20260826.0,42100.0,Call,-,-,-,-,2920.0,-,-,0,0,0,0,2660,2940,-,-
TXO,202608W4,20260826.0,42100.0,Put,11,13,1,1,0.9,▼-8.2,▼-89.13%,151,184,335,241,0.7,1,145,1
TXO,202608W4,20260826.0,42200.0,Call,-,-,-,-,2820.0,-,-,0,0,0,0,2560,2840,4010,4010
TXO,202608W4,20260826.0,42200.0,Put,12,13,0.8,0.9,0.9,▼-10.1,▼-91.82%,185,170,355,300,0.8,1.2,198,0.8
TXO,202608W4,20260826.0,42300.0,Call,-,-,-,-,2720.0,-,-,0,0,0,0,2460,2740,3870,3870
TXO,202608W4,20260826.0,42300.0,Put,13,15.5,1.3,1.3,1.3,▼-10.7,▼-89.17%,144,609,753,635,1.1,1.3,211,1.3
TXO,202608W4,20260826.0,42400.0,Call,-,-,-,-,2620.0,-,-,0,0,0,1,2360,2640,2590,2590
TXO,202608W4,20260826.0,42400.0,Put,14,17,1.2,1.6,1.6,▼-12.4,▼-88.57%,228,630,858,713,1.2,1.6,177,1.2
TXO,202608W4,20260826.0,42500.0,Call,-,-,-,-,2520.0,-,-,0,0,0,0,2260,2540,3720,3720
TXO,202608W4,20260826.0,42500.0,Put,12.5,21.5,1.6,1.7,1.7,▼-14.3,▼-89.38%,634,696,1330,741,1.6,1.8,241,1.6
TXO,202608W4,20260826.0,42600.0,Call,-,-,-,-,2420.0,-,-,0,0,0,1,2160,2440,2400,2400
TXO,202608W4,20260826.0,42600.0,Put,18.5,22.5,1.9,1.9,1.9,▼-16.1,▼-89.44%,524,357,881,316,1.8,2.1,207,1.9
TXO,202608W4,20260826.0,42700.0,Call,-,-,-,-,2320.0,-,-,0,0,0,1,2060,-,2300,2300
TXO,202608W4,20260826.0,42700.0,Put,18,28.5,2,2.1,2.1,▼-17.9,▼-89.50%,371,443,814,319,2,2.2,220,2
TXO,202608W4,20260826.0,42800.0,Call,-,-,-,-,2220.0,-,-,0,0,0,0,1960,2240,-,-
TXO,202608W4,20260826.0,42800.0,Put,23.5,35,2.2,2.4,2.4,▼-21.6,▼-90.00%,726,962,1688,889,2.4,2.5,270,2.2
TXO,202608W4,20260826.0,42900.0,Call,-,-,-,-,2120.0,-,-,2,0,2,1,1860,2140,1660,1430
TXO,202608W4,20260826.0,42900.0,Put,29,41,2.8,2.9,2.9,▼-24.6,▼-89.45%,550,795,1345,575,2.7,2.9,255,2.8
TXO,202608W4,20260826.0,43000.0,Call,-,-,-,-,2030.0,-,-,0,0,0,30,1760,2040,3230,1900
TXO,202608W4,20260826.0,43000.0,Put,33,49,3.1,3.4,3.4,▼-27.6,▼-89.03%,2999,4061,7060,2641,3.3,3.4,270,3.1
TXO,202608W4,20260826.0,43100.0,Call,-,-,-,-,1930.0,-,-,0,0,0,0,1910,1940,3150,3150
TXO,202608W4,20260826.0,43100.0,Put,35.5,57,3.9,3.9,3.9,▼-32.1,▼-89.17%,904,1332,2236,394,3.9,4.3,295,3.9
TXO,202608W4,20260826.0,43200.0,Call,1080,1860,1080,1860,1830.0,▲+310,▲+20.00%,4,8,12,6,1810,1840,1860,1080
TXO,202608W4,20260826.0,43200.0,Put,43.5,68,4.6,4.6,4.6,▼-36.9,▼-88.92%,1313,1927,3240,710,4.6,5,283,4.6
TXO,202608W4,20260826.0,43300.0,Call,940,1510,940,1510,1730.0,▲+50,▲+3.42%,0,6,6,400,1710,1740,2970,940
TXO,202608W4,20260826.0,43300.0,Put,46,82,5.1,5.8,5.8,▼-41.2,▼-87.66%,1498,2239,3737,580,5.5,6,311,2
TXO,202608W4,20260826.0,43400.0,Call,1030,1400,870,1320,1630.0,▼-40,▼-2.94%,2,14,16,5,1610,1640,1400,870
TXO,202608W4,20260826.0,43400.0,Put,50,96,6.2,6.4,6.4,▼-46.6,▼-87.92%,1578,2178,3756,541,6.6,7.1,304,6.2
TXO,202608W4,20260826.0,43450.0,Call,1050,1450,835,1450,1580.0,▲+130,▲+9.85%,6,14,20,10,1560,1590,1970,835
TXO,202608W4,20260826.0,43450.0,Put,62,105,6.9,7.8,7.8,▼-50.2,▼-86.55%,873,1023,1896,165,7.2,7.7,304,6.9
TXO,202608W4,20260826.0,43500.0,Call,955,1180,780,1180,1530.0,▼-90,▼-7.09%,65,38,103,749,1510,1550,2800,780
TXO,202608W4,20260826.0,43500.0,Put,70,117,7.2,8.1,8.1,▼-52.9,▼-86.72%,4315,5143,9458,1800,8.1,8.4,400,7.2
TXO,202608W4,20260826.0,43550.0,Call,900,900,795,850,1480.0,▼-370,▼-30.33%,2,6,8,2,1410,1610,960,795
TXO,202608W4,20260826.0,43550.0,Put,76,126,8.4,9.4,9.4,▼-57.6,▼-85.97%,1050,1050,2100,176,8.8,9.4,235,8.4
TXO,202608W4,20260826.0,43600.0,Call,-,-,-,-,1430.0,-,-,26,0,26,361,1330,1570,1490,840
TXO,202608W4,20260826.0,43600.0,Put,73,134,9.1,10.5,10.5,▼-62.5,▼-85.62%,1918,2606,4524,855,9.6,10.5,414,9.1
TXO,202608W4,20260826.0,43650.0,Call,735,1220,735,1220,1380.0,▲+80,▲+7.02%,15,3,18,12,1370,1400,1430,735
TXO,202608W4,20260826.0,43650.0,Put,91,148,9.9,11,11.0,▼-68,▼-86.08%,1250,1391,2641,201,10.5,11.5,217,9.9
TXO,202608W4,20260826.0,43700.0,Call,630,885,625,885,1330.0,▼-205,▼-18.81%,13,28,41,7,1320,1350,920,625
TXO,202608W4,20260826.0,43700.0,Put,81,157,10.5,12.5,12.5,▼-72.5,▼-85.29%,2237,2475,4712,941,11.5,12.5,430,10.5
TXO,202608W4,20260826.0,43750.0,Call,660,1160,560,1160,1290.0,▲+110,▲+10.48%,8,33,41,8,1270,1300,1160,560
TXO,202608W4,20260826.0,43750.0,Put,108,169,12.5,13,13.0,▼-78,▼-85.71%,1907,1431,3338,193,13,14,390,12.5
TXO,202608W4,20260826.0,43800.0,Call,675,1180,530,1180,1240.0,▲+180,▲+18.00%,46,48,94,59,1220,1250,2550,530
TXO,202608W4,20260826.0,43800.0,Put,100,191,13.5,15.5,15.5,▼-82.5,▼-84.18%,3000,3393,6393,898,15,15.5,487,13.5
TXO,202608W4,20260826.0,43850.0,Call,670,755,487,755,1190.0,▼-200,▼-20.94%,55,18,73,25,1180,1200,1000,487
TXO,202608W4,20260826.0,43850.0,Put,120,210,15,17,17.0,▼-88,▼-83.81%,1672,1249,2921,203,16,17.5,485,15
TXO,202608W4,20260826.0,43900.0,Call,570,690,448,660,1140.0,▼-260,▼-28.26%,13,136,149,15,1130,1160,1030,448
TXO,202608W4,20260826.0,43900.0,Put,141,225,16,18,18.0,▼-94,▼-83.93%,2176,3243,5419,545,18,19,520,16
TXO,202608W4,20260826.0,43950.0,Call,560,970,420,940,1090.0,▲+60,▲+6.82%,22,117,139,25,1080,1110,1470,420
TXO,202608W4,20260826.0,43950.0,Put,144,235,18,21,21.0,▼-97,▼-82.20%,1644,1824,3468,577,20,21,425,18
TXO,202608W4,20260826.0,44000.0,Call,580,1070,388,1070,1050.0,▲+230,▲+27.38%,277,544,821,77,1030,1060,2390,388
TXO,202608W4,20260826.0,44000.0,Put,136,260,20,24,24.0,▼-102,▼-80.95%,6355,9918,16273,2072,23,24,560,20
TXO,202608W4,20260826.0,44050.0,Call,500,1050,354,1050,1000.0,▲+255,▲+32.08%,36,109,145,25,990,1010,2350,354
TXO,202608W4,20260826.0,44050.0,Put,164,277,23,27,27.0,▼-108,▼-80.00%,1477,1714,3191,309,25.5,27,540,23
TXO,202608W4,20260826.0,44100.0,Call,500,980,326,980,950.0,▲+220,▲+28.95%,111,658,769,69,945,960,2310,326
TXO,202608W4,20260826.0,44100.0,Put,159,307,26.5,29.5,29.5,▼-120.5,▼-80.33%,3073,4154,7227,1016,29,30,625,26.5
TXO,202608W4,20260826.0,44150.0,Call,452,945,296,945,905.0,▲+230,▲+32.17%,147,285,432,30,900,910,965,296
TXO,202608W4,20260826.0,44150.0,Put,199,324,29,32,32.0,▼-135,▼-80.84%,1553,1679,3232,196,32.5,34,469,29
TXO,202608W4,20260826.0,44200.0,Call,435,885,268,870,860.0,▲+205,▲+30.83%,263,1086,1349,98,850,870,2110,268
TXO,202608W4,20260826.0,44200.0,Put,240,351,32.5,37.5,37.5,▼-135.5,▼-78.32%,3240,4065,7305,934,37,37.5,590,32.5
TXO,202608W4,20260826.0,44250.0,Call,376,840,244,840,815.0,▲+200,▲+31.25%,292,703,995,52,805,820,1210,244
TXO,202608W4,20260826.0,44250.0,Put,250,377,37.5,42,42.0,▼-143,▼-77.30%,1694,1824,3518,203,41,42.5,565,37.5
TXO,202608W4,20260826.0,44300.0,Call,401,805,220,765,765.0,▲+175,▲+29.66%,525,2933,3458,315,760,775,1890,220
TXO,202608W4,20260826.0,44300.0,Put,270,408,42,47.5,47.5,▼-153.5,▼-76.37%,3157,5334,8491,700,46,47.5,640,42
TXO,202608W4,20260826.0,44350.0,Call,332,760,199,730,730.0,▲+155,▲+26.96%,207,1202,1409,58,720,735,1090,199
TXO,202608W4,20260826.0,44350.0,Put,300,431,46,52,52.0,▼-164,▼-75.93%,1713,2268,3981,301,52,55,615,46
TXO,202608W4,20260826.0,44400.0,Call,300,710,175,680,680.0,▲+135,▲+24.77%,875,2723,3598,202,675,690,2340,175
TXO,202608W4,20260826.0,44400.0,Put,326,454,52,60,60.0,▼-169,▼-73.80%,3040,4094,7134,629,58,61,630,52
TXO,202608W4,20260826.0,44450.0,Call,267,670,160,635,635.0,▲+125,▲+24.51%,356,1491,1847,84,630,645,930,160
TXO,202608W4,20260826.0,44450.0,Put,335,490,58,69,69.0,▼-175,▼-71.72%,1346,1528,2874,202,66,68,760,58
TXO,202608W4,20260826.0,44500.0,Call,278,635,140,595,595.0,▲+122,▲+25.79%,2385,7364,9749,497,595,605,2000,140
TXO,202608W4,20260826.0,44500.0,Put,339,525,66,77,77.0,▼-190,▼-71.16%,5300,6473,11773,1289,75,77,770,66
TXO,202608W4,20260826.0,44550.0,Call,264,595,125,575,560.0,▲+145,▲+33.72%,594,1471,2065,135,550,565,1010,125
TXO,202608W4,20260826.0,44550.0,Put,101,555,75,82,82.0,▼-205,▼-71.43%,1145,1412,2557,192,83,86,650,75
TXO,202608W4,20260826.0,44600.0,Call,210,545,110,515,515.0,▲+111,▲+27.48%,1247,4543,5790,440,510,520,1260,110
TXO,202608W4,20260826.0,44600.0,Put,400,585,84,96,96.0,▼-202,▼-67.79%,2861,2793,5654,541,95,96,780,84
TXO,202608W4,20260826.0,44650.0,Call,188,500,98,480,480.0,▲+95,▲+24.68%,645,1543,2188,121,476,483,700,98
TXO,202608W4,20260826.0,44650.0,Put,440,615,96,107,107.0,▼-217,▼-66.98%,1346,917,2263,129,105,108,815,96
TXO,202608W4,20260826.0,44700.0,Call,173,467,85,438,438.0,▲+76,▲+20.99%,1598,4806,6404,499,438,446,910,85
TXO,202608W4,20260826.0,44700.0,Put,500,660,104,119,119.0,▼-227,▼-65.61%,2897,2313,5210,388,118,121,770,104
TXO,202608W4,20260826.0,44750.0,Call,218,436,75,405,405.0,▲+79,▲+24.23%,1599,2494,4093,225,405,419,1460,75
TXO,202608W4,20260826.0,44750.0,Put,515,680,119,131,131.0,▼-240,▼-64.69%,1712,1043,2755,336,133,136,755,119
TXO,202608W4,20260826.0,44800.0,Call,166,400,66,373,373.0,▲+64,▲+20.71%,3222,5978,9200,677,370,375,1980,66
TXO,202608W4,20260826.0,44800.0,Put,550,725,133,150,150.0,▼-240,▼-61.54%,1805,2151,3956,781,150,151,820,133
TXO,202608W4,20260826.0,44850.0,Call,136,364,56,336,336.0,▲+54,▲+19.15%,1143,2620,3763,316,338,343,750,56
TXO,202608W4,20260826.0,44850.0,Put,560,770,151,169,169.0,▼-245,▼-59.18%,879,494,1373,181,166,169,780,151
TXO,202608W4,20260826.0,44900.0,Call,132,335,49.5,311,311.0,▲+57,▲+22.44%,2154,4165,6319,445,309,312,790,49.5
TXO,202608W4,20260826.0,44900.0,Put,625,815,167,187,187.0,▼-256,▼-57.79%,1242,921,2163,638,184,189,850,167
TXO,202608W4,20260826.0,44950.0,Call,91,300,43.5,278,278.0,▲+46,▲+19.83%,1281,2010,3291,163,278,280,725,43.5
TXO,202608W4,20260826.0,44950.0,Put,630,815,188,206,206.0,▼-265,▼-56.26%,482,396,878,235,205,211,895,188
TXO,202608W4,20260826.0,45000.0,Call,104,275,37,250,250.0,▲+40,▲+19.05%,6696,11298,17994,1970,250,251,740,37
TXO,202608W4,20260826.0,45000.0,Put,650,895,202,229,229.0,▼-271,▼-54.20%,1922,1386,3308,1135,227,232,1000,202
TXO,202608W4,20260826.0,45050.0,Call,71,245,32.5,225,225.0,▲+26,▲+13.07%,1235,1993,3228,280,223,229,1480,32.5
TXO,202608W4,20260826.0,45050.0,Put,695,925,230,256,256.0,▼-279,▼-52.15%,501,190,691,139,251,256,980,230
TXO,202608W4,20260826.0,45100.0,Call,70,220,27,199,199.0,▲+25,▲+14.37%,1993,4119,6112,628,200,203,720,27
TXO,202608W4,20260826.0,45100.0,Put,900,950,251,280,280.0,▼-285,▼-50.44%,589,304,893,185,276,282,1020,251
TXO,202608W4,20260826.0,45150.0,Call,60,197,24.5,179,179.0,▲+27,▲+17.76%,1285,1983,3268,453,177,180,605,24.5
TXO,202608W4,20260826.0,45150.0,Put,805,1040,280,306,306.0,▼-289,▼-48.57%,238,229,467,84,304,310,1040,280
TXO,202608W4,20260826.0,45200.0,Call,55,175,17,157,157.0,▲+15,▲+10.56%,2860,4070,6930,684,157,160,770,17
TXO,202608W4,20260826.0,45200.0,Put,770,1010,306,326,326.0,▼-314,▼-49.06%,692,242,934,196,333,341,1010,306
TXO,202608W4,20260826.0,45250.0,Call,51,152,18,138,138.0,▲+10,▲+7.81%,1095,1923,3018,359,139,142,650,18
TXO,202608W4,20260826.0,45250.0,Put,890,980,340,362,362.0,▼-308,▼-45.97%,115,36,151,50,363,373,1050,301
TXO,202608W4,20260826.0,45300.0,Call,46,134,15.5,121,121.0,▲+9,▲+8.04%,2812,3750,6562,782,121,124,1080,15.5
TXO,202608W4,20260826.0,45300.0,Put,920,1090,366,400,400.0,▼-310,▼-43.66%,149,95,244,167,396,403,1140,350
TXO,202608W4,20260826.0,45350.0,Call,39,118,14,105,105.0,▲+2,▲+1.94%,815,1150,1965,336,105,107,493,14
TXO,202608W4,20260826.0,45350.0,Put,1010,1050,407,411,436.0,▼-339,▼-45.20%,43,25,68,52,430,440,1210,323
TXO,202608W4,20260826.0,45400.0,Call,32.5,103,12,94,94.0,▲+3,▲+3.30%,2172,3543,5715,787,91,95,690,12
TXO,202608W4,20260826.0,45400.0,Put,905,1190,442,472,472.0,▼-313,▼-39.87%,155,111,266,279,466,475,1190,440
TXO,202608W4,20260826.0,45450.0,Call,27.5,88,11,78,78.0,▼-2,▼-2.50%,808,940,1748,289,78,81,440,11
TXO,202608W4,20260826.0,45450.0,Put,1280,1280,482,482,510.0,▼-338,▼-41.22%,130,7,137,47,500,510,1280,466
TXO,202608W4,20260826.0,45500.0,Call,24.5,77,9.5,69,69.0,▼-3,▼-4.17%,3518,4063,7581,1478,68,69,1470,9.5
TXO,202608W4,20260826.0,45500.0,Put,1140,1310,510,510,545.0,▼-355,▼-41.04%,62,58,120,86,540,555,1310,430
TXO,202608W4,20260826.0,45550.0,Call,14,65,8,59,59.0,▼-8,▼-11.94%,838,918,1756,359,58,60,1240,8
TXO,202608W4,20260826.0,45550.0,Put,825,825,825,825,585.0,▼-80,▼-8.84%,11,1,12,12,580,595,1140,515
TXO,202608W4,20260826.0,45600.0,Call,16,56,7.1,52,52.0,▼-4,▼-7.14%,1863,1894,3757,800,49,52,630,7.1
TXO,202608W4,20260826.0,45600.0,Put,1300,1350,600,600,630.0,▼-340,▼-36.17%,8,6,14,40,620,635,1400,423
TXO,202608W4,20260826.0,45650.0,Call,16.5,47,7,43.5,43.5,▼-6,▼-12.12%,773,641,1414,395,42,43.5,346,7
TXO,202608W4,20260826.0,45650.0,Put,785,785,705,705,670.0,▼-285,▼-28.79%,7,2,9,8,665,680,1200,505
TXO,202608W4,20260826.0,45700.0,Call,16,40.5,6,36.5,36.5,▼-6.5,▼-15.12%,1536,1340,2876,739,36.5,37,1000,6
TXO,202608W4,20260826.0,45700.0,Put,1310,1470,690,690,715.0,▼-340,▼-33.01%,4,29,33,19,705,720,1470,479
TXO,202608W4,20260826.0,45750.0,Call,14,35,5.3,30.5,30.5,▼-6,▼-16.44%,844,482,1326,217,30.5,32,305,5.3
TXO,202608W4,20260826.0,45750.0,Put,1540,1540,845,845,760.0,▼-235,▼-21.76%,1,4,5,5,750,765,1540,625
TXO,202608W4,20260826.0,45800.0,Call,10,29.5,5.1,26.5,26.5,▼-7,▼-20.90%,1632,1446,3078,989,26,27,900,5.1
TXO,202608W4,20260826.0,45800.0,Put,1420,1650,835,845,805.0,▼-275,▼-24.55%,393,238,631,69,795,810,1650,500
TXO,202608W4,20260826.0,45850.0,Call,11,25,3.7,22.5,22.5,▼-8,▼-26.23%,521,811,1332,426,21.5,23,305,3.7
TXO,202608W4,20260826.0,45850.0,Put,905,905,905,905,850.0,▼-265,▼-22.65%,0,1,1,11,840,855,1440,780
TXO,202608W4,20260826.0,45900.0,Call,11,21,3.2,19,19.0,▼-8,▼-29.63%,569,680,1249,470,18.5,19.5,845,3.2
TXO,202608W4,20260826.0,45900.0,Put,1700,1700,885,885,895.0,▼-325,▼-26.86%,3,9,12,25,890,905,1700,660
TXO,202608W4,20260826.0,45950.0,Call,8.5,17.5,3.7,17,17.0,▼-6.5,▼-27.66%,280,253,533,221,15.5,17,428,3.7
TXO,202608W4,20260826.0,45950.0,Put,-,-,-,-,945.0,-,-,1,0,1,2,935,960,1290,815
TXO,202608W4,20260826.0,46000.0,Call,10,15.5,3.6,14,14.0,▼-7.5,▼-34.88%,2449,2156,4605,2772,13.5,14.5,1240,3.6
TXO,202608W4,20260826.0,46000.0,Put,1610,1800,955,955,990.0,▼-355,▼-27.10%,18,3,21,27,985,1010,1800,585
TXO,202608W4,20260826.0,46050.0,Call,5.8,13,3.4,12,12.0,▼-6,▼-33.33%,217,154,371,210,11.5,12.5,945,3.4
TXO,202608W4,20260826.0,46050.0,Put,-,-,-,-,1040.0,-,-,0,0,0,1,1010,1050,960,920
TXO,202608W4,20260826.0,46100.0,Call,6.5,11.5,3,10,10.0,▼-6.5,▼-39.39%,510,324,834,740,10,11,915,3
TXO,202608W4,20260826.0,46100.0,Put,-,-,-,-,1090.0,-,-,1,0,1,4,1070,1100,1780,765
TXO,202608W4,20260826.0,46150.0,Call,3.1,22,3,9.3,9.3,▼-4.7,▼-33.57%,283,204,487,139,8.8,9.1,1050,3
TXO,202608W4,20260826.0,46150.0,Put,-,-,-,-,1140.0,-,-,0,0,0,1,1120,1150,1410,1030
TXO,202608W4,20260826.0,46200.0,Call,5.7,8.7,2.1,7.6,7.6,▼-5.4,▼-41.54%,663,689,1352,490,7.7,8.2,990,2.1
TXO,202608W4,20260826.0,46200.0,Put,1870,1870,1430,1430,1190.0,▼-70,▼-4.67%,1,2,3,14,1170,1200,1870,720
TXO,202608W4,20260826.0,46250.0,Call,4,7,2.7,7,7.0,▼-4,▼-36.36%,181,152,333,163,6.8,7.3,840,2.7
TXO,202608W4,20260826.0,46250.0,Put,-,-,-,-,1230.0,-,-,0,0,0,0,1220,1250,-,-
TXO,202608W4,20260826.0,46300.0,Call,1.3,6.5,1.3,6.4,6.4,▼-4.1,▼-39.05%,521,433,954,487,5.9,6.5,820,1.3
TXO,202608W4,20260826.0,46300.0,Put,1500,1520,1500,1520,1280.0,▼-80,▼-5.00%,3,2,5,19,1270,1300,1620,1170
TXO,202608W4,20260826.0,46350.0,Call,5,6.1,2.3,5.3,5.3,▼-5.2,▼-49.52%,106,94,200,103,5.3,5.8,295,2.3
TXO,202608W4,20260826.0,46350.0,Put,-,-,-,-,1330.0,-,-,1,0,1,1,1320,1350,1790,1790
TXO,202608W4,20260826.0,46400.0,Call,5,5,0.2,5,5.0,▼-4.1,▼-45.05%,504,712,1216,772,5,5.2,775,0.2
TXO,202608W4,20260826.0,46400.0,Put,-,-,-,-,1380.0,-,-,0,0,0,0,1370,1400,-,-
TXO,202608W4,20260826.0,46450.0,Call,3.3,4.2,2.1,3.9,4.4,▼-4.9,▼-55.68%,169,144,313,165,4.1,4.7,805,2.1
TXO,202608W4,20260826.0,46450.0,Put,-,-,-,-,1430.0,-,-,0,0,0,0,1420,1450,1560,1560
TXO,202608W4,20260826.0,46500.0,Call,3.9,4.5,1.9,3.9,3.9,▼-3.5,▼-47.30%,736,746,1482,956,3.8,4.3,880,1.9
TXO,202608W4,20260826.0,46500.0,Put,-,-,-,-,1480.0,-,-,0,0,0,45,1470,1490,2010,1250
TXO,202608W4,20260826.0,46550.0,Call,2.6,3.9,1.9,3.5,3.5,▼-3.2,▼-47.76%,74,195,269,170,3.5,3.9,540,1.9
TXO,202608W4,20260826.0,46550.0,Put,-,-,-,-,1530.0,-,-,0,0,0,0,1520,1550,-,-
TXO,202608W4,20260826.0,46600.0,Call,3,3.5,1.9,3.2,3.2,▼-3.4,▼-51.52%,184,438,622,265,3.3,3.5,815,1.9
TXO,202608W4,20260826.0,46600.0,Put,-,-,-,-,1580.0,-,-,0,0,0,1,1570,1600,1760,1400
TXO,202608W4,20260826.0,46650.0,Call,2.1,3.2,1.2,2.8,3.0,▼-2.9,▼-50.88%,134,66,200,299,2.9,3.3,215,1.2
TXO,202608W4,20260826.0,46650.0,Put,-,-,-,-,1630.0,-,-,0,0,0,7,1620,1640,1910,1170
TXO,202608W4,20260826.0,46700.0,Call,2.5,3,1.6,3,3.0,▼-2.3,▼-43.40%,339,297,636,360,2.7,3.1,805,1.6
TXO,202608W4,20260826.0,46700.0,Put,-,-,-,-,1680.0,-,-,0,0,0,1,1670,1690,1760,1370
TXO,202608W4,20260826.0,46750.0,Call,2,2.8,1.6,2.5,2.5,▼-2.2,▼-46.81%,55,51,106,201,2.5,2.8,655,1.6
TXO,202608W4,20260826.0,46750.0,Put,-,-,-,-,1730.0,-,-,0,0,0,10,1720,1740,1510,1440
TXO,202608W4,20260826.0,46800.0,Call,3,3,1.5,2.2,2.5,▼-2.1,▼-48.84%,206,58,264,238,2.5,2.6,765,1.5
TXO,202608W4,20260826.0,46800.0,Put,-,-,-,-,1780.0,-,-,0,0,0,0,1770,1790,-,-
TXO,202608W4,20260826.0,46850.0,Call,1.9,1.9,1.2,1.8,2.3,▼-1.8,▼-50.00%,73,32,105,70,2.2,2.4,151,1.2
TXO,202608W4,20260826.0,46850.0,Put,-,-,-,-,1830.0,-,-,0,0,0,0,1690,1850,-,-
TXO,202608W4,20260826.0,46900.0,Call,1.6,2.8,1.3,2.3,2.3,▼-1.2,▼-34.29%,114,113,227,157,2,2.3,154,1.3
TXO,202608W4,20260826.0,46900.0,Put,-,-,-,-,1880.0,-,-,1,0,1,1,1860,1890,2520,1190
TXO,202608W4,20260826.0,46950.0,Call,1.7,2,1.4,1.9,1.9,▼-1.4,▼-42.42%,17,18,35,42,1.9,2.2,296,1.4
TXO,202608W4,20260826.0,46950.0,Put,-,-,-,-,1930.0,-,-,0,0,0,0,1910,1940,-,-
TXO,202608W4,20260826.0,47000.0,Call,1.5,2,1.3,1.7,1.9,▼-1.2,▼-41.38%,637,358,995,727,1.8,2,710,1.3
TXO,202608W4,20260826.0,47000.0,Put,-,-,-,-,1980.0,-,-,0,0,0,0,1830,2000,2090,1100
TXO,202608W4,20260826.0,47050.0,Call,1.4,1.9,1.4,1.9,1.9,▼-0.9,▼-32.14%,151,4,155,131,1.7,1.9,268,1.4
TXO,202608W4,20260826.0,47050.0,Put,-,-,-,-,2030.0,-,-,0,0,0,0,-,2050,-,-
TXO,202608W4,20260826.0,47100.0,Call,0.6,1.7,0.6,1.4,1.6,▼-1.4,▼-50.00%,103,16,119,154,1.5,1.8,237,0.6
TXO,202608W4,20260826.0,47100.0,Put,-,-,-,-,2080.0,-,-,0,0,0,0,-,2100,-,-
TXO,202608W4,20260826.0,47150.0,Call,1.2,1.7,1,1.3,1.5,▼-1.5,▼-53.57%,23,32,55,100,1.3,1.6,262,1
TXO,202608W4,20260826.0,47150.0,Put,-,-,-,-,2130.0,-,-,0,0,0,0,-,2150,-,-
TXO,202608W4,20260826.0,47200.0,Call,0.8,1.6,0.8,1.2,1.4,▼-1.3,▼-52.00%,158,33,191,229,1.3,1.5,570,0.8
TXO,202608W4,20260826.0,47200.0,Put,-,-,-,-,2180.0,-,-,0,0,0,1,-,2200,1850,1850
TXO,202608W4,20260826.0,47250.0,Call,1.4,1.5,0.2,1.1,1.3,▼-1.2,▼-52.17%,34,9,43,106,1.2,1.5,239,0.2
TXO,202608W4,20260826.0,47250.0,Put,-,-,-,-,2230.0,-,-,0,0,0,0,-,2250,-,-
TXO,202608W4,20260826.0,47300.0,Call,1.2,1.4,0.5,1,1.3,▼-1.1,▼-52.38%,11,15,26,421,1.1,1.4,595,0.5
TXO,202608W4,20260826.0,47300.0,Put,-,-,-,-,2280.0,-,-,0,0,0,0,-,2300,-,-
TXO,202608W4,20260826.0,47350.0,Call,1.3,1.3,1,1,1.2,▼-1.1,▼-52.38%,9,10,19,71,1.1,1.3,210,1
TXO,202608W4,20260826.0,47350.0,Put,-,-,-,-,2330.0,-,-,0,0,0,0,-,2350,-,-
TXO,202608W4,20260826.0,47400.0,Call,0.3,1.4,0.3,1,1.0,▼-0.8,▼-44.44%,168,40,208,358,1,1.3,555,0.3
TXO,202608W4,20260826.0,47400.0,Put,-,-,-,-,2380.0,-,-,2,0,2,1,-,2640,3030,2060
TXO,202608W4,20260826.0,47500.0,Call,0.9,37.5,0.8,1,1.0,▼-0.8,▼-44.44%,135,256,391,522,0.9,1,495,0.5
TXO,202608W4,20260826.0,47500.0,Put,-,-,-,-,2480.0,-,-,0,0,0,0,-,2500,1780,1670
TXO,202608W4,20260826.0,47600.0,Call,0.9,1,0.7,1,0.9,▼-0.5,▼-33.33%,23,10,33,300,0.8,0.9,408,0.7
TXO,202608W4,20260826.0,47600.0,Put,-,-,-,-,2580.0,-,-,0,0,0,1,-,2600,1900,1900
TXO,202608W4,20260826.0,47700.0,Call,0.7,1.1,0.7,0.9,0.9,▼-0.5,▼-35.71%,53,13,66,92,0.7,0.8,445,0.7
TXO,202608W4,20260826.0,47700.0,Put,-,-,-,-,2680.0,-,-,0,0,0,0,-,2700,-,-
TXO,202608W4,20260826.0,47800.0,Call,0.3,0.8,0.3,0.8,0.7,▼-0.5,▼-38.46%,25,6,31,70,0.6,0.8,425,0.3
TXO,202608W4,20260826.0,47800.0,Put,-,-,-,-,2780.0,-,-,0,0,0,1,-,2800,2110,2110
TXO,202608W4,20260826.0,47900.0,Call,0.7,0.7,0.5,0.5,0.5,▼-0.7,▼-58.33%,10,7,17,30,0.5,0.7,351,0.5
TXO,202608W4,20260826.0,47900.0,Put,-,-,-,-,2880.0,-,-,0,0,0,0,-,2900,-,-
TXO,202608W4,20260826.0,48000.0,Call,0.4,0.8,0.4,0.7,0.5,▼-0.3,▼-30.00%,90,15,105,1072,0.4,0.6,360,0.4
TXO,202608W4,20260826.0,48000.0,Put,-,-,-,-,2980.0,-,-,0,0,0,1,2960,2990,2010,2010
TXO,202608W4,20260826.0,48100.0,Call,0.5,0.5,0.5,0.5,0.5,▼-0.5,▼-50.00%,3,48,51,70,0.3,0.5,148,0.5
TXO,202608W4,20260826.0,48100.0,Put,-,-,-,-,3080.0,-,-,0,0,0,0,3060,3090,-,-
TXO,202608W4,20260826.0,48200.0,Call,0.5,0.5,0.4,0.4,0.4,▼-0.3,▼-42.86%,9,53,62,176,0.3,0.4,225,0.4
TXO,202608W4,20260826.0,48200.0,Put,-,-,-,-,3180.0,-,-,0,0,0,1,3160,3190,2170,2170
TXO,202608W4,20260826.0,48300.0,Call,0.5,0.7,0.3,0.3,0.3,▼-0.4,▼-57.14%,0,191,191,203,0.2,0.3,260,0.3
TXO,202608W4,20260826.0,48300.0,Put,-,-,-,-,3280.0,-,-,0,0,0,0,-,3300,-,-
TXO,202608W4,20260826.0,48400.0,Call,32.5,32.5,0.3,0.3,0.3,▼-0.3,▼-50.00%,1,33,34,52,0.2,0.3,192,0.3
TXO,202608W4,20260826.0,48400.0,Put,-,-,-,-,3380.0,-,-,0,0,0,0,-,3400,-,-
TXO,202608W4,20260826.0,48500.0,Call,0.4,0.4,0.3,0.3,0.3,▼-0.2,▼-40.00%,0,25,25,61,0.2,0.3,234,0.3
TXO,202608W4,20260826.0,48500.0,Put,-,-,-,-,3480.0,-,-,0,0,0,0,-,3500,-,-
TXO,202608W4,20260826.0,48600.0,Call,0.3,0.5,0.2,0.3,0.3,▼-0.2,▼-40.00%,0,14,14,28,0.2,0.3,222,0.2
TXO,202608W4,20260826.0,48600.0,Put,-,-,-,-,3580.0,-,-,0,0,0,0,3560,3590,-,-
TXO,202608W4,20260826.0,48700.0,Call,0.3,0.3,0.3,0.3,0.2,▼-0.2,▼-40.00%,0,25,25,19,0.1,0.3,155,0.3
TXO,202608W4,20260826.0,48700.0,Put,-,-,-,-,3680.0,-,-,0,0,0,0,3660,3690,-,-
TXO,202608W4,20260826.0,48800.0,Call,0.3,0.3,0.3,0.3,0.2,▼-0.2,▼-40.00%,0,2,2,6,0.2,0.3,174,0.3
TXO,202608W4,20260826.0,48800.0,Put,-,-,-,-,3780.0,-,-,0,0,0,0,-,3800,-,-
TXO,202608W4,20260826.0,48900.0,Call,0.2,0.2,0.2,0.2,0.2,▼-0.2,▼-50.00%,2,1,3,5,0.2,0.3,131,0.2
TXO,202608W4,20260826.0,48900.0,Put,-,-,-,-,3880.0,-,-,0,0,0,0,-,3900,-,-
TXO,202608W4,20260826.0,49000.0,Call,0.2,0.3,0.2,0.3,0.2,▼-0.1,▼-25.00%,1,13,14,100,0.1,0.3,162,0.2
TXO,202608W4,20260826.0,49000.0,Put,-,-,-,-,3980.0,-,-,0,0,0,0,3960,3990,-,-
TXO,202608W4,20260826.0,49100.0,Call,-,-,-,-,0.2,-,-,0,0,0,4,-,0.6,104,0.2
TXO,202608W4,20260826.0,49100.0,Put,-,-,-,-,4080.0,-,-,0,0,0,0,4060,4090,-,-
TXO,202608W4,20260826.0,49200.0,Call,-,-,-,-,0.2,-,-,0,0,0,23,0.1,0.6,110,0.2
TXO,202608W4,20260826.0,49200.0,Put,-,-,-,-,4180.0,-,-,0,0,0,0,4160,4190,-,-
TXO,202608W4,20260826.0,49300.0,Call,-,-,-,-,0.2,-,-,0,0,0,11,-,0.6,65,0.2
TXO,202608W4,20260826.0,49300.0,Put,-,-,-,-,4280.0,-,-,0,0,0,0,4260,4290,-,-
TXO,202608W4,20260826.0,49400.0,Call,-,-,-,-,0.2,-,-,0,0,0,21,-,0.6,110,0.2
TXO,202608W4,20260826.0,49400.0,Put,-,-,-,-,4380.0,-,-,0,0,0,0,4360,4390,-,-
TXO,202608W4,20260826.0,49500.0,Call,-,-,-,-,0.2,-,-,0,0,0,14,-,0.6,86,0.6
TXO,202608W4,20260826.0,49500.0,Put,-,-,-,-,4480.0,-,-,0,0,0,0,4460,4490,-,-
TXO,202608W4,20260826.0,49600.0,Call,-,-,-,-,0.2,-,-,0,0,0,40,-,0.6,90,0.6
TXO,202608W4,20260826.0,49600.0,Put,-,-,-,-,4580.0,-,-,0,0,0,0,4560,4590,-,-
TXO,202608W4,20260826.0,49700.0,Call,-,-,-,-,0.2,-,-,1,0,1,21,-,0.6,83,0.2
TXO,202608W4,20260826.0,49700.0,Put,-,-,-,-,4680.0,-,-,0,0,0,0,4660,4690,-,-
TXO,202608W4,20260826.0,49800.0,Call,-,-,-,-,0.2,-,-,0,0,0,3,-,0.6,45.5,0.2
TXO,202608W4,20260826.0,49800.0,Put,-,-,-,-,4780.0,-,-,0,0,0,0,4760,4790,-,-
TXO,202608W4,20260826.0,49900.0,Call,-,-,-,-,0.2,-,-,0,0,0,11,-,0.6,11.5,0.2
TXO,202608W4,20260826.0,49900.0,Put,-,-,-,-,4880.0,-,-,0,0,0,0,4860,4900,-,-
TXO,202608W4,20260826.0,50000.0,Call,0.2,0.2,0.2,0.2,0.2,0,0%,1,1,2,40,-,0.5,60,0.2
TXO,202608W4,20260826.0,50000.0,Put,-,-,-,-,4980.0,-,-,0,0,0,0,4960,5000,-,-
TXO,202608W4,20260826.0,50100.0,Call,0.2,0.2,0.2,0.2,0.2,0,0%,1,1,2,4,-,0.4,34.5,0.2
TXO,202608W4,20260826.0,50100.0,Put,-,-,-,-,5080.0,-,-,0,0,0,0,5060,5100,-,-
TXO,202608W4,20260826.0,50200.0,Call,0.2,0.2,0.2,0.2,0.2,0,0%,0,2,2,9,-,0.5,24,0.2
TXO,202608W4,20260826.0,50200.0,Put,-,-,-,-,5180.0,-,-,0,0,0,0,5160,5200,-,-
TXO,202608W4,20260826.0,50300.0,Call,0.2,0.2,0.2,0.2,0.2,0,0%,0,7,7,2,-,0.5,16,0.2
TXO,202608W4,20260826.0,50300.0,Put,-,-,-,-,5280.0,-,-,0,0,0,0,5260,5300,-,-
TXO,202608W4,20260826.0,50400.0,Call,0.2,0.5,0.2,0.5,0.2,▲+0.3,▲+150.00%,0,24,24,21,-,0.5,13.5,0.2
TXO,202608W4,20260826.0,50400.0,Put,-,-,-,-,5380.0,-,-,0,0,0,0,5360,5400,-,-
TXO,202608W4,20260826.0,50500.0,Call,0.2,0.5,0.2,0.5,0.1,▲+0.3,▲+150.00%,1,4,5,1,-,0.5,11.5,0.2
TXO,202608W4,20260826.0,50500.0,Put,-,-,-,-,5480.0,-,-,0,0,0,0,5460,5500,-,-
TXO,202608W4,20260826.0,50600.0,Call,-,-,-,-,0.1,-,-,0,0,0,2,-,0.5,15,0.2
TXO,202608W4,20260826.0,50600.0,Put,-,-,-,-,5580.0,-,-,0,0,0,0,5560,5590,-,-
TXO,202608W4,20260826.0,50700.0,Call,0.2,0.2,0.2,0.2,0.1,0,0%,0,1,1,10,-,0.5,12,0.2
TXO,202608W4,20260826.0,50700.0,Put,-,-,-,-,5680.0,-,-,0,0,0,0,5660,5690,-,-
TXO,202608F4,20260828.0,40200.0,Call,-,-,-,-,4770.0,-,-,0,0,0,0,4750,-,-,-
TXO,202608F4,20260828.0,40200.0,Put,15,16,6.7,7,7.0,▼-4.5,▼-39.13%,117,228,345,365,7.2,7.7,53,6.7
TXO,202608F4,20260828.0,40300.0,Call,-,-,-,-,4670.0,-,-,0,0,0,0,4420,4690,-,-
TXO,202608F4,20260828.0,40300.0,Put,13.5,13.5,11.5,12.5,8.2,▲+0.5,▲+4.17%,10,3,13,27,7.6,8.2,45,11.5
TXO,202608F4,20260828.0,40400.0,Call,-,-,-,-,4570.0,-,-,0,0,0,0,4320,4590,-,-
TXO,202608F4,20260828.0,40400.0,Put,15,15,7.9,7.9,8.6,▼-4.1,▼-34.17%,2,5,7,4,8.1,8.6,23,7.9
TXO,202608F4,20260828.0,40500.0,Call,-,-,-,-,4470.0,-,-,0,0,0,0,4220,4490,-,-
TXO,202608F4,20260828.0,40500.0,Put,15,17,10.5,10.5,9.0,▼-2,▼-16.00%,7,6,13,12,8.4,9,48.5,10.5
TXO,202608F4,20260828.0,40600.0,Call,-,-,-,-,4370.0,-,-,0,0,0,0,4120,4430,-,-
TXO,202608F4,20260828.0,40600.0,Put,17.5,18.5,10,10,10.0,▼-3.5,▼-25.93%,10,6,16,12,9,9.5,56,10
TXO,202608F4,20260828.0,40700.0,Call,-,-,-,-,4270.0,-,-,0,0,0,0,4020,4330,-,-
TXO,202608F4,20260828.0,40700.0,Put,17.5,17.5,16,16,10.0,▲+2,▲+14.29%,12,2,14,122,9.4,10,70,16
TXO,202608F4,20260828.0,40800.0,Call,-,-,-,-,4170.0,-,-,0,0,0,0,3920,4190,-,-
TXO,202608F4,20260828.0,40800.0,Put,20,21,10,11,11.0,▼-4,▼-26.67%,9,10,19,13,10,11,68,10
TXO,202608F4,20260828.0,40900.0,Call,-,-,-,-,4070.0,-,-,0,0,0,0,3820,4090,-,-
TXO,202608F4,20260828.0,40900.0,Put,10,14,10,13,11.5,▼-2.5,▼-16.13%,6,4,10,4,10.5,11.5,75,10
TXO,202608F4,20260828.0,41000.0,Call,-,-,-,-,3970.0,-,-,0,0,0,0,3730,3990,3740,3740
TXO,202608F4,20260828.0,41000.0,Put,22,25.5,14,14,12.0,▼-2.5,▼-15.15%,36,54,90,189,11,12,77,14
TXO,202608F4,20260828.0,41100.0,Call,-,-,-,-,3880.0,-,-,0,0,0,0,0.5,3930,3640,3640
TXO,202608F4,20260828.0,41100.0,Put,17.5,24.5,12,12,13.0,▼-5.5,▼-31.43%,2,6,8,6,12,13,65,12
TXO,202608F4,20260828.0,41200.0,Call,-,-,-,-,3780.0,-,-,0,0,0,0,3760,3790,-,-
TXO,202608F4,20260828.0,41200.0,Put,24,25,13,13.5,13.5,▼-5,▼-27.03%,41,123,164,77,13,14,120,13
TXO,202608F4,20260828.0,41300.0,Call,-,-,-,-,3680.0,-,-,0,0,0,0,0.5,-,-,-
TXO,202608F4,20260828.0,41300.0,Put,26,26,26,26,14.5,▲+6,▲+30.00%,4,1,5,19,13.5,14.5,93,22.5
TXO,202608F4,20260828.0,41400.0,Call,-,-,-,-,3580.0,-,-,0,0,0,0,3330,3590,-,-
TXO,202608F4,20260828.0,41400.0,Put,33,33,16,16,16.0,▼-5,▼-23.81%,3,17,20,41,14.5,15.5,120,16
TXO,202608F4,20260828.0,41500.0,Call,-,-,-,-,3480.0,-,-,0,0,0,0,3470,3490,-,-
TXO,202608F4,20260828.0,41500.0,Put,30.5,34,16.5,16.5,16.5,▼-6.5,▼-28.26%,11,25,36,35,15.5,16.5,110,16.5
TXO,202608F4,20260828.0,41600.0,Call,-,-,-,-,3380.0,-,-,0,0,0,0,0.5,-,3150,3150
TXO,202608F4,20260828.0,41600.0,Put,35.5,35.5,17.5,17.5,17.5,▼-6.5,▼-27.08%,6,17,23,35,17,18,97,17.5
TXO,202608F4,20260828.0,41700.0,Call,-,-,-,-,3280.0,-,-,0,0,0,0,0.5,-,-,-
TXO,202608F4,20260828.0,41700.0,Put,42,42,24.5,24.5,19.5,▼-1.5,▼-5.77%,6,12,18,18,18.5,19.5,138,24.5
TXO,202608F4,20260828.0,41800.0,Call,-,-,-,-,3180.0,-,-,0,0,0,0,0.5,3200,-,-
TXO,202608F4,20260828.0,41800.0,Put,37,47,20,20,20.0,▼-7.5,▼-27.27%,6,16,22,32,19.5,20.5,163,20
TXO,202608F4,20260828.0,41900.0,Call,-,-,-,-,3090.0,-,-,0,0,0,0,3070,3100,-,-
TXO,202608F4,20260828.0,41900.0,Put,41.5,41.5,21,21,21.0,▼-9,▼-30.00%,48,5,53,19,21,22.5,177,21
TXO,202608F4,20260828.0,42000.0,Call,-,-,-,-,2990.0,-,-,0,0,0,0,2740,3000,2760,2760
TXO,202608F4,20260828.0,42000.0,Put,50,56,23.5,23.5,23.5,▼-9,▼-27.69%,42,62,104,64,23,24,187,23.5
TXO,202608F4,20260828.0,42100.0,Call,-,-,-,-,2890.0,-,-,0,0,0,0,2880,2900,-,-
TXO,202608F4,20260828.0,42100.0,Put,62,62,25.5,25.5,25.5,▼-10,▼-28.17%,17,11,28,9,25,26.5,169,25.5
TXO,202608F4,20260828.0,42200.0,Call,-,-,-,-,2790.0,-,-,0,0,0,0,2540,-,-,-
TXO,202608F4,20260828.0,42200.0,Put,59,60,28.5,28.5,28.5,▼-10.5,▼-26.92%,6,15,21,16,27.5,28.5,170,28.5
TXO,202608F4,20260828.0,42300.0,Call,-,-,-,-,2690.0,-,-,0,0,0,0,2680,2710,2470,2470
TXO,202608F4,20260828.0,42300.0,Put,60,60,38,38.5,31.0,▼-4,▼-9.41%,34,29,63,17,30,31,165,38
TXO,202608F4,20260828.0,42400.0,Call,-,-,-,-,2600.0,-,-,0,0,0,0,2580,2610,-,-
TXO,202608F4,20260828.0,42400.0,Put,80,88,32.5,33,33.0,▼-13.5,▼-29.03%,12,40,52,29,33,34,188,32.5
TXO,202608F4,20260828.0,42500.0,Call,-,-,-,-,2500.0,-,-,0,0,0,0,2250,-,3770,2530
TXO,202608F4,20260828.0,42500.0,Put,78,119,35.5,36,36.0,▼-22,▼-37.93%,34,146,180,79,36,37,191,35.5
TXO,202608F4,20260828.0,42600.0,Call,-,-,-,-,2400.0,-,-,0,0,0,0,2390,2420,-,-
TXO,202608F4,20260828.0,42600.0,Put,99,102,40,40,40.0,▼-22,▼-35.48%,15,46,61,25,39.5,41,258,40
TXO,202608F4,20260828.0,42700.0,Call,-,-,-,-,2310.0,-,-,0,0,0,0,2290,2320,-,-
TXO,202608F4,20260828.0,42700.0,Put,87,87,55,55,45.5,▼-13,▼-19.12%,3,16,19,18,44,45.5,249,55
TXO,202608F4,20260828.0,42800.0,Call,-,-,-,-,2210.0,-,-,0,0,0,0,1960,2240,-,-
TXO,202608F4,20260828.0,42800.0,Put,86,110,48,48,48.0,▼-28,▼-36.84%,37,35,72,55,48.5,50,305,48
TXO,202608F4,20260828.0,42900.0,Call,-,-,-,-,2120.0,-,-,0,0,0,0,2100,2130,-,-
TXO,202608F4,20260828.0,42900.0,Put,112,143,56,56,56.0,▼-23,▼-29.11%,16,29,45,23,54,56,277,56
TXO,202608F4,20260828.0,43000.0,Call,-,-,-,-,2020.0,-,-,0,0,0,0,2010,2040,-,-
TXO,202608F4,20260828.0,43000.0,Put,197,197,58,60,60.0,▼-28,▼-31.82%,54,161,215,136,60,62,324,58
TXO,202608F4,20260828.0,43100.0,Call,-,-,-,-,1930.0,-,-,0,0,0,0,1900,-,-,-
TXO,202608F4,20260828.0,43100.0,Put,138,138,65,65,65.0,▼-34,▼-34.34%,0,38,38,27,66,69,307,65
TXO,202608F4,20260828.0,43200.0,Call,-,-,-,-,1840.0,-,-,0,0,0,0,1540,1850,2010,2000
TXO,202608F4,20260828.0,43200.0,Put,151,160,74,74,74.0,▼-35,▼-32.11%,20,21,41,37,74,76,367,74
TXO,202608F4,20260828.0,43300.0,Call,-,-,-,-,1750.0,-,-,0,0,0,0,1450,1760,-,-
TXO,202608F4,20260828.0,43300.0,Put,180,223,80,80,80.0,▼-49,▼-37.98%,9,91,100,68,82,84,369,80
TXO,202608F4,20260828.0,43400.0,Call,-,-,-,-,1660.0,-,-,0,0,0,0,1360,1670,-,-
TXO,202608F4,20260828.0,43400.0,Put,145,145,89,90,90.0,▼-45,▼-33.33%,14,43,57,43,92,95,392,89
TXO,202608F4,20260828.0,43450.0,Call,-,-,-,-,1610.0,-,-,0,0,0,0,1320,1630,-,-
TXO,202608F4,20260828.0,43450.0,Put,212,212,96,96,96.0,▼-47,▼-32.87%,1,3,4,4,97,100,230,96
TXO,202608F4,20260828.0,43500.0,Call,-,-,-,-,1570.0,-,-,0,0,0,1,1270,1580,1750,1750
TXO,202608F4,20260828.0,43500.0,Put,202,248,100,105,105.0,▼-55,▼-34.38%,22,53,75,34,103,106,480,100
TXO,202608F4,20260828.0,43550.0,Call,-,-,-,-,1530.0,-,-,0,0,0,0,1220,1540,-,-
TXO,202608F4,20260828.0,43550.0,Put,212,212,111,111,111.0,▼-50,▼-31.06%,0,3,3,4,109,112,212,111
TXO,202608F4,20260828.0,43600.0,Call,-,-,-,-,1480.0,-,-,0,0,0,350,1180,1490,1380,1290
TXO,202608F4,20260828.0,43600.0,Put,300,300,137,137,119.0,▼-31,▼-18.45%,13,21,34,25,116,119,405,137
TXO,202608F4,20260828.0,43650.0,Call,-,-,-,-,1440.0,-,-,0,0,0,0,1140,1450,-,-
TXO,202608F4,20260828.0,43650.0,Put,257,303,122,122,122.0,▼-57,▼-31.84%,0,17,17,11,123,126,303,122
TXO,202608F4,20260828.0,43700.0,Call,-,-,-,-,1400.0,-,-,0,0,0,420,1090,1410,1720,1400
TXO,202608F4,20260828.0,43700.0,Put,256,276,133,133,133.0,▼-52,▼-28.11%,1,11,12,59,130,133,477,133
TXO,202608F4,20260828.0,43750.0,Call,-,-,-,-,1350.0,-,-,0,0,0,0,1050,1370,1670,1670
TXO,202608F4,20260828.0,43750.0,Put,286,286,132,134,134.0,▼-66,▼-33.00%,0,4,4,6,137,141,286,132
TXO,202608F4,20260828.0,43800.0,Call,-,-,-,-,1310.0,-,-,1,0,1,1,1290,1320,2440,1180
TXO,202608F4,20260828.0,43800.0,Put,350,350,138,146,146.0,▼-64,▼-30.48%,5,48,53,42,146,149,391,138
TXO,202608F4,20260828.0,43850.0,Call,-,-,-,-,1270.0,-,-,0,0,0,0,1130,1280,1580,1580
TXO,202608F4,20260828.0,43850.0,Put,246,246,146,146,158.0,▼-83,▼-36.24%,1,9,10,8,154,158,254,146
TXO,202608F4,20260828.0,43900.0,Call,-,-,-,-,1230.0,-,-,0,0,0,0,1210,1240,1540,1070
TXO,202608F4,20260828.0,43900.0,Put,280,310,160,160,160.0,▼-72,▼-31.03%,33,45,78,41,163,167,392,160
TXO,202608F4,20260828.0,43950.0,Call,-,-,-,-,1190.0,-,-,1,0,1,0,1170,1200,1070,1030
TXO,202608F4,20260828.0,43950.0,Put,311,311,185,185,168.0,▼-60,▼-24.49%,3,8,11,3,173,176,394,185
TXO,202608F4,20260828.0,44000.0,Call,970,1050,970,1050,1150.0,▲+20,▲+1.94%,2,2,4,3,1120,1170,1480,780
TXO,202608F4,20260828.0,44000.0,Put,398,430,175,176,176.0,▼-82,▼-31.78%,31,160,191,108,183,187,640,175
TXO,202608F4,20260828.0,44050.0,Call,-,-,-,-,1110.0,-,-,1,0,1,0,925,1120,980,980
TXO,202608F4,20260828.0,44050.0,Put,425,425,188,190,190.0,▼-83,▼-30.40%,3,12,15,8,193,197,500,188
TXO,202608F4,20260828.0,44100.0,Call,-,-,-,-,1070.0,-,-,0,0,0,2,1000,1080,1380,1100
TXO,202608F4,20260828.0,44100.0,Put,302,305,207,207,207.0,▼-79,▼-27.62%,5,51,56,15,204,208,655,207
TXO,202608F4,20260828.0,44150.0,Call,-,-,-,-,1030.0,-,-,0,0,0,0,760,1040,1340,1340
TXO,202608F4,20260828.0,44150.0,Put,317,317,263,263,220.0,▼-37,▼-12.33%,0,2,2,2,216,220,600,263
TXO,202608F4,20260828.0,44200.0,Call,-,-,-,-,995.0,-,-,7,0,7,2,980,1010,1310,860
TXO,202608F4,20260828.0,44200.0,Put,420,525,220,225,225.0,▼-91,▼-28.80%,9,53,62,30,227,232,615,220
TXO,202608F4,20260828.0,44250.0,Call,495,495,495,495,960.0,▼-355,▼-41.76%,2,3,5,5,950,960,865,495
TXO,202608F4,20260828.0,44250.0,Put,495,495,328,328,245.0,▼-2,▼-0.61%,10,4,14,12,241,245,575,260
TXO,202608F4,20260828.0,44300.0,Call,580,915,469,910,910.0,▲+95,▲+11.66%,4,8,12,6,910,925,915,469
TXO,202608F4,20260828.0,44300.0,Put,495,525,313,313,257.0,▼-46,▼-12.81%,16,36,52,17,253,258,775,264
TXO,202608F4,20260828.0,44350.0,Call,485,550,465,550,885.0,▼-235,▼-29.94%,0,3,3,5,875,890,730,465
TXO,202608F4,20260828.0,44350.0,Put,515,560,314,314,272.0,▼-53,▼-14.44%,10,23,33,31,175,-,585,314
TXO,202608F4,20260828.0,44400.0,Call,429,820,429,820,850.0,▲+70,▲+9.33%,2,10,12,8,840,855,820,429
TXO,202608F4,20260828.0,44400.0,Put,600,655,254,275,275.0,▼-109,▼-28.39%,53,22,75,38,282,287,800,254
TXO,202608F4,20260828.0,44450.0,Call,420,535,420,535,815.0,▼-185,▼-25.69%,25,6,31,16,805,820,775,420
TXO,202608F4,20260828.0,44450.0,Put,540,540,420,420,302.0,▲+16,▲+3.96%,10,3,13,12,298,303,805,389
TXO,202608F4,20260828.0,44500.0,Call,520,800,348,790,790.0,▲+100,▲+14.49%,6,47,53,22,775,785,800,348
TXO,202608F4,20260828.0,44500.0,Put,605,605,300,312,312.0,▼-110,▼-26.07%,45,53,98,80,314,319,850,300
TXO,202608F4,20260828.0,44550.0,Call,360,770,336,770,745.0,▲+110,▲+16.67%,1,6,7,1,740,750,960,336
TXO,202608F4,20260828.0,44550.0,Put,650,660,650,660,334.0,▲+217,▲+48.98%,21,4,25,16,330,335,690,349
TXO,202608F4,20260828.0,44600.0,Call,334,700,334,700,700.0,▲+65,▲+10.24%,12,12,24,2,710,720,875,334
TXO,202608F4,20260828.0,44600.0,Put,640,715,332,335,335.0,▼-130,▼-27.96%,13,24,37,21,347,352,810,332
TXO,202608F4,20260828.0,44650.0,Call,-,-,-,-,680.0,-,-,0,0,0,5,675,685,780,780
TXO,202608F4,20260828.0,44650.0,Put,800,800,800,800,369.0,▲+312,▲+63.93%,7,1,8,5,201,-,800,373
TXO,202608F4,20260828.0,44700.0,Call,370,560,290,560,650.0,▼-20,▼-3.45%,11,28,39,10,645,655,955,290
TXO,202608F4,20260828.0,44700.0,Put,575,625,366,366,388.0,▼-134,▼-26.80%,14,17,31,11,384,390,940,366
TXO,202608F4,20260828.0,44750.0,Call,370,500,370,500,620.0,▼-50,▼-9.09%,0,4,4,2,615,625,500,370
TXO,202608F4,20260828.0,44750.0,Put,530,530,530,530,408.0,0,0%,6,1,7,9,305,-,910,450
TXO,202608F4,20260828.0,44800.0,Call,270,615,250,615,590.0,▲+95,▲+18.27%,10,24,34,16,585,595,890,250
TXO,202608F4,20260828.0,44800.0,Put,490,490,400,400,427.0,▼-155,▼-27.93%,3,13,16,18,422,428,870,400
TXO,202608F4,20260828.0,44850.0,Call,249,362,249,362,560.0,▼-135,▼-27.16%,0,3,3,6,555,565,595,249
TXO,202608F4,20260828.0,44850.0,Put,505,505,480,480,449.0,▼-120,▼-20.00%,1,2,3,10,444,450,775,480
TXO,202608F4,20260828.0,44900.0,Call,230,495,200,495,530.0,▲+38,▲+8.32%,8,8,16,12,530,540,820,200
TXO,202608F4,20260828.0,44900.0,Put,815,815,452,452,452.0,▼-153,▼-25.29%,3,36,39,31,465,471,1040,355
TXO,202608F4,20260828.0,44950.0,Call,211,474,209,474,505.0,▲+25,▲+5.57%,40,11,51,8,484,510,875,209
TXO,202608F4,20260828.0,44950.0,Put,505,505,505,505,500.0,▼-125,▼-19.84%,1,1,2,7,334,1100,770,458
TXO,202608F4,20260828.0,45000.0,Call,250,505,170,500,500.0,▲+72,▲+16.82%,52,127,179,68,476,482,785,170
TXO,202608F4,20260828.0,45000.0,Put,745,745,489,489,515.0,▼-181,▼-27.01%,16,32,48,29,510,520,1100,460
TXO,202608F4,20260828.0,45050.0,Call,459,459,459,459,459.0,▲+53,▲+13.05%,10,1,11,9,449,455,685,238
TXO,202608F4,20260828.0,45050.0,Put,525,525,525,525,525.0,▼-165,▼-23.91%,0,1,1,1,535,545,590,525
TXO,202608F4,20260828.0,45100.0,Call,202,429,145,429,429.0,▲+47,▲+12.30%,39,158,197,138,426,432,780,145
TXO,202608F4,20260828.0,45100.0,Put,570,570,540,540,565.0,▼-175,▼-24.48%,1,3,4,7,560,570,915,540
TXO,202608F4,20260828.0,45150.0,Call,150,424,150,424,424.0,▲+62,▲+17.13%,20,4,24,19,376,-,825,150
TXO,202608F4,20260828.0,45150.0,Put,-,-,-,-,590.0,-,-,0,0,0,5,585,595,1060,540
TXO,202608F4,20260828.0,45200.0,Call,156,406,120,400,400.0,▲+58,▲+16.96%,30,48,78,42,378,383,665,120
TXO,202608F4,20260828.0,45200.0,Put,1100,1100,670,670,620.0,▼-105,▼-13.55%,0,4,4,3,610,620,1100,520
TXO,202608F4,20260828.0,45250.0,Call,148,340,119,340,358.0,▲+18,▲+5.59%,4,25,29,17,275,478,595,119
TXO,202608F4,20260828.0,45250.0,Put,1200,1200,695,695,645.0,▼-110,▼-13.66%,0,2,2,1,640,650,1200,555
TXO,202608F4,20260828.0,45300.0,Call,150,361,61,344,338.0,▲+51,▲+17.41%,52,518,570,416,336,341,835,61
TXO,202608F4,20260828.0,45300.0,Put,650,650,645,645,675.0,▼-190,▼-22.75%,0,2,2,7,670,680,1160,437
TXO,202608F4,20260828.0,45350.0,Call,202,299,202,299,299.0,▲+24,▲+8.73%,1,5,6,3,314,319,700,140
TXO,202608F4,20260828.0,45350.0,Put,-,-,-,-,705.0,-,-,0,0,0,0,700,710,-,-
TXO,202608F4,20260828.0,45400.0,Call,95,317,83,317,297.0,▲+50,▲+18.73%,99,54,153,40,295,300,550,83
TXO,202608F4,20260828.0,45400.0,Put,990,990,990,990,735.0,▲+90,▲+10.00%,1,1,2,5,730,740,1180,665
TXO,202608F4,20260828.0,45450.0,Call,80,252,77,252,278.0,0,0%,1,10,11,8,276,281,310,77
TXO,202608F4,20260828.0,45450.0,Put,1180,1300,745,745,745.0,▼-190,▼-20.32%,22,11,33,19,760,770,1310,745
TXO,202608F4,20260828.0,45500.0,Call,110,283,70,265,265.0,▲+28,▲+11.81%,26,175,201,82,258,263,580,70
TXO,202608F4,20260828.0,45500.0,Put,1030,1050,885,890,795.0,▼-80,▼-8.25%,1,10,11,16,790,805,1050,625
TXO,202608F4,20260828.0,45550.0,Call,123,226,63,226,246.0,▲+3,▲+1.35%,2,48,50,30,241,246,1000,63
TXO,202608F4,20260828.0,45550.0,Put,-,-,-,-,830.0,-,-,0,0,0,0,825,835,885,610
TXO,202608F4,20260828.0,45600.0,Call,75,243,60,243,243.0,▲+34,▲+16.27%,12,98,110,49,224,228,460,60
TXO,202608F4,20260828.0,45600.0,Put,-,-,-,-,865.0,-,-,0,0,0,6,860,870,1390,555
TXO,202608F4,20260828.0,45650.0,Call,84,197,56,197,197.0,▲+3,▲+1.55%,7,53,60,49,208,213,460,56
TXO,202608F4,20260828.0,45650.0,Put,-,-,-,-,895.0,-,-,0,0,0,2,890,905,965,555
TXO,202608F4,20260828.0,45700.0,Call,85,206,45.5,202,195.0,▲+27,▲+15.43%,48,229,277,98,194,198,750,45.5
TXO,202608F4,20260828.0,45700.0,Put,-,-,-,-,930.0,-,-,0,0,0,2,2.3,-,1010,575
TXO,202608F4,20260828.0,45750.0,Call,87,169,87,169,169.0,▼-1,▼-0.59%,4,18,22,14,179,183,945,75
TXO,202608F4,20260828.0,45750.0,Put,-,-,-,-,970.0,-,-,0,0,0,1,955,1080,815,815
TXO,202608F4,20260828.0,45800.0,Call,66,178,34,170,167.0,▲+12,▲+7.59%,31,84,115,40,166,170,390,34
TXO,202608F4,20260828.0,45800.0,Put,-,-,-,-,1000.0,-,-,1,0,1,1,995,1020,1210,865
TXO,202608F4,20260828.0,45850.0,Call,36.5,130,36,130,154.0,▼-10,▼-7.14%,2,11,13,10,153,157,970,36
TXO,202608F4,20260828.0,45850.0,Put,-,-,-,-,1040.0,-,-,0,0,0,1,1030,1060,1200,905
TXO,202608F4,20260828.0,45900.0,Call,52,156,31,154,154.0,▲+17,▲+12.41%,19,100,119,55,141,145,950,31
TXO,202608F4,20260828.0,45900.0,Put,-,-,-,-,1080.0,-,-,1,0,1,2,1070,1100,1370,800
TXO,202608F4,20260828.0,45950.0,Call,36.5,36.5,36.5,36.5,131.0,▼-91.5,▼-71.48%,2,1,3,5,130,134,610,36.5
TXO,202608F4,20260828.0,45950.0,Put,-,-,-,-,1120.0,-,-,0,0,0,1,1090,1130,955,955
TXO,202608F4,20260828.0,46000.0,Call,40,132,24,123,123.0,▲+13,▲+11.82%,86,290,376,249,120,124,890,24
TXO,202608F4,20260828.0,46000.0,Put,1110,1110,1110,1110,1160.0,▼-240,▼-17.78%,1,2,3,1,-,1220,1380,990
TXO,202608F4,20260828.0,46050.0,Call,21,79,21,79,111.0,▼-30,▼-27.52%,0,2,2,1,110,114,231,21
TXO,202608F4,20260828.0,46050.0,Put,-,-,-,-,1200.0,-,-,0,0,0,0,-,1210,-,-
TXO,202608F4,20260828.0,46100.0,Call,30,112,19.5,101,101.0,0,0%,38,105,143,130,100,104,815,19.5
TXO,202608F4,20260828.0,46100.0,Put,-,-,-,-,1240.0,-,-,0,0,0,1,-,1340,1510,825
TXO,202608F4,20260828.0,46150.0,Call,25.5,96,25.5,96,96.0,▼-4,▼-4.00%,2,4,6,4,92,95,196,25.5
TXO,202608F4,20260828.0,46150.0,Put,-,-,-,-,1280.0,-,-,0,0,0,0,1270,1300,-,-
TXO,202608F4,20260828.0,46200.0,Call,30,67,16,67,85.0,▼-20,▼-22.99%,19,23,42,48,84,87,345,16
TXO,202608F4,20260828.0,46200.0,Put,-,-,-,-,1320.0,-,-,0,0,0,0,1310,1340,1680,1030
TXO,202608F4,20260828.0,46250.0,Call,22,82,22,82,82.0,▲+2,▲+2.50%,13,12,25,14,76,79,230,22
TXO,202608F4,20260828.0,46250.0,Put,-,-,-,-,1360.0,-,-,0,0,0,0,1350,1380,-,-
TXO,202608F4,20260828.0,46300.0,Call,18.5,77,15,77,70.0,▲+3,▲+4.05%,27,53,80,16,66,71,930,15
TXO,202608F4,20260828.0,46300.0,Put,1650,1650,1650,1650,1410.0,▲+40,▲+2.48%,0,1,1,1,1380,1660,1650,1650
TXO,202608F4,20260828.0,46350.0,Call,-,-,-,-,63.0,-,-,0,0,0,1,63,66,210,78
TXO,202608F4,20260828.0,46350.0,Put,-,-,-,-,1450.0,-,-,0,0,0,0,1440,1470,-,-
TXO,202608F4,20260828.0,46400.0,Call,12.5,64,11.5,64,57.0,▲+1,▲+1.59%,20,16,36,24,57,60,720,11.5
TXO,202608F4,20260828.0,46400.0,Put,-,-,-,-,1490.0,-,-,0,0,0,0,1480,1510,1630,1440
TXO,202608F4,20260828.0,46450.0,Call,12,55,12,55,55.0,▼-6,▼-9.84%,11,4,15,14,51,53,182,12
TXO,202608F4,20260828.0,46450.0,Put,-,-,-,-,1540.0,-,-,0,0,0,0,-,-,-,-
TXO,202608F4,20260828.0,46500.0,Call,15,51,9.4,49,49.0,▼-2,▼-3.92%,48,59,107,58,46.5,48,880,9.4
TXO,202608F4,20260828.0,46500.0,Put,-,-,-,-,1580.0,-,-,0,0,0,0,1570,1600,-,-
TXO,202608F4,20260828.0,46550.0,Call,18.5,41,18.5,41,41.0,▼-8,▼-16.33%,32,2,34,37,42,43.5,168,18.5
TXO,202608F4,20260828.0,46550.0,Put,-,-,-,-,1630.0,-,-,0,0,0,0,1620,1650,-,-
TXO,202608F4,20260828.0,46600.0,Call,12,42.5,8.8,42,38.0,▼-1,▼-2.33%,32,12,44,35,38,39.5,190,8.8
TXO,202608F4,20260828.0,46600.0,Put,-,-,-,-,1670.0,-,-,0,0,0,0,1660,1690,-,-
TXO,202608F4,20260828.0,46650.0,Call,10,38,10,38,38.0,▼-3.5,▼-8.43%,0,3,3,2,34.5,36,148,10
TXO,202608F4,20260828.0,46650.0,Put,-,-,-,-,1720.0,-,-,0,0,0,0,1710,1740,-,-
TXO,202608F4,20260828.0,46700.0,Call,7.3,34,7.3,34,34.0,▼-4,▼-10.53%,40,7,47,26,31,32.5,615,7.3
TXO,202608F4,20260828.0,46700.0,Put,-,-,-,-,1770.0,-,-,0,0,0,0,1750,-,-,-
TXO,202608F4,20260828.0,46750.0,Call,31,31,31,31,28.0,▼-3,▼-8.82%,3,1,4,4,28,29.5,515,16
TXO,202608F4,20260828.0,46750.0,Put,-,-,-,-,1810.0,-,-,0,0,0,0,1800,1830,2060,2060
TXO,202608F4,20260828.0,46800.0,Call,9,28,6.5,26,26.0,▼-6.5,▼-20.00%,9,20,29,19,25.5,26.5,530,6.5
TXO,202608F4,20260828.0,46800.0,Put,-,-,-,-,1860.0,-,-,0,0,0,0,1850,1880,-,-
TXO,202608F4,20260828.0,46850.0,Call,21.5,24.5,21.5,24.5,24.5,▼-6,▼-19.67%,3,4,7,12,23,24,112,14
TXO,202608F4,20260828.0,46850.0,Put,-,-,-,-,1910.0,-,-,0,0,0,0,1900,1930,-,-
TXO,202608F4,20260828.0,46900.0,Call,8.7,21,8.4,20,20.0,▼-8,▼-28.57%,22,6,28,18,21,22,670,8.4
TXO,202608F4,20260828.0,46900.0,Put,-,-,-,-,1960.0,-,-,0,0,0,0,1940,-,-,-
TXO,202608F4,20260828.0,46950.0,Call,5.6,18,5.6,18,18.0,▼-8,▼-30.77%,3,5,8,6,19,20,100,5.6
TXO,202608F4,20260828.0,46950.0,Put,-,-,-,-,2010.0,-,-,0,0,0,0,1990,2020,-,-
TXO,202608F4,20260828.0,47000.0,Call,8,19.5,4.1,17.5,17.5,▼-6,▼-25.53%,54,32,86,49,17.5,18.5,510,4.1
TXO,202608F4,20260828.0,47000.0,Put,-,-,-,-,2050.0,-,-,0,0,0,0,2040,2070,-,-
TXO,202608F4,20260828.0,47050.0,Call,-,-,-,-,16.0,-,-,1,0,1,2,16,17,78,10
TXO,202608F4,20260828.0,47050.0,Put,-,-,-,-,2100.0,-,-,0,0,0,0,2090,2120,2350,2350
TXO,202608F4,20260828.0,47100.0,Call,4.8,7,4.8,7,14.5,▼-13.5,▼-65.85%,8,2,10,5,14.5,15.5,445,0.2
TXO,202608F4,20260828.0,47100.0,Put,-,-,-,-,2150.0,-,-,0,0,0,0,2140,2170,-,-
TXO,202608F4,20260828.0,47150.0,Call,5.1,11,4.8,11,13.0,▼-8,▼-42.11%,29,25,54,33,13,14,52,4.8
TXO,202608F4,20260828.0,47150.0,Put,-,-,-,-,2200.0,-,-,0,0,0,0,-,-,-,-
TXO,202608F4,20260828.0,47200.0,Call,4.5,5.7,4.4,5.7,12.0,▼-10.8,▼-65.45%,7,5,12,11,12,13,400,4.4
TXO,202608F4,20260828.0,47200.0,Put,-,-,-,-,2250.0,-,-,0,0,0,0,2230,-,-,-
TXO,202608F4,20260828.0,47250.0,Call,-,-,-,-,11.0,-,-,0,0,0,0,11,12,-,-
TXO,202608F4,20260828.0,47250.0,Put,-,-,-,-,2300.0,-,-,0,0,0,0,2280,-,-,-
TXO,202608F4,20260828.0,47300.0,Call,-,-,-,-,10.5,-,-,8,0,8,14,10.5,11.5,305,6.4
TXO,202608F4,20260828.0,47300.0,Put,-,-,-,-,2350.0,-,-,0,0,0,0,2330,-,-,-
TXO,202608F4,20260828.0,47350.0,Call,-,-,-,-,9.7,-,-,0,0,0,3,9.7,10.5,403,18
TXO,202608F4,20260828.0,47350.0,Put,-,-,-,-,2400.0,-,-,0,0,0,0,2380,2410,-,-
TXO,202608F4,20260828.0,47400.0,Call,4.5,4.5,3.4,3.4,9.0,▼-7.6,▼-69.09%,3,4,7,18,9,9.7,101,3.4
TXO,202608F4,20260828.0,47400.0,Put,-,-,-,-,2450.0,-,-,0,0,0,0,2410,-,2690,2690
TXO,202608F4,20260828.0,47500.0,Call,3.2,8,3.2,8,8.0,▼-3,▼-27.27%,5,5,10,16,7.7,8.4,450,3.2
TXO,202608F4,20260828.0,47500.0,Put,-,-,-,-,2540.0,-,-,0,0,0,0,2530,2560,-,-
TXO,202608F4,20260828.0,47600.0,Call,3.9,6.8,3,6.8,6.8,▼-3.2,▼-32.00%,8,4,12,19,6.8,7.4,450,3
TXO,202608F4,20260828.0,47600.0,Put,-,-,-,-,2640.0,-,-,0,0,0,0,2630,2660,-,-
TXO,202608F4,20260828.0,47700.0,Call,3.4,3.4,3.4,3.4,6.0,▼-5.8,▼-63.04%,0,4,4,6,6,6.6,44,3.4
TXO,202608F4,20260828.0,47700.0,Put,-,-,-,-,2740.0,-,-,0,0,0,0,2730,2760,-,-
TXO,202608F4,20260828.0,47800.0,Call,-,-,-,-,5.3,-,-,3,0,3,11,5.3,5.9,77,4.4
TXO,202608F4,20260828.0,47800.0,Put,-,-,-,-,2840.0,-,-,0,0,0,0,2830,2860,-,-
TXO,202608F4,20260828.0,47900.0,Call,-,-,-,-,4.8,-,-,0,0,0,7,4.8,5.3,23,5.8
TXO,202608F4,20260828.0,47900.0,Put,-,-,-,-,2940.0,-,-,0,0,0,0,2930,2960,-,-
TXO,202608F4,20260828.0,48000.0,Call,3,3,2.2,2.8,4.4,▼-4.1,▼-59.42%,5,13,18,66,4.4,4.9,234,2.2
TXO,202608F4,20260828.0,48000.0,Put,-,-,-,-,3040.0,-,-,0,0,0,0,3030,3060,-,-
TXO,202608F4,20260828.0,48100.0,Call,2.4,2.6,2.4,2.6,4.0,▼-3.9,▼-60.00%,0,3,3,3,4,4.4,149,2.4
TXO,202608F4,20260828.0,48100.0,Put,-,-,-,-,3140.0,-,-,0,0,0,0,-,-,3380,3380
TXO,202608F4,20260828.0,48200.0,Call,-,-,-,-,3.6,-,-,0,0,0,3,3.6,3.9,208,14
TXO,202608F4,20260828.0,48200.0,Put,-,-,-,-,3240.0,-,-,0,0,0,1,-,3330,2560,2560
TXO,202608F4,20260828.0,48300.0,Call,-,-,-,-,3.4,-,-,0,0,0,5,3.4,3.7,181,10.5
TXO,202608F4,20260828.0,48300.0,Put,-,-,-,-,3340.0,-,-,0,0,0,0,-,-,-,-
TXO,202608F4,20260828.0,48400.0,Call,-,-,-,-,3.1,-,-,1,0,1,1,3.1,3.4,203,2.5
TXO,202608F4,20260828.0,48400.0,Put,-,-,-,-,3440.0,-,-,0,0,0,0,3420,-,-,-
TXO,202608F4,20260828.0,48500.0,Call,-,-,-,-,2.9,-,-,1,0,1,28,2.9,3.2,212,2.9
TXO,202608F4,20260828.0,48500.0,Put,-,-,-,-,3540.0,-,-,0,0,0,0,3520,-,3780,3780
TXO,202608F4,20260828.0,48600.0,Call,-,-,-,-,2.7,-,-,2,0,2,3,2.7,3,168,3
TXO,202608F4,20260828.0,48600.0,Put,-,-,-,-,3640.0,-,-,0,0,0,0,3580,-,-,-
TXO,202608F4,20260828.0,48700.0,Call,-,-,-,-,2.5,-,-,0,0,0,2,2.5,2.8,198,8.3
TXO,202608F4,20260828.0,48700.0,Put,-,-,-,-,3740.0,-,-,0,0,0,0,3680,-,-,-
TXO,202608F4,20260828.0,48800.0,Call,1.6,1.6,1.6,1.6,2.4,▼-2.3,▼-58.97%,0,1,1,52,2.4,2.7,160,1.6
TXO,202608F4,20260828.0,48800.0,Put,-,-,-,-,3840.0,-,-,0,0,0,0,3820,-,-,-
TXO,202608F4,20260828.0,48900.0,Call,-,-,-,-,2.2,-,-,0,0,0,6,2.2,2.5,146,2.7
TXO,202608F4,20260828.0,48900.0,Put,-,-,-,-,3940.0,-,-,0,0,0,0,3920,-,-,-
TXO,202608F4,20260828.0,49000.0,Call,1,1,1,1,2.0,▼-2.3,▼-69.70%,2,20,22,10,2,2.3,179,1
TXO,202608F4,20260828.0,49000.0,Put,-,-,-,-,4040.0,-,-,0,0,0,0,3990,-,4280,4280
TXO,202608F4,20260828.0,49100.0,Call,-,-,-,-,1.9,-,-,0,0,0,2,1.9,2.2,100,5.3
TXO,202608F4,20260828.0,49100.0,Put,-,-,-,-,4140.0,-,-,0,0,0,0,4090,-,-,-
TXO,202608F4,20260828.0,49200.0,Call,-,-,-,-,1.7,-,-,1,0,1,1,1.7,2,15,2.2
TXO,202608F4,20260828.0,49200.0,Put,-,-,-,-,4240.0,-,-,0,0,0,0,4190,-,-,-
TXO,202608F4,20260828.0,49300.0,Call,-,-,-,-,1.6,-,-,0,0,0,3,1.6,1.9,79,4.8
TXO,202608F4,20260828.0,49300.0,Put,-,-,-,-,4340.0,-,-,0,0,0,0,4280,-,-,-
TXO,202608F4,20260828.0,49400.0,Call,-,-,-,-,1.4,-,-,0,0,0,0,1.4,1.7,106,50
TXO,202608F4,20260828.0,49400.0,Put,-,-,-,-,4440.0,-,-,0,0,0,0,4380,-,-,-
TXO,202608F4,20260828.0,49500.0,Call,-,-,-,-,1.3,-,-,0,0,0,1,1.3,1.6,122,10.5
TXO,202608F4,20260828.0,49500.0,Put,-,-,-,-,4540.0,-,-,0,0,0,0,4520,-,-,-
TXO,202608F4,20260828.0,49600.0,Call,-,-,-,-,1.2,-,-,0,0,0,0,1.2,1.5,56,12
TXO,202608F4,20260828.0,49600.0,Put,-,-,-,-,4640.0,-,-,0,0,0,0,4620,-,-,-
TXO,202608F4,20260828.0,49700.0,Call,-,-,-,-,1.1,-,-,0,0,0,0,1.1,1.4,-,-
TXO,202608F4,20260828.0,49700.0,Put,-,-,-,-,4740.0,-,-,0,0,0,0,4680,-,-,-
TXO,202608F4,20260828.0,49800.0,Call,0.7,0.7,0.7,0.7,1.0,▼-1.4,▼-66.67%,0,1,1,12,1,1.2,32,0.7
TXO,202608F4,20260828.0,49800.0,Put,-,-,-,-,4840.0,-,-,0,0,0,0,4820,-,-,-
TXO,202608F4,20260828.0,49900.0,Call,-,-,-,-,0.9,-,-,0,0,0,1,0.9,1.2,30,1.2
TXO,202608F4,20260828.0,49900.0,Put,-,-,-,-,4940.0,-,-,0,0,0,0,4920,-,-,-
TXO,202608F4,20260828.0,50000.0,Call,-,-,-,-,0.9,-,-,2,0,2,10,0.8,1.1,62,1
TXO,202608F4,20260828.0,50000.0,Put,-,-,-,-,5040.0,-,-,0,0,0,0,5020,-,-,-
TXO,202608F4,20260828.0,50100.0,Call,-,-,-,-,0.8,-,-,0,0,0,1,0.7,1,7.7,7.7
TXO,202608F4,20260828.0,50100.0,Put,-,-,-,-,5140.0,-,-,0,0,0,0,5120,-,-,-
TXO,202608F4,20260828.0,50200.0,Call,-,-,-,-,0.7,-,-,2,0,2,1,0.7,0.9,7.5,1
TXO,202608F4,20260828.0,50200.0,Put,-,-,-,-,5240.0,-,-,0,0,0,0,5220,-,-,-
TXO,202608F4,20260828.0,50300.0,Call,-,-,-,-,0.6,-,-,0,0,0,0,0.6,0.8,-,-
TXO,202608F4,20260828.0,50300.0,Put,-,-,-,-,5340.0,-,-,0,0,0,0,5320,-,-,-
TXO,202608F4,20260828.0,50400.0,Call,-,-,-,-,0.6,-,-,0,0,0,0,0.6,0.8,-,-
TXO,202608F4,20260828.0,50400.0,Put,-,-,-,-,5440.0,-,-,0,0,0,0,5420,-,-,-
TXO,202608F4,20260828.0,50500.0,Call,-,-,-,-,0.5,-,-,30,0,30,0,0.5,0.7,15.5,0.7
TXO,202608F4,20260828.0,50500.0,Put,-,-,-,-,5540.0,-,-,0,0,0,0,-,-,-,-
TXO,202608F4,20260828.0,50600.0,Call,0.3,0.3,0.3,0.3,0.5,▼-1.4,▼-82.35%,0,1,1,1,0.5,0.7,0.3,0.3
TXO,202608F4,20260828.0,50600.0,Put,-,-,-,-,5640.0,-,-,0,0,0,0,5620,-,-,-
TXO,202608F4,20260828.0,50700.0,Call,0.4,0.4,0.4,0.4,0.4,▼-0.5,▼-55.56%,0,1,1,12,0.4,0.6,35.5,0.1
TXO,202608F4,20260828.0,50700.0,Put,-,-,-,-,5740.0,-,-,0,0,0,0,5710,-,-,-
TXO,202609W1,20260902.0,40200.0,Call,-,-,-,-,4800.0,-,-,0,0,0,0,-,4810,-,-
TXO,202609W1,20260902.0,40200.0,Put,36,50,33.5,33.5,33.5,▲+1,▲+3.08%,188,59,247,310,33.5,34.5,93,30
TXO,202609W1,20260902.0,40300.0,Call,-,-,-,-,4700.0,-,-,0,0,0,0,-,-,-,-
TXO,202609W1,20260902.0,40300.0,Put,48,49,41,41.5,36.0,▲+8.5,▲+25.76%,0,9,9,10,34.5,36,90,33
TXO,202609W1,20260902.0,40400.0,Call,-,-,-,-,4600.0,-,-,0,0,0,0,4580,-,-,-
TXO,202609W1,20260902.0,40400.0,Put,50,51,37.5,37.5,37.5,▲+1.5,▲+4.17%,4,8,12,10,36.5,37.5,80,35
TXO,202609W1,20260902.0,40500.0,Call,-,-,-,-,4500.0,-,-,0,0,0,0,-,4560,-,-
TXO,202609W1,20260902.0,40500.0,Put,48,52,39.5,40,40.0,▲+1,▲+2.56%,30,92,122,110,38,39,110,37
TXO,202609W1,20260902.0,40600.0,Call,-,-,-,-,4400.0,-,-,0,0,0,0,-,4460,-,-
TXO,202609W1,20260902.0,40600.0,Put,59,59,42,42,42.0,▲+0.5,▲+1.20%,2,8,10,9,40,41,115,40.5
TXO,202609W1,20260902.0,40700.0,Call,-,-,-,-,4300.0,-,-,0,0,0,0,-,4320,-,-
TXO,202609W1,20260902.0,40700.0,Put,59,59,46,46,43.0,▲+2,▲+4.55%,0,6,6,256,42,43,148,38
TXO,202609W1,20260902.0,40800.0,Call,-,-,-,-,4210.0,-,-,0,0,0,0,4190,4220,-,-
TXO,202609W1,20260902.0,40800.0,Put,54,54,49,50,45.0,▼-1,▼-1.96%,8,5,13,19,43.5,45,138,47
TXO,202609W1,20260902.0,40900.0,Call,-,-,-,-,4110.0,-,-,0,0,0,0,4090,-,-,-
TXO,202609W1,20260902.0,40900.0,Put,94,94,58,61,48.0,▲+10,▲+19.61%,76,11,87,86,46.5,48,150,48
TXO,202609W1,20260902.0,41000.0,Call,-,-,-,-,4010.0,-,-,0,0,0,0,-,4070,-,-
TXO,202609W1,20260902.0,41000.0,Put,59,77,49.5,49.5,49.5,▼-2.5,▼-4.81%,52,25,77,90,48.5,50,163,43
TXO,202609W1,20260902.0,41100.0,Call,-,-,-,-,3910.0,-,-,0,0,0,0,3900,3930,-,-
TXO,202609W1,20260902.0,41100.0,Put,66,66,56,58,53.0,▲+1,▲+1.75%,13,8,21,20,51,53,169,56
TXO,202609W1,20260902.0,41200.0,Call,-,-,-,-,3820.0,-,-,0,0,0,0,3800,3830,-,-
TXO,202609W1,20260902.0,41200.0,Put,84,84,66,66,56.0,▲+5,▲+8.20%,11,4,15,13,54,56,151,50
TXO,202609W1,20260902.0,41300.0,Call,-,-,-,-,3720.0,-,-,0,0,0,0,3700,-,-,-
TXO,202609W1,20260902.0,41300.0,Put,80,80,80,80,59.0,▲+15,▲+23.08%,7,2,9,10,57,59,190,57
TXO,202609W1,20260902.0,41400.0,Call,-,-,-,-,3620.0,-,-,0,0,0,0,3610,3640,-,-
TXO,202609W1,20260902.0,41400.0,Put,85,99,62,62,62.0,▼-9,▼-12.68%,5,3,8,6,61,63,205,61
TXO,202609W1,20260902.0,41500.0,Call,-,-,-,-,3530.0,-,-,0,0,0,0,3510,3540,3320,3320
TXO,202609W1,20260902.0,41500.0,Put,100,100,81,81,67.0,▲+7,▲+9.46%,5,14,19,13,65,67,171,63
TXO,202609W1,20260902.0,41600.0,Call,-,-,-,-,3430.0,-,-,0,0,0,0,-,3450,-,-
TXO,202609W1,20260902.0,41600.0,Put,94,94,72,72,72.0,▼-10,▼-12.20%,2,8,10,6,69,71,172,67
TXO,202609W1,20260902.0,41700.0,Call,-,-,-,-,3340.0,-,-,0,0,0,0,3320,3350,-,-
TXO,202609W1,20260902.0,41700.0,Put,104,114,85,85,76.0,▼-3,▼-3.41%,2,10,12,16,73,76,206,75
TXO,202609W1,20260902.0,41800.0,Call,-,-,-,-,3240.0,-,-,0,0,0,0,-,3260,-,-
TXO,202609W1,20260902.0,41800.0,Put,119,119,83,83,83.0,▼-11,▼-11.70%,0,8,8,10,78,80,167,79
TXO,202609W1,20260902.0,41900.0,Call,-,-,-,-,3150.0,-,-,0,0,0,0,3130,3160,-,-
TXO,202609W1,20260902.0,41900.0,Put,113,113,87,87,87.0,▼-17,▼-16.35%,1,3,4,2,84,86,133,87
TXO,202609W1,20260902.0,42000.0,Call,-,-,-,-,3050.0,-,-,0,0,0,0,2800,3070,-,-
TXO,202609W1,20260902.0,42000.0,Put,166,166,93,93,93.0,▼-16,▼-14.68%,16,50,66,37,89,92,260,60
TXO,202609W1,20260902.0,42100.0,Call,-,-,-,-,2960.0,-,-,0,0,0,0,-,-,-,-
TXO,202609W1,20260902.0,42100.0,Put,149,158,99,99,99.0,▼-21,▼-17.50%,1,9,10,8,96,98,262,99
TXO,202609W1,20260902.0,42200.0,Call,-,-,-,-,2870.0,-,-,0,0,0,0,2850,2880,-,-
TXO,202609W1,20260902.0,42200.0,Put,136,136,104,104,104.0,▼-26,▼-20.00%,0,3,3,6,102,105,150,104
TXO,202609W1,20260902.0,42300.0,Call,-,-,-,-,2770.0,-,-,0,0,0,0,2760,2790,-,-
TXO,202609W1,20260902.0,42300.0,Put,175,175,130,130,112.0,▼-10,▼-7.14%,2,3,5,2,109,112,175,126
TXO,202609W1,20260902.0,42400.0,Call,-,-,-,-,2680.0,-,-,0,0,0,0,-,-,-,-
TXO,202609W1,20260902.0,42400.0,Put,182,182,182,182,120.0,▲+32,▲+21.33%,2,1,3,30,117,120,321,116
TXO,202609W1,20260902.0,42500.0,Call,-,-,-,-,2590.0,-,-,0,0,0,0,2340,-,-,-
TXO,202609W1,20260902.0,42500.0,Put,212,212,130,130,130.0,▼-33,▼-20.25%,15,7,22,20,126,129,315,123
TXO,202609W1,20260902.0,42600.0,Call,-,-,-,-,2500.0,-,-,0,0,0,0,2250,2510,-,-
TXO,202609W1,20260902.0,42600.0,Put,205,206,178,178,138.0,▲+3,▲+1.71%,0,4,4,5,135,138,308,138
TXO,202609W1,20260902.0,42700.0,Call,-,-,-,-,2410.0,-,-,0,0,0,0,2160,2420,-,-
TXO,202609W1,20260902.0,42700.0,Put,-,-,-,-,148.0,-,-,0,0,0,20,144,148,327,309
TXO,202609W1,20260902.0,42800.0,Call,-,-,-,-,2320.0,-,-,0,0,0,0,2070,-,-,-
TXO,202609W1,20260902.0,42800.0,Put,255,255,187,187,160.0,▼-18,▼-8.78%,5,2,7,4,156,160,346,156
TXO,202609W1,20260902.0,42900.0,Call,-,-,-,-,2230.0,-,-,0,0,0,0,1980,-,-,-
TXO,202609W1,20260902.0,42900.0,Put,211,212,178,178,178.0,▼-29,▼-14.01%,0,5,5,10,167,171,363,178
TXO,202609W1,20260902.0,43000.0,Call,-,-,-,-,2150.0,-,-,0,0,0,0,1890,2160,-,-
TXO,202609W1,20260902.0,43000.0,Put,283,320,192,192,192.0,▼-28,▼-12.73%,6,79,85,78,180,184,431,170
TXO,202609W1,20260902.0,43100.0,Call,-,-,-,-,2060.0,-,-,0,0,0,0,1810,2070,-,-
TXO,202609W1,20260902.0,43100.0,Put,290,290,290,290,199.0,▲+33,▲+12.84%,0,1,1,3,195,199,395,191
TXO,202609W1,20260902.0,43200.0,Call,-,-,-,-,1980.0,-,-,0,0,0,0,1720,1990,-,-
TXO,202609W1,20260902.0,43200.0,Put,294,294,211,211,211.0,▼-55,▼-20.68%,0,7,7,9,208,213,440,211
TXO,202609W1,20260902.0,43300.0,Call,-,-,-,-,1890.0,-,-,0,0,0,0,1870,1900,-,-
TXO,202609W1,20260902.0,43300.0,Put,346,352,251,251,229.0,▼-51,▼-16.89%,3,3,6,4,225,229,424,251
TXO,202609W1,20260902.0,43400.0,Call,-,-,-,-,1810.0,-,-,0,0,0,0,1790,1820,-,-
TXO,202609W1,20260902.0,43400.0,Put,427,427,235,235,235.0,▼-86,▼-26.79%,1,9,10,12,241,246,510,232
TXO,202609W1,20260902.0,43450.0,Call,1220,1220,1220,1220,1770.0,▼-330,▼-21.29%,0,1,1,0,1750,1780,1910,1220
TXO,202609W1,20260902.0,43450.0,Put,-,-,-,-,255.0,-,-,0,0,0,0,250,255,-,-
TXO,202609W1,20260902.0,43500.0,Call,1190,1190,1190,1190,1730.0,▼-320,▼-21.19%,0,1,1,1,1470,1880,1880,1190
TXO,202609W1,20260902.0,43500.0,Put,410,453,270,270,270.0,▼-64,▼-19.16%,0,69,69,67,260,265,585,266
TXO,202609W1,20260902.0,43550.0,Call,-,-,-,-,1690.0,-,-,5,0,5,11,1430,1700,1600,1500
TXO,202609W1,20260902.0,43550.0,Put,-,-,-,-,274.0,-,-,2,0,2,4,269,274,420,320
TXO,202609W1,20260902.0,43600.0,Call,1650,1650,1650,1650,1650.0,▲+210,▲+14.58%,0,1,1,1,1630,1660,1650,1650
TXO,202609W1,20260902.0,43600.0,Put,310,310,273,275,284.0,▼-98,▼-26.27%,0,5,5,6,279,284,560,273
TXO,202609W1,20260902.0,43650.0,Call,-,-,-,-,1610.0,-,-,0,0,0,0,1590,1620,-,-
TXO,202609W1,20260902.0,43650.0,Put,498,498,498,498,296.0,▲+112,▲+29.02%,0,1,1,1,291,296,498,498
TXO,202609W1,20260902.0,43700.0,Call,-,-,-,-,1570.0,-,-,0,0,0,0,1550,1580,1800,1630
TXO,202609W1,20260902.0,43700.0,Put,515,515,389,389,306.0,▼-12,▼-2.99%,0,5,5,11,301,306,630,389
TXO,202609W1,20260902.0,43750.0,Call,-,-,-,-,1530.0,-,-,0,0,0,0,1510,1540,-,-
TXO,202609W1,20260902.0,43750.0,Put,-,-,-,-,317.0,-,-,0,0,0,0,312,317,-,-
TXO,202609W1,20260902.0,43800.0,Call,-,-,-,-,1490.0,-,-,0,0,0,0,1470,1500,1560,1560
TXO,202609W1,20260902.0,43800.0,Put,510,550,337,337,337.0,▼-91,▼-21.26%,3,9,12,12,323,328,590,307
TXO,202609W1,20260902.0,43850.0,Call,-,-,-,-,1450.0,-,-,0,0,0,0,1440,-,-,-
TXO,202609W1,20260902.0,43850.0,Put,-,-,-,-,340.0,-,-,0,0,0,0,335,340,-,-
TXO,202609W1,20260902.0,43900.0,Call,-,-,-,-,1420.0,-,-,0,0,0,0,1400,1430,-,-
TXO,202609W1,20260902.0,43900.0,Put,-,-,-,-,352.0,-,-,0,0,0,2,347,352,620,404
TXO,202609W1,20260902.0,43950.0,Call,-,-,-,-,1380.0,-,-,0,0,0,0,1360,1390,-,-
TXO,202609W1,20260902.0,43950.0,Put,600,600,372,372,365.0,▼-104,▼-21.85%,3,5,8,1,359,365,610,372
TXO,202609W1,20260902.0,44000.0,Call,1040,1040,830,865,1340.0,▼-295,▼-25.43%,0,5,5,2,1330,1350,1040,830
TXO,202609W1,20260902.0,44000.0,Put,620,665,362,370,370.0,▼-124,▼-25.10%,16,27,43,36,373,378,780,356
TXO,202609W1,20260902.0,44050.0,Call,-,-,-,-,1310.0,-,-,0,0,0,0,1290,1310,-,-
TXO,202609W1,20260902.0,44050.0,Put,585,585,575,575,392.0,▲+65,▲+12.75%,2,2,4,1,387,392,640,565
TXO,202609W1,20260902.0,44100.0,Call,-,-,-,-,1270.0,-,-,0,0,0,0,1260,1270,-,-
TXO,202609W1,20260902.0,44100.0,Put,600,655,600,655,406.0,▲+105,▲+19.09%,13,5,18,2,401,406,800,460
TXO,202609W1,20260902.0,44150.0,Call,-,-,-,-,1240.0,-,-,0,0,0,0,1220,1240,-,-
TXO,202609W1,20260902.0,44150.0,Put,-,-,-,-,421.0,-,-,19,0,19,4,415,421,610,460
TXO,202609W1,20260902.0,44200.0,Call,880,880,880,880,1200.0,▼-150,▼-14.56%,0,1,1,1,1190,1210,880,880
TXO,202609W1,20260902.0,44200.0,Put,700,700,660,660,434.0,▲+90,▲+15.79%,7,2,9,2,428,434,835,413
TXO,202609W1,20260902.0,44250.0,Call,-,-,-,-,1170.0,-,-,0,0,0,0,1150,1170,-,-
TXO,202609W1,20260902.0,44250.0,Put,-,-,-,-,451.0,-,-,0,0,0,1,445,451,785,785
TXO,202609W1,20260902.0,44300.0,Call,-,-,-,-,1130.0,-,-,0,0,0,0,1120,1130,-,-
TXO,202609W1,20260902.0,44300.0,Put,720,720,530,530,466.0,▼-80,▼-13.11%,3,8,11,4,460,466,720,530
TXO,202609W1,20260902.0,44350.0,Call,705,705,705,705,1100.0,▼-240,▼-25.40%,0,1,1,1,1080,1100,1200,705
TXO,202609W1,20260902.0,44350.0,Put,715,735,595,595,482.0,▼-35,▼-5.56%,9,6,15,5,476,482,955,446
TXO,202609W1,20260902.0,44400.0,Call,780,805,700,790,1060.0,▼-130,▼-14.13%,7,48,55,5,1050,1070,1000,700
TXO,202609W1,20260902.0,44400.0,Put,700,790,700,790,498.0,▲+135,▲+20.61%,2,4,6,6,491,498,855,505
TXO,202609W1,20260902.0,44450.0,Call,-,-,-,-,1030.0,-,-,5,0,5,5,1020,1030,710,710
TXO,202609W1,20260902.0,44450.0,Put,-,-,-,-,515.0,-,-,5,0,5,5,505,515,955,605
TXO,202609W1,20260902.0,44500.0,Call,615,865,615,865,1000.0,0,0%,6,6,12,13,985,1000,1240,615
TXO,202609W1,20260902.0,44500.0,Put,770,845,560,560,535.0,▼-140,▼-20.00%,2,12,14,7,525,535,965,478
TXO,202609W1,20260902.0,44550.0,Call,-,-,-,-,965.0,-,-,5,0,5,5,955,965,660,660
TXO,202609W1,20260902.0,44550.0,Put,860,860,860,860,555.0,▲+135,▲+18.62%,1,3,4,1,545,555,1030,500
TXO,202609W1,20260902.0,44600.0,Call,590,745,590,745,935.0,▼-65,▼-8.02%,6,2,8,8,925,935,1040,590
TXO,202609W1,20260902.0,44600.0,Put,950,950,550,550,570.0,▼-190,▼-25.68%,5,3,8,19,560,570,950,520
TXO,202609W1,20260902.0,44650.0,Call,785,785,785,785,905.0,0,0%,6,1,7,5,890,905,1010,590
TXO,202609W1,20260902.0,44650.0,Put,640,640,595,595,585.0,▼-175,▼-22.73%,0,3,3,3,580,590,975,595
TXO,202609W1,20260902.0,44700.0,Call,750,785,750,785,875.0,▲+35,▲+4.67%,11,5,16,11,860,875,880,585
TXO,202609W1,20260902.0,44700.0,Put,880,880,590,590,590.0,▼-210,▼-26.25%,16,4,20,16,600,610,955,590
TXO,202609W1,20260902.0,44750.0,Call,-,-,-,-,845.0,-,-,7,0,7,8,830,845,910,540
TXO,202609W1,20260902.0,44750.0,Put,750,750,750,750,630.0,▼-70,▼-8.54%,0,1,1,2,620,630,995,705
TXO,202609W1,20260902.0,44800.0,Call,498,640,490,640,815.0,▼-60,▼-8.57%,8,4,12,7,800,815,975,490
TXO,202609W1,20260902.0,44800.0,Put,700,700,650,650,650.0,▼-190,▼-22.62%,0,15,15,15,640,650,890,650
TXO,202609W1,20260902.0,44850.0,Call,-,-,-,-,785.0,-,-,5,0,5,6,775,785,950,725
TXO,202609W1,20260902.0,44850.0,Put,-,-,-,-,670.0,-,-,0,0,0,0,660,670,910,735
TXO,202609W1,20260902.0,44900.0,Call,-,-,-,-,755.0,-,-,10,0,10,10,745,755,920,496
TXO,202609W1,20260902.0,44900.0,Put,-,-,-,-,695.0,-,-,6,0,6,12,685,695,1020,640
TXO,202609W1,20260902.0,44950.0,Call,385,385,385,385,730.0,▼-245,▼-38.89%,5,1,6,5,720,730,815,385
TXO,202609W1,20260902.0,44950.0,Put,1110,1110,1110,1110,715.0,▲+195,▲+21.31%,0,1,1,2,705,715,1110,795
TXO,202609W1,20260902.0,45000.0,Call,380,720,380,720,720.0,▲+110,▲+18.03%,21,9,30,9,690,700,980,380
TXO,202609W1,20260902.0,45000.0,Put,1170,1170,785,795,740.0,▼-155,▼-16.32%,99,141,240,148,730,740,1170,675
TXO,202609W1,20260902.0,45050.0,Call,310,540,310,540,670.0,▼-45,▼-7.69%,5,4,9,8,665,675,765,310
TXO,202609W1,20260902.0,45050.0,Put,1060,1060,1060,1060,750.0,▲+90,▲+9.28%,0,1,1,0,750,760,1060,690
TXO,202609W1,20260902.0,45100.0,Call,660,660,660,660,645.0,▲+100,▲+17.86%,5,1,6,8,640,650,800,600
TXO,202609W1,20260902.0,45100.0,Put,780,780,780,780,780.0,▼-220,▼-22.00%,0,1,1,1,775,785,840,780
TXO,202609W1,20260902.0,45150.0,Call,540,605,540,605,605.0,▲+65,▲+12.04%,5,2,7,5,610,620,605,540
TXO,202609W1,20260902.0,45150.0,Put,-,-,-,-,800.0,-,-,0,0,0,0,800,810,-,-
TXO,202609W1,20260902.0,45200.0,Call,460,615,455,615,585.0,▲+85,▲+16.04%,4,8,12,57,585,595,860,400
TXO,202609W1,20260902.0,45200.0,Put,-,-,-,-,825.0,-,-,0,0,0,0,825,835,-,-
TXO,202609W1,20260902.0,45250.0,Call,292,292,292,292,565.0,▼-206,▼-41.37%,4,1,5,2,565,575,670,292
TXO,202609W1,20260902.0,45250.0,Put,-,-,-,-,850.0,-,-,0,0,0,0,850,860,-,-
TXO,202609W1,20260902.0,45300.0,Call,305,560,269,560,560.0,▲+82,▲+17.15%,1,15,16,7,540,550,830,269
TXO,202609W1,20260902.0,45300.0,Put,1300,1300,1000,1000,880.0,▼-110,▼-9.91%,1,2,3,2,875,885,1320,775
TXO,202609W1,20260902.0,45350.0,Call,295,390,263,390,520.0,▼-69,▼-15.03%,0,8,8,0,515,525,810,263
TXO,202609W1,20260902.0,45350.0,Put,-,-,-,-,905.0,-,-,0,0,0,0,900,915,-,-
TXO,202609W1,20260902.0,45400.0,Call,313,380,313,380,495.0,▼-60,▼-13.64%,3,3,6,3,495,505,525,309
TXO,202609W1,20260902.0,45400.0,Put,-,-,-,-,930.0,-,-,0,0,0,0,930,940,-,-
TXO,202609W1,20260902.0,45450.0,Call,350,350,350,350,474.0,▼-70,▼-16.67%,2,1,3,2,474,481,765,298
TXO,202609W1,20260902.0,45450.0,Put,-,-,-,-,960.0,-,-,0,0,0,0,955,970,1140,1140
TXO,202609W1,20260902.0,45500.0,Call,255,475,205,475,452.0,▲+73,▲+18.16%,1,51,52,35,452,459,695,205
TXO,202609W1,20260902.0,45500.0,Put,1410,1410,1410,1410,990.0,▲+170,▲+13.71%,0,1,1,1,985,1000,1410,1410
TXO,202609W1,20260902.0,45550.0,Call,315,315,315,315,430.0,▼-70,▼-18.18%,0,1,1,1,278,545,315,315
TXO,202609W1,20260902.0,45550.0,Put,-,-,-,-,1020.0,-,-,0,0,0,0,1010,1030,-,-
TXO,202609W1,20260902.0,45600.0,Call,219,333,184,333,411.0,▼-18,▼-5.13%,0,6,6,6,411,418,660,184
TXO,202609W1,20260902.0,45600.0,Put,1490,1490,1490,1490,1050.0,▲+190,▲+14.62%,0,1,1,1,1040,1060,1490,1490
TXO,202609W1,20260902.0,45650.0,Call,-,-,-,-,391.0,-,-,0,0,0,2,242,489,545,448
TXO,202609W1,20260902.0,45650.0,Put,-,-,-,-,1080.0,-,-,0,0,0,0,1070,1090,-,-
TXO,202609W1,20260902.0,45700.0,Call,300,301,300,301,373.0,▼-32,▼-9.61%,3,4,7,9,373,378,510,256
TXO,202609W1,20260902.0,45700.0,Put,1180,1180,1180,1180,1110.0,▼-190,▼-13.87%,1,1,2,2,1100,1120,1430,1150
TXO,202609W1,20260902.0,45750.0,Call,-,-,-,-,355.0,-,-,4,0,4,1,355,360,322,225
TXO,202609W1,20260902.0,45750.0,Put,-,-,-,-,1140.0,-,-,0,0,0,0,1130,1150,-,-
TXO,202609W1,20260902.0,45800.0,Call,166,350,147,350,350.0,▲+48,▲+15.89%,3,60,63,48,337,342,510,147
TXO,202609W1,20260902.0,45800.0,Put,-,-,-,-,1170.0,-,-,1,0,1,1,1170,1190,1440,1440
TXO,202609W1,20260902.0,45850.0,Call,-,-,-,-,320.0,-,-,0,0,0,1,320,325,535,416
TXO,202609W1,20260902.0,45850.0,Put,-,-,-,-,1210.0,-,-,0,0,0,0,1200,1220,-,-
TXO,202609W1,20260902.0,45900.0,Call,190,265,141,265,304.0,▼-10,▼-3.64%,2,7,9,6,304,310,530,141
TXO,202609W1,20260902.0,45900.0,Put,-,-,-,-,1240.0,-,-,1,0,1,1,1230,1250,1440,1440
TXO,202609W1,20260902.0,45950.0,Call,280,280,280,280,280.0,▲+18,▲+6.87%,2,1,3,3,130,-,480,280
TXO,202609W1,20260902.0,45950.0,Put,-,-,-,-,1270.0,-,-,0,0,0,2,1170,2990,1510,1500
TXO,202609W1,20260902.0,46000.0,Call,164,287,115,287,272.0,▲+37,▲+14.80%,15,78,93,47,272,277,470,115
TXO,202609W1,20260902.0,46000.0,Put,1440,1440,1440,1440,1310.0,▼-150,▼-9.43%,0,1,1,2,1170,-,1480,1190
TXO,202609W1,20260902.0,46050.0,Call,109,109,109,109,260.0,▼-130,▼-54.39%,1,1,2,1,260,262,169,109
TXO,202609W1,20260902.0,46050.0,Put,-,-,-,-,1340.0,-,-,0,0,0,0,1330,1360,-,-
TXO,202609W1,20260902.0,46100.0,Call,110,209,110,209,244.0,▼-18,▼-7.93%,5,4,9,13,244,248,384,110
TXO,202609W1,20260902.0,46100.0,Put,-,-,-,-,1380.0,-,-,1,0,1,1,1370,1400,1650,1650
TXO,202609W1,20260902.0,46150.0,Call,-,-,-,-,231.0,-,-,0,0,0,0,231,236,-,-
TXO,202609W1,20260902.0,46150.0,Put,2050,2090,1480,1480,1420.0,▼-220,▼-12.94%,3,8,11,47,1410,1680,2090,1280
TXO,202609W1,20260902.0,46200.0,Call,101,139,87,139,218.0,▼-61,▼-30.50%,15,54,69,63,218,222,458,87
TXO,202609W1,20260902.0,46200.0,Put,-,-,-,-,1450.0,-,-,0,0,0,1,1440,1470,1460,1460
TXO,202609W1,20260902.0,46250.0,Call,116,198,116,198,198.0,▲+9,▲+4.76%,3,2,5,3,205,210,290,116
TXO,202609W1,20260902.0,46250.0,Put,-,-,-,-,1490.0,-,-,0,0,0,0,1480,1510,-,-
TXO,202609W1,20260902.0,46300.0,Call,86,188,80,185,193.0,▲+10,▲+5.71%,5,38,43,44,193,198,310,80
TXO,202609W1,20260902.0,46300.0,Put,-,-,-,-,1530.0,-,-,1,0,1,1,1520,1550,1820,1600
TXO,202609W1,20260902.0,46350.0,Call,90,185,74,185,185.0,▲+12,▲+6.94%,0,32,32,27,182,186,295,74
TXO,202609W1,20260902.0,46350.0,Put,-,-,-,-,1570.0,-,-,0,0,0,0,1560,1580,-,-
TXO,202609W1,20260902.0,46400.0,Call,100,185,68,185,172.0,▲+21,▲+12.80%,3,47,50,40,172,176,340,68
TXO,202609W1,20260902.0,46400.0,Put,-,-,-,-,1610.0,-,-,0,0,0,0,-,-,-,-
TXO,202609W1,20260902.0,46450.0,Call,75,132,65,132,161.0,▼-24,▼-15.38%,0,36,36,35,161,165,295,65
TXO,202609W1,20260902.0,46450.0,Put,-,-,-,-,1650.0,-,-,0,0,0,0,-,-,-,-
TXO,202609W1,20260902.0,46500.0,Call,95,133,61,133,152.0,▼-14,▼-9.52%,8,64,72,56,152,156,302,61
TXO,202609W1,20260902.0,46500.0,Put,-,-,-,-,1690.0,-,-,0,0,0,0,1620,-,-,-
TXO,202609W1,20260902.0,46550.0,Call,65,142,57,142,142.0,▲+3,▲+2.16%,1,29,30,28,142,146,142,57
TXO,202609W1,20260902.0,46550.0,Put,-,-,-,-,1730.0,-,-,0,0,0,0,1720,1750,-,-
TXO,202609W1,20260902.0,46600.0,Call,60,109,55,109,134.0,▼-23,▼-17.42%,5,29,34,33,134,137,285,55
TXO,202609W1,20260902.0,46600.0,Put,-,-,-,-,1770.0,-,-,0,0,0,0,1760,1790,-,-
TXO,202609W1,20260902.0,46650.0,Call,51,123,51,123,123.0,▼-2,▼-1.60%,3,21,24,16,125,129,150,51
TXO,202609W1,20260902.0,46650.0,Put,-,-,-,-,1810.0,-,-,0,0,0,0,1800,1830,-,-
TXO,202609W1,20260902.0,46700.0,Call,52,96,52,96,117.0,▼-22,▼-18.64%,0,28,28,30,117,121,250,52
TXO,202609W1,20260902.0,46700.0,Put,-,-,-,-,1850.0,-,-,0,0,0,0,1840,1870,-,-
TXO,202609W1,20260902.0,46800.0,Call,57,93,42,93,93.0,▼-7,▼-7.00%,6,24,30,32,103,106,248,42
TXO,202609W1,20260902.0,46800.0,Put,-,-,-,-,1940.0,-,-,0,0,0,0,-,-,2190,1980
TXO,202609W1,20260902.0,46900.0,Call,40,83,36,83,83.0,▼-12,▼-12.63%,7,12,19,13,90,93,225,36
TXO,202609W1,20260902.0,46900.0,Put,2330,2750,2330,2750,2030.0,▲+420,▲+18.03%,0,2,2,0,2010,2040,2750,2330
TXO,202609W1,20260902.0,47000.0,Call,45,86,30,85,79.0,▲+9,▲+11.84%,68,22,90,55,79,82,205,30
TXO,202609W1,20260902.0,47000.0,Put,-,-,-,-,2110.0,-,-,0,0,0,0,1810,-,-,-
TXO,202609W1,20260902.0,47100.0,Call,38,54,38,54,69.0,▼-22,▼-28.95%,5,10,15,42,69,71,170,38
TXO,202609W1,20260902.0,47100.0,Put,-,-,-,-,2200.0,-,-,0,0,0,0,2190,2220,-,-
TXO,202609W1,20260902.0,47200.0,Call,45.5,60,45.5,58,58.0,▼-5,▼-7.94%,12,5,17,25,60,62,160,42
TXO,202609W1,20260902.0,47200.0,Put,-,-,-,-,2300.0,-,-,0,0,0,0,2280,2310,2520,2520
TXO,202609W1,20260902.0,47300.0,Call,23.5,39,23.5,39,52.0,▼-23,▼-37.10%,0,4,4,3,52,54,160,23.5
TXO,202609W1,20260902.0,47300.0,Put,-,-,-,-,2390.0,-,-,0,0,0,0,-,-,-,-
TXO,202609W1,20260902.0,47400.0,Call,20,45,20,45,45.0,▼-11,▼-19.64%,1,8,9,9,45.5,47,168,20
TXO,202609W1,20260902.0,47400.0,Put,-,-,-,-,2480.0,-,-,0,0,0,0,2470,2500,-,-
TXO,202609W1,20260902.0,47500.0,Call,22.5,27.5,17.5,27.5,40.0,▼-23.5,▼-46.08%,14,25,39,34,40,41.5,138,17.5
TXO,202609W1,20260902.0,47500.0,Put,-,-,-,-,2580.0,-,-,0,0,0,0,2560,2590,-,-
TXO,202609W1,20260902.0,47600.0,Call,20,37.5,18.5,37.5,37.5,▼-6.5,▼-14.77%,5,6,11,5,35,36.5,116,18.5
TXO,202609W1,20260902.0,47600.0,Put,-,-,-,-,2670.0,-,-,0,0,0,0,2660,2690,-,-
TXO,202609W1,20260902.0,47700.0,Call,-,-,-,-,31.0,-,-,0,0,0,3,31,32,99,44
TXO,202609W1,20260902.0,47700.0,Put,-,-,-,-,2770.0,-,-,0,0,0,0,2750,2780,-,-
TXO,202609W1,20260902.0,47800.0,Call,16.5,16.5,12,12,27.5,▼-23.5,▼-66.20%,9,5,14,5,27.5,28.5,104,12
TXO,202609W1,20260902.0,47800.0,Put,-,-,-,-,2860.0,-,-,0,0,0,0,2850,2880,-,-
TXO,202609W1,20260902.0,47900.0,Call,-,-,-,-,24.0,-,-,1,0,1,2,24,25,102,21
TXO,202609W1,20260902.0,47900.0,Put,-,-,-,-,2960.0,-,-,0,0,0,0,-,-,-,-
TXO,202609W1,20260902.0,48000.0,Call,18.5,22,12,22,22.0,▼-7,▼-24.14%,65,36,101,42,21.5,22.5,96,12
TXO,202609W1,20260902.0,48000.0,Put,-,-,-,-,3060.0,-,-,0,0,0,0,3040,-,-,-
TXO,202609W1,20260902.0,48100.0,Call,-,-,-,-,19.0,-,-,2,0,2,2,19,20,79,20
TXO,202609W1,20260902.0,48100.0,Put,-,-,-,-,3160.0,-,-,0,0,0,0,3140,3170,-,-
TXO,202609W1,20260902.0,48200.0,Call,-,-,-,-,17.0,-,-,7,0,7,2,17,18,66,14.5
TXO,202609W1,20260902.0,48200.0,Put,-,-,-,-,3250.0,-,-,0,0,0,0,3240,3270,-,-
TXO,202609W1,20260902.0,48300.0,Call,8.6,14,8.6,14,14.0,▼-7.5,▼-34.88%,0,3,3,1,15.5,16.5,62,8.6
TXO,202609W1,20260902.0,48300.0,Put,-,-,-,-,3350.0,-,-,0,0,0,0,3340,3370,-,-
TXO,202609W1,20260902.0,48400.0,Call,9.8,13.5,9.8,13.5,13.5,▼-6,▼-30.77%,1,4,5,283,14,15,59,9.8
TXO,202609W1,20260902.0,48400.0,Put,-,-,-,-,3450.0,-,-,0,0,0,0,3430,-,-,-
TXO,202609W1,20260902.0,48500.0,Call,12,12.5,12,12.5,12.5,▼-6,▼-32.43%,2,4,6,19,12.5,13.5,40.5,12
TXO,202609W1,20260902.0,48500.0,Put,-,-,-,-,3550.0,-,-,0,0,0,0,3530,-,3770,3770
TXO,202609W1,20260902.0,48600.0,Call,8.5,8.5,8.5,8.5,11.5,▼-8.5,▼-50.00%,1,1,2,4,11.5,12.5,50,8.5
TXO,202609W1,20260902.0,48600.0,Put,-,-,-,-,3650.0,-,-,0,0,0,0,3630,-,-,-
TXO,202609W1,20260902.0,48700.0,Call,-,-,-,-,10.5,-,-,0,0,0,1,10.5,11,30,30
TXO,202609W1,20260902.0,48700.0,Put,-,-,-,-,3750.0,-,-,0,0,0,0,3730,3760,-,-
TXO,202609W1,20260902.0,48800.0,Call,9.8,9.8,9.8,9.8,9.8,▼-4.7,▼-32.41%,1,1,2,13,9.7,10.5,41,9.8
TXO,202609W1,20260902.0,48800.0,Put,-,-,-,-,3850.0,-,-,0,0,0,0,-,-,-,-
TXO,202609W1,20260902.0,48900.0,Call,6.5,6.5,6.5,6.5,8.8,▼-7,▼-51.85%,0,1,1,4,8.8,9.4,38,6.5
TXO,202609W1,20260902.0,48900.0,Put,-,-,-,-,3940.0,-,-,0,0,0,0,3930,3960,-,-
TXO,202609W1,20260902.0,49000.0,Call,5.3,5.5,5.3,5.5,8.2,▼-5.5,▼-50.00%,3,4,7,42,8.2,8.7,32.5,5.3
TXO,202609W1,20260902.0,49000.0,Put,-,-,-,-,4040.0,-,-,0,0,0,0,4030,4060,-,-
TXO,202609W1,20260902.0,49100.0,Call,6,6,6,6,7.6,▼-5,▼-45.45%,2,1,3,0,7.6,8.1,11,6
TXO,202609W1,20260902.0,49100.0,Put,-,-,-,-,4140.0,-,-,0,0,0,0,4130,4160,-,-
TXO,202609W1,20260902.0,49200.0,Call,-,-,-,-,7.1,-,-,0,0,0,6,7.1,7.5,35,14
TXO,202609W1,20260902.0,49200.0,Put,-,-,-,-,4240.0,-,-,0,0,0,0,4180,-,-,-
TXO,202609W1,20260902.0,49300.0,Call,-,-,-,-,6.6,-,-,0,0,0,2,6.6,7,31,7
TXO,202609W1,20260902.0,49300.0,Put,-,-,-,-,4340.0,-,-,0,0,0,0,4280,-,-,-
TXO,202609W1,20260902.0,49400.0,Call,-,-,-,-,6.2,-,-,0,0,0,0,6.2,6.6,-,-
TXO,202609W1,20260902.0,49400.0,Put,-,-,-,-,4440.0,-,-,0,0,0,0,4380,-,-,-
TXO,202609W1,20260902.0,49500.0,Call,-,-,-,-,5.9,-,-,0,0,0,1,5.9,6.2,23.5,9.8
TXO,202609W1,20260902.0,49500.0,Put,-,-,-,-,4540.0,-,-,0,0,0,0,4480,-,-,-
TXO,202609W1,20260902.0,49600.0,Call,4.5,5,4.5,5,5.5,▼-3.4,▼-40.48%,6,6,12,5,5.5,5.9,22,4.5
TXO,202609W1,20260902.0,49600.0,Put,-,-,-,-,4640.0,-,-,0,0,0,0,4620,4660,-,-
TXO,202609W1,20260902.0,49700.0,Call,-,-,-,-,5.2,-,-,0,0,0,1,5.2,5.5,20,20
TXO,202609W1,20260902.0,49700.0,Put,-,-,-,-,4740.0,-,-,0,0,0,0,4720,4760,-,-
TXO,202609W1,20260902.0,49800.0,Call,-,-,-,-,4.9,-,-,0,0,0,0,4.9,5.2,-,-
TXO,202609W1,20260902.0,49800.0,Put,-,-,-,-,4840.0,-,-,0,0,0,0,4820,4860,-,-
TXO,202609W1,20260902.0,49900.0,Call,3.4,4.2,3.3,4.2,4.2,▼-2.6,▼-38.24%,0,13,13,88,4.7,5,19,3.3
TXO,202609W1,20260902.0,49900.0,Put,-,-,-,-,4940.0,-,-,0,0,0,0,4880,-,-,-
TXO,202609F1,20260904.0,40200.0,Call,-,-,-,-,4850.0,-,-,0,0,0,0,4820,4860,-,-
TXO,202609F1,20260904.0,40200.0,Put,63,63,56,56,48.5,▲+11,▲+24.44%,0,4,4,4,47,48.5,63,56
TXO,202609F1,20260904.0,40300.0,Call,-,-,-,-,4750.0,-,-,0,0,0,0,-,-,-,-
TXO,202609F1,20260904.0,40300.0,Put,50,50,50,50,50.0,▲+5,▲+11.11%,0,1,1,1,49.5,51,50,50
TXO,202609F1,20260904.0,40400.0,Call,-,-,-,-,4650.0,-,-,0,0,0,0,4630,4670,-,-
TXO,202609F1,20260904.0,40400.0,Put,67,79,52,52,52.0,▲+2,▲+4.00%,26,60,86,183,52,54,106,51
TXO,202609F1,20260904.0,40500.0,Call,-,-,-,-,4550.0,-,-,0,0,0,0,-,4610,-,-
TXO,202609F1,20260904.0,40500.0,Put,70,70,70,70,56.0,▲+14,▲+25.00%,0,39,39,44,54,56,106,56
TXO,202609F1,20260904.0,40600.0,Call,-,-,-,-,4460.0,-,-,0,0,0,0,4440,4470,-,-
TXO,202609F1,20260904.0,40600.0,Put,-,-,-,-,59.0,-,-,0,0,0,20,57,59,116,58
TXO,202609F1,20260904.0,40700.0,Call,-,-,-,-,4360.0,-,-,0,0,0,0,4340,-,-,-
TXO,202609F1,20260904.0,40700.0,Put,70,70,70,70,62.0,▲+7,▲+11.11%,0,1,1,7,60,62,107,61
TXO,202609F1,20260904.0,40800.0,Call,-,-,-,-,4260.0,-,-,0,0,0,0,-,4320,-,-
TXO,202609F1,20260904.0,40800.0,Put,89,100,74,74,66.0,▲+11,▲+17.46%,0,10,10,7,64,66,125,63
TXO,202609F1,20260904.0,40900.0,Call,-,-,-,-,4170.0,-,-,0,0,0,0,4150,4180,-,-
TXO,202609F1,20260904.0,40900.0,Put,-,-,-,-,69.0,-,-,2,0,2,8,67,69,122,70
TXO,202609F1,20260904.0,41000.0,Call,-,-,-,-,4070.0,-,-,0,0,0,0,4050,-,-,-
TXO,202609F1,20260904.0,41000.0,Put,84,85,82,85,73.0,▲+12,▲+16.44%,0,20,20,8,71,73,130,75
TXO,202609F1,20260904.0,41100.0,Call,-,-,-,-,3980.0,-,-,0,0,0,0,3960,3990,-,-
TXO,202609F1,20260904.0,41100.0,Put,87,87,87,87,78.0,▲+12,▲+16.00%,1,2,3,2,75,78,107,75
TXO,202609F1,20260904.0,41200.0,Call,-,-,-,-,3880.0,-,-,0,0,0,0,3860,-,-,-
TXO,202609F1,20260904.0,41200.0,Put,84,84,82,82,82.0,▼-10,▼-10.87%,0,10,10,7,80,82,108,82
TXO,202609F1,20260904.0,41300.0,Call,-,-,-,-,3780.0,-,-,0,0,0,0,3770,3800,-,-
TXO,202609F1,20260904.0,41300.0,Put,-,-,-,-,87.0,-,-,1,0,1,8,85,87,105,97
TXO,202609F1,20260904.0,41400.0,Call,-,-,-,-,3690.0,-,-,0,0,0,0,3670,-,-,-
TXO,202609F1,20260904.0,41400.0,Put,-,-,-,-,92.0,-,-,0,0,0,2,90,92,99,99
TXO,202609F1,20260904.0,41500.0,Call,-,-,-,-,3600.0,-,-,0,0,0,0,3580,3610,-,-
TXO,202609F1,20260904.0,41500.0,Put,-,-,-,-,98.0,-,-,1,0,1,6,96,98,165,98
TXO,202609F1,20260904.0,41600.0,Call,-,-,-,-,3500.0,-,-,0,0,0,0,-,-,-,-
TXO,202609F1,20260904.0,41600.0,Put,-,-,-,-,104.0,-,-,3,0,3,3,102,104,152,123
TXO,202609F1,20260904.0,41700.0,Call,-,-,-,-,3410.0,-,-,0,0,0,0,3390,3420,-,-
TXO,202609F1,20260904.0,41700.0,Put,112,112,111,111,111.0,▼-10,▼-8.26%,0,21,21,5,108,111,132,107
TXO,202609F1,20260904.0,41800.0,Call,-,-,-,-,3320.0,-,-,0,0,0,0,3300,3330,-,-
TXO,202609F1,20260904.0,41800.0,Put,180,184,180,184,118.0,▲+55,▲+42.64%,0,2,2,0,115,118,184,180
TXO,202609F1,20260904.0,41900.0,Call,-,-,-,-,3220.0,-,-,0,0,0,0,-,3240,-,-
TXO,202609F1,20260904.0,41900.0,Put,-,-,-,-,125.0,-,-,1,0,1,0,122,125,146,145
TXO,202609F1,20260904.0,42000.0,Call,-,-,-,-,3130.0,-,-,0,0,0,0,-,-,-,-
TXO,202609F1,20260904.0,42000.0,Put,200,200,133,133,133.0,▼-14,▼-9.52%,2,3,5,9,130,133,230,131
TXO,202609F1,20260904.0,42100.0,Call,-,-,-,-,3040.0,-,-,0,0,0,0,3020,3050,-,-
TXO,202609F1,20260904.0,42100.0,Put,-,-,-,-,142.0,-,-,0,0,0,0,139,142,-,-
TXO,202609F1,20260904.0,42200.0,Call,-,-,-,-,2950.0,-,-,0,0,0,0,2940,2960,-,-
TXO,202609F1,20260904.0,42200.0,Put,154,154,154,154,154.0,▼-17,▼-9.94%,0,1,1,4,149,152,200,151
TXO,202609F1,20260904.0,42300.0,Call,-,-,-,-,2860.0,-,-,0,0,0,0,2850,2870,-,-
TXO,202609F1,20260904.0,42300.0,Put,-,-,-,-,161.0,-,-,0,0,0,0,158,161,-,-
TXO,202609F1,20260904.0,42400.0,Call,-,-,-,-,2770.0,-,-,0,0,0,0,2750,2780,-,-
TXO,202609F1,20260904.0,42400.0,Put,252,252,252,252,172.0,▲+59,▲+30.57%,0,1,1,1,169,172,252,252
TXO,202609F1,20260904.0,42500.0,Call,-,-,-,-,2680.0,-,-,0,0,0,0,2660,-,-,-
TXO,202609F1,20260904.0,42500.0,Put,-,-,-,-,183.0,-,-,0,0,0,7,180,183,252,169
TXO,202609F1,20260904.0,42600.0,Call,-,-,-,-,2590.0,-,-,0,0,0,0,2580,2610,-,-
TXO,202609F1,20260904.0,42600.0,Put,253,253,253,253,195.0,▲+32,▲+14.48%,0,1,1,1,192,195,253,253
TXO,202609F1,20260904.0,42700.0,Call,-,-,-,-,2510.0,-,-,0,0,0,0,-,2560,-,-
TXO,202609F1,20260904.0,42700.0,Put,-,-,-,-,208.0,-,-,0,0,0,1,205,208,201,201
TXO,202609F1,20260904.0,42800.0,Call,-,-,-,-,2420.0,-,-,0,0,0,0,2400,2430,-,-
TXO,202609F1,20260904.0,42800.0,Put,320,320,320,320,222.0,▲+68,▲+26.98%,1,1,2,2,218,222,320,222
TXO,202609F1,20260904.0,42900.0,Call,-,-,-,-,2330.0,-,-,0,0,0,0,2320,2350,-,-
TXO,202609F1,20260904.0,42900.0,Put,334,334,240,240,240.0,▼-25,▼-9.43%,0,2,2,1,233,237,334,240
TXO,202609F1,20260904.0,43000.0,Call,-,-,-,-,2250.0,-,-,0,0,0,0,2230,2260,-,-
TXO,202609F1,20260904.0,43000.0,Put,380,380,349,349,252.0,▲+63,▲+22.03%,1,3,4,4,248,252,380,250
TXO,202609F1,20260904.0,43100.0,Call,-,-,-,-,2170.0,-,-,0,0,0,0,2150,2180,-,-
TXO,202609F1,20260904.0,43100.0,Put,-,-,-,-,268.0,-,-,0,0,0,1,264,268,314,314
TXO,202609F1,20260904.0,43200.0,Call,-,-,-,-,2080.0,-,-,0,0,0,0,-,-,-,-
TXO,202609F1,20260904.0,43200.0,Put,-,-,-,-,286.0,-,-,0,0,0,2,282,287,336,332
TXO,202609F1,20260904.0,43300.0,Call,-,-,-,-,2000.0,-,-,0,0,0,0,-,-,-,-
TXO,202609F1,20260904.0,43300.0,Put,-,-,-,-,305.0,-,-,0,0,0,0,300,305,-,-
TXO,202609F1,20260904.0,43400.0,Call,-,-,-,-,1920.0,-,-,0,0,0,0,-,1930,-,-
TXO,202609F1,20260904.0,43400.0,Put,-,-,-,-,323.0,-,-,0,0,0,0,318,323,-,-
TXO,202609F1,20260904.0,43450.0,Call,-,-,-,-,1880.0,-,-,0,0,0,0,-,-,-,-
TXO,202609F1,20260904.0,43450.0,Put,-,-,-,-,334.0,-,-,0,0,0,0,329,335,-,-
TXO,202609F1,20260904.0,43500.0,Call,-,-,-,-,1840.0,-,-,0,0,0,0,1830,-,-,-
TXO,202609F1,20260904.0,43500.0,Put,550,550,400,400,344.0,▲+4,▲+1.01%,3,6,9,3,340,345,550,333
TXO,202609F1,20260904.0,43550.0,Call,-,-,-,-,1800.0,-,-,0,0,0,0,1790,-,-,-
TXO,202609F1,20260904.0,43550.0,Put,-,-,-,-,354.0,-,-,0,0,0,0,350,355,-,-
TXO,202609F1,20260904.0,43600.0,Call,-,-,-,-,1760.0,-,-,0,0,0,0,1750,1780,-,-
TXO,202609F1,20260904.0,43600.0,Put,-,-,-,-,366.0,-,-,0,0,0,0,361,367,-,-
TXO,202609F1,20260904.0,43650.0,Call,-,-,-,-,1730.0,-,-,0,0,0,0,1710,1740,-,-
TXO,202609F1,20260904.0,43650.0,Put,-,-,-,-,377.0,-,-,0,0,0,0,373,378,-,-
TXO,202609F1,20260904.0,43700.0,Call,-,-,-,-,1690.0,-,-,0,0,0,0,1670,1700,-,-
TXO,202609F1,20260904.0,43700.0,Put,-,-,-,-,389.0,-,-,0,0,0,0,384,389,-,-
TXO,202609F1,20260904.0,43750.0,Call,-,-,-,-,1650.0,-,-,0,0,0,0,1630,1660,-,-
TXO,202609F1,20260904.0,43750.0,Put,-,-,-,-,402.0,-,-,0,0,0,0,397,403,-,-
TXO,202609F1,20260904.0,43800.0,Call,-,-,-,-,1610.0,-,-,0,0,0,0,-,1620,-,-
TXO,202609F1,20260904.0,43800.0,Put,-,-,-,-,413.0,-,-,0,0,0,22,408,414,440,401
TXO,202609F1,20260904.0,43850.0,Call,-,-,-,-,1580.0,-,-,0,0,0,0,1560,1590,-,-
TXO,202609F1,20260904.0,43850.0,Put,-,-,-,-,427.0,-,-,0,0,0,0,422,428,-,-
TXO,202609F1,20260904.0,43900.0,Call,-,-,-,-,1540.0,-,-,0,0,0,0,1520,1550,-,-
TXO,202609F1,20260904.0,43900.0,Put,-,-,-,-,440.0,-,-,0,0,0,0,435,441,-,-
TXO,202609F1,20260904.0,43950.0,Call,-,-,-,-,1500.0,-,-,0,0,0,0,1490,1510,-,-
TXO,202609F1,20260904.0,43950.0,Put,-,-,-,-,454.0,-,-,0,0,0,0,448,454,-,-
TXO,202609F1,20260904.0,44000.0,Call,-,-,-,-,1470.0,-,-,0,0,0,0,1450,1470,-,-
TXO,202609F1,20260904.0,44000.0,Put,670,670,670,670,467.0,▲+130,▲+24.07%,1,1,2,1,461,467,670,525
TXO,202609F1,20260904.0,44050.0,Call,1220,1220,1220,1220,1430.0,▼-130,▼-9.63%,0,5,5,5,1420,1440,1220,1220
TXO,202609F1,20260904.0,44050.0,Put,-,-,-,-,481.0,-,-,5,0,5,5,476,482,640,640
TXO,202609F1,20260904.0,44100.0,Call,-,-,-,-,1390.0,-,-,0,0,0,0,1380,1400,-,-
TXO,202609F1,20260904.0,44100.0,Put,-,-,-,-,496.0,-,-,0,0,0,0,490,496,-,-
TXO,202609F1,20260904.0,44150.0,Call,-,-,-,-,1360.0,-,-,0,0,0,0,1350,1370,-,-
TXO,202609F1,20260904.0,44150.0,Put,-,-,-,-,510.0,-,-,0,0,0,0,505,515,-,-
TXO,202609F1,20260904.0,44200.0,Call,990,990,990,990,1330.0,▼-260,▼-20.80%,1,1,2,0,1310,1330,990,920
TXO,202609F1,20260904.0,44200.0,Put,-,-,-,-,530.0,-,-,0,0,0,0,520,530,-,-
TXO,202609F1,20260904.0,44250.0,Call,-,-,-,-,1290.0,-,-,0,0,0,0,1280,1300,-,-
TXO,202609F1,20260904.0,44250.0,Put,-,-,-,-,545.0,-,-,10,0,10,0,535,545,720,695
TXO,202609F1,20260904.0,44300.0,Call,-,-,-,-,1260.0,-,-,0,0,0,0,1240,1260,-,-
TXO,202609F1,20260904.0,44300.0,Put,-,-,-,-,560.0,-,-,1,0,1,1,550,560,815,815
TXO,202609F1,20260904.0,44350.0,Call,820,820,820,820,1220.0,▼-330,▼-28.70%,0,1,1,1,1210,1230,1100,820
TXO,202609F1,20260904.0,44350.0,Put,825,825,825,825,575.0,▲+175,▲+26.92%,0,1,1,1,565,575,825,825
TXO,202609F1,20260904.0,44400.0,Call,-,-,-,-,1190.0,-,-,0,0,0,0,1180,1200,-,-
TXO,202609F1,20260904.0,44400.0,Put,-,-,-,-,590.0,-,-,1,0,1,1,585,595,900,900
TXO,202609F1,20260904.0,44450.0,Call,715,715,715,715,1160.0,▼-375,▼-34.40%,0,1,1,1,1150,1160,715,715
TXO,202609F1,20260904.0,44450.0,Put,-,-,-,-,610.0,-,-,1,0,1,1,600,610,895,895
TXO,202609F1,20260904.0,44500.0,Call,-,-,-,-,1120.0,-,-,2,0,2,0,1110,1130,770,755
TXO,202609F1,20260904.0,44500.0,Put,-,-,-,-,625.0,-,-,1,0,1,2,620,630,900,695
TXO,202609F1,20260904.0,44550.0,Call,-,-,-,-,1090.0,-,-,0,0,0,2,1080,1100,1040,1040
TXO,202609F1,20260904.0,44550.0,Put,-,-,-,-,645.0,-,-,0,0,0,2,635,645,745,745
TXO,202609F1,20260904.0,44600.0,Call,-,-,-,-,1060.0,-,-,1,0,1,1,1050,1070,900,900
TXO,202609F1,20260904.0,44600.0,Put,855,855,655,655,655.0,▼-105,▼-13.82%,0,2,2,2,655,665,855,655
TXO,202609F1,20260904.0,44650.0,Call,1070,1070,1070,1070,1030.0,▲+100,▲+10.31%,0,2,2,0,1020,1040,1070,875
TXO,202609F1,20260904.0,44650.0,Put,665,665,660,660,680.0,▼-115,▼-14.84%,0,2,2,0,675,685,860,660
TXO,202609F1,20260904.0,44700.0,Call,-,-,-,-,1000.0,-,-,0,0,0,0,990,1010,-,-
TXO,202609F1,20260904.0,44700.0,Put,-,-,-,-,700.0,-,-,0,0,0,0,695,705,-,-
TXO,202609F1,20260904.0,44750.0,Call,590,590,590,590,970.0,▼-335,▼-36.22%,0,1,1,1,965,975,590,590
TXO,202609F1,20260904.0,44750.0,Put,-,-,-,-,725.0,-,-,0,0,0,0,715,725,-,-
TXO,202609F1,20260904.0,44800.0,Call,-,-,-,-,940.0,-,-,0,0,0,0,935,945,-,-
TXO,202609F1,20260904.0,44800.0,Put,940,940,715,715,745.0,▼-140,▼-16.37%,0,2,2,2,735,745,940,715
TXO,202609F1,20260904.0,44850.0,Call,-,-,-,-,910.0,-,-,0,0,0,0,905,915,-,-
TXO,202609F1,20260904.0,44850.0,Put,-,-,-,-,765.0,-,-,10,0,10,0,755,765,990,970
TXO,202609F1,20260904.0,44900.0,Call,-,-,-,-,885.0,-,-,0,0,0,0,875,885,-,-
TXO,202609F1,20260904.0,44900.0,Put,-,-,-,-,785.0,-,-,0,0,0,1,775,785,900,900
TXO,202609F1,20260904.0,44950.0,Call,-,-,-,-,855.0,-,-,0,0,0,0,845,860,-,-
TXO,202609F1,20260904.0,44950.0,Put,-,-,-,-,805.0,-,-,0,0,0,0,795,810,-,-
TXO,202609F1,20260904.0,45000.0,Call,575,675,575,675,825.0,▼-110,▼-14.01%,1,3,4,0,820,830,675,575
TXO,202609F1,20260904.0,45000.0,Put,-,-,-,-,825.0,-,-,1,0,1,1,820,830,940,940
TXO,202609F1,20260904.0,45050.0,Call,830,830,820,820,820.0,▲+55,▲+7.19%,0,2,2,4,790,805,1050,665
TXO,202609F1,20260904.0,45050.0,Put,820,825,820,825,850.0,▼-140,▼-14.51%,0,2,2,2,840,855,1080,795
TXO,202609F1,20260904.0,45100.0,Call,488,545,488,545,770.0,▼-200,▼-26.85%,0,2,2,0,765,775,895,488
TXO,202609F1,20260904.0,45100.0,Put,-,-,-,-,875.0,-,-,0,0,0,1,865,880,1080,915
TXO,202609F1,20260904.0,45150.0,Call,-,-,-,-,750.0,-,-,10,0,10,1,740,750,880,595
TXO,202609F1,20260904.0,45150.0,Put,-,-,-,-,900.0,-,-,0,0,0,0,890,900,-,-
TXO,202609F1,20260904.0,45200.0,Call,580,585,580,585,720.0,▼-105,▼-15.22%,15,2,17,7,715,725,610,475
TXO,202609F1,20260904.0,45200.0,Put,-,-,-,-,920.0,-,-,0,0,0,0,915,925,1090,1090
TXO,202609F1,20260904.0,45250.0,Call,-,-,-,-,695.0,-,-,0,0,0,0,690,700,-,-
TXO,202609F1,20260904.0,45250.0,Put,-,-,-,-,945.0,-,-,0,0,0,0,940,950,-,-
TXO,202609F1,20260904.0,45300.0,Call,488,575,488,575,670.0,▼-60,▼-9.45%,10,4,14,0,665,675,575,488
TXO,202609F1,20260904.0,45300.0,Put,-,-,-,-,970.0,-,-,0,0,0,0,965,975,980,910
TXO,202609F1,20260904.0,45350.0,Call,515,520,515,520,645.0,▼-95,▼-15.45%,6,3,9,1,640,650,535,515
TXO,202609F1,20260904.0,45350.0,Put,1020,1020,1020,1020,995.0,▼-100,▼-8.93%,0,1,1,1,990,1000,1020,1020
TXO,202609F1,20260904.0,45400.0,Call,-,-,-,-,625.0,-,-,0,0,0,0,615,625,-,-
TXO,202609F1,20260904.0,45400.0,Put,-,-,-,-,1020.0,-,-,0,0,0,0,1010,1030,1200,1200
TXO,202609F1,20260904.0,45450.0,Call,-,-,-,-,600.0,-,-,0,0,0,0,595,605,-,-
TXO,202609F1,20260904.0,45450.0,Put,-,-,-,-,1050.0,-,-,0,0,0,0,1040,1060,-,-
TXO,202609F1,20260904.0,45500.0,Call,570,570,570,570,570.0,▲+20,▲+3.64%,4,1,5,2,570,580,570,368
TXO,202609F1,20260904.0,45500.0,Put,-,-,-,-,1080.0,-,-,0,0,0,0,1070,1080,1260,1260
TXO,202609F1,20260904.0,45550.0,Call,-,-,-,-,555.0,-,-,0,0,0,0,550,560,-,-
TXO,202609F1,20260904.0,45550.0,Put,-,-,-,-,1100.0,-,-,0,0,0,0,1090,1110,-,-
TXO,202609F1,20260904.0,45600.0,Call,-,-,-,-,530.0,-,-,0,0,0,0,525,535,760,615
TXO,202609F1,20260904.0,45600.0,Put,-,-,-,-,1130.0,-,-,0,0,0,0,1120,1140,1320,1320
TXO,202609F1,20260904.0,45650.0,Call,-,-,-,-,510.0,-,-,0,0,0,0,505,515,-,-
TXO,202609F1,20260904.0,45650.0,Put,-,-,-,-,1160.0,-,-,0,0,0,0,1150,1170,-,-
TXO,202609F1,20260904.0,45700.0,Call,-,-,-,-,491.0,-,-,0,0,0,0,487,492,-,-
TXO,202609F1,20260904.0,45700.0,Put,-,-,-,-,1190.0,-,-,0,0,0,0,1180,1200,-,-
TXO,202609F1,20260904.0,45750.0,Call,-,-,-,-,471.0,-,-,0,0,0,0,467,474,-,-
TXO,202609F1,20260904.0,45750.0,Put,-,-,-,-,1220.0,-,-,0,0,0,0,1210,1230,1420,1420
TXO,202609F1,20260904.0,45800.0,Call,340,340,340,340,451.0,▼-100,▼-22.73%,2,2,4,0,448,454,408,340
TXO,202609F1,20260904.0,45800.0,Put,-,-,-,-,1250.0,-,-,0,0,0,0,1240,1260,-,-
TXO,202609F1,20260904.0,45850.0,Call,-,-,-,-,433.0,-,-,0,0,0,0,429,435,-,-
TXO,202609F1,20260904.0,45850.0,Put,-,-,-,-,1280.0,-,-,0,0,0,0,1270,1290,-,-
TXO,202609F1,20260904.0,45900.0,Call,244,250,244,250,414.0,▼-165,▼-39.76%,0,3,3,3,410,416,250,244
TXO,202609F1,20260904.0,45900.0,Put,1710,1710,1710,1710,1310.0,▲+240,▲+16.33%,0,1,1,1,1300,1320,1710,1710
TXO,202609F1,20260904.0,45950.0,Call,-,-,-,-,396.0,-,-,0,0,0,0,393,399,600,595
TXO,202609F1,20260904.0,45950.0,Put,-,-,-,-,1350.0,-,-,0,0,0,0,1340,1360,-,-
TXO,202609F1,20260904.0,46000.0,Call,223,326,223,326,379.0,▼-49,▼-13.07%,0,5,5,5,374,380,545,223
TXO,202609F1,20260904.0,46000.0,Put,1780,1780,1780,1780,1380.0,▲+250,▲+16.34%,0,1,1,1,1370,1390,1780,1780
TXO,202609F1,20260904.0,46050.0,Call,-,-,-,-,361.0,-,-,0,0,0,0,358,364,-,-
TXO,202609F1,20260904.0,46050.0,Put,-,-,-,-,1410.0,-,-,0,0,0,0,1400,1420,-,-
TXO,202609F1,20260904.0,46100.0,Call,204,204,204,204,346.0,▼-139,▼-40.52%,0,2,2,3,343,349,540,204
TXO,202609F1,20260904.0,46100.0,Put,1830,1830,1830,1830,1450.0,▲+240,▲+15.09%,0,1,1,1,1430,1460,1830,1830
TXO,202609F1,20260904.0,46150.0,Call,-,-,-,-,329.0,-,-,0,0,0,0,326,332,-,-
TXO,202609F1,20260904.0,46150.0,Put,-,-,-,-,1480.0,-,-,0,0,0,0,-,-,-,-
TXO,202609F1,20260904.0,46200.0,Call,130,226,130,226,314.0,▼-91,▼-28.71%,6,6,12,7,311,316,430,130
TXO,202609F1,20260904.0,46200.0,Put,2120,2120,2120,2120,1510.0,▲+450,▲+26.95%,0,1,1,1,1500,1530,2120,2120
TXO,202609F1,20260904.0,46250.0,Call,-,-,-,-,301.0,-,-,0,0,0,0,297,302,-,-
TXO,202609F1,20260904.0,46250.0,Put,-,-,-,-,1550.0,-,-,0,0,0,0,1530,-,-,-
TXO,202609F1,20260904.0,46300.0,Call,-,-,-,-,286.0,-,-,0,0,0,0,283,287,-,-
TXO,202609F1,20260904.0,46300.0,Put,-,-,-,-,1590.0,-,-,2,0,2,0,1570,1600,1800,1760
TXO,202609F1,20260904.0,46350.0,Call,-,-,-,-,272.0,-,-,0,0,0,0,270,275,-,-
TXO,202609F1,20260904.0,46350.0,Put,-,-,-,-,1620.0,-,-,0,0,0,0,1610,1640,-,-
TXO,202609F1,20260904.0,46400.0,Call,-,-,-,-,258.0,-,-,0,0,0,0,255,260,-,-
TXO,202609F1,20260904.0,46400.0,Put,-,-,-,-,1660.0,-,-,0,0,0,0,-,-,-,-
TXO,202609F1,20260904.0,46450.0,Call,-,-,-,-,246.0,-,-,0,0,0,0,244,248,-,-
TXO,202609F1,20260904.0,46450.0,Put,-,-,-,-,1700.0,-,-,0,0,0,0,1680,1710,-,-
TXO,202609F1,20260904.0,46500.0,Call,-,-,-,-,233.0,-,-,2,0,2,2,232,236,165,147
TXO,202609F1,20260904.0,46500.0,Put,-,-,-,-,1730.0,-,-,0,0,0,0,1720,1750,-,-
TXO,202609F1,20260904.0,46550.0,Call,-,-,-,-,223.0,-,-,0,0,0,0,219,224,-,-
TXO,202609F1,20260904.0,46550.0,Put,-,-,-,-,1770.0,-,-,0,0,0,0,1760,1790,-,-
TXO,202609F1,20260904.0,46600.0,Call,101,101,100,100,210.0,▼-122,▼-54.95%,0,2,2,2,209,213,101,100
TXO,202609F1,20260904.0,46600.0,Put,-,-,-,-,1810.0,-,-,0,0,0,0,1800,1830,-,-
TXO,202609F1,20260904.0,46700.0,Call,126,126,126,126,189.0,▼-76,▼-37.62%,0,1,1,1,188,192,126,126
TXO,202609F1,20260904.0,46700.0,Put,-,-,-,-,1890.0,-,-,0,0,0,0,1870,-,-,-
TXO,202609F1,20260904.0,46800.0,Call,-,-,-,-,170.0,-,-,0,0,0,1,169,173,225,225
TXO,202609F1,20260904.0,46800.0,Put,-,-,-,-,1970.0,-,-,0,0,0,0,1960,1990,-,-
TXO,202609F1,20260904.0,46900.0,Call,-,-,-,-,153.0,-,-,3,0,3,0,151,154,240,104
TXO,202609F1,20260904.0,46900.0,Put,-,-,-,-,2050.0,-,-,0,0,0,0,2040,2070,-,-
TXO,202609F1,20260904.0,47000.0,Call,100,142,65,142,142.0,▼-11,▼-7.19%,4,7,11,6,135,138,220,65
TXO,202609F1,20260904.0,47000.0,Put,-,-,-,-,2140.0,-,-,0,0,0,0,2120,2150,-,-
TXO,202609F1,20260904.0,47100.0,Call,-,-,-,-,122.0,-,-,0,0,0,4,121,124,119,117
TXO,202609F1,20260904.0,47100.0,Put,-,-,-,-,2220.0,-,-,0,0,0,0,2210,2240,-,-
TXO,202609F1,20260904.0,47200.0,Call,-,-,-,-,109.0,-,-,1,0,1,0,108,111,185,73
TXO,202609F1,20260904.0,47200.0,Put,-,-,-,-,2310.0,-,-,0,0,0,0,2290,-,-,-
TXO,202609F1,20260904.0,47300.0,Call,-,-,-,-,97.0,-,-,0,0,0,1,96,99,150,150
TXO,202609F1,20260904.0,47300.0,Put,-,-,-,-,2400.0,-,-,0,0,0,0,2380,2410,-,-
TXO,202609F1,20260904.0,47400.0,Call,-,-,-,-,86.0,-,-,0,0,0,0,86,88,173,147
TXO,202609F1,20260904.0,47400.0,Put,-,-,-,-,2490.0,-,-,0,0,0,0,2470,2500,-,-
TXO,202609F1,20260904.0,47500.0,Call,48,48,36,36,77.0,▼-60,▼-62.50%,6,11,17,8,76,79,163,36
TXO,202609F1,20260904.0,47500.0,Put,-,-,-,-,2580.0,-,-,0,0,0,0,2560,2590,2820,2820
TXO,202609F1,20260904.0,47600.0,Call,47.5,47.5,35,35,68.0,▼-56,▼-61.54%,2,10,12,10,68,70,176,35
TXO,202609F1,20260904.0,47600.0,Put,-,-,-,-,2670.0,-,-,0,0,0,0,-,-,-,-
TXO,202609F1,20260904.0,47700.0,Call,35,38,35,36,61.0,▼-35,▼-49.30%,0,15,15,2,61,63,106,35
TXO,202609F1,20260904.0,47700.0,Put,-,-,-,-,2760.0,-,-,0,0,0,0,2750,2770,-,-
TXO,202609F1,20260904.0,47800.0,Call,38,38,34,34,54.0,▼-37,▼-52.11%,0,15,15,4,54,56,105,34
TXO,202609F1,20260904.0,47800.0,Put,-,-,-,-,2850.0,-,-,0,0,0,0,2840,2870,-,-
TXO,202609F1,20260904.0,47900.0,Call,40,40,40,40,48.5,▼-24,▼-37.50%,0,5,5,1,48.5,50,90,40
TXO,202609F1,20260904.0,47900.0,Put,-,-,-,-,2950.0,-,-,0,0,0,0,2930,-,-,-
TXO,202609F1,20260904.0,48000.0,Call,50,50,25,25,43.5,▼-33,▼-56.90%,0,17,17,2,43.5,45,93,25
TXO,202609F1,20260904.0,48000.0,Put,-,-,-,-,3040.0,-,-,0,0,0,0,3030,3060,-,-
TXO,202609F1,20260904.0,48100.0,Call,-,-,-,-,39.0,-,-,0,0,0,0,39,40.5,-,-
TXO,202609F1,20260904.0,48100.0,Put,-,-,-,-,3140.0,-,-,0,0,0,0,3120,-,-,-
TXO,202609F1,20260904.0,48200.0,Call,-,-,-,-,35.0,-,-,0,0,0,0,35,36,-,-
TXO,202609F1,20260904.0,48200.0,Put,-,-,-,-,3230.0,-,-,0,0,0,0,3220,3250,-,-
TXO,202609F1,20260904.0,48300.0,Call,-,-,-,-,31.5,-,-,0,0,0,0,31.5,32.5,-,-
TXO,202609F1,20260904.0,48300.0,Put,-,-,-,-,3330.0,-,-,0,0,0,0,3320,3340,-,-
TXO,202609F1,20260904.0,48400.0,Call,-,-,-,-,28.0,-,-,0,0,0,1,28,29.5,70,70
TXO,202609F1,20260904.0,48400.0,Put,-,-,-,-,3430.0,-,-,0,0,0,0,3410,-,-,-
TXO,202609F1,20260904.0,48500.0,Call,-,-,-,-,25.5,-,-,0,0,0,2,25.5,26.5,31,30.5
TXO,202609F1,20260904.0,48500.0,Put,-,-,-,-,3520.0,-,-,0,0,0,0,3510,3540,-,-
TXO,202609F1,20260904.0,48600.0,Call,-,-,-,-,23.0,-,-,0,0,0,0,23,24,-,-
TXO,202609F1,20260904.0,48600.0,Put,-,-,-,-,3620.0,-,-,0,0,0,0,3610,3640,-,-
TXO,202609F1,20260904.0,48700.0,Call,-,-,-,-,21.0,-,-,0,0,0,0,21,22,-,-
TXO,202609F1,20260904.0,48700.0,Put,-,-,-,-,3720.0,-,-,0,0,0,0,3660,-,-,-
TXO,202609F1,20260904.0,48800.0,Call,-,-,-,-,19.0,-,-,0,0,0,0,19,20,-,-
TXO,202609F1,20260904.0,48800.0,Put,-,-,-,-,3820.0,-,-,0,0,0,0,3800,3830,-,-
TXO,202609F1,20260904.0,48900.0,Call,-,-,-,-,17.5,-,-,0,0,0,2,17.5,18.5,26.5,22.5
TXO,202609F1,20260904.0,48900.0,Put,-,-,-,-,3920.0,-,-,0,0,0,0,3900,-,-,-
TXO,202609F1,20260904.0,49000.0,Call,9.3,9.3,9.3,9.3,16.0,▼-15.2,▼-62.04%,12,2,14,14,16,17,21,9.3
TXO,202609F1,20260904.0,49000.0,Put,-,-,-,-,4010.0,-,-,0,0,0,0,-,-,-,-
TXO,202609F1,20260904.0,49100.0,Call,-,-,-,-,14.5,-,-,0,0,0,0,14.5,15.5,-,-
TXO,202609F1,20260904.0,49100.0,Put,-,-,-,-,4110.0,-,-,0,0,0,0,4100,4130,-,-
TXO,202609F1,20260904.0,49200.0,Call,-,-,-,-,13.5,-,-,0,0,0,2,13.5,14.5,28,26
TXO,202609F1,20260904.0,49200.0,Put,-,-,-,-,4210.0,-,-,0,0,0,0,4190,4230,-,-
TXO,202609F1,20260904.0,49300.0,Call,-,-,-,-,12.5,-,-,0,0,0,3,12.5,13.5,30,28
TXO,202609F1,20260904.0,49300.0,Put,-,-,-,-,4310.0,-,-,0,0,0,0,4250,-,-,-
TXO,202609F1,20260904.0,49400.0,Call,-,-,-,-,11.5,-,-,1,0,1,1,11.5,12.5,15.5,15.5
TXO,202609F1,20260904.0,49400.0,Put,-,-,-,-,4410.0,-,-,0,0,0,0,4390,4430,-,-
TXO,202609F1,20260904.0,49500.0,Call,-,-,-,-,11.0,-,-,0,0,0,1,11,11.5,27.5,27.5
TXO,202609F1,20260904.0,49500.0,Put,-,-,-,-,4510.0,-,-,0,0,0,0,4490,4530,-,-
TXO,202609F1,20260904.0,49600.0,Call,-,-,-,-,10.0,-,-,0,0,0,1,10,11,13.5,13.5
TXO,202609F1,20260904.0,49600.0,Put,-,-,-,-,4610.0,-,-,0,0,0,0,4590,4620,-,-
TXO,202609F1,20260904.0,49700.0,Call,-,-,-,-,9.5,-,-,0,0,0,0,9.5,10,-,-
TXO,202609F1,20260904.0,49700.0,Put,-,-,-,-,4710.0,-,-,0,0,0,0,4690,-,-,-
TXO,202609F1,20260904.0,49800.0,Call,-,-,-,-,9.0,-,-,0,0,0,1,9,9.6,13,13
TXO,202609F1,20260904.0,49800.0,Put,-,-,-,-,4810.0,-,-,0,0,0,0,4790,-,-,-
TXO,202609,20260916.0,21800.0,Call,-,-,-,-,23220.0,-,-,0,0,0,4,23150,23390,25330,12370
TXO,202609,20260916.0,21800.0,Put,4,4.3,3.5,3.6,3.6,▲+0.2,▲+5.88%,31,97,128,1172,3.3,3.7,650,0.7
TXO,202609,20260916.0,22000.0,Call,-,-,-,-,23020.0,-,-,0,0,0,6,22950,23100,23430,5990
TXO,202609,20260916.0,22000.0,Put,-,-,-,-,3.6,-,-,0,0,0,308,3,4.2,565,5
TXO,202609,20260916.0,22200.0,Call,-,-,-,-,22820.0,-,-,0,0,0,0,22730,22880,-,-
TXO,202609,20260916.0,22200.0,Put,-,-,-,-,3.8,-,-,0,0,0,130,3.1,4.4,580,5
TXO,202609,20260916.0,22400.0,Call,-,-,-,-,22620.0,-,-,0,0,0,0,22530,22690,-,-
TXO,202609,20260916.0,22400.0,Put,-,-,-,-,3.9,-,-,0,0,0,218,3.2,4.5,605,7.3
TXO,202609,20260916.0,22600.0,Call,-,-,-,-,22420.0,-,-,0,0,0,0,22330,22480,-,-
TXO,202609,20260916.0,22600.0,Put,-,-,-,-,4.0,-,-,0,0,0,247,3.3,4.7,650,6.5
TXO,202609,20260916.0,22800.0,Call,-,-,-,-,22220.0,-,-,0,0,0,0,22130,22270,-,-
TXO,202609,20260916.0,22800.0,Put,-,-,-,-,4.2,-,-,0,0,0,19,3.4,4.9,675,32
TXO,202609,20260916.0,23000.0,Call,-,-,-,-,22020.0,-,-,0,0,0,0,21930,22070,-,-
TXO,202609,20260916.0,23000.0,Put,4.5,4.5,4.5,4.5,4.5,▲+0.6,▲+15.38%,10,2,12,98,3.5,4.9,700,4.3
TXO,202609,20260916.0,23200.0,Call,-,-,-,-,21820.0,-,-,0,0,0,0,21720,21880,-,-
TXO,202609,20260916.0,23200.0,Put,-,-,-,-,4.5,-,-,0,0,0,231,3.7,5.2,730,27
TXO,202609,20260916.0,23400.0,Call,-,-,-,-,21620.0,-,-,0,0,0,0,21540,21680,-,-
TXO,202609,20260916.0,23400.0,Put,-,-,-,-,4.6,-,-,0,0,0,11,3.8,5.4,700,10
TXO,202609,20260916.0,23600.0,Call,-,-,-,-,21420.0,-,-,0,0,0,0,21340,21480,-,-
TXO,202609,20260916.0,23600.0,Put,-,-,-,-,4.8,-,-,0,0,0,10,3.9,5.6,700,30.5
TXO,202609,20260916.0,23800.0,Call,-,-,-,-,21220.0,-,-,0,0,0,0,21140,21280,-,-
TXO,202609,20260916.0,23800.0,Put,-,-,-,-,5.0,-,-,0,0,0,14,4.1,5.8,520,30
TXO,202609,20260916.0,24000.0,Call,-,-,-,-,21020.0,-,-,0,0,0,0,20940,21080,-,-
TXO,202609,20260916.0,24000.0,Put,-,-,-,-,5.2,-,-,0,0,0,100,4.2,6.1,665,5.2
TXO,202609,20260916.0,24200.0,Call,-,-,-,-,20820.0,-,-,0,0,0,0,20740,20880,-,-
TXO,202609,20260916.0,24200.0,Put,-,-,-,-,5.2,-,-,0,0,0,52,4.4,6.3,1000,19
TXO,202609,20260916.0,24400.0,Call,-,-,-,-,20620.0,-,-,0,0,0,0,20540,20670,-,-
TXO,202609,20260916.0,24400.0,Put,5.5,5.9,5.5,5.9,5.3,▲+1,▲+20.41%,0,2,2,82,4.5,6.1,1010,5.4
TXO,202609,20260916.0,24600.0,Call,-,-,-,-,20420.0,-,-,0,0,0,0,20340,20480,-,-
TXO,202609,20260916.0,24600.0,Put,-,-,-,-,5.7,-,-,0,0,0,20,4.7,6.7,1020,7
TXO,202609,20260916.0,24800.0,Call,-,-,-,-,20220.0,-,-,0,0,0,0,20130,20290,-,-
TXO,202609,20260916.0,24800.0,Put,-,-,-,-,5.8,-,-,0,0,0,73,4.9,7,1100,6
TXO,202609,20260916.0,25000.0,Call,-,-,-,-,20020.0,-,-,0,0,0,0,19930,20070,-,-
TXO,202609,20260916.0,25000.0,Put,5.8,6.3,5.8,6.3,6.3,▲+0.5,▲+8.62%,0,2,2,92,5,6.8,1050,5.2
TXO,202609,20260916.0,25200.0,Call,-,-,-,-,19830.0,-,-,0,0,0,0,19740,19890,-,-
TXO,202609,20260916.0,25200.0,Put,6.5,6.5,6.5,6.5,6.5,▲+0.6,▲+10.17%,0,1,1,30,5.8,7.3,1200,6.5
TXO,202609,20260916.0,25400.0,Call,-,-,-,-,19630.0,-,-,0,0,0,0,19550,19690,-,-
TXO,202609,20260916.0,25400.0,Put,-,-,-,-,6.6,-,-,0,0,0,23,5.4,7.7,1250,14
TXO,202609,20260916.0,25600.0,Call,-,-,-,-,19430.0,-,-,0,0,0,0,19350,19490,-,-
TXO,202609,20260916.0,25600.0,Put,-,-,-,-,6.8,-,-,0,0,0,17,5.6,8,1210,9
TXO,202609,20260916.0,25800.0,Call,-,-,-,-,19230.0,-,-,0,0,0,162,19150,19230,20840,14370
TXO,202609,20260916.0,25800.0,Put,-,-,-,-,7.0,-,-,0,0,0,40,5.8,8.2,1270,7.4
TXO,202609,20260916.0,26000.0,Call,-,-,-,-,19030.0,-,-,0,0,0,0,18950,19070,-,-
TXO,202609,20260916.0,26000.0,Put,-,-,-,-,7.2,-,-,0,0,0,108,6,8.4,1090,7.6
TXO,202609,20260916.0,26200.0,Call,-,-,-,-,18830.0,-,-,0,0,0,0,18750,18890,-,-
TXO,202609,20260916.0,26200.0,Put,-,-,-,-,7.5,-,-,0,0,0,22,6.2,8.8,1420,16
TXO,202609,20260916.0,26400.0,Call,-,-,-,-,18630.0,-,-,0,0,0,0,18550,18690,13900,5820
TXO,202609,20260916.0,26400.0,Put,-,-,-,-,7.7,-,-,0,0,0,4,6.4,9,1180,13.5
TXO,202609,20260916.0,26600.0,Call,-,-,-,-,18430.0,-,-,0,0,0,0,18340,18490,-,-
TXO,202609,20260916.0,26600.0,Put,-,-,-,-,8.0,-,-,0,0,0,26,6.6,9.3,1000,7.1
TXO,202609,20260916.0,26800.0,Call,-,-,-,-,18230.0,-,-,0,0,0,25,18180,18290,12000,5510
TXO,202609,20260916.0,26800.0,Put,-,-,-,-,8.3,-,-,0,0,0,32,6.9,9.6,1130,11.5
TXO,202609,20260916.0,27000.0,Call,-,-,-,-,18030.0,-,-,0,0,0,3,17970,18090,20110,6220
TXO,202609,20260916.0,27000.0,Put,9,9.2,9,9.2,8.3,▲+1.3,▲+16.46%,0,3,3,16,7.1,9.4,1750,8.8
TXO,202609,20260916.0,27200.0,Call,-,-,-,-,17830.0,-,-,0,0,0,0,17750,17890,-,-
TXO,202609,20260916.0,27200.0,Put,-,-,-,-,9.0,-,-,0,0,0,5,7.5,10.5,750,15
TXO,202609,20260916.0,27400.0,Call,-,-,-,-,17630.0,-,-,0,0,0,2,17570,17700,5890,2380
TXO,202609,20260916.0,27400.0,Put,-,-,-,-,9.1,-,-,2,0,2,1,7.7,10.5,1270,7.9
TXO,202609,20260916.0,27600.0,Call,-,-,-,-,17430.0,-,-,0,0,0,2,17370,17500,10800,2020
TXO,202609,20260916.0,27600.0,Put,-,-,-,-,9.5,-,-,0,0,0,5,8,11,1120,9.5
TXO,202609,20260916.0,27800.0,Call,-,-,-,-,17230.0,-,-,0,0,0,7,17160,17240,19160,16360
TXO,202609,20260916.0,27800.0,Put,-,-,-,-,9.5,-,-,0,0,0,21,8.2,11,1460,10
TXO,202609,20260916.0,28000.0,Call,-,-,-,-,17030.0,-,-,0,0,0,1,16930,17120,7880,1910
TXO,202609,20260916.0,28000.0,Put,11,11,9.4,9.4,9.5,▲+0.2,▲+2.17%,0,2,2,60,9,10,2180,8.5
TXO,202609,20260916.0,28200.0,Call,-,-,-,-,16830.0,-,-,0,0,0,2,16770,16900,5250,1730
TXO,202609,20260916.0,28200.0,Put,10.5,10.5,10.5,10.5,10.5,▲+1.2,▲+12.90%,0,1,1,6,8.6,10.5,1180,10.5
TXO,202609,20260916.0,28400.0,Call,-,-,-,-,16630.0,-,-,0,0,0,21,16580,16700,15910,1630
TXO,202609,20260916.0,28400.0,Put,-,-,-,-,10.5,-,-,0,0,0,18,9.1,12,1550,10.5
TXO,202609,20260916.0,28600.0,Call,-,-,-,-,16430.0,-,-,0,0,0,0,16350,16470,-,-
TXO,202609,20260916.0,28600.0,Put,-,-,-,-,11.0,-,-,0,0,0,19,9.5,12.5,1250,13
TXO,202609,20260916.0,28800.0,Call,-,-,-,-,16230.0,-,-,0,0,0,0,16150,16280,5200,3230
TXO,202609,20260916.0,28800.0,Put,-,-,-,-,11.0,-,-,0,0,0,25,9.8,12.5,775,12.5
TXO,202609,20260916.0,29000.0,Call,-,-,-,-,16030.0,-,-,0,0,0,2,15980,16100,4570,4570
TXO,202609,20260916.0,29000.0,Put,-,-,-,-,11.5,-,-,1,0,1,35,10,13,1920,11
TXO,202609,20260916.0,29200.0,Call,-,-,-,-,15840.0,-,-,0,0,0,4,15780,15890,6310,1310
TXO,202609,20260916.0,29200.0,Put,12,12,12,12,12.0,▲+0.5,▲+4.35%,0,1,1,17,10.5,13.5,1320,12
TXO,202609,20260916.0,29400.0,Call,-,-,-,-,15640.0,-,-,0,0,0,1,15580,15700,6990,1290
TXO,202609,20260916.0,29400.0,Put,-,-,-,-,12.0,-,-,1,0,1,24,10.5,13.5,2010,12
TXO,202609,20260916.0,29600.0,Call,-,-,-,-,15440.0,-,-,0,0,0,2,15380,15490,5690,1370
TXO,202609,20260916.0,29600.0,Put,13,13,13,13,12.5,▲+0.5,▲+4.00%,0,5,5,27,11,14,1780,12
TXO,202609,20260916.0,29800.0,Call,-,-,-,-,15240.0,-,-,0,0,0,4,15180,15290,16240,1210
TXO,202609,20260916.0,29800.0,Put,-,-,-,-,12.5,-,-,0,0,0,22,11.5,14.5,2400,16
TXO,202609,20260916.0,30000.0,Call,-,-,-,-,15040.0,-,-,0,0,0,24,14990,15110,14350,1210
TXO,202609,20260916.0,30000.0,Put,14.5,15,12.5,12.5,12.5,▼-1,▼-7.41%,5,20,25,828,11.5,13.5,2400,12
TXO,202609,20260916.0,30200.0,Call,-,-,-,-,14840.0,-,-,0,0,0,4,14780,14900,10020,1320
TXO,202609,20260916.0,30200.0,Put,-,-,-,-,13.5,-,-,0,0,0,13,12,15,2050,15
TXO,202609,20260916.0,30400.0,Call,-,-,-,-,14640.0,-,-,0,0,0,0,14560,14680,5390,1430
TXO,202609,20260916.0,30400.0,Put,-,-,-,-,14.0,-,-,0,0,0,38,12.5,15.5,2030,1.1
TXO,202609,20260916.0,30600.0,Call,-,-,-,-,14440.0,-,-,0,0,0,6,14390,14500,5520,1000
TXO,202609,20260916.0,30600.0,Put,-,-,-,-,14.5,-,-,0,0,0,8,13,16,2090,21
TXO,202609,20260916.0,30800.0,Call,-,-,-,-,14240.0,-,-,0,0,0,7,14190,14300,10110,940
TXO,202609,20260916.0,30800.0,Put,-,-,-,-,15.0,-,-,0,0,0,22,13.5,16.5,2200,15
TXO,202609,20260916.0,31000.0,Call,-,-,-,-,14040.0,-,-,0,0,0,1,13970,14050,15990,1300
TXO,202609,20260916.0,31000.0,Put,16,16.5,14,14,15.0,▼-1,▼-6.67%,9,3,12,92,13.5,16.5,2410,13
TXO,202609,20260916.0,31200.0,Call,-,-,-,-,13840.0,-,-,0,0,0,0,13780,13870,5680,2350
TXO,202609,20260916.0,31200.0,Put,17,17,17,17,15.5,▲+1,▲+6.25%,1,1,2,33,14,17,4320,17
TXO,202609,20260916.0,31400.0,Call,-,-,-,-,13640.0,-,-,0,0,0,1,13590,13700,14330,1430
TXO,202609,20260916.0,31400.0,Put,17.5,17.5,17.5,17.5,16.0,▲+1,▲+6.06%,0,1,1,22,14.5,17.5,2750,17.5
TXO,202609,20260916.0,31600.0,Call,-,-,-,-,13440.0,-,-,0,0,0,0,13380,13470,3970,2920
TXO,202609,20260916.0,31600.0,Put,18,18,18,18,16.5,▲+1,▲+5.88%,1,2,3,51,15,18,2510,18
TXO,202609,20260916.0,31800.0,Call,-,-,-,-,13240.0,-,-,0,0,0,1,13190,13290,14100,1370
TXO,202609,20260916.0,31800.0,Put,19,19,18,18.5,17.0,▲+1,▲+5.71%,2,8,10,42,15.5,18.5,2990,15
TXO,202609,20260916.0,32000.0,Call,-,-,-,-,13040.0,-,-,0,0,0,21,13000,13100,16670,1310
TXO,202609,20260916.0,32000.0,Put,21,21,16,16,17.0,▼-2.5,▼-13.51%,7,11,18,84,15.5,18.5,2700,16
TXO,202609,20260916.0,32200.0,Call,-,-,-,-,12840.0,-,-,0,0,0,19,12800,12900,13750,1380
TXO,202609,20260916.0,32200.0,Put,19.5,19.5,19,19,19.0,0,0%,0,4,4,18,16.5,19.5,2670,18.5
TXO,202609,20260916.0,32400.0,Call,-,-,-,-,12650.0,-,-,0,0,0,0,12580,12670,4680,1440
TXO,202609,20260916.0,32400.0,Put,22.5,22.5,22.5,22.5,19.0,▲+3,▲+15.38%,0,1,1,27,17.5,20.5,2300,21
TXO,202609,20260916.0,32600.0,Call,-,-,-,-,12450.0,-,-,0,0,0,0,-,12480,9580,1680
TXO,202609,20260916.0,32600.0,Put,-,-,-,-,19.5,-,-,0,0,0,37,18,21,2900,19
TXO,202609,20260916.0,32800.0,Call,-,-,-,-,12250.0,-,-,0,0,0,2,12190,12250,8380,1420
TXO,202609,20260916.0,32800.0,Put,21,21,21,21,20.0,0,0%,1,1,2,30,19,22,3280,21
TXO,202609,20260916.0,33000.0,Call,-,-,-,-,12050.0,-,-,0,0,0,35,11990,12050,12330,399
TXO,202609,20260916.0,33000.0,Put,25,25,20,20,20.0,▼-1.5,▼-6.98%,5,8,13,144,19,21,3000,18.5
TXO,202609,20260916.0,33200.0,Call,-,-,-,-,11850.0,-,-,0,0,0,4,11790,11970,11640,344
TXO,202609,20260916.0,33200.0,Put,-,-,-,-,21.0,-,-,3,0,3,24,19.5,22.5,2730,21.5
TXO,202609,20260916.0,33400.0,Call,-,-,-,-,11650.0,-,-,0,0,0,2,11600,11700,12040,1470
TXO,202609,20260916.0,33400.0,Put,24.5,24.5,22,22,22.0,▼-2,▼-8.33%,6,5,11,34,20,23,2780,21
TXO,202609,20260916.0,33600.0,Call,-,-,-,-,11450.0,-,-,0,0,0,1,11390,11460,13690,372
TXO,202609,20260916.0,33600.0,Put,25,25,24.5,24.5,22.5,0,0%,0,3,3,23,21,24,3860,24.5
TXO,202609,20260916.0,33800.0,Call,-,-,-,-,11250.0,-,-,0,0,0,1,11190,11260,7340,328
TXO,202609,20260916.0,33800.0,Put,26,26,24,24,24.0,▼-1.5,▼-5.88%,0,3,3,61,22,25,3000,21
TXO,202609,20260916.0,33900.0,Call,-,-,-,-,11150.0,-,-,0,0,0,0,11100,11180,-,-
TXO,202609,20260916.0,33900.0,Put,-,-,-,-,24.0,-,-,0,0,0,5,22.5,25.5,30.5,27.5
TXO,202609,20260916.0,34000.0,Call,-,-,-,-,11050.0,-,-,0,0,0,115,11020,11090,12980,325
TXO,202609,20260916.0,34000.0,Put,29.5,35,25,25,25.0,▼-1.5,▼-5.66%,8,8,16,179,24.5,26,3990,21.5
TXO,202609,20260916.0,34100.0,Call,-,-,-,-,10950.0,-,-,0,0,0,0,10900,10980,-,-
TXO,202609,20260916.0,34100.0,Put,-,-,-,-,25.0,-,-,0,0,0,2,23.5,26.5,410,30
TXO,202609,20260916.0,34200.0,Call,-,-,-,-,10850.0,-,-,0,0,0,1,10800,10880,9340,299
TXO,202609,20260916.0,34200.0,Put,-,-,-,-,25.5,-,-,0,0,0,17,24,27,1130,37.5
TXO,202609,20260916.0,34300.0,Call,-,-,-,-,10750.0,-,-,0,0,0,0,10700,10780,-,-
TXO,202609,20260916.0,34300.0,Put,-,-,-,-,26.0,-,-,0,0,0,4,24.5,27.5,112,20.5
TXO,202609,20260916.0,34400.0,Call,-,-,-,-,10660.0,-,-,0,0,0,0,10600,10680,6600,305
TXO,202609,20260916.0,34400.0,Put,30,30,30,30,26.5,▲+1.5,▲+5.26%,0,1,1,10,25,28,3660,30
TXO,202609,20260916.0,34500.0,Call,-,-,-,-,10560.0,-,-,0,0,0,0,10490,10590,-,-
TXO,202609,20260916.0,34500.0,Put,-,-,-,-,27.0,-,-,1,0,1,45,25.5,28.5,199,28
TXO,202609,20260916.0,34600.0,Call,-,-,-,-,10460.0,-,-,0,0,0,3,10400,10460,11000,306
TXO,202609,20260916.0,34600.0,Put,35,35,35,35,27.5,▲+5,▲+16.67%,2,1,3,7,26,29,4530,33
TXO,202609,20260916.0,34700.0,Call,-,-,-,-,10360.0,-,-,0,0,0,0,10300,10390,-,-
TXO,202609,20260916.0,34700.0,Put,-,-,-,-,28.0,-,-,0,0,0,1,26.5,29.5,31.5,31.5
TXO,202609,20260916.0,34800.0,Call,-,-,-,-,10260.0,-,-,0,0,0,3,10210,10300,3130,370
TXO,202609,20260916.0,34800.0,Put,-,-,-,-,29.0,-,-,0,0,0,29,27.5,30.5,3320,32
TXO,202609,20260916.0,34900.0,Call,-,-,-,-,10160.0,-,-,0,0,0,0,10100,10190,-,-
TXO,202609,20260916.0,34900.0,Put,-,-,-,-,29.0,-,-,14,0,14,6,28.5,31.5,50,32
TXO,202609,20260916.0,35000.0,Call,-,-,-,-,10060.0,-,-,0,0,0,6,-,10210,14340,510
TXO,202609,20260916.0,35000.0,Put,33,39.5,29.5,29.5,29.5,▼-4,▼-11.94%,19,55,74,413,28.5,30,3320,25
TXO,202609,20260916.0,35100.0,Call,-,-,-,-,9960.0,-,-,0,0,0,0,9910,9990,-,-
TXO,202609,20260916.0,35100.0,Put,-,-,-,-,31.5,-,-,2,0,2,3,29.5,33,47,32
TXO,202609,20260916.0,35200.0,Call,-,-,-,-,9860.0,-,-,0,0,0,1,9810,9870,9760,850
TXO,202609,20260916.0,35200.0,Put,-,-,-,-,32.0,-,-,0,0,0,42,30,33.5,1150,38
TXO,202609,20260916.0,35300.0,Call,-,-,-,-,9760.0,-,-,0,0,0,0,9710,9790,-,-
TXO,202609,20260916.0,35300.0,Put,-,-,-,-,32.5,-,-,0,0,0,16,30.5,34,143,38.5
TXO,202609,20260916.0,35400.0,Call,-,-,-,-,9660.0,-,-,0,0,0,0,9610,9690,8330,373
TXO,202609,20260916.0,35400.0,Put,41.5,41.5,41.5,41.5,33.0,▲+5,▲+13.70%,0,1,1,13,31,34.5,3430,39
TXO,202609,20260916.0,35500.0,Call,-,-,-,-,9560.0,-,-,0,0,0,0,9500,9580,-,-
TXO,202609,20260916.0,35500.0,Put,40,41,36,36,33.5,▼-2,▼-5.26%,0,4,4,57,31.5,35,499,27.5
TXO,202609,20260916.0,35600.0,Call,-,-,-,-,9460.0,-,-,0,0,0,0,9410,9490,7680,1220
TXO,202609,20260916.0,35600.0,Put,39.5,39.5,39.5,39.5,34.5,▲+1,▲+2.60%,1,1,2,15,32.5,36,4020,39.5
TXO,202609,20260916.0,35700.0,Call,-,-,-,-,9370.0,-,-,0,0,0,0,9310,9390,-,-
TXO,202609,20260916.0,35700.0,Put,-,-,-,-,35.5,-,-,0,0,0,2,33.5,37.5,165,47.5
TXO,202609,20260916.0,35800.0,Call,-,-,-,-,9270.0,-,-,0,0,0,3,9210,9270,5820,450
TXO,202609,20260916.0,35800.0,Put,38.5,38.5,38.5,38.5,36.0,▼-1.5,▼-3.75%,1,1,2,45,34,38,2000,29
TXO,202609,20260916.0,35900.0,Call,-,-,-,-,9170.0,-,-,0,0,0,0,9120,9200,-,-
TXO,202609,20260916.0,35900.0,Put,45,46,45,46,37.0,▲+6,▲+15.00%,0,3,3,30,35,39,348,34.5
TXO,202609,20260916.0,36000.0,Call,-,-,-,-,9070.0,-,-,0,0,0,41,9020,9070,11770,595
TXO,202609,20260916.0,36000.0,Put,46.5,49.5,40.5,41,37.5,▼-2,▼-4.65%,12,33,45,506,37,40.5,4200,30.5
TXO,202609,20260916.0,36100.0,Call,-,-,-,-,8970.0,-,-,0,0,0,0,8920,9000,-,-
TXO,202609,20260916.0,36100.0,Put,48,49,40.5,40.5,38.0,▼-3.5,▼-7.95%,3,3,6,11,37,41,685,40.5
TXO,202609,20260916.0,36200.0,Call,-,-,-,-,8870.0,-,-,0,0,0,0,8820,8900,8750,282
TXO,202609,20260916.0,36200.0,Put,-,-,-,-,39.0,-,-,0,0,0,11,37.5,42,1400,47
TXO,202609,20260916.0,36300.0,Call,-,-,-,-,8770.0,-,-,0,0,0,0,8710,8800,-,-
TXO,202609,20260916.0,36300.0,Put,58,58,42,42,42.0,▼-4,▼-8.70%,0,3,3,8,38,42.5,990,42
TXO,202609,20260916.0,36400.0,Call,-,-,-,-,8670.0,-,-,0,0,0,0,8620,8700,7540,499
TXO,202609,20260916.0,36400.0,Put,-,-,-,-,42.5,-,-,0,0,0,8,40,44.5,4830,50
TXO,202609,20260916.0,36500.0,Call,-,-,-,-,8570.0,-,-,0,0,0,0,8520,8600,-,-
TXO,202609,20260916.0,36500.0,Put,50,56,46,46,43.0,▼-3,▼-6.12%,1,9,10,83,40.5,45,880,46
TXO,202609,20260916.0,36600.0,Call,-,-,-,-,8470.0,-,-,0,0,0,0,8430,8500,7400,480
TXO,202609,20260916.0,36600.0,Put,53,53,51,51,43.5,0,0%,0,2,2,39,41,45.5,1860,46
TXO,202609,20260916.0,36700.0,Call,-,-,-,-,8380.0,-,-,0,0,0,0,8330,8400,-,-
TXO,202609,20260916.0,36700.0,Put,-,-,-,-,45.0,-,-,0,0,0,14,42.5,47.5,488,45
TXO,202609,20260916.0,36800.0,Call,-,-,-,-,8280.0,-,-,0,0,0,19,8240,8320,2830,310
TXO,202609,20260916.0,36800.0,Put,-,-,-,-,46.5,-,-,0,0,0,29,44,49,4910,59
TXO,202609,20260916.0,36900.0,Call,-,-,-,-,8180.0,-,-,0,0,0,0,8130,8200,-,-
TXO,202609,20260916.0,36900.0,Put,-,-,-,-,48.0,-,-,0,0,0,14,45.5,50,1240,55
TXO,202609,20260916.0,37000.0,Call,-,-,-,-,8080.0,-,-,0,0,0,29,8030,8200,9270,540
TXO,202609,20260916.0,37000.0,Put,61,66,48.5,49,49.0,▼-9,▼-15.52%,11,59,70,319,49,52,2520,41.5
TXO,202609,20260916.0,37100.0,Call,-,-,-,-,7980.0,-,-,0,0,0,0,7930,8010,-,-
TXO,202609,20260916.0,37100.0,Put,66,67,65,67,51.0,▲+9,▲+15.52%,0,5,5,19,48.5,53,400,54
TXO,202609,20260916.0,37200.0,Call,-,-,-,-,7880.0,-,-,0,0,0,5,7850,7910,10420,375
TXO,202609,20260916.0,37200.0,Put,-,-,-,-,53.0,-,-,1,0,1,96,50,55,2390,1.2
TXO,202609,20260916.0,37300.0,Call,-,-,-,-,7790.0,-,-,0,0,0,0,7740,7810,-,-
TXO,202609,20260916.0,37300.0,Put,74,74,68,68,54.0,▲+6,▲+9.68%,0,2,2,18,51,57,720,60
TXO,202609,20260916.0,37400.0,Call,-,-,-,-,7690.0,-,-,0,0,0,1,7650,7710,1370,456
TXO,202609,20260916.0,37400.0,Put,70,74,63,63,55.0,▼-1,▼-1.56%,4,10,14,28,52,58,2530,60
TXO,202609,20260916.0,37500.0,Call,-,-,-,-,7590.0,-,-,0,0,0,0,7540,7610,-,-
TXO,202609,20260916.0,37500.0,Put,70,77,61,61,56.0,▼-4,▼-6.15%,0,4,4,73,53,59,1110,50
TXO,202609,20260916.0,37600.0,Call,-,-,-,-,7490.0,-,-,0,0,0,0,7440,7510,5920,430
TXO,202609,20260916.0,37600.0,Put,74,80,74,77,58.0,▲+10,▲+14.93%,0,3,3,38,55,61,2660,63
TXO,202609,20260916.0,37700.0,Call,-,-,-,-,7390.0,-,-,0,0,0,0,7350,7410,-,-
TXO,202609,20260916.0,37700.0,Put,78,81,60,60,60.0,▼-8,▼-11.76%,0,15,15,28,58,61,1080,53
TXO,202609,20260916.0,37800.0,Call,-,-,-,-,7290.0,-,-,0,0,0,2,7250,7320,3680,390
TXO,202609,20260916.0,37800.0,Put,71,71,63,63,63.0,▼-10,▼-13.70%,2,3,5,37,59,64,1110,53
TXO,202609,20260916.0,37900.0,Call,-,-,-,-,7200.0,-,-,0,0,0,0,7150,7220,-,-
TXO,202609,20260916.0,37900.0,Put,81,81,68,68,63.0,▼-7,▼-9.33%,0,13,13,48,62,64,580,60
TXO,202609,20260916.0,38000.0,Call,-,-,-,-,7100.0,-,-,0,0,0,17,7060,7130,9000,350
TXO,202609,20260916.0,38000.0,Put,82,94,66,66,66.0,▼-9,▼-12.00%,38,105,143,410,66,68,6640,56
TXO,202609,20260916.0,38100.0,Call,-,-,-,-,7000.0,-,-,0,0,0,0,6960,7020,-,-
TXO,202609,20260916.0,38100.0,Put,88,96,69,69,69.0,▼-13,▼-15.85%,1,4,5,19,66,73,1680,67
TXO,202609,20260916.0,38200.0,Call,-,-,-,-,6900.0,-,-,0,0,0,0,6860,6920,1030,370
TXO,202609,20260916.0,38200.0,Put,84,84,82,82,70.0,▼-1,▼-1.20%,0,2,2,5,67,75,2770,79
TXO,202609,20260916.0,38300.0,Call,-,-,-,-,6810.0,-,-,0,0,0,0,6760,6830,-,-
TXO,202609,20260916.0,38300.0,Put,103,103,83,83,74.0,▼-2,▼-2.35%,0,4,4,24,69,76,1740,78
TXO,202609,20260916.0,38400.0,Call,-,-,-,-,6710.0,-,-,0,0,0,0,6660,6730,6200,340
TXO,202609,20260916.0,38400.0,Put,105,108,104,104,75.0,▲+12,▲+13.04%,15,7,22,22,72,76,2080,78
TXO,202609,20260916.0,38500.0,Call,-,-,-,-,6610.0,-,-,0,0,0,1,6570,6620,6410,6410
TXO,202609,20260916.0,38500.0,Put,103,113,80,80,80.0,▼-14,▼-14.89%,9,17,26,68,75,84,1500,80
TXO,202609,20260916.0,38600.0,Call,-,-,-,-,6520.0,-,-,0,0,0,2,6470,6520,6350,371
TXO,202609,20260916.0,38600.0,Put,106,106,106,106,82.0,▲+7,▲+7.07%,0,1,1,14,77,86,2850,88
TXO,202609,20260916.0,38700.0,Call,-,-,-,-,6420.0,-,-,0,0,0,0,6370,6440,-,-
TXO,202609,20260916.0,38700.0,Put,-,-,-,-,85.0,-,-,0,0,0,6,80,89,950,88
TXO,202609,20260916.0,38800.0,Call,-,-,-,-,6320.0,-,-,0,0,0,20,6290,6350,10410,270
TXO,202609,20260916.0,38800.0,Put,120,126,95,95,88.0,▼-11,▼-10.38%,0,9,9,17,83,92,2100,95
TXO,202609,20260916.0,38900.0,Call,-,-,-,-,6230.0,-,-,0,0,0,0,6180,6240,-,-
TXO,202609,20260916.0,38900.0,Put,120,126,120,126,91.0,▲+13,▲+11.50%,0,3,3,39,86,96,1990,99
TXO,202609,20260916.0,39000.0,Call,-,-,-,-,6130.0,-,-,0,0,0,50,6090,6130,8810,273
TXO,202609,20260916.0,39000.0,Put,126,138,92,94,94.0,▼-20,▼-17.54%,15,86,101,517,90,95,2820,80
TXO,202609,20260916.0,39100.0,Call,-,-,-,-,6030.0,-,-,0,0,0,1,6000,6060,3840,3840
TXO,202609,20260916.0,39100.0,Put,105,105,105,105,100.0,▼-18,▼-14.63%,0,1,1,38,93,103,2100,101
TXO,202609,20260916.0,39200.0,Call,-,-,-,-,5940.0,-,-,0,0,0,1,5900,5960,6340,249
TXO,202609,20260916.0,39200.0,Put,135,135,128,128,104.0,▲+3,▲+2.40%,1,3,4,41,99,109,2750,104
TXO,202609,20260916.0,39300.0,Call,-,-,-,-,5840.0,-,-,0,0,0,1,5800,5860,5220,2740
TXO,202609,20260916.0,39300.0,Put,151,151,151,151,108.0,▲+18,▲+13.53%,0,10,10,58,100,111,1930,108
TXO,202609,20260916.0,39400.0,Call,-,-,-,-,5750.0,-,-,0,0,0,6,5710,5770,8270,223
TXO,202609,20260916.0,39400.0,Put,142,142,142,142,111.0,▲+6,▲+4.41%,3,1,4,55,105,117,2390,110
TXO,202609,20260916.0,39500.0,Call,-,-,-,-,5650.0,-,-,0,0,0,0,5610,5660,3220,3150
TXO,202609,20260916.0,39500.0,Put,150,169,130,130,117.0,▼-12,▼-8.45%,10,44,54,84,113,120,1320,102
TXO,202609,20260916.0,39600.0,Call,-,-,-,-,5560.0,-,-,0,0,0,2,5520,5580,5910,394
TXO,202609,20260916.0,39600.0,Put,157,157,157,157,120.0,▲+9,▲+6.08%,0,1,1,40,114,126,2870,127
TXO,202609,20260916.0,39700.0,Call,-,-,-,-,5460.0,-,-,0,0,0,23,5420,5580,6150,2400
TXO,202609,20260916.0,39700.0,Put,-,-,-,-,125.0,-,-,0,0,0,30,119,131,1330,119
TXO,202609,20260916.0,39800.0,Call,-,-,-,-,5370.0,-,-,0,0,0,1,5330,5370,6170,417
TXO,202609,20260916.0,39800.0,Put,-,-,-,-,131.0,-,-,2,0,2,37,125,137,2020,111
TXO,202609,20260916.0,39900.0,Call,-,-,-,-,5270.0,-,-,0,0,0,5,5230,5280,4450,2550
TXO,202609,20260916.0,39900.0,Put,184,205,135,136,136.0,▼-40,▼-22.73%,20,56,76,106,131,143,2270,134
TXO,202609,20260916.0,40000.0,Call,-,-,-,-,5180.0,-,-,1,0,1,68,5140,5180,8030,380
TXO,202609,20260916.0,40000.0,Put,185,217,142,142,142.0,▼-38,▼-21.11%,210,445,655,1269,142,148,3040,120
TXO,202609,20260916.0,40100.0,Call,-,-,-,-,5080.0,-,-,1,0,1,1,5050,5100,6430,2480
TXO,202609,20260916.0,40100.0,Put,196,203,196,203,149.0,▲+15,▲+7.98%,5,2,7,33,143,155,2350,159
TXO,202609,20260916.0,40200.0,Call,-,-,-,-,4990.0,-,-,0,0,0,4,4950,5000,7670,250
TXO,202609,20260916.0,40200.0,Put,201,205,201,205,155.0,▲+13,▲+6.77%,5,4,9,26,150,162,2310,152
TXO,202609,20260916.0,40300.0,Call,-,-,-,-,4900.0,-,-,0,0,0,0,4860,4910,5090,2720
TXO,202609,20260916.0,40300.0,Put,210,230,165,168,168.0,▼-42,▼-20.00%,0,51,51,39,155,167,2430,155
TXO,202609,20260916.0,40400.0,Call,-,-,-,-,4800.0,-,-,0,0,0,8,4680,4820,4590,388
TXO,202609,20260916.0,40400.0,Put,212,255,174,174,174.0,▼-38,▼-17.92%,1,21,22,81,166,174,3260,167
TXO,202609,20260916.0,40500.0,Call,-,-,-,-,4710.0,-,-,0,0,0,2,4600,4730,4840,2260
TXO,202609,20260916.0,40500.0,Put,220,266,171,182,182.0,▼-38,▼-17.27%,6,35,41,117,171,183,2460,156
TXO,202609,20260916.0,40600.0,Call,-,-,-,-,4620.0,-,-,0,0,0,4,4310,4630,4510,345
TXO,202609,20260916.0,40600.0,Put,259,266,185,185,185.0,▼-55,▼-22.92%,2,10,12,25,178,190,4360,160
TXO,202609,20260916.0,40700.0,Call,-,-,-,-,4530.0,-,-,0,0,0,18,4220,4540,5710,2330
TXO,202609,20260916.0,40700.0,Put,269,283,200,200,200.0,▼-49,▼-19.68%,2,9,11,36,188,202,2520,164
TXO,202609,20260916.0,40800.0,Call,-,-,-,-,4440.0,-,-,0,0,0,8,4320,4460,6870,530
TXO,202609,20260916.0,40800.0,Put,266,286,250,250,202.0,▼-2,▼-0.79%,0,8,8,23,196,210,4480,194
TXO,202609,20260916.0,40900.0,Call,-,-,-,-,4340.0,-,-,0,0,0,0,4040,4360,4500,3090
TXO,202609,20260916.0,40900.0,Put,281,289,211,211,211.0,▼-52,▼-19.77%,2,5,7,20,202,218,2000,162
TXO,202609,20260916.0,41000.0,Call,3760,3830,3760,3830,4260.0,▼-150,▼-3.77%,0,2,2,10,3950,4270,7580,320
TXO,202609,20260916.0,41000.0,Put,294,333,213,225,225.0,▼-40,▼-15.09%,16,46,62,383,214,227,4640,171
TXO,202609,20260916.0,41100.0,Call,-,-,-,-,4170.0,-,-,0,0,0,5,4040,4180,5260,2720
TXO,202609,20260916.0,41100.0,Put,302,302,247,247,233.0,▼-29,▼-10.51%,0,2,2,108,225,241,3010,193
TXO,202609,20260916.0,41200.0,Call,3530,3560,3500,3560,4080.0,▼-250,▼-6.56%,0,4,4,7,3960,4090,4200,2240
TXO,202609,20260916.0,41200.0,Put,321,345,252,252,252.0,▼-44,▼-14.86%,6,21,27,113,234,250,7750,198
TXO,202609,20260916.0,41300.0,Call,-,-,-,-,3990.0,-,-,0,0,0,20,3960,4000,4200,1820
TXO,202609,20260916.0,41300.0,Put,360,360,326,326,253.0,▲+10,▲+3.16%,2,2,4,34,244,262,2980,210
TXO,202609,20260916.0,41400.0,Call,-,-,-,-,3900.0,-,-,0,0,0,2,3590,3910,5680,1820
TXO,202609,20260916.0,41400.0,Put,361,361,300,300,263.0,▼-25,▼-7.69%,0,5,5,23,256,276,3480,277
TXO,202609,20260916.0,41500.0,Call,-,-,-,-,3810.0,-,-,0,0,0,5,3500,3820,4910,1750
TXO,202609,20260916.0,41500.0,Put,373,409,270,270,270.0,▼-79,▼-22.64%,1,35,36,99,272,290,1680,210
TXO,202609,20260916.0,41600.0,Call,-,-,-,-,3720.0,-,-,0,0,0,4,3610,3740,4200,2070
TXO,202609,20260916.0,41600.0,Put,380,426,311,311,288.0,▼-43,▼-12.15%,0,26,26,90,285,303,3420,243
TXO,202609,20260916.0,41700.0,Call,-,-,-,-,3640.0,-,-,0,0,0,2,3330,3650,4130,4120
TXO,202609,20260916.0,41700.0,Put,390,454,380,380,302.0,▲+13,▲+3.54%,0,24,24,31,290,310,3110,255
TXO,202609,20260916.0,41800.0,Call,-,-,-,-,3550.0,-,-,0,0,0,2,3240,3560,4910,264
TXO,202609,20260916.0,41800.0,Put,418,443,317,317,317.0,▼-73,▼-18.72%,7,21,28,50,307,330,6470,263
TXO,202609,20260916.0,41900.0,Call,-,-,-,-,3460.0,-,-,0,0,0,2,3160,3480,3990,1660
TXO,202609,20260916.0,41900.0,Put,448,471,329,329,329.0,▼-65,▼-16.50%,1,18,19,89,323,344,3180,242
TXO,202609,20260916.0,42000.0,Call,3380,3380,3380,3380,3380.0,▲+250,▲+7.99%,0,1,1,610,3080,-,6680,161
TXO,202609,20260916.0,42000.0,Put,431,520,336,343,343.0,▼-82,▼-19.29%,59,190,249,720,340,350,7310,250
TXO,202609,20260916.0,42100.0,Call,-,-,-,-,3290.0,-,-,0,0,0,1,3270,3310,4100,3740
TXO,202609,20260916.0,42100.0,Put,480,485,431,431,354.0,▼-13,▼-2.93%,2,12,14,28,345,369,2830,320
TXO,202609,20260916.0,42200.0,Call,-,-,-,-,3210.0,-,-,0,0,0,3,3180,3220,4200,269
TXO,202609,20260916.0,42200.0,Put,488,488,481,481,373.0,▲+15,▲+3.22%,0,3,3,132,362,385,3410,315
TXO,202609,20260916.0,42300.0,Call,-,-,-,-,3130.0,-,-,0,0,0,100,2820,3140,4190,2620
TXO,202609,20260916.0,42300.0,Put,505,520,388,388,388.0,▼-100,▼-20.49%,0,67,67,69,387,405,2460,335
TXO,202609,20260916.0,42400.0,Call,-,-,-,-,3040.0,-,-,0,0,0,2,2740,3050,4400,1180
TXO,202609,20260916.0,42400.0,Put,-,-,-,-,406.0,-,-,2,0,2,89,397,418,3470,290
TXO,202609,20260916.0,42500.0,Call,-,-,-,-,2960.0,-,-,0,0,0,503,2880,2980,4130,1520
TXO,202609,20260916.0,42500.0,Put,580,630,422,426,426.0,▼-99,▼-18.86%,22,193,215,319,420,441,2580,317
TXO,202609,20260916.0,42600.0,Call,-,-,-,-,2880.0,-,-,0,0,0,6,2570,2890,6330,101
TXO,202609,20260916.0,42600.0,Put,610,610,535,535,443.0,▼-10,▼-1.83%,3,10,13,64,438,458,8970,345
TXO,202609,20260916.0,42700.0,Call,-,-,-,-,2800.0,-,-,0,0,0,0,2740,2810,2900,2240
TXO,202609,20260916.0,42700.0,Put,615,615,490,490,463.0,▼-70,▼-12.50%,2,2,4,75,451,479,2400,394
TXO,202609,20260916.0,42800.0,Call,-,-,-,-,2720.0,-,-,0,0,0,403,2700,2740,7760,800
TXO,202609,20260916.0,42800.0,Put,630,630,565,565,483.0,▼-20,▼-3.42%,1,3,4,236,477,498,4270,388
TXO,202609,20260916.0,42900.0,Call,-,-,-,-,2640.0,-,-,0,0,0,2,2490,2650,3810,2360
TXO,202609,20260916.0,42900.0,Put,565,565,505,505,505.0,▼-105,▼-17.21%,1,3,4,21,505,520,2980,430
TXO,202609,20260916.0,43000.0,Call,2120,2120,1920,1980,2560.0,▼-360,▼-15.38%,7,7,14,30,2490,2580,7050,580
TXO,202609,20260916.0,43000.0,Put,680,770,520,520,520.0,▼-130,▼-20.00%,67,90,157,402,525,545,4540,378
TXO,202609,20260916.0,43100.0,Call,-,-,-,-,2490.0,-,-,0,0,0,3,2330,2500,3600,2450
TXO,202609,20260916.0,43100.0,Put,660,660,555,555,555.0,▼-105,▼-15.91%,0,5,5,12,545,570,2000,440
TXO,202609,20260916.0,43200.0,Call,2030,2430,2030,2430,2430.0,▲+230,▲+10.45%,0,2,2,3,2380,2420,5810,790
TXO,202609,20260916.0,43200.0,Put,825,825,610,615,570.0,▼-55,▼-8.21%,4,7,11,92,560,590,3670,490
TXO,202609,20260916.0,43300.0,Call,1870,1900,1740,1900,2330.0,▼-230,▼-10.80%,0,4,4,13,2290,2350,5360,1280
TXO,202609,20260916.0,43300.0,Put,760,790,640,640,595.0,▼-75,▼-10.49%,0,5,5,168,590,615,1830,480
TXO,202609,20260916.0,43400.0,Call,1730,1730,1730,1730,2260.0,▼-330,▼-16.02%,0,1,1,52,1950,2270,4900,750
TXO,202609,20260916.0,43400.0,Put,845,845,685,685,625.0,▼-50,▼-6.80%,5,8,13,139,620,640,3460,466
TXO,202609,20260916.0,43500.0,Call,2170,2170,2170,2170,2170.0,▲+170,▲+8.50%,0,1,1,271,2160,2200,3420,1220
TXO,202609,20260916.0,43500.0,Put,820,945,640,640,640.0,▼-115,▼-15.23%,46,44,90,725,640,665,3220,515
TXO,202609,20260916.0,43600.0,Call,1720,1720,1720,1720,2110.0,▼-200,▼-10.42%,1,1,2,26,2090,2140,6660,545
TXO,202609,20260916.0,43600.0,Put,815,815,665,665,665.0,▼-140,▼-17.39%,4,7,11,68,660,695,4720,550
TXO,202609,20260916.0,43700.0,Call,-,-,-,-,2050.0,-,-,0,0,0,8,2020,2080,3150,985
TXO,202609,20260916.0,43700.0,Put,915,915,765,765,705.0,▼-75,▼-8.93%,4,2,6,72,700,715,2400,490
TXO,202609,20260916.0,43800.0,Call,1580,2020,1500,2020,1970.0,▲+240,▲+13.48%,2,4,6,7,1940,1980,5000,1000
TXO,202609,20260916.0,43800.0,Put,1000,1000,725,725,725.0,▼-125,▼-14.71%,7,26,33,102,730,755,3250,590
TXO,202609,20260916.0,43900.0,Call,-,-,-,-,1900.0,-,-,0,0,0,25,1870,1920,3000,1150
TXO,202609,20260916.0,43900.0,Put,970,970,790,790,765.0,▼-115,▼-12.71%,3,11,14,9,760,785,2230,615
TXO,202609,20260916.0,44000.0,Call,1400,1870,1320,1860,1860.0,▲+200,▲+12.05%,2,229,231,51,1800,1840,6080,331
TXO,202609,20260916.0,44000.0,Put,1040,1120,780,780,780.0,▼-140,▼-15.22%,56,327,383,332,785,820,4150,565
TXO,202609,20260916.0,44100.0,Call,-,-,-,-,1770.0,-,-,1,0,1,6,1750,1800,2980,975
TXO,202609,20260916.0,44100.0,Put,1120,1130,810,810,810.0,▼-165,▼-16.92%,9,101,110,35,825,850,3780,705
TXO,202609,20260916.0,44200.0,Call,1230,1230,1210,1210,1700.0,▼-320,▼-20.92%,1,3,4,13,1670,1720,4830,930
TXO,202609,20260916.0,44200.0,Put,1170,1240,840,840,840.0,▼-170,▼-16.83%,7,9,16,51,855,880,5100,595
TXO,202609,20260916.0,44300.0,Call,1220,1220,1220,1220,1640.0,▼-250,▼-17.01%,4,1,5,34,1620,1670,2550,910
TXO,202609,20260916.0,44300.0,Put,1230,1230,880,880,880.0,▼-180,▼-16.98%,14,50,64,118,895,920,3720,670
TXO,202609,20260916.0,44400.0,Call,1150,1380,1100,1380,1570.0,▼-30,▼-2.13%,2,20,22,17,1540,1590,4130,860
TXO,202609,20260916.0,44400.0,Put,1250,1260,915,920,920.0,▼-180,▼-16.36%,13,47,60,49,925,950,3980,680
TXO,202609,20260916.0,44500.0,Call,1110,1440,1050,1440,1510.0,▲+70,▲+5.11%,11,25,36,347,1480,1510,5080,945
TXO,202609,20260916.0,44500.0,Put,1310,1360,950,950,950.0,▼-190,▼-16.67%,18,33,51,103,970,995,3300,670
TXO,202609,20260916.0,44600.0,Call,1120,1450,990,1450,1450.0,▲+150,▲+11.54%,6,26,32,127,1420,1460,4550,337
TXO,202609,20260916.0,44600.0,Put,1350,1350,1190,1190,1010.0,0,0%,1,4,5,25,1000,1030,5580,790
TXO,202609,20260916.0,44700.0,Call,1000,1380,950,1380,1380.0,▲+140,▲+11.29%,2,7,9,357,1360,1390,2780,835
TXO,202609,20260916.0,44700.0,Put,1420,1450,1030,1030,1030.0,▼-210,▼-16.94%,17,127,144,372,1040,1070,3520,920
TXO,202609,20260916.0,44800.0,Call,960,1330,900,1330,1330.0,▲+150,▲+12.71%,12,49,61,101,1300,1340,4950,600
TXO,202609,20260916.0,44800.0,Put,1500,1510,1070,1070,1070.0,▼-200,▼-15.75%,10,10,20,63,1070,1100,3700,870
TXO,202609,20260916.0,44900.0,Call,920,1260,870,1260,1260.0,▲+120,▲+10.53%,1,33,34,55,1250,1280,2700,750
TXO,202609,20260916.0,44900.0,Put,1530,1530,1200,1200,1130.0,▼-120,▼-9.09%,3,3,6,29,1130,1160,3650,1050
TXO,202609,20260916.0,45000.0,Call,930,1250,800,1240,1240.0,▲+140,▲+12.73%,67,316,383,336,1210,1240,5750,550
TXO,202609,20260916.0,45000.0,Put,1520,1580,1170,1170,1170.0,▼-190,▼-13.97%,48,37,85,487,1170,1200,5600,815
TXO,202609,20260916.0,45100.0,Call,790,1180,790,1180,1180.0,▲+150,▲+14.56%,0,10,10,55,1140,1170,2430,710
TXO,202609,20260916.0,45100.0,Put,1640,1640,1230,1230,1230.0,▼-190,▼-13.38%,1,2,3,12,1220,1250,3780,965
TXO,202609,20260916.0,45200.0,Call,780,1110,750,1110,1110.0,▲+140,▲+14.43%,8,10,18,130,1080,1110,6110,550
TXO,202609,20260916.0,45200.0,Put,-,-,-,-,1270.0,-,-,0,0,0,9,1230,1280,3850,900
TXO,202609,20260916.0,45300.0,Call,745,1090,680,1090,1060.0,▲+190,▲+21.11%,53,18,71,54,1030,1060,2420,680
TXO,202609,20260916.0,45300.0,Put,1740,1740,1490,1490,1320.0,0,0%,0,4,4,77,1300,1340,1810,1030
TXO,202609,20260916.0,45400.0,Call,740,1030,645,1030,1030.0,▲+140,▲+15.73%,2,61,63,374,985,1010,3530,645
TXO,202609,20260916.0,45400.0,Put,1530,1530,1530,1530,1370.0,▼-40,▼-2.55%,4,1,5,74,1340,1380,3980,1070
TXO,202609,20260916.0,45500.0,Call,680,985,600,970,970.0,▲+125,▲+14.79%,10,120,130,157,950,960,2480,600
TXO,202609,20260916.0,45500.0,Put,1890,1890,1390,1390,1390.0,▼-240,▼-14.72%,2,8,10,59,1410,1440,3750,1000
TXO,202609,20260916.0,45600.0,Call,645,880,585,880,910.0,▲+85,▲+10.69%,11,14,25,423,885,910,5400,585
TXO,202609,20260916.0,45600.0,Put,1620,1620,1620,1620,1470.0,▼-60,▼-3.57%,0,2,2,12,1460,1500,3320,1210
TXO,202609,20260916.0,45700.0,Call,635,890,565,890,865.0,▲+125,▲+16.34%,20,19,39,425,845,880,4250,565
TXO,202609,20260916.0,45700.0,Put,1880,1880,1540,1540,1540.0,▼-200,▼-11.49%,1,20,21,75,1520,1550,3000,1230
TXO,202609,20260916.0,45800.0,Call,575,825,500,825,825.0,▲+105,▲+14.58%,6,24,30,416,795,820,3830,500
TXO,202609,20260916.0,45800.0,Put,1830,1830,1550,1550,1580.0,▼-260,▼-14.36%,18,21,39,56,1560,1590,4150,1160
TXO,202609,20260916.0,45900.0,Call,491,795,471,780,780.0,▲+95,▲+13.87%,2,33,35,38,755,785,2030,471
TXO,202609,20260916.0,45900.0,Put,1770,1770,1770,1770,1630.0,▼-90,▼-4.84%,2,2,4,35,1630,1660,3530,1160
TXO,202609,20260916.0,46000.0,Call,499,750,438,735,735.0,▲+85,▲+13.08%,103,265,368,402,715,750,5040,438
TXO,202609,20260916.0,46000.0,Put,2100,2150,1690,1690,1690.0,▼-250,▼-12.89%,15,18,33,91,1680,1720,5600,1200
TXO,202609,20260916.0,46100.0,Call,487,700,417,700,700.0,▲+85,▲+13.82%,5,39,44,67,680,700,3120,417
TXO,202609,20260916.0,46100.0,Put,-,-,-,-,1750.0,-,-,0,0,0,7,1730,1780,3760,1370
TXO,202609,20260916.0,46200.0,Call,473,675,390,675,675.0,▲+105,▲+18.42%,72,33,105,209,645,660,5360,390
TXO,202609,20260916.0,46200.0,Put,-,-,-,-,1810.0,-,-,0,0,0,3,1780,1830,6310,1310
TXO,202609,20260916.0,46300.0,Call,400,575,400,575,615.0,▲+30,▲+5.50%,7,4,11,61,595,620,1810,400
TXO,202609,20260916.0,46300.0,Put,-,-,-,-,1870.0,-,-,0,0,0,4,1850,1900,2520,1550
TXO,202609,20260916.0,46400.0,Call,394,600,334,590,590.0,▲+90,▲+18.00%,12,74,86,168,560,585,4700,334
TXO,202609,20260916.0,46400.0,Put,-,-,-,-,1940.0,-,-,0,0,0,3,1900,1960,4360,1530
TXO,202609,20260916.0,46500.0,Call,377,550,315,550,550.0,▲+85,▲+18.28%,25,131,156,392,530,550,3900,315
TXO,202609,20260916.0,46500.0,Put,2160,2160,2160,2160,2000.0,▼-100,▼-4.42%,0,2,2,56,1990,2040,6610,1420
TXO,202609,20260916.0,46600.0,Call,360,520,307,520,520.0,▲+60,▲+13.04%,1,17,18,109,497,515,3760,307
TXO,202609,20260916.0,46600.0,Put,-,-,-,-,2070.0,-,-,0,0,0,5,2040,2100,6230,1630
TXO,202609,20260916.0,46700.0,Call,315,470,270,470,470.0,▲+53,▲+12.71%,5,19,24,42,469,495,5130,270
TXO,202609,20260916.0,46700.0,Put,-,-,-,-,2140.0,-,-,0,0,0,3,2110,2170,2350,1500
TXO,202609,20260916.0,46800.0,Call,314,459,293,459,459.0,▲+49,▲+11.95%,19,16,35,78,436,456,3180,293
TXO,202609,20260916.0,46800.0,Put,2320,2320,2320,2320,2210.0,▼-150,▼-6.07%,6,1,7,3,2180,2240,7400,1910
TXO,202609,20260916.0,46900.0,Call,265,275,240,240,426.0,▼-133,▼-35.66%,12,28,40,134,409,429,3630,240
TXO,202609,20260916.0,46900.0,Put,-,-,-,-,2280.0,-,-,0,0,0,0,2270,2310,3700,3490
TXO,202609,20260916.0,47000.0,Call,276,410,220,403,403.0,▲+69,▲+20.66%,72,281,353,597,384,412,5010,220
TXO,202609,20260916.0,47000.0,Put,-,-,-,-,2360.0,-,-,0,0,0,273,2330,2390,6680,1840
TXO,202609,20260916.0,47100.0,Call,253,380,253,380,380.0,▲+46,▲+13.77%,4,6,10,139,359,387,3480,253
TXO,202609,20260916.0,47100.0,Put,-,-,-,-,2430.0,-,-,0,0,0,2,2400,2460,2860,2340
TXO,202609,20260916.0,47200.0,Call,244,340,194,339,339.0,▲+22,▲+6.94%,8,23,31,245,335,359,3600,194
TXO,202609,20260916.0,47200.0,Put,-,-,-,-,2510.0,-,-,0,0,0,5,2490,2530,6660,2220
TXO,202609,20260916.0,47300.0,Call,218,288,178,288,328.0,▼-5,▼-1.71%,2,15,17,35,319,333,3600,178
TXO,202609,20260916.0,47300.0,Put,-,-,-,-,2580.0,-,-,0,0,0,0,2570,2610,2830,2050
TXO,202609,20260916.0,47400.0,Call,212,314,168,314,314.0,▲+39,▲+14.18%,3,21,24,74,297,317,4760,168
TXO,202609,20260916.0,47400.0,Put,-,-,-,-,2660.0,-,-,0,0,0,4,2630,2690,6660,2290
TXO,202609,20260916.0,47500.0,Call,191,287,155,280,280.0,▲+23,▲+8.95%,14,53,67,218,275,295,2240,155
TXO,202609,20260916.0,47500.0,Put,-,-,-,-,2740.0,-,-,0,0,0,14,2730,2770,2730,2030
TXO,202609,20260916.0,47600.0,Call,155,276,140,276,276.0,▲+36,▲+15.00%,9,14,23,46,259,274,2000,140
TXO,202609,20260916.0,47600.0,Put,-,-,-,-,2820.0,-,-,0,0,0,1,2810,2850,6960,2320
TXO,202609,20260916.0,47700.0,Call,140,194,133,182,250.0,▼-45,▼-19.82%,5,12,17,90,239,257,1730,133
TXO,202609,20260916.0,47700.0,Put,-,-,-,-,2910.0,-,-,0,0,0,0,2890,2930,-,-
TXO,202609,20260916.0,47800.0,Call,147,220,124,220,220.0,▲+8,▲+3.77%,23,9,32,130,224,240,2000,124
TXO,202609,20260916.0,47800.0,Put,-,-,-,-,2990.0,-,-,0,0,0,4,2870,3010,6790,2230
TXO,202609,20260916.0,47900.0,Call,114,208,114,208,208.0,▲+23,▲+12.43%,4,9,13,75,207,223,1000,114
TXO,202609,20260916.0,47900.0,Put,-,-,-,-,3070.0,-,-,0,0,0,0,3060,3100,-,-
TXO,202609,20260916.0,48000.0,Call,144,208,105,197,197.0,▲+17,▲+9.44%,151,262,413,910,196,199,3130,105
TXO,202609,20260916.0,48000.0,Put,-,-,-,-,3160.0,-,-,0,0,0,5,2910,3180,7110,2340
TXO,202609,20260916.0,48100.0,Call,130,176,102,176,176.0,▼-1,▼-0.56%,3,11,14,80,180,194,2800,102
TXO,202609,20260916.0,48100.0,Put,-,-,-,-,3240.0,-,-,0,0,0,3,3230,3270,4850,3390
TXO,202609,20260916.0,48200.0,Call,95,176,94,176,176.0,▲+6,▲+3.53%,8,6,14,19,165,177,2850,94
TXO,202609,20260916.0,48200.0,Put,-,-,-,-,3330.0,-,-,0,0,0,3,3160,3360,7310,2660
TXO,202609,20260916.0,48300.0,Call,103,128,84,128,163.0,▼-30,▼-18.99%,7,7,14,21,156,168,815,84
TXO,202609,20260916.0,48300.0,Put,-,-,-,-,3420.0,-,-,0,0,0,0,18,3440,-,-
TXO,202609,20260916.0,48400.0,Call,90,153,83,153,153.0,▲+11,▲+7.75%,1,7,8,76,146,157,1980,83
TXO,202609,20260916.0,48400.0,Put,-,-,-,-,3510.0,-,-,0,0,0,7,3340,3530,7590,7240
TXO,202609,20260916.0,48500.0,Call,101,138,75,138,138.0,▲+13,▲+10.40%,50,32,82,294,133,145,990,75
TXO,202609,20260916.0,48500.0,Put,-,-,-,-,3600.0,-,-,0,0,0,4,3580,3620,3500,3300
TXO,202609,20260916.0,48600.0,Call,95,132,69,132,132.0,▲+12,▲+10.00%,13,22,35,85,123,130,750,69
TXO,202609,20260916.0,48600.0,Put,-,-,-,-,3680.0,-,-,0,0,0,6,3670,3710,7740,2930
TXO,202609,20260916.0,48700.0,Call,74,119,63,119,119.0,▲+6,▲+5.31%,2,12,14,48,116,126,1770,63
TXO,202609,20260916.0,48700.0,Put,-,-,-,-,3770.0,-,-,0,0,0,0,3760,3800,-,-
TXO,202609,20260916.0,48800.0,Call,75,115,65,115,115.0,▲+7,▲+6.48%,6,16,22,47,106,117,2200,65
TXO,202609,20260916.0,48800.0,Put,-,-,-,-,3870.0,-,-,0,0,0,2,3850,3900,4910,3080
TXO,202609,20260916.0,48900.0,Call,71,87,56,84,106.0,▼-17,▼-16.83%,0,14,14,148,99,109,3930,56
TXO,202609,20260916.0,48900.0,Put,-,-,-,-,3960.0,-,-,0,0,0,0,3950,3990,-,-
TXO,202609,20260916.0,49000.0,Call,74,96,51,95,95.0,0,0%,105,259,364,619,90,100,3880,51
TXO,202609,20260916.0,49000.0,Put,4450,4450,4400,4400,4050.0,▲+20,▲+0.46%,0,2,2,4,3960,4080,8740,3460
TXO,202609,20260916.0,49100.0,Call,62,64,46,64,91.0,▼-27,▼-29.67%,11,14,25,42,86,96,3500,46
TXO,202609,20260916.0,49100.0,Put,-,-,-,-,4150.0,-,-,0,0,0,1,4130,4180,4510,4510
TXO,202609,20260916.0,49200.0,Call,54,54,50,50,85.0,▼-29,▼-36.71%,0,3,3,32,79,88,2080,50
TXO,202609,20260916.0,49200.0,Put,-,-,-,-,4240.0,-,-,0,0,0,3,4230,4270,5160,3750
TXO,202609,20260916.0,49300.0,Call,54,76,40,76,76.0,▲+1,▲+1.33%,3,16,19,52,73,81,1560,40
TXO,202609,20260916.0,49300.0,Put,-,-,-,-,4330.0,-,-,0,0,0,3,4320,4370,4670,3420
TXO,202609,20260916.0,49400.0,Call,47,76,40,76,76.0,▲+2,▲+2.70%,1,5,6,16,70,77,2710,40
TXO,202609,20260916.0,49400.0,Put,-,-,-,-,4430.0,-,-,0,0,0,0,4410,4460,-,-
TXO,202609,20260916.0,49500.0,Call,52,66,35,66,66.0,▲+1,▲+1.54%,10,87,97,109,66,70,1060,35
TXO,202609,20260916.0,49500.0,Put,-,-,-,-,4520.0,-,-,0,0,0,1,4510,-,4780,4780
TXO,202609,20260916.0,49600.0,Call,46.5,61,39,59,59.0,▼-6,▼-9.23%,1,8,9,28,61,66,1160,39
TXO,202609,20260916.0,49600.0,Put,-,-,-,-,4620.0,-,-,0,0,0,1,4600,4650,4850,4850
TXO,202609,20260916.0,49700.0,Call,41,60,37,60,59.0,0,0%,2,6,8,19,55,61,505,37
TXO,202609,20260916.0,49700.0,Put,-,-,-,-,4710.0,-,-,0,0,0,3,4700,4750,4920,4920
TXO,202609,20260916.0,49800.0,Call,28.5,34,28.5,33.5,55.0,▼-23.5,▼-41.23%,8,124,132,140,52,58,1760,28.5
TXO,202609,20260916.0,49800.0,Put,-,-,-,-,4810.0,-,-,0,0,0,0,4790,4840,-,-
TXO,202609,20260916.0,49900.0,Call,33,33,33,33,51.0,▼-21,▼-38.89%,0,1,1,43,48.5,53,2050,33
TXO,202609,20260916.0,49900.0,Put,-,-,-,-,4900.0,-,-,0,0,0,0,4890,4940,-,-
TXO,202609,20260916.0,50000.0,Call,42,49.5,24,46.5,46.5,▼-3.5,▼-7.00%,64,593,657,2092,47,50,3370,24
TXO,202609,20260916.0,50000.0,Put,-,-,-,-,5000.0,-,-,0,0,0,1,-,5030,5300,4240
TXO,202609,20260916.0,50100.0,Call,41,46,23.5,46,46.0,▼-2,▼-4.17%,4,18,22,35,43,47.5,3360,23.5
TXO,202609,20260916.0,50100.0,Put,-,-,-,-,5100.0,-,-,0,0,0,0,5080,5130,-,-
TXO,202609,20260916.0,50200.0,Call,24.5,34.5,24,34.5,41.5,▼-11,▼-24.18%,2,8,10,42,38.5,43,1800,24
TXO,202609,20260916.0,50200.0,Put,-,-,-,-,5190.0,-,-,0,0,0,0,5180,5230,-,-
TXO,202609,20260916.0,50300.0,Call,29.5,29.5,29.5,29.5,38.5,▼-13,▼-30.59%,1,1,2,8,36.5,40.5,1200,29.5
TXO,202609,20260916.0,50300.0,Put,-,-,-,-,5290.0,-,-,0,0,0,0,5270,5320,-,-
TXO,202609,20260916.0,50400.0,Call,29,38,27,38,38.0,▼-2.5,▼-6.17%,2,6,8,57,33.5,37.5,3140,27
TXO,202609,20260916.0,50400.0,Put,-,-,-,-,5390.0,-,-,0,0,0,0,5370,5420,7650,5430
TXO,202609,20260916.0,50500.0,Call,31,31,19,28.5,34.0,▼-9.5,▼-25.00%,9,14,23,134,31.5,35,1080,19
TXO,202609,20260916.0,50500.0,Put,-,-,-,-,5490.0,-,-,0,0,0,0,5470,5520,-,-
TXO,202609,20260916.0,50600.0,Call,30,30,18.5,30,30.0,▼-7.5,▼-20.00%,0,6,6,19,30,33.5,1760,18.5
TXO,202609,20260916.0,50600.0,Put,-,-,-,-,5580.0,-,-,0,0,0,0,5560,5620,-,-
TXO,202609,20260916.0,50700.0,Call,17,23,17,23,29.5,▼-10.5,▼-31.34%,1,2,3,12,27.5,30.5,1490,17
TXO,202609,20260916.0,50700.0,Put,-,-,-,-,5680.0,-,-,0,0,0,0,5660,5720,-,-
TXO,202609,20260916.0,50800.0,Call,23.5,30,17,29,29.0,▼-3,▼-9.38%,5,6,11,455,26,29,2580,17
TXO,202609,20260916.0,50800.0,Put,-,-,-,-,5780.0,-,-,0,0,0,0,5760,5810,-,-
TXO,202609,20260916.0,50900.0,Call,20,20,19,19,26.5,▼-11,▼-36.67%,0,2,2,32,25,28,1050,19
TXO,202609,20260916.0,50900.0,Put,-,-,-,-,5880.0,-,-,0,0,0,0,5860,5910,-,-
TXO,202609,20260916.0,51000.0,Call,25,25,7.9,21.5,25.0,▼-6,▼-21.82%,8,49,57,610,22.5,25.5,2360,7.9
TXO,202609,20260916.0,51000.0,Put,-,-,-,-,5980.0,-,-,0,0,0,0,5950,6010,-,-
TXO,202609,20260916.0,51100.0,Call,-,-,-,-,24.0,-,-,0,0,0,209,22.5,25.5,1820,25
TXO,202609,20260916.0,51100.0,Put,-,-,-,-,6080.0,-,-,0,0,0,0,6050,6110,-,-
TXO,202609,20260916.0,51200.0,Call,17,17,13,17,22.5,▼-9,▼-34.62%,5,97,102,316,20,23,2430,13
TXO,202609,20260916.0,51200.0,Put,-,-,-,-,6170.0,-,-,0,0,0,0,6150,6210,-,-
TXO,202609,20260916.0,51300.0,Call,16,16,16,16,21.5,▼-8.5,▼-34.69%,0,2,2,321,20,23,840,16
TXO,202609,20260916.0,51300.0,Put,-,-,-,-,6270.0,-,-,0,0,0,0,6250,6310,-,-
TXO,202609,20260916.0,51400.0,Call,-,-,-,-,20.0,-,-,0,0,0,4,18,21,1830,24.5
TXO,202609,20260916.0,51400.0,Put,-,-,-,-,6370.0,-,-,0,0,0,0,6350,6410,-,-
TXO,202609,20260916.0,51500.0,Call,-,-,-,-,18.5,-,-,1,0,1,28,17,20,920,21
TXO,202609,20260916.0,51500.0,Put,-,-,-,-,6470.0,-,-,0,0,0,0,6440,6510,-,-
TXO,202609,20260916.0,51600.0,Call,19,19,19,19,17.5,▼-2.5,▼-11.63%,0,1,1,6,16,19,810,19
TXO,202609,20260916.0,51600.0,Put,-,-,-,-,6570.0,-,-,0,0,0,0,6540,6610,-,-
TXO,202609,20260916.0,51700.0,Call,-,-,-,-,17.0,-,-,0,0,0,9,15.5,18.5,550,22.5
TXO,202609,20260916.0,51700.0,Put,-,-,-,-,6670.0,-,-,0,0,0,0,6640,6700,-,-
TXO,202609,20260916.0,51800.0,Call,-,-,-,-,16.0,-,-,0,0,0,19,14.5,17.5,1850,24
TXO,202609,20260916.0,51800.0,Put,-,-,-,-,6770.0,-,-,0,0,0,0,6740,6800,-,-
TXO,202609,20260916.0,51900.0,Call,-,-,-,-,15.5,-,-,0,0,0,6,14,17,590,19.5
TXO,202609,20260916.0,51900.0,Put,-,-,-,-,6870.0,-,-,0,0,0,0,6840,6900,-,-
TXO,202609,20260916.0,52000.0,Call,13,15.5,9.4,15.5,15.5,▼-2,▼-11.43%,2,14,16,558,15,15.5,2210,9.4
TXO,202609,20260916.0,52000.0,Put,-,-,-,-,6970.0,-,-,0,0,0,0,6940,7000,-,-
TXO,202609,20260916.0,52100.0,Call,-,-,-,-,14.5,-,-,0,0,0,10,12.5,15.5,590,20
TXO,202609,20260916.0,52100.0,Put,-,-,-,-,7070.0,-,-,0,0,0,0,7040,7100,-,-
TXO,202609,20260916.0,52200.0,Call,10.5,10.5,10.5,10.5,13.5,▼-7,▼-40.00%,0,1,1,15,12,15,2340,10.5
TXO,202609,20260916.0,52200.0,Put,-,-,-,-,7160.0,-,-,0,0,0,0,7140,7200,-,-
TXO,202609,20260916.0,52300.0,Call,10,10,10,10,13.0,▼-7,▼-41.18%,0,2,2,19,11.5,14.5,1880,10
TXO,202609,20260916.0,52300.0,Put,-,-,-,-,7260.0,-,-,0,0,0,0,7230,7300,-,-
TXO,202609,20260916.0,52400.0,Call,-,-,-,-,12.5,-,-,0,0,0,16,11.5,14,1880,16.5
TXO,202609,20260916.0,52400.0,Put,-,-,-,-,7360.0,-,-,0,0,0,0,7330,7400,-,-
TXO,202609,20260916.0,52500.0,Call,12,12,12,12,12.0,▼-4.5,▼-27.27%,1,1,2,108,11,13.5,550,12
TXO,202609,20260916.0,52500.0,Put,-,-,-,-,7460.0,-,-,0,0,0,0,7430,7500,-,-
TXO,202609,20260916.0,52600.0,Call,-,-,-,-,11.5,-,-,0,0,0,42,10.5,13,1390,16
TXO,202609,20260916.0,52600.0,Put,-,-,-,-,7560.0,-,-,0,0,0,0,7530,7610,-,-
TXO,202609,20260916.0,52700.0,Call,-,-,-,-,11.5,-,-,0,0,0,18,10.5,12.5,1890,14
TXO,202609,20260916.0,52700.0,Put,-,-,-,-,7660.0,-,-,0,0,0,0,7630,7710,-,-
TXO,202609,20260916.0,52800.0,Call,8.5,8.5,8.5,8.5,11.0,▼-6,▼-41.38%,0,1,1,14,10.5,12,1930,8.5
TXO,202609,20260916.0,52800.0,Put,-,-,-,-,7760.0,-,-,0,0,0,0,7730,7810,-,-
TXO,202609,20260916.0,52900.0,Call,-,-,-,-,10.5,-,-,0,0,0,27,9.9,11.5,580,13.5
TXO,202609,20260916.0,52900.0,Put,-,-,-,-,7860.0,-,-,0,0,0,0,7830,7900,-,-
TXO,202609,20260916.0,53000.0,Call,9,10,1.1,9.9,10.5,▼-4.1,▼-29.29%,0,21,21,294,9.7,11.5,1240,1.1
TXO,202609,20260916.0,53000.0,Put,-,-,-,-,7960.0,-,-,0,0,0,0,7930,8000,-,-
TXO,202609,20260916.0,53100.0,Call,10.5,10.5,7.5,7.5,10.0,▼-5.5,▼-42.31%,0,4,4,31,9.5,11,580,7.5
TXO,202609,20260916.0,53100.0,Put,-,-,-,-,8060.0,-,-,0,0,0,0,8030,8100,-,-
TXO,202609,20260916.0,53200.0,Call,7.7,7.7,7.7,7.7,9.8,▼-5.3,▼-40.77%,0,1,1,12,9.2,10.5,1500,7.7
TXO,202609,20260916.0,53200.0,Put,-,-,-,-,8160.0,-,-,0,0,0,0,8130,8200,-,-
TXO,202609,20260916.0,53300.0,Call,10,10,7.2,7.2,9.6,▼-5.3,▼-42.40%,0,3,3,4,9.3,10.5,580,7.2
TXO,202609,20260916.0,53300.0,Put,-,-,-,-,8260.0,-,-,0,0,0,0,8220,8300,-,-
TXO,202609,20260916.0,53400.0,Call,-,-,-,-,9.4,-,-,0,0,0,2,8.9,10,1000,12.5
TXO,202609,20260916.0,53400.0,Put,-,-,-,-,8360.0,-,-,0,0,0,0,8330,8400,-,-
TXO,202609,20260916.0,53500.0,Call,-,-,-,-,9.2,-,-,0,0,0,103,8.7,9.7,600,11
TXO,202609,20260916.0,53500.0,Put,-,-,-,-,8460.0,-,-,0,0,0,0,8420,8500,-,-
TXO,202609,20260916.0,53600.0,Call,-,-,-,-,9.0,-,-,0,0,0,6,8.5,9.5,1340,15
TXO,202609,20260916.0,53600.0,Put,-,-,-,-,8560.0,-,-,0,0,0,0,8520,8600,-,-
TXO,202609,20260916.0,53700.0,Call,-,-,-,-,8.8,-,-,0,0,0,18,8.3,9.4,550,34.5
TXO,202609,20260916.0,53700.0,Put,-,-,-,-,8660.0,-,-,0,0,0,0,8620,8700,-,-
TXO,202609,20260916.0,53800.0,Call,-,-,-,-,8.7,-,-,0,0,0,10,8.2,9.2,1240,10
TXO,202609,20260916.0,53800.0,Put,-,-,-,-,8760.0,-,-,0,0,0,0,8720,8800,-,-
TXO,202609,20260916.0,53900.0,Call,6.1,6.1,6.1,6.1,8.5,▼-4.4,▼-41.90%,0,1,1,15,8,9,99,6.1
TXO,202609,20260916.0,53900.0,Put,-,-,-,-,8860.0,-,-,0,0,0,0,8820,8900,-,-
TXO,202609,20260916.0,54000.0,Call,6.7,6.7,6.7,6.7,8.5,▼-3.8,▼-36.19%,0,17,17,197,8,8.9,1400,6.7
TXO,202609,20260916.0,54000.0,Put,-,-,-,-,8960.0,-,-,0,0,0,1,8940,9000,9240,9240
TXO,202609,20260916.0,54100.0,Call,-,-,-,-,8.1,-,-,0,0,0,19,7.7,8.6,100,10.5
TXO,202609,20260916.0,54100.0,Put,-,-,-,-,9060.0,-,-,0,0,0,0,9020,9100,-,-
TXO,202609,20260916.0,54200.0,Call,5.6,5.6,5.6,5.6,8.0,▼-4.3,▼-43.43%,0,1,1,27,7.6,8.5,250,5.6
TXO,202609,20260916.0,54200.0,Put,-,-,-,-,9160.0,-,-,0,0,0,0,9120,9200,-,-
TXO,202609,20260916.0,54300.0,Call,-,-,-,-,7.9,-,-,0,0,0,18,7.5,8.4,195,11.5
TXO,202609,20260916.0,54300.0,Put,-,-,-,-,9260.0,-,-,0,0,0,0,9220,9300,-,-
TXO,202609,20260916.0,54400.0,Call,-,-,-,-,7.7,-,-,0,0,0,18,7.3,8.2,1040,12.5
TXO,202609,20260916.0,54400.0,Put,-,-,-,-,9360.0,-,-,0,0,0,0,9320,9400,-,-
TXO,202609,20260916.0,54500.0,Call,8,8.1,8,8.1,7.6,▼-1.2,▼-12.90%,7,2,9,134,7.3,8.2,300,8
TXO,202609,20260916.0,54500.0,Put,-,-,-,-,9460.0,-,-,0,0,0,0,9420,9500,-,-
TXO,202609,20260916.0,54600.0,Call,-,-,-,-,7.4,-,-,0,0,0,48,7,7.9,1680,10
TXO,202609,20260916.0,54600.0,Put,-,-,-,-,9560.0,-,-,0,0,0,0,9510,9600,-,-
TXO,202609,20260916.0,54700.0,Call,-,-,-,-,7.3,-,-,0,0,0,33,7,7.9,382,9.9
TXO,202609,20260916.0,54700.0,Put,-,-,-,-,9660.0,-,-,0,0,0,0,9610,9700,-,-
TXO,202609,20260916.0,54800.0,Call,-,-,-,-,7.2,-,-,0,0,0,23,6.8,7.7,370,10
TXO,202609,20260916.0,54800.0,Put,-,-,-,-,9760.0,-,-,0,0,0,0,9720,9800,-,-
TXO,202609,20260916.0,54900.0,Call,5.5,5.5,5.5,5.5,7.1,▼-3.2,▼-36.78%,1,1,2,6,6.7,7.6,205,5.5
TXO,202609,20260916.0,54900.0,Put,-,-,-,-,9860.0,-,-,0,0,0,0,9810,9900,-,-
TXO,202609,20260916.0,55000.0,Call,0.5,5.1,0.5,5.1,7.0,▼-3.5,▼-40.70%,0,12,12,296,6.6,7.5,1240,0.5
TXO,202609,20260916.0,55000.0,Put,-,-,-,-,9950.0,-,-,0,0,0,1,9930,10000,10230,10230
TXO,202609,20260916.0,55200.0,Call,-,-,-,-,6.8,-,-,0,0,0,2,6.3,7.3,350,10.5
TXO,202609,20260916.0,55200.0,Put,-,-,-,-,10150.0,-,-,0,0,0,0,10110,10200,-,-
TXO,202609,20260916.0,55400.0,Call,-,-,-,-,6.5,-,-,0,0,0,31,6,7.1,800,10.5
TXO,202609,20260916.0,55400.0,Put,-,-,-,-,10350.0,-,-,0,0,0,176,10280,10400,12880,9200
TXO,202609,20260916.0,55600.0,Call,-,-,-,-,6.3,-,-,0,0,0,6,5.8,6.9,1400,5.5
TXO,202609,20260916.0,55600.0,Put,-,-,-,-,10550.0,-,-,0,0,0,0,10470,10620,-,-
TXO,202609,20260916.0,55800.0,Call,6.6,6.7,4.5,5.2,5.2,▼-1.8,▼-25.71%,7,113,120,871,5.8,6.3,1350,4.5
TXO,202609,20260916.0,55800.0,Put,-,-,-,-,10750.0,-,-,0,0,0,0,10670,10820,-,-
TXO,202610,20261021.0,33900.0,Call,-,-,-,-,11330.0,-,-,0,0,0,0,-,11400,-,-
TXO,202610,20261021.0,33900.0,Put,95,95,83,83,83.0,▼-1,▼-1.19%,1,11,12,123,81,87,400,78
TXO,202610,20261021.0,34000.0,Call,-,-,-,-,11240.0,-,-,0,0,0,0,11190,11350,-,-
TXO,202610,20261021.0,34000.0,Put,92,92,92,92,87.0,▲+3,▲+3.37%,0,1,1,18,84,89,780,92
TXO,202610,20261021.0,34100.0,Call,-,-,-,-,11140.0,-,-,0,0,0,0,-,11210,-,-
TXO,202610,20261021.0,34100.0,Put,90,90,90,90,90.0,▼-2,▼-2.17%,0,2,2,4,86,91,105,88
TXO,202610,20261021.0,34200.0,Call,-,-,-,-,11040.0,-,-,0,0,0,0,-,11170,-,-
TXO,202610,20261021.0,34200.0,Put,-,-,-,-,91.0,-,-,0,0,0,2,88,93,810,100
TXO,202610,20261021.0,34300.0,Call,-,-,-,-,10940.0,-,-,0,0,0,0,-,11030,-,-
TXO,202610,20261021.0,34300.0,Put,-,-,-,-,94.0,-,-,0,0,0,0,89,95,-,-
TXO,202610,20261021.0,34400.0,Call,-,-,-,-,10850.0,-,-,0,0,0,0,-,10910,-,-
TXO,202610,20261021.0,34400.0,Put,-,-,-,-,96.0,-,-,0,0,0,3,93,98,200,112
TXO,202610,20261021.0,34500.0,Call,-,-,-,-,10750.0,-,-,0,0,0,0,10700,10810,-,-
TXO,202610,20261021.0,34500.0,Put,103,103,103,103,99.0,▲+1,▲+0.98%,0,1,1,5,94,100,116,94
TXO,202610,20261021.0,34600.0,Call,-,-,-,-,10650.0,-,-,0,0,0,0,-,10720,-,-
TXO,202610,20261021.0,34600.0,Put,-,-,-,-,101.0,-,-,0,0,0,2,97,103,299,108
TXO,202610,20261021.0,34700.0,Call,-,-,-,-,10560.0,-,-,0,0,0,0,10510,10660,-,-
TXO,202610,20261021.0,34700.0,Put,-,-,-,-,103.0,-,-,0,0,0,7,99,105,805,100
TXO,202610,20261021.0,34800.0,Call,-,-,-,-,10460.0,-,-,0,0,0,0,-,10520,-,-
TXO,202610,20261021.0,34800.0,Put,112,113,109,109,106.0,▼-1,▼-0.91%,0,22,22,23,103,108,314,100
TXO,202610,20261021.0,34900.0,Call,-,-,-,-,10360.0,-,-,0,0,0,0,-,10470,-,-
TXO,202610,20261021.0,34900.0,Put,109,109,109,109,109.0,▼-3,▼-2.68%,0,1,1,5,105,111,488,100
TXO,202610,20261021.0,35000.0,Call,-,-,-,-,10270.0,-,-,0,0,0,0,10210,10320,-,-
TXO,202610,20261021.0,35000.0,Put,120,124,110,110,110.0,▼-3,▼-2.65%,4,13,17,58,108,114,1060,100
TXO,202610,20261021.0,35100.0,Call,-,-,-,-,10170.0,-,-,0,0,0,0,10120,10270,-,-
TXO,202610,20261021.0,35100.0,Put,126,126,126,126,114.0,▲+6,▲+5.00%,0,1,1,4,110,116,505,100
TXO,202610,20261021.0,35200.0,Call,-,-,-,-,10070.0,-,-,0,0,0,0,-,10130,-,-
TXO,202610,20261021.0,35200.0,Put,-,-,-,-,117.0,-,-,0,0,0,4,114,120,151,136
TXO,202610,20261021.0,35300.0,Call,-,-,-,-,9970.0,-,-,0,0,0,0,9930,10050,-,-
TXO,202610,20261021.0,35300.0,Put,134,134,134,134,120.0,▲+6,▲+4.69%,0,1,1,6,117,123,1070,122
TXO,202610,20261021.0,35400.0,Call,-,-,-,-,9880.0,-,-,0,0,0,0,9830,9950,-,-
TXO,202610,20261021.0,35400.0,Put,-,-,-,-,123.0,-,-,0,0,0,5,119,126,1000,141
TXO,202610,20261021.0,35500.0,Call,-,-,-,-,9780.0,-,-,0,0,0,0,-,9860,-,-
TXO,202610,20261021.0,35500.0,Put,142,142,142,142,127.0,▲+6,▲+4.41%,0,1,1,6,124,130,550,127
TXO,202610,20261021.0,35600.0,Call,-,-,-,-,9690.0,-,-,0,0,0,0,9640,9740,-,-
TXO,202610,20261021.0,35600.0,Put,-,-,-,-,130.0,-,-,0,0,0,4,126,133,150,137
TXO,202610,20261021.0,35700.0,Call,-,-,-,-,9590.0,-,-,0,0,0,0,-,9660,-,-
TXO,202610,20261021.0,35700.0,Put,152,152,146,146,135.0,▲+1,▲+0.69%,1,2,3,7,131,138,300,127
TXO,202610,20261021.0,35800.0,Call,-,-,-,-,9490.0,-,-,0,0,0,0,9450,9570,-,-
TXO,202610,20261021.0,35800.0,Put,-,-,-,-,138.0,-,-,0,0,0,6,135,141,405,144
TXO,202610,20261021.0,35900.0,Call,-,-,-,-,9400.0,-,-,0,0,0,0,-,9460,-,-
TXO,202610,20261021.0,35900.0,Put,160,160,160,160,142.0,▲+8,▲+5.26%,0,1,1,3,139,146,182,142
TXO,202610,20261021.0,36000.0,Call,-,-,-,-,9300.0,-,-,0,0,0,0,9260,9380,-,-
TXO,202610,20261021.0,36000.0,Put,161,161,154,154,146.0,▼-4,▼-2.53%,0,3,3,94,143,150,1380,144
TXO,202610,20261021.0,36100.0,Call,-,-,-,-,9210.0,-,-,0,0,0,0,-,9260,-,-
TXO,202610,20261021.0,36100.0,Put,-,-,-,-,150.0,-,-,0,0,0,2,146,153,690,146
TXO,202610,20261021.0,36200.0,Call,-,-,-,-,9110.0,-,-,0,0,0,0,9070,9170,-,-
TXO,202610,20261021.0,36200.0,Put,-,-,-,-,155.0,-,-,0,0,0,5,151,159,1120,156
TXO,202610,20261021.0,36300.0,Call,-,-,-,-,9020.0,-,-,0,0,0,0,-,9070,-,-
TXO,202610,20261021.0,36300.0,Put,-,-,-,-,159.0,-,-,1,0,1,2,156,164,915,183
TXO,202610,20261021.0,36400.0,Call,-,-,-,-,8920.0,-,-,0,0,0,0,8880,9000,-,-
TXO,202610,20261021.0,36400.0,Put,-,-,-,-,164.0,-,-,0,0,0,1,161,169,401,265
TXO,202610,20261021.0,36500.0,Call,-,-,-,-,8830.0,-,-,0,0,0,0,-,8880,-,-
TXO,202610,20261021.0,36500.0,Put,185,185,180,180,169.0,▼-4,▼-2.17%,0,10,10,15,166,174,1510,170
TXO,202610,20261021.0,36600.0,Call,-,-,-,-,8730.0,-,-,0,0,0,0,-,8810,-,-
TXO,202610,20261021.0,36600.0,Put,-,-,-,-,174.0,-,-,0,0,0,0,170,178,1110,610
TXO,202610,20261021.0,36700.0,Call,-,-,-,-,8640.0,-,-,0,0,0,0,-,8710,-,-
TXO,202610,20261021.0,36700.0,Put,-,-,-,-,179.0,-,-,0,0,0,1,175,183,710,710
TXO,202610,20261021.0,36800.0,Call,-,-,-,-,8540.0,-,-,0,0,0,0,8500,8610,-,-
TXO,202610,20261021.0,36800.0,Put,-,-,-,-,185.0,-,-,1,0,1,2,180,189,497,203
TXO,202610,20261021.0,36900.0,Call,-,-,-,-,8450.0,-,-,0,0,0,0,8410,8520,-,-
TXO,202610,20261021.0,36900.0,Put,-,-,-,-,192.0,-,-,0,0,0,1,186,195,1620,730
TXO,202610,20261021.0,37000.0,Call,-,-,-,-,8360.0,-,-,0,0,0,0,-,8450,-,-
TXO,202610,20261021.0,37000.0,Put,230,230,200,200,200.0,▼-14,▼-6.54%,2,10,12,44,192,200,1010,156
TXO,202610,20261021.0,37100.0,Call,-,-,-,-,8260.0,-,-,0,0,0,0,8220,8320,-,-
TXO,202610,20261021.0,37100.0,Put,202,202,202,202,202.0,▼-14,▼-6.48%,0,1,1,19,200,209,750,198
TXO,202610,20261021.0,37200.0,Call,-,-,-,-,8170.0,-,-,0,0,0,0,-,8240,-,-
TXO,202610,20261021.0,37200.0,Put,-,-,-,-,210.0,-,-,0,0,0,1,206,215,1460,274
TXO,202610,20261021.0,37300.0,Call,-,-,-,-,8080.0,-,-,0,0,0,0,-,8140,-,-
TXO,202610,20261021.0,37300.0,Put,-,-,-,-,217.0,-,-,0,0,0,1,212,221,575,440
TXO,202610,20261021.0,37400.0,Call,-,-,-,-,7980.0,-,-,0,0,0,0,-,8070,-,-
TXO,202610,20261021.0,37400.0,Put,-,-,-,-,225.0,-,-,0,0,0,1,219,228,815,305
TXO,202610,20261021.0,37500.0,Call,-,-,-,-,7890.0,-,-,0,0,0,0,7850,7960,-,-
TXO,202610,20261021.0,37500.0,Put,222,255,222,233,233.0,▼-20,▼-7.91%,0,13,13,16,227,236,445,200
TXO,202610,20261021.0,37600.0,Call,-,-,-,-,7800.0,-,-,0,0,0,0,-,7890,-,-
TXO,202610,20261021.0,37600.0,Put,-,-,-,-,239.0,-,-,0,0,0,9,235,244,850,218
TXO,202610,20261021.0,37700.0,Call,-,-,-,-,7710.0,-,-,0,0,0,0,7670,7760,-,-
TXO,202610,20261021.0,37700.0,Put,-,-,-,-,247.0,-,-,0,0,0,2,242,252,300,200
TXO,202610,20261021.0,37800.0,Call,-,-,-,-,7620.0,-,-,0,0,0,0,-,7700,-,-
TXO,202610,20261021.0,37800.0,Put,-,-,-,-,255.0,-,-,0,0,0,4,250,260,945,251
TXO,202610,20261021.0,37900.0,Call,-,-,-,-,7530.0,-,-,0,0,0,0,-,7570,-,-
TXO,202610,20261021.0,37900.0,Put,-,-,-,-,264.0,-,-,0,0,0,1,256,267,900,650
TXO,202610,20261021.0,38000.0,Call,-,-,-,-,7430.0,-,-,0,0,0,0,-,7520,-,-
TXO,202610,20261021.0,38000.0,Put,350,350,298,298,270.0,▲+2,▲+0.68%,2,6,8,30,265,275,2000,210
TXO,202610,20261021.0,38100.0,Call,-,-,-,-,7340.0,-,-,0,0,0,0,7300,7400,-,-
TXO,202610,20261021.0,38100.0,Put,-,-,-,-,280.0,-,-,0,0,0,39,275,285,1380,252
TXO,202610,20261021.0,38200.0,Call,-,-,-,-,7250.0,-,-,0,0,0,0,7210,7310,-,-
TXO,202610,20261021.0,38200.0,Put,-,-,-,-,289.0,-,-,0,0,0,3,284,294,1020,301
TXO,202610,20261021.0,38300.0,Call,-,-,-,-,7160.0,-,-,0,0,0,0,7120,7220,-,-
TXO,202610,20261021.0,38300.0,Put,-,-,-,-,299.0,-,-,0,0,0,0,293,304,-,-
TXO,202610,20261021.0,38400.0,Call,-,-,-,-,7070.0,-,-,0,0,0,0,7030,7130,-,-
TXO,202610,20261021.0,38400.0,Put,-,-,-,-,308.0,-,-,0,0,0,2,303,314,1930,326
TXO,202610,20261021.0,38500.0,Call,-,-,-,-,6980.0,-,-,0,0,0,0,-,7040,-,-
TXO,202610,20261021.0,38500.0,Put,321,321,321,321,321.0,▼-27,▼-7.76%,0,5,5,19,313,324,2100,291
TXO,202610,20261021.0,38600.0,Call,-,-,-,-,6890.0,-,-,0,0,0,0,6850,6940,-,-
TXO,202610,20261021.0,38600.0,Put,-,-,-,-,328.0,-,-,0,0,0,1,322,333,422,422
TXO,202610,20261021.0,38700.0,Call,-,-,-,-,6800.0,-,-,0,0,0,0,-,6850,-,-
TXO,202610,20261021.0,38700.0,Put,-,-,-,-,338.0,-,-,0,0,0,11,333,344,2230,300
TXO,202610,20261021.0,38800.0,Call,-,-,-,-,6710.0,-,-,0,0,0,0,-,6790,-,-
TXO,202610,20261021.0,38800.0,Put,-,-,-,-,350.0,-,-,0,0,0,2,343,354,610,428
TXO,202610,20261021.0,38900.0,Call,-,-,-,-,6620.0,-,-,0,0,0,0,6590,6700,-,-
TXO,202610,20261021.0,38900.0,Put,-,-,-,-,359.0,-,-,0,0,0,2,353,365,690,334
TXO,202610,20261021.0,39000.0,Call,-,-,-,-,6540.0,-,-,0,0,0,0,-,6610,-,-
TXO,202610,20261021.0,39000.0,Put,425,430,370,370,370.0,▼-40,▼-9.76%,1,15,16,79,367,378,1790,318
TXO,202610,20261021.0,39100.0,Call,-,-,-,-,6450.0,-,-,0,0,0,0,-,6520,-,-
TXO,202610,20261021.0,39100.0,Put,-,-,-,-,383.0,-,-,0,0,0,1,378,389,820,420
TXO,202610,20261021.0,39200.0,Call,-,-,-,-,6360.0,-,-,0,0,0,0,6320,6400,-,-
TXO,202610,20261021.0,39200.0,Put,-,-,-,-,396.0,-,-,0,0,0,0,390,402,-,-
TXO,202610,20261021.0,39300.0,Call,-,-,-,-,6270.0,-,-,0,0,0,0,6240,6360,-,-
TXO,202610,20261021.0,39300.0,Put,465,465,465,465,407.0,▲+23,▲+5.20%,0,1,1,0,402,414,525,405
TXO,202610,20261021.0,39400.0,Call,-,-,-,-,6190.0,-,-,0,0,0,0,6150,6240,-,-
TXO,202610,20261021.0,39400.0,Put,490,500,490,500,420.0,▲+40,▲+8.70%,0,3,3,4,413,425,545,480
TXO,202610,20261021.0,39500.0,Call,-,-,-,-,6100.0,-,-,0,0,0,0,6060,6150,-,-
TXO,202610,20261021.0,39500.0,Put,455,455,436,436,436.0,▼-44,▼-9.17%,3,14,17,14,428,440,995,436
TXO,202610,20261021.0,39600.0,Call,-,-,-,-,6010.0,-,-,0,0,0,0,-,6050,-,-
TXO,202610,20261021.0,39600.0,Put,-,-,-,-,446.0,-,-,0,0,0,1,440,453,1300,400
TXO,202610,20261021.0,39700.0,Call,-,-,-,-,5930.0,-,-,0,0,0,0,5890,5970,-,-
TXO,202610,20261021.0,39700.0,Put,-,-,-,-,460.0,-,-,0,0,0,2,454,466,665,351
TXO,202610,20261021.0,39800.0,Call,-,-,-,-,5840.0,-,-,0,0,0,0,-,5890,-,-
TXO,202610,20261021.0,39800.0,Put,-,-,-,-,473.0,-,-,0,0,0,0,466,479,585,550
TXO,202610,20261021.0,39900.0,Call,-,-,-,-,5750.0,-,-,0,0,0,2,-,5790,5680,3150
TXO,202610,20261021.0,39900.0,Put,-,-,-,-,488.0,-,-,0,0,0,1,482,495,2760,435
TXO,202610,20261021.0,40000.0,Call,-,-,-,-,5670.0,-,-,0,0,0,0,5630,5720,-,-
TXO,202610,20261021.0,40000.0,Put,590,610,555,555,505.0,▲+10,▲+1.83%,6,5,11,26,495,510,2490,395
TXO,202610,20261021.0,40100.0,Call,-,-,-,-,5590.0,-,-,0,0,0,0,5550,5620,-,-
TXO,202610,20261021.0,40100.0,Put,-,-,-,-,520.0,-,-,0,0,0,10,510,525,660,570
TXO,202610,20261021.0,40200.0,Call,-,-,-,-,5500.0,-,-,0,0,0,0,-,5550,-,-
TXO,202610,20261021.0,40200.0,Put,-,-,-,-,535.0,-,-,0,0,0,1,525,540,630,405
TXO,202610,20261021.0,40300.0,Call,-,-,-,-,5420.0,-,-,0,0,0,0,5380,5490,-,-
TXO,202610,20261021.0,40300.0,Put,600,600,600,600,550.0,0,0%,0,18,18,1,540,555,2940,473
TXO,202610,20261021.0,40400.0,Call,-,-,-,-,5330.0,-,-,0,0,0,0,5300,5370,-,-
TXO,202610,20261021.0,40400.0,Put,-,-,-,-,565.0,-,-,0,0,0,0,555,570,-,-
TXO,202610,20261021.0,40500.0,Call,-,-,-,-,5250.0,-,-,0,0,0,0,5210,5300,-,-
TXO,202610,20261021.0,40500.0,Put,620,620,620,620,580.0,▼-5,▼-0.80%,0,1,1,6,575,590,2730,500
TXO,202610,20261021.0,40600.0,Call,-,-,-,-,5170.0,-,-,0,0,0,0,5130,5240,-,-
TXO,202610,20261021.0,40600.0,Put,-,-,-,-,600.0,-,-,0,0,0,5,590,605,1260,505
TXO,202610,20261021.0,40700.0,Call,-,-,-,-,5090.0,-,-,0,0,0,0,-,5130,-,-
TXO,202610,20261021.0,40700.0,Put,-,-,-,-,615.0,-,-,0,0,0,0,605,620,1540,755
TXO,202610,20261021.0,40800.0,Call,-,-,-,-,5000.0,-,-,0,0,0,1,4970,5040,5680,3010
TXO,202610,20261021.0,40800.0,Put,-,-,-,-,630.0,-,-,0,0,0,2,625,640,2920,665
TXO,202610,20261021.0,40900.0,Call,-,-,-,-,4920.0,-,-,0,0,0,0,-,4970,-,-
TXO,202610,20261021.0,40900.0,Put,-,-,-,-,650.0,-,-,1,0,1,3,640,655,3100,620
TXO,202610,20261021.0,41000.0,Call,-,-,-,-,4840.0,-,-,0,0,0,0,4800,4880,4060,2930
TXO,202610,20261021.0,41000.0,Put,800,800,760,760,670.0,▲+30,▲+4.11%,1,2,3,12,660,675,3020,640
TXO,202610,20261021.0,41100.0,Call,-,-,-,-,4760.0,-,-,0,0,0,0,-,4810,-,-
TXO,202610,20261021.0,41100.0,Put,-,-,-,-,685.0,-,-,0,0,0,2,680,695,2590,700
TXO,202610,20261021.0,41200.0,Call,-,-,-,-,4680.0,-,-,0,0,0,0,4640,4710,4840,3580
TXO,202610,20261021.0,41200.0,Put,755,760,755,760,705.0,▼-15,▼-1.94%,0,30,30,2,700,715,2540,680
TXO,202610,20261021.0,41300.0,Call,-,-,-,-,4600.0,-,-,0,0,0,0,4560,4650,-,-
TXO,202610,20261021.0,41300.0,Put,760,760,760,760,730.0,▼-35,▼-4.40%,0,1,1,1,715,735,760,760
TXO,202610,20261021.0,41400.0,Call,-,-,-,-,4520.0,-,-,0,0,0,0,4480,4550,-,-
TXO,202610,20261021.0,41400.0,Put,-,-,-,-,750.0,-,-,0,0,0,1,740,755,800,800
TXO,202610,20261021.0,41500.0,Call,-,-,-,-,4440.0,-,-,0,0,0,0,4400,4480,-,-
TXO,202610,20261021.0,41500.0,Put,840,850,840,850,770.0,▲+25,▲+3.03%,0,30,30,14,760,780,2280,655
TXO,202610,20261021.0,41600.0,Call,-,-,-,-,4360.0,-,-,0,0,0,1,4270,4400,3210,3210
TXO,202610,20261021.0,41600.0,Put,-,-,-,-,790.0,-,-,0,0,0,8,780,800,2550,670
TXO,202610,20261021.0,41700.0,Call,-,-,-,-,4280.0,-,-,0,0,0,0,4250,4330,-,-
TXO,202610,20261021.0,41700.0,Put,-,-,-,-,810.0,-,-,0,0,0,1,800,820,975,975
TXO,202610,20261021.0,41800.0,Call,-,-,-,-,4210.0,-,-,0,0,0,0,4170,4240,-,-
TXO,202610,20261021.0,41800.0,Put,-,-,-,-,835.0,-,-,0,0,0,3,820,840,2140,685
TXO,202610,20261021.0,41900.0,Call,-,-,-,-,4130.0,-,-,0,0,0,0,4090,4180,-,-
TXO,202610,20261021.0,41900.0,Put,-,-,-,-,855.0,-,-,0,0,0,1,845,865,2830,705
TXO,202610,20261021.0,42000.0,Call,-,-,-,-,4050.0,-,-,0,0,0,0,-,4090,-,-
TXO,202610,20261021.0,42000.0,Put,-,-,-,-,880.0,-,-,0,0,0,8,870,890,3500,745
TXO,202610,20261021.0,42100.0,Call,-,-,-,-,3980.0,-,-,0,0,0,0,3940,4020,-,-
TXO,202610,20261021.0,42100.0,Put,-,-,-,-,900.0,-,-,0,0,0,0,890,915,-,-
TXO,202610,20261021.0,42200.0,Call,-,-,-,-,3900.0,-,-,0,0,0,2,-,3940,4200,2000
TXO,202610,20261021.0,42200.0,Put,1010,1010,1010,1010,925.0,0,0%,8,1,9,17,915,935,2120,955
TXO,202610,20261021.0,42300.0,Call,-,-,-,-,3830.0,-,-,0,0,0,0,3790,3870,-,-
TXO,202610,20261021.0,42300.0,Put,985,985,985,985,955.0,▼-65,▼-6.19%,0,1,1,1,940,960,985,985
TXO,202610,20261021.0,42400.0,Call,-,-,-,-,3750.0,-,-,0,0,0,0,3720,3790,4850,2960
TXO,202610,20261021.0,42400.0,Put,-,-,-,-,980.0,-,-,0,0,0,1,970,990,3760,1490
TXO,202610,20261021.0,42500.0,Call,-,-,-,-,3690.0,-,-,0,0,0,0,3650,3730,3980,2120
TXO,202610,20261021.0,42500.0,Put,1010,1010,1010,1010,1010.0,▼-90,▼-8.18%,0,5,5,50,995,1020,1850,855
TXO,202610,20261021.0,42600.0,Call,-,-,-,-,3610.0,-,-,0,0,0,0,3570,3650,-,-
TXO,202610,20261021.0,42600.0,Put,-,-,-,-,1030.0,-,-,0,0,0,10,1020,1050,1150,1020
TXO,202610,20261021.0,42700.0,Call,-,-,-,-,3540.0,-,-,0,0,0,0,3500,3590,-,-
TXO,202610,20261021.0,42700.0,Put,-,-,-,-,1060.0,-,-,0,0,0,10,1050,1070,1870,1120
TXO,202610,20261021.0,42800.0,Call,-,-,-,-,3460.0,-,-,0,0,0,0,3440,3490,-,-
TXO,202610,20261021.0,42800.0,Put,-,-,-,-,1090.0,-,-,0,0,0,10,1080,1100,3100,970
TXO,202610,20261021.0,42900.0,Call,-,-,-,-,3400.0,-,-,0,0,0,0,3370,3420,4410,3070
TXO,202610,20261021.0,42900.0,Put,-,-,-,-,1120.0,-,-,0,0,0,2,1110,1130,3050,1080
TXO,202610,20261021.0,43000.0,Call,-,-,-,-,3320.0,-,-,0,0,0,1,3300,3350,3230,3230
TXO,202610,20261021.0,43000.0,Put,1270,1380,1210,1210,1140.0,▼-40,▼-3.20%,0,4,4,12,1130,1160,4200,975
TXO,202610,20261021.0,43100.0,Call,-,-,-,-,3250.0,-,-,0,0,0,0,3230,3280,-,-
TXO,202610,20261021.0,43100.0,Put,-,-,-,-,1180.0,-,-,0,0,0,1,1160,1190,1390,1390
TXO,202610,20261021.0,43200.0,Call,-,-,-,-,3180.0,-,-,1,0,1,0,3160,3210,3750,2950
TXO,202610,20261021.0,43200.0,Put,-,-,-,-,1210.0,-,-,0,0,0,1,1190,1220,1000,1000
TXO,202610,20261021.0,43300.0,Call,-,-,-,-,3120.0,-,-,0,0,0,0,3090,3140,-,-
TXO,202610,20261021.0,43300.0,Put,1430,1470,1410,1470,1240.0,▲+90,▲+6.52%,2,3,5,15,1230,1250,1470,1380
TXO,202610,20261021.0,43400.0,Call,-,-,-,-,3050.0,-,-,0,0,0,1,3030,3070,2880,2880
TXO,202610,20261021.0,43400.0,Put,-,-,-,-,1270.0,-,-,0,0,0,1,1260,1290,2890,1250
TXO,202610,20261021.0,43500.0,Call,-,-,-,-,2980.0,-,-,0,0,0,0,2960,3010,3100,1570
TXO,202610,20261021.0,43500.0,Put,-,-,-,-,1300.0,-,-,0,0,0,105,1290,1310,3050,1120
TXO,202610,20261021.0,43600.0,Call,-,-,-,-,2910.0,-,-,0,0,0,1,2890,2930,2840,2840
TXO,202610,20261021.0,43600.0,Put,-,-,-,-,1340.0,-,-,0,0,0,1,1320,1350,2850,2850
TXO,202610,20261021.0,43700.0,Call,-,-,-,-,2850.0,-,-,0,0,0,3,2830,2880,2940,2940
TXO,202610,20261021.0,43700.0,Put,-,-,-,-,1370.0,-,-,0,0,0,3,1360,1390,2920,1600
TXO,202610,20261021.0,43800.0,Call,-,-,-,-,2780.0,-,-,0,0,0,2,2760,2800,2950,1650
TXO,202610,20261021.0,43800.0,Put,-,-,-,-,1400.0,-,-,0,0,0,2,1390,1420,3100,1500
TXO,202610,20261021.0,43900.0,Call,-,-,-,-,2720.0,-,-,0,0,0,0,2700,2750,-,-
TXO,202610,20261021.0,43900.0,Put,-,-,-,-,1440.0,-,-,0,0,0,1,1420,1450,3140,1570
TXO,202610,20261021.0,44000.0,Call,2230,2230,2230,2230,2660.0,▼-230,▼-9.35%,0,2,2,5,2640,2670,3370,1520
TXO,202610,20261021.0,44000.0,Put,1620,1620,1540,1540,1480.0,▼-60,▼-3.75%,1,2,3,367,1460,1490,2770,1230
TXO,202610,20261021.0,44100.0,Call,2140,2140,2140,2140,2590.0,▼-260,▼-10.83%,0,1,1,2,2580,2610,2580,1540
TXO,202610,20261021.0,44100.0,Put,1750,1750,1750,1750,1510.0,▲+90,▲+5.42%,0,1,1,2,1500,1530,3230,1750
TXO,202610,20261021.0,44200.0,Call,-,-,-,-,2530.0,-,-,0,0,0,1,2520,2560,2730,2730
TXO,202610,20261021.0,44200.0,Put,-,-,-,-,1550.0,-,-,0,0,0,1,1540,1570,2730,2730
TXO,202610,20261021.0,44300.0,Call,-,-,-,-,2470.0,-,-,0,0,0,0,2450,2490,-,-
TXO,202610,20261021.0,44300.0,Put,1710,1710,1710,1710,1590.0,▼-30,▼-1.72%,5,5,10,1,1580,1610,2040,1340
TXO,202610,20261021.0,44400.0,Call,-,-,-,-,2410.0,-,-,0,0,0,4,2390,2420,2960,1410
TXO,202610,20261021.0,44400.0,Put,-,-,-,-,1630.0,-,-,1,0,1,1,1610,1640,2180,1520
TXO,202610,20261021.0,44500.0,Call,1950,1950,1900,1940,2360.0,▼-240,▼-11.01%,0,4,4,0,2330,2370,2920,1900
TXO,202610,20261021.0,44500.0,Put,1650,1650,1650,1650,1650.0,▼-180,▼-9.84%,0,1,1,1,1660,1690,4990,1440
TXO,202610,20261021.0,44600.0,Call,-,-,-,-,2300.0,-,-,0,0,0,0,2270,2310,-,-
TXO,202610,20261021.0,44600.0,Put,-,-,-,-,1720.0,-,-,0,0,0,0,1700,1730,-,-
TXO,202610,20261021.0,44700.0,Call,1890,1890,1890,1890,2240.0,▼-180,▼-8.70%,0,1,1,10,2220,2250,3380,1350
TXO,202610,20261021.0,44700.0,Put,-,-,-,-,1760.0,-,-,0,0,0,4,1740,1770,2050,2050
TXO,202610,20261021.0,44800.0,Call,1830,1830,1830,1830,2180.0,▼-180,▼-8.96%,0,1,1,134,2170,2200,2950,1830
TXO,202610,20261021.0,44800.0,Put,1900,1900,1900,1900,1800.0,▼-60,▼-3.06%,0,1,1,2,1780,1810,2220,1900
TXO,202610,20261021.0,44900.0,Call,-,-,-,-,2120.0,-,-,0,0,0,2,2110,2140,1950,1950
TXO,202610,20261021.0,44900.0,Put,-,-,-,-,1840.0,-,-,0,0,0,0,1820,1860,-,-
TXO,202610,20261021.0,45000.0,Call,1670,1670,1600,1600,2060.0,▼-290,▼-15.34%,0,2,2,8,2050,2080,3220,1600
TXO,202610,20261021.0,45000.0,Put,-,-,-,-,1880.0,-,-,0,0,0,11,1870,1900,2760,1730
TXO,202610,20261021.0,45100.0,Call,-,-,-,-,2010.0,-,-,0,0,0,4,1990,2030,3040,2050
TXO,202610,20261021.0,45100.0,Put,1980,1980,1930,1930,1930.0,▼-180,▼-8.53%,1,2,3,1,1910,1940,2640,1930
TXO,202610,20261021.0,45200.0,Call,-,-,-,-,1960.0,-,-,0,0,0,2,1940,1970,2330,1670
TXO,202610,20261021.0,45200.0,Put,2400,2400,2360,2360,1980.0,▲+210,▲+9.77%,0,2,2,6,1960,1990,3950,2340
TXO,202610,20261021.0,45300.0,Call,1550,1550,1550,1550,1900.0,▼-200,▼-11.43%,0,1,1,1,1890,1920,2540,1130
TXO,202610,20261021.0,45300.0,Put,2150,2150,2150,2150,2020.0,▼-50,▼-2.27%,0,1,1,1,2010,2040,2510,1960
TXO,202610,20261021.0,45400.0,Call,-,-,-,-,1850.0,-,-,0,0,0,1,1830,1860,3120,2140
TXO,202610,20261021.0,45400.0,Put,-,-,-,-,2070.0,-,-,0,0,0,0,2050,2080,-,-
TXO,202610,20261021.0,45500.0,Call,-,-,-,-,1800.0,-,-,0,0,0,2,1780,1810,2010,1160
TXO,202610,20261021.0,45500.0,Put,-,-,-,-,2120.0,-,-,0,0,0,0,2100,2130,-,-
TXO,202610,20261021.0,45600.0,Call,-,-,-,-,1750.0,-,-,0,0,0,3,1730,1760,2470,1740
TXO,202610,20261021.0,45600.0,Put,-,-,-,-,2160.0,-,-,0,0,0,0,2150,2180,2470,2020
TXO,202610,20261021.0,45700.0,Call,-,-,-,-,1700.0,-,-,10,0,10,1,1680,1710,2090,1550
TXO,202610,20261021.0,45700.0,Put,-,-,-,-,2210.0,-,-,0,0,0,0,2190,2230,-,-
TXO,202610,20261021.0,45800.0,Call,-,-,-,-,1650.0,-,-,0,0,0,6,1630,1660,2540,2000
TXO,202610,20261021.0,45800.0,Put,-,-,-,-,2260.0,-,-,0,0,0,1,2240,2270,2230,2210
TXO,202610,20261021.0,45900.0,Call,1460,1460,1460,1460,1600.0,▼-10,▼-0.68%,5,5,10,8,1580,1610,2220,1160
TXO,202610,20261021.0,45900.0,Put,-,-,-,-,2310.0,-,-,0,0,0,0,2290,2330,-,-
TXO,202610,20261021.0,46000.0,Call,1200,1390,1200,1390,1550.0,▼-40,▼-2.80%,0,2,2,13,1530,1560,2680,970
TXO,202610,20261021.0,46000.0,Put,-,-,-,-,2370.0,-,-,0,0,0,6,2350,2380,3660,1960
TXO,202610,20261021.0,46100.0,Call,-,-,-,-,1500.0,-,-,0,0,0,1,1480,1510,2520,1510
TXO,202610,20261021.0,46100.0,Put,-,-,-,-,2420.0,-,-,0,0,0,1,2400,2430,2260,2260
TXO,202610,20261021.0,46200.0,Call,-,-,-,-,1450.0,-,-,0,0,0,0,1440,1470,2310,1340
TXO,202610,20261021.0,46200.0,Put,-,-,-,-,2470.0,-,-,0,0,0,0,2450,2490,2690,2370
TXO,202610,20261021.0,46300.0,Call,-,-,-,-,1400.0,-,-,0,0,0,2,1390,1420,2420,1460
TXO,202610,20261021.0,46300.0,Put,-,-,-,-,2520.0,-,-,0,0,0,0,2500,2550,2900,2200
TXO,202610,20261021.0,46400.0,Call,-,-,-,-,1360.0,-,-,0,0,0,4,1350,1380,2400,790
TXO,202610,20261021.0,46400.0,Put,-,-,-,-,2580.0,-,-,0,0,0,0,2560,2600,-,-
TXO,202610,20261021.0,46500.0,Call,995,1320,980,1320,1320.0,▲+100,▲+8.20%,0,24,24,1,1310,1340,1560,980
TXO,202610,20261021.0,46500.0,Put,-,-,-,-,2640.0,-,-,0,0,0,0,2620,2660,-,-
TXO,202610,20261021.0,46600.0,Call,-,-,-,-,1280.0,-,-,0,0,0,1,1270,1290,1330,1330
TXO,202610,20261021.0,46600.0,Put,-,-,-,-,2690.0,-,-,0,0,0,0,2670,2710,-,-
TXO,202610,20261021.0,46700.0,Call,-,-,-,-,1240.0,-,-,0,0,0,0,1220,1250,-,-
TXO,202610,20261021.0,46700.0,Put,-,-,-,-,2750.0,-,-,0,0,0,0,2730,2770,-,-
TXO,202610,20261021.0,46800.0,Call,-,-,-,-,1200.0,-,-,0,0,0,2,1180,1210,2150,905
TXO,202610,20261021.0,46800.0,Put,-,-,-,-,2810.0,-,-,0,0,0,1,2790,2830,2420,2420
TXO,202610,20261021.0,46900.0,Call,-,-,-,-,1160.0,-,-,0,0,0,1,1140,1170,1600,1600
TXO,202610,20261021.0,46900.0,Put,-,-,-,-,2870.0,-,-,0,0,0,0,2850,2890,4010,3120
TXO,202610,20261021.0,47000.0,Call,865,1000,865,1000,1120.0,▼-30,▼-2.91%,14,9,23,19,1100,1130,2260,865
TXO,202610,20261021.0,47000.0,Put,-,-,-,-,2930.0,-,-,0,0,0,5,2910,2950,4240,3250
TXO,202610,20261021.0,47100.0,Call,1030,1060,1030,1060,1060.0,▲+65,▲+6.53%,0,13,13,33,1070,1090,1660,1030
TXO,202610,20261021.0,47100.0,Put,-,-,-,-,2990.0,-,-,0,0,0,0,2960,3010,-,-
TXO,202610,20261021.0,47200.0,Call,-,-,-,-,1040.0,-,-,8,0,8,8,1030,1050,2250,1000
TXO,202610,20261021.0,47200.0,Put,-,-,-,-,3050.0,-,-,0,0,0,0,3030,3080,-,-
TXO,202610,20261021.0,47300.0,Call,1000,1010,1000,1010,1010.0,▲+80,▲+8.60%,2,2,4,8,995,1020,1080,775
TXO,202610,20261021.0,47300.0,Put,-,-,-,-,3120.0,-,-,0,0,0,0,3090,3140,-,-
TXO,202610,20261021.0,47400.0,Call,-,-,-,-,970.0,-,-,9,0,9,14,960,985,2030,880
TXO,202610,20261021.0,47400.0,Put,-,-,-,-,3180.0,-,-,0,0,0,0,3150,3200,-,-
TXO,202610,20261021.0,47500.0,Call,935,935,935,935,935.0,▲+65,▲+7.47%,10,2,12,19,920,930,2040,745
TXO,202610,20261021.0,47500.0,Put,-,-,-,-,3250.0,-,-,0,0,0,0,3220,3270,-,-
TXO,202610,20261021.0,47600.0,Call,-,-,-,-,900.0,-,-,0,0,0,9,885,910,1570,865
TXO,202610,20261021.0,47600.0,Put,-,-,-,-,3310.0,-,-,0,0,0,0,3290,3340,-,-
TXO,202610,20261021.0,47700.0,Call,655,655,655,655,870.0,▼-155,▼-19.14%,0,12,12,12,860,885,2100,655
TXO,202610,20261021.0,47700.0,Put,-,-,-,-,3380.0,-,-,0,0,0,0,3360,3410,-,-
TXO,202610,20261021.0,47800.0,Call,635,635,635,635,840.0,▼-145,▼-18.59%,12,12,24,1,825,845,1740,635
TXO,202610,20261021.0,47800.0,Put,-,-,-,-,3450.0,-,-,0,0,0,0,3420,3470,-,-
TXO,202610,20261021.0,47900.0,Call,-,-,-,-,805.0,-,-,0,0,0,0,795,815,-,-
TXO,202610,20261021.0,47900.0,Put,-,-,-,-,3520.0,-,-,0,0,0,0,3490,3550,-,-
TXO,202610,20261021.0,48000.0,Call,580,775,580,770,770.0,▲+50,▲+6.94%,3,3,6,28,765,785,1780,580
TXO,202610,20261021.0,48000.0,Put,-,-,-,-,3590.0,-,-,0,0,0,4,3550,3620,4790,4760
TXO,202610,20261021.0,48100.0,Call,-,-,-,-,745.0,-,-,0,0,0,3,735,755,1630,1000
TXO,202610,20261021.0,48100.0,Put,-,-,-,-,3660.0,-,-,0,0,0,0,3620,3690,-,-
TXO,202610,20261021.0,48200.0,Call,680,680,680,680,715.0,▲+10,▲+1.49%,0,1,1,1,705,725,1550,680
TXO,202610,20261021.0,48200.0,Put,-,-,-,-,3730.0,-,-,0,0,0,0,3690,3770,-,-
TXO,202610,20261021.0,48300.0,Call,-,-,-,-,685.0,-,-,0,0,0,0,680,700,-,-
TXO,202610,20261021.0,48300.0,Put,-,-,-,-,3800.0,-,-,0,0,0,0,3760,-,-,-
TXO,202610,20261021.0,48400.0,Call,-,-,-,-,665.0,-,-,0,0,0,0,650,670,1220,1040
TXO,202610,20261021.0,48400.0,Put,-,-,-,-,3870.0,-,-,0,0,0,0,3820,3910,-,-
TXO,202610,20261021.0,48500.0,Call,-,-,-,-,635.0,-,-,8,0,8,2,625,645,1510,630
TXO,202610,20261021.0,48500.0,Put,-,-,-,-,3940.0,-,-,0,0,0,0,3910,3980,-,-
TXO,202610,20261021.0,48600.0,Call,-,-,-,-,610.0,-,-,0,0,0,0,600,620,830,600
TXO,202610,20261021.0,48600.0,Put,-,-,-,-,4020.0,-,-,0,0,0,0,3950,-,-,-
TXO,202610,20261021.0,48700.0,Call,-,-,-,-,585.0,-,-,0,0,0,1,575,595,890,775
TXO,202610,20261021.0,48700.0,Put,-,-,-,-,4090.0,-,-,0,0,0,0,4060,4130,-,-
TXO,202610,20261021.0,48800.0,Call,-,-,-,-,565.0,-,-,0,0,0,1,555,570,1240,630
TXO,202610,20261021.0,48800.0,Put,-,-,-,-,4170.0,-,-,0,0,0,0,4120,-,-,-
TXO,202610,20261021.0,48900.0,Call,387,510,387,510,540.0,▲+19,▲+3.87%,3,13,16,3,530,545,550,387
TXO,202610,20261021.0,48900.0,Put,-,-,-,-,4250.0,-,-,0,0,0,0,4170,4280,-,-
TXO,202610,20261021.0,49000.0,Call,520,520,520,520,520.0,▲+35,▲+7.22%,18,1,19,7,510,525,1300,412
TXO,202610,20261021.0,49000.0,Put,-,-,-,-,4320.0,-,-,0,0,0,4,4290,4360,5700,3520
TXO,202610,20261021.0,49100.0,Call,-,-,-,-,496.0,-,-,0,0,0,0,490,505,-,-
TXO,202610,20261021.0,49100.0,Put,-,-,-,-,4400.0,-,-,0,0,0,0,4350,4440,-,-
TXO,202610,20261021.0,49200.0,Call,346,346,346,346,476.0,▼-103,▼-22.94%,0,1,1,18,468,482,1390,346
TXO,202610,20261021.0,49200.0,Put,-,-,-,-,4480.0,-,-,0,0,0,0,4450,4520,-,-
TXO,202610,20261021.0,49300.0,Call,-,-,-,-,455.0,-,-,0,0,0,4,449,462,1010,1010
TXO,202610,20261021.0,49300.0,Put,-,-,-,-,4560.0,-,-,0,0,0,0,4510,4600,-,-
TXO,202610,20261021.0,49400.0,Call,-,-,-,-,435.0,-,-,0,0,0,5,430,443,990,855
TXO,202610,20261021.0,49400.0,Put,-,-,-,-,4640.0,-,-,0,0,0,0,4610,4680,-,-
TXO,202610,20261021.0,49500.0,Call,-,-,-,-,418.0,-,-,0,0,0,2,411,423,1410,444
TXO,202610,20261021.0,49500.0,Put,-,-,-,-,4720.0,-,-,0,0,0,0,4690,4760,-,-
TXO,202610,20261021.0,49600.0,Call,283,283,283,283,400.0,▼-94,▼-24.93%,0,1,1,1,394,407,283,283
TXO,202610,20261021.0,49600.0,Put,-,-,-,-,4810.0,-,-,0,0,0,0,4760,-,-,-
TXO,202610,20261021.0,49700.0,Call,267,267,267,267,383.0,▼-95,▼-26.24%,0,1,1,1,377,390,940,267
TXO,202610,20261021.0,49700.0,Put,-,-,-,-,4890.0,-,-,0,0,0,0,4810,-,-,-
TXO,202610,20261021.0,49800.0,Call,265,265,265,265,367.0,▼-80,▼-23.19%,0,1,1,2,359,371,575,265
TXO,202610,20261021.0,49800.0,Put,-,-,-,-,4970.0,-,-,0,0,0,0,4940,5010,-,-
TXO,202610,20261021.0,49900.0,Call,265,265,265,265,350.0,▼-66,▼-19.94%,0,1,1,2,346,358,850,265
TXO,202610,20261021.0,49900.0,Put,-,-,-,-,5050.0,-,-,0,0,0,0,5010,-,-,-
TXO,202610,20261021.0,50000.0,Call,260,344,233,344,344.0,▲+20,▲+6.17%,5,21,26,78,330,341,1180,233
TXO,202610,20261021.0,50000.0,Put,-,-,-,-,5140.0,-,-,0,0,0,0,5110,-,-,-
TXO,202610,20261021.0,50100.0,Call,258,258,258,258,321.0,▼-46,▼-15.13%,0,1,1,7,315,326,840,258
TXO,202610,20261021.0,50100.0,Put,-,-,-,-,5220.0,-,-,0,0,0,0,5150,-,-,-
TXO,202610,20261021.0,50200.0,Call,272,272,272,272,308.0,▼-20,▼-6.85%,0,1,1,4,301,311,740,272
TXO,202610,20261021.0,50200.0,Put,-,-,-,-,5310.0,-,-,0,0,0,0,5280,5350,-,-
TXO,202610,20261021.0,50300.0,Call,260,260,260,260,293.0,▼-20,▼-7.14%,0,1,1,5,288,298,750,260
TXO,202610,20261021.0,50300.0,Put,-,-,-,-,5400.0,-,-,0,0,0,0,5360,-,-,-
TXO,202610,20261021.0,50400.0,Call,254,254,254,254,281.0,▼-14,▼-5.22%,0,1,1,6,276,286,311,254
TXO,202610,20261021.0,50400.0,Put,-,-,-,-,5480.0,-,-,0,0,0,0,5440,-,-,-
TXO,202610,20261021.0,50500.0,Call,200,200,190,191,268.0,▼-61,▼-24.21%,0,7,7,33,265,275,890,190
TXO,202610,20261021.0,50500.0,Put,-,-,-,-,5570.0,-,-,0,0,0,0,5540,5610,-,-
TXO,202610,20261021.0,50600.0,Call,-,-,-,-,256.0,-,-,0,0,0,2,252,262,705,254
TXO,202610,20261021.0,50600.0,Put,-,-,-,-,5660.0,-,-,0,0,0,0,5630,5700,-,-
TXO,202610,20261021.0,50700.0,Call,-,-,-,-,246.0,-,-,0,0,0,4,242,252,311,242
TXO,202610,20261021.0,50700.0,Put,-,-,-,-,5750.0,-,-,0,0,0,0,5670,-,-,-
TXO,202610,20261021.0,50800.0,Call,-,-,-,-,235.0,-,-,0,0,0,6,230,239,615,226
TXO,202610,20261021.0,50800.0,Put,-,-,-,-,5840.0,-,-,0,0,0,0,5800,5880,-,-
TXO,202610,20261021.0,50900.0,Call,-,-,-,-,224.0,-,-,0,0,0,5,221,231,795,232
TXO,202610,20261021.0,50900.0,Put,-,-,-,-,5930.0,-,-,0,0,0,0,5890,5970,-,-
TXO,202610,20261021.0,51000.0,Call,155,159,155,159,215.0,▼-56,▼-26.05%,0,10,10,61,211,221,800,155
TXO,202610,20261021.0,51000.0,Put,-,-,-,-,6020.0,-,-,0,0,0,0,5940,6060,-,-
TXO,202610,20261021.0,51100.0,Call,-,-,-,-,205.0,-,-,0,0,0,4,201,210,810,231
TXO,202610,20261021.0,51100.0,Put,-,-,-,-,6110.0,-,-,0,0,0,0,6030,-,-,-
TXO,202610,20261021.0,51200.0,Call,-,-,-,-,197.0,-,-,0,0,0,3,193,202,650,219
TXO,202610,20261021.0,51200.0,Put,-,-,-,-,6200.0,-,-,0,0,0,0,6160,-,-,-
TXO,202610,20261021.0,51300.0,Call,-,-,-,-,187.0,-,-,0,0,0,0,184,193,-,-
TXO,202610,20261021.0,51300.0,Put,-,-,-,-,6290.0,-,-,0,0,0,0,6260,6340,-,-
TXO,202610,20261021.0,51400.0,Call,135,135,135,135,179.0,▼-41,▼-23.30%,0,3,3,6,176,185,515,135
TXO,202610,20261021.0,51400.0,Put,-,-,-,-,6380.0,-,-,0,0,0,0,6350,6420,-,-
TXO,202610,20261021.0,51500.0,Call,126,127,126,127,171.0,▼-42,▼-24.85%,0,2,2,21,168,177,630,126
TXO,202610,20261021.0,51500.0,Put,-,-,-,-,6470.0,-,-,0,0,0,0,6440,-,-,-
TXO,202610,20261021.0,51600.0,Call,124,124,124,124,164.0,▼-37,▼-22.98%,0,3,3,5,160,168,520,124
TXO,202610,20261021.0,51600.0,Put,-,-,-,-,6560.0,-,-,0,0,0,0,6530,-,-,-
TXO,202610,20261021.0,51700.0,Call,-,-,-,-,157.0,-,-,0,0,0,3,153,160,610,277
TXO,202610,20261021.0,51700.0,Put,-,-,-,-,6660.0,-,-,0,0,0,0,6580,-,-,-
TXO,202610,20261021.0,51800.0,Call,103,105,103,105,150.0,▼-42,▼-28.57%,0,4,4,5,146,153,445,103
TXO,202610,20261021.0,51800.0,Put,-,-,-,-,6750.0,-,-,0,0,0,0,6710,-,-,-
TXO,202610,20261021.0,51900.0,Call,-,-,-,-,143.0,-,-,0,0,0,3,140,148,1080,300
TXO,202610,20261021.0,51900.0,Put,-,-,-,-,6840.0,-,-,0,0,0,0,6810,-,-,-
TXO,202610,20261021.0,52000.0,Call,110,138,99,138,138.0,▲+5,▲+3.76%,2,18,20,57,133,141,1020,99
TXO,202610,20261021.0,52000.0,Put,-,-,-,-,6930.0,-,-,0,0,0,0,6860,-,-,-
TXO,202610,20261021.0,52100.0,Call,99,99,99,99,130.0,▼-32,▼-24.43%,0,3,3,3,128,135,495,99
TXO,202610,20261021.0,52100.0,Put,-,-,-,-,7030.0,-,-,0,0,0,0,6970,7070,-,-
TXO,202610,20261021.0,52200.0,Call,95,95,95,95,124.0,▼-30,▼-24.00%,0,3,3,3,121,129,412,95
TXO,202610,20261021.0,52200.0,Put,-,-,-,-,7120.0,-,-,0,0,0,0,7090,7170,-,-
TXO,202610,20261021.0,52300.0,Call,-,-,-,-,119.0,-,-,2,0,2,1,116,123,1000,103
TXO,202610,20261021.0,52300.0,Put,-,-,-,-,7220.0,-,-,0,0,0,0,7130,-,-,-
TXO,202610,20261021.0,52400.0,Call,-,-,-,-,113.0,-,-,0,0,0,1,111,118,865,339
TXO,202610,20261021.0,52400.0,Put,-,-,-,-,7310.0,-,-,0,0,0,0,7230,7360,-,-
TXO,202610,20261021.0,52500.0,Call,-,-,-,-,112.0,-,-,1,0,1,31,106,121,940,62
TXO,202610,20261021.0,52500.0,Put,-,-,-,-,7410.0,-,-,0,0,0,0,7370,-,-,-
TXO,202610,20261021.0,52600.0,Call,-,-,-,-,107.0,-,-,0,0,0,0,101,108,-,-
TXO,202610,20261021.0,52600.0,Put,-,-,-,-,7500.0,-,-,0,0,0,0,7460,7550,-,-
TXO,202610,20261021.0,52700.0,Call,76,76,76,76,102.0,▼-24,▼-24.00%,0,3,3,3,96,102,310,76
TXO,202610,20261021.0,52700.0,Put,-,-,-,-,7600.0,-,-,0,0,0,0,7530,-,-,-
TXO,202610,20261021.0,52800.0,Call,65,65,65,65,98.0,▼-31,▼-32.29%,0,1,1,1,92,99,275,65
TXO,202610,20261021.0,52800.0,Put,-,-,-,-,7690.0,-,-,0,0,0,0,7630,-,-,-
TXO,202610,20261021.0,52900.0,Call,-,-,-,-,93.0,-,-,0,0,0,2,88,94,139,93
TXO,202610,20261021.0,52900.0,Put,-,-,-,-,7790.0,-,-,0,0,0,0,7720,7840,-,-
TXO,202610,20261021.0,53000.0,Call,65,83,61,83,89.0,▼-5,▼-5.68%,1,11,12,24,84,90,379,61
TXO,202610,20261021.0,53000.0,Put,-,-,-,-,7890.0,-,-,0,0,0,0,7810,-,-,-
TXO,202611,20261118.0,38000.0,Call,-,-,-,-,7750.0,-,-,0,0,0,0,7700,7810,-,-
TXO,202611,20261118.0,38000.0,Put,545,545,545,545,463.0,▲+61,▲+12.60%,2,1,3,25,455,471,595,435
TXO,202611,20261118.0,38100.0,Call,-,-,-,-,7660.0,-,-,0,0,0,0,7600,7720,-,-
TXO,202611,20261118.0,38100.0,Put,525,525,525,525,475.0,▲+27,▲+5.42%,0,2,2,2,468,484,525,525
TXO,202611,20261118.0,38200.0,Call,-,-,-,-,7570.0,-,-,0,0,0,0,-,7650,-,-
TXO,202611,20261118.0,38200.0,Put,-,-,-,-,488.0,-,-,0,0,0,0,483,499,-,-
TXO,202611,20261118.0,38300.0,Call,-,-,-,-,7490.0,-,-,0,0,0,0,7440,7550,-,-
TXO,202611,20261118.0,38300.0,Put,555,555,555,555,505.0,▲+30,▲+5.71%,0,1,1,1,490,510,555,555
TXO,202611,20261118.0,38400.0,Call,-,-,-,-,7400.0,-,-,0,0,0,0,-,7460,-,-
TXO,202611,20261118.0,38400.0,Put,-,-,-,-,515.0,-,-,0,0,0,0,505,525,-,-
TXO,202611,20261118.0,38500.0,Call,-,-,-,-,7320.0,-,-,0,0,0,0,7270,7370,-,-
TXO,202611,20261118.0,38500.0,Put,585,585,575,575,530.0,▲+20,▲+3.60%,0,3,3,3,520,540,585,575
TXO,202611,20261118.0,38600.0,Call,-,-,-,-,7230.0,-,-,0,0,0,0,7180,7290,-,-
TXO,202611,20261118.0,38600.0,Put,-,-,-,-,545.0,-,-,0,0,0,0,535,555,-,-
TXO,202611,20261118.0,38700.0,Call,-,-,-,-,7150.0,-,-,0,0,0,0,7100,7190,-,-
TXO,202611,20261118.0,38700.0,Put,-,-,-,-,560.0,-,-,0,0,0,0,550,570,-,-
TXO,202611,20261118.0,38800.0,Call,-,-,-,-,7060.0,-,-,0,0,0,0,7010,7120,-,-
TXO,202611,20261118.0,38800.0,Put,-,-,-,-,575.0,-,-,0,0,0,0,560,580,-,-
TXO,202611,20261118.0,38900.0,Call,-,-,-,-,6980.0,-,-,0,0,0,0,6930,7020,-,-
TXO,202611,20261118.0,38900.0,Put,-,-,-,-,590.0,-,-,0,0,0,0,575,595,-,-
TXO,202611,20261118.0,39000.0,Call,-,-,-,-,6890.0,-,-,0,0,0,0,6830,6950,-,-
TXO,202611,20261118.0,39000.0,Put,-,-,-,-,605.0,-,-,0,0,0,0,595,615,-,-
TXO,202611,20261118.0,39100.0,Call,-,-,-,-,6810.0,-,-,0,0,0,0,6760,6860,-,-
TXO,202611,20261118.0,39100.0,Put,-,-,-,-,620.0,-,-,0,0,0,0,610,630,-,-
TXO,202611,20261118.0,39200.0,Call,-,-,-,-,6720.0,-,-,0,0,0,0,6660,6770,-,-
TXO,202611,20261118.0,39200.0,Put,-,-,-,-,635.0,-,-,0,0,0,0,625,645,-,-
TXO,202611,20261118.0,39300.0,Call,-,-,-,-,6640.0,-,-,0,0,0,0,-,6720,-,-
TXO,202611,20261118.0,39300.0,Put,-,-,-,-,650.0,-,-,0,0,0,0,635,660,-,-
TXO,202611,20261118.0,39400.0,Call,-,-,-,-,6560.0,-,-,0,0,0,0,6500,6630,-,-
TXO,202611,20261118.0,39400.0,Put,-,-,-,-,665.0,-,-,0,0,0,0,650,675,-,-
TXO,202611,20261118.0,39500.0,Call,-,-,-,-,6470.0,-,-,0,0,0,0,-,6530,-,-
TXO,202611,20261118.0,39500.0,Put,-,-,-,-,680.0,-,-,0,0,0,0,675,695,-,-
TXO,202611,20261118.0,39600.0,Call,-,-,-,-,6390.0,-,-,0,0,0,0,6340,6450,-,-
TXO,202611,20261118.0,39600.0,Put,-,-,-,-,700.0,-,-,0,0,0,0,690,710,-,-
TXO,202611,20261118.0,39700.0,Call,-,-,-,-,6310.0,-,-,0,0,0,0,6260,6370,-,-
TXO,202611,20261118.0,39700.0,Put,-,-,-,-,715.0,-,-,0,0,0,0,710,730,-,-
TXO,202611,20261118.0,39800.0,Call,-,-,-,-,6230.0,-,-,0,0,0,0,6180,6300,-,-
TXO,202611,20261118.0,39800.0,Put,-,-,-,-,735.0,-,-,0,0,0,0,720,745,-,-
TXO,202611,20261118.0,39900.0,Call,-,-,-,-,6140.0,-,-,0,0,0,0,6100,6190,-,-
TXO,202611,20261118.0,39900.0,Put,-,-,-,-,750.0,-,-,0,0,0,0,740,765,-,-
TXO,202611,20261118.0,40000.0,Call,-,-,-,-,6070.0,-,-,0,0,0,0,-,6150,-,-
TXO,202611,20261118.0,40000.0,Put,-,-,-,-,770.0,-,-,0,0,0,1,755,780,785,785
TXO,202611,20261118.0,40100.0,Call,-,-,-,-,5990.0,-,-,0,0,0,0,-,6040,-,-
TXO,202611,20261118.0,40100.0,Put,-,-,-,-,790.0,-,-,0,0,0,0,780,805,-,-
TXO,202611,20261118.0,40200.0,Call,-,-,-,-,5900.0,-,-,0,0,0,0,5850,5960,-,-
TXO,202611,20261118.0,40200.0,Put,-,-,-,-,805.0,-,-,0,0,0,0,795,820,-,-
TXO,202611,20261118.0,40300.0,Call,-,-,-,-,5820.0,-,-,0,0,0,0,-,5880,-,-
TXO,202611,20261118.0,40300.0,Put,-,-,-,-,825.0,-,-,0,0,0,0,815,840,-,-
TXO,202611,20261118.0,40400.0,Call,-,-,-,-,5740.0,-,-,0,0,0,0,5690,5790,-,-
TXO,202611,20261118.0,40400.0,Put,-,-,-,-,845.0,-,-,0,0,0,0,835,860,-,-
TXO,202611,20261118.0,40500.0,Call,-,-,-,-,5660.0,-,-,0,0,0,0,5610,5710,-,-
TXO,202611,20261118.0,40500.0,Put,-,-,-,-,865.0,-,-,0,0,0,0,855,880,-,-
TXO,202611,20261118.0,40600.0,Call,-,-,-,-,5590.0,-,-,0,0,0,0,5540,5630,-,-
TXO,202611,20261118.0,40600.0,Put,-,-,-,-,890.0,-,-,0,0,0,0,880,905,-,-
TXO,202611,20261118.0,40700.0,Call,-,-,-,-,5510.0,-,-,0,0,0,0,5460,5560,-,-
TXO,202611,20261118.0,40700.0,Put,-,-,-,-,915.0,-,-,0,0,0,1,900,925,930,930
TXO,202611,20261118.0,40800.0,Call,-,-,-,-,5430.0,-,-,0,0,0,0,5380,5490,-,-
TXO,202611,20261118.0,40800.0,Put,-,-,-,-,930.0,-,-,0,0,0,0,920,945,-,-
TXO,202611,20261118.0,40900.0,Call,-,-,-,-,5350.0,-,-,0,0,0,0,5290,5410,-,-
TXO,202611,20261118.0,40900.0,Put,-,-,-,-,950.0,-,-,0,0,0,0,940,965,-,-
TXO,202611,20261118.0,41000.0,Call,-,-,-,-,5280.0,-,-,0,0,0,0,5220,5330,-,-
TXO,202611,20261118.0,41000.0,Put,-,-,-,-,975.0,-,-,0,0,0,1,965,990,990,990
TXO,202611,20261118.0,41100.0,Call,-,-,-,-,5200.0,-,-,0,0,0,0,5150,5270,-,-
TXO,202611,20261118.0,41100.0,Put,-,-,-,-,1000.0,-,-,0,0,0,0,980,1010,-,-
TXO,202611,20261118.0,41200.0,Call,-,-,-,-,5120.0,-,-,0,0,0,0,5060,5180,-,-
TXO,202611,20261118.0,41200.0,Put,-,-,-,-,1020.0,-,-,0,0,0,0,1010,1040,-,-
TXO,202611,20261118.0,41300.0,Call,-,-,-,-,5040.0,-,-,0,0,0,0,5000,5100,-,-
TXO,202611,20261118.0,41300.0,Put,-,-,-,-,1040.0,-,-,0,0,0,0,1030,1060,-,-
TXO,202611,20261118.0,41400.0,Call,-,-,-,-,4970.0,-,-,0,0,0,0,4920,5010,-,-
TXO,202611,20261118.0,41400.0,Put,-,-,-,-,1070.0,-,-,0,0,0,0,1060,1090,-,-
TXO,202611,20261118.0,41500.0,Call,-,-,-,-,4890.0,-,-,0,0,0,0,4840,4950,-,-
TXO,202611,20261118.0,41500.0,Put,-,-,-,-,1090.0,-,-,0,0,0,7,1080,1110,1040,1040
TXO,202611,20261118.0,41600.0,Call,-,-,-,-,4820.0,-,-,0,0,0,0,4770,4860,-,-
TXO,202611,20261118.0,41600.0,Put,-,-,-,-,1120.0,-,-,0,0,0,0,1110,1140,-,-
TXO,202611,20261118.0,41700.0,Call,-,-,-,-,4740.0,-,-,0,0,0,0,4700,4800,-,-
TXO,202611,20261118.0,41700.0,Put,-,-,-,-,1140.0,-,-,0,0,0,0,1130,1160,-,-
TXO,202611,20261118.0,41800.0,Call,-,-,-,-,4670.0,-,-,0,0,0,0,4610,4730,-,-
TXO,202611,20261118.0,41800.0,Put,-,-,-,-,1170.0,-,-,0,0,0,0,1160,1190,-,-
TXO,202611,20261118.0,41900.0,Call,-,-,-,-,4590.0,-,-,0,0,0,0,4550,4650,-,-
TXO,202611,20261118.0,41900.0,Put,-,-,-,-,1190.0,-,-,0,0,0,0,1180,1210,-,-
TXO,202611,20261118.0,42000.0,Call,-,-,-,-,4520.0,-,-,0,0,0,0,4480,4570,-,-
TXO,202611,20261118.0,42000.0,Put,-,-,-,-,1220.0,-,-,0,0,0,0,1210,1240,-,-
TXO,202611,20261118.0,42100.0,Call,-,-,-,-,4450.0,-,-,0,0,0,0,4400,4500,-,-
TXO,202611,20261118.0,42100.0,Put,-,-,-,-,1250.0,-,-,0,0,0,0,1240,1270,-,-
TXO,202611,20261118.0,42200.0,Call,-,-,-,-,4380.0,-,-,0,0,0,0,4320,4440,-,-
TXO,202611,20261118.0,42200.0,Put,-,-,-,-,1280.0,-,-,0,0,0,0,1270,1300,-,-
TXO,202611,20261118.0,42300.0,Call,-,-,-,-,4300.0,-,-,0,0,0,0,4260,4370,-,-
TXO,202611,20261118.0,42300.0,Put,-,-,-,-,1300.0,-,-,0,0,0,0,1300,1330,-,-
TXO,202611,20261118.0,42400.0,Call,-,-,-,-,4240.0,-,-,0,0,0,0,4210,4270,-,-
TXO,202611,20261118.0,42400.0,Put,-,-,-,-,1330.0,-,-,0,0,0,0,1320,1350,-,-
TXO,202611,20261118.0,42500.0,Call,-,-,-,-,4170.0,-,-,0,0,0,0,4140,4200,-,-
TXO,202611,20261118.0,42500.0,Put,-,-,-,-,1360.0,-,-,0,0,0,0,1350,1380,-,-
TXO,202611,20261118.0,42600.0,Call,-,-,-,-,4100.0,-,-,0,0,0,0,4070,4130,-,-
TXO,202611,20261118.0,42600.0,Put,-,-,-,-,1390.0,-,-,0,0,0,0,1380,1410,-,-
TXO,202611,20261118.0,42700.0,Call,-,-,-,-,4030.0,-,-,0,0,0,0,4000,4060,-,-
TXO,202611,20261118.0,42700.0,Put,-,-,-,-,1420.0,-,-,0,0,0,1,1410,1440,1620,1620
TXO,202611,20261118.0,42800.0,Call,-,-,-,-,3960.0,-,-,0,0,0,0,3930,3990,-,-
TXO,202611,20261118.0,42800.0,Put,-,-,-,-,1450.0,-,-,0,0,0,0,1450,1480,-,-
TXO,202611,20261118.0,42900.0,Call,-,-,-,-,3890.0,-,-,0,0,0,0,3860,3920,-,-
TXO,202611,20261118.0,42900.0,Put,-,-,-,-,1490.0,-,-,0,0,0,0,1480,1510,-,-
TXO,202611,20261118.0,43000.0,Call,-,-,-,-,3830.0,-,-,0,0,0,0,3800,3860,-,-
TXO,202611,20261118.0,43000.0,Put,-,-,-,-,1520.0,-,-,0,0,0,0,1510,1540,-,-
TXO,202611,20261118.0,43100.0,Call,-,-,-,-,3760.0,-,-,0,0,0,0,3730,3790,-,-
TXO,202611,20261118.0,43100.0,Put,-,-,-,-,1550.0,-,-,0,0,0,0,1540,1570,-,-
TXO,202611,20261118.0,43200.0,Call,-,-,-,-,3690.0,-,-,0,0,0,0,3660,3710,-,-
TXO,202611,20261118.0,43200.0,Put,-,-,-,-,1590.0,-,-,0,0,0,0,1580,1610,-,-
TXO,202611,20261118.0,43300.0,Call,-,-,-,-,3630.0,-,-,0,0,0,0,3600,3660,-,-
TXO,202611,20261118.0,43300.0,Put,-,-,-,-,1620.0,-,-,0,0,0,0,1610,1640,-,-
TXO,202611,20261118.0,43400.0,Call,-,-,-,-,3560.0,-,-,0,0,0,0,3530,3580,-,-
TXO,202611,20261118.0,43400.0,Put,-,-,-,-,1650.0,-,-,0,0,0,0,1640,1670,-,-
TXO,202611,20261118.0,43500.0,Call,-,-,-,-,3500.0,-,-,0,0,0,0,3470,3520,-,-
TXO,202611,20261118.0,43500.0,Put,-,-,-,-,1690.0,-,-,0,0,0,0,1680,1710,-,-
TXO,202611,20261118.0,43600.0,Call,-,-,-,-,3430.0,-,-,0,0,0,0,3410,3470,-,-
TXO,202611,20261118.0,43600.0,Put,-,-,-,-,1720.0,-,-,0,0,0,0,1710,1750,-,-
TXO,202611,20261118.0,43700.0,Call,-,-,-,-,3370.0,-,-,0,0,0,0,3340,3390,-,-
TXO,202611,20261118.0,43700.0,Put,-,-,-,-,1760.0,-,-,0,0,0,0,1750,1780,-,-
TXO,202611,20261118.0,43800.0,Call,-,-,-,-,3310.0,-,-,0,0,0,0,3280,3330,-,-
TXO,202611,20261118.0,43800.0,Put,-,-,-,-,1800.0,-,-,0,0,0,0,1790,1820,-,-
TXO,202611,20261118.0,43900.0,Call,-,-,-,-,3240.0,-,-,0,0,0,0,3220,3270,-,-
TXO,202611,20261118.0,43900.0,Put,-,-,-,-,1830.0,-,-,0,0,0,1,1820,1850,1930,1930
TXO,202611,20261118.0,44000.0,Call,-,-,-,-,3180.0,-,-,0,0,0,0,3160,3210,-,-
TXO,202611,20261118.0,44000.0,Put,-,-,-,-,1870.0,-,-,0,0,0,2,1860,1890,2100,2090
TXO,202611,20261118.0,44100.0,Call,-,-,-,-,3120.0,-,-,0,0,0,0,3100,3150,-,-
TXO,202611,20261118.0,44100.0,Put,-,-,-,-,1910.0,-,-,0,0,0,0,1900,1940,-,-
TXO,202611,20261118.0,44200.0,Call,-,-,-,-,3060.0,-,-,0,0,0,0,3040,3090,-,-
TXO,202611,20261118.0,44200.0,Put,-,-,-,-,1950.0,-,-,0,0,0,0,1940,1980,-,-
TXO,202611,20261118.0,44300.0,Call,-,-,-,-,3000.0,-,-,0,0,0,0,2980,3030,-,-
TXO,202611,20261118.0,44300.0,Put,-,-,-,-,1990.0,-,-,0,0,0,1,1980,2010,1870,1870
TXO,202611,20261118.0,44400.0,Call,-,-,-,-,2940.0,-,-,0,0,0,0,2920,2970,-,-
TXO,202611,20261118.0,44400.0,Put,-,-,-,-,2030.0,-,-,0,0,0,0,2020,2060,-,-
TXO,202611,20261118.0,44500.0,Call,-,-,-,-,2880.0,-,-,0,0,0,0,2860,2910,-,-
TXO,202611,20261118.0,44500.0,Put,-,-,-,-,2070.0,-,-,0,0,0,0,2060,2100,-,-
TXO,202611,20261118.0,44600.0,Call,-,-,-,-,2830.0,-,-,0,0,0,0,2800,2850,-,-
TXO,202611,20261118.0,44600.0,Put,-,-,-,-,2110.0,-,-,0,0,0,0,2100,2140,-,-
TXO,202611,20261118.0,44700.0,Call,-,-,-,-,2770.0,-,-,0,0,0,0,2750,2800,-,-
TXO,202611,20261118.0,44700.0,Put,-,-,-,-,2160.0,-,-,0,0,0,0,2140,2180,-,-
TXO,202611,20261118.0,44800.0,Call,-,-,-,-,2720.0,-,-,0,0,0,0,2690,2740,-,-
TXO,202611,20261118.0,44800.0,Put,-,-,-,-,2200.0,-,-,0,0,0,0,2190,2230,-,-
TXO,202611,20261118.0,44900.0,Call,-,-,-,-,2650.0,-,-,0,0,0,0,2630,2680,-,-
TXO,202611,20261118.0,44900.0,Put,-,-,-,-,2240.0,-,-,0,0,0,0,2230,2270,-,-
TXO,202611,20261118.0,45000.0,Call,-,-,-,-,2600.0,-,-,0,0,0,0,2580,2630,-,-
TXO,202611,20261118.0,45000.0,Put,-,-,-,-,2280.0,-,-,0,0,0,1,2280,2310,2580,2580
TXO,202611,20261118.0,45100.0,Call,-,-,-,-,2550.0,-,-,0,0,0,0,2520,2570,-,-
TXO,202611,20261118.0,45100.0,Put,-,-,-,-,2330.0,-,-,0,0,0,0,2320,2360,-,-
TXO,202611,20261118.0,45200.0,Call,-,-,-,-,2490.0,-,-,0,0,0,0,2470,2520,-,-
TXO,202611,20261118.0,45200.0,Put,-,-,-,-,2370.0,-,-,0,0,0,0,2360,2400,-,-
TXO,202611,20261118.0,45300.0,Call,-,-,-,-,2440.0,-,-,0,0,0,0,2420,2470,-,-
TXO,202611,20261118.0,45300.0,Put,-,-,-,-,2420.0,-,-,0,0,0,0,2410,2450,-,-
TXO,202611,20261118.0,45400.0,Call,-,-,-,-,2390.0,-,-,0,0,0,0,2360,2400,-,-
TXO,202611,20261118.0,45400.0,Put,-,-,-,-,2480.0,-,-,0,0,0,4,2460,2490,2790,2740
TXO,202611,20261118.0,45500.0,Call,-,-,-,-,2340.0,-,-,0,0,0,0,2310,2350,-,-
TXO,202611,20261118.0,45500.0,Put,-,-,-,-,2530.0,-,-,0,0,0,2,2500,2540,2800,2800
TXO,202611,20261118.0,45600.0,Call,-,-,-,-,2290.0,-,-,0,0,0,0,2260,2300,-,-
TXO,202611,20261118.0,45600.0,Put,-,-,-,-,2580.0,-,-,0,0,0,0,2540,2590,-,-
TXO,202611,20261118.0,45700.0,Call,-,-,-,-,2240.0,-,-,0,0,0,0,2210,2250,-,-
TXO,202611,20261118.0,45700.0,Put,-,-,-,-,2630.0,-,-,0,0,0,0,2600,2650,-,-
TXO,202611,20261118.0,45800.0,Call,-,-,-,-,2190.0,-,-,0,0,0,0,2160,2200,-,-
TXO,202611,20261118.0,45800.0,Put,-,-,-,-,2680.0,-,-,0,0,0,0,2650,2700,-,-
TXO,202611,20261118.0,45900.0,Call,-,-,-,-,2140.0,-,-,0,0,0,0,2110,2150,-,-
TXO,202611,20261118.0,45900.0,Put,-,-,-,-,2730.0,-,-,0,0,0,0,2700,2750,-,-
TXO,202611,20261118.0,46000.0,Call,-,-,-,-,2090.0,-,-,0,0,0,0,2060,2100,-,-
TXO,202611,20261118.0,46000.0,Put,-,-,-,-,2770.0,-,-,0,0,0,1,2750,2790,2800,2800
TXO,202611,20261118.0,46100.0,Call,-,-,-,-,2040.0,-,-,0,0,0,0,2020,2060,-,-
TXO,202611,20261118.0,46100.0,Put,-,-,-,-,2820.0,-,-,0,0,0,0,2800,2850,-,-
TXO,202611,20261118.0,46200.0,Call,-,-,-,-,1990.0,-,-,0,0,0,0,1970,2010,-,-
TXO,202611,20261118.0,46200.0,Put,-,-,-,-,2870.0,-,-,0,0,0,0,2850,2900,-,-
TXO,202611,20261118.0,46300.0,Call,-,-,-,-,1950.0,-,-,0,0,0,0,1920,1960,-,-
TXO,202611,20261118.0,46300.0,Put,-,-,-,-,2930.0,-,-,0,0,0,0,2900,2950,-,-
TXO,202611,20261118.0,46400.0,Call,-,-,-,-,1900.0,-,-,0,0,0,0,1880,1910,-,-
TXO,202611,20261118.0,46400.0,Put,-,-,-,-,2980.0,-,-,0,0,0,0,2960,3010,-,-
TXO,202611,20261118.0,46500.0,Call,-,-,-,-,1850.0,-,-,0,0,0,0,1830,1870,-,-
TXO,202611,20261118.0,46500.0,Put,-,-,-,-,3030.0,-,-,0,0,0,0,3010,3060,-,-
TXO,202611,20261118.0,46600.0,Call,-,-,-,-,1810.0,-,-,0,0,0,0,1790,1820,-,-
TXO,202611,20261118.0,46600.0,Put,-,-,-,-,3090.0,-,-,0,0,0,0,3070,3120,-,-
TXO,202611,20261118.0,46700.0,Call,-,-,-,-,1770.0,-,-,0,0,0,0,1740,1780,-,-
TXO,202611,20261118.0,46700.0,Put,-,-,-,-,3150.0,-,-,0,0,0,0,3120,3170,-,-
TXO,202611,20261118.0,46800.0,Call,-,-,-,-,1720.0,-,-,0,0,0,1,1700,1730,1620,1620
TXO,202611,20261118.0,46800.0,Put,-,-,-,-,3200.0,-,-,0,0,0,0,3180,3230,-,-
TXO,202611,20261118.0,46900.0,Call,-,-,-,-,1680.0,-,-,0,0,0,0,1660,1690,-,-
TXO,202611,20261118.0,46900.0,Put,-,-,-,-,3260.0,-,-,0,0,0,0,3240,3290,-,-
TXO,202611,20261118.0,47000.0,Call,-,-,-,-,1640.0,-,-,0,0,0,0,1620,1650,-,-
TXO,202611,20261118.0,47000.0,Put,-,-,-,-,3310.0,-,-,0,0,0,1,3300,3340,3820,3820
TXO,202611,20261118.0,47100.0,Call,-,-,-,-,1600.0,-,-,0,0,0,0,1570,1610,-,-
TXO,202611,20261118.0,47100.0,Put,-,-,-,-,3370.0,-,-,0,0,0,0,3350,3410,-,-
TXO,202611,20261118.0,47200.0,Call,-,-,-,-,1560.0,-,-,0,0,0,0,1530,1570,-,-
TXO,202611,20261118.0,47200.0,Put,-,-,-,-,3430.0,-,-,0,0,0,0,3410,3460,-,-
TXO,202611,20261118.0,47300.0,Call,-,-,-,-,1520.0,-,-,0,0,0,0,1490,1530,-,-
TXO,202611,20261118.0,47300.0,Put,-,-,-,-,3490.0,-,-,0,0,0,0,3470,3530,-,-
TXO,202611,20261118.0,47400.0,Call,-,-,-,-,1480.0,-,-,0,0,0,0,1460,1490,-,-
TXO,202611,20261118.0,47400.0,Put,-,-,-,-,3550.0,-,-,0,0,0,0,3530,3590,-,-
TXO,202611,20261118.0,47500.0,Call,-,-,-,-,1440.0,-,-,0,0,0,0,1420,1450,-,-
TXO,202611,20261118.0,47500.0,Put,-,-,-,-,3610.0,-,-,0,0,0,0,3590,3650,-,-
TXO,202611,20261118.0,47600.0,Call,-,-,-,-,1400.0,-,-,0,0,0,0,1380,1410,-,-
TXO,202611,20261118.0,47600.0,Put,-,-,-,-,3670.0,-,-,0,0,0,0,3660,3710,-,-
TXO,202611,20261118.0,47700.0,Call,-,-,-,-,1360.0,-,-,0,0,0,0,1340,1370,-,-
TXO,202611,20261118.0,47700.0,Put,-,-,-,-,3730.0,-,-,0,0,0,0,3710,3770,-,-
TXO,202611,20261118.0,47800.0,Call,-,-,-,-,1330.0,-,-,0,0,0,0,1310,1340,-,-
TXO,202611,20261118.0,47800.0,Put,-,-,-,-,3800.0,-,-,0,0,0,0,3770,3830,-,-
TXO,202611,20261118.0,47900.0,Call,-,-,-,-,1290.0,-,-,0,0,0,0,1270,1300,-,-
TXO,202611,20261118.0,47900.0,Put,-,-,-,-,3860.0,-,-,0,0,0,0,3850,3900,-,-
TXO,202611,20261118.0,48000.0,Call,-,-,-,-,1260.0,-,-,0,0,0,0,1240,1270,-,-
TXO,202611,20261118.0,48000.0,Put,-,-,-,-,3930.0,-,-,0,0,0,1,3910,3960,4280,4280
TXO,202611,20261118.0,48100.0,Call,-,-,-,-,1220.0,-,-,0,0,0,0,1200,1230,-,-
TXO,202611,20261118.0,48100.0,Put,-,-,-,-,3990.0,-,-,0,0,0,0,3970,4030,-,-
TXO,202611,20261118.0,48200.0,Call,-,-,-,-,1190.0,-,-,0,0,0,0,1170,1200,-,-
TXO,202611,20261118.0,48200.0,Put,-,-,-,-,4060.0,-,-,0,0,0,0,4030,4090,-,-
TXO,202611,20261118.0,48300.0,Call,-,-,-,-,1160.0,-,-,0,0,0,0,1130,1160,-,-
TXO,202611,20261118.0,48300.0,Put,-,-,-,-,4130.0,-,-,0,0,0,0,4100,4160,-,-
TXO,202611,20261118.0,48400.0,Call,-,-,-,-,1120.0,-,-,0,0,0,0,1100,1130,-,-
TXO,202611,20261118.0,48400.0,Put,-,-,-,-,4190.0,-,-,0,0,0,0,4170,4230,-,-
TXO,202611,20261118.0,48500.0,Call,-,-,-,-,1090.0,-,-,0,0,0,0,1070,1100,-,-
TXO,202611,20261118.0,48500.0,Put,-,-,-,-,4260.0,-,-,0,0,0,0,4230,4300,-,-
TXO,202611,20261118.0,48600.0,Call,-,-,-,-,1060.0,-,-,0,0,0,0,1040,1070,-,-
TXO,202611,20261118.0,48600.0,Put,-,-,-,-,4330.0,-,-,0,0,0,0,4310,4370,-,-
TXO,202611,20261118.0,48700.0,Call,-,-,-,-,1030.0,-,-,0,0,0,0,1010,1040,-,-
TXO,202611,20261118.0,48700.0,Put,-,-,-,-,4400.0,-,-,0,0,0,0,4370,4430,-,-
TXO,202611,20261118.0,48800.0,Call,-,-,-,-,1000.0,-,-,0,0,0,0,985,1010,-,-
TXO,202611,20261118.0,48800.0,Put,-,-,-,-,4470.0,-,-,0,0,0,0,4440,4510,-,-
TXO,202611,20261118.0,48900.0,Call,-,-,-,-,975.0,-,-,0,0,0,0,955,980,-,-
TXO,202611,20261118.0,48900.0,Put,-,-,-,-,4540.0,-,-,0,0,0,0,-,-,-,-
TXO,202611,20261118.0,49000.0,Call,-,-,-,-,940.0,-,-,0,0,0,0,920,950,-,-
TXO,202611,20261118.0,49000.0,Put,-,-,-,-,4610.0,-,-,0,0,0,1,4570,4670,4900,4900
TXO,202611,20261118.0,49100.0,Call,-,-,-,-,910.0,-,-,0,0,0,0,900,925,-,-
TXO,202611,20261118.0,49100.0,Put,-,-,-,-,4680.0,-,-,0,0,0,0,4620,4740,-,-
TXO,202611,20261118.0,49200.0,Call,-,-,-,-,885.0,-,-,0,0,0,0,870,895,-,-
TXO,202611,20261118.0,49200.0,Put,-,-,-,-,4750.0,-,-,0,0,0,0,4690,4820,-,-
TXO,202611,20261118.0,49300.0,Call,-,-,-,-,860.0,-,-,0,0,0,0,845,870,-,-
TXO,202611,20261118.0,49300.0,Put,-,-,-,-,4830.0,-,-,0,0,0,0,4790,4890,-,-
TXO,202611,20261118.0,49400.0,Call,-,-,-,-,835.0,-,-,0,0,0,0,820,845,-,-
TXO,202611,20261118.0,49400.0,Put,-,-,-,-,4900.0,-,-,0,0,0,0,4860,4960,-,-
TXO,202611,20261118.0,49500.0,Call,-,-,-,-,810.0,-,-,0,0,0,0,795,820,-,-
TXO,202611,20261118.0,49500.0,Put,-,-,-,-,4980.0,-,-,0,0,0,0,4930,5040,-,-
TXO,202611,20261118.0,49600.0,Call,-,-,-,-,785.0,-,-,0,0,0,0,770,795,-,-
TXO,202611,20261118.0,49600.0,Put,-,-,-,-,5050.0,-,-,0,0,0,0,5010,5110,-,-
TXO,202611,20261118.0,49700.0,Call,-,-,-,-,760.0,-,-,0,0,0,0,745,770,-,-
TXO,202611,20261118.0,49700.0,Put,-,-,-,-,5130.0,-,-,0,0,0,0,5060,5190,-,-
TXO,202611,20261118.0,49800.0,Call,-,-,-,-,740.0,-,-,0,0,0,0,725,750,-,-
TXO,202611,20261118.0,49800.0,Put,-,-,-,-,5200.0,-,-,0,0,0,0,5140,5260,-,-
TXO,202611,20261118.0,49900.0,Call,-,-,-,-,720.0,-,-,0,0,0,0,700,725,-,-
TXO,202611,20261118.0,49900.0,Put,-,-,-,-,5280.0,-,-,0,0,0,0,5240,5340,-,-
TXO,202611,20261118.0,50000.0,Call,-,-,-,-,695.0,-,-,1,0,1,1,680,705,655,655
TXO,202611,20261118.0,50000.0,Put,-,-,-,-,5360.0,-,-,0,0,0,1,5320,5470,5850,5850
TXO,202611,20261118.0,50100.0,Call,-,-,-,-,675.0,-,-,0,0,0,0,660,685,-,-
TXO,202611,20261118.0,50100.0,Put,-,-,-,-,5440.0,-,-,0,0,0,0,5390,5500,-,-
TXO,202611,20261118.0,50200.0,Call,-,-,-,-,655.0,-,-,0,0,0,0,635,655,-,-
TXO,202611,20261118.0,50200.0,Put,-,-,-,-,5510.0,-,-,0,0,0,0,5450,5580,-,-
TXO,202611,20261118.0,50300.0,Call,-,-,-,-,635.0,-,-,0,0,0,0,615,640,-,-
TXO,202611,20261118.0,50300.0,Put,-,-,-,-,5590.0,-,-,0,0,0,0,5540,5650,-,-
TXO,202611,20261118.0,50400.0,Call,-,-,-,-,610.0,-,-,0,0,0,1,595,615,610,610
TXO,202611,20261118.0,50400.0,Put,-,-,-,-,5670.0,-,-,0,0,0,0,5630,5730,-,-
TXO,202611,20261118.0,50500.0,Call,-,-,-,-,590.0,-,-,0,0,0,1,580,600,610,610
TXO,202611,20261118.0,50500.0,Put,-,-,-,-,5750.0,-,-,0,0,0,0,5700,5810,-,-
TXO,202611,20261118.0,50600.0,Call,-,-,-,-,575.0,-,-,0,0,0,0,560,580,-,-
TXO,202611,20261118.0,50600.0,Put,-,-,-,-,5830.0,-,-,0,0,0,0,5800,5900,-,-
TXO,202611,20261118.0,50700.0,Call,-,-,-,-,555.0,-,-,0,0,0,1,540,560,625,625
TXO,202611,20261118.0,50700.0,Put,-,-,-,-,5910.0,-,-,0,0,0,0,5850,5980,-,-
TXO,202611,20261118.0,50800.0,Call,-,-,-,-,535.0,-,-,0,0,0,1,525,545,585,585
TXO,202611,20261118.0,50800.0,Put,-,-,-,-,6000.0,-,-,0,0,0,0,5940,6060,-,-
TXO,202611,20261118.0,50900.0,Call,-,-,-,-,520.0,-,-,0,0,0,0,505,525,-,-
TXO,202611,20261118.0,50900.0,Put,-,-,-,-,6080.0,-,-,0,0,0,0,6020,6140,-,-
TXO,202611,20261118.0,51000.0,Call,-,-,-,-,500.0,-,-,0,0,0,0,493,510,-,-
TXO,202611,20261118.0,51000.0,Put,-,-,-,-,6160.0,-,-,0,0,0,0,6120,-,-,-
TXO,202611,20261118.0,51100.0,Call,-,-,-,-,486.0,-,-,1,0,1,1,475,492,400,400
TXO,202611,20261118.0,51100.0,Put,-,-,-,-,6240.0,-,-,0,0,0,0,6190,6310,-,-
TXO,202611,20261118.0,51200.0,Call,-,-,-,-,469.0,-,-,0,0,0,0,461,478,-,-
TXO,202611,20261118.0,51200.0,Put,-,-,-,-,6330.0,-,-,0,0,0,0,6270,6380,-,-
TXO,202611,20261118.0,51300.0,Call,-,-,-,-,454.0,-,-,0,0,0,0,446,462,-,-
TXO,202611,20261118.0,51300.0,Put,-,-,-,-,6410.0,-,-,0,0,0,0,6360,6480,-,-
TXO,202611,20261118.0,51400.0,Call,-,-,-,-,439.0,-,-,0,0,0,0,431,447,-,-
TXO,202611,20261118.0,51400.0,Put,-,-,-,-,6500.0,-,-,0,0,0,0,6440,6560,-,-
TXO,202611,20261118.0,51500.0,Call,-,-,-,-,425.0,-,-,0,0,0,4,415,430,460,421
TXO,202611,20261118.0,51500.0,Put,-,-,-,-,6580.0,-,-,0,0,0,0,6530,6640,-,-
TXO,202611,20261118.0,51600.0,Call,-,-,-,-,412.0,-,-,0,0,0,0,402,416,-,-
TXO,202611,20261118.0,51600.0,Put,-,-,-,-,6670.0,-,-,0,0,0,0,6610,6720,-,-
TXO,202611,20261118.0,51700.0,Call,311,360,311,360,399.0,▼-30,▼-7.69%,0,2,2,15,390,405,439,311
TXO,202611,20261118.0,51700.0,Put,-,-,-,-,6750.0,-,-,0,0,0,0,6700,6820,-,-
TXO,202611,20261118.0,51800.0,Call,316,316,316,316,386.0,▼-56,▼-15.05%,0,1,1,1,376,391,316,316
TXO,202611,20261118.0,51800.0,Put,-,-,-,-,6840.0,-,-,0,0,0,0,6790,6910,-,-
TXO,202611,20261118.0,51900.0,Call,310,310,310,310,373.0,▼-50,▼-13.89%,0,1,1,1,364,378,310,310
TXO,202611,20261118.0,51900.0,Put,-,-,-,-,6930.0,-,-,0,0,0,0,6870,6980,-,-
TXO,202611,20261118.0,52000.0,Call,272,272,272,272,361.0,▼-69,▼-20.23%,1,1,2,2,352,365,336,272
TXO,202611,20261118.0,52000.0,Put,-,-,-,-,7020.0,-,-,0,0,0,0,6960,7080,-,-
TXO,202611,20261118.0,52100.0,Call,272,309,272,309,349.0,▼-28,▼-8.31%,0,5,5,6,341,355,379,272
TXO,202611,20261118.0,52100.0,Put,-,-,-,-,7100.0,-,-,0,0,0,0,7070,7160,-,-
TXO,202612,20261216.0,25200.0,Call,-,-,-,-,20130.0,-,-,0,0,0,2,20090,20400,22620,13580
TXO,202612,20261216.0,25200.0,Put,61,61,61,61,56.0,▲+6,▲+10.91%,0,3,3,181,51,60,985,55
TXO,202612,20261216.0,25400.0,Call,-,-,-,-,19940.0,-,-,0,0,0,0,19870,20160,-,-
TXO,202612,20261216.0,25400.0,Put,-,-,-,-,57.0,-,-,0,0,0,6,52,61,610,84
TXO,202612,20261216.0,25600.0,Call,-,-,-,-,19740.0,-,-,0,0,0,0,19670,19960,-,-
TXO,202612,20261216.0,25600.0,Put,-,-,-,-,59.0,-,-,0,0,0,12,54,63,750,86
TXO,202612,20261216.0,25800.0,Call,-,-,-,-,19540.0,-,-,0,0,0,0,19480,19770,-,-
TXO,202612,20261216.0,25800.0,Put,-,-,-,-,61.0,-,-,0,0,0,6,56,66,505,75
TXO,202612,20261216.0,26000.0,Call,-,-,-,-,19340.0,-,-,0,0,0,1,19280,19570,17230,7550
TXO,202612,20261216.0,26000.0,Put,-,-,-,-,62.0,-,-,0,0,0,67,57,67,1390,76
TXO,202612,20261216.0,26200.0,Call,-,-,-,-,19150.0,-,-,0,0,0,0,19080,19380,-,-
TXO,202612,20261216.0,26200.0,Put,-,-,-,-,65.0,-,-,0,0,0,8,59,69,1430,175
TXO,202612,20261216.0,26400.0,Call,-,-,-,-,18950.0,-,-,0,0,0,0,18890,19190,-,-
TXO,202612,20261216.0,26400.0,Put,-,-,-,-,66.0,-,-,0,0,0,13,60,70,1250,80
TXO,202612,20261216.0,26600.0,Call,-,-,-,-,18750.0,-,-,0,0,0,0,18690,18990,-,-
TXO,202612,20261216.0,26600.0,Put,-,-,-,-,68.0,-,-,0,0,0,2,62,73,765,82
TXO,202612,20261216.0,26800.0,Call,-,-,-,-,18560.0,-,-,0,0,0,0,18500,18770,-,-
TXO,202612,20261216.0,26800.0,Put,-,-,-,-,70.0,-,-,0,0,0,2,64,75,1500,106
TXO,202612,20261216.0,27000.0,Call,-,-,-,-,18360.0,-,-,0,0,0,1,18310,18600,18990,7500
TXO,202612,20261216.0,27000.0,Put,-,-,-,-,72.0,-,-,0,0,0,7,66,77,1590,88
TXO,202612,20261216.0,27200.0,Call,-,-,-,-,18160.0,-,-,0,0,0,0,18100,18380,-,-
TXO,202612,20261216.0,27200.0,Put,-,-,-,-,74.0,-,-,0,0,0,1,68,79,710,215
TXO,202612,20261216.0,27400.0,Call,-,-,-,-,17970.0,-,-,0,0,0,0,17910,18170,-,-
TXO,202612,20261216.0,27400.0,Put,-,-,-,-,76.0,-,-,0,0,0,16,70,81,1580,98
TXO,202612,20261216.0,27600.0,Call,-,-,-,-,17770.0,-,-,0,0,0,0,17710,17980,-,-
TXO,202612,20261216.0,27600.0,Put,-,-,-,-,78.0,-,-,0,0,0,6,72,83,1300,100
TXO,202612,20261216.0,27800.0,Call,-,-,-,-,17570.0,-,-,0,0,0,0,17510,17790,-,-
TXO,202612,20261216.0,27800.0,Put,87,87,87,87,80.0,▲+8,▲+10.13%,0,1,1,4,74,85,1550,87
TXO,202612,20261216.0,28000.0,Call,-,-,-,-,17380.0,-,-,0,0,0,0,17320,17590,-,-
TXO,202612,20261216.0,28000.0,Put,-,-,-,-,82.0,-,-,0,0,0,20,76,87,1680,131
TXO,202612,20261216.0,28200.0,Call,-,-,-,-,17180.0,-,-,0,0,0,0,-,17380,-,-
TXO,202612,20261216.0,28200.0,Put,-,-,-,-,85.0,-,-,0,0,0,9,79,90,1820,120
TXO,202612,20261216.0,28400.0,Call,-,-,-,-,16980.0,-,-,0,0,0,0,16920,17190,-,-
TXO,202612,20261216.0,28400.0,Put,-,-,-,-,87.0,-,-,0,0,0,5,81,92,1400,123
TXO,202612,20261216.0,28600.0,Call,-,-,-,-,16790.0,-,-,0,0,0,0,16730,17000,-,-
TXO,202612,20261216.0,28600.0,Put,-,-,-,-,90.0,-,-,0,0,0,5,84,95,1500,138
TXO,202612,20261216.0,28800.0,Call,-,-,-,-,16590.0,-,-,0,0,0,0,16530,16790,-,-
TXO,202612,20261216.0,28800.0,Put,-,-,-,-,93.0,-,-,0,0,0,7,87,98,1550,305
TXO,202612,20261216.0,29000.0,Call,-,-,-,-,16400.0,-,-,0,0,0,0,-,16590,-,-
TXO,202612,20261216.0,29000.0,Put,-,-,-,-,95.0,-,-,0,0,0,4,89,100,1860,119
TXO,202612,20261216.0,29200.0,Call,-,-,-,-,16200.0,-,-,0,0,0,0,-,16390,-,-
TXO,202612,20261216.0,29200.0,Put,-,-,-,-,98.0,-,-,0,0,0,3,92,103,1860,260
TXO,202612,20261216.0,29400.0,Call,-,-,-,-,16000.0,-,-,0,0,0,0,15940,16200,-,-
TXO,202612,20261216.0,29400.0,Put,-,-,-,-,101.0,-,-,0,0,0,2,95,106,1700,146
TXO,202612,20261216.0,29600.0,Call,-,-,-,-,15810.0,-,-,0,0,0,0,-,16000,-,-
TXO,202612,20261216.0,29600.0,Put,-,-,-,-,103.0,-,-,0,0,0,1,97,108,1650,241
TXO,202612,20261216.0,29800.0,Call,-,-,-,-,15610.0,-,-,0,0,0,0,-,15800,11600,5120
TXO,202612,20261216.0,29800.0,Put,-,-,-,-,109.0,-,-,0,0,0,3,100,116,1700,128
TXO,202612,20261216.0,30000.0,Call,-,-,-,-,15420.0,-,-,0,0,0,0,-,15600,11910,4660
TXO,202612,20261216.0,30000.0,Put,-,-,-,-,111.0,-,-,0,0,0,52,102,119,1880,101
TXO,202612,20261216.0,30200.0,Call,-,-,-,-,15220.0,-,-,0,0,0,0,-,15420,14870,4700
TXO,202612,20261216.0,30200.0,Put,-,-,-,-,115.0,-,-,0,0,0,3,105,123,715,200
TXO,202612,20261216.0,30400.0,Call,-,-,-,-,15030.0,-,-,0,0,0,0,-,15220,-,-
TXO,202612,20261216.0,30400.0,Put,-,-,-,-,119.0,-,-,0,0,0,10,109,127,510,194
TXO,202612,20261216.0,30600.0,Call,-,-,-,-,14830.0,-,-,0,0,0,0,14780,15010,-,-
TXO,202612,20261216.0,30600.0,Put,-,-,-,-,122.0,-,-,0,0,0,4,112,130,2010,174
TXO,202612,20261216.0,30800.0,Call,-,-,-,-,14640.0,-,-,0,0,0,0,-,14820,-,-
TXO,202612,20261216.0,30800.0,Put,-,-,-,-,127.0,-,-,0,0,0,25,116,135,2700,550
TXO,202612,20261216.0,31000.0,Call,-,-,-,-,14440.0,-,-,0,0,0,0,14390,14620,-,-
TXO,202612,20261216.0,31000.0,Put,-,-,-,-,131.0,-,-,0,0,0,61,120,139,1220,158
TXO,202612,20261216.0,31200.0,Call,-,-,-,-,14250.0,-,-,0,0,0,0,14200,14420,4700,3750
TXO,202612,20261216.0,31200.0,Put,-,-,-,-,136.0,-,-,0,0,0,4,125,145,730,180
TXO,202612,20261216.0,31400.0,Call,-,-,-,-,14060.0,-,-,0,0,0,0,14000,14230,-,-
TXO,202612,20261216.0,31400.0,Put,-,-,-,-,142.0,-,-,0,0,0,1,130,151,198,198
TXO,202612,20261216.0,31600.0,Call,-,-,-,-,13860.0,-,-,0,0,0,0,13810,14030,7950,5480
TXO,202612,20261216.0,31600.0,Put,-,-,-,-,147.0,-,-,0,0,0,5,135,156,1870,510
TXO,202612,20261216.0,31800.0,Call,-,-,-,-,13670.0,-,-,0,0,0,0,13610,13840,10560,5580
TXO,202612,20261216.0,31800.0,Put,-,-,-,-,153.0,-,-,0,0,0,1,140,163,200,150
TXO,202612,20261216.0,32000.0,Call,-,-,-,-,13480.0,-,-,0,0,0,0,13430,13650,9600,3560
TXO,202612,20261216.0,32000.0,Put,-,-,-,-,159.0,-,-,0,0,0,4,146,169,3270,196
TXO,202612,20261216.0,32200.0,Call,-,-,-,-,13280.0,-,-,0,0,0,0,-,13450,-,-
TXO,202612,20261216.0,32200.0,Put,-,-,-,-,164.0,-,-,0,0,0,3,151,175,3130,430
TXO,202612,20261216.0,32400.0,Call,-,-,-,-,13090.0,-,-,0,0,0,0,13040,13260,11650,3460
TXO,202612,20261216.0,32400.0,Put,-,-,-,-,172.0,-,-,0,0,0,4,157,183,3250,545
TXO,202612,20261216.0,32600.0,Call,-,-,-,-,12900.0,-,-,0,0,0,0,-,13060,-,-
TXO,202612,20261216.0,32600.0,Put,-,-,-,-,179.0,-,-,0,0,0,25,164,191,1160,179
TXO,202612,20261216.0,32800.0,Call,-,-,-,-,12710.0,-,-,0,0,0,0,12660,12880,-,-
TXO,202612,20261216.0,32800.0,Put,-,-,-,-,188.0,-,-,0,0,0,7,172,200,1920,199
TXO,202612,20261216.0,33000.0,Call,-,-,-,-,12520.0,-,-,0,0,0,0,-,12690,13520,3000
TXO,202612,20261216.0,33000.0,Put,220,245,200,200,200.0,▼-9,▼-4.31%,0,3,3,61,177,205,3280,180
TXO,202612,20261216.0,33200.0,Call,-,-,-,-,12330.0,-,-,0,0,0,0,12280,12490,4180,3280
TXO,202612,20261216.0,33200.0,Put,-,-,-,-,203.0,-,-,0,0,0,2,186,216,780,210
TXO,202612,20261216.0,33400.0,Call,-,-,-,-,12140.0,-,-,0,0,0,0,-,12290,10800,2780
TXO,202612,20261216.0,33400.0,Put,-,-,-,-,212.0,-,-,0,0,0,2,193,225,3450,500
TXO,202612,20261216.0,33600.0,Call,-,-,-,-,11950.0,-,-,0,0,0,0,11900,12110,10850,2640
TXO,202612,20261216.0,33600.0,Put,-,-,-,-,222.0,-,-,0,0,0,4,202,235,4010,310
TXO,202612,20261216.0,33800.0,Call,-,-,-,-,11760.0,-,-,0,0,0,0,11710,11910,-,-
TXO,202612,20261216.0,33800.0,Put,-,-,-,-,233.0,-,-,0,0,0,0,213,248,1670,995
TXO,202612,20261216.0,34000.0,Call,-,-,-,-,11570.0,-,-,0,0,0,0,11520,11730,12700,3130
TXO,202612,20261216.0,34000.0,Put,250,250,250,250,250.0,0,0%,0,1,1,147,223,254,3620,240
TXO,202612,20261216.0,34200.0,Call,-,-,-,-,11390.0,-,-,0,0,0,0,11350,11540,8850,5200
TXO,202612,20261216.0,34200.0,Put,-,-,-,-,259.0,-,-,0,0,0,1,239,274,1780,620
TXO,202612,20261216.0,34400.0,Call,-,-,-,-,11200.0,-,-,0,0,0,0,11150,11360,-,-
TXO,202612,20261216.0,34400.0,Put,-,-,-,-,271.0,-,-,0,0,0,2,251,286,2600,438
TXO,202612,20261216.0,34600.0,Call,-,-,-,-,11020.0,-,-,0,0,0,0,-,11170,-,-
TXO,202612,20261216.0,34600.0,Put,-,-,-,-,283.0,-,-,0,0,0,4,263,298,2670,680
TXO,202612,20261216.0,34800.0,Call,-,-,-,-,10830.0,-,-,0,0,0,0,-,10970,4830,3240
TXO,202612,20261216.0,34800.0,Put,-,-,-,-,298.0,-,-,0,0,0,1,278,313,3120,330
TXO,202612,20261216.0,35000.0,Call,-,-,-,-,10650.0,-,-,0,0,0,0,10610,10800,12910,2200
TXO,202612,20261216.0,35000.0,Put,340,340,340,340,312.0,▲+9,▲+2.72%,0,1,1,21,292,327,2100,300
TXO,202612,20261216.0,35200.0,Call,-,-,-,-,10470.0,-,-,0,0,0,0,-,10570,4590,3370
TXO,202612,20261216.0,35200.0,Put,-,-,-,-,332.0,-,-,0,0,0,2,312,347,3000,400
TXO,202612,20261216.0,35400.0,Call,-,-,-,-,10290.0,-,-,0,0,0,0,10230,10430,9450,3340
TXO,202612,20261216.0,35400.0,Put,-,-,-,-,348.0,-,-,0,0,0,0,328,363,1300,350
TXO,202612,20261216.0,35600.0,Call,-,-,-,-,10110.0,-,-,0,0,0,0,-,10250,12870,2380
TXO,202612,20261216.0,35600.0,Put,-,-,-,-,368.0,-,-,0,0,0,1,347,382,4020,428
TXO,202612,20261216.0,35800.0,Call,-,-,-,-,9930.0,-,-,0,0,0,0,-,10060,7020,6410
TXO,202612,20261216.0,35800.0,Put,-,-,-,-,386.0,-,-,0,0,0,1,365,400,2000,1020
TXO,202612,20261216.0,36000.0,Call,-,-,-,-,9740.0,-,-,0,0,0,1,9690,9890,8050,1950
TXO,202612,20261216.0,36000.0,Put,-,-,-,-,402.0,-,-,0,0,0,21,379,414,3300,384
TXO,202612,20261216.0,36200.0,Call,-,-,-,-,9570.0,-,-,0,0,0,0,9510,9690,7130,1470
TXO,202612,20261216.0,36200.0,Put,-,-,-,-,426.0,-,-,0,0,0,0,400,445,-,-
TXO,202612,20261216.0,36400.0,Call,-,-,-,-,9390.0,-,-,0,0,0,0,9330,9520,10490,1390
TXO,202612,20261216.0,36400.0,Put,-,-,-,-,449.0,-,-,0,0,0,1,423,468,2020,1450
TXO,202612,20261216.0,36600.0,Call,-,-,-,-,9220.0,-,-,0,0,0,0,-,9340,6880,1320
TXO,202612,20261216.0,36600.0,Put,-,-,-,-,470.0,-,-,0,0,0,5,444,489,2130,670
TXO,202612,20261216.0,36800.0,Call,-,-,-,-,9040.0,-,-,0,0,0,0,8980,9170,11890,1260
TXO,202612,20261216.0,36800.0,Put,-,-,-,-,497.0,-,-,0,0,0,50,470,515,2670,500
TXO,202612,20261216.0,37000.0,Call,-,-,-,-,8870.0,-,-,0,0,0,4,-,8930,12020,1350
TXO,202612,20261216.0,37000.0,Put,590,590,540,540,520.0,0,0%,1,4,5,54,485,530,3150,515
TXO,202612,20261216.0,37200.0,Call,-,-,-,-,8700.0,-,-,0,0,0,0,8630,8780,9030,1740
TXO,202612,20261216.0,37200.0,Put,-,-,-,-,545.0,-,-,0,0,0,9,520,565,1070,595
TXO,202612,20261216.0,37400.0,Call,-,-,-,-,8520.0,-,-,0,0,0,0,8460,8600,10760,1280
TXO,202612,20261216.0,37400.0,Put,-,-,-,-,570.0,-,-,0,0,0,11,545,590,1540,620
TXO,202612,20261216.0,37600.0,Call,-,-,-,-,8350.0,-,-,0,0,0,2,8290,8420,1260,1260
TXO,202612,20261216.0,37600.0,Put,-,-,-,-,600.0,-,-,0,0,0,6,570,620,2950,645
TXO,202612,20261216.0,37800.0,Call,-,-,-,-,8180.0,-,-,0,0,0,1,8120,8250,11540,1240
TXO,202612,20261216.0,37800.0,Put,-,-,-,-,630.0,-,-,0,0,0,16,600,650,2900,670
TXO,202612,20261216.0,38000.0,Call,-,-,-,-,8010.0,-,-,0,0,0,18,7890,8130,8700,1230
TXO,202612,20261216.0,38000.0,Put,630,630,630,630,660.0,▼-55,▼-8.03%,5,1,6,101,620,675,3430,620
TXO,202612,20261216.0,38200.0,Call,-,-,-,-,7840.0,-,-,0,0,0,0,7780,7920,7280,1200
TXO,202612,20261216.0,38200.0,Put,-,-,-,-,690.0,-,-,0,0,0,26,655,710,1900,720
TXO,202612,20261216.0,38400.0,Call,-,-,-,-,7680.0,-,-,0,0,0,0,7630,7780,7140,1270
TXO,202612,20261216.0,38400.0,Put,-,-,-,-,725.0,-,-,0,0,0,2,690,750,835,735
TXO,202612,20261216.0,38600.0,Call,-,-,-,-,7510.0,-,-,0,0,0,3,-,7580,10540,1080
TXO,202612,20261216.0,38600.0,Put,-,-,-,-,755.0,-,-,0,0,0,6,720,780,3100,795
TXO,202612,20261216.0,38800.0,Call,-,-,-,-,7350.0,-,-,0,0,0,0,7280,7450,10770,775
TXO,202612,20261216.0,38800.0,Put,-,-,-,-,795.0,-,-,0,0,0,1,755,820,1510,870
TXO,202612,20261216.0,39000.0,Call,-,-,-,-,7190.0,-,-,0,0,0,4,7120,7280,9290,1100
TXO,202612,20261216.0,39000.0,Put,-,-,-,-,830.0,-,-,0,0,0,124,790,860,3690,900
TXO,202612,20261216.0,39200.0,Call,-,-,-,-,7020.0,-,-,0,0,0,0,6960,7090,10280,1290
TXO,202612,20261216.0,39200.0,Put,-,-,-,-,860.0,-,-,0,0,0,1,820,890,3680,1030
TXO,202612,20261216.0,39400.0,Call,-,-,-,-,6860.0,-,-,0,0,0,0,6810,6930,11070,1300
TXO,202612,20261216.0,39400.0,Put,-,-,-,-,900.0,-,-,0,0,0,0,860,930,3380,3130
TXO,202612,20261216.0,39600.0,Call,-,-,-,-,6710.0,-,-,0,0,0,0,6650,6770,11070,750
TXO,202612,20261216.0,39600.0,Put,-,-,-,-,940.0,-,-,0,0,0,3,900,970,3660,905
TXO,202612,20261216.0,39800.0,Call,-,-,-,-,6550.0,-,-,0,0,0,0,-,6610,11350,1250
TXO,202612,20261216.0,39800.0,Put,-,-,-,-,980.0,-,-,0,0,0,8,940,1010,4080,1010
TXO,202612,20261216.0,40000.0,Call,-,-,-,-,6390.0,-,-,0,0,0,12,6320,6450,9010,705
TXO,202612,20261216.0,40000.0,Put,-,-,-,-,1030.0,-,-,0,0,0,108,975,1040,3960,910
TXO,202612,20261216.0,40200.0,Call,-,-,-,-,6240.0,-,-,0,0,0,0,6180,6290,6970,2200
TXO,202612,20261216.0,40200.0,Put,-,-,-,-,1070.0,-,-,0,0,0,1,1020,1110,3430,990
TXO,202612,20261216.0,40400.0,Call,-,-,-,-,6080.0,-,-,0,0,0,1,6010,6140,8140,695
TXO,202612,20261216.0,40400.0,Put,-,-,-,-,1110.0,-,-,0,0,0,0,1060,1150,2820,2700
TXO,202612,20261216.0,40600.0,Call,-,-,-,-,5930.0,-,-,0,0,0,0,5860,5990,6630,740
TXO,202612,20261216.0,40600.0,Put,-,-,-,-,1160.0,-,-,0,0,0,1,1110,1200,2750,1930
TXO,202612,20261216.0,40800.0,Call,-,-,-,-,5780.0,-,-,0,0,0,16,5710,5840,9640,1410
TXO,202612,20261216.0,40800.0,Put,-,-,-,-,1210.0,-,-,0,0,0,300,1160,1250,3980,1140
TXO,202612,20261216.0,41000.0,Call,-,-,-,-,5640.0,-,-,0,0,0,5,5560,5690,9160,675
TXO,202612,20261216.0,41000.0,Put,-,-,-,-,1260.0,-,-,0,0,0,53,1210,1300,4390,1250
TXO,202612,20261216.0,41200.0,Call,-,-,-,-,5490.0,-,-,0,0,0,0,5410,5540,5620,3150
TXO,202612,20261216.0,41200.0,Put,-,-,-,-,1310.0,-,-,0,0,0,3,1260,1350,4410,2050
TXO,202612,20261216.0,41400.0,Call,-,-,-,-,5340.0,-,-,0,0,0,30,5260,5390,10000,360
TXO,202612,20261216.0,41400.0,Put,-,-,-,-,1360.0,-,-,0,0,0,1,1310,1400,4540,1870
TXO,202612,20261216.0,41600.0,Call,-,-,-,-,5190.0,-,-,0,0,0,11,5120,5250,6550,1450
TXO,202612,20261216.0,41600.0,Put,-,-,-,-,1420.0,-,-,0,0,0,2,1350,1440,4290,2020
TXO,202612,20261216.0,41800.0,Call,-,-,-,-,5050.0,-,-,0,0,0,15,4990,5110,8490,710
TXO,202612,20261216.0,41800.0,Put,-,-,-,-,1480.0,-,-,0,0,0,0,1420,1510,4390,2000
TXO,202612,20261216.0,42000.0,Call,-,-,-,-,4910.0,-,-,0,0,0,71,-,5000,8720,800
TXO,202612,20261216.0,42000.0,Put,1540,1540,1540,1540,1540.0,▼-60,▼-3.75%,0,1,1,108,1480,1570,4950,1400
TXO,202612,20261216.0,42200.0,Call,-,-,-,-,4760.0,-,-,0,0,0,1,4720,4870,8040,1500
TXO,202612,20261216.0,42200.0,Put,-,-,-,-,1590.0,-,-,0,0,0,100,1530,1620,3610,1660
TXO,202612,20261216.0,42400.0,Call,-,-,-,-,4640.0,-,-,0,0,0,0,4540,4710,5850,1260
TXO,202612,20261216.0,42400.0,Put,-,-,-,-,1660.0,-,-,0,0,0,1,1600,1690,4790,1530
TXO,202612,20261216.0,42600.0,Call,-,-,-,-,4500.0,-,-,0,0,0,2,4430,4590,7280,965
TXO,202612,20261216.0,42600.0,Put,-,-,-,-,1720.0,-,-,0,0,0,0,1640,1730,4770,3040
TXO,202612,20261216.0,42800.0,Call,-,-,-,-,4370.0,-,-,0,0,0,1,4320,4470,4950,2510
TXO,202612,20261216.0,42800.0,Put,-,-,-,-,1790.0,-,-,0,0,0,0,1730,1830,-,-
TXO,202612,20261216.0,43000.0,Call,-,-,-,-,4250.0,-,-,0,0,0,62,4190,4330,9700,1130
TXO,202612,20261216.0,43000.0,Put,-,-,-,-,1860.0,-,-,0,0,0,72,1800,1900,5020,1850
TXO,202612,20261216.0,43200.0,Call,-,-,-,-,4110.0,-,-,0,0,0,0,4040,4200,4670,1400
TXO,202612,20261216.0,43200.0,Put,-,-,-,-,1930.0,-,-,0,0,0,0,1860,1970,-,-
TXO,202612,20261216.0,43400.0,Call,-,-,-,-,3980.0,-,-,0,0,0,0,3930,4080,7410,4950
TXO,202612,20261216.0,43400.0,Put,2200,2200,2200,2200,2000.0,▲+110,▲+5.26%,0,1,1,2,1930,2040,5280,2010
TXO,202612,20261216.0,43600.0,Call,-,-,-,-,3860.0,-,-,0,0,0,1,3800,3950,5510,950
TXO,202612,20261216.0,43600.0,Put,-,-,-,-,2070.0,-,-,0,0,0,0,2000,2110,4780,1960
TXO,202612,20261216.0,43800.0,Call,-,-,-,-,3720.0,-,-,0,0,0,1,3680,3830,8340,1020
TXO,202612,20261216.0,43800.0,Put,-,-,-,-,2130.0,-,-,0,0,0,1,2060,2170,4460,2090
TXO,202612,20261216.0,44000.0,Call,-,-,-,-,3610.0,-,-,0,0,0,4,3560,3700,8350,2260
TXO,202612,20261216.0,44000.0,Put,-,-,-,-,2220.0,-,-,0,0,0,102,2140,2260,4770,2180
TXO,202612,20261216.0,44200.0,Call,-,-,-,-,3500.0,-,-,0,0,0,2,3440,3580,5630,600
TXO,202612,20261216.0,44200.0,Put,2560,2560,2560,2560,2310.0,▲+160,▲+6.67%,0,1,1,59,2240,2350,4890,2560
TXO,202612,20261216.0,44400.0,Call,-,-,-,-,3360.0,-,-,0,0,0,1,3310,3450,6730,930
TXO,202612,20261216.0,44400.0,Put,-,-,-,-,2370.0,-,-,0,0,0,100,2300,2410,4660,3660
TXO,202612,20261216.0,44600.0,Call,-,-,-,-,3240.0,-,-,0,0,0,11,3210,3350,5770,890
TXO,202612,20261216.0,44600.0,Put,-,-,-,-,2450.0,-,-,0,0,0,3,2380,2490,6030,2330
TXO,202612,20261216.0,44800.0,Call,-,-,-,-,3140.0,-,-,2,0,2,2,3070,3210,3070,2320
TXO,202612,20261216.0,44800.0,Put,-,-,-,-,2550.0,-,-,0,0,0,2,2470,2590,5600,2800
TXO,202612,20261216.0,45000.0,Call,2800,2800,2800,2800,3020.0,▼-110,▼-3.78%,0,1,1,2,2990,3120,6790,2600
TXO,202612,20261216.0,45000.0,Put,-,-,-,-,2630.0,-,-,0,0,0,101,2550,2670,6200,2600
TXO,202612,20261216.0,45200.0,Call,-,-,-,-,2920.0,-,-,0,0,0,1,2880,3000,6620,925
TXO,202612,20261216.0,45200.0,Put,-,-,-,-,2720.0,-,-,0,0,0,0,2640,2760,6690,4500
TXO,202612,20261216.0,45400.0,Call,-,-,-,-,2820.0,-,-,0,0,0,3,2780,2910,6500,2250
TXO,202612,20261216.0,45400.0,Put,-,-,-,-,2820.0,-,-,0,0,0,0,2740,2870,6540,3220
TXO,202612,20261216.0,45600.0,Call,-,-,-,-,2730.0,-,-,0,0,0,3,2680,2810,6160,1070
TXO,202612,20261216.0,45600.0,Put,-,-,-,-,2930.0,-,-,0,0,0,0,2830,2950,7000,3920
TXO,202612,20261216.0,45800.0,Call,-,-,-,-,2610.0,-,-,0,0,0,1,2570,2690,3070,1980
TXO,202612,20261216.0,45800.0,Put,-,-,-,-,3010.0,-,-,0,0,0,0,2930,3060,-,-
TXO,202612,20261216.0,46000.0,Call,-,-,-,-,2510.0,-,-,0,0,0,259,2470,2590,5560,1640
TXO,202612,20261216.0,46000.0,Put,-,-,-,-,3110.0,-,-,0,0,0,190,3040,3150,7060,3500
TXO,202612,20261216.0,46200.0,Call,-,-,-,-,2420.0,-,-,0,0,0,0,2350,2470,2620,2450
TXO,202612,20261216.0,46200.0,Put,-,-,-,-,3220.0,-,-,0,0,0,1,3120,3240,7260,4400
TXO,202612,20261216.0,46400.0,Call,-,-,-,-,2330.0,-,-,0,0,0,3,2290,2400,5700,1560
TXO,202612,20261216.0,46400.0,Put,-,-,-,-,3320.0,-,-,0,0,0,0,3230,3360,5970,5150
TXO,202612,20261216.0,46600.0,Call,2260,2260,2260,2260,2230.0,▲+120,▲+5.61%,0,1,1,51,2190,2310,6500,1500
TXO,202612,20261216.0,46600.0,Put,-,-,-,-,3430.0,-,-,0,0,0,0,3340,3480,-,-
TXO,202612,20261216.0,46800.0,Call,-,-,-,-,2140.0,-,-,0,0,0,11,2100,2210,5870,1500
TXO,202612,20261216.0,46800.0,Put,-,-,-,-,3530.0,-,-,0,0,0,2,3440,3560,7770,7490
TXO,202612,20261216.0,47000.0,Call,-,-,-,-,2030.0,-,-,0,0,0,236,1990,2100,6430,1420
TXO,202612,20261216.0,47000.0,Put,-,-,-,-,3620.0,-,-,0,0,0,8,3560,3700,7620,3470
TXO,202612,20261216.0,47200.0,Call,1680,1680,1680,1680,1940.0,▼-210,▼-11.11%,0,1,1,61,1910,2010,4830,1680
TXO,202612,20261216.0,47200.0,Put,-,-,-,-,3740.0,-,-,0,0,0,0,3670,3810,-,-
TXO,202612,20261216.0,47400.0,Call,-,-,-,-,1860.0,-,-,0,0,0,62,1830,1930,5670,2070
TXO,202612,20261216.0,47400.0,Put,-,-,-,-,3850.0,-,-,0,0,0,0,3790,3930,6210,3550
TXO,202612,20261216.0,47600.0,Call,-,-,-,-,1790.0,-,-,0,0,0,48,1750,1850,5180,1100
TXO,202612,20261216.0,47600.0,Put,-,-,-,-,3970.0,-,-,0,0,0,0,3900,4050,6310,4920
TXO,202612,20261216.0,47800.0,Call,-,-,-,-,1720.0,-,-,0,0,0,9,1670,1770,5050,1290
TXO,202612,20261216.0,47800.0,Put,-,-,-,-,4100.0,-,-,0,0,0,2,4030,4160,5750,4890
TXO,202612,20261216.0,48000.0,Call,1370,1370,1370,1370,1650.0,▼-210,▼-13.29%,25,1,26,86,1610,1700,5100,1330
TXO,202612,20261216.0,48000.0,Put,-,-,-,-,4240.0,-,-,0,0,0,4,4150,4300,8030,4520
TXO,202612,20261216.0,48200.0,Call,-,-,-,-,1580.0,-,-,0,0,0,1,1530,1620,3960,2250
TXO,202612,20261216.0,48200.0,Put,-,-,-,-,4370.0,-,-,0,0,0,1,4270,4410,5860,5860
TXO,202612,20261216.0,48400.0,Call,-,-,-,-,1520.0,-,-,0,0,0,0,1490,1580,5700,1520
TXO,202612,20261216.0,48400.0,Put,-,-,-,-,4510.0,-,-,0,0,0,4,4400,4540,5920,5910
TXO,202612,20261216.0,48600.0,Call,-,-,-,-,1450.0,-,-,0,0,0,0,1400,1490,4880,3450
TXO,202612,20261216.0,48600.0,Put,-,-,-,-,4640.0,-,-,0,0,0,0,4520,4680,6090,4600
TXO,202612,20261216.0,48800.0,Call,-,-,-,-,1390.0,-,-,0,0,0,0,1330,1420,-,-
TXO,202612,20261216.0,48800.0,Put,-,-,-,-,4770.0,-,-,0,0,0,1,4660,4820,8920,4350
TXO,202612,20261216.0,49000.0,Call,-,-,-,-,1320.0,-,-,0,0,0,9,1290,1380,5280,1070
TXO,202612,20261216.0,49000.0,Put,-,-,-,-,4900.0,-,-,0,0,0,5,4790,4930,6900,4800
TXO,202612,20261216.0,49200.0,Call,1040,1140,995,1140,1250.0,▼-70,▼-5.79%,0,3,3,16,1200,1290,4080,995
TXO,202612,20261216.0,49200.0,Put,-,-,-,-,5030.0,-,-,0,0,0,1,4920,5070,4800,4800
TXO,202612,20261216.0,49400.0,Call,-,-,-,-,1180.0,-,-,0,0,0,5,1150,1240,3760,1490
TXO,202612,20261216.0,49400.0,Put,-,-,-,-,5160.0,-,-,0,0,0,3,5060,5210,8650,4900
TXO,202612,20261216.0,49600.0,Call,-,-,-,-,1120.0,-,-,0,0,0,10,1090,1180,4800,1160
TXO,202612,20261216.0,49600.0,Put,-,-,-,-,5300.0,-,-,0,0,0,0,5200,5390,6900,5500
TXO,202612,20261216.0,49800.0,Call,-,-,-,-,1070.0,-,-,0,0,0,1,1040,1130,2780,960
TXO,202612,20261216.0,49800.0,Put,-,-,-,-,5450.0,-,-,0,0,0,0,5370,5520,-,-
TXO,202612,20261216.0,50000.0,Call,925,975,925,975,1020.0,▼-15,▼-1.52%,2,3,5,70,1000,1070,5000,900
TXO,202612,20261216.0,50000.0,Put,6200,6200,6200,6200,5600.0,▲+380,▲+6.53%,3,1,4,8,5520,5650,9900,5820
TXO,202612,20261216.0,50200.0,Call,-,-,-,-,965.0,-,-,0,0,0,5,940,1010,4800,945
TXO,202612,20261216.0,50200.0,Put,-,-,-,-,5740.0,-,-,0,0,0,2,5660,5870,5420,5400
TXO,202612,20261216.0,50400.0,Call,-,-,-,-,920.0,-,-,0,0,0,27,895,965,5200,840
TXO,202612,20261216.0,50400.0,Put,-,-,-,-,5890.0,-,-,0,0,0,4,5810,6020,9460,5540
TXO,202612,20261216.0,50600.0,Call,705,705,705,705,870.0,▼-145,▼-17.06%,0,1,1,0,845,915,3640,705
TXO,202612,20261216.0,50600.0,Put,-,-,-,-,6040.0,-,-,0,0,0,2,5960,6130,5690,5670
TXO,202612,20261216.0,50800.0,Call,-,-,-,-,830.0,-,-,0,0,0,13,805,875,3620,955
TXO,202612,20261216.0,50800.0,Put,-,-,-,-,6200.0,-,-,0,0,0,0,6120,-,-,-
TXO,202612,20261216.0,51000.0,Call,-,-,-,-,790.0,-,-,0,0,0,10,760,825,4420,1020
TXO,202612,20261216.0,51000.0,Put,-,-,-,-,6360.0,-,-,0,0,0,0,6300,6430,-,-
TXO,202612,20261216.0,51200.0,Call,-,-,-,-,755.0,-,-,0,0,0,0,725,790,-,-
TXO,202612,20261216.0,51200.0,Put,-,-,-,-,6520.0,-,-,0,0,0,0,6460,6590,-,-
TXO,202612,20261216.0,51400.0,Call,-,-,-,-,720.0,-,-,0,0,0,2,685,745,1950,970
TXO,202612,20261216.0,51400.0,Put,-,-,-,-,6680.0,-,-,0,0,0,0,6620,6750,-,-
TXO,202612,20261216.0,51600.0,Call,-,-,-,-,685.0,-,-,0,0,0,0,650,705,3280,2950
TXO,202612,20261216.0,51600.0,Put,-,-,-,-,6850.0,-,-,0,0,0,0,6780,6910,-,-
TXO,202612,20261216.0,51800.0,Call,-,-,-,-,650.0,-,-,0,0,0,6,630,685,2550,2050
TXO,202612,20261216.0,51800.0,Put,-,-,-,-,7010.0,-,-,0,0,0,0,6950,7060,-,-
TXO,202612,20261216.0,52000.0,Call,-,-,-,-,610.0,-,-,1,0,1,9,590,640,3380,505
TXO,202612,20261216.0,52000.0,Put,-,-,-,-,7170.0,-,-,0,0,0,0,7110,7250,-,-
TXO,202612,20261216.0,52200.0,Call,-,-,-,-,580.0,-,-,0,0,0,0,560,610,1150,800
TXO,202612,20261216.0,52200.0,Put,-,-,-,-,7340.0,-,-,0,0,0,0,7280,-,-,-
TXO,202612,20261216.0,52400.0,Call,-,-,-,-,540.0,-,-,0,0,0,15,525,570,3950,1020
TXO,202612,20261216.0,52400.0,Put,-,-,-,-,7500.0,-,-,0,0,0,0,7450,-,8790,6780
TXO,202612,20261216.0,52600.0,Call,-,-,-,-,515.0,-,-,0,0,0,2,496,540,1820,690
TXO,202612,20261216.0,52600.0,Put,-,-,-,-,7670.0,-,-,0,0,0,0,7620,7760,-,-
TXO,202612,20261216.0,52800.0,Call,-,-,-,-,488.0,-,-,0,0,0,3,470,515,2770,530
TXO,202612,20261216.0,52800.0,Put,-,-,-,-,7850.0,-,-,0,0,0,0,7790,7930,-,-
TXO,202612,20261216.0,53000.0,Call,-,-,-,-,464.0,-,-,0,0,0,25,443,488,2970,500
TXO,202612,20261216.0,53000.0,Put,-,-,-,-,8020.0,-,-,0,0,0,0,7960,8100,-,-
TXO,202612,20261216.0,53200.0,Call,-,-,-,-,440.0,-,-,0,0,0,13,419,464,3950,725
TXO,202612,20261216.0,53200.0,Put,-,-,-,-,8200.0,-,-,0,0,0,0,8140,8280,-,-
TXO,202612,20261216.0,53400.0,Call,-,-,-,-,417.0,-,-,0,0,0,4,400,445,2870,895
TXO,202612,20261216.0,53400.0,Put,-,-,-,-,8370.0,-,-,0,0,0,0,8310,8460,-,-
TXO,202612,20261216.0,53600.0,Call,-,-,-,-,392.0,-,-,0,0,0,3,379,414,900,825
TXO,202612,20261216.0,53600.0,Put,-,-,-,-,8540.0,-,-,0,0,0,0,8490,8640,-,-
TXO,202612,20261216.0,53800.0,Call,-,-,-,-,371.0,-,-,0,0,0,3,358,393,2640,472
TXO,202612,20261216.0,53800.0,Put,-,-,-,-,8720.0,-,-,0,0,0,0,8630,-,-,-
TXO,202612,20261216.0,54000.0,Call,-,-,-,-,351.0,-,-,2,0,2,7,338,373,3360,306
TXO,202612,20261216.0,54000.0,Put,-,-,-,-,8900.0,-,-,0,0,0,0,8810,9000,-,-
TXO,202612,20261216.0,54200.0,Call,-,-,-,-,333.0,-,-,0,0,0,2,320,355,840,840
TXO,202612,20261216.0,54200.0,Put,-,-,-,-,9080.0,-,-,0,0,0,0,9030,9180,-,-
TXO,202612,20261216.0,54400.0,Call,-,-,-,-,317.0,-,-,0,0,0,3,302,337,2050,421
TXO,202612,20261216.0,54400.0,Put,-,-,-,-,9260.0,-,-,0,0,0,0,9210,9360,-,-
TXO,202612,20261216.0,54600.0,Call,-,-,-,-,301.0,-,-,0,0,0,1,287,322,1420,1420
TXO,202612,20261216.0,54600.0,Put,-,-,-,-,9450.0,-,-,0,0,0,0,9360,-,-,-
TXO,202612,20261216.0,54800.0,Call,-,-,-,-,289.0,-,-,0,0,0,10,270,305,3060,480
TXO,202612,20261216.0,54800.0,Put,-,-,-,-,9630.0,-,-,0,0,0,0,9570,9730,-,-
TXO,202612,20261216.0,55000.0,Call,-,-,-,-,278.0,-,-,1,0,1,20,270,294,2920,262
TXO,202612,20261216.0,55000.0,Put,-,-,-,-,9820.0,-,-,0,0,0,0,9720,-,-,-
TXO,202612,20261216.0,55200.0,Call,207,207,207,207,264.0,▼-53,▼-20.38%,0,1,1,2,242,277,1980,207
TXO,202612,20261216.0,55200.0,Put,-,-,-,-,10010.0,-,-,0,0,0,0,9940,10100,-,-
TXO,202612,20261216.0,55400.0,Call,-,-,-,-,251.0,-,-,0,0,0,5,228,263,2930,370
TXO,202612,20261216.0,55400.0,Put,-,-,-,-,10190.0,-,-,0,0,0,0,10130,10260,-,-
TXO,202612,20261216.0,55600.0,Call,-,-,-,-,238.0,-,-,0,0,0,0,216,251,2150,345
TXO,202612,20261216.0,55600.0,Put,-,-,-,-,10380.0,-,-,0,0,0,0,10280,-,-,-
TXO,202612,20261216.0,55800.0,Call,-,-,-,-,226.0,-,-,0,0,0,18,203,238,3020,575
TXO,202612,20261216.0,55800.0,Put,-,-,-,-,10570.0,-,-,0,0,0,0,10490,10670,-,-
TXO,202612,20261216.0,56000.0,Call,-,-,-,-,214.0,-,-,0,0,0,11,192,226,2170,240
TXO,202612,20261216.0,56000.0,Put,-,-,-,-,10750.0,-,-,0,0,0,0,10650,-,-,-
TXO,202612,20261216.0,56200.0,Call,-,-,-,-,203.0,-,-,0,0,0,0,182,215,1900,319
TXO,202612,20261216.0,56200.0,Put,-,-,-,-,10940.0,-,-,0,0,0,0,10880,11040,-,-
TXO,202612,20261216.0,56400.0,Call,-,-,-,-,193.0,-,-,0,0,0,0,172,204,1770,290
TXO,202612,20261216.0,56400.0,Put,-,-,-,-,11130.0,-,-,0,0,0,0,11070,11230,-,-
TXO,202612,20261216.0,56600.0,Call,-,-,-,-,183.0,-,-,0,0,0,5,163,194,495,375
TXO,202612,20261216.0,56600.0,Put,-,-,-,-,11320.0,-,-,0,0,0,0,11260,11430,-,-
TXO,202612,20261216.0,56800.0,Call,-,-,-,-,173.0,-,-,0,0,0,0,155,185,1830,342
TXO,202612,20261216.0,56800.0,Put,-,-,-,-,11510.0,-,-,0,0,0,0,11450,11620,-,-
TXO,202612,20261216.0,57000.0,Call,-,-,-,-,164.0,-,-,0,0,0,4,146,176,2500,290
TXO,202612,20261216.0,57000.0,Put,-,-,-,-,11700.0,-,-,0,0,0,0,11600,11780,-,-
TXO,202612,20261216.0,57200.0,Call,-,-,-,-,156.0,-,-,0,0,0,5,138,167,1880,185
TXO,202612,20261216.0,57200.0,Put,-,-,-,-,11890.0,-,-,0,0,0,0,11830,-,-,-
TXO,202612,20261216.0,57400.0,Call,135,135,135,135,135.0,▼-17,▼-11.18%,0,1,1,272,132,159,1870,21
TXO,202612,20261216.0,57400.0,Put,-,-,-,-,12080.0,-,-,0,0,0,0,12020,12160,-,-
TXO,202703,20270317.0,31800.0,Call,-,-,-,-,14210.0,-,-,0,0,0,0,14140,14430,-,-
TXO,202703,20270317.0,31800.0,Put,360,399,360,365,365.0,▲+2,▲+0.55%,0,3,3,69,334,369,1020,360
TXO,202703,20270317.0,32000.0,Call,-,-,-,-,14020.0,-,-,0,0,0,0,13960,14270,-,-
TXO,202703,20270317.0,32000.0,Put,-,-,-,-,366.0,-,-,0,0,0,9,348,383,1360,250
TXO,202703,20270317.0,32200.0,Call,-,-,-,-,13840.0,-,-,0,0,0,0,13800,14070,-,-
TXO,202703,20270317.0,32200.0,Put,-,-,-,-,381.0,-,-,0,0,0,0,363,398,-,-
TXO,202703,20270317.0,32400.0,Call,-,-,-,-,13660.0,-,-,0,0,0,0,13590,13900,-,-
TXO,202703,20270317.0,32400.0,Put,-,-,-,-,396.0,-,-,0,0,0,0,378,413,-,-
TXO,202703,20270317.0,32600.0,Call,-,-,-,-,13480.0,-,-,0,0,0,0,13410,13700,-,-
TXO,202703,20270317.0,32600.0,Put,-,-,-,-,412.0,-,-,0,0,0,0,394,429,-,-
TXO,202703,20270317.0,32800.0,Call,-,-,-,-,13300.0,-,-,0,0,0,0,13230,13520,-,-
TXO,202703,20270317.0,32800.0,Put,-,-,-,-,430.0,-,-,0,0,0,2,407,452,415,413
TXO,202703,20270317.0,33000.0,Call,-,-,-,-,13120.0,-,-,0,0,0,0,13050,13290,-,-
TXO,202703,20270317.0,33000.0,Put,-,-,-,-,447.0,-,-,0,0,0,10,424,469,469,430
TXO,202703,20270317.0,33200.0,Call,-,-,-,-,12940.0,-,-,0,0,0,0,12870,13170,-,-
TXO,202703,20270317.0,33200.0,Put,488,488,488,488,466.0,▲+4,▲+0.83%,0,1,1,8,443,488,1690,488
TXO,202703,20270317.0,33400.0,Call,-,-,-,-,12760.0,-,-,0,0,0,0,12690,12960,-,-
TXO,202703,20270317.0,33400.0,Put,-,-,-,-,483.0,-,-,0,0,0,0,461,505,-,-
TXO,202703,20270317.0,33600.0,Call,-,-,-,-,12580.0,-,-,0,0,0,0,12520,12800,-,-
TXO,202703,20270317.0,33600.0,Put,-,-,-,-,505.0,-,-,0,0,0,0,481,525,935,565
TXO,202703,20270317.0,33800.0,Call,-,-,-,-,12410.0,-,-,0,0,0,0,12360,12610,-,-
TXO,202703,20270317.0,33800.0,Put,-,-,-,-,530.0,-,-,0,0,0,23,505,550,1850,585
TXO,202703,20270317.0,34000.0,Call,-,-,-,-,12230.0,-,-,0,0,0,0,12170,12430,-,-
TXO,202703,20270317.0,34000.0,Put,-,-,-,-,550.0,-,-,0,0,0,8,525,570,1420,520
TXO,202703,20270317.0,34200.0,Call,-,-,-,-,12050.0,-,-,0,0,0,0,-,12250,-,-
TXO,202703,20270317.0,34200.0,Put,-,-,-,-,570.0,-,-,0,0,0,1,545,590,1390,740
TXO,202703,20270317.0,34400.0,Call,-,-,-,-,11880.0,-,-,0,0,0,0,11810,12070,-,-
TXO,202703,20270317.0,34400.0,Put,-,-,-,-,595.0,-,-,0,0,0,0,570,620,-,-
TXO,202703,20270317.0,34600.0,Call,-,-,-,-,11700.0,-,-,0,0,0,0,11650,11900,-,-
TXO,202703,20270317.0,34600.0,Put,-,-,-,-,615.0,-,-,0,0,0,0,590,640,915,830
TXO,202703,20270317.0,34800.0,Call,-,-,-,-,11530.0,-,-,0,0,0,0,11470,11740,-,-
TXO,202703,20270317.0,34800.0,Put,-,-,-,-,640.0,-,-,0,0,0,0,615,665,1000,970
TXO,202703,20270317.0,35000.0,Call,-,-,-,-,11360.0,-,-,0,0,0,0,11290,11550,-,-
TXO,202703,20270317.0,35000.0,Put,710,710,710,710,670.0,▲+15,▲+2.16%,0,1,1,5,640,695,1600,710
TXO,202703,20270317.0,35200.0,Call,-,-,-,-,11190.0,-,-,0,0,0,0,11140,11370,-,-
TXO,202703,20270317.0,35200.0,Put,-,-,-,-,695.0,-,-,0,0,0,0,665,720,-,-
TXO,202703,20270317.0,35400.0,Call,-,-,-,-,11020.0,-,-,0,0,0,0,10950,11200,-,-
TXO,202703,20270317.0,35400.0,Put,-,-,-,-,720.0,-,-,0,0,0,10,690,750,695,695
TXO,202703,20270317.0,35600.0,Call,-,-,-,-,10840.0,-,-,0,0,0,0,-,11020,-,-
TXO,202703,20270317.0,35600.0,Put,750,750,750,750,750.0,▼-30,▼-3.85%,0,1,1,28,715,775,2340,750
TXO,202703,20270317.0,35800.0,Call,-,-,-,-,10680.0,-,-,0,0,0,0,-,10850,-,-
TXO,202703,20270317.0,35800.0,Put,-,-,-,-,780.0,-,-,0,0,0,0,745,810,2050,860
TXO,202703,20270317.0,36000.0,Call,-,-,-,-,10520.0,-,-,0,0,0,0,10440,10690,-,-
TXO,202703,20270317.0,36000.0,Put,-,-,-,-,815.0,-,-,0,0,0,5,780,850,2380,920
TXO,202703,20270317.0,36200.0,Call,-,-,-,-,10340.0,-,-,0,0,0,0,10280,10510,-,-
TXO,202703,20270317.0,36200.0,Put,-,-,-,-,840.0,-,-,0,0,0,1,805,875,2050,1070
TXO,202703,20270317.0,36400.0,Call,-,-,-,-,10180.0,-,-,0,0,0,0,-,10360,-,-
TXO,202703,20270317.0,36400.0,Put,-,-,-,-,875.0,-,-,0,0,0,1,840,910,1800,1010
TXO,202703,20270317.0,36600.0,Call,-,-,-,-,10010.0,-,-,0,0,0,4,9940,10190,13790,11300
TXO,202703,20270317.0,36600.0,Put,-,-,-,-,905.0,-,-,0,0,0,15,870,940,2780,1030
TXO,202703,20270317.0,36800.0,Call,-,-,-,-,9850.0,-,-,0,0,0,0,9780,10010,-,-
TXO,202703,20270317.0,36800.0,Put,-,-,-,-,940.0,-,-,0,0,0,1,905,975,1990,985
TXO,202703,20270317.0,37000.0,Call,-,-,-,-,9690.0,-,-,0,0,0,0,9620,9850,-,-
TXO,202703,20270317.0,37000.0,Put,-,-,-,-,975.0,-,-,0,0,0,5,940,1010,2340,930
TXO,202703,20270317.0,37200.0,Call,-,-,-,-,9530.0,-,-,0,0,0,0,9450,9680,-,-
TXO,202703,20270317.0,37200.0,Put,1080,1080,1080,1080,1020.0,▲+10,▲+0.93%,0,1,1,5,980,1050,1160,1020
TXO,202703,20270317.0,37400.0,Call,-,-,-,-,9360.0,-,-,0,0,0,0,9290,9520,-,-
TXO,202703,20270317.0,37400.0,Put,1130,1130,1130,1130,1050.0,▲+40,▲+3.67%,0,1,1,8,1000,1090,2000,1080
TXO,202703,20270317.0,37600.0,Call,-,-,-,-,9200.0,-,-,0,0,0,0,9130,9350,-,-
TXO,202703,20270317.0,37600.0,Put,-,-,-,-,1090.0,-,-,0,0,0,12,1040,1130,3020,1060
TXO,202703,20270317.0,37800.0,Call,-,-,-,-,9050.0,-,-,0,0,0,0,8970,9200,-,-
TXO,202703,20270317.0,37800.0,Put,-,-,-,-,1130.0,-,-,2,0,2,2,1080,1170,1150,1140
TXO,202703,20270317.0,38000.0,Call,-,-,-,-,8890.0,-,-,0,0,0,1,8810,9060,11830,11830
TXO,202703,20270317.0,38000.0,Put,1180,1180,1180,1180,1180.0,▼-30,▼-2.48%,0,1,1,4,1120,1210,2600,1180
TXO,202703,20270317.0,38200.0,Call,-,-,-,-,8730.0,-,-,0,0,0,0,8660,8880,-,-
TXO,202703,20270317.0,38200.0,Put,-,-,-,-,1210.0,-,-,0,0,0,1,1160,1250,1230,1230
TXO,202703,20270317.0,38400.0,Call,-,-,-,-,8570.0,-,-,0,0,0,0,-,8720,-,-
TXO,202703,20270317.0,38400.0,Put,-,-,-,-,1250.0,-,-,0,0,0,1,1200,1290,1270,1270
TXO,202703,20270317.0,38600.0,Call,-,-,-,-,8430.0,-,-,0,0,0,0,8350,8560,-,-
TXO,202703,20270317.0,38600.0,Put,-,-,-,-,1300.0,-,-,0,0,0,1,1250,1340,2090,1320
TXO,202703,20270317.0,38800.0,Call,-,-,-,-,8270.0,-,-,0,0,0,0,8190,8400,-,-
TXO,202703,20270317.0,38800.0,Put,-,-,-,-,1340.0,-,-,0,0,0,1,1290,1380,2560,1360
TXO,202703,20270317.0,39000.0,Call,-,-,-,-,8120.0,-,-,0,0,0,0,8050,8250,-,-
TXO,202703,20270317.0,39000.0,Put,-,-,-,-,1390.0,-,-,0,0,0,8,1340,1430,3400,1400
TXO,202703,20270317.0,39200.0,Call,-,-,-,-,7960.0,-,-,0,0,0,0,7890,8090,-,-
TXO,202703,20270317.0,39200.0,Put,-,-,-,-,1430.0,-,-,0,0,0,1,1380,1470,2680,1450
TXO,202703,20270317.0,39400.0,Call,-,-,-,-,7810.0,-,-,0,0,0,0,7740,7940,-,-
TXO,202703,20270317.0,39400.0,Put,1540,1540,1520,1520,1480.0,▼-10,▼-0.65%,0,3,3,2,1430,1520,2740,1500
TXO,202703,20270317.0,39600.0,Call,-,-,-,-,7670.0,-,-,0,0,0,0,7590,7790,-,-
TXO,202703,20270317.0,39600.0,Put,-,-,-,-,1530.0,-,-,0,0,0,3,1480,1570,2830,1550
TXO,202703,20270317.0,39800.0,Call,-,-,-,-,7520.0,-,-,0,0,0,0,-,7650,-,-
TXO,202703,20270317.0,39800.0,Put,-,-,-,-,1580.0,-,-,0,0,0,2,1530,1620,3000,1600
TXO,202703,20270317.0,40000.0,Call,-,-,-,-,7380.0,-,-,0,0,0,1,7300,7500,11530,6000
TXO,202703,20270317.0,40000.0,Put,-,-,-,-,1640.0,-,-,1,0,1,36,1590,1680,4200,1580
TXO,202703,20270317.0,40200.0,Call,-,-,-,-,7230.0,-,-,0,0,0,0,-,7350,-,-
TXO,202703,20270317.0,40200.0,Put,-,-,-,-,1690.0,-,-,0,0,0,1,1640,1730,2460,2460
TXO,202703,20270317.0,40400.0,Call,-,-,-,-,7090.0,-,-,0,0,0,0,7010,7200,6450,5300
TXO,202703,20270317.0,40400.0,Put,-,-,-,-,1740.0,-,-,0,0,0,1,1690,1790,1760,1760
TXO,202703,20270317.0,40600.0,Call,-,-,-,-,6940.0,-,-,0,0,0,0,6860,7060,6950,5530
TXO,202703,20270317.0,40600.0,Put,-,-,-,-,1790.0,-,-,0,0,0,0,1740,1840,-,-
TXO,202703,20270317.0,40800.0,Call,-,-,-,-,6800.0,-,-,0,0,0,0,6720,6920,-,-
TXO,202703,20270317.0,40800.0,Put,-,-,-,-,1850.0,-,-,0,0,0,1,1800,1900,4650,4650
TXO,202703,20270317.0,41000.0,Call,-,-,-,-,6660.0,-,-,0,0,0,0,6580,6740,8000,5380
TXO,202703,20270317.0,41000.0,Put,-,-,-,-,1910.0,-,-,0,0,0,1,1850,1960,4540,3040
TXO,202703,20270317.0,41200.0,Call,-,-,-,-,6520.0,-,-,0,0,0,0,-,6640,-,-
TXO,202703,20270317.0,41200.0,Put,-,-,-,-,1970.0,-,-,0,0,0,1,1910,2020,3000,1990
TXO,202703,20270317.0,41400.0,Call,-,-,-,-,6390.0,-,-,0,0,0,0,6310,6460,-,-
TXO,202703,20270317.0,41400.0,Put,-,-,-,-,2030.0,-,-,0,0,0,1,1960,2070,2050,2050
TXO,202703,20270317.0,41600.0,Call,-,-,-,-,6250.0,-,-,0,0,0,0,6080,6420,-,-
TXO,202703,20270317.0,41600.0,Put,-,-,-,-,2090.0,-,-,0,0,0,0,2030,2150,3390,2060
TXO,202703,20270317.0,41800.0,Call,-,-,-,-,6120.0,-,-,0,0,0,0,6000,6270,-,-
TXO,202703,20270317.0,41800.0,Put,-,-,-,-,2150.0,-,-,0,0,0,1,2090,2210,3200,2180
TXO,202703,20270317.0,42000.0,Call,-,-,-,-,5990.0,-,-,0,0,0,1,5890,6160,11500,4800
TXO,202703,20270317.0,42000.0,Put,-,-,-,-,2220.0,-,-,0,0,0,45,2160,2280,4320,2100
TXO,202703,20270317.0,42200.0,Call,-,-,-,-,5860.0,-,-,0,0,0,0,5700,6010,-,-
TXO,202703,20270317.0,42200.0,Put,-,-,-,-,2290.0,-,-,0,0,0,1,2210,2330,2260,2260
TXO,202703,20270317.0,42400.0,Call,-,-,-,-,5730.0,-,-,0,0,0,0,5570,5870,-,-
TXO,202703,20270317.0,42400.0,Put,-,-,-,-,2360.0,-,-,0,0,0,1,2300,2420,2370,2370
TXO,202703,20270317.0,42600.0,Call,-,-,-,-,5600.0,-,-,0,0,0,1,5500,5770,6610,6610
TXO,202703,20270317.0,42600.0,Put,-,-,-,-,2430.0,-,-,0,0,0,1,2340,2480,2440,2440
TXO,202703,20270317.0,42800.0,Call,-,-,-,-,5480.0,-,-,0,0,0,1,5370,5640,6480,6480
TXO,202703,20270317.0,42800.0,Put,2690,2690,2690,2690,2500.0,▲+80,▲+3.07%,0,1,1,1,2430,2570,2690,2510
TXO,202703,20270317.0,43000.0,Call,-,-,-,-,5330.0,-,-,0,0,0,0,5200,5490,-,-
TXO,202703,20270317.0,43000.0,Put,-,-,-,-,2550.0,-,-,0,0,0,3,2480,2620,4720,2420
TXO,202703,20270317.0,43200.0,Call,-,-,-,-,5210.0,-,-,0,0,0,1,5110,5390,6230,6230
TXO,202703,20270317.0,43200.0,Put,-,-,-,-,2630.0,-,-,0,0,0,1,2560,2700,2660,2660
TXO,202703,20270317.0,43400.0,Call,-,-,-,-,5100.0,-,-,0,0,0,1,4980,5250,6110,6110
TXO,202703,20270317.0,43400.0,Put,-,-,-,-,2720.0,-,-,0,0,0,1,2620,2760,3730,3730
TXO,202703,20270317.0,43600.0,Call,-,-,-,-,4980.0,-,-,0,0,0,1,4870,5140,5980,5980
TXO,202703,20270317.0,43600.0,Put,-,-,-,-,2800.0,-,-,0,0,0,0,2720,2880,6100,3200
TXO,202703,20270317.0,43800.0,Call,-,-,-,-,4850.0,-,-,0,0,0,0,4740,5010,-,-
TXO,202703,20270317.0,43800.0,Put,-,-,-,-,2860.0,-,-,0,0,0,1,2780,2940,5820,5820
TXO,202703,20270317.0,44000.0,Call,-,-,-,-,4730.0,-,-,0,0,0,13,4650,4900,9500,5370
TXO,202703,20270317.0,44000.0,Put,-,-,-,-,2940.0,-,-,0,0,0,2,2860,3020,5230,3040
TXO,202703,20270317.0,44200.0,Call,-,-,-,-,4620.0,-,-,0,0,0,2,4540,4780,6100,3340
TXO,202703,20270317.0,44200.0,Put,-,-,-,-,3030.0,-,-,0,0,0,1,2950,3110,3040,3040
TXO,202703,20270317.0,44400.0,Call,-,-,-,-,4510.0,-,-,0,0,0,1,4400,4660,5500,5500
TXO,202703,20270317.0,44400.0,Put,-,-,-,-,3120.0,-,-,0,0,0,1,3030,3210,3130,3130
TXO,202703,20270317.0,44600.0,Call,-,-,-,-,4390.0,-,-,0,0,0,2,4330,4560,5300,3600
TXO,202703,20270317.0,44600.0,Put,-,-,-,-,3190.0,-,-,0,0,0,1,3100,3280,3210,3210
TXO,202703,20270317.0,44800.0,Call,-,-,-,-,4280.0,-,-,0,0,0,1,4210,4450,4880,4470
TXO,202703,20270317.0,44800.0,Put,-,-,-,-,3290.0,-,-,0,0,0,5,3200,3370,5330,3290
TXO,202703,20270317.0,45000.0,Call,-,-,-,-,4170.0,-,-,0,0,0,21,4120,4320,5180,3280
TXO,202703,20270317.0,45000.0,Put,-,-,-,-,3370.0,-,-,0,0,0,2,3280,3460,5500,3300
TXO,202703,20270317.0,45200.0,Call,-,-,-,-,4060.0,-,-,0,0,0,3,3990,4200,5400,4800
TXO,202703,20270317.0,45200.0,Put,-,-,-,-,3460.0,-,-,0,0,0,1,3360,3560,3470,3470
TXO,202703,20270317.0,45400.0,Call,-,-,-,-,3970.0,-,-,0,0,0,1,3890,4090,4940,4000
TXO,202703,20270317.0,45400.0,Put,-,-,-,-,3560.0,-,-,0,0,0,1,3450,3650,3560,3560
TXO,202703,20270317.0,45600.0,Call,-,-,-,-,3870.0,-,-,0,0,0,1,3790,4010,4850,4850
TXO,202703,20270317.0,45600.0,Put,-,-,-,-,3670.0,-,-,0,0,0,1,3540,3740,3650,3650
TXO,202703,20270317.0,45800.0,Call,-,-,-,-,3780.0,-,-,0,0,0,1,3690,3910,4720,4720
TXO,202703,20270317.0,45800.0,Put,-,-,-,-,3770.0,-,-,0,0,0,1,3670,3870,3740,3740
TXO,202703,20270317.0,46000.0,Call,3340,3340,3340,3340,3680.0,▼-220,▼-6.18%,0,1,1,10,3570,3770,8000,3110
TXO,202703,20270317.0,46000.0,Put,-,-,-,-,3870.0,-,-,0,0,0,4,3760,3960,5700,3830
TXO,202703,20270317.0,46200.0,Call,-,-,-,-,3590.0,-,-,0,0,0,1,3490,3690,4510,4510
TXO,202703,20270317.0,46200.0,Put,-,-,-,-,3980.0,-,-,0,0,0,1,3830,4050,3930,3930
TXO,202703,20270317.0,46400.0,Call,-,-,-,-,3500.0,-,-,0,0,0,1,3400,3600,4410,4410
TXO,202703,20270317.0,46400.0,Put,-,-,-,-,4080.0,-,-,0,0,0,1,3930,4150,4020,4020
TXO,202703,20270317.0,46600.0,Call,-,-,-,-,3400.0,-,-,0,0,0,2,3280,3460,7460,7430
TXO,202703,20270317.0,46600.0,Put,-,-,-,-,4180.0,-,-,0,0,0,1,4050,4270,4120,4120
TXO,202703,20270317.0,46800.0,Call,-,-,-,-,3300.0,-,-,0,0,0,8,3190,3370,4200,3240
TXO,202703,20270317.0,46800.0,Put,-,-,-,-,4290.0,-,-,0,0,0,1,4130,4360,4220,4220
TXO,202703,20270317.0,47000.0,Call,-,-,-,-,3210.0,-,-,0,0,0,7,3120,3300,7200,3150
TXO,202703,20270317.0,47000.0,Put,-,-,-,-,4390.0,-,-,0,0,0,2,4260,4480,4780,4300
TXO,202703,20270317.0,47200.0,Call,-,-,-,-,3100.0,-,-,0,0,0,1,3010,3190,4010,4010
TXO,202703,20270317.0,47200.0,Put,-,-,-,-,4480.0,-,-,0,0,0,1,4370,4590,4420,4420
TXO,202703,20270317.0,47400.0,Call,-,-,-,-,3020.0,-,-,0,0,0,1,2930,3090,3910,3910
TXO,202703,20270317.0,47400.0,Put,-,-,-,-,4590.0,-,-,0,0,0,3,4480,4700,4430,4430
TXO,202703,20270317.0,47600.0,Call,-,-,-,-,2940.0,-,-,0,0,0,1,2860,3020,3510,3510
TXO,202703,20270317.0,47600.0,Put,-,-,-,-,4710.0,-,-,0,0,0,3,4600,4820,4630,4530
TXO,202703,20270317.0,47800.0,Call,-,-,-,-,2840.0,-,-,0,0,0,1,2760,2920,3720,3720
TXO,202703,20270317.0,47800.0,Put,-,-,-,-,4810.0,-,-,0,0,0,3,4680,4920,4740,4640
TXO,202703,20270317.0,48000.0,Call,-,-,-,-,2760.0,-,-,0,0,0,2,2680,2840,3920,3460
TXO,202703,20270317.0,48000.0,Put,-,-,-,-,4930.0,-,-,0,0,0,10,4800,5050,8820,4750
TXO,202703,20270317.0,48200.0,Call,-,-,-,-,2680.0,-,-,0,0,0,3,2600,2740,3530,3530
TXO,202703,20270317.0,48200.0,Put,-,-,-,-,5050.0,-,-,0,0,0,1,4950,5160,4870,4870
TXO,202703,20270317.0,48400.0,Call,2350,2350,2350,2350,2600.0,▼-180,▼-7.11%,0,1,1,3,2530,2670,7100,2350
TXO,202703,20270317.0,48400.0,Put,-,-,-,-,5160.0,-,-,0,0,0,1,5070,5290,4980,4980
TXO,202703,20270317.0,48600.0,Call,-,-,-,-,2530.0,-,-,0,0,0,4,2450,2590,6300,2140
TXO,202703,20270317.0,48600.0,Put,-,-,-,-,5290.0,-,-,0,0,0,1,5180,5410,5100,5100
TXO,202703,20270317.0,48800.0,Call,-,-,-,-,2460.0,-,-,0,0,0,1,2390,2530,2260,2260
TXO,202703,20270317.0,48800.0,Put,-,-,-,-,5420.0,-,-,0,0,0,1,5290,5530,5210,5210
TXO,202703,20270317.0,49000.0,Call,-,-,-,-,2390.0,-,-,0,0,0,29,2310,2430,6150,2040
TXO,202703,20270317.0,49000.0,Put,-,-,-,-,5550.0,-,-,0,0,0,5,5390,5610,6880,5330
TXO,202703,20270317.0,49200.0,Call,2000,2000,2000,2000,2310.0,▼-230,▼-10.31%,0,1,1,5,2230,2350,6280,2000
TXO,202703,20270317.0,49200.0,Put,-,-,-,-,5670.0,-,-,0,0,0,2,5560,5790,5440,5340
TXO,202703,20270317.0,49400.0,Call,-,-,-,-,2250.0,-,-,0,0,0,5,2170,2290,5760,2950
TXO,202703,20270317.0,49400.0,Put,-,-,-,-,5800.0,-,-,0,0,0,1,5660,5940,5560,5560
TXO,202703,20270317.0,49600.0,Call,-,-,-,-,2180.0,-,-,0,0,0,1,2120,2240,3030,3030
TXO,202703,20270317.0,49600.0,Put,-,-,-,-,5930.0,-,-,0,0,0,1,5800,6060,5680,5680
TXO,202703,20270317.0,49800.0,Call,-,-,-,-,2090.0,-,-,0,0,0,1,2030,2150,2950,2950
TXO,202703,20270317.0,49800.0,Put,-,-,-,-,6040.0,-,-,0,0,0,1,5940,6200,5800,5800
TXO,202703,20270317.0,50000.0,Call,-,-,-,-,2020.0,-,-,1,0,1,34,1970,2080,7300,1800
TXO,202703,20270317.0,50000.0,Put,-,-,-,-,6170.0,-,-,0,0,0,20,6040,6290,10120,5930
TXO,202703,20270317.0,50200.0,Call,1610,1610,1610,1610,1960.0,▼-290,▼-15.26%,0,1,1,1,1910,2020,5650,1610
TXO,202703,20270317.0,50200.0,Put,-,-,-,-,6310.0,-,-,0,0,0,1,6210,6470,6050,6050
TXO,202703,20270317.0,50400.0,Call,-,-,-,-,1900.0,-,-,0,0,0,5,1840,1950,2860,1750
TXO,202703,20270317.0,50400.0,Put,-,-,-,-,6450.0,-,-,0,0,0,1,6330,6600,6200,6200
TXO,202703,20270317.0,50600.0,Call,-,-,-,-,1850.0,-,-,0,0,0,1,1790,1890,2800,2240
TXO,202703,20270317.0,50600.0,Put,-,-,-,-,6590.0,-,-,0,0,0,1,6460,6730,6300,6300
TXO,202703,20270317.0,50800.0,Call,-,-,-,-,1790.0,-,-,0,0,0,2,1730,1830,2580,1770
TXO,202703,20270317.0,50800.0,Put,-,-,-,-,6730.0,-,-,0,0,0,1,6600,6870,6430,6430
TXO,202703,20270317.0,51000.0,Call,1480,1480,1480,1480,1740.0,▼-190,▼-11.38%,0,1,1,3,1670,1770,6190,1480
TXO,202703,20270317.0,51000.0,Put,-,-,-,-,6880.0,-,-,0,0,0,1,6760,7070,6560,6560
TXO,202703,20270317.0,51200.0,Call,-,-,-,-,1680.0,-,-,0,0,0,3,1640,1730,3190,1560
TXO,202703,20270317.0,51200.0,Put,-,-,-,-,7020.0,-,-,0,0,0,1,6890,7170,6690,6690
TXO,202703,20270317.0,51400.0,Call,-,-,-,-,1630.0,-,-,0,0,0,1,1570,1660,5950,1480
TXO,202703,20270317.0,51400.0,Put,-,-,-,-,7160.0,-,-,0,0,0,1,7050,7360,6830,6830
TXO,202703,20270317.0,51600.0,Call,-,-,-,-,1580.0,-,-,0,0,0,5,1520,1610,5400,1490
TXO,202703,20270317.0,51600.0,Put,-,-,-,-,7310.0,-,-,0,0,0,1,7180,7470,6960,6960
TXO,202703,20270317.0,51800.0,Call,-,-,-,-,1520.0,-,-,0,0,0,1,1470,1560,4720,4600
TXO,202703,20270317.0,51800.0,Put,-,-,-,-,7450.0,-,-,0,0,0,1,7330,7620,7090,7090
TXO,202703,20270317.0,52000.0,Call,-,-,-,-,1470.0,-,-,2,0,2,13,1430,1520,5800,1410
TXO,202703,20270317.0,52000.0,Put,-,-,-,-,7600.0,-,-,0,0,0,1,7480,7770,7230,7230
TXO,202703,20270317.0,52200.0,Call,-,-,-,-,1410.0,-,-,0,0,0,1,1370,1460,2120,2120
TXO,202703,20270317.0,52200.0,Put,-,-,-,-,7740.0,-,-,0,0,0,1,7640,7820,7370,7370
TXO,202703,20270317.0,52400.0,Call,-,-,-,-,1360.0,-,-,0,0,0,1,1320,1410,4900,4500
TXO,202703,20270317.0,52400.0,Put,-,-,-,-,7890.0,-,-,0,0,0,1,7790,7970,7510,7510
TXO,202703,20270317.0,52600.0,Call,-,-,-,-,1320.0,-,-,0,0,0,2,1270,1360,2230,1660
TXO,202703,20270317.0,52600.0,Put,-,-,-,-,8040.0,-,-,0,0,0,1,7940,8130,7650,7650
TXO,202703,20270317.0,52800.0,Call,-,-,-,-,1270.0,-,-,0,0,0,1,1230,1320,4470,1350
TXO,202703,20270317.0,52800.0,Put,-,-,-,-,8190.0,-,-,0,0,0,1,8090,8280,7790,7790
TXO,202703,20270317.0,53000.0,Call,-,-,-,-,1230.0,-,-,2,0,2,7,1180,1270,4850,1160
TXO,202703,20270317.0,53000.0,Put,-,-,-,-,8350.0,-,-,0,0,0,0,8250,8430,-,-
TXO,202703,20270317.0,53200.0,Call,-,-,-,-,1190.0,-,-,0,0,0,2,1140,1230,4700,1280
TXO,202703,20270317.0,53200.0,Put,-,-,-,-,8510.0,-,-,0,0,0,1,8410,8630,8070,8070
TXO,202703,20270317.0,53400.0,Call,-,-,-,-,1150.0,-,-,0,0,0,1,1100,1190,1860,1780
TXO,202703,20270317.0,53400.0,Put,-,-,-,-,8670.0,-,-,0,0,0,1,8560,8750,8400,8220
TXO,202703,20270317.0,53600.0,Call,-,-,-,-,1120.0,-,-,0,0,0,2,1060,1150,1890,1730
TXO,202703,20270317.0,53600.0,Put,-,-,-,-,8830.0,-,-,0,0,0,0,8730,8910,-,-
TXO,202703,20270317.0,53800.0,Call,-,-,-,-,1080.0,-,-,0,0,0,1,1020,1110,4600,1200
TXO,202703,20270317.0,53800.0,Put,-,-,-,-,8990.0,-,-,0,0,0,0,8880,9070,-,-
TXO,202703,20270317.0,54000.0,Call,905,990,905,990,1040.0,▼-30,▼-2.94%,0,2,2,17,1000,1090,4820,905
TXO,202703,20270317.0,54000.0,Put,-,-,-,-,9150.0,-,-,0,0,0,0,9050,9230,-,-
TXO,202703,20270317.0,54200.0,Call,980,980,980,980,980.0,▼-5,▼-0.51%,0,1,1,1,965,1030,1770,980
TXO,202703,20270317.0,54200.0,Put,-,-,-,-,9300.0,-,-,0,0,0,0,9210,9400,-,-
TXO,202703,20270317.0,54400.0,Call,-,-,-,-,960.0,-,-,0,0,0,11,925,995,1810,1540
TXO,202703,20270317.0,54400.0,Put,-,-,-,-,9460.0,-,-,0,0,0,0,9370,9560,-,-
TXO,202703,20270317.0,54600.0,Call,-,-,-,-,930.0,-,-,0,0,0,3,895,965,1740,1690
TXO,202703,20270317.0,54600.0,Put,-,-,-,-,9630.0,-,-,0,0,0,0,9530,9730,-,-
TXO,202703,20270317.0,54800.0,Call,-,-,-,-,895.0,-,-,0,0,0,1,860,930,1450,980
TXO,202703,20270317.0,54800.0,Put,-,-,-,-,9790.0,-,-,0,0,0,0,9700,9900,-,-
TXO,202703,20270317.0,55000.0,Call,-,-,-,-,865.0,-,-,1,0,1,5,830,900,3600,875
TXO,202703,20270317.0,55000.0,Put,-,-,-,-,9960.0,-,-,0,0,0,0,9870,10060,-,-
TXO,202703,20270317.0,55200.0,Call,-,-,-,-,835.0,-,-,0,0,0,2,800,870,4510,1700
TXO,202703,20270317.0,55200.0,Put,-,-,-,-,10130.0,-,-,0,0,0,0,10030,10240,-,-
TXO,202703,20270317.0,55400.0,Call,-,-,-,-,805.0,-,-,0,0,0,1,770,835,1320,1320
TXO,202703,20270317.0,55400.0,Put,-,-,-,-,10300.0,-,-,0,0,0,0,10200,10400,-,-
TXO,202703,20270317.0,55600.0,Call,-,-,-,-,775.0,-,-,0,0,0,1,745,810,1730,1730
TXO,202703,20270317.0,55600.0,Put,-,-,-,-,10470.0,-,-,0,0,0,0,10370,10610,-,-
TXO,202703,20270317.0,55800.0,Call,-,-,-,-,750.0,-,-,0,0,0,2,720,780,4340,1240
TXO,202703,20270317.0,55800.0,Put,-,-,-,-,10640.0,-,-,0,0,0,0,10550,10750,-,-
TXO,202703,20270317.0,56000.0,Call,-,-,-,-,725.0,-,-,0,0,0,6,695,755,2570,740
TXO,202703,20270317.0,56000.0,Put,-,-,-,-,10810.0,-,-,0,0,0,0,10710,10920,14710,10440
TXO,202703,20270317.0,56200.0,Call,-,-,-,-,700.0,-,-,0,0,0,2,670,730,1370,1000
TXO,202703,20270317.0,56200.0,Put,-,-,-,-,10980.0,-,-,0,0,0,0,10890,11100,-,-
TXO,202703,20270317.0,56400.0,Call,-,-,-,-,675.0,-,-,0,0,0,1,645,700,1140,1140
TXO,202703,20270317.0,56400.0,Put,-,-,-,-,11160.0,-,-,0,0,0,0,11060,11270,-,-
TXO,202703,20270317.0,56600.0,Call,-,-,-,-,650.0,-,-,0,0,0,1,625,680,1760,1220
TXO,202703,20270317.0,56600.0,Put,-,-,-,-,11330.0,-,-,0,0,0,0,11230,11440,-,-
TXO,202703,20270317.0,56800.0,Call,-,-,-,-,630.0,-,-,0,0,0,1,605,655,1070,645
TXO,202703,20270317.0,56800.0,Put,-,-,-,-,11510.0,-,-,0,0,0,0,11410,11630,-,-
TXO,202703,20270317.0,57000.0,Call,535,535,535,535,605.0,▼-110,▼-17.05%,2,1,3,10,580,630,2950,535
TXO,202703,20270317.0,57000.0,Put,-,-,-,-,11680.0,-,-,0,0,0,0,11590,11810,-,-
TXO,202703,20270317.0,57200.0,Call,-,-,-,-,585.0,-,-,0,0,0,14,560,610,3450,580
TXO,202703,20270317.0,57200.0,Put,-,-,-,-,11860.0,-,-,0,0,0,0,11790,11980,-,-
TXO,202703,20270317.0,57400.0,Call,385,560,385,560,560.0,▼-60,▼-9.68%,0,9,9,201,550,580,3760,385
TXO,202703,20270317.0,57400.0,Put,-,-,-,-,12030.0,-,-,0,0,0,0,11940,12160,-,-
