契約,到期月份 (週別),契約到期日,履約價,買賣權,開盤價,最高價,最低價,最後 成交價,結算價,漲跌價,漲跌%,*盤後交易時段成交量,*一般交易時段成交量,*合計成交量,*未沖銷 契約量,最後 最佳買價,最後 最佳賣價,歷史 最高價,歷史 最低價
TXO,202608,20260819.0,33900.0,Call,-,-,-,-,11180.0,-,-,0,0,0,0,11150,11210,-,-
TXO,202608,20260819.0,33900.0,Put,0.4,0.4,0.2,0.2,0.1,▲+0.1,-,1,33,34,2012,0.1,0.4,78,0.1
TXO,202608,20260819.0,34000.0,Call,-,-,-,-,11080.0,-,-,0,0,0,0,11050,11110,-,-
TXO,202608,20260819.0,34000.0,Put,0.4,0.4,0.1,0.2,0.1,▼-0.1,▼-33.33%,3,24,27,4734,-,0.4,660,0.1
TXO,202608,20260819.0,34100.0,Call,-,-,-,-,10980.0,-,-,0,0,0,0,10950,11010,-,-
TXO,202608,20260819.0,34100.0,Put,-,-,-,-,0.1,-,-,0,0,0,324,-,0.4,520,0.2
TXO,202608,20260819.0,34200.0,Call,-,-,-,-,10880.0,-,-,0,0,0,0,10850,10910,-,-
TXO,202608,20260819.0,34200.0,Put,-,-,-,-,0.1,-,-,10,0,10,167,0.1,0.4,520,0.1
TXO,202608,20260819.0,34300.0,Call,-,-,-,-,10780.0,-,-,0,0,0,0,10750,10810,-,-
TXO,202608,20260819.0,34300.0,Put,-,-,-,-,0.1,-,-,0,0,0,51,-,0.4,481,0.2
TXO,202608,20260819.0,34400.0,Call,-,-,-,-,10680.0,-,-,0,0,0,1,10650,10710,10370,10370
TXO,202608,20260819.0,34400.0,Put,-,-,-,-,0.1,-,-,0,0,0,55,-,0.4,515,0.4
TXO,202608,20260819.0,34500.0,Call,-,-,-,-,10580.0,-,-,0,0,0,0,10550,10610,-,-
TXO,202608,20260819.0,34500.0,Put,-,-,-,-,0.1,-,-,1,0,1,126,-,0.4,730,0.2
TXO,202608,20260819.0,34600.0,Call,-,-,-,-,10480.0,-,-,0,0,0,0,10450,10510,-,-
TXO,202608,20260819.0,34600.0,Put,0.3,0.3,0.3,0.3,0.2,0,0%,0,2,2,81,-,0.3,535,0.3
TXO,202608,20260819.0,34700.0,Call,-,-,-,-,10380.0,-,-,0,0,0,0,10350,10410,-,-
TXO,202608,20260819.0,34700.0,Put,-,-,-,-,0.2,-,-,0,0,0,51,-,0.4,595,0.4
TXO,202608,20260819.0,34800.0,Call,-,-,-,-,10280.0,-,-,0,0,0,0,10250,10310,-,-
TXO,202608,20260819.0,34800.0,Put,-,-,-,-,0.2,-,-,0,0,0,50,-,0.4,330,0.5
TXO,202608,20260819.0,34900.0,Call,-,-,-,-,10180.0,-,-,0,0,0,0,10150,10210,-,-
TXO,202608,20260819.0,34900.0,Put,0.4,0.4,0.4,0.4,0.2,▲+0.1,▲+33.33%,2,10,12,68,-,0.5,305,0.4
TXO,202608,20260819.0,35000.0,Call,-,-,-,-,10080.0,-,-,0,0,0,1,10050,10110,9770,9770
TXO,202608,20260819.0,35000.0,Put,0.3,0.4,0.2,0.2,0.2,▼-0.1,▼-33.33%,0,23,23,1063,-,0.2,800,0.2
TXO,202608,20260819.0,35100.0,Call,-,-,-,-,9980.0,-,-,0,0,0,0,9960,10010,-,-
TXO,202608,20260819.0,35100.0,Put,-,-,-,-,0.2,-,-,0,0,0,155,-,0.4,374,0.4
TXO,202608,20260819.0,35200.0,Call,-,-,-,-,9880.0,-,-,0,0,0,0,9860,9910,-,-
TXO,202608,20260819.0,35200.0,Put,-,-,-,-,0.2,-,-,0,0,0,56,-,0.4,407,3
TXO,202608,20260819.0,35300.0,Call,-,-,-,-,9780.0,-,-,0,0,0,0,9760,9810,-,-
TXO,202608,20260819.0,35300.0,Put,-,-,-,-,0.2,-,-,0,0,0,80,-,0.4,433,3
TXO,202608,20260819.0,35400.0,Call,-,-,-,-,9680.0,-,-,0,0,0,0,9660,9710,-,-
TXO,202608,20260819.0,35400.0,Put,0.3,0.3,0.3,0.3,0.2,0,0%,0,1,1,30,-,0.4,555,0.3
TXO,202608,20260819.0,35500.0,Call,-,-,-,-,9580.0,-,-,0,0,0,0,9560,9610,8400,4600
TXO,202608,20260819.0,35500.0,Put,0.3,0.3,0.3,0.3,0.2,0,0%,0,2,2,622,-,0.4,720,0.2
TXO,202608,20260819.0,35600.0,Call,-,-,-,-,9480.0,-,-,0,0,0,0,9460,9510,-,-
TXO,202608,20260819.0,35600.0,Put,-,-,-,-,0.2,-,-,1,0,1,120,-,0.4,900,0.4
TXO,202608,20260819.0,35700.0,Call,-,-,-,-,9380.0,-,-,0,0,0,2,9280,9420,7930,7920
TXO,202608,20260819.0,35700.0,Put,-,-,-,-,0.2,-,-,0,0,0,130,-,0.4,485,0.5
TXO,202608,20260819.0,35800.0,Call,-,-,-,-,9280.0,-,-,0,0,0,0,9260,9310,-,-
TXO,202608,20260819.0,35800.0,Put,0.2,0.4,0.2,0.4,0.2,▲+0.1,▲+33.33%,0,12,12,91,-,0.5,520,0.2
TXO,202608,20260819.0,35900.0,Call,-,-,-,-,9180.0,-,-,0,0,0,0,9160,9210,-,-
TXO,202608,20260819.0,35900.0,Put,0.2,0.4,0.2,0.4,0.2,▲+0.1,▲+33.33%,0,12,12,44,-,0.5,750,0.2
TXO,202608,20260819.0,36000.0,Call,-,-,-,-,9080.0,-,-,0,0,0,1,9060,9110,9920,4600
TXO,202608,20260819.0,36000.0,Put,0.2,0.4,0.2,0.2,0.2,▼-0.1,▼-33.33%,0,19,19,410,-,0.2,995,0.2
TXO,202608,20260819.0,36100.0,Call,-,-,-,-,8980.0,-,-,0,0,0,0,8960,9010,-,-
TXO,202608,20260819.0,36100.0,Put,-,-,-,-,0.2,-,-,0,0,0,23,-,0.4,510,3
TXO,202608,20260819.0,36200.0,Call,-,-,-,-,8880.0,-,-,0,0,0,0,8860,8910,-,-
TXO,202608,20260819.0,36200.0,Put,0.4,0.4,0.4,0.4,0.2,▲+0.1,▲+33.33%,0,1,1,57,-,0.4,820,0.4
TXO,202608,20260819.0,36300.0,Call,-,-,-,-,8780.0,-,-,0,0,0,0,8760,8810,-,-
TXO,202608,20260819.0,36300.0,Put,0.3,0.4,0.2,0.4,0.2,▲+0.1,▲+33.33%,0,17,17,74,-,0.5,545,0.2
TXO,202608,20260819.0,36400.0,Call,-,-,-,-,8680.0,-,-,0,0,0,0,8660,8710,-,-
TXO,202608,20260819.0,36400.0,Put,-,-,-,-,0.2,-,-,0,0,0,30,-,0.4,850,2.1
TXO,202608,20260819.0,36500.0,Call,-,-,-,-,8580.0,-,-,0,0,0,0,8560,8610,-,-
TXO,202608,20260819.0,36500.0,Put,0.2,0.4,0.2,0.4,0.2,▲+0.1,▲+33.33%,6,11,17,99,-,0.5,1030,0.2
TXO,202608,20260819.0,36600.0,Call,-,-,-,-,8480.0,-,-,0,0,0,1,8460,8510,8180,8180
TXO,202608,20260819.0,36600.0,Put,-,-,-,-,0.2,-,-,0,0,0,38,-,0.4,1130,1.5
TXO,202608,20260819.0,36700.0,Call,-,-,-,-,8380.0,-,-,0,0,0,1,8360,8410,8080,8080
TXO,202608,20260819.0,36700.0,Put,-,-,-,-,0.2,-,-,0,0,0,101,-,0.4,920,1
TXO,202608,20260819.0,36800.0,Call,-,-,-,-,8280.0,-,-,0,0,0,1,8260,8310,7980,7980
TXO,202608,20260819.0,36800.0,Put,0.2,0.4,0.2,0.4,0.2,▲+0.1,▲+33.33%,0,11,11,47,-,0.5,670,0.2
TXO,202608,20260819.0,36900.0,Call,-,-,-,-,8180.0,-,-,0,0,0,1,8160,8210,7880,7880
TXO,202608,20260819.0,36900.0,Put,0.3,0.4,0.1,0.4,0.2,▲+0.1,▲+33.33%,0,7,7,66,-,0.5,765,0.1
TXO,202608,20260819.0,37000.0,Call,-,-,-,-,8080.0,-,-,0,0,0,0,8060,8110,-,-
TXO,202608,20260819.0,37000.0,Put,0.3,0.3,0.2,0.2,0.2,▼-0.1,▼-33.33%,7,73,80,3040,0.1,0.4,1180,0.2
TXO,202608,20260819.0,37100.0,Call,-,-,-,-,7980.0,-,-,0,0,0,0,7960,8010,-,-
TXO,202608,20260819.0,37100.0,Put,-,-,-,-,0.2,-,-,0,0,0,339,-,0.4,800,0.5
TXO,202608,20260819.0,37200.0,Call,-,-,-,-,7880.0,-,-,0,0,0,0,7860,7910,-,-
TXO,202608,20260819.0,37200.0,Put,0.3,0.3,0.3,0.3,0.2,0,0%,0,3,3,3043,-,0.4,785,0.3
TXO,202608,20260819.0,37300.0,Call,-,-,-,-,7780.0,-,-,0,0,0,0,7760,7810,-,-
TXO,202608,20260819.0,37300.0,Put,0.3,0.3,0.3,0.3,0.2,▼-0.1,▼-25.00%,0,1,1,154,-,0.4,880,0.3
TXO,202608,20260819.0,37400.0,Call,-,-,-,-,7680.0,-,-,0,0,0,0,7660,7710,-,-
TXO,202608,20260819.0,37400.0,Put,-,-,-,-,0.2,-,-,0,0,0,55,-,0.4,790,0.8
TXO,202608,20260819.0,37500.0,Call,-,-,-,-,7580.0,-,-,0,0,0,0,7560,7610,6220,3800
TXO,202608,20260819.0,37500.0,Put,0.4,0.4,0.2,0.2,0.2,▼-0.2,▼-50.00%,14,3,17,1112,-,0.4,1270,0.2
TXO,202608,20260819.0,37600.0,Call,-,-,-,-,7480.0,-,-,0,0,0,0,7460,7510,-,-
TXO,202608,20260819.0,37600.0,Put,-,-,-,-,0.2,-,-,0,0,0,108,-,0.4,980,1.7
TXO,202608,20260819.0,37700.0,Call,-,-,-,-,7380.0,-,-,0,0,0,2,7140,7540,4470,4470
TXO,202608,20260819.0,37700.0,Put,0.4,0.4,0.3,0.3,0.2,▼-0.2,▼-40.00%,0,7,7,63,-,0.4,1200,0.3
TXO,202608,20260819.0,37800.0,Call,-,-,-,-,7280.0,-,-,0,0,0,0,7260,7310,8700,6410
TXO,202608,20260819.0,37800.0,Put,0.3,0.4,0.2,0.2,0.2,▼-0.3,▼-60.00%,5,14,19,45,-,0.4,990,0.2
TXO,202608,20260819.0,37900.0,Call,-,-,-,-,7180.0,-,-,0,0,0,0,7160,7200,6800,3080
TXO,202608,20260819.0,37900.0,Put,0.3,0.4,0.3,0.4,0.2,▼-0.1,▼-20.00%,0,7,7,52,-,0.4,1000,0.3
TXO,202608,20260819.0,38000.0,Call,-,-,-,-,7080.0,-,-,0,0,0,1,7060,7100,8250,4450
TXO,202608,20260819.0,38000.0,Put,0.4,0.4,0.2,0.3,0.2,▼-0.2,▼-40.00%,132,94,226,676,-,0.3,1440,0.2
TXO,202608,20260819.0,38100.0,Call,-,-,-,-,6980.0,-,-,0,0,0,0,6960,7000,5780,3090
TXO,202608,20260819.0,38100.0,Put,0.4,0.4,0.4,0.4,0.2,▼-0.2,▼-33.33%,1,6,7,112,-,0.3,1110,0.4
TXO,202608,20260819.0,38200.0,Call,-,-,-,-,6880.0,-,-,0,0,0,1,6860,6910,2840,2840
TXO,202608,20260819.0,38200.0,Put,0.4,0.4,0.4,0.4,0.2,▼-0.2,▼-33.33%,0,1,1,54,-,0.3,1120,0.4
TXO,202608,20260819.0,38300.0,Call,-,-,-,-,6780.0,-,-,0,0,0,0,6760,6800,5630,5250
TXO,202608,20260819.0,38300.0,Put,0.3,0.3,0.3,0.3,0.2,▼-0.3,▼-50.00%,1,1,2,222,-,0.3,1120,0.3
TXO,202608,20260819.0,38400.0,Call,-,-,-,-,6680.0,-,-,0,0,0,1,6660,6710,6750,2540
TXO,202608,20260819.0,38400.0,Put,0.4,0.4,0.4,0.4,0.2,▼-0.3,▼-42.86%,0,6,6,58,-,0.3,1190,0.4
TXO,202608,20260819.0,38500.0,Call,-,-,-,-,6580.0,-,-,0,0,0,2,6290,6890,7500,2400
TXO,202608,20260819.0,38500.0,Put,0.3,0.4,0.3,0.3,0.2,▼-0.4,▼-57.14%,11,14,25,167,-,0.3,1300,0.3
TXO,202608,20260819.0,38600.0,Call,-,-,-,-,6480.0,-,-,0,0,0,0,6460,6500,2770,2770
TXO,202608,20260819.0,38600.0,Put,-,-,-,-,0.2,-,-,1,0,1,23,-,0.3,1430,0.6
TXO,202608,20260819.0,38700.0,Call,-,-,-,-,6380.0,-,-,0,0,0,1,6370,6410,5780,2520
TXO,202608,20260819.0,38700.0,Put,0.3,0.4,0.3,0.4,0.2,▼-0.4,▼-50.00%,3,3,6,24,-,0.3,1310,0.3
TXO,202608,20260819.0,38800.0,Call,-,-,-,-,6280.0,-,-,0,0,0,1,6270,6310,6400,2350
TXO,202608,20260819.0,38800.0,Put,0.4,0.4,0.3,0.3,0.2,▼-0.5,▼-62.50%,1,18,19,157,0.2,0.3,1350,0.3
TXO,202608,20260819.0,38900.0,Call,-,-,-,-,6180.0,-,-,0,0,0,1,6170,6210,5980,2890
TXO,202608,20260819.0,38900.0,Put,0.4,0.4,0.4,0.4,0.2,▼-0.5,▼-55.56%,9,3,12,52,0.2,0.3,1520,0.4
TXO,202608,20260819.0,39000.0,Call,-,-,-,-,6080.0,-,-,0,0,0,10,5850,6220,6150,1890
TXO,202608,20260819.0,39000.0,Put,0.3,0.4,0.3,0.3,0.2,▼-0.6,▼-66.67%,19,274,293,1045,0.2,0.4,1770,0.3
TXO,202608,20260819.0,39100.0,Call,-,-,-,-,5980.0,-,-,0,0,0,5,5700,6120,5970,2020
TXO,202608,20260819.0,39100.0,Put,-,-,-,-,0.2,-,-,0,0,0,42,-,0.3,1550,2
TXO,202608,20260819.0,39200.0,Call,-,-,-,-,5880.0,-,-,0,0,0,1,5860,5900,4890,2080
TXO,202608,20260819.0,39200.0,Put,0.4,0.4,0.4,0.4,0.2,▼-0.5,▼-55.56%,0,6,6,60,0.1,0.3,1620,0.2
TXO,202608,20260819.0,39300.0,Call,-,-,-,-,5780.0,-,-,0,0,0,3,5680,6090,5980,2160
TXO,202608,20260819.0,39300.0,Put,0.5,0.5,0.4,0.4,0.2,▼-0.5,▼-55.56%,0,13,13,82,0.1,0.3,1600,0.4
TXO,202608,20260819.0,39400.0,Call,-,-,-,-,5680.0,-,-,0,0,0,1,5670,5710,5880,2560
TXO,202608,20260819.0,39400.0,Put,0.5,0.5,0.3,0.3,0.2,▼-0.6,▼-66.67%,1,90,91,126,-,0.4,1690,0.3
TXO,202608,20260819.0,39500.0,Call,-,-,-,-,5580.0,-,-,0,0,0,7,5430,5750,6230,1820
TXO,202608,20260819.0,39500.0,Put,0.5,0.5,0.2,0.3,0.3,▼-0.6,▼-66.67%,4,40,44,163,-,0.3,1750,0.2
TXO,202608,20260819.0,39600.0,Call,-,-,-,-,5480.0,-,-,0,0,0,0,5470,5500,5710,1880
TXO,202608,20260819.0,39600.0,Put,0.5,0.5,0.3,0.3,0.3,▼-0.7,▼-70.00%,0,13,13,90,0.2,0.3,1710,0.3
TXO,202608,20260819.0,39700.0,Call,-,-,-,-,5380.0,-,-,0,0,0,1,5370,5400,5930,1730
TXO,202608,20260819.0,39700.0,Put,0.5,0.5,0.4,0.4,0.3,▼-0.6,▼-60.00%,0,15,15,77,-,0.3,1780,0.4
TXO,202608,20260819.0,39800.0,Call,-,-,-,-,5280.0,-,-,0,0,0,1,5270,5310,5530,1700
TXO,202608,20260819.0,39800.0,Put,0.5,0.5,0.3,0.3,0.3,▼-0.7,▼-70.00%,0,117,117,284,0.2,0.3,1800,0.3
TXO,202608,20260819.0,39900.0,Call,-,-,-,-,5180.0,-,-,0,0,0,3,4940,5490,5670,1490
TXO,202608,20260819.0,39900.0,Put,0.5,0.5,0.2,0.2,0.3,▼-0.8,▼-80.00%,1,77,78,232,0.2,0.3,2110,0.2
TXO,202608,20260819.0,40000.0,Call,-,-,-,-,5080.0,-,-,0,0,0,72,4840,5250,6400,1480
TXO,202608,20260819.0,40000.0,Put,0.6,0.9,0.2,0.4,0.3,▼-0.6,▼-60.00%,26,367,393,2246,0.2,0.4,2200,0.2
TXO,202608,20260819.0,40100.0,Call,-,-,-,-,4980.0,-,-,0,0,0,13,4740,5110,6280,1500
TXO,202608,20260819.0,40100.0,Put,0.4,0.4,0.4,0.4,0.3,▼-0.6,▼-60.00%,1,15,16,82,-,0.3,1990,0.4
TXO,202608,20260819.0,40200.0,Call,-,-,-,-,4880.0,-,-,0,0,0,11,4640,4920,6190,1500
TXO,202608,20260819.0,40200.0,Put,0.4,0.4,0.4,0.4,0.3,▼-0.7,▼-63.64%,0,15,15,126,-,0.3,1940,0.4
TXO,202608,20260819.0,40300.0,Call,-,-,-,-,4780.0,-,-,0,0,0,15,4540,4920,6100,1460
TXO,202608,20260819.0,40300.0,Put,0.4,0.4,0.4,0.4,0.3,▼-0.8,▼-66.67%,3,20,23,182,-,0.3,2000,0.4
TXO,202608,20260819.0,40400.0,Call,-,-,-,-,4680.0,-,-,0,0,0,49,4440,4840,5570,1420
TXO,202608,20260819.0,40400.0,Put,0.4,0.4,0.4,0.4,0.3,▼-0.9,▼-69.23%,0,20,20,131,0.2,0.3,2000,0.4
TXO,202608,20260819.0,40500.0,Call,-,-,-,-,4580.0,-,-,0,0,0,51,4300,4790,5930,1370
TXO,202608,20260819.0,40500.0,Put,0.9,0.9,0.3,0.3,0.3,▼-1.1,▼-78.57%,2,21,23,271,0.2,0.3,2150,0.3
TXO,202608,20260819.0,40600.0,Call,-,-,-,-,4480.0,-,-,0,0,0,110,4240,4610,5840,1220
TXO,202608,20260819.0,40600.0,Put,0.8,1,0.3,0.4,0.4,▼-1.1,▼-73.33%,2,47,49,233,-,0.3,2390,0.3
TXO,202608,20260819.0,40700.0,Call,-,-,-,-,4380.0,-,-,0,0,0,57,4140,4550,5900,1310
TXO,202608,20260819.0,40700.0,Put,0.5,0.5,0.4,0.4,0.4,▼-1.2,▼-75.00%,6,38,44,122,0.2,0.3,2330,0.4
TXO,202608,20260819.0,40800.0,Call,-,-,-,-,4280.0,-,-,0,0,0,59,4040,4320,5250,1210
TXO,202608,20260819.0,40800.0,Put,1.6,1.9,0.3,0.3,0.4,▼-1.3,▼-81.25%,0,87,87,438,-,0.4,2090,0.3
TXO,202608,20260819.0,40900.0,Call,-,-,-,-,4180.0,-,-,0,0,0,18,3940,4320,5570,1260
TXO,202608,20260819.0,40900.0,Put,0.4,0.5,0.4,0.4,0.7,▼-1.7,▼-80.95%,2,39,41,263,0.2,0.4,2270,0.4
TXO,202608,20260819.0,41000.0,Call,-,-,-,-,4080.0,-,-,0,0,0,130,3840,4220,5550,985
TXO,202608,20260819.0,41000.0,Put,0.8,1.9,0.3,1.2,0.8,▼-1.3,▼-52.00%,33,222,255,600,0.5,1.1,2520,0.3
TXO,202608,20260819.0,41100.0,Call,-,-,-,-,3980.0,-,-,0,0,0,12,3750,4110,5550,1120
TXO,202608,20260819.0,41100.0,Put,-,-,-,-,0.9,-,-,4,0,4,74,-,1.3,2730,1.9
TXO,202608,20260819.0,41200.0,Call,-,-,-,-,3880.0,-,-,0,0,0,21,3650,4040,4750,1080
TXO,202608,20260819.0,41200.0,Put,2,2,1.6,1.6,1.1,▼-1.1,▼-40.74%,0,7,7,64,-,1.5,2330,0.3
TXO,202608,20260819.0,41300.0,Call,-,-,-,-,3780.0,-,-,0,0,0,241,3650,4090,5190,1000
TXO,202608,20260819.0,41300.0,Put,1.6,2.4,1.6,1.6,1.2,▼-1.2,▼-42.86%,2,10,12,102,0.4,2.6,2580,1.6
TXO,202608,20260819.0,41400.0,Call,-,-,-,-,3680.0,-,-,0,0,0,27,3550,3990,4740,970
TXO,202608,20260819.0,41400.0,Put,2.9,2.9,1.7,1.8,1.3,▼-1,▼-35.71%,7,8,15,150,0.8,1.6,2870,1.6
TXO,202608,20260819.0,41500.0,Call,-,-,-,-,3580.0,-,-,0,0,0,289,3500,3890,5040,815
TXO,202608,20260819.0,41500.0,Put,0.8,3.3,0.8,1.8,1.3,▼-1.1,▼-37.93%,21,145,166,1783,0.7,1.9,2940,0.8
TXO,202608,20260819.0,41600.0,Call,-,-,-,-,3480.0,-,-,0,0,0,45,3250,3620,4470,810
TXO,202608,20260819.0,41600.0,Put,2.9,2.9,2,2,1.5,▼-1,▼-33.33%,15,8,23,247,0.4,2.9,3000,1.8
TXO,202608,20260819.0,41700.0,Call,-,-,-,-,3380.0,-,-,0,0,0,18,3150,3520,4400,900
TXO,202608,20260819.0,41700.0,Put,2.6,2.9,1,1,1.7,▼-2,▼-66.67%,35,27,62,249,0.4,3,2450,1
TXO,202608,20260819.0,41800.0,Call,-,-,-,-,3280.0,-,-,0,0,0,255,3150,3590,4790,900
TXO,202608,20260819.0,41800.0,Put,2.3,3.5,1.9,2.3,1.9,▼-0.9,▼-28.13%,24,27,51,146,1,3,2820,1.9
TXO,202608,20260819.0,41900.0,Call,3200,3200,3200,3200,3200.0,▼-790,▼-19.80%,0,1,1,17,3090,3280,4320,700
TXO,202608,20260819.0,41900.0,Put,1.8,3.2,0.7,0.7,2.1,▼-2.8,▼-80.00%,3,34,37,176,0.3,2.6,2760,0.7
TXO,202608,20260819.0,42000.0,Call,3800,3800,3350,3390,3100.0,▼-500,▼-12.85%,5,3,8,567,3040,3390,4850,700
TXO,202608,20260819.0,42000.0,Put,2,3.9,1.4,2.1,2.1,▼-1.5,▼-41.67%,69,288,357,1187,2.1,3,3190,1.4
TXO,202608,20260819.0,42100.0,Call,-,-,-,-,3000.0,-,-,0,0,0,21,2850,3290,4720,745
TXO,202608,20260819.0,42100.0,Put,2.2,4.4,2,4.2,2.8,▲+0.6,▲+16.67%,3,15,18,76,0.1,3.8,3260,2
TXO,202608,20260819.0,42150.0,Call,-,-,-,-,2930.0,-,-,0,0,0,0,2700,2950,-,-
TXO,202608,20260819.0,42150.0,Put,2.2,4,2.2,4,2.8,▼-0.3,▼-6.98%,0,3,3,16,0.1,64,430,2.2
TXO,202608,20260819.0,42200.0,Call,-,-,-,-,2880.0,-,-,0,0,0,13,2650,3060,3870,750
TXO,202608,20260819.0,42200.0,Put,2.8,4,2,3.8,2.8,▼-0.5,▼-11.63%,25,30,55,161,1.1,4.2,2980,2
TXO,202608,20260819.0,42250.0,Call,-,-,-,-,2830.0,-,-,10,0,10,0,2600,3140,3800,2700
TXO,202608,20260819.0,42250.0,Put,3,4.6,2.6,2.6,3.2,▼-1.7,▼-39.53%,0,51,51,78,2.5,3.5,500,2.6
TXO,202608,20260819.0,42300.0,Call,-,-,-,-,2790.0,-,-,0,0,0,16,2550,2820,4770,735
TXO,202608,20260819.0,42300.0,Put,2.3,4.9,1.8,4.9,3.4,▲+0.6,▲+13.95%,12,36,48,112,0.3,4.2,2580,1.8
TXO,202608,20260819.0,42350.0,Call,-,-,-,-,2740.0,-,-,0,0,0,0,2500,2750,-,-
TXO,202608,20260819.0,42350.0,Put,5.9,5.9,5.9,5.9,3.4,▲+1.5,▲+34.09%,3,6,9,16,0.4,66,530,2.3
TXO,202608,20260819.0,42400.0,Call,-,-,-,-,2690.0,-,-,0,0,0,13,2450,2850,4130,720
TXO,202608,20260819.0,42400.0,Put,2.2,5.7,2.2,4.1,3.4,▼-0.3,▼-6.82%,22,27,49,88,1,3.4,3170,2
TXO,202608,20260819.0,42450.0,Call,-,-,-,-,2640.0,-,-,0,0,0,0,2400,2650,2560,2560
TXO,202608,20260819.0,42450.0,Put,2.6,2.6,2.6,2.6,3.6,▼-1.8,▼-40.91%,5,3,8,29,0.1,14.5,580,2.6
TXO,202608,20260819.0,42500.0,Call,-,-,-,-,2590.0,-,-,0,0,0,164,2430,2620,5200,650
TXO,202608,20260819.0,42500.0,Put,3,5.8,2,4,4.0,▼-0.7,▼-14.89%,27,203,230,748,3,4,3550,2
TXO,202608,20260819.0,42550.0,Call,-,-,-,-,2540.0,-,-,0,0,0,0,2300,2550,2410,2410
TXO,202608,20260819.0,42550.0,Put,-,-,-,-,4.0,-,-,0,0,0,12,0.3,10,200,13
TXO,202608,20260819.0,42600.0,Call,2980,2980,2740,2740,2490.0,▼-550,▼-16.72%,4,2,6,27,2410,2640,4560,645
TXO,202608,20260819.0,42600.0,Put,3.7,5.5,3.7,4.4,4.4,▼-0.9,▼-16.98%,6,14,20,92,0.1,6.4,3350,3.6
TXO,202608,20260819.0,42650.0,Call,-,-,-,-,2440.0,-,-,0,0,0,0,2200,2450,-,-
TXO,202608,20260819.0,42650.0,Put,4.5,4.6,4.4,4.5,4.8,▼-0.9,▼-16.67%,4,13,17,45,3.5,36.5,545,3.2
TXO,202608,20260819.0,42700.0,Call,-,-,-,-,2390.0,-,-,0,0,0,115,2230,2690,4530,650
TXO,202608,20260819.0,42700.0,Put,3.5,6.5,2.7,4.7,4.8,▼-0.9,▼-16.07%,12,31,43,139,1.7,5.1,3690,2.7
TXO,202608,20260819.0,42750.0,Call,-,-,-,-,2340.0,-,-,0,0,0,0,2100,2350,3180,3180
TXO,202608,20260819.0,42750.0,Put,4.1,5.8,4.1,4.8,4.8,▼-1.1,▼-18.64%,3,9,12,41,0.6,5.9,670,3.5
TXO,202608,20260819.0,42800.0,Call,-,-,-,-,2290.0,-,-,0,0,0,179,2130,2590,6700,620
TXO,202608,20260819.0,42800.0,Put,3.8,7.1,3.1,4.6,5.1,▼-1.4,▼-23.33%,58,283,341,331,2.5,4.6,3220,3
TXO,202608,20260819.0,42850.0,Call,-,-,-,-,2240.0,-,-,0,0,0,0,2000,2250,3090,2230
TXO,202608,20260819.0,42850.0,Put,6,6,4.3,4.3,5.9,▼-2,▼-31.75%,1,2,3,21,0.9,7.1,590,4.3
TXO,202608,20260819.0,42900.0,Call,-,-,-,-,2190.0,-,-,0,0,0,61,2050,2220,3890,595
TXO,202608,20260819.0,42900.0,Put,3.1,8.3,3.1,6,6.0,▼-0.8,▼-11.76%,69,41,110,153,5,8.8,3400,3.1
TXO,202608,20260819.0,42950.0,Call,-,-,-,-,2140.0,-,-,0,0,0,0,1900,2150,2990,1760
TXO,202608,20260819.0,42950.0,Put,6.7,9,6.4,6.8,6.0,▼-0.1,▼-1.45%,0,11,11,48,4,9,620,0.7
TXO,202608,20260819.0,43000.0,Call,2750,2750,2200,2200,2090.0,▼-690,▼-23.88%,0,9,9,175,2040,2390,3860,467
TXO,202608,20260819.0,43000.0,Put,2,10,2,6.2,6.2,▼-0.8,▼-11.43%,489,893,1382,2329,6.2,7,3760,2
TXO,202608,20260819.0,43050.0,Call,-,-,-,-,2040.0,-,-,0,0,0,0,1800,2050,2900,2900
TXO,202608,20260819.0,43050.0,Put,7.6,9.2,7.5,7.5,7.2,▲+0.4,▲+5.63%,15,10,25,37,1.9,10,595,3.6
TXO,202608,20260819.0,43100.0,Call,-,-,-,-,1990.0,-,-,0,0,0,31,1830,2290,4300,565
TXO,202608,20260819.0,43100.0,Put,5.5,10,5.3,7.3,7.3,▲+0.1,▲+1.39%,23,102,125,223,6.2,8.5,3700,3.2
TXO,202608,20260819.0,43150.0,Call,-,-,-,-,1940.0,-,-,0,0,0,1,1700,1960,2810,1650
TXO,202608,20260819.0,43150.0,Put,7.5,7.5,7.5,7.5,8.0,0,0%,1,1,2,48,1.2,8.9,650,5.5
TXO,202608,20260819.0,43200.0,Call,-,-,-,-,1890.0,-,-,0,0,0,383,1650,2050,3700,535
TXO,202608,20260819.0,43200.0,Put,4.3,11.5,4.3,6.5,8.5,▼-1.3,▼-16.67%,63,114,177,303,7.9,8.5,3900,4
TXO,202608,20260819.0,43250.0,Call,-,-,-,-,1840.0,-,-,0,0,0,0,1770,1860,2720,1660
TXO,202608,20260819.0,43250.0,Put,6.1,12,6.1,8.9,8.9,▲+0.4,▲+4.71%,23,31,54,90,2.8,14,655,4
TXO,202608,20260819.0,43300.0,Call,1840,1840,1700,1700,1790.0,▼-900,▼-34.62%,0,2,2,40,1740,1830,4050,505
TXO,202608,20260819.0,43300.0,Put,4.6,12.5,4.6,11,9.7,▲+1.7,▲+18.28%,12,577,589,546,3.5,11.5,3590,4
TXO,202608,20260819.0,43350.0,Call,-,-,-,-,1740.0,-,-,0,0,0,0,1670,1760,2630,1580
TXO,202608,20260819.0,43350.0,Put,10.5,12.5,7,10,10.0,▲+0.5,▲+5.26%,6,82,88,123,10,11.5,810,3.7
TXO,202608,20260819.0,43400.0,Call,-,-,-,-,1690.0,-,-,0,0,0,68,1530,2000,5190,505
TXO,202608,20260819.0,43400.0,Put,8,14,7.5,10.5,10.5,▲+0.7,▲+7.14%,25,314,339,504,11,12,3910,4
TXO,202608,20260819.0,43450.0,Call,-,-,-,-,1640.0,-,-,0,0,0,0,1410,1660,2540,1750
TXO,202608,20260819.0,43450.0,Put,10,15,10,11.5,12.5,▲+1.5,▲+15.00%,3,44,47,122,11.5,13,635,4
TXO,202608,20260819.0,43500.0,Call,1940,1940,1920,1920,1600.0,▼-480,▼-20.00%,2,2,4,307,1380,1820,3900,450
TXO,202608,20260819.0,43500.0,Put,5,16.5,5,14,14.0,▲+3.5,▲+33.33%,151,570,721,1027,13.5,14.5,4330,4.5
TXO,202608,20260819.0,43550.0,Call,-,-,-,-,1550.0,-,-,0,0,0,0,1400,1560,2450,1680
TXO,202608,20260819.0,43550.0,Put,7,17.5,7,15,15.0,▲+4,▲+36.36%,93,86,179,118,14,16,915,6
TXO,202608,20260819.0,43600.0,Call,-,-,-,-,1500.0,-,-,0,0,0,241,1260,1670,3120,426
TXO,202608,20260819.0,43600.0,Put,3,18.5,3,17,17.0,▲+5,▲+41.67%,159,225,384,764,15.5,17,4280,3
TXO,202608,20260819.0,43650.0,Call,-,-,-,-,1450.0,-,-,0,0,0,0,1210,1470,2400,2000
TXO,202608,20260819.0,43650.0,Put,7.9,20.5,7.9,18.5,18.5,▲+6.5,▲+54.17%,34,248,282,109,17,18.5,855,4.5
TXO,202608,20260819.0,43700.0,Call,-,-,-,-,1400.0,-,-,0,0,0,41,1240,1440,2390,430
TXO,202608,20260819.0,43700.0,Put,9.5,22.5,5.5,20,20.0,▲+7.5,▲+60.00%,157,295,452,827,20,20.5,3980,4
TXO,202608,20260819.0,43750.0,Call,-,-,-,-,1350.0,-,-,0,0,0,0,1110,1370,2270,1530
TXO,202608,20260819.0,43750.0,Put,10.5,23,7.5,19.5,21.0,▲+6.5,▲+50.00%,46,209,255,127,20.5,22.5,860,5.4
TXO,202608,20260819.0,43800.0,Call,1720,1720,1420,1420,1310.0,▼-680,▼-32.38%,0,7,7,61,1290,1320,2780,415
TXO,202608,20260819.0,43800.0,Put,4.1,25.5,4.1,24,24.0,▲+10,▲+71.43%,177,497,674,440,24,24.5,4560,4.1
TXO,202608,20260819.0,43850.0,Call,-,-,-,-,1260.0,-,-,0,0,0,0,1230,1270,1720,1720
TXO,202608,20260819.0,43850.0,Put,9.5,28,9.5,26,26.0,▲+11,▲+73.33%,47,221,268,136,25,27,1070,5.6
TXO,202608,20260819.0,43900.0,Call,1730,1730,1630,1630,1210.0,▼-370,▼-18.50%,0,10,10,149,1190,1230,4210,372
TXO,202608,20260819.0,43900.0,Put,11.5,29.5,7.8,29,29.0,▲+13,▲+81.25%,56,549,605,453,28,29.5,4620,6.1
TXO,202608,20260819.0,43950.0,Call,-,-,-,-,1160.0,-,-,0,0,0,1,1140,1180,2650,1170
TXO,202608,20260819.0,43950.0,Put,11.5,33,9,32,32.0,▲+16,▲+100.00%,52,347,399,170,30.5,32.5,1100,7.3
TXO,202608,20260819.0,44000.0,Call,1750,1750,1140,1140,1120.0,▼-760,▼-40.00%,11,11,22,407,1110,1130,5710,162
TXO,202608,20260819.0,44000.0,Put,10.5,36,8.2,35.5,35.5,▲+18.5,▲+108.82%,969,2816,3785,2525,35.5,36,4760,6.5
TXO,202608,20260819.0,44050.0,Call,-,-,-,-,1070.0,-,-,0,0,0,0,1060,1090,1590,1060
TXO,202608,20260819.0,44050.0,Put,12,39,9.9,38,38.0,▲+20.5,▲+117.14%,94,559,653,523,37.5,39.5,1180,4
TXO,202608,20260819.0,44100.0,Call,1220,1220,1030,1030,1030.0,▼-780,▼-43.09%,0,4,4,105,1010,1040,3140,310
TXO,202608,20260819.0,44100.0,Put,12,43.5,9.9,42,42.0,▲+22,▲+110.00%,153,684,837,734,42.5,43.5,4260,6.3
TXO,202608,20260819.0,44150.0,Call,-,-,-,-,980.0,-,-,0,0,0,0,975,990,1930,1930
TXO,202608,20260819.0,44150.0,Put,11.5,47.5,10,46,46.0,▲+24.5,▲+113.95%,134,532,666,233,45.5,47.5,1170,7.6
TXO,202608,20260819.0,44200.0,Call,1560,1560,950,950,950.0,▼-760,▼-44.44%,3,264,267,226,930,945,5430,328
TXO,202608,20260819.0,44200.0,Put,13,53,11,51,51.0,▲+29.5,▲+137.21%,285,1415,1700,679,50,52,4160,3
TXO,202608,20260819.0,44250.0,Call,-,-,-,-,900.0,-,-,0,0,0,0,885,900,2050,1000
TXO,202608,20260819.0,44250.0,Put,12.5,56,12.5,56,56.0,▲+31,▲+124.00%,76,611,687,174,56,58,1150,9.2
TXO,202608,20260819.0,44300.0,Call,1550,1550,940,940,850.0,▼-670,▼-41.61%,0,72,72,848,840,855,3130,310
TXO,202608,20260819.0,44300.0,Put,14.5,64,13.5,63,63.0,▲+37,▲+142.31%,390,1732,2122,641,61,64,3610,5.7
TXO,202608,20260819.0,44350.0,Call,950,950,950,950,800.0,▼-620,▼-39.49%,0,1,1,4,795,810,1760,950
TXO,202608,20260819.0,44350.0,Put,15.5,70,14,70,70.0,▲+40.5,▲+137.29%,185,939,1124,438,68,71,1060,9
TXO,202608,20260819.0,44400.0,Call,1440,1440,790,790,755.0,▼-730,▼-48.03%,0,7,7,154,755,765,5440,289
TXO,202608,20260819.0,44400.0,Put,18,76,15.5,76,76.0,▲+43.5,▲+133.85%,464,1745,2209,697,75,77,3350,10
TXO,202608,20260819.0,44450.0,Call,930,930,930,930,715.0,▼-540,▼-36.73%,0,1,1,53,710,745,1860,890
TXO,202608,20260819.0,44450.0,Put,21,85,18,84,84.0,▲+50.5,▲+150.75%,183,816,999,273,82,85,1340,11
TXO,202608,20260819.0,44500.0,Call,1430,1430,700,700,670.0,▼-720,▼-50.70%,16,37,53,320,670,685,5760,280
TXO,202608,20260819.0,44500.0,Put,20,94,17,92,92.0,▲+56,▲+155.56%,989,4433,5422,1905,91,94,5000,10
TXO,202608,20260819.0,44550.0,Call,970,1060,730,850,630.0,▼-530,▼-38.41%,0,86,86,18,630,650,1650,730
TXO,202608,20260819.0,44550.0,Put,24,102,20,101,101.0,▲+60,▲+146.34%,258,1059,1317,209,101,103,1280,13
TXO,202608,20260819.0,44600.0,Call,1080,1080,620,640,590.0,▼-690,▼-51.88%,0,10,10,140,590,605,3170,245
TXO,202608,20260819.0,44600.0,Put,26,113,20,112,112.0,▲+70.5,▲+169.88%,604,2443,3047,748,111,112,3710,13.5
TXO,202608,20260819.0,44650.0,Call,960,960,555,555,555.0,▼-725,▼-56.64%,0,5,5,18,550,565,1460,555
TXO,202608,20260819.0,44650.0,Put,26.5,122,23.5,120,120.0,▲+74.5,▲+163.74%,208,1100,1308,243,121,124,1410,13
TXO,202608,20260819.0,44700.0,Call,760,760,510,515,515.0,▼-725,▼-58.47%,8,23,31,101,515,525,4110,240
TXO,202608,20260819.0,44700.0,Put,30,136,23.5,134,134.0,▲+84,▲+168.00%,844,2999,3843,802,133,135,5000,11
TXO,202608,20260819.0,44750.0,Call,600,690,491,491,490.0,▼-699,▼-58.74%,0,6,6,16,479,486,1480,491
TXO,202608,20260819.0,44750.0,Put,31.5,150,27,148,148.0,▲+90,▲+155.17%,293,960,1253,183,147,150,995,15
TXO,202608,20260819.0,44800.0,Call,1130,1180,440,440,440.0,▼-710,▼-61.74%,7,81,88,505,445,450,2690,222
TXO,202608,20260819.0,44800.0,Put,36,165,29,163,163.0,▲+101,▲+162.90%,1221,3915,5136,1294,162,164,4360,17
TXO,202608,20260819.0,44850.0,Call,960,960,409,410,410.0,▼-690,▼-62.73%,1,60,61,27,409,416,1400,409
TXO,202608,20260819.0,44850.0,Put,40,180,31.5,178,178.0,▲+112,▲+169.70%,370,1199,1569,157,177,180,955,19
TXO,202608,20260819.0,44900.0,Call,745,745,372,375,375.0,▼-685,▼-64.62%,4,146,150,93,376,383,4180,230
TXO,202608,20260819.0,44900.0,Put,36,196,34.5,195,195.0,▲+126,▲+182.61%,940,3287,4227,523,194,196,4990,20
TXO,202608,20260819.0,44950.0,Call,915,965,344,344,344.0,▼-666,▼-65.94%,8,100,108,98,344,351,1480,344
TXO,202608,20260819.0,44950.0,Put,48,215,38,214,214.0,▲+141,▲+193.15%,561,1555,2116,481,210,214,1420,21.5
TXO,202608,20260819.0,45000.0,Call,945,950,310,320,320.0,▼-640,▼-66.67%,69,1083,1152,790,317,321,5490,182
TXO,202608,20260819.0,45000.0,Put,57,236,41.5,230,230.0,▲+150,▲+187.50%,4709,10213,14922,2707,230,235,5700,24
TXO,202608,20260819.0,45050.0,Call,955,955,283,283,283.0,▼-647,▼-69.57%,15,237,252,67,285,291,1400,283
TXO,202608,20260819.0,45050.0,Put,66,256,47,252,252.0,▲+165,▲+189.66%,422,1839,2261,659,251,256,1300,26.5
TXO,202608,20260819.0,45100.0,Call,855,855,251,265,265.0,▼-620,▼-70.06%,20,517,537,210,261,264,5260,222
TXO,202608,20260819.0,45100.0,Put,73,279,51,273,273.0,▲+173,▲+173.00%,1333,3477,4810,622,274,278,5100,29
TXO,202608,20260819.0,45150.0,Call,550,570,231,234,234.0,▼-611,▼-72.31%,14,373,387,114,232,238,1050,231
TXO,202608,20260819.0,45150.0,Put,73,300,58,297,297.0,▲+189,▲+175.00%,695,1546,2241,220,297,303,1030,30
TXO,202608,20260819.0,45200.0,Call,780,780,204,211,211.0,▼-594,▼-73.79%,24,1378,1402,386,210,213,3510,188
TXO,202608,20260819.0,45200.0,Put,76,331,62,327,327.0,▲+206,▲+170.25%,1989,5346,7335,781,327,330,5160,34
TXO,202608,20260819.0,45250.0,Call,735,735,182,189,189.0,▼-566,▼-74.97%,32,866,898,84,189,190,1150,182
TXO,202608,20260819.0,45250.0,Put,87,360,70,350,350.0,▲+223,▲+175.59%,897,1771,2668,214,351,357,690,35.5
TXO,202608,20260819.0,45300.0,Call,655,725,163,168,168.0,▼-557,▼-76.83%,56,2055,2111,524,167,170,3490,163
TXO,202608,20260819.0,45300.0,Put,90,388,78,380,380.0,▲+241,▲+173.38%,1565,3984,5549,459,379,380,2910,41
TXO,202608,20260819.0,45350.0,Call,675,675,144,150,150.0,▼-540,▼-78.26%,424,1194,1618,324,148,150,1200,144
TXO,202608,20260819.0,45350.0,Put,103,420,87,415,415.0,▲+256,▲+161.01%,1092,2561,3653,308,412,415,945,45
TXO,202608,20260819.0,45400.0,Call,610,630,126,131,131.0,▼-534,▼-80.30%,82,2656,2738,1105,130,132,3900,126
TXO,202608,20260819.0,45400.0,Put,116,452,96,448,448.0,▲+288,▲+180.00%,1488,3408,4896,396,442,450,5850,50
TXO,202608,20260819.0,45450.0,Call,600,610,112,113,113.0,▼-512,▼-81.92%,50,989,1039,185,112,115,950,112
TXO,202608,20260819.0,45450.0,Put,126,484,108,480,480.0,▲+303,▲+171.19%,933,1248,2181,161,476,482,1730,54
TXO,202608,20260819.0,45500.0,Call,525,570,95,101,101.0,▼-489,▼-82.88%,211,5181,5392,1189,99,100,3810,95
TXO,202608,20260819.0,45500.0,Put,144,520,118,520,520.0,▲+328,▲+170.83%,4641,6706,11347,1340,510,520,5950,62
TXO,202608,20260819.0,45550.0,Call,500,535,85,88,88.0,▼-457,▼-83.85%,42,1395,1437,236,85,88,1150,85
TXO,202608,20260819.0,45550.0,Put,152,545,132,545,545.0,▲+339,▲+164.56%,1146,1605,2751,133,545,560,1610,68
TXO,202608,20260819.0,45600.0,Call,445,500,73,76,76.0,▼-424,▼-84.80%,197,4176,4373,1387,73,76,3610,73
TXO,202608,20260819.0,45600.0,Put,155,595,144,595,595.0,▲+374,▲+169.23%,2548,3122,5670,592,590,595,5520,75
TXO,202608,20260819.0,45650.0,Call,417,459,63,66,66.0,▼-405,▼-85.99%,104,1494,1598,361,62,65,760,63
TXO,202608,20260819.0,45650.0,Put,187,625,159,625,625.0,▲+385,▲+160.42%,1165,1460,2625,118,625,635,1260,83
TXO,202608,20260819.0,45700.0,Call,408,429,53,55,55.0,▼-386,▼-87.53%,283,3964,4247,797,54,57,5150,53
TXO,202608,20260819.0,45700.0,Put,204,675,174,675,675.0,▲+421,▲+165.75%,2537,2119,4656,433,665,680,5600,92
TXO,202608,20260819.0,45750.0,Call,383,397,46,47,47.0,▼-367,▼-88.65%,141,1785,1926,474,46,47,850,46
TXO,202608,20260819.0,45750.0,Put,207,685,193,685,715.0,▲+413,▲+151.84%,1273,1190,2463,149,705,720,1000,101
TXO,202608,20260819.0,45800.0,Call,328,366,39.5,39.5,39.5,▼-350.5,▼-89.87%,1078,5043,6121,1382,39,39.5,4460,39.5
TXO,202608,20260819.0,45800.0,Put,236,765,211,740,750.0,▲+446,▲+151.70%,3315,2469,5784,771,750,765,6300,111
TXO,202608,20260819.0,45850.0,Call,293,336,34,34,34.0,▼-319,▼-90.37%,428,2223,2651,488,33,35.5,935,34
TXO,202608,20260819.0,45850.0,Put,272,800,231,800,800.0,▲+460,▲+135.29%,1173,1073,2246,316,795,805,800,124
TXO,202608,20260819.0,45900.0,Call,267,308,28.5,29.5,29.5,▼-306.5,▼-91.22%,1034,3711,4745,751,28.5,29.5,3280,28.5
TXO,202608,20260819.0,45900.0,Put,287,850,238,840,840.0,▲+496,▲+144.19%,1687,1550,3237,339,835,850,5780,136
TXO,202608,20260819.0,45950.0,Call,262,281,25.5,26,26.0,▼-285,▼-91.64%,457,1373,1830,297,23.5,25,925,25.5
TXO,202608,20260819.0,45950.0,Put,280,780,277,765,890.0,▲+383,▲+100.26%,771,566,1337,136,885,900,1110,150
TXO,202608,20260819.0,46000.0,Call,205,255,21,21,21.0,▼-266,▼-92.68%,3380,10435,13815,3823,20.5,21,4340,21
TXO,202608,20260819.0,46000.0,Put,341,940,300,940,940.0,▲+547,▲+139.19%,3843,2374,6217,683,935,945,6070,163
TXO,202608,20260819.0,46050.0,Call,221,231,15.5,19,19.0,▼-243,▼-92.75%,723,1915,2638,474,17,18.5,850,15.5
TXO,202608,20260819.0,46050.0,Put,360,955,321,955,990.0,▲+523,▲+121.06%,756,792,1548,200,980,990,955,181
TXO,202608,20260819.0,46100.0,Call,175,209,15.5,15.5,15.5,▼-221.5,▼-93.46%,700,3546,4246,1231,15,15.5,3330,15.5
TXO,202608,20260819.0,46100.0,Put,400,995,354,995,1040.0,▲+545,▲+121.11%,942,836,1778,356,1020,1040,3450,199
TXO,202608,20260819.0,46150.0,Call,130,188,13,13,13.0,▼-204,▼-94.01%,703,1114,1817,351,12.5,14,700,13
TXO,202608,20260819.0,46150.0,Put,431,925,382,885,1080.0,▲+404,▲+83.99%,478,159,637,53,1070,1090,925,190
TXO,202608,20260819.0,46200.0,Call,159,168,11.5,11.5,11.5,▼-193.5,▼-94.39%,2256,4705,6961,1223,11,11.5,3100,11.5
TXO,202608,20260819.0,46200.0,Put,475,1120,415,1110,1130.0,▲+585,▲+111.43%,1028,370,1398,117,1110,1140,3230,237
TXO,202608,20260819.0,46250.0,Call,135,150,9.8,9.9,11.0,▼-166.1,▼-94.38%,1119,1588,2707,313,9.3,11,720,9.8
TXO,202608,20260819.0,46250.0,Put,472,1080,446,965,1180.0,▲+425,▲+78.70%,217,129,346,28,1160,1190,1080,259
TXO,202608,20260819.0,46300.0,Call,116,133,9.5,9.9,9.9,▼-156.1,▼-94.04%,2414,3705,6119,1096,8.5,10,3250,9.5
TXO,202608,20260819.0,46300.0,Put,540,1220,483,1220,1230.0,▲+645,▲+112.17%,653,107,760,198,1210,1240,6180,282
TXO,202608,20260819.0,46350.0,Call,64,116,9.4,9.4,9.4,▼-134.6,▼-93.47%,739,1241,1980,292,6.2,9,625,9.4
TXO,202608,20260819.0,46350.0,Put,500,1100,500,1100,1280.0,▲+495,▲+81.82%,231,65,296,68,1260,1290,1100,309
TXO,202608,20260819.0,46400.0,Call,75,104,7.6,7.6,9.2,▼-128.4,▼-94.41%,1688,3022,4710,869,7.5,10,3160,7.6
TXO,202608,20260819.0,46400.0,Put,590,1300,550,1290,1330.0,▲+640,▲+98.46%,787,57,844,278,1310,1340,2750,332
TXO,202608,20260819.0,46450.0,Call,82,91,7.2,7.2,7.2,▼-111.8,▼-93.95%,516,966,1482,275,6.5,8,615,7.2
TXO,202608,20260819.0,46450.0,Put,620,1100,610,1100,1380.0,▲+405,▲+58.27%,75,23,98,16,1360,1480,1140,369
TXO,202608,20260819.0,46500.0,Call,52,80,6.3,6.3,7.0,▼-103.7,▼-94.27%,4122,5532,9654,1823,6.2,7,3080,6.3
TXO,202608,20260819.0,46500.0,Put,655,1420,620,1420,1420.0,▲+700,▲+97.22%,254,139,393,371,1410,1430,5120,389
TXO,202608,20260819.0,46550.0,Call,44.5,68,5.1,5.5,6.7,▼-92.5,▼-94.39%,725,968,1693,252,5,8.6,535,5.1
TXO,202608,20260819.0,46550.0,Put,730,1250,670,1250,1470.0,▲+505,▲+67.79%,81,16,97,18,1310,1560,1250,419
TXO,202608,20260819.0,46600.0,Call,46.5,61,5.2,5.4,5.5,▼-81.6,▼-93.79%,1946,2684,4630,871,5.3,5.5,3070,5.2
TXO,202608,20260819.0,46600.0,Put,755,1450,730,1450,1520.0,▲+655,▲+82.39%,121,13,134,42,1510,1530,3500,453
TXO,202608,20260819.0,46650.0,Call,47,53,5.4,5.4,5.4,▼-72.6,▼-93.08%,602,623,1225,191,3.2,6.1,505,5.4
TXO,202608,20260819.0,46650.0,Put,770,1300,770,1300,1570.0,▲+460,▲+54.76%,45,3,48,14,1400,1580,1300,500
TXO,202608,20260819.0,46700.0,Call,33.5,46,4.6,4.6,5.1,▼-65.4,▼-93.43%,1509,1896,3405,676,4.4,8,2920,4.6
TXO,202608,20260819.0,46700.0,Put,840,1600,810,1600,1620.0,▲+720,▲+81.82%,25,26,51,290,1610,1630,6560,535
TXO,202608,20260819.0,46750.0,Call,36,39.5,5,5.5,4.9,▼-56.5,▼-91.13%,625,813,1438,226,3,5.9,447,5
TXO,202608,20260819.0,46750.0,Put,925,1070,925,1070,1670.0,▲+145,▲+15.68%,27,2,29,20,1530,1680,1110,585
TXO,202608,20260819.0,46800.0,Call,26.5,35.5,4.1,4.1,4.4,▼-48.9,▼-92.26%,1930,2303,4233,1323,4,5.4,4350,4.1
TXO,202608,20260819.0,46800.0,Put,890,1590,890,1540,1720.0,▲+575,▲+59.59%,50,20,70,40,1700,1730,6640,605
TXO,202608,20260819.0,46850.0,Call,25,30.5,4.5,4.5,4.4,▼-41,▼-90.11%,470,635,1105,266,3,4.5,396,4.5
TXO,202608,20260819.0,46850.0,Put,-,-,-,-,1770.0,-,-,13,0,13,5,1620,1780,985,670
TXO,202608,20260819.0,46900.0,Call,21,26.5,3.8,4.2,4.2,▼-37.3,▼-89.88%,1049,1051,2100,563,2,5,2600,3.8
TXO,202608,20260819.0,46900.0,Put,1020,1340,1020,1340,1820.0,▲+290,▲+27.62%,17,2,19,19,1800,1830,3270,700
TXO,202608,20260819.0,46950.0,Call,20.5,23.5,4,4.2,3.8,▼-32.3,▼-88.49%,362,396,758,247,3,4.3,178,4
TXO,202608,20260819.0,46950.0,Put,1150,1150,1050,1050,1870.0,▼-50,▼-4.55%,13,3,16,8,1700,1880,1150,875
TXO,202608,20260819.0,47000.0,Call,14,20,3.1,3.5,3.5,▼-29,▼-89.23%,2876,3570,6446,3168,3.1,3.6,4340,3.1
TXO,202608,20260819.0,47000.0,Put,1110,1780,1100,1780,1920.0,▲+640,▲+56.14%,72,40,112,48,1900,1930,7100,760
TXO,202608,20260819.0,47050.0,Call,18.5,18.5,2.9,2.9,2.9,▼-26.1,▼-90.00%,580,351,931,291,2.5,3.6,176,2.9
TXO,202608,20260819.0,47050.0,Put,-,-,-,-,1970.0,-,-,1,0,1,6,1800,1980,1300,1040
TXO,202608,20260819.0,47100.0,Call,12,15.5,2.7,2.7,2.7,▼-22.8,▼-89.41%,501,1038,1539,1080,2.7,3.6,2300,2.7
TXO,202608,20260819.0,47100.0,Put,1530,1530,1530,1530,2020.0,▲+290,▲+23.39%,39,1,40,8,1710,2040,6650,890
TXO,202608,20260819.0,47150.0,Call,12.5,13.5,2,2.4,2.7,▼-19.6,▼-89.09%,231,356,587,136,1.3,3.5,130,2
TXO,202608,20260819.0,47150.0,Put,-,-,-,-,2070.0,-,-,0,0,0,0,1760,2080,-,-
TXO,202608,20260819.0,47200.0,Call,10,11.5,2.5,2.5,2.5,▼-17,▼-87.18%,674,1403,2077,741,2.4,5,2300,2.5
TXO,202608,20260819.0,47200.0,Put,-,-,-,-,2120.0,-,-,2,0,2,17,1810,2140,4700,915
TXO,202608,20260819.0,47250.0,Call,14.5,14.5,2.1,2.2,2.2,▼-15.8,▼-87.78%,194,337,531,264,2.2,3.6,147,2.1
TXO,202608,20260819.0,47250.0,Put,-,-,-,-,2170.0,-,-,0,0,0,0,1860,2180,-,-
TXO,202608,20260819.0,47300.0,Call,8,9.5,2.5,2.5,2.2,▼-13,▼-83.87%,443,1284,1727,673,0.9,2.8,2530,2.5
TXO,202608,20260819.0,47300.0,Put,-,-,-,-,2220.0,-,-,0,0,0,3,1910,2250,7440,995
TXO,202608,20260819.0,47350.0,Call,6,6.6,2,2,2.2,▼-11.5,▼-85.19%,110,105,215,139,1.5,2.6,114,2
TXO,202608,20260819.0,47350.0,Put,-,-,-,-,2270.0,-,-,0,0,0,2,2130,2300,1480,1480
TXO,202608,20260819.0,47400.0,Call,7.1,7.5,2,2,2.0,▼-10,▼-83.33%,262,405,667,763,0.6,2.1,3300,2
TXO,202608,20260819.0,47400.0,Put,1600,2080,1600,2080,2320.0,▲+560,▲+36.84%,14,18,32,9,2280,2350,7200,1140
TXO,202608,20260819.0,47500.0,Call,5,7.9,1.4,1.9,1.9,▼-8.1,▼-81.00%,687,1631,2318,1253,1.8,2,3100,1.4
TXO,202608,20260819.0,47500.0,Put,2150,2420,2080,2420,2420.0,▲+800,▲+49.38%,20,37,57,19,2400,2430,4200,1250
TXO,202608,20260819.0,47600.0,Call,5.2,5.2,1.2,2,1.6,▼-6.4,▼-76.19%,213,818,1031,610,1.6,2,2000,1.2
TXO,202608,20260819.0,47600.0,Put,-,-,-,-,2520.0,-,-,0,0,0,17,2480,2550,5010,1410
TXO,202608,20260819.0,47700.0,Call,4,4,1.1,1.5,1.5,▼-5.5,▼-78.57%,94,531,625,415,1.5,1.7,3790,1.1
TXO,202608,20260819.0,47700.0,Put,-,-,-,-,2620.0,-,-,0,0,0,3,2580,2650,3630,1870
TXO,202608,20260819.0,47800.0,Call,2.3,3,0.8,1.2,1.2,▼-4.8,▼-80.00%,409,278,687,930,0.2,1.4,3600,0.8
TXO,202608,20260819.0,47800.0,Put,-,-,-,-,2720.0,-,-,12,0,12,2,2680,2760,3610,1380
TXO,202608,20260819.0,47900.0,Call,2.9,2.9,0.6,1,1.0,▼-4.1,▼-80.39%,28,56,84,202,0.2,1.2,2390,0.6
TXO,202608,20260819.0,47900.0,Put,-,-,-,-,2820.0,-,-,0,0,0,1,2770,2830,3800,2840
TXO,202608,20260819.0,48000.0,Call,3,3,0.8,0.8,0.8,▼-3.2,▼-80.00%,456,4182,4638,4539,0.8,1,3140,0.7
TXO,202608,20260819.0,48000.0,Put,2680,2680,2680,2680,2920.0,▲+560,▲+26.42%,0,4,4,31,2870,2960,7990,1550
TXO,202608,20260819.0,48100.0,Call,2.2,2.2,0.8,0.9,0.7,▼-2.9,▼-76.32%,39,46,85,227,0.3,1,2200,0.8
TXO,202608,20260819.0,48100.0,Put,-,-,-,-,3020.0,-,-,0,0,0,0,3000,3030,2100,1630
TXO,202608,20260819.0,48200.0,Call,2.3,2.3,0.1,1,0.7,▼-2.8,▼-73.68%,46,1238,1284,1218,0.2,1,2210,0.1
TXO,202608,20260819.0,48200.0,Put,-,-,-,-,3120.0,-,-,1,0,1,3,3070,3160,3870,1820
TXO,202608,20260819.0,48300.0,Call,2,2,0.4,1,0.6,▼-1.7,▼-62.96%,35,868,903,234,0.2,1.1,2840,0.4
TXO,202608,20260819.0,48300.0,Put,-,-,-,-,3220.0,-,-,0,0,0,1,3200,3230,3950,1880
TXO,202608,20260819.0,48400.0,Call,0.2,1,0.2,0.8,0.6,▼-1.7,▼-68.00%,24,44,68,253,0.4,0.8,2210,0.2
TXO,202608,20260819.0,48400.0,Put,-,-,-,-,3320.0,-,-,0,0,0,1,3300,3330,3560,2260
TXO,202608,20260819.0,48500.0,Call,2,2,0.5,1,0.5,▼-1.4,▼-58.33%,27,77,104,612,0.5,1.1,2570,0.5
TXO,202608,20260819.0,48500.0,Put,-,-,-,-,3420.0,-,-,0,0,0,2,3360,3470,5980,3300
TXO,202608,20260819.0,48600.0,Call,1.1,1.1,0.3,0.7,0.5,▼-1.6,▼-69.57%,44,56,100,281,0.3,0.8,2780,0.3
TXO,202608,20260819.0,48600.0,Put,-,-,-,-,3520.0,-,-,0,0,0,1,3500,3530,3610,2520
TXO,202608,20260819.0,48700.0,Call,1,1,0.5,0.6,0.4,▼-1.6,▼-72.73%,14,144,158,331,0.2,0.7,2050,0.5
TXO,202608,20260819.0,48700.0,Put,-,-,-,-,3620.0,-,-,0,0,0,1,3600,3630,6230,3160
TXO,202608,20260819.0,48800.0,Call,3.3,3.3,3.3,3.3,0.4,▲+1.1,▲+50.00%,19,1,20,149,0.3,0.7,1890,1
TXO,202608,20260819.0,48800.0,Put,2890,2890,2890,2890,3720.0,▼-20,▼-0.69%,0,1,1,1,3700,3730,3400,2890
TXO,202608,20260819.0,48900.0,Call,0.6,0.6,0.6,0.6,0.4,▼-1.4,▼-70.00%,31,1,32,221,0.2,0.6,1870,0.6
TXO,202608,20260819.0,48900.0,Put,-,-,-,-,3820.0,-,-,0,0,0,1,3800,3830,3390,3390
TXO,202608,20260819.0,49000.0,Call,0.7,1.3,0.2,1.3,0.4,▼-0.6,▼-31.58%,6,121,127,1497,0.3,0.8,2960,0.2
TXO,202608,20260819.0,49000.0,Put,3250,3610,3250,3610,3920.0,▲+500,▲+16.08%,0,3,3,3,3880,4020,4960,3250
TXO,202608,20260819.0,49100.0,Call,0.3,0.3,0.3,0.3,0.3,▼-1.2,▼-80.00%,15,9,24,509,0.2,1.6,2680,0.3
TXO,202608,20260819.0,49100.0,Put,-,-,-,-,4020.0,-,-,0,0,0,0,4000,4030,4580,4580
TXO,202608,20260819.0,49200.0,Call,0.2,0.5,0.2,0.2,0.3,▼-1.3,▼-86.67%,1,18,19,209,-,4,1000,0.2
TXO,202608,20260819.0,49200.0,Put,-,-,-,-,4120.0,-,-,0,0,0,1,4100,4130,5520,5520
TXO,202608,20260819.0,49300.0,Call,0.5,0.5,0.2,0.2,0.3,▼-1.3,▼-86.67%,53,38,91,691,0.2,7.9,1820,0.2
TXO,202608,20260819.0,49300.0,Put,-,-,-,-,4220.0,-,-,0,0,0,0,3910,4230,-,-
TXO,202608,20260819.0,49400.0,Call,0.2,0.7,0.2,0.3,0.3,▼-1.1,▼-78.57%,1,9,10,441,0.2,5,1520,0.2
TXO,202608,20260819.0,49400.0,Put,-,-,-,-,4320.0,-,-,0,0,0,1,4300,4330,8880,3880
TXO,202608,20260819.0,49500.0,Call,0.2,0.4,0.2,0.4,0.3,▼-0.8,▼-66.67%,2,11,13,461,-,0.7,2780,0.2
TXO,202608,20260819.0,49500.0,Put,-,-,-,-,4420.0,-,-,0,0,0,1,4400,4430,5430,4200
TXO,202608,20260819.0,49600.0,Call,0.1,0.2,0.1,0.2,0.3,▼-0.9,▼-81.82%,0,3,3,177,-,2.4,1760,0.1
TXO,202608,20260819.0,49600.0,Put,-,-,-,-,4520.0,-,-,0,0,0,0,4210,4530,-,-
TXO,202608,20260819.0,49700.0,Call,0.6,0.6,0.2,0.2,0.3,▼-0.4,▼-66.67%,1,6,7,104,0.1,2,1170,0.2
TXO,202608,20260819.0,49700.0,Put,-,-,-,-,4620.0,-,-,0,0,0,0,4310,4630,-,-
TXO,202608,20260819.0,49800.0,Call,50,50,0.2,0.2,0.3,▼-0.4,▼-66.67%,2,11,13,193,0.1,20,2530,0.2
TXO,202608,20260819.0,49800.0,Put,-,-,-,-,4720.0,-,-,0,0,0,2,4680,5000,4430,3870
TXO,202608,20260819.0,49900.0,Call,-,-,-,-,0.3,-,-,0,0,0,148,-,0.8,1550,0.7
TXO,202608,20260819.0,49900.0,Put,-,-,-,-,4820.0,-,-,0,0,0,0,4510,4830,4410,4370
TXO,202608,20260819.0,50000.0,Call,0.3,0.3,0.1,0.3,0.3,▼-0.3,▼-50.00%,16,176,192,2460,-,0.6,2580,0.1
TXO,202608,20260819.0,50000.0,Put,-,-,-,-,4920.0,-,-,0,0,0,4,4880,5120,8700,3670
TXO,202608,20260819.0,50100.0,Call,0.3,0.3,0.2,0.2,0.2,▼-0.4,▼-66.67%,0,45,45,51,-,40,1080,0.2
TXO,202608,20260819.0,50100.0,Put,-,-,-,-,5020.0,-,-,0,0,0,1,5000,5040,6780,6780
TXO,202608,20260819.0,50200.0,Call,-,-,-,-,0.2,-,-,0,0,0,66,-,0.2,1300,1
TXO,202608,20260819.0,50200.0,Put,-,-,-,-,5120.0,-,-,0,0,0,0,4810,5130,4600,4410
TXO,202608,20260819.0,50300.0,Call,-,-,-,-,0.2,-,-,1,0,1,59,-,38,1590,4.2
TXO,202608,20260819.0,50300.0,Put,-,-,-,-,5220.0,-,-,0,0,0,0,4910,5230,-,-
TXO,202608,20260819.0,50400.0,Call,0.3,0.3,0.3,0.3,0.2,▼-0.2,▼-40.00%,0,50,50,139,0.1,2,1370,0.3
TXO,202608,20260819.0,50400.0,Put,-,-,-,-,5320.0,-,-,0,0,0,0,5010,5330,4880,4770
TXO,202608,20260819.0,50500.0,Call,0.4,0.4,0.2,0.3,0.2,▼-0.2,▼-40.00%,6,26,32,320,-,30,2320,0.2
TXO,202608,20260819.0,50500.0,Put,-,-,-,-,5420.0,-,-,0,0,0,1,5400,5440,6400,5000
TXO,202608,20260819.0,50600.0,Call,-,-,-,-,0.2,-,-,0,0,0,150,-,101,1090,0.8
TXO,202608,20260819.0,50600.0,Put,-,-,-,-,5520.0,-,-,0,0,0,0,5500,5530,5010,4850
TXO,202608,20260819.0,50700.0,Call,0.3,0.3,0.3,0.3,0.2,0,0%,0,1,1,16,-,38,1050,0.3
TXO,202608,20260819.0,50700.0,Put,-,-,-,-,5620.0,-,-,0,0,0,0,5600,5630,-,-
TXO,202608,20260819.0,50800.0,Call,-,-,-,-,0.2,-,-,0,0,0,56,-,565,1440,0.8
TXO,202608,20260819.0,50800.0,Put,-,-,-,-,5720.0,-,-,0,0,0,0,5690,5730,5330,5130
TXO,202608,20260819.0,50900.0,Call,-,-,-,-,0.2,-,-,0,0,0,44,-,565,1560,1
TXO,202608,20260819.0,50900.0,Put,-,-,-,-,5820.0,-,-,0,0,0,0,5790,5830,-,-
TXO,202608,20260819.0,51000.0,Call,0.2,0.2,0.2,0.2,0.2,0,0%,22,3,25,1160,0.1,0.4,1840,0.1
TXO,202608,20260819.0,51000.0,Put,-,-,-,-,5920.0,-,-,0,0,0,1,5900,5940,7000,5030
TXO,202608,20260819.0,51100.0,Call,-,-,-,-,0.2,-,-,0,0,0,34,-,101,1100,1
TXO,202608,20260819.0,51100.0,Put,-,-,-,-,6020.0,-,-,0,0,0,0,5990,6030,-,-
TXO,202608,20260819.0,51200.0,Call,-,-,-,-,0.2,-,-,0,0,0,145,-,28,1000,0.6
TXO,202608,20260819.0,51200.0,Put,-,-,-,-,6120.0,-,-,0,0,0,0,6090,6130,-,-
TXO,202608,20260819.0,51300.0,Call,-,-,-,-,0.2,-,-,0,0,0,46,-,565,1060,0.3
TXO,202608,20260819.0,51300.0,Put,-,-,-,-,6220.0,-,-,0,0,0,0,6190,6230,-,-
TXO,202608,20260819.0,51400.0,Call,0.2,0.2,0.2,0.2,0.2,▲+0.1,-,0,3,3,116,-,565,1150,0.2
TXO,202608,20260819.0,51400.0,Put,-,-,-,-,6320.0,-,-,0,0,0,0,6290,6330,-,-
TXO,202608,20260819.0,51500.0,Call,-,-,-,-,0.2,-,-,0,0,0,75,-,56,1050,1.1
TXO,202608,20260819.0,51500.0,Put,-,-,-,-,6420.0,-,-,0,0,0,0,6390,6430,-,-
TXO,202608,20260819.0,51600.0,Call,-,-,-,-,0.2,-,-,2,0,2,17,-,565,397,0.4
TXO,202608,20260819.0,51600.0,Put,-,-,-,-,6520.0,-,-,0,0,0,0,6490,6530,-,-
TXO,202608,20260819.0,51700.0,Call,-,-,-,-,0.2,-,-,0,0,0,21,-,565,1010,3.6
TXO,202608,20260819.0,51700.0,Put,-,-,-,-,6620.0,-,-,0,0,0,0,6590,6630,-,-
TXO,202608,20260819.0,51800.0,Call,-,-,-,-,0.2,-,-,0,0,0,19,-,101,1080,1.8
TXO,202608,20260819.0,51800.0,Put,-,-,-,-,6720.0,-,-,0,0,0,0,6690,6730,-,-
TXO,202608,20260819.0,51900.0,Call,-,-,-,-,0.2,-,-,0,0,0,7,-,101,1100,15
TXO,202608,20260819.0,51900.0,Put,-,-,-,-,6820.0,-,-,0,0,0,0,6790,6830,-,-
TXO,202608,20260819.0,52000.0,Call,0.2,0.2,0.2,0.2,0.2,▲+0.1,-,0,14,14,1383,-,0.2,1440,0.2
TXO,202608,20260819.0,52000.0,Put,-,-,-,-,6920.0,-,-,0,0,0,0,6890,6940,-,-
TXO,202608,20260819.0,52100.0,Call,-,-,-,-,0.2,-,-,0,0,0,33,-,28,240,0.4
TXO,202608,20260819.0,52100.0,Put,-,-,-,-,7020.0,-,-,0,0,0,0,6990,7040,-,-
TXO,202608,20260819.0,52200.0,Call,-,-,-,-,0.2,-,-,0,0,0,14,-,101,910,1
TXO,202608,20260819.0,52200.0,Put,-,-,-,-,7120.0,-,-,0,0,0,0,7090,7140,-,-
TXO,202608,20260819.0,52300.0,Call,-,-,-,-,0.2,-,-,0,0,0,28,-,565,1340,2.5
TXO,202608,20260819.0,52300.0,Put,-,-,-,-,7220.0,-,-,0,0,0,0,7190,7240,-,-
TXO,202608,20260819.0,52400.0,Call,-,-,-,-,0.2,-,-,0,0,0,15,-,565,750,8.5
TXO,202608,20260819.0,52400.0,Put,-,-,-,-,7320.0,-,-,0,0,0,0,7290,7340,-,-
TXO,202608,20260819.0,52500.0,Call,0.2,0.2,0.2,0.2,0.2,▲+0.1,-,0,1,1,69,-,5,995,0.2
TXO,202608,20260819.0,52500.0,Put,-,-,-,-,7420.0,-,-,0,0,0,0,7390,7440,-,-
TXO,202608,20260819.0,52600.0,Call,-,-,-,-,0.2,-,-,0,0,0,42,-,0.7,755,1
TXO,202608,20260819.0,52600.0,Put,-,-,-,-,7520.0,-,-,0,0,0,0,7490,7540,-,-
TXO,202608,20260819.0,52700.0,Call,-,-,-,-,0.2,-,-,0,0,0,27,-,101,740,0.5
TXO,202608,20260819.0,52700.0,Put,-,-,-,-,7620.0,-,-,0,0,0,0,7590,7640,-,-
TXO,202608,20260819.0,52800.0,Call,-,-,-,-,0.2,-,-,0,0,0,26,-,565,770,1
TXO,202608,20260819.0,52800.0,Put,-,-,-,-,7720.0,-,-,0,0,0,0,7690,7740,-,-
TXO,202608,20260819.0,52900.0,Call,0.2,0.2,0.2,0.2,0.2,▲+0.1,-,0,1,1,13,-,565,580,0.2
TXO,202608,20260819.0,52900.0,Put,-,-,-,-,7820.0,-,-,0,0,0,0,7790,7840,-,-
TXO,202608,20260819.0,53000.0,Call,0.2,0.2,0.2,0.2,0.2,▲+0.1,-,0,15,15,859,-,1,1150,0.1
TXO,202608,20260819.0,53000.0,Put,-,-,-,-,7920.0,-,-,0,0,0,0,7890,7940,-,-
TXO,202608,20260819.0,53100.0,Call,-,-,-,-,0.2,-,-,0,0,0,25,-,101,585,1
TXO,202608,20260819.0,53100.0,Put,-,-,-,-,8020.0,-,-,0,0,0,0,7990,8040,-,-
TXO,202608,20260819.0,53200.0,Call,-,-,-,-,0.2,-,-,0,0,0,31,-,565,590,1
TXO,202608,20260819.0,53200.0,Put,-,-,-,-,8120.0,-,-,0,0,0,0,8090,8140,-,-
TXO,202608,20260819.0,53300.0,Call,-,-,-,-,0.2,-,-,0,0,0,18,-,101,605,0.4
TXO,202608,20260819.0,53300.0,Put,-,-,-,-,8220.0,-,-,0,0,0,0,8190,8240,-,-
TXO,202608,20260819.0,53400.0,Call,-,-,-,-,0.2,-,-,0,0,0,62,-,565,630,0.4
TXO,202608,20260819.0,53400.0,Put,-,-,-,-,8320.0,-,-,0,0,0,0,8290,8340,-,-
TXO,202608,20260819.0,53500.0,Call,-,-,-,-,0.2,-,-,0,0,0,259,-,565,1270,0.5
TXO,202608,20260819.0,53500.0,Put,-,-,-,-,8420.0,-,-,0,0,0,0,8390,8440,-,-
TXO,202608,20260819.0,53600.0,Call,-,-,-,-,0.2,-,-,0,0,0,27,-,565,710,2
TXO,202608,20260819.0,53600.0,Put,-,-,-,-,8520.0,-,-,0,0,0,0,8490,8540,-,-
TXO,202608,20260819.0,53700.0,Call,-,-,-,-,0.2,-,-,0,0,0,10,-,31,83,7
TXO,202608,20260819.0,53700.0,Put,-,-,-,-,8620.0,-,-,0,0,0,0,8590,8640,-,-
TXO,202608,20260819.0,53800.0,Call,-,-,-,-,0.1,-,-,0,0,0,23,-,565,530,1
TXO,202608,20260819.0,53800.0,Put,-,-,-,-,8720.0,-,-,0,0,0,0,8690,8740,-,-
TXO,202608,20260819.0,53900.0,Call,-,-,-,-,0.1,-,-,0,0,0,46,-,565,615,5.3
TXO,202608,20260819.0,53900.0,Put,-,-,-,-,8820.0,-,-,0,0,0,0,8790,8840,-,-
TXO,202608,20260819.0,54000.0,Call,-,-,-,-,0.1,-,-,0,0,0,544,-,0.3,850,0.2
TXO,202608,20260819.0,54000.0,Put,-,-,-,-,8920.0,-,-,0,0,0,0,8890,8940,-,-
TXO,202608,20260819.0,54100.0,Call,-,-,-,-,0.1,-,-,0,0,0,14,-,565,382,3.6
TXO,202608,20260819.0,54100.0,Put,-,-,-,-,9020.0,-,-,0,0,0,0,8990,9040,-,-
TXO,202608,20260819.0,54200.0,Call,-,-,-,-,0.1,-,-,0,0,0,137,-,565,515,1
TXO,202608,20260819.0,54200.0,Put,-,-,-,-,9120.0,-,-,0,0,0,0,9090,9140,-,-
TXO,202608,20260819.0,54300.0,Call,-,-,-,-,0.1,-,-,0,0,0,31,-,565,640,1.3
TXO,202608,20260819.0,54300.0,Put,-,-,-,-,9220.0,-,-,0,0,0,0,9190,9240,-,-
TXO,202608,20260819.0,54400.0,Call,-,-,-,-,0.1,-,-,0,0,0,44,-,565,417,1.1
TXO,202608,20260819.0,54400.0,Put,-,-,-,-,9320.0,-,-,0,0,0,1,9290,9350,10060,10060
TXO,202608,20260819.0,54500.0,Call,-,-,-,-,0.1,-,-,0,0,0,269,-,565,540,0.4
TXO,202608,20260819.0,54500.0,Put,-,-,-,-,9420.0,-,-,0,0,0,0,9390,9440,-,-
TXO,202608,20260819.0,54600.0,Call,-,-,-,-,0.1,-,-,0,0,0,188,-,31,330,0.3
TXO,202608,20260819.0,54600.0,Put,-,-,-,-,9520.0,-,-,0,0,0,0,9490,9540,-,-
TXO,202608,20260819.0,54700.0,Call,-,-,-,-,0.1,-,-,0,0,0,241,-,87,364,0.1
TXO,202608,20260819.0,54700.0,Put,-,-,-,-,9620.0,-,-,0,0,0,0,9590,9640,-,-
TXO,202608,20260819.0,54800.0,Call,0.9,0.9,0.9,0.9,0.1,▲+0.8,-,0,1,1,356,-,0.9,440,0.8
TXO,202608,20260819.0,54800.0,Put,-,-,-,-,9720.0,-,-,0,0,0,1,9690,9750,10460,10460
TXO,202608,20260819.0,54900.0,Call,-,-,-,-,0.1,-,-,0,0,0,339,-,565,520,1.1
TXO,202608,20260819.0,54900.0,Put,-,-,-,-,9820.0,-,-,0,0,0,0,9790,9840,-,-
TXO,202608,20260819.0,55000.0,Call,0.1,0.2,0.1,0.1,0.1,0,-,15,8,23,3172,-,0.2,790,0.1
TXO,202608,20260819.0,55000.0,Put,-,-,-,-,9920.0,-,-,0,0,0,0,9890,9940,-,-
TXO,202608F3,20260821.0,39800.0,Call,-,-,-,-,5270.0,-,-,0,0,0,0,5250,5290,-,-
TXO,202608F3,20260821.0,39800.0,Put,3.2,6.4,3.2,6.4,6.4,▲+1.5,▲+30.61%,78,68,146,321,4,6.8,65,2.3
TXO,202608F3,20260821.0,39900.0,Call,-,-,-,-,5170.0,-,-,0,0,0,0,5150,5190,-,-
TXO,202608F3,20260821.0,39900.0,Put,5.5,5.5,5.5,5.5,7.0,▲+0.5,▲+10.00%,0,1,1,44,0.6,42,165,5.5
TXO,202608F3,20260821.0,40000.0,Call,-,-,-,-,5070.0,-,-,0,0,0,0,5050,5090,-,-
TXO,202608F3,20260821.0,40000.0,Put,3.7,7.7,3.6,7.7,7.7,▲+2.5,▲+48.08%,35,127,162,236,0.4,7.9,150,3.3
TXO,202608F3,20260821.0,40100.0,Call,-,-,-,-,4970.0,-,-,0,0,0,0,4950,4990,-,-
TXO,202608F3,20260821.0,40100.0,Put,-,-,-,-,7.8,-,-,0,0,0,21,0.4,104,171,21
TXO,202608F3,20260821.0,40200.0,Call,-,-,-,-,4880.0,-,-,0,0,0,0,4860,4890,-,-
TXO,202608F3,20260821.0,40200.0,Put,5.4,5.4,5.4,5.4,8.1,▼-0.1,▼-1.82%,3,5,8,9,0.4,181,176,4.4
TXO,202608F3,20260821.0,40300.0,Call,-,-,-,-,4780.0,-,-,0,0,0,0,4760,4790,-,-
TXO,202608F3,20260821.0,40300.0,Put,4.3,4.3,4.1,4.1,8.4,▼-1.6,▼-28.07%,0,7,7,6,0.4,105,169,4.1
TXO,202608F3,20260821.0,40400.0,Call,-,-,-,-,4680.0,-,-,0,0,0,0,4660,4690,-,-
TXO,202608F3,20260821.0,40400.0,Put,-,-,-,-,8.7,-,-,15,0,15,20,0.4,181,167,4.3
TXO,202608F3,20260821.0,40500.0,Call,-,-,-,-,4580.0,-,-,0,0,0,0,4560,4590,5730,5540
TXO,202608F3,20260821.0,40500.0,Put,4,4,4,4,9.3,▼-2.2,▼-35.48%,4,2,6,18,4.7,9.9,215,4
TXO,202608F3,20260821.0,40600.0,Call,-,-,-,-,4480.0,-,-,0,0,0,0,-,-,5440,5440
TXO,202608F3,20260821.0,40600.0,Put,5.8,8.9,5.8,8.9,10.0,▲+2.4,▲+36.92%,0,2,2,22,4.2,12,96,5.8
TXO,202608F3,20260821.0,40700.0,Call,-,-,-,-,4380.0,-,-,0,0,0,0,-,-,-,-
TXO,202608F3,20260821.0,40700.0,Put,7,7,7,7,10.5,▲+0.3,▲+4.48%,0,1,1,6,0.4,11,106,7
TXO,202608F3,20260821.0,40800.0,Call,-,-,-,-,4280.0,-,-,0,0,0,0,-,-,-,-
TXO,202608F3,20260821.0,40800.0,Put,6,10,6,10,11.0,▲+3,▲+42.86%,3,7,10,10,0.4,453,228,5.2
TXO,202608F3,20260821.0,40900.0,Call,-,-,-,-,4180.0,-,-,0,0,0,0,-,-,-,-
TXO,202608F3,20260821.0,40900.0,Put,7.6,10,7.6,10,11.5,▲+2.7,▲+36.99%,0,8,8,8,0.3,11.5,239,7.6
TXO,202608F3,20260821.0,41000.0,Call,-,-,-,-,4080.0,-,-,0,0,0,0,4060,4090,-,-
TXO,202608F3,20260821.0,41000.0,Put,6.5,9,6.5,9,12.5,▲+1.5,▲+20.00%,42,6,48,106,1.5,30,259,5.5
TXO,202608F3,20260821.0,41100.0,Call,-,-,-,-,3980.0,-,-,0,0,0,0,3960,3990,-,-
TXO,202608F3,20260821.0,41100.0,Put,10.5,12,10.5,12,13.0,▲+4.1,▲+51.90%,0,2,2,28,3.3,40,122,10
TXO,202608F3,20260821.0,41200.0,Call,-,-,-,-,3880.0,-,-,0,0,0,0,3860,3890,-,-
TXO,202608F3,20260821.0,41200.0,Put,8,9.7,8,9.7,13.5,▲+1.5,▲+18.29%,0,3,3,9,6,35,274,8
TXO,202608F3,20260821.0,41300.0,Call,-,-,-,-,3780.0,-,-,0,0,0,0,3760,3790,4930,4750
TXO,202608F3,20260821.0,41300.0,Put,8.6,9.6,8.6,9.6,14.5,▲+1,▲+11.63%,0,2,2,4,9.9,570,221,8.6
TXO,202608F3,20260821.0,41400.0,Call,-,-,-,-,3680.0,-,-,0,0,0,0,3670,3700,-,-
TXO,202608F3,20260821.0,41400.0,Put,-,-,-,-,15.0,-,-,1,0,1,8,5,186,40,6.3
TXO,202608F3,20260821.0,41500.0,Call,-,-,-,-,3580.0,-,-,0,0,0,0,3570,3600,-,-
TXO,202608F3,20260821.0,41500.0,Put,13.5,16,13.5,16,16.0,▲+6.9,▲+75.82%,4,3,7,11,5,458,158,8.5
TXO,202608F3,20260821.0,41600.0,Call,-,-,-,-,3480.0,-,-,0,0,0,0,-,-,-,-
TXO,202608F3,20260821.0,41600.0,Put,12,13.5,12,13.5,17.5,▲+3.9,▲+40.63%,0,2,2,7,5,77,168,12
TXO,202608F3,20260821.0,41700.0,Call,-,-,-,-,3390.0,-,-,0,0,0,0,-,-,4360,4360
TXO,202608F3,20260821.0,41700.0,Put,14,18.5,14,18.5,18.5,▲+8.5,▲+85.00%,0,3,3,3,0.2,30,52,14
TXO,202608F3,20260821.0,41800.0,Call,-,-,-,-,3290.0,-,-,0,0,0,0,-,-,4310,4310
TXO,202608F3,20260821.0,41800.0,Put,9.9,20,9.9,20,20.0,▲+9.5,▲+90.48%,1,8,9,14,1,462,48,8.5
TXO,202608F3,20260821.0,41900.0,Call,-,-,-,-,3190.0,-,-,0,0,0,0,3170,3200,4200,4200
TXO,202608F3,20260821.0,41900.0,Put,7.1,20,7.1,20,20.0,▲+9,▲+81.82%,0,14,14,16,0.4,113,410,7.1
TXO,202608F3,20260821.0,42000.0,Call,-,-,-,-,3090.0,-,-,0,0,0,0,3070,3100,-,-
TXO,202608F3,20260821.0,42000.0,Put,12,22,9.8,22,22.0,▲+10,▲+83.33%,14,74,88,186,16.5,58,408,8
TXO,202608F3,20260821.0,42100.0,Call,-,-,-,-,2990.0,-,-,0,0,0,0,2980,3000,-,-
TXO,202608F3,20260821.0,42100.0,Put,-,-,-,-,23.5,-,-,19,0,19,20,3.9,40,163,7.7
TXO,202608F3,20260821.0,42200.0,Call,-,-,-,-,2890.0,-,-,0,0,0,0,-,-,-,-
TXO,202608F3,20260821.0,42200.0,Put,12,23,12,23,25.5,▲+10,▲+76.92%,12,12,24,24,1.7,118,149,11
TXO,202608F3,20260821.0,42300.0,Call,-,-,-,-,2800.0,-,-,0,0,0,0,-,-,3810,3810
TXO,202608F3,20260821.0,42300.0,Put,12,29,9.5,29,28.0,▲+15,▲+107.14%,6,12,18,16,7,68,47,9.5
TXO,202608F3,20260821.0,42400.0,Call,-,-,-,-,2700.0,-,-,0,0,0,0,2680,2710,-,-
TXO,202608F3,20260821.0,42400.0,Put,13.5,28,13.5,28,28.0,▲+13.5,▲+93.10%,17,19,36,41,2.1,123,105,11
TXO,202608F3,20260821.0,42500.0,Call,-,-,-,-,2600.0,-,-,0,0,0,0,2590,2610,-,-
TXO,202608F3,20260821.0,42500.0,Put,14,33,13.5,31,31.0,▲+16,▲+106.67%,2,33,35,36,0.7,123,305,11.5
TXO,202608F3,20260821.0,42600.0,Call,-,-,-,-,2500.0,-,-,0,0,0,0,-,-,-,-
TXO,202608F3,20260821.0,42600.0,Put,16,20,16,19.5,37.0,▲+3.5,▲+21.88%,0,6,6,13,20,114,143,16
TXO,202608F3,20260821.0,42700.0,Call,-,-,-,-,2410.0,-,-,0,0,0,0,2390,2420,3400,3400
TXO,202608F3,20260821.0,42700.0,Put,19,27.5,19,25,40.0,▲+7.5,▲+42.86%,0,14,14,25,0.4,99,309,17.5
TXO,202608F3,20260821.0,42800.0,Call,-,-,-,-,2310.0,-,-,0,0,0,0,2300,2320,3310,3310
TXO,202608F3,20260821.0,42800.0,Put,15.5,44,15.5,44,44.0,▲+26,▲+144.44%,7,15,22,23,44,99,620,12.5
TXO,202608F3,20260821.0,42900.0,Call,-,-,-,-,2220.0,-,-,0,0,0,0,-,-,-,-
TXO,202608F3,20260821.0,42900.0,Put,22,42.5,22,42.5,48.5,▲+23,▲+117.95%,5,20,25,25,17.5,51,108,14.5
TXO,202608F3,20260821.0,42950.0,Call,-,-,-,-,2170.0,-,-,0,0,0,0,2150,2180,3170,3170
TXO,202608F3,20260821.0,42950.0,Put,-,-,-,-,51.0,-,-,4,0,4,4,0.4,-,102,20
TXO,202608F3,20260821.0,43000.0,Call,-,-,-,-,2120.0,-,-,0,0,0,0,2110,2130,3130,3130
TXO,202608F3,20260821.0,43000.0,Put,19,55,15.5,55,55.0,▲+34,▲+161.90%,74,61,135,88,14.5,99,510,11.5
TXO,202608F3,20260821.0,43050.0,Call,-,-,-,-,2070.0,-,-,0,0,0,0,-,-,-,-
TXO,202608F3,20260821.0,43050.0,Put,23,56,23,56,56.0,▲+34.5,▲+160.47%,0,5,5,3,5,195,56,23
TXO,202608F3,20260821.0,43100.0,Call,-,-,-,-,2030.0,-,-,0,0,0,0,2010,2040,-,-
TXO,202608F3,20260821.0,43100.0,Put,20,60,17.5,60,60.0,▲+37.5,▲+166.67%,3,9,12,10,2.1,117,119,17.5
TXO,202608F3,20260821.0,43150.0,Call,-,-,-,-,1980.0,-,-,0,0,0,0,1970,1990,3190,3190
TXO,202608F3,20260821.0,43150.0,Put,29.5,63,29.5,63,63.0,▲+39.5,▲+168.09%,0,3,3,4,10,152,122,29.5
TXO,202608F3,20260821.0,43200.0,Call,-,-,-,-,1930.0,-,-,0,0,0,0,-,-,2940,2940
TXO,202608F3,20260821.0,43200.0,Put,23.5,51,20.5,51,66.0,▲+26,▲+104.00%,14,17,31,24,60,118,580,18
TXO,202608F3,20260821.0,43250.0,Call,-,-,-,-,1890.0,-,-,0,0,0,0,1870,1900,2900,2900
TXO,202608F3,20260821.0,43250.0,Put,26.5,31,26.5,31,71.0,▲+4.5,▲+16.98%,2,2,4,1,27,-,42,16.5
TXO,202608F3,20260821.0,43300.0,Call,-,-,-,-,1840.0,-,-,0,0,0,0,1830,1850,2850,1980
TXO,202608F3,20260821.0,43300.0,Put,22.5,64,22.5,64,74.0,▲+37,▲+137.04%,10,8,18,17,50,150,298,20.5
TXO,202608F3,20260821.0,43350.0,Call,-,-,-,-,1800.0,-,-,0,0,0,0,-,-,-,-
TXO,202608F3,20260821.0,43350.0,Put,50,70,48,68,77.0,▲+40,▲+142.86%,0,7,7,6,0.6,525,120,31.5
TXO,202608F3,20260821.0,43400.0,Call,-,-,-,-,1750.0,-,-,0,0,0,0,1740,1760,2760,2760
TXO,202608F3,20260821.0,43400.0,Put,25.5,68,25.5,68,82.0,▲+38.5,▲+130.51%,9,20,29,13,5,99,815,19
TXO,202608F3,20260821.0,43450.0,Call,-,-,-,-,1700.0,-,-,0,0,0,0,-,-,-,-
TXO,202608F3,20260821.0,43450.0,Put,24,72,24,68,87.0,▲+36.5,▲+115.87%,3,9,12,3,0.5,150,90,22
TXO,202608F3,20260821.0,43500.0,Call,-,-,-,-,1660.0,-,-,0,0,0,0,1640,1670,2670,2670
TXO,202608F3,20260821.0,43500.0,Put,34.5,91,34.5,91,91.0,▲+59,▲+184.38%,17,97,114,56,56,99,920,21.5
TXO,202608F3,20260821.0,43550.0,Call,-,-,-,-,1610.0,-,-,0,0,0,0,-,-,-,-
TXO,202608F3,20260821.0,43550.0,Put,-,-,-,-,97.0,-,-,0,0,0,6,34,545,670,42.5
TXO,202608F3,20260821.0,43600.0,Call,-,-,-,-,1570.0,-,-,0,0,0,0,1560,1580,2630,2630
TXO,202608F3,20260821.0,43600.0,Put,34.5,89,34.5,89,103.0,▲+54,▲+154.29%,11,53,64,43,8.7,145,960,22
TXO,202608F3,20260821.0,43650.0,Call,-,-,-,-,1520.0,-,-,0,0,0,0,-,-,-,-
TXO,202608F3,20260821.0,43650.0,Put,86,90,86,90,107.0,▲+53,▲+143.24%,1,2,3,1,0.5,560,90,23
TXO,202608F3,20260821.0,43700.0,Call,-,-,-,-,1480.0,-,-,0,0,0,0,1470,1490,2660,2660
TXO,202608F3,20260821.0,43700.0,Put,30,110,30,110,110.0,▲+71,▲+182.05%,0,41,41,11,52,670,110,30
TXO,202608F3,20260821.0,43750.0,Call,-,-,-,-,1440.0,-,-,0,0,0,0,1420,1450,2500,2500
TXO,202608F3,20260821.0,43750.0,Put,-,-,-,-,121.0,-,-,0,0,0,0,10.5,-,-,-
TXO,202608F3,20260821.0,43800.0,Call,-,-,-,-,1400.0,-,-,0,0,0,0,-,-,-,-
TXO,202608F3,20260821.0,43800.0,Put,34,125,34,125,125.0,▲+81.5,▲+187.36%,15,52,67,32,42,138,645,25.5
TXO,202608F3,20260821.0,43850.0,Call,-,-,-,-,1350.0,-,-,0,0,0,0,1340,1360,-,-
TXO,202608F3,20260821.0,43850.0,Put,58,126,58,126,134.0,▲+80,▲+173.91%,1,13,14,13,11,226,133,29
TXO,202608F3,20260821.0,43900.0,Call,-,-,-,-,1310.0,-,-,0,0,0,0,1290,1320,2370,2370
TXO,202608F3,20260821.0,43900.0,Put,57,135,57,135,135.0,▲+85,▲+170.00%,2,34,36,26,42.5,160,379,35
TXO,202608F3,20260821.0,43950.0,Call,-,-,-,-,1270.0,-,-,0,0,0,0,1250,1280,-,-
TXO,202608F3,20260821.0,43950.0,Put,54,141,54,141,148.0,▲+88,▲+166.04%,3,10,13,2,0.6,251,605,31
TXO,202608F3,20260821.0,44000.0,Call,-,-,-,-,1230.0,-,-,0,0,0,0,-,-,-,-
TXO,202608F3,20260821.0,44000.0,Put,46,156,43,152,152.0,▲+96,▲+171.43%,58,250,308,153,142,249,740,31
TXO,202608F3,20260821.0,44050.0,Call,-,-,-,-,1180.0,-,-,0,0,0,0,1170,1200,-,-
TXO,202608F3,20260821.0,44050.0,Put,44,122,44,122,166.0,▲+64,▲+110.34%,2,8,10,6,145,236,122,44
TXO,202608F3,20260821.0,44100.0,Call,-,-,-,-,1140.0,-,-,0,0,0,200,1120,1150,2190,1800
TXO,202608F3,20260821.0,44100.0,Put,52,162,52,162,176.0,▲+102,▲+170.00%,7,33,40,17,119,730,1010,35.5
TXO,202608F3,20260821.0,44150.0,Call,-,-,-,-,1100.0,-,-,1,0,1,0,1090,1110,2100,1880
TXO,202608F3,20260821.0,44150.0,Put,86,117,86,111,183.0,▲+45,▲+68.18%,2,21,23,10,70,635,184,40.5
TXO,202608F3,20260821.0,44200.0,Call,-,-,-,-,1060.0,-,-,0,0,0,0,1050,1070,-,-
TXO,202608F3,20260821.0,44200.0,Put,63,165,63,165,195.0,▲+94,▲+132.39%,3,24,27,15,96,269,287,63
TXO,202608F3,20260821.0,44250.0,Call,-,-,-,-,1020.0,-,-,0,0,0,0,1010,1040,2040,2040
TXO,202608F3,20260821.0,44250.0,Put,110,110,110,110,207.0,▲+37,▲+50.68%,2,1,3,4,38.5,306,525,42.5
TXO,202608F3,20260821.0,44300.0,Call,-,-,-,-,985.0,-,-,0,0,0,401,890,1020,1760,1260
TXO,202608F3,20260821.0,44300.0,Put,70,206,70,198,216.0,▲+119,▲+150.63%,9,25,34,15,118,219,1040,44.5
TXO,202608F3,20260821.0,44350.0,Call,-,-,-,-,945.0,-,-,0,0,0,0,935,955,2130,2130
TXO,202608F3,20260821.0,44350.0,Put,96,219,96,205,227.0,▲+126,▲+159.49%,0,11,11,7,127,248,219,79
TXO,202608F3,20260821.0,44400.0,Call,-,-,-,-,910.0,-,-,0,0,0,0,895,920,-,-
TXO,202608F3,20260821.0,44400.0,Put,80,204,77,204,241.0,▲+114,▲+126.67%,5,63,68,27,141,315,1020,50
TXO,202608F3,20260821.0,44450.0,Call,-,-,-,-,870.0,-,-,0,0,0,0,850,880,-,-
TXO,202608F3,20260821.0,44450.0,Put,79,259,79,259,259.0,▲+169,▲+187.78%,1,8,9,9,154,705,260,79
TXO,202608F3,20260821.0,44500.0,Call,1100,1100,1000,1000,835.0,▼-460,▼-31.51%,0,14,14,14,820,1080,1220,1000
TXO,202608F3,20260821.0,44500.0,Put,80,269,78,265,265.0,▲+170,▲+178.95%,73,204,277,86,265,270,600,54
TXO,202608F3,20260821.0,44550.0,Call,-,-,-,-,800.0,-,-,0,0,0,0,780,810,-,-
TXO,202608F3,20260821.0,44550.0,Put,99,243,99,243,280.0,▲+137,▲+129.25%,11,15,26,16,182,840,243,60
TXO,202608F3,20260821.0,44600.0,Call,900,900,900,900,760.0,▼-480,▼-34.78%,0,1,1,1,750,775,1150,900
TXO,202608F3,20260821.0,44600.0,Put,178,301,163,301,301.0,▲+189,▲+168.75%,22,54,76,58,264,367,360,63
TXO,202608F3,20260821.0,44650.0,Call,-,-,-,-,730.0,-,-,0,0,0,0,710,740,1750,1750
TXO,202608F3,20260821.0,44650.0,Put,240,240,240,240,311.0,▲+118,▲+96.72%,7,2,9,7,199,319,256,65
TXO,202608F3,20260821.0,44700.0,Call,-,-,-,-,695.0,-,-,1,0,1,1,680,710,1620,1010
TXO,202608F3,20260821.0,44700.0,Put,114,323,109,323,323.0,▲+198,▲+158.40%,16,39,55,23,285,500,323,72
TXO,202608F3,20260821.0,44750.0,Call,985,995,985,995,665.0,▼-255,▼-20.40%,0,2,2,0,640,675,995,985
TXO,202608F3,20260821.0,44750.0,Put,123,211,123,211,348.0,▲+72,▲+51.80%,4,4,8,2,184,-,211,107
TXO,202608F3,20260821.0,44800.0,Call,695,695,690,690,630.0,▼-520,▼-42.98%,0,2,2,3,620,640,1300,690
TXO,202608F3,20260821.0,44800.0,Put,120,362,120,362,362.0,▲+215,▲+146.26%,6,37,43,26,287,920,362,80
TXO,202608F3,20260821.0,44850.0,Call,-,-,-,-,600.0,-,-,0,0,0,0,530,-,1580,1580
TXO,202608F3,20260821.0,44850.0,Put,199,364,178,364,364.0,▲+207,▲+131.85%,1,4,5,3,284,-,364,104
TXO,202608F3,20260821.0,44900.0,Call,-,-,-,-,570.0,-,-,0,0,0,0,444,-,-,-
TXO,202608F3,20260821.0,44900.0,Put,156,345,135,338,401.0,▲+173,▲+104.85%,5,11,16,7,360,945,690,90
TXO,202608F3,20260821.0,44950.0,Call,-,-,-,-,540.0,-,-,0,0,0,0,436,-,-,-
TXO,202608F3,20260821.0,44950.0,Put,281,357,281,352,420.0,▲+175,▲+98.87%,10,7,17,16,321,520,357,146
TXO,202608F3,20260821.0,45000.0,Call,705,720,530,530,530.0,▼-520,▼-49.52%,1,10,11,11,414,750,1350,530
TXO,202608F3,20260821.0,45000.0,Put,163,433,145,429,429.0,▲+234,▲+120.00%,71,131,202,63,400,595,1040,103
TXO,202608F3,20260821.0,45050.0,Call,750,770,486,486,486.0,▼-524,▼-51.88%,0,9,9,3,387,600,1010,486
TXO,202608F3,20260821.0,45050.0,Put,176,441,176,441,441.0,▲+240,▲+119.40%,3,11,14,8,423,1030,950,110
TXO,202608F3,20260821.0,45100.0,Call,-,-,-,-,456.0,-,-,0,0,0,1,377,-,1390,850
TXO,202608F3,20260821.0,45100.0,Put,178,400,175,385,488.0,▲+177,▲+85.10%,1,30,31,11,383,935,1000,118
TXO,202608F3,20260821.0,45150.0,Call,505,565,437,437,437.0,▼-503,▼-53.51%,0,5,5,1,337,530,1060,437
TXO,202608F3,20260821.0,45150.0,Put,199,480,191,480,510.0,▲+254,▲+112.39%,8,8,16,7,406,520,965,44
TXO,202608F3,20260821.0,45200.0,Call,565,565,402,402,402.0,▼-498,▼-55.33%,0,5,5,3,315,770,1320,402
TXO,202608F3,20260821.0,45200.0,Put,210,530,204,530,530.0,▲+291,▲+121.76%,12,24,36,25,421,645,805,132
TXO,202608F3,20260821.0,45250.0,Call,555,555,480,480,377.0,▼-385,▼-44.51%,0,4,4,1,275,477,555,480
TXO,202608F3,20260821.0,45250.0,Put,225,412,225,412,560.0,▲+161,▲+64.14%,0,8,8,5,441,-,412,225
TXO,202608F3,20260821.0,45300.0,Call,590,590,365,365,365.0,▼-465,▼-56.02%,0,13,13,5,350,-,995,365
TXO,202608F3,20260821.0,45300.0,Put,230,580,230,580,580.0,▲+299,▲+106.41%,40,65,105,17,456,590,1000,151
TXO,202608F3,20260821.0,45350.0,Call,477,477,337,337,337.0,▼-458,▼-57.61%,0,5,5,4,250,430,1280,337
TXO,202608F3,20260821.0,45350.0,Put,436,595,436,595,595.0,▲+312,▲+110.25%,0,19,19,4,489,715,595,280
TXO,202608F3,20260821.0,45400.0,Call,805,805,327,337,305.0,▼-423,▼-55.66%,0,39,39,17,208,333,935,327
TXO,202608F3,20260821.0,45400.0,Put,250,495,250,495,635.0,▲+210,▲+73.68%,9,10,19,12,620,655,795,187
TXO,202608F3,20260821.0,45450.0,Call,410,413,380,380,286.0,▼-350,▼-47.95%,6,8,14,6,223,388,770,380
TXO,202608F3,20260821.0,45450.0,Put,327,660,327,660,660.0,▲+343,▲+108.20%,8,7,15,11,655,685,660,270
TXO,202608F3,20260821.0,45500.0,Call,450,450,291,291,265.0,▼-404,▼-58.13%,6,21,27,15,265,405,755,291
TXO,202608F3,20260821.0,45500.0,Put,300,580,295,570,695.0,▲+227,▲+66.18%,22,52,74,37,680,775,1020,197
TXO,202608F3,20260821.0,45550.0,Call,331,375,258,258,258.0,▼-407,▼-61.20%,0,12,12,5,157,289,375,258
TXO,202608F3,20260821.0,45550.0,Put,-,-,-,-,730.0,-,-,1,0,1,2,705,755,510,223
TXO,202608F3,20260821.0,45600.0,Call,416,416,240,240,240.0,▼-395,▼-62.20%,1,31,32,15,210,255,650,240
TXO,202608F3,20260821.0,45600.0,Put,335,640,314,640,760.0,▲+267,▲+71.58%,12,10,22,10,740,835,640,217
TXO,202608F3,20260821.0,45650.0,Call,595,600,230,230,209.0,▼-375,▼-61.98%,1,28,29,15,139,258,805,230
TXO,202608F3,20260821.0,45650.0,Put,350,505,350,492,790.0,▲+98,▲+24.87%,5,11,16,10,745,835,505,228
TXO,202608F3,20260821.0,45700.0,Call,575,575,200,200,200.0,▼-380,▼-65.52%,3,52,55,15,101,255,760,200
TXO,202608F3,20260821.0,45700.0,Put,365,404,350,404,825.0,▼-12,▼-2.88%,4,8,12,5,750,870,670,248
TXO,202608F3,20260821.0,45750.0,Call,244,258,244,258,178.0,▼-287,▼-52.66%,0,2,2,1,113,-,650,244
TXO,202608F3,20260821.0,45750.0,Put,406,860,373,860,860.0,▲+425,▲+97.70%,5,21,26,6,810,875,860,348
TXO,202608F3,20260821.0,45800.0,Call,550,550,162,162,162.0,▼-373,▼-69.72%,8,77,85,47,144,286,1180,162
TXO,202608F3,20260821.0,45800.0,Put,406,700,400,700,890.0,▲+242,▲+52.84%,12,19,31,50,830,930,700,280
TXO,202608F3,20260821.0,45850.0,Call,450,450,150,150,150.0,▼-345,▼-69.70%,4,15,19,18,59,154,1010,150
TXO,202608F3,20260821.0,45850.0,Put,-,-,-,-,930.0,-,-,1,0,1,1,640,-,402,402
TXO,202608F3,20260821.0,45900.0,Call,455,455,149,155,132.0,▼-315,▼-67.02%,0,150,150,40,71,640,1060,149
TXO,202608F3,20260821.0,45900.0,Put,500,960,500,960,960.0,▲+450,▲+88.24%,8,9,17,4,905,990,960,316
TXO,202608F3,20260821.0,45950.0,Call,178,196,135,135,121.0,▼-310,▼-69.66%,0,20,20,6,100,253,625,135
TXO,202608F3,20260821.0,45950.0,Put,865,865,865,865,1000.0,▲+330,▲+61.68%,3,1,4,1,915,-,865,358
TXO,202608F3,20260821.0,46000.0,Call,390,415,110,110,110.0,▼-311,▼-73.87%,7,208,215,86,110,125,1060,110
TXO,202608F3,20260821.0,46000.0,Put,520,1030,491,1030,1030.0,▲+470,▲+83.93%,30,23,53,14,1010,1060,1220,348
TXO,202608F3,20260821.0,46050.0,Call,385,385,111,111,99.0,▼-303,▼-73.19%,14,16,30,19,2.3,665,965,111
TXO,202608F3,20260821.0,46050.0,Put,520,560,520,560,1080.0,▼-15,▼-2.61%,0,8,8,12,945,1120,575,520
TXO,202608F3,20260821.0,46100.0,Call,384,384,93,93,93.0,▼-273,▼-74.59%,36,113,149,67,26,101,835,93
TXO,202608F3,20260821.0,46100.0,Put,535,950,535,950,1120.0,▲+350,▲+58.33%,5,5,10,13,1090,1150,950,387
TXO,202608F3,20260821.0,46150.0,Call,318,318,94,94,79.0,▼-260,▼-73.45%,0,28,28,27,22,226,510,94
TXO,202608F3,20260821.0,46150.0,Put,-,-,-,-,1160.0,-,-,0,0,0,2,970,1210,750,545
TXO,202608F3,20260821.0,46200.0,Call,301,301,75,75,75.0,▼-258,▼-77.48%,5,260,265,135,70,90,725,75
TXO,202608F3,20260821.0,46200.0,Put,990,1210,990,1210,1210.0,▲+545,▲+81.95%,5,3,8,43,935,1290,1210,443
TXO,202608F3,20260821.0,46250.0,Call,300,300,74,74,63.0,▼-246,▼-76.88%,12,55,67,64,6.1,116,460,74
TXO,202608F3,20260821.0,46250.0,Put,-,-,-,-,1250.0,-,-,1,0,1,2,1100,1290,690,460
TXO,202608F3,20260821.0,46300.0,Call,200,200,60,60,60.0,▼-226,▼-79.02%,5,187,192,147,14,69,805,60
TXO,202608F3,20260821.0,46300.0,Put,955,975,955,975,1290.0,▲+240,▲+32.65%,20,2,22,20,1120,1350,975,480
TXO,202608F3,20260821.0,46350.0,Call,85,104,53,53,53.0,▼-225,▼-80.94%,1,82,83,76,52,64,400,53
TXO,202608F3,20260821.0,46350.0,Put,-,-,-,-,1330.0,-,-,20,0,20,20,1030,1430,499,493
TXO,202608F3,20260821.0,46400.0,Call,256,256,47.5,47.5,47.5,▼-202.5,▼-81.00%,6,215,221,162,10,50,715,47.5
TXO,202608F3,20260821.0,46400.0,Put,1000,1000,1000,1000,1380.0,▲+200,▲+25.00%,0,1,1,1,1070,1390,1000,755
TXO,202608F3,20260821.0,46450.0,Call,139,139,42.5,42.5,42.5,▼-201.5,▼-82.58%,2,89,91,59,5.2,51,256,42.5
TXO,202608F3,20260821.0,46450.0,Put,-,-,-,-,1420.0,-,-,0,0,0,0,1120,-,-,-
TXO,202608F3,20260821.0,46500.0,Call,179,195,41,41,35.5,▼-179,▼-81.36%,28,432,460,219,23,55,705,41
TXO,202608F3,20260821.0,46500.0,Put,1210,1340,1210,1320,1470.0,▲+455,▲+52.60%,0,10,10,0,1160,1480,1520,1120
TXO,202608F3,20260821.0,46550.0,Call,179,179,50,54,32.0,▼-155,▼-74.16%,5,84,89,59,18.5,59,545,50
TXO,202608F3,20260821.0,46550.0,Put,-,-,-,-,1510.0,-,-,0,0,0,0,1210,-,-,-
TXO,202608F3,20260821.0,46600.0,Call,162,177,30.5,31,31.0,▼-164,▼-84.10%,0,119,119,54,26,30,327,30.5
TXO,202608F3,20260821.0,46600.0,Put,-,-,-,-,1560.0,-,-,0,0,0,1,1250,1580,1000,1000
TXO,202608F3,20260821.0,46650.0,Call,148,151,25.5,27.5,27.5,▼-139.5,▼-83.53%,0,44,44,38,23,30,340,25.5
TXO,202608F3,20260821.0,46650.0,Put,-,-,-,-,1610.0,-,-,0,0,0,0,1600,1620,-,-
TXO,202608F3,20260821.0,46700.0,Call,132,132,25,25,25.0,▼-139,▼-84.76%,3,41,44,22,20,49,254,25
TXO,202608F3,20260821.0,46700.0,Put,-,-,-,-,1650.0,-,-,0,0,0,0,1590,-,-,-
TXO,202608F3,20260821.0,46750.0,Call,135,137,30,30,20.0,▼-125,▼-80.65%,4,26,30,19,10,47,240,30
TXO,202608F3,20260821.0,46750.0,Put,-,-,-,-,1700.0,-,-,0,0,0,0,1640,1720,-,-
TXO,202608F3,20260821.0,46800.0,Call,106,108,19,19,19.0,▼-118,▼-86.13%,17,122,139,77,18,24.5,595,19
TXO,202608F3,20260821.0,46800.0,Put,-,-,-,-,1750.0,-,-,0,0,0,1,1680,1770,1160,1160
TXO,202608F3,20260821.0,46850.0,Call,105,107,105,107,15.5,▼-26,▼-19.55%,0,2,2,5,2.7,51,560,105
TXO,202608F3,20260821.0,46850.0,Put,-,-,-,-,1800.0,-,-,0,0,0,0,1790,1810,-,-
TXO,202608F3,20260821.0,46900.0,Call,105,105,14.5,14.5,14.5,▼-108.5,▼-88.21%,6,83,89,25,3.3,39,515,14.5
TXO,202608F3,20260821.0,46900.0,Put,-,-,-,-,1850.0,-,-,0,0,0,0,1780,-,-,-
TXO,202608F3,20260821.0,46950.0,Call,96,96,15,15,12.0,▼-98,▼-86.73%,1,68,69,25,12,56,190,15
TXO,202608F3,20260821.0,46950.0,Put,-,-,-,-,1890.0,-,-,0,0,0,0,2.3,-,-,-
TXO,202608F3,20260821.0,47000.0,Call,90,90,11,11,11.0,▼-85,▼-88.54%,59,221,280,79,11,12,515,11
TXO,202608F3,20260821.0,47000.0,Put,-,-,-,-,1940.0,-,-,0,0,0,1,1640,2040,1290,1290
TXO,202608F3,20260821.0,47050.0,Call,79,79,11,11,10.0,▼-84,▼-88.42%,3,53,56,30,3.1,47,183,11
TXO,202608F3,20260821.0,47050.0,Put,-,-,-,-,1990.0,-,-,0,0,0,0,1690,2010,-,-
TXO,202608F3,20260821.0,47100.0,Call,71,71,9.9,10,9.0,▼-77,▼-88.51%,3,244,247,24,9,70,330,9.9
TXO,202608F3,20260821.0,47100.0,Put,1570,1570,1570,1570,2040.0,▲+240,▲+18.05%,0,1,1,1,1730,2060,1570,1010
TXO,202608F3,20260821.0,47150.0,Call,66,66,8.5,9.7,7.6,▼-70.3,▼-87.88%,4,90,94,38,1.5,59,174,8.5
TXO,202608F3,20260821.0,47150.0,Put,-,-,-,-,2090.0,-,-,0,0,0,0,2080,2100,-,-
TXO,202608F3,20260821.0,47200.0,Call,85,85,8,10.5,7.1,▼-62.5,▼-85.62%,24,142,166,68,7.1,12,417,8
TXO,202608F3,20260821.0,47200.0,Put,1700,2090,1700,2090,2140.0,▲+670,▲+47.18%,1,5,6,15,1990,2330,2090,1110
TXO,202608F3,20260821.0,47250.0,Call,52,52,6,8.1,6.0,▼-58.9,▼-87.91%,0,44,44,20,6,55,135,6
TXO,202608F3,20260821.0,47250.0,Put,-,-,-,-,2190.0,-,-,0,0,0,0,2180,2200,-,-
TXO,202608F3,20260821.0,47300.0,Call,45,45,6.6,6.6,5.3,▼-52.4,▼-88.81%,6,159,165,25,5.2,48.5,385,6.6
TXO,202608F3,20260821.0,47300.0,Put,2170,2170,2170,2170,2240.0,▲+670,▲+44.67%,0,1,1,10,1940,2430,2170,1120
TXO,202608F3,20260821.0,47350.0,Call,38.5,38.5,6.2,6.2,4.8,▼-52.8,▼-89.49%,1,21,22,16,4.3,43.5,136,6.2
TXO,202608F3,20260821.0,47350.0,Put,-,-,-,-,2290.0,-,-,0,0,0,0,-,-,-,-
TXO,202608F3,20260821.0,47400.0,Call,35,36,3.9,5.3,4.5,▼-46.7,▼-89.81%,8,43,51,26,3.8,45,342,3.9
TXO,202608F3,20260821.0,47400.0,Put,-,-,-,-,2340.0,-,-,0,0,0,1,2030,2420,1690,1630
TXO,202608F3,20260821.0,47500.0,Call,30,30,4,4.3,4.3,▼-37.7,▼-89.76%,22,1797,1819,1746,4.2,4.4,273,4
TXO,202608F3,20260821.0,47500.0,Put,-,-,-,-,2440.0,-,-,0,0,0,0,2130,-,-,-
TXO,202608F3,20260821.0,47600.0,Call,24.5,24.5,3.2,3.5,3.5,▼-30,▼-89.55%,7,40,47,29,1,20,311,3.2
TXO,202608F3,20260821.0,47600.0,Put,-,-,-,-,2530.0,-,-,0,0,0,1,2230,2630,1660,1660
TXO,202608F3,20260821.0,47700.0,Call,12.5,12.5,3.1,3.6,2.6,▼-23.9,▼-86.91%,14,36,50,35,0.6,14.5,260,3.1
TXO,202608F3,20260821.0,47700.0,Put,-,-,-,-,2630.0,-,-,0,0,0,0,2330,-,-,-
TXO,202608F3,20260821.0,47800.0,Call,19,19,1.9,1.9,2.3,▼-19.6,▼-91.16%,7,344,351,43,0.7,400,165,1.9
TXO,202608F3,20260821.0,47800.0,Put,-,-,-,-,2730.0,-,-,0,0,0,0,-,-,-,-
TXO,202608F3,20260821.0,47900.0,Call,13.5,13.5,2,2,2.0,▼-16,▼-88.89%,5,20,25,21,0.7,3,216,2
TXO,202608F3,20260821.0,47900.0,Put,-,-,-,-,2830.0,-,-,0,0,0,0,-,-,-,-
TXO,202608F3,20260821.0,48000.0,Call,9.9,9.9,2.4,2.4,1.9,▼-12.6,▼-84.00%,81,67,148,113,1.7,7,200,2.4
TXO,202608F3,20260821.0,48000.0,Put,-,-,-,-,2930.0,-,-,0,0,0,0,-,-,-,-
TXO,202608F3,20260821.0,48100.0,Call,4,4,2,2,1.8,▼-10.5,▼-84.00%,10,3,13,54,0.3,181,165,2
TXO,202608F3,20260821.0,48100.0,Put,-,-,-,-,3030.0,-,-,0,0,0,0,-,-,-,-
TXO,202608F3,20260821.0,48200.0,Call,8.1,8.1,2.2,2.3,1.6,▼-7.7,▼-77.00%,1,121,122,127,0.2,4,152,2.2
TXO,202608F3,20260821.0,48200.0,Put,-,-,-,-,3130.0,-,-,0,0,0,0,-,-,-,-
TXO,202608F3,20260821.0,48300.0,Call,9,9,2.3,2.3,1.5,▼-5.6,▼-70.89%,3,10,13,10,0.2,1700,137,2.3
TXO,202608F3,20260821.0,48300.0,Put,-,-,-,-,3230.0,-,-,0,0,0,0,-,-,-,-
TXO,202608F3,20260821.0,48400.0,Call,3.7,3.7,1.9,1.9,1.4,▼-5.2,▼-73.24%,15,3,18,16,0.1,30,144,1.9
TXO,202608F3,20260821.0,48400.0,Put,-,-,-,-,3330.0,-,-,0,0,0,0,-,-,-,-
TXO,202608F3,20260821.0,48500.0,Call,1.4,2,1.4,2,1.4,▼-4.2,▼-67.74%,10,2,12,11,0.1,8.8,124,1.4
TXO,202608F3,20260821.0,48500.0,Put,-,-,-,-,3430.0,-,-,0,0,0,0,3420,3450,-,-
TXO,202608F3,20260821.0,48600.0,Call,3,3,0.9,0.9,1.3,▼-4.5,▼-83.33%,1,4,5,19,-,451,101,0.9
TXO,202608F3,20260821.0,48600.0,Put,-,-,-,-,3530.0,-,-,0,0,0,0,3520,3550,-,-
TXO,202608F3,20260821.0,48700.0,Call,2.9,2.9,2.9,2.9,1.3,▼-1.9,▼-39.58%,0,1,1,4,-,100,99,2.9
TXO,202608F3,20260821.0,48700.0,Put,-,-,-,-,3630.0,-,-,0,0,0,0,-,-,-,-
TXO,202608F3,20260821.0,48800.0,Call,-,-,-,-,1.2,-,-,2,0,2,5,-,320,77,2.9
TXO,202608F3,20260821.0,48800.0,Put,-,-,-,-,3730.0,-,-,0,0,0,0,-,-,-,-
TXO,202608F3,20260821.0,48900.0,Call,1.6,1.6,1.6,1.6,1.2,▼-1.9,▼-54.29%,2,1,3,4,-,565,84,1.6
TXO,202608F3,20260821.0,48900.0,Put,-,-,-,-,3830.0,-,-,0,0,0,0,-,-,-,-
TXO,202608F3,20260821.0,49000.0,Call,1.4,1.4,0.6,1,1.2,▼-2.2,▼-68.75%,5,13,18,25,0.1,2,53,0.6
TXO,202608F3,20260821.0,49000.0,Put,-,-,-,-,3930.0,-,-,0,0,0,0,3920,3950,-,-
TXO,202608F3,20260821.0,49100.0,Call,1,1,1,1,1.2,▼-2,▼-66.67%,0,15,15,4,-,101,48,1
TXO,202608F3,20260821.0,49100.0,Put,-,-,-,-,4030.0,-,-,0,0,0,0,4020,4050,-,-
TXO,202608F3,20260821.0,49200.0,Call,-,-,-,-,1.1,-,-,1,0,1,1,-,103,8.5,2.5
TXO,202608F3,20260821.0,49200.0,Put,-,-,-,-,4130.0,-,-,0,0,0,0,4120,4150,-,-
TXO,202608F3,20260821.0,49300.0,Call,-,-,-,-,1.0,-,-,0,0,0,0,-,-,-,-
TXO,202608F3,20260821.0,49300.0,Put,-,-,-,-,4230.0,-,-,0,0,0,0,4220,4250,-,-
TXO,202608F3,20260821.0,49400.0,Call,3,3,1.3,1.3,0.9,▼-1.3,▼-50.00%,2,9,11,1,-,103,37.5,1.3
TXO,202608F3,20260821.0,49400.0,Put,-,-,-,-,4330.0,-,-,0,0,0,0,4320,4350,-,-
TXO,202608F3,20260821.0,49500.0,Call,0.9,0.9,0.9,0.9,0.9,▼-1.6,▼-64.00%,0,4,4,3,-,565,21,0.9
TXO,202608F3,20260821.0,49500.0,Put,-,-,-,-,4430.0,-,-,0,0,0,0,4420,4450,-,-
TXO,202608F3,20260821.0,49600.0,Call,-,-,-,-,0.7,-,-,0,0,0,3,-,30,28.5,6.6
TXO,202608F3,20260821.0,49600.0,Put,-,-,-,-,4530.0,-,-,0,0,0,0,4520,4550,-,-
TXO,202608F3,20260821.0,49700.0,Call,0.4,0.4,0.4,0.4,0.7,▼-1.8,▼-81.82%,0,10,10,8,-,42,29.5,0.4
TXO,202608F3,20260821.0,49700.0,Put,-,-,-,-,4630.0,-,-,0,0,0,0,4620,4650,-,-
TXO,202608F3,20260821.0,49800.0,Call,-,-,-,-,0.6,-,-,0,0,0,0,-,-,-,-
TXO,202608F3,20260821.0,49800.0,Put,-,-,-,-,4730.0,-,-,0,0,0,0,-,-,-,-
TXO,202608F3,20260821.0,49900.0,Call,-,-,-,-,0.5,-,-,0,0,0,1,-,102,3.4,3.4
TXO,202608F3,20260821.0,49900.0,Put,-,-,-,-,4830.0,-,-,0,0,0,0,-,-,-,-
TXO,202608F3,20260821.0,50000.0,Call,0.3,0.3,0.3,0.3,0.5,▼-1.7,▼-85.00%,1,1,2,11,0.1,565,15.5,0.3
TXO,202608F3,20260821.0,50000.0,Put,-,-,-,-,4930.0,-,-,0,0,0,0,-,-,-,-
TXO,202608F3,20260821.0,50100.0,Call,-,-,-,-,0.5,-,-,0,0,0,1,-,-,17,3.9
TXO,202608F3,20260821.0,50100.0,Put,-,-,-,-,5030.0,-,-,0,0,0,0,-,-,-,-
TXO,202608F3,20260821.0,50200.0,Call,-,-,-,-,0.4,-,-,0,0,0,0,-,-,-,-
TXO,202608F3,20260821.0,50200.0,Put,-,-,-,-,5130.0,-,-,0,0,0,0,-,-,-,-
TXO,202608F3,20260821.0,50300.0,Call,-,-,-,-,0.4,-,-,0,0,0,0,-,-,-,-
TXO,202608F3,20260821.0,50300.0,Put,-,-,-,-,5230.0,-,-,0,0,0,0,-,-,-,-
TXO,202608F3,20260821.0,50400.0,Call,-,-,-,-,0.4,-,-,0,0,0,0,-,-,-,-
TXO,202608F3,20260821.0,50400.0,Put,-,-,-,-,5330.0,-,-,0,0,0,0,-,-,-,-
TXO,202608F3,20260821.0,50500.0,Call,-,-,-,-,0.3,-,-,1,0,1,1,-,0.8,1.2,1.2
TXO,202608F3,20260821.0,50500.0,Put,-,-,-,-,5430.0,-,-,0,0,0,0,-,-,-,-
TXO,202608F3,20260821.0,50600.0,Call,0.3,0.3,0.3,0.3,0.3,▼-0.8,▼-72.73%,0,1,1,1,-,-,0.3,0.3
TXO,202608F3,20260821.0,50600.0,Put,-,-,-,-,5530.0,-,-,0,0,0,0,-,-,-,-
TXO,202608F3,20260821.0,50700.0,Call,0.5,0.9,0.5,0.9,0.2,0,0%,6,20,26,246,0.1,0.7,2.4,0.5
TXO,202608F3,20260821.0,50700.0,Put,-,-,-,-,5630.0,-,-,0,0,0,0,-,-,-,-
TXO,202608W4,20260826.0,40600.0,Call,-,-,-,-,4500.0,-,-,0,0,0,0,4490,4520,-,-
TXO,202608W4,20260826.0,40600.0,Put,37,37,15.5,33.5,33.5,▲+12.5,▲+59.52%,46,197,243,365,10.5,34,101,14
TXO,202608W4,20260826.0,40700.0,Call,-,-,-,-,4410.0,-,-,0,0,0,0,4390,4420,-,-
TXO,202608W4,20260826.0,40700.0,Put,25,25,25,25,34.5,▲+3.5,▲+16.28%,9,1,10,27,17.5,133,101,16
TXO,202608W4,20260826.0,40800.0,Call,-,-,-,-,4310.0,-,-,0,0,0,0,4290,4320,-,-
TXO,202608W4,20260826.0,40800.0,Put,18.5,28.5,18.5,28.5,35.5,▲+6.5,▲+29.55%,0,11,11,15,14,128,96,18.5
TXO,202608W4,20260826.0,40900.0,Call,-,-,-,-,4210.0,-,-,0,0,0,0,4190,4230,-,-
TXO,202608W4,20260826.0,40900.0,Put,23,33,23,33,37.5,▲+11,▲+50.00%,6,12,18,23,36.5,134,102,20
TXO,202608W4,20260826.0,41000.0,Call,-,-,-,-,4110.0,-,-,0,0,0,0,4100,4130,-,-
TXO,202608W4,20260826.0,41000.0,Put,23,43,23,43,39.5,▲+18.5,▲+75.51%,12,259,271,258,31,43,115,17
TXO,202608W4,20260826.0,41100.0,Call,-,-,-,-,4010.0,-,-,0,0,0,0,4000,4030,-,-
TXO,202608W4,20260826.0,41100.0,Put,-,-,-,-,41.5,-,-,0,0,0,12,3,135,107,105
TXO,202608W4,20260826.0,41200.0,Call,-,-,-,-,3920.0,-,-,0,0,0,0,3900,3930,-,-
TXO,202608W4,20260826.0,41200.0,Put,44,44,44,44,44.0,▲+18.5,▲+72.55%,0,2,2,13,0.5,-,113,38
TXO,202608W4,20260826.0,41300.0,Call,-,-,-,-,3820.0,-,-,0,0,0,0,3800,3840,-,-
TXO,202608W4,20260826.0,41300.0,Put,-,-,-,-,46.5,-,-,0,0,0,7,0.5,-,115,29
TXO,202608W4,20260826.0,41400.0,Call,-,-,-,-,3720.0,-,-,0,0,0,0,3710,3740,4750,4750
TXO,202608W4,20260826.0,41400.0,Put,25,48.5,25,47,47.0,▲+19.5,▲+70.91%,2,13,15,35,46,60,135,25
TXO,202608W4,20260826.0,41500.0,Call,-,-,-,-,3630.0,-,-,0,0,0,0,3610,3640,4620,4620
TXO,202608W4,20260826.0,41500.0,Put,25,56,24.5,56,56.0,▲+26,▲+86.67%,0,75,75,69,54,152,148,24.5
TXO,202608W4,20260826.0,41600.0,Call,-,-,-,-,3530.0,-,-,0,0,0,0,3520,3540,-,-
TXO,202608W4,20260826.0,41600.0,Put,37.5,47.5,37.5,47.5,57.0,▲+17.5,▲+58.33%,0,4,4,7,0.5,-,106,30
TXO,202608W4,20260826.0,41700.0,Call,-,-,-,-,3430.0,-,-,0,0,0,0,3200,3450,4430,4430
TXO,202608W4,20260826.0,41700.0,Put,42,42,42,42,61.0,▲+10,▲+31.25%,0,3,3,3,0.5,143,42,42
TXO,202608W4,20260826.0,41800.0,Call,-,-,-,-,3340.0,-,-,0,0,0,0,3320,3350,-,-
TXO,202608W4,20260826.0,41800.0,Put,28.5,64,28.5,64,64.0,▲+31.5,▲+96.92%,1,14,15,61,40,-,132,28.5
TXO,202608W4,20260826.0,41900.0,Call,-,-,-,-,3240.0,-,-,0,0,0,0,3230,3260,-,-
TXO,202608W4,20260826.0,41900.0,Put,43,68,43,68,68.0,▲+33,▲+94.29%,0,47,47,101,47.5,-,68,43
TXO,202608W4,20260826.0,42000.0,Call,-,-,-,-,3150.0,-,-,0,0,0,0,2910,3160,4150,4150
TXO,202608W4,20260826.0,42000.0,Put,33.5,77,31.5,77,77.0,▲+39,▲+102.63%,19,226,245,204,60,79,207,25
TXO,202608W4,20260826.0,42100.0,Call,-,-,-,-,3050.0,-,-,0,0,0,0,3040,3360,-,-
TXO,202608W4,20260826.0,42100.0,Put,51,74,51,72,79.0,▲+32,▲+80.00%,2,10,12,13,3.2,151,145,33
TXO,202608W4,20260826.0,42200.0,Call,-,-,-,-,2960.0,-,-,0,0,0,0,2950,2970,4010,4010
TXO,202608W4,20260826.0,42200.0,Put,33.5,90,33.5,90,90.0,▲+49.5,▲+122.22%,0,20,20,21,30,181,198,33.5
TXO,202608W4,20260826.0,42300.0,Call,-,-,-,-,2860.0,-,-,0,0,0,0,2850,2880,3870,3870
TXO,202608W4,20260826.0,42300.0,Put,54,80,54,80,93.0,▲+35.5,▲+79.78%,1,3,4,14,80,214,211,30
TXO,202608W4,20260826.0,42400.0,Call,-,-,-,-,2770.0,-,-,0,0,0,0,2760,2790,-,-
TXO,202608W4,20260826.0,42400.0,Put,60,90,60,86,97.0,▲+39.5,▲+84.95%,0,207,207,203,94,-,144,46.5
TXO,202608W4,20260826.0,42500.0,Call,-,-,-,-,2680.0,-,-,0,0,0,0,2670,2700,3720,3720
TXO,202608W4,20260826.0,42500.0,Put,53,106,52,106,106.0,▲+56.5,▲+114.14%,0,9,9,14,5,113,241,51
TXO,202608W4,20260826.0,42600.0,Call,-,-,-,-,2590.0,-,-,0,0,0,0,2580,2600,-,-
TXO,202608W4,20260826.0,42600.0,Put,70,116,70,114,114.0,▲+61,▲+115.09%,0,16,16,15,114,-,116,65
TXO,202608W4,20260826.0,42700.0,Call,-,-,-,-,2490.0,-,-,0,0,0,0,2480,2510,-,-
TXO,202608W4,20260826.0,42700.0,Put,72,109,72,105,120.0,▲+45,▲+75.00%,9,5,14,8,45,1390,139,39
TXO,202608W4,20260826.0,42800.0,Call,-,-,-,-,2400.0,-,-,0,0,0,0,2390,2420,-,-
TXO,202608W4,20260826.0,42800.0,Put,62,134,62,130,130.0,▲+68,▲+109.68%,1,30,31,6,32.5,-,270,42
TXO,202608W4,20260826.0,42900.0,Call,-,-,-,-,2310.0,-,-,0,0,0,0,2300,2330,-,-
TXO,202608W4,20260826.0,42900.0,Put,88,140,88,140,140.0,▲+76,▲+118.75%,2,6,8,6,6.1,220,140,54
TXO,202608W4,20260826.0,43000.0,Call,-,-,-,-,2220.0,-,-,0,0,0,0,2220,2240,3230,3230
TXO,202608W4,20260826.0,43000.0,Put,64,155,62,155,155.0,▲+86,▲+124.64%,13,72,85,96,100,163,199,46
TXO,202608W4,20260826.0,43100.0,Call,-,-,-,-,2140.0,-,-,0,0,0,0,2130,2160,3150,3150
TXO,202608W4,20260826.0,43100.0,Put,62,142,62,142,163.0,▲+68,▲+91.89%,63,14,77,3,145,244,198,51
TXO,202608W4,20260826.0,43200.0,Call,-,-,-,-,2050.0,-,-,0,0,0,0,2040,2070,-,-
TXO,202608W4,20260826.0,43200.0,Put,71,145,71,145,176.0,▲+63,▲+76.83%,1,13,14,22,20,252,200,70
TXO,202608W4,20260826.0,43300.0,Call,1980,1980,1980,1980,1980.0,▼-660,▼-25.00%,0,1,1,1,1960,1980,2970,1980
TXO,202608W4,20260826.0,43300.0,Put,96,173,96,173,190.0,▲+85,▲+96.59%,22,202,224,155,51,-,205,60
TXO,202608W4,20260826.0,43400.0,Call,-,-,-,-,1880.0,-,-,0,0,0,0,1870,1900,-,-
TXO,202608W4,20260826.0,43400.0,Put,84,206,84,196,196.0,▲+101,▲+106.32%,5,5,10,21,100,301,228,63
TXO,202608W4,20260826.0,43500.0,Call,-,-,-,-,1790.0,-,-,0,0,0,0,1790,1810,2800,2800
TXO,202608W4,20260826.0,43500.0,Put,91,222,91,222,222.0,▲+125,▲+128.87%,13,52,65,34,120,-,260,68
TXO,202608W4,20260826.0,43600.0,Call,-,-,-,-,1710.0,-,-,0,0,0,0,1700,1730,-,-
TXO,202608W4,20260826.0,43600.0,Put,176,240,176,234,234.0,▲+130,▲+125.00%,0,6,6,78,81,315,414,99
TXO,202608W4,20260826.0,43700.0,Call,-,-,-,-,1630.0,-,-,0,0,0,0,1620,1650,-,-
TXO,202608W4,20260826.0,43700.0,Put,350,350,102,225,256.0,▲+106,▲+89.08%,12,16,28,75,163,362,350,78
TXO,202608W4,20260826.0,43800.0,Call,-,-,-,-,1550.0,-,-,1,0,1,1,1540,1870,2550,2530
TXO,202608W4,20260826.0,43800.0,Put,115,265,115,265,265.0,▲+141,▲+113.71%,1,10,11,62,178,373,300,84
TXO,202608W4,20260826.0,43850.0,Call,-,-,-,-,1510.0,-,-,0,0,0,0,1500,1530,-,-
TXO,202608W4,20260826.0,43850.0,Put,203,203,203,203,286.0,▲+69,▲+51.49%,0,2,2,2,102,-,203,203
TXO,202608W4,20260826.0,43900.0,Call,-,-,-,-,1470.0,-,-,0,0,0,0,1460,1490,-,-
TXO,202608W4,20260826.0,43900.0,Put,202,216,202,216,296.0,▲+77,▲+55.40%,7,7,14,80,193,386,520,91
TXO,202608W4,20260826.0,43950.0,Call,-,-,-,-,1430.0,-,-,0,0,0,0,1430,1450,-,-
TXO,202608W4,20260826.0,43950.0,Put,213,213,213,213,306.0,▲+67,▲+45.89%,1,1,2,2,250,407,213,97
TXO,202608W4,20260826.0,44000.0,Call,-,-,-,-,1390.0,-,-,0,0,0,0,1390,1420,2390,2390
TXO,202608W4,20260826.0,44000.0,Put,127,323,127,323,323.0,▲+173,▲+115.33%,15,41,56,106,209,397,515,103
TXO,202608W4,20260826.0,44050.0,Call,-,-,-,-,1350.0,-,-,0,0,0,0,1350,1380,2350,2350
TXO,202608W4,20260826.0,44050.0,Put,-,-,-,-,330.0,-,-,0,0,0,5,144,438,197,195
TXO,202608W4,20260826.0,44100.0,Call,-,-,-,-,1320.0,-,-,1,0,1,0,1310,1340,2310,1960
TXO,202608W4,20260826.0,44100.0,Put,343,343,343,343,343.0,▲+176,▲+105.39%,0,1,1,17,201,452,625,179
TXO,202608W4,20260826.0,44150.0,Call,-,-,-,-,1280.0,-,-,0,0,0,0,1280,1300,-,-
TXO,202608W4,20260826.0,44150.0,Put,-,-,-,-,357.0,-,-,0,0,0,0,201,-,-,-
TXO,202608W4,20260826.0,44200.0,Call,1890,1890,1890,1890,1240.0,▲+60,▲+3.28%,0,1,1,1,1190,1350,2110,1800
TXO,202608W4,20260826.0,44200.0,Put,210,316,210,316,367.0,▲+135,▲+74.59%,1,3,4,8,222,463,316,123
TXO,202608W4,20260826.0,44250.0,Call,-,-,-,-,1210.0,-,-,0,0,0,0,1200,1230,-,-
TXO,202608W4,20260826.0,44250.0,Put,181,393,168,393,393.0,▲+203,▲+106.84%,4,14,18,0,247,-,393,128
TXO,202608W4,20260826.0,44300.0,Call,-,-,-,-,1170.0,-,-,0,0,0,0,1170,1200,1890,1800
TXO,202608W4,20260826.0,44300.0,Put,180,228,180,228,400.0,▲+29,▲+14.57%,0,5,5,53,246,478,494,180
TXO,202608W4,20260826.0,44350.0,Call,-,-,-,-,1140.0,-,-,0,0,0,0,1130,1160,-,-
TXO,202608W4,20260826.0,44350.0,Put,310,310,310,310,417.0,▲+103,▲+49.76%,0,1,1,1,251,499,330,306
TXO,202608W4,20260826.0,44400.0,Call,-,-,-,-,1110.0,-,-,1,0,1,1,1090,1130,2340,1800
TXO,202608W4,20260826.0,44400.0,Put,-,-,-,-,435.0,-,-,0,0,0,35,321,535,380,238
TXO,202608W4,20260826.0,44450.0,Call,-,-,-,-,1080.0,-,-,0,0,0,0,1070,1090,-,-
TXO,202608W4,20260826.0,44450.0,Put,-,-,-,-,453.0,-,-,0,0,0,1,350,525,251,251
TXO,202608W4,20260826.0,44500.0,Call,1330,1330,1330,1330,1050.0,▼-260,▼-16.35%,0,1,1,1,1010,1060,2000,1330
TXO,202608W4,20260826.0,44500.0,Put,215,423,208,421,472.0,▲+185,▲+78.39%,6,118,124,98,361,-,730,158
TXO,202608W4,20260826.0,44550.0,Call,-,-,-,-,1020.0,-,-,0,0,0,0,1000,1030,-,-
TXO,202608W4,20260826.0,44550.0,Put,-,-,-,-,491.0,-,-,3,0,3,5,316,570,505,211
TXO,202608W4,20260826.0,44600.0,Call,1260,1260,1220,1220,985.0,▼-290,▼-19.21%,0,2,2,2,885,990,1260,1220
TXO,202608W4,20260826.0,44600.0,Put,-,-,-,-,510.0,-,-,4,0,4,35,341,575,670,166
TXO,202608W4,20260826.0,44650.0,Call,-,-,-,-,955.0,-,-,0,0,0,0,935,960,-,-
TXO,202608W4,20260826.0,44650.0,Put,379,500,379,500,530.0,▲+228,▲+83.82%,7,3,10,5,429,610,500,236
TXO,202608W4,20260826.0,44700.0,Call,-,-,-,-,925.0,-,-,0,0,0,0,905,930,-,-
TXO,202608W4,20260826.0,44700.0,Put,400,525,400,525,550.0,▲+240,▲+84.21%,1,7,8,9,429,615,525,240
TXO,202608W4,20260826.0,44750.0,Call,-,-,-,-,895.0,-,-,0,0,0,8,875,895,1460,1460
TXO,202608W4,20260826.0,44750.0,Put,-,-,-,-,575.0,-,-,1,0,1,1,464,-,241,241
TXO,202608W4,20260826.0,44800.0,Call,-,-,-,-,865.0,-,-,0,0,0,0,845,865,1980,1420
TXO,202608W4,20260826.0,44800.0,Put,298,445,298,430,595.0,▲+118,▲+37.82%,1,8,9,3,475,-,635,247
TXO,202608W4,20260826.0,44850.0,Call,-,-,-,-,840.0,-,-,0,0,0,0,0.2,-,-,-
TXO,202608W4,20260826.0,44850.0,Put,-,-,-,-,620.0,-,-,0,0,0,0,469,-,-,-
TXO,202608W4,20260826.0,44900.0,Call,-,-,-,-,815.0,-,-,0,0,0,0,346,-,-,-
TXO,202608W4,20260826.0,44900.0,Put,294,530,294,510,640.0,▲+168,▲+49.12%,0,51,51,41,499,-,530,294
TXO,202608W4,20260826.0,44950.0,Call,-,-,-,-,790.0,-,-,0,0,0,0,680,-,-,-
TXO,202608W4,20260826.0,44950.0,Put,515,525,515,525,665.0,▲+168,▲+47.06%,2,10,12,2,510,-,525,309
TXO,202608W4,20260826.0,45000.0,Call,740,740,740,740,765.0,▼-480,▼-39.34%,0,1,1,1,640,845,740,740
TXO,202608W4,20260826.0,45000.0,Put,335,600,318,600,690.0,▲+237,▲+65.29%,15,32,47,21,620,-,655,242
TXO,202608W4,20260826.0,45050.0,Call,-,-,-,-,740.0,-,-,1,0,1,0,615,-,1480,1460
TXO,202608W4,20260826.0,45050.0,Put,-,-,-,-,715.0,-,-,0,0,0,0,580,-,-,-
TXO,202608W4,20260826.0,45100.0,Call,720,720,720,720,720.0,▼-440,▼-37.93%,0,1,1,1,575,810,720,720
TXO,202608W4,20260826.0,45100.0,Put,575,650,575,650,740.0,▲+243,▲+59.71%,0,2,2,1,605,-,650,575
TXO,202608W4,20260826.0,45150.0,Call,-,-,-,-,690.0,-,-,0,0,0,0,575,-,-,-
TXO,202608W4,20260826.0,45150.0,Put,-,-,-,-,765.0,-,-,0,0,0,1,590,-,469,469
TXO,202608W4,20260826.0,45200.0,Call,730,770,730,745,660.0,▼-345,▼-31.65%,0,8,8,7,565,-,770,730
TXO,202608W4,20260826.0,45200.0,Put,-,-,-,-,785.0,-,-,0,0,0,3,635,-,695,398
TXO,202608W4,20260826.0,45250.0,Call,650,650,650,650,640.0,▼-410,▼-38.68%,0,1,1,1,540,-,650,650
TXO,202608W4,20260826.0,45250.0,Put,610,610,610,610,810.0,▲+149,▲+32.32%,1,1,2,1,620,-,610,301
TXO,202608W4,20260826.0,45300.0,Call,790,790,590,590,590.0,▼-460,▼-43.81%,2,12,14,6,485,-,1080,590
TXO,202608W4,20260826.0,45300.0,Put,480,830,480,830,830.0,▲+361,▲+76.97%,0,6,6,4,2.3,900,1040,469
TXO,202608W4,20260826.0,45350.0,Call,-,-,-,-,580.0,-,-,0,0,0,0,475,-,-,-
TXO,202608W4,20260826.0,45350.0,Put,484,484,484,484,865.0,▼-15,▼-3.01%,2,2,4,2,695,-,585,323
TXO,202608W4,20260826.0,45400.0,Call,670,690,560,560,560.0,▼-410,▼-42.27%,0,14,14,7,436,665,690,560
TXO,202608W4,20260826.0,45400.0,Put,655,760,640,760,880.0,▲+240,▲+46.15%,0,155,155,142,785,880,760,640
TXO,202608W4,20260826.0,45450.0,Call,-,-,-,-,530.0,-,-,0,0,0,0,432,-,-,-
TXO,202608W4,20260826.0,45450.0,Put,-,-,-,-,900.0,-,-,0,0,0,17,820,900,1080,720
TXO,202608W4,20260826.0,45500.0,Call,565,565,565,565,510.0,▼-350,▼-38.25%,0,1,1,4,409,-,1470,565
TXO,202608W4,20260826.0,45500.0,Put,530,730,530,730,930.0,▲+170,▲+30.36%,3,4,7,5,850,930,1030,430
TXO,202608W4,20260826.0,45550.0,Call,-,-,-,-,489.0,-,-,0,0,0,1,365,585,1240,965
TXO,202608W4,20260826.0,45550.0,Put,915,920,915,920,965.0,▲+335,▲+57.26%,0,4,4,1,860,990,1030,520
TXO,202608W4,20260826.0,45600.0,Call,620,630,492,492,467.0,▼-363,▼-42.46%,0,3,3,2,341,-,630,492
TXO,202608W4,20260826.0,45600.0,Put,580,955,580,955,985.0,▲+350,▲+57.85%,2,17,19,15,660,985,955,423
TXO,202608W4,20260826.0,45650.0,Call,-,-,-,-,446.0,-,-,0,0,0,0,320,-,-,-
TXO,202608W4,20260826.0,45650.0,Put,805,805,795,795,1010.0,▲+165,▲+26.19%,0,2,2,0,935,1010,805,505
TXO,202608W4,20260826.0,45700.0,Call,500,500,400,400,421.0,▼-405,▼-50.31%,0,2,2,3,317,510,1000,400
TXO,202608W4,20260826.0,45700.0,Put,620,965,620,965,1050.0,▲+315,▲+48.46%,2,4,6,17,720,1100,965,479
TXO,202608W4,20260826.0,45750.0,Call,-,-,-,-,402.0,-,-,0,0,0,0,282,-,-,-
TXO,202608W4,20260826.0,45750.0,Put,-,-,-,-,1070.0,-,-,0,0,0,0,955,1070,-,-
TXO,202608W4,20260826.0,45800.0,Call,810,810,468,468,381.0,▼-282,▼-37.60%,3,5,8,3,286,-,900,468
TXO,202608W4,20260826.0,45800.0,Put,615,615,615,615,1110.0,▼-85,▼-12.14%,6,1,7,6,985,1110,845,500
TXO,202608W4,20260826.0,45850.0,Call,-,-,-,-,363.0,-,-,0,0,0,0,7.3,-,-,-
TXO,202608W4,20260826.0,45850.0,Put,-,-,-,-,1140.0,-,-,0,0,0,2,1030,1140,1000,1000
TXO,202608W4,20260826.0,45900.0,Call,433,443,357,357,357.0,▼-343,▼-49.00%,0,7,7,5,236,435,845,357
TXO,202608W4,20260826.0,45900.0,Put,930,930,930,930,1170.0,▲+180,▲+24.00%,0,1,1,1,1060,1170,930,660
TXO,202608W4,20260826.0,45950.0,Call,428,428,325,325,325.0,▼-355,▼-52.21%,0,2,2,0,228,-,428,325
TXO,202608W4,20260826.0,45950.0,Put,-,-,-,-,1200.0,-,-,0,0,0,0,1100,-,-,-
TXO,202608W4,20260826.0,46000.0,Call,630,630,300,300,300.0,▼-355,▼-54.20%,6,20,26,14,250,500,1240,300
TXO,202608W4,20260826.0,46000.0,Put,760,1000,760,1000,1240.0,▲+195,▲+24.22%,9,7,16,4,1200,1240,1270,585
TXO,202608W4,20260826.0,46050.0,Call,535,535,353,356,293.0,▼-274,▼-43.49%,0,6,6,4,199,439,945,353
TXO,202608W4,20260826.0,46050.0,Put,-,-,-,-,1270.0,-,-,0,0,0,0,1120,1270,925,920
TXO,202608W4,20260826.0,46100.0,Call,333,353,333,353,277.0,▼-252,▼-41.65%,0,2,2,1,54,320,915,333
TXO,202608W4,20260826.0,46100.0,Put,1020,1080,1020,1080,1300.0,▲+225,▲+26.32%,0,2,2,1,1120,1300,1080,765
TXO,202608W4,20260826.0,46150.0,Call,-,-,-,-,262.0,-,-,0,0,0,3,7,390,1050,995
TXO,202608W4,20260826.0,46150.0,Put,-,-,-,-,1340.0,-,-,0,0,0,0,1120,1340,-,-
TXO,202608W4,20260826.0,46200.0,Call,285,325,238,238,238.0,▼-317,▼-57.12%,2,5,7,24,154,565,990,238
TXO,202608W4,20260826.0,46200.0,Put,-,-,-,-,1370.0,-,-,3,0,3,1,1120,1380,995,720
TXO,202608W4,20260826.0,46250.0,Call,432,432,278,290,233.0,▼-250,▼-46.30%,1,3,4,4,119,-,840,278
TXO,202608W4,20260826.0,46250.0,Put,-,-,-,-,1410.0,-,-,0,0,0,0,1110,-,-,-
TXO,202608W4,20260826.0,46300.0,Call,262,288,212,212,212.0,▼-303,▼-58.83%,0,5,5,4,126,700,820,212
TXO,202608W4,20260826.0,46300.0,Put,-,-,-,-,1440.0,-,-,0,0,0,0,1130,1450,-,-
TXO,202608W4,20260826.0,46350.0,Call,295,295,245,245,207.0,▼-250,▼-50.51%,0,2,2,0,48,-,295,245
TXO,202608W4,20260826.0,46350.0,Put,-,-,-,-,1480.0,-,-,0,0,0,0,1160,1490,-,-
TXO,202608W4,20260826.0,46400.0,Call,339,339,250,251,195.0,▼-223,▼-47.05%,0,3,3,2,114,300,775,250
TXO,202608W4,20260826.0,46400.0,Put,-,-,-,-,1520.0,-,-,0,0,0,0,1200,-,-,-
TXO,202608W4,20260826.0,46450.0,Call,-,-,-,-,183.0,-,-,0,0,0,10,77,-,805,805
TXO,202608W4,20260826.0,46450.0,Put,-,-,-,-,1560.0,-,-,0,0,0,0,1240,1560,-,-
TXO,202608W4,20260826.0,46500.0,Call,271,271,204,204,171.0,▼-227,▼-52.67%,5,13,18,18,70,264,880,204
TXO,202608W4,20260826.0,46500.0,Put,-,-,-,-,1600.0,-,-,0,0,0,0,1280,-,-,-
TXO,202608W4,20260826.0,46550.0,Call,191,191,191,191,160.0,▼-219,▼-53.41%,2,1,3,1,39.5,266,540,191
TXO,202608W4,20260826.0,46550.0,Put,-,-,-,-,1640.0,-,-,0,0,0,0,1320,-,-,-
TXO,202608W4,20260826.0,46600.0,Call,345,345,144,144,144.0,▼-245,▼-62.98%,3,42,45,26,76,251,815,144
TXO,202608W4,20260826.0,46600.0,Put,-,-,-,-,1680.0,-,-,0,0,0,0,2.3,-,-,-
TXO,202608W4,20260826.0,46650.0,Call,215,215,160,160,141.0,▼-210,▼-56.76%,0,4,4,2,52,-,215,160
TXO,202608W4,20260826.0,46650.0,Put,1640,1640,1640,1640,1720.0,▲+470,▲+40.17%,0,1,1,0,1690,1720,1640,1170
TXO,202608W4,20260826.0,46700.0,Call,279,279,140,140,140.0,▼-212,▼-60.23%,0,53,53,56,21.5,160,805,140
TXO,202608W4,20260826.0,46700.0,Put,-,-,-,-,1760.0,-,-,0,0,0,0,1440,1760,-,-
TXO,202608W4,20260826.0,46750.0,Call,-,-,-,-,123.0,-,-,0,0,0,0,52,-,655,450
TXO,202608W4,20260826.0,46750.0,Put,-,-,-,-,1800.0,-,-,0,0,0,0,1480,1810,-,-
TXO,202608W4,20260826.0,46800.0,Call,193,193,113,113,113.0,▼-208,▼-64.80%,15,15,30,32,106,163,765,113
TXO,202608W4,20260826.0,46800.0,Put,-,-,-,-,1840.0,-,-,0,0,0,0,1530,1850,-,-
TXO,202608W4,20260826.0,46850.0,Call,134,151,134,145,109.0,▼-161,▼-52.61%,0,4,4,2,2.4,-,151,134
TXO,202608W4,20260826.0,46850.0,Put,-,-,-,-,1880.0,-,-,0,0,0,0,1570,-,-,-
TXO,202608W4,20260826.0,46900.0,Call,154,154,133,133,101.0,▼-159,▼-54.45%,0,37,37,37,13.5,-,154,133
TXO,202608W4,20260826.0,46900.0,Put,-,-,-,-,1930.0,-,-,0,0,0,1,1910,1930,1190,1190
TXO,202608W4,20260826.0,46950.0,Call,137,137,137,137,94.0,▼-139,▼-50.36%,3,1,4,3,1.9,4000,296,137
TXO,202608W4,20260826.0,46950.0,Put,-,-,-,-,1970.0,-,-,0,0,0,0,1950,1980,-,-
TXO,202608W4,20260826.0,47000.0,Call,205,230,82,82,82.0,▼-183,▼-69.06%,16,171,187,143,79,121,710,82
TXO,202608W4,20260826.0,47000.0,Put,1520,1520,1520,1520,2010.0,▲+110,▲+7.80%,0,1,1,0,1700,2020,1520,1100
TXO,202608W4,20260826.0,47050.0,Call,193,193,90,90,79.0,▼-160,▼-64.00%,1,2,3,2,13,453,268,90
TXO,202608W4,20260826.0,47050.0,Put,-,-,-,-,2060.0,-,-,0,0,0,0,2040,2070,-,-
TXO,202608W4,20260826.0,47100.0,Call,213,217,95,98,76.0,▼-139,▼-58.65%,1,9,10,5,1.7,207,237,95
TXO,202608W4,20260826.0,47100.0,Put,-,-,-,-,2100.0,-,-,0,0,0,0,-,-,-,-
TXO,202608W4,20260826.0,47150.0,Call,94,94,94,94,71.0,▼-130,▼-58.04%,1,1,2,2,26.5,182,262,94
TXO,202608W4,20260826.0,47150.0,Put,-,-,-,-,2150.0,-,-,0,0,0,0,2130,2160,-,-
TXO,202608W4,20260826.0,47200.0,Call,99,100,80,80,67.0,▼-132,▼-62.26%,3,10,13,22,3.4,210,570,80
TXO,202608W4,20260826.0,47200.0,Put,-,-,-,-,2190.0,-,-,0,0,0,0,2170,2200,-,-
TXO,202608W4,20260826.0,47250.0,Call,80,80,80,80,61.0,▼-121,▼-60.20%,5,1,6,5,2.5,199,239,80
TXO,202608W4,20260826.0,47250.0,Put,-,-,-,-,2240.0,-,-,0,0,0,0,2220,2250,-,-
TXO,202608W4,20260826.0,47300.0,Call,162,162,51,55,55.0,▼-135,▼-71.05%,0,10,10,7,2.4,168,595,51
TXO,202608W4,20260826.0,47300.0,Put,-,-,-,-,2280.0,-,-,0,0,0,0,2270,2290,-,-
TXO,202608W4,20260826.0,47350.0,Call,87,87,71,71,51.0,▼-109,▼-60.56%,2,2,4,2,2.4,-,210,71
TXO,202608W4,20260826.0,47350.0,Put,-,-,-,-,2330.0,-,-,0,0,0,0,-,-,-,-
TXO,202608W4,20260826.0,47400.0,Call,58,68,58,62,49.5,▼-108,▼-63.53%,2,11,13,11,2.4,162,555,58
TXO,202608W4,20260826.0,47400.0,Put,-,-,-,-,2370.0,-,-,0,0,0,0,2360,2390,-,-
TXO,202608W4,20260826.0,47500.0,Call,135,135,45,45,45.0,▼-107,▼-70.39%,6,17,23,17,39,150,495,45
TXO,202608W4,20260826.0,47500.0,Put,-,-,-,-,2470.0,-,-,2,0,2,0,2160,-,1780,1670
TXO,202608W4,20260826.0,47600.0,Call,90,90,42,42,42.0,▼-95,▼-69.34%,3,8,11,6,22,-,408,42
TXO,202608W4,20260826.0,47600.0,Put,-,-,-,-,2560.0,-,-,0,0,0,1,2250,2580,1900,1900
TXO,202608W4,20260826.0,47700.0,Call,101,101,101,101,33.5,▼-19,▼-15.83%,7,1,8,5,5.9,78,445,101
TXO,202608W4,20260826.0,47700.0,Put,-,-,-,-,2660.0,-,-,0,0,0,0,2350,-,-,-
TXO,202608W4,20260826.0,47800.0,Call,43,43,34.5,34.5,29.0,▼-73.5,▼-68.06%,2,2,4,3,3.3,-,425,34.5
TXO,202608W4,20260826.0,47800.0,Put,-,-,-,-,2750.0,-,-,0,0,0,1,2450,2850,2110,2110
TXO,202608W4,20260826.0,47900.0,Call,41.5,41.5,41.5,41.5,26.0,▼-52.5,▼-55.85%,16,1,17,26,1.3,178,351,41.5
TXO,202608W4,20260826.0,47900.0,Put,-,-,-,-,2850.0,-,-,0,0,0,0,2840,2860,-,-
TXO,202608W4,20260826.0,48000.0,Call,66,66,25,25,25.0,▼-56,▼-69.14%,54,245,299,65,3.8,47,360,25
TXO,202608W4,20260826.0,48000.0,Put,-,-,-,-,2950.0,-,-,0,0,0,1,2640,3030,2010,2010
TXO,202608W4,20260826.0,48100.0,Call,37.5,37.5,25.5,25.5,19.5,▼-46.5,▼-64.58%,0,4,4,7,1.3,156,148,25.5
TXO,202608W4,20260826.0,48100.0,Put,-,-,-,-,3040.0,-,-,0,0,0,0,3030,3060,-,-
TXO,202608W4,20260826.0,48200.0,Call,32,32,22,22,18.0,▼-45,▼-67.16%,38,39,77,9,1.3,26.5,225,22
TXO,202608W4,20260826.0,48200.0,Put,-,-,-,-,3140.0,-,-,0,0,0,1,3130,3160,2170,2170
TXO,202608W4,20260826.0,48300.0,Call,40,40,17.5,17.5,17.5,▼-38.5,▼-68.75%,2,10,12,9,1.3,-,260,17.5
TXO,202608W4,20260826.0,48300.0,Put,-,-,-,-,3240.0,-,-,0,0,0,0,3230,3260,-,-
TXO,202608W4,20260826.0,48400.0,Call,37.5,37.5,13.5,13.5,13.5,▼-36,▼-72.73%,3,22,25,10,13,32,192,13.5
TXO,202608W4,20260826.0,48400.0,Put,-,-,-,-,3340.0,-,-,0,0,0,0,3330,3350,-,-
TXO,202608W4,20260826.0,48500.0,Call,30.5,30.5,12.5,12.5,12.5,▼-30.5,▼-70.93%,7,9,16,54,12,32,234,12.5
TXO,202608W4,20260826.0,48500.0,Put,-,-,-,-,3440.0,-,-,0,0,0,0,3420,3450,-,-
TXO,202608W4,20260826.0,48600.0,Call,28,28,11,12,12.0,▼-28,▼-70.00%,1,13,14,6,1.2,113,222,11
TXO,202608W4,20260826.0,48600.0,Put,-,-,-,-,3540.0,-,-,0,0,0,0,-,-,-,-
TXO,202608W4,20260826.0,48700.0,Call,23.5,23.5,10.5,13.5,10.5,▼-20,▼-59.70%,2,13,15,4,2.9,111,155,10.5
TXO,202608W4,20260826.0,48700.0,Put,-,-,-,-,3640.0,-,-,0,0,0,0,3620,3650,-,-
TXO,202608W4,20260826.0,48800.0,Call,12,12,11,12,9.9,▼-17.5,▼-59.32%,0,9,9,4,0.5,111,174,11
TXO,202608W4,20260826.0,48800.0,Put,-,-,-,-,3730.0,-,-,0,0,0,0,3720,3750,-,-
TXO,202608W4,20260826.0,48900.0,Call,11,11,11,11,9.0,▼-15,▼-57.69%,0,6,6,1,0.4,28,131,11
TXO,202608W4,20260826.0,48900.0,Put,-,-,-,-,3830.0,-,-,0,0,0,0,3820,3850,-,-
TXO,202608W4,20260826.0,49000.0,Call,18.5,18.5,7.7,7.7,8.8,▼-14.3,▼-65.00%,248,98,346,369,7,65,162,7.7
TXO,202608W4,20260826.0,49000.0,Put,-,-,-,-,3930.0,-,-,0,0,0,0,3920,3950,-,-
TXO,202608W4,20260826.0,49100.0,Call,16,16,9.8,9.8,8.0,▼-9.7,▼-49.74%,3,2,5,1,5.6,188,104,9.8
TXO,202608W4,20260826.0,49100.0,Put,-,-,-,-,4030.0,-,-,0,0,0,0,4020,4050,-,-
TXO,202608W4,20260826.0,49200.0,Call,-,-,-,-,7.4,-,-,0,0,0,16,0.4,132,110,19.5
TXO,202608W4,20260826.0,49200.0,Put,-,-,-,-,4130.0,-,-,0,0,0,0,4120,4150,-,-
TXO,202608W4,20260826.0,49300.0,Call,10.5,10.5,10.5,10.5,6.8,▼-5.5,▼-34.38%,0,5,5,5,0.3,12,31,10.5
TXO,202608W4,20260826.0,49300.0,Put,-,-,-,-,4230.0,-,-,0,0,0,0,4220,4250,-,-
TXO,202608W4,20260826.0,49400.0,Call,9,9,6,7.6,6.3,▼-6.9,▼-47.59%,0,6,6,18,0.3,60,110,6
TXO,202608W4,20260826.0,49400.0,Put,-,-,-,-,4330.0,-,-,0,0,0,0,4310,4350,-,-
TXO,202608W4,20260826.0,49500.0,Call,10.5,10.5,6,6,6.0,▼-8,▼-57.14%,1,6,7,13,0.3,-,86,6
TXO,202608W4,20260826.0,49500.0,Put,-,-,-,-,4430.0,-,-,0,0,0,0,4410,4450,-,-
TXO,202608W4,20260826.0,49600.0,Call,5.8,5.8,5.8,5.8,5.8,▼-5.7,▼-49.57%,2,1,3,3,0.3,127,90,5.8
TXO,202608W4,20260826.0,49600.0,Put,-,-,-,-,4530.0,-,-,0,0,0,0,4510,4550,-,-
TXO,202608W4,20260826.0,49700.0,Call,-,-,-,-,5.1,-,-,8,0,8,18,4,-,83,10.5
TXO,202608W4,20260826.0,49700.0,Put,-,-,-,-,4630.0,-,-,0,0,0,0,4610,4650,-,-
TXO,202608W4,20260826.0,49800.0,Call,-,-,-,-,4.8,-,-,0,0,0,1,0.4,105,45.5,10.5
TXO,202608W4,20260826.0,49800.0,Put,-,-,-,-,4730.0,-,-,0,0,0,0,4710,4750,-,-
TXO,202608W4,20260826.0,49900.0,Call,-,-,-,-,4.5,-,-,5,0,5,5,0.5,-,11.5,11
TXO,202608W4,20260826.0,49900.0,Put,-,-,-,-,4830.0,-,-,0,0,0,0,4810,4850,-,-
TXO,202608W4,20260826.0,50000.0,Call,4.5,4.5,3.5,3.5,4.1,▼-4.3,▼-55.13%,4,5,9,35,3.5,42,60,3.5
TXO,202608W4,20260826.0,50000.0,Put,-,-,-,-,4930.0,-,-,0,0,0,0,4910,4950,-,-
TXO,202608W4,20260826.0,50100.0,Call,-,-,-,-,3.8,-,-,0,0,0,8,3.5,123,34.5,7
TXO,202608W4,20260826.0,50100.0,Put,-,-,-,-,5030.0,-,-,0,0,0,0,5010,5050,-,-
TXO,202608W4,20260826.0,50200.0,Call,3.1,3.1,3.1,3.1,3.6,▼-3.5,▼-53.03%,0,1,1,3,0.4,3.2,24,3.1
TXO,202608W4,20260826.0,50200.0,Put,-,-,-,-,5130.0,-,-,0,0,0,0,5110,5150,-,-
TXO,202608W4,20260826.0,50300.0,Call,3.3,3.3,3.3,3.3,3.3,▼-2.5,▼-43.10%,1,1,2,2,0.4,3,16,3.3
TXO,202608W4,20260826.0,50300.0,Put,-,-,-,-,5230.0,-,-,0,0,0,0,5210,5250,-,-
TXO,202608W4,20260826.0,50400.0,Call,3,3.1,3,3.1,3.1,▼-2.6,▼-45.61%,0,2,2,25,0.4,3,13.5,3
TXO,202608W4,20260826.0,50400.0,Put,-,-,-,-,5330.0,-,-,0,0,0,0,5310,5350,-,-
TXO,202608W4,20260826.0,50500.0,Call,-,-,-,-,2.9,-,-,0,0,0,4,0.4,3,11.5,9.8
TXO,202608W4,20260826.0,50500.0,Put,-,-,-,-,5430.0,-,-,0,0,0,0,5410,5450,-,-
TXO,202608W4,20260826.0,50600.0,Call,-,-,-,-,2.7,-,-,0,0,0,1,0.6,103,15,15
TXO,202608W4,20260826.0,50600.0,Put,-,-,-,-,5530.0,-,-,0,0,0,0,5510,5550,-,-
TXO,202608W4,20260826.0,50700.0,Call,-,-,-,-,2.6,-,-,2,0,2,3,0.4,-,12,5
TXO,202608W4,20260826.0,50700.0,Put,-,-,-,-,5630.0,-,-,0,0,0,0,5610,5650,-,-
TXO,202608F4,20260828.0,41200.0,Call,-,-,-,-,3960.0,-,-,0,0,0,0,3940,3970,-,-
TXO,202608F4,20260828.0,41200.0,Put,37,74,37,74,74.0,▲+32,▲+76.19%,19,63,82,80,30,80,74,31
TXO,202608F4,20260828.0,41300.0,Call,-,-,-,-,3860.0,-,-,0,0,0,0,3840,3870,-,-
TXO,202608F4,20260828.0,41300.0,Put,-,-,-,-,77.0,-,-,0,0,0,0,11,-,-,-
TXO,202608F4,20260828.0,41400.0,Call,-,-,-,-,3770.0,-,-,0,0,0,0,3750,3780,-,-
TXO,202608F4,20260828.0,41400.0,Put,42,82,42,82,82.0,▲+36,▲+78.26%,0,7,7,26,30,105,82,42
TXO,202608F4,20260828.0,41500.0,Call,-,-,-,-,3670.0,-,-,0,0,0,0,3650,3680,-,-
TXO,202608F4,20260828.0,41500.0,Put,43.5,80,43.5,80,86.0,▲+32.5,▲+68.42%,0,3,3,17,39.5,218,80,43.5
TXO,202608F4,20260828.0,41600.0,Call,-,-,-,-,3580.0,-,-,0,0,0,0,3560,3590,-,-
TXO,202608F4,20260828.0,41600.0,Put,70,70,68,68,93.0,▲+18,▲+36.00%,0,2,2,14,1.3,220,70,50
TXO,202608F4,20260828.0,41700.0,Call,-,-,-,-,3480.0,-,-,0,0,0,0,3460,3490,-,-
TXO,202608F4,20260828.0,41700.0,Put,-,-,-,-,99.0,-,-,1,0,1,13,1.3,223,67,40
TXO,202608F4,20260828.0,41800.0,Call,-,-,-,-,3390.0,-,-,0,0,0,0,-,-,-,-
TXO,202608F4,20260828.0,41800.0,Put,65,105,65,105,105.0,▲+49,▲+87.50%,0,3,3,18,1.3,180,105,62
TXO,202608F4,20260828.0,41900.0,Call,-,-,-,-,3300.0,-,-,0,0,0,0,3280,3310,-,-
TXO,202608F4,20260828.0,41900.0,Put,63,112,63,112,112.0,▲+54,▲+93.10%,6,5,11,9,3.1,201,112,45
TXO,202608F4,20260828.0,42000.0,Call,-,-,-,-,3200.0,-,-,0,0,0,0,3190,3210,-,-
TXO,202608F4,20260828.0,42000.0,Put,52,108,52,108,121.0,▲+47,▲+77.05%,7,11,18,17,8,195,108,45.5
TXO,202608F4,20260828.0,42100.0,Call,-,-,-,-,3110.0,-,-,0,0,0,0,3090,3120,-,-
TXO,202608F4,20260828.0,42100.0,Put,82,82,82,82,130.0,▲+13,▲+18.84%,1,1,2,4,50,-,82,50
TXO,202608F4,20260828.0,42200.0,Call,-,-,-,-,3020.0,-,-,0,0,0,0,3000,3030,-,-
TXO,202608F4,20260828.0,42200.0,Put,123,123,123,123,138.0,▲+52,▲+73.24%,0,1,1,3,1.3,204,123,102
TXO,202608F4,20260828.0,42300.0,Call,-,-,-,-,2930.0,-,-,0,0,0,0,2910,2940,-,-
TXO,202608F4,20260828.0,42300.0,Put,105,105,105,105,147.0,▲+30,▲+40.00%,0,1,1,5,1.3,-,110,75
TXO,202608F4,20260828.0,42400.0,Call,-,-,-,-,2840.0,-,-,0,0,0,0,2820,2850,-,-
TXO,202608F4,20260828.0,42400.0,Put,70,70,70,70,156.0,▼-15,▼-17.65%,0,1,1,7,1.3,252,105,70
TXO,202608F4,20260828.0,42500.0,Call,-,-,-,-,2750.0,-,-,0,0,0,1,2730,2760,3770,3770
TXO,202608F4,20260828.0,42500.0,Put,99,107,93,107,167.0,▲+21,▲+24.42%,2,16,18,17,1.3,232,125,80
TXO,202608F4,20260828.0,42600.0,Call,-,-,-,-,2660.0,-,-,0,0,0,0,2640,2670,-,-
TXO,202608F4,20260828.0,42600.0,Put,101,118,101,118,178.0,▲+27,▲+29.67%,4,2,6,11,1.3,256,126,67
TXO,202608F4,20260828.0,42700.0,Call,-,-,-,-,2570.0,-,-,0,0,0,0,2560,2580,-,-
TXO,202608F4,20260828.0,42700.0,Put,85,180,85,180,180.0,▲+78,▲+76.47%,3,7,10,17,82,262,180,75
TXO,202608F4,20260828.0,42800.0,Call,-,-,-,-,2490.0,-,-,0,0,0,0,-,-,-,-
TXO,202608F4,20260828.0,42800.0,Put,95,195,95,195,195.0,▲+92,▲+89.32%,0,10,10,6,82,-,195,95
TXO,202608F4,20260828.0,42900.0,Call,-,-,-,-,2400.0,-,-,0,0,0,0,2380,2410,-,-
TXO,202608F4,20260828.0,42900.0,Put,-,-,-,-,215.0,-,-,0,0,0,0,84,-,-,-
TXO,202608F4,20260828.0,43000.0,Call,-,-,-,-,2320.0,-,-,0,0,0,0,2300,2320,-,-
TXO,202608F4,20260828.0,43000.0,Put,104,169,101,169,231.0,▲+52,▲+44.44%,0,14,14,15,123,325,198,101
TXO,202608F4,20260828.0,43100.0,Call,-,-,-,-,2230.0,-,-,0,0,0,0,2210,2240,-,-
TXO,202608F4,20260828.0,43100.0,Put,176,216,176,216,246.0,▲+89,▲+70.08%,0,2,2,1,82,-,216,176
TXO,202608F4,20260828.0,43200.0,Call,-,-,-,-,2150.0,-,-,0,0,0,0,-,-,-,-
TXO,202608F4,20260828.0,43200.0,Put,114,225,114,225,265.0,▲+90,▲+66.67%,0,2,2,2,93,328,225,114
TXO,202608F4,20260828.0,43300.0,Call,-,-,-,-,2070.0,-,-,0,0,0,0,2050,2070,-,-
TXO,202608F4,20260828.0,43300.0,Put,-,-,-,-,280.0,-,-,0,0,0,0,162,-,-,-
TXO,202608F4,20260828.0,43400.0,Call,-,-,-,-,1980.0,-,-,0,0,0,0,1960,1990,-,-
TXO,202608F4,20260828.0,43400.0,Put,208,208,208,208,299.0,▲+54,▲+35.06%,0,1,1,2,162,380,208,188
TXO,202608F4,20260828.0,43500.0,Call,-,-,-,-,1910.0,-,-,0,0,0,0,1880,1910,-,-
TXO,202608F4,20260828.0,43500.0,Put,156,270,156,270,321.0,▲+97,▲+56.07%,2,8,10,10,158,414,270,140
TXO,202608F4,20260828.0,43600.0,Call,-,-,-,-,1830.0,-,-,0,0,0,0,1800,1830,-,-
TXO,202608F4,20260828.0,43600.0,Put,-,-,-,-,341.0,-,-,0,0,0,0,162,-,-,-
TXO,202608F4,20260828.0,43700.0,Call,-,-,-,-,1750.0,-,-,0,0,0,0,1730,1750,-,-
TXO,202608F4,20260828.0,43700.0,Put,257,362,255,362,362.0,▲+170,▲+88.54%,0,22,22,50,201,427,362,217
TXO,202608F4,20260828.0,43800.0,Call,-,-,-,-,1680.0,-,-,0,0,0,1,1650,1680,2440,2440
TXO,202608F4,20260828.0,43800.0,Put,-,-,-,-,390.0,-,-,0,0,0,1,225,474,255,255
TXO,202608F4,20260828.0,43900.0,Call,-,-,-,-,1600.0,-,-,0,0,0,0,1580,1600,-,-
TXO,202608F4,20260828.0,43900.0,Put,297,307,297,301,413.0,▲+76,▲+33.78%,0,45,45,45,247,505,307,297
TXO,202608F4,20260828.0,44000.0,Call,-,-,-,-,1530.0,-,-,0,0,0,0,1500,1530,-,-
TXO,202608F4,20260828.0,44000.0,Put,240,328,240,328,441.0,▲+91,▲+38.40%,0,2,2,1,326,490,328,240
TXO,202608F4,20260828.0,44100.0,Call,-,-,-,-,1450.0,-,-,0,0,0,0,1430,1460,-,-
TXO,202608F4,20260828.0,44100.0,Put,-,-,-,-,469.0,-,-,0,0,0,50,291,535,335,310
TXO,202608F4,20260828.0,44200.0,Call,-,-,-,-,1380.0,-,-,0,0,0,0,1360,1390,-,-
TXO,202608F4,20260828.0,44200.0,Put,344,420,344,420,495.0,▲+142,▲+51.08%,0,16,16,16,319,575,420,344
TXO,202608F4,20260828.0,44300.0,Call,-,-,-,-,1310.0,-,-,0,0,0,0,1290,1320,-,-
TXO,202608F4,20260828.0,44300.0,Put,340,420,340,420,525.0,▲+119,▲+39.53%,0,2,2,22,414,605,420,326
TXO,202608F4,20260828.0,44400.0,Call,-,-,-,-,1250.0,-,-,0,0,0,0,1220,1250,-,-
TXO,202608F4,20260828.0,44400.0,Put,-,-,-,-,560.0,-,-,0,0,0,30,450,630,332,332
TXO,202608F4,20260828.0,44450.0,Call,-,-,-,-,1210.0,-,-,0,0,0,0,1190,1220,-,-
TXO,202608F4,20260828.0,44450.0,Put,-,-,-,-,575.0,-,-,0,0,0,0,406,-,-,-
TXO,202608F4,20260828.0,44500.0,Call,-,-,-,-,1180.0,-,-,0,0,0,0,1160,1190,-,-
TXO,202608F4,20260828.0,44500.0,Put,339,339,339,339,590.0,0,0%,0,1,1,1,423,-,400,339
TXO,202608F4,20260828.0,44550.0,Call,-,-,-,-,1150.0,-,-,0,0,0,0,1130,1160,-,-
TXO,202608F4,20260828.0,44550.0,Put,-,-,-,-,610.0,-,-,0,0,0,0,500,-,-,-
TXO,202608F4,20260828.0,44600.0,Call,-,-,-,-,1110.0,-,-,0,0,0,0,1100,1120,-,-
TXO,202608F4,20260828.0,44600.0,Put,-,-,-,-,630.0,-,-,0,0,0,0,505,-,-,-
TXO,202608F4,20260828.0,44650.0,Call,-,-,-,-,1080.0,-,-,0,0,0,0,1060,1090,-,-
TXO,202608F4,20260828.0,44650.0,Put,-,-,-,-,650.0,-,-,0,0,0,0,525,-,-,-
TXO,202608F4,20260828.0,44700.0,Call,-,-,-,-,1050.0,-,-,0,0,0,0,1030,1060,-,-
TXO,202608F4,20260828.0,44700.0,Put,565,585,565,585,665.0,▲+195,▲+50.00%,0,2,2,2,550,750,585,565
TXO,202608F4,20260828.0,44750.0,Call,-,-,-,-,1020.0,-,-,0,0,0,0,1000,1030,-,-
TXO,202608F4,20260828.0,44750.0,Put,-,-,-,-,685.0,-,-,0,0,0,0,555,-,-,-
TXO,202608F4,20260828.0,44800.0,Call,-,-,-,-,990.0,-,-,0,0,0,0,975,1000,-,-
TXO,202608F4,20260828.0,44800.0,Put,560,630,560,630,705.0,▲+220,▲+53.66%,0,4,4,8,580,815,630,410
TXO,202608F4,20260828.0,44850.0,Call,-,-,-,-,960.0,-,-,0,0,0,0,-,-,-,-
TXO,202608F4,20260828.0,44850.0,Put,-,-,-,-,725.0,-,-,0,0,0,0,625,-,-,-
TXO,202608F4,20260828.0,44900.0,Call,-,-,-,-,930.0,-,-,0,0,0,0,-,-,-,-
TXO,202608F4,20260828.0,44900.0,Put,428,670,428,670,745.0,▲+220,▲+48.89%,8,10,18,31,625,845,670,355
TXO,202608F4,20260828.0,44950.0,Call,-,-,-,-,905.0,-,-,0,0,0,0,-,-,-,-
TXO,202608F4,20260828.0,44950.0,Put,-,-,-,-,770.0,-,-,0,0,0,0,630,-,-,-
TXO,202608F4,20260828.0,45000.0,Call,-,-,-,-,880.0,-,-,0,0,0,0,-,-,-,-
TXO,202608F4,20260828.0,45000.0,Put,460,690,460,690,795.0,▲+211,▲+44.05%,0,5,5,2,680,-,690,460
TXO,202608F4,20260828.0,45050.0,Call,-,-,-,-,855.0,-,-,0,0,0,0,-,-,-,-
TXO,202608F4,20260828.0,45050.0,Put,-,-,-,-,815.0,-,-,0,0,0,0,2.3,-,-,-
TXO,202608F4,20260828.0,45100.0,Call,-,-,-,-,830.0,-,-,0,0,0,0,-,-,-,-
TXO,202608F4,20260828.0,45100.0,Put,-,-,-,-,845.0,-,-,0,0,0,0,2.3,-,-,-
TXO,202608F4,20260828.0,45150.0,Call,800,800,800,800,800.0,▼-510,▼-38.93%,0,1,1,1,690,895,800,800
TXO,202608F4,20260828.0,45150.0,Put,840,840,840,840,870.0,▲+310,▲+58.49%,0,1,1,1,2.3,965,840,840
TXO,202608F4,20260828.0,45200.0,Call,-,-,-,-,780.0,-,-,0,0,0,0,680,-,-,-
TXO,202608F4,20260828.0,45200.0,Put,520,520,520,520,895.0,▼-25,▼-4.59%,0,3,3,3,755,-,520,520
TXO,202608F4,20260828.0,45250.0,Call,-,-,-,-,755.0,-,-,0,0,0,0,640,-,-,-
TXO,202608F4,20260828.0,45250.0,Put,-,-,-,-,920.0,-,-,0,0,0,0,2.3,-,-,-
TXO,202608F4,20260828.0,45300.0,Call,835,835,835,835,725.0,▼-375,▼-30.99%,0,1,1,1,620,-,835,835
TXO,202608F4,20260828.0,45300.0,Put,845,845,845,845,940.0,▲+280,▲+49.56%,1,1,2,1,2.3,1020,845,437
TXO,202608F4,20260828.0,45350.0,Call,-,-,-,-,700.0,-,-,0,0,0,0,605,-,-,-
TXO,202608F4,20260828.0,45350.0,Put,-,-,-,-,965.0,-,-,0,0,0,0,2.3,-,-,-
TXO,202608F4,20260828.0,45400.0,Call,-,-,-,-,675.0,-,-,0,0,0,0,575,-,-,-
TXO,202608F4,20260828.0,45400.0,Put,-,-,-,-,990.0,-,-,0,0,0,0,945,1000,-,-
TXO,202608F4,20260828.0,45450.0,Call,-,-,-,-,655.0,-,-,0,0,0,0,570,-,-,-
TXO,202608F4,20260828.0,45450.0,Put,-,-,-,-,1020.0,-,-,0,0,0,0,970,1030,-,-
TXO,202608F4,20260828.0,45500.0,Call,-,-,-,-,630.0,-,-,0,0,0,0,540,-,-,-
TXO,202608F4,20260828.0,45500.0,Put,-,-,-,-,1050.0,-,-,2,0,2,2,995,1050,655,625
TXO,202608F4,20260828.0,45550.0,Call,-,-,-,-,605.0,-,-,0,0,0,5,500,-,1000,1000
TXO,202608F4,20260828.0,45550.0,Put,885,885,885,885,1070.0,▲+205,▲+30.15%,0,2,2,0,1030,1080,885,610
TXO,202608F4,20260828.0,45600.0,Call,-,-,-,-,585.0,-,-,0,0,0,0,500,-,-,-
TXO,202608F4,20260828.0,45600.0,Put,900,900,900,900,1100.0,▲+200,▲+28.57%,1,1,2,0,1060,1110,900,555
TXO,202608F4,20260828.0,45650.0,Call,-,-,-,-,560.0,-,-,0,0,0,0,485,-,-,-
TXO,202608F4,20260828.0,45650.0,Put,835,835,835,835,1130.0,▲+110,▲+15.17%,1,1,2,0,1090,1140,835,555
TXO,202608F4,20260828.0,45700.0,Call,750,750,615,615,540.0,▼-365,▼-37.24%,0,7,7,5,454,-,750,615
TXO,202608F4,20260828.0,45700.0,Put,870,870,805,805,1160.0,▲+60,▲+8.05%,2,2,4,0,1120,1170,870,575
TXO,202608F4,20260828.0,45750.0,Call,-,-,-,-,520.0,-,-,0,0,0,1,414,685,945,945
TXO,202608F4,20260828.0,45750.0,Put,-,-,-,-,1180.0,-,-,0,0,0,0,1150,1190,-,-
TXO,202608F4,20260828.0,45800.0,Call,-,-,-,-,497.0,-,-,0,0,0,0,411,-,-,-
TXO,202608F4,20260828.0,45800.0,Put,-,-,-,-,1210.0,-,-,0,0,0,0,1180,1220,-,-
TXO,202608F4,20260828.0,45850.0,Call,495,495,495,495,495.0,▼-405,▼-45.00%,0,1,1,1,377,625,970,495
TXO,202608F4,20260828.0,45850.0,Put,1200,1200,1200,1200,1240.0,▲+385,▲+47.24%,0,1,1,0,1210,1250,1200,990
TXO,202608F4,20260828.0,45900.0,Call,545,545,545,545,460.0,▼-330,▼-37.71%,0,1,1,2,380,575,950,545
TXO,202608F4,20260828.0,45900.0,Put,-,-,-,-,1270.0,-,-,0,0,0,2,1260,1280,990,800
TXO,202608F4,20260828.0,45950.0,Call,610,610,610,610,441.0,▼-235,▼-27.81%,0,1,1,1,361,540,610,610
TXO,202608F4,20260828.0,45950.0,Put,-,-,-,-,1300.0,-,-,0,0,0,0,1270,1320,-,-
TXO,202608F4,20260828.0,46000.0,Call,590,620,444,444,423.0,▼-376,▼-45.85%,0,58,58,2,322,-,890,444
TXO,202608F4,20260828.0,46000.0,Put,-,-,-,-,1340.0,-,-,0,0,0,0,1320,1350,-,-
TXO,202608F4,20260828.0,46050.0,Call,-,-,-,-,405.0,-,-,0,0,0,0,302,-,-,-
TXO,202608F4,20260828.0,46050.0,Put,-,-,-,-,1370.0,-,-,0,0,0,0,1350,1380,-,-
TXO,202608F4,20260828.0,46100.0,Call,473,473,473,473,387.0,▼-297,▼-38.57%,1,1,2,0,286,-,815,473
TXO,202608F4,20260828.0,46100.0,Put,1180,1180,1180,1180,1400.0,▲+245,▲+26.20%,2,1,3,1,1390,1410,1180,825
TXO,202608F4,20260828.0,46150.0,Call,-,-,-,-,370.0,-,-,0,0,0,0,285,-,-,-
TXO,202608F4,20260828.0,46150.0,Put,-,-,-,-,1430.0,-,-,0,0,0,0,1420,1450,-,-
TXO,202608F4,20260828.0,46200.0,Call,-,-,-,-,353.0,-,-,0,0,0,0,245,-,-,-
TXO,202608F4,20260828.0,46200.0,Put,-,-,-,-,1470.0,-,-,0,0,0,3,1430,-,1030,1030
TXO,202608F4,20260828.0,46250.0,Call,-,-,-,-,337.0,-,-,0,0,0,0,266,-,-,-
TXO,202608F4,20260828.0,46250.0,Put,-,-,-,-,1500.0,-,-,0,0,0,0,1490,1510,-,-
TXO,202608F4,20260828.0,46300.0,Call,-,-,-,-,322.0,-,-,0,0,0,1,247,454,930,930
TXO,202608F4,20260828.0,46300.0,Put,-,-,-,-,1540.0,-,-,0,0,0,0,1520,1550,-,-
TXO,202608F4,20260828.0,46350.0,Call,-,-,-,-,307.0,-,-,0,0,0,0,219,-,-,-
TXO,202608F4,20260828.0,46350.0,Put,-,-,-,-,1570.0,-,-,0,0,0,0,1560,1580,-,-
TXO,202608F4,20260828.0,46400.0,Call,440,440,440,440,290.0,▼-195,▼-30.71%,0,5,5,0,200,-,720,440
TXO,202608F4,20260828.0,46400.0,Put,-,-,-,-,1600.0,-,-,0,0,0,0,2.3,-,-,-
TXO,202608F4,20260828.0,46450.0,Call,-,-,-,-,277.0,-,-,0,0,0,0,178,-,-,-
TXO,202608F4,20260828.0,46450.0,Put,-,-,-,-,1640.0,-,-,0,0,0,0,1630,1660,-,-
TXO,202608F4,20260828.0,46500.0,Call,335,350,335,350,264.0,▼-235,▼-40.17%,0,2,2,3,182,-,880,335
TXO,202608F4,20260828.0,46500.0,Put,-,-,-,-,1680.0,-,-,0,0,0,0,2.3,-,-,-
TXO,202608F4,20260828.0,46550.0,Call,-,-,-,-,250.0,-,-,0,0,0,0,171,-,-,-
TXO,202608F4,20260828.0,46550.0,Put,-,-,-,-,1710.0,-,-,0,0,0,0,2.3,-,-,-
TXO,202608F4,20260828.0,46600.0,Call,-,-,-,-,237.0,-,-,0,0,0,0,164,-,-,-
TXO,202608F4,20260828.0,46600.0,Put,-,-,-,-,1750.0,-,-,0,0,0,0,1740,1770,-,-
TXO,202608F4,20260828.0,46650.0,Call,-,-,-,-,224.0,-,-,0,0,0,0,144,-,-,-
TXO,202608F4,20260828.0,46650.0,Put,-,-,-,-,1790.0,-,-,0,0,0,0,1780,1810,-,-
TXO,202608F4,20260828.0,46700.0,Call,-,-,-,-,213.0,-,-,0,0,0,1,124,-,615,615
TXO,202608F4,20260828.0,46700.0,Put,-,-,-,-,1830.0,-,-,0,0,0,0,1820,1840,-,-
TXO,202608F4,20260828.0,46750.0,Call,-,-,-,-,203.0,-,-,0,0,0,1,106,-,515,515
TXO,202608F4,20260828.0,46750.0,Put,-,-,-,-,1870.0,-,-,0,0,0,0,1860,1880,-,-
TXO,202608F4,20260828.0,46800.0,Call,290,290,290,290,191.0,▼-178,▼-38.03%,0,1,1,0,94,-,530,290
TXO,202608F4,20260828.0,46800.0,Put,-,-,-,-,1900.0,-,-,0,0,0,0,1900,1920,-,-
TXO,202608F4,20260828.0,46850.0,Call,-,-,-,-,181.0,-,-,0,0,0,0,78,-,-,-
TXO,202608F4,20260828.0,46850.0,Put,-,-,-,-,1940.0,-,-,0,0,0,0,1940,1960,-,-
TXO,202608F4,20260828.0,46900.0,Call,341,341,235,235,172.0,▼-195,▼-45.35%,1,3,4,0,102,-,670,235
TXO,202608F4,20260828.0,46900.0,Put,-,-,-,-,1980.0,-,-,0,0,0,0,1980,2000,-,-
TXO,202608F4,20260828.0,46950.0,Call,-,-,-,-,163.0,-,-,0,0,0,0,76,-,-,-
TXO,202608F4,20260828.0,46950.0,Put,-,-,-,-,2030.0,-,-,0,0,0,0,2020,2040,-,-
TXO,202608F4,20260828.0,47000.0,Call,220,230,177,177,154.0,▼-222,▼-55.64%,0,8,8,5,60,328,510,177
TXO,202608F4,20260828.0,47000.0,Put,-,-,-,-,2070.0,-,-,0,0,0,0,2060,2090,-,-
TXO,202608F4,20260828.0,47050.0,Call,-,-,-,-,145.0,-,-,0,0,0,0,43.5,-,-,-
TXO,202608F4,20260828.0,47050.0,Put,-,-,-,-,2110.0,-,-,0,0,0,0,2100,2130,-,-
TXO,202608F4,20260828.0,47100.0,Call,-,-,-,-,137.0,-,-,0,0,0,3,68,270,445,430
TXO,202608F4,20260828.0,47100.0,Put,-,-,-,-,2150.0,-,-,0,0,0,0,-,-,-,-
TXO,202608F4,20260828.0,47150.0,Call,-,-,-,-,129.0,-,-,0,0,0,0,52,-,-,-
TXO,202608F4,20260828.0,47150.0,Put,-,-,-,-,2190.0,-,-,0,0,0,0,-,-,-,-
TXO,202608F4,20260828.0,47200.0,Call,200,200,165,165,122.0,▼-173,▼-51.18%,1,2,3,1,2.6,297,400,165
TXO,202608F4,20260828.0,47200.0,Put,-,-,-,-,2240.0,-,-,0,0,0,0,2230,2250,-,-
TXO,202608F4,20260828.0,47250.0,Call,-,-,-,-,116.0,-,-,0,0,0,0,33.5,-,-,-
TXO,202608F4,20260828.0,47250.0,Put,-,-,-,-,2280.0,-,-,0,0,0,0,2270,2300,-,-
TXO,202608F4,20260828.0,47300.0,Call,-,-,-,-,109.0,-,-,0,0,0,1,36,-,305,305
TXO,202608F4,20260828.0,47300.0,Put,-,-,-,-,2320.0,-,-,0,0,0,0,-,-,-,-
TXO,202608F4,20260828.0,47350.0,Call,-,-,-,-,103.0,-,-,0,0,0,0,9.8,-,403,390
TXO,202608F4,20260828.0,47350.0,Put,-,-,-,-,2370.0,-,-,0,0,0,0,2360,2380,-,-
TXO,202608F4,20260828.0,47400.0,Call,-,-,-,-,97.0,-,-,0,0,0,0,2.3,-,-,-
TXO,202608F4,20260828.0,47400.0,Put,-,-,-,-,2410.0,-,-,0,0,0,0,-,-,-,-
TXO,202608F4,20260828.0,47500.0,Call,129,129,118,118,86.0,▼-141,▼-54.44%,1,14,15,13,28,224,450,118
TXO,202608F4,20260828.0,47500.0,Put,-,-,-,-,2500.0,-,-,0,0,0,0,-,-,-,-
TXO,202608F4,20260828.0,47600.0,Call,113,113,113,113,77.0,▼-125,▼-52.52%,0,2,2,6,2.4,227,450,113
TXO,202608F4,20260828.0,47600.0,Put,-,-,-,-,2590.0,-,-,0,0,0,0,-,-,-,-
TXO,202608F4,20260828.0,47700.0,Call,-,-,-,-,68.0,-,-,0,0,0,0,3.2,-,-,-
TXO,202608F4,20260828.0,47700.0,Put,-,-,-,-,2680.0,-,-,0,0,0,0,-,-,-,-
TXO,202608F4,20260828.0,47800.0,Call,77,77,77,77,61.0,▼-121,▼-61.11%,0,1,1,1,2.4,178,77,77
TXO,202608F4,20260828.0,47800.0,Put,-,-,-,-,2770.0,-,-,0,0,0,0,2760,2790,-,-
TXO,202608F4,20260828.0,47900.0,Call,-,-,-,-,52.0,-,-,0,0,0,0,2.4,-,-,-
TXO,202608F4,20260828.0,47900.0,Put,-,-,-,-,2860.0,-,-,0,0,0,0,2860,2890,-,-
TXO,202608F4,20260828.0,48000.0,Call,124,128,63,63,46.0,▼-101,▼-61.59%,0,13,13,14,45,67,234,63
TXO,202608F4,20260828.0,48000.0,Put,-,-,-,-,2960.0,-,-,0,0,0,0,-,-,-,-
TXO,202608F4,20260828.0,48100.0,Call,149,149,45,45,45.0,▼-104,▼-69.80%,0,6,6,3,2.4,-,149,45
TXO,202608F4,20260828.0,48100.0,Put,-,-,-,-,3050.0,-,-,0,0,0,0,3050,3070,-,-
TXO,202608F4,20260828.0,48200.0,Call,68,68,50,50,36.0,▼-86,▼-63.24%,0,3,3,1,2.4,148,208,50
TXO,202608F4,20260828.0,48200.0,Put,-,-,-,-,3150.0,-,-,0,0,0,1,-,3240,2560,2560
TXO,202608F4,20260828.0,48300.0,Call,91,91,37.5,37.5,32.5,▼-85.5,▼-69.51%,0,2,2,1,2.2,141,181,37.5
TXO,202608F4,20260828.0,48300.0,Put,-,-,-,-,3240.0,-,-,0,0,0,0,3240,3270,-,-
TXO,202608F4,20260828.0,48400.0,Call,60,60,29,29,29.0,▼-83,▼-74.11%,0,5,5,1,2.3,-,203,29
TXO,202608F4,20260828.0,48400.0,Put,-,-,-,-,3340.0,-,-,0,0,0,0,-,-,-,-
TXO,202608F4,20260828.0,48500.0,Call,61,61,29,29,29.0,▼-71,▼-71.00%,2,17,19,6,2.2,134,212,29
TXO,202608F4,20260828.0,48500.0,Put,-,-,-,-,3440.0,-,-,0,0,0,0,-,-,-,-
TXO,202608F4,20260828.0,48600.0,Call,29.5,29.5,29.5,29.5,23.5,▼-58.5,▼-66.48%,0,1,1,2,1.3,129,168,29.5
TXO,202608F4,20260828.0,48600.0,Put,-,-,-,-,3540.0,-,-,0,0,0,0,3530,3560,-,-
TXO,202608F4,20260828.0,48700.0,Call,-,-,-,-,21.0,-,-,0,0,0,2,1.3,157,198,110
TXO,202608F4,20260828.0,48700.0,Put,-,-,-,-,3630.0,-,-,0,0,0,0,3620,3650,-,-
TXO,202608F4,20260828.0,48800.0,Call,58,58,58,58,19.5,▼-13,▼-18.31%,0,1,1,1,2.9,-,160,58
TXO,202608F4,20260828.0,48800.0,Put,-,-,-,-,3730.0,-,-,0,0,0,0,-,-,-,-
TXO,202608F4,20260828.0,48900.0,Call,26,26,19,19,19.0,▼-44,▼-69.84%,6,9,15,12,1.3,121,146,19
TXO,202608F4,20260828.0,48900.0,Put,-,-,-,-,3830.0,-,-,0,0,0,0,-,-,-,-
TXO,202608F4,20260828.0,49000.0,Call,40.5,40.5,17.5,17.5,17.5,▼-39.5,▼-69.30%,16,13,29,8,1.3,141,179,17.5
TXO,202608F4,20260828.0,49000.0,Put,-,-,-,-,3930.0,-,-,0,0,0,0,-,-,-,-
TXO,202608F4,20260828.0,49100.0,Call,31,31,31,31,14.5,▼-21,▼-40.38%,0,1,1,1,1,-,100,31
TXO,202608F4,20260828.0,49100.0,Put,-,-,-,-,4030.0,-,-,0,0,0,0,4020,4050,-,-
TXO,202608F4,20260828.0,49200.0,Call,-,-,-,-,13.0,-,-,0,0,0,0,0.5,-,-,-
TXO,202608F4,20260828.0,49200.0,Put,-,-,-,-,4120.0,-,-,0,0,0,0,4110,4150,-,-
TXO,202608F4,20260828.0,49300.0,Call,27,28,15,16.5,12.0,▼-26,▼-61.18%,0,7,7,2,0.5,-,79,15
TXO,202608F4,20260828.0,49300.0,Put,-,-,-,-,4220.0,-,-,0,0,0,0,-,-,-,-
TXO,202608F4,20260828.0,49400.0,Call,-,-,-,-,10.5,-,-,0,0,0,0,0.4,-,106,50
TXO,202608F4,20260828.0,49400.0,Put,-,-,-,-,4320.0,-,-,0,0,0,0,4310,4340,-,-
TXO,202608F4,20260828.0,49500.0,Call,-,-,-,-,10.5,-,-,0,0,0,2,9.5,112,122,38
TXO,202608F4,20260828.0,49500.0,Put,-,-,-,-,4420.0,-,-,0,0,0,0,4410,4440,-,-
TXO,202608F4,20260828.0,49600.0,Call,12,12,12,12,9.6,▼-18.5,▼-60.66%,1,1,2,0,0.4,-,56,12
TXO,202608F4,20260828.0,49600.0,Put,-,-,-,-,4520.0,-,-,0,0,0,0,4510,4540,-,-
TXO,202608F4,20260828.0,49700.0,Call,-,-,-,-,8.7,-,-,0,0,0,0,0.4,-,-,-
TXO,202608F4,20260828.0,49700.0,Put,-,-,-,-,4620.0,-,-,0,0,0,0,4610,4640,-,-
TXO,202608F4,20260828.0,49800.0,Call,-,-,-,-,7.9,-,-,0,0,0,1,0.3,109,32,32
TXO,202608F4,20260828.0,49800.0,Put,-,-,-,-,4720.0,-,-,0,0,0,0,4710,4740,-,-
TXO,202608F4,20260828.0,49900.0,Call,9.8,9.8,9.8,9.8,7.2,▼-12.7,▼-56.44%,0,1,1,1,2.9,17,30,9.8
TXO,202608F4,20260828.0,49900.0,Put,-,-,-,-,4820.0,-,-,0,0,0,0,4810,4840,-,-
TXO,202608F4,20260828.0,50000.0,Call,16,16,9,9,6.7,▼-11.5,▼-56.10%,1,5,6,8,5,-,62,9
TXO,202608F4,20260828.0,50000.0,Put,-,-,-,-,4920.0,-,-,0,0,0,0,4910,4940,-,-
TXO,202608F4,20260828.0,50100.0,Call,-,-,-,-,6.5,-,-,0,0,0,0,0.3,-,-,-
TXO,202608F4,20260828.0,50100.0,Put,-,-,-,-,5020.0,-,-,0,0,0,0,-,-,-,-
TXO,202608F4,20260828.0,50200.0,Call,-,-,-,-,6.4,-,-,0,0,0,0,0.3,-,-,-
TXO,202608F4,20260828.0,50200.0,Put,-,-,-,-,5120.0,-,-,0,0,0,0,-,-,-,-
TXO,202608F4,20260828.0,50300.0,Call,-,-,-,-,6.1,-,-,0,0,0,0,0.3,-,-,-
TXO,202608F4,20260828.0,50300.0,Put,-,-,-,-,5220.0,-,-,0,0,0,0,-,-,-,-
TXO,202608F4,20260828.0,50400.0,Call,-,-,-,-,5.7,-,-,0,0,0,0,0.3,-,-,-
TXO,202608F4,20260828.0,50400.0,Put,-,-,-,-,5320.0,-,-,0,0,0,0,-,-,-,-
TXO,202608F4,20260828.0,50500.0,Call,-,-,-,-,5.4,-,-,0,0,0,30,0.3,126,15.5,15
TXO,202608F4,20260828.0,50500.0,Put,-,-,-,-,5420.0,-,-,0,0,0,0,-,-,-,-
TXO,202608F4,20260828.0,50600.0,Call,-,-,-,-,5.1,-,-,0,0,0,0,0.4,-,-,-
TXO,202608F4,20260828.0,50600.0,Put,-,-,-,-,5520.0,-,-,0,0,0,0,-,-,-,-
TXO,202608F4,20260828.0,50700.0,Call,6.4,6.4,6.4,6.4,4.6,▼-4.6,▼-41.82%,0,1,1,0,0.4,6.4,35.5,6.4
TXO,202608F4,20260828.0,50700.0,Put,-,-,-,-,5620.0,-,-,0,0,0,0,-,-,-,-
TXO,202609,20260916.0,21800.0,Call,-,-,-,-,23340.0,-,-,0,0,0,4,23280,23520,25330,12370
TXO,202609,20260916.0,21800.0,Put,4.4,4.4,4.4,4.4,4.4,0,0%,22,1,23,897,4,5.9,650,0.7
TXO,202609,20260916.0,22000.0,Call,-,-,-,-,23140.0,-,-,0,0,0,6,23080,23230,23430,5990
TXO,202609,20260916.0,22000.0,Put,-,-,-,-,5.3,-,-,0,0,0,309,1,6.6,565,9
TXO,202609,20260916.0,22200.0,Call,-,-,-,-,22940.0,-,-,0,0,0,0,22860,23020,-,-
TXO,202609,20260916.0,22200.0,Put,-,-,-,-,5.6,-,-,0,0,0,130,1,-,580,7.3
TXO,202609,20260916.0,22400.0,Call,-,-,-,-,22750.0,-,-,0,0,0,0,22660,22810,-,-
TXO,202609,20260916.0,22400.0,Put,-,-,-,-,5.8,-,-,0,0,0,217,0.7,-,605,25
TXO,202609,20260916.0,22600.0,Call,-,-,-,-,22550.0,-,-,0,0,0,0,22460,22600,-,-
TXO,202609,20260916.0,22600.0,Put,-,-,-,-,6.0,-,-,0,0,0,243,0.7,-,650,6.5
TXO,202609,20260916.0,22800.0,Call,-,-,-,-,22350.0,-,-,0,0,0,0,22260,22400,-,-
TXO,202609,20260916.0,22800.0,Put,-,-,-,-,6.2,-,-,0,0,0,19,0.7,-,675,32
TXO,202609,20260916.0,23000.0,Call,-,-,-,-,22150.0,-,-,0,0,0,0,22060,22190,-,-
TXO,202609,20260916.0,23000.0,Put,5,8.3,5,8.3,6.3,▲+3.1,▲+59.62%,3,10,13,87,1.1,54,700,5
TXO,202609,20260916.0,23200.0,Call,-,-,-,-,21950.0,-,-,0,0,0,0,21860,21990,-,-
TXO,202609,20260916.0,23200.0,Put,-,-,-,-,6.6,-,-,0,0,0,231,0.6,-,730,27
TXO,202609,20260916.0,23400.0,Call,-,-,-,-,21750.0,-,-,0,0,0,0,21650,21800,-,-
TXO,202609,20260916.0,23400.0,Put,-,-,-,-,6.9,-,-,0,0,0,11,0.6,-,700,10
TXO,202609,20260916.0,23600.0,Call,-,-,-,-,21550.0,-,-,0,0,0,0,21460,21600,-,-
TXO,202609,20260916.0,23600.0,Put,-,-,-,-,7.1,-,-,0,0,0,10,0.6,-,700,30.5
TXO,202609,20260916.0,23800.0,Call,-,-,-,-,21350.0,-,-,0,0,0,0,21260,21400,-,-
TXO,202609,20260916.0,23800.0,Put,-,-,-,-,7.2,-,-,0,0,0,14,0.6,-,520,30
TXO,202609,20260916.0,24000.0,Call,-,-,-,-,21150.0,-,-,0,0,0,0,21070,21210,-,-
TXO,202609,20260916.0,24000.0,Put,-,-,-,-,7.6,-,-,0,0,0,100,3.3,-,665,12.5
TXO,202609,20260916.0,24200.0,Call,-,-,-,-,20950.0,-,-,0,0,0,0,20870,21010,-,-
TXO,202609,20260916.0,24200.0,Put,-,-,-,-,8.0,-,-,0,0,0,52,0.5,-,1000,19
TXO,202609,20260916.0,24400.0,Call,-,-,-,-,20750.0,-,-,0,0,0,0,20670,20800,-,-
TXO,202609,20260916.0,24400.0,Put,-,-,-,-,8.1,-,-,0,0,0,82,0.5,-,1010,8
TXO,202609,20260916.0,24600.0,Call,-,-,-,-,20550.0,-,-,0,0,0,0,20470,20610,-,-
TXO,202609,20260916.0,24600.0,Put,-,-,-,-,8.5,-,-,0,0,0,20,0.5,-,1020,8
TXO,202609,20260916.0,24800.0,Call,-,-,-,-,20350.0,-,-,0,0,0,0,20270,20410,-,-
TXO,202609,20260916.0,24800.0,Put,-,-,-,-,8.7,-,-,1,0,1,73,0.3,106,1100,6
TXO,202609,20260916.0,25000.0,Call,-,-,-,-,20150.0,-,-,0,0,0,0,20070,20200,-,-
TXO,202609,20260916.0,25000.0,Put,-,-,-,-,9.1,-,-,0,0,0,98,4,107,1050,7.6
TXO,202609,20260916.0,25200.0,Call,-,-,-,-,19950.0,-,-,0,0,0,0,19870,20000,-,-
TXO,202609,20260916.0,25200.0,Put,-,-,-,-,9.4,-,-,0,0,0,29,0.4,76,1200,20
TXO,202609,20260916.0,25400.0,Call,-,-,-,-,19750.0,-,-,0,0,0,0,19670,19810,-,-
TXO,202609,20260916.0,25400.0,Put,-,-,-,-,9.7,-,-,0,0,0,23,0.4,107,1250,14
TXO,202609,20260916.0,25600.0,Call,-,-,-,-,19550.0,-,-,0,0,0,0,19470,19610,-,-
TXO,202609,20260916.0,25600.0,Put,9,9,9,9,10.0,▲+0.9,▲+11.11%,0,1,1,17,9,810,1210,9
TXO,202609,20260916.0,25800.0,Call,-,-,-,-,19350.0,-,-,0,0,0,162,19270,19360,20840,14370
TXO,202609,20260916.0,25800.0,Put,-,-,-,-,10.5,-,-,0,0,0,29,6,107,1270,20
TXO,202609,20260916.0,26000.0,Call,-,-,-,-,19160.0,-,-,0,0,0,0,19080,19210,-,-
TXO,202609,20260916.0,26000.0,Put,8.6,8.6,8.6,8.6,10.5,0,0%,0,5,5,107,8.6,86,1090,7.6
TXO,202609,20260916.0,26200.0,Call,-,-,-,-,18960.0,-,-,0,0,0,0,18880,19010,-,-
TXO,202609,20260916.0,26200.0,Put,-,-,-,-,11.0,-,-,0,0,0,22,0.2,-,1420,16
TXO,202609,20260916.0,26400.0,Call,-,-,-,-,18760.0,-,-,0,0,0,0,18680,18800,13900,5820
TXO,202609,20260916.0,26400.0,Put,-,-,-,-,11.0,-,-,0,0,0,4,0.3,-,1180,13.5
TXO,202609,20260916.0,26600.0,Call,-,-,-,-,18560.0,-,-,0,0,0,0,18480,18600,-,-
TXO,202609,20260916.0,26600.0,Put,-,-,-,-,11.5,-,-,0,0,0,23,0.2,109,1000,7.1
TXO,202609,20260916.0,26800.0,Call,-,-,-,-,18360.0,-,-,0,0,0,25,18310,18430,12000,5510
TXO,202609,20260916.0,26800.0,Put,-,-,-,-,12.0,-,-,0,0,0,30,6.2,-,1130,16
TXO,202609,20260916.0,27000.0,Call,-,-,-,-,18160.0,-,-,0,0,0,3,18110,18220,20110,6220
TXO,202609,20260916.0,27000.0,Put,-,-,-,-,12.0,-,-,0,0,0,14,3,113,1750,13.5
TXO,202609,20260916.0,27200.0,Call,-,-,-,-,17960.0,-,-,0,0,0,0,17880,18000,-,-
TXO,202609,20260916.0,27200.0,Put,-,-,-,-,12.5,-,-,0,0,0,5,0.2,-,750,17
TXO,202609,20260916.0,27400.0,Call,-,-,-,-,17760.0,-,-,0,0,0,2,17710,17850,5890,2380
TXO,202609,20260916.0,27400.0,Put,-,-,-,-,13.0,-,-,0,0,0,1,0.2,110,1270,35
TXO,202609,20260916.0,27600.0,Call,-,-,-,-,17560.0,-,-,0,0,0,2,17510,17640,10800,2020
TXO,202609,20260916.0,27600.0,Put,-,-,-,-,13.5,-,-,0,0,0,5,0.2,-,1120,11.5
TXO,202609,20260916.0,27800.0,Call,-,-,-,-,17360.0,-,-,0,0,0,7,17290,17370,19160,16360
TXO,202609,20260916.0,27800.0,Put,-,-,-,-,14.0,-,-,0,0,0,16,9,110,1460,26
TXO,202609,20260916.0,28000.0,Call,-,-,-,-,17160.0,-,-,0,0,0,1,17110,17230,7880,1910
TXO,202609,20260916.0,28000.0,Put,-,-,-,-,14.0,-,-,2,0,2,57,10,28,2180,8.5
TXO,202609,20260916.0,28200.0,Call,-,-,-,-,16960.0,-,-,0,0,0,2,16910,17030,5250,1730
TXO,202609,20260916.0,28200.0,Put,-,-,-,-,14.5,-,-,0,0,0,6,0.2,-,1180,25
TXO,202609,20260916.0,28400.0,Call,-,-,-,-,16760.0,-,-,0,0,0,21,16720,16830,15910,1630
TXO,202609,20260916.0,28400.0,Put,-,-,-,-,15.0,-,-,0,0,0,18,0.3,-,1550,14
TXO,202609,20260916.0,28600.0,Call,-,-,-,-,16560.0,-,-,0,0,0,0,16490,16600,-,-
TXO,202609,20260916.0,28600.0,Put,-,-,-,-,15.0,-,-,0,0,0,19,0.3,-,1250,13
TXO,202609,20260916.0,28800.0,Call,-,-,-,-,16360.0,-,-,0,0,0,0,16290,16400,5200,3230
TXO,202609,20260916.0,28800.0,Put,13,14.5,13,14.5,15.5,▲+1.5,▲+11.54%,0,4,4,15,0.2,112,775,13
TXO,202609,20260916.0,29000.0,Call,-,-,-,-,16170.0,-,-,0,0,0,2,16120,16230,4570,4570
TXO,202609,20260916.0,29000.0,Put,11,12.5,11,12.5,16.0,▼-1,▼-7.41%,0,4,4,23,10,112,1920,11
TXO,202609,20260916.0,29200.0,Call,-,-,-,-,15970.0,-,-,0,0,0,4,15920,16030,6310,1310
TXO,202609,20260916.0,29200.0,Put,-,-,-,-,16.0,-,-,0,0,0,17,13.5,20,1320,15
TXO,202609,20260916.0,29400.0,Call,-,-,-,-,15770.0,-,-,0,0,0,1,15720,15830,6990,1290
TXO,202609,20260916.0,29400.0,Put,14,14,14,14,16.5,▼-0.5,▼-3.45%,0,1,1,21,10.5,-,2010,14
TXO,202609,20260916.0,29600.0,Call,-,-,-,-,15570.0,-,-,0,0,0,2,15520,15630,5690,1370
TXO,202609,20260916.0,29600.0,Put,15,15.5,15,15.5,16.5,▲+1,▲+6.90%,1,8,9,27,11,-,1780,13
TXO,202609,20260916.0,29800.0,Call,-,-,-,-,15370.0,-,-,0,0,0,4,15320,15430,16240,1210
TXO,202609,20260916.0,29800.0,Put,-,-,-,-,16.5,-,-,0,0,0,23,0.3,66,2400,16.5
TXO,202609,20260916.0,30000.0,Call,-,-,-,-,15170.0,-,-,0,0,0,24,15130,15220,14350,1210
TXO,202609,20260916.0,30000.0,Put,15,17.5,15,16.5,16.5,▲+1.5,▲+10.00%,3,75,78,802,10.5,16.5,2400,12
TXO,202609,20260916.0,30200.0,Call,-,-,-,-,14970.0,-,-,0,0,0,4,14920,15040,10020,1320
TXO,202609,20260916.0,30200.0,Put,-,-,-,-,18.0,-,-,0,0,0,13,5,114,2050,28
TXO,202609,20260916.0,30400.0,Call,-,-,-,-,14770.0,-,-,0,0,0,0,14700,14820,5390,1430
TXO,202609,20260916.0,30400.0,Put,16,16,16,16,18.0,▼-1,▼-5.88%,10,1,11,48,0.3,-,2030,1.1
TXO,202609,20260916.0,30600.0,Call,-,-,-,-,14570.0,-,-,0,0,0,6,14530,14620,5520,1000
TXO,202609,20260916.0,30600.0,Put,-,-,-,-,18.5,-,-,0,0,0,8,0.3,-,2090,21
TXO,202609,20260916.0,30800.0,Call,-,-,-,-,14370.0,-,-,0,0,0,7,14330,14420,10110,940
TXO,202609,20260916.0,30800.0,Put,-,-,-,-,19.0,-,-,1,0,1,21,0.3,115,2200,15
TXO,202609,20260916.0,31000.0,Call,-,-,-,-,14170.0,-,-,0,0,0,1,14110,14180,15990,1300
TXO,202609,20260916.0,31000.0,Put,-,-,-,-,19.5,-,-,0,0,0,70,10,45,2410,19
TXO,202609,20260916.0,31200.0,Call,-,-,-,-,13970.0,-,-,0,0,0,0,13910,14010,5680,2350
TXO,202609,20260916.0,31200.0,Put,-,-,-,-,19.5,-,-,0,0,0,33,11,-,4320,22.5
TXO,202609,20260916.0,31400.0,Call,-,-,-,-,13770.0,-,-,0,0,0,1,13730,13840,14330,1430
TXO,202609,20260916.0,31400.0,Put,-,-,-,-,20.0,-,-,0,0,0,22,0.4,-,2750,23.5
TXO,202609,20260916.0,31600.0,Call,-,-,-,-,13570.0,-,-,0,0,0,0,13510,13610,3970,2920
TXO,202609,20260916.0,31600.0,Put,-,-,-,-,20.5,-,-,0,0,0,51,0.3,-,2510,18
TXO,202609,20260916.0,31800.0,Call,-,-,-,-,13370.0,-,-,0,0,0,1,13330,13440,14100,1370
TXO,202609,20260916.0,31800.0,Put,-,-,-,-,21.0,-,-,0,0,0,40,0.3,-,2990,21.5
TXO,202609,20260916.0,32000.0,Call,-,-,-,-,13180.0,-,-,0,0,0,21,13140,13240,16670,1310
TXO,202609,20260916.0,32000.0,Put,20.5,24.5,19,22,22.0,▲+2,▲+10.00%,2,19,21,74,21,-,2700,17
TXO,202609,20260916.0,32200.0,Call,-,-,-,-,12980.0,-,-,0,0,0,19,12940,13040,13750,1380
TXO,202609,20260916.0,32200.0,Put,20,21,20,21,22.5,▲+0.5,▲+2.44%,1,3,4,17,0.4,-,2670,18.5
TXO,202609,20260916.0,32400.0,Call,-,-,-,-,12780.0,-,-,0,0,0,0,12720,12810,4680,1440
TXO,202609,20260916.0,32400.0,Put,-,-,-,-,23.0,-,-,0,0,0,23,0.4,118,2300,21
TXO,202609,20260916.0,32600.0,Call,-,-,-,-,12580.0,-,-,0,0,0,0,12520,12630,9580,1680
TXO,202609,20260916.0,32600.0,Put,-,-,-,-,23.5,-,-,1,0,1,37,0.4,-,2900,19.5
TXO,202609,20260916.0,32800.0,Call,-,-,-,-,12380.0,-,-,0,0,0,2,12320,12390,8380,1420
TXO,202609,20260916.0,32800.0,Put,-,-,-,-,24.5,-,-,0,0,0,30,12,50,3280,24
TXO,202609,20260916.0,33000.0,Call,-,-,-,-,12180.0,-,-,0,0,0,35,12120,12190,12330,399
TXO,202609,20260916.0,33000.0,Put,19,24.5,19,24.5,24.5,▲+1,▲+4.26%,23,20,43,126,19.5,36.5,3000,18.5
TXO,202609,20260916.0,33200.0,Call,-,-,-,-,11980.0,-,-,0,0,0,4,11920,11990,11640,344
TXO,202609,20260916.0,33200.0,Put,25,25,25,25,25.0,▲+1,▲+4.17%,0,1,1,18,21,120,2730,25
TXO,202609,20260916.0,33400.0,Call,-,-,-,-,11780.0,-,-,0,0,0,2,11740,11840,12040,1470
TXO,202609,20260916.0,33400.0,Put,26.5,27,26.5,27,27.0,▲+2,▲+8.00%,10,16,26,26,0.3,-,2780,21.5
TXO,202609,20260916.0,33600.0,Call,-,-,-,-,11580.0,-,-,0,0,0,1,11530,11600,13690,372
TXO,202609,20260916.0,33600.0,Put,-,-,-,-,27.5,-,-,0,0,0,18,0.4,122,3860,26
TXO,202609,20260916.0,33800.0,Call,-,-,-,-,11390.0,-,-,0,0,0,1,11330,11400,7340,328
TXO,202609,20260916.0,33800.0,Put,26,27,25,27,29.0,▲+0.5,▲+1.89%,5,32,37,62,15,-,3000,21
TXO,202609,20260916.0,33900.0,Call,-,-,-,-,11290.0,-,-,0,0,0,0,11230,11320,-,-
TXO,202609,20260916.0,33900.0,Put,-,-,-,-,29.5,-,-,0,0,0,4,11,-,30.5,28
TXO,202609,20260916.0,34000.0,Call,-,-,-,-,11190.0,-,-,0,0,0,115,11170,11230,12980,325
TXO,202609,20260916.0,34000.0,Put,27,32,21.5,29.5,29.5,▲+2,▲+7.27%,1,16,17,141,21.5,59,3990,21.5
TXO,202609,20260916.0,34100.0,Call,-,-,-,-,11090.0,-,-,0,0,0,0,11030,11120,-,-
TXO,202609,20260916.0,34100.0,Put,-,-,-,-,31.0,-,-,0,0,0,2,0.3,124,410,30
TXO,202609,20260916.0,34200.0,Call,-,-,-,-,10990.0,-,-,0,0,0,1,10930,11020,9340,299
TXO,202609,20260916.0,34200.0,Put,-,-,-,-,32.0,-,-,0,0,0,17,0.4,-,1130,37.5
TXO,202609,20260916.0,34300.0,Call,-,-,-,-,10890.0,-,-,0,0,0,0,10840,10920,-,-
TXO,202609,20260916.0,34300.0,Put,-,-,-,-,32.5,-,-,0,0,0,2,0.3,-,112,30
TXO,202609,20260916.0,34400.0,Call,-,-,-,-,10790.0,-,-,0,0,0,0,10740,10820,6600,305
TXO,202609,20260916.0,34400.0,Put,-,-,-,-,33.0,-,-,0,0,0,10,0.3,-,3660,36.5
TXO,202609,20260916.0,34500.0,Call,-,-,-,-,10690.0,-,-,0,0,0,0,10640,10720,-,-
TXO,202609,20260916.0,34500.0,Put,28,33.5,28,33.5,33.5,▲+3.5,▲+11.67%,0,16,16,38,9,125,199,28
TXO,202609,20260916.0,34600.0,Call,-,-,-,-,10590.0,-,-,0,0,0,3,10540,10610,11000,306
TXO,202609,20260916.0,34600.0,Put,-,-,-,-,34.5,-,-,0,0,0,9,0.4,126,4530,35
TXO,202609,20260916.0,34700.0,Call,-,-,-,-,10490.0,-,-,0,0,0,0,10440,10520,-,-
TXO,202609,20260916.0,34700.0,Put,-,-,-,-,35.0,-,-,0,0,0,1,0.4,126,31.5,31.5
TXO,202609,20260916.0,34800.0,Call,-,-,-,-,10390.0,-,-,0,0,0,3,10360,10440,3130,370
TXO,202609,20260916.0,34800.0,Put,32,41,32,41,36.0,▲+9,▲+28.13%,0,12,12,20,0.6,127,3320,32
TXO,202609,20260916.0,34900.0,Call,-,-,-,-,10300.0,-,-,0,0,0,0,10240,10320,-,-
TXO,202609,20260916.0,34900.0,Put,32,32,32,32,37.0,▼-0.5,▼-1.54%,0,1,1,18,0.5,128,50,32
TXO,202609,20260916.0,35000.0,Call,-,-,-,-,10200.0,-,-,0,0,0,6,10140,10210,14340,510
TXO,202609,20260916.0,35000.0,Put,29,39.5,29,39.5,39.5,▲+5.5,▲+16.18%,21,47,68,311,29,38.5,3320,25
TXO,202609,20260916.0,35100.0,Call,-,-,-,-,10100.0,-,-,0,0,0,0,10040,10120,-,-
TXO,202609,20260916.0,35100.0,Put,-,-,-,-,40.0,-,-,0,0,0,0,37.5,-,-,-
TXO,202609,20260916.0,35200.0,Call,-,-,-,-,10000.0,-,-,0,0,0,1,9950,10010,9760,850
TXO,202609,20260916.0,35200.0,Put,-,-,-,-,40.0,-,-,0,0,0,43,34.5,129,1150,38
TXO,202609,20260916.0,35300.0,Call,-,-,-,-,9900.0,-,-,0,0,0,0,9850,9930,-,-
TXO,202609,20260916.0,35300.0,Put,-,-,-,-,41.5,-,-,0,0,0,14,20,130,103,46
TXO,202609,20260916.0,35400.0,Call,-,-,-,-,9800.0,-,-,0,0,0,0,9750,9830,8330,373
TXO,202609,20260916.0,35400.0,Put,40,40,39,39,42.5,▲+2.5,▲+6.85%,0,2,2,16,20,131,3430,39
TXO,202609,20260916.0,35500.0,Call,-,-,-,-,9700.0,-,-,0,0,0,0,9650,9730,-,-
TXO,202609,20260916.0,35500.0,Put,45,45,45,45,45.0,▲+7.5,▲+20.00%,61,1,62,55,20,45,499,27.5
TXO,202609,20260916.0,35600.0,Call,-,-,-,-,9600.0,-,-,0,0,0,0,9550,9630,7680,1220
TXO,202609,20260916.0,35600.0,Put,40,41,40,41,45.0,▲+2.5,▲+6.49%,0,5,5,14,37.5,132,4020,40
TXO,202609,20260916.0,35700.0,Call,-,-,-,-,9510.0,-,-,0,0,0,0,9460,9530,-,-
TXO,202609,20260916.0,35700.0,Put,47.5,47.5,47.5,47.5,45.5,▲+8.5,▲+21.79%,0,1,1,5,0.7,133,165,47.5
TXO,202609,20260916.0,35800.0,Call,-,-,-,-,9410.0,-,-,0,0,0,3,9360,9420,5820,450
TXO,202609,20260916.0,35800.0,Put,33.5,44.5,33.5,44.5,47.0,▲+4.5,▲+11.25%,37,3,40,38,0.6,134,2000,29
TXO,202609,20260916.0,35900.0,Call,-,-,-,-,9310.0,-,-,0,0,0,0,9260,9340,-,-
TXO,202609,20260916.0,35900.0,Put,-,-,-,-,49.5,-,-,3,0,3,1,10,135,348,34.5
TXO,202609,20260916.0,36000.0,Call,-,-,-,-,9210.0,-,-,0,0,0,41,9160,9220,11770,595
TXO,202609,20260916.0,36000.0,Put,36,53,36,51,51.0,▲+8,▲+18.60%,57,77,134,441,50,53,4200,30.5
TXO,202609,20260916.0,36100.0,Call,-,-,-,-,9110.0,-,-,0,0,0,0,9060,9140,-,-
TXO,202609,20260916.0,36100.0,Put,-,-,-,-,53.0,-,-,0,0,0,5,0.5,55,685,48
TXO,202609,20260916.0,36200.0,Call,-,-,-,-,9010.0,-,-,0,0,0,0,8970,9040,8750,282
TXO,202609,20260916.0,36200.0,Put,-,-,-,-,54.0,-,-,0,0,0,10,0.5,138,1400,47
TXO,202609,20260916.0,36300.0,Call,-,-,-,-,8920.0,-,-,0,0,0,0,8870,8940,-,-
TXO,202609,20260916.0,36300.0,Put,-,-,-,-,56.0,-,-,0,0,0,16,0.7,139,990,48.5
TXO,202609,20260916.0,36400.0,Call,-,-,-,-,8820.0,-,-,0,0,0,0,8770,8840,7540,499
TXO,202609,20260916.0,36400.0,Put,-,-,-,-,57.0,-,-,0,0,0,4,0.5,-,4830,50
TXO,202609,20260916.0,36500.0,Call,-,-,-,-,8720.0,-,-,0,0,0,0,8670,8750,-,-
TXO,202609,20260916.0,36500.0,Put,60,60,60,60,59.0,▲+12.5,▲+26.32%,0,1,1,83,30,142,880,50
TXO,202609,20260916.0,36600.0,Call,-,-,-,-,8620.0,-,-,0,0,0,0,8580,8650,7400,480
TXO,202609,20260916.0,36600.0,Put,55,59,55,59,59.0,▲+9.5,▲+19.19%,0,3,3,36,16.5,75,1860,46
TXO,202609,20260916.0,36700.0,Call,-,-,-,-,8520.0,-,-,0,0,0,0,8480,8550,-,-
TXO,202609,20260916.0,36700.0,Put,45,45,45,45,63.0,▼-6,▼-11.76%,1,1,2,12,45,144,488,45
TXO,202609,20260916.0,36800.0,Call,-,-,-,-,8430.0,-,-,0,0,0,19,8400,8460,2830,310
TXO,202609,20260916.0,36800.0,Put,-,-,-,-,65.0,-,-,0,0,0,27,0.8,71,4910,59
TXO,202609,20260916.0,36900.0,Call,-,-,-,-,8330.0,-,-,0,0,0,0,8280,8360,-,-
TXO,202609,20260916.0,36900.0,Put,-,-,-,-,67.0,-,-,0,0,0,1,0.7,71,1240,57
TXO,202609,20260916.0,37000.0,Call,-,-,-,-,8230.0,-,-,0,0,0,29,8190,8240,9270,540
TXO,202609,20260916.0,37000.0,Put,45,72,45,70,70.0,▲+13,▲+22.81%,26,69,95,240,38.5,-,2520,41.5
TXO,202609,20260916.0,37100.0,Call,-,-,-,-,8130.0,-,-,0,0,0,0,8090,8160,-,-
TXO,202609,20260916.0,37100.0,Put,72,72,72,72,72.0,▲+14,▲+24.14%,0,1,1,4,0.6,76,400,65
TXO,202609,20260916.0,37200.0,Call,-,-,-,-,8040.0,-,-,0,0,0,5,8010,8070,10420,375
TXO,202609,20260916.0,37200.0,Put,75,75,75,75,75.0,▲+16,▲+27.12%,3,1,4,24,0.8,-,2390,46
TXO,202609,20260916.0,37300.0,Call,-,-,-,-,7940.0,-,-,0,0,0,0,7900,7960,-,-
TXO,202609,20260916.0,37300.0,Put,-,-,-,-,76.0,-,-,0,0,0,3,2.9,154,720,178
TXO,202609,20260916.0,37400.0,Call,-,-,-,-,7840.0,-,-,0,0,0,1,7810,7870,1370,456
TXO,202609,20260916.0,37400.0,Put,-,-,-,-,78.0,-,-,0,0,0,4,0.7,-,2530,80
TXO,202609,20260916.0,37500.0,Call,-,-,-,-,7740.0,-,-,0,0,0,0,7700,7770,-,-
TXO,202609,20260916.0,37500.0,Put,72,83,72,82,82.0,▲+17,▲+26.15%,4,6,10,27,4,87,1110,50
TXO,202609,20260916.0,37600.0,Call,-,-,-,-,7650.0,-,-,0,0,0,0,7610,7670,5920,430
TXO,202609,20260916.0,37600.0,Put,86,86,86,86,86.0,▲+20,▲+30.30%,0,1,1,27,0.9,-,2660,74
TXO,202609,20260916.0,37700.0,Call,-,-,-,-,7550.0,-,-,0,0,0,0,7510,7580,-,-
TXO,202609,20260916.0,37700.0,Put,87,87,87,87,87.0,▲+17,▲+24.29%,81,1,82,8,0.9,-,1080,53
TXO,202609,20260916.0,37800.0,Call,-,-,-,-,7460.0,-,-,0,0,0,2,7420,7490,3680,390
TXO,202609,20260916.0,37800.0,Put,90,90,90,90,90.0,▲+19,▲+26.76%,4,1,5,57,55,-,1110,53
TXO,202609,20260916.0,37900.0,Call,-,-,-,-,7360.0,-,-,0,0,0,0,7310,7380,-,-
TXO,202609,20260916.0,37900.0,Put,71,98,71,98,98.0,▲+26,▲+36.11%,3,4,7,16,0.7,164,580,60
TXO,202609,20260916.0,38000.0,Call,-,-,-,-,7260.0,-,-,0,0,0,17,7230,7290,9000,350
TXO,202609,20260916.0,38000.0,Put,90,103,65,99,99.0,▲+20,▲+25.32%,44,119,163,251,95,102,6640,56
TXO,202609,20260916.0,38100.0,Call,-,-,-,-,7160.0,-,-,0,0,0,0,7120,7190,-,-
TXO,202609,20260916.0,38100.0,Put,-,-,-,-,101.0,-,-,1,0,1,12,0.8,-,1680,67
TXO,202609,20260916.0,38200.0,Call,-,-,-,-,7070.0,-,-,0,0,0,0,7030,7090,1030,370
TXO,202609,20260916.0,38200.0,Put,-,-,-,-,104.0,-,-,0,0,0,4,0.8,173,2770,79
TXO,202609,20260916.0,38300.0,Call,-,-,-,-,6970.0,-,-,0,0,0,0,6930,7000,-,-
TXO,202609,20260916.0,38300.0,Put,-,-,-,-,109.0,-,-,0,0,0,12,0.9,214,1740,88
TXO,202609,20260916.0,38400.0,Call,-,-,-,-,6880.0,-,-,0,0,0,0,6840,6900,6200,340
TXO,202609,20260916.0,38400.0,Put,100,100,100,100,115.0,▲+13,▲+14.94%,0,1,1,7,5.7,218,2080,90
TXO,202609,20260916.0,38500.0,Call,-,-,-,-,6780.0,-,-,0,0,0,1,6740,6800,6410,6410
TXO,202609,20260916.0,38500.0,Put,90,110,90,110,116.0,▲+22,▲+25.00%,0,9,9,41,2.6,150,1500,88
TXO,202609,20260916.0,38600.0,Call,-,-,-,-,6680.0,-,-,0,0,0,1,6650,6700,5420,371
TXO,202609,20260916.0,38600.0,Put,102,106,102,106,120.0,▲+13,▲+13.98%,0,4,4,11,5.4,222,2850,102
TXO,202609,20260916.0,38700.0,Call,-,-,-,-,6590.0,-,-,0,0,0,0,6550,6610,-,-
TXO,202609,20260916.0,38700.0,Put,125,125,125,125,125.0,▲+31,▲+32.98%,1,2,3,10,9.1,225,950,90
TXO,202609,20260916.0,38800.0,Call,-,-,-,-,6500.0,-,-,0,0,0,20,6470,6530,10410,270
TXO,202609,20260916.0,38800.0,Put,101,110,101,110,133.0,▲+12,▲+12.24%,0,4,4,6,112,211,2100,101
TXO,202609,20260916.0,38900.0,Call,-,-,-,-,6400.0,-,-,0,0,0,0,6360,6420,-,-
TXO,202609,20260916.0,38900.0,Put,-,-,-,-,134.0,-,-,0,0,0,21,5,232,1990,99
TXO,202609,20260916.0,39000.0,Call,-,-,-,-,6300.0,-,-,0,0,0,50,6270,6320,8810,273
TXO,202609,20260916.0,39000.0,Put,94,146,94,140,140.0,▲+34,▲+32.08%,37,63,100,350,69,150,2820,80
TXO,202609,20260916.0,39100.0,Call,-,-,-,-,6210.0,-,-,0,0,0,1,6180,6240,3840,3840
TXO,202609,20260916.0,39100.0,Put,112,144,112,144,144.0,▲+36,▲+33.33%,0,3,3,36,28,-,2100,110
TXO,202609,20260916.0,39200.0,Call,-,-,-,-,6120.0,-,-,0,0,0,1,6090,6150,6340,249
TXO,202609,20260916.0,39200.0,Put,133,133,133,133,153.0,▲+23,▲+20.91%,0,1,1,35,150,-,2750,104
TXO,202609,20260916.0,39300.0,Call,-,-,-,-,6020.0,-,-,0,0,0,1,5990,6040,5220,2740
TXO,202609,20260916.0,39300.0,Put,118,151,118,151,157.0,▲+34,▲+29.06%,0,6,6,4,15,-,1930,108
TXO,202609,20260916.0,39400.0,Call,-,-,-,-,5930.0,-,-,0,0,0,6,5900,5960,8270,223
TXO,202609,20260916.0,39400.0,Put,110,170,110,170,162.0,▲+51,▲+42.86%,0,9,9,51,27.5,-,2390,110
TXO,202609,20260916.0,39500.0,Call,-,-,-,-,5830.0,-,-,0,0,0,0,5800,5850,3220,3150
TXO,202609,20260916.0,39500.0,Put,155,159,155,159,168.0,▲+35,▲+28.23%,4,2,6,39,110,253,1320,102
TXO,202609,20260916.0,39600.0,Call,-,-,-,-,5740.0,-,-,0,0,0,2,5710,5770,5910,394
TXO,202609,20260916.0,39600.0,Put,151,177,151,177,177.0,▲+50,▲+39.37%,0,5,5,21,54,188,2870,127
TXO,202609,20260916.0,39700.0,Call,-,-,-,-,5650.0,-,-,0,0,0,30,5410,5660,6150,2400
TXO,202609,20260916.0,39700.0,Put,131,184,131,184,184.0,▲+51,▲+38.35%,2,6,8,29,22.5,-,1330,119
TXO,202609,20260916.0,39800.0,Call,-,-,-,-,5550.0,-,-,0,0,0,0,5520,5580,6170,417
TXO,202609,20260916.0,39800.0,Put,173,173,173,173,188.0,▲+38,▲+28.15%,2,1,3,31,120,267,2020,111
TXO,202609,20260916.0,39900.0,Call,-,-,-,-,5460.0,-,-,0,0,0,5,5430,5480,4450,2550
TXO,202609,20260916.0,39900.0,Put,150,197,148,197,197.0,▲+57,▲+40.71%,2,18,20,76,126,270,2270,134
TXO,202609,20260916.0,40000.0,Call,-,-,-,-,5370.0,-,-,0,0,0,75,5130,5390,8030,380
TXO,202609,20260916.0,40000.0,Put,143,211,138,205,205.0,▲+62,▲+43.36%,131,199,330,1138,204,208,3040,120
TXO,202609,20260916.0,40100.0,Call,-,-,-,-,5280.0,-,-,0,0,0,3,5250,5300,6430,2480
TXO,202609,20260916.0,40100.0,Put,165,213,165,213,213.0,▲+61,▲+40.13%,0,4,4,32,62,-,2350,160
TXO,202609,20260916.0,40200.0,Call,-,-,-,-,5190.0,-,-,0,0,0,4,5160,5200,7670,250
TXO,202609,20260916.0,40200.0,Put,152,220,152,220,220.0,▲+64,▲+41.03%,0,4,4,23,104,327,2310,152
TXO,202609,20260916.0,40300.0,Call,-,-,-,-,5100.0,-,-,0,0,0,0,5070,5120,5090,2720
TXO,202609,20260916.0,40300.0,Put,155,209,155,209,229.0,▲+48,▲+29.81%,0,2,2,14,134,-,2430,155
TXO,202609,20260916.0,40400.0,Call,-,-,-,-,5010.0,-,-,0,0,0,8,4980,5030,4590,388
TXO,202609,20260916.0,40400.0,Put,220,220,220,220,239.0,▲+52,▲+30.95%,0,1,1,70,205,341,3260,167
TXO,202609,20260916.0,40500.0,Call,-,-,-,-,4920.0,-,-,0,0,0,4,4890,4940,2980,2260
TXO,202609,20260916.0,40500.0,Put,174,252,171,248,248.0,▲+77,▲+45.03%,5,14,19,68,247,374,2460,156
TXO,202609,20260916.0,40600.0,Call,-,-,-,-,4830.0,-,-,0,0,0,3,4800,4840,4400,345
TXO,202609,20260916.0,40600.0,Put,237,255,237,254,254.0,▲+73,▲+40.33%,2,3,5,12,162,-,4360,160
TXO,202609,20260916.0,40700.0,Call,-,-,-,-,4740.0,-,-,0,0,0,18,4710,4750,5710,2330
TXO,202609,20260916.0,40700.0,Put,164,271,164,271,271.0,▲+84,▲+44.92%,0,14,14,26,165,334,2520,164
TXO,202609,20260916.0,40800.0,Call,-,-,-,-,4650.0,-,-,0,0,0,4,4620,4670,6870,530
TXO,202609,20260916.0,40800.0,Put,197,280,194,259,278.0,▲+62,▲+31.47%,0,37,37,12,166,-,4480,194
TXO,202609,20260916.0,40900.0,Call,-,-,-,-,4560.0,-,-,0,0,0,0,4530,4570,4500,3090
TXO,202609,20260916.0,40900.0,Put,204,255,204,255,290.0,▲+51,▲+25.00%,0,21,21,8,172,-,2000,162
TXO,202609,20260916.0,41000.0,Call,-,-,-,-,4470.0,-,-,0,0,0,8,4440,4490,7580,320
TXO,202609,20260916.0,41000.0,Put,205,305,198,297,297.0,▲+91,▲+44.17%,47,87,134,263,294,306,4640,171
TXO,202609,20260916.0,41100.0,Call,-,-,-,-,4380.0,-,-,0,0,0,0,4350,4400,5260,2720
TXO,202609,20260916.0,41100.0,Put,308,308,308,308,308.0,▲+93,▲+43.26%,23,2,25,85,189,380,3010,193
TXO,202609,20260916.0,41200.0,Call,-,-,-,-,4290.0,-,-,0,0,0,0,4270,4310,3540,2240
TXO,202609,20260916.0,41200.0,Put,216,315,216,315,315.0,▲+85,▲+36.96%,2,33,35,86,196,400,7750,198
TXO,202609,20260916.0,41300.0,Call,-,-,-,-,4210.0,-,-,0,0,0,20,4180,4220,4200,1820
TXO,202609,20260916.0,41300.0,Put,295,308,295,308,339.0,▲+72,▲+30.51%,1,2,3,28,203,-,2980,210
TXO,202609,20260916.0,41400.0,Call,-,-,-,-,4120.0,-,-,0,0,0,0,4090,4140,5680,1820
TXO,202609,20260916.0,41400.0,Put,-,-,-,-,352.0,-,-,0,0,0,3,300,-,3480,277
TXO,202609,20260916.0,41500.0,Call,-,-,-,-,4040.0,-,-,0,0,0,2,4010,4050,4910,1750
TXO,202609,20260916.0,41500.0,Put,244,360,244,360,360.0,▲+114,▲+46.34%,5,30,35,63,311,375,1680,210
TXO,202609,20260916.0,41600.0,Call,-,-,-,-,3950.0,-,-,0,0,0,2,3920,3970,4200,2070
TXO,202609,20260916.0,41600.0,Put,-,-,-,-,383.0,-,-,2,0,2,70,231,450,3420,243
TXO,202609,20260916.0,41700.0,Call,-,-,-,-,3860.0,-,-,0,0,0,2,3710,3880,4130,4120
TXO,202609,20260916.0,41700.0,Put,365,376,365,376,394.0,▲+106,▲+39.26%,2,6,8,9,241,4850,3110,255
TXO,202609,20260916.0,41800.0,Call,-,-,-,-,3780.0,-,-,0,0,0,2,3750,3800,4910,264
TXO,202609,20260916.0,41800.0,Put,320,362,320,362,413.0,▲+80,▲+28.37%,0,3,3,17,251,515,6470,263
TXO,202609,20260916.0,41900.0,Call,-,-,-,-,3690.0,-,-,0,0,0,2,3670,3710,3990,1660
TXO,202609,20260916.0,41900.0,Put,297,403,297,403,426.0,▲+106,▲+35.69%,2,7,9,82,321,433,3180,242
TXO,202609,20260916.0,42000.0,Call,4160,4160,3780,3780,3610.0,▼-500,▼-11.68%,0,2,2,110,3590,3630,6680,161
TXO,202609,20260916.0,42000.0,Put,280,447,280,440,440.0,▲+138,▲+45.70%,31,93,124,505,408,468,7310,250
TXO,202609,20260916.0,42100.0,Call,4100,4100,3740,3740,3530.0,▼-450,▼-10.74%,0,2,2,1,3500,3550,4100,3740
TXO,202609,20260916.0,42100.0,Put,410,410,410,410,464.0,▲+93,▲+29.34%,1,1,2,14,285,-,2830,320
TXO,202609,20260916.0,42200.0,Call,-,-,-,-,3450.0,-,-,2,0,2,3,3420,3460,4200,269
TXO,202609,20260916.0,42200.0,Put,-,-,-,-,482.0,-,-,0,0,0,94,396,545,3410,315
TXO,202609,20260916.0,42300.0,Call,-,-,-,-,3370.0,-,-,0,0,0,0,3340,3380,4190,2620
TXO,202609,20260916.0,42300.0,Put,400,400,400,400,500.0,▲+65,▲+19.40%,0,1,1,8,390,-,2460,335
TXO,202609,20260916.0,42400.0,Call,-,-,-,-,3290.0,-,-,0,0,0,1,3260,3300,4400,1180
TXO,202609,20260916.0,42400.0,Put,447,494,447,479,520.0,▲+119,▲+33.06%,4,6,10,11,383,-,3470,290
TXO,202609,20260916.0,42500.0,Call,-,-,-,-,3200.0,-,-,1,0,1,2,3180,3220,4130,1520
TXO,202609,20260916.0,42500.0,Put,363,520,363,520,535.0,▲+149,▲+40.16%,5,16,21,133,415,610,2580,317
TXO,202609,20260916.0,42600.0,Call,3220,3220,3160,3160,3130.0,▼-610,▼-16.18%,0,2,2,7,3100,3160,6330,101
TXO,202609,20260916.0,42600.0,Put,-,-,-,-,560.0,-,-,1,0,1,7,432,660,8970,345
TXO,202609,20260916.0,42700.0,Call,-,-,-,-,3060.0,-,-,0,0,0,0,3020,3070,2900,2240
TXO,202609,20260916.0,42700.0,Put,435,550,435,535,585.0,▲+141,▲+35.79%,0,4,4,65,446,675,2400,394
TXO,202609,20260916.0,42800.0,Call,-,-,-,-,2980.0,-,-,0,0,0,201,2950,2990,7760,800
TXO,202609,20260916.0,42800.0,Put,494,595,494,585,605.0,▲+160,▲+37.65%,2,7,9,209,463,-,4270,388
TXO,202609,20260916.0,42900.0,Call,-,-,-,-,2900.0,-,-,0,0,0,1,2870,2910,3810,2670
TXO,202609,20260916.0,42900.0,Put,520,520,520,520,630.0,▲+90,▲+20.93%,0,1,1,11,510,-,2980,430
TXO,202609,20260916.0,43000.0,Call,-,-,-,-,2830.0,-,-,0,0,0,19,2790,2840,7050,580
TXO,202609,20260916.0,43000.0,Put,488,655,440,655,655.0,▲+210,▲+47.19%,20,132,152,250,565,650,4540,378
TXO,202609,20260916.0,43100.0,Call,-,-,-,-,2750.0,-,-,0,0,0,1,2720,2760,3600,3080
TXO,202609,20260916.0,43100.0,Put,-,-,-,-,680.0,-,-,1,0,1,10,515,-,2000,440
TXO,202609,20260916.0,43200.0,Call,-,-,-,-,2680.0,-,-,0,0,0,3,2640,2690,5810,790
TXO,202609,20260916.0,43200.0,Put,600,600,600,600,705.0,▲+110,▲+22.45%,0,2,2,29,530,-,3670,490
TXO,202609,20260916.0,43300.0,Call,2750,2750,2750,2750,2600.0,▼-430,▼-13.52%,0,1,1,9,2570,2620,5360,1280
TXO,202609,20260916.0,43300.0,Put,645,730,645,730,730.0,▲+225,▲+44.55%,0,5,5,8,625,-,1830,480
TXO,202609,20260916.0,43400.0,Call,-,-,-,-,2530.0,-,-,0,0,0,2,2500,2540,4900,750
TXO,202609,20260916.0,43400.0,Put,690,690,690,690,755.0,▲+170,▲+32.69%,7,1,8,117,605,855,3460,466
TXO,202609,20260916.0,43500.0,Call,2870,2870,2870,2870,2460.0,▼-160,▼-5.28%,0,1,1,36,2430,2470,3420,1220
TXO,202609,20260916.0,43500.0,Put,540,780,540,780,780.0,▲+240,▲+44.44%,1,23,24,558,680,840,3220,515
TXO,202609,20260916.0,43600.0,Call,-,-,-,-,2390.0,-,-,0,0,0,6,2360,2690,6660,545
TXO,202609,20260916.0,43600.0,Put,635,800,625,800,800.0,▲+230,▲+40.35%,0,30,30,37,2.3,900,4720,550
TXO,202609,20260916.0,43700.0,Call,-,-,-,-,2320.0,-,-,0,0,0,2,2290,2330,3150,985
TXO,202609,20260916.0,43700.0,Put,765,765,765,765,850.0,▲+170,▲+28.57%,3,1,4,32,2.3,945,2400,490
TXO,202609,20260916.0,43800.0,Call,2360,2360,2360,2360,2250.0,▼-440,▼-15.71%,0,1,1,4,2220,2270,5000,1000
TXO,202609,20260916.0,43800.0,Put,730,825,730,810,880.0,▲+175,▲+27.56%,1,11,12,14,2.3,-,3250,590
TXO,202609,20260916.0,43900.0,Call,-,-,-,-,2190.0,-,-,0,0,0,24,2160,2200,3000,1150
TXO,202609,20260916.0,43900.0,Put,-,-,-,-,915.0,-,-,0,0,0,2,2.3,995,2230,615
TXO,202609,20260916.0,44000.0,Call,2370,2370,2160,2160,2120.0,▼-490,▼-18.49%,0,7,7,24,2090,2140,6080,331
TXO,202609,20260916.0,44000.0,Put,645,920,645,920,945.0,▲+260,▲+39.39%,14,46,60,155,830,1000,4150,565
TXO,202609,20260916.0,44100.0,Call,-,-,-,-,2050.0,-,-,0,0,0,3,2030,2070,2980,975
TXO,202609,20260916.0,44100.0,Put,825,930,825,930,980.0,▲+225,▲+31.91%,0,5,5,19,830,-,3780,705
TXO,202609,20260916.0,44200.0,Call,-,-,-,-,1990.0,-,-,0,0,0,3,1960,2010,4830,930
TXO,202609,20260916.0,44200.0,Put,880,970,880,970,1020.0,▲+240,▲+32.88%,8,3,11,23,910,-,5100,595
TXO,202609,20260916.0,44300.0,Call,2020,2020,2020,2020,1930.0,▼-410,▼-16.87%,0,1,1,4,1900,1940,2550,910
TXO,202609,20260916.0,44300.0,Put,800,1010,800,1010,1050.0,▲+255,▲+33.77%,1,9,10,51,3.8,1150,3720,670
TXO,202609,20260916.0,44400.0,Call,-,-,-,-,1860.0,-,-,0,0,0,2,1840,1880,4130,860
TXO,202609,20260916.0,44400.0,Put,800,1020,800,1020,1090.0,▲+235,▲+29.94%,8,5,13,7,965,1100,3980,680
TXO,202609,20260916.0,44500.0,Call,2010,2010,1970,1970,1800.0,▼-320,▼-13.97%,0,2,2,4,1780,1820,5080,945
TXO,202609,20260916.0,44500.0,Put,845,1100,845,1100,1130.0,▲+300,▲+37.50%,2,37,39,79,1020,1130,3300,670
TXO,202609,20260916.0,44600.0,Call,1960,1960,1960,1960,1740.0,▼-270,▼-12.11%,0,1,1,10,1720,1760,4550,337
TXO,202609,20260916.0,44600.0,Put,1040,1040,1040,1040,1170.0,▲+195,▲+23.08%,1,1,2,6,3.8,1370,5580,790
TXO,202609,20260916.0,44700.0,Call,1850,1850,1850,1850,1690.0,▼-310,▼-14.35%,0,1,1,9,1560,-,2780,835
TXO,202609,20260916.0,44700.0,Put,1090,1090,1090,1090,1210.0,▲+210,▲+23.86%,0,1,1,3,3.8,1310,3520,980
TXO,202609,20260916.0,44800.0,Call,-,-,-,-,1630.0,-,-,1,0,1,6,1520,-,4950,600
TXO,202609,20260916.0,44800.0,Put,990,1230,990,1230,1260.0,▲+315,▲+34.43%,3,36,39,37,1130,-,3700,870
TXO,202609,20260916.0,44900.0,Call,1690,1690,1690,1690,1570.0,▼-340,▼-16.75%,3,1,4,4,-,1740,2700,750
TXO,202609,20260916.0,44900.0,Put,1170,1280,1170,1280,1280.0,▲+330,▲+34.74%,0,5,5,5,1180,-,3650,1050
TXO,202609,20260916.0,45000.0,Call,1650,1700,1500,1500,1500.0,▼-460,▼-23.47%,3,12,15,78,1440,-,5750,550
TXO,202609,20260916.0,45000.0,Put,950,1340,935,1340,1340.0,▲+380,▲+39.58%,87,401,488,411,1220,1980,5600,815
TXO,202609,20260916.0,45100.0,Call,1610,1610,1490,1490,1460.0,▼-410,▼-21.58%,0,2,2,5,-,1580,2430,710
TXO,202609,20260916.0,45100.0,Put,-,-,-,-,1390.0,-,-,3,0,3,4,3.8,1490,3780,965
TXO,202609,20260916.0,45200.0,Call,1530,1530,1530,1530,1410.0,▼-310,▼-16.85%,0,4,4,8,1370,-,6110,550
TXO,202609,20260916.0,45200.0,Put,1070,1420,1070,1420,1420.0,▲+370,▲+35.24%,12,21,33,206,1330,-,3850,900
TXO,202609,20260916.0,45300.0,Call,1590,1590,1360,1360,1360.0,▼-420,▼-23.60%,0,24,24,18,1250,-,2420,680
TXO,202609,20260916.0,45300.0,Put,1340,1460,1340,1440,1480.0,▲+340,▲+30.91%,0,38,38,74,3.8,1520,1460,1030
TXO,202609,20260916.0,45400.0,Call,1390,1460,1390,1460,1300.0,▼-260,▼-15.12%,0,2,2,3,1220,-,3530,700
TXO,202609,20260916.0,45400.0,Put,1340,1510,1340,1500,1530.0,▲+350,▲+30.43%,4,55,59,75,3.8,1610,3980,1070
TXO,202609,20260916.0,45500.0,Call,1500,1500,1350,1420,1250.0,▼-240,▼-14.46%,0,20,20,26,1170,1400,2480,630
TXO,202609,20260916.0,45500.0,Put,1170,1560,1170,1540,1580.0,▲+360,▲+30.51%,2,28,30,47,3.8,1650,3750,1000
TXO,202609,20260916.0,45600.0,Call,-,-,-,-,1200.0,-,-,1,0,1,8,1120,-,5400,630
TXO,202609,20260916.0,45600.0,Put,1210,1260,1210,1260,1630.0,▲+40,▲+3.28%,0,2,2,9,3.8,1700,3320,1210
TXO,202609,20260916.0,45700.0,Call,1500,1500,1200,1210,1160.0,▼-340,▼-21.94%,6,29,35,61,1060,1310,4250,690
TXO,202609,20260916.0,45700.0,Put,-,-,-,-,1690.0,-,-,0,0,0,71,3.8,1770,3000,1230
TXO,202609,20260916.0,45800.0,Call,1390,1390,1230,1250,1120.0,▼-240,▼-16.11%,0,7,7,11,1030,1280,3830,600
TXO,202609,20260916.0,45800.0,Put,1520,1660,1520,1660,1740.0,▲+350,▲+26.72%,2,7,9,38,1690,1760,4150,1160
TXO,202609,20260916.0,45900.0,Call,1210,1210,1080,1080,1080.0,▼-360,▼-25.00%,2,2,4,10,0.2,1180,2030,715
TXO,202609,20260916.0,45900.0,Put,1310,1740,1310,1740,1790.0,▲+380,▲+27.94%,10,7,17,38,1770,1810,3530,1160
TXO,202609,20260916.0,46000.0,Call,1400,1400,1010,1010,1010.0,▼-380,▼-27.34%,11,90,101,70,1000,1380,5040,470
TXO,202609,20260916.0,46000.0,Put,1350,1810,1350,1790,1850.0,▲+390,▲+27.86%,24,39,63,75,1820,1870,5600,1200
TXO,202609,20260916.0,46100.0,Call,1360,1360,1110,1140,980.0,▼-200,▼-14.93%,0,5,5,9,-,1110,3120,705
TXO,202609,20260916.0,46100.0,Put,1620,1770,1620,1770,1910.0,▲+320,▲+22.07%,0,3,3,5,1880,1930,3760,1370
TXO,202609,20260916.0,46200.0,Call,1210,1210,980,980,935.0,▼-310,▼-24.03%,5,13,18,140,2.5,1040,5360,500
TXO,202609,20260916.0,46200.0,Put,1900,1910,1900,1910,1960.0,▲+410,▲+27.33%,3,2,5,4,1940,1980,6310,1310
TXO,202609,20260916.0,46300.0,Call,995,1050,995,1050,895.0,▼-210,▼-16.67%,0,3,3,43,2.3,1030,1810,870
TXO,202609,20260916.0,46300.0,Put,1970,1970,1960,1960,2020.0,▲+410,▲+26.45%,0,2,2,3,2000,2040,2520,1550
TXO,202609,20260916.0,46400.0,Call,930,930,910,925,855.0,▼-275,▼-22.92%,1,9,10,95,2.3,965,4700,715
TXO,202609,20260916.0,46400.0,Put,-,-,-,-,2080.0,-,-,0,0,0,2,2060,2100,4360,1530
TXO,202609,20260916.0,46500.0,Call,1160,1160,820,825,825.0,▼-315,▼-27.63%,4,37,41,269,2.6,920,3900,460
TXO,202609,20260916.0,46500.0,Put,1650,1940,1650,1940,2140.0,▲+290,▲+17.58%,11,4,15,48,2110,2170,6610,1420
TXO,202609,20260916.0,46600.0,Call,890,905,890,905,785.0,▼-205,▼-18.47%,1,3,4,86,765,880,3760,540
TXO,202609,20260916.0,46600.0,Put,1730,1730,1730,1730,2210.0,▲+30,▲+1.76%,1,1,2,5,2030,2230,6230,1630
TXO,202609,20260916.0,46700.0,Call,875,875,815,870,750.0,▼-180,▼-17.14%,4,6,10,35,670,925,5130,484
TXO,202609,20260916.0,46700.0,Put,-,-,-,-,2270.0,-,-,4,0,4,4,2250,2290,1530,1500
TXO,202609,20260916.0,46800.0,Call,820,850,800,815,715.0,▼-205,▼-20.10%,3,4,7,34,700,885,3180,500
TXO,202609,20260916.0,46800.0,Put,2230,2230,2230,2230,2340.0,▲+410,▲+22.53%,0,2,2,3,2310,2360,7400,1910
TXO,202609,20260916.0,46900.0,Call,770,790,710,710,675.0,▼-250,▼-26.04%,0,4,4,24,580,795,3630,710
TXO,202609,20260916.0,46900.0,Put,-,-,-,-,2400.0,-,-,0,0,0,0,2380,2420,3700,3490
TXO,202609,20260916.0,47000.0,Call,935,935,650,650,650.0,▼-275,▼-29.73%,11,114,125,248,590,800,5010,385
TXO,202609,20260916.0,47000.0,Put,-,-,-,-,2470.0,-,-,0,0,0,273,2450,2490,6680,1840
TXO,202609,20260916.0,47100.0,Call,880,880,630,630,630.0,▼-255,▼-28.81%,3,30,33,32,520,1980,3480,555
TXO,202609,20260916.0,47100.0,Put,2340,2490,2340,2490,2540.0,▲+490,▲+24.50%,0,4,4,1,2510,2560,2860,2340
TXO,202609,20260916.0,47200.0,Call,845,845,630,630,590.0,▼-215,▼-25.44%,34,3,37,199,485,3000,3600,448
TXO,202609,20260916.0,47200.0,Put,2330,2440,2330,2440,2610.0,▲+380,▲+18.45%,0,3,3,5,2580,2630,6660,2220
TXO,202609,20260916.0,47300.0,Call,605,660,560,560,560.0,▼-250,▼-30.86%,0,5,5,22,469,670,3600,365
TXO,202609,20260916.0,47300.0,Put,-,-,-,-,2690.0,-,-,1,0,1,3,2650,2700,2710,2050
TXO,202609,20260916.0,47400.0,Call,580,620,580,590,540.0,▼-185,▼-23.87%,4,9,13,13,525,680,4760,341
TXO,202609,20260916.0,47400.0,Put,-,-,-,-,2760.0,-,-,0,0,0,2,2720,2770,6660,2290
TXO,202609,20260916.0,47500.0,Call,710,725,500,500,500.0,▼-240,▼-32.43%,14,58,72,175,424,675,2240,310
TXO,202609,20260916.0,47500.0,Put,2580,2670,2580,2670,2840.0,▲+420,▲+18.67%,0,10,10,14,2800,2840,2730,2030
TXO,202609,20260916.0,47600.0,Call,685,685,545,560,474.0,▼-150,▼-21.13%,2,6,8,17,384,560,2000,364
TXO,202609,20260916.0,47600.0,Put,-,-,-,-,2900.0,-,-,0,0,0,1,2870,2920,6960,2320
TXO,202609,20260916.0,47700.0,Call,540,540,468,468,468.0,▼-202,▼-30.15%,9,13,22,95,374,565,1730,364
TXO,202609,20260916.0,47700.0,Put,-,-,-,-,2970.0,-,-,0,0,0,0,2950,2990,-,-
TXO,202609,20260916.0,47800.0,Call,480,480,480,480,428.0,▼-160,▼-25.00%,0,8,8,92,335,550,2000,291
TXO,202609,20260916.0,47800.0,Put,-,-,-,-,3050.0,-,-,2,0,2,2,3020,3070,6790,2230
TXO,202609,20260916.0,47900.0,Call,-,-,-,-,407.0,-,-,0,0,0,32,349,575,1000,365
TXO,202609,20260916.0,47900.0,Put,-,-,-,-,3130.0,-,-,0,0,0,0,3100,3140,-,-
TXO,202609,20260916.0,48000.0,Call,575,575,376,376,376.0,▼-199,▼-34.61%,51,178,229,671,296,515,3130,273
TXO,202609,20260916.0,48000.0,Put,2630,2630,2630,2630,3210.0,▲+40,▲+1.54%,0,2,2,3,3180,3220,7110,2340
TXO,202609,20260916.0,48100.0,Call,402,449,400,400,366.0,▼-155,▼-27.93%,4,7,11,69,266,525,2800,400
TXO,202609,20260916.0,48100.0,Put,-,-,-,-,3290.0,-,-,0,0,0,0,3250,3300,4850,3390
TXO,202609,20260916.0,48200.0,Call,358,358,347,347,347.0,▼-178,▼-33.90%,0,2,2,4,259,440,2850,246
TXO,202609,20260916.0,48200.0,Put,2920,2920,2920,2920,3370.0,▲+180,▲+6.57%,0,2,2,3,3340,3380,7310,2660
TXO,202609,20260916.0,48300.0,Call,-,-,-,-,321.0,-,-,2,0,2,6,238,497,815,403
TXO,202609,20260916.0,48300.0,Put,-,-,-,-,3440.0,-,-,0,0,0,0,3420,3460,-,-
TXO,202609,20260916.0,48400.0,Call,376,376,309,310,310.0,▼-160,▼-34.04%,1,15,16,66,213,447,1980,248
TXO,202609,20260916.0,48400.0,Put,-,-,-,-,3520.0,-,-,0,0,0,7,3500,3540,7590,7240
TXO,202609,20260916.0,48500.0,Call,450,450,295,295,295.0,▼-149,▼-33.56%,29,79,108,164,213,400,990,240
TXO,202609,20260916.0,48500.0,Put,3300,3500,3300,3500,3610.0,▲+540,▲+18.24%,0,4,4,4,3580,3630,3500,3300
TXO,202609,20260916.0,48600.0,Call,340,340,286,311,272.0,▼-111,▼-26.30%,3,4,7,70,188,331,750,286
TXO,202609,20260916.0,48600.0,Put,3310,3310,3310,3310,3690.0,▲+270,▲+8.88%,0,2,2,6,3660,3710,7740,2930
TXO,202609,20260916.0,48700.0,Call,369,369,299,304,256.0,▼-94,▼-23.62%,0,6,6,40,166,420,1770,250
TXO,202609,20260916.0,48700.0,Put,-,-,-,-,3780.0,-,-,0,0,0,0,3750,3790,-,-
TXO,202609,20260916.0,48800.0,Call,360,360,250,278,241.0,▼-100,▼-26.46%,0,5,5,3,142,302,2200,250
TXO,202609,20260916.0,48800.0,Put,3510,3510,3510,3510,3860.0,▲+320,▲+10.03%,0,1,1,2,3550,3880,4910,3080
TXO,202609,20260916.0,48900.0,Call,352,360,270,270,228.0,▼-87,▼-24.37%,2,8,10,9,131,360,3930,192
TXO,202609,20260916.0,48900.0,Put,-,-,-,-,3950.0,-,-,0,0,0,0,3920,3970,-,-
TXO,202609,20260916.0,49000.0,Call,332,334,211,211,211.0,▼-143,▼-40.40%,14,192,206,305,200,220,3880,172
TXO,202609,20260916.0,49000.0,Put,-,-,-,-,4040.0,-,-,0,0,0,4,3720,4050,8740,3460
TXO,202609,20260916.0,49100.0,Call,227,238,220,238,203.0,▼-99,▼-29.38%,7,4,11,31,106,306,3500,220
TXO,202609,20260916.0,49100.0,Put,-,-,-,-,4120.0,-,-,0,0,0,1,4090,4140,4510,4510
TXO,202609,20260916.0,49200.0,Call,273,273,195,217,190.0,▼-84,▼-27.91%,0,11,11,10,103,335,2080,195
TXO,202609,20260916.0,49200.0,Put,-,-,-,-,4210.0,-,-,0,0,0,3,4180,4230,5160,3750
TXO,202609,20260916.0,49300.0,Call,243,243,184,225,179.0,▼-60,▼-21.05%,3,5,8,42,96,326,1560,166
TXO,202609,20260916.0,49300.0,Put,-,-,-,-,4300.0,-,-,0,0,0,4,4270,4320,3540,3420
TXO,202609,20260916.0,49400.0,Call,219,219,198,198,169.0,▼-65,▼-24.71%,0,3,3,12,83,268,2710,198
TXO,202609,20260916.0,49400.0,Put,-,-,-,-,4390.0,-,-,0,0,0,0,4360,4410,-,-
TXO,202609,20260916.0,49500.0,Call,245,245,161,161,161.0,▼-95,▼-37.11%,4,110,114,110,82,180,1060,150
TXO,202609,20260916.0,49500.0,Put,-,-,-,-,4480.0,-,-,0,0,0,1,4450,4500,4780,4780
TXO,202609,20260916.0,49600.0,Call,227,227,155,155,155.0,▼-87,▼-35.95%,0,3,3,14,54,425,1160,155
TXO,202609,20260916.0,49600.0,Put,-,-,-,-,4570.0,-,-,0,0,0,1,4540,4590,4850,4850
TXO,202609,20260916.0,49700.0,Call,210,210,210,210,141.0,▼-19,▼-8.30%,0,1,1,12,42,-,505,195
TXO,202609,20260916.0,49700.0,Put,-,-,-,-,4660.0,-,-,0,0,0,3,4630,4690,4920,4920
TXO,202609,20260916.0,49800.0,Call,155,155,155,155,133.0,▼-62,▼-28.57%,0,1,1,53,69,-,1760,155
TXO,202609,20260916.0,49800.0,Put,-,-,-,-,4750.0,-,-,0,0,0,0,4720,4770,-,-
TXO,202609,20260916.0,49900.0,Call,198,198,131,131,131.0,▼-74,▼-36.10%,3,3,6,38,60,-,2050,131
TXO,202609,20260916.0,49900.0,Put,-,-,-,-,4840.0,-,-,0,0,0,0,4820,4860,-,-
TXO,202609,20260916.0,50000.0,Call,180,183,118,123,123.0,▼-64,▼-34.22%,50,246,296,841,113,124,3370,118
TXO,202609,20260916.0,50000.0,Put,-,-,-,-,4940.0,-,-,0,0,0,1,4910,4950,4240,4240
TXO,202609,20260916.0,50100.0,Call,177,177,106,138,113.0,▼-45,▼-24.59%,4,9,13,21,41.5,194,3360,106
TXO,202609,20260916.0,50100.0,Put,-,-,-,-,5030.0,-,-,0,0,0,0,5000,5050,-,-
TXO,202609,20260916.0,50200.0,Call,102,113,102,113,109.0,▼-60,▼-34.68%,0,2,2,6,32.5,214,1800,102
TXO,202609,20260916.0,50200.0,Put,-,-,-,-,5130.0,-,-,0,0,0,0,5090,5140,-,-
TXO,202609,20260916.0,50300.0,Call,104,120,100,118,103.0,▼-45,▼-27.61%,0,4,4,7,16.5,203,1200,100
TXO,202609,20260916.0,50300.0,Put,-,-,-,-,5220.0,-,-,0,0,0,0,5190,5240,-,-
TXO,202609,20260916.0,50400.0,Call,104,115,104,106,97.0,▼-48,▼-31.17%,0,62,62,61,66,-,3140,104
TXO,202609,20260916.0,50400.0,Put,-,-,-,-,5320.0,-,-,0,0,0,0,5000,5330,7650,5430
TXO,202609,20260916.0,50500.0,Call,95,121,86,88,88.0,▼-64,▼-42.11%,3,24,27,112,27.5,177,1080,86
TXO,202609,20260916.0,50500.0,Put,-,-,-,-,5410.0,-,-,0,0,0,0,5370,5430,-,-
TXO,202609,20260916.0,50600.0,Call,90,95,90,95,86.0,▼-43,▼-31.16%,2,11,13,18,1.8,-,1760,90
TXO,202609,20260916.0,50600.0,Put,-,-,-,-,5500.0,-,-,0,0,0,0,5470,5520,-,-
TXO,202609,20260916.0,50700.0,Call,103,103,81,81,81.0,▼-49,▼-37.69%,0,31,31,9,74,229,1490,81
TXO,202609,20260916.0,50700.0,Put,-,-,-,-,5600.0,-,-,0,0,0,0,5570,5620,-,-
TXO,202609,20260916.0,50800.0,Call,-,-,-,-,76.0,-,-,0,0,0,18,5.3,218,2580,132
TXO,202609,20260916.0,50800.0,Put,-,-,-,-,5690.0,-,-,0,0,0,0,5660,5720,-,-
TXO,202609,20260916.0,50900.0,Call,77,84,68,74,74.0,▼-45,▼-37.82%,0,8,8,9,1.2,-,1050,68
TXO,202609,20260916.0,50900.0,Put,-,-,-,-,5790.0,-,-,0,0,0,0,5750,5810,-,-
TXO,202609,20260916.0,51000.0,Call,100,105,65,76,69.0,▼-39,▼-33.91%,19,90,109,145,54,90,2360,65
TXO,202609,20260916.0,51000.0,Put,-,-,-,-,5890.0,-,-,0,0,0,0,5850,5910,-,-
TXO,202609,20260916.0,51100.0,Call,72,78,62,78,65.0,▼-25,▼-24.27%,4,4,8,9,18,179,1820,62
TXO,202609,20260916.0,51100.0,Put,-,-,-,-,5980.0,-,-,0,0,0,0,5950,6000,-,-
TXO,202609,20260916.0,51200.0,Call,87,87,60,71,61.0,▼-26,▼-26.80%,2,5,7,17,1.5,-,2430,60
TXO,202609,20260916.0,51200.0,Put,-,-,-,-,6080.0,-,-,0,0,0,0,6040,6100,-,-
TXO,202609,20260916.0,51300.0,Call,77,77,54,64,57.0,▼-27,▼-29.67%,1,8,9,20,3.2,-,840,54
TXO,202609,20260916.0,51300.0,Put,-,-,-,-,6170.0,-,-,0,0,0,0,6140,6200,-,-
TXO,202609,20260916.0,51400.0,Call,68,68,53,55,55.0,▼-31,▼-36.05%,0,4,4,2,1.4,-,1830,53
TXO,202609,20260916.0,51400.0,Put,-,-,-,-,6270.0,-,-,0,0,0,0,6230,6290,-,-
TXO,202609,20260916.0,51500.0,Call,73,73,47,47,47.0,▼-34,▼-41.98%,3,10,13,11,5,152,920,47
TXO,202609,20260916.0,51500.0,Put,-,-,-,-,6370.0,-,-,0,0,0,0,6330,6390,-,-
TXO,202609,20260916.0,51600.0,Call,69,69,69,69,46.0,▼-8,▼-10.39%,0,1,1,10,1,-,810,69
TXO,202609,20260916.0,51600.0,Put,-,-,-,-,6460.0,-,-,0,0,0,0,6430,6490,-,-
TXO,202609,20260916.0,51700.0,Call,49,53,46,46,45.0,▼-26,▼-36.11%,2,14,16,5,0.9,-,550,46
TXO,202609,20260916.0,51700.0,Put,-,-,-,-,6560.0,-,-,0,0,0,0,6520,6590,-,-
TXO,202609,20260916.0,51800.0,Call,60,60,43,54,41.5,▼-14,▼-20.59%,0,5,5,18,1.2,164,1850,43
TXO,202609,20260916.0,51800.0,Put,-,-,-,-,6660.0,-,-,0,0,0,0,6620,6680,-,-
TXO,202609,20260916.0,51900.0,Call,46,46,38,39,39.0,▼-25,▼-39.06%,5,3,8,9,5,71,590,38
TXO,202609,20260916.0,51900.0,Put,-,-,-,-,6750.0,-,-,0,0,0,0,6720,6780,-,-
TXO,202609,20260916.0,52000.0,Call,60,60,35,40,38.5,▼-18,▼-31.03%,10,67,77,527,35.5,44,2210,35
TXO,202609,20260916.0,52000.0,Put,-,-,-,-,6850.0,-,-,0,0,0,0,6820,6880,-,-
TXO,202609,20260916.0,52100.0,Call,39,39,39,39,36.5,▼-18,▼-31.58%,1,1,2,15,0.6,75,590,39
TXO,202609,20260916.0,52100.0,Put,-,-,-,-,6950.0,-,-,0,0,0,0,6910,6980,-,-
TXO,202609,20260916.0,52200.0,Call,40,40,31.5,31.5,35.0,▼-21.5,▼-40.57%,0,2,2,15,0.8,-,2340,31.5
TXO,202609,20260916.0,52200.0,Put,-,-,-,-,7050.0,-,-,0,0,0,0,7010,7080,-,-
TXO,202609,20260916.0,52300.0,Call,29.5,29.5,29.5,29.5,33.0,▼-20.5,▼-41.00%,0,2,2,22,30,147,1880,29.5
TXO,202609,20260916.0,52300.0,Put,-,-,-,-,7150.0,-,-,0,0,0,0,7110,7170,-,-
TXO,202609,20260916.0,52400.0,Call,-,-,-,-,31.0,-,-,0,0,0,17,5,-,1880,63
TXO,202609,20260916.0,52400.0,Put,-,-,-,-,7250.0,-,-,0,0,0,0,7210,7270,-,-
TXO,202609,20260916.0,52500.0,Call,36,36,36,36,29.0,▼-8.5,▼-19.10%,2,14,16,51,25,69,550,36
TXO,202609,20260916.0,52500.0,Put,-,-,-,-,7340.0,-,-,0,0,0,0,7300,7370,-,-
TXO,202609,20260916.0,52600.0,Call,-,-,-,-,28.0,-,-,2,0,2,46,27,-,1390,47
TXO,202609,20260916.0,52600.0,Put,-,-,-,-,7440.0,-,-,0,0,0,0,7400,7470,-,-
TXO,202609,20260916.0,52700.0,Call,30,30,25.5,25.5,25.5,▼-14,▼-35.44%,1,2,3,13,0.5,-,1890,25.5
TXO,202609,20260916.0,52700.0,Put,-,-,-,-,7540.0,-,-,0,0,0,0,7500,7570,-,-
TXO,202609,20260916.0,52800.0,Call,-,-,-,-,25.5,-,-,1,0,1,11,0.4,135,1930,38
TXO,202609,20260916.0,52800.0,Put,-,-,-,-,7640.0,-,-,0,0,0,0,7600,7670,-,-
TXO,202609,20260916.0,52900.0,Call,-,-,-,-,24.5,-,-,0,0,0,13,0.4,-,580,46
TXO,202609,20260916.0,52900.0,Put,-,-,-,-,7740.0,-,-,0,0,0,0,7700,7770,-,-
TXO,202609,20260916.0,53000.0,Call,31.5,31.5,21,22,23.5,▼-12,▼-35.29%,4,43,47,369,21.5,120,1240,21
TXO,202609,20260916.0,53000.0,Put,-,-,-,-,7840.0,-,-,0,0,0,0,7800,7870,-,-
TXO,202609,20260916.0,53100.0,Call,-,-,-,-,22.5,-,-,0,0,0,27,0.5,129,580,41
TXO,202609,20260916.0,53100.0,Put,-,-,-,-,7940.0,-,-,0,0,0,0,7890,7960,-,-
TXO,202609,20260916.0,53200.0,Call,24,24,22.5,22.5,22.5,▼-7.5,▼-25.00%,0,2,2,10,0.3,-,1500,22.5
TXO,202609,20260916.0,53200.0,Put,-,-,-,-,8040.0,-,-,0,0,0,0,7990,8060,-,-
TXO,202609,20260916.0,53300.0,Call,-,-,-,-,20.5,-,-,0,0,0,5,0.4,126,580,36.5
TXO,202609,20260916.0,53300.0,Put,-,-,-,-,8130.0,-,-,0,0,0,0,8090,8160,-,-
TXO,202609,20260916.0,53400.0,Call,19,19,19,19,20.0,▼-8,▼-29.63%,2,1,3,5,0.3,117,1000,19
TXO,202609,20260916.0,53400.0,Put,-,-,-,-,8230.0,-,-,0,0,0,0,8190,8260,-,-
TXO,202609,20260916.0,53500.0,Call,17,20.5,16,18.5,18.5,▼-7,▼-27.45%,5,29,34,127,18,45,600,16
TXO,202609,20260916.0,53500.0,Put,-,-,-,-,8330.0,-,-,0,0,0,0,8290,8360,-,-
TXO,202609,20260916.0,53600.0,Call,15,23.5,15,23.5,18.5,▼-0.5,▼-2.08%,0,3,3,9,0.3,122,1340,15
TXO,202609,20260916.0,53600.0,Put,-,-,-,-,8430.0,-,-,0,0,0,0,8390,8460,-,-
TXO,202609,20260916.0,53700.0,Call,-,-,-,-,17.5,-,-,0,0,0,18,0.4,-,550,34.5
TXO,202609,20260916.0,53700.0,Put,-,-,-,-,8530.0,-,-,0,0,0,0,8490,8560,-,-
TXO,202609,20260916.0,53800.0,Call,15,15,15,15,16.5,▼-6.5,▼-30.23%,0,5,5,7,14,57,1240,15
TXO,202609,20260916.0,53800.0,Put,-,-,-,-,8630.0,-,-,0,0,0,0,8590,8660,-,-
TXO,202609,20260916.0,53900.0,Call,-,-,-,-,16.0,-,-,0,0,0,21,0.4,119,99,29.5
TXO,202609,20260916.0,53900.0,Put,-,-,-,-,8730.0,-,-,0,0,0,0,8680,8760,-,-
TXO,202609,20260916.0,54000.0,Call,18,18,13,15.5,15.5,▼-4,▼-20.51%,0,65,65,211,12,15.5,1400,13
TXO,202609,20260916.0,54000.0,Put,-,-,-,-,8830.0,-,-,0,0,0,0,8780,8860,-,-
TXO,202609,20260916.0,54100.0,Call,-,-,-,-,15.0,-,-,0,0,0,5,0.4,-,100,23.5
TXO,202609,20260916.0,54100.0,Put,-,-,-,-,8930.0,-,-,0,0,0,0,8880,8960,-,-
TXO,202609,20260916.0,54200.0,Call,15,15.5,12.5,15.5,14.5,▼-2.5,▼-13.89%,0,11,11,25,2.2,-,250,12.5
TXO,202609,20260916.0,54200.0,Put,-,-,-,-,9030.0,-,-,0,0,0,0,8980,9060,-,-
TXO,202609,20260916.0,54300.0,Call,11.5,11.5,11.5,11.5,14.0,▼-5.5,▼-32.35%,0,2,2,15,0.5,-,195,11.5
TXO,202609,20260916.0,54300.0,Put,-,-,-,-,9130.0,-,-,0,0,0,0,9080,9160,-,-
TXO,202609,20260916.0,54400.0,Call,-,-,-,-,13.5,-,-,0,0,0,15,0.5,-,1040,26
TXO,202609,20260916.0,54400.0,Put,-,-,-,-,9230.0,-,-,0,0,0,0,9180,9260,-,-
TXO,202609,20260916.0,54500.0,Call,10.5,15,10.5,12.5,12.5,▼-3,▼-19.35%,0,45,45,119,1,13,300,10.5
TXO,202609,20260916.0,54500.0,Put,-,-,-,-,9320.0,-,-,0,0,0,0,9280,9360,-,-
TXO,202609,20260916.0,54600.0,Call,-,-,-,-,12.5,-,-,0,0,0,48,9.6,114,1680,30
TXO,202609,20260916.0,54600.0,Put,-,-,-,-,9420.0,-,-,0,0,0,0,9380,9450,-,-
TXO,202609,20260916.0,54700.0,Call,-,-,-,-,12.0,-,-,0,0,0,29,9,-,382,25
TXO,202609,20260916.0,54700.0,Put,-,-,-,-,9520.0,-,-,0,0,0,0,9480,9550,-,-
TXO,202609,20260916.0,54800.0,Call,-,-,-,-,11.5,-,-,0,0,0,19,8,-,370,23
TXO,202609,20260916.0,54800.0,Put,-,-,-,-,9620.0,-,-,0,0,0,0,9570,9650,-,-
TXO,202609,20260916.0,54900.0,Call,-,-,-,-,11.0,-,-,0,0,0,2,0.6,29,205,16
TXO,202609,20260916.0,54900.0,Put,-,-,-,-,9720.0,-,-,0,0,0,0,9680,9750,-,-
TXO,202609,20260916.0,55000.0,Call,12,12,9.9,11.5,11.0,▼-1,▼-8.00%,11,47,58,283,8.3,-,1240,9.9
TXO,202609,20260916.0,55000.0,Put,-,-,-,-,9820.0,-,-,0,0,0,0,9770,9850,-,-
TXO,202609,20260916.0,55200.0,Call,-,-,-,-,11.0,-,-,0,0,0,5,8,111,350,14
TXO,202609,20260916.0,55200.0,Put,-,-,-,-,10020.0,-,-,0,0,0,0,9970,10050,-,-
TXO,202609,20260916.0,55400.0,Call,-,-,-,-,10.0,-,-,0,0,0,31,7.1,110,800,13
TXO,202609,20260916.0,55400.0,Put,-,-,-,-,10220.0,-,-,0,0,0,176,10130,10250,12880,9200
TXO,202609,20260916.0,55600.0,Call,-,-,-,-,9.0,-,-,1,0,1,11,7.5,110,1400,11
TXO,202609,20260916.0,55600.0,Put,-,-,-,-,10420.0,-,-,0,0,0,0,10340,10470,-,-
TXO,202609,20260916.0,55800.0,Call,8.3,9.3,6.9,8.7,8.7,▼-0.1,▼-1.14%,26,260,286,414,8.1,12,1350,6.9
TXO,202609,20260916.0,55800.0,Put,-,-,-,-,10620.0,-,-,0,0,0,0,10530,10670,-,-
TXO,202610,20261021.0,33900.0,Call,-,-,-,-,11490.0,-,-,0,0,0,0,11460,11590,-,-
TXO,202610,20261021.0,33900.0,Put,88,99,88,99,99.0,▲+15,▲+17.86%,3,13,16,79,96,100,400,81
TXO,202610,20261021.0,34000.0,Call,-,-,-,-,11400.0,-,-,0,0,0,0,11360,-,-,-
TXO,202610,20261021.0,34000.0,Put,99,101,99,101,101.0,▲+14,▲+16.09%,0,2,2,7,49,105,780,94
TXO,202610,20261021.0,34100.0,Call,-,-,-,-,11300.0,-,-,0,0,0,0,11270,11390,-,-
TXO,202610,20261021.0,34100.0,Put,-,-,-,-,105.0,-,-,0,0,0,0,0.9,-,-,-
TXO,202610,20261021.0,34200.0,Call,-,-,-,-,11210.0,-,-,0,0,0,0,-,11290,-,-
TXO,202610,20261021.0,34200.0,Put,-,-,-,-,109.0,-,-,0,0,0,2,0.9,203,810,100
TXO,202610,20261021.0,34300.0,Call,-,-,-,-,11110.0,-,-,0,0,0,0,11070,11200,-,-
TXO,202610,20261021.0,34300.0,Put,-,-,-,-,111.0,-,-,0,0,0,0,108,-,-,-
TXO,202610,20261021.0,34400.0,Call,-,-,-,-,11010.0,-,-,0,0,0,0,10980,-,-,-
TXO,202610,20261021.0,34400.0,Put,-,-,-,-,113.0,-,-,0,0,0,3,1,190,200,112
TXO,202610,20261021.0,34500.0,Call,-,-,-,-,10920.0,-,-,0,0,0,0,10880,11000,-,-
TXO,202610,20261021.0,34500.0,Put,-,-,-,-,118.0,-,-,0,0,0,0,1,-,-,-
TXO,202610,20261021.0,34600.0,Call,-,-,-,-,10820.0,-,-,0,0,0,0,10780,10930,-,-
TXO,202610,20261021.0,34600.0,Put,-,-,-,-,119.0,-,-,0,0,0,2,1,194,299,108
TXO,202610,20261021.0,34700.0,Call,-,-,-,-,10720.0,-,-,0,0,0,0,10690,-,-,-
TXO,202610,20261021.0,34700.0,Put,-,-,-,-,123.0,-,-,0,0,0,5,1,197,805,111
TXO,202610,20261021.0,34800.0,Call,-,-,-,-,10620.0,-,-,0,0,0,0,10590,10710,-,-
TXO,202610,20261021.0,34800.0,Put,-,-,-,-,126.0,-,-,0,0,0,8,1,216,314,114
TXO,202610,20261021.0,34900.0,Call,-,-,-,-,10530.0,-,-,0,0,0,0,10500,10610,-,-
TXO,202610,20261021.0,34900.0,Put,-,-,-,-,130.0,-,-,0,0,0,4,1.5,-,488,110
TXO,202610,20261021.0,35000.0,Call,-,-,-,-,10430.0,-,-,0,0,0,0,-,-,-,-
TXO,202610,20261021.0,35000.0,Put,129,129,129,129,133.0,▲+20,▲+18.35%,0,1,1,35,1.5,221,1060,111
TXO,202610,20261021.0,35100.0,Call,-,-,-,-,10340.0,-,-,0,0,0,0,10300,10420,-,-
TXO,202610,20261021.0,35100.0,Put,-,-,-,-,137.0,-,-,3,0,3,4,1.5,206,505,100
TXO,202610,20261021.0,35200.0,Call,-,-,-,-,10240.0,-,-,0,0,0,0,10210,10330,-,-
TXO,202610,20261021.0,35200.0,Put,-,-,-,-,141.0,-,-,0,0,0,4,121,-,151,136
TXO,202610,20261021.0,35300.0,Call,-,-,-,-,10140.0,-,-,0,0,0,0,10110,-,-,-
TXO,202610,20261021.0,35300.0,Put,140,140,140,140,144.0,▲+18,▲+14.75%,0,1,1,6,1.6,229,1070,122
TXO,202610,20261021.0,35400.0,Call,-,-,-,-,10050.0,-,-,0,0,0,0,10010,10130,-,-
TXO,202610,20261021.0,35400.0,Put,-,-,-,-,150.0,-,-,0,0,0,3,1.6,231,1000,142
TXO,202610,20261021.0,35500.0,Call,-,-,-,-,9960.0,-,-,0,0,0,0,9920,10030,-,-
TXO,202610,20261021.0,35500.0,Put,148,148,148,148,154.0,▲+21,▲+16.54%,0,1,1,4,1.7,-,550,127
TXO,202610,20261021.0,35600.0,Call,-,-,-,-,9860.0,-,-,0,0,0,0,9820,9940,-,-
TXO,202610,20261021.0,35600.0,Put,137,137,137,137,159.0,▲+9,▲+7.03%,0,2,2,4,1.7,237,150,137
TXO,202610,20261021.0,35700.0,Call,-,-,-,-,9760.0,-,-,0,0,0,0,9730,9850,-,-
TXO,202610,20261021.0,35700.0,Put,-,-,-,-,164.0,-,-,0,0,0,3,1.7,-,300,135
TXO,202610,20261021.0,35800.0,Call,-,-,-,-,9670.0,-,-,0,0,0,0,9640,9750,-,-
TXO,202610,20261021.0,35800.0,Put,144,144,144,144,168.0,▲+5,▲+3.60%,0,2,2,4,1.8,244,405,144
TXO,202610,20261021.0,35900.0,Call,-,-,-,-,9570.0,-,-,0,0,0,0,9540,9650,-,-
TXO,202610,20261021.0,35900.0,Put,-,-,-,-,172.0,-,-,0,0,0,1,1.8,-,142,142
TXO,202610,20261021.0,36000.0,Call,-,-,-,-,9480.0,-,-,0,0,0,0,9450,-,-,-
TXO,202610,20261021.0,36000.0,Put,160,161,160,161,176.0,▲+18,▲+12.59%,0,3,3,81,1.8,180,1380,149
TXO,202610,20261021.0,36100.0,Call,-,-,-,-,9390.0,-,-,0,0,0,0,9350,9460,-,-
TXO,202610,20261021.0,36100.0,Put,146,146,146,146,183.0,▲+1,▲+0.69%,0,1,1,1,1.8,256,690,146
TXO,202610,20261021.0,36200.0,Call,-,-,-,-,9290.0,-,-,0,0,0,0,9260,-,-,-
TXO,202610,20261021.0,36200.0,Put,163,163,163,163,189.0,▲+14,▲+9.40%,0,2,2,3,81,-,1120,163
TXO,202610,20261021.0,36300.0,Call,-,-,-,-,9200.0,-,-,0,0,0,0,9160,9270,-,-
TXO,202610,20261021.0,36300.0,Put,-,-,-,-,194.0,-,-,0,0,0,2,81,-,915,190
TXO,202610,20261021.0,36400.0,Call,-,-,-,-,9100.0,-,-,0,0,0,0,9070,-,-,-
TXO,202610,20261021.0,36400.0,Put,-,-,-,-,199.0,-,-,0,0,0,1,81,-,401,265
TXO,202610,20261021.0,36500.0,Call,-,-,-,-,9010.0,-,-,0,0,0,0,8980,9080,-,-
TXO,202610,20261021.0,36500.0,Put,-,-,-,-,206.0,-,-,0,0,0,6,82,-,1510,275
TXO,202610,20261021.0,36600.0,Call,-,-,-,-,8920.0,-,-,0,0,0,0,8880,8990,-,-
TXO,202610,20261021.0,36600.0,Put,-,-,-,-,212.0,-,-,0,0,0,0,82,-,1110,610
TXO,202610,20261021.0,36700.0,Call,-,-,-,-,8820.0,-,-,0,0,0,0,8790,-,-,-
TXO,202610,20261021.0,36700.0,Put,-,-,-,-,218.0,-,-,0,0,0,1,82,-,710,710
TXO,202610,20261021.0,36800.0,Call,-,-,-,-,8730.0,-,-,0,0,0,0,8700,8800,-,-
TXO,202610,20261021.0,36800.0,Put,-,-,-,-,225.0,-,-,0,0,0,1,82,-,497,497
TXO,202610,20261021.0,36900.0,Call,-,-,-,-,8640.0,-,-,0,0,0,0,8600,8710,-,-
TXO,202610,20261021.0,36900.0,Put,-,-,-,-,231.0,-,-,0,0,0,1,82,-,1620,730
TXO,202610,20261021.0,37000.0,Call,-,-,-,-,8540.0,-,-,0,0,0,0,8510,8610,-,-
TXO,202610,20261021.0,37000.0,Put,167,185,167,185,236.0,0,0%,5,2,7,40,158,236,1010,156
TXO,202610,20261021.0,37100.0,Call,-,-,-,-,8450.0,-,-,0,0,0,0,8420,8520,-,-
TXO,202610,20261021.0,37100.0,Put,-,-,-,-,245.0,-,-,0,0,0,7,83,-,750,198
TXO,202610,20261021.0,37200.0,Call,-,-,-,-,8360.0,-,-,0,0,0,0,8320,8430,-,-
TXO,202610,20261021.0,37200.0,Put,-,-,-,-,252.0,-,-,0,0,0,0,88,-,1460,670
TXO,202610,20261021.0,37300.0,Call,-,-,-,-,8270.0,-,-,0,0,0,0,8240,-,-,-
TXO,202610,20261021.0,37300.0,Put,-,-,-,-,260.0,-,-,0,0,0,1,93,-,575,440
TXO,202610,20261021.0,37400.0,Call,-,-,-,-,8170.0,-,-,0,0,0,0,8140,8250,-,-
TXO,202610,20261021.0,37400.0,Put,-,-,-,-,268.0,-,-,0,0,0,1,100,-,815,815
TXO,202610,20261021.0,37500.0,Call,-,-,-,-,8080.0,-,-,0,0,0,0,8050,8150,-,-
TXO,202610,20261021.0,37500.0,Put,-,-,-,-,276.0,-,-,0,0,0,1,106,-,445,200
TXO,202610,20261021.0,37600.0,Call,-,-,-,-,7990.0,-,-,0,0,0,0,7960,8060,-,-
TXO,202610,20261021.0,37600.0,Put,218,218,218,218,285.0,▼-1,▼-0.46%,0,1,1,8,112,354,850,218
TXO,202610,20261021.0,37700.0,Call,-,-,-,-,7900.0,-,-,0,0,0,0,7870,-,-,-
TXO,202610,20261021.0,37700.0,Put,241,241,241,241,293.0,▲+18,▲+8.07%,1,1,2,4,116,-,281,200
TXO,202610,20261021.0,37800.0,Call,-,-,-,-,7810.0,-,-,0,0,0,0,7780,7880,-,-
TXO,202610,20261021.0,37800.0,Put,-,-,-,-,302.0,-,-,0,0,0,4,122,-,945,251
TXO,202610,20261021.0,37900.0,Call,-,-,-,-,7720.0,-,-,0,0,0,0,7690,7780,-,-
TXO,202610,20261021.0,37900.0,Put,-,-,-,-,310.0,-,-,0,0,0,1,128,-,900,650
TXO,202610,20261021.0,38000.0,Call,-,-,-,-,7630.0,-,-,0,0,0,0,7600,7690,-,-
TXO,202610,20261021.0,38000.0,Put,-,-,-,-,320.0,-,-,4,0,4,22,215,398,2000,210
TXO,202610,20261021.0,38100.0,Call,-,-,-,-,7540.0,-,-,0,0,0,0,7510,7610,-,-
TXO,202610,20261021.0,38100.0,Put,-,-,-,-,330.0,-,-,0,0,0,39,145,410,1380,252
TXO,202610,20261021.0,38200.0,Call,-,-,-,-,7450.0,-,-,0,0,0,0,7420,7510,-,-
TXO,202610,20261021.0,38200.0,Put,-,-,-,-,339.0,-,-,0,0,0,3,229,416,1020,301
TXO,202610,20261021.0,38300.0,Call,-,-,-,-,7360.0,-,-,0,0,0,0,7330,7420,-,-
TXO,202610,20261021.0,38300.0,Put,-,-,-,-,350.0,-,-,0,0,0,0,237,-,-,-
TXO,202610,20261021.0,38400.0,Call,-,-,-,-,7270.0,-,-,0,0,0,0,7240,7330,-,-
TXO,202610,20261021.0,38400.0,Put,-,-,-,-,360.0,-,-,0,0,0,1,244,435,1930,1930
TXO,202610,20261021.0,38500.0,Call,-,-,-,-,7180.0,-,-,0,0,0,0,7150,7240,-,-
TXO,202610,20261021.0,38500.0,Put,-,-,-,-,371.0,-,-,0,0,0,4,253,-,2100,291
TXO,202610,20261021.0,38600.0,Call,-,-,-,-,7090.0,-,-,0,0,0,0,7060,7150,-,-
TXO,202610,20261021.0,38600.0,Put,-,-,-,-,382.0,-,-,0,0,0,0,260,-,-,-
TXO,202610,20261021.0,38700.0,Call,-,-,-,-,7000.0,-,-,0,0,0,0,6970,-,-,-
TXO,202610,20261021.0,38700.0,Put,-,-,-,-,393.0,-,-,0,0,0,11,287,467,2230,300
TXO,202610,20261021.0,38800.0,Call,-,-,-,-,6920.0,-,-,0,0,0,0,6890,-,-,-
TXO,202610,20261021.0,38800.0,Put,-,-,-,-,405.0,-,-,0,0,0,1,278,476,610,610
TXO,202610,20261021.0,38900.0,Call,-,-,-,-,6830.0,-,-,0,0,0,0,6800,6890,-,-
TXO,202610,20261021.0,38900.0,Put,334,334,334,334,416.0,▲+19,▲+6.03%,0,1,1,1,286,-,690,334
TXO,202610,20261021.0,39000.0,Call,-,-,-,-,6740.0,-,-,0,0,0,0,6710,6800,-,-
TXO,202610,20261021.0,39000.0,Put,318,415,318,415,419.0,▲+95,▲+29.69%,0,12,12,32,334,419,1790,318
TXO,202610,20261021.0,39100.0,Call,-,-,-,-,6650.0,-,-,0,0,0,0,6620,6710,-,-
TXO,202610,20261021.0,39100.0,Put,-,-,-,-,442.0,-,-,0,0,0,2,305,-,820,610
TXO,202610,20261021.0,39200.0,Call,-,-,-,-,6570.0,-,-,0,0,0,0,6540,6620,-,-
TXO,202610,20261021.0,39200.0,Put,-,-,-,-,455.0,-,-,0,0,0,0,315,-,-,-
TXO,202610,20261021.0,39300.0,Call,-,-,-,-,6480.0,-,-,0,0,0,0,6450,6540,-,-
TXO,202610,20261021.0,39300.0,Put,-,-,-,-,469.0,-,-,0,0,0,0,326,-,-,-
TXO,202610,20261021.0,39400.0,Call,-,-,-,-,6400.0,-,-,0,0,0,0,6370,6450,-,-
TXO,202610,20261021.0,39400.0,Put,-,-,-,-,482.0,-,-,0,0,0,0,335,-,-,-
TXO,202610,20261021.0,39500.0,Call,-,-,-,-,6310.0,-,-,0,0,0,0,6280,-,-,-
TXO,202610,20261021.0,39500.0,Put,-,-,-,-,495.0,-,-,0,0,0,2,347,575,995,505
TXO,202610,20261021.0,39600.0,Call,-,-,-,-,6220.0,-,-,0,0,0,0,6200,6280,-,-
TXO,202610,20261021.0,39600.0,Put,-,-,-,-,510.0,-,-,0,0,0,1,360,-,1300,400
TXO,202610,20261021.0,39700.0,Call,-,-,-,-,6140.0,-,-,0,0,0,0,6110,6200,-,-
TXO,202610,20261021.0,39700.0,Put,-,-,-,-,525.0,-,-,1,0,1,3,369,-,665,351
TXO,202610,20261021.0,39800.0,Call,-,-,-,-,6060.0,-,-,0,0,0,0,6030,-,-,-
TXO,202610,20261021.0,39800.0,Put,-,-,-,-,540.0,-,-,0,0,0,0,379,-,-,-
TXO,202610,20261021.0,39900.0,Call,-,-,-,-,5970.0,-,-,0,0,0,1,5940,6020,3150,3150
TXO,202610,20261021.0,39900.0,Put,450,450,450,450,555.0,▲+27,▲+6.38%,0,1,1,2,393,-,2760,435
TXO,202610,20261021.0,40000.0,Call,-,-,-,-,5880.0,-,-,0,0,0,0,5860,-,-,-
TXO,202610,20261021.0,40000.0,Put,456,570,456,570,570.0,▲+130,▲+29.55%,2,4,6,19,420,580,2490,395
TXO,202610,20261021.0,40100.0,Call,-,-,-,-,5800.0,-,-,0,0,0,0,5770,5850,-,-
TXO,202610,20261021.0,40100.0,Put,-,-,-,-,585.0,-,-,0,0,0,0,416,-,-,-
TXO,202610,20261021.0,40200.0,Call,-,-,-,-,5720.0,-,-,0,0,0,0,5690,5770,-,-
TXO,202610,20261021.0,40200.0,Put,-,-,-,-,605.0,-,-,1,0,1,1,429,695,505,405
TXO,202610,20261021.0,40300.0,Call,-,-,-,-,5640.0,-,-,0,0,0,0,5600,5690,-,-
TXO,202610,20261021.0,40300.0,Put,510,510,510,510,620.0,▲+25,▲+5.15%,0,1,1,30,442,710,2940,473
TXO,202610,20261021.0,40400.0,Call,-,-,-,-,5560.0,-,-,0,0,0,0,5520,5600,-,-
TXO,202610,20261021.0,40400.0,Put,-,-,-,-,640.0,-,-,0,0,0,0,457,-,-,-
TXO,202610,20261021.0,40500.0,Call,-,-,-,-,5470.0,-,-,0,0,0,0,5440,-,-,-
TXO,202610,20261021.0,40500.0,Put,580,580,580,580,655.0,▲+80,▲+16.00%,0,5,5,6,472,-,2730,500
TXO,202610,20261021.0,40600.0,Call,-,-,-,-,5390.0,-,-,0,0,0,0,5360,5440,-,-
TXO,202610,20261021.0,40600.0,Put,-,-,-,-,675.0,-,-,0,0,0,7,565,750,1260,505
TXO,202610,20261021.0,40700.0,Call,-,-,-,-,5310.0,-,-,0,0,0,0,5280,5360,-,-
TXO,202610,20261021.0,40700.0,Put,-,-,-,-,695.0,-,-,0,0,0,2,575,770,1540,800
TXO,202610,20261021.0,40800.0,Call,-,-,-,-,5230.0,-,-,0,0,0,1,5200,5280,5680,3010
TXO,202610,20261021.0,40800.0,Put,-,-,-,-,715.0,-,-,0,0,0,1,590,-,2920,755
TXO,202610,20261021.0,40900.0,Call,-,-,-,-,5150.0,-,-,0,0,0,0,5120,5200,-,-
TXO,202610,20261021.0,40900.0,Put,-,-,-,-,735.0,-,-,0,0,0,0,610,-,3100,1400
TXO,202610,20261021.0,41000.0,Call,-,-,-,-,5070.0,-,-,0,0,0,0,5040,5120,4060,2930
TXO,202610,20261021.0,41000.0,Put,-,-,-,-,755.0,-,-,0,0,0,5,630,810,3020,680
TXO,202610,20261021.0,41100.0,Call,-,-,-,-,4990.0,-,-,0,0,0,0,4960,5040,-,-
TXO,202610,20261021.0,41100.0,Put,-,-,-,-,775.0,-,-,0,0,0,0,640,-,2590,1520
TXO,202610,20261021.0,41200.0,Call,-,-,-,-,4910.0,-,-,0,0,0,0,4880,4960,4840,3580
TXO,202610,20261021.0,41200.0,Put,-,-,-,-,795.0,-,-,0,0,0,30,660,850,2540,1520
TXO,202610,20261021.0,41300.0,Call,-,-,-,-,4840.0,-,-,0,0,0,0,4800,-,-,-
TXO,202610,20261021.0,41300.0,Put,-,-,-,-,815.0,-,-,0,0,0,0,2.3,-,-,-
TXO,202610,20261021.0,41400.0,Call,-,-,-,-,4760.0,-,-,0,0,0,0,4720,4810,-,-
TXO,202610,20261021.0,41400.0,Put,800,800,800,800,840.0,▲+145,▲+22.14%,0,1,1,1,2.3,925,800,800
TXO,202610,20261021.0,41500.0,Call,-,-,-,-,4680.0,-,-,0,0,0,0,4650,-,-,-
TXO,202610,20261021.0,41500.0,Put,690,690,690,690,865.0,▲+20,▲+2.99%,0,5,5,31,38.5,940,2280,655
TXO,202610,20261021.0,41600.0,Call,-,-,-,-,4600.0,-,-,0,0,0,1,4570,4650,3210,3210
TXO,202610,20261021.0,41600.0,Put,-,-,-,-,885.0,-,-,0,0,0,9,770,-,2550,670
TXO,202610,20261021.0,41700.0,Call,-,-,-,-,4530.0,-,-,0,0,0,0,4490,4580,-,-
TXO,202610,20261021.0,41700.0,Put,-,-,-,-,905.0,-,-,0,0,0,0,2.3,-,-,-
TXO,202610,20261021.0,41800.0,Call,-,-,-,-,4460.0,-,-,0,0,0,0,4420,4500,-,-
TXO,202610,20261021.0,41800.0,Put,-,-,-,-,935.0,-,-,2,0,2,4,2.3,995,2140,685
TXO,202610,20261021.0,41900.0,Call,-,-,-,-,4380.0,-,-,0,0,0,0,4340,4430,-,-
TXO,202610,20261021.0,41900.0,Put,-,-,-,-,960.0,-,-,1,0,1,1,2.3,1030,2830,705
TXO,202610,20261021.0,42000.0,Call,-,-,-,-,4300.0,-,-,0,0,0,0,4270,4350,-,-
TXO,202610,20261021.0,42000.0,Put,820,980,820,980,980.0,▲+220,▲+28.95%,0,2,2,4,2.3,-,3500,745
TXO,202610,20261021.0,42100.0,Call,-,-,-,-,4230.0,-,-,0,0,0,0,4200,4280,-,-
TXO,202610,20261021.0,42100.0,Put,-,-,-,-,1010.0,-,-,0,0,0,0,2.3,-,-,-
TXO,202610,20261021.0,42200.0,Call,-,-,-,-,4150.0,-,-,0,0,0,2,4120,4200,4200,2000
TXO,202610,20261021.0,42200.0,Put,-,-,-,-,1030.0,-,-,0,0,0,0,388,-,2120,955
TXO,202610,20261021.0,42300.0,Call,-,-,-,-,4080.0,-,-,0,0,0,0,4050,4130,-,-
TXO,202610,20261021.0,42300.0,Put,-,-,-,-,1060.0,-,-,0,0,0,0,2.3,-,-,-
TXO,202610,20261021.0,42400.0,Call,-,-,-,-,4010.0,-,-,0,0,0,0,3980,-,4850,2960
TXO,202610,20261021.0,42400.0,Put,-,-,-,-,1090.0,-,-,0,0,0,1,935,-,3760,1490
TXO,202610,20261021.0,42500.0,Call,-,-,-,-,3940.0,-,-,0,0,0,0,3910,3990,3980,2120
TXO,202610,20261021.0,42500.0,Put,-,-,-,-,1120.0,-,-,0,0,0,26,950,-,1850,855
TXO,202610,20261021.0,42600.0,Call,-,-,-,-,3870.0,-,-,0,0,0,0,3830,3920,-,-
TXO,202610,20261021.0,42600.0,Put,1020,1150,1020,1150,1150.0,▲+245,▲+27.07%,0,11,11,10,1010,-,1150,1020
TXO,202610,20261021.0,42700.0,Call,-,-,-,-,3810.0,-,-,0,0,0,0,3770,3850,-,-
TXO,202610,20261021.0,42700.0,Put,1140,1140,1120,1120,1180.0,▲+190,▲+20.43%,0,10,10,10,1020,-,1870,1120
TXO,202610,20261021.0,42800.0,Call,-,-,-,-,3730.0,-,-,0,0,0,0,3690,-,-,-
TXO,202610,20261021.0,42800.0,Put,1070,1130,1070,1130,1210.0,▲+175,▲+18.32%,0,10,10,10,1040,-,3100,970
TXO,202610,20261021.0,42900.0,Call,-,-,-,-,3660.0,-,-,0,0,0,1,3630,3710,4410,3070
TXO,202610,20261021.0,42900.0,Put,-,-,-,-,1240.0,-,-,0,0,0,2,1110,-,3050,3050
TXO,202610,20261021.0,43000.0,Call,-,-,-,-,3590.0,-,-,0,0,0,0,3560,3650,-,-
TXO,202610,20261021.0,43000.0,Put,1100,1230,1100,1230,1270.0,▲+200,▲+19.42%,0,3,3,10,2.3,1320,4200,975
TXO,202610,20261021.0,43100.0,Call,-,-,-,-,3530.0,-,-,0,0,0,0,3490,3580,-,-
TXO,202610,20261021.0,43100.0,Put,-,-,-,-,1300.0,-,-,0,0,0,0,2.3,-,-,-
TXO,202610,20261021.0,43200.0,Call,3750,3750,3750,3750,3460.0,▼-270,▼-6.72%,0,1,1,1,3420,3510,3750,3750
TXO,202610,20261021.0,43200.0,Put,-,-,-,-,1330.0,-,-,1,0,1,1,2.3,1390,1000,1000
TXO,202610,20261021.0,43300.0,Call,-,-,-,-,3390.0,-,-,0,0,0,0,3360,3440,-,-
TXO,202610,20261021.0,43300.0,Put,-,-,-,-,1370.0,-,-,0,0,0,0,2.3,-,-,-
TXO,202610,20261021.0,43400.0,Call,-,-,-,-,3330.0,-,-,0,0,0,1,3290,3380,2880,2880
TXO,202610,20261021.0,43400.0,Put,1250,1250,1250,1250,1400.0,▲+130,▲+11.61%,0,1,1,2,1270,-,2890,1250
TXO,202610,20261021.0,43500.0,Call,-,-,-,-,3260.0,-,-,0,0,0,0,3220,3310,3100,1570
TXO,202610,20261021.0,43500.0,Put,1210,1210,1210,1210,1430.0,▲+60,▲+5.22%,0,1,1,103,2.3,1500,3050,1120
TXO,202610,20261021.0,43600.0,Call,-,-,-,-,3200.0,-,-,0,0,0,1,3160,3250,2840,2840
TXO,202610,20261021.0,43600.0,Put,-,-,-,-,1470.0,-,-,0,0,0,1,2.3,1540,2850,2850
TXO,202610,20261021.0,43700.0,Call,-,-,-,-,3130.0,-,-,0,0,0,3,3100,3180,2940,2940
TXO,202610,20261021.0,43700.0,Put,-,-,-,-,1500.0,-,-,0,0,0,3,1380,-,2920,2920
TXO,202610,20261021.0,43800.0,Call,-,-,-,-,3070.0,-,-,0,0,0,2,3030,3120,2950,1650
TXO,202610,20261021.0,43800.0,Put,-,-,-,-,1540.0,-,-,0,0,0,2,2.3,1630,3100,2900
TXO,202610,20261021.0,43900.0,Call,-,-,-,-,3010.0,-,-,0,0,0,0,2970,3060,-,-
TXO,202610,20261021.0,43900.0,Put,-,-,-,-,1580.0,-,-,0,0,0,0,2.3,-,3140,2460
TXO,202610,20261021.0,44000.0,Call,-,-,-,-,2940.0,-,-,0,0,0,5,2910,2990,3370,1520
TXO,202610,20261021.0,44000.0,Put,1330,1330,1330,1330,1620.0,▲+20,▲+1.53%,1,1,2,365,14,1650,2770,1230
TXO,202610,20261021.0,44100.0,Call,-,-,-,-,2880.0,-,-,0,0,0,2,2850,2930,1620,1540
TXO,202610,20261021.0,44100.0,Put,-,-,-,-,1660.0,-,-,0,0,0,1,-,-,3230,3070
TXO,202610,20261021.0,44200.0,Call,-,-,-,-,2820.0,-,-,0,0,0,1,2780,2870,2730,2730
TXO,202610,20261021.0,44200.0,Put,-,-,-,-,1700.0,-,-,0,0,0,1,1510,-,2730,2730
TXO,202610,20261021.0,44300.0,Call,-,-,-,-,2760.0,-,-,0,0,0,0,2730,2810,-,-
TXO,202610,20261021.0,44300.0,Put,1620,1620,1620,1620,1740.0,▲+210,▲+14.89%,0,1,1,1,-,1790,2040,1340
TXO,202610,20261021.0,44400.0,Call,-,-,-,-,2710.0,-,-,0,0,0,4,2670,2760,2960,1410
TXO,202610,20261021.0,44400.0,Put,1670,1670,1670,1670,1780.0,▲+220,▲+15.17%,0,1,1,1,-,1840,2180,1530
TXO,202610,20261021.0,44500.0,Call,-,-,-,-,2650.0,-,-,0,0,0,0,2610,2700,2920,2670
TXO,202610,20261021.0,44500.0,Put,-,-,-,-,1820.0,-,-,0,0,0,1,3.8,1880,4990,1440
TXO,202610,20261021.0,44600.0,Call,-,-,-,-,2590.0,-,-,0,0,0,0,-,2650,-,-
TXO,202610,20261021.0,44600.0,Put,-,-,-,-,1860.0,-,-,0,0,0,0,3.8,-,-,-
TXO,202610,20261021.0,44700.0,Call,-,-,-,-,2530.0,-,-,0,0,0,9,2510,2580,3380,1350
TXO,202610,20261021.0,44700.0,Put,-,-,-,-,1900.0,-,-,0,0,0,0,3.8,-,-,-
TXO,202610,20261021.0,44800.0,Call,-,-,-,-,2470.0,-,-,0,0,0,133,2450,2530,2950,2670
TXO,202610,20261021.0,44800.0,Put,-,-,-,-,1940.0,-,-,0,0,0,0,3.8,-,-,-
TXO,202610,20261021.0,44900.0,Call,-,-,-,-,2420.0,-,-,0,0,0,0,-,-,-,-
TXO,202610,20261021.0,44900.0,Put,-,-,-,-,1990.0,-,-,0,0,0,0,3.8,-,-,-
TXO,202610,20261021.0,45000.0,Call,-,-,-,-,2370.0,-,-,0,0,0,1,-,-,3220,2500
TXO,202610,20261021.0,45000.0,Put,1900,1900,1900,1900,2040.0,▲+230,▲+13.77%,0,1,1,5,3.8,2110,2760,1730
TXO,202610,20261021.0,45100.0,Call,-,-,-,-,2320.0,-,-,0,0,0,2,2240,-,3040,2590
TXO,202610,20261021.0,45100.0,Put,-,-,-,-,2090.0,-,-,0,0,0,1,1970,-,2640,2640
TXO,202610,20261021.0,45200.0,Call,-,-,-,-,2270.0,-,-,0,0,0,2,2170,-,2330,1670
TXO,202610,20261021.0,45200.0,Put,-,-,-,-,2140.0,-,-,0,0,0,2,1990,-,3950,2620
TXO,202610,20261021.0,45300.0,Call,-,-,-,-,2220.0,-,-,0,0,0,3,2130,-,2540,1130
TXO,202610,20261021.0,45300.0,Put,-,-,-,-,2190.0,-,-,0,0,0,1,2040,-,2510,2510
TXO,202610,20261021.0,45400.0,Call,-,-,-,-,2170.0,-,-,0,0,0,1,2070,-,3120,2140
TXO,202610,20261021.0,45400.0,Put,-,-,-,-,2240.0,-,-,0,0,0,0,3.8,-,-,-
TXO,202610,20261021.0,45500.0,Call,-,-,-,-,2120.0,-,-,0,0,0,0,-,-,2010,1160
TXO,202610,20261021.0,45500.0,Put,-,-,-,-,2290.0,-,-,0,0,0,0,3.8,-,-,-
TXO,202610,20261021.0,45600.0,Call,-,-,-,-,2060.0,-,-,0,0,0,2,1970,-,2470,2160
TXO,202610,20261021.0,45600.0,Put,-,-,-,-,2330.0,-,-,0,0,0,1,3.8,-,2400,2020
TXO,202610,20261021.0,45700.0,Call,2090,2090,2090,2090,2010.0,▼-340,▼-13.99%,0,1,1,1,1920,-,2090,2090
TXO,202610,20261021.0,45700.0,Put,-,-,-,-,2380.0,-,-,0,0,0,0,3.8,-,-,-
TXO,202610,20261021.0,45800.0,Call,2100,2100,2000,2000,1970.0,▼-380,▼-15.97%,0,4,4,6,1900,-,2540,2000
TXO,202610,20261021.0,45800.0,Put,-,-,-,-,2440.0,-,-,0,0,0,1,3.8,2510,2230,2210
TXO,202610,20261021.0,45900.0,Call,2100,2100,1930,1930,1930.0,▼-400,▼-17.17%,0,5,5,6,1810,-,2220,1160
TXO,202610,20261021.0,45900.0,Put,-,-,-,-,2490.0,-,-,0,0,0,0,2420,-,-,-
TXO,202610,20261021.0,46000.0,Call,1910,1910,1880,1880,1880.0,▼-400,▼-17.54%,0,3,3,15,1770,-,2680,970
TXO,202610,20261021.0,46000.0,Put,2240,2240,2240,2240,2540.0,▲+120,▲+5.66%,1,2,3,6,3.8,2550,3660,1960
TXO,202610,20261021.0,46100.0,Call,-,-,-,-,1830.0,-,-,0,0,0,0,-,-,2520,2060
TXO,202610,20261021.0,46100.0,Put,-,-,-,-,2590.0,-,-,0,0,0,1,3.8,2610,2260,2260
TXO,202610,20261021.0,46200.0,Call,-,-,-,-,1780.0,-,-,0,0,0,1,1670,-,2310,1340
TXO,202610,20261021.0,46200.0,Put,-,-,-,-,2640.0,-,-,0,0,0,1,2580,2660,2370,2370
TXO,202610,20261021.0,46300.0,Call,1870,1870,1860,1860,1730.0,▼-260,▼-12.26%,0,2,2,2,-,-,2420,1860
TXO,202610,20261021.0,46300.0,Put,-,-,-,-,2690.0,-,-,0,0,0,2,2630,2720,2400,2200
TXO,202610,20261021.0,46400.0,Call,-,-,-,-,1680.0,-,-,0,0,0,3,1610,-,2400,790
TXO,202610,20261021.0,46400.0,Put,-,-,-,-,2750.0,-,-,0,0,0,0,2690,2770,-,-
TXO,202610,20261021.0,46500.0,Call,-,-,-,-,1630.0,-,-,0,0,0,0,-,-,-,-
TXO,202610,20261021.0,46500.0,Put,-,-,-,-,2800.0,-,-,0,0,0,0,2750,2830,-,-
TXO,202610,20261021.0,46600.0,Call,-,-,-,-,1590.0,-,-,0,0,0,0,-,-,-,-
TXO,202610,20261021.0,46600.0,Put,-,-,-,-,2860.0,-,-,0,0,0,0,2800,2890,-,-
TXO,202610,20261021.0,46700.0,Call,-,-,-,-,1550.0,-,-,0,0,0,0,-,-,-,-
TXO,202610,20261021.0,46700.0,Put,-,-,-,-,2920.0,-,-,0,0,0,0,2860,2950,-,-
TXO,202610,20261021.0,46800.0,Call,-,-,-,-,1500.0,-,-,0,0,0,2,-,1680,2150,905
TXO,202610,20261021.0,46800.0,Put,-,-,-,-,2970.0,-,-,0,0,0,1,-,2990,2420,2420
TXO,202610,20261021.0,46900.0,Call,1600,1600,1600,1600,1470.0,▼-240,▼-13.04%,0,1,1,1,-,1600,1600,1600
TXO,202610,20261021.0,46900.0,Put,-,-,-,-,3030.0,-,-,0,0,0,0,2980,3070,4010,3120
TXO,202610,20261021.0,47000.0,Call,1560,1580,1560,1580,1430.0,▼-210,▼-11.73%,0,2,2,2,-,2160,2260,910
TXO,202610,20261021.0,47000.0,Put,-,-,-,-,3090.0,-,-,0,0,0,5,3030,3130,4240,3250
TXO,202610,20261021.0,47100.0,Call,-,-,-,-,1390.0,-,-,0,0,0,8,-,1550,1660,1650
TXO,202610,20261021.0,47100.0,Put,-,-,-,-,3150.0,-,-,0,0,0,0,3090,3170,-,-
TXO,202610,20261021.0,47200.0,Call,-,-,-,-,1340.0,-,-,0,0,0,0,-,-,2250,1050
TXO,202610,20261021.0,47200.0,Put,-,-,-,-,3210.0,-,-,0,0,0,0,3160,3230,-,-
TXO,202610,20261021.0,47300.0,Call,-,-,-,-,1310.0,-,-,0,0,0,2,1230,-,1080,775
TXO,202610,20261021.0,47300.0,Put,-,-,-,-,3270.0,-,-,0,0,0,0,3220,3290,-,-
TXO,202610,20261021.0,47400.0,Call,-,-,-,-,1270.0,-,-,0,0,0,5,-,1430,2030,1680
TXO,202610,20261021.0,47400.0,Put,-,-,-,-,3340.0,-,-,0,0,0,0,3280,3370,-,-
TXO,202610,20261021.0,47500.0,Call,1340,1360,1340,1360,1240.0,▼-210,▼-13.38%,0,2,2,2,1140,-,2040,745
TXO,202610,20261021.0,47500.0,Put,-,-,-,-,3400.0,-,-,0,0,0,0,3340,3420,-,-
TXO,202610,20261021.0,47600.0,Call,-,-,-,-,1200.0,-,-,1,0,1,8,-,1350,1570,1490
TXO,202610,20261021.0,47600.0,Put,-,-,-,-,3460.0,-,-,0,0,0,0,3410,3480,-,-
TXO,202610,20261021.0,47700.0,Call,-,-,-,-,1170.0,-,-,0,0,0,0,-,-,2100,665
TXO,202610,20261021.0,47700.0,Put,-,-,-,-,3530.0,-,-,0,0,0,0,3470,3560,-,-
TXO,202610,20261021.0,47800.0,Call,1220,1220,1220,1220,1130.0,▼-220,▼-15.28%,0,1,1,1,1060,-,1740,1220
TXO,202610,20261021.0,47800.0,Put,-,-,-,-,3590.0,-,-,0,0,0,0,-,3610,-,-
TXO,202610,20261021.0,47900.0,Call,-,-,-,-,1100.0,-,-,0,0,0,0,-,-,-,-
TXO,202610,20261021.0,47900.0,Put,-,-,-,-,3660.0,-,-,0,0,0,0,3600,3690,-,-
TXO,202610,20261021.0,48000.0,Call,-,-,-,-,1070.0,-,-,0,0,0,24,-,1210,1780,615
TXO,202610,20261021.0,48000.0,Put,-,-,-,-,3730.0,-,-,0,0,0,4,3670,3810,4790,4760
TXO,202610,20261021.0,48100.0,Call,-,-,-,-,1040.0,-,-,0,0,0,2,-,1180,1630,1630
TXO,202610,20261021.0,48100.0,Put,-,-,-,-,3800.0,-,-,0,0,0,0,3740,3820,-,-
TXO,202610,20261021.0,48200.0,Call,-,-,-,-,1000.0,-,-,0,0,0,1,2.3,1110,1550,1550
TXO,202610,20261021.0,48200.0,Put,-,-,-,-,3860.0,-,-,0,0,0,0,3800,3890,-,-
TXO,202610,20261021.0,48300.0,Call,-,-,-,-,975.0,-,-,0,0,0,0,2.3,-,-,-
TXO,202610,20261021.0,48300.0,Put,-,-,-,-,3930.0,-,-,0,0,0,0,3870,3960,-,-
TXO,202610,20261021.0,48400.0,Call,-,-,-,-,950.0,-,-,0,0,0,0,2.3,-,1220,1040
TXO,202610,20261021.0,48400.0,Put,-,-,-,-,4010.0,-,-,0,0,0,0,3940,4020,-,-
TXO,202610,20261021.0,48500.0,Call,1010,1010,1010,1010,920.0,▼-170,▼-14.41%,0,1,1,9,2.3,1040,1510,1010
TXO,202610,20261021.0,48500.0,Put,-,-,-,-,4080.0,-,-,0,0,0,0,4020,4100,-,-
TXO,202610,20261021.0,48600.0,Call,-,-,-,-,890.0,-,-,0,0,0,0,2.3,-,-,-
TXO,202610,20261021.0,48600.0,Put,-,-,-,-,4150.0,-,-,0,0,0,0,4090,4170,-,-
TXO,202610,20261021.0,48700.0,Call,890,890,890,890,860.0,▼-230,▼-20.54%,0,1,1,1,2.3,1030,890,890
TXO,202610,20261021.0,48700.0,Put,-,-,-,-,4220.0,-,-,0,0,0,0,4160,4240,-,-
TXO,202610,20261021.0,48800.0,Call,995,995,995,995,835.0,▼-95,▼-8.72%,0,1,1,0,2.3,-,1240,630
TXO,202610,20261021.0,48800.0,Put,-,-,-,-,4290.0,-,-,0,0,0,0,4230,4310,-,-
TXO,202610,20261021.0,48900.0,Call,-,-,-,-,810.0,-,-,0,0,0,0,2.3,-,-,-
TXO,202610,20261021.0,48900.0,Put,-,-,-,-,4370.0,-,-,0,0,0,0,4300,4390,-,-
TXO,202610,20261021.0,49000.0,Call,-,-,-,-,785.0,-,-,0,0,0,18,695,910,1300,650
TXO,202610,20261021.0,49000.0,Put,-,-,-,-,4440.0,-,-,0,0,0,4,4380,4460,5700,3520
TXO,202610,20261021.0,49100.0,Call,-,-,-,-,755.0,-,-,0,0,0,0,650,-,-,-
TXO,202610,20261021.0,49100.0,Put,-,-,-,-,4510.0,-,-,0,0,0,0,-,4530,-,-
TXO,202610,20261021.0,49200.0,Call,900,900,795,795,735.0,▼-160,▼-16.75%,0,3,3,18,645,900,1390,600
TXO,202610,20261021.0,49200.0,Put,-,-,-,-,4590.0,-,-,0,0,0,0,-,4610,-,-
TXO,202610,20261021.0,49300.0,Call,-,-,-,-,710.0,-,-,0,0,0,4,620,830,1010,1010
TXO,202610,20261021.0,49300.0,Put,-,-,-,-,4670.0,-,-,0,0,0,0,-,4690,-,-
TXO,202610,20261021.0,49400.0,Call,-,-,-,-,685.0,-,-,0,0,0,5,600,800,990,855
TXO,202610,20261021.0,49400.0,Put,-,-,-,-,4740.0,-,-,0,0,0,0,4680,4760,-,-
TXO,202610,20261021.0,49500.0,Call,-,-,-,-,665.0,-,-,0,0,0,0,570,-,1410,480
TXO,202610,20261021.0,49500.0,Put,-,-,-,-,4820.0,-,-,0,0,0,0,4760,4840,-,-
TXO,202610,20261021.0,49600.0,Call,-,-,-,-,640.0,-,-,0,0,0,0,560,-,-,-
TXO,202610,20261021.0,49600.0,Put,-,-,-,-,4900.0,-,-,0,0,0,0,-,4920,-,-
TXO,202610,20261021.0,49700.0,Call,-,-,-,-,620.0,-,-,0,0,0,0,530,-,940,870
TXO,202610,20261021.0,49700.0,Put,-,-,-,-,4970.0,-,-,0,0,0,0,4910,5000,-,-
TXO,202610,20261021.0,49800.0,Call,-,-,-,-,600.0,-,-,0,0,0,1,500,750,575,575
TXO,202610,20261021.0,49800.0,Put,-,-,-,-,5050.0,-,-,0,0,0,0,4990,5070,-,-
TXO,202610,20261021.0,49900.0,Call,-,-,-,-,580.0,-,-,0,0,0,2,485,-,850,431
TXO,202610,20261021.0,49900.0,Put,-,-,-,-,5130.0,-,-,0,0,0,0,5070,5150,-,-
TXO,202610,20261021.0,50000.0,Call,590,590,570,570,570.0,▼-165,▼-22.45%,6,3,9,26,455,585,1180,400
TXO,202610,20261021.0,50000.0,Put,-,-,-,-,5210.0,-,-,0,0,0,0,5150,5230,-,-
TXO,202610,20261021.0,50100.0,Call,580,600,580,600,540.0,▼-120,▼-16.67%,0,6,6,5,440,700,840,580
TXO,202610,20261021.0,50100.0,Put,-,-,-,-,5290.0,-,-,0,0,0,0,-,5320,-,-
TXO,202610,20261021.0,50200.0,Call,-,-,-,-,520.0,-,-,0,0,0,1,415,665,740,300
TXO,202610,20261021.0,50200.0,Put,-,-,-,-,5370.0,-,-,0,0,0,0,5310,5400,-,-
TXO,202610,20261021.0,50300.0,Call,-,-,-,-,500.0,-,-,0,0,0,1,400,645,750,750
TXO,202610,20261021.0,50300.0,Put,-,-,-,-,5450.0,-,-,0,0,0,0,5400,5480,-,-
TXO,202610,20261021.0,50400.0,Call,-,-,-,-,486.0,-,-,0,0,0,0,414,-,-,-
TXO,202610,20261021.0,50400.0,Put,-,-,-,-,5540.0,-,-,0,0,0,0,-,5560,-,-
TXO,202610,20261021.0,50500.0,Call,-,-,-,-,470.0,-,-,0,0,0,31,395,-,890,620
TXO,202610,20261021.0,50500.0,Put,-,-,-,-,5620.0,-,-,0,0,0,0,5560,5640,-,-
TXO,202610,20261021.0,50600.0,Call,-,-,-,-,454.0,-,-,0,0,0,0,374,1000,705,650
TXO,202610,20261021.0,50600.0,Put,-,-,-,-,5710.0,-,-,0,0,0,0,5640,5720,-,-
TXO,202610,20261021.0,50700.0,Call,-,-,-,-,438.0,-,-,0,0,0,0,347,-,-,-
TXO,202610,20261021.0,50700.0,Put,-,-,-,-,5790.0,-,-,0,0,0,0,-,5810,-,-
TXO,202610,20261021.0,50800.0,Call,-,-,-,-,422.0,-,-,0,0,0,4,337,570,615,322
TXO,202610,20261021.0,50800.0,Put,-,-,-,-,5870.0,-,-,0,0,0,0,5810,5890,-,-
TXO,202610,20261021.0,50900.0,Call,-,-,-,-,405.0,-,-,0,0,0,2,318,540,795,320
TXO,202610,20261021.0,50900.0,Put,-,-,-,-,5960.0,-,-,0,0,0,0,5900,5980,-,-
TXO,202610,20261021.0,51000.0,Call,470,470,470,470,391.0,▼-60,▼-11.32%,3,1,4,27,300,535,800,300
TXO,202610,20261021.0,51000.0,Put,-,-,-,-,6040.0,-,-,0,0,0,0,5980,6070,-,-
TXO,202610,20261021.0,51100.0,Call,520,520,520,520,377.0,▲+5,▲+0.97%,1,1,2,3,280,474,810,324
TXO,202610,20261021.0,51100.0,Put,-,-,-,-,6130.0,-,-,0,0,0,0,6070,6150,-,-
TXO,202610,20261021.0,51200.0,Call,-,-,-,-,363.0,-,-,0,0,0,2,268,490,650,323
TXO,202610,20261021.0,51200.0,Put,-,-,-,-,6210.0,-,-,0,0,0,0,6150,6240,-,-
TXO,202610,20261021.0,51300.0,Call,-,-,-,-,351.0,-,-,0,0,0,0,249,-,-,-
TXO,202610,20261021.0,51300.0,Put,-,-,-,-,6300.0,-,-,0,0,0,0,6240,6330,-,-
TXO,202610,20261021.0,51400.0,Call,-,-,-,-,337.0,-,-,0,0,0,1,264,440,515,515
TXO,202610,20261021.0,51400.0,Put,-,-,-,-,6390.0,-,-,0,0,0,0,6330,6420,-,-
TXO,202610,20261021.0,51500.0,Call,-,-,-,-,326.0,-,-,0,0,0,12,256,450,630,320
TXO,202610,20261021.0,51500.0,Put,-,-,-,-,6470.0,-,-,0,0,0,0,6420,6500,-,-
TXO,202610,20261021.0,51600.0,Call,-,-,-,-,315.0,-,-,0,0,0,2,242,-,520,515
TXO,202610,20261021.0,51600.0,Put,-,-,-,-,6560.0,-,-,0,0,0,0,6500,6590,-,-
TXO,202610,20261021.0,51700.0,Call,-,-,-,-,303.0,-,-,0,0,0,3,220,460,610,277
TXO,202610,20261021.0,51700.0,Put,-,-,-,-,6650.0,-,-,0,0,0,0,6590,6680,-,-
TXO,202610,20261021.0,51800.0,Call,339,339,339,339,292.0,▼-59,▼-14.82%,0,1,1,3,205,446,445,339
TXO,202610,20261021.0,51800.0,Put,-,-,-,-,6740.0,-,-,0,0,0,0,6680,6770,-,-
TXO,202610,20261021.0,51900.0,Call,319,319,319,319,282.0,▼-64,▼-16.71%,0,1,1,3,198,397,1080,300
TXO,202610,20261021.0,51900.0,Put,-,-,-,-,6830.0,-,-,0,0,0,0,6770,6860,-,-
TXO,202610,20261021.0,52000.0,Call,304,304,281,281,281.0,▼-84,▼-23.01%,0,3,3,20,182,420,1020,281
TXO,202610,20261021.0,52000.0,Put,-,-,-,-,6920.0,-,-,0,0,0,0,6860,6950,-,-
TXO,202610,20261021.0,52100.0,Call,-,-,-,-,262.0,-,-,0,0,0,1,171,306,495,400
TXO,202610,20261021.0,52100.0,Put,-,-,-,-,7010.0,-,-,0,0,0,0,6950,7040,-,-
TXO,202610,20261021.0,52200.0,Call,-,-,-,-,252.0,-,-,0,0,0,2,158,425,412,402
TXO,202610,20261021.0,52200.0,Put,-,-,-,-,7100.0,-,-,0,0,0,0,7040,7130,-,-
TXO,202610,20261021.0,52300.0,Call,-,-,-,-,244.0,-,-,0,0,0,1,153,355,1000,1000
TXO,202610,20261021.0,52300.0,Put,-,-,-,-,7190.0,-,-,0,0,0,0,7130,7220,-,-
TXO,202610,20261021.0,52400.0,Call,-,-,-,-,235.0,-,-,0,0,0,1,135,345,865,339
TXO,202610,20261021.0,52400.0,Put,-,-,-,-,7280.0,-,-,0,0,0,0,7220,7310,-,-
TXO,202610,20261021.0,52500.0,Call,-,-,-,-,227.0,-,-,2,0,2,32,2.3,383,940,62
TXO,202610,20261021.0,52500.0,Put,-,-,-,-,7370.0,-,-,0,0,0,0,7310,7400,-,-
TXO,202610,20261021.0,52600.0,Call,-,-,-,-,219.0,-,-,0,0,0,0,153,-,-,-
TXO,202610,20261021.0,52600.0,Put,-,-,-,-,7460.0,-,-,0,0,0,0,-,7500,-,-
TXO,202610,20261021.0,52700.0,Call,-,-,-,-,211.0,-,-,1,0,1,1,143,320,310,310
TXO,202610,20261021.0,52700.0,Put,-,-,-,-,7560.0,-,-,0,0,0,0,7500,7590,-,-
TXO,202610,20261021.0,52800.0,Call,210,210,210,210,210.0,▼-86,▼-29.05%,0,1,1,0,136,-,275,210
TXO,202610,20261021.0,52800.0,Put,-,-,-,-,7650.0,-,-,0,0,0,0,7590,7680,-,-
TXO,202610,20261021.0,52900.0,Call,-,-,-,-,197.0,-,-,0,0,0,0,88,-,-,-
TXO,202610,20261021.0,52900.0,Put,-,-,-,-,7740.0,-,-,0,0,0,0,7680,7780,-,-
TXO,202610,20261021.0,53000.0,Call,235,235,200,217,190.0,▼-67,▼-23.59%,0,8,8,18,112,270,379,200
TXO,202610,20261021.0,53000.0,Put,-,-,-,-,7830.0,-,-,0,0,0,0,7770,7870,-,-
TXO,202612,20261216.0,25200.0,Call,-,-,-,-,20300.0,-,-,0,0,0,2,20240,20580,22620,13580
TXO,202612,20261216.0,25200.0,Put,69,73,69,73,73.0,▲+6,▲+8.96%,7,36,43,212,70,164,985,67
TXO,202612,20261216.0,25400.0,Call,-,-,-,-,20110.0,-,-,0,0,0,0,20030,20330,-,-
TXO,202612,20261216.0,25400.0,Put,-,-,-,-,74.0,-,-,0,0,0,6,10.5,-,610,84
TXO,202612,20261216.0,25600.0,Call,-,-,-,-,19910.0,-,-,0,0,0,0,19830,20170,-,-
TXO,202612,20261216.0,25600.0,Put,-,-,-,-,76.0,-,-,0,0,0,12,0.8,-,750,86
TXO,202612,20261216.0,25800.0,Call,-,-,-,-,19710.0,-,-,0,0,0,0,19640,19960,-,-
TXO,202612,20261216.0,25800.0,Put,-,-,-,-,78.0,-,-,0,0,0,6,0.7,-,505,75
TXO,202612,20261216.0,26000.0,Call,-,-,-,-,19520.0,-,-,0,0,0,1,19450,19760,17230,7550
TXO,202612,20261216.0,26000.0,Put,-,-,-,-,80.0,-,-,0,0,0,59,0.9,-,1390,80
TXO,202612,20261216.0,26200.0,Call,-,-,-,-,19320.0,-,-,0,0,0,0,19250,19570,-,-
TXO,202612,20261216.0,26200.0,Put,-,-,-,-,83.0,-,-,0,0,0,8,5,176,1430,175
TXO,202612,20261216.0,26400.0,Call,-,-,-,-,19120.0,-,-,0,0,0,0,19050,19370,-,-
TXO,202612,20261216.0,26400.0,Put,-,-,-,-,85.0,-,-,0,0,0,13,0.8,178,1250,80
TXO,202612,20261216.0,26600.0,Call,-,-,-,-,18930.0,-,-,0,0,0,0,18850,19140,-,-
TXO,202612,20261216.0,26600.0,Put,82,82,82,82,88.0,0,0%,0,2,2,1,0.8,-,765,82
TXO,202612,20261216.0,26800.0,Call,-,-,-,-,18730.0,-,-,0,0,0,0,18660,18980,-,-
TXO,202612,20261216.0,26800.0,Put,-,-,-,-,90.0,-,-,0,0,0,2,0.9,-,1500,106
TXO,202612,20261216.0,27000.0,Call,-,-,-,-,18530.0,-,-,0,0,0,1,18480,18780,18990,7500
TXO,202612,20261216.0,27000.0,Put,-,-,-,-,93.0,-,-,3,0,3,7,0.9,-,1590,88
TXO,202612,20261216.0,27200.0,Call,-,-,-,-,18340.0,-,-,0,0,0,0,18270,18570,-,-
TXO,202612,20261216.0,27200.0,Put,-,-,-,-,95.0,-,-,0,0,0,1,0.9,187,710,215
TXO,202612,20261216.0,27400.0,Call,-,-,-,-,18140.0,-,-,0,0,0,0,18080,18380,-,-
TXO,202612,20261216.0,27400.0,Put,-,-,-,-,98.0,-,-,0,0,0,16,1,-,1580,98
TXO,202612,20261216.0,27600.0,Call,-,-,-,-,17950.0,-,-,0,0,0,0,17880,18190,-,-
TXO,202612,20261216.0,27600.0,Put,-,-,-,-,102.0,-,-,0,0,0,5,1,193,1300,123
TXO,202612,20261216.0,27800.0,Call,-,-,-,-,17750.0,-,-,0,0,0,0,17680,17980,-,-
TXO,202612,20261216.0,27800.0,Put,100,100,100,100,107.0,▲+1,▲+1.01%,0,1,1,3,1,196,1550,100
TXO,202612,20261216.0,28000.0,Call,-,-,-,-,17560.0,-,-,0,0,0,0,17490,17780,-,-
TXO,202612,20261216.0,28000.0,Put,-,-,-,-,112.0,-,-,0,0,0,20,20,198,1680,131
TXO,202612,20261216.0,28200.0,Call,-,-,-,-,17360.0,-,-,0,0,0,0,17290,17590,-,-
TXO,202612,20261216.0,28200.0,Put,-,-,-,-,115.0,-,-,0,0,0,9,1.1,201,1820,120
TXO,202612,20261216.0,28400.0,Call,-,-,-,-,17170.0,-,-,0,0,0,0,17100,17330,-,-
TXO,202612,20261216.0,28400.0,Put,-,-,-,-,119.0,-,-,0,0,0,5,1.5,204,1400,123
TXO,202612,20261216.0,28600.0,Call,-,-,-,-,16970.0,-,-,0,0,0,0,16900,17200,-,-
TXO,202612,20261216.0,28600.0,Put,-,-,-,-,122.0,-,-,0,0,0,5,1.6,240,1500,138
TXO,202612,20261216.0,28800.0,Call,-,-,-,-,16780.0,-,-,0,0,0,0,16710,17000,-,-
TXO,202612,20261216.0,28800.0,Put,-,-,-,-,126.0,-,-,0,0,0,7,1.6,244,1550,305
TXO,202612,20261216.0,29000.0,Call,-,-,-,-,16580.0,-,-,0,0,0,0,16510,16770,-,-
TXO,202612,20261216.0,29000.0,Put,-,-,-,-,130.0,-,-,0,0,0,4,99,132,1860,119
TXO,202612,20261216.0,29200.0,Call,-,-,-,-,16390.0,-,-,0,0,0,0,16320,16540,-,-
TXO,202612,20261216.0,29200.0,Put,-,-,-,-,134.0,-,-,0,0,0,3,1.6,251,1860,260
TXO,202612,20261216.0,29400.0,Call,-,-,-,-,16190.0,-,-,0,0,0,0,16120,16340,-,-
TXO,202612,20261216.0,29400.0,Put,-,-,-,-,138.0,-,-,0,0,0,2,1.6,-,1700,146
TXO,202612,20261216.0,29600.0,Call,-,-,-,-,16000.0,-,-,0,0,0,0,15940,16180,-,-
TXO,202612,20261216.0,29600.0,Put,-,-,-,-,142.0,-,-,0,0,0,1,1.7,240,1650,241
TXO,202612,20261216.0,29800.0,Call,-,-,-,-,15810.0,-,-,0,0,0,0,15740,15980,11600,5120
TXO,202612,20261216.0,29800.0,Put,-,-,-,-,146.0,-,-,0,0,0,3,1.7,-,1700,128
TXO,202612,20261216.0,30000.0,Call,-,-,-,-,15610.0,-,-,0,0,0,0,15540,15790,11910,4660
TXO,202612,20261216.0,30000.0,Put,140,140,140,140,151.0,▲+2,▲+1.45%,2,2,4,54,1.8,260,1880,130
TXO,202612,20261216.0,30200.0,Call,-,-,-,-,15420.0,-,-,0,0,0,0,15350,15560,14870,4700
TXO,202612,20261216.0,30200.0,Put,-,-,-,-,156.0,-,-,0,0,0,3,1.8,253,715,200
TXO,202612,20261216.0,30400.0,Call,-,-,-,-,15230.0,-,-,0,0,0,0,15160,15400,-,-
TXO,202612,20261216.0,30400.0,Put,-,-,-,-,162.0,-,-,0,0,0,10,1.8,276,510,194
TXO,202612,20261216.0,30600.0,Call,-,-,-,-,15030.0,-,-,0,0,0,0,14960,15200,-,-
TXO,202612,20261216.0,30600.0,Put,-,-,-,-,168.0,-,-,0,0,0,4,1.9,281,2010,174
TXO,202612,20261216.0,30800.0,Call,-,-,-,-,14840.0,-,-,0,0,0,0,14780,15020,-,-
TXO,202612,20261216.0,30800.0,Put,-,-,-,-,174.0,-,-,0,0,0,25,1.9,286,2700,550
TXO,202612,20261216.0,31000.0,Call,-,-,-,-,14650.0,-,-,0,0,0,0,14580,14840,-,-
TXO,202612,20261216.0,31000.0,Put,170,170,170,170,180.0,▲+7,▲+4.29%,0,2,2,57,2,294,1220,170
TXO,202612,20261216.0,31200.0,Call,-,-,-,-,14460.0,-,-,0,0,0,0,14390,14630,4700,3750
TXO,202612,20261216.0,31200.0,Put,-,-,-,-,187.0,-,-,0,0,0,0,2,-,730,675
TXO,202612,20261216.0,31400.0,Call,-,-,-,-,14260.0,-,-,0,0,0,0,14200,14400,-,-
TXO,202612,20261216.0,31400.0,Put,-,-,-,-,194.0,-,-,0,0,0,1,82,-,198,198
TXO,202612,20261216.0,31600.0,Call,-,-,-,-,14070.0,-,-,0,0,0,0,14000,14240,7950,5480
TXO,202612,20261216.0,31600.0,Put,-,-,-,-,201.0,-,-,0,0,0,5,82,325,1870,510
TXO,202612,20261216.0,31800.0,Call,-,-,-,-,13880.0,-,-,0,0,0,0,13810,14050,10560,5580
TXO,202612,20261216.0,31800.0,Put,196,196,196,196,209.0,▲+8,▲+4.26%,0,1,1,1,82,-,200,196
TXO,202612,20261216.0,32000.0,Call,-,-,-,-,13690.0,-,-,0,0,0,0,13620,13860,9600,3560
TXO,202612,20261216.0,32000.0,Put,-,-,-,-,212.0,-,-,0,0,0,4,89,220,3270,305
TXO,202612,20261216.0,32200.0,Call,-,-,-,-,13500.0,-,-,0,0,0,0,13430,13660,-,-
TXO,202612,20261216.0,32200.0,Put,-,-,-,-,226.0,-,-,0,0,0,3,193,310,3130,430
TXO,202612,20261216.0,32400.0,Call,-,-,-,-,13310.0,-,-,0,0,0,0,13240,13470,11650,3460
TXO,202612,20261216.0,32400.0,Put,-,-,-,-,235.0,-,-,0,0,0,4,104,374,3250,545
TXO,202612,20261216.0,32600.0,Call,-,-,-,-,13120.0,-,-,0,0,0,0,13050,13280,-,-
TXO,202612,20261216.0,32600.0,Put,-,-,-,-,244.0,-,-,0,0,0,15,112,386,1160,560
TXO,202612,20261216.0,32800.0,Call,-,-,-,-,12930.0,-,-,0,0,0,0,12860,13090,-,-
TXO,202612,20261216.0,32800.0,Put,-,-,-,-,255.0,-,-,0,0,0,6,121,-,1920,257
TXO,202612,20261216.0,33000.0,Call,-,-,-,-,12740.0,-,-,0,0,0,0,12670,12900,13520,3000
TXO,202612,20261216.0,33000.0,Put,234,248,234,248,265.0,▲+12,▲+5.08%,0,8,8,27,127,355,3280,234
TXO,202612,20261216.0,33200.0,Call,-,-,-,-,12560.0,-,-,0,0,0,0,12480,12710,4180,3280
TXO,202612,20261216.0,33200.0,Put,-,-,-,-,276.0,-,-,0,0,0,0,137,-,780,540
TXO,202612,20261216.0,33400.0,Call,-,-,-,-,12370.0,-,-,0,0,0,0,12300,12480,10800,2780
TXO,202612,20261216.0,33400.0,Put,-,-,-,-,288.0,-,-,0,0,0,2,146,-,3450,500
TXO,202612,20261216.0,33600.0,Call,-,-,-,-,12180.0,-,-,0,0,0,0,12110,12330,10850,2640
TXO,202612,20261216.0,33600.0,Put,-,-,-,-,292.0,-,-,0,0,0,3,161,300,4010,580
TXO,202612,20261216.0,33800.0,Call,-,-,-,-,12000.0,-,-,0,0,0,0,11930,12100,-,-
TXO,202612,20261216.0,33800.0,Put,-,-,-,-,310.0,-,-,0,0,0,0,168,-,1670,995
TXO,202612,20261216.0,34000.0,Call,-,-,-,-,11800.0,-,-,0,0,0,0,11740,11920,12700,3130
TXO,202612,20261216.0,34000.0,Put,278,316,278,312,312.0,▲+24,▲+8.33%,10,26,36,53,178,324,3620,270
TXO,202612,20261216.0,34200.0,Call,-,-,-,-,11620.0,-,-,0,0,0,0,11560,11770,8850,5200
TXO,202612,20261216.0,34200.0,Put,-,-,-,-,337.0,-,-,0,0,0,1,190,-,1780,620
TXO,202612,20261216.0,34400.0,Call,-,-,-,-,11440.0,-,-,0,0,0,0,11370,11550,-,-
TXO,202612,20261216.0,34400.0,Put,-,-,-,-,352.0,-,-,0,0,0,2,203,480,2600,438
TXO,202612,20261216.0,34600.0,Call,-,-,-,-,11260.0,-,-,0,0,0,0,11190,11400,-,-
TXO,202612,20261216.0,34600.0,Put,-,-,-,-,367.0,-,-,0,0,0,4,215,492,2670,680
TXO,202612,20261216.0,34800.0,Call,-,-,-,-,11080.0,-,-,0,0,0,0,11010,11180,4830,3240
TXO,202612,20261216.0,34800.0,Put,-,-,-,-,384.0,-,-,0,0,0,0,229,-,3120,3040
TXO,202612,20261216.0,35000.0,Call,-,-,-,-,10890.0,-,-,0,0,0,0,10830,10990,12910,2200
TXO,202612,20261216.0,35000.0,Put,345,345,345,345,402.0,▼-10,▼-2.82%,7,1,8,23,244,-,2100,314
TXO,202612,20261216.0,35200.0,Call,-,-,-,-,10710.0,-,-,0,0,0,0,10640,10810,4590,3370
TXO,202612,20261216.0,35200.0,Put,-,-,-,-,420.0,-,-,0,0,0,2,258,525,3000,400
TXO,202612,20261216.0,35400.0,Call,-,-,-,-,10530.0,-,-,0,0,0,0,10460,10660,9450,3340
TXO,202612,20261216.0,35400.0,Put,-,-,-,-,438.0,-,-,0,0,0,0,273,-,1300,590
TXO,202612,20261216.0,35600.0,Call,-,-,-,-,10350.0,-,-,0,0,0,0,10280,10450,12870,2380
TXO,202612,20261216.0,35600.0,Put,-,-,-,-,457.0,-,-,0,0,0,1,290,545,4020,428
TXO,202612,20261216.0,35800.0,Call,-,-,-,-,10170.0,-,-,0,0,0,0,10100,10270,7020,6410
TXO,202612,20261216.0,35800.0,Put,-,-,-,-,476.0,-,-,0,0,0,1,308,-,2000,1020
TXO,202612,20261216.0,36000.0,Call,-,-,-,-,10000.0,-,-,0,0,0,1,9930,10150,8050,1950
TXO,202612,20261216.0,36000.0,Put,438,438,438,438,500.0,▼-1,▼-0.23%,0,1,1,37,327,-,3300,438
TXO,202612,20261216.0,36200.0,Call,-,-,-,-,9810.0,-,-,0,0,0,0,9750,9910,7130,1470
TXO,202612,20261216.0,36200.0,Put,-,-,-,-,510.0,-,-,0,0,0,0,344,-,-,-
TXO,202612,20261216.0,36400.0,Call,-,-,-,-,9640.0,-,-,0,0,0,0,9570,9740,10490,1390
TXO,202612,20261216.0,36400.0,Put,-,-,-,-,540.0,-,-,0,0,0,1,364,-,2020,1450
TXO,202612,20261216.0,36600.0,Call,-,-,-,-,9470.0,-,-,0,0,0,0,9400,9560,6880,1320
TXO,202612,20261216.0,36600.0,Put,-,-,-,-,565.0,-,-,0,0,0,5,388,650,2130,670
TXO,202612,20261216.0,36800.0,Call,-,-,-,-,9300.0,-,-,0,0,0,0,9220,9380,11890,1260
TXO,202612,20261216.0,36800.0,Put,-,-,-,-,595.0,-,-,0,0,0,50,487,680,2670,500
TXO,202612,20261216.0,37000.0,Call,-,-,-,-,9130.0,-,-,0,0,0,4,9050,9190,12020,1350
TXO,202612,20261216.0,37000.0,Put,560,560,560,560,625.0,▲+20,▲+3.70%,0,1,1,52,510,685,3150,515
TXO,202612,20261216.0,37200.0,Call,-,-,-,-,8950.0,-,-,0,0,0,0,8880,9060,9030,1740
TXO,202612,20261216.0,37200.0,Put,-,-,-,-,645.0,-,-,0,0,0,9,535,730,1070,595
TXO,202612,20261216.0,37400.0,Call,-,-,-,-,8780.0,-,-,0,0,0,0,8710,8890,10760,1280
TXO,202612,20261216.0,37400.0,Put,-,-,-,-,670.0,-,-,0,0,0,11,555,750,1540,620
TXO,202612,20261216.0,37600.0,Call,-,-,-,-,8610.0,-,-,0,0,0,2,8540,8700,1260,1260
TXO,202612,20261216.0,37600.0,Put,-,-,-,-,700.0,-,-,0,0,0,6,580,775,2950,645
TXO,202612,20261216.0,37800.0,Call,-,-,-,-,8450.0,-,-,0,0,0,1,8370,8530,11540,1240
TXO,202612,20261216.0,37800.0,Put,-,-,-,-,740.0,-,-,0,0,0,15,615,810,2900,670
TXO,202612,20261216.0,38000.0,Call,-,-,-,-,8290.0,-,-,0,0,0,18,8210,8360,8700,1230
TXO,202612,20261216.0,38000.0,Put,690,690,690,690,780.0,▲+20,▲+2.99%,0,2,2,106,635,825,3430,640
TXO,202612,20261216.0,38200.0,Call,-,-,-,-,8110.0,-,-,0,0,0,0,8040,8210,7280,1200
TXO,202612,20261216.0,38200.0,Put,-,-,-,-,795.0,-,-,0,0,0,26,675,890,1900,720
TXO,202612,20261216.0,38400.0,Call,-,-,-,-,7950.0,-,-,0,0,0,0,7880,8020,7140,1270
TXO,202612,20261216.0,38400.0,Put,-,-,-,-,830.0,-,-,0,0,0,0,2.3,-,-,-
TXO,202612,20261216.0,38600.0,Call,-,-,-,-,7780.0,-,-,0,0,0,3,7710,7850,10540,1080
TXO,202612,20261216.0,38600.0,Put,-,-,-,-,870.0,-,-,0,0,0,7,2.3,960,3100,795
TXO,202612,20261216.0,38800.0,Call,-,-,-,-,7620.0,-,-,0,0,0,0,7550,7720,10770,775
TXO,202612,20261216.0,38800.0,Put,-,-,-,-,910.0,-,-,0,0,0,6,2.3,975,1510,870
TXO,202612,20261216.0,39000.0,Call,-,-,-,-,7460.0,-,-,0,0,0,4,7380,7520,9290,1100
TXO,202612,20261216.0,39000.0,Put,-,-,-,-,945.0,-,-,0,0,0,124,805,-,3690,900
TXO,202612,20261216.0,39200.0,Call,-,-,-,-,7300.0,-,-,0,0,0,0,7220,7370,10280,1290
TXO,202612,20261216.0,39200.0,Put,-,-,-,-,985.0,-,-,0,0,0,0,2.3,-,3680,1930
TXO,202612,20261216.0,39400.0,Call,-,-,-,-,7140.0,-,-,0,0,0,0,7070,7210,11070,1300
TXO,202612,20261216.0,39400.0,Put,-,-,-,-,1020.0,-,-,0,0,0,0,2.3,-,3380,3130
TXO,202612,20261216.0,39600.0,Call,-,-,-,-,6990.0,-,-,0,0,0,0,6910,7050,11070,750
TXO,202612,20261216.0,39600.0,Put,-,-,-,-,1070.0,-,-,0,0,0,3,940,-,3660,905
TXO,202612,20261216.0,39800.0,Call,-,-,-,-,6830.0,-,-,0,0,0,0,6760,6910,11350,1250
TXO,202612,20261216.0,39800.0,Put,1010,1010,1010,1010,1110.0,▲+45,▲+4.66%,0,7,7,8,2.3,1170,4080,1010
TXO,202612,20261216.0,40000.0,Call,-,-,-,-,6690.0,-,-,0,0,0,12,6600,6760,9010,705
TXO,202612,20261216.0,40000.0,Put,-,-,-,-,1160.0,-,-,1,0,1,108,980,-,3960,910
TXO,202612,20261216.0,40200.0,Call,-,-,-,-,6530.0,-,-,0,0,0,0,6450,6610,6970,2200
TXO,202612,20261216.0,40200.0,Put,-,-,-,-,1200.0,-,-,0,0,0,1,1060,-,3430,990
TXO,202612,20261216.0,40400.0,Call,-,-,-,-,6370.0,-,-,0,0,0,1,6300,6450,8140,695
TXO,202612,20261216.0,40400.0,Put,-,-,-,-,1250.0,-,-,0,0,0,0,2.3,-,2820,2700
TXO,202612,20261216.0,40600.0,Call,-,-,-,-,6230.0,-,-,0,0,0,0,6150,6280,6630,740
TXO,202612,20261216.0,40600.0,Put,-,-,-,-,1300.0,-,-,0,0,0,1,2.3,-,2750,1930
TXO,202612,20261216.0,40800.0,Call,-,-,-,-,6090.0,-,-,0,0,0,16,6000,6140,9640,1410
TXO,202612,20261216.0,40800.0,Put,-,-,-,-,1360.0,-,-,0,0,0,300,1220,-,3980,1140
TXO,202612,20261216.0,41000.0,Call,-,-,-,-,5940.0,-,-,0,0,0,5,5850,6010,9160,675
TXO,202612,20261216.0,41000.0,Put,1280,1280,1280,1280,1410.0,▲+60,▲+4.92%,0,1,1,50,2.3,1420,4390,1280
TXO,202612,20261216.0,41200.0,Call,-,-,-,-,5800.0,-,-,0,0,0,0,5700,5870,5620,3150
TXO,202612,20261216.0,41200.0,Put,-,-,-,-,1470.0,-,-,0,0,0,3,2.3,1520,4410,2050
TXO,202612,20261216.0,41400.0,Call,-,-,-,-,5650.0,-,-,0,0,0,30,5580,5720,10000,360
TXO,202612,20261216.0,41400.0,Put,-,-,-,-,1520.0,-,-,0,0,0,1,-,1600,4540,1870
TXO,202612,20261216.0,41600.0,Call,-,-,-,-,5510.0,-,-,0,0,0,11,5440,5580,6550,1450
TXO,202612,20261216.0,41600.0,Put,-,-,-,-,1580.0,-,-,0,0,0,2,1420,-,4290,2020
TXO,202612,20261216.0,41800.0,Call,-,-,-,-,5370.0,-,-,0,0,0,15,5300,5440,8490,710
TXO,202612,20261216.0,41800.0,Put,-,-,-,-,1630.0,-,-,0,0,0,0,-,-,4390,2000
TXO,202612,20261216.0,42000.0,Call,-,-,-,-,5240.0,-,-,0,0,0,71,5160,5300,8720,800
TXO,202612,20261216.0,42000.0,Put,-,-,-,-,1700.0,-,-,2,0,2,109,1540,-,4950,1400
TXO,202612,20261216.0,42200.0,Call,-,-,-,-,5100.0,-,-,0,0,0,1,5010,5140,8040,1500
TXO,202612,20261216.0,42200.0,Put,-,-,-,-,1760.0,-,-,0,0,0,100,1590,-,3610,1660
TXO,202612,20261216.0,42400.0,Call,-,-,-,-,4960.0,-,-,0,0,0,0,4870,5010,5850,1260
TXO,202612,20261216.0,42400.0,Put,-,-,-,-,1820.0,-,-,0,0,0,1,-,1890,4790,2030
TXO,202612,20261216.0,42600.0,Call,-,-,-,-,4840.0,-,-,0,0,0,2,4740,4880,7280,965
TXO,202612,20261216.0,42600.0,Put,-,-,-,-,1890.0,-,-,0,0,0,0,-,-,4770,3040
TXO,202612,20261216.0,42800.0,Call,-,-,-,-,4710.0,-,-,0,0,0,1,4610,4750,4950,2510
TXO,202612,20261216.0,42800.0,Put,-,-,-,-,1960.0,-,-,0,0,0,0,-,-,-,-
TXO,202612,20261216.0,43000.0,Call,-,-,-,-,4580.0,-,-,0,0,0,62,4480,4640,9700,1130
TXO,202612,20261216.0,43000.0,Put,-,-,-,-,2040.0,-,-,0,0,0,72,1910,6350,5020,1850
TXO,202612,20261216.0,43200.0,Call,-,-,-,-,4450.0,-,-,0,0,0,0,4360,4510,4670,1400
TXO,202612,20261216.0,43200.0,Put,-,-,-,-,2110.0,-,-,0,0,0,0,-,-,-,-
TXO,202612,20261216.0,43400.0,Call,-,-,-,-,4330.0,-,-,0,0,0,0,4230,4390,7410,4950
TXO,202612,20261216.0,43400.0,Put,2010,2010,2010,2010,2190.0,▲+100,▲+5.24%,0,1,1,1,-,2250,5280,2010
TXO,202612,20261216.0,43600.0,Call,-,-,-,-,4200.0,-,-,0,0,0,1,4110,4250,5510,950
TXO,202612,20261216.0,43600.0,Put,2020,2050,2020,2050,2260.0,▲+90,▲+4.59%,0,2,2,0,-,-,4780,1960
TXO,202612,20261216.0,43800.0,Call,-,-,-,-,4090.0,-,-,0,0,0,1,3990,4150,8340,1020
TXO,202612,20261216.0,43800.0,Put,-,-,-,-,2340.0,-,-,0,0,0,1,-,2400,4460,4460
TXO,202612,20261216.0,44000.0,Call,-,-,-,-,3970.0,-,-,0,0,0,4,3870,4030,8350,2260
TXO,202612,20261216.0,44000.0,Put,-,-,-,-,2420.0,-,-,0,0,0,101,2300,-,4770,2200
TXO,202612,20261216.0,44200.0,Call,-,-,-,-,3850.0,-,-,0,0,0,2,3750,3890,5630,600
TXO,202612,20261216.0,44200.0,Put,-,-,-,-,2500.0,-,-,0,0,0,61,-,2570,4890,3160
TXO,202612,20261216.0,44400.0,Call,-,-,-,-,3740.0,-,-,0,0,0,1,3640,3800,6730,930
TXO,202612,20261216.0,44400.0,Put,-,-,-,-,2590.0,-,-,0,0,0,100,2390,-,4660,3660
TXO,202612,20261216.0,44600.0,Call,3760,3760,3750,3750,3630.0,▼-380,▼-9.20%,0,2,2,12,3490,-,5770,890
TXO,202612,20261216.0,44600.0,Put,-,-,-,-,2670.0,-,-,0,0,0,3,-,2720,6030,2330
TXO,202612,20261216.0,44800.0,Call,-,-,-,-,3510.0,-,-,0,0,0,1,-,3610,2320,2320
TXO,202612,20261216.0,44800.0,Put,-,-,-,-,2760.0,-,-,0,0,0,1,2560,-,5600,3560
TXO,202612,20261216.0,45000.0,Call,-,-,-,-,3410.0,-,-,0,0,0,2,3310,-,6790,2600
TXO,202612,20261216.0,45000.0,Put,-,-,-,-,2850.0,-,-,0,0,0,101,2720,-,6200,2600
TXO,202612,20261216.0,45200.0,Call,-,-,-,-,3300.0,-,-,0,0,0,1,-,3380,6620,925
TXO,202612,20261216.0,45200.0,Put,-,-,-,-,2940.0,-,-,0,0,0,0,-,-,6690,4500
TXO,202612,20261216.0,45400.0,Call,-,-,-,-,3200.0,-,-,0,0,0,3,3070,-,6500,2250
TXO,202612,20261216.0,45400.0,Put,-,-,-,-,3040.0,-,-,0,0,0,0,-,-,6540,3220
TXO,202612,20261216.0,45600.0,Call,-,-,-,-,3080.0,-,-,0,0,0,3,3000,-,6160,1070
TXO,202612,20261216.0,45600.0,Put,-,-,-,-,3120.0,-,-,0,0,0,0,-,-,7000,3920
TXO,202612,20261216.0,45800.0,Call,-,-,-,-,2970.0,-,-,0,0,0,1,-,3070,3070,1980
TXO,202612,20261216.0,45800.0,Put,-,-,-,-,3210.0,-,-,0,0,0,0,-,-,-,-
TXO,202612,20261216.0,46000.0,Call,3000,3000,3000,3000,2880.0,▼-350,▼-10.45%,0,1,1,230,2800,-,5560,1640
TXO,202612,20261216.0,46000.0,Put,-,-,-,-,3320.0,-,-,0,0,0,190,3200,-,7060,3750
TXO,202612,20261216.0,46200.0,Call,-,-,-,-,2790.0,-,-,0,0,0,0,-,-,2620,2450
TXO,202612,20261216.0,46200.0,Put,-,-,-,-,3420.0,-,-,0,0,0,1,-,3510,7260,4400
TXO,202612,20261216.0,46400.0,Call,-,-,-,-,2690.0,-,-,0,0,0,3,-,2780,5700,1560
TXO,202612,20261216.0,46400.0,Put,-,-,-,-,3520.0,-,-,0,0,0,0,-,-,5970,5150
TXO,202612,20261216.0,46600.0,Call,-,-,-,-,2610.0,-,-,0,0,0,51,-,2690,6500,1500
TXO,202612,20261216.0,46600.0,Put,-,-,-,-,3640.0,-,-,0,0,0,0,3540,3680,-,-
TXO,202612,20261216.0,46800.0,Call,-,-,-,-,2510.0,-,-,0,0,0,11,-,2650,5870,1500
TXO,202612,20261216.0,46800.0,Put,-,-,-,-,3740.0,-,-,0,0,0,2,3650,3800,7770,7490
TXO,202612,20261216.0,47000.0,Call,2700,2700,2470,2490,2430.0,▼-320,▼-11.39%,0,130,130,166,-,2580,6430,1420
TXO,202612,20261216.0,47000.0,Put,-,-,-,-,3860.0,-,-,0,0,0,8,3780,3920,7620,3470
TXO,202612,20261216.0,47200.0,Call,-,-,-,-,2340.0,-,-,0,0,0,61,-,2480,4830,2100
TXO,202612,20261216.0,47200.0,Put,-,-,-,-,3970.0,-,-,0,0,0,0,3870,4030,-,-
TXO,202612,20261216.0,47400.0,Call,-,-,-,-,2260.0,-,-,0,0,0,62,-,2400,5670,2070
TXO,202612,20261216.0,47400.0,Put,-,-,-,-,4090.0,-,-,0,0,0,0,4010,4150,6210,3550
TXO,202612,20261216.0,47600.0,Call,-,-,-,-,2190.0,-,-,0,0,0,48,550,2310,5180,1100
TXO,202612,20261216.0,47600.0,Put,-,-,-,-,4210.0,-,-,0,0,0,0,4130,4270,6310,4920
TXO,202612,20261216.0,47800.0,Call,-,-,-,-,2110.0,-,-,0,0,0,9,-,2250,5050,1290
TXO,202612,20261216.0,47800.0,Put,-,-,-,-,4340.0,-,-,0,0,0,2,4240,4390,5750,4890
TXO,202612,20261216.0,48000.0,Call,2180,2180,2030,2030,2030.0,▼-360,▼-15.06%,0,9,9,51,2000,-,5100,1330
TXO,202612,20261216.0,48000.0,Put,-,-,-,-,4470.0,-,-,0,0,0,5,4350,4510,8030,4940
TXO,202612,20261216.0,48200.0,Call,-,-,-,-,1940.0,-,-,0,0,0,1,-,2060,3960,2250
TXO,202612,20261216.0,48200.0,Put,-,-,-,-,4570.0,-,-,0,0,0,1,4470,4630,5860,5860
TXO,202612,20261216.0,48400.0,Call,-,-,-,-,1870.0,-,-,0,0,0,1,-,1980,5700,1570
TXO,202612,20261216.0,48400.0,Put,-,-,-,-,4700.0,-,-,0,0,0,4,4610,4760,5920,5910
TXO,202612,20261216.0,48600.0,Call,-,-,-,-,1790.0,-,-,0,0,0,0,-,-,4880,3450
TXO,202612,20261216.0,48600.0,Put,-,-,-,-,4810.0,-,-,0,0,0,0,4730,4890,6090,4600
TXO,202612,20261216.0,48800.0,Call,-,-,-,-,1730.0,-,-,0,0,0,0,-,-,-,-
TXO,202612,20261216.0,48800.0,Put,-,-,-,-,4950.0,-,-,0,0,0,1,4880,5020,8920,4350
TXO,202612,20261216.0,49000.0,Call,-,-,-,-,1660.0,-,-,0,0,0,11,1580,-,5280,1070
TXO,202612,20261216.0,49000.0,Put,-,-,-,-,5080.0,-,-,0,0,0,5,5000,5150,6900,4800
TXO,202612,20261216.0,49200.0,Call,-,-,-,-,1590.0,-,-,0,0,0,16,-,1700,4080,1100
TXO,202612,20261216.0,49200.0,Put,-,-,-,-,5210.0,-,-,0,0,0,1,5120,5280,4800,4800
TXO,202612,20261216.0,49400.0,Call,-,-,-,-,1530.0,-,-,0,0,0,5,-,1650,3760,1490
TXO,202612,20261216.0,49400.0,Put,-,-,-,-,5350.0,-,-,0,0,0,3,5270,5400,8650,4900
TXO,202612,20261216.0,49600.0,Call,-,-,-,-,1480.0,-,-,0,0,0,10,1380,-,4800,1160
TXO,202612,20261216.0,49600.0,Put,-,-,-,-,5490.0,-,-,0,0,0,0,5410,5540,6900,5500
TXO,202612,20261216.0,49800.0,Call,-,-,-,-,1420.0,-,-,0,0,0,1,1310,-,2780,960
TXO,202612,20261216.0,49800.0,Put,-,-,-,-,5640.0,-,-,0,0,0,0,5550,5700,-,-
TXO,202612,20261216.0,50000.0,Call,1500,1500,1380,1380,1380.0,▼-240,▼-14.81%,4,11,15,41,1350,-,5000,920
TXO,202612,20261216.0,50000.0,Put,-,-,-,-,5780.0,-,-,0,0,0,4,5690,5840,9900,9660
TXO,202612,20261216.0,50200.0,Call,-,-,-,-,1320.0,-,-,0,0,0,5,-,1420,4800,945
TXO,202612,20261216.0,50200.0,Put,-,-,-,-,5930.0,-,-,0,0,0,2,5830,5980,5420,5400
TXO,202612,20261216.0,50400.0,Call,1330,1330,1300,1300,1260.0,▼-200,▼-13.33%,0,21,21,27,1240,-,5200,840
TXO,202612,20261216.0,50400.0,Put,-,-,-,-,6070.0,-,-,0,0,0,4,5970,6110,9460,5540
TXO,202612,20261216.0,50600.0,Call,1240,1240,1240,1240,1190.0,▼-200,▼-13.89%,0,1,1,1,-,1350,3640,1240
TXO,202612,20261216.0,50600.0,Put,-,-,-,-,6200.0,-,-,0,0,0,2,6140,6270,5690,5670
TXO,202612,20261216.0,50800.0,Call,1220,1220,1220,1220,1140.0,▼-160,▼-11.59%,0,1,1,13,-,1260,3620,955
TXO,202612,20261216.0,50800.0,Put,-,-,-,-,6350.0,-,-,0,0,0,0,6280,6420,-,-
TXO,202612,20261216.0,51000.0,Call,1120,1120,1110,1110,1110.0,▼-220,▼-16.54%,0,2,2,10,990,-,4420,1110
TXO,202612,20261216.0,51000.0,Put,-,-,-,-,6500.0,-,-,0,0,0,0,6440,6570,-,-
TXO,202612,20261216.0,51200.0,Call,-,-,-,-,1050.0,-,-,0,0,0,0,2.3,-,-,-
TXO,202612,20261216.0,51200.0,Put,-,-,-,-,6660.0,-,-,0,0,0,0,6590,6730,-,-
TXO,202612,20261216.0,51400.0,Call,1050,1050,1030,1030,1000.0,▼-190,▼-15.57%,0,2,2,3,2.3,1120,1950,1030
TXO,202612,20261216.0,51400.0,Put,-,-,-,-,6800.0,-,-,0,0,0,0,6720,6880,-,-
TXO,202612,20261216.0,51600.0,Call,-,-,-,-,960.0,-,-,0,0,0,0,2.3,-,3280,2950
TXO,202612,20261216.0,51600.0,Put,-,-,-,-,6960.0,-,-,0,0,0,0,6900,7030,-,-
TXO,202612,20261216.0,51800.0,Call,-,-,-,-,920.0,-,-,0,0,0,6,2.3,1080,2550,2050
TXO,202612,20261216.0,51800.0,Put,-,-,-,-,7120.0,-,-,0,0,0,0,7060,7200,-,-
TXO,202612,20261216.0,52000.0,Call,940,940,940,940,880.0,▼-110,▼-10.48%,0,5,5,8,2.3,1040,3380,800
TXO,202612,20261216.0,52000.0,Put,-,-,-,-,7280.0,-,-,0,0,0,0,7220,7360,-,-
TXO,202612,20261216.0,52200.0,Call,-,-,-,-,840.0,-,-,0,0,0,0,2.3,-,1150,800
TXO,202612,20261216.0,52200.0,Put,-,-,-,-,7440.0,-,-,0,0,0,0,7380,7520,-,-
TXO,202612,20261216.0,52400.0,Call,-,-,-,-,805.0,-,-,0,0,0,15,705,-,3950,1020
TXO,202612,20261216.0,52400.0,Put,-,-,-,-,7600.0,-,-,0,0,0,0,7540,7680,8790,6780
TXO,202612,20261216.0,52600.0,Call,-,-,-,-,770.0,-,-,0,0,0,2,690,930,1820,690
TXO,202612,20261216.0,52600.0,Put,-,-,-,-,7770.0,-,-,0,0,0,0,7700,7850,-,-
TXO,202612,20261216.0,52800.0,Call,-,-,-,-,735.0,-,-,0,0,0,1,655,-,2770,980
TXO,202612,20261216.0,52800.0,Put,-,-,-,-,7930.0,-,-,0,0,0,0,7870,8020,-,-
TXO,202612,20261216.0,53000.0,Call,720,720,720,720,720.0,▼-140,▼-16.28%,2,1,3,18,615,850,2970,720
TXO,202612,20261216.0,53000.0,Put,-,-,-,-,8100.0,-,-,0,0,0,0,8010,8180,-,-
TXO,202612,20261216.0,53200.0,Call,725,725,725,725,670.0,▼-100,▼-12.12%,0,1,1,13,580,-,3950,725
TXO,202612,20261216.0,53200.0,Put,-,-,-,-,8260.0,-,-,0,0,0,0,8180,8350,-,-
TXO,202612,20261216.0,53400.0,Call,-,-,-,-,640.0,-,-,0,0,0,4,535,-,2870,895
TXO,202612,20261216.0,53400.0,Put,-,-,-,-,8430.0,-,-,0,0,0,0,8370,8520,-,-
TXO,202612,20261216.0,53600.0,Call,-,-,-,-,615.0,-,-,0,0,0,3,535,755,900,825
TXO,202612,20261216.0,53600.0,Put,-,-,-,-,8600.0,-,-,0,0,0,0,8540,8690,-,-
TXO,202612,20261216.0,53800.0,Call,-,-,-,-,585.0,-,-,0,0,0,3,485,-,2640,472
TXO,202612,20261216.0,53800.0,Put,-,-,-,-,8770.0,-,-,0,0,0,0,8710,8870,-,-
TXO,202612,20261216.0,54000.0,Call,600,600,590,590,560.0,▼-90,▼-13.24%,1,2,3,3,454,675,3360,590
TXO,202612,20261216.0,54000.0,Put,-,-,-,-,8940.0,-,-,0,0,0,0,8880,9040,-,-
TXO,202612,20261216.0,54200.0,Call,-,-,-,-,535.0,-,-,0,0,0,2,429,680,840,840
TXO,202612,20261216.0,54200.0,Put,-,-,-,-,9120.0,-,-,0,0,0,0,9060,9220,-,-
TXO,202612,20261216.0,54400.0,Call,-,-,-,-,510.0,-,-,0,0,0,3,435,-,2050,421
TXO,202612,20261216.0,54400.0,Put,-,-,-,-,9290.0,-,-,0,0,0,0,9230,9370,-,-
TXO,202612,20261216.0,54600.0,Call,-,-,-,-,485.0,-,-,0,0,0,1,408,-,1420,1420
TXO,202612,20261216.0,54600.0,Put,-,-,-,-,9470.0,-,-,0,0,0,0,9410,9570,-,-
TXO,202612,20261216.0,54800.0,Call,480,480,480,480,480.0,▼-85,▼-15.04%,0,1,1,10,380,640,3060,480
TXO,202612,20261216.0,54800.0,Put,-,-,-,-,9640.0,-,-,0,0,0,0,9590,9750,-,-
TXO,202612,20261216.0,55000.0,Call,480,480,480,480,443.0,▼-70,▼-12.73%,2,5,7,20,357,-,2920,372
TXO,202612,20261216.0,55000.0,Put,-,-,-,-,9820.0,-,-,0,0,0,0,9770,9910,-,-
TXO,202612,20261216.0,55200.0,Call,-,-,-,-,420.0,-,-,0,0,0,2,331,-,1980,1370
TXO,202612,20261216.0,55200.0,Put,-,-,-,-,10000.0,-,-,0,0,0,0,9940,10110,-,-
TXO,202612,20261216.0,55400.0,Call,-,-,-,-,397.0,-,-,0,0,0,5,311,580,2930,370
TXO,202612,20261216.0,55400.0,Put,-,-,-,-,10170.0,-,-,0,0,0,0,10120,10290,-,-
TXO,202612,20261216.0,55600.0,Call,-,-,-,-,382.0,-,-,0,0,0,0,293,-,2150,345
TXO,202612,20261216.0,55600.0,Put,-,-,-,-,10360.0,-,-,0,0,0,0,10310,10450,-,-
TXO,202612,20261216.0,55800.0,Call,-,-,-,-,369.0,-,-,0,0,0,18,306,540,3020,575
TXO,202612,20261216.0,55800.0,Put,-,-,-,-,10540.0,-,-,0,0,0,0,10490,10660,-,-
TXO,202612,20261216.0,56000.0,Call,380,380,380,380,353.0,▼-62,▼-14.03%,0,1,1,10,288,520,2170,380
TXO,202612,20261216.0,56000.0,Put,-,-,-,-,10730.0,-,-,0,0,0,0,10670,10840,-,-
TXO,202612,20261216.0,56200.0,Call,-,-,-,-,337.0,-,-,0,0,0,0,238,-,1900,319
TXO,202612,20261216.0,56200.0,Put,-,-,-,-,10910.0,-,-,0,0,0,0,10850,11030,-,-
TXO,202612,20261216.0,56400.0,Call,-,-,-,-,321.0,-,-,0,0,0,0,246,-,1770,290
TXO,202612,20261216.0,56400.0,Put,-,-,-,-,11090.0,-,-,0,0,0,0,11040,11210,-,-
TXO,202612,20261216.0,56600.0,Call,-,-,-,-,308.0,-,-,0,0,0,5,233,474,495,375
TXO,202612,20261216.0,56600.0,Put,-,-,-,-,11280.0,-,-,0,0,0,0,11200,11400,-,-
TXO,202612,20261216.0,56800.0,Call,-,-,-,-,295.0,-,-,0,0,0,0,216,-,1830,342
TXO,202612,20261216.0,56800.0,Put,-,-,-,-,11460.0,-,-,0,0,0,0,11410,11560,-,-
TXO,202612,20261216.0,57000.0,Call,-,-,-,-,283.0,-,-,0,0,0,4,201,420,2500,290
TXO,202612,20261216.0,57000.0,Put,-,-,-,-,11650.0,-,-,0,0,0,0,11600,11770,-,-
TXO,202612,20261216.0,57200.0,Call,-,-,-,-,272.0,-,-,0,0,0,3,152,-,1880,308
TXO,202612,20261216.0,57200.0,Put,-,-,-,-,11840.0,-,-,0,0,0,0,11780,11930,-,-
TXO,202612,20261216.0,57400.0,Call,270,280,265,268,268.0,▼-62,▼-18.79%,3,17,20,276,250,356,1870,260
TXO,202612,20261216.0,57400.0,Put,-,-,-,-,12030.0,-,-,0,0,0,0,11970,12150,-,-
TXO,202703,20270317.0,31800.0,Call,-,-,-,-,14560.0,-,-,0,0,0,0,14510,14820,-,-
TXO,202703,20270317.0,31800.0,Put,420,453,420,453,453.0,▲+38,▲+9.16%,2,3,5,61,317,463,1020,360
TXO,202703,20270317.0,32000.0,Call,-,-,-,-,14370.0,-,-,0,0,0,0,14330,14650,-,-
TXO,202703,20270317.0,32000.0,Put,-,-,-,-,465.0,-,-,0,0,0,6,333,480,1360,485
TXO,202703,20270317.0,32200.0,Call,-,-,-,-,14200.0,-,-,0,0,0,0,14150,14470,-,-
TXO,202703,20270317.0,32200.0,Put,-,-,-,-,485.0,-,-,0,0,0,0,372,-,-,-
TXO,202703,20270317.0,32400.0,Call,-,-,-,-,14010.0,-,-,0,0,0,0,13970,14280,-,-
TXO,202703,20270317.0,32400.0,Put,-,-,-,-,500.0,-,-,0,0,0,0,391,-,-,-
TXO,202703,20270317.0,32600.0,Call,-,-,-,-,13840.0,-,-,0,0,0,0,13790,14100,-,-
TXO,202703,20270317.0,32600.0,Put,-,-,-,-,520.0,-,-,0,0,0,0,377,-,-,-
TXO,202703,20270317.0,32800.0,Call,-,-,-,-,13660.0,-,-,0,0,0,0,13610,13860,-,-
TXO,202703,20270317.0,32800.0,Put,-,-,-,-,540.0,-,-,0,0,0,0,399,-,-,-
TXO,202703,20270317.0,33000.0,Call,-,-,-,-,13480.0,-,-,0,0,0,0,13430,13740,-,-
TXO,202703,20270317.0,33000.0,Put,-,-,-,-,560.0,-,-,0,0,0,0,412,-,-,-
TXO,202703,20270317.0,33200.0,Call,-,-,-,-,13310.0,-,-,0,0,0,0,13250,13560,-,-
TXO,202703,20270317.0,33200.0,Put,-,-,-,-,585.0,-,-,0,0,0,8,434,690,1690,565
TXO,202703,20270317.0,33400.0,Call,-,-,-,-,13130.0,-,-,0,0,0,0,13080,13380,-,-
TXO,202703,20270317.0,33400.0,Put,-,-,-,-,600.0,-,-,0,0,0,0,450,-,-,-
TXO,202703,20270317.0,33600.0,Call,-,-,-,-,12950.0,-,-,0,0,0,0,12900,13200,-,-
TXO,202703,20270317.0,33600.0,Put,-,-,-,-,620.0,-,-,0,0,0,1,480,740,935,570
TXO,202703,20270317.0,33800.0,Call,-,-,-,-,12780.0,-,-,0,0,0,0,12720,13030,-,-
TXO,202703,20270317.0,33800.0,Put,-,-,-,-,650.0,-,-,0,0,0,16,490,760,1850,585
TXO,202703,20270317.0,34000.0,Call,-,-,-,-,12600.0,-,-,0,0,0,0,12550,12840,-,-
TXO,202703,20270317.0,34000.0,Put,-,-,-,-,670.0,-,-,0,0,0,6,510,785,1420,685
TXO,202703,20270317.0,34200.0,Call,-,-,-,-,12430.0,-,-,0,0,0,0,12380,12670,-,-
TXO,202703,20270317.0,34200.0,Put,-,-,-,-,700.0,-,-,0,0,0,1,530,800,1390,740
TXO,202703,20270317.0,34400.0,Call,-,-,-,-,12260.0,-,-,0,0,0,0,12210,12500,-,-
TXO,202703,20270317.0,34400.0,Put,-,-,-,-,730.0,-,-,0,0,0,0,555,-,-,-
TXO,202703,20270317.0,34600.0,Call,-,-,-,-,12100.0,-,-,0,0,0,0,12030,12260,-,-
TXO,202703,20270317.0,34600.0,Put,-,-,-,-,755.0,-,-,0,0,0,0,575,-,915,830
TXO,202703,20270317.0,34800.0,Call,-,-,-,-,11910.0,-,-,0,0,0,0,11860,12090,-,-
TXO,202703,20270317.0,34800.0,Put,-,-,-,-,775.0,-,-,0,0,0,0,600,-,1000,970
TXO,202703,20270317.0,35000.0,Call,-,-,-,-,11750.0,-,-,0,0,0,0,11690,11920,-,-
TXO,202703,20270317.0,35000.0,Put,-,-,-,-,810.0,-,-,0,0,0,4,2.3,900,1600,1260
TXO,202703,20270317.0,35200.0,Call,-,-,-,-,11570.0,-,-,0,0,0,0,11520,11750,-,-
TXO,202703,20270317.0,35200.0,Put,-,-,-,-,825.0,-,-,0,0,0,0,2.3,-,-,-
TXO,202703,20270317.0,35400.0,Call,-,-,-,-,11410.0,-,-,0,0,0,0,11350,11570,-,-
TXO,202703,20270317.0,35400.0,Put,-,-,-,-,860.0,-,-,0,0,0,0,2.3,-,-,-
TXO,202703,20270317.0,35600.0,Call,-,-,-,-,11240.0,-,-,0,0,0,0,11180,11400,-,-
TXO,202703,20270317.0,35600.0,Put,-,-,-,-,890.0,-,-,0,0,0,28,785,-,2340,1140
TXO,202703,20270317.0,35800.0,Call,-,-,-,-,11080.0,-,-,0,0,0,0,11020,11240,-,-
TXO,202703,20270317.0,35800.0,Put,-,-,-,-,925.0,-,-,0,0,0,0,2.3,-,2050,860
TXO,202703,20270317.0,36000.0,Call,-,-,-,-,10900.0,-,-,0,0,0,0,10850,11100,-,-
TXO,202703,20270317.0,36000.0,Put,-,-,-,-,945.0,-,-,0,0,0,2,2.3,1050,2380,965
TXO,202703,20270317.0,36200.0,Call,-,-,-,-,10730.0,-,-,0,0,0,0,10690,10920,-,-
TXO,202703,20270317.0,36200.0,Put,-,-,-,-,975.0,-,-,0,0,0,1,810,-,2050,1070
TXO,202703,20270317.0,36400.0,Call,-,-,-,-,10570.0,-,-,0,0,0,0,10520,10770,-,-
TXO,202703,20270317.0,36400.0,Put,-,-,-,-,1010.0,-,-,0,0,0,1,2.3,1110,1800,1010
TXO,202703,20270317.0,36600.0,Call,11300,11300,11300,11300,10410.0,▲+200,▲+1.80%,0,1,1,4,10360,10660,13790,11300
TXO,202703,20270317.0,36600.0,Put,-,-,-,-,1050.0,-,-,0,0,0,15,2.3,1150,2780,1030
TXO,202703,20270317.0,36800.0,Call,-,-,-,-,10250.0,-,-,0,0,0,0,10190,10430,-,-
TXO,202703,20270317.0,36800.0,Put,-,-,-,-,1090.0,-,-,0,0,0,3,900,1180,1990,985
TXO,202703,20270317.0,37000.0,Call,-,-,-,-,10100.0,-,-,0,0,0,0,10030,10270,-,-
TXO,202703,20270317.0,37000.0,Put,1020,1070,1020,1070,1130.0,▲+40,▲+3.88%,0,2,2,7,930,1210,2340,1020
TXO,202703,20270317.0,37200.0,Call,-,-,-,-,9940.0,-,-,0,0,0,0,9870,10110,-,-
TXO,202703,20270317.0,37200.0,Put,-,-,-,-,1180.0,-,-,0,0,0,12,900,1230,1160,1120
TXO,202703,20270317.0,37400.0,Call,-,-,-,-,9790.0,-,-,0,0,0,0,9710,9940,-,-
TXO,202703,20270317.0,37400.0,Put,-,-,-,-,1220.0,-,-,0,0,0,4,900,1270,2000,1080
TXO,202703,20270317.0,37600.0,Call,-,-,-,-,9610.0,-,-,0,0,0,0,9560,9790,-,-
TXO,202703,20270317.0,37600.0,Put,-,-,-,-,1240.0,-,-,0,0,0,1,2.3,-,3020,1110
TXO,202703,20270317.0,37800.0,Call,-,-,-,-,9460.0,-,-,0,0,0,0,9400,9640,-,-
TXO,202703,20270317.0,37800.0,Put,-,-,-,-,1290.0,-,-,0,0,0,1,1150,-,1150,1150
TXO,202703,20270317.0,38000.0,Call,-,-,-,-,9310.0,-,-,0,0,0,1,9240,9480,11830,11830
TXO,202703,20270317.0,38000.0,Put,-,-,-,-,1340.0,-,-,0,0,0,2,2.3,1400,2600,1760
TXO,202703,20270317.0,38200.0,Call,-,-,-,-,9160.0,-,-,0,0,0,0,9090,9310,-,-
TXO,202703,20270317.0,38200.0,Put,-,-,-,-,1380.0,-,-,0,0,0,1,1240,-,1230,1230
TXO,202703,20270317.0,38400.0,Call,-,-,-,-,9010.0,-,-,0,0,0,0,8930,9170,-,-
TXO,202703,20270317.0,38400.0,Put,-,-,-,-,1430.0,-,-,0,0,0,1,1280,-,1270,1270
TXO,202703,20270317.0,38600.0,Call,-,-,-,-,8840.0,-,-,0,0,0,0,8800,9000,-,-
TXO,202703,20270317.0,38600.0,Put,-,-,-,-,1460.0,-,-,0,0,0,3,0.3,1550,2090,1320
TXO,202703,20270317.0,38800.0,Call,-,-,-,-,8690.0,-,-,0,0,0,0,8630,8860,-,-
TXO,202703,20270317.0,38800.0,Put,-,-,-,-,1510.0,-,-,0,0,0,1,0.3,-,2560,1360
TXO,202703,20270317.0,39000.0,Call,-,-,-,-,8550.0,-,-,0,0,0,0,8480,8660,-,-
TXO,202703,20270317.0,39000.0,Put,-,-,-,-,1560.0,-,-,0,0,0,7,0.3,1650,3400,1400
TXO,202703,20270317.0,39200.0,Call,-,-,-,-,8400.0,-,-,0,0,0,0,8350,8540,-,-
TXO,202703,20270317.0,39200.0,Put,-,-,-,-,1610.0,-,-,0,0,0,1,0.3,-,2680,1450
TXO,202703,20270317.0,39400.0,Call,-,-,-,-,8260.0,-,-,0,0,0,0,8180,8390,-,-
TXO,202703,20270317.0,39400.0,Put,-,-,-,-,1670.0,-,-,0,0,0,4,0.3,1740,2740,1500
TXO,202703,20270317.0,39600.0,Call,-,-,-,-,8120.0,-,-,0,0,0,0,8030,8210,-,-
TXO,202703,20270317.0,39600.0,Put,-,-,-,-,1720.0,-,-,0,0,0,1,0.3,-,2830,1550
TXO,202703,20270317.0,39800.0,Call,-,-,-,-,7960.0,-,-,0,0,0,0,-,8110,-,-
TXO,202703,20270317.0,39800.0,Put,-,-,-,-,1760.0,-,-,0,0,0,2,0.3,-,3000,1600
TXO,202703,20270317.0,40000.0,Call,-,-,-,-,7820.0,-,-,0,0,0,1,7740,7970,11530,6000
TXO,202703,20270317.0,40000.0,Put,1670,1670,1670,1670,1820.0,▲+10,▲+0.60%,0,1,1,36,1670,-,4200,1670
TXO,202703,20270317.0,40200.0,Call,-,-,-,-,7680.0,-,-,0,0,0,0,7600,7780,-,-
TXO,202703,20270317.0,40200.0,Put,-,-,-,-,1880.0,-,-,0,0,0,1,1740,-,2460,2460
TXO,202703,20270317.0,40400.0,Call,-,-,-,-,7540.0,-,-,0,0,0,0,-,7670,6450,5300
TXO,202703,20270317.0,40400.0,Put,-,-,-,-,1940.0,-,-,0,0,0,1,1760,-,1760,1760
TXO,202703,20270317.0,40600.0,Call,-,-,-,-,7400.0,-,-,0,0,0,0,-,7520,6950,5530
TXO,202703,20270317.0,40600.0,Put,-,-,-,-,2000.0,-,-,0,0,0,0,0.3,-,-,-
TXO,202703,20270317.0,40800.0,Call,-,-,-,-,7270.0,-,-,0,0,0,0,7180,7350,-,-
TXO,202703,20270317.0,40800.0,Put,-,-,-,-,2060.0,-,-,0,0,0,1,1870,-,4650,4650
TXO,202703,20270317.0,41000.0,Call,-,-,-,-,7130.0,-,-,0,0,0,0,7060,7250,8000,5380
TXO,202703,20270317.0,41000.0,Put,-,-,-,-,2120.0,-,-,0,0,0,1,1940,-,4540,3040
TXO,202703,20270317.0,41200.0,Call,-,-,-,-,7000.0,-,-,0,0,0,0,6900,7070,-,-
TXO,202703,20270317.0,41200.0,Put,-,-,-,-,2180.0,-,-,0,0,0,1,0.3,-,3000,1990
TXO,202703,20270317.0,41400.0,Call,-,-,-,-,6860.0,-,-,0,0,0,0,6770,6930,-,-
TXO,202703,20270317.0,41400.0,Put,-,-,-,-,2240.0,-,-,0,0,0,1,2070,-,2050,2050
TXO,202703,20270317.0,41600.0,Call,-,-,-,-,6730.0,-,-,0,0,0,0,6630,6790,-,-
TXO,202703,20270317.0,41600.0,Put,-,-,-,-,2320.0,-,-,0,0,0,0,0.3,-,3390,2060
TXO,202703,20270317.0,41800.0,Call,-,-,-,-,6600.0,-,-,0,0,0,0,6520,6680,-,-
TXO,202703,20270317.0,41800.0,Put,-,-,-,-,2380.0,-,-,0,0,0,1,0.3,-,3200,2180
TXO,202703,20270317.0,42000.0,Call,6630,6630,6630,6630,6480.0,▼-390,▼-5.56%,0,1,1,1,6370,6530,11500,4800
TXO,202703,20270317.0,42000.0,Put,-,-,-,-,2460.0,-,-,0,0,0,33,2270,-,4320,2300
TXO,202703,20270317.0,42200.0,Call,-,-,-,-,6350.0,-,-,0,0,0,0,6240,6410,-,-
TXO,202703,20270317.0,42200.0,Put,-,-,-,-,2520.0,-,-,0,0,0,1,0.3,2570,2260,2260
TXO,202703,20270317.0,42400.0,Call,-,-,-,-,6220.0,-,-,0,0,0,0,6110,6270,-,-
TXO,202703,20270317.0,42400.0,Put,-,-,-,-,2600.0,-,-,0,0,0,1,2400,-,2370,2370
TXO,202703,20270317.0,42600.0,Call,-,-,-,-,6090.0,-,-,0,0,0,1,5980,6160,6610,6610
TXO,202703,20270317.0,42600.0,Put,-,-,-,-,2670.0,-,-,0,0,0,1,2470,-,2440,2440
TXO,202703,20270317.0,42800.0,Call,-,-,-,-,5960.0,-,-,0,0,0,1,5860,6020,6480,6480
TXO,202703,20270317.0,42800.0,Put,-,-,-,-,2740.0,-,-,0,0,0,1,2520,-,2510,2510
TXO,202703,20270317.0,43000.0,Call,-,-,-,-,5840.0,-,-,0,0,0,0,5730,5910,-,-
TXO,202703,20270317.0,43000.0,Put,-,-,-,-,2810.0,-,-,0,0,0,2,0.3,2870,4720,2420
TXO,202703,20270317.0,43200.0,Call,-,-,-,-,5720.0,-,-,0,0,0,1,5610,5770,6230,6230
TXO,202703,20270317.0,43200.0,Put,-,-,-,-,2890.0,-,-,0,0,0,1,2670,-,2660,2660
TXO,202703,20270317.0,43400.0,Call,-,-,-,-,5600.0,-,-,0,0,0,1,5490,5650,6110,6110
TXO,202703,20270317.0,43400.0,Put,-,-,-,-,2970.0,-,-,0,0,0,1,0.3,3020,3730,3730
TXO,202703,20270317.0,43600.0,Call,-,-,-,-,5480.0,-,-,0,0,0,1,5390,5530,5980,5980
TXO,202703,20270317.0,43600.0,Put,-,-,-,-,3050.0,-,-,0,0,0,1,2840,3220,6100,3370
TXO,202703,20270317.0,43800.0,Call,-,-,-,-,5370.0,-,-,0,0,0,0,5250,5410,-,-
TXO,202703,20270317.0,43800.0,Put,-,-,-,-,3130.0,-,-,0,0,0,1,2980,-,5820,5820
TXO,202703,20270317.0,44000.0,Call,5380,5380,5370,5370,5250.0,▼-360,▼-6.28%,0,3,3,13,5140,5300,9500,5370
TXO,202703,20270317.0,44000.0,Put,-,-,-,-,3210.0,-,-,0,0,0,2,2990,-,5230,3040
TXO,202703,20270317.0,44200.0,Call,-,-,-,-,5140.0,-,-,0,0,0,2,5020,5180,6100,3340
TXO,202703,20270317.0,44200.0,Put,-,-,-,-,3300.0,-,-,0,0,0,1,3130,-,3040,3040
TXO,202703,20270317.0,44400.0,Call,-,-,-,-,5030.0,-,-,0,0,0,1,4930,5060,5500,5500
TXO,202703,20270317.0,44400.0,Put,-,-,-,-,3380.0,-,-,0,0,0,1,3230,-,3130,3130
TXO,202703,20270317.0,44600.0,Call,-,-,-,-,4920.0,-,-,0,0,0,2,4790,4980,5300,3600
TXO,202703,20270317.0,44600.0,Put,-,-,-,-,3470.0,-,-,0,0,0,1,3310,-,3210,3210
TXO,202703,20270317.0,44800.0,Call,-,-,-,-,4810.0,-,-,0,0,0,1,4680,4840,4880,4880
TXO,202703,20270317.0,44800.0,Put,-,-,-,-,3560.0,-,-,0,0,0,5,0.3,3600,5330,3290
TXO,202703,20270317.0,45000.0,Call,-,-,-,-,4700.0,-,-,0,0,0,21,4600,4730,5180,3280
TXO,202703,20270317.0,45000.0,Put,-,-,-,-,3650.0,-,-,0,0,0,2,3490,-,5500,3300
TXO,202703,20270317.0,45200.0,Call,-,-,-,-,4590.0,-,-,0,0,0,3,4460,-,5400,4800
TXO,202703,20270317.0,45200.0,Put,-,-,-,-,3740.0,-,-,0,0,0,1,3560,3760,3470,3470
TXO,202703,20270317.0,45400.0,Call,-,-,-,-,4490.0,-,-,0,0,0,1,4350,-,4940,4000
TXO,202703,20270317.0,45400.0,Put,-,-,-,-,3830.0,-,-,0,0,0,1,3660,-,3560,3560
TXO,202703,20270317.0,45600.0,Call,-,-,-,-,4390.0,-,-,0,0,0,1,4250,-,4850,4850
TXO,202703,20270317.0,45600.0,Put,-,-,-,-,3930.0,-,-,0,0,0,1,3750,-,3650,3650
TXO,202703,20270317.0,45800.0,Call,-,-,-,-,4280.0,-,-,0,0,0,1,4160,-,4720,4720
TXO,202703,20270317.0,45800.0,Put,-,-,-,-,4020.0,-,-,0,0,0,1,3840,-,3740,3740
TXO,202703,20270317.0,46000.0,Call,-,-,-,-,4180.0,-,-,0,0,0,10,4040,-,8000,3110
TXO,202703,20270317.0,46000.0,Put,-,-,-,-,4110.0,-,-,0,0,0,4,0.3,4130,5700,3830
TXO,202703,20270317.0,46200.0,Call,-,-,-,-,4070.0,-,-,0,0,0,1,3960,-,4510,4510
TXO,202703,20270317.0,46200.0,Put,-,-,-,-,4200.0,-,-,0,0,0,1,4020,-,3930,3930
TXO,202703,20270317.0,46400.0,Call,-,-,-,-,3970.0,-,-,0,0,0,1,3860,-,4410,4410
TXO,202703,20270317.0,46400.0,Put,-,-,-,-,4300.0,-,-,0,0,0,1,4130,-,4020,4020
TXO,202703,20270317.0,46600.0,Call,-,-,-,-,3880.0,-,-,0,0,0,2,3750,-,7460,7430
TXO,202703,20270317.0,46600.0,Put,-,-,-,-,4400.0,-,-,0,0,0,1,4230,-,4120,4120
TXO,202703,20270317.0,46800.0,Call,-,-,-,-,3780.0,-,-,0,0,0,1,3660,-,4200,4200
TXO,202703,20270317.0,46800.0,Put,-,-,-,-,4510.0,-,-,0,0,0,1,4360,-,4220,4220
TXO,202703,20270317.0,47000.0,Call,3730,3730,3710,3710,3710.0,▼-410,▼-9.95%,0,5,5,5,3580,-,7200,3710
TXO,202703,20270317.0,47000.0,Put,4480,4510,4450,4510,4620.0,▲+230,▲+5.37%,0,6,6,6,4430,-,4510,4300
TXO,202703,20270317.0,47200.0,Call,-,-,-,-,3600.0,-,-,0,0,0,1,3460,-,4010,4010
TXO,202703,20270317.0,47200.0,Put,-,-,-,-,4720.0,-,-,0,0,0,1,4580,4750,4420,4420
TXO,202703,20270317.0,47400.0,Call,-,-,-,-,3520.0,-,-,0,0,0,1,3370,-,3910,3910
TXO,202703,20270317.0,47400.0,Put,-,-,-,-,4840.0,-,-,0,0,0,3,4690,4840,4430,4430
TXO,202703,20270317.0,47600.0,Call,-,-,-,-,3430.0,-,-,0,0,0,1,3300,-,3510,3510
TXO,202703,20270317.0,47600.0,Put,-,-,-,-,4940.0,-,-,0,0,0,3,4790,4980,4630,4530
TXO,202703,20270317.0,47800.0,Call,-,-,-,-,3340.0,-,-,0,0,0,1,3210,-,3720,3720
TXO,202703,20270317.0,47800.0,Put,-,-,-,-,5050.0,-,-,0,0,0,3,4910,5090,4740,4640
TXO,202703,20270317.0,48000.0,Call,-,-,-,-,3250.0,-,-,0,0,0,2,3120,-,3920,3460
TXO,202703,20270317.0,48000.0,Put,5010,5010,5010,5010,5170.0,▲+260,▲+5.47%,0,1,1,10,5020,5200,8820,4750
TXO,202703,20270317.0,48200.0,Call,-,-,-,-,3170.0,-,-,0,0,0,3,3030,-,3530,3530
TXO,202703,20270317.0,48200.0,Put,-,-,-,-,5280.0,-,-,0,0,0,1,5140,5320,4870,4870
TXO,202703,20270317.0,48400.0,Call,-,-,-,-,3090.0,-,-,0,0,0,3,2970,-,7100,3440
TXO,202703,20270317.0,48400.0,Put,-,-,-,-,5400.0,-,-,0,0,0,1,5250,5430,4980,4980
TXO,202703,20270317.0,48600.0,Call,-,-,-,-,3010.0,-,-,0,0,0,4,2880,-,6300,2140
TXO,202703,20270317.0,48600.0,Put,-,-,-,-,5510.0,-,-,0,0,0,1,5390,5550,5100,5100
TXO,202703,20270317.0,48800.0,Call,-,-,-,-,2930.0,-,-,0,0,0,1,0.2,3040,2260,2260
TXO,202703,20270317.0,48800.0,Put,-,-,-,-,5630.0,-,-,0,0,0,1,5510,5670,5210,5210
TXO,202703,20270317.0,49000.0,Call,-,-,-,-,2850.0,-,-,0,0,0,29,2730,-,6150,2040
TXO,202703,20270317.0,49000.0,Put,5580,5590,5580,5580,5750.0,▲+250,▲+4.69%,0,3,3,3,5610,5790,6880,5330
TXO,202703,20270317.0,49200.0,Call,-,-,-,-,2770.0,-,-,0,0,0,4,0.2,2900,6280,5840
TXO,202703,20270317.0,49200.0,Put,-,-,-,-,5870.0,-,-,0,0,0,2,5730,5920,5440,5340
TXO,202703,20270317.0,49400.0,Call,-,-,-,-,2700.0,-,-,0,0,0,5,2590,-,5760,2950
TXO,202703,20270317.0,49400.0,Put,-,-,-,-,6000.0,-,-,0,0,0,1,5860,6040,5560,5560
TXO,202703,20270317.0,49600.0,Call,-,-,-,-,2620.0,-,-,0,0,0,1,2500,-,3030,3030
TXO,202703,20270317.0,49600.0,Put,-,-,-,-,6120.0,-,-,0,0,0,1,5980,6160,5680,5680
TXO,202703,20270317.0,49800.0,Call,-,-,-,-,2550.0,-,-,0,0,0,1,2440,-,2950,2950
TXO,202703,20270317.0,49800.0,Put,-,-,-,-,6250.0,-,-,0,0,0,1,6110,6290,5800,5800
TXO,202703,20270317.0,50000.0,Call,2550,2550,2550,2550,2480.0,▼-270,▼-9.57%,0,2,2,28,2380,-,7300,1800
TXO,202703,20270317.0,50000.0,Put,-,-,-,-,6370.0,-,-,0,0,0,20,6260,6420,10120,5930
TXO,202703,20270317.0,50200.0,Call,-,-,-,-,2420.0,-,-,0,0,0,1,0.2,-,5650,2120
TXO,202703,20270317.0,50200.0,Put,-,-,-,-,6510.0,-,-,0,0,0,1,6390,6550,6050,6050
TXO,202703,20270317.0,50400.0,Call,-,-,-,-,2360.0,-,-,0,0,0,1,2230,-,2860,2860
TXO,202703,20270317.0,50400.0,Put,-,-,-,-,6650.0,-,-,0,0,0,1,6520,6690,6200,6200
TXO,202703,20270317.0,50600.0,Call,-,-,-,-,2300.0,-,-,0,0,0,1,0.2,-,2800,2280
TXO,202703,20270317.0,50600.0,Put,-,-,-,-,6780.0,-,-,0,0,0,1,6640,6820,6300,6300
TXO,202703,20270317.0,50800.0,Call,-,-,-,-,2240.0,-,-,0,0,0,2,2210,-,2580,2440
TXO,202703,20270317.0,50800.0,Put,-,-,-,-,6920.0,-,-,0,0,0,1,6790,6960,6430,6430
TXO,202703,20270317.0,51000.0,Call,-,-,-,-,2140.0,-,-,0,0,0,2,0.2,-,6190,2100
TXO,202703,20270317.0,51000.0,Put,-,-,-,-,7020.0,-,-,0,0,0,1,6930,7100,6560,6560
TXO,202703,20270317.0,51200.0,Call,-,-,-,-,2080.0,-,-,0,0,0,3,1970,-,3190,1560
TXO,202703,20270317.0,51200.0,Put,-,-,-,-,7160.0,-,-,0,0,0,1,7070,7240,6690,6690
TXO,202703,20270317.0,51400.0,Call,-,-,-,-,2030.0,-,-,0,0,0,1,1930,-,5950,1480
TXO,202703,20270317.0,51400.0,Put,-,-,-,-,7300.0,-,-,0,0,0,1,7190,7380,6830,6830
TXO,202703,20270317.0,51600.0,Call,-,-,-,-,1970.0,-,-,0,0,0,5,1870,-,5400,1490
TXO,202703,20270317.0,51600.0,Put,-,-,-,-,7440.0,-,-,0,0,0,1,7350,7520,6960,6960
TXO,202703,20270317.0,51800.0,Call,-,-,-,-,1910.0,-,-,0,0,0,1,1800,-,4720,4600
TXO,202703,20270317.0,51800.0,Put,-,-,-,-,7580.0,-,-,0,0,0,1,7490,7660,7090,7090
TXO,202703,20270317.0,52000.0,Call,-,-,-,-,1860.0,-,-,0,0,0,18,1750,-,5800,1420
TXO,202703,20270317.0,52000.0,Put,-,-,-,-,7730.0,-,-,0,0,0,1,7630,7810,7230,7230
TXO,202703,20270317.0,52200.0,Call,-,-,-,-,1800.0,-,-,0,0,0,1,1690,-,2120,2120
TXO,202703,20270317.0,52200.0,Put,-,-,-,-,7870.0,-,-,0,0,0,1,7770,7960,7370,7370
TXO,202703,20270317.0,52400.0,Call,-,-,-,-,1750.0,-,-,0,0,0,1,1660,-,4900,4500
TXO,202703,20270317.0,52400.0,Put,-,-,-,-,8020.0,-,-,0,0,0,1,7910,8110,7510,7510
TXO,202703,20270317.0,52600.0,Call,-,-,-,-,1700.0,-,-,0,0,0,2,1620,-,2230,1660
TXO,202703,20270317.0,52600.0,Put,-,-,-,-,8160.0,-,-,0,0,0,1,8080,8260,7650,7650
TXO,202703,20270317.0,52800.0,Call,1710,1710,1710,1710,1650.0,▼-210,▼-10.94%,0,1,1,1,0.2,-,4470,1350
TXO,202703,20270317.0,52800.0,Put,-,-,-,-,8310.0,-,-,0,0,0,1,8220,8410,7790,7790
TXO,202703,20270317.0,53000.0,Call,-,-,-,-,1600.0,-,-,0,0,0,6,1520,-,4850,1180
TXO,202703,20270317.0,53000.0,Put,-,-,-,-,8460.0,-,-,0,0,0,0,8370,8550,-,-
TXO,202703,20270317.0,53200.0,Call,-,-,-,-,1560.0,-,-,0,0,0,2,1450,-,4700,1280
TXO,202703,20270317.0,53200.0,Put,-,-,-,-,8620.0,-,-,0,0,0,1,8520,8720,8070,8070
TXO,202703,20270317.0,53400.0,Call,-,-,-,-,1510.0,-,-,0,0,0,1,0.2,-,1860,1780
TXO,202703,20270317.0,53400.0,Put,-,-,-,-,8760.0,-,-,0,0,0,1,8670,8860,8400,8220
TXO,202703,20270317.0,53600.0,Call,-,-,-,-,1460.0,-,-,0,0,0,2,0.2,-,1890,1730
TXO,202703,20270317.0,53600.0,Put,-,-,-,-,8910.0,-,-,0,0,0,0,8830,9020,-,-
TXO,202703,20270317.0,53800.0,Call,-,-,-,-,1420.0,-,-,0,0,0,1,0.2,-,4600,1200
TXO,202703,20270317.0,53800.0,Put,-,-,-,-,9070.0,-,-,0,0,0,0,8980,9170,-,-
TXO,202703,20270317.0,54000.0,Call,-,-,-,-,1380.0,-,-,0,0,0,17,1300,-,4820,1230
TXO,202703,20270317.0,54000.0,Put,-,-,-,-,9230.0,-,-,0,0,0,0,9140,9330,-,-
TXO,202703,20270317.0,54200.0,Call,-,-,-,-,1340.0,-,-,0,0,0,1,1240,-,1770,1770
TXO,202703,20270317.0,54200.0,Put,-,-,-,-,9390.0,-,-,0,0,0,0,9270,9460,-,-
TXO,202703,20270317.0,54400.0,Call,-,-,-,-,1300.0,-,-,0,0,0,11,0.2,1390,1810,1540
TXO,202703,20270317.0,54400.0,Put,-,-,-,-,9540.0,-,-,0,0,0,0,9450,9650,-,-
TXO,202703,20270317.0,54600.0,Call,-,-,-,-,1260.0,-,-,0,0,0,3,1160,-,1740,1690
TXO,202703,20270317.0,54600.0,Put,-,-,-,-,9700.0,-,-,0,0,0,0,9610,9810,-,-
TXO,202703,20270317.0,54800.0,Call,-,-,-,-,1220.0,-,-,0,0,0,1,1120,-,1450,1450
TXO,202703,20270317.0,54800.0,Put,-,-,-,-,9860.0,-,-,0,0,0,0,9770,-,-,-
TXO,202703,20270317.0,55000.0,Call,-,-,-,-,1180.0,-,-,0,0,0,5,1.5,1290,3600,1120
TXO,202703,20270317.0,55000.0,Put,-,-,-,-,10020.0,-,-,0,0,0,0,9930,10130,-,-
TXO,202703,20270317.0,55200.0,Call,-,-,-,-,1150.0,-,-,0,0,0,2,1040,-,4510,1700
TXO,202703,20270317.0,55200.0,Put,-,-,-,-,10180.0,-,-,0,0,0,0,10090,10300,-,-
TXO,202703,20270317.0,55400.0,Call,-,-,-,-,1110.0,-,-,0,0,0,1,1000,-,1320,1320
TXO,202703,20270317.0,55400.0,Put,-,-,-,-,10350.0,-,-,0,0,0,0,10230,10460,-,-
TXO,202703,20270317.0,55600.0,Call,-,-,-,-,1080.0,-,-,0,0,0,1,1000,-,1730,1730
TXO,202703,20270317.0,55600.0,Put,-,-,-,-,10510.0,-,-,0,0,0,0,10420,10630,-,-
TXO,202703,20270317.0,55800.0,Call,-,-,-,-,1040.0,-,-,0,0,0,2,2.3,1140,4340,1240
TXO,202703,20270317.0,55800.0,Put,-,-,-,-,10670.0,-,-,0,0,0,0,10590,10800,-,-
TXO,202703,20270317.0,56000.0,Call,-,-,-,-,995.0,-,-,0,0,0,7,580,1180,2570,920
TXO,202703,20270317.0,56000.0,Put,-,-,-,-,10820.0,-,-,0,0,0,0,10750,-,14710,10440
TXO,202703,20270317.0,56200.0,Call,-,-,-,-,970.0,-,-,0,0,0,2,2.3,1140,1370,1000
TXO,202703,20270317.0,56200.0,Put,-,-,-,-,10990.0,-,-,0,0,0,0,10900,-,-,-
TXO,202703,20270317.0,56400.0,Call,-,-,-,-,945.0,-,-,0,0,0,1,865,-,1140,1140
TXO,202703,20270317.0,56400.0,Put,-,-,-,-,11160.0,-,-,0,0,0,0,11090,11260,-,-
TXO,202703,20270317.0,56600.0,Call,-,-,-,-,920.0,-,-,0,0,0,1,845,-,1760,1220
TXO,202703,20270317.0,56600.0,Put,-,-,-,-,11340.0,-,-,0,0,0,0,11260,11470,-,-
TXO,202703,20270317.0,56800.0,Call,-,-,-,-,890.0,-,-,0,0,0,1,800,-,1070,1070
TXO,202703,20270317.0,56800.0,Put,-,-,-,-,11510.0,-,-,0,0,0,0,11430,-,-,-
TXO,202703,20270317.0,57000.0,Call,-,-,-,-,870.0,-,-,0,0,0,9,645,990,2950,770
TXO,202703,20270317.0,57000.0,Put,-,-,-,-,11680.0,-,-,0,0,0,0,11600,-,-,-
TXO,202703,20270317.0,57200.0,Call,-,-,-,-,850.0,-,-,0,0,0,13,84,960,3450,810
TXO,202703,20270317.0,57200.0,Put,-,-,-,-,11860.0,-,-,0,0,0,0,11770,11990,-,-
TXO,202703,20270317.0,57400.0,Call,905,905,815,815,815.0,▼-110,▼-11.89%,1,5,6,194,810,950,3760,720
TXO,202703,20270317.0,57400.0,Put,-,-,-,-,12040.0,-,-,0,0,0,0,11920,12120,-,-
