契約,到期月份 (週別),契約到期日,履約價,買賣權,開盤價,最高價,最低價,最後 成交價,結算價,漲跌價,漲跌%,*盤後交易時段成交量,*一般交易時段成交量,*合計成交量,*未沖銷 契約量,最後 最佳買價,最後 最佳賣價,歷史 最高價,歷史 最低價
TXO,202607W4,20260722.0,38200.0,Call,-,-,-,-,6000.0,-,-,0,0,0,0,-,6030,-,-
TXO,202607W4,20260722.0,38200.0,Put,1.2,1.2,0.2,0.2,0.1,▼-2.4,▼-92.31%,0,93,93,92,-,2,1.2,0.2
TXO,202607W4,20260722.0,38300.0,Call,-,-,-,-,5900.0,-,-,0,0,0,0,33,5930,-,-
TXO,202607W4,20260722.0,38300.0,Put,0.3,0.3,0.3,0.3,0.1,▼-7.2,▼-96.00%,0,1,1,1,0.1,3,0.3,0.3
TXO,202607W4,20260722.0,38400.0,Call,-,-,-,-,5800.0,-,-,0,0,0,0,33,5830,-,-
TXO,202607W4,20260722.0,38400.0,Put,1,1.7,0.2,0.3,0.2,▼-8.6,▼-96.63%,508,538,1046,2347,0.2,0.3,21,0.2
TXO,202607W4,20260722.0,38500.0,Call,-,-,-,-,5700.0,-,-,0,0,0,0,5420,5730,-,-
TXO,202607W4,20260722.0,38500.0,Put,1,1,0.2,0.3,0.2,▼-9.7,▼-97.00%,137,69,206,220,0.1,0.4,32,0.2
TXO,202607W4,20260722.0,38600.0,Call,-,-,-,-,5600.0,-,-,0,0,0,0,33,5630,-,-
TXO,202607W4,20260722.0,38600.0,Put,3.1,3.1,0.2,0.3,0.2,▼-10.7,▼-97.27%,25,97,122,164,0.2,0.4,26.5,0.2
TXO,202607W4,20260722.0,38700.0,Call,-,-,-,-,5500.0,-,-,0,0,0,0,5220,5530,-,-
TXO,202607W4,20260722.0,38700.0,Put,1.2,1.2,0.3,0.3,0.2,▼-11.2,▼-97.39%,10,36,46,104,0.2,0.4,26.5,0.3
TXO,202607W4,20260722.0,38800.0,Call,-,-,-,-,5400.0,-,-,0,0,0,0,33.5,5430,-,-
TXO,202607W4,20260722.0,38800.0,Put,2.4,2.4,0.3,0.3,0.3,▼-11.7,▼-97.50%,24,53,77,132,0.2,0.4,32.5,0.3
TXO,202607W4,20260722.0,38900.0,Call,-,-,-,-,5300.0,-,-,0,0,0,0,5020,-,-,-
TXO,202607W4,20260722.0,38900.0,Put,2.3,2.3,0.3,0.3,0.3,▼-15.2,▼-98.06%,47,56,103,83,0.2,0.4,36,0.3
TXO,202607W4,20260722.0,39000.0,Call,-,-,-,-,5200.0,-,-,0,0,0,0,33,5230,-,-
TXO,202607W4,20260722.0,39000.0,Put,4.2,4.2,0.2,0.3,0.3,▼-17.2,▼-98.29%,103,334,437,341,0.3,0.5,38,0.2
TXO,202607W4,20260722.0,39100.0,Call,-,-,-,-,5100.0,-,-,0,0,0,0,33,5130,-,-
TXO,202607W4,20260722.0,39100.0,Put,2.4,2.4,0.3,0.3,0.3,▼-19.7,▼-98.50%,144,74,218,180,-,0.5,42,0.3
TXO,202607W4,20260722.0,39200.0,Call,-,-,-,-,5000.0,-,-,0,0,0,0,33,5030,-,-
TXO,202607W4,20260722.0,39200.0,Put,2.3,7.2,0.3,0.3,0.3,▼-21.2,▼-98.60%,115,108,223,175,0.3,0.6,46,0.3
TXO,202607W4,20260722.0,39300.0,Call,-,-,-,-,4900.0,-,-,0,0,0,0,33,-,-,-
TXO,202607W4,20260722.0,39300.0,Put,4,4,0.2,0.4,0.3,▼-23.1,▼-98.30%,105,165,270,207,0.3,0.6,51,0.2
TXO,202607W4,20260722.0,39400.0,Call,-,-,-,-,4810.0,-,-,0,0,0,0,33,-,-,-
TXO,202607W4,20260722.0,39400.0,Put,5,5.3,0.3,0.3,0.3,▼-26.2,▼-98.87%,116,272,388,273,0.3,0.6,55,0.3
TXO,202607W4,20260722.0,39500.0,Call,-,-,-,-,4710.0,-,-,0,0,0,0,33,-,-,-
TXO,202607W4,20260722.0,39500.0,Put,7.5,7.5,0.3,0.3,0.5,▼-29.7,▼-99.00%,449,381,830,358,0.3,0.5,62,0.3
TXO,202607W4,20260722.0,39600.0,Call,-,-,-,-,4610.0,-,-,0,0,0,1,33,4700,3010,3010
TXO,202607W4,20260722.0,39600.0,Put,10.5,10.5,0.3,0.3,0.5,▼-33.2,▼-99.10%,210,228,438,283,0.3,0.5,60,0.3
TXO,202607W4,20260722.0,39700.0,Call,-,-,-,-,4510.0,-,-,0,0,0,1,33,-,3200,3200
TXO,202607W4,20260722.0,39700.0,Put,8.2,8.2,0.3,0.3,0.8,▼-34.7,▼-99.14%,182,470,652,332,0.3,1.3,74,0.3
TXO,202607W4,20260722.0,39800.0,Call,-,-,-,-,4410.0,-,-,0,0,0,0,33,4430,-,-
TXO,202607W4,20260722.0,39800.0,Put,9,9,0.4,0.4,0.8,▼-41.6,▼-99.05%,249,867,1116,658,0.3,0.8,83,0.4
TXO,202607W4,20260722.0,39900.0,Call,-,-,-,-,4310.0,-,-,0,0,0,0,33,4330,-,-
TXO,202607W4,20260722.0,39900.0,Put,10,10,0.9,1,1.0,▼-44,▼-97.78%,234,250,484,229,1,1.3,97,0.9
TXO,202607W4,20260722.0,40000.0,Call,-,-,-,-,4210.0,-,-,0,0,0,0,3920,4230,-,-
TXO,202607W4,20260722.0,40000.0,Put,12,13,0.4,1.4,1.4,▼-49.6,▼-97.25%,996,1881,2877,1607,1.4,1.6,102,0.4
TXO,202607W4,20260722.0,40100.0,Call,-,-,-,-,4110.0,-,-,0,0,0,0,33,4130,-,-
TXO,202607W4,20260722.0,40100.0,Put,5.1,12.5,1.1,2.6,1.6,▼-52.4,▼-95.27%,221,283,504,254,1.1,2.5,111,1.1
TXO,202607W4,20260722.0,40200.0,Call,-,-,-,-,4010.0,-,-,0,0,0,1,3720,4030,5600,2320
TXO,202607W4,20260722.0,40200.0,Put,16,17,0.8,2,1.7,▼-62,▼-96.88%,1720,1726,3446,3552,1.5,2.1,197,0.8
TXO,202607W4,20260722.0,40300.0,Call,-,-,-,-,3910.0,-,-,0,0,0,0,33,3930,-,-
TXO,202607W4,20260722.0,40300.0,Put,18.5,18.5,1.5,2,1.8,▼-69,▼-97.18%,506,688,1194,568,1,2.4,212,1
TXO,202607W4,20260722.0,40400.0,Call,-,-,-,-,3810.0,-,-,0,0,0,0,33,3830,-,-
TXO,202607W4,20260722.0,40400.0,Put,20,20,0.2,0.2,1.9,▼-74.8,▼-99.73%,425,414,839,590,0.2,2.7,227,0.2
TXO,202607W4,20260722.0,40500.0,Call,-,-,-,-,3710.0,-,-,0,0,0,0,3430,3730,-,-
TXO,202607W4,20260722.0,40500.0,Put,18.5,24,1.2,2.3,2.3,▼-83.7,▼-97.33%,879,776,1655,686,2.3,3.9,247,1.2
TXO,202607W4,20260722.0,40600.0,Call,-,-,-,-,3610.0,-,-,0,0,0,0,33,3630,-,-
TXO,202607W4,20260722.0,40600.0,Put,48,48,0.9,2.7,2.3,▼-93.3,▼-97.19%,813,620,1433,523,2,6.7,265,0.9
TXO,202607W4,20260722.0,40700.0,Call,-,-,-,-,3510.0,-,-,0,0,0,3,33,3530,1930,1890
TXO,202607W4,20260722.0,40700.0,Put,24,29.5,1.5,1.7,2.4,▼-106.3,▼-98.43%,732,499,1231,493,1.5,3.2,283,1.5
TXO,202607W4,20260722.0,40800.0,Call,-,-,-,-,3410.0,-,-,0,0,0,2,3130,-,4680,2170
TXO,202607W4,20260722.0,40800.0,Put,28,73,2,3,2.4,▼-116,▼-97.48%,869,752,1621,689,1.7,7,308,1.8
TXO,202607W4,20260722.0,40900.0,Call,-,-,-,-,3310.0,-,-,0,0,0,1,33,3330,2400,2400
TXO,202607W4,20260722.0,40900.0,Put,32.5,57,2.3,3,2.7,▼-127,▼-97.69%,703,617,1320,792,2.6,5,332,2.3
TXO,202607W4,20260722.0,41000.0,Call,-,-,-,-,3210.0,-,-,0,0,0,2,2930,3230,2070,1980
TXO,202607W4,20260722.0,41000.0,Put,34,43.5,2.5,3,3.0,▼-143,▼-97.95%,3675,3483,7158,2948,2.9,3,360,2.4
TXO,202607W4,20260722.0,41100.0,Call,-,-,-,-,3110.0,-,-,0,0,0,0,33,3130,-,-
TXO,202607W4,20260722.0,41100.0,Put,38,47,2.6,4.2,3.3,▼-155.8,▼-97.38%,884,623,1507,490,3,3.4,385,2.6
TXO,202607W4,20260722.0,41200.0,Call,-,-,-,-,3010.0,-,-,0,0,0,0,2730,3030,-,-
TXO,202607W4,20260722.0,41200.0,Put,41,55,3.2,3.5,3.5,▼-173.5,▼-98.02%,1137,788,1925,463,3.5,3.6,426,3.2
TXO,202607W4,20260722.0,41250.0,Call,-,-,-,-,2960.0,-,-,0,0,0,0,2680,2980,-,-
TXO,202607W4,20260722.0,41250.0,Put,45.5,49,3.5,4.4,3.5,▼-182.6,▼-97.65%,0,79,79,30,1.2,7,49,3.5
TXO,202607W4,20260722.0,41300.0,Call,-,-,-,-,2910.0,-,-,0,0,0,7,2630,2930,1740,1310
TXO,202607W4,20260722.0,41300.0,Put,70,70,3.6,3.8,3.8,▼-188.2,▼-98.02%,849,961,1810,617,2.1,4.4,440,3.6
TXO,202607W4,20260722.0,41350.0,Call,-,-,-,-,2860.0,-,-,0,0,0,0,2580,2880,-,-
TXO,202607W4,20260722.0,41350.0,Put,61,62,3.2,4,4.0,▼-199,▼-98.03%,0,278,278,68,3,11,62,3.2
TXO,202607W4,20260722.0,41400.0,Call,-,-,-,-,2810.0,-,-,0,0,0,2,2530,2830,1690,1200
TXO,202607W4,20260722.0,41400.0,Put,66,70,2.8,2.8,4.2,▼-206.2,▼-98.66%,1181,1224,2405,371,2.1,10,480,2.8
TXO,202607W4,20260722.0,41450.0,Call,-,-,-,-,2760.0,-,-,0,0,0,0,2480,2780,1320,1190
TXO,202607W4,20260722.0,41450.0,Put,67,67,3.3,3.3,4.3,▼-216.7,▼-98.50%,357,401,758,76,2,20,342,3.3
TXO,202607W4,20260722.0,41500.0,Call,-,-,-,-,2710.0,-,-,0,0,0,4,2430,2740,1890,1150
TXO,202607W4,20260722.0,41500.0,Put,110,110,4,4.4,4.4,▼-225.6,▼-98.09%,1977,3233,5210,1402,4.5,5.2,505,3.9
TXO,202607W4,20260722.0,41550.0,Call,-,-,-,-,2660.0,-,-,0,0,0,4,2380,-,1540,1100
TXO,202607W4,20260722.0,41550.0,Put,99,99,3.2,3.2,4.9,▼-234.8,▼-98.66%,311,436,747,128,3.3,8,378,3.2
TXO,202607W4,20260722.0,41600.0,Call,-,-,-,-,2610.0,-,-,0,0,0,2,2330,2730,1280,1150
TXO,202607W4,20260722.0,41600.0,Put,70,84,4.5,4.5,4.9,▼-248.5,▼-98.22%,1071,1361,2432,808,4.5,4.9,540,4.5
TXO,202607W4,20260722.0,41650.0,Call,-,-,-,-,2560.0,-,-,0,0,0,7,2280,2580,1200,1160
TXO,202607W4,20260722.0,41650.0,Put,77,85,4.1,4.1,5.1,▼-260.9,▼-98.45%,411,531,942,196,4,5.1,413,4.1
TXO,202607W4,20260722.0,41700.0,Call,-,-,-,-,2510.0,-,-,3,0,3,10,2230,-,1480,1030
TXO,202607W4,20260722.0,41700.0,Put,77,98,5,5,5.3,▼-270,▼-98.18%,808,1398,2206,667,4,5.3,585,5
TXO,202607W4,20260722.0,41750.0,Call,-,-,-,-,2460.0,-,-,0,0,0,4,2180,2490,1400,1130
TXO,202607W4,20260722.0,41750.0,Put,130,130,5.5,5.5,5.5,▼-269.5,▼-98.00%,492,455,947,122,3.8,13,475,5.5
TXO,202607W4,20260722.0,41800.0,Call,1830,1860,1830,1860,2410.0,▲+840,▲+82.35%,16,51,67,18,2360,2490,1860,920
TXO,202607W4,20260722.0,41800.0,Put,106,110,4.3,4.3,5.9,▼-285.7,▼-98.52%,1340,1711,3051,670,4.5,7,615,4.3
TXO,202607W4,20260722.0,41850.0,Call,-,-,-,-,2360.0,-,-,5,0,5,14,2080,2390,1160,870
TXO,202607W4,20260722.0,41850.0,Put,90,122,6.3,6.3,6.3,▼-304.7,▼-97.97%,506,415,921,95,5.6,8.1,464,6.3
TXO,202607W4,20260722.0,41900.0,Call,1620,1620,1620,1620,2310.0,▲+675,▲+71.43%,5,1,6,14,2030,2340,2520,890
TXO,202607W4,20260722.0,41900.0,Put,125,125,6.4,6.4,7.0,▼-324.6,▼-98.07%,861,1400,2261,895,6,10.5,650,6.4
TXO,202607W4,20260722.0,41950.0,Call,-,-,-,-,2260.0,-,-,2,0,2,9,1980,2290,1140,825
TXO,202607W4,20260722.0,41950.0,Put,130,130,7.2,7.2,7.2,▼-329.8,▼-97.86%,293,690,983,223,5.3,9.5,520,7.2
TXO,202607W4,20260722.0,42000.0,Call,1600,2220,1600,2220,2210.0,▲+1335,▲+150.85%,44,61,105,27,2070,2310,2220,785
TXO,202607W4,20260722.0,42000.0,Put,161,161,6.1,7.9,7.6,▼-350.1,▼-97.79%,4251,6502,10753,2978,7.6,10.5,700,6.1
TXO,202607W4,20260722.0,42050.0,Call,-,-,-,-,2160.0,-,-,6,0,6,13,2090,2190,1290,765
TXO,202607W4,20260722.0,42050.0,Put,140,143,7.8,7.8,7.8,▼-362.2,▼-97.89%,570,473,1043,98,6.5,10,540,7.8
TXO,202607W4,20260722.0,42100.0,Call,1210,2060,1200,2060,2110.0,▲+1245,▲+152.76%,24,11,35,54,2080,2130,2060,735
TXO,202607W4,20260722.0,42100.0,Put,158,164,8,8.2,8.7,▼-371.8,▼-97.84%,983,1500,2483,532,7.5,8.2,750,8
TXO,202607W4,20260722.0,42150.0,Call,1620,1620,1620,1620,2060.0,▲+840,▲+107.69%,13,1,14,22,1990,2090,1620,675
TXO,202607W4,20260722.0,42150.0,Put,137,160,10,10,9.0,▼-381,▼-97.44%,562,779,1341,199,8.5,10,610,10
TXO,202607W4,20260722.0,42200.0,Call,1550,1830,1460,1830,2010.0,▲+1080,▲+144.00%,15,7,22,557,1980,2030,1830,665
TXO,202607W4,20260722.0,42200.0,Put,177,181,8,9.8,9.8,▼-415.2,▼-97.69%,1665,2508,4173,1373,8.2,10,800,8
TXO,202607W4,20260722.0,42250.0,Call,1080,1950,1080,1950,1970.0,▲+1225,▲+168.97%,6,2,8,10,1910,1990,1950,650
TXO,202607W4,20260722.0,42250.0,Put,201,201,8.6,8.6,10.5,▼-423.4,▼-98.01%,491,647,1138,100,7.5,10.5,630,8.6
TXO,202607W4,20260722.0,42300.0,Call,990,1920,990,1920,1920.0,▲+1235,▲+180.29%,19,7,26,38,1870,-,1920,610
TXO,202607W4,20260722.0,42300.0,Put,198,204,10.5,11,11.0,▼-449,▼-97.61%,1530,1990,3520,532,11,12,845,10.5
TXO,202607W4,20260722.0,42350.0,Call,1010,1620,920,1620,1870.0,▲+965,▲+147.33%,15,4,19,8,1790,1890,1620,580
TXO,202607W4,20260722.0,42350.0,Put,165,215,11,11.5,11.5,▼-469.5,▼-97.61%,721,800,1521,103,11.5,13,690,11
TXO,202607W4,20260722.0,42400.0,Call,820,1680,820,1680,1820.0,▲+1035,▲+160.47%,220,57,277,71,1760,1840,1680,560
TXO,202607W4,20260722.0,42400.0,Put,189,250,12,12.5,14.0,▼-482.5,▼-97.47%,1528,2404,3932,346,12.5,14,905,12
TXO,202607W4,20260722.0,42450.0,Call,810,1270,810,1270,1770.0,▲+650,▲+104.84%,17,8,25,27,1730,1790,1270,540
TXO,202607W4,20260722.0,42450.0,Put,212,232,13.5,14,14.0,▼-511,▼-97.33%,1147,1374,2521,369,13.5,15,760,13.5
TXO,202607W4,20260722.0,42500.0,Call,900,1720,770,1720,1720.0,▲+1145,▲+199.13%,141,208,349,229,1700,1810,1720,500
TXO,202607W4,20260722.0,42500.0,Put,245,250,14,15,16.0,▼-530,▼-97.25%,3292,5448,8740,1935,15,16.5,950,14
TXO,202607W4,20260722.0,42550.0,Call,835,1660,835,1660,1670.0,▲+1110,▲+201.82%,46,68,114,40,1650,1690,1660,483
TXO,202607W4,20260722.0,42550.0,Put,220,251,15.5,16,16.0,▼-549,▼-97.17%,621,908,1529,168,16,17.5,795,15.5
TXO,202607W4,20260722.0,42600.0,Call,660,1500,660,1500,1620.0,▲+980,▲+188.46%,118,68,186,113,1560,1640,1500,15.5
TXO,202607W4,20260722.0,42600.0,Put,279,279,16.5,17,20.0,▼-568,▼-97.09%,1536,1835,3371,386,17.5,20,1010,16.5
TXO,202607W4,20260722.0,42650.0,Call,780,1380,685,1380,1580.0,▲+884,▲+178.23%,135,11,146,75,1530,1590,1380,450
TXO,202607W4,20260722.0,42650.0,Put,240,278,18.5,18.5,20.5,▼-601.5,▼-97.02%,652,1117,1769,173,20,20.5,840,18.5
TXO,202607W4,20260722.0,42700.0,Call,735,1540,640,1540,1530.0,▲+1070,▲+227.66%,298,92,390,129,1480,1620,1800,416
TXO,202607W4,20260722.0,42700.0,Put,260,300,16,22.5,22.5,▼-617.5,▼-96.48%,1662,2509,4171,659,22,39,1000,16
TXO,202607W4,20260722.0,42750.0,Call,570,1130,570,1130,1480.0,▲+666,▲+143.53%,72,71,143,34,1460,-,1130,412
TXO,202607W4,20260722.0,42750.0,Put,278,306,22.5,24,26.5,▼-661,▼-96.50%,640,1959,2599,328,24,27.5,920,22.5
TXO,202607W4,20260722.0,42800.0,Call,600,1420,535,1420,1430.0,▲+1005,▲+242.17%,377,164,541,162,1420,1450,1420,363
TXO,202607W4,20260722.0,42800.0,Put,390,390,24,26.5,26.5,▼-668.5,▼-96.19%,1135,3145,4280,1403,26,28.5,1100,24
TXO,202607W4,20260722.0,42850.0,Call,610,1340,610,1340,1390.0,▲+943,▲+237.53%,239,105,344,61,1370,1400,1340,366
TXO,202607W4,20260722.0,42850.0,Put,330,350,26.5,29.5,29.5,▼-690.5,▼-95.90%,509,1350,1859,162,28.5,36,950,26.5
TXO,202607W4,20260722.0,42900.0,Call,585,1290,530,1290,1340.0,▲+921,▲+249.59%,374,115,489,112,1320,1360,1290,335
TXO,202607W4,20260722.0,42900.0,Put,334,371,29.5,32,32.0,▼-693,▼-95.59%,738,2172,2910,400,31.5,34,1150,29.5
TXO,202607W4,20260722.0,42950.0,Call,515,1160,515,1160,1290.0,▲+810,▲+231.43%,221,73,294,61,1250,1520,1160,311
TXO,202607W4,20260722.0,42950.0,Put,402,402,32.5,36,36.0,▼-739,▼-95.35%,554,1226,1780,140,34.5,37.5,1050,32.5
TXO,202607W4,20260722.0,43000.0,Call,370,1250,370,1250,1250.0,▲+924,▲+283.44%,1437,783,2220,290,1210,1260,1650,298
TXO,202607W4,20260722.0,43000.0,Put,500,500,36,39.5,39.5,▼-760.5,▼-95.06%,2284,8048,10332,1296,38.5,40,1240,36
TXO,202607W4,20260722.0,43050.0,Call,505,1160,441,1160,1200.0,▲+851,▲+275.40%,315,69,384,62,1150,1220,1160,278
TXO,202607W4,20260722.0,43050.0,Put,365,424,40.5,42,47.0,▼-798,▼-95.00%,502,971,1473,105,44,90,1150,40.5
TXO,202607W4,20260722.0,43100.0,Call,449,1150,388,1150,1150.0,▲+862,▲+299.31%,729,305,1034,147,1120,1170,1150,263
TXO,202607W4,20260722.0,43100.0,Put,425,445,43.5,46.5,52.0,▼-803.5,▼-94.53%,613,2266,2879,1053,46.5,58,1340,43.5
TXO,202607W4,20260722.0,43150.0,Call,445,1090,390,1090,1100.0,▲+809,▲+287.90%,353,148,501,57,1060,1130,1090,251
TXO,202607W4,20260722.0,43150.0,Put,395,473,48.5,53,53.0,▼-842,▼-94.08%,402,1030,1432,184,51,55,1080,48.5
TXO,202607W4,20260722.0,43200.0,Call,350,1050,341,1050,1050.0,▲+799,▲+318.33%,1239,581,1820,133,1040,1080,3500,229
TXO,202607W4,20260722.0,43200.0,Put,476,515,53,58,58.0,▼-867,▼-93.73%,749,2022,2771,527,57,59,1320,53
TXO,202607W4,20260722.0,43250.0,Call,382,965,344,960,1020.0,▲+730,▲+317.39%,519,183,702,66,1000,1040,965,224
TXO,202607W4,20260722.0,43250.0,Put,510,510,59,65,65.0,▼-895,▼-93.23%,200,799,999,140,62,65,1030,59
TXO,202607W4,20260722.0,43300.0,Call,279,980,279,980,980.0,▲+765,▲+355.81%,1558,624,2182,229,955,990,1090,204
TXO,202607W4,20260722.0,43300.0,Put,550,560,63,68,68.0,▼-922,▼-93.13%,681,2065,2746,397,69,70,1400,52
TXO,202607W4,20260722.0,43350.0,Call,318,920,266,920,930.0,▲+720,▲+360.00%,541,240,781,62,915,945,920,192
TXO,202607W4,20260722.0,43350.0,Put,650,650,73,74,80.0,▼-956,▼-92.82%,211,759,970,191,75,80,1120,73
TXO,202607W4,20260722.0,43400.0,Call,320,890,268,880,880.0,▲+697,▲+380.87%,1230,1107,2337,267,875,905,1470,179
TXO,202607W4,20260722.0,43400.0,Put,500,600,78,84,84.0,▼-966,▼-92.00%,285,1709,1994,376,83,98,1400,78
TXO,202607W4,20260722.0,43450.0,Call,255,840,250,835,835.0,▲+656,▲+366.48%,805,555,1360,159,825,860,990,166
TXO,202607W4,20260722.0,43450.0,Put,535,570,87,92,92.0,▼-998,▼-91.56%,96,852,948,154,91,95,1500,87
TXO,202607W4,20260722.0,43500.0,Call,201,810,201,810,810.0,▲+652,▲+412.66%,3224,2946,6170,516,800,820,1950,151
TXO,202607W4,20260722.0,43500.0,Put,580,645,94,100,100.0,▼-1010,▼-90.99%,468,3799,4267,885,99,101,1570,94
TXO,202607W4,20260722.0,43550.0,Call,195,755,195,750,770.0,▲+593,▲+377.71%,726,676,1402,138,750,995,765,146
TXO,202607W4,20260722.0,43550.0,Put,585,655,101,111,111.0,▼-1049,▼-90.43%,79,945,1024,221,108,113,1190,100
TXO,202607W4,20260722.0,43600.0,Call,225,725,186,725,725.0,▲+593,▲+449.24%,1867,1639,3506,456,720,740,800,131
TXO,202607W4,20260722.0,43600.0,Put,655,740,112,118,118.0,▼-1092,▼-90.25%,203,2505,2708,706,122,124,1610,112
TXO,202607W4,20260722.0,43650.0,Call,190,685,177,670,690.0,▲+550,▲+458.33%,1030,573,1603,197,675,700,685,124
TXO,202607W4,20260722.0,43650.0,Put,775,775,128,128,128.0,▼-1112,▼-89.68%,32,777,809,170,128,181,1640,128
TXO,202607W4,20260722.0,43700.0,Call,127,660,127,660,655.0,▲+549,▲+494.59%,2517,2387,4904,422,635,655,1160,108
TXO,202607W4,20260722.0,43700.0,Put,720,720,133,138,138.0,▼-1142,▼-89.22%,56,1706,1762,526,140,153,1570,128
TXO,202607W4,20260722.0,43750.0,Call,160,620,135,620,620.0,▲+519,▲+513.86%,829,646,1475,169,600,620,740,101
TXO,202607W4,20260722.0,43750.0,Put,760,760,144,156,156.0,▼-1164,▼-88.18%,34,435,469,123,152,228,1590,144
TXO,202607W4,20260722.0,43800.0,Call,100,585,100,575,575.0,▲+486,▲+546.07%,2690,3030,5720,478,570,585,780,88
TXO,202607W4,20260722.0,43800.0,Put,825,845,159,168,168.0,▼-1202,▼-87.74%,33,1509,1542,524,165,188,1610,135
TXO,202607W4,20260722.0,43850.0,Call,129,540,112,525,525.0,▲+444,▲+548.15%,1471,1014,2485,210,491,550,745,81
TXO,202607W4,20260722.0,43850.0,Put,880,885,175,183,183.0,▼-1217,▼-86.93%,10,518,528,75,179,189,1850,142
TXO,202607W4,20260722.0,43900.0,Call,110,515,97,510,510.0,▲+431,▲+545.57%,1751,1944,3695,394,492,515,1740,73
TXO,202607W4,20260722.0,43900.0,Put,860,870,193,197,197.0,▼-1253,▼-86.41%,34,910,944,225,194,205,1670,148
TXO,202607W4,20260722.0,43950.0,Call,89,470,88,470,470.0,▲+406,▲+634.38%,949,814,1763,245,470,479,705,64
TXO,202607W4,20260722.0,43950.0,Put,935,935,204,211,211.0,▼-1279,▼-85.84%,4,349,353,77,211,237,1450,204
TXO,202607W4,20260722.0,44000.0,Call,70,447,70,441,441.0,▲+380,▲+622.95%,5402,8476,13878,1036,437,445,1980,61
TXO,202607W4,20260722.0,44000.0,Put,905,1010,222,233,233.0,▼-1307,▼-84.87%,54,2447,2501,481,228,240,2010,157
TXO,202607W4,20260722.0,44050.0,Call,70,406,70,403,403.0,▲+346,▲+607.02%,916,1104,2020,172,397,413,1510,56
TXO,202607W4,20260722.0,44050.0,Put,940,940,239,246,246.0,▼-1334,▼-84.43%,1,379,380,92,246,331,1580,185
TXO,202607W4,20260722.0,44100.0,Call,56,383,56,381,381.0,▲+330,▲+647.06%,1465,2697,4162,502,365,384,1390,50
TXO,202607W4,20260722.0,44100.0,Put,810,815,264,270,270.0,▼-1350,▼-83.33%,6,739,745,243,266,278,1670,180
TXO,202607W4,20260722.0,44150.0,Call,55,353,55,353,353.0,▲+309,▲+702.27%,778,1473,2251,223,344,354,1090,44
TXO,202607W4,20260722.0,44150.0,Put,890,890,288,292,292.0,▼-1378,▼-82.51%,11,248,259,99,287,317,1040,183
TXO,202607W4,20260722.0,44200.0,Call,43,325,43,325,325.0,▲+286.5,▲+744.16%,2262,4015,6277,831,317,327,1360,38
TXO,202607W4,20260722.0,44200.0,Put,860,860,305,310,310.0,▼-1400,▼-81.87%,2,579,581,169,308,325,2120,200
TXO,202607W4,20260722.0,44250.0,Call,43,299,43,295,295.0,▲+259.5,▲+730.99%,792,1550,2342,213,267,298,1710,35
TXO,202607W4,20260722.0,44250.0,Put,1150,1150,330,333,333.0,▼-1427,▼-81.08%,1,179,180,60,333,354,1710,212
TXO,202607W4,20260722.0,44300.0,Call,32,271,32,271,271.0,▲+239,▲+746.88%,1448,3207,4655,387,262,273,1470,28.5
TXO,202607W4,20260722.0,44300.0,Put,980,980,361,364,364.0,▼-1446,▼-79.89%,3,184,187,69,357,432,2130,220
TXO,202607W4,20260722.0,44350.0,Call,34,248,34,248,248.0,▲+220.5,▲+801.82%,563,1391,1954,266,235,249,2570,27.5
TXO,202607W4,20260722.0,44350.0,Put,960,960,383,383,383.0,▼-1467,▼-79.30%,0,51,51,23,382,400,1500,273
TXO,202607W4,20260722.0,44400.0,Call,27,225,27,221,221.0,▲+194.5,▲+733.96%,1370,3208,4578,804,214,221,1860,24
TXO,202607W4,20260722.0,44400.0,Put,1000,1000,400,411,411.0,▼-1489,▼-78.37%,1,165,166,69,410,423,2220,240
TXO,202607W4,20260722.0,44450.0,Call,29,205,28.5,200,200.0,▲+177,▲+769.57%,506,1732,2238,280,192,203,1150,23
TXO,202607W4,20260722.0,44450.0,Put,850,940,450,450,450.0,▼-1500,▼-76.92%,3,36,39,19,437,457,1520,285
TXO,202607W4,20260722.0,44500.0,Call,20,183,20,182,182.0,▲+162,▲+810.00%,2350,6887,9237,1239,179,183,1600,10
TXO,202607W4,20260722.0,44500.0,Put,1330,1330,457,483,483.0,▼-1507,▼-75.73%,21,120,141,78,465,480,2320,265
TXO,202607W4,20260722.0,44550.0,Call,18.5,162,18.5,158,158.0,▲+139,▲+731.58%,312,2011,2323,236,152,163,1100,18
TXO,202607W4,20260722.0,44550.0,Put,890,925,500,500,500.0,▼-1540,▼-75.49%,0,28,28,18,497,515,2190,318
TXO,202607W4,20260722.0,44600.0,Call,16.5,145,15,139,139.0,▲+122.5,▲+742.42%,861,3463,4324,817,139,144,1450,14.5
TXO,202607W4,20260722.0,44600.0,Put,1190,1200,550,550,550.0,▼-1540,▼-73.68%,5,54,59,46,525,545,2080,280
TXO,202607W4,20260722.0,44650.0,Call,14.5,127,14.5,127,127.0,▲+112.5,▲+775.86%,314,1509,1823,358,122,128,1500,12.5
TXO,202607W4,20260722.0,44650.0,Put,935,955,570,570,570.0,▼-1570,▼-73.36%,1,12,13,24,560,585,2030,335
TXO,202607W4,20260722.0,44700.0,Call,12.5,112,11.5,104,104.0,▲+91.5,▲+732.00%,621,2385,3006,785,105,112,1440,11.5
TXO,202607W4,20260722.0,44700.0,Put,1530,1650,640,645,605.0,▼-1545,▼-70.55%,2,21,23,26,590,615,2440,300
TXO,202607W4,20260722.0,44750.0,Call,11,98,10,97,97.0,▲+86,▲+781.82%,189,1012,1201,273,91,98,1300,10
TXO,202607W4,20260722.0,44750.0,Put,910,910,670,670,640.0,▼-1560,▼-69.96%,0,16,16,13,630,655,910,333
TXO,202607W4,20260722.0,44800.0,Call,10,86,8,84,84.0,▲+75.2,▲+854.55%,797,2853,3650,1080,83,86,1430,8
TXO,202607W4,20260722.0,44800.0,Put,1190,1210,715,715,680.0,▼-1565,▼-68.64%,3,13,16,52,670,685,2280,342
TXO,202607W4,20260722.0,44850.0,Call,9.4,74,9,71,71.0,▲+63.5,▲+846.67%,156,716,872,551,60,74,1340,7.5
TXO,202607W4,20260722.0,44850.0,Put,1050,1050,785,785,715.0,▼-1545,▼-66.31%,0,3,3,10,700,730,1750,400
TXO,202607W4,20260722.0,44900.0,Call,5.5,64,5.5,60,60.0,▲+52.7,▲+721.92%,252,1583,1835,694,62,63,1350,5.5
TXO,202607W4,20260722.0,44900.0,Put,1450,1450,980,990,755.0,▼-1390,▼-58.40%,3,30,33,22,745,770,2250,380
TXO,202607W4,20260722.0,44950.0,Call,4.5,54,4.5,52,52.0,▲+45,▲+642.86%,239,501,740,220,49,54,1000,4.5
TXO,202607W4,20260722.0,44950.0,Put,1040,1040,815,815,795.0,▼-1615,▼-66.46%,0,18,18,22,785,815,2100,390
TXO,202607W4,20260722.0,45000.0,Call,5.4,47,4.8,44,44.0,▲+37.3,▲+556.72%,1113,4131,5244,2377,44,44.5,2070,4
TXO,202607W4,20260722.0,45000.0,Put,1540,1540,830,830,830.0,▼-1650,▼-66.53%,1,103,104,65,830,850,2850,375
TXO,202607W4,20260722.0,45050.0,Call,2.9,39.5,2.9,35.5,35.5,▲+29.5,▲+491.67%,98,706,804,344,36,38,1190,2.9
TXO,202607W4,20260722.0,45050.0,Put,-,-,-,-,880.0,-,-,0,0,0,5,870,890,1070,650
TXO,202607W4,20260722.0,45100.0,Call,2.5,33,2.5,30,30.0,▲+24.6,▲+455.56%,143,705,848,444,30,31.5,1600,2.2
TXO,202607W4,20260722.0,45100.0,Put,940,940,940,940,925.0,▼-1640,▼-63.57%,1,2,3,12,915,940,2560,450
TXO,202607W4,20260722.0,45150.0,Call,2.5,27.5,2.5,25.5,25.5,▲+20.2,▲+381.13%,32,274,306,205,23,25.5,1250,2.5
TXO,202607W4,20260722.0,45150.0,Put,1500,1500,1060,1060,970.0,▼-1570,▼-59.70%,7,6,13,7,960,985,2190,478
TXO,202607W4,20260722.0,45200.0,Call,4.1,22.5,2.7,20,20.0,▲+14.8,▲+284.62%,184,1092,1276,604,19.5,20,1170,2.7
TXO,202607W4,20260722.0,45200.0,Put,2010,2100,1300,1300,1020.0,▼-1380,▼-51.49%,0,5,5,24,1000,1030,2620,480
TXO,202607W4,20260722.0,45250.0,Call,5.1,17.5,2.6,17,17.0,▲+12.1,▲+246.94%,53,196,249,110,16,17,1130,2.2
TXO,202607W4,20260722.0,45250.0,Put,1320,1320,1320,1320,1060.0,▼-1410,▼-51.65%,2,1,3,8,970,1080,2170,520
TXO,202607W4,20260722.0,45300.0,Call,2.3,13,2.1,12.5,12.5,▲+7.9,▲+171.74%,199,567,766,557,11.5,12.5,1350,2.1
TXO,202607W4,20260722.0,45300.0,Put,1720,1790,1340,1340,1110.0,▼-1440,▼-51.80%,1,15,16,28,1090,1130,2030,530
TXO,202607W4,20260722.0,45350.0,Call,2,10,2,10,10.0,▲+5.7,▲+132.56%,27,103,130,131,8.5,11,1050,2
TXO,202607W4,20260722.0,45350.0,Put,-,-,-,-,1160.0,-,-,1,0,1,19,1140,1170,2080,600
TXO,202607W4,20260722.0,45400.0,Call,1.9,9.1,1.8,8.8,8.8,▲+4.9,▲+125.64%,65,276,341,410,7.5,10,1050,1.6
TXO,202607W4,20260722.0,45400.0,Put,1910,1940,1470,1470,1200.0,▼-1410,▼-48.96%,1,30,31,34,1080,1220,2960,580
TXO,202607W4,20260722.0,45450.0,Call,2.5,5.9,1.1,5.8,5.8,▲+2.3,▲+65.71%,46,68,114,106,5.7,6,1590,1.1
TXO,202607W4,20260722.0,45450.0,Put,-,-,-,-,1250.0,-,-,0,0,0,17,1230,1370,3000,605
TXO,202607W4,20260722.0,45500.0,Call,1.5,4.5,1,4.4,4.4,▲+1.4,▲+46.67%,1082,1492,2574,4095,4,4.5,1200,0.4
TXO,202607W4,20260722.0,45500.0,Put,1640,1640,1540,1540,1300.0,▼-1440,▼-48.32%,0,2,2,23,1060,-,2680,580
TXO,202607W4,20260722.0,45550.0,Call,2.6,4.1,1,2.9,4.2,▲+0.3,▲+11.54%,151,148,299,356,3.2,4.2,995,0.5
TXO,202607W4,20260722.0,45550.0,Put,-,-,-,-,1350.0,-,-,0,0,0,12,1290,1370,3150,600
TXO,202607W4,20260722.0,45600.0,Call,1.2,3.3,1,3.3,3.3,▲+1.1,▲+50.00%,199,266,465,488,2.1,4.8,1230,0.5
TXO,202607W4,20260722.0,45600.0,Put,2270,2270,1530,1530,1400.0,▼-1550,▼-50.32%,0,2,2,25,1200,1500,3070,620
TXO,202607W4,20260722.0,45650.0,Call,1.2,3,1,3,3.0,▲+1,▲+50.00%,69,195,264,302,1.9,5,885,0.8
TXO,202607W4,20260722.0,45650.0,Put,1900,1930,1900,1920,1450.0,▼-1200,▼-38.46%,0,4,4,20,1190,-,2530,655
TXO,202607W4,20260722.0,45700.0,Call,1.4,2.4,0.5,2.4,2.4,▲+0.6,▲+33.33%,77,199,276,555,1,2.4,1260,0.5
TXO,202607W4,20260722.0,45700.0,Put,-,-,-,-,1500.0,-,-,0,0,0,17,1370,-,1680,730
TXO,202607W4,20260722.0,45750.0,Call,1.2,1.4,1.1,1.4,1.9,▼-0.3,▼-17.65%,19,125,144,297,0.2,10,965,1
TXO,202607W4,20260722.0,45750.0,Put,-,-,-,-,1550.0,-,-,0,0,0,14,1520,-,3100,725
TXO,202607W4,20260722.0,45800.0,Call,1.1,1.4,0.5,1.4,1.4,▼-0.2,▼-12.50%,122,148,270,438,1.2,1.5,940,0.5
TXO,202607W4,20260722.0,45800.0,Put,1720,1720,1720,1720,1600.0,▼-1550,▼-47.40%,0,1,1,13,1570,1710,3000,735
TXO,202607W4,20260722.0,45850.0,Call,1,1.4,0.7,1,1.0,▼-0.5,▼-33.33%,3,38,41,165,0.4,1,770,0.7
TXO,202607W4,20260722.0,45850.0,Put,1780,1780,1780,1780,1650.0,▼-1540,▼-46.39%,0,1,1,6,1630,1660,1780,810
TXO,202607W4,20260722.0,45900.0,Call,0.3,0.6,0.3,0.6,0.6,▼-0.8,▼-57.14%,6,5,11,226,0.3,0.9,1450,0.3
TXO,202607W4,20260722.0,45900.0,Put,-,-,-,-,1700.0,-,-,0,0,0,8,1670,-,3100,765
TXO,202607W4,20260722.0,45950.0,Call,0.4,0.5,0.4,0.5,0.5,▼-0.8,▼-61.54%,5,6,11,191,0.5,0.8,1410,0.4
TXO,202607W4,20260722.0,45950.0,Put,-,-,-,-,1750.0,-,-,0,0,0,7,1720,-,2680,825
TXO,202607W4,20260722.0,46000.0,Call,1.1,1.1,0.3,0.5,0.5,▼-0.7,▼-58.33%,432,340,772,3359,0.5,1.1,1200,0.3
TXO,202607W4,20260722.0,46000.0,Put,-,-,-,-,1800.0,-,-,0,0,0,51,1700,1820,3430,830
TXO,202607W4,20260722.0,46050.0,Call,0.5,0.6,0.2,0.6,0.5,▼-0.4,▼-40.00%,15,20,35,125,0.3,0.6,660,0.2
TXO,202607W4,20260722.0,46050.0,Put,-,-,-,-,1850.0,-,-,0,0,0,0,1820,-,-,-
TXO,202607W4,20260722.0,46100.0,Call,0.3,0.5,0.2,0.3,0.4,▼-0.7,▼-70.00%,19,42,61,380,0.2,0.6,790,0.2
TXO,202607W4,20260722.0,46100.0,Put,-,-,-,-,1900.0,-,-,0,0,0,11,1870,-,2940,1030
TXO,202607W4,20260722.0,46150.0,Call,0.4,0.4,0.2,0.2,0.4,▼-0.6,▼-75.00%,15,12,27,78,-,0.6,1000,0.2
TXO,202607W4,20260722.0,46150.0,Put,-,-,-,-,1950.0,-,-,0,0,0,0,1920,-,-,-
TXO,202607W4,20260722.0,46200.0,Call,0.2,0.4,0.1,0.3,0.3,▼-0.4,▼-57.14%,39,12,51,322,-,3,1010,0.1
TXO,202607W4,20260722.0,46200.0,Put,-,-,-,-,2000.0,-,-,0,0,0,6,1970,-,1990,985
TXO,202607W4,20260722.0,46250.0,Call,0.5,0.5,0.2,0.2,0.3,▼-0.4,▼-66.67%,4,12,16,91,-,3,575,0.2
TXO,202607W4,20260722.0,46250.0,Put,-,-,-,-,2050.0,-,-,0,0,0,0,2020,-,-,-
TXO,202607W4,20260722.0,46300.0,Call,0.4,0.6,0.3,0.3,0.3,▼-0.3,▼-50.00%,5,15,20,218,-,1.9,990,0.2
TXO,202607W4,20260722.0,46300.0,Put,-,-,-,-,2100.0,-,-,0,0,0,10,2070,-,1530,1090
TXO,202607W4,20260722.0,46350.0,Call,0.4,0.4,0.4,0.4,0.3,▼-0.2,▼-33.33%,5,3,8,59,-,0.7,1010,0.4
TXO,202607W4,20260722.0,46350.0,Put,-,-,-,-,2150.0,-,-,0,0,0,0,2120,-,-,-
TXO,202607W4,20260722.0,46400.0,Call,0.3,8.9,0.2,2.3,0.3,▲+1.7,▲+283.33%,11,49,60,177,-,2.2,1090,0.2
TXO,202607W4,20260722.0,46400.0,Put,2700,2700,2290,2290,2200.0,▼-1580,▼-40.83%,0,12,12,17,2170,2270,3730,1090
TXO,202607W4,20260722.0,46450.0,Call,0.3,0.3,0.2,0.2,0.3,▼-0.4,▼-66.67%,0,6,6,61,-,9,485,0.2
TXO,202607W4,20260722.0,46450.0,Put,-,-,-,-,2250.0,-,-,0,0,0,5,2220,2370,1160,1160
TXO,202607W4,20260722.0,46500.0,Call,0.4,0.8,0.1,0.8,0.3,▲+0.3,▲+60.00%,72,27,99,562,-,0.9,770,0.1
TXO,202607W4,20260722.0,46500.0,Put,-,-,-,-,2300.0,-,-,0,0,0,11,2270,2420,3610,1150
TXO,202607W4,20260722.0,46550.0,Call,0.1,0.1,0.1,0.1,0.3,▼-0.4,▼-80.00%,1,1,2,95,0.1,4.5,980,0.1
TXO,202607W4,20260722.0,46550.0,Put,-,-,-,-,2350.0,-,-,0,0,0,5,2320,2470,1190,1190
TXO,202607W4,20260722.0,46600.0,Call,0.2,0.5,0.1,0.1,0.3,▼-0.4,▼-80.00%,8,11,19,278,-,0.4,615,0.1
TXO,202607W4,20260722.0,46600.0,Put,-,-,-,-,2400.0,-,-,0,0,0,6,2380,2410,1870,1210
TXO,202607W4,20260722.0,46650.0,Call,0.2,0.2,0.2,0.2,0.3,▼-0.3,▼-60.00%,1,2,3,50,-,5,570,0.2
TXO,202607W4,20260722.0,46650.0,Put,-,-,-,-,2450.0,-,-,0,0,0,0,2420,-,-,-
TXO,202607W4,20260722.0,46700.0,Call,0.5,0.5,0.5,0.5,0.3,0,0%,10,3,13,228,0.1,0.7,770,0.2
TXO,202607W4,20260722.0,46700.0,Put,-,-,-,-,2500.0,-,-,0,0,0,2,2470,2610,2500,1260
TXO,202607W4,20260722.0,46750.0,Call,-,-,-,-,0.2,-,-,4,0,4,34,-,14.5,910,0.5
TXO,202607W4,20260722.0,46750.0,Put,-,-,-,-,2550.0,-,-,0,0,0,5,2520,2660,1300,1300
TXO,202607W4,20260722.0,46800.0,Call,0.2,0.2,0.2,0.2,0.2,▼-0.3,▼-60.00%,7,6,13,214,-,10,535,0.2
TXO,202607W4,20260722.0,46800.0,Put,2800,2800,2800,2800,2600.0,▼-1470,▼-34.43%,0,4,4,0,2570,-,2800,1340
TXO,202607W4,20260722.0,46850.0,Call,-,-,-,-,0.2,-,-,1,0,1,10,-,4.9,346,0.2
TXO,202607W4,20260722.0,46850.0,Put,-,-,-,-,2650.0,-,-,0,0,0,15,2620,2740,1370,1350
TXO,202607W4,20260722.0,46900.0,Call,0.2,0.2,0.2,0.2,0.2,▼-0.3,▼-60.00%,4,5,9,56,-,1.1,462,0.1
TXO,202607W4,20260722.0,46900.0,Put,-,-,-,-,2700.0,-,-,0,0,0,0,2670,-,2300,1390
TXO,202607W4,20260722.0,46950.0,Call,-,-,-,-,0.2,-,-,2,0,2,22,-,9.9,229,0.3
TXO,202607W4,20260722.0,46950.0,Put,-,-,-,-,2750.0,-,-,0,0,0,0,2720,-,-,-
TXO,202607W4,20260722.0,47000.0,Call,0.1,0.2,0.1,0.1,0.2,▼-0.3,▼-75.00%,14,32,46,1812,-,0.1,820,0.1
TXO,202607W4,20260722.0,47000.0,Put,-,-,-,-,2800.0,-,-,0,0,0,2,2770,2920,3990,1580
TXO,202607W4,20260722.0,47050.0,Call,0.2,0.2,0.2,0.2,0.2,▼-0.2,▼-50.00%,7,1,8,92,-,10,300,0.2
TXO,202607W4,20260722.0,47050.0,Put,-,-,-,-,2850.0,-,-,0,0,0,4,2820,2960,1530,1530
TXO,202607W4,20260722.0,47100.0,Call,0.2,0.2,0.2,0.2,0.2,▼-0.2,▼-50.00%,5,7,12,156,0.1,0.6,640,0.2
TXO,202607W4,20260722.0,47100.0,Put,-,-,-,-,2900.0,-,-,0,0,0,0,2870,-,-,-
TXO,202607W4,20260722.0,47200.0,Call,0.1,0.2,0.1,0.2,0.2,▼-0.2,▼-50.00%,10,14,24,140,-,2.5,277,0.1
TXO,202607W4,20260722.0,47200.0,Put,-,-,-,-,3000.0,-,-,0,0,0,0,2970,-,-,-
TXO,202607W4,20260722.0,47300.0,Call,0.2,0.2,0.2,0.2,0.2,▼-0.2,▼-50.00%,2,7,9,197,0.1,2,615,0.2
TXO,202607W4,20260722.0,47300.0,Put,-,-,-,-,3100.0,-,-,0,0,0,0,3070,-,-,-
TXO,202607W4,20260722.0,47400.0,Call,0.2,0.2,0.2,0.2,0.2,▼-0.2,▼-50.00%,4,6,10,426,0.1,2,520,0.2
TXO,202607W4,20260722.0,47400.0,Put,-,-,-,-,3190.0,-,-,0,0,0,0,3170,-,-,-
TXO,202607W4,20260722.0,47500.0,Call,0.2,0.2,0.2,0.2,0.2,▼-0.1,▼-33.33%,0,8,8,698,0.1,0.4,640,0.2
TXO,202607W4,20260722.0,47500.0,Put,-,-,-,-,3290.0,-,-,0,0,0,0,3270,-,-,-
TXO,202607W4,20260722.0,47600.0,Call,0.2,0.2,0.2,0.2,0.2,▼-0.1,▼-33.33%,0,14,14,172,0.1,3,585,0.2
TXO,202607W4,20260722.0,47600.0,Put,-,-,-,-,3390.0,-,-,0,0,0,0,3380,3410,-,-
TXO,202607W4,20260722.0,47700.0,Call,0.6,0.6,0.6,0.6,0.2,▲+0.3,▲+100.00%,0,10,10,227,-,0.7,479,0.2
TXO,202607W4,20260722.0,47700.0,Put,-,-,-,-,3490.0,-,-,0,0,0,0,3480,3510,-,-
TXO,202607W4,20260722.0,47800.0,Call,-,-,-,-,0.2,-,-,2,0,2,133,-,0.5,411,0.2
TXO,202607W4,20260722.0,47800.0,Put,-,-,-,-,3590.0,-,-,0,0,0,0,-,3610,-,-
TXO,202607W4,20260722.0,47900.0,Call,-,-,-,-,0.2,-,-,0,0,0,39,-,14.5,460,0.2
TXO,202607W4,20260722.0,47900.0,Put,-,-,-,-,3690.0,-,-,0,0,0,0,3670,-,-,-
TXO,202607W4,20260722.0,48000.0,Call,0.2,0.2,0.2,0.2,0.2,▼-0.1,▼-33.33%,17,9,26,1116,-,1,410,0.1
TXO,202607W4,20260722.0,48000.0,Put,-,-,-,-,3790.0,-,-,0,0,0,0,3770,-,-,-
TXO,202607W4,20260722.0,48100.0,Call,0.3,0.3,0.3,0.3,0.2,0,0%,0,1,1,115,-,2,195,0.3
TXO,202607W4,20260722.0,48100.0,Put,-,-,-,-,3890.0,-,-,0,0,0,0,3870,-,-,-
TXO,202607W4,20260722.0,48200.0,Call,0.3,0.3,0.3,0.3,0.2,0,0%,0,2,2,60,-,0.5,284,0.2
TXO,202607W4,20260722.0,48200.0,Put,-,-,-,-,3990.0,-,-,0,0,0,0,3970,-,3320,2620
TXO,202607W4,20260722.0,48300.0,Call,-,-,-,-,0.2,-,-,0,0,0,137,-,32.5,344,0.2
TXO,202607W4,20260722.0,48300.0,Put,-,-,-,-,4090.0,-,-,0,0,0,0,4070,-,-,-
TXO,202607W4,20260722.0,48400.0,Call,-,-,-,-,0.2,-,-,1,0,1,119,-,2,303,0.2
TXO,202607W4,20260722.0,48400.0,Put,-,-,-,-,4190.0,-,-,0,0,0,0,4170,-,-,-
TXO,202607W4,20260722.0,48500.0,Call,0.2,0.2,0.2,0.2,0.2,0,0%,3,6,9,2107,-,10,280,0.2
TXO,202607W4,20260722.0,48500.0,Put,-,-,-,-,4290.0,-,-,0,0,0,0,4270,-,-,-
TXO,202607W4,20260722.0,48600.0,Call,0.2,0.2,0.2,0.2,0.2,0,0%,2,40,42,129,-,4.4,300,0.2
TXO,202607W4,20260722.0,48600.0,Put,-,-,-,-,4390.0,-,-,0,0,0,0,4370,-,-,-
TXO,202607W4,20260722.0,48700.0,Call,-,-,-,-,0.2,-,-,5,0,5,181,-,1.2,192,0.2
TXO,202607W4,20260722.0,48700.0,Put,-,-,-,-,4490.0,-,-,0,0,0,0,4470,-,-,-
TXO,202607W4,20260722.0,48800.0,Call,0.2,0.2,0.2,0.2,0.2,0,0%,3,10,13,58,-,17,100,0.2
TXO,202607W4,20260722.0,48800.0,Put,-,-,-,-,4590.0,-,-,0,0,0,0,4570,-,-,-
TXO,202607W4,20260722.0,48900.0,Call,-,-,-,-,0.2,-,-,3,0,3,19,-,13,64,0.2
TXO,202607W4,20260722.0,48900.0,Put,-,-,-,-,4690.0,-,-,0,0,0,0,-,4710,-,-
TXO,202607W4,20260722.0,49000.0,Call,0.2,0.2,0.2,0.2,0.2,0,0%,8,33,41,153,-,30,200,0.2
TXO,202607W4,20260722.0,49000.0,Put,-,-,-,-,4790.0,-,-,0,0,0,0,-,4810,-,-
TXO,202607W4,20260722.0,49100.0,Call,-,-,-,-,0.2,-,-,2,0,2,38,-,17,180,0.2
TXO,202607W4,20260722.0,49100.0,Put,-,-,-,-,4890.0,-,-,0,0,0,0,4870,-,-,-
TXO,202607W4,20260722.0,49200.0,Call,-,-,-,-,0.2,-,-,2,0,2,27,-,30,150,0.2
TXO,202607W4,20260722.0,49200.0,Put,-,-,-,-,4990.0,-,-,0,0,0,0,4970,-,-,-
TXO,202607W4,20260722.0,49300.0,Call,-,-,-,-,0.2,-,-,1,0,1,27,-,0.2,157,0.2
TXO,202607W4,20260722.0,49300.0,Put,-,-,-,-,5090.0,-,-,0,0,0,0,5070,-,-,-
TXO,202607W4,20260722.0,49400.0,Call,-,-,-,-,0.2,-,-,0,0,0,81,-,0.2,141,0.1
TXO,202607W4,20260722.0,49400.0,Put,-,-,-,-,5190.0,-,-,0,0,0,0,5170,-,-,-
TXO,202607W4,20260722.0,49500.0,Call,-,-,-,-,0.1,-,-,0,0,0,829,-,100,140,0.2
TXO,202607W4,20260722.0,49500.0,Put,-,-,-,-,5290.0,-,-,0,0,0,0,5270,-,-,-
TXO,202607W4,20260722.0,49600.0,Call,0.2,0.2,0.2,0.2,0.1,0,0%,0,1,1,15,-,-,128,0.2
TXO,202607W4,20260722.0,49600.0,Put,-,-,-,-,5390.0,-,-,0,0,0,0,-,-,-,-
TXO,202607W4,20260722.0,49700.0,Call,-,-,-,-,0.1,-,-,0,0,0,10,-,-,107,1.8
TXO,202607W4,20260722.0,49700.0,Put,-,-,-,-,5490.0,-,-,0,0,0,0,-,-,-,-
TXO,202607W4,20260722.0,49800.0,Call,-,-,-,-,0.1,-,-,1,0,1,18,-,7.8,113,0.2
TXO,202607W4,20260722.0,49800.0,Put,-,-,-,-,5590.0,-,-,0,0,0,0,-,-,-,-
TXO,202607W4,20260722.0,49900.0,Call,-,-,-,-,0.1,-,-,0,0,0,1,-,40,101,0.2
TXO,202607W4,20260722.0,49900.0,Put,-,-,-,-,5690.0,-,-,0,0,0,0,-,-,-,-
TXO,202607W4,20260722.0,50000.0,Call,0.2,0.2,0.2,0.2,0.1,0,0%,0,15,15,219,-,3,117,0.1
TXO,202607W4,20260722.0,50000.0,Put,-,-,-,-,5790.0,-,-,0,0,0,0,-,-,-,-
TXO,202607W4,20260722.0,50100.0,Call,-,-,-,-,0.1,-,-,1,0,1,15,-,40,92,0.2
TXO,202607W4,20260722.0,50100.0,Put,-,-,-,-,5890.0,-,-,0,0,0,0,-,-,-,-
TXO,202607W4,20260722.0,50200.0,Call,-,-,-,-,0.1,-,-,0,0,0,11,-,-,15.5,0.1
TXO,202607W4,20260722.0,50200.0,Put,-,-,-,-,5990.0,-,-,0,0,0,0,-,-,-,-
TXO,202607W4,20260722.0,50300.0,Call,0.3,0.3,0.3,0.3,0.1,▲+0.1,▲+50.00%,0,1,1,6,-,1,59,0.3
TXO,202607W4,20260722.0,50300.0,Put,-,-,-,-,6090.0,-,-,0,0,0,0,-,-,-,-
TXO,202607W4,20260722.0,50400.0,Call,0.2,0.2,0.2,0.2,0.1,0,0%,1,1,2,1295,-,0.2,68,0.1
TXO,202607W4,20260722.0,50400.0,Put,-,-,-,-,6190.0,-,-,0,0,0,0,-,-,-,-
TXO,202607F4,20260724.0,38200.0,Call,-,-,-,-,6060.0,-,-,0,0,0,0,5980,-,-,-
TXO,202607F4,20260724.0,38200.0,Put,21,21,2.8,4.5,4.5,▼-37.5,▼-89.29%,0,131,131,102,2.7,4.4,21,2.8
TXO,202607F4,20260724.0,38300.0,Call,-,-,-,-,5960.0,-,-,0,0,0,0,5880,-,-,-
TXO,202607F4,20260724.0,38300.0,Put,10,10,3.1,5,4.6,▼-50,▼-90.91%,0,8,8,8,3.5,14,10,3.1
TXO,202607F4,20260724.0,38400.0,Call,-,-,-,-,5860.0,-,-,0,0,0,0,5810,-,-,-
TXO,202607F4,20260724.0,38400.0,Put,30,30,3.5,4.4,4.7,▼-56.6,▼-92.79%,65,186,251,671,3.8,13.5,105,3.5
TXO,202607F4,20260724.0,38500.0,Call,-,-,-,-,5760.0,-,-,0,0,0,0,-,-,-,-
TXO,202607F4,20260724.0,38500.0,Put,28.5,28.5,3.1,3.1,4.8,▼-58.9,▼-95.00%,13,48,61,51,0.6,5.8,94,3.1
TXO,202607F4,20260724.0,38600.0,Call,-,-,-,-,5660.0,-,-,0,0,0,0,5590,-,-,-
TXO,202607F4,20260724.0,38600.0,Put,17,17,6,6,5.4,▼-66,▼-91.67%,8,7,15,11,0.7,18,96,6
TXO,202607F4,20260724.0,38700.0,Call,-,-,-,-,5560.0,-,-,0,0,0,0,5480,-,-,-
TXO,202607F4,20260724.0,38700.0,Put,25,25,5.3,5.9,5.9,▼-68.1,▼-92.03%,2,27,29,22,1,14.5,101,5.3
TXO,202607F4,20260724.0,38800.0,Call,-,-,-,-,5470.0,-,-,0,0,0,0,-,-,-,-
TXO,202607F4,20260724.0,38800.0,Put,16,16,4.5,7,6.4,▼-74,▼-91.36%,2,40,42,30,5.5,57,99,4.5
TXO,202607F4,20260724.0,38900.0,Call,-,-,-,-,5370.0,-,-,0,0,0,0,5290,-,-,-
TXO,202607F4,20260724.0,38900.0,Put,25,25,6,7.4,6.8,▼-79.6,▼-91.49%,13,86,99,85,5.4,11,60,6
TXO,202607F4,20260724.0,39000.0,Call,-,-,-,-,5270.0,-,-,0,0,0,0,-,-,-,-
TXO,202607F4,20260724.0,39000.0,Put,20,25.5,5.5,7.6,7.6,▼-91.4,▼-92.32%,37,166,203,125,5,106,106,5.5
TXO,202607F4,20260724.0,39100.0,Call,-,-,-,-,5170.0,-,-,0,0,0,0,5080,-,-,-
TXO,202607F4,20260724.0,39100.0,Put,16,16,15,15,7.7,▼-85,▼-85.00%,8,85,93,85,5.8,115,90,15
TXO,202607F4,20260724.0,39200.0,Call,-,-,-,-,5070.0,-,-,0,0,0,0,4990,-,-,-
TXO,202607F4,20260724.0,39200.0,Put,16,16,8.8,8.8,8.8,▼-103.2,▼-92.14%,8,93,101,94,2,114,148,8.8
TXO,202607F4,20260724.0,39300.0,Call,-,-,-,-,4970.0,-,-,0,0,0,0,-,-,-,-
TXO,202607F4,20260724.0,39300.0,Put,33,33,9,10.5,8.8,▼-105.5,▼-90.95%,0,10,10,7,1.2,33,147,9
TXO,202607F4,20260724.0,39400.0,Call,-,-,-,-,4870.0,-,-,0,0,0,0,4790,-,-,-
TXO,202607F4,20260724.0,39400.0,Put,44.5,44.5,9.4,11.5,9.4,▼-113.5,▼-90.80%,10,71,81,43,7.5,112,100,9.4
TXO,202607F4,20260724.0,39500.0,Call,-,-,-,-,4770.0,-,-,0,0,0,0,4690,-,-,-
TXO,202607F4,20260724.0,39500.0,Put,50,50,8.2,10,10.0,▼-124,▼-92.54%,14,117,131,110,9.5,11,116,8.2
TXO,202607F4,20260724.0,39600.0,Call,-,-,-,-,4670.0,-,-,0,0,0,0,4620,-,-,-
TXO,202607F4,20260724.0,39600.0,Put,56,56,10.5,12.5,11.0,▼-130.5,▼-91.26%,8,30,38,29,3.1,49,142,10.5
TXO,202607F4,20260724.0,39700.0,Call,-,-,-,-,4570.0,-,-,0,0,0,0,4500,-,-,-
TXO,202607F4,20260724.0,39700.0,Put,56,56,10.5,11.5,11.5,▼-140.5,▼-92.43%,1,97,98,105,5.1,116,152,10.5
TXO,202607F4,20260724.0,39800.0,Call,-,-,-,-,4470.0,-,-,0,0,0,0,-,-,-,-
TXO,202607F4,20260724.0,39800.0,Put,51,51,11,13,13.0,▼-147,▼-91.88%,4,144,148,148,10,48,160,11
TXO,202607F4,20260724.0,39900.0,Call,-,-,-,-,4370.0,-,-,0,0,0,0,-,-,-,-
TXO,202607F4,20260724.0,39900.0,Put,20,20,14,15,15.0,▼-161,▼-91.48%,2,18,20,19,12,-,155,14
TXO,202607F4,20260724.0,40000.0,Call,-,-,-,-,4270.0,-,-,0,0,0,0,-,-,-,-
TXO,202607F4,20260724.0,40000.0,Put,72,78,13.5,15.5,15.5,▼-181.5,▼-92.13%,61,203,264,180,15,25,238,13.5
TXO,202607F4,20260724.0,40100.0,Call,-,-,-,-,4180.0,-,-,0,0,0,0,4130,-,-,-
TXO,202607F4,20260724.0,40100.0,Put,27.5,27.5,16,22,16.5,▼-177,▼-88.94%,2,14,16,17,7,50,222,16
TXO,202607F4,20260724.0,40200.0,Call,-,-,-,-,4080.0,-,-,0,0,0,0,4000,-,-,-
TXO,202607F4,20260724.0,40200.0,Put,104,104,17.5,17.5,17.5,▼-195.5,▼-91.78%,19,158,177,148,15,30.5,330,4.8
TXO,202607F4,20260724.0,40300.0,Call,-,-,-,-,3980.0,-,-,0,0,0,0,-,-,-,-
TXO,202607F4,20260724.0,40300.0,Put,70,98,20,22.5,19.5,▼-191.5,▼-89.49%,15,76,91,42,3,90,295,6.3
TXO,202607F4,20260724.0,40400.0,Call,-,-,-,-,3880.0,-,-,0,0,0,0,3810,-,-,-
TXO,202607F4,20260724.0,40400.0,Put,102,102,20.5,22,22.0,▼-227,▼-91.16%,4,35,39,52,8.2,158,368,15
TXO,202607F4,20260724.0,40500.0,Call,-,-,-,-,3780.0,-,-,0,0,0,0,3710,-,-,-
TXO,202607F4,20260724.0,40500.0,Put,106,106,21,21,22.5,▼-240,▼-91.95%,12,90,102,56,20,25,387,6.9
TXO,202607F4,20260724.0,40600.0,Call,-,-,-,-,3680.0,-,-,0,0,0,0,3610,-,-,-
TXO,202607F4,20260724.0,40600.0,Put,126,126,27.5,28,25.0,▼-244,▼-89.71%,6,14,20,10,11,-,349,6.6
TXO,202607F4,20260724.0,40700.0,Call,-,-,-,-,3590.0,-,-,0,0,0,0,3540,-,-,-
TXO,202607F4,20260724.0,40700.0,Put,131,131,26.5,26.5,26.5,▼-263.5,▼-90.86%,101,27,128,103,23,-,371,16.5
TXO,202607F4,20260724.0,40800.0,Call,-,-,-,-,3490.0,-,-,0,0,0,0,3420,-,-,-
TXO,202607F4,20260724.0,40800.0,Put,106,106,29,29,29.0,▼-279,▼-90.58%,6,34,40,74,28,30,391,11
TXO,202607F4,20260724.0,40900.0,Call,-,-,-,-,3390.0,-,-,0,0,0,0,3320,-,-,-
TXO,202607F4,20260724.0,40900.0,Put,147,147,37,39,32.5,▼-288,▼-88.07%,4,24,28,35,27.5,43.5,416,10.5
TXO,202607F4,20260724.0,41000.0,Call,-,-,-,-,3290.0,-,-,0,0,0,0,3250,-,-,-
TXO,202607F4,20260724.0,41000.0,Put,150,167,34,34,34.0,▼-316,▼-90.29%,34,169,203,111,28.5,37,530,10
TXO,202607F4,20260724.0,41100.0,Call,-,-,-,-,3200.0,-,-,0,0,0,0,3130,-,-,-
TXO,202607F4,20260724.0,41100.0,Put,99,101,47.5,50,38.5,▼-317,▼-86.38%,0,21,21,36,27,42,391,17
TXO,202607F4,20260724.0,41200.0,Call,-,-,-,-,3100.0,-,-,0,0,0,0,3030,3160,-,-
TXO,202607F4,20260724.0,41200.0,Put,113,113,40,40,40.0,▼-340,▼-89.47%,53,16,69,84,29,91,590,18.5
TXO,202607F4,20260724.0,41250.0,Call,-,-,-,-,3050.0,-,-,0,0,0,0,2980,3130,-,-
TXO,202607F4,20260724.0,41250.0,Put,-,-,-,-,44.0,-,-,0,0,0,0,28.5,-,-,-
TXO,202607F4,20260724.0,41300.0,Call,-,-,-,-,3010.0,-,-,0,0,0,0,2940,3080,-,-
TXO,202607F4,20260724.0,41300.0,Put,125,125,48,48,48.0,▼-364,▼-88.35%,0,21,21,26,27,165,580,17.5
TXO,202607F4,20260724.0,41350.0,Call,-,-,-,-,2960.0,-,-,0,0,0,0,2820,-,-,-
TXO,202607F4,20260724.0,41350.0,Put,102,102,57,57,49.0,▼-370,▼-86.65%,0,6,6,4,30,155,102,57
TXO,202607F4,20260724.0,41400.0,Call,-,-,-,-,2910.0,-,-,0,0,0,1,2840,2960,1550,1550
TXO,202607F4,20260724.0,41400.0,Put,143,145,60,66,52.0,▼-370,▼-84.86%,8,68,76,61,27.5,150,467,19
TXO,202607F4,20260724.0,41450.0,Call,-,-,-,-,2860.0,-,-,0,0,0,0,2790,2920,-,-
TXO,202607F4,20260724.0,41450.0,Put,143,143,54,54,54.0,▼-396,▼-88.00%,3,15,18,10,27,166,249,54
TXO,202607F4,20260724.0,41500.0,Call,-,-,-,-,2820.0,-,-,0,0,0,0,2750,2900,-,-
TXO,202607F4,20260724.0,41500.0,Put,165,165,58,58,58.0,▼-404,▼-87.45%,9,129,138,164,50,101,580,16
TXO,202607F4,20260724.0,41550.0,Call,-,-,-,-,2770.0,-,-,0,0,0,0,2670,2870,-,-
TXO,202607F4,20260724.0,41550.0,Put,93,93,93,93,58.0,▼-384,▼-80.50%,0,1,1,1,23,-,93,93
TXO,202607F4,20260724.0,41600.0,Call,-,-,-,-,2720.0,-,-,0,0,0,0,2650,2780,-,-
TXO,202607F4,20260724.0,41600.0,Put,153,161,64,64,64.0,▼-424,▼-86.89%,1,33,34,17,50,-,465,64
TXO,202607F4,20260724.0,41650.0,Call,-,-,-,-,2670.0,-,-,0,0,0,0,2630,2770,-,-
TXO,202607F4,20260724.0,41650.0,Put,-,-,-,-,64.0,-,-,0,0,0,0,31,-,-,-
TXO,202607F4,20260724.0,41700.0,Call,-,-,-,-,2630.0,-,-,0,0,0,0,2560,2710,1810,1810
TXO,202607F4,20260724.0,41700.0,Put,256,256,79,79,67.0,▼-436,▼-84.66%,0,29,29,40,39,177,770,60
TXO,202607F4,20260724.0,41750.0,Call,-,-,-,-,2580.0,-,-,0,0,0,0,2510,2630,-,-
TXO,202607F4,20260724.0,41750.0,Put,195,195,96,96,71.0,▼-454,▼-82.55%,6,42,48,40,3.6,173,550,96
TXO,202607F4,20260724.0,41800.0,Call,-,-,-,-,2530.0,-,-,0,0,0,0,2490,2610,1730,1730
TXO,202607F4,20260724.0,41800.0,Put,196,215,86,88,73.0,▼-467,▼-84.14%,0,55,55,37,22,172,450,86
TXO,202607F4,20260724.0,41850.0,Call,-,-,-,-,2490.0,-,-,0,0,0,0,2420,2560,-,-
TXO,202607F4,20260724.0,41850.0,Put,145,145,91,96,78.0,▼-469,▼-83.01%,0,8,8,4,3.9,-,307,91
TXO,202607F4,20260724.0,41900.0,Call,-,-,-,-,2440.0,-,-,0,0,0,0,2330,2480,1550,1380
TXO,202607F4,20260724.0,41900.0,Put,292,292,79,79,79.0,▼-491,▼-86.14%,5,47,52,23,19,119,715,38
TXO,202607F4,20260724.0,41950.0,Call,-,-,-,-,2390.0,-,-,0,0,0,0,2290,-,-,-
TXO,202607F4,20260724.0,41950.0,Put,233,233,182,182,85.0,▼-418,▼-69.67%,0,3,3,1,2.5,92,233,182
TXO,202607F4,20260724.0,42000.0,Call,2080,2080,2080,2080,2350.0,▲+950,▲+84.07%,0,1,1,1,2250,2390,2080,1300
TXO,202607F4,20260724.0,42000.0,Put,325,325,85,85,85.0,▼-540,▼-86.40%,60,312,372,252,85,89,925,26
TXO,202607F4,20260724.0,42050.0,Call,-,-,-,-,2300.0,-,-,0,0,0,0,2200,2350,-,-
TXO,202607F4,20260724.0,42050.0,Put,102,104,101,101,93.0,▼-529,▼-83.97%,0,37,37,37,6.4,203,104,101
TXO,202607F4,20260724.0,42100.0,Call,-,-,-,-,2260.0,-,-,0,0,0,600,2160,2350,1520,1290
TXO,202607F4,20260724.0,42100.0,Put,250,250,95,95,95.0,▼-550,▼-85.27%,1,19,20,16,92,99,745,53
TXO,202607F4,20260724.0,42150.0,Call,-,-,-,-,2210.0,-,-,0,0,0,0,2110,2250,-,-
TXO,202607F4,20260724.0,42150.0,Put,179,179,130,130,103.0,▼-530,▼-80.30%,10,4,14,5,2.3,-,595,130
TXO,202607F4,20260724.0,42200.0,Call,1750,1750,1750,1750,2170.0,▲+755,▲+75.88%,0,2,2,22,2090,2260,1750,975
TXO,202607F4,20260724.0,42200.0,Put,280,280,112,112,112.0,▼-568,▼-83.53%,5,33,38,34,38.5,214,955,53
TXO,202607F4,20260724.0,42250.0,Call,-,-,-,-,2120.0,-,-,0,0,0,0,2030,2160,-,-
TXO,202607F4,20260724.0,42250.0,Put,-,-,-,-,112.0,-,-,0,0,0,0,2.4,-,-,-
TXO,202607F4,20260724.0,42300.0,Call,1880,1900,1880,1900,2080.0,▲+960,▲+102.13%,0,2,2,0,2040,-,1900,1240
TXO,202607F4,20260724.0,42300.0,Put,402,415,142,144,118.0,▼-581,▼-80.14%,0,30,30,51,18.5,215,990,76
TXO,202607F4,20260724.0,42350.0,Call,-,-,-,-,2030.0,-,-,0,0,0,0,1960,-,-,-
TXO,202607F4,20260724.0,42350.0,Put,152,162,145,162,124.0,▼-583,▼-78.26%,0,8,8,7,27.5,220,162,145
TXO,202607F4,20260724.0,42400.0,Call,-,-,-,-,1990.0,-,-,0,0,0,0,1900,2040,-,-
TXO,202607F4,20260724.0,42400.0,Put,400,400,130,130,130.0,▼-625,▼-82.78%,4,54,58,68,31.5,188,950,105
TXO,202607F4,20260724.0,42450.0,Call,-,-,-,-,1950.0,-,-,0,0,0,0,1870,2000,-,-
TXO,202607F4,20260724.0,42450.0,Put,139,139,133,133,133.0,▼-642,▼-82.84%,0,4,4,4,131,-,139,133
TXO,202607F4,20260724.0,42500.0,Call,-,-,-,-,1900.0,-,-,0,0,0,1,1820,-,1130,905
TXO,202607F4,20260724.0,42500.0,Put,438,450,133,133,142.0,▼-662,▼-83.27%,9,288,297,73,120,210,1000,94
TXO,202607F4,20260724.0,42550.0,Call,-,-,-,-,1860.0,-,-,0,0,0,0,1790,1900,-,-
TXO,202607F4,20260724.0,42550.0,Put,305,305,156,156,156.0,▼-664,▼-80.98%,2,16,18,12,64,245,570,156
TXO,202607F4,20260724.0,42600.0,Call,-,-,-,-,1820.0,-,-,0,0,0,0,1730,-,-,-
TXO,202607F4,20260724.0,42600.0,Put,316,328,160,162,162.0,▼-683,▼-80.83%,0,32,32,44,69,163,1000,92
TXO,202607F4,20260724.0,42650.0,Call,-,-,-,-,1770.0,-,-,0,0,0,0,1690,1810,-,-
TXO,202607F4,20260724.0,42650.0,Put,-,-,-,-,165.0,-,-,0,0,0,1,3.4,278,800,590
TXO,202607F4,20260724.0,42700.0,Call,990,990,990,990,1730.0,▲+265,▲+36.55%,1,1,2,1,1670,1790,990,645
TXO,202607F4,20260724.0,42700.0,Put,360,362,189,189,169.0,▼-696,▼-78.64%,0,43,43,56,87,265,1070,120
TXO,202607F4,20260724.0,42750.0,Call,-,-,-,-,1690.0,-,-,0,0,0,0,1660,-,-,-
TXO,202607F4,20260724.0,42750.0,Put,550,550,202,202,177.0,▼-708,▼-77.80%,1,5,6,5,101,249,655,202
TXO,202607F4,20260724.0,42800.0,Call,1100,1300,1100,1300,1640.0,▲+635,▲+95.49%,2,3,5,19,1570,1670,1300,665
TXO,202607F4,20260724.0,42800.0,Put,374,374,188,188,188.0,▼-737,▼-79.68%,5,18,23,26,111,-,1120,133
TXO,202607F4,20260724.0,42850.0,Call,-,-,-,-,1600.0,-,-,2,0,2,10,1530,1690,945,790
TXO,202607F4,20260724.0,42850.0,Put,400,400,366,380,194.0,▼-585,▼-60.62%,2,5,7,6,109,345,630,366
TXO,202607F4,20260724.0,42900.0,Call,-,-,-,-,1560.0,-,-,0,0,0,3,1490,1660,865,715
TXO,202607F4,20260724.0,42900.0,Put,375,375,204,204,204.0,▼-781,▼-79.29%,0,7,7,2,128,-,800,113
TXO,202607F4,20260724.0,42950.0,Call,-,-,-,-,1520.0,-,-,1,0,1,1,1450,1550,745,620
TXO,202607F4,20260724.0,42950.0,Put,417,417,253,253,210.0,▼-747,▼-74.70%,0,4,4,0,125,-,417,253
TXO,202607F4,20260724.0,43000.0,Call,845,1140,845,1140,1480.0,▲+590,▲+107.27%,2,3,5,10,1430,1520,2930,550
TXO,202607F4,20260724.0,43000.0,Put,520,520,231,231,220.0,▼-799,▼-77.57%,9,92,101,64,152,230,1000,123
TXO,202607F4,20260724.0,43050.0,Call,-,-,-,-,1440.0,-,-,0,0,0,0,1370,1470,-,-
TXO,202607F4,20260724.0,43050.0,Put,420,420,288,288,228.0,▼-772,▼-72.83%,0,3,3,3,155,-,420,288
TXO,202607F4,20260724.0,43100.0,Call,-,-,-,-,1400.0,-,-,0,0,0,20,1330,-,910,600
TXO,202607F4,20260724.0,43100.0,Put,429,474,280,280,240.0,▼-810,▼-74.31%,2,36,38,48,158,-,1150,206
TXO,202607F4,20260724.0,43150.0,Call,-,-,-,-,1360.0,-,-,2,0,2,0,1300,-,640,520
TXO,202607F4,20260724.0,43150.0,Put,470,470,302,302,249.0,▼-818,▼-73.04%,1,7,8,7,171,-,640,302
TXO,202607F4,20260724.0,43200.0,Call,800,880,800,880,1320.0,▲+418,▲+90.48%,1,4,5,9,1260,1410,880,535
TXO,202607F4,20260724.0,43200.0,Put,695,730,280,280,259.0,▼-860,▼-75.44%,2,26,28,8,192,-,870,154
TXO,202607F4,20260724.0,43250.0,Call,-,-,-,-,1280.0,-,-,0,0,0,8,1220,1320,655,585
TXO,202607F4,20260724.0,43250.0,Put,-,-,-,-,270.0,-,-,0,0,0,0,202,-,-,-
TXO,202607F4,20260724.0,43300.0,Call,625,1080,625,1080,1240.0,▲+658,▲+155.92%,1,2,3,5,1180,1280,1080,405
TXO,202607F4,20260724.0,43300.0,Put,485,485,280,280,280.0,▼-920,▼-76.67%,2,37,39,32,181,379,970,160
TXO,202607F4,20260724.0,43350.0,Call,945,1120,945,1110,1200.0,▲+708,▲+176.12%,0,8,8,8,1120,1290,1120,945
TXO,202607F4,20260724.0,43350.0,Put,-,-,-,-,294.0,-,-,1,0,1,1,225,-,900,900
TXO,202607F4,20260724.0,43400.0,Call,1050,1120,1050,1120,1170.0,▲+737,▲+192.43%,1,3,4,3,1110,1240,1120,520
TXO,202607F4,20260724.0,43400.0,Put,815,815,355,355,308.0,▼-905,▼-71.83%,3,17,20,15,215,-,1260,355
TXO,202607F4,20260724.0,43450.0,Call,-,-,-,-,1130.0,-,-,0,0,0,1,1010,1220,431,431
TXO,202607F4,20260724.0,43450.0,Put,800,800,346,346,319.0,▼-954,▼-73.38%,2,3,5,4,227,-,940,346
TXO,202607F4,20260724.0,43500.0,Call,535,900,535,900,1090.0,▲+554,▲+160.12%,41,4,45,38,1070,-,900,362
TXO,202607F4,20260724.0,43500.0,Put,850,850,354,356,335.0,▼-974,▼-73.23%,4,53,57,22,242,425,1340,230
TXO,202607F4,20260724.0,43550.0,Call,600,600,600,600,1050.0,▲+272,▲+82.93%,3,1,4,2,1010,-,685,432
TXO,202607F4,20260724.0,43550.0,Put,-,-,-,-,345.0,-,-,0,0,0,1,260,499,810,710
TXO,202607F4,20260724.0,43600.0,Call,480,815,480,815,1020.0,▲+503,▲+161.22%,7,3,10,6,1000,1130,815,331
TXO,202607F4,20260724.0,43600.0,Put,665,670,358,358,358.0,▼-1032,▼-74.24%,0,36,36,9,357,-,1200,358
TXO,202607F4,20260724.0,43650.0,Call,645,950,645,950,985.0,▲+654,▲+220.95%,8,5,13,3,975,-,950,364
TXO,202607F4,20260724.0,43650.0,Put,-,-,-,-,375.0,-,-,0,0,0,0,286,-,-,-
TXO,202607F4,20260724.0,43700.0,Call,600,770,590,770,950.0,▲+490,▲+175.00%,9,8,17,3,855,-,770,278
TXO,202607F4,20260724.0,43700.0,Put,680,680,444,444,392.0,▼-1016,▼-69.59%,0,13,13,12,300,515,880,444
TXO,202607F4,20260724.0,43750.0,Call,550,550,550,550,915.0,▲+285,▲+107.55%,3,2,5,3,900,1000,920,316
TXO,202607F4,20260724.0,43750.0,Put,625,625,443,443,407.0,▼-1057,▼-70.47%,0,5,5,3,305,505,625,443
TXO,202607F4,20260724.0,43800.0,Call,530,820,530,820,880.0,▲+572,▲+230.65%,6,59,65,63,725,990,880,262
TXO,202607F4,20260724.0,43800.0,Put,730,800,730,800,420.0,▼-730,▼-47.71%,0,2,2,3,358,-,1390,260
TXO,202607F4,20260724.0,43850.0,Call,500,555,500,555,850.0,▲+321,▲+137.18%,1,2,3,1,840,875,610,303
TXO,202607F4,20260724.0,43850.0,Put,650,650,650,650,439.0,▼-920,▼-58.60%,0,1,1,1,347,595,650,650
TXO,202607F4,20260724.0,43900.0,Call,350,650,325,650,820.0,▲+430,▲+195.45%,12,11,23,15,730,-,650,270
TXO,202607F4,20260724.0,43900.0,Put,790,790,500,500,459.0,▼-1100,▼-68.75%,11,36,47,6,375,-,1140,480
TXO,202607F4,20260724.0,43950.0,Call,410,645,410,645,785.0,▲+436,▲+208.61%,1,9,10,2,775,1000,900,379
TXO,202607F4,20260724.0,43950.0,Put,600,600,600,600,476.0,▼-1040,▼-63.41%,0,1,1,1,381,-,600,600
TXO,202607F4,20260724.0,44000.0,Call,230,760,230,755,755.0,▲+555,▲+277.50%,40,63,103,30,625,840,810,196
TXO,202607F4,20260724.0,44000.0,Put,900,900,500,500,500.0,▼-1180,▼-70.24%,3,88,91,71,406,620,1710,305
TXO,202607F4,20260724.0,44050.0,Call,353,650,353,650,725.0,▲+467,▲+255.19%,86,9,95,10,585,800,650,210
TXO,202607F4,20260724.0,44050.0,Put,630,630,575,575,515.0,▼-1135,▼-66.37%,0,2,2,1,429,-,630,575
TXO,202607F4,20260724.0,44100.0,Call,280,605,252,605,690.0,▲+433,▲+251.74%,1,27,28,23,575,-,2120,222
TXO,202607F4,20260724.0,44100.0,Put,630,630,630,630,530.0,▼-1120,▼-64.00%,0,1,1,8,458,690,750,388
TXO,202607F4,20260724.0,44150.0,Call,255,415,255,415,660.0,▲+255,▲+159.38%,3,3,6,2,540,-,480,255
TXO,202607F4,20260724.0,44150.0,Put,840,840,840,840,550.0,▼-950,▼-53.07%,0,1,1,1,459,-,840,840
TXO,202607F4,20260724.0,44200.0,Call,300,615,300,615,615.0,▲+466,▲+312.75%,12,26,38,16,510,735,615,162
TXO,202607F4,20260724.0,44200.0,Put,730,730,660,660,575.0,▼-1170,▼-63.93%,0,2,2,5,475,685,730,399
TXO,202607F4,20260724.0,44250.0,Call,329,545,329,545,610.0,▲+404,▲+286.52%,0,3,3,2,486,-,545,195
TXO,202607F4,20260724.0,44250.0,Put,-,-,-,-,600.0,-,-,0,0,0,0,510,-,-,-
TXO,202607F4,20260724.0,44300.0,Call,211,575,211,575,575.0,▲+445,▲+342.31%,2,20,22,13,496,-,1860,130
TXO,202607F4,20260724.0,44300.0,Put,660,675,620,620,620.0,▼-1290,▼-67.54%,0,3,3,3,515,725,1770,359
TXO,202607F4,20260724.0,44350.0,Call,-,-,-,-,555.0,-,-,3,0,3,0,443,-,240,198
TXO,202607F4,20260724.0,44350.0,Put,-,-,-,-,645.0,-,-,0,0,0,0,565,-,-,-
TXO,202607F4,20260724.0,44400.0,Call,121,480,121,480,530.0,▲+367,▲+324.78%,2,6,8,3,437,625,600,121
TXO,202607F4,20260724.0,44400.0,Put,-,-,-,-,670.0,-,-,0,0,0,5,580,810,830,469
TXO,202607F4,20260724.0,44450.0,Call,221,429,221,429,505.0,▲+326,▲+316.50%,2,7,9,5,396,-,429,169
TXO,202607F4,20260724.0,44450.0,Put,-,-,-,-,695.0,-,-,0,0,0,0,600,-,-,-
TXO,202607F4,20260724.0,44500.0,Call,166,427,143,420,480.0,▲+324,▲+337.50%,94,195,289,99,480,-,1520,71
TXO,202607F4,20260724.0,44500.0,Put,900,900,720,720,720.0,▼-1360,▼-65.38%,0,7,7,7,625,-,900,455
TXO,202607F4,20260724.0,44550.0,Call,155,390,155,390,454.0,▲+301,▲+338.20%,4,3,7,3,376,-,1300,136
TXO,202607F4,20260724.0,44550.0,Put,870,870,870,870,745.0,▼-1250,▼-58.96%,0,1,1,1,725,790,870,870
TXO,202607F4,20260724.0,44600.0,Call,161,430,161,424,424.0,▲+342,▲+417.07%,36,17,53,17,338,520,1500,82
TXO,202607F4,20260724.0,44600.0,Put,-,-,-,-,775.0,-,-,0,0,0,1,740,810,1010,1010
TXO,202607F4,20260724.0,44650.0,Call,140,300,140,300,408.0,▲+220,▲+275.00%,0,7,7,3,314,-,308,80
TXO,202607F4,20260724.0,44650.0,Put,-,-,-,-,800.0,-,-,0,0,0,0,565,820,-,-
TXO,202607F4,20260724.0,44700.0,Call,129,380,129,380,380.0,▲+311,▲+450.72%,12,19,31,18,356,-,1580,79
TXO,202607F4,20260724.0,44700.0,Put,1350,1350,845,845,845.0,▼-1405,▼-62.44%,0,17,17,17,795,850,1350,497
TXO,202607F4,20260724.0,44750.0,Call,218,310,200,310,364.0,▲+246,▲+384.38%,0,6,6,2,269,-,478,200
TXO,202607F4,20260724.0,44750.0,Put,-,-,-,-,855.0,-,-,0,0,0,1,825,880,575,575
TXO,202607F4,20260724.0,44800.0,Call,105,335,102,335,335.0,▲+277,▲+477.59%,17,74,91,43,280,434,350,60
TXO,202607F4,20260724.0,44800.0,Put,920,920,920,920,885.0,▼-1420,▼-60.68%,0,1,1,1,855,930,920,920
TXO,202607F4,20260724.0,44850.0,Call,126,126,126,126,323.0,▲+72,▲+133.33%,7,1,8,8,226,428,1490,74
TXO,202607F4,20260724.0,44850.0,Put,-,-,-,-,915.0,-,-,0,0,0,1,860,940,605,605
TXO,202607F4,20260724.0,44900.0,Call,96,308,96,308,308.0,▲+257,▲+503.92%,20,44,64,61,218,406,1440,49.5
TXO,202607F4,20260724.0,44900.0,Put,1040,1090,1010,1010,945.0,▼-1420,▼-58.44%,0,6,6,2,920,960,1090,1010
TXO,202607F4,20260724.0,44950.0,Call,80,243,80,231,285.0,▲+186.5,▲+419.10%,4,20,24,7,189,-,505,62
TXO,202607F4,20260724.0,44950.0,Put,-,-,-,-,975.0,-,-,0,0,0,0,-,-,-,-
TXO,202607F4,20260724.0,45000.0,Call,49.5,265,49.5,261,261.0,▲+219.5,▲+528.92%,232,191,423,141,240,272,1460,39
TXO,202607F4,20260724.0,45000.0,Put,1100,1160,1020,1020,1020.0,▼-1500,▼-59.52%,0,11,11,7,920,1030,2350,610
TXO,202607F4,20260724.0,45050.0,Call,120,243,106,243,243.0,▲+206.5,▲+565.75%,2,13,15,8,152,321,390,71
TXO,202607F4,20260724.0,45050.0,Put,-,-,-,-,1040.0,-,-,0,0,0,0,1000,-,-,-
TXO,202607F4,20260724.0,45100.0,Call,53,210,53,210,232.0,▲+177,▲+536.36%,13,42,55,33,138,309,1180,39.5
TXO,202607F4,20260724.0,45100.0,Put,1130,1130,1060,1060,1060.0,▼-1550,▼-59.39%,0,8,8,13,1050,1150,1130,835
TXO,202607F4,20260724.0,45150.0,Call,66,162,66,162,216.0,▲+130,▲+406.25%,0,8,8,18,121,306,480,32
TXO,202607F4,20260724.0,45150.0,Put,-,-,-,-,1110.0,-,-,0,0,0,0,269,-,-,-
TXO,202607F4,20260724.0,45200.0,Call,40,194,40,194,194.0,▲+166,▲+592.86%,11,52,63,36,164,292,655,28
TXO,202607F4,20260724.0,45200.0,Put,1600,1600,1130,1130,1130.0,▼-1580,▼-58.30%,0,9,9,7,1110,1200,1600,1130
TXO,202607F4,20260724.0,45250.0,Call,57,85,56,82,189.0,▲+57,▲+228.00%,2,15,17,15,189,281,220,56
TXO,202607F4,20260724.0,45250.0,Put,-,-,-,-,1180.0,-,-,0,0,0,0,437,-,-,-
TXO,202607F4,20260724.0,45300.0,Call,47.5,167,47,167,167.0,▲+145,▲+659.09%,9,77,86,70,89,268,600,22
TXO,202607F4,20260724.0,45300.0,Put,-,-,-,-,1210.0,-,-,0,0,0,1,1130,1360,2680,750
TXO,202607F4,20260724.0,45350.0,Call,47,146,47,146,146.0,▲+126,▲+630.00%,1,34,35,30,65,240,1300,34.5
TXO,202607F4,20260724.0,45350.0,Put,-,-,-,-,1250.0,-,-,0,0,0,0,1020,-,-,-
TXO,202607F4,20260724.0,45400.0,Call,43.5,151,43.5,151,146.0,▲+133,▲+738.89%,8,86,94,73,128,200,550,22
TXO,202607F4,20260724.0,45400.0,Put,-,-,-,-,1290.0,-,-,0,0,0,1,1020,1350,1050,1050
TXO,202607F4,20260724.0,45450.0,Call,30,126,30,126,126.0,▲+109.5,▲+663.64%,3,66,69,67,37,223,545,30
TXO,202607F4,20260724.0,45450.0,Put,-,-,-,-,1320.0,-,-,0,0,0,1,-,1440,1000,1000
TXO,202607F4,20260724.0,45500.0,Call,18,130,18,130,122.0,▲+115,▲+766.67%,64,414,478,280,40,210,1150,15
TXO,202607F4,20260724.0,45500.0,Put,-,-,-,-,1360.0,-,-,0,0,0,0,-,-,1540,860
TXO,202607F4,20260724.0,45550.0,Call,45,101,30.5,101,111.0,▲+87.5,▲+648.15%,0,55,55,60,12.5,192,400,20.5
TXO,202607F4,20260724.0,45550.0,Put,-,-,-,-,1400.0,-,-,0,0,0,0,-,1430,-,-
TXO,202607F4,20260724.0,45600.0,Call,27,94,27,94,94.0,▲+81,▲+623.08%,0,158,158,95,104,193,530,13
TXO,202607F4,20260724.0,45600.0,Put,-,-,-,-,1440.0,-,-,0,0,0,0,-,-,1900,1180
TXO,202607F4,20260724.0,45650.0,Call,23,66,23,66,92.0,▲+54,▲+450.00%,0,17,17,7,1.3,196,447,12
TXO,202607F4,20260724.0,45650.0,Put,-,-,-,-,1480.0,-,-,0,0,0,0,-,1550,-,-
TXO,202607F4,20260724.0,45700.0,Call,25,80,22,80,80.0,▲+70,▲+700.00%,8,56,64,73,85,122,1230,10
TXO,202607F4,20260724.0,45700.0,Put,-,-,-,-,1520.0,-,-,0,0,0,0,-,-,2740,935
TXO,202607F4,20260724.0,45750.0,Call,18,61,18,61,75.0,▲+51,▲+510.00%,2,15,17,14,70,163,98,10
TXO,202607F4,20260724.0,45750.0,Put,-,-,-,-,1560.0,-,-,0,0,0,0,-,1630,-,-
TXO,202607F4,20260724.0,45800.0,Call,15.5,66,15.5,66,66.0,▲+57.7,▲+695.18%,51,124,175,400,59,100,500,9.7
TXO,202607F4,20260724.0,45800.0,Put,-,-,-,-,1610.0,-,-,0,0,0,0,-,-,-,-
TXO,202607F4,20260724.0,45850.0,Call,16,49.5,16,49.5,60.0,▲+42.1,▲+568.92%,0,21,21,11,33,99,49.5,16
TXO,202607F4,20260724.0,45850.0,Put,-,-,-,-,1650.0,-,-,0,0,0,0,-,1720,-,-
TXO,202607F4,20260724.0,45900.0,Call,13.5,52,13.5,44,55.0,▲+36.8,▲+511.11%,4,66,70,93,55,143,760,6
TXO,202607F4,20260724.0,45900.0,Put,-,-,-,-,1690.0,-,-,0,0,0,1,-,1760,1010,1010
TXO,202607F4,20260724.0,45950.0,Call,13,45,13,39.5,47.5,▲+32.7,▲+480.88%,7,13,20,31,33,65,635,10.5
TXO,202607F4,20260724.0,45950.0,Put,-,-,-,-,1740.0,-,-,0,0,0,0,-,-,-,-
TXO,202607F4,20260724.0,46000.0,Call,11,41.5,9.7,37.5,37.5,▲+31.1,▲+485.94%,32,697,729,435,40,50,820,8.7
TXO,202607F4,20260724.0,46000.0,Put,-,-,-,-,1780.0,-,-,0,0,0,4,-,1840,1040,1030
TXO,202607F4,20260724.0,46050.0,Call,11,34.5,11,33.5,33.5,▲+27.7,▲+477.59%,2,3,5,6,11,-,1000,6
TXO,202607F4,20260724.0,46050.0,Put,-,-,-,-,1830.0,-,-,0,0,0,0,-,1890,-,-
TXO,202607F4,20260724.0,46100.0,Call,9.8,27,6.3,27,32.5,▲+21.2,▲+365.52%,1,7,8,36,0.3,107,150,6.3
TXO,202607F4,20260724.0,46100.0,Put,-,-,-,-,1870.0,-,-,0,0,0,0,-,-,-,-
TXO,202607F4,20260724.0,46150.0,Call,13.5,26,13.5,26,26.0,▲+20.3,▲+356.14%,1,11,12,12,1.3,-,86,8.9
TXO,202607F4,20260724.0,46150.0,Put,-,-,-,-,1920.0,-,-,0,0,0,0,-,1990,-,-
TXO,202607F4,20260724.0,46200.0,Call,7.7,27,7.7,27,26.0,▲+21.3,▲+373.68%,57,113,170,294,25.5,-,690,7.7
TXO,202607F4,20260724.0,46200.0,Put,-,-,-,-,1970.0,-,-,0,0,0,0,-,2010,1400,1400
TXO,202607F4,20260724.0,46250.0,Call,20,23.5,16,16,22.5,▲+10.4,▲+185.71%,1,52,53,3,1.5,-,53,4.1
TXO,202607F4,20260724.0,46250.0,Put,-,-,-,-,2010.0,-,-,0,0,0,0,-,2070,-,-
TXO,202607F4,20260724.0,46300.0,Call,5.2,21.5,5,19,19.0,▲+13.8,▲+265.38%,17,83,100,102,0.3,26,900,2.6
TXO,202607F4,20260724.0,46300.0,Put,-,-,-,-,2060.0,-,-,0,0,0,0,-,-,1570,1470
TXO,202607F4,20260724.0,46350.0,Call,-,-,-,-,17.0,-,-,0,0,0,1,1,48,50,50
TXO,202607F4,20260724.0,46350.0,Put,-,-,-,-,2110.0,-,-,0,0,0,0,-,2180,-,-
TXO,202607F4,20260724.0,46400.0,Call,9.1,17.5,9.1,14.5,14.5,▲+10.1,▲+229.55%,2,21,23,28,0.4,17,1010,1.2
TXO,202607F4,20260724.0,46400.0,Put,-,-,-,-,2150.0,-,-,0,0,0,0,-,2220,-,-
TXO,202607F4,20260724.0,46450.0,Call,5.8,11,5.8,11,13.5,▲+7,▲+175.00%,1,2,3,7,0.1,44,630,5.8
TXO,202607F4,20260724.0,46450.0,Put,-,-,-,-,2200.0,-,-,0,0,0,0,-,-,-,-
TXO,202607F4,20260724.0,46500.0,Call,5.3,15,3.8,12,12.0,▲+8.3,▲+224.32%,2,102,104,127,10,50,640,3.8
TXO,202607F4,20260724.0,46500.0,Put,-,-,-,-,2250.0,-,-,0,0,0,2,-,2310,1450,1450
TXO,202607F4,20260724.0,46550.0,Call,5.3,5.3,5.3,5.3,10.0,▲+1.9,▲+55.88%,0,1,1,2,0.3,99,100,5.3
TXO,202607F4,20260724.0,46550.0,Put,2560,2560,2560,2560,2300.0,▼-1470,▼-36.48%,0,1,1,0,-,2370,3400,2560
TXO,202607F4,20260724.0,46600.0,Call,3.3,10,3.3,10,10.0,▲+6.7,▲+203.03%,4,20,24,24,0.3,185,135,3.3
TXO,202607F4,20260724.0,46600.0,Put,-,-,-,-,2350.0,-,-,0,0,0,0,-,-,-,-
TXO,202607F4,20260724.0,46650.0,Call,6,6,6,6,7.2,▲+2.9,▲+93.55%,3,1,4,4,0.3,99,34.5,1.2
TXO,202607F4,20260724.0,46650.0,Put,-,-,-,-,2400.0,-,-,0,0,0,0,-,-,-,-
TXO,202607F4,20260724.0,46700.0,Call,6.8,6.8,6.8,6.8,6.8,▲+3.8,▲+126.67%,3,1,4,7,0.3,39,465,3.9
TXO,202607F4,20260724.0,46700.0,Put,-,-,-,-,2450.0,-,-,0,0,0,0,-,-,4150,1480
TXO,202607F4,20260724.0,46750.0,Call,-,-,-,-,5.8,-,-,0,0,0,0,0.1,39,-,-
TXO,202607F4,20260724.0,46750.0,Put,-,-,-,-,2500.0,-,-,0,0,0,0,-,2570,-,-
TXO,202607F4,20260724.0,46800.0,Call,2.5,6,2.5,6,5.2,▲+3.3,▲+122.22%,0,2,2,5,0.1,39,580,2.5
TXO,202607F4,20260724.0,46800.0,Put,-,-,-,-,2540.0,-,-,0,0,0,0,-,2620,-,-
TXO,202607F4,20260724.0,46850.0,Call,-,-,-,-,5.2,-,-,0,0,0,10,0.1,39,44.5,6
TXO,202607F4,20260724.0,46850.0,Put,-,-,-,-,2590.0,-,-,0,0,0,0,-,2670,-,-
TXO,202607F4,20260724.0,46900.0,Call,4.2,4.5,2.1,4.5,4.5,▲+2.1,▲+87.50%,2,8,10,21,0.1,6,280,2.1
TXO,202607F4,20260724.0,46900.0,Put,-,-,-,-,2640.0,-,-,0,0,0,0,-,2720,-,-
TXO,202607F4,20260724.0,46950.0,Call,3.5,3.5,3.5,3.5,4.2,▲+1.2,▲+52.17%,0,1,1,6,0.1,39,169,3.5
TXO,202607F4,20260724.0,46950.0,Put,-,-,-,-,2690.0,-,-,0,0,0,0,-,2770,-,-
TXO,202607F4,20260724.0,47000.0,Call,2.6,3.6,1.8,3.4,3.4,▲+1.2,▲+54.55%,0,55,55,94,0.8,10,590,1.1
TXO,202607F4,20260724.0,47000.0,Put,-,-,-,-,2740.0,-,-,0,0,0,0,-,2820,2580,1590
TXO,202607F4,20260724.0,47100.0,Call,3,3.8,3,3.7,3.0,▲+1.9,▲+105.56%,1,10,11,10,0.2,104,510,2.6
TXO,202607F4,20260724.0,47100.0,Put,-,-,-,-,2840.0,-,-,0,0,0,0,-,2890,-,-
TXO,202607F4,20260724.0,47200.0,Call,-,-,-,-,2.7,-,-,0,0,0,31,0.1,-,415,2
TXO,202607F4,20260724.0,47200.0,Put,-,-,-,-,2940.0,-,-,0,0,0,0,-,-,-,-
TXO,202607F4,20260724.0,47300.0,Call,-,-,-,-,2.4,-,-,0,0,0,7,0.2,-,162,11.5
TXO,202607F4,20260724.0,47300.0,Put,-,-,-,-,3040.0,-,-,0,0,0,0,-,-,-,-
TXO,202607F4,20260724.0,47400.0,Call,-,-,-,-,2.2,-,-,3,0,3,10,0.2,-,277,1.7
TXO,202607F4,20260724.0,47400.0,Put,-,-,-,-,3140.0,-,-,0,0,0,0,-,3210,-,-
TXO,202607F4,20260724.0,47500.0,Call,1.4,1.6,1.4,1.6,2.0,▲+0.1,▲+6.67%,2,60,62,71,0.9,90,390,1.4
TXO,202607F4,20260724.0,47500.0,Put,-,-,-,-,3240.0,-,-,0,0,0,0,-,3310,-,-
TXO,202607F4,20260724.0,47600.0,Call,-,-,-,-,1.8,-,-,2,0,2,12,0.1,10,380,1
TXO,202607F4,20260724.0,47600.0,Put,-,-,-,-,3340.0,-,-,0,0,0,0,-,3420,-,-
TXO,202607F4,20260724.0,47700.0,Call,-,-,-,-,1.7,-,-,0,0,0,39,1,23,205,0.9
TXO,202607F4,20260724.0,47700.0,Put,-,-,-,-,3440.0,-,-,0,0,0,0,-,3500,-,-
TXO,202607F4,20260724.0,47800.0,Call,-,-,-,-,1.6,-,-,0,0,0,8,0.1,87,289,2
TXO,202607F4,20260724.0,47800.0,Put,-,-,-,-,3540.0,-,-,0,0,0,0,-,-,-,-
TXO,202607F4,20260724.0,47900.0,Call,-,-,-,-,1.6,-,-,4,0,4,4,-,2.8,264,1
TXO,202607F4,20260724.0,47900.0,Put,-,-,-,-,3640.0,-,-,0,0,0,0,-,-,-,-
TXO,202607F4,20260724.0,48000.0,Call,1.2,1.5,0.8,1.5,1.5,▲+0.1,▲+7.14%,0,153,153,126,-,1.6,291,0.8
TXO,202607F4,20260724.0,48000.0,Put,-,-,-,-,3740.0,-,-,0,0,0,0,-,3810,-,-
TXO,202607F4,20260724.0,48100.0,Call,1,1,0.9,0.9,1.5,▼-0.4,▼-30.77%,3,5,8,9,-,-,184,0.8
TXO,202607F4,20260724.0,48100.0,Put,-,-,-,-,3840.0,-,-,0,0,0,0,-,3900,-,-
TXO,202607F4,20260724.0,48200.0,Call,0.8,0.8,0.8,0.8,1.4,▼-0.4,▼-33.33%,0,1,1,497,-,2,208,0.5
TXO,202607F4,20260724.0,48200.0,Put,-,-,-,-,3940.0,-,-,0,0,0,0,-,4010,-,-
TXO,202607F4,20260724.0,48300.0,Call,0.8,0.8,0.8,0.8,1.4,▼-0.4,▼-33.33%,0,1,1,36,-,101,180,0.8
TXO,202607F4,20260724.0,48300.0,Put,-,-,-,-,4040.0,-,-,0,0,0,0,-,4110,-,-
TXO,202607F4,20260724.0,48400.0,Call,-,-,-,-,1.4,-,-,0,0,0,10,-,101,270,4
TXO,202607F4,20260724.0,48400.0,Put,-,-,-,-,4140.0,-,-,0,0,0,0,-,-,-,-
TXO,202607F4,20260724.0,48500.0,Call,0.1,0.8,0.1,0.8,1.3,▼-0.3,▼-27.27%,14,2,16,32,-,-,169,0.1
TXO,202607F4,20260724.0,48500.0,Put,-,-,-,-,4240.0,-,-,0,0,0,0,-,4310,-,-
TXO,202607F4,20260724.0,48600.0,Call,-,-,-,-,1.3,-,-,0,0,0,5,-,101,116,9
TXO,202607F4,20260724.0,48600.0,Put,-,-,-,-,4340.0,-,-,0,0,0,0,-,4410,-,-
TXO,202607F4,20260724.0,48700.0,Call,-,-,-,-,1.3,-,-,0,0,0,3,-,98,69,1.9
TXO,202607F4,20260724.0,48700.0,Put,-,-,-,-,4440.0,-,-,0,0,0,0,-,4510,-,-
TXO,202607F4,20260724.0,48800.0,Call,-,-,-,-,1.3,-,-,0,0,0,8,-,1,89,0.9
TXO,202607F4,20260724.0,48800.0,Put,-,-,-,-,4540.0,-,-,0,0,0,0,-,4610,-,-
TXO,202607F4,20260724.0,48900.0,Call,-,-,-,-,1.2,-,-,0,0,0,5,-,101,114,3.8
TXO,202607F4,20260724.0,48900.0,Put,-,-,-,-,4640.0,-,-,0,0,0,0,-,-,-,-
TXO,202607F4,20260724.0,49000.0,Call,-,-,-,-,1.2,-,-,0,0,0,18,-,50,168,1
TXO,202607F4,20260724.0,49000.0,Put,-,-,-,-,4740.0,-,-,0,0,0,0,-,-,-,-
TXO,202607F4,20260724.0,49100.0,Call,-,-,-,-,1.2,-,-,0,0,0,0,-,-,101,0.2
TXO,202607F4,20260724.0,49100.0,Put,-,-,-,-,4840.0,-,-,0,0,0,0,-,4920,-,-
TXO,202607F4,20260724.0,49200.0,Call,-,-,-,-,1.2,-,-,0,0,0,2,-,-,60,1
TXO,202607F4,20260724.0,49200.0,Put,-,-,-,-,4940.0,-,-,0,0,0,0,-,5020,-,-
TXO,202607F4,20260724.0,49300.0,Call,-,-,-,-,1.2,-,-,0,0,0,0,-,-,66,29
TXO,202607F4,20260724.0,49300.0,Put,-,-,-,-,5040.0,-,-,0,0,0,0,-,5090,-,-
TXO,202607F4,20260724.0,49400.0,Call,-,-,-,-,1.2,-,-,0,0,0,6,-,-,95,2.6
TXO,202607F4,20260724.0,49400.0,Put,-,-,-,-,5140.0,-,-,0,0,0,0,-,-,-,-
TXO,202607F4,20260724.0,49500.0,Call,-,-,-,-,1.1,-,-,0,0,0,6,-,10,115,4.9
TXO,202607F4,20260724.0,49500.0,Put,-,-,-,-,5240.0,-,-,0,0,0,0,-,-,-,-
TXO,202607F4,20260724.0,49600.0,Call,-,-,-,-,1.1,-,-,0,0,0,22,-,-,33.5,28.5
TXO,202607F4,20260724.0,49600.0,Put,-,-,-,-,5340.0,-,-,0,0,0,0,-,5420,-,-
TXO,202607F4,20260724.0,49700.0,Call,-,-,-,-,1.1,-,-,0,0,0,12,-,-,33,9.3
TXO,202607F4,20260724.0,49700.0,Put,-,-,-,-,5440.0,-,-,0,0,0,0,-,5520,-,-
TXO,202607F4,20260724.0,49800.0,Call,-,-,-,-,1.1,-,-,1,0,1,6,-,98,33.5,0.2
TXO,202607F4,20260724.0,49800.0,Put,-,-,-,-,5540.0,-,-,0,0,0,0,-,5620,-,-
TXO,202607F4,20260724.0,49900.0,Call,-,-,-,-,1.1,-,-,1,0,1,21,-,80,76,0.2
TXO,202607F4,20260724.0,49900.0,Put,-,-,-,-,5640.0,-,-,0,0,0,0,-,5720,-,-
TXO,202607F4,20260724.0,50000.0,Call,-,-,-,-,1.1,-,-,0,0,0,439,-,99,37,0.3
TXO,202607F4,20260724.0,50000.0,Put,-,-,-,-,5740.0,-,-,0,0,0,0,-,5820,-,-
TXO,202607F4,20260724.0,50100.0,Call,-,-,-,-,1.1,-,-,0,0,0,7,-,0.3,20,0.3
TXO,202607F4,20260724.0,50100.0,Put,-,-,-,-,5840.0,-,-,0,0,0,0,-,5920,-,-
TXO,202607F4,20260724.0,50200.0,Call,0.2,0.2,0.2,0.2,0.2,▼-0.1,▼-33.33%,4,1,5,140,0.1,1.4,19.5,0.2
TXO,202607F4,20260724.0,50200.0,Put,-,-,-,-,5940.0,-,-,0,0,0,0,-,6020,-,-
TXO,202607W5,20260729.0,38200.0,Call,-,-,-,-,6130.0,-,-,0,0,0,0,6040,-,-,-
TXO,202607W5,20260729.0,38200.0,Put,81,84,38,44.5,38.0,▼-103.5,▼-69.93%,0,147,147,125,38,46,84,38
TXO,202607W5,20260729.0,38300.0,Call,-,-,-,-,6030.0,-,-,0,0,0,0,5950,-,-,-
TXO,202607W5,20260729.0,38300.0,Put,62,62,41,43.5,40.5,▼-114.5,▼-72.47%,0,6,6,5,7,139,62,41
TXO,202607W5,20260729.0,38400.0,Call,-,-,-,-,5930.0,-,-,0,0,0,0,5850,-,-,-
TXO,202607W5,20260729.0,38400.0,Put,89,89,42.5,42.5,42.5,▼-127.5,▼-75.00%,12,20,32,32,42,195,170,42.5
TXO,202607W5,20260729.0,38500.0,Call,-,-,-,-,5840.0,-,-,0,0,0,0,5750,-,-,-
TXO,202607W5,20260729.0,38500.0,Put,50,50,50,50,44.5,▼-131,▼-72.38%,7,20,27,21,3.5,-,159,50
TXO,202607W5,20260729.0,38600.0,Call,-,-,-,-,5740.0,-,-,0,0,0,0,-,-,-,-
TXO,202607W5,20260729.0,38600.0,Put,76,81,50,50,46.5,▼-140,▼-73.68%,0,13,13,11,25,178,81,50
TXO,202607W5,20260729.0,38700.0,Call,-,-,-,-,5640.0,-,-,0,0,0,0,5560,-,-,-
TXO,202607W5,20260729.0,38700.0,Put,-,-,-,-,48.5,-,-,0,0,0,0,10.5,-,-,-
TXO,202607W5,20260729.0,38800.0,Call,-,-,-,-,5540.0,-,-,0,0,0,0,5250,-,-,-
TXO,202607W5,20260729.0,38800.0,Put,80,80,53,53,53.0,▼-156,▼-74.64%,0,5,5,4,40,185,80,53
TXO,202607W5,20260729.0,38900.0,Call,-,-,-,-,5450.0,-,-,0,0,0,0,5370,-,-,-
TXO,202607W5,20260729.0,38900.0,Put,100,100,71,71,54.0,▼-148,▼-67.58%,0,5,5,2,2.1,-,200,71
TXO,202607W5,20260729.0,39000.0,Call,-,-,-,-,5350.0,-,-,0,0,0,0,-,-,-,-
TXO,202607W5,20260729.0,39000.0,Put,130,130,59,60,57.0,▼-170,▼-73.91%,7,22,29,8,53,160,230,59
TXO,202607W5,20260729.0,39100.0,Call,-,-,-,-,5250.0,-,-,0,0,0,0,5170,-,-,-
TXO,202607W5,20260729.0,39100.0,Put,100,105,79,79,58.0,▼-161,▼-67.08%,2,3,5,1,58,980,205,79
TXO,202607W5,20260729.0,39200.0,Call,-,-,-,-,5150.0,-,-,0,0,0,0,5080,-,-,-
TXO,202607W5,20260729.0,39200.0,Put,101,113,88,88,62.0,▼-161,▼-64.66%,1,6,7,4,2.3,163,146,88
TXO,202607W5,20260729.0,39300.0,Call,-,-,-,-,5060.0,-,-,0,0,0,0,4980,-,-,-
TXO,202607W5,20260729.0,39300.0,Put,108,108,98,98,65.0,▼-165,▼-62.74%,2,3,5,4,2.3,198,200,98
TXO,202607W5,20260729.0,39400.0,Call,-,-,-,-,4960.0,-,-,0,0,0,0,4880,-,-,-
TXO,202607W5,20260729.0,39400.0,Put,-,-,-,-,69.0,-,-,0,0,0,0,2.3,-,-,-
TXO,202607W5,20260729.0,39500.0,Call,-,-,-,-,4860.0,-,-,0,0,0,0,-,-,-,-
TXO,202607W5,20260729.0,39500.0,Put,134,134,84,84,72.0,▼-206,▼-71.03%,0,13,13,7,30,202,301,84
TXO,202607W5,20260729.0,39600.0,Call,-,-,-,-,4770.0,-,-,0,0,0,0,-,-,-,-
TXO,202607W5,20260729.0,39600.0,Put,110,110,80,80,80.0,▼-219,▼-73.24%,0,7,7,4,30,114,110,80
TXO,202607W5,20260729.0,39700.0,Call,-,-,-,-,4670.0,-,-,0,0,0,0,4590,-,-,-
TXO,202607W5,20260729.0,39700.0,Put,140,140,129,129,82.0,▼-187,▼-59.18%,2,2,4,4,60,-,298,129
TXO,202607W5,20260729.0,39800.0,Call,-,-,-,-,4580.0,-,-,0,0,0,0,-,-,-,-
TXO,202607W5,20260729.0,39800.0,Put,91,91,91,91,91.0,▼-240,▼-72.51%,2,1,3,51,80,-,272,91
TXO,202607W5,20260729.0,39900.0,Call,-,-,-,-,4480.0,-,-,0,0,0,0,4410,-,-,-
TXO,202607W5,20260729.0,39900.0,Put,161,161,100,100,92.0,▼-245,▼-71.01%,0,5,5,3,80,129,161,100
TXO,202607W5,20260729.0,40000.0,Call,-,-,-,-,4390.0,-,-,0,0,0,0,-,-,-,-
TXO,202607W5,20260729.0,40000.0,Put,175,185,92,92,97.0,▼-285,▼-75.60%,95,177,272,351,91,-,377,92
TXO,202607W5,20260729.0,40100.0,Call,-,-,-,-,4290.0,-,-,0,0,0,0,-,-,-,-
TXO,202607W5,20260729.0,40100.0,Put,186,186,186,186,98.0,▼-192,▼-50.79%,1,1,2,4,80,210,297,186
TXO,202607W5,20260729.0,40200.0,Call,-,-,-,-,4200.0,-,-,0,0,0,0,4120,-,-,-
TXO,202607W5,20260729.0,40200.0,Put,180,180,110,119,104.0,▼-274,▼-69.72%,3,28,31,115,39,200,520,37
TXO,202607W5,20260729.0,40300.0,Call,-,-,-,-,4100.0,-,-,0,0,0,0,-,-,2920,2470
TXO,202607W5,20260729.0,40300.0,Put,208,208,120,120,110.0,▼-295,▼-71.08%,2,10,12,42,2.8,256,520,71
TXO,202607W5,20260729.0,40400.0,Call,-,-,-,-,4010.0,-,-,0,0,0,0,3930,-,-,-
TXO,202607W5,20260729.0,40400.0,Put,204,204,126,130,116.0,▼-299,▼-69.70%,0,11,11,22,2.8,279,447,69
TXO,202607W5,20260729.0,40500.0,Call,-,-,-,-,3920.0,-,-,0,0,0,0,-,-,-,-
TXO,202607W5,20260729.0,40500.0,Put,210,210,120,125,125.0,▼-323,▼-72.10%,4,12,16,26,85,149,482,100
TXO,202607W5,20260729.0,40600.0,Call,-,-,-,-,3820.0,-,-,0,0,0,0,3750,-,-,-
TXO,202607W5,20260729.0,40600.0,Put,187,187,145,145,130.0,▼-305,▼-67.78%,2,21,23,18,30.5,1280,486,100
TXO,202607W5,20260729.0,40700.0,Call,-,-,-,-,3730.0,-,-,0,0,0,0,3660,-,-,-
TXO,202607W5,20260729.0,40700.0,Put,176,176,148,148,136.0,▼-348,▼-70.16%,1,11,12,40,3.3,238,625,75
TXO,202607W5,20260729.0,40800.0,Call,-,-,-,-,3640.0,-,-,0,0,0,0,-,-,-,-
TXO,202607W5,20260729.0,40800.0,Put,232,232,157,157,143.0,▼-358,▼-69.51%,2,6,8,37,21.5,265,640,52
TXO,202607W5,20260729.0,40900.0,Call,-,-,-,-,3550.0,-,-,0,0,0,0,3470,-,-,-
TXO,202607W5,20260729.0,40900.0,Put,175,175,175,175,153.0,▼-360,▼-67.29%,0,1,1,9,30,280,700,67
TXO,202607W5,20260729.0,41000.0,Call,-,-,-,-,3460.0,-,-,0,0,0,0,-,-,-,-
TXO,202607W5,20260729.0,41000.0,Put,360,360,160,161,161.0,▼-409,▼-71.75%,2,216,218,191,159,210,735,65
TXO,202607W5,20260729.0,41100.0,Call,-,-,-,-,3360.0,-,-,0,0,0,0,3290,-,2630,2560
TXO,202607W5,20260729.0,41100.0,Put,315,315,191,191,169.0,▼-384,▼-66.78%,0,16,16,10,41.5,320,505,90
TXO,202607W5,20260729.0,41200.0,Call,-,-,-,-,3270.0,-,-,0,0,0,1,3200,3370,2890,2890
TXO,202607W5,20260729.0,41200.0,Put,192,192,192,192,179.0,▼-418,▼-68.52%,0,1,1,9,38,316,760,84
TXO,202607W5,20260729.0,41250.0,Call,-,-,-,-,3230.0,-,-,0,0,0,0,3180,-,-,-
TXO,202607W5,20260729.0,41250.0,Put,-,-,-,-,183.0,-,-,0,0,0,0,80,-,-,-
TXO,202607W5,20260729.0,41300.0,Call,-,-,-,-,3180.0,-,-,0,0,0,0,3110,-,-,-
TXO,202607W5,20260729.0,41300.0,Put,325,325,212,212,188.0,▼-423,▼-66.61%,2,9,11,3,103,-,630,212
TXO,202607W5,20260729.0,41350.0,Call,-,-,-,-,3130.0,-,-,0,0,0,0,3090,-,-,-
TXO,202607W5,20260729.0,41350.0,Put,-,-,-,-,192.0,-,-,0,0,0,0,124,-,-,-
TXO,202607W5,20260729.0,41400.0,Call,-,-,-,-,3090.0,-,-,0,0,0,0,-,-,-,-
TXO,202607W5,20260729.0,41400.0,Put,370,370,225,225,197.0,▼-435,▼-65.91%,3,101,104,99,4.3,-,680,140
TXO,202607W5,20260729.0,41450.0,Call,-,-,-,-,3050.0,-,-,0,0,0,0,3000,-,-,-
TXO,202607W5,20260729.0,41450.0,Put,-,-,-,-,203.0,-,-,0,0,0,0,114,-,-,-
TXO,202607W5,20260729.0,41500.0,Call,-,-,-,-,3000.0,-,-,0,0,0,1,2880,3310,1850,1850
TXO,202607W5,20260729.0,41500.0,Put,445,445,219,219,207.0,▼-471,▼-68.26%,4,20,24,15,8.3,255,720,99
TXO,202607W5,20260729.0,41550.0,Call,-,-,-,-,2960.0,-,-,0,0,0,0,2890,-,-,-
TXO,202607W5,20260729.0,41550.0,Put,-,-,-,-,213.0,-,-,0,0,0,0,4.3,-,-,-
TXO,202607W5,20260729.0,41600.0,Call,-,-,-,-,2910.0,-,-,0,0,0,0,-,-,-,-
TXO,202607W5,20260729.0,41600.0,Put,351,351,228,228,228.0,▼-497,▼-68.55%,1,10,11,15,50,395,610,110
TXO,202607W5,20260729.0,41650.0,Call,-,-,-,-,2870.0,-,-,0,0,0,0,2800,-,-,-
TXO,202607W5,20260729.0,41650.0,Put,-,-,-,-,229.0,-,-,0,0,0,0,122,-,-,-
TXO,202607W5,20260729.0,41700.0,Call,-,-,-,-,2820.0,-,-,0,0,0,0,2530,-,-,-
TXO,202607W5,20260729.0,41700.0,Put,-,-,-,-,231.0,-,-,1,0,1,0,41.5,-,695,168
TXO,202607W5,20260729.0,41750.0,Call,-,-,-,-,2780.0,-,-,0,0,0,0,2710,-,-,-
TXO,202607W5,20260729.0,41750.0,Put,388,388,250,250,237.0,▼-520,▼-67.53%,0,10,10,10,2.4,-,388,250
TXO,202607W5,20260729.0,41800.0,Call,-,-,-,-,2740.0,-,-,0,0,0,0,2670,-,-,-
TXO,202607W5,20260729.0,41800.0,Put,275,275,275,275,245.0,▼-510,▼-64.97%,6,5,11,3,154,405,760,214
TXO,202607W5,20260729.0,41850.0,Call,-,-,-,-,2700.0,-,-,0,0,0,0,2650,-,-,-
TXO,202607W5,20260729.0,41850.0,Put,365,365,299,299,254.0,▼-501,▼-62.63%,0,5,5,4,172,388,365,299
TXO,202607W5,20260729.0,41900.0,Call,-,-,-,-,2650.0,-,-,0,0,0,0,-,-,-,-
TXO,202607W5,20260729.0,41900.0,Put,446,446,285,285,256.0,▼-535,▼-65.24%,3,12,15,7,188,377,800,131
TXO,202607W5,20260729.0,41950.0,Call,-,-,-,-,2610.0,-,-,0,0,0,0,2540,-,-,-
TXO,202607W5,20260729.0,41950.0,Put,-,-,-,-,264.0,-,-,0,0,0,0,164,-,-,-
TXO,202607W5,20260729.0,42000.0,Call,-,-,-,-,2560.0,-,-,0,0,0,0,2270,-,-,-
TXO,202607W5,20260729.0,42000.0,Put,500,500,269,269,269.0,▼-571,▼-67.98%,31,110,141,65,260,725,1080,125
TXO,202607W5,20260729.0,42050.0,Call,-,-,-,-,2520.0,-,-,0,0,0,0,-,-,-,-
TXO,202607W5,20260729.0,42050.0,Put,-,-,-,-,277.0,-,-,2,0,2,2,3.3,385,555,545
TXO,202607W5,20260729.0,42100.0,Call,2260,2260,2180,2180,2480.0,▲+820,▲+60.29%,1,2,3,0,2410,-,2260,1270
TXO,202607W5,20260729.0,42100.0,Put,382,382,350,350,286.0,▼-550,▼-61.11%,2,2,4,5,203,399,915,161
TXO,202607W5,20260729.0,42150.0,Call,-,-,-,-,2440.0,-,-,0,0,0,0,2370,-,-,-
TXO,202607W5,20260729.0,42150.0,Put,-,-,-,-,295.0,-,-,0,0,0,0,206,-,-,-
TXO,202607W5,20260729.0,42200.0,Call,1900,2210,1900,2210,2400.0,▲+920,▲+71.32%,0,3,3,0,2360,-,2210,1810
TXO,202607W5,20260729.0,42200.0,Put,487,487,352,352,305.0,▼-568,▼-61.74%,3,9,12,68,200,420,925,177
TXO,202607W5,20260729.0,42250.0,Call,-,-,-,-,2350.0,-,-,0,0,0,0,-,-,-,-
TXO,202607W5,20260729.0,42250.0,Put,-,-,-,-,308.0,-,-,0,0,0,0,302,-,-,-
TXO,202607W5,20260729.0,42300.0,Call,1970,2080,1970,2080,2310.0,▲+850,▲+69.11%,2,3,5,20,1.1,2400,2080,1380
TXO,202607W5,20260729.0,42300.0,Put,-,-,-,-,316.0,-,-,0,0,0,1,217,444,270,270
TXO,202607W5,20260729.0,42350.0,Call,-,-,-,-,2270.0,-,-,0,0,0,0,1970,-,-,-
TXO,202607W5,20260729.0,42350.0,Put,457,457,370,370,325.0,▼-615,▼-62.44%,0,3,3,1,220,-,457,370
TXO,202607W5,20260729.0,42400.0,Call,-,-,-,-,2230.0,-,-,2,0,2,0,1930,-,1590,1540
TXO,202607W5,20260729.0,42400.0,Put,510,510,402,402,335.0,▼-608,▼-60.20%,3,4,7,31,2.4,445,860,173
TXO,202607W5,20260729.0,42450.0,Call,-,-,-,-,2190.0,-,-,0,0,0,0,1890,-,-,-
TXO,202607W5,20260729.0,42450.0,Put,400,400,400,400,346.0,▼-630,▼-61.17%,0,2,2,1,268,-,400,400
TXO,202607W5,20260729.0,42500.0,Call,-,-,-,-,2150.0,-,-,0,0,0,0,1850,-,-,-
TXO,202607W5,20260729.0,42500.0,Put,515,530,360,360,357.0,▼-690,▼-65.71%,6,13,19,48,276,494,1340,179
TXO,202607W5,20260729.0,42550.0,Call,-,-,-,-,2100.0,-,-,0,0,0,1,2.1,2210,1070,1070
TXO,202607W5,20260729.0,42550.0,Put,396,396,381,381,359.0,▼-689,▼-64.39%,0,2,2,1,284,494,1070,381
TXO,202607W5,20260729.0,42600.0,Call,1450,1450,1450,1450,2060.0,▲+390,▲+36.79%,0,2,2,2,2.1,2160,1450,1130
TXO,202607W5,20260729.0,42600.0,Put,-,-,-,-,369.0,-,-,0,0,0,2,273,510,1350,205
TXO,202607W5,20260729.0,42650.0,Call,-,-,-,-,2030.0,-,-,0,0,0,0,2.1,-,-,-
TXO,202607W5,20260729.0,42650.0,Put,-,-,-,-,382.0,-,-,0,0,0,0,310,-,-,-
TXO,202607W5,20260729.0,42700.0,Call,-,-,-,-,1990.0,-,-,0,0,0,2,1690,2080,1240,1010
TXO,202607W5,20260729.0,42700.0,Put,430,430,430,430,395.0,▼-700,▼-61.95%,2,2,4,34,291,545,1150,260
TXO,202607W5,20260729.0,42750.0,Call,-,-,-,-,1950.0,-,-,0,0,0,0,1890,-,-,-
TXO,202607W5,20260729.0,42750.0,Put,497,497,480,480,408.0,▼-670,▼-58.26%,1,2,3,1,298,-,800,480
TXO,202607W5,20260729.0,42800.0,Call,-,-,-,-,1900.0,-,-,1,0,1,2,2.1,2000,1360,1050
TXO,202607W5,20260729.0,42800.0,Put,765,765,550,555,410.0,▼-625,▼-52.97%,1,3,4,2,326,575,1160,550
TXO,202607W5,20260729.0,42850.0,Call,-,-,-,-,1860.0,-,-,0,0,0,0,1810,-,-,-
TXO,202607W5,20260729.0,42850.0,Put,-,-,-,-,421.0,-,-,0,0,0,0,329,-,-,-
TXO,202607W5,20260729.0,42900.0,Call,-,-,-,-,1830.0,-,-,0,0,0,4,1660,1950,1260,870
TXO,202607W5,20260729.0,42900.0,Put,-,-,-,-,433.0,-,-,0,0,0,1,335,580,1250,260
TXO,202607W5,20260729.0,42950.0,Call,-,-,-,-,1790.0,-,-,0,0,0,0,1620,-,-,-
TXO,202607W5,20260729.0,42950.0,Put,545,545,515,515,445.0,▼-735,▼-58.80%,2,3,5,1,366,-,900,515
TXO,202607W5,20260729.0,43000.0,Call,1560,1560,1560,1560,1750.0,▲+715,▲+84.62%,2,1,3,2,1670,-,2200,845
TXO,202607W5,20260729.0,43000.0,Put,720,720,510,510,456.0,▼-760,▼-59.84%,4,12,16,35,400,615,1560,255
TXO,202607W5,20260729.0,43050.0,Call,-,-,-,-,1710.0,-,-,0,0,0,0,1660,-,-,-
TXO,202607W5,20260729.0,43050.0,Put,520,520,520,520,470.0,▼-780,▼-60.00%,0,1,1,1,382,-,520,520
TXO,202607W5,20260729.0,43100.0,Call,-,-,-,-,1670.0,-,-,6,0,6,6,1630,1780,1260,995
TXO,202607W5,20260729.0,43100.0,Put,715,715,715,715,480.0,▼-605,▼-45.83%,0,1,1,4,375,650,1620,280
TXO,202607W5,20260729.0,43150.0,Call,-,-,-,-,1640.0,-,-,0,0,0,0,1590,1680,-,-
TXO,202607W5,20260729.0,43150.0,Put,565,565,565,565,496.0,▼-785,▼-58.15%,0,2,2,2,388,600,565,565
TXO,202607W5,20260729.0,43200.0,Call,-,-,-,-,1610.0,-,-,1,0,1,1,1560,1630,990,780
TXO,202607W5,20260729.0,43200.0,Put,740,780,590,590,510.0,▼-780,▼-56.93%,2,35,37,24,411,-,1000,321
TXO,202607W5,20260729.0,43250.0,Call,-,-,-,-,1570.0,-,-,0,0,0,0,1520,1590,-,-
TXO,202607W5,20260729.0,43250.0,Put,-,-,-,-,520.0,-,-,0,0,0,0,434,-,-,-
TXO,202607W5,20260729.0,43300.0,Call,1020,1080,1020,1080,1530.0,▲+385,▲+55.40%,0,2,2,2,1490,1570,1080,1020
TXO,202607W5,20260729.0,43300.0,Put,550,550,550,550,550.0,▼-880,▼-61.54%,0,2,2,34,445,675,590,338
TXO,202607W5,20260729.0,43350.0,Call,-,-,-,-,1490.0,-,-,0,0,0,0,1450,-,-,-
TXO,202607W5,20260729.0,43350.0,Put,-,-,-,-,550.0,-,-,0,0,0,0,444,-,-,-
TXO,202607W5,20260729.0,43400.0,Call,1080,1080,1030,1030,1460.0,▲+375,▲+57.25%,0,2,2,4,1420,1610,1080,790
TXO,202607W5,20260729.0,43400.0,Put,855,855,555,555,555.0,▼-935,▼-62.75%,0,10,10,7,479,-,855,400
TXO,202607W5,20260729.0,43450.0,Call,-,-,-,-,1430.0,-,-,0,0,0,0,1380,-,-,-
TXO,202607W5,20260729.0,43450.0,Put,-,-,-,-,585.0,-,-,0,0,0,0,490,-,-,-
TXO,202607W5,20260729.0,43500.0,Call,770,1030,770,1000,1390.0,▲+385,▲+62.60%,4,14,18,12,1360,-,1030,650
TXO,202607W5,20260729.0,43500.0,Put,930,930,680,695,600.0,▼-855,▼-55.16%,0,4,4,19,505,-,1930,378
TXO,202607W5,20260729.0,43550.0,Call,-,-,-,-,1360.0,-,-,0,0,0,0,1320,-,-,-
TXO,202607W5,20260729.0,43550.0,Put,725,725,725,725,615.0,▼-855,▼-54.11%,0,2,2,2,505,-,725,725
TXO,202607W5,20260729.0,43600.0,Call,-,-,-,-,1330.0,-,-,0,0,0,1,1280,1350,1210,1210
TXO,202607W5,20260729.0,43600.0,Put,955,955,840,840,630.0,▼-760,▼-47.50%,1,2,3,2,545,-,1110,485
TXO,202607W5,20260729.0,43650.0,Call,-,-,-,-,1300.0,-,-,0,0,0,0,1270,-,-,-
TXO,202607W5,20260729.0,43650.0,Put,-,-,-,-,650.0,-,-,0,0,0,0,535,-,-,-
TXO,202607W5,20260729.0,43700.0,Call,795,1080,795,1080,1260.0,▲+545,▲+101.87%,2,5,7,4,1220,1270,1140,670
TXO,202607W5,20260729.0,43700.0,Put,-,-,-,-,665.0,-,-,0,0,0,0,560,-,-,-
TXO,202607W5,20260729.0,43750.0,Call,-,-,-,-,1230.0,-,-,0,0,0,0,975,-,-,-
TXO,202607W5,20260729.0,43750.0,Put,970,970,660,660,685.0,▼-1040,▼-61.18%,0,5,5,2,580,-,970,660
TXO,202607W5,20260729.0,43800.0,Call,845,1120,845,1120,1200.0,▲+629,▲+128.11%,1,2,3,8,1160,-,1120,515
TXO,202607W5,20260729.0,43800.0,Put,890,890,790,790,700.0,▼-930,▼-54.07%,0,5,5,5,590,-,1090,785
TXO,202607W5,20260729.0,43850.0,Call,-,-,-,-,1160.0,-,-,0,0,0,0,1130,-,-,-
TXO,202607W5,20260729.0,43850.0,Put,-,-,-,-,720.0,-,-,0,0,0,0,640,-,-,-
TXO,202607W5,20260729.0,43900.0,Call,750,990,750,990,1130.0,▲+532,▲+116.16%,4,14,18,10,820,1240,990,600
TXO,202607W5,20260729.0,43900.0,Put,750,750,750,750,750.0,▼-1040,▼-58.10%,0,1,1,1,640,-,980,462
TXO,202607W5,20260729.0,43950.0,Call,-,-,-,-,1100.0,-,-,0,0,0,0,1060,-,760,615
TXO,202607W5,20260729.0,43950.0,Put,-,-,-,-,760.0,-,-,0,0,0,1,660,840,840,840
TXO,202607W5,20260729.0,44000.0,Call,650,970,650,970,1070.0,▲+548,▲+129.86%,6,10,16,9,1030,1090,2360,447
TXO,202607W5,20260729.0,44000.0,Put,915,915,795,800,780.0,▼-1050,▼-56.76%,1,10,11,11,675,-,1800,433
TXO,202607W5,20260729.0,44050.0,Call,930,930,930,930,1040.0,▲+529,▲+131.92%,1,1,2,2,2.1,1120,930,401
TXO,202607W5,20260729.0,44050.0,Put,900,900,900,900,800.0,▼-980,▼-52.13%,0,1,1,1,685,-,900,900
TXO,202607W5,20260729.0,44100.0,Call,-,-,-,-,1020.0,-,-,3,0,3,2,800,1100,520,440
TXO,202607W5,20260729.0,44100.0,Put,1000,1000,875,875,820.0,▼-1045,▼-54.43%,0,11,11,10,715,-,2130,487
TXO,202607W5,20260729.0,44150.0,Call,-,-,-,-,980.0,-,-,0,0,0,0,2.1,-,-,-
TXO,202607W5,20260729.0,44150.0,Put,-,-,-,-,835.0,-,-,0,0,0,0,-,-,-,-
TXO,202607W5,20260729.0,44200.0,Call,800,930,800,930,930.0,▲+575,▲+161.97%,2,21,23,22,810,-,930,355
TXO,202607W5,20260729.0,44200.0,Put,-,-,-,-,855.0,-,-,0,0,0,0,-,-,-,-
TXO,202607W5,20260729.0,44250.0,Call,448,760,448,760,925.0,▲+416,▲+120.93%,0,7,7,4,2.1,1020,760,383
TXO,202607W5,20260729.0,44250.0,Put,1230,1230,925,925,880.0,▼-1105,▼-54.43%,0,2,2,1,790,-,1760,625
TXO,202607W5,20260729.0,44300.0,Call,498,780,498,780,890.0,▲+452,▲+137.80%,2,5,7,1,2.1,955,780,328
TXO,202607W5,20260729.0,44300.0,Put,1220,1220,1030,1030,900.0,▼-1030,▼-50.00%,0,3,3,1,10,1040,1610,565
TXO,202607W5,20260729.0,44350.0,Call,-,-,-,-,860.0,-,-,1,0,1,21,2,970,595,370
TXO,202607W5,20260729.0,44350.0,Put,-,-,-,-,920.0,-,-,0,0,0,0,-,-,655,605
TXO,202607W5,20260729.0,44400.0,Call,-,-,-,-,835.0,-,-,0,0,0,0,595,-,-,-
TXO,202607W5,20260729.0,44400.0,Put,-,-,-,-,940.0,-,-,0,0,0,0,-,-,1690,615
TXO,202607W5,20260729.0,44450.0,Call,555,555,555,555,810.0,▲+267,▲+92.71%,0,2,2,2,710,905,555,555
TXO,202607W5,20260729.0,44450.0,Put,-,-,-,-,965.0,-,-,0,0,0,3,-,1110,1060,1030
TXO,202607W5,20260729.0,44500.0,Call,500,705,500,675,780.0,▲+399,▲+144.57%,8,12,20,18,660,-,845,300
TXO,202607W5,20260729.0,44500.0,Put,-,-,-,-,985.0,-,-,0,0,0,15,905,-,1050,605
TXO,202607W5,20260729.0,44550.0,Call,432,432,432,432,755.0,▲+168,▲+63.64%,2,1,3,1,650,-,432,270
TXO,202607W5,20260729.0,44550.0,Put,-,-,-,-,1010.0,-,-,0,0,0,0,980,1060,-,-
TXO,202607W5,20260729.0,44600.0,Call,448,448,448,448,725.0,▲+197,▲+78.49%,0,1,1,1,590,-,448,448
TXO,202607W5,20260729.0,44600.0,Put,1300,1300,1300,1300,1030.0,▼-980,▼-42.98%,0,3,3,3,915,-,1300,1300
TXO,202607W5,20260729.0,44650.0,Call,-,-,-,-,705.0,-,-,0,0,0,0,605,-,-,-
TXO,202607W5,20260729.0,44650.0,Put,-,-,-,-,1060.0,-,-,0,0,0,0,-,1070,-,-
TXO,202607W5,20260729.0,44700.0,Call,445,540,445,540,680.0,▲+311,▲+135.81%,1,2,3,1,510,775,540,266
TXO,202607W5,20260729.0,44700.0,Put,-,-,-,-,1090.0,-,-,0,0,0,1,-,1180,750,750
TXO,202607W5,20260729.0,44750.0,Call,398,450,398,450,650.0,▲+232,▲+106.42%,2,2,4,0,525,-,450,285
TXO,202607W5,20260729.0,44750.0,Put,-,-,-,-,1110.0,-,-,0,0,0,0,-,1120,-,-
TXO,202607W5,20260729.0,44800.0,Call,500,600,500,600,630.0,▲+393,▲+189.86%,1,6,7,6,590,-,600,207
TXO,202607W5,20260729.0,44800.0,Put,-,-,-,-,1140.0,-,-,0,0,0,1,1040,1190,1290,1290
TXO,202607W5,20260729.0,44850.0,Call,425,525,425,525,610.0,▲+327,▲+165.15%,0,4,4,5,510,-,525,213
TXO,202607W5,20260729.0,44850.0,Put,-,-,-,-,1160.0,-,-,0,0,0,0,-,-,-,-
TXO,202607W5,20260729.0,44900.0,Call,-,-,-,-,585.0,-,-,0,0,0,0,480,-,-,-
TXO,202607W5,20260729.0,44900.0,Put,-,-,-,-,1190.0,-,-,0,0,0,0,-,-,2400,1120
TXO,202607W5,20260729.0,44950.0,Call,-,-,-,-,560.0,-,-,0,0,0,0,388,-,500,283
TXO,202607W5,20260729.0,44950.0,Put,-,-,-,-,1220.0,-,-,0,0,0,2,-,1370,1050,820
TXO,202607W5,20260729.0,45000.0,Call,300,520,300,520,520.0,▲+342,▲+192.13%,57,44,101,85,384,-,740,170
TXO,202607W5,20260729.0,45000.0,Put,1370,1380,1370,1370,1250.0,▼-1230,▼-47.31%,0,4,4,18,1220,1350,2480,730
TXO,202607W5,20260729.0,45050.0,Call,350,488,350,488,515.0,▲+326,▲+201.23%,0,5,5,3,363,-,1380,350
TXO,202607W5,20260729.0,45050.0,Put,-,-,-,-,1270.0,-,-,0,0,0,2,960,1330,1170,920
TXO,202607W5,20260729.0,45100.0,Call,447,447,447,447,496.0,▲+293,▲+190.26%,2,1,3,4,380,595,447,202
TXO,202607W5,20260729.0,45100.0,Put,1750,1750,1400,1400,1300.0,▼-1290,▼-47.96%,0,2,2,0,-,1370,1750,1400
TXO,202607W5,20260729.0,45150.0,Call,245,266,245,266,477.0,▲+121,▲+83.45%,0,3,3,1,378,565,800,145
TXO,202607W5,20260729.0,45150.0,Put,-,-,-,-,1330.0,-,-,0,0,0,0,-,1440,-,-
TXO,202607W5,20260729.0,45200.0,Call,245,288,245,285,457.0,▲+146,▲+105.04%,2,4,6,4,330,545,1310,165
TXO,202607W5,20260729.0,45200.0,Put,1950,1950,1950,1950,1360.0,▼-820,▼-29.60%,0,1,1,19,-,1440,2660,1950
TXO,202607W5,20260729.0,45250.0,Call,235,333,235,333,439.0,▲+207,▲+164.29%,0,3,3,5,333,520,380,126
TXO,202607W5,20260729.0,45250.0,Put,-,-,-,-,1390.0,-,-,0,0,0,0,1080,1470,-,-
TXO,202607W5,20260729.0,45300.0,Call,155,155,155,155,420.0,▲+30,▲+24.00%,7,2,9,5,275,820,500,151
TXO,202607W5,20260729.0,45300.0,Put,-,-,-,-,1430.0,-,-,0,0,0,1,1330,-,1480,1480
TXO,202607W5,20260729.0,45350.0,Call,155,155,155,155,401.0,▲+37,▲+31.36%,0,1,1,1,263,484,155,155
TXO,202607W5,20260729.0,45350.0,Put,-,-,-,-,1460.0,-,-,0,0,0,0,-,-,2760,1020
TXO,202607W5,20260729.0,45400.0,Call,210,346,210,346,383.0,▲+234,▲+208.93%,2,21,23,19,262,487,346,163
TXO,202607W5,20260729.0,45400.0,Put,-,-,-,-,1490.0,-,-,0,0,0,2,1400,-,1160,920
TXO,202607W5,20260729.0,45450.0,Call,150,194,150,194,366.0,▲+87,▲+81.31%,0,3,3,1,245,-,194,150
TXO,202607W5,20260729.0,45450.0,Put,-,-,-,-,1520.0,-,-,0,0,0,0,-,1580,3080,1040
TXO,202607W5,20260729.0,45500.0,Call,160,330,160,330,348.0,▲+226,▲+217.31%,14,26,40,109,260,-,665,96
TXO,202607W5,20260729.0,45500.0,Put,-,-,-,-,1550.0,-,-,0,0,0,0,-,1580,2820,1110
TXO,202607W5,20260729.0,45550.0,Call,-,-,-,-,334.0,-,-,0,0,0,1,196,-,195,195
TXO,202607W5,20260729.0,45550.0,Put,-,-,-,-,1590.0,-,-,0,0,0,0,-,1650,-,-
TXO,202607W5,20260729.0,45600.0,Call,160,253,160,253,321.0,▲+164,▲+184.27%,0,31,31,24,193,416,610,160
TXO,202607W5,20260729.0,45600.0,Put,-,-,-,-,1630.0,-,-,0,0,0,35,1540,1650,1230,1060
TXO,202607W5,20260729.0,45650.0,Call,-,-,-,-,302.0,-,-,0,0,0,1,191,-,1250,86
TXO,202607W5,20260729.0,45650.0,Put,-,-,-,-,1660.0,-,-,0,0,0,0,-,1720,2590,1140
TXO,202607W5,20260729.0,45700.0,Call,245,262,243,262,288.0,▲+182,▲+227.50%,8,17,25,28,130,370,405,80
TXO,202607W5,20260729.0,45700.0,Put,-,-,-,-,1690.0,-,-,0,0,0,0,-,1750,-,-
TXO,202607W5,20260729.0,45750.0,Call,160,160,160,160,274.0,▲+82,▲+105.13%,0,2,2,2,109,-,1020,90
TXO,202607W5,20260729.0,45750.0,Put,-,-,-,-,1730.0,-,-,0,0,0,1,-,1790,1080,1080
TXO,202607W5,20260729.0,45800.0,Call,-,-,-,-,257.0,-,-,0,0,0,6,106,-,1130,76
TXO,202607W5,20260729.0,45800.0,Put,-,-,-,-,1760.0,-,-,0,0,0,0,-,1820,-,-
TXO,202607W5,20260729.0,45850.0,Call,89,168,89,168,245.0,▲+101,▲+150.75%,1,3,4,2,81,-,408,71
TXO,202607W5,20260729.0,45850.0,Put,-,-,-,-,1800.0,-,-,0,0,0,0,-,1860,-,-
TXO,202607W5,20260729.0,45900.0,Call,102,135,102,135,232.0,▲+71,▲+110.94%,0,3,3,1,112,320,525,100
TXO,202607W5,20260729.0,45900.0,Put,-,-,-,-,1840.0,-,-,0,0,0,0,-,1880,2650,1290
TXO,202607W5,20260729.0,45950.0,Call,208,208,208,208,208.0,▲+148,▲+246.67%,0,1,1,6,103,302,497,65
TXO,202607W5,20260729.0,45950.0,Put,-,-,-,-,1880.0,-,-,0,0,0,0,-,1940,-,-
TXO,202607W5,20260729.0,46000.0,Call,77,188,77,188,207.0,▲+130,▲+224.14%,13,48,61,38,140,318,970,58
TXO,202607W5,20260729.0,46000.0,Put,-,-,-,-,1910.0,-,-,0,0,0,0,-,1980,3200,1230
TXO,202607W5,20260729.0,46050.0,Call,166,166,165,165,197.0,▲+112,▲+211.32%,2,3,5,3,67,-,166,76
TXO,202607W5,20260729.0,46050.0,Put,-,-,-,-,1950.0,-,-,0,0,0,0,-,2020,-,-
TXO,202607W5,20260729.0,46100.0,Call,80,130,76,130,188.0,▲+80,▲+160.00%,2,8,10,26,1.3,251,294,67
TXO,202607W5,20260729.0,46100.0,Put,-,-,-,-,1990.0,-,-,0,0,0,0,-,2060,-,-
TXO,202607W5,20260729.0,46150.0,Call,-,-,-,-,176.0,-,-,0,0,0,5,1.3,247,200,63
TXO,202607W5,20260729.0,46150.0,Put,-,-,-,-,2030.0,-,-,0,0,0,0,-,2100,-,-
TXO,202607W5,20260729.0,46200.0,Call,74,162,74,162,162.0,▲+116.5,▲+256.04%,3,9,12,10,83,233,162,58
TXO,202607W5,20260729.0,46200.0,Put,-,-,-,-,2070.0,-,-,0,0,0,0,-,2140,-,-
TXO,202607W5,20260729.0,46250.0,Call,68,95,68,95,157.0,▲+52.5,▲+123.53%,0,2,2,2,1.3,239,260,68
TXO,202607W5,20260729.0,46250.0,Put,-,-,-,-,2110.0,-,-,0,0,0,0,-,2180,-,-
TXO,202607W5,20260729.0,46300.0,Call,60,145,60,145,145.0,▲+105,▲+262.50%,3,14,17,13,2.2,237,145,45
TXO,202607W5,20260729.0,46300.0,Put,-,-,-,-,2150.0,-,-,0,0,0,0,-,2220,-,-
TXO,202607W5,20260729.0,46350.0,Call,60,60,60,60,140.0,▲+22,▲+57.89%,0,1,1,1,1.3,-,405,55
TXO,202607W5,20260729.0,46350.0,Put,-,-,-,-,2200.0,-,-,0,0,0,0,-,-,-,-
TXO,202607W5,20260729.0,46400.0,Call,55,115,55,115,132.0,▲+79.5,▲+223.94%,2,5,7,17,40,-,850,41
TXO,202607W5,20260729.0,46400.0,Put,-,-,-,-,2240.0,-,-,0,0,0,0,-,2280,-,-
TXO,202607W5,20260729.0,46450.0,Call,51,77,51,77,124.0,▲+43.5,▲+129.85%,0,2,2,6,5.1,225,210,47
TXO,202607W5,20260729.0,46450.0,Put,-,-,-,-,2280.0,-,-,0,0,0,0,-,-,-,-
TXO,202607W5,20260729.0,46500.0,Call,45.5,101,42.5,101,117.0,▲+70,▲+225.81%,8,53,61,93,34,131,795,31
TXO,202607W5,20260729.0,46500.0,Put,3300,3300,3300,3300,2320.0,▼-670,▼-16.88%,1,1,2,1,-,2390,3560,1410
TXO,202607W5,20260729.0,46550.0,Call,43,62,43,62,110.0,▲+32,▲+106.67%,0,7,7,2,59,203,114,42.5
TXO,202607W5,20260729.0,46550.0,Put,-,-,-,-,2370.0,-,-,0,0,0,0,-,-,-,-
TXO,202607W5,20260729.0,46600.0,Call,41.5,84,41.5,84,104.0,▲+54.5,▲+184.75%,4,8,12,8,0.5,182,108,29.5
TXO,202607W5,20260729.0,46600.0,Put,-,-,-,-,2410.0,-,-,0,0,0,0,-,-,-,-
TXO,202607W5,20260729.0,46650.0,Call,42,42,42,42,98.0,▲+15.5,▲+58.49%,0,3,3,3,0.5,-,42,42
TXO,202607W5,20260729.0,46650.0,Put,-,-,-,-,2450.0,-,-,0,0,0,0,-,-,-,-
TXO,202607W5,20260729.0,46700.0,Call,37,56,37,56,93.0,▲+31.5,▲+128.57%,8,3,11,5,0.5,157,620,29.5
TXO,202607W5,20260729.0,46700.0,Put,-,-,-,-,2500.0,-,-,0,0,0,0,11,2560,-,-
TXO,202607W5,20260729.0,46750.0,Call,-,-,-,-,85.0,-,-,0,0,0,0,7,-,225,83
TXO,202607W5,20260729.0,46750.0,Put,-,-,-,-,2540.0,-,-,0,0,0,0,-,2610,-,-
TXO,202607W5,20260729.0,46800.0,Call,-,-,-,-,80.0,-,-,4,0,4,7,10,90,715,23
TXO,202607W5,20260729.0,46800.0,Put,-,-,-,-,2580.0,-,-,0,0,0,0,-,2650,-,-
TXO,202607W5,20260729.0,46850.0,Call,-,-,-,-,75.0,-,-,0,0,0,1,0.5,-,73,73
TXO,202607W5,20260729.0,46850.0,Put,-,-,-,-,2630.0,-,-,0,0,0,0,-,-,-,-
TXO,202607W5,20260729.0,46900.0,Call,37,37,37,37,70.0,▲+16.5,▲+80.49%,0,1,1,1,43,-,615,32
TXO,202607W5,20260729.0,46900.0,Put,-,-,-,-,2680.0,-,-,0,0,0,0,-,2740,-,-
TXO,202607W5,20260729.0,46950.0,Call,-,-,-,-,66.0,-,-,0,0,0,0,0.7,-,32,27
TXO,202607W5,20260729.0,46950.0,Put,-,-,-,-,2720.0,-,-,0,0,0,0,-,2790,-,-
TXO,202607W5,20260729.0,47000.0,Call,21.5,53,21.5,53,62.0,▲+34.5,▲+186.49%,9,30,39,42,36,120,645,1.4
TXO,202607W5,20260729.0,47000.0,Put,-,-,-,-,2770.0,-,-,0,0,0,2,-,2840,1760,1760
TXO,202607W5,20260729.0,47100.0,Call,50,50,50,50,50.0,▲+33.5,▲+203.03%,0,1,1,16,0.5,200,625,23.5
TXO,202607W5,20260729.0,47100.0,Put,-,-,-,-,2860.0,-,-,0,0,0,0,-,-,-,-
TXO,202607W5,20260729.0,47200.0,Call,20,20,19,19,47.5,▲+4,▲+26.67%,2,2,4,3,2,-,540,18.5
TXO,202607W5,20260729.0,47200.0,Put,-,-,-,-,2950.0,-,-,0,0,0,0,-,3020,-,-
TXO,202607W5,20260729.0,47300.0,Call,-,-,-,-,42.0,-,-,2,0,2,4,0.2,320,510,18.5
TXO,202607W5,20260729.0,47300.0,Put,-,-,-,-,3050.0,-,-,0,0,0,0,-,-,-,-
TXO,202607W5,20260729.0,47400.0,Call,-,-,-,-,36.0,-,-,0,0,0,2,2.6,-,71,18.5
TXO,202607W5,20260729.0,47400.0,Put,-,-,-,-,3140.0,-,-,0,0,0,0,-,-,-,-
TXO,202607W5,20260729.0,47500.0,Call,14,31,14,31,31.0,▲+19,▲+158.33%,6,11,17,44,3,35,458,13
TXO,202607W5,20260729.0,47500.0,Put,-,-,-,-,3240.0,-,-,0,0,0,0,-,3310,-,-
TXO,202607W5,20260729.0,47600.0,Call,-,-,-,-,28.0,-,-,0,0,0,3,9.5,-,85,17
TXO,202607W5,20260729.0,47600.0,Put,-,-,-,-,3330.0,-,-,0,0,0,0,-,3400,-,-
TXO,202607W5,20260729.0,47700.0,Call,10.5,11,10.5,11,24.0,▲+1.2,▲+12.24%,2,2,4,3,0.1,110,36,10.5
TXO,202607W5,20260729.0,47700.0,Put,-,-,-,-,3430.0,-,-,0,0,0,0,-,-,-,-
TXO,202607W5,20260729.0,47800.0,Call,11,20,9.8,20,20.0,▲+10.9,▲+119.78%,1,6,7,9,0.1,110,335,9.8
TXO,202607W5,20260729.0,47800.0,Put,-,-,-,-,3520.0,-,-,0,0,0,0,-,3600,-,-
TXO,202607W5,20260729.0,47900.0,Call,-,-,-,-,18.5,-,-,1,0,1,5,0.3,-,360,9.4
TXO,202607W5,20260729.0,47900.0,Put,-,-,-,-,3620.0,-,-,0,0,0,0,-,3700,-,-
TXO,202607W5,20260729.0,48000.0,Call,8.7,14.5,7.1,14,16.5,▲+6,▲+75.00%,9,29,38,117,10,20,358,7.1
TXO,202607W5,20260729.0,48000.0,Put,-,-,-,-,3720.0,-,-,0,0,0,0,-,3800,-,-
TXO,202607W5,20260729.0,48100.0,Call,-,-,-,-,14.5,-,-,1,0,1,7,0.3,-,310,8.7
TXO,202607W5,20260729.0,48100.0,Put,-,-,-,-,3820.0,-,-,0,0,0,0,-,-,-,-
TXO,202607W5,20260729.0,48200.0,Call,6,6,6,6,13.0,▼-0.9,▼-13.04%,1,1,2,4,0.3,14,295,6
TXO,202607W5,20260729.0,48200.0,Put,-,-,-,-,3920.0,-,-,0,0,0,0,-,3990,-,-
TXO,202607W5,20260729.0,48300.0,Call,7,10.5,5.5,10,10.0,▲+3.2,▲+47.06%,1,6,7,9,0.2,11.5,225,5.5
TXO,202607W5,20260729.0,48300.0,Put,-,-,-,-,4020.0,-,-,0,0,0,0,-,-,-,-
TXO,202607W5,20260729.0,48400.0,Call,7.5,10,7.5,10,10.0,▲+3.4,▲+51.52%,7,4,11,35,0.3,-,220,7.3
TXO,202607W5,20260729.0,48400.0,Put,-,-,-,-,4110.0,-,-,0,0,0,0,-,4190,-,-
TXO,202607W5,20260729.0,48500.0,Call,5,6.5,5,6.5,9.0,▲+0.2,▲+3.17%,6,3,9,35,0.2,1000,247,5
TXO,202607W5,20260729.0,48500.0,Put,-,-,-,-,4210.0,-,-,0,0,0,0,-,4290,-,-
TXO,202607W5,20260729.0,48600.0,Call,-,-,-,-,8.4,-,-,1,0,1,2,0.2,106,220,7.2
TXO,202607W5,20260729.0,48600.0,Put,-,-,-,-,4310.0,-,-,0,0,0,0,-,4390,-,-
TXO,202607W5,20260729.0,48700.0,Call,-,-,-,-,7.8,-,-,0,0,0,3,0.3,-,168,33.5
TXO,202607W5,20260729.0,48700.0,Put,-,-,-,-,4410.0,-,-,0,0,0,0,-,4490,-,-
TXO,202607W5,20260729.0,48800.0,Call,-,-,-,-,7.3,-,-,0,0,0,2,0.2,7.5,196,31
TXO,202607W5,20260729.0,48800.0,Put,-,-,-,-,4510.0,-,-,0,0,0,0,-,4590,-,-
TXO,202607W5,20260729.0,48900.0,Call,-,-,-,-,6.7,-,-,0,0,0,2,0.2,-,183,6.9
TXO,202607W5,20260729.0,48900.0,Put,-,-,-,-,4610.0,-,-,0,0,0,0,-,4690,-,-
TXO,202607W5,20260729.0,49000.0,Call,4.6,5,3.7,5,6.2,▲+0.4,▲+8.70%,18,5,23,56,3.5,30,160,3.7
TXO,202607W5,20260729.0,49000.0,Put,-,-,-,-,4710.0,-,-,0,0,0,0,-,4790,-,-
TXO,202607W5,20260729.0,49100.0,Call,-,-,-,-,5.7,-,-,0,0,0,3,0.2,-,150,18
TXO,202607W5,20260729.0,49100.0,Put,-,-,-,-,4810.0,-,-,0,0,0,0,-,4890,-,-
TXO,202607W5,20260729.0,49200.0,Call,-,-,-,-,5.4,-,-,0,0,0,6,0.2,-,141,17
TXO,202607W5,20260729.0,49200.0,Put,-,-,-,-,4910.0,-,-,0,0,0,0,-,4990,-,-
TXO,202607W5,20260729.0,49300.0,Call,3.9,3.9,2,2,4.9,▼-1.9,▼-48.72%,1,9,10,15,0.3,-,130,2
TXO,202607W5,20260729.0,49300.0,Put,-,-,-,-,5010.0,-,-,0,0,0,0,-,5090,-,-
TXO,202607W5,20260729.0,49400.0,Call,-,-,-,-,4.5,-,-,0,0,0,0,0.3,-,117,23.5
TXO,202607W5,20260729.0,49400.0,Put,-,-,-,-,5110.0,-,-,0,0,0,0,-,5190,-,-
TXO,202607W5,20260729.0,49500.0,Call,4.6,4.6,4.6,4.6,4.5,▲+0.9,▲+24.32%,0,1,1,25,0.2,-,107,4.6
TXO,202607W5,20260729.0,49500.0,Put,-,-,-,-,5210.0,-,-,0,0,0,0,-,5290,-,-
TXO,202607W5,20260729.0,49600.0,Call,-,-,-,-,4.5,-,-,0,0,0,2,0.2,28.5,84,21.5
TXO,202607W5,20260729.0,49600.0,Put,-,-,-,-,5310.0,-,-,0,0,0,0,-,5390,-,-
TXO,202607W5,20260729.0,49700.0,Call,-,-,-,-,4.2,-,-,0,0,0,0,0.3,-,68,19.5
TXO,202607W5,20260729.0,49700.0,Put,-,-,-,-,5410.0,-,-,0,0,0,0,-,5490,-,-
TXO,202607W5,20260729.0,49800.0,Call,-,-,-,-,4.0,-,-,0,0,0,0,0.2,-,64,18.5
TXO,202607W5,20260729.0,49800.0,Put,-,-,-,-,5510.0,-,-,0,0,0,0,-,5590,-,-
TXO,202607W5,20260729.0,49900.0,Call,-,-,-,-,3.7,-,-,0,0,0,0,0.2,-,13.5,3.7
TXO,202607W5,20260729.0,49900.0,Put,-,-,-,-,5610.0,-,-,0,0,0,0,-,5690,-,-
TXO,202607W5,20260729.0,50000.0,Call,-,-,-,-,3.5,-,-,2,0,2,37,1.2,9,62,3.6
TXO,202607W5,20260729.0,50000.0,Put,-,-,-,-,5710.0,-,-,0,0,0,0,-,5790,-,-
TXO,202607W5,20260729.0,50100.0,Call,2.3,2.3,2.3,2.3,3.3,▲+0.1,▲+4.55%,0,1,1,4,0.3,102,64,2.3
TXO,202607W5,20260729.0,50100.0,Put,-,-,-,-,5810.0,-,-,0,0,0,0,-,5890,-,-
TXO,202607W5,20260729.0,50200.0,Call,4,4,1.4,2.6,2.6,▲+0.6,▲+30.00%,17,94,111,342,1.3,2.7,60,1.4
TXO,202607W5,20260729.0,50200.0,Put,-,-,-,-,5910.0,-,-,0,0,0,0,-,-,-,-
TXO,202607F5,20260731.0,38200.0,Call,-,-,-,-,6150.0,-,-,0,0,0,0,-,-,-,-
TXO,202607F5,20260731.0,38200.0,Put,132,132,75,75,62.0,▼-125,▼-62.50%,0,8,8,4,22,76,132,75
TXO,202607F5,20260731.0,38300.0,Call,-,-,-,-,6060.0,-,-,0,0,0,0,5990,-,-,-
TXO,202607F5,20260731.0,38300.0,Put,101,101,66,66,66.0,▼-168,▼-71.79%,0,2,2,2,1.2,168,101,66
TXO,202607F5,20260731.0,38400.0,Call,-,-,-,-,5960.0,-,-,0,0,0,0,-,-,-,-
TXO,202607F5,20260731.0,38400.0,Put,75,75,75,75,67.0,▼-173,▼-69.76%,9,1,10,19,9,244,248,75
TXO,202607F5,20260731.0,38500.0,Call,-,-,-,-,5860.0,-,-,0,0,0,0,-,-,-,-
TXO,202607F5,20260731.0,38500.0,Put,111,111,85,85,72.0,▼-165,▼-66.00%,1,5,6,6,15.5,-,250,85
TXO,202607F5,20260731.0,38600.0,Call,-,-,-,-,5770.0,-,-,0,0,0,0,-,-,-,-
TXO,202607F5,20260731.0,38600.0,Put,101,101,101,101,75.0,▼-172,▼-63.00%,0,1,1,1,2.1,172,101,101
TXO,202607F5,20260731.0,38700.0,Call,-,-,-,-,5670.0,-,-,0,0,0,0,5600,-,-,-
TXO,202607F5,20260731.0,38700.0,Put,119,119,119,119,79.0,▼-166,▼-58.25%,0,1,1,1,2.1,176,119,119
TXO,202607F5,20260731.0,38800.0,Call,-,-,-,-,5580.0,-,-,0,0,0,0,5510,-,-,-
TXO,202607F5,20260731.0,38800.0,Put,-,-,-,-,84.0,-,-,2,0,2,3,2.1,193,254,192
TXO,202607F5,20260731.0,38900.0,Call,-,-,-,-,5480.0,-,-,0,0,0,0,5420,-,-,-
TXO,202607F5,20260731.0,38900.0,Put,-,-,-,-,89.0,-,-,0,0,0,0,3.4,-,-,-
TXO,202607F5,20260731.0,39000.0,Call,-,-,-,-,5380.0,-,-,0,0,0,0,5320,-,-,-
TXO,202607F5,20260731.0,39000.0,Put,172,172,96,100,91.0,▼-220,▼-68.75%,3,13,16,17,3.3,105,314,96
TXO,202607F5,20260731.0,39100.0,Call,-,-,-,-,5290.0,-,-,0,0,0,0,5220,-,-,-
TXO,202607F5,20260731.0,39100.0,Put,-,-,-,-,95.0,-,-,0,0,0,0,49,-,-,-
TXO,202607F5,20260731.0,39200.0,Call,-,-,-,-,5190.0,-,-,0,0,0,0,-,-,-,-
TXO,202607F5,20260731.0,39200.0,Put,105,105,105,105,105.0,▼-245,▼-70.00%,0,1,1,1,12.5,-,105,105
TXO,202607F5,20260731.0,39300.0,Call,-,-,-,-,5100.0,-,-,0,0,0,0,5030,-,-,-
TXO,202607F5,20260731.0,39300.0,Put,111,111,111,111,106.0,▼-258,▼-69.92%,0,2,2,1,17,-,111,111
TXO,202607F5,20260731.0,39400.0,Call,-,-,-,-,5000.0,-,-,0,0,0,0,4940,-,-,-
TXO,202607F5,20260731.0,39400.0,Put,-,-,-,-,109.0,-,-,2,0,2,2,18,247,266,266
TXO,202607F5,20260731.0,39500.0,Call,-,-,-,-,4910.0,-,-,0,0,0,0,-,-,-,-
TXO,202607F5,20260731.0,39500.0,Put,195,195,195,195,114.0,▼-196,▼-50.13%,0,1,1,1,36,228,195,195
TXO,202607F5,20260731.0,39600.0,Call,-,-,-,-,4810.0,-,-,0,0,0,0,4750,-,-,-
TXO,202607F5,20260731.0,39600.0,Put,128,128,128,128,121.0,▼-277,▼-68.40%,0,1,1,1,22,-,128,128
TXO,202607F5,20260731.0,39700.0,Call,-,-,-,-,4720.0,-,-,0,0,0,0,4690,-,-,-
TXO,202607F5,20260731.0,39700.0,Put,138,138,135,135,126.0,▼-291,▼-68.31%,0,6,6,1,37.5,-,138,135
TXO,202607F5,20260731.0,39800.0,Call,-,-,-,-,4630.0,-,-,0,0,0,0,4560,-,-,-
TXO,202607F5,20260731.0,39800.0,Put,-,-,-,-,132.0,-,-,0,0,0,0,36.5,-,-,-
TXO,202607F5,20260731.0,39900.0,Call,-,-,-,-,4530.0,-,-,0,0,0,0,4470,-,-,-
TXO,202607F5,20260731.0,39900.0,Put,155,158,155,158,138.0,▼-301,▼-65.58%,0,2,2,2,63,237,158,155
TXO,202607F5,20260731.0,40000.0,Call,-,-,-,-,4440.0,-,-,0,0,0,0,-,-,-,-
TXO,202607F5,20260731.0,40000.0,Put,240,240,158,158,146.0,▼-318,▼-66.81%,4,19,23,23,74,-,450,158
TXO,202607F5,20260731.0,40100.0,Call,-,-,-,-,4350.0,-,-,0,0,0,0,4290,-,-,-
TXO,202607F5,20260731.0,40100.0,Put,-,-,-,-,153.0,-,-,0,0,0,0,35,-,-,-
TXO,202607F5,20260731.0,40200.0,Call,-,-,-,-,4260.0,-,-,0,0,0,0,4200,-,-,-
TXO,202607F5,20260731.0,40200.0,Put,259,270,175,180,161.0,▼-345,▼-65.71%,4,64,68,4,82,280,350,175
TXO,202607F5,20260731.0,40300.0,Call,-,-,-,-,4160.0,-,-,0,0,0,0,4100,-,-,-
TXO,202607F5,20260731.0,40300.0,Put,-,-,-,-,168.0,-,-,0,0,0,0,40,-,-,-
TXO,202607F5,20260731.0,40400.0,Call,-,-,-,-,4070.0,-,-,0,0,0,0,4010,-,-,-
TXO,202607F5,20260731.0,40400.0,Put,-,-,-,-,174.0,-,-,0,0,0,0,42,-,-,-
TXO,202607F5,20260731.0,40500.0,Call,-,-,-,-,3980.0,-,-,0,0,0,0,-,-,-,-
TXO,202607F5,20260731.0,40500.0,Put,205,205,205,205,185.0,▼-375,▼-64.66%,0,1,1,1,106,286,205,205
TXO,202607F5,20260731.0,40600.0,Call,-,-,-,-,3890.0,-,-,0,0,0,0,3830,-,-,-
TXO,202607F5,20260731.0,40600.0,Put,303,318,209,211,195.0,▼-394,▼-65.12%,0,7,7,3,120,-,318,209
TXO,202607F5,20260731.0,40700.0,Call,-,-,-,-,3800.0,-,-,0,0,0,0,3770,-,-,-
TXO,202607F5,20260731.0,40700.0,Put,220,220,220,220,207.0,▼-400,▼-64.52%,0,1,1,1,129,-,220,220
TXO,202607F5,20260731.0,40800.0,Call,-,-,-,-,3710.0,-,-,0,0,0,0,3680,-,-,-
TXO,202607F5,20260731.0,40800.0,Put,-,-,-,-,214.0,-,-,0,0,0,0,149,-,-,-
TXO,202607F5,20260731.0,40900.0,Call,-,-,-,-,3620.0,-,-,0,0,0,0,-,3660,-,-
TXO,202607F5,20260731.0,40900.0,Put,242,242,242,242,224.0,▼-418,▼-63.33%,0,1,1,2,124,355,660,242
TXO,202607F5,20260731.0,41000.0,Call,-,-,-,-,3530.0,-,-,0,0,0,0,3470,-,-,-
TXO,202607F5,20260731.0,41000.0,Put,366,366,237,237,237.0,▼-463,▼-66.14%,4,9,13,54,178,337,850,237
TXO,202607F5,20260731.0,41100.0,Call,-,-,-,-,3440.0,-,-,0,0,0,0,3410,-,-,-
TXO,202607F5,20260731.0,41100.0,Put,-,-,-,-,247.0,-,-,2,0,2,17,150,349,665,412
TXO,202607F5,20260731.0,41200.0,Call,-,-,-,-,3350.0,-,-,0,0,0,0,-,-,-,-
TXO,202607F5,20260731.0,41200.0,Put,-,-,-,-,259.0,-,-,1,0,1,4,182,364,530,435
TXO,202607F5,20260731.0,41250.0,Call,-,-,-,-,3310.0,-,-,0,0,0,0,-,-,-,-
TXO,202607F5,20260731.0,41250.0,Put,-,-,-,-,266.0,-,-,0,0,0,0,195,-,-,-
TXO,202607F5,20260731.0,41300.0,Call,-,-,-,-,3270.0,-,-,0,0,0,0,3210,-,-,-
TXO,202607F5,20260731.0,41300.0,Put,291,291,291,291,271.0,▼-489,▼-62.69%,0,1,1,2,198,430,660,291
TXO,202607F5,20260731.0,41350.0,Call,-,-,-,-,3220.0,-,-,0,0,0,0,-,-,-,-
TXO,202607F5,20260731.0,41350.0,Put,-,-,-,-,279.0,-,-,0,0,0,0,178,-,-,-
TXO,202607F5,20260731.0,41400.0,Call,-,-,-,-,3180.0,-,-,0,0,0,0,3150,-,-,-
TXO,202607F5,20260731.0,41400.0,Put,308,308,305,305,286.0,▼-510,▼-62.58%,0,6,6,1,210,-,308,305
TXO,202607F5,20260731.0,41450.0,Call,-,-,-,-,3140.0,-,-,0,0,0,0,3080,-,-,-
TXO,202607F5,20260731.0,41450.0,Put,-,-,-,-,292.0,-,-,0,0,0,0,203,-,-,-
TXO,202607F5,20260731.0,41500.0,Call,-,-,-,-,3100.0,-,-,0,0,0,0,3050,-,-,-
TXO,202607F5,20260731.0,41500.0,Put,545,545,545,545,301.0,▼-300,▼-35.50%,0,1,1,1,224,-,545,422
TXO,202607F5,20260731.0,41550.0,Call,-,-,-,-,3060.0,-,-,0,0,0,0,-,-,-,-
TXO,202607F5,20260731.0,41550.0,Put,-,-,-,-,311.0,-,-,0,0,0,0,235,-,-,-
TXO,202607F5,20260731.0,41600.0,Call,-,-,-,-,3010.0,-,-,0,0,0,0,-,-,-,-
TXO,202607F5,20260731.0,41600.0,Put,-,-,-,-,313.0,-,-,0,0,0,0,239,-,-,-
TXO,202607F5,20260731.0,41650.0,Call,-,-,-,-,2970.0,-,-,0,0,0,0,-,-,-,-
TXO,202607F5,20260731.0,41650.0,Put,-,-,-,-,321.0,-,-,0,0,0,0,214,-,-,-
TXO,202607F5,20260731.0,41700.0,Call,-,-,-,-,2920.0,-,-,0,0,0,0,-,-,-,-
TXO,202607F5,20260731.0,41700.0,Put,-,-,-,-,328.0,-,-,0,0,0,0,221,-,-,-
TXO,202607F5,20260731.0,41750.0,Call,-,-,-,-,2880.0,-,-,0,0,0,0,2830,-,-,-
TXO,202607F5,20260731.0,41750.0,Put,358,358,358,358,334.0,▼-562,▼-61.09%,0,1,1,1,268,-,358,358
TXO,202607F5,20260731.0,41800.0,Call,-,-,-,-,2840.0,-,-,0,0,0,0,-,-,-,-
TXO,202607F5,20260731.0,41800.0,Put,-,-,-,-,343.0,-,-,0,0,0,0,251,-,-,-
TXO,202607F5,20260731.0,41850.0,Call,-,-,-,-,2800.0,-,-,0,0,0,0,2740,-,-,-
TXO,202607F5,20260731.0,41850.0,Put,-,-,-,-,352.0,-,-,0,0,0,0,248,-,-,-
TXO,202607F5,20260731.0,41900.0,Call,-,-,-,-,2760.0,-,-,0,0,0,0,-,-,-,-
TXO,202607F5,20260731.0,41900.0,Put,-,-,-,-,363.0,-,-,0,0,0,0,272,-,-,-
TXO,202607F5,20260731.0,41950.0,Call,-,-,-,-,2710.0,-,-,0,0,0,0,-,-,-,-
TXO,202607F5,20260731.0,41950.0,Put,415,415,415,415,365.0,▼-570,▼-57.87%,2,1,3,2,279,-,720,415
TXO,202607F5,20260731.0,42000.0,Call,-,-,-,-,2670.0,-,-,0,0,0,0,-,-,-,-
TXO,202607F5,20260731.0,42000.0,Put,680,680,400,400,373.0,▼-610,▼-60.40%,1,4,5,5,293,-,905,400
TXO,202607F5,20260731.0,42050.0,Call,-,-,-,-,2630.0,-,-,0,0,0,0,2580,-,-,-
TXO,202607F5,20260731.0,42050.0,Put,412,412,412,412,382.0,▼-608,▼-59.61%,0,1,1,1,282,-,412,412
TXO,202607F5,20260731.0,42100.0,Call,-,-,-,-,2590.0,-,-,0,0,0,0,-,-,-,-
TXO,202607F5,20260731.0,42100.0,Put,-,-,-,-,393.0,-,-,0,0,0,0,291,-,-,-
TXO,202607F5,20260731.0,42150.0,Call,-,-,-,-,2550.0,-,-,0,0,0,0,-,-,-,-
TXO,202607F5,20260731.0,42150.0,Put,-,-,-,-,404.0,-,-,0,0,0,0,309,-,-,-
TXO,202607F5,20260731.0,42200.0,Call,-,-,-,-,2510.0,-,-,0,0,0,0,2490,-,-,-
TXO,202607F5,20260731.0,42200.0,Put,-,-,-,-,414.0,-,-,0,0,0,0,321,-,-,-
TXO,202607F5,20260731.0,42250.0,Call,-,-,-,-,2470.0,-,-,0,0,0,0,-,-,-,-
TXO,202607F5,20260731.0,42250.0,Put,-,-,-,-,422.0,-,-,0,0,0,0,334,-,-,-
TXO,202607F5,20260731.0,42300.0,Call,-,-,-,-,2430.0,-,-,0,0,0,0,-,-,-,-
TXO,202607F5,20260731.0,42300.0,Put,480,480,480,480,432.0,▼-640,▼-57.14%,0,1,1,0,329,-,1020,480
TXO,202607F5,20260731.0,42350.0,Call,-,-,-,-,2390.0,-,-,0,0,0,0,-,-,-,-
TXO,202607F5,20260731.0,42350.0,Put,-,-,-,-,442.0,-,-,0,0,0,0,340,-,-,-
TXO,202607F5,20260731.0,42400.0,Call,-,-,-,-,2340.0,-,-,0,0,0,0,-,-,-,-
TXO,202607F5,20260731.0,42400.0,Put,-,-,-,-,449.0,-,-,0,0,0,0,349,-,-,-
TXO,202607F5,20260731.0,42450.0,Call,-,-,-,-,2300.0,-,-,0,0,0,0,-,-,-,-
TXO,202607F5,20260731.0,42450.0,Put,-,-,-,-,459.0,-,-,0,0,0,0,380,-,-,-
TXO,202607F5,20260731.0,42500.0,Call,-,-,-,-,2270.0,-,-,0,0,0,0,-,-,-,-
TXO,202607F5,20260731.0,42500.0,Put,-,-,-,-,473.0,-,-,1,0,1,2,373,-,1240,585
TXO,202607F5,20260731.0,42550.0,Call,-,-,-,-,2230.0,-,-,0,0,0,0,-,-,-,-
TXO,202607F5,20260731.0,42550.0,Put,520,520,520,520,487.0,▼-710,▼-57.72%,0,1,1,1,385,-,520,520
TXO,202607F5,20260731.0,42600.0,Call,-,-,-,-,2200.0,-,-,0,0,0,0,-,-,-,-
TXO,202607F5,20260731.0,42600.0,Put,-,-,-,-,500.0,-,-,0,0,0,2,416,-,1110,1070
TXO,202607F5,20260731.0,42650.0,Call,-,-,-,-,2160.0,-,-,0,0,0,0,2100,-,-,-
TXO,202607F5,20260731.0,42650.0,Put,-,-,-,-,515.0,-,-,0,0,0,0,410,-,-,-
TXO,202607F5,20260731.0,42700.0,Call,-,-,-,-,2120.0,-,-,0,0,0,0,2.1,-,-,-
TXO,202607F5,20260731.0,42700.0,Put,-,-,-,-,520.0,-,-,0,0,0,1,430,-,1370,1370
TXO,202607F5,20260731.0,42750.0,Call,-,-,-,-,2080.0,-,-,0,0,0,0,2060,-,-,-
TXO,202607F5,20260731.0,42750.0,Put,-,-,-,-,530.0,-,-,0,0,0,0,429,-,-,-
TXO,202607F5,20260731.0,42800.0,Call,-,-,-,-,2040.0,-,-,0,0,0,20,2020,2150,1280,1280
TXO,202607F5,20260731.0,42800.0,Put,575,575,575,575,540.0,▼-755,▼-56.77%,0,1,1,14,449,710,1380,575
TXO,202607F5,20260731.0,42850.0,Call,-,-,-,-,2000.0,-,-,0,0,0,0,2.1,-,-,-
TXO,202607F5,20260731.0,42850.0,Put,590,590,590,590,555.0,▼-760,▼-56.30%,0,1,1,1,454,-,590,590
TXO,202607F5,20260731.0,42900.0,Call,-,-,-,-,1960.0,-,-,0,0,0,0,2.1,2000,-,-
TXO,202607F5,20260731.0,42900.0,Put,-,-,-,-,565.0,-,-,0,0,0,5,475,-,1430,1090
TXO,202607F5,20260731.0,42950.0,Call,-,-,-,-,1930.0,-,-,0,0,0,0,1910,-,-,-
TXO,202607F5,20260731.0,42950.0,Put,-,-,-,-,580.0,-,-,0,0,0,0,505,-,-,-
TXO,202607F5,20260731.0,43000.0,Call,-,-,-,-,1890.0,-,-,0,0,0,2,1830,1940,1390,1020
TXO,202607F5,20260731.0,43000.0,Put,-,-,-,-,600.0,-,-,0,0,0,2,495,755,1340,650
TXO,202607F5,20260731.0,43050.0,Call,-,-,-,-,1850.0,-,-,0,0,0,0,2.1,-,-,-
TXO,202607F5,20260731.0,43050.0,Put,-,-,-,-,610.0,-,-,0,0,0,0,510,-,-,-
TXO,202607F5,20260731.0,43100.0,Call,-,-,-,-,1820.0,-,-,0,0,0,20,1800,1940,1150,1120
TXO,202607F5,20260731.0,43100.0,Put,-,-,-,-,625.0,-,-,0,0,0,5,525,-,1180,1180
TXO,202607F5,20260731.0,43150.0,Call,-,-,-,-,1780.0,-,-,0,0,0,0,1700,-,-,-
TXO,202607F5,20260731.0,43150.0,Put,-,-,-,-,640.0,-,-,0,0,0,0,540,-,-,-
TXO,202607F5,20260731.0,43200.0,Call,-,-,-,-,1750.0,-,-,0,0,0,1,2.1,1780,1350,925
TXO,202607F5,20260731.0,43200.0,Put,-,-,-,-,655.0,-,-,0,0,0,5,555,-,1320,975
TXO,202607F5,20260731.0,43250.0,Call,-,-,-,-,1720.0,-,-,0,0,0,0,1670,1760,-,-
TXO,202607F5,20260731.0,43250.0,Put,-,-,-,-,670.0,-,-,0,0,0,0,570,-,-,-
TXO,202607F5,20260731.0,43300.0,Call,-,-,-,-,1690.0,-,-,0,0,0,5,1540,1710,1130,985
TXO,202607F5,20260731.0,43300.0,Put,-,-,-,-,690.0,-,-,0,0,0,5,570,-,1270,1270
TXO,202607F5,20260731.0,43350.0,Call,-,-,-,-,1650.0,-,-,0,0,0,0,1610,1690,-,-
TXO,202607F5,20260731.0,43350.0,Put,-,-,-,-,700.0,-,-,0,0,0,0,605,-,-,-
TXO,202607F5,20260731.0,43400.0,Call,-,-,-,-,1610.0,-,-,0,0,0,5,1560,1650,1080,1080
TXO,202607F5,20260731.0,43400.0,Put,790,790,775,775,720.0,▼-845,▼-52.16%,0,2,2,1,685,-,1730,775
TXO,202607F5,20260731.0,43450.0,Call,-,-,-,-,1580.0,-,-,0,0,0,0,2.1,-,-,-
TXO,202607F5,20260731.0,43450.0,Put,1030,1030,1030,1030,735.0,▼-620,▼-37.58%,0,2,2,2,640,-,1030,1030
TXO,202607F5,20260731.0,43500.0,Call,-,-,-,-,1540.0,-,-,0,0,0,5,1490,1590,1030,1030
TXO,202607F5,20260731.0,43500.0,Put,-,-,-,-,745.0,-,-,2,0,2,1,700,-,1560,1230
TXO,202607F5,20260731.0,43550.0,Call,-,-,-,-,1510.0,-,-,0,0,0,0,1490,-,-,-
TXO,202607F5,20260731.0,43550.0,Put,-,-,-,-,760.0,-,-,0,0,0,0,655,-,-,-
TXO,202607F5,20260731.0,43600.0,Call,-,-,-,-,1480.0,-,-,0,0,0,5,1430,-,1420,980
TXO,202607F5,20260731.0,43600.0,Put,-,-,-,-,780.0,-,-,0,0,0,0,690,-,1850,1280
TXO,202607F5,20260731.0,43650.0,Call,-,-,-,-,1440.0,-,-,0,0,0,0,2.1,1470,-,-
TXO,202607F5,20260731.0,43650.0,Put,900,900,900,900,795.0,▼-860,▼-48.86%,0,1,1,1,675,-,900,900
TXO,202607F5,20260731.0,43700.0,Call,-,-,-,-,1410.0,-,-,0,0,0,0,1370,1460,-,-
TXO,202607F5,20260731.0,43700.0,Put,-,-,-,-,815.0,-,-,0,0,0,0,-,-,-,-
TXO,202607F5,20260731.0,43750.0,Call,-,-,-,-,1380.0,-,-,0,0,0,0,2.1,1410,-,-
TXO,202607F5,20260731.0,43750.0,Put,1010,1010,1010,1010,830.0,▼-810,▼-44.51%,0,1,1,1,-,930,1010,1010
TXO,202607F5,20260731.0,43800.0,Call,-,-,-,-,1350.0,-,-,0,0,0,5,1310,1390,885,885
TXO,202607F5,20260731.0,43800.0,Put,-,-,-,-,850.0,-,-,0,0,0,0,-,-,-,-
TXO,202607F5,20260731.0,43850.0,Call,-,-,-,-,1310.0,-,-,0,0,0,0,1280,1360,-,-
TXO,202607F5,20260731.0,43850.0,Put,-,-,-,-,865.0,-,-,0,0,0,0,-,-,-,-
TXO,202607F5,20260731.0,43900.0,Call,-,-,-,-,1280.0,-,-,0,0,0,5,1240,1310,840,840
TXO,202607F5,20260731.0,43900.0,Put,1010,1010,1010,1010,885.0,▼-910,▼-47.40%,0,1,1,0,10,-,1530,1010
TXO,202607F5,20260731.0,43950.0,Call,-,-,-,-,1260.0,-,-,0,0,0,0,2.1,1280,-,-
TXO,202607F5,20260731.0,43950.0,Put,-,-,-,-,910.0,-,-,0,0,0,0,-,-,-,-
TXO,202607F5,20260731.0,44000.0,Call,720,720,705,705,1220.0,▲+140,▲+24.78%,0,3,3,8,1190,1270,1250,705
TXO,202607F5,20260731.0,44000.0,Put,-,-,-,-,925.0,-,-,0,0,0,3,-,1060,1450,1010
TXO,202607F5,20260731.0,44050.0,Call,-,-,-,-,1190.0,-,-,0,0,0,0,2.1,-,-,-
TXO,202607F5,20260731.0,44050.0,Put,-,-,-,-,945.0,-,-,0,0,0,0,-,-,-,-
TXO,202607F5,20260731.0,44100.0,Call,-,-,-,-,1160.0,-,-,0,0,0,5,1060,-,755,755
TXO,202607F5,20260731.0,44100.0,Put,-,-,-,-,965.0,-,-,0,0,0,0,-,-,-,-
TXO,202607F5,20260731.0,44150.0,Call,640,640,640,640,1140.0,▲+130,▲+25.49%,1,1,2,2,40.5,1250,640,294
TXO,202607F5,20260731.0,44150.0,Put,-,-,-,-,990.0,-,-,0,0,0,0,-,-,-,-
TXO,202607F5,20260731.0,44200.0,Call,-,-,-,-,1110.0,-,-,0,0,0,5,970,-,715,715
TXO,202607F5,20260731.0,44200.0,Put,-,-,-,-,1010.0,-,-,0,0,0,0,-,-,-,-
TXO,202607F5,20260731.0,44250.0,Call,-,-,-,-,1080.0,-,-,0,0,0,0,2.1,-,-,-
TXO,202607F5,20260731.0,44250.0,Put,-,-,-,-,1040.0,-,-,0,0,0,0,-,-,-,-
TXO,202607F5,20260731.0,44300.0,Call,-,-,-,-,1060.0,-,-,1,0,1,5,950,-,855,525
TXO,202607F5,20260731.0,44300.0,Put,-,-,-,-,1060.0,-,-,0,0,0,1,940,-,1540,1540
TXO,202607F5,20260731.0,44350.0,Call,-,-,-,-,1030.0,-,-,0,0,0,5,870,-,775,775
TXO,202607F5,20260731.0,44350.0,Put,-,-,-,-,1090.0,-,-,0,0,0,0,-,-,-,-
TXO,202607F5,20260731.0,44400.0,Call,-,-,-,-,995.0,-,-,0,0,0,0,2.1,-,540,540
TXO,202607F5,20260731.0,44400.0,Put,-,-,-,-,1100.0,-,-,0,0,0,0,-,-,-,-
TXO,202607F5,20260731.0,44450.0,Call,-,-,-,-,970.0,-,-,0,0,0,0,2.1,-,-,-
TXO,202607F5,20260731.0,44450.0,Put,-,-,-,-,1120.0,-,-,0,0,0,0,-,-,-,-
TXO,202607F5,20260731.0,44500.0,Call,-,-,-,-,945.0,-,-,1,0,1,3,2.1,1060,1000,545
TXO,202607F5,20260731.0,44500.0,Put,-,-,-,-,1150.0,-,-,0,0,0,0,-,-,-,-
TXO,202607F5,20260731.0,44550.0,Call,-,-,-,-,920.0,-,-,0,0,0,0,2.1,-,-,-
TXO,202607F5,20260731.0,44550.0,Put,-,-,-,-,1170.0,-,-,0,0,0,0,1140,1170,-,-
TXO,202607F5,20260731.0,44600.0,Call,-,-,-,-,895.0,-,-,0,0,0,0,2.1,-,-,-
TXO,202607F5,20260731.0,44600.0,Put,-,-,-,-,1200.0,-,-,0,0,0,0,-,-,-,-
TXO,202607F5,20260731.0,44650.0,Call,-,-,-,-,870.0,-,-,0,0,0,0,2.1,-,-,-
TXO,202607F5,20260731.0,44650.0,Put,-,-,-,-,1220.0,-,-,0,0,0,0,-,1220,-,-
TXO,202607F5,20260731.0,44700.0,Call,-,-,-,-,840.0,-,-,0,0,0,0,2.1,-,-,-
TXO,202607F5,20260731.0,44700.0,Put,-,-,-,-,1240.0,-,-,0,0,0,0,-,-,-,-
TXO,202607F5,20260731.0,44750.0,Call,-,-,-,-,815.0,-,-,3,0,3,1,2.1,900,1010,350
TXO,202607F5,20260731.0,44750.0,Put,-,-,-,-,1270.0,-,-,0,0,0,0,-,1270,-,-
TXO,202607F5,20260731.0,44800.0,Call,-,-,-,-,790.0,-,-,0,0,0,0,685,-,-,-
TXO,202607F5,20260731.0,44800.0,Put,-,-,-,-,1290.0,-,-,0,0,0,0,-,-,-,-
TXO,202607F5,20260731.0,44850.0,Call,-,-,-,-,770.0,-,-,0,0,0,0,630,-,-,-
TXO,202607F5,20260731.0,44850.0,Put,-,-,-,-,1320.0,-,-,0,0,0,0,1290,-,-,-
TXO,202607F5,20260731.0,44900.0,Call,-,-,-,-,750.0,-,-,0,0,0,3,590,-,860,860
TXO,202607F5,20260731.0,44900.0,Put,-,-,-,-,1350.0,-,-,0,0,0,0,-,-,-,-
TXO,202607F5,20260731.0,44950.0,Call,530,530,530,530,725.0,▲+255,▲+92.73%,1,1,2,0,555,-,530,406
TXO,202607F5,20260731.0,44950.0,Put,-,-,-,-,1380.0,-,-,0,0,0,0,1340,-,-,-
TXO,202607F5,20260731.0,45000.0,Call,330,660,330,660,700.0,▲+395,▲+149.06%,14,15,29,9,585,-,695,250
TXO,202607F5,20260731.0,45000.0,Put,1490,1490,1490,1490,1400.0,▼-1190,▼-44.40%,0,1,1,1,1290,-,1490,1490
TXO,202607F5,20260731.0,45050.0,Call,-,-,-,-,680.0,-,-,0,0,0,0,555,-,-,-
TXO,202607F5,20260731.0,45050.0,Put,-,-,-,-,1430.0,-,-,0,0,0,0,-,-,-,-
TXO,202607F5,20260731.0,45100.0,Call,405,414,405,414,655.0,▲+170,▲+69.67%,2,2,4,0,545,-,414,338
TXO,202607F5,20260731.0,45100.0,Put,-,-,-,-,1460.0,-,-,0,0,0,0,1420,-,-,-
TXO,202607F5,20260731.0,45150.0,Call,-,-,-,-,630.0,-,-,0,0,0,0,459,-,-,-
TXO,202607F5,20260731.0,45150.0,Put,-,-,-,-,1480.0,-,-,0,0,0,0,1450,-,-,-
TXO,202607F5,20260731.0,45200.0,Call,296,585,296,585,610.0,▲+365,▲+165.91%,0,6,6,0,438,-,585,296
TXO,202607F5,20260731.0,45200.0,Put,-,-,-,-,1510.0,-,-,0,0,0,0,-,1610,-,-
TXO,202607F5,20260731.0,45250.0,Call,430,500,430,500,590.0,▲+288,▲+135.85%,2,2,4,0,425,-,500,300
TXO,202607F5,20260731.0,45250.0,Put,-,-,-,-,1540.0,-,-,0,0,0,0,1490,1600,-,-
TXO,202607F5,20260731.0,45300.0,Call,350,392,350,392,570.0,▲+189,▲+93.10%,1,2,3,1,413,-,392,350
TXO,202607F5,20260731.0,45300.0,Put,-,-,-,-,1570.0,-,-,0,0,0,0,1520,1640,-,-
TXO,202607F5,20260731.0,45350.0,Call,-,-,-,-,550.0,-,-,0,0,0,0,405,-,-,-
TXO,202607F5,20260731.0,45350.0,Put,-,-,-,-,1600.0,-,-,0,0,0,0,1550,1670,-,-
TXO,202607F5,20260731.0,45400.0,Call,486,499,486,499,530.0,▲+312,▲+166.84%,0,15,15,16,395,-,499,340
TXO,202607F5,20260731.0,45400.0,Put,-,-,-,-,1630.0,-,-,0,0,0,0,-,1740,-,-
TXO,202607F5,20260731.0,45450.0,Call,300,460,300,460,510.0,▲+282,▲+158.43%,0,2,2,0,377,-,460,300
TXO,202607F5,20260731.0,45450.0,Put,-,-,-,-,1660.0,-,-,0,0,0,0,1610,1730,-,-
TXO,202607F5,20260731.0,45500.0,Call,327,327,327,327,491.0,▲+157,▲+92.35%,0,1,1,1,318,570,327,327
TXO,202607F5,20260731.0,45500.0,Put,-,-,-,-,1690.0,-,-,0,0,0,0,1640,1760,-,-
TXO,202607F5,20260731.0,45550.0,Call,-,-,-,-,473.0,-,-,1,0,1,1,355,570,217,217
TXO,202607F5,20260731.0,45550.0,Put,-,-,-,-,1730.0,-,-,0,0,0,0,1660,1740,-,-
TXO,202607F5,20260731.0,45600.0,Call,-,-,-,-,455.0,-,-,0,0,0,0,304,-,-,-
TXO,202607F5,20260731.0,45600.0,Put,-,-,-,-,1760.0,-,-,0,0,0,0,-,-,-,-
TXO,202607F5,20260731.0,45650.0,Call,400,400,400,400,437.0,▲+254,▲+173.97%,0,1,1,1,296,550,400,400
TXO,202607F5,20260731.0,45650.0,Put,-,-,-,-,1790.0,-,-,0,0,0,0,-,1830,-,-
TXO,202607F5,20260731.0,45700.0,Call,288,288,288,288,419.0,▲+147,▲+104.26%,1,1,2,1,286,-,288,190
TXO,202607F5,20260731.0,45700.0,Put,-,-,-,-,1820.0,-,-,0,0,0,0,-,-,-,-
TXO,202607F5,20260731.0,45750.0,Call,-,-,-,-,403.0,-,-,0,0,0,0,279,-,-,-
TXO,202607F5,20260731.0,45750.0,Put,-,-,-,-,1860.0,-,-,0,0,0,0,-,-,-,-
TXO,202607F5,20260731.0,45800.0,Call,-,-,-,-,388.0,-,-,0,0,0,0,221,-,-,-
TXO,202607F5,20260731.0,45800.0,Put,-,-,-,-,1890.0,-,-,0,0,0,0,-,1940,-,-
TXO,202607F5,20260731.0,45850.0,Call,-,-,-,-,371.0,-,-,0,0,0,0,204,-,-,-
TXO,202607F5,20260731.0,45850.0,Put,-,-,-,-,1920.0,-,-,0,0,0,0,-,1970,-,-
TXO,202607F5,20260731.0,45900.0,Call,-,-,-,-,353.0,-,-,0,0,0,1,189,446,189,161
TXO,202607F5,20260731.0,45900.0,Put,-,-,-,-,1960.0,-,-,0,0,0,0,-,2010,-,-
TXO,202607F5,20260731.0,45950.0,Call,-,-,-,-,341.0,-,-,0,0,0,3,177,446,152,149
TXO,202607F5,20260731.0,45950.0,Put,-,-,-,-,1990.0,-,-,0,0,0,0,-,2010,-,-
TXO,202607F5,20260731.0,46000.0,Call,160,207,160,207,327.0,▲+104,▲+100.97%,1,14,15,26,214,399,450,103
TXO,202607F5,20260731.0,46000.0,Put,-,-,-,-,2030.0,-,-,0,0,0,0,-,2060,-,-
TXO,202607F5,20260731.0,46050.0,Call,138,170,138,170,314.0,▲+70,▲+70.00%,0,8,8,12,153,394,170,137
TXO,202607F5,20260731.0,46050.0,Put,-,-,-,-,2070.0,-,-,0,0,0,0,-,-,-,-
TXO,202607F5,20260731.0,46100.0,Call,150,240,150,240,302.0,▲+145,▲+152.63%,0,7,7,10,192,389,500,146
TXO,202607F5,20260731.0,46100.0,Put,-,-,-,-,2100.0,-,-,0,0,0,0,-,2150,-,-
TXO,202607F5,20260731.0,46150.0,Call,149,149,149,149,289.0,▲+58,▲+63.74%,0,2,2,2,128,377,149,149
TXO,202607F5,20260731.0,46150.0,Put,-,-,-,-,2140.0,-,-,0,0,0,0,-,2170,-,-
TXO,202607F5,20260731.0,46200.0,Call,129,158,125,158,274.0,▲+71,▲+81.61%,4,40,44,44,118,369,158,91
TXO,202607F5,20260731.0,46200.0,Put,-,-,-,-,2180.0,-,-,0,0,0,0,-,2230,-,-
TXO,202607F5,20260731.0,46250.0,Call,-,-,-,-,262.0,-,-,0,0,0,0,76,-,-,-
TXO,202607F5,20260731.0,46250.0,Put,-,-,-,-,2210.0,-,-,0,0,0,0,-,2270,-,-
TXO,202607F5,20260731.0,46300.0,Call,-,-,-,-,251.0,-,-,0,0,0,0,60,-,-,-
TXO,202607F5,20260731.0,46300.0,Put,-,-,-,-,2250.0,-,-,0,0,0,0,-,-,-,-
TXO,202607F5,20260731.0,46350.0,Call,-,-,-,-,239.0,-,-,0,0,0,0,54,-,-,-
TXO,202607F5,20260731.0,46350.0,Put,-,-,-,-,2290.0,-,-,0,0,0,0,-,2340,-,-
TXO,202607F5,20260731.0,46400.0,Call,105,105,105,105,226.0,▲+35,▲+50.00%,2,1,3,2,41,304,105,95
TXO,202607F5,20260731.0,46400.0,Put,-,-,-,-,2330.0,-,-,0,0,0,0,-,2380,-,-
TXO,202607F5,20260731.0,46450.0,Call,110,145,110,145,218.0,▲+78,▲+116.42%,0,2,2,0,29,-,145,110
TXO,202607F5,20260731.0,46450.0,Put,-,-,-,-,2370.0,-,-,0,0,0,0,-,2420,-,-
TXO,202607F5,20260731.0,46500.0,Call,103,195,103,195,209.0,▲+131,▲+204.69%,1,13,14,13,23,-,195,75
TXO,202607F5,20260731.0,46500.0,Put,-,-,-,-,2410.0,-,-,0,0,0,0,-,2460,-,-
TXO,202607F5,20260731.0,46550.0,Call,-,-,-,-,198.0,-,-,0,0,0,1,17.5,277,160,160
TXO,202607F5,20260731.0,46550.0,Put,-,-,-,-,2450.0,-,-,0,0,0,0,-,2500,-,-
TXO,202607F5,20260731.0,46600.0,Call,-,-,-,-,189.0,-,-,0,0,0,0,16.5,-,-,-
TXO,202607F5,20260731.0,46600.0,Put,-,-,-,-,2490.0,-,-,0,0,0,0,-,-,-,-
TXO,202607F5,20260731.0,46650.0,Call,-,-,-,-,179.0,-,-,0,0,0,0,16.5,-,-,-
TXO,202607F5,20260731.0,46650.0,Put,-,-,-,-,2530.0,-,-,0,0,0,0,-,-,-,-
TXO,202607F5,20260731.0,46700.0,Call,80,80,80,80,170.0,▲+28,▲+53.85%,2,1,3,2,14.5,300,350,80
TXO,202607F5,20260731.0,46700.0,Put,-,-,-,-,2570.0,-,-,0,0,0,0,-,2630,-,-
TXO,202607F5,20260731.0,46750.0,Call,-,-,-,-,162.0,-,-,0,0,0,0,14,-,-,-
TXO,202607F5,20260731.0,46750.0,Put,-,-,-,-,2610.0,-,-,0,0,0,0,-,2670,-,-
TXO,202607F5,20260731.0,46800.0,Call,-,-,-,-,155.0,-,-,0,0,0,0,1.7,-,-,-
TXO,202607F5,20260731.0,46800.0,Put,-,-,-,-,2660.0,-,-,0,0,0,0,-,2700,-,-
TXO,202607F5,20260731.0,46850.0,Call,70,70,70,70,148.0,▲+24.5,▲+53.85%,3,1,4,0,13,-,140,66
TXO,202607F5,20260731.0,46850.0,Put,-,-,-,-,2700.0,-,-,0,0,0,0,-,-,-,-
TXO,202607F5,20260731.0,46900.0,Call,-,-,-,-,140.0,-,-,0,0,0,0,12,-,-,-
TXO,202607F5,20260731.0,46900.0,Put,-,-,-,-,2740.0,-,-,0,0,0,0,-,-,-,-
TXO,202607F5,20260731.0,46950.0,Call,-,-,-,-,133.0,-,-,0,0,0,1,11.5,227,116,64
TXO,202607F5,20260731.0,46950.0,Put,-,-,-,-,2790.0,-,-,0,0,0,0,-,2840,-,-
TXO,202607F5,20260731.0,47000.0,Call,49,55,49,55,126.0,▲+16,▲+41.03%,0,5,5,4,11,-,229,49
TXO,202607F5,20260731.0,47000.0,Put,-,-,-,-,2830.0,-,-,0,0,0,0,-,-,-,-
TXO,202607F5,20260731.0,47100.0,Call,50,102,50,102,102.0,▲+67,▲+191.43%,0,3,3,3,9.3,202,195,50
TXO,202607F5,20260731.0,47100.0,Put,-,-,-,-,2920.0,-,-,0,0,0,0,-,-,-,-
TXO,202607F5,20260731.0,47200.0,Call,-,-,-,-,101.0,-,-,4,0,4,2,40,184,252,42.5
TXO,202607F5,20260731.0,47200.0,Put,-,-,-,-,3000.0,-,-,0,0,0,0,-,-,-,-
TXO,202607F5,20260731.0,47300.0,Call,-,-,-,-,92.0,-,-,2,0,2,0,0.4,-,213,33.5
TXO,202607F5,20260731.0,47300.0,Put,-,-,-,-,3090.0,-,-,0,0,0,0,-,3150,-,-
TXO,202607F5,20260731.0,47400.0,Call,33,33,33,33,82.0,▲+6.5,▲+24.53%,4,1,5,1,0.8,-,49,33
TXO,202607F5,20260731.0,47400.0,Put,-,-,-,-,3180.0,-,-,0,0,0,0,-,3230,-,-
TXO,202607F5,20260731.0,47500.0,Call,-,-,-,-,74.0,-,-,0,0,0,0,0.5,-,150,115
TXO,202607F5,20260731.0,47500.0,Put,-,-,-,-,3280.0,-,-,0,0,0,0,-,3320,-,-
TXO,202607F5,20260731.0,47600.0,Call,25,25,25,25,66.0,▲+2.5,▲+11.11%,3,1,4,0,4.8,-,35.5,25
TXO,202607F5,20260731.0,47600.0,Put,-,-,-,-,3370.0,-,-,0,0,0,0,-,-,-,-
TXO,202607F5,20260731.0,47700.0,Call,56,56,56,56,56.0,▲+34.5,▲+160.47%,4,1,5,4,4.2,158,56,21
TXO,202607F5,20260731.0,47700.0,Put,-,-,-,-,3460.0,-,-,0,0,0,0,-,-,-,-
TXO,202607F5,20260731.0,47800.0,Call,51,52,51,52,52.0,▲+33,▲+173.68%,0,8,8,11,3.5,-,52,30
TXO,202607F5,20260731.0,47800.0,Put,-,-,-,-,3560.0,-,-,0,0,0,0,-,3610,-,-
TXO,202607F5,20260731.0,47900.0,Call,31,45.5,31,45.5,45.5,▲+28,▲+160.00%,1,4,5,3,3.1,-,101,25.5
TXO,202607F5,20260731.0,47900.0,Put,-,-,-,-,3650.0,-,-,0,0,0,0,-,3710,-,-
TXO,202607F5,20260731.0,48000.0,Call,42,42,39,39,39.0,▲+23,▲+143.75%,0,4,4,6,2.8,-,140,39
TXO,202607F5,20260731.0,48000.0,Put,-,-,-,-,3740.0,-,-,0,0,0,0,-,-,-,-
TXO,202607F5,20260731.0,48100.0,Call,18,37.5,18,33.5,38.0,▲+19,▲+131.03%,0,5,5,3,2.6,-,37.5,18
TXO,202607F5,20260731.0,48100.0,Put,-,-,-,-,3840.0,-,-,0,0,0,0,-,3900,-,-
TXO,202607F5,20260731.0,48200.0,Call,15,34,15,34,34.0,▲+20.5,▲+151.85%,1,4,5,3,2.3,-,100,15
TXO,202607F5,20260731.0,48200.0,Put,-,-,-,-,3940.0,-,-,0,0,0,0,-,4000,-,-
TXO,202607F5,20260731.0,48300.0,Call,30,30,30,30,30.0,▲+17.5,▲+140.00%,0,3,3,3,2.2,-,110,30
TXO,202607F5,20260731.0,48300.0,Put,-,-,-,-,4030.0,-,-,0,0,0,0,-,4090,-,-
TXO,202607F5,20260731.0,48400.0,Call,13.5,13.5,13.5,13.5,28.5,▲+2,▲+17.39%,0,1,1,3,3,113,13.5,11.5
TXO,202607F5,20260731.0,48400.0,Put,-,-,-,-,4130.0,-,-,0,0,0,0,-,4190,-,-
TXO,202607F5,20260731.0,48500.0,Call,11,11,11,11,25.5,0,0%,0,1,1,1,1.7,112,11,11
TXO,202607F5,20260731.0,48500.0,Put,-,-,-,-,4230.0,-,-,0,0,0,0,-,4290,-,-
TXO,202607F5,20260731.0,48600.0,Call,12.5,15,12.5,15,23.0,▲+4.5,▲+42.86%,0,2,2,1,0.3,-,62,12.5
TXO,202607F5,20260731.0,48600.0,Put,-,-,-,-,4320.0,-,-,0,0,0,0,-,4390,-,-
TXO,202607F5,20260731.0,48700.0,Call,9.9,9.9,9.9,9.9,21.0,0,0%,0,1,1,1,0.4,-,40.5,9.9
TXO,202607F5,20260731.0,48700.0,Put,-,-,-,-,4420.0,-,-,0,0,0,0,-,-,-,-
TXO,202607F5,20260731.0,48800.0,Call,10,10,10,10,19.0,▲+0.6,▲+6.38%,0,1,1,1,0.4,112,10,10
TXO,202607F5,20260731.0,48800.0,Put,-,-,-,-,4520.0,-,-,0,0,0,0,-,4580,-,-
TXO,202607F5,20260731.0,48900.0,Call,16,16,16,16,16.0,▲+7.2,▲+81.82%,1,1,2,2,0.4,-,27,10.5
TXO,202607F5,20260731.0,48900.0,Put,-,-,-,-,4620.0,-,-,0,0,0,0,-,4680,-,-
TXO,202607F5,20260731.0,49000.0,Call,10.5,11,10.5,11,16.0,▲+2.3,▲+26.44%,0,20,20,23,8.5,-,50,10
TXO,202607F5,20260731.0,49000.0,Put,-,-,-,-,4720.0,-,-,0,0,0,0,-,4780,-,-
TXO,202607F5,20260731.0,49100.0,Call,-,-,-,-,14.5,-,-,0,0,0,0,0.4,-,-,-
TXO,202607F5,20260731.0,49100.0,Put,-,-,-,-,4820.0,-,-,0,0,0,0,-,4880,-,-
TXO,202607F5,20260731.0,49200.0,Call,-,-,-,-,13.0,-,-,1,0,1,1,0.4,108,9.9,9.9
TXO,202607F5,20260731.0,49200.0,Put,-,-,-,-,4910.0,-,-,0,0,0,0,-,4980,-,-
TXO,202607F5,20260731.0,49300.0,Call,-,-,-,-,12.0,-,-,0,0,0,0,0.3,-,-,-
TXO,202607F5,20260731.0,49300.0,Put,-,-,-,-,5010.0,-,-,0,0,0,0,-,5080,-,-
TXO,202607F5,20260731.0,49400.0,Call,-,-,-,-,11.0,-,-,0,0,0,0,0.2,-,37,24
TXO,202607F5,20260731.0,49400.0,Put,-,-,-,-,5110.0,-,-,0,0,0,0,-,5180,-,-
TXO,202607F5,20260731.0,49500.0,Call,-,-,-,-,10.0,-,-,0,0,0,1,0.1,-,31,20
TXO,202607F5,20260731.0,49500.0,Put,-,-,-,-,5210.0,-,-,0,0,0,0,-,5280,-,-
TXO,202607F5,20260731.0,49600.0,Call,-,-,-,-,9.2,-,-,20,0,20,2,0.1,-,47.5,6.8
TXO,202607F5,20260731.0,49600.0,Put,-,-,-,-,5310.0,-,-,0,0,0,0,-,-,-,-
TXO,202607F5,20260731.0,49700.0,Call,-,-,-,-,8.7,-,-,0,0,0,0,0.1,-,-,-
TXO,202607F5,20260731.0,49700.0,Put,-,-,-,-,5410.0,-,-,0,0,0,0,-,5480,-,-
TXO,202607F5,20260731.0,49800.0,Call,-,-,-,-,8.3,-,-,0,0,0,0,0.1,-,-,-
TXO,202607F5,20260731.0,49800.0,Put,-,-,-,-,5510.0,-,-,0,0,0,0,-,5570,-,-
TXO,202607F5,20260731.0,49900.0,Call,-,-,-,-,8.0,-,-,0,0,0,6,0.1,106,14,14
TXO,202607F5,20260731.0,49900.0,Put,-,-,-,-,5610.0,-,-,0,0,0,0,-,5680,-,-
TXO,202607F5,20260731.0,50000.0,Call,6,6,6,6,7.5,▲+0.5,▲+9.09%,0,4,4,8,1,-,14,6
TXO,202607F5,20260731.0,50000.0,Put,-,-,-,-,5710.0,-,-,0,0,0,0,-,5780,-,-
TXO,202607F5,20260731.0,50100.0,Call,-,-,-,-,7.1,-,-,0,0,0,0,0.3,-,-,-
TXO,202607F5,20260731.0,50100.0,Put,-,-,-,-,5810.0,-,-,0,0,0,0,-,5880,-,-
TXO,202607F5,20260731.0,50200.0,Call,-,-,-,-,7.0,-,-,1,0,1,41,0.3,105,22,5.3
TXO,202607F5,20260731.0,50200.0,Put,-,-,-,-,5910.0,-,-,0,0,0,0,-,-,-,-
TXO,202608,20260819.0,34000.0,Call,-,-,-,-,10420.0,-,-,0,0,0,0,-,-,-,-
TXO,202608,20260819.0,34000.0,Put,101,106,58,71,71.0,▼-83,▼-53.90%,133,451,584,3018,70,73,660,40
TXO,202608,20260819.0,34100.0,Call,-,-,-,-,10320.0,-,-,0,0,0,0,-,10390,-,-
TXO,202608,20260819.0,34100.0,Put,97,97,59,76,76.0,▼-83,▼-52.20%,9,27,36,41,50,80,520,40
TXO,202608,20260819.0,34200.0,Call,-,-,-,-,10220.0,-,-,0,0,0,0,-,10290,-,-
TXO,202608,20260819.0,34200.0,Put,99,99,66,81,77.0,▼-85,▼-51.20%,10,21,31,38,10,-,520,50
TXO,202608,20260819.0,34300.0,Call,-,-,-,-,10120.0,-,-,0,0,0,0,-,10190,-,-
TXO,202608,20260819.0,34300.0,Put,70,83,70,83,78.0,▼-88,▼-51.46%,6,2,8,23,10,575,481,70
TXO,202608,20260819.0,34400.0,Call,-,-,-,-,10030.0,-,-,0,0,0,0,10010,10090,-,-
TXO,202608,20260819.0,34400.0,Put,106,106,70,83,80.0,▼-98,▼-54.14%,5,15,20,33,1.9,-,515,55
TXO,202608,20260819.0,34500.0,Call,-,-,-,-,9930.0,-,-,0,0,0,0,-,-,-,-
TXO,202608,20260819.0,34500.0,Put,90,90,70,81,81.0,▼-102,▼-55.74%,6,5,11,63,61,183,730,57
TXO,202608,20260819.0,34600.0,Call,-,-,-,-,9830.0,-,-,0,0,0,0,-,-,-,-
TXO,202608,20260819.0,34600.0,Put,70,70,70,70,84.0,▼-114,▼-61.96%,2,1,3,25,1.7,89,535,58
TXO,202608,20260819.0,34700.0,Call,-,-,-,-,9740.0,-,-,0,0,0,0,9720,-,-,-
TXO,202608,20260819.0,34700.0,Put,105,105,105,105,89.0,▼-100,▼-48.78%,3,2,5,23,50,-,595,61
TXO,202608,20260819.0,34800.0,Call,-,-,-,-,9640.0,-,-,0,0,0,0,-,9700,-,-
TXO,202608,20260819.0,34800.0,Put,76,76,76,76,91.0,▼-132,▼-63.46%,4,2,6,15,2.1,-,311,76
TXO,202608,20260819.0,34900.0,Call,-,-,-,-,9540.0,-,-,0,0,0,0,-,-,-,-
TXO,202608,20260819.0,34900.0,Put,145,145,78,78,94.0,▼-133,▼-63.03%,3,20,23,19,2.6,-,305,53
TXO,202608,20260819.0,35000.0,Call,-,-,-,-,9440.0,-,-,0,0,0,0,-,-,-,-
TXO,202608,20260819.0,35000.0,Put,150,150,77,100,97.0,▼-118,▼-54.13%,56,99,155,481,95,108,800,50
TXO,202608,20260819.0,35100.0,Call,-,-,-,-,9350.0,-,-,0,0,0,0,-,9410,-,-
TXO,202608,20260819.0,35100.0,Put,160,160,75,75,99.0,▼-152,▼-66.96%,2,35,37,34,2.4,183,374,75
TXO,202608,20260819.0,35200.0,Call,-,-,-,-,9250.0,-,-,0,0,0,0,-,9310,-,-
TXO,202608,20260819.0,35200.0,Put,168,168,78,78,102.0,▼-163,▼-67.63%,2,26,28,39,2.5,210,407,78
TXO,202608,20260819.0,35300.0,Call,-,-,-,-,9150.0,-,-,0,0,0,0,-,-,-,-
TXO,202608,20260819.0,35300.0,Put,86,112,83,112,106.0,▼-131,▼-53.91%,1,14,15,82,2.5,-,433,83
TXO,202608,20260819.0,35400.0,Call,-,-,-,-,9060.0,-,-,0,0,0,0,-,9120,-,-
TXO,202608,20260819.0,35400.0,Put,124,124,84,84,109.0,▼-168,▼-66.67%,1,11,12,23,16,188,555,71
TXO,202608,20260819.0,35500.0,Call,-,-,-,-,8960.0,-,-,0,0,0,0,-,9020,-,-
TXO,202608,20260819.0,35500.0,Put,152,152,88,115,115.0,▼-150,▼-56.60%,6,18,24,566,90,133,720,72
TXO,202608,20260819.0,35600.0,Call,-,-,-,-,8860.0,-,-,0,0,0,0,8850,-,-,-
TXO,202608,20260819.0,35600.0,Put,163,163,94,130,116.0,▼-140,▼-51.85%,4,7,11,123,80,-,900,90
TXO,202608,20260819.0,35700.0,Call,-,-,-,-,8770.0,-,-,0,0,0,2,8670,8840,7930,7920
TXO,202608,20260819.0,35700.0,Put,-,-,-,-,120.0,-,-,1,0,1,119,2.5,-,320,86
TXO,202608,20260819.0,35800.0,Call,-,-,-,-,8670.0,-,-,0,0,0,0,-,8730,-,-
TXO,202608,20260819.0,35800.0,Put,100,100,100,100,124.0,▼-186,▼-65.03%,4,3,7,60,76,-,520,86
TXO,202608,20260819.0,35900.0,Call,-,-,-,-,8580.0,-,-,0,0,0,0,-,-,-,-
TXO,202608,20260819.0,35900.0,Put,178,178,104,104,128.0,▼-192,▼-64.86%,4,4,8,44,2.4,-,750,75
TXO,202608,20260819.0,36000.0,Call,-,-,-,-,8480.0,-,-,0,0,0,0,-,8540,-,-
TXO,202608,20260819.0,36000.0,Put,202,210,116,132,132.0,▼-178,▼-57.42%,34,114,148,351,128,157,995,77
TXO,202608,20260819.0,36100.0,Call,-,-,-,-,8380.0,-,-,0,0,0,0,-,-,-,-
TXO,202608,20260819.0,36100.0,Put,150,150,150,150,136.0,▼-168,▼-52.83%,4,1,5,18,104,-,415,100
TXO,202608,20260819.0,36200.0,Call,-,-,-,-,8290.0,-,-,0,0,0,0,-,8350,-,-
TXO,202608,20260819.0,36200.0,Put,168,168,114,116,140.0,▼-211,▼-64.53%,4,8,12,16,120,-,820,15.5
TXO,202608,20260819.0,36300.0,Call,-,-,-,-,8190.0,-,-,0,0,0,0,-,-,-,-
TXO,202608,20260819.0,36300.0,Put,225,225,117,150,150.0,▼-198,▼-56.90%,4,25,29,34,117,256,370,85
TXO,202608,20260819.0,36400.0,Call,-,-,-,-,8100.0,-,-,0,0,0,0,-,8160,-,-
TXO,202608,20260819.0,36400.0,Put,200,200,122,122,152.0,▼-228,▼-65.14%,3,13,16,32,2.4,-,850,98
TXO,202608,20260819.0,36500.0,Call,-,-,-,-,8000.0,-,-,0,0,0,0,-,8060,-,-
TXO,202608,20260819.0,36500.0,Put,253,253,151,154,154.0,▼-201,▼-56.62%,3,32,35,98,152,178,1030,92
TXO,202608,20260819.0,36600.0,Call,-,-,-,-,7910.0,-,-,0,0,0,0,-,7970,-,-
TXO,202608,20260819.0,36600.0,Put,213,213,213,213,159.0,▼-167,▼-43.95%,5,1,6,22,48,275,1130,96
TXO,202608,20260819.0,36700.0,Call,-,-,-,-,7810.0,-,-,0,0,0,0,-,7870,-,-
TXO,202608,20260819.0,36700.0,Put,181,181,181,181,165.0,▼-204,▼-52.99%,1,1,2,79,94,-,920,111
TXO,202608,20260819.0,36800.0,Call,-,-,-,-,7720.0,-,-,0,0,0,0,-,-,-,-
TXO,202608,20260819.0,36800.0,Put,252,252,187,187,170.0,▼-218,▼-53.83%,5,2,7,33,59,-,670,103
TXO,202608,20260819.0,36900.0,Call,-,-,-,-,7630.0,-,-,0,0,0,0,-,-,-,-
TXO,202608,20260819.0,36900.0,Put,211,211,198,198,176.0,▼-218,▼-52.40%,0,2,2,5,89,276,450,107
TXO,202608,20260819.0,37000.0,Call,-,-,-,-,7530.0,-,-,0,0,0,0,7520,7590,-,-
TXO,202608,20260819.0,37000.0,Put,329,329,181,181,181.0,▼-255,▼-58.49%,31,2581,2612,2761,179,488,1180,110
TXO,202608,20260819.0,37100.0,Call,-,-,-,-,7440.0,-,-,0,0,0,0,-,-,-,-
TXO,202608,20260819.0,37100.0,Put,205,209,201,201,188.0,▼-237,▼-54.11%,0,14,14,32,87,-,404,115
TXO,202608,20260819.0,37200.0,Call,-,-,-,-,7340.0,-,-,0,0,0,0,-,7410,-,-
TXO,202608,20260819.0,37200.0,Put,256,256,171,191,191.0,▼-249,▼-56.59%,2,2511,2513,2844,150,-,505,119
TXO,202608,20260819.0,37300.0,Call,-,-,-,-,7250.0,-,-,0,0,0,0,-,7310,-,-
TXO,202608,20260819.0,37300.0,Put,283,285,214,214,200.0,▼-250,▼-53.88%,1,6,7,14,84,307,450,124
TXO,202608,20260819.0,37400.0,Call,-,-,-,-,7160.0,-,-,0,0,0,0,-,7220,-,-
TXO,202608,20260819.0,37400.0,Put,280,280,234,240,207.0,▼-239,▼-49.90%,0,5,5,53,100,-,600,129
TXO,202608,20260819.0,37500.0,Call,-,-,-,-,7070.0,-,-,0,0,0,0,-,7120,-,-
TXO,202608,20260819.0,37500.0,Put,393,393,180,209,209.0,▼-287,▼-57.86%,10,129,139,776,93,-,1270,133
TXO,202608,20260819.0,37600.0,Call,-,-,-,-,6970.0,-,-,0,0,0,0,-,7030,-,-
TXO,202608,20260819.0,37600.0,Put,255,255,255,255,222.0,▼-255,▼-50.00%,1,1,2,34,139,550,610,138
TXO,202608,20260819.0,37700.0,Call,-,-,-,-,6880.0,-,-,0,0,0,0,-,-,-,-
TXO,202608,20260819.0,37700.0,Put,313,313,225,225,225.0,▼-300,▼-57.14%,0,7,7,39,223,-,1200,143
TXO,202608,20260819.0,37800.0,Call,-,-,-,-,6790.0,-,-,0,0,0,1,-,6840,8700,8700
TXO,202608,20260819.0,37800.0,Put,321,321,221,221,237.0,▼-319,▼-59.07%,3,5,8,28,104,296,585,146
TXO,202608,20260819.0,37900.0,Call,-,-,-,-,6700.0,-,-,0,0,0,0,-,6750,-,-
TXO,202608,20260819.0,37900.0,Put,258,258,258,258,245.0,▼-287,▼-52.66%,0,1,1,27,166,-,580,155
TXO,202608,20260819.0,38000.0,Call,-,-,-,-,6610.0,-,-,0,0,0,1,-,6720,8250,8250
TXO,202608,20260819.0,38000.0,Put,418,418,219,261,261.0,▼-324,▼-55.38%,39,115,154,504,232,275,1440,153
TXO,202608,20260819.0,38100.0,Call,-,-,-,-,6510.0,-,-,0,0,0,0,-,6570,-,-
TXO,202608,20260819.0,38100.0,Put,296,296,296,296,262.0,▼-294,▼-49.83%,4,1,5,70,119,-,620,167
TXO,202608,20260819.0,38200.0,Call,-,-,-,-,6420.0,-,-,0,0,0,0,-,6480,-,-
TXO,202608,20260819.0,38200.0,Put,366,366,308,308,270.0,▼-292,▼-48.67%,2,3,5,28,154,-,1120,170
TXO,202608,20260819.0,38300.0,Call,-,-,-,-,6330.0,-,-,0,0,0,0,-,6390,-,-
TXO,202608,20260819.0,38300.0,Put,405,405,305,322,279.0,▼-298,▼-48.06%,3,5,8,57,164,-,655,180
TXO,202608,20260819.0,38400.0,Call,-,-,-,-,6240.0,-,-,0,0,0,0,-,-,6750,6750
TXO,202608,20260819.0,38400.0,Put,478,480,257,257,289.0,▼-388,▼-60.16%,1,28,29,32,153,-,945,184
TXO,202608,20260819.0,38500.0,Call,-,-,-,-,6150.0,-,-,0,0,0,1,-,-,7500,7500
TXO,202608,20260819.0,38500.0,Put,430,430,279,287,298.0,▼-373,▼-56.52%,2,26,28,72,183,431,1050,190
TXO,202608,20260819.0,38600.0,Call,-,-,-,-,6060.0,-,-,0,0,0,0,-,-,-,-
TXO,202608,20260819.0,38600.0,Put,297,329,297,320,308.0,▼-360,▼-52.94%,1,7,8,13,234,386,1430,200
TXO,202608,20260819.0,38700.0,Call,-,-,-,-,5970.0,-,-,0,0,0,0,-,-,-,-
TXO,202608,20260819.0,38700.0,Put,427,427,336,339,318.0,▼-351,▼-50.87%,1,23,24,12,243,-,1050,198
TXO,202608,20260819.0,38800.0,Call,-,-,-,-,5880.0,-,-,0,0,0,0,-,-,6400,6400
TXO,202608,20260819.0,38800.0,Put,470,470,301,301,329.0,▼-419,▼-58.19%,6,17,23,41,253,470,745,197
TXO,202608,20260819.0,38900.0,Call,5670,5670,5670,5670,5790.0,▲+1170,▲+26.00%,0,1,1,0,-,-,5670,5670
TXO,202608,20260819.0,38900.0,Put,358,362,309,333,333.0,▼-397,▼-54.38%,0,19,19,17,265,-,900,229
TXO,202608,20260819.0,39000.0,Call,5200,5200,5200,5200,5700.0,▲+780,▲+17.65%,0,1,1,1,5590,5770,5200,5200
TXO,202608,20260819.0,39000.0,Put,555,575,324,360,351.0,▼-395,▼-52.32%,22,83,105,1080,350,477,1770,220
TXO,202608,20260819.0,39100.0,Call,-,-,-,-,5620.0,-,-,0,0,0,0,-,5670,-,-
TXO,202608,20260819.0,39100.0,Put,525,525,332,355,355.0,▼-420,▼-54.19%,0,22,22,42,272,-,1320,238
TXO,202608,20260819.0,39200.0,Call,-,-,-,-,5530.0,-,-,0,0,0,0,-,5580,-,-
TXO,202608,20260819.0,39200.0,Put,515,515,347,376,376.0,▼-404,▼-51.79%,2,25,27,25,281,456,1310,264
TXO,202608,20260819.0,39300.0,Call,5330,5330,5330,5330,5440.0,▲+1140,▲+27.21%,0,1,1,0,-,-,5330,5330
TXO,202608,20260819.0,39300.0,Put,500,500,359,412,387.0,▼-403,▼-49.45%,4,17,21,30,317,484,1180,237
TXO,202608,20260819.0,39400.0,Call,-,-,-,-,5350.0,-,-,0,0,0,0,-,-,5880,5880
TXO,202608,20260819.0,39400.0,Put,525,525,439,439,400.0,▼-386,▼-46.79%,0,19,19,48,302,497,1210,250
TXO,202608,20260819.0,39500.0,Call,-,-,-,-,5270.0,-,-,0,0,0,0,4990,5320,-,-
TXO,202608,20260819.0,39500.0,Put,555,555,425,425,425.0,▼-435,▼-50.58%,6,26,32,80,316,520,1530,257
TXO,202608,20260819.0,39600.0,Call,-,-,-,-,5180.0,-,-,0,0,0,0,-,5230,5710,5710
TXO,202608,20260819.0,39600.0,Put,665,665,469,469,427.0,▼-421,▼-47.30%,0,7,7,51,334,595,1140,304
TXO,202608,20260819.0,39700.0,Call,-,-,-,-,5090.0,-,-,0,0,0,1,4990,5400,3930,3930
TXO,202608,20260819.0,39700.0,Put,655,655,414,436,436.0,▼-489,▼-52.86%,0,15,15,49,348,500,1050,276
TXO,202608,20260819.0,39800.0,Call,-,-,-,-,5010.0,-,-,0,0,0,0,-,5060,5530,5530
TXO,202608,20260819.0,39800.0,Put,650,650,454,490,455.0,▼-445,▼-47.59%,3,36,39,63,369,595,1050,277
TXO,202608,20260819.0,39900.0,Call,-,-,-,-,4920.0,-,-,0,0,0,2,4840,5230,3720,3620
TXO,202608,20260819.0,39900.0,Put,745,745,446,510,470.0,▼-455,▼-47.15%,2,52,54,56,379,610,2110,318
TXO,202608,20260819.0,40000.0,Call,-,-,-,-,4840.0,-,-,0,0,0,1,4710,-,4000,3880
TXO,202608,20260819.0,40000.0,Put,710,770,450,490,490.0,▼-485,▼-49.74%,109,321,430,1074,485,550,2200,282
TXO,202608,20260819.0,40100.0,Call,4350,4410,4350,4410,4760.0,▲+830,▲+23.18%,0,3,3,5,4650,4810,6280,4330
TXO,202608,20260819.0,40100.0,Put,765,765,555,570,500.0,▼-450,▼-44.12%,2,22,24,68,429,640,1370,302
TXO,202608,20260819.0,40200.0,Call,-,-,-,-,4670.0,-,-,0,0,0,5,4570,4730,6190,6190
TXO,202608,20260819.0,40200.0,Put,780,780,497,520,520.0,▼-510,▼-49.51%,7,43,50,101,420,650,1610,310
TXO,202608,20260819.0,40300.0,Call,3930,3930,3930,3930,4590.0,▲+500,▲+14.58%,0,2,2,3,4490,4640,6100,3780
TXO,202608,20260819.0,40300.0,Put,690,690,499,545,545.0,▼-515,▼-48.58%,1,60,61,65,462,640,1420,327
TXO,202608,20260819.0,40400.0,Call,-,-,-,-,4500.0,-,-,0,0,0,0,-,-,-,-
TXO,202608,20260819.0,40400.0,Put,750,750,510,555,555.0,▼-525,▼-48.61%,3,43,46,70,447,570,1160,332
TXO,202608,20260819.0,40500.0,Call,-,-,-,-,4430.0,-,-,0,0,0,6,4320,-,5930,4180
TXO,202608,20260819.0,40500.0,Put,895,895,520,575,575.0,▼-535,▼-48.20%,3,87,90,79,565,650,2100,358
TXO,202608,20260819.0,40600.0,Call,-,-,-,-,4340.0,-,-,0,0,0,5,4070,4390,5840,5840
TXO,202608,20260819.0,40600.0,Put,740,740,550,610,585.0,▼-530,▼-46.49%,2,54,56,65,490,700,1150,366
TXO,202608,20260819.0,40700.0,Call,-,-,-,-,4260.0,-,-,0,0,0,3,4170,4310,5900,3630
TXO,202608,20260819.0,40700.0,Put,805,805,570,610,610.0,▼-560,▼-47.86%,1,45,46,53,510,710,1170,435
TXO,202608,20260819.0,40800.0,Call,-,-,-,-,4180.0,-,-,0,0,0,0,-,-,-,-
TXO,202608,20260819.0,40800.0,Put,860,860,590,630,630.0,▼-590,▼-48.36%,1,75,76,96,530,730,1220,380
TXO,202608,20260819.0,40900.0,Call,-,-,-,-,4100.0,-,-,0,0,0,1,-,4220,5370,2900
TXO,202608,20260819.0,40900.0,Put,855,865,610,650,650.0,▼-580,▼-47.15%,1,46,47,74,550,750,1580,395
TXO,202608,20260819.0,41000.0,Call,3780,3780,3780,3780,4020.0,▲+840,▲+28.57%,1,1,2,84,3750,4070,5550,2680
TXO,202608,20260819.0,41000.0,Put,990,1000,630,670,670.0,▼-580,▼-46.40%,26,147,173,490,570,770,1660,391
TXO,202608,20260819.0,41100.0,Call,-,-,-,-,3940.0,-,-,0,0,0,4,3840,-,5550,2920
TXO,202608,20260819.0,41100.0,Put,915,915,655,710,685.0,▼-590,▼-45.38%,1,19,20,58,590,-,1390,404
TXO,202608,20260819.0,41200.0,Call,3720,3720,3720,3720,3860.0,▲+920,▲+32.86%,0,1,1,1,3770,3910,3720,3720
TXO,202608,20260819.0,41200.0,Put,955,955,680,770,705.0,▼-550,▼-41.67%,1,17,18,58,615,805,1670,430
TXO,202608,20260819.0,41300.0,Call,-,-,-,-,3790.0,-,-,0,0,0,201,3710,-,5190,4500
TXO,202608,20260819.0,41300.0,Put,890,890,705,775,730.0,▼-585,▼-43.01%,0,14,14,64,640,-,1700,476
TXO,202608,20260819.0,41400.0,Call,-,-,-,-,3710.0,-,-,0,0,0,0,-,3750,-,-
TXO,202608,20260819.0,41400.0,Put,840,845,730,735,735.0,▼-655,▼-47.12%,0,9,9,34,640,1120,1330,499
TXO,202608,20260819.0,41500.0,Call,-,-,-,-,3630.0,-,-,0,0,0,250,3540,3680,5040,4280
TXO,202608,20260819.0,41500.0,Put,950,955,755,770,770.0,▼-650,▼-45.77%,5,23,28,205,685,1420,2690,472
TXO,202608,20260819.0,41600.0,Call,3140,3140,3140,3140,3550.0,▲+600,▲+23.62%,0,1,1,0,-,-,3140,3050
TXO,202608,20260819.0,41600.0,Put,1020,1020,780,830,795.0,▼-640,▼-43.54%,2,20,22,117,685,-,1600,471
TXO,202608,20260819.0,41700.0,Call,-,-,-,-,3480.0,-,-,0,0,0,0,-,3520,4380,4380
TXO,202608,20260819.0,41700.0,Put,1010,1010,805,810,810.0,▼-690,▼-46.00%,0,9,9,39,735,-,1840,500
TXO,202608,20260819.0,41800.0,Call,-,-,-,-,3400.0,-,-,0,0,0,250,3330,3450,4790,2400
TXO,202608,20260819.0,41800.0,Put,1040,1060,830,855,855.0,▼-685,▼-44.48%,1,21,22,225,840,-,1880,515
TXO,202608,20260819.0,41900.0,Call,-,-,-,-,3330.0,-,-,0,0,0,1,-,3370,4320,3590
TXO,202608,20260819.0,41900.0,Put,1060,1060,860,920,870.0,▼-650,▼-41.40%,0,7,7,81,790,-,1840,560
TXO,202608,20260819.0,42000.0,Call,2600,3240,2600,3110,3250.0,▲+830,▲+36.40%,18,832,850,492,3110,3300,4850,2080
TXO,202608,20260819.0,42000.0,Put,1290,1300,890,900,900.0,▼-700,▼-43.75%,34,164,198,410,825,945,2540,545
TXO,202608,20260819.0,42100.0,Call,-,-,-,-,3180.0,-,-,0,0,0,1,-,-,4720,2750
TXO,202608,20260819.0,42100.0,Put,1120,1120,1000,1000,920.0,▼-650,▼-39.39%,0,3,3,68,5,1030,1860,575
TXO,202608,20260819.0,42200.0,Call,-,-,-,-,3110.0,-,-,0,0,0,1,-,3150,3610,3610
TXO,202608,20260819.0,42200.0,Put,1210,1210,1020,1060,950.0,▼-620,▼-36.90%,2,38,40,65,600,1070,1960,580
TXO,202608,20260819.0,42300.0,Call,-,-,-,-,3040.0,-,-,0,0,0,0,-,3080,4770,4580
TXO,202608,20260819.0,42300.0,Put,-,-,-,-,980.0,-,-,1,0,1,41,5,1080,1750,600
TXO,202608,20260819.0,42400.0,Call,2600,2850,2550,2840,2970.0,▲+810,▲+39.90%,3,139,142,8,74,3030,3760,1880
TXO,202608,20260819.0,42400.0,Put,1230,1230,1070,1070,1010.0,▼-690,▼-39.20%,7,5,12,37,120,1140,1790,610
TXO,202608,20260819.0,42500.0,Call,2550,2550,2550,2550,2890.0,▲+580,▲+29.44%,0,1,1,157,2770,2940,5200,1850
TXO,202608,20260819.0,42500.0,Put,1510,1510,1050,1050,1050.0,▼-760,▼-41.99%,8,36,44,224,120,1150,2000,630
TXO,202608,20260819.0,42600.0,Call,-,-,-,-,2830.0,-,-,2,0,2,16,0.1,2940,4560,1820
TXO,202608,20260819.0,42600.0,Put,1320,1320,1130,1130,1070.0,▼-720,▼-38.92%,0,7,7,58,5,1170,1860,650
TXO,202608,20260819.0,42700.0,Call,2710,2710,2710,2710,2760.0,▲+840,▲+44.92%,3,5,8,104,2730,2800,4530,1720
TXO,202608,20260819.0,42700.0,Put,-,-,-,-,1100.0,-,-,5,0,5,59,5,1260,2170,675
TXO,202608,20260819.0,42800.0,Call,2410,2660,2300,2660,2690.0,▲+840,▲+46.15%,1,6,7,161,2610,2740,6700,1770
TXO,202608,20260819.0,42800.0,Put,1380,1380,1200,1200,1130.0,▼-740,▼-38.14%,1,24,25,38,5,1250,2730,690
TXO,202608,20260819.0,42900.0,Call,2160,2570,2160,2570,2620.0,▲+820,▲+46.86%,1,11,12,56,2490,2660,3890,1680
TXO,202608,20260819.0,42900.0,Put,1630,1630,1290,1290,1160.0,▼-690,▼-34.85%,1,3,4,60,1080,-,2010,725
TXO,202608,20260819.0,43000.0,Call,1990,2480,1990,2480,2560.0,▲+780,▲+45.88%,25,22,47,115,2550,2600,3860,1550
TXO,202608,20260819.0,43000.0,Put,1640,1650,1200,1200,1200.0,▼-830,▼-40.89%,30,152,182,633,1120,1520,2250,740
TXO,202608,20260819.0,43100.0,Call,2420,2440,2410,2410,2490.0,▲+770,▲+46.95%,7,5,12,22,2380,2530,4300,1510
TXO,202608,20260819.0,43100.0,Put,1480,1500,1310,1310,1230.0,▼-760,▼-36.71%,0,10,10,90,1120,-,2220,770
TXO,202608,20260819.0,43200.0,Call,2130,2130,2130,2130,2430.0,▲+540,▲+33.96%,2,1,3,6,2290,-,3700,1700
TXO,202608,20260819.0,43200.0,Put,1470,1470,1300,1300,1270.0,▼-830,▼-38.97%,1,5,6,38,1160,-,3030,805
TXO,202608,20260819.0,43300.0,Call,2040,2290,2040,2280,2360.0,▲+740,▲+48.05%,0,7,7,14,2330,2400,4050,1400
TXO,202608,20260819.0,43300.0,Put,1540,1540,1530,1530,1300.0,▼-630,▼-29.17%,18,5,23,173,1190,-,2240,820
TXO,202608,20260819.0,43400.0,Call,1810,2000,1810,2000,2300.0,▲+510,▲+34.23%,0,10,10,11,2270,2340,5190,1410
TXO,202608,20260819.0,43400.0,Put,1800,1800,1390,1420,1340.0,▼-790,▼-35.75%,2,10,12,40,1230,6450,2180,850
TXO,202608,20260819.0,43500.0,Call,1880,2220,1880,2200,2230.0,▲+760,▲+52.78%,1,69,70,181,2210,-,3900,1360
TXO,202608,20260819.0,43500.0,Put,1820,1880,1380,1380,1380.0,▼-870,▼-38.67%,3,36,39,89,1350,-,3300,865
TXO,202608,20260819.0,43600.0,Call,1860,1870,1810,1810,2170.0,▲+420,▲+30.22%,0,9,9,25,2050,2210,3120,1450
TXO,202608,20260819.0,43600.0,Put,1710,1710,1480,1510,1410.0,▼-800,▼-34.63%,4,14,18,72,1330,-,2430,945
TXO,202608,20260819.0,43700.0,Call,1870,1870,1870,1870,2110.0,▲+530,▲+39.55%,3,1,4,22,2030,2150,1960,1320
TXO,202608,20260819.0,43700.0,Put,1710,1750,1480,1480,1450.0,▼-890,▼-37.55%,2,10,12,112,1370,-,2530,970
TXO,202608,20260819.0,43800.0,Call,1710,1750,1710,1750,2040.0,▲+450,▲+34.62%,5,2,7,27,1920,2090,2780,1200
TXO,202608,20260819.0,43800.0,Put,1750,1780,1580,1580,1480.0,▼-840,▼-34.71%,0,28,28,22,1390,-,2970,980
TXO,202608,20260819.0,43900.0,Call,1500,1890,1450,1890,1990.0,▲+640,▲+51.20%,1,8,9,115,-,2110,4210,1220
TXO,202608,20260819.0,43900.0,Put,1570,1570,1570,1570,1530.0,▼-900,▼-36.44%,0,2,2,98,-,1630,2290,995
TXO,202608,20260819.0,44000.0,Call,1460,1960,1450,1960,1960.0,▲+780,▲+66.10%,25,145,170,238,31,2040,5710,1110
TXO,202608,20260819.0,44000.0,Put,1900,1900,1560,1560,1560.0,▼-960,▼-38.10%,6,58,64,453,1550,1670,3670,935
TXO,202608,20260819.0,44100.0,Call,1590,1820,1590,1820,1880.0,▲+670,▲+58.26%,0,13,13,12,1780,-,3140,1090
TXO,202608,20260819.0,44100.0,Put,1910,1910,1620,1620,1620.0,▼-960,▼-37.21%,0,20,20,28,0.1,1730,2130,1030
TXO,202608,20260819.0,44200.0,Call,1540,1800,1480,1740,1820.0,▲+630,▲+56.76%,1,12,13,11,1730,1850,5430,1070
TXO,202608,20260819.0,44200.0,Put,1800,1800,1680,1690,1650.0,▼-930,▼-35.50%,2,21,23,27,0.1,1760,3460,1090
TXO,202608,20260819.0,44300.0,Call,1480,1770,1430,1750,1750.0,▲+670,▲+62.04%,1,31,32,15,1010,1870,3130,1000
TXO,202608,20260819.0,44300.0,Put,2210,2210,1750,1750,1700.0,▼-940,▼-34.94%,0,17,17,20,-,1800,2650,1130
TXO,202608,20260819.0,44400.0,Call,1280,1700,1280,1700,1700.0,▲+680,▲+66.67%,1,22,23,26,920,1800,5440,1010
TXO,202608,20260819.0,44400.0,Put,2030,2030,1810,1810,1740.0,▼-930,▼-33.94%,0,6,6,8,1630,-,3350,1150
TXO,202608,20260819.0,44500.0,Call,1320,1650,1320,1620,1660.0,▲+650,▲+67.01%,2,65,67,54,2.1,1740,5760,970
TXO,202608,20260819.0,44500.0,Put,2320,2340,1850,1850,1790.0,▼-950,▼-33.93%,2,58,60,234,1720,1890,2810,1140
TXO,202608,20260819.0,44600.0,Call,1160,1600,1160,1550,1610.0,▲+610,▲+64.89%,1,106,107,83,1490,-,3170,880
TXO,202608,20260819.0,44600.0,Put,2180,2180,1910,1950,1840.0,▼-920,▼-32.06%,0,57,57,58,1750,-,2730,1210
TXO,202608,20260819.0,44700.0,Call,1050,1530,1050,1530,1530.0,▲+630,▲+70.00%,7,99,106,88,1450,-,4110,890
TXO,202608,20260819.0,44700.0,Put,2190,2190,1950,2000,1890.0,▼-920,▼-31.51%,0,54,54,51,1790,-,3580,1200
TXO,202608,20260819.0,44800.0,Call,1150,1480,1130,1480,1480.0,▲+610,▲+70.11%,4,28,32,58,1450,1610,2690,805
TXO,202608,20260819.0,44800.0,Put,2040,2040,2030,2030,1940.0,▼-960,▼-32.11%,0,2,2,38,1810,-,2800,1280
TXO,202608,20260819.0,44900.0,Call,1170,1440,1170,1430,1430.0,▲+590,▲+70.24%,0,37,37,39,1340,3000,4180,840
TXO,202608,20260819.0,44900.0,Put,2030,2090,2030,2080,1990.0,▼-970,▼-31.80%,0,14,14,24,1960,-,3670,1340
TXO,202608,20260819.0,45000.0,Call,980,1410,960,1410,1410.0,▲+600,▲+74.07%,65,128,193,244,1310,1420,5490,695
TXO,202608,20260819.0,45000.0,Put,2350,2350,2100,2150,2040.0,▼-960,▼-30.87%,6,23,29,273,2010,2170,3210,1280
TXO,202608,20260819.0,45100.0,Call,1090,1340,1040,1310,1360.0,▲+555,▲+73.51%,0,30,30,77,1250,-,5260,820
TXO,202608,20260819.0,45100.0,Put,2390,2390,2080,2090,2090.0,▼-1090,▼-34.28%,10,9,19,29,2060,2200,3160,1390
TXO,202608,20260819.0,45200.0,Call,1030,1300,1030,1300,1300.0,▲+580,▲+80.56%,0,107,107,142,1220,1780,3510,715
TXO,202608,20260819.0,45200.0,Put,-,-,-,-,2150.0,-,-,0,0,0,10,2040,2160,3110,1400
TXO,202608,20260819.0,45300.0,Call,1000,1240,950,1220,1260.0,▲+540,▲+79.41%,4,32,36,69,2.1,-,3490,615
TXO,202608,20260819.0,45300.0,Put,2320,2320,2290,2290,2190.0,▼-1020,▼-30.82%,0,24,24,33,2170,-,2910,1460
TXO,202608,20260819.0,45400.0,Call,955,1200,900,1190,1220.0,▲+535,▲+81.68%,1,96,97,126,1120,3000,3900,690
TXO,202608,20260819.0,45400.0,Put,-,-,-,-,2250.0,-,-,0,0,0,50,2220,2270,3370,1500
TXO,202608,20260819.0,45500.0,Call,885,1180,860,1180,1180.0,▲+565,▲+91.87%,34,237,271,276,1070,-,3810,580
TXO,202608,20260819.0,45500.0,Put,2470,2530,2300,2300,2300.0,▼-1140,▼-33.14%,3,9,12,285,-,2440,3800,1520
TXO,202608,20260819.0,45600.0,Call,755,1140,755,1140,1140.0,▲+545,▲+91.60%,6,47,53,395,1070,1190,3610,550
TXO,202608,20260819.0,45600.0,Put,2440,2470,2430,2470,2370.0,▼-1040,▼-29.63%,1,3,4,289,2330,2480,3420,1430
TXO,202608,20260819.0,45700.0,Call,765,1070,765,1070,1070.0,▲+505,▲+89.38%,0,27,27,184,7.4,1170,5150,525
TXO,202608,20260819.0,45700.0,Put,2510,2510,2510,2510,2420.0,▼-1070,▼-29.89%,0,2,2,31,2390,2550,3360,1470
TXO,202608,20260819.0,45800.0,Call,780,1050,770,1050,1050.0,▲+515,▲+96.26%,0,218,218,278,950,-,4460,530
TXO,202608,20260819.0,45800.0,Put,2610,2610,2610,2610,2480.0,▼-1040,▼-28.49%,1,1,2,42,2380,-,3630,1540
TXO,202608,20260819.0,45900.0,Call,965,985,960,985,985.0,▲+475,▲+93.14%,3,34,37,96,895,-,3280,540
TXO,202608,20260819.0,45900.0,Put,-,-,-,-,2540.0,-,-,0,0,0,15,2510,2620,3750,1870
TXO,202608,20260819.0,46000.0,Call,600,970,595,970,970.0,▲+475,▲+95.96%,88,349,437,468,890,1000,4340,424
TXO,202608,20260819.0,46000.0,Put,3220,3220,2630,2630,2600.0,▼-1170,▼-30.79%,11,18,29,147,2280,2730,3960,1610
TXO,202608,20260819.0,46100.0,Call,700,915,660,915,915.0,▲+459,▲+100.66%,14,28,42,54,865,-,3330,434
TXO,202608,20260819.0,46100.0,Put,2720,2720,2720,2720,2660.0,▼-1160,▼-29.90%,0,1,1,20,2630,2800,3450,1800
TXO,202608,20260819.0,46200.0,Call,660,880,660,880,880.0,▲+435,▲+97.75%,9,38,47,58,795,-,3100,445
TXO,202608,20260819.0,46200.0,Put,2850,2850,2850,2850,2720.0,▼-1100,▼-27.85%,0,1,1,19,2620,2740,3210,1840
TXO,202608,20260819.0,46300.0,Call,520,860,520,860,860.0,▲+452,▲+110.78%,4,33,37,34,2.1,935,3250,420
TXO,202608,20260819.0,46300.0,Put,-,-,-,-,2790.0,-,-,0,0,0,29,2750,2900,2160,1780
TXO,202608,20260819.0,46400.0,Call,560,795,560,780,820.0,▲+395,▲+102.60%,5,39,44,60,705,-,3160,406
TXO,202608,20260819.0,46400.0,Put,-,-,-,-,2850.0,-,-,0,0,0,1,2820,-,2400,1940
TXO,202608,20260819.0,46500.0,Call,500,765,500,765,765.0,▲+393,▲+105.65%,10,61,71,164,695,795,3080,363
TXO,202608,20260819.0,46500.0,Put,3290,3290,3260,3260,2920.0,▼-940,▼-22.38%,0,2,2,274,2810,3040,4220,1840
TXO,202608,20260819.0,46600.0,Call,495,725,495,710,750.0,▲+366,▲+106.40%,4,53,57,119,640,-,3070,329
TXO,202608,20260819.0,46600.0,Put,-,-,-,-,2980.0,-,-,0,0,0,1,2950,-,3020,2020
TXO,202608,20260819.0,46700.0,Call,465,700,465,700,700.0,▲+377,▲+116.72%,26,29,55,56,615,815,2920,390
TXO,202608,20260819.0,46700.0,Put,3140,3160,3140,3160,3050.0,▼-1180,▼-27.19%,0,86,86,333,3010,3160,4640,1820
TXO,202608,20260819.0,46800.0,Call,398,665,398,665,665.0,▲+365,▲+121.67%,8,19,27,65,575,760,4350,280
TXO,202608,20260819.0,46800.0,Put,-,-,-,-,3120.0,-,-,0,0,0,3,3080,-,4970,1880
TXO,202608,20260819.0,46900.0,Call,420,630,420,625,655.0,▲+338,▲+117.77%,0,10,10,25,540,755,2600,307
TXO,202608,20260819.0,46900.0,Put,-,-,-,-,3190.0,-,-,0,0,0,1,3150,3320,3270,1940
TXO,202608,20260819.0,47000.0,Call,333,620,333,620,620.0,▲+349,▲+128.78%,61,267,328,582,595,650,4340,209
TXO,202608,20260819.0,47000.0,Put,3360,3360,3360,3360,3250.0,▼-1230,▼-26.80%,11,1,12,24,3160,3470,5150,2030
TXO,202608,20260819.0,47100.0,Call,352,600,352,600,600.0,▲+339,▲+129.89%,0,18,18,35,445,600,2300,253
TXO,202608,20260819.0,47100.0,Put,3430,3430,3430,3430,3330.0,▼-1240,▼-26.55%,0,4,4,6,3240,-,4000,1920
TXO,202608,20260819.0,47200.0,Call,305,545,305,525,565.0,▲+290,▲+123.40%,23,77,100,449,410,585,2300,235
TXO,202608,20260819.0,47200.0,Put,-,-,-,-,3400.0,-,-,0,0,0,20,-,3520,4700,2200
TXO,202608,20260819.0,47300.0,Call,305,535,305,535,535.0,▲+320,▲+148.84%,1,24,25,483,395,650,2530,214
TXO,202608,20260819.0,47300.0,Put,-,-,-,-,3470.0,-,-,1,0,1,2,3440,3590,4320,3120
TXO,202608,20260819.0,47400.0,Call,295,515,295,515,515.0,▲+308,▲+148.79%,2,16,18,368,374,520,3300,250
TXO,202608,20260819.0,47400.0,Put,-,-,-,-,3550.0,-,-,0,0,0,6,3510,-,3500,2220
TXO,202608,20260819.0,47500.0,Call,267,490,252,490,490.0,▲+290,▲+145.00%,16,58,74,157,358,585,3100,188
TXO,202608,20260819.0,47500.0,Put,-,-,-,-,3620.0,-,-,0,0,0,17,-,3760,4200,2360
TXO,202608,20260819.0,47600.0,Call,264,472,264,444,444.0,▲+261,▲+142.62%,0,7,7,14,326,480,2000,244
TXO,202608,20260819.0,47600.0,Put,-,-,-,-,3700.0,-,-,0,0,0,17,3660,3840,5010,2940
TXO,202608,20260819.0,47700.0,Call,-,-,-,-,440.0,-,-,1,0,1,19,262,-,3790,190
TXO,202608,20260819.0,47700.0,Put,-,-,-,-,3770.0,-,-,0,0,0,2,3740,3900,3630,2550
TXO,202608,20260819.0,47800.0,Call,220,420,220,420,420.0,▲+262,▲+165.82%,40,28,68,72,284,480,3600,158
TXO,202608,20260819.0,47800.0,Put,-,-,-,-,3850.0,-,-,0,0,0,0,-,-,2900,2520
TXO,202608,20260819.0,47900.0,Call,215,385,215,385,385.0,▲+235,▲+156.67%,2,11,13,13,382,491,2390,147
TXO,202608,20260819.0,47900.0,Put,-,-,-,-,3930.0,-,-,0,0,0,1,-,4050,3410,2840
TXO,202608,20260819.0,48000.0,Call,191,399,180,397,383.0,▲+258,▲+185.61%,57,508,565,600,376,400,3140,134
TXO,202608,20260819.0,48000.0,Put,-,-,-,-,4020.0,-,-,0,0,0,30,3970,4160,5490,2240
TXO,202608,20260819.0,48100.0,Call,179,360,179,342,363.0,▲+210,▲+159.09%,7,8,15,64,231,-,2200,130
TXO,202608,20260819.0,48100.0,Put,-,-,-,-,4100.0,-,-,0,0,0,0,-,-,-,-
TXO,202608,20260819.0,48200.0,Call,171,305,171,305,344.0,▲+183,▲+150.00%,7,12,19,80,247,360,2210,122
TXO,202608,20260819.0,48200.0,Put,-,-,-,-,4180.0,-,-,0,0,0,0,-,-,3870,3870
TXO,202608,20260819.0,48300.0,Call,160,320,160,320,320.0,▲+205,▲+178.26%,3,13,16,40,151,421,2840,123
TXO,202608,20260819.0,48300.0,Put,-,-,-,-,4260.0,-,-,0,0,0,0,-,-,3950,3110
TXO,202608,20260819.0,48400.0,Call,207,207,207,207,309.0,▲+95,▲+84.82%,16,1,17,109,211,-,2210,105
TXO,202608,20260819.0,48400.0,Put,-,-,-,-,4340.0,-,-,0,0,0,1,4300,-,3390,2460
TXO,202608,20260819.0,48500.0,Call,142,300,130,285,285.0,▲+182,▲+176.70%,19,178,197,248,260,800,2570,99
TXO,202608,20260819.0,48500.0,Put,4500,4500,4430,4430,4430.0,▼-1490,▼-25.17%,0,2,2,1,4380,4440,5510,3300
TXO,202608,20260819.0,48600.0,Call,137,268,130,268,268.0,▲+174,▲+185.11%,5,36,41,56,121,-,2780,94
TXO,202608,20260819.0,48600.0,Put,-,-,-,-,4510.0,-,-,0,0,0,1,-,-,3460,2670
TXO,202608,20260819.0,48700.0,Call,129,139,127,139,264.0,▲+49,▲+54.44%,2,14,16,44,258,347,2050,96
TXO,202608,20260819.0,48700.0,Put,-,-,-,-,4600.0,-,-,0,0,0,1,4550,-,6230,3160
TXO,202608,20260819.0,48800.0,Call,120,248,115,248,248.0,▲+163,▲+191.76%,0,68,68,60,219,327,1890,81
TXO,202608,20260819.0,48800.0,Put,-,-,-,-,4680.0,-,-,0,0,0,0,4630,-,3400,3390
TXO,202608,20260819.0,48900.0,Call,112,225,106,225,225.0,▲+146,▲+184.81%,3,15,18,72,89,236,1870,78
TXO,202608,20260819.0,48900.0,Put,-,-,-,-,4770.0,-,-,0,0,0,0,-,-,-,-
TXO,202608,20260819.0,49000.0,Call,103,220,95,220,220.0,▲+150,▲+214.29%,57,648,705,560,218,225,2960,69
TXO,202608,20260819.0,49000.0,Put,-,-,-,-,4860.0,-,-,0,0,0,1,4810,-,4200,3390
TXO,202608,20260819.0,49100.0,Call,100,163,100,163,208.0,▲+98,▲+150.77%,36,6,42,378,103,216,2680,65
TXO,202608,20260819.0,49100.0,Put,-,-,-,-,4940.0,-,-,0,0,0,0,-,-,4580,4580
TXO,202608,20260819.0,49200.0,Call,100,198,85,198,198.0,▲+134,▲+209.38%,9,14,23,26,93,220,1000,64
TXO,202608,20260819.0,49200.0,Put,-,-,-,-,5030.0,-,-,0,0,0,0,4980,-,-,-
TXO,202608,20260819.0,49300.0,Call,84,167,83,163,188.0,▲+101,▲+162.90%,8,24,32,95,80,-,1820,70
TXO,202608,20260819.0,49300.0,Put,-,-,-,-,5120.0,-,-,0,0,0,0,-,-,-,-
TXO,202608,20260819.0,49400.0,Call,77,155,76,155,176.0,▲+97,▲+167.24%,3,21,24,28,78,261,1520,54
TXO,202608,20260819.0,49400.0,Put,-,-,-,-,5210.0,-,-,0,0,0,2,5100,-,4170,3880
TXO,202608,20260819.0,49500.0,Call,75,160,71,159,159.0,▲+106,▲+200.00%,53,100,153,217,33,234,2780,53
TXO,202608,20260819.0,49500.0,Put,-,-,-,-,5300.0,-,-,0,0,0,1,-,5400,4200,4200
TXO,202608,20260819.0,49600.0,Call,69,145,67,138,158.0,▲+86,▲+165.38%,19,41,60,57,68,247,1760,56
TXO,202608,20260819.0,49600.0,Put,-,-,-,-,5390.0,-,-,0,0,0,0,-,-,-,-
TXO,202608,20260819.0,49700.0,Call,67,149,60,149,149.0,▲+100.5,▲+207.22%,15,28,43,56,99,155,1170,50
TXO,202608,20260819.0,49700.0,Put,-,-,-,-,5480.0,-,-,0,0,0,0,-,-,-,-
TXO,202608,20260819.0,49800.0,Call,60,121,57,121,142.0,▲+75,▲+163.04%,4,58,62,129,130,236,2530,42
TXO,202608,20260819.0,49800.0,Put,-,-,-,-,5570.0,-,-,0,0,0,2,5470,5590,4430,3870
TXO,202608,20260819.0,49900.0,Call,58,122,55,118,135.0,▲+74.5,▲+171.26%,23,82,105,110,62,222,1550,39.5
TXO,202608,20260819.0,49900.0,Put,-,-,-,-,5670.0,-,-,0,0,0,0,5620,-,4410,4370
TXO,202608,20260819.0,50000.0,Call,61,129,51,128,128.0,▲+88,▲+220.00%,175,527,702,1271,128,129,2580,36.5
TXO,202608,20260819.0,50000.0,Put,5760,5760,5760,5760,5760.0,▼-1600,▼-21.74%,0,1,1,4,5710,-,7200,3670
TXO,202608,20260819.0,50100.0,Call,60,110,51,108,121.0,▲+69,▲+176.92%,3,61,64,53,100,185,1080,49
TXO,202608,20260819.0,50100.0,Put,-,-,-,-,5850.0,-,-,0,0,0,0,-,-,-,-
TXO,202608,20260819.0,50200.0,Call,85,108,85,108,108.0,▲+72,▲+200.00%,2,5,7,18,7.4,-,1300,36
TXO,202608,20260819.0,50200.0,Put,-,-,-,-,5940.0,-,-,0,0,0,0,-,-,4600,4410
TXO,202608,20260819.0,50300.0,Call,44,95,43.5,95,105.0,▲+59.5,▲+167.61%,4,136,140,63,66,-,1590,40
TXO,202608,20260819.0,50300.0,Put,-,-,-,-,6040.0,-,-,0,0,0,0,5990,-,-,-
TXO,202608,20260819.0,50400.0,Call,71,92,71,92,102.0,▲+58.5,▲+174.63%,25,11,36,198,1,190,1370,36
TXO,202608,20260819.0,50400.0,Put,-,-,-,-,6130.0,-,-,0,0,0,0,-,-,4880,4770
TXO,202608,20260819.0,50500.0,Call,48,94,39,94,94.0,▲+62,▲+193.75%,32,61,93,200,66,99,2320,32
TXO,202608,20260819.0,50500.0,Put,-,-,-,-,6220.0,-,-,0,0,0,1,6180,-,5000,5000
TXO,202608,20260819.0,50600.0,Call,41,90,37,90,90.0,▲+59.5,▲+195.08%,21,22,43,183,38,158,1090,31
TXO,202608,20260819.0,50600.0,Put,-,-,-,-,6320.0,-,-,0,0,0,0,-,-,5010,4850
TXO,202608,20260819.0,50700.0,Call,44,79,44,76,87.0,▲+47,▲+162.07%,4,35,39,15,5.4,177,1050,43
TXO,202608,20260819.0,50700.0,Put,-,-,-,-,6420.0,-,-,0,0,0,0,-,-,-,-
TXO,202608,20260819.0,50800.0,Call,38.5,75,35,75,82.0,▲+47,▲+167.86%,0,26,26,66,4.6,-,1440,35
TXO,202608,20260819.0,50800.0,Put,-,-,-,-,6510.0,-,-,0,0,0,0,6460,-,5330,5130
TXO,202608,20260819.0,50900.0,Call,31.5,71,31.5,69,78.0,▲+42,▲+155.56%,0,13,13,22,0.7,-,1560,31.5
TXO,202608,20260819.0,50900.0,Put,-,-,-,-,6610.0,-,-,0,0,0,0,-,-,-,-
TXO,202608,20260819.0,51000.0,Call,37,73,29.5,72,72.0,▲+45.5,▲+171.70%,32,279,311,1122,27,75,1840,23
TXO,202608,20260819.0,51000.0,Put,-,-,-,-,6700.0,-,-,0,0,0,1,-,-,5400,5030
TXO,202608,20260819.0,51100.0,Call,38.5,62,30,58,69.0,▲+33.5,▲+136.73%,3,13,16,25,0.7,185,1100,29
TXO,202608,20260819.0,51100.0,Put,-,-,-,-,6800.0,-,-,0,0,0,0,6750,-,-,-
TXO,202608,20260819.0,51200.0,Call,35.5,60,28.5,55,66.0,▲+31.5,▲+134.04%,0,35,35,89,35,100,1000,22
TXO,202608,20260819.0,51200.0,Put,-,-,-,-,6890.0,-,-,0,0,0,0,-,-,-,-
TXO,202608,20260819.0,51300.0,Call,40,58,40,58,62.0,▲+36,▲+163.64%,0,15,15,40,3.4,-,1060,21.5
TXO,202608,20260819.0,51300.0,Put,-,-,-,-,6990.0,-,-,0,0,0,0,6940,-,-,-
TXO,202608,20260819.0,51400.0,Call,33.5,56,27,56,56.0,▲+34.5,▲+160.47%,2,13,15,123,7.3,-,1150,23.5
TXO,202608,20260819.0,51400.0,Put,-,-,-,-,7090.0,-,-,0,0,0,0,-,-,-,-
TXO,202608,20260819.0,51500.0,Call,26.5,59,26.5,59,54.0,▲+38,▲+180.95%,11,16,27,90,26,66,1050,1.1
TXO,202608,20260819.0,51500.0,Put,-,-,-,-,7180.0,-,-,0,0,0,0,-,-,-,-
TXO,202608,20260819.0,51600.0,Call,34,52,34,52,52.0,▲+32,▲+160.00%,3,12,15,14,6.2,-,397,26.5
TXO,202608,20260819.0,51600.0,Put,-,-,-,-,7280.0,-,-,0,0,0,0,7230,-,-,-
TXO,202608,20260819.0,51700.0,Call,47,47,47,47,50.0,▲+27.5,▲+141.03%,0,10,10,19,1.5,-,1010,25
TXO,202608,20260819.0,51700.0,Put,-,-,-,-,7380.0,-,-,0,0,0,0,-,-,-,-
TXO,202608,20260819.0,51800.0,Call,22,44.5,22,44.5,47.5,▲+26,▲+140.54%,3,15,18,107,8.9,58,1080,20.5
TXO,202608,20260819.0,51800.0,Put,-,-,-,-,7470.0,-,-,0,0,0,0,-,-,-,-
TXO,202608,20260819.0,51900.0,Call,26.5,42.5,26.5,42,46.0,▲+24,▲+133.33%,0,12,12,52,0.6,200,1100,26.5
TXO,202608,20260819.0,51900.0,Put,-,-,-,-,7570.0,-,-,0,0,0,0,7520,-,-,-
TXO,202608,20260819.0,52000.0,Call,21.5,45,19.5,45,45.0,▲+28,▲+164.71%,5,472,477,1222,18.5,60,1440,16
TXO,202608,20260819.0,52000.0,Put,-,-,-,-,7670.0,-,-,0,0,0,0,7620,-,-,-
TXO,202608,20260819.0,52100.0,Call,21,38,21,36,40.5,▲+19,▲+111.76%,3,59,62,46,0.9,125,240,17
TXO,202608,20260819.0,52100.0,Put,-,-,-,-,7770.0,-,-,0,0,0,0,-,-,-,-
TXO,202608,20260819.0,52200.0,Call,25,35.5,25,35.5,38.5,▲+19.5,▲+121.88%,0,12,12,9,35,-,910,22
TXO,202608,20260819.0,52200.0,Put,-,-,-,-,7870.0,-,-,0,0,0,0,-,-,-,-
TXO,202608,20260819.0,52300.0,Call,20.5,34.5,20.5,34.5,37.0,▲+18.5,▲+115.63%,1,8,9,25,0.6,-,1340,16
TXO,202608,20260819.0,52300.0,Put,-,-,-,-,7960.0,-,-,0,0,0,0,7910,-,-,-
TXO,202608,20260819.0,52400.0,Call,34,34,34,34,34.0,▲+18.5,▲+119.35%,0,1,1,18,2.1,300,750,25.5
TXO,202608,20260819.0,52400.0,Put,-,-,-,-,8060.0,-,-,0,0,0,0,8010,-,-,-
TXO,202608,20260819.0,52500.0,Call,18.5,33,18.5,33,33.0,▲+18,▲+120.00%,5,3,8,68,23,-,995,18
TXO,202608,20260819.0,52500.0,Put,-,-,-,-,8160.0,-,-,0,0,0,0,8110,-,-,-
TXO,202608,20260819.0,52600.0,Call,34,34,34,34,32.0,▲+19.5,▲+134.48%,1,1,2,49,5,121,755,21
TXO,202608,20260819.0,52600.0,Put,-,-,-,-,8260.0,-,-,0,0,0,0,8200,-,-,-
TXO,202608,20260819.0,52700.0,Call,19.5,19.5,19.5,19.5,31.0,▲+5.5,▲+39.29%,3,2,5,27,1.9,-,740,19.5
TXO,202608,20260819.0,52700.0,Put,-,-,-,-,8360.0,-,-,0,0,0,0,-,-,-,-
TXO,202608,20260819.0,52800.0,Call,-,-,-,-,29.0,-,-,0,0,0,34,0.5,150,770,20
TXO,202608,20260819.0,52800.0,Put,-,-,-,-,8460.0,-,-,0,0,0,0,8400,-,-,-
TXO,202608,20260819.0,52900.0,Call,-,-,-,-,27.5,-,-,0,0,0,9,1.8,-,580,16
TXO,202608,20260819.0,52900.0,Put,-,-,-,-,8550.0,-,-,0,0,0,0,8500,-,-,-
TXO,202608,20260819.0,53000.0,Call,15,26,14,26,26.0,▲+12.5,▲+92.59%,0,56,56,369,16,28.5,1150,13
TXO,202608,20260819.0,53000.0,Put,-,-,-,-,8650.0,-,-,0,0,0,0,8600,-,-,-
TXO,202608,20260819.0,53100.0,Call,29.5,29.5,29.5,29.5,25.0,▲+16.5,▲+126.92%,0,1,1,18,1.7,30,585,24
TXO,202608,20260819.0,53100.0,Put,-,-,-,-,8750.0,-,-,0,0,0,0,8700,-,-,-
TXO,202608,20260819.0,53200.0,Call,20.5,21.5,19.5,19.5,24.0,▲+7,▲+56.00%,0,4,4,68,1.6,-,590,17
TXO,202608,20260819.0,53200.0,Put,-,-,-,-,8850.0,-,-,0,0,0,0,-,-,-,-
TXO,202608,20260819.0,53300.0,Call,21.5,21.5,21.5,21.5,23.5,▲+9.5,▲+79.17%,0,4,4,23,1.6,117,605,19.5
TXO,202608,20260819.0,53300.0,Put,-,-,-,-,8950.0,-,-,0,0,0,0,-,-,-,-
TXO,202608,20260819.0,53400.0,Call,13,20.5,12.5,20.5,22.5,▲+8.5,▲+70.83%,2,8,10,34,22,-,630,12.5
TXO,202608,20260819.0,53400.0,Put,-,-,-,-,9050.0,-,-,0,0,0,0,8990,-,-,-
TXO,202608,20260819.0,53500.0,Call,17,21,12.5,21,21.0,▲+9.5,▲+82.61%,12,33,45,203,11,50,1270,11.5
TXO,202608,20260819.0,53500.0,Put,-,-,-,-,9150.0,-,-,0,0,0,0,9090,-,-,-
TXO,202608,20260819.0,53600.0,Call,-,-,-,-,20.5,-,-,2,0,2,20,1.2,-,710,12
TXO,202608,20260819.0,53600.0,Put,-,-,-,-,9250.0,-,-,0,0,0,0,9190,-,-,-
TXO,202608,20260819.0,53700.0,Call,12.5,16.5,12.5,16.5,20.0,▲+5.5,▲+50.00%,0,9,9,10,1.2,117,83,12.5
TXO,202608,20260819.0,53700.0,Put,-,-,-,-,9340.0,-,-,0,0,0,0,9290,-,-,-
TXO,202608,20260819.0,53800.0,Call,16.5,16.5,16.5,16.5,19.0,▲+6,▲+57.14%,0,1,1,24,0.5,-,530,16.5
TXO,202608,20260819.0,53800.0,Put,-,-,-,-,9440.0,-,-,0,0,0,0,9390,-,-,-
TXO,202608,20260819.0,53900.0,Call,-,-,-,-,18.5,-,-,0,0,0,46,0.2,-,615,11.5
TXO,202608,20260819.0,53900.0,Put,-,-,-,-,9540.0,-,-,0,0,0,0,9490,-,-,-
TXO,202608,20260819.0,54000.0,Call,15,17.5,10.5,17,17.0,▲+7.1,▲+71.72%,7,34,41,247,14.5,18,850,9.6
TXO,202608,20260819.0,54000.0,Put,-,-,-,-,9640.0,-,-,0,0,0,0,-,-,-,-
TXO,202608,20260819.0,54100.0,Call,-,-,-,-,17.0,-,-,0,0,0,20,0.3,-,382,19.5
TXO,202608,20260819.0,54100.0,Put,-,-,-,-,9740.0,-,-,0,0,0,0,9680,-,-,-
TXO,202608,20260819.0,54200.0,Call,-,-,-,-,16.5,-,-,0,0,0,137,0.2,-,515,18
TXO,202608,20260819.0,54200.0,Put,-,-,-,-,9840.0,-,-,0,0,0,0,9780,-,-,-
TXO,202608,20260819.0,54300.0,Call,-,-,-,-,15.5,-,-,0,0,0,31,0.2,-,640,30
TXO,202608,20260819.0,54300.0,Put,-,-,-,-,9940.0,-,-,0,0,0,0,9880,-,-,-
TXO,202608,20260819.0,54400.0,Call,-,-,-,-,15.0,-,-,0,0,0,45,0.2,-,417,17.5
TXO,202608,20260819.0,54400.0,Put,10060,10060,10060,10060,10040.0,▼-1660,▼-14.16%,0,1,1,1,9980,-,10060,10060
TXO,202608,20260819.0,54500.0,Call,10,10,10,10,14.0,▲+1.2,▲+13.64%,2,2,4,268,0.2,-,540,9.5
TXO,202608,20260819.0,54500.0,Put,-,-,-,-,10140.0,-,-,0,0,0,0,-,10160,-,-
TXO,202608,20260819.0,54600.0,Call,11,11,11,11,13.5,▲+2.4,▲+27.91%,0,1,1,192,0.2,98,330,11
TXO,202608,20260819.0,54600.0,Put,-,-,-,-,10240.0,-,-,0,0,0,0,-,10260,-,-
TXO,202608,20260819.0,54700.0,Call,-,-,-,-,13.0,-,-,0,0,0,244,0.2,50,364,11.5
TXO,202608,20260819.0,54700.0,Put,-,-,-,-,10340.0,-,-,0,0,0,0,10280,-,-,-
TXO,202608,20260819.0,54800.0,Call,12.5,12.5,7,7,12.5,▼-1.4,▼-16.67%,2,5,7,360,6.5,25,440,7
TXO,202608,20260819.0,54800.0,Put,10460,10460,10460,10460,10440.0,▼-1660,▼-13.70%,0,1,1,1,10380,-,10460,10460
TXO,202608,20260819.0,54900.0,Call,-,-,-,-,12.0,-,-,0,0,0,335,1.5,29.5,520,9.9
TXO,202608,20260819.0,54900.0,Put,-,-,-,-,10530.0,-,-,0,0,0,0,10480,-,-,-
TXO,202608,20260819.0,55000.0,Call,10.5,12.5,7.3,12,12.0,▲+4,▲+50.00%,69,784,853,1880,12,12.5,790,5.8
TXO,202608,20260819.0,55000.0,Put,-,-,-,-,10630.0,-,-,0,0,0,0,10580,-,-,-
TXO,202609,20260916.0,21800.0,Call,-,-,-,-,22750.0,-,-,0,0,0,4,22600,-,25330,12370
TXO,202609,20260916.0,21800.0,Put,37,38,29.5,32,31.5,▼-6.5,▼-16.88%,2,43,45,658,31.5,40.5,650,22
TXO,202609,20260916.0,22000.0,Call,-,-,-,-,22550.0,-,-,0,0,0,6,22380,-,23430,5990
TXO,202609,20260916.0,22000.0,Put,-,-,-,-,31.5,-,-,1,0,1,294,2.6,61,565,10.5
TXO,202609,20260916.0,22200.0,Call,-,-,-,-,22350.0,-,-,0,0,0,0,22180,-,-,-
TXO,202609,20260916.0,22200.0,Put,-,-,-,-,32.0,-,-,0,0,0,130,8,-,580,31
TXO,202609,20260916.0,22400.0,Call,-,-,-,-,22150.0,-,-,0,0,0,0,21970,-,-,-
TXO,202609,20260916.0,22400.0,Put,-,-,-,-,33.5,-,-,0,0,0,204,7,138,605,31
TXO,202609,20260916.0,22600.0,Call,-,-,-,-,21950.0,-,-,0,0,0,0,21780,-,-,-
TXO,202609,20260916.0,22600.0,Put,-,-,-,-,35.5,-,-,0,0,0,214,0.7,-,650,31.5
TXO,202609,20260916.0,22800.0,Call,-,-,-,-,21760.0,-,-,0,0,0,0,21560,-,-,-
TXO,202609,20260916.0,22800.0,Put,-,-,-,-,38.0,-,-,0,0,0,19,0.6,-,675,32
TXO,202609,20260916.0,23000.0,Call,-,-,-,-,21560.0,-,-,0,0,0,0,21380,-,-,-
TXO,202609,20260916.0,23000.0,Put,40,40,36.5,40,40.0,▼-8,▼-16.67%,0,3,3,52,12,4240,700,25
TXO,202609,20260916.0,23200.0,Call,-,-,-,-,21360.0,-,-,0,0,0,0,21180,-,-,-
TXO,202609,20260916.0,23200.0,Put,-,-,-,-,41.0,-,-,0,0,0,228,1,4280,730,27
TXO,202609,20260916.0,23400.0,Call,-,-,-,-,21160.0,-,-,0,0,0,0,20990,21200,-,-
TXO,202609,20260916.0,23400.0,Put,-,-,-,-,41.5,-,-,0,0,0,10,0.6,-,700,34.5
TXO,202609,20260916.0,23600.0,Call,-,-,-,-,20960.0,-,-,0,0,0,0,20840,-,-,-
TXO,202609,20260916.0,23600.0,Put,-,-,-,-,42.5,-,-,0,0,0,10,0.6,-,700,30.5
TXO,202609,20260916.0,23800.0,Call,-,-,-,-,20770.0,-,-,0,0,0,0,20590,-,-,-
TXO,202609,20260916.0,23800.0,Put,-,-,-,-,43.5,-,-,0,0,0,12,20,-,520,31
TXO,202609,20260916.0,24000.0,Call,-,-,-,-,20570.0,-,-,0,0,0,0,20400,-,-,-
TXO,202609,20260916.0,24000.0,Put,-,-,-,-,44.0,-,-,0,0,0,56,0.7,4280,665,27
TXO,202609,20260916.0,24200.0,Call,-,-,-,-,20370.0,-,-,0,0,0,0,20190,-,-,-
TXO,202609,20260916.0,24200.0,Put,-,-,-,-,45.0,-,-,0,0,0,50,0.7,-,1000,30
TXO,202609,20260916.0,24400.0,Call,-,-,-,-,20170.0,-,-,0,0,0,0,20000,-,-,-
TXO,202609,20260916.0,24400.0,Put,-,-,-,-,45.5,-,-,0,0,0,12,20,151,1010,30
TXO,202609,20260916.0,24600.0,Call,-,-,-,-,19970.0,-,-,0,0,0,0,19800,-,-,-
TXO,202609,20260916.0,24600.0,Put,-,-,-,-,46.5,-,-,0,0,0,20,37,152,1020,30
TXO,202609,20260916.0,24800.0,Call,-,-,-,-,19770.0,-,-,0,0,0,0,19590,-,-,-
TXO,202609,20260916.0,24800.0,Put,-,-,-,-,47.0,-,-,0,0,0,20,30,100,1100,31.5
TXO,202609,20260916.0,25000.0,Call,-,-,-,-,19570.0,-,-,0,0,0,0,19410,-,-,-
TXO,202609,20260916.0,25000.0,Put,48,48,48,48,48.0,▼-17,▼-26.15%,0,1,1,73,43.5,100,1050,36
TXO,202609,20260916.0,25200.0,Call,-,-,-,-,19380.0,-,-,0,0,0,0,19220,-,-,-
TXO,202609,20260916.0,25200.0,Put,-,-,-,-,49.0,-,-,0,0,0,21,32.5,158,1200,36
TXO,202609,20260916.0,25400.0,Call,-,-,-,-,19180.0,-,-,0,0,0,0,19010,-,-,-
TXO,202609,20260916.0,25400.0,Put,50,50,50,50,50.0,▼-19,▼-27.54%,0,2,2,20,50,100,1250,36
TXO,202609,20260916.0,25600.0,Call,-,-,-,-,18980.0,-,-,0,0,0,0,18800,-,-,-
TXO,202609,20260916.0,25600.0,Put,-,-,-,-,52.0,-,-,0,0,0,29,38,100,1210,38
TXO,202609,20260916.0,25800.0,Call,18560,18560,18520,18520,18780.0,▲+1400,▲+8.18%,0,2,2,167,18620,18860,20840,17780
TXO,202609,20260916.0,25800.0,Put,-,-,-,-,53.0,-,-,0,0,0,31,40,100,1270,41
TXO,202609,20260916.0,26000.0,Call,-,-,-,-,18580.0,-,-,0,0,0,0,-,-,-,-
TXO,202609,20260916.0,26000.0,Put,-,-,-,-,55.0,-,-,0,0,0,43,20,100,1090,35.5
TXO,202609,20260916.0,26200.0,Call,-,-,-,-,18390.0,-,-,0,0,0,0,18230,-,-,-
TXO,202609,20260916.0,26200.0,Put,-,-,-,-,56.0,-,-,0,0,0,21,20,-,1420,50
TXO,202609,20260916.0,26400.0,Call,-,-,-,-,18190.0,-,-,0,0,0,0,18030,-,13900,5820
TXO,202609,20260916.0,26400.0,Put,-,-,-,-,58.0,-,-,0,0,0,18,20,170,1180,48
TXO,202609,20260916.0,26600.0,Call,-,-,-,-,17990.0,-,-,0,0,0,0,17830,-,-,-
TXO,202609,20260916.0,26600.0,Put,69,69,69,69,60.0,▼-16,▼-18.82%,0,2,2,39,30,172,1000,58
TXO,202609,20260916.0,26800.0,Call,-,-,-,-,17790.0,-,-,0,0,0,25,17670,-,12000,5510
TXO,202609,20260916.0,26800.0,Put,-,-,-,-,62.0,-,-,0,0,0,36,20,-,1130,69
TXO,202609,20260916.0,27000.0,Call,-,-,-,-,17600.0,-,-,0,0,0,3,17440,-,20110,6220
TXO,202609,20260916.0,27000.0,Put,-,-,-,-,64.0,-,-,0,0,0,11,20,88,1750,55
TXO,202609,20260916.0,27200.0,Call,-,-,-,-,17400.0,-,-,0,0,0,0,-,-,-,-
TXO,202609,20260916.0,27200.0,Put,-,-,-,-,66.0,-,-,0,0,0,3,0.8,-,750,49
TXO,202609,20260916.0,27400.0,Call,-,-,-,-,17200.0,-,-,0,0,0,2,17070,17260,5890,2380
TXO,202609,20260916.0,27400.0,Put,-,-,-,-,68.0,-,-,0,0,0,1,1.1,-,1270,81
TXO,202609,20260916.0,27600.0,Call,-,-,-,-,17000.0,-,-,0,0,0,2,16860,-,10800,2020
TXO,202609,20260916.0,27600.0,Put,-,-,-,-,70.0,-,-,0,0,0,5,0.9,-,1120,64
TXO,202609,20260916.0,27800.0,Call,-,-,-,-,16810.0,-,-,0,0,0,6,16660,16870,19160,18840
TXO,202609,20260916.0,27800.0,Put,-,-,-,-,72.0,-,-,0,0,0,17,50,189,1460,66
TXO,202609,20260916.0,28000.0,Call,-,-,-,-,16610.0,-,-,0,0,0,1,16480,-,7880,1910
TXO,202609,20260916.0,28000.0,Put,-,-,-,-,75.0,-,-,0,0,0,55,1.3,192,2180,51
TXO,202609,20260916.0,28200.0,Call,-,-,-,-,16410.0,-,-,0,0,0,2,16280,-,5250,1730
TXO,202609,20260916.0,28200.0,Put,-,-,-,-,77.0,-,-,0,0,0,8,5.9,-,1180,94
TXO,202609,20260916.0,28400.0,Call,-,-,-,-,16220.0,-,-,0,0,0,21,16080,-,15910,1630
TXO,202609,20260916.0,28400.0,Put,-,-,-,-,78.0,-,-,0,0,0,10,48,199,1550,98
TXO,202609,20260916.0,28600.0,Call,-,-,-,-,16020.0,-,-,0,0,0,0,15870,-,-,-
TXO,202609,20260916.0,28600.0,Put,-,-,-,-,81.0,-,-,0,0,0,5,69,-,1250,96
TXO,202609,20260916.0,28800.0,Call,-,-,-,-,15820.0,-,-,0,0,0,0,15660,15860,5200,3230
TXO,202609,20260916.0,28800.0,Put,-,-,-,-,83.0,-,-,0,0,0,15,5,205,775,55
TXO,202609,20260916.0,29000.0,Call,-,-,-,-,15620.0,-,-,0,0,0,2,15500,-,4570,4570
TXO,202609,20260916.0,29000.0,Put,90,90,90,90,86.0,▼-43,▼-32.33%,0,1,1,20,9,209,1920,53
TXO,202609,20260916.0,29200.0,Call,-,-,-,-,15430.0,-,-,0,0,0,4,15300,-,6310,1310
TXO,202609,20260916.0,29200.0,Put,-,-,-,-,89.0,-,-,0,0,0,15,13,-,1320,100
TXO,202609,20260916.0,29400.0,Call,-,-,-,-,15230.0,-,-,0,0,0,1,15100,-,6990,1290
TXO,202609,20260916.0,29400.0,Put,-,-,-,-,92.0,-,-,0,0,0,9,17,-,2010,70
TXO,202609,20260916.0,29600.0,Call,-,-,-,-,15040.0,-,-,0,0,0,2,14910,-,5690,1370
TXO,202609,20260916.0,29600.0,Put,-,-,-,-,96.0,-,-,0,0,0,14,21.5,-,1780,70
TXO,202609,20260916.0,29800.0,Call,-,-,-,-,14840.0,-,-,0,0,0,4,14720,-,16240,1210
TXO,202609,20260916.0,29800.0,Put,100,100,100,100,100.0,▼-54,▼-35.06%,1,2,3,22,26.5,-,2400,84
TXO,202609,20260916.0,30000.0,Call,-,-,-,-,14650.0,-,-,0,0,0,24,14500,-,14350,1210
TXO,202609,20260916.0,30000.0,Put,116,116,116,116,107.0,▼-40,▼-25.64%,1,6,7,268,103,116,2400,12.5
TXO,202609,20260916.0,30200.0,Call,-,-,-,-,14450.0,-,-,0,0,0,4,14330,-,10020,1320
TXO,202609,20260916.0,30200.0,Put,-,-,-,-,109.0,-,-,0,0,0,12,6.7,239,2050,84
TXO,202609,20260916.0,30400.0,Call,-,-,-,-,14250.0,-,-,0,0,0,0,14100,14290,5390,1430
TXO,202609,20260916.0,30400.0,Put,-,-,-,-,110.0,-,-,0,0,0,21,9.8,243,2030,1.1
TXO,202609,20260916.0,30600.0,Call,-,-,-,-,14060.0,-,-,0,0,0,6,13910,-,5520,1000
TXO,202609,20260916.0,30600.0,Put,-,-,-,-,115.0,-,-,0,0,0,9,2,-,2090,90
TXO,202609,20260916.0,30800.0,Call,-,-,-,-,13860.0,-,-,0,0,0,7,13740,-,10110,940
TXO,202609,20260916.0,30800.0,Put,-,-,-,-,119.0,-,-,0,0,0,21,17,255,2200,100
TXO,202609,20260916.0,31000.0,Call,-,-,-,-,13670.0,-,-,0,0,0,1,13520,13740,15990,1300
TXO,202609,20260916.0,31000.0,Put,-,-,-,-,125.0,-,-,0,0,0,19,26,-,2410,81
TXO,202609,20260916.0,31200.0,Call,-,-,-,-,13470.0,-,-,0,0,0,0,13340,-,5680,2350
TXO,202609,20260916.0,31200.0,Put,-,-,-,-,129.0,-,-,0,0,0,17,30.5,-,4320,100
TXO,202609,20260916.0,31400.0,Call,-,-,-,-,13280.0,-,-,0,0,0,1,13160,-,14330,1430
TXO,202609,20260916.0,31400.0,Put,-,-,-,-,134.0,-,-,0,0,0,12,2.3,-,2750,125
TXO,202609,20260916.0,31600.0,Call,-,-,-,-,13090.0,-,-,0,0,0,0,12950,-,3970,2920
TXO,202609,20260916.0,31600.0,Put,-,-,-,-,141.0,-,-,2,0,2,15,2.5,-,2510,97
TXO,202609,20260916.0,31800.0,Call,-,-,-,-,12890.0,-,-,0,0,0,1,12770,-,14100,1370
TXO,202609,20260916.0,31800.0,Put,158,158,158,158,145.0,▼-81,▼-33.89%,0,1,1,39,51,-,2990,107
TXO,202609,20260916.0,32000.0,Call,-,-,-,-,12700.0,-,-,0,0,0,21,12580,12750,16670,1310
TXO,202609,20260916.0,32000.0,Put,179,179,179,179,151.0,▼-77,▼-30.08%,0,1,1,24,136,-,2700,104
TXO,202609,20260916.0,32200.0,Call,-,-,-,-,12510.0,-,-,0,0,0,19,12390,-,13750,1380
TXO,202609,20260916.0,32200.0,Put,-,-,-,-,158.0,-,-,0,0,0,12,69,-,2670,145
TXO,202609,20260916.0,32400.0,Call,-,-,-,-,12310.0,-,-,0,0,0,0,12170,-,4680,1440
TXO,202609,20260916.0,32400.0,Put,197,197,197,197,165.0,▼-82,▼-29.39%,0,1,1,20,78,319,2300,108
TXO,202609,20260916.0,32600.0,Call,-,-,-,-,12120.0,-,-,0,0,0,0,11990,-,9580,1680
TXO,202609,20260916.0,32600.0,Put,-,-,-,-,172.0,-,-,0,0,0,31,89,-,2900,113
TXO,202609,20260916.0,32800.0,Call,-,-,-,-,11930.0,-,-,0,0,0,2,11800,12010,8380,1420
TXO,202609,20260916.0,32800.0,Put,-,-,-,-,179.0,-,-,0,0,0,37,100,-,3280,144
TXO,202609,20260916.0,33000.0,Call,-,-,-,-,11740.0,-,-,0,0,0,35,-,11820,12330,399
TXO,202609,20260916.0,33000.0,Put,205,205,195,195,186.0,▼-110,▼-36.07%,0,2,2,79,102,215,3000,113
TXO,202609,20260916.0,33200.0,Call,-,-,-,-,11540.0,-,-,0,0,0,4,11420,11620,11640,344
TXO,202609,20260916.0,33200.0,Put,239,239,209,209,192.0,▼-124,▼-37.24%,0,2,2,5,170,199,2730,165
TXO,202609,20260916.0,33400.0,Call,-,-,-,-,11350.0,-,-,0,0,0,2,11240,-,12040,1470
TXO,202609,20260916.0,33400.0,Put,215,215,215,215,202.0,▼-120,▼-35.82%,0,1,1,6,99,-,2780,145
TXO,202609,20260916.0,33600.0,Call,-,-,-,-,11170.0,-,-,0,0,0,1,-,11250,13690,372
TXO,202609,20260916.0,33600.0,Put,-,-,-,-,214.0,-,-,0,0,0,19,115,-,3860,151
TXO,202609,20260916.0,33800.0,Call,-,-,-,-,10980.0,-,-,0,0,0,1,10850,11060,7340,328
TXO,202609,20260916.0,33800.0,Put,-,-,-,-,222.0,-,-,0,0,0,19,125,-,3000,160
TXO,202609,20260916.0,34000.0,Call,-,-,-,-,10780.0,-,-,0,0,0,115,10690,-,12980,325
TXO,202609,20260916.0,34000.0,Put,250,250,250,250,230.0,▼-150,▼-37.50%,0,2,2,63,154,348,3990,144
TXO,202609,20260916.0,34200.0,Call,-,-,-,-,10600.0,-,-,0,0,0,1,10470,-,9340,299
TXO,202609,20260916.0,34200.0,Put,-,-,-,-,243.0,-,-,0,0,0,8,156,-,1130,257
TXO,202609,20260916.0,34400.0,Call,-,-,-,-,10410.0,-,-,0,0,0,0,10290,-,6600,305
TXO,202609,20260916.0,34400.0,Put,-,-,-,-,256.0,-,-,0,0,0,10,170,-,3660,218
TXO,202609,20260916.0,34600.0,Call,-,-,-,-,10220.0,-,-,0,0,0,3,-,10310,11000,306
TXO,202609,20260916.0,34600.0,Put,333,333,320,320,266.0,▼-141,▼-30.59%,0,2,2,4,161,-,4530,201
TXO,202609,20260916.0,34800.0,Call,-,-,-,-,10040.0,-,-,0,0,0,3,9920,-,3130,370
TXO,202609,20260916.0,34800.0,Put,350,350,350,350,279.0,▼-115,▼-24.73%,0,1,1,8,175,386,3320,200
TXO,202609,20260916.0,35000.0,Call,-,-,-,-,9850.0,-,-,0,0,0,6,-,9940,14340,510
TXO,202609,20260916.0,35000.0,Put,380,380,300,300,300.0,▼-210,▼-41.18%,1,15,16,68,218,-,3320,176
TXO,202609,20260916.0,35200.0,Call,-,-,-,-,9660.0,-,-,0,0,0,1,9540,9760,8530,850
TXO,202609,20260916.0,35200.0,Put,319,319,319,319,304.0,▼-216,▼-40.37%,0,1,1,43,216,444,1150,239
TXO,202609,20260916.0,35400.0,Call,-,-,-,-,9480.0,-,-,0,0,0,0,-,9510,8330,373
TXO,202609,20260916.0,35400.0,Put,-,-,-,-,318.0,-,-,0,0,0,3,228,450,3430,227
TXO,202609,20260916.0,35600.0,Call,-,-,-,-,9290.0,-,-,0,0,0,0,9170,-,7680,1220
TXO,202609,20260916.0,35600.0,Put,450,450,450,450,333.0,▼-125,▼-21.74%,0,1,1,10,233,-,4020,238
TXO,202609,20260916.0,35800.0,Call,-,-,-,-,9110.0,-,-,0,0,0,3,8990,9210,5820,450
TXO,202609,20260916.0,35800.0,Put,-,-,-,-,350.0,-,-,0,0,0,12,249,-,2000,304
TXO,202609,20260916.0,36000.0,Call,-,-,-,-,8930.0,-,-,0,0,0,41,8810,9000,11770,595
TXO,202609,20260916.0,36000.0,Put,418,418,385,385,371.0,▼-235,▼-37.90%,2,4,6,119,255,371,4200,232
TXO,202609,20260916.0,36100.0,Call,-,-,-,-,8840.0,-,-,0,0,0,0,8720,-,-,-
TXO,202609,20260916.0,36100.0,Put,-,-,-,-,383.0,-,-,0,0,0,0,276,-,-,-
TXO,202609,20260916.0,36200.0,Call,-,-,-,-,8750.0,-,-,0,0,0,0,8630,-,8750,282
TXO,202609,20260916.0,36200.0,Put,-,-,-,-,385.0,-,-,0,0,0,2,285,-,1400,333
TXO,202609,20260916.0,36300.0,Call,-,-,-,-,8660.0,-,-,0,0,0,0,8590,-,-,-
TXO,202609,20260916.0,36300.0,Put,-,-,-,-,396.0,-,-,0,0,0,0,294,-,-,-
TXO,202609,20260916.0,36400.0,Call,-,-,-,-,8570.0,-,-,0,0,0,0,8450,-,7540,499
TXO,202609,20260916.0,36400.0,Put,-,-,-,-,407.0,-,-,0,0,0,4,304,-,4830,560
TXO,202609,20260916.0,36500.0,Call,-,-,-,-,8480.0,-,-,0,0,0,0,8360,-,-,-
TXO,202609,20260916.0,36500.0,Put,-,-,-,-,418.0,-,-,0,0,0,0,314,-,-,-
TXO,202609,20260916.0,36600.0,Call,-,-,-,-,8380.0,-,-,0,0,0,0,8270,-,7400,480
TXO,202609,20260916.0,36600.0,Put,-,-,-,-,422.0,-,-,0,0,0,1,324,-,1860,580
TXO,202609,20260916.0,36700.0,Call,-,-,-,-,8290.0,-,-,0,0,0,0,8180,-,-,-
TXO,202609,20260916.0,36700.0,Put,-,-,-,-,432.0,-,-,0,0,0,0,333,-,-,-
TXO,202609,20260916.0,36800.0,Call,-,-,-,-,8210.0,-,-,0,0,0,19,8100,-,2830,310
TXO,202609,20260916.0,36800.0,Put,-,-,-,-,444.0,-,-,0,0,0,22,400,-,4910,328
TXO,202609,20260916.0,36900.0,Call,-,-,-,-,8120.0,-,-,0,0,0,0,8010,-,-,-
TXO,202609,20260916.0,36900.0,Put,-,-,-,-,453.0,-,-,0,0,0,0,356,-,-,-
TXO,202609,20260916.0,37000.0,Call,7690,7690,7690,7690,8030.0,▲+1020,▲+15.29%,0,2,2,29,7920,8100,9270,540
TXO,202609,20260916.0,37000.0,Put,550,550,488,488,465.0,▼-307,▼-38.62%,0,7,7,71,368,-,2520,300
TXO,202609,20260916.0,37100.0,Call,-,-,-,-,7940.0,-,-,0,0,0,0,7830,-,-,-
TXO,202609,20260916.0,37100.0,Put,-,-,-,-,474.0,-,-,0,0,0,0,378,-,-,-
TXO,202609,20260916.0,37200.0,Call,-,-,-,-,7850.0,-,-,0,0,0,5,7750,-,10420,375
TXO,202609,20260916.0,37200.0,Put,560,560,560,560,487.0,▼-270,▼-32.53%,0,1,1,83,390,550,2390,450
TXO,202609,20260916.0,37300.0,Call,-,-,-,-,7760.0,-,-,0,0,0,0,7660,-,-,-
TXO,202609,20260916.0,37300.0,Put,-,-,-,-,497.0,-,-,0,0,0,0,401,-,-,-
TXO,202609,20260916.0,37400.0,Call,-,-,-,-,7680.0,-,-,0,0,0,1,7570,-,1370,456
TXO,202609,20260916.0,37400.0,Put,-,-,-,-,515.0,-,-,0,0,0,5,415,-,2530,482
TXO,202609,20260916.0,37500.0,Call,-,-,-,-,7590.0,-,-,0,0,0,0,7480,-,-,-
TXO,202609,20260916.0,37500.0,Put,530,530,530,530,530.0,▼-355,▼-40.11%,0,1,1,1,427,635,530,530
TXO,202609,20260916.0,37600.0,Call,-,-,-,-,7510.0,-,-,0,0,0,1,7390,7580,5920,430
TXO,202609,20260916.0,37600.0,Put,-,-,-,-,540.0,-,-,0,0,0,12,440,2500,2660,413
TXO,202609,20260916.0,37700.0,Call,-,-,-,-,7420.0,-,-,0,0,0,0,7340,-,-,-
TXO,202609,20260916.0,37700.0,Put,-,-,-,-,555.0,-,-,0,0,0,0,453,-,-,-
TXO,202609,20260916.0,37800.0,Call,-,-,-,-,7330.0,-,-,0,0,0,2,7220,-,3680,390
TXO,202609,20260916.0,37800.0,Put,-,-,-,-,565.0,-,-,0,0,0,5,465,-,1110,364
TXO,202609,20260916.0,37900.0,Call,-,-,-,-,7250.0,-,-,0,0,0,0,7180,-,-,-
TXO,202609,20260916.0,37900.0,Put,-,-,-,-,585.0,-,-,0,0,0,1,479,675,575,575
TXO,202609,20260916.0,38000.0,Call,-,-,-,-,7160.0,-,-,0,0,0,3,7050,-,9000,350
TXO,202609,20260916.0,38000.0,Put,730,750,585,585,595.0,▼-400,▼-40.61%,1,15,16,36,488,730,6640,431
TXO,202609,20260916.0,38100.0,Call,-,-,-,-,7060.0,-,-,0,0,0,0,6960,-,-,-
TXO,202609,20260916.0,38100.0,Put,-,-,-,-,600.0,-,-,0,0,0,3,505,760,630,390
TXO,202609,20260916.0,38200.0,Call,-,-,-,-,6980.0,-,-,0,0,0,0,6880,-,1030,370
TXO,202609,20260916.0,38200.0,Put,-,-,-,-,615.0,-,-,0,0,0,0,520,-,2770,550
TXO,202609,20260916.0,38300.0,Call,-,-,-,-,6900.0,-,-,0,0,0,0,6790,-,-,-
TXO,202609,20260916.0,38300.0,Put,-,-,-,-,630.0,-,-,0,0,0,3,535,775,1000,400
TXO,202609,20260916.0,38400.0,Call,-,-,-,-,6820.0,-,-,0,0,0,1,6710,-,4030,340
TXO,202609,20260916.0,38400.0,Put,700,700,700,700,650.0,▼-370,▼-34.58%,0,1,1,2,630,775,2080,496
TXO,202609,20260916.0,38500.0,Call,-,-,-,-,6730.0,-,-,0,0,0,0,6620,-,-,-
TXO,202609,20260916.0,38500.0,Put,-,-,-,-,660.0,-,-,0,0,0,17,570,790,800,500
TXO,202609,20260916.0,38600.0,Call,-,-,-,-,6650.0,-,-,0,0,0,0,6540,-,4750,371
TXO,202609,20260916.0,38600.0,Put,-,-,-,-,680.0,-,-,0,0,0,4,585,830,2850,500
TXO,202609,20260916.0,38700.0,Call,-,-,-,-,6570.0,-,-,0,0,0,0,6460,-,-,-
TXO,202609,20260916.0,38700.0,Put,775,775,775,775,700.0,▼-365,▼-32.02%,0,1,1,1,600,-,775,500
TXO,202609,20260916.0,38800.0,Call,-,-,-,-,6490.0,-,-,0,0,0,20,6400,-,10410,270
TXO,202609,20260916.0,38800.0,Put,715,715,715,715,715.0,▼-445,▼-38.36%,0,5,5,6,615,-,2100,500
TXO,202609,20260916.0,38900.0,Call,-,-,-,-,6390.0,-,-,0,0,0,0,6290,-,-,-
TXO,202609,20260916.0,38900.0,Put,-,-,-,-,725.0,-,-,0,0,0,2,635,880,710,500
TXO,202609,20260916.0,39000.0,Call,-,-,-,-,6310.0,-,-,0,0,0,50,6230,6400,8810,273
TXO,202609,20260916.0,39000.0,Put,870,870,870,870,745.0,▼-340,▼-28.10%,0,1,1,90,650,890,2820,485
TXO,202609,20260916.0,39100.0,Call,-,-,-,-,6230.0,-,-,0,0,0,0,6120,-,-,-
TXO,202609,20260916.0,39100.0,Put,-,-,-,-,760.0,-,-,0,0,0,2,680,-,990,560
TXO,202609,20260916.0,39200.0,Call,-,-,-,-,6150.0,-,-,0,0,0,2,6040,6210,6340,249
TXO,202609,20260916.0,39200.0,Put,780,780,780,780,780.0,▼-480,▼-38.10%,0,5,5,5,665,840,2750,620
TXO,202609,20260916.0,39300.0,Call,-,-,-,-,6060.0,-,-,0,0,0,0,5960,-,-,-
TXO,202609,20260916.0,39300.0,Put,810,810,795,795,795.0,▼-495,▼-38.37%,0,2,2,1,685,-,810,690
TXO,202609,20260916.0,39400.0,Call,-,-,-,-,5980.0,-,-,0,0,0,7,5880,-,8270,223
TXO,202609,20260916.0,39400.0,Put,-,-,-,-,810.0,-,-,0,0,0,3,725,-,2390,790
TXO,202609,20260916.0,39500.0,Call,-,-,-,-,5900.0,-,-,0,0,0,0,5800,-,-,-
TXO,202609,20260916.0,39500.0,Put,845,845,845,845,845.0,▼-495,▼-36.94%,0,1,1,1,-,-,1300,580
TXO,202609,20260916.0,39600.0,Call,-,-,-,-,5820.0,-,-,0,0,0,2,5720,-,5910,394
TXO,202609,20260916.0,39600.0,Put,865,865,865,865,865.0,▼-505,▼-36.86%,0,1,1,3,-,1010,2870,630
TXO,202609,20260916.0,39700.0,Call,-,-,-,-,5740.0,-,-,0,0,0,0,5660,-,-,-
TXO,202609,20260916.0,39700.0,Put,1000,1000,1000,1000,870.0,▼-400,▼-28.57%,0,1,1,1,-,-,1000,640
TXO,202609,20260916.0,39800.0,Call,-,-,-,-,5660.0,-,-,0,0,0,0,5580,-,6170,417
TXO,202609,20260916.0,39800.0,Put,-,-,-,-,885.0,-,-,0,0,0,3,805,-,2020,660
TXO,202609,20260916.0,39900.0,Call,-,-,-,-,5580.0,-,-,0,0,0,0,5500,-,-,-
TXO,202609,20260916.0,39900.0,Put,930,930,930,930,905.0,▼-520,▼-35.86%,0,1,1,11,-,1070,1300,635
TXO,202609,20260916.0,40000.0,Call,4910,4910,4910,4910,5500.0,▲+540,▲+12.36%,0,1,1,67,5400,5580,8030,380
TXO,202609,20260916.0,40000.0,Put,1070,1070,960,960,925.0,▼-520,▼-35.14%,0,7,7,109,915,1090,3040,600
TXO,202609,20260916.0,40100.0,Call,-,-,-,-,5420.0,-,-,0,0,0,0,5320,5450,-,-
TXO,202609,20260916.0,40100.0,Put,-,-,-,-,945.0,-,-,0,0,0,26,870,-,990,705
TXO,202609,20260916.0,40200.0,Call,-,-,-,-,5340.0,-,-,0,0,0,4,-,5370,7670,250
TXO,202609,20260916.0,40200.0,Put,995,995,995,995,965.0,▼-545,▼-35.39%,0,1,1,10,-,1060,1520,725
TXO,202609,20260916.0,40300.0,Call,-,-,-,-,5260.0,-,-,0,0,0,0,5160,-,-,-
TXO,202609,20260916.0,40300.0,Put,-,-,-,-,990.0,-,-,0,0,0,13,915,-,1560,700
TXO,202609,20260916.0,40400.0,Call,-,-,-,-,5190.0,-,-,0,0,0,8,5110,-,4590,388
TXO,202609,20260916.0,40400.0,Put,-,-,-,-,1020.0,-,-,0,0,0,4,935,-,3260,750
TXO,202609,20260916.0,40500.0,Call,-,-,-,-,5120.0,-,-,0,0,0,0,5050,-,-,-
TXO,202609,20260916.0,40500.0,Put,1100,1100,1060,1060,1060.0,▼-580,▼-35.37%,0,2,2,60,-,1130,1730,740
TXO,202609,20260916.0,40600.0,Call,-,-,-,-,5040.0,-,-,0,0,0,3,4930,-,4400,345
TXO,202609,20260916.0,40600.0,Put,-,-,-,-,1070.0,-,-,0,0,0,10,940,-,4360,785
TXO,202609,20260916.0,40700.0,Call,-,-,-,-,4960.0,-,-,0,0,0,0,4860,-,-,-
TXO,202609,20260916.0,40700.0,Put,-,-,-,-,1080.0,-,-,0,0,0,3,970,-,825,810
TXO,202609,20260916.0,40800.0,Call,-,-,-,-,4890.0,-,-,0,0,0,4,4780,-,6870,530
TXO,202609,20260916.0,40800.0,Put,1130,1130,1130,1130,1130.0,▼-610,▼-35.06%,0,1,1,30,-,1240,4480,835
TXO,202609,20260916.0,40900.0,Call,-,-,-,-,4810.0,-,-,0,0,0,0,4730,-,-,-
TXO,202609,20260916.0,40900.0,Put,1160,1160,1160,1160,1140.0,▼-610,▼-34.46%,0,1,1,20,-,1230,1820,795
TXO,202609,20260916.0,41000.0,Call,-,-,-,-,4730.0,-,-,0,0,0,5,-,4760,7580,320
TXO,202609,20260916.0,41000.0,Put,1180,1180,1180,1180,1150.0,▼-640,▼-35.16%,2,1,3,40,900,1310,4640,820
TXO,202609,20260916.0,41100.0,Call,-,-,-,-,4660.0,-,-,0,0,0,0,4560,-,-,-
TXO,202609,20260916.0,41100.0,Put,-,-,-,-,1180.0,-,-,0,0,0,1,-,1290,1190,1190
TXO,202609,20260916.0,41200.0,Call,-,-,-,-,4590.0,-,-,0,0,0,0,4480,-,3540,2240
TXO,202609,20260916.0,41200.0,Put,-,-,-,-,1210.0,-,-,0,0,0,30,-,1290,7750,1200
TXO,202609,20260916.0,41300.0,Call,-,-,-,-,4510.0,-,-,0,0,0,0,4410,-,-,-
TXO,202609,20260916.0,41300.0,Put,1260,1260,1260,1260,1230.0,▼-650,▼-34.03%,0,1,1,1,1140,-,1260,1260
TXO,202609,20260916.0,41400.0,Call,-,-,-,-,4440.0,-,-,0,0,0,0,4390,-,5680,3000
TXO,202609,20260916.0,41400.0,Put,-,-,-,-,1260.0,-,-,0,0,0,2,1150,-,3480,1410
TXO,202609,20260916.0,41500.0,Call,-,-,-,-,4370.0,-,-,0,0,0,0,4270,-,-,-
TXO,202609,20260916.0,41500.0,Put,-,-,-,-,1290.0,-,-,0,0,0,6,1180,-,1260,980
TXO,202609,20260916.0,41600.0,Call,4190,4200,4190,4200,4290.0,▲+890,▲+26.89%,0,2,2,2,4200,4320,4200,2070
TXO,202609,20260916.0,41600.0,Put,-,-,-,-,1310.0,-,-,0,0,0,20,-,1430,3420,1290
TXO,202609,20260916.0,41700.0,Call,4120,4130,4120,4130,4220.0,▲+890,▲+27.47%,0,2,2,2,4150,-,4130,4120
TXO,202609,20260916.0,41700.0,Put,-,-,-,-,1340.0,-,-,0,0,0,0,-,-,1330,970
TXO,202609,20260916.0,41800.0,Call,4050,4060,4050,4060,4150.0,▲+880,▲+27.67%,0,2,2,2,4080,-,4060,264
TXO,202609,20260916.0,41800.0,Put,-,-,-,-,1370.0,-,-,0,0,0,1,-,1460,6470,1000
TXO,202609,20260916.0,41900.0,Call,3980,3990,3980,3990,4080.0,▲+870,▲+27.88%,0,2,2,2,4010,-,3990,3980
TXO,202609,20260916.0,41900.0,Put,-,-,-,-,1400.0,-,-,0,0,0,17,1300,-,2110,960
TXO,202609,20260916.0,42000.0,Call,-,-,-,-,4010.0,-,-,0,0,0,106,3970,-,6680,161
TXO,202609,20260916.0,42000.0,Put,1500,1520,1500,1520,1430.0,▼-650,▼-29.95%,0,3,3,173,1,1590,7310,1000
TXO,202609,20260916.0,42100.0,Call,3840,3840,3840,3840,3940.0,▲+840,▲+28.00%,0,1,1,1,3870,3970,3840,3840
TXO,202609,20260916.0,42100.0,Put,1520,1520,1520,1520,1460.0,▼-690,▼-31.22%,0,1,1,11,1370,-,2200,1010
TXO,202609,20260916.0,42200.0,Call,-,-,-,-,3870.0,-,-,0,0,0,2,3810,-,3620,269
TXO,202609,20260916.0,42200.0,Put,1630,1630,1630,1630,1500.0,▼-620,▼-27.56%,0,1,1,8,1390,-,2410,1050
TXO,202609,20260916.0,42300.0,Call,-,-,-,-,3810.0,-,-,0,0,0,0,3740,-,-,-
TXO,202609,20260916.0,42300.0,Put,-,-,-,-,1530.0,-,-,0,0,0,5,1420,-,1200,1200
TXO,202609,20260916.0,42400.0,Call,3640,3640,3640,3640,3730.0,▲+810,▲+28.62%,0,1,1,1,3670,-,3640,1180
TXO,202609,20260916.0,42400.0,Put,-,-,-,-,1550.0,-,-,0,0,0,9,1460,-,3470,1160
TXO,202609,20260916.0,42500.0,Call,-,-,-,-,3660.0,-,-,0,0,0,0,3600,3700,-,-
TXO,202609,20260916.0,42500.0,Put,-,-,-,-,1580.0,-,-,0,0,0,6,1500,-,2580,1510
TXO,202609,20260916.0,42600.0,Call,-,-,-,-,3590.0,-,-,0,0,0,7,3540,3680,6330,101
TXO,202609,20260916.0,42600.0,Put,-,-,-,-,1610.0,-,-,0,0,0,4,1530,-,8970,1880
TXO,202609,20260916.0,42700.0,Call,-,-,-,-,3530.0,-,-,0,0,0,0,3470,-,-,-
TXO,202609,20260916.0,42700.0,Put,-,-,-,-,1650.0,-,-,0,0,0,8,1570,-,2400,1250
TXO,202609,20260916.0,42800.0,Call,-,-,-,-,3470.0,-,-,0,0,0,200,3410,-,7760,800
TXO,202609,20260916.0,42800.0,Put,-,-,-,-,1690.0,-,-,0,0,0,204,1600,-,4270,1290
TXO,202609,20260916.0,42900.0,Call,3310,3310,3310,3310,3410.0,▲+750,▲+29.30%,0,1,1,1,3340,-,3310,2800
TXO,202609,20260916.0,42900.0,Put,-,-,-,-,1730.0,-,-,0,0,0,7,1640,-,2530,1310
TXO,202609,20260916.0,43000.0,Call,-,-,-,-,3350.0,-,-,5,0,5,22,3290,-,7050,580
TXO,202609,20260916.0,43000.0,Put,1870,1870,1870,1870,1760.0,▼-740,▼-28.35%,0,1,1,32,1660,-,4540,1240
TXO,202609,20260916.0,43100.0,Call,-,-,-,-,3280.0,-,-,0,0,0,0,3220,-,-,-
TXO,202609,20260916.0,43100.0,Put,-,-,-,-,1800.0,-,-,0,0,0,1,-,1920,1230,1230
TXO,202609,20260916.0,43200.0,Call,-,-,-,-,3220.0,-,-,0,0,0,3,3150,-,5810,790
TXO,202609,20260916.0,43200.0,Put,2120,2120,1900,1900,1840.0,▼-790,▼-29.37%,0,2,2,9,1750,2000,3670,1610
TXO,202609,20260916.0,43300.0,Call,-,-,-,-,3160.0,-,-,0,0,0,9,3100,3230,5360,2360
TXO,202609,20260916.0,43300.0,Put,-,-,-,-,1880.0,-,-,0,0,0,1,1790,-,1830,1830
TXO,202609,20260916.0,43400.0,Call,-,-,-,-,3100.0,-,-,0,0,0,2,3030,3170,4900,750
TXO,202609,20260916.0,43400.0,Put,-,-,-,-,1910.0,-,-,0,0,0,2,1820,-,3460,1930
TXO,202609,20260916.0,43500.0,Call,-,-,-,-,3030.0,-,-,0,0,0,0,2970,-,-,-
TXO,202609,20260916.0,43500.0,Put,-,-,-,-,1940.0,-,-,0,0,0,1,1850,-,1930,1500
TXO,202609,20260916.0,43600.0,Call,-,-,-,-,2970.0,-,-,0,0,0,3,2910,-,6660,545
TXO,202609,20260916.0,43600.0,Put,2210,2210,2050,2050,1980.0,▼-820,▼-28.57%,0,2,2,2,1900,-,3450,1670
TXO,202609,20260916.0,43700.0,Call,-,-,-,-,2910.0,-,-,0,0,0,0,2850,-,-,-
TXO,202609,20260916.0,43700.0,Put,-,-,-,-,2020.0,-,-,0,0,0,10,1940,-,2350,1770
TXO,202609,20260916.0,43800.0,Call,-,-,-,-,2850.0,-,-,0,0,0,1,2790,-,5000,2090
TXO,202609,20260916.0,43800.0,Put,-,-,-,-,2070.0,-,-,0,0,0,6,1980,-,3250,1800
TXO,202609,20260916.0,43900.0,Call,2690,2730,2690,2730,2790.0,▲+710,▲+35.15%,0,25,25,23,2730,-,2730,2690
TXO,202609,20260916.0,43900.0,Put,-,-,-,-,2110.0,-,-,0,0,0,1,2010,-,2230,1570
TXO,202609,20260916.0,44000.0,Call,2350,2680,2350,2670,2730.0,▲+690,▲+34.85%,8,20,28,13,2670,-,6080,331
TXO,202609,20260916.0,44000.0,Put,-,-,-,-,2150.0,-,-,0,0,0,4,2060,-,4100,1450
TXO,202609,20260916.0,44100.0,Call,-,-,-,-,2680.0,-,-,0,0,0,2,-,2770,2030,2030
TXO,202609,20260916.0,44100.0,Put,-,-,-,-,2190.0,-,-,0,0,0,0,-,-,2160,1570
TXO,202609,20260916.0,44200.0,Call,2300,2300,2300,2300,2620.0,▲+420,▲+22.34%,0,4,4,4,-,-,4830,2000
TXO,202609,20260916.0,44200.0,Put,-,-,-,-,2230.0,-,-,0,0,0,2,2130,-,5100,2300
TXO,202609,20260916.0,44300.0,Call,-,-,-,-,2560.0,-,-,0,0,0,0,-,-,2350,2100
TXO,202609,20260916.0,44300.0,Put,-,-,-,-,2270.0,-,-,0,0,0,10,2190,-,1980,1980
TXO,202609,20260916.0,44400.0,Call,-,-,-,-,2510.0,-,-,0,0,0,0,-,-,4130,2140
TXO,202609,20260916.0,44400.0,Put,-,-,-,-,2320.0,-,-,0,0,0,1,2230,-,2610,1660
TXO,202609,20260916.0,44500.0,Call,-,-,-,-,2450.0,-,-,0,0,0,1,2350,-,5080,1790
TXO,202609,20260916.0,44500.0,Put,-,-,-,-,2370.0,-,-,0,0,0,11,2260,-,2240,1880
TXO,202609,20260916.0,44600.0,Call,-,-,-,-,2380.0,-,-,0,0,0,5,-,2470,4550,337
TXO,202609,20260916.0,44600.0,Put,-,-,-,-,2390.0,-,-,0,0,0,0,-,-,5580,2760
TXO,202609,20260916.0,44700.0,Call,-,-,-,-,2330.0,-,-,0,0,0,15,-,2420,1900,1760
TXO,202609,20260916.0,44700.0,Put,-,-,-,-,2440.0,-,-,0,0,0,0,-,-,-,-
TXO,202609,20260916.0,44800.0,Call,-,-,-,-,2280.0,-,-,0,0,0,1,-,-,4950,600
TXO,202609,20260916.0,44800.0,Put,-,-,-,-,2490.0,-,-,0,0,0,1,2400,-,3580,1860
TXO,202609,20260916.0,44900.0,Call,-,-,-,-,2220.0,-,-,0,0,0,0,-,-,-,-
TXO,202609,20260916.0,44900.0,Put,-,-,-,-,2540.0,-,-,0,0,0,0,-,-,-,-
TXO,202609,20260916.0,45000.0,Call,1830,2110,1830,2110,2160.0,▲+590,▲+38.82%,2,5,7,29,-,2280,5750,550
TXO,202609,20260916.0,45000.0,Put,-,-,-,-,2580.0,-,-,0,0,0,12,-,2720,5530,1900
TXO,202609,20260916.0,45100.0,Call,-,-,-,-,2120.0,-,-,0,0,0,2,1970,-,2430,1560
TXO,202609,20260916.0,45100.0,Put,-,-,-,-,2630.0,-,-,0,0,0,0,2590,2680,-,-
TXO,202609,20260916.0,45200.0,Call,-,-,-,-,2060.0,-,-,0,0,0,3,1920,-,6110,550
TXO,202609,20260916.0,45200.0,Put,-,-,-,-,2680.0,-,-,0,0,0,0,2380,2730,-,-
TXO,202609,20260916.0,45300.0,Call,-,-,-,-,2010.0,-,-,0,0,0,0,-,-,1630,1610
TXO,202609,20260916.0,45300.0,Put,-,-,-,-,2720.0,-,-,0,0,0,0,-,2780,-,-
TXO,202609,20260916.0,45400.0,Call,-,-,-,-,1960.0,-,-,0,0,0,0,-,-,3530,700
TXO,202609,20260916.0,45400.0,Put,-,-,-,-,2770.0,-,-,0,0,0,1,-,2820,2760,2210
TXO,202609,20260916.0,45500.0,Call,-,-,-,-,1910.0,-,-,0,0,0,1,1830,-,2480,1340
TXO,202609,20260916.0,45500.0,Put,-,-,-,-,2820.0,-,-,0,0,0,2,2740,2880,3750,2300
TXO,202609,20260916.0,45600.0,Call,1870,1870,1870,1870,1870.0,▲+590,▲+46.09%,0,1,1,2,1710,-,5400,630
TXO,202609,20260916.0,45600.0,Put,-,-,-,-,2880.0,-,-,0,0,0,1,2840,2930,3300,3300
TXO,202609,20260916.0,45700.0,Call,-,-,-,-,1820.0,-,-,0,0,0,2,1670,-,4250,1410
TXO,202609,20260916.0,45700.0,Put,-,-,-,-,2930.0,-,-,0,0,0,0,-,2970,-,-
TXO,202609,20260916.0,45800.0,Call,-,-,-,-,1770.0,-,-,0,0,0,13,1630,-,3830,1340
TXO,202609,20260916.0,45800.0,Put,-,-,-,-,2980.0,-,-,0,0,0,3,-,3030,4150,2250
TXO,202609,20260916.0,45900.0,Call,-,-,-,-,1720.0,-,-,0,0,0,2,1580,-,1710,1580
TXO,202609,20260916.0,45900.0,Put,-,-,-,-,3030.0,-,-,0,0,0,1,2950,3090,3410,3410
TXO,202609,20260916.0,46000.0,Call,1440,1620,1440,1620,1680.0,▲+480,▲+42.11%,6,3,9,32,1540,-,5040,880
TXO,202609,20260916.0,46000.0,Put,-,-,-,-,3090.0,-,-,0,0,0,4,-,3130,5600,2350
TXO,202609,20260916.0,46100.0,Call,-,-,-,-,1640.0,-,-,0,0,0,2,1480,-,3120,1280
TXO,202609,20260916.0,46100.0,Put,-,-,-,-,3150.0,-,-,0,0,0,0,-,3190,3760,3430
TXO,202609,20260916.0,46200.0,Call,1520,1610,1500,1610,1610.0,▲+530,▲+49.07%,59,15,74,40,1500,-,5360,1190
TXO,202609,20260916.0,46200.0,Put,-,-,-,-,3210.0,-,-,0,0,0,3,3120,-,5010,2530
TXO,202609,20260916.0,46300.0,Call,-,-,-,-,1560.0,-,-,0,0,0,1,1410,-,1300,1300
TXO,202609,20260916.0,46300.0,Put,-,-,-,-,3270.0,-,-,0,0,0,0,3220,3310,-,-
TXO,202609,20260916.0,46400.0,Call,-,-,-,-,1520.0,-,-,1,0,1,3,1370,-,4700,1150
TXO,202609,20260916.0,46400.0,Put,-,-,-,-,3330.0,-,-,0,0,0,0,-,3360,4360,3480
TXO,202609,20260916.0,46500.0,Call,-,-,-,-,1480.0,-,-,0,0,0,22,2.1,1550,3900,1620
TXO,202609,20260916.0,46500.0,Put,-,-,-,-,3390.0,-,-,0,0,0,37,3270,3420,3460,3020
TXO,202609,20260916.0,46600.0,Call,-,-,-,-,1440.0,-,-,0,0,0,6,1280,-,3760,780
TXO,202609,20260916.0,46600.0,Put,-,-,-,-,3450.0,-,-,0,0,0,1,3390,3470,6230,6230
TXO,202609,20260916.0,46700.0,Call,-,-,-,-,1380.0,-,-,0,0,0,4,2.1,1490,5130,885
TXO,202609,20260916.0,46700.0,Put,-,-,-,-,3490.0,-,-,0,0,0,0,3450,3530,-,-
TXO,202609,20260916.0,46800.0,Call,-,-,-,-,1340.0,-,-,0,0,0,2,2.1,1460,3180,700
TXO,202609,20260916.0,46800.0,Put,-,-,-,-,3550.0,-,-,0,0,0,2,3470,3590,7400,2980
TXO,202609,20260916.0,46900.0,Call,-,-,-,-,1310.0,-,-,0,0,0,0,2.1,-,3630,1330
TXO,202609,20260916.0,46900.0,Put,-,-,-,-,3620.0,-,-,0,0,0,0,3570,3660,3700,3490
TXO,202609,20260916.0,47000.0,Call,-,-,-,-,1270.0,-,-,1,0,1,47,2.1,1350,5010,820
TXO,202609,20260916.0,47000.0,Put,-,-,-,-,3680.0,-,-,0,0,0,41,3630,3720,6520,2830
TXO,202609,20260916.0,47100.0,Call,-,-,-,-,1230.0,-,-,0,0,0,1,2.1,1340,3480,800
TXO,202609,20260916.0,47100.0,Put,-,-,-,-,3740.0,-,-,0,0,0,0,-,3780,-,-
TXO,202609,20260916.0,47200.0,Call,960,960,960,960,1190.0,▲+195,▲+25.49%,0,1,1,3,2.1,1290,3600,950
TXO,202609,20260916.0,47200.0,Put,-,-,-,-,3800.0,-,-,0,0,0,4,3700,3840,6660,3720
TXO,202609,20260916.0,47300.0,Call,-,-,-,-,1160.0,-,-,0,0,0,1,2.1,-,3600,3520
TXO,202609,20260916.0,47300.0,Put,-,-,-,-,3860.0,-,-,0,0,0,0,-,3900,-,-
TXO,202609,20260916.0,47400.0,Call,1000,1000,1000,1000,1120.0,▲+275,▲+37.93%,30,1,31,2,2.1,1200,4760,805
TXO,202609,20260916.0,47400.0,Put,-,-,-,-,3920.0,-,-,0,0,0,1,3840,3970,6660,6660
TXO,202609,20260916.0,47500.0,Call,855,1070,840,1070,1070.0,▲+380,▲+55.07%,2,83,85,84,2.1,1170,2240,785
TXO,202609,20260916.0,47500.0,Put,-,-,-,-,3990.0,-,-,0,0,0,0,-,4030,-,-
TXO,202609,20260916.0,47600.0,Call,-,-,-,-,1060.0,-,-,0,0,0,3,2.1,1150,2000,600
TXO,202609,20260916.0,47600.0,Put,-,-,-,-,4060.0,-,-,0,0,0,1,3960,4100,6960,6960
TXO,202609,20260916.0,47700.0,Call,-,-,-,-,1010.0,-,-,0,0,0,4,910,-,1730,630
TXO,202609,20260916.0,47700.0,Put,-,-,-,-,4110.0,-,-,0,0,0,0,-,4160,-,-
TXO,202609,20260916.0,47800.0,Call,-,-,-,-,980.0,-,-,0,0,0,1,2.1,-,2000,700
TXO,202609,20260916.0,47800.0,Put,-,-,-,-,4180.0,-,-,0,0,0,1,4100,4230,6790,6790
TXO,202609,20260916.0,47900.0,Call,-,-,-,-,945.0,-,-,0,0,0,2,2.1,1060,630,630
TXO,202609,20260916.0,47900.0,Put,-,-,-,-,4250.0,-,-,0,0,0,0,-,4330,-,-
TXO,202609,20260916.0,48000.0,Call,630,820,630,820,915.0,▲+255,▲+45.13%,3,9,12,17,2.1,1040,3130,500
TXO,202609,20260916.0,48000.0,Put,-,-,-,-,4320.0,-,-,0,0,0,5,4220,4400,7110,2880
TXO,202609,20260916.0,48100.0,Call,-,-,-,-,890.0,-,-,0,0,0,0,2.1,-,2800,2780
TXO,202609,20260916.0,48100.0,Put,-,-,-,-,4390.0,-,-,0,0,0,0,-,4470,4850,3390
TXO,202609,20260916.0,48200.0,Call,-,-,-,-,865.0,-,-,0,0,0,1,2.1,955,2850,585
TXO,202609,20260916.0,48200.0,Put,-,-,-,-,4470.0,-,-,0,0,0,3,4360,4540,7310,7180
TXO,202609,20260916.0,48300.0,Call,-,-,-,-,840.0,-,-,0,0,0,1,705,-,645,645
TXO,202609,20260916.0,48300.0,Put,-,-,-,-,4540.0,-,-,0,0,0,0,-,4610,-,-
TXO,202609,20260916.0,48400.0,Call,-,-,-,-,815.0,-,-,0,0,0,0,695,-,1980,815
TXO,202609,20260916.0,48400.0,Put,-,-,-,-,4620.0,-,-,0,0,0,7,4560,4680,7590,7240
TXO,202609,20260916.0,48500.0,Call,595,710,595,710,785.0,▲+241,▲+51.39%,0,7,7,9,625,860,990,525
TXO,202609,20260916.0,48500.0,Put,-,-,-,-,4690.0,-,-,0,0,0,0,-,4720,-,-
TXO,202609,20260916.0,48600.0,Call,-,-,-,-,755.0,-,-,0,0,0,1,610,-,490,490
TXO,202609,20260916.0,48600.0,Put,-,-,-,-,4760.0,-,-,0,0,0,6,4650,4820,7740,7480
TXO,202609,20260916.0,48700.0,Call,-,-,-,-,725.0,-,-,0,0,0,3,600,805,1770,445
TXO,202609,20260916.0,48700.0,Put,-,-,-,-,4830.0,-,-,0,0,0,0,-,4900,-,-
TXO,202609,20260916.0,48800.0,Call,-,-,-,-,700.0,-,-,0,0,0,1,575,790,2200,1050
TXO,202609,20260916.0,48800.0,Put,-,-,-,-,4900.0,-,-,0,0,0,2,4790,-,4910,4900
TXO,202609,20260916.0,48900.0,Call,-,-,-,-,680.0,-,-,0,0,0,2,545,770,3930,496
TXO,202609,20260916.0,48900.0,Put,-,-,-,-,4980.0,-,-,0,0,0,0,-,-,-,-
TXO,202609,20260916.0,49000.0,Call,402,630,402,630,655.0,▲+246,▲+64.06%,0,5,5,20,505,-,3880,402
TXO,202609,20260916.0,49000.0,Put,-,-,-,-,5060.0,-,-,0,0,0,4,4950,-,6150,3460
TXO,202609,20260916.0,49100.0,Call,-,-,-,-,630.0,-,-,0,0,0,2,479,-,3500,455
TXO,202609,20260916.0,49100.0,Put,-,-,-,-,5130.0,-,-,0,0,0,1,5010,5200,4510,4510
TXO,202609,20260916.0,49200.0,Call,-,-,-,-,605.0,-,-,0,0,0,1,456,-,2080,444
TXO,202609,20260916.0,49200.0,Put,-,-,-,-,5200.0,-,-,0,0,0,3,5090,5280,5160,3750
TXO,202609,20260916.0,49300.0,Call,-,-,-,-,580.0,-,-,0,0,0,2,440,-,1560,424
TXO,202609,20260916.0,49300.0,Put,-,-,-,-,5280.0,-,-,0,0,0,0,-,-,-,-
TXO,202609,20260916.0,49400.0,Call,405,405,405,405,560.0,▲+87,▲+27.36%,0,8,8,13,426,665,2710,360
TXO,202609,20260916.0,49400.0,Put,-,-,-,-,5360.0,-,-,0,0,0,0,-,-,-,-
TXO,202609,20260916.0,49500.0,Call,486,486,486,486,540.0,▲+181,▲+59.34%,0,1,1,17,410,620,1060,350
TXO,202609,20260916.0,49500.0,Put,-,-,-,-,5440.0,-,-,0,0,0,1,5320,5510,4780,4780
TXO,202609,20260916.0,49600.0,Call,-,-,-,-,520.0,-,-,0,0,0,11,373,615,1160,1010
TXO,202609,20260916.0,49600.0,Put,-,-,-,-,5520.0,-,-,0,0,0,1,5400,-,4850,4850
TXO,202609,20260916.0,49700.0,Call,-,-,-,-,505.0,-,-,0,0,0,3,383,580,428,392
TXO,202609,20260916.0,49700.0,Put,-,-,-,-,5600.0,-,-,0,0,0,3,5480,5670,4920,4920
TXO,202609,20260916.0,49800.0,Call,-,-,-,-,486.0,-,-,0,0,0,25,371,-,1760,675
TXO,202609,20260916.0,49800.0,Put,-,-,-,-,5680.0,-,-,0,0,0,0,-,-,-,-
TXO,202609,20260916.0,49900.0,Call,318,318,315,315,468.0,▲+59,▲+23.05%,0,2,2,7,352,-,2050,300
TXO,202609,20260916.0,49900.0,Put,-,-,-,-,5770.0,-,-,0,0,0,0,-,5830,-,-
TXO,202609,20260916.0,50000.0,Call,288,454,277,454,454.0,▲+209,▲+85.31%,0,24,24,87,272,-,3370,277
TXO,202609,20260916.0,50000.0,Put,-,-,-,-,5850.0,-,-,0,0,0,0,-,5880,-,-
TXO,202609,20260916.0,50100.0,Call,300,328,300,328,424.0,▲+94,▲+40.17%,0,2,2,8,327,-,3360,300
TXO,202609,20260916.0,50100.0,Put,-,-,-,-,5920.0,-,-,0,0,0,0,-,-,-,-
TXO,202609,20260916.0,50200.0,Call,300,300,300,300,403.0,▲+73,▲+32.16%,0,1,1,6,237,515,1800,227
TXO,202609,20260916.0,50200.0,Put,-,-,-,-,6000.0,-,-,0,0,0,0,-,6080,-,-
TXO,202609,20260916.0,50300.0,Call,300,300,300,300,388.0,▲+88,▲+41.51%,0,1,1,21,226,463,1200,270
TXO,202609,20260916.0,50300.0,Put,-,-,-,-,6080.0,-,-,0,0,0,0,-,6160,-,-
TXO,202609,20260916.0,50400.0,Call,300,300,300,300,374.0,▲+97,▲+47.78%,0,1,1,62,214,-,3140,274
TXO,202609,20260916.0,50400.0,Put,-,-,-,-,6170.0,-,-,0,0,0,0,-,6250,7650,5430
TXO,202609,20260916.0,50500.0,Call,300,332,300,332,361.0,▲+139,▲+72.02%,1,2,3,8,213,445,1080,228
TXO,202609,20260916.0,50500.0,Put,-,-,-,-,6260.0,-,-,0,0,0,0,-,6330,-,-
TXO,202609,20260916.0,50600.0,Call,300,300,300,300,345.0,▲+116,▲+63.04%,0,1,1,11,195,-,1760,222
TXO,202609,20260916.0,50600.0,Put,-,-,-,-,6340.0,-,-,0,0,0,0,-,6420,-,-
TXO,202609,20260916.0,50700.0,Call,300,300,300,300,330.0,▲+123,▲+69.49%,0,1,1,4,185,427,1490,239
TXO,202609,20260916.0,50700.0,Put,-,-,-,-,6430.0,-,-,0,0,0,0,-,6500,-,-
TXO,202609,20260916.0,50800.0,Call,230,300,230,300,317.0,▲+130,▲+76.47%,0,2,2,9,179,413,2580,230
TXO,202609,20260916.0,50800.0,Put,-,-,-,-,6510.0,-,-,0,0,0,0,-,6590,-,-
TXO,202609,20260916.0,50900.0,Call,300,300,300,300,300.0,▲+136,▲+82.93%,0,1,1,5,168,410,1050,300
TXO,202609,20260916.0,50900.0,Put,-,-,-,-,6600.0,-,-,0,0,0,0,-,6680,-,-
TXO,202609,20260916.0,51000.0,Call,180,234,180,234,293.0,▲+76,▲+48.10%,1,11,12,24,158,299,2360,179
TXO,202609,20260916.0,51000.0,Put,-,-,-,-,6690.0,-,-,0,0,0,0,-,6760,-,-
TXO,202609,20260916.0,51100.0,Call,-,-,-,-,282.0,-,-,0,0,0,0,155,300,1820,465
TXO,202609,20260916.0,51100.0,Put,-,-,-,-,6780.0,-,-,0,0,0,0,-,6850,-,-
TXO,202609,20260916.0,51200.0,Call,-,-,-,-,270.0,-,-,1,0,1,10,144,300,2430,180
TXO,202609,20260916.0,51200.0,Put,-,-,-,-,6860.0,-,-,0,0,0,0,-,6940,-,-
TXO,202609,20260916.0,51300.0,Call,174,200,169,200,259.0,▲+64,▲+47.06%,0,3,3,7,83,300,840,169
TXO,202609,20260916.0,51300.0,Put,-,-,-,-,6950.0,-,-,0,0,0,0,-,7030,-,-
TXO,202609,20260916.0,51400.0,Call,-,-,-,-,247.0,-,-,0,0,0,0,132,-,1830,160
TXO,202609,20260916.0,51400.0,Put,-,-,-,-,7040.0,-,-,0,0,0,0,-,7120,-,-
TXO,202609,20260916.0,51500.0,Call,148,223,148,223,238.0,▲+98,▲+78.40%,23,29,52,11,60,329,920,118
TXO,202609,20260916.0,51500.0,Put,-,-,-,-,7130.0,-,-,0,0,0,0,-,-,-,-
TXO,202609,20260916.0,51600.0,Call,-,-,-,-,229.0,-,-,0,0,0,19,118,319,810,145
TXO,202609,20260916.0,51600.0,Put,-,-,-,-,7220.0,-,-,0,0,0,0,-,7300,-,-
TXO,202609,20260916.0,51700.0,Call,-,-,-,-,221.0,-,-,0,0,0,5,113,314,550,107
TXO,202609,20260916.0,51700.0,Put,-,-,-,-,7310.0,-,-,0,0,0,0,-,7390,-,-
TXO,202609,20260916.0,51800.0,Call,-,-,-,-,213.0,-,-,0,0,0,21,106,307,1850,102
TXO,202609,20260916.0,51800.0,Put,-,-,-,-,7400.0,-,-,0,0,0,0,-,7480,-,-
TXO,202609,20260916.0,51900.0,Call,-,-,-,-,205.0,-,-,0,0,0,2,102,302,590,109
TXO,202609,20260916.0,51900.0,Put,-,-,-,-,7500.0,-,-,0,0,0,0,-,-,-,-
TXO,202609,20260916.0,52000.0,Call,130,199,111,178,194.0,▲+77,▲+76.24%,20,81,101,51,56,194,2210,109
TXO,202609,20260916.0,52000.0,Put,-,-,-,-,7590.0,-,-,0,0,0,0,-,7660,-,-
TXO,202609,20260916.0,52100.0,Call,-,-,-,-,190.0,-,-,0,0,0,1,14,285,590,117
TXO,202609,20260916.0,52100.0,Put,-,-,-,-,7680.0,-,-,0,0,0,0,-,7760,-,-
TXO,202609,20260916.0,52200.0,Call,102,183,100,176,176.0,▲+84,▲+91.30%,0,70,70,17,173,-,2340,100
TXO,202609,20260916.0,52200.0,Put,-,-,-,-,7770.0,-,-,0,0,0,0,-,8030,-,-
TXO,202609,20260916.0,52300.0,Call,95,174,95,174,174.0,▲+86,▲+97.73%,0,9,9,11,12.5,243,1880,95
TXO,202609,20260916.0,52300.0,Put,-,-,-,-,7860.0,-,-,0,0,0,0,7800,7940,-,-
TXO,202609,20260916.0,52400.0,Call,132,170,132,166,166.0,▲+81,▲+95.29%,0,23,23,4,64,252,1880,93
TXO,202609,20260916.0,52400.0,Put,-,-,-,-,7950.0,-,-,0,0,0,0,-,-,-,-
TXO,202609,20260916.0,52500.0,Call,135,153,135,153,153.0,▲+75,▲+96.15%,1,38,39,35,47.5,242,550,102
TXO,202609,20260916.0,52500.0,Put,-,-,-,-,8040.0,-,-,0,0,0,0,-,-,-,-
TXO,202609,20260916.0,52600.0,Call,-,-,-,-,149.0,-,-,0,0,0,13,20,-,1390,200
TXO,202609,20260916.0,52600.0,Put,-,-,-,-,8140.0,-,-,0,0,0,0,-,8220,-,-
TXO,202609,20260916.0,52700.0,Call,-,-,-,-,143.0,-,-,0,0,0,2,10,230,1890,93
TXO,202609,20260916.0,52700.0,Put,-,-,-,-,8230.0,-,-,0,0,0,0,-,8310,-,-
TXO,202609,20260916.0,52800.0,Call,-,-,-,-,137.0,-,-,0,0,0,1,20,-,1930,100
TXO,202609,20260916.0,52800.0,Put,-,-,-,-,8330.0,-,-,0,0,0,0,-,8400,-,-
TXO,202609,20260916.0,52900.0,Call,79,79,79,79,132.0,▲+9,▲+12.86%,0,8,8,9,8.9,219,580,79
TXO,202609,20260916.0,52900.0,Put,-,-,-,-,8420.0,-,-,0,0,0,0,-,8510,-,-
TXO,202609,20260916.0,53000.0,Call,81,128,81,128,128.0,▲+60,▲+88.24%,0,35,35,79,8.7,217,1240,67
TXO,202609,20260916.0,53000.0,Put,-,-,-,-,8520.0,-,-,0,0,0,0,-,8600,-,-
TXO,202609,20260916.0,53100.0,Call,66,123,66,122,122.0,▲+58,▲+90.63%,0,13,13,7,17,217,580,66
TXO,202609,20260916.0,53100.0,Put,-,-,-,-,8610.0,-,-,0,0,0,0,-,8690,-,-
TXO,202609,20260916.0,53200.0,Call,-,-,-,-,116.0,-,-,0,0,0,4,20,201,1500,145
TXO,202609,20260916.0,53200.0,Put,-,-,-,-,8700.0,-,-,0,0,0,0,-,8780,-,-
TXO,202609,20260916.0,53300.0,Call,61,61,61,61,112.0,▲+1,▲+1.67%,0,3,3,3,7.3,203,580,61
TXO,202609,20260916.0,53300.0,Put,-,-,-,-,8800.0,-,-,0,0,0,0,-,8890,-,-
TXO,202609,20260916.0,53400.0,Call,65,65,59,59,106.0,▲+1,▲+1.72%,0,8,8,8,20,202,1000,59
TXO,202609,20260916.0,53400.0,Put,-,-,-,-,8890.0,-,-,0,0,0,0,-,8980,-,-
TXO,202609,20260916.0,53500.0,Call,-,-,-,-,101.0,-,-,0,0,0,1,6.5,-,600,600
TXO,202609,20260916.0,53500.0,Put,-,-,-,-,8990.0,-,-,0,0,0,0,-,9070,-,-
TXO,202609,20260916.0,53600.0,Call,60,60,54,59,97.0,▲+5,▲+9.26%,0,18,18,15,20,199,1340,54
TXO,202609,20260916.0,53600.0,Put,-,-,-,-,9080.0,-,-,0,0,0,0,-,-,-,-
TXO,202609,20260916.0,53700.0,Call,69,69,69,69,93.0,▲+17,▲+32.69%,0,8,8,18,20,-,550,69
TXO,202609,20260916.0,53700.0,Put,-,-,-,-,9180.0,-,-,0,0,0,0,-,-,-,-
TXO,202609,20260916.0,53800.0,Call,67,67,67,67,90.0,▲+17,▲+34.00%,0,5,5,5,86,-,1240,67
TXO,202609,20260916.0,53800.0,Put,-,-,-,-,9280.0,-,-,0,0,0,0,-,-,-,-
TXO,202609,20260916.0,53900.0,Call,82,82,82,82,87.0,▲+34,▲+70.83%,0,10,10,10,20,185,99,82
TXO,202609,20260916.0,53900.0,Put,-,-,-,-,9370.0,-,-,0,0,0,0,-,9460,-,-
TXO,202609,20260916.0,54000.0,Call,83,83,76,77,83.0,▲+31,▲+67.39%,0,15,15,32,20,-,1400,50
TXO,202609,20260916.0,54000.0,Put,-,-,-,-,9470.0,-,-,0,0,0,0,-,-,-,-
TXO,202609,20260916.0,54100.0,Call,83,83,72,72,80.0,▲+26.5,▲+58.24%,0,21,21,16,20,173,83,72
TXO,202609,20260916.0,54100.0,Put,-,-,-,-,9570.0,-,-,0,0,0,0,-,9650,-,-
TXO,202609,20260916.0,54200.0,Call,-,-,-,-,78.0,-,-,0,0,0,0,30,-,250,50
TXO,202609,20260916.0,54200.0,Put,-,-,-,-,9660.0,-,-,0,0,0,0,-,9740,-,-
TXO,202609,20260916.0,54300.0,Call,77,77,77,77,77.0,▲+34.5,▲+81.18%,0,3,3,3,20,-,195,77
TXO,202609,20260916.0,54300.0,Put,-,-,-,-,9760.0,-,-,0,0,0,0,-,-,-,-
TXO,202609,20260916.0,54400.0,Call,74,74,71,72,72.0,▲+31,▲+75.61%,0,24,24,24,20,166,1040,71
TXO,202609,20260916.0,54400.0,Put,-,-,-,-,9860.0,-,-,0,0,0,0,-,-,-,-
TXO,202609,20260916.0,54500.0,Call,66,66,60,60,69.0,▲+20,▲+50.00%,0,40,40,62,40,147,300,45.5
TXO,202609,20260916.0,54500.0,Put,-,-,-,-,9950.0,-,-,0,0,0,0,-,10030,-,-
TXO,202609,20260916.0,54600.0,Call,66,66,65,65,65.0,▲+26,▲+66.67%,0,24,24,74,20,145,1680,65
TXO,202609,20260916.0,54600.0,Put,-,-,-,-,10050.0,-,-,0,0,0,0,-,10130,-,-
TXO,202609,20260916.0,54700.0,Call,-,-,-,-,64.0,-,-,0,0,0,10,4.9,-,382,382
TXO,202609,20260916.0,54700.0,Put,-,-,-,-,10150.0,-,-,0,0,0,0,-,-,-,-
TXO,202609,20260916.0,54800.0,Call,-,-,-,-,62.0,-,-,0,0,0,14,35,-,370,52
TXO,202609,20260916.0,54800.0,Put,-,-,-,-,10240.0,-,-,0,0,0,0,-,-,-,-
TXO,202609,20260916.0,54900.0,Call,-,-,-,-,60.0,-,-,0,0,0,0,4.9,-,205,205
TXO,202609,20260916.0,54900.0,Put,-,-,-,-,10340.0,-,-,0,0,0,0,-,10420,-,-
TXO,202609,20260916.0,55000.0,Call,38.5,62,38.5,61,57.0,▲+27,▲+79.41%,18,25,43,154,35,90,1240,34
TXO,202609,20260916.0,55000.0,Put,-,-,-,-,10440.0,-,-,0,0,0,0,10370,-,-,-
TXO,202609,20260916.0,55200.0,Call,-,-,-,-,55.0,-,-,0,0,0,3,5,138,350,59
TXO,202609,20260916.0,55200.0,Put,-,-,-,-,10640.0,-,-,0,0,0,0,-,10720,-,-
TXO,202609,20260916.0,55400.0,Call,32.5,32.5,32.5,32.5,52.0,▲+1.5,▲+4.84%,0,1,1,29,5,136,800,32.5
TXO,202609,20260916.0,55400.0,Put,11140,11140,10980,10980,10830.0,▼-1510,▼-12.09%,0,2,2,181,-,10920,12000,9200
TXO,202609,20260916.0,55600.0,Call,36.5,36.5,36.5,36.5,50.0,▲+7.5,▲+25.86%,0,1,1,9,2.4,134,1400,36.5
TXO,202609,20260916.0,55600.0,Put,-,-,-,-,11030.0,-,-,0,0,0,0,-,11140,-,-
TXO,202609,20260916.0,55800.0,Call,34,48,32,48,48.0,▲+20,▲+71.43%,0,17,17,84,37,68,1350,28
TXO,202609,20260916.0,55800.0,Put,-,-,-,-,11230.0,-,-,0,0,0,0,-,11340,-,-
TXO,202610,20261021.0,36000.0,Call,-,-,-,-,9500.0,-,-,0,0,0,0,9390,-,-,-
TXO,202610,20261021.0,36000.0,Put,690,690,670,670,615.0,▼-225,▼-25.14%,0,2,2,1,510,675,690,670
TXO,202610,20261021.0,36100.0,Call,-,-,-,-,9410.0,-,-,0,0,0,0,9300,9480,-,-
TXO,202610,20261021.0,36100.0,Put,-,-,-,-,625.0,-,-,0,0,0,0,530,-,-,-
TXO,202610,20261021.0,36200.0,Call,-,-,-,-,9330.0,-,-,0,0,0,0,9220,-,-,-
TXO,202610,20261021.0,36200.0,Put,640,645,640,645,645.0,▼-285,▼-30.65%,2,2,4,2,560,-,915,640
TXO,202610,20261021.0,36300.0,Call,-,-,-,-,9240.0,-,-,0,0,0,0,9140,-,-,-
TXO,202610,20261021.0,36300.0,Put,-,-,-,-,650.0,-,-,0,0,0,1,560,790,915,915
TXO,202610,20261021.0,36400.0,Call,-,-,-,-,9160.0,-,-,0,0,0,0,9050,-,-,-
TXO,202610,20261021.0,36400.0,Put,-,-,-,-,665.0,-,-,0,0,0,0,570,-,-,-
TXO,202610,20261021.0,36500.0,Call,-,-,-,-,9070.0,-,-,0,0,0,0,8970,-,-,-
TXO,202610,20261021.0,36500.0,Put,-,-,-,-,675.0,-,-,0,0,0,0,585,-,-,-
TXO,202610,20261021.0,36600.0,Call,-,-,-,-,8980.0,-,-,0,0,0,0,8870,-,-,-
TXO,202610,20261021.0,36600.0,Put,-,-,-,-,690.0,-,-,2,0,2,0,600,-,900,900
TXO,202610,20261021.0,36700.0,Call,-,-,-,-,8900.0,-,-,0,0,0,0,8800,-,-,-
TXO,202610,20261021.0,36700.0,Put,710,710,710,710,710.0,▼-330,▼-31.73%,0,1,1,1,615,-,710,710
TXO,202610,20261021.0,36800.0,Call,-,-,-,-,8810.0,-,-,0,0,0,0,8710,-,-,-
TXO,202610,20261021.0,36800.0,Put,-,-,-,-,715.0,-,-,0,0,0,0,630,-,-,-
TXO,202610,20261021.0,36900.0,Call,-,-,-,-,8730.0,-,-,0,0,0,0,8650,-,-,-
TXO,202610,20261021.0,36900.0,Put,740,740,740,740,740.0,▼-330,▼-30.84%,0,1,1,1,645,-,740,740
TXO,202610,20261021.0,37000.0,Call,-,-,-,-,8640.0,-,-,0,0,0,0,8600,-,-,-
TXO,202610,20261021.0,37000.0,Put,-,-,-,-,745.0,-,-,0,0,0,0,655,-,-,-
TXO,202610,20261021.0,37100.0,Call,-,-,-,-,8560.0,-,-,0,0,0,0,8480,-,-,-
TXO,202610,20261021.0,37100.0,Put,-,-,-,-,765.0,-,-,0,0,0,0,690,-,-,-
TXO,202610,20261021.0,37200.0,Call,-,-,-,-,8470.0,-,-,0,0,0,0,8370,-,-,-
TXO,202610,20261021.0,37200.0,Put,-,-,-,-,780.0,-,-,0,0,0,0,695,-,-,-
TXO,202610,20261021.0,37300.0,Call,-,-,-,-,8390.0,-,-,0,0,0,0,8280,-,-,-
TXO,202610,20261021.0,37300.0,Put,-,-,-,-,795.0,-,-,0,0,0,0,690,-,-,-
TXO,202610,20261021.0,37400.0,Call,-,-,-,-,8310.0,-,-,0,0,0,0,8230,-,-,-
TXO,202610,20261021.0,37400.0,Put,815,815,815,815,815.0,▼-365,▼-30.93%,0,1,1,1,735,-,815,815
TXO,202610,20261021.0,37500.0,Call,-,-,-,-,8230.0,-,-,0,0,0,0,8180,-,-,-
TXO,202610,20261021.0,37500.0,Put,-,-,-,-,830.0,-,-,0,0,0,0,2.1,-,-,-
TXO,202610,20261021.0,37600.0,Call,-,-,-,-,8140.0,-,-,0,0,0,0,8040,8200,-,-
TXO,202610,20261021.0,37600.0,Put,-,-,-,-,840.0,-,-,0,0,0,0,-,-,-,-
TXO,202610,20261021.0,37700.0,Call,-,-,-,-,8050.0,-,-,0,0,0,0,8010,-,-,-
TXO,202610,20261021.0,37700.0,Put,-,-,-,-,855.0,-,-,0,0,0,0,-,-,-,-
TXO,202610,20261021.0,37800.0,Call,-,-,-,-,7970.0,-,-,0,0,0,0,7870,-,-,-
TXO,202610,20261021.0,37800.0,Put,885,885,885,885,885.0,▼-385,▼-30.31%,0,1,1,1,800,-,885,885
TXO,202610,20261021.0,37900.0,Call,-,-,-,-,7890.0,-,-,0,0,0,0,7820,-,-,-
TXO,202610,20261021.0,37900.0,Put,900,900,900,900,900.0,▼-390,▼-30.23%,0,1,1,1,775,-,900,900
TXO,202610,20261021.0,38000.0,Call,-,-,-,-,7810.0,-,-,0,0,0,0,7700,-,-,-
TXO,202610,20261021.0,38000.0,Put,980,980,980,980,905.0,▼-330,▼-25.19%,0,1,1,1,795,-,980,980
TXO,202610,20261021.0,38100.0,Call,-,-,-,-,7730.0,-,-,0,0,0,0,7650,-,-,-
TXO,202610,20261021.0,38100.0,Put,-,-,-,-,925.0,-,-,0,0,0,0,-,-,-,-
TXO,202610,20261021.0,38200.0,Call,-,-,-,-,7640.0,-,-,0,0,0,0,7540,-,-,-
TXO,202610,20261021.0,38200.0,Put,-,-,-,-,945.0,-,-,0,0,0,0,-,-,-,-
TXO,202610,20261021.0,38300.0,Call,-,-,-,-,7560.0,-,-,0,0,0,0,7460,-,-,-
TXO,202610,20261021.0,38300.0,Put,-,-,-,-,960.0,-,-,0,0,0,0,-,-,-,-
TXO,202610,20261021.0,38400.0,Call,-,-,-,-,7480.0,-,-,0,0,0,0,7370,-,-,-
TXO,202610,20261021.0,38400.0,Put,-,-,-,-,980.0,-,-,0,0,0,0,-,-,-,-
TXO,202610,20261021.0,38500.0,Call,-,-,-,-,7400.0,-,-,0,0,0,0,7320,-,-,-
TXO,202610,20261021.0,38500.0,Put,-,-,-,-,1000.0,-,-,0,0,0,0,-,-,-,-
TXO,202610,20261021.0,38600.0,Call,-,-,-,-,7320.0,-,-,0,0,0,0,7220,7380,-,-
TXO,202610,20261021.0,38600.0,Put,-,-,-,-,1020.0,-,-,0,0,0,0,-,-,-,-
TXO,202610,20261021.0,38700.0,Call,-,-,-,-,7250.0,-,-,0,0,0,0,7140,-,-,-
TXO,202610,20261021.0,38700.0,Put,-,-,-,-,1040.0,-,-,3,0,3,18,990,1140,1630,835
TXO,202610,20261021.0,38800.0,Call,-,-,-,-,7170.0,-,-,0,0,0,0,7050,7220,-,-
TXO,202610,20261021.0,38800.0,Put,-,-,-,-,1060.0,-,-,0,0,0,0,-,-,-,-
TXO,202610,20261021.0,38900.0,Call,-,-,-,-,7090.0,-,-,0,0,0,0,7000,-,-,-
TXO,202610,20261021.0,38900.0,Put,-,-,-,-,1080.0,-,-,0,0,0,0,-,-,-,-
TXO,202610,20261021.0,39000.0,Call,-,-,-,-,7010.0,-,-,0,0,0,0,6900,-,-,-
TXO,202610,20261021.0,39000.0,Put,1190,1190,1190,1190,1100.0,▼-380,▼-24.20%,0,1,1,2,1020,-,1710,1050
TXO,202610,20261021.0,39100.0,Call,-,-,-,-,6930.0,-,-,0,0,0,0,6820,-,-,-
TXO,202610,20261021.0,39100.0,Put,-,-,-,-,1120.0,-,-,0,0,0,0,-,-,-,-
TXO,202610,20261021.0,39200.0,Call,-,-,-,-,6850.0,-,-,0,0,0,0,6740,-,-,-
TXO,202610,20261021.0,39200.0,Put,-,-,-,-,1150.0,-,-,0,0,0,0,-,-,-,-
TXO,202610,20261021.0,39300.0,Call,-,-,-,-,6780.0,-,-,0,0,0,0,6690,-,-,-
TXO,202610,20261021.0,39300.0,Put,-,-,-,-,1170.0,-,-,0,0,0,0,-,-,-,-
TXO,202610,20261021.0,39400.0,Call,-,-,-,-,6700.0,-,-,0,0,0,0,6590,-,-,-
TXO,202610,20261021.0,39400.0,Put,-,-,-,-,1190.0,-,-,0,0,0,0,-,-,-,-
TXO,202610,20261021.0,39500.0,Call,-,-,-,-,6620.0,-,-,0,0,0,0,6500,-,-,-
TXO,202610,20261021.0,39500.0,Put,-,-,-,-,1210.0,-,-,0,0,0,0,-,-,-,-
TXO,202610,20261021.0,39600.0,Call,-,-,-,-,6540.0,-,-,0,0,0,0,6430,-,-,-
TXO,202610,20261021.0,39600.0,Put,1250,1250,1250,1250,1250.0,▼-490,▼-28.16%,0,1,1,1,1120,-,1250,1250
TXO,202610,20261021.0,39700.0,Call,-,-,-,-,6470.0,-,-,0,0,0,0,6390,-,-,-
TXO,202610,20261021.0,39700.0,Put,-,-,-,-,1260.0,-,-,0,0,0,0,-,-,-,-
TXO,202610,20261021.0,39800.0,Call,-,-,-,-,6390.0,-,-,0,0,0,0,6280,-,-,-
TXO,202610,20261021.0,39800.0,Put,-,-,-,-,1280.0,-,-,0,0,0,0,-,-,-,-
TXO,202610,20261021.0,39900.0,Call,-,-,-,-,6310.0,-,-,0,0,0,0,6200,-,-,-
TXO,202610,20261021.0,39900.0,Put,-,-,-,-,1300.0,-,-,0,0,0,0,-,-,-,-
TXO,202610,20261021.0,40000.0,Call,-,-,-,-,6240.0,-,-,0,0,0,0,6120,-,-,-
TXO,202610,20261021.0,40000.0,Put,1450,1450,1450,1450,1330.0,▼-390,▼-21.20%,1,1,2,3,1230,-,2060,1260
TXO,202610,20261021.0,40100.0,Call,-,-,-,-,6160.0,-,-,0,0,0,0,6090,-,-,-
TXO,202610,20261021.0,40100.0,Put,-,-,-,-,1350.0,-,-,0,0,0,0,1150,-,-,-
TXO,202610,20261021.0,40200.0,Call,-,-,-,-,6090.0,-,-,0,0,0,0,5980,-,-,-
TXO,202610,20261021.0,40200.0,Put,-,-,-,-,1380.0,-,-,0,0,0,0,-,-,-,-
TXO,202610,20261021.0,40300.0,Call,-,-,-,-,6010.0,-,-,0,0,0,0,5900,-,-,-
TXO,202610,20261021.0,40300.0,Put,-,-,-,-,1400.0,-,-,0,0,0,30,-,1490,2000,2000
TXO,202610,20261021.0,40400.0,Call,-,-,-,-,5940.0,-,-,0,0,0,0,5830,-,-,-
TXO,202610,20261021.0,40400.0,Put,-,-,-,-,1430.0,-,-,0,0,0,0,-,-,-,-
TXO,202610,20261021.0,40500.0,Call,-,-,-,-,5860.0,-,-,0,0,0,0,5760,-,-,-
TXO,202610,20261021.0,40500.0,Put,-,-,-,-,1450.0,-,-,0,0,0,0,-,-,-,-
TXO,202610,20261021.0,40600.0,Call,-,-,-,-,5790.0,-,-,0,0,0,0,5680,-,-,-
TXO,202610,20261021.0,40600.0,Put,-,-,-,-,1480.0,-,-,0,0,0,0,-,-,-,-
TXO,202610,20261021.0,40700.0,Call,-,-,-,-,5720.0,-,-,0,0,0,0,5610,-,-,-
TXO,202610,20261021.0,40700.0,Put,-,-,-,-,1510.0,-,-,0,0,0,0,-,-,-,-
TXO,202610,20261021.0,40800.0,Call,-,-,-,-,5640.0,-,-,0,0,0,0,5590,-,-,-
TXO,202610,20261021.0,40800.0,Put,-,-,-,-,1530.0,-,-,0,0,0,3,1420,-,2040,2040
TXO,202610,20261021.0,40900.0,Call,-,-,-,-,5570.0,-,-,0,0,0,0,5520,-,-,-
TXO,202610,20261021.0,40900.0,Put,-,-,-,-,1560.0,-,-,0,0,0,0,-,-,-,-
TXO,202610,20261021.0,41000.0,Call,-,-,-,-,5500.0,-,-,0,0,0,0,5390,-,-,-
TXO,202610,20261021.0,41000.0,Put,1650,1650,1650,1650,1590.0,▼-530,▼-24.31%,0,2,2,2,-,1690,1650,1650
TXO,202610,20261021.0,41100.0,Call,-,-,-,-,5430.0,-,-,0,0,0,0,5320,-,-,-
TXO,202610,20261021.0,41100.0,Put,-,-,-,-,1620.0,-,-,0,0,0,0,-,-,-,-
TXO,202610,20261021.0,41200.0,Call,-,-,-,-,5360.0,-,-,0,0,0,0,5250,5410,-,-
TXO,202610,20261021.0,41200.0,Put,-,-,-,-,1650.0,-,-,0,0,0,30,-,1740,2130,2130
TXO,202610,20261021.0,41300.0,Call,-,-,-,-,5290.0,-,-,0,0,0,0,5220,-,-,-
TXO,202610,20261021.0,41300.0,Put,-,-,-,-,1680.0,-,-,0,0,0,0,-,-,-,-
TXO,202610,20261021.0,41400.0,Call,-,-,-,-,5220.0,-,-,0,0,0,0,5130,-,-,-
TXO,202610,20261021.0,41400.0,Put,-,-,-,-,1710.0,-,-,0,0,0,0,-,-,-,-
TXO,202610,20261021.0,41500.0,Call,-,-,-,-,5150.0,-,-,0,0,0,0,5070,5250,-,-
TXO,202610,20261021.0,41500.0,Put,-,-,-,-,1740.0,-,-,0,0,0,30,-,1830,2280,2200
TXO,202610,20261021.0,41600.0,Call,-,-,-,-,5080.0,-,-,0,0,0,0,5030,5180,-,-
TXO,202610,20261021.0,41600.0,Put,-,-,-,-,1770.0,-,-,0,0,0,15,1670,-,2050,2050
TXO,202610,20261021.0,41700.0,Call,-,-,-,-,5010.0,-,-,0,0,0,0,4920,5110,-,-
TXO,202610,20261021.0,41700.0,Put,-,-,-,-,1800.0,-,-,0,0,0,0,-,-,-,-
TXO,202610,20261021.0,41800.0,Call,-,-,-,-,4950.0,-,-,0,0,0,0,4860,5040,-,-
TXO,202610,20261021.0,41800.0,Put,-,-,-,-,1830.0,-,-,0,0,0,0,-,-,-,-
TXO,202610,20261021.0,41900.0,Call,-,-,-,-,4880.0,-,-,0,0,0,0,4790,4970,-,-
TXO,202610,20261021.0,41900.0,Put,-,-,-,-,1860.0,-,-,0,0,0,0,-,-,-,-
TXO,202610,20261021.0,42000.0,Call,-,-,-,-,4810.0,-,-,0,0,0,0,4750,4900,-,-
TXO,202610,20261021.0,42000.0,Put,1970,1970,1970,1970,1890.0,▼-600,▼-23.35%,0,2,2,2,1800,-,2440,1570
TXO,202610,20261021.0,42100.0,Call,-,-,-,-,4750.0,-,-,0,0,0,0,4660,4840,-,-
TXO,202610,20261021.0,42100.0,Put,-,-,-,-,1930.0,-,-,0,0,0,0,0.3,-,-,-
TXO,202610,20261021.0,42200.0,Call,-,-,-,-,4680.0,-,-,0,0,0,0,4600,4770,-,-
TXO,202610,20261021.0,42200.0,Put,-,-,-,-,1960.0,-,-,0,0,0,0,0.3,-,-,-
TXO,202610,20261021.0,42300.0,Call,-,-,-,-,4610.0,-,-,0,0,0,0,4520,4710,-,-
TXO,202610,20261021.0,42300.0,Put,-,-,-,-,1990.0,-,-,0,0,0,0,0.3,-,-,-
TXO,202610,20261021.0,42400.0,Call,-,-,-,-,4550.0,-,-,0,0,0,0,4460,4650,-,-
TXO,202610,20261021.0,42400.0,Put,-,-,-,-,2030.0,-,-,0,0,0,0,0.3,-,-,-
TXO,202610,20261021.0,42500.0,Call,-,-,-,-,4490.0,-,-,0,0,0,0,4390,-,-,-
TXO,202610,20261021.0,42500.0,Put,-,-,-,-,2070.0,-,-,0,0,0,0,0.3,-,-,-
TXO,202610,20261021.0,42600.0,Call,-,-,-,-,4420.0,-,-,0,0,0,0,4330,4520,-,-
TXO,202610,20261021.0,42600.0,Put,-,-,-,-,2100.0,-,-,0,0,0,0,0.3,-,-,-
TXO,202610,20261021.0,42700.0,Call,-,-,-,-,4360.0,-,-,0,0,0,0,4260,4440,-,-
TXO,202610,20261021.0,42700.0,Put,-,-,-,-,2140.0,-,-,0,0,0,0,0.3,-,-,-
TXO,202610,20261021.0,42800.0,Call,-,-,-,-,4300.0,-,-,0,0,0,0,4210,-,-,-
TXO,202610,20261021.0,42800.0,Put,-,-,-,-,2180.0,-,-,0,0,0,0,0.3,-,-,-
TXO,202610,20261021.0,42900.0,Call,-,-,-,-,4230.0,-,-,0,0,0,0,4140,-,-,-
TXO,202610,20261021.0,42900.0,Put,-,-,-,-,2210.0,-,-,0,0,0,0,0.3,-,-,-
TXO,202610,20261021.0,43000.0,Call,-,-,-,-,4170.0,-,-,0,0,0,0,4070,4250,-,-
TXO,202610,20261021.0,43000.0,Put,-,-,-,-,2250.0,-,-,0,0,0,1,1800,-,2680,2680
TXO,202610,20261021.0,43100.0,Call,-,-,-,-,4110.0,-,-,0,0,0,0,4010,4190,-,-
TXO,202610,20261021.0,43100.0,Put,-,-,-,-,2280.0,-,-,0,0,0,0,0.3,-,-,-
TXO,202610,20261021.0,43200.0,Call,-,-,-,-,4050.0,-,-,0,0,0,0,3950,4140,-,-
TXO,202610,20261021.0,43200.0,Put,-,-,-,-,2320.0,-,-,0,0,0,0,0.3,-,-,-
TXO,202610,20261021.0,43300.0,Call,-,-,-,-,3990.0,-,-,0,0,0,0,3890,4080,-,-
TXO,202610,20261021.0,43300.0,Put,-,-,-,-,2360.0,-,-,0,0,0,0,0.3,-,-,-
TXO,202610,20261021.0,43400.0,Call,-,-,-,-,3930.0,-,-,0,0,0,0,3830,4020,-,-
TXO,202610,20261021.0,43400.0,Put,-,-,-,-,2400.0,-,-,0,0,0,0,0.3,-,-,-
TXO,202610,20261021.0,43500.0,Call,-,-,-,-,3870.0,-,-,0,0,0,0,3770,3950,-,-
TXO,202610,20261021.0,43500.0,Put,-,-,-,-,2440.0,-,-,0,0,0,0,0.3,-,-,-
TXO,202610,20261021.0,43600.0,Call,-,-,-,-,3810.0,-,-,0,0,0,0,3710,3890,-,-
TXO,202610,20261021.0,43600.0,Put,-,-,-,-,2480.0,-,-,0,0,0,0,0.3,-,-,-
TXO,202610,20261021.0,43700.0,Call,-,-,-,-,3750.0,-,-,0,0,0,0,3650,3840,-,-
TXO,202610,20261021.0,43700.0,Put,-,-,-,-,2520.0,-,-,0,0,0,0,0.3,-,-,-
TXO,202610,20261021.0,43800.0,Call,-,-,-,-,3690.0,-,-,0,0,0,0,3620,-,-,-
TXO,202610,20261021.0,43800.0,Put,-,-,-,-,2560.0,-,-,0,0,0,0,0.3,-,-,-
TXO,202610,20261021.0,43900.0,Call,-,-,-,-,3640.0,-,-,0,0,0,0,3530,3670,-,-
TXO,202610,20261021.0,43900.0,Put,-,-,-,-,2610.0,-,-,0,0,0,0,0.3,-,-,-
TXO,202610,20261021.0,44000.0,Call,-,-,-,-,3580.0,-,-,0,0,0,0,3480,3600,-,-
TXO,202610,20261021.0,44000.0,Put,2770,2770,2770,2770,2650.0,▼-690,▼-19.94%,0,1,1,1,2540,-,2770,2770
TXO,202610,20261021.0,44100.0,Call,-,-,-,-,3520.0,-,-,0,0,0,0,3420,-,-,-
TXO,202610,20261021.0,44100.0,Put,-,-,-,-,2690.0,-,-,0,0,0,0,0.3,-,-,-
TXO,202610,20261021.0,44200.0,Call,-,-,-,-,3460.0,-,-,0,0,0,0,3390,3540,-,-
TXO,202610,20261021.0,44200.0,Put,-,-,-,-,2730.0,-,-,0,0,0,0,0.3,-,-,-
TXO,202610,20261021.0,44300.0,Call,-,-,-,-,3400.0,-,-,0,0,0,0,3300,3430,-,-
TXO,202610,20261021.0,44300.0,Put,-,-,-,-,2770.0,-,-,0,0,0,0,0.3,-,-,-
TXO,202610,20261021.0,44400.0,Call,-,-,-,-,3350.0,-,-,0,0,0,0,0.3,-,-,-
TXO,202610,20261021.0,44400.0,Put,-,-,-,-,2820.0,-,-,0,0,0,0,0.3,-,-,-
TXO,202610,20261021.0,44500.0,Call,-,-,-,-,3300.0,-,-,0,0,0,0,0.3,-,-,-
TXO,202610,20261021.0,44500.0,Put,-,-,-,-,2870.0,-,-,0,0,0,0,0.3,-,-,-
TXO,202610,20261021.0,44600.0,Call,-,-,-,-,3230.0,-,-,0,0,0,0,-,-,-,-
TXO,202610,20261021.0,44600.0,Put,-,-,-,-,2900.0,-,-,0,0,0,0,0.3,-,-,-
TXO,202610,20261021.0,44700.0,Call,-,-,-,-,3180.0,-,-,0,0,0,0,0.3,-,-,-
TXO,202610,20261021.0,44700.0,Put,-,-,-,-,2950.0,-,-,0,0,0,0,0.3,-,-,-
TXO,202610,20261021.0,44800.0,Call,-,-,-,-,3120.0,-,-,0,0,0,0,0.3,-,-,-
TXO,202610,20261021.0,44800.0,Put,-,-,-,-,2990.0,-,-,0,0,0,0,0.3,-,-,-
TXO,202610,20261021.0,44900.0,Call,-,-,-,-,3060.0,-,-,0,0,0,0,0.3,-,-,-
TXO,202610,20261021.0,44900.0,Put,-,-,-,-,3030.0,-,-,0,0,0,0,0.3,-,-,-
TXO,202610,20261021.0,45000.0,Call,-,-,-,-,3010.0,-,-,0,0,0,0,0.3,-,-,-
TXO,202610,20261021.0,45000.0,Put,-,-,-,-,3070.0,-,-,0,0,0,1,0.3,3230,2600,2600
TXO,202610,20261021.0,45100.0,Call,-,-,-,-,2950.0,-,-,0,0,0,0,-,-,-,-
TXO,202610,20261021.0,45100.0,Put,-,-,-,-,3110.0,-,-,0,0,0,0,0.3,-,-,-
TXO,202610,20261021.0,45200.0,Call,-,-,-,-,2890.0,-,-,0,0,0,3,2790,-,2330,2330
TXO,202610,20261021.0,45200.0,Put,-,-,-,-,3160.0,-,-,0,0,0,6,3070,-,3950,2950
TXO,202610,20261021.0,45300.0,Call,-,-,-,-,2840.0,-,-,0,0,0,0,0.3,-,-,-
TXO,202610,20261021.0,45300.0,Put,-,-,-,-,3210.0,-,-,0,0,0,0,0.3,-,-,-
TXO,202610,20261021.0,45400.0,Call,-,-,-,-,2790.0,-,-,0,0,0,0,0.3,-,-,-
TXO,202610,20261021.0,45400.0,Put,-,-,-,-,3260.0,-,-,0,0,0,0,0.3,-,-,-
TXO,202610,20261021.0,45500.0,Call,-,-,-,-,2740.0,-,-,0,0,0,1,-,2850,2010,2010
TXO,202610,20261021.0,45500.0,Put,-,-,-,-,3310.0,-,-,0,0,0,0,-,3380,-,-
TXO,202610,20261021.0,45600.0,Call,-,-,-,-,2700.0,-,-,0,0,0,0,0.3,-,-,-
TXO,202610,20261021.0,45600.0,Put,-,-,-,-,3360.0,-,-,0,0,0,0,3290,3440,-,-
TXO,202610,20261021.0,45700.0,Call,-,-,-,-,2640.0,-,-,0,0,0,0,0.3,-,-,-
TXO,202610,20261021.0,45700.0,Put,-,-,-,-,3410.0,-,-,0,0,0,0,-,3490,-,-
TXO,202610,20261021.0,45800.0,Call,-,-,-,-,2600.0,-,-,0,0,0,0,0.3,-,-,-
TXO,202610,20261021.0,45800.0,Put,-,-,-,-,3460.0,-,-,0,0,0,0,-,3540,-,-
TXO,202610,20261021.0,45900.0,Call,-,-,-,-,2550.0,-,-,0,0,0,0,0.3,-,-,-
TXO,202610,20261021.0,45900.0,Put,-,-,-,-,3520.0,-,-,0,0,0,0,-,3590,-,-
TXO,202610,20261021.0,46000.0,Call,-,-,-,-,2500.0,-,-,0,0,0,19,2400,-,2400,2370
TXO,202610,20261021.0,46000.0,Put,-,-,-,-,3560.0,-,-,0,0,0,0,-,3650,-,-
TXO,202610,20261021.0,46100.0,Call,-,-,-,-,2440.0,-,-,0,0,0,0,-,-,-,-
TXO,202610,20261021.0,46100.0,Put,-,-,-,-,3610.0,-,-,0,0,0,0,3540,3720,-,-
TXO,202610,20261021.0,46200.0,Call,-,-,-,-,2400.0,-,-,0,0,0,0,0.3,-,-,-
TXO,202610,20261021.0,46200.0,Put,-,-,-,-,3660.0,-,-,0,0,0,0,-,3750,-,-
TXO,202610,20261021.0,46300.0,Call,-,-,-,-,2360.0,-,-,0,0,0,0,0.3,-,-,-
TXO,202610,20261021.0,46300.0,Put,-,-,-,-,3720.0,-,-,0,0,0,0,-,3810,-,-
TXO,202610,20261021.0,46400.0,Call,2310,2310,2310,2310,2310.0,▲+640,▲+38.32%,0,2,2,2,2160,-,2310,2310
TXO,202610,20261021.0,46400.0,Put,-,-,-,-,3780.0,-,-,0,0,0,0,-,3840,-,-
TXO,202610,20261021.0,46500.0,Call,-,-,-,-,2270.0,-,-,0,0,0,0,0.3,-,-,-
TXO,202610,20261021.0,46500.0,Put,-,-,-,-,3830.0,-,-,0,0,0,0,-,3920,-,-
TXO,202610,20261021.0,46600.0,Call,-,-,-,-,2230.0,-,-,0,0,0,0,0.3,-,-,-
TXO,202610,20261021.0,46600.0,Put,-,-,-,-,3890.0,-,-,0,0,0,0,-,3940,-,-
TXO,202610,20261021.0,46700.0,Call,-,-,-,-,2190.0,-,-,0,0,0,0,0.3,-,-,-
TXO,202610,20261021.0,46700.0,Put,-,-,-,-,3950.0,-,-,0,0,0,0,3880,4010,-,-
TXO,202610,20261021.0,46800.0,Call,-,-,-,-,2150.0,-,-,0,0,0,0,0.3,-,-,-
TXO,202610,20261021.0,46800.0,Put,-,-,-,-,4000.0,-,-,0,0,0,0,-,4080,-,-
TXO,202610,20261021.0,46900.0,Call,-,-,-,-,2110.0,-,-,0,0,0,0,0.3,-,-,-
TXO,202610,20261021.0,46900.0,Put,-,-,-,-,4060.0,-,-,0,0,0,0,3980,4130,-,-
TXO,202610,20261021.0,47000.0,Call,-,-,-,-,2070.0,-,-,0,0,0,0,0.3,-,-,-
TXO,202610,20261021.0,47000.0,Put,-,-,-,-,4120.0,-,-,0,0,0,0,4050,4200,-,-
TXO,202610,20261021.0,47100.0,Call,-,-,-,-,2010.0,-,-,0,0,0,0,0.3,-,-,-
TXO,202610,20261021.0,47100.0,Put,-,-,-,-,4170.0,-,-,0,0,0,0,4110,4260,-,-
TXO,202610,20261021.0,47200.0,Call,-,-,-,-,1970.0,-,-,0,0,0,0,0.3,-,-,-
TXO,202610,20261021.0,47200.0,Put,-,-,-,-,4230.0,-,-,0,0,0,0,4170,4320,-,-
TXO,202610,20261021.0,47300.0,Call,-,-,-,-,1930.0,-,-,0,0,0,0,-,-,-,-
TXO,202610,20261021.0,47300.0,Put,-,-,-,-,4290.0,-,-,0,0,0,0,4230,4370,-,-
TXO,202610,20261021.0,47400.0,Call,-,-,-,-,1900.0,-,-,0,0,0,0,0.3,-,-,-
TXO,202610,20261021.0,47400.0,Put,-,-,-,-,4350.0,-,-,0,0,0,0,4290,4470,-,-
TXO,202610,20261021.0,47500.0,Call,-,-,-,-,1860.0,-,-,0,0,0,0,0.3,-,2040,1450
TXO,202610,20261021.0,47500.0,Put,-,-,-,-,4420.0,-,-,0,0,0,0,4350,4490,-,-
TXO,202610,20261021.0,47600.0,Call,-,-,-,-,1810.0,-,-,0,0,0,0,0.3,-,-,-
TXO,202610,20261021.0,47600.0,Put,-,-,-,-,4460.0,-,-,0,0,0,0,4410,4560,-,-
TXO,202610,20261021.0,47700.0,Call,-,-,-,-,1770.0,-,-,0,0,0,0,0.3,-,-,-
TXO,202610,20261021.0,47700.0,Put,-,-,-,-,4520.0,-,-,0,0,0,0,4470,4620,-,-
TXO,202610,20261021.0,47800.0,Call,-,-,-,-,1740.0,-,-,0,0,0,0,0.3,-,-,-
TXO,202610,20261021.0,47800.0,Put,-,-,-,-,4590.0,-,-,0,0,0,0,4530,4690,-,-
TXO,202610,20261021.0,47900.0,Call,-,-,-,-,1700.0,-,-,0,0,0,0,2.1,-,-,-
TXO,202610,20261021.0,47900.0,Put,-,-,-,-,4650.0,-,-,0,0,0,0,4590,4740,-,-
TXO,202610,20261021.0,48000.0,Call,-,-,-,-,1660.0,-,-,3,0,3,1,1510,-,1320,1240
TXO,202610,20261021.0,48000.0,Put,-,-,-,-,4710.0,-,-,0,0,0,0,4650,4800,-,-
TXO,202610,20261021.0,48100.0,Call,-,-,-,-,1620.0,-,-,0,0,0,0,2.1,-,-,-
TXO,202610,20261021.0,48100.0,Put,-,-,-,-,4780.0,-,-,0,0,0,0,4720,4870,-,-
TXO,202610,20261021.0,48200.0,Call,-,-,-,-,1570.0,-,-,0,0,0,0,2.1,-,-,-
TXO,202610,20261021.0,48200.0,Put,-,-,-,-,4830.0,-,-,0,0,0,0,4780,4930,-,-
TXO,202610,20261021.0,48300.0,Call,-,-,-,-,1540.0,-,-,0,0,0,0,2.1,-,-,-
TXO,202610,20261021.0,48300.0,Put,-,-,-,-,4900.0,-,-,0,0,0,0,4840,4990,-,-
TXO,202610,20261021.0,48400.0,Call,-,-,-,-,1510.0,-,-,0,0,0,0,2.1,-,-,-
TXO,202610,20261021.0,48400.0,Put,-,-,-,-,4960.0,-,-,0,0,0,0,4910,5060,-,-
TXO,202610,20261021.0,48500.0,Call,-,-,-,-,1480.0,-,-,0,0,0,0,2.1,-,-,-
TXO,202610,20261021.0,48500.0,Put,-,-,-,-,5030.0,-,-,0,0,0,0,4970,5120,-,-
TXO,202610,20261021.0,48600.0,Call,-,-,-,-,1440.0,-,-,0,0,0,0,2.1,-,-,-
TXO,202610,20261021.0,48600.0,Put,-,-,-,-,5090.0,-,-,0,0,0,0,-,5190,-,-
TXO,202610,20261021.0,48700.0,Call,-,-,-,-,1410.0,-,-,0,0,0,0,2.1,-,-,-
TXO,202610,20261021.0,48700.0,Put,-,-,-,-,5160.0,-,-,0,0,0,0,5110,5210,-,-
TXO,202610,20261021.0,48800.0,Call,-,-,-,-,1380.0,-,-,0,0,0,0,2.1,-,-,-
TXO,202610,20261021.0,48800.0,Put,-,-,-,-,5230.0,-,-,0,0,0,0,5170,5330,-,-
TXO,202610,20261021.0,48900.0,Call,-,-,-,-,1350.0,-,-,0,0,0,0,2.1,-,-,-
TXO,202610,20261021.0,48900.0,Put,-,-,-,-,5300.0,-,-,0,0,0,0,5240,5410,-,-
TXO,202610,20261021.0,49000.0,Call,-,-,-,-,1310.0,-,-,0,0,0,1,2.1,1420,1000,1000
TXO,202610,20261021.0,49000.0,Put,-,-,-,-,5360.0,-,-,0,0,0,0,5310,5460,-,-
TXO,202610,20261021.0,49100.0,Call,-,-,-,-,1280.0,-,-,0,0,0,0,2.1,-,-,-
TXO,202610,20261021.0,49100.0,Put,-,-,-,-,5430.0,-,-,0,0,0,0,5370,5530,-,-
TXO,202610,20261021.0,49200.0,Call,-,-,-,-,1250.0,-,-,0,0,0,0,2.1,-,-,-
TXO,202610,20261021.0,49200.0,Put,-,-,-,-,5500.0,-,-,0,0,0,0,5440,5550,-,-
TXO,202610,20261021.0,49300.0,Call,-,-,-,-,1220.0,-,-,0,0,0,0,2.1,-,-,-
TXO,202610,20261021.0,49300.0,Put,-,-,-,-,5570.0,-,-,0,0,0,0,-,5670,-,-
TXO,202610,20261021.0,49400.0,Call,-,-,-,-,1190.0,-,-,0,0,0,0,2.1,-,-,-
TXO,202610,20261021.0,49400.0,Put,-,-,-,-,5640.0,-,-,0,0,0,0,-,5740,-,-
TXO,202610,20261021.0,49500.0,Call,-,-,-,-,1160.0,-,-,0,0,0,3,2.1,1260,1410,880
TXO,202610,20261021.0,49500.0,Put,-,-,-,-,5710.0,-,-,0,0,0,0,-,5810,-,-
TXO,202610,20261021.0,49600.0,Call,-,-,-,-,1130.0,-,-,0,0,0,0,2.1,-,-,-
TXO,202610,20261021.0,49600.0,Put,-,-,-,-,5780.0,-,-,0,0,0,0,5730,5880,-,-
TXO,202610,20261021.0,49700.0,Call,-,-,-,-,1110.0,-,-,0,0,0,0,2.1,-,-,-
TXO,202610,20261021.0,49700.0,Put,-,-,-,-,5850.0,-,-,0,0,0,0,-,5970,-,-
TXO,202610,20261021.0,49800.0,Call,-,-,-,-,1080.0,-,-,0,0,0,0,2.1,-,-,-
TXO,202610,20261021.0,49800.0,Put,-,-,-,-,5920.0,-,-,0,0,0,0,-,6030,-,-
TXO,202610,20261021.0,49900.0,Call,-,-,-,-,1050.0,-,-,0,0,0,0,2.1,-,-,-
TXO,202610,20261021.0,49900.0,Put,-,-,-,-,5990.0,-,-,0,0,0,0,-,6100,-,-
TXO,202610,20261021.0,50000.0,Call,-,-,-,-,1030.0,-,-,1,0,1,1,2.1,1110,685,685
TXO,202610,20261021.0,50000.0,Put,-,-,-,-,6070.0,-,-,0,0,0,0,-,6170,-,-
TXO,202610,20261021.0,50100.0,Call,-,-,-,-,1000.0,-,-,0,0,0,0,2.1,-,-,-
TXO,202610,20261021.0,50100.0,Put,-,-,-,-,6140.0,-,-,0,0,0,0,-,6250,-,-
TXO,202610,20261021.0,50200.0,Call,-,-,-,-,980.0,-,-,0,0,0,1,2.1,1080,740,740
TXO,202610,20261021.0,50200.0,Put,-,-,-,-,6220.0,-,-,0,0,0,0,-,6320,-,-
TXO,202610,20261021.0,50300.0,Call,-,-,-,-,955.0,-,-,0,0,0,0,2.1,-,-,-
TXO,202610,20261021.0,50300.0,Put,-,-,-,-,6300.0,-,-,0,0,0,0,-,6400,-,-
TXO,202610,20261021.0,50400.0,Call,-,-,-,-,930.0,-,-,0,0,0,0,2.1,-,-,-
TXO,202610,20261021.0,50400.0,Put,-,-,-,-,6370.0,-,-,0,0,0,0,-,6470,-,-
TXO,202610,20261021.0,50500.0,Call,-,-,-,-,900.0,-,-,2,0,2,2,2.1,980,650,620
TXO,202610,20261021.0,50500.0,Put,-,-,-,-,6440.0,-,-,0,0,0,0,-,6540,-,-
TXO,202610,20261021.0,50600.0,Call,-,-,-,-,880.0,-,-,0,0,0,0,2.1,-,705,650
TXO,202610,20261021.0,50600.0,Put,-,-,-,-,6520.0,-,-,0,0,0,0,-,6630,-,-
TXO,202610,20261021.0,50700.0,Call,-,-,-,-,860.0,-,-,0,0,0,0,2.1,-,-,-
TXO,202610,20261021.0,50700.0,Put,-,-,-,-,6600.0,-,-,0,0,0,0,-,6700,-,-
TXO,202610,20261021.0,50800.0,Call,-,-,-,-,840.0,-,-,1,0,1,1,2.1,915,615,615
TXO,202610,20261021.0,50800.0,Put,-,-,-,-,6680.0,-,-,0,0,0,0,-,6780,-,-
TXO,202610,20261021.0,50900.0,Call,-,-,-,-,815.0,-,-,0,0,0,0,2.1,-,-,-
TXO,202610,20261021.0,50900.0,Put,-,-,-,-,6750.0,-,-,0,0,0,0,-,6850,-,-
TXO,202610,20261021.0,51000.0,Call,620,620,620,620,790.0,▲+110,▲+21.57%,1,8,9,10,685,900,625,600
TXO,202610,20261021.0,51000.0,Put,-,-,-,-,6830.0,-,-,0,0,0,0,-,6940,-,-
TXO,202610,20261021.0,51100.0,Call,-,-,-,-,770.0,-,-,0,0,0,0,630,-,-,-
TXO,202610,20261021.0,51100.0,Put,-,-,-,-,6910.0,-,-,0,0,0,0,-,7010,-,-
TXO,202610,20261021.0,51200.0,Call,-,-,-,-,750.0,-,-,0,0,0,0,615,-,-,-
TXO,202610,20261021.0,51200.0,Put,-,-,-,-,6990.0,-,-,0,0,0,0,-,7060,-,-
TXO,202610,20261021.0,51300.0,Call,-,-,-,-,725.0,-,-,0,0,0,0,600,-,-,-
TXO,202610,20261021.0,51300.0,Put,-,-,-,-,7060.0,-,-,0,0,0,0,-,7170,-,-
TXO,202610,20261021.0,51400.0,Call,-,-,-,-,710.0,-,-,0,0,0,0,585,-,-,-
TXO,202610,20261021.0,51400.0,Put,-,-,-,-,7140.0,-,-,0,0,0,0,-,7250,-,-
TXO,202610,20261021.0,51500.0,Call,490,490,490,490,690.0,▲+47,▲+10.61%,1,1,2,1,570,-,560,490
TXO,202610,20261021.0,51500.0,Put,-,-,-,-,7230.0,-,-,0,0,0,0,-,7330,-,-
TXO,202610,20261021.0,51600.0,Call,-,-,-,-,675.0,-,-,0,0,0,0,565,-,-,-
TXO,202610,20261021.0,51600.0,Put,-,-,-,-,7310.0,-,-,0,0,0,0,-,7410,-,-
TXO,202610,20261021.0,51700.0,Call,-,-,-,-,660.0,-,-,0,0,0,0,545,-,-,-
TXO,202610,20261021.0,51700.0,Put,-,-,-,-,7390.0,-,-,0,0,0,0,-,7490,-,-
TXO,202610,20261021.0,51800.0,Call,-,-,-,-,640.0,-,-,0,0,0,0,530,-,-,-
TXO,202610,20261021.0,51800.0,Put,-,-,-,-,7470.0,-,-,0,0,0,0,-,7580,-,-
TXO,202610,20261021.0,51900.0,Call,-,-,-,-,620.0,-,-,0,0,0,8,510,715,1080,780
TXO,202610,20261021.0,51900.0,Put,-,-,-,-,7550.0,-,-,0,0,0,0,-,7660,-,-
TXO,202610,20261021.0,52000.0,Call,-,-,-,-,605.0,-,-,0,0,0,14,500,700,1020,535
TXO,202610,20261021.0,52000.0,Put,-,-,-,-,7640.0,-,-,0,0,0,0,-,7740,-,-
TXO,202610,20261021.0,52100.0,Call,-,-,-,-,590.0,-,-,0,0,0,0,488,-,-,-
TXO,202610,20261021.0,52100.0,Put,-,-,-,-,7720.0,-,-,0,0,0,0,-,7830,-,-
TXO,202610,20261021.0,52200.0,Call,-,-,-,-,570.0,-,-,0,0,0,0,480,-,-,-
TXO,202610,20261021.0,52200.0,Put,-,-,-,-,7800.0,-,-,0,0,0,0,-,7910,-,-
TXO,202610,20261021.0,52300.0,Call,-,-,-,-,555.0,-,-,0,0,0,1,464,635,1000,1000
TXO,202610,20261021.0,52300.0,Put,-,-,-,-,7890.0,-,-,0,0,0,0,-,7960,-,-
TXO,202610,20261021.0,52400.0,Call,-,-,-,-,540.0,-,-,0,0,0,8,450,650,865,855
TXO,202610,20261021.0,52400.0,Put,-,-,-,-,7970.0,-,-,0,0,0,0,-,8080,-,-
TXO,202610,20261021.0,52500.0,Call,437,520,437,520,520.0,▲+187,▲+56.16%,11,7,18,25,494,525,940,350
TXO,202610,20261021.0,52500.0,Put,-,-,-,-,8050.0,-,-,0,0,0,0,8000,8160,-,-
TXO,202612,20261216.0,25200.0,Call,-,-,-,-,20280.0,-,-,0,0,0,2,20180,-,22620,13580
TXO,202612,20261216.0,25200.0,Put,181,196,181,196,176.0,▼-12,▼-5.77%,2,7,9,246,165,196,985,145
TXO,202612,20261216.0,25400.0,Call,-,-,-,-,20080.0,-,-,0,0,0,0,19970,-,-,-
TXO,202612,20261216.0,25400.0,Put,-,-,-,-,177.0,-,-,0,0,0,2,113,-,610,260
TXO,202612,20261216.0,25600.0,Call,-,-,-,-,19890.0,-,-,0,0,0,0,19760,-,-,-
TXO,202612,20261216.0,25600.0,Put,-,-,-,-,183.0,-,-,0,0,0,7,121,-,750,164
TXO,202612,20261216.0,25800.0,Call,-,-,-,-,19690.0,-,-,0,0,0,0,19590,-,-,-
TXO,202612,20261216.0,25800.0,Put,-,-,-,-,188.0,-,-,0,0,0,3,128,328,505,186
TXO,202612,20261216.0,26000.0,Call,-,-,-,-,19500.0,-,-,0,0,0,1,19390,-,17230,7550
TXO,202612,20261216.0,26000.0,Put,-,-,-,-,194.0,-,-,0,0,0,37,150,-,1390,170
TXO,202612,20261216.0,26200.0,Call,-,-,-,-,19310.0,-,-,0,0,0,0,19200,-,-,-
TXO,202612,20261216.0,26200.0,Put,-,-,-,-,200.0,-,-,0,0,0,8,107,343,1430,175
TXO,202612,20261216.0,26400.0,Call,-,-,-,-,19120.0,-,-,0,0,0,0,19000,-,-,-
TXO,202612,20261216.0,26400.0,Put,-,-,-,-,207.0,-,-,0,0,0,11,113,-,1250,348
TXO,202612,20261216.0,26600.0,Call,-,-,-,-,18930.0,-,-,0,0,0,0,18810,19130,-,-
TXO,202612,20261216.0,26600.0,Put,-,-,-,-,214.0,-,-,0,0,0,1,124,-,765,200
TXO,202612,20261216.0,26800.0,Call,-,-,-,-,18740.0,-,-,0,0,0,0,18630,-,-,-
TXO,202612,20261216.0,26800.0,Put,-,-,-,-,222.0,-,-,0,0,0,4,130,365,1500,254
TXO,202612,20261216.0,27000.0,Call,17890,17890,17890,17890,18540.0,▲+980,▲+5.80%,0,1,1,1,18450,-,18990,7500
TXO,202612,20261216.0,27000.0,Put,-,-,-,-,229.0,-,-,0,0,0,4,175,310,1590,220
TXO,202612,20261216.0,27200.0,Call,-,-,-,-,18350.0,-,-,0,0,0,0,18240,-,-,-
TXO,202612,20261216.0,27200.0,Put,-,-,-,-,237.0,-,-,0,0,0,1,144,379,710,215
TXO,202612,20261216.0,27400.0,Call,-,-,-,-,18160.0,-,-,0,0,0,0,18050,-,-,-
TXO,202612,20261216.0,27400.0,Put,-,-,-,-,246.0,-,-,0,0,0,15,152,-,1580,500
TXO,202612,20261216.0,27600.0,Call,-,-,-,-,17970.0,-,-,0,0,0,0,17860,-,-,-
TXO,202612,20261216.0,27600.0,Put,-,-,-,-,254.0,-,-,0,0,0,1,160,-,1300,233
TXO,202612,20261216.0,27800.0,Call,-,-,-,-,17780.0,-,-,0,0,0,0,17670,-,-,-
TXO,202612,20261216.0,27800.0,Put,-,-,-,-,262.0,-,-,0,0,0,2,169,410,1550,325
TXO,202612,20261216.0,28000.0,Call,-,-,-,-,17600.0,-,-,0,0,0,0,17480,-,-,-
TXO,202612,20261216.0,28000.0,Put,-,-,-,-,272.0,-,-,0,0,0,18,179,381,1680,225
TXO,202612,20261216.0,28200.0,Call,-,-,-,-,17410.0,-,-,0,0,0,0,17360,-,-,-
TXO,202612,20261216.0,28200.0,Put,-,-,-,-,281.0,-,-,0,0,0,9,190,431,1820,406
TXO,202612,20261216.0,28400.0,Call,-,-,-,-,17220.0,-,-,0,0,0,0,17170,-,-,-
TXO,202612,20261216.0,28400.0,Put,-,-,-,-,291.0,-,-,0,0,0,3,201,427,1400,269
TXO,202612,20261216.0,28600.0,Call,-,-,-,-,17030.0,-,-,0,0,0,0,16910,-,-,-
TXO,202612,20261216.0,28600.0,Put,-,-,-,-,300.0,-,-,0,0,0,3,212,454,1500,270
TXO,202612,20261216.0,28800.0,Call,-,-,-,-,16840.0,-,-,0,0,0,0,16790,-,-,-
TXO,202612,20261216.0,28800.0,Put,347,347,347,347,311.0,▼-55,▼-13.68%,0,1,1,6,225,466,1550,347
TXO,202612,20261216.0,29000.0,Call,-,-,-,-,16650.0,-,-,0,0,0,0,16530,-,-,-
TXO,202612,20261216.0,29000.0,Put,-,-,-,-,320.0,-,-,0,0,0,4,237,478,1860,263
TXO,202612,20261216.0,29200.0,Call,-,-,-,-,16470.0,-,-,0,0,0,0,16400,-,-,-
TXO,202612,20261216.0,29200.0,Put,-,-,-,-,332.0,-,-,0,0,0,3,250,491,1860,315
TXO,202612,20261216.0,29400.0,Call,-,-,-,-,16280.0,-,-,0,0,0,0,16160,16430,-,-
TXO,202612,20261216.0,29400.0,Put,-,-,-,-,343.0,-,-,0,0,0,3,263,510,1700,300
TXO,202612,20261216.0,29600.0,Call,-,-,-,-,16090.0,-,-,0,0,0,0,15960,16260,-,-
TXO,202612,20261216.0,29600.0,Put,-,-,-,-,352.0,-,-,0,0,0,1,277,486,1650,1650
TXO,202612,20261216.0,29800.0,Call,-,-,-,-,15900.0,-,-,0,0,0,0,15780,-,11600,5120
TXO,202612,20261216.0,29800.0,Put,-,-,-,-,364.0,-,-,0,0,0,3,262,-,1700,306
TXO,202612,20261216.0,30000.0,Call,-,-,-,-,15720.0,-,-,0,0,0,0,15600,-,11910,4660
TXO,202612,20261216.0,30000.0,Put,440,440,375,375,375.0,▼-110,▼-22.68%,0,2,2,27,203,515,1880,300
TXO,202612,20261216.0,30200.0,Call,-,-,-,-,15530.0,-,-,0,0,0,0,15480,-,14870,4700
TXO,202612,20261216.0,30200.0,Put,-,-,-,-,389.0,-,-,0,0,0,3,294,550,715,510
TXO,202612,20261216.0,30400.0,Call,-,-,-,-,15350.0,-,-,0,0,0,0,15230,-,-,-
TXO,202612,20261216.0,30400.0,Put,-,-,-,-,403.0,-,-,0,0,0,10,245,565,510,510
TXO,202612,20261216.0,30600.0,Call,-,-,-,-,15160.0,-,-,0,0,0,0,15110,-,-,-
TXO,202612,20261216.0,30600.0,Put,-,-,-,-,418.0,-,-,0,0,0,3,320,580,2010,720
TXO,202612,20261216.0,30800.0,Call,-,-,-,-,14980.0,-,-,0,0,0,0,14850,-,-,-
TXO,202612,20261216.0,30800.0,Put,-,-,-,-,431.0,-,-,0,0,0,26,336,540,2700,550
TXO,202612,20261216.0,31000.0,Call,-,-,-,-,14790.0,-,-,0,0,0,0,14670,-,-,-
TXO,202612,20261216.0,31000.0,Put,-,-,-,-,440.0,-,-,0,0,0,34,350,555,1220,420
TXO,202612,20261216.0,31200.0,Call,-,-,-,-,14610.0,-,-,0,0,0,0,14490,14740,4700,3750
TXO,202612,20261216.0,31200.0,Put,-,-,-,-,460.0,-,-,0,0,0,0,366,-,730,675
TXO,202612,20261216.0,31400.0,Call,-,-,-,-,14420.0,-,-,0,0,0,0,14300,-,-,-
TXO,202612,20261216.0,31400.0,Put,-,-,-,-,471.0,-,-,0,0,0,0,389,-,-,-
TXO,202612,20261216.0,31600.0,Call,-,-,-,-,14240.0,-,-,0,0,0,0,14130,-,7950,5480
TXO,202612,20261216.0,31600.0,Put,-,-,-,-,487.0,-,-,0,0,0,5,406,615,1870,615
TXO,202612,20261216.0,31800.0,Call,-,-,-,-,14060.0,-,-,0,0,0,0,13940,-,10560,5580
TXO,202612,20261216.0,31800.0,Put,-,-,-,-,505.0,-,-,0,0,0,0,407,-,-,-
TXO,202612,20261216.0,32000.0,Call,-,-,-,-,13880.0,-,-,0,0,0,0,13760,-,9600,3560
TXO,202612,20261216.0,32000.0,Put,-,-,-,-,525.0,-,-,0,0,0,10,424,-,3270,420
TXO,202612,20261216.0,32200.0,Call,-,-,-,-,13700.0,-,-,0,0,0,0,13580,-,-,-
TXO,202612,20261216.0,32200.0,Put,-,-,-,-,545.0,-,-,0,0,0,0,443,-,3130,1300
TXO,202612,20261216.0,32400.0,Call,-,-,-,-,13520.0,-,-,0,0,0,0,13400,-,11650,3460
TXO,202612,20261216.0,32400.0,Put,-,-,-,-,555.0,-,-,0,0,0,4,477,700,3250,545
TXO,202612,20261216.0,32600.0,Call,-,-,-,-,13340.0,-,-,0,0,0,0,13220,-,-,-
TXO,202612,20261216.0,32600.0,Put,-,-,-,-,585.0,-,-,0,0,0,15,491,705,1160,560
TXO,202612,20261216.0,32800.0,Call,-,-,-,-,13160.0,-,-,0,0,0,0,13040,-,-,-
TXO,202612,20261216.0,32800.0,Put,-,-,-,-,600.0,-,-,0,0,0,6,510,-,1920,605
TXO,202612,20261216.0,33000.0,Call,-,-,-,-,12990.0,-,-,0,0,0,2,12910,13100,13520,3000
TXO,202612,20261216.0,33000.0,Put,-,-,-,-,620.0,-,-,0,0,0,27,530,755,3280,590
TXO,202612,20261216.0,33200.0,Call,-,-,-,-,12810.0,-,-,0,0,0,0,12690,12920,4180,3280
TXO,202612,20261216.0,33200.0,Put,-,-,-,-,645.0,-,-,0,0,0,0,555,-,780,540
TXO,202612,20261216.0,33400.0,Call,-,-,-,-,12630.0,-,-,0,0,0,0,12500,-,10800,2780
TXO,202612,20261216.0,33400.0,Put,-,-,-,-,665.0,-,-,0,0,0,2,575,795,3450,1010
TXO,202612,20261216.0,33600.0,Call,-,-,-,-,12460.0,-,-,0,0,0,0,12330,-,10850,2640
TXO,202612,20261216.0,33600.0,Put,-,-,-,-,690.0,-,-,0,0,0,3,585,845,4010,785
TXO,202612,20261216.0,33800.0,Call,-,-,-,-,12290.0,-,-,0,0,0,0,12160,-,-,-
TXO,202612,20261216.0,33800.0,Put,-,-,-,-,715.0,-,-,0,0,0,0,625,-,1670,995
TXO,202612,20261216.0,34000.0,Call,-,-,-,-,12110.0,-,-,0,0,0,0,12030,-,12700,3130
TXO,202612,20261216.0,34000.0,Put,-,-,-,-,740.0,-,-,0,0,0,15,635,945,3620,700
TXO,202612,20261216.0,34200.0,Call,-,-,-,-,11930.0,-,-,0,0,0,0,11810,-,8850,5200
TXO,202612,20261216.0,34200.0,Put,-,-,-,-,760.0,-,-,0,0,0,4,660,-,1780,985
TXO,202612,20261216.0,34400.0,Call,-,-,-,-,11760.0,-,-,0,0,0,0,11630,-,-,-
TXO,202612,20261216.0,34400.0,Put,-,-,-,-,785.0,-,-,0,0,0,0,690,-,2600,950
TXO,202612,20261216.0,34600.0,Call,-,-,-,-,11590.0,-,-,0,0,0,0,11470,-,-,-
TXO,202612,20261216.0,34600.0,Put,-,-,-,-,810.0,-,-,0,0,0,1,2.1,-,2670,1030
TXO,202612,20261216.0,34800.0,Call,-,-,-,-,11410.0,-,-,0,0,0,0,11300,11520,4830,3240
TXO,202612,20261216.0,34800.0,Put,-,-,-,-,835.0,-,-,0,0,0,0,2.1,-,3120,3040
TXO,202612,20261216.0,35000.0,Call,-,-,-,-,11250.0,-,-,0,0,0,0,11120,-,12910,2200
TXO,202612,20261216.0,35000.0,Put,-,-,-,-,870.0,-,-,0,0,0,11,2.1,915,2100,720
TXO,202612,20261216.0,35200.0,Call,-,-,-,-,11070.0,-,-,0,0,0,0,10950,-,4590,3370
TXO,202612,20261216.0,35200.0,Put,-,-,-,-,890.0,-,-,0,0,0,1,2.1,1010,3000,3000
TXO,202612,20261216.0,35400.0,Call,-,-,-,-,10900.0,-,-,0,0,0,0,10780,-,9450,3340
TXO,202612,20261216.0,35400.0,Put,-,-,-,-,920.0,-,-,0,0,0,0,0.3,-,1300,980
TXO,202612,20261216.0,35600.0,Call,-,-,-,-,10740.0,-,-,0,0,0,0,10610,-,12870,2380
TXO,202612,20261216.0,35600.0,Put,-,-,-,-,955.0,-,-,0,0,0,1,0.3,1070,4020,1010
TXO,202612,20261216.0,35800.0,Call,-,-,-,-,10570.0,-,-,0,0,0,0,10450,-,7020,6410
TXO,202612,20261216.0,35800.0,Put,-,-,-,-,985.0,-,-,0,0,0,1,910,-,2000,1250
TXO,202612,20261216.0,36000.0,Call,-,-,-,-,10410.0,-,-,0,0,0,1,10320,-,8050,1950
TXO,202612,20261216.0,36000.0,Put,1030,1030,1030,1030,1030.0,▼-310,▼-23.13%,0,4,4,42,905,-,3300,1030
TXO,202612,20261216.0,36200.0,Call,-,-,-,-,10240.0,-,-,0,0,0,0,10110,10350,7130,1470
TXO,202612,20261216.0,36200.0,Put,-,-,-,-,1050.0,-,-,0,0,0,0,0.3,-,-,-
TXO,202612,20261216.0,36400.0,Call,-,-,-,-,10080.0,-,-,0,0,0,1,9990,-,8580,1390
TXO,202612,20261216.0,36400.0,Put,-,-,-,-,1090.0,-,-,0,0,0,1,-,-,2020,1450
TXO,202612,20261216.0,36600.0,Call,-,-,-,-,9920.0,-,-,0,0,0,0,9780,10000,6880,1320
TXO,202612,20261216.0,36600.0,Put,-,-,-,-,1120.0,-,-,0,0,0,1,1030,-,2130,2130
TXO,202612,20261216.0,36800.0,Call,-,-,-,-,9760.0,-,-,0,0,0,0,9630,-,11890,1260
TXO,202612,20261216.0,36800.0,Put,-,-,-,-,1170.0,-,-,0,0,0,11,1150,1320,2670,945
TXO,202612,20261216.0,37000.0,Call,-,-,-,-,9600.0,-,-,0,0,0,4,9510,9690,12020,1350
TXO,202612,20261216.0,37000.0,Put,1380,1380,1220,1220,1220.0,▼-330,▼-21.29%,0,2,2,23,1100,-,3150,1000
TXO,202612,20261216.0,37200.0,Call,-,-,-,-,9430.0,-,-,0,0,0,0,9300,-,9030,1740
TXO,202612,20261216.0,37200.0,Put,-,-,-,-,1230.0,-,-,0,0,0,0,0.3,-,-,-
TXO,202612,20261216.0,37400.0,Call,-,-,-,-,9270.0,-,-,0,0,0,0,9190,9350,10760,1280
TXO,202612,20261216.0,37400.0,Put,-,-,-,-,1270.0,-,-,0,0,0,1,0.3,-,1540,1210
TXO,202612,20261216.0,37600.0,Call,-,-,-,-,9110.0,-,-,0,0,0,2,8990,9220,1260,1260
TXO,202612,20261216.0,37600.0,Put,-,-,-,-,1310.0,-,-,0,0,0,0,0.3,-,2950,1380
TXO,202612,20261216.0,37800.0,Call,-,-,-,-,8950.0,-,-,0,0,0,1,8830,9060,11540,1240
TXO,202612,20261216.0,37800.0,Put,-,-,-,-,1350.0,-,-,0,0,0,4,0.3,1510,2900,2000
TXO,202612,20261216.0,38000.0,Call,-,-,-,-,8800.0,-,-,0,0,0,20,8710,-,7630,1230
TXO,202612,20261216.0,38000.0,Put,-,-,-,-,1400.0,-,-,0,0,0,13,1310,-,3430,1500
TXO,202612,20261216.0,38200.0,Call,-,-,-,-,8650.0,-,-,0,0,0,0,8520,-,7280,1200
TXO,202612,20261216.0,38200.0,Put,-,-,-,-,1440.0,-,-,0,0,0,20,0.3,1580,1900,1500
TXO,202612,20261216.0,38400.0,Call,-,-,-,-,8500.0,-,-,0,0,0,0,8370,-,7140,1270
TXO,202612,20261216.0,38400.0,Put,-,-,-,-,1490.0,-,-,0,0,0,0,0.3,-,-,-
TXO,202612,20261216.0,38600.0,Call,-,-,-,-,8350.0,-,-,0,0,0,3,8250,8410,10540,1080
TXO,202612,20261216.0,38600.0,Put,-,-,-,-,1540.0,-,-,0,0,0,0,0.3,-,3100,1640
TXO,202612,20261216.0,38800.0,Call,-,-,-,-,8190.0,-,-,0,0,0,0,8060,-,10770,775
TXO,202612,20261216.0,38800.0,Put,-,-,-,-,1580.0,-,-,0,0,0,0,0.3,-,-,-
TXO,202612,20261216.0,39000.0,Call,-,-,-,-,8050.0,-,-,0,0,0,4,7910,8150,9290,1100
TXO,202612,20261216.0,39000.0,Put,-,-,-,-,1640.0,-,-,0,0,0,123,1540,-,3690,1570
TXO,202612,20261216.0,39200.0,Call,-,-,-,-,7890.0,-,-,0,0,0,0,7760,-,10280,1290
TXO,202612,20261216.0,39200.0,Put,-,-,-,-,1680.0,-,-,0,0,0,0,0.3,-,3680,1930
TXO,202612,20261216.0,39400.0,Call,-,-,-,-,7740.0,-,-,0,0,0,0,7610,-,11070,1300
TXO,202612,20261216.0,39400.0,Put,-,-,-,-,1720.0,-,-,0,0,0,0,0.3,-,3380,3130
TXO,202612,20261216.0,39600.0,Call,-,-,-,-,7590.0,-,-,0,0,0,0,7470,-,11070,750
TXO,202612,20261216.0,39600.0,Put,-,-,-,-,1770.0,-,-,0,0,0,3,1670,-,3660,1430
TXO,202612,20261216.0,39800.0,Call,-,-,-,-,7450.0,-,-,0,0,0,0,7320,-,11350,1250
TXO,202612,20261216.0,39800.0,Put,-,-,-,-,1830.0,-,-,0,0,0,0,0.3,-,4080,3550
TXO,202612,20261216.0,40000.0,Call,-,-,-,-,7310.0,-,-,0,0,0,14,7180,-,9010,705
TXO,202612,20261216.0,40000.0,Put,2070,2070,2070,2070,1890.0,▼-350,▼-14.46%,0,1,1,112,1780,-,3960,1550
TXO,202612,20261216.0,40200.0,Call,-,-,-,-,7160.0,-,-,0,0,0,1,7090,7240,4720,2200
TXO,202612,20261216.0,40200.0,Put,-,-,-,-,1940.0,-,-,0,0,0,0,0.3,-,3430,2030
TXO,202612,20261216.0,40400.0,Call,-,-,-,-,7020.0,-,-,0,0,0,2,6890,7100,8140,695
TXO,202612,20261216.0,40400.0,Put,-,-,-,-,2000.0,-,-,0,0,0,0,0.3,-,2820,2700
TXO,202612,20261216.0,40600.0,Call,-,-,-,-,6890.0,-,-,0,0,0,3,6750,6960,5300,740
TXO,202612,20261216.0,40600.0,Put,-,-,-,-,2060.0,-,-,0,0,0,1,0.3,-,2750,2580
TXO,202612,20261216.0,40800.0,Call,-,-,-,-,6750.0,-,-,0,0,0,16,6620,6840,9640,1410
TXO,202612,20261216.0,40800.0,Put,-,-,-,-,2120.0,-,-,0,0,0,3,0.3,2270,3980,2620
TXO,202612,20261216.0,41000.0,Call,-,-,-,-,6610.0,-,-,0,0,0,6,6480,6670,9160,675
TXO,202612,20261216.0,41000.0,Put,-,-,-,-,2180.0,-,-,0,0,0,50,0.3,2260,4390,2680
TXO,202612,20261216.0,41200.0,Call,-,-,-,-,6480.0,-,-,0,0,0,0,6340,6530,5620,3150
TXO,202612,20261216.0,41200.0,Put,-,-,-,-,2250.0,-,-,0,0,0,2,0.3,2340,4410,3050
TXO,202612,20261216.0,41400.0,Call,-,-,-,-,6350.0,-,-,0,0,0,30,6210,6420,10000,360
TXO,202612,20261216.0,41400.0,Put,-,-,-,-,2320.0,-,-,0,0,0,1,0.3,2380,4540,1870
TXO,202612,20261216.0,41600.0,Call,-,-,-,-,6230.0,-,-,0,0,0,11,6120,6280,4440,1450
TXO,202612,20261216.0,41600.0,Put,-,-,-,-,2400.0,-,-,0,0,0,1,0.3,-,4290,2020
TXO,202612,20261216.0,41800.0,Call,-,-,-,-,6080.0,-,-,0,0,0,15,5950,6170,8490,710
TXO,202612,20261216.0,41800.0,Put,2500,2500,2500,2500,2450.0,▼-600,▼-19.35%,0,3,3,0,0.3,-,4390,2000
TXO,202612,20261216.0,42000.0,Call,-,-,-,-,5950.0,-,-,0,0,0,70,5820,6000,8720,800
TXO,202612,20261216.0,42000.0,Put,-,-,-,-,2520.0,-,-,0,0,0,110,2410,-,4950,2250
TXO,202612,20261216.0,42200.0,Call,-,-,-,-,5820.0,-,-,0,0,0,1,5700,5910,8040,1500
TXO,202612,20261216.0,42200.0,Put,-,-,-,-,2590.0,-,-,0,0,0,100,2480,-,3610,2630
TXO,202612,20261216.0,42400.0,Call,-,-,-,-,5700.0,-,-,0,0,0,2,5560,-,5850,1260
TXO,202612,20261216.0,42400.0,Put,-,-,-,-,2650.0,-,-,0,0,0,0,0.3,-,4790,3250
TXO,202612,20261216.0,42600.0,Call,-,-,-,-,5580.0,-,-,0,0,0,2,5450,5720,7280,965
TXO,202612,20261216.0,42600.0,Put,-,-,-,-,2730.0,-,-,1,0,1,1,2610,-,4770,3040
TXO,202612,20261216.0,42800.0,Call,-,-,-,-,5460.0,-,-,0,0,0,1,5310,-,4950,2510
TXO,202612,20261216.0,42800.0,Put,-,-,-,-,2810.0,-,-,0,0,0,0,0.3,-,-,-
TXO,202612,20261216.0,43000.0,Call,-,-,-,-,5340.0,-,-,0,0,0,62,5200,5370,9700,1130
TXO,202612,20261216.0,43000.0,Put,-,-,-,-,2890.0,-,-,0,0,0,72,2780,7800,4980,2300
TXO,202612,20261216.0,43200.0,Call,-,-,-,-,5220.0,-,-,0,0,0,1,5070,5250,4670,1400
TXO,202612,20261216.0,43200.0,Put,-,-,-,-,2970.0,-,-,0,0,0,0,0.3,-,-,-
TXO,202612,20261216.0,43400.0,Call,-,-,-,-,5110.0,-,-,0,0,0,0,4950,5250,7410,4950
TXO,202612,20261216.0,43400.0,Put,-,-,-,-,3060.0,-,-,0,0,0,0,0.3,-,4970,2860
TXO,202612,20261216.0,43600.0,Call,-,-,-,-,4990.0,-,-,0,0,0,2,4830,-,5510,950
TXO,202612,20261216.0,43600.0,Put,-,-,-,-,3140.0,-,-,0,0,0,0,0.3,-,4780,4740
TXO,202612,20261216.0,43800.0,Call,-,-,-,-,4870.0,-,-,0,0,0,1,4710,5010,8340,1020
TXO,202612,20261216.0,43800.0,Put,-,-,-,-,3220.0,-,-,0,0,0,0,0.3,-,-,-
TXO,202612,20261216.0,44000.0,Call,-,-,-,-,4750.0,-,-,0,0,0,2,4600,4900,8350,2260
TXO,202612,20261216.0,44000.0,Put,-,-,-,-,3300.0,-,-,0,0,0,102,3170,-,4440,2700
TXO,202612,20261216.0,44200.0,Call,-,-,-,-,4640.0,-,-,0,0,0,3,4480,4790,5630,600
TXO,202612,20261216.0,44200.0,Put,-,-,-,-,3390.0,-,-,0,0,0,60,0.3,3490,4310,3160
TXO,202612,20261216.0,44400.0,Call,-,-,-,-,4530.0,-,-,0,0,0,2,4370,-,6730,930
TXO,202612,20261216.0,44400.0,Put,-,-,-,-,3470.0,-,-,0,0,0,101,3330,-,4660,3660
TXO,202612,20261216.0,44600.0,Call,-,-,-,-,4420.0,-,-,0,0,0,10,4220,-,5770,890
TXO,202612,20261216.0,44600.0,Put,-,-,-,-,3560.0,-,-,0,0,0,4,3430,-,6030,3220
TXO,202612,20261216.0,44800.0,Call,-,-,-,-,4320.0,-,-,0,0,0,0,0.4,-,-,-
TXO,202612,20261216.0,44800.0,Put,3850,3850,3850,3850,3660.0,▼-610,▼-13.68%,0,1,1,3,3530,-,3920,3560
TXO,202612,20261216.0,45000.0,Call,4050,4050,4050,4050,4210.0,▲+740,▲+22.36%,0,2,2,1,0.4,-,6790,2600
TXO,202612,20261216.0,45000.0,Put,-,-,-,-,3750.0,-,-,0,0,0,104,3600,-,6000,3200
TXO,202612,20261216.0,45200.0,Call,-,-,-,-,4100.0,-,-,0,0,0,2,3910,-,6620,925
TXO,202612,20261216.0,45200.0,Put,-,-,-,-,3840.0,-,-,0,0,0,0,-,-,6690,4500
TXO,202612,20261216.0,45400.0,Call,-,-,-,-,3980.0,-,-,1,0,1,4,3850,-,6500,2770
TXO,202612,20261216.0,45400.0,Put,-,-,-,-,3920.0,-,-,0,0,0,2,3800,-,6540,3220
TXO,202612,20261216.0,45600.0,Call,-,-,-,-,3880.0,-,-,0,0,0,3,3720,-,6160,1070
TXO,202612,20261216.0,45600.0,Put,-,-,-,-,4010.0,-,-,0,0,0,2,-,4130,6750,5600
TXO,202612,20261216.0,45800.0,Call,-,-,-,-,3780.0,-,-,0,0,0,1,0.4,3860,3070,1980
TXO,202612,20261216.0,45800.0,Put,-,-,-,-,4110.0,-,-,0,0,0,0,-,-,-,-
TXO,202612,20261216.0,46000.0,Call,-,-,-,-,3680.0,-,-,0,0,0,219,2450,3730,5560,2480
TXO,202612,20261216.0,46000.0,Put,-,-,-,-,4210.0,-,-,0,0,0,194,4090,-,5790,3750
TXO,202612,20261216.0,46200.0,Call,-,-,-,-,3580.0,-,-,0,0,0,0,0.4,-,2620,2450
TXO,202612,20261216.0,46200.0,Put,-,-,-,-,4310.0,-,-,0,0,0,1,-,-,7260,4400
TXO,202612,20261216.0,46400.0,Call,-,-,-,-,3480.0,-,-,0,0,0,5,3360,-,5700,1560
TXO,202612,20261216.0,46400.0,Put,-,-,-,-,4410.0,-,-,0,0,0,5,4260,-,5210,5150
TXO,202612,20261216.0,46600.0,Call,-,-,-,-,3390.0,-,-,0,0,0,49,0.4,3450,6500,1540
TXO,202612,20261216.0,46600.0,Put,-,-,-,-,4520.0,-,-,0,0,0,0,-,4590,-,-
TXO,202612,20261216.0,46800.0,Call,-,-,-,-,3310.0,-,-,0,0,0,11,0.4,3360,5870,1500
TXO,202612,20261216.0,46800.0,Put,-,-,-,-,4630.0,-,-,0,0,0,2,4530,4670,7770,7490
TXO,202612,20261216.0,47000.0,Call,3070,3110,3040,3040,3220.0,▲+570,▲+23.08%,44,6,50,43,2290,-,6430,2280
TXO,202612,20261216.0,47000.0,Put,-,-,-,-,4740.0,-,-,0,0,0,11,4600,4810,7620,3860
TXO,202612,20261216.0,47200.0,Call,-,-,-,-,3120.0,-,-,0,0,0,61,0.4,3170,4830,2100
TXO,202612,20261216.0,47200.0,Put,-,-,-,-,4840.0,-,-,0,0,0,0,-,4930,-,-
TXO,202612,20261216.0,47400.0,Call,-,-,-,-,3030.0,-,-,0,0,0,62,0.4,3080,5670,2070
TXO,202612,20261216.0,47400.0,Put,-,-,-,-,4950.0,-,-,0,0,0,1,-,5010,6210,6210
TXO,202612,20261216.0,47600.0,Call,-,-,-,-,2950.0,-,-,0,0,0,48,390,3000,5180,1100
TXO,202612,20261216.0,47600.0,Put,-,-,-,-,5070.0,-,-,0,0,0,0,4930,5140,6310,4920
TXO,202612,20261216.0,47800.0,Call,-,-,-,-,2850.0,-,-,0,0,0,9,0.4,2930,5050,3040
TXO,202612,20261216.0,47800.0,Put,-,-,-,-,5160.0,-,-,0,0,0,2,5040,5230,5750,4890
TXO,202612,20261216.0,48000.0,Call,-,-,-,-,2760.0,-,-,0,0,0,44,0.4,2850,5100,2060
TXO,202612,20261216.0,48000.0,Put,-,-,-,-,5280.0,-,-,0,0,0,4,5160,5340,8030,5020
TXO,202612,20261216.0,48200.0,Call,-,-,-,-,2680.0,-,-,0,0,0,1,0.4,2740,3960,2250
TXO,202612,20261216.0,48200.0,Put,-,-,-,-,5390.0,-,-,0,0,0,1,5280,5490,5860,5860
TXO,202612,20261216.0,48400.0,Call,-,-,-,-,2600.0,-,-,0,0,0,0,0.4,-,5700,1960
TXO,202612,20261216.0,48400.0,Put,-,-,-,-,5510.0,-,-,0,0,0,0,5400,5630,-,-
TXO,202612,20261216.0,48600.0,Call,-,-,-,-,2520.0,-,-,0,0,0,0,0.4,-,4880,3450
TXO,202612,20261216.0,48600.0,Put,-,-,-,-,5630.0,-,-,0,0,0,0,5510,5730,6090,4600
TXO,202612,20261216.0,48800.0,Call,-,-,-,-,2450.0,-,-,0,0,0,0,0.4,-,-,-
TXO,202612,20261216.0,48800.0,Put,-,-,-,-,5760.0,-,-,0,0,0,4,-,5840,8920,6400
TXO,202612,20261216.0,49000.0,Call,-,-,-,-,2370.0,-,-,0,0,0,9,0.4,2440,5280,1600
TXO,202612,20261216.0,49000.0,Put,-,-,-,-,5880.0,-,-,0,0,0,0,5760,6000,6900,5850
TXO,202612,20261216.0,49200.0,Call,-,-,-,-,2300.0,-,-,0,0,0,18,0.4,2370,4080,1570
TXO,202612,20261216.0,49200.0,Put,-,-,-,-,6000.0,-,-,0,0,0,0,5900,6110,-,-
TXO,202612,20261216.0,49400.0,Call,-,-,-,-,2230.0,-,-,0,0,0,1,2070,-,3760,1490
TXO,202612,20261216.0,49400.0,Put,-,-,-,-,6130.0,-,-,0,0,0,2,6030,6220,8650,8650
TXO,202612,20261216.0,49600.0,Call,-,-,-,-,2160.0,-,-,0,0,0,10,2010,-,4800,3490
TXO,202612,20261216.0,49600.0,Put,-,-,-,-,6260.0,-,-,0,0,0,0,6150,6360,6900,5500
TXO,202612,20261216.0,49800.0,Call,-,-,-,-,2080.0,-,-,0,0,0,6,0.4,2190,2780,1520
TXO,202612,20261216.0,49800.0,Put,-,-,-,-,6380.0,-,-,0,0,0,0,6290,6490,-,-
TXO,202612,20261216.0,50000.0,Call,-,-,-,-,2020.0,-,-,8,0,8,22,0.4,2120,5000,1350
TXO,202612,20261216.0,50000.0,Put,-,-,-,-,6520.0,-,-,0,0,0,0,6420,6630,-,-
TXO,202612,20261216.0,50200.0,Call,-,-,-,-,1950.0,-,-,0,0,0,3,0.4,2020,4800,2540
TXO,202612,20261216.0,50200.0,Put,-,-,-,-,6650.0,-,-,0,0,0,0,6540,6770,-,-
TXO,202612,20261216.0,50400.0,Call,-,-,-,-,1890.0,-,-,0,0,0,33,90,1960,5200,1250
TXO,202612,20261216.0,50400.0,Put,-,-,-,-,6780.0,-,-,0,0,0,3,6690,6900,9460,9450
TXO,202612,20261216.0,50600.0,Call,-,-,-,-,1820.0,-,-,0,0,0,0,0.4,-,3640,3380
TXO,202612,20261216.0,50600.0,Put,-,-,-,-,6920.0,-,-,0,0,0,0,6820,7040,-,-
TXO,202612,20261216.0,50800.0,Call,1540,1540,1540,1540,1760.0,▲+250,▲+19.38%,0,5,5,6,0.4,1850,3620,1450
TXO,202612,20261216.0,50800.0,Put,-,-,-,-,7060.0,-,-,0,0,0,0,6960,7180,-,-
TXO,202612,20261216.0,51000.0,Call,1710,1730,1710,1730,1730.0,▲+490,▲+39.52%,0,2,2,5,1570,-,4420,1710
TXO,202612,20261216.0,51000.0,Put,-,-,-,-,7200.0,-,-,0,0,0,0,7100,7320,-,-
TXO,202612,20261216.0,51200.0,Call,-,-,-,-,1660.0,-,-,0,0,0,0,2.1,-,-,-
TXO,202612,20261216.0,51200.0,Put,-,-,-,-,7350.0,-,-,0,0,0,0,7250,7460,-,-
TXO,202612,20261216.0,51400.0,Call,1550,1550,1550,1550,1600.0,▲+400,▲+34.78%,0,3,3,1,2.1,1660,1950,1550
TXO,202612,20261216.0,51400.0,Put,-,-,-,-,7480.0,-,-,0,0,0,0,7380,7580,-,-
TXO,202612,20261216.0,51600.0,Call,-,-,-,-,1550.0,-,-,0,0,0,0,2.1,-,3280,2950
TXO,202612,20261216.0,51600.0,Put,-,-,-,-,7630.0,-,-,0,0,0,0,-,7750,-,-
TXO,202612,20261216.0,51800.0,Call,-,-,-,-,1500.0,-,-,0,0,0,6,2.1,1560,2550,2050
TXO,202612,20261216.0,51800.0,Put,-,-,-,-,7790.0,-,-,0,0,0,0,7700,7900,-,-
TXO,202612,20261216.0,52000.0,Call,-,-,-,-,1460.0,-,-,1,0,1,8,2.1,1510,3380,1070
TXO,202612,20261216.0,52000.0,Put,-,-,-,-,7940.0,-,-,0,0,0,0,-,8060,-,-
TXO,202612,20261216.0,52200.0,Call,-,-,-,-,1410.0,-,-,0,0,0,0,2.1,-,-,-
TXO,202612,20261216.0,52200.0,Put,-,-,-,-,8090.0,-,-,0,0,0,0,-,8200,-,-
TXO,202612,20261216.0,52400.0,Call,-,-,-,-,1370.0,-,-,0,0,0,6,1210,-,3950,1750
TXO,202612,20261216.0,52400.0,Put,-,-,-,-,8250.0,-,-,0,0,0,4,-,8340,8790,8780
TXO,202612,20261216.0,52600.0,Call,-,-,-,-,1330.0,-,-,0,0,0,2,1150,-,1820,1530
TXO,202612,20261216.0,52600.0,Put,-,-,-,-,8410.0,-,-,0,0,0,0,8290,8510,-,-
TXO,202612,20261216.0,52800.0,Call,-,-,-,-,1290.0,-,-,0,0,0,3,2.1,1350,2770,1590
TXO,202612,20261216.0,52800.0,Put,-,-,-,-,8570.0,-,-,0,0,0,0,-,8650,-,-
TXO,202612,20261216.0,53000.0,Call,1110,1180,1110,1180,1250.0,▲+335,▲+39.64%,0,2,2,5,2.1,-,2970,910
TXO,202612,20261216.0,53000.0,Put,-,-,-,-,8720.0,-,-,0,0,0,0,8610,8810,-,-
TXO,202612,20261216.0,53200.0,Call,-,-,-,-,1210.0,-,-,0,0,0,13,1050,-,3950,1700
TXO,202612,20261216.0,53200.0,Put,-,-,-,-,8890.0,-,-,0,0,0,0,-,8910,-,-
TXO,202612,20261216.0,53400.0,Call,-,-,-,-,1180.0,-,-,0,0,0,4,970,-,2870,1500
TXO,202612,20261216.0,53400.0,Put,-,-,-,-,9050.0,-,-,0,0,0,0,-,9070,-,-
TXO,202612,20261216.0,53600.0,Call,-,-,-,-,1140.0,-,-,0,0,0,1,975,-,900,900
TXO,202612,20261216.0,53600.0,Put,-,-,-,-,9210.0,-,-,0,0,0,0,9080,9280,-,-
TXO,202612,20261216.0,53800.0,Call,-,-,-,-,1100.0,-,-,0,0,0,3,930,-,2640,1710
TXO,202612,20261216.0,53800.0,Put,-,-,-,-,9370.0,-,-,0,0,0,0,9230,9440,-,-
TXO,202612,20261216.0,54000.0,Call,-,-,-,-,1000.0,-,-,0,0,0,4,2.1,1100,3360,745
TXO,202612,20261216.0,54000.0,Put,-,-,-,-,9470.0,-,-,0,0,0,0,-,9610,-,-
TXO,202612,20261216.0,54200.0,Call,-,-,-,-,965.0,-,-,0,0,0,0,2.1,-,-,-
TXO,202612,20261216.0,54200.0,Put,-,-,-,-,9630.0,-,-,0,0,0,0,-,9770,-,-
TXO,202612,20261216.0,54400.0,Call,-,-,-,-,930.0,-,-,0,0,0,3,2.1,1030,2050,1850
TXO,202612,20261216.0,54400.0,Put,-,-,-,-,9800.0,-,-,0,0,0,0,-,9930,-,-
TXO,202612,20261216.0,54600.0,Call,-,-,-,-,900.0,-,-,0,0,0,1,780,-,1420,1420
TXO,202612,20261216.0,54600.0,Put,-,-,-,-,9960.0,-,-,0,0,0,0,-,10100,-,-
TXO,202612,20261216.0,54800.0,Call,-,-,-,-,865.0,-,-,0,0,0,9,2.1,965,3060,1410
TXO,202612,20261216.0,54800.0,Put,-,-,-,-,10120.0,-,-,0,0,0,0,-,10270,-,-
TXO,202612,20261216.0,55000.0,Call,700,700,700,700,835.0,▲+125,▲+21.74%,0,1,1,20,2.1,965,2920,620
TXO,202612,20261216.0,55000.0,Put,-,-,-,-,10290.0,-,-,0,0,0,0,-,10440,-,-
TXO,202612,20261216.0,55200.0,Call,-,-,-,-,800.0,-,-,0,0,0,2,650,-,1980,1370
TXO,202612,20261216.0,55200.0,Put,-,-,-,-,10460.0,-,-,0,0,0,0,10390,10610,-,-
TXO,202612,20261216.0,55400.0,Call,-,-,-,-,770.0,-,-,0,0,0,4,605,850,2930,1080
TXO,202612,20261216.0,55400.0,Put,-,-,-,-,10630.0,-,-,0,0,0,0,-,10780,-,-
TXO,202612,20261216.0,55600.0,Call,-,-,-,-,740.0,-,-,0,0,0,2,580,-,2150,1600
TXO,202612,20261216.0,55600.0,Put,-,-,-,-,10790.0,-,-,0,0,0,0,10730,10950,-,-
TXO,202612,20261216.0,55800.0,Call,-,-,-,-,710.0,-,-,3,0,3,35,555,805,3020,575
TXO,202612,20261216.0,55800.0,Put,-,-,-,-,10960.0,-,-,0,0,0,0,-,11110,-,-
TXO,202612,20261216.0,56000.0,Call,-,-,-,-,685.0,-,-,0,0,0,15,535,785,2170,670
TXO,202612,20261216.0,56000.0,Put,-,-,-,-,11130.0,-,-,0,0,0,0,-,11300,-,-
TXO,202612,20261216.0,56200.0,Call,-,-,-,-,660.0,-,-,0,0,0,1,515,-,1900,1800
TXO,202612,20261216.0,56200.0,Put,-,-,-,-,11310.0,-,-,0,0,0,0,-,11470,-,-
TXO,202612,20261216.0,56400.0,Call,-,-,-,-,630.0,-,-,0,0,0,2,495,-,1770,1740
TXO,202612,20261216.0,56400.0,Put,-,-,-,-,11480.0,-,-,0,0,0,0,-,11650,-,-
TXO,202612,20261216.0,56600.0,Call,-,-,-,-,605.0,-,-,0,0,0,0,483,-,-,-
TXO,202612,20261216.0,56600.0,Put,-,-,-,-,11650.0,-,-,0,0,0,0,-,11830,-,-
TXO,202612,20261216.0,56800.0,Call,-,-,-,-,585.0,-,-,0,0,0,1,457,-,1830,1830
TXO,202612,20261216.0,56800.0,Put,-,-,-,-,11830.0,-,-,0,0,0,0,-,12010,-,-
TXO,202612,20261216.0,57000.0,Call,-,-,-,-,565.0,-,-,0,0,0,11,439,650,2500,570
TXO,202612,20261216.0,57000.0,Put,-,-,-,-,12000.0,-,-,0,0,0,0,-,12190,-,-
TXO,202612,20261216.0,57200.0,Call,-,-,-,-,540.0,-,-,0,0,0,2,378,635,1880,545
TXO,202612,20261216.0,57200.0,Put,-,-,-,-,12180.0,-,-,0,0,0,0,-,12360,-,-
TXO,202612,20261216.0,57400.0,Call,440,510,421,510,510.0,▲+160,▲+45.71%,0,10,10,262,405,520,1870,372
TXO,202612,20261216.0,57400.0,Put,-,-,-,-,12360.0,-,-,0,0,0,0,-,12550,-,-
TXO,202703,20270317.0,33800.0,Call,-,-,-,-,13440.0,-,-,0,0,0,0,-,-,-,-
TXO,202703,20270317.0,33800.0,Put,1260,1260,1260,1260,1110.0,▼-110,▼-8.03%,0,1,1,1,256,1280,1260,1260
TXO,202703,20270317.0,34000.0,Call,-,-,-,-,13270.0,-,-,0,0,0,0,-,-,-,-
TXO,202703,20270317.0,34000.0,Put,-,-,-,-,1140.0,-,-,0,0,0,4,100,1290,1420,1250
TXO,202703,20270317.0,34200.0,Call,-,-,-,-,13100.0,-,-,0,0,0,0,-,-,-,-
TXO,202703,20270317.0,34200.0,Put,-,-,-,-,1170.0,-,-,0,0,0,1,13,1320,1390,1390
TXO,202703,20270317.0,34400.0,Call,-,-,-,-,12940.0,-,-,0,0,0,0,-,-,-,-
TXO,202703,20270317.0,34400.0,Put,-,-,-,-,1210.0,-,-,0,0,0,0,0.3,-,-,-
TXO,202703,20270317.0,34600.0,Call,-,-,-,-,12780.0,-,-,0,0,0,0,-,-,-,-
TXO,202703,20270317.0,34600.0,Put,-,-,-,-,1240.0,-,-,0,0,0,0,1,-,-,-
TXO,202703,20270317.0,34800.0,Call,-,-,-,-,12620.0,-,-,0,0,0,0,-,-,-,-
TXO,202703,20270317.0,34800.0,Put,-,-,-,-,1280.0,-,-,0,0,0,0,1,-,-,-
TXO,202703,20270317.0,35000.0,Call,-,-,-,-,12450.0,-,-,0,0,0,0,-,-,-,-
TXO,202703,20270317.0,35000.0,Put,-,-,-,-,1310.0,-,-,0,0,0,0,0.3,-,-,-
TXO,202703,20270317.0,35200.0,Call,-,-,-,-,12290.0,-,-,0,0,0,0,-,-,-,-
TXO,202703,20270317.0,35200.0,Put,-,-,-,-,1350.0,-,-,0,0,0,0,0.3,-,-,-
TXO,202703,20270317.0,35400.0,Call,-,-,-,-,12140.0,-,-,0,0,0,0,-,-,-,-
TXO,202703,20270317.0,35400.0,Put,-,-,-,-,1390.0,-,-,0,0,0,0,0.3,-,-,-
TXO,202703,20270317.0,35600.0,Call,-,-,-,-,11980.0,-,-,0,0,0,0,-,-,-,-
TXO,202703,20270317.0,35600.0,Put,1490,1490,1490,1490,1430.0,▼-290,▼-16.29%,1,37,38,27,1340,-,1860,1190
TXO,202703,20270317.0,35800.0,Call,-,-,-,-,11820.0,-,-,0,0,0,0,-,-,-,-
TXO,202703,20270317.0,35800.0,Put,-,-,-,-,1470.0,-,-,0,0,0,1,1320,1560,1650,1300
TXO,202703,20270317.0,36000.0,Call,-,-,-,-,11670.0,-,-,0,0,0,0,-,-,-,-
TXO,202703,20270317.0,36000.0,Put,-,-,-,-,1520.0,-,-,0,0,0,9,1490,1670,1570,1300
TXO,202703,20270317.0,36200.0,Call,-,-,-,-,11510.0,-,-,0,0,0,0,-,-,-,-
TXO,202703,20270317.0,36200.0,Put,-,-,-,-,1550.0,-,-,0,0,0,9,1470,1640,1640,1350
TXO,202703,20270317.0,36400.0,Call,-,-,-,-,11350.0,-,-,0,0,0,0,-,-,-,-
TXO,202703,20270317.0,36400.0,Put,-,-,-,-,1590.0,-,-,0,0,0,8,1470,1730,1800,1340
TXO,202703,20270317.0,36600.0,Call,-,-,-,-,11180.0,-,-,0,0,0,3,11040,-,13790,13630
TXO,202703,20270317.0,36600.0,Put,-,-,-,-,1620.0,-,-,0,0,0,18,0.3,1780,2190,1520
TXO,202703,20270317.0,36800.0,Call,-,-,-,-,11030.0,-,-,0,0,0,0,-,-,-,-
TXO,202703,20270317.0,36800.0,Put,-,-,-,-,1670.0,-,-,0,0,0,3,11,1820,1990,1990
TXO,202703,20270317.0,37000.0,Call,-,-,-,-,10890.0,-,-,0,0,0,0,-,-,-,-
TXO,202703,20270317.0,37000.0,Put,-,-,-,-,1730.0,-,-,0,0,0,3,0.3,1870,2200,1670
TXO,202703,20270317.0,37200.0,Call,-,-,-,-,10730.0,-,-,0,0,0,0,-,-,-,-
TXO,202703,20270317.0,37200.0,Put,-,-,-,-,1770.0,-,-,0,0,0,0,0.3,-,-,-
TXO,202703,20270317.0,37400.0,Call,-,-,-,-,10590.0,-,-,0,0,0,0,10460,-,-,-
TXO,202703,20270317.0,37400.0,Put,-,-,-,-,1820.0,-,-,0,0,0,2,0.3,1970,2000,1980
TXO,202703,20270317.0,37600.0,Call,-,-,-,-,10430.0,-,-,0,0,0,0,-,-,-,-
TXO,202703,20270317.0,37600.0,Put,-,-,-,-,1870.0,-,-,0,0,0,3,1780,-,2450,1870
TXO,202703,20270317.0,37800.0,Call,-,-,-,-,10290.0,-,-,0,0,0,0,-,-,-,-
TXO,202703,20270317.0,37800.0,Put,-,-,-,-,1910.0,-,-,0,0,0,0,0.3,-,-,-
TXO,202703,20270317.0,38000.0,Call,-,-,-,-,10130.0,-,-,0,0,0,1,9980,-,11830,11830
TXO,202703,20270317.0,38000.0,Put,2000,2000,2000,2000,1950.0,▼-410,▼-17.01%,0,1,1,1,0.3,2050,2180,1760
TXO,202703,20270317.0,38200.0,Call,-,-,-,-,9990.0,-,-,0,0,0,0,-,-,-,-
TXO,202703,20270317.0,38200.0,Put,-,-,-,-,2010.0,-,-,0,0,0,0,0.3,-,-,-
TXO,202703,20270317.0,38400.0,Call,-,-,-,-,9850.0,-,-,0,0,0,0,-,-,-,-
TXO,202703,20270317.0,38400.0,Put,-,-,-,-,2070.0,-,-,0,0,0,0,0.3,-,-,-
TXO,202703,20270317.0,38600.0,Call,-,-,-,-,9710.0,-,-,0,0,0,0,-,-,-,-
TXO,202703,20270317.0,38600.0,Put,-,-,-,-,2130.0,-,-,0,0,0,0,0.3,-,-,-
TXO,202703,20270317.0,38800.0,Call,-,-,-,-,9570.0,-,-,0,0,0,0,-,-,-,-
TXO,202703,20270317.0,38800.0,Put,-,-,-,-,2180.0,-,-,0,0,0,1,0.3,2300,2560,2560
TXO,202703,20270317.0,39000.0,Call,-,-,-,-,9430.0,-,-,0,0,0,0,-,-,-,-
TXO,202703,20270317.0,39000.0,Put,-,-,-,-,2240.0,-,-,0,0,0,2,0.3,2360,2620,2600
TXO,202703,20270317.0,39200.0,Call,-,-,-,-,9280.0,-,-,0,0,0,0,-,-,-,-
TXO,202703,20270317.0,39200.0,Put,-,-,-,-,2290.0,-,-,0,0,0,1,0.3,2410,2680,2680
TXO,202703,20270317.0,39400.0,Call,-,-,-,-,9140.0,-,-,0,0,0,0,-,-,-,-
TXO,202703,20270317.0,39400.0,Put,-,-,-,-,2350.0,-,-,0,0,0,1,0.3,2430,2740,2740
TXO,202703,20270317.0,39600.0,Call,-,-,-,-,9000.0,-,-,0,0,0,0,-,-,-,-
TXO,202703,20270317.0,39600.0,Put,-,-,-,-,2410.0,-,-,0,0,0,1,0.3,2490,2830,2830
TXO,202703,20270317.0,39800.0,Call,-,-,-,-,8860.0,-,-,0,0,0,0,-,-,-,-
TXO,202703,20270317.0,39800.0,Put,2460,2460,2460,2460,2460.0,▼-550,▼-18.27%,0,1,1,2,0.5,2550,2870,2460
TXO,202703,20270317.0,40000.0,Call,-,-,-,-,8710.0,-,-,0,0,0,1,8630,-,11530,11530
TXO,202703,20270317.0,40000.0,Put,-,-,-,-,2510.0,-,-,0,0,0,36,2420,-,3450,2220
TXO,202703,20270317.0,40200.0,Call,-,-,-,-,8580.0,-,-,0,0,0,0,-,-,-,-
TXO,202703,20270317.0,40200.0,Put,-,-,-,-,2580.0,-,-,0,0,0,0,0.3,-,-,-
TXO,202703,20270317.0,40400.0,Call,-,-,-,-,8450.0,-,-,0,0,0,0,8320,-,-,-
TXO,202703,20270317.0,40400.0,Put,-,-,-,-,2650.0,-,-,0,0,0,0,0.3,-,-,-
TXO,202703,20270317.0,40600.0,Call,-,-,-,-,8320.0,-,-,0,0,0,0,7460,-,-,-
TXO,202703,20270317.0,40600.0,Put,-,-,-,-,2710.0,-,-,0,0,0,0,0.3,-,-,-
TXO,202703,20270317.0,40800.0,Call,-,-,-,-,8190.0,-,-,0,0,0,0,8050,8270,-,-
TXO,202703,20270317.0,40800.0,Put,-,-,-,-,2780.0,-,-,0,0,0,0,0.3,-,-,-
TXO,202703,20270317.0,41000.0,Call,-,-,-,-,8060.0,-,-,0,0,0,0,7560,-,-,-
TXO,202703,20270317.0,41000.0,Put,-,-,-,-,2850.0,-,-,0,0,0,2,2720,-,3430,3100
TXO,202703,20270317.0,41200.0,Call,-,-,-,-,7920.0,-,-,0,0,0,0,7590,-,-,-
TXO,202703,20270317.0,41200.0,Put,-,-,-,-,2910.0,-,-,0,0,0,1,0.3,2990,3000,3000
TXO,202703,20270317.0,41400.0,Call,-,-,-,-,7800.0,-,-,0,0,0,0,7620,7910,-,-
TXO,202703,20270317.0,41400.0,Put,-,-,-,-,2980.0,-,-,0,0,0,0,0.3,-,-,-
TXO,202703,20270317.0,41600.0,Call,-,-,-,-,7670.0,-,-,0,0,0,0,7530,7930,-,-
TXO,202703,20270317.0,41600.0,Put,-,-,-,-,3050.0,-,-,0,0,0,1,0.3,3120,3390,3390
TXO,202703,20270317.0,41800.0,Call,-,-,-,-,7550.0,-,-,0,0,0,0,7400,7800,-,-
TXO,202703,20270317.0,41800.0,Put,-,-,-,-,3120.0,-,-,0,0,0,1,0.3,3190,3200,3200
TXO,202703,20270317.0,42000.0,Call,-,-,-,-,7420.0,-,-,0,0,0,1,7300,7470,11500,9700
TXO,202703,20270317.0,42000.0,Put,-,-,-,-,3200.0,-,-,0,0,0,10,3060,-,3290,3110
TXO,202703,20270317.0,42200.0,Call,-,-,-,-,7300.0,-,-,0,0,0,0,7140,7410,-,-
TXO,202703,20270317.0,42200.0,Put,-,-,-,-,3280.0,-,-,0,0,0,0,0.3,-,-,-
TXO,202703,20270317.0,42400.0,Call,-,-,-,-,7190.0,-,-,0,0,0,0,6880,7310,-,-
TXO,202703,20270317.0,42400.0,Put,-,-,-,-,3360.0,-,-,0,0,0,0,0.3,-,-,-
TXO,202703,20270317.0,42600.0,Call,-,-,-,-,7070.0,-,-,0,0,0,0,6810,7230,-,-
TXO,202703,20270317.0,42600.0,Put,-,-,-,-,3440.0,-,-,0,0,0,0,0.3,-,-,-
TXO,202703,20270317.0,42800.0,Call,-,-,-,-,6920.0,-,-,0,0,0,0,6650,7100,-,-
TXO,202703,20270317.0,42800.0,Put,-,-,-,-,3490.0,-,-,0,0,0,0,0.3,-,-,-
TXO,202703,20270317.0,43000.0,Call,-,-,-,-,6800.0,-,-,0,0,0,0,6570,6920,-,-
TXO,202703,20270317.0,43000.0,Put,-,-,-,-,3560.0,-,-,0,0,0,1,0.3,3700,4090,4090
TXO,202703,20270317.0,43200.0,Call,-,-,-,-,6680.0,-,-,0,0,0,0,6450,6800,-,-
TXO,202703,20270317.0,43200.0,Put,-,-,-,-,3640.0,-,-,0,0,0,0,-,-,-,-
TXO,202703,20270317.0,43400.0,Call,-,-,-,-,6570.0,-,-,0,0,0,0,6410,6680,-,-
TXO,202703,20270317.0,43400.0,Put,-,-,-,-,3730.0,-,-,0,0,0,1,-,3800,3730,3730
TXO,202703,20270317.0,43600.0,Call,-,-,-,-,6460.0,-,-,0,0,0,0,6220,6570,-,-
TXO,202703,20270317.0,43600.0,Put,-,-,-,-,3820.0,-,-,0,0,0,0,-,-,-,-
TXO,202703,20270317.0,43800.0,Call,-,-,-,-,6350.0,-,-,0,0,0,0,6190,6560,-,-
TXO,202703,20270317.0,43800.0,Put,-,-,-,-,3900.0,-,-,0,0,0,0,-,-,-,-
TXO,202703,20270317.0,44000.0,Call,-,-,-,-,6240.0,-,-,0,0,0,12,6060,6360,9500,5700
TXO,202703,20270317.0,44000.0,Put,-,-,-,-,3990.0,-,-,0,0,0,0,-,-,-,-
TXO,202703,20270317.0,44200.0,Call,-,-,-,-,6120.0,-,-,0,0,0,0,5870,6220,-,-
TXO,202703,20270317.0,44200.0,Put,-,-,-,-,4070.0,-,-,0,0,0,0,-,-,-,-
TXO,202703,20270317.0,44400.0,Call,-,-,-,-,6010.0,-,-,0,0,0,0,5830,6260,-,-
TXO,202703,20270317.0,44400.0,Put,-,-,-,-,4160.0,-,-,0,0,0,0,-,-,-,-
TXO,202703,20270317.0,44600.0,Call,-,-,-,-,5910.0,-,-,0,0,0,0,5720,6020,-,-
TXO,202703,20270317.0,44600.0,Put,-,-,-,-,4250.0,-,-,0,0,0,0,-,-,-,-
TXO,202703,20270317.0,44800.0,Call,-,-,-,-,5800.0,-,-,0,0,0,0,5610,6040,-,-
TXO,202703,20270317.0,44800.0,Put,-,-,-,-,4340.0,-,-,0,0,0,6,-,4450,5330,4000
TXO,202703,20270317.0,45000.0,Call,-,-,-,-,5700.0,-,-,0,0,0,0,5500,5760,-,-
TXO,202703,20270317.0,45000.0,Put,-,-,-,-,4440.0,-,-,0,0,0,1,-,4490,4000,4000
TXO,202703,20270317.0,45200.0,Call,-,-,-,-,5600.0,-,-,0,0,0,0,5390,5790,-,-
TXO,202703,20270317.0,45200.0,Put,-,-,-,-,4530.0,-,-,0,0,0,0,-,-,-,-
TXO,202703,20270317.0,45400.0,Call,-,-,-,-,5490.0,-,-,0,0,0,0,-,-,-,-
TXO,202703,20270317.0,45400.0,Put,-,-,-,-,4620.0,-,-,0,0,0,0,-,-,-,-
TXO,202703,20270317.0,45600.0,Call,-,-,-,-,5390.0,-,-,0,0,0,0,-,-,-,-
TXO,202703,20270317.0,45600.0,Put,-,-,-,-,4720.0,-,-,0,0,0,0,-,-,-,-
TXO,202703,20270317.0,45800.0,Call,-,-,-,-,5280.0,-,-,0,0,0,0,-,-,-,-
TXO,202703,20270317.0,45800.0,Put,-,-,-,-,4810.0,-,-,0,0,0,0,-,-,-,-
TXO,202703,20270317.0,46000.0,Call,-,-,-,-,5180.0,-,-,0,0,0,2,5000,-,8000,7700
TXO,202703,20270317.0,46000.0,Put,-,-,-,-,4910.0,-,-,0,0,0,4,-,4990,5700,4360
TXO,202703,20270317.0,46200.0,Call,-,-,-,-,5090.0,-,-,0,0,0,0,0.3,-,-,-
TXO,202703,20270317.0,46200.0,Put,-,-,-,-,5010.0,-,-,0,0,0,0,-,-,-,-
TXO,202703,20270317.0,46400.0,Call,-,-,-,-,4970.0,-,-,0,0,0,0,0.3,-,-,-
TXO,202703,20270317.0,46400.0,Put,-,-,-,-,5090.0,-,-,0,0,0,0,-,-,-,-
TXO,202703,20270317.0,46600.0,Call,-,-,-,-,4850.0,-,-,0,0,0,2,4700,-,7460,7430
TXO,202703,20270317.0,46600.0,Put,-,-,-,-,5170.0,-,-,0,0,0,0,-,-,-,-
TXO,202703,20270317.0,46800.0,Call,-,-,-,-,4760.0,-,-,0,0,0,0,0.4,-,-,-
TXO,202703,20270317.0,46800.0,Put,-,-,-,-,5270.0,-,-,0,0,0,0,-,-,-,-
TXO,202703,20270317.0,47000.0,Call,-,-,-,-,4660.0,-,-,0,0,0,1,4520,-,7200,4080
TXO,202703,20270317.0,47000.0,Put,-,-,-,-,5380.0,-,-,0,0,0,0,-,-,-,-
TXO,202703,20270317.0,47200.0,Call,-,-,-,-,4570.0,-,-,0,0,0,0,0.4,-,-,-
TXO,202703,20270317.0,47200.0,Put,-,-,-,-,5480.0,-,-,0,0,0,0,-,-,-,-
TXO,202703,20270317.0,47400.0,Call,-,-,-,-,4470.0,-,-,0,0,0,0,0.4,-,-,-
TXO,202703,20270317.0,47400.0,Put,-,-,-,-,5580.0,-,-,0,0,0,0,-,5660,-,-
TXO,202703,20270317.0,47600.0,Call,-,-,-,-,4390.0,-,-,0,0,0,0,3600,-,-,-
TXO,202703,20270317.0,47600.0,Put,-,-,-,-,5690.0,-,-,0,0,0,0,-,5760,-,-
TXO,202703,20270317.0,47800.0,Call,-,-,-,-,4310.0,-,-,0,0,0,0,0.4,-,-,-
TXO,202703,20270317.0,47800.0,Put,-,-,-,-,5810.0,-,-,0,0,0,0,-,5940,-,-
TXO,202703,20270317.0,48000.0,Call,3920,3920,3920,3920,4220.0,▲+470,▲+13.62%,0,1,1,1,4010,4220,3920,3920
TXO,202703,20270317.0,48000.0,Put,-,-,-,-,5920.0,-,-,0,0,0,7,5760,6180,6110,5620
TXO,202703,20270317.0,48200.0,Call,-,-,-,-,4140.0,-,-,0,0,0,0,0.4,-,-,-
TXO,202703,20270317.0,48200.0,Put,-,-,-,-,6040.0,-,-,0,0,0,0,5890,6290,-,-
TXO,202703,20270317.0,48400.0,Call,-,-,-,-,4040.0,-,-,0,0,0,0,0.4,-,7100,6350
TXO,202703,20270317.0,48400.0,Put,-,-,-,-,6140.0,-,-,0,0,0,0,6000,6400,-,-
TXO,202703,20270317.0,48600.0,Call,-,-,-,-,3960.0,-,-,0,0,0,1,3770,-,6300,4000
TXO,202703,20270317.0,48600.0,Put,-,-,-,-,6250.0,-,-,0,0,0,0,6110,6510,-,-
TXO,202703,20270317.0,48800.0,Call,-,-,-,-,3880.0,-,-,0,0,0,0,0.4,-,-,-
TXO,202703,20270317.0,48800.0,Put,-,-,-,-,6370.0,-,-,0,0,0,0,6230,6640,-,-
TXO,202703,20270317.0,49000.0,Call,3690,3690,3690,3690,3770.0,▲+600,▲+19.42%,0,1,1,1,0.4,3920,6150,3690
TXO,202703,20270317.0,49000.0,Put,-,-,-,-,6450.0,-,-,0,0,0,6,6360,6550,6600,5960
TXO,202703,20270317.0,49200.0,Call,-,-,-,-,3690.0,-,-,0,0,0,4,0.4,3760,6280,5840
TXO,202703,20270317.0,49200.0,Put,-,-,-,-,6580.0,-,-,0,0,0,0,6460,6860,-,-
TXO,202703,20270317.0,49400.0,Call,-,-,-,-,3620.0,-,-,0,0,0,0,0.4,-,5760,5750
TXO,202703,20270317.0,49400.0,Put,-,-,-,-,6700.0,-,-,0,0,0,0,6580,6980,-,-
TXO,202703,20270317.0,49600.0,Call,-,-,-,-,3530.0,-,-,0,0,0,0,0.3,-,-,-
TXO,202703,20270317.0,49600.0,Put,-,-,-,-,6810.0,-,-,0,0,0,0,6700,7100,-,-
TXO,202703,20270317.0,49800.0,Call,-,-,-,-,3460.0,-,-,0,0,0,0,0.4,-,-,-
TXO,202703,20270317.0,49800.0,Put,-,-,-,-,6940.0,-,-,0,0,0,0,6820,7220,-,-
TXO,202703,20270317.0,50000.0,Call,3360,3360,3340,3340,3380.0,▲+580,▲+21.01%,0,3,3,6,3270,-,7300,3000
TXO,202703,20270317.0,50000.0,Put,-,-,-,-,7050.0,-,-,0,0,0,1,6950,7340,6230,6230
TXO,202703,20270317.0,50200.0,Call,-,-,-,-,3290.0,-,-,0,0,0,0,0.4,-,5650,5450
TXO,202703,20270317.0,50200.0,Put,-,-,-,-,7160.0,-,-,0,0,0,0,7060,7470,-,-
TXO,202703,20270317.0,50400.0,Call,-,-,-,-,3220.0,-,-,0,0,0,0,0.4,-,-,-
TXO,202703,20270317.0,50400.0,Put,-,-,-,-,7290.0,-,-,0,0,0,0,7190,7600,-,-
TXO,202703,20270317.0,50600.0,Call,-,-,-,-,3160.0,-,-,0,0,0,0,0.4,-,-,-
TXO,202703,20270317.0,50600.0,Put,-,-,-,-,7420.0,-,-,0,0,0,0,7310,7720,-,-
TXO,202703,20270317.0,50800.0,Call,-,-,-,-,3090.0,-,-,0,0,0,0,0.4,-,-,-
TXO,202703,20270317.0,50800.0,Put,-,-,-,-,7560.0,-,-,0,0,0,0,7450,7840,-,-
TXO,202703,20270317.0,51000.0,Call,-,-,-,-,3020.0,-,-,0,0,0,1,0.4,3090,6190,3680
TXO,202703,20270317.0,51000.0,Put,-,-,-,-,7680.0,-,-,0,0,0,0,7590,7790,-,-
TXO,202703,20270317.0,51200.0,Call,-,-,-,-,2940.0,-,-,0,0,0,0,0.4,-,-,-
TXO,202703,20270317.0,51200.0,Put,-,-,-,-,7800.0,-,-,0,0,0,0,7720,7910,-,-
TXO,202703,20270317.0,51400.0,Call,-,-,-,-,2880.0,-,-,0,0,0,0,0.4,-,5950,4650
TXO,202703,20270317.0,51400.0,Put,-,-,-,-,7930.0,-,-,0,0,0,0,7830,8250,-,-
TXO,202703,20270317.0,51600.0,Call,-,-,-,-,2810.0,-,-,0,0,0,0,0.4,-,5400,4570
TXO,202703,20270317.0,51600.0,Put,-,-,-,-,8070.0,-,-,0,0,0,0,7930,8160,-,-
TXO,202703,20270317.0,51800.0,Call,-,-,-,-,2750.0,-,-,0,0,0,1,2640,-,4720,4600
TXO,202703,20270317.0,51800.0,Put,-,-,-,-,8200.0,-,-,0,0,0,0,8100,8500,-,-
TXO,202703,20270317.0,52000.0,Call,-,-,-,-,2670.0,-,-,0,0,0,3,1,-,5800,4430
TXO,202703,20270317.0,52000.0,Put,-,-,-,-,8320.0,-,-,0,0,0,0,8250,8420,-,-
TXO,202703,20270317.0,52200.0,Call,-,-,-,-,2590.0,-,-,0,0,0,0,0.4,-,-,-
TXO,202703,20270317.0,52200.0,Put,-,-,-,-,8440.0,-,-,0,0,0,0,8370,8590,-,-
TXO,202703,20270317.0,52400.0,Call,-,-,-,-,2530.0,-,-,0,0,0,1,2390,-,4900,4500
TXO,202703,20270317.0,52400.0,Put,-,-,-,-,8580.0,-,-,0,0,0,0,8470,8730,-,-
TXO,202703,20270317.0,52600.0,Call,-,-,-,-,2470.0,-,-,0,0,0,0,0.4,-,-,-
TXO,202703,20270317.0,52600.0,Put,-,-,-,-,8710.0,-,-,0,0,0,0,8640,8870,-,-
TXO,202703,20270317.0,52800.0,Call,-,-,-,-,2420.0,-,-,0,0,0,0,0.4,-,4470,4380
TXO,202703,20270317.0,52800.0,Put,-,-,-,-,8860.0,-,-,0,0,0,0,8780,9180,-,-
TXO,202703,20270317.0,53000.0,Call,-,-,-,-,2360.0,-,-,0,0,0,2,2180,2460,4850,2200
TXO,202703,20270317.0,53000.0,Put,-,-,-,-,9000.0,-,-,0,0,0,0,8930,9350,-,-
TXO,202703,20270317.0,53200.0,Call,-,-,-,-,2310.0,-,-,0,0,0,0,0.4,-,4700,4010
TXO,202703,20270317.0,53200.0,Put,-,-,-,-,9150.0,-,-,0,0,0,0,9070,9490,-,-
TXO,202703,20270317.0,53400.0,Call,-,-,-,-,2260.0,-,-,0,0,0,0,0.4,-,-,-
TXO,202703,20270317.0,53400.0,Put,-,-,-,-,9290.0,-,-,0,0,0,1,9220,9440,8400,8400
TXO,202703,20270317.0,53600.0,Call,-,-,-,-,2210.0,-,-,0,0,0,0,0.4,-,-,-
TXO,202703,20270317.0,53600.0,Put,-,-,-,-,9440.0,-,-,0,0,0,0,9360,9750,-,-
TXO,202703,20270317.0,53800.0,Call,-,-,-,-,2160.0,-,-,0,0,0,0,0.4,-,4600,4200
TXO,202703,20270317.0,53800.0,Put,-,-,-,-,9590.0,-,-,0,0,0,0,9510,9900,-,-
TXO,202703,20270317.0,54000.0,Call,-,-,-,-,2110.0,-,-,0,0,0,16,1980,-,4820,3120
TXO,202703,20270317.0,54000.0,Put,-,-,-,-,9730.0,-,-,0,0,0,0,-,9840,-,-
TXO,202703,20270317.0,54200.0,Call,-,-,-,-,2060.0,-,-,0,0,0,0,0.4,-,-,-
TXO,202703,20270317.0,54200.0,Put,-,-,-,-,9880.0,-,-,0,0,0,0,9810,10190,-,-
TXO,202703,20270317.0,54400.0,Call,-,-,-,-,1990.0,-,-,0,0,0,0,0.4,-,-,-
TXO,202703,20270317.0,54400.0,Put,-,-,-,-,10010.0,-,-,0,0,0,0,9960,10340,-,-
TXO,202703,20270317.0,54600.0,Call,-,-,-,-,1940.0,-,-,0,0,0,0,0.4,-,-,-
TXO,202703,20270317.0,54600.0,Put,-,-,-,-,10160.0,-,-,0,0,0,0,-,-,-,-
TXO,202703,20270317.0,54800.0,Call,-,-,-,-,1900.0,-,-,0,0,0,0,0.4,-,-,-
TXO,202703,20270317.0,54800.0,Put,-,-,-,-,10310.0,-,-,0,0,0,0,-,-,-,-
TXO,202703,20270317.0,55000.0,Call,-,-,-,-,1850.0,-,-,0,0,0,3,1800,1970,3600,1570
TXO,202703,20270317.0,55000.0,Put,-,-,-,-,10460.0,-,-,0,0,0,0,-,-,-,-
TXO,202703,20270317.0,55200.0,Call,-,-,-,-,1800.0,-,-,0,0,0,2,1710,-,4510,1700
TXO,202703,20270317.0,55200.0,Put,-,-,-,-,10610.0,-,-,0,0,0,0,-,-,-,-
TXO,202703,20270317.0,55400.0,Call,-,-,-,-,1760.0,-,-,0,0,0,0,0.4,-,-,-
TXO,202703,20270317.0,55400.0,Put,-,-,-,-,10770.0,-,-,0,0,0,0,-,-,-,-
TXO,202703,20270317.0,55600.0,Call,-,-,-,-,1720.0,-,-,0,0,0,1,1560,-,1730,1730
TXO,202703,20270317.0,55600.0,Put,-,-,-,-,10920.0,-,-,0,0,0,0,-,-,-,-
TXO,202703,20270317.0,55800.0,Call,-,-,-,-,1680.0,-,-,0,0,0,3,0.4,1770,4340,3170
TXO,202703,20270317.0,55800.0,Put,-,-,-,-,11080.0,-,-,0,0,0,0,-,-,-,-
TXO,202703,20270317.0,56000.0,Call,-,-,-,-,1630.0,-,-,0,0,0,5,0.4,1730,2570,1360
TXO,202703,20270317.0,56000.0,Put,-,-,-,-,11220.0,-,-,0,0,0,2,11140,-,10950,10440
TXO,202703,20270317.0,56200.0,Call,-,-,-,-,1590.0,-,-,0,0,0,0,0.4,-,-,-
TXO,202703,20270317.0,56200.0,Put,-,-,-,-,11380.0,-,-,0,0,0,0,-,-,-,-
TXO,202703,20270317.0,56400.0,Call,-,-,-,-,1550.0,-,-,0,0,0,0,0.4,-,-,-
TXO,202703,20270317.0,56400.0,Put,-,-,-,-,11550.0,-,-,0,0,0,0,-,-,-,-
TXO,202703,20270317.0,56600.0,Call,-,-,-,-,1520.0,-,-,0,0,0,1,1420,-,1760,1760
TXO,202703,20270317.0,56600.0,Put,-,-,-,-,11710.0,-,-,0,0,0,0,11650,11910,-,-
TXO,202703,20270317.0,56800.0,Call,-,-,-,-,1480.0,-,-,0,0,0,0,250,-,-,-
TXO,202703,20270317.0,56800.0,Put,-,-,-,-,11860.0,-,-,0,0,0,0,-,-,-,-
TXO,202703,20270317.0,57000.0,Call,-,-,-,-,1440.0,-,-,0,0,0,7,2.1,1520,2950,1230
TXO,202703,20270317.0,57000.0,Put,-,-,-,-,12020.0,-,-,0,0,0,0,-,-,-,-
TXO,202703,20270317.0,57200.0,Call,1280,1280,1280,1280,1400.0,▲+160,▲+14.29%,0,1,1,12,100,1490,3450,1200
TXO,202703,20270317.0,57200.0,Put,-,-,-,-,12180.0,-,-,0,0,0,0,-,-,-,-
TXO,202703,20270317.0,57400.0,Call,1360,1360,1360,1360,1390.0,▲+260,▲+23.64%,0,1,1,123,1240,1680,3760,1100
TXO,202703,20270317.0,57400.0,Put,-,-,-,-,12370.0,-,-,0,0,0,0,-,-,-,-
