統一代號,股票名稱,產業別,B0_股價日期,B0_成交,B0_漲跌幅,B0_成交張數,B0_成交額(百萬),B0_PER,B0_5日均量,B0_5日均額(百萬),B0_量價狀態,B0_金額日變化率(%),B0_爆發倍數(X),今日上榜,△,法人持股,外資持股比,最新動態,5日ΔChange,20日ΔChange,60日ΔChange,120日ΔChange,B2_外資成交動態,B2_投信成交動態,B2_外資發行動態,B2_投信發行動態,B3_連買狀態,軋空評估,套牢評估,B4_融資減幅_當日,B4_融資減幅_5日,B4_融資減張_當日,B4_融資減張_5日,B4_融資減張_當日估算(萬),B4_借券減幅_當日,B4_借券減幅_5日,B4_借券減張_當日,B4_借券減張_5日,B4_借券減張_當日估算(萬),B4_融券增幅_當日,B4_融券增幅_5日,B4_融券增張_當日,B4_融券增張_5日,B4_融券增張_當日估算(萬),B4_融資增幅_當日,B4_融資增幅_5日,B4_借券增幅_當日,B4_借券增幅_5日,B4_融資增張_當日,B4_融資增張_5日,B4_融資增張_當日估算(萬),B4_借券增張_當日,B4_借券增張_5日,B4_借券增張_當日估算(萬),B4_借券實際減額_當日,B4_借券實際減額_5日,B4_借券實際增額_當日,B4_借券實際增額_5日,B5_1000張_週動態,B5_1000張_最新週,B5_1000張_6周,B5_800張_週動態,B5_800張_最新週,B5_800張_6周,B5_600張_週動態,B5_600張_最新週,B5_600張_6周,B5_400張_週動態,B5_400張_最新週,B5_400張_6周,B5_共振狀態,B6_總額(億),B6_成交均價,B6_收盤價,B6_防守狀態,B7_董監持股%,B7_董監質押%,B7_持股近月增減%,B7_持股動態,B7_持股近半年增減%,B7_質押近月增減%,B7_質押動態,B8_日連買,B8_週連買,B8_囤貨張數
1240,茂生農經,農業科技業,09/17,55.6,0.72,5.0,0.29,10.4,5.0,0.28,⏸️ 平量滯漲 (拋壓增大，高位見頂),61.111111111111114,1.04,,,,3.70,,,,,,,,,,,,,,,,,,,,,,,,,,,,,,,,,,,,,,,,,,🔄 持平,0.0,0.02,🔄 持平,-0.0,0.02,🔄 持平,-0.0,0.02,🔄 持平,-0.0,0.02,,,,,,11.1,21.8,0.0,🔄 持平,0.0,0.0,➖ 持平,1,3,27.0
1259,安心,觀光餐旅,09/17,64.5,2.06,17.0,1.11,18.2,9.0,0.56,⚖️ 溫和震盪整理,11000.000000000002,1.98,,,,26.20,,,,,,🔄 持平 (0%),,,,,,,,,,,,,,,,,,,,,,,,,,,,,,,,,,,,↗️ 微增,0.17,-0.07,↗️ 微增,0.17,3.02,↗️ 微增,0.17,1.04,↗️ 微增,0.17,1.04,雙引擎,,,,,52.6,23.5,0.0,🔄 持平,0.0,0.0,➖ 持平,1,3,75.0
1264,德麥,食品工業,09/17,244.5,0.41,14.0,3.35,11.5,36.0,8.91,⚖️ 溫和震盪整理,-40.28520499108734,0.38,,,,1.80,,,,,,,,,,🌐 外資日連買(2)-🆕 試單觀察,,,,,,,,,,,,,,,,,,,,,,,,,,,,,,,,🔄 持平,0.0,0.0,🚨 劇減,-2.18,-2.24,↘️ 微減,-0.03,-0.09000000000000001,↘️ 微減,-0.03,-0.09000000000000001,,,,,,15.9,0,0.0,🔄 持平,0.0,0.0,➖ 持平,1,3,13.0
1268,漢來美食,觀光餐旅,09/17,173.0,0.58,21.0,3.58,13.1,22.0,3.75,⏸️ 平量滯漲 (拋壓增大，高位見頂),126.58227848101266,0.95,,,,1.80,,,,,,,,,,🌐 外資日連買(2)-🆕 試單觀察,,,0.0,-19.0,,,,,,,,,,,,,,,,0.0,9.09,,,,,,,,,,,🔄 持平,0.0,0.0,🔄 持平,-0.0,0.0,🔄 持平,-0.0,0.0,🔄 持平,-0.0,0.0,,,,,,16.0,0,0.0,🔄 持平,0.0,0.0,➖ 持平,7,3,96.0
1294,漢田生技,食品工業,09/17,51.5,0.78,10.0,0.51,12.6,16.0,0.81,⚖️ 溫和震盪整理,54.54545454545454,0.63,,,,2.10,,,,,,🔄 持平 (0%),,,,🌐 外資週連買(2)-🌱 週線發動,,,,,,,,,,,,,,,,,,,,,,,,,,,,,,,,↗️ 微增,0.17,3.2300000000000004,↗️ 微增,0.17,7.529999999999999,↗️ 微增,0.17,0.51,↗️ 微增,0.17,3.99,雙引擎 | 長短線,,,,,21.2,0,-4.2,🚨 減/大減,0.1,0.0,➖ 持平,1,4,21.0
1295,生合,食品工業,09/17,44.5,-0.11,12.0,0.55,10.8,15.0,0.68,⏸️ 平量滯漲 (拋壓增大，高位見頂),-24.65753424657533,0.81,,,,1.40,,,,,,,,,,,,⚠️ 初危,,,,,,,,,,,,,,,,0.0,2.05,,,,,,,,,,,,,🔄 持平,0.0,-0.039999999999999994,🔄 持平,-0.0,4.64,🔄 持平,-0.0,0.30000000000000004,🔄 持平,-0.0,1.4200000000000002,,,,,,15.2,0,1.3,🔥 大增,-11.7,0.0,➖ 持平,2,2,39.0
1336,台翰,電子零組件業,09/17,16.75,3.72,359.0,6.01,22.6,420.0,6.87,⚖️ 溫和震盪整理,239.54802259887003,0.87,,,,4.30,,,,,,🔄 持平 (0%),,🔥 持續加碼 (0.15%),,🌐 外資日連買(2)-🆕 試單觀察 | 🌐 外資週連買(4)-🌱 週線發動,,,,,,,,0.0,-9.27,,,,,,,,,,,,,,,,,,,,,,,🔄 持平,0.0,-0.7799999999999999,🔄 持平,-0.0,1.53,↘️ 微減,-0.02,-0.09999999999999981,↘️ 微減,-0.02,1.37,,,,,,29.2,0,0.0,🔄 持平,0.0,0.0,➖ 持平,3,4,338.0
1565,精華,生技醫療業,09/17,96.5,0.73,119.0,11.5,12.0,106.0,10.23,⏸️ 平量滯漲 (拋壓增大，高位見頂),-3.361344537815125,1.12,,,,8.90,,,,,,,,,,🌐 外資週連買(16)-👑 長線主控,,,,,,,,,,,,,,,,,,0.16,6.02,,,2.0,72.0,19.3,,,,,,,,↗️ 微增,0.08,2.27,↗️ 微增,0.08,0.5,↗️ 微增,0.08,0.5,↗️ 微增,0.08,-1.23,雙引擎,,,,,8.02,0,0.0,🔄 持平,0.0,0.0,➖ 持平,1,4,162.0
1569,濱川,電腦及週邊設備業,09/17,52.0,2.56,1362.0,70.9,,1314.0,66.96,⚖️ 溫和震盪整理,94.7802197802198,1.06,,,,4.20,,,,,,🔄 持平 (0%),,🔥 持續加碼 (0.19%),,🌐 外資日連買(3)-🆕 試單觀察 | 🌐 外資週連買(2)-🌱 週線發動,,,,,,,,,,,,,21.7,55.3,13.0,26.0,67.6,,,,,41.0,285.0,213.2,,,,-41.6,-479.0,,,📉 小減,-0.73,-1.77,↘️ 微減,-0.14,-0.6100000000000001,📉 小減,-0.63,-0.7000000000000001,📉 小減,-0.87,-1.5600000000000003,,,,,,16.8,36.0,0.0,🔄 持平,0.0,0.0,➖ 持平,3,4,1217.0
1570,力肯,電機機械,09/17,32.6,0.77,34.0,1.09,47.2,29.0,0.91,⏸️ 平量滯漲 (拋壓增大，高位見頂),127.08333333333334,1.2,,,,2.30,,,,,,,,,,,,,,,,,,,,,,,,,,,,,,,,,,,,,,,,,,🔄 持平,0.0,0.0,↗️ 微增,0.02,0.13,↗️ 微增,0.12,0.29,↗️ 微增,0.12,-0.5899999999999999,,,,,,40.4,0,0.0,🔄 持平,0.0,0.0,➖ 持平,2,4,228.0
1580,新麥,電機機械,09/17,96.7,-0.82,125.0,12.1,8.43,124.0,11.99,⏸️ 平量滯漲 (拋壓增大，高位見頂),19.8019801980198,1.01,,,,5.40,,,,,,🚨 劇烈倒貨 (-24.0%),,💤 籌碼沉澱中,,,,,,,,,,-9.22,-8.86,,,,,,,,,0.0,6.45,,,,,,,,,,,,,🔄 持平,0.0,0.0,🔄 持平,-0.0,0.0,↘️ 微減,-0.04,-1.56,↘️ 微減,-0.04,-1.56,,,,,,12.9,0,0.0,🔄 持平,0.0,0.0,➖ 持平,2,4,70.0
1584,精剛,其他業,09/17,18.2,1.11,361.0,6.53,30.8,267.0,4.79,⏸️ 平量滯漲 (拋壓增大，高位見頂),68.73385012919897,1.36,,,,7.40,,,,,,🔥 強延續 (67.8%),,,,🌐 外資日連買(2)-🆕 試單觀察,🔼 進駐,,,,,,,,,,,,,,,,,,,,,,,,,,,,,,,↗️ 微增,0.12,0.54,↘️ 微減,-0.25,0.54,↗️ 微增,0.07,0.2700000000000001,↗️ 微增,0.07,0.14000000000000004,雙引擎 | 長短線,,,,,23.3,36.8,0.0,🔄 持平,1.5,8.6,🚨 暴增,2,4,729.0
1586,和勤,電機機械,09/17,17.95,0.28,209.0,3.74,47.2,210.0,3.76,⏸️ 平量滯漲 (拋壓增大，高位見頂),11.309523809523814,0.99,,,,2.40,,,,,,🔄 持平 (0%),,,,,,,,,,,,,,,,,,,,,,,,,,30.0,316.0,53.8,,,,,,,,↘️ 微減,-0.09,0.06000000000000005,📉 小減,-0.76,-0.6300000000000001,↘️ 微減,-0.28,-0.07000000000000003,↗️ 微增,0.45,0.4400000000000001,,,,,,10.0,0,0.14,📈 增,-2.2,0.0,➖ 持平,11,4,685.0
1591,駿吉-KY,電機機械,09/17,39.4,2.74,220.0,8.55,,612.0,24.47,📈 價升量縮 (量價背離，下方承接看拉高),-16.176470588235283,0.35,,,,4.00,,,,,,,,💤 籌碼沉澱中,,,,,,,,,,,,,,,,,0.0,8.0,0.0,,,5.02,40.8,,,,,,,,,,,🔄 持平,0.0,0.0,↗️ 微增,0.01,0.13,↗️ 微增,0.01,0.13,↗️ 微增,0.01,-1.3699999999999999,,,,,,9.42,29.4,0.03,↗️ 微增,0.75,-0.1,↘️ 微減,2,3,155.0
1593,祺驊,運動休閒,09/17,31.55,1.28,26.0,0.84,8.03,10.0,0.32,⚠️ 放量滯漲 (拋壓增大，即將見頂反轉),394.1176470588235,2.62,,,,6.20,,,,,,🔄 持平 (0%),,,,,,,,,,,,,,,,,,,,,,,,,,,,,,,,,,,,🔄 持平,0.0,0.01,🔄 持平,-0.0,0.01,🔄 持平,-0.0,0.01,🔄 持平,-0.0,0.01,,,,,,17.2,20.3,0.0,🔄 持平,6.2,0.0,➖ 持平,1,3,32.0
1595,川寶,半導體業,09/17,64.4,1.74,313.0,20.7,,164.0,10.47,⚖️ 溫和震盪整理,229.09379968203498,1.98,,,,5.60,,,,,,,,,,,,,,,,,,,,,,,,,,,,,,,,,,,,,,,,,,🚀 劇增,1.79,4.550000000000001,⚠️ 大減,-1.36,2.5599999999999996,↘️ 微減,-0.11,3.4099999999999997,↘️ 微減,-0.24,4.13,,,,,,9.84,28.9,-0.36,🚨 減/大減,0.78,0.0,➖ 持平,2,3,62.0
1599,宏佳騰,電機機械,09/17,23.1,0.87,9.0,0.21,,25.0,0.58,⚖️ 溫和震盪整理,-61.81818181818181,0.36,,,,7.40,,,,,,🔄 持平 (0%),,,,🌐 外資週連買(2)-🌱 週線發動,,,,,,,,-12.3,-33.6,,,,,,,,,,,,,,,,,,,,,,,↘️ 微減,-0.01,-0.07,↘️ 微減,-0.01,1.03,↘️ 微減,-0.01,-0.06000000000000001,↘️ 微減,-0.01,0.5,,,,,,12.1,0,0.0,🔄 持平,4.67,0.0,➖ 持平,7,4,60.0
1742,台蠟,化學工業,09/17,17.55,-0.28,13.0,0.23,,28.0,0.5,⚖️ 溫和震盪整理,-34.28571428571428,0.46,,,,0.20,,,,,,,,,,,,,,,,,,0.0,-16.8,,,,,,,,,,,,,,,,,,,,,,,↗️ 微增,0.05,0.68,↗️ 微增,0.05,0.67,↗️ 微增,0.03,0.74,↗️ 微增,0.03,0.20999999999999996,雙引擎 | 長短線,,,,,51.6,4.18,0.0,🔄 持平,35.3,0.0,➖ 持平,4,4,566.0
1777,生泰,生技醫療業,09/17,73.9,0.27,14.0,1.03,9.93,56.0,4.11,⚖️ 溫和震盪整理,-68.20987654320987,0.25,,,,1.00,,,,,,,,,,🌐 外資日連買(2)-🆕 試單觀察,,,,,,,,,,,,,,,,,,,,,,,,,,,,,,,,↗️ 微增,0.05,0.26,↗️ 微增,0.05,0.19,↗️ 微增,0.05,0.19,↗️ 微增,0.05,0.19,雙引擎 | 長短線,,,,,42.5,0,0.0,🔄 持平,0.0,0.0,➖ 持平,2,4,110.0
1780,立弘,食品工業,09/17,25.15,2.65,148.0,3.69,13.6,76.0,1.87,⚖️ 溫和震盪整理,156.25,1.97,,,,1.20,,,,,,,,,,,,,,,,,,,,,,,,,,,,,,,,,,,,,,,,,,↗️ 微增,0.18,0.8200000000000001,↗️ 微增,0.19,0.9000000000000001,↗️ 微增,0.19,0.9000000000000001,↗️ 微增,0.2,1.34,雙引擎 | 長短線,,,,,30.5,0,0.5,📈 增,-2.6,0.0,➖ 持平,13,4,1107.0
1781,合世,生技醫療業,09/17,10.05,-1.47,12.0,0.12,,8.0,0.08,⚠️ 放量滯漲 (拋壓增大，即將見頂反轉),300.0,1.5,,,,0.70,,,,,,,,,,,,,,,,,,,,,,,,,,,,,,,,,,,,,,,,,,🔄 持平,0.0,0.0,🔄 持平,-0.0,0.0,🔄 持平,-0.0,0.0,↗️ 微增,0.02,0.24000000000000002,,,,,,17.0,0,0.0,🔄 持平,0.0,0.0,➖ 持平,1,4,58.0
1784,訊聯,生技醫療業,09/17,59.1,1.37,42.0,2.49,51.8,38.0,2.2,⏸️ 平量滯漲 (拋壓增大，高位見頂),-30.252100840336126,1.13,,,,4.80,,,,,,🔄 持平 (0%),,,,🌐 外資週連買(2)-🌱 週線發動,,,,,,,,-1.5,-7.99,,,,,,,,,,,,,,,,,,,,,,,🔄 持平,0.0,0.0,🔄 持平,-0.0,0.0,🔄 持平,-0.0,-0.14,↗️ 微增,0.02,1.63,,,,,,11.9,0,0.0,🔄 持平,0.0,0.0,➖ 持平,3,4,74.0
1785,光洋科,其他電子業,09/17,96.0,1.37,6867.0,665.0,14.3,3830.0,367.2,⚠️ 放量滯漲 (拋壓增大，即將見頂反轉),221.256038647343,1.81,,,,19.40,,,,,,,🔄 持平 (0%),,💤 籌碼沉澱中,,,,,,318.0,-154.0,3052.8,,,,,,,,,,,,,,,,,,798.0,835.0,7660.8,,,7730.0,8111.0,↘️ 微減,-0.12,-0.6400000000000001,↗️ 微增,0.04,-0.7800000000000002,↘️ 微減,-0.19,-0.7700000000000001,↘️ 微減,-0.32,-0.94,,,,,,9.37,3.25,0.0,🔄 持平,0.01,0.0,➖ 持平,1,3,647.0
1788,杏昌,生技醫療業,09/17,128.0,0.0,12.0,1.48,14.5,15.0,1.88,⏸️ 平量滯漲 (拋壓增大，高位見頂),-41.96078431372548,0.79,,,,11.30,,,,,,,,,,,,,,,,,,,,,,,,,,,,,,,,,,,,,,,,,,🔄 持平,0.0,-0.01,🔄 持平,-0.0,-0.01,🔄 持平,-0.0,-0.17,🔄 持平,-0.0,-0.17,,,,,,33.2,23.9,0.0,🔄 持平,0.0,0.0,➖ 持平,2,4,22.0
1796,金穎生技,食品工業,09/17,29.5,1.03,4.0,0.12,70.2,6.0,0.17,⚖️ 溫和震盪整理,-25.0,0.71,,,,0.80,,,,,,🔄 持平 (0%),,,,,,,,,,,,,,,,,,,,,,,,,,,,,,,,,,,,🔄 持平,0.0,0.0,🔄 持平,-0.0,0.0,🔄 持平,-0.0,0.02,🔄 持平,-0.0,0.02,,,,,,41.1,0,0.0,🔄 持平,0.0,0.0,➖ 持平,1,4,22.0
1799,易威,生技醫療業,09/17,28.5,-0.35,108.0,3.09,,95.0,2.76,⏸️ 平量滯漲 (拋壓增大，高位見頂),-2.5236593059936974,1.12,,,,6.20,,,,,,,,,,,,⚠️ 初危,,,,,,,,,,,,,,,,,,,,,,,,,,,,,,🔄 持平,0.0,0.0,🔄 持平,-0.0,0.0,↗️ 微增,0.01,-0.25,↗️ 微增,0.01,0.0,,,,,,14.6,0,0.0,🔄 持平,-14.6,0.0,➖ 持平,2,4,117.0
1813,寶利徠,生技醫療業,09/17,11.35,0.89,31.0,0.35,51.6,19.0,0.22,⚠️ 放量滯漲 (拋壓增大，即將見頂反轉),399.9999999999999,1.59,,,,9.80,,,,,,,,,,,,,11.1,-47.4,,,,,,,,,,,,,,,,,,,,,,,,,,,,🔄 持平,0.0,0.0,🔄 持平,-0.0,0.24,🔄 持平,-0.0,0.24,🔄 持平,-0.0,0.25,,,,,,4.95,0,0.0,🔄 持平,0.01,0.0,➖ 持平,1,4,76.0
1815,富喬,電子零組件業,09/17,112.0,-5.49,53702.0,6135.0,32.2,48394.0,5783.4,🕳️ 平量大跌 (一致看空無承接，加速下跌),15.645617342130059,1.06,,,,25.50,,,,,,,📉 調節洗盤 (-2.8%),💤 籌碼沉澱中,🚨 轉賣反轉 (-0.24%),,,,,,202.0,-2116.0,2262.4,,,,,,,,,,,,,23.3,99.8,,,,3452.0,9114.0,38662.4,,,39438.0,106372.0,📈 小增,0.92,23.68,📈 小增,0.96,23.83,📈 小增,0.96,24.25,🔥 大增,1.42,24.970000000000002,雙引擎 | 長短線,,,,,11.2,6.26,0.0,🔄 持平,-1.2,0.0,➖ 持平,2,4,19906.0
2035,唐榮,鋼鐵工業,09/17,27.8,2.96,15.0,0.41,,12.0,0.33,⚖️ 溫和震盪整理,1266.6666666666665,1.24,,,,,,,,,,🔄 持平 (0%),,,,,,,,,,,,,,,,,,,,,,,,,,,,,,,,,,,,↘️ 微減,-0.02,-0.14999999999999997,↘️ 微減,-0.02,-0.14999999999999997,↘️ 微減,-0.02,-0.14999999999999997,↘️ 微減,-0.02,-0.14999999999999997,,,,,,44.0,0,0.0,🔄 持平,0.0,0.0,➖ 持平,1,2,75.0
2061,風青,電器電纜,09/17,52.4,0.96,2800.0,151.0,46.0,1462.0,74.32,⚠️ 放量滯漲 (拋壓增大，即將見頂反轉),36.036036036036045,2.03,,,,2.30,,,,,,🔄 持平 (0%),,🚨 轉賣反轉 (-0.21%),,,,,,,,,,,,,,,,,,,,,,,,,,,,,,,,,,📉 小減,-0.72,0.6199999999999999,📉 小減,-0.72,-2.2600000000000002,↗️ 微增,0.34,-1.15,⚠️ 大減,-1.36,-2.77,,,,,,11.4,0,-0.1,🚨 減/大減,-0.2,0.0,➖ 持平,1,4,792.0
2063,世鎧,鋼鐵工業,09/17,23.8,0.85,19.0,0.46,13.0,19.0,0.46,⏸️ 平量滯漲 (拋壓增大，高位見頂),27.77777777777779,1.0,,,,1.30,,,,,,🔄 持平 (0%),,,,🌐 外資週連買(4)-🌱 週線發動,🔼 進駐,,,,,,,,,,,,,,,,,,,,,,,,,,,,,,,🔄 持平,0.0,0.11,🔄 持平,-0.0,0.11,🔄 持平,-0.0,-1.4600000000000002,↘️ 微減,-0.02,-0.66,,,,,,10.4,25.7,0.0,🔄 持平,0.49,0.0,➖ 持平,5,4,96.0
2064,晉椿,鋼鐵工業,09/17,11.95,-1.24,358.0,4.36,598.0,201.0,2.47,⚠️ 放量滯漲 (拋壓增大，即將見頂反轉),13.541666666666675,1.77,,,,0.20,,,,,,,,,,,,,,,,,,,,,,,,,,,,,,32.3,36.7,,,,,,,,,,,🔄 持平,0.0,0.0,🔄 持平,-0.0,0.0,🔄 持平,-0.0,0.0,🔄 持平,-0.0,0.02,,,,,,13.0,0,0.0,🔄 持平,0.0,0.0,➖ 持平,2,2,30.0
2065,世豐,鋼鐵工業,09/17,35.25,-0.7,53.0,1.88,9.25,59.0,2.08,⏸️ 平量滯漲 (拋壓增大，高位見頂),18.23899371069182,0.9,,,,1.10,,,,,,,,,,🌐 外資日連買(3)-🆕 試單觀察,,,0.0,-8.11,,,,0.0,-11.9,,,,,,,,,,,,,,,,,,,,,,,📈 小增,0.8,0.19000000000000017,📈 小增,0.8,0.18999999999999995,↘️ 微減,-0.27,0.15999999999999992,↘️ 微減,-0.26,-0.51,,,,,,12.6,24.7,0.0,🔄 持平,0.0,0.0,➖ 持平,3,4,182.0
2066,世德,電機機械,09/17,52.3,1.95,31.0,1.62,14.3,29.0,1.49,⚖️ 溫和震盪整理,21.80451127819549,1.09,,,,10.00,,,,,,🔄 持平 (0%),,,,🌐 外資日連買(2)-🆕 試單觀察,,,,,-5.0,-139.0,-26.2,,,,,,,,,,,,,,,,,,,,,,,,,🔄 持平,0.0,0.0,↘️ 微減,-0.04,-0.05,↘️ 微減,-0.05,-0.13000000000000012,↘️ 微減,-0.03,-0.20000000000000004,,,,,,23.1,0,0.0,🔄 持平,0.2,0.0,➖ 持平,2,4,32.0
2067,嘉鋼,電機機械,09/17,5.21,4.83,50.0,0.26,,26.0,0.13,🚀 放量大漲 (量價齊升，持續看漲),62.5,2.0,,,,11.30,,,,,,,,,,,,,,,,,,,,,,,,,,,,,,,,,,,,,,,,,,🔄 持平,0.0,0.0,🔄 持平,-0.0,0.0,🔄 持平,-0.0,0.0,🔄 持平,-0.0,0.04,,,,,,26.1,46.8,0.0,🔄 持平,0.0,0.0,➖ 持平,2,1,31.0
2070,精湛,電機機械,09/17,61.7,0.98,71.0,4.39,21.1,51.0,3.11,⏸️ 平量滯漲 (拋壓增大，高位見頂),278.44827586206895,1.41,,,,2.80,,,,,,,,💤 籌碼沉澱中,,🌐 外資日連買(2)-🆕 試單觀察,,,,,,,,,,,,,,,,,,,,,,,,,,,,,,,,🔄 持平,0.0,0.0,🚀 劇增,2.11,2.05,↗️ 微增,0.27,3.51,↗️ 微增,0.36,2.34,,,,,,19.5,0,0.0,🔄 持平,0.1,0.0,➖ 持平,3,4,675.0
2073,雄順,鋼鐵工業,09/17,26.0,0.0,0.0,0.0,,2.0,0.07,⚪ 無明顯動能,-100.0,0.0,,,,0.00,,,,,,,,,,,,,,,,,,,,,,,,,,,,,,,,,,,,,,,,,,🔄 持平,0.0,0.03,🔄 持平,-0.0,0.03,🔄 持平,-0.0,0.03,🔄 持平,-0.0,0.03,,,,,,16.5,0,0.0,🔄 持平,-4.2,0.0,➖ 持平,0,1,4.0
2221,大甲,其他業,09/17,116.0,9.95,8408.0,949.0,38.3,8047.0,816.8,✈️ 平量大漲 (一致看漲無拋壓，加速上漲),4.4004400440043945,1.16,,,,3.60,,,,,,,,💤 籌碼沉澱中,,,,,,,,,,,,,,,6.52,318.0,53.0,659.0,614.8,14.6,3.77,5.36,8.18,267.0,76.0,3097.2,,,,,,,,🔄 持平,0.0,-0.47,🔄 持平,-0.0,-0.47,🚨 劇減,-1.71,-0.47,🚨 劇減,-1.67,0.49999999999999994,,,,,,40.9,0,0.0,🔄 持平,0.0,0.0,➖ 持平,3,4,469.0
2230,泰茂,居家生活,09/17,21.95,2.57,90.0,1.94,,61.0,1.3,⚖️ 溫和震盪整理,88.34951456310678,1.49,,,,4.30,,,,,,,,,,,,,,,,,,,,,,,,,,,,,,,,,,,,,,,,,,🔄 持平,0.0,0.03,↗️ 微增,0.01,0.019999999999999997,↘️ 微減,-0.03,0.09000000000000001,↘️ 微減,-0.04,0.09,,,,,,13.1,47.9,0.0,🔄 持平,-0.1,0.0,➖ 持平,4,4,60.0
2235,謚源,電機機械,09/17,28.3,0.18,8.0,0.23,20.7,6.0,0.16,⏸️ 平量滯漲 (拋壓增大，高位見頂),64.28571428571428,1.44,,,,0.00,,,,,,,,,,,,,0.0,-11.1,,,,,,,,,,,,,,,,,,,,,,,,,,,,🔄 持平,0.0,0.0,↗️ 微增,0.06,0.06,↗️ 微增,0.06,0.06,↗️ 微增,0.08,0.08,,,,,,34.1,0,0.0,🔄 持平,0.1,0.0,➖ 持平,1,4,39.0
2596,綠意,建材營造業,09/17,34.7,-1.84,166.0,5.74,12.8,210.0,7.53,🥀 平量價縮 (下跌中繼，弱反彈信號),8.712121212121215,0.76,,,,0.70,,,,,,,,,,🌐 外資週連買(5)-🚀 趨勢加溫,,,,,,,,0.0,-31.4,,,,,,,,,,,,,,,,,,,,,,,↘️ 微減,-0.01,-0.01,↘️ 微減,-0.01,-0.01,↘️ 微減,-0.01,0.029999999999999995,↘️ 微減,-0.01,0.42999999999999994,,,,,,45.4,0,0.0,🔄 持平,0.0,0.0,➖ 持平,18,4,140.0
2640,大車隊,數位雲端,09/17,172.0,8.18,199.0,33.1,18.0,63.0,10.23,🚀 放量大漲 (量價齊升，持續看漲),414.7744945567652,3.24,,,,4.50,,,,,,🔄 持平 (0%),,,,,,,,,,,,,,,,,,,,,,6.25,2.94,,,,,,,,,,,,,↘️ 微減,-0.01,-0.01,↘️ 微減,-0.01,-0.01,↘️ 微減,-0.02,-0.03,↘️ 微減,-0.02,0.22,,,,,,36.5,9.17,0.0,🔄 持平,0.0,0.0,➖ 持平,7,4,75.0
2641,正德,航運業,09/17,17.6,0.57,966.0,16.9,7.59,1111.0,19.52,⏸️ 平量滯漲 (拋壓增大，高位見頂),19.85815602836878,0.87,,,,5.30,,,,,,,,💤 籌碼沉澱中,,🌐 外資週連買(2)-🌱 週線發動,,,0.35,-5.42,37.0,-613.0,65.1,,,32.0,-129.0,56.3,,,,,,,,,,,,,,,,,,,,📉 小減,-0.65,-0.55,↘️ 微減,-0.36,-0.81,↘️ 微減,-0.13,-0.21,📉 小減,-0.57,-0.08999999999999991,,,,,,18.2,40.8,0.0,🔄 持平,-0.7,0.0,➖ 持平,3,4,1380.0
2643,捷迅,航運業,09/17,62.6,0.0,8.0,0.51,8.72,6.0,0.38,⏸️ 平量滯漲 (拋壓增大，高位見頂),96.15384615384615,1.34,,,,1.60,,,,,,🔄 持平 (0%),,,,,,,,,,,,,,,,,,,,,,,,,,,,,,,,,,,,↘️ 微減,-0.01,-0.04000000000000001,↘️ 微減,-0.01,-0.04000000000000001,↘️ 微減,-0.01,-0.04000000000000001,↘️ 微減,-0.01,-0.04000000000000001,,,,,,37.0,9.89,0.0,🔄 持平,0.1,-1.51,✅ 大減,1,3,47.0
2718,全心投控,建材營造業,09/17,40.1,0.25,13.0,0.51,3.82,21.0,0.85,⚖️ 溫和震盪整理,-14.999999999999991,0.6,,,,0.50,,,,,,,🔥 強延續 (14.4%),,🔄 今日量縮持平,🏦 投信日連買(3)-🆕 試單觀察 | 🏦 投信週連買(2)-🌱 週線發動,,,,,,,,,,,,,,,,,,,,,,,,,,,,,,,,🔄 持平,0.0,0.0,🔄 持平,-0.0,0.0,🔄 持平,-0.0,0.0,🔄 持平,-0.0,0.0,,,,,,11.9,0,0.0,🔄 持平,0.0,0.0,➖ 持平,3,4,77.0
2719,燦星旅,觀光餐旅,09/17,19.5,-0.26,4.0,0.08,28.7,11.0,0.22,⚖️ 溫和震盪整理,59.999999999999986,0.36,,,,0.20,,,,,,,,,,,,,,,,,,,,,,,,,,,,,,,,,,,,,,,,,,🔄 持平,0.0,-0.35,🔄 持平,-0.0,-0.35,🔄 持平,-0.0,-0.35,🔄 持平,-0.0,-0.35,,,,,,72.3,40.0,0.0,🔄 持平,0.0,0.0,➖ 持平,1,4,30.0
2724,藝舍-KY,其他業,09/17,10.75,1.9,4.0,0.05,,3.0,0.03,⚖️ 溫和震盪整理,-44.44444444444444,1.67,,,,15.10,,,,,,,,,,,,,,,,,,,,,,,,,,,,,,,,,,,,,,,,,,🔄 持平,0.0,1.8800000000000001,🔄 持平,-0.0,1.8800000000000001,🔄 持平,-0.0,1.8800000000000001,🔄 持平,-0.0,1.1800000000000002,,,,,,45.8,0,0.0,🔄 持平,0.0,0.0,➖ 持平,1,1,10.0
2726,雅茗-KY,觀光餐旅,09/17,8.1,-0.37,21.0,0.17,,21.0,0.17,⏸️ 平量滯漲 (拋壓增大，高位見頂),750.0,1.0,,,,23.50,,,,,,,,,,,,,,,,,,,,,,,,,,,,,,,,,,,,,,,,,,↘️ 微減,-0.18,0.11000000000000001,↘️ 微減,-0.16,0.13,🚨 劇減,-1.72,-1.88,↘️ 微減,-0.24,-0.4,,,,,,24.0,0,0.0,🔄 持平,0.0,0.0,➖ 持平,1,4,235.0
2729,瓦城,觀光餐旅,09/17,154.5,0.98,37.0,5.72,25.1,35.0,5.33,⏸️ 平量滯漲 (拋壓增大，高位見頂),-48.0,1.07,,,,2.30,,,,,,🔄 持平 (0%),,,,,,,,,,,,,,,,,,,,,,-1.75,211.0,,,,,,,,,,,,,🔄 持平,0.0,-0.51,🔄 持平,-0.0,1.81,🔄 持平,-0.0,1.81,🔄 持平,-0.0,0.8500000000000001,,,,,,46.2,32.7,0.0,🔄 持平,0.0,7.9,🚨 暴增,2,3,33.0
2732,六角,觀光餐旅,09/17,62.8,0.0,12.0,0.78,17.5,25.0,1.54,⚖️ 溫和震盪整理,21.875,0.51,,,,4.40,,,,,,,,,,,,,,,,,,,,,,,,,,,,,,,,,,,,,,,,,,↗️ 微增,0.01,0.58,↗️ 微增,0.01,0.58,↗️ 微增,0.01,0.58,↗️ 微增,0.02,0.31999999999999995,雙引擎 | 長短線,,,,,30.7,65.1,0.0,🔄 持平,0.0,0.0,➖ 持平,2,4,26.0
2734,易飛網,觀光餐旅,09/17,14.55,0.34,26.0,0.37,,30.0,0.43,⏸️ 平量滯漲 (拋壓增大，高位見頂),-41.269841269841265,0.86,,,,4.20,,,,,,,,,,🌐 外資日連買(2)-🆕 試單觀察,,,,,,,,-17.0,-35.9,-54.0,-147.0,-78.6,,,,,,,,,,,,,,,,,,,,🔄 持平,0.0,0.0,🔄 持平,-0.0,0.0,↗️ 微增,0.03,2.34,↗️ 微增,0.03,1.3,,,,,,27.0,15.4,0.0,🔄 持平,0.0,0.0,➖ 持平,3,3,110.0
2736,富野,觀光餐旅,09/17,11.4,0.44,29.0,0.34,,30.0,0.35,⏸️ 平量滯漲 (拋壓增大，高位見頂),17.24137931034484,0.97,,,,1.00,,,,,,,,,,🌐 外資週連買(9)-🚀 趨勢加溫,,,,,,,,,,,,,,,,,,,,,,,,,,,,,,,,🔄 持平,0.0,0.0,🔄 持平,-0.0,0.0,🔄 持平,-0.0,0.0,🔄 持平,-0.0,0.0,,,,,,42.5,0,0.0,🔄 持平,25.0,0.0,➖ 持平,2,4,91.0
2740,華軒,觀光餐旅,09/17,31.8,-0.62,1.0,0.04,,3.0,0.09,⚖️ 溫和震盪整理,0.0,0.44,,,,1.70,,,,,,,,,,,,,,,,,,,,,,,,,,,,,,,,,,,,,,,,,,🔄 持平,0.0,0.0,🔄 持平,-0.0,0.0,🔄 持平,-0.0,0.0,🔄 持平,-0.0,0.0,,,,,,25.8,85.0,0.0,🔄 持平,0.0,0.0,➖ 持平,0,1,7.0
2743,山富,觀光餐旅,09/17,53.0,1.92,48.0,2.55,14.4,44.0,2.29,⚖️ 溫和震盪整理,80.85106382978724,1.11,,,,3.50,,,,,,,,,,🌐 外資日連買(3)-🆕 試單觀察,,,,,,,,,,,,,,,,,,,,0.5,10.1,,,,,,,,,,,🔄 持平,0.0,0.0,🔄 持平,-0.0,0.0,🔄 持平,-0.0,0.0,📉 小減,-0.88,0.0,,,,,,23.5,6.54,0.0,🔄 持平,0.0,0.0,➖ 持平,1,4,84.0
2745,五福,觀光餐旅,09/17,84.5,1.08,57.0,4.76,8.59,75.0,6.35,⏸️ 平量滯漲 (拋壓增大，高位見頂),-12.979890310786102,0.75,,,,2.00,,,,,,,,,,🌐 外資日連買(2)-🆕 試單觀察,,,,,,,,,,,,,0.0,35.7,,,,,,,,,,,,,,,,,,🔄 持平,0.0,0.0,🔄 持平,-0.0,0.0,🔄 持平,-0.0,0.0,🔄 持平,-0.0,-1.35,,,,,,22.8,0,0.0,🔄 持平,-0.3,0.0,➖ 持平,3,4,46.0
2751,王座,觀光餐旅,09/17,53.5,0.0,1.0,0.06,10.6,4.0,0.19,⚖️ 溫和震盪整理,19.999999999999996,0.32,,,,0.50,,,,,,🔄 持平 (0%),,,,,,,,,,,,,,,,,,,,,,,,,,,,,,,,,,,,🔄 持平,0.0,-0.04,🔄 持平,-0.0,-0.04,🔄 持平,-0.0,-0.04,🔄 持平,-0.0,-0.04,,,,,,60.6,0,0.0,🔄 持平,-0.5,0.0,➖ 持平,1,4,26.0
2752,豆府,觀光餐旅,09/17,180.0,1.69,2.0,0.41,11.0,7.0,1.25,📈 價升量縮 (量價背離，下方承接看拉高),78.26086956521738,0.33,,,,1.50,,,,,,🔄 持平 (0%),,💤 籌碼沉澱中,,,,,,,,,,,,,,,,,,,,,,,,,,,,,,,,,,↘️ 微減,-0.11,-0.11,↘️ 微減,-0.11,-0.11,↘️ 微減,-0.11,-0.11,↘️ 微減,-0.11,-0.11,,,,,,23.0,0,0.0,🔄 持平,0.0,0.0,➖ 持平,1,3,42.0
2754,亞洲藏壽司,觀光餐旅,09/17,69.5,0.43,20.0,1.4,15.8,19.0,1.29,⏸️ 平量滯漲 (拋壓增大，高位見頂),677.7777777777777,1.09,,,,67.90,,,,,,,,,,🌐 外資週連買(3)-🌱 週線發動,,,,,,,,,,,,,,,,,,,,,,,,,,,,,,,,🔄 持平,0.0,0.0,🔄 持平,-0.0,0.0,🔄 持平,-0.0,0.0,↗️ 微增,0.02,0.02,,,,,,66.5,0,0.0,🔄 持平,-0.1,0.0,➖ 持平,1,4,100.0
2755,揚秦,觀光餐旅,09/17,98.3,0.2,30.0,2.94,17.2,31.0,3.06,⏸️ 平量滯漲 (拋壓增大，高位見頂),-37.4468085106383,0.96,,,,0.80,,,,,,,,,,,,,,,,,,,,,,,,,,,,4.17,0.0,,,,,,,,,,,,,↘️ 微減,-0.24,-0.9,↘️ 微減,-0.24,-0.9,↘️ 微減,-0.25,0.39,↘️ 微減,-0.27,2.96,,,,,,21.6,1.54,-5.1,🚨 減/大減,-0.4,0.0,➖ 持平,2,3,53.0
2756,聯發國際,觀光餐旅,09/17,63.0,0.32,5.0,0.32,14.8,46.0,2.89,⚖️ 溫和震盪整理,-90.21406727828746,0.11,,,,1.30,,,,,,,,,,,,,,,,,,,,,,,,,,,,0.67,37.5,,,4.0,164.0,25.2,,,,,,,,🔄 持平,0.0,0.0,🔄 持平,-0.0,0.0,🔄 持平,-0.0,0.0,↘️ 微減,-0.01,-0.01,,,,,,28.8,0,0.0,🔄 持平,-0.1,0.0,➖ 持平,4,2,175.0
2916,滿心,居家生活,09/17,40.65,0.62,13.0,0.53,10.4,29.0,1.17,⚖️ 溫和震盪整理,112.00000000000001,0.45,,,,22.00,,,,,,⚠️ 趨緩 (15.4%),,,,🌐 外資週連買(2)-🌱 週線發動,🔼 進駐,,,,,,,0.0,-16.7,,,,,,,,,,,,,,,,,,,,,,,↘️ 微減,-0.01,0.01,↘️ 微減,-0.01,0.01,↘️ 微減,-0.01,0.01,↘️ 微減,-0.01,0.01,,,,,,35.7,10.4,0.0,🔄 持平,0.1,0.0,➖ 持平,3,2,48.0
2924,宏太-KY,居家生活,09/17,17.45,3.25,3.0,0.05,,11.0,0.2,📈 價升量縮 (量價背離，下方承接看拉高),-90.19607843137256,0.25,,,,66.80,,,,,,,,,,,,,0.0,-33.3,,,,,,,,,,,,,,,,,,,,,,,,,,,,🔄 持平,0.0,0.0,🔄 持平,-0.0,0.0,🔄 持平,-0.0,0.0,🔄 持平,-0.0,-0.04,,,,,,66.7,0,0.0,🔄 持平,0.0,0.0,➖ 持平,2,1,22.0
2926,誠品生活,文化創意業,09/17,30.0,0.17,2.0,0.07,47.6,3.0,0.09,⚖️ 溫和震盪整理,-12.49999999999999,0.78,,,,1.20,,,,,,,,,,,,,,,,,,,,,,,,,,,,,,,,,,,,,,,,,,↗️ 微增,0.02,0.18000000000000002,↗️ 微增,0.02,0.18000000000000002,↗️ 微增,0.02,0.18000000000000002,↗️ 微增,0.02,0.06,雙引擎 | 長短線,,,,,51.8,45.8,0.0,🔄 持平,0.0,0.0,➖ 持平,1,4,43.0
2937,集雅社,居家生活,09/17,44.45,0.0,5.0,0.22,10.9,5.0,0.21,⏸️ 平量滯漲 (拋壓增大，高位見頂),57.14285714285714,1.05,,,,0.10,,,,,,,,,,,,,,,,,,,,,,,,,,,,,,,,,,,,,,,,,,🔄 持平,0.0,0.0,↘️ 微減,-0.03,-0.060000000000000005,↘️ 微減,-0.03,-0.060000000000000005,↘️ 微減,-0.03,-0.03,,,,,,22.0,0,0.0,🔄 持平,-0.1,0.0,➖ 持平,5,4,34.0
2941,米斯特,居家生活,09/17,30.0,-5.21,5.0,0.15,12.8,4.0,0.11,🕳️ 平量大跌 (一致看空無承接，加速下跌),-40.0,1.36,,,,0.50,,,,,,,,,,,,,,,,,,,,,,,,,,,,,,,,,,,,,,,,,,🔄 持平,0.0,0.0,🔄 持平,-0.0,0.0,🔄 持平,-0.0,0.0,🔄 持平,-0.0,0.0,,,,,,26.0,0,0.0,🔄 持平,0.1,0.0,➖ 持平,1,2,11.0
2947,振宇五金,居家生活,09/17,60.2,-0.33,7.0,0.39,19.9,18.0,1.09,⚖️ 溫和震盪整理,105.26315789473686,0.36,,,,0.10,,,,,,,,,,,,,,,,,,,,,,,,,,,,,,,,,,,,,,,,,,🔄 持平,0.0,-0.52,🔄 持平,-0.0,-0.52,🔄 持平,-0.0,-0.52,🔄 持平,-0.0,-0.53,,,,,,28.0,0,-2.8,🚨 減/大減,0.0,0.0,➖ 持平,1,4,154.0
2948,寶陞,居家生活,09/17,37.75,0.27,1.0,0.06,17.4,2.0,0.09,⚖️ 溫和震盪整理,500.0,0.67,,,,,,,,,,,,,,,,,,,,,,,,,,,,,,,,,,,,,,,,,,,,,,↗️ 微增,0.01,0.05999999999999961,↗️ 微增,0.01,0.050000000000000044,↗️ 微增,0.01,-0.06999999999999995,↗️ 微增,0.02,8.500145032286355e-17,雙引擎 | 長短線,,,,,48.8,13.2,1.6,🔥 大增,0.0,1.5,⚠️ 大增,1,2,21.0
2949,欣新網,數位雲端,09/17,65.0,0.0,0.0,0.01,18.0,2.0,0.12,⚪ 無明顯動能,-97.43589743589743,0.08,,,,0.00,,,,,,,,,,,,,,,,,,,,,,,,,,,,,,,,,,,,,,,,,,🔄 持平,0.0,-2.84,🔄 持平,-0.0,-2.84,🔄 持平,-0.0,-2.84,🔄 持平,-0.0,0.0,,,,,,41.6,5.49,0.0,🔄 持平,0.0,0.0,➖ 持平,0,2,6.0
3064,泰偉,文化創意業,09/17,17.0,0.0,0.0,0.0,,1.0,0.01,⚪ 無明顯動能,-100.0,0.0,,,,0.10,,,,,,,,,,,,,,,,,,,,,,,,,,,,,,,,,,,,,,,,,,🔄 持平,0.0,0.0,🔄 持平,-0.0,0.0,🔄 持平,-0.0,0.0,🔄 持平,-0.0,0.0,,,,,,0.01,0,0.0,🔄 持平,0.0,0.0,➖ 持平,0,0,6.0
3066,李洲,光電業,09/17,28.3,9.9,5369.0,150.0,4.72,1850.0,49.38,🚀 放量大漲 (量價齊升，持續看漲),179.3296089385475,3.04,,,,5.60,,,,,,🔥 強延續 (31.9%),,🔥 持續加碼 (2.06%),,🌐 外資日連買(2)-🆕 試單觀察,🔼 進駐,,-6.52,-11.6,-66.0,-124.0,-186.8,,,,,,25.0,66.7,,,,,,,,,,,,,,,,,,↘️ 微減,-0.12,1.04,↘️ 微減,-0.12,-0.05,↘️ 微減,-0.12,-0.8699999999999999,↘️ 微減,-0.12,-0.87,,,,,,25.3,19.7,0.0,🔄 持平,0.0,0.0,➖ 持平,4,3,1338.0
3067,全域,居家生活,09/17,17.0,0.0,0.0,0.0,567.0,0.0,0.01,⚪ 無明顯動能,-100.0,0.0,,,,0.00,,,,,,,,,,,,,,,,,,,,,,,,,,,,,,,,,,,,,,,,,,🔄 持平,0.0,-0.01,🔄 持平,-0.0,-0.01,🔄 持平,-0.0,-0.01,🔄 持平,-0.0,-0.01,,,,,,58.2,0,0.0,🔄 持平,0.0,0.0,➖ 持平,0,2,10.0
3071,協禧,電腦及週邊設備業,09/17,23.4,0.43,83.0,1.94,40.3,176.0,4.09,⚖️ 溫和震盪整理,64.40677966101696,0.47,,,,4.00,,,,,,,,,,🌐 外資日連買(2)-🆕 試單觀察,,,,,,,,,,,,,,,,,,,,,,,,,,,,,,,,↗️ 微增,0.03,1.07,↗️ 微增,0.03,0.22,↗️ 微增,0.03,0.22,🔄 持平,-0.0,-0.27,,,,,,37.6,0,0.0,🔄 持平,0.0,0.0,➖ 持平,2,4,138.0
3073,天方能源,綠能環保,09/17,20.85,0.0,8.0,0.18,,23.0,0.51,⚖️ 溫和震盪整理,-43.75,0.35,,,,1.50,,,,,,,,,,,,,,,,,,-14.0,-15.0,,,,,,,,,,,,,,,,,,,,,,,↗️ 微增,0.18,0.18,↗️ 微增,0.18,0.18,↗️ 微增,0.18,0.18,↗️ 微增,0.26,1.45,雙引擎 | 長短線,,,,,9.79,0,0.0,🔄 持平,-0.91,0.0,➖ 持平,3,4,252.0
3078,僑威,電子零組件業,09/17,44.6,-0.78,493.0,21.9,12.4,587.0,25.9,⏸️ 平量滯漲 (拋壓增大，高位見頂),-54.75206611570248,0.85,,,,12.00,,,,,,⚠️ 趨緩 (0.81%),🔥 強延續 (3.97%),💤 籌碼沉澱中,🔥 持續加碼 (0.01%),🌐 外資日連買(5)-⚡ 買盤點火 | 🏦 投信日連買(3)-🆕 試單觀察 | 🏦 投信週連買(5)-🚀 趨勢加溫,,,,,,,,,,,,,,,,,,,,,,,,,,,,,,,,📈 小增,0.75,-0.16999999999999996,↗️ 微增,0.35,0.18999999999999995,↗️ 微增,0.36,-0.51,↗️ 微增,0.29,-0.3699999999999998,雙引擎,,,,,11.9,0,0.0,🔄 持平,0.0,0.0,➖ 持平,5,4,661.0
3081,聯亞,通信網路業,09/17,2720.0,-3.03,4266.0,12024.0,257.0,3546.0,9906.2,🥀 平量價縮 (下跌中繼，弱反彈信號),-26.30546702623192,1.21,,,,18.90,,,,,,,⚠️ 趨緩 (1.51%),💤 籌碼沉澱中,🔥 持續加碼 (0.06%),🏦 投信日連買(2)-🆕 試單觀察,,,,,,,,,,,,,,,,,,1.37,8.46,,,81.0,468.0,22032.0,240.0,180.0,65280.0,,,67644.0,52100.0,↘️ 微減,-0.46,-1.2299999999999998,↘️ 微減,-0.35,3.18,🚨 劇減,-1.73,3.58,↘️ 微減,-0.37,4.83,,,,,,8.46,35.2,0.01,↗️ 微增,0.01,0.0,➖ 持平,4,4,1191.0
3083,網龍,文化創意業,09/17,22.15,0.23,40.0,0.89,30.3,52.0,1.15,⏸️ 平量滯漲 (拋壓增大，高位見頂),34.84848484848484,0.77,,,,1.30,,,,,,,,,,🌐 外資日連買(3)-🆕 試單觀察,,,,,,,,,,,,,,,,,,,,,,,,,,,,,,,,🔄 持平,0.0,0.0,🔄 持平,-0.0,0.0,🔄 持平,-0.0,0.0,↗️ 微增,0.47,0.42,,,,,,54.1,0,0.0,🔄 持平,0.0,0.0,➖ 持平,3,3,90.0
3085,新零售,數位雲端,09/17,11.7,-0.43,5.0,0.06,,5.0,0.06,⏸️ 平量滯漲 (拋壓增大，高位見頂),500.0,1.0,,,,5.70,,,,,,,,,,,,,,,,,,,,,,,,,,,,,,,,,,,,,,,,,,🔄 持平,0.0,0.0,🔄 持平,-0.0,0.0,🔄 持平,-0.0,0.0,🔄 持平,-0.0,0.0,,,,,,36.9,0,0.0,🔄 持平,0.0,0.0,➖ 持平,1,1,33.0
3086,華義*,文化創意業,09/17,28.9,-2.03,58.0,1.71,,53.0,1.55,🥀 平量價縮 (下跌中繼，弱反彈信號),51.327433628318595,1.1,,,,40.10,,,,,,🔥 強延續 (27.4%),,,,🌐 外資日連買(6)-⚡ 買盤點火 | 🌐 外資週連買(9)-🚀 趨勢加溫,,,,,,,,,,,,,,,,,,,,,,,,,,,,,,,,🔄 持平,0.0,-0.04,🔄 持平,-0.0,-0.04,🔄 持平,-0.0,-0.04,🔄 持平,-0.0,-0.049999999999999996,,,,,,51.1,0,0.0,🔄 持平,0.0,0.0,➖ 持平,6,4,151.0
3088,艾訊,電腦及週邊設備業,09/17,126.0,1.61,654.0,82.8,15.8,428.0,53.5,⚖️ 溫和震盪整理,143.52941176470586,1.55,,,,18.20,,,,,,,,🔥 持續加碼 (0.36%),,🌐 外資日連買(2)-🆕 試單觀察,,,,,,,,,,,,,,,,,,,,,,,,,,,,,,,,↘️ 微減,-0.27,-1.8400000000000003,↘️ 微減,-0.27,-1.8700000000000003,↘️ 微減,-0.17,-2.44,↘️ 微減,-0.22,-2.23,,,,,,29.8,0,0.0,🔄 持平,-0.4,0.0,➖ 持平,2,4,298.0
3093,港建*,其他電子業,09/17,44.15,-0.34,102.0,4.54,45.1,147.0,6.45,⚖️ 溫和震盪整理,-7.910750507099385,0.7,,,,69.30,,,,,,,,,,🌐 外資日連買(2)-🆕 試單觀察 | 🌐 外資週連買(2)-🌱 週線發動,,,,,,,,,,,,,,,,,,,,,,,,,,,,,,,,↘️ 微減,-0.02,0.16000000000000003,📉 小減,-0.58,-0.3999999999999999,↘️ 微減,-0.03,0.13,↘️ 微減,-0.03,0.13000000000000003,,,,,,68.0,0,0.0,🔄 持平,0.0,0.0,➖ 持平,8,4,198.0
3095,及成,通信網路業,09/17,36.0,4.65,7.0,0.24,14.9,4.0,0.15,🚀 放量大漲 (量價齊升，持續看漲),380.0,1.6,,,,3.60,,,,,,,,,,,,,,,,,,,,,,,,,,,,,,,,,,,,,,,,,,🔄 持平,0.0,27.4,🔄 持平,-0.0,24.5,🔄 持平,-0.0,24.5,🔄 持平,-0.0,21.3,,,,,,39.4,0,28.9,🔥 大增,27.8,0.0,➖ 持平,1,3,11.0
3105,穩懋,半導體業,09/17,471.0,-0.32,47614.0,23135.0,55.3,28202.0,13161.6,⚠️ 放量滯漲 (拋壓增大，即將見頂反轉),70.24799470159688,1.76,,,,28.90,,,,,,,🔥 強延續 (2.87%),🚨 轉賣反轉 (-0.13%),🔥 持續加碼 (0.32%),🏦 投信日連買(9)-⚡ 買盤點火 | 🏦 投信週連買(7)-🚀 趨勢加溫,,,,,-350.0,-991.0,-16485.0,,,,,,14.4,40.6,167.0,384.0,7865.7,,,4.58,16.6,,,,1306.0,4242.0,61512.6,,,63456.0,199172.0,📈 小增,0.71,1.0199999999999996,↗️ 微增,0.3,0.4999999999999998,↘️ 微減,-0.22,1.43,↗️ 微增,0.14,1.9,雙引擎 | 長短線,,,,,5.38,21.9,0.0,🔄 持平,0.0,0.0,➖ 持平,4,3,5335.0
3114,好德,電子零組件業,09/17,30.35,1.17,130.0,3.96,9.67,125.0,3.75,⏸️ 平量滯漲 (拋壓增大，高位見頂),18.208955223880597,1.06,,,,1.60,,,,,,🔥 強延續 (46.1%),,💤 籌碼沉澱中,,🌐 外資日連買(2)-🆕 試單觀察,🔼 進駐,,,,,,,,,,,,,,,,,,,,,,,,,,,,,,,↗️ 微增,0.16,0.2,↗️ 微增,0.16,0.19,↗️ 微增,0.16,-0.79,↗️ 微增,0.16,-0.7899999999999999,雙引擎,,,,,19.0,0,0.0,🔄 持平,0.0,0.0,➖ 持平,4,4,322.0
3115,富榮綱,電子零組件業,09/17,8.18,-0.24,14.0,0.11,,8.0,0.06,⚠️ 放量滯漲 (拋壓增大，即將見頂反轉),0.0,1.83,,,,1.80,,,,,,,,,,,,,,,,,,,,,,,,,,,,,,,,,,,,,,,,,,🔄 持平,0.0,0.0,🔄 持平,-0.0,0.0,🔄 持平,-0.0,0.0,🔄 持平,-0.0,0.0,,,,,,70.3,0,0.0,🔄 持平,0.0,0.0,➖ 持平,1,2,11.0
3118,進階,生技醫療業,09/17,31.65,0.8,11.0,0.35,13.5,16.0,0.5,⚖️ 溫和震盪整理,0.0,0.7,,,,0.40,,,,,,,,,,,,,,,,,,,,,,,,,,,,,,,,,,,,,,,,,,↗️ 微增,0.12,3.29,🚀 劇增,2.6,2.89,↗️ 微增,0.14,0.46,↗️ 微增,0.14,0.46,雙引擎 | 長短線,,,,,18.6,9.59,0.0,🔄 持平,0.1,-0.01,↘️ 微減,11,4,183.0
3122,笙泉,半導體業,09/17,24.45,1.88,34.0,0.82,,29.0,0.7,⚖️ 溫和震盪整理,95.23809523809523,1.17,,,,1.40,,,,,,,,,,🌐 外資日連買(2)-🆕 試單觀察,,,,,,,,,,,,,,,,,,,,,,,,,,,,,,,,🔄 持平,0.0,-0.08,🔄 持平,-0.0,-0.08,🔄 持平,-0.0,-0.32,🔄 持平,-0.0,-0.29,,,,,,5.16,0,0.0,🔄 持平,-6.74,0.0,➖ 持平,4,4,69.0
3128,昇銳,光電業,09/17,20.25,-1.7,125.0,2.56,17.8,239.0,5.04,📉 縮量小跌 (主力洗盤止跌，擇機進場),-67.17948717948718,0.51,,,,2.00,,,,,,,,,,🌐 外資日連買(2)-🆕 試單觀察,,,,,,,,,,,,,,,,,,-1.98,3.92,,,-37.0,69.0,-74.9,,,,,,,,↘️ 微減,-0.01,-0.04,↘️ 微減,-0.01,-0.08,↘️ 微減,-0.01,-0.05,↗️ 微增,0.01,0.24,,,,,,4.06,0,0.0,🔄 持平,0.0,0.0,➖ 持平,2,4,120.0
3131,弘塑,半導體業,09/17,2395.0,3.01,316.0,761.0,41.8,254.0,600.4,⚖️ 溫和震盪整理,119.9421965317919,1.27,,,,34.20,,,,,,,🔄 持平 (0%),💤 籌碼沉澱中,💤 籌碼沉澱中,🏦 投信日連買(2)-🆕 試單觀察,,,,,,,,-1.76,-23.7,,,,,,,,,,,,,,,,,,,-723.0,-12187.0,,,↘️ 微減,-0.11,-5.32,↘️ 微減,-0.06,-5.670000000000001,↗️ 微增,0.05,-1.0899999999999996,↗️ 微增,0.01,-1.3099999999999998,,,,,,24.7,0,0.0,🔄 持平,5.5,0.0,➖ 持平,3,4,429.0
3141,晶宏,半導體業,09/17,94.4,1.72,5433.0,518.0,31.0,4318.0,400.0,⚖️ 溫和震盪整理,24.819277108433745,1.3,,,,21.60,,,,,,,,💤 籌碼沉澱中,,🌐 外資週連買(4)-🌱 週線發動,,,,,,,,,,,,,,,171.0,357.0,1614.2,-1.47,5.22,,,-108.0,358.0,-1019.5,,,,943.0,-541.0,,,🔥 大增,1.29,13.69,↗️ 微增,0.1,12.43,↘️ 微減,-0.11,15.02,📉 小減,-0.91,13.77,,,,,,2.25,29.4,0.0,🔄 持平,0.0,0.0,➖ 持平,4,3,918.0
3147,大綜,資訊服務業,09/17,232.5,-0.21,657.0,154.0,14.4,798.0,183.66,⏸️ 平量滯漲 (拋壓增大，高位見頂),-33.90557939914163,0.84,,,,8.70,,,,,,🔄 持平 (0%),,💤 籌碼沉澱中,,,,,,,,,,,,,,,,,,,,,,,,-35.0,80.0,-813.8,,,,,,,,🚀 劇增,2.35,-0.07,↗️ 微增,0.16,-2.1399999999999997,↗️ 微增,0.01,-0.52,🔥 大增,1.01,0.48,雙引擎,,,,,23.2,17.8,0.0,🔄 持平,-0.1,0.0,➖ 持平,2,4,380.0
3152,璟德,通信網路業,09/17,219.5,-0.68,96.0,21.2,37.2,81.0,17.88,⏸️ 平量滯漲 (拋壓增大，高位見頂),19.774011299435035,1.19,,,,38.40,,,,,,,,,,,,,,,,,,,,,,,,,,,,,,,,,,,,,,,,,,🔄 持平,0.0,0.06,🔄 持平,-0.0,0.06,🔄 持平,-0.0,0.07000000000000006,🔄 持平,-0.0,0.06000000000000005,,,,,,21.6,0,0.0,🔄 持平,0.0,0.0,➖ 持平,2,4,81.0
3158,嘉實,資訊服務業,09/17,86.0,-0.23,12.0,1.0,11.9,34.0,2.98,⚖️ 溫和震盪整理,-44.75138121546961,0.34,,,,1.40,,,,,,,,,,,,,,,,,,,,,,,,,,,,,,,,,,,,,,,,,,🔄 持平,0.0,0.02,🔄 持平,-0.0,0.02,🔄 持平,-0.0,0.02,🔄 持平,-0.0,-1.33,,,,,,11.9,0,0.0,🔄 持平,-0.1,0.0,➖ 持平,3,2,68.0
3162,精確,電機機械,09/17,72.7,-1.09,886.0,65.2,117.0,1453.0,103.7,⚖️ 溫和震盪整理,-63.163841807909606,0.63,,,,48.70,,,,,,,,,,🌐 外資日連買(2)-🆕 試單觀察,,,,,,,,,,,,,-68.4,100.0,,,,-0.42,4.74,,,-30.0,321.0,-218.1,,,,,,,,📈 小增,0.67,0.42000000000000004,↘️ 微減,-0.49,-0.15000000000000013,↘️ 微減,-0.01,-0.14000000000000004,↘️ 微減,-0.25,-0.19,,,,,,34.5,0,0.0,🔄 持平,0.0,0.0,➖ 持平,2,4,1087.0
3163,波若威,通信網路業,09/17,652.0,-1.66,1697.0,1125.0,78.3,1670.0,1104.8,🥀 平量價縮 (下跌中繼，弱反彈信號),-16.60489251297257,1.02,,,,9.90,,,,,,,,💤 籌碼沉澱中,,,,,,,,,,,,,,,,,,,,,,,,,,,,,,597.0,-517.0,,,↘️ 微減,-0.14,-3.450000000000001,↘️ 微減,-0.14,-4.52,📉 小減,-0.79,-1.920000000000001,↘️ 微減,-0.37,-2.9599999999999986,,,,,,8.82,0,-0.09,↘️ 微減,-0.19,0.0,➖ 持平,2,3,362.0
3169,亞信,半導體業,09/17,101.5,0.5,123.0,12.6,26.6,90.0,9.11,⏸️ 平量滯漲 (拋壓增大，高位見頂),91.19878603945372,1.38,,,,5.00,,,,,,🔥 強延續 (24.4%),,,,🌐 外資日連買(6)-⚡ 買盤點火,🔼 進駐,,,,,,,,,,,,,,,,,,,,,,,,,,,,,,,🔄 持平,0.0,-0.03,🔄 持平,-0.0,-0.03000000000000002,🔄 持平,-0.0,0.8999999999999999,↘️ 微減,-0.03,0.72,,,,,,22.3,0,0.0,🔄 持平,-0.1,0.0,➖ 持平,8,3,155.0
3171,炎洲流通,居家生活,09/17,59.3,-0.34,1.0,0.07,9.37,14.0,0.84,⚖️ 溫和震盪整理,0.0,0.08,,,,1.70,,,,,,,,,,🌐 外資日連買(2)-🆕 試單觀察,,,,,,,,0.0,-25.9,,,,,,,,,,,,,,,,,,,,,,,🔄 持平,0.0,0.0,🔄 持平,-0.0,0.0,🔄 持平,-0.0,0.0,🔄 持平,-0.0,0.0,,,,,,38.9,0,0.0,🔄 持平,0.0,0.0,➖ 持平,2,3,41.0
3176,基亞,生技醫療業,09/17,39.9,5.42,1332.0,52.0,,1305.0,49.22,✈️ 平量大漲 (一致看漲無拋壓，加速上漲),100.77220077220078,1.06,,,,8.80,,,,,,🔥 強延續 (60.2%),,🔥 持續加碼 (0.58%),,🌐 外資週連買(2)-🌱 週線發動,🔼 進駐,,,,,,,,,,,,11.1,42.9,,,,-4.33,7.08,,,,,,,,,,,,,📈 小增,0.82,-0.04999999999999993,📉 小減,-0.99,0.010000000000000009,↗️ 微增,0.01,2.4400000000000004,↗️ 微增,0.02,2.1100000000000003,雙引擎,,,,,16.3,0,0.0,🔄 持平,0.0,0.0,➖ 持平,3,4,1001.0
3178,公準,半導體業,09/17,62.8,2.45,61.0,3.78,196.0,61.0,3.65,⚖️ 溫和震盪整理,17.391304347826075,1.04,,,,1.70,,,,,,,,,,🌐 外資日連買(4)-🆕 試單觀察,,,,,,,,,,,,,,,,,,,,,,,,,,,,,,,,🔄 持平,0.0,0.0,🔄 持平,-0.0,0.0,🔄 持平,-0.0,-0.07,🔄 持平,-0.0,-0.07,,,,,,38.5,0,0.0,🔄 持平,0.0,0.0,➖ 持平,4,4,193.0
3188,鑫龍騰,建材營造業,09/17,23.9,1.06,137.0,3.26,3.39,113.0,2.68,⏸️ 平量滯漲 (拋壓增大，高位見頂),49.54128440366969,1.22,,,,1.90,,,,,,,,,,🌐 外資日連買(2)-🆕 試單觀察,,,,,,,,,,,,,,,,,,,,,,,,,,,,,,,,🔄 持平,0.0,0.0,🔄 持平,-0.0,0.39,🔄 持平,-0.0,-0.030000000000000002,↗️ 微增,0.06,0.049999999999999996,,,,,,24.4,0,0.0,🔄 持平,-0.3,0.0,➖ 持平,10,4,311.0
3191,雲嘉南,電子零組件業,09/17,16.55,0.91,25.0,0.41,20.9,12.0,0.2,⚠️ 放量滯漲 (拋壓增大，即將見頂反轉),78.26086956521738,2.05,,,,0.20,,,,,,🔄 持平 (0%),,,,,,,,,,,,,,,,,,,,,,,,,,,,,,,,,,,,↗️ 微增,0.01,0.51,↗️ 微增,0.01,0.51,↗️ 微增,0.04,0.56,↗️ 微增,0.04,0.56,雙引擎 | 長短線,,,,,8.77,0,0.0,🔄 持平,0.03,0.0,➖ 持平,2,3,51.0
3205,佰研,生技醫療業,09/17,46.65,0.76,20.0,0.92,,19.0,0.9,⏸️ 平量滯漲 (拋壓增大，高位見頂),-19.999999999999996,1.02,,,,1.00,,,,,,🔄 持平 (0%),,,,🌐 外資週連買(2)-🌱 週線發動,,,,,,,,,,,,,0.0,200.0,,,,,,,,,,,,,,,,,,🔄 持平,0.0,0.0,🔄 持平,-0.0,0.0,🔄 持平,-0.0,-0.9,🔄 持平,-0.0,-0.01,,,,,,11.5,0,0.0,🔄 持平,0.0,0.0,➖ 持平,2,4,88.0
3206,志豐,電子零組件業,09/17,34.75,1.61,34.0,1.19,20.1,21.0,0.75,⚖️ 溫和震盪整理,213.15789473684208,1.59,,,,3.60,,,,,,🔄 持平 (0%),,,,🌐 外資週連買(12)-👑 長線主控,,,,,,,,-0.74,-11.4,,,,,,,,,,,,,,,,,,,,,,,🔄 持平,0.0,0.02,🔄 持平,-0.0,0.02,🔄 持平,-0.0,0.02,↗️ 微增,0.16,0.85,,,,,,25.5,0,0.0,🔄 持平,0.0,0.0,➖ 持平,1,4,178.0
3207,耀勝,電子零組件業,09/17,37.15,1.23,143.0,5.35,,141.0,5.23,⏸️ 平量滯漲 (拋壓增大，高位見頂),77.74086378737542,1.02,,,,3.20,,,,,,,,,,🌐 外資日連買(4)-🆕 試單觀察,,,,,,,,,,,,,,,,,,,,,,,,,,,,,,,,🚨 劇減,-1.79,-0.4000000000000001,↘️ 微減,-0.32,1.08,📈 小增,0.6,0.89,⚠️ 大減,-1.01,-0.71,,,,,,9.79,87.7,0.0,🔄 持平,-1.11,10.8,🚨 暴增,4,4,425.0
3211,順達,電腦及週邊設備業,09/17,360.5,-2.57,2360.0,871.0,48.2,2224.0,813.8,🥀 平量價縮 (下跌中繼，弱反彈信號),-10.758196721311474,1.07,,,,18.80,,,,,,,📉 調節洗盤 (-3.06%),,🚨 轉賣反轉 (-0.05%),,,,,,,,,,,,,,,,,,,,,,,,,,,,,3175.0,-2721.0,,,↗️ 微增,0.36,0.29000000000000004,↘️ 微減,-0.17,-1.42,⚠️ 大減,-1.1,-1.9599999999999997,📉 小減,-0.95,-1.85,,,,,,1.71,0,0.04,↗️ 微增,-5.84,0.0,➖ 持平,4,4,4701.0
3213,茂訊,電腦及週邊設備業,09/17,124.0,1.22,205.0,25.3,12.9,178.0,21.72,⏸️ 平量滯漲 (拋壓增大，高位見頂),-0.393700787401563,1.16,,,,13.90,,,,,,,,,,🌐 外資日連買(2)-🆕 試單觀察,,,,,,,,,,,,,,,,,,,,,,,,,,,,,,,,🚨 劇減,-1.8,-2.220446049250313e-16,🚨 劇減,-1.8,-2.869999999999999,📉 小減,-0.95,-1.810000000000001,🚨 劇減,-2.6,-3.7500000000000004,,,,,,10.6,0,0.0,🔄 持平,-0.1,0.0,➖ 持平,6,4,198.0
3217,優群,電子零組件業,09/17,128.0,0.39,175.0,22.4,10.1,217.0,27.52,⏸️ 平量滯漲 (拋壓增大，高位見頂),-2.183406113537123,0.81,,,,7.30,,,,,,,,,,🌐 外資日連買(5)-⚡ 買盤點火,,,,,,,,,,,,,,,,,,,,,,,,,,,,,,,,🔥 大增,1.15,-0.18000000000000002,🔥 大增,1.01,-1.1799999999999997,↗️ 微增,0.17,-2.6899999999999995,↗️ 微增,0.09,-3.9499999999999997,雙引擎,,,,,11.2,0,0.0,🔄 持平,-0.7,0.0,➖ 持平,9,4,357.0
3218,大學光,生技醫療業,09/17,134.5,0.75,116.0,15.6,9.95,138.0,18.48,⏸️ 平量滯漲 (拋壓增大，高位見頂),51.456310679611626,0.84,,,,8.10,,,,,,🔄 持平 (0%),,💤 籌碼沉澱中,,,,,,,,,,,,,,,,,,,,,,,,,,,,,,,,,,🔄 持平,0.0,-1.18,↘️ 微減,-0.02,-0.11,↘️ 微減,-0.02,-0.11,↘️ 微減,-0.02,-0.8499999999999999,,,,,,8.87,0,0.0,🔄 持平,0.0,0.0,➖ 持平,2,3,192.0
3219,倚強科,其他電子業,09/17,81.7,-0.97,456.0,37.7,24.5,375.0,31.62,⏸️ 平量滯漲 (拋壓增大，高位見頂),28.23129251700682,1.19,,,,3.40,,,,,,🔄 持平 (0%),,🔥 持續加碼 (0.06%),,🌐 外資日連買(2)-🆕 試單觀察 | 🌐 外資週連買(4)-🌱 週線發動,,,-6.12,-9.91,-96.0,-162.0,-784.3,0.0,-8.99,,,,,,,,,,,,,,,,,,,,,,,↘️ 微減,-0.13,-0.65,↘️ 微減,-0.13,-1.9600000000000002,↘️ 微減,-0.13,-0.92,↗️ 微增,0.45,-1.0699999999999998,,,,,,51.9,0,0.0,🔄 持平,-0.4,0.0,➖ 持平,3,4,640.0
3221,台嘉碩,通信網路業,09/17,47.1,-0.42,929.0,44.3,46.6,1049.0,48.96,⏸️ 平量滯漲 (拋壓增大，高位見頂),-9.591836734693882,0.9,,,,8.40,,,,,,🔥 強延續 (21.3%),,🔥 持續加碼 (0.19%),,🌐 外資日連買(4)-🆕 試單觀察,,,,,-56.0,-132.0,-263.8,,,,,,,,,,,,,,,,,,,,,,,,,↗️ 微增,0.02,-0.36,📉 小減,-0.83,-0.3699999999999999,🚨 劇減,-2.07,0.3500000000000004,📉 小減,-0.74,0.48,,,,,,7.75,0,0.0,🔄 持平,-0.07,0.0,➖ 持平,6,3,455.0
3224,三顧,電子通路業,09/17,33.3,0.91,10.0,0.33,,20.0,0.66,⚖️ 溫和震盪整理,-8.333333333333325,0.5,,,,1.20,,,,,,,,,,,,,,,,,,0.0,-9.48,,,,,,,,,,,,,,,,,,,,,,,↗️ 微增,0.05,0.06999999999999999,↗️ 微增,0.06,0.07999999999999999,↗️ 微增,0.06,0.07999999999999999,↗️ 微增,0.06,0.07999999999999999,雙引擎 | 長短線,,,,,9.98,0,0.0,🔄 持平,0.0,0.0,➖ 持平,1,3,106.0
3226,龍鋒,電機機械,09/17,56.7,1.25,18.0,1.02,315.0,58.0,3.22,⚖️ 溫和震盪整理,-89.28571428571428,0.32,,,,0.00,,,,,,,,,,,,,0.0,-92.3,,,,,,,,,,,,,,,,,,,,,,,,,,,,↗️ 微增,0.12,0.8,↗️ 微增,0.12,0.8,↗️ 微增,0.12,0.8,↗️ 微增,0.12,0.8,雙引擎 | 長短線,,,,,55.8,0,0.0,🔄 持平,2.4,0.0,➖ 持平,18,4,446.0
3227,原相,半導體業,09/17,182.5,-0.82,680.0,125.0,14.9,560.0,102.0,⏸️ 平量滯漲 (拋壓增大，高位見頂),48.10426540284358,1.23,,,,28.80,,,,,,,,,,,,🚨 高危,,,,,,,,,,,,,,,,,,2.98,9.94,,,,236.0,736.0,4307.0,,,4331.0,13405.0,↘️ 微減,-0.23,-1.8699999999999999,📉 小減,-0.84,-1.87,↗️ 微增,0.07,-1.0,↘️ 微減,-0.43,-1.6599999999999997,,,,,,7.28,9.5,0.01,↗️ 微增,-0.03,0.0,➖ 持平,4,4,622.0
3228,金麗科,半導體業,09/17,164.0,-0.3,155.0,25.6,,165.0,27.18,⏸️ 平量滯漲 (拋壓增大，高位見頂),28.643216080402034,0.94,,,,7.10,,,,,,⚠️ 趨緩 (11.6%),,💤 籌碼沉澱中,,🌐 外資日連買(3)-🆕 試單觀察 | 🌐 外資週連買(2)-🌱 週線發動,,,,,,,,,,,,,,,,,,,,,,,,,,,,,,,,↗️ 微增,0.01,0.02,↗️ 微增,0.01,0.02,↗️ 微增,0.01,0.02,↗️ 微增,0.02,0.02,雙引擎 | 長短線,,,,,12.1,0,0.0,🔄 持平,0.4,0.0,➖ 持平,1,4,334.0
3230,錦明,光電業,09/17,41.8,1.21,258.0,10.8,,386.0,16.26,⚖️ 溫和震盪整理,-53.44827586206896,0.66,,,,1.70,,,,,,🔥 強延續 (39.4%),,🔥 持續加碼 (0.12%),,🌐 外資日連買(2)-🆕 試單觀察,,,,,,,,,,,,,10.0,783.0,33.0,321.0,137.9,,,,,18.0,72.0,75.2,,,,,,,,↗️ 微增,0.07,1.18,↗️ 微增,0.04,2.0500000000000003,↗️ 微增,0.06,1.54,↗️ 微增,0.07,0.87,雙引擎 | 長短線,,,,,21.8,4.27,0.0,🔄 持平,12.62,0.0,➖ 持平,2,4,467.0
3232,昱捷,電子通路業,09/17,21.3,-2.07,79.0,1.71,30.0,147.0,3.17,📉 縮量小跌 (主力洗盤止跌，擇機進場),-78.625,0.54,,,,8.30,,,,,,🔄 持平 (0%),,,,🌐 外資週連買(10)-👑 長線主控,,,,,,,,,,,,,,,,,,,,,,,,,,,,,,,,↗️ 微增,0.01,0.13,↗️ 微增,0.01,0.14,↗️ 微增,0.01,0.13,↗️ 微增,0.01,0.04000000000000001,雙引擎 | 長短線,,,,,21.1,0,0.1,📈 增,0.0,0.0,➖ 持平,2,4,33.0
3234,光環,通信網路業,09/17,177.0,-0.28,3853.0,699.0,,3186.0,569.0,⏸️ 平量滯漲 (拋壓增大，高位見頂),25.945945945945947,1.23,,,,12.40,,,,,,🔄 持平 (0%),🔄 持平 (0%),💤 籌碼沉澱中,💤 籌碼沉澱中,,,,,,,,,,,,,,,,,,,,,,,,,,,,,,,,,📉 小減,-0.69,5.9399999999999995,⚠️ 大減,-1.45,5.1899999999999995,🚨 劇減,-1.55,4.890000000000001,🚨 劇減,-1.58,3.7399999999999998,,,,,,12.1,0,0.0,🔄 持平,0.0,0.0,➖ 持平,2,3,3554.0
3236,千如,電子零組件業,09/17,42.75,-1.95,1298.0,56.6,61.1,1514.0,65.98,🥀 平量價縮 (下跌中繼，弱反彈信號),33.49056603773586,0.86,,,,14.70,,,,,,,,💤 籌碼沉澱中,,,,,,,,,,,,,,,,,,,,,,,,43.0,68.0,183.8,,,,,,,,↘️ 微減,-0.03,-0.8099999999999999,📉 小減,-0.79,-2.39,↘️ 微減,-0.03,-2.25,↘️ 微減,-0.03,-2.6900000000000004,,,,,,18.4,4.64,0.0,🔄 持平,-0.3,0.0,➖ 持平,4,3,262.0
3252,海灣,觀光餐旅,09/17,15.35,0.33,3.0,0.05,,11.0,0.17,⚖️ 溫和震盪整理,-76.19047619047619,0.29,,,,2.20,,,,,,,,,,,,,,,0.0,-170.0,0.0,,,,,,,,,,,,,,,,,,,,,,,,,↘️ 微減,-0.48,-0.73,↘️ 微減,-0.48,-0.73,↘️ 微減,-0.46,0.5,📈 小增,0.64,0.41000000000000003,,,,,,5.22,0,0.0,🔄 持平,0.0,0.0,➖ 持平,0,4,76.0
3259,鑫創,半導體業,09/17,10.8,0.0,1.0,0.01,,24.0,0.27,⚖️ 溫和震盪整理,-96.55172413793103,0.04,,,,10.90,,,,,,🔄 持平 (0%),,,,🌐 外資週連買(3)-🌱 週線發動,,,,,,,,,,,,,,,,,,,,,,,,,,,,,,,,🔄 持平,0.0,-0.010000000000000002,🔄 持平,-0.0,0.04,🔄 持平,-0.0,0.049999999999999996,🔄 持平,-0.0,0.63,,,,,,0.49,0,0.0,🔄 持平,-7.69,0.0,➖ 持平,1,3,99.0
3260,威剛,半導體業,09/17,395.0,-1.13,3657.0,1458.0,4.88,4597.0,1818.4,⏸️ 平量滯漲 (拋壓增大，高位見頂),9.954751131221728,0.8,,,,22.60,,,,,,,🔥 強延續 (3.49%),,🔥 持續加碼 (0.04%),🏦 投信日連買(2)-🆕 試單觀察 | 🏦 投信週連買(4)-🌱 週線發動,,⚠️ 初危,,,-41.0,-855.0,-1619.5,,,,,,,,,,,,,,,,,,,,,,,,,🔥 大增,1.18,5.6899999999999995,🚀 劇增,2.28,6.49,🚀 劇增,2.42,6.539999999999999,🚀 劇增,1.66,6.43,雙引擎 | 長短線,,,,,5.61,34.6,-0.16,🚨 減/大減,-0.15,-0.9,↘️ 微減,13,4,3855.0
3264,欣銓,半導體業,09/17,244.5,9.64,21408.0,5186.0,30.8,8299.0,1949.6,🚀 放量大漲 (量價齊升，持續看漲),554.7979797979798,2.66,,,,37.40,,,,,,,🔥 強延續 (9.65%),💤 籌碼沉澱中,🔥 持續加碼 (0.42%),🏦 投信週連買(3)-🌱 週線發動,,,,,,,,,,,,,239.0,206.0,332.0,317.0,8117.4,2.96,11.5,,,179.0,641.0,4376.6,,,,,,,,🚀 劇增,1.67,2.9,🔥 大增,1.3,2.73,🔥 大增,1.14,3.08,🔥 大增,1.03,2.77,雙引擎 | 長短線,,,,,10.4,0,0.0,🔄 持平,-3.2,0.0,➖ 持平,4,4,9463.0
3265,台星科,半導體業,09/17,168.0,3.7,1270.0,217.0,23.6,680.0,113.02,⚖️ 溫和震盪整理,364.6680942184154,1.92,,,,9.00,,,,,,,,,,,,,,,-88.0,-131.0,-1478.4,,,,,,22.7,17.4,10.0,8.0,168.0,,,,,,,,,,,,,,,↘️ 微減,-0.06,2.4499999999999997,📉 小減,-0.69,1.82,↘️ 微減,-0.26,2.33,📉 小減,-0.54,1.8,,,,,,52.3,0,0.0,🔄 持平,0.0,0.0,➖ 持平,3,3,902.0
3268,海德威,半導體業,09/17,18.1,5.54,97.0,1.72,,42.0,0.73,🚀 放量大漲 (量價齊升，持續看漲),251.0204081632653,2.36,,,,2.00,,,,,,🔄 持平 (0%),,,,,,,,,,,,,,,,,,,,,,,,,,,,,,,,,,,,↗️ 微增,0.14,0.1,↗️ 微增,0.14,0.1,↗️ 微增,0.14,0.1,↗️ 微增,0.16,0.21000000000000002,雙引擎 | 長短線,,,,,14.1,0,0.0,🔄 持平,0.0,0.0,➖ 持平,2,4,97.0
3272,東碩,電腦及週邊設備業,09/17,14.0,0.36,41.0,0.57,,22.0,0.31,⚠️ 放量滯漲 (拋壓增大，即將見頂反轉),235.29411764705878,1.84,,,,1.20,,,,,,🔄 持平 (0%),,,,🌐 外資日連買(7)-⚡ 買盤點火 | 🌐 外資週連買(6)-🚀 趨勢加溫,,,,,,,,,,,,,,,,,,,,,,,,,,,,,,,,🔄 持平,0.0,-0.25,🔄 持平,-0.0,-0.25,🔄 持平,-0.0,-0.25,🔄 持平,-0.0,-0.22999999999999998,,,,,,24.9,0,0.0,🔄 持平,0.0,0.0,➖ 持平,7,4,164.0
3276,宇環,電子零組件業,09/17,13.9,0.72,69.0,0.95,57.9,123.0,1.71,⚖️ 溫和震盪整理,15.853658536585357,0.56,,,,1.70,,,,,,,,,,🌐 外資日連買(2)-🆕 試單觀察,,,,,,,,0.0,-9.92,,,,,,,,,,,,,,,,,,,,,,,↗️ 微增,0.1,0.13,↗️ 微增,0.1,0.13,↗️ 微增,0.1,0.17,↗️ 微增,0.1,-0.5800000000000001,雙引擎,,,,,44.3,0,0.0,🔄 持平,0.0,0.0,➖ 持平,2,4,267.0
3284,太普高,其他業,09/17,19.85,0.0,119.0,2.37,8.17,177.0,3.55,⚖️ 溫和震盪整理,-77.42857142857143,0.67,,,,1.80,,,,,,🔄 持平 (0%),,,,🌐 外資週連買(2)-🌱 週線發動,,,,,,,,,,,,,,,,,,-0.58,3.6,,,,,,,,,,,,,↘️ 微減,-0.06,-0.06999999999999999,↘️ 微減,-0.06,-0.09,↘️ 微減,-0.06,-0.09,↗️ 微增,0.01,-0.52,,,,,,30.8,0,0.0,🔄 持平,0.0,0.0,➖ 持平,4,4,113.0
3285,微端,其他電子業,09/17,39.35,1.16,8.0,0.3,21.4,11.0,0.45,⏸️ 平量滯漲 (拋壓增大，高位見頂),57.89473684210527,0.67,,,,13.40,,,,,,,,,,,,,,,,,,,,,,,,,,,,,,,,,,,,,,,,,,↗️ 微增,0.03,0.24000000000000002,↗️ 微增,0.03,0.24000000000000002,↗️ 微增,0.03,0.24000000000000002,↗️ 微增,0.03,0.27999999999999997,雙引擎 | 長短線,,,,,13.7,0,0.0,🔄 持平,0.0,0.0,➖ 持平,3,4,88.0
3287,廣寰科,電腦及週邊設備業,09/17,38.5,10.0,906.0,34.4,4.83,250.0,9.29,🚀 放量大漲 (量價齊升，持續看漲),1228.1853281853282,3.7,,,,3.00,,,,,,🔥 強延續 (31.9%),,🔥 持續加碼 (0.66%),,🌐 外資日連買(2)-🆕 試單觀察,🔼 進駐,,,,,,,,,,,,,200.0,,,,,,3.97,10.1,,,,,,,,,,,🔄 持平,0.0,0.0,🔄 持平,-0.0,0.0,⚠️ 大減,-1.44,0.0,↘️ 微減,-0.08,0.04,,,,,,40.0,0,0.0,🔄 持平,0.0,0.0,➖ 持平,2,4,320.0
3288,點晶,電子零組件業,09/17,20.05,0.25,31.0,0.61,,37.0,0.75,⏸️ 平量滯漲 (拋壓增大，高位見頂),-55.14705882352941,0.81,,,,0.30,,,,,,,,,,,,,,,,,,,,,,,,,,,,,,,,,,,,,,,,,,🔄 持平,0.0,0.0,🔄 持平,-0.0,0.0,🔄 持平,-0.0,0.0,🔄 持平,-0.0,0.0,,,,,,15.9,0,0.0,🔄 持平,-0.4,0.0,➖ 持平,3,4,34.0
3289,宜特,其他電子業,09/17,133.5,1.52,391.0,52.0,29.2,501.0,66.34,⚖️ 溫和震盪整理,25.90799031476998,0.78,,,,11.60,,,,,,,,💤 籌碼沉澱中,,🌐 外資日連買(2)-🆕 試單觀察,,,-0.64,-5.6,-44.0,-404.0,-587.4,,,,,,0.0,41.2,0.0,7.0,0.0,,,,,,,,,,,,,,,🔄 持平,0.0,-2.13,📉 小減,-0.99,-2.25,↘️ 微減,-0.08,-2.24,↘️ 微減,-0.07,-1.28,,,,,,9.8,31.9,0.0,🔄 持平,-0.06,-0.9,↘️ 微減,11,4,429.0
3290,東浦,電子零組件業,09/17,46.75,-0.64,421.0,19.8,10.1,399.0,18.54,⏸️ 平量滯漲 (拋壓增大，高位見頂),-7.906976744186045,1.07,,,,6.00,,,,,,,,,,,,,,,,,,,,,,,,,,,,,,1.1,9.63,,,,,,,,,,,↗️ 微增,0.06,-2.1,↗️ 微增,0.03,-0.10999999999999983,📈 小增,0.64,0.42000000000000004,🔄 持平,-0.0,-1.4,,,,,,20.2,0,0.0,🔄 持平,0.0,0.0,➖ 持平,5,3,1170.0
3293,鈊象,文化創意業,09/17,725.0,2.4,2148.0,1546.0,16.8,1383.0,976.6,⚖️ 溫和震盪整理,85.37170263788968,1.58,,,,28.50,,,,,,,🔥 強延續 (11.1%),💤 籌碼沉澱中,🔥 持續加碼 (0.08%),🌐 外資日連買(2)-🆕 試單觀察 | 🏦 投信日連買(3)-🆕 試單觀察 | 🏦 投信週連買(2)-🌱 週線發動,,,-5.63,-10.5,-157.0,-309.0,-11382.5,0.08,-8.12,5.0,-580.0,362.5,,,,,,,,,,,,,,,,360.0,-40601.0,,,↘️ 微減,-0.28,0.4300000000000004,↘️ 微減,-0.25,-0.8399999999999999,↘️ 微減,-0.24,0.36999999999999994,↗️ 微增,0.17,1.02,,,,,,8.13,0,0.0,🔄 持平,0.0,0.0,➖ 持平,4,4,6434.0
3294,英濟,電子零組件業,09/17,30.0,2.56,277.0,8.33,,215.0,6.29,⚖️ 溫和震盪整理,55.410447761194014,1.32,,,,9.90,,,,,,🔥 強延續 (20.9%),,💤 籌碼沉澱中,,🌐 外資日連買(2)-🆕 試單觀察,🔼 進駐,,,,,,,,,,,,,,,,,,,,,,,,,,,,,,,↘️ 微減,-0.01,-0.14,↘️ 微減,-0.01,-0.14,↘️ 微減,-0.03,-0.20999999999999996,↘️ 微減,-0.03,-0.14999999999999997,,,,,,24.8,6.1,0.0,🔄 持平,0.0,0.0,➖ 持平,4,4,141.0
3297,杭特,光電業,09/17,30.1,-5.35,514.0,15.8,33.4,680.0,21.64,🕳️ 平量大跌 (一致看空無承接，加速下跌),-77.42857142857143,0.73,,,,2.20,,,,,,,,,,,,,,,,,,2.15,-18.1,,,,-54.5,150.0,,,,0.14,7.52,,,,,,,,,,,,,🔄 持平,0.0,0.0,🔄 持平,-0.0,0.0,🔄 持平,-0.0,0.0,🔄 持平,-0.0,0.0,,,,,,22.6,0,0.0,🔄 持平,0.0,0.0,➖ 持平,1,4,65.0
3303,岱稜,其他電子業,09/17,48.4,0.1,111.0,5.38,9.6,207.0,10.02,⚖️ 溫和震盪整理,48.20936639118458,0.54,,,,5.90,,,,,,,,,,,,,,,,,,,,,,,,,,,,,,0.82,6.7,,,,,,,,,,,↘️ 微減,-0.26,-0.45000000000000007,↘️ 微減,-0.3,-0.5,↗️ 微增,0.24,0.05999999999999993,↘️ 微減,-0.25,-0.07000000000000012,,,,,,15.8,6.73,0.2,📈 增,-2.7,-0.07,↘️ 微減,3,4,219.0
3306,鼎天,通信網路業,09/17,44.8,-0.44,36.0,1.63,99.6,113.0,5.14,⚖️ 溫和震盪整理,-28.193832599118952,0.32,,,,4.90,,,,,,,,,,,,,,,,,,0.16,-9.2,,,,,,,,,,,,,,,,,,,,,,,🔄 持平,0.0,0.0,🚀 劇增,1.59,1.59,↗️ 微增,0.05,0.03,↗️ 微增,0.02,1.13,,,,,,37.6,0,0.0,🔄 持平,0.0,0.0,➖ 持平,4,4,286.0
3310,佳穎,電子零組件業,09/17,68.2,-1.16,24.0,1.64,26.2,13.0,0.92,⚠️ 放量滯漲 (拋壓增大，即將見頂反轉),198.18181818181816,1.78,,,,0.40,,,,,,,,,,,,,0.17,-5.79,4.0,-145.0,27.3,0.0,-14.7,,,,,,,,,,,,,,,,,,,,,,,↗️ 微增,0.03,0.14,↗️ 微增,0.04,0.12,↗️ 微增,0.04,-0.7799999999999999,↗️ 微增,0.04,-0.04999999999999999,雙引擎,,,,,16.0,43.7,0.0,🔄 持平,4.6,0.0,➖ 持平,8,4,45.0
3313,斐成,建材營造業,09/17,10.45,-0.48,86.0,0.9,,104.0,1.12,⏸️ 平量滯漲 (拋壓增大，高位見頂),150.0,0.8,,,,4.50,,,,,,,,,,,,,,,,,,,,,,,,,,,,,,,,,,,,,,,,,,🔄 持平,0.0,0.0,🔄 持平,-0.0,0.0,🔄 持平,-0.0,0.0,↗️ 微增,0.22,0.23,,,,,,17.4,0,0.0,🔄 持平,-1.4,0.0,➖ 持平,3,4,369.0
3317,尼克森,半導體業,09/17,55.1,-0.72,408.0,22.7,27.4,374.0,20.54,⏸️ 平量滯漲 (拋壓增大，高位見頂),13.5,1.11,,,,15.70,,,,,,⚠️ 趨緩 (2.28%),,🔥 持續加碼 (0.01%),,🌐 外資日連買(7)-⚡ 買盤點火,,,,,,,,,,,,,,,,,,,,,,,,,,,,,,,,↘️ 微減,-0.08,1.17,↘️ 微減,-0.07,-0.74,↗️ 微增,0.07,1.7200000000000002,↗️ 微增,0.07,0.7000000000000001,,,,,,9.58,0,0.0,🔄 持平,0.0,0.0,➖ 持平,2,4,662.0
3322,建舜電,電子零組件業,09/17,10.65,-0.93,198.0,2.13,,194.0,2.11,⏸️ 平量滯漲 (拋壓增大，高位見頂),69.04761904761905,1.01,,,,3.00,,,,,,,,,,🌐 外資日連買(2)-🆕 試單觀察,,,,,,,,-0.12,-12.6,-3.0,-348.0,-3.2,250.0,250.0,,,,,,,,,,,,,,,,,,📉 小減,-0.6,0.26,↗️ 微增,0.02,0.16000000000000003,📉 小減,-0.56,0.23,📉 小減,-0.53,0.09999999999999992,,,,,,8.35,0,0.0,🔄 持平,-0.05,0.0,➖ 持平,0,4,192.0
3323,加百裕,電腦及週邊設備業,09/17,27.0,0.0,169.0,4.57,,192.0,5.18,⏸️ 平量滯漲 (拋壓增大，高位見頂),51.32450331125828,0.88,,,,10.70,,,,,,,,,,,,,,,,,,,,,,,,,,,,,,,,49.0,78.0,132.3,45.0,207.0,121.5,,,,,🔄 持平,0.0,-1.1,↗️ 微增,0.14,-0.1499999999999999,↗️ 微增,0.14,-0.8800000000000001,↗️ 微增,0.14,-1.2899999999999998,,,,,,14.6,7.13,0.0,🔄 持平,-0.8,0.0,➖ 持平,2,4,275.0
3324,雙鴻,其他電子業,09/17,1385.0,1.84,6498.0,9071.0,31.8,3535.0,4756.0,⚖️ 溫和震盪整理,41.51326053042121,1.91,,,,41.20,,,,,,🔄 持平 (0%),🔄 持平 (0%),💤 籌碼沉澱中,💤 籌碼沉澱中,🏦 投信日連買(2)-🆕 試單觀察,,,,,,,,,,,,,,,,,,1.14,10.4,,,77.0,644.0,10664.5,,,,-9911.0,-2492.0,,,↗️ 微增,0.17,7.139999999999998,↗️ 微增,0.28,8.25,🔥 大增,1.09,14.91,📈 小增,0.68,15.37,雙引擎 | 長短線,,,,,19.0,4.18,0.0,🔄 持平,-0.1,0.0,➖ 持平,3,4,3591.0
3325,旭品,電腦及週邊設備業,09/17,11.15,0.45,73.0,0.82,,86.0,0.97,⏸️ 平量滯漲 (拋壓增大，高位見頂),32.258064516129025,0.85,,,,0.70,,,,,,,,,,🌐 外資日連買(2)-🆕 試單觀察 | 🌐 外資週連買(5)-🚀 趨勢加溫,,,,,,,,,,,,,,,,,,,,,,,,,,,,,,,,🔄 持平,0.0,0.0,🔄 持平,-0.0,0.0,↗️ 微增,0.01,0.01,↗️ 微增,0.01,-0.02,,,,,,10.4,0,0.0,🔄 持平,0.65,0.0,➖ 持平,6,4,264.0
3332,幸康,電子零組件業,09/17,60.5,0.33,3.0,0.18,15.3,4.0,0.25,⏸️ 平量滯漲 (拋壓增大，高位見頂),-57.14285714285714,0.72,,,,0.80,,,,,,,,,,,,,,,,,,,,,,,,,,,,,,,,,,,,,,,,,,🔄 持平,0.0,0.03,🔄 持平,-0.0,0.03,🔄 持平,-0.0,0.03,🔄 持平,-0.0,0.03,,,,,,39.4,0,0.0,🔄 持平,7.0,0.0,➖ 持平,2,1,8.0
3339,泰谷,光電業,09/17,44.95,2.63,3677.0,167.0,,1554.0,68.84,⚖️ 溫和震盪整理,159.3167701863354,2.43,,,,4.20,,,,,,🔄 持平 (0%),,🔥 持續加碼 (0.9%),,🌐 外資日連買(2)-🆕 試單觀察 | 🌐 外資週連買(2)-🌱 週線發動,,,,,,,,,,,,,,,,,,,,,,,,,,,,,,,,↘️ 微減,-0.39,-1.2700000000000002,↘️ 微減,-0.1,-1.2400000000000002,↘️ 微減,-0.11,-1.4300000000000002,📈 小增,0.58,1.6099999999999999,,,,,,8.64,86.9,-0.04,↘️ 微減,-1.2,0.3,↗️ 微增,3,4,673.0
3349,寶德,電腦及週邊設備業,09/17,20.0,0.25,57.0,1.13,,345.0,6.92,⚖️ 溫和震盪整理,117.30769230769229,0.16,,,,1.00,,,,,,,,,,,,,,,,,,,,,,,,,,,,,,,,,,,,,,,,,,↘️ 微減,-0.1,0.0,↘️ 微減,-0.24,-0.36,↘️ 微減,-0.24,-0.36,↘️ 微減,-0.24,-0.22999999999999998,,,,,,,,,無,,,無,3,3,1300.0
3354,律勝,電子零組件業,09/17,29.25,-4.1,2567.0,77.6,,1933.0,57.44,🕳️ 平量大跌 (一致看空無承接，加速下跌),17.575757575757578,1.35,,,,1.90,,,,,,,,💤 籌碼沉澱中,,,,,-4.12,-8.89,-67.0,-152.0,-196.0,,,,,,,,,,,,,0.0,14.3,,,,,,,,,,,🔄 持平,0.0,-0.1,🔄 持平,-0.0,-0.1,🔄 持平,-0.0,-0.1,📈 小增,0.63,-0.06999999999999995,,,,,,37.7,0,0.0,🔄 持平,0.0,0.0,➖ 持平,1,2,228.0
3357,臺慶科,電子零組件業,09/17,200.0,-0.5,525.0,106.0,18.5,621.0,125.28,⏸️ 平量滯漲 (拋壓增大，高位見頂),17.256637168141587,0.85,,,,20.90,,,,,,,,🔥 持續加碼 (0.05%),,🌐 外資週連買(2)-🌱 週線發動,,,,,20.0,-143.0,400.0,,,,,,,,,,,,,,,,,,,,,,,,,↘️ 微減,-0.01,-1.4100000000000001,↘️ 微減,-0.01,-2.09,↘️ 微減,-0.11,-2.2,📈 小增,0.58,-0.9700000000000001,,,,,,24.3,0,0.0,🔄 持平,5.1,0.0,➖ 持平,1,3,603.0
3360,尚立,電子通路業,09/17,14.6,1.04,223.0,3.26,1460.0,277.0,3.98,⏸️ 平量滯漲 (拋壓增大，高位見頂),-7.3863636363636465,0.82,,,,3.80,,,,,,📉 調節洗盤 (-15.2%),,🚨 轉賣反轉 (-0.04%),,🌐 外資週連買(2)-🌱 週線發動,,,,,-4.0,-140.0,-5.8,,,,,,,,,,,,,,,,,,,,,,,,,🔄 持平,0.0,0.0,🔄 持平,-0.0,0.0,🔄 持平,-0.0,0.01,↗️ 微增,0.08,-0.5800000000000001,,,,,,11.1,0,0.0,🔄 持平,0.0,0.0,➖ 持平,2,4,390.0
3362,先進光,光電業,09/17,175.0,-1.13,2933.0,520.0,,5251.0,927.6,⚖️ 溫和震盪整理,-48.20717131474104,0.56,,,,6.00,,,,,,🔄 持平 (0%),,💤 籌碼沉澱中,,,,,0.94,-5.51,40.0,-251.0,700.0,,,,,,,,-8.0,27.0,-140.0,,,,,,,,44.0,307.0,770.0,,,780.0,5344.0,⚠️ 大減,-1.48,0.9100000000000001,🚨 劇減,-2.11,0.2300000000000002,⚠️ 大減,-1.27,1.06,🚨 劇減,-2.19,0.44000000000000006,,,,,,14.1,5.08,0.0,🔄 持平,0.2,-1.2,✅ 大減,2,3,1157.0
3363,上詮,通信網路業,09/17,655.0,-4.24,4183.0,2811.0,,2945.0,1982.2,🕳️ 平量大跌 (一致看空無承接，加速下跌),33.666191155492164,1.42,,,,22.40,,,,,,,🔥 強延續 (2.13%),💤 籌碼沉澱中,🔥 持續加碼 (0.08%),🏦 投信週連買(2)-🌱 週線發動,,,,,,,,,,,,,,,,,,2.35,1.14,5.3,8.39,171.0,84.0,11200.5,442.0,680.0,28951.0,,,29710.0,45913.0,🚨 劇減,-1.67,-2.69,🚨 劇減,-1.56,-1.8499999999999999,🚨 劇減,-1.64,-0.45999999999999996,🚨 劇減,-1.91,-2.37,,,,,,9.34,22.4,0.0,🔄 持平,0.0,0.6,↗️ 微增,2,4,1612.0
3372,典範,半導體業,09/17,16.4,9.7,2595.0,41.4,,806.0,12.45,🚀 放量大漲 (量價齊升，持續看漲),409.22509225092244,3.33,,,,1.40,,,,,,🔄 持平 (0%),,,,🌐 外資週連買(2)-🌱 週線發動,,,,,,,,,,,,,,,,,,,,,,,,,,,,,,,,🔄 持平,0.0,-0.03,🔄 持平,-0.0,-0.78,🔄 持平,-0.0,-0.7599999999999999,↗️ 微增,0.03,-0.9300000000000002,,,,,,6.53,0,0.0,🔄 持平,-1.14,0.0,➖ 持平,3,3,452.0
3373,熱映,其他電子業,09/17,15.95,0.0,23.0,0.37,,29.0,0.46,⏸️ 平量滯漲 (拋壓增大，高位見頂),-2.631578947368418,0.8,,,,2.00,,,,,,,,,,,,,,,,,,4.57,-11.1,,,,,,,,,,,,,,,,,,,,,,,↗️ 微增,0.02,0.02,↗️ 微增,0.02,0.02,↗️ 微增,0.02,0.02,↗️ 微增,0.02,-0.9,雙引擎,,,,,23.2,34.4,0.0,🔄 持平,0.0,0.0,➖ 持平,6,4,82.0
3374,精材,半導體業,09/17,429.0,1.18,13061.0,5654.0,67.3,13467.0,5903.8,⏸️ 平量滯漲 (拋壓增大，高位見頂),3.024781341107863,0.96,,,,21.30,,,,,,🔄 持平 (0%),🔥 強延續 (14.8%),💤 籌碼沉澱中,🔥 持續加碼 (0.71%),🏦 投信週連買(5)-🚀 趨勢加溫,,,-1.24,-9.85,-341.0,-2975.0,-14628.9,2.65,-10.1,148.0,-645.0,6349.2,,,,,,,,,,,,,,,,6407.0,-27949.0,,,🚀 劇增,2.63,4.780000000000001,🚀 劇增,2.27,5.11,🚀 劇增,2.02,5.680000000000001,🚀 劇增,2.26,5.609999999999999,雙引擎 | 長短線,,,,,41.0,0,0.0,🔄 持平,0.0,0.0,➖ 持平,3,4,17211.0
3379,彬台,電機機械,09/17,27.3,-1.09,33.0,0.91,26.8,60.0,1.61,⚖️ 溫和震盪整理,-21.55172413793103,0.57,,,,2.90,,,,,,⚠️ 趨緩 (6.05%),,💤 籌碼沉澱中,,🌐 外資日連買(10)-🔥 波段認養 | 🌐 外資週連買(4)-🌱 週線發動,,,,,,,,,,,,,,,,,,,,,,,,,,,,,,,,🔄 持平,0.0,0.0,🔄 持平,-0.0,0.0,🔄 持平,-0.0,0.0,🔄 持平,-0.0,-1.3800000000000001,,,,,,15.7,0,0.0,🔄 持平,0.0,0.0,➖ 持平,5,4,162.0
3388,崇越電,電子零組件業,09/17,80.6,-0.49,372.0,30.4,14.2,342.0,27.8,⏸️ 平量滯漲 (拋壓增大，高位見頂),75.72254335260114,1.09,,,,9.90,,,,,,🔄 持平 (0%),,💤 籌碼沉澱中,,🌐 外資週連買(2)-🌱 週線發動,,,,,,,,0.28,-9.77,7.0,-276.0,56.4,,,,,,,,,,,,,,,,57.1,-2242.0,,,↗️ 微增,0.08,-1.17,↗️ 微增,0.07,-1.3399999999999999,↗️ 微增,0.07,-1.44,↗️ 微增,0.03,-2.21,雙引擎,,,,,31.2,0,0.0,🔄 持平,0.0,0.0,➖ 持平,4,4,347.0
3390,旭軟,電子零組件業,09/17,21.65,0.23,185.0,3.99,,119.0,2.57,⚠️ 放量滯漲 (拋壓增大，即將見頂反轉),179.02097902097904,1.55,,,,4.50,,,,,,,,,,,,,,,,,,,,,,,,,,,,,,,,,,,,,,,,,,🔄 持平,0.0,0.0,🔄 持平,-0.0,0.02,↘️ 微減,-0.04,-0.010000000000000009,📉 小減,-0.65,-0.10000000000000014,,,,,,17.6,0,0.0,🔄 持平,0.7,0.0,➖ 持平,3,4,139.0
3402,漢科,其他電子業,09/17,125.5,0.4,133.0,16.7,17.5,112.0,13.98,⏸️ 平量滯漲 (拋壓增大，高位見頂),50.45045045045045,1.19,,,,9.50,,,,,,🔥 強延續 (30.2%),,💤 籌碼沉澱中,,🌐 外資日連買(4)-🆕 試單觀察 | 🌐 外資週連買(2)-🌱 週線發動,,,,,,,,,,,,,,,,,,,,,,,,,,,,-290.0,-877.0,,,🔄 持平,0.0,0.0,🔄 持平,-0.0,0.05,↘️ 微減,-0.05,-0.010000000000000009,↘️ 微減,-0.1,0.019999999999999907,,,,,,19.3,0,0.0,🔄 持平,0.0,0.0,➖ 持平,4,3,158.0
3430,奇鈦科,化學工業,09/17,102.5,0.49,158.0,16.4,22.2,181.0,18.61,⏸️ 平量滯漲 (拋壓增大，高位見頂),109.4508301404853,0.88,,,,5.80,,,,,,🔥 強延續 (37.3%),,🔥 持續加碼 (0.18%),,🌐 外資週連買(4)-🌱 週線發動,,,,,,,,,,,,,,,,,,,,,,,,,,,,,,,,🔄 持平,0.0,0.0,🔄 持平,-0.0,0.0,🔄 持平,-0.0,0.0,🔄 持平,-0.0,0.0,,,,,,11.5,0,0.0,🔄 持平,0.1,0.0,➖ 持平,4,4,267.0
3434,哲固,光電業,09/17,31.2,0.81,328.0,10.3,82.1,486.0,15.49,⚖️ 溫和震盪整理,-73.24675324675324,0.66,,,,3.30,,,,,,,,,,,,,,,,,,,,,,,,,-2.0,6.0,-6.2,-0.25,4.31,-0.32,10.0,-4.0,67.0,-12.5,,,,,,,,🔄 持平,0.0,0.0,↗️ 微增,0.24,2.8000000000000003,↗️ 微增,0.24,0.8400000000000001,↗️ 微增,0.24,0.8399999999999999,,,,,,19.2,0,0.0,🔄 持平,0.6,0.0,➖ 持平,1,4,222.0
3438,類比科,半導體業,09/17,62.4,0.65,43.0,2.68,41.9,44.0,2.74,⏸️ 平量滯漲 (拋壓增大，高位見頂),20.72072072072071,0.98,,,,4.20,,,,,,⚠️ 趨緩 (21.2%),,💤 籌碼沉澱中,,🌐 外資日連買(2)-🆕 試單觀察 | 🌐 外資週連買(2)-🌱 週線發動,🔼 進駐,,,,,,,,,,,,,,,,,,,,,,,,,,,,,,,🔄 持平,0.0,0.0,🔄 持平,-0.0,0.0,🔄 持平,-0.0,0.0,🔄 持平,-0.0,0.0,,,,,,43.5,0,0.0,🔄 持平,0.0,0.0,➖ 持平,10,4,114.0
3441,聯一光,光電業,09/17,192.5,3.49,47642.0,9256.0,79.2,32818.0,5739.4,⚖️ 溫和震盪整理,166.74351585014412,1.61,,,,6.00,,,,,,,,💤 籌碼沉澱中,,,,,,,423.0,-173.0,8142.8,,,,,,4.99,70.3,111.0,965.0,2136.8,10.1,-3.63,,,,,,,,,-1341.0,-1286.0,,,🚨 劇減,-2.68,-2.97,🚨 劇減,-2.8,-2.5700000000000003,🚨 劇減,-2.8,-6.210000000000001,↗️ 微增,0.01,-3.7800000000000002,,,,,,14.2,0,-0.4,🚨 減/大減,-1.0,0.0,➖ 持平,2,2,7663.0
3444,利機,電子通路業,09/17,85.4,7.69,609.0,50.7,42.9,228.0,18.49,🚀 放量大漲 (量價齊升，持續看漲),315.5737704918034,2.74,,,,11.10,,,,,,🔥 強延續 (19.3%),,🔥 持續加碼 (0.26%),,🌐 外資日連買(2)-🆕 試單觀察,,,,,,,,,,,,,,,,,,7.94,5.43,,,,,,,,,,,,,↗️ 微增,0.05,0.36,↗️ 微增,0.05,0.36,↗️ 微增,0.05,1.7,↗️ 微增,0.05,0.43000000000000005,雙引擎 | 長短線,,,,,12.5,0,0.0,🔄 持平,0.2,0.0,➖ 持平,4,3,274.0
3455,由田,光電業,09/17,246.0,2.29,4337.0,1097.0,68.5,2154.0,517.8,⚖️ 溫和震盪整理,246.05678233438485,2.12,,,,14.60,,,,,,,,🔥 持續加碼 (0.83%),,🌐 外資日連買(3)-🆕 試單觀察,,,,,,,,,,,,,-13.5,207.0,-13.0,56.0,-319.8,2.25,-2.1,6.27,28.1,,,,148.0,551.0,3640.8,,,3743.0,13007.0,🚨 劇減,-1.99,-0.10000000000000009,🚨 劇減,-1.99,-0.1100000000000001,↗️ 微增,0.48,2.37,↗️ 微增,0.2,0.9700000000000002,,,,,,4.38,0,0.0,🔄 持平,-1.56,0.0,➖ 持平,8,4,611.0
3465,進泰電子,其他電子業,09/17,29.25,0.34,20.0,0.59,,12.0,0.35,⚠️ 放量滯漲 (拋壓增大，即將見頂反轉),43.90243902439024,1.69,,,,8.20,,,,,,🔄 持平 (0%),,,,,,,,,,,,,,,,,,,,,,,,,,,,,,,,,,,,🔄 持平,0.0,3.53,🔄 持平,-0.0,0.43000000000000005,🔄 持平,-0.0,3.8600000000000003,↗️ 微增,0.05,1.87,,,,,,34.1,0,-6.7,🚨 減/大減,-1.1,0.0,➖ 持平,3,4,62.0
3466,德晉,通信網路業,09/17,23.8,-2.46,128.0,3.08,,133.0,3.23,🥀 平量價縮 (下跌中繼，弱反彈信號),201.96078431372547,0.95,,,,10.80,,,,,,🔄 持平 (0%),,💤 籌碼沉澱中,,,,,,,,,,,,,,,,,,,,,,,,10.0,83.0,23.8,,,,,,,,🔄 持平,0.0,0.18,🔄 持平,-0.0,0.18,↗️ 微增,0.01,-0.5,↗️ 微增,0.48,0.06999999999999998,,,,,,11.9,42.2,0.0,🔄 持平,-3.1,-22.3,🌟 遽減,5,4,177.0
3467,台灣精材,半導體業,09/17,73.5,2.65,2791.0,210.0,63.9,1399.0,102.07,⚖️ 溫和震盪整理,-12.5,2.06,,,,3.00,,,,,,🔄 持平 (0%),,💤 籌碼沉澱中,,,,,,,,,,,,,,,,,40.0,44.0,294.0,25.3,109.0,20.7,59.1,78.0,201.0,573.3,,,,,,,,🔄 持平,0.0,-0.08999999999999997,🔄 持平,-0.0,-0.08999999999999997,🔄 持平,-0.0,-0.08999999999999997,🔄 持平,-0.0,-0.08999999999999997,,,,,,22.0,0,0.1,📈 增,0.3,0.0,➖ 持平,2,3,600.0
3479,安勤,電腦及週邊設備業,09/17,130.0,0.78,432.0,56.4,17.8,419.0,55.0,⏸️ 平量滯漲 (拋壓增大，高位見頂),78.48101265822784,1.03,,,,7.60,,,,,,,,💤 籌碼沉澱中,,🌐 外資週連買(3)-🌱 週線發動,,,,,-72.0,-140.0,-936.0,,,,,,,,,,,,,,,,,,,,,-222.0,-1103.0,,,🔄 持平,0.0,-0.16,↗️ 微增,0.03,-0.09,↗️ 微增,0.03,-1.0699999999999998,📉 小減,-0.54,-0.84,,,,,,23.9,0,0.0,🔄 持平,-0.1,0.0,➖ 持平,4,4,189.0
3483,力致,電腦及週邊設備業,09/17,74.0,-0.94,129.0,9.63,25.1,194.0,14.6,⚖️ 溫和震盪整理,-35.36912751677852,0.66,,,,12.70,,,,,,,,,,🌐 外資日連買(2)-🆕 試單觀察,,,,,,,,,,,,,,,,,,,,,,1.0,86.0,7.4,,,,,,,,↘️ 微減,-0.04,-0.8800000000000001,↘️ 微減,-0.03,-1.01,📉 小減,-0.65,-0.9600000000000002,↗️ 微增,0.37,-0.49,,,,,,3.63,0,0.0,🔄 持平,0.0,0.0,➖ 持平,2,4,509.0
3484,崧騰,電子零組件業,09/17,45.9,2.57,112.0,5.12,13.2,112.0,4.97,⚖️ 溫和震盪整理,109.8360655737705,1.03,,,,8.80,,,,,,,,,,,,,-0.37,-5.96,,,,,,,,,,,,,,,,,,,,,,,,,,,,↗️ 微增,0.24,1.64,↗️ 微增,0.24,1.64,↗️ 微增,0.24,0.8000000000000003,↘️ 微減,-0.31,0.74,,,,,,8.65,0,0.08,↗️ 微增,0.09,0.0,➖ 持平,3,4,479.0
3485,敘豐,電子零組件業,09/17,196.0,1.03,76.0,15.1,30.5,67.0,12.92,⏸️ 平量滯漲 (拋壓增大，高位見頂),159.45017182130582,1.17,,,,0.10,,,,,,🔄 持平 (0%),,,,,,,,,,,,,,,,,,,,,,,,,,,,,,,,,,,,🔄 持平,0.0,0.0,🔄 持平,-0.0,0.0,🔄 持平,-0.0,-0.02,↗️ 微增,0.03,-1.07,,,,,,16.6,0,0.0,🔄 持平,-2.0,0.0,➖ 持平,2,4,64.0
3489,森寶,建材營造業,09/17,22.2,2.54,129.0,2.86,,76.0,1.66,⚖️ 溫和震盪整理,550.0,1.72,,,,1.00,,,,,,,,,,,,,,,,,,,,,,,,,,,,1.41,5.46,,,,,,,,,,,,,🔄 持平,0.0,13.23,🔄 持平,-0.0,11.43,🔄 持平,-0.0,9.23,↘️ 微減,-0.09,8.51,,,,,,0.0,0,-62.2,🚨 減/大減,-62.2,0.0,➖ 持平,3,4,130.0
3490,單井,光電業,09/17,45.35,1.23,5283.0,240.0,7.16,4829.0,210.6,⏸️ 平量滯漲 (拋壓增大，高位見頂),-21.824104234527685,1.14,,,,14.80,,,,,,,,,,🌐 外資日連買(2)-🆕 試單觀察,,,,,,,,,,,,,52.1,67.8,50.0,59.0,226.8,,,10.5,25.0,-180.0,84.0,-816.3,234.0,494.0,1061.2,,,1063.0,2250.0,🚀 劇增,4.9,4.68,🚀 劇增,3.09,4.68,🚀 劇增,1.5,7.069999999999999,↗️ 微增,0.37,10.72,雙引擎 | 長短線,,,,,7.03,54.7,0.0,🔄 持平,0.0,0.0,➖ 持平,4,4,864.0
3491,昇達科,通信網路業,09/17,1485.0,3.12,2092.0,3107.0,118.0,1522.0,2174.2,⚖️ 溫和震盪整理,62.8406708595388,1.43,,,,30.60,,,,,,,🔥 強延續 (9.86%),💤 籌碼沉澱中,🔥 持續加碼 (0.3%),🏦 投信日連買(6)-⚡ 買盤點火 | 🏦 投信週連買(10)-👑 長線主控,,,,,,,,,,,,,38.7,126.0,12.0,24.0,1782.0,,,,,,,,,,,,,24359.0,20274.0,↗️ 微增,0.29,6.13,↗️ 微增,0.29,2.0500000000000003,🔥 大增,1.36,3.9300000000000006,📉 小減,-0.81,-0.07,,,,,,8.72,20.0,0.0,🔄 持平,-0.02,0.0,➖ 持平,5,4,705.0
3492,長盛,電子零組件業,09/17,18.9,0.8,15.0,0.28,14.8,52.0,0.99,⚖️ 溫和震盪整理,-67.81609195402298,0.28,,,,0.80,,,,,,🔄 持平 (0%),,,,🌐 外資日連買(2)-🆕 試單觀察,,,,,,,,,,,,,,,,,,,,,,,,,,,,,,,,🔄 持平,0.0,-2.73,🔄 持平,-0.0,0.02,🔄 持平,-0.0,0.02,↘️ 微減,-0.07,0.19,,,,,,42.2,0,0.1,📈 增,0.1,0.0,➖ 持平,3,4,100.0
3498,陽程,其他電子業,09/17,184.5,-3.15,3582.0,665.0,41.5,3231.0,602.2,🥀 平量價縮 (下跌中繼，弱反彈信號),26.908396946564885,1.1,,,,21.00,,,,,,,,,,,,,3.28,-5.49,154.0,-281.0,2841.3,,,,,,,,,,,,,13.4,36.4,,,,109.0,247.0,2011.0,,,2024.0,4540.0,🚨 劇減,-3.12,6.490000000000001,🚨 劇減,-1.69,9.309999999999999,🚨 劇減,-1.7,6.76,🚨 劇減,-1.72,6.800000000000001,,,,,,23.7,0,0.0,🔄 持平,7.0,0.0,➖ 持平,1,3,419.0
3499,環天科,通信網路業,09/17,13.75,3.77,157.0,2.17,,91.0,1.24,⚖️ 溫和震盪整理,416.6666666666667,1.75,,,,0.20,,,,,,,,,,,,,,,,,,,,,,,,,,,,,,,,,,,,,,,,,,↘️ 微減,-0.08,0.039999999999999994,↘️ 微減,-0.08,0.039999999999999994,↘️ 微減,-0.08,0.039999999999999994,↗️ 微增,0.09,0.21999999999999997,,,,,,8.15,0,0.0,🔄 持平,-0.03,0.0,➖ 持平,2,2,95.0
3508,位速,其他電子業,09/17,21.6,1.17,201.0,4.34,,168.0,3.63,⏸️ 平量滯漲 (拋壓增大，高位見頂),-7.462686567164189,1.2,,,,0.20,,,,,,,,,,,,,,,,,,,,,,,,,,,,,,,,,,,,,,,,,,↗️ 微增,0.07,3.13,↗️ 微增,0.08,3.07,↗️ 微增,0.08,2.9599999999999995,↗️ 微增,0.13,3.18,雙引擎 | 長短線,,,,,13.7,0,-0.6,🚨 減/大減,3.8,0.0,➖ 持平,2,4,188.0
3511,矽瑪,電子零組件業,09/17,18.6,0.54,91.0,1.69,,106.0,1.95,⏸️ 平量滯漲 (拋壓增大，高位見頂),52.25225225225223,0.87,,,,3.30,,,,,,,,,,🌐 外資日連買(2)-🆕 試單觀察,,,,,,,,,,,,,,,,,,,,,,,,,,,,,,,,🔄 持平,0.0,0.0,⚠️ 大減,-1.01,0.02,↘️ 微減,-0.03,0.16,↘️ 微減,-0.04,-0.47000000000000003,,,,,,37.5,0,0.0,🔄 持平,0.0,0.0,➖ 持平,2,4,166.0
3512,皇龍,建材營造業,09/17,19.1,0.26,20.0,0.38,10.2,22.0,0.42,⏸️ 平量滯漲 (拋壓增大，高位見頂),-60.0,0.9,,,,0.50,,,,,,,,,,,,,,,,,,,,,,,,,,,,,,,,,,,,,,,,,,↗️ 微增,0.02,0.24000000000000002,↗️ 微增,0.02,1.1,↗️ 微增,0.02,0.42000000000000004,↗️ 微增,0.02,-0.030000000000000027,雙引擎,,,,,41.2,0,0.1,📈 增,0.2,0.0,➖ 持平,8,4,247.0
3516,亞帝歐,光電業,09/17,25.0,-1.38,18.0,0.45,36.8,16.0,0.41,⏸️ 平量滯漲 (拋壓增大，高位見頂),45.16129032258065,1.1,,,,1.30,,,,,,🔄 持平 (0%),,,,,,,,,,,,,,,,,,,,,,,,,,,,,,,,,,,,🚨 劇減,-1.68,-1.71,🔄 持平,-0.0,-0.03,🔄 持平,-0.0,1.09,↘️ 微減,-0.01,0.83,,,,,,10.9,0,0.0,🔄 持平,0.0,0.0,➖ 持平,2,4,110.0
3520,華盈,電子零組件業,09/17,17.4,1.16,58.0,1.0,,75.0,1.3,⏸️ 平量滯漲 (拋壓增大，高位見頂),-18.699186991869922,0.77,,,,2.40,,,,,,,,,,,,,,,,,,,,,,,,,,,,,,,,,,,,,,,,,,🔄 持平,0.0,0.0,🔥 大增,1.33,2.6800000000000006,↗️ 微增,0.25,2.54,↗️ 微增,0.21,2.55,,,,,,47.0,0,21.8,🔥 大增,37.76,0.0,➖ 持平,4,4,245.0
3521,台鋼建設,建材營造業,09/17,12.0,-0.41,37.0,0.45,5.91,39.0,0.47,⏸️ 平量滯漲 (拋壓增大，高位見頂),136.84210526315786,0.96,,,,0.30,,,,,,🔄 持平 (0%),,,,,,,,,,,,,,,,,,,,,,,,,,,,,,,,,,,,↗️ 微增,0.14,0.18000000000000002,↗️ 微增,0.14,0.18000000000000002,↗️ 微增,0.13,0.19000000000000003,↗️ 微增,0.13,0.19000000000000003,雙引擎 | 長短線,,,,,0.06,0,0.0,🔄 持平,0.0,0.0,➖ 持平,2,4,438.0
3522,御嵿,觀光餐旅,09/17,13.05,-0.38,259.0,3.4,,300.0,3.85,⏸️ 平量滯漲 (拋壓增大，高位見頂),60.377358490566024,0.88,,,,0.40,,,,,,,,,,,,,,,,,,,,,,,,,,,,,,,,,,,,,,,,,,🔄 持平,0.0,0.060000000000000005,🔄 持平,-0.0,0.060000000000000005,🔄 持平,-0.0,-0.69,↘️ 微減,-0.02,-0.07999999999999999,,,,,,12.4,13.2,0.0,🔄 持平,1.9,0.0,➖ 持平,5,4,235.0
3523,迎輝,光電業,09/17,15.05,-2.9,42.0,0.62,,43.0,0.63,🥀 平量價縮 (下跌中繼，弱反彈信號),-33.333333333333336,0.98,,,,0.10,,,,,,,,,,,,,,,,,,,,,,,,,,,,,,,,,,,,,,,,,,🔄 持平,0.0,0.0,🔄 持平,-0.0,0.0,🔄 持平,-0.0,0.02,🔄 持平,-0.0,0.02,,,,,,36.9,0,0.0,🔄 持平,0.0,0.0,➖ 持平,2,4,18.0
3526,凡甲,電子零組件業,09/17,265.0,-0.38,136.0,36.3,14.9,192.0,51.14,⏸️ 平量滯漲 (拋壓增大，高位見頂),4.610951008645525,0.71,,,,17.00,,,,,,,🔄 持平 (0%),,💤 籌碼沉澱中,,,⚠️ 初危,,,,,,,,,,,,,,,,,,,,,,,,,,,,,,🚀 劇增,1.81,1.4000000000000001,↗️ 微增,0.49,-2.88,↗️ 微增,0.49,-2.11,📉 小減,-0.54,-3.1500000000000004,,,,,,24.5,4.56,0.0,🔄 持平,-0.3,0.0,➖ 持平,4,4,468.0
3527,聚積,半導體業,09/17,50.1,2.66,71.0,3.54,,63.0,3.1,⚖️ 溫和震盪整理,-26.096033402922757,1.14,,,,7.30,,,,,,,,,,🌐 外資日連買(2)-🆕 試單觀察,,,,,,,,,,,,,,,,,,,,,,,,,,,,,,,,🔄 持平,0.0,0.0,🔄 持平,-0.0,0.0,🔄 持平,-0.0,0.0,↗️ 微增,0.14,0.11999999999999997,,,,,,13.3,0,0.0,🔄 持平,0.0,0.0,➖ 持平,4,3,190.0
3529,力旺,半導體業,09/17,2710.0,0.37,1057.0,2896.0,90.9,1008.0,2693.4,⏸️ 平量滯漲 (拋壓增大，高位見頂),92.5531914893617,1.08,,,,61.10,,,,,,,🔥 強延續 (10.5%),,🔥 持續加碼 (0.15%),🏦 投信日連買(4)-🆕 試單觀察 | 🏦 投信週連買(2)-🌱 週線發動,,,0.1,-5.45,,,,,,,,,,,,,,,,,,,,,,,,8215.0,-6729.0,,,🚨 劇減,-2.66,2.6899999999999995,↘️ 微減,-0.26,4.920000000000001,⚠️ 大減,-1.37,0.2899999999999995,📈 小增,0.71,4.729999999999999,,,,,,8.16,8.2,0.0,🔄 持平,0.0,0.0,➖ 持平,3,4,1380.0
3531,先益,光電業,09/17,21.3,0.0,5.0,0.11,15.7,2.0,0.05,⚠️ 放量滯漲 (拋壓增大，即將見頂反轉),266.6666666666667,2.2,,,,19.30,,,,,,,,,,,,,,,,,,-16.7,-16.7,,,,,,,,,,,,,,,,,,,,,,,↗️ 微增,0.01,0.03,↗️ 微增,0.01,0.03,↗️ 微增,0.01,0.04,↗️ 微增,0.01,0.04,雙引擎 | 長短線,,,,,17.5,0,0.0,🔄 持平,0.2,0.0,➖ 持平,2,4,13.0
3537,堡達,電子零組件業,09/17,52.7,0.19,122.0,6.45,11.5,140.0,7.34,⏸️ 平量滯漲 (拋壓增大，高位見頂),5.56464811783961,0.88,,,,6.20,,,,,,🔥 強延續 (22.2%),,🔥 持續加碼 (0.05%),,🌐 外資日連買(5)-⚡ 買盤點火 | 🌐 外資週連買(3)-🌱 週線發動,🔼 進駐,,,,,,,,,,,,,,,,,,,,,,,,,,,,,,,🔄 持平,0.0,0.0,🔄 持平,-0.0,0.05,🔄 持平,-0.0,0.05,🔄 持平,-0.0,-1.44,,,,,,17.4,0,0.0,🔄 持平,-0.4,0.0,➖ 持平,5,4,301.0
3540,曜越,電腦及週邊設備業,09/17,23.0,0.22,194.0,4.47,26.4,291.0,6.53,⚖️ 溫和震盪整理,-52.03862660944206,0.68,,,,2.50,,,,,,,,,,,,,,,,,,,,,,,,,,,,,,0.57,8.45,,,,,,,,,,,🔄 持平,0.0,0.04,🔄 持平,-0.0,-1.06,↘️ 微減,-0.06,-1.1400000000000001,↘️ 微減,-0.12,-1.7700000000000002,,,,,,17.6,10.1,0.0,🔄 持平,2.5,0.0,➖ 持平,7,4,199.0
3541,西柏,其他電子業,09/17,22.0,0.92,9.0,0.19,66.7,25.0,0.54,⚖️ 溫和震盪整理,-64.15094339622642,0.35,,,,1.20,,,,,,⚠️ 趨緩 (11.7%),,,,🌐 外資日連買(2)-🆕 試單觀察 | 🌐 外資週連買(4)-🌱 週線發動,,,,,,,,,,,,,,,,,,0.0,1.94,,,,,,,,,,,,,🔄 持平,0.0,0.0,↗️ 微增,0.06,0.11,↗️ 微增,0.06,0.11,↗️ 微增,0.06,0.11,,,,,,9.36,15.2,0.0,🔄 持平,0.02,0.0,➖ 持平,8,4,120.0
3546,宇峻,文化創意業,09/17,71.9,-0.14,67.0,4.86,15.1,80.0,5.8,⏸️ 平量滯漲 (拋壓增大，高位見頂),-1.4198782961460377,0.84,,,,9.80,,,,,,🔄 持平 (0%),,💤 籌碼沉澱中,,🌐 外資日連買(2)-🆕 試單觀察 | 🌐 外資週連買(2)-🌱 週線發動,,,,,,,,,,,,,,,,,,,,,,,,,,,,,,,,🔄 持平,0.0,0.0,🔥 大增,1.34,1.34,↗️ 微增,0.09,3.33,↗️ 微增,0.09,0.6300000000000001,,,,,,10.5,0,0.0,🔄 持平,0.0,0.0,➖ 持平,2,4,352.0
3548,兆利,電子零組件業,09/17,79.0,-0.38,157.0,12.5,214.0,166.0,13.07,⏸️ 平量滯漲 (拋壓增大，高位見頂),-1.5748031496062964,0.96,,,,8.40,,,,,,,,💤 籌碼沉澱中,,,,,,,,,,,,,,,,,,,,,,,,,,,,,,,,,,↘️ 微減,-0.11,1.6400000000000001,↘️ 微減,-0.11,0.4,↘️ 微減,-0.13,0.33,↘️ 微減,-0.13,-0.33,,,,,,17.4,0,-0.1,🚨 減/大減,0.0,0.0,➖ 持平,4,4,278.0
3551,世禾,綠能環保,09/17,176.0,2.33,299.0,52.3,18.6,219.0,37.6,⚖️ 溫和震盪整理,379.8165137614679,1.39,,,,10.20,,,,,,🔄 持平 (0%),,💤 籌碼沉澱中,,🌐 外資日連買(2)-🆕 試單觀察,,,,,,,,,,,,,200.0,50.0,,,,,,,,,,,,,,,,52.6,1486.0,🔄 持平,0.0,0.0,🔄 持平,-0.0,0.0,↘️ 微減,-0.02,0.020000000000000018,↘️ 微減,-0.04,0.06999999999999995,,,,,,17.7,0,0.0,🔄 持平,0.0,0.0,➖ 持平,4,4,128.0
3552,同致,其他電子業,09/17,41.15,-0.84,86.0,3.56,,118.0,4.87,⏸️ 平量滯漲 (拋壓增大，高位見頂),-37.870855148342066,0.73,,,,11.90,,,,,,,,,,🌐 外資日連買(3)-🆕 試單觀察,,,,,,,,,,,,,25.0,66.7,,,,,,,,,,,,,,,,,,🔄 持平,0.0,0.0,📈 小增,0.91,1.08,↘️ 微減,-0.42,0.39,↗️ 微增,0.16,0.8000000000000002,,,,,,20.2,0,0.0,🔄 持平,0.0,0.0,➖ 持平,7,4,214.0
3555,博士旺,半導體業,09/17,173.5,1.17,49.0,8.62,20.2,55.0,9.79,⏸️ 平量滯漲 (拋壓增大，高位見頂),-36.617647058823536,0.88,,,,2.10,,,,,,,,,,🌐 外資日連買(2)-🆕 試單觀察,,,,,,,,,,,,,,,,,,,,,,,,,,,,,,,,🔄 持平,0.0,0.0,🔄 持平,-0.0,0.0,🔄 持平,-0.0,0.0,↘️ 微減,-0.01,1.07,,,,,,38.6,0,0.0,🔄 持平,0.0,0.0,➖ 持平,3,4,190.0
3556,禾瑞亞,半導體業,09/17,56.9,0.0,144.0,8.23,15.5,142.0,7.96,⏸️ 平量滯漲 (拋壓增大，高位見頂),35.361842105263165,1.03,,,,8.00,,,,,,🔥 強延續 (28.5%),,💤 籌碼沉澱中,,🌐 外資日連買(4)-🆕 試單觀察 | 🌐 外資週連買(2)-🌱 週線發動,,,,,,,,,,,,,,,,,,,,,,,,,,,,,,,,🔄 持平,0.0,0.0,🔄 持平,-0.0,0.0,🔄 持平,-0.0,0.0,🔄 持平,-0.0,0.71,,,,,,10.1,0,0.0,🔄 持平,0.0,0.0,➖ 持平,4,2,111.0
3558,神準,通信網路業,09/17,123.0,1.65,72.0,8.83,57.5,45.0,5.48,⚖️ 溫和震盪整理,141.91780821917808,1.61,,,,3.30,,,,,,🔥 強延續 (50.5%),,,,🌐 外資日連買(7)-⚡ 買盤點火,🔼 進駐,,,,,,,,,,,,,,,,,,,,,,,,,,,,,,,🔄 持平,0.0,0.0,🔄 持平,-0.0,0.0,🔄 持平,-0.0,0.0,🔄 持平,-0.0,0.01,,,,,,36.0,0,0.0,🔄 持平,0.0,0.0,➖ 持平,7,2,65.0
3564,其陽,通信網路業,09/17,48.2,0.0,109.0,5.26,142.0,150.0,7.2,⏸️ 平量滯漲 (拋壓增大，高位見頂),10.041841004184082,0.73,,,,3.10,,,,,,,,,,🌐 外資日連買(2)-🆕 試單觀察,,,,,,,,-1.53,-11.4,,,,,,,,,,,,,,,,,,,,,,,📉 小減,-0.89,-0.91,📈 小增,0.69,0.6699999999999999,📈 小增,0.69,0.6699999999999999,🔄 持平,-0.0,0.67,,,,,,60.0,0,0.0,🔄 持平,-0.5,0.0,➖ 持平,7,2,165.0
3567,逸昌,半導體業,09/17,25.15,0.4,14.0,0.34,22.9,19.0,0.47,⏸️ 平量滯漲 (拋壓增大，高位見頂),-24.444444444444446,0.72,,,,4.40,,,,,,,,,,,,,,,,,,,,,,,,,,,,,,,,,,,,,,,,,,🔄 持平,0.0,0.0,🔄 持平,-0.0,0.0,🔄 持平,-0.0,0.0,🔄 持平,-0.0,0.0,,,,,,3.33,0,0.0,🔄 持平,0.0,0.0,➖ 持平,3,4,79.0
3570,大塚,資訊服務業,09/17,169.5,1.19,66.0,11.2,11.9,49.0,8.13,⏸️ 平量滯漲 (拋壓增大，高位見頂),140.34334763948496,1.38,,,,45.70,,,,,,🔄 持平 (0%),,,,🌐 外資日連買(2)-🆕 試單觀察 | 🌐 外資週連買(3)-🌱 週線發動,,,-15.4,-26.7,,,,,,,,,,,,,,,,,,,,,,,,,,,,🔄 持平,0.0,0.04,🔄 持平,-0.0,0.07,🔄 持平,-0.0,0.07,🔄 持平,-0.0,0.07,,,,,,42.5,0,0.0,🔄 持平,0.0,0.0,➖ 持平,2,3,48.0
3577,泓格,電腦及週邊設備業,09/17,118.5,4.87,487.0,57.2,27.3,241.0,27.5,🚀 放量大漲 (量價齊升，持續看漲),188.88888888888889,2.08,,,,3.60,,,,,,🔥 強延續 (27.8%),,🔥 持續加碼 (0.21%),,🌐 外資日連買(7)-⚡ 買盤點火 | 🌐 外資週連買(2)-🌱 週線發動,🔼 進駐,,,,,,,,,,,,,,,,,,,,,,,,,,,,,,,↗️ 微增,0.05,0.18,↗️ 微增,0.05,0.26,↗️ 微增,0.05,-0.76,↗️ 微增,0.05,-0.75,雙引擎,,,,,21.1,14.8,0.0,🔄 持平,0.0,0.0,➖ 持平,3,4,194.0
3580,友威科,其他電子業,09/17,94.6,4.19,2132.0,204.0,58.0,1061.0,97.7,🚀 放量大漲 (量價齊升，持續看漲),30.76923076923077,2.09,,,,15.50,,,,,,🔄 持平 (0%),,💤 籌碼沉澱中,,,,,,,,,,,,,,,48.4,300.0,30.0,69.0,283.8,6.09,10.7,,,159.0,268.0,1504.1,,,,,,,,🔄 持平,0.0,0.0,🔄 持平,-0.0,0.0,↘️ 微減,-0.12,1.6800000000000002,↘️ 微減,-0.29,0.07999999999999985,,,,,,9.24,17.3,0.0,🔄 持平,-0.06,0.0,➖ 持平,3,3,419.0
3581,博磊,半導體業,09/17,96.2,0.31,190.0,18.6,40.9,211.0,20.42,⏸️ 平量滯漲 (拋壓增大，高位見頂),72.22222222222223,0.91,,,,13.60,,,,,,,,,,🌐 外資日連買(2)-🆕 試單觀察,,,,,,,,,,,,,,,,,,,,,,,,,,,,,,,,↘️ 微減,-0.02,0.01,↘️ 微減,-0.15,1.64,↘️ 微減,-0.15,-0.9100000000000001,↘️ 微減,-0.27,-0.97,,,,,,12.4,26.7,0.0,🔄 持平,0.0,0.0,➖ 持平,3,4,87.0
3587,閎康,其他電子業,09/17,236.0,0.43,232.0,55.0,34.6,296.0,69.74,⏸️ 平量滯漲 (拋壓增大，高位見頂),-7.4074074074074066,0.79,,,,12.80,,,,,,,,,,,,,-1.3,-5.72,-37.0,-171.0,-873.2,,,,,,0.0,16.7,,,,,,,,,,,,,,,,-736.0,1490.0,🔄 持平,0.0,0.0,🔄 持平,-0.0,0.0,📉 小減,-0.9,-0.6400000000000001,↗️ 微增,0.35,-0.6800000000000003,,,,,,20.1,41.6,0.0,🔄 持平,-0.8,0.0,➖ 持平,2,4,203.0
3594,磐儀,電腦及週邊設備業,09/17,46.1,0.66,185.0,8.52,36.6,246.0,11.31,⏸️ 平量滯漲 (拋壓增大，高位見頂),7.440100882723821,0.75,,,,3.90,,,,,,,,,,,,,,,,,,,,,,,,,,,,,,,,,,,,,,,,,,↘️ 微減,-0.03,0.040000000000000036,↘️ 微減,-0.05,-0.02999999999999986,↘️ 微減,-0.02,-0.5599999999999998,📉 小減,-0.51,-0.5700000000000003,,,,,,22.2,9.28,0.0,🔄 持平,0.1,0.0,➖ 持平,2,4,224.0
3597,映興,電子零組件業,09/17,26.3,0.57,16.0,0.42,32.9,13.0,0.35,⏸️ 平量滯漲 (拋壓增大，高位見頂),109.99999999999997,1.2,,,,0.90,,,,,,,,,,,,,,,,,,,,,,,,,,,,,,,,,,,,,,,,,,🔄 持平,0.0,0.0,🔄 持平,-0.0,0.0,🔄 持平,-0.0,0.12000000000000001,🔄 持平,-0.0,0.12000000000000001,,,,,,16.7,0,0.0,🔄 持平,0.0,0.0,➖ 持平,2,4,38.0
3609,三一東林,電子零組件業,09/17,22.2,2.3,129.0,2.84,3.42,536.0,10.13,📈 價升量縮 (量價背離，下方承接看拉高),-54.267310789049915,0.28,,,,2.60,,,,,,,,🔥 持續加碼 (0.01%),,🌐 外資日連買(4)-🆕 試單觀察,,,,,,,,,,,,,,,,,,,,,,,,,,,,,,,,↘️ 微減,-0.04,-0.26,↘️ 微減,-0.04,-2.4500000000000006,↘️ 微減,-0.11,-2.5700000000000003,📈 小增,0.93,-1.5100000000000002,,,,,,15.8,0,0.0,🔄 持平,6.32,0.0,➖ 持平,3,4,4773.0
3611,鼎翰,電腦及週邊設備業,09/17,181.0,-0.28,75.0,13.7,8.76,35.0,6.33,⚠️ 放量滯漲 (拋壓增大，即將見頂反轉),1256.4356435643565,2.16,,,,12.40,,,,,,,,,,,,,-22.9,-30.6,,,,,,,,,,,,,,,,0.56,6.55,,,,,,,,,,,↗️ 微增,0.1,0.1,↗️ 微增,0.1,0.1,↗️ 微增,0.1,0.1,↗️ 微增,0.1,0.07,雙引擎 | 長短線,,,,,38.6,0,0.0,🔄 持平,-0.1,0.0,➖ 持平,2,4,102.0
3615,安可,光電業,09/17,36.2,6.16,1980.0,73.0,11.6,709.0,25.13,🚀 放量大漲 (量價齊升，持續看漲),658.0477673935618,2.9,,,,7.40,,,,,,,,💤 籌碼沉澱中,,🌐 外資週連買(4)-🌱 週線發動,,,,,,,,,,,,,,,,,,,,,,,,,,,,,,,,🔄 持平,0.0,1.53,🔄 持平,-0.0,0.32000000000000006,🔄 持平,-0.0,0.31999999999999995,📈 小增,0.82,1.2200000000000002,,,,,,9.93,85.3,0.0,🔄 持平,-1.37,0.0,➖ 持平,2,4,429.0
3623,富晶通,光電業,09/17,28.4,0.0,722.0,20.8,30.2,768.0,20.94,⏸️ 平量滯漲 (拋壓增大，高位見頂),34.19354838709678,0.99,,,,2.90,,,,,,🔄 持平 (0%),,💤 籌碼沉澱中,,,,,-1.25,-25.3,-7.0,-188.0,-19.9,,,,,,0.0,236.0,0.0,26.0,0.0,,,,,,,,,,,,,,,🔄 持平,0.0,0.0,🔄 持平,-0.0,0.0,🔄 持平,-0.0,0.0,🔄 持平,-0.0,0.2,,,,,,48.9,0,0.0,🔄 持平,0.1,0.0,➖ 持平,1,3,405.0
3624,光頡,電子零組件業,09/17,118.0,-4.07,21694.0,2655.0,37.0,37492.0,4555.0,☠️ 縮量大跌 (一致看空無承接，加速下跌),-5.381325730577336,0.58,,,,49.60,,,,,,,🔄 持平 (0.0%),💤 籌碼沉澱中,🔄 今日量縮持平,,,,,,,,,,,,,,-24.7,36.9,-169.0,139.0,-1994.2,,,13.3,82.3,-687.0,805.0,-8106.6,469.0,1803.0,5534.2,,,5739.0,21763.0,↗️ 微增,0.23,-4.85,🚀 劇增,1.86,-3.14,🚀 劇增,2.77,-2.89,🚀 劇增,3.73,-0.31000000000000005,雙引擎,,,,,40.2,0,0.0,🔄 持平,0.0,0.0,➖ 持平,2,4,3290.0
3625,西勝,電腦及週邊設備業,09/17,11.75,-2.49,226.0,2.67,,142.0,1.71,🛡️ 放量小跌 (見底信號，越跌越買反轉),102.27272727272725,1.56,,,,5.20,,,,,,,,,,,,,,,,,,,,,,,,,,,,,,,,,,,,,,,,,,↗️ 微增,0.23,0.22999999999999998,↗️ 微增,0.23,1.1199999999999999,↗️ 微增,0.23,2.19,↗️ 微增,0.23,3.3,雙引擎 | 長短線,,,,,14.8,73.4,0.0,🔄 持平,0.0,17.7,🚨 暴增,7,4,631.0
3628,盈正,其他電子業,09/17,74.0,0.95,160.0,11.8,18.0,347.0,26.01,⚖️ 溫和震盪整理,54.65268676277852,0.45,,,,4.80,,,,,,🔄 持平 (0%),,💤 籌碼沉澱中,,🌐 外資日連買(2)-🆕 試單觀察,,,-2.22,-12.3,,,,,,,,,,,,,,,,,,,,,,,,,,,,🔄 持平,0.0,0.0,🔄 持平,-0.0,0.0,🔄 持平,-0.0,0.0,🔄 持平,-0.0,0.0,,,,,,56.6,0,0.0,🔄 持平,0.1,0.0,➖ 持平,3,4,233.0
3630,新鉅科,光電業,09/17,25.85,-0.58,227.0,5.91,,317.0,8.31,⏸️ 平量滯漲 (拋壓增大，高位見頂),-38.56548856548856,0.71,,,,40.00,,,,,,,,,,,,,,,,,,,,,,,,,,,,,,,,,,,,,,,,,,📉 小減,-0.57,0.0,📉 小減,-0.57,-0.4000000000000001,📉 小減,-0.58,-0.09999999999999992,↘️ 微減,-0.34,0.13999999999999999,,,,,,47.0,0,0.0,🔄 持平,0.0,0.0,➖ 持平,2,2,330.0
3631,晟楠,電子零組件業,09/17,40.15,5.52,242.0,9.51,,124.0,4.8,🚀 放量大漲 (量價齊升，持續看漲),185.58558558558556,1.98,,,,7.60,,,,,,,,,,🌐 外資日連買(2)-🆕 試單觀察,,,,,,,,,,,,,,,,,,,,,,,,,,,,,,,,🔄 持平,0.0,-0.07000000000000006,🔄 持平,-0.0,-0.08000000000000007,↗️ 微增,0.04,0.78,↗️ 微增,0.09,-0.5500000000000002,,,,,,42.3,0,0.0,🔄 持平,0.0,0.0,➖ 持平,3,3,220.0
3632,研勤,通信網路業,09/17,7.08,0.0,11.0,0.08,,14.0,0.1,⏸️ 平量滯漲 (拋壓增大，高位見頂),59.999999999999986,0.8,,,,0.30,,,,,,,,,,,,,,,,,,,,,,,,,,,,,,,,,,,,,,,,,,🔄 持平,0.0,0.0,🔄 持平,-0.0,0.0,🔄 持平,-0.0,0.0,🔄 持平,-0.0,0.0,,,,,,12.7,0,0.0,🔄 持平,0.0,0.0,➖ 持平,1,4,35.0
3646,艾恩特,電子零組件業,09/17,24.95,0.2,3.0,0.08,,12.0,0.3,⚖️ 溫和震盪整理,-60.00000000000001,0.27,,,,6.90,,,,,,,,,,,,,,,,,,,,,,,,,,,,,,,,,,,,,,,,,,🔄 持平,0.0,0.0,🔄 持平,-0.0,0.0,↘️ 微減,-0.02,-0.36,↘️ 微減,-0.01,-0.009999999999999997,,,,,,16.1,0,0.0,🔄 持平,0.4,0.0,➖ 持平,6,4,41.0
3663,鑫科,其他電子業,09/17,61.0,0.99,1076.0,67.1,265.0,628.0,38.2,⚠️ 放量滯漲 (拋壓增大，即將見頂反轉),24.72118959107805,1.76,,,,4.60,,,,,,,,,,,,,,,,,,,,,,,,,,,,,,,,,,,,,,,,,,📉 小減,-0.87,-0.5499999999999999,↗️ 微增,0.01,0.34,↘️ 微減,-0.01,0.81,↘️ 微減,-0.03,0.44999999999999996,,,,,,57.4,0,0.0,🔄 持平,-0.3,0.0,➖ 持平,1,3,223.0
3664,安瑞-KY,通信網路業,09/17,8.15,0.12,12.0,0.1,,29.0,0.23,⚖️ 溫和震盪整理,-86.48648648648648,0.43,,,,36.00,,,,,,,,,,,,,,,,,,,,,,,,,,,,,,,,,,,,,,,,,,🔄 持平,0.0,-0.08,🔄 持平,-0.0,-0.08,🔄 持平,-0.0,-0.08,🔄 持平,-0.0,-0.08,,,,,,42.5,0,0.0,🔄 持平,-7.0,0.0,➖ 持平,3,3,76.0
3666,光耀,光電業,09/17,25.0,0.0,14.0,0.35,,21.0,0.53,⚖️ 溫和震盪整理,-58.82352941176471,0.66,,,,0.20,,,,,,🔄 持平 (0%),,,,🌐 外資日連買(9)-⚡ 買盤點火 | 🌐 外資週連買(2)-🌱 週線發動,,,,,,,,,,,,,,,,,,,,,,,,,,,,,,,,↗️ 微增,0.02,0.14,📉 小減,-0.61,-0.4899999999999999,↘️ 微減,-0.11,0.020000000000000007,↘️ 微減,-0.11,0.07,,,,,,33.1,0,0.0,🔄 持平,0.0,0.0,➖ 持平,6,3,242.0
3672,康聯訊,通信網路業,09/17,11.8,0.0,4.0,0.04,,6.0,0.07,⚖️ 溫和震盪整理,-55.55555555555556,0.57,,,,2.50,,,,,,,,,,,,,,,,,,,,,,,,,,,,,,,,,,,,,,,,,,🔄 持平,0.0,0.04,🔄 持平,-0.0,0.04,🔄 持平,-0.0,0.04,🔄 持平,-0.0,0.05,,,,,,20.9,0,0.0,🔄 持平,0.0,0.0,➖ 持平,4,4,46.0
3675,德微,半導體業,09/17,284.0,-3.89,2734.0,804.0,49.7,1767.0,503.6,🛡️ 放量小跌 (見底信號，越跌越買反轉),68.55345911949686,1.6,,,,60.90,,,,,,🔄 持平 (0%),,🚨 轉賣反轉 (-0.54%),,,,,,,,,,,,,,,,,-6.0,7.0,-170.4,-4.83,4.67,,,-91.0,80.0,-2584.4,,,,,,,,🔄 持平,0.0,-2.42,🔄 持平,-0.0,-2.42,🔄 持平,-0.0,-2.42,↘️ 微減,-0.17,-2.41,,,,,,55.2,0,0.0,🔄 持平,-0.2,0.0,➖ 持平,1,3,188.0
3680,家登,半導體業,09/17,527.0,3.13,2062.0,1084.0,35.4,1560.0,796.6,⚖️ 溫和震盪整理,62.03288490284007,1.36,,,,30.30,,,,,,🔄 持平 (0%),🔄 持平 (0.0%),💤 籌碼沉澱中,🔄 今日量縮持平,🌐 外資日連買(2)-🆕 試單觀察 | 🌐 外資週連買(7)-🚀 趨勢加溫,,,,,-50.0,-142.0,-2635.0,,,,,,,,,,,,,,,,,,,,,473.0,-487.0,,,🚀 劇增,1.55,5.239999999999999,⚠️ 大減,-1.11,3.3800000000000003,🔥 大增,1.09,3.500000000000001,🚀 劇增,1.59,4.61,雙引擎 | 長短線,,,,,10.9,56.4,0.0,🔄 持平,-0.3,0.0,➖ 持平,3,4,1299.0
3684,榮昌,通信網路業,09/17,54.1,0.0,24.0,1.29,13.4,57.0,3.08,⚖️ 溫和震盪整理,186.66666666666666,0.42,,,,2.20,,,,,,,,,,,,,,,,,,,,,,,,,,,,,,,,,,,,,,,,,,🔄 持平,0.0,-0.06999999999999999,🔄 持平,-0.0,-0.06999999999999999,🚀 劇增,2.15,2.0799999999999996,↗️ 微增,0.42,2.0799999999999996,,,,,,43.6,0,-0.1,🚨 減/大減,-0.7,0.0,➖ 持平,7,4,882.0
3685,元創精密,電機機械,09/17,35.85,1.56,203.0,7.18,,529.0,19.04,📈 價升量縮 (量價背離，下方承接看拉高),-82.27160493827161,0.38,,,,1.20,,,,,,🔄 持平 (0%),,💤 籌碼沉澱中,,🌐 外資週連買(5)-🚀 趨勢加溫,,,,,,,,,,,,,,,,,,,,,,,,,,,,,,,,🔄 持平,0.0,-0.06,↘️ 微減,-0.03,0.0,↗️ 微增,0.14,-0.049999999999999975,📉 小減,-0.51,0.3999999999999998,,,,,,32.1,0,0.0,🔄 持平,0.0,0.0,➖ 持平,6,3,756.0
3687,歐買尬,數位雲端,09/17,61.0,-0.33,15.0,0.9,14.0,28.0,1.7,⚖️ 溫和震盪整理,-18.918918918918926,0.53,,,,6.00,,,,,,🔄 持平 (0%),,💤 籌碼沉澱中,,,,⚠️ 初危,,,,,,0.0,-12.6,,,,,,,,,,,,,,,,,,,,,,,🔄 持平,0.0,0.0,🔄 持平,-0.0,0.0,🔄 持平,-0.0,0.0,🔄 持平,-0.0,0.0,,,,,,2.08,0,0.0,🔄 持平,2.07,0.0,➖ 持平,7,3,63.0
3689,湧德,電子零組件業,09/17,108.0,0.0,392.0,42.8,13.4,577.0,62.08,⚖️ 溫和震盪整理,10.025706940874034,0.69,,,,15.30,,,,,,,,🚨 轉賣反轉 (-0.08%),,,,,,,72.0,-192.0,777.6,,,,,,,,,,,,,,,,,,,,,,,,,↘️ 微減,-0.02,0.06000000000000005,↘️ 微減,-0.03,-0.1399999999999999,📉 小減,-0.8,-1.62,↘️ 微減,-0.34,-1.3000000000000003,,,,,,12.6,0.88,0.0,🔄 持平,3.86,0.0,➖ 持平,2,4,869.0
3691,碩禾,光電業,09/17,94.9,-0.52,197.0,18.9,34.8,260.0,24.62,⏸️ 平量滯漲 (拋壓增大，高位見頂),27.702702702702698,0.77,,,,5.30,,,,,,,,💤 籌碼沉澱中,,🌐 外資日連買(4)-🆕 試單觀察,,,,,,,,,,,,,,,,,,,,,,,,,,,,,,,,↗️ 微增,0.09,0.38,↗️ 微增,0.09,1.31,↗️ 微增,0.09,1.31,↗️ 微增,0.11,0.58,雙引擎 | 長短線,,,,,52.3,25.8,0.0,🔄 持平,-0.1,0.0,➖ 持平,4,4,84.0
3693,營邦,電腦及週邊設備業,09/17,697.0,2.35,2912.0,2061.0,45.2,1845.0,1259.8,⚖️ 溫和震盪整理,170.82785808147176,1.64,,,,20.40,,,,,,🔄 持平 (0%),,💤 籌碼沉澱中,,🌐 外資日連買(2)-🆕 試單觀察,,,,,,,,,,,,,26.2,17.8,11.0,8.0,766.7,6.44,7.29,,,277.0,311.0,19306.9,,,,1062.0,-1129.0,,,🚀 劇增,7.7,10.6,🚀 劇增,5.71,8.89,🚀 劇增,2.58,10.72,🚀 劇增,5.53,11.19,雙引擎 | 長短線,,,,,25.6,0,0.0,🔄 持平,0.0,0.0,➖ 持平,2,4,2260.0
3707,漢磊,半導體業,09/17,61.9,-1.75,7170.0,455.0,,5422.0,332.6,🥀 平量價縮 (下跌中繼，弱反彈信號),3.409090909090917,1.37,,,,14.70,,,,,,,,,,,,,,,-255.0,-338.0,-1578.4,,,,,,3.26,26.7,9.0,60.0,55.7,,,,,,,,-7.0,646.0,-43.3,,,-44.5,3860.0,↗️ 微增,0.23,0.07999999999999996,↘️ 微減,-0.24,-0.32,↘️ 微減,-0.04,-0.33000000000000007,↘️ 微減,-0.26,0.010000000000000009,,,,,,21.3,0,0.0,🔄 持平,-0.7,0.0,➖ 持平,2,4,452.0
3709,鑫聯大投控,電腦及週邊設備業,09/17,63.0,0.96,136.0,8.59,5.58,218.0,13.5,⚖️ 溫和震盪整理,-25.94827586206896,0.64,,,,4.00,,,,,,,,,,🌐 外資日連買(3)-🆕 試單觀察,,,,,,,,,,,,,,,,,,,,,,,,,,,,,,,,↗️ 微增,0.01,-0.94,📉 小減,-0.7,-1.54,📉 小減,-0.59,-0.95,↗️ 微增,0.08,-0.35,雙引擎,,,,,58.1,0,0.0,🔄 持平,0.1,0.0,➖ 持平,2,4,311.0
3710,連展投控,電子零組件業,,,,,,,,,,,,,,,0.00,,,,,,,,,,,,,,,,,,,,,,,,,,,,,,,,,,,,,,,,,,無資料,,0.11,無資料,,0.11,無資料,,0.13,無資料,,0.3400000000000001,,,,,,,,,無,,,無,0,0,300.0
3713,新晶投控,綠能環保,09/17,14.05,0.36,29.0,0.41,,30.0,0.42,⏸️ 平量滯漲 (拋壓增大，高位見頂),-51.19047619047619,0.98,,,,0.40,,,,,,,,,,,,,,,,,,,,,,,,,,,,,,,,,,,,,,,,,,↗️ 微增,0.08,0.15,↗️ 微增,0.08,0.15,↗️ 微增,0.08,0.17,↗️ 微增,0.08,0.17,雙引擎 | 長短線,,,,,21.4,0,0.0,🔄 持平,0.0,0.0,➖ 持平,4,4,110.0
4102,永日,生技醫療業,09/17,18.95,0.0,31.0,0.58,,20.0,0.38,⚠️ 放量滯漲 (拋壓增大，即將見頂反轉),18.36734693877551,1.53,,,,1.60,,,,,,,,,,,,,,,,,,,,,,,,,,,,,,,,,,,,,,,,,,↗️ 微增,0.02,0.18000000000000002,↗️ 微增,0.02,0.29000000000000004,↗️ 微增,0.02,0.29000000000000004,↗️ 微增,0.03,0.14,雙引擎 | 長短線,,,,,21.4,0,0.0,🔄 持平,0.3,0.0,➖ 持平,4,4,70.0
4105,東洋,生技醫療業,09/17,78.6,0.0,650.0,50.2,11.3,457.0,35.48,⏸️ 平量滯漲 (拋壓增大，高位見頂),93.82239382239383,1.41,,,,22.60,,,,,,🔥 強延續 (15.4%),🔥 強延續 (2.67%),,🔥 持續加碼 (0.01%),🏦 投信日連買(3)-🆕 試單觀察 | 🏦 投信週連買(2)-🌱 週線發動,,,-5.71,-10.7,,,,,,-61.0,-129.0,-479.5,,,,,,,,,,,,,,,,-471.0,-1001.0,,,↗️ 微增,0.1,-0.6900000000000001,🔥 大增,1.15,0.4199999999999998,↘️ 微減,-0.03,-1.01,↘️ 微減,-0.02,-0.6000000000000001,,,,,,12.1,21.9,0.1,📈 增,0.8,-0.2,↘️ 微減,8,4,502.0
4107,邦特,生技醫療業,09/17,111.5,0.45,20.0,2.26,13.1,38.0,4.2,⚖️ 溫和震盪整理,-13.409961685823756,0.54,,,,7.60,,,,,,,,,,,,,0.0,-25.3,,,,,,,,,,,,,,,,,,,,,,,,,,,,↗️ 微增,0.01,-0.12000000000000001,↗️ 微增,0.01,-1.2799999999999998,↗️ 微增,0.03,-0.11000000000000001,↗️ 微增,0.03,-0.11000000000000001,雙引擎,,,,,22.5,0,0.0,🔄 持平,0.1,0.0,➖ 持平,1,4,74.0
4109,加捷生醫,生技醫療業,09/17,11.15,0.45,131.0,1.45,372.0,135.0,1.49,⏸️ 平量滯漲 (拋壓增大，高位見頂),8.208955223880587,0.97,,,,1.00,,,,,,,,,,,,,,,,,,,,,,,,,,,,,,6.18,10.7,,,,,,,,,,,↗️ 微增,0.05,0.35000000000000003,↗️ 微增,0.05,0.35000000000000003,↗️ 微增,0.06,0.31999999999999995,↗️ 微增,0.08,0.38,雙引擎 | 長短線,,,,,1.4,0,0.0,🔄 持平,-16.8,0.0,➖ 持平,2,4,295.0
4111,濟生,生技醫療業,09/17,28.8,0.35,126.0,3.36,9.14,61.0,1.69,⚠️ 放量滯漲 (拋壓增大，即將見頂反轉),121.05263157894734,1.99,,,,2.60,,,,,,,,,,,,,0.0,-10.6,,,,,,,,,,,,,,,,,,,,,,,,,,,,↗️ 微增,0.12,0.61,↗️ 微增,0.12,0.61,↗️ 微增,0.12,-0.44999999999999996,📈 小增,0.91,0.39,雙引擎 | 長短線,,,,,14.3,0,0.0,🔄 持平,0.0,0.0,➖ 持平,3,4,130.0
4113,聯上,建材營造業,09/17,15.85,0.0,60.0,0.95,,81.0,1.28,⏸️ 平量滯漲 (拋壓增大，高位見頂),-34.48275862068966,0.74,,,,2.20,,,,,,🔄 持平 (0%),,,,🌐 外資週連買(4)-🌱 週線發動,,,,,,,,-7.71,-18.3,-112.0,-300.0,-177.5,,,,,,,,,,,,,,,,-178.0,-472.0,,,🔥 大增,1.14,0.27,↗️ 微增,0.28,0.6400000000000001,↗️ 微增,0.28,0.03,↗️ 微增,0.26,-0.24000000000000002,雙引擎,,,,,26.0,64.7,0.0,🔄 持平,0.0,0.0,➖ 持平,4,4,308.0
4114,健喬,生技醫療業,09/17,29.65,1.02,1008.0,28.8,19.3,596.0,17.38,⚠️ 放量滯漲 (拋壓增大，即將見頂反轉),142.01680672268907,1.66,,,,6.60,,,,,,🔄 持平 (0%),,,,🌐 外資週連買(2)-🌱 週線發動,,,,,,,,,,-60.0,-544.0,-177.9,,,,,,,,,,,,,,,,-171.0,-1596.0,,,↗️ 微增,0.07,0.7899999999999998,↗️ 微增,0.07,0.7500000000000001,↘️ 微減,-0.08,0.8300000000000001,↘️ 微減,-0.06,0.99,,,,,,10.6,8.56,-0.8,🚨 減/大減,0.0,0.0,➖ 持平,2,4,963.0
4116,明基醫,生技醫療業,09/17,39.55,0.25,21.0,0.84,14.9,16.0,0.62,⏸️ 平量滯漲 (拋壓增大，高位見頂),133.33333333333334,1.35,,,,1.00,,,,,,🔄 持平 (0%),,,,,,,,,,,,,,,,,,,,,,,,,,,,,,,,,,,,🔄 持平,0.0,0.0,🔄 持平,-0.0,0.0,🔄 持平,-0.0,0.0,🔄 持平,-0.0,0.0,,,,,,43.4,0,0.0,🔄 持平,0.0,0.0,➖ 持平,4,4,72.0
4120,友華,生技醫療業,09/17,46.45,1.31,19.0,0.86,,16.0,0.75,⏸️ 平量滯漲 (拋壓增大，高位見頂),-48.19277108433735,1.15,,,,6.30,,,,,,,,,,,,,,,,,,,,,,,,,,,,,,,,,,,,,,,,,,🔄 持平,0.0,0.03,🔄 持平,-0.0,0.03,🔄 持平,-0.0,3.469446951953614e-18,↗️ 微增,0.02,0.6900000000000001,,,,,,11.8,0,0.0,🔄 持平,0.0,0.0,➖ 持平,1,4,39.0
4121,優盛,生技醫療業,09/17,12.7,1.2,46.0,0.59,,39.0,0.5,⏸️ 平量滯漲 (拋壓增大，高位見頂),20.408163265306122,1.18,,,,2.10,,,,,,,,,,🌐 外資日連買(3)-🆕 試單觀察,,,,,,,,-0.17,-13.7,,,,,,,,,,,,,,,,,,,,,,,↗️ 微增,0.01,0.02,↗️ 微增,0.01,0.02,↗️ 微增,0.03,-0.020000000000000004,↗️ 微增,0.03,-0.020000000000000004,雙引擎,,,,,15.1,0,0.0,🔄 持平,3.7,0.0,➖ 持平,5,3,80.0
4123,晟德,生技醫療業,09/17,30.8,0.16,1137.0,34.9,22.8,1137.0,34.58,⏸️ 平量滯漲 (拋壓增大，高位見頂),-20.13729977116706,1.01,,,,9.10,,,,,,,,,,,,,,,9.0,-155.0,27.7,,,,,,,,,,,,,,,,,,201.0,454.0,619.1,,,,,📈 小增,0.57,1.22,↗️ 微增,0.44,1.1,↗️ 微增,0.41,1.0899999999999999,↗️ 微增,0.33,0.32000000000000006,雙引擎 | 長短線,,,,,19.3,29.9,0.9,📈 增,0.7,-1.5,✅ 大減,18,4,10381.0
4126,太醫,生技醫療業,09/17,77.8,0.0,52.0,4.07,13.0,26.0,2.03,⚠️ 放量滯漲 (拋壓增大，即將見頂反轉),465.2777777777778,2.0,,,,8.50,,,,,,🔄 持平 (0%),,,,🌐 外資日連買(3)-🆕 試單觀察,,,,,,,,,,,,,,,,,,,,,,,,,,,,,,,,↗️ 微增,0.12,1.3800000000000001,↗️ 微增,0.12,1.3800000000000001,↗️ 微增,0.12,1.3800000000000001,↗️ 微增,0.12,0.030000000000000006,雙引擎 | 長短線,,,,,12.1,0,0.0,🔄 持平,0.0,0.0,➖ 持平,11,4,215.0
4127,天良,生技醫療業,09/17,59.6,-0.33,55.0,3.31,39.5,105.0,6.41,⚖️ 溫和震盪整理,-56.504599211563736,0.52,,,,6.00,,,,,,,,💤 籌碼沉澱中,,,,⚠️ 初危,,,,,,,,,,,,,,,,,,,,,,,,,,,,,,🔄 持平,0.0,2.42,🔄 持平,-0.0,2.42,🔄 持平,-0.0,-0.72,⚠️ 大減,-1.05,-1.8699999999999999,,,,,,13.4,0,0.0,🔄 持平,-31.4,0.0,➖ 持平,4,4,457.0
4128,中天,生技醫療業,09/17,14.65,0.69,500.0,7.34,16.5,497.0,7.22,⏸️ 平量滯漲 (拋壓增大，高位見頂),38.22975517890772,1.02,,,,5.50,,,,,,,,,,🌐 外資日連買(2)-🆕 試單觀察 | 🌐 外資週連買(2)-🌱 週線發動,,,,,,,,,,-207.0,-244.0,-303.3,,,,,,,,,,,,,,,,,,,,↘️ 微減,-0.23,-0.49,↘️ 微減,-0.06,-0.18000000000000002,↗️ 微增,0.06,-0.060000000000000026,↗️ 微增,0.05,-0.27999999999999997,,,,,,8.11,0,0.0,🔄 持平,0.0,0.0,➖ 持平,3,3,609.0
4129,聯合,生技醫療業,09/17,82.3,-0.12,89.0,7.41,14.4,122.0,10.05,⏸️ 平量滯漲 (拋壓增大，高位見頂),100.81300813008131,0.74,,,,10.80,,,,,,,,,,,,⚠️ 初危,,,,,,,,,,,,,,,,,,,,,,,,,,,,,,🔥 大增,1.15,1.8199999999999996,🔥 大增,1.15,0.9899999999999998,↗️ 微增,0.39,1.58,↗️ 微增,0.38,0.54,雙引擎 | 長短線,,,,,9.96,0,0.0,🔄 持平,-0.24,0.0,➖ 持平,5,4,1993.0
4131,浩泰,生技醫療業,09/17,31.9,1.43,11.0,0.35,,7.0,0.23,⚠️ 放量滯漲 (拋壓增大，即將見頂反轉),775.0,1.52,,,,1.20,,,,,,,,,,,,,,,,,,,,,,,,,,,,,,,,,,,,,,,,,,🔄 持平,0.0,0.0,🔄 持平,-0.0,0.0,🔄 持平,-0.0,0.0,🔥 大增,1.17,1.19,,,,,,47.4,0,0.0,🔄 持平,-0.5,0.0,➖ 持平,1,4,200.0
4138,曜亞,生技醫療業,09/17,53.9,0.0,21.0,1.15,14.7,23.0,1.25,⏸️ 平量滯漲 (拋壓增大，高位見頂),79.68749999999997,0.92,,,,1.30,,,,,,,,,,,,,0.0,-6.98,,,,,,,,,,,,,,,,,,,,,,,,,,,,🔄 持平,0.0,0.0,🔄 持平,-0.0,0.0,🔄 持平,-0.0,0.0,🔄 持平,-0.0,0.0,,,,,,34.0,0,0.0,🔄 持平,0.0,0.0,➖ 持平,7,4,353.0
4139,馬光-KY,生技醫療業,09/17,41.95,1.94,71.0,2.95,,76.0,3.1,⚖️ 溫和震盪整理,3.5087719298245723,0.95,,,,16.90,,,,,,,,,,,,,,,,,,,,,,,,,,,,,,,,,,,,,,,,,,🔄 持平,0.0,0.0,↗️ 微增,0.07,2.18,↗️ 微增,0.07,0.6300000000000001,↘️ 微減,-0.26,0.51,,,,,,5.44,16.8,0.0,🔄 持平,-0.32,0.0,➖ 持平,4,4,305.0
4147,中裕,生技醫療業,09/17,62.5,2.8,746.0,46.4,,587.0,35.54,⚖️ 溫和震盪整理,39.339339339339354,1.31,,,,9.40,,,,,,🔄 持平 (0%),,💤 籌碼沉澱中,,🌐 外資日連買(2)-🆕 試單觀察,,,-0.87,-20.8,-89.0,-2675.0,-556.2,,,,,,,,,,,,,,,,,,,,,,,,,📉 小減,-0.81,0.12999999999999992,↘️ 微減,-0.1,0.16999999999999998,↗️ 微增,0.12,-0.14000000000000012,↗️ 微增,0.09,-0.19000000000000009,,,,,,21.5,22.0,0.0,🔄 持平,0.0,0.0,➖ 持平,4,4,252.0
4153,鈺緯,生技醫療業,09/17,32.0,0.63,5.0,0.17,19.5,4.0,0.15,⏸️ 平量滯漲 (拋壓增大，高位見頂),466.6666666666667,1.13,,,,0.40,,,,,,,,,,,,,,,,,,,,,,,,,,,,,,,,,,,,,,,,,,↗️ 微增,0.01,0.16,↗️ 微增,0.01,0.16,↗️ 微增,0.01,0.16,🔄 持平,-0.0,0.17,,,,,,42.5,0,0.0,🔄 持平,0.0,0.0,➖ 持平,1,3,42.0
4154,樂威科-KY,其他業,09/17,11.25,0.0,4.0,0.05,,2.0,0.02,⚠️ 放量滯漲 (拋壓增大，即將見頂反轉),-28.57142857142857,2.5,,,,30.00,,,,,,,,,,,,,,,,,,,,,,,,,,,,,,,,,,,,,,,,,,🔄 持平,0.0,0.0,🔄 持平,-0.0,0.0,🔄 持平,-0.0,0.0,🔄 持平,-0.0,0.060000000000000005,,,,,,16.9,0.94,0.0,🔄 持平,0.0,0.0,➖ 持平,2,1,34.0
4157,太景*-KY,生技醫療業,09/17,9.06,1.23,991.0,8.96,41.2,860.0,7.69,⏸️ 平量滯漲 (拋壓增大，高位見頂),62.61343012704177,1.17,,,,3.10,,,,,,🔥 強延續 (50.6%),,,,🌐 外資日連買(4)-🆕 試單觀察 | 🌐 外資週連買(2)-🌱 週線發動,🔼 進駐,,,,,,,,,-267.0,-581.0,-241.9,,,,,,,,,,,,,,,,-241.0,-514.0,,,↗️ 微增,0.15,0.33999999999999997,↗️ 微增,0.02,0.45,↘️ 微減,-0.07,0.24,↗️ 微增,0.03,0.22000000000000003,雙引擎 | 長短線,,,,,32.8,0,0.0,🔄 持平,-0.4,0.0,➖ 持平,4,3,491.0
4160,訊聯基因,生技醫療業,09/17,39.05,0.39,13.0,0.5,57.4,12.0,0.48,⏸️ 平量滯漲 (拋壓增大，高位見頂),21.95121951219512,1.04,,,,1.00,,,,,,,,,,,,,,,,,,,,,,,,,,,,,,,,,,,,,,,,,,🔄 持平,0.0,0.0,🔄 持平,-0.0,0.0,🔄 持平,-0.0,0.0,🔄 持平,-0.0,0.0,,,,,,30.6,0,0.0,🔄 持平,-0.3,0.0,➖ 持平,1,3,19.0
4161,聿新科,生技醫療業,09/17,22.25,0.0,12.0,0.27,12.0,12.0,0.27,⏸️ 平量滯漲 (拋壓增大，高位見頂),-42.553191489361694,1.0,,,,0.40,,,,,,🔄 持平 (0%),,,,,,,,,,,,,,,,,,,,,,,,,,,,,,,,,,,,↗️ 微增,0.02,0.09,↗️ 微增,0.02,0.09,↗️ 微增,0.02,0.09,📉 小減,-0.66,0.20999999999999996,,,,,,15.5,3.86,0.0,🔄 持平,2.3,0.0,➖ 持平,2,2,42.0
4162,智擎,生技醫療業,09/17,55.8,2.2,341.0,18.9,14.9,290.0,15.82,⚖️ 溫和震盪整理,71.8181818181818,1.19,,,,11.70,,,,,,🔄 持平 (0%),,,,,,,,,,,,,,,,,,,,,,,,,,,,,,,,,,,,↘️ 微減,-0.04,-1.2,↘️ 微減,-0.02,-0.57,↗️ 微增,0.44,-0.6400000000000001,↗️ 微增,0.28,-0.15999999999999998,,,,,,33.7,0,0.4,📈 增,0.4,0.0,➖ 持平,12,4,180.0
4163,鐿鈦,生技醫療業,09/17,133.0,0.0,25.0,3.29,21.8,26.0,3.36,⏸️ 平量滯漲 (拋壓增大，高位見頂),48.19819819819819,0.98,,,,4.00,,,,,,🔄 持平 (0%),,💤 籌碼沉澱中,,🌐 外資週連買(2)-🌱 週線發動,,,,,,,,,,,,,,,,,,,,,,,,,,,,,,,,⚠️ 大減,-1.23,-3.92,📈 小增,0.63,-2.06,📈 小增,0.63,-0.5299999999999999,↘️ 微減,-0.2,-0.38,,,,,,13.2,26.4,0.0,🔄 持平,4.24,0.0,➖ 持平,7,4,105.0
4166,友霖,生技醫療業,09/17,24.45,2.73,118.0,2.86,24.9,64.0,1.55,⚖️ 溫和震盪整理,240.47619047619045,1.85,,,,11.00,,,,,,🔄 持平 (0%),,,,,,,,,,,,,,,,,,,,,,,,,,,,,,,,,,,,🔄 持平,0.0,-0.42,↗️ 微增,0.06,0.38999999999999996,↗️ 微增,0.06,0.39,↗️ 微增,0.23,0.16999999999999998,,,,,,59.5,0,0.0,🔄 持平,0.0,0.0,➖ 持平,5,4,171.0
4167,松瑞藥,生技醫療業,09/17,19.5,2.09,1160.0,22.5,6.27,580.0,11.1,⚖️ 溫和震盪整理,176.4127764127764,2.03,,,,12.20,,,,,,🔥 強延續 (33.4%),,,,🌐 外資日連買(4)-🆕 試單觀察,,,,,-151.0,-170.0,-294.4,,,,,,,,,,,,,,,,,,,,,,,,,↘️ 微減,-0.09,0.17000000000000037,↘️ 微減,-0.09,0.34999999999999987,↘️ 微減,-0.27,0.42000000000000026,↘️ 微減,-0.15,0.6200000000000001,,,,,,7.08,0,0.0,🔄 持平,0.0,0.0,➖ 持平,4,4,326.0
4168,醣聯,生技醫療業,09/17,21.8,1.16,179.0,3.86,,97.0,2.09,⚠️ 放量滯漲 (拋壓增大，即將見頂反轉),227.11864406779662,1.85,,,,4.80,,,,,,,,,,🌐 外資日連買(3)-🆕 試單觀察,,,0.0,-15.8,,,,,,,,,,,,,,,,,,,,,,,,,,,,↗️ 微增,0.01,0.04,↗️ 微增,0.01,0.15,↗️ 微增,0.01,0.15,↗️ 微增,0.01,-0.25,雙引擎,,,,,9.18,0,0.0,🔄 持平,0.01,0.0,➖ 持平,3,4,97.0
4171,瑞基,農業科技業,09/17,16.5,1.23,26.0,0.43,,38.0,0.61,⚖️ 溫和震盪整理,59.25925925925925,0.7,,,,14.00,,,,,,🔄 持平 (0%),,,,,,,,,,,,,,,,,,,,,,,,,,,,,,,,,,,,🔄 持平,0.0,-0.01,🔄 持平,-0.0,-0.01,🔄 持平,-0.0,-0.01,🔄 持平,-0.0,-0.81,,,,,,8.86,79.7,0.0,🔄 持平,0.06,0.0,➖ 持平,2,4,75.0
4173,久裕,生技醫療業,09/17,17.05,0.29,17.0,0.29,21.0,36.0,0.62,⚖️ 溫和震盪整理,-79.28571428571429,0.47,,,,1.00,,,,,,,,,,🌐 外資日連買(2)-🆕 試單觀察 | 🌐 外資週連買(2)-🌱 週線發動,,,,,,,,0.0,-10.6,,,,,,,,,,,,,,,,,,,,,,,🔄 持平,0.0,0.0,🔄 持平,-0.0,0.0,🔄 持平,-0.0,0.02,🔄 持平,-0.0,-0.54,,,,,,40.0,0,0.0,🔄 持平,0.0,0.0,➖ 持平,2,4,32.0
4174,浩鼎,生技醫療業,09/17,27.75,4.13,687.0,19.0,,359.0,9.56,🚀 放量大漲 (量價齊升，持續看漲),195.48989113530325,1.99,,,,8.40,,,,,,🔥 強延續 (38.0%),,🔥 持續加碼 (0.2%),,🌐 外資日連買(4)-🆕 試單觀察 | 🌐 外資週連買(2)-🌱 週線發動,🔼 進駐,,,,,,,,,,,,,,,,,,,,,,,,,,,,,,,↗️ 微增,0.12,-1.77,📈 小增,0.75,0.2799999999999999,📈 小增,0.75,-0.22000000000000003,↗️ 微增,0.32,-0.9099999999999999,雙引擎,,,,,9.79,69.9,0.0,🔄 持平,0.0,0.0,➖ 持平,4,4,384.0
4175,杏一,生技醫療業,09/17,51.5,0.0,6.0,0.32,13.6,9.0,0.45,⚖️ 溫和震盪整理,77.77777777777779,0.71,,,,0.40,,,,,,🔄 持平 (0%),,,,,,,,,,,,,,,,,,,,,,,,,,,,,,,,,,,,🔄 持平,0.0,0.0,🔄 持平,-0.0,0.0,🔄 持平,-0.0,0.0,🔄 持平,-0.0,0.0,,,,,,48.2,13.5,0.0,🔄 持平,0.0,0.0,➖ 持平,7,4,88.0
4183,福永生技,生技醫療業,09/17,13.05,0.0,2.0,0.03,,2.0,0.03,⏸️ 平量滯漲 (拋壓增大，高位見頂),0.0,1.0,,,,,,,,,,,,,,,,,,,,,,,,,,,,,,,,,,,,,,,,,,,,,,↗️ 微增,0.01,0.43000000000000005,↗️ 微增,0.01,0.43000000000000005,↗️ 微增,0.01,0.43000000000000005,🔄 持平,-0.0,0.36000000000000004,,,,,,26.7,13.2,0.0,🔄 持平,0.0,0.0,➖ 持平,1,1,29.0
4188,安克,生技醫療業,09/17,13.8,-2.47,169.0,2.34,,162.0,2.37,🥀 平量價縮 (下跌中繼，弱反彈信號),127.18446601941747,0.99,,,,0.10,,,,,,,,,,,,,,,,,,,,,,,,,,,,,,,,,,,,,,,,,,🔄 持平,0.0,0.0,🔥 大增,1.4,1.4,↗️ 微增,0.4,1.3900000000000001,↗️ 微增,0.41,-0.04000000000000005,,,,,,46.8,0,0.0,🔄 持平,-0.1,0.0,➖ 持平,1,4,522.0
4192,杏國,生技醫療業,09/17,18.15,-6.68,28.0,0.51,,10.0,0.19,🩸 放量大跌 (跟風砸盤，高位出貨持續跌),363.6363636363637,2.68,,,,0.30,,,,,,,,,,,,,,,,,,,,,,,,,,,,,,,,,,,,,,,,,,🔄 持平,0.0,0.0,🔄 持平,-0.0,0.0,🚀 劇增,1.72,1.72,↗️ 微增,0.03,0.14,,,,,,64.7,0,0.0,🔄 持平,0.0,0.0,➖ 持平,2,4,45.0
4198,欣大健康,生技醫療業,09/17,49.45,0.1,10.0,0.48,,6.0,0.29,⚠️ 放量滯漲 (拋壓增大，即將見頂反轉),-14.285714285714302,1.66,,,,1.20,,,,,,,,,,,,,,,,,,,,,,,,,,,,,,,,,,,,,,,,,,↗️ 微增,0.07,0.54,↗️ 微增,0.07,0.54,↗️ 微增,0.07,0.54,↗️ 微增,0.07,0.54,雙引擎 | 長短線,,,,,63.2,0,0.2,📈 增,2.7,0.0,➖ 持平,7,4,166.0
4205,中華食,食品工業,09/17,69.0,0.0,16.0,1.12,17.4,21.0,1.41,⏸️ 平量滯漲 (拋壓增大，高位見頂),33.33333333333335,0.79,,,,0.60,,,,,,,,,,,,,,,,,,,,,,,,,,,,,,,,,,,,,,,,,,🔄 持平,0.0,0.0,🔄 持平,-0.0,0.0,🔄 持平,-0.0,0.0,🔄 持平,-0.0,0.0,,,,,,31.5,0,0.0,🔄 持平,0.2,0.0,➖ 持平,3,3,25.0
4207,環泰,食品工業,09/17,19.45,0.0,51.0,1.0,10.3,104.0,2.01,⚖️ 溫和震盪整理,-10.71428571428572,0.5,,,,1.70,,,,,,,,,,,,,-0.56,-7.92,,,,0.0,-28.1,0.0,-114.0,0.0,,,,,,,,,,,,,,,,,,,,↗️ 微增,0.05,0.10000000000000003,↗️ 微增,0.05,-0.27999999999999997,↗️ 微增,0.05,0.47000000000000003,↗️ 微增,0.19,0.39,雙引擎 | 長短線,,,,,26.9,39.4,0.3,📈 增,1.4,-0.4,↘️ 微減,2,4,263.0
4303,信立,塑膠工業,09/17,34.85,0.14,445.0,15.5,3.78,502.0,17.94,⏸️ 平量滯漲 (拋壓增大，高位見頂),40.90909090909092,0.86,,,,1.20,,,,,,,,,,🌐 外資日連買(2)-🆕 試單觀察,,,,,-34.0,-124.0,-118.5,,,,,,,,6.0,20.0,20.9,,,,,,,,,,,,,,,🔄 持平,0.0,0.0,📉 小減,-0.92,-1.0899999999999999,📉 小減,-0.95,-1.9500000000000002,↘️ 微減,-0.32,0.07000000000000012,,,,,,12.5,0,0.0,🔄 持平,0.0,0.0,➖ 持平,2,3,241.0
4304,勝昱,塑膠工業,09/17,15.7,9.79,75.0,1.15,,93.0,1.47,✈️ 平量大漲 (一致看漲無拋壓，加速上漲),-27.672955974842772,0.78,,,,0.10,,,,,,,,,,,,,,,,,,,,,,,,,,,,,,,,,,,,,,,,,,🔄 持平,0.0,0.0,🔄 持平,-0.0,0.0,🔄 持平,-0.0,0.0,📉 小減,-0.93,-0.81,,,,,,,,,無,,,無,3,3,218.0
4305,世坤,塑膠工業,09/17,42.7,0.47,2.0,0.09,8.77,4.0,0.18,⚖️ 溫和震盪整理,800.0,0.5,,,,0.10,,,,,,,,,,,,,0.0,-50.0,,,,,,,,,,,,,,,,,,,,,,,,,,,,🔄 持平,0.0,0.0,🔄 持平,-0.0,0.0,🔄 持平,-0.0,0.0,🔄 持平,-0.0,0.0,,,,,,23.7,0,0.0,🔄 持平,0.0,0.0,➖ 持平,1,2,10.0
4401,東隆興,紡織纖維,09/17,13.95,2.2,43.0,0.59,12.3,63.0,0.87,📈 價升量縮 (量價背離，下方承接看拉高),-14.492753623188403,0.68,,,,1.80,,,,,,,,,,🌐 外資日連買(2)-🆕 試單觀察 | 🌐 外資週連買(4)-🌱 週線發動,,,,,,,,,,,,,,,,,,,,,,,,,,,,,,,,↗️ 微增,0.05,0.06999999999999999,↗️ 微增,0.05,0.08,↗️ 微增,0.05,0.08,↗️ 微增,0.05,0.79,雙引擎 | 長短線,,,,,23.5,0,0.0,🔄 持平,0.0,0.0,➖ 持平,15,4,450.0
4402,郡都開發,紡織纖維,09/17,14.45,1.4,1.0,0.02,,288.0,3.75,⚖️ 溫和震盪整理,-85.71428571428572,0.01,,,,2.40,,,,,,,,,,,,,,,,,,,,,,,,,,,,,,,,,,,,,,,,,,↗️ 微增,0.11,1.17,↗️ 微增,0.11,1.17,↗️ 微增,0.11,1.17,↗️ 微增,0.11,0.41000000000000003,雙引擎 | 長短線,,,,,50.1,30.8,2.8,🔥 大增,3.5,-1.8,✅ 大減,0,4,35.0
4406,新昕纖,紡織纖維,09/17,10.1,0.5,31.0,0.31,,75.0,0.75,⚖️ 溫和震盪整理,-74.59016393442623,0.41,,,,0.40,,,,,,,,,,,,,,,,,,,,,,,,,,,,,,,,,,,,,,,,,,↗️ 微增,0.27,0.8900000000000001,↗️ 微增,0.27,0.8900000000000001,↗️ 微增,0.25,0.8400000000000001,↗️ 微增,0.25,0.82,雙引擎 | 長短線,,,,,15.7,0,0.0,🔄 持平,0.0,0.0,➖ 持平,7,4,772.0
4413,飛寶企業,紡織纖維,09/17,19.3,0.52,17.0,0.33,16.8,20.0,0.39,⏸️ 平量滯漲 (拋壓增大，高位見頂),1550.0,0.85,,,,5.70,,,,,,,,,,,,,,,,,,,,,,,,,,,,,,,,,,,,,,,,,,🔄 持平,0.0,0.0,🔄 持平,-0.0,0.0,🔄 持平,-0.0,0.0,🔄 持平,-0.0,0.0,,,,,,12.5,25.6,0.0,🔄 持平,-2.1,0.0,➖ 持平,1,4,254.0
4416,三圓,建材營造業,09/17,11.05,-1.34,1520.0,16.6,3.42,911.0,10.3,⚠️ 放量滯漲 (拋壓增大，即將見頂反轉),29.6875,1.61,,,,1.80,,,,,,,,💤 籌碼沉澱中,,,,,,,,,,,,,,,16.7,16.7,,,,,,5.2,25.9,63.0,74.0,69.6,,,,,,,,📉 小減,-0.61,-4.22,📉 小減,-0.61,-4.24,📉 小減,-0.5,-5.07,↗️ 微增,0.15,-2.27,,,,,,14.5,50.6,0.0,🔄 持平,-0.1,-9.4,🌟 遽減,3,4,452.0
4417,金洲,紡織纖維,09/17,49.75,0.2,39.0,1.93,9.55,216.0,10.75,⚖️ 溫和震盪整理,-37.54045307443366,0.18,,,,3.90,,,,,,🔥 強延續 (30.9%),,🔥 持續加碼 (0.01%),,🌐 外資日連買(2)-🆕 試單觀察 | 🌐 外資週連買(3)-🌱 週線發動,🔼 進駐,,,,,,,-7.63,-27.7,-27.0,-125.0,-134.3,,,,,,,,,,,,,,,,-134.0,-620.0,,,🔄 持平,0.0,0.05000000000000002,🔄 持平,-0.0,0.12000000000000002,🔄 持平,-0.0,0.12000000000000002,🔄 持平,-0.0,0.13,,,,,,13.5,11.0,0.0,🔄 持平,0.0,0.0,➖ 持平,3,4,395.0
4419,皇家美食,觀光餐旅,09/17,45.65,-1.4,4.0,0.19,,7.0,0.3,⚖️ 溫和震盪整理,137.5,0.63,,,,,,,,,,,,,,,,,,,,,,,,,,,,,,,,,,,,,,,,,,,,,,🔄 持平,0.0,0.0,🔄 持平,-0.0,0.0,🔄 持平,-0.0,0.0,🔄 持平,-0.0,0.0,,,,,,36.1,0,0.0,🔄 持平,0.0,0.0,➖ 持平,1,4,24.0
4420,光明,紡織纖維,09/17,36.0,-1.37,145.0,5.26,26.9,98.0,3.76,⏸️ 平量滯漲 (拋壓增大，高位見頂),-30.238726790450933,1.4,,,,0.90,,,,,,🔄 持平 (0%),🔥 強延續 (1.18%),,🔄 今日量縮持平,🏦 投信日連買(3)-🆕 試單觀察 | 🏦 投信週連買(3)-🌱 週線發動,,,-7.32,-7.61,,,,,,,,,,,,,,,,,,,,,,,,,,,,🔄 持平,0.0,0.0,🔄 持平,-0.0,0.0,🔄 持平,-0.0,0.0,↘️ 微減,-0.02,1.06,,,,,,41.3,0,0.0,🔄 持平,-0.2,0.0,➖ 持平,2,3,29.0
4430,耀億,其他業,09/17,17.25,0.0,14.0,0.24,45.4,22.0,0.38,⚖️ 溫和震盪整理,-4.0000000000000036,0.63,,,,2.40,,,,,,,,,,,,,,,,,,,,,,,,,,,,,,,,,,,,,,,,,,🔄 持平,0.0,0.0,🔄 持平,-0.0,0.0,🔄 持平,-0.0,0.0,🔄 持平,-0.0,-0.010000000000000002,,,,,,25.9,0,0.0,🔄 持平,0.0,0.0,➖ 持平,2,4,41.0
4432,銘旺實,紡織纖維,09/17,15.6,-0.32,18.0,0.28,3.28,19.0,0.3,⏸️ 平量滯漲 (拋壓增大，高位見頂),-17.647058823529406,0.93,,,,1.40,,,,,,,,,,,,,,,,,,,,,,,,,,,,,,,,,,,,,,,,,,🔄 持平,0.0,0.0,🔄 持平,-0.0,0.0,🔄 持平,-0.0,0.0,↗️ 微增,0.03,0.16,,,,,,43.2,0,0.0,🔄 持平,-0.4,0.0,➖ 持平,2,4,54.0
4433,興采,紡織纖維,09/17,18.15,-0.55,127.0,2.31,16.1,105.0,1.93,⏸️ 平量滯漲 (拋壓增大，高位見頂),200.0,1.2,,,,0.20,,,,,,,,,,,,,,,,,,,,,,,,,,,,,,,,,,,,,,,,,,🔄 持平,0.0,0.0,🔄 持平,-0.0,0.0,🔄 持平,-0.0,0.0,🔄 持平,-0.0,0.03,,,,,,38.0,0,0.0,🔄 持平,0.0,0.0,➖ 持平,9,4,120.0
4442,竣邦-KY,紡織纖維,09/17,54.6,-2.5,68.0,3.76,11.1,220.0,12.4,📉 縮量小跌 (主力洗盤止跌，擇機進場),26.174496644295296,0.3,,,,61.60,,,,,,,,,,,,⚠️ 初危,-1.63,-5.47,,,,,,,,,0.0,77.8,0.0,14.0,0.0,-1.63,-5.47,2.8,14.6,,,,,,,,,,,🚀 劇增,4.72,7.049999999999999,📉 小減,-0.85,1.0000000000000004,📉 小減,-0.86,-1.5899999999999999,📉 小減,-0.87,-1.9899999999999998,,,,,,32.8,0,0.0,🔄 持平,0.1,-1.13,✅ 大減,3,4,915.0
4502,健信,電機機械,09/17,15.7,0.0,20.0,0.31,,51.0,0.8,⚖️ 溫和震盪整理,-29.54545454545454,0.39,,,,4.10,,,,,,,,,,🌐 外資日連買(3)-🆕 試單觀察 | 🌐 外資週連買(2)-🌱 週線發動,,,,,,,,,,,,,,,,,,,,,,,,,,,,,,,,🔄 持平,0.0,-0.27,🔄 持平,-0.0,-1.8499999999999999,↘️ 微減,-0.02,-0.29,↗️ 微增,0.05,1.3499999999999999,,,,,,21.9,99.8,0.0,🔄 持平,0.0,0.0,➖ 持平,18,4,627.0
4503,金雨,電機機械,09/17,22.8,1.33,47.0,1.06,6.13,86.0,1.95,⚖️ 溫和震盪整理,-17.829457364341085,0.54,,,,2.10,,,,,,🔥 強延續 (32.2%),,,,🌐 外資日連買(4)-🆕 試單觀察 | 🌐 外資週連買(2)-🌱 週線發動,🔼 進駐,,,,,,,-0.89,-12.6,-8.0,-128.0,-18.2,,,,,,,,,,,,,,,,,,,,🔄 持平,0.0,0.0,🔄 持平,-0.0,0.0,🔄 持平,-0.0,-0.14,🔄 持平,-0.0,-1.43,,,,,,22.1,0,0.0,🔄 持平,0.0,0.0,➖ 持平,7,3,156.0
4506,崇友,電機機械,09/17,119.5,0.42,99.0,11.8,15.5,71.0,8.46,⏸️ 平量滯漲 (拋壓增大，高位見頂),75.07418397626114,1.39,,,,4.60,,,,,,🔄 持平 (0%),,,,🌐 外資日連買(2)-🆕 試單觀察,,,,,,,,,,,,,,,,,,,,,,,,,,,,,,,,↘️ 微減,-0.04,-0.09999999999999999,↗️ 微增,0.44,0.38,🔄 持平,-0.0,0.77,↗️ 微增,0.01,0.13,,,,,,61.1,0,0.0,🔄 持平,0.0,0.0,➖ 持平,1,4,164.0
4510,高鋒,電機機械,09/17,44.05,3.65,1078.0,47.7,46.4,667.0,28.69,⚖️ 溫和震盪整理,400.5246589716685,1.66,,,,6.60,,,,,,🔥 強延續 (34.2%),,🔥 持續加碼 (0.34%),,🌐 外資日連買(5)-⚡ 買盤點火,,,-2.37,-5.53,-103.0,-248.0,-453.7,,,,,,,,,,,,,,,,,,-11.0,196.0,-48.5,,,,,📉 小減,-0.99,-0.98,📉 小減,-0.99,-0.98,↘️ 微減,-0.38,-0.3700000000000002,⚠️ 大減,-1.31,-1.5,,,,,,17.4,30.6,0.0,🔄 持平,-0.3,0.0,➖ 持平,5,3,309.0
4513,福裕,電機機械,09/17,15.8,1.94,127.0,2.0,,130.0,2.01,⚖️ 溫和震盪整理,83.48623853211008,1.0,,,,4.40,,,,,,,,,,🌐 外資日連買(2)-🆕 試單觀察,,,,,,,,,,-100.0,-106.0,-158.0,,,,,,,,,,,,,,,,,,,,↘️ 微減,-0.02,0.1,↗️ 微增,0.01,0.71,↗️ 微增,0.43,0.66,↗️ 微增,0.08,0.46,,,,,,30.1,20.5,0.0,🔄 持平,11.7,0.0,➖ 持平,4,4,282.0
4523,永彰,電機機械,09/17,23.7,-0.42,81.0,1.92,0.87,79.0,1.9,⏸️ 平量滯漲 (拋壓增大，高位見頂),23.076923076923062,1.01,,,,3.50,,,,,,,,,,🌐 外資日連買(4)-🆕 試單觀察,,,,,,,,,,,,,,,,,,,,,,,,,,,,,,,,↗️ 微增,0.01,0.16,↗️ 微增,0.01,0.15000000000000002,↗️ 微增,0.01,1.09,↗️ 微增,0.01,0.2,雙引擎 | 長短線,,,,,43.2,63.0,0.0,🔄 持平,0.2,-22.8,🌟 遽減,2,4,80.0
4527,方土霖,電機機械,09/17,40.7,-0.25,21.0,0.86,9.44,21.0,0.88,⏸️ 平量滯漲 (拋壓增大，高位見頂),91.1111111111111,0.98,,,,1.90,,,,,,🔄 持平 (0%),,,,🌐 外資日連買(2)-🆕 試單觀察 | 🌐 外資週連買(7)-🚀 趨勢加溫,,,,,,,,,-100.0,,,,,,,,,,,,,,,,,,,,,,,↗️ 微增,0.02,0.15000000000000002,↗️ 微增,0.02,0.15000000000000002,↗️ 微增,0.02,0.16,↗️ 微增,0.03,0.72,雙引擎 | 長短線,,,,,28.4,0,0.0,🔄 持平,0.0,0.0,➖ 持平,2,4,111.0
4528,江興鍛,電機機械,09/17,14.85,0.34,104.0,1.53,,37.0,0.54,⚠️ 放量滯漲 (拋壓增大，即將見頂反轉),282.5,2.83,,,,0.30,,,,,,,,,,,,,,,,,,,,,,,,,,,,,,,,,,,,,,,,,,🔄 持平,0.0,0.0,🔄 持平,-0.0,0.0,🔄 持平,-0.0,0.0,🔄 持平,-0.0,-0.009999999999999998,,,,,,44.8,0,6.8,🔥 大增,6.8,0.0,➖ 持平,4,4,38.0
4529,淳紳,其他業,09/17,3.45,-2.27,20.0,0.07,,22.0,0.08,🥀 平量價縮 (下跌中繼，弱反彈信號),40.000000000000014,0.88,,,,38.00,,,,,,,,,,,,,,,,,,,,,,,,,,,,,,,,,,,,,,,,,,🔄 持平,0.0,1.22,🔄 持平,-0.0,0.07,🔄 持平,-0.0,0.07,🔄 持平,-0.0,0.07,,,,,,31.7,0,0.0,🔄 持平,31.69,0.0,➖ 持平,3,2,63.0
4530,宏易,觀光餐旅,09/17,24.3,-3.19,96.0,2.23,1215.0,48.0,1.19,🛡️ 放量小跌 (見底信號，越跌越買反轉),4359.999999999999,1.87,,,,2.30,,,,,,,,,,,,,,,,,,,,,,,,,,,,,,,,,,,,,,,,,,🔄 持平,0.0,0.0,🔄 持平,-0.0,0.0,↘️ 微減,-0.31,-0.31,↘️ 微減,-0.31,-0.15,,,,,,15.7,0,,無,,,無,2,4,112.0
4533,協易機,電機機械,09/17,24.6,-0.4,361.0,8.91,41.0,372.0,9.15,⏸️ 平量滯漲 (拋壓增大，高位見頂),50.50675675675676,0.97,,,,5.50,,,,,,,,,,🌐 外資日連買(4)-🆕 試單觀察,,,,,,,,,,,,,,,,,,,,,,,,,,,,,,,,↘️ 微減,-0.16,9.46,↘️ 微減,-0.16,8.78,↘️ 微減,-0.16,8.09,↘️ 微減,-0.1,7.1000000000000005,,,,,,9.7,0,0.0,🔄 持平,-1.2,0.0,➖ 持平,5,4,875.0
4534,慶騰,電機機械,09/17,27.95,0.18,340.0,9.52,60.8,392.0,10.98,⏸️ 平量滯漲 (拋壓增大，高位見頂),37.572254335260105,0.87,,,,3.40,,,,,,,,,,🌐 外資日連買(2)-🆕 試單觀察,,,,,,,,,,,,,,,,,,,,,,,,,,,,,,,,🔄 持平,0.0,-1.41,🚀 劇增,2.0,-0.39999999999999997,↗️ 微增,0.23,-2.05,↘️ 微減,-0.21,-1.45,,,,,,19.9,0,0.0,🔄 持平,0.0,0.0,➖ 持平,5,4,258.0
4535,至興,電機機械,09/17,27.1,0.37,5.0,0.14,19.1,12.0,0.32,⚖️ 溫和震盪整理,366.6666666666667,0.44,,,,0.20,,,,,,🔄 持平 (0%),,,,,,,,,,,,,,,,,,,,,,,,,,,,,,,,,,,,🔄 持平,0.0,0.0,🔄 持平,-0.0,0.0,↘️ 微減,-0.01,-0.04,↘️ 微減,-0.01,-0.04,,,,,,47.6,0,0.0,🔄 持平,0.4,0.0,➖ 持平,1,3,34.0
4538,大詠城,電機機械,09/17,17.35,0.0,13.0,0.23,43.4,14.0,0.25,⏸️ 平量滯漲 (拋壓增大，高位見頂),-37.83783783783784,0.92,,,,0.20,,,,,,,,,,,,,,,,,,,,,,,,,,,,,,,,,,,,,,,,,,↗️ 微增,0.03,0.23,↗️ 微增,0.03,0.23,↗️ 微增,0.03,0.23,↗️ 微增,0.03,0.24000000000000002,雙引擎 | 長短線,,,,,26.1,0,0.1,📈 增,0.4,0.0,➖ 持平,0,4,101.0
4541,晟田,其他業,09/17,57.5,1.23,563.0,32.2,14.7,748.0,42.9,⏸️ 平量滯漲 (拋壓增大，高位見頂),3.536977491961424,0.75,,,,11.00,,,,,,,,,,,,,,,,,,,,,,,,,9.0,21.0,51.8,,,,,4.0,166.0,23.0,,,,,,,,🚀 劇增,2.25,0.24999999999999983,🔥 大增,1.0,-6.01,🔥 大增,1.12,-3.8399999999999994,📉 小減,-0.63,-1.7700000000000005,,,,,,12.2,0,0.0,🔄 持平,0.0,0.0,➖ 持平,4,4,549.0
4542,科嶠,電子零組件業,09/17,278.5,9.86,765.0,211.0,123.0,373.0,99.0,🚀 放量大漲 (量價齊升，持續看漲),439.64194373401534,2.13,,,,6.60,,,,,,,,,,,,,,,,,,,,,,,36.0,36.0,9.0,9.0,250.6,,,,,,,,,,,,,,,🔄 持平,0.0,-0.27999999999999997,🔄 持平,-0.0,-0.4499999999999997,↗️ 微增,0.09,-2.5,↗️ 微增,0.01,-2.71,,,,,,17.2,8.42,0.0,🔄 持平,6.1,0.0,➖ 持平,3,3,83.0
4543,萬在,電機機械,09/17,28.25,1.8,64.0,1.8,11.0,63.0,1.75,⚖️ 溫和震盪整理,-1.098901098901095,1.03,,,,1.80,,,,,,,,,,,,,,,,,,,,,,,,,,,,,,,,,,,,,,,,,,🔄 持平,0.0,-0.07,🔄 持平,-0.0,-0.07,🔄 持平,-0.0,-0.07,↘️ 微減,-0.05,0.5199999999999999,,,,,,7.23,0,0.34,📈 增,0.34,0.0,➖ 持平,4,4,71.0
4549,桓達,電機機械,09/17,95.1,0.11,22.0,2.12,23.3,39.0,3.75,⚖️ 溫和震盪整理,-64.24957841483979,0.57,,,,3.70,,,,,,🔄 持平 (0.0%),,,,,🔼 進駐,,,,,,,,,,,,,,,,,,,,,,,,,,,,,,,🔄 持平,0.0,0.0,🔄 持平,-0.0,0.0,🔄 持平,-0.0,0.0,🔄 持平,-0.0,0.0,,,,,,16.1,0,0.0,🔄 持平,0.0,0.0,➖ 持平,2,3,369.0
4550,長佳,電機機械,09/17,23.95,-1.03,16.0,0.39,12.5,11.0,0.27,⏸️ 平量滯漲 (拋壓增大，高位見頂),1200.0000000000002,1.44,,,,1.90,,,,,,,,,,,,,,,,,,,,,,,,,,,,,,,,,,,,,,,,,,🔄 持平,0.0,0.21,🚀 劇增,2.16,2.3699999999999997,↗️ 微增,0.05,0.26,↗️ 微增,0.07,0.36,,,,,,19.3,0,0.0,🔄 持平,0.0,0.0,➖ 持平,1,2,63.0
4554,橙的,其他電子業,09/17,28.4,0.89,6.0,0.17,10.0,14.0,0.39,⚖️ 溫和震盪整理,0.0,0.44,,,,24.60,,,,,,,,,,,,,,,,,,,,,,,,,,,,,,,,,,,,,,,,,,🔄 持平,0.0,0.0,🔄 持平,-0.0,0.0,🔄 持平,-0.0,0.0,🔄 持平,-0.0,0.0,,,,,,48.9,0,6.4,🔥 大增,6.4,0.0,➖ 持平,1,4,100.0
4556,旭然,其他業,09/17,82.8,1.72,638.0,52.8,77.4,1716.0,157.7,📈 價升量縮 (量價背離，下方承接看拉高),-36.91756272401434,0.33,,,,10.80,,,,,,,,💤 籌碼沉澱中,,,,,,,,,,,,,,,,,,,,,,21.1,138.0,11.0,568.0,91.1,78.0,260.0,645.8,,,645.0,2204.0,↘️ 微減,-0.02,0.26,↘️ 微減,-0.02,0.26,↘️ 微減,-0.02,0.26,↘️ 微減,-0.02,0.26,,,,,,32.1,0,0.0,🔄 持平,-2.2,0.0,➖ 持平,2,3,1226.0
4558,寶緯,電機機械,09/17,17.55,-0.28,43.0,0.75,19.7,18.0,0.32,⚠️ 放量滯漲 (拋壓增大，即將見頂反轉),177.77777777777777,2.34,,,,0.40,,,,,,,,,,,,,,,,,,,,,,,,,,,,,,,,,,,,,,,,,,↘️ 微減,-0.01,1.9,↘️ 微減,-0.01,-0.09,↘️ 微減,-0.01,0.0,↘️ 微減,-0.01,-0.1600000000000001,,,,,,15.1,0,0.0,🔄 持平,7.06,0.0,➖ 持平,2,3,153.0
4561,健椿,電機機械,09/17,40.3,1.26,71.0,2.86,23.6,83.0,3.36,⏸️ 平量滯漲 (拋壓增大，高位見頂),34.90566037735847,0.85,,,,2.60,,,,,,🔥 強延續 (46.8%),,💤 籌碼沉澱中,,🌐 外資日連買(3)-🆕 試單觀察 | 🌐 外資週連買(4)-🌱 週線發動,🔼 進駐,,,,,,,-2.66,-17.6,-21.0,-164.0,-84.6,,,,,,,,,,,,,,,,-85.1,-656.0,,,🔄 持平,0.0,0.0,🔄 持平,-0.0,0.0,🔄 持平,-0.0,0.0,🔄 持平,-0.0,0.0,,,,,,20.0,0,0.0,🔄 持平,0.1,0.0,➖ 持平,5,4,132.0
4563,百德,電機機械,09/17,46.2,1.54,265.0,12.3,,143.0,6.51,⚖️ 溫和震盪整理,99.02912621359225,1.89,,,,2.40,,,,,,⚠️ 趨緩 (16.2%),,🔥 持續加碼 (0.08%),,🌐 外資日連買(2)-🆕 試單觀察 | 🌐 外資週連買(2)-🌱 週線發動,🔼 進駐,,,,,,,-3.7,-15.5,-22.0,-105.0,-101.6,,,,,,,,,,,,,,,,-102.0,-472.0,,,🔄 持平,0.0,0.0,🔄 持平,-0.0,0.0,🔄 持平,-0.0,0.0,🔄 持平,-0.0,0.0,,,,,,44.6,8.15,0.0,🔄 持平,0.0,0.0,➖ 持平,7,4,174.0
4568,科際精密,電機機械,09/17,39.6,-0.88,8.0,0.32,21.8,3.0,0.12,⚠️ 放量滯漲 (拋壓增大，即將見頂反轉),700.0,2.67,,,,19.90,,,,,,,,,,,,⚠️ 初危,,,,,,,,,,,,,,,,,,,,,,,,,,,,,,🔄 持平,0.0,0.060000000000000005,🔄 持平,-0.0,0.060000000000000005,🔄 持平,-0.0,0.060000000000000005,🔄 持平,-0.0,0.060000000000000005,,,,,,16.4,0,0.0,🔄 持平,0.7,0.0,➖ 持平,2,1,8.0
4577,達航科技,其他電子業,09/17,83.2,-0.72,348.0,29.5,,304.0,25.7,⏸️ 平量滯漲 (拋壓增大，高位見頂),84.375,1.15,,,,1.90,,,,,,,,,,🌐 外資日連買(2)-🆕 試單觀察,,,0.51,-5.78,,,,,,,,,,,,,,,,,,,,,,,,,,,,🔄 持平,0.0,0.0,🔄 持平,-0.0,0.0,🔄 持平,-0.0,0.0,🔄 持平,-0.0,1.05,,,,,,13.6,0,0.0,🔄 持平,-4.7,0.0,➖ 持平,2,4,469.0
4580,捷流閥業,電機機械,09/17,81.0,0.0,44.0,3.56,13.4,54.0,4.4,⏸️ 平量滯漲 (拋壓增大，高位見頂),-37.323943661971825,0.81,,,,3.00,,,,,,,,,,,,,,,,,,,,,,,,,,,,,,,,,,,,,,,,,,🚀 劇增,2.15,1.99,↗️ 微增,0.01,-0.14999999999999997,↗️ 微增,0.01,-0.14999999999999997,↗️ 微增,0.01,-0.14999999999999997,雙引擎,,,,,10.6,10.1,0.0,🔄 持平,0.0,0.0,➖ 持平,5,4,91.0
4584,君帆,電機機械,09/17,37.0,0.0,3.0,0.1,14.9,5.0,0.17,⚖️ 溫和震盪整理,25.0,0.59,,,,0.00,,,,,,,,,,,,,,,,,,,,,,,,,,,,,,,,,,,,,,,,,,🔄 持平,0.0,-0.02,🔄 持平,-0.0,-0.02,🔄 持平,-0.0,-0.02,🔄 持平,-0.0,-0.02,,,,,,17.6,0,0.0,🔄 持平,-17.2,0.0,➖ 持平,1,4,15.0
4609,唐鋒,居家生活,09/17,4.24,0.24,10.0,0.04,22.3,17.0,0.07,⚖️ 溫和震盪整理,100.0,0.57,,,,,,,,,,,,,,,,,,,,,,,,,,,,,,,,,,,,,,,,,,,,,,🔄 持平,0.0,0.05,🔄 持平,-0.0,0.05,↘️ 微減,-0.01,0.060000000000000005,↘️ 微減,-0.01,0.060000000000000005,,,,,,19.0,0,0.0,🔄 持平,0.0,0.0,➖ 持平,2,4,98.0
4702,中美實,居家生活,09/17,9.34,-0.21,40.0,0.37,4.19,77.0,0.72,⚖️ 溫和震盪整理,37.037037037037024,0.51,,,,44.00,,,,,,,,,,,,,-2.87,-11.7,,,,,,,,,,,,,,,,,,,,,,,,,,,,🔄 持平,0.0,0.0,🔄 持平,-0.0,0.0,🔄 持平,-0.0,0.04,↗️ 微增,0.03,-0.009999999999999953,,,,,,42.6,0,0.0,🔄 持平,0.0,0.0,➖ 持平,2,4,90.0
4706,大恭,化學工業,09/17,33.7,-0.15,9.0,0.31,30.1,23.0,0.82,⚖️ 溫和震盪整理,-69.6078431372549,0.38,,,,29.50,,,,,,,,,,,,,1.85,-32.9,,,,,,,,,,,,,,,,,,,,,,,,,,,,↗️ 微增,0.36,0.26,↗️ 微增,0.36,0.26,↗️ 微增,0.36,0.26,↗️ 微增,0.35,0.84,雙引擎 | 長短線,,,,,57.1,0,0.1,📈 增,22.2,0.0,➖ 持平,2,4,798.0
4707,磐亞,化學工業,09/17,26.8,0.19,1579.0,42.9,20.8,1782.0,47.46,⏸️ 平量滯漲 (拋壓增大，高位見頂),-0.9237875288683584,0.9,,,,0.60,,,,,,,,💤 籌碼沉澱中,,,,,,,,,,,,,,,,,,,,,,1.63,15.0,,,,106.0,866.0,284.1,,,288.0,2295.0,⚠️ 大減,-1.23,-0.6600000000000001,↘️ 微減,-0.34,-0.27,📉 小減,-0.55,-0.5700000000000001,📉 小減,-0.55,-0.3100000000000001,,,,,,7.01,74.6,0.0,🔄 持平,-4.29,0.0,➖ 持平,2,4,847.0
4711,永純,化學工業,09/17,16.5,0.0,12.0,0.19,19.4,31.0,0.5,⚖️ 溫和震盪整理,-74.32432432432432,0.38,,,,2.00,,,,,,,,,,,,,,,,,,,,,,,,,,,,,,,,,,,,,,,,,,🔄 持平,0.0,0.0,🔄 持平,-0.0,0.0,🔄 持平,-0.0,0.0,🔄 持平,-0.0,0.0,,,,,,18.5,0,0.0,🔄 持平,0.0,0.0,➖ 持平,2,4,103.0
4714,永捷,化學工業,09/17,11.5,0.44,2271.0,26.3,,1830.0,20.78,⏸️ 平量滯漲 (拋壓增大，高位見頂),62.34567901234569,1.27,,,,4.20,,,,,,,,,,🌐 外資日連買(3)-🆕 試單觀察 | 🌐 外資週連買(2)-🌱 週線發動,,,,,,,,,,,,,15.0,283.0,3.0,17.0,3.4,,,0.09,10.1,,,,7.0,680.0,8.0,,,,,↗️ 微增,0.11,1.02,↗️ 微增,0.12,1.05,↗️ 微增,0.39,0.68,↗️ 微增,0.3,0.63,雙引擎 | 長短線,,,,,10.2,0,0.0,🔄 持平,-2.5,0.0,➖ 持平,3,2,806.0
4716,大立,化學工業,09/17,16.8,0.9,323.0,5.43,29.5,395.0,6.61,⏸️ 平量滯漲 (拋壓增大，高位見頂),68.11145510835912,0.82,,,,3.60,,,,,,,,,,🌐 外資日連買(2)-🆕 試單觀察,,,,,,,,,,,,,,,,,,,,,,,,,,,,,,,,📈 小增,0.52,-4.43,📉 小減,-0.51,-4.4399999999999995,↗️ 微增,0.33,-4.36,↗️ 微增,0.32,-4.449999999999999,雙引擎,,,,,10.6,30.1,0.2,📈 增,1.2,-0.7,↘️ 微減,2,3,864.0
4721,美琪瑪,化學工業,09/17,73.1,2.38,189.0,13.7,14.7,216.0,15.49,⚖️ 溫和震盪整理,-25.543478260869566,0.88,,,,7.40,,,,,,,,,,,,,,,,,,,,,,,,,,,,,,,,,,,,,,,,,,🔥 大增,1.42,1.43,↗️ 微增,0.12,1.4300000000000002,↗️ 微增,0.12,-0.5,↗️ 微增,0.12,-0.5099999999999999,雙引擎,,,,,8.97,0,0.0,🔄 持平,-0.46,0.0,➖ 持平,5,4,285.0
4726,永昕,生技醫療業,09/17,22.6,0.67,96.0,2.17,,147.0,3.36,⚖️ 溫和震盪整理,6.372549019607843,0.65,,,,20.50,,,,,,,,,,,,,0.0,-10.0,,,,,,,,,,,,,,,,,,,,,,,,,,,,↗️ 微增,0.01,0.03,↗️ 微增,0.02,0.04000000000000002,↗️ 微增,0.02,0.05000000000000002,↘️ 微減,-0.01,0.05,,,,,,21.1,33.9,0.0,🔄 持平,0.0,0.0,➖ 持平,4,4,151.0
4728,雙美,生技醫療業,09/17,392.0,0.0,15.0,5.98,26.3,7.0,2.64,⚠️ 放量滯漲 (拋壓增大，即將見頂反轉),38.106235565819865,2.27,,,,20.20,,,,,,,,,,,,,,,,,,,,,,,,,,,,,,,,,,,,,,,,,,🔄 持平,0.0,0.0,🔄 持平,-0.0,0.0,🔄 持平,-0.0,-0.01,↘️ 微減,-0.01,-0.02,,,,,,7.96,0,-0.01,↘️ 微減,-0.04,0.0,➖ 持平,3,2,10.0
4729,熒茂,光電業,09/17,18.55,0.27,70.0,1.31,41.2,41.0,0.76,⚠️ 放量滯漲 (拋壓增大，即將見頂反轉),367.8571428571428,1.72,,,,2.40,,,,,,⚠️ 趨緩 (5.7%),,,,🌐 外資日連買(2)-🆕 試單觀察 | 🌐 外資週連買(4)-🌱 週線發動,🔼 進駐,,,,,,,,,,,,,,,,,,,,,,,,,,,,,,,↗️ 微增,0.06,-1.7400000000000002,↗️ 微增,0.06,-1.7299999999999995,↗️ 微增,0.06,-0.9,↗️ 微增,0.07,-0.9500000000000001,雙引擎,,,,,21.0,0,0.1,📈 增,-12.0,0.0,➖ 持平,6,4,80.0
4735,豪展,生技醫療業,09/17,35.65,0.0,53.0,1.89,5.93,26.0,0.93,⚠️ 放量滯漲 (拋壓增大，即將見頂反轉),551.7241379310345,2.03,,,,0.40,,,,,,,,,,🌐 外資日連買(2)-🆕 試單觀察,,,,,,,,,,,,,,,,,,,,19.1,19.1,,,,,,,,,,,🔄 持平,0.0,0.0,🔄 持平,-0.0,0.0,🔄 持平,-0.0,0.0,🔄 持平,-0.0,0.0,,,,,,19.8,0,0.0,🔄 持平,0.0,0.0,➖ 持平,2,3,45.0
4741,泓瀚,化學工業,09/17,37.85,1.61,44.0,1.67,31.3,76.0,2.85,📈 價升量縮 (量價背離，下方承接看拉高),-31.557377049180324,0.59,,,,6.40,,,,,,,,,,🌐 外資日連買(2)-🆕 試單觀察 | 🌐 外資週連買(2)-🌱 週線發動,,,,,,,,0.89,-9.9,,,,,,,,,,,,,,,,,,,,,,,🔄 持平,0.0,0.0,🔄 持平,-0.0,0.0,↗️ 微增,0.01,-1.94,↗️ 微增,0.12,0.8499999999999999,,,,,,30.9,0,0.0,🔄 持平,0.0,0.0,➖ 持平,5,4,315.0
4743,合一,生技醫療業,09/17,44.6,0.9,747.0,33.3,343.0,898.0,39.58,⏸️ 平量滯漲 (拋壓增大，高位見頂),40.506329113924046,0.84,,,,10.80,,,,,,,,,,,,,,,,,,,,,,,,,,,,,,,,,,,8.0,764.0,35.7,,,35.6,3367.0,↗️ 微增,0.23,0.10999999999999993,↗️ 微增,0.04,0.29,↗️ 微增,0.32,-0.049999999999999954,↗️ 微增,0.2,0.010000000000000023,雙引擎 | 長短線,,,,,0.0,0,0.0,🔄 持平,0.0,0.0,➖ 持平,3,4,285.0
4744,皇將,生技醫療業,09/17,30.3,0.5,325.0,9.89,19.8,152.0,4.52,⚠️ 放量滯漲 (拋壓增大，即將見頂反轉),4.324894514767941,2.19,,,,3.00,,,,,,,,,,,,,,,,,,,,,,,,,,,,,,5.88,14.6,,,,,,,,,,,↗️ 微增,0.13,0.5800000000000001,↗️ 微增,0.13,0.6000000000000001,↗️ 微增,0.13,-0.65,↗️ 微增,0.13,0.21999999999999997,雙引擎 | 長短線,,,,,10.3,0,1.19,🔥 大增,2.46,0.0,➖ 持平,3,4,438.0
4745,合富-KY,生技醫療業,09/17,11.7,0.0,3.0,0.04,,16.0,0.19,⚖️ 溫和震盪整理,-76.47058823529412,0.21,,,,11.20,,,,,,,,,,,,,,,,,,-1.57,-25.7,-8.0,-173.0,-9.4,,,,,,,,,,,,,,,,,,,,↗️ 微增,0.06,-2.2500000000000004,↗️ 微增,0.06,-2.1200000000000006,↗️ 微增,0.06,-1.9800000000000004,↗️ 微增,0.07,-1.7599999999999998,雙引擎,,,,,24.2,34.1,1.2,🔥 大增,2.7,0.0,➖ 持平,6,4,91.0
4747,強生,生技醫療業,09/17,24.0,0.84,24.0,0.57,12.2,57.0,1.39,⚖️ 溫和震盪整理,-71.06598984771574,0.41,,,,0.70,,,,,,,,,,,,,,,,,,,,,,,,,,,,,,10.0,10.0,,,,,,,,,,,↗️ 微增,0.01,15.08,↗️ 微增,0.01,15.98,↗️ 微增,0.01,13.46,↗️ 微增,0.01,10.04,雙引擎 | 長短線,,,,,32.5,68.8,,無,,,無,3,3,100.0
4749,新應材,半導體業,09/17,740.0,3.35,387.0,285.0,57.4,478.0,345.8,⚖️ 溫和震盪整理,39.02439024390243,0.82,,,,13.10,,,,,,,🔄 持平 (0%),,💤 籌碼沉澱中,🌐 外資日連買(2)-🆕 試單觀察,,,,,,,,,,,,,,,,,,,,,,,,,,,,,,147.0,1874.0,↘️ 微減,-0.09,-0.9799999999999999,↘️ 微減,-0.09,-1.18,↘️ 微減,-0.13,-1.8699999999999999,↗️ 微增,0.04,0.8699999999999999,,,,,,12.1,0,0.0,🔄 持平,-1.0,0.0,➖ 持平,2,4,224.0
4754,國碳科,化學工業,09/17,37.4,-0.27,10.0,0.39,11.5,18.0,0.69,⚖️ 溫和震盪整理,39.28571428571428,0.57,,,,0.40,,,,,,,,,,,,,0.0,-33.3,,,,,,,,,,,,,,,,,,,,,,,,,,,,🔄 持平,0.0,0.0,🔄 持平,-0.0,0.0,🔄 持平,-0.0,0.0,🔄 持平,-0.0,0.0,,,,,,23.3,0,0.0,🔄 持平,0.0,0.0,➖ 持平,1,4,49.0
4760,勤凱,其他電子業,09/17,256.5,-1.35,230.0,59.8,25.9,264.0,68.5,⏸️ 平量滯漲 (拋壓增大，高位見頂),50.25125628140703,0.87,,,,5.00,,,,,,,,,,,,,,,,,,,,,,,,,,,,,,,,,,,,,,,,,,↘️ 微減,-0.21,-0.16999999999999998,↘️ 微減,-0.21,-0.16999999999999998,↘️ 微減,-0.21,-0.16999999999999998,↘️ 微減,-0.21,-1.4799999999999998,,,,,,26.2,10.7,0.1,📈 增,0.1,0.0,➖ 持平,3,4,206.0
4767,誠泰科技,化學工業,09/17,28.1,0.0,1.0,0.03,10.9,12.0,0.33,⚖️ 溫和震盪整理,-86.36363636363636,0.09,,,,0.00,,,,,,,,,,🌐 外資週連買(3)-🌱 週線發動,,,0.0,-6.67,,,,,,,,,,,,,,,,,,,,,,,,,,,,↘️ 微減,-0.01,-0.06,↘️ 微減,-0.01,-0.06,↘️ 微減,-0.01,-0.06,↘️ 微減,-0.01,-1.35,,,,,,14.4,0,0.0,🔄 持平,0.0,0.0,➖ 持平,1,4,48.0
4768,晶呈科技,化學工業,09/17,308.5,-1.44,376.0,118.0,,347.0,106.5,⏸️ 平量滯漲 (拋壓增大，高位見頂),-31.3953488372093,1.11,,,,11.90,,,,,,,,,,,,,,,,,,,,,,,-11.1,100.0,,,,,,1.49,7.63,,,,,,,,,1134.0,5274.0,🔄 持平,0.0,0.0,🔄 持平,-0.0,0.01,🔄 持平,-0.0,0.13000000000000012,↘️ 微減,-0.02,1.02,,,,,,15.4,0,-0.7,🚨 減/大減,-0.7,-3.27,✅ 大減,2,3,380.0
4772,台特化,化學工業,09/17,241.5,0.62,248.0,60.2,43.5,331.0,78.52,⏸️ 平量滯漲 (拋壓增大，高位見頂),44.36450839328536,0.77,,,,8.40,,,,,,,,,,🌐 外資日連買(2)-🆕 試單觀察,,,,,,,,,,,,,,,,,,,,,,,,,60.0,276.0,1449.0,,,1456.0,6547.0,↗️ 微增,0.01,0.13,↗️ 微增,0.01,-0.41000000000000003,↗️ 微增,0.01,-0.77,↘️ 微減,-0.09,0.26,,,,,,29.7,0,0.1,📈 增,0.4,0.0,➖ 持平,4,4,618.0
4806,桂田文創,文化創意業,09/17,9.15,1.55,7.0,0.07,,9.0,0.08,⚖️ 溫和震盪整理,600.0000000000001,0.88,,,,1.90,,,,,,,,,,,,,,,,,,,,,,,,,,,,,,,,,,,,,,,,,,🔄 持平,0.0,0.0,🔄 持平,-0.0,0.0,↗️ 微增,0.01,0.63,↗️ 微增,0.01,0.17,,,,,,12.9,0,0.0,🔄 持平,0.0,0.0,➖ 持平,1,4,57.0
4903,聯光通,通信網路業,09/17,34.2,0.29,473.0,16.3,26.9,1100.0,37.98,⚖️ 溫和震盪整理,-13.297872340425531,0.43,,,,3.20,,,,,,,,💤 籌碼沉澱中,,,,,,,,,,,,,,,-31.2,120.0,-5.0,6.0,-17.1,,,,,,,,,,,,,,,↗️ 微增,0.14,1.24,↗️ 微增,0.14,0.45,↗️ 微增,0.14,0.5600000000000002,↘️ 微減,-0.28,0.74,,,,,,7.75,0,0.0,🔄 持平,-32.05,0.0,➖ 持平,3,4,430.0
4905,台聯電,生技醫療業,09/17,79.2,1.28,21.0,1.67,6.41,41.0,3.24,⚖️ 溫和震盪整理,-58.86699507389162,0.52,,,,9.60,,,,,,,,,,,,,,,,,,,,,,,,,,,,,,0.0,13.3,,,,,,,,,,,🔄 持平,0.0,0.07,🔄 持平,-0.0,0.07,🔄 持平,-0.0,0.07,🔄 持平,-0.0,0.020000000000000004,,,,,,25.6,0,0.0,🔄 持平,0.0,0.0,➖ 持平,1,4,51.0
4907,富宇,建材營造業,09/17,43.9,0.46,12.0,0.51,6.11,49.0,2.13,⚖️ 溫和震盪整理,-43.333333333333336,0.24,,,,0.60,,,,,,,,,,,,,,,,,,,,,,,,,,,,,,,,,,,,,,,,,,🔄 持平,0.0,0.0,↘️ 微減,-0.02,-0.03,↘️ 微減,-0.02,-0.03,↘️ 微減,-0.01,0.12,,,,,,7.59,0,0.0,🔄 持平,0.0,0.0,➖ 持平,2,4,223.0
4908,前鼎,通信網路業,09/17,238.0,-1.04,10332.0,2527.0,95.2,7952.0,1888.2,⏸️ 平量滯漲 (拋壓增大，高位見頂),-1.2890625000000044,1.34,,,,8.20,,,,,,,,💤 籌碼沉澱中,,,,,,,334.0,-206.0,7949.2,,,,,,3.81,29.8,8.0,50.0,190.4,4.89,-2.8,19.0,27.8,,,,251.0,342.0,5973.8,,,6139.0,8298.0,📈 小增,0.57,-0.15000000000000002,🚀 劇增,1.77,1.1000000000000005,🚀 劇增,2.94,3.05,🚀 劇增,1.81,3.01,雙引擎,,,,,13.1,0,0.0,🔄 持平,0.0,0.0,➖ 持平,3,2,1068.0
4909,新復興,通信網路業,09/17,34.2,0.88,395.0,13.7,44.4,286.0,9.77,⏸️ 平量滯漲 (拋壓增大，高位見頂),87.92866941015087,1.4,,,,13.30,,,,,,,,,,,,,,,,,,,,,,,,,,,,,,,,,,,,,,,,,,↘️ 微減,-0.05,0.27999999999999997,↘️ 微減,-0.05,0.27999999999999997,↘️ 微減,-0.05,-0.5100000000000001,↘️ 微減,-0.48,-2.11,,,,,,6.0,0,0.0,🔄 持平,-4.2,0.0,➖ 持平,5,4,129.0
4911,德英,生技醫療業,09/17,28.65,-1.55,17.0,0.49,22.9,9.0,0.27,🛡️ 放量小跌 (見底信號，越跌越買反轉),113.04347826086953,1.81,,,,0.50,,,,,,⚠️ 趨緩 (11.6%),,,,🌐 外資日連買(2)-🆕 試單觀察 | 🌐 外資週連買(3)-🌱 週線發動,,,,,,,,,,,,,,,,,,,,,,,,,,,,,,,,🔄 持平,0.0,1.32,🔄 持平,-0.0,-0.19,🔄 持平,-0.0,0.75,🔄 持平,-0.0,0.59,,,,,,25.1,0,0.0,🔄 持平,0.0,0.0,➖ 持平,2,4,27.0
4923,力士,半導體業,09/17,55.3,2.6,390.0,21.5,,333.0,17.92,⚖️ 溫和震盪整理,3.3653846153846034,1.2,,,,5.80,,,,,,🔥 強延續 (47.4%),,🔥 持續加碼 (0.49%),,🌐 外資日連買(4)-🆕 試單觀察,,,,,,,,,,,,,,,,,,-0.28,4.8,,,-7.0,114.0,-38.7,,,,,,,,↘️ 微減,-0.03,0.04000000000000001,↘️ 微減,-0.03,0.030000000000000006,🚀 劇增,1.59,1.6800000000000002,🔥 大增,1.17,1.5399999999999998,,,,,,15.7,0,0.0,🔄 持平,-0.1,0.0,➖ 持平,4,4,223.0
4924,欣厚-KY,綠能環保,09/17,14.25,-1.72,362.0,5.13,17.8,486.0,6.82,🥀 平量價縮 (下跌中繼，弱反彈信號),-67.73584905660377,0.75,,,,38.50,,,,,,,,🚨 轉賣反轉 (-0.06%),,,,,,,,,,,,,,,,,,,,1.98,104.0,13.1,25.5,55.0,1444.0,78.4,,,,,,,,🔄 持平,0.0,0.0,🔄 持平,-0.0,-5.17,🔄 持平,-0.0,-5.17,↗️ 微增,0.02,0.69,,,,,,11.1,0,0.0,🔄 持平,0.1,0.0,➖ 持平,4,3,254.0
4931,新盛力,電腦及週邊設備業,09/17,233.0,-1.27,3066.0,728.0,39.0,2456.0,574.4,⏸️ 平量滯漲 (拋壓增大，高位見頂),43.307086614173215,1.27,,,,19.10,,,,,,,,,,,,,-1.0,-8.67,-91.0,-853.0,-2120.3,,,,,,,,-7.0,6.0,-163.1,,,5.72,12.7,,,,218.0,454.0,5079.4,,,5178.0,10540.0,🚨 劇減,-4.65,2.0599999999999996,🚨 劇減,-2.12,3.3,🚨 劇減,-2.9,3.4999999999999996,⚠️ 大減,-1.11,2.1899999999999995,,,,,,3.48,0,0.0,🔄 持平,0.0,0.0,➖ 持平,1,4,471.0
4933,友輝,光電業,09/17,51.3,0.2,48.0,2.43,7.1,47.0,2.38,⏸️ 平量滯漲 (拋壓增大，高位見頂),13.551401869158886,1.02,,,,7.70,,,,,,🔥 強延續 (23.1%),,,,🌐 外資日連買(2)-🆕 試單觀察 | 🌐 外資週連買(2)-🌱 週線發動,,,,,,,,,,,,,0.0,75.0,0.0,6.0,0.0,,,,,,,,,,,,,,,↗️ 微增,0.08,0.16,↗️ 微增,0.08,0.16,↗️ 微增,0.08,0.17,↘️ 微減,-0.42,-0.32,,,,,,48.6,0,0.0,🔄 持平,-0.4,0.0,➖ 持平,2,4,239.0
4939,亞電,電子零組件業,09/17,77.6,-5.37,7542.0,599.0,90.2,11136.0,915.4,☠️ 縮量大跌 (一致看空無承接，加速下跌),2.2184300341296925,0.65,,,,16.20,,,,,,,,💤 籌碼沉澱中,,,,,,,,,,,,,,,,,,,,,,,,-40.0,98.0,-310.4,,,,,,,,🚨 劇減,-4.38,0.7000000000000007,🚨 劇減,-3.52,0.7299999999999998,🚨 劇減,-2.76,3.56,🚨 劇減,-3.42,1.100000000000001,,,,,,8.49,0,0.0,🔄 持平,0.0,0.0,➖ 持平,2,4,5810.0
4946,辣椒,文化創意業,09/17,89.8,-0.33,7.0,0.65,38.4,12.0,1.06,⚖️ 溫和震盪整理,-73.02904564315354,0.61,,,,4.20,,,,,,🔄 持平 (0%),,💤 籌碼沉澱中,,🌐 外資日連買(2)-🆕 試單觀察 | 🌐 外資週連買(2)-🌱 週線發動,,,,,,,,,,,,,,,,,,0.0,32.4,,,,,,,,,,,,,🔄 持平,0.0,0.0,🔄 持平,-0.0,0.0,🔄 持平,-0.0,0.0,🔄 持平,-0.0,0.0,,,,,,46.3,0,0.0,🔄 持平,-6.2,0.0,➖ 持平,2,4,34.0
4950,金耘國際,鋼鐵工業,09/17,15.55,-0.64,30.0,0.47,19.9,29.0,0.45,⏸️ 平量滯漲 (拋壓增大，高位見頂),23.684210526315773,1.04,,,,0.10,,,,,,,,,,,,,,,,,,,,,,,,,,,,,,,,,,,,,,,,,,🔄 持平,0.0,0.0,🔄 持平,-0.0,0.02,🔄 持平,-0.0,0.11,🔄 持平,-0.0,0.13999999999999999,,,,,,54.5,0,0.0,🔄 持平,0.0,0.0,➖ 持平,2,4,49.0
4951,精拓科,半導體業,09/17,82.5,1.48,392.0,32.7,12.9,300.0,24.76,⏸️ 平量滯漲 (拋壓增大，高位見頂),233.33333333333334,1.32,,,,6.60,,,,,,,,💤 籌碼沉澱中,,🌐 外資日連買(2)-🆕 試單觀察,,,,,,,,,,,,,,,,,,,,0.0,6.53,,,,,,,,,,,🔄 持平,0.0,0.0,↘️ 微減,-0.05,2.37,↘️ 微減,-0.05,0.06999999999999999,↘️ 微減,-0.05,0.04000000000000001,,,,,,10.1,0,0.0,🔄 持平,-1.4,0.0,➖ 持平,3,4,352.0
4953,緯致,資訊服務業,09/17,119.0,-1.65,294.0,35.4,11.8,400.0,48.4,🥀 平量價縮 (下跌中繼，弱反彈信號),-3.2786885245901676,0.73,,,,13.40,,,,,,,🔄 持平 (0.0%),,🔄 今日量縮持平,🏦 投信週連買(4)-🌱 週線發動,,⚠️ 初危,,,,,,,,,,,,,,,,0.95,8.18,4.04,15.0,10.0,80.0,119.0,,,,,,,,🔄 持平,0.0,0.0,⚠️ 大減,-1.32,-1.32,⚠️ 大減,-1.31,-1.45,📉 小減,-0.68,-0.18000000000000005,,,,,,28.2,0,0.2,📈 增,0.2,0.0,➖ 持平,2,4,102.0
4966,譜瑞-KY,半導體業,09/17,556.0,2.77,902.0,500.0,17.4,415.0,225.2,⚖️ 溫和震盪整理,199.4011976047904,2.22,,,,39.80,,,,,,,🔄 持平 (0.0%),💤 籌碼沉澱中,🔄 今日量縮持平,,,,,,,,,,,,,,-11.1,33.3,,,,,,,,,,,,,,,,1387.0,6687.0,⚠️ 大減,-1.47,-2.71,🚨 劇減,-1.5,-2.69,📉 小減,-0.59,-1.64,📉 小減,-0.59,-4.45,,,,,,4.57,11.2,0.0,🔄 持平,0.38,0.0,➖ 持平,4,4,382.0
4971,IET-KY,半導體業,09/17,555.0,-3.31,3066.0,1780.0,124.0,1973.0,1110.8,🛡️ 放量小跌 (見底信號，越跌越買反轉),39.607843137254896,1.6,,,,13.80,,,,,,,,🚨 轉賣反轉 (-0.91%),,,,,,,,,,,,,,,,,-14.0,24.0,-777.0,0.3,1.45,,,14.0,66.0,777.0,,,,,,4065.0,2931.0,↗️ 微增,0.09,-2.24,↗️ 微增,0.08,-2.3,↗️ 微增,0.11,-0.8599999999999998,📉 小減,-0.73,-2.8200000000000003,,,,,,3.81,27.5,0.0,🔄 持平,-0.69,0.0,➖ 持平,1,3,238.0
4972,湯石照明,光電業,09/17,16.2,0.0,4.0,0.07,,15.0,0.24,⚖️ 溫和震盪整理,-73.07692307692307,0.29,,,,2.20,,,,,,,,,,,,,,,,,,,,,,,,,,,,,,,,,,,,,,,,,,↗️ 微增,0.07,0.30000000000000004,↗️ 微增,0.07,0.30000000000000004,↗️ 微增,0.07,0.30000000000000004,↗️ 微增,0.07,0.31,雙引擎 | 長短線,,,,,12.1,0,0.0,🔄 持平,0.2,0.0,➖ 持平,5,3,120.0
4973,廣穎,半導體業,09/17,138.0,-0.72,468.0,64.7,7.65,660.0,91.14,⏸️ 平量滯漲 (拋壓增大，高位見頂),21.38836772983115,0.71,,,,6.80,,,,,,🔄 持平 (0%),,🚨 轉賣反轉 (-0.13%),,🌐 外資週連買(2)-🌱 週線發動,,,,,,,,,,19.0,-101.0,262.2,,,,,,,,,,,,,,,,263.0,-1383.0,,,📉 小減,-0.81,-1.1700000000000002,📈 小增,0.65,0.27,📈 小增,0.65,0.2699999999999999,↗️ 微增,0.43,-2.17,,,,,,9.18,0,0.0,🔄 持平,1.0,0.0,➖ 持平,1,4,470.0
4974,亞泰,電子零組件業,09/17,70.6,-0.28,65.0,4.6,14.5,69.0,4.88,⏸️ 平量滯漲 (拋壓增大，高位見頂),74.24242424242422,0.94,,,,6.70,,,,,,🔄 持平 (0%),,💤 籌碼沉澱中,,,,,,,,,,-6.82,-14.6,,,,,,,,,,,,,,,,,,,-297.0,-693.0,,,🔄 持平,0.0,0.0,🔄 持平,-0.0,0.0,🔄 持平,-0.0,0.0,📈 小增,0.53,0.44000000000000017,,,,,,26.2,0,0.0,🔄 持平,0.0,0.0,➖ 持平,2,3,218.0
4979,華星光,通信網路業,09/17,556.0,1.65,982.0,541.0,90.8,1373.0,732.2,⚖️ 溫和震盪整理,-5.25394045534151,0.74,,,,18.20,,,,,,,🔄 持平 (0%),🚨 轉賣反轉 (-0.01%),💤 籌碼沉澱中,,,,-1.15,-10.3,-130.0,-1284.0,-7228.0,,,0.0,-218.0,0.0,,,,,,,,,,,,,,,,0.0,-11567.0,,,↘️ 微減,-0.05,1.4900000000000004,📉 小減,-0.68,2.8600000000000003,🚨 劇減,-1.92,4.710000000000001,📈 小增,0.73,5.93,,,,,,0.02,0,0.0,🔄 持平,0.01,0.0,➖ 持平,4,4,3592.0
4991,環宇-KY,半導體業,09/17,431.0,0.7,3734.0,1646.0,132.0,3738.0,1645.8,⏸️ 平量滯漲 (拋壓增大，高位見頂),-8.657047724750278,1.0,,,,22.10,,,,,,,🔥 強延續 (0.31%),,🔥 持續加碼 (0.01%),,,,,,,,,,,,,,,,,,,0.38,6.11,-0.77,17.3,32.0,485.0,1379.2,-41.0,777.0,-1767.1,,,-1807.0,34137.0,🚨 劇減,-1.87,-3.3899999999999997,↗️ 微增,0.19,-2.04,↘️ 微減,-0.4,-3.260000000000001,📉 小減,-0.88,-5.38,,,,,,0.02,0,0.0,🔄 持平,0.0,0.0,➖ 持平,4,3,465.0
4995,晶達,光電業,09/17,50.5,-1.75,22.0,1.1,14.3,28.0,1.44,🥀 平量價縮 (下跌中繼，弱反彈信號),1275.0,0.76,,,,0.80,,,,,,,,,,,,,,,,,,,,,,,,,,,,,,,,,,,,,,,,,,↗️ 微增,0.15,0.7799999999999999,↗️ 微增,0.15,-1.2100000000000002,↗️ 微增,0.15,-1.2100000000000002,↗️ 微增,0.15,0.96,雙引擎 | 長短線,,,,,24.0,5.02,0.0,🔄 持平,0.0,5.02,🚨 暴增,1,4,135.0
5009,榮剛,鋼鐵工業,09/17,32.55,0.77,827.0,27.0,14.5,1212.0,38.98,⚖️ 溫和震盪整理,32.35294117647061,0.69,,,,14.60,,,,,,,,,,🌐 外資日連買(3)-🆕 試單觀察,,,,,-28.0,-135.0,-91.1,,,,,,20.0,20.0,,,,,,,,,,,132.0,529.0,429.7,,,431.0,1708.0,↘️ 微減,-0.28,-0.6499999999999999,↘️ 微減,-0.44,-0.3499999999999999,↘️ 微減,-0.33,0.5,↘️ 微減,-0.15,0.83,,,,,,10.4,0,0.0,🔄 持平,7.06,0.0,➖ 持平,3,4,1812.0
5011,久陽,鋼鐵工業,09/17,18.05,0.0,80.0,1.45,,102.0,1.84,⏸️ 平量滯漲 (拋壓增大，高位見頂),-11.042944785276065,0.79,,,,3.10,,,,,,,,,,,,,,,,,,,,,,,,,,,,,,,,,,,,,,,,,,🚀 劇增,1.6,-0.11999999999999988,📈 小增,0.63,-1.1,🔥 大增,1.36,-1.5299999999999998,↗️ 微增,0.24,-1.06,雙引擎,,,,,0.19,0,0.0,🔄 持平,-10.61,0.0,➖ 持平,2,4,185.0
5013,強新,鋼鐵工業,09/17,29.8,0.0,26.0,0.77,13.7,34.0,1.02,⏸️ 平量滯漲 (拋壓增大，高位見頂),-7.228915662650593,0.75,,,,12.30,,,,,,,,,,🌐 外資日連買(2)-🆕 試單觀察,,,0.0,-36.7,,,,4.55,-28.1,,,,,,,,,,,,,,,,,,,,,,,🔄 持平,0.0,0.9400000000000001,🔄 持平,-0.0,0.28,🔄 持平,-0.0,-0.2,🔄 持平,-0.0,0.16000000000000003,,,,,,19.0,20.1,1.2,🔥 大增,1.2,9.1,🚨 暴增,3,4,48.0
5014,建錩,鋼鐵工業,09/17,9.81,0.41,112.0,1.09,,183.0,1.81,⚖️ 溫和震盪整理,113.72549019607843,0.6,,,,1.60,,,,,,,,,,,,,,,,,,,,,,,,,,,,,,,,,,,,,,,,,,🔄 持平,0.0,-0.57,↗️ 微增,0.03,-0.53,↗️ 微增,0.04,-0.52,↗️ 微增,0.05,0.030000000000000054,,,,,,13.7,30.6,0.0,🔄 持平,-1.2,-6.8,🌟 遽減,2,4,696.0
5015,華祺,鋼鐵工業,09/17,21.6,-0.92,2.0,0.05,14.2,10.0,0.22,⚖️ 溫和震盪整理,-90.56603773584906,0.23,,,,7.10,,,,,,,,,,,,,,,,,,,,,,,,,,,,,,,,,,,,,,,,,,🔄 持平,0.0,0.01,🔄 持平,-0.0,0.01,🔄 持平,-0.0,0.01,↗️ 微增,0.04,0.060000000000000005,,,,,,15.4,0,0.0,🔄 持平,0.0,0.0,➖ 持平,1,3,48.0
5016,松和,鋼鐵工業,09/17,24.7,0.61,2.0,0.05,12.6,7.0,0.16,⚖️ 溫和震盪整理,-58.33333333333333,0.31,,,,0.90,,,,,,,,,,,,,,,,,,,,,,,,,,,,,,,,,,,,,,,,,,🔄 持平,0.0,0.0,🔄 持平,-0.0,0.0,🔄 持平,-0.0,0.0,🔄 持平,-0.0,0.0,,,,,,24.4,0,0.0,🔄 持平,0.5,0.0,➖ 持平,1,4,41.0
5201,凱衛,資訊服務業,09/17,28.95,0.17,20.0,0.58,,118.0,3.51,⚖️ 溫和震盪整理,-87.02460850111858,0.17,,,,7.60,,,,,,,,💤 籌碼沉澱中,,,,,,,,,,-9.14,-22.2,,,,,,,,,,,,,,,,,,,,,,,📉 小減,-0.94,0.5900000000000001,📉 小減,-0.94,-1.9300000000000002,📉 小減,-0.69,-0.06,📈 小增,0.7,-0.13,,,,,,15.1,15.1,0.0,🔄 持平,-2.8,0.0,➖ 持平,18,4,350.0
5202,力新,資訊服務業,09/17,14.0,0.36,1040.0,14.3,,1540.0,21.2,⚖️ 溫和震盪整理,-75.88532883642496,0.67,,,,1.70,,,,,,,,,,,,,,,,,,,,,,,,,14.0,107.0,19.6,,,2.87,14.3,37.0,109.0,51.8,,,,,,,,↘️ 微減,-0.01,-0.060000000000000005,↘️ 微減,-0.01,-0.07,↘️ 微減,-0.01,-0.07,↗️ 微增,0.47,0.8599999999999999,,,,,,17.0,0,16.88,🔥 大增,-16.8,0.0,➖ 持平,2,2,99.0
5205,中茂,綠能環保,09/17,18.65,0.0,0.0,0.0,,2.0,0.04,⚪ 無明顯動能,-100.0,0.0,,,,0.00,,,,,,,,,,,,,,,,,,,,,,,,,,,,,,,,,,,,,,,,,,🔄 持平,0.0,0.0,🔄 持平,-0.0,0.0,🔄 持平,-0.0,0.0,🔄 持平,-0.0,0.0,,,,,,33.3,0,5.2,🔥 大增,5.2,0.0,➖ 持平,0,2,9.0
5206,坤悅,建材營造業,09/17,21.65,1.64,178.0,3.83,7.87,392.0,8.47,📈 價升量縮 (量價背離，下方承接看拉高),-44.16909620991254,0.45,,,,6.10,,,,,,🔥 強延續 (24.1%),,💤 籌碼沉澱中,,🌐 外資日連買(3)-🆕 試單觀察,🔼 進駐,,,,,,,-46.4,-28.6,,,,,,,,,2.25,8.38,,,25.0,88.0,54.1,,,,,,,,🔄 持平,0.0,1.0899999999999999,🔄 持平,-0.0,0.57,🔄 持平,-0.0,0.11,🔄 持平,-0.0,0.5,,,,,,7.11,0,-0.36,🚨 減/大減,0.0,0.0,➖ 持平,5,4,246.0
5209,新鼎,其他業,09/17,176.0,1.73,185.0,32.2,9.64,278.0,48.44,📈 價升量縮 (量價背離，下方承接看拉高),49.767441860465134,0.66,,,,3.20,,,,,,🔥 強延續 (35.2%),🔥 強延續 (0.55%),🔥 持續加碼 (0.23%),🔄 今日量縮持平,🌐 外資日連買(3)-🆕 試單觀察 | 🏦 投信日連買(3)-🆕 試單觀察 | 🌐 外資週連買(2)-🌱 週線發動 | 🏦 投信週連買(3)-🌱 週線發動,,,,,,,,-3.11,-9.02,,,,,,6.0,7.0,105.6,,,,,-9.0,104.0,-158.4,,,,-192.0,-592.0,,,↘️ 微減,-0.39,-1.6600000000000001,↘️ 微減,-0.39,-1.6700000000000002,↘️ 微減,-0.39,-1.6700000000000002,↘️ 微減,-0.41,-1.7300000000000002,,,,,,43.6,0,0.0,🔄 持平,-2.3,0.0,➖ 持平,3,3,120.0
5210,寶碩,資訊服務業,09/17,29.05,1.04,111.0,3.25,26.7,162.0,4.68,⚖️ 溫和震盪整理,296.3414634146342,0.69,,,,2.40,,,,,,🔄 持平 (0%),,💤 籌碼沉澱中,,,,,,,,,,,,,,,,,,,,,,4.48,21.7,49.0,200.0,142.3,,,,,,,,↘️ 微減,-0.07,0.24,↘️ 微減,-0.07,0.24,📈 小增,0.86,1.9100000000000001,↗️ 微增,0.39,0.9400000000000002,,,,,,22.0,0.55,0.0,🔄 持平,0.0,0.0,➖ 持平,9,4,511.0
5211,蒙恬,資訊服務業,09/17,20.45,-0.73,22.0,0.45,,85.0,1.75,⚖️ 溫和震盪整理,-57.54716981132076,0.26,,,,8.30,,,,,,⚠️ 趨緩 (9.15%),,💤 籌碼沉澱中,,🌐 外資日連買(6)-⚡ 買盤點火,,,-3.18,-9.25,,,,-2.99,-17.7,,,,,,,,,,,,,,,,,,,,,,,🔄 持平,0.0,0.0,🔄 持平,-0.0,0.0,🔄 持平,-0.0,0.0,🔄 持平,-0.0,0.0,,,,,,19.9,0,0.0,🔄 持平,0.0,0.0,➖ 持平,6,2,24.0
5212,凌網,資訊服務業,09/17,47.1,1.07,35.0,1.63,7.43,20.0,0.95,⚠️ 放量滯漲 (拋壓增大，即將見頂反轉),757.8947368421051,1.72,,,,21.90,,,,,,,,,,🌐 外資週連買(5)-🚀 趨勢加溫,,,,,,,,,,,,,,,,,,,,,,,,,,,,,,,,🔄 持平,0.0,0.0,🔄 持平,-0.0,0.0,🔄 持平,-0.0,0.0,⚠️ 大減,-1.16,-1.21,,,,,,34.6,25.0,0.0,🔄 持平,0.0,0.0,➖ 持平,1,4,33.0
5213,亞昕,建材營造業,09/17,20.45,0.74,128.0,2.61,46.5,191.0,3.92,⚖️ 溫和震盪整理,-38.29787234042554,0.67,,,,1.60,,,,,,🔄 持平 (0%),,,,,,,,,,,,,,-19.0,-169.0,-38.9,,,,,,,,,,,,,,,,,,,,↗️ 微增,0.01,-0.16999999999999998,↗️ 微增,0.01,-0.17,↗️ 微增,0.01,-0.08,↗️ 微增,0.03,1.734723475976807e-18,雙引擎,,,,,10.4,37.4,0.0,🔄 持平,-26.5,3.5,⚠️ 大增,2,4,527.0
5220,萬達光電,光電業,09/17,19.7,-0.51,14.0,0.27,123.0,22.0,0.42,⚖️ 溫和震盪整理,68.75,0.64,,,,0.60,,,,,,,,,,,,,,,,,,,,,,,,,,,,,,,,,,,,,,,,,,↗️ 微增,0.03,0.04,↗️ 微增,0.03,0.04,↗️ 微增,0.03,0.06,↗️ 微增,0.03,0.09000000000000008,雙引擎 | 長短線,,,,,12.2,0,0.0,🔄 持平,0.0,0.0,➖ 持平,1,4,37.0
5223,安力-KY,電腦及週邊設備業,09/17,22.9,-0.87,6.0,0.14,,7.0,0.16,⏸️ 平量滯漲 (拋壓增大，高位見頂),-26.315789473684205,0.88,,,,42.20,,,,,,🔄 持平 (0%),,,,🌐 外資週連買(3)-🌱 週線發動,,,,,,,,,,,,,,,,,,,,,,,,,,,,,,,,↗️ 微增,0.01,-0.12000000000000001,↗️ 微增,0.01,-0.1200000000000001,🔄 持平,-0.0,-0.06999999999999999,🔄 持平,-0.0,-0.06999999999999999,,,,,,37.1,0,0.0,🔄 持平,0.0,0.0,➖ 持平,2,3,50.0
5227,立凱-KY,電子零組件業,09/17,32.7,4.14,614.0,19.1,,383.0,11.83,🚀 放量大漲 (量價齊升，持續看漲),-24.2063492063492,1.61,,,,16.00,,,,,,,,,,🌐 外資日連買(2)-🆕 試單觀察,,,,,,,,,-100.0,,,,,,,,,,,,,,,,,,,,,,,↗️ 微增,0.05,-1.0,↗️ 微增,0.05,-3.8499999999999996,📉 小減,-0.7,-3.03,📉 小減,-0.62,-1.02,,,,,,0.83,0,0.0,🔄 持平,0.23,0.0,➖ 持平,2,4,157.0
5228,鈺鎧,電子零組件業,09/17,39.05,-0.76,188.0,7.42,19.1,161.0,6.36,⏸️ 平量滯漲 (拋壓增大，高位見頂),43.79844961240309,1.17,,,,4.60,,,,,,,,🔥 持續加碼 (0.16%),,🌐 外資日連買(4)-🆕 試單觀察,,,,,,,,,,,,,,,,,,,,,,,,,,,,,,,,🔄 持平,0.0,0.0,🔄 持平,-0.0,0.0,🚀 劇增,1.76,1.76,↗️ 微增,0.3,-0.75,,,,,,31.2,0,0.0,🔄 持平,-0.9,0.0,➖ 持平,3,4,146.0
5230,雷笛克光學,光電業,09/17,18.7,0.27,142.0,2.66,,210.0,3.9,⚖️ 溫和震盪整理,-58.044164037854884,0.68,,,,3.80,,,,,,,,,,🌐 外資日連買(2)-🆕 試單觀察,,,,,,,,,,,,,,,,,,,,,,,,,,,,,,,,🚀 劇增,1.87,1.87,↗️ 微增,0.16,0.44,↗️ 微增,0.16,0.44,📉 小減,-0.62,-0.07999999999999996,,,,,,8.7,21.1,0.0,🔄 持平,-0.01,0.0,➖ 持平,4,4,75.0
5245,智晶,光電業,09/17,20.7,-1.43,133.0,2.78,,82.0,1.76,⚠️ 放量滯漲 (拋壓增大，即將見頂反轉),73.74999999999999,1.58,,,,3.90,,,,,,🔄 持平 (0%),,,,🌐 外資日連買(14)-🔥 波段認養 | 🌐 外資週連買(5)-🚀 趨勢加溫,,⚠️ 初危,,,,,,-2.65,-18.2,,,,,,,,,,,,,,,,,,,,,,,🚀 劇增,1.61,1.55,🔥 大增,1.4,1.3399999999999999,🔥 大增,1.33,1.27,🔥 大增,1.24,1.18,雙引擎 | 長短線,,,,,13.2,15.1,0.0,🔄 持平,8.85,0.0,➖ 持平,6,4,55.0
5251,天鉞電,光電業,09/17,29.7,-1.49,562.0,16.8,26.8,700.0,21.22,⏸️ 平量滯漲 (拋壓增大，高位見頂),-75.366568914956,0.79,,,,25.40,,,,,,🔄 持平 (0%),,,,,,,,,,,,,,,,,-16.7,400.0,-2.0,8.0,-5.9,,,,,,,,,,,,,,,🔄 持平,0.0,0.0,↗️ 微增,0.01,0.05,↗️ 微增,0.01,0.05,↗️ 微增,0.01,0.05,,,,,,29.9,0,0.0,🔄 持平,0.0,0.0,➖ 持平,2,4,62.0
5263,智崴,文化創意業,09/17,89.7,-1.21,168.0,15.1,40.8,362.0,33.28,⚖️ 溫和震盪整理,59.11485774499472,0.45,,,,12.90,,,,,,,,,,,,⚠️ 初危,,,-91.0,-126.0,-816.3,,,,,,,,,,,,,-0.35,8.61,,,,,,,,,,,↘️ 微減,-0.29,-1.53,📈 小增,0.77,-1.7,↘️ 微減,-0.32,-1.0199999999999998,↘️ 微減,-0.3,-1.37,,,,,,11.8,41.6,-0.5,🚨 減/大減,-0.8,-1.2,✅ 大減,4,3,228.0
5272,笙科,半導體業,09/17,16.75,0.9,47.0,0.77,,50.0,0.82,⏸️ 平量滯漲 (拋壓增大，高位見頂),-30.000000000000004,0.94,,,,3.20,,,,,,,,,,🌐 外資日連買(2)-🆕 試單觀察,,,,,,,,-0.52,-12.6,,,,,,,,,,,,,,,,,,,,,,,🔄 持平,0.0,0.0,🔄 持平,-0.0,0.0,🔄 持平,-0.0,0.0,↗️ 微增,0.02,1.65,,,,,,7.8,0,0.0,🔄 持平,0.0,0.0,➖ 持平,3,4,92.0
5274,信驊,半導體業,09/17,18275.0,0.14,182.0,3369.0,134.0,187.0,3378.0,⏸️ 平量滯漲 (拋壓增大，高位見頂),2.9645476772616197,1.0,,,,53.10,,,,,,,🔥 強延續 (13.2%),💤 籌碼沉澱中,🔥 持續加碼 (0.06%),🏦 投信日連買(2)-🆕 試單觀察,,,,,,,,,,,,,,,,,,,,,,,,,,,,14792.0,-1223.0,,,↘️ 微減,-0.28,2.25,↘️ 微減,-0.28,-0.34999999999999987,↘️ 微減,-0.16,3.0199999999999996,🔄 持平,-0.0,1.2499999999999998,,,,,,20.4,5.07,-2.0,🚨 減/大減,0.0,-2.35,✅ 大減,3,4,281.0
5276,達輝-KY,其他業,09/17,17.9,0.0,0.0,0.0,17.0,0.0,0.01,⚪ 無明顯動能,-100.0,0.0,,,,77.00,,,,,,,,,,,,,,,,,,,,,,,,,,,,,,,,,,,,,,,,,,🔄 持平,0.0,0.0,🔄 持平,-0.0,0.0,🔄 持平,-0.0,0.0,🔄 持平,-0.0,0.1,,,,,,41.3,0,0.0,🔄 持平,0.0,0.0,➖ 持平,0,1,22.0
5278,尚凡*,數位雲端,09/17,23.85,2.58,146.0,3.44,20.7,87.0,2.05,⚖️ 溫和震盪整理,-25.05446623093682,1.68,,,,1.40,,,,,,🔄 持平 (0%),,,,,,,,,,,,-0.25,-22.2,-2.0,-227.0,-4.8,,,,,,,,,,,,,,,,-4.7,-530.0,,,↘️ 微減,-0.01,0.07,↘️ 微減,-0.01,0.08,↘️ 微減,-0.21,-0.11999999999999994,↘️ 微減,-0.05,0.13999999999999999,,,,,,42.7,60.9,0.0,🔄 持平,0.8,-0.1,↘️ 微減,18,4,152.0
5287,數字,數位雲端,09/17,136.0,0.74,63.0,8.52,8.86,40.0,5.39,⚠️ 放量滯漲 (拋壓增大，即將見頂反轉),238.0952380952381,1.58,,,,15.00,,,,,,,🔥 強延續 (4.22%),,🔄 今日量縮持平,🏦 投信日連買(3)-🆕 試單觀察 | 🏦 投信週連買(2)-🌱 週線發動,,,,,,,,,,,,,,,,,,,,,,,,,,,,,,,,↘️ 微減,-0.13,-1.1600000000000001,↘️ 微減,-0.08,-1.1099999999999999,↘️ 微減,-0.08,-1.1099999999999999,↘️ 微減,-0.09,-1.13,,,,,,15.6,29.6,0.0,🔄 持平,0.2,0.0,➖ 持平,4,4,92.0
5289,宜鼎,電腦及週邊設備業,09/17,1260.0,-2.7,1005.0,1291.0,6.91,1041.0,1335.2,🥀 平量價縮 (下跌中繼，弱反彈信號),15.267857142857144,0.97,,,,17.00,,,,,,,🔄 持平 (0%),,💤 籌碼沉澱中,,,,,,,,,,,,,,,,,,,,,,,,,,,,,,,-643.0,20045.0,↘️ 微減,-0.21,-0.69,↘️ 微減,-0.23,-1.73,↘️ 微減,-0.29,-2.5300000000000002,📈 小增,0.64,-4.51,,,,,,12.8,0,-0.1,🚨 減/大減,-0.5,0.0,➖ 持平,1,4,625.0
5291,邑昇,電子零組件業,09/17,58.2,0.0,557.0,32.9,47.7,431.0,25.22,⏸️ 平量滯漲 (拋壓增大，高位見頂),163.19999999999996,1.3,,,,7.80,,,,,,,,💤 籌碼沉澱中,,,,,,,,,,,,,,,,,,,,,,,,,,,,,,,,,,🔄 持平,0.0,-0.02,↘️ 微減,-0.14,-0.27,↘️ 微減,-0.08,-3.13,⚠️ 大減,-1.12,-3.1800000000000006,,,,,,13.9,0,-0.1,🚨 減/大減,-0.7,0.0,➖ 持平,10,4,1075.0
5299,杰力,半導體業,09/17,95.0,1.06,166.0,15.8,11.8,121.0,11.34,⏸️ 平量滯漲 (拋壓增大，高位見頂),25.396825396825395,1.39,,,,2.80,,,,,,🔥 強延續 (66.2%),,🔥 持續加碼 (0.22%),,🌐 外資日連買(2)-🆕 試單觀察,🔼 進駐,,-1.9,-9.08,,,,,,,,,,,,,,,,,,,,,,,,,,,,↘️ 微減,-0.03,-0.14,↘️ 微減,-0.03,-0.15000000000000002,↘️ 微減,-0.03,1.1199999999999999,↘️ 微減,-0.03,-0.83,,,,,,36.8,0,0.0,🔄 持平,0.0,0.0,➖ 持平,4,4,132.0
5301,寶得利,觀光餐旅,09/17,5.14,-0.39,80.0,0.39,,33.0,0.17,⚠️ 放量滯漲 (拋壓增大，即將見頂反轉),129.41176470588235,2.29,,,,1.00,,,,,,,,,,🌐 外資週連買(2)-🌱 週線發動,,,,,,,,,,,,,,,,,,,,,,,,,,,,,,,,↗️ 微增,0.02,0.06,↗️ 微增,0.02,0.11000000000000001,↗️ 微增,0.02,0.11000000000000001,↗️ 微增,0.01,-0.57,雙引擎,,,,,3.47,18.4,0.0,🔄 持平,0.0,0.0,➖ 持平,9,4,105.0
5302,太欣,半導體業,09/17,9.77,1.03,154.0,1.5,,353.0,3.47,⚖️ 溫和震盪整理,-21.875,0.43,,,,0.40,,,,,,,,,,,,,,,,,,,,,,,,,,,,,,,,,,,,,,,,,,📈 小增,0.68,-0.09999999999999998,↗️ 微增,0.16,-0.11999999999999998,↗️ 微增,0.16,-0.57,↘️ 微減,-0.35,-0.8300000000000001,,,,,,36.0,0,0.0,🔄 持平,0.0,0.0,➖ 持平,2,4,411.0
5309,系統電,電子零組件業,09/17,50.6,0.2,555.0,28.2,281.0,687.0,34.2,⏸️ 平量滯漲 (拋壓增大，高位見頂),-23.369565217391298,0.82,,,,11.00,,,,,,🔥 強延續 (32.3%),⚠️ 趨緩 (0.72%),🔥 持續加碼 (0.08%),🔄 今日量縮持平,🌐 外資日連買(2)-🆕 試單觀察 | 🏦 投信週連買(3)-🌱 週線發動,,,,,,,,,,-38.0,-250.0,-192.3,,,,,,,,,,,,,,,,-193.0,-1261.0,,,⚠️ 大減,-1.12,-2.0,↘️ 微減,-0.32,-0.37000000000000005,↗️ 微增,0.25,-0.13000000000000006,↘️ 微減,-0.17,-1.47,,,,,,15.9,0,0.0,🔄 持平,8.0,0.0,➖ 持平,5,3,376.0
5310,天剛,資訊服務業,09/17,24.95,0.81,22.0,0.55,12.4,12.0,0.29,⚠️ 放量滯漲 (拋壓增大，即將見頂反轉),83.33333333333334,1.9,,,,0.00,,,,,,,,,,,,,,,,,,,,,,,,,,,,60.0,60.0,,,,,,,,,,,,,🔄 持平,0.0,-1.72,🔄 持平,-0.0,-1.72,🔄 持平,-0.0,-1.7,↗️ 微增,0.06,-1.7599999999999998,,,,,,2.56,39.2,0.0,🔄 持平,-3.45,0.0,➖ 持平,4,4,68.0
5312,寶島科,生技醫療業,09/17,90.3,0.0,22.0,1.97,12.3,15.0,1.32,⏸️ 平量滯漲 (拋壓增大，高位見頂),116.48351648351647,1.49,,,,7.80,,,,,,🔄 持平 (0%),,,,🌐 外資週連買(3)-🌱 週線發動,,,,,,,,,,,,,,,,,,,,,,,,,,,,,,,,🔄 持平,0.0,-0.08,🔄 持平,-0.0,0.05000000000000002,🔄 持平,-0.0,0.05000000000000002,🔄 持平,-0.0,0.05000000000000002,,,,,,26.7,16.5,0.0,🔄 持平,0.0,0.0,➖ 持平,8,4,32.0
5314,世紀*,其他業,09/17,27.75,-9.9,28464.0,790.0,5.93,16819.0,572.0,🩸 放量大跌 (跟風砸盤，高位出貨持續跌),69.89247311827957,1.38,,,,5.90,,,,,,🔄 持平 (0%),🔄 持平 (0%),🚨 轉賣反轉 (-0.18%),💤 籌碼沉澱中,,,,,,,,,-1.66,-21.2,-139.0,-2209.0,-385.7,,,,,,29.9,23.3,,,3245.0,2668.0,9004.9,,,,-386.0,-7358.0,,,🚀 劇增,6.94,6.390000000000001,🚀 劇增,7.39,7.129999999999999,🚀 劇增,7.27,6.309999999999999,🚀 劇增,7.43,6.970000000000001,雙引擎 | 長短線,,,,,71.5,0,54.3,🔥 大增,54.3,0.0,➖ 持平,2,3,15640.0
5315,光聯,光電業,09/17,18.85,1.89,460.0,8.67,11.3,202.0,3.72,⚖️ 溫和震盪整理,191.91919191919192,2.33,,,,8.20,,,,,,,,,,,,,,,,,,,,,,,,,,,,,,,,,,,,,,,,,,↗️ 微增,0.02,-1.16,📉 小減,-0.92,-0.36,↘️ 微減,-0.13,-0.19,📉 小減,-0.53,-0.32999999999999996,,,,,,9.15,0,0.0,🔄 持平,0.0,0.0,➖ 持平,2,3,282.0
5321,美而快,數位雲端,09/17,70.1,3.24,521.0,36.3,,917.0,66.66,📈 價升量縮 (量價背離，下方承接看拉高),-43.54587869362364,0.54,,,,3.00,,,,,,,,,,,,,,,,,,,,,,,,,,,,,,-2.27,14.3,39.0,597.0,273.4,,,,,,,,↗️ 微增,0.02,-1.69,↘️ 微減,-0.14,1.1199999999999997,↘️ 微減,-0.27,-0.12000000000000023,⚠️ 大減,-1.09,-1.85,,,,,,14.1,0,-1.0,🚨 減/大減,-1.1,-36.1,🌟 遽減,4,4,875.0
5324,士開,建材營造業,09/17,12.25,-0.41,172.0,2.11,,158.0,1.94,⏸️ 平量滯漲 (拋壓增大，高位見頂),37.01298701298701,1.09,,,,9.60,,,,,,,,,,,,,,,,,,,,,,,,,,,,,,,,,,,,,,,,,,↗️ 微增,0.31,1.03,↗️ 微增,0.31,1.03,↗️ 微增,0.33,1.0499999999999998,📈 小增,0.51,1.01,雙引擎 | 長短線,,,,,27.7,0,1.4,🔥 大增,4.4,0.0,➖ 持平,18,4,3649.0
5328,華容,電子零組件業,09/17,52.3,-0.76,2136.0,113.0,73.7,3703.0,204.4,⚖️ 溫和震盪整理,-25.657894736842103,0.55,,,,6.00,,,,,,,,🚨 轉賣反轉 (-0.07%),,,,,,,,,,,,,,,2.14,267.0,4.0,139.0,20.9,,,2.46,13.7,,,,78.0,391.0,407.9,,,411.0,2059.0,↘️ 微減,-0.05,0.83,📉 小減,-0.59,0.83,📉 小減,-0.52,-0.3500000000000001,↘️ 微減,-0.2,0.30999999999999994,,,,,,33.0,0,0.0,🔄 持平,0.0,0.0,➖ 持平,3,3,563.0
5340,建榮,電子零組件業,09/17,81.5,-2.98,2366.0,197.0,45.0,4119.0,349.2,📉 縮量小跌 (主力洗盤止跌，擇機進場),-29.136690647482013,0.56,,,,51.70,,,,,,,,💤 籌碼沉澱中,,,,,,,,,,,,,,,,,,,,,,-0.11,14.9,,,,-5.0,593.0,-40.8,,,-41.5,5001.0,↗️ 微增,0.04,-1.1099999999999999,🔥 大增,1.37,-0.7499999999999998,📈 小增,0.6,-1.2,↘️ 微減,-0.05,-2.0,,,,,,47.6,0,0.0,🔄 持平,0.0,0.0,➖ 持平,2,3,708.0
5344,立衛,半導體業,09/17,13.2,-0.38,25.0,0.33,,25.0,0.33,⏸️ 平量滯漲 (拋壓增大，高位見頂),-13.157894736842103,1.0,,,,0.20,,,,,,,,,,,,,,,,,,,,,,,,,,,,,,,,,,,,,,,,,,🔄 持平,0.0,0.0,🔄 持平,-0.0,0.0,🔄 持平,-0.0,0.0,🔄 持平,-0.0,0.0,,,,,,69.4,0,0.0,🔄 持平,0.0,0.0,➖ 持平,2,2,53.0
5345,馥鴻,其他業,09/17,22.6,4.39,3.0,0.07,,15.0,0.34,🔒 縮量大漲 (鎖倉高控盤，延續上漲),-61.11111111111111,0.21,,,,0.10,,,,,,🔄 持平 (0%),,,,,,,,,,,,,,,,,,,,,,,,,,,,,,,,,,,,🔄 持平,0.0,0.0,🔄 持平,-0.0,0.0,🔄 持平,-0.0,0.0,🔄 持平,-0.0,0.0,,,,,,49.1,0,0.0,🔄 持平,0.0,0.0,➖ 持平,1,4,30.0
5347,世界,半導體業,09/17,165.5,4.75,31259.0,5202.0,35.1,12618.0,2034.8,🚀 放量大漲 (量價齊升，持續看漲),365.71172784243504,2.56,,,,31.80,,,,,,🔥 強延續 (32.3%),🔄 持平 (0%),🔥 持續加碼 (0.54%),💤 籌碼沉澱中,🌐 外資日連買(2)-🆕 試單觀察 | 🌐 外資週連買(2)-🌱 週線發動,🔼 進駐,,,,,,,,,,,,,,59.0,31.0,976.4,14.1,5.13,,,1620.0,642.0,26811.0,338.0,365.0,5593.9,,,5625.0,6225.0,📈 小增,0.71,-0.64,📈 小增,0.86,-0.19999999999999996,📈 小增,0.92,-0.04999999999999993,📈 小增,0.84,-0.18999999999999995,雙引擎,,,,,16.4,0,0.1,📈 增,0.0,0.0,➖ 持平,3,4,24466.0
5348,正能量智能,運動休閒,09/17,15.95,0.63,4.0,0.07,,6.0,0.09,⚖️ 溫和震盪整理,-53.33333333333332,0.78,,,,0.00,,,,,,,,,,,,,,,,,,,,,,,,,,,,,,,,,,,,,,,,,,🔄 持平,0.0,0.0,🔄 持平,-0.0,0.0,🔄 持平,-0.0,0.0,🔄 持平,-0.0,0.0,,,,,,33.5,0,0.0,🔄 持平,0.0,0.0,➖ 持平,2,3,15.0
5351,鈺創,半導體業,09/17,106.0,0.47,7523.0,805.0,16.4,7448.0,795.4,⏸️ 平量滯漲 (拋壓增大，高位見頂),29.21348314606742,1.01,,,,34.80,,,,,,,🔄 持平 (0.0%),,🔄 今日量縮持平,,,,,,-78.0,-283.0,-826.8,,,,,,,,,,,,,,,,,,160.0,375.0,1696.0,,,1713.0,3922.0,🚨 劇減,-2.16,9.79,🚨 劇減,-1.63,8.61,🚨 劇減,-1.66,7.739999999999999,🚨 劇減,-1.8,8.379999999999999,,,,,,4.31,0,0.0,🔄 持平,-0.04,0.0,➖ 持平,4,4,2015.0
5353,台林,通信網路業,09/17,27.75,0.18,20.0,0.56,15.2,27.0,0.76,⏸️ 平量滯漲 (拋壓增大，高位見頂),-36.36363636363635,0.74,,,,1.10,,,,,,🔄 持平 (0%),,,,,,,,,,,,,,,,,,,,,,,,,,,,,,,,,,,,🔄 持平,0.0,0.0,↘️ 微減,-0.03,0.010000000000000004,↘️ 微減,-0.03,0.010000000000000004,↘️ 微減,-0.02,0.64,,,,,,24.3,0,0.1,📈 增,0.1,0.0,➖ 持平,1,4,124.0
5355,佳總,電子零組件業,09/17,6.93,1.17,229.0,1.57,,186.0,1.22,⏸️ 平量滯漲 (拋壓增大，高位見頂),-53.27380952380951,1.29,,,,0.20,,,,,,,,,,,,,,,,,,,,,,,,,,,,,,,,,,,,,,,,,,↗️ 微增,0.07,1.06,↗️ 微增,0.07,0.07000000000000005,↗️ 微增,0.07,-0.31,↗️ 微增,0.05,0.27999999999999997,雙引擎 | 長短線,,,,,8.9,0,0.0,🔄 持平,0.0,0.0,➖ 持平,3,4,569.0
5356,協益,電腦及週邊設備業,09/17,25.8,0.0,114.0,2.78,11.6,48.0,1.21,⚠️ 放量滯漲 (拋壓增大，即將見頂反轉),120.6349206349206,2.3,,,,3.00,,,,,,,,,,,,,,,,,,,,,,,,,,,,,,,,,,,,,,,,,,↘️ 微減,-0.02,-0.04,↘️ 微減,-0.02,-0.04,📈 小增,0.56,0.53,↘️ 微減,-0.02,-0.54,,,,,,6.07,38.7,0.0,🔄 持平,-2.17,0.0,➖ 持平,2,4,308.0
5364,力麗店,觀光餐旅,09/17,8.32,-0.72,7.0,0.06,,19.0,0.16,⚖️ 溫和震盪整理,-80.64516129032258,0.38,,,,0.30,,,,,,,,,,,,,,,,,,,,,,,,,,,,,,,,,,,,,,,,,,🔄 持平,0.0,0.0,🔄 持平,-0.0,0.0,🔄 持平,-0.0,-0.05,🔄 持平,-0.0,-0.03,,,,,,58.1,37.7,0.0,🔄 持平,-0.1,0.0,➖ 持平,2,4,347.0
5381,光譜,電機機械,09/17,23.35,0.86,241.0,5.65,29.6,353.0,8.19,⚖️ 溫和震盪整理,36.14457831325302,0.69,,,,1.80,,,,,,,,,,,,,,,,,,,,,,,,,,,,,,,,45.0,72.0,105.1,,,,,,,,📈 小增,0.54,0.6200000000000001,↗️ 微增,0.07,0.56,↘️ 微減,-0.25,0.25,↘️ 微減,-0.01,0.53,,,,,,42.3,19.1,0.0,🔄 持平,0.1,0.8,↗️ 微增,2,4,238.0
5386,青雲,電腦及週邊設備業,09/17,283.5,-2.58,1548.0,445.0,6.02,3437.0,1063.2,📉 縮量小跌 (主力洗盤止跌，擇機進場),19.6236559139785,0.42,,,,1.20,,,,,,,,💤 籌碼沉澱中,,,,,,,,,,,,,,,,,,,,,,,,,,,,,,,,,,🔄 持平,0.0,4.09,↘️ 微減,-0.01,3.24,🔥 大增,1.1,2.48,📈 小增,0.95,3.5900000000000007,,,,,,20.6,0,-11.6,🚨 減/大減,-1.1,0.0,➖ 持平,3,3,1467.0
5392,能率,光電業,09/17,40.0,0.88,494.0,19.8,58.8,522.0,20.8,⏸️ 平量滯漲 (拋壓增大，高位見頂),8.791208791208804,0.95,,,,8.40,,,,,,,,,,,,,,,,,,,,,,,,,,,,,,1.12,7.74,,,,52.0,336.0,208.0,,,,,↗️ 微增,0.01,2.64,↘️ 微減,-0.05,2.13,↘️ 微減,-0.45,2.06,↘️ 微減,-0.46,1.3899999999999997,,,,,,13.4,0,0.0,🔄 持平,0.0,0.0,➖ 持平,2,3,454.0
5398,慕康生醫,其他業,09/17,14.15,-0.35,17.0,0.24,142.0,37.0,0.53,⚖️ 溫和震盪整理,140.0,0.45,,,,5.60,,,,,,,,,,,,,,,,,,,,,,,,,,,,,,,,,,,,,,,,,,🔄 持平,0.0,-1.71,🚀 劇增,3.41,-0.059999999999999824,🚀 劇增,1.93,0.0799999999999999,↘️ 微減,-0.24,0.08000000000000002,,,,,,15.5,16.9,0.0,🔄 持平,0.0,3.9,⚠️ 大增,3,4,643.0
5403,中菲,資訊服務業,09/17,93.3,-0.11,27.0,2.49,11.4,35.0,3.24,⏸️ 平量滯漲 (拋壓增大，高位見頂),-16.722408026755854,0.77,,,,7.40,,,,,,🚨 劇烈倒貨 (-29.9%),,,,🌐 外資週連買(5)-🚀 趨勢加溫,,,,,,,,-6.09,-20.6,,,,,,,,,,,,,,,,,,,-233.0,-931.0,,,↗️ 微增,0.02,0.16,↗️ 微增,0.02,0.16,↗️ 微增,0.02,0.16,↗️ 微增,0.02,-0.44000000000000006,雙引擎,,,,,9.14,0,0.07,↗️ 微增,0.67,0.0,➖ 持平,4,4,154.0
5410,國眾,資訊服務業,09/17,33.2,0.3,118.0,3.91,9.76,484.0,15.85,⚖️ 溫和震盪整理,-2.736318407960181,0.25,,,,11.20,,,,,,,,,,🌐 外資日連買(2)-🆕 試單觀察,,,,,,,,,,,,,,,,,,,,0.34,9.66,,,,,,,,,,,↗️ 微增,0.11,-0.08,↗️ 微增,0.13,0.8799999999999999,↗️ 微增,0.14,0.20999999999999996,↗️ 微增,0.06,-0.7300000000000001,雙引擎,,,,,8.89,0,0.0,🔄 持平,-0.09,0.0,➖ 持平,4,4,180.0
5425,台半,半導體業,09/17,92.6,-2.32,14622.0,1364.0,31.3,14757.0,1357.4,🥀 平量價縮 (下跌中繼，弱反彈信號),-42.713145737085256,1.0,,,,18.50,,,,,,,,🚨 轉賣反轉 (-0.67%),,,,,,,-10.0,-171.0,-92.6,,,,,,,,,,,,,,,,,,51.0,669.0,472.3,,,476.0,5930.0,↘️ 微減,-0.25,-4.970000000000001,📉 小減,-0.89,-4.66,📉 小減,-0.63,-4.24,↘️ 微減,-0.33,-5.03,,,,,,11.6,0,0.0,🔄 持平,0.0,0.0,➖ 持平,5,2,4519.0
5426,振發,電腦及週邊設備業,09/17,29.05,1.4,886.0,25.7,45.4,512.0,14.52,⚠️ 放量滯漲 (拋壓增大，即將見頂反轉),22.966507177033503,1.77,,,,4.30,,,,,,🔄 持平 (0%),,💤 籌碼沉澱中,,🌐 外資日連買(2)-🆕 試單觀察 | 🌐 外資週連買(5)-🚀 趨勢加溫,,,,,,,,,,3.0,-133.0,8.7,,,,,,2.35,4.71,,,71.0,139.0,206.3,,,,,,,,🔄 持平,0.0,-0.73,↗️ 微增,0.03,-0.04999999999999995,↗️ 微增,0.02,-0.51,↗️ 微增,0.06,-0.13,,,,,,10.3,0,0.0,🔄 持平,0.0,0.0,➖ 持平,9,4,393.0
5432,新門,綠能環保,09/17,145.5,0.34,42.0,6.14,15.7,45.0,6.53,⏸️ 平量滯漲 (拋壓增大，高位見頂),7.342657342657333,0.94,,,,1.50,,,,,,,,💤 籌碼沉澱中,,🌐 外資日連買(2)-🆕 試單觀察,,,,,,,,,,,,,,,,,,,,,,,,,,,,,,,,🔄 持平,0.0,0.0,🔄 持平,-0.0,0.0,🔄 持平,-0.0,0.0,🔄 持平,-0.0,0.0,,,,,,15.2,0,0.0,🔄 持平,0.0,0.0,➖ 持平,6,3,141.0
5438,東友,電腦及週邊設備業,09/17,16.45,0.0,38.0,0.62,,33.0,0.55,⏸️ 平量滯漲 (拋壓增大，高位見頂),24.0,1.13,,,,1.50,,,,,,⚠️ 趨緩 (13.3%),,,,🌐 外資日連買(2)-🆕 試單觀察 | 🌐 外資週連買(5)-🚀 趨勢加溫,,,,,,,,,,,,,,,,,,,,,,,,,,,,,,,,🔄 持平,0.0,0.0,🔄 持平,-0.0,0.0,🔄 持平,-0.0,0.0,🔄 持平,-0.0,0.0,,,,,,30.1,0.67,0.0,🔄 持平,0.0,0.0,➖ 持平,13,4,58.0
5439,高技,電子零組件業,09/17,238.5,-2.05,1257.0,305.0,13.2,1109.0,272.2,🥀 平量價縮 (下跌中繼，弱反彈信號),84.84848484848484,1.12,,,,22.20,,,,,,,,💤 籌碼沉澱中,,,,,,,35.0,-452.0,834.8,,,,,,,,-1.0,6.0,-23.8,,,,,,,,81.0,255.0,1931.8,,,1967.0,6229.0,↗️ 微增,0.3,-8.719999999999999,🔥 大增,1.27,-5.949999999999999,🚨 劇減,-1.89,-5.879999999999999,📉 小減,-0.75,-2.7099999999999995,,,,,,10.8,4.99,0.0,🔄 持平,3.21,4.99,⚠️ 大增,2,4,597.0
5443,均豪,半導體業,09/17,108.0,2.86,2721.0,301.0,46.4,1357.0,144.94,⚖️ 溫和震盪整理,275.7802746566792,2.08,,,,15.20,,,,,,,,💤 籌碼沉澱中,,🌐 外資日連買(2)-🆕 試單觀察 | 🌐 外資週連買(2)-🌱 週線發動,,,,,,,,,,,,,13.3,18.1,13.0,17.0,140.4,,,,,,,,,,,,,,,📉 小減,-0.72,-0.03999999999999988,↘️ 微減,-0.11,0.51,↘️ 微減,-0.09,0.14,📉 小減,-0.64,1.3599999999999999,,,,,,27.4,1.1,0.0,🔄 持平,0.0,0.0,➖ 持平,3,4,611.0
5450,南良,其他業,09/17,14.65,0.69,49.0,0.72,21.2,60.0,0.87,⏸️ 平量滯漲 (拋壓增大，高位見頂),1.4084507042253502,0.83,,,,0.40,,,,,,,,,,,,,,,,,,,,,,,,,,,,,,,,,,,,,,,,,,🔄 持平,0.0,0.0,🔄 持平,-0.0,0.0,↘️ 微減,-0.01,-0.02,↘️ 微減,-0.03,-0.030000000000000027,,,,,,73.2,0,0.0,🔄 持平,0.0,0.0,➖ 持平,2,4,106.0
5452,佶優,其他電子業,09/17,26.7,1.33,220.0,5.85,48.5,263.0,6.92,⏸️ 平量滯漲 (拋壓增大，高位見頂),11.854684512428282,0.85,,,,14.20,,,,,,🔄 持平 (0%),,💤 籌碼沉澱中,,🌐 外資日連買(2)-🆕 試單觀察 | 🌐 外資週連買(9)-🚀 趨勢加溫,,,,,,,,,,,,,,,,,,,,,,,,,,,,,,,,↗️ 微增,0.02,0.89,↗️ 微增,0.02,0.31000000000000005,📈 小增,0.5,0.79,↗️ 微增,0.11,1.09,雙引擎 | 長短線,,,,,22.7,0,0.0,🔄 持平,0.0,0.0,➖ 持平,10,4,1007.0
5455,昇益,建材營造業,09/17,29.95,0.0,8.0,0.24,,3.0,0.1,⚠️ 放量滯漲 (拋壓增大，即將見頂反轉),166.66666666666666,2.4,,,,0.10,,,,,,,,,,,,,,,,,,,,,,,,,,,,,,,,,,,,,,,,,,🔄 持平,0.0,0.0,🔄 持平,-0.0,0.0,🔄 持平,-0.0,0.0,🔄 持平,-0.0,0.0,,,,,,0.94,0,0.0,🔄 持平,0.0,0.0,➖ 持平,2,4,45.0
5457,宣德,電子零組件業,09/17,24.75,1.23,260.0,6.41,31.3,447.0,11.26,⚖️ 溫和震盪整理,-35.9,0.57,,,,24.90,,,,,,,,,,,,,0.25,-6.99,13.0,-385.0,32.2,,,,,,,,0.0,41.0,0.0,,,,,,,,-22.0,197.0,-54.4,,,,,↘️ 微減,-0.05,-1.21,↘️ 微減,-0.05,-1.2000000000000002,↘️ 微減,-0.05,-0.87,↗️ 微增,0.18,-0.09999999999999992,,,,,,26.7,16.2,-4.1,🚨 減/大減,-4.1,2.1,⚠️ 大增,3,4,359.0
5460,同協,電子零組件業,09/17,17.6,4.76,182.0,3.17,104.0,78.0,1.34,🚀 放量大漲 (量價齊升，持續看漲),272.94117647058823,2.37,,,,3.20,,,,,,,,,,🌐 外資日連買(6)-⚡ 買盤點火,,,,,,,,3.26,-34.5,,,,,,,,,,,,,,,,,,,,,,,🔄 持平,0.0,1.9999999999999998,🔄 持平,-0.0,1.9999999999999998,↗️ 微增,0.05,1.88,↗️ 微增,0.03,1.6099999999999999,,,,,,23.4,0,0.0,🔄 持平,-0.2,0.0,➖ 持平,7,4,312.0
5464,霖宏,電子零組件業,09/17,90.1,-3.84,2285.0,218.0,192.0,1262.0,115.28,🛡️ 放量小跌 (見底信號，越跌越買反轉),100.0,1.89,,,,2.40,,,,,,,,,,🌐 外資日連買(2)-🆕 試單觀察,,,,,,,,,,,,,,,,,,,,3.25,23.0,16.0,73.0,144.2,,,,,,286.0,1590.0,↘️ 微減,-0.41,-3.46,🚨 劇減,-1.9,-1.3399999999999999,↘️ 微減,-0.15,-1.7200000000000002,📈 小增,0.58,-0.6300000000000001,,,,,,21.7,0,0.0,🔄 持平,0.8,0.0,➖ 持平,2,4,711.0
5465,富驊,電腦及週邊設備業,09/17,24.3,0.62,63.0,1.52,15.2,78.0,1.89,⏸️ 平量滯漲 (拋壓增大，高位見頂),-50.326797385620914,0.8,,,,1.20,,,,,,🔄 持平 (0%),,,,🌐 外資日連買(4)-🆕 試單觀察 | 🌐 外資週連買(4)-🌱 週線發動,,,,,,,,,,,,,,,,,,,,,,,,,,,,,,,,🔄 持平,0.0,0.0,🔄 持平,-0.0,0.0,↗️ 微增,0.02,0.02,↗️ 微增,0.02,0.03,,,,,,51.5,0,0.0,🔄 持平,0.0,0.0,➖ 持平,10,4,150.0
5468,凱鈺,半導體業,09/17,24.6,-0.4,115.0,2.85,,349.0,9.37,⚖️ 溫和震盪整理,-4.682274247491646,0.3,,,,0.80,,,,,,,,,,,,,,,,,,,,,,,,,,,,,,,,,,,,,,,,,,↘️ 微減,-0.06,0.22000000000000003,↘️ 微減,-0.06,0.22000000000000003,↘️ 微減,-0.06,0.19,📉 小減,-0.79,-0.6200000000000001,,,,,,29.1,0,0.0,🔄 持平,0.0,0.0,➖ 持平,4,4,168.0
5474,聰泰,電腦及週邊設備業,09/17,154.5,1.64,293.0,45.3,26.5,152.0,23.16,⚖️ 溫和震盪整理,230.65693430656933,1.96,,,,4.00,,,,,,🔥 強延續 (34.3%),,🔥 持續加碼 (0.25%),,🌐 外資日連買(2)-🆕 試單觀察,🔼 進駐,,,,,,,,,,,,,,,,,3.18,5.42,,,,,,,,,,,,,🔄 持平,0.0,0.0,🔄 持平,-0.0,0.0,🔄 持平,-0.0,0.0,🔄 持平,-0.0,0.0,,,,,,27.5,0,0.0,🔄 持平,0.0,0.0,➖ 持平,2,3,87.0
5475,德宏,電子零組件業,09/17,171.5,-5.77,7690.0,1359.0,133.0,5958.0,1067.6,🕳️ 平量大跌 (一致看空無承接，加速下跌),38.109756097560975,1.27,,,,4.20,,,,,,,,💤 籌碼沉澱中,,,,,,,,,,,,,,,,,,,,,,,,,,,,,,,,,,📉 小減,-0.92,-17.88,↘️ 微減,-0.22,-18.65,📉 小減,-0.71,-19.18,⚠️ 大減,-1.11,-18.48,,,,,,10.2,0,0.0,🔄 持平,0.0,0.0,➖ 持平,1,4,1241.0
5478,智冠,文化創意業,09/17,97.6,0.83,59.0,5.76,11.5,42.0,4.03,⏸️ 平量滯漲 (拋壓增大，高位見頂),101.39860139860141,1.43,,,,17.90,,,,,,,,,,,,,,,,,,-3.28,-8.05,,,,,,,,,,,,,,,,,,,,,,,↗️ 微增,0.06,-0.11,↗️ 微增,0.06,-0.11,↗️ 微增,0.06,-0.11,↗️ 微增,0.06,-0.33,雙引擎,,,,,34.5,0,0.0,🔄 持平,2.3,0.0,➖ 持平,3,4,135.0
5481,新華,其他業,09/17,21.85,0.23,591.0,12.9,,319.0,6.83,⚠️ 放量滯漲 (拋壓增大，即將見頂反轉),-0.7692307692307665,1.89,,,,26.80,,,,,,⚠️ 趨緩 (9.99%),,🔥 持續加碼 (0.08%),,🌐 外資日連買(7)-⚡ 買盤點火,,,,,,,,,,,,,,,,,,,,,,,,,,,,,,,,↘️ 微減,-0.07,-1.13,↘️ 微減,-0.01,-1.03,📈 小增,0.94,-1.7399999999999998,↘️ 微減,-0.32,-1.06,,,,,,0.51,0,0.34,📈 增,0.47,0.0,➖ 持平,7,4,1149.0
5483,中美晶,半導體業,09/17,182.0,-0.82,18747.0,3499.0,19.4,10945.0,1982.8,⚠️ 放量滯漲 (拋壓增大，即將見頂反轉),112.96409007912357,1.76,,,,26.00,,,,,,🔥 強延續 (22.4%),⚠️ 趨緩 (0.02%),🔥 持續加碼 (0.65%),🔄 今日量縮持平,🌐 外資日連買(4)-🆕 試單觀察,,,-3.14,-8.15,-511.0,-1400.0,-9300.2,,,,,,53.2,75.9,132.0,164.0,2402.4,,,,,,,,45.0,1154.0,819.0,,,840.0,20336.0,↗️ 微增,0.36,-4.92,↘️ 微減,-0.06,-5.6899999999999995,↗️ 微增,0.24,-6.03,↗️ 微增,0.09,-6.25,雙引擎,,,,,4.68,42.1,0.0,🔄 持平,-0.11,0.0,➖ 持平,4,4,4440.0
5487,通泰,半導體業,09/17,29.5,-1.34,13.0,0.39,,19.0,0.58,⚖️ 溫和震盪整理,-44.285714285714285,0.67,,,,1.80,,,,,,🔄 持平 (0%),,💤 籌碼沉澱中,,,,,,,,,,0.0,-9.88,,,,,,,,,,,,,,,,,,,,,,,↘️ 微減,-0.01,0.009999999999999995,🚨 劇減,-3.36,1.942890293094024e-16,↘️ 微減,-0.2,-0.13,↘️ 微減,-0.2,-0.13,,,,,,30.4,0,0.0,🔄 持平,0.0,0.0,➖ 持平,3,2,132.0
5488,松普,電子零組件業,09/17,12.0,3.9,503.0,6.01,,318.0,3.74,⚖️ 溫和震盪整理,446.3636363636363,1.61,,,,2.20,,,,,,,,,,,,,,,,,,,,,,,,,,,,,,,,,,,,,,,,,,↗️ 微增,0.04,-0.5700000000000001,📈 小增,0.92,-0.5800000000000001,📈 小增,0.76,0.7999999999999999,↗️ 微增,0.09,0.34,雙引擎,,,,,13.3,0,0.0,🔄 持平,0.0,0.0,➖ 持平,5,4,372.0
5489,彩富,其他電子業,09/17,40.9,1.24,25.0,1.03,18.9,44.0,1.77,⚖️ 溫和震盪整理,-67.40506329113924,0.58,,,,0.90,,,,,,,,,,,,,,,,,,,,,,,,,,,,,,,,,,,,,,,,,,🔄 持平,0.0,0.0,🔄 持平,-0.0,0.0,🔄 持平,-0.0,0.0,↗️ 微增,0.01,-0.020000000000000004,,,,,,43.5,0,0.0,🔄 持平,-0.1,0.0,➖ 持平,3,4,33.0
5490,同亨,電腦及週邊設備業,09/17,25.5,1.39,161.0,4.08,12.0,259.0,6.59,⚖️ 溫和震盪整理,16.905444126074485,0.62,,,,6.40,,,,,,,,,,,,,,,,,,,,,,,,,,,,,,,,,,,,,,,,,,🚨 劇減,-2.16,-4.140000000000001,📈 小增,0.61,-1.38,📉 小減,-0.79,-2.8899999999999997,📉 小減,-0.71,-2.5100000000000002,,,,,,8.01,0,0.0,🔄 持平,0.0,0.0,➖ 持平,11,4,375.0
5493,三聯,其他電子業,09/17,85.3,1.55,38.0,3.23,15.2,40.0,3.36,⚖️ 溫和震盪整理,139.25925925925924,0.96,,,,3.10,,,,,,🔄 持平 (0%),,💤 籌碼沉澱中,,🌐 外資日連買(2)-🆕 試單觀察 | 🌐 外資週連買(2)-🌱 週線發動,,,,,,,,-3.23,-8.88,,,,,,,,,,,,,,,,,,,,,,,↗️ 微增,0.01,0.07,↗️ 微增,0.01,0.07,↗️ 微增,0.01,0.009999999999999997,↗️ 微增,0.05,1.01,雙引擎 | 長短線,,,,,17.3,4.74,0.0,🔄 持平,0.0,0.0,➖ 持平,4,4,78.0
5498,凱崴,電子零組件業,09/17,50.4,-0.4,1402.0,72.2,140.0,976.0,49.62,⏸️ 平量滯漲 (拋壓增大，高位見頂),73.5576923076923,1.46,,,,6.50,,,,,,,,,,🌐 外資日連買(2)-🆕 試單觀察,,,,,11.0,-171.0,55.4,,,,,,,90.9,21.0,10.0,105.8,,,0.31,7.92,,,,13.0,305.0,65.5,,,67.0,1543.0,↗️ 微增,0.02,0.68,↗️ 微增,0.02,0.67,↘️ 微減,-0.33,0.27999999999999997,↘️ 微減,-0.07,-0.3000000000000001,,,,,,13.0,0,0.0,🔄 持平,-0.1,0.0,➖ 持平,3,4,1031.0
5508,永信建,建材營造業,09/17,54.8,5.59,572.0,30.9,17.9,264.0,13.98,🚀 放量大漲 (量價齊升，持續看漲),194.28571428571425,2.21,,,,5.50,,,,,,🔄 持平 (0%),,💤 籌碼沉澱中,,,,,,,,,,,,,,,,,,,,,,,,,,,,,,,,,,↘️ 微減,-0.46,-0.05,↘️ 微減,-0.05,0.35,↘️ 微減,-0.05,0.1,↘️ 微減,-0.02,0.6000000000000001,,,,,,40.9,0,0.0,🔄 持平,0.1,0.0,➖ 持平,8,4,498.0
5511,德昌,建材營造業,09/17,69.7,0.72,73.0,5.04,5.86,76.0,5.28,⏸️ 平量滯漲 (拋壓增大，高位見頂),26.952141057934508,0.95,,,,5.90,,,,,,,,,,,,,,,,,,,,,,,,,,,,,,,,,,,,,,,,,,↗️ 微增,0.08,2.23,📈 小增,0.69,1.7399999999999998,↗️ 微增,0.25,1.1999999999999997,↘️ 微減,-0.12,2.2500000000000004,,,,,,16.9,0,0.0,🔄 持平,0.0,0.0,➖ 持平,4,4,307.0
5512,力麒,建材營造業,09/17,7.71,0.39,289.0,2.23,55.1,471.0,3.64,⚖️ 溫和震盪整理,12.060301507537696,0.61,,,,5.90,,,,,,🔄 持平 (0%),,,,🌐 外資日連買(2)-🆕 試單觀察,,,,,,,,-1.67,-14.0,-85.0,-816.0,-65.5,,,,,,,,,,,,,,,,-65.6,-629.0,,,↘️ 微減,-0.19,-0.38,↗️ 微增,0.28,1.3877787807814457e-17,↗️ 微增,0.1,-0.06999999999999999,↗️ 微增,0.12,0.010000000000000002,,,,,,3.34,11.1,0.0,🔄 持平,-0.01,0.0,➖ 持平,3,4,1612.0
5514,三豐,建材營造業,09/17,15.0,-0.66,2.0,0.03,60.0,5.0,0.08,⚖️ 溫和震盪整理,-40.0,0.38,,,,0.00,,,,,,,,,,,,,,,,,,,,,,,,,,,,,,,,,,,,,,,,,,↗️ 微增,0.01,0.06,↗️ 微增,0.01,0.06,↗️ 微增,0.01,0.06,↘️ 微減,-0.17,-0.11000000000000003,,,,,,15.0,0,0.0,🔄 持平,0.0,0.0,➖ 持平,1,4,115.0
5516,雙喜,建材營造業,09/17,11.65,-2.1,14.0,0.17,11.3,10.0,0.12,🥀 平量價縮 (下跌中繼，弱反彈信號),30.76923076923077,1.42,,,,0.10,,,,,,🔄 持平 (0%),,,,,,,,,,,,,,,,,,,,,,,,,,,,,,,,,,,,🔄 持平,0.0,0.0,🔄 持平,-0.0,0.0,🔄 持平,-0.0,1.38,🔄 持平,-0.0,1.39,,,,,,17.4,0,0.0,🔄 持平,0.0,0.0,➖ 持平,1,4,98.0
5520,力泰,建材營造業,09/17,82.0,0.0,0.0,0.0,8.33,4.0,0.33,⚪ 無明顯動能,-100.0,0.0,,,,0.00,,,,,,⚪ 觀望 (無資料),,,,,,,,,,,,,,,,,,,,,,,,,,,,,,,,,,,,🔄 持平,0.0,0.0,🔄 持平,-0.0,0.0,🔄 持平,-0.0,0.0,🔄 持平,-0.0,0.04,,,,,,25.8,0,0.0,🔄 持平,0.0,0.0,➖ 持平,0,2,19.0
5523,豐謙,建材營造業,09/17,30.35,0.0,4.0,0.12,,10.0,0.31,⚖️ 溫和震盪整理,1100.0,0.39,,,,0.10,,,,,,,,,,,,,,,,,,,,,,,,,,,,,,,,,,,,,,,,,,↗️ 微增,0.02,0.23000000000000004,↗️ 微增,0.02,0.23000000000000004,↗️ 微增,0.02,0.23000000000000004,↗️ 微增,0.02,0.23000000000000004,雙引擎 | 長短線,,,,,22.2,44.8,0.0,🔄 持平,0.0,0.0,➖ 持平,1,4,188.0
5529,鉅陞,建材營造業,09/17,25.5,4.29,55.0,1.36,7.1,214.0,5.42,🔒 縮量大漲 (鎖倉高控盤，延續上漲),-42.616033755274266,0.25,,,,1.40,,,,,,,,,,,,,,,,,,,,,,,,,,,,0.53,22.4,,,12.0,417.0,30.6,,,,,,,,↗️ 微增,0.02,0.1,↗️ 微增,0.02,0.9,↗️ 微增,0.02,0.24,↗️ 微增,0.02,-0.7799999999999999,雙引擎,,,,,48.2,21.6,0.0,🔄 持平,0.0,0.0,➖ 持平,5,4,380.0
5530,龍巖,其他業,09/17,49.85,-0.1,63.0,3.12,14.8,115.0,5.73,⚖️ 溫和震盪整理,-46.02076124567475,0.54,,,,55.00,,,,,,⚠️ 趨緩 (33.4%),,,,🌐 外資日連買(6)-⚡ 買盤點火 | 🌐 外資週連買(2)-🌱 週線發動,,,,,,,,,,-38.0,-226.0,-189.4,0.0,33.3,,,,,,,,,,,,,,-187.0,-1120.0,,,↗️ 微增,0.02,0.07000000000000002,↗️ 微增,0.02,-0.12999999999999998,↘️ 微減,-0.1,0.39,↗️ 微增,0.13,0.39,雙引擎 | 長短線,,,,,5.01,0,0.0,🔄 持平,0.0,0.0,➖ 持平,8,4,494.0
5536,聖暉*,其他電子業,09/17,825.0,-1.67,373.0,313.0,20.6,356.0,300.0,🥀 平量價縮 (下跌中繼，弱反彈信號),84.11764705882352,1.04,,,,43.60,,,,,,,🚨 劇烈倒貨 (-0.88%),💤 籌碼沉澱中,💤 籌碼沉澱中,🏦 投信週連買(3)-🌱 週線發動,,,,,,,,-0.6,-8.98,-11.0,-180.0,-907.5,,,,,,,,,,,,,,,,-924.0,-15177.0,,,↗️ 微增,0.06,-1.9700000000000002,↗️ 微增,0.06,-0.6099999999999999,↗️ 微增,0.08,-2.0700000000000003,📈 小增,0.86,-2.8899999999999997,雙引擎,,,,,9.12,0,0.0,🔄 持平,0.0,0.0,➖ 持平,2,3,148.0
5543,桓鼎-KY,建材營造業,09/17,27.0,-1.46,11.0,0.3,57.4,15.0,0.43,⏸️ 平量滯漲 (拋壓增大，高位見頂),-48.275862068965516,0.7,,,,0.00,,,,,,,,,,🌐 外資日連買(2)-🆕 試單觀察,,,,,,,,,,,,,,,,,,0.0,150.0,,,,,,,,,,,,,↗️ 微增,0.01,4.05,↗️ 微增,0.01,2.0799999999999996,↗️ 微增,0.01,0.6400000000000001,↗️ 微增,0.02,-0.51,雙引擎,,,,,13.8,0,0.0,🔄 持平,2.4,0.0,➖ 持平,3,4,261.0
5547,久舜,建材營造業,09/17,19.85,0.0,26.0,0.53,9.97,25.0,0.5,⏸️ 平量滯漲 (拋壓增大，高位見頂),43.24324324324324,1.06,,,,0.10,,,,,,,,,,🌐 外資週連買(4)-🌱 週線發動,,,0.0,-29.5,,,,,,,,,,,,,,,,,,,,,,,,,,,,🚀 劇增,4.13,4.13,🔄 持平,-0.0,0.0,🔄 持平,-0.0,0.0,📈 小增,0.86,0.86,雙引擎 | 長短線,,,,,15.8,0,-2.0,🚨 減/大減,0.0,0.0,➖ 持平,3,3,62.0
5548,安倉,建材營造業,09/17,20.15,-0.49,21.0,0.43,10.7,12.0,0.25,⚠️ 放量滯漲 (拋壓增大，即將見頂反轉),-15.686274509803921,1.72,,,,0.30,,,,,,🔄 持平 (0%),,,,,,,,,,,,,,,,,,,,,,,,,,,,,,,,,,,,↘️ 微減,-0.26,-0.33,↘️ 微減,-0.25,-0.3,↘️ 微減,-0.25,-0.21,↘️ 微減,-0.24,0.5900000000000001,,,,,,30.2,0,0.0,🔄 持平,2.2,0.0,➖ 持平,3,4,83.0
5601,台聯櫃,航運業,09/17,30.65,0.0,0.0,0.0,76.6,11.0,0.32,⚪ 無明顯動能,-100.0,0.0,,,,4.50,,,,,,,,,,,,,,,,,,,,,,,,,,,,,,,,,,,,,,,,,,🔄 持平,0.0,0.0,↘️ 微減,-0.02,-0.17,↘️ 微減,-0.02,0.81,↘️ 微減,-0.02,-0.019999999999999997,,,,,,31.2,0,0.0,🔄 持平,0.2,0.0,➖ 持平,0,4,115.0
5603,陸海,航運業,09/17,13.5,-0.37,301.0,3.82,,150.0,1.98,⚠️ 放量滯漲 (拋壓增大，即將見頂反轉),788.3720930232558,1.93,,,,5.40,,,,,,,,,,,,,,,,,,,,,,,,,,,,,,2.27,7.48,,,,,,,,,,,↘️ 微減,-0.06,-0.05,↘️ 微減,-0.06,-0.05,↘️ 微減,-0.06,-0.8200000000000001,↘️ 微減,-0.49,-0.7600000000000001,,,,,,11.4,0,0.0,🔄 持平,0.0,0.0,➖ 持平,8,4,170.0
5604,中連,其他業,09/17,31.1,0.81,7.0,0.2,29.6,8.0,0.24,⏸️ 平量滯漲 (拋壓增大，高位見頂),300.0,0.83,,,,3.10,,,,,,🔄 持平 (0.0%),,,,,🔼 進駐,,,,,,,-9.09,-27.3,,,,,,,,,,,,,,,,,,,,,,,🔄 持平,0.0,0.03,🔄 持平,-0.0,0.03,🔄 持平,-0.0,0.03,🔄 持平,-0.0,0.07,,,,,,8.73,0,0.0,🔄 持平,-0.2,0.0,➖ 持平,1,4,30.0
5609,中菲行,航運業,09/17,78.5,0.26,49.0,3.86,10.1,88.0,6.91,⚖️ 溫和震盪整理,102.09424083769632,0.56,,,,15.60,,,,,,,,,,,,,,,,,,,,,,,,,,,,1.87,3.81,,,,,,,,,,,,,↗️ 微增,0.04,-0.71,↗️ 微增,0.04,-0.039999999999999994,↗️ 微增,0.04,0.0,↗️ 微增,0.04,0.0,雙引擎,,,,,16.7,12.5,0.0,🔄 持平,0.7,0.0,➖ 持平,4,4,182.0
5701,劍湖山,觀光餐旅,09/17,4.28,0.94,73.0,0.3,,71.0,0.29,⏸️ 平量滯漲 (拋壓增大，高位見頂),3.4482758620689724,1.03,,,,0.10,,,,,,,,,,,,,,,,,,,,,,,,,,,,,,,,,,,,,,,,,,↗️ 微增,0.02,0.049999999999999996,↗️ 微增,0.02,0.049999999999999996,↗️ 微增,0.02,0.049999999999999996,↗️ 微增,0.02,0.08,雙引擎 | 長短線,,,,,,,,無,,,無,2,3,479.0
5703,亞都,觀光餐旅,09/17,13.75,0.36,2.0,0.03,16.6,5.0,0.07,⚖️ 溫和震盪整理,0.0,0.43,,,,6.70,,,,,,,,,,,,,,,,,,,,,,,,,,,,,,,,,,,,,,,,,,🔄 持平,0.0,0.0,🔄 持平,-0.0,0.0,🔄 持平,-0.0,0.0,🔄 持平,-0.0,0.0,,,,,,27.4,0,0.0,🔄 持平,0.0,0.0,➖ 持平,2,4,50.0
5704,老爺知,觀光餐旅,09/17,22.8,1.33,18.0,0.42,163.0,23.0,0.53,⏸️ 平量滯漲 (拋壓增大，高位見頂),2.4390243902439046,0.79,,,,0.20,,,,,,,,,,,,,,,,,,0.0,-10.3,,,,,,,,,,,,,,,,,,,,,,,🔄 持平,0.0,0.0,🔄 持平,-0.0,-0.02,🔄 持平,-0.0,-0.02,↗️ 微增,0.03,0.05,,,,,,41.7,0,0.0,🔄 持平,0.0,0.0,➖ 持平,3,4,119.0
5864,致和證,金融保險業,09/17,34.85,1.6,1975.0,69.2,2.79,2471.0,85.72,⚖️ 溫和震盪整理,51.09170305676858,0.81,,,,2.00,,,,,,,,🔥 持續加碼 (0.1%),,,,,,,144.0,-334.0,501.8,,,,,,,,,,,,,,,,,,,,,,,,,↗️ 微增,0.06,2.3,↗️ 微增,0.08,0.75,↘️ 微減,-0.09,0.21999999999999997,↘️ 微減,-0.02,0.6200000000000001,,,,,,20.4,52.2,-0.1,🚨 減/大減,-0.2,0.0,➖ 持平,2,3,957.0
5878,台名,金融保險業,09/17,38.05,0.0,0.0,0.0,15.2,3.0,0.11,⚪ 無明顯動能,-100.0,0.0,,,,0.60,,,,,,,,,,,,,,,,,,,,,,,,,,,,,,,,,,,,,,,,,,🔄 持平,0.0,0.0,🚀 劇增,3.41,3.41,↗️ 微增,0.4,0.4,↗️ 微增,0.4,0.4,,,,,,36.3,48.9,0.0,🔄 持平,0.0,0.0,➖ 持平,0,2,30.0
5902,德記,居家生活,09/17,34.45,0.58,11.0,0.38,16.5,94.0,3.24,⚖️ 溫和震盪整理,-90.12987012987013,0.12,,,,1.20,,,,,,,,,,🌐 外資週連買(3)-🌱 週線發動,,,,,,,,,,,,,,,,,,,,,,,,,,,,,,,,↗️ 微增,0.04,-0.36,↗️ 微增,0.04,-0.36,↗️ 微增,0.04,-0.36,↗️ 微增,0.04,-0.39,雙引擎,,,,,64.3,0,0.0,🔄 持平,0.0,0.0,➖ 持平,9,4,24.0
5903,全家,居家生活,09/17,184.0,0.27,19.0,3.49,23.5,15.0,2.73,⏸️ 平量滯漲 (拋壓增大，高位見頂),86.63101604278074,1.28,,,,51.00,,,,,,🔥 強延續 (15.8%),,,,🌐 外資週連買(6)-🚀 趨勢加溫,,,,,,,,,,,,,,,,,,57.1,57.1,,,,,,,,,,,,,🔄 持平,0.0,0.0,🔄 持平,-0.0,0.0,🔄 持平,-0.0,0.0,🔄 持平,-0.0,0.0,,,,,,72.7,0,0.0,🔄 持平,0.0,0.0,➖ 持平,4,4,27.0
5904,寶雅*,居家生活,09/17,72.6,-1.36,13033.0,934.0,2.13,6304.0,456.0,⚠️ 放量滯漲 (拋壓增大，即將見頂反轉),179.64071856287424,2.05,,,,26.00,,,,,,🔄 持平 (0%),🔥 強延續 (5.18%),💤 籌碼沉澱中,🔥 持續加碼 (0.06%),🏦 投信日連買(2)-🆕 試單觀察,,,2.56,-7.48,150.0,-486.0,1089.0,,,,,,95.0,121.0,57.0,64.0,413.8,,,12.5,23.0,,,,3201.0,5397.0,23239.3,,,22937.0,38912.0,↗️ 微增,0.48,21.53,↗️ 微增,0.15,19.04,↗️ 微增,0.27,13.599999999999998,↗️ 微增,0.18,10.14,雙引擎 | 長短線,,,,,11.3,7.43,0.0,🔄 持平,-8.0,-17.27,🌟 遽減,8,4,11308.0
5905,南仁湖,觀光餐旅,09/17,7.4,0.27,149.0,1.1,,541.0,4.05,⚖️ 溫和震盪整理,-64.74358974358974,0.27,,,,1.30,,,,,,,,,,,,,,,,,,,,,,,,,,,,,,,,,,,,,,,,,,🔄 持平,0.0,-0.15,↗️ 微增,0.01,-1.02,↗️ 微增,0.01,-1.52,↘️ 微減,-0.4,-1.59,,,,,,5.14,0,0.0,🔄 持平,0.0,0.0,➖ 持平,2,4,337.0
6015,宏遠證,金融保險業,09/17,17.35,2.06,2656.0,46.2,3.99,1850.0,31.66,⚖️ 溫和震盪整理,139.3782383419689,1.46,,,,5.60,,,,,,🔄 持平 (0%),,🔥 持續加碼 (0.25%),,🌐 外資日連買(2)-🆕 試單觀察,,,,,,,,,,,,,155.0,55.6,17.0,10.0,29.5,,,,,,,,-10.0,189.0,-17.4,,,,,↗️ 微增,0.17,2.29,↘️ 微減,-0.1,1.52,↗️ 微增,0.12,1.65,↘️ 微減,-0.01,1.6399999999999997,,,,,,8.94,48.4,0.0,🔄 持平,-0.04,0.0,➖ 持平,2,4,2095.0
6016,康和證,金融保險業,09/17,22.9,3.62,5465.0,125.0,3.37,3940.0,88.44,⚖️ 溫和震盪整理,111.14864864864865,1.41,,,,4.20,,,,,,🔥 強延續 (51.4%),,🔥 持續加碼 (0.36%),,🌐 外資日連買(2)-🆕 試單觀察,,,-3.3,-15.0,-171.0,-884.0,-391.6,,,-33.0,-139.0,-75.6,,,,,,,,,,,,,,,,,,,,↘️ 微減,-0.41,0.6600000000000001,↘️ 微減,-0.16,0.3500000000000002,↘️ 微減,-0.25,0.7000000000000003,↘️ 微減,-0.25,0.3200000000000007,,,,,,7.64,0,0.0,🔄 持平,0.45,0.0,➖ 持平,2,4,3100.0
6020,大展證,金融保險業,09/17,20.55,0.0,91.0,1.86,5.69,31.0,0.63,⚠️ 放量滯漲 (拋壓增大，即將見頂反轉),708.6956521739131,2.95,,,,0.10,,,,,,🔄 持平 (0%),,,,,,,-6.62,-7.06,,,,0.0,-25.0,,,,,,,,,,,,,,,,,,,,,,,↗️ 微增,0.01,0.18000000000000002,↗️ 微增,0.01,0.18000000000000002,↗️ 微增,0.01,0.18000000000000002,↗️ 微增,0.01,0.18000000000000002,雙引擎 | 長短線,,,,,26.3,0,0.0,🔄 持平,0.0,0.0,➖ 持平,2,4,90.0
6021,美好證,金融保險業,09/17,45.1,0.45,628.0,28.4,3.97,527.0,23.3,⏸️ 平量滯漲 (拋壓增大，高位見頂),22.943722943722932,1.22,,,,7.40,,,,,,🔄 持平 (0%),,,,,,,-1.9,-34.7,-6.0,-164.0,-27.1,,,,,,,,,,,,,2.75,11.0,,,,,,,,,,,↗️ 微增,0.37,0.02999999999999997,↗️ 微增,0.36,0.33999999999999997,↗️ 微增,0.35,0.54,↗️ 微增,0.36,0.4,雙引擎 | 長短線,,,,,50.5,29.5,0.0,🔄 持平,0.0,0.0,➖ 持平,10,3,3543.0
6023,元大期,金融保險業,09/17,88.0,3.53,1611.0,141.0,11.2,597.0,51.42,⚖️ 溫和震盪整理,299.4334277620397,2.74,,,,2.90,,,,,,🔥 強延續 (63.9%),,🔥 持續加碼 (0.23%),,🌐 外資日連買(2)-🆕 試單觀察 | 🌐 外資週連買(3)-🌱 週線發動,🔼 進駐,,,,,,,,,,,,,,,,,2.63,4.13,,,,,,,,,,,,,🚨 劇減,-5.47,-2.3899999999999992,🚨 劇減,-5.04,-2.3400000000000003,🚨 劇減,-3.74,-1.1200000000000003,🚨 劇減,-3.78,-1.8499999999999996,,,,,,76.4,0,1.6,🔥 大增,11.3,0.0,➖ 持平,8,3,1169.0
6026,福邦證,金融保險業,09/17,15.5,1.64,1721.0,26.6,5.6,1023.0,15.6,⚖️ 溫和震盪整理,114.51612903225805,1.71,,,,6.30,,,,,,🔥 強延續 (49.9%),⚠️ 趨緩 (2.02%),🔥 持續加碼 (0.22%),🔥 持續加碼 (0.01%),🌐 外資日連買(2)-🆕 試單觀察 | 🏦 投信日連買(3)-🆕 試單觀察 | 🌐 外資週連買(6)-🚀 趨勢加溫 | 🏦 投信週連買(3)-🌱 週線發動,🔼 進駐,,-0.28,-6.02,-8.0,-180.0,-12.4,,,,,,,,,,,,,,,,,,,,,,,,,↘️ 微減,-0.04,0.4200000000000001,↘️ 微減,-0.47,0.6600000000000001,↗️ 微增,0.41,1.9200000000000002,↗️ 微增,0.19,1.49,,,,,,10.7,0,0.0,🔄 持平,2.15,0.0,➖ 持平,5,4,1462.0
6028,公勝保經,金融保險業,09/17,95.6,1.06,6.0,0.55,8.83,7.0,0.63,⏸️ 平量滯漲 (拋壓增大，高位見頂),12.244897959183687,0.87,,,,0.20,,,,,,,,,,,,,,,,,,,,,,,,,,,,,,,,,,,,,,,,,,🔄 持平,0.0,0.0,🔄 持平,-0.0,0.0,🔄 持平,-0.0,0.0,🔄 持平,-0.0,0.11000000000000001,,,,,,23.2,0,0.0,🔄 持平,-3.2,0.0,➖ 持平,2,4,45.0
6101,寬魚國際,文化創意業,09/17,38.4,0.66,125.0,4.79,28.2,173.0,6.55,⏸️ 平量滯漲 (拋壓增大，高位見頂),111.01321585903085,0.73,,,,0.40,,,,,,,,,,,,,,,,,,,,,,,,,,,,,,,,,,,,,,,,,,↗️ 微增,0.27,-0.46999999999999986,↗️ 微增,0.27,-0.45999999999999996,↗️ 微增,0.27,0.2,↘️ 微減,-0.19,-0.2,,,,,,21.1,37.4,0.0,🔄 持平,0.0,0.0,➖ 持平,2,4,608.0
6103,合邦,半導體業,09/17,35.45,9.92,29.0,1.01,88.6,14.0,0.46,🚀 放量大漲 (量價齊升，持續看漲),124.44444444444444,2.2,,,,0.70,,,,,,,,,,,,,6.67,-15.8,,,,,,,,,,,,,,6.67,-15.8,,,,,,,,,,,,,🔄 持平,0.0,0.0,🔄 持平,-0.0,0.0,🔄 持平,-0.0,0.0,🔄 持平,-0.0,-0.5599999999999999,,,,,,35.5,0,0.0,🔄 持平,0.0,0.0,➖ 持平,2,3,38.0
6104,創惟,半導體業,09/17,90.9,0.0,303.0,27.7,19.1,254.0,23.06,⏸️ 平量滯漲 (拋壓增大，高位見頂),75.31645569620251,1.2,,,,21.30,,,,,,,,,,,,,,,,,,,,,,,,,,,,,,,,,,,,,,,,,,↘️ 微減,-0.05,1.35,📉 小減,-0.98,0.3400000000000001,↘️ 微減,-0.13,2.0500000000000003,↘️ 微減,-0.12,1.04,,,,,,8.51,0,0.0,🔄 持平,0.05,0.0,➖ 持平,2,4,761.0
6109,亞元,通信網路業,09/17,10.45,0.97,113.0,1.17,,133.0,1.39,⏸️ 平量滯漲 (拋壓增大，高位見頂),-36.75675675675676,0.84,,,,2.10,,,,,,,,,,,,,,-100.0,,,,,,,,,,,,,,,,,,,,,,,,,,,,↗️ 微增,0.06,-2.09,↘️ 微減,-0.06,-1.14,↘️ 微減,-0.02,-0.96,🔄 持平,-0.0,-1.3900000000000001,,,,,,13.6,0,-0.1,🚨 減/大減,1.3,0.0,➖ 持平,4,4,323.0
6111,光聚晶電,文化創意業,09/17,34.75,1.91,180.0,6.18,,192.0,6.56,⚖️ 溫和震盪整理,5.641025641025643,0.94,,,,12.20,,,,,,,,,,,,,,,,,,,,,,,,,0.0,16.0,0.0,,,,,,,,,,,,,,,↗️ 微增,0.08,0.19,↗️ 微增,0.08,0.19,↗️ 微增,0.05,0.15000000000000002,↗️ 微增,0.07,1.0,雙引擎 | 長短線,,,,,22.3,84.4,0.0,🔄 持平,0.3,0.9,↗️ 微增,2,4,290.0
6113,亞矽,電子通路業,09/17,22.3,1.13,34.0,0.77,36.6,52.0,1.15,⚖️ 溫和震盪整理,-2.5316455696202556,0.67,,,,3.20,,,,,,,,,,,,,,,,,,-8.32,-10.1,,,,0.0,50.0,,,,,,,,,,,,,,,,,,🔄 持平,0.0,0.0,🔄 持平,-0.0,0.0,🔄 持平,-0.0,0.0,↗️ 微增,0.02,0.10000000000000002,,,,,,28.3,16.8,0.0,🔄 持平,0.2,0.0,➖ 持平,6,4,111.0
6114,久威,電子零組件業,09/17,23.0,0.66,5.0,0.11,6.08,33.0,0.77,⚖️ 溫和震盪整理,-89.81481481481481,0.14,,,,0.80,,,,,,,,,,,,,,,,,,,,,,,0.0,167.0,,,,,,,,,,,,,,,,,,🔄 持平,0.0,0.0,🔄 持平,-0.0,0.0,🔄 持平,-0.0,0.0,🔄 持平,-0.0,0.0,,,,,,53.9,0,0.0,🔄 持平,0.0,0.0,➖ 持平,2,2,40.0
6118,建達,電子通路業,09/17,15.15,0.33,25.0,0.39,94.7,72.0,1.08,⚖️ 溫和震盪整理,-73.8255033557047,0.36,,,,1.60,,,,,,,,,,,,,,,,,,,,,,,,,,,,,,,,,,,,,,,,,,🔄 持平,0.0,0.0,🔄 持平,-0.0,0.0,🔄 持平,-0.0,-0.09000000000000001,🔄 持平,-0.0,-0.06999999999999999,,,,,,28.3,0,0.0,🔄 持平,0.0,0.0,➖ 持平,2,4,73.0
6121,新普,電腦及週邊設備業,09/17,374.0,-0.66,626.0,235.0,11.3,471.0,177.06,⏸️ 平量滯漲 (拋壓增大，高位見頂),23.03664921465969,1.33,,,,45.40,,,,,,,⚠️ 趨緩 (1.31%),,🔄 今日量縮持平,🏦 投信日連買(14)-🔥 波段認養 | 🏦 投信週連買(3)-🌱 週線發動,,,,,,,,,,,,,,,,,,,,,,,,,,,,,,,,↘️ 微減,-0.04,0.2700000000000001,↘️ 微減,-0.06,-0.6900000000000001,↘️ 微減,-0.09,0.04000000000000001,↘️ 微減,-0.21,0.2300000000000001,,,,,,5.89,0,0.0,🔄 持平,1.19,0.0,➖ 持平,1,4,237.0
6122,擎邦,電機機械,09/17,51.3,0.39,303.0,15.5,10.8,268.0,13.67,⏸️ 平量滯漲 (拋壓增大，高位見頂),60.62176165803108,1.13,,,,6.00,,,,,,🔄 持平 (0%),🔥 強延續 (1.97%),💤 籌碼沉澱中,🔥 持續加碼 (0.01%),🌐 外資日連買(7)-⚡ 買盤點火 | 🏦 投信日連買(3)-🆕 試單觀察 | 🌐 外資週連買(6)-🚀 趨勢加溫 | 🏦 投信週連買(2)-🌱 週線發動,,,-4.61,-13.7,-57.0,-188.0,-292.4,,,,,,0.0,100.0,,,,,,,,,,,,,,,,,,↗️ 微增,0.14,0.5,↗️ 微增,0.14,0.5,↗️ 微增,0.14,0.5,↗️ 微增,0.23,1.2399999999999998,雙引擎 | 長短線,,,,,9.99,0,0.0,🔄 持平,0.0,0.0,➖ 持平,9,4,805.0
6123,上奇,資訊服務業,09/17,43.1,0.23,28.0,1.22,12.9,35.0,1.52,⏸️ 平量滯漲 (拋壓增大，高位見頂),38.636363636363626,0.8,,,,2.80,,,,,,🔥 強延續 (17.6%),,,,🌐 外資日連買(9)-⚡ 買盤點火 | 🌐 外資週連買(3)-🌱 週線發動,,,,,,,,0.41,-9.96,,,,,,,,,,,,,,,,,,,,,,,↘️ 微減,-0.05,-0.05,↘️ 微減,-0.05,-0.05,↘️ 微減,-0.05,-0.05,📈 小增,0.6,0.5099999999999999,,,,,,18.6,34.7,0.0,🔄 持平,0.0,0.0,➖ 持平,4,4,54.0
6124,業強,電子零組件業,09/17,27.1,1.12,8.0,0.22,52.1,8.0,0.23,⏸️ 平量滯漲 (拋壓增大，高位見頂),29.411764705882337,0.96,,,,51.00,,,,,,🔄 持平 (0%),,,,🌐 外資日連買(2)-🆕 試單觀察 | 🌐 外資週連買(6)-🚀 趨勢加溫,,,,,,,,,,,,,,,,,,,,,,,,,,,,,,,,↗️ 微增,0.01,0.03,↗️ 微增,0.01,0.03,↗️ 微增,0.01,0.03,↗️ 微增,0.01,0.03,雙引擎 | 長短線,,,,,18.9,0,0.0,🔄 持平,0.0,0.0,➖ 持平,2,4,139.0
6125,廣運,電機機械,09/17,48.35,0.62,377.0,18.3,161.0,476.0,22.98,⏸️ 平量滯漲 (拋壓增大，高位見頂),1.104972375690605,0.8,,,,10.90,,,,,,,,,,🌐 外資日連買(2)-🆕 試單觀察,,,,,,,,,,,,,,,,,,,,,,,,,,,,,,,,↗️ 微增,0.02,-0.93,🔄 持平,-0.0,-0.63,🔄 持平,-0.0,-0.6,↗️ 微增,0.02,-0.93,雙引擎,,,,,12.1,4.15,0.0,🔄 持平,0.0,0.0,➖ 持平,4,4,558.0
6126,信音,電子零組件業,09/17,31.6,6.4,2225.0,68.4,40.0,722.0,21.72,🚀 放量大漲 (量價齊升，持續看漲),295.3757225433526,3.15,,,,4.40,,,,,,,,,,🌐 外資日連買(2)-🆕 試單觀察,,,,,,,,,,,,,,,37.0,7.0,116.9,3.86,4.17,,,101.0,109.0,319.2,,,,,,,,↗️ 微增,0.14,1.81,↗️ 微增,0.19,1.75,↗️ 微增,0.19,1.17,↗️ 微增,0.12,0.39,雙引擎 | 長短線,,,,,9.52,86.5,0.0,🔄 持平,-0.13,0.0,➖ 持平,4,4,544.0
6127,九豪,電子零組件業,09/17,48.4,-0.31,1634.0,79.5,,2301.0,110.56,⏸️ 平量滯漲 (拋壓增大，高位見頂),-0.5006257822277926,0.72,,,,6.90,,,,,,,,💤 籌碼沉澱中,,🌐 外資日連買(2)-🆕 試單觀察,,,,,,,,,,,,,,,,,,,,,,,,,28.0,215.0,135.5,,,,,↗️ 微增,0.18,-0.6799999999999999,⚠️ 大減,-1.46,-0.8499999999999994,↘️ 微減,-0.25,-1.08,📈 小增,0.74,-1.3699999999999999,雙引擎,,,,,10.0,0,0.0,🔄 持平,0.0,0.0,➖ 持平,4,4,1025.0
6129,普誠,半導體業,09/17,14.55,-2.35,1002.0,14.8,,690.0,9.74,🥀 平量價縮 (下跌中繼，弱反彈信號),12.121212121212132,1.52,,,,1.60,,,,,,,,,,,,,0.0,-24.4,,,,,,,,,,,,,,,,,,,,,,,,,,,,無資料,,0.020000000000000004,無資料,,0.48,無資料,,0.53,無資料,,0.17,,,,,,,,,無,,,無,2,1,274.0
6130,上亞科技,生技醫療業,09/17,24.05,-0.62,28.0,0.68,,145.0,3.46,⚖️ 溫和震盪整理,-49.62962962962963,0.2,,,,0.90,,,,,,🔄 持平 (0%),,💤 籌碼沉澱中,,🌐 外資日連買(7)-⚡ 買盤點火,,,,,,,,,,,,,,,,,,,,,,,,,,,,,,,,↘️ 微減,-0.17,-2.81,↘️ 微減,-0.22,-0.77,↘️ 微減,-0.23,-2.11,📈 小增,0.72,-0.02000000000000011,,,,,,18.4,0,3.6,🔥 大增,-15.0,0.0,➖ 持平,3,4,133.0
6134,萬旭,電子零組件業,09/17,28.7,0.7,152.0,4.41,35.9,127.0,3.62,⏸️ 平量滯漲 (拋壓增大，高位見頂),-32.97872340425532,1.22,,,,24.00,,,,,,🔄 持平 (0%),,,,🌐 外資日連買(2)-🆕 試單觀察 | 🌐 外資週連買(4)-🌱 週線發動,,,,,,,,,,,,,,,,,,,,,,,,,,,,,,,,↘️ 微減,-0.03,0.42999999999999994,↘️ 微減,-0.03,0.43000000000000005,↘️ 微減,-0.03,-0.5399999999999999,🔄 持平,-0.0,0.8899999999999999,,,,,,39.9,13.0,0.0,🔄 持平,-0.5,0.0,➖ 持平,3,4,263.0
6138,茂達,半導體業,09/17,269.0,-1.28,326.0,88.9,17.5,288.0,77.58,⏸️ 平量滯漲 (拋壓增大，高位見頂),42.46794871794872,1.15,,,,12.90,,,,,,,🔄 持平 (0%),,💤 籌碼沉澱中,,,,,,,,,,,,,,,,,,,,,,,,,,,,,,,981.0,3293.0,🔄 持平,0.0,1.35,🔄 持平,-0.0,1.35,📉 小減,-0.8,0.43000000000000005,📉 小減,-0.85,-1.19,,,,,,24.7,0,0.6,📈 增,16.55,0.0,➖ 持平,4,3,55.0
6140,訊達,資訊服務業,09/17,19.85,-6.59,856.0,17.3,,638.0,13.08,🕳️ 平量大跌 (一致看空無承接，加速下跌),-49.41520467836258,1.32,,,,1.30,,,,,,,,,,,,,-0.97,-5.95,,,,,,,,,,,,,,,,,,,,,,,,,,,,🔄 持平,0.0,0.0,🔄 持平,-0.0,0.0,🔄 持平,-0.0,0.0,↘️ 微減,-0.01,-0.9,,,,,,15.5,0,0.0,🔄 持平,0.0,0.0,➖ 持平,1,3,111.0
6143,振曜,通信網路業,09/17,82.0,-0.61,216.0,17.8,10.4,335.0,27.28,⚖️ 溫和震盪整理,-35.507246376811594,0.65,,,,4.90,,,,,,,,,,,,,,,,,,,,,,,0.0,300.0,0.0,6.0,0.0,,,,,,,,29.0,206.0,237.8,,,239.0,1674.0,🔄 持平,0.0,0.0,↗️ 微增,0.01,-1.1500000000000004,↗️ 微增,0.01,-2.6799999999999997,↘️ 微減,-0.08,-2.09,,,,,,12.3,0,0.0,🔄 持平,0.0,0.0,➖ 持平,3,4,150.0
6144,得利影,文化創意業,09/17,12.9,-1.15,6.0,0.08,,7.0,0.1,⏸️ 平量滯漲 (拋壓增大，高位見頂),-52.94117647058824,0.8,,,,33.40,,,,,,,,,,,,,,,,,,,,,,,,,,,,,,,,,,,,,,,,,,🔄 持平,0.0,-0.01,🔄 持平,-0.0,-0.01,🔄 持平,-0.0,-0.01,🔄 持平,-0.0,-0.01,,,,,,51.5,0,0.0,🔄 持平,0.0,0.0,➖ 持平,3,4,22.0
6146,耕興,其他電子業,09/17,176.0,0.28,368.0,65.0,15.4,337.0,59.62,⏸️ 平量滯漲 (拋壓增大，高位見頂),-48.412698412698404,1.09,,,,30.60,,,,,,,,,,🌐 外資日連買(2)-🆕 試單觀察,,,,,,,,,,,,,,,,,,2.16,6.79,4.06,19.3,,,,66.0,274.0,1161.6,,,1167.0,4871.0,↗️ 微增,0.08,-1.31,↗️ 微增,0.03,0.47,↗️ 微增,0.03,-1.05,📉 小減,-0.77,-0.040000000000000036,,,,,,29.0,0,0.0,🔄 持平,0.3,0.0,➖ 持平,4,4,333.0
6147,頎邦,半導體業,09/17,209.5,0.96,70708.0,14978.0,50.4,53439.0,10692.8,⏸️ 平量滯漲 (拋壓增大，高位見頂),13.702269794276178,1.4,,,,35.00,,,,,,,🔥 強延續 (3.41%),🚨 轉賣反轉 (-0.5%),🔥 持續加碼 (0.32%),🏦 投信日連買(4)-🆕 試單觀察 | 🏦 投信週連買(2)-🌱 週線發動,,,,,1869.0,-2170.0,39155.6,,,,,,-0.36,56.3,-3.0,302.0,-62.8,,,,,,,,-428.0,982.0,-8966.6,,,-9066.0,18538.0,⚠️ 大減,-1.25,-1.23,📉 小減,-0.91,-1.77,⚠️ 大減,-1.09,-1.73,⚠️ 大減,-1.16,-1.57,,,,,,8.65,6.99,0.0,🔄 持平,0.07,0.0,➖ 持平,4,4,7865.0
6148,驊宏資,資訊服務業,09/17,36.25,-1.09,5438.0,202.0,34.2,6968.0,257.12,⏸️ 平量滯漲 (拋壓增大，高位見頂),-74.90683229813664,0.79,,,,4.00,,,,,,🔄 持平 (0%),,🔥 持續加碼 (0.79%),,,,,,,,,,,,,,,5.67,2338.0,17.0,304.0,61.6,,,0.7,7.86,33.0,170.0,119.6,,,,,,,,🔄 持平,0.0,0.0,🔄 持平,-0.0,0.0,🔄 持平,-0.0,0.0,📉 小減,-0.86,-0.9,,,,,,10.5,0,0.0,🔄 持平,0.0,0.0,➖ 持平,2,3,404.0
6150,撼訊,電腦及週邊設備業,09/17,61.4,0.99,90.0,5.51,15.0,305.0,19.09,⚖️ 溫和震盪整理,16.244725738396614,0.29,,,,6.10,,,,,,🔄 持平 (0%),,💤 籌碼沉澱中,,,,,,,,,,,,,,,,,,,,,,,,,,,,,,-165.0,-484.0,,,🔄 持平,0.0,0.0,🔄 持平,-0.0,0.0,🔄 持平,-0.0,0.0,↗️ 微增,0.01,-0.02000000000000001,,,,,,8.17,0,0.0,🔄 持平,-0.02,0.0,➖ 持平,2,4,914.0
6151,晉倫,其他電子業,09/17,34.35,0.44,65.0,2.24,14.7,95.0,3.24,⚖️ 溫和震盪整理,-62.098138747884946,0.69,,,,5.50,,,,,,,,,,,,,,,,,,,,,,,,,,,,0.56,2.63,,,,,,,,,,,,,🔄 持平,0.0,0.01,↘️ 微減,-0.12,-0.14,↘️ 微減,-0.16,-0.19000000000000003,↘️ 微減,-0.16,-0.22000000000000006,,,,,,15.6,0,0.0,🔄 持平,0.0,0.0,➖ 持平,3,4,94.0
6154,順發,電子通路業,09/17,14.05,0.0,35.0,0.49,12.2,26.0,0.36,⏸️ 平量滯漲 (拋壓增大，高位見頂),58.06451612903225,1.36,,,,1.10,,,,,,,,,,🌐 外資日連買(2)-🆕 試單觀察 | 🌐 外資週連買(2)-🌱 週線發動,,,,,,,,,,,,,,,,,,,,,,,,,,,,,,,,🔄 持平,0.0,0.0,🔄 持平,-0.0,0.01,🔄 持平,-0.0,0.04,🔄 持平,-0.0,0.08,,,,,,18.9,0,0.0,🔄 持平,0.0,0.0,➖ 持平,9,4,73.0
6156,松上,電子零組件業,09/17,20.6,0.98,625.0,12.8,52.8,597.0,12.16,⏸️ 平量滯漲 (拋壓增大，高位見頂),91.3303437967115,1.05,,,,10.10,,,,,,,,🔥 持續加碼 (0.3%),,🌐 外資日連買(2)-🆕 試單觀察,,,,,,,,,,1.0,-105.0,2.1,,,,,,,,,,,,,,,,,,,,📈 小增,0.98,0.8500000000000001,📉 小減,-0.75,-0.07000000000000006,↘️ 微減,-0.01,1.29,↗️ 微增,0.03,-0.15999999999999998,雙引擎,,,,,15.7,0,0.0,🔄 持平,0.0,0.0,➖ 持平,4,4,266.0
6158,禾昌,電子零組件業,09/17,17.2,1.47,94.0,1.6,,44.0,0.75,⚠️ 放量滯漲 (拋壓增大，即將見頂反轉),116.21621621621622,2.13,,,,1.20,,,,,,🔄 持平 (0%),,,,🌐 外資日連買(2)-🆕 試單觀察,,,,,,,,,,,,,,,,,,,,,,,,,,,,,,,,🔄 持平,0.0,-1.02,🔄 持平,-0.0,-0.99,↗️ 微增,0.01,-0.8799999999999999,↗️ 微增,0.02,-0.12,,,,,,14.1,0,0.0,🔄 持平,0.0,0.0,➖ 持平,4,4,61.0
6160,欣技,電腦及週邊設備業,09/17,14.5,-0.34,38.0,0.54,,37.0,0.53,⏸️ 平量滯漲 (拋壓增大，高位見頂),50.00000000000002,1.02,,,,2.40,,,,,,🔄 持平 (0%),,,,🌐 外資日連買(3)-🆕 試單觀察,,,,,,,,,,,,,,,,,,,,,,,,,,,,,,,,🔄 持平,0.0,0.3,🔄 持平,-0.0,0.28,🔄 持平,-0.0,0.26,🔄 持平,-0.0,0.26,,,,,,19.7,73.1,0.0,🔄 持平,0.0,0.0,➖ 持平,1,4,74.0
6161,捷波,電腦及週邊設備業,09/17,48.9,0.93,84.0,4.11,11.9,84.0,4.06,⏸️ 平量滯漲 (拋壓增大，高位見頂),82.66666666666669,1.01,,,,5.60,,,,,,,,,,🌐 外資日連買(4)-🆕 試單觀察,,,,,,,,,,,,,,,,,,,,,,,,,,,,,,,,🔄 持平,0.0,0.0,🔄 持平,-0.0,0.0,🔥 大增,1.24,1.24,↗️ 微增,0.12,2.2,,,,,,36.3,0,0.0,🔄 持平,1.0,0.0,➖ 持平,4,3,251.0
6163,華電網,資訊服務業,09/17,41.55,2.59,796.0,33.1,47.2,838.0,33.7,⚖️ 溫和震盪整理,5.414012738853513,0.98,,,,9.00,,,,,,🔄 持平 (0%),,💤 籌碼沉澱中,,🌐 外資日連買(2)-🆕 試單觀察,,,,,,,,,,,,,0.0,800.0,0.0,16.0,0.0,,,,,,,,26.0,235.0,108.0,,,,,📈 小增,0.56,2.35,↘️ 微減,-0.01,1.75,↘️ 微減,-0.01,1.71,↘️ 微減,-0.14,1.66,,,,,,20.1,3.01,0.0,🔄 持平,-0.3,0.0,➖ 持平,4,4,878.0
6167,久正,光電業,09/17,10.25,2.5,201.0,2.03,,182.0,1.84,⚖️ 溫和震盪整理,67.76859504132231,1.1,,,,5.30,,,,,,,,,,🌐 外資日連買(2)-🆕 試單觀察,,,,,,,,,,,,,,,,,,,,,,,,,,,,,,,,🔄 持平,0.0,-0.01,📈 小增,0.6,1.16,↘️ 微減,-0.33,0.71,↗️ 微增,0.31,0.97,,,,,,15.4,0,0.0,🔄 持平,0.0,0.0,➖ 持平,6,4,1929.0
6169,昱泉,文化創意業,09/17,12.3,2.93,4.0,0.05,,9.0,0.11,📈 價升量縮 (量價背離，下方承接看拉高),-58.33333333333333,0.45,,,,0.30,,,,,,,,,,,,,,,,,,,,,,,,,,,,,,,,,,,,,,,,,,🔄 持平,0.0,0.0,🔄 持平,-0.0,0.0,🔄 持平,-0.0,0.0,↗️ 微增,0.02,0.12000000000000001,,,,,,2.49,0,0.1,📈 增,1.37,0.0,➖ 持平,1,3,23.0
6170,統振,通信網路業,09/17,48.25,0.52,149.0,7.17,9.89,108.0,5.2,⏸️ 平量滯漲 (拋壓增大，高位見頂),43.39999999999999,1.38,,,,3.20,,,,,,🔄 持平 (0%),,💤 籌碼沉澱中,,🌐 外資週連買(5)-🚀 趨勢加溫,,,,,,,,,,,,,,,,,,,,,,,,,,,,,,,,↗️ 微增,0.3,1.38,📉 小減,-0.59,1.42,📉 小減,-0.59,0.6,📉 小減,-0.59,0.6,,,,,,26.4,0,0.3,📈 增,9.5,0.0,➖ 持平,3,4,588.0
6171,大城地產,建材營造業,09/17,25.4,-1.74,70.0,1.77,18.4,30.0,0.77,🛡️ 放量小跌 (見底信號，越跌越買反轉),302.27272727272725,2.3,,,,0.20,,,,,,,,,,,,,,,,,,,,,,,,,,,,,,,,,,,,,,,,,,🔄 持平,0.0,0.010000000000000009,↘️ 微減,-0.03,-0.04,↘️ 微減,-0.03,-0.04,↘️ 微減,-0.03,-0.12000000000000001,,,,,,44.4,0,0.0,🔄 持平,0.0,0.0,➖ 持平,2,4,216.0
6173,信昌電,電子零組件業,09/17,303.5,-3.65,26377.0,8171.0,57.3,33867.0,10255.2,🥀 平量價縮 (下跌中繼，弱反彈信號),-5.994017487344683,0.8,,,,12.30,,,,,,,🔥 強延續 (0.2%),💤 籌碼沉澱中,🔥 持續加碼 (0.03%),🏦 投信日連買(2)-🆕 試單觀察 | 🏦 投信週連買(3)-🌱 週線發動,,,,,,,,-0.95,-21.9,-30.0,-875.0,-910.5,27.6,107.0,607.0,1449.0,18422.4,,,,,-546.0,2056.0,-16571.1,,,,-929.0,-26318.0,,,↗️ 微增,0.16,-1.7699999999999998,🔥 大增,1.31,-1.6400000000000001,↗️ 微增,0.49,-1.1099999999999994,🚀 劇增,2.22,0.9800000000000002,雙引擎,,,,,44.1,0,0.0,🔄 持平,0.3,0.0,➖ 持平,2,3,4768.0
6174,安碁,電子零組件業,09/17,43.9,-2.23,543.0,24.2,34.6,631.0,27.34,🥀 平量價縮 (下跌中繼，弱反彈信號),-54.59662288930581,0.89,,,,7.00,,,,,,,,🔥 持續加碼 (0.26%),,🌐 外資日連買(4)-🆕 試單觀察,,,,,,,,,,,,,-5.0,375.0,-1.0,15.0,-4.4,,,0.8,6.78,,,,,,,,,,,🔄 持平,0.0,0.0,🔄 持平,-0.0,0.0,🔄 持平,-0.0,-1.4000000000000001,📉 小減,-0.93,-2.19,,,,,,38.1,0,0.0,🔄 持平,0.0,0.0,➖ 持平,4,2,256.0
6175,立敦,電子零組件業,09/17,69.1,-0.29,315.0,22.0,22.0,402.0,27.9,⏸️ 平量滯漲 (拋壓增大，高位見頂),-29.032258064516125,0.79,,,,23.20,,,,,,🔄 持平 (0%),,💤 籌碼沉澱中,,🌐 外資日連買(4)-🆕 試單觀察,,,,,,,,,,,,,,,,,,,,,,6.0,66.0,41.5,,,,,,,,📈 小增,0.83,1.62,📈 小增,0.83,0.4899999999999999,↗️ 微增,0.37,0.37,↗️ 微增,0.03,0.04999999999999992,雙引擎 | 長短線,,,,,30.2,0,0.0,🔄 持平,0.0,0.0,➖ 持平,11,4,1311.0
6179,亞通,其他業,09/17,41.45,9.95,13622.0,551.0,50.5,14074.0,515.8,✈️ 平量大漲 (一致看漲無拋壓，加速上漲),26.086956521739136,1.07,,,,15.50,,,,,,,,💤 籌碼沉澱中,,,,,,,,,,3.25,-32.7,79.0,-1222.0,327.5,,,,,,3.01,5.41,,,715.0,1253.0,2963.7,,,,320.0,-4345.0,,,🚀 劇增,4.77,6.97,🚀 劇增,5.7,6.420000000000001,🚀 劇增,4.87,7.07,🚀 劇增,5.39,7.420000000000001,雙引擎 | 長短線,,,,,6.2,91.5,0.06,↗️ 微增,0.29,9.0,🚨 暴增,2,3,4332.0
6180,橘子,文化創意業,09/17,40.8,0.49,135.0,5.49,,140.0,5.71,⏸️ 平量滯漲 (拋壓增大，高位見頂),-14.084507042253513,0.96,,,,22.70,,,,,,🔄 持平 (0%),,,,,,,,,,,,,,-52.0,-130.0,-212.2,,,,,,,,,,,,,,,,-212.0,-531.0,,,↗️ 微增,0.24,1.01,↗️ 微增,0.24,1.01,↗️ 微增,0.15,0.9099999999999999,📈 小增,0.6,1.1999999999999997,雙引擎 | 長短線,,,,,18.6,45.0,0.0,🔄 持平,0.0,-3.1,✅ 大減,4,4,1662.0
6182,合晶,半導體業,09/17,110.5,-1.34,59013.0,6678.0,442.0,36928.0,4032.6,⚠️ 放量滯漲 (拋壓增大，即將見頂反轉),34.17721518987342,1.66,,,,21.80,,,,,,🔄 持平 (0%),🔄 持平 (0%),🔥 持續加碼 (0.01%),💤 籌碼沉澱中,🌐 外資日連買(4)-🆕 試單觀察,,,,,-1234.0,-2579.0,-13635.7,,,,,,-1.68,29.2,-21.0,277.0,-232.0,,,,,,,,28.0,895.0,309.4,,,317.0,9128.0,📈 小增,0.67,-12.59,📈 小增,0.67,-12.790000000000001,📈 小增,0.77,-12.83,📈 小增,0.87,-13.119999999999997,雙引擎,,,,,3.7,1.13,0.04,↗️ 微增,-0.1,1.13,⚠️ 大增,5,2,5514.0
6185,幃翔,電子零組件業,09/17,12.4,1.22,96.0,1.19,65.3,239.0,3.0,⚖️ 溫和震盪整理,-73.31838565022422,0.4,,,,2.20,,,,,,,,,,,,,,,,,,,,,,,0.0,90.9,0.0,10.0,0.0,,,,,,,,,,,,,,,↘️ 微減,-0.09,-2.4,↘️ 微減,-0.09,-1.81,↘️ 微減,-0.08,-2.2199999999999998,↘️ 微減,-0.15,-1.8,,,,,,20.4,0,0.0,🔄 持平,0.1,0.0,➖ 持平,16,4,816.0
6186,新潤,建材營造業,09/17,30.05,0.0,332.0,9.97,5.94,432.0,12.93,⏸️ 平量滯漲 (拋壓增大，高位見頂),89.54372623574147,0.77,,,,4.40,,,,,,,,,,🌐 外資日連買(2)-🆕 試單觀察,,,,,,,,,,,,,,,16.0,24.0,48.1,,,,,,,,142.0,360.0,426.7,,,,,↗️ 微增,0.37,0.9000000000000001,↗️ 微增,0.37,0.4300000000000001,↗️ 微增,0.37,-1.09,↘️ 微減,-0.18,-0.7,,,,,,24.9,8.24,0.0,🔄 持平,-3.2,0.0,➖ 持平,2,4,338.0
6187,萬潤,半導體業,09/17,1210.0,-0.82,1221.0,1513.0,61.8,1403.0,1730.8,⏸️ 平量滯漲 (拋壓增大，高位見頂),19.794140934283444,0.87,,,,33.10,,,,,,,🔄 持平 (0%),💤 籌碼沉澱中,💤 籌碼沉澱中,🏦 投信日連買(2)-🆕 試單觀察,,,,,,,,-0.48,-13.2,-12.0,-377.0,-1452.0,,,,,,0.41,-2.1,,,,,,,,,-1486.0,-46564.0,,,↘️ 微減,-0.33,-2.08,🚨 劇減,-2.45,-1.0499999999999998,🚨 劇減,-2.86,1.2000000000000002,↘️ 微減,-0.49,2.08,,,,,,18.2,24.2,0.0,🔄 持平,-0.1,-0.2,↘️ 微減,2,3,1357.0
6188,廣明,電腦及週邊設備業,09/17,61.9,0.81,545.0,33.8,22.0,581.0,36.1,⏸️ 平量滯漲 (拋壓增大，高位見頂),-23.356009070294792,0.94,,,,14.20,,,,,,,,,,,,,,,,,,,,,,,0.0,27.3,,,,,,,,,,,129.0,431.0,798.5,,,800.0,2674.0,↘️ 微減,-0.06,0.46,↘️ 微減,-0.08,1.08,↗️ 微增,0.17,1.05,↘️ 微減,-0.13,-0.41000000000000003,,,,,,30.2,0,0.0,🔄 持平,0.0,0.0,➖ 持平,4,4,590.0
6190,萬泰科,通信網路業,09/17,68.4,-0.58,3975.0,273.0,28.5,1786.0,121.48,⚠️ 放量滯漲 (拋壓增大，即將見頂反轉),70.625,2.25,,,,14.50,,,,,,,,💤 籌碼沉澱中,,,,,,,,,,,,,,,-17.7,82.4,-58.0,122.0,-396.7,-0.55,3.37,,,-45.0,263.0,-307.8,404.0,189.0,2763.4,,,,,📉 小減,-0.75,-2.27,📉 小減,-0.8,-1.4000000000000001,↘️ 微減,-0.33,-1.0499999999999998,↗️ 微增,0.42,-1.09,,,,,,8.55,15.7,0.01,↗️ 微增,-0.75,0.0,➖ 持平,1,4,1113.0
6194,育富,電子零組件業,09/17,30.4,1.5,56.0,1.68,26.9,44.0,1.32,⏸️ 平量滯漲 (拋壓增大，高位見頂),-7.182320441988955,1.27,,,,2.20,,,,,,,,,,🌐 外資週連買(4)-🌱 週線發動,,,,,,,,,,,,,,,,,,,,,,,,,,,,,,,,↘️ 微減,-0.05,-1.44,↘️ 微減,-0.05,-1.44,↘️ 微減,-0.05,0.09,📈 小增,0.76,0.8999999999999999,,,,,,17.8,0,0.0,🔄 持平,0.0,0.0,➖ 持平,7,3,201.0
6195,詩肯,居家生活,09/17,27.7,0.0,4.0,0.1,14.8,26.0,0.72,⚖️ 溫和震盪整理,-96.13899613899613,0.14,,,,45.40,,,,,,,,,,,,,,,,,,,,,,,,,,,,,,,,,,,,,,,,,,🔄 持平,0.0,0.0,🔄 持平,-0.0,0.0,🔄 持平,-0.0,0.0,🔄 持平,-0.0,0.0,,,,,,34.5,0,0.0,🔄 持平,0.0,0.0,➖ 持平,4,4,228.0
6198,瑞築,建材營造業,09/17,19.5,0.0,0.0,0.0,,3.0,0.06,⚪ 無明顯動能,-100.0,0.0,,,,0.00,,,,,,,,,,,,,,,,,,,,,,,,,,,,,,,,,,,,,,,,,,🔄 持平,0.0,0.63,🔄 持平,-0.0,0.63,🔄 持平,-0.0,0.63,🔄 持平,-0.0,0.3,,,,,,69.5,0,0.0,🔄 持平,-0.1,0.0,➖ 持平,0,4,46.0
6199,天品,其他業,09/17,105.0,2.44,3500.0,363.0,38.6,3329.0,333.0,⚖️ 溫和震盪整理,-4.7244094488189,1.09,,,,7.20,,,,,,,,🔥 持續加碼 (0.52%),,,,,,,,,,,,,,,35.0,238.0,7.0,19.0,73.5,,,0.83,6.48,,,,,,,,,,,🚨 劇減,-2.06,-2.2100000000000004,📉 小減,-0.51,-0.66,📉 小減,-0.51,-1.65,↗️ 微增,0.46,0.040000000000000036,,,,,,44.7,25.2,-0.1,🚨 減/大減,-0.2,3.7,⚠️ 大增,3,3,1936.0
6203,海韻電,電子零組件業,09/17,59.6,0.17,47.0,2.8,9.06,51.0,3.04,⏸️ 平量滯漲 (拋壓增大，高位見頂),0.7194244604316502,0.92,,,,3.10,,,,,,🔥 強延續 (38.4%),,,,🌐 外資日連買(5)-⚡ 買盤點火 | 🌐 外資週連買(4)-🌱 週線發動,🔼 進駐,,,,,,,,,,,,,,,,,,,,,,,,,,,,,,,🔄 持平,0.0,0.0,🔄 持平,-0.0,0.0,🔄 持平,-0.0,0.02,🔄 持平,-0.0,0.02,,,,,,8.73,0,0.0,🔄 持平,-1.67,0.0,➖ 持平,8,4,112.0
6204,艾華,電子零組件業,09/17,100.0,9.65,649.0,64.1,84.0,285.0,26.82,🚀 放量大漲 (量價齊升，持續看漲),272.6744186046512,2.39,,,,3.30,,,,,,,,🔥 持續加碼 (0.41%),,🌐 外資日連買(2)-🆕 試單觀察,,,,,,,,,,,,,,,4.0,21.0,40.0,19.1,16.1,,,141.0,122.0,1410.0,,,,,,,,🔄 持平,0.0,0.0,🔄 持平,-0.0,0.0,🔄 持平,-0.0,0.0,🔄 持平,-0.0,0.0,,,,,,25.9,0,0.0,🔄 持平,0.0,0.0,➖ 持平,2,3,110.0
6207,雷科,電子零組件業,09/17,113.5,3.65,7479.0,854.0,65.6,4354.0,484.0,⚖️ 溫和震盪整理,64.23076923076923,1.76,,,,11.20,,,,,,,,🔥 持續加碼 (1.14%),,,,,-1.69,-6.84,-95.0,-407.0,-1078.2,,,,,,,,,,,,,,,,,,,,,,,,,⚠️ 大減,-1.39,-3.4499999999999993,⚠️ 大減,-1.38,-2.57,📉 小減,-0.83,-4.27,↗️ 微增,0.45,-2.86,,,,,,8.89,27.0,0.0,🔄 持平,-0.08,0.0,➖ 持平,2,2,453.0
6208,日揚,半導體業,09/17,73.6,2.22,212.0,15.7,17.3,140.0,10.32,⚖️ 溫和震盪整理,106.03674540682415,1.52,,,,3.10,,,,,,,,,,🌐 外資日連買(2)-🆕 試單觀察,,,,,,,,,,,,,,,,,,,,,,,,,,,,,,,,↘️ 微減,-0.09,0.53,↘️ 微減,-0.09,0.54,↘️ 微減,-0.08,0.6,↘️ 微減,-0.02,1.1,,,,,,12.1,0,-0.1,🚨 減/大減,-0.7,0.0,➖ 持平,6,4,469.0
6210,慶生,電子零組件業,09/17,17.1,-1.16,9.0,0.16,,14.0,0.24,⚖️ 溫和震盪整理,-23.809523809523803,0.67,,,,0.20,,,,,,🔄 持平 (0%),,,,,,,0.0,-53.8,,,,,,,,,,,,,,,,,,,,,,,,,,,,🔄 持平,0.0,0.0,🔄 持平,-0.0,0.0,🔄 持平,-0.0,0.01,🔄 持平,-0.0,0.01,,,,,,10.3,0,0.0,🔄 持平,-1.4,0.0,➖ 持平,2,2,17.0
6212,理銘,建材營造業,09/17,32.3,-0.62,9.0,0.29,16.2,2.0,0.08,⚠️ 放量滯漲 (拋壓增大，即將見頂反轉),2799.9999999999995,3.62,,,,0.50,,,,,,🔄 持平 (0%),,,,,,,,,,,,,,,,,,,,,,,,,,,,,,,,,,,,🔄 持平,0.0,0.0,🔄 持平,-0.0,0.0,🔄 持平,-0.0,0.0,↗️ 微增,0.01,0.060000000000000005,,,,,,4.86,0,0.0,🔄 持平,0.0,0.0,➖ 持平,1,4,27.0
6217,中探針,電子零組件業,09/17,162.5,-1.52,2898.0,482.0,,2552.0,417.8,🥀 平量價縮 (下跌中繼，弱反彈信號),21.410579345088166,1.15,,,,23.00,,,,,,,,💤 籌碼沉澱中,,,,,,,,,,,,-25.0,-168.0,-406.2,,,12.0,6.0,195.0,,,,,,,,,,,-416.0,-2771.0,,,⚠️ 大減,-1.41,-1.38,⚠️ 大減,-1.41,-2.9399999999999995,⚠️ 大減,-1.08,-2.58,⚠️ 大減,-1.21,-3.0999999999999996,,,,,,6.81,42.0,-0.02,↘️ 微減,-0.35,0.2,↗️ 微增,6,4,929.0
6218,豪勉,通信網路業,09/17,56.0,3.51,24670.0,1378.0,33.3,9315.0,496.54,⚖️ 溫和震盪整理,72.46558197747184,2.78,,,,9.90,,,,,,🔄 持平 (0%),,🔥 持續加碼 (1.3%),,🌐 外資週連買(8)-🚀 趨勢加溫,,,,,,,,,,,,,-42.9,130.0,-109.0,82.0,-610.4,2.12,41.0,,,51.0,715.0,285.6,,,,,,,,📈 小增,0.71,2.42,🚀 劇增,2.13,3.8599999999999994,🚀 劇增,1.95,6.030000000000001,🚀 劇增,2.92,7.16,雙引擎 | 長短線,,,,,9.96,0,0.0,🔄 持平,-0.34,0.0,➖ 持平,3,4,2700.0
6219,富旺,建材營造業,09/17,12.0,0.0,46.0,0.55,13.5,72.0,0.87,⚖️ 溫和震盪整理,-20.28985507246376,0.63,,,,2.60,,,,,,,,,,,,,,,,,,,,,,,,,,,,,,,,,,,,,,,,,,↘️ 微減,-0.01,0.33,↘️ 微減,-0.01,0.33,↘️ 微減,-0.01,0.34,↘️ 微減,-0.01,-0.28,,,,,,17.7,5.27,0.0,🔄 持平,0.0,0.0,➖ 持平,3,4,150.0
6220,岳豐,電子零組件業,09/17,25.15,-0.98,147.0,3.71,23.5,114.0,2.9,⏸️ 平量滯漲 (拋壓增大，高位見頂),-7.250000000000001,1.28,,,,3.90,,,,,,,,,,,,,,,,,,,,,,,,,,,,,,,,,,,,,,,,,,↗️ 微增,0.09,0.4799999999999999,📈 小增,0.64,-0.16999999999999998,📈 小增,0.52,-0.2,↗️ 微增,0.11,-0.29000000000000004,雙引擎,,,,,9.43,0,0.0,🔄 持平,0.0,0.0,➖ 持平,5,3,149.0
6221,晉泰,資訊服務業,09/17,28.65,-1.55,1929.0,55.7,12.2,2190.0,64.46,🥀 平量價縮 (下跌中繼，弱反彈信號),-75.46255506607929,0.86,,,,1.40,,,,,,,,,,,,,,,,,,,,,,,,,,,,,,2.94,11.4,28.0,128.0,80.2,,,,,,,,🔄 持平,0.0,-0.01,🔄 持平,-0.0,-0.01,🔄 持平,-0.0,-0.01,🔄 持平,-0.0,-0.010000000000000009,,,,,,35.1,3.51,0.0,🔄 持平,0.8,0.0,➖ 持平,2,3,657.0
6222,立軒,光電業,09/17,19.1,0.79,12.0,0.23,,19.0,0.36,⚖️ 溫和震盪整理,-42.50000000000001,0.64,,,,0.20,,,,,,,,,,,,,,,,,,,,,,,,,,,,,,,,,,,,,,,,,,🔄 持平,0.0,0.52,🔄 持平,-0.0,0.5800000000000001,🔄 持平,-0.0,0.5800000000000001,🔄 持平,-0.0,0.06,,,,,,62.0,65.2,-1.1,🚨 減/大減,-23.5,3.6,⚠️ 大增,4,4,82.0
6223,旺矽,半導體業,09/17,5500.0,-1.79,825.0,4667.0,118.0,645.0,3601.8,🥀 平量價縮 (下跌中繼，弱反彈信號),90.72333469554556,1.3,,,,28.90,,,,,,,⚠️ 趨緩 (4.43%),💤 籌碼沉澱中,🔥 持續加碼 (0.04%),🏦 投信日連買(8)-⚡ 買盤點火 | 🏦 投信週連買(2)-🌱 週線發動,,,,,,,,,,,,,0.0,28.6,,,,1.65,-1.24,4.54,9.05,,,,111.0,212.0,61050.0,,,62823.0,119048.0,↘️ 微減,-0.04,0.65,↘️ 微減,-0.04,-1.24,↗️ 微增,0.11,0.3799999999999999,📈 小增,0.51,0.7000000000000002,,,,,,9.39,0,0.0,🔄 持平,-0.49,0.0,➖ 持平,3,4,461.0
6227,茂綸,電子通路業,09/17,137.5,3.38,4887.0,683.0,10.7,3684.0,484.4,⚖️ 溫和震盪整理,198.2532751091703,1.41,,,,8.70,,,,,,🔄 持平 (0%),,🔥 持續加碼 (1.25%),,🌐 外資週連買(2)-🌱 週線發動,,,,,,,,,,,,,41.9,389.0,13.0,35.0,178.8,,,0.0,13.0,,,,,,,,,,,🔄 持平,0.0,0.0,🔄 持平,-0.0,-1.2400000000000002,↗️ 微增,0.07,-0.28000000000000025,↗️ 微增,0.08,-1.0699999999999998,,,,,,67.6,0,0.0,🔄 持平,0.0,0.0,➖ 持平,7,3,764.0
6228,全譜,電腦及週邊設備業,09/17,17.85,0.0,0.0,0.0,,0.0,0.0,⚪ 無明顯動能,-100.0,0.0,,,,0.20,,,,,,,,,,,,,,,,,,,,,,,,,,,,,,,,,,,,,,,,,,🔄 持平,0.0,0.0,🔄 持平,-0.0,0.0,🔄 持平,-0.0,0.0,🔄 持平,-0.0,0.0,,,,,,60.5,0,4.6,🔥 大增,4.6,0.0,➖ 持平,0,1,2.0
6229,研通,半導體業,09/17,23.3,-0.21,26.0,0.61,21.6,33.0,0.78,⏸️ 平量滯漲 (拋壓增大，高位見頂),-22.78481012658229,0.78,,,,2.40,,,,,,,,,,,,,,,,,,,,,,,,,,,,,,,,,,,,,,,,,,🔄 持平,0.0,0.0,🔄 持平,-0.0,0.0,🔄 持平,-0.0,0.0,🔄 持平,-0.0,-1.1400000000000001,,,,,,8.53,0,0.0,🔄 持平,0.0,0.0,➖ 持平,3,4,90.0
6231,系微,資訊服務業,09/17,212.0,0.24,285.0,61.0,28.1,330.0,69.5,⏸️ 平量滯漲 (拋壓增大，高位見頂),25.773195876288657,0.88,,,,20.80,,,,,,,,💤 籌碼沉澱中,,🌐 外資日連買(2)-🆕 試單觀察,,,,,,,,,,,,,,,,,,,,-0.05,9.93,,,,-1.0,199.0,-21.2,,,-21.4,4174.0,↘️ 微減,-0.08,0.16999999999999998,↘️ 微減,-0.08,0.16999999999999998,↘️ 微減,-0.08,-1.1800000000000002,↘️ 微減,-0.12,-0.02000000000000002,,,,,,24.8,0,0.0,🔄 持平,0.0,0.0,➖ 持平,4,4,76.0
6233,旺玖,半導體業,09/17,20.4,0.49,103.0,2.11,92.7,93.0,1.87,⏸️ 平量滯漲 (拋壓增大，高位見頂),42.567567567567565,1.13,,,,6.70,,,,,,,,,,🌐 外資日連買(2)-🆕 試單觀察,,,,,,,,,,,,,,,,,,,,,,,,,,,,,,,,↗️ 微增,0.01,0.24,↘️ 微減,-0.01,0.19000000000000014,↘️ 微減,-0.01,0.25,↘️ 微減,-0.01,1.48,,,,,,9.21,42.9,0.01,↗️ 微增,0.0,0.0,➖ 持平,5,4,91.0
6234,高僑,光電業,09/17,35.0,0.43,142.0,5.01,34.3,218.0,7.43,⚖️ 溫和震盪整理,-23.277182235834616,0.67,,,,12.30,,,,,,🔥 強延續 (44.3%),,💤 籌碼沉澱中,,🌐 外資日連買(4)-🆕 試單觀察,,,-0.87,-6.63,-23.0,-187.0,-80.5,,,,,,,,,,,,,,,,,,,,,,,,,🔄 持平,0.0,0.0,🔄 持平,-0.0,0.0,↗️ 微增,0.03,1.3199999999999998,↘️ 微減,-0.39,0.4099999999999999,,,,,,9.93,0,0.0,🔄 持平,-7.87,0.0,➖ 持平,4,3,206.0
6236,中湛,數位雲端,09/17,16.2,0.0,0.0,0.0,,0.0,0.0,⚪ 無明顯動能,-100.0,0.0,,,,0.00,,,,,,,,,,,,,,,,,,,,,,,,,,,,,,,,,,,,,,,,,,🔄 持平,0.0,0.0,🔄 持平,-0.0,0.0,🔄 持平,-0.0,0.03,🔄 持平,-0.0,0.03,,,,,,59.1,0,0.0,🔄 持平,0.0,0.0,➖ 持平,0,0,7.0
6237,驊訊,半導體業,09/17,33.9,1.95,176.0,5.95,,113.0,3.77,⚖️ 溫和震盪整理,37.413394919168596,1.58,,,,7.20,,,,,,🔥 強延續 (43.8%),,🔥 持續加碼 (0.1%),,🌐 外資日連買(4)-🆕 試單觀察 | 🌐 外資週連買(2)-🌱 週線發動,🔼 進駐,,,,,,,,,-15.0,-120.0,-50.8,,,,,,,,,,,,,,,,,,,,🔄 持平,0.0,0.0,↘️ 微減,-0.07,-0.05000000000000001,↘️ 微減,-0.04,-0.009999999999999981,↘️ 微減,-0.04,-0.010000000000000009,,,,,,12.2,5.14,0.0,🔄 持平,0.0,0.0,➖ 持平,6,4,141.0
6240,松崗,資訊服務業,09/17,25.0,2.04,198.0,5.12,,117.0,2.93,⚖️ 溫和震盪整理,15.837104072398201,1.75,,,,0.20,,,,,,,,,,,,,,,,,,,,,,,,,,,,,,,,,,,,,,,,,,🔄 持平,0.0,0.0,🔄 持平,-0.0,0.0,🚨 劇減,-3.16,-0.09000000000000001,⚠️ 大減,-1.0,2.0599999999999996,,,,,,40.8,0,0.0,🔄 持平,0.0,0.0,➖ 持平,3,4,556.0
6241,鑫永洋,通信網路業,09/17,15.75,0.96,27.0,0.42,21.3,56.0,0.87,⚖️ 溫和震盪整理,61.53846153846152,0.48,,,,1.20,,,,,,,,,,,,,,,,,,,,,,,,,,,,,,,,,,,,,,,,,,🔄 持平,0.0,11.01,🔄 持平,-0.0,10.709999999999999,🔄 持平,-0.0,9.57,🔄 持平,-0.0,9.09,,,,,,22.0,0,4.9,🔥 大增,-8.8,0.0,➖ 持平,5,4,250.0
6242,立康,生技醫療業,09/17,33.9,0.0,4.0,0.15,14.1,4.0,0.14,⏸️ 平量滯漲 (拋壓增大，高位見頂),7.14285714285714,1.07,,,,0.50,,,,,,🔄 持平 (0%),,,,,,,,,,,,,,,,,,,,,,,,,,,,,,,,,,,,🔄 持平,0.0,0.0,🔄 持平,-0.0,0.0,🔄 持平,-0.0,0.0,🔄 持平,-0.0,-0.01,,,,,,20.3,0,0.0,🔄 持平,0.0,0.0,➖ 持平,3,3,18.0
6244,茂迪,光電業,09/17,22.35,0.68,1138.0,25.7,53.2,1017.0,22.7,⏸️ 平量滯漲 (拋壓增大，高位見頂),18.981481481481467,1.13,,,,22.80,,,,,,,,,,🌐 外資日連買(2)-🆕 試單觀察,,,,,,,,,,,,,0.0,26.7,0.0,8.0,0.0,,,,,,,,25.0,211.0,55.9,,,,,↘️ 微減,-0.13,0.1800000000000001,↘️ 微減,-0.16,0.15000000000000008,↗️ 微增,0.04,0.16999999999999993,↘️ 微減,-0.22,0.20000000000000018,,,,,,6.31,0,-0.26,🚨 減/大減,-0.26,0.0,➖ 持平,4,4,3375.0
6245,立端,通信網路業,09/17,84.4,1.2,960.0,81.5,19.3,1582.0,134.84,⚖️ 溫和震盪整理,20.02945508100147,0.6,,,,12.40,,,,,,🔥 強延續 (35.2%),,🔥 持續加碼 (0.23%),,🌐 外資週連買(2)-🌱 週線發動,,,-4.46,-12.3,-97.0,-291.0,-818.7,,,,,,-20.0,100.0,,,,,,,,,,,,,,,,,,🔥 大增,1.13,1.15,🔥 大增,1.06,1.2300000000000002,📈 小增,0.99,0.5800000000000001,🔥 大增,1.03,0.10999999999999993,雙引擎 | 長短線,,,,,11.3,0,0.0,🔄 持平,0.0,0.0,➖ 持平,2,3,438.0
6246,臺龍,光電業,09/17,12.6,-0.79,15.0,0.19,63.0,39.0,0.52,⚖️ 溫和震盪整理,-44.11764705882353,0.37,,,,0.40,,,,,,,,,,,,,,,,,,,,,,,,,,,,,,,,,,,,,,,,,,🔄 持平,0.0,0.0,🔄 持平,-0.0,0.0,🔄 持平,-0.0,0.0,🔄 持平,-0.0,0.0,,,,,,23.4,16.1,0.0,🔄 持平,0.0,0.0,➖ 持平,2,4,103.0
6248,沛波,鋼鐵工業,09/17,16.75,-0.3,78.0,1.3,12.4,76.0,1.27,⏸️ 平量滯漲 (拋壓增大，高位見頂),-5.109489051094895,1.02,,,,1.00,,,,,,,,,,🌐 外資日連買(3)-🆕 試單觀察 | 🌐 外資週連買(2)-🌱 週線發動,,,,,,,,-1.03,-9.97,,,,,,,,,1.37,4.42,,,,,,,,,,,,,↘️ 微減,-0.02,0.03000000000000001,↘️ 微減,-0.02,0.03000000000000001,↘️ 微減,-0.02,0.03000000000000001,↘️ 微減,-0.02,0.03000000000000001,,,,,,13.3,24.2,0.0,🔄 持平,0.0,0.0,➖ 持平,8,4,227.0
6259,百徽,電子零組件業,09/17,28.15,0.72,99.0,2.79,18.6,123.0,3.46,⏸️ 平量滯漲 (拋壓增大，高位見頂),-5.423728813559325,0.81,,,,40.50,,,,,,,,💤 籌碼沉澱中,,🌐 外資日連買(4)-🆕 試單觀察,,,,,,,,,,,,,,,,,,,,,,,,,,,,,,,,🔄 持平,0.0,0.0,🔄 持平,-0.0,0.0,🔄 持平,-0.0,0.0,🔄 持平,-0.0,0.0,,,,,,12.8,0,0.0,🔄 持平,-0.7,0.0,➖ 持平,4,4,303.0
6261,久元,半導體業,09/17,75.4,-1.18,651.0,49.1,14.7,460.0,34.62,⏸️ 平量滯漲 (拋壓增大，高位見頂),23.36683417085428,1.42,,,,14.00,,,,,,🔄 持平 (0%),,💤 籌碼沉澱中,,🌐 外資週連買(3)-🌱 週線發動,,,,,,,,,,-26.0,-151.0,-196.0,,,,,,,,,,,,,,,,-196.0,-1120.0,,,↗️ 微增,0.02,0.10000000000000009,↗️ 微增,0.04,0.8799999999999999,↗️ 微增,0.05,0.99,↗️ 微增,0.13,-0.1600000000000002,雙引擎,,,,,7.2,0,0.0,🔄 持平,-0.03,0.0,➖ 持平,4,4,365.0
6263,普萊德,通信網路業,09/17,156.5,0.32,43.0,6.71,17.7,56.0,8.7,⏸️ 平量滯漲 (拋壓增大，高位見頂),0.44910179640718084,0.77,,,,4.20,,,,,,🔄 持平 (0%),,💤 籌碼沉澱中,,,,,,,,,,,,,,,,,,,,,,,,,,,,,,-423.0,-1148.0,,,🔄 持平,0.0,0.0,🔄 持平,-0.0,0.0,🔄 持平,-0.0,0.0,↘️ 微減,-0.12,0.79,,,,,,38.6,0,0.0,🔄 持平,0.0,0.0,➖ 持平,3,4,198.0
6264,富裔,建材營造業,09/17,6.01,-0.17,44.0,0.26,,47.0,0.28,⏸️ 平量滯漲 (拋壓增大，高位見頂),-58.06451612903225,0.93,,,,0.00,,,,,,,,,,,,,,,,,,,,,,,,,,,,,,,,,,,,,,,,,,↗️ 微增,0.02,0.13,↗️ 微增,0.02,0.13,↗️ 微增,0.02,0.13,↗️ 微增,0.02,0.13,雙引擎 | 長短線,,,,,40.1,0,0.0,🔄 持平,0.0,0.0,➖ 持平,15,4,201.0
6265,方土昶,電子通路業,09/17,48.7,0.21,1179.0,57.8,5.93,2612.0,127.8,⚖️ 溫和震盪整理,5.090909090909079,0.45,,,,9.30,,,,,,,,,,,,,,,-43.0,-244.0,-209.4,,,,,,5.48,36.3,8.0,41.0,39.0,,,-1.53,9.37,,,,-41.0,226.0,-199.7,,,,,📉 小減,-0.81,-1.23,🚨 劇減,-3.18,-0.5399999999999987,🚨 劇減,-3.09,1.2599999999999993,⚠️ 大減,-1.33,2.6099999999999994,,,,,,18.9,0,0.0,🔄 持平,0.0,0.0,➖ 持平,2,4,768.0
6266,泰詠,電子零組件業,09/17,25.0,0.0,91.0,2.27,12.7,82.0,2.04,⏸️ 平量滯漲 (拋壓增大，高位見頂),-4.2194092827004255,1.11,,,,3.10,,,,,,🔄 持平 (0%),,,,🌐 外資週連買(2)-🌱 週線發動,,,,,,,,-0.89,-9.7,-10.0,-119.0,-25.0,,,,,,,,,,,,,,,,,,,,📈 小增,0.64,0.63,↘️ 微減,-0.01,-0.02,↗️ 微增,0.39,0.38,↗️ 微增,0.01,-0.16,雙引擎,,,,,14.5,0,0.0,🔄 持平,0.0,0.0,➖ 持平,2,4,131.0
6270,倍微,電子通路業,09/17,28.6,1.24,83.0,2.39,22.0,98.0,2.78,⏸️ 平量滯漲 (拋壓增大，高位見頂),20.100502512562812,0.86,,,,5.70,,,,,,🔥 強延續 (50.3%),,💤 籌碼沉澱中,,🌐 外資日連買(7)-⚡ 買盤點火 | 🌐 外資週連買(9)-🚀 趨勢加溫,🔼 進駐,,,,,,,-1.66,-10.4,-24.0,-165.0,-68.6,,,,,,,,,,,,,,,,-68.8,-465.0,,,🔄 持平,0.0,0.0,🔄 持平,-0.0,-0.05,🔄 持平,-0.0,-0.05,↘️ 微減,-0.05,-0.10000000000000009,,,,,,23.0,0,0.0,🔄 持平,0.0,0.0,➖ 持平,9,4,235.0
6274,台燿,電子零組件業,09/17,1320.0,-6.71,22637.0,30250.0,67.4,9696.0,13261.6,🩸 放量大跌 (跟風砸盤，高位出貨持續跌),202.0167731629393,2.28,,,,30.50,,,,,,🔄 持平 (0%),,🔥 持續加碼 (0.37%),,🌐 外資日連買(2)-🆕 試單觀察 | 🌐 外資週連買(3)-🌱 週線發動,,,,,,,,,,,,,,,,,,7.56,13.3,,,922.0,1536.0,121704.0,,,,,,16169.0,10575.0,⚠️ 大減,-1.27,-2.6700000000000004,⚠️ 大減,-1.23,-1.6799999999999997,⚠️ 大減,-1.15,-3.06,📉 小減,-0.61,-3.1699999999999995,,,,,,4.26,0,0.0,🔄 持平,-0.2,0.0,➖ 持平,4,4,2967.0
6275,元山,電子零組件業,09/17,45.15,0.67,125.0,5.62,17.8,102.0,4.6,⏸️ 平量滯漲 (拋壓增大，高位見頂),60.57142857142856,1.22,,,,3.00,,,,,,🔥 強延續 (53.8%),,,,🌐 外資日連買(2)-🆕 試單觀察 | 🌐 外資週連買(2)-🌱 週線發動,🔼 進駐,,,,,,,,,,,,,,,,,,,,,,,,,,,,,,,🔄 持平,0.0,0.0,🔄 持平,-0.0,0.0,🔄 持平,-0.0,0.0,↘️ 微減,-0.01,0.14,,,,,,9.0,0,0.0,🔄 持平,-0.22,0.0,➖ 持平,2,4,97.0
6276,安鈦克,電腦及週邊設備業,09/17,20.0,1.52,11.0,0.22,,13.0,0.26,⚖️ 溫和震盪整理,-29.032258064516125,0.85,,,,1.90,,,,,,,,,,,,,,,,,,,,,,,,,,,,,,,,,,,,,,,,,,↘️ 微減,-0.06,-0.009999999999999995,↘️ 微減,-0.06,-0.009999999999999995,↘️ 微減,-0.06,-0.009999999999999995,↘️ 微減,-0.06,2.1399999999999997,,,,,,8.8,0,0.0,🔄 持平,0.0,0.0,➖ 持平,1,3,85.0
6279,胡連,電子零組件業,09/17,111.0,0.0,279.0,31.1,9.75,272.0,30.24,⏸️ 平量滯漲 (拋壓增大，高位見頂),47.39336492890995,1.03,,,,9.20,,,,,,,,,,,,,,,,,,,,,,,,,,,,,,1.68,7.49,,,,49.0,206.0,543.9,,,546.0,2289.0,📈 小增,0.81,2.0300000000000002,📉 小減,-0.8,1.25,📉 小減,-0.77,1.1500000000000001,↘️ 微減,-0.39,1.0399999999999998,,,,,,16.5,0,0.0,🔄 持平,0.0,0.0,➖ 持平,3,3,460.0
6284,佳邦,電子零組件業,09/17,75.1,-0.92,432.0,32.7,19.5,627.0,47.72,⚖️ 溫和震盪整理,13.937282229965176,0.69,,,,9.00,,,,,,,🔄 持平 (0.0%),,🔄 今日量縮持平,🌐 外資日連買(2)-🆕 試單觀察 | 🏦 投信週連買(4)-🌱 週線發動,,,,,,,,,,,,,,,,,,,,,,,,,17.0,206.0,127.7,,,129.0,1566.0,↗️ 微增,0.1,1.25,↗️ 微增,0.1,0.7100000000000001,↗️ 微增,0.11,0.7,↗️ 微增,0.12,0.7,雙引擎 | 長短線,,,,,37.9,0,0.0,🔄 持平,-0.2,0.0,➖ 持平,5,4,1621.0
6290,良維,電子零組件業,09/17,266.0,0.76,4473.0,1221.0,28.3,3113.0,821.0,⏸️ 平量滯漲 (拋壓增大，高位見頂),59.191655801825284,1.49,,,,20.90,,,,,,,,💤 籌碼沉澱中,,🌐 外資日連買(2)-🆕 試單觀察,,,,,,,,,,,,,,,,,,,,1.67,7.81,154.0,649.0,4096.4,250.0,1105.0,6650.0,,,6826.0,28924.0,🚀 劇增,2.96,3.7800000000000002,🚀 劇增,1.71,2.01,🚀 劇增,1.58,1.5999999999999999,🚀 劇增,1.71,2.8500000000000005,雙引擎 | 長短線,,,,,7.46,0,0.0,🔄 持平,-0.48,0.0,➖ 持平,3,4,2365.0
6291,沛亨,半導體業,09/17,517.0,5.4,4957.0,2597.0,44.6,2252.0,1112.8,🚀 放量大漲 (量價齊升，持續看漲),213.64734299516908,2.33,,,,6.00,,,,,,,🔄 持平 (0%),🔥 持續加碼 (1.07%),💤 籌碼沉澱中,🌐 外資日連買(2)-🆕 試單觀察,,,,,,,,,,,,,-30.6,79.2,-19.0,19.0,-982.3,6.71,11.7,,,140.0,233.0,7238.0,,,,,,,,🔄 持平,0.0,0.0,🔄 持平,-0.0,0.0,🔄 持平,-0.0,0.0,📉 小減,-0.96,-1.01,,,,,,54.6,0,0.0,🔄 持平,-0.5,0.0,➖ 持平,2,3,240.0
6292,迅德,電子零組件業,09/17,66.2,2.16,427.0,28.4,12.0,425.0,27.99,⚖️ 溫和震盪整理,236.89205219454328,1.01,,,,3.50,,,,,,🔄 持平 (0%),,🔥 持續加碼 (0.37%),,🌐 外資日連買(2)-🆕 試單觀察 | 🌐 外資週連買(3)-🌱 週線發動,,,,,,,,,,,,,,,,,,,,,,5.0,77.0,33.1,,,,,,,,🔄 持平,0.0,0.0,🔄 持平,-0.0,0.0,🔄 持平,-0.0,0.0,↗️ 微增,0.02,0.13999999999999999,,,,,,36.0,0,0.0,🔄 持平,0.0,0.0,➖ 持平,2,4,319.0
6294,智基,文化創意業,09/17,28.65,0.17,13.0,0.37,10.7,9.0,0.24,⏸️ 平量滯漲 (拋壓增大，高位見頂),146.66666666666669,1.54,,,,0.90,,,,,,🔄 持平 (0%),,,,,,,,,,,,,,,,,,,,,,7.63,15.5,,,,,,,,,,,,,🔄 持平,0.0,0.0,🔄 持平,-0.0,0.0,🔄 持平,-0.0,0.0,↗️ 微增,0.01,0.1,,,,,,19.2,0,0.0,🔄 持平,0.0,0.0,➖ 持平,2,4,26.0
6411,晶焱,半導體業,09/17,77.7,0.91,236.0,18.5,18.2,164.0,12.71,⏸️ 平量滯漲 (拋壓增大，高位見頂),155.52486187845304,1.46,,,,13.70,,,,,,,,,,🌐 外資日連買(2)-🆕 試單觀察,,,,,,,,,,,,,,,,,,,,,,,,,,,,,,,,🔄 持平,0.0,0.0,🔄 持平,-0.0,-1.96,📈 小增,0.59,0.97,↘️ 微減,-0.27,0.5,,,,,,14.2,19.5,0.0,🔄 持平,0.0,0.0,➖ 持平,4,4,191.0
6417,韋僑,通信網路業,09/17,104.0,2.46,217.0,22.6,15.9,238.0,24.35,⚖️ 溫和震盪整理,-73.69033760186264,0.93,,,,10.80,,,,,,,,,,,,,,,,,,,,,,,,,,,,1.64,7.71,,,45.0,200.0,468.0,,,,,,,,🔄 持平,0.0,2.16,🔄 持平,-0.0,-0.039999999999999994,↗️ 微增,0.01,0.03,↗️ 微增,0.06,0.18,,,,,,26.6,0,0.0,🔄 持平,-0.1,0.0,➖ 持平,5,4,322.0
6418,詠昇,電子零組件業,09/17,34.5,-0.58,48.0,1.67,90.8,68.0,2.36,⏸️ 平量滯漲 (拋壓增大，高位見頂),-16.915422885572127,0.71,,,,3.50,,,,,,,,,,,,,,,,,,,,,,,,,,,,,,,,,,,,,,,,,,🔄 持平,0.0,-0.5,🔄 持平,-0.0,-0.5,🔄 持平,-0.0,-0.5,🔄 持平,-0.0,-0.5,,,,,,25.0,0,0.0,🔄 持平,0.0,0.0,➖ 持平,11,4,384.0
6419,京晨科,光電業,09/17,152.0,1.67,105.0,15.9,5.12,172.0,25.9,📈 價升量縮 (量價背離，下方承接看拉高),-5.35714285714286,0.61,,,,12.70,,,,,,,,💤 籌碼沉澱中,,🌐 外資日連買(2)-🆕 試單觀察,,,,,,,,,,,,,,,,,,,,,,,,,,,,,,,,🔄 持平,0.0,0.0,🔄 持平,-0.0,0.0,🔄 持平,-0.0,0.010000000000000675,↘️ 微減,-0.1,0.07,,,,,,3.57,0,0.0,🔄 持平,0.0,0.0,➖ 持平,2,3,209.0
6423,億而得,半導體業,09/17,79.6,-1.73,12.0,0.95,108.0,19.0,1.52,📉 縮量小跌 (主力洗盤止跌，擇機進場),-8.653846153846157,0.62,,,,5.70,,,,,,🔄 持平 (0%),,💤 籌碼沉澱中,,🌐 外資日連買(2)-🆕 試單觀察 | 🌐 外資週連買(9)-🚀 趨勢加溫,,,,,,,,,,,,,,,,,,,,,,,,,,,,,,,,↗️ 微增,0.33,0.93,↗️ 微增,0.33,0.93,↗️ 微增,0.33,0.93,↗️ 微增,0.49,1.16,雙引擎 | 長短線,,,,,17.6,0,0.0,🔄 持平,0.1,0.0,➖ 持平,13,4,159.0
6425,易發,電機機械,09/17,62.9,1.94,322.0,20.2,61.1,231.0,14.22,⚖️ 溫和震盪整理,149.3827160493827,1.42,,,,6.10,,,,,,,,🔥 持續加碼 (0.22%),,🌐 外資日連買(2)-🆕 試單觀察,,,,,,,,,,,,,,,,,,,,,,,,,,,,,,,,🔄 持平,0.0,0.18000000000000002,🔄 持平,-0.0,0.18000000000000002,↘️ 微減,-0.17,-0.1,↘️ 微減,-0.13,-1.69,,,,,,11.3,0,0.0,🔄 持平,-1.2,0.0,➖ 持平,2,4,206.0
6432,今展科,電子零組件業,09/17,53.5,1.71,221.0,11.8,21.7,241.0,12.86,⚖️ 溫和震盪整理,16.831683168316847,0.92,,,,3.80,,,,,,🔄 持平 (0%),,🔥 持續加碼 (0.02%),,🌐 外資日連買(4)-🆕 試單觀察 | 🌐 外資週連買(2)-🌱 週線發動,,,,,,,,,,,,,,,,,,1.72,3.5,,,,,,,,,,,,,🔄 持平,0.0,-0.06,🔄 持平,-0.0,-0.08000000000000007,🔄 持平,-0.0,-3.44,🔄 持平,-0.0,-3.44,,,,,,15.6,0,0.0,🔄 持平,-1.2,0.0,➖ 持平,5,4,388.0
6435,大中,半導體業,09/17,241.0,-0.82,233.0,56.8,18.1,278.0,66.66,⏸️ 平量滯漲 (拋壓增大，高位見頂),-25.557011795543904,0.85,,,,9.60,,,,,,📉 調節洗盤 (-7.3%),,🚨 轉賣反轉 (-0.05%),,,,,,,,,,,,,,,50.0,50.0,,,,,,,,,,,,,,0.0,-533.0,,,↗️ 微增,0.02,0.05,↗️ 微增,0.02,-2.13,↗️ 微增,0.02,-2.13,↗️ 微增,0.02,-4.42,雙引擎,,,,,42.6,0,0.0,🔄 持平,0.0,0.0,➖ 持平,4,3,86.0
6441,廣錠,電腦及週邊設備業,09/17,23.45,2.4,263.0,6.08,,933.0,23.66,📈 價升量縮 (量價背離，下方承接看拉高),-43.17757009345794,0.26,,,,2.00,,,,,,🔄 持平 (0%),,💤 籌碼沉澱中,,🌐 外資日連買(4)-🆕 試單觀察 | 🌐 外資週連買(10)-👑 長線主控,,,-3.8,-33.4,-35.0,-444.0,-82.1,0.66,-9.45,,,,,,,,,,,,,,,,,,,,,,,🔄 持平,0.0,0.0,🔄 持平,-0.0,0.0,🔄 持平,-0.0,0.0,📈 小增,0.76,0.8400000000000001,,,,,,42.7,25.2,0.0,🔄 持平,0.7,-0.1,↘️ 微減,2,2,144.0
6461,益得,生技醫療業,09/17,25.2,2.65,76.0,1.92,,114.0,2.84,📈 價升量縮 (量價背離，下方承接看拉高),156.0,0.68,,,,0.50,,,,,,,,,,,,,,,,,,,,,,,,,,,,,,,,,,,,,,,,,,無資料,,0.16,🔄 持平,-0.0,0.16,🔄 持平,-0.0,0.22,🔄 持平,-0.0,0.48,,,,,,47.1,0,0.0,🔄 持平,-0.1,0.0,➖ 持平,6,4,150.0
6462,神盾,半導體業,09/17,97.6,-0.61,427.0,42.3,,319.0,31.22,⏸️ 平量滯漲 (拋壓增大，高位見頂),176.47058823529406,1.35,,,,12.80,,,,,,🔄 持平 (0%),,💤 籌碼沉澱中,,🌐 外資日連買(2)-🆕 試單觀察,,,,,,,,,,,,,-7.14,62.5,,,,,,,,,,,,,,,,,,↗️ 微增,0.21,1.37,↗️ 微增,0.21,0.34000000000000014,↗️ 微增,0.21,-0.54,↗️ 微增,0.22,0.55,雙引擎 | 長短線,,,,,10.0,15.3,0.0,🔄 持平,0.0,0.0,➖ 持平,3,4,467.0
6465,威潤,通信網路業,09/17,41.45,-0.24,72.0,3.0,12.1,89.0,3.69,⏸️ 平量滯漲 (拋壓增大，高位見頂),-4.458598726114649,0.81,,,,1.70,,,,,,,,,,🌐 外資日連買(4)-🆕 試單觀察,,,,,,,,,,,,,,,,,,,,,,,,,,,,,,,,🚨 劇減,-3.09,-3.55,🚨 劇減,-3.02,-3.3900000000000006,🚨 劇減,-3.01,-3.5299999999999994,🚨 劇減,-2.84,-4.33,,,,,,24.7,0,0.0,🔄 持平,-6.3,0.0,➖ 持平,7,4,227.0
6469,大樹,生技醫療業,09/17,64.0,0.47,422.0,27.0,18.6,452.0,29.36,⏸️ 平量滯漲 (拋壓增大，高位見頂),-21.052631578947377,0.92,,,,4.70,,,,,,,,,,,,,,,,,,,,,,,,,,,,,,,,,,,39.0,350.0,249.6,,,249.0,2278.0,↗️ 微增,0.04,-1.05,↗️ 微增,0.04,-1.8300000000000003,↗️ 微增,0.04,-0.9500000000000001,↗️ 微增,0.04,-0.7800000000000001,雙引擎,,,,,16.8,43.4,0.0,🔄 持平,-2.8,-2.6,✅ 大減,2,4,178.0
6470,宇智,通信網路業,09/17,43.1,-0.69,19.0,0.83,9.0,21.0,0.93,⏸️ 平量滯漲 (拋壓增大，高位見頂),-51.74418604651163,0.89,,,,3.60,,,,,,🔄 持平 (0.0%),,💤 籌碼沉澱中,,🌐 外資週連買(5)-🚀 趨勢加溫,,,,,,,,0.72,-12.0,,,,,,,,,,,,,,,,,,,,,,,🔄 持平,0.0,0.0,🔄 持平,-0.0,0.0,🚀 劇增,1.72,1.72,↗️ 微增,0.41,1.73,,,,,,40.0,0,0.0,🔄 持平,39.96,0.0,➖ 持平,4,4,300.0
6474,華豫寧,電子通路業,09/17,35.55,0.71,6.0,0.21,10.5,25.0,0.87,⚖️ 溫和震盪整理,-61.111111111111114,0.24,,,,0.60,,,,,,,,,,,,,-1.6,-7.5,,,,,,,,,,,,,,,,0.0,28.6,,,,,,,,,,,🔄 持平,0.0,0.0,🔄 持平,-0.0,-0.02,🔄 持平,-0.0,-1.34,🔄 持平,-0.0,-0.25,,,,,,14.6,0,0.0,🔄 持平,0.0,0.0,➖ 持平,2,4,68.0
6482,弘煜科,文化創意業,09/17,24.7,-0.4,14.0,0.34,13.4,11.0,0.27,⏸️ 平量滯漲 (拋壓增大，高位見頂),21.42857142857142,1.26,,,,2.40,,,,,,,,,,🌐 外資週連買(2)-🌱 週線發動,,,,,,,,,,,,,,,,,,,,,,,,,,,,,,,,🔄 持平,0.0,0.0,🔄 持平,-0.0,0.0,🔄 持平,-0.0,0.0,🔄 持平,-0.0,0.0,,,,,,53.6,0,0.0,🔄 持平,0.0,0.0,➖ 持平,3,1,43.0
6485,點序,半導體業,09/17,59.4,-0.67,286.0,17.3,,150.0,8.93,⚠️ 放量滯漲 (拋壓增大，即將見頂反轉),137.31138545953362,1.94,,,,14.20,,,,,,,,,,🌐 外資日連買(2)-🆕 試單觀察,,,,,,,,,,,,,,,,,,,,,,,,,,,,,,,,🔄 持平,0.0,0.0,↘️ 微減,-0.05,1.73,↗️ 微增,0.05,0.13999999999999996,↗️ 微增,0.05,0.13999999999999996,,,,,,12.8,29.3,0.0,🔄 持平,-0.6,0.0,➖ 持平,3,4,268.0
6486,互動,通信網路業,09/17,81.2,0.12,87.0,7.08,16.8,72.0,5.82,⏸️ 平量滯漲 (拋壓增大，高位見頂),36.94390715667313,1.22,,,,4.50,,,,,,🔄 持平 (0%),,💤 籌碼沉澱中,,🌐 外資日連買(2)-🆕 試單觀察 | 🌐 外資週連買(2)-🌱 週線發動,,,,,,,,-1.05,-10.4,,,,,,,,,,,,,,,,,,,-56.7,-613.0,,,🔄 持平,0.0,0.0,🔄 持平,-0.0,0.0,↗️ 微增,0.01,0.04,↗️ 微增,0.01,0.04,,,,,,34.2,0,0.0,🔄 持平,0.0,0.0,➖ 持平,4,2,219.0
6488,環球晶,半導體業,09/17,912.0,-2.67,10545.0,9839.0,44.3,6891.0,6328.0,🛡️ 放量小跌 (見底信號，越跌越買反轉),58.59123146357188,1.55,,,,27.10,,,,,,,,💤 籌碼沉澱中,,,,,,,,,,,,,,,85.7,175.0,150.0,207.0,13680.0,2.1,1.38,4.68,13.8,259.0,172.0,23620.8,1300.0,3515.0,118560.0,,,121295.0,323422.0,↘️ 微減,-0.16,-2.16,📉 小減,-0.56,-3.0700000000000003,↘️ 微減,-0.39,-2.2,📉 小減,-0.56,-2.8099999999999996,,,,,,47.0,0,0.0,🔄 持平,0.0,0.0,➖ 持平,1,4,1064.0
6492,生華科,生技醫療業,09/17,34.35,1.63,331.0,11.4,,179.0,6.06,⚖️ 溫和震盪整理,259.62145110410097,1.88,,,,8.50,,,,,,🔄 持平 (0%),,💤 籌碼沉澱中,,🌐 外資日連買(3)-🆕 試單觀察 | 🌐 外資週連買(2)-🌱 週線發動,,,,,,,,,,,,,,,,,,,,,,,,,,,,,,,,↘️ 微減,-0.14,6.95,↘️ 微減,-0.14,8.37,↘️ 微減,-0.15,8.959999999999999,↘️ 微減,-0.15,8.32,,,,,,7.94,0,-0.35,🚨 減/大減,-0.35,0.0,➖ 持平,2,4,301.0
6494,九齊,半導體業,09/17,49.6,0.0,56.0,2.8,16.7,63.0,3.11,⏸️ 平量滯漲 (拋壓增大，高位見頂),-28.205128205128204,0.9,,,,10.30,,,,,,🔄 持平 (0%),,💤 籌碼沉澱中,,,,,,,,,,,,,,,,,,,,,,,,,,,,,,,,,,🔄 持平,0.0,0.0,🔄 持平,-0.0,0.0,🔄 持平,-0.0,0.0,↗️ 微增,0.03,1.8,,,,,,7.62,0,0.0,🔄 持平,0.0,0.0,➖ 持平,2,4,80.0
6496,科懋,生技醫療業,09/17,24.45,-0.81,4.0,0.11,,5.0,0.12,⏸️ 平量滯漲 (拋壓增大，高位見頂),-69.44444444444444,0.92,,,,0.30,,,,,,,,,,,,,,,,,,0.0,-13.6,,,,,,,,,0.0,12.8,,,,,,,,,,,,,🔄 持平,0.0,0.0,🔄 持平,-0.0,0.0,🔄 持平,-0.0,0.0,🔄 持平,-0.0,0.0,,,,,,36.6,0,0.0,🔄 持平,0.1,0.0,➖ 持平,1,2,27.0
6498,久禾光,光電業,09/17,65.8,-0.6,117.0,7.74,8.69,178.0,11.74,⚖️ 溫和震盪整理,24.03846153846154,0.66,,,,3.00,,,,,,🔄 持平 (0%),,💤 籌碼沉澱中,,,,,,,,,,,,,,,,,,,,,,,,,,,,,,,,,,↘️ 微減,-0.4,-1.4600000000000002,↘️ 微減,-0.45,-1.51,↘️ 微減,-0.45,-4.25,↘️ 微減,-0.45,-3.0700000000000003,,,,,,20.1,0,0.0,🔄 持平,0.2,0.0,➖ 持平,2,4,129.0
6499,益安,生技醫療業,09/17,74.0,1.37,205.0,15.0,,184.0,13.09,⏸️ 平量滯漲 (拋壓增大，高位見頂),-5.063291139240511,1.15,,,,15.50,,,,,,🔄 持平 (0%),,,,🌐 外資週連買(2)-🌱 週線發動,,,,,,,,,,,,,,,,,,,,,,,,,,,,,,,,🔥 大增,1.17,1.16,🔥 大增,1.17,0.37,↗️ 微增,0.35,0.37999999999999995,↘️ 微減,-0.09,-0.12,,,,,,35.0,28.9,0.0,🔄 持平,0.0,0.0,➖ 持平,4,4,293.0
6506,雙邦,紡織纖維,09/17,18.0,0.56,81.0,1.45,12.2,56.0,1.0,⏸️ 平量滯漲 (拋壓增大，高位見頂),253.65853658536585,1.45,,,,1.40,,,,,,,,,,,,,-5.67,-8.41,,,,,,,,,,,,,,,,,,,,,,,,,,,,↗️ 微增,0.05,0.15000000000000002,↗️ 微增,0.05,0.15000000000000002,↗️ 微增,0.06,0.18000000000000002,↗️ 微增,0.06,0.19999999999999998,雙引擎 | 長短線,,,,,23.5,5.15,0.0,🔄 持平,0.0,-5.15,🌟 遽減,2,4,470.0
6508,惠光,農業科技業,09/17,25.25,0.0,105.0,2.44,24.8,41.0,0.99,⚠️ 放量滯漲 (拋壓增大，即將見頂反轉),1009.090909090909,2.46,,,,0.90,,,,,,,,,,,,,,,,,,,,,,,,,,,,,,,,,,,,,,,,,,🔄 持平,0.0,0.07,🔄 持平,-0.0,0.07,↗️ 微增,0.01,0.09,↗️ 微增,0.01,0.63,,,,,,30.3,15.3,0.0,🔄 持平,0.0,0.0,➖ 持平,4,4,51.0
6509,聚和,化學工業,09/17,45.85,0.33,387.0,17.8,12.7,570.0,26.02,⚖️ 溫和震盪整理,-32.57575757575757,0.68,,,,11.60,,,,,,,⚠️ 趨緩 (1.81%),,🔄 今日量縮持平,🏦 投信週連買(3)-🌱 週線發動,,,,,,,,,,,,,,,,,,,,,,,,,,,,-18.4,-466.0,,,↘️ 微減,-0.05,1.0200000000000002,↘️ 微減,-0.05,0.01000000000000012,↘️ 微減,-0.13,0.35,↗️ 微增,0.11,0.2899999999999999,,,,,,5.39,0,0.0,🔄 持平,0.05,0.0,➖ 持平,4,4,572.0
6510,精測,半導體業,09/17,3200.0,-0.93,672.0,2174.0,75.3,826.0,2779.6,⏸️ 平量滯漲 (拋壓增大，高位見頂),-4.1446208112874805,0.78,,,,18.20,,,,,,📉 調節洗盤 (-11.6%),🔄 持平 (0%),🚨 轉賣反轉 (-0.24%),💤 籌碼沉澱中,,,,,,,,,-4.83,-9.52,,,,,,,,,0.7,-1.82,,,,,,,,,-12946.0,-27513.0,,,🚨 劇減,-2.92,3.140000000000001,↘️ 微減,-0.22,-0.120000000000001,🚀 劇增,1.71,-0.4100000000000002,↗️ 微增,0.01,2.36,,,,,,35.6,0,0.0,🔄 持平,0.0,0.0,➖ 持平,2,4,615.0
6512,啟發電,其他電子業,09/17,20.55,-0.24,4.0,0.07,,7.0,0.15,⚖️ 溫和震盪整理,-29.999999999999993,0.47,,,,0.10,,,,,,,,,,,,,,,,,,,,,,,,,,,,,,,,,,,,,,,,,,🔄 持平,0.0,0.0,🔄 持平,-0.0,-0.01,🔄 持平,-0.0,-0.01,🔄 持平,-0.0,-0.01,,,,,,14.4,0,0.0,🔄 持平,0.0,0.0,➖ 持平,2,4,31.0
6516,勤崴國際,資訊服務業,09/17,57.6,1.59,53.0,3.05,26.5,62.0,3.47,⚖️ 溫和震盪整理,-3.4810126582278555,0.88,,,,1.40,,,,,,,,,,,,,,,,,,,,,,,,,,,,3.05,5.54,3.83,12.4,,,,,,,,,,,🔄 持平,0.0,-0.01,🔄 持平,-0.0,-0.01,🔄 持平,-0.0,-0.19,🔄 持平,-0.0,-0.9500000000000002,,,,,,35.1,0,0.0,🔄 持平,0.0,0.0,➖ 持平,4,4,107.0
6517,保勝光學,光電業,09/17,63.5,1.11,184.0,11.6,25.3,272.0,17.12,⚖️ 溫和震盪整理,-37.63440860215055,0.68,,,,8.70,,,,,,,,💤 籌碼沉澱中,,🌐 外資日連買(2)-🆕 試單觀察,,,0.3,-7.5,5.0,-137.0,31.8,,,,,,,,,,,,,,,,,,,,,,,,,🔄 持平,0.0,0.0,🔄 持平,-0.0,0.0,🔄 持平,-0.0,0.0,🚀 劇增,1.55,1.5399999999999998,,,,,,18.0,0,0.0,🔄 持平,0.0,0.0,➖ 持平,2,2,770.0
6523,達爾膚,生技醫療業,09/17,89.7,-0.11,6.0,0.53,13.6,14.0,1.26,⚖️ 溫和震盪整理,-49.523809523809526,0.42,,,,1.80,,,,,,🔄 持平 (0%),,,,,,,,,,,,-0.65,-9.47,,,,,,,,,,,,,,,,,,,,,,,🔄 持平,0.0,0.0,🔄 持平,-0.0,0.0,🔄 持平,-0.0,0.0,🔄 持平,-0.0,0.0,,,,,,18.5,0,0.0,🔄 持平,0.0,0.0,➖ 持平,1,4,28.0
6527,明達醫,生技醫療業,09/17,75.0,-0.27,11.0,0.83,12.8,17.0,1.29,⚖️ 溫和震盪整理,-2.352941176470591,0.64,,,,0.30,,,,,,,,,,🌐 外資日連買(2)-🆕 試單觀察,,,,,,,,,,,,,,,,,,,,0.0,10.0,,,,,,,,,,,📈 小增,0.7,1.92,📈 小增,0.7,1.92,📈 小增,0.7,1.92,📈 小增,0.7,2.04,雙引擎 | 長短線,,,,,31.3,0,0.8,📈 增,3.5,0.0,➖ 持平,16,4,165.0
6530,創威,通信網路業,09/17,99.7,3.21,5318.0,533.0,41.2,1962.0,190.36,⚖️ 溫和震盪整理,219.1616766467066,2.8,,,,6.40,,,,,,,,🔥 持續加碼 (0.8%),,🌐 外資日連買(4)-🆕 試單觀察,,,-4.67,-8.54,-127.0,-242.0,-1266.2,,,,,,,,,,,,,,,,,,,,,,,,,🔄 持平,0.0,0.0,🚨 劇減,-2.43,-4.440892098500626e-16,↘️ 微減,-0.16,-0.07,↘️ 微減,-0.16,-3.26,,,,,,10.7,0,0.0,🔄 持平,-0.6,0.0,➖ 持平,4,2,119.0
6532,瑞耘,半導體業,09/17,93.9,2.07,688.0,65.1,11.7,483.0,45.1,⚖️ 溫和震盪整理,147.52851711026614,1.44,,,,13.40,,,,,,,,🔥 持續加碼 (0.27%),,🌐 外資日連買(2)-🆕 試單觀察,,,,,-84.0,-144.0,-788.8,,,,,,,,,,,,,,,,,,,,,28.4,-803.0,,,🔄 持平,0.0,0.0,🚨 劇減,-2.13,0.0,↘️ 微減,-0.33,-0.19000000000000003,🔥 大增,1.0,3.69,,,,,,9.99,0,0.0,🔄 持平,0.0,0.0,➖ 持平,2,4,569.0
6535,順藥,生技醫療業,09/17,76.2,2.14,197.0,15.0,,169.0,12.85,⚖️ 溫和震盪整理,38.888888888888886,1.17,,,,5.20,,,,,,,,,,,,,,,,,,,,,,,,,,,,,,,,,,,,,,,,,,↗️ 微增,0.03,-0.5900000000000001,↘️ 微減,-0.01,-0.6299999999999999,↘️ 微減,-0.42,-0.15000000000000005,↗️ 微增,0.18,-0.08000000000000002,雙引擎,,,,,35.6,56.8,0.0,🔄 持平,0.0,0.0,➖ 持平,5,4,290.0
6538,倉和,電子零組件業,09/17,353.0,-7.23,832.0,300.0,197.0,581.0,211.74,🕳️ 平量大跌 (一致看空無承接，加速下跌),67.59776536312849,1.42,,,,15.10,,,,,,🔄 持平 (0%),,💤 籌碼沉澱中,,,,,,,-72.0,-309.0,-2541.6,,,,,,,,,,,,,,,,,,,,,,,,,🚨 劇減,-1.53,11.67,📈 小增,0.8,6.91,🚀 劇增,2.66,9.91,🚀 劇增,5.32,16.17,,,,,,8.24,0,0.0,🔄 持平,1.63,0.0,➖ 持平,2,4,2329.0
6542,隆中,文化創意業,09/17,42.45,-0.35,24.0,1.02,94.3,12.0,0.5,⚠️ 放量滯漲 (拋壓增大，即將見頂反轉),7.36842105263158,2.04,,,,18.00,,,,,,,,,,,,,,,,,,,,,,,,,,,,,,,,,,,,,,,,,,🔄 持平,0.0,0.0,🔄 持平,-0.0,0.01,🔄 持平,-0.0,0.01,🔄 持平,-0.0,0.01,,,,,,29.0,0,0.0,🔄 持平,0.0,0.0,➖ 持平,2,3,34.0
6546,正基,通信網路業,09/17,60.4,0.33,224.0,13.6,14.8,131.0,7.84,⚠️ 放量滯漲 (拋壓增大，即將見頂反轉),153.73134328358208,1.73,,,,9.10,,,,,,🔥 強延續 (40.6%),,,,🌐 外資日連買(2)-🆕 試單觀察,🔼 進駐,,,,,,,,,,,,,,,,,,,,,,,,,,,,,,,🔄 持平,0.0,0.0,↘️ 微減,-0.01,-0.020000000000000004,↗️ 微增,0.01,0.92,↗️ 微增,0.2,1.0499999999999998,,,,,,31.4,0,0.0,🔄 持平,-0.4,0.0,➖ 持平,2,4,298.0
6547,高端疫苗,生技醫療業,09/17,60.7,0.33,2352.0,143.0,,4191.0,249.0,⚖️ 溫和震盪整理,-4.666666666666663,0.57,,,,9.40,,,,,,🔄 持平 (0%),,💤 籌碼沉澱中,,,,,,,-57.0,-153.0,-346.0,,,,,,,,,,,,,,,,,,,,,,,,,⚠️ 大減,-1.36,-0.41000000000000003,🚨 劇減,-1.57,-0.15000000000000002,📉 小減,-0.8,1.54,📉 小減,-0.79,0.7699999999999999,,,,,,17.2,24.6,-0.1,🚨 減/大減,-0.3,0.1,↗️ 微增,5,4,3375.0
6548,長科*,半導體業,09/17,72.6,1.4,3262.0,241.0,31.7,2035.0,147.28,⚠️ 放量滯漲 (拋壓增大，即將見頂反轉),207.39795918367344,1.64,,,,5.70,,,,,,🔥 強延續 (34.0%),🔄 持平 (0%),🔥 持續加碼 (0.12%),💤 籌碼沉澱中,,🚀 強軋,,-1.83,-5.5,-125.0,-391.0,-907.5,,,59.0,-725.0,428.3,,,,,,,,,,,,,,,,435.0,-5057.0,,,↘️ 微減,-0.26,0.19999999999999998,↘️ 微減,-0.26,0.09000000000000002,↘️ 微減,-0.35,-0.18000000000000002,↘️ 微減,-0.38,-0.13,,,,,,52.0,0,0.0,🔄 持平,0.0,0.0,➖ 持平,1,4,1345.0
6556,勝品,光電業,09/17,61.4,0.16,2.0,0.13,7.94,8.0,0.5,⚖️ 溫和震盪整理,-48.0,0.26,,,,0.60,,,,,,🔄 持平 (0%),,,,,🔼 進駐,,,,,,,,,,,,,,,,,,,,,,,,,,,,,,,↗️ 微增,0.02,-3.85,↗️ 微增,0.02,-1.0599999999999998,↘️ 微減,-0.01,-1.17,↘️ 微減,-0.01,-1.17,,,,,,27.1,0,0.0,🔄 持平,1.9,0.0,➖ 持平,3,4,22.0
6560,欣普羅,光電業,09/17,34.25,-2.14,195.0,6.8,28.1,89.0,3.03,🛡️ 放量小跌 (見底信號，越跌越買反轉),50.77605321507761,2.24,,,,4.90,,,,,,🔄 持平 (0%),,,,🌐 外資週連買(4)-🌱 週線發動,,,,,,,,,,,,,,,,,,,,,,,,,,,,,,,,🔄 持平,0.0,0.0,🔄 持平,-0.0,0.0,🔄 持平,-0.0,0.0,🔄 持平,-0.0,0.0,,,,,,28.4,0,0.0,🔄 持平,17.9,0.0,➖ 持平,1,2,68.0
6561,是方,通信網路業,09/17,316.5,1.12,29.0,9.04,20.9,64.0,19.99,⚖️ 溫和震盪整理,-27.680000000000003,0.45,,,,7.10,,,,,,,🔄 持平 (0.0%),,🔄 今日量縮持平,🌐 外資日連買(2)-🆕 試單觀察 | 🏦 投信週連買(4)-🌱 週線發動,,,,,,,,,,,,,,,,,,,,,,,,,,,,,,,,↘️ 微減,-0.04,-0.08,↘️ 微減,-0.04,-0.08,↘️ 微減,-0.04,-0.08,↘️ 微減,-0.04,-0.08,,,,,,55.8,0,0.0,🔄 持平,0.0,0.0,➖ 持平,2,4,38.0
6568,宏觀,半導體業,09/17,139.0,2.58,191.0,26.8,27.6,117.0,15.94,⚖️ 溫和震盪整理,9.387755102040817,1.68,,,,10.80,,,,,,🔄 持平 (0%),,💤 籌碼沉澱中,,,,,,,,,,,,,,,,,,,,1.72,4.68,,,,,,,,,,,,,🔄 持平,0.0,0.0,🔄 持平,-0.0,0.0,🔄 持平,-0.0,0.0,🔄 持平,-0.0,0.14,,,,,,33.1,0,0.0,🔄 持平,0.0,0.0,➖ 持平,2,4,123.0
6569,醫揚,生技醫療業,09/17,90.3,-0.99,12.0,1.12,19.2,17.0,1.53,⏸️ 平量滯漲 (拋壓增大，高位見頂),67.16417910447763,0.73,,,,3.10,,,,,,🔥 強延續 (16.1%),,,,🌐 外資日連買(5)-⚡ 買盤點火,,,,,,,,,,,,,,,,,,,,,,,,,,,,,,,,🔄 持平,0.0,-0.45,🔄 持平,-0.0,1.47,🔄 持平,-0.0,-0.48,↗️ 微增,0.01,1.47,,,,,,47.8,0,-0.9,🚨 減/大減,-0.9,0.0,➖ 持平,3,4,65.0
6570,維田,電腦及週邊設備業,09/17,46.7,-0.64,82.0,3.88,18.5,71.0,3.34,⏸️ 平量滯漲 (拋壓增大，高位見頂),255.96330275229354,1.16,,,,3.30,,,,,,🔥 強延續 (26.7%),,,,🌐 外資日連買(3)-🆕 試單觀察,,,,,,,,,,,,,,,,,,,,,,,,,,,,,,,,🔄 持平,0.0,0.060000000000000005,🔄 持平,-0.0,0.060000000000000005,🔄 持平,-0.0,0.060000000000000005,⚠️ 大減,-1.3,0.10000000000000031,,,,,,17.2,0,0.0,🔄 持平,0.0,0.0,➖ 持平,2,4,121.0
6574,霈方,生技醫療業,09/17,120.0,0.0,46.0,5.56,9.07,22.0,2.65,⚠️ 放量滯漲 (拋壓增大，即將見頂反轉),177.99999999999997,2.1,,,,0.60,,,,,,,,,,,,,,,,,,,,,,,,,,,,,,,,,,,,,,,,,,🔄 持平,0.0,0.0,🔄 持平,-0.0,0.0,🔄 持平,-0.0,0.0,↗️ 微增,0.03,1.65,,,,,,44.8,0,0.0,🔄 持平,0.0,0.0,➖ 持平,2,2,32.0
6576,逸達,生技醫療業,09/17,83.3,0.6,71.0,5.89,595.0,103.0,8.41,⚖️ 溫和震盪整理,-9.523809523809524,0.7,,,,22.40,,,,,,,,,,🌐 外資日連買(4)-🆕 試單觀察,,,,,,,,,,,,,,,,,,,,,,,,,,,,,,,,↗️ 微增,0.16,0.64,↗️ 微增,0.16,0.64,↗️ 微增,0.15,0.26,↗️ 微增,0.14,0.56,雙引擎 | 長短線,,,,,15.2,0,0.0,🔄 持平,0.0,0.0,➖ 持平,18,4,1103.0
6577,勁豐,電腦及週邊設備業,09/17,79.3,-0.5,15.0,1.2,11.0,14.0,1.08,⏸️ 平量滯漲 (拋壓增大，高位見頂),-9.774436090225569,1.11,,,,1.50,,,,,,,🔥 強延續 (6.96%),,🔄 今日量縮持平,🏦 投信日連買(3)-🆕 試單觀察 | 🏦 投信週連買(3)-🌱 週線發動,,,,,,,,-5.49,-9.47,,,,,,,,,,,,,,,,,,,,,,,🔄 持平,0.0,0.0,🔄 持平,-0.0,0.0,🔄 持平,-0.0,0.0,🔄 持平,-0.0,0.0,,,,,,67.3,0,0.0,🔄 持平,0.0,0.0,➖ 持平,3,4,73.0
6578,達邦蛋白,農業科技業,09/17,16.7,-1.76,62.0,1.05,,42.0,0.72,🥀 平量價縮 (下跌中繼，弱反彈信號),40.000000000000014,1.46,,,,0.80,,,,,,🔄 持平 (0%),,,,,,,,,,,,-7.07,-12.4,,,,,,,,,,,,,,,,,,,,,,,🚀 劇增,1.55,1.6500000000000001,↗️ 微增,0.3,1.7,↗️ 微增,0.3,1.7,↗️ 微增,0.31,1.12,雙引擎 | 長短線,,,,,39.3,0,0.0,🔄 持平,0.0,0.0,➖ 持平,5,4,600.0
6584,南俊國際,電子零組件業,09/17,551.0,-0.72,305.0,171.0,51.5,329.0,182.0,⏸️ 平量滯漲 (拋壓增大，高位見頂),18.75,0.94,,,,12.30,,,,,,,🔄 持平 (0%),💤 籌碼沉澱中,💤 籌碼沉澱中,,,,,,,,,,,,,,20.0,71.4,,,,,,1.33,13.6,,,,,,,,,447.0,4035.0,🔄 持平,0.0,0.0,🔄 持平,-0.0,-2.48,🔄 持平,-0.0,-2.4,↗️ 微增,0.01,-2.4,,,,,,23.1,0,0.0,🔄 持平,-0.3,0.0,➖ 持平,3,4,719.0
6588,東典光電,通信網路業,09/17,118.5,7.73,6776.0,804.0,624.0,2298.0,262.2,🚀 放量大漲 (量價齊升，持續看漲),548.3870967741935,3.07,,,,5.20,,,,,,,,🔥 持續加碼 (1.75%),,🌐 外資日連買(3)-🆕 試單觀察,,,,,,,,,,,,,,,,,,17.4,9.77,,,447.0,268.0,5297.0,,,,,,,,🔄 持平,0.0,0.0,🔄 持平,-0.0,-0.04,🔄 持平,-0.0,-0.04,🔄 持平,-0.0,-4.1,,,,,,18.1,0,0.0,🔄 持平,-2.3,0.0,➖ 持平,2,3,363.0
6590,普鴻,資訊服務業,09/17,65.5,-8.52,161.0,10.8,12.4,118.0,8.13,🕳️ 平量大跌 (一致看空無承接，加速下跌),-32.9192546583851,1.33,,,,0.10,,,,,,,,,,🌐 外資週連買(4)-🌱 週線發動,,,,,,,,,,,,,,,,,,,,,,,,,,,,,,,,↗️ 微增,0.02,-0.69,↗️ 微增,0.02,2.56,↗️ 微增,0.06,0.09,↘️ 微減,-0.03,-0.11,,,,,,44.4,33.8,0.1,📈 增,0.4,1.6,⚠️ 大增,2,4,48.0
6593,台灣銘板,資訊服務業,09/17,31.45,-0.47,5.0,0.16,,15.0,0.46,⚖️ 溫和震盪整理,-76.47058823529412,0.35,,,,1.90,,,,,,🔄 持平 (0%),,💤 籌碼沉澱中,,🌐 外資日連買(2)-🆕 試單觀察,,,,,,,,,,,,,,,,,,,,,,,,,,,,,,,,↗️ 微增,0.01,0.01,↗️ 微增,0.01,0.08999999999999941,↗️ 微增,0.01,4.41,↗️ 微增,0.01,1.01,雙引擎 | 長短線,,,,,5.89,0,0.0,🔄 持平,-0.16,0.0,➖ 持平,1,4,78.0
6596,寬宏藝術,文化創意業,09/17,95.9,1.48,102.0,9.73,4.8,98.0,9.22,⏸️ 平量滯漲 (拋壓增大，高位見頂),127.86885245901645,1.06,,,,4.20,,,,,,🔥 強延續 (46.1%),,🔥 持續加碼 (0.12%),,🌐 外資週連買(10)-👑 長線主控,🔼 進駐,,,,,,,,,,,,,,,,,,,,,,,,,,,,,,,🔄 持平,0.0,0.0,🔄 持平,-0.0,0.0,🔄 持平,-0.0,-0.05,🔄 持平,-0.0,-0.05,,,,,,19.5,0,0.0,🔄 持平,0.0,0.0,➖ 持平,3,4,122.0
6597,立誠,電子零組件業,09/17,69.9,-0.29,11.0,0.76,43.1,2.0,0.17,⚠️ 放量滯漲 (拋壓增大，即將見頂反轉),744.4444444444445,4.47,,,,0.00,,,,,,,,,,,,,,,,,,,,,,,,,,,,,,,,,,,,,,,,,,🔄 持平,0.0,0.0,🚀 劇增,2.66,2.66,↗️ 微增,0.04,0.33,↗️ 微增,0.04,0.52,,,,,,61.9,0,0.0,🔄 持平,0.0,0.0,➖ 持平,2,3,47.0
6603,富強鑫,電機機械,09/17,27.9,9.84,6377.0,174.0,36.7,2075.0,54.82,🚀 放量大漲 (量價齊升，持續看漲),806.25,3.17,,,,5.80,,,,,,,,🔥 持續加碼 (1.5%),,,,,,,,,,,,,,,700.0,860.0,42.0,43.0,117.2,4.03,5.45,0.93,24.4,315.0,420.0,878.8,51.0,1090.0,142.3,,,139.0,2764.0,↘️ 微減,-0.19,0.41999999999999993,↘️ 微減,-0.2,0.43999999999999995,📉 小減,-0.73,1.2499999999999998,⚠️ 大減,-1.05,1.0399999999999998,,,,,,19.1,0,0.0,🔄 持平,-0.1,0.0,➖ 持平,2,4,393.0
6609,瀧澤科,電機機械,09/17,39.0,0.39,156.0,6.04,,108.0,4.2,⏸️ 平量滯漲 (拋壓增大，高位見頂),2.372881355932188,1.44,,,,54.40,,,,,,⚠️ 趨緩 (22.5%),,💤 籌碼沉澱中,,🌐 外資日連買(3)-🆕 試單觀察 | 🌐 外資週連買(7)-🚀 趨勢加溫,🔼 進駐,,,,,,,-6.98,-19.9,-69.0,-228.0,-269.1,,,,,,,,,,,,,,,,-268.0,-886.0,,,↗️ 微增,0.01,0.19999999999999998,↗️ 微增,0.01,0.19999999999999998,↗️ 微增,0.01,0.19999999999999998,↗️ 微增,0.04,0.9400000000000002,雙引擎 | 長短線,,,,,43.5,0,0.0,🔄 持平,0.0,0.0,➖ 持平,10,4,176.0
6612,奈米醫材,生技醫療業,09/17,71.0,0.0,22.0,1.57,36.0,36.0,2.61,⚖️ 溫和震盪整理,-29.596412556053806,0.6,,,,25.90,,,,,,,,,,,,,,,,,,,,,,,,,,,,,,,,,,,,,,,,,,↘️ 微減,-0.06,0.02000000000000001,↘️ 微減,-0.07,0.010000000000000002,🔥 大增,1.2,1.28,↗️ 微增,0.01,0.19000000000000003,,,,,,20.2,0,0.1,📈 增,2.9,0.0,➖ 持平,3,4,178.0
6613,朋億*,其他電子業,09/17,261.0,-1.14,193.0,51.1,15.4,176.0,45.74,⏸️ 平量滯漲 (拋壓增大，高位見頂),19.9530516431925,1.12,,,,5.90,,,,,,,,,,🌐 外資日連買(3)-🆕 試單觀察 | 🌐 外資週連買(2)-🌱 週線發動,,,-2.43,-6.16,,,,,,,,,,,,,,,,,,,,,,,,,,,,🔄 持平,0.0,-1.32,🔄 持平,-0.0,-1.32,🔄 持平,-0.0,-1.32,🔄 持平,-0.0,-1.83,,,,,,55.5,0,0.0,🔄 持平,0.0,0.0,➖ 持平,3,4,80.0
6615,慧智,生技醫療業,09/17,33.5,-0.15,5.0,0.16,50.8,3.0,0.11,⚠️ 放量滯漲 (拋壓增大，即將見頂反轉),-23.809523809523803,1.45,,,,0.30,,,,,,🔄 持平 (0%),,,,,,,,,,,,,,,,,,,,,,,,,,,,,,,,,,,,🔄 持平,0.0,0.0,🔄 持平,-0.0,0.0,🔄 持平,-0.0,0.0,🔄 持平,-0.0,0.0,,,,,,14.0,0,0.0,🔄 持平,0.0,0.0,➖ 持平,1,2,13.0
6616,特昇-KY,居家生活,09/17,8.36,-0.36,14.0,0.11,,16.0,0.13,⏸️ 平量滯漲 (拋壓增大，高位見頂),0.0,0.85,,,,56.30,,,,,,,,,,,,,,,,,,,,,,,,,,,,,,,,,,,,,,,,,,🔄 持平,0.0,0.08000000000000002,↗️ 微增,0.03,5.03,↗️ 微增,0.07,0.53,↗️ 微增,0.07,-0.57,,,,,,39.4,0,0.0,🔄 持平,0.0,0.0,➖ 持平,1,4,70.0
6617,共信-KY,生技醫療業,09/17,143.0,3.62,3189.0,456.0,,1257.0,172.68,⚖️ 溫和震盪整理,143.85026737967914,2.64,,,,39.40,,,,,,,,,,🌐 外資日連買(2)-🆕 試單觀察,,,,,,,,,,,,,,,,,,7.09,30.0,0.84,7.75,126.0,439.0,1801.8,,,,,,,,🔄 持平,0.0,0.0,↗️ 微增,0.01,-0.03,📉 小減,-0.57,-0.03000000000000002,↘️ 微減,-0.19,-0.02,,,,,,19.2,25.3,0.0,🔄 持平,0.2,0.0,➖ 持平,3,4,351.0
6620,漢達,生技醫療業,09/17,147.0,9.7,2033.0,296.0,49.8,1961.0,258.0,✈️ 平量大漲 (一致看漲無拋壓，加速上漲),-23.316062176165808,1.15,,,,27.90,,,,,,,🔄 持平 (0%),🔥 持續加碼 (0.17%),💤 籌碼沉澱中,🌐 外資日連買(4)-🆕 試單觀察 | 🌐 外資週連買(4)-🌱 週線發動,,,,,,,,,,3.0,-198.0,44.1,,,,,,1.89,17.1,,,158.0,1247.0,2322.6,,,,43.7,-2495.0,,,↘️ 微減,-0.09,0.5999999999999998,📈 小增,0.56,0.17999999999999972,📈 小增,0.7,0.7399999999999998,🚀 劇增,2.11,2.3799999999999994,,,,,,26.7,0,0.6,📈 增,0.6,0.0,➖ 持平,3,4,2662.0
6624,萬年清,綠能環保,09/17,38.75,-0.26,7.0,0.28,49.7,11.0,0.43,⚖️ 溫和震盪整理,-19.999999999999986,0.65,,,,0.40,,,,,,,,,,,,,,,,,,,,,,,,,,,,,,,,,,,,,,,,,,🔄 持平,0.0,0.0,🔄 持平,-0.0,-3.46,🔄 持平,-0.0,-6.62,🔄 持平,-0.0,-2.3499999999999996,,,,,,46.2,0,0.0,🔄 持平,-3.8,0.0,➖ 持平,1,3,10.0
6629,泰金-KY,居家生活,09/17,103.5,1.97,45.0,4.64,9.06,13.0,1.3,⚖️ 溫和震盪整理,979.0697674418604,3.57,,,,76.90,,,,,,🔄 持平 (0%),,,,,,,,,,,,,,,,,,,,,,,,,,,,,,,,,,,,🔄 持平,0.0,0.0,🔄 持平,-0.0,0.0,🔄 持平,-0.0,0.0,↗️ 微增,0.01,0.01,,,,,,1.99,0,0.0,🔄 持平,0.39,0.0,➖ 持平,1,3,21.0
6637,醫影,生技醫療業,09/17,54.4,0.74,18.0,0.99,9.87,12.0,0.68,⚠️ 放量滯漲 (拋壓增大，即將見頂反轉),-5.714285714285716,1.46,,,,0.60,,,,,,🔥 強延續 (43.7%),,,,🌐 外資日連買(2)-🆕 試單觀察,,,,,,,,,,,,,,,,,,0.0,2.8,,,,,,,,,,,,,🔄 持平,0.0,0.0,🔄 持平,-0.0,0.0,🔄 持平,-0.0,0.0,🔄 持平,-0.0,-1.62,,,,,,30.8,0,0.0,🔄 持平,0.0,0.0,➖ 持平,2,3,19.0
6640,均華,半導體業,09/17,1120.0,0.45,335.0,388.0,65.6,287.0,327.8,⏸️ 平量滯漲 (拋壓增大，高位見頂),169.44444444444446,1.18,,,,4.40,,,,,,,🔄 持平 (0.0%),,🔄 今日量縮持平,🏦 投信週連買(6)-🚀 趨勢加溫,,,1.48,-7.83,,,,,,,,,,,,,,,,1.43,6.78,,,,,,,,,695.0,3138.0,🔄 持平,0.0,0.0,🔄 持平,-0.0,0.0,🔄 持平,-0.0,0.0,🔄 持平,-0.0,0.0,,,,,,59.1,1.3,0.0,🔄 持平,-1.4,0.0,➖ 持平,2,4,376.0
6642,富致,電子零組件業,09/17,75.6,-0.26,52.0,3.98,19.9,63.0,4.84,⏸️ 平量滯漲 (拋壓增大，高位見頂),72.2943722943723,0.82,,,,5.40,,,,,,,,💤 籌碼沉澱中,,,,,,,,,,,,,,,,,,,,,,,,,,,,,,,,,,🔄 持平,0.0,0.0,🔄 持平,-0.0,0.0,🔄 持平,-0.0,-0.05,↘️ 微減,-0.01,0.38000000000000006,,,,,,36.5,0,0.0,🔄 持平,0.0,0.0,➖ 持平,1,3,95.0
6643,M31,半導體業,09/17,438.0,4.29,784.0,345.0,461.0,402.0,170.88,🚀 放量大漲 (量價齊升，持續看漲),368.75,2.02,,,,14.70,,,,,,,🔄 持平 (0%),,💤 籌碼沉澱中,🌐 外資日連買(2)-🆕 試單觀察,,,,,,,,,,,,,37.2,51.3,16.0,20.0,700.8,,,,,,,,,,,,,879.0,2988.0,↘️ 微減,-0.42,-0.42,↘️ 微減,-0.42,-0.42,↘️ 微減,-0.44,1.0299999999999998,📈 小增,0.83,1.0699999999999998,,,,,,21.1,0,0.0,🔄 持平,-0.2,0.0,➖ 持平,2,2,124.0
6649,台生材,生技醫療業,09/17,36.1,1.69,40.0,1.42,41.5,39.0,1.39,⚖️ 溫和震盪整理,13.59999999999999,1.02,,,,3.50,,,,,,,,,,,,,,,,,,0.0,-32.4,,,,,,,,,,,,,,,,,,,,,,,🚀 劇增,2.39,2.39,↗️ 微增,0.09,0.13,↗️ 微增,0.09,0.13,🔥 大增,1.11,1.01,雙引擎 | 長短線,,,,,31.5,0,0.0,🔄 持平,0.0,0.0,➖ 持平,3,3,129.0
6651,全宇昕,半導體業,09/17,147.0,1.38,144.0,21.2,16.5,111.0,15.8,⏸️ 平量滯漲 (拋壓增大，高位見頂),50.35460992907801,1.34,,,,7.80,,,,,,🔥 強延續 (40.2%),,🔥 持續加碼 (0.17%),,🌐 外資日連買(8)-⚡ 買盤點火 | 🌐 外資週連買(6)-🚀 趨勢加溫,🔼 進駐,,,,,,,,,,,,,,,,,,,,,,,,,,,,,,,🔄 持平,0.0,-0.09999999999999999,🔄 持平,-0.0,-0.08,🔄 持平,-0.0,-0.08999999999999987,↗️ 微增,0.03,0.9500000000000001,,,,,,22.9,0,0.0,🔄 持平,11.8,0.0,➖ 持平,8,4,280.0
6654,天正國際,其他電子業,09/17,200.0,-0.99,10.0,1.91,70.7,19.0,3.85,⚖️ 溫和震盪整理,-48.378378378378386,0.5,,,,1.20,,,,,,🔄 持平 (0%),,💤 籌碼沉澱中,,🌐 外資週連買(4)-🌱 週線發動,,,,,,,,,,,,,0.0,20.0,,,,,,,,,,,,,,,,,,🔄 持平,0.0,0.0,↗️ 微增,0.08,0.15,↗️ 微增,0.08,0.15,↗️ 微增,0.06,1.34,,,,,,58.8,0,0.0,🔄 持平,0.0,0.0,➖ 持平,1,4,177.0
6661,威健生技,生技醫療業,09/17,16.05,0.31,5.0,0.08,,4.0,0.07,⏸️ 平量滯漲 (拋壓增大，高位見頂),166.66666666666669,1.14,,,,,,,,,,,,,,,,,,,,,,,,,,,,,,,,,,,,,,,,,,,,,,↗️ 微增,0.02,0.13,↗️ 微增,0.02,0.13,↗️ 微增,0.02,0.13,↗️ 微增,0.02,0.13,雙引擎 | 長短線,,,,,36.8,0,0.1,📈 增,0.6,0.0,➖ 持平,5,4,41.0
6662,樂斯科,生技醫療業,09/17,28.4,-0.35,9.0,0.26,17.6,3.0,0.09,⚠️ 放量滯漲 (拋壓增大，即將見頂反轉),766.6666666666667,2.89,,,,0.20,,,,,,,,,,,,,,,,,,,,,,,,,,,,,,,,,,,,,,,,,,🔄 持平,0.0,0.03,🔄 持平,-0.0,0.03,🔄 持平,-0.0,0.03,🔄 持平,-0.0,0.03,,,,,,1.28,72.2,0.03,↗️ 微增,-8.64,-1.3,✅ 大減,1,2,8.0
6664,群翊,電子零組件業,09/17,332.0,-1.19,279.0,94.1,20.0,229.0,76.88,⏸️ 平量滯漲 (拋壓增大，高位見頂),93.62139917695471,1.22,,,,9.80,,,,,,,🔄 持平 (0.0%),💤 籌碼沉澱中,💤 籌碼沉澱中,🏦 投信週連買(3)-🌱 週線發動,,,0.37,-6.95,,,,,,,,,,,,,,,,,,,,,,,,,,,,🔄 持平,0.0,0.0,🔄 持平,-0.0,0.0,🔄 持平,-0.0,-1.27,↘️ 微減,-0.08,-0.6,,,,,,18.1,0,0.0,🔄 持平,0.0,0.0,➖ 持平,3,4,283.0
6667,信紘科,其他電子業,09/17,238.5,0.85,128.0,30.7,16.3,275.0,68.42,⚖️ 溫和震盪整理,1.320132013201314,0.45,,,,2.70,,,,,,,,,,🌐 外資日連買(3)-🆕 試單觀察,,,,,,,,,,,,,5.63,212.0,4.0,51.0,95.4,,,,,,,,,,,,,,,🔄 持平,0.0,2.64,🔄 持平,-0.0,0.65,🔄 持平,-0.0,0.65,↗️ 微增,0.09,0.75,,,,,,14.2,6.44,0.0,🔄 持平,0.0,0.0,➖ 持平,2,3,428.0
6679,鈺太,半導體業,09/17,196.5,-0.51,252.0,49.9,15.4,157.0,30.72,⚠️ 放量滯漲 (拋壓增大，即將見頂反轉),253.90070921985816,1.62,,,,9.50,,,,,,,,,,🌐 外資日連買(2)-🆕 試單觀察,,,,,,,,,,,,,,,,,,,,0.27,6.48,,,,,,,,,,,↘️ 微減,-0.43,-4.51,🚨 劇減,-1.88,-1.36,📉 小減,-0.84,-1.73,🚨 劇減,-1.87,-3.55,,,,,,30.0,15.8,0.0,🔄 持平,0.0,6.7,🚨 暴增,2,4,138.0
6680,鑫創電子,電腦及週邊設備業,09/17,53.9,0.0,0.0,0.01,58.6,3.0,0.18,⚪ 無明顯動能,-83.33333333333333,0.06,,,,0.10,,,,,,,,,,,,,,,,,,,,,,,,,,,,,,,,,,,,,,,,,,↗️ 微增,0.02,0.03,↗️ 微增,0.02,0.03,↗️ 微增,0.02,-0.06,↗️ 微增,0.02,-0.06,雙引擎,,,,,18.5,6.82,0.6,📈 增,0.6,-0.21,↘️ 微減,0,4,29.0
6683,雍智科技,半導體業,09/17,1575.0,-1.25,2322.0,3729.0,69.5,1609.0,2404.8,⏸️ 平量滯漲 (拋壓增大，高位見頂),8.875912408759135,1.55,,,,20.50,,,,,,🔄 持平 (0%),🔄 持平 (0%),🚨 轉賣反轉 (-0.23%),💤 籌碼沉澱中,,,,,,,,,,,,,,-7.89,94.4,-6.0,34.0,-945.0,1.81,25.8,,,50.0,577.0,7875.0,,,,,,-321.0,4500.0,🔄 持平,0.0,0.0,🔄 持平,-0.0,0.01,🔄 持平,-0.0,-2.27,⚠️ 大減,-1.43,-5.77,,,,,,14.9,0,0.0,🔄 持平,0.0,0.0,➖ 持平,3,3,180.0
6684,安格,半導體業,09/17,47.5,1.39,316.0,15.4,,114.0,5.41,⚠️ 放量滯漲 (拋壓增大，即將見頂反轉),149.1909385113269,2.85,,,,3.70,,,,,,🔄 持平 (0%),,💤 籌碼沉澱中,,🌐 外資週連買(8)-🚀 趨勢加溫,,,,,,,,,,-15.0,-103.0,-71.2,11.1,25.0,,,,,,,,,,,,,,-73.2,-476.0,,,🔄 持平,0.0,0.0,🔄 持平,-0.0,0.0,🔄 持平,-0.0,1.47,↗️ 微增,0.08,0.38,,,,,,32.6,48.2,0.0,🔄 持平,0.0,0.0,➖ 持平,8,4,152.0
6690,安碁資訊,數位雲端,09/17,178.0,-1.66,320.0,56.8,16.3,889.0,166.44,📉 縮量小跌 (主力洗盤止跌，擇機進場),-59.42857142857143,0.34,,,,4.50,,,,,,🔄 持平 (0%),,💤 籌碼沉澱中,,🌐 外資日連買(2)-🆕 試單觀察,,,,,,,,,,,,,,,,,,,,,,-47.0,150.0,-836.6,,,,,,,,🔄 持平,0.0,0.0,🔄 持平,-0.0,0.0,🔄 持平,-0.0,0.0,🔄 持平,-0.0,0.0,,,,,,51.9,0,0.0,🔄 持平,0.0,0.0,➖ 持平,2,4,160.0
6692,進能服,綠能環保,09/17,23.45,1.52,12.0,0.27,,7.0,0.16,⚖️ 溫和震盪整理,92.85714285714286,1.69,,,,0.30,,,,,,,,,,,,,,,,,,,,,,,,,,,,,,,,,,,,,,,,,,↗️ 微增,0.01,0.25,↗️ 微增,0.01,0.25,↗️ 微增,0.01,0.25,↗️ 微增,0.01,0.23,雙引擎 | 長短線,,,,,49.0,0,0.3,📈 增,0.5,0.0,➖ 持平,1,4,82.0
6693,廣閎科,半導體業,09/17,180.5,-1.9,1312.0,241.0,35.7,1214.0,217.4,🥀 平量價縮 (下跌中繼，弱反彈信號),-12.996389891696747,1.11,,,,15.70,,,,,,🔥 強延續 (14.7%),,🔥 持續加碼 (0.42%),,🌐 外資日連買(2)-🆕 試單觀察,,,-3.83,-7.39,-154.0,-309.0,-2779.7,,,,,,10.5,425.0,2.0,17.0,36.1,,,,,,,,,,,92.0,-500.0,,,🔄 持平,0.0,0.0,↘️ 微減,-0.28,-0.11999999999999997,🚨 劇減,-1.64,-4.89,⚠️ 大減,-1.44,-6.4399999999999995,,,,,,13.4,2.45,0.0,🔄 持平,0.0,2.45,⚠️ 大增,2,3,297.0
6697,東捷資訊,資訊服務業,09/17,40.85,-0.49,37.0,1.53,13.4,41.0,1.71,⏸️ 平量滯漲 (拋壓增大，高位見頂),178.1818181818182,0.89,,,,1.00,,,,,,🔄 持平 (0%),,,,,,,,,,,,,,,,,,,,,,,,,,,,,,,,,,,,🔄 持平,0.0,0.0,🔄 持平,-0.0,0.0,↘️ 微減,-0.04,-0.04,↘️ 微減,-0.04,-0.04,,,,,,42.0,0,0.0,🔄 持平,0.0,0.0,➖ 持平,2,3,79.0
6703,軒郁,生技醫療業,09/17,100.5,-0.5,18.0,1.84,10.7,23.0,2.32,⏸️ 平量滯漲 (拋壓增大，高位見頂),-2.127659574468077,0.79,,,,14.20,,,,,,,🔥 強延續 (11.3%),,🔥 持續加碼 (0.01%),🏦 投信日連買(3)-🆕 試單觀察 | 🏦 投信週連買(3)-🌱 週線發動,,,,,,,,,,,,,,,,,,,,,,,,,,,,,,,,🔄 持平,0.0,-0.43000000000000005,🔄 持平,-0.0,-0.24000000000000002,↘️ 微減,-0.01,1.48,🔄 持平,-0.0,-0.32,,,,,,20.0,20.2,-1.9,🚨 減/大減,0.1,0.0,➖ 持平,3,3,35.0
6708,天擎,半導體業,09/17,39.15,5.53,105.0,4.11,130.0,32.0,1.22,🚀 放量大漲 (量價齊升，持續看漲),878.5714285714287,3.37,,,,3.50,,,,,,,,,,,,,-14.3,-14.3,,,,,,,,,,,,,,,,,,,,,,,,,,,,🔄 持平,0.0,0.0,🔄 持平,-0.0,0.0,🔄 持平,-0.0,0.0,🔄 持平,-0.0,0.0,,,,,,18.8,0,0.0,🔄 持平,0.0,0.0,➖ 持平,1,4,61.0
6712,長聖,生技醫療業,09/17,159.0,0.95,387.0,61.7,33.9,191.0,29.9,⚠️ 放量滯漲 (拋壓增大，即將見頂反轉),244.69273743016765,2.06,,,,5.70,,,,,,🔥 強延續 (37.6%),,💤 籌碼沉澱中,,🌐 外資週連買(2)-🌱 週線發動,🔥 點火,,,,,,,,,-26.0,-138.0,-413.4,,,,,,,,,,,,,,,,-415.0,-2151.0,,,↗️ 微增,0.28,-0.9899999999999998,↗️ 微增,0.28,-0.97,↘️ 微減,-0.45,-2.95,↗️ 微增,0.18,-1.32,雙引擎,,,,,25.8,0,0.3,📈 增,0.3,0.0,➖ 持平,4,4,139.0
6716,應廣,半導體業,09/17,117.0,-1.27,497.0,59.0,18.4,513.0,60.62,⏸️ 平量滯漲 (拋壓增大，高位見頂),56.49867374005304,0.97,,,,9.60,,,,,,🔄 持平 (0%),,🔥 持續加碼 (0.14%),,🌐 外資日連買(2)-🆕 試單觀察 | 🌐 外資週連買(2)-🌱 週線發動,,,,,,,,,,,,,,,,,,,,,,,,,,,,,,,,📉 小減,-0.51,-0.33,📉 小減,-0.56,-0.39000000000000007,📉 小減,-0.56,-0.38000000000000006,🔥 大增,1.25,-1.27,,,,,,12.0,0,0.0,🔄 持平,-0.1,0.0,➖ 持平,2,3,223.0
6720,久昌,半導體業,09/17,129.0,-0.39,4.0,0.52,34.9,7.0,0.95,⚖️ 溫和震盪整理,100.0,0.55,,,,2.00,,,,,,⚠️ 趨緩 (24.7%),,,,🌐 外資週連買(3)-🌱 週線發動,,,,,,,,-2.41,-8.39,,,,,,,,,,,,,,,,,,,,,,,🔄 持平,0.0,-0.01,↘️ 微減,-0.01,-0.08,↘️ 微減,-0.01,-0.06000000000000001,↗️ 微增,0.08,-0.04999999999999999,,,,,,16.2,0,-0.1,🚨 減/大減,-0.3,0.0,➖ 持平,1,3,33.0
6721,信實,其他業,09/17,51.0,-0.2,2.0,0.11,10.1,15.0,0.75,⚖️ 溫和震盪整理,-68.57142857142857,0.15,,,,0.00,,,,,,,,,,,,,,,,,,,,,,,,,,,,,,,,,,,,,,,,,,🔄 持平,0.0,0.27,🔄 持平,-0.0,0.27,🔄 持平,-0.0,0.27,🔄 持平,-0.0,-1.77,,,,,,32.7,0,0.0,🔄 持平,-3.0,0.0,➖ 持平,1,3,67.0
6725,矽科宏晟,其他電子業,09/17,216.0,4.1,131.0,28.2,16.4,90.0,19.28,✈️ 平量大漲 (一致看漲無拋壓，加速上漲),363.05418719211826,1.46,,,,4.30,,,,,,,,,,,,,,,,,,,,,,,,,,,,,,,,,,,,,,,,,,🔄 持平,0.0,0.0,🔄 持平,-0.0,0.0,🔄 持平,-0.0,0.0,🔄 持平,-0.0,0.0,,,,,,25.2,0,0.0,🔄 持平,0.0,0.0,➖ 持平,4,3,119.0
6727,亞泰金屬,電子零組件業,09/17,470.5,-1.36,1555.0,752.0,44.0,1080.0,529.4,⏸️ 平量滯漲 (拋壓增大，高位見頂),162.9370629370629,1.42,,,,10.50,,,,,,,🔄 持平 (0.0%),🚨 轉賣反轉 (-0.57%),🔄 今日量縮持平,,,,0.67,-9.27,32.0,-489.0,1505.6,,,,,,,,,,,,,,,,,,,,,,,,,📉 小減,-0.67,-1.85,📉 小減,-0.67,-1.85,🚀 劇增,1.99,-1.76,🚀 劇增,4.55,3.6,,,,,,11.0,13.5,0.0,🔄 持平,-0.4,0.0,➖ 持平,4,4,622.0
6728,上洋,居家生活,09/17,107.5,0.47,23.0,2.49,11.8,14.0,1.52,⚠️ 放量滯漲 (拋壓增大，即將見頂反轉),91.53846153846155,1.64,,,,0.90,,,,,,,,,,🌐 外資日連買(3)-🆕 試單觀察,,,,,,,,,,,,,,,,,,,,,,,,,,,,,,,,🔄 持平,0.0,0.0,🔄 持平,-0.0,0.0,🔄 持平,-0.0,0.0,🔄 持平,-0.0,0.0,,,,,,29.3,0,0.0,🔄 持平,0.0,0.0,➖ 持平,3,3,46.0
6730,常廣,生技醫療業,09/17,31.9,0.0,4.0,0.13,16.8,3.0,0.1,⏸️ 平量滯漲 (拋壓增大，高位見頂),1200.0,1.3,,,,0.00,,,,,,,,,,,,,0.0,-50.0,,,,,,,,,,,,,,,,,,,,,,,,,,,,🔄 持平,0.0,-0.02,🔄 持平,-0.0,-0.02,↗️ 微增,0.02,1.72,↗️ 微增,0.03,0.11,,,,,,17.2,0,0.0,🔄 持平,-4.7,0.0,➖ 持平,1,4,28.0
6732,昇佳電子,半導體業,09/17,150.5,2.73,91.0,13.5,21.7,68.0,9.88,⚖️ 溫和震盪整理,153.7593984962406,1.37,,,,6.30,,,,,,,,,,🌐 外資日連買(2)-🆕 試單觀察,,,,,,,,,,,,,,,,,,,,,,,,,,,,,,,,🔄 持平,0.0,0.0,🔄 持平,-0.0,0.0,🔄 持平,-0.0,0.0,↘️ 微減,-0.01,0.039999999999999994,,,,,,46.3,0,0.0,🔄 持平,0.0,0.0,➖ 持平,2,4,147.0
6733,博晟生醫,生技醫療業,09/17,25.4,-0.59,78.0,1.99,,52.0,1.32,⚠️ 放量滯漲 (拋壓增大，即將見頂反轉),397.49999999999994,1.51,,,,0.70,,,,,,,,,,,,,,,,,,,,,,,,,,,,,,,,,,,,,,,,,,🔄 持平,0.0,0.0,🔄 持平,-0.0,0.57,🔄 持平,-0.0,-0.02,🔄 持平,-0.0,-0.01,,,,,,36.6,10.2,0.0,🔄 持平,-2.9,0.0,➖ 持平,1,4,147.0
6735,美達科技,其他電子業,09/17,60.5,-1.31,61.0,3.8,42.9,49.0,2.97,⏸️ 平量滯漲 (拋壓增大，高位見頂),28.81355932203389,1.28,,,,4.10,,,,,,,,,,🌐 外資日連買(2)-🆕 試單觀察,,,,,,,,,,,,,,,,,,,,,,,,,,,,,,,,🔄 持平,0.0,0.0,🔄 持平,-0.0,0.0,↗️ 微增,0.01,-0.05,📉 小減,-0.89,-0.04000000000000001,,,,,,29.5,0,0.0,🔄 持平,0.0,0.0,➖ 持平,2,3,62.0
6739,竹陞科技,其他電子業,09/17,1080.0,2.86,261.0,281.0,45.6,633.0,777.4,📈 價升量縮 (量價背離，下方承接看拉高),0.7168458781362075,0.36,,,,3.10,,,,,,🔄 持平 (0%),🔄 持平 (0.0%),💤 籌碼沉澱中,🔄 今日量縮持平,🏦 投信週連買(2)-🌱 週線發動,,,,,,,,,,,,,,,,,,,,,,,,,,,,,,,,🔄 持平,0.0,0.0,🔄 持平,-0.0,0.0,🔄 持平,-0.0,0.0,↘️ 微減,-0.03,-2.45,,,,,,25.2,0,0.0,🔄 持平,-0.3,0.0,➖ 持平,1,4,317.0
6741,91APP*-KY,數位雲端,09/17,59.1,0.51,66.0,3.86,12.4,120.0,7.02,⚖️ 溫和震盪整理,-37.64135702746366,0.55,,,,45.10,,,,,,,,,,,,,,,,,,,,,,,,,,,,,,,,,,,,,,,,,,↗️ 微增,0.08,-0.1099999999999999,↗️ 微增,0.08,-0.02999999999999997,↗️ 微增,0.09,-0.47000000000000003,↗️ 微增,0.07,0.74,雙引擎,,,,,7.86,0,0.34,📈 增,0.36,0.0,➖ 持平,13,4,1314.0
6751,智聯服務,資訊服務業,09/17,42.0,0.0,5.0,0.19,7.3,5.0,0.23,⏸️ 平量滯漲 (拋壓增大，高位見頂),-54.761904761904766,0.83,,,,0.80,,,,,,,,,,,,,,,,,,0.0,-48.4,,,,,,,,,,,,,,,,,,,,,,,🔄 持平,0.0,0.0,🔄 持平,-0.0,0.0,↗️ 微增,0.04,0.21,↗️ 微增,0.04,0.21,,,,,,56.9,0,0.0,🔄 持平,0.0,0.0,➖ 持平,2,4,20.0
6752,叡揚,資訊服務業,09/17,96.1,-0.52,30.0,2.95,14.0,80.0,8.03,⚖️ 溫和震盪整理,-75.81967213114754,0.37,,,,2.70,,,,,,,,,,,,,,,,,,,,,,,,,,,,,,,,,,,,,,,,,,🔄 持平,0.0,0.0,🔄 持平,-0.0,0.01,🔄 持平,-0.0,0.08,🔄 持平,-0.0,0.08,,,,,,21.2,0,0.6,📈 增,0.9,0.0,➖ 持平,1,2,18.0
6761,穩得,電子零組件業,09/17,162.0,-0.92,123.0,20.2,21.7,146.0,23.93,⏸️ 平量滯漲 (拋壓增大，高位見頂),134.0672074159907,0.84,,,,5.20,,,,,,,,💤 籌碼沉澱中,,🌐 外資日連買(2)-🆕 試單觀察,,,,,,,,,,,,,,,,,,,,,,,,,,,,,,,,🔄 持平,0.0,2.95,🔄 持平,-0.0,0.11,🔄 持平,-0.0,-1.6199999999999999,↘️ 微減,-0.25,-0.09,,,,,,29.7,2.31,0.0,🔄 持平,0.0,0.0,➖ 持平,4,4,211.0
6762,達亞,生技醫療業,09/17,161.0,0.0,0.0,0.01,343.0,1.0,0.21,⚪ 無明顯動能,-80.0,0.05,,,,5.80,,,,,,,,,,,,,,,,,,,,,,,,,,,,,,,,,,,,,,,,,,🔄 持平,0.0,-0.05999999999999984,🔄 持平,-0.0,-0.2999999999999998,🔄 持平,-0.0,1.39,🔄 持平,-0.0,-0.31000000000000005,,,,,,47.0,28.4,0.0,🔄 持平,0.2,0.0,➖ 持平,0,0,11.0
6763,綠界科技*,數位雲端,09/17,41.3,0.73,156.0,6.44,10.0,125.0,5.11,⏸️ 平量滯漲 (拋壓增大，高位見頂),101.88087774294674,1.26,,,,2.60,,,,,,,🔄 持平 (0.0%),,🔄 今日量縮持平,🌐 外資日連買(3)-🆕 試單觀察 | 🏦 投信週連買(4)-🌱 週線發動,,,,,,,,,,,,,,,,,,,,,,,,,,,,,,,,📈 小增,0.59,0.59,↗️ 微增,0.06,0.5900000000000001,↗️ 微增,0.07,0.16999999999999998,↗️ 微增,0.07,0.16999999999999998,雙引擎 | 長短線,,,,,26.3,0,0.0,🔄 持平,0.0,0.0,➖ 持平,10,4,147.0
6767,台微醫,生技醫療業,09/17,24.55,-0.41,30.0,0.71,,8.0,0.19,⚠️ 放量滯漲 (拋壓增大，即將見頂反轉),491.6666666666667,3.74,,,,0.20,,,,,,,,,,,,,,,,,,,,,,,,,,,,,,,,,,,,,,,,,,🔄 持平,0.0,0.0,🔄 持平,-0.0,0.0,🔄 持平,-0.0,0.0,↗️ 微增,0.03,0.020000000000000004,,,,,,40.9,13.5,0.0,🔄 持平,0.0,0.0,➖ 持平,2,4,24.0
6785,昱展新藥,生技醫療業,09/17,104.0,9.94,170.0,17.4,,53.0,5.25,🚀 放量大漲 (量價齊升，持續看漲),994.3396226415093,3.31,,,,8.80,,,,,,🔥 強延續 (28.2%),,,,🌐 外資日連買(4)-🆕 試單觀察 | 🌐 外資週連買(2)-🌱 週線發動,🔼 進駐,,,,,,,,,,,,,,,,,,,,,,,,,,,,,,,↘️ 微減,-0.03,-0.2,↘️ 微減,-0.03,-0.2,↘️ 微減,-0.03,-0.2,↘️ 微減,-0.02,-0.8700000000000002,,,,,,12.7,0,0.0,🔄 持平,-7.9,0.0,➖ 持平,5,4,30.0
6788,華景電,半導體業,09/17,324.5,-0.61,199.0,65.7,16.8,152.0,49.64,⏸️ 平量滯漲 (拋壓增大，高位見頂),139.78102189781026,1.32,,,,13.00,,,,,,,,,,,,,,,,,,,,,,,,,,,,,,,,,,,,,,132.0,-467.0,,,🔄 持平,0.0,0.0,🔄 持平,-0.0,0.0,🔄 持平,-0.0,0.0,⚠️ 大減,-1.39,-0.13000000000000012,,,,,,13.9,0,0.0,🔄 持平,-0.2,0.0,➖ 持平,2,4,106.0
6791,虎門科技,資訊服務業,09/17,100.0,0.3,8.0,0.81,21.1,20.0,1.99,⚖️ 溫和震盪整理,-42.553191489361694,0.41,,,,12.40,,,,,,,,,,,,,,,,,,-15.4,-13.7,,,,,,,,,,,,,,,,,,,,,,,🔄 持平,0.0,0.0,🔄 持平,-0.0,0.0,🔄 持平,-0.0,0.0,↗️ 微增,0.03,0.049999999999999996,,,,,,15.6,0,0.0,🔄 持平,0.0,0.0,➖ 持平,2,3,10.0
6803,崑鼎,綠能環保,09/17,267.5,-0.56,44.0,11.7,14.4,43.0,11.44,⏸️ 平量滯漲 (拋壓增大，高位見頂),154.9019607843137,1.02,,,,4.10,,,,,,🔄 持平 (0%),,,,,,,,,,,,,,,,,,,,,,,,,,,,,,,,80.5,-513.0,,,🔄 持平,0.0,0.0,🔄 持平,-0.0,0.0,🔄 持平,-0.0,0.0,🔄 持平,-0.0,0.08999999999999998,,,,,,52.8,0,0.0,🔄 持平,0.0,0.0,➖ 持平,1,3,116.0
6804,明係,運動休閒,09/17,18.4,0.0,58.0,1.07,,60.0,1.09,⏸️ 平量滯漲 (拋壓增大，高位見頂),15.053763440860223,0.98,,,,4.40,,,,,,,,,,,,,-4.02,-29.5,,,,,,,,,,,,,,,,,,,,,,,,,,,,🔄 持平,0.0,0.0,🔄 持平,-0.0,0.019999999999999997,🔄 持平,-0.0,1.48,↗️ 微增,0.17,1.43,,,,,,15.8,0,0.0,🔄 持平,0.8,0.0,➖ 持平,4,4,420.0
6811,宏碁資訊,數位雲端,09/17,249.5,1.42,400.0,99.9,15.5,741.0,182.78,⚖️ 溫和震盪整理,-44.49999999999999,0.55,,,,6.20,,,,,,🔄 持平 (0%),,🔥 持續加碼 (0.12%),,🌐 外資日連買(5)-⚡ 買盤點火 | 🌐 外資週連買(2)-🌱 週線發動,,,,,,,,,,,,,,,,,,,,,,15.0,125.0,374.2,,,,,,,,🔄 持平,0.0,0.0,🔄 持平,-0.0,2.2199999999999998,🔄 持平,-0.0,2.2199999999999998,🔄 持平,-0.0,0.9099999999999999,,,,,,62.0,0,0.0,🔄 持平,0.0,0.0,➖ 持平,5,4,307.0
6821,聯寶,電子零組件業,09/17,41.4,0.98,50.0,2.05,23.5,56.0,2.26,⏸️ 平量滯漲 (拋壓增大，高位見頂),-3.7558685446009377,0.91,,,,2.70,,,,,,,,,,,,,,,,,,,,,,,,,,,,,,,,,,,,,,,,,,↗️ 微增,0.18,0.47,↗️ 微增,0.18,0.47,↗️ 微增,0.18,2.21,↗️ 微增,0.18,-0.31000000000000005,雙引擎,,,,,18.0,0,0.6,📈 增,-0.4,0.0,➖ 持平,6,3,199.0
6823,濾能,半導體業,09/17,59.4,-0.5,53.0,3.21,,53.0,3.16,⏸️ 平量滯漲 (拋壓增大，高位見頂),-0.31055900621118626,1.02,,,,22.60,,,,,,🔄 持平 (0%),,,,,,,,,,,,,,,,,,,,,,,,,,,,,,,,,,,,↘️ 微減,-0.1,-0.7300000000000001,↘️ 微減,-0.1,-0.7300000000000001,↘️ 微減,-0.07,-0.72,↗️ 微增,0.02,-0.56,,,,,,34.8,0,-3.7,🚨 減/大減,-6.0,0.0,➖ 持平,2,4,53.0
6829,千附精密,半導體業,09/17,211.5,-0.47,545.0,117.0,39.7,929.0,201.6,⚖️ 溫和震盪整理,-12.030075187969924,0.58,,,,4.40,,,,,,,,💤 籌碼沉澱中,,,,,-1.06,-14.6,-15.0,-240.0,-317.2,,,,,,,,,,,,,4.1,6.39,,,,,,,,,,,🔄 持平,0.0,0.0,🔄 持平,-0.0,0.0,🔄 持平,-0.0,-1.09,↘️ 微減,-0.1,0.68,,,,,,63.7,0,0.0,🔄 持平,0.0,0.0,➖ 持平,2,2,118.0
6840,東研信超,其他電子業,09/17,101.5,9.49,1213.0,121.0,46.6,442.0,42.12,🚀 放量大漲 (量價齊升，持續看漲),481.7307692307692,2.87,,,,7.90,,,,,,🔥 強延續 (39.3%),,🔥 持續加碼 (1.55%),,🌐 外資日連買(4)-🆕 試單觀察,🔼 進駐,,,,,,,,,,,,144.0,131.0,75.0,72.0,761.2,,,,,,,,,,,,,,,↘️ 微減,-0.11,-1.17,↘️ 微減,-0.12,-1.31,↘️ 微減,-0.13,-1.47,🔥 大增,1.44,1.2599999999999998,,,,,,31.0,0,-0.1,🚨 減/大減,-0.1,0.0,➖ 持平,4,4,478.0
6841,長佳智能,生技醫療業,09/17,53.3,0.95,189.0,10.1,79.6,146.0,7.64,⏸️ 平量滯漲 (拋壓增大，高位見頂),146.9437652811736,1.32,,,,4.90,,,,,,🔥 強延續 (56.0%),,,,🌐 外資日連買(4)-🆕 試單觀察,,,,,,,,,,,,,,,,,,,,,,,,,,,,,,,,🔄 持平,0.0,0.0,🔄 持平,-0.0,0.0,🔄 持平,-0.0,-0.64,↘️ 微減,-0.02,0.35,,,,,,21.3,0,0.0,🔄 持平,0.0,0.0,➖ 持平,4,4,112.0
6843,進典,電機機械,09/17,39.1,-0.64,3.0,0.12,20.8,6.0,0.22,⚖️ 溫和震盪整理,-25.0,0.55,,,,0.10,,,,,,🔄 持平 (0%),,,,🌐 外資週連買(3)-🌱 週線發動,,,,,,,,,,,,,,,,,,,,,,,,,,,,,,,,↗️ 微增,0.01,0.06,↗️ 微增,0.01,0.06,↗️ 微增,0.01,0.06,↗️ 微增,0.01,0.06,雙引擎 | 長短線,,,,,26.3,0,0.0,🔄 持平,0.1,0.0,➖ 持平,2,4,21.0
6844,諾貝兒,生技醫療業,09/17,57.1,-1.72,24.0,1.35,17.4,20.0,1.19,🥀 平量價縮 (下跌中繼，弱反彈信號),27.35849056603774,1.13,,,,0.00,,,,,,,,,,,,,,,,,,,,,,,,,,,,,,,,,,,,,,,,,,🔄 持平,0.0,0.0,🔄 持平,-0.0,0.0,🔄 持平,-0.0,0.0,🔄 持平,-0.0,0.0,,,,,,55.0,0,0.0,🔄 持平,0.0,0.0,➖ 持平,9,4,55.0
6846,綠茵,食品工業,09/17,58.8,0.51,1.0,0.06,12.5,6.0,0.34,⚖️ 溫和震盪整理,-53.846153846153854,0.18,,,,0.20,,,,,,,,,,,,,,,,,,,,,,,,,,,,,,,,,,,,,,,,,,🔄 持平,0.0,0.0,🔄 持平,-0.0,0.0,🔄 持平,-0.0,0.0,🔄 持平,-0.0,0.0,,,,,,42.0,0,0.0,🔄 持平,0.0,0.0,➖ 持平,0,4,10.0
6855,數泓科,其他電子業,09/17,112.0,0.0,0.0,0.0,11.3,3.0,0.33,⚪ 無明顯動能,-100.0,0.0,,,,0.20,,,,,,,,,,,,,,,,,,,,,,,,,,,,,,,,,,,,,,,,,,🔄 持平,0.0,0.0,🔄 持平,-0.0,0.0,🔄 持平,-0.0,0.0,🔄 持平,-0.0,-0.02,,,,,,28.6,0,0.0,🔄 持平,0.0,0.0,➖ 持平,0,4,12.0
6856,鑫傳,文化創意業,09/17,41.35,0.12,3.0,0.14,13.7,3.0,0.13,⏸️ 平量滯漲 (拋壓增大，高位見頂),-53.33333333333332,1.08,,,,0.00,,,,,,,,,,,,,,,,,,,,,,,,,,,,,,,,,,,,,,,,,,🔄 持平,0.0,0.0,🔄 持平,-0.0,0.0,↗️ 微增,0.01,0.05,↗️ 微增,0.01,0.05,,,,,,65.2,50.0,0.0,🔄 持平,0.0,0.0,➖ 持平,2,4,14.0
6859,伯特光,光電業,09/17,119.0,-3.25,119.0,14.7,42.0,64.0,7.73,🛡️ 放量小跌 (見底信號，越跌越買反轉),7.299270072992692,1.9,,,,14.30,,,,,,🔄 持平 (0%),,,,,,,,,,,,,,,,,,,,,,0.73,4.32,,,,,,,,,,,,,🔄 持平,0.0,-0.19,↗️ 微增,0.01,-0.15000000000000002,↗️ 微增,0.01,-0.15000000000000002,↗️ 微增,0.02,-0.19,,,,,,16.1,0,0.0,🔄 持平,0.0,0.0,➖ 持平,1,4,63.0
6865,偉康科技,數位雲端,09/17,26.5,-1.67,29.0,0.77,,47.0,1.25,📉 縮量小跌 (主力洗盤止跌，擇機進場),-12.5,0.62,,,,0.60,,,,,,,,,,,,,,,,,,,,,,,,,,,,,,,,,,,,,,,,,,↗️ 微增,0.01,0.2,↗️ 微增,0.01,0.2,↗️ 微增,0.01,0.2,↗️ 微增,0.01,0.2,雙引擎 | 長短線,,,,,31.9,0,0.0,🔄 持平,-0.3,0.0,➖ 持平,3,4,100.0
6870,騰雲,數位雲端,09/17,322.0,1.9,104.0,32.8,44.7,261.0,82.42,📈 價升量縮 (量價背離，下方承接看拉高),-77.98657718120805,0.4,,,,0.90,,,,,,🔄 持平 (0%),,💤 籌碼沉澱中,,,,,,,,,,,,,,,-3.1,107.0,-8.0,129.0,-257.6,0.15,29.2,,,3.0,442.0,96.6,,,,,,,,↘️ 微減,-0.17,2.62,↘️ 微減,-0.17,-1.31,↘️ 微減,-0.29,5.67,↘️ 微減,-0.3,0.93,,,,,,49.4,11.8,-10.5,🚨 減/大減,1.6,0.0,➖ 持平,3,4,390.0
6872,浩宇生醫,生技醫療業,09/17,21.0,-9.09,433.0,9.63,,712.0,17.75,☠️ 縮量大跌 (一致看空無承接，加速下跌),54.08000000000002,0.54,,,,0.30,,,,,,,,,,,,,,,,,,,,,,,,,,,,,,,,,,,,,,,,,,↘️ 微減,-0.45,-0.45,↘️ 微減,-0.44,-0.44,⚠️ 大減,-1.17,-1.17,↘️ 微減,-0.33,-0.33,,,,,,21.7,0,0.0,🔄 持平,0.1,0.0,➖ 持平,4,3,324.0
6874,倍力,資訊服務業,09/17,68.8,-0.86,49.0,3.37,16.2,36.0,2.5,⏸️ 平量滯漲 (拋壓增大，高位見頂),86.1878453038674,1.35,,,,0.60,,,,,,,,,,,,,-1.41,-6.67,,,,,,,,,,,,,,,,1.67,17.3,,,,,,,,,,,🔄 持平,0.0,0.0,🔄 持平,-0.0,0.08,🔄 持平,-0.0,0.08,🔄 持平,-0.0,0.08,,,,,,34.6,0,0.0,🔄 持平,0.0,0.0,➖ 持平,2,2,27.0
6875,國邑*,生技醫療業,09/17,33.0,0.76,153.0,4.98,,164.0,5.24,⏸️ 平量滯漲 (拋壓增大，高位見頂),4.184100418410042,0.95,,,,2.50,,,,,,🔥 強延續 (38.5%),,🔥 持續加碼 (0.05%),,🌐 外資週連買(3)-🌱 週線發動,🔼 進駐,,,,,,,,,,,,,,,,,,,,,,,,,,,,,,,↗️ 微增,0.05,0.05,↗️ 微增,0.05,0.05,↗️ 微增,0.05,-0.5,↗️ 微增,0.35,-0.13,雙引擎,,,,,14.4,0,0.0,🔄 持平,0.0,0.0,➖ 持平,9,4,892.0
6877,鏵友益,其他電子業,09/17,114.5,1.33,33.0,3.75,,42.0,4.7,⏸️ 平量滯漲 (拋壓增大，高位見頂),-45.175438596491226,0.8,,,,6.50,,,,,,🔄 持平 (0%),,,,,,,,,,,,,,,,,,,,,,,,,,,,,,,,,,,,🚀 劇增,2.17,-0.02999999999999997,↗️ 微增,0.14,0.19000000000000006,↗️ 微增,0.14,0.20000000000000007,↗️ 微增,0.12,-0.74,雙引擎,,,,,25.2,6.32,0.0,🔄 持平,-0.1,0.0,➖ 持平,4,4,58.0
6881,潤德,其他業,09/17,212.0,0.0,1.0,0.22,10.4,5.0,0.99,⚖️ 溫和震盪整理,-74.4186046511628,0.22,,,,0.10,,,,,,,,,,,,,,,,,,,,,,,,,,,,,,,,,,,,,,,,,,🔄 持平,0.0,0.0,🔄 持平,-0.0,0.0,🔄 持平,-0.0,0.0,🔄 持平,-0.0,0.0,,,,,,32.9,0,0.0,🔄 持平,1.2,0.0,➖ 持平,1,3,18.0
6884,海柏特,資訊服務業,09/17,30.5,-0.49,3.0,0.08,15.8,4.0,0.13,⏸️ 平量滯漲 (拋壓增大，高位見頂),166.66666666666669,0.62,,,,5.60,,,,,,,,,,,,,,,,,,,,,,,,,,,,,,,,,,,,,,,,,,🔄 持平,0.0,-0.15,🔄 持平,-0.0,-0.15,🔄 持平,-0.0,-0.15,🔄 持平,-0.0,-0.15,,,,,,55.1,0,0.0,🔄 持平,0.0,0.0,➖ 持平,1,3,11.0
6894,衛司特,綠能環保,09/17,355.0,0.57,59.0,21.3,22.5,60.0,21.36,⏸️ 平量滯漲 (拋壓增大，高位見頂),187.83783783783784,1.0,,,,3.50,,,,,,🔄 持平 (0%),,💤 籌碼沉澱中,,🌐 外資日連買(2)-🆕 試單觀察 | 🌐 外資週連買(2)-🌱 週線發動,,,,,,,,0.0,-12.4,,,,0.0,30.0,,,,,,,,,,,,,,0.0,-787.0,,,🔄 持平,0.0,-0.03,🔄 持平,-0.0,-0.03,🔄 持平,-0.0,-0.03,🔄 持平,-0.0,-0.03,,,,,,33.8,26.9,0.0,🔄 持平,0.0,0.0,➖ 持平,3,4,80.0
6895,宏碩系統,半導體業,09/17,144.0,0.0,19.0,2.74,282.0,24.0,3.52,⏸️ 平量滯漲 (拋壓增大，高位見頂),-53.32197614991482,0.78,,,,3.40,,,,,,🔄 持平 (0%),,,,🌐 外資日連買(2)-🆕 試單觀察,,,,,,,,,,,,,,,,,,,,,,,,,,,,,,,,↘️ 微減,-0.03,-0.16,↘️ 微減,-0.03,-0.16,↘️ 微減,-0.03,-0.18,↘️ 微減,-0.03,-0.18,,,,,,42.9,3.41,0.0,🔄 持平,0.0,0.0,➖ 持平,2,4,53.0
6899,創為精密,光電業,09/17,49.6,0.1,14.0,0.69,11.1,8.0,0.39,⚠️ 放量滯漲 (拋壓增大，即將見頂反轉),590.0,1.77,,,,5.50,,,,,,🔄 持平 (0%),,,,,,,,,,,,,,,,,,,,,,,,,,,,,,,,,,,,🔄 持平,0.0,-4.699999999999999,🔄 持平,-0.0,-0.02,🔄 持平,-0.0,-0.02,🔄 持平,-0.0,-0.08,,,,,,27.9,0,3.6,🔥 大增,3.6,0.0,➖ 持平,2,4,15.0
6903,巨漢,其他電子業,09/17,297.5,0.34,151.0,45.4,13.5,136.0,40.4,⏸️ 平量滯漲 (拋壓增大，高位見頂),144.0860215053763,1.12,,,,3.60,,,,,,,,,,,,,,,,,,,,,,,,,,,,,,,,,,,,,,,,,,🔄 持平,0.0,1.36,🔄 持平,-0.0,0.0,🔄 持平,-0.0,0.0,📉 小減,-0.61,-0.63,,,,,,13.3,0,0.0,🔄 持平,0.0,0.0,➖ 持平,2,4,134.0
6904,伯鑫,其他業,09/17,122.0,0.0,0.0,0.0,16.0,2.0,0.27,⚪ 無明顯動能,-100.0,0.0,,,,0.10,,,,,,🔄 持平 (0%),,,,,,,,,,,,,,,,,,,,,,,,,,,,,,,,,,,,🔄 持平,0.0,0.0,🔄 持平,-0.0,0.0,🔄 持平,-0.0,0.0,🔄 持平,-0.0,0.0,,,,,,53.9,0,0.0,🔄 持平,0.0,0.0,➖ 持平,0,1,11.0
6907,雅特力-KY,半導體業,09/17,179.0,-1.38,610.0,110.0,34.9,853.0,154.28,⏸️ 平量滯漲 (拋壓增大，高位見頂),21.41280353200883,0.71,,,,52.10,,,,,,,,💤 籌碼沉澱中,,,,,5.68,-6.85,95.0,-130.0,1700.5,,,,,,,,,,,5.68,-6.85,3.83,14.7,,,,,,,,,415.0,1439.0,🔄 持平,0.0,-1.76,🔄 持平,-0.0,-1.7699999999999998,⚠️ 大減,-1.02,-2.79,↗️ 微增,0.39,-2.35,,,,,,58.4,0,0.0,🔄 持平,-0.3,0.0,➖ 持平,2,2,182.0
6910,德鴻,數位雲端,09/17,25.05,-0.2,11.0,0.28,13.5,19.0,0.47,⚖️ 溫和震盪整理,40.000000000000014,0.6,,,,4.60,,,,,,,,,,,,,0.0,-21.4,,,,,,,,,,,,,,,,,,,,,,,,,,,,↗️ 微增,0.05,0.14,↗️ 微增,0.05,0.14,↗️ 微增,0.05,0.14,↗️ 微增,0.05,0.14,雙引擎 | 長短線,,,,,39.7,0,0.1,📈 增,0.2,0.0,➖ 持平,2,3,31.0
6913,鴻呈,電子零組件業,09/17,128.5,1.58,274.0,35.4,19.4,282.0,35.86,⚖️ 溫和震盪整理,77.88944723618091,0.99,,,,5.20,,,,,,,,,,,,,,,,,,-14.7,-19.0,,,,,,,,,5.75,4.18,,,,,,,,,-580.0,-781.0,,,↘️ 微減,-0.04,-0.06,↘️ 微減,-0.05,-0.11,🚨 劇減,-2.88,-0.10999999999999985,🚨 劇減,-1.9,0.8700000000000001,,,,,,17.1,0,0.0,🔄 持平,0.0,0.0,➖ 持平,5,4,186.0
6922,宸曜,電腦及週邊設備業,09/17,188.0,1.9,79.0,14.9,19.6,67.0,12.45,⚖️ 溫和震盪整理,159.581881533101,1.2,,,,3.20,,,,,,,,,,,,,,,,,,,,,,,,,,,,1.86,2.18,,,,,,,,,,,,,🔄 持平,0.0,-0.08,🔄 持平,-0.0,-0.07,🔄 持平,-0.0,-0.07,🔄 持平,-0.0,-0.07,,,,,,28.5,9.04,-0.1,🚨 減/大減,0.4,0.02,↗️ 微增,2,4,261.0
6925,意藍,數位雲端,09/17,56.7,-1.9,237.0,13.9,19.5,220.0,12.83,🥀 平量價縮 (下跌中繼，弱反彈信號),-58.38323353293413,1.08,,,,1.70,,,,,,🔄 持平 (0%),,,,,,,,,,,,,,,,,,,,,,1.77,8.27,5.32,15.1,,,,,,,,,,,🔄 持平,0.0,-0.03,🔄 持平,-0.0,-0.03,🔄 持平,-0.0,3.07,🔄 持平,-0.0,0.08,,,,,,38.3,8.12,0.0,🔄 持平,0.4,0.31,↗️ 微增,2,3,70.0
6929,佑全,生技醫療業,09/17,21.35,0.0,4.0,0.09,,6.0,0.13,⚖️ 溫和震盪整理,-30.76923076923077,0.69,,,,0.00,,,,,,,,,,🌐 外資週連買(2)-🌱 週線發動,,,,,,,,,,,,,,,,,,,,,,,,,,,,,,,,🔄 持平,0.0,0.0,🔄 持平,-0.0,0.0,🔄 持平,-0.0,0.04,🔄 持平,-0.0,0.04,,,,,,76.7,0,0.0,🔄 持平,-0.1,0.0,➖ 持平,1,3,10.0
6945,圓祥生技,生技醫療業,09/17,124.0,3.33,1792.0,224.0,,730.0,85.4,⚖️ 溫和震盪整理,171.18644067796615,2.62,,,,3.60,,,,,,🔥 強延續 (20.1%),,🔥 持續加碼 (0.37%),,🌐 外資日連買(4)-🆕 試單觀察,🔼 進駐,,,,,,,,,,,,,,,,,,,,,,,,,,,,,,,↘️ 微減,-0.01,-0.03,↘️ 微減,-0.01,-0.99,↘️ 微減,-0.01,-1.0,↗️ 微增,0.03,-0.09000000000000008,,,,,,28.0,0,0.0,🔄 持平,-3.6,0.0,➖ 持平,4,3,168.0
6953,家碩,半導體業,09/17,231.5,1.09,19.0,4.45,23.8,33.0,7.62,⚖️ 溫和震盪整理,26.780626780626804,0.58,,,,1.70,,,,,,🔥 強延續 (31.2%),,,,🌐 外資日連買(4)-🆕 試單觀察,🔼 進駐,,,,,,,-4.93,-12.3,,,,,,,,,,,,,,,,,,,,,,,🔄 持平,0.0,0.0,🔄 持平,-0.0,0.0,🔄 持平,-0.0,0.0,🔄 持平,-0.0,0.0,,,,,,50.5,0,0.0,🔄 持平,0.0,0.0,➖ 持平,3,4,42.0
6961,旅天下,觀光餐旅,09/17,48.25,-0.62,40.0,1.94,18.6,19.0,0.92,⚠️ 放量滯漲 (拋壓增大，即將見頂反轉),454.2857142857143,2.11,,,,0.60,,,,,,,,,,,,,,,,,,,,,,,,,,,,,,,,,,,,,,,,,,🔄 持平,0.0,0.0,🔄 持平,-0.0,0.0,🔄 持平,-0.0,0.0,↗️ 微增,0.03,0.04,,,,,,36.2,0,0.0,🔄 持平,0.0,0.0,➖ 持平,2,4,39.0
6967,汎瑋材料,電子零組件業,09/17,66.0,1.54,69.0,4.59,12.4,113.0,7.38,📈 價升量縮 (量價背離，下方承接看拉高),-13.7218045112782,0.62,,,,1.50,,,,,,🔄 持平 (0%),,💤 籌碼沉澱中,,🌐 外資日連買(4)-🆕 試單觀察 | 🌐 外資週連買(2)-🌱 週線發動,,,,,,,,-4.18,-37.2,,,,,,,,,1.27,10.4,,,,,,,,,,,,,🚨 劇減,-8.67,-8.67,🚨 劇減,-8.94,-8.94,🚨 劇減,-7.64,-7.64,🚨 劇減,-10.2,-10.2,,,,,,23.0,0,0.4,📈 增,0.4,0.0,➖ 持平,4,3,195.0
6968,萬達寵物,居家生活,09/17,41.5,0.0,121.0,5.0,16.3,60.0,2.49,⚠️ 放量滯漲 (拋壓增大，即將見頂反轉),130.41474654377882,2.01,,,,1.50,,,,,,,,,,,,,,,,,,,,,,,,,,,,,,3.53,18.9,,,,,,,,,,,🔄 持平,0.0,-0.05,🔄 持平,-0.0,1.88,🔄 持平,-0.0,-0.8600000000000001,🔄 持平,-0.0,-0.8600000000000001,,,,,,31.2,7.28,0.6,📈 增,17.3,1.65,⚠️ 大增,13,4,339.0
6971,惠民實業,綠能環保,09/17,24.4,-0.41,32.0,0.79,10.5,26.0,0.65,⏸️ 平量滯漲 (拋壓增大，高位見頂),61.224489795918366,1.22,,,,0.40,,,,,,,,,,🌐 外資日連買(3)-🆕 試單觀察,,,,,,,,,,,,,,,,,,0.0,11.2,,,,,,,,,,,,,🔄 持平,0.0,0.0,🔄 持平,-0.0,0.0,🔄 持平,-0.0,0.0,🔄 持平,-0.0,0.0,,,,,,30.5,0,0.0,🔄 持平,5.3,0.0,➖ 持平,3,3,43.0
6982,大井泵浦,電機機械,09/17,44.4,0.91,11.0,0.49,,30.0,1.3,⚖️ 溫和震盪整理,-29.999999999999993,0.38,,,,1.40,,,,,,🔄 持平 (0%),,,,,,,,,,,,-2.68,-9.17,,,,,,,,,,,,,,,,,,,,,,,🔄 持平,0.0,0.1,🔄 持平,-0.0,0.1,🔄 持平,-0.0,0.1,🔄 持平,-0.0,-1.0399999999999998,,,,,,42.0,0,0.0,🔄 持平,-0.1,0.0,➖ 持平,8,3,21.0
6983,華洋精機,其他電子業,09/17,350.0,-0.43,12.0,4.34,78.0,22.0,7.48,⚖️ 溫和震盪整理,-66.35658914728683,0.58,,,,0.80,,,,,,🔄 持平 (0%),,💤 籌碼沉澱中,,🌐 外資週連買(2)-🌱 週線發動,,,,,,,,,,,,,,,,,,,,,,,,,,,,,,,,🔄 持平,0.0,0.0,🔄 持平,-0.0,-4.56,🔄 持平,-0.0,-0.68,🔄 持平,-0.0,-0.68,,,,,,22.1,0,0.0,🔄 持平,-2.9,0.0,➖ 持平,6,4,85.0
6986,和迅,生技醫療業,09/17,40.4,-0.25,37.0,1.5,16.1,40.0,1.61,⏸️ 平量滯漲 (拋壓增大，高位見頂),-15.254237288135597,0.93,,,,1.80,,,,,,🔄 持平 (0%),,,,,,,,,,,,,,,,,,,,,,,,,,,,,,,,,,,,↗️ 微增,0.15,2.46,↗️ 微增,0.15,0.75,↗️ 微增,0.15,0.76,↗️ 微增,0.07,-0.12,雙引擎,,,,,15.7,0,0.1,📈 增,-1.7,0.0,➖ 持平,11,4,257.0
6996,力領科技,半導體業,09/17,170.0,0.59,17.0,2.98,11.2,37.0,6.29,⚖️ 溫和震盪整理,-32.27272727272727,0.47,,,,3.50,,,,,,,,,,,,,0.0,-8.44,,,,,,,,,,,,,,,,,,,,,,,,,,,,↘️ 微減,-0.14,-0.13,↘️ 微減,-0.12,1.8599999999999999,↘️ 微減,-0.12,1.86,📈 小增,0.9,1.43,,,,,,,,,無,,,無,5,4,280.0
6997,博弘,數位雲端,09/17,67.0,0.0,2.0,0.14,33.2,3.0,0.23,⚖️ 溫和震盪整理,0.0,0.61,,,,20.10,,,,,,🔄 持平 (0%),,,,,,,,,,,,,,,,,,,,,,,,,,,,,,,,,,,,🔄 持平,0.0,0.0,🔄 持平,-0.0,0.0,🔄 持平,-0.0,0.0,🔄 持平,-0.0,0.0,,,,,,77.7,0,0.0,🔄 持平,0.0,0.0,➖ 持平,2,4,17.0
7402,邑錡,光電業,09/17,100.0,0.0,135.0,13.6,,289.0,29.42,⚖️ 溫和震盪整理,-2.857142857142858,0.46,,,,7.70,,,,,,,,,,,,,,,,,,,,,,,,,,,,,,,,,,,,,,,,,,🔄 持平,0.0,-0.009999999999999998,🔄 持平,-0.0,-0.009999999999999998,🔄 持平,-0.0,-0.009999999999999998,🔄 持平,-0.0,-1.14,,,,,,14.1,30.1,0.0,🔄 持平,0.0,0.0,➖ 持平,3,4,142.0
7547,碩網,數位雲端,09/17,49.7,-1.0,7.0,0.35,16.1,30.0,1.54,⚖️ 溫和震盪整理,-76.19047619047619,0.23,,,,23.80,,,,,,,,,,,,,,,,,,,,,,,,,,,,,,,,,,,,,,,,,,🔄 持平,0.0,-0.01,🔄 持平,-0.0,-0.01,🔄 持平,-0.0,-0.01,🔄 持平,-0.0,-0.02,,,,,,31.4,0,0.0,🔄 持平,-0.6,0.0,➖ 持平,2,4,52.0
7556,意德士,半導體業,09/17,247.5,1.64,10.0,2.38,29.9,16.0,3.92,📈 價升量縮 (量價背離，下方承接看拉高),-37.69633507853403,0.61,,,,4.10,,,,,,🔄 持平 (0%),,,,🌐 外資日連買(2)-🆕 試單觀察 | 🌐 外資週連買(6)-🚀 趨勢加溫,,,,,,,,-10.8,-11.3,,,,,,,,,,,,,,,,,,,-451.0,-478.0,,,🔄 持平,0.0,-0.19,🔄 持平,-0.0,-0.19,🔄 持平,-0.0,-0.2,🔄 持平,-0.0,-0.23000000000000004,,,,,,38.1,0,0.0,🔄 持平,-0.5,0.0,➖ 持平,4,2,46.0
7584,樂意,文化創意業,09/17,27.95,2.76,4.0,0.12,,19.0,0.54,📈 價升量縮 (量價背離，下方承接看拉高),140.0,0.22,,,,25.40,,,,,,,,,,,,,-9.52,-24.0,,,,,,,,,,,,,,,,,,,,,,,,,,,,🔄 持平,0.0,3.39,🔄 持平,-0.0,3.39,🔄 持平,-0.0,3.39,🔄 持平,-0.0,0.0,,,,,,60.2,6.35,6.1,🔥 大增,5.7,-0.72,↘️ 微減,1,2,43.0
7642,昶瑞機電,電機機械,09/17,70.0,1.45,8.0,0.54,28.5,24.0,1.74,⚖️ 溫和震盪整理,-80.14705882352942,0.31,,,,0.50,,,,,,🔄 持平 (0%),,,,,,,,,,,,,,,,,,,,,,1.16,6.1,,,,,,,,,,,,,🔄 持平,0.0,0.0,🔄 持平,-0.0,0.0,🔄 持平,-0.0,0.0,🔄 持平,-0.0,0.0,,,,,,51.8,0,0.0,🔄 持平,0.0,0.0,➖ 持平,4,4,31.0
7703,銳澤,其他電子業,09/17,198.5,0.25,69.0,13.8,26.7,60.0,11.95,⏸️ 平量滯漲 (拋壓增大，高位見頂),131.54362416107386,1.15,,,,3.80,,,,,,,,💤 籌碼沉澱中,,🌐 外資週連買(6)-🚀 趨勢加溫,,,,,,,,,,,,,,,,,,,,,,,,,,,,,,,,🔄 持平,0.0,0.0,🔄 持平,-0.0,0.0,🔄 持平,-0.0,0.0,↗️ 微增,0.28,0.13000000000000012,,,,,,51.9,15.6,0.0,🔄 持平,8.1,0.0,➖ 持平,7,4,118.0
7704,明遠精密,半導體業,09/17,60.7,0.33,11.0,0.67,18.8,27.0,1.62,⚖️ 溫和震盪整理,-68.24644549763033,0.41,,,,2.10,,,,,,,,,,,,,,,,,,,,,,,,,,,,,,,,,,,,,,,,,,🔄 持平,0.0,-1.01,🔄 持平,-0.0,-1.01,🔄 持平,-0.0,-1.01,🔄 持平,-0.0,-0.96,,,,,,34.7,0,0.0,🔄 持平,-2.9,0.0,➖ 持平,6,4,76.0
7708,全家餐飲,觀光餐旅,09/17,92.0,0.0,24.0,2.21,12.2,14.0,1.3,⚠️ 放量滯漲 (拋壓增大，即將見頂反轉),1004.9999999999999,1.7,,,,0.40,,,,,,,,,,,,,,,,,,,,,,,,,,,,,,,,,,,,,,,,,,🔄 持平,0.0,0.0,🔄 持平,-0.0,0.0,🔄 持平,-0.0,0.0,🔄 持平,-0.0,0.0,,,,,,62.0,0,0.0,🔄 持平,0.0,0.0,➖ 持平,1,4,28.0
7709,榮田,電機機械,09/17,80.1,-2.08,92.0,7.43,21.5,132.0,10.9,📉 縮量小跌 (主力洗盤止跌，擇機進場),13.435114503816802,0.68,,,,1.40,,,,,,,,,,,,,-8.78,-9.47,,,,,,,,,,,,,,,,,,,,,,,,,,,,🔄 持平,0.0,-0.01,🔄 持平,-0.0,-0.01,🔄 持平,-0.0,-0.01,🔄 持平,-0.0,-0.01,,,,,,64.4,0,0.0,🔄 持平,0.0,0.0,➖ 持平,2,2,250.0
7712,博盛半導體,半導體業,09/17,153.0,-0.65,275.0,42.5,22.1,184.0,27.95,⏸️ 平量滯漲 (拋壓增大，高位見頂),29.179331306990886,1.52,,,,4.80,,,,,,🔥 強延續 (43.0%),,🔥 持續加碼 (0.36%),,🌐 外資日連買(2)-🆕 試單觀察,,,,,,,,,,,,,0.0,100.0,,,,,,,,,,,,,,,,,,🔄 持平,0.0,0.0,🔄 持平,-0.0,0.0,🔄 持平,-0.0,0.0,↗️ 微增,0.04,1.4100000000000001,,,,,,15.3,0,0.0,🔄 持平,0.0,0.0,➖ 持平,4,4,288.0
7713,威力德生醫,生技醫療業,09/17,73.1,-0.54,1.0,0.07,13.3,2.0,0.13,⚖️ 溫和震盪整理,600.0000000000001,0.54,,,,0.10,,,,,,,,,,,,⚠️ 初危,,,,,,,,,,,,,,,,,,,,,,,,,,,,,,🔄 持平,0.0,0.02,🔄 持平,-0.0,0.09,🔄 持平,-0.0,0.09,🔄 持平,-0.0,0.060000000000000005,,,,,,22.6,0,0.0,🔄 持平,-2.5,0.0,➖ 持平,1,4,106.0
7714,創泓科技,數位雲端,09/17,174.0,-4.13,331.0,58.4,22.5,795.0,142.98,☠️ 縮量大跌 (一致看空無承接，加速下跌),-6.559999999999999,0.41,,,,2.30,,,,,,,,🚨 轉賣反轉 (-0.18%),,🌐 外資週連買(2)-🌱 週線發動,,,,,,,,-3.7,-10.3,,,,,,,,,,,,,-28.0,194.0,-487.2,,,,,,,,🔄 持平,0.0,0.0,🔄 持平,-0.0,0.0,🔄 持平,-0.0,0.0,🔄 持平,-0.0,0.0,,,,,,41.6,0,0.0,🔄 持平,0.0,0.0,➖ 持平,3,4,217.0
7715,裕山,綠能環保,09/17,28.5,1.42,16.0,0.46,19.5,29.0,0.81,⚖️ 溫和震盪整理,-7.9999999999999964,0.57,,,,2.80,,,,,,🔄 持平 (0%),,💤 籌碼沉澱中,,,,,,,,,,,,,,,,,,,,,,,,,,,,,,,,,,🔄 持平,0.0,0.0,🔄 持平,-0.0,0.0,🔄 持平,-0.0,0.0,🔄 持平,-0.0,-1.3599999999999999,,,,,,38.5,0,0.0,🔄 持平,6.9,0.0,➖ 持平,2,4,129.0
7716,昱臺國際,航運業,09/17,23.3,0.0,19.0,0.44,13.9,8.0,0.19,⚠️ 放量滯漲 (拋壓增大，即將見頂反轉),214.28571428571428,2.32,,,,0.00,,,,,,,,,,,,,,,,,,,,,,,,,,,,,,,,,,,,,,,,,,🔄 持平,0.0,0.04,🔄 持平,-0.0,0.04,🔄 持平,-0.0,-0.2899999999999999,🔄 持平,-0.0,-0.2899999999999999,,,,,,59.7,0,-0.4,🚨 減/大減,-4.7,0.0,➖ 持平,1,4,21.0
7717,萊德光電-KY,通信網路業,09/17,579.0,9.87,3339.0,1868.0,81.9,1625.0,860.8,🚀 放量大漲 (量價齊升，持續看漲),280.4480651731161,2.17,,,,19.50,,,,,,🔄 持平 (0%),,💤 籌碼沉澱中,,,,,,,,,,,,,,,144.0,1367.0,26.0,41.0,1505.4,13.4,37.0,9.5,53.2,99.0,226.0,5732.1,,,,,,1175.0,4410.0,🔄 持平,0.0,0.0,↘️ 微減,-0.06,-4.08,🚨 劇減,-2.85,-4.13,⚠️ 大減,-1.12,-2.4000000000000004,,,,,,30.6,0,0.0,🔄 持平,-3.3,0.0,➖ 持平,3,3,233.0
7718,友鋮,電機機械,09/17,46.0,0.0,12.0,0.55,8.19,17.0,0.78,⏸️ 平量滯漲 (拋壓增大，高位見頂),7.843137254901977,0.71,,,,0.80,,,,,,,,,,,,,,,,,,,,,,,,,,,,,,,,,,,,,,,,,,🚨 劇減,-2.14,-2.29,↘️ 微減,-0.01,-0.19,↘️ 微減,-0.03,-0.21,↘️ 微減,-0.03,-0.21,,,,,,11.9,0,-0.2,🚨 減/大減,-0.1,0.0,➖ 持平,7,4,126.0
7723,築間,觀光餐旅,09/17,18.75,0.0,47.0,0.89,,35.0,0.67,⏸️ 平量滯漲 (拋壓增大，高位見頂),32.835820895522374,1.33,,,,0.90,,,,,,🔄 持平 (0%),,,,,,,1.03,-5.77,,,,,,,,,,,,,,,,,,,,,,,,,,,,🔄 持平,0.0,-1.19,🔄 持平,-0.0,-1.19,🔄 持平,-0.0,-1.23,🔄 持平,-0.0,-0.04,,,,,,16.6,92.8,0.0,🔄 持平,0.0,6.1,🚨 暴增,2,3,28.0
7728,光焱科技,其他電子業,09/17,632.0,-0.47,21.0,13.4,102.0,54.0,35.08,⚖️ 溫和震盪整理,-31.63265306122449,0.38,,,,1.90,,,,,,,,💤 籌碼沉澱中,,,,,,,,,,,,,,,,,,,,,,2.38,19.4,,,,,,,,,,,🔄 持平,0.0,-1.44,🔄 持平,-0.0,-1.44,🔄 持平,-0.0,3.61,🔄 持平,-0.0,0.0,,,,,,52.7,11.2,0.0,🔄 持平,0.0,2.71,⚠️ 大增,2,3,40.0
7734,印能科技,半導體業,09/17,2580.0,3.61,454.0,1208.0,53.9,321.0,829.0,⚖️ 溫和震盪整理,190.3846153846154,1.46,,,,6.00,,,,,,🔄 持平 (0%),,🔥 持續加碼 (0.14%),,🌐 外資週連買(6)-🚀 趨勢加溫,,,,,,,,,,,,,-20.0,300.0,,,,6.53,11.5,,,59.0,99.0,15222.0,,,,,,,,🔄 持平,0.0,0.0,🔄 持平,-0.0,-3.15,🔄 持平,-0.0,-3.15,🔄 持平,-0.0,-3.14,,,,,,18.7,0,0.0,🔄 持平,0.1,0.0,➖ 持平,4,4,152.0
7738,東聯互動,數位雲端,09/17,161.0,1.58,20.0,3.21,12.6,35.0,5.66,📈 價升量縮 (量價背離，下方承接看拉高),-73.68852459016392,0.57,,,,0.50,,,,,,,,,,,,,,,,,,,,,,,,,,,,,,2.25,8.33,,,,,,,,,,,🔄 持平,0.0,0.0,🔄 持平,-0.0,0.0,↘️ 微減,-0.08,-0.09,↘️ 微減,-0.08,-0.09,,,,,,10.4,0,0.0,🔄 持平,0.0,0.0,➖ 持平,4,2,144.0
7743,金利食安,食品工業,09/17,24.3,2.53,50.0,1.2,21.1,64.0,1.48,⚖️ 溫和震盪整理,-26.82926829268293,0.81,,,,2.90,,,,,,,,,,,,,,,,,,,,,,,,,,,,,,,,,,,,,,,,,,🔄 持平,0.0,0.0,🔄 持平,-0.0,0.0,🔄 持平,-0.0,0.0,🔄 持平,-0.0,0.0,,,,,,17.4,0,0.0,🔄 持平,0.0,0.0,➖ 持平,4,3,163.0
7744,崴寶,電子零組件業,09/17,508.0,3.67,88.0,44.6,23.4,74.0,36.52,⚖️ 溫和震盪整理,197.33333333333337,1.22,,,,30.60,,,,,,🔄 持平 (0%),,💤 籌碼沉澱中,,🌐 外資週連買(5)-🚀 趨勢加溫,,,,,,,,,,,,,,,,,,4.88,-0.77,,,,,,,,,,,,,↗️ 微增,0.04,3.06,🚨 劇減,-2.63,-2.8599999999999994,↘️ 微減,-0.31,-0.5399999999999999,↘️ 微減,-0.29,-2.06,,,,,,40.2,11.0,0.0,🔄 持平,0.0,0.0,➖ 持平,3,4,133.0
7747,昕奇雲端,數位雲端,09/17,112.5,0.0,1.0,0.06,25.3,3.0,0.38,⚖️ 溫和震盪整理,-83.33333333333334,0.16,,,,0.70,,,,,,,,,,,,,,,,,,,,,,,,,,,,,,,,,,,,,,,,,,↗️ 微增,0.02,5.9,↗️ 微增,0.02,-1.26,↗️ 微增,0.02,-1.26,↗️ 微增,0.03,2.04,雙引擎 | 長短線,,,,,61.8,0,-6.2,🚨 減/大減,0.0,0.0,➖ 持平,0,4,202.0
7751,竑騰,半導體業,09/17,1420.0,1.43,76.0,108.0,55.0,165.0,232.8,⚖️ 溫和震盪整理,-47.57281553398058,0.46,,,,9.80,,,,,,,🔄 持平 (0.0%),🔥 持續加碼 (0.02%),🔄 今日量縮持平,🌐 外資日連買(2)-🆕 試單觀察 | 🏦 投信週連買(2)-🌱 週線發動,,,0.0,-7.18,,,,,,,,,,,,,,,,0.84,24.5,,,,,,,,,285.0,6560.0,🔄 持平,0.0,0.0,↘️ 微減,-0.04,-0.04,↘️ 微減,-0.04,-0.04,↘️ 微減,-0.41,-0.41,,,,,,18.6,0,0.0,🔄 持平,0.0,0.0,➖ 持平,6,4,470.0
7753,星亞,光電業,09/17,35.7,-0.14,15.0,0.55,8.11,12.0,0.44,⏸️ 平量滯漲 (拋壓增大，高位見頂),587.5,1.25,,,,0.20,,,,,,,,,,,,,,,,,,,,,,,,,,,,,,,,,,,,,,,,,,🔄 持平,0.0,0.0,🔄 持平,-0.0,0.0,🔄 持平,-0.0,0.0,🔄 持平,-0.0,0.0,,,,,,65.4,0,0.0,🔄 持平,0.0,0.0,➖ 持平,2,3,36.0
7757,金色三麥,觀光餐旅,09/17,88.2,-0.23,6.0,0.57,10.9,13.0,1.15,⚖️ 溫和震盪整理,-43.56435643564357,0.5,,,,19.60,,,,,,,,,,,,,0.0,-10.0,,,,,,,,,,,,,,,,,,,,,,,,,,,,🔄 持平,0.0,-2.5,🔄 持平,-0.0,1.36,🔄 持平,-0.0,1.36,🔄 持平,-0.0,1.38,,,,,,48.6,28.1,0.0,🔄 持平,0.2,5.1,🚨 暴增,4,3,31.0
7767,仁大資訊,資訊服務業,09/17,46.2,0.11,34.0,1.57,10.2,72.0,3.36,⚖️ 溫和震盪整理,25.6,0.47,,,,0.20,,,,,,,,,,,,,,,,,,,,,,,,,,,,,,,,,,,,,,,,,,↗️ 微增,0.12,0.53,↗️ 微增,0.12,0.54,↗️ 微增,0.12,0.54,↗️ 微增,0.15,-0.78,雙引擎,,,,,20.8,0,0.0,🔄 持平,0.0,0.0,➖ 持平,7,4,299.0
7770,君曜,半導體業,09/17,38.3,1.86,22.0,0.85,15.3,13.0,0.48,⚖️ 溫和震盪整理,13.33333333333333,1.77,,,,0.20,,,,,,🔥 強延續 (26.8%),,,,🌐 外資日連買(4)-🆕 試單觀察,,,,,,,,,,,,,,,,,,,,,,,,,,,,,,,,🔄 持平,0.0,0.0,🔄 持平,-0.0,0.0,🔄 持平,-0.0,0.0,🔄 持平,-0.0,-0.22,,,,,,13.4,0,0.0,🔄 持平,1.6,0.0,➖ 持平,4,4,22.0
7772,耀穎,半導體業,09/17,146.0,9.77,472.0,66.7,168.0,208.0,27.72,🚀 放量大漲 (量價齊升，持續看漲),363.19444444444446,2.41,,,,0.40,,,,,,,,,,,,,,,,,,,,,,,,,,,,,,,,,,,,,,,,,,🔄 持平,0.0,0.0,🔄 持平,-0.0,0.0,🔄 持平,-0.0,0.0,🔄 持平,-0.0,0.0,,,,,,27.9,0,0.0,🔄 持平,-2.8,0.0,➖ 持平,1,2,213.0
7777,能率亞洲,其他業,09/17,36.9,0.14,975.0,36.6,30.2,831.0,30.32,⏸️ 平量滯漲 (拋壓增大，高位見頂),44.094488188976385,1.21,,,,0.60,,,,,,,,,,,,,,,,,,,,,,,40.8,88.5,71.0,115.0,262.0,,,0.54,10.1,,,,,,,,,,,↘️ 微減,-0.27,-0.7699999999999999,↘️ 微減,-0.27,-1.75,↘️ 微減,-0.29,-1.78,📉 小減,-0.61,-1.3299999999999998,,,,,,46.1,0,0.0,🔄 持平,0.0,0.0,➖ 持平,2,4,352.0
7782,光速火箭,居家生活,09/17,25.45,-0.78,8.0,0.21,11.5,7.0,0.17,⏸️ 平量滯漲 (拋壓增大，高位見頂),-48.78048780487805,1.24,,,,0.30,,,,,,,,,,,,,,,,,,,,,,,,,,,,,,,,,,,,,,,,,,🔄 持平,0.0,0.0,🔄 持平,-0.0,3.52,🔄 持平,-0.0,0.19,🔄 持平,-0.0,0.19,,,,,,29.6,0,0.0,🔄 持平,0.0,0.0,➖ 持平,1,2,27.0
7792,安葆,其他電子業,09/17,313.0,0.32,298.0,93.9,28.0,261.0,81.26,⏸️ 平量滯漲 (拋壓增大，高位見頂),46.26168224299065,1.16,,,,19.20,,,,,,,,🔄 今日量縮持平,,🌐 外資日連買(4)-🆕 試單觀察 | 🌐 外資週連買(4)-🌱 週線發動,,,,,,,,,,,,,,,,,,,,10.7,8.57,,,,,,,,,,,↘️ 微減,-0.06,-0.16999999999999998,↘️ 微減,-0.06,-0.16999999999999998,↘️ 微減,-0.06,-1.83,↘️ 微減,-0.06,-0.23999999999999988,,,,,,29.5,0,-0.1,🚨 減/大減,0.0,0.0,➖ 持平,4,4,351.0
7794,宏碁智新,居家生活,09/17,31.0,0.0,24.0,0.75,12.0,26.0,0.84,⏸️ 平量滯漲 (拋壓增大，高位見頂),-25.742574257425744,0.89,,,,1.40,,,,,,,,,,,,,,,,,,,,,,,,,,,,,,,,,,,,,,,,,,🔄 持平,0.0,0.0,🔄 持平,-0.0,0.0,🔄 持平,-0.0,0.0,🔄 持平,-0.0,0.0,,,,,,50.5,0,0.0,🔄 持平,-6.4,0.0,➖ 持平,6,2,69.0
7805,威聯通,數位雲端,09/17,503.0,0.6,19.0,9.28,10.6,34.0,17.06,⚖️ 溫和震盪整理,-20.68376068376069,0.54,,,,13.00,,,,,,🔄 持平 (0%),,,,🌐 外資日連買(4)-🆕 試單觀察 | 🌐 外資週連買(2)-🌱 週線發動,,,-1.89,-14.0,,,,,,,,,,,,,,,,,,,,,,,,,,,,🔄 持平,0.0,3.44,🔄 持平,-0.0,3.44,🔄 持平,-0.0,3.44,🔄 持平,-0.0,0.0,,,,,,38.6,0,6.4,🔥 大增,6.4,0.0,➖ 持平,7,2,24.0
7810,捷創科技,半導體業,09/17,219.0,1.15,62.0,13.6,25.0,85.0,18.56,⏸️ 平量滯漲 (拋壓增大，高位見頂),35.999999999999986,0.73,,,,2.20,,,,,,🔄 持平 (0%),,🔥 持續加碼 (0.15%),,🌐 外資日連買(2)-🆕 試單觀察 | 🌐 外資週連買(8)-🚀 趨勢加溫,,,,,,,,,,,,,,,,,,-1.25,29.5,,,,,,,,,,,,,🔄 持平,0.0,0.0,🔄 持平,-0.0,0.0,🔄 持平,-0.0,0.0,🔄 持平,-0.0,0.0,,,,,,36.3,0,0.0,🔄 持平,0.0,0.0,➖ 持平,2,4,97.0
7811,民盛,運動休閒,09/17,72.5,0.0,2.0,0.15,10.1,4.0,0.32,⚖️ 溫和震盪整理,-31.818181818181824,0.47,,,,0.40,,,,,,,,,,,,,,,,,,,,,,,,,,,,,,,,,,,,,,,,,,🔄 持平,0.0,0.0,🔄 持平,-0.0,0.0,🔄 持平,-0.0,0.0,↗️ 微增,0.13,1.41,,,,,,62.2,0,0.0,🔄 持平,-3.0,0.0,➖ 持平,11,4,105.0
7814,海昌生技,生技醫療業,09/17,28.5,0.0,12.0,0.34,204.0,14.0,0.41,⏸️ 平量滯漲 (拋壓增大，高位見頂),126.6666666666667,0.83,,,,0.10,,,,,,,,,,,,,,,,,,,,,,,,,,,,,,,,,,,,,,,,,,🔄 持平,0.0,0.0,🔄 持平,-0.0,0.0,↗️ 微增,0.02,1.3900000000000001,↗️ 微增,0.02,-0.010000000000000004,,,,,,68.1,0,0.0,🔄 持平,-8.7,0.0,➖ 持平,1,4,57.0
7819,精誠金融,資訊服務業,09/17,34.55,0.58,9.0,0.31,17.9,17.0,0.61,⚖️ 溫和震盪整理,-27.90697674418604,0.51,,,,2.00,,,,,,,,,,🌐 外資週連買(2)-🌱 週線發動,,,,,,,,,,,,,,,,,,,,,,,,,,,,,,,,🔄 持平,0.0,0.0,🔄 持平,-0.0,0.02,🔄 持平,-0.0,0.02,🔄 持平,-0.0,0.02,,,,,,55.4,0,0.0,🔄 持平,-8.3,0.0,➖ 持平,4,4,405.0
7820,立盈,綠能環保,09/17,106.0,-1.85,17.0,1.83,43.6,18.0,1.98,🥀 平量價縮 (下跌中繼，弱反彈信號),144.0,0.92,,,,0.20,,,,,,,,,,,,,,,,,,,,,,,,,,,,,,,,,,,,,,,,,,↗️ 微增,0.08,0.64,↗️ 微增,0.08,0.64,↗️ 微增,0.08,0.63,↗️ 微增,0.08,0.65,雙引擎 | 長短線,,,,,37.8,0,0.0,🔄 持平,-4.2,0.0,➖ 持平,3,4,93.0
7828,創新服務,半導體業,09/17,1935.0,-3.49,366.0,721.0,185.0,301.0,589.2,🥀 平量價縮 (下跌中繼，弱反彈信號),28.5204991087344,1.22,,,,28.30,,,,,,🔄 持平 (0%),🔄 持平 (0.0%),💤 籌碼沉澱中,🔄 今日量縮持平,🏦 投信週連買(3)-🌱 週線發動,,,,,,,,,,,,,,,,,,,,9.8,33.3,,,,,,,,,1971.0,5512.0,↘️ 微減,-0.06,-0.21,↘️ 微減,-0.06,-0.21,🚀 劇增,1.6,1.44,↗️ 微增,0.46,1.37,,,,,,30.1,0,0.0,🔄 持平,-3.4,0.0,➖ 持平,4,3,515.0
7839,達人網,數位雲端,09/17,43.0,-1.83,7.0,0.3,18.7,11.0,0.47,📉 縮量小跌 (主力洗盤止跌，擇機進場),15.384615384615374,0.64,,,,6.00,,,,,,⚠️ 趨緩 (57.1%),,🔥 持續加碼 (0.03%),,🌐 外資日連買(5)-⚡ 買盤點火 | 🌐 外資週連買(6)-🚀 趨勢加溫,,,,,,,,,,,,,,,,,,,,,,,,,,,,,,,,🔄 持平,0.0,0.0,🔄 持平,-0.0,0.0,🔄 持平,-0.0,0.0,🔄 持平,-0.0,-0.26,,,,,,60.4,0,0.0,🔄 持平,-8.8,0.0,➖ 持平,5,3,52.0
7842,天能綠電,綠能環保,09/17,96.5,-2.62,14.0,1.33,19.2,23.0,2.26,📉 縮量小跌 (主力洗盤止跌，擇機進場),1230.0,0.59,,,,0.70,,,,,,,,,,,,,,,,,,,,,,,,,,,,,,,,,,,,,,,,,,🔄 持平,0.0,0.0,🔄 持平,-0.0,0.0,↗️ 微增,0.37,4.2700000000000005,↗️ 微增,0.37,4.27,,,,,,63.8,0,0.0,🔄 持平,-14.7,0.0,➖ 持平,1,4,374.0
8024,佑華,半導體業,09/17,12.95,0.0,43.0,0.56,,55.0,0.71,⏸️ 平量滯漲 (拋壓增大，高位見頂),-12.49999999999999,0.79,,,,1.70,,,,,,,,,,,,,,,,,,,,,,,,,,,,,,,,,,,,,,,,,,🔄 持平,0.0,0.0,🔄 持平,-0.0,0.0,🔄 持平,-0.0,0.0,🔄 持平,-0.0,0.0,,,,,,13.8,0,0.0,🔄 持平,0.0,0.0,➖ 持平,3,3,36.0
8027,鈦昇,電機機械,09/17,173.0,-0.57,2682.0,477.0,558.0,1752.0,300.6,⚠️ 放量滯漲 (拋壓增大，即將見頂反轉),38.662790697674424,1.59,,,,12.50,,,,,,,,🔥 持續加碼 (0.08%),,🌐 外資日連買(2)-🆕 試單觀察,,,,,,,,,,,,,13.2,49.5,19.0,54.0,328.7,,,,,,,,,,,,,-285.0,1516.0,📉 小減,-0.84,-0.7999999999999998,📉 小減,-0.8,-0.76,↘️ 微減,-0.13,-0.81,↗️ 微增,0.38,-1.12,,,,,,6.86,38.5,0.0,🔄 持平,-1.0,0.0,➖ 持平,5,3,377.0
8032,光菱,電子通路業,09/17,34.7,0.29,19.0,0.67,9.91,29.0,1.0,⚖️ 溫和震盪整理,-55.33333333333332,0.67,,,,1.60,,,,,,⚠️ 趨緩 (10.4%),,,,🌐 外資日連買(4)-🆕 試單觀察,🔼 進駐,,,,,,,,,,,,,,,,,,,,,,,,,,,,,,,🔄 持平,0.0,0.0,🔄 持平,-0.0,0.0,🔄 持平,-0.0,0.0,🔄 持平,-0.0,0.0,,,,,,48.0,0,0.0,🔄 持平,-0.4,0.0,➖ 持平,4,3,30.0
8034,榮群,通信網路業,09/17,19.85,0.51,78.0,1.55,16.7,63.0,1.26,⏸️ 平量滯漲 (拋壓增大，高位見頂),58.163265306122454,1.23,,,,7.00,,,,,,🔄 持平 (0%),,💤 籌碼沉澱中,,,,,,,,,,,,,,,,,,,,,,,,,,,,,,,,,,🔄 持平,0.0,0.0,⚠️ 大減,-1.42,-1.51,↘️ 微減,-0.04,-0.13,↘️ 微減,-0.1,-1.16,,,,,,9.87,16.1,0.0,🔄 持平,0.0,0.0,➖ 持平,6,4,268.0
8038,長園科,電子零組件業,09/17,31.9,-0.47,147.0,4.71,40.4,327.0,10.44,⚖️ 溫和震盪整理,-74.94680851063829,0.45,,,,0.60,,,,,,,,,,,,,,,,,,,,,,,,,,,,,,,,,,,,,,,,,,🔄 持平,0.0,0.01,🔄 持平,-0.0,0.02,🔄 持平,-0.0,0.05,🔄 持平,-0.0,0.79,,,,,,11.3,0,0.0,🔄 持平,6.77,0.0,➖ 持平,2,4,325.0
8040,九暘,半導體業,09/17,78.3,0.13,1272.0,102.0,979.0,844.0,66.36,⚠️ 放量滯漲 (拋壓增大，即將見頂反轉),114.28571428571428,1.54,,,,3.90,,,,,,,,,,🌐 外資日連買(4)-🆕 試單觀察,,,,,,,,,,,,,,,,,,,,,,,,,,,,,,,,↗️ 微增,0.01,0.09000000000000001,↗️ 微增,0.01,0.09000000000000001,↗️ 微增,0.01,-0.6699999999999998,↘️ 微減,-0.09,-1.2599999999999998,,,,,,29.3,0,0.0,🔄 持平,0.0,0.0,➖ 持平,4,3,249.0
8042,金山電,電子零組件業,09/17,110.5,-3.07,3488.0,398.0,29.2,4844.0,555.0,🥀 平量價縮 (下跌中繼，弱反彈信號),75.33039647577094,0.72,,,,9.60,,,,,,,,💤 籌碼沉澱中,,,,,-5.05,-24.6,-345.0,-2120.0,-3812.2,,,,,,,,,,,,,,,,,,,,,,,,,🔥 大增,1.39,0.43999999999999995,🔥 大增,1.36,0.4700000000000002,🚀 劇增,2.89,-1.6699999999999997,🚀 劇增,3.2,0.5000000000000006,雙引擎 | 長短線,,,,,10.8,35.8,0.0,🔄 持平,0.1,0.0,➖ 持平,1,4,1068.0
8043,蜜望實,電子零組件業,09/17,130.0,-1.52,1126.0,149.0,31.5,1306.0,175.4,🥀 平量價縮 (下跌中繼，弱反彈信號),27.350427350427342,0.85,,,,5.30,,,,,,,,,,,,,,,,,,,,,,,9.35,18.2,10.0,18.0,130.0,,,,,,,,,,,,,,,🔄 持平,0.0,-1.78,🔄 持平,-0.0,-1.78,🚀 劇增,1.53,-1.9100000000000001,↗️ 微增,0.28,-1.11,,,,,,12.0,0,0.0,🔄 持平,0.0,0.0,➖ 持平,2,3,703.0
8044,網家,數位雲端,09/17,24.2,1.89,439.0,10.6,,268.0,6.34,⚖️ 溫和震盪整理,250.99337748344368,1.67,,,,7.00,,,,,,,,,,🌐 外資日連買(2)-🆕 試單觀察,,,,,,,,,,,,,,,,,,,,,,,,,,,,,,,,📈 小增,0.63,1.6600000000000001,📈 小增,0.64,0.2899999999999998,↗️ 微增,0.33,0.25,↗️ 微增,0.33,-0.64,雙引擎,,,,,41.7,0,0.0,🔄 持平,0.2,0.0,➖ 持平,3,4,255.0
8047,星雲,其他電子業,09/17,45.15,-3.32,7.0,0.3,,9.0,0.42,🥀 平量價縮 (下跌中繼，弱反彈信號),2900.0,0.71,,,,5.20,,,,,,,,,,,,,,,,,,,,,,,,,,,,,,,,,,,,,,,,,,🚀 劇增,2.68,2.8299999999999996,↗️ 微增,0.28,0.53,↗️ 微增,0.28,0.53,↗️ 微增,0.28,1.52,雙引擎 | 長短線,,,,,30.0,0,0.0,🔄 持平,0.0,0.0,➖ 持平,1,3,109.0
8048,德勝,通信網路業,09/17,49.0,0.0,118.0,5.82,14.6,108.0,5.2,⏸️ 平量滯漲 (拋壓增大，高位見頂),185.29411764705884,1.12,,,,5.00,,,,,,,,,,,,,,,,,,,,,,,,,,,,,,,,,,,,,,,,,,↘️ 微減,-0.01,0.28,↘️ 微減,-0.01,0.28,↘️ 微減,-0.02,0.28,↗️ 微增,0.06,0.6799999999999999,,,,,,8.82,0,-0.27,🚨 減/大減,0.0,0.0,➖ 持平,3,4,69.0
8049,晶采,光電業,09/17,24.45,0.0,116.0,2.82,12.7,94.0,2.28,⏸️ 平量滯漲 (拋壓增大，高位見頂),18.98734177215189,1.24,,,,3.10,,,,,,🔄 持平 (0%),,,,,,,,,,,,,,,,,,,,,,,,,,,,,,,,,,,,🔄 持平,0.0,0.06,🔄 持平,-0.0,0.06,↗️ 微增,0.01,1.21,↗️ 微增,0.01,-0.08000000000000007,,,,,,4.77,0,0.0,🔄 持平,-2.96,0.0,➖ 持平,6,4,162.0
8050,廣積,電腦及週邊設備業,09/17,58.9,2.43,1944.0,114.0,16.1,1194.0,68.58,⚖️ 溫和震盪整理,204.0,1.66,,,,6.90,,,,,,🔥 強延續 (45.9%),,🔥 持續加碼 (0.44%),,🌐 外資日連買(7)-⚡ 買盤點火 | 🌐 外資週連買(4)-🌱 週線發動,🚀 強軋,,-3.64,-8.51,-151.0,-372.0,-889.4,-2.07,-9.94,-122.0,-637.0,-718.6,,,,,,,,,,,,,,,,-717.0,-3653.0,,,↘️ 微減,-0.03,0.06000000000000005,↘️ 微減,-0.02,0.4700000000000002,↗️ 微增,0.01,-0.1299999999999999,↘️ 微減,-0.09,-0.33000000000000007,,,,,,28.6,3.72,0.0,🔄 持平,0.4,0.0,➖ 持平,7,4,1508.0
8054,安國,半導體業,09/17,83.5,1.83,751.0,62.8,,566.0,46.38,⚖️ 溫和震盪整理,155.28455284552845,1.35,,,,4.80,,,,,,,,🔥 持續加碼 (0.3%),,🌐 外資日連買(2)-🆕 試單觀察,,,,,-86.0,-144.0,-718.1,,,,,,,,,,,,,,,,,,,,,,,,,↗️ 微增,0.02,-0.010000000000000002,↘️ 微減,-0.06,-0.06999999999999995,📉 小減,-0.63,-2.04,↗️ 微增,0.22,-1.9099999999999997,雙引擎,,,,,20.2,0,-0.2,🚨 減/大減,-0.3,0.0,➖ 持平,4,4,448.0
8059,凱碩,通信網路業,,,,,,,,,,,,,,,0.00,,,,,,🔄 持平 (0%),,,,,,,,,,,,,,,,,,,,,,,,,,,,,,,,,,,,無資料,,0.0,無資料,,0.02,無資料,,0.04,無資料,,0.04,,,,,,,,,無,,,無,0,0,150.0
8064,東捷,光電業,09/17,130.0,9.7,5826.0,748.0,50.4,6857.0,808.4,✈️ 平量大漲 (一致看漲無拋壓，加速上漲),13.850837138508364,0.93,,,,11.70,,,,,,,,🔥 持續加碼 (0.38%),,🌐 外資日連買(2)-🆕 試單觀察,,,-1.46,-12.8,-157.0,-1556.0,-2041.0,,,,,,,,112.0,12.0,1456.0,-1.46,-12.8,0.65,11.0,,,,58.0,895.0,754.0,,,745.0,10315.0,🚀 劇增,2.57,3.2500000000000004,🚀 劇增,1.96,3.0900000000000003,🚀 劇增,2.9,3.2299999999999995,🚀 劇增,2.59,2.69,雙引擎 | 長短線,,,,,20.9,6.99,0.0,🔄 持平,2.0,3.89,⚠️ 大增,3,3,2269.0
8066,來思達,居家生活,09/17,15.05,-0.99,28.0,0.42,,20.0,0.3,⏸️ 平量滯漲 (拋壓增大，高位見頂),2.4390243902439046,1.4,,,,3.20,,,,,,,,,,🌐 外資日連買(2)-🆕 試單觀察 | 🌐 外資週連買(7)-🚀 趨勢加溫,,,,,,,,,,,,,,,,,,,,,,,,,,,,,,,,🔄 持平,0.0,1.36,↘️ 微減,-0.01,1.32,↘️ 微減,-0.01,-0.72,↘️ 微減,-0.01,-0.72,,,,,,15.2,0,0.0,🔄 持平,5.48,0.0,➖ 持平,3,4,500.0
8067,志旭,電子通路業,09/17,11.7,-2.5,13.0,0.15,58.5,9.0,0.11,🥀 平量價縮 (下跌中繼，弱反彈信號),-44.44444444444445,1.36,,,,8.40,,,,,,,,,,,,,,,,,,,,,,,,,,,,,,,,,,,,,,,,,,🔄 持平,0.0,0.0,🔄 持平,-0.0,0.0,🔄 持平,-0.0,0.0,🔄 持平,-0.0,0.0,,,,,,21.4,0,0.0,🔄 持平,-30.3,0.0,➖ 持平,3,1,26.0
8068,全達,電子通路業,09/17,15.95,1.27,109.0,1.74,,106.0,1.69,⏸️ 平量滯漲 (拋壓增大，高位見頂),-39.16083916083915,1.03,,,,8.50,,,,,,,,,,🌐 外資日連買(2)-🆕 試單觀察,,,,,,,,,,,,,,,,,,,,,,,,,,,,,,,,↘️ 微減,-0.06,0.8899999999999999,↘️ 微減,-0.06,-0.35,↘️ 微減,-0.06,-0.35,📈 小增,0.53,0.2800000000000001,,,,,,23.2,0,0.0,🔄 持平,-1.4,0.0,➖ 持平,3,4,77.0
8069,元太,光電業,09/17,145.5,-1.69,5128.0,756.0,14.2,4079.0,599.0,🥀 平量價縮 (下跌中繼，弱反彈信號),30.569948186528496,1.26,,,,39.70,,,,,,,🔥 強延續 (7.0%),,🔥 持續加碼 (0.03%),🏦 投信日連買(4)-🆕 試單觀察 | 🏦 投信週連買(5)-🚀 趨勢加溫,,,,,147.0,-194.0,2138.8,,,309.0,-3003.0,4496.0,,,,,,,,,,,,,,,,4553.0,-43957.0,,,↘️ 微減,-0.18,-2.01,↘️ 微減,-0.48,-2.02,↘️ 微減,-0.29,-1.65,↘️ 微減,-0.48,-2.29,,,,,,2.87,0,0.0,🔄 持平,-0.01,0.0,➖ 持平,4,4,3472.0
8071,能率網通,電子零組件業,09/17,21.5,1.65,426.0,9.18,,239.0,5.19,⚖️ 溫和震盪整理,153.59116022099445,1.77,,,,5.20,,,,,,,,💤 籌碼沉澱中,,🌐 外資日連買(2)-🆕 試單觀察 | 🌐 外資週連買(2)-🌱 週線發動,,,,,,,,,,,,,,,,,,,,,,,,,,,,,,,,🔄 持平,0.0,-1.69,🔄 持平,-0.0,-1.69,↗️ 微增,0.07,-0.44000000000000006,🔥 大增,1.14,1.42,,,,,,14.7,0,0.0,🔄 持平,0.0,0.0,➖ 持平,2,4,886.0
8074,鉅橡,電子零組件業,09/17,49.75,-1.09,305.0,15.4,25.4,278.0,13.9,⏸️ 平量滯漲 (拋壓增大，高位見頂),20.3125,1.11,,,,5.80,,,,,,,,,,🌐 外資日連買(2)-🆕 試單觀察,,,,,,,,,,,,,,,,,,,,-0.68,7.17,,,,,,,,,,,↘️ 微減,-0.12,0.49,↘️ 微減,-0.12,1.4,↘️ 微減,-0.12,0.5,↗️ 微增,0.39,0.5399999999999999,,,,,,10.8,0,0.0,🔄 持平,-0.2,0.0,➖ 持平,2,4,251.0
8076,伍豐,電腦及週邊設備業,09/17,21.5,1.42,514.0,11.0,154.0,500.0,10.73,⏸️ 平量滯漲 (拋壓增大，高位見頂),46.66666666666666,1.03,,,,6.70,,,,,,,,,,🌐 外資日連買(2)-🆕 試單觀察,,,,,,,,,,,,,0.0,500.0,0.0,30.0,0.0,,,,,,,,19.0,185.0,40.8,,,,,↗️ 微增,0.38,0.41000000000000014,↗️ 微增,0.07,-0.5800000000000001,↘️ 微減,-0.2,-1.27,↘️ 微減,-0.18,-0.4700000000000001,,,,,,10.2,23.6,0.0,🔄 持平,0.0,0.0,➖ 持平,2,4,177.0
8077,洛碁,觀光餐旅,09/17,43.5,-0.8,13.0,0.58,6.42,5.0,0.23,⚠️ 放量滯漲 (拋壓增大，即將見頂反轉),544.4444444444445,2.52,,,,51.10,,,,,,🔄 持平 (0%),,,,🌐 外資週連買(2)-🌱 週線發動,,,,,,,,,,,,,,,,,,,,,,,,,,,,,,,,🔄 持平,0.0,0.0,🔄 持平,-0.0,0.0,🔄 持平,-0.0,0.0,🔄 持平,-0.0,0.0,,,,,,59.9,0,0.0,🔄 持平,0.0,0.0,➖ 持平,1,2,20.0
8080,泰霖,建材營造業,09/17,28.75,-0.86,15.0,0.44,,11.0,0.32,⏸️ 平量滯漲 (拋壓增大，高位見頂),-4.34782608695653,1.38,,,,0.10,,,,,,,,,,,,,,,,,,,,,,,,,,,,,,,,,,,,,,,,,,🔄 持平,0.0,0.0,🔄 持平,-0.0,0.0,🔄 持平,-0.0,0.0,🔄 持平,-0.0,0.63,,,,,,48.1,0,0.0,🔄 持平,0.0,0.0,➖ 持平,3,2,73.0
8083,瑞穎,電機機械,09/17,156.5,0.32,22.0,3.46,13.7,27.0,4.19,⏸️ 平量滯漲 (拋壓增大，高位見頂),-38.103756708407865,0.83,,,,2.40,,,,,,,,,,🌐 外資日連買(2)-🆕 試單觀察,,,,,,,,,,,,,,,,,,,,,,,,,,,,,,,,🔄 持平,0.0,0.11,🔄 持平,-0.0,0.11,↗️ 微增,0.1,0.19999999999999998,↗️ 微增,0.1,0.75,,,,,,18.2,4.68,0.0,🔄 持平,-0.1,0.0,➖ 持平,12,3,184.0
8084,巨虹,電子通路業,09/17,41.65,0.48,273.0,11.3,,360.0,15.18,⏸️ 平量滯漲 (拋壓增大，高位見頂),-18.11594202898551,0.74,,,,0.50,,,,,,,,💤 籌碼沉澱中,,🌐 外資週連買(2)-🌱 週線發動,,,,,,,,,,,,,,,,,,,,1.47,23.2,,,,,,,,,,,🚨 劇減,-1.81,-6.14,🚨 劇減,-1.81,-7.430000000000001,📉 小減,-0.92,-5.33,📉 小減,-0.92,-3.98,,,,,,5.29,0,0.0,🔄 持平,0.0,0.0,➖ 持平,4,4,300.0
8085,福華,其他電子業,09/17,14.3,0.0,131.0,1.87,,171.0,2.44,⏸️ 平量滯漲 (拋壓增大，高位見頂),-18.34061135371179,0.77,,,,1.20,,,,,,🔄 持平 (0%),,💤 籌碼沉澱中,,,,,-1.45,-13.4,,,,,,,,,,,,,,,,,,,,,,,,,,,,🔄 持平,0.0,-0.75,↘️ 微減,-0.01,-2.5999999999999996,↗️ 微增,0.06,-0.57,↗️ 微增,0.4,0.56,,,,,,22.6,0,0.0,🔄 持平,0.0,0.0,➖ 持平,2,4,636.0
8086,宏捷科,半導體業,09/17,108.0,0.47,3049.0,335.0,20.1,2165.0,232.8,⏸️ 平量滯漲 (拋壓增大，高位見頂),65.02463054187193,1.44,,,,15.70,,,,,,,,,,,,,,,-111.0,-255.0,-1198.8,,,,,,8.7,51.5,4.0,17.0,43.2,,,,,,,,,,,,,,,🚨 劇減,-1.77,-9.959999999999999,↘️ 微減,-0.44,-7.74,↘️ 微減,-0.13,-8.47,📉 小減,-0.96,-8.14,,,,,,31.9,0,0.0,🔄 持平,0.0,0.0,➖ 持平,1,3,438.0
8087,麗升能源,綠能環保,09/17,24.0,-3.23,31.0,0.74,,33.0,0.82,🥀 平量價縮 (下跌中繼，弱反彈信號),572.7272727272727,0.9,,,,3.40,,,,,,,,,,,,,,,,,,,,,,,,,,,,4.95,14.0,,,,,,,,,,,,,↗️ 微增,0.02,0.13,↗️ 微增,0.02,0.13,↗️ 微增,0.02,0.15,↗️ 微增,0.02,0.14,雙引擎 | 長短線,,,,,8.79,34.2,-9.61,🚨 減/大減,-9.61,17.9,🚨 暴增,3,4,96.0
8088,品安,半導體業,09/17,41.8,0.0,212.0,8.96,14.0,277.0,11.56,⏸️ 平量滯漲 (拋壓增大，高位見頂),-34.11764705882352,0.78,,,,5.30,,,,,,,,,,,,,,,,,,,,,,,,,,,,,,,,,,,,,,,,,,↘️ 微減,-0.06,-1.13,↘️ 微減,-0.06,-2.54,↘️ 微減,-0.06,-2.54,↘️ 微減,-0.06,-2.54,,,,,,10.7,0,0.0,🔄 持平,-0.3,0.0,➖ 持平,2,4,144.0
8089,康全電訊,通信網路業,09/17,18.1,0.0,66.0,1.2,,99.0,1.78,⚖️ 溫和震盪整理,-62.96296296296296,0.67,,,,3.80,,,,,,⚠️ 趨緩 (22.6%),,🔥 持續加碼 (0.02%),,🌐 外資日連買(9)-⚡ 買盤點火 | 🌐 外資週連買(2)-🌱 週線發動,,,0.13,-7.91,2.0,-136.0,3.6,-1.5,-8.13,,,,,,,,,,,,,,,,,,,,,,,↗️ 微增,0.04,0.09,↗️ 微增,0.04,0.09,↗️ 微增,0.04,0.09,📈 小增,0.65,0.029999999999999985,雙引擎 | 長短線,,,,,33.5,0,0.0,🔄 持平,0.0,0.0,➖ 持平,8,4,184.0
8091,翔名,半導體業,09/17,213.5,1.18,274.0,58.5,22.0,317.0,66.24,⏸️ 平量滯漲 (拋壓增大，高位見頂),-44.285714285714285,0.88,,,,11.40,,,,,,⚠️ 趨緩 (13.2%),,🔥 持續加碼 (0.06%),,🌐 外資日連買(6)-⚡ 買盤點火,🔥 點火,,,,,,,,,,,,-8.81,122.0,-23.0,131.0,-491.0,,,,,,,,,,,,,,,🔄 持平,0.0,0.08,🔄 持平,-0.0,0.060000000000000005,🔄 持平,-0.0,-1.1,↘️ 微減,-0.01,-1.9800000000000002,,,,,,6.0,0,0.0,🔄 持平,0.37,0.0,➖ 持平,6,4,150.0
8092,建暐,其他電子業,09/17,12.65,-0.78,25.0,0.32,90.4,15.0,0.19,⚠️ 放量滯漲 (拋壓增大，即將見頂反轉),45.45454545454546,1.68,,,,0.70,,,,,,,,,,🌐 外資週連買(3)-🌱 週線發動,,,,,,,,,,,,,,,,,,,,,,,,,,,,,,,,↗️ 微增,0.01,0.01,↗️ 微增,0.01,-0.2,↗️ 微增,0.01,-0.12999999999999998,↗️ 微增,0.01,0.5900000000000001,雙引擎 | 長短線,,,,,19.5,0,0.0,🔄 持平,0.0,0.0,➖ 持平,2,3,68.0
8093,保銳,電子零組件業,09/17,24.5,-3.16,33.0,0.83,,36.0,0.91,🥀 平量價縮 (下跌中繼，弱反彈信號),-41.95804195804196,0.91,,,,0.00,,,,,,,,,,🌐 外資週連買(2)-🌱 週線發動,,,,,,,,,,,,,,,,,,,,,,,,,,,,,,,,🔄 持平,0.0,0.0,🔄 持平,-0.0,0.0,🔄 持平,-0.0,0.0,🔄 持平,-0.0,0.0,,,,,,17.5,0,0.0,🔄 持平,2.8,0.0,➖ 持平,2,4,70.0
8096,擎亞,電子通路業,09/17,88.2,-1.78,3503.0,313.0,24.4,4574.0,402.2,🥀 平量價縮 (下跌中繼，弱反彈信號),0.967741935483879,0.78,,,,32.30,,,,,,🔄 持平 (0%),,🚨 轉賣反轉 (-0.6%),,🌐 外資週連買(3)-🌱 週線發動,,,0.68,-13.2,128.0,-2880.0,1129.0,,,,,,,,,,,,,,,,,,,,,,,,,⚠️ 大減,-1.26,-8.94,🚨 劇減,-2.95,-9.610000000000001,⚠️ 大減,-1.02,-8.64,🚨 劇減,-1.8,-9.5,,,,,,20.3,0,0.0,🔄 持平,0.0,0.0,➖ 持平,3,4,2638.0
8097,常珵,通信網路業,09/17,48.85,1.24,465.0,22.7,,152.0,7.39,⚠️ 放量滯漲 (拋壓增大，即將見頂反轉),453.6585365853659,3.07,,,,1.30,,,,,,,,,,🌐 外資週連買(5)-🚀 趨勢加溫,,,,,,,,,,,,,,,,,,,,,,106.0,189.0,517.8,,,,,,,,⚠️ 大減,-1.32,-0.8100000000000005,↗️ 微增,0.08,-1.8399999999999999,↗️ 微增,0.09,-0.4799999999999998,↗️ 微增,0.09,-0.7999999999999998,,,,,,26.7,44.7,0.0,🔄 持平,0.0,0.0,➖ 持平,7,4,630.0
8099,大世科,資訊服務業,09/17,59.6,1.02,70.0,4.16,18.1,99.0,5.89,⏸️ 平量滯漲 (拋壓增大，高位見頂),124.86486486486487,0.71,,,,4.10,,,,,,🔥 強延續 (27.0%),,,,🌐 外資週連買(2)-🌱 週線發動,,,,,,,,,,,,,,,,,,,,,,,,,,,,,,,,↗️ 微增,0.26,1.61,↗️ 微增,0.26,0.7299999999999999,↗️ 微增,0.26,-0.71,↗️ 微增,0.17,0.26,雙引擎 | 長短線,,,,,50.2,1.99,0.0,🔄 持平,0.2,-3.58,✅ 大減,3,4,626.0
8102,傑霖科技,半導體業,09/17,61.5,-1.76,9.0,0.56,24.6,8.0,0.51,🥀 平量價縮 (下跌中繼，弱反彈信號),194.73684210526318,1.1,,,,0.20,,,,,,,,,,,,,,,,,,,,,,,,,,,,,,,,,,,,,,,,,,📉 小減,-0.64,-0.66,📉 小減,-0.64,-0.66,📉 小減,-0.64,-0.66,📉 小減,-0.64,-0.66,,,,,,25.1,0,0.0,🔄 持平,0.0,0.0,➖ 持平,3,3,27.0
8107,大億金茂,電機機械,09/17,12.1,-0.82,27.0,0.32,9.6,30.0,0.36,⏸️ 平量滯漲 (拋壓增大，高位見頂),-11.111111111111105,0.89,,,,0.70,,,,,,,,,,,,,,,,,,,,,,,,,,,,,,,,,,,,,,,,,,🔄 持平,0.0,0.0,🔄 持平,-0.0,0.0,🔄 持平,-0.0,0.0,🔄 持平,-0.0,0.0,,,,,,27.3,46.4,0.0,🔄 持平,-0.2,0.0,➖ 持平,2,4,67.0
8109,博大,電子零組件業,09/17,130.5,0.38,56.0,7.27,17.5,134.0,17.13,⚖️ 溫和震盪整理,-73.2720588235294,0.42,,,,4.20,,,,,,🔥 強延續 (32.9%),🔥 強延續 (5.38%),,🔄 今日量縮持平,🌐 外資日連買(4)-🆕 試單觀察 | 🏦 投信週連買(3)-🌱 週線發動,🔼 進駐,,-1.22,-8.13,,,,,,,,,,,,,,,,,,,,,,,,,,,,🔄 持平,0.0,0.0,🔄 持平,-0.0,-1.01,🔄 持平,-0.0,0.6299999999999999,📈 小增,0.52,0.42999999999999994,,,,,,21.1,0,0.0,🔄 持平,0.0,0.0,➖ 持平,5,4,126.0
8111,立碁,光電業,09/17,73.5,0.96,11806.0,868.0,64.5,8192.0,590.0,⏸️ 平量滯漲 (拋壓增大，高位見頂),-5.0328227571115995,1.47,,,,8.10,,,,,,,,💤 籌碼沉澱中,,,,,,,532.0,-229.0,3910.2,,,,,,,,62.0,52.0,455.7,,,,,,,,,,,,,,,↗️ 微增,0.48,1.12,⚠️ 大減,-1.26,1.1700000000000004,🚨 劇減,-3.28,-0.11999999999999957,🚨 劇減,-2.23,1.31,,,,,,16.0,0,0.0,🔄 持平,0.0,0.0,➖ 持平,1,4,1308.0
8121,越峰,電子零組件業,09/17,27.25,1.68,299.0,8.16,,440.0,11.76,📈 價升量縮 (量價背離，下方承接看拉高),-14.554973821989536,0.69,,,,3.10,,,,,,,,,,,,,,,,,,,,,,,,,,,,,,,,,,,,,,,,,,↗️ 微增,0.06,-0.61,↗️ 微增,0.43,-1.23,↗️ 微增,0.07,-0.85,↗️ 微增,0.08,-0.58,雙引擎,,,,,34.5,0,0.0,🔄 持平,0.0,0.0,➖ 持平,2,3,303.0
8147,正淩,電子零組件業,09/17,132.0,1.15,64.0,8.48,51.4,84.0,10.98,⏸️ 平量滯漲 (拋壓增大，高位見頂),42.28187919463089,0.77,,,,19.40,,,,,,,,,,🌐 外資日連買(2)-🆕 試單觀察,,,,,,,,,,,,,,,,,,,,,,,,,,,,,,,,↘️ 微減,-0.01,-0.15000000000000002,↘️ 微減,-0.01,1.8,↘️ 微減,-0.05,-0.15000000000000002,↘️ 微減,-0.27,-1.33,,,,,,11.5,27.4,0.1,📈 增,-11.2,0.1,↗️ 微增,3,3,237.0
8155,博智,電子零組件業,09/17,317.5,-1.55,518.0,167.0,26.4,460.0,147.88,🥀 平量價縮 (下跌中繼，弱反彈信號),100.23980815347721,1.13,,,,9.30,,,,,,,,,,,,,1.91,-5.27,63.0,-187.0,2000.2,,,,,,-8.77,23.8,-5.0,10.0,-158.8,1.91,-5.27,,,,,,,,,,,,,🚨 劇減,-1.74,-2.44,↘️ 微減,-0.3,-1.1099999999999999,↘️ 微減,-0.33,-2.24,⚠️ 大減,-1.33,-2.21,,,,,,22.2,11.1,0.0,🔄 持平,-2.4,0.0,➖ 持平,2,4,179.0
8171,天宇,綠能環保,09/17,20.15,1.26,71.0,1.43,,159.0,3.19,⚖️ 溫和震盪整理,-1.379310344827589,0.45,,,,1.70,,,,,,🔄 持平 (0%),,,,🌐 外資日連買(3)-🆕 試單觀察 | 🌐 外資週連買(2)-🌱 週線發動,,,,,,,,,,,,,,,,,,,,,,,,,,,,,,,,↗️ 微增,0.04,-0.86,📈 小增,0.82,-0.0800000000000001,↗️ 微增,0.14,0.47000000000000003,↗️ 微增,0.08,0.36,雙引擎,,,,,38.9,9.47,0.0,🔄 持平,-0.1,0.0,➖ 持平,3,4,236.0
8176,智捷,通信網路業,09/17,9.78,-0.51,187.0,1.81,,67.0,0.65,⚠️ 放量滯漲 (拋壓增大，即將見頂反轉),191.93548387096774,2.78,,,,1.10,,,,,,,,,,,,,,,,,,,,,,,,,,,,,,,,,,,,,,,,,,↗️ 微增,0.06,0.23999999999999996,↗️ 微增,0.06,0.23999999999999996,↗️ 微增,0.06,0.23999999999999996,↗️ 微增,0.06,0.8200000000000001,雙引擎 | 長短線,,,,,8.03,0,0.0,🔄 持平,0.0,0.0,➖ 持平,6,4,138.0
8182,加高,電子零組件業,09/17,38.85,0.26,473.0,18.7,36.7,382.0,14.7,⏸️ 平量滯漲 (拋壓增大，高位見頂),43.84615384615385,1.27,,,,53.50,,,,,,🔥 強延續 (27.5%),,🔥 持續加碼 (0.12%),,🌐 外資日連買(4)-🆕 試單觀察,🔼 進駐,,,,,,,,,,,,,,,,,,,,,,,,,,,,,,,🔄 持平,0.0,0.0,🔄 持平,-0.0,-0.88,🔄 持平,-0.0,-0.22999999999999998,🔄 持平,-0.0,-0.24000000000000002,,,,,,53.0,0,0.0,🔄 持平,0.0,0.0,➖ 持平,4,2,266.0
8183,精星,其他電子業,09/17,28.0,0.0,152.0,4.27,8.09,248.0,7.05,⚖️ 溫和震盪整理,-3.8288288288288452,0.61,,,,3.90,,,,,,🔄 持平 (0%),,💤 籌碼沉澱中,,,,,,,,,,,-100.0,0.0,-974.0,0.0,,,,,,,,,,,,,,,,0.0,-2726.0,,,↗️ 微增,0.18,-0.95,↗️ 微增,0.11,-1.03,↗️ 微增,0.11,-0.41000000000000003,📈 小增,0.55,0.87,雙引擎,,,,,27.8,0,0.0,🔄 持平,0.0,0.0,➖ 持平,3,3,426.0
8227,巨有科技,半導體業,09/17,258.0,-5.15,3231.0,872.0,50.0,6711.0,1662.0,☠️ 縮量大跌 (一致看空無承接，加速下跌),20.110192837465558,0.52,,,,16.00,,,,,,,,🔥 持續加碼 (0.91%),,🌐 外資日連買(8)-⚡ 買盤點火 | 🌐 外資週連買(2)-🌱 週線發動,,,,,,,,-17.5,-23.2,-238.0,-340.0,-6140.4,59.6,178.0,252.0,432.0,6501.6,-0.18,21.5,,,-7.0,700.0,-180.6,,,,-6423.0,-8865.0,,,🚀 劇增,3.67,3.67,🚀 劇增,3.64,3.64,🚀 劇增,3.64,3.64,🚀 劇增,6.47,5.38,雙引擎 | 長短線,,,,,11.1,0,0.0,🔄 持平,0.0,0.0,➖ 持平,4,3,1312.0
8234,新漢,電腦及週邊設備業,09/17,62.3,0.65,178.0,11.1,,252.0,15.8,⏸️ 平量滯漲 (拋壓增大，高位見頂),-24.489795918367342,0.7,,,,5.90,,,,,,🔄 持平 (0%),,💤 籌碼沉澱中,,,,,,,,,,,,,,,0.0,150.0,,,,,,,,,,,,,,,,,,📉 小減,-0.75,-0.010000000000000009,↘️ 微減,-0.16,0.049999999999999975,📈 小增,0.72,1.3800000000000001,↘️ 微減,-0.06,0.9700000000000001,,,,,,10.2,0,0.0,🔄 持平,0.0,0.0,➖ 持平,5,4,371.0
8240,華宏,光電業,09/17,50.6,2.53,903.0,46.4,21.5,502.0,25.46,⚖️ 溫和震盪整理,157.77777777777774,1.82,,,,6.90,,,,,,,,🔥 持續加碼 (0.11%),,🌐 外資日連買(4)-🆕 試單觀察,,,,,,,,,,,,,,,,,,,,,,,,,,,,,,,,🔄 持平,0.0,0.0,🔄 持平,-0.0,0.0,📈 小增,0.62,0.62,📈 小增,0.54,-0.2699999999999999,,,,,,30.6,0,0.0,🔄 持平,0.0,0.0,➖ 持平,4,3,665.0
8255,朋程,電機機械,09/17,135.5,-0.37,170.0,23.2,20.0,213.0,28.64,⏸️ 平量滯漲 (拋壓增大，高位見頂),-16.546762589928065,0.81,,,,11.80,,,,,,,,,,,,,,,,,,,,,,,,,,,,,,,,,,,,,,,,,,🔄 持平,0.0,0.09,🔄 持平,-0.0,0.09,🔄 持平,-0.0,0.09000000000000002,↘️ 微減,-0.06,0.69,,,,,,33.2,0,0.1,📈 增,0.0,0.0,➖ 持平,4,4,183.0
8272,全景軟體,資訊服務業,09/17,64.9,-0.15,6.0,0.41,14.2,22.0,1.42,⚖️ 溫和震盪整理,-66.11570247933885,0.29,,,,0.20,,,,,,,,,,,,,,,,,,,,,,,,,,,,,,,,,,,,,,,,,,🔄 持平,0.0,0.0,🔄 持平,-0.0,0.0,🔄 持平,-0.0,0.0,🔄 持平,-0.0,0.0,,,,,,31.8,0,0.0,🔄 持平,2.2,0.0,➖ 持平,2,4,22.0
8277,商丞,半導體業,,,,,,,,,,,,,,,0.00,,,,,,,,,,,,,,,,,,,,,,,,,,,,,,,,,,,,,,,,,,無資料,,0.66,無資料,,0.66,無資料,,0.7500000000000001,無資料,,0.7900000000000001,,,,,,,,,無,,,無,0,0,449.0
8279,生展,生技醫療業,09/17,79.5,0.38,7.0,0.59,9.52,6.0,0.48,⏸️ 平量滯漲 (拋壓增大，高位見頂),145.83333333333334,1.23,,,,5.60,,,,,,,,,,🌐 外資週連買(3)-🌱 週線發動,,,,,,,,,,,,,,,,,,,,,,,,,,,,,,,,🔄 持平,0.0,0.0,🔄 持平,-0.0,0.0,🔄 持平,-0.0,0.0,🔄 持平,-0.0,-2.0,,,,,,46.7,0,0.0,🔄 持平,0.0,0.0,➖ 持平,1,4,112.0
8284,三竹,資訊服務業,09/17,69.1,0.29,20.0,1.39,10.4,38.0,2.65,⚖️ 溫和震盪整理,51.08695652173911,0.52,,,,1.00,,,,,,,,,,,,,,,,,,,,,,,,,,,,,,,,,,,,,,,,,,🔄 持平,0.0,1.32,🔄 持平,-0.0,1.32,🔄 持平,-0.0,1.32,🔄 持平,-0.0,1.32,,,,,,25.3,0,0.8,📈 增,1.7,0.0,➖ 持平,2,2,184.0
8289,泰藝,電子零組件業,09/17,43.05,1.77,325.0,14.1,41.0,336.0,14.22,⚖️ 溫和震盪整理,12.79999999999999,0.99,,,,7.00,,,,,,🔥 強延續 (37.9%),,🔥 持續加碼 (0.18%),,🌐 外資週連買(5)-🚀 趨勢加溫,🔼 進駐,,,,,,,,,,,,21.4,61.9,6.0,13.0,25.8,,,,,,,,,,,,,,,🔄 持平,0.0,-0.04,🔄 持平,-0.0,-0.04,🔄 持平,-0.0,-0.12,↗️ 微增,0.14,-0.55,,,,,,15.1,0,0.0,🔄 持平,0.0,0.0,➖ 持平,3,4,306.0
8291,尚茂,電子零組件業,09/17,28.85,-3.19,19.0,0.53,,15.0,0.43,🥀 平量價縮 (下跌中繼，弱反彈信號),-34.5679012345679,1.23,,,,73.90,,,,,,,,,,,,,,,,,,,,,,,,,,,,,,,,,,,,,,,,,,🔄 持平,0.0,0.0,🔄 持平,-0.0,0.0,🔄 持平,-0.0,0.0,🔄 持平,-0.0,0.0,,,,,,68.1,0,0.0,🔄 持平,-3.9,0.0,➖ 持平,1,4,19.0
8299,群聯,半導體業,09/17,1970.0,-0.76,2823.0,5633.0,9.02,3063.0,5991.4,⏸️ 平量滯漲 (拋壓增大，高位見頂),-5.0244478165570765,0.94,,,,42.60,,,,,,,,💤 籌碼沉澱中,,🏦 投信日連買(2)-🆕 試單觀察 | 🌐 外資週連買(4)-🌱 週線發動,,,,,7.0,-280.0,1379.0,,,-78.0,-660.0,-15366.0,17.1,57.7,6.0,15.0,1182.0,,,,,,,,,,,-15561.0,-128488.0,,,📈 小增,0.59,-5.279999999999999,📈 小增,0.69,-4.3999999999999995,📈 小增,0.97,-2.89,↗️ 微增,0.11,-3.0,雙引擎,,,,,13.3,7.81,0.0,🔄 持平,-1.5,0.0,➖ 持平,5,4,6801.0
8342,益張,其他業,09/17,82.0,0.0,6.0,0.5,10.8,5.0,0.44,⏸️ 平量滯漲 (拋壓增大，高位見頂),-53.70370370370371,1.14,,,,0.20,,,,,,,,,,,,,,,,,,,,,,,,,,,,,,,,,,,,,,,,,,🔄 持平,0.0,0.62,↘️ 微減,-0.01,0.6,↘️ 微減,-0.01,0.6,↘️ 微減,-0.01,0.6,,,,,,24.3,0,0.6,📈 增,0.6,0.0,➖ 持平,1,1,7.0
8349,恒耀,鋼鐵工業,09/17,38.35,0.66,82.0,3.1,15.6,76.0,2.88,⏸️ 平量滯漲 (拋壓增大，高位見頂),24.0,1.08,,,,1.90,,,,,,🔄 持平 (0%),,,,,,,,,,,,0.0,-8.97,,,,,,,,,,,,,,,,,,,,,,,🔄 持平,0.0,0.0,🔄 持平,-0.0,0.0,🔄 持平,-0.0,0.0,🔄 持平,-0.0,0.0,,,,,,21.0,22.0,0.0,🔄 持平,0.3,0.0,➖ 持平,12,4,201.0
8354,冠好,其他業,09/17,17.05,1.19,160.0,2.74,6.29,55.0,0.93,⚠️ 放量滯漲 (拋壓增大，即將見頂反轉),621.0526315789474,2.95,,,,1.10,,,,,,,,,,,,,,,,,,,,,,,,,,,,2.73,3.12,18.4,18.4,93.0,106.0,158.6,,,,,,,,↗️ 微增,0.02,0.07999999999999996,↗️ 微增,0.03,0.95,↗️ 微增,0.05,0.09,📈 小增,0.56,1.27,雙引擎 | 長短線,,,,,13.3,0,0.0,🔄 持平,-3.2,0.0,➖ 持平,1,4,452.0
8358,金居,電子零組件業,09/17,478.5,-6.18,31333.0,15401.0,71.2,25515.0,12715.8,🕳️ 平量大跌 (一致看空無承接，加速下跌),52.57578759659203,1.21,,,,25.80,,,,,,,⚠️ 趨緩 (0.04%),💤 籌碼沉澱中,🔄 今日量縮持平,🏦 投信日連買(5)-⚡ 買盤點火,,,,,,,,,,,,,285.0,180.0,1486.0,1290.0,71105.1,,,18.2,33.5,787.0,2147.0,37658.0,3809.0,6199.0,182260.6,,,187221.0,306948.0,🚀 劇增,2.38,-8.65,🚀 劇增,1.66,-10.13,↗️ 微增,0.29,-10.41,↗️ 微增,0.02,-9.99,雙引擎,,,,,8.65,0,-0.04,↘️ 微減,-0.14,0.0,➖ 持平,3,3,8602.0
8383,千附,半導體業,09/17,66.2,1.07,830.0,55.2,13.3,811.0,52.68,⏸️ 平量滯漲 (拋壓增大，高位見頂),2.9850746268656803,1.05,,,,16.70,,,,,,,,💤 籌碼沉澱中,,🌐 外資日連買(2)-🆕 試單觀察,,,,,,,,,,,,,10.0,37.5,,,,,,0.33,9.92,,,,9.0,247.0,59.6,,,59.9,1590.0,📈 小增,0.87,-5.58,↘️ 微減,-0.14,-4.93,↘️ 微減,-0.01,-4.800000000000001,↗️ 微增,0.05,-3.96,雙引擎,,,,,9.31,0,0.0,🔄 持平,-0.02,0.0,➖ 持平,2,4,806.0
8390,金益鼎,綠能環保,09/17,92.3,0.0,121.0,11.2,10.2,226.0,20.6,⚖️ 溫和震盪整理,-41.96891191709845,0.54,,,,12.60,,,,,,,,,,,,,,,,,,,,,,,,,,,,,,,,,,,,,,,,,,⚠️ 大減,-1.38,-2.8699999999999997,↘️ 微減,-0.48,-1.95,↘️ 微減,-0.48,-2.56,📉 小減,-0.99,-1.62,,,,,,22.5,0,0.0,🔄 持平,0.0,0.0,➖ 持平,3,3,275.0
8401,白紗科,其他業,09/17,22.9,0.88,14.0,0.33,8.74,35.0,0.8,⚖️ 溫和震盪整理,725.0,0.41,,,,0.30,,,,,,🔄 持平 (0%),,,,,,,,,,,,,,,,,,,,,,,,,,,,,,,,,,,,↘️ 微減,-0.02,0.06999999999999999,↘️ 微減,-0.02,0.06999999999999999,↘️ 微減,-0.02,0.09999999999999999,↗️ 微增,0.01,0.16,,,,,,14.6,18.2,0.0,🔄 持平,0.1,0.0,➖ 持平,2,4,66.0
8403,盛弘,生技醫療業,09/17,19.05,0.53,47.0,0.89,16.1,68.0,1.29,⚖️ 溫和震盪整理,93.4782608695652,0.69,,,,2.00,,,,,,,,,,,,,,,,,,,,,,,,,,,,,,,,,,,,,,,,,,🔄 持平,0.0,0.01,↗️ 微增,0.01,0.7000000000000001,↗️ 微增,0.01,0.64,↗️ 微增,0.01,-0.41999999999999993,,,,,,30.0,43.1,0.0,🔄 持平,0.0,0.0,➖ 持平,2,4,136.0
8409,商之器,生技醫療業,09/17,18.1,0.28,5.0,0.09,17.7,4.0,0.07,⏸️ 平量滯漲 (拋壓增大，高位見頂),125.0,1.29,,,,0.10,,,,,,,,,,,,,,,,,,,,,,,,,,,,,,,,,,,,,,,,,,↗️ 微增,0.02,0.12000000000000001,↗️ 微增,0.03,0.16000000000000003,↗️ 微增,0.03,0.16000000000000003,↗️ 微增,0.03,0.16000000000000003,雙引擎 | 長短線,,,,,23.9,0,0.0,🔄 持平,0.5,0.0,➖ 持平,2,3,34.0
8410,森田,電腦及週邊設備業,09/17,29.35,-0.17,13.0,0.39,6.66,13.0,0.4,⏸️ 平量滯漲 (拋壓增大，高位見頂),116.6666666666667,0.98,,,,0.60,,,,,,🔄 持平 (0%),,,,,,,,,,,,,,,,,,,,,,,,,,,,,,,,,,,,🔄 持平,0.0,0.0,🔄 持平,-0.0,0.0,🔄 持平,-0.0,0.0,↘️ 微減,-0.01,-0.049999999999999996,,,,,,22.7,0,0.0,🔄 持平,0.0,0.0,➖ 持平,1,4,36.0
8415,大國鋼,鋼鐵工業,09/17,34.8,0.43,531.0,18.5,8.7,592.0,20.74,⏸️ 平量滯漲 (拋壓增大，高位見頂),-26.58730158730158,0.89,,,,7.40,,,,,,,🔄 持平 (0%),,💤 籌碼沉澱中,,,,-4.46,-15.2,-38.0,-146.0,-132.2,,,,,,,,,,,,,,,,,,,,,,,,,↘️ 微減,-0.02,-0.18,↘️ 微減,-0.02,0.010000000000000009,↗️ 微增,0.04,-0.07,↗️ 微增,0.02,0.12000000000000001,,,,,,58.1,18.6,0.0,🔄 持平,0.3,0.0,➖ 持平,2,4,865.0
8416,實威,資訊服務業,09/17,169.0,-0.29,3.0,0.47,11.5,2.0,0.38,⚠️ 放量滯漲 (拋壓增大，即將見頂反轉),161.11111111111111,1.24,,,,0.70,,,,,,,,,,,,,,,,,,,,,,,,,,,,,,,,,,,,,,,,,,🔄 持平,0.0,0.01,🔄 持平,-0.0,0.01,🔄 持平,-0.0,0.01,🔄 持平,-0.0,0.01,,,,,,20.4,0,0.0,🔄 持平,0.0,0.0,➖ 持平,1,2,4.0
8421,旭源,其他業,09/17,13.15,2.33,255.0,3.41,31.3,169.0,2.18,⚖️ 溫和震盪整理,48.90829694323144,1.56,,,,5.60,,,,,,🔄 持平 (0%),,💤 籌碼沉澱中,,,,,,,,,,7.98,-19.1,,,,,,,,,-1.23,2.22,,,,,,,,,,,,,🚨 劇減,-6.82,4.1499999999999995,🚨 劇減,-4.05,3.2600000000000002,🚨 劇減,-6.02,-0.4,🚨 劇減,-4.61,0.8099999999999998,,,,,,38.4,0,4.4,🔥 大增,4.4,0.0,➖ 持平,4,4,336.0
8423,保綠-KY,綠能環保,09/17,17.8,-0.56,13.0,0.24,16.5,29.0,0.53,⚖️ 溫和震盪整理,33.33333333333333,0.45,,,,25.00,,,,,,,,,,,,,,,,,,,,,,,,,,,,,,,,,,,,,,,,,,↘️ 微減,-0.02,-0.18,↘️ 微減,-0.03,-0.19,↘️ 微減,-0.03,-0.19,↘️ 微減,-0.03,0.6599999999999999,,,,,,8.08,0,0.0,🔄 持平,0.0,0.0,➖ 持平,4,2,40.0
8424,惠普,建材營造業,09/17,68.9,-0.14,2.0,0.14,11.1,8.0,0.55,⚖️ 溫和震盪整理,-72.0,0.25,,,,0.60,,,,,,🔄 持平 (0%),,,,,,,,,,,,,,,,,,,,,,,,,,,,,,,,,,,,🔄 持平,0.0,0.0,🔄 持平,-0.0,0.0,🔄 持平,-0.0,0.02,🔄 持平,-0.0,0.02,,,,,,53.4,57.1,0.0,🔄 持平,0.0,0.0,➖ 持平,1,4,47.0
8426,紅木-KY,其他業,09/17,20.65,0.0,4.0,0.08,9.65,18.0,0.37,⚖️ 溫和震盪整理,-38.46153846153846,0.22,,,,68.40,,,,,,⚠️ 趨緩 (24.3%),,,,🌐 外資日連買(7)-⚡ 買盤點火 | 🌐 外資週連買(4)-🌱 週線發動,,,,,,,,-4.07,-8.53,,,,,,,,,,,,,,,,,,,,,,,🔄 持平,0.0,0.0,🔄 持平,-0.0,0.0,↗️ 微增,0.05,1.37,↗️ 微增,0.05,0.2,,,,,,33.0,0,0.0,🔄 持平,0.0,0.0,➖ 持平,7,4,159.0
8431,匯鑽科,其他電子業,09/17,64.8,-0.31,3261.0,212.0,,2644.0,165.56,⏸️ 平量滯漲 (拋壓增大，高位見頂),-14.17004048582996,1.28,,,,6.10,,,,,,,,💤 籌碼沉澱中,,,,,,,,,,1.47,-7.8,23.0,-134.0,149.0,16.4,65.0,24.0,67.0,155.5,1.62,16.6,,,110.0,982.0,712.8,,,,150.0,-741.0,,,↘️ 微減,-0.06,0.6800000000000002,↘️ 微減,-0.06,2.7199999999999998,🚀 劇增,2.8,5.54,🚀 劇增,2.65,7.669999999999998,,,,,,8.29,19.8,-0.02,↘️ 微減,-0.02,0.1,↗️ 微增,4,4,1075.0
8432,東生華,生技醫療業,09/17,50.1,0.0,18.0,0.9,11.5,15.0,0.74,⏸️ 平量滯漲 (拋壓增大，高位見頂),100.0,1.22,,,,1.00,,,,,,,,,,,,,,,,,,,,,,,,,,,,,,,,,,,,,,,,,,🔄 持平,0.0,0.0,🔄 持平,-0.0,0.0,↘️ 微減,-0.03,-0.29000000000000004,↘️ 微減,-0.01,-0.19999999999999998,,,,,,56.5,0,0.0,🔄 持平,0.0,0.0,➖ 持平,3,4,94.0
8433,弘帆,居家生活,09/17,53.6,0.56,6.0,0.32,7.38,8.0,0.46,⏸️ 平量滯漲 (拋壓增大，高位見頂),-62.35294117647059,0.7,,,,1.10,,,,,,,,,,,,,,,,,,-12.0,-22.5,,,,,,,,,,,,,,,,,,,,,,,🔄 持平,0.0,0.01,🔄 持平,-0.0,0.01,🔄 持平,-0.0,0.01,🔄 持平,-0.0,0.01,,,,,,24.8,0,0.0,🔄 持平,9.2,0.0,➖ 持平,2,4,21.0
8435,鉅邁,其他業,09/17,53.0,0.19,45.0,2.4,10.1,21.0,1.12,⚠️ 放量滯漲 (拋壓增大，即將見頂反轉),92.0,2.14,,,,0.90,,,,,,,,,,,,,,,,,,,,,,,,,,,,,,,,,,,,,,,,,,🔄 持平,0.0,0.0,🔄 持平,-0.0,0.0,🔄 持平,-0.0,0.0,🔄 持平,-0.0,0.0,,,,,,24.3,0,0.0,🔄 持平,9.0,0.0,➖ 持平,2,3,31.0
8436,大江,生技醫療業,09/17,104.0,0.48,2541.0,263.0,11.1,1095.0,113.98,⚠️ 放量滯漲 (拋壓增大，即將見頂反轉),43.715846994535525,2.31,,,,12.60,,,,,,,,🔥 持續加碼 (0.47%),,🌐 外資日連買(2)-🆕 試單觀察,,,,,,,,,,,,,,,,,,7.6,8.66,2.4,7.79,117.0,132.0,1216.8,144.0,443.0,1497.6,,,1491.0,4621.0,↘️ 微減,-0.2,-2.54,↘️ 微減,-0.32,-1.9999999999999996,↗️ 微增,0.18,-1.44,↘️ 微減,-0.19,-1.9500000000000006,,,,,,11.2,48.4,0.0,🔄 持平,0.0,-0.4,↘️ 微減,3,4,273.0
8437,大地-KY,其他業,09/17,9.12,1.33,26.0,0.24,,16.0,0.15,⚠️ 放量滯漲 (拋壓增大，即將見頂反轉),118.18181818181816,1.6,,,,22.70,,,,,,🔄 持平 (0%),,,,,,,,,,,,,,,,,,,,,,4.21,10.3,,,,,,,,,,,,,🔄 持平,0.0,0.04,🔄 持平,-0.0,0.04,🔄 持平,-0.0,0.04,↗️ 微增,0.01,0.06999999999999999,,,,,,21.2,6.81,0.0,🔄 持平,0.0,0.0,➖ 持平,2,4,162.0
8440,綠電,綠能環保,09/17,19.9,0.51,46.0,0.92,20.1,40.0,0.79,⏸️ 平量滯漲 (拋壓增大，高位見頂),-2.127659574468077,1.16,,,,1.80,,,,,,🔄 持平 (0%),,,,🌐 外資週連買(5)-🚀 趨勢加溫,,,,,,,,,,,,,,,,,,,,,,,,,,,,,,,,🔄 持平,0.0,0.0,🔄 持平,-0.0,0.0,🔄 持平,-0.0,0.0,↗️ 微增,0.01,0.9800000000000001,,,,,,24.3,0,0.0,🔄 持平,0.0,0.0,➖ 持平,3,4,170.0
8444,綠河-KY,其他業,09/17,5.0,8.7,19.0,0.08,,10.0,0.05,🚀 放量大漲 (量價齊升，持續看漲),166.66666666666669,1.6,,,,44.40,,,,,,🔄 持平 (0%),,,,,,,,-100.0,,,,,,,,,,,,,,,,,,,,,,,,,,,,🔄 持平,0.0,0.0,🔄 持平,-0.0,0.0,🔄 持平,-0.0,0.0,🔄 持平,-0.0,-0.01,,,,,,10.5,47.4,0.0,🔄 持平,-0.8,0.0,➖ 持平,2,4,52.0
8446,華研,文化創意業,09/17,85.1,0.12,27.0,2.26,10.9,37.0,3.15,⏸️ 平量滯漲 (拋壓增大，高位見頂),-7.755102040816341,0.72,,,,6.20,,,,,,🔄 持平 (0%),,,,,,,,,,,,,,,,,,,,,,,,,,,,,,,,,,,,↗️ 微增,0.02,3.469446951953614e-18,↗️ 微增,0.02,3.469446951953614e-18,↗️ 微增,0.02,1.3699999999999999,↗️ 微增,0.02,1.02,雙引擎 | 長短線,,,,,30.3,1.09,0.0,🔄 持平,-1.5,-0.55,↘️ 微減,7,4,174.0
8450,霹靂,文化創意業,09/17,14.15,0.71,19.0,0.26,,44.0,0.62,⚖️ 溫和震盪整理,-38.095238095238095,0.42,,,,0.20,,,,,,,,,,🌐 外資週連買(2)-🌱 週線發動,,,,,,,,,,,,,,,,,,,,,,,,,,,,,,,,🔄 持平,0.0,0.0,🔄 持平,-0.0,0.0,🔄 持平,-0.0,0.0,🔄 持平,-0.0,0.0,,,,,,13.0,0,0.0,🔄 持平,0.0,0.0,➖ 持平,2,3,140.0
8455,大拓-KY,其他電子業,09/17,23.95,0.0,0.0,0.01,46.1,4.0,0.1,⚪ 無明顯動能,-85.71428571428572,0.1,,,,87.80,,,,,,,,,,,,,,,,,,,,,,,,,,,,,,,,,,,,,,,,,,🔄 持平,0.0,0.0,🔄 持平,-0.0,0.0,🔄 持平,-0.0,0.0,🔄 持平,-0.0,0.0,,,,,,79.0,0,0.0,🔄 持平,0.0,0.0,➖ 持平,0,1,25.0
8472,夠麻吉,數位雲端,09/17,76.0,-3.68,28.0,2.19,,27.0,2.13,🥀 平量價縮 (下跌中繼，弱反彈信號),-37.78409090909091,1.03,,,,1.40,,,,,,,,,,🌐 外資日連買(2)-🆕 試單觀察,,,,,,,,,,,,,,,,,,,,,,,,,,,,,,,,🔄 持平,0.0,0.0,🔄 持平,-0.0,0.0,🔄 持平,-0.0,0.0,🔄 持平,-0.0,0.0,,,,,,61.4,0,0.0,🔄 持平,0.0,0.0,➖ 持平,3,4,58.0
8477,創業家,數位雲端,09/17,15.0,-0.99,13.0,0.2,,9.0,0.14,⏸️ 平量滯漲 (拋壓增大，高位見頂),900.0,1.43,,,,0.20,,,,,,,,,,,,,,,,,,,,,,,,,,,,,,,,,,,,,,,,,,🔄 持平,0.0,5.74,↗️ 微增,0.01,5.54,↗️ 微增,0.01,5.31,↗️ 微增,0.01,5.31,,,,,,53.8,0,-16.8,🚨 減/大減,-11.2,0.0,➖ 持平,1,4,59.0
8489,三貝德,其他業,09/17,21.55,-0.46,27.0,0.59,32.2,25.0,0.54,⏸️ 平量滯漲 (拋壓增大，高位見頂),9.259259259259256,1.09,,,,3.40,,,,,,,,,,,,⚠️ 初危,,,,,,0.0,-25.4,,,,,,,,,,,,,,,,,,,,,,,↗️ 微增,0.01,-1.93,↗️ 微增,0.01,-0.45,↗️ 微增,0.01,-0.46,📈 小增,0.55,0.08000000000000003,雙引擎,,,,,7.08,36.2,0.04,↗️ 微增,-0.07,-0.2,↘️ 微減,3,4,77.0
8905,裕國,其他業,09/17,35.0,0.72,7.0,0.24,41.2,6.0,0.19,⏸️ 平量滯漲 (拋壓增大，高位見頂),-29.41176470588236,1.26,,,,0.20,,,,,,,,,,,,,,,,,,,,,,,,,,,,0.0,28.6,,,,,,,,,,,,,🔄 持平,0.0,0.0,🔄 持平,-0.0,0.0,🔄 持平,-0.0,0.0,🔄 持平,-0.0,0.0,,,,,,29.6,27.4,0.0,🔄 持平,5.9,0.0,➖ 持平,1,4,95.0
8906,花王,其他業,09/17,29.4,1.73,25.0,0.74,,11.0,0.33,⚖️ 溫和震盪整理,94.73684210526316,2.24,,,,0.50,,,,,,🔄 持平 (0%),,,,🌐 外資日連買(2)-🆕 試單觀察,,,,,,,,,,,,,,,,,,,,,,,,,,,,,,,,🔄 持平,0.0,0.0,🔄 持平,-0.0,0.0,🔄 持平,-0.0,0.0,📈 小增,0.93,0.93,,,,,,17.1,0,0.1,📈 增,4.4,0.0,➖ 持平,2,4,26.0
8908,欣雄,油電燃氣業,09/17,40.25,0.5,39.0,1.55,19.0,33.0,1.31,⏸️ 平量滯漲 (拋壓增大，高位見頂),-13.407821229050276,1.18,,,,0.60,,,,,,🔄 持平 (0%),,,,🌐 外資週連買(9)-🚀 趨勢加溫,,,,,,,,0.0,-13.7,,,,,,,,,,,,,,,,,,,,,,,🔄 持平,0.0,0.0,🔄 持平,-0.0,0.0,🔄 持平,-0.0,0.0,↗️ 微增,0.15,0.17,,,,,,39.6,33.8,0.0,🔄 持平,0.0,0.0,➖ 持平,3,4,227.0
8916,光隆,其他業,09/17,41.25,1.23,188.0,7.33,14.2,78.0,3.12,⚠️ 放量滯漲 (拋壓增大，即將見頂反轉),318.8571428571429,2.35,,,,3.30,,,,,,🔄 持平 (0%),,,,,,,0.0,-8.54,,,,,,,,,,,,,,,,,,,,,,,,,,,,↘️ 微減,-0.25,-0.08999999999999998,↘️ 微減,-0.25,-0.08999999999999998,↗️ 微增,0.18,0.35,↗️ 微增,0.18,0.31,,,,,,11.7,44.9,0.0,🔄 持平,0.0,0.0,➖ 持平,4,4,205.0
8917,欣泰,油電燃氣業,09/17,52.6,0.0,0.0,0.0,21.0,102.0,5.25,⚪ 無明顯動能,-100.0,0.0,,,,1.50,,,,,,,,,,🌐 外資週連買(5)-🚀 趨勢加溫,,,,,,,,,,,,,,,,,,,,,,,,,,,,,,,,🔄 持平,0.0,-0.18,🔄 持平,-0.0,-0.18,🔄 持平,-0.0,-0.18,🔄 持平,-0.0,-0.18,,,,,,35.7,0,0.0,🔄 持平,0.1,0.0,➖ 持平,0,4,68.0
8921,沈氏,其他業,09/17,16.3,-1.21,12.0,0.2,,4.0,0.07,⚠️ 放量滯漲 (拋壓增大，即將見頂反轉),900.0,2.86,,,,0.20,,,,,,,,,,,,,,,,,,,,,,,,,,,,,,,,,,,,,,,,,,🔄 持平,0.0,0.0,🔄 持平,-0.0,0.0,🔄 持平,-0.0,0.0,🔄 持平,-0.0,0.0,,,,,,41.4,0,0.0,🔄 持平,0.0,0.0,➖ 持平,1,4,15.0
8923,時報,文化創意業,09/17,18.5,0.0,0.0,0.0,22.8,19.0,0.34,⚪ 無明顯動能,-100.0,0.0,,,,4.20,,,,,,,,,,,,,,,,,,,,,,,,,,,,,,,,,,,,,,,,,,🔄 持平,0.0,0.0,🔄 持平,-0.0,0.0,🔄 持平,-0.0,0.0,🔄 持平,-0.0,0.0,,,,,,55.9,0,0.0,🔄 持平,0.0,0.0,➖ 持平,0,0,5.0
8924,大田,運動休閒,09/17,49.9,0.0,64.0,3.17,18.1,75.0,3.73,⏸️ 平量滯漲 (拋壓增大，高位見頂),-40.52532833020638,0.85,,,,3.00,,,,,,🔄 持平 (0%),🔥 強延續 (6.86%),,🔥 持續加碼 (0.01%),🏦 投信日連買(3)-🆕 試單觀察 | 🏦 投信週連買(3)-🌱 週線發動,,,,,,,,,,,,,,,0.0,8.0,0.0,,,,,,,,,,,,,,,🔄 持平,0.0,-0.06,🔄 持平,-0.0,-0.06,🔄 持平,-0.0,-0.03,🔄 持平,-0.0,0.48000000000000004,,,,,,16.7,0,0.0,🔄 持平,0.0,0.0,➖ 持平,3,4,96.0
8927,北基,油電燃氣業,09/17,19.0,1.6,90.0,1.7,20.9,88.0,1.67,⚖️ 溫和震盪整理,38.21138211382114,1.02,,,,2.30,,,,,,🔄 持平 (0%),,,,,,,,,,,,-4.83,-10.1,-63.0,-139.0,-119.7,,,,,,,,,,,,,,,,,,,,↗️ 微增,0.01,0.5900000000000001,↗️ 微增,0.01,0.59,↗️ 微增,0.01,0.26,↗️ 微增,0.1,0.45000000000000007,雙引擎 | 長短線,,,,,29.6,58.0,0.0,🔄 持平,-7.0,0.0,➖ 持平,18,4,433.0
8928,鉅明,運動休閒,09/17,23.4,1.96,16.0,0.38,9.92,16.0,0.38,⚖️ 溫和震盪整理,171.4285714285714,1.0,,,,0.60,,,,,,,,,,,,,,,,,,,,,,,,,,,,,,,,,,,,,,,,,,🔄 持平,0.0,0.0,↗️ 微增,0.03,0.07000000000000005,↗️ 微增,0.03,0.06999999999999999,↗️ 微增,0.01,0.049999999999999996,,,,,,23.3,0,0.0,🔄 持平,0.0,0.0,➖ 持平,2,4,103.0
8929,富堡,其他業,09/17,13.0,0.0,14.0,0.18,37.1,7.0,0.09,⚠️ 放量滯漲 (拋壓增大，即將見頂反轉),100.0,2.0,,,,0.40,,,,,,,,,,,,,,,,,,,,,,,,,,,,,,,,,,,,,,,,,,🔄 持平,0.0,0.0,🔄 持平,-0.0,0.0,🔄 持平,-0.0,0.0,🔄 持平,-0.0,0.0,,,,,,27.6,0,0.0,🔄 持平,0.0,0.0,➖ 持平,1,2,17.0
8930,青鋼,鋼鐵工業,09/17,28.85,0.0,31.0,0.89,10.9,23.0,0.68,⏸️ 平量滯漲 (拋壓增大，高位見頂),-26.446280991735538,1.31,,,,2.70,,,,,,,,,,🌐 外資日連買(2)-🆕 試單觀察,,,,,,,,-6.96,-23.0,,,,,,,,,,,,,,,,,,,,,,,🔄 持平,0.0,-0.11,↗️ 微增,0.02,0.03,📉 小減,-0.73,0.78,↘️ 微減,-0.05,0.13,,,,,,8.41,0,0.0,🔄 持平,0.25,0.0,➖ 持平,5,4,250.0
8931,大汽電,油電燃氣業,09/17,43.6,1.4,79.0,3.46,37.6,164.0,7.04,⚖️ 溫和震盪整理,-50.072150072150066,0.49,,,,0.40,,,,,,🔄 持平 (0%),,,,🌐 外資日連買(2)-🆕 試單觀察 | 🌐 外資週連買(5)-🚀 趨勢加溫,,,,,-21.0,-182.0,-91.6,,,,,,,,,,,,,,,,,,,,,,,,,↗️ 微增,0.06,-0.12000000000000001,↗️ 微增,0.05,-0.16,↗️ 微增,0.05,0.8299999999999998,↗️ 微增,0.05,-0.1,雙引擎,,,,,70.4,0,0.0,🔄 持平,0.0,0.0,➖ 持平,4,3,462.0
8932,智通*,數位雲端,09/17,89.1,-0.22,1205.0,108.0,41.8,1959.0,175.2,⚖️ 溫和震盪整理,-47.57281553398058,0.62,,,,27.80,,,,,,,,,,🌐 外資日連買(2)-🆕 試單觀察,,,,,,,,,,,,,3.23,60.0,1.0,12.0,8.9,,,0.86,11.3,-136.0,1536.0,-1211.8,169.0,2017.0,1505.8,,,1516.0,18038.0,↘️ 微減,-0.34,-0.87,↘️ 微減,-0.09,0.1600000000000002,↘️ 微減,-0.28,-0.6199999999999999,↘️ 微減,-0.14,-1.3399999999999999,,,,,,15.8,47.9,0.0,🔄 持平,0.0,-2.9,✅ 大減,9,4,10216.0
8933,愛地雅,運動休閒,09/17,4.5,-0.88,22.0,0.1,,86.0,0.38,⚖️ 溫和震盪整理,42.85714285714286,0.26,,,,0.90,,,,,,,,,,,,,,,,,,,,,,,,,,,,,,,,,,,,,,,,,,🔄 持平,0.0,0.09,↘️ 微減,-0.01,0.09999999999999998,↘️ 微減,-0.01,0.09,↘️ 微減,-0.01,0.23,,,,,,11.8,36.6,0.0,🔄 持平,0.0,0.0,➖ 持平,1,4,455.0
8935,邦泰,其他業,09/17,17.55,-0.28,109.0,1.89,,112.0,1.94,⏸️ 平量滯漲 (拋壓增大，高位見頂),-47.933884297520656,0.97,,,,0.90,,,,,,,,,,,,,,,,,,,,,,,,,,,,,,,,,,,,,,,,,,🔄 持平,0.0,0.0,🔄 持平,-0.0,0.0,🔄 持平,-0.0,0.12,🔄 持平,-0.0,0.13,,,,,,12.1,0,0.0,🔄 持平,-2.3,0.0,➖ 持平,4,4,285.0
8936,國統,其他業,09/17,52.2,0.97,944.0,49.1,12.0,776.0,39.86,⏸️ 平量滯漲 (拋壓增大，高位見頂),12.100456621004586,1.23,,,,11.10,,,,,,🔥 強延續 (37.0%),,🔥 持續加碼 (0.14%),,🌐 外資日連買(3)-🆕 試單觀察 | 🌐 外資週連買(2)-🌱 週線發動,🔥 點火,,,,,,,,,-145.0,-710.0,-756.9,,,,,,,,,,,,,,,,-754.0,-3635.0,,,↗️ 微增,0.24,-0.9899999999999999,↘️ 微減,-0.11,-1.0099999999999998,↘️ 微減,-0.13,-1.3499999999999999,↗️ 微增,0.31,-0.51,雙引擎,,,,,6.03,24.1,0.0,🔄 持平,0.03,0.0,➖ 持平,8,4,1564.0
8937,合騏*,其他業,09/17,28.55,-1.55,177.0,5.04,476.0,165.0,4.72,🥀 平量價縮 (下跌中繼，弱反彈信號),127.02702702702702,1.07,,,,4.60,,,,,,,,,,🌐 外資日連買(2)-🆕 試單觀察,,⚠️ 初危,,,,,,,,,,,,,,,,,,,,,,,,,,,,,,↗️ 微增,0.03,0.06999999999999999,↘️ 微減,-0.2,-0.16000000000000003,↗️ 微增,0.13,0.15999999999999998,↗️ 微增,0.03,0.07,雙引擎 | 長短線,,,,,21.2,0,0.9,📈 增,0.8,0.0,➖ 持平,4,4,4072.0
8938,明安,運動休閒,09/17,52.4,0.0,57.0,2.96,9.83,63.0,3.26,⏸️ 平量滯漲 (拋壓增大，高位見頂),45.09803921568627,0.91,,,,6.60,,,,,,🔥 強延續 (38.9%),🔥 強延續 (14.9%),,🔥 持續加碼 (0.01%),🌐 外資日連買(3)-🆕 試單觀察 | 🏦 投信日連買(3)-🆕 試單觀察 | 🌐 外資週連買(4)-🌱 週線發動 | 🏦 投信週連買(3)-🌱 週線發動,,,,,,,,,,,,,,,,,,,,,,,,,,,,,,,,↘️ 微減,-0.02,0.72,↘️ 微減,-0.02,-0.33,↗️ 微增,0.37,0.51,↗️ 微增,0.15,0.27,,,,,,10.5,0,0.0,🔄 持平,-0.1,0.0,➖ 持平,10,4,308.0
8941,關中,居家生活,09/17,43.4,-2.58,12.0,0.53,14.0,5.0,0.23,🛡️ 放量小跌 (見底信號，越跌越買反轉),65.625,2.3,,,,0.20,,,,,,,,,,,,,,,,,,,,,,,,,,,,,,,,,,,,,,,,,,↗️ 微增,0.01,0.09,↗️ 微增,0.01,0.11,↗️ 微增,0.01,0.11,↗️ 微增,0.01,0.11,雙引擎 | 長短線,,,,,33.5,63.5,0.0,🔄 持平,-1.7,0.0,➖ 持平,4,4,22.0
8942,森鉅,其他業,09/17,41.35,0.49,259.0,10.0,7.8,126.0,5.05,⚠️ 放量滯漲 (拋壓增大，即將見頂反轉),94.93177387914231,1.98,,,,15.10,,,,,,🔄 持平 (0%),,,,🌐 外資日連買(2)-🆕 試單觀察,,,,,,,,,,,,,,,,,,,,,,,,,,,,,,,,🔄 持平,0.0,-0.71,↗️ 微增,0.01,0.24000000000000002,↗️ 微增,0.01,-0.42,↗️ 微增,0.01,0.69,,,,,,8.88,4.47,0.0,🔄 持平,0.0,0.0,➖ 持平,18,4,395.0
9949,琉園,文化創意業,09/17,24.15,0.42,8.0,0.18,3.93,8.0,0.19,⏸️ 平量滯漲 (拋壓增大，高位見頂),0.0,0.95,,,,2.30,,,,,,,,,,,,,,,,,,,,,,,,,,,,,,,,,,,,,,,,,,🔄 持平,0.0,1.0100000000000002,🔄 持平,-0.0,-1.02,🔄 持平,-0.0,-0.67,↘️ 微減,-0.03,-0.6499999999999999,,,,,,8.56,0,0.0,🔄 持平,-8.84,0.0,➖ 持平,2,4,263.0
9950,萬國通,塑膠工業,09/17,10.25,-0.49,72.0,0.75,,37.0,0.38,⚠️ 放量滯漲 (拋壓增大，即將見頂反轉),525.0,1.97,,,,0.00,,,,,,,,,,🌐 外資日連買(3)-🆕 試單觀察 | 🌐 外資週連買(2)-🌱 週線發動,,,,,,,,,,,,,,,,,,,,,,,,,,,,,,,,🔄 持平,0.0,0.0,↗️ 微增,0.04,0.53,↗️ 微增,0.04,0.52,↗️ 微增,0.04,0.53,,,,,,54.1,0,0.0,🔄 持平,0.0,0.0,➖ 持平,3,3,347.0
9951,皇田,電機機械,09/17,48.0,0.0,42.0,2.03,8.36,60.0,2.89,⚖️ 溫和震盪整理,-74.68827930174564,0.7,,,,4.40,,,,,,,,,,,,,,,,,,,,,,,,,,,,,,0.0,17.1,,,,,,,,,,,🔄 持平,0.0,-0.29000000000000004,🔄 持平,-0.0,0.87,🔄 持平,-0.0,-0.21000000000000002,🔄 持平,-0.0,-0.28000000000000014,,,,,,14.8,18.4,0.0,🔄 持平,-0.7,0.0,➖ 持平,1,3,81.0
9960,邁達康,運動休閒,09/17,31.05,0.81,8.0,0.25,13.6,25.0,0.79,⚖️ 溫和震盪整理,66.66666666666667,0.32,,,,9.20,,,,,,,,,,,,,,,,,,,,,,,,,,,,,,,,,,,,,,,,,,↗️ 微增,0.05,-3.35,↗️ 微增,0.05,-3.35,↗️ 微增,0.05,-1.39,🔄 持平,-0.0,1.45,,,,,,29.8,0,0.0,🔄 持平,16.3,0.0,➖ 持平,4,4,126.0
9962,有益,鋼鐵工業,09/17,9.95,-0.5,14.0,0.14,43.3,38.0,0.38,⚖️ 溫和震盪整理,55.55555555555558,0.37,,,,0.50,,,,,,,,,,,,,0.0,-13.7,,,,,,,,,,,,,,,,,,,,,,,,,,,,🔄 持平,0.0,0.03,🔄 持平,-0.0,0.03,🔄 持平,-0.0,0.03,↘️ 微減,-0.45,0.03000000000000002,,,,,,11.1,0,0.0,🔄 持平,0.0,0.0,➖ 持平,2,3,120.0
1101,台泥,水泥工業,09/17,24.45,1.66,23064.0,562.0,,19290.0,468.8,⚖️ 溫和震盪整理,28.604118993135017,1.2,,0.0,,12.70,🔄 持平,,,,,,⚠️ 趨緩 (0.29%),💤 籌碼沉澱中,🔄 今日量縮持平,🏦 投信日連買(2)-🆕 試單觀察 | 🏦 投信週連買(3)-🌱 週線發動,,,,,,,,-0.35,-8.73,-670.0,-18379.0,-1638.2,,,,,,,,,,,,,,,,-1633.0,-44550.0,,,↘️ 微減,-0.19,-0.5499999999999999,↘️ 微減,-0.17,-0.5199999999999999,↘️ 微減,-0.02,-0.05,↘️ 微減,-0.02,-0.05,,,,,,8.44,0.64,0.0,🔄 持平,0.32,0.0,➖ 持平,4,4,110433.0
1102,亞泥,水泥工業,09/17,35.3,1.0,9656.0,339.0,9.17,6223.0,218.2,⚠️ 放量滯漲 (拋壓增大，即將見頂反轉),81.28342245989305,1.55,🔴5日 🟡20日,0.11507533648886792,12.904184085797407,13.90,📈 上升,0.220809209836764,1.13183665007743,,,🔥 強延續 (34.8%),⚠️ 趨緩 (1.86%),💤 籌碼沉澱中,🔥 持續加碼 (0.01%),🏦 投信日連買(3)-🆕 試單觀察 | 🌐 外資週連買(5)-🚀 趨勢加溫 | 🏦 投信週連買(3)-🌱 週線發動,🔥 點火,,,,,,,,,461.0,-1258.0,1627.3,,,,,,0.51,4.88,,,,,,,,,1619.0,-4398.0,,,↗️ 微增,0.23,0.34,↗️ 微增,0.18,0.4299999999999998,↗️ 微增,0.14,0.35,↗️ 微增,0.06,0.33999999999999997,雙引擎 | 長短線,,,,,26.2,2.14,0.0,🔄 持平,0.0,0.0,➖ 持平,5,4,16170.0
1103,嘉泥,水泥工業,09/17,13.05,0.38,253.0,3.3,9.13,260.0,3.41,⏸️ 平量滯漲 (拋壓增大，高位見頂),-5.714285714285716,0.97,,,,4.40,,,,,,🔄 持平 (0%),,,,,,,,,,,,,,,,,,,,,,,,,,,,,,,,,,,,↘️ 微減,-0.03,-0.33999999999999997,↗️ 微增,0.07,-0.13,↘️ 微減,-0.01,-0.11999999999999998,↘️ 微減,-0.05,-0.2,,,,,,16.5,0.0,0.0,🔄 持平,-0.9,0.0,➖ 持平,10,4,519.0
1104,環泥,水泥工業,09/17,26.8,0.56,249.0,6.66,9.89,456.0,12.27,⚖️ 溫和震盪整理,-59.87951807228916,0.54,,,,14.10,,,,,,🔄 持平 (0%),🔄 持平 (0.0%),💤 籌碼沉澱中,🔄 今日量縮持平,🏦 投信週連買(4)-🌱 週線發動,,,,,,,,,,-29.0,-428.0,-77.7,,,,,,,,,,,,,,,,-77.4,-1145.0,,,↘️ 微減,-0.03,0.24000000000000002,↘️ 微減,-0.02,0.13999999999999996,↗️ 微增,0.09,0.51,↘️ 微減,-0.03,0.18,,,,,,4.58,0.0,0.0,🔄 持平,-20.62,0.0,➖ 持平,14,4,1434.0
1108,幸福,水泥工業,09/17,11.05,0.0,512.0,5.63,16.0,418.0,4.69,⏸️ 平量滯漲 (拋壓增大，高位見頂),12.825651302605202,1.2,,,,1.30,,,,,,,,,,,,,,,,,,,,8.0,-133.0,8.8,,,,,,,,,,,,,,,,,,,,↗️ 微增,0.02,0.03,↗️ 微增,0.02,0.06,↗️ 微增,0.04,-0.07999999999999997,↘️ 微減,-0.1,-0.8600000000000001,,,,,,3.95,0.0,0.0,🔄 持平,0.0,0.0,➖ 持平,2,4,400.0
1109,信大,水泥工業,09/17,13.4,0.0,92.0,1.23,19.1,105.0,1.4,⏸️ 平量滯漲 (拋壓增大，高位見頂),-45.57522123893805,0.88,,,,2.30,,,,,,,,,,,,,,,,,,,,,,,,,,,,,,,,,,,,,,,,,,↗️ 微增,0.02,0.05,↗️ 微增,0.02,-0.4099999999999999,↗️ 微增,0.02,0.06,↘️ 微減,-0.1,0.25,,,,,,35.0,0,0.0,🔄 持平,0.0,0.0,➖ 持平,6,4,222.0
1110,東泥,水泥工業,09/17,15.5,0.32,361.0,5.56,24.6,344.0,5.33,⏸️ 平量滯漲 (拋壓增大，高位見頂),40.4040404040404,1.04,,,,6.10,,,,,,🔄 持平 (0%),,,,,,,0.63,-10.2,15.0,-274.0,23.2,,,,,,,,,,,,,,,,,,,,,,,,,🔄 持平,0.0,-0.15000000000000002,↗️ 微增,0.01,0.03,↘️ 微減,-0.09,-0.07,↗️ 微增,0.02,0.13999999999999999,,,,,,32.6,21.5,0.0,🔄 持平,1.2,0.0,➖ 持平,2,4,235.0
1201,味全,食品工業,09/17,12.1,0.41,348.0,4.2,19.8,314.0,3.79,⏸️ 平量滯漲 (拋壓增大，高位見頂),21.739130434782616,1.11,,,,4.80,,,,,,,,,,,,,,,,,,,,,,,,,,,,,,1.3,8.4,,,,64.0,386.0,77.4,,,,,🔄 持平,0.0,0.1,↗️ 微增,0.17,-0.13000000000000003,↘️ 微減,-0.11,-0.55,↗️ 微增,0.14,-0.08000000000000002,,,,,,14.6,0,0.0,🔄 持平,0.0,0.0,➖ 持平,4,4,688.0
1203,味王,食品工業,09/17,43.35,2.6,13.0,0.56,20.6,21.0,0.88,📈 價升量縮 (量價背離，下方承接看拉高),-34.11764705882352,0.64,,,,1.80,,,,,,🔄 持平 (0%),,,,,,,,,,,,-4.88,-11.4,,,,,,,,,,,,,,,,,,,,,,,🔄 持平,0.0,0.01,🔄 持平,-0.0,0.01,🔄 持平,-0.0,0.01,🔄 持平,-0.0,0.01,,,,,,33.4,7.72,0.0,🔄 持平,0.1,-0.01,↘️ 微減,3,2,31.0
1210,大成,食品工業,09/17,52.0,0.97,685.0,35.6,12.7,1089.0,56.46,⚖️ 溫和震盪整理,-48.77697841726618,0.63,,0.0,,7.60,🔄 持平,,,,,🔄 持平 (0%),🔄 持平 (0.0%),💤 籌碼沉澱中,💤 籌碼沉澱中,,,,,,,,,,,,,,,,,,,,,,,,,,,,,,,,,↗️ 微增,0.13,-1.22,↗️ 微增,0.13,-0.9100000000000001,↗️ 微增,0.06,-1.3900000000000001,↗️ 微增,0.17,-1.1600000000000001,雙引擎,,,,,17.7,12.0,0.0,🔄 持平,0.0,0.0,➖ 持平,3,4,1371.0
1213,大飲,食品工業,09/17,7.09,-3.54,28.0,0.21,,17.0,0.12,🛡️ 放量小跌 (見底信號，越跌越買反轉),199.99999999999994,1.75,,,,0.00,,,,,,,,,,,,,,,,,,,,,,,,,,,,,,,,,,,,,,,,,,🔄 持平,0.0,-0.01,🔄 持平,-0.0,-1.51,🔄 持平,-0.0,-1.51,↗️ 微增,0.02,0.28,,,,,,28.1,0,0.0,🔄 持平,0.0,0.0,➖ 持平,3,1,294.0
1215,卜蜂,食品工業,09/17,107.0,0.94,436.0,46.6,12.3,762.0,82.14,⚖️ 溫和震盪整理,-19.377162629757784,0.57,,0.0,,36.60,🔄 持平,,,,,🔄 持平 (0%),🔄 持平 (0.0%),,🔄 今日量縮持平,,,,,,,,,,,-54.0,-219.0,-577.8,,,,,,,,,,,,,,,,-578.0,-2482.0,,,↗️ 微增,0.38,-1.29,↗️ 微增,0.04,-1.97,↗️ 微增,0.27,-1.51,↗️ 微增,0.24,-1.52,雙引擎,,,,,28.4,0,0.0,🔄 持平,0.0,0.0,➖ 持平,2,3,572.0
1216,統一,食品工業,09/17,75.5,1.34,9417.0,709.0,18.2,8858.0,662.0,⏸️ 平量滯漲 (拋壓增大，高位見頂),32.02979515828679,1.07,🟡20日 🟢60日 🔵120日,0.05084477067454429,38.2139969744056,34.20,🪜 階梯吸籌 | 📈 上升,,0.81555342274563,3.884742885946835,3.5970220817726926,🔄 持平 (0%),,💤 籌碼沉澱中,,🌐 外資日連買(2)-🆕 試單觀察 | 🏦 投信日連買(2)-🆕 試單觀察,,,,,,,,-1.97,-14.9,-1560.0,-13562.0,-11778.0,,,,,,,,,,,,,,,,-11746.0,-101390.0,,,↗️ 微增,0.01,-0.04000000000000001,↘️ 微減,-0.04,-0.020000000000000018,↘️ 微減,-0.06,-0.19000000000000003,↘️ 微減,-0.03,-0.22,,,,,,9.89,14.2,0.0,🔄 持平,0.0,0.0,➖ 持平,10,4,33536.0
1217,愛之味,食品工業,09/17,10.0,0.7,411.0,4.1,14.9,341.0,3.4,⏸️ 平量滯漲 (拋壓增大，高位見頂),53.558052434456926,1.21,,,,8.70,,,,,,🔥 強延續 (51.4%),,,,🌐 外資週連買(6)-🚀 趨勢加溫,🔼 進駐,,-1.65,-14.2,-29.0,-286.0,-29.0,-0.34,-10.8,-17.0,-603.0,-17.0,0.0,83.3,,,,,,,,,,,,,,-17.0,-600.0,,,↘️ 微減,-0.04,0.23,↗️ 微增,0.13,0.39,↗️ 微增,0.15,0.26,↗️ 微增,0.15,0.42000000000000004,,,,,,12.8,4.72,0.0,🔄 持平,0.1,-0.01,↘️ 微減,7,4,1092.0
1218,泰山,食品工業,09/17,14.4,0.35,617.0,8.85,,602.0,8.6,⏸️ 平量滯漲 (拋壓增大，高位見頂),65.42056074766356,1.03,,0.0,,3.00,🔄 持平,,,,,🔄 持平 (0%),,💤 籌碼沉澱中,,🌐 外資週連買(2)-🌱 週線發動,,,,,,,,,,,,,,,,,,,,,,,,,,,,,,,,↗️ 微增,0.33,-0.04999999999999999,📈 小增,0.68,0.48,↗️ 微增,0.25,-0.39,↘️ 微減,-0.15,-0.38,,,,,,11.7,34.3,0.0,🔄 持平,0.0,0.0,➖ 持平,2,4,894.0
1219,福壽,食品工業,09/17,11.25,0.9,179.0,2.01,,205.0,2.34,⏸️ 平量滯漲 (拋壓增大，高位見頂),14.857142857142836,0.86,,,,6.00,,,,,,,,,,🌐 外資週連買(2)-🌱 週線發動,,,0.0,-18.8,,,,,,,,,,,,,,,,,,,,,,,,,,,,↘️ 微減,-0.35,0.6699999999999999,↘️ 微減,-0.1,0.94,↗️ 微增,0.28,0.7000000000000001,↘️ 微減,-0.05,0.72,,,,,,9.58,0,0.03,↗️ 微增,-0.34,0.0,➖ 持平,6,4,430.0
1220,台榮,食品工業,09/17,10.8,0.0,154.0,1.65,154.0,106.0,1.15,⏸️ 平量滯漲 (拋壓增大，高位見頂),292.85714285714283,1.43,,,,7.10,,,,,,,,,,🌐 外資日連買(2)-🆕 試單觀察 | 🌐 外資週連買(5)-🚀 趨勢加溫,,,-8.26,-9.02,,,,,,,,,,,,,,,,,,,,,,,,,,,,🔄 持平,0.0,0.060000000000000005,🔄 持平,-0.0,0.060000000000000005,🔄 持平,-0.0,0.06,↗️ 微增,0.23,0.29000000000000004,,,,,,23.3,0,0.0,🔄 持平,0.0,0.0,➖ 持平,6,4,130.0
1225,福懋油,食品工業,09/17,25.0,1.63,113.0,2.81,119.0,75.0,1.87,⚖️ 溫和震盪整理,16.597510373443967,1.5,,,,1.20,,,,,,🔄 持平 (0%),,,,,,,,,,,,,,,,,,,,,,,,,,,,,,,,,,,,↘️ 微減,-0.43,-0.71,↘️ 微減,-0.05,-0.33,↘️ 微減,-0.05,-0.33,↘️ 微減,-0.07,-0.35,,,,,,16.3,8.12,13.77,🔥 大增,1.3,8.12,🚨 暴增,4,4,395.0
1227,佳格,食品工業,09/17,28.2,0.53,504.0,14.2,17.6,623.0,17.56,⏸️ 平量滯漲 (拋壓增大，高位見頂),-56.44171779141105,0.81,,0.0,,6.90,🔄 持平,,,,,,🔄 持平 (0%),,💤 籌碼沉澱中,,,,,,,,,,,,,,,,,,,,,,,,,,,,,,,,,↘️ 微減,-0.04,-0.31,↗️ 微增,0.05,-0.30999999999999994,↘️ 微減,-0.03,-0.42999999999999994,↗️ 微增,0.03,-0.54,,,,,,3.2,0,0.0,🔄 持平,0.0,0.0,➖ 持平,6,3,327.0
1229,聯華,食品工業,09/17,40.35,0.75,1711.0,68.9,16.5,1879.0,75.92,⏸️ 平量滯漲 (拋壓增大，高位見頂),-15.043156596794072,0.91,,-9.418057754999712,,9.10,📉 下降,,,,,🔄 持平 (0%),📉 調節洗盤 (-0.06%),,💤 籌碼沉澱中,🏦 投信週連買(4)-🌱 週線發動,,,,,,,,,,,,,,,,,,,,,,-12.0,82.0,-48.4,151.0,692.0,609.3,,,609.0,2781.0,↗️ 微增,0.17,0.33,↗️ 微增,0.13,0.26,↗️ 微增,0.21,0.5199999999999999,↗️ 微增,0.2,0.59,雙引擎 | 長短線,,,,,24.2,1.01,-0.4,🚨 減/大減,0.0,0.0,➖ 持平,1,3,1243.0
1231,聯華食,食品工業,09/17,79.5,0.25,171.0,13.6,16.1,267.0,21.26,⚖️ 溫和震盪整理,-36.15023474178404,0.64,,,,2.80,,,,,,,,,,,,,,,,,,,,,,,,,,,,,,,,,,,,,,,,,,↗️ 微增,0.04,0.5399999999999999,↗️ 微增,0.04,-0.11000000000000001,↗️ 微增,0.04,-0.11000000000000001,↘️ 微減,-0.1,0.01,,,,,,21.2,11.9,0.0,🔄 持平,0.0,-1.2,✅ 大減,2,4,65.0
1232,大統益,食品工業,09/17,154.5,0.32,90.0,14.0,17.1,95.0,14.7,⏸️ 平量滯漲 (拋壓增大，高位見頂),16.666666666666675,0.95,,,,2.80,,,,,,🔄 持平 (0%),,,,,,,-1.46,-13.5,,,,,,,,,,,,,,,,,,,,,,,,,,,,🔄 持平,0.0,-0.07,🔄 持平,-0.0,-0.07,🔄 持平,-0.0,-0.08,↘️ 微減,-0.25,-0.35000000000000003,,,,,,60.7,0,0.0,🔄 持平,-0.3,0.0,➖ 持平,3,4,159.0
1233,天仁,食品工業,09/17,28.05,0.72,18.0,0.51,30.2,19.0,0.52,⏸️ 平量滯漲 (拋壓增大，高位見頂),6.25,0.98,,0.0,,5.50,🔄 持平,,,,,,,,,🌐 外資日連買(2)-🆕 試單觀察,,,0.0,-12.1,,,,,,,,,,,,,,,,,,,,,,,,,,,,↗️ 微增,0.07,0.38,↗️ 微增,0.07,0.38,↗️ 微增,0.07,0.38,↗️ 微增,0.07,0.38,雙引擎 | 長短線,,,,,13.9,27.7,0.1,📈 增,2.0,-0.4,↘️ 微減,18,4,260.0
1234,黑松,食品工業,09/17,33.35,0.76,69.0,2.31,20.3,122.0,4.05,⚖️ 溫和震盪整理,-39.21052631578947,0.57,,,,5.00,,,,,,🔄 持平 (0%),,,,🌐 外資日連買(2)-🆕 試單觀察 | 🌐 外資週連買(3)-🌱 週線發動,,,,,,,,,,,,,,,,,,,,,,,,,,,,,,,,↘️ 微減,-0.01,0.029999999999999992,↘️ 微減,-0.01,0.029999999999999992,↘️ 微減,-0.02,0.019999999999999997,↘️ 微減,-0.02,-0.07,,,,,,13.1,3.12,0.0,🔄 持平,-0.1,0.0,➖ 持平,14,4,282.0
1235,興泰,食品工業,09/17,37.5,3.16,14.0,0.51,,11.0,0.41,⚖️ 溫和震盪整理,21.42857142857144,1.24,,,,0.40,,,,,,🔄 持平 (0%),,,,,,,,,,,,,,,,,,,,,,,,,,,,,,,,,,,,🔄 持平,0.0,0.03,🔄 持平,-0.0,0.03,🔄 持平,-0.0,0.03,🔄 持平,-0.0,0.03,,,,,,31.5,2.69,0.0,🔄 持平,0.0,0.0,➖ 持平,1,3,22.0
1236,宏亞,食品工業,09/17,25.55,0.0,129.0,3.25,,64.0,1.63,⚠️ 放量滯漲 (拋壓增大，即將見頂反轉),71.95767195767198,1.99,,,,0.80,,,,,,,,,,,,,,,,,,,,,,,,,,,,,,0.0,6.8,,,,,,,,,,,↗️ 微增,0.1,0.6000000000000001,↗️ 微增,0.09,0.5700000000000001,↗️ 微增,0.09,0.5700000000000001,↗️ 微增,0.09,0.5700000000000001,雙引擎 | 長短線,,,,,16.7,0,0.0,🔄 持平,0.0,0.0,➖ 持平,2,4,163.0
1256,鮮活果汁-KY,食品工業,09/17,170.5,0.0,62.0,10.6,11.0,40.0,6.83,⚠️ 放量滯漲 (拋壓增大，即將見頂反轉),92.37749546279493,1.55,,,,4.20,,,,,,,,,,,,,-3.57,-8.47,,,,,,,,,,,,,,,,,,,,,,,,,,,,🔄 持平,0.0,0.0,🔄 持平,-0.0,-0.28,🔄 持平,-0.0,1.45,🔄 持平,-0.0,0.0,,,,,,48.1,2.32,0.0,🔄 持平,-0.2,0.58,↗️ 微增,3,4,55.0
1301,台塑,塑膠工業,09/17,64.6,3.53,26190.0,1676.0,39.4,19876.0,1253.0,⚖️ 溫和震盪整理,42.63829787234044,1.34,🟡20日 🟢60日 🔵120日,0.14000000000000057,32.90303909708792,34.60,📈 上升,,1.186477956550334,1.6249160644874792,4.140546191516368,🔄 持平 (0%),,💤 籌碼沉澱中,,,,,,,,,,-0.6,-25.7,-56.0,-3232.0,-361.8,,,,,,,,,,-914.0,683.0,-5904.4,,,,-358.0,-20675.0,,,↘️ 微減,-0.18,0.8300000000000003,↘️ 微減,-0.21,0.8800000000000002,↘️ 微減,-0.21,0.9800000000000002,↘️ 微減,-0.18,0.9700000000000002,,,,,,14.5,0,0.0,🔄 持平,0.0,0.0,➖ 持平,3,4,24326.0
1303,南亞,塑膠工業,09/17,236.0,5.36,92910.0,21858.0,38.1,60046.0,13863.4,🚀 放量大漲 (量價齊升，持續看漲),100.56891172692235,1.58,🔵120日,0.23400484853095804,35.916789975679784,30.30,📈 上升,,,,3.557246770267753,,🔥 強延續 (25.1%),,🔥 持續加碼 (0.29%),🏦 投信日連買(9)-⚡ 買盤點火 | 🏦 投信週連買(7)-🚀 趨勢加溫,,,-6.04,-8.1,-2455.0,-3370.0,-57938.0,,,,,,,,820.0,279.0,19352.0,,,11.9,43.9,,,,4540.0,12986.0,107144.0,,,106807.0,295687.0,↗️ 微增,0.06,0.16000000000000003,↗️ 微增,0.11,0.16999999999999996,↗️ 微增,0.09,0.18999999999999995,↗️ 微增,0.1,0.23999999999999994,雙引擎 | 長短線,,,,,18.2,0.57,0.0,🔄 持平,0.0,0.0,➖ 持平,5,4,27110.0
1304,台聚,塑膠工業,09/17,12.6,3.28,3387.0,42.3,,3439.0,42.8,⚖️ 溫和震盪整理,-19.12045889101338,0.99,🔴5日 🟡20日,0.0,28.96,29.00,📈 上升 | 🔄 洗盤回歸 | 🚀 衝進🔴5日、🟡20日榜單,0.240000000000002,0.5,,,🔄 持平 (0%),,💤 籌碼沉澱中,,🌐 外資日連買(2)-🆕 試單觀察 | 🌐 外資週連買(7)-🚀 趨勢加溫,,,,,,,,,,,,,,,12.0,7.0,15.1,,,,,,,,,,,,,,,↗️ 微增,0.04,0.67,↘️ 微減,-0.04,0.61,↘️ 微減,-0.03,0.41,↘️ 微減,-0.02,0.57,,,,,,24.4,0,0.0,🔄 持平,0.0,0.0,➖ 持平,4,3,2708.0
1305,華夏,塑膠工業,09/17,12.3,2.93,2520.0,30.7,,1794.0,21.87,⚖️ 溫和震盪整理,25.306122448979586,1.4,🟡20日,0.0,4.570164809910651,4.10,📈 上升 | 🔄 洗盤回歸,,0.5499999999999989,,,🔄 持平 (0%),,💤 籌碼沉澱中,,🌐 外資日連買(2)-🆕 試單觀察 | 🌐 外資週連買(2)-🌱 週線發動,,,,,,,,,,,,,,,,,,,,,,-46.0,70.0,-56.6,,,,,,,,↗️ 微增,0.1,1.21,↘️ 微減,-0.07,0.75,↗️ 微增,0.04,0.73,↘️ 微減,-0.07,0.61,,,,,,33.1,0,0.0,🔄 持平,0.0,0.0,➖ 持平,1,4,989.0
1307,三芳,塑膠工業,09/17,30.6,0.82,331.0,10.1,9.13,442.0,13.43,⏸️ 平量滯漲 (拋壓增大，高位見頂),-62.45353159851301,0.75,,,,7.00,,,,,,,,,,,,,,,,,,,,-8.0,-125.0,-24.5,,,,,,,,,,,,,,,,,,,,🔄 持平,0.0,-1.0,🔄 持平,-0.0,-1.23,↘️ 微減,-0.16,-1.7800000000000002,↗️ 微增,0.08,-0.9299999999999999,,,,,,9.47,0,0.0,🔄 持平,0.0,0.0,➖ 持平,5,4,582.0
1308,亞聚,塑膠工業,09/17,14.4,2.86,2927.0,42.0,,1456.0,20.74,⚖️ 溫和震盪整理,275.00000000000006,2.03,,0.0,,5.30,🔄 持平,,,,,🔥 強延續 (18.0%),,💤 籌碼沉澱中,,🌐 外資日連買(2)-🆕 試單觀察 | 🌐 外資週連買(2)-🌱 週線發動,,,,,,,,,,68.0,-1027.0,97.9,,,,,,,,,,,,,,,,97.5,-1451.0,,,↘️ 微減,-0.04,1.19,↘️ 微減,-0.03,0.8900000000000001,↗️ 微增,0.08,0.8899999999999999,↗️ 微增,0.1,1.16,,,,,,38.8,0,0.0,🔄 持平,0.0,0.0,➖ 持平,3,4,1194.0
1309,台達化,塑膠工業,09/17,14.1,2.92,3425.0,48.1,,3344.0,46.58,⚖️ 溫和震盪整理,-27.010622154779973,1.03,🔴5日 🟡20日,0.27,3.56,3.60,🪜 階梯吸籌 | 📈 上升 | 🚀 衝進🔴5日榜單,0.2400000000000002,0.8399999999999999,,,🔄 持平 (0%),,🔥 持續加碼 (0.27%),,🌐 外資日連買(3)-🆕 試單觀察 | 🌐 外資週連買(2)-🌱 週線發動,,,,,,,,,,-147.0,-646.0,-207.3,,,,,,,,,,,,,,,,-206.0,-925.0,,,🔥 大增,1.1,1.02,📈 小增,0.63,1.0,↗️ 微增,0.23,1.11,↗️ 微增,0.25,0.85,雙引擎 | 長短線,,,,,39.4,0,0.0,🔄 持平,0.0,0.0,➖ 持平,3,4,2327.0
1310,台苯,塑膠工業,09/17,9.03,6.36,10239.0,91.9,,3803.0,33.6,🚀 放量大漲 (量價齊升，持續看漲),735.4545454545455,2.74,🔴5日 🟡20日 🔵120日,0.54,6.415654614459032,6.40,🪜 階梯吸籌 | 📈 上升 | 🚀 衝進🔴5日榜單,0.4400000000000004,1.33,,2.485654614459032,🔥 強延續 (27.8%),,🔥 持續加碼 (0.54%),,🌐 外資日連買(2)-🆕 試單觀察 | 🌐 外資週連買(3)-🌱 週線發動,🔥 點火,,,,-117.0,-216.0,-105.7,,,-44.0,-1246.0,-39.7,72.4,37.0,42.0,27.0,37.9,,,,,,,,,,,-39.5,-1072.0,,,🔥 大增,1.09,1.1199999999999999,📈 小增,0.59,0.5800000000000001,↗️ 微增,0.2,0.83,↗️ 微增,0.36,0.65,雙引擎 | 長短線,,,,,4.27,0,0.0,🔄 持平,-0.63,0.0,➖ 持平,5,4,2075.0
1312,國喬,塑膠工業,09/17,14.95,1.01,17168.0,255.0,,15139.0,221.0,⏸️ 平量滯漲 (拋壓增大，高位見頂),17.51152073732718,1.15,🟡20日,0.43999999999999995,4.04,4.00,🪜 階梯吸籌 | 📈 上升,,1.23,,,,,💤 籌碼沉澱中,,🌐 外資日連買(2)-🆕 試單觀察 | 🌐 外資週連買(6)-🚀 趨勢加溫,,,,,,,,0.15,-10.6,91.0,-7389.0,136.0,,,,,,,,,,52.0,164.0,77.7,,,,135.0,-10672.0,,,↗️ 微增,0.43,1.42,↗️ 微增,0.25,0.8,↗️ 微增,0.3,1.2500000000000002,📈 小增,0.63,1.36,雙引擎 | 長短線,,,,,9.24,22.5,0.0,🔄 持平,2.83,0.0,➖ 持平,4,3,10736.0
1313,聯成,塑膠工業,09/17,12.3,2.93,5663.0,69.4,,3151.0,38.06,⚖️ 溫和震盪整理,61.7715617715618,1.82,🔴5日 🟡20日,0.22000000000000064,7.4012773828552065,7.40,📈 上升 | 🚀 衝進🔴5日榜單,0.23000000000000043,0.5900000000000007,,,🔥 強延續 (49.7%),,🔥 持續加碼 (0.21%),,🌐 外資日連買(2)-🆕 試單觀察 | 🌐 外資週連買(7)-🚀 趨勢加溫,🔼 進駐,,,,,,,,,,,,,,,,,,,,,,,,,,,,,,,↘️ 微減,-0.11,0.36,↗️ 微增,0.02,0.62,↘️ 微減,-0.09,0.82,↗️ 微增,0.09,0.9600000000000001,,,,,,34.1,0.07,0.0,🔄 持平,0.0,0.0,➖ 持平,7,4,2196.0
1314,中石化,塑膠工業,09/17,8.96,9.94,128600.0,1137.0,,37609.0,324.46,🚀 放量大漲 (量價齊升，持續看漲),673.469387755102,3.5,🔴5日 🟡20日 🟢60日,0.6899999999999995,10.796978214854704,10.80,🪜 階梯吸籌 | 📈 上升 | 🚀 衝進🔴5日、🟢60日榜單,0.7699999999999996,1.5099999999999998,1.418240247362185,,🔥 強延續 (19.5%),,🔥 持續加碼 (0.66%),,🌐 外資日連買(2)-🆕 試單觀察 | 🌐 外資週連買(5)-🚀 趨勢加溫,🔥 點火,,,,,,,,,1210.0,-1612.0,1084.2,304.0,352.0,170.0,176.0,152.3,41.9,33.1,,,22511.0,18960.0,20169.9,,,,1069.0,-1230.0,,,↗️ 微增,0.15,-0.21000000000000002,↗️ 微增,0.23,-0.06999999999999995,↗️ 微增,0.17,0.14999999999999988,↗️ 微增,0.24,0.30999999999999994,雙引擎,,,,,6.91,80.6,0.0,🔄 持平,0.0,0.0,➖ 持平,2,4,27061.0
1315,達新,塑膠工業,09/17,66.9,1.06,45.0,3.01,27.6,27.0,1.81,⚠️ 放量滯漲 (拋壓增大，即將見頂反轉),38.07339449541283,1.66,,,,1.30,,,,,,🔄 持平 (0%),,,,,,,0.0,-13.1,,,,,,,,,,,,,,0.0,-13.1,,,,,,,,,,,,,🔄 持平,0.0,0.81,🔄 持平,-0.0,0.81,🔄 持平,-0.0,0.0,📈 小增,0.56,0.56,,,,,,19.8,23.7,0.0,🔄 持平,0.0,0.0,➖ 持平,3,4,281.0
1316,上曜,建材營造業,09/17,10.65,-0.47,821.0,8.75,,2088.0,22.63,⚖️ 溫和震盪整理,-54.18848167539267,0.39,,0.0,,3.80,🔄 持平,,,,,,,,,🌐 外資日連買(2)-🆕 試單觀察,,,,,,,,,,-160.0,-1179.0,-170.4,,,,,,,,,,-11.0,155.0,-11.7,,,,-170.0,-1265.0,,,↗️ 微增,0.14,-0.009999999999999898,📈 小增,0.59,-0.6900000000000002,📈 小增,0.55,-0.7,🔄 持平,-0.0,-0.8899999999999998,,,,,,5.0,0,0.0,🔄 持平,-0.47,0.0,➖ 持平,5,4,1086.0
1319,東陽,汽車工業,09/17,79.9,1.4,1163.0,92.7,13.0,1175.0,92.74,⏸️ 平量滯漲 (拋壓增大，高位見頂),-45.78947368421053,1.0,,0.0,,11.60,🔄 持平,,,,,🔥 強延續 (44.0%),🔄 持平 (0%),💤 籌碼沉澱中,💤 籌碼沉澱中,,🔥 點火,,,,-97.0,-131.0,-775.0,,,,,,,,,,,,,,,,,,,,,,,,,↘️ 微減,-0.01,0.77,↘️ 微減,-0.02,1.2500000000000002,↘️ 微減,-0.14,1.05,↘️ 微減,-0.14,1.1600000000000001,,,,,,18.4,0,0.0,🔄 持平,0.0,0.0,➖ 持平,5,4,2134.0
1321,大洋,塑膠工業,09/17,32.5,0.62,208.0,6.73,250.0,80.0,2.58,⚠️ 放量滯漲 (拋壓增大，即將見頂反轉),220.47619047619048,2.61,,,,6.90,,,,,,🔥 強延續 (34.1%),,,,🌐 外資週連買(2)-🌱 週線發動,🔼 進駐,,,,,,,0.13,-13.8,1.0,-126.0,3.2,,,,,,,,,,,,,,,,,,,,↗️ 微增,0.01,0.04,↗️ 微增,0.01,0.48000000000000004,↗️ 微增,0.01,0.73,↘️ 微減,-0.15,0.37,,,,,,5.89,0,0.0,🔄 持平,0.0,0.0,➖ 持平,2,4,150.0
1323,永裕,塑膠工業,09/17,21.45,0.23,40.0,0.86,16.9,69.0,1.48,⚖️ 溫和震盪整理,-7.5268817204301115,0.58,,,,1.50,,,,,,🔄 持平 (0%),,,,,,,,,,,,,,,,,,,,,,,,,,,,,,,,,,,,↗️ 微增,0.02,0.1,↗️ 微增,0.02,0.1,↗️ 微增,0.03,0.029999999999999995,↗️ 微增,0.03,0.029999999999999995,雙引擎 | 長短線,,,,,12.8,20.5,0.0,🔄 持平,-0.9,0.0,➖ 持平,4,4,97.0
1324,地球,塑膠工業,09/17,9.99,0.0,22.0,0.22,,23.0,0.23,⏸️ 平量滯漲 (拋壓增大，高位見頂),57.14285714285714,0.96,,,,1.00,,,,,,🔄 持平 (0%),,,,,,,,,,,,,,,,,,,,,,,,,,,,,,,,,,,,↗️ 微增,0.05,0.13,↗️ 微增,0.05,0.13,↗️ 微增,0.05,0.13,↗️ 微增,0.03,0.1,雙引擎 | 長短線,,,,,8.05,0,0.0,🔄 持平,0.0,0.0,➖ 持平,1,3,102.0
1325,恆大,塑膠工業,09/17,25.8,0.78,139.0,3.57,,137.0,3.52,⏸️ 平量滯漲 (拋壓增大，高位見頂),-2.1917808219178103,1.01,🔴5日 🟡20日,0.1100000000000001,1.79,1.80,🪜 階梯吸籌 | 📈 上升 | 🚀 衝進🔴5日榜單,0.21999999999999997,0.79,,,🔥 強延續 (73.5%),,🔥 持續加碼 (0.12%),,🌐 外資日連買(5)-⚡ 買盤點火 | 🌐 外資週連買(5)-🚀 趨勢加溫,🔼 進駐,,,,,,,,,,,,,,,,,,,,,,,,,,,,,,,🔄 持平,0.0,0.0,🔄 持平,-0.0,0.0,🔄 持平,-0.0,0.0,📈 小增,0.5,-0.13000000000000003,,,,,,28.9,0,0.0,🔄 持平,0.0,0.0,➖ 持平,10,4,479.0
1326,台化,塑膠工業,09/17,68.6,4.26,24044.0,1631.0,29.1,22043.0,1487.4,✈️ 平量大漲 (一致看漲無拋壓，加速上漲),54.597156398104275,1.1,🟡20日 🔵120日,0.10999999999999943,39.06269692812431,38.70,📈 上升,,1.3261393310370053,,3.988153360739176,🔄 持平 (0%),🔄 持平 (0%),💤 籌碼沉澱中,💤 籌碼沉澱中,,,,-2.44,-5.95,-528.0,-1334.0,-3622.1,,,9.0,-261.0,61.7,,,,,,,,,,,,,,,,61.1,-2766.0,,,↗️ 微增,0.1,0.9299999999999999,↗️ 微增,0.09,0.9299999999999999,↗️ 微增,0.13,1.01,↗️ 微增,0.11,1.03,雙引擎 | 長短線,,,,,5.69,0,-0.01,↘️ 微減,-0.01,0.0,➖ 持平,2,4,50876.0
1337,再生-KY,塑膠工業,09/17,4.49,2.05,370.0,1.65,,233.0,1.04,⚖️ 溫和震盪整理,258.695652173913,1.59,,-25.24,,25.30,📉 下降,,,,,,,,,,,,,,,,,,,,,,,,,,,,,,,,,,,,,,,,,↘️ 微減,-0.03,-0.26,↘️ 微減,-0.39,-0.5599999999999999,↘️ 微減,-0.14,0.009999999999999953,↘️ 微減,-0.3,-0.34,,,,,,14.5,0,0.0,🔄 持平,0.0,0.0,➖ 持平,3,4,299.0
1338,廣華-KY,汽車工業,09/17,14.35,0.7,31.0,0.44,,56.0,0.8,⚖️ 溫和震盪整理,-2.2222222222222254,0.55,,,,6.30,,,,,,,,,,🌐 外資日連買(2)-🆕 試單觀察 | 🌐 外資週連買(2)-🌱 週線發動,,,,,,,,,,,,,,,,,,,,,,-1.0,69.0,-1.4,,,,,,,,↘️ 微減,-0.06,0.44,↘️ 微減,-0.06,-0.74,↘️ 微減,-0.06,0.16000000000000003,↘️ 微減,-0.06,1.3699999999999999,,,,,,18.3,78.2,0.0,🔄 持平,0.0,0.0,➖ 持平,4,4,340.0
1339,昭輝,汽車工業,09/17,43.2,0.23,112.0,4.84,7.44,59.0,2.53,⚠️ 放量滯漲 (拋壓增大，即將見頂反轉),79.92565055762083,1.91,,,,1.40,,,,,,,,,,,,,,,,,,,,,,,,,,,,,,,,,,,,,,,,,,↗️ 微增,0.02,-0.11000000000000003,↗️ 微增,0.02,-0.13,↗️ 微增,0.02,-0.13,↘️ 微減,-0.03,-0.03999999999999999,,,,,,48.6,0,0.2,📈 增,2.0,0.0,➖ 持平,2,4,195.0
1340,勝悅-KY,塑膠工業,09/17,5.15,-0.19,158.0,0.81,,95.0,0.49,⚠️ 放量滯漲 (拋壓增大，即將見頂反轉),97.56097560975611,1.65,,0.0,,26.00,🔄 持平,,,,,🔄 持平 (0%),,,,🌐 外資週連買(7)-🚀 趨勢加溫,,,,,,,,-0.38,-19.6,-4.0,-258.0,-2.1,,,,,,,,,,,,,,,,,,,,🔄 持平,0.0,0.0,🔄 持平,-0.0,0.0,🔄 持平,-0.0,-0.5,↗️ 微增,0.01,0.15000000000000002,,,,,,0.0,0,0.0,🔄 持平,0.0,0.0,➖ 持平,6,4,245.0
1341,富林-KY,塑膠工業,09/17,59.2,-0.17,1.0,0.06,12.0,1.0,0.08,⏸️ 平量滯漲 (拋壓增大，高位見頂),500.0,0.75,,0.0,,80.00,🔄 持平,,,,,🔄 持平 (0%),,,,,,⚠️ 初危,,,,,,,,,,,,,,,,,,,,,,,,,,,,,,🔄 持平,0.0,0.0,🔄 持平,-0.0,0.0,🔄 持平,-0.0,0.0,↗️ 微增,0.01,0.01,,,,,,0.82,0,0.0,🔄 持平,0.0,0.0,➖ 持平,1,1,12.0
1342,八貫,其他業,09/17,100.5,0.6,219.0,22.0,14.2,122.0,12.26,⚠️ 放量滯漲 (拋壓增大，即將見頂反轉),245.91194968553455,1.79,🔵120日,0.029999999999997584,31.684714825315,31.70,📈 上升,,,,3.436768049520026,,,,,,,,,,,,,,,,,,,,,,,,,,,,,,,,,,,,,🔄 持平,0.0,-1.3,🔄 持平,-0.0,-1.33,↘️ 微減,-0.07,-1.2999999999999998,↘️ 微減,-0.14,-0.77,,,,,,17.3,0,0.0,🔄 持平,0.0,0.0,➖ 持平,4,4,272.0
1402,遠東新,紡織纖維,09/17,28.1,2.55,11978.0,334.0,13.8,9973.0,278.6,⚖️ 溫和震盪整理,3.0864197530864113,1.2,🟢60日,0.0652523191533021,19.143056917971386,17.40,📈 上升,,,4.473841562552449,,🔄 持平 (0%),🔄 持平 (0%),💤 籌碼沉澱中,💤 籌碼沉澱中,🌐 外資週連買(3)-🌱 週線發動,,,,,-265.0,-277.0,-744.6,,,,,,,,9.0,6.0,25.3,,,,,,,,,,,,,,,↘️ 微減,-0.05,0.45000000000000007,↘️ 微減,-0.07,0.33,↘️ 微減,-0.06,0.35999999999999993,↘️ 微減,-0.04,0.44999999999999996,,,,,,26.2,10.5,0.0,🔄 持平,0.0,0.0,➖ 持平,2,3,7903.0
1409,新纖,紡織纖維,09/17,24.8,3.55,13959.0,344.0,11.3,22256.0,556.0,📈 價升量縮 (量價背離，下方承接看拉高),73.73737373737374,0.62,,0.0,,9.30,🔄 持平,,,,,,🔄 持平 (0%),💤 籌碼沉澱中,💤 籌碼沉澱中,,,,,,,,,,,,,,,,,,,3.47,0.57,,,811.0,137.0,2011.3,7.0,2651.0,17.4,,,17.3,6337.0,↘️ 微減,-0.33,-2.16,↘️ 微減,-0.21,-2.04,↘️ 微減,-0.25,-2.02,↘️ 微減,-0.38,-1.91,,,,,,5.54,32.5,0.0,🔄 持平,0.0,0.0,➖ 持平,4,3,1388.0
1410,南染,紡織纖維,09/17,24.25,-1.82,180.0,4.42,32.8,148.0,3.63,🥀 平量價縮 (下跌中繼，弱反彈信號),155.4913294797688,1.22,,,,19.00,,,,,,,,,,,,,,,,,,,,,,,,,,,,,,1.28,8.22,,,,,,,,,,,↗️ 微增,0.03,0.19,↗️ 微增,0.03,0.19,↗️ 微增,0.03,0.19,↗️ 微增,0.03,0.8400000000000001,雙引擎 | 長短線,,,,,20.5,0,0.1,📈 增,0.1,0.0,➖ 持平,1,4,156.0
1413,宏洲,紡織纖維,09/17,9.21,0.33,8.0,0.08,30.7,11.0,0.1,⏸️ 平量滯漲 (拋壓增大，高位見頂),166.66666666666669,0.8,,,,0.50,,,,,,🔄 持平 (0%),,,,,,,,,,,,,,,,,,,,,,,,,,,,,,,,,,,,↗️ 微增,0.02,0.18,↗️ 微增,0.01,0.16999999999999998,↗️ 微增,0.01,0.19,↗️ 微增,0.01,0.19,雙引擎 | 長短線,,,,,33.6,0,0.0,🔄 持平,0.0,0.0,➖ 持平,1,4,124.0
1414,東和,紡織纖維,09/17,17.4,1.16,109.0,1.88,31.1,224.0,3.87,⚖️ 溫和震盪整理,-64.85981308411215,0.49,,0.0,,1.60,🔄 持平,,,,,,,,,🌐 外資日連買(2)-🆕 試單觀察 | 🌐 外資週連買(2)-🌱 週線發動,,,-2.12,-9.54,,,,,,,,,,,,,,,,,,,,,,,,,,,,↘️ 微減,-0.09,-0.4,↘️ 微減,-0.12,0.09000000000000004,↘️ 微減,-0.12,0.41000000000000003,↗️ 微增,0.15,0.63,,,,,,18.4,18.8,0.0,🔄 持平,0.1,0.0,➖ 持平,3,4,179.0
1416,廣豐,其他業,09/17,11.3,0.44,183.0,2.07,9.58,207.0,2.35,⏸️ 平量滯漲 (拋壓增大，高位見頂),1.9704433497536922,0.88,,0.0,,6.80,🔄 持平,,,,,,,,,,,,,,,,,,,,,,,,,,,,,,,-8.0,84.0,-9.0,,,,,,,,📈 小增,0.59,1.97,↗️ 微增,0.05,1.9500000000000002,↗️ 微增,0.05,1.6400000000000001,↗️ 微增,0.03,1.83,雙引擎 | 長短線,,,,,6.04,0,0.0,🔄 持平,0.0,0.0,➖ 持平,2,4,355.0
1417,嘉裕,紡織纖維,09/17,8.02,0.0,96.0,0.77,16.0,146.0,1.18,⚖️ 溫和震盪整理,-59.25925925925925,0.65,,,,1.20,,,,,,,,,,,,,,,,,,,,,,,,,,,,0.19,3.12,,,,,,,,,,,,,↗️ 微增,0.01,0.019999999999999997,↗️ 微增,0.02,0.03,↗️ 微增,0.02,0.39,↗️ 微增,0.02,0.029999999999999975,雙引擎 | 長短線,,,,,12.7,0,0.0,🔄 持平,0.0,0.0,➖ 持平,2,4,107.0
1418,東華,紡織纖維,09/17,17.6,-1.68,29.0,0.51,,26.0,0.46,🥀 平量價縮 (下跌中繼，弱反彈信號),-23.880597014925375,1.11,,,,1.00,,,,,,🔄 持平 (0%),,,,,,,,,,,,,,,,,,,,,,,,,,,,,,,,,,,,↗️ 微增,0.01,-0.01,↘️ 微減,-0.01,-0.03,↗️ 微增,0.02,0.01,↗️ 微增,0.04,0.08,雙引擎,,,,,45.2,0,0.0,🔄 持平,0.0,0.0,➖ 持平,2,4,128.0
1419,新紡,紡織纖維,09/17,66.2,1.07,42.0,2.78,4.76,91.0,6.03,⚖️ 溫和震盪整理,-70.3940362087327,0.46,,,,1.40,,,,,,🔄 持平 (0%),,,,,,,,,,,,,,,,,,,,,,,,,,,,,,,,,,,,🔄 持平,0.0,-0.01,🔄 持平,-0.0,-0.28,🔄 持平,-0.0,-0.04,↗️ 微增,0.27,0.04999999999999999,,,,,,8.42,49.3,0.0,🔄 持平,0.0,0.0,➖ 持平,3,4,344.0
1423,利華,紡織纖維,09/17,35.0,-0.71,7.0,0.25,10.3,6.0,0.21,⏸️ 平量滯漲 (拋壓增大，高位見頂),-30.555555555555557,1.19,,-1.24,,1.20,📉 下降,,,,,🔥 強延續 (83.8%),,,,🌐 外資週連買(8)-🚀 趨勢加溫,,,,,,,,,,,,,,,,,,,,,,,,,,,,,,,,↘️ 微減,-0.01,-0.06999999999999999,↘️ 微減,-0.01,-0.06999999999999999,↘️ 微減,-0.01,-0.05,↘️ 微減,-0.01,-0.03,,,,,,27.6,0,0.0,🔄 持平,0.1,0.0,➖ 持平,1,4,52.0
1432,大魯閣,運動休閒,09/17,14.9,-0.33,118.0,1.76,2.92,99.0,1.49,⏸️ 平量滯漲 (拋壓增大，高位見頂),36.434108527131784,1.18,,,,0.60,,,,,,🔄 持平 (0%),,,,,,,,,,,,,,,,,,,,,,,,,,,,,,,,,,,,🔄 持平,0.0,0.09000000000000001,🔄 持平,-0.0,0.09000000000000001,🔄 持平,-0.0,0.09000000000000001,🔄 持平,-0.0,-0.41000000000000003,,,,,,9.19,61.7,0.0,🔄 持平,0.0,0.0,➖ 持平,13,4,360.0
1434,福懋,紡織纖維,09/17,17.85,2.0,2213.0,39.4,19.4,1385.0,24.48,⚖️ 溫和震盪整理,78.28054298642533,1.61,,0.0,,8.50,🔄 持平,,,,,,🔄 持平 (0%),,💤 籌碼沉澱中,🌐 外資日連買(2)-🆕 試單觀察 | 🌐 外資週連買(6)-🚀 趨勢加溫,,,,,,,,0.06,-10.8,3.0,-629.0,5.4,,,,,,,,,,,,,,,,5.34,-1105.0,,,↘️ 微減,-0.03,0.010000000000000009,↗️ 微增,0.14,0.24000000000000005,↗️ 微增,0.09,0.09999999999999998,↗️ 微增,0.04,0.09,,,,,,38.3,1.14,0.0,🔄 持平,-0.3,0.0,➖ 持平,2,4,1404.0
1435,中福,其他業,09/17,22.4,2.99,7.0,0.17,,7.0,0.17,⚖️ 溫和震盪整理,1600.0,1.0,,,,0.30,,,,,,🔄 持平 (0%),,,,,,,,,,,,,,,,,,,,,,,,,,,,,,,,,,,,🔄 持平,0.0,-0.01,🔄 持平,-0.0,-0.01,🔄 持平,-0.0,-0.01,🔄 持平,-0.0,-0.01,,,,,,0.06,0,0.0,🔄 持平,0.0,0.0,➖ 持平,1,4,38.0
1436,華友聯,建材營造業,09/17,36.7,1.38,89.0,3.25,12.7,127.0,4.61,⏸️ 平量滯漲 (拋壓增大，高位見頂),-66.35610766045549,0.7,,,,6.30,,,,,,🔄 持平 (0%),,,,🌐 外資日連買(2)-🆕 試單觀察 | 🌐 外資週連買(6)-🚀 趨勢加溫,,,,,,,,,,,,,,,,,,,,,,,,,,,,,,,,↘️ 微減,-0.01,-0.5499999999999999,↘️ 微減,-0.01,-0.08999999999999998,↘️ 微減,-0.01,-0.06,↘️ 微減,-0.19,0.010000000000000009,,,,,,14.0,0,0.0,🔄 持平,-1.8,0.0,➖ 持平,7,4,309.0
1437,勤益控,其他業,09/17,32.45,0.62,147.0,4.77,7.53,131.0,4.21,⏸️ 平量滯漲 (拋壓增大，高位見頂),-34.478021978021985,1.13,,,,8.80,,,,,,🔄 持平 (0%),,,,🌐 外資週連買(3)-🌱 週線發動,,,,,,,,0.0,-22.1,,,,,,,,,,,,,,,,,,,,,,,↗️ 微增,0.04,1.03,↗️ 微增,0.04,0.98,↗️ 微增,0.04,0.29000000000000004,↗️ 微增,0.04,-0.07000000000000003,雙引擎,,,,,2.33,0,0.0,🔄 持平,0.0,0.0,➖ 持平,9,4,169.0
1438,三地開發,建材營造業,09/17,21.4,0.71,32.0,0.68,8.26,33.0,0.7,⏸️ 平量滯漲 (拋壓增大，高位見頂),-38.738738738738746,0.97,,,,0.50,,,,,,🔄 持平 (0%),,,,,,,,,,,,-0.91,-22.1,,,,,,,,,,,,,,,,,,,,,,,↗️ 微增,0.06,0.26,↗️ 微增,0.06,0.26,↗️ 微增,0.05,0.26,↗️ 微增,0.05,-0.15999999999999998,雙引擎,,,,,7.56,0,0.0,🔄 持平,0.0,0.0,➖ 持平,3,4,148.0
1439,雋揚,建材營造業,09/17,28.55,1.6,10.0,0.29,9.27,19.0,0.53,📈 價升量縮 (量價背離，下方承接看拉高),-32.55813953488372,0.55,,-1.39,,1.40,📉 下降,,,,,🔄 持平 (0%),,,,,,,,,,,,,,,,,,,,,,,,,,,,,,,,,,,,↗️ 微增,0.07,2.47,↗️ 微增,0.07,1.3600000000000003,↗️ 微增,0.07,1.4200000000000002,↗️ 微增,0.07,0.91,雙引擎 | 長短線,,,,,5.95,0,0.0,🔄 持平,-4.45,0.0,➖ 持平,1,4,315.0
1440,南紡,紡織纖維,09/17,13.45,4.26,2745.0,36.6,448.0,2729.0,36.62,✈️ 平量大漲 (一致看漲無拋壓，加速上漲),13.312693498452033,1.0,,0.0,,7.80,🔄 持平,,,,,,🔄 持平 (0%),,💤 籌碼沉澱中,🌐 外資週連買(7)-🚀 趨勢加溫,,,-1.86,-7.23,-98.0,-404.0,-131.8,,,,,,1000.0,57.1,,,,,,,,,,,15.0,294.0,20.2,,,,,↘️ 微減,-0.04,0.65,↘️ 微減,-0.14,0.5,↘️ 微減,-0.2,0.44,↘️ 微減,-0.06,0.64,,,,,,17.8,0,0.0,🔄 持平,0.0,0.0,➖ 持平,1,4,2807.0
1441,大東,紡織纖維,,,,,,,,,,,,,,,0.00,,,,,,,,,,,,,,,,,,,,,,,,,,,,,,,,,,,,,,,,,,🔄 持平,0.0,0.0,🔄 持平,-0.0,0.0,🔄 持平,-0.0,0.0,🔄 持平,-0.0,0.0,,,,,,32.1,0,0.0,🔄 持平,-3.8,0.0,➖ 持平,0,4,65.0
1442,名軒,建材營造業,09/17,30.9,2.15,417.0,12.8,18.0,352.0,10.61,⚖️ 溫和震盪整理,-47.755102040816325,1.21,,,,8.70,,,,,,🔥 強延續 (62.1%),,,,🌐 外資日連買(3)-🆕 試單觀察 | 🌐 外資週連買(5)-🚀 趨勢加溫,🔼 進駐,,,,,,,,,,,,,,,,,,,,,,,,,,,,,,,↘️ 微減,-0.26,0.22000000000000003,↘️ 微減,-0.05,0.69,↗️ 微增,0.12,0.49,↗️ 微增,0.16,0.45999999999999996,,,,,,4.23,0,0.0,🔄 持平,0.0,0.0,➖ 持平,3,4,536.0
1443,立益物流,其他業,09/17,23.35,1.3,16.0,0.36,11.5,14.0,0.34,⏸️ 平量滯漲 (拋壓增大，高位見頂),79.99999999999999,1.06,,,,0.40,,,,,,🔄 持平 (0%),,,,🌐 外資日連買(2)-🆕 試單觀察,,,,,,,,,,,,,,,,,,,,,,,,,,,,,,,,🔄 持平,0.0,1.56,↗️ 微增,0.01,-0.41000000000000003,↗️ 微增,0.01,0.05,↗️ 微增,0.01,0.05,,,,,,21.2,3.48,0.0,🔄 持平,0.1,-5.23,🌟 遽減,2,2,30.0
1444,力麗,紡織纖維,09/17,7.01,4.78,1795.0,12.4,,1794.0,12.38,✈️ 平量大漲 (一致看漲無拋壓，加速上漲),211.55778894472363,1.0,,,,5.20,,,,,,,,,,,,,,,,,,,,,,,50.0,200.0,3.0,6.0,2.1,0.77,-4.25,6.25,30.7,,,,105.0,419.0,73.6,,,,,↗️ 微增,0.03,-1.3877787807814457e-17,↗️ 微增,0.02,0.06999999999999999,↗️ 微增,0.03,0.22000000000000003,↗️ 微增,0.04,0.24,雙引擎,,,,,20.0,0,0.0,🔄 持平,0.0,0.0,➖ 持平,2,3,2490.0
1445,大宇,紡織纖維,09/17,10.0,-1.48,146.0,1.47,,166.0,1.7,⏸️ 平量滯漲 (拋壓增大，高位見頂),-48.958333333333336,0.86,,0.0,,3.50,🔄 持平,,,,,🔄 持平 (0%),,💤 籌碼沉澱中,,🌐 外資日連買(2)-🆕 試單觀察 | 🌐 外資週連買(10)-👑 長線主控,,,,,,,,,,,,,,,,,,,,,,,,,,,,,,,,↘️ 微減,-0.06,-0.47000000000000003,↘️ 微減,-0.06,-0.47000000000000003,↘️ 微減,-0.05,-0.49000000000000005,↘️ 微減,-0.04,0.64,,,,,,31.5,0,0.0,🔄 持平,4.4,0.0,➖ 持平,2,4,273.0
1446,宏和,紡織纖維,09/17,13.55,1.5,251.0,3.39,14.4,119.0,1.59,⚠️ 放量滯漲 (拋壓增大，即將見頂反轉),79.36507936507937,2.13,,,,5.70,,,,,,,,,,,,,,,,,,,,,,,,,,,,,,,,,,,,,,,,,,🔄 持平,0.0,0.76,🔄 持平,-0.0,0.11,🔄 持平,-0.0,0.11,🔄 持平,-0.0,0.73,,,,,,9.41,0,0.0,🔄 持平,0.0,0.0,➖ 持平,3,3,224.0
1447,力鵬,紡織纖維,09/17,6.63,4.91,1161.0,7.6,,939.0,6.16,✈️ 平量大漲 (一致看漲無拋壓，加速上漲),96.89119170984455,1.23,,,,3.10,,,,,,,,,,🌐 外資週連買(2)-🌱 週線發動,,,,,,,,,,,,,,,,,,,,,,,,,,,,,,,,↗️ 微增,0.09,0.05000000000000002,↗️ 微增,0.09,0.04999999999999999,↗️ 微增,0.09,-0.08,↗️ 微增,0.05,0.14000000000000004,雙引擎 | 長短線,,,,,27.4,0,0.0,🔄 持平,1.8,0.0,➖ 持平,4,4,1247.0
1449,佳和,紡織纖維,09/17,12.3,2.07,611.0,7.61,,330.0,4.06,⚖️ 溫和震盪整理,169.85815602836882,1.87,🟡20日,0.040000000000000036,6.95,7.00,📈 上升,,0.6800000000000006,,,🔄 持平 (0%),,💤 籌碼沉澱中,,🌐 外資週連買(5)-🚀 趨勢加溫,,,,,,,,,,,,,0.0,40.0,,,,,,,,-17.0,143.0,-20.9,,,,,,,,↘️ 微減,-0.02,0.24999999999999997,↘️ 微減,-0.02,0.24999999999999997,↘️ 微減,-0.02,-0.22000000000000003,↘️ 微減,-0.03,0.14,,,,,,9.55,0,0.0,🔄 持平,-0.01,0.0,➖ 持平,2,4,614.0
1451,年興,紡織纖維,09/17,17.1,0.29,95.0,1.62,11.3,93.0,1.57,⏸️ 平量滯漲 (拋壓增大，高位見頂),350.0000000000001,1.03,,,,5.50,,,,,,🔄 持平 (0%),,,,,,,,,,,,,,,,,,,,,,,,,,,,,,,,,,,,🔄 持平,0.0,0.04,🔄 持平,-0.0,0.04,↗️ 微增,0.31,0.31,↗️ 微增,0.01,-0.07,,,,,,19.3,0,0.0,🔄 持平,0.0,0.0,➖ 持平,4,4,193.0
1452,宏益,紡織纖維,09/17,10.8,-0.46,153.0,1.66,,107.0,1.14,⏸️ 平量滯漲 (拋壓增大，高位見頂),-31.12033195020748,1.46,,,,1.60,,,,,,,,,,,,,,,,,,,,,,,,,,,,18.7,19.8,,,,,,,,,,,,,↗️ 微增,0.22,0.84,↗️ 微增,0.22,0.11999999999999998,↗️ 微增,0.2,0.6599999999999999,↗️ 微增,0.2,0.7,雙引擎 | 長短線,,,,,8.21,0,0.0,🔄 持平,0.0,0.0,➖ 持平,6,4,763.0
1453,大將,建材營造業,09/17,10.95,0.92,16.0,0.17,15.6,25.0,0.27,⚖️ 溫和震盪整理,-65.3061224489796,0.63,,,,0.70,,,,,,🔄 持平 (0%),,,,,,,,,,,,,,,,,,,,,,,,,,,,,,,,,,,,🔄 持平,0.0,0.0,🔄 持平,-0.0,0.0,🔄 持平,-0.0,0.0,🔄 持平,-0.0,0.02,,,,,,19.7,0,0.0,🔄 持平,0.0,0.0,➖ 持平,1,4,54.0
1454,台富,紡織纖維,09/17,12.6,0.0,29.0,0.37,,39.0,0.48,⏸️ 平量滯漲 (拋壓增大，高位見頂),-17.777777777777782,0.77,,,,0.50,,,,,,🔄 持平 (0%),,,,🌐 外資日連買(2)-🆕 試單觀察 | 🌐 外資週連買(2)-🌱 週線發動,,,,,,,,,,,,,,,,,,,,,,,,,,,,,,,,↘️ 微減,-0.13,-0.22000000000000003,📈 小增,0.56,0.47000000000000003,↘️ 微減,-0.06,-0.11,↘️ 微減,-0.06,-0.11,,,,,,29.9,0,0.0,🔄 持平,0.0,0.0,➖ 持平,5,4,188.0
1455,集盛,紡織纖維,09/17,9.89,3.89,963.0,9.43,18.7,902.0,8.87,⚖️ 溫和震盪整理,106.7982456140351,1.06,🟡20日,0.10999999999999988,4.074716605241589,3.70,📈 上升,,0.5699999999999998,,,🔄 持平 (0%),,💤 籌碼沉澱中,,🌐 外資週連買(6)-🚀 趨勢加溫,,,,,,,,,,,,,,,,,,,,,,,,,,,,,,,,📈 小增,0.51,0.79,↗️ 微增,0.33,0.27999999999999997,↗️ 微增,0.41,0.5199999999999999,↗️ 微增,0.04,0.08000000000000002,雙引擎 | 長短線,,,,,16.9,0,0.0,🔄 持平,0.5,0.0,➖ 持平,2,4,1711.0
1456,怡華,建材營造業,09/17,13.9,0.0,138.0,1.94,4.81,223.0,3.17,⚖️ 溫和震盪整理,-10.185185185185198,0.61,,,,0.70,,,,,,,,,,,,,,,,,,,,,,,,,,,,,,6.49,8.24,,,,,,,,,,,↘️ 微減,-0.35,-0.15000000000000002,↘️ 微減,-0.35,-0.16999999999999998,↘️ 微減,-0.35,-0.09999999999999998,↘️ 微減,-0.35,-0.09999999999999998,,,,,,47.0,0,-0.1,🚨 減/大減,-0.6,0.0,➖ 持平,3,3,314.0
1457,宜進,紡織纖維,09/17,14.45,1.05,112.0,1.62,10.6,89.0,1.28,⏸️ 平量滯漲 (拋壓增大，高位見頂),33.88429752066118,1.27,,,,1.80,,,,,,,,,,,,,,,,,,,,,,,,,,,,,,,,,,,,,,,,,,↘️ 微減,-0.01,-0.02,↘️ 微減,-0.01,-0.02,↗️ 微增,0.01,0.21,↗️ 微增,0.01,0.19999999999999998,,,,,,9.42,0,0.0,🔄 持平,0.0,0.0,➖ 持平,5,4,671.0
1459,聯發,紡織纖維,09/17,15.75,1.29,131.0,2.03,7.95,129.0,2.0,⏸️ 平量滯漲 (拋壓增大，高位見頂),-25.912408759124105,1.01,,,,2.00,,,,,,🔄 持平 (0%),,,,🌐 外資日連買(2)-🆕 試單觀察,,,,,,,,,,,,,,,,,,,,,,,,,,,,,,,,↗️ 微增,0.1,-1.51,↗️ 微增,0.1,-2.26,↗️ 微增,0.09,-1.59,↘️ 微減,-0.11,-1.75,,,,,,18.5,36.4,5.0,🔥 大增,1.0,-1.1,✅ 大減,3,4,1634.0
1460,宏遠,紡織纖維,09/17,6.38,2.08,236.0,1.5,,211.0,1.35,⚖️ 溫和震盪整理,-3.8461538461538547,1.11,,,,1.90,,,,,,,,,,,,,,,,,,,,,,,,,,,,,,,,,,,,,,,,,,🔄 持平,0.0,0.0,↗️ 微增,0.23,0.15,↗️ 微增,0.01,0.039999999999999994,↗️ 微增,0.01,0.05,,,,,,26.9,0.45,0.0,🔄 持平,0.0,0.0,➖ 持平,4,4,486.0
1463,強盛新,紡織纖維,09/17,17.45,-1.69,24.0,0.42,,154.0,2.67,📉 縮量小跌 (主力洗盤止跌，擇機進場),-89.55223880597015,0.16,,-12.26,,12.30,📉 下降,,,,,⚠️ 趨緩 (16.5%),,🔄 今日量縮持平,,🌐 外資日連買(5)-⚡ 買盤點火 | 🌐 外資週連買(6)-🚀 趨勢加溫,,,0.23,-12.3,,,,,,,,,,,,,,,,,,,,,,,,,,,,↘️ 微減,-0.07,0.13,↘️ 微減,-0.07,0.13,↘️ 微減,-0.07,0.13,↘️ 微減,-0.06,0.38,,,,,,17.5,27.4,0.1,📈 增,1.5,-0.1,↘️ 微減,1,4,708.0
1464,得力,紡織纖維,09/17,9.94,0.3,371.0,3.68,12.1,405.0,4.03,⏸️ 平量滯漲 (拋壓增大，高位見頂),-34.75177304964539,0.91,,,,1.90,,,,,,🔄 持平 (0%),,,,,,,,,,,,0.0,-18.2,0.0,-257.0,0.0,,,,,,,,,,,,,,,,,,,,🔄 持平,0.0,0.08,↘️ 微減,-0.16,-0.31,↗️ 微增,0.15,0.2799999999999999,↗️ 微增,0.01,0.5700000000000001,,,,,,10.1,73.1,0.0,🔄 持平,0.72,0.0,➖ 持平,2,4,349.0
1465,偉全,紡織纖維,09/17,11.55,-1.28,496.0,5.8,20.3,221.0,2.6,⚠️ 放量滯漲 (拋壓增大，即將見頂反轉),139.6694214876033,2.23,,,,0.70,,,,,,,,,,🌐 外資日連買(2)-🆕 試單觀察,,,,,,,,,,,,,,,,,,,,,,,,,,,,,,,,↘️ 微減,-0.01,-0.01,↗️ 微增,0.09,0.029999999999999916,↗️ 微增,0.09,-1.35,↘️ 微減,-0.3,-0.24,,,,,,21.3,0,0.0,🔄 持平,0.0,0.0,➖ 持平,2,4,200.0
1466,聚隆,紡織纖維,09/17,14.95,0.67,300.0,4.46,,227.0,3.36,⏸️ 平量滯漲 (拋壓增大，高位見頂),34.743202416918415,1.33,,,,0.80,,,,,,,,,,,,,,,,,,,,,,,0.0,550.0,0.0,11.0,0.0,,,,,,,,,,,,,,,🔄 持平,0.0,0.3,🔄 持平,-0.0,-0.42,↗️ 微增,0.02,0.85,↘️ 微減,-0.34,0.9099999999999999,,,,,,24.2,18.4,0.0,🔄 持平,0.2,0.0,➖ 持平,2,4,315.0
1467,南緯,紡織纖維,09/17,8.14,2.13,167.0,1.36,32.6,183.0,1.48,⚖️ 溫和震盪整理,24.770642201834868,0.92,,0.0,,19.40,🔄 持平,,,,,,,,,🌐 外資日連買(2)-🆕 試單觀察,,,,,,,,,,,,,,,,,,,,,,,,,,,,,,,,↗️ 微增,0.01,0.0,↗️ 微增,0.01,0.010000000000000002,↗️ 微增,0.01,0.6000000000000001,↗️ 微增,0.04,0.19000000000000003,雙引擎,,,,,34.2,3.75,0.0,🔄 持平,0.0,0.0,➖ 持平,4,4,75.0
1468,昶和,紡織纖維,09/17,13.1,1.95,78.0,1.0,14.9,52.0,0.67,⚖️ 溫和震盪整理,72.41379310344828,1.49,,,,2.20,,,,,,🔄 持平 (0%),,,,🌐 外資週連買(2)-🌱 週線發動,,,,,,,,,,,,,,,,,,,,,,,,,,,,,,,,🔄 持平,0.0,0.0,🔄 持平,-0.0,0.0,🔄 持平,-0.0,0.41000000000000003,↘️ 微減,-0.01,0.05,,,,,,30.3,0,0.0,🔄 持平,0.0,0.0,➖ 持平,1,2,232.0
1470,大統新創,紡織纖維,09/17,24.25,1.89,37.0,0.9,18.8,24.0,0.57,⚖️ 溫和震盪整理,-16.666666666666675,1.58,,,,0.40,,,,,,🔄 持平 (0%),,,,🌐 外資日連買(2)-🆕 試單觀察,,,,,,,,,,,,,,,,,,,,,,,,,,,,,,,,🔄 持平,0.0,0.06999999999999999,🔄 持平,-0.0,0.1,🔄 持平,-0.0,0.1,🔄 持平,-0.0,-0.49,,,,,,12.3,0,0.0,🔄 持平,-1.5,0.0,➖ 持平,2,4,190.0
1471,首利,電子零組件業,09/17,9.35,0.54,223.0,2.1,44.5,212.0,2.02,⏸️ 平量滯漲 (拋壓增大，高位見頂),28.04878048780488,1.04,,,,0.70,,,,,,,,,,,,,,,,,,,,,,,,,,,,,,,,,,,,,,,,,,↗️ 微增,0.02,0.009999999999999998,↗️ 微增,0.02,0.009999999999999998,↗️ 微增,0.43,0.020000000000000004,↗️ 微增,0.33,-0.29999999999999993,雙引擎,,,,,12.7,0,0.0,🔄 持平,0.0,0.0,➖ 持平,2,4,533.0
1472,三洋實業,建材營造業,09/17,87.5,-0.34,15.0,1.28,13.7,13.0,1.17,⏸️ 平量滯漲 (拋壓增大，高位見頂),-41.81818181818182,1.09,,,,0.90,,,,,,🔄 持平 (0%),,,,,,⚠️ 初危,,,,,,0.0,-8.29,,,,,,,,,,,,,,,,,,,,,,,↘️ 微減,-0.37,-0.37,↘️ 微減,-0.38,-0.38,↘️ 微減,-0.41,2.2199999999999998,↘️ 微減,-0.43,0.9100000000000001,,,,,,41.7,0,0.0,🔄 持平,8.7,0.0,➖ 持平,2,2,167.0
1473,台南,紡織纖維,09/17,19.8,1.02,18.0,0.36,56.6,58.0,1.15,⚖️ 溫和震盪整理,-70.0,0.31,,,,5.10,,,,,,🔄 持平 (0%),,,,,,,,,,,,0.46,-34.6,2.0,-233.0,4.0,,,,,,,,,,,,,,,,,,,,↗️ 微增,0.13,0.13,📈 小增,0.67,0.67,↗️ 微增,0.16,0.64,↗️ 微增,0.43,0.6000000000000001,雙引擎 | 長短線,,,,,20.9,14.7,0.0,🔄 持平,-0.9,0.0,➖ 持平,2,4,61.0
1474,弘裕,紡織纖維,09/17,10.05,2.24,443.0,4.52,38.7,144.0,1.45,⚖️ 溫和震盪整理,494.7368421052631,3.12,,,,0.60,,,,,,,,,,,,,-3.26,-7.55,-95.0,-230.0,-95.5,,,,,,,,,,,,,,,,,,,,,,,,,↗️ 微增,0.04,0.27,↗️ 微增,0.04,0.27,↗️ 微增,0.04,0.27,↗️ 微增,0.04,-0.51,雙引擎,,,,,18.7,0,0.0,🔄 持平,0.0,0.0,➖ 持平,3,4,324.0
1475,業旺,紡織纖維,09/17,26.05,0.58,22.0,0.56,6.68,29.0,0.74,⏸️ 平量滯漲 (拋壓增大，高位見頂),51.35135135135136,0.76,,,,0.60,,,,,,🔄 持平 (0%),,,,,,,,,,,,,,,,,,,,,,,,,,,,,,,,,,,,🔄 持平,0.0,0.01,🔄 持平,-0.0,0.01,🔄 持平,-0.0,0.01,🔄 持平,-0.0,0.01,,,,,,47.8,0,0.0,🔄 持平,0.0,0.0,➖ 持平,4,3,68.0
1476,儒鴻,紡織纖維,09/17,284.0,0.0,1077.0,306.0,11.8,946.0,270.0,⏸️ 平量滯漲 (拋壓增大，高位見頂),-0.649350649350644,1.13,,0.0,,28.20,🔄 持平,,,,,,🔥 強延續 (4.92%),,🔥 持續加碼 (0.02%),🏦 投信日連買(15)-🔥 波段認養 | 🏦 投信週連買(8)-🚀 趨勢加溫,,,,,,,,,,,,,,,,,,,,5.33,7.17,,,,,,,,,3355.0,4436.0,⚠️ 大減,-1.27,-2.7499999999999996,🚨 劇減,-1.9,-3.7099999999999995,🚨 劇減,-2.09,-3.9000000000000004,⚠️ 大減,-1.2,-1.9199999999999997,,,,,,11.1,0,0.0,🔄 持平,0.0,0.0,➖ 持平,3,4,496.0
1477,聚陽,紡織纖維,09/17,194.0,1.57,1369.0,266.0,13.2,1102.0,212.8,⚖️ 溫和震盪整理,-28.301886792452834,1.25,,0.0,,14.90,🔄 持平,,,,,,🚨 劇烈倒貨 (-9.24%),,🚨 轉賣反轉 (-0.05%),🏦 投信週連買(2)-🌱 週線發動,,,,,,,,,,,,,,,,,,,,2.86,7.2,,,,244.0,590.0,4733.6,,,4742.0,11325.0,↗️ 微增,0.41,-2.95,🔥 大增,1.11,-3.36,📈 小增,0.69,-3.4499999999999997,↗️ 微增,0.42,-3.9300000000000006,雙引擎,,,,,9.39,3.84,0.0,🔄 持平,1.94,-0.22,↘️ 微減,3,4,2142.0
1503,士電,電機機械,09/17,197.5,1.02,795.0,157.0,27.2,1170.0,232.4,⚖️ 溫和震盪整理,21.705426356589143,0.68,,0.0,,30.60,🔄 持平,,,,,🔄 持平 (0%),📉 調節洗盤 (-0.13%),💤 籌碼沉澱中,💤 籌碼沉澱中,🏦 投信週連買(4)-🌱 週線發動,,,,,,,,,,,,,-11.1,23.1,,,,,,,,,,,,,,,,,,↗️ 微增,0.26,-0.11999999999999994,↗️ 微增,0.1,-0.26999999999999996,↗️ 微增,0.06,-0.15,↗️ 微增,0.42,0.20999999999999996,雙引擎,,,,,26.7,0,0.0,🔄 持平,0.0,0.0,➖ 持平,8,4,470.0
1504,東元,電機機械,09/17,70.9,1.0,4234.0,299.0,25.7,5239.0,367.8,⏸️ 平量滯漲 (拋壓增大，高位見頂),-21.52230971128609,0.81,,0.0,,7.40,🔄 持平,,,,,,⚠️ 趨緩 (0.73%),,🔄 今日量縮持平,🏦 投信日連買(2)-🆕 試單觀察 | 🏦 投信週連買(2)-🌱 週線發動,,,,,,,,,,452.0,-857.0,3204.7,,,,,,2.56,2.55,,,703.0,700.0,4984.3,,,,3187.0,-5988.0,,,↗️ 微增,0.1,1.22,↗️ 微增,0.02,1.19,↗️ 微增,0.12,1.28,↗️ 微增,0.06,1.4299999999999997,雙引擎 | 長短線,,,,,5.57,35.6,0.0,🔄 持平,0.0,0.0,➖ 持平,3,3,1851.0
1506,正道,電機機械,09/17,9.8,0.31,72.0,0.71,196.0,169.0,1.68,⚖️ 溫和震盪整理,20.338983050847446,0.42,,,,0.80,,,,,,,,,,,,,,,,,,,,,,,,,,,,,,,,,,,,,,,,,,🔄 持平,0.0,0.01,↘️ 微減,-0.01,-0.26999999999999996,↘️ 微減,-0.05,-0.039999999999999994,↗️ 微增,0.11,-0.029999999999999985,,,,,,30.4,0,0.0,🔄 持平,0.0,0.0,➖ 持平,2,4,570.0
1512,瑞利,汽車工業,09/17,6.19,0.16,69.0,0.42,34.4,46.0,0.28,⚠️ 放量滯漲 (拋壓增大，即將見頂反轉),-2.3255813953488413,1.5,,,,5.50,,,,,,,,,,,,,,,,,,,,,,,,,,,,,,,,,,,,,,,,,,🔄 持平,0.0,0.12000000000000001,🔄 持平,-0.0,0.12000000000000001,🔄 持平,-0.0,0.12000000000000001,🔄 持平,-0.0,0.12000000000000001,,,,,,13.9,0,0.0,🔄 持平,0.0,0.0,➖ 持平,4,4,169.0
1513,中興電,電機機械,09/17,165.0,1.54,1750.0,289.0,18.6,1439.0,236.0,⚖️ 溫和震盪整理,20.41666666666666,1.22,🔴5日 🟡20日 🟢60日,0.17348033242623728,18.750457675158408,12.90,🪜 階梯吸籌 | 📈 上升 | 🚀 衝進🟡20日榜單,0.6048716713000069,0.5822600318340321,3.4822479870134018,,🔄 持平 (0%),🔥 強延續 (24.0%),💤 籌碼沉澱中,🔥 持續加碼 (0.08%),🌐 外資日連買(2)-🆕 試單觀察 | 🌐 外資週連買(2)-🌱 週線發動,,,,,,,,,,-119.0,-509.0,-1963.5,,,,,,,,,,,,,,,,-1962.0,-8419.0,,,📈 小增,0.92,2.75,📈 小增,0.72,3.0600000000000005,📈 小增,0.81,3.57,📈 小增,0.76,3.1,雙引擎 | 長短線,,,,,10.6,22.9,0.0,🔄 持平,0.0,0.0,➖ 持平,5,4,1991.0
1514,亞力,電機機械,09/17,101.0,1.2,758.0,76.5,27.6,833.0,83.52,⏸️ 平量滯漲 (拋壓增大，高位見頂),-27.830188679245282,0.92,,0.0,,12.70,🔄 持平,,,,,🔄 持平 (0%),🚨 劇烈倒貨 (-0.09%),💤 籌碼沉澱中,💤 籌碼沉澱中,🌐 外資週連買(2)-🌱 週線發動 | 🏦 投信週連買(4)-🌱 週線發動,,,,,-26.0,-211.0,-262.6,,,-128.0,-113.0,-1292.8,,,,,,,,,,,,,,,,-1292.0,-1152.0,,,↗️ 微增,0.2,0.91,📈 小增,0.5,1.45,📈 小增,0.55,1.31,↗️ 微增,0.02,0.5700000000000001,雙引擎 | 長短線,,,,,12.3,11.4,0.0,🔄 持平,-0.7,3.64,⚠️ 大增,4,3,662.0
1515,力山,電機機械,09/17,29.3,0.17,549.0,16.1,19.4,820.0,24.66,⚖️ 溫和震盪整理,45.04504504504507,0.65,,0.0,,2.40,🔄 持平,,,,,,,,,🌐 外資日連買(2)-🆕 試單觀察,,,,,,,,,,,,,,,,,,,,,,,,,103.0,197.0,301.8,,,,,🔄 持平,0.0,-1.17,🔄 持平,-0.0,-2.1100000000000003,🔄 持平,-0.0,-2.4299999999999997,↗️ 微增,0.18,-2.4999999999999996,,,,,,16.5,0,0.0,🔄 持平,0.0,0.0,➖ 持平,3,3,325.0
1516,川飛,其他業,09/17,13.35,-7.93,149.0,2.02,1335.0,303.0,3.87,☠️ 縮量大跌 (一致看空無承接，加速下跌),1583.3333333333335,0.52,,,,5.40,,,,,,,,,,,,,,,,,,,,,,,,,,,,,,,,,,,,,,,,,,🔄 持平,0.0,0.0,🔄 持平,-0.0,0.0,🔄 持平,-0.0,0.0,🔄 持平,-0.0,0.0,,,,,,13.8,0,0.0,🔄 持平,0.0,0.0,➖ 持平,1,4,40.0
1517,利奇,電機機械,09/17,10.5,0.96,201.0,2.11,,255.0,2.7,⏸️ 平量滯漲 (拋壓增大，高位見頂),0.9569377990430672,0.78,,0.0,,2.00,🔄 持平,,,,,,,,,🌐 外資日連買(4)-🆕 試單觀察,,,,,,,,,,,,,,,,,,,,,,,,,,,,,,,,↘️ 微減,-0.01,0.4699999999999999,↘️ 微減,-0.38,-0.35,↗️ 微增,0.01,-0.16999999999999998,↗️ 微增,0.02,-0.15000000000000005,,,,,,10.2,0,0.0,🔄 持平,-0.7,0.0,➖ 持平,4,4,453.0
1519,華城,電機機械,09/17,705.0,-0.14,618.0,438.0,46.1,1052.0,741.8,⚖️ 溫和震盪整理,-17.514124293785315,0.59,,0.0,,18.20,🔄 持平,,,,,,⚠️ 趨緩 (0.49%),💤 籌碼沉澱中,🔄 今日量縮持平,🏦 投信日連買(2)-🆕 試單觀察 | 🌐 外資週連買(2)-🌱 週線發動 | 🏦 投信週連買(6)-🚀 趨勢加溫,,,-0.33,-14.8,-11.0,-581.0,-775.5,,,-61.0,-306.0,-4300.5,-2.7,22.0,-2.0,13.0,-141.0,,,,,,,,,,,-4320.0,-21681.0,,,↗️ 微增,0.3,2.8899999999999997,↗️ 微增,0.09,2.94,📈 小增,0.5,1.5399999999999998,↗️ 微增,0.19,1.3399999999999999,雙引擎 | 長短線,,,,,13.0,3.09,0.0,🔄 持平,-2.4,0.91,↗️ 微增,5,4,831.0
1521,大億,汽車工業,09/17,25.15,0.0,16.0,0.4,15.9,20.0,0.49,⏸️ 平量滯漲 (拋壓增大，高位見頂),-42.02898550724636,0.82,,0.0,,33.10,🔄 持平,,,,,🔄 持平 (0%),,,,,,,,,,,,,,,,,,,,,,,,,,,,,,,,,,,,🔄 持平,0.0,0.39,🔄 持平,-0.0,0.39,🔄 持平,-0.0,0.39,🔄 持平,-0.0,0.39,,,,,,59.8,45.6,0.0,🔄 持平,0.0,0.6,↗️ 微增,1,4,20.0
1522,堤維西,汽車工業,09/17,25.85,3.19,390.0,10.0,30.1,543.0,13.93,⚖️ 溫和震盪整理,-34.210526315789465,0.72,,,,2.50,,,,,,,,,,,,,,,,,,,,,,,,,,,,,,,,,,,-13.0,303.0,-33.6,,,,,↗️ 微增,0.02,0.06999999999999999,↘️ 微減,-0.24,0.3400000000000001,🔄 持平,-0.0,-1.33,🔄 持平,-0.0,-1.33,,,,,,7.68,0,0.02,↗️ 微增,0.02,0.0,➖ 持平,4,4,681.0
1524,耿鼎,汽車工業,09/17,25.95,0.78,256.0,6.65,12.8,227.0,5.92,⏸️ 平量滯漲 (拋壓增大，高位見頂),22.018348623853214,1.12,🔴5日,0.040000000000000036,2.05,2.00,📈 上升,0.21999999999999975,,,,🔥 強延續 (45.9%),,💤 籌碼沉澱中,,🌐 外資日連買(2)-🆕 試單觀察 | 🌐 外資週連買(8)-🚀 趨勢加溫,🔼 進駐,,,,,,,,,-55.0,-355.0,-142.7,,,,,,,,,,,,,,,,-143.0,-920.0,,,📈 小增,0.71,0.76,↗️ 微增,0.12,0.76,↗️ 微增,0.12,0.37000000000000005,↗️ 微增,0.09,0.6200000000000001,雙引擎 | 長短線,,,,,26.9,8.57,0.1,📈 增,0.2,-0.01,↘️ 微減,2,4,621.0
1525,江申,汽車工業,09/17,65.0,0.0,1.0,0.07,45.8,3.0,0.17,⚖️ 溫和震盪整理,-78.78787878787878,0.41,,,,0.40,,,,,,🔄 持平 (0%),,,,,,,,,,,,-13.8,-13.8,,,,,,,,,,,,,,,,,,,,,,,↗️ 微增,0.01,0.08,↗️ 微增,0.01,0.08,↗️ 微增,0.01,0.9000000000000001,↗️ 微增,0.01,0.9000000000000001,雙引擎 | 長短線,,,,,76.8,0,0.0,🔄 持平,0.0,0.0,➖ 持平,1,3,57.0
1526,日馳,電機機械,09/17,14.75,0.34,49.0,0.73,,110.0,1.64,⚖️ 溫和震盪整理,-73.45454545454547,0.45,,-3.4,,3.40,📉 下降,,,,,,,,,🌐 外資日連買(2)-🆕 試單觀察 | 🌐 外資週連買(2)-🌱 週線發動,,,,,,,,,,,,,,,,,,,,,,,,,,,,,,,,🔄 持平,0.0,0.0,🔄 持平,-0.0,0.0,🔄 持平,-0.0,0.0,↗️ 微增,0.01,0.7900000000000001,,,,,,28.0,0,0.0,🔄 持平,0.0,0.0,➖ 持平,4,4,141.0
1527,鑽全,電機機械,09/17,32.35,0.15,56.0,1.8,15.3,104.0,3.38,⚖️ 溫和震盪整理,-7.216494845360821,0.53,,,,10.10,,,,,,,,,,,,,-5.0,-8.38,,,,,,,,,,,,,,,,,,,,,,,,,,,,↗️ 微增,0.17,0.67,↗️ 微增,0.17,0.67,↘️ 微減,-0.27,0.24000000000000005,↗️ 微增,0.16,1.3,雙引擎 | 長短線,,,,,14.2,0,0.0,🔄 持平,0.2,0.0,➖ 持平,10,4,923.0
1528,恩德,電機機械,09/17,24.1,-3.41,11822.0,293.0,,17902.0,435.44,📉 縮量小跌 (主力洗盤止跌，擇機進場),-60.136054421768705,0.67,,0.0,,1.10,🔄 持平,,,,,🔄 持平 (0%),,💤 籌碼沉澱中,,,,,,,,,,,,,,,-16.9,1149.0,-94.0,425.0,-226.5,,,1.36,8.16,-69.0,332.0,-166.3,86.0,482.0,207.3,,,,,⚠️ 大減,-1.05,0.0,⚠️ 大減,-1.05,-0.47000000000000003,↘️ 微減,-0.37,0.16,⚠️ 大減,-1.12,-0.3700000000000003,,,,,,6.64,0,0.0,🔄 持平,0.0,0.0,➖ 持平,3,3,601.0
1529,樂事綠能,電機機械,09/17,14.8,0.0,2142.0,31.8,23.9,1370.0,20.34,⚠️ 放量滯漲 (拋壓增大，即將見頂反轉),-44.21052631578948,1.56,🔴5日 🟡20日,0.15999999999999992,1.9418506301215628,1.90,📈 上升,0.6994301792953812,0.5794301792953811,,,⚠️ 趨緩 (18.4%),,🔥 持續加碼 (0.19%),,🌐 外資日連買(4)-🆕 試單觀察,,,,,,,,,,,,,,,,,,-0.46,4.35,,,-15.0,136.0,-22.2,,,,,,,,↗️ 微增,0.08,1.04,↗️ 微增,0.03,0.99,↗️ 微增,0.03,0.52,↗️ 微增,0.03,0.21999999999999997,雙引擎 | 長短線,,,,,12.9,56.3,0.0,🔄 持平,0.6,0.0,➖ 持平,7,4,303.0
1530,亞崴,電機機械,09/17,27.2,0.37,33.0,0.91,14.4,35.0,0.97,⏸️ 平量滯漲 (拋壓增大，高位見頂),-7.14285714285714,0.94,,,,0.70,,,,,,🔄 持平 (0%),,,,🌐 外資日連買(2)-🆕 試單觀察 | 🌐 外資週連買(2)-🌱 週線發動,,,,,,,,,,,,,,,,,,,,,,,,,,,,,,,,🔄 持平,0.0,0.0,🔄 持平,-0.0,0.0,🔄 持平,-0.0,0.0,↗️ 微增,0.46,-0.029999999999999985,,,,,,55.4,8.96,4.6,🔥 大增,4.6,-0.81,↘️ 微減,2,4,38.0
1531,高林股,電機機械,09/17,11.75,1.29,74.0,0.86,49.0,96.0,1.12,⏸️ 平量滯漲 (拋壓增大，高位見頂),-28.925619834710748,0.77,,,,1.20,,,,,,,,,,🌐 外資日連買(2)-🆕 試單觀察,,,,,,,,0.0,-13.0,,,,,,,,,,,,,,,,,,,,,,,↗️ 微增,0.07,0.06000000000000001,↗️ 微增,0.09,0.08,↗️ 微增,0.12,0.52,↗️ 微增,0.12,-0.18000000000000002,雙引擎,,,,,25.2,0,0.0,🔄 持平,0.0,0.0,➖ 持平,8,4,600.0
1532,勤美,電機機械,09/17,22.45,0.67,224.0,5.02,18.7,435.0,9.76,⚖️ 溫和震盪整理,-77.6888888888889,0.51,,,,6.80,,,,,,,,,,,,,,,,,,,,-1.0,-108.0,-2.2,0.0,33.3,,,,,,,,,,,,,,,,,,↘️ 微減,-0.05,-0.03999999999999998,↘️ 微減,-0.26,-0.6900000000000001,↗️ 微增,0.08,-0.19,↗️ 微增,0.04,0.03,,,,,,23.5,29.8,0.1,📈 增,0.8,-0.1,↘️ 微減,8,4,1014.0
1533,車王電,汽車工業,09/17,30.65,1.83,53.0,1.6,11.4,88.0,2.65,📈 價升量縮 (量價背離，下方承接看拉高),-32.48945147679325,0.6,,,,6.20,,,,,,,,,,🌐 外資日連買(2)-🆕 試單觀察,,,,,,,,,,,,,,,,,,,,,,,,,,,,,,,,🔄 持平,0.0,0.0,🔄 持平,-0.0,0.0,🔄 持平,-0.0,0.0,↘️ 微減,-0.02,-0.030000000000000027,,,,,,31.3,0,0.0,🔄 持平,0.0,0.0,➖ 持平,2,4,201.0
1535,中宇,電機機械,09/17,44.9,0.9,55.0,2.47,11.9,57.0,2.57,⏸️ 平量滯漲 (拋壓增大，高位見頂),91.47286821705427,0.96,,,,0.90,,,,,,🔄 持平 (0%),,,,,,,,,,,,,,,,,,,,,,,,,,,,,,,,,,,,↗️ 微增,0.04,0.09999999999999999,↗️ 微增,0.04,0.09999999999999999,↗️ 微增,0.04,0.09999999999999999,↗️ 微增,0.04,0.11,雙引擎 | 長短線,,,,,57.5,0,0.0,🔄 持平,-2.5,0.0,➖ 持平,8,4,249.0
1536,和大,汽車工業,09/17,46.65,0.86,879.0,40.9,,1118.0,52.1,⏸️ 平量滯漲 (拋壓增大，高位見頂),-47.898089171974526,0.79,🟢60日,0.0,5.272675063531532,5.60,📈 上升 | 🔄 洗盤回歸,,,1.4400000000000004,,,,,,,,,,,,,,,,,,,,,,,,,,,,6.0,98.0,28.0,39.0,425.0,181.9,,,181.0,1971.0,📉 小減,-0.97,0.31,📉 小減,-0.68,0.57,↘️ 微減,-0.42,0.99,↘️ 微減,-0.44,0.7000000000000001,,,,,,16.0,39.4,0.0,🔄 持平,4.2,0.0,➖ 持平,11,4,415.0
1537,廣隆,電機機械,09/17,115.5,0.43,54.0,6.21,14.0,53.0,6.06,⏸️ 平量滯漲 (拋壓增大，高位見頂),10.4982206405694,1.02,,,,15.30,,,,,,,,,,,,,,,,,,,,,,,,,,,,,,0.93,7.79,,,,,,,,,,,↗️ 微增,0.09,0.3,↗️ 微增,0.09,-0.75,↗️ 微增,0.09,-0.6900000000000001,↘️ 微減,-0.45,-0.6900000000000001,,,,,,10.5,11.4,0.1,📈 增,0.1,-0.1,↘️ 微減,2,3,117.0
1538,正峰,電機機械,09/17,8.8,0.0,1.0,0.01,,16.0,0.13,⚖️ 溫和震盪整理,0.0,0.08,,,,0.00,,,,,,,,,,,,,,,,,,,,,,,,,,,,,,,,,,,,,,,,,,🔄 持平,0.0,0.0,🔄 持平,-0.0,0.0,🔄 持平,-0.0,0.0,🔄 持平,-0.0,0.0,,,,,,54.7,0,0.0,🔄 持平,0.0,0.0,➖ 持平,2,2,57.0
1539,巨庭,電機機械,09/17,15.55,-0.32,19.0,0.3,18.3,16.0,0.24,⏸️ 平量滯漲 (拋壓增大，高位見頂),30.43478260869563,1.25,,,,1.20,,,,,,,,,,,,,,,,,,,,,,,,,,,,,,,,,,,,,,,,,,↗️ 微增,0.03,0.13,↗️ 微增,0.03,0.13,↗️ 微增,0.03,0.13,↗️ 微增,0.03,-0.49,雙引擎,,,,,14.9,0,0.0,🔄 持平,0.0,0.0,➖ 持平,1,4,67.0
1540,喬福,電機機械,09/17,19.5,0.78,174.0,3.39,16.0,126.0,2.43,⏸️ 平量滯漲 (拋壓增大，高位見頂),152.98507462686567,1.4,🔴5日,0.05999999999999983,1.64,1.60,🪜 階梯吸籌 | 📈 上升,0.20999999999999996,,,,🔥 強延續 (33.3%),,,,🌐 外資日連買(7)-⚡ 買盤點火,🔼 進駐,,,,,,,-0.28,-10.3,-3.0,-121.0,-5.8,0.0,100.0,,,,3.31,2.7,,,,,,,,,,,,,↗️ 微增,0.01,0.01,↗️ 微增,0.03,1.1,↗️ 微增,0.09,-0.47,↘️ 微減,-0.35,-0.56,,,,,,20.2,0,0.0,🔄 持平,-0.7,0.0,➖ 持平,14,4,362.0
1541,錩泰,電機機械,09/17,20.85,0.97,11.0,0.23,7.78,14.0,0.28,⏸️ 平量滯漲 (拋壓增大，高位見頂),35.29411764705881,0.82,,0.0,,10.00,🔄 持平,,,,,🔄 持平 (0%),,,,,,,1.9,-6.14,,,,,,,,,,,,,,,,,,,,,,,,,,,,🔄 持平,0.0,0.0,🔄 持平,-0.0,0.0,🔄 持平,-0.0,0.0,🔄 持平,-0.0,0.0,,,,,,32.0,0,0.0,🔄 持平,0.0,0.0,➖ 持平,1,3,20.0
1558,伸興,電機機械,09/17,110.0,0.46,182.0,20.1,13.7,181.0,19.62,⏸️ 平量滯漲 (拋壓增大，高位見頂),67.5,1.02,,0.0,,7.00,🔄 持平,,,,,,,💤 籌碼沉澱中,,,,,,,,,,,,,,,,,,,,2.52,95.2,,,7.0,139.0,77.0,,,,,,,,🚀 劇增,1.74,2.5300000000000002,↗️ 微增,0.46,2.55,↗️ 微增,0.46,3.5799999999999996,↗️ 微增,0.45,2.9200000000000004,雙引擎 | 長短線,,,,,9.71,0,0.0,🔄 持平,-0.14,0.0,➖ 持平,2,4,1005.0
1560,中砂,電機機械,09/17,815.0,9.99,3170.0,2560.0,68.7,2134.0,1660.0,✈️ 平量大漲 (一致看漲無拋壓，加速上漲),410.9780439121756,1.54,🔴5日 🟡20日 🟢60日 🔵120日,0.3847552973088426,42.90104326045326,39.60,📈 上升,1.0320664884878425,1.4821212628363938,1.782139175181932,7.942121320624949,🔄 持平 (0%),⚠️ 趨緩 (1.64%),🔥 持續加碼 (0.35%),🔥 持續加碼 (0.03%),🏦 投信日連買(2)-🆕 試單觀察 | 🏦 投信週連買(2)-🌱 週線發動,,,1.27,-7.29,,,,,,,,,70.9,309.0,39.0,71.0,3178.5,,,,,,,,,,,-807.0,-634.0,,,↗️ 微增,0.27,1.0699999999999998,↘️ 微減,-0.32,-0.21999999999999997,↗️ 微增,0.13,0.12000000000000005,↗️ 微增,0.15,-0.57,雙引擎,,,,,14.2,0,0.0,🔄 持平,-0.5,0.0,➖ 持平,3,4,1873.0
1563,巧新,汽車工業,09/17,76.2,3.39,696.0,53.1,71.9,530.0,39.86,⚖️ 溫和震盪整理,35.805626598465466,1.33,🔵120日,0.07000000000000028,4.36,4.40,🪜 階梯吸籌 | 📈 上升,,,,2.62,,,,,🌐 外資日連買(3)-🆕 試單觀察,,,-0.15,-12.9,-4.0,-393.0,-30.5,,,,,,600.0,16.7,,,,,,-0.78,70.7,,,,,,,,,,,⚠️ 大減,-1.33,0.3400000000000001,🚨 劇減,-2.93,-1.55,🚨 劇減,-3.21,-1.6800000000000002,🚨 劇減,-3.42,-2.69,,,,,,6.9,35.7,0.0,🔄 持平,0.62,2.3,⚠️ 大增,6,2,505.0
1568,倉佑,汽車工業,09/17,30.35,2.88,466.0,14.2,16.1,377.0,11.07,⚖️ 溫和震盪整理,-18.39080459770115,1.28,🟢60日 🔵120日,0.029999999999999805,3.94,3.90,🪜 階梯吸籌 | ⚠️ 趨緩,,,2.02,2.6399999999999997,,,,,🌐 外資日連買(2)-🆕 試單觀察,,,,,,,,,,,,,-25.0,200.0,,,,,,,,,,,,,,,,,,📈 小增,0.95,1.0099999999999998,↘️ 微減,-0.02,1.01,↘️ 微減,-0.03,0.35,↗️ 微增,0.03,-0.06,雙引擎,,,,,15.8,0,0.0,🔄 持平,0.0,0.0,➖ 持平,2,4,234.0
1582,信錦,電子零組件業,09/17,70.5,0.86,225.0,15.9,22.0,314.0,21.96,⏸️ 平量滯漲 (拋壓增大，高位見頂),-47.868852459016395,0.72,,0.0,,5.00,🔄 持平,,,,,,,,,🌐 外資日連買(2)-🆕 試單觀察,,,,,,,,,,,,,,,,,,,,,,,,,,,,-113.0,-479.0,,,↘️ 微減,-0.01,0.32999999999999996,🔄 持平,-0.0,0.35000000000000003,↗️ 微增,0.05,0.34,↗️ 微增,0.05,0.9700000000000001,,,,,,12.7,0,0.0,🔄 持平,0.0,0.0,➖ 持平,2,4,358.0
1583,程泰,電機機械,09/17,46.3,-1.17,21.0,0.98,10.5,17.0,0.81,⏸️ 平量滯漲 (拋壓增大，高位見頂),-33.333333333333336,1.21,,,,0.40,,,,,,🔄 持平 (0%),,,,,,⚠️ 初危,0.0,-7.25,,,,,,,,,,,,,,,,,,,,,,,,,,,,🔄 持平,0.0,0.0,🔄 持平,-0.0,0.0,🔄 持平,-0.0,0.0,🔄 持平,-0.0,0.0,,,,,,9.97,14.7,0.0,🔄 持平,-0.03,0.0,➖ 持平,3,4,59.0
1587,吉茂,汽車工業,09/17,23.75,1.28,48.0,1.13,113.0,95.0,2.23,⚖️ 溫和震盪整理,-49.09909909909911,0.51,,0.0,,20.70,🔄 持平,,,,,🔄 持平 (0%),,💤 籌碼沉澱中,,🌐 外資日連買(2)-🆕 試單觀察,,,,,,,,-1.4,-7.92,-26.0,-157.0,-61.8,,,,,,,,,,,,,,,,,,,,🔄 持平,0.0,0.01,🔥 大增,1.0,1.01,↗️ 微增,0.03,0.25,↗️ 微增,0.15,0.4999999999999999,,,,,,25.9,15.0,0.0,🔄 持平,0.0,0.0,➖ 持平,2,4,302.0
1590,亞德客-KY,電機機械,09/17,1245.0,0.4,1182.0,1476.0,23.9,835.0,1052.6,⏸️ 平量滯漲 (拋壓增大，高位見頂),28.68352223190933,1.4,,0.0,,80.50,🔄 持平,,,,,,📉 調節洗盤 (-0.09%),,💤 籌碼沉澱中,,,,,,,,,11.3,-12.1,,,,,,,,,-2.26,19.3,,,,,,,,,8246.0,-11583.0,,,📈 小增,0.78,0.82,↗️ 微增,0.35,0.5100000000000001,📈 小增,0.8,0.7000000000000001,↗️ 微增,0.37,0.15999999999999975,雙引擎 | 長短線,0.21,1249.33,1220.0,🚨 跌破防線,3.44,0.87,-0.01,↘️ 微減,-0.34,0.0,➖ 持平,13,3,673.0
1597,直得,電機機械,09/17,138.0,-0.36,1157.0,160.0,67.6,1349.0,189.22,⏸️ 平量滯漲 (拋壓增大，高位見頂),71.85821697099894,0.85,,0.0,,4.80,🔄 持平,,,,,,,💤 籌碼沉澱中,,,,,0.06,-10.9,2.0,-385.0,27.6,,,,,,,,,,,,,,,,,,,,,,,,,↗️ 微增,0.12,0.2200000000000002,🔥 大增,1.07,-1.9100000000000001,🔥 大增,1.25,-1.6100000000000005,🔥 大增,1.14,-2.43,雙引擎,,,,,15.4,23.5,0.0,🔄 持平,0.3,-5.3,🌟 遽減,3,4,520.0
1598,岱宇,運動休閒,09/17,20.3,0.74,95.0,1.91,,116.0,2.38,⏸️ 平量滯漲 (拋壓增大，高位見頂),69.02654867256639,0.8,,0.0,,2.00,🔄 持平,,,,,🔄 持平 (0%),,💤 籌碼沉澱中,,🌐 外資日連買(2)-🆕 試單觀察,,,,,,,,,,,,,,,,,,,,,,,,,,,,,,,,↗️ 微增,0.46,0.47000000000000003,↗️ 微增,0.46,1.02,↗️ 微增,0.36,0.5499999999999999,↗️ 微增,0.35,-2.7755575615628914e-17,雙引擎,,,,,8.78,45.2,0.16,📈 增,-1.19,-0.8,↘️ 微減,2,3,406.0
1603,華電,電器電纜,09/17,30.25,1.34,100.0,3.01,10.8,107.0,3.21,⏸️ 平量滯漲 (拋壓增大，高位見頂),-3.833865814696491,0.94,,0.0,,2.20,🔄 持平,,,,,🔄 持平 (0%),,,,🌐 外資週連買(6)-🚀 趨勢加溫,,,,,,,,-0.15,-9.82,-2.0,-147.0,-6.0,,,,,,,,,,,,,,,,,,,,📈 小增,0.53,0.9600000000000001,↗️ 微增,0.02,0.49,↘️ 微減,-0.39,0.42000000000000004,↘️ 微減,-0.09,0.47000000000000003,,,,,,7.98,0,0.05,↗️ 微增,0.05,0.0,➖ 持平,7,4,242.0
1604,聲寶,電器電纜,09/17,23.5,0.64,189.0,4.43,13.4,218.0,5.1,⏸️ 平量滯漲 (拋壓增大，高位見頂),-28.084415584415588,0.87,,,,8.40,,,,,,,,,,,,,-4.7,-33.3,,,,,,,,,,,,,,,,,,,,,,,,,,,,↗️ 微增,0.27,-0.04999999999999999,↗️ 微增,0.01,-0.28,↗️ 微增,0.2,0.07999999999999999,↗️ 微增,0.2,0.5499999999999999,雙引擎,,,,,6.11,0,0.0,🔄 持平,0.58,0.0,➖ 持平,11,4,1316.0
1605,華新,電器電纜,09/17,37.15,1.09,9491.0,352.0,11.3,11570.0,426.2,⏸️ 平量滯漲 (拋壓增大，高位見頂),-0.8450704225352101,0.83,🟡20日 🟢60日 🔵120日,0.05067699720043706,18.301509902812207,18.30,🪜 階梯吸籌 | ⚠️ 趨緩,,0.606573652077568,2.1546631208447877,4.42804374484569,,⚠️ 趨緩 (0.32%),,🔄 今日量縮持平,🌐 外資日連買(2)-🆕 試單觀察 | 🏦 投信週連買(4)-🌱 週線發動,,,,,,,,,,924.0,-588.0,3432.7,,,,,,,,,,,,,,,,3427.0,-2238.0,,,↗️ 微增,0.04,3.6399999999999997,↗️ 微增,0.02,3.57,↗️ 微增,0.04,3.5999999999999996,↗️ 微增,0.01,3.4099999999999997,雙引擎 | 長短線,,,,,9.93,0,0.01,↗️ 微增,-0.87,0.0,➖ 持平,5,4,15204.0
1608,華榮,電器電纜,09/17,36.1,0.28,1226.0,44.3,3.13,1406.0,50.54,⏸️ 平量滯漲 (拋壓增大，高位見頂),-20.0361010830325,0.88,🟡20日 🟢60日,0.0600000000000005,5.5704245874984535,5.20,🪜 階梯吸籌 | 📈 上升,,0.9092286421359752,1.9684823626291337,,🔄 持平 (0%),🔄 持平 (0%),💤 籌碼沉澱中,💤 籌碼沉澱中,🌐 外資日連買(2)-🆕 試單觀察 | 🌐 外資週連買(2)-🌱 週線發動,,,,,,,,,,,,,,,,,,,,,,,,,,,,,,,,↘️ 微減,-0.11,2.8400000000000003,↗️ 微增,0.04,3.1499999999999995,↘️ 微減,-0.18,2.8300000000000005,↗️ 微增,0.03,3.0199999999999996,,,,,,33.6,0,0.0,🔄 持平,0.0,0.0,➖ 持平,2,4,1377.0
1609,大亞,電器電纜,09/17,37.65,0.94,3791.0,143.0,13.9,2222.0,83.48,⚠️ 放量滯漲 (拋壓增大，即將見頂反轉),157.19424460431654,1.71,🔴5日 🟡20日 🟢60日,0.16000000000000014,13.462106830532973,13.60,🪜 階梯吸籌 | 📈 上升 | 🚀 衝進🔴5日、🟡20日榜單,0.23853885627749172,0.5067560116984353,2.0837687282601838,,🔥 強延續 (33.7%),,🔥 持續加碼 (0.16%),,🌐 外資日連買(3)-🆕 試單觀察 | 🌐 外資週連買(2)-🌱 週線發動,,,,,,,,,,7.0,-2220.0,26.4,,,,,,,,,,,,,,,,26.4,-8352.0,,,↘️ 微減,-0.15,1.0,↗️ 微增,0.3,0.96,↗️ 微增,0.36,1.2999999999999998,↗️ 微增,0.21,0.9700000000000001,,,,,,4.86,35.8,0.0,🔄 持平,0.0,0.0,➖ 持平,12,4,3441.0
1611,中電,電器電纜,09/17,11.5,0.88,375.0,4.31,25.0,445.0,5.13,⏸️ 平量滯漲 (拋壓增大，高位見頂),-48.75148632580262,0.84,,,,9.50,,,,,,,,,,,,,,,,,,,,,,,,,,,,,,2.89,10.6,,,,115.0,391.0,132.2,,,,,↘️ 微減,-0.19,-0.30000000000000004,📉 小減,-0.5,-0.64,↘️ 微減,-0.27,-0.5800000000000001,↘️ 微減,-0.09,-0.63,,,,,,6.14,7.44,0.0,🔄 持平,0.0,0.0,➖ 持平,4,4,225.0
1612,宏泰,電器電纜,09/17,34.95,0.29,1069.0,37.4,8.98,453.0,15.76,⚠️ 放量滯漲 (拋壓增大，即將見頂反轉),383.8292367399741,2.37,,0.0,,15.80,🔄 持平,,,,,🔄 持平 (0%),,💤 籌碼沉澱中,,🌐 外資日連買(2)-🆕 試單觀察 | 🌐 外資週連買(2)-🌱 週線發動,,,,,,,,,,1.0,-293.0,3.5,,,,,,,,,,,,,,,,3.5,-1016.0,,,↗️ 微增,0.04,1.58,↗️ 微增,0.04,1.29,↗️ 微增,0.26,1.49,↗️ 微增,0.08,1.33,雙引擎 | 長短線,,,,,12.6,0,0.0,🔄 持平,0.0,0.0,➖ 持平,4,4,442.0
1614,三洋電,電器電纜,09/17,30.95,0.0,55.0,1.72,24.6,71.0,2.2,⏸️ 平量滯漲 (拋壓增大，高位見頂),-11.340206185567014,0.78,,,,2.30,,,,,,🔄 持平 (0%),,,,🌐 外資日連買(2)-🆕 試單觀察 | 🌐 外資週連買(2)-🌱 週線發動,,,,,,,,,,,,,,,,,,,,,,,,,,,,,,,,↗️ 微增,0.01,0.11,↗️ 微增,0.01,0.42,↗️ 微增,0.25,0.64,↗️ 微增,0.24,0.39,雙引擎 | 長短線,,,,,33.4,13.4,0.0,🔄 持平,0.0,-2.2,✅ 大減,6,4,138.0
1615,大山,電器電纜,09/17,43.1,0.23,87.0,3.76,8.34,68.0,2.95,⏸️ 平量滯漲 (拋壓增大，高位見頂),78.19905213270142,1.27,,,,1.00,,,,,,,,,,🌐 外資日連買(2)-🆕 試單觀察,,,,,,,,-6.53,-13.0,,,,,,,,,0.0,-4.5,,,,,,,,,,,,,↗️ 微增,0.01,0.039999999999999994,↗️ 微增,0.01,0.039999999999999994,↗️ 微增,0.01,0.049999999999999996,↗️ 微增,0.02,0.29000000000000004,雙引擎 | 長短線,,,,,18.4,8.43,-0.2,🚨 減/大減,0.0,0.0,➖ 持平,3,4,143.0
1616,億泰,電器電纜,09/17,18.45,1.1,313.0,5.77,41.9,244.0,4.54,⏸️ 平量滯漲 (拋壓增大，高位見頂),67.24637681159417,1.27,,0.0,,2.00,🔄 持平,,,,,🔄 持平 (0%),,💤 籌碼沉澱中,,🌐 外資週連買(2)-🌱 週線發動,,,,,,,,,,,,,,,,,,,,,,,,,,,,,,,,📈 小增,0.66,0.77,↗️ 微增,0.16,0.76,↗️ 微增,0.16,0.4,↗️ 微增,0.38,0.09000000000000005,雙引擎 | 長短線,,,,,16.9,0,0.0,🔄 持平,6.2,0.0,➖ 持平,8,4,790.0
1617,榮星,電器電纜,09/17,18.45,2.79,294.0,5.4,13.5,241.0,4.3,⚖️ 溫和震盪整理,16.883116883116877,1.26,,0.0,,19.90,🔄 持平,,,,,,,,,🌐 外資日連買(3)-🆕 試單觀察,,,,,,,,-2.26,-7.97,,,,40.0,16.7,,,,,,,,,,,,,,,,,,🔄 持平,0.0,0.01,📈 小增,0.5,0.51,↗️ 微增,0.03,-0.76,↘️ 微減,-0.27,-1.04,,,,,,41.7,25.2,0.0,🔄 持平,-0.3,0.0,➖ 持平,4,3,1051.0
1618,合機,電器電纜,09/17,38.95,1.04,288.0,11.2,8.01,221.0,8.58,⏸️ 平量滯漲 (拋壓增大，高位見頂),71.77914110429448,1.31,,-2.16,,2.20,📉 下降,,,,,🔥 強延續 (49.7%),,💤 籌碼沉澱中,,🌐 外資週連買(4)-🌱 週線發動,🔼 進駐,,,,-74.0,-143.0,-288.2,,,,,,,,,,,,,,,,,,,,,,,,,📈 小增,0.58,-0.06000000000000007,↗️ 微增,0.08,-0.020000000000000136,↗️ 微增,0.08,1.1199999999999999,↗️ 微增,0.3,1.5999999999999999,雙引擎,,,,,35.8,0,0.0,🔄 持平,0.0,0.0,➖ 持平,2,4,568.0
1623,大東電,電器電纜,09/17,204.0,0.49,26.0,5.41,16.3,51.0,10.51,⚖️ 溫和震盪整理,-5.087719298245618,0.51,,0.0,,1.50,🔄 持平,,,,,🔄 持平 (0%),,💤 籌碼沉澱中,,,,,,,,,,,,,,,,,,,,,,,,,,,,,,,,,,🔄 持平,0.0,0.0,🔄 持平,-0.0,0.0,🔄 持平,-0.0,0.0,🔄 持平,-0.0,0.75,,,,,,40.8,0,0.0,🔄 持平,0.0,0.0,➖ 持平,4,4,237.0
1626,艾美特-KY,電器電纜,09/17,9.69,0.21,46.0,0.44,,61.0,0.58,⏸️ 平量滯漲 (拋壓增大，高位見頂),-39.726027397260275,0.76,,0.0,,43.90,🔄 持平,,,,,🔄 持平 (0%),,,,🌐 外資週連買(4)-🌱 週線發動,,,,,,,,-0.18,-11.5,,,,,,,,,,,,,,,,,,,,,,,🔄 持平,0.0,0.06,🔄 持平,-0.0,0.06,↘️ 微減,-0.03,0.030000000000000002,↗️ 微增,0.26,0.039999999999999994,,,,,,7.7,17.3,0.0,🔄 持平,-0.03,-15.8,🌟 遽減,6,4,831.0
1702,南僑,食品工業,09/17,32.7,1.24,119.0,3.86,50.3,118.0,3.82,⏸️ 平量滯漲 (拋壓增大，高位見頂),55.020080321285114,1.01,,,,8.80,,,,,,🔥 強延續 (57.5%),,,,🌐 外資日連買(4)-🆕 試單觀察 | 🌐 外資週連買(5)-🚀 趨勢加溫,🔼 進駐,,,,,,,,,,,,,,,,,,,,,,,,,,,,,,,🔄 持平,0.0,0.11000000000000001,🔄 持平,-0.0,0.11000000000000001,↗️ 微增,0.21,-0.15000000000000002,↗️ 微增,0.12,0.38,,,,,,17.6,0,0.0,🔄 持平,0.0,0.0,➖ 持平,9,4,295.0
1707,葡萄王,生技醫療業,09/17,87.0,0.58,119.0,10.3,11.2,475.0,41.82,⚖️ 溫和震盪整理,-48.756218905472636,0.25,,0.0,,12.70,🔄 持平,,,,,,,,,,,,,,,,,,,,,,,,0.0,21.0,0.0,,,1.55,6.42,,,,,,,,,,,📉 小減,-0.71,-1.29,⚠️ 大減,-1.31,-1.3300000000000003,📉 小減,-0.84,-0.9499999999999998,↘️ 微減,-0.09,-0.24000000000000002,,,,,,16.3,0,0.0,🔄 持平,0.0,0.0,➖ 持平,2,3,464.0
1708,東鹼,化學工業,09/17,51.1,3.65,4465.0,226.0,12.4,2003.0,99.14,⚖️ 溫和震盪整理,127.8225806451613,2.28,🔴5日,0.0,9.987508200136393,9.70,📈 上升 | 🔄 洗盤回歸,0.8000000000000007,,,,🔥 強延續 (41.4%),,🔥 持續加碼 (0.74%),,,🔥 點火,,,,-207.0,-248.0,-1057.8,,,,,,23.5,43.2,12.0,19.0,61.3,,,,,,,,,,,,,,,↘️ 微減,-0.01,-0.96,↘️ 微減,-0.01,-0.96,↘️ 微減,-0.29,-1.42,↘️ 微減,-0.42,-1.11,,,,,,11.9,19.8,0.0,🔄 持平,0.0,0.0,➖ 持平,4,4,1216.0
1709,和益,化學工業,09/17,42.95,9.99,35012.0,1459.0,21.4,18274.0,708.0,🚀 放量大漲 (量價齊升，持續看漲),77.0631067961165,2.06,🔴5日 🟡20日 🟢60日 🔵120日,0.16999999999999993,10.36,10.40,🪜 階梯吸籌 | ⚠️ 趨緩,0.879999999999999,1.0599999999999987,5.529999999999999,7.26,,,🚨 轉賣反轉 (-0.03%),,🌐 外資週連買(2)-🌱 週線發動,,,-14.1,-8.36,-4548.0,-2526.0,-19533.7,,,,,,81.0,531.0,243.0,457.0,1043.7,,,34.2,95.4,,,,1308.0,2507.0,5617.9,,,5451.0,9817.0,🔥 大增,1.05,4.43,📈 小增,0.65,4.01,📈 小增,0.61,3.71,↗️ 微增,0.45,3.4499999999999997,雙引擎 | 長短線,,,,,17.8,0,0.0,🔄 持平,-0.7,0.0,➖ 持平,8,4,8746.0
1710,東聯,化學工業,09/17,16.65,6.05,11643.0,191.0,,5511.0,88.74,🚀 放量大漲 (量價齊升，持續看漲),178.83211678832117,2.15,🔴5日 🟡20日,0.3600000000000003,5.469460109557783,6.10,🪜 階梯吸籌 | 📈 上升 | 🚀 衝進🔴5日榜單,0.4400000000000004,1.2400000000000002,,,🔥 強延續 (27.3%),,🔥 持續加碼 (0.36%),,🌐 外資週連買(6)-🚀 趨勢加溫,,,,,,,,-1.61,-12.3,-330.0,-2836.0,-549.4,,,7.0,6.0,11.7,7.71,1.93,,,835.0,221.0,1390.3,,,,-541.0,-4540.0,,,↗️ 微增,0.04,1.1400000000000001,↗️ 微增,0.04,1.43,↗️ 微增,0.18,1.58,↗️ 微增,0.2,1.2000000000000002,雙引擎 | 長短線,,,,,10.1,2.24,0.0,🔄 持平,0.0,0.0,➖ 持平,8,4,8269.0
1711,永光,化學工業,09/17,39.6,0.89,4246.0,170.0,305.0,2989.0,116.44,⏸️ 平量滯漲 (拋壓增大，高位見頂),47.82608695652173,1.46,🟡20日,0.0699999999999994,5.77,5.80,📈 上升,,0.4499999999999993,,,,,💤 籌碼沉澱中,,🌐 外資日連買(2)-🆕 試單觀察,,,,,,,,-0.69,-9.52,-144.0,-2169.0,-570.2,,,,,,,,,,,,,,,,-577.0,-8469.0,,,↘️ 微減,-0.3,1.25,↘️ 微減,-0.49,1.0499999999999998,↘️ 微減,-0.22,1.45,↘️ 微減,-0.15,1.73,,,,,,18.1,22.1,-0.1,🚨 減/大減,-0.2,0.1,↗️ 微增,3,4,3148.0
1712,興農,化學工業,09/17,39.75,0.38,295.0,11.8,15.0,570.0,22.74,⚖️ 溫和震盪整理,-64.45783132530121,0.52,,0.0,,12.80,🔄 持平,,,,,🔄 持平 (0%),🔥 強延續 (7.95%),💤 籌碼沉澱中,🔥 持續加碼 (0.01%),🏦 投信日連買(3)-🆕 試單觀察 | 🏦 投信週連買(2)-🌱 週線發動,,,0.0,-6.78,,,,,,,,,,,,,,,,,,,,,,,,,,,,↗️ 微增,0.3,1.2300000000000002,↘️ 微減,-0.12,0.39,↘️ 微減,-0.11,0.23999999999999994,↘️ 微減,-0.13,-0.36000000000000004,,,,,,19.4,24.9,0.0,🔄 持平,-0.3,0.0,➖ 持平,3,4,2419.0
1713,國化,化學工業,09/17,41.8,-0.24,258.0,10.8,8.8,375.0,15.93,⚖️ 溫和震盪整理,19.20529801324504,0.68,,0.0,,1.00,🔄 持平,,,,,,,,,,,⚠️ 初危,-4.43,-10.2,-131.0,-321.0,-547.6,,,,,,,,,,,,,3.53,7.8,,,,,,,,,,,📉 小減,-0.68,1.0099999999999998,↘️ 微減,-0.06,1.05,↗️ 微增,0.36,0.96,↘️ 微減,-0.04,0.9299999999999999,,,,,,23.7,0,0.0,🔄 持平,0.0,0.0,➖ 持平,5,4,629.0
1714,和桐,化學工業,09/17,16.05,2.88,10371.0,165.0,13.5,10863.0,167.1,⚖️ 溫和震盪整理,81.91841234840132,0.99,,0.0,,16.50,🔄 持平,,,,,,,,,,,,-0.52,-14.2,-98.0,-3109.0,-157.3,,,,,,20.6,31.5,20.0,28.0,32.1,,,1.15,19.8,,,,391.0,5657.0,627.6,,,621.0,8743.0,↘️ 微減,-0.06,-2.83,↘️ 微減,-0.14,-2.9899999999999998,↘️ 微減,-0.15,-2.3800000000000003,↘️ 微減,-0.09,-2.5200000000000005,,,,,,10.7,0,0.0,🔄 持平,0.0,0.0,➖ 持平,4,4,1221.0
1717,長興,化學工業,09/17,71.3,0.85,6177.0,443.0,37.3,6286.0,441.0,⏸️ 平量滯漲 (拋壓增大，高位見頂),-11.044176706827313,1.0,🟡20日 🟢60日,-0.009999999999999787,13.570138935264994,12.20,📉 下降,,0.9878720548854307,2.4772444183747986,,,🔄 持平 (0.0%),💤 籌碼沉澱中,🔄 今日量縮持平,,,,,,-34.0,-545.0,-242.4,,,,,,,,,,,,,3.07,21.1,,,,1044.0,6105.0,7443.7,,,7485.0,42663.0,🚨 劇減,-1.93,3.7700000000000005,🚨 劇減,-1.77,3.83,🚨 劇減,-1.75,3.53,🚨 劇減,-1.6,3.4400000000000004,,,,,,14.4,25.6,0.0,🔄 持平,0.0,0.0,➖ 持平,2,4,5799.0
1718,中纖,化學工業,09/17,10.9,3.81,20789.0,225.0,18.5,14224.0,151.44,⚖️ 溫和震盪整理,226.56023222060955,1.49,🔴5日 🟡20日,0.0,6.652049391438547,6.50,📈 上升 | 🔄 洗盤回歸 | 🚀 衝進🔴5日、🟡20日榜單,0.7599999999999998,0.9149581997539249,,,🔥 強延續 (56.2%),,🔥 持續加碼 (0.69%),,🌐 外資日連買(2)-🆕 試單觀察 | 🌐 外資週連買(2)-🌱 週線發動,🔼 進駐,,,,-501.0,-320.0,-546.1,,,,,,32.1,23.8,43.0,34.0,46.9,,,,,,,,-396.0,812.0,-431.6,,,,,📈 小增,0.55,-1.81,📈 小增,0.51,-1.4700000000000002,📈 小增,0.61,-1.45,↗️ 微增,0.41,-1.76,雙引擎,,,,,5.71,83.6,0.0,🔄 持平,0.0,0.0,➖ 持平,4,4,11692.0
1720,生達,生技醫療業,09/17,56.1,0.36,91.0,5.1,10.7,121.0,6.81,⏸️ 平量滯漲 (拋壓增大，高位見頂),-39.7163120567376,0.75,,0.0,,4.90,🔄 持平,,,,,,,,,,,,,,,,,,,,,,,,,,,,,,,,,,,,,,,,,↘️ 微減,-0.01,1.9100000000000001,↘️ 微減,-0.01,-1.19,↘️ 微減,-0.05,-0.55,↘️ 微減,-0.03,-0.7,,,,,,14.9,0,-1.5,🚨 減/大減,0.0,0.0,➖ 持平,2,4,270.0
1721,三晃,化學工業,09/17,22.15,1.61,794.0,17.6,,821.0,18.28,⚖️ 溫和震盪整理,97.75280898876406,0.96,,0.0,,1.40,🔄 持平,,,,,,,💤 籌碼沉澱中,,,,,,,,,,,,,,,,,,,,,,,,,,,,,,,,,,🔄 持平,0.0,0.0,🔄 持平,-0.0,0.0,🔄 持平,-0.0,0.0,↗️ 微增,0.01,0.7,,,,,,9.36,0,,無,,,無,1,4,276.0
1722,台肥,化學工業,09/17,42.15,0.72,2304.0,96.9,50.2,3418.0,144.98,⚖️ 溫和震盪整理,-11.909090909090903,0.67,,0.0,,8.00,🔄 持平,,,,,🔄 持平 (0%),🔄 持平 (0%),💤 籌碼沉澱中,💤 籌碼沉澱中,,,,,,,,,,,,,,,,0.0,42.0,0.0,1.51,8.49,2.81,18.5,52.0,273.0,219.2,690.0,3948.0,2908.4,,,2901.0,16701.0,↘️ 微減,-0.2,-1.02,↘️ 微減,-0.28,-1.4300000000000002,↘️ 微減,-0.41,-1.5099999999999998,↘️ 微減,-0.29,-1.4499999999999997,,,,,,24.1,0,0.0,🔄 持平,0.0,0.0,➖ 持平,7,4,3671.0
1723,中碳,化學工業,09/17,81.0,1.12,415.0,33.6,26.0,523.0,42.4,⏸️ 平量滯漲 (拋壓增大，高位見頂),-54.347826086956516,0.79,,0.0,,9.10,🔄 持平,,,,,,⚠️ 趨緩 (0.72%),,🔄 今日量縮持平,🏦 投信週連買(3)-🌱 週線發動,,,,,,,,,,,,,,,,,,-3.68,21.4,2.62,14.4,-29.0,134.0,-234.9,159.0,787.0,1287.9,,,1287.0,6386.0,↗️ 微增,0.05,-0.019999999999999955,⚠️ 大減,-1.05,-0.42000000000000004,↘️ 微減,-0.12,0.78,↘️ 微減,-0.36,0.68,,,,,,34.0,0,0.0,🔄 持平,0.0,0.0,➖ 持平,2,3,299.0
1725,元禎,化學工業,09/17,33.6,1.36,115.0,3.88,13.8,59.0,1.95,⚠️ 放量滯漲 (拋壓增大，即將見頂反轉),109.72972972972971,1.99,,,,0.60,,,,,,🔥 強延續 (25.1%),,,,🌐 外資日連買(2)-🆕 試單觀察 | 🌐 外資週連買(9)-🚀 趨勢加溫,,,,,,,,,,,,,,,,,,,,,,,,,,,,,,,,🔄 持平,0.0,0.0,🔄 持平,-0.0,0.0,🔄 持平,-0.0,0.0,🔄 持平,-0.0,0.22,,,,,,11.5,0,0.0,🔄 持平,0.0,0.0,➖ 持平,11,4,91.0
1726,永記,化學工業,09/17,76.9,0.13,18.0,1.4,12.0,22.0,1.64,⏸️ 平量滯漲 (拋壓增大，高位見頂),-42.38683127572017,0.85,,0.0,,12.60,🔄 持平,,,,,,,,,,,,-30.8,-60.0,,,,,,,,,,,,,,,,,,,,,,,,,,,,↘️ 微減,-0.03,-0.11,↘️ 微減,-0.03,-0.11,↘️ 微減,-0.03,-0.11,↘️ 微減,-0.03,-0.11,,,,,,21.1,14.0,0.0,🔄 持平,0.0,0.0,➖ 持平,4,4,34.0
1727,中華化,化學工業,09/17,105.0,9.83,15353.0,1570.0,152.0,5962.0,584.8,🚀 放量大漲 (量價齊升，持續看漲),86.23962040332147,2.68,🔴5日 🟡20日 🟢60日 🔵120日,2.690000000000002,10.458437738720848,10.50,🪜 階梯吸籌 | 📈 上升 | 🚀 衝進🟡20日、🟢60日、🔵120日榜單,4.280000000000002,4.730000000000001,5.050000000000002,3.7520167090528638,🔥 強延續 (22.4%),,🔥 持續加碼 (2.68%),,🌐 外資日連買(2)-🆕 試單觀察,🔥 點火,,,,,,,,,,,,84.9,183.0,264.0,372.0,2772.0,24.4,23.2,0.27,8.95,1623.0,1556.0,17041.5,9.0,279.0,94.5,,,92.0,2585.0,📉 小減,-0.92,0.47,🚨 劇減,-2.33,1.8499999999999994,🚨 劇減,-1.76,1.8400000000000003,📉 小減,-0.87,3.68,,,,,,19.1,0,0.0,🔄 持平,-0.4,0.0,➖ 持平,3,3,4831.0
1730,花仙子,化學工業,09/17,51.3,0.2,10.0,0.54,10.8,22.0,1.15,⚖️ 溫和震盪整理,-73.7864077669903,0.47,,,,7.10,,,,,,🔄 持平 (0%),,,,,,,,,,,,,,,,,,,,,,,,,,,,,,,,,,,,🔄 持平,0.0,0.0,🔄 持平,-0.0,0.0,🔄 持平,-0.0,0.0,🔄 持平,-0.0,0.0,,,,,,38.4,21.0,0.0,🔄 持平,0.0,0.0,➖ 持平,1,3,76.0
1731,美吾華,生技醫療業,09/17,20.95,0.96,69.0,1.45,13.8,63.0,1.31,⏸️ 平量滯漲 (拋壓增大，高位見頂),-5.844155844155852,1.11,,,,1.10,,,,,,,,,,,,,,,,,,,,,,,,,,,,,,,,,,,,,,,,,,🔄 持平,0.0,0.36,🔄 持平,-0.0,0.38,🔄 持平,-0.0,0.38,🔄 持平,-0.0,-0.32,,,,,,31.8,0,2.7,🔥 大增,1.9,0.0,➖ 持平,2,3,95.0
1732,毛寶,化學工業,09/17,25.95,0.39,48.0,1.23,21.1,52.0,1.34,⏸️ 平量滯漲 (拋壓增大，高位見頂),-0.8064516129032251,0.92,,,,2.40,,,,,,,,,,,,,,,,,,-4.38,-9.11,,,,,,,,,,,,,,,,,,,,,,,🔄 持平,0.0,0.0,🔄 持平,-0.0,0.0,🔄 持平,-0.0,0.0,🔄 持平,-0.0,-1.0,,,,,,33.5,0,0.0,🔄 持平,0.0,0.0,➖ 持平,3,3,56.0
1733,五鼎,生技醫療業,09/17,30.35,0.33,38.0,1.16,16.0,112.0,3.33,⚖️ 溫和震盪整理,-84.73684210526315,0.35,,,,3.30,,,,,,,,,,🌐 外資日連買(2)-🆕 試單觀察,,,,,,,,,,,,,,,,,,,,1.05,9.49,,,,,,,,,,,↗️ 微增,0.11,-1.1400000000000001,↗️ 微增,0.05,0.6099999999999999,↗️ 微增,0.05,0.6,📈 小增,0.88,1.86,雙引擎,,,,,29.8,0,0.3,📈 增,2.9,0.0,➖ 持平,2,4,1345.0
1734,杏輝,生技醫療業,09/17,31.5,0.64,139.0,4.35,17.1,207.0,6.47,⚖️ 溫和震盪整理,-68.47826086956522,0.67,,0.0,,5.50,🔄 持平,,,,,,,,,,,,,,,,,,,,,,,,,,,,,,,,,,,,,,,,,↗️ 微增,0.26,0.27999999999999997,↗️ 微增,0.29,0.7,↗️ 微增,0.27,0.76,↗️ 微增,0.27,-0.30999999999999994,雙引擎,,,,,14.6,0,-1.9,🚨 減/大減,-1.9,0.0,➖ 持平,6,4,664.0
1735,日勝化,化學工業,09/17,19.9,1.53,70.0,1.39,17.0,51.0,1.01,⚖️ 溫和震盪整理,124.19354838709675,1.38,,0.0,,51.50,🔄 持平,,,,,,,,,,,,,,,,,,,,,,,,,,,,,,,,,,,,,,,,,↗️ 微增,0.01,0.0,↗️ 微增,0.01,0.0,↗️ 微增,0.01,0.0,↗️ 微增,0.01,0.0,雙引擎,,,,,58.9,0,0.0,🔄 持平,0.0,0.0,➖ 持平,3,4,168.0
1736,喬山,運動休閒,09/17,129.0,2.79,652.0,82.8,11.7,483.0,61.08,⚖️ 溫和震盪整理,41.29692832764504,1.36,,0.0,,5.80,🔄 持平,,,,,🔥 強延續 (49.1%),,,,🌐 外資日連買(3)-🆕 試單觀察 | 🌐 外資週連買(3)-🌱 週線發動,,,,,,,,,,,,,,,,,,,,,,,,,,,,,,,,↘️ 微減,-0.03,-0.45999999999999996,↘️ 微減,-0.03,-0.09999999999999998,↘️ 微減,-0.03,0.12999999999999998,↗️ 微增,0.12,-0.6499999999999999,,,,,,68.0,1.16,0.0,🔄 持平,0.0,0.0,➖ 持平,6,4,301.0
1737,臺鹽,食品工業,09/17,30.6,0.33,86.0,2.61,15.7,212.0,6.44,⚖️ 溫和震盪整理,-40.0,0.41,,,,7.80,,,,,,,,,,,,,,,,,,,,,,,,,,,,,,2.22,23.4,,,,38.0,332.0,116.3,,,,,↗️ 微增,0.04,-0.1,↗️ 微增,0.04,-0.1,↘️ 微減,-0.27,-1.1,↘️ 微減,-0.47,-1.24,,,,,,44.3,0,0.0,🔄 持平,0.0,0.0,➖ 持平,2,4,362.0
1752,南光,生技醫療業,09/17,31.3,0.32,46.0,1.45,15.4,36.0,1.14,⏸️ 平量滯漲 (拋壓增大，高位見頂),353.125,1.27,,,,1.50,,,,,,,,,,🌐 外資日連買(2)-🆕 試單觀察,,,,,,,,,,,,,,,,,,,,,,,,,,,,,,,,📉 小減,-0.67,0.22999999999999998,📉 小減,-0.66,-0.5900000000000001,↗️ 微增,0.05,0.14000000000000012,↗️ 微增,0.05,0.11000000000000001,,,,,,10.1,0,0.0,🔄 持平,-0.1,0.0,➖ 持平,4,4,230.0
1760,寶齡富錦,生技醫療業,09/17,54.4,1.49,78.0,4.23,21.7,119.0,6.43,⚖️ 溫和震盪整理,-39.57142857142857,0.66,,,,10.90,,,,,,,,,,,,,,,,,,,,,,,,,,,,,,,,,,,,,,,,,,↗️ 微增,0.01,0.04,↘️ 微減,-0.09,1.05,↘️ 微減,-0.09,0.23000000000000004,↘️ 微減,-0.09,0.22000000000000003,,,,,,18.5,31.4,0.0,🔄 持平,-0.2,0.0,➖ 持平,4,4,238.0
1762,中化生,生技醫療業,09/17,33.8,0.45,56.0,1.9,,65.0,2.19,⏸️ 平量滯漲 (拋壓增大，高位見頂),63.793103448275865,0.87,,0.0,,3.10,🔄 持平,,,,,,,,,,,,,,,,,,,,,,,,,,,,,,,,,,,,,,,,,🔄 持平,0.0,0.0,↘️ 微減,-0.01,-0.020000000000000018,↗️ 微增,0.02,-0.8899999999999999,↘️ 微減,-0.05,0.6599999999999999,,,,,,30.2,0,0.0,🔄 持平,0.0,0.0,➖ 持平,3,4,162.0
1773,勝一,化學工業,09/17,163.0,2.52,633.0,103.0,20.3,398.0,63.52,⚖️ 溫和震盪整理,147.59615384615384,1.62,,,,6.70,,,,,,,🔄 持平 (0.0%),,🔄 今日量縮持平,,,,,,,,,,,,,,,,,,,,,,,,,,,,,,,,,↗️ 微增,0.01,-0.30999999999999994,↗️ 微增,0.27,-0.38000000000000006,↗️ 微增,0.07,-0.10999999999999996,↗️ 微增,0.07,-0.9600000000000001,雙引擎,,,,,30.9,0,0.0,🔄 持平,-11.4,0.0,➖ 持平,3,4,162.0
1776,展宇,化學工業,09/17,18.55,1.09,166.0,3.1,20.4,89.0,1.62,⚠️ 放量滯漲 (拋壓增大，即將見頂反轉),11.111111111111116,1.91,,,,1.70,,,,,,🔄 持平 (0%),,,,🌐 外資日連買(2)-🆕 試單觀察,,,,,,,,,,,,,,,,,,1.34,5.59,,,,,,,,,,,,,🔄 持平,0.0,0.0,🔄 持平,-0.0,0.0,🔥 大增,1.05,1.05,🔥 大增,1.05,1.05,,,,,,9.32,0,0.0,🔄 持平,0.0,0.0,➖ 持平,4,4,179.0
1783,和康生,生技醫療業,09/17,36.3,0.14,68.0,2.46,11.2,64.0,2.32,⏸️ 平量滯漲 (拋壓增大，高位見頂),95.23809523809523,1.06,,,,6.80,,,,,,,,,,,,,,,,,,,,,,,,,,,,,,0.78,9.32,,,,,,,,,,,🔄 持平,0.0,0.29,🔄 持平,-0.0,0.29,🔄 持平,-0.0,0.29,🔄 持平,-0.0,-0.19000000000000006,,,,,,42.4,0,0.3,📈 增,1.1,0.0,➖ 持平,3,3,79.0
1786,科妍,生技醫療業,09/17,43.75,2.34,133.0,5.76,18.3,121.0,5.22,⚖️ 溫和震盪整理,44.36090225563909,1.1,🔴5日,0.0,2.2835093983518737,2.30,📈 上升,0.21999999999999975,,,,🔥 強延續 (36.1%),,,,🌐 外資日連買(2)-🆕 試單觀察,,,,,,,,,,,,,,,,,,,,,,,,,,,,,,,,⚠️ 大減,-1.47,-1.14,↘️ 微減,-0.18,1.26,↘️ 微減,-0.18,-0.64,↘️ 微減,-0.16,-1.9499999999999997,,,,,,10.6,0,0.0,🔄 持平,-0.8,0.0,➖ 持平,5,3,220.0
1789,神隆,生技醫療業,09/17,19.6,7.99,2196.0,42.4,490.0,832.0,15.61,🚀 放量大漲 (量價齊升，持續看漲),749.6993987975951,2.72,,,,1.80,,,,,,,,,,,,,,,,,,,,,,,,,,,,,,,,,,,,,,,,,,↗️ 微增,0.12,0.13,🔄 持平,-0.0,0.04000000000000001,↗️ 微增,0.01,0.21999999999999997,🔄 持平,-0.0,0.14,,,,,,64.4,3.92,0.0,🔄 持平,0.0,0.0,➖ 持平,3,4,615.0
1795,美時,生技醫療業,09/17,180.0,1.12,773.0,139.0,12.4,850.0,149.78,⏸️ 平量滯漲 (拋壓增大，高位見頂),-10.897435897435892,0.93,🔴5日,0.0,50.349614410713485,49.80,📈 上升 | 🔄 洗盤回歸,0.3629612656422694,,,,,🔄 持平 (0.0%),,💤 籌碼沉澱中,,,,,,-44.0,-159.0,-792.0,,,,,,,,,,,,,,,,,,6.0,774.0,108.0,,,108.0,13576.0,↗️ 微增,0.02,0.9300000000000003,↗️ 微增,0.02,0.7100000000000002,↘️ 微減,-0.21,0.7099999999999999,↘️ 微減,-0.03,0.57,,,,,,37.2,0,0.0,🔄 持平,0.0,0.0,➖ 持平,4,4,835.0
1802,台玻,玻璃陶瓷,09/17,58.5,0.0,23405.0,1396.0,68.0,13783.0,802.8,⚠️ 放量滯漲 (拋壓增大，即將見頂反轉),102.02604920405211,1.74,🟡20日,0.0,6.00255961773564,5.50,📈 上升 | 🔄 洗盤回歸,,0.4429085279097329,,,,⚠️ 趨緩 (0.2%),💤 籌碼沉澱中,🔄 今日量縮持平,🏦 投信日連買(14)-🔥 波段認養 | 🏦 投信週連買(3)-🌱 週線發動,,,,,-26.0,-167.0,-152.1,,,,,,,,,,,,,,,,,,,,,,,,,🔄 持平,0.0,0.49000000000000005,↗️ 微增,0.09,0.43000000000000005,↗️ 微增,0.09,0.53,↘️ 微減,-0.01,0.52,,,,,,30.1,42.1,0.0,🔄 持平,0.0,0.0,➖ 持平,2,3,12010.0
1805,寶徠,建材營造業,09/17,10.15,0.5,60.0,0.61,84.6,47.0,0.47,⏸️ 平量滯漲 (拋壓增大，高位見頂),103.33333333333331,1.3,,,,0.70,,,,,,,,,,,,,,,,,,,,,,,,,,,,,,,,,,,,,,,,,,🔄 持平,0.0,0.11,↗️ 微增,0.01,0.1,↗️ 微增,0.01,0.1,↗️ 微增,0.02,-0.22999999999999998,,,,,,28.9,34.6,0.0,🔄 持平,-1.4,0.0,➖ 持平,18,4,462.0
1806,冠軍,玻璃陶瓷,09/17,7.97,-0.25,110.0,0.87,44.3,101.0,0.81,⏸️ 平量滯漲 (拋壓增大，高位見頂),93.33333333333333,1.07,🔵120日,0.009999999999999787,8.504095136147088,9.60,📈 上升,,,,2.2799999999999994,🔄 持平 (0%),,,,🌐 外資日連買(2)-🆕 試單觀察 | 🌐 外資週連買(6)-🚀 趨勢加溫,,,,,,,,0.0,-11.5,0.0,-258.0,0.0,,,,,,,,,,,,,,,,,,,,↗️ 微增,0.02,0.06,↘️ 微減,-0.19,0.05000000000000002,↗️ 微增,0.05,0.2700000000000001,↗️ 微增,0.03,0.39999999999999997,雙引擎 | 長短線,,,,,7.7,0,0.0,🔄 持平,0.0,0.0,➖ 持平,18,4,600.0
1808,潤隆,建材營造業,09/17,34.15,1.49,2117.0,72.1,8.05,1908.0,64.26,⏸️ 平量滯漲 (拋壓增大，高位見頂),-15.176470588235302,1.12,🔴5日,0.0,2.5384971642491774,4.30,📈 上升 | 🔄 洗盤回歸,0.25910062065957273,,,,,🔄 持平 (0.0%),,🔄 今日量縮持平,,,,,,,,,,,,,,,,,,,1.17,10.9,-0.09,13.7,65.0,553.0,222.0,-15.0,1958.0,-51.2,,,-51.1,6582.0,↗️ 微增,0.19,0.79,↘️ 微減,-0.01,0.49,↗️ 微增,0.09,0.41,↘️ 微減,-0.01,0.42,,,,,,3.92,0,0.0,🔄 持平,0.0,0.0,➖ 持平,2,4,6379.0
1809,中釉,玻璃陶瓷,09/17,37.3,0.0,858.0,32.4,178.0,818.0,30.44,⏸️ 平量滯漲 (拋壓增大，高位見頂),-3.857566765578646,1.06,🔴5日 🟡20日,0.1200000000000001,2.6,2.60,📈 上升,0.3900000000000001,0.6900000000000002,,,,,💤 籌碼沉澱中,,🌐 外資日連買(2)-🆕 試單觀察 | 🌐 外資週連買(5)-🚀 趨勢加溫,,,,,,,,,,,,,,,,,,,,0.5,6.92,,,,30.0,389.0,111.9,,,113.0,1443.0,📉 小減,-0.54,-0.030000000000000027,↗️ 微增,0.05,0.040000000000000036,↗️ 微增,0.05,-0.42000000000000004,↗️ 微增,0.02,-0.97,,,,,,13.4,0,0.0,🔄 持平,0.0,0.0,➖ 持平,2,4,640.0
1810,和成,玻璃陶瓷,09/17,23.7,0.85,992.0,23.5,6.46,1349.0,32.02,⏸️ 平量滯漲 (拋壓增大，高位見頂),-2.892561983471076,0.73,,0.0,,1.70,🔄 持平,,,,,,🔄 持平 (0.0%),💤 籌碼沉澱中,💤 籌碼沉澱中,🌐 外資日連買(2)-🆕 試單觀察,,,,,,,,,,,,,,,,,,,,,,,,,,,,,,,,↗️ 微增,0.02,-3.08,🔄 持平,-0.0,-2.5,↘️ 微減,-0.27,-3.2,↘️ 微減,-0.01,-2.8099999999999996,,,,,,5.36,0,0.0,🔄 持平,0.0,0.0,➖ 持平,3,4,920.0
1817,凱撒衛,玻璃陶瓷,09/17,40.25,0.12,14.0,0.58,8.02,20.0,0.82,⚖️ 溫和震盪整理,-62.091503267973856,0.71,,,,1.90,,,,,,🔄 持平 (0%),,,,,,,-18.2,-18.2,,,,,,,,,,,,,,,,,,,,,,,,,,,,↘️ 微減,-0.01,-0.02,↘️ 微減,-0.01,-0.02,↘️ 微減,-0.01,-0.02,↘️ 微減,-0.01,-0.08,,,,,,30.2,8.22,0.0,🔄 持平,0.0,0.0,➖ 持平,4,4,104.0
1903,士紙,造紙工業,09/17,47.15,0.43,102.0,4.83,35.7,100.0,4.68,⏸️ 平量滯漲 (拋壓增大，高位見頂),-55.68807339449542,1.03,,,,10.90,,,,,,🔄 持平 (0%),,,,,,,,,,,,,,,,,,,,,,,,,,,,,,,,,,,,↘️ 微減,-0.02,0.02,↘️ 微減,-0.35,0.01,↘️ 微減,-0.05,0.08,↘️ 微減,-0.04,0.09999999999999999,,,,,,7.8,0,0.0,🔄 持平,0.0,0.0,➖ 持平,2,4,173.0
1904,正隆,造紙工業,09/17,25.0,2.46,1307.0,32.5,11.6,2127.0,52.84,📈 價升量縮 (量價背離，下方承接看拉高),-54.289732770745424,0.62,🟢60日 🔵120日,0.060000000000002274,11.904919566760556,12.20,📈 上升,,,2.095790113850512,3.474617119277241,🔄 持平 (0%),,,,🌐 外資週連買(8)-🚀 趨勢加溫,,,,,,,,0.0,-8.95,0.0,-352.0,0.0,,,,,,,,,,,,,,,,0.0,-869.0,,,↗️ 微增,0.07,1.7900000000000003,↗️ 微增,0.06,1.5699999999999998,↗️ 微增,0.19,1.77,↗️ 微增,0.12,1.58,雙引擎 | 長短線,,,,,14.3,20.6,0.0,🔄 持平,0.0,0.0,➖ 持平,8,4,1980.0
1905,華紙,造紙工業,09/17,13.5,3.05,1824.0,24.3,,1731.0,22.84,⚖️ 溫和震盪整理,-42.553191489361694,1.06,,,,2.60,,,,,,,,,,🌐 外資日連買(2)-🆕 試單觀察,,,,,,,,,,,,,150.0,25.0,,,,,,,,,,,,,,,,,,↘️ 微減,-0.2,-0.06,↘️ 微減,-0.03,-0.05,↘️ 微減,-0.05,-0.07,↘️ 微減,-0.09,-0.01,,,,,,57.6,0,0.0,🔄 持平,0.0,0.0,➖ 持平,2,4,1020.0
1906,寶隆,造紙工業,09/17,10.85,0.46,38.0,0.41,17.8,34.0,0.37,⏸️ 平量滯漲 (拋壓增大，高位見頂),17.14285714285715,1.11,,,,1.00,,,,,,🔄 持平 (0%),,,,,,,,,,,,,,,,,,,,,,,,,,,,,,,,,,,,↘️ 微減,-0.04,-0.14,↘️ 微減,-0.04,-0.11000000000000001,↘️ 微減,-0.04,-0.10000000000000002,↘️ 微減,-0.04,-0.10000000000000002,,,,,,25.9,0,0.0,🔄 持平,0.0,0.0,➖ 持平,2,4,78.0
1907,永豐餘,造紙工業,09/17,29.45,2.08,1248.0,36.7,17.3,773.0,22.44,⚖️ 溫和震盪整理,132.27848101265823,1.64,,,,13.00,,,,,,🔄 持平 (0%),🔄 持平 (0%),,💤 籌碼沉澱中,🌐 外資日連買(2)-🆕 試單觀察,,,,,,,,-3.78,-9.19,-206.0,-531.0,-606.7,,,,,,,,,,,,,,,,-605.0,-1545.0,,,↗️ 微增,0.09,0.5399999999999999,↗️ 微增,0.03,0.49,↗️ 微增,0.07,0.4,↗️ 微增,0.01,0.42000000000000004,雙引擎 | 長短線,,,,,5.79,0,0.0,🔄 持平,0.0,0.0,➖ 持平,8,3,3546.0
1909,榮成,造紙工業,09/17,10.3,1.48,1752.0,18.0,44.8,2794.0,29.04,⚖️ 溫和震盪整理,-65.04854368932038,0.62,🟢60日,0.009999999999999787,9.196263111179771,10.40,📈 上升,,,2.0299999999999994,,,,,,,,,0.41,-11.1,39.0,-1209.0,40.2,,,,,,0.0,857.0,0.0,60.0,0.0,,,-0.14,6.96,,,,-13.0,608.0,-13.4,,,,,↘️ 微減,-0.23,0.75,↘️ 微減,-0.12,0.52,↘️ 微減,-0.08,0.57,↘️ 微減,-0.01,0.75,,,,,,36.9,22.3,0.0,🔄 持平,0.0,0.0,➖ 持平,6,4,814.0
2002,中鋼,鋼鐵工業,09/17,18.7,0.27,17570.0,329.0,,25127.0,471.6,⚖️ 溫和震盪整理,-33.13008130081301,0.7,,0.0,,14.80,🔄 持平,,,,,🔄 持平 (0%),🔄 持平 (0%),💤 籌碼沉澱中,💤 籌碼沉澱中,,,,,,,,,,,,,,,,,,,,,1.46,9.5,126.0,686.0,235.6,5206.0,31300.0,9735.2,,,9745.0,58630.0,🔄 持平,0.0,-2.8699999999999997,↘️ 微減,-0.03,-0.5800000000000001,↘️ 微減,-0.03,-0.5800000000000001,↘️ 微減,-0.01,-0.52,,,,,,20.1,0,0.0,🔄 持平,0.0,0.0,➖ 持平,5,4,8625.0
2006,東和鋼鐵,鋼鐵工業,09/17,82.5,1.73,4340.0,358.0,11.0,1854.0,151.92,⚖️ 溫和震盪整理,132.4675324675325,2.36,🔴5日 🟢60日 🔵120日,0.29782935805797095,23.70820683050947,28.00,🪜 階梯吸籌 | 📈 上升 | 🚀 衝進🔴5日榜單,0.32529725037331403,,4.789907685669132,4.907468117975274,🔥 強延續 (64.1%),🔄 持平 (0%),🔥 持續加碼 (0.38%),💤 籌碼沉澱中,🌐 外資日連買(2)-🆕 試單觀察 | 🌐 外資週連買(2)-🌱 週線發動,🔼 進駐,,,,,,,,,,,,,,,,,5.36,1.19,,,,,,,,,,,,,↗️ 微增,0.01,0.99,↘️ 微減,-0.25,1.46,↘️ 微減,-0.23,0.8499999999999999,↘️ 微減,-0.05,0.81,,,,,,19.6,0,0.0,🔄 持平,0.2,0.0,➖ 持平,8,4,2178.0
2007,燁興,鋼鐵工業,09/17,6.81,1.34,72.0,0.49,,242.0,1.65,⚖️ 溫和震盪整理,-85.1963746223565,0.3,,,,0.80,,,,,,🔄 持平 (0%),,,,🌐 外資日連買(2)-🆕 試單觀察,,,,,,,,,,,,,,,,,,,,,,,,,,,,,,,,🔄 持平,0.0,0.0,🔄 持平,-0.0,0.0,↗️ 微增,0.01,0.16,↗️ 微增,0.02,0.04,,,,,,73.6,0,0.0,🔄 持平,0.0,0.0,➖ 持平,2,3,208.0
2008,高興昌,鋼鐵工業,09/17,30.9,1.31,22.0,0.69,48.3,16.0,0.49,⏸️ 平量滯漲 (拋壓增大，高位見頂),430.7692307692308,1.41,,0.0,,7.90,🔄 持平,,,,,🔄 持平 (0%),,,,,,,,,,,,,,,,,,,,,,,,,,,,,,,,,,,,🔄 持平,0.0,0.15000000000000002,🔄 持平,-0.0,0.15000000000000002,🔄 持平,-0.0,0.15000000000000002,🔄 持平,-0.0,0.15000000000000002,,,,,,39.8,0,0.0,🔄 持平,1.5,0.0,➖ 持平,1,4,200.0
2009,第一銅,鋼鐵工業,09/17,39.2,1.03,785.0,30.7,37.7,1478.0,57.2,⚖️ 溫和震盪整理,-51.4240506329114,0.54,🟢60日,0.08000000000000007,2.5983778020189603,2.60,📈 上升,,,1.4999999999999996,,,,,,🌐 外資日連買(2)-🆕 試單觀察,,,,,-53.0,-163.0,-207.8,,,,,,,,,,,,,,,,,,49.0,361.0,192.1,,,,,↘️ 微減,-0.45,1.11,↘️ 微減,-0.43,1.8699999999999999,↘️ 微減,-0.43,1.87,↘️ 微減,-0.15,1.7499999999999998,,,,,,39.4,0,0.0,🔄 持平,0.0,0.0,➖ 持平,3,3,349.0
2010,春源,鋼鐵工業,09/17,21.9,1.39,666.0,14.5,8.73,601.0,13.15,⏸️ 平量滯漲 (拋壓增大，高位見頂),19.834710743801654,1.1,,0.0,,8.60,🔄 持平,,,,,,,,,🌐 外資日連買(2)-🆕 試單觀察,,,,,,,,,,,,,,,,,,,,,,,,,,,,,,,,↘️ 微減,-0.11,0.5499999999999999,↘️ 微減,-0.11,0.5399999999999999,↘️ 微減,-0.01,0.55,🔄 持平,-0.0,0.8300000000000001,,,,,,16.5,0,0.0,🔄 持平,0.0,0.0,➖ 持平,2,3,724.0
2012,春雨,鋼鐵工業,09/17,14.1,1.44,87.0,1.23,,53.0,0.75,⚠️ 放量滯漲 (拋壓增大，即將見頂反轉),141.17647058823528,1.64,,,,1.50,,,,,,🔄 持平 (0%),,,,,,,,,,,,,,,,,,,,,,,,,,,,,,,,,,,,🔄 持平,0.0,0.0,🔄 持平,-0.0,0.01,🔄 持平,-0.0,-0.46,🔄 持平,-0.0,-0.22000000000000003,,,,,,4.37,0,0.0,🔄 持平,0.0,0.0,➖ 持平,4,4,112.0
2013,中鋼構,鋼鐵工業,09/17,41.35,0.12,19.0,0.8,12.7,46.0,1.92,⚖️ 溫和震盪整理,-54.80225988700565,0.42,,,,7.00,,,,,,🔄 持平 (0%),,,,,,,,,,,,0.0,-10.6,,,,,,,,,,,,,,,,,,,,,,,↗️ 微增,0.07,0.16000000000000003,↗️ 微增,0.07,0.15999999999999998,↗️ 微增,0.07,0.15999999999999998,↗️ 微增,0.07,0.18,雙引擎 | 長短線,,,,,45.0,15.7,0.0,🔄 持平,1.6,0.0,➖ 持平,8,4,213.0
2014,中鴻,鋼鐵工業,09/17,16.55,1.22,1132.0,18.6,,2015.0,33.22,⚖️ 溫和震盪整理,6.2857142857142945,0.56,🔵120日,0.019999999999999574,6.956316132492633,7.00,📈 上升,,,,2.8002504276346167,,,,,,,,-0.72,-23.0,-4.0,-165.0,-6.6,0.0,-10.2,0.0,-510.0,0.0,,,,,,,,,,,,,,,,0.0,-841.0,,,↗️ 微增,0.08,0.8599999999999999,↗️ 微增,0.02,0.79,↗️ 微增,0.02,0.65,↘️ 微減,-0.01,0.7,,,,,,40.6,0,0.0,🔄 持平,0.0,0.0,➖ 持平,2,4,1186.0
2015,豐興,鋼鐵工業,09/17,64.2,0.78,59.0,3.81,15.0,142.0,9.1,⚖️ 溫和震盪整理,-77.04819277108435,0.42,,,,12.80,,,,,,🔄 持平 (0%),,,,,,,-31.0,-33.3,,,,,,,,,,,,,,,,,,,,,,,,,,,,↗️ 微增,0.03,0.34,↗️ 微增,0.04,0.009999999999999981,↗️ 微增,0.03,-0.13999999999999999,↗️ 微增,0.12,0.03000000000000001,雙引擎 | 長短線,,,,,12.1,4.79,0.0,🔄 持平,0.0,0.0,➖ 持平,7,4,236.0
2017,官田鋼,鋼鐵工業,09/17,8.74,0.11,282.0,2.47,,365.0,3.22,⏸️ 平量滯漲 (拋壓增大，高位見頂),-44.24379232505643,0.77,,,,1.80,,,,,,,,,,🌐 外資日連買(2)-🆕 試單觀察,,,,,,,,,,,,,,,,,,,,,,,,,,,,,,,,↘️ 微減,-0.22,-0.5999999999999999,↘️ 微減,-0.03,-0.6399999999999999,↘️ 微減,-0.03,-0.4699999999999999,↘️ 微減,-0.02,-0.6699999999999999,,,,,,22.5,40.6,0.0,🔄 持平,0.0,-7.5,🌟 遽減,2,3,753.0
2020,美亞,鋼鐵工業,09/17,21.5,0.23,131.0,2.82,10.3,261.0,5.63,⚖️ 溫和震盪整理,-6.000000000000005,0.5,,0.0,,2.00,🔄 持平,,,,,🔄 持平 (0%),,,,,,,,,,,,,,,,,,,,,,,,,,,,,,,,,,,,↗️ 微增,0.09,-0.07000000000000002,↗️ 微增,0.45,-0.06999999999999998,↗️ 微增,0.16,0.2,↗️ 微增,0.16,0.37,雙引擎,,,,,16.8,88.8,0.0,🔄 持平,0.1,0.0,➖ 持平,2,4,324.0
2022,聚亨,鋼鐵工業,09/17,7.18,0.42,246.0,1.75,,287.0,2.09,⏸️ 平量滯漲 (拋壓增大，高位見頂),-27.98353909465021,0.84,,0.0,,1.90,🔄 持平,,,,,,,,,,,,,,,,,,,,,,,,,,,,,,,,,,,,,,,,,↗️ 微增,0.06,0.06999999999999999,↗️ 微增,0.06,0.61,↗️ 微增,0.03,0.44999999999999996,↘️ 微減,-0.09,0.5800000000000001,,,,,,7.19,0,0.0,🔄 持平,0.0,0.0,➖ 持平,18,4,1167.0
2023,燁輝,鋼鐵工業,09/17,13.7,0.0,749.0,10.2,,1131.0,15.54,⚖️ 溫和震盪整理,-63.95759717314489,0.66,,,,4.00,,,,,,🔄 持平 (0%),🔄 持平 (0%),,💤 籌碼沉澱中,,,,,,,,,,,119.0,-1022.0,163.0,,,,,,1.36,5.97,,,34.0,143.0,46.6,,,,163.0,-1420.0,,,↗️ 微增,0.26,0.09999999999999996,↗️ 微增,0.2,0.12000000000000006,↗️ 微增,0.2,0.16000000000000003,↗️ 微增,0.12,0.09999999999999999,雙引擎 | 長短線,,,,,4.85,0,0.06,↗️ 微增,0.14,0.0,➖ 持平,12,4,5869.0
2024,志聯,鋼鐵工業,09/17,12.9,0.39,23.0,0.3,44.5,8.0,0.11,⚠️ 放量滯漲 (拋壓增大，即將見頂反轉),400.0,2.73,,,,0.60,,,,,,,,,,,,,,,,,,,,,,,,,,,,,,,,,,,,,,,,,,🔄 持平,0.0,0.01,🔄 持平,-0.0,0.01,🔄 持平,-0.0,0.01,🔄 持平,-0.0,0.01,,,,,,22.3,0,0.0,🔄 持平,0.0,0.0,➖ 持平,2,4,90.0
2025,千興,鋼鐵工業,09/17,12.35,2.92,435.0,5.32,9.5,331.0,4.08,⚖️ 溫和震盪整理,31.358024691358043,1.3,,0.0,,1.70,🔄 持平,,,,,,,,,🌐 外資日連買(2)-🆕 試單觀察,,,,,,,,,,,,,,,,,,5.38,10.9,-10.2,27.5,,,,,,,,,,,🔄 持平,0.0,0.28,🔄 持平,-0.0,0.28,📉 小減,-0.72,0.22000000000000003,↘️ 微減,-0.17,1.04,,,,,,6.03,0,1.16,🔥 大增,-1.0,0.0,➖ 持平,3,4,731.0
2027,大成鋼,鋼鐵工業,09/17,47.1,1.18,10660.0,502.0,9.85,13406.0,620.6,⏸️ 平量滯漲 (拋壓增大，高位見頂),-24.05446293494705,0.81,🔴5日 🟢60日 🔵120日,0.13681113849270332,28.53117986898547,25.30,🪜 階梯吸籌 | 📈 上升,0.39871431403600965,,5.375295905169381,10.280351077787873,,🔥 強延續 (18.6%),💤 籌碼沉澱中,🔥 持續加碼 (0.08%),🌐 外資日連買(3)-🆕 試單觀察 | 🏦 投信日連買(6)-⚡ 買盤點火 | 🏦 投信週連買(3)-🌱 週線發動,,,-0.37,-5.35,-81.0,-1234.0,-381.5,,,,,,,,,,,,,,,,,,,,,,,,,📉 小減,-0.53,1.98,↘️ 微減,-0.46,2.22,↘️ 微減,-0.39,2.11,↘️ 微減,-0.34,2.25,,,,,,4.38,2.2,0.0,🔄 持平,-0.01,0.0,➖ 持平,3,4,14118.0
2028,威致,鋼鐵工業,09/17,15.6,0.0,102.0,1.59,36.3,77.0,1.21,⏸️ 平量滯漲 (拋壓增大，高位見頂),87.05882352941178,1.31,,,,0.80,,,,,,🔄 持平 (0%),,,,,,,,,,,,,,,,,,,,,,,,,,,,,,,,,,,,↗️ 微增,0.02,0.08,↗️ 微增,0.02,0.09,↗️ 微增,0.02,-0.12000000000000001,↗️ 微增,0.02,-0.07,雙引擎,,,,,10.8,0,0.0,🔄 持平,0.0,0.0,➖ 持平,5,4,277.0
2029,盛餘,鋼鐵工業,09/17,20.85,1.21,336.0,6.96,17.4,351.0,7.35,⏸️ 平量滯漲 (拋壓增大，高位見頂),9.262166405023553,0.95,,-67.63593498972538,,67.80,📉 下降,,,,,🔄 持平 (0%),,💤 籌碼沉澱中,,,,,0.14,-5.45,,,,0.0,-12.4,,,,,,,,,,,,,,,,,,,,,,,↘️ 微減,-0.4,-0.68,↗️ 微增,0.14,-0.13,↘️ 微減,-0.12,0.049999999999999996,↘️ 微減,-0.29,0.13999999999999999,,,,,,65.8,0,0.0,🔄 持平,0.0,0.0,➖ 持平,1,4,345.0
2030,彰源,鋼鐵工業,09/17,23.5,3.52,2177.0,50.5,12.0,2460.0,56.74,⚖️ 溫和震盪整理,-20.472440944881885,0.89,🔴5日 🟡20日 🟢60日 🔵120日,0.34000000000000163,10.63,10.60,🪜 階梯吸籌 | 📈 上升,0.5400000000000009,2.9700000000000006,5.240000000000001,8.360000000000001,🔥 強延續 (43.8%),,🔥 持續加碼 (0.34%),,🌐 外資日連買(3)-🆕 試單觀察 | 🌐 外資週連買(7)-🚀 趨勢加溫,,,1.5,-15.8,42.0,-534.0,98.7,,,,,,,,,,,,,,,,,,,,,,,,,📉 小減,-0.7,4.61,↗️ 微增,0.2,5.47,↘️ 微減,-0.09,5.4,↗️ 微增,0.03,5.609999999999999,,,,,,25.4,33.4,1.4,🔥 大增,1.4,-1.9,✅ 大減,3,4,3157.0
2031,新光鋼,鋼鐵工業,09/17,44.3,1.96,431.0,19.0,6.86,523.0,22.82,⚖️ 溫和震盪整理,-53.883495145631066,0.83,🟢60日 🔵120日,0.049999999999998934,10.781460493021775,10.20,📈 上升,,,2.60636691750444,2.4111688545752408,,,,,,,,,,,,,,,,,,,,,,,,,,,,,,,,,,,,,↘️ 微減,-0.25,1.4900000000000002,↗️ 微增,0.05,1.25,↘️ 微減,-0.16,1.5099999999999998,↗️ 微增,0.02,1.25,,,,,,19.8,27.3,0.0,🔄 持平,1.1,0.0,➖ 持平,5,4,720.0
2032,新鋼,鋼鐵工業,09/17,16.85,1.51,248.0,4.17,11.5,309.0,5.14,⚖️ 溫和震盪整理,-51.17096018735363,0.81,🔵120日,0.08000000000000007,3.47,3.50,📈 上升,,,,2.42,,,,,,,,,,,,,,,,,,,,,,,,,,,,,,,,,,,,,↗️ 微增,0.04,0.29,📉 小減,-0.64,0.3,↗️ 微增,0.47,1.43,↘️ 微減,-0.31,0.71,,,,,,8.88,38.8,0.0,🔄 持平,0.0,0.0,➖ 持平,2,4,326.0
2033,佳大,鋼鐵工業,09/17,30.85,9.98,3407.0,101.0,93.5,1560.0,44.4,🚀 放量大漲 (量價齊升，持續看漲),194.46064139941694,2.27,,0.0,,1.30,🔄 持平,,,,,,,💤 籌碼沉澱中,,🌐 外資日連買(2)-🆕 試單觀察 | 🌐 外資週連買(2)-🌱 週線發動,,,,,,,,,,,,,73.8,24.1,59.0,27.0,182.0,,,,,,,,,,,,,,,📈 小增,0.71,3.9199999999999995,📈 小增,0.53,4.94,📈 小增,0.53,4.0200000000000005,📈 小增,0.58,4.59,雙引擎 | 長短線,,,,,14.3,0,0.0,🔄 持平,0.0,0.0,➖ 持平,5,4,5679.0
2034,允強,鋼鐵工業,09/17,21.05,1.69,1512.0,31.6,50.1,966.0,19.94,⚖️ 溫和震盪整理,103.87096774193547,1.58,🟡20日 🟢60日 🔵120日,0.1800000000000006,5.82,5.80,🪜 階梯吸籌 | 📈 上升,,0.8399999999999999,1.6400000000000006,2.47,🔥 強延續 (63.3%),,🔥 持續加碼 (0.18%),,🌐 外資日連買(4)-🆕 試單觀察 | 🌐 外資週連買(7)-🚀 趨勢加溫,🔼 進駐,,,,,,,,,-67.0,-149.0,-141.0,,,18.0,12.0,37.9,,,,,,,,,,,,,,,↗️ 微增,0.39,1.3499999999999999,📈 小增,0.71,1.38,↗️ 微增,0.19,0.8799999999999999,↗️ 微增,0.18,1.57,雙引擎 | 長短線,,,,,22.3,14.0,0.0,🔄 持平,-0.3,0.0,➖ 持平,4,4,3975.0
2038,海光,鋼鐵工業,09/17,12.1,0.83,83.0,1.0,,124.0,1.52,⚖️ 溫和震盪整理,-33.333333333333336,0.66,,,,1.70,,,,,,,,,,🌐 外資日連買(2)-🆕 試單觀察,,,,,,,,,,0.0,-171.0,0.0,,,0.0,15.0,0.0,0.19,2.84,,,7.0,101.0,8.5,,,,,,,,🔄 持平,0.0,0.21000000000000005,🔄 持平,-0.0,0.20000000000000004,↘️ 微減,-0.03,0.15000000000000002,↘️ 微減,-0.25,-0.08,,,,,,31.9,0,0.0,🔄 持平,0.0,0.0,➖ 持平,3,4,210.0
2049,上銀,電機機械,09/17,336.0,1.36,2516.0,845.0,51.0,5620.0,1909.0,⚖️ 溫和震盪整理,12.367021276595747,0.44,🟢60日 🔵120日,0.17971734823805008,39.570903673862375,39.00,📈 上升,,,3.193062687864497,9.242512756074014,🔄 持平 (0%),📉 調節洗盤 (-0.04%),💤 籌碼沉澱中,🔄 今日量縮持平,🏦 投信週連買(2)-🌱 週線發動,,,,,,,,,,,,,8.82,29.1,9.0,25.0,302.4,,,-1.44,19.4,,,,-64.0,711.0,-2150.4,,,-2149.0,23435.0,📈 小增,0.67,0.20999999999999996,📈 小增,0.7,1.23,🔥 大增,1.08,2.3600000000000003,📈 小增,0.71,2.81,雙引擎 | 長短線,,,,,9.33,10.8,0.0,🔄 持平,-0.5,0.0,➖ 持平,3,4,7465.0
2059,川湖,電子零組件業,09/17,12295.0,2.08,454.0,5650.0,67.8,352.0,4272.2,⚖️ 溫和震盪整理,2.2809558291093435,1.32,,0.0,,23.50,🔄 持平,,,,,,🔥 強延續 (15.0%),💤 籌碼沉澱中,🔥 持續加碼 (0.07%),🏦 投信日連買(4)-🆕 試單觀察,,,,,,,,1.13,-20.6,,,,,,,,,,,,,,,,,,,1245.0,-27699.0,,,↘️ 微減,-0.04,-1.88,↘️ 微減,-0.06,-0.09999999999999987,↘️ 微減,-0.05,-0.76,↘️ 微減,-0.37,-0.3100000000000001,,,,,,14.1,0,0.0,🔄 持平,0.0,0.0,➖ 持平,4,3,448.0
2062,橋椿,居家生活,09/17,18.05,0.0,201.0,3.63,64.5,151.0,2.73,⏸️ 平量滯漲 (拋壓增大，高位見頂),72.03791469194314,1.33,,0.0,,6.80,🔄 持平,,,,,🔄 持平 (0%),,,,,,,,,,,,-0.83,-28.5,-5.0,-239.0,-9.0,,,,,,,,,,,,,,,,,,,,🔄 持平,0.0,0.54,🔄 持平,-0.0,0.07,↗️ 微增,0.12,-0.5499999999999999,📉 小減,-0.56,0.009999999999999953,,,,,,14.9,0,0.0,🔄 持平,0.0,0.0,➖ 持平,1,3,140.0
2069,運錩,鋼鐵工業,09/17,24.2,2.33,1277.0,30.4,9.45,1797.0,42.92,⚖️ 溫和震盪整理,33.920704845814974,0.71,🔴5日 🟡20日 🟢60日 🔵120日,0.009999999999998899,4.214207063592458,4.20,🪜 階梯吸籌 | ⚠️ 趨緩,0.2199999999999993,0.8599999999999994,1.5199999999999996,2.6599999999999997,🔄 持平 (0%),,🔥 持續加碼 (0.05%),,🌐 外資日連買(3)-🆕 試單觀察 | 🌐 外資週連買(7)-🚀 趨勢加溫,,,,,,,,,,,,,13.6,28.2,6.0,11.0,14.5,,,,,27.0,521.0,65.3,,,,,,,,↘️ 微減,-0.05,1.5899999999999999,📈 小增,0.98,2.08,📈 小增,0.5,1.1999999999999997,📈 小增,0.81,1.78,,,,,,27.3,0,0.0,🔄 持平,0.0,0.0,➖ 持平,2,4,1500.0
2072,世紀風電,綠能環保,09/17,129.0,1.98,268.0,34.1,8.27,237.0,30.32,⚖️ 溫和震盪整理,67.15686274509807,1.12,,0.0,,1.30,🔄 持平,,,,,,,,,🌐 外資週連買(2)-🌱 週線發動,,,,,,,,,,,,,,,,,,,,1.21,9.69,,,,,,,,,,,↘️ 微減,-0.03,-0.85,↘️ 微減,-0.03,-0.84,↘️ 微減,-0.43,-0.8400000000000001,↘️ 微減,-0.43,-0.8400000000000001,,,,,,55.2,0.09,0.0,🔄 持平,-5.0,0.0,➖ 持平,3,2,181.0
2101,南港,橡膠工業,09/17,30.35,1.68,991.0,30.0,5.31,1219.0,36.7,⚖️ 溫和震盪整理,-50.33112582781456,0.82,,0.0,,6.20,🔄 持平,,,,,,,,,,,,,,,,,,,,,,,,,,,,,,,,,,16.0,310.0,48.6,,,,,↘️ 微減,-0.48,-1.19,↘️ 微減,-0.01,-0.99,🔄 持平,-0.0,-0.76,↘️ 微減,-0.18,-0.86,,,,,,3.44,0,0.0,🔄 持平,-0.6,0.0,➖ 持平,4,4,953.0
2102,泰豐,橡膠工業,09/17,18.1,1.4,216.0,3.9,2.08,130.0,2.33,⚠️ 放量滯漲 (拋壓增大，即將見頂反轉),41.81818181818182,1.67,🟡20日,0.040000000000000036,4.0,4.00,🪜 階梯吸籌 | 📈 上升,,0.5499999999999998,,,🔥 強延續 (75.8%),,,,🌐 外資日連買(4)-🆕 試單觀察 | 🌐 外資週連買(3)-🌱 週線發動,🔼 進駐,,,,,,,-1.95,-8.12,-109.0,-483.0,-197.3,,,,,,,,,,,,,,,,-196.0,-863.0,,,↗️ 微增,0.2,1.04,↗️ 微增,0.17,1.19,↗️ 微增,0.14,0.73,↗️ 微增,0.26,0.8800000000000001,雙引擎 | 長短線,,,,,31.5,0,0.0,🔄 持平,0.0,0.0,➖ 持平,7,4,1173.0
2103,台橡,橡膠工業,09/17,28.2,5.03,7673.0,213.0,11.3,4538.0,121.46,🚀 放量大漲 (量價齊升，持續看漲),17.03296703296704,1.75,🔴5日 🟡20日 🟢60日 🔵120日,0.42000000000000526,26.862700958471404,26.50,🪜 階梯吸籌 | 📈 上升 | 🚀 衝進🟡20日榜單,0.6700000000000017,0.5599999999999987,3.2796191143278186,6.006833632668055,🔥 強延續 (47.1%),,🔥 持續加碼 (0.44%),,🌐 外資日連買(3)-🆕 試單觀察,🔥 點火,,,,,,,,,-209.0,-379.0,-589.4,29.0,18.7,20.0,14.0,56.4,2.9,1.12,,,348.0,137.0,981.4,,,,-581.0,-1013.0,,,↘️ 微減,-0.22,2.5,↗️ 微增,0.03,2.32,↘️ 微減,-0.15,2.41,↘️ 微減,-0.34,2.2699999999999996,,,,,,14.1,37.5,0.0,🔄 持平,0.0,-1.7,✅ 大減,5,4,4551.0
2104,國際中橡,橡膠工業,09/17,10.75,2.87,4747.0,50.8,,4716.0,49.94,⚖️ 溫和震盪整理,7.3995771670190225,1.02,🟡20日,0.25,5.870816571080327,6.20,🪜 階梯吸籌 | 📈 上升,,0.6900000000000004,,,🔥 強延續 (50.2%),,🔥 持續加碼 (0.24%),,🌐 外資日連買(2)-🆕 試單觀察 | 🌐 外資週連買(2)-🌱 週線發動,,,,,,,,-0.05,-8.87,-7.0,-1369.0,-7.5,43.9,41.8,29.0,28.0,31.2,,,,,7.0,142.0,7.5,,,,-7.48,-1424.0,,,↘️ 微減,-0.05,0.8800000000000001,↗️ 微增,0.14,0.8700000000000001,🔄 持平,-0.0,0.5,↗️ 微增,0.03,0.2,,,,,,17.9,1.09,0.0,🔄 持平,0.0,0.0,➖ 持平,4,4,4120.0
2105,正新,橡膠工業,09/17,30.1,0.67,3041.0,91.6,16.5,4452.0,133.9,⚖️ 溫和震盪整理,-65.17110266159696,0.68,🟢60日,0.0,6.878496921722658,8.60,🔄 持平,,,1.522530493356653,,,🔄 持平 (0.0%),,🔄 今日量縮持平,🏦 投信週連買(2)-🌱 週線發動,,,,,,,,,,,,,-7.14,44.4,,,,,,5.38,13.4,,,,1139.0,2632.0,3428.4,,,3430.0,7898.0,↘️ 微減,-0.11,-0.73,↘️ 微減,-0.11,-0.6599999999999999,↘️ 微減,-0.11,-0.67,↘️ 微減,-0.05,-0.51,,,,,,12.8,0,0.0,🔄 持平,0.0,0.0,➖ 持平,1,4,1166.0
2106,建大,橡膠工業,09/17,16.65,0.91,490.0,8.12,34.7,781.0,12.96,⚖️ 溫和震盪整理,-61.33333333333334,0.63,,0.0,,7.30,🔄 持平,,,,,,🔄 持平 (0.0%),,🔄 今日量縮持平,,,,,,,,,2.07,-10.6,45.0,-262.0,74.9,,,,,,,,,,,,,,,,,,,,↘️ 微減,-0.27,-0.31999999999999995,↘️ 微減,-0.25,-0.4800000000000001,↘️ 微減,-0.17,-0.33000000000000007,↘️ 微減,-0.08,-0.48,,,,,,23.9,1.92,0.0,🔄 持平,-0.3,0.0,➖ 持平,6,4,2177.0
2107,厚生,橡膠工業,09/17,26.85,0.94,180.0,4.82,14.2,241.0,6.45,⏸️ 平量滯漲 (拋壓增大，高位見頂),-46.97469746974697,0.75,,,,6.60,,,,,,🔄 持平 (0%),,,,,,,,,,,,,,,,,,,,,,,,,,,,,,,,,,,,↗️ 微增,0.12,0.8299999999999998,↗️ 微增,0.12,0.83,↗️ 微增,0.13,0.8700000000000001,↗️ 微增,0.12,0.6699999999999999,雙引擎 | 長短線,,,,,26.7,30.3,0.0,🔄 持平,0.1,0.0,➖ 持平,15,4,954.0
2108,南帝,橡膠工業,09/17,29.0,3.02,734.0,21.1,16.3,927.0,26.16,⚖️ 溫和震盪整理,-51.93621867881548,0.81,🟢60日,0.0600000000000005,6.651680487885362,6.60,🪜 階梯吸籌 | 📈 上升,,,1.3916804878853624,,,,,,🌐 外資日連買(2)-🆕 試單觀察,,,,,,,,,,,,,13.0,251.0,15.0,93.0,43.5,,,,,,,,,,,,,,,↗️ 微增,0.24,0.96,↗️ 微增,0.05,0.82,↘️ 微減,-0.22,0.9199999999999999,↘️ 微減,-0.09,0.76,,,,,,37.6,0,0.0,🔄 持平,0.1,0.0,➖ 持平,2,4,420.0
2109,華豐,橡膠工業,09/17,14.8,0.68,75.0,1.11,10.8,98.0,1.44,⏸️ 平量滯漲 (拋壓增大，高位見頂),32.14285714285716,0.77,,,,15.30,,,,,,,,,,,,,,,,,,,,,,,,,,,,,,,,,,,,,,,,,,🔄 持平,0.0,-0.03,🔄 持平,-0.0,0.27999999999999997,🔄 持平,-0.0,0.009999999999999998,↘️ 微減,-0.02,0.15000000000000002,,,,,,15.2,20.8,0.0,🔄 持平,0.0,0.0,➖ 持平,1,4,167.0
2114,鑫永銓,橡膠工業,09/17,89.1,0.56,29.0,2.6,14.2,20.0,1.83,⏸️ 平量滯漲 (拋壓增大，高位見頂),12.554112554112562,1.42,,,,4.20,,,,,,,,,,,,,-10.0,-35.7,,,,0.0,-11.3,,,,,,,,,,,,,,,,,,,,,,,↗️ 微增,0.04,0.12,↗️ 微增,0.04,0.12,↗️ 微增,0.04,0.11,↗️ 微增,0.04,0.13,雙引擎 | 長短線,,,,,40.8,0,0.0,🔄 持平,0.0,0.0,➖ 持平,2,3,121.0
2115,六暉-KY,汽車工業,09/17,23.95,1.27,95.0,2.28,15.2,73.0,1.75,⏸️ 平量滯漲 (拋壓增大，高位見頂),54.054054054054035,1.3,,0.0,,44.40,🔄 持平,,,,,,,,,,,,,,,,,0.0,-22.4,,,,,,,,,,,,,,,,,,,,,,,↗️ 微增,0.02,0.13999999999999999,↗️ 微增,0.02,0.15999999999999998,↗️ 微增,0.01,0.13,↘️ 微減,-0.02,0.54,,,,,,12.0,0,0.0,🔄 持平,0.0,0.0,➖ 持平,9,4,331.0
2201,裕隆,汽車工業,09/17,30.6,2.51,3280.0,99.8,33.6,3064.0,92.18,⚖️ 溫和震盪整理,46.76470588235293,1.08,🔴5日,0.20999999999999996,5.135203872457902,5.20,🪜 階梯吸籌 | 📈 上升,0.46738318062957074,,,,,🔄 持平 (0%),,💤 籌碼沉澱中,,,,,,,,,,,,,,,,,,,,,1.35,7.25,-36.0,196.0,-110.2,793.0,4032.0,2426.6,,,2413.0,12139.0,↗️ 微增,0.19,0.15999999999999998,↗️ 微增,0.12,-0.34999999999999987,↘️ 微減,-0.08,-0.36999999999999994,↘️ 微減,-0.38,-0.66,,,,,,34.5,1.72,0.0,🔄 持平,0.0,0.0,➖ 持平,6,4,644.0
2204,中華,汽車工業,09/17,52.6,0.96,314.0,16.5,8.46,474.0,24.84,⚖️ 溫和震盪整理,-33.734939759036145,0.66,,0.0,,18.80,🔄 持平,,,,,,🔄 持平 (0%),,💤 籌碼沉澱中,,,,,,,,,,,,,,,,,,,,,,,,,,18.0,258.0,94.7,,,,,↘️ 微減,-0.06,-0.8099999999999998,↘️ 微減,-0.06,-0.6599999999999999,↘️ 微減,-0.03,-0.5799999999999998,↘️ 微減,-0.23,-0.77,,,,,,47.6,0,0.0,🔄 持平,0.0,0.0,➖ 持平,3,3,302.0
2206,三陽工業,汽車工業,09/17,64.0,0.63,613.0,39.0,10.9,730.0,46.18,⏸️ 平量滯漲 (拋壓增大，高位見頂),17.824773413897276,0.84,,0.0,,7.90,🔄 持平,,,,,,🔄 持平 (0.0%),,🔄 今日量縮持平,,,,,,,,,,,-60.0,-227.0,-384.0,,,,,,,,,,,,,,,,-382.0,-1438.0,,,↗️ 微增,0.11,0.43,↗️ 微增,0.12,0.54,↗️ 微增,0.11,0.28,↗️ 微增,0.18,0.19,雙引擎 | 長短線,,,,,8.26,53.3,0.0,🔄 持平,0.1,0.0,➖ 持平,18,4,3396.0
2207,和泰車,汽車工業,09/17,532.0,2.31,243.0,129.0,13.1,289.0,151.92,⚖️ 溫和震盪整理,-63.24786324786324,0.85,,0.0,,22.50,🔄 持平,,,,,⚠️ 趨緩 (15.4%),🔄 持平 (0%),,💤 籌碼沉澱中,🌐 外資日連買(2)-🆕 試單觀察 | 🌐 外資週連買(4)-🌱 週線發動,,,,,,,,,,,,,,,,,,-2.33,2.44,,,,,,,,,477.0,-2525.0,,,↗️ 微增,0.28,0.38000000000000006,↗️ 微增,0.11,0.049999999999999975,↘️ 微減,-0.03,0.05,↗️ 微增,0.02,0.34,雙引擎 | 長短線,,,,,21.3,0,0.0,🔄 持平,0.0,0.0,➖ 持平,7,4,510.0
2208,台船,航運業,09/17,19.0,0.8,1058.0,20.0,38.8,1758.0,33.42,⚖️ 溫和震盪整理,73.91304347826086,0.6,,,,6.60,,,,,,,,,,,,,,,,,,,,,,,,,,,,,,,,,,,,,,,,,,↘️ 微減,-0.11,-0.83,↗️ 微增,0.03,-0.75,↗️ 微增,0.09,-0.38,↘️ 微減,-0.02,-0.55,,,,,,33.1,0,0.0,🔄 持平,0.0,0.0,➖ 持平,3,3,672.0
2211,長榮鋼,鋼鐵工業,09/17,80.5,0.5,320.0,25.7,10.9,846.0,68.36,⚖️ 溫和震盪整理,-11.379310344827587,0.38,,0.0,,3.80,🔄 持平,,,,,🔄 持平 (0%),🔄 持平 (0%),💤 籌碼沉澱中,💤 籌碼沉澱中,,,,,,,,,,,,,,,,,,,,,,,,,,,,,,,,,↗️ 微增,0.05,-0.85,↗️ 微增,0.24,-1.06,↗️ 微增,0.05,-1.57,↗️ 微增,0.05,-1.4100000000000001,雙引擎,,,,,22.8,0,0.0,🔄 持平,0.0,0.0,➖ 持平,3,4,234.0
2227,裕日車,汽車工業,09/17,45.35,-0.33,42.0,1.9,,55.0,2.53,⏸️ 平量滯漲 (拋壓增大，高位見頂),8.571428571428562,0.75,,0.0,,40.40,🔄 持平,,,,,🔄 持平 (0%),,,,,,⚠️ 初危,,,,,,,,,,,,,,,,,,,,,,,,,,,,,,🔄 持平,0.0,0.0,🔄 持平,-0.0,0.0,🔄 持平,-0.0,0.0,🔄 持平,-0.0,0.0,,,,,,87.8,0,0.0,🔄 持平,0.0,0.0,➖ 持平,4,4,48.0
2228,劍麟,汽車工業,09/17,76.9,2.53,73.0,5.55,18.9,62.0,4.71,⚖️ 溫和震盪整理,10.999999999999988,1.18,,0.0,,3.90,🔄 持平,,,,,🔥 強延續 (64.5%),,,,🌐 外資週連買(2)-🌱 週線發動,🔼 進駐,,,,,,,,,,,,,,,,,,,,,,,,,,,,,,,🔄 持平,0.0,0.0,🔄 持平,-0.0,0.0,🔄 持平,-0.0,0.0,↘️ 微減,-0.02,-1.1700000000000002,,,,,,30.0,0,0.0,🔄 持平,-0.1,0.0,➖ 持平,5,4,268.0
2231,為升,汽車工業,09/17,90.5,0.78,87.0,7.92,,99.0,8.88,⏸️ 平量滯漲 (拋壓增大，高位見頂),15.283842794759828,0.89,,,,4.00,,,,,,,,,,🌐 外資日連買(2)-🆕 試單觀察,,,,,,,,,,,,,,,,,,,,,,,,,,,,,,,,📉 小減,-0.75,-0.9600000000000001,↘️ 微減,-0.03,0.45,↘️ 微減,-0.03,0.45,↘️ 微減,-0.35,-1.06,,,,,,27.6,15.7,0.0,🔄 持平,-0.1,0.0,➖ 持平,3,4,106.0
2233,宇隆,汽車工業,09/17,157.0,-0.63,444.0,71.0,23.1,425.0,67.16,⏸️ 平量滯漲 (拋壓增大，高位見頂),31.970260223048342,1.06,🔴5日 🟡20日 🟢60日 🔵120日,-0.03999999999999915,10.866709234389566,9.10,📉 下降,0.4800000000000004,0.5764574544733048,4.288197941387725,6.2016384896525745,⚠️ 趨緩 (1.67%),🔄 持平 (0%),🔥 持續加碼 (0.01%),💤 籌碼沉澱中,🌐 外資日連買(2)-🆕 試單觀察 | 🌐 外資週連買(6)-🚀 趨勢加溫,,,-1.21,-10.8,-36.0,-357.0,-565.2,-5.07,-10.5,,,,,,,,,,,,,,,,,,,-495.0,-1092.0,,,↘️ 微減,-0.09,0.2799999999999998,↘️ 微減,-0.09,-2.75,↘️ 微減,-0.04,-5.960000000000001,📈 小增,0.89,-4.99,,,,,,33.2,19.0,0.0,🔄 持平,-0.5,0.0,➖ 持平,3,4,867.0
2236,百達-KY,汽車工業,09/17,117.0,2.63,338.0,39.2,,689.0,78.68,📈 價升量縮 (量價背離，下方承接看拉高),-83.24786324786324,0.5,,,,48.90,,,,,,,,,,🌐 外資日連買(2)-🆕 試單觀察,,,,,,,,,,,,,0.0,60.0,,,,,,,,-4.0,364.0,-46.8,,,,,,,,🚀 劇增,1.99,1.61,↗️ 微增,0.42,1.6400000000000001,↗️ 微增,0.42,0.5099999999999999,↗️ 微增,0.38,1.19,雙引擎 | 長短線,,,,,,,,無,,,無,3,4,754.0
2239,英利-KY,汽車工業,09/17,19.2,-1.03,231.0,4.42,,74.0,1.41,⚠️ 放量滯漲 (拋壓增大，即將見頂反轉),375.268817204301,3.13,,0.0,,75.30,🔄 持平,,,,,🔄 持平 (0%),,,,🌐 外資週連買(6)-🚀 趨勢加溫,,,,,,,,,,,,,,,,,,,,,,,,,,,,,,,,🔄 持平,0.0,0.01,↗️ 微增,0.07,0.16,↗️ 微增,0.07,0.15,↗️ 微增,0.07,0.15999999999999998,,,,,,22.1,0,0.0,🔄 持平,0.0,0.0,➖ 持平,2,4,44.0
2241,艾姆勒,汽車工業,09/17,33.7,0.15,1362.0,45.9,,443.0,14.91,⚠️ 放量滯漲 (拋壓增大，即將見頂反轉),466.6666666666667,3.08,,0.0,,8.20,🔄 持平,,,,,,,,,🌐 外資日連買(2)-🆕 試單觀察,,,,,,,,,,,,,,,,,,,,,,19.0,124.0,64.0,,,,,,,,↗️ 微增,0.05,-0.68,↗️ 微增,0.05,-0.68,↗️ 微增,0.05,-1.4700000000000002,↗️ 微增,0.06,-2.9299999999999997,雙引擎,,,,,10.6,64.9,0.0,🔄 持平,0.0,0.0,➖ 持平,12,4,479.0
2243,宏旭-KY,汽車工業,09/17,49.05,2.51,227.0,11.0,41.9,422.0,20.53,📈 價升量縮 (量價背離，下方承接看拉高),-67.16417910447761,0.54,🔵120日,0.15000000000000213,27.1818058859166,27.00,📈 上升,,,,2.301805885916597,,,,,,,,,,,,,,,,,,,,,,,,,,,,,,,,,,,,,↗️ 微增,0.05,-1.3,↗️ 微增,0.05,-2.5300000000000002,↗️ 微增,0.05,-1.73,📉 小減,-0.59,-0.15999999999999998,,,,,,17.6,0,0.0,🔄 持平,0.0,0.0,➖ 持平,4,4,146.0
2247,汎德永業,汽車工業,09/17,231.0,0.65,61.0,14.0,16.7,28.0,6.32,⚠️ 放量滯漲 (拋壓增大，即將見頂反轉),302.2988505747127,2.22,,,,4.10,,,,,,🔥 強延續 (37.7%),🔄 持平 (0%),,💤 籌碼沉澱中,🌐 外資日連買(14)-🔥 波段認養 | 🌐 外資週連買(5)-🚀 趨勢加溫,🔼 進駐,,,,,,,,,,,,,,,,,,,,,,,,,,,,,,,🔄 持平,0.0,0.0,🔄 持平,-0.0,0.0,🔄 持平,-0.0,0.0,🔄 持平,-0.0,0.0,,,,,,35.1,0,0.0,🔄 持平,0.0,0.0,➖ 持平,18,4,85.0
2248,華勝-KY,汽車工業,09/17,60.8,1.0,161.0,9.77,8.42,58.0,3.48,⚠️ 放量滯漲 (拋壓增大，即將見頂反轉),1256.9444444444446,2.81,,0.0,,50.70,🔄 持平,,,,,,,,,,,,,,,,,,,,,,,,,,,,,,,,,,,,,,,,,↗️ 微增,0.01,-2.1,↗️ 微增,0.01,-2.09,↘️ 微減,-0.2,-0.83,↘️ 微減,-0.19,-0.8,,,,,,39.0,11.3,0.0,🔄 持平,0.1,0.0,➖ 持平,3,4,500.0
2250,IKKA-KY,汽車工業,09/17,56.1,0.54,93.0,5.25,21.6,72.0,4.04,⏸️ 平量滯漲 (拋壓增大，高位見頂),-14.77272727272727,1.3,,0.0,,6.10,🔄 持平,,,,,🔄 持平 (0%),,💤 籌碼沉澱中,,,,,,,,,,-4.4,-13.9,,,,,,,,,,,,,,,,,,,,,,,🔄 持平,0.0,0.0,🔄 持平,-0.0,0.03,🔄 持平,-0.0,0.03,🔄 持平,-0.0,0.03,,,,,,12.1,0,0.0,🔄 持平,0.0,0.0,➖ 持平,10,3,133.0
2301,光寶科,電腦及週邊設備業,09/17,278.0,0.36,10540.0,2948.0,32.5,15183.0,4206.6,⚖️ 溫和震盪整理,-21.239647341704515,0.7,🟢60日 🔵120日,0.0018133871260630485,37.374384152716125,43.20,📈 上升,,,2.485564522124527,7.990756178540018,,🔄 持平 (0%),,💤 籌碼沉澱中,🏦 投信日連買(4)-🆕 試單觀察,,,0.2,-8.59,34.0,-1586.0,945.2,-3.14,-9.76,-120.0,-400.0,-3336.0,,,,,,0.2,-8.59,,,,,,,,,-3356.0,-11095.0,,,📉 小減,-0.55,2.1399999999999997,↘️ 微減,-0.49,2.45,📉 小減,-0.63,2.62,↘️ 微減,-0.44,2.8,,,,,,6.31,8.29,0.0,🔄 持平,0.05,0.0,➖ 持平,5,4,9665.0
2302,麗正,半導體業,09/17,44.2,0.0,9551.0,427.0,41.3,4227.0,184.04,⚠️ 放量滯漲 (拋壓增大，即將見頂反轉),67.45098039215686,2.32,🔴5日 🟡20日,0.27,3.145517623353741,3.00,🪜 階梯吸籌 | ⚠️ 趨緩,1.36,1.655790812547619,,,🔄 持平 (0%),,🔥 持續加碼 (0.28%),,🌐 外資日連買(2)-🆕 試單觀察,,,,,198.0,-206.0,875.2,,,,,,0.51,75.9,1.0,85.0,4.4,,,,,,,,,,,,,,,🔄 持平,0.0,0.0,📈 小增,0.5,0.3999999999999999,↘️ 微減,-0.31,0.4099999999999999,🔄 持平,-0.0,1.54,,,,,,25.7,0,0.0,🔄 持平,0.0,0.0,➖ 持平,2,2,1087.0
2303,聯電,半導體業,09/17,147.5,3.87,256821.0,37744.0,22.0,145877.0,20779.8,⚖️ 溫和震盪整理,128.47457627118644,1.82,🔴5日 🟡20日,0.24202698105715825,31.68160364359741,41.10,🪜 階梯吸籌 | 📈 上升,0.3664944349680965,0.6759504813799282,,,,🔥 強延續 (10.9%),💤 籌碼沉澱中,🔥 持續加碼 (0.22%),🌐 外資日連買(2)-🆕 試單觀察 | 🏦 投信日連買(10)-🔥 波段認養 | 🏦 投信週連買(3)-🌱 週線發動,,,,,,,,,,,,,,,1068.0,1011.0,15753.0,4.61,3.03,-0.6,26.1,9149.0,6107.0,134947.8,-416.0,14247.0,-6136.0,,,-6114.0,199712.0,📈 小增,0.65,-0.7600000000000001,📈 小增,0.68,-0.6400000000000001,📈 小增,0.71,-0.65,📈 小增,0.74,-0.5599999999999998,雙引擎,,,,,6.11,22.8,0.01,↗️ 微增,0.01,0.0,➖ 持平,7,4,97419.0
2305,全友,電腦及週邊設備業,09/17,54.3,9.92,7012.0,376.0,66.2,43587.0,1931.0,🔒 縮量大漲 (鎖倉高控盤，延續上漲),-69.65294592413235,0.19,🔴5日 🟡20日 🔵120日,0.7399999999999984,6.104201541453492,6.00,🪜 階梯吸籌 | ⚠️ 趨緩,3.2399999999999993,3.4661101002477244,,3.4442015414534914,,,🔥 持續加碼 (0.74%),,🌐 外資日連買(2)-🆕 試單觀察 | 🌐 外資週連買(2)-🌱 週線發動,,,,,,,,,,,,,46.8,491.0,1106.0,2883.0,6005.6,-7.54,25.7,,,-838.0,2102.0,-4550.3,,,,,,,,🚀 劇增,2.68,0.040000000000000036,🚀 劇增,2.63,-0.8200000000000001,🚀 劇增,1.69,-1.0699999999999998,🚀 劇增,1.85,0.08000000000000007,雙引擎 | 長短線,,,,,50.5,0,0.0,🔄 持平,16.8,0.0,➖ 持平,2,4,2664.0
2308,台達電,電子零組件業,09/17,1685.0,-1.46,10796.0,18535.0,53.6,12334.0,20495.0,⏸️ 平量滯漲 (拋壓增大，高位見頂),2.1099603349493234,0.9,,0.0,,61.50,🔄 持平,,,,,,,,,🏦 投信日連買(2)-🆕 試單觀察,,,,,,,,,,,,,13.7,70.6,7.0,24.0,1179.5,,,2.06,6.6,55.0,152.0,9267.5,160.0,490.0,26960.0,,,27469.0,78754.0,↘️ 微減,-0.31,-0.6800000000000002,↘️ 微減,-0.21,-1.07,↘️ 微減,-0.3,-0.8700000000000001,↘️ 微減,-0.26,-0.66,,,,,,7.32,0.15,0.0,🔄 持平,0.0,0.0,➖ 持平,5,3,2453.0
2312,金寶,其他電子業,09/17,31.0,0.16,8741.0,273.0,25.8,8667.0,268.0,⏸️ 平量滯漲 (拋壓增大，高位見頂),-17.771084337349397,1.02,,0.0,,9.10,🔄 持平,,,,,🔄 持平 (0%),🔄 持平 (0.0%),💤 籌碼沉澱中,🔄 今日量縮持平,🏦 投信週連買(4)-🌱 週線發動,,,,,,,,,,,,,,,,,,,,,,8.0,643.0,24.8,2415.0,3837.0,7486.5,,,7529.0,11932.0,↗️ 微增,0.03,1.5,↘️ 微減,-0.11,1.3399999999999999,↘️ 微減,-0.15,1.38,↘️ 微減,-0.08,1.42,,,,,,8.83,16.6,-0.07,↘️ 微減,-0.28,0.2,↗️ 微增,2,3,6761.0
2313,華通,電子零組件業,09/17,218.5,-2.89,30340.0,6825.0,35.2,16735.0,3716.2,🛡️ 放量小跌 (見底信號，越跌越買反轉),62.577417818008584,1.84,,-24.56420925594556,,18.80,📉 下降,,,,,,⚠️ 趨緩 (1.85%),💤 籌碼沉澱中,🔥 持續加碼 (0.05%),🏦 投信日連買(2)-🆕 試單觀察,,,,,,,,,,,,,,,,,,2.72,0.89,3.94,10.4,988.0,330.0,21587.8,2438.0,6078.0,53270.3,,,54841.0,134984.0,🚨 劇減,-1.95,2.55,🚨 劇減,-1.86,2.77,🚨 劇減,-1.79,2.73,🚨 劇減,-1.96,2.8200000000000003,,,,,,5.32,2.66,0.0,🔄 持平,-0.03,0.23,↗️ 微增,1,3,11437.0
2314,台揚,通信網路業,09/17,10.55,0.48,117.0,1.23,,159.0,1.68,⏸️ 平量滯漲 (拋壓增大，高位見頂),-62.61398176291794,0.73,,,,1.20,,,,,,,,,,,,,,,,,,,,,,,,,,,,,,,,,,,,,,,,,,🔄 持平,0.0,0.0,🔄 持平,-0.0,0.02,↘️ 微減,-0.01,-0.009999999999999997,🔄 持平,-0.0,0.05,,,,,,1.02,0,0.0,🔄 持平,-0.03,0.0,➖ 持平,7,4,153.0
2316,楠梓電,電子零組件業,09/17,155.5,-1.89,1739.0,275.0,10.9,1288.0,202.0,🥀 平量價縮 (下跌中繼，弱反彈信號),58.95953757225434,1.36,🔵120日,-0.03999999999999204,36.58107287328959,37.60,📉 下降,,,,6.801392013866039,,,💤 籌碼沉澱中,,,,,,,,,,,,,,,,,,,,,,,,,,,207.0,454.0,3218.8,,,3279.0,7154.0,↗️ 微增,0.34,-1.13,📉 小減,-0.61,-0.6599999999999998,↘️ 微減,-0.18,0.10999999999999999,↗️ 微增,0.09,-0.43999999999999995,雙引擎,,,,,19.1,0,0.0,🔄 持平,0.0,0.0,➖ 持平,3,3,1196.0
2317,鴻海,其他電子業,09/17,250.5,1.01,26522.0,6681.0,16.5,22299.0,5542.4,⏸️ 平量滯漲 (拋壓增大，高位見頂),36.87768899815611,1.21,🔵120日,0.060777722807870305,40.44767199217184,40.40,📈 上升,,,,4.128258377010717,🔄 持平 (0%),⚠️ 趨緩 (0.41%),💤 籌碼沉澱中,🔄 今日量縮持平,🏦 投信日連買(2)-🆕 試單觀察 | 🏦 投信週連買(3)-🌱 週線發動,,,,,-417.0,-1267.0,-10445.8,-1.26,-21.8,-539.0,-11841.0,-13502.0,,,,,,,,,,,,,,,,-13578.0,-293092.0,,,↗️ 微增,0.07,0.5499999999999999,↗️ 微增,0.08,0.53,↗️ 微增,0.07,0.48,↗️ 微增,0.09,0.51,雙引擎 | 長短線,,,,,0.02,0,0.0,🔄 持平,0.0,0.0,➖ 持平,4,4,15177.0
2321,東訊,通信網路業,,,,,,,,,,,,,,,0.00,,,,,,,,,,,,,,,,,,,,,,,,,,,,,,,,,,,,,,,,,,無資料,,3.43,無資料,,0.15000000000000002,無資料,,0.15000000000000002,無資料,,0.15000000000000002,,,,,,,,,無,,,無,0,0,28.0
2323,中環,光電業,09/17,10.75,1.9,5536.0,59.5,3.54,3907.0,41.78,⚖️ 溫和震盪整理,108.04195804195804,1.42,,0.0,,10.00,🔄 持平,,,,,,,,,,,,,,,,,-45.7,-92.0,-374.0,-5125.0,-402.0,,,,,,,,,,-6.0,180.0,-6.4,,,,-402.0,-5386.0,,,↘️ 微減,-0.37,0.37,↘️ 微減,-0.21,0.74,↘️ 微減,-0.13,0.6399999999999999,↘️ 微減,-0.33,0.61,,,,,,9.49,0,0.0,🔄 持平,0.01,0.0,➖ 持平,9,4,6998.0
2324,仁寶,電腦及週邊設備業,09/17,37.4,0.13,25735.0,969.0,19.1,33785.0,1269.4,⏸️ 平量滯漲 (拋壓增大，高位見頂),16.04790419161677,0.76,,0.0,,36.10,🔄 持平,,,,,,,💤 籌碼沉澱中,,,,,,,,,,,,-734.0,-3084.0,-2745.2,,,-22.0,53.0,-82.3,,,,,316.0,1251.0,1181.8,,,,-2762.0,-11518.0,,,📉 小減,-0.63,0.67,📉 小減,-0.54,0.97,📉 小減,-0.52,1.06,📉 小減,-0.58,1.17,,,,,,5.02,1.85,0.0,🔄 持平,0.05,0.0,➖ 持平,3,4,18367.0
2327,國巨*,電子零組件業,09/17,529.0,-1.31,22993.0,12434.0,35.6,26297.0,14290.6,⏸️ 平量滯漲 (拋壓增大，高位見頂),-16.336966760866645,0.87,,0.0,,44.60,🔄 持平,,,,,,⚠️ 趨緩 (0.68%),💤 籌碼沉澱中,🔥 持續加碼 (0.01%),🏦 投信日連買(5)-⚡ 買盤點火,,,,,117.0,-1769.0,6189.3,,,,,,,,,,,,,-1.53,14.2,,,,-511.0,4093.0,-27031.9,,,-27634.0,218377.0,🔥 大增,1.2,-3.35,🔥 大增,1.16,-3.8,🔥 大增,1.16,-3.65,🔥 大增,1.19,-3.4000000000000004,雙引擎,5.17,541,550.0,🛡️ 防守成功,7.68,23.4,0.05,↗️ 微增,0.06,0.0,➖ 持平,2,4,8892.0
2328,廣宇,電子零組件業,09/17,46.35,1.31,1158.0,53.7,108.0,1326.0,60.62,⏸️ 平量滯漲 (拋壓增大，高位見頂),-8.673469387755095,0.89,🟡20日,0.029999999999997584,9.464690201906375,9.40,🪜 階梯吸籌 | ⚠️ 趨緩,,0.600578763676749,,,🔄 持平 (0%),,💤 籌碼沉澱中,,🌐 外資日連買(2)-🆕 試單觀察 | 🌐 外資週連買(4)-🌱 週線發動,,,,,-60.0,-145.0,-278.1,,,-123.0,-145.0,-570.1,,,-2.0,8.0,-9.3,,,,,,,,,,,-570.0,-689.0,,,↗️ 微增,0.45,1.61,↗️ 微增,0.25,1.25,↗️ 微增,0.35,0.81,↗️ 微增,0.05,1.25,雙引擎 | 長短線,,,,,0.04,0,0.01,↗️ 微增,0.0,0.0,➖ 持平,7,4,2120.0
2329,華泰,半導體業,09/17,42.9,0.82,2682.0,115.0,19.4,1801.0,76.04,⏸️ 平量滯漲 (拋壓增大，高位見頂),25.0,1.51,🔴5日,0.03999999999999915,10.280232567930328,9.50,🪜 階梯吸籌 | ⚠️ 趨緩,0.29999999999999893,,,,📉 調節洗盤 (-5.26%),,💤 籌碼沉澱中,,,,,,,-95.0,-143.0,-407.6,,,,,,,,,,,,,,,,,,258.0,296.0,1106.8,,,,,↗️ 微增,0.07,0.18999999999999995,↗️ 微增,0.21,0.34,↗️ 微增,0.35,0.13999999999999999,↘️ 微減,-0.13,0.21999999999999995,,,,,,35.7,0,0.0,🔄 持平,0.0,0.0,➖ 持平,4,4,3104.0
2330,台積電,半導體業,09/17,2425.0,1.89,18117.0,43933.0,28.1,19381.0,46505.2,⚖️ 溫和震盪整理,-11.80414751169373,0.94,,0.0,,69.20,🔄 持平,,,,,🔄 持平 (0%),📉 調節洗盤 (-0.33%),,💤 籌碼沉澱中,🏦 投信週連買(2)-🌱 週線發動,,,,,,,,,,1054.0,-453.0,255595.0,1000.0,450.0,10.0,9.0,2425.0,,,,,-618.0,674.0,-149865.0,,,,255592.0,-102845.0,,,↗️ 微增,0.08,0.2,↗️ 微增,0.11,0.21,↗️ 微增,0.1,0.21000000000000002,↗️ 微增,0.08,0.18000000000000002,雙引擎 | 長短線,14.43,2405 / 2407.5 / 2419.2 / 2424.96 / 2424.98 / 2426.57 / 2426.59 / 2448.41,2460.0,🛡️ 防守成功,6.5,0.09,-0.02,↘️ 微減,-0.02,0.0,➖ 持平,3,4,10263.0
2331,精英,電腦及週邊設備業,09/17,19.0,1.06,1587.0,30.2,18.6,1027.0,19.3,⚠️ 放量滯漲 (拋壓增大，即將見頂反轉),19.367588932806324,1.56,,,,5.80,,,,,,,,,,🌐 外資日連買(2)-🆕 試單觀察,,,,,,,,,,,,,,,,,,,,,,,,,-53.0,220.0,-100.7,,,,,↘️ 微減,-0.14,0.27,↘️ 微減,-0.14,0.15000000000000002,↘️ 微減,-0.09,0.15000000000000002,↘️ 微減,-0.09,0.43999999999999995,,,,,,48.7,45.7,0.0,🔄 持平,0.0,0.0,➖ 持平,5,4,1327.0
2332,友訊,通信網路業,09/17,19.4,0.26,6289.0,123.0,,7903.0,150.8,⏸️ 平量滯漲 (拋壓增大，高位見頂),-44.84304932735426,0.82,🔴5日,0.0,5.9033939305683845,5.90,📈 上升 | 🔄 洗盤回歸,0.2600000000000007,,,,,,🔥 持續加碼 (0.1%),,🌐 外資日連買(2)-🆕 試單觀察,,,,,-115.0,-161.0,-223.1,,,261.0,-273.0,506.3,-15.6,34.2,-68.0,94.0,-131.9,,,,,,,,,,,509.0,-512.0,,,↘️ 微減,-0.11,-2.37,↘️ 微減,-0.27,-2.5199999999999996,↘️ 微減,-0.4,-3.0500000000000003,↘️ 微減,-0.37,-3.09,,,,,,0.91,0,0.0,🔄 持平,-2.23,0.0,➖ 持平,2,4,2341.0
2337,旺宏,半導體業,09/17,116.5,-2.1,29308.0,3496.0,27.5,24933.0,2930.2,🥀 平量價縮 (下跌中繼，弱反彈信號),32.72589217919515,1.19,,0.0,,24.40,🔄 持平,,,,,,📉 調節洗盤 (-0.04%),💤 籌碼沉澱中,🔄 今日量縮持平,,,,,,,,,,,,,,,,,,,,,1.85,52.9,,,,758.0,14448.0,8830.7,,,9041.0,167270.0,📈 小增,0.81,-1.38,📈 小增,0.78,-1.25,📈 小增,0.67,-1.3099999999999994,📈 小增,0.69,-1.48,雙引擎,,,,,2.53,0,0.0,🔄 持平,-0.17,0.0,➖ 持平,6,4,7929.0
2338,光罩,半導體業,09/17,48.8,-3.75,56293.0,2855.0,,47049.0,2302.0,🥀 平量價縮 (下跌中繼，弱反彈信號),119.61538461538464,1.24,,,,3.60,,,,,,,,,,,,,,,,,,,,,,,-57.7,66.6,-883.0,259.0,-4309.0,0.6,22.4,3.73,25.5,43.0,1315.0,209.8,627.0,3550.0,3059.8,,,3180.0,17341.0,📈 小增,0.64,0.05999999999999997,📈 小增,0.86,0.32,📈 小增,0.86,0.13,📈 小增,0.66,0.38,雙引擎 | 長短線,,,,,4.76,57.4,0.0,🔄 持平,-9.54,0.0,➖ 持平,1,3,1112.0
2340,台亞,半導體業,09/17,32.95,-0.45,2642.0,88.1,,2932.0,95.06,⏸️ 平量滯漲 (拋壓增大，高位見頂),-40.87248322147652,0.93,🔴5日 🟡20日,0.17999999999999972,9.858632082196648,9.90,📈 上升,0.33000000000000007,0.6799999999999997,,,,,🔥 持續加碼 (0.05%),,🌐 外資日連買(2)-🆕 試單觀察,,,,,,,,,,30.0,-259.0,98.9,28.7,112.0,27.0,64.0,89.0,,,,,,,,,,,100.0,-836.0,,,↘️ 微減,-0.17,1.87,↘️ 微減,-0.16,1.2799999999999998,↘️ 微減,-0.14,1.9,↘️ 微減,-0.25,1.77,,,,,,20.6,0,0.0,🔄 持平,0.0,0.0,➖ 持平,4,4,2722.0
2342,茂矽,半導體業,09/17,39.6,-2.34,2424.0,97.7,,3098.0,122.78,🥀 平量價縮 (下跌中繼，弱反彈信號),-35.723684210526315,0.8,🟡20日,0.0699999999999994,4.06,4.10,📈 上升,,0.5899999999999994,,,,,💤 籌碼沉澱中,,,,,,,,,,,,46.0,-121.0,182.2,-2.47,114.0,-2.0,42.0,-7.9,,,,,,,,,,,185.0,-475.0,,,↘️ 微減,-0.38,-1.21,📉 小減,-0.99,-0.68,📉 小減,-0.53,-0.22000000000000008,📉 小減,-0.79,-0.4700000000000001,,,,,,31.2,0,0.0,🔄 持平,0.0,0.0,➖ 持平,2,4,591.0
2344,華邦電,半導體業,09/17,170.0,0.59,120007.0,20918.0,18.8,94521.0,15830.6,⏸️ 平量滯漲 (拋壓增大，高位見頂),50.575871004894914,1.32,🔵120日,-0.25113333328472365,26.52481910104665,18.00,📉 下降,,,,3.541600994544666,🔄 持平 (0%),,💤 籌碼沉澱中,,,,,,,,,,,,,,,,,,,,,,4.57,36.7,3899.0,3408.0,66283.0,4758.0,29176.0,80886.0,,,82942.0,474160.0,🚀 劇增,1.52,0.45999999999999996,🚀 劇增,1.56,0.77,🚀 劇增,1.66,0.9299999999999999,🚀 劇增,1.72,1.1199999999999997,雙引擎 | 長短線,,,,,29.6,8.2,0.0,🔄 持平,-0.3,0.0,➖ 持平,3,4,113704.0
2345,智邦,通信網路業,09/17,1800.0,-2.17,4448.0,8075.0,28.3,3399.0,6301.0,🥀 平量價縮 (下跌中繼，弱反彈信號),40.80209241499564,1.28,,0.0,,56.90,🔄 持平,,,,,🔄 持平 (0%),,💤 籌碼沉澱中,,🌐 外資週連買(2)-🌱 週線發動,,,,,,,,-8.93,-23.2,-79.0,-244.0,-14220.0,,,,,,1.19,2.83,,,32.0,75.0,5760.0,,,,-14341.0,-45181.0,,,↘️ 微減,-0.04,-0.9199999999999999,↘️ 微減,-0.15,-0.5800000000000001,↘️ 微減,-0.44,-0.93,📉 小減,-0.52,-0.8,,,,,,9.87,0,0.0,🔄 持平,0.0,0.0,➖ 持平,7,4,2265.0
2347,聯強,電子通路業,09/17,89.5,0.9,2714.0,243.0,12.2,2615.0,233.2,⏸️ 平量滯漲 (拋壓增大，高位見頂),-14.73684210526316,1.04,,-29.75790494384591,,29.90,📉 下降,,,,,🔄 持平 (0%),⚠️ 趨緩 (0.88%),💤 籌碼沉澱中,🔄 今日量縮持平,🌐 外資日連買(2)-🆕 試單觀察 | 🏦 投信週連買(2)-🌱 週線發動,,,-2.61,-29.8,-16.0,-254.0,-143.2,,,0.0,-146.0,0.0,-7.14,30.0,,,,,,,,,,,,,,0.0,-1301.0,,,↘️ 微減,-0.12,-0.36999999999999994,↘️ 微減,-0.16,-0.51,🔄 持平,-0.0,-0.36,↘️ 微減,-0.08,-0.37000000000000005,,,,,,18.7,14.8,0.0,🔄 持平,0.0,0.0,➖ 持平,7,4,3587.0
2348,海悅,其他業,09/17,73.9,5.27,1014.0,73.6,16.5,467.0,33.28,🚀 放量大漲 (量價齊升，持續看漲),77.77777777777777,2.21,🔴5日 🟡20日 🟢60日,0.33000000000000007,2.822358788062591,2.60,🛡️ 穩健吸籌 | 📈 上升 | 🚀 衝進🟢60日榜單,0.3999999999999999,0.5308919045042275,1.4008919045042274,,🔥 強延續 (53.1%),,🔥 持續加碼 (0.34%),,🌐 外資日連買(4)-🆕 試單觀察 | 🌐 外資週連買(3)-🌱 週線發動,🔥 點火,,3.23,-7.07,58.0,-141.0,428.6,,,,,,46.2,72.7,6.0,8.0,44.3,,,,,,,,,,,,,,,🔄 持平,0.0,0.0,🔄 持平,-0.0,0.0,🔄 持平,-0.0,0.05,🔄 持平,-0.0,0.05,,,,,,14.9,44.3,0.0,🔄 持平,0.0,-2.2,✅ 大減,8,4,312.0
2349,錸德,光電業,09/17,10.4,1.96,1242.0,12.8,,1467.0,15.36,⚖️ 溫和震盪整理,-9.859154929577452,0.83,🔵120日,-0.009999999999999787,13.48,13.50,📉 下降,,,,2.9000000000000004,,,,,,,,,,,,,,,,,,,,,,,,,,,,,,,,,,,,,↘️ 微減,-0.1,-0.28,↘️ 微減,-0.26,-0.43000000000000005,↘️ 微減,-0.35,-0.5199999999999999,↘️ 微減,-0.28,-0.08999999999999998,,,,,,3.41,0,0.0,🔄 持平,0.0,0.0,➖ 持平,16,4,1620.0
2351,順德,半導體業,09/17,238.0,0.85,3807.0,906.0,58.5,9137.0,2240.0,⚖️ 溫和震盪整理,-68.18820224719101,0.4,🔴5日 🟡20日 🟢60日 🔵120日,0.2664708240845748,28.64114943281976,25.70,🪜 階梯吸籌 | ⚠️ 趨緩,1.4908630438404629,5.646948865157199,11.010314016370977,13.352193694541395,,🔥 強延續 (0.79%),🔥 持續加碼 (0.25%),🔥 持續加碼 (0.02%),🌐 外資日連買(3)-🆕 試單觀察 | 🌐 外資週連買(4)-🌱 週線發動 | 🏦 投信週連買(4)-🌱 週線發動,,,,,-147.0,-508.0,-3498.6,,,,,,-5.84,94.6,-49.0,384.0,-1166.2,,,,,,,,,,,-3569.0,-2062.0,,,↗️ 微增,0.24,5.840000000000001,📈 小增,0.64,5.43,🔥 大增,1.04,5.36,📈 小增,0.89,5.62,雙引擎 | 長短線,,,,,8.75,0,0.0,🔄 持平,0.19,0.0,➖ 持平,6,4,3145.0
2352,佳世達,電腦及週邊設備業,09/17,29.0,-0.51,6216.0,180.0,37.7,4582.0,132.08,⏸️ 平量滯漲 (拋壓增大，高位見頂),5.263157894736836,1.36,,0.0,,7.10,🔄 持平,,,,,🔄 持平 (0%),⚠️ 趨緩 (0.32%),💤 籌碼沉澱中,🔄 今日量縮持平,🌐 外資日連買(2)-🆕 試單觀察 | 🏦 投信週連買(5)-🚀 趨勢加溫,,,,,45.0,-343.0,130.5,,,,,,18.8,58.3,3.0,7.0,8.7,,,,,,,,447.0,864.0,1296.3,,,1297.0,2488.0,↗️ 微增,0.24,0.059999999999999984,↗️ 微增,0.17,-0.45999999999999996,↗️ 微增,0.22,-0.27,↗️ 微增,0.18,-0.2800000000000001,雙引擎,,,,,12.4,0,0.0,🔄 持平,0.1,0.0,➖ 持平,4,4,3684.0
2353,宏碁,電腦及週邊設備業,09/17,32.4,1.25,19345.0,626.0,19.2,13515.0,427.6,⏸️ 平量滯漲 (拋壓增大，高位見頂),9.440559440559436,1.46,🔴5日 🟡20日 🟢60日,0.2567073175400303,13.268165405496603,14.10,🪜 階梯吸籌 | ⚠️ 趨緩,0.5765636985528033,0.9875212870871319,2.284381875783316,,🔥 強延續 (36.4%),🔥 強延續 (4.21%),🔥 持續加碼 (0.23%),🔥 持續加碼 (0.03%),🌐 外資日連買(2)-🆕 試單觀察 | 🏦 投信日連買(14)-🔥 波段認養 | 🏦 投信週連買(5)-🚀 趨勢加溫,🔥 點火,,,,-595.0,-991.0,-1927.8,,,,,,,,,,,,,,,,,,497.0,2031.0,1610.3,,,1609.0,6392.0,↘️ 微減,-0.28,1.31,↘️ 微減,-0.21,1.4100000000000001,↘️ 微減,-0.1,1.53,↘️ 微減,-0.06,1.4500000000000002,,,,,,3.09,0,0.0,🔄 持平,0.26,0.0,➖ 持平,5,4,22006.0
2354,鴻準,其他電子業,09/17,66.3,1.69,25062.0,1682.0,28.1,12986.0,856.4,⚖️ 溫和震盪整理,319.45137157107234,1.96,🔴5日 🟡20日 🟢60日,0.10999999999999943,14.281554509536356,14.40,🪜 階梯吸籌 | 📈 上升,0.7375962986256557,2.164485626258857,4.169940967922129,,⚠️ 趨緩 (6.17%),🔄 持平 (0%),🔥 持續加碼 (0.11%),💤 籌碼沉澱中,🌐 外資日連買(3)-🆕 試單觀察 | 🌐 外資週連買(4)-🌱 週線發動,🚀 強軋,,,,-368.0,-614.0,-2439.8,-1.12,-15.9,-369.0,-6140.0,-2446.5,,,-1.0,7.0,-6.6,,,,,,,,,,,-2477.0,-39950.0,,,↗️ 微增,0.22,3.82,↗️ 微增,0.1,3.9699999999999998,↘️ 微減,-0.05,3.9899999999999998,↗️ 微增,0.02,4.02,雙引擎 | 長短線,,,,,0.83,0,0.0,🔄 持平,0.0,0.0,➖ 持平,5,4,9521.0
2355,敬鵬,電子零組件業,09/17,41.1,0.98,2294.0,94.6,21.7,1381.0,56.76,⚠️ 放量滯漲 (拋壓增大，即將見頂反轉),106.10021786492374,1.67,🟢60日,-0.019999999999999574,16.814507162371832,17.20,📉 下降,,,1.5260359618734718,,,,💤 籌碼沉澱中,,🌐 外資日連買(2)-🆕 試單觀察 | 🌐 外資週連買(2)-🌱 週線發動,,,,,,,,,,-76.0,-107.0,-312.4,,,,,,,,,,,,,,,,,,,,🔥 大增,1.03,1.98,📈 小增,0.59,1.07,📈 小增,0.55,1.17,↗️ 微增,0.18,1.1800000000000002,雙引擎 | 長短線,,,,,9.31,14.6,0.0,🔄 持平,0.64,0.0,➖ 持平,5,4,2037.0
2356,英業達,電腦及週邊設備業,09/17,61.5,-0.32,7811.0,483.0,19.8,8775.0,539.6,⏸️ 平量滯漲 (拋壓增大，高位見頂),-8.52272727272727,0.9,🟢60日 🔵120日,0.010445996131139168,20.86501104238755,18.40,📈 上升,,,2.4073070353431696,7.811284635052571,🔄 持平 (0%),🔄 持平 (0%),💤 籌碼沉澱中,💤 籌碼沉澱中,🏦 投信日連買(2)-🆕 試單觀察,,,,,-37.0,-291.0,-227.6,,,,,,,,,,,,,,,,,,1287.0,3591.0,7915.0,,,7966.0,22109.0,📉 小減,-0.54,0.9400000000000001,📉 小減,-0.5,0.8699999999999999,↘️ 微減,-0.48,0.88,📉 小減,-0.55,0.8999999999999999,,,,,,12.4,0,0.0,🔄 持平,-0.1,0.0,➖ 持平,5,4,11804.0
2357,華碩,電腦及週邊設備業,09/17,948.0,0.96,3408.0,3246.0,13.9,3472.0,3231.6,⏸️ 平量滯漲 (拋壓增大，高位見頂),35.8727501046463,1.0,🔴5日 🟡20日 🟢60日 🔵120日,0.019879383964905628,46.33914970574355,39.70,🪜 階梯吸籌 | ⚠️ 趨緩,0.27403135450376936,1.6802574639559325,7.049378192382605,4.422455092509786,🔄 持平 (0%),📉 調節洗盤 (-8.74%),💤 籌碼沉澱中,🚨 轉賣反轉 (-0.04%),🏦 投信週連買(3)-🌱 週線發動,,,,,,,,,,,,,0.98,151.0,1.0,62.0,94.8,,,4.74,18.6,,,,978.0,3386.0,92714.4,,,93145.0,316495.0,↘️ 微減,-0.13,2.6,↗️ 微增,0.34,2.27,↗️ 微增,0.01,1.5499999999999998,↗️ 微增,0.2,2.0900000000000003,,,,,,5.49,0,0.0,🔄 持平,0.0,0.0,➖ 持平,3,4,1868.0
2359,所羅門,其他電子業,09/17,131.0,1.16,3551.0,465.0,19.5,2174.0,279.6,⚠️ 放量滯漲 (拋壓增大，即將見頂反轉),165.7142857142857,1.66,🟢60日 🔵120日,-0.2599999999999998,5.691337957849585,5.70,📉 下降,,,2.0000000000000004,2.3600000000000003,,,,,,,,,,,,,,,,,,,,,,,3.46,3.7,,,232.0,248.0,3039.2,145.0,417.0,1899.5,,,1898.0,5360.0,↘️ 微減,-0.47,2.6299999999999994,📉 小減,-0.95,1.5099999999999993,📉 小減,-0.51,3.2300000000000004,📉 小減,-0.54,3.4699999999999998,,,,,,19.9,13.9,0.0,🔄 持平,0.0,0.0,➖ 持平,2,3,197.0
2360,致茂,其他電子業,09/17,2085.0,-0.24,1269.0,2679.0,53.1,1361.0,2897.4,⏸️ 平量滯漲 (拋壓增大，高位見頂),14.536126549807605,0.92,,0.0,,59.00,🔄 持平,,,,,,🚨 劇烈倒貨 (-2.14%),💤 籌碼沉澱中,🚨 轉賣反轉 (-0.01%),,,,0.58,-7.46,,,,-17.8,-28.4,-185.0,-339.0,-38572.5,,,,,,,,,,,,,,,,-39047.0,-71465.0,,,↘️ 微減,-0.37,-1.0099999999999998,↘️ 微減,-0.2,-1.2400000000000002,📉 小減,-0.55,0.45,↘️ 微減,-0.46,-0.8600000000000001,,,,,,6.19,3.79,0.0,🔄 持平,2.79,0.0,➖ 持平,4,3,896.0
2362,藍天,電腦及週邊設備業,09/17,47.3,0.64,1275.0,60.3,7.78,687.0,32.26,⚠️ 放量滯漲 (拋壓增大，即將見頂反轉),258.9285714285714,1.87,,0.0,,10.70,🔄 持平,,,,,🔄 持平 (0%),,,,🌐 外資日連買(2)-🆕 試單觀察,,,,,,,,,,-70.0,-113.0,-331.1,,,,,,,,,,,,,,,,-331.0,-538.0,,,↘️ 微減,-0.15,1.0899999999999999,🔄 持平,-0.0,1.0,↗️ 微增,0.12,1.62,↗️ 微增,0.19,1.4100000000000001,,,,,,9.39,28.8,0.0,🔄 持平,0.0,0.0,➖ 持平,2,3,1007.0
2363,矽統,半導體業,09/17,52.9,1.73,6736.0,357.0,99.8,3994.0,207.0,⚖️ 溫和震盪整理,125.9493670886076,1.72,🔴5日,0.33000000000000007,6.774252953457701,6.60,📈 上升,0.4800000000000004,,,,,,🔥 持續加碼 (0.3%),,🌐 外資日連買(2)-🆕 試單觀察,,,,,-263.0,-691.0,-1391.3,,,,,,,,,,,,,,,,,,,,,,,,,↘️ 微減,-0.14,0.19999999999999996,📉 小減,-0.5,-0.31000000000000005,↘️ 微減,-0.35,-0.76,↘️ 微減,-0.07,-0.5700000000000002,,,,,,18.2,0.53,0.0,🔄 持平,0.0,0.0,➖ 持平,4,4,1504.0
2364,倫飛,電腦及週邊設備業,09/17,65.0,1.56,315.0,20.5,11.0,225.0,14.44,⚖️ 溫和震盪整理,197.53265602322205,1.42,🟢60日 🔵120日,0.259999999999998,18.657656910710887,18.60,🪜 階梯吸籌 | 📈 上升,,,3.1400000000000023,3.5000000000000018,,,,,🌐 外資日連買(2)-🆕 試單觀察,,,,,,,,,,,,,,,,,,,,,,,,,,,,,,,,🔄 持平,0.0,0.0,🔄 持平,-0.0,0.0,⚠️ 大減,-1.4,-0.020000000000000018,📉 小減,-0.52,1.9500000000000002,,,,,,34.5,0,0.0,🔄 持平,4.0,0.0,➖ 持平,3,2,180.0
2365,昆盈,電腦及週邊設備業,09/17,27.9,0.9,910.0,25.5,49.8,594.0,16.52,⚠️ 放量滯漲 (拋壓增大，即將見頂反轉),129.72972972972974,1.54,🔴5日 🔵120日,0.16999999999999993,3.35,3.40,🪜 階梯吸籌 | 📈 上升,0.3200000000000003,,,2.6,🔥 強延續 (33.9%),,🔥 持續加碼 (0.14%),,🌐 外資日連買(2)-🆕 試單觀察,,,,,,,,,,,,,,,,,,,,,,,,,,,,,,,,↗️ 微增,0.1,2.3,↗️ 微增,0.1,1.85,↗️ 微增,0.12,1.92,↘️ 微減,-0.3,1.1800000000000002,,,,,,5.48,37.1,0.0,🔄 持平,0.0,0.0,➖ 持平,7,4,870.0
2367,燿華,電子零組件業,09/17,40.65,2.14,5741.0,235.0,,3021.0,122.12,⚖️ 溫和震盪整理,154.88069414316703,1.92,🟢60日 🔵120日,0.0,13.743916129651383,8.80,🔄 持平,,,2.5901151145267427,3.108979073616201,🔄 持平 (0%),,💤 籌碼沉澱中,,🌐 外資週連買(3)-🌱 週線發動,,,,,,,,,,-103.0,-157.0,-418.7,,,,,,,,,,,,,,,,-422.0,-660.0,,,↗️ 微增,0.36,-0.3900000000000001,↗️ 微增,0.33,-0.42,↗️ 微增,0.24,0.07000000000000006,↗️ 微增,0.06,0.37,雙引擎,,,,,7.39,0,0.0,🔄 持平,-0.04,0.0,➖ 持平,7,4,8318.0
2368,金像電,電子零組件業,09/17,950.0,-4.23,13647.0,13643.0,33.7,6963.0,6956.8,🩸 放量大跌 (跟風砸盤，高位出貨持續跌),157.65816808309725,1.96,,0.0,,24.80,🔄 持平,,,,,,🔄 持平 (0%),💤 籌碼沉澱中,💤 籌碼沉澱中,,,,,,,,,,,,,,,,,,,8.22,2.83,23.9,24.0,704.0,255.0,66880.0,849.0,851.0,80655.0,,,84875.0,84765.0,↘️ 微減,-0.44,-2.9400000000000004,↘️ 微減,-0.28,-1.7200000000000002,↘️ 微減,-0.32,-1.43,📉 小減,-0.56,-1.73,,,,,,24.9,0,0.0,🔄 持平,-1.2,0.0,➖ 持平,3,3,1739.0
2369,菱生,半導體業,09/17,30.3,2.89,8084.0,245.0,,3311.0,98.58,⚖️ 溫和震盪整理,324.61005199306754,2.49,,0.0,,14.10,🔄 持平,,,,,,,💤 籌碼沉澱中,,,,,,,,,,,,460.0,-359.0,1393.8,-6.59,37.1,-6.0,23.0,-18.2,,,,,197.0,106.0,596.9,,,,1394.0,-1003.0,,,↘️ 微減,-0.45,-0.8900000000000001,↘️ 微減,-0.47,-0.9199999999999999,↗️ 微增,0.06,-0.5099999999999999,↘️ 微減,-0.25,-0.2799999999999999,,,,,,4.35,30.2,-0.04,↘️ 微減,-0.04,0.2,↗️ 微增,4,4,1024.0
2371,大同,電機機械,09/17,29.7,5.13,31989.0,938.0,,10455.0,300.62,🚀 放量大漲 (量價齊升，持續看漲),525.3333333333333,3.12,🔴5日 🟡20日,0.0,3.513879313930645,7.10,📈 上升 | 🔄 洗盤回歸 | 🚀 衝進🔴5日、🟡20日榜單,0.7395311827360751,0.6963618566407543,,,🔥 強延續 (43.2%),⚠️ 趨緩 (0.07%),🔥 持續加碼 (0.64%),🔄 今日量縮持平,🌐 外資日連買(5)-⚡ 買盤點火 | 🌐 外資週連買(9)-🚀 趨勢加溫 | 🏦 投信週連買(4)-🌱 週線發動,🔥 點火,,,,,,,,,-960.0,-3847.0,-2851.2,13.3,21.1,149.0,221.0,442.5,,,,,1230.0,1111.0,3653.1,,,,-2813.0,-10880.0,,,↗️ 微增,0.22,0.7,↗️ 微增,0.14,0.5,↗️ 微增,0.13,0.66,↗️ 微增,0.18,0.6900000000000002,雙引擎 | 長短線,,,,,5.28,11.1,0.0,🔄 持平,0.0,0.0,➖ 持平,4,4,6101.0
2373,震旦行,其他電子業,09/17,52.8,0.19,43.0,2.28,14.2,28.0,1.49,⚠️ 放量滯漲 (拋壓增大，即將見頂反轉),261.90476190476187,1.53,,,,1.40,,,,,,🔄 持平 (0%),,,,,,,,,,,,,,,,,,,,,,,,,,,,,,,,,,,,🔄 持平,0.0,0.0,🔄 持平,-0.0,0.0,🔄 持平,-0.0,0.0,🔄 持平,-0.0,0.0,,,,,,53.0,48.0,0.1,📈 增,0.1,-0.6,↘️ 微減,2,4,53.0
2374,佳能,光電業,09/17,66.8,0.15,1895.0,127.0,20.1,1720.0,114.82,⏸️ 平量滯漲 (拋壓增大，高位見頂),-9.9290780141844,1.11,🔴5日 🟡20日,0.08000000000000007,5.708868845476945,5.70,🪜 階梯吸籌 | ⚠️ 趨緩,0.45751426954070595,0.8842597559215974,,,⚠️ 趨緩 (4.57%),,🔥 持續加碼 (0.03%),,🌐 外資日連買(2)-🆕 試單觀察,,,,,12.0,-668.0,80.2,,,,,,,,,,,,,,,,,,178.0,374.0,1189.0,,,1194.0,2490.0,↘️ 微減,-0.42,-0.5499999999999998,↘️ 微減,-0.41,-1.1099999999999999,↘️ 微減,-0.36,-1.6699999999999997,📉 小減,-0.54,-1.7200000000000002,,,,,,12.2,0,0.0,🔄 持平,-0.1,0.0,➖ 持平,3,4,1219.0
2375,凱美,電子零組件業,09/17,117.5,-2.49,1988.0,238.0,28.2,1956.0,234.0,🥀 平量價縮 (下跌中繼，弱反彈信號),51.5923566878981,1.02,🔴5日,-0.0799999999999983,8.972955284223005,8.70,📉 下降,0.2400000000000002,,,,,,,,,,,,,,,,,,,,,,,0.0,9.0,0.0,,,,,,,,-17.0,249.0,-199.8,,,-203.0,3002.0,↗️ 微增,0.31,-7.52,↘️ 微減,-0.44,-9.93,↘️ 微減,-0.44,-7.9,⚠️ 大減,-1.16,-7.87,,,,,,9.03,0,0.0,🔄 持平,0.0,0.0,➖ 持平,5,3,598.0
2376,技嘉,電腦及週邊設備業,09/17,355.0,1.43,4851.0,1719.0,13.3,3509.0,1221.8,⏸️ 平量滯漲 (拋壓增大，高位見頂),22.69807280513918,1.41,🟢60日 🔵120日,0.09078122499258612,27.826244061675627,22.10,🪜 階梯吸籌 | 📈 上升,,,1.940776142209355,10.199662865820407,,🔥 強延續 (29.1%),,🔥 持續加碼 (0.21%),🏦 投信日連買(6)-⚡ 買盤點火 | 🏦 投信週連買(3)-🌱 週線發動,,,,,-157.0,-298.0,-5573.5,,,,,,,,,,,,,,,,,,398.0,2342.0,14129.0,,,14101.0,81414.0,↘️ 微減,-0.02,0.81,📈 小增,0.51,1.38,📈 小增,0.53,0.98,↗️ 微增,0.43,1.4499999999999997,,,,,,5.22,25.4,0.0,🔄 持平,0.0,-10.5,🌟 遽減,2,4,6250.0
2377,微星,電腦及週邊設備業,09/17,153.0,-0.33,6751.0,1045.0,13.3,6480.0,977.0,⏸️ 平量滯漲 (拋壓增大，高位見頂),10.465116279069765,1.07,🔴5日 🟡20日 🟢60日 🔵120日,0.13940477915579663,20.327329582356537,19.20,🪜 階梯吸籌 | 📈 上升,0.9314624738523136,4.307611075455931,10.735940674230648,11.095885474043852,🔥 強延續 (26.2%),📉 調節洗盤 (-2.58%),🔥 持續加碼 (0.21%),🚨 轉賣反轉 (-0.02%),🌐 外資日連買(5)-⚡ 買盤點火,,,-0.98,-7.41,-121.0,-981.0,-1851.3,,,,,,10.0,37.5,7.0,21.0,107.1,,,,,,,,747.0,1276.0,11429.1,,,11567.0,19221.0,↗️ 微增,0.07,1.8700000000000006,↗️ 微增,0.13,1.4,↗️ 微增,0.39,1.8499999999999992,↗️ 微增,0.23,1.75,雙引擎 | 長短線,,,,,11.2,0,0.0,🔄 持平,0.0,0.0,➖ 持平,3,4,10911.0
2379,瑞昱,半導體業,09/17,715.0,-0.69,3100.0,2244.0,25.8,2440.0,1742.8,⏸️ 平量滯漲 (拋壓增大，高位見頂),22.95890410958905,1.29,🔴5日 🟡20日 🔵120日,0.17448146686669475,49.83233416766981,45.20,🪜 階梯吸籌 | ⚠️ 趨緩,1.1095739138043825,1.147136128345693,,4.826275499634164,🔥 強延續 (48.8%),🚨 劇烈倒貨 (-2.58%),🔥 持續加碼 (0.29%),🚨 轉賣反轉 (-0.02%),🌐 外資日連買(2)-🆕 試單觀察 | 🌐 外資週連買(2)-🌱 週線發動 | 🏦 投信週連買(9)-🚀 趨勢加溫,,,,,,,,,,-63.0,-1585.0,-4504.5,25.0,900.0,2.0,9.0,143.0,,,,,,,,,,,-4560.0,-112344.0,,,↘️ 微減,-0.46,0.2099999999999999,↘️ 微減,-0.05,0.09999999999999998,↘️ 微減,-0.35,0.009999999999999898,↗️ 微增,0.3,-0.66,,,,,,3.2,22.2,0.0,🔄 持平,0.0,0.0,➖ 持平,7,4,2205.0
2380,虹光,電腦及週邊設備業,09/17,16.5,-1.79,411.0,6.72,,166.0,2.76,🛡️ 放量小跌 (見底信號，越跌越買反轉),279.6610169491525,2.43,,,,0.70,,,,,,🔄 持平 (0%),,,,🌐 外資日連買(8)-⚡ 買盤點火 | 🌐 外資週連買(5)-🚀 趨勢加溫,,,,,,,,,,,,,,,,,,,,,,,,,,,,,,,,🔄 持平,0.0,0.01,🔄 持平,-0.0,0.01,🔄 持平,-0.0,0.01,↗️ 微增,0.01,-0.6399999999999999,,,,,,7.83,0,0.0,🔄 持平,0.04,0.0,➖ 持平,6,4,208.0
2382,廣達,電腦及週邊設備業,09/17,344.0,1.03,16289.0,5592.0,15.0,12063.0,4068.6,⏸️ 平量滯漲 (拋壓增大，高位見頂),-2.5783972125435595,1.37,🔴5日 🟡20日 🟢60日 🔵120日,0.19400865950785118,31.616357737460937,24.00,🪜 階梯吸籌 | 📈 上升 | 🚀 衝進🔴5日榜單,0.3459967983970742,1.2033533404253518,4.510185576832011,6.795344046405063,🔄 持平 (0%),🔥 強延續 (18.7%),💤 籌碼沉澱中,🔥 持續加碼 (0.07%),🏦 投信日連買(5)-⚡ 買盤點火 | 🏦 投信週連買(6)-🚀 趨勢加溫,💥 終極,,-1.37,-5.59,-199.0,-848.0,-6845.6,,,414.0,-3606.0,14241.6,11.4,63.3,10.0,38.0,344.0,,,,,,,,,,,14213.0,-121025.0,,,↗️ 微增,0.03,1.2,↗️ 微增,0.07,0.97,↗️ 微增,0.02,0.96,↗️ 微增,0.03,0.8500000000000001,雙引擎 | 長短線,0.19,341.5,343.0,🛡️ 防守成功,12.3,0,-0.7,🚨 減/大減,-0.7,0.0,➖ 持平,5,4,13362.0
2383,台光電,電子零組件業,09/17,4695.0,-7.67,5813.0,27915.0,73.4,2270.0,11372.6,🩸 放量大跌 (跟風砸盤，高位出貨持續跌),225.16016307513104,2.45,,0.0,,43.50,🔄 持平,,,,,,,,,🌐 外資日連買(2)-🆕 試單觀察 | 🌐 外資週連買(2)-🌱 週線發動,,,,,,,,,,,,,600.0,2700.0,24.0,27.0,11268.0,12.8,11.1,2.58,11.4,266.0,235.0,124887.0,,,,,,6243.0,27133.0,↗️ 微增,0.24,-2.29,↗️ 微增,0.49,-2.58,↘️ 微減,-0.15,-1.3399999999999999,↘️ 微減,-0.47,-1.8199999999999998,,,,,,8.58,0,0.0,🔄 持平,-0.28,0.0,➖ 持平,5,4,894.0
2385,群光,電子零組件業,09/17,105.5,0.0,2373.0,250.0,11.8,1876.0,197.4,⏸️ 平量滯漲 (拋壓增大，高位見頂),-2.34375,1.27,🔴5日 🟡20日 🟢60日,0.030130595837711383,19.31885945530346,24.60,🪜 階梯吸籌 | ⚠️ 趨緩,0.33447954583698447,1.1833939866895768,2.4262872436319327,,⚠️ 趨緩 (4.04%),🔄 持平 (0%),🔥 持續加碼 (0.01%),💤 籌碼沉澱中,🌐 外資日連買(5)-⚡ 買盤點火,,,,,,,,,,77.0,-231.0,812.4,,,,,,,,,,,,,,,,813.0,-2398.0,,,↘️ 微減,-0.27,-0.050000000000000024,↘️ 微減,-0.02,0.04000000000000001,↘️ 微減,-0.11,-0.03999999999999995,↗️ 微增,0.27,-0.009999999999999953,,,,,,10.4,35.1,0.0,🔄 持平,-0.1,0.0,➖ 持平,5,4,10794.0
2387,精元,電腦及週邊設備業,09/17,36.35,0.0,168.0,6.09,12.3,151.0,5.48,⏸️ 平量滯漲 (拋壓增大，高位見頂),25.051334702258732,1.11,,,,8.70,,,,,,🔄 持平 (0%),🔥 強延續 (9.92%),,🔥 持續加碼 (0.01%),🏦 投信日連買(3)-🆕 試單觀察 | 🏦 投信週連買(2)-🌱 週線發動,,,,,,,,,,,,,,,,,,,,,,,,,,,,,,,,↗️ 微增,0.04,-0.009999999999999981,↗️ 微增,0.04,-0.010000000000000037,↗️ 微增,0.12,0.09,↘️ 微減,-0.06,0.32000000000000006,,,,,,33.7,0,0.0,🔄 持平,0.0,0.0,➖ 持平,3,4,246.0
2388,威盛,半導體業,09/17,69.7,-2.24,4761.0,335.0,43.0,3251.0,233.4,🥀 平量價縮 (下跌中繼，弱反彈信號),112.02531645569623,1.44,🔵120日,-0.16000000000000014,15.409971874645144,15.20,📉 下降,,,,2.0529089932667617,,,💤 籌碼沉澱中,,,,🚨 高危,-2.73,-6.35,-296.0,-715.0,-2063.1,,,,,,,,,,,,,0.62,6.53,,,,78.0,774.0,543.7,,,548.0,5513.0,📈 小增,0.51,2.8,📈 小增,0.98,3.4299999999999997,📈 小增,0.6,2.88,📈 小增,0.59,3.0599999999999996,雙引擎 | 長短線,,,,,8.4,0,0.0,🔄 持平,-0.01,0.0,➖ 持平,3,2,8636.0
2390,云辰,其他電子業,09/17,10.25,2.6,772.0,7.86,,519.0,5.24,⚖️ 溫和震盪整理,162.0,1.5,,,,2.60,,,,,,,,,,🌐 外資日連買(2)-🆕 試單觀察,,,,,,,,,,,,,,,9.0,9.0,9.2,,,,,,,,,,,,,,,↘️ 微減,-0.01,0.53,↘️ 微減,-0.01,-0.4,↗️ 微增,0.34,0.31999999999999995,↗️ 微增,0.11,-0.44999999999999996,,,,,,29.0,1.36,0.0,🔄 持平,0.0,0.0,➖ 持平,3,3,205.0
2392,正崴,電子零組件業,09/17,42.1,0.36,1561.0,66.0,5.43,1999.0,83.7,⏸️ 平量滯漲 (拋壓增大，高位見頂),-18.012422360248447,0.79,🔵120日,0.0,8.585946473944938,8.60,🔄 持平,,,,2.770917008580498,,,💤 籌碼沉澱中,,🌐 外資日連買(3)-🆕 試單觀察,,,,,16.0,-166.0,67.4,-0.44,-15.3,-42.0,-1730.0,-176.8,,,,,,,,,,,,,,,,-178.0,-7195.0,,,📉 小減,-0.52,3.2499999999999996,📉 小減,-0.7,3.0799999999999996,📉 小減,-0.56,2.71,↘️ 微減,-0.12,3.1199999999999997,,,,,,20.4,0,0.0,🔄 持平,0.0,0.0,➖ 持平,6,4,1725.0
2393,億光,光電業,09/17,63.2,0.16,1436.0,90.7,13.5,1104.0,69.08,⏸️ 平量滯漲 (拋壓增大，高位見頂),-22.478632478632477,1.31,🔴5日 🟡20日,0.041083844460310104,15.794057419289574,28.60,🪜 階梯吸籌 | ⚠️ 趨緩,0.25630570820403165,0.5734655532720705,,,⚠️ 趨緩 (13.3%),🔥 強延續 (3.42%),🔥 持續加碼 (0.04%),🔥 持續加碼 (0.01%),🌐 外資日連買(2)-🆕 試單觀察 | 🏦 投信日連買(9)-⚡ 買盤點火 | 🏦 投信週連買(2)-🌱 週線發動,🔼 進駐,,,,,,,,,,,,,,,,,,,,,,,,,,,,,,,↘️ 微減,-0.36,-0.26999999999999996,↘️ 微減,-0.33,0.18000000000000008,↘️ 微減,-0.21,-0.039999999999999925,📉 小減,-0.56,-0.24000000000000005,,,,,,5.41,0,0.0,🔄 持平,0.0,0.0,➖ 持平,2,4,1379.0
2395,研華,電腦及週邊設備業,09/17,686.0,-1.29,3120.0,2158.0,43.4,3260.0,2226.4,⏸️ 平量滯漲 (拋壓增大，高位見頂),38.9568576947843,0.97,🔴5日 🟡20日 🔵120日,0.1497696527884642,36.97464606214008,35.90,🪜 階梯吸籌 | 📈 上升 | 🚀 衝進🟡20日榜單,0.41951920187428016,0.5381500653160458,,3.664010936150987,🔥 強延續 (41.3%),🔄 持平 (0%),🔥 持續加碼 (0.15%),💤 籌碼沉澱中,🌐 外資日連買(6)-⚡ 買盤點火,,,-0.58,-14.7,-9.0,-264.0,-617.4,,,,,,2.22,48.4,1.0,15.0,68.6,,,4.05,40.4,,,,70.0,517.0,4802.0,,,4840.0,35275.0,↘️ 微減,-0.24,-0.79,↘️ 微減,-0.22,-1.3099999999999998,↘️ 微減,-0.39,-1.2,↘️ 微減,-0.23,-0.76,,,,,,42.1,0,0.0,🔄 持平,12.9,0.0,➖ 持平,7,4,3756.0
2397,友通,電腦及週邊設備業,09/17,59.9,1.53,386.0,23.2,22.0,196.0,11.72,⚖️ 溫和震盪整理,286.6666666666667,1.98,🟢60日,0.019999999999999574,14.577193613348763,14.60,📈 上升,,,1.83,,,,,,,,,,,,,,,,,,,,,,,,,,,,,,,,,,,,,,📉 小減,-0.89,0.0,📉 小減,-0.73,0.9500000000000002,📉 小減,-0.53,2.99,↘️ 微減,-0.08,1.33,,,,,,45.1,0,0.0,🔄 持平,0.0,0.0,➖ 持平,5,4,555.0
2399,映泰,電腦及週邊設備業,09/17,49.0,3.59,18070.0,894.0,12.4,6486.0,311.02,⚖️ 溫和震盪整理,227.47252747252747,2.87,🔴5日 🟡20日,2.3600000000000003,8.64831555306008,8.60,🪜 階梯吸籌 | 📈 上升 | 🚀 衝進🟡20日榜單,2.6500000000000012,2.8500000000000014,,,,,🔥 持續加碼 (2.37%),,🌐 外資日連買(2)-🆕 試單觀察,,,,,,,,,,,,,27.9,66.8,104.0,191.0,509.6,,,-0.24,12.1,,,,-25.0,1134.0,-122.5,,,-124.0,5210.0,↗️ 微增,0.02,-2.1399999999999997,↘️ 微減,-0.43,-2.0999999999999996,🚨 劇減,-1.57,-3.57,🚨 劇減,-1.81,-2.42,,,,,,7.53,0,0.0,🔄 持平,0.0,0.0,➖ 持平,4,4,1992.0
2401,凌陽,半導體業,09/17,24.75,1.43,2243.0,55.4,248.0,1886.0,45.9,⏸️ 平量滯漲 (拋壓增大，高位見頂),63.905325443787,1.21,🔵120日,0.060000000000002274,17.071754343013207,16.90,🪜 階梯吸籌 | 📈 上升,,,,7.231149602620157,,,,,🌐 外資日連買(2)-🆕 試單觀察,,,,,,,,,,,,,,,,,,,,,,-57.0,126.0,-141.1,31.0,257.0,76.7,,,,,↘️ 微減,-0.22,-1.09,↘️ 微減,-0.49,-1.08,↘️ 微減,-0.26,-0.9900000000000001,↘️ 微減,-0.02,-1.02,,,,,,15.7,31.4,0.0,🔄 持平,0.0,0.0,➖ 持平,4,4,1888.0
2402,毅嘉,電子零組件業,09/17,54.3,-0.37,815.0,44.4,32.5,858.0,46.38,⏸️ 平量滯漲 (拋壓增大，高位見頂),38.74999999999999,0.96,,-4.223743948430348,,5.50,📉 下降,,,,,,,,,🌐 外資日連買(2)-🆕 試單觀察,,,,,,,,,,,,,,,,,,,,,,,,,-30.0,261.0,-162.9,,,-164.0,1407.0,↘️ 微減,-0.07,-0.13,↘️ 微減,-0.35,-0.47000000000000003,↗️ 微增,0.34,0.20000000000000007,↘️ 微減,-0.17,-0.020000000000000073,,,,,,7.82,0,0.0,🔄 持平,1.41,0.0,➖ 持平,2,3,462.0
2404,漢唐,其他電子業,09/17,1030.0,-0.48,636.0,659.0,15.5,992.0,1018.8,⚖️ 溫和震盪整理,-15.295629820051415,0.65,🔵120日,-0.04885825746349681,30.34790529242497,37.00,📉 下降,,,,2.8077420473489667,,🔄 持平 (0%),💤 籌碼沉澱中,💤 籌碼沉澱中,,,,0.09,-6.0,2.0,-145.0,206.0,,,-64.0,-150.0,-6592.0,,700.0,8.0,7.0,824.0,,,,,,,,,,,-6629.0,-15491.0,,,↘️ 微減,-0.31,-2.1199999999999997,🔥 大增,1.16,0.29,↗️ 微增,0.46,-0.9100000000000001,↗️ 微增,0.18,-1.03,,,,,,9.51,0,0.0,🔄 持平,0.0,0.0,➖ 持平,4,4,1706.0
2405,輔信,電腦及週邊設備業,09/17,14.9,1.02,1084.0,16.1,,710.0,10.45,⚠️ 放量滯漲 (拋壓增大，即將見頂反轉),124.23398328690811,1.54,,0.0,,5.10,🔄 持平,,,,,🔥 強延續 (17.6%),,,,🌐 外資日連買(2)-🆕 試單觀察 | 🌐 外資週連買(2)-🌱 週線發動,🔼 進駐,,,,,,,,,10.0,-169.0,14.9,,,,,,,,,,,,,,,,,,,,↘️ 微減,-0.09,0.3,↘️ 微減,-0.11,0.54,↘️ 微減,-0.1,0.54,↗️ 微增,0.41,0.5999999999999999,,,,,,6.55,61.6,0.0,🔄 持平,0.0,0.0,➖ 持平,2,4,1321.0
2406,國碩,光電業,09/17,26.6,0.57,1985.0,53.2,148.0,2222.0,59.06,⏸️ 平量滯漲 (拋壓增大，高位見頂),21.461187214611876,0.9,,0.0,,7.80,🔄 持平,,,,,,,,,🌐 外資日連買(2)-🆕 試單觀察,,,,,-38.0,-198.0,-101.1,,,,,,,,,,,,,,,,,,,,,,,,,↘️ 微減,-0.15,-4.11,📈 小增,0.9,-3.06,↗️ 微增,0.07,-2.83,↗️ 微增,0.36,-2.83,,,,,,6.81,60.0,0.0,🔄 持平,-0.15,0.0,➖ 持平,2,4,1696.0
2408,南亞科,半導體業,09/17,488.0,-0.91,44996.0,22263.0,17.9,40674.0,19693.0,⏸️ 平量滯漲 (拋壓增大，高位見頂),25.90770274855785,1.13,🟢60日 🔵120日,0.06787888120005547,20.67043017799026,15.80,🪜 階梯吸籌 | ⚠️ 趨緩,,,1.6657542244599703,7.885625480340428,,,💤 籌碼沉澱中,,🌐 外資日連買(2)-🆕 試單觀察 | 🏦 投信日連買(2)-🆕 試單觀察,,,,,-156.0,-2582.0,-7612.8,,,,,,,,,,,,,,,,,,945.0,1048.0,46116.0,,,46756.0,44303.0,📈 小增,0.88,2.4899999999999998,📈 小增,0.99,2.65,🔥 大增,1.02,2.79,🔥 大增,1.03,2.9699999999999998,雙引擎 | 長短線,,,,,29.3,0,0.0,🔄 持平,0.0,0.0,➖ 持平,3,4,59330.0
2409,友達,光電業,09/17,30.0,2.04,368722.0,11123.0,111.0,340106.0,10001.2,⚖️ 溫和震盪整理,45.97112860892389,1.11,🟡20日 🟢60日 🔵120日,0.7497217473882642,14.744857252755796,14.50,🪜 階梯吸籌 | 📈 上升,,4.335159102726022,3.5590611016357023,3.0814908340279814,🔄 持平 (0%),,💤 籌碼沉澱中,,🌐 外資日連買(2)-🆕 試單觀察,,,,,-6513.0,-329.0,-19539.0,,,8563.0,-40220.0,25689.0,,,,,,,,,,,,,,,,25832.0,-123335.0,,,🚀 劇增,4.66,4.4399999999999995,🚀 劇增,4.69,4.55,🚀 劇增,4.61,4.51,🚀 劇增,4.55,4.4399999999999995,雙引擎 | 長短線,,,,,7.32,0,0.0,🔄 持平,0.0,0.0,➖ 持平,3,4,52618.0
2412,中華電,通信網路業,09/17,145.0,1.05,15264.0,2201.0,28.4,16070.0,2288.2,⏸️ 平量滯漲 (拋壓增大，高位見頂),3.820754716981134,0.96,🔴5日 🟡20日 🟢60日,0.10274245724112419,18.95044378174313,18.00,🪜 階梯吸籌 | 📈 上升,0.6206609088983406,0.9300184854641493,1.7465077506118973,,🔥 強延續 (65.8%),🔄 持平 (0%),🔥 持續加碼 (0.13%),💤 籌碼沉澱中,🌐 外資日連買(13)-🔥 波段認養 | 🌐 外資週連買(3)-🌱 週線發動,🚀 強軋,,-6.75,-16.5,-142.0,-389.0,-2059.0,,,-1734.0,-1328.0,-25143.0,117.0,141.0,35.0,38.0,507.5,,,,,,,,,,,-25003.0,-19232.0,,,↗️ 微增,0.2,-0.11000000000000004,↗️ 微增,0.18,-0.19000000000000003,↗️ 微增,0.16,-0.16,↗️ 微增,0.15,-0.18,雙引擎,,,,,35.3,0,0.0,🔄 持平,0.0,0.0,➖ 持平,15,4,34590.0
2413,環科,電子零組件業,09/17,53.1,0.19,17418.0,929.0,14.2,7734.0,401.2,⚠️ 放量滯漲 (拋壓增大，即將見頂反轉),158.05555555555557,2.32,,0.0,,3.00,🔄 持平,,,,,,,💤 籌碼沉澱中,,,,,,,,,,,,,,,-13.8,31.1,-25.0,37.0,-132.8,5.46,4.64,3.04,12.3,291.0,249.0,1545.2,75.0,279.0,398.2,,,400.0,1436.0,🚨 劇減,-2.3,-0.07999999999999974,🚨 劇減,-2.22,0.6599999999999996,🚨 劇減,-2.22,0.04999999999999971,⚠️ 大減,-1.28,-0.6599999999999998,,,,,,12.6,57.6,0.0,🔄 持平,0.0,0.0,➖ 持平,1,2,357.0
2414,精技,電子通路業,09/17,52.6,0.96,122.0,6.4,12.8,134.0,7.06,⏸️ 平量滯漲 (拋壓增大，高位見頂),17.863720073664837,0.91,,,,4.30,,,,,,🔄 持平 (0%),,,,,,,,,,,,,,,,,,,,,,,,,,,,,,,,,,,,↗️ 微增,0.06,1.1700000000000002,↗️ 微增,0.06,1.1700000000000002,↗️ 微增,0.43,1.13,↗️ 微增,0.12,1.44,雙引擎 | 長短線,,,,,33.5,78.8,0.0,🔄 持平,0.0,0.0,➖ 持平,11,4,296.0
2415,錩新,電子零組件業,09/17,26.95,-0.55,127.0,3.42,17.1,73.0,1.99,⚠️ 放量滯漲 (拋壓增大，即將見頂反轉),200.0,1.72,,0.0,,20.60,🔄 持平,,,,,🔥 強延續 (34.7%),,,,🌐 外資日連買(4)-🆕 試單觀察,,,,,,,,,,,,,,,,,,,,,,,,,,,,,,,,🔄 持平,0.0,-0.14000000000000007,🔄 持平,-0.0,-0.13,↘️ 微減,-0.07,1.3800000000000001,↘️ 微減,-0.07,0.18999999999999997,,,,,,1.19,0,0.0,🔄 持平,0.0,0.0,➖ 持平,5,2,122.0
2417,圓剛,電腦及週邊設備業,09/17,38.95,1.7,414.0,16.1,27.8,270.0,10.37,⚖️ 溫和震盪整理,136.417033773862,1.55,,0.0,,2.30,🔄 持平,,,,,,,,,🌐 外資日連買(4)-🆕 試單觀察,,,,,,,,,,,,,,,,,,,,,,,,,,,,,,,,📉 小減,-0.63,-1.02,📉 小減,-0.63,-1.02,↘️ 微減,-0.14,-0.98,↗️ 微增,0.17,-0.38,,,,,,24.6,0,0.0,🔄 持平,0.1,0.0,➖ 持平,6,4,102.0
2419,仲琦,通信網路業,09/17,27.9,2.01,1788.0,49.8,698.0,1048.0,28.7,⚖️ 溫和震盪整理,106.63900414937757,1.74,🔴5日,0.0,1.309688781083071,1.30,📈 上升 | 🔄 洗盤回歸,0.30000000000000004,,,,🔥 強延續 (32.6%),,🔥 持續加碼 (0.18%),,🌐 外資日連買(3)-🆕 試單觀察 | 🌐 外資週連買(2)-🌱 週線發動,🔼 進駐,,,,,,,,,,,,0.0,40.0,,,,,,,,,,,,,,,,,,↘️ 微減,-0.36,-0.7400000000000001,↘️ 微減,-0.37,-0.74,↗️ 微增,0.08,0.31999999999999995,↘️ 微減,-0.07,0.11000000000000004,,,,,,62.4,0,0.0,🔄 持平,0.0,0.0,➖ 持平,3,3,180.0
2420,新巨,電子零組件業,09/17,53.5,-0.19,323.0,17.3,12.0,278.0,14.89,⏸️ 平量滯漲 (拋壓增大，高位見頂),84.63180362860194,1.16,,0.0,,8.00,🔄 持平,,,,,🔄 持平 (0%),,💤 籌碼沉澱中,,🌐 外資週連買(2)-🌱 週線發動,,,0.0,-20.7,,,,,,,,,,,,,,,,-0.81,7.38,,,,,,,,,,,↗️ 微增,0.01,-1.23,↗️ 微增,0.01,-1.22,↗️ 微增,0.44,-0.78,↗️ 微增,0.2,-0.7400000000000001,雙引擎,,,,,15.5,36.1,0.0,🔄 持平,0.0,0.0,➖ 持平,2,4,216.0
2421,建準,電子零組件業,09/17,162.0,0.93,2197.0,360.0,17.1,2197.0,356.2,⏸️ 平量滯漲 (拋壓增大，高位見頂),56.52173913043479,1.01,🟡20日 🟢60日 🔵120日,0.05999999999999517,37.820179545797885,36.20,📈 上升,,5.089864526092747,7.302719394237613,7.926206449845036,🔄 持平 (0%),🔄 持平 (0%),🔥 持續加碼 (0.06%),💤 籌碼沉澱中,,,,,,,,,,,-9.0,-330.0,-145.8,,,,,,,,,,,,,,,,-147.0,-5366.0,,,📉 小減,-0.63,7.259999999999999,📉 小減,-0.61,6.99,⚠️ 大減,-1.14,6.42,↘️ 微減,-0.11,7.33,,,,,,6.97,40.0,0.0,🔄 持平,0.0,0.0,➖ 持平,2,4,8233.0
2423,固緯,其他電子業,09/17,72.8,0.28,50.0,3.66,17.3,74.0,5.35,⚖️ 溫和震盪整理,-44.796380090497735,0.68,,,,5.00,,,,,,,,,,🌐 外資週連買(2)-🌱 週線發動,,,0.0,-17.8,,,,,,,,,,,,,,,,,,,,,,,,,,,,🔄 持平,0.0,0.01,🔄 持平,-0.0,0.01,↗️ 微增,0.02,0.47000000000000003,↗️ 微增,0.02,0.47000000000000003,,,,,,8.96,0,0.0,🔄 持平,0.02,0.0,➖ 持平,3,4,267.0
2424,隴華,通信網路業,09/17,7.88,-8.37,109.0,0.88,,81.0,0.66,🕳️ 平量大跌 (一致看空無承接，加速下跌),-1.1235955056179803,1.33,,,,0.50,,,,,,,,,,,,,,,,,,,,,,,,,,,,,,,,,,,,,,,,,,🔄 持平,0.0,0.0,🔄 持平,-0.0,0.0,🔄 持平,-0.0,0.0,🔄 持平,-0.0,0.0,,,,,,16.5,87.8,0.0,🔄 持平,13.68,0.0,➖ 持平,2,4,118.0
2425,承啟,電腦及週邊設備業,09/17,36.6,1.1,444.0,16.4,20.7,527.0,19.18,⏸️ 平量滯漲 (拋壓增大，高位見頂),22.388059701492512,0.86,🔴5日 🟡20日,0.16000000000000014,6.9572563967122045,6.80,🪜 階梯吸籌 | ⚠️ 趨緩,0.6500000000000004,1.923782308098633,,,🔥 強延續 (29.9%),,🔥 持續加碼 (0.14%),,🌐 外資日連買(8)-⚡ 買盤點火 | 🌐 外資週連買(5)-🚀 趨勢加溫,🔼 進駐,,,,-34.0,-143.0,-124.4,,,,,,-23.1,150.0,-3.0,6.0,-11.0,,,,,,,,,,,,,,,📈 小增,0.63,0.3900000000000001,📈 小增,0.6,0.27999999999999986,📈 小增,0.54,-1.18,📈 小增,0.52,-2.0300000000000002,雙引擎,,,,,25.9,0,0.0,🔄 持平,0.0,0.0,➖ 持平,3,4,836.0
2426,鼎元,光電業,09/17,96.0,-3.81,62011.0,6143.0,960.0,43860.0,4255.2,🥀 平量價縮 (下跌中繼，弱反彈信號),23.900766438079877,1.44,,-7.545072445801517,,6.80,📉 下降,,,,,,,💤 籌碼沉澱中,,,,,,,46.0,-669.0,441.6,,,,,,,,-549.0,65.0,-5270.4,,,,,,,,-32.0,492.0,-307.2,,,-317.0,4646.0,🚨 劇減,-4.71,4.17,🚨 劇減,-3.97,4.59,🚨 劇減,-3.02,4.680000000000001,🚨 劇減,-3.63,3.6,,,,,,7.95,0,0.0,🔄 持平,0.0,0.0,➖ 持平,1,4,5458.0
2427,三商電,資訊服務業,09/17,23.3,-1.48,1366.0,32.1,16.5,2368.0,55.96,⚖️ 溫和震盪整理,-65.92356687898089,0.57,,0.0,,3.00,🔄 持平,,,,,,,,,,,,,,,,,,,,,,0.0,725.0,0.0,87.0,0.0,,,,,-22.0,99.0,-51.3,153.0,322.0,356.5,,,,,🔄 持平,0.0,0.03,↗️ 微增,0.01,-0.020000000000000018,↗️ 微增,0.35,0.33000000000000007,↗️ 微增,0.11,-0.14,,,,,,46.8,0,0.0,🔄 持平,-0.5,0.0,➖ 持平,2,4,355.0
2428,興勤,電子零組件業,09/17,254.5,0.2,849.0,217.0,18.1,1052.0,268.8,⏸️ 平量滯漲 (拋壓增大，高位見頂),70.86614173228347,0.81,🔴5日,0.010000000000001563,16.051987329814526,14.30,📈 上升,0.2500000000000018,,,,,,🔥 持續加碼 (0.02%),,,,,,,,,,-1.53,-14.3,-47.0,-503.0,-1196.2,-15.4,83.3,,,,,,,,,,,,,,-1200.0,-12877.0,,,↘️ 微減,-0.03,-0.10999999999999986,📉 小減,-0.66,-2.0700000000000003,↗️ 微增,0.45,-3.21,↗️ 微增,0.41,-5.45,,,,,,21.3,0,0.0,🔄 持平,0.0,0.0,➖ 持平,2,4,1329.0
2429,銘旺科,光電業,09/17,31.15,0.0,82.0,2.52,,124.0,3.78,⚖️ 溫和震盪整理,-32.07547169811321,0.67,,0.0,,0.90,🔄 持平,,,,,,,,,🌐 外資日連買(2)-🆕 試單觀察 | 🌐 外資週連買(2)-🌱 週線發動,,,,,,,,,,,,,,,,,,,,,,,,,,,,,,,,🔄 持平,0.0,-0.05,🔄 持平,-0.0,-0.05,🔄 持平,-0.0,-0.05,🔄 持平,-0.0,-0.05,,,,,,17.9,22.9,0.0,🔄 持平,-0.1,0.0,➖ 持平,6,4,231.0
2430,燦坤,電子通路業,09/17,18.05,1.4,104.0,1.86,36.1,62.0,1.1,⚠️ 放量滯漲 (拋壓增大，即將見頂反轉),36.76470588235294,1.69,,,,2.80,,,,,,🔄 持平 (0%),,,,,,,,,,,,,,,,,,,,,,,,,,,,,,,,,,,,↗️ 微增,0.07,0.2,↗️ 微增,0.07,0.2,↗️ 微增,0.07,0.2,↗️ 微增,0.07,0.2,雙引擎 | 長短線,,,,,32.2,0,0.0,🔄 持平,0.0,0.0,➖ 持平,15,4,294.0
2431,聯昌,電子零組件業,09/17,9.92,0.2,71.0,0.7,,103.0,1.02,⚖️ 溫和震盪整理,12.903225806451601,0.69,,,,1.00,,,,,,,,,,,,,,,,,,,-100.0,,,,,,,,,,,,,,,,,,,,,,,↗️ 微增,0.01,0.13,↗️ 微增,0.01,0.07000000000000006,↗️ 微增,0.02,1.2000000000000002,↗️ 微增,0.07,0.22999999999999993,雙引擎 | 長短線,,,,,33.8,0,0.0,🔄 持平,-0.4,0.0,➖ 持平,6,4,248.0
2433,互盛電,其他電子業,09/17,40.25,-0.12,52.0,2.07,13.4,46.0,1.86,⏸️ 平量滯漲 (拋壓增大，高位見頂),290.56603773584897,1.11,,,,1.00,,,,,,🔄 持平 (0%),,,,,,⚠️ 初危,,,,,,,,,,,,,,,,,,,,,,,,,,,,,,🔄 持平,0.0,0.0,🔄 持平,-0.0,0.0,🔄 持平,-0.0,0.0,↗️ 微增,0.01,0.02,,,,,,27.3,49.1,0.0,🔄 持平,0.0,0.0,➖ 持平,2,4,64.0
2434,統懋,半導體業,09/17,60.0,-2.44,379.0,23.1,,459.0,28.22,🥀 平量價縮 (下跌中繼，弱反彈信號),-25.723472668810288,0.82,,0.0,,1.10,🔄 持平,,,,,,,,,,,,,,,,,,,,,,,,,,,,,,,,,,,,,,,,,🔄 持平,0.0,0.0,🔄 持平,-0.0,0.01,🔄 持平,-0.0,0.01,🔄 持平,-0.0,0.01,,,,,,31.6,0,0.0,🔄 持平,0.0,0.0,➖ 持平,2,2,356.0
2436,偉詮電,半導體業,09/17,67.6,-0.59,3055.0,208.0,12.2,3197.0,216.0,⏸️ 平量滯漲 (拋壓增大，高位見頂),30.817610062893074,0.96,🔴5日,0.6710041909225559,13.806682756670735,12.30,📈 上升,0.8584820721646285,,,,🔄 持平 (0%),🚨 劇烈倒貨 (-0.59%),💤 籌碼沉澱中,🚨 轉賣反轉 (-0.01%),🌐 外資日連買(2)-🆕 試單觀察 | 🏦 投信週連買(2)-🌱 週線發動,,,,,-245.0,-332.0,-1656.2,,,,,,,,,,,,,1.23,21.6,,,,61.0,895.0,412.4,,,416.0,5968.0,📉 小減,-0.61,-0.2899999999999998,↘️ 微減,-0.15,1.3399999999999999,↘️ 微減,-0.13,2.8,📈 小增,0.67,1.6899999999999995,,,,,,6.05,19.4,0.0,🔄 持平,0.02,0.0,➖ 持平,2,3,1726.0
2438,翔耀,光電業,09/17,19.2,-0.26,47.0,0.91,,74.0,1.43,⚖️ 溫和震盪整理,-25.409836065573764,0.64,,,,0.60,,,,,,,,,,,,,,,,,,,,,,,,,,,,,,,,,,,,,,,,,,🔄 持平,0.0,0.0,🔄 持平,-0.0,0.0,🔄 持平,-0.0,0.0,🔄 持平,-0.0,0.01,,,,,,4.07,60.4,0.0,🔄 持平,1.16,0.0,➖ 持平,2,3,93.0
2439,美律,通信網路業,09/17,79.3,1.67,1578.0,124.0,14.4,950.0,73.64,⚖️ 溫和震盪整理,82.35294117647058,1.68,🔴5日 🟡20日,0.0,-1.047111073182311,10.00,📈 上升 | 🚀 衝進🟡20日榜單,0.6823278512757529,0.614846266833583,,,🔥 強延續 (68.5%),🔄 持平 (0.0%),🔥 持續加碼 (0.43%),💤 籌碼沉澱中,🌐 外資日連買(2)-🆕 試單觀察 | 🌐 外資週連買(2)-🌱 週線發動,🔥 點火,,-2.69,-5.66,-114.0,-247.0,-904.0,,,,,,42.9,42.9,,,,,,,,,,,,,,,,,,↘️ 微減,-0.32,-3.9599999999999995,↘️ 微減,-0.3,-3.1999999999999997,⚠️ 大減,-1.11,-3.4400000000000004,📉 小減,-0.97,-4.15,,,,,,10.0,10.1,0.36,📈 增,0.44,-0.2,↘️ 微減,7,3,938.0
2440,太空梭,電子零組件業,09/17,14.2,1.79,154.0,2.17,101.0,162.0,2.25,⚖️ 溫和震盪整理,33.95061728395061,0.96,,,,0.50,,,,,,,,,,🌐 外資日連買(2)-🆕 試單觀察,,,,,,,,,,,,,,,,,,,,,,,,,,,,,,,,🔄 持平,0.0,0.08,🔄 持平,-0.0,0.08,↗️ 微增,0.01,0.1,↗️ 微增,0.01,0.32000000000000006,,,,,,36.4,0,0.0,🔄 持平,0.0,0.0,➖ 持平,4,4,213.0
2441,超豐,半導體業,09/17,118.5,1.72,5170.0,617.0,21.9,3774.0,439.6,⚖️ 溫和震盪整理,141.96078431372547,1.4,🔴5日,0.3996484109446552,9.711113965920482,10.30,🪜 階梯吸籌 | 📈 上升,0.5758215074904243,,,,🔥 強延續 (42.6%),📉 調節洗盤 (-0.04%),🔥 持續加碼 (0.39%),🔄 今日量縮持平,,,,-1.77,-6.33,-122.0,-458.0,-1445.7,,,48.0,-515.0,568.8,,,,,,,,,,,,,,,,573.0,-5885.0,,,↘️ 微減,-0.29,0.28000000000000025,↘️ 微減,-0.28,-0.1700000000000001,↘️ 微減,-0.11,-0.15000000000000002,↘️ 微減,-0.18,0.27999999999999997,,,,,,43.9,0,0.0,🔄 持平,0.0,0.0,➖ 持平,4,2,5100.0
2442,新美齊,建材營造業,09/17,14.3,1.06,1183.0,16.8,2.8,1364.0,19.82,⏸️ 平量滯漲 (拋壓增大，高位見頂),-22.935779816513758,0.85,🔴5日,0.14000000000000012,1.36,1.40,📈 上升,0.26,,,,,,,,,,,,,,,,,,,,,1.54,20.0,1.0,11.0,1.4,,,1.63,14.6,,,,247.0,1962.0,353.2,,,352.0,2865.0,↘️ 微減,-0.04,-1.54,↘️ 微減,-0.32,-2.15,↘️ 微減,-0.37,-2.34,📉 小減,-0.89,-3.17,,,,,,29.1,26.4,0.0,🔄 持平,0.0,0.0,➖ 持平,2,3,567.0
2444,兆勁,通信網路業,09/17,12.2,4.72,407.0,4.94,,724.0,8.75,🔒 縮量大漲 (鎖倉高控盤，延續上漲),71.52777777777779,0.56,,,,2.10,,,,,,,,,,,,,,,,,,,,,,,,,,,,,,,,,,,,,,,,,,↗️ 微增,0.05,0.09999999999999999,↗️ 微增,0.05,0.09,↗️ 微增,0.06,0.07000000000000002,↘️ 微減,-0.38,0.09999999999999998,,,,,,7.89,0,0.0,🔄 持平,0.0,0.0,➖ 持平,4,4,601.0
2449,京元電子,半導體業,09/17,265.0,1.34,15860.0,4254.0,34.7,12106.0,3183.0,⏸️ 平量滯漲 (拋壓增大，高位見頂),109.97038499506418,1.34,🔴5日,0.1898442224827015,26.294232267431227,28.00,📈 上升,0.23836281440243212,,,,,🔄 持平 (0%),,💤 籌碼沉澱中,🌐 外資日連買(2)-🆕 試單觀察,,,,,-173.0,-339.0,-4584.5,,,,,,,,,,,,,,,,,,1445.0,5770.0,38292.5,,,38758.0,151509.0,↘️ 微減,-0.08,-0.5999999999999999,↗️ 微增,0.14,-0.8299999999999998,↗️ 微增,0.19,-1.1400000000000001,↗️ 微增,0.18,-1.38,,1.11,266.59,291.5,🛡️ 防守成功,8.45,0,0.0,🔄 持平,0.0,0.0,➖ 持平,7,4,16536.0
2450,神腦,通信網路業,09/17,28.3,0.18,89.0,2.53,17.5,94.0,2.57,⏸️ 平量滯漲 (拋壓增大，高位見頂),-56.15251299826689,0.98,,,,1.20,,,,,,🔄 持平 (0%),,,,🌐 外資日連買(2)-🆕 試單觀察,,,,,,,,,,,,,,,,,,,,,,,,,,,,,,,,🔄 持平,0.0,0.0,🔄 持平,-0.0,0.0,🔄 持平,-0.0,0.0,🔄 持平,-0.0,-0.42000000000000004,,,,,,33.5,0,0.0,🔄 持平,0.0,0.0,➖ 持平,2,3,202.0
2451,創見,半導體業,09/17,277.0,-1.95,1967.0,551.0,4.8,1961.0,543.6,🥀 平量價縮 (下跌中繼，弱反彈信號),-30.691823899371073,1.01,,0.0,,11.50,🔄 持平,,,,,,🔄 持平 (0%),,💤 籌碼沉澱中,🌐 外資週連買(2)-🌱 週線發動,,,,,-48.0,-290.0,-1329.6,,,,,,,,,,,,,2.03,9.5,,,,285.0,1245.0,7894.5,,,7985.0,34503.0,📈 小增,0.56,-0.53,↘️ 微減,-0.04,-0.29000000000000004,📉 小減,-0.5,0.10000000000000009,↘️ 微減,-0.32,-0.039999999999999925,,,,,,2.14,0,0.0,🔄 持平,0.0,0.0,➖ 持平,2,4,1403.0
2453,凌群,資訊服務業,09/17,54.6,-1.27,788.0,43.3,17.2,1234.0,67.5,⚖️ 溫和震盪整理,-43.472584856396864,0.64,,-5.61,,5.50,📉 下降,,,,,🔄 持平 (0%),,💤 籌碼沉澱中,,,,,,,,,,,,,,,80.0,800.0,4.0,8.0,21.8,,,,,-6.0,134.0,-32.8,,,,,,,,↗️ 微增,0.07,1.19,↗️ 微增,0.15,1.27,📈 小增,0.76,1.8599999999999999,↗️ 微增,0.18,1.34,雙引擎 | 長短線,,,,,28.4,0,0.0,🔄 持平,0.0,0.0,➖ 持平,1,4,323.0
2454,聯發科,半導體業,09/17,4500.0,-0.66,6496.0,29877.0,74.2,6612.0,30157.4,⏸️ 平量滯漲 (拋壓增大，高位見頂),-1.1284664769342756,0.99,🟡20日,0.0,56.70722326718938,56.00,📈 上升 | 🔄 洗盤回歸,,0.4326068027256298,,,,🔄 持平 (0%),💤 籌碼沉澱中,💤 籌碼沉澱中,🌐 外資日連買(2)-🆕 試單觀察 | 🌐 外資週連買(2)-🌱 週線發動,,,,,-36.0,-145.0,-16200.0,,,,,,,,,,,,,1.99,8.86,,,,96.0,400.0,43200.0,,,44155.0,180315.0,📈 小增,0.58,-0.36000000000000015,📈 小增,0.54,-0.4699999999999999,↗️ 微增,0.17,-0.5499999999999999,↗️ 微增,0.22,-0.24999999999999997,雙引擎,0.87,4598.3 / 4598.35,4710.0,🛡️ 防守成功,2.74,0,0.02,↗️ 微增,0.02,0.0,➖ 持平,3,4,4345.0
2455,全新,通信網路業,09/17,534.0,3.69,28619.0,15704.0,130.0,10714.0,5732.4,⚖️ 溫和震盪整理,53.17986734295748,2.74,🟡20日 🟢60日 🔵120日,0.32798938074009953,56.0502970306229,33.10,📈 上升,,9.36520052116451,10.265155272964286,20.017975605085837,🔄 持平 (0%),🔥 強延續 (1.93%),💤 籌碼沉澱中,🔥 持續加碼 (0.3%),,,,,,,,,,,,,,14.1,17.8,81.0,99.0,4325.4,11.1,14.8,2.31,13.3,906.0,1170.0,48380.4,95.0,495.0,5073.0,,,5213.0,26019.0,↘️ 微減,-0.28,4.09,↘️ 微減,-0.19,6.02,📈 小增,0.54,7.13,↗️ 微增,0.37,7.200000000000001,,,,,,3.7,33.7,-0.02,↘️ 微減,-2.35,17.7,🚨 暴增,3,4,9666.0
2457,飛宏,電子零組件業,09/17,22.2,2.54,1174.0,26.0,,989.0,21.68,⚖️ 溫和震盪整理,92.59259259259258,1.2,🔴5日,0.07999999999999918,5.979512680220743,6.00,🪜 階梯吸籌 | 📈 上升,0.25,,,,,,,,🌐 外資日連買(4)-🆕 試單觀察,,,,,,,,,,,,,,,,,,,,,,,,,,,,,,,,↗️ 微增,0.23,-0.29000000000000004,↘️ 微減,-0.39,-0.25,↘️ 微減,-0.05,-0.37000000000000005,↘️ 微減,-0.02,-0.31000000000000016,,,,,,14.5,43.9,0.0,🔄 持平,0.0,0.5,↗️ 微增,5,4,1710.0
2458,義隆,半導體業,09/17,129.0,0.39,905.0,117.0,11.8,892.0,113.36,⏸️ 平量滯漲 (拋壓增大，高位見頂),20.99276111685626,1.03,🔵120日,-0.019999999999999574,23.869710634044463,19.40,📉 下降,,,,6.982302848154813,,🔄 持平 (0%),💤 籌碼沉澱中,💤 籌碼沉澱中,,,,,,,,,,,,,,,,,,,,,,,,,,370.0,1170.0,4773.0,,,4783.0,14929.0,↘️ 微減,-0.18,-0.54,↗️ 微增,0.42,-1.1800000000000002,📈 小增,0.64,-2.54,↗️ 微增,0.09,-2.6900000000000004,,,,,,6.03,9.16,0.0,🔄 持平,0.14,0.0,➖ 持平,5,4,790.0
2459,敦吉,其他電子業,09/17,65.5,0.0,88.0,5.78,11.7,49.0,3.18,⚠️ 放量滯漲 (拋壓增大，即將見頂反轉),207.44680851063833,1.82,,,,15.60,,,,,,,,,,,,,,,,,,,,,,,,,,,,,,,,,,,,,,,,,,🔄 持平,0.0,0.0,🔄 持平,-0.0,-1.6,↘️ 微減,-0.02,-0.14,↘️ 微減,-0.01,0.16999999999999998,,,,,,14.6,0,0.0,🔄 持平,-0.1,0.0,➖ 持平,3,4,69.0
2460,建通,電子零組件業,09/17,29.1,0.52,292.0,8.49,,305.0,8.95,⏸️ 平量滯漲 (拋壓增大，高位見頂),117.69230769230772,0.95,,,,1.10,,,,,,,,,,,,,,,,,,,,,,,,,,,,,,,,,,,,,,,,,,↗️ 微增,0.03,-0.08,↗️ 微增,0.03,-0.08,↗️ 微增,0.03,-0.06,↗️ 微增,0.03,-0.11000000000000001,雙引擎,,,,,36.3,0,0.0,🔄 持平,-0.7,0.0,➖ 持平,5,3,196.0
2461,光群雷,其他電子業,09/17,17.55,0.86,598.0,10.5,38.2,478.0,8.25,⏸️ 平量滯漲 (拋壓增大，高位見頂),20.68965517241381,1.27,🔵120日,-0.6899999999999995,9.09,9.10,📉 下降,,,,3.59,,,,,🌐 外資日連買(3)-🆕 試單觀察,,,,,-82.0,-125.0,-143.9,-4.82,-10.3,-94.0,-214.0,-165.0,,,,,,,,,,,,,,,,,,,,↘️ 微減,-0.01,1.6099999999999999,↗️ 微增,0.49,1.59,📉 小減,-0.52,0.55,↗️ 微增,0.17,0.10000000000000009,,,,,,9.36,67.1,0.08,↗️ 微增,0.02,-0.5,↘️ 微減,15,4,2316.0
2462,良得電,電子零組件業,09/17,19.35,0.0,93.0,1.8,31.2,132.0,2.52,⏸️ 平量滯漲 (拋壓增大，高位見頂),-12.195121951219502,0.71,,0.0,,1.20,🔄 持平,,,,,,,,,🌐 外資日連買(2)-🆕 試單觀察,,,,,,,,,,,,,,,-1.0,11.0,-1.9,,,,,,,,,,,,,,,🔄 持平,0.0,0.009999999999999998,↗️ 微增,0.02,0.030000000000000002,↗️ 微增,0.02,-0.42,↘️ 微減,-0.24,-0.11000000000000003,,,,,,31.2,0,0.0,🔄 持平,0.8,0.0,➖ 持平,2,3,154.0
2464,盟立,其他電子業,09/17,179.5,-1.91,8383.0,1519.0,438.0,8652.0,1572.2,🥀 平量價縮 (下跌中繼，弱反彈信號),7.806955287437889,0.97,🟢60日 🔵120日,-0.16492339949808255,14.93286756071386,13.90,📉 下降,,,8.310983334051368,11.364449517391936,,🔄 持平 (0%),💤 籌碼沉澱中,💤 籌碼沉澱中,🏦 投信日連買(2)-🆕 試單觀察,,,0.45,-8.22,81.0,-1621.0,1454.0,,,,,,5.32,60.5,15.0,112.0,269.2,,,8.3,36.2,,,,641.0,2225.0,11506.0,,,11612.0,40291.0,🚨 劇減,-4.78,10.32,🚨 劇減,-4.26,10.34,🚨 劇減,-4.09,10.92,🚨 劇減,-4.87,11.58,,,,,,12.5,5.07,0.0,🔄 持平,-0.6,0.0,➖ 持平,6,3,2731.0
2465,麗臺,電腦及週邊設備業,09/17,89.2,-1.33,1833.0,165.0,32.9,1364.0,122.54,⏸️ 平量滯漲 (拋壓增大，高位見頂),74.41860465116281,1.35,🟢60日 🔵120日,0.009999999999999787,7.55,7.60,📈 上升,,,3.8899999999999997,6.14,,,💤 籌碼沉澱中,,,,,,,,,,,,,,,,,,,,,,,,,,,,,,,,,,⚠️ 大減,-1.16,2.25,🚨 劇減,-3.1,2.24,🚨 劇減,-3.05,6.65,🚨 劇減,-2.86,5.48,,,,,,29.0,0,0.0,🔄 持平,-0.2,0.0,➖ 持平,2,3,1683.0
2466,冠西電,光電業,09/17,102.5,-1.44,845.0,87.5,65.3,1255.0,131.52,⚖️ 溫和震盪整理,-8.088235294117652,0.67,,0.0,,11.50,🔄 持平,,,,,🔄 持平 (0%),,💤 籌碼沉澱中,,🌐 外資日連買(3)-🆕 試單觀察,,,,,,,,,,,,,,,,,,,,,,,,,,,,,,,,↘️ 微減,-0.21,-0.63,↘️ 微減,-0.2,-1.7800000000000002,↘️ 微減,-0.2,-1.9200000000000002,↗️ 微增,0.3,-2.37,,,,,,9.85,29.9,0.0,🔄 持平,0.0,0.0,➖ 持平,3,4,632.0
2467,志聖,電子零組件業,09/17,519.0,0.0,956.0,509.0,50.8,881.0,473.4,⏸️ 平量滯漲 (拋壓增大，高位見頂),81.78571428571428,1.08,,0.0,,20.90,🔄 持平,,,,,,🔄 持平 (0%),💤 籌碼沉澱中,💤 籌碼沉澱中,,,,,,,,,,,,,,,,,,,,,-0.85,19.0,,,,,,,,,-373.0,7202.0,📉 小減,-0.83,0.71,⚠️ 大減,-1.46,-0.37999999999999995,📉 小減,-0.57,1.79,📉 小減,-0.55,1.3299999999999998,,,,,,15.9,1.8,0.0,🔄 持平,0.0,0.0,➖ 持平,2,3,565.0
2468,華經,資訊服務業,09/17,41.7,-4.47,9363.0,403.0,30.7,13835.0,591.9,☠️ 縮量大跌 (一致看空無承接，加速下跌),-80.04950495049505,0.68,🔴5日 🟡20日 🟢60日,-0.06999999999999984,2.127891332957764,2.10,📉 下降,1.31,1.3900000000000001,1.45,,,,🚨 轉賣反轉 (-0.01%),,🌐 外資週連買(2)-🌱 週線發動,,,3.82,-6.05,120.0,-210.0,500.4,,,,,,-14.1,1375.0,-68.0,385.0,-283.6,,,,,,,,,,,,,,,🔄 持平,0.0,0.0,🔄 持平,-0.0,0.0,📉 小減,-0.9,0.010000000000000342,↘️ 微減,-0.12,0.8500000000000001,,,,,,47.7,0,0.0,🔄 持平,0.0,0.0,➖ 持平,2,3,1093.0
2471,資通,資訊服務業,09/17,52.3,0.77,321.0,16.7,10.8,814.0,42.29,⚖️ 溫和震盪整理,-42.8082191780822,0.39,,0.0,,4.30,🔄 持平,,,,,🔄 持平 (0%),,💤 籌碼沉澱中,,🌐 外資日連買(3)-🆕 試單觀察,,,,,,,,-16.0,-11.7,,,,0.0,200.0,,,,0.97,22.6,,,15.0,289.0,78.4,,,,,,,,🔄 持平,0.0,0.0,🔄 持平,-0.0,0.0,🔄 持平,-0.0,0.0,↗️ 微增,0.12,2.1700000000000004,,,,,,12.4,0,0.0,🔄 持平,0.0,0.0,➖ 持平,4,2,139.0
2472,立隆電,電子零組件業,09/17,208.5,-0.95,1768.0,373.0,21.3,1908.0,404.4,⏸️ 平量滯漲 (拋壓增大，高位見頂),10.029498525073755,0.92,🔴5日 🟢60日 🔵120日,-0.11351751854857639,17.46924242003089,14.60,📉 下降,0.4513197441903358,,4.152053865897477,3.386443602010665,⚠️ 趨緩 (17.7%),,🔥 持續加碼 (0.19%),,🌐 外資日連買(8)-⚡ 買盤點火 | 🌐 外資週連買(3)-🌱 週線發動,,,,,-2.0,-124.0,-41.7,,,,,,50.0,63.6,6.0,7.0,125.1,,,0.0,23.3,,,,0.0,714.0,0.0,,,0.0,15078.0,🔥 大增,1.47,-1.62,↗️ 微增,0.36,-1.0100000000000002,↘️ 微減,-0.04,-2.71,↘️ 微減,-0.26,-2.79,,,,,,17.5,0,0.0,🔄 持平,0.0,0.0,➖ 持平,8,3,1966.0
2474,可成,其他電子業,09/17,208.5,0.72,3205.0,667.0,14.2,2183.0,448.6,⏸️ 平量滯漲 (拋壓增大，高位見頂),12.478920741989885,1.49,,0.0,,14.10,🔄 持平,,,,,,⚠️ 趨緩 (13.4%),,🔥 持續加碼 (0.08%),🏦 投信日連買(2)-🆕 試單觀察 | 🏦 投信週連買(3)-🌱 週線發動,,,0.06,-5.96,4.0,-400.0,83.4,,,,,,,,,,,,,,,,,,,,,,,8054.0,3768.0,📈 小增,0.53,2.27,↗️ 微增,0.49,3.2199999999999998,📈 小增,0.58,2.81,↗️ 微增,0.38,2.8399999999999994,雙引擎 | 長短線,,,,,5.13,0,0.0,🔄 持平,0.2,0.0,➖ 持平,2,4,13303.0
2476,鉅祥,電子零組件業,09/17,119.5,1.7,774.0,92.1,19.4,847.0,99.98,⚖️ 溫和震盪整理,6.844547563805103,0.92,,0.0,,7.70,🔄 持平,,,,,,,,,,,,,,,,,,,,,,,,,,,,,,,-51.0,325.0,-609.4,28.0,295.0,334.6,,,333.0,3484.0,📈 小增,0.72,0.04000000000000015,↘️ 微減,-0.14,0.3899999999999999,↘️ 微減,-0.49,0.69,↘️ 微減,-0.08,0.47,,,,,,7.76,0,0.0,🔄 持平,-1.89,0.0,➖ 持平,2,4,1938.0
2477,美隆電,其他電子業,09/17,22.0,0.92,78.0,1.71,25.3,70.0,1.54,⏸️ 平量滯漲 (拋壓增大，高位見頂),48.695652173913054,1.11,,0.0,,23.40,🔄 持平,,,,,,🔥 強延續 (9.3%),,🔄 今日量縮持平,🌐 外資日連買(2)-🆕 試單觀察 | 🏦 投信日連買(3)-🆕 試單觀察 | 🏦 投信週連買(2)-🌱 週線發動,,,,,,,,-0.49,-12.7,-6.0,-177.0,-13.2,,,,,,,,,,,,,,,,,,,,↗️ 微增,0.01,-0.01,↗️ 微增,0.01,-0.01,↗️ 微增,0.01,-0.03,↗️ 微增,0.02,-0.09999999999999998,雙引擎,,,,,24.4,1.44,0.0,🔄 持平,0.0,0.0,➖ 持平,6,4,310.0
2478,大毅,電子零組件業,09/17,118.0,-1.67,1858.0,223.0,24.3,1832.0,218.2,🥀 平量價縮 (下跌中繼，弱反彈信號),35.151515151515156,1.02,🔵120日,-0.14000000000000057,14.858747667566316,11.60,📉 下降,,,,3.977735724810781,,,💤 籌碼沉澱中,,,,,,,43.0,-494.0,507.4,,,25.0,-133.0,295.0,9.0,19.8,9.0,18.0,106.2,,,,,,,,,,,300.0,-1604.0,,,📈 小增,0.94,-8.15,📈 小增,0.94,-7.470000000000001,↗️ 微增,0.48,-6.619999999999999,🔥 大增,1.46,-4.760000000000001,雙引擎,,,,,11.1,4.74,0.0,🔄 持平,0.0,0.0,➖ 持平,4,4,1663.0
2480,敦陽科,資訊服務業,09/17,161.5,0.94,278.0,44.8,18.4,363.0,58.16,⏸️ 平量滯漲 (拋壓增大，高位見頂),-9.859154929577475,0.77,🔴5日 🟡20日 🟢60日,0.08000000000000007,12.329574099134422,12.00,🪜 階梯吸籌 | 📈 上升,0.4387523265614224,0.7035463816096552,2.763126002541682,,🔥 強延續 (36.6%),🔄 持平 (0.0%),🔥 持續加碼 (0.1%),🔄 今日量縮持平,🌐 外資日連買(7)-⚡ 買盤點火 | 🌐 外資週連買(6)-🚀 趨勢加溫 | 🏦 投信週連買(4)-🌱 週線發動,🔥 點火,,-0.71,-7.89,,,,,,,,,,,,,,,,,,,,,,,,-193.0,-1125.0,,,↘️ 微減,-0.02,0.34999999999999987,↘️ 微減,-0.02,-1.3399999999999999,↘️ 微減,-0.07,0.49,↗️ 微增,0.36,0.78,,,,,,8.37,6.51,0.0,🔄 持平,0.0,0.0,➖ 持平,9,4,293.0
2481,強茂,半導體業,09/17,163.0,-3.26,67322.0,11173.0,43.2,55263.0,8864.0,🥀 平量價縮 (下跌中繼，弱反彈信號),9.981297371788568,1.26,🔴5日 🟡20日,-2.6006737855074675,26.619864040720923,10.20,📉 下降,0.9471797112233737,0.8405590486393137,,,,🔥 強延續 (2.83%),💤 籌碼沉澱中,🔥 持續加碼 (0.5%),🏦 投信日連買(3)-🆕 試單觀察 | 🏦 投信週連買(4)-🌱 週線發動,,,,,,,,,,478.0,-2064.0,7791.4,,,,,,8.35,4.1,,,1342.0,686.0,21874.6,,,,7933.0,-32717.0,,,🚨 劇減,-5.57,-7.65,🚨 劇減,-6.36,-8.4,🚨 劇減,-6.26,-8.059999999999999,🚨 劇減,-6.02,-7.83,,,,,,19.4,14.2,0.0,🔄 持平,0.3,0.0,➖ 持平,2,4,7279.0
2482,連宇,其他電子業,09/17,16.0,0.31,59.0,0.94,,54.0,0.86,⏸️ 平量滯漲 (拋壓增大，高位見頂),-1.0526315789473717,1.09,🔴5日,0.010000000000000009,1.37,1.40,🪜 階梯吸籌 | ⚠️ 趨緩,0.27,,,,⚠️ 趨緩 (8.49%),,,,🌐 外資日連買(2)-🆕 試單觀察,,,,,,,,0.0,-8.95,,,,,,,,,,,,,,,,,,,,,,,🔄 持平,0.0,0.0,🔄 持平,-0.0,0.0,🔄 持平,-0.0,0.8800000000000001,↗️ 微增,0.01,0.11999999999999998,,,,,,17.9,0,0.0,🔄 持平,0.0,0.0,➖ 持平,5,4,215.0
2483,百容,電子零組件業,09/17,32.4,2.21,504.0,16.2,130.0,499.0,15.44,⚖️ 溫和震盪整理,3.8461538461538547,1.05,🟢60日 🔵120日,-0.019999999999999574,5.4,5.40,📉 下降,,,1.8600000000000003,4.57,🔄 持平 (0%),,🔄 今日量縮持平,,🌐 外資週連買(2)-🌱 週線發動,,,,,,,,-1.31,-8.27,-18.0,-122.0,-58.3,-2.78,84.2,-1.0,16.0,-3.2,,,,,,,,,,,,,,,↗️ 微增,0.13,-4.93,📈 小增,0.99,-4.98,↗️ 微增,0.28,-3.66,📈 小增,0.97,-2.68,雙引擎,,,,,13.8,0,0.0,🔄 持平,0.0,0.0,➖ 持平,5,3,557.0
2484,希華,電子零組件業,09/17,70.3,-1.54,7729.0,554.0,50.9,5484.0,381.6,🥀 平量價縮 (下跌中繼，弱反彈信號),-1.0714285714285676,1.45,🔴5日 🟡20日 🔵120日,0.20000000000000018,7.741535208449486,7.50,🪜 階梯吸籌 | ⚠️ 趨緩,1.7300000000000004,3.0424727618419105,,3.2515352084494857,🔄 持平 (0%),,🔥 持續加碼 (0.17%),,🌐 外資日連買(5)-⚡ 買盤點火,,,,,,,,,,-122.0,-487.0,-857.7,,,11.0,20.0,77.3,1.02,1.58,,,161.0,249.0,1131.8,,,,-874.0,-3477.0,,,↗️ 微增,0.35,-1.29,📈 小增,0.99,-0.71,↗️ 微增,0.09,-1.9700000000000002,↗️ 微增,0.04,-0.41999999999999993,雙引擎,,,,,8.68,0,-0.06,↘️ 微減,-0.17,0.0,➖ 持平,5,3,1239.0
2485,兆赫,通信網路業,09/17,39.35,1.03,4015.0,160.0,45.2,2070.0,80.9,⚠️ 放量滯漲 (拋壓增大，即將見頂反轉),155.59105431309902,1.98,🟢60日,-0.1200000000000001,6.06,6.10,📉 下降,,,4.763000907928717,,,,💤 籌碼沉澱中,,,,,,,,,,,,,,,,,,,,,,,,,,,216.0,395.0,850.0,,,860.0,1548.0,↘️ 微減,-0.06,-0.7000000000000002,↗️ 微增,0.28,-0.3500000000000001,↗️ 微增,0.07,-0.3500000000000001,↗️ 微增,0.13,-0.09999999999999998,,,,,,12.4,0,0.0,🔄 持平,-0.3,0.0,➖ 持平,4,4,1617.0
2486,一詮,光電業,09/17,229.0,-0.22,3145.0,731.0,194.0,3381.0,789.6,⏸️ 平量滯漲 (拋壓增大，高位見頂),5.788712011577424,0.93,,0.0,,7.50,🔄 持平,,,,,,🔄 持平 (0.0%),,🔄 今日量縮持平,,,,,,-5.0,-459.0,-114.5,,,,,,,,,,,,,3.13,10.9,,,,379.0,1225.0,8679.1,,,8812.0,28439.0,⚠️ 大減,-1.16,-1.1499999999999997,🚨 劇減,-1.58,-1.9800000000000004,🚨 劇減,-1.55,-2.52,🚨 劇減,-1.52,-2.26,,,,,,16.3,36.8,0.0,🔄 持平,-0.1,0.0,➖ 持平,3,3,898.0
2488,漢平,其他電子業,09/17,48.65,0.1,101.0,4.89,9.99,83.0,4.03,⏸️ 平量滯漲 (拋壓增大，高位見頂),404.12371134020617,1.21,,0.0,,6.30,🔄 持平,,,,,,,,,,,,,,,,,,,,,,,,,,,,,,,,,,,,,,,,,↗️ 微增,0.17,0.07000000000000002,↗️ 微增,0.17,0.07000000000000002,↗️ 微增,0.17,0.07000000000000002,↗️ 微增,0.17,0.18999999999999995,雙引擎 | 長短線,,,,,14.5,8.59,0.0,🔄 持平,1.7,-0.04,↘️ 微減,4,4,211.0
2489,瑞軒,光電業,09/17,43.2,4.73,123007.0,5339.0,31.3,41596.0,1734.0,🚀 放量大漲 (量價齊升，持續看漲),263.94001363326515,3.08,🔴5日 🟡20日 🟢60日,0.9800000000000004,8.630357704918033,8.00,📈 上升,1.8242622950819678,1.7687049180327872,3.1341229508196724,,,🔄 持平 (0%),🔥 持續加碼 (0.94%),💤 籌碼沉澱中,🌐 外資日連買(2)-🆕 試單觀察 | 🌐 外資週連買(3)-🌱 週線發動,,,,,,,,,,,,,26.6,67.3,247.0,473.0,1067.0,-1.18,10.1,,,-421.0,3235.0,-1818.7,784.0,1952.0,3386.9,,,3403.0,7819.0,📉 小減,-0.89,-0.41999999999999993,⚠️ 大減,-1.16,-0.43,📉 小減,-0.75,-0.25,📉 小減,-0.56,-0.18000000000000016,,,,,,12.6,0,0.0,🔄 持平,0.0,0.0,➖ 持平,5,3,7785.0
2491,吉祥全,光電業,09/17,40.3,-0.62,1145.0,46.2,1.26,1006.0,40.24,⏸️ 平量滯漲 (拋壓增大，高位見頂),71.11111111111113,1.15,🔴5日 🟡20日 🟢60日 🔵120日,0.0600000000000005,10.333153838649888,10.20,🪜 階梯吸籌 | 📈 上升 | 🚀 衝進🔴5日榜單,0.21000000000000085,4.185122427080286,3.6631538386498885,4.403153838649889,,,🔥 持續加碼 (0.06%),,🌐 外資日連買(2)-🆕 試單觀察,,,,,,,,,,,,,22.7,125.0,5.0,15.0,20.2,,,0.0,15.4,,,,,,,,,,,⚠️ 大減,-1.24,0.14000000000000012,🚨 劇減,-2.23,-1.01,🚨 劇減,-3.02,-2.71,🚨 劇減,-1.55,1.2899999999999998,,,,,,28.9,0,0.0,🔄 持平,0.0,0.0,➖ 持平,2,4,1578.0
2492,華新科,電子零組件業,09/17,297.0,-3.41,21643.0,6563.0,33.4,28835.0,8988.4,🥀 平量價縮 (下跌中繼，弱反彈信號),43.736311870346036,0.73,🔵120日,-1.4138880904745612,18.971139785116787,11.50,📉 下降,,,,3.2011869483009026,,🔄 持平 (0%),💤 籌碼沉澱中,💤 籌碼沉澱中,,,,,,,,,,,,,,,,,,,,,5.36,19.3,710.0,123.0,21087.0,999.0,3175.0,29670.3,,,30293.0,98286.0,🚀 劇增,3.63,-5.780000000000001,🚀 劇增,3.63,-5.92,🚀 劇增,3.75,-6.2299999999999995,🚀 劇增,3.56,-6.300000000000001,雙引擎,,,,,21.5,0,0.0,🔄 持平,0.0,0.0,➖ 持平,2,2,9844.0
2493,揚博,電子零組件業,09/17,206.5,9.84,3979.0,819.0,39.5,1668.0,319.18,🚀 放量大漲 (量價齊升，持續看漲),86.986301369863,2.57,🔴5日 🟡20日 🟢60日 🔵120日,-0.009999999999999787,8.67422148344338,7.70,📉 下降,0.2116080780033993,1.3253295110077419,1.363253551480458,4.63155987293637,🔄 持平 (0%),,💤 籌碼沉澱中,,,,,,,,,,,,,,,538.0,437.0,86.0,83.0,1775.9,3.55,10.2,,,335.0,904.0,6917.8,,,,,,,,↘️ 微減,-0.02,-1.9900000000000002,↘️ 微減,-0.07,-1.3399999999999999,📉 小減,-0.97,-1.79,↘️ 微減,-0.3,-3.2800000000000002,,,,,,11.1,0,0.0,🔄 持平,0.0,0.0,➖ 持平,2,4,1213.0
2495,普安,電腦及週邊設備業,09/17,37.5,1.21,1483.0,55.9,18.4,1352.0,50.7,⏸️ 平量滯漲 (拋壓增大，高位見頂),182.3232323232323,1.1,🟡20日,0.1999999999999993,8.62867776309121,8.50,🪜 階梯吸籌 | 📈 上升,,0.6125110724107863,,,,🔄 持平 (0.0%),💤 籌碼沉澱中,🔄 今日量縮持平,🌐 外資日連買(2)-🆕 試單觀察 | 🌐 外資週連買(2)-🌱 週線發動 | 🏦 投信週連買(8)-🚀 趨勢加溫,,,,,,,,,,52.0,-894.0,195.0,,,,,,,,,,,,,,,,196.0,-3355.0,,,🔥 大增,1.28,2.6999999999999997,↗️ 微增,0.29,1.34,📈 小增,0.53,1.5499999999999998,↗️ 微增,0.21,0.8899999999999999,雙引擎 | 長短線,,,,,14.1,0,0.0,🔄 持平,0.0,0.0,➖ 持平,2,4,1523.0
2496,卓越,其他業,09/17,54.9,-0.18,13.0,0.71,8.69,7.0,0.4,⚠️ 放量滯漲 (拋壓增大，即將見頂反轉),446.1538461538461,1.78,,0.0,,23.10,🔄 持平,,,,,,,,,,,,,,,,,,,,,,,,,,,,,,,,,,,,,,,,,🔄 持平,0.0,0.0,🔄 持平,-0.0,0.0,🔄 持平,-0.0,0.0,🔄 持平,-0.0,0.0,,,,,,27.3,0,1.3,🔥 大增,1.0,0.0,➖ 持平,1,2,29.0
2497,怡利電,汽車工業,09/17,43.65,0.69,466.0,20.4,13.3,206.0,8.92,⚠️ 放量滯漲 (拋壓增大，即將見頂反轉),301.5748031496063,2.29,,,,2.80,,,,,,,🔄 持平 (0.0%),,🔄 今日量縮持平,🌐 外資日連買(2)-🆕 試單觀察 | 🏦 投信週連買(4)-🌱 週線發動,,,,,,,,,,,,,,,,,,,,,,,,,,,,,,,,📉 小減,-0.77,0.06,↘️ 微減,-0.04,0.020000000000000014,↘️ 微減,-0.09,0.0,↘️ 微減,-0.4,-0.7499999999999999,,,,,,19.1,0,0.0,🔄 持平,2.2,0.0,➖ 持平,2,4,120.0
2498,宏達電,通信網路業,09/17,39.85,-0.87,4472.0,179.0,15.4,2797.0,111.8,⚠️ 放量滯漲 (拋壓增大，即將見頂反轉),43.199999999999996,1.6,,0.0,,8.80,🔄 持平,,,,,,,,,,,,,,40.0,-128.0,159.4,,,,,,,,,,,,,,,,,,,,,,,,,📉 小減,-0.58,-0.050000000000000044,📉 小減,-0.71,-0.04999999999999999,↘️ 微減,-0.46,0.28,📉 小減,-0.58,-0.11999999999999988,,,,,,6.55,0,0.0,🔄 持平,-0.01,0.0,➖ 持平,2,2,684.0
2501,國建,建材營造業,09/17,21.4,1.18,4946.0,105.0,7.43,2607.0,56.04,⚠️ 放量滯漲 (拋壓增大，即將見頂反轉),155.47445255474452,1.87,,0.0,,11.70,🔄 持平,,,,,,,,,,,,-24.2,-25.6,-1120.0,-1204.0,-2396.8,,,,,,35.7,443.0,10.0,31.0,21.4,,,1.11,8.07,,,,140.0,954.0,299.6,,,296.0,2044.0,↘️ 微減,-0.19,0.009999999999999953,↘️ 微減,-0.01,-0.07,↘️ 微減,-0.03,-0.07999999999999999,🔄 持平,-0.0,-0.16000000000000003,,,,,,4.16,0,0.0,🔄 持平,1.31,0.0,➖ 持平,6,4,2777.0
2504,國產,建材營造業,09/17,30.85,0.98,807.0,24.8,9.7,1081.0,33.32,⏸️ 平量滯漲 (拋壓增大，高位見頂),-14.482758620689651,0.74,,-4.897606694915254,,6.20,📉 下降,,,,,🔄 持平 (0%),🔥 強延續 (7.41%),,🔥 持續加碼 (0.01%),🏦 投信日連買(2)-🆕 試單觀察 | 🏦 投信週連買(2)-🌱 週線發動,,,,,,,,,,,,,,,,,,,,,,,,,-136.0,605.0,-419.6,,,-418.0,1852.0,↗️ 微增,0.16,-0.18000000000000005,↗️ 微增,0.14,-0.25,↗️ 微增,0.13,-0.20999999999999996,↗️ 微增,0.1,-0.18999999999999997,雙引擎,,,,,13.1,12.9,0.0,🔄 持平,0.0,0.0,➖ 持平,3,4,2226.0
2505,國揚,建材營造業,09/17,17.25,0.29,193.0,3.32,8.85,159.0,2.73,⏸️ 平量滯漲 (拋壓增大，高位見頂),0.0,1.22,,0.0,,4.00,🔄 持平,,,,,🔄 持平 (0%),,,,,,,,,,,,,,,,,,,,,,,,,,,,,62.0,221.0,107.0,,,,,↗️ 微增,0.34,0.8600000000000001,↗️ 微增,0.12,0.11999999999999997,↘️ 微減,-0.05,-0.2,↗️ 微增,0.02,0.41000000000000003,雙引擎 | 長短線,,,,,8.19,0,0.0,🔄 持平,0.76,0.0,➖ 持平,18,4,804.0
2506,太設,建材營造業,09/17,8.61,0.12,184.0,1.58,23.3,151.0,1.29,⏸️ 平量滯漲 (拋壓增大，高位見頂),251.11111111111111,1.22,,,,4.70,,,,,,,,,,,,,,,,,,,,,,,,,,,,,,,,,,,,,,,,,,↗️ 微增,0.09,-0.42000000000000004,↗️ 微增,0.07,0.05,↗️ 微增,0.07,-0.14,↗️ 微增,0.13,-0.010000000000000009,雙引擎,,,,,9.52,0,0.0,🔄 持平,0.0,0.0,➖ 持平,6,4,803.0
2509,全坤建,建材營造業,09/17,14.35,-0.35,89.0,1.27,,86.0,1.24,⏸️ 平量滯漲 (拋壓增大，高位見頂),33.68421052631581,1.02,,,,1.50,,,,,,🔄 持平 (0%),,,,,,,,,,,,,,,,,,,,,,0.73,9.7,,,,,,,,,,,,,🔄 持平,0.0,0.0,🔄 持平,-0.0,-0.03,🔄 持平,-0.0,-0.01,↘️ 微減,-0.18,0.010000000000000009,,,,,,8.66,0,0.0,🔄 持平,0.0,0.0,➖ 持平,11,4,143.0
2511,太子,建材營造業,09/17,8.39,1.08,975.0,8.18,24.0,641.0,5.4,⚠️ 放量滯漲 (拋壓增大，即將見頂反轉),106.0453400503778,1.51,,,,2.70,,,,,,🔄 持平 (0%),,,,,,,,,,,,,,,,,0.0,100.0,,,,,,,,,,,,,,,,,,↗️ 微增,0.15,0.48000000000000004,↗️ 微增,0.09,0.43,↗️ 微增,0.1,0.44000000000000006,↗️ 微增,0.07,0.29000000000000004,雙引擎 | 長短線,,,,,26.3,0,0.0,🔄 持平,0.0,0.0,➖ 持平,2,4,1503.0
2514,龍邦,其他業,09/17,11.6,0.87,41.0,0.48,29.7,58.0,0.67,⏸️ 平量滯漲 (拋壓增大，高位見頂),-19.999999999999996,0.72,,,,2.30,,,,,,,,,,,,,,,,,,,,,,,,,,,,,,,,,,,,,,,,,,↗️ 微增,0.26,0.27,↗️ 微增,0.06,0.27,↗️ 微增,0.06,0.06999999999999999,↗️ 微增,0.06,0.09,雙引擎 | 長短線,,,,,34.0,85.6,0.0,🔄 持平,0.2,0.0,➖ 持平,5,4,202.0
2515,中工,建材營造業,09/17,12.05,2.12,12830.0,155.0,26.2,4750.0,57.12,⚖️ 溫和震盪整理,591.9642857142858,2.71,🔴5日 🟡20日,0.0,9.288745009641415,8.00,📈 上升 | 🔄 洗盤回歸 | 🚀 衝進🔴5日、🟡20日榜單,0.3528838120844906,0.5754734551921512,,,🔥 強延續 (45.4%),,🔥 持續加碼 (0.34%),,🌐 外資週連買(6)-🚀 趨勢加溫,🔼 進駐,,,,-112.0,-268.0,-135.0,,,,,,,,,,,,,,,,,,860.0,652.0,1036.3,,,,,↘️ 微減,-0.35,-1.03,↘️ 微減,-0.35,-0.95,↘️ 微減,-0.25,-0.63,↘️ 微減,-0.09,-0.42,,,,,,1.26,4.89,0.0,🔄 持平,-10.44,0.0,➖ 持平,6,4,5772.0
2516,新建,建材營造業,09/17,14.55,0.69,79.0,1.15,9.64,101.0,1.47,⏸️ 平量滯漲 (拋壓增大，高位見頂),-57.72058823529412,0.78,,,,2.80,,,,,,🔄 持平 (0%),,,,🌐 外資日連買(2)-🆕 試單觀察 | 🌐 外資週連買(3)-🌱 週線發動,,,,,,,,,,,,,,,,,,,,,,,,,,,,,,,,↗️ 微增,0.14,1.74,↗️ 微增,0.14,0.44000000000000006,↗️ 微增,0.14,0.7,↗️ 微增,0.3,0.42999999999999994,雙引擎 | 長短線,,,,,13.0,0,0.1,📈 增,0.1,0.0,➖ 持平,6,4,312.0
2520,冠德,建材營造業,09/17,37.35,2.61,2929.0,109.0,11.2,1384.0,50.86,⚖️ 溫和震盪整理,115.84158415841586,2.14,,0.0,,13.00,🔄 持平,,,,,,🔄 持平 (0%),,💤 籌碼沉澱中,,,,,,,,,,,,,,,,,,,,,,,,,,11.0,268.0,41.1,,,,,📈 小增,0.71,2.06,↗️ 微增,0.41,2.0799999999999996,↗️ 微增,0.2,1.86,↗️ 微增,0.14,1.83,雙引擎 | 長短線,,,,,22.3,0,0.6,📈 增,3.2,0.0,➖ 持平,18,4,5716.0
2524,京城,建材營造業,09/17,34.1,2.56,105.0,3.57,41.6,77.0,2.59,⚖️ 溫和震盪整理,71.63461538461537,1.38,,,,0.80,,,,,,🔄 持平 (0%),,,,,,,,,,,,,,,,,,,,,,,,,,,,,,,,,,,,🔄 持平,0.0,0.04,🔄 持平,-0.0,0.04,🔄 持平,-0.0,0.04,🔄 持平,-0.0,0.04,,,,,,13.6,65.8,0.0,🔄 持平,-0.3,0.0,➖ 持平,2,4,119.0
2527,宏璟,建材營造業,09/17,43.75,1.63,929.0,40.6,7.68,522.0,22.64,⚖️ 溫和震盪整理,256.140350877193,1.79,,0.0,,43.10,🔄 持平,,,,,,,,,🌐 外資日連買(2)-🆕 試單觀察,,,,,,,,,,,,,,,,,,,,,,28.0,151.0,122.5,,,,,,,,↗️ 微增,0.45,-0.12000000000000005,↗️ 微增,0.1,-0.07999999999999996,↗️ 微增,0.32,0.12000000000000006,↗️ 微增,0.26,-0.25999999999999995,雙引擎,,,,,25.4,0,0.0,🔄 持平,0.0,0.0,➖ 持平,4,4,612.0
2528,皇普,建材營造業,09/17,19.75,1.02,182.0,3.57,9.19,225.0,4.42,⏸️ 平量滯漲 (拋壓增大，高位見頂),-14.182692307692314,0.81,,,,1.60,,,,,,🔥 強延續 (58.2%),🔥 強延續 (12.0%),,🔥 持續加碼 (0.01%),🌐 外資日連買(4)-🆕 試單觀察 | 🏦 投信日連買(3)-🆕 試單觀察 | 🌐 外資週連買(7)-🚀 趨勢加溫 | 🏦 投信週連買(3)-🌱 週線發動,,,,,,,,,,-93.0,-331.0,-183.7,,,,,,,,,,,,,,,,-182.0,-650.0,,,📈 小增,0.51,0.52,📈 小增,0.51,0.29000000000000004,↗️ 微增,0.33,0.42000000000000004,↗️ 微增,0.22,0.61,雙引擎 | 長短線,,,,,48.6,73.6,6.4,🔥 大增,6.2,-11.1,🌟 遽減,4,4,762.0
2530,華建,建材營造業,09/17,20.15,1.77,588.0,11.8,29.6,757.0,15.01,⚖️ 溫和震盪整理,18.473895582329327,0.79,,0.0,,2.70,🔄 持平,,,,,🔄 持平 (0%),🔥 強延續 (5.92%),,🔄 今日量縮持平,🏦 投信日連買(3)-🆕 試單觀察 | 🏦 投信週連買(3)-🌱 週線發動,,,,,,,,,,-363.0,-618.0,-731.4,,,-13.0,18.0,-26.2,,,,,,,,,,,-728.0,-1242.0,,,↗️ 微增,0.27,0.14,↗️ 微增,0.16,-0.06000000000000005,↗️ 微增,0.08,-0.04999999999999999,↘️ 微減,-0.08,-0.020000000000000018,,,,,,33.9,92.7,0.0,🔄 持平,29.75,0.0,➖ 持平,4,4,3650.0
2534,宏盛,建材營造業,09/17,17.05,1.49,305.0,5.2,341.0,198.0,3.34,⚠️ 放量滯漲 (拋壓增大，即將見頂反轉),128.07017543859652,1.56,,0.0,,6.00,🔄 持平,,,,,🔥 強延續 (33.1%),,,,🌐 外資週連買(10)-👑 長線主控,🔼 進駐,,,,,,,,,,,,,,,,,,,,,,,,,,,,,,,🔄 持平,0.0,0.26,↗️ 微增,0.21,-0.08000000000000004,↗️ 微增,0.2,0.22,↗️ 微增,0.06,0.56,,,,,,6.75,0,0.0,🔄 持平,0.0,0.0,➖ 持平,5,4,841.0
2535,達欣工,建材營造業,09/17,89.7,1.01,241.0,21.6,8.79,191.0,17.1,⏸️ 平量滯漲 (拋壓增大，高位見頂),42.105263157894754,1.26,,,,7.00,,,,,,,,,,,,,0.97,-13.3,,,,,,,,,,,,,,,,,,,,,,,,-71.7,-730.0,,,↗️ 微增,0.39,-0.37000000000000005,↗️ 微增,0.02,-1.34,↗️ 微增,0.06,-0.53,↗️ 微增,0.06,-0.66,雙引擎,,,,,15.9,0,0.0,🔄 持平,0.0,0.0,➖ 持平,3,4,480.0
2536,宏普,建材營造業,09/17,19.45,1.83,829.0,16.0,4.69,513.0,9.85,⚖️ 溫和震盪整理,110.52631578947367,1.62,,0.0,,5.20,🔄 持平,,,,,🔥 強延續 (58.6%),,💤 籌碼沉澱中,,🌐 外資週連買(2)-🌱 週線發動,🔼 進駐,,,,,,,,,,,,,,,,,,,,,,,,,,,,,,,↗️ 微增,0.25,1.12,📈 小增,0.52,1.12,↘️ 微減,-0.36,0.3399999999999999,↘️ 微減,-0.23,0.7700000000000001,,,,,,37.2,0,0.0,🔄 持平,0.0,0.0,➖ 持平,11,4,12865.0
2537,聯上發,建材營造業,09/17,11.4,2.24,1022.0,11.6,28.5,447.0,5.06,⚖️ 溫和震盪整理,203.66492146596858,2.29,🟢60日,0.029999999999999805,3.73,3.70,🪜 階梯吸籌 | ⚠️ 趨緩,,,1.74,,🔥 強延續 (20.1%),,💤 籌碼沉澱中,,🌐 外資日連買(4)-🆕 試單觀察,,,,,,,,,,-119.0,-193.0,-135.7,,,,,,,,,,,,,,,,,,,,↗️ 微增,0.15,1.97,↘️ 微減,-0.11,1.7400000000000002,↗️ 微增,0.41,1.23,📈 小增,0.53,1.05,雙引擎 | 長短線,,,,,22.8,31.6,0.0,🔄 持平,0.0,0.0,➖ 持平,8,4,1474.0
2538,基泰,建材營造業,09/17,8.69,0.7,249.0,2.16,15.0,345.0,3.01,⏸️ 平量滯漲 (拋壓增大，高位見頂),-43.60313315926893,0.72,,,,9.20,,,,,,,,,,,,,,,,,,,,,,,,,,,,,,1.49,8.79,,,,74.0,407.0,64.3,,,,,↘️ 微減,-0.02,-0.77,🔄 持平,-0.0,-1.2999999999999998,↗️ 微增,0.14,-1.36,↘️ 微減,-0.11,-1.19,,,,,,5.7,0,0.01,↗️ 微增,0.09,0.0,➖ 持平,14,4,1204.0
2539,櫻花建,建材營造業,09/17,34.4,1.33,368.0,12.6,8.19,708.0,24.48,⚖️ 溫和震盪整理,-34.715025906735754,0.51,,0.0,,2.40,🔄 持平,,,,,🔄 持平 (0%),🔄 持平 (0%),,💤 籌碼沉澱中,🌐 外資日連買(2)-🆕 試單觀察,,,0.08,-6.03,,,,,,,,,0.0,21.7,,,,,,,,,,,83.0,437.0,285.5,,,285.0,1501.0,↗️ 微增,0.09,-0.13,↗️ 微增,0.08,-0.27999999999999997,↗️ 微增,0.14,-0.1,↗️ 微增,0.02,-0.3,雙引擎,,,,,23.8,0,4.3,🔥 大增,4.2,0.0,➖ 持平,3,4,2776.0
2540,愛山林,建材營造業,09/17,49.75,2.58,835.0,41.2,,493.0,24.02,⚖️ 溫和震盪整理,182.19178082191783,1.72,,0.0,,1.70,🔄 持平,,,,,🔥 強延續 (64.5%),,💤 籌碼沉澱中,,🌐 外資日連買(2)-🆕 試單觀察 | 🌐 外資週連買(2)-🌱 週線發動,🔥 點火,,,,,,,,,-97.0,-862.0,-482.6,,,,,,,,,,,,,,,,-479.0,-4201.0,,,↗️ 微增,0.03,-0.42000000000000004,↗️ 微增,0.11,-0.36,↗️ 微增,0.19,-0.55,↗️ 微增,0.05,-0.34,雙引擎,,,,,69.8,42.8,0.3,📈 增,1.8,0.4,↗️ 微增,12,4,3331.0
2542,興富發,建材營造業,09/17,46.85,2.07,12056.0,562.0,10.8,9756.0,448.4,⚖️ 溫和震盪整理,3.8817005545286554,1.25,🟢60日 🔵120日,0.17993883402217392,14.584267115536196,7.60,📈 上升,,,3.1028613407166024,4.956148013940075,,🔥 強延續 (25.0%),,🔥 持續加碼 (0.14%),🏦 投信日連買(15)-🔥 波段認養 | 🏦 投信週連買(20)-👑 長線主控,,,,,-81.0,-173.0,-379.5,,,,,,,,,,,,,1.75,6.58,,,,1989.0,7163.0,9318.5,,,9272.0,32905.0,↘️ 微減,-0.23,2.21,↘️ 微減,-0.27,1.81,↘️ 微減,-0.29,1.94,↘️ 微減,-0.23,1.77,,,,,,4.17,0,0.0,🔄 持平,1.39,0.0,➖ 持平,9,4,9625.0
2543,皇昌,建材營造業,09/17,39.0,0.78,1150.0,44.8,13.9,899.0,34.48,⏸️ 平量滯漲 (拋壓增大，高位見頂),25.139664804469277,1.3,,,,1.90,,,,,,🔄 持平 (0%),,💤 籌碼沉澱中,,🌐 外資日連買(2)-🆕 試單觀察 | 🌐 外資週連買(5)-🚀 趨勢加溫,,,,,-41.0,-375.0,-159.9,,,97.0,-222.0,378.3,20.0,33.3,,,,,,,,,,,,,,378.0,-821.0,,,↗️ 微增,0.07,0.13,↗️ 微增,0.07,-0.19,↗️ 微增,0.06,-0.8,↗️ 微增,0.08,-0.48000000000000004,雙引擎,,,,,46.9,56.1,0.0,🔄 持平,0.1,0.0,➖ 持平,4,4,989.0
2545,皇翔,建材營造業,09/17,33.85,1.65,240.0,8.11,35.6,171.0,5.73,⚖️ 溫和震盪整理,125.90529247910864,1.42,,,,2.70,,,,,,🔄 持平 (0%),,,,,,,,,,,,,,,,,,,,,,,,,,,,,,,,,,,,↗️ 微增,0.01,0.39,↗️ 微增,0.01,0.38,↗️ 微增,0.01,-0.010000000000000009,↗️ 微增,0.22,0.24000000000000002,雙引擎 | 長短線,,,,,42.3,55.0,0.0,🔄 持平,0.0,0.0,➖ 持平,3,4,404.0
2546,根基,建材營造業,09/17,104.0,-2.35,252.0,26.2,6.95,208.0,21.7,🥀 平量價縮 (下跌中繼，弱反彈信號),-14.098360655737707,1.21,,0.0,,4.10,🔄 持平,,,,,,,,,,,,,,,,,,,,,,,,,,,-1.1,2.27,1.48,13.0,,,,,,,,,,,↗️ 微增,0.06,0.21,↗️ 微增,0.06,0.21,↗️ 微增,0.01,0.6900000000000001,↗️ 微增,0.03,0.37999999999999995,雙引擎 | 長短線,,,,,34.2,0,0.0,🔄 持平,0.0,0.0,➖ 持平,4,4,371.0
2547,日勝生,建材營造業,09/17,9.87,1.86,1294.0,12.7,123.0,1421.0,14.02,⚖️ 溫和震盪整理,22.115384615384603,0.91,,0.0,,13.60,🔄 持平,,,,,,🔥 強延續 (4.13%),,🔥 持續加碼 (0.01%),🏦 投信日連買(3)-🆕 試單觀察 | 🏦 投信週連買(2)-🌱 週線發動,,,,,,,,,,,,,,,,,,,,,,,,,19.0,221.0,18.8,,,,,↘️ 微減,-0.17,0.21999999999999997,↘️ 微減,-0.15,0.02999999999999995,↘️ 微減,-0.11,-0.06,↘️ 微減,-0.01,0.3,,,,,,12.7,22.3,0.0,🔄 持平,0.0,0.0,➖ 持平,3,4,1232.0
2548,華固,建材營造業,09/17,93.6,1.85,903.0,84.2,7.95,1033.0,95.72,⚖️ 溫和震盪整理,17.10709318497914,0.88,,0.0,,13.90,🔄 持平,,,,,🔄 持平 (0%),🔄 持平 (0%),💤 籌碼沉澱中,💤 籌碼沉澱中,,,,,,,,,,,,,,,,,,,,,,,,,,,,,,,,,↘️ 微減,-0.01,-1.24,↗️ 微增,0.22,-0.1600000000000001,↗️ 微增,0.24,-1.13,↗️ 微增,0.22,-1.3199999999999998,,,,,,15.6,0,-0.8,🚨 減/大減,0.0,0.0,➖ 持平,4,4,494.0
2597,潤弘,建材營造業,09/17,172.0,2.08,352.0,60.4,14.7,182.0,30.94,⚖️ 溫和震盪整理,174.54545454545456,1.95,🔵120日,0.040000000000000924,6.604242137514644,2.40,📈 上升,,,,3.4291899355038047,🔄 持平 (0%),🔄 持平 (0.0%),💤 籌碼沉澱中,🔄 今日量縮持平,🌐 外資週連買(11)-👑 長線主控 | 🏦 投信週連買(3)-🌱 週線發動,,,,,,,,,,13.0,-290.0,223.6,,,,,,,,,,,,,,,,223.0,-4905.0,,,↘️ 微減,-0.02,-0.03,↘️ 微減,-0.02,-0.03,↘️ 微減,-0.25,-0.03,↘️ 微減,-0.07,-0.010000000000000064,,,,,,47.6,1.65,0.0,🔄 持平,0.0,0.0,➖ 持平,3,4,477.0
2601,益航,航運業,09/17,6.3,1.45,2345.0,14.7,,2098.0,13.72,⏸️ 平量滯漲 (拋壓增大，高位見頂),39.99999999999999,1.07,,0.0,,13.00,🔄 持平,,,,,🔄 持平 (0%),,💤 籌碼沉澱中,,,,,-1.42,-14.0,,,,,,,,,,,,,,,,,,,,,,,,,,,,↗️ 微增,0.21,-0.06000000000000005,↗️ 微增,0.31,-0.039999999999999966,↗️ 微增,0.16,-0.12000000000000002,↗️ 微增,0.43,0.21999999999999997,雙引擎,,,,,9.8,29.3,0.0,🔄 持平,-1.8,0.0,➖ 持平,1,4,1984.0
2603,長榮,航運業,09/17,242.5,1.46,8766.0,2102.0,9.62,9969.0,2356.2,⏸️ 平量滯漲 (拋壓增大，高位見頂),-29.863196529863202,0.89,🔴5日 🟡20日 🟢60日 🔵120日,0.06226124857983706,29.316514278278103,26.20,🪜 階梯吸籌 | ⚠️ 趨緩,0.24861365432208515,1.1328462353179063,7.527614662096994,8.84965762863769,,🔥 強延續 (25.3%),,🔥 持續加碼 (0.1%),🌐 外資日連買(2)-🆕 試單觀察 | 🏦 投信日連買(12)-🔥 波段認養 | 🏦 投信週連買(3)-🌱 週線發動,🚀 強軋,,-1.1,-6.51,-113.0,-710.0,-2740.2,,,,,,0.52,20.8,2.0,66.0,48.5,,,,,,,,,,,,,,,↘️ 微減,-0.43,3.07,↘️ 微減,-0.4,2.96,↘️ 微減,-0.3,3.31,↘️ 微減,-0.29,3.33,,,,,,2.73,0,0.0,🔄 持平,0.0,0.0,➖ 持平,5,4,7747.0
2605,新興,航運業,09/17,37.15,3.05,14492.0,534.0,7.58,11720.0,426.8,⚖️ 溫和震盪整理,14.83870967741936,1.25,🔴5日 🟡20日 🟢60日,0.0,50.24613990032758,49.90,📈 上升 | 🔄 洗盤回歸 | 🚀 衝進🔴5日、🟡20日、🟢60日榜單,1.5433494283196936,0.6195910143647794,2.414100087950807,,🔥 強延續 (45.3%),,🔥 持續加碼 (1.12%),,🌐 外資日連買(2)-🆕 試單觀察 | 🌐 外資週連買(2)-🌱 週線發動,🔥 點火,,-4.54,-5.58,-641.0,-797.0,-2381.3,,,0.0,-166.0,0.0,,,,,,,,,,,,,,,,0.0,-600.0,,,↘️ 微減,-0.16,-1.3400000000000003,↘️ 微減,-0.31,-0.8899999999999998,↘️ 微減,-0.08,-0.05999999999999983,↗️ 微增,0.05,-0.13000000000000012,,,,,,13.1,0,0.0,🔄 持平,0.0,0.0,➖ 持平,2,4,5044.0
2606,裕民,航運業,09/17,77.0,1.32,3653.0,278.0,11.4,4382.0,333.6,⏸️ 平量滯漲 (拋壓增大，高位見頂),-36.23853211009175,0.83,🟡20日 🟢60日 🔵120日,0.008340667413886393,21.12162427918125,24.60,🪜 階梯吸籌 | ⚠️ 趨緩,,3.0652692213504587,6.884260968015324,10.10624377106157,🔄 持平 (0%),🔥 強延續 (8.87%),💤 籌碼沉澱中,🔥 持續加碼 (0.04%),🏦 投信日連買(3)-🆕 試單觀察 | 🏦 投信週連買(3)-🌱 週線發動,,,3.05,-13.8,102.0,-551.0,785.4,,,-26.0,-223.0,-200.2,,,,,,,,,,,,,,,,-198.0,-1708.0,,,↘️ 微減,-0.06,3.1300000000000003,↗️ 微增,0.17,3.5300000000000002,↗️ 微增,0.03,3.71,↗️ 微增,0.08,3.7199999999999998,,,,,,40.6,15.7,0.0,🔄 持平,0.0,0.0,➖ 持平,2,4,9945.0
2607,榮運,航運業,09/17,53.4,0.56,682.0,36.4,10.7,315.0,16.76,⚠️ 放量滯漲 (拋壓增大，即將見頂反轉),193.54838709677415,2.17,,,,8.40,,,,,,⚠️ 趨緩 (21.9%),,,,🌐 外資週連買(5)-🚀 趨勢加溫,🔥 點火,,,,,,,,,6.0,-248.0,32.0,,,,,,,,,,,,,,,,32.0,-1314.0,,,↗️ 微增,0.43,0.87,↗️ 微增,0.24,0.14,🔄 持平,-0.0,0.24999999999999994,↗️ 微增,0.14,0.74,雙引擎 | 長短線,,,,,40.4,0,0.0,🔄 持平,0.0,0.0,➖ 持平,11,4,832.0
2608,嘉里大榮,航運業,09/17,28.9,0.35,271.0,7.83,15.1,453.0,12.89,⚖️ 溫和震盪整理,-58.35106382978723,0.61,,,,2.90,,,,,,,,,,,,,,,,,,0.7,-25.5,7.0,-346.0,20.2,,,,,,,,,,,,,,,,20.2,-993.0,,,↘️ 微減,-0.24,-0.39,↘️ 微減,-0.05,-0.03000000000000001,↘️ 微減,-0.04,-0.6799999999999999,↗️ 微增,0.06,-0.32999999999999996,,,,,,9.1,0,0.0,🔄 持平,0.0,0.0,➖ 持平,6,3,900.0
2609,陽明,航運業,09/17,62.0,2.99,41269.0,2526.0,14.0,42884.0,2571.8,⚖️ 溫和震盪整理,1.0399999999999965,0.98,🔴5日 🟡20日 🟢60日 🔵120日,0.6518839521364015,16.82885203940374,25.80,🪜 階梯吸籌 | 📈 上升,1.613445384722148,1.4183214746906767,7.232747664003744,4.605471740882468,🔥 強延續 (53.0%),🔄 持平 (0%),🔥 持續加碼 (0.63%),💤 籌碼沉澱中,🌐 外資日連買(3)-🆕 試單觀察 | 🌐 外資週連買(3)-🌱 週線發動,🚀 強軋,,,,-984.0,-1008.0,-6100.8,,,,,,,,182.0,324.0,1128.4,,,9.69,23.6,,,,495.0,1068.0,3069.0,,,3030.0,6446.0,↗️ 微增,0.02,4.79,↗️ 微增,0.09,4.75,↗️ 微增,0.13,4.67,↗️ 微增,0.22,4.72,雙引擎 | 長短線,,,,,32.2,0,0.0,🔄 持平,0.0,0.0,➖ 持平,8,4,62788.0
2610,華航,航運業,09/17,20.35,2.01,14344.0,291.0,9.38,15370.0,309.8,⚖️ 溫和震盪整理,19.262295081967217,0.94,🟡20日 🟢60日,0.11990865792346384,15.585272495243188,15.20,📈 上升,,0.5371108596566607,1.4469339539931863,,🔄 持平 (0%),🔥 強延續 (8.49%),💤 籌碼沉澱中,🔥 持續加碼 (0.02%),🏦 投信日連買(2)-🆕 試單觀察 | 🏦 投信週連買(9)-🚀 趨勢加溫,,,,,-452.0,-1031.0,-919.8,,,43.0,-804.0,87.5,,,,,,,,,,,,,,,,87.2,-1616.0,,,↗️ 微增,0.01,-0.4600000000000001,↗️ 微增,0.01,-0.4700000000000001,↘️ 微減,-0.01,-0.46999999999999986,↗️ 微增,0.01,-0.40000000000000024,雙引擎,,,,,39.0,0,0.0,🔄 持平,-0.2,0.0,➖ 持平,7,3,27106.0
2611,志信,航運業,09/17,14.3,1.06,387.0,5.51,8.08,333.0,4.69,⏸️ 平量滯漲 (拋壓增大，高位見頂),9.980039920159678,1.17,,0.0,,1.10,🔄 持平,,,,,,,💤 籌碼沉澱中,,,,,,,,,,,,,,,,,,,,,,,,,,,,,,,,,,🔄 持平,0.0,0.72,🔄 持平,-0.0,0.72,🔄 持平,-0.0,-0.39000000000000007,↘️ 微減,-0.16,0.12999999999999995,,,,,,26.6,12.8,0.0,🔄 持平,0.0,0.0,➖ 持平,2,4,305.0
2612,中航,航運業,09/17,63.4,1.77,523.0,32.9,12.3,647.0,41.0,⚖️ 溫和震盪整理,-13.648293963254599,0.8,🔴5日 🟡20日 🟢60日 🔵120日,0.10000000000000053,6.65,6.60,🪜 階梯吸籌 | 📈 上升,0.33000000000000007,2.3600000000000003,3.0600000000000005,2.49,🔥 強延續 (38.7%),,🔥 持續加碼 (0.1%),,🌐 外資日連買(2)-🆕 試單觀察 | 🌐 外資週連買(5)-🚀 趨勢加溫,🔥 點火,,-2.01,-6.86,,,,-4.44,-7.86,-130.0,-239.0,-824.2,,,,,,,,,,,,,,,,-818.0,-1525.0,,,↗️ 微增,0.14,2.05,↗️ 微增,0.14,2.4799999999999995,↗️ 微增,0.11,2.49,📈 小增,0.51,2.83,雙引擎 | 長短線,,,,,28.0,0,0.0,🔄 持平,0.0,0.0,➖ 持平,3,4,5239.0
2613,中櫃,航運業,09/17,22.3,1.13,233.0,5.18,16.6,284.0,6.32,⏸️ 平量滯漲 (拋壓增大，高位見頂),-27.95549374130738,0.82,,0.0,,1.40,🔄 持平,,,,,🔄 持平 (0%),,💤 籌碼沉澱中,,🌐 外資週連買(3)-🌱 週線發動,,,,,,,,,,,,,,,0.0,11.0,0.0,,,,,,,,,,,,,,,↗️ 微增,0.08,0.09999999999999999,↗️ 微增,0.08,-0.5,📈 小增,0.9,0.3400000000000001,↗️ 微增,0.42,0.24000000000000002,雙引擎 | 長短線,,,,,34.3,19.6,0.0,🔄 持平,0.0,0.0,➖ 持平,3,4,264.0
2614,東森,其他業,09/17,18.1,2.26,682.0,12.3,8.83,514.0,9.19,⚖️ 溫和震盪整理,6.034482758620707,1.34,,0.0,,2.90,🔄 持平,,,,,,,,,,,,,,,,,,,,,,,,,,,,,,,,,,,,,,,,,↘️ 微減,-0.37,-1.5699999999999998,📉 小減,-0.64,-1.56,📉 小減,-0.66,-1.6300000000000001,↘️ 微減,-0.48,-1.32,,,,,,5.56,0,0.0,🔄 持平,0.0,0.0,➖ 持平,1,4,601.0
2615,萬海,航運業,09/17,120.5,4.78,18632.0,2196.0,8.28,18670.0,2135.0,✈️ 平量大漲 (一致看漲無拋壓，加速上漲),-26.209677419354836,1.03,🔴5日 🟡20日 🟢60日 🔵120日,0.21999999999999176,43.82123808628533,48.50,🪜 階梯吸籌 | 📈 上升 | 🚀 衝進🔴5日榜單,0.501396670921892,1.3394223434487245,5.936073248020783,7.140837153442739,,🔄 持平 (0%),🔥 持續加碼 (0.18%),💤 籌碼沉澱中,🌐 外資日連買(5)-⚡ 買盤點火,,,,,,,,,,,,,,,,,,,,,,,,,626.0,1002.0,7543.3,,,7379.0,11789.0,📉 小減,-0.74,2.21,📉 小減,-0.62,2.21,📉 小減,-0.58,2.23,↘️ 微減,-0.36,2.58,,,,,,2.79,1.27,0.0,🔄 持平,0.0,0.0,➖ 持平,3,4,16033.0
2616,山隆,油電燃氣業,09/17,13.3,0.38,143.0,1.9,,94.0,1.25,⚠️ 放量滯漲 (拋壓增大，即將見頂反轉),120.93023255813952,1.52,,,,1.60,,,,,,🔄 持平 (0%),,,,,,,,,,,,,,,,,,,,,,,,,,,,,,,,,,,,🔄 持平,0.0,0.0,🔄 持平,-0.0,0.01,🔄 持平,-0.0,0.01,🔄 持平,-0.0,0.29999999999999993,,,,,,23.9,0,0.0,🔄 持平,0.0,0.0,➖ 持平,2,4,179.0
2617,台航,航運業,09/17,33.1,2.0,2187.0,72.2,8.9,2582.0,86.34,⚖️ 溫和震盪整理,42.970297029702984,0.84,🔴5日 🟡20日 🟢60日 🔵120日,0.129999999999999,12.170389007727293,12.10,📈 上升,0.5899999999999999,2.619999999999999,3.1999999999999993,2.8378095865186914,🔥 強延續 (26.3%),,🔥 持續加碼 (0.14%),,🌐 外資週連買(5)-🚀 趨勢加溫,🔼 進駐,,,,,,,,,,,,16.7,40.0,,,,,,,,150.0,302.0,496.5,,,,,,,,↗️ 微增,0.29,0.97,↗️ 微增,0.35,1.2000000000000002,📈 小增,0.82,1.9699999999999998,📈 小增,0.6,1.5899999999999999,雙引擎 | 長短線,,,,,43.4,0,0.0,🔄 持平,0.0,0.0,➖ 持平,2,4,4674.0
2618,長榮航,航運業,09/17,42.05,1.82,16921.0,710.0,8.87,15212.0,634.4,⚖️ 溫和震盪整理,57.079646017699126,1.12,🟡20日 🟢60日 🔵120日,0.11890338342873008,35.46155205107766,32.70,📈 上升,,0.7903461189365188,9.967859060582278,11.462128962551372,🔄 持平 (0%),🔥 強延續 (15.6%),💤 籌碼沉澱中,🔥 持續加碼 (0.05%),🏦 投信日連買(3)-🆕 試單觀察 | 🏦 投信週連買(4)-🌱 週線發動,,,-0.73,-6.32,-151.0,-1375.0,-635.0,,,,,,,,-6.0,62.0,-25.2,,,2.78,10.4,,,,1018.0,3534.0,4280.7,,,4271.0,14685.0,↘️ 微減,-0.14,1.68,↘️ 微減,-0.11,1.8,↘️ 微減,-0.06,1.63,↘️ 微減,-0.06,1.6199999999999999,,,,,,14.6,0,0.0,🔄 持平,0.0,0.0,➖ 持平,5,4,27696.0
2630,亞航,航運業,09/17,47.0,-0.21,601.0,28.4,79.7,950.0,45.58,⚖️ 溫和震盪整理,16.872427983539097,0.62,,,,2.60,,,,,,,,,,🌐 外資日連買(2)-🆕 試單觀察,,,,,,,,,,,,,,,,,,,,,,80.0,102.0,376.0,,,,,,,,↗️ 微增,0.05,-0.75,↗️ 微增,0.05,-1.16,↘️ 微減,-0.25,-1.17,↗️ 微增,0.01,-0.73,雙引擎,,,,,59.2,0,0.0,🔄 持平,0.0,0.0,➖ 持平,2,4,264.0
2633,台灣高鐵,航運業,09/17,26.05,0.39,3640.0,94.5,21.4,3770.0,98.02,⏸️ 平量滯漲 (拋壓增大，高位見頂),-25.0,0.96,,,,5.80,,,,,,,🔥 強延續 (26.1%),,🔥 持續加碼 (0.02%),🏦 投信日連買(14)-🔥 波段認養 | 🏦 投信週連買(6)-🚀 趨勢加溫,,,,,,,,,,,,,,,,,,,,,,,,,910.0,536.0,2370.6,,,2363.0,1393.0,↘️ 微減,-0.01,0.22999999999999998,↗️ 微增,0.02,0.29000000000000004,↗️ 微增,0.01,0.27,↗️ 微增,0.04,0.25,,,,,,61.0,0,0.0,🔄 持平,-0.3,0.0,➖ 持平,4,4,14060.0
2634,漢翔,航運業,09/17,63.9,-1.69,7679.0,495.0,31.0,10388.0,666.0,🥀 平量價縮 (下跌中繼，弱反彈信號),-24.542682926829272,0.74,,0.0,,3.10,🔄 持平,,,,,,🔄 持平 (0.0%),,🔄 今日量縮持平,🏦 投信週連買(2)-🌱 週線發動,,,,,,,,,,,,,,,,,,,,0.58,14.4,,,,157.0,3426.0,1003.2,,,1011.0,22008.0,📉 小減,-0.95,-2.0999999999999996,📉 小減,-0.86,-1.7299999999999989,📉 小減,-0.77,-1.9099999999999993,📉 小減,-0.82,-2.0200000000000005,,,,,,36.3,0,0.0,🔄 持平,0.0,0.0,➖ 持平,3,4,4025.0
2636,台驊控股,航運業,09/17,70.9,1.0,672.0,47.6,10.1,478.0,33.7,⏸️ 平量滯漲 (拋壓增大，高位見頂),125.59241706161134,1.41,🟡20日 🟢60日 🔵120日,0.10999999999999943,12.09236069205091,12.00,📈 上升,,0.4900000000000002,2.3410932185184166,2.4399999999999995,🔄 持平 (0%),,🔥 持續加碼 (0.13%),,,,,,,,,,,,-32.0,-105.0,-226.9,,,,,,5.2,-0.9,,,,,,,,,-227.0,-742.0,,,↗️ 微增,0.09,1.64,🔥 大增,1.26,2.21,📈 小增,0.61,3.54,📈 小增,0.63,2.73,雙引擎 | 長短線,,,,,19.0,11.5,0.0,🔄 持平,0.4,0.0,➖ 持平,2,4,1274.0
2637,慧洋-KY,航運業,09/17,102.0,-0.49,3614.0,368.0,11.3,5077.0,514.6,⏸️ 平量滯漲 (拋壓增大，高位見頂),-50.53763440860215,0.72,🔴5日 🟡20日 🟢60日 🔵120日,-0.01898665777295605,24.777448461765275,28.40,📉 下降,0.6200486601719923,1.600722872856771,5.014495882036954,9.339357823723715,🔄 持平 (0%),📉 調節洗盤 (-8.05%),🔥 持續加碼 (0.02%),🚨 轉賣反轉 (-0.04%),🌐 外資日連買(2)-🆕 試單觀察 | 🌐 外資週連買(7)-🚀 趨勢加溫 | 🏦 投信週連買(3)-🌱 週線發動,,,5.32,-8.32,143.0,-257.0,1458.6,,,,,,,,-19.0,22.0,-193.8,,,,,,,,,,,,,,,↗️ 微增,0.05,0.9199999999999999,↘️ 微減,-0.15,1.17,↗️ 微增,0.24,0.8999999999999999,↘️ 微減,-0.05,0.82,,,,,,31.0,38.4,0.0,🔄 持平,0.0,0.0,➖ 持平,3,4,2964.0
2642,宅配通,航運業,09/17,20.4,1.24,40.0,0.81,,30.0,0.62,⏸️ 平量滯漲 (拋壓增大，高位見頂),8.000000000000007,1.31,,,,5.50,,,,,,🔄 持平 (0%),,,,🌐 外資週連買(10)-👑 長線主控,,,,,,,,,,,,,,,,,,,,,,,,,,,,,,,,🔄 持平,0.0,0.0,🔄 持平,-0.0,0.0,🔄 持平,-0.0,0.0,🔄 持平,-0.0,0.0,,,,,,45.9,0,0.0,🔄 持平,0.0,0.0,➖ 持平,1,4,147.0
2645,長榮航太,航運業,09/17,172.5,1.17,880.0,152.0,22.0,1064.0,183.6,⏸️ 平量滯漲 (拋壓增大，高位見頂),7.042253521126751,0.83,,0.0,,6.20,🔄 持平,,,,,,🔄 持平 (0%),,💤 籌碼沉澱中,🌐 外資日連買(2)-🆕 試單觀察,,,,,,,,,,,,,,,,,,,,,,,,,,,,,,,,↘️ 微減,-0.14,-3.08,↘️ 微減,-0.14,-3.8000000000000003,📉 小減,-0.5,-3.83,↘️ 微減,-0.24,-3.83,,,,,,68.6,0,0.0,🔄 持平,0.0,0.0,➖ 持平,5,3,798.0
2646,星宇航空,航運業,09/17,20.25,0.5,2868.0,58.0,,4376.0,88.52,⚖️ 溫和震盪整理,7.606679035250474,0.66,,0.0,,3.10,🔄 持平,,,,,,🔄 持平 (0.0%),,💤 籌碼沉澱中,,,,,,,,,,,,,,,,,,,,,0.94,6.89,-8.0,81.0,-16.2,762.0,5277.0,1543.0,,,1541.0,10629.0,↘️ 微減,-0.09,-0.33999999999999986,↘️ 微減,-0.13,-0.32999999999999996,↘️ 微減,-0.18,-0.26999999999999996,↘️ 微減,-0.16,-0.27999999999999997,,,,,,55.3,0,0.0,🔄 持平,0.0,0.0,➖ 持平,2,4,1044.0
2701,萬企,觀光餐旅,09/17,10.4,0.97,107.0,1.11,17.6,62.0,0.64,⚠️ 放量滯漲 (拋壓增大，即將見頂反轉),226.47058823529412,1.73,,,,0.60,,,,,,🔄 持平 (0%),,,,,,,,,,,,,,,,,,,,,,,,,,,,,,,,,,,,↘️ 微減,-0.14,-0.08000000000000002,↘️ 微減,-0.13,0.11999999999999998,↗️ 微增,0.01,0.09,↗️ 微增,0.01,-0.10000000000000002,,,,,,20.0,0,0.0,🔄 持平,0.0,0.0,➖ 持平,2,4,80.0
2702,華園,觀光餐旅,09/17,12.7,0.0,39.0,0.49,15.5,39.0,0.49,⏸️ 平量滯漲 (拋壓增大，高位見頂),25.64102564102564,1.0,,,,39.50,,,,,,🔄 持平 (0%),,,,,,,,,,,,,,,,,,,,,,,,,,,,,,,,,,,,🔄 持平,0.0,0.0,🔄 持平,-0.0,0.0,🔄 持平,-0.0,0.0,🔄 持平,-0.0,0.0,,,,,,19.4,46.0,0.0,🔄 持平,0.0,0.0,➖ 持平,2,3,246.0
2704,國賓,觀光餐旅,09/17,45.95,1.1,78.0,3.56,17.3,89.0,4.03,⏸️ 平量滯漲 (拋壓增大，高位見頂),-44.72049689440995,0.88,,,,9.50,,,,,,🔄 持平 (0%),,,,,,,,,,,,,,,,,,,,,,,,,,,,,,,,,,,,↗️ 微增,0.01,0.35,↗️ 微增,0.02,1.12,↗️ 微增,0.02,0.7300000000000001,↗️ 微增,0.02,0.30000000000000004,雙引擎 | 長短線,,,,,21.0,0,0.0,🔄 持平,0.0,0.0,➖ 持平,3,4,1233.0
2705,六福,觀光餐旅,09/17,15.35,1.66,131.0,2.01,20.7,334.0,4.86,📈 價升量縮 (量價背離，下方承接看拉高),-36.792452830188694,0.41,🟢60日,-0.06000000000000005,3.0710454081934806,3.10,📉 下降,,,1.7499999999999998,,,,,,,,,,,,,,-15.5,-20.3,-137.0,-190.0,-210.3,,,,,,,,,,,,,,,,,,,,↗️ 微增,0.06,0.21,↗️ 微增,0.06,0.21,↗️ 微增,0.05,0.24,↗️ 微增,0.05,0.26,雙引擎 | 長短線,,,,,13.0,0,0.0,🔄 持平,0.0,0.0,➖ 持平,4,4,302.0
2706,第一店,觀光餐旅,09/17,12.15,0.41,90.0,1.09,18.1,90.0,1.09,⏸️ 平量滯漲 (拋壓增大，高位見頂),62.68656716417911,1.0,,,,2.80,,,,,,,,,,,,,,,,,,,,,,,,,,,,,,,,,,,,,,,,,,↘️ 微減,-0.01,-0.07,↘️ 微減,-0.01,-0.08,↘️ 微減,-0.11,-0.16999999999999998,↗️ 微增,0.09,-0.010000000000000009,,,,,,19.8,0,0.0,🔄 持平,0.0,0.0,➖ 持平,2,4,421.0
2707,晶華,觀光餐旅,09/17,177.0,0.0,51.0,8.97,12.3,75.0,13.27,⚖️ 溫和震盪整理,-43.22784810126582,0.68,,0.0,,6.90,🔄 持平,,,,,,,,,,,,0.0,-7.52,,,,,,,,,,,,,,,,,,,,,,,,,,,,🔄 持平,0.0,0.0,🔄 持平,-0.0,-1.36,🔄 持平,-0.0,0.13999999999999996,🔄 持平,-0.0,-0.16999999999999998,,,,,,10.5,0,0.0,🔄 持平,0.0,0.0,➖ 持平,2,4,390.0
2712,遠雄來,觀光餐旅,09/17,13.45,-2.18,22.0,0.3,,41.0,0.56,📉 縮量小跌 (主力洗盤止跌，擇機進場),-60.00000000000001,0.54,,,,0.40,,,,,,🔄 持平 (0%),,,,,,,,,,,,,,,,,,,,,,,,,,,,,,,,,,,,🔄 持平,0.0,0.0,🔄 持平,-0.0,0.0,🔄 持平,-0.0,0.0,🔄 持平,-0.0,0.0,,,,,,51.1,0,0.0,🔄 持平,0.0,0.0,➖ 持平,3,4,40.0
2722,夏都,觀光餐旅,09/17,21.0,-0.24,31.0,0.66,,27.0,0.57,⏸️ 平量滯漲 (拋壓增大，高位見頂),78.3783783783784,1.16,,,,0.40,,,,,,,,,,,,,,,,,,,,,,,,,,,,,,,,,,,,,,,,,,↘️ 微減,-0.35,-0.35,↘️ 微減,-0.35,-0.35,↘️ 微減,-0.35,-0.35,🔄 持平,-0.0,0.0,,,,,,54.0,23.1,0.0,🔄 持平,0.0,0.0,➖ 持平,14,4,40.0
2723,美食-KY,觀光餐旅,09/17,79.1,2.06,414.0,32.6,,281.0,21.88,⚖️ 溫和震盪整理,123.28767123287672,1.49,🟡20日,-0.05999999999999517,46.80222222222223,46.60,📉 下降,,0.75,,,🔄 持平 (0%),,💤 籌碼沉澱中,,,,,,,,,,-7.33,-13.8,-120.0,-243.0,-949.2,,,,,,0.62,6.96,,,10.0,106.0,79.1,,,,-946.0,-1899.0,,,↗️ 微增,0.06,0.18999999999999992,↘️ 微減,-0.41,0.14000000000000007,↗️ 微增,0.03,0.6,↗️ 微增,0.03,1.22,雙引擎 | 長短線,,,,,46.3,0,0.0,🔄 持平,0.0,0.0,➖ 持平,9,4,1530.0
2727,王品,觀光餐旅,09/17,227.0,0.0,221.0,50.3,12.6,171.0,39.02,⏸️ 平量滯漲 (拋壓增大，高位見頂),15.102974828375281,1.29,🟢60日 🔵120日,-0.060000000000002274,34.51345075480911,32.70,📉 下降,,,2.543767348678063,6.090397917930435,🔄 持平 (0%),🔄 持平 (0.0%),💤 籌碼沉澱中,💤 籌碼沉澱中,,,,,,,,,,,,,,,,,,,,,,,,,,,,,,,,,↘️ 微減,-0.14,1.95,↘️ 微減,-0.15,1.96,↘️ 微減,-0.11,1.2499999999999998,↗️ 微增,0.48,0.10999999999999995,,,,,,6.83,0,0.0,🔄 持平,-1.68,0.0,➖ 持平,9,4,577.0
2731,雄獅,觀光餐旅,09/17,144.0,2.13,368.0,52.8,8.86,271.0,38.42,⚖️ 溫和震盪整理,151.42857142857142,1.37,,0.0,,8.30,🔄 持平,,,,,,🔄 持平 (0.0%),,💤 籌碼沉澱中,,,,,,,,,,,,,,,,,,,,,,,,,,,,,-416.0,-572.0,,,↗️ 微增,0.01,0.02,↗️ 微增,0.03,0.08,↗️ 微增,0.04,0.18,↗️ 微增,0.04,-0.25,雙引擎,,,,,17.5,0,0.0,🔄 持平,0.0,0.0,➖ 持平,9,4,146.0
2739,寒舍,觀光餐旅,09/17,36.75,0.0,95.0,3.51,9.12,74.0,2.73,⏸️ 平量滯漲 (拋壓增大，高位見頂),119.37499999999997,1.29,,0.0,,3.30,🔄 持平,,,,,🔄 持平 (0%),,,,,,,,,,,,,,,,,,,,,,,,,,,,,,,,,,,,🔄 持平,0.0,1.12,🔄 持平,-0.0,0.11,🔄 持平,-0.0,0.76,↘️ 微減,-0.01,0.12000000000000001,,,,,,41.0,7.46,0.0,🔄 持平,0.0,0.0,➖ 持平,3,4,92.0
2748,雲品,觀光餐旅,09/17,38.75,0.26,83.0,3.21,15.3,68.0,2.64,⏸️ 平量滯漲 (拋壓增大，高位見頂),-24.470588235294123,1.22,,,,1.20,,,,,,🔄 持平 (0%),,,,,,,2.68,-7.88,,,,,,,,,,,,,,,,,,,,,,,,,,,,🔥 大增,1.0,1.0,↗️ 微增,0.09,0.12,↗️ 微增,0.09,0.12,↗️ 微增,0.08,0.55,雙引擎 | 長短線,,,,,58.6,0,0.0,🔄 持平,0.0,0.0,➖ 持平,4,4,106.0
2753,八方雲集,觀光餐旅,09/17,178.5,0.28,159.0,28.3,12.7,123.0,21.82,⏸️ 平量滯漲 (拋壓增大，高位見頂),172.1153846153846,1.3,🟢60日,0.016422106836369466,6.97398944037581,6.10,📈 上升,,,1.288918527412103,,,🔥 強延續 (2.7%),,🔥 持續加碼 (0.01%),🏦 投信日連買(3)-🆕 試單觀察 | 🏦 投信週連買(2)-🌱 週線發動,,,,,,,,,,,,,,,,,,,,,,,,,,,,,,,,↗️ 微增,0.08,0.22,🚀 劇增,1.54,1.6800000000000002,↗️ 微增,0.34,-0.43000000000000005,↗️ 微增,0.39,0.05999999999999983,雙引擎 | 長短線,,,,,30.6,22.6,0.1,📈 增,-0.8,0.0,➖ 持平,3,4,178.0
2762,世界健身-KY,運動休閒,09/17,79.4,0.13,141.0,11.1,12.1,82.0,6.53,⚠️ 放量滯漲 (拋壓增大，即將見頂反轉),212.6760563380282,1.7,,,,82.40,,,,,,,,,,,,,,,,,,,,,,,,,,,,,,-3.23,18.1,,,,,,,,,,,🔄 持平,0.0,0.0,↗️ 微增,0.03,-3.469446951953614e-18,↗️ 微增,0.03,-3.469446951953614e-18,↘️ 微減,-0.39,-0.8400000000000001,,,,,,0.0,0,0.0,🔄 持平,0.0,0.0,➖ 持平,3,4,37.0
2801,彰銀,金融保險業,09/17,29.6,2.42,55926.0,1646.0,17.8,45445.0,1292.8,⚖️ 溫和震盪整理,41.89655172413793,1.27,,0.0,,16.50,🔄 持平,,,,,,⚠️ 趨緩 (16.9%),,🔥 持續加碼 (0.08%),🏦 投信日連買(10)-🔥 波段認養 | 🏦 投信週連買(3)-🌱 週線發動,,,,,,,,,,,,,62.6,78.3,114.0,130.0,337.4,3.2,2.48,3.8,12.8,303.0,236.0,896.9,3083.0,9554.0,9125.7,,,9076.0,27242.0,↘️ 微減,-0.12,-0.13000000000000006,↘️ 微減,-0.09,-0.06,↘️ 微減,-0.11,-0.14000000000000007,↘️ 微減,-0.09,-0.03999999999999998,,,,,,25.1,0,0.0,🔄 持平,0.0,0.0,➖ 持平,3,4,24125.0
2812,台中銀,金融保險業,09/17,19.5,1.04,27622.0,534.0,11.7,19809.0,382.8,⏸️ 平量滯漲 (拋壓增大，高位見頂),140.54054054054052,1.39,🔴5日 🟡20日 🟢60日,0.030031128041995814,9.92031482229308,9.50,🪜 階梯吸籌 | 📈 上升,0.29009665968937703,0.9615339905154681,1.6516941651697312,,⚠️ 趨緩 (7.91%),,🔥 持續加碼 (0.03%),,🌐 外資日連買(2)-🆕 試單觀察 | 🌐 外資週連買(5)-🚀 趨勢加溫,🔥 點火,,,,,,,-1.06,-14.8,-821.0,-13258.0,-1601.0,-7.69,500.0,-1.0,10.0,-2.0,197.0,159.0,,,7567.0,7005.0,14755.6,,,,-1588.0,-25694.0,,,↗️ 微增,0.24,-0.55,↗️ 微增,0.29,-0.44,↗️ 微增,0.27,-0.51,↗️ 微增,0.32,-0.45,雙引擎,,,,,3.18,44.0,0.0,🔄 持平,-0.03,-3.0,✅ 大減,4,3,30959.0
2816,旺旺保,金融保險業,09/17,40.95,3.28,1080.0,43.7,3.56,504.0,20.09,⚖️ 溫和震盪整理,205.59440559440557,2.18,🔴5日 🟡20日 🟢60日,0.1599999999999997,3.65,3.60,🪜 階梯吸籌 | 📈 上升 | 🚀 衝進🟢60日榜單,0.3900000000000001,0.8900000000000001,1.31,,🔥 強延續 (34.9%),,🔥 持續加碼 (0.17%),,🌐 外資日連買(3)-🆕 試單觀察,🔼 進駐,,,,,,,,,,,,100.0,100.0,,,,,,,,,,,,,,,,,,↘️ 微減,-0.03,0.68,↗️ 微增,0.41,0.75,📈 小增,0.97,1.2800000000000002,↗️ 微增,0.21,1.43,,,,,,20.9,0,0.0,🔄 持平,0.0,0.0,➖ 持平,3,4,586.0
2820,華票,金融保險業,09/17,17.45,0.87,4405.0,76.7,10.3,3983.0,69.04,⏸️ 平量滯漲 (拋壓增大，高位見頂),36.72014260249554,1.11,🔴5日 🟡20日,0.21999999999999886,10.800678501221183,10.80,🪜 階梯吸籌 | 📈 上升,0.7899999999999991,1.4299999999999997,,,🔥 強延續 (66.7%),,🔥 持續加碼 (0.22%),,🌐 外資日連買(8)-⚡ 買盤點火 | 🌐 外資週連買(5)-🚀 趨勢加溫,🔼 進駐,,,,,,,0.61,-13.5,21.0,-541.0,36.6,,,,,,,,,,22.0,115.0,38.4,,,,36.6,-935.0,,,↗️ 微增,0.04,-0.46,↘️ 微減,-0.09,-0.49,↘️ 微減,-0.03,-0.35,🔄 持平,-0.0,-0.36,,,,,,34.2,16.5,0.0,🔄 持平,0.0,-0.2,↘️ 微減,8,4,10083.0
2832,台產,金融保險業,09/17,59.1,1.72,424.0,25.0,9.83,349.0,20.06,⚖️ 溫和震盪整理,64.47368421052633,1.25,🔴5日,0.08368107189910834,4.84662586788971,4.60,📈 上升,0.22091818625427084,,,,🔥 強延續 (48.3%),🔥 強延續 (2.2%),🔥 持續加碼 (0.08%),🔄 今日量縮持平,🌐 外資日連買(5)-⚡ 買盤點火 | 🏦 投信日連買(3)-🆕 試單觀察 | 🏦 投信週連買(2)-🌱 週線發動,🔼 進駐,,,,,,,,,,,,,,,,,,,,,,,,,,,,,,,🔄 持平,0.0,0.36000000000000004,↘️ 微減,-0.34,-0.67,↘️ 微減,-0.31,-0.33,↘️ 微減,-0.12,-0.32,,,,,,26.6,14.2,0.0,🔄 持平,0.0,-0.4,↘️ 微減,5,3,244.0
2834,臺企銀,金融保險業,09/17,18.75,3.02,62652.0,1161.0,14.8,49493.0,900.4,⚖️ 溫和震盪整理,115.39888682745824,1.29,🔴5日,0.0,16.961093945295058,17.00,📈 上升 | 🔄 洗盤回歸,0.21749624580035132,,,,🔥 強延續 (43.0%),,🔥 持續加碼 (0.26%),,🌐 外資日連買(2)-🆕 試單觀察 | 🌐 外資週連買(2)-🌱 週線發動,🔥 點火,,,,,,,-5.52,-33.6,-3080.0,-26618.0,-5775.0,381.0,176.0,164.0,132.0,307.5,10.8,22.2,,,2805.0,5232.0,5259.4,,,,-5706.0,-48067.0,,,↗️ 微增,0.38,-0.2900000000000001,↗️ 微增,0.35,-0.27,↗️ 微增,0.31,-0.35000000000000003,↗️ 微增,0.35,-0.23000000000000007,雙引擎,,,,,24.2,0,0.0,🔄 持平,0.0,0.0,➖ 持平,2,4,264767.0
2836,高雄銀,金融保險業,09/17,12.5,2.04,4235.0,52.7,16.4,1987.0,24.5,⚖️ 溫和震盪整理,265.97222222222223,2.15,,0.0,,8.00,🔄 持平,,,,,🔄 持平 (0%),,,,,,,-5.54,-6.85,-332.0,-416.0,-415.0,,,,,,,,,,,,,,,,,,,,,,,,,↗️ 微增,0.01,-0.02999999999999997,↘️ 微減,-0.04,-0.03,↘️ 微減,-0.07,-0.03,↘️ 微減,-0.01,-0.18,,,,,,57.4,5.62,0.0,🔄 持平,0.2,-0.06,↘️ 微減,8,4,2162.0
2838,聯邦銀,金融保險業,09/17,21.8,1.16,3026.0,65.7,15.4,2024.0,43.16,⏸️ 平量滯漲 (拋壓增大，高位見頂),101.53374233128835,1.52,,,,4.20,,,,,,🔥 強延續 (33.4%),🔄 持平 (0.0%),,💤 籌碼沉澱中,🌐 外資週連買(3)-🌱 週線發動,🔥 點火,,,,,,,-1.84,-13.2,-318.0,-2589.0,-693.2,,,,,,11.0,12.2,,,199.0,217.0,433.8,,,,-691.0,-5511.0,,,🔄 持平,0.0,-0.07,🔄 持平,-0.0,-0.06999999999999999,↗️ 微增,0.03,-0.03,↗️ 微增,0.03,-0.03,,,,,,12.0,0,0.0,🔄 持平,0.6,0.0,➖ 持平,6,4,3888.0
2845,遠東銀,金融保險業,09/17,13.75,1.1,9362.0,128.0,13.6,10106.0,137.8,⏸️ 平量滯漲 (拋壓增大，高位見頂),5.785123966942152,0.93,🔴5日 🟡20日 🟢60日 🔵120日,0.09531647109285046,13.083847309844291,11.00,🪜 階梯吸籌 | 📈 上升,0.3263914480200345,1.354382187240759,3.034975463564674,3.629553719009431,🔥 強延續 (41.8%),📉 調節洗盤 (-0.01%),🔥 持續加碼 (0.08%),🔄 今日量縮持平,🌐 外資日連買(2)-🆕 試單觀察 | 🌐 外資週連買(3)-🌱 週線發動,🔥 點火,,,,,,,-0.69,-11.7,-270.0,-5142.0,-371.2,,,,,,0.61,48.9,,,26.0,1397.0,35.8,,,,-369.0,-7000.0,,,↗️ 微增,0.06,0.69,↗️ 微增,0.05,0.66,↗️ 微增,0.06,0.6499999999999999,↗️ 微增,0.07,0.52,雙引擎 | 長短線,,,,,7.47,0,0.0,🔄 持平,0.0,0.0,➖ 持平,14,3,20349.0
2849,安泰銀,金融保險業,09/17,15.95,-0.31,243.0,3.89,16.4,229.0,3.62,⏸️ 平量滯漲 (拋壓增大，高位見頂),35.540069686411144,1.07,,0.0,,59.00,🔄 持平,,,,,🔄 持平 (0%),,,,,,,,,,,,,,,,,,,,,,4.52,24.0,,,19.0,85.0,30.3,,,,,,,,↗️ 微增,0.01,-0.019999999999999997,↗️ 微增,0.01,-0.01,↗️ 微增,0.04,-0.020000000000000004,↗️ 微增,0.02,-0.020000000000000004,雙引擎,,,,,21.9,61.6,0.0,🔄 持平,0.0,0.0,➖ 持平,3,4,410.0
2850,新產,金融保險業,09/17,158.5,0.96,350.0,55.4,10.3,211.0,33.08,⚠️ 放量滯漲 (拋壓增大，即將見頂反轉),155.2995391705069,1.67,,,,10.80,,,,,,,🔄 持平 (0%),,💤 籌碼沉澱中,,,,,,,,,,,,,,,,,,,0.0,8.85,,,,,,,,,,,,,↗️ 微增,0.16,0.53,↘️ 微減,-0.11,0.52,↘️ 微減,-0.11,-0.32000000000000006,↘️ 微減,-0.09,-0.13999999999999996,,,,,,4.24,0,0.0,🔄 持平,-0.04,0.0,➖ 持平,2,4,181.0
2851,中再保,金融保險業,09/17,47.0,1.4,3980.0,185.0,4.45,3925.0,183.2,⏸️ 平量滯漲 (拋壓增大，高位見頂),14.197530864197528,1.01,🔴5日 🟡20日 🟢60日 🔵120日,0.25,11.134634638480364,10.60,📈 上升,0.6022912772074811,1.0576102393992937,2.2851586807035957,3.909426044531486,🔥 強延續 (52.1%),🔄 持平 (0.0%),🔥 持續加碼 (0.26%),🔄 今日量縮持平,🏦 投信週連買(3)-🌱 週線發動,🔼 進駐,,,,,,,,,,,,23.8,85.7,5.0,12.0,23.5,0.35,40.5,-0.93,9.87,18.0,1479.0,84.6,-29.0,279.0,-136.3,,,,,↘️ 微減,-0.28,0.44,↘️ 微減,-0.28,0.21999999999999992,📉 小減,-0.63,-0.10000000000000006,↘️ 微減,-0.33,0.44000000000000006,,,,,,37.0,0,0.0,🔄 持平,0.0,0.0,➖ 持平,3,4,4622.0
2852,第一保,金融保險業,09/17,28.15,1.08,568.0,16.0,8.63,291.0,8.15,⚠️ 放量滯漲 (拋壓增大，即將見頂反轉),282.7751196172249,1.96,🟢60日,0.02000000000000135,6.013662360411836,6.20,🛡️ 穩健吸籌 | 📈 上升,,,1.3068773748705462,,,,,,,,,,,,,,,,,,,,,,,,,,,,,,,,,,,,,,↘️ 微減,-0.21,0.8400000000000001,↘️ 微減,-0.2,0.8700000000000001,↗️ 微增,0.03,1.4699999999999998,↘️ 微減,-0.14,0.8799999999999999,,,,,,18.6,0,0.0,🔄 持平,0.0,0.0,➖ 持平,2,4,294.0
2855,統一證,金融保險業,09/17,52.5,1.74,3819.0,200.0,5.45,4618.0,239.6,⚖️ 溫和震盪整理,-15.61181434599156,0.83,🔴5日 🟡20日 🟢60日,0.1479128237030949,13.642121788647898,6.90,🪜 階梯吸籌 | 📈 上升,0.380999608747139,1.2128797766120876,1.7855850004623228,,,⚠️ 趨緩 (11.7%),,🔥 持續加碼 (0.03%),🏦 投信日連買(8)-⚡ 買盤點火 | 🏦 投信週連買(16)-👑 長線主控,🔼 進駐,,,,,,,,,,,,,,-8.0,12.0,-42.0,,,,,,,,486.0,760.0,2551.5,,,2543.0,3970.0,↗️ 微增,0.25,1.44,↗️ 微增,0.32,1.25,↗️ 微增,0.4,1.3699999999999999,↗️ 微增,0.3,1.33,雙引擎 | 長短線,,,,,7.14,0,0.0,🔄 持平,0.0,0.0,➖ 持平,3,4,4769.0
2880,華南金,金融保險業,09/17,47.9,1.16,16182.0,775.0,20.9,15938.0,744.0,⏸️ 平量滯漲 (拋壓增大，高位見頂),-10.404624277456643,1.04,🟡20日,0.02560770768376841,19.26935256780409,14.60,🪜 階梯吸籌 | 📈 上升,,0.7147095245395043,,,🔥 強延續 (33.1%),,💤 籌碼沉澱中,,🌐 外資日連買(16)-🔥 波段認養 | 🌐 外資週連買(5)-🚀 趨勢加溫,🔥 點火,,2.08,-19.8,16.0,-194.0,76.6,,,492.0,-7511.0,2356.7,,,8.0,17.0,38.3,,,,,,,,,,,2356.0,-35154.0,,,↗️ 微增,0.06,0.049999999999999975,↗️ 微增,0.08,0.020000000000000018,↗️ 微增,0.1,0.07000000000000005,↗️ 微增,0.09,0.06999999999999994,雙引擎 | 長短線,,,,,24.7,0,0.0,🔄 持平,0.0,0.0,➖ 持平,5,4,54207.0
2881,富邦金,金融保險業,09/17,151.5,-0.98,14046.0,2144.0,13.0,16081.0,2430.2,⏸️ 平量滯漲 (拋壓增大，高位見頂),-32.15189873417722,0.88,,0.0,,18.70,🔄 持平,,,,,,🚨 劇烈倒貨 (-9.93%),,🚨 轉賣反轉 (-0.01%),,,,,,,,,,,,,,,,-8.0,12.0,-121.2,0.1,-0.51,1.12,7.67,,,,693.0,4441.0,10499.0,,,10578.0,67030.0,🔄 持平,0.0,0.19,🔄 持平,-0.0,-0.08,🔄 持平,-0.0,-0.08,↗️ 微增,0.01,0.08,,0.65,152.64,150.5,🚨 跌破防線,26.7,0,0.0,🔄 持平,0.0,0.0,➖ 持平,10,4,28548.0
2882,國泰金,金融保險業,09/17,112.0,-0.44,19698.0,2215.0,12.3,19553.0,2175.8,⏸️ 平量滯漲 (拋壓增大，高位見頂),-27.400852179613246,1.02,,0.0,,23.10,🔄 持平,,,,,,📉 調節洗盤 (-8.82%),,🚨 轉賣反轉 (-0.01%),🏦 投信週連買(4)-🌱 週線發動,,,,,-126.0,-129.0,-1411.2,,,,,,,,27.0,27.0,302.4,,,,,,,,2.0,3094.0,22.4,,,22.5,34393.0,↘️ 微減,-0.02,0.39,↘️ 微減,-0.03,0.33999999999999997,↘️ 微減,-0.02,0.37,↘️ 微減,-0.02,0.33,,,,,,1.05,0.32,0.0,🔄 持平,0.0,0.0,➖ 持平,4,4,16355.0
2883,凱基金,金融保險業,09/17,39.65,1.28,47182.0,1878.0,12.8,46703.0,1796.4,⏸️ 平量滯漲 (拋壓增大，高位見頂),9.632224168126102,1.05,🟡20日 🟢60日 🔵120日,0.06662708793297867,34.87949192822442,29.70,🪜 階梯吸籌 | ⚠️ 趨緩,,3.9944666150230397,6.028041442728117,4.862598901682013,🔄 持平 (0%),🚨 劇烈倒貨 (-4.81%),💤 籌碼沉澱中,🚨 轉賣反轉 (-0.01%),🌐 外資日連買(2)-🆕 試單觀察 | 🏦 投信週連買(3)-🌱 週線發動,,,,,,,,,,,,,30.8,31.3,85.0,86.0,337.0,,,0.17,17.8,659.0,1434.0,2612.9,150.0,13152.0,594.8,,,597.0,50047.0,↘️ 微減,-0.06,0.06,↗️ 微增,0.05,0.46,↗️ 微增,0.09,0.38,↗️ 微增,0.07,0.39,,1.41,39.06 / 39.8 / 39.82 / 40.56,39.3,🚨 跌破防線,1.1,44.6,0.0,🔄 持平,-0.1,0.0,➖ 持平,3,4,66155.0
2884,玉山金,金融保險業,09/17,47.3,1.83,51012.0,2395.0,19.7,44369.0,2044.6,⚖️ 溫和震盪整理,23.836608066184084,1.17,,0.0,,30.50,🔄 持平,,,,,,🔥 強延續 (17.0%),,🔥 持續加碼 (0.05%),🌐 外資日連買(2)-🆕 試單觀察 | 🏦 投信日連買(31)-🔥 波段認養 | 🏦 投信週連買(10)-👑 長線主控,,,,,,,,,,,,,9.7,45.8,29.0,103.0,137.2,,,9.01,27.2,,,,9509.0,24576.0,44977.6,,,44651.0,113756.0,↗️ 微增,0.1,1.3199999999999998,↗️ 微增,0.1,1.23,↗️ 微增,0.09,1.18,↗️ 微增,0.04,1.12,雙引擎 | 長短線,,,,,1.35,0,-0.12,🚨 減/大減,-0.21,0.0,➖ 持平,6,4,33241.0
2885,元大金,金融保險業,09/17,69.0,-0.58,24272.0,1679.0,16.8,19039.0,1319.4,⏸️ 平量滯漲 (拋壓增大，高位見頂),69.93927125506072,1.27,,-24.134612080360245,,26.90,📉 下降,,,,,🔄 持平 (0%),🔄 持平 (0%),💤 籌碼沉澱中,💤 籌碼沉澱中,🌐 外資日連買(2)-🆕 試單觀察,,,,,,,,,,,,,,,,,,1.42,6.56,,,25.0,110.0,172.5,,,,-1640.0,-736.0,,,↗️ 微增,0.17,-0.01999999999999995,↗️ 微增,0.16,0.010000000000000037,↗️ 微增,0.15,-2.7755575615628914e-17,↗️ 微增,0.17,0.04999999999999997,雙引擎,,,,,4.77,25.0,0.18,📈 增,0.18,-1.0,✅ 大減,12,4,35508.0
2886,兆豐金,金融保險業,09/17,51.9,1.96,24220.0,1247.0,20.1,25897.0,1328.6,⚖️ 溫和震盪整理,-7.078986587183311,0.94,🟡20日 🟢60日 🔵120日,0.03504486792808237,24.30511462311401,20.60,🪜 階梯吸籌 | 📈 上升,,1.4944589509485056,2.5952331171324765,3.3629619381252702,🔄 持平 (0%),⚠️ 趨緩 (15.3%),💤 籌碼沉澱中,🔥 持續加碼 (0.03%),🏦 投信日連買(6)-⚡ 買盤點火 | 🏦 投信週連買(3)-🌱 週線發動,🔥 點火,,,,,,,,,1386.0,-2837.0,7193.3,,,,,,0.9,63.5,,,23.0,999.0,119.4,,,,7138.0,-14831.0,,,↘️ 微減,-0.01,-0.16999999999999998,↘️ 微減,-0.03,-0.17,↘️ 微減,-0.02,-0.19999999999999996,↘️ 微減,-0.01,-0.15000000000000002,,,,,,20.6,0,0.0,🔄 持平,0.0,0.0,➖ 持平,15,4,104449.0
2887,台新新光金,金融保險業,09/17,44.05,-0.79,61872.0,2742.0,15.7,50638.0,2204.8,⏸️ 平量滯漲 (拋壓增大，高位見頂),-3.7557037557037543,1.24,🟡20日 🟢60日 🔵120日,0.012104240877299333,30.667510388093508,23.10,🪜 階梯吸籌 | ⚠️ 趨緩,,0.6222086826366002,1.5989481959107685,2.4935046874579356,🔄 持平 (0%),🔥 強延續 (13.0%),💤 籌碼沉澱中,🔥 持續加碼 (0.03%),🏦 投信日連買(18)-🔥 波段認養 | 🏦 投信週連買(6)-🚀 趨勢加溫,,,,,-2132.0,-1387.0,-9391.5,,,,,,8.84,62.1,49.0,231.0,215.8,,,,,,,,7258.0,14518.0,31971.5,,,32163.0,63372.0,↘️ 微減,-0.22,0.8500000000000001,↘️ 微減,-0.22,0.4800000000000001,📉 小減,-0.51,-0.09999999999999998,↘️ 微減,-0.22,0.14000000000000004,,,,,,2.23,0,-0.02,↘️ 微減,0.0,0.0,➖ 持平,7,4,69501.0
2889,國票金,金融保險業,09/17,17.3,0.0,15774.0,272.0,14.2,16466.0,278.2,⏸️ 平量滯漲 (拋壓增大，高位見頂),-16.564417177914116,0.98,🔴5日 🟡20日 🟢60日 🔵120日,-0.040000000000000924,11.974519581876324,11.90,📉 下降,0.5100000000000016,2.4700000000000006,3.0769067830823094,3.1544849181361663,📉 調節洗盤 (-9.92%),,🚨 轉賣反轉 (-0.04%),,🌐 外資週連買(6)-🚀 趨勢加溫,,,,,,,,,,20.0,-940.0,34.6,,,,,,1.71,40.1,,,71.0,1206.0,122.8,,,,34.5,-1588.0,,,↘️ 微減,-0.22,-1.5200000000000002,↘️ 微減,-0.21,-1.44,↘️ 微減,-0.23,-1.48,↘️ 微減,-0.18,-1.39,,,,,,11.6,0,0.0,🔄 持平,1.73,0.0,➖ 持平,2,4,56210.0
2890,永豐金,金融保險業,09/17,45.95,1.43,36031.0,1651.0,17.6,33223.0,1482.6,⏸️ 平量滯漲 (拋壓增大，高位見頂),-6.24645088018172,1.11,🟡20日 🟢60日 🔵120日,0.033913663036294395,32.93397618243135,29.50,🪜 階梯吸籌 | 📈 上升,,0.6332637293266856,1.9832514087329969,4.792835586915935,🔄 持平 (0%),⚠️ 趨緩 (22.1%),💤 籌碼沉澱中,🔥 持續加碼 (0.05%),🏦 投信日連買(7)-⚡ 買盤點火 | 🏦 投信週連買(3)-🌱 週線發動,,,,,,,,,,,,,,,0.0,9.0,0.0,,,,,-29.0,263.0,-133.3,920.0,2301.0,4227.4,,,4216.0,10339.0,↗️ 微增,0.05,0.33,↗️ 微增,0.03,0.26,↗️ 微增,0.04,0.23000000000000004,↗️ 微增,0.04,0.26,雙引擎 | 長短線,,,,,2.58,0,-0.05,↘️ 微減,0.0,0.0,➖ 持平,6,4,29737.0
2891,中信金,金融保險業,09/17,71.2,0.56,43769.0,3115.0,16.8,40853.0,2835.6,⏸️ 平量滯漲 (拋壓增大，高位見頂),-12.204058624577229,1.1,,0.0,,35.10,🔄 持平,,,,,🔄 持平 (0%),⚠️ 趨緩 (8.45%),,🔥 持續加碼 (0.02%),🌐 外資日連買(5)-⚡ 買盤點火 | 🏦 投信日連買(15)-🔥 波段認養 | 🏦 投信週連買(4)-🌱 週線發動,🔥 點火,,-6.79,-25.3,-190.0,-881.0,-1352.8,,,,,,8.22,119.0,6.0,43.0,42.7,,,,,,,,-4547.0,794.0,-32374.6,,,-32358.0,5476.0,↘️ 微減,-0.05,0.07999999999999999,↘️ 微減,-0.05,0.04999999999999998,↘️ 微減,-0.03,0.08,↘️ 微減,-0.02,0.09,,5.68,70.5 / 71.17 / 71.18 / 71.2 / 71.22 / 71.23 / 71.3,69.5,🚨 跌破防線,1.44,23.1,0.0,🔄 持平,0.0,0.0,➖ 持平,0,4,35277.0
2892,第一金,金融保險業,09/17,40.75,1.88,32824.0,1331.0,19.0,31923.0,1263.2,⚖️ 溫和震盪整理,38.93528183716075,1.05,🔴5日 🟡20日 🟢60日 🔵120日,0.06298489847189259,26.233162213438256,26.50,🪜 階梯吸籌 | 📈 上升,0.29380798284921283,1.9288216239130627,3.077194805699584,3.2066526540603455,⚠️ 趨緩 (13.2%),🔥 強延續 (18.8%),💤 籌碼沉澱中,🔥 持續加碼 (0.04%),🌐 外資日連買(2)-🆕 試單觀察 | 🏦 投信日連買(7)-⚡ 買盤點火 | 🌐 外資週連買(6)-🚀 趨勢加溫 | 🏦 投信週連買(3)-🌱 週線發動,🔼 進駐,,,,,,,,,,,,6.34,41.1,9.0,44.0,36.7,-0.57,71.6,,,-93.0,6711.0,-379.0,,,,,,,,↗️ 微增,0.17,0.32000000000000006,↗️ 微增,0.16,0.36,↗️ 微增,0.14,0.32999999999999996,↗️ 微增,0.14,0.34,雙引擎 | 長短線,0.78,40.55,39.8,🚨 跌破防線,19.0,0,0.0,🔄 持平,0.0,0.0,➖ 持平,4,4,131534.0
2897,王道銀行,金融保險業,09/17,11.25,0.9,6108.0,68.6,13.6,4221.0,46.54,⏸️ 平量滯漲 (拋壓增大，高位見頂),10.289389067524102,1.47,🔴5日 🟡20日 🟢60日 🔵120日,0.08999999999999986,10.205973438737146,10.10,🪜 階梯吸籌 | 📈 上升,0.34133800354294763,1.549274321534531,1.9280569367485185,3.9227342268664396,🔥 強延續 (43.7%),🔄 持平 (0%),🔥 持續加碼 (0.1%),💤 籌碼沉澱中,🌐 外資日連買(2)-🆕 試單觀察 | 🌐 外資週連買(5)-🚀 趨勢加溫,🔥 點火,,3.7,-14.0,43.0,-196.0,48.4,0.0,-14.4,0.0,-1099.0,0.0,0.0,100.0,,,,,,,,,,,,,,0.0,-1226.0,,,🔄 持平,0.0,-0.12,↗️ 微增,0.38,0.26,↗️ 微增,0.06,-0.060000000000000005,↗️ 微增,0.06,0.16,,,,,,22.7,0,0.0,🔄 持平,-13.7,0.0,➖ 持平,5,4,10855.0
2901,欣欣,貿易百貨業,09/17,22.95,0.22,51.0,1.17,52.2,70.0,1.68,⏸️ 平量滯漲 (拋壓增大，高位見頂),207.89473684210523,0.7,,,,0.50,,,,,,🔄 持平 (0%),,,,🌐 外資日連買(2)-🆕 試單觀察 | 🌐 外資週連買(2)-🌱 週線發動,,,-4.86,-6.19,,,,0.0,-10.6,,,,,,,,,,,,,,,,,,,,,,,🔄 持平,0.0,0.0,🔄 持平,-0.0,0.0,🔄 持平,-0.0,0.0,🔄 持平,-0.0,-0.02,,,,,,58.4,0,0.0,🔄 持平,0.0,0.0,➖ 持平,3,4,34.0
2903,遠百,貿易百貨業,09/17,22.05,1.15,700.0,15.4,14.9,1169.0,25.86,⚖️ 溫和震盪整理,-42.96296296296296,0.6,,-10.579234285023364,,7.90,📉 下降,,,,,,🔄 持平 (0%),,💤 籌碼沉澱中,,,,,,,,,,,,,,,,,,,-0.12,4.1,,,,,,110.0,1187.0,242.6,,,242.0,2608.0,↗️ 微增,0.23,-0.06,↗️ 微增,0.04,-0.31000000000000005,↘️ 微減,-0.08,-0.35,↗️ 微增,0.03,-0.12999999999999995,雙引擎,,,,,23.0,0,0.0,🔄 持平,0.0,0.0,➖ 持平,3,4,720.0
2904,匯僑,其他業,09/17,12.5,-0.4,59.0,0.74,24.5,36.0,0.45,⚠️ 放量滯漲 (拋壓增大，即將見頂反轉),21.311475409836067,1.64,,,,0.70,,,,,,,,,,🌐 外資週連買(5)-🚀 趨勢加溫,,,-33.3,-33.3,,,,,,,,,,,,,,,,,,,,,,,,,,,,🔄 持平,0.0,0.0,🔄 持平,-0.0,0.0,📈 小增,0.77,0.9,↗️ 微增,0.01,0.16,,,,,,41.3,0,0.0,🔄 持平,0.0,0.0,➖ 持平,1,4,57.0
2905,三商,貿易百貨業,09/17,18.65,0.54,1993.0,37.3,6.88,1794.0,33.36,⏸️ 平量滯漲 (拋壓增大，高位見頂),-2.3560209424083878,1.12,🟡20日,0.08000000000000007,4.97,5.00,📈 上升,,0.4299999999999997,,,🔥 強延續 (43.7%),,💤 籌碼沉澱中,,🌐 外資日連買(3)-🆕 試單觀察 | 🌐 外資週連買(6)-🚀 趨勢加溫,🔥 點火,,-12.9,-21.4,-791.0,-1451.0,-1475.2,,,,,,,,,,,,,,,,,,,,,,,,,↗️ 微增,0.01,0.56,↗️ 微增,0.19,0.030000000000000027,↗️ 微增,0.05,0.16,↗️ 微增,0.06,0.24000000000000005,雙引擎 | 長短線,,,,,43.7,68.7,0.0,🔄 持平,0.0,0.0,➖ 持平,3,4,1959.0
2906,高林,貿易百貨業,09/17,13.8,2.22,225.0,3.08,16.6,128.0,1.75,⚖️ 溫和震盪整理,175.0,1.76,,,,1.70,,,,,,,,,,,,,,,,,,,,,,,,,,,,,,,,,,,,,,,,,,↗️ 微增,0.03,0.29000000000000004,↗️ 微增,0.03,0.29000000000000004,↗️ 微增,0.02,-0.020000000000000018,↘️ 微減,-0.11,0.27,,,,,,37.3,22.2,0.0,🔄 持平,0.2,0.0,➖ 持平,2,3,346.0
2908,特力,貿易百貨業,09/17,22.1,0.23,220.0,4.86,17.8,211.0,4.64,⏸️ 平量滯漲 (拋壓增大，高位見頂),0.6211180124223725,1.05,,,,1.90,,,,,,🔄 持平 (0%),,,,🌐 外資日連買(3)-🆕 試單觀察 | 🌐 外資週連買(4)-🌱 週線發動,,,,,,,,0.0,-13.5,,,,,,,,,,,,,101.0,535.0,223.2,,,,,,,,↘️ 微減,-0.07,0.18999999999999997,↘️ 微減,-0.07,0.36,↗️ 微增,0.06,0.09,↗️ 微增,0.09,0.10999999999999997,,,,,,15.6,49.2,0.0,🔄 持平,0.0,0.0,➖ 持平,11,4,1061.0
2910,統領,貿易百貨業,09/17,23.4,0.43,12.0,0.28,12.8,12.0,0.29,⏸️ 平量滯漲 (拋壓增大，高位見頂),33.33333333333335,0.97,,,,0.40,,,,,,🔄 持平 (0%),,,,,,,,,,,,,,,,,,,,,,,,0.0,25.0,,,,,,,,,,,🔄 持平,0.0,0.04,🔄 持平,-0.0,0.04,🔄 持平,-0.0,0.04,🔄 持平,-0.0,0.04,,,,,,19.9,40.1,0.0,🔄 持平,0.0,0.0,➖ 持平,6,3,21.0
2911,麗嬰房,貿易百貨業,09/17,6.32,-1.25,76.0,0.48,1.55,53.0,0.34,⏸️ 平量滯漲 (拋壓增大，高位見頂),84.6153846153846,1.41,,0.0,,21.10,🔄 持平,,,,,🔄 持平 (0%),,,,🌐 外資日連買(2)-🆕 試單觀察,,,,,,,,,,,,,,,,,,,,,,,,,,,,,,,,🔄 持平,0.0,-0.01,🔄 持平,-0.0,-0.01,🔄 持平,-0.0,-0.01,🔄 持平,-0.0,0.35,,,,,,22.1,0,0.0,🔄 持平,0.0,0.0,➖ 持平,2,4,116.0
2912,統一超,貿易百貨業,09/17,217.5,1.16,1131.0,245.0,19.6,1174.0,253.8,⏸️ 平量滯漲 (拋壓增大，高位見頂),-23.913043478260864,0.97,🟢60日,0.06693285937785376,18.952332718098653,14.60,📈 上升,,,2.1125360322822253,,🔄 持平 (0%),🔥 強延續 (24.8%),,🔥 持續加碼 (0.03%),🏦 投信日連買(5)-⚡ 買盤點火 | 🌐 外資週連買(2)-🌱 週線發動,🔥 點火,,,,,,,,,-77.0,-142.0,-1674.8,,,,,,,,,,,,,,,,-1670.0,-3100.0,,,↘️ 微減,-0.26,-1.4,↘️ 微減,-0.08,-0.93,↗️ 微增,0.01,-1.26,↘️ 微減,-0.19,-1.22,,,,,,45.9,0,0.0,🔄 持平,0.0,0.0,➖ 持平,2,4,1125.0
2913,農林,貿易百貨業,09/17,11.1,1.37,1453.0,16.1,,733.0,8.08,⚠️ 放量滯漲 (拋壓增大，即將見頂反轉),199.2565055762082,1.99,,0.0,,5.50,🔄 持平,,,,,,,,,,,,,,,,,,,-149.0,-213.0,-165.4,,,,,,,,,,15.0,219.0,16.6,,,,,,,,↘️ 微減,-0.04,0.26999999999999996,↗️ 微增,0.06,0.36000000000000004,↗️ 微增,0.04,0.26000000000000006,↘️ 微減,-0.14,-0.24,,,,,,30.8,0,0.0,🔄 持平,0.0,0.0,➖ 持平,2,4,2060.0
2915,潤泰全,貿易百貨業,09/17,58.6,3.53,3128.0,182.0,4.12,1833.0,104.88,⚖️ 溫和震盪整理,30.935251798561158,1.74,,0.0,,6.40,🔄 持平,,,,,🔥 強延續 (40.7%),🔄 持平 (0%),,💤 籌碼沉澱中,🌐 外資日連買(8)-⚡ 買盤點火 | 🌐 外資週連買(2)-🌱 週線發動,,,,,,,,,,-15.0,-634.0,-87.9,,,,,,,,,,,,,,,,-87.2,-3595.0,,,↘️ 微減,-0.06,0.33,↘️ 微減,-0.14,0.33999999999999997,↘️ 微減,-0.11,0.19999999999999996,↘️ 微減,-0.04,0.42999999999999994,,,,,,5.58,22.6,0.0,🔄 持平,0.0,0.0,➖ 持平,8,4,2498.0
2923,鼎固-KY,建材營造業,09/17,24.7,4.22,136.0,3.3,,207.0,5.01,🔒 縮量大漲 (鎖倉高控盤，延續上漲),-41.176470588235304,0.66,,0.0,,99.50,🔄 持平,,,,,🔄 持平 (0%),,,,,,,,,,,,,,,,,,,,,,,,,,,,,,,,,,,,🔄 持平,0.0,0.0,🔄 持平,-0.0,-0.049999999999999996,🔄 持平,-0.0,-0.06,↗️ 微增,0.01,-0.009999999999999998,,,,,,58.5,0,0.0,🔄 持平,0.0,0.0,➖ 持平,6,4,121.0
2929,淘帝-KY,貿易百貨業,09/17,5.72,-0.52,244.0,1.38,,107.0,0.61,⚠️ 放量滯漲 (拋壓增大，即將見頂反轉),199.99999999999994,2.26,,0.0,,16.90,🔄 持平,,,,,🔄 持平 (0%),,,,🌐 外資日連買(2)-🆕 試單觀察 | 🌐 外資週連買(4)-🌱 週線發動,,,1.03,-5.31,,,,,,,,,,,,,,,,,,,,,,,,,,,,🔄 持平,0.0,0.06999999999999999,📈 小增,0.87,0.94,↗️ 微增,0.14,0.8600000000000001,↗️ 微增,0.22,1.2000000000000002,,,,,,14.9,0,0.0,🔄 持平,0.0,0.0,➖ 持平,5,4,188.0
2939,永邑-KY,貿易百貨業,09/17,21.0,8.25,11.0,0.23,,102.0,2.01,🔒 縮量大漲 (鎖倉高控盤，延續上漲),64.28571428571428,0.11,,,,19.80,,,,,,,,,,,,,,,,,,2.13,-9.43,,,,,,,,,,,,,,,,,,,,,,,🚨 劇減,-2.26,-4.35,🚨 劇減,-2.26,-2.1799999999999997,📉 小減,-0.72,-0.64,↗️ 微增,0.43,0.51,,,,,,1.05,0,0.0,🔄 持平,0.0,0.0,➖ 持平,2,2,2289.0
2945,三商家購,貿易百貨業,09/17,39.6,0.25,9.0,0.36,21.4,8.0,0.35,⏸️ 平量滯漲 (拋壓增大，高位見頂),9.090909090909083,1.03,,,,0.50,,,,,,🔄 持平 (0%),,,,,,,,,,,,,,,,,,,,,,,,,,,,,,,,,,,,🔄 持平,0.0,0.0,🔄 持平,-0.0,0.0,🔄 持平,-0.0,0.0,🔄 持平,-0.0,0.0,,,,,,68.6,0,0.0,🔄 持平,-7.6,0.0,➖ 持平,1,3,25.0
3002,歐格,電腦及週邊設備業,09/17,18.6,9.73,780.0,14.4,207.0,193.0,3.5,🚀 放量大漲 (量價齊升，持續看漲),1555.1724137931035,4.11,,,,2.10,,,,,,⚠️ 趨緩 (14.2%),,💤 籌碼沉澱中,,🌐 外資日連買(6)-⚡ 買盤點火 | 🌐 外資週連買(6)-🚀 趨勢加溫,🔼 進駐,,,,,,,-0.11,-19.3,-1.0,-219.0,-1.9,16.0,26.1,4.0,6.0,7.4,,,,,,,,,,,,,,,🔄 持平,0.0,0.0,🔄 持平,-0.0,0.0,🔄 持平,-0.0,0.0,↗️ 微增,0.03,0.03,,,,,,25.8,0,0.0,🔄 持平,0.0,0.0,➖ 持平,3,4,175.0
3003,健和興,電子零組件業,09/17,58.3,0.69,642.0,37.4,23.4,503.0,28.9,⏸️ 平量滯漲 (拋壓增大，高位見頂),146.0526315789474,1.29,,0.0,,4.20,🔄 持平,,,,,,,,,,,,-0.59,-5.47,-15.0,-147.0,-87.4,,,,,,,,,,,,,,,,,,,,,,,,,📉 小減,-0.78,2.09,📉 小減,-0.79,2.7199999999999998,🚨 劇減,-1.64,2.6900000000000004,⚠️ 大減,-1.31,2.66,,,,,,10.4,9.32,0.0,🔄 持平,0.0,0.58,↗️ 微增,3,3,930.0
3004,豐達科,鋼鐵工業,09/17,117.0,0.86,418.0,48.8,18.2,315.0,36.72,⏸️ 平量滯漲 (拋壓增大，高位見頂),144.0,1.33,,0.0,,3.70,🔄 持平,,,,,,,,,🌐 外資日連買(2)-🆕 試單觀察,,,-1.18,-6.11,,,,,,,,,,,,,,,,,,,,,,,,,,,,🚨 劇減,-1.56,-1.7500000000000002,↘️ 微減,-0.04,1.2699999999999998,↘️ 微減,-0.03,0.19000000000000006,📉 小減,-0.7,0.3400000000000002,,,,,,42.0,0,0.0,🔄 持平,-0.1,0.0,➖ 持平,3,4,149.0
3005,神基,電腦及週邊設備業,09/17,118.0,2.61,3132.0,368.0,14.0,2183.0,253.8,⚖️ 溫和震盪整理,115.20467836257309,1.45,🔴5日 🟡20日 🟢60日,0.32303646432786515,10.876352901678755,15.40,📈 上升,0.579790945253734,0.9185787272559978,2.6457533375038036,,🔥 強延續 (61.6%),🔥 強延續 (6.59%),🔥 持續加碼 (0.31%),🔥 持續加碼 (0.03%),🏦 投信日連買(7)-⚡ 買盤點火 | 🌐 外資週連買(3)-🌱 週線發動 | 🏦 投信週連買(2)-🌱 週線發動,🔥 點火,,,,,,,,,-156.0,-546.0,-1840.8,38.3,35.4,18.0,17.0,212.4,,,,,,,,,,,-1832.0,-6310.0,,,↗️ 微增,0.42,0.6900000000000001,↗️ 微增,0.13,0.33999999999999997,↘️ 微減,-0.39,-0.20000000000000007,↗️ 微增,0.15,0.76,雙引擎 | 長短線,,,,,32.6,0,0.0,🔄 持平,-0.2,0.0,➖ 持平,4,4,2999.0
3006,晶豪科,半導體業,09/17,278.5,-0.89,11005.0,3090.0,8.92,13330.0,3728.8,⏸️ 平量滯漲 (拋壓增大，高位見頂),-8.090422367638306,0.83,🟢60日 🔵120日,-0.3299999999999983,39.88380396238154,40.40,📉 下降,,,5.651129105216,8.806331936156862,,🔄 持平 (0.0%),💤 籌碼沉澱中,🔄 今日量縮持平,,,,,,,,,,,,,,,,,,,,,8.08,36.6,279.0,578.0,7770.2,448.0,1604.0,12476.8,,,12577.0,44441.0,🚀 劇增,1.51,8.92,🚀 劇增,2.23,9.99,🚀 劇增,2.46,10.080000000000002,🚀 劇增,2.3,9.530000000000001,雙引擎 | 長短線,,,,,6.56,0,0.0,🔄 持平,0.0,0.0,➖ 持平,2,4,2398.0
3008,大立光,光電業,09/17,6020.0,-3.29,2145.0,13217.0,32.1,2441.0,15218.8,🥀 平量價縮 (下跌中繼，弱反彈信號),-13.546572475143904,0.87,,0.0,,26.80,🔄 持平,,,,,,🔄 持平 (0%),🚨 轉賣反轉 (-0.01%),💤 籌碼沉澱中,,,,-0.13,-8.68,-5.0,-371.0,-3010.0,-5.48,-28.8,-226.0,-1578.0,-136052.0,,,,,,,,,,,,,,,,-139237.0,-1005710.0,,,↘️ 微減,-0.14,0.9099999999999999,📉 小減,-0.85,0.22000000000000006,📉 小減,-0.93,0.6399999999999999,📈 小增,0.78,4.71,,,,,,19.0,0,0.0,🔄 持平,0.4,0.0,➖ 持平,4,4,2423.0
3010,華立,電子通路業,09/17,124.0,1.22,311.0,38.6,11.1,346.0,42.94,⏸️ 平量滯漲 (拋壓增大，高位見頂),66.3793103448276,0.9,,0.0,,19.50,🔄 持平,,,,,,,,,,,,,,,,,,,,,,,,,,,,,,,,,,,,,,,,,↘️ 微減,-0.19,-0.20000000000000007,↘️ 微減,-0.12,0.12999999999999998,↗️ 微增,0.11,0.96,↘️ 微減,-0.26,0.9800000000000001,,,,,,9.89,0,0.0,🔄 持平,0.0,0.0,➖ 持平,2,4,390.0
3011,今皓,電子零組件業,09/17,9.97,3.42,1212.0,12.0,,859.0,8.48,⚖️ 溫和震盪整理,96.078431372549,1.42,🔴5日,-0.03000000000000025,3.07,3.10,📉 下降,0.36999999999999966,,,,🔄 持平 (0%),,🔥 持續加碼 (0.01%),,🌐 外資日連買(4)-🆕 試單觀察 | 🌐 外資週連買(2)-🌱 週線發動,,,,,,,,,,,,,,,,,,,,,,,,,,,,,,,,↘️ 微減,-0.09,-0.05000000000000002,↘️ 微減,-0.09,-0.05000000000000002,↘️ 微減,-0.05,0.9400000000000001,↗️ 微增,0.38,0.10999999999999993,,,,,,9.59,0,0.0,🔄 持平,-0.04,0.0,➖ 持平,4,4,744.0
3013,晟銘電,電腦及週邊設備業,09/17,82.5,-0.36,431.0,35.8,15.2,786.0,66.7,⚖️ 溫和震盪整理,15.112540192926026,0.54,,0.0,,4.00,🔄 持平,,,,,,🔄 持平 (0.0%),,🔄 今日量縮持平,,,,,,,,,,,12.0,-300.0,99.0,,,,,,,,,,,,,,,,99.7,-2543.0,,,↘️ 微減,-0.38,0.46,⚠️ 大減,-1.24,0.4,↘️ 微減,-0.47,0.8000000000000002,📉 小減,-0.54,0.21999999999999992,,,,,,16.8,29.1,0.0,🔄 持平,-0.3,0.0,➖ 持平,3,4,657.0
3014,聯陽,半導體業,09/17,133.5,0.75,1161.0,155.0,13.1,627.0,82.76,⚠️ 放量滯漲 (拋壓增大，即將見頂反轉),50.48543689320388,1.87,🔴5日 🟡20日 🔵120日,0.23256612339443805,22.14631327317904,19.70,🪜 階梯吸籌 | 📈 上升 | 🚀 衝進🟡20日榜單,0.6895729846400229,0.5447490018386034,,4.133801357616239,⚠️ 趨緩 (30.3%),⚠️ 趨緩 (1.8%),🔥 持續加碼 (0.21%),🔥 持續加碼 (0.01%),🌐 外資日連買(7)-⚡ 買盤點火 | 🏦 投信日連買(11)-🔥 波段認養 | 🌐 外資週連買(2)-🌱 週線發動 | 🏦 投信週連買(3)-🌱 週線發動,🔥 點火,,,,-34.0,-130.0,-453.9,,,,,,,,,,,,,,,,,,,,,,,,,↗️ 微增,0.09,0.4400000000000001,↗️ 微增,0.1,0.4500000000000002,↗️ 微增,0.1,-0.2799999999999999,↘️ 微減,-0.11,-0.060000000000000275,,,,,,9.6,0,0.0,🔄 持平,-0.07,0.0,➖ 持平,7,4,679.0
3015,全漢,電子零組件業,09/17,51.4,0.98,288.0,14.8,20.2,287.0,14.74,⏸️ 平量滯漲 (拋壓增大，高位見頂),-1.3333333333333308,1.0,,0.0,,9.40,🔄 持平,,,,,,⚠️ 趨緩 (2.08%),,🔄 今日量縮持平,🌐 外資日連買(2)-🆕 試單觀察 | 🏦 投信週連買(3)-🌱 週線發動,,,,,,,,,,,,,,,,,,,,,,,,,,,,10.3,-510.0,,,↘️ 微減,-0.49,0.6599999999999999,↗️ 微增,0.48,0.11000000000000007,↗️ 微增,0.47,1.1800000000000002,↗️ 微增,0.14,0.28,,,,,,27.3,16.2,0.0,🔄 持平,0.1,0.0,➖ 持平,8,4,357.0
3016,嘉晶,半導體業,09/17,115.5,0.0,24388.0,2860.0,95.5,23129.0,2600.8,⏸️ 平量滯漲 (拋壓增大，高位見頂),32.776230269266485,1.1,,-4.122924706037152,,3.80,📉 下降,,,,,,🔄 持平 (0.0%),💤 籌碼沉澱中,💤 籌碼沉澱中,,,,,,,,,,,,,,0.72,188.0,12.0,1095.0,138.6,12.3,41.9,8.42,91.9,1251.0,3362.0,14449.0,481.0,2966.0,5555.6,,,5642.0,33115.0,🚀 劇增,1.5,0.5000000000000001,🔥 大增,1.49,0.22999999999999982,📈 小增,0.74,-0.28,🔥 大增,1.27,0.22000000000000003,雙引擎 | 長短線,,,,,52.8,0,0.0,🔄 持平,-5.1,0.0,➖ 持平,2,2,1343.0
3017,奇鋐,電腦及週邊設備業,09/17,3185.0,0.31,3034.0,9847.0,42.4,2665.0,8622.8,⏸️ 平量滯漲 (拋壓增大，高位見頂),13.28808099401748,1.14,🟡20日 🟢60日,-0.027139421719461154,59.15028214974672,54.30,📉 下降,,0.727900450077307,4.343630223528606,,,🔄 持平 (0%),💤 籌碼沉澱中,💤 籌碼沉澱中,🏦 投信日連買(2)-🆕 試單觀察,,,,,,,,,,7.0,-130.0,2229.5,,,,,,,,,,,,,,,,2272.0,-41872.0,,,↘️ 微減,-0.49,2.34,↘️ 微減,-0.27,2.5599999999999996,↗️ 微增,0.09,2.2300000000000004,↘️ 微減,-0.3,2.25,,2.05,3200.09,3430.0,🛡️ 防守成功,13.8,2.17,-0.1,🚨 減/大減,-0.3,0.01,↗️ 微增,8,4,2843.0
3018,隆銘綠能,其他電子業,09/17,11.65,-2.1,49.0,0.57,,42.0,0.48,🥀 平量價縮 (下跌中繼，弱反彈信號),7.547169811320731,1.19,,,,0.40,,,,,,,,,,,,,,,,,,,,,,,,,,,,,,,,,,,,,,,,,,🔄 持平,0.0,0.0,🔄 持平,-0.0,0.07,🔄 持平,-0.0,0.07,🔄 持平,-0.0,0.07,,,,,,19.0,18.8,0.0,🔄 持平,0.0,0.0,➖ 持平,2,4,40.0
3019,亞光,光電業,09/17,136.5,-0.73,2606.0,357.0,23.0,3391.0,461.0,⏸️ 平量滯漲 (拋壓增大，高位見頂),-56.72727272727273,0.77,🟡20日 🟢60日 🔵120日,-0.13000000000000078,9.648904754593012,9.00,📉 下降 | 🚀 衝進🟢60日榜單,,0.8207162197608753,1.549789073280424,4.107471386134232,,,💤 籌碼沉澱中,,,,,,,,,,,,,,,17.4,135.0,16.0,62.0,218.4,,,,,,,,67.0,921.0,914.6,,,918.0,12365.0,📉 小減,-0.91,2.2199999999999998,📉 小減,-0.58,2.89,📉 小減,-0.53,3.6399999999999997,↘️ 微減,-0.42,2.71,,,,,,13.5,0,0.0,🔄 持平,0.0,0.0,➖ 持平,3,3,3046.0
3021,鴻名,電子零組件業,09/17,26.3,-2.95,3738.0,101.0,35.1,1286.0,33.86,🛡️ 放量小跌 (見底信號，越跌越買反轉),173.71273712737127,2.98,,0.0,,3.90,🔄 持平,,,,,,,,,,,,,,,,,,,,,,,,,,,2.02,28.6,,,16.0,180.0,42.1,,,,,,,,🔄 持平,0.0,0.12000000000000001,🔄 持平,-0.0,0.97,🔄 持平,-0.0,0.15,🔄 持平,-0.0,-0.33,,,,,,8.2,3.59,-0.06,↘️ 微減,-0.22,0.02,↗️ 微增,2,3,426.0
3022,威強電,電腦及週邊設備業,09/17,88.9,3.37,2348.0,209.0,11.8,1287.0,111.4,⚖️ 溫和震盪整理,333.609958506224,1.88,🔴5日 🟢60日 🔵120日,0.5199999999999996,20.21142762488704,21.50,📈 上升,0.9292842492536266,,2.8384696535556877,6.793064140270383,🔥 強延續 (39.3%),,🔥 持續加碼 (0.52%),,,🔥 點火,,,,-132.0,-288.0,-1173.5,,,,,,15.0,91.7,3.0,11.0,26.7,,,,,,,,,,,-62.4,-518.0,,,📉 小減,-0.63,0.7900000000000005,↘️ 微減,-0.16,0.2799999999999998,⚠️ 大減,-1.03,0.7200000000000002,⚠️ 大減,-1.1,-0.3600000000000001,,,,,,8.88,0,0.0,🔄 持平,0.0,0.0,➖ 持平,5,4,2083.0
3023,信邦,電子零組件業,09/17,317.0,-1.09,641.0,205.0,23.7,694.0,223.0,⏸️ 平量滯漲 (拋壓增大，高位見頂),-34.71337579617835,0.92,🟡20日 🔵120日,-0.02624245376372869,47.56584250610535,42.20,📉 下降,,0.5995949521415582,,5.4601075930607195,🔄 持平 (0%),🚨 劇烈倒貨 (-9.83%),💤 籌碼沉澱中,🚨 轉賣反轉 (-0.03%),🏦 投信週連買(2)-🌱 週線發動,,,,,,,,,,,,,,,,,,,,,,,,,,,,,,-1374.0,2451.0,↗️ 微增,0.22,1.4699999999999998,↘️ 微減,-0.16,-0.82,↘️ 微減,-0.13,0.44999999999999996,↗️ 微增,0.18,0.2499999999999999,雙引擎 | 長短線,,,,,7.25,10.2,0.0,🔄 持平,0.0,0.0,➖ 持平,4,3,958.0
3024,憶聲,光電業,09/17,14.8,2.07,1151.0,17.0,493.0,984.0,14.32,⚖️ 溫和震盪整理,154.11061285500747,1.19,,0.0,,3.20,🔄 持平,,,,,🔄 持平 (0%),,💤 籌碼沉澱中,,🌐 外資日連買(2)-🆕 試單觀察 | 🌐 外資週連買(2)-🌱 週線發動,,,,,,,,,,-33.0,-308.0,-48.8,,,,,,,,,,-97.0,108.0,-143.6,,,,,,,,📈 小增,0.77,1.5,📈 小增,0.77,2.21,📈 小增,0.8,1.2000000000000002,↗️ 微增,0.35,1.96,雙引擎 | 長短線,,,,,12.1,5.98,0.0,🔄 持平,-1.7,0.0,➖ 持平,2,4,914.0
3025,星通,通信網路業,09/17,51.2,1.19,120.0,6.15,10.8,80.0,4.05,⚠️ 放量滯漲 (拋壓增大，即將見頂反轉),127.77777777777777,1.52,,0.0,,3.30,🔄 持平,,,,,🔥 強延續 (35.8%),,💤 籌碼沉澱中,,🌐 外資日連買(2)-🆕 試單觀察 | 🌐 外資週連買(2)-🌱 週線發動,🔼 進駐,,,,,,,,,,,,,,,,,,,,,,,,,,,,,,,🔄 持平,0.0,0.0,🔄 持平,-0.0,0.0,↗️ 微增,0.07,-1.03,↗️ 微增,0.23,-0.009999999999999995,,,,,,12.9,0,0.0,🔄 持平,0.0,0.0,➖ 持平,3,4,102.0
3026,禾伸堂,電子零組件業,09/17,760.0,-1.55,13169.0,10445.0,74.1,10130.0,7767.2,🥀 平量價縮 (下跌中繼，弱反彈信號),72.30287033982184,1.34,🔴5日 🟢60日 🔵120日,0.17331156698368133,30.295010260695264,12.20,🪜 階梯吸籌 | ⚠️ 趨緩 | 🚀 衝進🔴5日榜單,0.3050671610624107,,2.166564596253295,8.970696475366335,,🔥 強延續 (5.71%),💤 籌碼沉澱中,🔥 持續加碼 (0.45%),🏦 投信日連買(10)-🔥 波段認養 | 🏦 投信週連買(3)-🌱 週線發動,,,,,,,,,,,,,14.1,27.1,65.0,112.0,4940.0,3.01,-0.67,3.74,19.0,,,,373.0,1648.0,28348.0,,,29585.0,127389.0,📉 小減,-0.58,-3.6800000000000006,🚀 劇增,2.69,-2.7500000000000004,🚀 劇增,3.5,-1.9600000000000002,🚀 劇增,2.43,-1.3199999999999998,,,,,,9.55,0,0.0,🔄 持平,0.0,0.0,➖ 持平,5,4,2837.0
3027,盛達,通信網路業,09/17,17.7,-0.28,79.0,1.4,,100.0,1.76,⏸️ 平量滯漲 (拋壓增大，高位見頂),35.92233009708736,0.8,,0.0,,1.80,🔄 持平,,,,,🔄 持平 (0%),,💤 籌碼沉澱中,,,,⚠️ 初危,,,,,,,,-60.0,-204.0,-106.2,,,,,,,,,,,,,,,,,,,,↘️ 微減,-0.01,-0.46,↘️ 微減,-0.01,-0.46,↗️ 微增,0.01,0.09000000000000005,↗️ 微增,0.45,0.5000000000000001,,,,,,14.4,0,0.1,📈 增,0.1,0.0,➖ 持平,2,4,660.0
3028,增你強,電子通路業,09/17,61.1,-0.16,1701.0,104.0,8.51,730.0,44.64,⚠️ 放量滯漲 (拋壓增大，即將見頂反轉),266.19718309859155,2.33,,,,9.60,,,,,,,🔄 持平 (0.0%),,🔄 今日量縮持平,🏦 投信週連買(2)-🌱 週線發動,,,,,,,,,,,,,-2.19,19.6,-3.0,22.0,-18.3,,,,,,,,148.0,490.0,904.3,,,906.0,2996.0,↘️ 微減,-0.32,-0.3599999999999999,↘️ 微減,-0.32,-1.4900000000000002,↘️ 微減,-0.33,-1.74,↘️ 微減,-0.48,-1.08,,,,,,13.2,0,0.0,🔄 持平,0.0,0.0,➖ 持平,2,4,381.0
3029,零壹,資訊服務業,09/17,116.0,-2.93,4143.0,484.0,16.7,9686.0,1158.6,📉 縮量小跌 (主力洗盤止跌，擇機進場),-66.38888888888889,0.42,🟢60日 🔵120日,0.3699999999999992,6.945916908748932,6.50,📈 上升,,,2.565658320891207,3.174742374387693,🔄 持平 (0%),,💤 籌碼沉澱中,,,,,,,,,,,,,,,-27.0,188.0,-17.0,30.0,-197.2,,,5.86,37.4,-287.0,943.0,-3329.2,379.0,1862.0,4396.4,,,4432.0,22197.0,↗️ 微增,0.26,1.5300000000000002,↗️ 微增,0.35,2.6799999999999997,↗️ 微增,0.45,2.0,📈 小增,0.65,2.82,雙引擎 | 長短線,,,,,12.9,9.26,0.0,🔄 持平,0.0,0.0,➖ 持平,3,3,267.0
3030,德律,其他電子業,09/17,264.0,0.57,434.0,116.0,20.0,465.0,121.84,⏸️ 平量滯漲 (拋壓增大，高位見頂),41.2911084043849,0.95,,,,9.60,,,,,,,🔄 持平 (0.0%),,🔄 今日量縮持平,,,,,,,,,,,,,,22.2,57.1,,,,,,,,,,,,,,1090.0,-862.0,,,↘️ 微減,-0.32,-0.5000000000000002,↘️ 微減,-0.38,0.19000000000000006,↘️ 微減,-0.38,-0.6500000000000001,📉 小減,-0.56,0.9299999999999999,,,,,,17.1,0,0.0,🔄 持平,-0.6,0.0,➖ 持平,4,4,208.0
3031,佰鴻,光電業,09/17,26.65,9.9,3776.0,98.1,29.0,1184.0,29.92,🚀 放量大漲 (量價齊升，持續看漲),480.47337278106517,3.28,🔴5日 🟡20日,0.3999999999999999,3.25,3.20,🪜 階梯吸籌 | 📈 上升 | 🚀 衝進🟡20日榜單,0.6299999999999999,0.43000000000000016,,,⚠️ 趨緩 (16.8%),,🔥 持續加碼 (0.37%),,🌐 外資日連買(2)-🆕 試單觀察,🔼 進駐,,,,,,,,,,,,18.8,111.0,3.0,10.0,8.0,9.06,8.15,,,473.0,429.0,1260.5,,,,,,,,📈 小增,0.59,0.43999999999999995,↗️ 微增,0.1,0.9799999999999999,↘️ 微減,-0.25,0.13,📈 小增,0.56,1.01,雙引擎 | 長短線,,,,,33.2,0,0.0,🔄 持平,0.0,0.0,➖ 持平,7,4,666.0
3032,偉訓,電子零組件業,09/17,76.1,6.28,482.0,36.1,,484.0,35.5,✈️ 平量大漲 (一致看漲無拋壓，加速上漲),193.4959349593496,1.02,,0.0,,1.00,🔄 持平,,,,,,,,,🌐 外資日連買(2)-🆕 試單觀察,,,,,40.0,-277.0,304.4,,,,,,,,,,,,,,,,,,,,,,,,,↘️ 微減,-0.07,0.05999999999999999,↘️ 微減,-0.09,-0.64,↘️ 微減,-0.11,-0.02000000000000013,↘️ 微減,-0.16,-0.6200000000000001,,,,,,36.0,13.7,0.0,🔄 持平,0.0,0.0,➖ 持平,2,4,309.0
3033,威健,電子通路業,09/17,41.8,0.72,3685.0,154.0,8.67,2494.0,103.52,⏸️ 平量滯漲 (拋壓增大，高位見頂),139.1304347826087,1.49,🔵120日,0.019999999999999574,20.755371497606248,20.50,🪜 階梯吸籌 | 📈 上升,,,,11.463127951095931,,,,,,,,-0.32,-6.35,-29.0,-607.0,-121.2,,,,,,,,,,,,,,,,,,137.0,183.0,572.7,,,,,🚨 劇減,-1.97,-2.5300000000000002,🚨 劇減,-1.81,-3.25,🚨 劇減,-2.1,-4.28,⚠️ 大減,-1.34,-3.7,,,,,,8.85,0,0.0,🔄 持平,-0.1,0.0,➖ 持平,6,4,2160.0
3034,聯詠,半導體業,09/17,545.0,-0.55,2264.0,1243.0,19.0,2964.0,1619.8,⏸️ 平量滯漲 (拋壓增大，高位見頂),-23.929008567931454,0.77,🟡20日 🟢60日 🔵120日,-0.043615379679884825,41.03331937388677,44.40,📉 下降,,2.111294122987182,6.453251125970148,10.140728630786079,⚠️ 趨緩 (9.71%),📉 調節洗盤 (-0.97%),🔥 持續加碼 (0.04%),🔄 今日量縮持平,🌐 外資日連買(2)-🆕 試單觀察 | 🌐 外資週連買(10)-👑 長線主控 | 🏦 投信週連買(5)-🚀 趨勢加溫,,,,,,,,,,,,,,,,,,,,,,,,,306.0,576.0,16677.0,,,16783.0,31301.0,↘️ 微減,-0.06,1.56,↘️ 微減,-0.21,1.31,↘️ 微減,-0.06,1.0699999999999998,↗️ 微增,0.33,0.8500000000000001,,,,,,1.78,0,0.0,🔄 持平,0.0,0.0,➖ 持平,7,4,4769.0
3035,智原,半導體業,09/17,179.0,3.17,3655.0,655.0,70.5,2520.0,438.6,⚖️ 溫和震盪整理,221.07843137254903,1.49,🔴5日 🟡20日 🔵120日,0.5199999999999996,16.22922979912137,14.10,🪜 階梯吸籌 | 📈 上升 | 🚀 衝進🔴5日榜單,0.5,1.3426021365017515,,8.487992445244156,,🔄 持平 (0%),🔥 持續加碼 (0.48%),💤 籌碼沉澱中,🌐 外資日連買(2)-🆕 試單觀察,,,,,,,,,,,,,,,,,,,,1.4,7.65,,,,155.0,795.0,2774.5,,,2777.0,13727.0,↘️ 微減,-0.42,-1.05,↘️ 微減,-0.12,0.2,📉 小減,-0.86,-1.0899999999999999,↘️ 微減,-0.4,-1.1,,,,,,14.1,0,0.0,🔄 持平,0.0,0.0,➖ 持平,4,2,985.0
3036,文曄,電子通路業,09/17,204.0,6.81,18950.0,3816.0,10.7,8362.0,1640.0,🚀 放量大漲 (量價齊升，持續看漲),162.2680412371134,2.33,🟡20日,0.24178259831269955,26.654230022842164,28.50,📈 上升,,1.6514784672538596,,,,🔥 強延續 (13.6%),,🔥 持續加碼 (0.19%),🏦 投信週連買(2)-🌱 週線發動,,,,,,,,2.41,-22.7,1558.0,-19494.0,31783.2,73.3,90.2,33.0,37.0,673.2,6.89,7.83,,,993.0,1119.0,20257.2,,,,31376.0,-371595.0,,,📈 小增,0.68,-2.01,📈 小增,0.75,-2.0799999999999996,📈 小增,0.66,-2.06,↗️ 微增,0.47,-1.97,雙引擎,0.41,201.32 / 201.35,205.5,🛡️ 防守成功,17.7,2.3,0.0,🔄 持平,0.1,0.0,➖ 持平,2,4,7947.0
3037,欣興,電子零組件業,09/17,940.0,-2.19,16743.0,16137.0,61.1,12568.0,12102.8,🥀 平量價縮 (下跌中繼，弱反彈信號),42.36435818262021,1.33,🟡20日 🟢60日 🔵120日,-0.03254906341456376,51.30288983974058,40.90,📉 下降,,1.156191556278948,3.8987902395960816,4.515252699998179,,🔄 持平 (0%),💤 籌碼沉澱中,💤 籌碼沉澱中,🌐 外資週連買(7)-🚀 趨勢加溫,,,,,,,,5.52,-15.8,204.0,-731.0,19176.0,,,,,,,,,,,,,,,,19662.0,-69658.0,,,↗️ 微增,0.24,3.3,↗️ 微增,0.08,3.34,↗️ 微增,0.16,3.2299999999999995,↗️ 微增,0.26,3.8100000000000005,雙引擎 | 長短線,,,,,13.9,0,0.0,🔄 持平,-0.7,0.0,➖ 持平,5,3,14115.0
3038,全台,光電業,09/17,20.4,1.49,182.0,3.7,13.8,198.0,3.97,⏸️ 平量滯漲 (拋壓增大，高位見頂),107.86516853932584,0.93,,,,8.10,,,,,,,,,,🌐 外資日連買(3)-🆕 試單觀察,,,-0.08,-9.04,,,,-0.08,-11.7,-1.0,-169.0,-2.0,,,,,,,,,,,,,,,,,,,,↗️ 微增,0.04,0.08,↗️ 微增,0.04,0.08,↘️ 微減,-0.37,0.13,↘️ 微減,-0.44,-0.33,,,,,,18.1,0,0.0,🔄 持平,-0.1,0.0,➖ 持平,5,4,777.0
3040,遠見,其他業,09/17,33.7,-0.88,303.0,10.3,,322.0,10.89,⏸️ 平量滯漲 (拋壓增大，高位見頂),13.938053097345149,0.95,,,,1.00,,,,,,,,,,🌐 外資日連買(3)-🆕 試單觀察,,,,,-81.0,-333.0,-273.0,,,,,,,,,,,,,,,,,,,,,,,,,📈 小增,0.76,0.39999999999999997,📈 小增,0.76,0.39999999999999997,📈 小增,0.76,0.39999999999999997,↗️ 微增,0.07,-0.36000000000000004,雙引擎,,,,,0.53,0,-35.87,🚨 減/大減,-37.67,-99.4,🌟 遽減,18,4,1315.0
3041,揚智,半導體業,09/17,22.45,0.67,356.0,8.05,,386.0,8.69,⏸️ 平量滯漲 (拋壓增大，高位見頂),27.172195892575047,0.93,,0.0,,4.90,🔄 持平,,,,,,,,,🌐 外資日連買(2)-🆕 試單觀察,,,,,,,,,,,,,,,,,,,,,,,,,,,,,,,,📈 小增,0.79,0.9700000000000001,↗️ 微增,0.14,0.3400000000000001,↘️ 微減,-0.35,0.33999999999999997,↘️ 微減,-0.32,0.37000000000000005,,,,,,17.8,53.9,0.0,🔄 持平,1.3,0.8,↗️ 微增,5,4,550.0
3042,晶技,電子零組件業,09/17,178.5,-3.77,12530.0,2298.0,30.8,9347.0,1699.2,🥀 平量價縮 (下跌中繼，弱反彈信號),-8.809523809523812,1.35,🔴5日 🟡20日 🟢60日 🔵120日,0.3158885137911511,19.725136734186894,23.00,🪜 階梯吸籌 | ⚠️ 趨緩,1.8327391464240819,3.0444654462321346,4.4607520815637915,6.348949999561359,⚠️ 趨緩 (8.37%),🔄 持平 (0%),🔥 持續加碼 (0.31%),💤 籌碼沉澱中,🌐 外資日連買(5)-⚡ 買盤點火,,,,,,,,0.21,-8.22,24.0,-1050.0,428.4,,,,,,0.08,3.03,,,11.0,409.0,196.4,,,,440.0,-18891.0,,,🚀 劇增,1.78,0.6799999999999997,🔥 大增,1.23,-0.9299999999999997,📈 小增,0.88,-0.8899999999999999,↘️ 微減,-0.07,-1.8799999999999994,,,,,,5.35,12.6,0.0,🔄 持平,-0.13,0.0,➖ 持平,5,3,3866.0
3043,科風,其他電子業,09/17,20.45,0.0,65.0,1.33,,55.0,1.12,⏸️ 平量滯漲 (拋壓增大，高位見頂),16.666666666666675,1.19,,-2.21,,2.20,📉 下降,,,,,🔄 持平 (0%),,,,🌐 外資日連買(2)-🆕 試單觀察 | 🌐 外資週連買(2)-🌱 週線發動,,,,,,,,,,,,,,,,,,,,,,,,,,,,,,,,🔄 持平,0.0,0.0,🔄 持平,-0.0,0.0,🔄 持平,-0.0,1.81,🔄 持平,-0.0,1.6900000000000002,,,,,,1.15,0,0.0,🔄 持平,0.0,0.0,➖ 持平,3,4,161.0
3044,健鼎,電子零組件業,09/17,502.0,-0.4,4794.0,2443.0,21.5,3279.0,1655.2,⏸️ 平量滯漲 (拋壓增大，高位見頂),45.157456922162794,1.48,,0.0,,48.10,🔄 持平,,,,,,📉 調節洗盤 (-0.46%),,🔄 今日量縮持平,🏦 投信週連買(8)-🚀 趨勢加溫,,,,,,,,,,,,,,,,,,,,,,,,,,,,,,1835.0,5825.0,↘️ 微減,-0.35,-1.4,↘️ 微減,-0.05,-1.29,↘️ 微減,-0.24,-0.35,↘️ 微減,-0.12,0.13,,,,,,4.92,0,0.0,🔄 持平,0.0,0.0,➖ 持平,2,4,1991.0
3045,台灣大,通信網路業,09/17,124.0,-0.4,5985.0,741.0,23.3,7046.0,864.4,⏸️ 平量滯漲 (拋壓增大，高位見頂),-27.49510763209393,0.86,🔴5日 🟡20日 🟢60日 🔵120日,0.02136976668816004,23.86418243235649,18.80,🪜 階梯吸籌 | ⚠️ 趨緩,0.2801584046247463,1.7598653821983383,4.849836962663165,7.820701131280181,⚠️ 趨緩 (12.7%),⚠️ 趨緩 (0.85%),🔥 持續加碼 (0.02%),🔄 今日量縮持平,🌐 外資日連買(24)-🔥 波段認養 | 🏦 投信日連買(2)-🆕 試單觀察 | 🌐 外資週連買(5)-🚀 趨勢加溫 | 🏦 投信週連買(5)-🚀 趨勢加溫,,,,,,,,,,,,,10.8,155.0,41.0,255.0,508.4,-3.59,910.0,,,-44.0,1065.0,-545.6,81.0,1807.0,1004.4,,,1002.0,22254.0,↗️ 微增,0.14,0.0,↗️ 微增,0.17,0.13000000000000006,↗️ 微增,0.08,0.1900000000000001,↗️ 微增,0.13,0.2,雙引擎,,,,,3.65,31.3,0.0,🔄 持平,-2.38,0.0,➖ 持平,4,4,15596.0
3046,建碁,電腦及週邊設備業,09/17,53.2,2.11,238.0,12.6,11.0,231.0,12.08,⚖️ 溫和震盪整理,44.827586206896555,1.04,,0.0,,5.00,🔄 持平,,,,,,,,,,,,,,,,,,,,,,0.0,150.0,,,,,,,,,,,,,,,,,,🔄 持平,0.0,1.34,⚠️ 大減,-1.06,1.33,📉 小減,-0.97,1.3299999999999998,📉 小減,-0.9,1.46,,,,,,43.7,0,0.0,🔄 持平,0.0,0.0,➖ 持平,2,2,150.0
3047,訊舟,通信網路業,09/17,13.85,1.84,750.0,10.3,,412.0,5.6,⚖️ 溫和震盪整理,231.1897106109325,1.84,,-2.9122245792083854,,2.90,📉 下降,,,,,🔥 強延續 (41.1%),,🔥 持續加碼 (0.14%),,🌐 外資日連買(2)-🆕 試單觀察 | 🌐 外資週連買(2)-🌱 週線發動,🔼 進駐,,,,,,,-3.84,-7.83,-301.0,-640.0,-416.9,,,,,,,,,,,,,,,,-415.0,-873.0,,,↘️ 微減,-0.11,-0.14,↘️ 微減,-0.11,-0.13,↘️ 微減,-0.12,0.13999999999999996,↗️ 微增,0.11,-0.19,,,,,,3.31,0,0.0,🔄 持平,-0.1,0.0,➖ 持平,5,4,585.0
3048,益登,電子通路業,09/17,50.4,0.0,2038.0,103.0,10.7,1024.0,51.54,⚠️ 放量滯漲 (拋壓增大，即將見頂反轉),224.92113564668773,2.0,🔵120日,-0.02999999999999936,5.480344291112641,5.50,📉 下降,,,,3.3103706039963847,,,,,,,,,,-29.0,-310.0,-146.2,,,-168.0,-270.0,-846.7,,,,,,,,,,,,,,,,-848.0,-1363.0,,,🔄 持平,0.0,-3.43,↘️ 微減,-0.04,-3.74,↗️ 微增,0.21,-3.18,↘️ 微減,-0.13,-2.8000000000000003,,,,,,29.3,0,0.0,🔄 持平,0.0,0.0,➖ 持平,2,4,477.0
3049,精金,光電業,09/17,12.0,-0.41,3711.0,45.0,35.3,4010.0,49.6,⏸️ 平量滯漲 (拋壓增大，高位見頂),57.34265734265733,0.91,,-2.088005013722208,,2.10,📉 下降,,,,,,,💤 籌碼沉澱中,,,,,,,,,,,,,,,17.5,147.0,7.0,28.0,8.4,,,1.26,8.11,,,,142.0,858.0,170.4,,,,,↗️ 微增,0.33,0.059999999999999956,↗️ 微增,0.22,-0.19,↗️ 微增,0.22,-0.12999999999999998,↗️ 微增,0.13,-0.21999999999999995,雙引擎,,,,,35.9,0,0.0,🔄 持平,0.0,0.0,➖ 持平,2,3,3340.0
3050,鈺德,光電業,09/17,11.3,1.35,628.0,7.07,21.7,343.0,3.85,⚠️ 放量滯漲 (拋壓增大，即將見頂反轉),114.89361702127661,1.84,🟡20日,0.09999999999999964,5.96,6.00,📈 上升,,0.5800000000000001,,,,,,,,,,,,,,,,,,,,,,,,,,,,,,,,,,,,,,,🔄 持平,0.0,0.7,↗️ 微增,0.05,1.2300000000000002,↘️ 微減,-0.34,-0.08000000000000002,📈 小增,0.61,0.56,,,,,,29.3,21.1,0.0,🔄 持平,0.0,0.0,➖ 持平,2,4,588.0
3051,力特,光電業,09/17,21.7,2.12,487.0,10.6,12.3,524.0,11.22,⚖️ 溫和震盪整理,62.32771822358345,0.94,,0.0,,3.20,🔄 持平,,,,,,,,,🌐 外資日連買(2)-🆕 試單觀察,,,,,,,,,,,,,,,,,,,,,,,,,,,,,,,,↘️ 微減,-0.25,0.57,📉 小減,-0.72,-0.02999999999999997,↘️ 微減,-0.3,-0.16,↗️ 微增,0.47,0.75,,,,,,10.7,6.16,0.0,🔄 持平,-0.1,-1.4,✅ 大減,2,3,351.0
3052,夆典,建材營造業,09/17,10.35,0.49,418.0,4.31,9.16,240.0,2.48,⚠️ 放量滯漲 (拋壓增大，即將見頂反轉),278.0701754385965,1.74,,,,1.70,,,,,,,,,,,,,-0.34,-7.59,-6.0,-145.0,-6.2,2.94,-25.7,22.0,-266.0,22.8,,,,,,,,,,,,,,,,,,,,↗️ 微增,0.03,0.76,↗️ 微增,0.03,0.32,📉 小減,-0.54,-0.10000000000000014,↘️ 微減,-0.13,0.54,,,,,,7.95,0,0.0,🔄 持平,0.0,0.0,➖ 持平,3,4,600.0
3054,立萬利,食品工業,09/17,57.1,2.7,98.0,5.58,11.7,55.0,3.11,⚖️ 溫和震盪整理,40.90909090909092,1.79,,,,0.50,,,,,,🔥 強延續 (41.7%),,,,🌐 外資日連買(2)-🆕 試單觀察 | 🌐 外資週連買(2)-🌱 週線發動,,,,,,,,,,,,,,,,,,,,,,,,,,,,,,,,🔄 持平,0.0,0.0,🔄 持平,-0.0,0.0,🔄 持平,-0.0,0.0,📈 小增,0.51,0.53,,,,,,59.1,0,0.0,🔄 持平,0.0,0.0,➖ 持平,4,4,73.0
3055,蔚華科,電子通路業,09/17,161.0,-1.83,1552.0,255.0,,3606.0,570.2,📉 縮量小跌 (主力洗盤止跌，擇機進場),-1.9230769230769273,0.45,,0.0,,1.40,🔄 持平,,,,,,,,,🌐 外資日連買(4)-🆕 試單觀察,,,,,,,,,,,,,,,,,,,,,,,,,,,,,,,,⚠️ 大減,-1.08,-6.57,↘️ 微減,-0.22,-6.49,↘️ 微減,-0.28,-6.7299999999999995,↘️ 微減,-0.09,-5.8500000000000005,,,,,,30.9,47.4,0.0,🔄 持平,0.0,0.0,➖ 持平,3,2,294.0
3056,富華新,建材營造業,09/17,14.05,2.18,666.0,9.27,,509.0,6.99,⚖️ 溫和震盪整理,81.40900195694714,1.33,,0.0,,4.10,🔄 持平,,,,,🔥 強延續 (69.9%),,,,🌐 外資日連買(3)-🆕 試單觀察 | 🌐 外資週連買(2)-🌱 週線發動,🔼 進駐,,,,,,,,,,,,,,,,,,,,,,,,,,,,,,,↘️ 微減,-0.16,0.75,↗️ 微增,0.04,1.08,↗️ 微增,0.04,0.9099999999999999,↗️ 微增,0.14,0.8800000000000001,,,,,,10.7,0,0.0,🔄 持平,0.1,0.0,➖ 持平,8,4,1748.0
3057,喬鼎,電腦及週邊設備業,09/17,16.25,1.56,123.0,2.0,,91.0,1.48,⚖️ 溫和震盪整理,80.18018018018016,1.35,,,,2.40,,,,,,,,,,🌐 外資日連買(2)-🆕 試單觀察,,,,,,,,,,,,,,,,,,,,,,,,,,,,,,,,🔄 持平,0.0,0.34,🔄 持平,-0.0,0.34,🔄 持平,-0.0,0.4,↗️ 微增,0.01,0.41000000000000003,,,,,,14.5,0,0.0,🔄 持平,0.3,0.0,➖ 持平,2,4,192.0
3058,立德,電子零組件業,09/17,8.04,1.01,489.0,3.92,,376.0,3.02,⏸️ 平量滯漲 (拋壓增大，高位見頂),71.9298245614035,1.3,,0.0,,2.20,🔄 持平,,,,,🔄 持平 (0%),,💤 籌碼沉澱中,,,,,,,,,,,,,,,,,,,,,,,,,,,,,,,,,,↘️ 微減,-0.01,-0.41,↘️ 微減,-0.01,-0.93,↘️ 微減,-0.4,-0.93,↗️ 微增,0.1,-0.13999999999999999,,,,,,2.75,0,0.86,📈 增,-1.11,0.0,➖ 持平,2,4,276.0
3059,華晶科,光電業,09/17,38.3,1.19,1585.0,60.5,30.4,1040.0,39.1,⚠️ 放量滯漲 (拋壓增大，即將見頂反轉),130.0380228136882,1.55,🔴5日,0.08999999999999897,8.061978077669917,7.70,📈 上升,0.26625128253090313,,,,,🔄 持平 (0.0%),,🔄 今日量縮持平,🌐 外資日連買(4)-🆕 試單觀察 | 🏦 投信週連買(6)-🚀 趨勢加溫,,,,,,,,,,,,,28.6,200.0,2.0,6.0,7.7,,,,,,,,,,,,,,,↘️ 微減,-0.09,-0.19999999999999993,↗️ 微增,0.2,-0.1800000000000001,📉 小減,-0.54,-0.6400000000000001,📉 小減,-0.75,-0.7599999999999998,,,,,,7.22,53.2,0.0,🔄 持平,0.06,0.0,➖ 持平,10,4,793.0
3060,銘異,電腦及週邊設備業,09/17,26.65,2.11,1709.0,45.7,39.8,842.0,22.24,⚖️ 溫和震盪整理,352.47524752475255,2.05,,0.0,,10.00,🔄 持平,,,,,,,,,🌐 外資日連買(2)-🆕 試單觀察,,,,,,,,,,,,,100.0,100.0,,,,,,,,,,,,,,,,,,📉 小減,-0.61,-2.57,↗️ 微增,0.1,-1.8300000000000003,↗️ 微增,0.42,-0.7699999999999999,↘️ 微減,-0.06,-1.5699999999999998,,,,,,1.76,0,0.01,↗️ 微增,0.29,0.0,➖ 持平,3,4,248.0
3062,建漢,通信網路業,09/17,21.2,1.92,1210.0,25.6,,931.0,19.18,⚖️ 溫和震盪整理,66.23376623376625,1.33,🔴5日,0.0,9.888766669420129,9.90,📈 上升 | 🔄 洗盤回歸,0.41999999999999993,,,,🔥 強延續 (35.9%),,🔥 持續加碼 (0.13%),,🌐 外資日連買(2)-🆕 試單觀察 | 🌐 外資週連買(2)-🌱 週線發動,🔼 進駐,,,,-96.0,-133.0,-203.5,,,25.0,-110.0,53.0,,,,,,,,,,,,,,,,,,,,↗️ 微增,0.49,1.0499999999999998,↗️ 微增,0.24,0.19999999999999998,↗️ 微增,0.24,0.5800000000000001,↗️ 微增,0.11,0.64,雙引擎 | 長短線,,,,,3.81,0,0.18,📈 增,0.18,0.0,➖ 持平,18,4,2808.0
3090,日電貿,電子零組件業,09/17,160.0,-2.14,2961.0,479.0,20.8,2969.0,484.2,🥀 平量價縮 (下跌中繼，弱反彈信號),88.58267716535433,0.99,🔵120日,0.02000000000000135,11.24755630815272,7.70,🪜 階梯吸籌 | ⚠️ 趨緩,,,,4.593432553057607,,🔄 持平 (0.0%),💤 籌碼沉澱中,🔄 今日量縮持平,,,,,,37.0,-360.0,592.0,,,,,,42.1,89.5,32.0,51.0,512.0,,,,,,,,,,,,,,,↘️ 微減,-0.42,-7.420000000000001,↘️ 微減,-0.12,-6.43,↗️ 微增,0.15,-5.66,↗️ 微增,0.15,-6.28,,,,,,37.6,0,0.0,🔄 持平,33.62,0.0,➖ 持平,3,2,1629.0
3092,鴻碩,電子零組件業,09/17,22.15,-0.89,226.0,5.01,,218.0,4.89,⏸️ 平量滯漲 (拋壓增大，高位見頂),-33.02139037433156,1.02,,0.0,,2.10,🔄 持平,,,,,🔄 持平 (0%),,💤 籌碼沉澱中,,🌐 外資日連買(2)-🆕 試單觀察 | 🌐 外資週連買(8)-🚀 趨勢加溫,,,,,,,,-0.04,-11.6,-1.0,-325.0,-2.2,,,,,,,,,,6.0,70.0,13.3,,,,-2.22,-745.0,,,🔄 持平,0.0,0.02,🔄 持平,-0.0,0.02,↗️ 微增,0.04,0.04999999999999993,↘️ 微減,-0.34,-0.29,,,,,,8.27,0,0.0,🔄 持平,-0.01,0.0,➖ 持平,12,4,382.0
3094,聯傑,半導體業,09/17,47.0,5.5,11575.0,536.0,75.8,6434.0,284.86,🚀 放量大漲 (量價齊升，持續看漲),106.94980694980694,1.88,🔴5日 🟡20日 🟢60日 🔵120日,0.6300000000000008,8.730105874737745,8.70,🪜 階梯吸籌 | ⚠️ 趨緩,1.5600000000000005,6.6000000000000005,2.4000000000000004,6.2700000000000005,,,🔥 持續加碼 (0.63%),,🌐 外資日連買(2)-🆕 試單觀察,,,,,,,,,,,,,45.7,77.9,53.0,74.0,249.1,12.6,13.6,,,503.0,536.0,2364.1,,,,,,,,🚀 劇增,2.98,3.0199999999999996,🚀 劇增,1.96,3.0100000000000007,🚀 劇增,1.96,3.0100000000000007,🚀 劇增,4.1,5.85,雙引擎 | 長短線,,,,,10.7,0,0.0,🔄 持平,0.0,0.0,➖ 持平,2,4,5349.0
3130,一零四,數位雲端,09/17,208.0,-0.24,37.0,7.73,12.5,33.0,6.95,⏸️ 平量滯漲 (拋壓增大，高位見頂),183.15018315018315,1.11,,,,14.50,,,,,,,,,,,,⚠️ 初危,,,,,,,,,,,,,,,,71.4,71.4,,,,,,,,,,,,,↗️ 微增,0.04,-4.22,↗️ 微增,0.04,-4.22,↘️ 微減,-0.07,-2.3200000000000003,↘️ 微減,-0.07,-2.3200000000000003,,,,,,14.7,0,0.0,🔄 持平,0.0,0.0,➖ 持平,1,4,56.0
3135,凌航,半導體業,09/17,161.5,-0.31,488.0,79.5,6.28,592.0,95.38,⏸️ 平量滯漲 (拋壓增大，高位見頂),12.765957446808507,0.83,,0.0,,1.00,🔄 持平,,,,,,,,,,,,,,-37.0,-165.0,-597.6,,,,,,,,,,,,,,,,,,,,,,,342.0,1671.0,↘️ 微減,-0.09,-0.6199999999999999,↘️ 微減,-0.1,-1.63,↘️ 微減,-0.1,-1.63,↗️ 微增,0.35,-1.31,,,,,,38.1,9.29,0.0,🔄 持平,-8.0,3.69,⚠️ 大增,2,4,196.0
3138,耀登,通信網路業,09/17,104.5,9.88,2115.0,215.0,39.9,529.0,52.57,🚀 放量大漲 (量價齊升，持續看漲),1081.3186813186815,4.09,🟢60日,-0.75,4.08,4.10,📉 下降,,,1.8599999999999999,,,,,,,,,,,,,,,,,,,14.3,33.3,4.0,8.0,41.8,8.21,8.21,,,167.0,167.0,1745.2,,,,,,,,🔄 持平,0.0,0.0,🔄 持平,-0.0,0.0,🚀 劇增,2.26,3.3499999999999996,↗️ 微增,0.43,1.5100000000000002,,,,,,11.1,0,0.0,🔄 持平,-1.3,0.0,➖ 持平,2,4,64.0
3149,正達,光電業,09/17,62.0,1.14,7435.0,468.0,,4451.0,275.0,⚠️ 放量滯漲 (拋壓增大，即將見頂反轉),187.1165644171779,1.7,🔴5日,0.06000000000000005,3.4,3.40,📈 上升,0.6000000000000001,,,,,,💤 籌碼沉澱中,,🌐 外資日連買(2)-🆕 試單觀察,,,,,,,,,,,,,,,,,,,,0.8,9.33,236.0,767.0,1463.2,59.0,633.0,365.8,,,372.0,3854.0,🔥 大增,1.08,5.41,📈 小增,0.68,4.58,↗️ 微增,0.2,4.290000000000001,↗️ 微增,0.16,4.789999999999999,雙引擎 | 長短線,,,,,0.97,0,-0.22,🚨 減/大減,-0.45,0.0,➖ 持平,3,4,2547.0
3164,景岳,生技醫療業,09/17,15.8,-0.32,30.0,0.47,19.5,12.0,0.2,⚠️ 放量滯漲 (拋壓增大，即將見頂反轉),291.66666666666663,2.35,,,,0.60,,,,,,🔄 持平 (0%),,,,,,,,,,,,0.0,-9.51,,,,,,,,,,,,,,,,,,,,,,,🔄 持平,0.0,0.0,🔄 持平,-0.0,0.09,🔄 持平,-0.0,0.7799999999999999,🔄 持平,-0.0,0.15,,,,,,11.8,79.7,0.0,🔄 持平,0.0,0.0,➖ 持平,2,4,13.0
3167,大量,電機機械,09/17,817.0,-0.85,4547.0,3735.0,57.1,3997.0,3266.2,⏸️ 平量滯漲 (拋壓增大，高位見頂),52.26253567060741,1.14,🟡20日,0.10928750985703317,17.773141845400712,10.80,📈 上升,,1.1990883803202372,,,🔄 持平 (0%),🔥 強延續 (5.5%),💤 籌碼沉澱中,🔥 持續加碼 (0.28%),🏦 投信日連買(3)-🆕 試單觀察 | 🏦 投信週連買(2)-🌱 週線發動,,,,,,,,9.65,-7.84,243.0,-235.0,19853.1,,,,,,-1.65,0.62,,,,,,,,,19962.0,-18882.0,,,🚀 劇增,6.34,-2.24,🚀 劇增,5.36,-0.3499999999999996,🚀 劇增,3.92,-1.9,🚀 劇增,3.61,-0.8600000000000002,雙引擎,,,,,5.08,0,-3.13,🚨 減/大減,-3.43,0.0,➖ 持平,3,4,1217.0
3168,眾福科,光電業,09/17,42.75,-0.58,24.0,1.04,14.8,12.0,0.5,⚠️ 放量滯漲 (拋壓增大，即將見頂反轉),10300.0,2.08,,,,1.10,,,,,,🔄 持平 (0%),,,,,,,,,,,,,,,,,,,,,,,,,,,,,,,,,,,,🔄 持平,0.0,0.08,🔄 持平,-0.0,0.08,🔄 持平,-0.0,0.08,↗️ 微增,0.01,0.12,,,,,,42.8,0,0.0,🔄 持平,0.0,0.0,➖ 持平,1,2,37.0
3189,景碩,半導體業,09/17,805.0,-1.83,15731.0,12713.0,141.0,10762.0,8695.6,🥀 平量價縮 (下跌中繼，弱反彈信號),42.69839488158043,1.46,🔵120日,-0.5405971064983461,29.38455419172248,18.40,📉 下降,,,,4.562136638410056,,⚠️ 趨緩 (1.99%),💤 籌碼沉澱中,🔥 持續加碼 (0.06%),🏦 投信日連買(3)-🆕 試單觀察 | 🏦 投信週連買(2)-🌱 週線發動,,,,,,,,,,,,,,,,,,,,18.6,13.6,72.0,1280.0,5796.0,804.0,613.0,64722.0,,,64977.0,48176.0,↗️ 微增,0.25,-0.5,↗️ 微增,0.11,-0.5200000000000005,↗️ 微增,0.27,-0.8999999999999999,↗️ 微增,0.38,-0.9600000000000006,雙引擎,,,,,24.6,0.25,0.0,🔄 持平,-0.1,0.0,➖ 持平,6,4,3531.0
3209,全科,電子通路業,09/17,45.35,0.0,684.0,31.1,7.57,1036.0,46.5,⚖️ 溫和震盪整理,-21.26582278481012,0.67,,0.0,,12.30,🔄 持平,,,,,,,,,🌐 外資日連買(2)-🆕 試單觀察,,,,,,,,-1.13,-8.91,-46.0,-392.0,-208.6,,,0.0,8.0,0.0,,,,,,,,,,,-209.0,-1756.0,,,📈 小增,0.66,-3.94,↘️ 微減,-0.49,-5.04,↘️ 微減,-0.15,-4.91,↘️ 微減,-0.14,-4.920000000000001,,,,,,8.36,0,0.0,🔄 持平,1.3,0.0,➖ 持平,2,4,388.0
3229,晟鈦,電子零組件業,09/17,58.6,-4.09,3177.0,192.0,44.1,8070.0,530.0,☠️ 縮量大跌 (一致看空無承接，加速下跌),-50.129870129870135,0.36,🔴5日 🟡20日 🟢60日 🔵120日,0.18000000000000016,3.62,3.60,🪜 階梯吸籌 | 📈 上升,1.4100000000000001,0.48,2.14,3.04,,,🔥 持續加碼 (0.19%),,🌐 外資日連買(3)-🆕 試單觀察,,,1.38,-70.8,11.0,-1957.0,64.5,-13.3,-10.3,,,,,,,,,,,,,,,,,,,,,,,🚀 劇增,1.99,0.41999999999999993,🚀 劇增,1.99,0.41999999999999993,🔥 大增,1.05,-0.8199999999999998,📈 小增,0.87,0.7400000000000002,雙引擎 | 長短線,,,,,31.9,0,0.0,🔄 持平,0.0,0.0,➖ 持平,2,2,1501.0
3231,緯創,電腦及週邊設備業,09/17,186.5,1.91,31292.0,5850.0,14.7,32860.0,6042.4,⚖️ 溫和震盪整理,-1.9772117962466473,0.97,🔴5日 🟡20日 🟢60日 🔵120日,0.36833730375390417,41.869909405898994,36.70,🪜 階梯吸籌 | ⚠️ 趨緩,4.228559894267541,2.9563177597239942,11.701454148251187,16.1112470838997,,🔥 強延續 (6.39%),💤 籌碼沉澱中,🔥 持續加碼 (0.06%),🏦 投信日連買(4)-🆕 試單觀察 | 🏦 投信週連買(4)-🌱 週線發動,,,-4.06,-7.32,-2142.0,-3993.0,-39948.3,,,-18737.0,-15921.0,-349445.0,,,105.0,62.0,1958.2,-4.06,-7.32,,,,,,,,,-350306.0,-300427.0,,,📉 小減,-0.83,2.34,📉 小減,-0.84,2.1599999999999997,📉 小減,-0.78,2.47,📉 小減,-0.73,2.5999999999999996,,,,,,2.58,2.19,0.07,↗️ 微增,0.06,-0.06,↘️ 微減,5,4,12729.0
3257,虹冠電,半導體業,09/17,47.95,-0.31,158.0,7.58,18.9,148.0,7.01,⏸️ 平量滯漲 (拋壓增大，高位見頂),8.908045977011492,1.08,,-1.7426823248616103,,1.70,📉 下降,,,,,🔥 強延續 (26.6%),,💤 籌碼沉澱中,,🌐 外資日連買(7)-⚡ 買盤點火,,,,,,,,,,,,,,,,,,,,,,,,,,,,,,,,🔄 持平,0.0,-0.010000000000000009,🔄 持平,-0.0,-0.009999999999999998,↗️ 微增,0.01,0.020000000000000018,↗️ 微增,0.03,-0.12999999999999998,,,,,,31.9,3.42,0.0,🔄 持平,0.0,0.0,➖ 持平,6,4,222.0
3266,昇陽,建材營造業,09/17,13.9,1.83,35.0,0.49,27.3,37.0,0.51,⚖️ 溫和震盪整理,-3.9215686274509887,0.96,,,,8.40,,,,,,🔄 持平 (0%),,,,,,,,,,,,,,,,,,,,,,,,,,,,,,,,,,,,🔄 持平,0.0,0.0,🔄 持平,-0.0,0.0,🔄 持平,-0.0,0.0,🔄 持平,-0.0,0.13,,,,,,14.9,0,0.0,🔄 持平,0.0,0.0,➖ 持平,6,4,76.0
3296,勝德,電子零組件業,09/17,25.75,-1.15,125.0,3.23,,187.0,4.85,⚖️ 溫和震盪整理,-24.708624708624704,0.67,,,,2.40,,,,,,🔄 持平 (0%),,,,🌐 外資週連買(2)-🌱 週線發動,,,,,,,,0.26,-12.4,,,,,,,,,,,,,,,,,,,,,,,↘️ 微減,-0.02,-0.9500000000000001,↘️ 微減,-0.02,-0.9500000000000001,↘️ 微減,-0.02,-0.22,↘️ 微減,-0.02,-0.22,,,,,,9.73,0,0.0,🔄 持平,0.0,0.0,➖ 持平,4,2,341.0
3305,昇貿,其他電子業,09/17,101.0,0.0,707.0,71.9,18.2,719.0,71.98,⏸️ 平量滯漲 (拋壓增大，高位見頂),48.24742268041238,1.0,🔵120日,0.0,3.960956589199516,3.90,📈 上升 | 🔄 洗盤回歸,,,,2.71454256743388,,,,,,,,,,-21.0,-146.0,-212.1,,,,,,,,,,,,,6.09,13.5,,,,160.0,331.0,1616.0,,,1626.0,3327.0,↘️ 微減,-0.15,-2.0700000000000003,📉 小減,-0.84,-2.7399999999999998,↘️ 微減,-0.37,-2.3499999999999996,⚠️ 大減,-1.13,-3.0500000000000003,,,,,,8.45,0,0.07,↗️ 微增,-0.59,0.0,➖ 持平,2,4,653.0
3308,聯德,電子零組件業,09/17,21.7,-1.14,95.0,2.05,13.7,47.0,1.0,⚠️ 放量滯漲 (拋壓增大，即將見頂反轉),180.82191780821915,2.05,,0.0,,1.10,🔄 持平,,,,,⚠️ 趨緩 (11.6%),,,,🌐 外資週連買(3)-🌱 週線發動,,,,,,,,,,,,,,,,,,1.73,3.16,,,,,,,,,,,,,↗️ 微增,0.01,0.17,↗️ 微增,0.01,0.17,↗️ 微增,0.01,0.17,↗️ 微增,0.01,0.17,雙引擎 | 長短線,,,,,43.0,0,0.2,📈 增,0.2,0.0,➖ 持平,2,4,177.0
3311,閎暉,通信網路業,09/17,37.0,-2.89,2257.0,85.9,20.6,2052.0,75.1,🥀 平量價縮 (下跌中繼，弱反彈信號),10.128205128205137,1.14,,0.0,,1.70,🔄 持平,,,,,,,,,,,,1.75,-18.7,45.0,-602.0,166.5,-0.27,-10.3,,,,,,-1.0,56.0,-3.7,,,,,,,,,,,,,,,↗️ 微增,0.01,1.4100000000000001,↗️ 微增,0.01,2.2600000000000002,📉 小減,-0.59,0.22999999999999993,↘️ 微減,-0.43,0.45,,,,,,38.1,0,0.0,🔄 持平,0.0,0.0,➖ 持平,2,3,454.0
3312,弘憶股,電子通路業,09/17,48.75,2.2,660.0,32.3,12.7,452.0,21.68,⚖️ 溫和震盪整理,164.75409836065575,1.49,🔴5日,0.26,1.62,1.60,📈 上升,0.55,,,,,,,,🌐 外資日連買(2)-🆕 試單觀察,,,,,,,,,,,,,,,,,,,,,,,,,103.0,348.0,502.1,,,504.0,1670.0,↘️ 微減,-0.23,0.62,↘️ 微減,-0.23,0.09999999999999998,📉 小減,-0.67,-0.32,📉 小減,-0.7,-1.1600000000000001,,,,,,31.4,83.8,0.0,🔄 持平,0.0,0.0,➖ 持平,4,4,179.0
3321,同泰,電子零組件業,09/17,17.05,0.0,95.0,1.62,,125.0,2.13,⏸️ 平量滯漲 (拋壓增大，高位見頂),-45.08474576271186,0.76,,,,1.80,,,,,,🔄 持平 (0%),,,,🌐 外資日連買(2)-🆕 試單觀察 | 🌐 外資週連買(2)-🌱 週線發動,,,,,,,,,,,,,,,,,,,,,,,,,,,,,,,,🔄 持平,0.0,0.09,↗️ 微增,0.01,0.1,↗️ 微增,0.01,0.1,↗️ 微增,0.01,-0.43999999999999995,,,,,,,,,無,,,無,2,4,311.0
3338,泰碩,電子零組件業,09/17,66.0,1.38,831.0,55.0,56.9,357.0,23.56,⚠️ 放量滯漲 (拋壓增大，即將見頂反轉),358.3333333333333,2.33,🔴5日,0.040000000000000036,3.5392406190229866,3.60,📈 上升,0.2599999999999998,,,,🔄 持平 (0%),,🔥 持續加碼 (0.05%),,🌐 外資日連買(5)-⚡ 買盤點火,,,,,-45.0,-128.0,-297.0,,,,,,,,,,,,,,,,,,,,,,,,,🔄 持平,0.0,-1.21,🔄 持平,-0.0,-1.21,↘️ 微減,-0.11,-0.44000000000000017,📉 小減,-0.61,-0.02999999999999997,,,,,,19.5,81.6,0.0,🔄 持平,2.6,0.0,➖ 持平,5,4,238.0
3346,麗清,汽車工業,09/17,20.3,2.78,573.0,11.5,,513.0,10.2,⚖️ 溫和震盪整理,175.77937649880099,1.13,,,,1.10,,,,,,,,,,🌐 外資日連買(2)-🆕 試單觀察,,,,,,,,,,,,,,,,,,2.7,4.61,2.17,11.0,81.0,136.0,164.4,48.0,223.0,97.4,,,,,🔄 持平,0.0,0.0,🔄 持平,-0.0,0.0,🔄 持平,-0.0,-0.54,↘️ 微減,-0.04,-0.07000000000000009,,,,,,7.29,26.0,0.0,🔄 持平,-0.04,0.0,➖ 持平,5,2,145.0
3356,奇偶,光電業,,,,,,,,,,,,,0.0,,0.00,🔄 持平,,,,,,,,,,,,,,,,,,,,,,,,,,,,,,,,,,,,,,,,,無資料,,1.84,無資料,,0.73,無資料,,0.87,無資料,,1.92,,,,,,,,,無,,,無,0,0,1292.0
3376,新日興,電子零組件業,09/17,175.5,-0.57,2386.0,421.0,120.0,5399.0,972.4,⚖️ 溫和震盪整理,-39.94293865905849,0.43,,0.0,,11.70,🔄 持平,,,,,,🔄 持平 (0.0%),,🔄 今日量縮持平,🏦 投信週連買(3)-🌱 週線發動,,🚨 高危,,,42.0,-199.0,737.1,,,,,,,,,,,,,0.39,32.3,,,,75.0,4717.0,1316.2,,,1323.0,85178.0,🚨 劇減,-5.89,-2.829999999999999,🚨 劇減,-4.57,-2.29,🚨 劇減,-5.61,-1.9099999999999995,🚨 劇減,-4.19,-0.4500000000000004,,,,,,8.98,39.8,0.0,🔄 持平,-0.02,0.0,➖ 持平,4,3,3750.0
3380,明泰,通信網路業,09/17,30.35,0.5,2339.0,71.0,217.0,1930.0,58.48,⏸️ 平量滯漲 (拋壓增大，高位見頂),69.04761904761905,1.21,,0.0,,3.70,🔄 持平,,,,,,🔄 持平 (0.0%),💤 籌碼沉澱中,🔄 今日量縮持平,🌐 外資日連買(2)-🆕 試單觀察,,,,,-44.0,-180.0,-133.5,,,183.0,-554.0,555.4,,,,,,,,,,,,,,,,556.0,-1681.0,,,↗️ 微增,0.28,-0.36,↗️ 微增,0.46,-0.31999999999999995,↗️ 微增,0.11,-0.39999999999999997,↗️ 微增,0.12,-0.16999999999999996,雙引擎,,,,,54.6,0,0.0,🔄 持平,0.0,0.0,➖ 持平,4,3,1354.0
3406,玉晶光,光電業,09/17,965.0,-3.98,10751.0,10565.0,26.1,7969.0,7952.6,🥀 平量價縮 (下跌中繼，弱反彈信號),161.7690782953419,1.33,🟡20日 🟢60日 🔵120日,-0.7766091759454952,51.37953800465755,41.60,📉 下降,,7.591131493562493,8.758851911181445,11.13817757000269,,📉 調節洗盤 (-0.28%),💤 籌碼沉澱中,🚨 轉賣反轉 (-0.03%),🏦 投信週連買(6)-🚀 趨勢加溫,,,6.23,-13.9,208.0,-570.0,20072.0,,,,,,,,,,,,,10.5,8.14,,,,294.0,233.0,28371.0,,,28891.0,21942.0,🚨 劇減,-2.97,4.27,📈 小增,0.71,5.4799999999999995,📉 小減,-0.53,5.5200000000000005,🚀 劇增,1.56,8.4,,,,,,7.66,19.7,0.0,🔄 持平,-0.02,0.0,➖ 持平,2,3,3512.0
3413,京鼎,半導體業,09/17,281.0,1.63,662.0,186.0,14.0,696.0,193.0,⚖️ 溫和震盪整理,126.82926829268291,0.96,🟢60日 🔵120日,0.03000000000000469,23.54642203464934,23.70,🪜 階梯吸籌 | 📈 上升,,,3.788953622117564,9.627645526255614,,🔄 持平 (0.0%),,🔄 今日量縮持平,,,,,,-24.0,-133.0,-674.4,,,,,,,,,,,,,1.14,9.78,,,,94.0,743.0,2641.4,,,2637.0,20600.0,📈 小增,0.9,0.3400000000000003,📈 小增,0.81,-0.43999999999999995,📈 小增,0.81,-3.0300000000000002,↘️ 微減,-0.23,-2.7199999999999998,,,,,,6.53,0,0.02,↗️ 微增,-0.13,0.0,➖ 持平,13,4,1031.0
3416,融程電,電腦及週邊設備業,09/17,161.0,0.0,118.0,19.0,18.7,143.0,23.06,⏸️ 平量滯漲 (拋壓增大，高位見頂),43.939393939393945,0.82,🟢60日,0.1200000000000001,4.257024595531115,4.20,📈 上升,,,1.65,,,,,,,,,,,,,,,,,,,,,,,,,,,,,,,,,,307.0,-869.0,,,↗️ 微增,0.24,0.43,↗️ 微增,0.24,0.42999999999999994,↗️ 微增,0.06,0.26000000000000006,🚨 劇減,-1.75,-0.22999999999999965,,,,,,40.3,5.54,0.0,🔄 持平,-0.4,0.0,➖ 持平,3,3,214.0
3419,譁裕,通信網路業,09/17,10.75,-0.46,303.0,3.26,,169.0,1.87,⚠️ 放量滯漲 (拋壓增大，即將見頂反轉),346.5753424657534,1.74,,,,1.40,,,,,,,,,,🌐 外資日連買(2)-🆕 試單觀察 | 🌐 外資週連買(3)-🌱 週線發動,,,-27.0,-27.1,-189.0,-190.0,-203.2,,,,,,,,,,,,,,,,,,,,,,,,,📈 小增,0.85,0.98,📉 小減,-0.58,-0.44999999999999996,📉 小減,-0.58,-0.44999999999999996,↘️ 微減,-0.43,-0.25999999999999995,,,,,,14.4,0,0.0,🔄 持平,2.1,0.0,➖ 持平,5,4,99.0
3432,台端,電子零組件業,09/17,14.15,-0.35,20.0,0.28,,10.0,0.14,⚠️ 放量滯漲 (拋壓增大，即將見頂反轉),100.0,2.0,,,,3.10,,,,,,🔄 持平 (0%),,,,🌐 外資日連買(2)-🆕 試單觀察 | 🌐 外資週連買(2)-🌱 週線發動,,,,,,,,,,,,,,,,,,,,,,,,,,,,,,,,🔄 持平,0.0,0.0,🔄 持平,-0.0,0.0,🔄 持平,-0.0,0.0,🔄 持平,-0.0,0.0,,,,,,16.7,0,0.0,🔄 持平,0.0,0.0,➖ 持平,2,3,173.0
3437,榮創,光電業,09/17,20.35,10.0,3072.0,61.6,,1542.0,29.19,🚀 放量大漲 (量價齊升，持續看漲),199.02912621359224,2.11,🟢60日,0.0,5.84,5.80,📈 上升 | 🔄 洗盤回歸,,,1.5700000000000003,,,,💤 籌碼沉澱中,,🌐 外資日連買(2)-🆕 試單觀察,,,,,,,,-4.69,-8.12,-172.0,-309.0,-350.0,,,,,,3.84,-2.8,,,,,,,,,-345.0,-603.0,,,↗️ 微增,0.11,0.15,↗️ 微增,0.11,0.15999999999999998,🔥 大增,1.03,1.53,📈 小增,0.67,1.8800000000000001,雙引擎 | 長短線,,,,,2.96,0,0.0,🔄 持平,0.0,0.0,➖ 持平,2,3,660.0
3443,創意,半導體業,09/17,6500.0,5.35,2334.0,15105.0,167.0,1984.0,12444.2,✈️ 平量大漲 (一致看漲無拋壓，加速上漲),93.9522342064715,1.21,🔴5日 🟡20日 🟢60日 🔵120日,0.2410162416085626,36.82037779873164,27.00,🪜 階梯吸籌 | 📈 上升,0.31484363639886226,1.2798546838870237,2.9707567174383556,3.4433582696988836,,🔥 強延續 (18.4%),💤 籌碼沉澱中,🔥 持續加碼 (0.32%),🏦 投信日連買(8)-⚡ 買盤點火 | 🏦 投信週連買(2)-🌱 週線發動,,,,,,,,,,,,,,,11.0,7.0,7150.0,,,23.0,16.0,,,,259.0,191.0,168350.0,,,167607.0,128700.0,↗️ 微增,0.19,-0.8700000000000002,↗️ 微增,0.21,-0.96,↗️ 微增,0.35,0.85,↘️ 微減,-0.14,0.32999999999999985,,,,,,34.8,0,0.0,🔄 持平,0.0,0.0,➖ 持平,7,4,835.0
3447,展達,通信網路業,09/17,27.45,0.18,132.0,3.63,14.0,103.0,2.8,⏸️ 平量滯漲 (拋壓增大，高位見頂),38.02281368821292,1.3,,0.0,,1.40,🔄 持平,,,,,,,,,🌐 外資日連買(2)-🆕 試單觀察,,,,,,,,0.0,-19.2,0.0,-158.0,0.0,,,,,,,,,,,,,,,,,,,,🔄 持平,0.0,0.0,🔄 持平,-0.0,0.0,🔄 持平,-0.0,0.0,🔄 持平,-0.0,0.0,,,,,,46.7,0,0.0,🔄 持平,-0.1,0.0,➖ 持平,6,2,426.0
3450,聯鈞,半導體業,09/17,525.0,-2.96,16345.0,8839.0,107.0,9394.0,4926.2,🛡️ 放量小跌 (見底信號，越跌越買反轉),90.12690901269089,1.79,🟢60日 🔵120日,-1.1534927537960868,33.08916701449194,19.40,📉 下降,,,4.471007882805505,15.961609582753685,,🔥 強延續 (5.32%),💤 籌碼沉澱中,🔥 持續加碼 (0.6%),🏦 投信日連買(2)-🆕 試單觀察,,,,,,,,,,,,,,,,,,3.27,8.76,28.6,54.1,405.0,1031.0,21262.5,1006.0,1588.0,52815.0,,,54403.0,84753.0,🚨 劇減,-1.9,2.91,🚨 劇減,-3.01,2.59,🚨 劇減,-2.05,2.84,🚨 劇減,-1.84,1.3099999999999998,,,,,,7.96,0,0.0,🔄 持平,0.0,0.0,➖ 持平,2,3,1712.0
3481,群創,光電業,09/17,48.5,-0.41,140534.0,6900.0,62.2,113114.0,5437.4,⏸️ 平量滯漲 (拋壓增大，高位見頂),44.47236180904524,1.27,,0.0,,20.70,🔄 持平,,,,,,,💤 籌碼沉澱中,,🌐 外資週連買(2)-🌱 週線發動,,,,,1322.0,-8751.0,6411.7,,,-7107.0,-8455.0,-34469.0,6.56,49.9,362.0,1957.0,1755.7,,,,,,,,,,,-34895.0,-41425.0,,,📈 小增,0.54,-1.17,📈 小增,0.56,-1.19,📈 小增,0.52,-1.21,↗️ 微增,0.49,-1.1500000000000004,雙引擎,,,,,0.06,0,0.0,🔄 持平,0.0,0.0,➖ 持平,3,4,23564.0
3494,誠研,電腦及週邊設備業,09/17,7.07,0.14,57.0,0.4,,64.0,0.45,⏸️ 平量滯漲 (拋壓增大，高位見頂),-27.27272727272727,0.89,,,,1.70,,,,,,,,,,,,,,,,,,,,,,,,,,,,,,,,,,,,,,,,,,↗️ 微增,0.01,0.14,↗️ 微增,0.01,0.14,↗️ 微增,0.05,0.8200000000000002,↗️ 微增,0.05,0.28,雙引擎 | 長短線,,,,,13.3,0,0.0,🔄 持平,0.0,0.0,➖ 持平,3,4,210.0
3501,維熹,電子零組件業,09/17,38.1,0.26,191.0,7.29,22.0,108.0,4.15,⚠️ 放量滯漲 (拋壓增大，即將見頂反轉),56.437768240343345,1.76,,,,3.20,,,,,,,,,,,,,,,,,,,,,,,,,,,,,,,,,,,,,,,,,,🔄 持平,0.0,0.0,🔄 持平,-0.0,0.0,🔄 持平,-0.0,-0.54,🔄 持平,-0.0,-0.46,,,,,,21.3,0,0.0,🔄 持平,0.0,0.0,➖ 持平,4,4,296.0
3504,揚明光,光電業,09/17,78.7,-2.36,1195.0,95.2,,1638.0,131.84,🥀 平量價縮 (下跌中繼，弱反彈信號),-37.368421052631575,0.72,🟡20日,-0.2600000000000007,4.8491232668025805,4.80,📉 下降,,0.8499999999999996,,,,,💤 籌碼沉澱中,,,,,,,,,,,,,,,,,,,,,,,,,,,,,,,,,,↗️ 微增,0.3,1.5299999999999998,↗️ 微增,0.26,2.3000000000000003,⚠️ 大減,-1.47,1.2,↘️ 微減,-0.03,3.41,,,,,,32.6,0,0.0,🔄 持平,0.0,0.0,➖ 持平,1,4,1827.0
3515,華擎,電腦及週邊設備業,09/17,211.0,0.0,559.0,119.0,13.6,792.0,165.2,⏸️ 平量滯漲 (拋壓增大，高位見頂),-38.97435897435897,0.72,,0.0,,8.40,🔄 持平,,,,,🔄 持平 (0%),🔄 持平 (0.0%),💤 籌碼沉澱中,🔄 今日量縮持平,🌐 外資日連買(2)-🆕 試單觀察 | 🏦 投信週連買(4)-🌱 週線發動,,,,,,,,,,,,,,,-16.0,18.0,-337.6,,,,,,,,,,,,,-980.0,2052.0,🔄 持平,0.0,-1.45,📉 小減,-0.66,-1.4500000000000002,↘️ 微減,-0.07,-0.8699999999999999,↗️ 微增,0.36,0.37000000000000005,,,,,,46.3,0,0.0,🔄 持平,0.0,0.0,➖ 持平,4,3,1456.0
3518,柏騰,其他電子業,09/17,31.1,2.64,750.0,23.4,14.5,554.0,16.74,⚖️ 溫和震盪整理,50.0,1.4,🔴5日,0.25,6.1,6.10,📈 上升,0.46999999999999975,,,,🔥 強延續 (34.5%),,🔥 持續加碼 (0.25%),,🌐 外資日連買(4)-🆕 試單觀察,,,-1.05,-5.77,-47.0,-270.0,-146.2,,,,,,,,,,,,,,,,,,,,,,,,,↘️ 微減,-0.05,0.03,📈 小增,0.78,0.8300000000000001,↗️ 微增,0.04,0.8300000000000001,↗️ 微增,0.49,-0.28,,,,,,3.62,26.9,0.0,🔄 持平,0.0,0.0,➖ 持平,4,2,263.0
3528,安馳,電子通路業,09/17,82.2,1.36,275.0,22.7,9.05,170.0,13.92,⚠️ 放量滯漲 (拋壓增大，即將見頂反轉),532.3119777158774,1.63,,0.0,,4.70,🔄 持平,,,,,,,,,🌐 外資日連買(2)-🆕 試單觀察,,,,,,,,,,,,,,,,,,,,,,,,,,,,,,,,↗️ 微增,0.08,-0.059999999999999984,↗️ 微增,0.08,-0.059999999999999984,↗️ 微增,0.09,-0.1399999999999999,↘️ 微減,-0.1,-0.47,,,,,,56.5,0,0.0,🔄 持平,0.0,0.0,➖ 持平,5,4,137.0
3530,晶相光,半導體業,09/17,57.1,-0.7,170.0,9.78,18.4,103.0,5.84,⚠️ 放量滯漲 (拋壓增大，即將見頂反轉),138.53658536585365,1.67,,,,40.90,,,,,,,,,,🌐 外資日連買(2)-🆕 試單觀察,,,,,,,,,,,,,,,,,,,,,,,,,,,,,,,,🔄 持平,0.0,0.0,🔄 持平,-0.0,0.0,📉 小減,-0.78,-0.78,↘️ 微減,-0.02,0.08,,,,,,22.8,0,0.0,🔄 持平,0.0,0.0,➖ 持平,2,4,65.0
3532,台勝科,半導體業,09/17,441.5,0.34,9585.0,4299.0,356.0,7915.0,3379.6,⏸️ 平量滯漲 (拋壓增大，高位見頂),30.11501210653753,1.27,🟡20日 🟢60日,-0.10000000000000142,50.39022025879706,44.10,📉 下降,,1.0098814459158376,4.509856353631044,,,🔄 持平 (0.0%),,🔄 今日量縮持平,🏦 投信週連買(5)-🚀 趨勢加溫,,,,,13.0,-244.0,574.0,,,,,,,,,,,,,,,,,,-11.0,194.0,-485.6,,,-493.0,8042.0,📈 小增,0.56,1.2000000000000002,📈 小增,0.56,0.7200000000000002,📈 小增,0.51,0.9,↗️ 微增,0.4,-0.06000000000000011,雙引擎,,,,,67.1,0,-2.6,🚨 減/大減,-2.6,0.0,➖ 持平,2,4,3456.0
3533,嘉澤,電子零組件業,09/17,1555.0,2.98,841.0,1321.0,18.9,836.0,1303.4,⚖️ 溫和震盪整理,4.675118858954042,1.01,,0.0,,44.30,🔄 持平,,,,,,,💤 籌碼沉澱中,,🌐 外資日連買(2)-🆕 試單觀察,,,,,,,,,,,,,,,,,,,,1.82,18.8,,,,43.0,380.0,6686.5,,,6753.0,59356.0,📉 小減,-0.95,-2.2800000000000002,📉 小減,-0.89,-3.95,📉 小減,-0.85,-2.8900000000000006,↘️ 微減,-0.12,-3.8600000000000003,,,,,,18.4,0,0.0,🔄 持平,0.0,0.0,➖ 持平,3,4,828.0
3535,晶彩科,光電業,09/17,86.5,1.29,1011.0,88.8,49.7,647.0,55.0,⚠️ 放量滯漲 (拋壓增大，即將見頂反轉),49.4949494949495,1.61,🔴5日 🟢60日,0.16000000000000014,3.66,3.70,📈 上升,0.6000000000000001,,2.2300000000000004,,,,🔥 持續加碼 (0.16%),,🌐 外資日連買(2)-🆕 試單觀察,,,,,,,,,,,,,,,,,,,,,,,,,26.0,233.0,224.9,,,228.0,1951.0,↗️ 微增,0.08,-0.83,⚠️ 大減,-1.08,-0.8100000000000002,↘️ 微減,-0.24,-0.16000000000000006,↗️ 微增,0.27,0.8799999999999999,雙引擎,,,,,15.7,0,0.2,📈 增,0.2,0.0,➖ 持平,3,4,504.0
3543,州巧,光電業,09/17,44.3,3.99,2665.0,118.0,,1039.0,45.02,⚖️ 溫和震盪整理,610.8433734939758,2.62,,0.0,,4.20,🔄 持平,,,,,,,,,,,,,,,,,,,,,,,,,,,,,,,3.0,99.0,13.3,,,,,,,,⚠️ 大減,-1.35,-0.23999999999999988,🚨 劇減,-2.11,0.6500000000000004,↘️ 微減,-0.09,2.2199999999999998,↗️ 微增,0.27,4.140000000000001,,,,,,15.0,0,0.0,🔄 持平,0.0,0.0,➖ 持平,4,4,2284.0
3545,敦泰,半導體業,09/17,50.5,1.3,490.0,24.7,,509.0,25.06,⏸️ 平量滯漲 (拋壓增大，高位見頂),7.860262008733621,0.99,🔴5日 🔵120日,0.08999999999999986,15.6502726884217,15.40,🪜 階梯吸籌 | ⚠️ 趨緩,0.33999999999999986,,,2.457115320550285,🔥 強延續 (56.0%),,💤 籌碼沉澱中,,🌐 外資日連買(2)-🆕 試單觀察 | 🌐 外資週連買(5)-🚀 趨勢加溫,,,,,,,,,,,,,0.0,22.2,0.0,8.0,0.0,,,,,,,,,,,,,,,↗️ 微增,0.18,0.9299999999999999,📈 小增,0.53,0.9000000000000001,↗️ 微增,0.2,0.20000000000000007,↘️ 微減,-0.22,0.71,,,,,,6.62,0,0.0,🔄 持平,-0.02,0.0,➖ 持平,3,3,902.0
3550,聯穎,電子零組件業,09/17,22.75,1.56,3015.0,69.2,190.0,1130.0,25.42,⚖️ 溫和震盪整理,251.26903553299496,2.72,🔴5日 🟡20日 🔵120日,0.27000000000000046,7.843142724314273,7.60,🪜 階梯吸籌 | 📈 上升,0.3899999999999997,0.762561599256161,,4.585941422594143,,,🔥 持續加碼 (0.26%),,🌐 外資日連買(2)-🆕 試單觀察 | 🌐 外資週連買(2)-🌱 週線發動,,,,,-65.0,-242.0,-147.9,,,,,,54.5,54.5,6.0,6.0,13.6,,,,,,,,,,,,,,,🚨 劇減,-2.12,-2.9,↘️ 微減,-0.4,-2.28,📈 小增,0.85,-1.6400000000000001,↗️ 微增,0.01,-0.7199999999999998,,,,,,13.8,31.8,0.0,🔄 持平,-3.2,0.0,➖ 持平,9,4,802.0
3557,嘉威,居家生活,09/17,23.0,-1.08,71.0,1.64,,47.0,1.11,⚠️ 放量滯漲 (拋壓增大，即將見頂反轉),137.68115942028984,1.48,,,,1.40,,,,,,🔄 持平 (0%),,,,🌐 外資日連買(2)-🆕 試單觀察,,,,,,,,-2.41,-18.3,,,,,,,,,,,,,,,,,,,,,,,🔄 持平,0.0,0.0,🔄 持平,-0.0,0.0,🔄 持平,-0.0,0.0,🔄 持平,-0.0,0.0,,,,,,15.3,40.2,0.0,🔄 持平,0.0,0.0,➖ 持平,4,4,69.0
3563,牧德,光電業,09/17,659.0,2.65,521.0,345.0,38.7,334.0,219.2,⚖️ 溫和震盪整理,161.36363636363637,1.57,,0.0,,7.00,🔄 持平,,,,,,🔄 持平 (0%),💤 籌碼沉澱中,💤 籌碼沉澱中,,,,,,,,,,,,,,100.0,100.0,,,,,,,,,,,,,,,,1194.0,4659.0,↗️ 微增,0.05,4.41,🔥 大增,1.38,2.9600000000000004,📉 小減,-0.95,0.7600000000000001,↘️ 微減,-0.18,1.8900000000000001,,,,,,31.1,0,0.0,🔄 持平,0.0,0.0,➖ 持平,3,4,228.0
3576,聯合再生,光電業,09/17,16.3,0.0,3163.0,52.0,30.2,4073.0,66.64,⏸️ 平量滯漲 (拋壓增大，高位見頂),4.208416833667328,0.78,🟢60日 🔵120日,0.03999999999999737,14.849517138325815,14.80,📈 上升,,,2.4796202839684334,5.389620283968432,,,,,,,,,,,,,,,,,,,,,,,,,,,,,,,,,,,,,↘️ 微減,-0.03,0.09999999999999999,↘️ 微減,-0.04,0.31,↘️ 微減,-0.04,0.37999999999999995,↗️ 微增,0.01,0.43000000000000005,,,,,,12.0,0,0.0,🔄 持平,-0.2,0.0,➖ 持平,1,3,16300.0
3583,辛耘,半導體業,09/17,688.0,2.53,603.0,417.0,40.7,619.0,425.0,⚖️ 溫和震盪整理,43.29896907216495,0.98,🔵120日,0.08999999999999986,27.78143811869851,21.60,📈 上升,,,,5.200185006458696,,,,,🌐 外資日連買(2)-🆕 試單觀察,,,,,,,,,,,,,,,,,,,,,,,,,,,,69.3,-743.0,,,🚨 劇減,-3.46,-3.940000000000001,⚠️ 大減,-1.16,-2.72,↘️ 微減,-0.46,-1.1,🚨 劇減,-2.2,-2.64,,,,,,12.3,0,0.0,🔄 持平,0.0,0.0,➖ 持平,2,4,728.0
3588,通嘉,半導體業,09/17,51.3,0.39,174.0,8.97,42.4,120.0,6.17,⏸️ 平量滯漲 (拋壓增大，高位見頂),24.583333333333336,1.45,🟡20日 🟢60日 🔵120日,-0.02999999999999936,8.31,8.30,📉 下降,,3.3600000000000003,1.8200000000000003,5.620000000000001,🔄 持平 (0%),,,,🌐 外資日連買(2)-🆕 試單觀察,,,,,,,,-5.06,-9.83,,,,,,,,,,,,,,,,,,,-226.0,-463.0,,,🔄 持平,0.0,-0.049999999999999996,↗️ 微增,0.14,0.12000000000000001,↘️ 微減,-0.07,0.14999999999999997,↘️ 微減,-0.22,0.79,,,,,,8.19,0,0.0,🔄 持平,0.0,0.0,➖ 持平,7,4,182.0
3591,艾笛森,光電業,,,,,,,,,,,,,0.0,,0.00,🔄 持平,,,,,🔄 持平 (0%),,💤 籌碼沉澱中,,,,,,,,,,,,,,,,,,,,,,,,,,,,,,,,,,無資料,,0.2799999999999999,無資料,,-0.3799999999999998,無資料,,-0.37,無資料,,-0.10999999999999988,,,,,,,,,無,,,無,0,0,732.0
3592,瑞鼎,半導體業,09/17,223.5,0.45,273.0,61.1,13.1,238.0,52.64,⏸️ 平量滯漲 (拋壓增大，高位見頂),66.48501362397819,1.16,🔴5日,0.1899999999999995,4.952682307742384,14.80,🪜 階梯吸籌 | 📈 上升,0.39868169926749886,,,,🔥 強延續 (18.7%),🔄 持平 (0%),🔥 持續加碼 (0.07%),💤 籌碼沉澱中,🌐 外資日連買(4)-🆕 試單觀察,,,,,,,,,,,,,,,,,,,,,,,,,,,,,,,,↗️ 微增,0.05,0.39,↗️ 微增,0.05,0.39,📈 小增,0.78,1.1,↘️ 微減,-0.11,2.0599999999999996,,,,,,15.6,0,0.0,🔄 持平,-0.6,0.0,➖ 持平,4,4,835.0
3593,力銘,電子零組件業,09/17,9.9,0.0,15.0,0.14,,10.0,0.1,⚠️ 放量滯漲 (拋壓增大，即將見頂反轉),-29.999999999999993,1.4,,,,0.30,,,,,,,,,,,,,,,,,,,,,,,,,,,,,,,,,,,,,,,,,,🔄 持平,0.0,0.0,🔄 持平,-0.0,0.0,↗️ 微增,0.01,0.91,↗️ 微增,0.02,-0.02,,,,,,25.4,0,0.0,🔄 持平,0.0,0.0,➖ 持平,2,4,50.0
3596,智易,通信網路業,09/17,154.0,0.65,559.0,86.3,11.8,658.0,101.3,⏸️ 平量滯漲 (拋壓增大，高位見頂),-15.392156862745098,0.85,,0.0,,26.20,🔄 持平,,,,,,,,,,,,,,,,,,,,,,,,,,,,,,,,,,,,,,,,,📈 小增,0.78,-2.99,📈 小增,0.72,-2.63,↗️ 微增,0.14,-3.03,↗️ 微增,0.11,-4.34,雙引擎,,,,,18.8,0,0.0,🔄 持平,0.0,0.0,➖ 持平,2,4,1872.0
3605,宏致,電子零組件業,09/17,140.0,0.0,41785.0,6025.0,34.3,16783.0,2298.2,⚠️ 放量滯漲 (拋壓增大，即將見頂反轉),112.14788732394365,2.62,🔴5日 🟢60日 🔵120日,0.3100000000000058,21.905979516322738,20.10,🪜 階梯吸籌 | ⚠️ 趨緩,1.5100000000000016,,10.006873672007595,10.571342160430408,,🔄 持平 (0%),🔥 持續加碼 (0.21%),💤 籌碼沉澱中,🌐 外資日連買(2)-🆕 試單觀察,,,,,242.0,-595.0,3388.0,,,,,,,,-5.0,115.0,-70.0,1.14,-2.69,8.92,29.4,,,,532.0,1474.0,7448.0,,,7672.0,19842.0,🚀 劇增,1.57,9.37,🚀 劇增,1.54,8.84,↘️ 微減,-0.04,9.440000000000001,📈 小增,0.84,10.149999999999999,雙引擎 | 長短線,,,,,9.14,8.76,0.0,🔄 持平,-0.22,0.0,➖ 持平,2,4,2119.0
3607,谷崧,電子零組件業,09/17,13.7,1.11,401.0,5.49,28.5,227.0,3.1,⚠️ 放量滯漲 (拋壓增大，即將見頂反轉),161.42857142857144,1.77,,,,5.40,,,,,,,,,,🌐 外資日連買(2)-🆕 試單觀察,,,,,,,,,,,,,,,,,,,,,,,,,,,,,,,,↘️ 微減,-0.01,0.23,↘️ 微減,-0.01,-0.43,📉 小減,-0.53,-0.9299999999999999,↗️ 微增,0.35,-0.03000000000000002,,,,,,9.03,0,0.0,🔄 持平,0.0,0.0,➖ 持平,2,4,177.0
3617,碩天,其他電子業,09/17,243.5,0.21,415.0,102.0,11.6,344.0,83.26,⏸️ 平量滯漲 (拋壓增大，高位見頂),20.141342756183732,1.23,🔴5日 🟢60日,0.09276373878323518,7.176750639805183,9.70,🪜 階梯吸籌 | 📈 上升 | 🚀 衝進🔴5日榜單,0.2122202722737665,,1.5000252536914287,,,🔥 強延續 (12.0%),,🔥 持續加碼 (0.05%),🌐 外資日連買(5)-⚡ 買盤點火,,,,,,,,,,,,,,,,,,,,,,,,,,,,,,,,🔄 持平,0.0,-1.0999999999999999,↗️ 微增,0.01,-0.2400000000000001,↘️ 微減,-0.01,-0.10000000000000009,↘️ 微減,-0.18,-0.6699999999999999,,,,,,17.9,6.84,0.0,🔄 持平,-0.2,0.0,➖ 持平,7,4,186.0
3622,洋華,光電業,09/17,45.95,1.55,404.0,18.5,9.01,317.0,14.33,⚖️ 溫和震盪整理,134.17721518987344,1.29,,,,2.60,,,,,,,,,,,,,,,,,,,,,,,,,,,,,,2.07,12.1,2.0,80.0,9.2,73.0,388.0,335.4,,,334.0,1755.0,↗️ 微增,0.05,1.6099999999999999,↗️ 微增,0.05,0.43999999999999995,↗️ 微增,0.05,-0.009999999999999945,📉 小減,-0.71,-0.32,,,,,,35.0,0,0.0,🔄 持平,0.0,0.0,➖ 持平,2,4,629.0
3645,達邁,電子零組件業,09/17,68.8,0.44,649.0,44.9,26.7,868.0,59.42,⏸️ 平量滯漲 (拋壓增大，高位見頂),20.375335120643445,0.76,🔴5日,0.0,9.718036729648835,10.10,📈 上升 | 🔄 洗盤回歸,0.6699999999999999,,,,,,🔥 持續加碼 (0.08%),,🌐 外資日連買(5)-⚡ 買盤點火,,,,,-74.0,-297.0,-509.1,,,,,,-8.33,29.4,,,,,,,,,,,62.0,280.0,426.6,,,429.0,1925.0,🚨 劇減,-2.48,-7.989999999999999,🚨 劇減,-1.86,-6.680000000000001,⚠️ 大減,-1.49,-5.87,🚨 劇減,-2.27,-6.320000000000001,,,,,,15.0,16.4,0.0,🔄 持平,0.0,0.0,➖ 持平,4,4,676.0
3652,精聯,電腦及週邊設備業,09/17,33.5,-0.89,110.0,3.7,16.3,82.0,2.73,⏸️ 平量滯漲 (拋壓增大，高位見頂),-6.801007556675065,1.36,,0.0,,1.80,🔄 持平,,,,,⚠️ 趨緩 (3.63%),,,,🌐 外資日連買(5)-⚡ 買盤點火,,,,,,,,,,,,,,,,,,,,,,,,,,,,,,,,🔄 持平,0.0,0.11000000000000001,🔄 持平,-0.0,0.11000000000000001,🔄 持平,-0.0,0.11000000000000001,🔄 持平,-0.0,0.11000000000000001,,,,,,45.8,0,0.0,🔄 持平,0.9,0.0,➖ 持平,5,4,107.0
3653,健策,電子零組件業,09/17,5355.0,2.19,971.0,5290.0,121.0,1349.0,7399.0,⚖️ 溫和震盪整理,-38.42393202188337,0.71,🔴5日 🟡20日 🟢60日,0.06528915182519057,36.020528960928594,26.50,🪜 階梯吸籌 | ⚠️ 趨緩 | 🚀 衝進🔴5日榜單,0.2657199713176013,0.7036138643772105,3.2261571033965026,,,🔥 強延續 (5.35%),💤 籌碼沉澱中,🔥 持續加碼 (0.04%),🌐 外資日連買(2)-🆕 試單觀察 | 🌐 外資週連買(6)-🚀 趨勢加溫 | 🏦 投信週連買(2)-🌱 週線發動,,,,,-57.0,-128.0,-30523.5,0.21,-8.84,3.0,-142.0,1606.5,,,,,,,,,,,,,,,,1635.0,-83089.0,,,🔥 大增,1.27,2.05,📈 小增,0.62,0.7400000000000003,↗️ 微增,0.11,2.01,📉 小減,-0.53,0.17999999999999994,,,,,,26.1,7.84,0.0,🔄 持平,-0.7,0.0,➖ 持平,3,4,622.0
3661,世芯-KY,半導體業,09/17,3295.0,-1.49,3208.0,10676.0,45.8,3118.0,10988.8,⏸️ 平量滯漲 (拋壓增大，高位見頂),59.77252319664772,0.97,,-50.779858676419146,,47.90,📉 下降,,,,,,🔄 持平 (0%),💤 籌碼沉澱中,💤 籌碼沉澱中,,,🚨 高危,,,,,,,,,,,,,,,,,,15.6,138.0,,,,202.0,867.0,66559.0,,,67228.0,307157.0,↘️ 微減,-0.47,-3.04,🚨 劇減,-1.5,-0.8499999999999999,📉 小減,-0.51,0.85,🚨 劇減,-1.74,0.3300000000000002,,,,,,2.29,0,0.0,🔄 持平,-0.15,0.0,➖ 持平,5,3,695.0
3665,貿聯-KY,其他電子業,09/17,2010.0,0.75,3285.0,6691.0,36.9,2517.0,4958.6,⏸️ 平量滯漲 (拋壓增大，高位見頂),32.99542834426554,1.35,,0.0,,49.60,🔄 持平,,,,,,🔄 持平 (0%),,💤 籌碼沉澱中,🏦 投信日連買(3)-🆕 試單觀察,,,,,,,,,,117.0,-264.0,23517.0,,,,,,2.26,18.7,,,94.0,670.0,18894.0,,,,23833.0,-51678.0,,,📉 小減,-0.9,0.24999999999999978,↗️ 微增,0.49,0.66,📉 小減,-0.89,0.7999999999999999,↘️ 微減,-0.24,0.4,,,,,,2.54,3.12,0.0,🔄 持平,-0.1,0.0,➖ 持平,3,4,2216.0
3669,圓展,通信網路業,09/17,32.55,0.46,107.0,3.46,11.0,104.0,3.36,⏸️ 平量滯漲 (拋壓增大，高位見頂),-19.534883720930228,1.03,,0.0,,3.00,🔄 持平,,,,,,,,,🌐 外資日連買(2)-🆕 試單觀察,,,,,,,,0.2,-10.1,,,,,,,,,,,,,,,,,,,,,,,🔄 持平,0.0,0.0,🔄 持平,-0.0,0.0,🔄 持平,-0.0,0.0,↗️ 微增,0.47,-1.1600000000000001,,,,,,50.6,0,0.0,🔄 持平,0.1,0.0,➖ 持平,2,4,124.0
3673,TPK-KY,光電業,09/17,63.8,-0.31,2865.0,185.0,14.0,2891.0,183.4,⏸️ 平量滯漲 (拋壓增大，高位見頂),-11.483253588516751,1.01,🔴5日,0.030000000000001137,38.72877069751377,38.70,🪜 階梯吸籌 | ⚠️ 趨緩,0.3400000000000034,,,,,,💤 籌碼沉澱中,,🌐 外資日連買(2)-🆕 試單觀察,,,,,,,,,,,,,,,,,,,,,,,,,93.0,808.0,593.3,,,599.0,5096.0,↗️ 微增,0.11,1.15,📉 小減,-0.58,0.10000000000000012,📉 小減,-0.56,-0.6400000000000001,↘️ 微減,-0.18,-0.28,,,,,,19.5,0,0.0,🔄 持平,0.0,0.0,➖ 持平,14,3,1920.0
3679,新至陞,電子零組件業,09/17,107.5,0.0,39.0,4.15,9.08,25.0,2.67,⚠️ 放量滯漲 (拋壓增大，即將見頂反轉),240.16393442622953,1.55,,,,8.60,,,,,,,🔥 強延續 (5.25%),,🔄 今日量縮持平,🏦 投信日連買(3)-🆕 試單觀察 | 🏦 投信週連買(3)-🌱 週線發動,,,,,,,,-4.84,-10.6,,,,,,,,,,,,,,,,,,,,,,,🔄 持平,0.0,0.0,🔄 持平,-0.0,0.0,🔄 持平,-0.0,0.0,🔄 持平,-0.0,0.0,,,,,,27.9,11.4,0.0,🔄 持平,0.0,0.0,➖ 持平,4,3,90.0
3686,達能,半導體業,09/17,14.15,1.07,63.0,0.89,,88.0,1.24,⏸️ 平量滯漲 (拋壓增大，高位見頂),-29.36507936507936,0.72,,,,1.70,,,,,,🔄 持平 (0%),,,,,,,,,,,,,,,,,,,,,,,,,,,,,,,,,,,,🔄 持平,0.0,0.0,🔄 持平,-0.0,0.0,🔄 持平,-0.0,0.0,↗️ 微增,0.04,1.3877787807814457e-17,,,,,,4.19,0,0.01,↗️ 微增,0.65,0.0,➖ 持平,7,4,344.0
3694,海華,通信網路業,09/17,50.2,1.62,757.0,38.0,12.6,505.0,25.08,⚖️ 溫和震盪整理,131.70731707317077,1.52,,0.0,,2.50,🔄 持平,,,,,,,,,🌐 外資日連買(2)-🆕 試單觀察,,,,,,,,,,,,,,,,,,,,,,,,,,,,,,,,🔄 持平,0.0,-0.29999999999999993,↘️ 微減,-0.06,0.2200000000000002,↘️ 微減,-0.16,0.14999999999999994,↘️ 微減,-0.19,-0.7,,,,,,39.5,0,0.0,🔄 持平,0.0,0.0,➖ 持平,2,4,317.0
3701,大眾控,電腦及週邊設備業,09/17,41.25,3.12,1236.0,51.4,,586.0,23.76,⚖️ 溫和震盪整理,198.8372093023256,2.16,,,,4.70,,,,,,,,,,,,,,,,,,,,,,,1.85,19.6,1.0,9.0,4.1,,,,,,,,,,,,,,,↘️ 微減,-0.07,-0.6000000000000001,↘️ 微減,-0.07,-0.18999999999999995,↗️ 微增,0.22,0.07,↘️ 微減,-0.01,-0.37,,,,,,34.2,0,0.0,🔄 持平,-0.1,0.0,➖ 持平,2,4,403.0
3702,大聯大,電子通路業,09/17,111.0,4.72,12125.0,1336.0,9.45,7478.0,806.8,🚀 放量大漲 (量價齊升，持續看漲),79.32885906040268,1.66,🔴5日 🟡20日,0.3764251201705342,29.98584724356449,34.20,📈 上升 | 🚀 衝進🟡20日榜單,0.4894653680783456,0.8446195387989732,,,🔥 強延續 (40.9%),🔄 持平 (0%),🔥 持續加碼 (0.29%),💤 籌碼沉澱中,🌐 外資週連買(3)-🌱 週線發動,🔥 點火,,,,,,,-0.55,-58.9,-20.0,-5213.0,-222.0,,,,,,,,,,-567.0,189.0,-6293.7,,,,-220.0,-56009.0,,,↗️ 微增,0.41,-2.0500000000000003,📈 小增,0.5,-1.8499999999999996,↗️ 微增,0.41,-2.06,↗️ 微增,0.48,-1.9400000000000002,雙引擎,,,,,3.57,25.7,0.0,🔄 持平,-0.75,0.0,➖ 持平,6,4,5673.0
3703,欣陸,建材營造業,09/17,19.95,1.79,848.0,16.9,10.2,588.0,11.6,⚖️ 溫和震盪整理,52.25225225225225,1.46,,0.0,,19.60,🔄 持平,,,,,🔄 持平 (0%),,💤 籌碼沉澱中,,🌐 外資日連買(2)-🆕 試單觀察,,,,,,,,,,,,,,,,,,0.4,2.97,,,,,,,,,,,,,↗️ 微增,0.06,-0.12,↘️ 微減,-0.05,-0.5800000000000001,↗️ 微增,0.14,-0.77,↗️ 微增,0.2,-0.35000000000000003,雙引擎,,,,,32.8,45.9,0.0,🔄 持平,0.0,-2.5,✅ 大減,7,4,2806.0
3704,合勤控,通信網路業,09/17,40.3,0.37,3612.0,145.0,12.0,4607.0,188.2,⏸️ 平量滯漲 (拋壓增大，高位見頂),42.156862745098046,0.77,🔵120日,0.03999999999999915,10.611962714821171,10.60,🪜 階梯吸籌 | ⚠️ 趨緩,,,,2.958708250336982,,,,,🌐 外資日連買(2)-🆕 試單觀察,,,,,,,,,,,,,-10.3,100.0,-3.0,13.0,-12.1,-1.42,6.19,7.18,38.4,-133.0,538.0,-536.0,539.0,2232.0,2172.2,,,2169.0,9089.0,↘️ 微減,-0.11,-0.6099999999999998,↗️ 微增,0.1,-0.15000000000000002,↗️ 微增,0.07,-1.0699999999999998,↘️ 微減,-0.37,-1.19,,,,,,25.6,42.3,0.1,📈 增,3.0,-0.1,↘️ 微減,2,3,1339.0
3705,永信,生技醫療業,09/17,56.6,1.07,158.0,8.88,16.8,139.0,7.77,⏸️ 平量滯漲 (拋壓增大，高位見頂),8.029197080291972,1.14,,,,7.30,,,,,,🔄 持平 (0%),,,,🌐 外資日連買(3)-🆕 試單觀察,,,,,,,,,,,,,,,,,,,,,,,,,,,,,,,,↗️ 微增,0.27,1.2300000000000002,↗️ 微增,0.27,0.86,↗️ 微增,0.27,0.63,↗️ 微增,0.1,0.28,雙引擎 | 長短線,,,,,12.0,24.3,0.1,📈 增,0.1,-0.1,↘️ 微減,18,4,1514.0
3706,神達,電腦及週邊設備業,09/17,80.5,1.9,7653.0,614.0,14.4,7878.0,624.8,⚖️ 溫和震盪整理,80.58823529411765,0.98,🔴5日 🟡20日 🟢60日 🔵120日,0.2793218870213323,16.758330244558856,9.60,🪜 階梯吸籌 | 📈 上升 | 🚀 衝進🟡20日榜單,0.5256336100061425,0.5255777716819949,4.3646442748758165,7.497743878759286,,🔄 持平 (0%),,💤 籌碼沉澱中,🌐 外資日連買(2)-🆕 試單觀察,,,,,-257.0,-467.0,-2068.8,,,,,,,,,,,,,0.61,9.99,,,,530.0,7942.0,4266.5,,,4250.0,62827.0,🚨 劇減,-1.55,2.76,🚨 劇減,-1.54,2.29,⚠️ 大減,-1.44,2.34,⚠️ 大減,-1.41,2.36,,,,,,17.8,0.63,0.0,🔄 持平,0.0,0.0,➖ 持平,4,4,3106.0
3708,上緯投控,綠能環保,09/17,96.5,3.21,708.0,68.0,2.44,499.0,47.7,⚖️ 溫和震盪整理,27.10280373831775,1.43,,0.0,,7.80,🔄 持平,,,,,,⚠️ 趨緩 (0.28%),,🔄 今日量縮持平,🏦 投信週連買(3)-🌱 週線發動,,,,,,,,,,,,,,,,,,0.59,3.37,,,18.0,100.0,173.7,,,,,,,,↗️ 微增,0.04,0.18000000000000005,↗️ 微增,0.03,0.14000000000000012,📈 小增,0.75,1.44,📈 小增,0.62,1.01,雙引擎 | 長短線,,,,,24.0,20.0,0.6,📈 增,2.0,-0.6,↘️ 微減,18,4,1585.0
3711,日月光投控,半導體業,09/17,614.0,1.49,11194.0,6928.0,44.2,13533.0,8247.6,⏸️ 平量滯漲 (拋壓增大，高位見頂),20.63381507922688,0.84,,0.0,,77.40,🔄 持平,,,,,🔄 持平 (0%),🔄 持平 (0%),💤 籌碼沉澱中,💤 籌碼沉澱中,🌐 外資日連買(2)-🆕 試單觀察,,,,,,,,,,,,,,,,,,,,0.44,6.37,-278.0,515.0,-17069.2,98.0,1342.0,6017.2,,,6065.0,81627.0,↗️ 微增,0.31,-0.14,↗️ 微增,0.41,5.551115123125783e-17,↗️ 微增,0.45,0.09,↗️ 微增,0.41,-0.10000000000000007,雙引擎,,,,,15.3,0,0.0,🔄 持平,-0.2,0.0,➖ 持平,3,4,9939.0
3712,永崴投控,電腦及週邊設備業,09/17,20.75,0.73,779.0,16.2,,515.0,10.7,⚠️ 放量滯漲 (拋壓增大，即將見頂反轉),274.99999999999994,1.51,🟡20日,0.0600000000000005,3.515710834001585,2.90,📈 上升,,0.9299999999999997,,,🔄 持平 (0%),,💤 籌碼沉澱中,,,,,,,,,,,,,,,,,,,,,,,,,,,,,,,,,,📉 小減,-0.9,-1.06,↘️ 微減,-0.47,-0.3500000000000002,↘️ 微減,-0.15,-0.020000000000000018,↗️ 微增,0.03,0.1299999999999999,,,,,,27.0,0,0.0,🔄 持平,0.0,0.0,➖ 持平,2,4,898.0
3714,富采,光電業,09/17,65.5,1.87,17654.0,1164.0,,8774.0,558.6,⚖️ 溫和震盪整理,69.67930029154519,2.08,🟡20日 🟢60日,-0.16000000000000014,14.392421634124792,14.20,📉 下降,,0.9799203063076405,2.818750022190139,,🔄 持平 (0%),🔄 持平 (0.0%),🚨 轉賣反轉 (-0.16%),🔄 今日量縮持平,,,,,,263.0,-1028.0,1722.6,0.0,-19.4,1.0,-4807.0,6.6,,,19.0,23.0,124.4,,,,,,,,,,,6.59,-29992.0,,,📈 小增,0.82,2.3,📈 小增,0.81,2.0700000000000003,📈 小增,0.73,1.86,📈 小增,0.59,1.6600000000000001,雙引擎 | 長短線,,,,,12.8,0,0.0,🔄 持平,0.0,0.0,➖ 持平,7,4,14148.0
3715,定穎投控,電子零組件業,09/17,118.5,-4.05,4151.0,503.0,,3212.0,390.6,🕳️ 平量大跌 (一致看空無承接，加速下跌),68.22742474916387,1.29,,0.0,,9.70,🔄 持平,,,,,,,,,,,,,,23.0,-515.0,272.6,,,,,,,,,,,,,,,,,,-196.0,1134.0,-2322.6,,,-2375.0,13760.0,📈 小增,0.75,-0.15000000000000013,📉 小減,-0.57,-1.0399999999999998,📈 小增,0.74,-0.18000000000000002,📈 小增,0.91,-0.54,雙引擎,,,,,4.3,21.5,0.0,🔄 持平,-4.34,0.0,➖ 持平,1,3,2542.0
3716,中化控股,生技醫療業,09/17,33.95,0.74,331.0,11.2,8.28,232.0,7.85,⏸️ 平量滯漲 (拋壓增大，高位見頂),74.99999999999997,1.43,,0.0,,9.10,🔄 持平,,,,,,,,,,,,0.46,-6.79,,,,,,,,,,,,,,,,13.5,17.2,,,,,,,,,,,↗️ 微增,0.12,-2.33,📈 小增,0.67,-0.6100000000000001,↘️ 微減,-0.39,-1.1200000000000003,↘️ 微減,-0.06,-0.17000000000000004,,,,,,10.3,39.8,0.0,🔄 持平,0.0,0.0,➖ 持平,4,4,531.0
3717,聯嘉投控,汽車工業,09/17,22.9,4.33,3952.0,89.8,14.2,1385.0,30.64,🚀 放量大漲 (量價齊升，持續看漲),416.09195402298855,2.93,🔴5日,0.0,4.4,4.40,📈 上升 | 🔄 洗盤回歸,0.41000000000000014,,,,,,🔥 持續加碼 (0.38%),,🌐 外資日連買(2)-🆕 試單觀察,,,,,,,,,,,,,,,72.0,46.0,164.9,2.94,2.71,,,383.0,354.0,877.1,332.0,225.0,760.3,,,,,↘️ 微減,-0.39,-1.37,📉 小減,-0.72,-1.7999999999999998,↗️ 微增,0.16,0.19000000000000017,↘️ 微減,-0.04,-0.17000000000000015,,,,,,15.1,41.6,0.0,🔄 持平,0.0,0.0,➖ 持平,2,3,1253.0
4104,佳醫,生技醫療業,09/17,72.2,0.42,162.0,11.7,15.0,142.0,10.23,⏸️ 平量滯漲 (拋壓增大，高位見頂),79.72350230414746,1.14,,0.0,,3.40,🔄 持平,,,,,🔄 持平 (0%),,💤 籌碼沉澱中,,🌐 外資日連買(3)-🆕 試單觀察 | 🌐 外資週連買(2)-🌱 週線發動,,,0.0,-5.71,,,,,,,,,,,,,,,,,,,,,,,,7.21,-662.0,,,🔄 持平,0.0,0.0,🔄 持平,-0.0,0.5,↗️ 微增,0.01,0.52,↘️ 微減,-0.04,-0.28,,,,,,12.1,0,0.0,🔄 持平,0.0,0.0,➖ 持平,2,4,103.0
4106,雃博,生技醫療業,09/17,24.4,0.0,151.0,3.68,13.3,121.0,2.93,⏸️ 平量滯漲 (拋壓增大，高位見頂),52.066115702479344,1.26,,0.0,,2.80,🔄 持平,,,,,,,,,,,,,,,,,,,,,,,,,,,,,,,,,,,,,,,,,↗️ 微增,0.03,0.11,↗️ 微增,0.03,0.11,↗️ 微增,0.03,0.73,↗️ 微增,0.01,1.07,雙引擎 | 長短線,,,,,27.8,0,0.0,🔄 持平,0.0,0.0,➖ 持平,3,4,299.0
4108,懷特,生技醫療業,09/17,11.45,1.33,96.0,1.09,,185.0,2.06,⚖️ 溫和震盪整理,7.920792079207928,0.53,,,,1.40,,,,,,,,,,,,,,,,,,,,,,,,,,,,,,,,,,,,,,,,,,🔄 持平,0.0,0.0,🔄 持平,-0.0,-0.8999999999999999,🔄 持平,-0.0,-0.94,↘️ 微減,-0.01,-0.54,,,,,,19.6,0,0.0,🔄 持平,0.4,0.0,➖ 持平,2,3,293.0
4119,旭富,生技醫療業,09/17,59.2,-0.84,265.0,15.7,118.0,257.0,15.15,⏸️ 平量滯漲 (拋壓增大，高位見頂),38.938053097345126,1.04,,0.0,,5.40,🔄 持平,,,,,🔄 持平 (0%),,💤 籌碼沉澱中,,🌐 外資週連買(2)-🌱 週線發動,,,,,,,,-6.39,-10.8,-94.0,-166.0,-556.5,,,,,,,,,,,,,,,,-557.0,-979.0,,,↗️ 微增,0.33,0.7300000000000001,↗️ 微增,0.33,0.7300000000000001,↗️ 微增,0.33,0.7400000000000001,↗️ 微增,0.33,0.7400000000000001,雙引擎 | 長短線,,,,,30.9,0,0.0,🔄 持平,0.6,0.0,➖ 持平,4,4,645.0
4133,亞諾法,生技醫療業,09/17,20.4,0.99,100.0,2.04,27.2,45.0,0.92,⚠️ 放量滯漲 (拋壓增大，即將見頂反轉),223.80952380952382,2.22,,,,12.20,,,,,,,,,,🌐 外資日連買(2)-🆕 試單觀察,,,,,,,,,,,,,,,0.0,10.0,0.0,,,,,,,,,,,,,,,🔄 持平,0.0,0.0,🔄 持平,-0.0,0.0,🔄 持平,-0.0,0.0,🔄 持平,-0.0,0.04,,,,,,14.8,0,0.0,🔄 持平,0.0,0.0,➖ 持平,4,3,70.0
4137,麗豐-KY,生技醫療業,09/17,77.0,0.26,95.0,7.34,11.4,169.0,12.93,⚖️ 溫和震盪整理,-48.30985915492958,0.57,,0.0,,53.40,🔄 持平,,,,,,🔥 強延續 (4.54%),,🔥 持續加碼 (0.01%),🏦 投信日連買(3)-🆕 試單觀察 | 🏦 投信週連買(2)-🌱 週線發動,,,,,,,,,,,,,,,,,,,,0.67,10.2,,,,,,,,,,,↘️ 微減,-0.05,-0.7999999999999999,↘️ 微減,-0.05,-1.8399999999999999,↘️ 微減,-0.05,-1.8299999999999998,↘️ 微減,-0.07,-2.2100000000000004,,,,,,34.7,0,0.0,🔄 持平,0.0,0.0,➖ 持平,3,4,186.0
4142,國光生,生技醫療業,09/17,17.75,2.9,1168.0,20.7,,685.0,11.91,⚖️ 溫和震盪整理,281.9188191881919,1.74,🔴5日,0.1299999999999999,5.306030519821819,5.30,📈 上升,0.2400000000000002,,,,🔥 強延續 (51.8%),,,,🌐 外資週連買(2)-🌱 週線發動,🔼 進駐,,,,,,,,,,,,,,,,,,,,,,,,,,,,,,,↗️ 微增,0.26,1.2999999999999998,↗️ 微增,0.03,0.68,↗️ 微增,0.02,0.8700000000000001,↗️ 微增,0.24,1.0899999999999999,雙引擎 | 長短線,,,,,17.0,0,0.0,🔄 持平,0.0,0.0,➖ 持平,4,3,807.0
4148,全宇生技-KY,生技醫療業,09/17,32.5,-1.22,94.0,3.07,11.7,106.0,3.57,⏸️ 平量滯漲 (拋壓增大，高位見頂),86.06060606060606,0.86,,0.0,,71.40,🔄 持平,,,,,🔄 持平 (0%),,💤 籌碼沉澱中,,,,,,,,,,1.02,-13.5,,,,,,,,,,,,,,,,,,,,,,,↘️ 微減,-0.1,-0.22,↘️ 微減,-0.1,-0.22,↘️ 微減,-0.1,-0.22,↘️ 微減,-0.1,-0.22,,,,,,0.52,0,0.0,🔄 持平,0.0,0.0,➖ 持平,6,4,169.0
4155,訊映,生技醫療業,09/17,14.85,0.0,154.0,2.28,8.58,219.0,3.23,⏸️ 平量滯漲 (拋壓增大，高位見頂),13.432835820895516,0.71,,-2.73,,2.80,📉 下降,,,,,🔄 持平 (0%),,,,🌐 外資日連買(2)-🆕 試單觀察,,,-1.27,-6.56,,,,0.0,-33.4,0.0,-198.0,0.0,,,,,,,,,,,,,,,,,,,,🔄 持平,0.0,-2.3600000000000003,↗️ 微增,0.07,-1.6400000000000001,↗️ 微增,0.04,-2.04,↘️ 微減,-0.29,-2.37,,,,,,13.4,10.7,0.0,🔄 持平,0.3,0.0,➖ 持平,2,2,250.0
4164,承業醫,生技醫療業,09/17,25.8,1.57,888.0,22.9,22.4,443.0,11.32,⚖️ 溫和震盪整理,233.33333333333331,2.02,,0.0,,19.00,🔄 持平,,,,,,,,,🌐 外資日連買(2)-🆕 試單觀察,,,,,,,,,,,,,,,0.0,20.0,0.0,,,,,,,,,,,,,,,↘️ 微減,-0.13,-1.38,↘️ 微減,-0.14,-0.89,↘️ 微減,-0.15,-0.41999999999999993,↘️ 微減,-0.09,-0.09999999999999996,,,,,,8.42,41.0,0.09,↗️ 微增,-0.44,-0.4,↘️ 微減,5,4,700.0
4169,泰宗,生技醫療業,09/17,147.0,-2.0,106.0,15.9,,122.0,17.8,🥀 平量價縮 (下跌中繼，弱反彈信號),-13.11475409836066,0.89,,,,6.60,,,,,,,,,,,,,,,,,,,,,,,,,,,,,,,,,,,,,,,,,,🚀 劇增,1.58,1.78,↗️ 微增,0.16,0.54,↗️ 微增,0.16,0.55,↗️ 微增,0.16,0.54,雙引擎 | 長短線,,,,,20.6,0,0.0,🔄 持平,-2.6,0.0,➖ 持平,2,4,204.0
4178,永笙-KY,生技醫療業,09/17,16.6,-0.6,86.0,1.44,,100.0,1.65,⏸️ 平量滯漲 (拋壓增大，高位見頂),4.347826086956519,0.87,,,,5.40,,,,,,,,,,🌐 外資日連買(2)-🆕 試單觀察,,,,,,,,,,,,,,,,,,,,,,,,,,,,,,,,🔄 持平,0.0,0.0,🔄 持平,-0.0,0.0,🔄 持平,-0.0,0.0,↗️ 微增,0.01,0.21000000000000002,,,,,,24.2,0,0.0,🔄 持平,2.1,0.0,➖ 持平,8,4,245.0
4190,佐登-KY,生技醫療業,09/17,25.7,0.39,26.0,0.66,,12.0,0.3,⚠️ 放量滯漲 (拋壓增大，即將見頂反轉),94.11764705882352,2.2,🟢60日,0.0,58.85,58.80,📈 上升 | 🔄 洗盤回歸,,,58.85,,🔄 持平 (0%),,,,,,,,,,,,,,,,,,,,,,,,,,,,,,,,,,,,↗️ 微增,0.01,0.24999999999999997,↗️ 微增,0.01,0.24999999999999997,↗️ 微增,0.01,0.26,↗️ 微增,0.01,0.26,雙引擎 | 長短線,,,,,10.2,0,0.1,📈 增,0.5,0.0,➖ 持平,2,4,70.0
4306,炎洲,塑膠工業,09/17,14.6,1.39,1751.0,25.5,15.9,1038.0,15.14,⚠️ 放量滯漲 (拋壓增大，即將見頂反轉),419.34826883910387,1.68,🔵120日,0.03000000000000025,7.46,7.50,📈 上升,,,,2.71,,,,,,,,-1.55,-18.1,-73.0,-1024.0,-106.6,,,-8.0,-134.0,-11.7,,,,,,,,,,,,,,,,,,,,↘️ 微減,-0.14,0.45999999999999996,↘️ 微減,-0.01,0.58,↗️ 微增,0.01,0.91,↘️ 微減,-0.01,0.55,,,,,,14.4,0,0.0,🔄 持平,0.0,0.0,➖ 持平,1,4,821.0
4414,如興,紡織纖維,09/17,8.3,0.12,177.0,1.47,48.8,129.0,1.06,⏸️ 平量滯漲 (拋壓增大，高位見頂),48.484848484848484,1.39,,0.0,,26.50,🔄 持平,,,,,🔄 持平 (0%),,,,🌐 外資日連買(2)-🆕 試單觀察,,,,,,,,-5.69,-23.1,-72.0,-358.0,-59.8,,,,,,,,,,,,,,,,,,,,↗️ 微增,0.06,0.2,↗️ 微增,0.06,0.22999999999999998,↘️ 微減,-0.18,0.55,↘️ 微減,-0.37,-0.21000000000000008,,,,,,31.9,0,0.0,🔄 持平,4.7,0.0,➖ 持平,8,4,322.0
4426,利勤,紡織纖維,09/17,7.56,0.8,116.0,0.87,,76.0,0.57,⚠️ 放量滯漲 (拋壓增大，即將見頂反轉),163.63636363636363,1.53,,,,2.10,,,,,,🔄 持平 (0%),,,,,,,,,,,,-1.63,-9.26,,,,,,,,,,,,,,,,,,,,,,,↗️ 微增,0.02,0.09000000000000001,↗️ 微增,0.02,-0.38,↗️ 微增,0.02,-0.37999999999999995,↘️ 微減,-0.01,-0.059999999999999984,,,,,,14.2,0,0.0,🔄 持平,4.82,0.0,➖ 持平,2,4,88.0
4438,廣越,紡織纖維,09/17,56.7,1.98,73.0,4.12,8.3,81.0,4.58,⚖️ 溫和震盪整理,-51.30023640661938,0.9,,,,1.80,,,,,,,,,,,,,,,,,,,,,,,,,,,,2.44,2.8,-1.32,8.76,,,,,,,,,,,🔄 持平,0.0,0.0,🔄 持平,-0.0,-1.48,🔄 持平,-0.0,-1.45,↗️ 微增,0.04,-0.6400000000000001,,,,,,39.1,0,0.0,🔄 持平,0.0,0.0,➖ 持平,2,4,154.0
4439,冠星-KY,紡織纖維,09/17,94.5,-0.21,29.0,2.75,10.2,16.0,1.51,⚠️ 放量滯漲 (拋壓增大，即將見頂反轉),227.38095238095238,1.82,,,,61.20,,,,,,🔄 持平 (0%),,,,,,,,,,,,0.0,-13.0,,,,,,,,,,,,,,,,,,,,,,,↘️ 微減,-0.01,-0.29,↘️ 微減,-0.01,-0.31,↘️ 微減,-0.01,-0.31,↘️ 微減,-0.01,-0.13,,,,,,44.9,0,0.0,🔄 持平,0.0,0.0,➖ 持平,1,3,13.0
4440,宜新實業,紡織纖維,09/17,17.6,-0.28,37.0,0.65,8.98,65.0,1.1,⚖️ 溫和震盪整理,-57.51633986928104,0.59,🟢60日,0.009999999999999787,2.07,2.10,🪜 階梯吸籌 | ⚠️ 趨緩,,,1.42,,🔄 持平 (0%),,💤 籌碼沉澱中,,🌐 外資日連買(2)-🆕 試單觀察,,,,,,,,0.0,-8.11,,,,,,,,,,,,,,,,,,,,,,,🔄 持平,0.0,0.06,🔄 持平,-0.0,0.06,🔄 持平,-0.0,0.06,↗️ 微增,0.01,0.13,,,,,,10.5,0,0.0,🔄 持平,0.0,0.0,➖ 持平,6,4,137.0
4441,振大環球,紡織纖維,09/17,173.0,0.87,48.0,8.36,9.58,41.0,7.04,⏸️ 平量滯漲 (拋壓增大，高位見頂),15.310344827586198,1.19,,,,0.90,,,,,,🔥 強延續 (39.4%),,,,🌐 外資日連買(2)-🆕 試單觀察 | 🌐 外資週連買(3)-🌱 週線發動,,,,,,,,,,,,,,,,,,,,,,,,,,,,,,,,↘️ 微減,-0.06,-0.29000000000000004,↘️ 微減,-0.06,1.18,↘️ 微減,-0.05,1.22,↘️ 微減,-0.05,-1.59,,,,,,20.1,0,0.0,🔄 持平,0.0,0.0,➖ 持平,3,4,145.0
4526,東台,電機機械,09/17,31.15,1.63,1806.0,56.7,,1203.0,36.84,⚖️ 溫和震盪整理,103.95683453237412,1.54,🔴5日,0.23000000000000043,5.15,5.20,🪜 階梯吸籌 | 📈 上升,0.41000000000000014,,,,🔥 強延續 (26.6%),,🔥 持續加碼 (0.19%),,🌐 外資日連買(2)-🆕 試單觀察,,,1.82,-5.59,106.0,-351.0,330.2,,,,,,,,,,,,,,,,,,272.0,642.0,847.3,,,854.0,1969.0,↘️ 微減,-0.21,-1.5699999999999998,📉 小減,-0.57,-2.26,📉 小減,-0.53,-2.200000000000001,📉 小減,-0.63,-1.8499999999999996,,,,,,14.3,17.1,0.0,🔄 持平,-0.8,0.0,➖ 持平,2,2,229.0
4532,瑞智,電機機械,09/17,25.0,5.93,3898.0,96.4,13.2,1131.0,27.56,🚀 放量大漲 (量價齊升，持續看漲),1175.1322751322753,3.5,,,,18.20,,,,,,,⚠️ 趨緩 (0.61%),,🔄 今日量縮持平,🏦 投信日連買(3)-🆕 試單觀察 | 🏦 投信週連買(2)-🌱 週線發動,,,,,,,,,,,,,,,,,,5.04,3.47,,,113.0,79.0,282.5,,,,,,,,↗️ 微增,0.26,0.0,↗️ 微增,0.06,-0.22,↗️ 微增,0.08,-0.45999999999999996,🔄 持平,-0.0,-0.09000000000000002,,,,,,39.4,0,0.0,🔄 持平,0.8,0.0,➖ 持平,3,3,683.0
4536,拓凱,運動休閒,09/17,165.0,0.61,130.0,21.3,12.5,99.0,16.1,⏸️ 平量滯漲 (拋壓增大，高位見頂),106.79611650485437,1.32,🟢60日,0.04999999999999716,14.11413565293988,14.70,📈 上升,,,2.4033032371724303,,,,,,🌐 外資日連買(3)-🆕 試單觀察,,,,,,,,,,,,,,,,,,,,,,,,,,,,0.0,-637.0,,,↗️ 微增,0.04,1.2,↗️ 微增,0.05,1.26,↗️ 微增,0.05,1.37,📉 小減,-0.91,-2.2800000000000002,,,,,,21.3,0,0.0,🔄 持平,0.0,0.0,➖ 持平,8,4,472.0
4540,全球傳動,電機機械,09/17,59.0,-2.32,2343.0,140.0,,2500.0,147.2,🥀 平量價縮 (下跌中繼，弱反彈信號),-58.45697329376854,0.95,,0.0,,2.40,🔄 持平,,,,,,,💤 籌碼沉澱中,,,,,,,,,,,,,,,,,-34.0,9.0,-200.6,0.05,3.54,,,2.0,150.0,11.8,,,,,,,,↘️ 微減,-0.18,-0.030000000000000027,↘️ 微減,-0.18,-0.030000000000000027,↘️ 微減,-0.18,-0.020000000000000046,↘️ 微減,-0.22,-0.42000000000000004,,,,,,8.19,0,0.0,🔄 持平,-0.22,0.0,➖ 持平,1,3,183.0
4545,銘鈺,電子零組件業,09/17,33.15,1.69,63.0,2.06,39.0,187.0,6.2,📈 價升量縮 (量價背離，下方承接看拉高),-8.849557522123884,0.33,,0.0,,29.00,🔄 持平,,,,,,,,,,,,,,,,,,,,,,,,,,,,,,,,,,,,,,,,,↘️ 微減,-0.04,-0.22000000000000003,↘️ 微減,-0.04,-0.32,↘️ 微減,-0.04,-0.32,↘️ 微減,-0.04,-0.31,,,,,,65.0,0,-0.3,🚨 減/大減,-1.0,0.0,➖ 持平,5,4,66.0
4551,智伸科,汽車工業,09/17,158.0,1.61,467.0,74.3,16.6,371.0,58.14,⚖️ 溫和震盪整理,72.38979118329465,1.28,🔵120日,-0.00999999999999801,53.32894116511864,54.10,📉 下降,,,,2.375065181801567,,,,,,,,,,,,,,,,,,100.0,100.0,,,,,,,,,,,,,,,,,,📉 小減,-0.64,-6.380000000000001,📉 小減,-0.64,-6.41,↘️ 微減,-0.12,-5.13,📉 小減,-0.52,-4.14,,,,,,10.8,0,0.0,🔄 持平,0.0,0.0,➖ 持平,2,4,736.0
4552,力達-KY,電機機械,09/17,16.2,5.54,419.0,6.71,15.1,252.0,3.94,🚀 放量大漲 (量價齊升，持續看漲),35.01006036217304,1.7,,0.0,,43.10,🔄 持平,,,,,🔥 強延續 (43.7%),,,,🌐 外資日連買(4)-🆕 試單觀察 | 🌐 外資週連買(2)-🌱 週線發動,,,,,,,,-8.78,-32.9,-36.0,-183.0,-58.3,,,,,,,,,,-20.0,71.0,-32.4,,,,,,,,↗️ 微增,0.04,0.9400000000000001,↗️ 微增,0.04,-0.56,↗️ 微增,0.01,-1.71,🔄 持平,-0.0,-0.5199999999999999,,,,,,39.8,0,0.0,🔄 持平,0.0,0.0,➖ 持平,5,4,511.0
4555,氣立,電機機械,09/17,42.75,2.52,259.0,11.1,42.3,131.0,5.53,⚖️ 溫和震盪整理,70.50691244239631,2.01,,0.0,,3.60,🔄 持平,,,,,,,,,🌐 外資日連買(2)-🆕 試單觀察,,,,,,,,,,,,,,,,,,,,,,,,,,,,,,,,🔄 持平,0.0,0.0,🔄 持平,-0.0,0.0,📉 小減,-0.88,-0.010000000000000009,📈 小增,0.5,0.2,,,,,,28.7,0,0.0,🔄 持平,0.0,0.0,➖ 持平,6,4,143.0
4557,永新-KY,汽車工業,09/17,49.85,0.4,108.0,5.36,,52.0,2.59,⚠️ 放量滯漲 (拋壓增大，即將見頂反轉),277.46478873239437,2.07,,,,30.70,,,,,,,,,,,,,,,,,,-2.6,-10.6,,,,,,,,,0.0,14.1,,,0.0,77.0,0.0,,,,,,,,↗️ 微增,0.17,1.8,↗️ 微增,0.17,0.020000000000000073,↗️ 微增,0.17,0.020000000000000073,↗️ 微增,0.17,0.07000000000000012,雙引擎 | 長短線,,,,,2.67,0,0.0,🔄 持平,0.99,0.0,➖ 持平,3,4,210.0
4560,強信-KY,電機機械,09/17,29.2,0.17,177.0,5.15,9.9,259.0,7.55,⚖️ 溫和震盪整理,-1.151631477927051,0.68,,0.0,,83.30,🔄 持平,,,,,,,,,,,,,,,,,,,,,,,,,,,,,,,,,,,,,,,,,↗️ 微增,0.02,0.21000000000000002,↗️ 微增,0.02,0.21000000000000002,↗️ 微增,0.02,0.21000000000000002,📉 小減,-0.57,-0.38999999999999996,,,,,,40.0,0,0.0,🔄 持平,0.0,0.0,➖ 持平,8,4,286.0
4562,穎漢,電機機械,09/17,29.7,1.19,169.0,5.06,,120.0,3.52,⏸️ 平量滯漲 (拋壓增大，高位見頂),78.16901408450703,1.44,,0.0,,2.10,🔄 持平,,,,,🔥 強延續 (45.7%),,💤 籌碼沉澱中,,🌐 外資日連買(3)-🆕 試單觀察 | 🌐 外資週連買(4)-🌱 週線發動,🔼 進駐,,,,,,,,,,,,,,,,,,,,,,,,,,,,,,,↗️ 微增,0.05,0.010000000000000002,↗️ 微增,0.05,0.95,↗️ 微增,0.05,0.13,↗️ 微增,0.05,0.13,雙引擎 | 長短線,,,,,29.2,9.16,0.0,🔄 持平,0.0,0.0,➖ 持平,4,4,415.0
4564,元翎,電機機械,09/17,15.8,-0.32,462.0,7.33,,448.0,7.05,⏸️ 平量滯漲 (拋壓增大，高位見頂),-5.905006418485237,1.04,,,,1.60,,,,,,,,,,,,,,,-8.0,-170.0,-12.6,,,,,,,,,,,,,,,,,,,,,,,,,📉 小減,-0.85,-1.5699999999999998,↘️ 微減,-0.03,-0.73,↘️ 微減,-0.04,-0.74,↘️ 微減,-0.26,-1.11,,,,,,13.9,0,0.0,🔄 持平,-0.1,0.0,➖ 持平,4,4,1108.0
4566,時碩工業,電機機械,09/17,64.7,0.94,737.0,47.8,25.6,637.0,40.8,⏸️ 平量滯漲 (拋壓增大，高位見頂),69.50354609929077,1.17,🔴5日,0.0,2.17,2.20,📈 上升 | 🔄 洗盤回歸,0.3799999999999999,,,,,,🔥 持續加碼 (0.21%),,🌐 外資日連買(2)-🆕 試單觀察,,,,,-58.0,-229.0,-375.3,,,,,,,,,,,,,,,,,,,,,,,,,↘️ 微減,-0.3,0.7000000000000002,↘️ 微減,-0.3,-0.15000000000000002,📉 小減,-0.85,-1.41,↘️ 微減,-0.36,-1.4499999999999997,,,,,,21.2,59.5,0.0,🔄 持平,0.3,0.0,➖ 持平,2,3,130.0
4569,六方科-KY,汽車工業,09/17,153.0,-2.24,93.0,14.4,17.1,58.0,8.92,🛡️ 放量小跌 (見底信號，越跌越買反轉),307.93201133144476,1.61,,0.0,,67.10,🔄 持平,,,,,,,💤 籌碼沉澱中,,,,,,,,,,,,,,,,,,,,,,,,,,,,,,,,,,🔄 持平,0.0,0.0,🔄 持平,-0.0,0.0,🔄 持平,-0.0,0.0,🚨 劇減,-1.92,-1.92,,,,,,42.3,0,0.0,🔄 持平,0.0,0.0,➖ 持平,3,3,40.0
4571,鈞興-KY,電機機械,09/17,149.5,0.34,55.0,8.3,16.6,81.0,12.09,⚖️ 溫和震盪整理,4.665825977301408,0.69,🔵120日,0.01999999999999602,63.3700586188064,63.10,📈 上升,,,,2.86901729847051,,,,,,,,,,,,,,,,,,,,,,,,,,,,,,,,,,,,,↗️ 微增,0.01,0.01,↗️ 微增,0.01,-1.62,↘️ 微減,-0.05,-0.24,↘️ 微減,-0.04,-0.23,,,,,,13.5,0,0.0,🔄 持平,0.0,0.0,➖ 持平,3,4,121.0
4572,駐龍,電機機械,09/17,141.0,-0.7,15.0,2.17,38.3,18.0,2.61,⏸️ 平量滯漲 (拋壓增大，高位見頂),99.08256880733943,0.83,,,,1.70,,,,,,🔄 持平 (0%),,,,🌐 外資日連買(2)-🆕 試單觀察,,,,,,,,-2.75,-8.16,,,,,,,,,,,,,,,,,,,,,,,🔄 持平,0.0,0.0,🔄 持平,-0.0,0.0,🔄 持平,-0.0,0.0,🔄 持平,-0.0,0.0,,,,,,20.0,0,0.0,🔄 持平,0.0,0.0,➖ 持平,3,2,50.0
4576,大銀微系統,電機機械,09/17,231.5,-0.64,1366.0,319.0,70.8,2301.0,543.8,⚖️ 溫和震盪整理,1.9169329073482455,0.59,🟡20日 🟢60日 🔵120日,-0.019999999999999574,8.127752791926882,7.50,📉 下降,,1.4935538663810926,1.643553866381093,5.66419892554579,,🔄 持平 (0.0%),💤 籌碼沉澱中,🔄 今日量縮持平,🏦 投信週連買(2)-🌱 週線發動,,,,,,,,,,,,,,,,,,,,0.6,9.64,,,,15.0,221.0,347.2,,,350.0,5118.0,📈 小增,0.74,0.1100000000000001,📉 小減,-0.8,0.8100000000000003,🚨 劇減,-2.15,0.37,↘️ 微減,-0.01,2.0,,,,,,34.3,5.03,0.0,🔄 持平,-0.1,0.0,➖ 持平,2,4,791.0
4581,光隆精密-KY,汽車工業,09/17,48.1,0.21,16.0,0.77,11.8,9.0,0.43,⚠️ 放量滯漲 (拋壓增大，即將見頂反轉),24.193548387096776,1.79,,,,24.00,,,,,,🔄 持平 (0%),,,,,,,,,,,,,,,,,,,,,,,,,,,,,,,,,,,,🔄 持平,0.0,-0.19,🔄 持平,-0.0,-0.19,🔄 持平,-0.0,-0.19,🔄 持平,-0.0,-0.19,,,,,,13.3,0,0.0,🔄 持平,0.0,0.0,➖ 持平,2,2,27.0
4583,台灣精銳,電機機械,09/17,420.0,-0.47,102.0,42.8,31.2,68.0,28.88,⚠️ 放量滯漲 (拋壓增大，即將見頂反轉),33.74999999999999,1.48,,0.0,,2.30,🔄 持平,,,,,,,,,🌐 外資日連買(2)-🆕 試單觀察,,,,,,,,0.0,-12.1,,,,0.0,25.0,,,,,,,,,,,,,,0.0,-1379.0,,,↗️ 微增,0.01,0.32999999999999996,↗️ 微增,0.04,1.41,↗️ 微增,0.04,-0.31000000000000005,↘️ 微減,-0.48,-0.12999999999999998,,,,,,32.1,0,0.0,🔄 持平,0.0,0.0,➖ 持平,4,4,82.0
4585,達明,其他電子業,09/17,300.0,1.87,276.0,82.7,108.0,352.0,104.8,⚖️ 溫和震盪整理,248.94514767932492,0.79,🔴5日 🟡20日,0.0,1.2628334082153545,1.30,🔄 持平,0.3318371268246517,0.6980133640508942,,,📉 調節洗盤 (-3.99%),,🚨 轉賣反轉 (-0.01%),,🌐 外資週連買(4)-🌱 週線發動,,,,,,,,,,,,,,,,,,,,2.44,11.3,,,,,,,,,690.0,2916.0,🔄 持平,0.0,-0.08,🔄 持平,-0.0,-0.08,🔄 持平,-0.0,-0.08,🔄 持平,-0.0,-0.08,,,,,,76.4,0,0.0,🔄 持平,-1.4,0.0,➖ 持平,3,2,1829.0
4588,玖鼎電力,其他電子業,09/17,55.0,0.18,98.0,5.38,15.3,114.0,6.12,⏸️ 平量滯漲 (拋壓增大，高位見頂),-2.53623188405796,0.88,🔴5日,0.03000000000000025,2.97,3.00,📈 上升,0.2100000000000004,,,,,,,,🌐 外資日連買(2)-🆕 試單觀察,,,-0.84,-6.6,,,,,,,,,,,,,,,,,,,,,,,,,,,,🔄 持平,0.0,-0.03,🔄 持平,-0.0,-0.03,🔄 持平,-0.0,-0.03,🔄 持平,-0.0,-0.03,,,,,,20.7,0,0.0,🔄 持平,0.0,0.0,➖ 持平,4,4,98.0
4720,德淵,化學工業,09/17,18.65,1.63,267.0,4.97,33.9,259.0,4.72,⚖️ 溫和震盪整理,48.35820895522387,1.05,,0.0,,5.40,🔄 持平,,,,,,,,,🌐 外資日連買(2)-🆕 試單觀察,,,,,,,,,,,,,,,,,,,,,,,,,,,,,,,,🔄 持平,0.0,-1.87,🔄 持平,-0.0,-1.8699999999999999,↘️ 微減,-0.46,-1.8299999999999998,↘️ 微減,-0.01,-0.4100000000000001,,,,,,20.6,15.3,0.0,🔄 持平,-0.8,0.0,➖ 持平,6,4,362.0
4722,國精化,化學工業,09/17,183.0,-2.14,838.0,155.0,66.5,918.0,171.0,🥀 平量價縮 (下跌中繼，弱反彈信號),30.252100840336137,0.91,🟡20日 🟢60日 🔵120日,0.04999999999999716,10.128318748021718,3.80,🪜 階梯吸籌 | ⚠️ 趨緩,,0.7116748650487761,1.439098085736589,5.928454620101156,,🔄 持平 (0%),💤 籌碼沉澱中,💤 籌碼沉澱中,🌐 外資日連買(2)-🆕 試單觀察,,,,,-92.0,-192.0,-1683.6,,,,,,,,,,,,,0.46,6.75,,,,15.0,208.0,274.5,,,277.0,3916.0,📉 小減,-0.63,-0.8399999999999997,📉 小減,-0.74,0.9199999999999997,📉 小減,-0.74,-0.40000000000000013,📉 小減,-0.74,-0.4800000000000001,,,,,,21.0,6.71,0.0,🔄 持平,4.5,-5.59,🌟 遽減,2,4,423.0
4736,泰博,生技醫療業,09/17,132.5,1.92,322.0,42.6,4.9,188.0,24.42,⚖️ 溫和震盪整理,115.15151515151514,1.74,🔴5日 🟢60日,0.18943648766212373,7.556083073657795,7.20,📈 上升,0.32089144653586477,,2.145547221342853,,🔥 強延續 (35.8%),⚠️ 趨緩 (2.79%),🔥 持續加碼 (0.12%),🔥 持續加碼 (0.01%),🏦 投信日連買(2)-🆕 試單觀察 | 🌐 外資週連買(2)-🌱 週線發動 | 🏦 投信週連買(5)-🚀 趨勢加溫,🔼 進駐,,,,,,,,,,,,,,,,,,,,,,,,,,,,,,,↘️ 微減,-0.07,-0.38,↘️ 微減,-0.07,0.47000000000000003,↘️ 微減,-0.07,-0.30000000000000004,↗️ 微增,0.07,0.2700000000000001,,,,,,5.14,0,0.0,🔄 持平,0.0,0.0,➖ 持平,4,4,134.0
4737,華廣,生技醫療業,09/17,60.3,1.01,156.0,9.24,,171.0,9.83,⏸️ 平量滯漲 (拋壓增大，高位見頂),-54.02985074626866,0.94,,0.0,,28.90,🔄 持平,,,,,🔄 持平 (0%),,💤 籌碼沉澱中,,🌐 外資日連買(2)-🆕 試單觀察 | 🌐 外資週連買(6)-🚀 趨勢加溫,,,,,,,,,,,,,,,,,,4.19,25.7,,,84.0,427.0,506.5,,,,,,,,↘️ 微減,-0.27,0.019999999999999962,↘️ 微減,-0.27,0.019999999999999962,↘️ 微減,-0.19,0.08000000000000002,↗️ 微增,0.47,0.71,,,,,,34.0,9.39,0.0,🔄 持平,0.0,0.0,➖ 持平,4,4,196.0
4739,康普,化學工業,09/17,79.7,2.18,2101.0,167.0,15.4,1044.0,81.74,⚖️ 溫和震盪整理,263.04347826086956,2.04,,0.0,,4.50,🔄 持平,,,,,,,,,,,,,,-101.0,-255.0,-805.0,,,89.0,-138.0,709.3,,,,,,,,,,,,,,,,708.0,-1040.0,,,📈 小增,0.67,0.6199999999999999,↘️ 微減,-0.08,-0.07999999999999985,📉 小減,-0.61,-1.9100000000000001,📉 小減,-0.64,-1.47,,,,,,25.7,34.1,0.6,📈 增,0.6,-0.8,↘️ 微減,2,4,1231.0
4746,台耀,生技醫療業,09/17,47.65,3.81,1155.0,54.7,10.7,538.0,24.94,⚖️ 溫和震盪整理,311.27819548872185,2.19,🔴5日,0.4400000000000013,10.018365418104048,8.10,📈 上升,0.7099999999999991,,,,🔥 強延續 (46.9%),,🔥 持續加碼 (0.45%),,🌐 外資日連買(4)-🆕 試單觀察 | 🌐 外資週連買(2)-🌱 週線發動,🔼 進駐,,,,,,,,,,,,,,,,,,,,,,,,,,,,,,,↘️ 微減,-0.02,0.1600000000000001,↘️ 微減,-0.02,0.15999999999999992,↗️ 微增,0.05,0.1599999999999998,📈 小增,0.78,-0.6100000000000005,,,,,,11.1,30.3,0.0,🔄 持平,0.0,0.0,➖ 持平,4,4,226.0
4755,三福化,化學工業,09/17,114.0,0.44,126.0,14.4,24.8,151.0,17.13,⏸️ 平量滯漲 (拋壓增大，高位見頂),27.43362831858407,0.84,,0.0,,22.80,🔄 持平,,,,,,,,,🌐 外資日連買(2)-🆕 試單觀察,,,,,,,,,,,,,,,,,,,,,,,,,,,,,,,,🔄 持平,0.0,-0.04,🔄 持平,-0.0,-0.04,📉 小減,-0.61,-0.040000000000000036,↘️ 微減,-0.05,-0.060000000000000005,,,,,,35.4,0,0.0,🔄 持平,-0.9,0.0,➖ 持平,3,3,400.0
4763,材料*-KY,化學工業,09/17,47.7,6.24,7502.0,348.0,11.4,7099.0,335.8,✈️ 平量大漲 (一致看漲無拋壓，加速上漲),-10.769230769230765,1.04,,0.0,,45.70,🔄 持平,,,,,,🔥 強延續 (16.9%),💤 籌碼沉澱中,🔥 持續加碼 (0.13%),🏦 投信日連買(3)-🆕 試單觀察 | 🏦 投信週連買(4)-🌱 週線發動,,,,,-372.0,-377.0,-1774.4,,,,,,,,33.0,85.0,157.4,,,,,,,,381.0,3443.0,1817.4,,,1768.0,16230.0,↘️ 微減,-0.13,0.24,📉 小減,-0.66,-0.31000000000000005,↘️ 微減,-0.41,-0.059999999999999956,↘️ 微減,-0.38,0.24000000000000002,,,,,,41.2,0,0.0,🔄 持平,-0.3,0.0,➖ 持平,3,4,2547.0
4764,雙鍵,化學工業,09/17,203.5,-2.63,1582.0,324.0,65.4,631.0,130.78,🛡️ 放量小跌 (見底信號，越跌越買反轉),375.07331378299125,2.48,🟢60日 🔵120日,0.11461970039521674,32.71053548608071,25.00,📈 上升,,,2.5049975618253875,7.235971962933466,,🔥 強延續 (3.16%),💤 籌碼沉澱中,🔥 持續加碼 (0.05%),🌐 外資日連買(4)-🆕 試單觀察 | 🌐 外資週連買(2)-🌱 週線發動,,,,,,,,,,,,,,,,,,3.6,1.03,,,,,,,,,492.0,-541.0,,,🔄 持平,0.0,-2.38,🔄 持平,-0.0,-1.3900000000000001,🔄 持平,-0.0,-3.02,↗️ 微增,0.12,-0.8300000000000001,,,,,,22.6,31.8,0.0,🔄 持平,-0.2,15.3,🚨 暴增,4,4,1342.0
4766,南寶,化學工業,09/17,342.0,1.63,179.0,61.4,14.6,108.0,36.5,⚖️ 溫和震盪整理,128.25278810408923,1.68,🟢60日,0.040000000000000924,15.74553967885088,15.80,🪜 階梯吸籌 | 📈 上升,,,2.1617275927052972,,🔥 強延續 (32.3%),,,,🌐 外資日連買(3)-🆕 試單觀察 | 🌐 外資週連買(7)-🚀 趨勢加溫,,,,,,,,,,,,,,,,,,,,,,,,,,,,137.0,-1462.0,,,🔄 持平,0.0,0.9500000000000001,🔄 持平,-0.0,-0.65,🔄 持平,-0.0,0.43999999999999995,🔄 持平,-0.0,0.30000000000000004,,,,,,13.1,0,0.0,🔄 持平,0.5,0.0,➖ 持平,3,4,215.0
4770,上品,化學工業,09/17,242.0,9.75,1415.0,341.0,23.1,558.0,130.66,🚀 放量大漲 (量價齊升，持續看漲),799.7361477572559,2.61,🔴5日 🟡20日 🟢60日,0.5400000000000009,10.329565869760929,7.60,📈 上升 | 🚀 衝進🔴5日、🟡20日榜單,0.41874962488746625,0.9374992497749322,2.5964229268780645,,🔥 強延續 (30.4%),,🔥 持續加碼 (0.54%),,🌐 外資日連買(2)-🆕 試單觀察 | 🌐 外資週連買(3)-🌱 週線發動,,,,,,,,,,-17.0,-146.0,-411.4,,,,,,19.3,2.37,,,,,,,,,-415.0,-3370.0,,,🔄 持平,0.0,0.02,🔄 持平,-0.0,0.02,↗️ 微增,0.14,-0.029999999999999916,↗️ 微增,0.04,-0.15999999999999998,,,,,,18.6,0,0.0,🔄 持平,0.0,0.0,➖ 持平,4,4,797.0
4771,望隼,生技醫療業,09/17,213.0,3.4,593.0,126.0,14.0,220.0,46.21,⚖️ 溫和震盪整理,278.37837837837844,2.73,🔴5日 🟡20日 🟢60日 🔵120日,0.4900000000000002,10.92,10.90,📈 上升 | 🚀 衝進🔴5日榜單,0.5099999999999998,1.4299999999999997,3.8600000000000003,5.96,🔥 強延續 (50.2%),,🔥 持續加碼 (0.51%),,,🔼 進駐,,,,,,,,,,,,,,,,,1.08,8.07,,,,,,,,,,,,,🔄 持平,0.0,-0.6799999999999999,🔄 持平,-0.0,-0.6799999999999999,🚨 劇減,-2.2,-2.01,↘️ 微減,-0.17,0.09999999999999999,,,,,,21.3,0,0.0,🔄 持平,-0.3,0.0,➖ 持平,4,4,343.0
4807,日成-KY,貿易百貨業,09/17,29.9,-3.55,261.0,7.84,10.8,419.0,12.69,📉 縮量小跌 (主力洗盤止跌，擇機進場),-77.60000000000001,0.62,,0.0,,67.40,🔄 持平,,,,,🔄 持平 (0%),,💤 籌碼沉澱中,,,,,,,,,,,,,,,,,,,,-1.37,22.7,,,-18.0,239.0,-53.8,,,,,,,,🔄 持平,0.0,0.0,🔄 持平,-0.0,0.0,🔄 持平,-0.0,0.0,↗️ 微增,0.02,0.030000000000000027,,,,,,36.3,0,0.0,🔄 持平,0.0,0.0,➖ 持平,2,4,221.0
4904,遠傳,通信網路業,09/17,106.5,1.43,7012.0,742.0,25.9,4572.0,482.4,⚠️ 放量滯漲 (拋壓增大，即將見頂反轉),13.109756097560975,1.54,🟡20日 🟢60日 🔵120日,0.02676330176261743,23.631196239335797,20.20,🪜 階梯吸籌 | 📈 上升,,0.44710611463883865,2.3339906549774234,2.1164952515766977,⚠️ 趨緩 (8.29%),🔥 強延續 (3.48%),💤 籌碼沉澱中,🔥 持續加碼 (0.01%),🏦 投信日連買(2)-🆕 試單觀察 | 🌐 外資週連買(5)-🚀 趨勢加溫 | 🏦 投信週連買(2)-🌱 週線發動,🔥 點火,,-20.3,-17.2,,,,,,192.0,-325.0,2044.8,,,,,,,,,,,,,,,,2032.0,-3442.0,,,↗️ 微增,0.08,-0.02999999999999998,↗️ 微增,0.08,-0.13,↗️ 微增,0.05,-0.06999999999999999,↗️ 微增,0.04,-0.08,雙引擎,,,,,29.7,0,0.0,🔄 持平,0.0,0.0,➖ 持平,5,4,6700.0
4906,正文,通信網路業,09/17,36.1,1.55,2975.0,108.0,278.0,2390.0,85.38,⚖️ 溫和震盪整理,38.107416879795394,1.26,🔴5日,0.1200000000000001,6.888833890075708,7.00,🪜 階梯吸籌 | ⚠️ 趨緩,0.35000000000000053,,,,,,🔥 持續加碼 (0.13%),,🌐 外資日連買(2)-🆕 試單觀察,,,,,,,,,,-260.0,-401.0,-938.6,,,,,,,,,,20.0,76.0,72.2,,,,-943.0,-1493.0,,,↗️ 微增,0.35,-1.7299999999999998,↘️ 微減,-0.08,-2.13,↗️ 微增,0.24,-1.6400000000000001,📈 小增,0.69,-1.5900000000000003,雙引擎,,,,,4.67,0,0.04,↗️ 微增,1.31,0.0,➖ 持平,7,3,2164.0
4912,聯德控股-KY,電子零組件業,09/17,92.7,1.98,687.0,63.2,29.8,363.0,32.72,⚖️ 溫和震盪整理,84.7953216374269,1.93,🟡20日 🟢60日,0.19000000000000483,25.8920327662503,25.90,🪜 階梯吸籌 | 📈 上升,,1.1500012137168092,1.9300012137168068,,🔄 持平 (0%),,💤 籌碼沉澱中,,🌐 外資日連買(2)-🆕 試單觀察,,,,,,,,,,,,,,,,,,2.19,6.88,-0.12,8.41,77.0,231.0,713.8,,,,,,,,↘️ 微減,-0.26,1.48,↘️ 微減,-0.34,2.68,🚀 劇增,1.93,2.61,📈 小增,0.71,1.3499999999999999,,,,,,25.3,4.12,0.0,🔄 持平,0.0,0.0,➖ 持平,4,4,844.0
4915,致伸,電子零組件業,09/17,63.9,-2.59,5324.0,343.0,12.7,8051.0,519.8,📉 縮量小跌 (主力洗盤止跌，擇機進場),-45.120000000000005,0.66,,0.0,,24.30,🔄 持平,,,,,,🔄 持平 (0.0%),,🔄 今日量縮持平,🏦 投信週連買(3)-🌱 週線發動,,,,,,,,,,,,,-66.7,62.5,,,,,,,,24.0,1476.0,153.4,983.0,2763.0,6281.4,,,6334.0,17911.0,↘️ 微減,-0.33,-3.4800000000000004,↗️ 微增,0.07,-3.3200000000000003,↗️ 微增,0.39,-2.9000000000000004,↗️ 微增,0.2,-2.8899999999999997,,0.2,64.46,65.5,🛡️ 防守成功,2.25,37.0,0.05,↗️ 微增,0.04,-0.6,↘️ 微減,3,3,3623.0
4916,事欣科,電腦及週邊設備業,09/17,103.0,9.69,4563.0,460.0,15.8,1614.0,158.34,🚀 放量大漲 (量價齊升，持續看漲),818.1636726546906,2.91,🔴5日 🟡20日,0.43999999999999995,2.8434530107257587,2.80,📈 上升 | 🚀 衝進🟡20日榜單,0.4700000000000002,0.6400000000000001,,,,,🔥 持續加碼 (0.4%),,🌐 外資日連買(2)-🆕 試單觀察,,,,,,,,,,,,,,,,,,,,,,,,,25.0,181.0,257.5,,,252.0,1731.0,🔄 持平,0.0,-2.14,📈 小增,0.75,-2.12,↗️ 微增,0.3,-2.82,↗️ 微增,0.29,-2.7199999999999998,,,,,,12.6,15.8,0.0,🔄 持平,0.0,0.0,➖ 持平,2,4,1859.0
4919,新唐,半導體業,09/17,115.0,-0.86,2095.0,243.0,,2541.0,289.0,⏸️ 平量滯漲 (拋壓增大，高位見頂),-23.584905660377352,0.84,🔴5日,-0.009999999999999787,3.3431513003596094,4.70,📉 下降,0.28905827044270804,,,,,🔄 持平 (0.0%),💤 籌碼沉澱中,🔄 今日量縮持平,,,,,,7.0,-202.0,80.5,,,,,,,,1.0,29.0,11.5,,,,,,,,29.0,480.0,333.5,,,336.0,5487.0,📈 小增,0.5,0.4500000000000001,↗️ 微增,0.05,0.21999999999999997,↗️ 微增,0.35,0.6100000000000001,↗️ 微增,0.31,0.33999999999999997,雙引擎 | 長短線,,,,,54.4,0,0.3,📈 增,0.3,0.0,➖ 持平,4,4,1173.0
4927,泰鼎-KY,電子零組件業,09/17,43.4,1.88,6487.0,285.0,,2911.0,123.94,⚖️ 溫和震盪整理,131.7073170731707,2.3,🔴5日 🟡20日 🟢60日,0.27999999999999936,8.607971688076683,8.40,🪜 階梯吸籌 | 📈 上升,0.8899999999999997,1.3899999999999997,3.1899999999999995,,🔄 持平 (0%),,🔥 持續加碼 (0.31%),,🌐 外資日連買(2)-🆕 試單觀察,,,,,,,,,,4.0,-246.0,17.4,19.1,19.6,49.0,50.0,212.7,,,,,379.0,144.0,1644.9,,,,17.6,-1019.0,,,📈 小增,0.53,2.3499999999999996,🔥 大增,1.0,2.44,↗️ 微增,0.46,2.6999999999999997,↗️ 微增,0.45,2.54,雙引擎 | 長短線,,,,,0.6,0,0.0,🔄 持平,0.0,0.0,➖ 持平,6,4,3087.0
4930,燦星網,電器電纜,09/17,16.15,0.31,113.0,1.82,,104.0,1.67,⏸️ 平量滯漲 (拋壓增大，高位見頂),-34.29602888086642,1.09,,,,2.20,,,,,,🔄 持平 (0%),,,,🌐 外資週連買(3)-🌱 週線發動,,,,,,,,0.0,-30.4,,,,,,,,,,,,,,,,,,,,,,,🔄 持平,0.0,0.0,🔄 持平,-0.0,0.0,🔄 持平,-0.0,0.0,🔄 持平,-0.0,0.0,,,,,,44.4,0,0.0,🔄 持平,0.0,0.0,➖ 持平,2,3,510.0
4934,太極,光電業,09/17,13.75,2.61,376.0,5.13,,327.0,4.4,⚖️ 溫和震盪整理,11.279826464208242,1.17,,,,3.30,,,,,,,,,,🌐 外資日連買(2)-🆕 試單觀察,,,,,,,,,,,,,,,,,,,,,,,,,,,,,,,,📉 小減,-0.57,-0.41999999999999993,↘️ 微減,-0.16,-0.37,↘️ 微減,-0.43,-0.04000000000000006,↘️ 微減,-0.18,-0.22,,,,,,27.2,0,0.0,🔄 持平,0.0,0.0,➖ 持平,3,4,293.0
4935,茂林-KY,光電業,09/17,31.65,2.76,134.0,4.19,23.8,112.0,3.49,⚖️ 溫和震盪整理,27.743902439024403,1.2,,0.0,,26.50,🔄 持平,,,,,,,,,🌐 外資日連買(2)-🆕 試單觀察,,,,,,,,,,,,,,,,,,,,,,,,,,,,,,,,↗️ 微增,0.01,0.8200000000000001,↗️ 微增,0.01,0.06,↗️ 微增,0.05,0.12,↗️ 微增,0.05,-0.22,雙引擎,,,,,18.2,0,0.0,🔄 持平,0.0,0.0,➖ 持平,4,4,143.0
4938,和碩,電腦及週邊設備業,09/17,90.4,1.57,7288.0,657.0,15.2,6476.0,581.0,⚖️ 溫和震盪整理,10.792580101180448,1.13,🟢60日 🔵120日,0.07098774316017753,31.95804076571784,31.20,📈 上升,,,2.6626777869159923,2.5202631143284187,,🔥 強延續 (4.03%),,🔥 持續加碼 (0.01%),🏦 投信日連買(2)-🆕 試單觀察 | 🏦 投信週連買(8)-🚀 趨勢加溫,,,,,,,,,,,,,,,,,,,,0.03,8.14,,,,31.0,6900.0,280.2,,,279.0,61765.0,↗️ 微增,0.08,1.2999999999999998,↘️ 微減,-0.01,1.29,↘️ 微減,-0.01,1.3499999999999999,↗️ 微增,0.13,1.46,雙引擎 | 長短線,,,,,5.93,0,0.0,🔄 持平,0.0,0.0,➖ 持平,4,3,11676.0
4942,嘉彰,光電業,09/17,31.2,-0.64,115.0,3.58,10.8,134.0,4.19,⏸️ 平量滯漲 (拋壓增大，高位見頂),-50.688705234159784,0.85,,,,6.10,,,,,,,,,,,,⚠️ 初危,,,,,,,,,,,,,,,,,,,,,,,,,,,,,,↗️ 微增,0.01,-0.3499999999999999,↗️ 微增,0.01,-0.3499999999999999,↗️ 微增,0.01,0.14,↗️ 微增,0.01,0.14,雙引擎,,,,,16.1,0,0.3,📈 增,0.3,0.0,➖ 持平,3,4,100.0
4943,康控-KY,電子零組件業,09/17,7.36,-0.27,23.0,0.16,,33.0,0.23,⚖️ 溫和震盪整理,-38.46153846153846,0.7,,,,15.60,,,,,,,,,,,,,,,,,,,,,,,,,,,,,,,,,,,,,,,,,,↗️ 微增,0.05,0.11999999999999998,↗️ 微增,0.05,0.11999999999999998,↗️ 微增,0.05,0.11999999999999998,↗️ 微增,0.11,0.20000000000000004,雙引擎 | 長短線,,,,,15.8,0,0.0,🔄 持平,0.2,0.0,➖ 持平,18,4,172.0
4949,有成精密,光電業,09/17,73.6,2.22,629.0,46.8,19.3,606.0,44.92,⚖️ 溫和震盪整理,198.08917197452226,1.04,,0.0,,3.10,🔄 持平,,,,,,,,,🌐 外資日連買(3)-🆕 試單觀察 | 🌐 外資週連買(2)-🌱 週線發動,,,,,,,,,,,,,-26.0,23.3,-13.0,7.0,-95.7,,,,,,,,,,,,,,,↗️ 微增,0.03,0.22,↗️ 微增,0.03,0.22,↗️ 微增,0.03,0.22,↗️ 微增,0.16,-0.4899999999999999,雙引擎,,,,,14.9,0,0.1,📈 增,-0.1,0.0,➖ 持平,3,4,261.0
4952,凌通,半導體業,09/17,47.45,0.21,173.0,8.2,26.7,165.0,7.78,⏸️ 平量滯漲 (拋壓增大，高位見頂),15.168539325842678,1.05,,0.0,,6.60,🔄 持平,,,,,🔄 持平 (0%),,💤 籌碼沉澱中,,🌐 外資日連買(2)-🆕 試單觀察,,,,,,,,,,,,,0.0,20.0,,,,,,,,,,,,,,,,,,🔄 持平,0.0,-1.1102230246251565e-16,↘️ 微減,-0.03,0.11000000000000001,📉 小減,-0.66,0.1099999999999999,↘️ 微減,-0.14,-0.29000000000000004,,,,,,34.1,0,0.0,🔄 持平,0.0,0.0,➖ 持平,2,4,302.0
4956,光鋐,光電業,09/17,38.75,9.93,8497.0,322.0,82.4,4033.0,144.3,🚀 放量大漲 (量價齊升，持續看漲),20.599250936329593,2.23,🔴5日 🟡20日 🟢60日 🔵120日,1.1600000000000001,12.820995934237905,12.80,🪜 階梯吸籌 | 📈 上升 | 🚀 衝進🟡20日、🟢60日、🔵120日榜單,2.66,1.1099999999999994,2.243557009407077,2.3709959342379054,🔥 強延續 (13.8%),,🔥 持續加碼 (1.17%),,🌐 外資日連買(2)-🆕 試單觀察,,,-0.57,-16.4,-29.0,-991.0,-112.4,,,,,,40.6,143.0,54.0,110.0,209.2,,,,,,,,,,,,,,,🚨 劇減,-2.55,-1.42,🚨 劇減,-1.57,0.47999999999999976,📉 小減,-0.86,-0.23999999999999977,⚠️ 大減,-1.46,-0.2800000000000001,,,,,,20.3,0,0.0,🔄 持平,-0.3,0.0,➖ 持平,5,4,1695.0
4958,臻鼎-KY,電子零組件業,09/17,476.0,-3.55,26009.0,12665.0,54.6,20952.0,10200.2,🥀 平量價縮 (下跌中繼，弱反彈信號),19.199999999999996,1.24,,0.0,,53.30,🔄 持平,,,,,,🚨 劇烈倒貨 (-2.08%),💤 籌碼沉澱中,🚨 轉賣反轉 (-0.05%),🏦 投信週連買(3)-🌱 週線發動,,,,,189.0,-1283.0,8996.4,,,775.0,-439.0,36890.0,,,,,,,,,,,,,,,,37738.0,-22339.0,,,📈 小增,0.59,-0.87,↗️ 微增,0.45,-1.3099999999999998,↗️ 微增,0.4,-1.6300000000000001,↗️ 微增,0.21,-2.04,雙引擎,,,,,29.0,0.64,0.0,🔄 持平,-3.4,0.0,➖ 持平,2,4,5075.0
4960,誠美材,光電業,09/17,22.0,10.0,7450.0,163.0,,2736.0,57.54,🚀 放量大漲 (量價齊升，持續看漲),375.21865889212836,2.83,🔴5日 🟡20日,0.16000000000000014,19.62,19.60,🪜 階梯吸籌 | 📈 上升,0.28000000000000114,0.5100000000000016,,,⚠️ 趨緩 (11.0%),,🔥 持續加碼 (0.14%),,🌐 外資日連買(3)-🆕 試單觀察 | 🌐 外資週連買(5)-🚀 趨勢加溫,,,,,,,,,,-108.0,-623.0,-237.6,,,,,,4.91,2.59,,,723.0,390.0,1590.6,,,,-236.0,-1260.0,,,↗️ 微增,0.17,-0.32000000000000006,↗️ 微增,0.18,0.13000000000000006,↗️ 微增,0.18,-0.17999999999999997,↗️ 微增,0.28,-0.27,雙引擎,,,,,4.08,11.6,0.08,↗️ 微增,0.08,-0.2,↘️ 微減,3,4,2206.0
4961,天鈺,半導體業,09/17,181.0,0.0,1702.0,311.0,20.4,1379.0,246.4,⏸️ 平量滯漲 (拋壓增大，高位見頂),-6.325301204819278,1.26,🔴5日 🟡20日 🟢60日 🔵120日,0.3999999999999986,21.7546787042691,25.00,🪜 階梯吸籌 | 📈 上升,1.6900000000000013,2.4531954841787282,6.09522994116719,7.848569017037786,🔥 強延續 (32.1%),🔄 持平 (0%),🔥 持續加碼 (0.45%),💤 籌碼沉澱中,🌐 外資日連買(5)-⚡ 買盤點火 | 🌐 外資週連買(2)-🌱 週線發動,,,,,,,,-4.33,-10.6,-167.0,-437.0,-3022.7,,,,,,9.13,25.6,,,126.0,307.0,2280.6,,,,-3056.0,-7772.0,,,🚀 劇增,2.04,1.61,📈 小增,0.75,3.13,🔥 大增,1.4,2.68,📈 小增,0.92,3.06,雙引擎 | 長短線,,,,,1.11,0,0.0,🔄 持平,0.0,0.0,➖ 持平,5,4,1791.0
4967,十銓,半導體業,09/17,271.0,-1.45,1803.0,493.0,4.17,2483.0,677.6,⏸️ 平量滯漲 (拋壓增大，高位見頂),-7.156308851224102,0.73,🔴5日 🟡20日 🟢60日,-0.17999999999999972,12.75527708485105,11.50,📉 下降 | 🚀 衝進🔴5日榜單,0.29952920842705844,4.415648465958617,5.477483098347138,,🔄 持平 (0%),🔄 持平 (0%),💤 籌碼沉澱中,💤 籌碼沉澱中,,,,0.24,-6.67,17.0,-518.0,460.7,,,,,,,,-4.0,31.0,-108.4,,,,,,,,29.0,252.0,785.9,,,794.0,6819.0,⚠️ 大減,-1.09,-0.6800000000000006,🚀 劇增,1.63,2.1900000000000004,🚀 劇增,4.44,4.380000000000001,🚀 劇增,2.45,2.16,,,,,,4.75,0,0.0,🔄 持平,0.0,0.0,➖ 持平,2,4,1392.0
4968,立積,半導體業,09/17,91.6,2.12,398.0,36.4,24.8,265.0,23.7,⚖️ 溫和震盪整理,87.62886597938144,1.54,🔴5日 🟡20日,0.09999999999999964,7.298965945065897,4.80,🪜 階梯吸籌 | ⚠️ 趨緩,0.3699999999999992,0.4499999999999993,,,🔥 強延續 (37.9%),,🔥 持續加碼 (0.16%),,🌐 外資日連買(2)-🆕 試單觀察 | 🌐 外資週連買(4)-🌱 週線發動,🔥 點火,,,,-56.0,-162.0,-513.0,,,,,,0.0,41.2,0.0,7.0,0.0,,,,,,,,,,,-348.0,-831.0,,,🔄 持平,0.0,-1.35,🔄 持平,-0.0,-1.35,↗️ 微增,0.02,-0.45999999999999996,📉 小減,-0.53,-0.5499999999999999,,,,,,8.59,0,0.0,🔄 持平,0.0,0.0,➖ 持平,10,4,325.0
4976,佳凌,光電業,09/17,35.9,-1.1,927.0,33.5,,1271.0,45.96,⏸️ 平量滯漲 (拋壓增大，高位見頂),-58.12500000000001,0.73,,0.0,,2.70,🔄 持平,,,,,,,💤 籌碼沉澱中,,,,,,,-130.0,-228.0,-466.7,,,,,,,,,,,,,,,,,,,,,,,,,↘️ 微減,-0.06,1.46,📉 小減,-0.72,0.77,↘️ 微減,-0.21,1.7799999999999998,↗️ 微增,0.01,2.26,,,,,,20.7,0,0.0,🔄 持平,-0.2,0.0,➖ 持平,1,3,555.0
4977,眾達-KY,通信網路業,09/17,173.0,-1.98,6116.0,1071.0,50.4,3895.0,672.6,🛡️ 放量小跌 (見底信號，越跌越買反轉),15.285252960172224,1.59,,-15.584332970930818,,14.50,📉 下降,,,,,,,💤 籌碼沉澱中,,,,,,,,,,,,,,,,,,,,-0.03,8.37,,,-2.0,572.0,-34.6,117.0,232.0,2024.1,,,2049.0,4069.0,🔄 持平,0.0,-2.3,🚨 劇減,-2.11,-3.2800000000000002,🚨 劇減,-2.15,-3.19,🚨 劇減,-2.28,-2.9499999999999997,,,,,,1.09,0,0.0,🔄 持平,0.75,0.0,➖ 持平,2,3,892.0
4989,榮科,電子零組件業,09/17,59.9,-2.28,3294.0,200.0,,2704.0,163.0,🥀 平量價縮 (下跌中繼，弱反彈信號),42.85714285714286,1.23,,0.0,,1.20,🔄 持平,,,,,,,,,,,,,,,,,,,,,,3.79,50.0,8.0,73.0,47.9,,,,,,,,,,,,,,,📉 小減,-0.53,-19.57,↘️ 微減,-0.47,-19.11,↘️ 微減,-0.44,-19.32,📉 小減,-0.96,-19.79,,,,,,7.34,0,0.0,🔄 持平,-0.18,0.0,➖ 持平,2,3,992.0
4994,傳奇,資訊服務業,09/17,81.5,-1.69,16.0,1.27,57.0,8.0,0.65,🛡️ 放量小跌 (見底信號，越跌越買反轉),693.75,1.95,,,,2.70,,,,,,,,,,,,,,,,,,,,,,,,,,,,,,,,,,,,,,,,,,↗️ 微增,0.04,1.55,↗️ 微增,0.04,0.2,↗️ 微增,0.04,0.2,↗️ 微增,0.02,0.11,雙引擎 | 長短線,,,,,27.1,78.8,0.0,🔄 持平,0.5,0.0,➖ 持平,18,4,85.0
4999,鑫禾,電子零組件業,09/17,17.9,0.28,62.0,1.11,,38.0,0.67,⚠️ 放量滯漲 (拋壓增大，即將見頂反轉),70.76923076923079,1.66,,,,1.60,,,,,,🔄 持平 (0%),,,,🌐 外資週連買(3)-🌱 週線發動,,,,,,,,,,,,,,,,,,,,,,,,,,,,,,,,🔄 持平,0.0,0.0,🔄 持平,-0.0,1.1,🔄 持平,-0.0,0.15000000000000002,↗️ 微增,0.01,0.16,,,,,,17.1,0,0.0,🔄 持平,0.0,0.0,➖ 持平,2,4,83.0
5007,三星,鋼鐵工業,09/17,55.6,0.0,19.0,1.07,15.7,25.0,1.41,⏸️ 平量滯漲 (拋壓增大，高位見頂),-39.8876404494382,0.76,,,,3.50,,,,,,🔄 持平 (0%),,,,,,,,,,,,,,,,,,,,,,,,,,,,,,,,,,,,↗️ 微增,0.05,-0.3,↗️ 微增,0.01,-0.05,↗️ 微增,0.01,-0.04,↗️ 微增,0.01,-0.04,雙引擎,,,,,8.96,0,0.0,🔄 持平,0.0,0.0,➖ 持平,4,4,52.0
5203,訊連,資訊服務業,09/17,58.2,1.75,114.0,6.62,13.3,127.0,7.26,⚖️ 溫和震盪整理,-6.629055007052187,0.91,🟡20日,0.05000000000000071,10.05672691164178,10.10,📈 上升,,0.4694133516415029,,,,,,,🌐 外資日連買(2)-🆕 試單觀察,,,,,,,,,,,,,,,,,,,,,,,,,,,,,,,,🔄 持平,0.0,-1.72,🔥 大增,1.04,-1.68,↘️ 微減,-0.05,-2.6399999999999997,↘️ 微減,-0.01,-2.39,,,,,,19.6,0,0.5,📈 增,0.4,0.0,➖ 持平,7,4,191.0
5215,科嘉-KY,電腦及週邊設備業,09/17,37.65,0.4,23.0,0.86,9.58,35.0,1.32,⚖️ 溫和震盪整理,-32.28346456692913,0.65,,0.0,,25.90,🔄 持平,,,,,🔄 持平 (0%),,,,,,,,,,,,-2.23,-8.98,,,,,,,,,,,,,,,,,,,,,,,🔄 持平,0.0,0.0,🔄 持平,-0.0,0.08,🔄 持平,-0.0,0.11,🔄 持平,-0.0,0.11,,,,,,11.5,0,0.0,🔄 持平,-0.2,0.0,➖ 持平,4,4,124.0
5222,全訊,半導體業,09/17,103.5,0.49,136.0,14.1,53.6,125.0,12.87,⏸️ 平量滯漲 (拋壓增大，高位見頂),91.57608695652173,1.1,,0.0,,3.20,🔄 持平,,,,,,🔄 持平 (0%),,💤 籌碼沉澱中,,,,,,,,,,,,,,,,,,,,,,,,,,,,,,,,,↘️ 微減,-0.02,-1.54,↘️ 微減,-0.02,-0.46,↘️ 微減,-0.02,-0.45,↘️ 微減,-0.02,-0.27999999999999997,,,,,,8.95,0,0.81,📈 增,0.79,0.0,➖ 持平,2,4,100.0
5225,東科-KY,其他電子業,09/17,54.7,0.74,81.0,4.38,8.25,182.0,9.69,⚖️ 溫和震盪整理,-55.260469867211434,0.45,🟡20日,-0.09000000000000341,39.68,39.70,📉 下降,,0.6099999999999994,,,⚠️ 趨緩 (13.6%),,🔥 持續加碼 (0.01%),,🌐 外資日連買(7)-⚡ 買盤點火 | 🌐 外資週連買(2)-🌱 週線發動,🔥 點火,,,,,,,,,-18.0,-252.0,-98.5,,,,,,,,,,,,,,,,-97.8,-1345.0,,,⚠️ 大減,-1.34,-1.36,⚠️ 大減,-1.27,-1.33,↗️ 微增,0.45,-1.3100000000000003,📉 小減,-0.77,-1.4000000000000004,,,,,,0.88,0,0.0,🔄 持平,-0.07,0.0,➖ 持平,3,4,232.0
5234,達興材料,光電業,09/17,294.0,4.07,300.0,87.6,35.1,199.0,56.88,🚀 放量大漲 (量價齊升，持續看漲),158.4070796460177,1.54,,,,8.00,,,,,,,🔥 強延續 (7.01%),,🆕 今日突擊卡位 (0.02%),🌐 外資日連買(2)-🆕 試單觀察,,,,,,,,,,,,,10.4,51.8,8.0,29.0,235.2,,,,,,,,,,,,,,,🔄 持平,0.0,0.05,🔄 持平,-0.0,-0.74,📈 小增,0.57,0.5599999999999999,↗️ 微增,0.06,-0.33000000000000007,,,,,,43.6,0,0.0,🔄 持平,0.1,0.0,➖ 持平,3,4,135.0
5243,乙盛-KY,光電業,09/17,88.8,0.45,1365.0,122.0,16.9,780.0,68.88,⚠️ 放量滯漲 (拋壓增大，即將見頂反轉),149.48875255623722,1.77,,0.0,,52.60,🔄 持平,,,,,,,,,🌐 外資日連買(2)-🆕 試單觀察,,,,,-431.0,-433.0,-3827.3,,,3.0,-227.0,26.6,,,1.0,16.0,8.9,,,,,,,,,,,26.8,-1981.0,,,🔥 大增,1.22,1.91,📈 小增,0.69,0.94,↗️ 微增,0.19,2.09,↘️ 微減,-0.11,0.7500000000000002,,,,,,35.6,0,0.0,🔄 持平,0.0,0.0,➖ 持平,7,4,513.0
5244,弘凱,光電業,09/17,35.45,1.87,254.0,9.07,,148.0,5.11,⚖️ 溫和震盪整理,47.47967479674797,1.77,🔴5日 🟡20日,0.18999999999999995,3.07,3.10,📈 上升,0.25,0.56,,,🔥 強延續 (54.8%),,🔥 持續加碼 (0.2%),,🌐 外資日連買(8)-⚡ 買盤點火 | 🌐 外資週連買(9)-🚀 趨勢加溫,🔼 進駐,,,,,,,,,-12.0,-201.0,-42.5,0.0,50.0,,,,,,,,,,,,,,-42.9,-686.0,,,↘️ 微減,-0.07,-0.36,↘️ 微減,-0.07,-0.36,↗️ 微增,0.03,0.7500000000000002,↘️ 微減,-0.11,0.49,,,,,,14.0,0,-0.2,🚨 減/大減,-0.2,0.0,➖ 持平,8,4,298.0
5258,虹堡,電腦及週邊設備業,09/17,42.65,1.55,326.0,13.9,9.72,313.0,13.33,⚖️ 溫和震盪整理,177.4451097804391,1.04,,0.0,,4.60,🔄 持平,,,,,,,,,🌐 外資日連買(2)-🆕 試單觀察,,,,,,,,,,,,,,,,,,,,,,,,,,,,,,,,📈 小增,0.79,-0.06000000000000005,📈 小增,0.83,0.7899999999999999,↘️ 微減,-0.41,0.27000000000000013,📉 小減,-0.84,-1.35,,,,,,16.8,0,0.0,🔄 持平,0.0,0.0,➖ 持平,5,4,360.0
5269,祥碩,半導體業,09/17,1480.0,0.34,889.0,1314.0,15.8,726.0,1028.4,⏸️ 平量滯漲 (拋壓增大，高位見頂),-41.651865008880996,1.28,🔴5日 🟡20日 🟢60日 🔵120日,0.3499528024292573,17.695710647552154,10.10,🪜 階梯吸籌 | ⚠️ 趨緩,1.1595144216829745,1.1485234795561325,5.967551077865924,7.690758196515956,🔥 強延續 (29.7%),🔄 持平 (0.0%),🔥 持續加碼 (0.36%),🔄 今日量縮持平,🌐 外資日連買(2)-🆕 試單觀察 | 🏦 投信週連買(4)-🌱 週線發動,🔼 進駐,,,,,,,,,,,,,,,,,,,,,,,,,,,,,-887.0,9887.0,↗️ 微增,0.07,0.15,↗️ 微增,0.07,0.15,↗️ 微增,0.07,0.2,↗️ 微增,0.07,0.20999999999999994,雙引擎 | 長短線,,,,,33.0,0,0.0,🔄 持平,0.3,0.0,➖ 持平,4,4,218.0
5283,禾聯碩,電器電纜,09/17,53.3,0.76,40.0,2.1,8.19,40.0,2.12,⏸️ 平量滯漲 (拋壓增大，高位見頂),98.11320754716981,0.99,,0.0,,1.60,🔄 持平,,,,,🔄 持平 (0%),,,,🌐 外資日連買(2)-🆕 試單觀察 | 🌐 外資週連買(3)-🌱 週線發動,,,,,,,,-1.74,-11.3,,,,,,,,,,,,,,,,,,,,,,,🔄 持平,0.0,1.0,🔄 持平,-0.0,2.7755575615628914e-17,🔄 持平,-0.0,2.7755575615628914e-17,🔄 持平,-0.0,2.7755575615628914e-17,,,,,,15.9,29.1,0.0,🔄 持平,-7.0,2.9,⚠️ 大增,1,4,194.0
5284,jpp-KY,其他業,09/17,293.5,0.51,233.0,68.5,18.6,226.0,66.8,⏸️ 平量滯漲 (拋壓增大，高位見頂),18.512110726643606,1.03,🔴5日,0.060000000000002274,52.42520151152098,51.70,🛡️ 穩健吸籌 | 📈 上升,0.3500000000000014,,,,,,,,,,,,,,,,,,,,,23.1,300.0,3.0,12.0,88.0,,,,,,,,,,,,,943.0,4553.0,↗️ 微增,0.11,0.7999999999999999,↗️ 微增,0.11,0.7999999999999999,↗️ 微增,0.34,1.0699999999999998,↘️ 微減,-0.48,2.87,,,,,,31.5,6.0,0.0,🔄 持平,-1.2,0.0,➖ 持平,7,4,196.0
5285,界霖,半導體業,09/17,88.7,5.6,2105.0,185.0,28.8,1313.0,112.9,🚀 放量大漲 (量價齊升，持續看漲),181.1550151975684,1.64,🔴5日 🟡20日 🟢60日 🔵120日,0.75,8.669930420074785,8.70,📈 上升 | 🚀 衝進🟡20日榜單,1.1399999999999997,0.7299999999999995,1.3924001263963444,5.779999999999999,🔥 強延續 (38.6%),,🔥 持續加碼 (0.8%),,,🔼 進駐,,,,,,,-4.19,-7.76,,,,61.1,222.0,22.0,40.0,195.1,,,,,,,,,,,-343.0,-657.0,,,↘️ 微減,-0.24,0.86,↘️ 微減,-0.44,1.71,↘️ 微減,-0.42,1.0699999999999998,↗️ 微增,0.37,0.69,,,,,,21.6,0,0.0,🔄 持平,0.0,0.0,➖ 持平,5,4,844.0
5288,豐祥-KY,電機機械,09/17,188.5,1.62,166.0,31.4,12.5,105.0,19.34,⚖️ 溫和震盪整理,235.1120597652081,1.62,,0.0,,59.90,🔄 持平,,,,,🔥 強延續 (57.3%),🔄 持平 (0.0%),,🔄 今日量縮持平,🌐 外資日連買(3)-🆕 試單觀察,🔥 點火,,,,,,,-7.47,-17.1,,,,,,,,,,,,,,,,,,,-549.0,-1373.0,,,🔄 持平,0.0,0.0,🔥 大增,1.16,0.06000000000000005,↗️ 微增,0.02,0.1,↗️ 微增,0.14,0.36000000000000015,,,,,,55.6,0,0.0,🔄 持平,0.1,0.0,➖ 持平,3,4,150.0
5292,華懋,綠能環保,09/17,216.5,3.59,103.0,22.4,23.0,104.0,22.24,⚖️ 溫和震盪整理,-13.513513513513509,1.01,,0.0,,3.50,🔄 持平,,,,,,,💤 籌碼沉澱中,,,,,,,,,,,,,,,,,,,,,,,,,,,,,,,,,,↗️ 微增,0.04,3.1899999999999995,↗️ 微增,0.04,5.0200000000000005,↗️ 微增,0.1,4.67,↗️ 微增,0.1,6.42,雙引擎 | 長短線,,,,,7.0,0,0.0,🔄 持平,-3.7,0.0,➖ 持平,3,4,950.0
5306,桂盟,運動休閒,09/17,89.4,0.9,53.0,4.69,12.7,138.0,12.26,⚖️ 溫和震盪整理,-30.518518518518512,0.38,,,,13.00,,,,,,,🔄 持平 (0%),,💤 籌碼沉澱中,,,,,,,,,,,,,,,,,,,,,,,,,,,,,,,,,🔄 持平,0.0,0.0,↗️ 微增,0.03,0.71,↗️ 微增,0.03,0.73,↗️ 微增,0.03,0.19,,,,,,38.5,0,0.0,🔄 持平,0.1,0.0,➖ 持平,5,3,141.0
5388,中磊,通信網路業,09/17,73.9,2.78,2094.0,154.0,16.5,1765.0,127.16,⚖️ 溫和震盪整理,18.461538461538463,1.21,,0.0,,11.80,🔄 持平,,,,,,,,,,,,,,2.0,-187.0,14.8,,,,,,,,,,,,,,,,,,-274.0,204.0,-2024.9,,,-2015.0,1420.0,⚠️ 大減,-1.27,-8.170000000000002,🚨 劇減,-1.56,-9.409999999999998,⚠️ 大減,-1.31,-9.379999999999999,🚨 劇減,-1.73,-10.120000000000001,,,,,,4.59,38.1,0.0,🔄 持平,-0.06,0.0,➖ 持平,3,2,622.0
5434,崇越,電子通路業,09/17,530.0,-1.3,611.0,326.0,19.8,582.0,311.6,⏸️ 平量滯漲 (拋壓增大，高位見頂),-16.836734693877553,1.05,🔵120日,-0.0888667667177856,33.48413320144768,30.10,📉 下降,,,,3.907675491947277,,🔄 持平 (0%),,💤 籌碼沉澱中,,,,,,,,,,,,,,,,,,,,,,,,,,,,,,,1601.0,3029.0,↗️ 微增,0.1,0.38000000000000006,↘️ 微減,-0.34,0.33999999999999997,🔄 持平,-0.0,-0.76,↗️ 微增,0.46,0.54,雙引擎 | 長短線,,,,,6.37,0,0.0,🔄 持平,-0.11,0.0,➖ 持平,4,4,482.0
5469,瀚宇博,電子零組件業,09/17,73.0,-2.28,2252.0,167.0,13.5,1408.0,103.08,🛡️ 放量小跌 (見底信號，越跌越買反轉),4.374999999999996,1.62,,-15.087849211997549,,8.00,📉 下降,,,,,,🔄 持平 (0.0%),,🔄 今日量縮持平,,,,,,-22.0,-140.0,-160.6,,,38.0,-306.0,277.4,-11.4,44.4,-5.0,12.0,-36.5,,,,,,,,,,,282.0,-2224.0,,,↗️ 微增,0.12,2.17,↗️ 微增,0.49,1.6099999999999999,↗️ 微增,0.21,0.9,↗️ 微增,0.11,0.83,雙引擎 | 長短線,,,,,29.3,3.5,0.0,🔄 持平,0.0,0.0,➖ 持平,1,4,1888.0
5471,松翰,半導體業,09/17,51.1,0.79,582.0,29.8,30.8,706.0,36.14,⏸️ 平量滯漲 (拋壓增大，高位見頂),25.73839662447257,0.82,,0.0,,10.40,🔄 持平,,,,,,,,,,,,,,,,,,,,,,,,,,,,,,,,,,,,,,,,,↗️ 微增,0.02,-0.62,↗️ 微增,0.02,-2.17,↘️ 微減,-0.33,-1.75,🚨 劇減,-1.51,-1.79,,,,,,10.7,46.7,0.0,🔄 持平,-0.1,5.4,🚨 暴增,3,4,487.0
5484,慧友,光電業,09/17,39.4,-0.76,119.0,4.72,29.0,118.0,4.67,⏸️ 平量滯漲 (拋壓增大，高位見頂),-4.838709677419361,1.01,,,,0.80,,,,,,,,,,,,,,,,,,,,,,,,,,,,,,,,,,,,,,,,,,↘️ 微減,-0.01,-0.08,↘️ 微減,-0.01,-0.08,🔄 持平,-0.0,-0.02000000000000011,🔄 持平,-0.0,0.019999999999999993,,,,,,24.7,0,0.0,🔄 持平,0.0,0.0,➖ 持平,2,4,155.0
5515,建國,建材營造業,09/17,49.55,1.02,132.0,6.53,5.02,254.0,12.53,⚖️ 溫和震盪整理,-53.02158273381294,0.52,🟢60日,0.0,13.019345230034723,13.00,📈 上升 | 🔄 洗盤回歸,,,1.3331746643518265,,,,,,,,,,,,,,-8.64,-10.3,,,,0.0,100.0,,,,,,,,,,,,,,,,,,↘️ 微減,-0.09,1.78,↗️ 微增,0.41,1.7999999999999998,↘️ 微減,-0.25,1.37,↘️ 微減,-0.07,1.31,,,,,,32.8,31.1,0.0,🔄 持平,0.1,0.0,➖ 持平,5,4,564.0
5519,隆大,建材營造業,09/17,25.25,0.4,200.0,5.02,5.36,295.0,7.57,⚖️ 溫和震盪整理,-22.291021671826627,0.66,,,,3.60,,,,,,,,,,,,,,,,,,,,,,,,,,,,,,,,,,,,,,,,,,🔄 持平,0.0,-0.19,↗️ 微增,0.02,0.91,↗️ 微增,0.03,0.76,↗️ 微增,0.03,0.17000000000000004,,,,,,11.7,0,-0.6,🚨 減/大減,0.0,0.0,➖ 持平,4,4,296.0
5521,工信,建材營造業,09/17,10.65,1.91,1693.0,17.9,11.1,1079.0,11.38,⚖️ 溫和震盪整理,143.8692098092643,1.57,,0.0,,7.40,🔄 持平,,,,,,,,,🌐 外資日連買(2)-🆕 試單觀察 | 🌐 外資週連買(2)-🌱 週線發動,,,,,1.0,-198.0,1.1,,,,,,,,,,,,,,,,,,,,,,,,,↗️ 微增,0.22,0.75,↗️ 微增,0.2,0.9500000000000002,↗️ 微增,0.21,1.05,↗️ 微增,0.4,1.38,雙引擎 | 長短線,,,,,3.82,0,0.0,🔄 持平,0.0,0.0,➖ 持平,10,4,3544.0
5522,遠雄,建材營造業,09/17,60.7,1.17,574.0,34.9,6.06,787.0,47.98,⏸️ 平量滯漲 (拋壓增大，高位見頂),-49.49348769898697,0.73,,0.0,,4.40,🔄 持平,,,,,🔄 持平 (0%),🔄 持平 (0%),,💤 籌碼沉澱中,,,,,,,,,,,,,,20.0,50.0,,,,,,1.46,7.15,,,,142.0,659.0,861.9,,,863.0,4012.0,↗️ 微增,0.19,-0.39,↘️ 微減,-0.02,-0.54,↗️ 微增,0.09,-0.71,↘️ 微減,-0.07,-0.67,,,,,,35.6,7.87,0.0,🔄 持平,0.0,0.0,➖ 持平,3,4,376.0
5525,順天,建材營造業,09/17,21.9,0.69,40.0,0.88,5.64,52.0,1.14,⏸️ 平量滯漲 (拋壓增大，高位見頂),-3.296703296703296,0.77,,,,1.80,,,,,,🔄 持平 (0%),,,,,,,,,,,,,,,,,,,,,,,,,,,,,,,,,,,,↘️ 微減,-0.01,-0.05,↘️ 微減,-0.01,-0.03,↘️ 微減,-0.01,-0.04,↘️ 微減,-0.01,-0.05,,,,,,19.8,0,0.0,🔄 持平,0.0,0.0,➖ 持平,2,4,128.0
5531,鄉林,建材營造業,09/17,7.26,1.97,277.0,2.01,66.0,340.0,2.44,⚖️ 溫和震盪整理,-31.399317406143357,0.82,,,,2.50,,,,,,,,,,🌐 外資日連買(2)-🆕 試單觀察,,,,,,,,,,,,,,,,,,,,,,,,,,,,,,,,↗️ 微增,0.02,-0.06,↗️ 微增,0.11,0.12,↘️ 微減,-0.09,-0.18000000000000002,↗️ 微增,0.07,-0.15999999999999998,雙引擎,,,,,25.7,75.6,0.0,🔄 持平,2.3,0.0,➖ 持平,3,4,519.0
5533,皇鼎,建材營造業,09/17,13.9,0.0,159.0,2.22,23.6,154.0,2.15,⏸️ 平量滯漲 (拋壓增大，高位見頂),-25.752508361204008,1.03,,,,2.40,,,,,,,,,,,,,,,,,,,,,,,,,,,,,,,,,,,,,,,,,,↗️ 微增,0.14,0.16000000000000006,↗️ 微增,0.14,0.16000000000000003,↗️ 微增,0.14,0.22999999999999998,↗️ 微增,0.12,0.37,雙引擎 | 長短線,,,,,10.2,0,0.1,📈 增,0.1,0.0,➖ 持平,7,4,1025.0
5534,長虹,建材營造業,09/17,74.4,2.06,329.0,24.3,12.7,618.0,45.46,📈 價升量縮 (量價背離，下方承接看拉高),-38.79093198992444,0.53,,0.0,,9.20,🔄 持平,,,,,🔄 持平 (0%),🔄 持平 (0%),💤 籌碼沉澱中,💤 籌碼沉澱中,,,,,,,,,,,,,,,,,,,,,,,,,,5.0,252.0,37.2,,,36.9,1847.0,↘️ 微減,-0.37,-1.2,📉 小減,-0.66,-1.2200000000000002,🔄 持平,-0.0,-1.4499999999999997,📉 小減,-0.78,-1.1199999999999999,,,,,,9.36,0,0.0,🔄 持平,0.0,0.0,➖ 持平,1,4,1177.0
5538,東明-KY,鋼鐵工業,09/17,35.25,0.57,30.0,1.07,8.1,53.0,1.87,⚖️ 溫和震盪整理,-54.66101694915253,0.57,,0.0,,64.00,🔄 持平,,,,,,,,,,,,-6.33,-18.7,,,,,,,,,,,,,,,,3.06,7.45,,,,,,,,,,,🔄 持平,0.0,-0.66,🔄 持平,-0.0,-0.66,🔄 持平,-0.0,-0.66,↗️ 微增,0.2,-0.2,,,,,,25.5,0,0.0,🔄 持平,0.0,0.0,➖ 持平,1,4,72.0
5546,永固-KY,建材營造業,09/17,14.75,-0.34,13.0,0.19,,19.0,0.27,⚖️ 溫和震盪整理,-13.636363636363635,0.7,,,,53.90,,,,,,🔄 持平 (0%),,,,🌐 外資日連買(2)-🆕 試單觀察,,,0.0,-8.7,,,,,,,,,,,,,,,,,,,,,,,,,,,,⚠️ 大減,-1.21,-1.31,↘️ 微減,-0.02,-0.08,↘️ 微減,-0.02,-0.08,↘️ 微減,-0.02,-0.08,,,,,,63.0,0,0.1,📈 增,0.1,0.0,➖ 持平,4,4,91.0
5607,遠雄港,航運業,09/17,52.9,0.57,443.0,23.5,14.5,563.0,29.68,⏸️ 平量滯漲 (拋壓增大，高位見頂),25.668449197860976,0.79,🟡20日 🟢60日 🔵120日,0.040000000000000036,5.37,5.40,📈 上升,,0.7648874484492314,1.4965066504010998,2.7162367834091214,🔥 強延續 (35.5%),,💤 籌碼沉澱中,,,🔼 進駐,,,,,,,,,,,,,,,,,,,,,,,,,,,,,,,↘️ 微減,-0.04,1.4700000000000002,↘️ 微減,-0.28,0.69,↘️ 微減,-0.09,1.23,↘️ 微減,-0.2,1.02,,,,,,17.8,18.2,0.0,🔄 持平,0.0,0.0,➖ 持平,3,4,2830.0
5608,四維航,航運業,09/17,16.9,1.5,3603.0,60.1,169.0,3054.0,51.0,⏸️ 平量滯漲 (拋壓增大，高位見頂),9.671532846715337,1.18,🔴5日 🟢60日,0.1899999999999995,6.35,6.40,🪜 階梯吸籌 | 📈 上升 | 🚀 衝進🔴5日榜單,0.45999999999999996,,1.4099999999999993,,,,🔥 持續加碼 (0.17%),,🌐 外資日連買(3)-🆕 試單觀察 | 🌐 外資週連買(3)-🌱 週線發動,,,,,-53.0,-283.0,-89.6,,,,,,,,,,,,,,,,,,218.0,252.0,368.4,,,,,📉 小減,-0.89,1.3900000000000001,↘️ 微減,-0.4,1.47,📉 小減,-0.57,1.51,↘️ 微減,-0.46,1.4000000000000001,,,,,,8.47,0,0.0,🔄 持平,0.0,0.0,➖ 持平,3,4,1982.0
5706,鳳凰,觀光餐旅,09/17,43.75,-0.34,79.0,3.47,11.3,81.0,3.58,⏸️ 平量滯漲 (拋壓增大，高位見頂),70.93596059113302,0.97,,0.0,,1.90,🔄 持平,,,,,🔄 持平 (0%),,,,,,,,,,,,,,,,,,,,,,,,,,,,,,,,,,,,↘️ 微減,-0.01,-0.04,↘️ 微減,-0.01,-0.04,↘️ 微減,-0.01,0.019999999999999997,↗️ 微增,0.13,0.30999999999999994,,,,,,30.0,9.56,0.0,🔄 持平,0.5,0.0,➖ 持平,2,4,120.0
5871,中租-KY,其他業,09/17,112.0,-0.44,3409.0,382.0,10.0,4491.0,504.0,⏸️ 平量滯漲 (拋壓增大，高位見頂),-27.514231499051235,0.76,🟢60日 🔵120日,0.013240338663514706,43.264724509796,44.80,🪜 階梯吸籌 | ⚠️ 趨緩,,,2.6963676253154816,4.484688617590514,,📉 調節洗盤 (-3.46%),,🚨 轉賣反轉 (-0.01%),🌐 外資週連買(2)-🌱 週線發動 | 🏦 投信週連買(3)-🌱 週線發動,,,,,-36.0,-159.0,-403.2,,,-144.0,-1319.0,-1612.8,,,,,,,,,,,,,,,,-1613.0,-14728.0,,,↘️ 微減,-0.01,-0.44,↘️ 微減,-0.01,-1.11,↘️ 微減,-0.01,-1.1,↘️ 微減,-0.01,-0.37000000000000005,,,,,,4.44,16.2,0.0,🔄 持平,0.01,-0.4,↘️ 微減,3,4,4092.0
5876,上海商銀,金融保險業,09/17,49.95,0.4,6710.0,334.0,14.2,6934.0,342.4,⏸️ 平量滯漲 (拋壓增大，高位見頂),7.741935483870965,0.98,🔴5日 🟡20日 🟢60日 🔵120日,0.051710271578016886,55.78184823034247,55.60,🪜 階梯吸籌 | 📈 上升,0.22409127184559452,1.1627780259057658,3.3566888461892006,3.48681151971536,🔥 強延續 (31.6%),🔥 強延續 (8.57%),🔥 持續加碼 (0.04%),🔥 持續加碼 (0.01%),🌐 外資日連買(13)-🔥 波段認養 | 🏦 投信日連買(3)-🆕 試單觀察 | 🌐 外資週連買(3)-🌱 週線發動 | 🏦 投信週連買(3)-🌱 週線發動,🔥 點火,,-10.9,-10.4,,,,,,134.0,-6564.0,669.3,-5.26,28.6,,,,,,,,,,,,,,666.0,-32365.0,,,↗️ 微增,0.39,0.49000000000000005,↗️ 微增,0.33,0.41000000000000003,↗️ 微增,0.33,0.55,↗️ 微增,0.27,0.44000000000000006,雙引擎 | 長短線,,,,,6.46,0,0.0,🔄 持平,0.0,0.0,➖ 持平,12,4,14641.0
5880,合庫金,金融保險業,09/17,27.55,0.73,20509.0,563.0,18.5,20894.0,566.0,⏸️ 平量滯漲 (拋壓增大，高位見頂),4.646840148698894,0.99,🟡20日 🟢60日,0.0404728438222115,17.78231980674675,17.40,🪜 階梯吸籌 | 📈 上升,,0.7577452358372803,1.8630732197809827,,🔥 強延續 (35.0%),⚠️ 趨緩 (0.37%),💤 籌碼沉澱中,🔄 今日量縮持平,🌐 外資日連買(2)-🆕 試單觀察 | 🏦 投信日連買(2)-🆕 試單觀察 | 🌐 外資週連買(4)-🌱 週線發動,🔼 進駐,,,,,,,,,,,,4.35,35.8,3.0,19.0,8.3,30.7,70.5,2.48,7.39,926.0,1630.0,2551.1,714.0,2032.0,1967.1,,,1958.0,5529.0,↗️ 微增,0.18,0.52,↗️ 微增,0.15,0.44999999999999996,↗️ 微增,0.19,0.49000000000000005,↗️ 微增,0.25,0.55,雙引擎 | 長短線,,,,,28.4,0,0.7,📈 增,0.7,0.0,➖ 持平,12,4,52150.0
5906,台南-KY,貿易百貨業,09/17,39.0,0.0,1.0,0.04,975.0,2.0,0.06,⚖️ 溫和震盪整理,0.0,0.67,,0.0,,19.50,🔄 持平,,,,,🔄 持平 (0%),,,,🌐 外資週連買(2)-🌱 週線發動,,,,,,,,0.0,-12.8,,,,,,,,,,,,,,,,,,,,,,,🔄 持平,0.0,0.0,🔄 持平,-0.0,0.0,🔄 持平,-0.0,0.0,🔄 持平,-0.0,0.0,,,,,,31.4,0,0.0,🔄 持平,0.0,0.0,➖ 持平,1,3,10.0
5907,大洋-KY,貿易百貨業,09/17,4.88,-1.01,265.0,1.29,,400.0,1.95,⚖️ 溫和震盪整理,-51.320754716981135,0.66,,0.0,,51.90,🔄 持平,,,,,🔄 持平 (0%),,,,,,,,,,,,1.43,-8.97,,,,,,,,,,,,,,,,,,,,,,,↘️ 微減,-0.17,0.03000000000000004,↘️ 微減,-0.12,0.08999999999999998,↘️ 微減,-0.12,-0.32,↗️ 微增,0.11,-0.08999999999999997,,,,,,0.0,0,0.0,🔄 持平,-28.5,0.0,➖ 持平,3,4,623.0
6005,群益證,金融保險業,09/17,31.3,1.46,6322.0,198.0,6.58,6767.0,211.4,⏸️ 平量滯漲 (拋壓增大，高位見頂),-34.65346534653465,0.94,,0.0,,17.00,🔄 持平,,,,,,,,,,,,-3.26,-6.8,-172.0,-373.0,-538.4,,,,,,,,,,,,,0.84,24.7,,,,170.0,4040.0,532.1,,,532.0,12613.0,↘️ 微減,-0.06,-1.57,↘️ 微減,-0.06,-1.52,↘️ 微減,-0.08,-1.43,↘️ 微減,-0.12,-1.5,,,,,,3.07,0,0.36,📈 增,0.36,0.0,➖ 持平,15,4,10914.0
6024,群益期,金融保險業,09/17,61.5,1.49,414.0,25.4,9.03,242.0,14.76,⚠️ 放量滯漲 (拋壓增大，即將見頂反轉),172.82491944146074,1.72,,0.0,,5.00,🔄 持平,,,,,,,,,,,,,,,,,,,,,,,,,,,,,,,,,,,,,,,,,↘️ 微減,-0.12,1.3,↗️ 微增,0.23,1.29,↗️ 微增,0.45,1.16,↘️ 微減,-0.01,0.39999999999999997,,,,,,55.5,0,0.0,🔄 持平,0.0,0.0,➖ 持平,2,4,436.0
6108,競國,電子零組件業,09/17,24.3,5.65,3588.0,87.6,122.0,2529.0,58.3,✈️ 平量大漲 (一致看漲無拋壓，加速上漲),55.59502664298401,1.5,🔴5日 🟡20日 🟢60日 🔵120日,0.3000000000000007,10.32,10.30,🪜 階梯吸籌 | 📈 上升,1.1400000000000006,3.0500000000000007,6.550000000000001,8.01,⚠️ 趨緩 (12.9%),,🔥 持續加碼 (0.3%),,🌐 外資日連買(4)-🆕 試單觀察,,,,,,,,0.0,-12.1,,,,,,,,,4.62,3.62,,,,,,,,,,,,,🚨 劇減,-1.53,4.42,📉 小減,-0.97,4.19,📉 小減,-0.51,4.23,↗️ 微增,0.45,3.5300000000000002,,,,,,14.1,0,0.0,🔄 持平,0.4,0.0,➖ 持平,4,3,2494.0
6112,邁達特,資訊服務業,09/17,48.75,-1.91,3360.0,163.0,15.0,8951.0,447.06,📉 縮量小跌 (主力洗盤止跌，擇機進場),-55.5858310626703,0.36,,0.0,,1.90,🔄 持平,,,,,🔄 持平 (0%),,,,🌐 外資日連買(2)-🆕 試單觀察,,,,,,,,,,,,,-20.8,1800.0,-5.0,18.0,-24.4,,,4.35,16.5,-137.0,662.0,-667.9,256.0,868.0,1248.0,,,1245.0,4306.0,↗️ 微增,0.15,0.77,↘️ 微減,-0.34,0.24,↘️ 微減,-0.02,0.8999999999999999,↘️ 微減,-0.02,0.46,,,,,,51.4,0,0.0,🔄 持平,0.0,0.0,➖ 持平,2,4,568.0
6115,鎰勝,電子零組件業,09/17,44.05,0.57,143.0,6.32,12.8,98.0,4.33,⏸️ 平量滯漲 (拋壓增大，高位見頂),-4.387291981845687,1.46,,,,5.20,,,,,,🔄 持平 (0%),,,,🌐 外資日連買(2)-🆕 試單觀察 | 🌐 外資週連買(2)-🌱 週線發動,,,,,,,,,,,,,,,,,,,,,,,,,,,,,,,,🔄 持平,0.0,-0.6000000000000001,🔄 持平,-0.0,-1.11,🔄 持平,-0.0,-1.05,🔄 持平,-0.0,-1.05,,,,,,11.8,0,0.0,🔄 持平,0.0,0.0,➖ 持平,2,3,106.0
6116,彩晶,光電業,09/17,13.95,-1.41,18960.0,269.0,,20734.0,290.6,⏸️ 平量滯漲 (拋壓增大，高位見頂),13.502109704641342,0.93,,0.0,,4.50,🔄 持平,,,,,,,💤 籌碼沉澱中,,,,,,,,,,,,,,,,,,,,,,,,640.0,1317.0,892.8,829.0,2962.0,1156.5,,,1175.0,4145.0,📈 小增,0.64,0.51,📈 小增,0.61,0.6499999999999999,📈 小增,0.66,0.64,📈 小增,0.63,0.5399999999999998,雙引擎 | 長短線,,,,,14.0,0,0.4,📈 增,0.4,0.0,➖ 持平,2,4,8170.0
6117,迎廣,電腦及週邊設備業,09/17,60.9,0.33,166.0,10.2,12.9,133.0,8.2,⏸️ 平量滯漲 (拋壓增大，高位見頂),49.122807017543856,1.24,,,,1.30,,,,,,🔥 強延續 (29.7%),,,,🌐 外資日連買(2)-🆕 試單觀察,,,,,,,,,,,,,,,,,,,,,,,,,,,,55.2,-465.0,,,📈 小增,0.82,2.07,📈 小增,0.81,2.08,📈 小增,0.8,1.2000000000000002,📈 小增,0.82,1.3,雙引擎 | 長短線,,,,,34.2,0,0.0,🔄 持平,-0.4,0.0,➖ 持平,7,4,294.0
6120,達運,光電業,09/17,12.3,2.5,1196.0,14.7,9.04,1436.0,17.63,⚖️ 溫和震盪整理,47.0,0.83,,0.0,,8.50,🔄 持平,,,,,,,,,🌐 外資日連買(2)-🆕 試單觀察,,,,,-82.0,-151.0,-100.9,,,,,,20.0,20.0,,,,,,,,,,,,,,,,,,🔄 持平,0.0,-0.28000000000000014,↘️ 微減,-0.16,-0.43000000000000016,↘️ 微減,-0.27,-1.0700000000000003,↘️ 微減,-0.23,-0.78,,,,,,28.9,0,0.0,🔄 持平,0.2,0.0,➖ 持平,3,4,1140.0
6128,上福,電腦及週邊設備業,09/17,19.15,0.0,52.0,1.0,,83.0,1.56,⚖️ 溫和震盪整理,75.43859649122808,0.64,,,,4.50,,,,,,🔄 持平 (0%),,,,🌐 外資週連買(7)-🚀 趨勢加溫,,,,,,,,0.0,-7.78,,,,,,,,,,,,,,,,,,,,,,,↗️ 微增,0.09,0.32,↗️ 微增,0.09,0.32,↗️ 微增,0.09,0.32,↗️ 微增,0.45,1.1,雙引擎 | 長短線,,,,,26.1,0,0.0,🔄 持平,0.0,0.0,➖ 持平,2,4,380.0
6133,金橋,電子零組件業,09/17,26.05,9.92,13090.0,338.0,23.5,4140.0,103.02,🚀 放量大漲 (量價齊升，持續看漲),622.2222222222223,3.28,🔴5日 🟡20日 🟢60日,2.7199999999999998,4.68,4.70,📈 上升 | 🚀 衝進🟡20日、🟢60日榜單,3.13,2.59,2.0199999999999996,,🔥 強延續 (24.0%),,🔥 持續加碼 (2.68%),,🌐 外資日連買(2)-🆕 試單觀察,,,,,,,,,,,,,,,20.0,22.0,52.1,18.3,20.7,-0.05,32.1,571.0,632.0,1487.5,-1.0,480.0,-2.6,,,,,⚠️ 大減,-1.18,-8.673617379884035e-18,🚨 劇減,-1.91,0.8600000000000001,⚠️ 大減,-1.47,1.32,⚠️ 大減,-1.13,1.7400000000000002,,,,,,2.16,0,0.0,🔄 持平,0.0,0.0,➖ 持平,2,4,2004.0
6136,富爾特,通信網路業,09/17,24.85,0.4,195.0,4.81,36.0,271.0,6.67,⏸️ 平量滯漲 (拋壓增大，高位見頂),-16.92573402417963,0.72,,,,3.70,,,,,,🔄 持平 (0%),,💤 籌碼沉澱中,,🌐 外資日連買(2)-🆕 試單觀察 | 🌐 外資週連買(2)-🌱 週線發動,,,-6.33,-31.5,-58.0,-395.0,-144.1,,,,,,,,,,,,,,,,,,,,,,,,,↗️ 微增,0.48,1.11,↘️ 微減,-0.36,1.1,↗️ 微增,0.15,1.05,↗️ 微增,0.16,0.85,雙引擎 | 長短線,,,,,7.03,0,0.0,🔄 持平,0.0,0.0,➖ 持平,8,4,3093.0
6139,亞翔,其他電子業,09/17,696.0,-1.56,2157.0,1525.0,14.0,2071.0,1476.8,🥀 平量價縮 (下跌中繼，弱反彈信號),26.03305785123966,1.03,,-27.23744725768093,,22.00,📉 下降,,,,,,,💤 籌碼沉澱中,,,,,,,,,,,,,,,,,,,,,,-1.22,9.75,,,,-112.0,807.0,-7795.2,,,-7916.0,57625.0,📉 小減,-0.71,-0.33999999999999986,↗️ 微增,0.46,0.010000000000000231,↗️ 微增,0.25,-1.8300000000000003,↘️ 微減,-0.28,-2.3400000000000003,,,,,,26.5,3.84,0.0,🔄 持平,-0.3,0.0,➖ 持平,3,4,444.0
6141,柏承,電子零組件業,09/17,49.5,-0.8,1487.0,73.9,,2142.0,107.6,⚖️ 溫和震盪整理,19.579288025889973,0.69,🟢60日 🔵120日,-0.15000000000000036,5.21,5.20,📉 下降,,,2.69,2.64,,,💤 籌碼沉澱中,,,,⚠️ 初危,,,,,,,,,,,,,,,,,,,,,,,,,,,,,,🚨 劇減,-2.14,-0.5699999999999992,⚠️ 大減,-1.21,0.35,📉 小減,-0.67,-0.11000000000000004,↘️ 微減,-0.27,-1.34,,,,,,7.16,54.6,0.0,🔄 持平,-3.54,0.0,➖ 持平,1,4,1079.0
6142,友勁,通信網路業,09/17,8.83,-0.56,329.0,2.91,,388.0,3.42,⏸️ 平量滯漲 (拋壓增大，高位見頂),11.068702290076327,0.85,,,,2.20,,,,,,,,,,🌐 外資日連買(2)-🆕 試單觀察,,,,,,,,,,,,,,,,,,,,,,,,,,,,,,,,↗️ 微增,0.02,0.2,↗️ 微增,0.02,0.18999999999999997,↘️ 微減,-0.19,-0.47,🔄 持平,-0.0,-0.43999999999999995,,,,,,41.6,0,0.0,🔄 持平,0.0,0.0,➖ 持平,3,4,321.0
6152,百一,通信網路業,09/17,14.75,-2.64,1574.0,23.5,,1603.0,24.18,🥀 平量價縮 (下跌中繼，弱反彈信號),16.33663366336635,0.97,🔴5日,0.0,2.56,2.60,📈 上升 | 🔄 洗盤回歸,0.48,,,,,,🔥 持續加碼 (0.24%),,🌐 外資日連買(2)-🆕 試單觀察,,,,,,,,,,,,,,,,,,,,,,,,,,,,,,,,🔄 持平,0.0,0.0,📉 小減,-0.58,0.0,📉 小減,-0.62,0.41000000000000014,↗️ 微增,0.04,0.2200000000000002,,,,,,10.4,0,0.0,🔄 持平,-0.3,0.0,➖ 持平,4,3,387.0
6153,嘉聯益,電子零組件業,09/17,17.25,0.29,1457.0,25.3,,1439.0,24.82,⏸️ 平量滯漲 (拋壓增大，高位見頂),18.7793427230047,1.02,,0.0,,8.80,🔄 持平,,,,,🔥 強延續 (15.2%),,💤 籌碼沉澱中,,🌐 外資日連買(2)-🆕 試單觀察 | 🌐 外資週連買(2)-🌱 週線發動,,,,,-37.0,-215.0,-63.8,,,174.0,-1076.0,300.2,,,,,,,,,,,,,,,,302.0,-1850.0,,,↗️ 微增,0.2,0.07999999999999996,↗️ 微增,0.18,-0.21000000000000002,↘️ 微減,-0.14,-0.09,↗️ 微增,0.04,-0.12000000000000002,雙引擎,,,,,27.7,0,0.0,🔄 持平,-1.2,0.0,➖ 持平,2,4,2157.0
6155,鈞寶,電子零組件業,09/17,55.5,-1.6,620.0,34.9,30.7,739.0,41.5,🥀 平量價縮 (下跌中繼，弱反彈信號),49.14529914529915,0.84,,0.0,,7.70,🔄 持平,,,,,,,💤 籌碼沉澱中,,🌐 外資日連買(4)-🆕 試單觀察 | 🌐 外資週連買(2)-🌱 週線發動,,,,,,,,,,,,,,,,,,,,,,,,,,,,,,,,↘️ 微減,-0.04,-0.45999999999999996,↘️ 微減,-0.04,-1.4100000000000001,↘️ 微減,-0.04,-2.27,📈 小增,0.92,-1.94,,,,,,21.1,0,-0.4,🚨 減/大減,-1.4,0.0,➖ 持平,5,2,168.0
6164,華興,光電業,09/17,11.8,4.42,895.0,10.6,45.4,396.0,4.61,🚀 放量大漲 (量價齊升，持續看漲),369.02654867256643,2.3,🔵120日,0.05999999999999961,5.85,5.80,📈 上升,,,,2.4199999999999995,,,,,,,,0.31,-6.65,11.0,-257.0,13.0,,,,,,,,,,,,,,,,,,,,,,,,,↘️ 微減,-0.22,0.8800000000000001,↘️ 微減,-0.22,-0.18000000000000005,⚠️ 大減,-1.05,-0.9700000000000002,↘️ 微減,-0.33,0.35999999999999993,,,,,,7.0,0,0.0,🔄 持平,0.0,0.0,➖ 持平,2,3,172.0
6165,浪凡,數位雲端,09/17,48.6,1.14,268.0,13.1,12.4,210.0,10.05,⏸️ 平量滯漲 (拋壓增大，高位見頂),37.60504201680672,1.3,🟡20日 🔵120日,0.17999999999999972,10.95,11.00,🪜 階梯吸籌 | 📈 上升,,0.6699999999999999,,6.549999999999999,🔥 強延續 (51.1%),,🔥 持續加碼 (0.18%),,🌐 外資日連買(2)-🆕 試單觀察,🔼 進駐,,,,-69.0,-173.0,-335.3,,,,,,,,,,,,,,,,,,,,,,,,,↗️ 微增,0.15,1.5399999999999998,📉 小減,-0.85,0.35999999999999993,↗️ 微增,0.11,1.24,📉 小減,-0.54,3.4499999999999997,,,,,,0.05,0,0.0,🔄 持平,0.0,0.0,➖ 持平,4,4,411.0
6166,凌華,電腦及週邊設備業,09/17,112.0,2.28,866.0,97.8,21.4,837.0,92.74,⚖️ 溫和震盪整理,23.018867924528298,1.05,🔵120日,0.020000000000003126,19.059265770293266,19.10,📈 上升,,,,4.560312220272172,,,💤 籌碼沉澱中,,,,,,,,,,7.09,-15.4,58.0,-159.0,649.6,,,,,,,,,,,,,,,,654.0,-1744.0,,,↗️ 微增,0.05,-1.9099999999999997,📉 小減,-0.91,-3.13,⚠️ 大減,-1.03,-3.59,📉 小減,-0.75,-3.3200000000000003,,,,,,20.2,0,0.0,🔄 持平,0.0,0.0,➖ 持平,5,2,983.0
6168,宏齊,光電業,09/17,35.35,9.95,29893.0,1014.0,110.0,11862.0,383.76,🚀 放量大漲 (量價齊升，持續看漲),84.36363636363637,2.64,🔴5日 🟡20日 🔵120日,0.6600000000000001,5.927084006860923,5.90,🪜 階梯吸籌 | ⚠️ 趨緩,2.9999999999999996,2.5599999999999996,,3.049995641642383,🔄 持平 (0%),,🔥 持續加碼 (0.56%),,🌐 外資日連買(5)-⚡ 買盤點火,,,,,,,,3.22,-17.5,142.0,-965.0,502.0,89.4,216.0,337.0,488.0,1191.3,-2.44,1.59,,,-129.0,81.0,-456.0,,,,482.0,-2867.0,,,📉 小減,-0.58,-0.72,📉 小減,-0.58,-0.7199999999999998,📉 小減,-0.56,0.2899999999999997,⚠️ 大減,-1.24,0.55,,,,,,22.0,0,0.0,🔄 持平,0.1,0.0,➖ 持平,5,4,4253.0
6176,瑞儀,光電業,09/17,93.4,1.3,1661.0,155.0,11.5,2526.0,232.6,⚖️ 溫和震盪整理,26.016260162601633,0.67,,,,33.30,,,,,,,🔄 持平 (0%),,💤 籌碼沉澱中,🌐 外資日連買(2)-🆕 試單觀察,,,,,,,,,,,,,,,,,,,,-0.85,12.7,,,,-47.0,617.0,-439.0,,,-439.0,5653.0,↘️ 微減,-0.36,-4.7,↘️ 微減,-0.16,-4.82,↘️ 微減,-0.02,-4.170000000000001,↘️ 微減,-0.09,-3.65,,,,,,3.83,0,,無,,,無,2,4,1895.0
6177,達麗,建材營造業,09/17,47.65,2.03,954.0,45.3,5.25,1219.0,57.26,⚖️ 溫和震盪整理,51.0,0.79,🟡20日,0.06623766366121764,7.7554677563902175,7.10,📈 上升,,0.6804459563119938,,,🔄 持平 (0%),🔄 持平 (0%),💤 籌碼沉澱中,💤 籌碼沉澱中,🏦 投信日連買(3)-🆕 試單觀察,,,,,,,,,,,,,0.0,75.0,,,,,,,,,,,,,,,,,,↘️ 微減,-0.32,0.6599999999999999,↘️ 微減,-0.37,0.32999999999999996,📉 小減,-0.7,0.29,↘️ 微減,-0.44,-0.08999999999999997,,,,,,5.17,0,0.0,🔄 持平,0.0,0.0,➖ 持平,3,4,1539.0
6183,關貿,資訊服務業,09/17,90.9,-0.11,29.0,2.62,20.2,20.0,1.78,⏸️ 平量滯漲 (拋壓增大，高位見頂),359.64912280701765,1.47,,,,1.10,,,,,,🔄 持平 (0%),,,,,,,,,,,,,,,,,,,,,,,,,,,,,,,,,,,,🔄 持平,0.0,0.0,🔄 持平,-0.0,0.0,🔄 持平,-0.0,0.0,🔄 持平,-0.0,0.01,,,,,,49.8,0.93,0.0,🔄 持平,0.0,0.0,➖ 持平,2,3,60.0
6184,大豐電,其他業,09/17,39.55,0.25,174.0,6.86,17.0,147.0,5.82,⏸️ 平量滯漲 (拋壓增大，高位見頂),68.96551724137933,1.18,,,,2.80,,,,,,🔄 持平 (0%),,,,,,,,,,,,0.0,-18.1,,,,,,,,,,,,,,,,,,,,,,,🔄 持平,0.0,0.0,🔄 持平,-0.0,0.0,↗️ 微增,0.01,0.01,↗️ 微增,0.02,-0.23,,,,,,11.6,35.6,0.0,🔄 持平,-0.3,0.0,➖ 持平,5,4,75.0
6189,豐藝,電子通路業,09/17,47.4,1.5,303.0,14.3,11.7,288.0,13.45,⏸️ 平量滯漲 (拋壓增大，高位見頂),69.43127962085309,1.06,🔴5日 🟢60日,0.08000000000000007,8.824022476570285,8.40,🪜 階梯吸籌 | 📈 上升,0.2592550600670478,,1.9616449205178865,,🔥 強延續 (71.4%),,,,🌐 外資日連買(2)-🆕 試單觀察,🔼 進駐,,,,,,,,,-1.0,-112.0,-4.7,,,,,,,,,,,,,,,,-4.72,-525.0,,,↗️ 微增,0.27,0.67,↘️ 微減,-0.36,-5.551115123125783e-17,↗️ 微增,0.19,1.0299999999999998,↘️ 微減,-0.03,1.01,,,,,,8.76,3.67,0.0,🔄 持平,0.0,0.0,➖ 持平,7,4,773.0
6191,精成科,電子零組件業,09/17,82.2,-0.6,1748.0,144.0,14.3,1102.0,90.56,⚠️ 放量滯漲 (拋壓增大，即將見頂反轉),76.90417690417691,1.59,🟡20日 🟢60日,-0.01739637054052956,14.372895696601065,4.30,📉 下降,,0.46666505108120937,4.380244861336704,,📉 調節洗盤 (-10.8%),🔄 持平 (0%),💤 籌碼沉澱中,💤 籌碼沉澱中,🌐 外資週連買(2)-🌱 週線發動,,,,,,,,,,3.0,-271.0,24.7,-2.11,145.0,-2.0,55.0,-16.4,,,,,,,,,,,24.8,-2228.0,,,↘️ 微減,-0.15,-0.6799999999999999,↘️ 微減,-0.11,0.26999999999999996,↘️ 微減,-0.11,0.45,↗️ 微增,0.11,0.4,,,,,,41.8,0,0.0,🔄 持平,0.0,0.0,➖ 持平,2,4,2620.0
6192,巨路,其他電子業,09/17,110.5,0.91,100.0,11.1,10.7,134.0,14.86,⏸️ 平量滯漲 (拋壓增大，高位見頂),44.34330299089726,0.75,,0.0,,23.60,🔄 持平,,,,,,,,,,,,,,,,,,,,,,,,,,,,,,,,,,,,,,,,,↘️ 微減,-0.03,0.11000000000000001,↘️ 微減,-0.03,-0.8300000000000001,↘️ 微減,-0.03,-0.81,↘️ 微減,-0.01,-0.35,,,,,,7.68,0,0.0,🔄 持平,0.0,0.0,➖ 持平,1,3,153.0
6196,帆宣,其他電子業,09/17,516.0,-0.96,973.0,508.0,23.3,1317.0,684.0,⏸️ 平量滯漲 (拋壓增大，高位見頂),22.40963855421687,0.74,🔴5日 🟡20日 🟢60日 🔵120日,-0.029546134372216315,14.739125925830848,19.60,📉 下降,0.4261349230678917,0.8198988997974936,2.389978816366458,4.520579618647149,🔄 持平 (0%),⚠️ 趨緩 (0.1%),🚨 轉賣反轉 (-0.03%),🔄 今日量縮持平,🏦 投信日連買(8)-⚡ 買盤點火 | 🌐 外資週連買(3)-🌱 週線發動 | 🏦 投信週連買(2)-🌱 週線發動,,,,,,,,,,,,,0.0,25.0,,,,,,-0.94,14.8,,,,,,,,,-418.0,5607.0,📈 小增,0.54,-0.5299999999999999,📉 小減,-0.72,-0.92,↘️ 微減,-0.09,-0.88,↘️ 微減,-0.44,-1.06,,,,,,45.9,20.6,0.0,🔄 持平,-4.1,20.6,🚨 暴增,4,4,580.0
6197,佳必琪,電子零組件業,09/17,304.5,3.22,1463.0,447.0,25.5,926.0,278.6,⚖️ 溫和震盪整理,198.0,1.6,,0.0,,4.70,🔄 持平,,,,,,,,,🌐 外資日連買(2)-🆕 試單觀察,,,,,,,,,,,,,,,,,,,,,,,,,,,,,,306.0,4806.0,↘️ 微減,-0.01,-1.3599999999999999,↘️ 微減,-0.05,-1.48,↗️ 微增,0.44,-0.43,↘️ 微減,-0.01,-1.9599999999999997,,,,,,34.0,14.5,0.0,🔄 持平,0.0,0.0,➖ 持平,2,2,151.0
6201,亞弘電,其他電子業,09/17,44.8,0.79,28.0,1.25,13.9,19.0,0.84,⏸️ 平量滯漲 (拋壓增大，高位見頂),81.15942028985508,1.49,,,,1.10,,,,,,,,,,,,,,,,,,,,,,,,,,,,,,,,,,,,,,,,,,🔄 持平,0.0,0.0,🔄 持平,-0.0,0.0,🔄 持平,-0.0,0.0,🔄 持平,-0.0,0.0,,,,,,18.5,0,0.0,🔄 持平,0.0,0.0,➖ 持平,3,4,72.0
6202,盛群,半導體業,09/17,54.3,-0.37,616.0,33.7,45.2,610.0,33.38,⏸️ 平量滯漲 (拋壓增大，高位見頂),30.115830115830143,1.01,🟢60日 🔵120日,-0.019999999999999574,16.636835141730348,16.10,📉 下降,,,2.5803835005438636,7.668774008391054,🔄 持平 (0%),,💤 籌碼沉澱中,,,,,,,,,,,,,,,,,,,,,,,,,,,,,,,,,,↗️ 微增,0.12,1.5899999999999999,↗️ 微增,0.05,2.7,↗️ 微增,0.34,2.08,↗️ 微增,0.27,1.44,雙引擎 | 長短線,,,,,6.89,0,0.0,🔄 持平,-0.02,0.0,➖ 持平,7,4,1761.0
6205,詮欣,電子零組件業,09/17,63.3,2.76,522.0,33.4,27.9,255.0,15.91,⚖️ 溫和震盪整理,160.93749999999994,2.1,🟢60日,0.06999999999999984,3.6887839861728526,3.70,🪜 階梯吸籌 | 📈 上升,,,2.67,,🔄 持平 (0%),,💤 籌碼沉澱中,,🌐 外資日連買(2)-🆕 試單觀察 | 🌐 外資週連買(2)-🌱 週線發動,,,,,,,,,,-39.0,-106.0,-246.9,,,,,,,,,,,,,,,,-249.0,-656.0,,,🔄 持平,0.0,-1.3099999999999998,↘️ 微減,-0.01,-1.41,↘️ 微減,-0.06,-0.5300000000000001,↘️ 微減,-0.07,0.1499999999999999,,,,,,13.3,0,0.0,🔄 持平,0.0,0.0,➖ 持平,7,4,278.0
6206,飛捷,電腦及週邊設備業,09/17,141.5,2.54,1378.0,194.0,15.6,967.0,134.2,⚖️ 溫和震盪整理,242.75618374558303,1.45,🔴5日 🟢60日 🔵120日,0.31999999999999673,18.30695590238,20.00,📈 上升,0.7086595716143975,,4.420391181678273,10.336420101493667,🔥 強延續 (26.5%),🔄 持平 (0.0%),🔥 持續加碼 (0.26%),🔄 今日量縮持平,🌐 外資週連買(3)-🌱 週線發動 | 🏦 投信週連買(2)-🌱 週線發動,🔼 進駐,,,,,,,,,,,,,,,,,3.77,4.05,10.2,11.1,70.0,75.0,990.5,,,,,,1447.0,1569.0,↗️ 微增,0.26,2.0999999999999996,↘️ 微減,-0.32,1.3499999999999996,↗️ 微增,0.11,2.4000000000000004,↗️ 微增,0.01,1.75,雙引擎 | 長短線,,,,,20.1,0,0.0,🔄 持平,0.0,0.0,➖ 持平,3,4,725.0
6209,今國光,光電業,09/17,78.0,-2.5,7575.0,601.0,33.6,10526.0,839.8,🥀 平量價縮 (下跌中繼，弱反彈信號),-33.22222222222222,0.72,,0.0,,1.40,🔄 持平,,,,,,,💤 籌碼沉澱中,,,,,,,147.0,-552.0,1146.6,,,,,,,,60.0,14.0,468.0,,,1.97,10.3,,,,205.0,986.0,1599.0,,,1627.0,7767.0,🔥 大增,1.4,-0.9799999999999999,🔥 大增,1.37,-2.9499999999999993,↗️ 微增,0.23,-2.54,↘️ 微減,-0.16,-2.17,,,,,,12.3,13.5,0.0,🔄 持平,-0.4,0.0,➖ 持平,1,3,762.0
6213,聯茂,電子零組件業,09/17,495.0,-10.0,37381.0,19142.0,76.6,19550.0,10154.8,🩸 放量大跌 (跟風砸盤，高位出貨持續跌),67.55952380952381,1.89,,-24.23219852779092,,18.10,📉 下降,,,,,,⚠️ 趨緩 (0.95%),💤 籌碼沉澱中,🔥 持續加碼 (0.1%),🏦 投信日連買(6)-⚡ 買盤點火 | 🏦 投信週連買(2)-🌱 週線發動,,,,,,,,,,,,,29.2,48.7,328.0,475.0,16236.0,9.17,8.04,48.1,34.5,1705.0,1511.0,84397.5,1673.0,1320.0,82813.5,,,85669.0,67838.0,🚨 劇減,-1.91,6.57,🚨 劇減,-1.86,5.86,⚠️ 大減,-1.31,6.43,📉 小減,-0.77,6.5600000000000005,,,,,,20.0,0,0.0,🔄 持平,0.0,0.0,➖ 持平,2,4,2014.0
6214,精誠,資訊服務業,09/17,193.0,1.05,1401.0,269.0,18.0,2359.0,447.8,⚖️ 溫和震盪整理,-41.52173913043479,0.6,🔴5日 🟡20日 🟢60日 🔵120日,0.0800000000000054,18.53856138220248,17.10,📈 上升,0.7216011964102726,1.499211058106436,6.435243254496701,7.863812523474886,🔥 強延續 (37.7%),🔄 持平 (0%),🔥 持續加碼 (0.19%),💤 籌碼沉澱中,🌐 外資週連買(5)-🚀 趨勢加溫,,,,,,,,,,,,,46.2,250.0,42.0,95.0,810.6,-2.19,24.8,-1.66,20.2,-18.0,160.0,-347.4,-79.0,786.0,-1524.7,,,-1514.0,14780.0,🚀 劇增,2.24,12.92,🚀 劇增,2.24,12.219999999999999,🚀 劇增,1.54,11.020000000000001,🔥 大增,1.35,9.299999999999999,雙引擎 | 長短線,,,,,13.2,0,0.0,🔄 持平,0.0,0.0,➖ 持平,3,4,3868.0
6215,和椿,其他電子業,09/17,98.0,0.72,417.0,41.0,29.3,411.0,40.02,⏸️ 平量滯漲 (拋壓增大，高位見頂),88.94009216589862,1.02,,-7.0,,7.10,📉 下降,,,,,,,💤 籌碼沉澱中,,🌐 外資日連買(2)-🆕 試單觀察 | 🌐 外資週連買(3)-🌱 週線發動,,,,,,,,,,,,,,,,,,,,,,,,,,,,,,,,🔄 持平,0.0,0.0,⚠️ 大減,-1.03,-1.03,📉 小減,-0.9,0.6399999999999999,↗️ 微增,0.3,1.12,,,,,,19.6,46.8,0.3,📈 增,0.3,-0.7,↘️ 微減,2,4,276.0
6216,居易,通信網路業,09/17,19.35,-0.26,183.0,3.55,50.9,150.0,2.92,⏸️ 平量滯漲 (拋壓增大，高位見頂),32.462686567164155,1.22,,,,2.60,,,,,,,,,,🌐 外資日連買(2)-🆕 試單觀察 | 🌐 外資週連買(2)-🌱 週線發動,,,,,,,,,,,,,,,,,,,,,,,,,,,,,,,,🔄 持平,0.0,0.05,🔄 持平,-0.0,0.05,🔄 持平,-0.0,0.05,🔄 持平,-0.0,-0.83,,,,,,18.9,0,0.0,🔄 持平,-0.1,0.0,➖ 持平,3,4,85.0
6224,聚鼎,電子零組件業,09/17,86.5,-2.04,1679.0,149.0,72.1,1731.0,152.38,🥀 平量價縮 (下跌中繼，弱反彈信號),53.13463514902364,0.98,🔴5日 🟡20日 🟢60日,0.21000000000000085,9.89,9.90,🪜 階梯吸籌 | ⚠️ 趨緩,1.0700000000000003,2.9700000000000006,4.44,,🔄 持平 (0%),,🔥 持續加碼 (0.18%),,🌐 外資日連買(3)-🆕 試單觀察 | 🌐 外資週連買(10)-👑 長線主控,,,-0.06,-9.92,-2.0,-346.0,-17.3,,,,,,,,-2.0,9.0,-17.3,,,,,,,,,,,,,,,↗️ 微增,0.38,1.69,↗️ 微增,0.42,0.7199999999999999,🚀 劇增,2.72,3.0500000000000003,🚀 劇增,2.84,3.86,雙引擎 | 長短線,,,,,13.8,5.39,0.0,🔄 持平,-1.4,0.0,➖ 持平,7,4,1666.0
6225,天瀚,光電業,09/17,60.2,-0.33,174.0,10.5,,158.0,10.59,⏸️ 平量滯漲 (拋壓增大，高位見頂),13.513513513513509,0.99,🟡20日,0.41999999999999993,0.95,1.00,📈 上升,,0.8799999999999999,,,🔄 持平 (0%),,💤 籌碼沉澱中,,,,,,,,,,,,,,,,,,,,,,,,,,,,,,,,,,🔄 持平,0.0,5.69,🔄 持平,-0.0,5.69,🔄 持平,-0.0,3.35,🔄 持平,-0.0,4.94,,,,,,24.9,0,0.0,🔄 持平,0.0,0.0,➖ 持平,3,4,209.0
6226,光鼎,光電業,09/17,43.85,9.9,23028.0,1002.0,,37174.0,1304.8,🔒 縮量大漲 (鎖倉高控盤，延續上漲),283.9080459770115,0.77,🔴5日 🟡20日 🟢60日 🔵120日,2.969999999999999,12.095813406038245,11.80,📈 上升,4.02,9.67221013854104,5.625813406038245,10.715813406038244,,,🔥 持續加碼 (3.0%),,,,,8.23,-13.0,406.0,-797.0,1780.3,,,,,,-4.24,84.1,-96.0,991.0,-421.0,,,-2.05,23.4,,,,-32.0,290.0,-140.3,,,,,↗️ 微增,0.15,2.439999999999998,🚀 劇增,2.31,6.239999999999998,🚀 劇增,2.3,5.639999999999999,🚀 劇增,2.67,5.51,雙引擎 | 長短線,,,,,11.3,0,0.0,🔄 持平,-0.2,0.0,➖ 持平,4,2,3658.0
6230,尼得科超眾,電腦及週邊設備業,09/17,110.5,0.45,68.0,7.6,,163.0,18.59,⚖️ 溫和震盪整理,21.405750798722046,0.41,,0.0,,87.10,🔄 持平,,,,,🔄 持平 (0%),,,,,,,,,,,,,,,,,,,,,,0.0,-2.94,,,,,,,,,,,,,🔄 持平,0.0,0.0,🔄 持平,-0.0,0.0,🔄 持平,-0.0,0.0,🔄 持平,-0.0,0.0,,,,,,86.3,0,0.0,🔄 持平,0.0,0.0,➖ 持平,2,4,65.0
6235,華孚,電腦及週邊設備業,09/17,38.0,1.06,219.0,8.34,23.6,200.0,7.6,⏸️ 平量滯漲 (拋壓增大，高位見頂),3.990024937655856,1.1,,0.0,,3.60,🔄 持平,,,,,🔥 強延續 (74.7%),,💤 籌碼沉澱中,,🌐 外資日連買(3)-🆕 試單觀察 | 🌐 外資週連買(4)-🌱 週線發動,🔼 進駐,,,,,,,,,,,,,,,,,,,,,,,,,,,,,,,📈 小增,0.64,0.7100000000000001,↘️ 微減,-0.18,0.6900000000000001,↗️ 微增,0.1,0.5900000000000001,↘️ 微減,-0.1,0.64,,,,,,25.0,0,-0.1,🚨 減/大減,-0.2,0.0,➖ 持平,16,4,838.0
6239,力成,半導體業,09/17,274.5,0.0,13168.0,3653.0,27.2,9521.0,2608.8,⏸️ 平量滯漲 (拋壓增大，高位見頂),95.87131367292226,1.4,,0.0,,31.70,🔄 持平,,,,,,,💤 籌碼沉澱中,,🌐 外資日連買(2)-🆕 試單觀察,,,,,,,,,,,,,,,,,,,,,,,,,115.0,419.0,3156.8,,,3190.0,11440.0,↗️ 微增,0.33,-1.75,📈 小增,0.53,-1.96,📈 小增,0.51,-2.18,↗️ 微增,0.17,-2.6500000000000004,雙引擎,,,,,7.54,0,0.0,🔄 持平,-0.01,0.0,➖ 持平,5,4,6187.0
6243,迅杰,半導體業,09/17,37.2,0.54,214.0,8.0,,257.0,9.54,⏸️ 平量滯漲 (拋壓增大，高位見頂),23.456790123456784,0.84,🟡20日,0.1100000000000001,1.8,1.80,🪜 階梯吸籌 | 📈 上升,,0.44999999999999996,,,🔄 持平 (0%),,🔥 持續加碼 (0.08%),,🌐 外資日連買(2)-🆕 試單觀察 | 🌐 外資週連買(2)-🌱 週線發動,,,,,,,,,,,,,0.0,40.0,,,,,,,,,,,,,,,,,,🔄 持平,0.0,0.0,🔄 持平,-0.0,0.0,🔄 持平,-0.0,-1.33,↗️ 微增,0.03,-0.29999999999999993,,,,,,18.7,73.4,0.0,🔄 持平,0.0,0.0,➖ 持平,3,3,143.0
6257,矽格,半導體業,09/17,222.5,5.95,19035.0,4230.0,26.1,6603.0,1434.6,🚀 放量大漲 (量價齊升，持續看漲),546.7889908256881,2.95,🔴5日,1.7787601059758096,21.39884705406088,28.00,🪜 階梯吸籌 | 📈 上升,1.244357405548616,,,,🔥 強延續 (44.9%),🔄 持平 (0%),🔥 持續加碼 (1.77%),💤 籌碼沉澱中,🌐 外資日連買(2)-🆕 試單觀察 | 🌐 外資週連買(2)-🌱 週線發動,🚀 強軋,,,,-342.0,-421.0,-7609.5,,,67.0,-503.0,1490.8,66.7,50.9,32.0,27.0,712.0,,,,,,,,,,,1489.0,-10480.0,,,📈 小增,0.83,-3.4699999999999998,🔥 大增,1.02,-3.13,↗️ 微增,0.38,-3.47,↗️ 微增,0.29,-3.9499999999999993,雙引擎,,,,,4.92,0,0.0,🔄 持平,0.15,0.0,➖ 持平,4,4,3286.0
6269,台郡,電子零組件業,09/17,63.7,-2.0,2710.0,175.0,,2981.0,193.8,🥀 平量價縮 (下跌中繼，弱反彈信號),6.707317073170738,0.9,,0.0,,14.00,🔄 持平,,,,,,,,,,,,,,-213.0,-485.0,-1356.8,,,-189.0,-155.0,-1203.9,,,,,,,,,,,,,,,,-1217.0,-1018.0,,,📉 小減,-0.64,5.13,📉 小減,-0.89,5.390000000000001,📉 小減,-0.9,4.11,📉 小減,-0.7,4.04,,,,,,7.9,33.0,0.05,↗️ 微增,0.15,-0.2,↘️ 微減,3,3,3806.0
6271,同欣電,半導體業,09/17,225.0,-1.32,4871.0,1114.0,25.3,3637.0,820.4,⏸️ 平量滯漲 (拋壓增大，高位見頂),81.72920065252856,1.36,🔴5日 🟡20日 🔵120日,0.28999999999999915,34.01480332445886,31.20,🪜 階梯吸籌 | 📈 上升,0.5004505811267066,1.841369046518878,,4.842562867044034,🔄 持平 (0%),🔄 持平 (0.0%),🔥 持續加碼 (0.17%),🔄 今日量縮持平,🌐 外資日連買(4)-🆕 試單觀察 | 🏦 投信週連買(2)-🌱 週線發動,,,,,,,,,,,,,,,,,,,,,,,,,,,,,,,,📉 小減,-0.69,-3.1100000000000003,📉 小減,-0.65,-2.68,↗️ 微增,0.4,-2.86,📈 小增,0.96,-2.77,,,,,,5.74,1.89,0.0,🔄 持平,0.0,-16.91,🌟 遽減,5,2,7751.0
6272,驊陞,電子零組件業,09/17,27.0,-2.7,439.0,12.1,15.4,419.0,11.83,🥀 平量價縮 (下跌中繼，弱反彈信號),-13.571428571428578,1.02,,-2.08,,2.00,📉 下降,,,,,,,💤 籌碼沉澱中,,,,,,,,,,,,,,,,,,,,15.1,13.7,3.13,11.3,,,,,,,,,,,🔄 持平,0.0,-1.4100000000000001,🔄 持平,-0.0,-0.4,↘️ 微減,-0.01,-0.39,↘️ 微減,-0.13,-0.42,,,,,,8.99,0,0.0,🔄 持平,0.02,0.0,➖ 持平,3,4,147.0
6277,宏正,電腦及週邊設備業,09/17,78.1,2.76,294.0,22.9,18.9,180.0,13.84,⚖️ 溫和震盪整理,114.01869158878503,1.65,🟢60日 🔵120日,0.040000000000000924,12.748093473867996,12.60,🪜 階梯吸籌 | 📈 上升,,,3.0709698157629095,5.794450697668759,,,,,🌐 外資日連買(2)-🆕 試單觀察,,,-2.92,-33.3,-9.0,-149.0,-70.3,,,,,,,,,,,,,,,,,,,,,,,,,↘️ 微減,-0.4,0.99,🔥 大增,1.04,1.73,↗️ 微增,0.4,2.26,↗️ 微增,0.27,1.5100000000000002,,,,,,11.7,18.0,0.0,🔄 持平,0.0,0.0,➖ 持平,4,3,134.0
6278,台表科,光電業,09/17,184.0,0.55,2460.0,457.0,18.7,2032.0,375.2,⏸️ 平量滯漲 (拋壓增大，高位見頂),6.032482598607891,1.22,🟡20日,0.04307799271358803,12.827659060617211,16.90,📈 上升,,0.7082146347452216,,,,⚠️ 趨緩 (0.37%),💤 籌碼沉澱中,🔄 今日量縮持平,🏦 投信日連買(5)-⚡ 買盤點火 | 🏦 投信週連買(4)-🌱 週線發動,,,0.01,-6.07,1.0,-540.0,18.4,,,,,,,,,,,,,,,,,,,,,,,4400.0,1605.0,📈 小增,0.94,2.59,↗️ 微增,0.31,2.62,↘️ 微減,-0.14,2.11,↘️ 微減,-0.14,2.3100000000000005,,,,,,9.15,5.02,0.0,🔄 持平,0.0,0.0,➖ 持平,7,4,2759.0
6281,全國電,電子通路業,09/17,50.9,0.0,64.0,3.26,13.6,38.0,1.94,⚠️ 放量滯漲 (拋壓增大，即將見頂反轉),50.92592592592591,1.68,,,,2.60,,,,,,🔄 持平 (0%),,,,,,,-26.3,-22.2,,,,,,,,,,,,,,,,,,,,,,,,,,,,🔄 持平,0.0,0.0,🔄 持平,-0.0,0.0,🔄 持平,-0.0,0.0,↘️ 微減,-0.41,0.46,,,,,,13.0,11.6,0.0,🔄 持平,0.0,0.0,➖ 持平,4,3,30.0
6282,康舒,電子零組件業,09/17,42.75,0.23,2951.0,127.0,34.5,3708.0,158.0,⏸️ 平量滯漲 (拋壓增大，高位見頂),-5.223880597014929,0.8,,0.0,,11.80,🔄 持平,,,,,,⚠️ 趨緩 (0.34%),,🔄 今日量縮持平,🌐 外資日連買(2)-🆕 試單觀察 | 🏦 投信週連買(2)-🌱 週線發動,,,,,-64.0,-169.0,-273.6,,,-499.0,-1062.0,-2133.2,,,,,,,,,,,,,,,,-2148.0,-4547.0,,,↗️ 微增,0.08,-1.66,↘️ 微減,-0.14,-1.48,↗️ 微增,0.03,-0.9800000000000001,↘️ 微減,-0.06,-1.44,,,,,,19.9,0,0.0,🔄 持平,0.1,0.0,➖ 持平,2,4,2123.0
6283,淳安,其他電子業,09/17,17.9,-0.28,170.0,3.04,,205.0,3.79,⏸️ 平量滯漲 (拋壓增大，高位見頂),42.723004694835694,0.8,,0.0,,18.90,🔄 持平,,,,,🔄 持平 (0%),,,,,,,,,,,,-6.93,-16.8,-81.0,-220.0,-145.0,,,,,,,,,,,,,,,,,,,,🔄 持平,0.0,-0.12000000000000001,🔄 持平,-0.0,-0.10000000000000002,↗️ 微增,0.01,-0.04,↗️ 微增,0.03,-0.030000000000000027,,,,,,34.7,0,0.3,📈 增,-7.9,0.0,➖ 持平,1,4,174.0
6285,啟碁,通信網路業,09/17,226.5,3.42,3712.0,841.0,24.6,3023.0,674.4,⚖️ 溫和震盪整理,-10.053475935828882,1.25,🔵120日,0.21062055096117405,23.137110061843096,23.60,📈 上升,,,,2.5815985724439905,,,💤 籌碼沉澱中,,,,,,,,,,,,,,,,,,,,,,,,-272.0,121.0,-6160.8,,,,,,-67.9,3626.0,↘️ 微減,-0.44,-0.8900000000000001,↘️ 微減,-0.24,-1.26,↘️ 微減,-0.11,-0.56,↘️ 微減,-0.16,-0.71,,,,,,22.2,0,0.0,🔄 持平,0.0,0.0,➖ 持平,4,4,3233.0
6405,悅城,光電業,09/17,41.35,9.97,611.0,24.8,,299.0,11.65,🚀 放量大漲 (量價齊升，持續看漲),129.62962962962962,2.13,🟢60日 🔵120日,0.04999999999999982,5.49,5.50,📈 上升,,,2.1700000000000004,2.4000000000000004,,,,,🌐 外資日連買(2)-🆕 試單觀察,,,,,,,,,,,,,,,,,,,,,,,,,,,,,,,,↘️ 微減,-0.06,-0.04,🔥 大增,1.19,1.2099999999999997,↗️ 微增,0.06,-0.8,↘️ 微減,-0.05,-1.41,,,,,,8.14,0,0.0,🔄 持平,0.0,0.0,➖ 持平,4,4,158.0
6409,旭隼,其他電子業,09/17,877.0,-0.34,281.0,248.0,33.8,323.0,281.2,⏸️ 平量滯漲 (拋壓增大，高位見頂),-6.766917293233088,0.88,🟢60日,-0.0005936646231319287,58.35429215268197,52.20,📉 下降,,,3.073519100633277,,,🚨 劇烈倒貨 (-9.61%),,🚨 轉賣反轉 (-0.03%),🌐 外資日連買(3)-🆕 試單觀察 | 🏦 投信週連買(6)-🚀 趨勢加溫,,,,,,,,,,,,,,,,,,,,,,,,,,,,,,442.0,8568.0,↗️ 微增,0.34,0.6200000000000001,↗️ 微增,0.34,0.6200000000000001,↘️ 微減,-0.33,1.36,↘️ 微減,-0.34,-0.43999999999999995,,,,,,16.3,0,-0.1,🚨 減/大減,-0.2,0.0,➖ 持平,3,3,509.0
6412,群電,電子零組件業,09/17,74.0,0.27,424.0,31.4,12.2,413.0,30.56,⏸️ 平量滯漲 (拋壓增大，高位見頂),6.802721088435382,1.03,,,,5.10,,,,,,🔥 強延續 (42.2%),🔄 持平 (0.0%),,🔄 今日量縮持平,🏦 投信週連買(5)-🚀 趨勢加溫,,,,,,,,,,14.0,-107.0,103.6,,,,,,0.03,2.67,,,1.0,78.0,7.4,,,,104.0,-792.0,,,↘️ 微減,-0.02,-0.98,↘️ 微減,-0.22,-0.75,↘️ 微減,-0.03,-0.38,↘️ 微減,-0.43,-1.17,,,,,,58.9,0,0.0,🔄 持平,0.0,0.0,➖ 持平,5,3,432.0
6414,樺漢,電腦及週邊設備業,09/17,371.5,1.09,1136.0,426.0,15.0,951.0,354.0,⏸️ 平量滯漲 (拋壓增大，高位見頂),2.650602409638547,1.2,🟢60日 🔵120日,0.02999999999999403,44.4968519925816,44.30,📈 上升,,,4.294713508004449,16.562326283208336,,🔄 持平 (0.0%),,🔄 今日量縮持平,🏦 投信週連買(2)-🌱 週線發動,,,0.4,-6.21,8.0,-133.0,297.2,0.91,-9.5,,,,,,,,,,,,,,,,,,,300.0,-3446.0,,,📈 小增,0.52,-1.68,↘️ 微減,-0.02,-1.5599999999999998,↘️ 微減,-0.02,-4.3100000000000005,↘️ 微減,-0.05,-4.8,,,,,,23.2,0,0.0,🔄 持平,-1.5,0.0,➖ 持平,6,4,1506.0
6415,矽力*-KY,半導體業,09/17,411.0,-1.79,1654.0,687.0,41.6,2328.0,956.0,🥀 平量價縮 (下跌中繼，弱反彈信號),-10.546875,0.72,🔵120日,-0.020257103706640578,82.37553600989759,80.90,📉 下降,,,,2.9778199105480354,,,,,,,,,,20.0,-194.0,822.0,-2.98,-18.9,-105.0,-798.0,-4315.5,,,,,,,,,,,,,,,,-4363.0,-32896.0,,,↘️ 微減,-0.32,-0.96,↘️ 微減,-0.33,-0.47000000000000003,↗️ 微增,0.01,-1.06,📈 小增,0.5,-0.4,,,,,,11.0,27.8,0.0,🔄 持平,0.0,0.0,➖ 持平,5,4,3503.0
6416,瑞祺電通,通信網路業,09/17,119.0,0.85,1252.0,151.0,22.2,1987.0,234.2,⚖️ 溫和震盪整理,13.533834586466176,0.64,🔴5日 🟡20日 🟢60日 🔵120日,0.4900000000000002,8.627927700186207,8.60,🪜 階梯吸籌 | 📈 上升 | 🚀 衝進🔴5日榜單,0.40000000000000036,1.0899999999999999,3.8499999999999996,5.078119933261039,🔄 持平 (0%),,🔥 持續加碼 (0.48%),,🌐 外資日連買(3)-🆕 試單觀察 | 🌐 外資週連買(5)-🚀 趨勢加溫,,,,,,,,,,,,,0.0,200.0,0.0,8.0,0.0,,,4.08,28.4,,,,37.0,209.0,440.3,,,446.0,2475.0,📈 小增,0.58,1.01,📈 小增,0.59,-1.31,🔥 大增,1.35,0.5100000000000002,🔥 大增,1.42,1.89,雙引擎 | 長短線,,,,,27.6,0,0.0,🔄 持平,0.1,0.0,➖ 持平,3,4,802.0
6426,統新,通信網路業,09/17,363.0,10.0,1230.0,444.0,91.7,3131.0,991.0,🔒 縮量大漲 (鎖倉高控盤，延續上漲),-51.52838427947598,0.45,🔴5日 🟡20日 🟢60日 🔵120日,0.4900000000000002,15.288405307850113,14.90,🪜 階梯吸籌 | ⚠️ 趨緩 | 🚀 衝進🔴5日榜單,0.9043057467085607,5.476421875405748,6.186421875405749,7.156421875405748,🔄 持平 (0%),🔄 持平 (0%),🔥 持續加碼 (0.32%),💤 籌碼沉澱中,🌐 外資日連買(2)-🆕 試單觀察 | 🌐 外資週連買(4)-🌱 週線發動,,,,,,,,,,,,,30.6,173.0,48.0,130.0,1742.4,6.23,7.04,-0.14,16.3,221.0,248.0,8022.3,,,,,,-36.1,3112.0,🚀 劇增,2.87,6.989999999999999,🚀 劇增,2.87,4.37,🚀 劇增,2.83,4.239999999999999,🚀 劇增,5.35,8.86,雙引擎 | 長短線,,,,,14.4,0,0.0,🔄 持平,0.0,0.0,➖ 持平,2,4,738.0
6431,光麗-KY,生技醫療業,09/17,17.4,-0.85,35.0,0.62,,33.0,0.58,⏸️ 平量滯漲 (拋壓增大，高位見頂),34.78260869565217,1.07,,0.0,,56.40,🔄 持平,,,,,,,,,,,,,,,,,,,,,,,,,,,,,,,,,,,,,,,,,🔄 持平,0.0,-0.15,🔄 持平,-0.0,-0.15,🔄 持平,-0.0,-0.14,↗️ 微增,0.45,0.22,,,,,,0.0,0,0.0,🔄 持平,0.0,0.0,➖ 持平,2,4,919.0
6438,迅得,其他電子業,09/17,145.5,1.04,267.0,39.1,25.2,206.0,30.04,⏸️ 平量滯漲 (拋壓增大，高位見頂),94.52736318407959,1.3,,-6.996990301537017,,7.00,📉 下降,,,,,🔄 持平 (0%),,💤 籌碼沉澱中,,🌐 外資日連買(2)-🆕 試單觀察,,,,,,,,-1.84,-15.1,-35.0,-332.0,-509.2,,,,,,,,,,,,,,,,-512.0,-4875.0,,,🔄 持平,0.0,0.05,↘️ 微減,-0.03,1.0799999999999998,↗️ 微增,0.01,1.12,↗️ 微增,0.24,2.2500000000000004,,,,,,12.8,0,0.0,🔄 持平,-0.4,0.0,➖ 持平,3,4,659.0
6442,光聖,通信網路業,09/17,1510.0,-4.13,2347.0,3653.0,43.0,2229.0,3556.0,🕳️ 平量大跌 (一致看空無承接，加速下跌),-7.095625635808744,1.03,,-37.19417312869068,,32.30,📉 下降,,,,,,🔄 持平 (0%),💤 籌碼沉澱中,💤 籌碼沉澱中,,,,1.04,-6.62,43.0,-296.0,6493.0,,,,,,,,,,,,,,,,,,,,,,,-778.0,11861.0,🔥 大增,1.16,0.8799999999999997,↗️ 微增,0.18,0.88,↗️ 微增,0.21,0.029999999999999888,📈 小增,0.85,-0.72,雙引擎,,,,,10.2,0,0.0,🔄 持平,-0.3,0.0,➖ 持平,1,3,920.0
6443,元晶,光電業,09/17,23.75,-0.21,3523.0,85.0,,2901.0,68.48,⏸️ 平量滯漲 (拋壓增大，高位見頂),-11.734164070612662,1.24,🔵120日,0.019999999999999574,12.93,12.90,🪜 階梯吸籌 | ⚠️ 趨緩,,,,5.12,,,💤 籌碼沉澱中,,,,,,,-33.0,-238.0,-78.4,,,,,,,,,,,,,,,,,,440.0,1032.0,1045.0,,,1061.0,2453.0,↗️ 微增,0.09,-0.6999999999999998,↗️ 微增,0.27,-1.25,↗️ 微增,0.25,-1.2400000000000002,↗️ 微增,0.09,-1.4000000000000001,雙引擎,,,,,0.8,0,0.0,🔄 持平,-0.28,0.0,➖ 持平,2,4,3020.0
6446,藥華藥,生技醫療業,09/17,1195.0,-0.83,2713.0,3266.0,64.6,3154.0,3833.0,⏸️ 平量滯漲 (拋壓增大，高位見頂),5.901426718547342,0.85,🔴5日 🔵120日,-0.1295265539731929,26.038874757608657,24.80,📉 下降,0.26041401131701036,,,2.6885133014013505,,🔄 持平 (0%),,💤 籌碼沉澱中,,,,1.29,-8.26,107.0,-758.0,12786.5,,,,,,6.25,88.9,1.0,8.0,119.5,,,14.1,41.9,,,,744.0,1778.0,88908.0,,,89562.0,214464.0,↘️ 微減,-0.2,-1.1899999999999997,↘️ 微減,-0.15,0.18999999999999984,↘️ 微減,-0.14,0.009999999999999343,↘️ 微減,-0.25,-0.46999999999999986,,5.1,1205,1180.0,🚨 跌破防線,9.66,13.4,0.05,↗️ 微增,-1.64,0.0,➖ 持平,2,4,3619.0
6449,鈺邦,電子零組件業,09/17,211.5,-2.53,680.0,147.0,22.9,1095.0,236.96,📉 縮量小跌 (主力洗盤止跌，擇機進場),55.06329113924051,0.62,,0.0,,5.80,🔄 持平,,,,,🚨 劇烈倒貨 (-18.2%),,🚨 轉賣反轉 (-0.13%),,🌐 外資週連買(3)-🌱 週線發動,,,,,,,,-0.3,-22.7,-2.0,-193.0,-42.3,,,,,,,,,,-31.0,88.0,-655.6,,,,-43.1,-4247.0,,,🚨 劇減,-2.19,-1.4900000000000002,🚨 劇減,-2.19,-3.3200000000000003,📉 小減,-0.65,-3.18,📉 小減,-0.69,-4.45,,,,,,15.5,0,0.0,🔄 持平,-0.7,0.0,➖ 持平,4,3,491.0
6451,訊芯-KY,半導體業,09/17,419.0,-0.48,4393.0,1880.0,371.0,2787.0,1164.0,⚠️ 放量滯漲 (拋壓增大，即將見頂反轉),43.73088685015289,1.62,🔴5日,0.0,63.210377619268144,63.20,🔄 持平,1.0096292342790107,,,,,🔄 持平 (0.0%),🚨 轉賣反轉 (-0.11%),🔄 今日量縮持平,,,,-1.22,-7.64,-116.0,-776.0,-4860.4,,,,,,-26.4,80.2,-62.0,77.0,-2597.8,,,,,,,,,,,,,2182.0,6457.0,↘️ 微減,-0.21,-1.9699999999999998,↘️ 微減,-0.21,-4.899999999999999,📉 小減,-0.78,-4.200000000000001,↘️ 微減,-0.44,-4.11,,,,,,57.1,0,0.0,🔄 持平,-2.4,0.0,➖ 持平,2,2,501.0
6456,GIS-KY,光電業,09/17,65.1,0.46,2359.0,156.0,,1818.0,116.3,⏸️ 平量滯漲 (拋壓增大，高位見頂),28.925619834710737,1.34,,0.0,,45.10,🔄 持平,,,,,,,,,🌐 外資日連買(2)-🆕 試單觀察,,,,,,,,,,,,,,,,,,,,,,258.0,155.0,1679.6,44.0,852.0,286.4,,,291.0,5337.0,⚠️ 大減,-1.24,2.3499999999999996,⚠️ 大減,-1.01,3.37,📉 小減,-0.61,2.94,📉 小減,-0.57,2.6599999999999997,,,,,,23.7,0,0.0,🔄 持平,0.0,0.0,➖ 持平,2,3,3869.0
6464,台數科,其他業,09/17,77.8,0.65,19.0,1.48,17.9,14.0,1.05,⏸️ 平量滯漲 (拋壓增大，高位見頂),311.11111111111114,1.41,,,,0.90,,,,,,🔄 持平 (0%),,,,🌐 外資日連買(2)-🆕 試單觀察,,,,,,,,,,,,,,,,,,,,,,,,,,,,,,,,🔥 大增,1.06,-0.02000000000000024,⚠️ 大減,-1.19,-0.72,↗️ 微增,0.25,0.72,↘️ 微減,-0.07,0.4,,,,,,7.73,16.6,-0.31,🚨 減/大減,0.94,0.0,➖ 持平,3,4,120.0
6472,保瑞,生技醫療業,09/17,425.0,3.16,836.0,352.0,35.0,496.0,204.2,⚖️ 溫和震盪整理,105.84795321637426,1.72,🔴5日 🟡20日 🟢60日 🔵120日,0.41999999999999993,14.274814985061374,12.60,🪜 階梯吸籌 | ⚠️ 趨緩,1.8105377780601781,1.6886289687879703,2.3954983438670503,6.349476097980672,🔥 強延續 (52.5%),🔄 持平 (0.0%),🔥 持續加碼 (0.34%),🔄 今日量縮持平,🌐 外資日連買(4)-🆕 試單觀察,🔼 進駐,,,,,,,,,,,,26.1,107.0,6.0,15.0,255.0,,,,,,,,,,,,,1096.0,6677.0,↘️ 微減,-0.23,-0.4700000000000001,↘️ 微減,-0.23,0.88,⚠️ 大減,-1.19,0.3,↘️ 微減,-0.36,0.25,,,,,,22.8,14.6,0.0,🔄 持平,-3.2,0.0,➖ 持平,4,4,333.0
6477,安集,光電業,09/17,33.8,-0.44,454.0,15.4,1127.0,461.0,15.66,⏸️ 平量滯漲 (拋壓增大，高位見頂),25.203252032520318,0.98,,0.0,,2.40,🔄 持平,,,,,,,,,,,,,,,,,,,,,,,,,,,,,,,,,,,,,,,,,↘️ 微減,-0.08,1.45,↘️ 微減,-0.08,5.551115123125783e-17,↘️ 微減,-0.08,-0.5799999999999998,↘️ 微減,-0.08,-1.9699999999999998,,,,,,16.1,0,0.0,🔄 持平,0.0,0.0,➖ 持平,2,3,259.0
6491,晶碩,生技醫療業,09/17,401.0,2.04,506.0,201.0,16.9,393.0,151.7,⚖️ 溫和震盪整理,39.58333333333333,1.32,🔴5日 🟡20日 🟢60日 🔵120日,0.3200000000000003,23.700632051282053,23.60,🪜 階梯吸籌 | 📈 上升 | 🚀 衝進🔴5日榜單,0.4400000000000013,1.1600000000000037,8.93974358974359,15.402051282051284,🔥 強延續 (50.7%),,🔥 持續加碼 (0.33%),,🌐 外資日連買(2)-🆕 試單觀察 | 🌐 外資週連買(7)-🚀 趨勢加溫,,,,,,,,,,,,,,,,,,7.13,75.0,,,59.0,380.0,2365.9,,,,,,239.0,1506.0,↘️ 微減,-0.07,0.0600000000000005,↘️ 微減,-0.07,-0.010000000000000231,↗️ 微增,0.08,0.8199999999999998,📈 小增,0.51,3.79,,,,,,38.6,0,0.0,🔄 持平,0.2,0.0,➖ 持平,4,3,544.0
6504,南六,其他業,09/17,36.95,0.96,34.0,1.25,32.1,35.0,1.28,⏸️ 平量滯漲 (拋壓增大，高位見頂),-21.875,0.98,,,,0.90,,,,,,,,,,🌐 外資日連買(2)-🆕 試單觀察,,,,,,,,,,,,,,,,,,,,,,,,,,,,,,,,↗️ 微增,0.07,0.15999999999999998,↗️ 微增,0.07,0.15999999999999998,↗️ 微增,0.07,0.15999999999999998,↗️ 微增,0.07,0.15999999999999998,雙引擎 | 長短線,,,,,21.4,0,0.0,🔄 持平,0.0,0.0,➖ 持平,2,4,60.0
6505,台塑化,油電燃氣業,09/17,86.2,7.08,36254.0,3094.0,15.0,31806.0,2679.4,✈️ 平量大漲 (一致看漲無拋壓，加速上漲),55.6338028169014,1.15,,,,6.70,,,,,,,🔥 強延續 (15.0%),,🔥 持續加碼 (0.06%),🏦 投信日連買(3)-🆕 試單觀察 | 🏦 投信週連買(3)-🌱 週線發動,,,-28.4,-25.6,-3441.0,-2988.0,-29661.4,,,,,,,,223.0,62.0,1922.3,,,3.34,39.6,,,,193.0,1693.0,1663.7,,,1647.0,14252.0,↗️ 微增,0.23,-0.030000000000000027,↗️ 微增,0.27,0.010000000000000009,↗️ 微增,0.27,-0.02999999999999997,↗️ 微增,0.26,0.030000000000000027,雙引擎,,,,,75.8,0,0.0,🔄 持平,0.0,0.0,➖ 持平,3,4,18365.0
6515,穎崴,半導體業,09/17,6120.0,-1.45,467.0,2937.0,98.6,400.0,2616.4,⏸️ 平量滯漲 (拋壓增大，高位見頂),38.3419689119171,1.12,,0.0,,22.00,🔄 持平,,,,,,🔄 持平 (0%),,💤 籌碼沉澱中,,,,,,,,,,,,,,,,,,,1.51,-2.6,0.2,32.0,,,,,,,,,630.0,83317.0,↗️ 微增,0.25,-0.47,↗️ 微增,0.27,-2.8600000000000003,↗️ 微增,0.1,-2.6799999999999997,⚠️ 大減,-1.32,-2.4399999999999995,,,,,,17.1,8.13,0.0,🔄 持平,-0.1,0.01,↗️ 微增,5,4,203.0
6525,捷敏-KY,半導體業,09/17,129.0,0.39,673.0,87.2,17.9,770.0,98.36,⏸️ 平量滯漲 (拋壓增大，高位見頂),-19.259259259259252,0.89,,-16.181560967714,,15.60,📉 下降,,,,,🔄 持平 (0%),,🔥 持續加碼 (0.01%),,,,,-1.05,-5.97,-24.0,-144.0,-309.6,-1.1,-9.46,-27.0,-254.0,-348.3,,,,,,,,,,,,,,,,-350.0,-3224.0,,,↗️ 微增,0.02,-0.99,📈 小增,0.71,-0.3,↗️ 微增,0.11,-1.89,↗️ 微增,0.07,-2.0,雙引擎,,,,,51.5,0,0.0,🔄 持平,0.0,0.0,➖ 持平,8,3,575.0
6526,達發,半導體業,09/17,629.0,0.0,444.0,284.0,34.9,335.0,211.0,⏸️ 平量滯漲 (拋壓增大，高位見頂),13.147410358565747,1.35,🔵120日,0.0,8.924534584924869,8.00,📈 上升 | 🔄 洗盤回歸,,,,2.096400255002889,⚠️ 趨緩 (20.3%),🔄 持平 (0%),🔥 持續加碼 (0.05%),💤 籌碼沉澱中,🌐 外資日連買(8)-⚡ 買盤點火 | 🌐 外資週連買(2)-🌱 週線發動,,,,,,,,,,,,,0.0,50.0,,,,,,,,,,,,,,1150.0,-5380.0,,,🔄 持平,0.0,0.06,🔄 持平,-0.0,0.03,🔄 持平,-0.0,0.030000000000000027,↘️ 微減,-0.01,0.36000000000000004,,,,,,66.4,0,0.0,🔄 持平,0.0,0.0,➖ 持平,6,3,294.0
6531,愛普*,半導體業,09/17,920.0,-3.06,3045.0,2839.0,53.0,3550.0,3352.2,🥀 平量價縮 (下跌中繼，弱反彈信號),-7.373572593800981,0.85,🟡20日 🟢60日 🔵120日,-0.31447332439486075,38.81111477468296,33.00,📉 下降,,1.380814437936479,2.137756614294659,4.4938113968821085,,⚠️ 趨緩 (0.3%),💤 籌碼沉澱中,🔥 持續加碼 (0.01%),,,,2.24,-7.99,127.0,-504.0,11684.0,,,,,,,,,,,,,-0.65,75.3,,,,-16.0,1051.0,-1472.0,,,-1491.0,96146.0,🚀 劇增,1.54,0.52,🚀 劇增,2.13,-0.5399999999999998,📈 小增,0.81,1.4800000000000004,🚀 劇增,1.72,0.6499999999999999,雙引擎 | 長短線,,,,,16.8,0.43,0.0,🔄 持平,-0.1,0.0,➖ 持平,2,4,1423.0
6533,晶心科,半導體業,09/17,251.5,9.83,2132.0,530.0,,1079.0,257.6,🚀 放量大漲 (量價齊升，持續看漲),364.91228070175436,2.06,🔴5日,0.379999999999999,10.258359174230844,10.10,📈 上升,0.639742981523078,,,,,🔄 持平 (0.0%),,🔄 今日量縮持平,🌐 外資日連買(2)-🆕 試單觀察,,,,,,,,,,,,,3.6,66.8,45.0,519.0,1131.8,3.43,3.24,,,72.0,68.0,1810.8,,,,,,199.0,3110.0,🔄 持平,0.0,-0.24,🔄 持平,-0.0,-0.25,🔄 持平,-0.0,-0.25,📉 小減,-0.82,-1.9999999999999998,,,,,,13.9,0,0.0,🔄 持平,0.0,0.0,➖ 持平,2,3,166.0
6541,泰福-KY,生技醫療業,09/17,30.8,0.82,307.0,9.39,,320.0,9.86,⏸️ 平量滯漲 (拋壓增大，高位見頂),47.17868338557996,0.95,,,,13.80,,,,,,🔄 持平 (0%),,,,🌐 外資日連買(2)-🆕 試單觀察 | 🌐 外資週連買(2)-🌱 週線發動,,,,,,,,,,,,,,,,,,,,,,,,,,,,,,,,🔄 持平,0.0,-0.010000000000000009,↗️ 微增,0.31,0.3,↗️ 微增,0.29,-0.45999999999999996,↗️ 微增,0.13,-0.7999999999999999,,,,,,44.0,0,0.0,🔄 持平,-0.1,0.0,➖ 持平,4,4,592.0
6550,北極星藥業-KY,生技醫療業,,,,,,,,,,,,,,,0.00,,,,,,,,,,,,,,,,,,,,,,,,,,,,,,,,,,,,,,,,,,↘️ 微減,-0.26,-0.77,↘️ 微減,-0.07,-0.6699999999999999,↘️ 微減,-0.24,-0.6700000000000002,↘️ 微減,-0.08,-0.54,,,,,,51.0,0,0.0,🔄 持平,1.5,0.0,➖ 持平,0,4,2005.0
6552,易華電,半導體業,09/17,23.95,2.35,90.0,2.15,,62.0,1.46,⚖️ 溫和震盪整理,252.45901639344262,1.47,,,,1.10,,,,,,🔄 持平 (0%),,,,,,,,,,,,-1.75,-10.1,,,,,,,,,,,,,,,,,,,,,,,🔄 持平,0.0,0.0,🔄 持平,-0.0,0.0,🔄 持平,-0.0,0.0,🔄 持平,-0.0,-0.01,,,,,,52.9,0,0.0,🔄 持平,0.0,0.0,➖ 持平,1,4,66.0
6558,興能高,其他電子業,09/17,23.8,1.49,101.0,2.42,,128.0,3.03,⏸️ 平量滯漲 (拋壓增大，高位見頂),71.63120567375887,0.8,,0.0,,2.10,🔄 持平,,,,,🔥 強延續 (18.8%),,,,🌐 外資日連買(3)-🆕 試單觀察,,,,,,,,-1.6,-8.04,-36.0,-193.0,-85.7,,,,,,,,,,,,,,,,,,,,🔄 持平,0.0,0.0,🔄 持平,-0.0,0.0,↗️ 微增,0.06,0.85,↗️ 微增,0.04,1.1,,,,,,26.3,0,0.0,🔄 持平,0.0,0.0,➖ 持平,4,4,166.0
6573,虹揚-KY,半導體業,09/17,16.75,3.4,274.0,4.59,11.6,137.0,2.23,⚖️ 溫和震盪整理,166.86046511627904,2.06,,,,54.40,,,,,,,,,,,,,,,,,,,,,,,,,,,,,,,,,,,,,,,,,,↘️ 微減,-0.01,-0.02,↘️ 微減,-0.01,-0.02,↘️ 微減,-0.01,0.77,🔄 持平,-0.0,-1.02,,,,,,2.13,0,0.0,🔄 持平,0.39,0.0,➖ 持平,1,4,150.0
6579,研揚,電腦及週邊設備業,09/17,152.0,2.01,296.0,44.9,15.4,219.0,32.74,⚖️ 溫和震盪整理,69.43396226415092,1.37,,0.0,,3.40,🔄 持平,,,,,🔥 強延續 (50.7%),,,,🌐 外資日連買(2)-🆕 試單觀察,🔼 進駐,,,,,,,,,,,,,,,,,,,,,,,,,,,,,,,🔄 持平,0.0,-0.01,🔄 持平,-0.0,-1.1102230246251565e-16,🔄 持平,-0.0,-0.4600000000000001,↗️ 微增,0.02,-0.8000000000000002,,,,,,55.7,0,0.0,🔄 持平,0.0,0.0,➖ 持平,5,4,144.0
6581,鋼聯,綠能環保,09/17,109.5,0.0,7.0,0.79,14.8,18.0,1.96,⚖️ 溫和震盪整理,-50.625,0.4,,,,1.10,,,,,,,,,,,,,-14.3,-41.9,,,,,,,,,,,,,,,,,,,,,,,,,,,,🔄 持平,0.0,0.01,🔄 持平,-0.0,0.01,🔄 持平,-0.0,0.01,↘️ 微減,-0.05,-0.11,,,,,,73.1,7.37,0.0,🔄 持平,0.1,0.0,➖ 持平,4,4,50.0
6582,申豐,橡膠工業,09/17,31.3,0.81,102.0,3.19,97.8,41.0,1.29,⚠️ 放量滯漲 (拋壓增大，即將見頂反轉),225.51020408163268,2.47,,,,13.20,,,,,,🔄 持平 (0%),,,,🌐 外資日連買(2)-🆕 試單觀察,,,-11.5,-11.5,,,,-4.19,-13.7,,,,,,,,,,,,,,,,,,,,,,,🔄 持平,0.0,0.0,🔄 持平,-0.0,0.0,🔄 持平,-0.0,0.0,🔄 持平,-0.0,0.0,,,,,,49.7,1.7,0.0,🔄 持平,0.0,0.0,➖ 持平,17,4,110.0
6585,鼎基,其他業,09/17,104.5,1.46,69.0,7.23,13.5,117.0,12.13,⚖️ 溫和震盪整理,-53.94904458598726,0.6,,0.0,,3.10,🔄 持平,,,,,,,,,🌐 外資日連買(2)-🆕 試單觀察,,,,,,,,-4.0,-8.7,,,,,,,,,,,,,,,,,,,,,,,↘️ 微減,-0.04,-0.09999999999999999,↘️ 微減,-0.04,-1.4200000000000002,📉 小減,-0.89,-2.38,↘️ 微減,-0.16,-2.9,,,,,,45.2,46.0,0.0,🔄 持平,0.0,0.0,➖ 持平,4,4,122.0
6589,台康生技,生技醫療業,09/17,51.2,4.6,1509.0,76.1,,903.0,43.8,🚀 放量大漲 (量價齊升，持續看漲),145.48387096774192,1.74,🔴5日 🟡20日 🟢60日,0.0,5.59,5.60,📈 上升 | 🔄 洗盤回歸 | 🚀 衝進🔴5日、🟡20日、🟢60日榜單,0.35271687577250077,0.4505497803452858,1.4118532589183497,,🔥 強延續 (49.0%),,🔥 持續加碼 (0.24%),,🌐 外資日連買(4)-🆕 試單觀察,🔼 進駐,,,,,,,,,,,,33.3,100.0,,,,,,,,,,,,,,,,,,↘️ 微減,-0.01,0.31,↗️ 微增,0.01,1.23,↗️ 微增,0.2,0.5900000000000001,↗️ 微增,0.18,0.49999999999999994,,,,,,25.1,12.3,0.0,🔄 持平,0.0,0.0,➖ 持平,4,3,242.0
6591,動力-KY,電腦及週邊設備業,09/17,42.65,1.43,70.0,2.97,13.4,67.0,2.8,⏸️ 平量滯漲 (拋壓增大，高位見頂),-7.476635514018682,1.06,,0.0,,19.10,🔄 持平,,,,,🔥 強延續 (52.6%),,💤 籌碼沉澱中,,🌐 外資日連買(2)-🆕 試單觀察 | 🌐 外資週連買(2)-🌱 週線發動,,,,,,,,,,,,,0.0,500.0,,,,,,,,,,,,,,,,,,🔄 持平,0.0,0.0,🔄 持平,-0.0,0.0,🔄 持平,-0.0,0.0,🔄 持平,-0.0,-0.020000000000000004,,,,,,18.1,33.6,0.0,🔄 持平,0.0,0.0,➖ 持平,2,4,207.0
6592,和潤企業,其他業,09/17,59.8,0.34,159.0,9.48,12.1,230.0,13.72,⚖️ 溫和震盪整理,-63.25581395348837,0.69,,,,23.00,,,,,,,🔄 持平 (0%),,💤 籌碼沉澱中,,,,,,,,,,,,,,,,,,,,,,,,,,,,,,,,,🔄 持平,0.0,0.0,🔄 持平,-0.0,0.0,↗️ 微增,0.11,0.24,↘️ 微減,-0.1,-0.04000000000000001,,,,,,59.1,0,0.0,🔄 持平,-9.3,0.0,➖ 持平,2,4,481.0
6598,ABC-KY,生技醫療業,09/17,27.9,1.82,69.0,1.91,,193.0,5.55,📈 價升量縮 (量價背離，下方承接看拉高),73.63636363636361,0.34,,0.0,,23.80,🔄 持平,,,,,🔄 持平 (0%),,💤 籌碼沉澱中,,,,,,,,,,,,,,,,,,,,,,,,,,,,,,,,,,↘️ 微減,-0.01,0.0,↘️ 微減,-0.01,-0.07,📈 小增,0.61,0.6,📈 小增,0.98,1.35,,,,,,8.19,0,0.0,🔄 持平,0.0,0.0,➖ 持平,4,4,337.0
6605,帝寶,汽車工業,09/17,136.0,0.0,1029.0,140.0,8.4,429.0,58.58,⚠️ 放量滯漲 (拋壓增大，即將見頂反轉),495.7446808510638,2.39,🔴5日 🟡20日,0.33999999999999986,12.278497154114378,15.10,📈 上升 | 🚀 衝進🟡20日榜單,0.5258769333288544,0.5846707799952977,,,🔥 強延續 (56.9%),,🔥 持續加碼 (0.35%),,🌐 外資週連買(3)-🌱 週線發動,,,,,,,,,,-113.0,-354.0,-1536.8,,,,,,3.39,2.08,,,,,,,,,-1536.0,-4840.0,,,🔄 持平,0.0,0.25,🔄 持平,-0.0,-0.24,↗️ 微增,0.02,1.06,↗️ 微增,0.01,1.26,,,,,,21.1,0,0.0,🔄 持平,0.0,0.0,➖ 持平,3,4,653.0
6606,建德工業,電機機械,09/17,25.05,1.42,72.0,1.8,17.3,72.0,1.8,⏸️ 平量滯漲 (拋壓增大，高位見頂),-48.275862068965516,1.0,,,,3.70,,,,,,,,,,🌐 外資日連買(2)-🆕 試單觀察,,,,,,,,,,,,,,,,,,,,,,,,,,,,,,,,↗️ 微增,0.12,1.09,↗️ 微增,0.12,0.37,↗️ 微增,0.02,0.37,↗️ 微增,0.02,-0.020000000000000046,雙引擎,,,,,21.9,16.6,0.0,🔄 持平,0.0,0.0,➖ 持平,3,4,295.0
6614,資拓宏宇,數位雲端,09/17,35.65,0.56,36.0,1.29,17.6,30.0,1.08,⏸️ 平量滯漲 (拋壓增大，高位見頂),258.33333333333337,1.19,,,,0.90,,,,,,🔄 持平 (0%),,,,,,,,,,,,,,,,,,,,,,,,,,,,,,,,,,,,↘️ 微減,-0.01,-0.04,↘️ 微減,-0.01,-0.04,↘️ 微減,-0.01,-0.04,↘️ 微減,-0.01,-0.04,,,,,,61.6,0,0.0,🔄 持平,0.0,0.0,➖ 持平,2,4,43.0
6625,必應,其他業,09/17,74.4,1.22,40.0,3.0,7.19,83.0,6.11,⚖️ 溫和震盪整理,73.41040462427746,0.49,,0.0,,1.80,🔄 持平,,,,,🔄 持平 (0%),,,,🌐 外資日連買(3)-🆕 試單觀察,,,,,,,,,,,,,,,,,,,,,,,,,,,,,,,,🔄 持平,0.0,0.0,🔄 持平,-0.0,0.0,🔄 持平,-0.0,0.0,🔄 持平,-0.0,0.71,,,,,,14.4,12.2,0.0,🔄 持平,2.3,0.0,➖ 持平,3,4,91.0
6641,基士德-KY,綠能環保,09/17,17.05,0.89,14.0,0.24,21.3,13.0,0.22,⏸️ 平量滯漲 (拋壓增大，高位見頂),300.0,1.09,,,,26.70,,,,,,,,,,,,,,,,,,,,,,,,,,,,,,,,,,,,,,,,,,🔄 持平,0.0,0.0,🔄 持平,-0.0,0.0,🔄 持平,-0.0,-0.04,🔄 持平,-0.0,-0.24,,,,,,12.5,0,0.0,🔄 持平,-0.8,0.0,➖ 持平,1,2,18.0
6655,科定,其他業,09/17,124.5,1.22,13.0,1.61,25.7,10.0,1.2,⏸️ 平量滯漲 (拋壓增大，高位見頂),1241.6666666666667,1.34,,,,0.60,,,,,,🔄 持平 (0%),,,,,,,,,,,,,,,,,,,,,,,,,,,,,,,,,,,,↘️ 微減,-0.07,-0.08,↘️ 微減,-0.08,-0.09,↘️ 微減,-0.08,-0.09,↘️ 微減,-0.08,-0.09,,,,,,22.7,0,0.0,🔄 持平,0.0,0.0,➖ 持平,9,2,64.0
6657,華安,生技醫療業,09/17,34.3,1.33,123.0,4.25,,208.0,7.24,⚖️ 溫和震盪整理,8.974358974358987,0.59,,0.0,,6.90,🔄 持平,,,,,🔄 持平 (0%),,💤 籌碼沉澱中,,,,,,,,,,0.0,-18.8,,,,,,,,,,,,,,,,,,,,,,,↘️ 微減,-0.34,-0.32,↘️ 微減,-0.34,-0.32,⚠️ 大減,-1.12,-1.03,📈 小增,0.57,0.67,,,,,,9.27,0,0.0,🔄 持平,-0.09,-2.42,✅ 大減,3,2,315.0
6658,聯策,其他電子業,09/17,169.0,0.9,215.0,36.6,41.0,146.0,24.6,⏸️ 平量滯漲 (拋壓增大，高位見頂),24.914675767918084,1.49,,0.0,,1.90,🔄 持平,,,,,,,💤 籌碼沉澱中,,,,,,,,,,,,,,,,,,,,,,,,,,,,,,,,,,↗️ 微增,0.09,0.22999999999999998,↗️ 微增,0.11,0.34,↗️ 微增,0.11,0.34,↗️ 微增,0.13,0.3399999999999999,雙引擎 | 長短線,,,,,20.0,34.3,0.0,🔄 持平,13.65,0.0,➖ 持平,4,4,75.0
6666,羅麗芬-KY,生技醫療業,09/17,44.75,0.9,16.0,0.73,13.1,32.0,1.42,⚖️ 溫和震盪整理,-41.12903225806451,0.51,,,,75.30,,,,,,🔄 持平 (0%),,,,,,,,,,,,,,,,,,,,,,,,,,,,,,,,,,,,🔄 持平,0.0,0.0,🔄 持平,-0.0,0.0,🔄 持平,-0.0,0.0,🔄 持平,-0.0,0.0,,,,,,43.7,0,0.0,🔄 持平,0.0,0.0,➖ 持平,2,3,100.0
6668,中揚光,光電業,09/17,44.8,3.7,3244.0,143.0,,3446.0,149.28,⚖️ 溫和震盪整理,-34.403669724770644,0.96,🔴5日 🟡20日,0.0,10.4,10.40,📈 上升 | 🔄 洗盤回歸 | 🚀 衝進🔴5日、🟡20日榜單,0.40000000000000036,0.6799999999999997,,,,,🔥 持續加碼 (0.9%),,,,,,,,,,,,,,,36.7,447.0,22.0,67.0,98.6,,,,,,,,,,,,,,,↘️ 微減,-0.02,-0.2,↘️ 微減,-0.02,-0.2,↘️ 微減,-0.03,1.0999999999999999,↘️ 微減,-0.03,1.09,,,,,,22.5,2.97,0.0,🔄 持平,10.8,0.0,➖ 持平,2,4,1309.0
6669,緯穎,電腦及週邊設備業,09/17,2135.0,-1.39,5762.0,12533.0,6.81,4308.0,9546.4,⏸️ 平量滯漲 (拋壓增大，高位見頂),-37.0580554439534,1.31,,0.0,,21.60,🔄 持平,,,,,,🔄 持平 (0%),,💤 籌碼沉澱中,,,☠️ 極危,,,,,,,,,,,,,35.0,172.0,7472.5,-1.69,16.3,,,-59.0,480.0,-12596.5,38.0,883.0,8113.0,,,8266.0,197446.0,🚨 劇減,-1.52,-1.3600000000000003,📉 小減,-0.96,-0.8599999999999997,🚨 劇減,-2.04,-2.7199999999999998,🚨 劇減,-2.07,-4.17,,12.85,2135 / 2150 / 2165,2140.0,🚨 跌破防線,36.8,0,0.0,🔄 持平,0.0,0.0,➖ 持平,5,4,547.0
6670,復盛應用,運動休閒,09/17,273.5,1.3,113.0,30.9,11.2,134.0,36.62,⏸️ 平量滯漲 (拋壓增大，高位見頂),27.685950413223146,0.84,🟡20日 🟢60日,0.030000000000001137,23.603594275413386,24.90,📈 上升,,0.5614264157956868,2.4753326010602166,,🔄 持平 (0%),🔄 持平 (0%),,💤 籌碼沉澱中,🌐 外資週連買(5)-🚀 趨勢加溫,,,,,,,,,,,,,,,,,,,,,,,,,,,,,,,,↘️ 微減,-0.05,-0.12000000000000002,📈 小增,0.53,0.4600000000000001,↘️ 微減,-0.05,0.9400000000000001,↗️ 微增,0.01,-0.11000000000000021,,,,,,8.44,0,0.01,↗️ 微增,2.36,0.0,➖ 持平,3,4,338.0
6671,三能-KY,居家生活,09/17,22.95,0.44,20.0,0.46,10.5,8.0,0.19,⚠️ 放量滯漲 (拋壓增大，即將見頂反轉),64.28571428571428,2.42,,,,40.00,,,,,,,,,,🌐 外資日連買(2)-🆕 試單觀察,,,,,,,,,,,,,,,,,,,,,,,,,,,,,,,,🔄 持平,0.0,0.010000000000000009,🔄 持平,-0.0,-0.16000000000000003,🔄 持平,-0.0,1.0,↗️ 微增,0.01,0.18,,,,,,2.78,0,0.01,↗️ 微增,0.78,0.0,➖ 持平,6,4,150.0
6672,騰輝電子-KY,電子零組件業,09/17,293.5,-3.45,10177.0,3033.0,40.9,5124.0,1521.2,🛡️ 放量小跌 (見底信號，越跌越買反轉),102.6052104208417,1.99,🟡20日,-1.8499999999999979,22.856902601808127,21.70,📉 下降,,0.7891905626596696,,,,🔄 持平 (0.0%),💤 籌碼沉澱中,🔄 今日量縮持平,,,,,,,,,,,,,,,,,,,,,0.72,10.8,,,,26.0,355.0,763.1,,,775.0,10555.0,🚨 劇減,-2.56,0.08000000000000007,📈 小增,0.68,5.49,🔥 大增,1.48,3.39,🚀 劇增,2.58,3.5999999999999996,,,,,,11.2,10.1,0.0,🔄 持平,-0.1,-6.7,🌟 遽減,2,4,4048.0
6674,鋐寶科技,通信網路業,09/17,15.65,-1.88,22.0,0.35,,10.0,0.15,🛡️ 放量小跌 (見底信號，越跌越買反轉),483.3333333333333,2.33,,,,0.60,,,,,,,,,,🌐 外資日連買(2)-🆕 試單觀察,,,,,,,,,,,,,,,,,,,,,,,,,,,,,,,,🔄 持平,0.0,0.0,🔄 持平,-0.0,-1.33,🔄 持平,-0.0,-1.33,🔄 持平,-0.0,-0.48,,,,,,47.6,0,0.0,🔄 持平,0.0,0.0,➖ 持平,1,4,30.0
6689,伊雲谷,數位雲端,09/17,65.5,-2.24,941.0,61.8,30.2,2965.0,208.3,📉 縮量小跌 (主力洗盤止跌，擇機進場),-62.9940119760479,0.3,,,,4.30,,,,,,🔄 持平 (0%),,💤 籌碼沉澱中,,,,,,,,,,,,,,,,,-3.0,12.0,-19.6,,,,,-19.0,392.0,-124.4,,,,,,,,↗️ 微增,0.05,0.18,↗️ 微增,0.05,0.18,↗️ 微增,0.07,0.21,📈 小增,0.67,0.81,雙引擎 | 長短線,,,,,16.6,8.85,0.0,🔄 持平,0.0,0.0,➖ 持平,2,4,422.0
6691,洋基工程,其他電子業,09/17,610.0,-1.29,464.0,287.0,20.1,394.0,242.2,⏸️ 平量滯漲 (拋壓增大，高位見頂),-19.83240223463687,1.18,🔴5日 🟡20日,-0.05374400220207143,15.580602734184904,12.40,📉 下降 | 🚀 衝進🟡20日榜單,2.1786507346949815,1.0321543097092043,,,,🔄 持平 (0%),,💤 籌碼沉澱中,,,🚨 高危,,,,,,,,,,,,,,,,,,4.93,12.8,,,,,,,,,2969.0,7128.0,↗️ 微增,0.02,0.5,↗️ 微增,0.02,-0.99,↗️ 微增,0.01,-1.0400000000000003,↗️ 微增,0.05,-0.71,雙引擎,,,,,14.6,14.7,1.3,🔥 大增,1.3,-1.4,✅ 大減,4,4,235.0
6695,芯鼎,半導體業,09/17,49.55,3.44,483.0,23.8,,294.0,14.0,⚖️ 溫和震盪整理,85.9375,1.7,,,,2.80,,,,,,,,,,🌐 外資日連買(2)-🆕 試單觀察,,,,,,,,,,,,,40.0,55.6,8.0,10.0,39.6,,,,,,,,,,,,,,,↗️ 微增,0.08,-0.52,↘️ 微減,-0.05,-0.48000000000000004,↘️ 微減,-0.05,-0.46,↘️ 微減,-0.05,-0.46,,,,,,12.2,61.5,0.0,🔄 持平,-6.5,0.0,➖ 持平,3,4,442.0
6698,旭暉應材,其他電子業,09/17,31.65,-0.78,116.0,3.74,,105.0,3.34,⏸️ 平量滯漲 (拋壓增大，高位見頂),9.677419354838701,1.12,,-1.98,,2.00,📉 下降,,,,,⚠️ 趨緩 (19.9%),,🔥 持續加碼 (0.03%),,🌐 外資日連買(10)-🔥 波段認養 | 🌐 外資週連買(5)-🚀 趨勢加溫,,,,,,,,,,,,,,,,,,,,,,,,,,,,,,,,🔄 持平,0.0,0.0,🔄 持平,-0.0,0.0,↘️ 微減,-0.02,-0.07000000000000006,↘️ 微減,-0.03,-0.09,,,,,,25.1,0,0.0,🔄 持平,0.0,0.0,➖ 持平,10,4,211.0
6706,惠特,光電業,09/17,145.0,-1.36,12351.0,1849.0,,14440.0,2098.8,⏸️ 平量滯漲 (拋壓增大，高位見頂),10.520023909145237,0.88,,0.0,,4.10,🔄 持平,,,,,,,💤 籌碼沉澱中,,,,,1.98,-5.29,152.0,-437.0,2204.0,,,,,,21.5,78.7,55.0,137.0,797.5,,,1.25,7.09,,,,63.0,337.0,913.5,,,943.0,4962.0,↗️ 微增,0.01,-0.08,🔥 大增,1.03,-0.08999999999999986,📈 小增,0.9,0.7900000000000003,↗️ 微增,0.28,-0.9499999999999997,雙引擎,,,,,10.0,40.5,0.0,🔄 持平,0.0,0.0,➖ 持平,3,4,1628.0
6715,嘉基,電子零組件業,09/17,394.0,0.25,5910.0,2458.0,256.0,2796.0,1071.0,⚠️ 放量滯漲 (拋壓增大，即將見頂反轉),88.208269525268,2.3,🔴5日 🔵120日,0.31658862440013547,7.219317828280912,3.10,🪜 階梯吸籌 | ⚠️ 趨緩 | 🚀 衝進🔴5日榜單,0.3061638902660153,,,2.489427826841135,,🔄 持平 (0%),🔥 持續加碼 (1.16%),💤 籌碼沉澱中,🌐 外資日連買(4)-🆕 試單觀察,,,,,,,,,,,,,,,,,,,,3.95,19.9,,,,,,,,,1622.0,6068.0,↘️ 微減,-0.41,-1.3200000000000003,🚨 劇減,-1.84,-2.7800000000000002,↗️ 微增,0.18,-1.92,⚠️ 大減,-1.32,-3.32,,,,,,47.5,0,0.0,🔄 持平,-0.8,0.0,➖ 持平,2,4,204.0
6719,力智,半導體業,09/17,181.0,0.28,467.0,85.7,20.4,400.0,72.58,⏸️ 平量滯漲 (拋壓增大，高位見頂),130.3763440860215,1.18,,-6.956255366300188,,6.80,📉 下降,,,,,🔄 持平 (0%),🔄 持平 (0%),💤 籌碼沉澱中,💤 籌碼沉澱中,🌐 外資週連買(2)-🌱 週線發動,,,,,,,,,,48.0,-138.0,868.8,,,,,,,,,,,,,,,,881.0,-2483.0,,,🔄 持平,0.0,-0.04,📈 小增,0.81,-0.0999999999999999,↘️ 微減,-0.1,-0.1199999999999999,↗️ 微增,0.21,-0.10000000000000003,,,,,,39.0,0,0.0,🔄 持平,0.0,0.0,➖ 持平,2,4,501.0
6722,輝創,其他電子業,09/17,32.4,-0.31,25.0,0.81,15.7,21.0,0.69,⏸️ 平量滯漲 (拋壓增大，高位見頂),2.5316455696202445,1.17,,,,2.60,,,,,,,,,,,,⚠️ 初危,,,,,,,,,,,,,,,,,,0.0,100.0,,,,,,,,,,,🔄 持平,0.0,0.0,🔄 持平,-0.0,0.0,🔄 持平,-0.0,0.0,🔄 持平,-0.0,0.46,,,,,,25.5,0,0.0,🔄 持平,0.4,0.0,➖ 持平,1,4,37.0
6742,澤米,光電業,09/17,51.2,9.87,1749.0,86.8,,624.0,29.84,🚀 放量大漲 (量價齊升，持續看漲),282.3788546255507,2.91,🔴5日 🟢60日,0.3700000000000001,2.99,3.00,🪜 階梯吸籌 | 📈 上升 | 🚀 衝進🟢60日榜單,0.7000000000000002,,1.37,,⚠️ 趨緩 (16.1%),,🔥 持續加碼 (0.39%),,🌐 外資日連買(2)-🆕 試單觀察 | 🌐 外資週連買(2)-🌱 週線發動,,,,,,,,,,,,,225.0,225.0,9.0,9.0,46.1,,,,,,,,,,,,,,,🔄 持平,0.0,0.0,↘️ 微減,-0.01,0.01,↗️ 微增,0.01,0.010000000000000009,↘️ 微減,-0.1,0.09999999999999987,,,,,,10.1,0,0.0,🔄 持平,0.0,0.0,➖ 持平,8,4,203.0
6743,安普新,其他電子業,09/17,29.3,0.51,299.0,8.64,,326.0,9.52,⏸️ 平量滯漲 (拋壓增大，高位見頂),-6.392199349945827,0.91,,0.0,,3.70,🔄 持平,,,,,🔄 持平 (0%),🔥 強延續 (2.59%),,🔥 持續加碼 (0.01%),🏦 投信日連買(3)-🆕 試單觀察 | 🏦 投信週連買(2)-🌱 週線發動,,,-1.14,-7.12,,,,,,,,,,,,,,,,,,,,,,,,,,,,↗️ 微增,0.24,0.54,↗️ 微增,0.24,0.54,↗️ 微增,0.24,0.54,↗️ 微增,0.25,0.23000000000000004,雙引擎 | 長短線,,,,,17.3,0,0.0,🔄 持平,0.0,0.0,➖ 持平,16,4,2087.0
6753,龍德造船,航運業,09/17,133.0,0.38,368.0,49.2,12.7,569.0,76.1,⚖️ 溫和震盪整理,32.258064516129025,0.65,,0.0,,2.20,🔄 持平,,,,,,,,,🌐 外資日連買(2)-🆕 試單觀察,,,,,,,,,,,,,,,,,,,,3.19,19.2,,,,36.0,187.0,478.8,,,482.0,2522.0,📈 小增,0.87,-2.32,📉 小減,-0.85,-0.8300000000000001,↘️ 微減,-0.25,-0.9199999999999996,📉 小減,-0.72,-1.9299999999999997,,,,,,42.4,1.81,0.0,🔄 持平,-1.5,0.0,➖ 持平,2,4,211.0
6754,匯僑設計,居家生活,09/17,41.8,2.2,44.0,1.82,12.7,18.0,0.76,⚖️ 溫和震盪整理,156.3380281690141,2.39,,,,15.50,,,,,,🔄 持平 (0%),,,,🌐 外資週連買(2)-🌱 週線發動,,,,,,,,,,,,,,,,,,,,,,,,,,,,,,,,🔄 持平,0.0,0.0,🔄 持平,-0.0,0.0,📈 小增,0.92,0.92,↗️ 微增,0.02,0.04,,,,,,42.6,0,0.0,🔄 持平,0.0,0.0,➖ 持平,4,2,29.0
6756,威鋒電子,半導體業,09/17,95.7,0.1,128.0,12.2,53.8,88.0,8.39,⏸️ 平量滯漲 (拋壓增大，高位見頂),63.75838926174495,1.45,,0.0,,4.10,🔄 持平,,,,,🔄 持平 (0%),,💤 籌碼沉澱中,,🌐 外資日連買(2)-🆕 試單觀察,,,,,,,,,,,,,,,,,,,,,,,,,,,,,,,,↗️ 微增,0.01,0.45999999999999996,↗️ 微增,0.01,0.45999999999999996,↘️ 微減,-0.04,1.51,↘️ 微減,-0.04,0.68,,,,,,57.0,0,0.4,📈 增,0.5,0.0,➖ 持平,2,3,210.0
6757,台灣虎航,航運業,09/17,53.4,0.75,398.0,21.3,9.27,579.0,30.92,⚖️ 溫和震盪整理,-35.45454545454545,0.69,,0.0,,4.60,🔄 持平,,,,,🔄 持平 (0%),,💤 籌碼沉澱中,,,,,,,,,,,,23.0,-149.0,122.8,,,,,,,,,,,,,,,,123.0,-811.0,,,↗️ 微增,0.02,0.030000000000000082,↗️ 微增,0.02,-0.17999999999999994,↘️ 微減,-0.13,-0.06000000000000005,↗️ 微增,0.06,-0.15000000000000002,雙引擎,,,,,65.5,0,0.0,🔄 持平,0.0,0.0,➖ 持平,2,4,927.0
6768,志強-KY,運動休閒,09/17,62.5,0.81,464.0,29.1,12.5,350.0,21.72,⏸️ 平量滯漲 (拋壓增大，高位見頂),36.61971830985915,1.34,,0.0,,57.80,🔄 持平,,,,,🔥 強延續 (26.4%),,,,🌐 外資日連買(4)-🆕 試單觀察,,,,,,,,,,13.0,-135.0,81.2,,,,,,,,,,,,,,,,81.6,-834.0,,,↗️ 微增,0.06,-2.11,📈 小增,0.95,-1.2200000000000002,📈 小增,0.5,-1.25,↘️ 微減,-0.01,-0.78,,,,,,2.24,0,0.0,🔄 持平,0.0,0.0,➖ 持平,5,4,463.0
6770,力積電,半導體業,09/17,71.2,1.86,119461.0,8514.0,21.6,119092.0,8305.0,⚖️ 溫和震盪整理,33.741753063147975,1.03,🟡20日 🔵120日,0.0,15.757819363355145,15.20,📈 上升 | 🔄 洗盤回歸 | 🚀 衝進🟡20日、🔵120日榜單,,1.8944895721628061,,2.5356391966058442,🔄 持平 (0%),📉 調節洗盤 (-0.01%),💤 籌碼沉澱中,🔄 今日量縮持平,🌐 外資日連買(2)-🆕 試單觀察 | 🌐 外資週連買(2)-🌱 週線發動 | 🏦 投信週連買(2)-🌱 週線發動,,,,,1989.0,-5405.0,14161.7,,,,,,,,,,,,,,,,,,8636.0,8689.0,61488.3,,,61551.0,61628.0,🚀 劇增,2.85,4.409999999999999,🚀 劇增,2.91,4.54,🚀 劇增,3.05,4.569999999999999,🚀 劇增,3.08,4.65,雙引擎 | 長短線,,,,,18.2,47.8,0.0,🔄 持平,-4.5,0.0,➖ 持平,2,4,19821.0
6776,展碁國際,電子通路業,09/17,52.0,0.0,72.0,3.76,11.6,64.0,3.3,⏸️ 平量滯漲 (拋壓增大，高位見頂),88.94472361809045,1.14,,-1.49,,1.50,📉 下降,,,,,⚠️ 趨緩 (18.0%),,,,🌐 外資日連買(6)-⚡ 買盤點火 | 🌐 外資週連買(3)-🌱 週線發動,,,,,,,,,,,,,,,,,,,,,,,,,,,,,,,,🔄 持平,0.0,0.0,🔄 持平,-0.0,0.0,🔄 持平,-0.0,0.0,🔄 持平,-0.0,0.56,,,,,,53.8,0,0.0,🔄 持平,0.0,0.0,➖ 持平,5,4,81.0
6781,AES-KY,電子零組件業,09/17,996.0,-0.9,244.0,245.0,23.6,271.0,271.4,⏸️ 平量滯漲 (拋壓增大，高位見頂),15.02347417840375,0.9,🟢60日 🔵120日,-0.030025755460343362,74.92057458324739,70.50,📉 下降,,,2.6899107128432433,2.5104267586120983,,📉 調節洗盤 (-0.01%),💤 籌碼沉澱中,🔄 今日量縮持平,🏦 投信週連買(4)-🌱 週線發動,,,,,,,,,,,,,,,,,,,,,,,,,,,,,,,,↘️ 微減,-0.09,0.14,↘️ 微減,-0.09,0.14,↘️ 微減,-0.17,0.1299999999999999,↘️ 微減,-0.16,1.23,,,,,,54.8,0,0.0,🔄 持平,0.0,0.0,➖ 持平,2,4,661.0
6782,視陽,生技醫療業,09/17,249.0,7.56,862.0,210.0,15.1,331.0,77.96,🚀 放量大漲 (量價齊升，持續看漲),408.4745762711865,2.69,🔴5日 🟢60日,0.46000000000000085,10.254407936507937,10.60,📈 上升 | 🚀 衝進🔴5日榜單,0.3785714285714299,,1.8682539682539687,,🔥 強延續 (34.4%),,🔥 持續加碼 (0.47%),,,,,,,,,,,,,,,,,,,,8.33,12.6,,,,,,,,,-122.0,-561.0,,,↘️ 微減,-0.22,4.31,↘️ 微減,-0.22,4.31,↘️ 微減,-0.22,5.36,📉 小減,-0.96,5.53,,,,,,16.7,0,0.0,🔄 持平,0.0,0.0,➖ 持平,5,4,1838.0
6789,采鈺,半導體業,09/17,433.5,-0.12,780.0,343.0,82.6,948.0,417.2,⏸️ 平量滯漲 (拋壓增大，高位見頂),-26.236559139784944,0.82,,,,4.40,,,,,,,🔄 持平 (0%),💤 籌碼沉澱中,💤 籌碼沉澱中,,,,,,,,,,,8.0,-206.0,346.8,,,,,,,,,,,,,,,,352.0,-9328.0,,,↗️ 微增,0.09,0.22,↘️ 微減,-0.19,-0.6000000000000001,↗️ 微增,0.06,0.16999999999999998,↘️ 微減,-0.06,-0.41000000000000014,,,,,,67.1,0,0.0,🔄 持平,0.0,0.0,➖ 持平,3,4,748.0
6790,永豐實,造紙工業,09/17,38.0,0.93,113.0,4.28,12.4,136.0,5.12,⏸️ 平量滯漲 (拋壓增大，高位見頂),-2.947845804988658,0.84,,,,1.90,,,,,,🔄 持平 (0%),,,,🌐 外資週連買(2)-🌱 週線發動,,,-4.61,-26.6,-20.0,-150.0,-76.0,,,,,,,,,,,,,,,,,,,,,,,,,🔄 持平,0.0,0.01,🔄 持平,-0.0,0.01,🔄 持平,-0.0,0.01,↗️ 微增,0.01,-0.51,,,,,,61.1,0,0.0,🔄 持平,0.0,0.0,➖ 持平,4,4,310.0
6792,詠業,通信網路業,09/17,59.1,0.68,21.0,1.25,21.0,27.0,1.58,⏸️ 平量滯漲 (拋壓增大，高位見頂),-14.965986394557817,0.79,,,,2.00,,,,,,,,,,,,,-1.55,-6.27,,,,0.0,-11.5,,,,,,,,,,,,,,,,,,,,,,,🔄 持平,0.0,0.0,🔄 持平,-0.0,0.0,🔄 持平,-0.0,0.0,🔄 持平,-0.0,0.0,,,,,,38.5,0,0.0,🔄 持平,0.0,0.0,➖ 持平,3,4,54.0
6794,向榮生技,生技醫療業,09/17,76.0,1.2,22.0,1.67,,16.0,1.23,⏸️ 平量滯漲 (拋壓增大，高位見頂),22.79411764705881,1.36,,,,0.60,,,,,,,,,,,,,,,,,,,,,,,,,,,,2.35,7.38,,,,,,,,,,,,,🔥 大增,1.21,0.9899999999999998,↘️ 微減,-0.11,-1.6,↘️ 微減,-0.12,-0.51,↘️ 微減,-0.13,-0.52,,,,,,35.6,7.01,-0.2,🚨 減/大減,-0.7,0.04,↗️ 微增,15,4,36.0
6796,晉弘,生技醫療業,09/17,50.4,0.4,76.0,3.85,140.0,101.0,5.17,⏸️ 平量滯漲 (拋壓增大，高位見頂),67.3913043478261,0.74,,,,14.80,,,,,,,,,,,,,,,,,,,,,,,,,,,,,,1.58,10.9,,,,,,,,,,,🔄 持平,0.0,-1.49,🔄 持平,-0.0,-1.48,🔄 持平,-0.0,-1.48,🔄 持平,-0.0,-8.673617379884035e-18,,,,,,21.6,37.3,0.0,🔄 持平,0.0,6.9,🚨 暴增,2,4,146.0
6799,來頡,半導體業,09/17,81.2,3.57,274.0,22.2,15.7,137.0,10.86,⚖️ 溫和震盪整理,189.81723237597913,2.04,,,,8.40,,,,,,,,,,🌐 外資日連買(2)-🆕 試單觀察,,,,,,,,,,,,,,,,,,,,,,,,,,,,,,,,🔄 持平,0.0,0.03,🔄 持平,-0.0,-1.68,🔥 大增,1.44,1.5699999999999998,↗️ 微增,0.17,0.4000000000000001,,,,,,23.2,0,0.2,📈 增,-1.9,0.0,➖ 持平,2,4,87.0
6805,富世達,電子零組件業,09/17,2090.0,2.2,1108.0,2370.0,44.7,1079.0,2277.6,⚖️ 溫和震盪整理,11.059044048734767,1.04,🔴5日 🟡20日 🟢60日,0.350107414464091,28.443976243159103,16.40,🪜 階梯吸籌 | 📈 上升,1.649138321183088,5.92834077059603,7.869899950252282,,📉 調節洗盤 (-4.36%),🔄 持平 (0%),🚨 轉賣反轉 (-0.07%),💤 籌碼沉澱中,🌐 外資週連買(4)-🌱 週線發動 | 🏦 投信週連買(2)-🌱 週線發動,🚀 強軋,,0.63,-8.1,17.0,-239.0,3553.0,-5.39,-46.4,-84.0,-1276.0,-17556.0,,,,,,,,,,,,,,,,-17971.0,-270393.0,,,↘️ 微減,-0.14,6.55,⚠️ 大減,-1.31,1.5499999999999998,⚠️ 大減,-1.18,1.7100000000000004,↗️ 微增,0.28,3.1199999999999997,,,,,,20.0,0,0.0,🔄 持平,0.2,0.0,➖ 持平,18,4,3643.0
6807,峰源-KY,居家生活,09/17,32.9,-0.3,9.0,0.3,11.2,4.0,0.14,⚠️ 放量滯漲 (拋壓增大，即將見頂反轉),650.0,2.14,,,,43.40,,,,,,🔄 持平 (0%),,,,🌐 外資週連買(2)-🌱 週線發動,,,,,,,,,,,,,,,,,,,,,,,,,,,,,,,,🔄 持平,0.0,0.0,🔄 持平,-0.0,0.0,🔄 持平,-0.0,-1.18,🔄 持平,-0.0,-1.18,,,,,,20.0,0,0.0,🔄 持平,0.0,0.0,➖ 持平,2,4,30.0
6830,汎銓,其他電子業,09/17,512.0,-3.21,1600.0,838.0,1969.0,1416.0,776.4,🥀 平量價縮 (下跌中繼，弱反彈信號),-7.810781078107809,1.08,,-8.244195329015227,,5.00,📉 下降,,,,,,🔄 持平 (0%),💤 籌碼沉澱中,💤 籌碼沉澱中,,,,,,,,,,,,,,,,100.0,242.0,5120.0,,,,,,,,,,,,,52.4,3076.0,↘️ 微減,-0.02,2.08,↘️ 微減,-0.03,0.33999999999999986,🔥 大增,1.19,0.16999999999999996,↘️ 微減,-0.46,-3.2200000000000006,,,,,,11.8,0,-0.1,🚨 減/大減,-0.8,0.0,➖ 持平,2,3,368.0
6831,邁科,電腦及週邊設備業,09/17,525.0,0.0,341.0,181.0,94.8,535.0,288.4,⚖️ 溫和震盪整理,-4.736842105263161,0.63,🔵120日,0.14000000000000057,16.989032592592594,14.40,🪜 階梯吸籌 | 📈 上升,,,,2.557760000000002,,,💤 籌碼沉澱中,,,,,,,,,,,,,,,,,,,,,,0.0,7.75,-10.0,127.0,-525.0,,,,,,0.0,2380.0,↘️ 微減,-0.08,-3.0600000000000005,↘️ 微減,-0.08,-4.529999999999999,↘️ 微減,-0.28,-4.8500000000000005,📈 小增,0.56,-3.15,,,,,,11.7,0,0.0,🔄 持平,0.2,0.0,➖ 持平,5,4,319.0
6834,天二科技,電子零組件業,09/17,101.5,1.5,6365.0,657.0,43.9,7523.0,784.0,⏸️ 平量滯漲 (拋壓增大，高位見頂),129.7202797202797,0.84,🟡20日 🔵120日,-0.08999999999999986,13.481980367325,13.30,📉 下降,,1.7743484357973625,,2.971980367324999,,,💤 籌碼沉澱中,,🌐 外資日連買(2)-🆕 試單觀察,,,,,,,,,,,,,,,,,,,,,,-47.0,223.0,-477.0,,,,,,,,🔥 大增,1.35,0.24000000000000007,🚀 劇增,2.37,0.31000000000000005,🚀 劇增,2.94,2.4099999999999993,🚀 劇增,3.91,2.3299999999999996,雙引擎 | 長短線,,,,,15.3,13.8,-0.1,🚨 減/大減,-1.3,-8.8,🌟 遽減,4,2,2334.0
6835,圓裕,電子零組件業,09/17,30.75,0.16,33.0,1.03,102.0,22.0,0.66,⚠️ 放量滯漲 (拋壓增大，即將見頂反轉),123.91304347826089,1.56,,,,5.70,,,,,,⚠️ 趨緩 (5.98%),,,,🌐 外資日連買(2)-🆕 試單觀察 | 🌐 外資週連買(4)-🌱 週線發動,🔼 進駐,,,,,,,,,,,,,,,,,,,,,,,,,,,,,,,↗️ 微增,0.01,0.09,↗️ 微增,0.01,0.09,↗️ 微增,0.01,0.09,↗️ 微增,0.01,0.09,雙引擎 | 長短線,,,,,14.5,0,0.0,🔄 持平,0.0,0.0,➖ 持平,2,4,85.0
6838,台新藥,生技醫療業,09/17,24.2,2.33,204.0,4.92,,119.0,2.81,⚖️ 溫和震盪整理,161.70212765957447,1.75,,0.0,,1.60,🔄 持平,,,,,🔄 持平 (0%),,💤 籌碼沉澱中,,,,,-4.51,-6.45,-109.0,-159.0,-263.8,,,,,,,,,,,,,,,,,,,,,,,,,🔄 持平,0.0,-1.19,↗️ 微增,0.01,0.03,↗️ 微增,0.01,0.03,↗️ 微增,0.01,-0.20000000000000004,,,,,,41.0,0,0.0,🔄 持平,0.0,0.0,➖ 持平,4,4,400.0
6861,睿生光電,生技醫療業,09/17,209.0,-6.28,2357.0,514.0,32.3,2810.0,618.4,🕳️ 平量大跌 (一致看空無承接，加速下跌),-14.190317195325541,0.83,,0.0,,1.50,🔄 持平,,,,,🔄 持平 (0%),,💤 籌碼沉澱中,,,,,,,,,,,,,,,-3.45,180.0,-1.0,18.0,-20.9,1.88,46.5,7.78,93.2,51.0,877.0,1065.9,53.0,354.0,1107.7,,,1155.0,7711.0,🚨 劇減,-2.46,-3.6100000000000003,🚨 劇減,-2.46,-3.6100000000000003,📉 小減,-0.78,-1.93,🚨 劇減,-1.75,-3.04,,,,,,48.6,0,0.0,🔄 持平,-0.1,0.0,➖ 持平,3,4,153.0
6862,三集瑞-KY,電子零組件業,09/17,130.0,-1.14,104.0,13.7,19.2,105.0,13.9,⏸️ 平量滯漲 (拋壓增大，高位見頂),14.16666666666666,0.99,,,,64.90,,,,,,,,,,🌐 外資日連買(2)-🆕 試單觀察 | 🌐 外資週連買(2)-🌱 週線發動,,,,,,,,,,,,,,,,,,,,,,,,,,,,,,,,🔄 持平,0.0,0.03,🔄 持平,-0.0,0.03,🔄 持平,-0.0,0.03,🔄 持平,-0.0,0.05,,,,,,5.42,0,0.01,↗️ 微增,0.05,0.0,➖ 持平,3,4,120.0
6863,永道-KY,通信網路業,09/17,94.5,1.94,100.0,9.46,33.3,148.0,13.76,📈 價升量縮 (量價背離，下方承接看拉高),44.648318042813465,0.69,,0.0,,69.20,🔄 持平,,,,,,,,,,,,,,,,,,,,,,,,,,,,,,,,,,,,,,,,,🔄 持平,0.0,0.0,🔄 持平,-0.0,0.0,🔄 持平,-0.0,0.7999999999999999,↘️ 微減,-0.02,0.13999999999999999,,,,,,62.8,0,0.0,🔄 持平,0.0,0.0,➖ 持平,6,4,105.0
6869,雲豹能源,綠能環保,09/17,68.0,4.94,770.0,51.7,,378.0,24.56,🚀 放量大漲 (量價齊升，持續看漲),229.29936305732488,2.11,🔴5日 🟡20日,0.0,3.2916563669889647,3.20,📈 上升 | 🔄 洗盤回歸 | 🚀 衝進🔴5日、🟡20日榜單,0.26000000000000023,0.4400000000000004,,,🔥 強延續 (54.8%),,🔥 持續加碼 (0.31%),,🌐 外資日連買(3)-🆕 試單觀察,🔼 進駐,,,,,,,,,,,,182.0,158.0,20.0,19.0,136.0,,,,,,,,,,,,,,,↗️ 微增,0.02,0.69,↗️ 微增,0.02,0.06999999999999995,📉 小減,-0.92,-1.06,↘️ 微減,-0.2,0.009999999999999898,,,,,,2.32,15.6,0.0,🔄 持平,0.0,0.0,➖ 持平,7,2,446.0
6873,泓德能源,綠能環保,09/17,69.4,3.43,288.0,19.7,73.8,211.0,14.32,⚖️ 溫和震盪整理,53.90624999999998,1.38,,0.0,,7.00,🔄 持平,,,,,🔥 強延續 (67.7%),,💤 籌碼沉澱中,,🌐 外資週連買(2)-🌱 週線發動,🔼 進駐,,,,,,,,,-15.0,-110.0,-104.1,,,,,,,,,,,,,,,,-103.0,-743.0,,,↗️ 微增,0.03,1.4500000000000002,↗️ 微增,0.03,0.87,↗️ 微增,0.03,0.31000000000000005,📈 小增,0.63,0.7300000000000001,雙引擎 | 長短線,,,,,12.7,65.6,0.0,🔄 持平,-0.1,6.3,🚨 暴增,3,4,493.0
6885,全福生技,生技醫療業,09/17,29.5,8.46,2012.0,58.1,,1130.0,31.28,🚀 放量大漲 (量價齊升，持續看漲),183.41463414634146,1.86,🔴5日,0.0,2.95,3.00,📈 上升 | 🔄 洗盤回歸,0.31000000000000005,,,,,,🔥 持續加碼 (0.44%),,🌐 外資日連買(2)-🆕 試單觀察 | 🌐 外資週連買(2)-🌱 週線發動,,,-6.01,-8.04,-139.0,-190.0,-410.0,-7.77,-9.52,-161.0,-201.0,-475.0,50.0,200.0,,,,,,,,,,,,,,-465.0,-573.0,,,🔄 持平,0.0,-0.03,↘️ 微減,-0.02,-0.03,↗️ 微增,0.02,0.01000000000000002,📉 小減,-0.59,-1.4100000000000001,,,,,,10.2,0,0.0,🔄 持平,0.27,0.0,➖ 持平,2,3,636.0
6887,寶綠特-KY,綠能環保,09/17,38.3,3.37,13.0,0.5,8.72,17.0,0.62,⚖️ 溫和震盪整理,35.13513513513513,0.81,,,,53.40,,,,,,🔄 持平 (0%),,,,,,,,,,,,,,,,,,,,,,,,11.1,25.0,,,,,,,,,,,🔄 持平,0.0,0.0,🔄 持平,-0.0,0.0,🔄 持平,-0.0,-0.02,🔄 持平,-0.0,-0.03,,,,,,65.7,0,0.0,🔄 持平,-0.1,0.0,➖ 持平,4,3,38.0
6890,來億-KY,運動休閒,09/17,147.5,1.03,203.0,30.1,14.1,219.0,32.48,⏸️ 平量滯漲 (拋壓增大，高位見頂),-0.660066006600657,0.93,🔵120日,0.030000000000001137,91.27663071371292,86.00,📈 上升,,,,4.074204490777873,,🔄 持平 (0%),,💤 籌碼沉澱中,,,,-5.02,-7.09,,,,,,,,,,,,,,,,0.27,7.59,,,,9.0,240.0,132.8,,,133.0,3564.0,🔄 持平,0.0,0.01,🔄 持平,-0.0,-0.37,🔄 持平,-0.0,-0.38,↘️ 微減,-0.16,-0.5299999999999999,,,,,,49.3,0,0.0,🔄 持平,0.0,0.0,➖ 持平,4,4,108.0
6901,鑽石投資,其他業,09/17,15.5,1.97,827.0,12.7,4.52,710.0,10.69,⚖️ 溫和震盪整理,27.0,1.19,,0.0,,0.80,🔄 持平,,,,,🔥 強延續 (43.1%),,,,🌐 外資日連買(4)-🆕 試單觀察,🔼 進駐,,,,,,,,,-49.0,-168.0,-76.0,,,,,,,,,,,,,,,,,,,,↘️ 微減,-0.01,-0.33,↘️ 微減,-0.11,-0.23,↘️ 微減,-0.03,-0.38000000000000006,↘️ 微減,-0.01,-0.59,,,,,,14.0,0,0.0,🔄 持平,0.0,0.0,➖ 持平,4,4,336.0
6902,GOGOLOOK,數位雲端,09/17,128.5,2.39,118.0,15.0,26.5,70.0,8.75,⚖️ 溫和震盪整理,437.63440860215053,1.71,,,,4.00,,,,,,🔄 持平 (0%),,,,,,,,,,,,-1.67,-8.76,,,,,,,,,,,,,,,,,,,,,,,↘️ 微減,-0.11,1.27,↘️ 微減,-0.11,1.29,↘️ 微減,-0.11,-0.4900000000000001,↘️ 微減,-0.11,-0.54,,,,,,21.3,12.7,0.0,🔄 持平,-2.9,6.89,🚨 暴增,4,4,128.0
6906,現觀科,數位雲端,09/17,81.7,-0.12,25.0,2.07,33.8,29.0,2.36,⏸️ 平量滯漲 (拋壓增大，高位見頂),21.76470588235293,0.88,,0.0,,6.90,🔄 持平,,,,,,,,,,,,,,,,,,,,,,,,,,,,,,,,,,,,,,,,,↗️ 微增,0.03,0.09,↗️ 微增,0.03,0.09,↗️ 微增,0.03,0.09,↗️ 微增,0.03,0.09,雙引擎 | 長短線,,,,,19.1,0,0.0,🔄 持平,0.0,0.0,➖ 持平,3,4,250.0
6909,創控,半導體業,09/17,41.7,0.0,295.0,12.4,30.4,720.0,30.32,⚖️ 溫和震盪整理,-10.144927536231885,0.41,,0.0,,9.10,🔄 持平,,,,,🔄 持平 (0%),,💤 籌碼沉澱中,,🌐 外資日連買(2)-🆕 試單觀察,,,,,,,,,,,,,0.0,233.0,0.0,7.0,0.0,,,,,-10.0,126.0,-41.7,,,,,,,,↘️ 微減,-0.11,-0.58,↘️ 微減,-0.11,-0.52,↘️ 微減,-0.1,-1.53,↘️ 微減,-0.1,-0.67,,,,,,7.61,10.8,0.09,↗️ 微增,-4.39,-0.1,↘️ 微減,3,4,335.0
6914,阜爾運通,其他業,09/17,121.5,1.67,56.0,6.79,12.2,53.0,6.3,⚖️ 溫和震盪整理,172.6907630522088,1.08,,,,2.20,,,,,,,,,,,,,,,,,,,,,,,,,,,,,,0.64,9.41,,,,,,,,,,,🔄 持平,0.0,0.37,🔄 持平,-0.0,0.37,🔄 持平,-0.0,0.37,🔄 持平,-0.0,0.38,,,,,,9.54,0,0.0,🔄 持平,0.0,0.0,➖ 持平,3,4,39.0
6916,華凌,光電業,09/17,18.1,0.56,14.0,0.25,,21.0,0.38,⚖️ 溫和震盪整理,-43.18181818181818,0.66,,,,0.60,,,,,,,,,,,,,,,,,,,,,,,,,,,,,,,,,,,,,,,,,,🔄 持平,0.0,0.0,🔄 持平,-0.0,0.0,🔄 持平,-0.0,0.0,🔄 持平,-0.0,0.0,,,,,,37.2,0,0.0,🔄 持平,0.0,0.0,➖ 持平,10,3,82.0
6918,愛派司,生技醫療業,09/17,74.9,1.22,25.0,1.87,13.8,28.0,2.04,⏸️ 平量滯漲 (拋壓增大，高位見頂),179.1044776119403,0.92,,,,0.70,,,,,,,,,,,,,0.0,-57.9,,,,,,,,,,,,,,,,,,,,,,,,,,,,↘️ 微減,-0.09,-0.08,↘️ 微減,-0.09,2.52,↗️ 微增,0.02,0.44,↗️ 微增,0.01,-1.02,,,,,,21.3,6.51,0.0,🔄 持平,1.2,0.0,➖ 持平,2,4,155.0
6919,康霈*,生技醫療業,09/17,82.9,1.59,2593.0,214.0,,4437.0,361.2,📈 價升量縮 (量價背離，下方承接看拉高),-37.05882352941177,0.59,,0.0,,12.10,🔄 持平,,,,,,,,,,,,,,,,,-100.0,-100.0,-1000.0,-1000.0,-8290.0,,,,,,,,,,,,,,,,-8246.0,-8246.0,,,📉 小減,-0.66,-0.44,📉 小減,-0.6,-0.8800000000000001,📉 小減,-0.68,-1.45,📉 小減,-0.62,-1.38,,,,,,18.9,5.36,0.0,🔄 持平,-0.1,0.0,➖ 持平,2,4,8486.0
6923,中台,綠能環保,09/17,76.0,0.53,42.0,3.21,18.7,44.0,3.33,⏸️ 平量滯漲 (拋壓增大，高位見頂),60.5,0.96,,,,1.30,,,,,,⚠️ 趨緩 (40.2%),,,,🌐 外資週連買(2)-🌱 週線發動,🔼 進駐,,,,,,,-6.27,-11.3,,,,,,,,,,,,,,,,,,,-372.0,-705.0,,,↗️ 微增,0.04,-0.45,↗️ 微增,0.04,-0.41,↗️ 微增,0.04,-0.34,↗️ 微增,0.04,-0.27,雙引擎,,,,,23.9,7.7,0.2,📈 增,0.3,0.0,➖ 持平,18,4,159.0
6928,攸泰科技,電腦及週邊設備業,09/17,46.9,0.43,47.0,2.19,,53.0,2.46,⏸️ 平量滯漲 (拋壓增大，高位見頂),-6.008583690987135,0.89,,,,0.80,,,,,,🔄 持平 (0%),,,,🌐 外資日連買(2)-🆕 試單觀察,,,,,,,,,,,,,,,,,,,,,,,,,,,,,,,,🔄 持平,0.0,0.0,🔄 持平,-0.0,0.0,🔄 持平,-0.0,0.0,🔄 持平,-0.0,0.49,,,,,,44.0,3.17,0.0,🔄 持平,0.0,0.0,➖ 持平,2,4,87.0
6931,青松健康,生技醫療業,09/17,39.3,0.0,37.0,1.45,10.5,46.0,1.82,⏸️ 平量滯漲 (拋壓增大，高位見頂),26.086956521739136,0.8,,,,0.80,,,,,,,,,,,,,,,,,,,,,,,,,,,,,,,,,,,,,,,,,,🔄 持平,0.0,-0.02,🔄 持平,-0.0,-0.02,↘️ 微減,-0.03,-0.19,↗️ 微增,0.05,-0.050000000000000044,,,,,,9.87,44.4,0.0,🔄 持平,0.01,0.0,➖ 持平,2,4,422.0
6933,AMAX-KY,電腦及週邊設備業,09/17,345.5,9.86,2861.0,951.0,42.8,1603.0,504.4,🚀 放量大漲 (量價齊升，持續看漲),238.43416370106763,1.89,🟡20日 🟢60日 🔵120日,-0.8200000000000003,34.80388595395933,34.80,📉 下降,,5.359990689619284,6.489990689619287,3.5799906896192866,🔄 持平 (0%),,💤 籌碼沉澱中,,,,,,,,,,,,,,,,,,,,18.0,5.49,,,272.0,93.0,9397.6,,,,,,,,↘️ 微減,-0.28,-0.91,↘️ 微減,-0.17,1.17,🔥 大增,1.37,4.360000000000001,↗️ 微增,0.08,5.420000000000001,,,,,,56.1,0,-0.4,🚨 減/大減,-1.9,0.0,➖ 持平,2,4,1069.0
6934,心誠鎂,生技醫療業,09/17,75.5,3.0,32.0,2.38,,31.0,2.27,⚖️ 溫和震盪整理,25.263157894736832,1.05,,,,12.30,,,,,,,,,,🌐 外資日連買(2)-🆕 試單觀察,,,,,,,,,,,,,,,,,,18.3,43.2,0.0,25.0,,,,,,,,,,,🚀 劇增,2.31,2.2800000000000002,↘️ 微減,-0.01,-0.07,↘️ 微減,-0.01,-0.07,↘️ 微減,-0.03,-0.09,,,,,,26.9,0,0.0,🔄 持平,0.0,0.0,➖ 持平,7,4,86.0
6936,永鴻生技,生技醫療業,09/17,31.85,0.16,4.0,0.14,14.3,18.0,0.57,⚖️ 溫和震盪整理,-61.11111111111111,0.25,,,,0.50,,,,,,🔄 持平 (0%),,,,,,,,,,,,0.0,-31.4,,,,,,,,,,,,,,,,,,,,,,,🔄 持平,0.0,0.0,🔄 持平,-0.0,1.09,🔄 持平,-0.0,0.019999999999999997,🔄 持平,-0.0,0.03,,,,,,50.0,0,0.0,🔄 持平,0.0,0.0,➖ 持平,2,4,24.0
6937,天虹,半導體業,09/17,291.0,0.34,534.0,158.0,64.1,390.0,112.44,⏸️ 平量滯漲 (拋壓增大，高位見頂),38.596491228070185,1.41,🟡20日 🟢60日,0.009999999999999787,4.83543272871469,4.50,🪜 階梯吸籌 | ⚠️ 趨緩,,0.6000000000000005,1.7143836781774096,,,,💤 籌碼沉澱中,,🌐 外資日連買(2)-🆕 試單觀察 | 🌐 外資週連買(4)-🌱 週線發動,,,,,,,,-2.44,-9.35,,,,,,,,,,,,,,,,,,,-678.0,-2752.0,,,↗️ 微增,0.22,0.35000000000000003,↗️ 微增,0.23,0.36,🔥 大增,1.16,1.34,↗️ 微增,0.4,1.9999999999999998,雙引擎 | 長短線,,,,,11.7,0,0.0,🔄 持平,0.0,0.0,➖ 持平,4,4,245.0
6944,兆聯實業,綠能環保,09/17,686.0,0.15,263.0,181.0,22.2,275.0,189.9,⏸️ 平量滯漲 (拋壓增大，高位見頂),12.422360248447205,0.95,,0.0,,14.50,🔄 持平,,,,,,🔄 持平 (0.0%),,🔄 今日量縮持平,🏦 投信週連買(2)-🌱 週線發動,,,,,,,,,,,,,,,,,,0.95,5.91,,,,,,,,,-482.0,-4100.0,,,⚠️ 大減,-1.1,1.6799999999999997,↘️ 微減,-0.24,2.78,📈 小增,0.56,5.69,↗️ 微增,0.06,3.16,,,,,,8.46,8.44,-2.54,🚨 減/大減,-0.05,0.0,➖ 持平,2,4,191.0
6952,大武山,其他業,09/17,39.25,0.64,12.0,0.47,31.2,14.0,0.55,⏸️ 平量滯漲 (拋壓增大，高位見頂),-27.692307692307693,0.85,,,,0.40,,,,,,🔄 持平 (0%),,,,🌐 外資日連買(2)-🆕 試單觀察 | 🌐 外資週連買(3)-🌱 週線發動,,,0.0,-16.0,,,,0.0,-11.5,,,,,,,,,,,,,,,,,,,,,,,🔄 持平,0.0,0.12,🔄 持平,-0.0,0.12,🔄 持平,-0.0,0.12,🔄 持平,-0.0,0.12,,,,,,18.6,7.85,0.0,🔄 持平,0.0,0.0,➖ 持平,2,4,48.0
6957,裕慶-KY,其他業,09/17,274.0,6.0,692.0,190.0,23.5,322.0,82.68,🚀 放量大漲 (量價齊升，持續看漲),91.14688128772634,2.3,🔴5日,0.41999999999999993,6.64,6.60,🪜 階梯吸籌 | 📈 上升,0.7399999999999993,,,,🔥 強延續 (33.7%),,🔥 持續加碼 (0.42%),,🌐 外資日連買(2)-🆕 試單觀察 | 🌐 外資週連買(2)-🌱 週線發動,🔥 點火,,,,,,,,,,,,126.0,785.0,168.0,267.0,4603.2,3.96,9.65,4.38,11.3,68.0,157.0,1863.2,,,,,,,,↘️ 微減,-0.02,0.93,↘️ 微減,-0.02,0.91,↘️ 微減,-0.02,-0.21000000000000008,↘️ 微減,-0.02,0.27,,,,,,14.3,0,0.0,🔄 持平,0.0,0.0,➖ 持平,5,4,172.0
6958,日盛台駿,其他業,09/17,17.5,-0.28,30.0,0.53,,39.0,0.67,⏸️ 平量滯漲 (拋壓增大，高位見頂),-26.388888888888886,0.79,,,,0.60,,,,,,🔄 持平 (0%),,,,,,⚠️ 初危,,,,,,,,,,,,,,,,,,,,,,,,,,,,,,🔄 持平,0.0,0.0,🔄 持平,-0.0,0.0,🔄 持平,-0.0,0.0,🔄 持平,-0.0,0.0,,,,,,64.9,0,3.1,🔥 大增,3.4,0.0,➖ 持平,4,3,66.0
6962,奕力-KY,半導體業,09/17,30.9,0.32,917.0,28.4,20.7,891.0,27.34,⏸️ 平量滯漲 (拋壓增大，高位見頂),42.713567839195974,1.04,🔴5日,0.25,38.18739346191418,38.00,📈 上升,0.38000000000000256,,,,⚠️ 趨緩 (19.7%),,💤 籌碼沉澱中,,🌐 外資日連買(2)-🆕 試單觀察,🔼 進駐,,,,,,,,,48.0,-242.0,148.3,,,,,,,,,,,,,,,,148.0,-741.0,,,↗️ 微增,0.31,2.7755575615628914e-17,↗️ 微增,0.14,-0.039999999999999994,↘️ 微減,-0.28,-0.07,↘️ 微減,-0.08,-0.33,,,,,,18.1,36.5,0.0,🔄 持平,1.7,0.0,➖ 持平,7,4,1239.0
6965,中傑-KY,運動休閒,09/17,70.5,2.03,33.0,2.32,119.0,48.0,3.29,📈 價升量縮 (量價背離，下方承接看拉高),40.6060606060606,0.71,,,,77.40,,,,,,🔄 持平 (0%),,,,🌐 外資週連買(2)-🌱 週線發動,,,,,,,,-7.98,-10.7,,,,,,,,,,,,,,,,,,,,,,,🔄 持平,0.0,0.06,🔄 持平,-0.0,0.06,🔄 持平,-0.0,0.06,🔄 持平,-0.0,0.06,,,,,,3.89,0,0.01,↗️ 微增,0.4,0.0,➖ 持平,9,4,195.0
6994,富威電力,綠能環保,09/17,26.75,-0.93,535.0,14.5,4.79,1361.0,37.96,⚖️ 溫和震盪整理,-51.01351351351351,0.38,🔴5日 🟢60日 🔵120日,-0.08999999999999986,5.4,5.40,📉 下降,0.6500000000000004,,3.0500000000000003,4.3100000000000005,,,🚨 轉賣反轉 (-0.17%),,,,,,,-11.0,-130.0,-29.4,,,,,,1.09,2992.0,4.0,359.0,10.7,,,1.55,15.1,,,,,,,,,,,⚠️ 大減,-1.41,0.03000000000000025,↘️ 微減,-0.25,-0.16999999999999998,↘️ 微減,-0.14,-2.11,📉 小減,-0.84,-1.74,,,,,,4.62,0,3.09,🔥 大增,-37.68,0.0,➖ 持平,2,4,551.0
7705,三商餐飲,觀光餐旅,09/17,29.95,-0.17,34.0,1.02,12.3,36.0,1.1,⏸️ 平量滯漲 (拋壓增大，高位見頂),-38.55421686746987,0.93,,,,2.30,,,,,,,,,,,,,,,,,,,,,,,,,,,,,,,,,,,,,,,,,,🔄 持平,0.0,0.0,🔄 持平,-0.0,0.0,🔄 持平,-0.0,0.0,🔄 持平,-0.0,-0.01,,,,,,60.3,0,0.0,🔄 持平,0.0,0.0,➖ 持平,2,4,50.0
7711,永擎,電腦及週邊設備業,09/17,565.0,9.92,613.0,345.0,24.4,1265.0,608.4,🔒 縮量大漲 (鎖倉高控盤，延續上漲),-51.06382978723405,0.57,,0.0,,1.80,🔄 持平,,,,,,,💤 籌碼沉澱中,,🌐 外資日連買(2)-🆕 試單觀察,,,3.07,-7.78,65.0,-184.0,3672.5,,,,,,-26.4,125.0,-29.0,45.0,-1638.5,,,0.85,6.49,,,,,,,,,450.0,3043.0,📉 小減,-0.64,-0.5800000000000001,📉 小減,-0.64,-0.5100000000000001,📉 小減,-0.69,0.38,⚠️ 大減,-1.35,-0.18000000000000016,,,,,,49.1,0,0.1,📈 增,0.1,0.0,➖ 持平,2,3,226.0
7721,微程式,數位雲端,09/17,60.5,3.6,92.0,5.59,67.2,68.0,4.02,⚖️ 溫和震盪整理,70.94801223241589,1.39,,,,1.40,,,,,,🔄 持平 (0%),,,,,,,,,,,,-5.67,-12.9,,,,,,,,,,,,,,,,,,,,,,,🔄 持平,0.0,0.73,🔄 持平,-0.0,-1.04,🔄 持平,-0.0,0.12000000000000001,🔄 持平,-0.0,0.12000000000000001,,,,,,20.5,5.43,0.0,🔄 持平,0.0,0.0,➖ 持平,2,4,48.0
7722,LINEPAY,數位雲端,09/17,265.5,1.34,61.0,16.1,31.6,61.0,16.07,⏸️ 平量滯漲 (拋壓增大，高位見頂),56.310679611650485,1.0,,,,58.80,,,,,,,🔄 持平 (0.0%),,🔄 今日量縮持平,,,,-0.27,-5.96,,,,,,,,,,,,,,,,,,,,,,,,,,,,↗️ 微增,0.01,-0.26,↗️ 微增,0.01,1.0899999999999999,↗️ 微增,0.01,-0.019999999999999997,↗️ 微增,0.01,-0.019999999999999997,雙引擎,,,,,79.1,0,0.0,🔄 持平,3.8,0.0,➖ 持平,5,4,49.0
7732,金興精密,汽車工業,09/17,34.1,0.89,10.0,0.34,18.0,6.0,0.19,⚠️ 放量滯漲 (拋壓增大，即將見頂反轉),3300.0,1.79,,,,0.40,,,,,,🔄 持平 (0%),,,,,,,,,,,,,,,,,,,,,,,,,,,,,,,,,,,,🔄 持平,0.0,0.17,🔄 持平,-0.0,0.17,🔄 持平,-0.0,0.30000000000000004,🔄 持平,-0.0,0.30000000000000004,,,,,,40.2,0.57,0.3,📈 增,0.6,-0.01,↘️ 微減,1,3,19.0
7736,虎山,汽車工業,09/17,69.5,1.31,5.0,0.35,12.6,14.0,0.97,⚖️ 溫和震盪整理,9.375,0.36,,,,1.30,,,,,,🔄 持平 (0%),,,,🌐 外資週連買(2)-🌱 週線發動,,,,,,,,,,,,,,,,,,,,,,,,,,,,,,,,🔄 持平,0.0,0.0,🔄 持平,-0.0,0.0,🔄 持平,-0.0,0.01,🔄 持平,-0.0,0.05,,,,,,33.9,0,0.0,🔄 持平,0.0,0.0,➖ 持平,2,4,25.0
7749,意騰-KY,半導體業,09/17,358.0,-0.28,141.0,50.3,24.7,182.0,64.02,⏸️ 平量滯漲 (拋壓增大，高位見頂),-35.75989782886335,0.79,,0.0,,22.40,🔄 持平,,,,,,🔄 持平 (0%),💤 籌碼沉澱中,💤 籌碼沉澱中,,,,,,,,,,,,,,,,,,,,,,,,,,,,,,,,,🔄 持平,0.0,-0.01,🔄 持平,-0.0,-0.01,🔄 持平,-0.0,0.0,🚨 劇減,-2.13,-4.539999999999999,,,,,,18.3,0,0.0,🔄 持平,0.1,0.0,➖ 持平,4,4,484.0
7750,新代,電機機械,09/17,1900.0,0.26,107.0,204.0,31.8,275.0,542.4,⚖️ 溫和震盪整理,-15.702479338842979,0.38,,0.0,,16.40,🔄 持平,,,,,,🔥 強延續 (5.62%),💤 籌碼沉澱中,🔥 持續加碼 (0.01%),🏦 投信日連買(2)-🆕 試單觀察,,,0.45,-7.19,,,,,,,,,,,,,,,,,,,,,,,,,,573.0,2504.0,🔄 持平,0.0,0.0,🔄 持平,-0.0,-1.27,↗️ 微增,0.1,0.64,↗️ 微增,0.09,-2.5,,,,,,18.8,0,0.0,🔄 持平,0.0,0.0,➖ 持平,1,4,280.0
7760,享溫馨,觀光餐旅,09/17,32.8,0.92,25.0,0.82,46.2,27.0,0.89,⏸️ 平量滯漲 (拋壓增大，高位見頂),67.3469387755102,0.92,,,,0.40,,,,,,,,,,,,,,,,,,,,,,,,,,,,,,,,,,,,,,,,,,↗️ 微增,0.19,3.94,↗️ 微增,0.19,3.94,↗️ 微增,0.19,2.9000000000000004,↗️ 微增,0.19,2.21,雙引擎 | 長短線,,,,,22.8,0,0.4,📈 增,-0.4,0.0,➖ 持平,4,4,1057.0
7765,中華資安,數位雲端,09/17,231.0,-3.75,388.0,90.0,20.1,739.0,180.26,📉 縮量小跌 (主力洗盤止跌，擇機進場),-43.75,0.5,,,,0.40,,,,,,,,,,,,,,,,,,,,,,,,,,,,-11.0,25.1,9.36,29.2,-74.0,120.0,-1709.4,,,,,,650.0,1750.0,🚨 劇減,-2.92,-2.96,🚨 劇減,-2.92,-2.96,⚠️ 大減,-1.44,-1.48,⚠️ 大減,-1.35,-1.3900000000000003,,,,,,56.7,0,0.0,🔄 持平,0.0,0.0,➖ 持平,2,3,48.0
7768,頌勝科技,半導體業,09/17,262.5,0.96,28.0,7.27,51.8,44.0,11.45,⚖️ 溫和震盪整理,-46.14814814814815,0.63,,,,1.10,,,,,,,,,,🌐 外資日連買(2)-🆕 試單觀察 | 🌐 外資週連買(2)-🌱 週線發動,,,,,,,,,,,,,,,,,,,,,,,,,,,,,,,,↗️ 微增,0.24,0.74,↗️ 微增,0.24,0.74,↗️ 微增,0.24,-0.22999999999999998,↗️ 微增,0.24,-0.26,雙引擎,,,,,18.5,0,0.0,🔄 持平,-3.1,0.0,➖ 持平,3,4,98.0
7769,鴻勁,半導體業,09/17,6135.0,0.16,1043.0,6572.0,63.3,573.0,3588.6,⚠️ 放量滯漲 (拋壓增大，即將見頂反轉),144.04010397326402,1.83,🔵120日,0.04944422831100681,24.068537764686265,20.20,📈 上升,,,,3.85488745623298,🔄 持平 (0%),🔄 持平 (0%),💤 籌碼沉澱中,💤 籌碼沉澱中,,,,,,,,,,,,,,,,,,,,,30.3,110.0,,,,,,,,,27735.0,61999.0,↘️ 微減,-0.06,-0.5699999999999998,↘️ 微減,-0.06,-1.06,↗️ 微增,0.03,-0.7,📈 小增,0.55,-0.5599999999999999,,,,,,36.6,0,0.0,🔄 持平,0.0,0.0,➖ 持平,4,4,603.0
7780,大研生醫*,食品工業,09/17,16.25,0.62,441.0,7.14,30.7,666.0,10.78,⚖️ 溫和震盪整理,17.434210526315773,0.66,,,,0.70,,,,,,,🔄 持平 (0%),,💤 籌碼沉澱中,,,,,,,,,,,,,,,,,,,,,,,,,,14.0,275.0,22.8,,,,,🔄 持平,0.0,-0.05,↘️ 微減,-0.12,-0.05,↘️ 微減,-0.03,0.05,↗️ 微增,0.1,-0.029999999999999992,,,,,,68.7,44.0,0.0,🔄 持平,0.0,0.0,➖ 持平,2,4,354.0
7786,東方風能,綠能環保,09/17,120.5,2.99,190.0,22.5,11.3,141.0,16.38,⚖️ 溫和震盪整理,50.0,1.37,,,,2.40,,,,,,🔥 強延續 (39.5%),,,,🌐 外資週連買(2)-🌱 週線發動,,,,,,,,,,,,,,,,,,,,5.39,9.61,,,,,,,,,,,↗️ 微增,0.06,0.39,↗️ 微增,0.06,0.39,↗️ 微增,0.06,0.05,↗️ 微增,0.03,0.01999999999999999,雙引擎 | 長短線,,,,,49.5,6.04,0.0,🔄 持平,-0.1,0.0,➖ 持平,2,3,554.0
7788,松川精密,電子零組件業,09/17,287.0,-1.71,1086.0,316.0,34.6,1509.0,432.4,🥀 平量價縮 (下跌中繼，弱反彈信號),-15.053763440860212,0.73,🔵120日,0.11000000000000121,8.46,8.50,📈 上升,,,,4.150000000000001,,,,,,,,,,-41.0,-141.0,-1176.7,,,,,,-8.82,19.2,,,,-1.37,-4.57,8.27,25.6,,,,,,,,,1310.0,3421.0,⚠️ 大減,-1.2,-0.9700000000000004,⚠️ 大減,-1.2,-2.04,⚠️ 大減,-1.31,-1.9400000000000002,🚨 劇減,-2.5,-1.5,,,,,,19.3,0,0.0,🔄 持平,0.0,0.0,➖ 持平,2,4,583.0
7791,皇家可口,食品工業,09/17,55.8,0.72,10.0,0.57,13.3,21.0,1.18,⚖️ 溫和震盪整理,-62.25165562913908,0.48,,,,0.50,,,,,,,,,,🌐 外資日連買(2)-🆕 試單觀察,,,0.0,-14.3,,,,,,,,,,,,,,,,,,,,,,,,,,,,🔄 持平,0.0,0.0,🔄 持平,-0.0,0.0,🔄 持平,-0.0,0.0,🔄 持平,-0.0,0.0,,,,,,60.3,0,0.0,🔄 持平,0.0,0.0,➖ 持平,4,4,54.0
7795,長廣,電子零組件業,09/17,483.0,1.47,2113.0,1076.0,213.0,1319.0,656.0,⚠️ 放量滯漲 (拋壓增大，即將見頂反轉),145.66210045662103,1.64,,0.0,,6.50,🔄 持平,,,,,,🔄 持平 (0.0%),💤 籌碼沉澱中,🔄 今日量縮持平,,,,9.55,-17.2,150.0,-358.0,7245.0,,,,,,,,,,,,,7.48,26.7,,,,,,,,,1630.0,4848.0,🔥 大增,1.3,-0.10999999999999996,🔥 大增,1.3,-3.52,↗️ 微增,0.47,-3.5300000000000002,📈 小增,0.73,-3.48,雙引擎,,,,,62.9,0,0.0,🔄 持平,0.0,0.0,➖ 持平,4,3,1552.0
7799,禾榮科,生技醫療業,09/17,502.0,9.85,2516.0,1241.0,,1233.0,563.6,🚀 放量大漲 (量價齊升，持續看漲),68.84353741496598,2.2,🔴5日 🟡20日,0.3826585883775171,3.9105302682671343,3.90,📈 上升 | 🚀 衝進🟡20日榜單,0.6205074828080548,0.5805074828080548,,,,⚠️ 趨緩 (0.8%),🔥 持續加碼 (0.36%),🔥 持續加碼 (0.01%),🌐 外資日連買(2)-🆕 試單觀察 | 🏦 投信日連買(3)-🆕 試單觀察 | 🌐 外資週連買(2)-🌱 週線發動,,,,,,,,,,,,,51.7,1000.0,15.0,40.0,753.0,3.7,19.7,,,74.0,342.0,3714.8,,,,,,-49.3,5428.0,↘️ 微減,-0.07,-0.69,↘️ 微減,-0.07,-0.72,↗️ 微增,0.32,0.10000000000000003,📈 小增,0.56,0.3100000000000001,,,,,,42.6,0,0.0,🔄 持平,-0.4,0.0,➖ 持平,3,4,319.0
7818,溢泰實業,綠能環保,09/17,60.1,0.17,46.0,2.77,11.6,63.0,3.74,⏸️ 平量滯漲 (拋壓增大，高位見頂),26.48401826484019,0.74,,,,0.50,,,,,,🔄 持平 (0%),,,,,,,,,,,,,,,,,,,,,,,,,,,,,,,,,,,,🔄 持平,0.0,0.0,🔄 持平,-0.0,0.0,🔄 持平,-0.0,0.0,🔄 持平,-0.0,0.0,,,,,,32.8,0,0.0,🔄 持平,-2.6,0.0,➖ 持平,5,4,158.0
7821,神數,汽車工業,09/17,38.75,0.39,42.0,1.64,11.8,58.0,2.24,⏸️ 平量滯漲 (拋壓增大，高位見頂),43.85964912280702,0.73,,,,0.70,,,,,,🔄 持平 (0%),,,,,,,,,,,,,,,,,,,,,,,,,,,,,,,,,,,,↘️ 微減,-0.01,-0.07,↘️ 微減,-0.01,-0.07,↘️ 微減,-0.01,-0.06,↘️ 微減,-0.01,0.27,,,,,,57.2,0,0.0,🔄 持平,-7.0,0.0,➖ 持平,2,4,239.0
7822,倍利科,半導體業,09/17,850.0,4.94,160.0,137.0,46.0,127.0,105.52,✈️ 平量大漲 (一致看漲無拋壓，加速上漲),78.85117493472586,1.3,,,,0.70,,,,,,,,💤 籌碼沉澱中,,🌐 外資日連買(3)-🆕 試單觀察,,,,,,,,,,,,,,,,,,,,,,,,,,,,,,,,🔄 持平,0.0,0.0,🔄 持平,-0.0,0.0,🔄 持平,-0.0,0.0,🔄 持平,-0.0,0.0,,,,,,49.5,0,0.0,🔄 持平,-4.8,0.0,➖ 持平,4,3,128.0
8011,台通,通信網路業,09/17,15.8,0.64,188.0,2.97,21.6,223.0,3.47,⏸️ 平量滯漲 (拋壓增大，高位見頂),-13.411078717201164,0.86,,-3.07,,3.10,📉 下降,,,,,🔥 強延續 (26.6%),,💤 籌碼沉澱中,,🌐 外資日連買(7)-⚡ 買盤點火 | 🌐 外資週連買(2)-🌱 週線發動,🔼 進駐,,,,,,,,,-77.0,-116.0,-121.7,,,0.0,11.0,0.0,,,,,,,,,,,,,,,↗️ 微增,0.04,-0.03999999999999998,↗️ 微增,0.04,-0.02999999999999998,↗️ 微增,0.04,-0.39999999999999997,↗️ 微增,0.25,0.48000000000000004,雙引擎,,,,,18.4,7.19,0.0,🔄 持平,0.0,0.0,➖ 持平,7,4,400.0
8016,矽創,半導體業,09/17,276.0,-0.54,379.0,105.0,13.8,437.0,120.8,⏸️ 平量滯漲 (拋壓增大，高位見頂),-15.322580645161288,0.87,🟢60日 🔵120日,-0.009999999999990905,44.0897799569884,46.30,📉 下降,,,5.866805226065644,14.463353478910172,,🔄 持平 (0.0%),💤 籌碼沉澱中,🔄 今日量縮持平,,,,,,,,,,,,,,,,,,,,,,,,,,,,,,,,,⚠️ 大減,-1.26,5.273559366969494e-16,↗️ 微增,0.32,1.58,📉 小減,-0.76,1.6800000000000002,📉 小減,-0.76,-0.5099999999999999,,,,,,7.46,33.0,0.0,🔄 持平,0.0,0.0,➖ 持平,3,4,458.0
8021,尖點,其他電子業,09/17,450.0,2.27,10346.0,4808.0,89.3,4238.0,1889.6,⚖️ 溫和震盪整理,35.0561797752809,2.54,🔵120日,0.0,20.27893315693534,17.60,📈 上升 | 🔄 洗盤回歸,,,,2.5751376116623845,,,🔥 持續加碼 (1.13%),,🌐 外資週連買(2)-🌱 週線發動,,,,,,,,,,21.0,-281.0,945.0,,,,,,2.91,6.19,,,412.0,850.0,18540.0,,,,976.0,-12185.0,,,🚀 劇增,3.92,0.9700000000000004,🚀 劇增,4.07,1.1500000000000004,🚀 劇增,4.41,0.24,🚀 劇增,4.09,1.15,雙引擎 | 長短線,,,,,8.45,0,0.0,🔄 持平,0.05,0.0,➖ 持平,4,4,1732.0
8028,昇陽半導體,半導體業,09/17,244.0,4.72,9261.0,2252.0,42.8,4278.0,1001.8,🚀 放量大漲 (量價齊升，持續看漲),153.318335208099,2.25,🔵120日,0.15868619595223166,22.54591233187628,20.00,🪜 階梯吸籌 | 📈 上升,,,,2.7343276491613935,,🔥 強延續 (21.3%),,🔥 持續加碼 (1.1%),🏦 投信日連買(5)-⚡ 買盤點火 | 🏦 投信週連買(2)-🌱 週線發動,,,,,,,,,,,,,45.2,87.5,14.0,21.0,341.6,6.34,6.54,7.85,14.6,386.0,397.0,9418.4,342.0,597.0,8344.8,,,8316.0,14182.0,🚨 劇減,-2.35,-5.75,⚠️ 大減,-1.34,-4.22,📉 小減,-0.93,-2.7699999999999996,📉 小減,-0.89,-4.58,,,,,,12.8,0,0.0,🔄 持平,-0.5,0.0,➖ 持平,2,4,2467.0
8033,雷虎,其他業,09/17,168.0,-0.59,2003.0,340.0,329.0,3583.0,622.0,⚖️ 溫和震盪整理,20.141342756183754,0.55,,0.0,,4.00,🔄 持平,,,,,,,,,🌐 外資日連買(2)-🆕 試單觀察,,,-3.08,-7.03,-210.0,-499.0,-3528.0,,,,,,163.0,151.0,170.0,165.0,2856.0,,,1.94,17.3,,,,136.0,1054.0,2284.8,,,2311.0,18345.0,↘️ 微減,-0.39,-10.01,↘️ 微減,-0.39,-9.97,↗️ 微增,0.14,-9.81,↘️ 微減,-0.43,-10.68,,,,,,4.28,51.0,-0.01,↘️ 微減,-0.07,0.0,➖ 持平,3,4,1967.0
8039,台虹,電子零組件業,09/17,257.0,-6.72,22338.0,5907.0,81.6,17796.0,4836.0,🕳️ 平量大跌 (一致看空無承接，加速下跌),73.02284710017575,1.22,,0.0,,14.90,🔄 持平,,,,,,🔄 持平 (0%),,💤 籌碼沉澱中,,,,,,,,,,,,,,,,,,,1.0,7.57,6.1,12.6,209.0,1490.0,5371.3,1128.0,2202.0,28989.6,,,29828.0,59100.0,🚨 劇減,-7.05,-7.179999999999998,🚨 劇減,-5.98,-7.79,🚨 劇減,-4.88,-7.4300000000000015,🚨 劇減,-4.82,-7.69,,,,,,13.1,0,2.0,🔥 大增,3.56,0.0,➖ 持平,3,4,2809.0
8045,達運光電,通信網路業,09/17,54.6,3.41,468.0,25.7,63.5,386.0,20.14,⚖️ 溫和震盪整理,-44.492440604751614,1.28,,0.0,,1.40,🔄 持平,,,,,🔄 持平 (0%),,💤 籌碼沉澱中,,,,,,,,,,,,,,,,,,,,,,,,,,,,,,,,,,↗️ 微增,0.01,-0.04,↗️ 微增,0.01,0.05,↗️ 微增,0.02,-1.48,↗️ 微增,0.05,-0.9099999999999999,雙引擎,,,,,16.3,0.83,0.0,🔄 持平,0.0,0.0,➖ 持平,2,4,269.0
8046,南電,電子零組件業,09/17,1065.0,-3.62,8133.0,8874.0,125.0,7264.0,7851.4,🥀 平量價縮 (下跌中繼，弱反彈信號),2.2703699435288716,1.13,🔵120日,-0.14220270158130077,24.73153651409736,11.50,📉 下降,,,,3.7632537140443105,🔄 持平 (0%),🔥 強延續 (1.41%),💤 籌碼沉澱中,🔥 持續加碼 (0.02%),🏦 投信日連買(3)-🆕 試單觀察 | 🌐 外資週連買(2)-🌱 週線發動,,,,,104.0,-246.0,11076.0,,,,,,-6.53,33.2,-37.0,132.0,-3940.5,,,,,,,,484.0,214.0,51546.0,,,52806.0,23037.0,↗️ 微增,0.2,-1.0800000000000003,↘️ 微減,-0.05,-0.96,↗️ 微增,0.35,-1.0999999999999999,↗️ 微增,0.28,-1.1700000000000002,雙引擎,,,,,61.4,0,0.0,🔄 持平,-4.6,0.0,➖ 持平,3,3,3692.0
8070,長華*,電子通路業,09/17,50.1,1.73,1869.0,93.9,29.6,1427.0,70.86,⚖️ 溫和震盪整理,113.40909090909092,1.33,,0.0,,11.00,🔄 持平,,,,,,🔥 強延續 (22.5%),,🔥 持續加碼 (0.06%),,,,,,,,,,,,,,0.0,50.0,0.0,8.0,0.0,,,,,10.0,91.0,50.1,,,,,,,,↗️ 微增,0.17,0.56,↗️ 微增,0.15,1.01,↘️ 微減,-0.05,0.34,↘️ 微減,-0.09,0.45999999999999996,,,,,,30.3,0,0.0,🔄 持平,0.0,0.0,➖ 持平,4,4,2022.0
8072,陞泰,電子通路業,09/17,26.6,-0.56,127.0,3.4,16.0,395.0,10.75,⚖️ 溫和震盪整理,-80.23255813953489,0.32,,,,1.60,,,,,,,,,,,,,,,,,,,,,,,,,,,,,,,,,,,,,,,,,,🔄 持平,0.0,0.0,🔄 持平,-0.0,0.0,🔄 持平,-0.0,0.0,↘️ 微減,-0.04,0.039999999999999994,,,,,,38.8,0,0.0,🔄 持平,0.0,0.0,➖ 持平,2,4,59.0
8081,致新,半導體業,09/17,251.0,1.41,351.0,88.1,13.6,245.0,60.7,⏸️ 平量滯漲 (拋壓增大，高位見頂),61.948529411764696,1.45,🔴5日 🟡20日,0.13535812484582976,21.73940602008502,18.90,🪜 階梯吸籌 | 📈 上升,0.39201617340708594,0.6822008030629654,,,🔥 強延續 (27.1%),📉 調節洗盤 (-1.14%),🔥 持續加碼 (0.11%),🔄 今日量縮持平,🌐 外資日連買(4)-🆕 試單觀察 | 🏦 投信週連買(3)-🌱 週線發動,🔼 進駐,,,,,,,,,,,,,,,,,,,,,,,,,,,-377.0,-972.0,,,🔄 持平,0.0,0.050000000000000044,🔄 持平,-0.0,1.99,📈 小增,0.83,2.11,📈 小增,0.65,0.9999999999999999,,,,,,9.68,0,0.0,🔄 持平,0.0,0.0,➖ 持平,3,4,448.0
8101,華冠,通信網路業,09/17,12.3,0.41,8.0,0.09,,6.0,0.07,⏸️ 平量滯漲 (拋壓增大，高位見頂),125.0,1.29,,,,0.00,,,,,,,,,,,,,,,,,,,,,,,,,,,,,,,,,,,,,,,,,,🔄 持平,0.0,0.0,🔄 持平,-0.0,0.0,🔄 持平,-0.0,0.0,🔄 持平,-0.0,-0.87,,,,,,36.3,34.4,0.0,🔄 持平,-1.9,8.0,🚨 暴增,2,3,30.0
8103,瀚荃,電子零組件業,09/17,132.0,10.0,10402.0,1340.0,23.0,4839.0,587.2,🚀 放量大漲 (量價齊升，持續看漲),91.70243204577969,2.28,🟡20日,-0.3200000000000003,20.835753260232064,20.80,📉 下降,,3.75,,,,,💤 籌碼沉澱中,,,,,,,,,,,,153.0,-131.0,2019.6,,,59.0,20.0,778.8,0.06,16.6,,,4.0,963.0,52.8,,,,1972.0,-1193.0,,,🚨 劇減,-2.04,1.3300000000000003,🚨 劇減,-1.95,4.98,📉 小減,-0.98,5.7700000000000005,🚨 劇減,-1.52,5.26,,,,,,10.2,0,0.0,🔄 持平,-0.7,0.0,➖ 持平,3,4,2347.0
8104,錸寶,光電業,09/17,30.1,2.03,280.0,8.4,,223.0,6.59,⚖️ 溫和震盪整理,78.72340425531914,1.27,🟡20日,0.010000000000000231,2.39,2.40,🪜 階梯吸籌 | ⚠️ 趨緩,,0.6200000000000001,,,,,,,🌐 外資日連買(2)-🆕 試單觀察 | 🌐 外資週連買(2)-🌱 週線發動,,,,,,,,,,,,,,,,,,,,,,,,,,,,,,,,🔄 持平,0.0,0.0,🔄 持平,-0.0,0.0,↘️ 微減,-0.02,0.009999999999999995,↘️ 微減,-0.07,0.42,,,,,,28.2,0,0.0,🔄 持平,0.0,0.0,➖ 持平,2,3,248.0
8105,凌巨,光電業,09/17,14.6,1.39,1275.0,18.5,17.0,1308.0,18.92,⏸️ 平量滯漲 (拋壓增大，高位見頂),12.12121212121211,0.98,🟡20日,0.0899999999999963,40.53811256114048,40.10,🪜 階梯吸籌 | 📈 上升,,0.6638869871002129,,,,,💤 籌碼沉澱中,,🌐 外資日連買(2)-🆕 試單觀察 | 🌐 外資週連買(2)-🌱 週線發動,,,,,,,,,,,,,,,,,,,,,,,,,,,,,,,,↗️ 微增,0.03,-0.24,↗️ 微增,0.41,0.33000000000000007,↗️ 微增,0.21,-0.61,↗️ 微增,0.11,-0.42000000000000015,雙引擎,,,,,32.8,42.4,2.1,🔥 大增,-20.3,-17.7,🌟 遽減,2,3,2429.0
8110,華東,半導體業,09/17,43.1,2.86,8719.0,380.0,7.88,3594.0,152.84,⚖️ 溫和震盪整理,285.78680203045684,2.49,,-2.187937381203375,,2.00,📉 下降,,,,,🔄 持平 (0%),,💤 籌碼沉澱中,,,,,,,,,,,,,,,23.8,24.7,35.0,36.0,150.8,3.12,2.23,,,458.0,330.0,1974.0,838.0,286.0,3611.8,,,,,↘️ 微減,-0.28,-0.20000000000000007,↘️ 微減,-0.26,-0.2,↘️ 微減,-0.13,-0.3,↘️ 微減,-0.14,-0.35000000000000003,,,,,,35.1,0,-0.7,🚨 減/大減,-1.8,0.0,➖ 持平,2,4,1409.0
8112,至上,電子通路業,09/17,82.8,0.36,5189.0,431.0,5.98,4939.0,412.0,⏸️ 平量滯漲 (拋壓增大，高位見頂),6.419753086419755,1.05,,0.0,,14.90,🔄 持平,,,,,,🔄 持平 (0.0%),,🔄 今日量縮持平,🏦 投信週連買(3)-🌱 週線發動,,,,,,,,,,,,,,,,,,,,3.72,7.73,98.0,187.0,811.4,1006.0,2011.0,8329.7,,,8361.0,16755.0,🚨 劇減,-1.98,-3.0300000000000002,🚨 劇減,-2.42,-3.29,🚨 劇減,-2.06,-0.8800000000000003,🚨 劇減,-2.26,-1.1999999999999993,,0.53,83,83.1,🛡️ 防守成功,4.29,22.7,0.05,↗️ 微增,0.05,-0.3,↘️ 微減,3,4,1881.0
8114,振樺電,電腦及週邊設備業,09/17,178.5,0.85,348.0,62.0,8.22,339.0,60.26,⏸️ 平量滯漲 (拋壓增大，高位見頂),10.912343470482998,1.03,🟢60日,0.11000000000000298,16.12499646453292,13.90,🪜 階梯吸籌 | 📈 上升,,,3.1982334133095165,,🔥 強延續 (27.7%),,🔥 持續加碼 (0.13%),,🌐 外資日連買(2)-🆕 試單觀察,,,,,,,,,,,,,,,,,,,,,,,,,,,,-962.0,-597.0,,,📉 小減,-0.93,-1.08,🚨 劇減,-2.06,-2.28,↘️ 微減,-0.17,-0.37,↘️ 微減,-0.16,-1.2800000000000002,,,,,,2.19,0,0.02,↗️ 微增,0.03,0.0,➖ 持平,18,4,715.0
8131,福懋科,半導體業,09/17,59.1,0.34,977.0,58.0,17.1,1233.0,73.12,⏸️ 平量滯漲 (拋壓增大，高位見頂),33.33333333333333,0.79,,0.0,,3.10,🔄 持平,,,,,,,,,,,,,,,,,,,,,,,,,,,,,1.28,10.7,,,,143.0,1092.0,845.1,,,849.0,6456.0,📉 小減,-0.56,-0.7999999999999999,↘️ 微減,-0.35,-0.5699999999999998,📉 小減,-0.51,-0.3899999999999998,↘️ 微減,-0.25,-0.2799999999999999,,,,,,62.7,0,0.0,🔄 持平,0.0,0.0,➖ 持平,1,4,851.0
8150,南茂,半導體業,09/17,86.7,-0.46,15264.0,1350.0,26.9,13676.0,1188.2,⏸️ 平量滯漲 (拋壓增大，高位見頂),85.69463548830811,1.14,🟡20日,0.18999999999999773,38.01899358258965,37.40,🪜 階梯吸籌 | ⚠️ 趨緩,,1.7425177934329454,,,,🔄 持平 (0.0%),💤 籌碼沉澱中,🔄 今日量縮持平,🌐 外資日連買(2)-🆕 試單觀察 | 🏦 投信週連買(4)-🌱 週線發動,,,,,-362.0,-820.0,-3138.5,,,133.0,-557.0,1153.1,,,,,,,,,,,,,,,,1176.0,-4828.0,,,🔥 大增,1.49,-3.7,📈 小增,0.7,-3.4700000000000006,📈 小增,0.7,-3.27,↗️ 微增,0.34,-3.04,雙引擎,,,,,12.0,0,0.0,🔄 持平,0.0,0.0,➖ 持平,2,4,6973.0
8163,達方,電腦及週邊設備業,09/17,29.8,0.51,350.0,10.4,50.5,451.0,13.32,⏸️ 平量滯漲 (拋壓增大，高位見頂),-26.241134751773043,0.78,🔵120日,0.0,9.007312143152456,9.10,🔄 持平,,,,2.177850002007678,,,,,,,,,,,,,,,,,,,,,,,,,,,,,,,,,,,,,📉 小減,-0.55,-0.56,📉 小減,-0.52,-0.5800000000000001,↘️ 微減,-0.26,-0.5399999999999999,↘️ 微減,-0.27,-1.06,,,,,,22.4,0,0.0,🔄 持平,0.0,0.0,➖ 持平,5,4,667.0
8201,無敵,其他電子業,09/17,11.65,-0.85,16.0,0.19,,15.0,0.18,⏸️ 平量滯漲 (拋壓增大，高位見頂),89.99999999999999,1.06,,,,0.80,,,,,,,,,,,,⚠️ 初危,,,,,,,,,,,,,,,,,,,,,,,,,,,,,,🔄 持平,0.0,0.0,🔄 持平,-0.0,0.0,🔄 持平,-0.0,0.0,↗️ 微增,0.1,0.29000000000000004,,,,,,37.5,0,0.0,🔄 持平,0.0,0.0,➖ 持平,2,4,94.0
8210,勤誠,電腦及週邊設備業,09/17,891.0,0.91,882.0,790.0,23.2,778.0,693.6,⏸️ 平量滯漲 (拋壓增大，高位見頂),56.74603174603175,1.14,,0.0,,8.80,🔄 持平,,,,,,,💤 籌碼沉澱中,,,,,,,,,,,,32.0,-116.0,2851.2,9.09,20.0,,,,,,,,16.0,115.0,1425.6,,,,2864.0,-10252.0,,,⚠️ 大減,-1.34,-5.69,📉 小減,-0.55,-4.27,⚠️ 大減,-1.15,-4.17,📉 小減,-0.83,-4.26,,,,,,11.9,0,0.0,🔄 持平,-0.1,0.0,➖ 持平,2,4,1356.0
8213,志超,電子零組件業,09/17,32.55,0.15,173.0,5.67,16.6,303.0,9.76,⚖️ 溫和震盪整理,-40.25289778714436,0.58,,0.0,,21.00,🔄 持平,,,,,,,,,,,,,,,,,,,,,,,,,,,,,,,,,,,,,,,,,↘️ 微減,-0.05,-0.43000000000000005,↘️ 微減,-0.39,-0.10999999999999993,↗️ 微增,0.14,0.72,↘️ 微減,-0.05,0.46,,,,,,4.58,0,0.0,🔄 持平,0.0,0.0,➖ 持平,5,4,942.0
8215,明基材,光電業,09/17,27.0,4.45,3835.0,102.0,,1709.0,44.34,🚀 放量大漲 (量價齊升，持續看漲),22.009569377990434,2.3,,0.0,,1.50,🔄 持平,,,,,🔄 持平 (0%),⚠️ 趨緩 (0.26%),,🔄 今日量縮持平,🏦 投信週連買(3)-🌱 週線發動,,,,,,,,,,,,,32.3,36.7,10.0,11.0,27.0,5.88,11.1,,,196.0,352.0,529.2,,,,,,,,↗️ 微增,0.13,0.94,↘️ 微減,-0.15,0.6300000000000001,↗️ 微增,0.08,0.44,↗️ 微增,0.07,0.47000000000000003,雙引擎 | 長短線,,,,,38.8,0,0.0,🔄 持平,0.0,0.0,➖ 持平,10,4,794.0
8222,寶一,電機機械,09/17,35.0,1.01,194.0,6.78,25.9,270.0,9.39,⏸️ 平量滯漲 (拋壓增大，高位見頂),-1.1661807580174988,0.72,,0.0,,2.10,🔄 持平,,,,,,,,,,,,,,,,,,,,,,,,,,,,,,,,,,,,,,,,,🔄 持平,0.0,0.0,🔄 持平,-0.0,0.0,⚠️ 大減,-1.11,-0.8700000000000002,↘️ 微減,-0.21,-0.49,,,,,,12.8,0,0.0,🔄 持平,0.3,0.0,➖ 持平,2,3,245.0
8249,菱光,電子零組件業,09/17,38.4,1.19,154.0,5.92,15.1,157.0,5.95,⏸️ 平量滯漲 (拋壓增大，高位見頂),12.761904761904752,0.99,,0.0,,1.70,🔄 持平,,,,,🔄 持平 (0%),,,,🌐 外資日連買(4)-🆕 試單觀察,,,,,,,,,,,,,,,,,,,,,,,,,,,,,,,,🔄 持平,0.0,-0.03,📈 小增,0.65,0.62,↗️ 微增,0.18,0.23,↘️ 微減,-0.46,-0.38000000000000006,,,,,,31.2,0,0.0,🔄 持平,0.0,0.0,➖ 持平,3,4,302.0
8261,富鼎,半導體業,09/17,169.0,-2.59,2090.0,359.0,25.3,2235.0,376.2,🥀 平量價縮 (下跌中繼，弱反彈信號),-26.4344262295082,0.95,🔴5日,-0.08999999999999986,6.067500251286203,5.80,📉 下降,0.8399999999999999,,,,🔄 持平 (0%),,🚨 轉賣反轉 (-0.06%),,,,,,,0.0,-291.0,0.0,,,-44.0,-282.0,-743.6,,,,,,,,,,,,,,,,-756.0,-4789.0,,,↘️ 微減,-0.37,-5.8100000000000005,↘️ 微減,-0.37,-8.09,📉 小減,-0.99,-10.65,↘️ 微減,-0.22,-10.61,,,,,,32.1,0,0.0,🔄 持平,0.0,0.0,➖ 持平,7,3,830.0
8271,宇瞻,半導體業,09/17,204.0,-2.86,2162.0,449.0,5.04,1560.0,321.6,🥀 平量價縮 (下跌中繼，弱反彈信號),-2.813852813852813,1.4,,0.0,,9.10,🔄 持平,,,,,,,,,,,,,,,,,,,,,,,,,,,,,,,,,,161.0,268.0,3284.4,,,3345.0,5553.0,↘️ 微減,-0.23,-0.09000000000000075,↘️ 微減,-0.11,0.6700000000000008,📉 小減,-0.67,0.16999999999999993,📉 小減,-0.78,-0.5799999999999992,,,,,,16.8,0,-0.4,🚨 減/大減,-1.1,0.0,➖ 持平,1,4,377.0
8341,日友,綠能環保,09/17,74.5,0.54,103.0,7.7,14.2,150.0,11.2,⚖️ 溫和震盪整理,10.79136690647482,0.69,,,,5.30,,,,,,,,,,,,,0.91,-9.81,,,,,,,,,,,,,,,,,,,,,,,,,,,,↘️ 微減,-0.01,0.10999999999999999,↘️ 微減,-0.01,0.10999999999999999,↘️ 微減,-0.01,0.11000000000000004,↘️ 微減,-0.01,0.2,,,,,,39.3,89.4,0.0,🔄 持平,0.0,0.0,➖ 持平,6,3,357.0
8367,建新國際,航運業,09/17,40.8,0.0,23.0,0.92,13.0,17.0,0.69,⏸️ 平量滯漲 (拋壓增大，高位見頂),2200.0,1.33,,,,1.60,,,,,,🔄 持平 (0%),,,,,,,,,,,,,,,,,,,,,,,,,,,,,,,,,,,,🔄 持平,0.0,0.010000000000000002,🔄 持平,-0.0,0.010000000000000002,🔄 持平,-0.0,0.0,🔄 持平,-0.0,0.009999999999999995,,,,,,26.7,2.43,0.0,🔄 持平,0.0,0.0,➖ 持平,3,3,27.0
8374,羅昇,電機機械,09/17,77.3,0.78,121.0,9.41,,153.0,11.89,⏸️ 平量滯漲 (拋壓增大，高位見頂),-5.045408678102925,0.79,,,,2.40,,,,,,,,,,,,,,,,,,,,,,,0.0,25.0,,,,,,,,,,,,,,,,,,↘️ 微減,-0.2,-0.2,↘️ 微減,-0.21,-0.21,↘️ 微減,-0.21,-0.21,↗️ 微增,0.2,-0.26999999999999996,,,,,,55.8,0,0.0,🔄 持平,0.0,0.0,➖ 持平,3,3,88.0
8404,百和興業-KY,其他業,09/17,13.6,-0.37,385.0,5.25,16.4,448.0,6.19,⏸️ 平量滯漲 (拋壓增大，高位見頂),37.07571801566581,0.85,,0.0,,52.90,🔄 持平,,,,,🔥 強延續 (36.6%),,,,🌐 外資日連買(2)-🆕 試單觀察,,,-0.34,-11.1,-10.0,-365.0,-13.6,,,,,,,,0.0,40.0,0.0,,,,,,,,,,,,,,,📈 小增,0.5,-0.21999999999999997,↘️ 微減,-0.13,0.42999999999999994,↗️ 微增,0.01,0.09999999999999998,↗️ 微增,0.01,0.08999999999999994,雙引擎,,,,,58.7,5.27,0.0,🔄 持平,0.0,0.0,➖ 持平,6,4,781.0
8411,福貞-KY,其他業,09/17,12.6,-0.4,78.0,0.98,36.0,61.0,0.77,⏸️ 平量滯漲 (拋壓增大，高位見頂),36.111111111111114,1.27,,0.0,,54.00,🔄 持平,,,,,🔄 持平 (0%),,,,,,⚠️ 初危,,,,,,,,,,,,,,,,,,,,,,,,,,,,,,↗️ 微增,0.28,0.29000000000000004,↗️ 微增,0.27,0.28,↗️ 微增,0.26,0.27,↗️ 微增,0.25,0.26,雙引擎 | 長短線,,,,,5.88,0,0.01,↗️ 微增,0.04,0.0,➖ 持平,5,4,324.0
8422,可寧衛*,綠能環保,09/17,25.85,-0.58,6767.0,175.0,26.6,4033.0,104.7,⚠️ 放量滯漲 (拋壓增大，即將見頂反轉),101.3808975834292,1.67,🟡20日 🟢60日,0.005224244203677841,9.543336430424809,5.50,📈 上升,,0.7543594104290428,2.1065309640179564,,🔄 持平 (0%),🔄 持平 (0%),💤 籌碼沉澱中,💤 籌碼沉澱中,,,,,,,,,,,,,,,,,,,,,,,,,,968.0,422.0,2502.3,,,,,↗️ 微增,0.14,1.33,🔄 持平,-0.0,1.4600000000000002,↘️ 微減,-0.11,1.7999999999999998,↘️ 微減,-0.06,1.37,,,,,,6.46,0,0.0,🔄 持平,-1.25,0.0,➖ 持平,6,4,2916.0
8429,金麗-KY,貿易百貨業,09/17,5.93,0.17,186.0,1.11,59.3,149.0,0.89,⏸️ 平量滯漲 (拋壓增大，高位見頂),98.21428571428572,1.25,,0.0,,28.70,🔄 持平,,,,,🔄 持平 (0%),,,,🌐 外資日連買(2)-🆕 試單觀察,,,,,18.0,-336.0,10.7,,,8.0,-107.0,4.7,,,,,,,,,,,,,,,,,,,,↘️ 微減,-0.01,0.16,↘️ 微減,-0.01,0.16,↘️ 微減,-0.01,0.16,↘️ 微減,-0.01,0.72,,,,,,15.4,0,-0.1,🚨 減/大減,-0.4,0.0,➖ 持平,3,4,194.0
8438,昶昕,綠能環保,09/17,68.8,0.58,188.0,12.9,19.0,115.0,7.79,⚠️ 放量滯漲 (拋壓增大，即將見頂反轉),17.272727272727284,1.66,🟢60日 🔵120日,0.04999999999999982,5.3,5.30,🪜 階梯吸籌 | ⚠️ 趨緩,,,1.5799999999999996,4.0655559527043446,,,,,🌐 外資日連買(2)-🆕 試單觀察,,,,,,,,,,,,,,,,,,,,,,,,,,,,,,,,🔄 持平,0.0,-0.01,↘️ 微減,-0.02,0.010000000000000231,📈 小增,0.85,0.7800000000000002,📈 小增,0.85,-1.05,,,,,,42.6,0,0.0,🔄 持平,0.0,0.0,➖ 持平,4,4,223.0
8442,威宏-KY,其他業,09/17,46.1,0.88,26.0,1.18,14.8,31.0,1.39,⏸️ 平量滯漲 (拋壓增大，高位見頂),-30.99415204678363,0.85,,,,56.00,,,,,,🔄 持平 (0%),🔥 強延續 (9.85%),,🔄 今日量縮持平,🏦 投信日連買(3)-🆕 試單觀察 | 🏦 投信週連買(3)-🌱 週線發動,,,,,,,,-2.27,-13.1,,,,,,,,,,,,,,,,,,,,,,,🔄 持平,0.0,0.0,🔄 持平,-0.0,-1.14,🔄 持平,-0.0,0.88,🔄 持平,-0.0,0.13999999999999999,,,,,,38.7,0,0.0,🔄 持平,-1.5,0.0,➖ 持平,3,4,274.0
8443,阿瘦,貿易百貨業,09/17,11.2,0.0,30.0,0.34,,26.0,0.3,⏸️ 平量滯漲 (拋壓增大，高位見頂),0.0,1.13,,,,3.70,,,,,,,,,,,,,,,,,,,,,,,,,,,,,,,,,,,,,,,,,,🔄 持平,0.0,-1.67,🔄 持平,-0.0,-1.64,↗️ 微增,0.17,1.47,↗️ 微增,0.17,-0.010000000000000009,,,,,,20.7,68.1,0.0,🔄 持平,0.0,0.0,➖ 持平,1,4,297.0
8454,富邦媒,數位雲端,09/17,249.0,2.47,353.0,87.1,23.9,409.0,99.26,⚖️ 溫和震盪整理,52.80701754385964,0.88,🔴5日 🔵120日,0.05999999999999872,16.151641538064258,12.00,🪜 階梯吸籌 | 📈 上升,0.2731161605549772,,,2.686535007841769,🔥 強延續 (48.6%),🔄 持平 (0%),,💤 籌碼沉澱中,🌐 外資日連買(5)-⚡ 買盤點火 | 🌐 外資週連買(2)-🌱 週線發動,🔥 點火,,,,,,,,,,,,,,,,,,,,,,,,,,,-1948.0,-1774.0,,,🔄 持平,0.0,-0.39,↘️ 微減,-0.32,-0.4,↘️ 微減,-0.27,-0.3400000000000001,↗️ 微增,0.22,0.2,,,,,,55.5,0,0.0,🔄 持平,0.0,0.0,➖ 持平,7,4,660.0
8462,柏文,運動休閒,09/17,161.5,1.89,45.0,7.13,15.3,81.0,12.9,📈 價升量縮 (量價背離，下方承接看拉高),-58.786127167630056,0.55,🟢60日,0.0,5.49,5.50,🔄 持平,,,2.002487976356661,,,,,,,,,,,,,,,,,,,,,,,,,,,,,,,,,,,,,,↗️ 微增,0.07,0.15000000000000002,↗️ 微增,0.03,0.11999999999999995,↗️ 微增,0.05,0.88,↘️ 微減,-0.47,-0.33999999999999997,,,,,,35.5,16.8,0.0,🔄 持平,-0.5,0.0,➖ 持平,2,4,215.0
8463,潤泰材,其他業,09/17,20.9,-1.42,169.0,3.53,10.6,48.0,1.02,⚠️ 放量滯漲 (拋壓增大，即將見頂反轉),390.27777777777777,3.46,,,,0.50,,,,,,🔄 持平 (0%),,,,🌐 外資週連買(2)-🌱 週線發動,,,,,,,,,,,,,,,,,,,,,,,,,,,,,,,,🔄 持平,0.0,0.09,🔄 持平,-0.0,0.09,🔄 持平,-0.0,0.15,🔄 持平,-0.0,0.1,,,,,,46.7,0,0.0,🔄 持平,0.0,0.0,➖ 持平,4,4,91.0
8464,億豐,居家生活,09/17,372.5,-0.4,488.0,182.0,16.3,359.0,134.4,⏸️ 平量滯漲 (拋壓增大，高位見頂),52.941176470588225,1.35,,0.0,,40.80,🔄 持平,,,,,🔥 強延續 (24.4%),🔄 持平 (0%),,💤 籌碼沉澱中,🌐 外資日連買(8)-⚡ 買盤點火 | 🌐 外資週連買(2)-🌱 週線發動,,,0.0,-10.2,,,,,,,,,,,,,,0.0,-10.2,,,,,,,,,-1195.0,-884.0,,,↘️ 微減,-0.1,-0.13,↗️ 微增,0.2,0.5400000000000001,↘️ 微減,-0.03,0.25,↘️ 微減,-0.15,0.13,,0.4,374.25,370.0,🚨 跌破防線,24.7,0.21,0.0,🔄 持平,0.1,0.0,➖ 持平,4,4,580.0
8466,美吉吉-KY,其他業,09/17,13.95,1.09,44.0,0.61,,22.0,0.3,⚠️ 放量滯漲 (拋壓增大，即將見頂反轉),408.3333333333333,2.03,,0.0,,50.50,🔄 持平,,,,,🔄 持平 (0%),,,,,,,,,,,,,,,,,,,,,,,,,,,,,,,,,,,,🔄 持平,0.0,-0.08999999999999998,🔄 持平,-0.0,-0.08999999999999998,🔄 持平,-0.0,-0.08999999999999998,🔄 持平,-0.0,-0.58,,,,,,28.1,0,0.1,📈 增,0.1,0.0,➖ 持平,1,4,52.0
8467,波力-KY,運動休閒,09/17,88.6,5.48,19.0,1.64,13.8,22.0,1.85,✈️ 平量大漲 (一致看漲無拋壓，加速上漲),-16.326530612244905,0.89,,,,46.50,,,,,,,,,,,,,,,,,,,,,,,,,,,,0.0,1.69,,,,,,,,,,,,,🔄 持平,0.0,-0.01,🔄 持平,-0.0,-0.01,🔄 持平,-0.0,-0.01,🔄 持平,-0.0,-0.01,,,,,,9.65,0,0.0,🔄 持平,0.04,0.0,➖ 持平,2,2,28.0
8473,山林水,綠能環保,09/17,38.15,1.06,1097.0,41.7,11.0,678.0,25.86,⚠️ 放量滯漲 (拋壓增大，即將見頂反轉),82.89473684210526,1.61,,0.0,,2.90,🔄 持平,,,,,,,,,,,,1.81,-7.4,59.0,-266.0,225.1,1.46,-32.0,18.0,-589.0,68.7,318.0,268.0,586.0,561.0,2235.6,,,,,,,,,,,68.4,-2205.0,,,⚠️ 大減,-1.29,-0.10999999999999976,📉 小減,-0.77,-1.57,⚠️ 大減,-1.12,-1.8900000000000001,⚠️ 大減,-1.12,-2.58,,,,,,60.9,21.8,0.0,🔄 持平,-0.2,0.0,➖ 持平,6,3,437.0
8476,台境*,綠能環保,09/17,19.9,2.05,257.0,5.07,71.1,215.0,4.18,⚖️ 溫和震盪整理,4.53608247422681,1.21,,,,1.40,,,,,,,,,,🌐 外資日連買(2)-🆕 試單觀察,,,,,,,,,,,,,,,,,,,,,,39.0,397.0,77.6,,,,,,,,↗️ 微增,0.37,0.9500000000000001,↗️ 微增,0.37,0.93,↗️ 微增,0.35,0.4799999999999999,📈 小增,0.63,0.44999999999999996,雙引擎 | 長短線,,,,,8.31,89.3,0.0,🔄 持平,0.07,0.0,➖ 持平,8,4,317.0
8478,東哥遊艇,運動休閒,09/17,143.5,1.06,129.0,18.5,9.98,59.0,8.46,⚠️ 放量滯漲 (拋壓增大，即將見頂反轉),281.4432989690722,2.19,,,,39.60,,,,,,🔥 強延續 (38.0%),,,,🌐 外資日連買(5)-⚡ 買盤點火 | 🌐 外資週連買(4)-🌱 週線發動,🔼 進駐,,,,,,,,,,,,125.0,800.0,5.0,8.0,71.8,,,,,,,,,,,-42.9,-807.0,,,🔄 持平,0.0,0.0,🔄 持平,-0.0,0.0,🔄 持平,-0.0,0.0,🔄 持平,-0.0,-0.44,,,,,,11.7,25.6,0.0,🔄 持平,0.0,0.0,➖ 持平,3,4,130.0
8481,政伸,其他業,09/17,41.0,-0.36,5.0,0.21,12.1,6.0,0.26,⏸️ 平量滯漲 (拋壓增大，高位見頂),319.99999999999994,0.81,,,,0.50,,,,,,🔄 持平 (0%),,,,,,,,,,,,,,,,,,,,,,,,,,,,,,,,,,,,🔄 持平,0.0,0.01,🔄 持平,-0.0,0.01,🔄 持平,-0.0,0.01,🔄 持平,-0.0,0.06,,,,,,36.6,0,0.1,📈 增,0.2,0.0,➖ 持平,1,4,73.0
8482,商億-KY,居家生活,09/17,47.25,0.21,32.0,1.5,16.0,10.0,0.45,⚠️ 放量滯漲 (拋壓增大，即將見頂反轉),525.0,3.33,,0.0,,91.80,🔄 持平,,,,,🔄 持平 (0%),,,,🌐 外資週連買(3)-🌱 週線發動,,,-9.87,-11.0,,,,,,,,,,,,,,,,,,,,,,,,,,,,🔄 持平,0.0,0.0,🔄 持平,-0.0,-0.04,🔄 持平,-0.0,-0.04,🔄 持平,-0.0,0.019999999999999997,,,,,,0.0,0,0.0,🔄 持平,0.0,0.0,➖ 持平,3,1,45.0
8488,吉源-KY,其他業,09/17,9.82,-1.31,59.0,0.58,,40.0,0.41,⏸️ 平量滯漲 (拋壓增大，高位見頂),383.3333333333333,1.41,,0.0,,69.80,🔄 持平,,,,,🔄 持平 (0%),,💤 籌碼沉澱中,,,,⚠️ 初危,,,,,,,,,,,,,,,,18.2,25.8,,,,,,,,,,,,,↘️ 微減,-0.08,-0.019999999999999997,↘️ 微減,-0.1,-0.04,↘️ 微減,-0.1,-0.04,↘️ 微減,-0.1,0.5199999999999999,,,,,,9.16,0,0.0,🔄 持平,0.0,0.0,➖ 持平,3,4,264.0
8499,鼎炫-KY,其他電子業,09/17,251.5,-0.98,38.0,9.59,23.7,24.0,6.14,⚠️ 放量滯漲 (拋壓增大，即將見頂反轉),5541.176470588235,1.56,,,,72.20,,,,,,📉 調節洗盤 (-2.06%),,,,🌐 外資週連買(2)-🌱 週線發動,,,,,,,,,,,,,,,,,,,,,,,,,,,,,,,,🔄 持平,0.0,0.0,🔄 持平,-0.0,0.0,🔄 持平,-0.0,0.01,🔄 持平,-0.0,0.06,,,,,,48.9,0,0.0,🔄 持平,0.0,0.0,➖ 持平,1,3,66.0
8926,台汽電,油電燃氣業,09/17,58.8,0.51,1987.0,117.0,14.6,2219.0,129.04,⏸️ 平量滯漲 (拋壓增大，高位見頂),-18.181818181818176,0.91,,,,6.60,,,,,,,⚠️ 趨緩 (0.4%),,🔄 今日量縮持平,🌐 外資日連買(3)-🆕 試單觀察 | 🏦 投信週連買(4)-🌱 週線發動,,,-0.89,-5.74,-58.0,-395.0,-341.0,,,,,,,,,,,,,,,,,,-91.0,616.0,-535.1,,,-536.0,3544.0,↘️ 微減,-0.19,-1.5100000000000002,↘️ 微減,-0.18,-1.83,↘️ 微減,-0.23,-1.7800000000000002,↘️ 微減,-0.07,-1.5,,,,,,33.9,0,0.1,📈 增,0.7,0.0,➖ 持平,5,3,575.0
8940,新天地,觀光餐旅,09/17,14.75,-0.34,29.0,0.43,27.8,38.0,0.56,⏸️ 平量滯漲 (拋壓增大，高位見頂),26.470588235294112,0.77,,,,8.60,,,,,,,,,,,,,,,,,,-6.06,-13.4,,,,,,,,,,,,,,,,,,,,,,,↘️ 微減,-0.07,-0.29000000000000004,↘️ 微減,-0.06,-0.27999999999999997,↘️ 微減,-0.06,-0.27999999999999997,↘️ 微減,-0.06,-0.27999999999999997,,,,,,28.1,0,0.0,🔄 持平,6.9,0.0,➖ 持平,9,4,57.0
8996,高力,電機機械,09/17,1300.0,0.0,1361.0,1804.0,87.4,2962.0,3769.4,⚖️ 溫和震盪整理,17.908496732026148,0.48,,0.0,,23.20,🔄 持平,,,,,,📉 調節洗盤 (-1.18%),,🚨 轉賣反轉 (-0.02%),,,,,,,,,,,,,,,,,,,,,,,247.0,620.0,32110.0,,,,-6628.0,-7797.0,,,🚨 劇減,-2.39,-12.780000000000001,🚨 劇減,-3.34,-9.579999999999998,↗️ 微增,0.29,-4.51,📈 小增,0.57,-3.0200000000000005,,,,,,5.19,22.7,-0.11,🚨 減/大減,1.06,1.2,⚠️ 大增,3,4,1229.0
9802,鈺齊-KY,運動休閒,09/17,65.5,2.83,375.0,24.4,12.9,583.0,37.38,📈 價升量縮 (量價背離，下方承接看拉高),4.2735042735042805,0.65,,0.0,,41.80,🔄 持平,,,,,,🔄 持平 (0%),,💤 籌碼沉澱中,,,,,,,,,,,,,,-74.1,16.7,,,,,,0.38,8.53,,,,38.0,779.0,248.9,,,247.0,4977.0,🔄 持平,0.0,-1.2399999999999998,📉 小減,-0.5,-1.27,📈 小增,0.61,-0.14000000000000007,📉 小減,-0.58,-0.9899999999999999,,,,,,3.86,0,0.0,🔄 持平,0.0,0.0,➖ 持平,3,4,651.0
9902,台火,其他業,09/17,13.25,0.38,164.0,2.17,22.8,119.0,1.59,⏸️ 平量滯漲 (拋壓增大，高位見頂),325.4901960784314,1.36,,,,1.40,,,,,,,,,,,,,,,,,,-10.8,-15.9,-85.0,-132.0,-112.6,,,,,,,,,,,,,,,,,,,,🔄 持平,0.0,0.0,↗️ 微增,0.19,1.02,↗️ 微增,0.2,0.46000000000000013,↗️ 微增,0.08,0.39,,,,,,19.9,0,0.0,🔄 持平,-1.0,0.0,➖ 持平,11,4,186.0
9904,寶成,運動休閒,09/17,24.8,1.22,14262.0,352.0,5.25,12070.0,294.0,⏸️ 平量滯漲 (拋壓增大，高位見頂),11.041009463722396,1.2,🔴5日,0.0,22.56205080291286,27.20,📈 上升 | 🔄 洗盤回歸,0.21713962002997178,,,,,🔥 強延續 (21.2%),,🔥 持續加碼 (0.1%),🏦 投信日連買(6)-⚡ 買盤點火 | 🏦 投信週連買(3)-🌱 週線發動,,,,,-433.0,-735.0,-1073.8,,,,,,,,,,,,,,,,,,-187.0,8173.0,-463.8,,,-462.0,19766.0,📉 小減,-0.57,-2.2,📉 小減,-0.57,-2.04,↘️ 微減,-0.49,-2.0300000000000002,↘️ 微減,-0.33,-1.5499999999999998,,,,,,7.67,0,0.0,🔄 持平,0.0,0.0,➖ 持平,2,4,3893.0
9905,大華,其他業,09/17,21.3,0.24,139.0,2.94,12.9,141.0,2.99,⏸️ 平量滯漲 (拋壓增大，高位見頂),105.59440559440559,0.98,,,,2.60,,,,,,🔄 持平 (0%),,,,🌐 外資日連買(2)-🆕 試單觀察,,,,,,,,,,,,,,,,,,4.0,-3.7,,,,,,,,,,,,,🔄 持平,0.0,-0.34,🔄 持平,-0.0,-0.02,🔄 持平,-0.0,-0.02,↗️ 微增,0.13,0.53,,,,,,24.1,0,0.0,🔄 持平,0.0,0.0,➖ 持平,3,4,136.0
9906,欣巴巴,建材營造業,09/17,37.6,0.8,74.0,2.75,11.0,62.0,2.34,⏸️ 平量滯漲 (拋壓增大，高位見頂),20.087336244541486,1.18,,,,0.90,,,,,,🔄 持平 (0%),,💤 籌碼沉澱中,,🌐 外資日連買(3)-🆕 試單觀察 | 🌐 外資週連買(8)-🚀 趨勢加溫,,,,,,,,-1.17,-11.0,-11.0,-114.0,-41.4,,,,,,,,,,,,,,,,,,,,↘️ 微減,-0.01,-0.03,↘️ 微減,-0.01,-0.03,↘️ 微減,-0.01,-0.03,↘️ 微減,-0.01,-0.03,,,,,,38.7,45.3,0.0,🔄 持平,0.0,0.0,➖ 持平,2,4,87.0
9907,統一實,其他業,09/17,14.95,0.67,1699.0,25.4,15.7,1203.0,18.02,⏸️ 平量滯漲 (拋壓增大，高位見頂),101.58730158730158,1.41,🟡20日,-0.005637893601814881,16.388827571186287,16.10,📉 下降,,0.4603552259599404,,,🔄 持平 (0%),🔄 持平 (0%),,💤 籌碼沉澱中,,,,,,,,,,,,,,0.0,100.0,,,,,,,,,,,,,,,,,,↗️ 微增,0.05,-0.30999999999999994,↗️ 微增,0.06,-0.38,↗️ 微增,0.05,-0.32000000000000006,↗️ 微增,0.03,-0.37,雙引擎,,,,,48.1,0,0.0,🔄 持平,0.0,0.0,➖ 持平,3,4,2184.0
9908,大台北,油電燃氣業,09/17,29.05,0.17,152.0,4.41,13.8,113.0,3.28,⏸️ 平量滯漲 (拋壓增大，高位見頂),97.7578475336323,1.34,,,,2.00,,,,,,🔄 持平 (0%),,,,,,,-0.89,-8.26,,,,0.5,-8.84,,,,,,,,,,,,,,,,,,,,,,,↗️ 微增,0.22,0.11000000000000001,↗️ 微增,0.02,-0.07,↗️ 微增,0.14,-0.06999999999999999,↗️ 微增,0.1,-0.12,雙引擎,,,,,8.17,42.2,0.0,🔄 持平,0.0,0.0,➖ 持平,4,4,401.0
9910,豐泰,運動休閒,09/17,69.1,2.37,1078.0,73.9,14.0,1039.0,70.7,⚖️ 溫和震盪整理,-32.81818181818181,1.05,,0.0,,5.80,🔄 持平,,,,,🔄 持平 (0%),🔥 強延續 (44.4%),💤 籌碼沉澱中,🔥 持續加碼 (0.05%),🏦 投信日連買(14)-🔥 波段認養 | 🏦 投信週連買(8)-🚀 趨勢加溫,,,,,,,,,,,,,,,,,,,,,,,,,,,,,,,,↘️ 微減,-0.05,-0.20999999999999996,↗️ 微增,0.22,-0.18,↗️ 微增,0.2,0.15,↗️ 微增,0.12,-0.19,,,,,,14.6,0,0.0,🔄 持平,-2.0,0.0,➖ 持平,2,4,579.0
9911,櫻花,居家生活,09/17,81.5,0.25,261.0,21.3,12.6,209.0,17.06,⏸️ 平量滯漲 (拋壓增大，高位見頂),65.11627906976744,1.25,,0.0,,18.20,🔄 持平,,,,,,🔄 持平 (0.0%),,💤 籌碼沉澱中,,,,,,,,,,,,,,,,,,,,,2.12,8.75,,,,,,,,,367.0,1418.0,↗️ 微增,0.01,0.25,↘️ 微減,-0.38,-1.02,📉 小減,-0.69,-1.12,↘️ 微減,-0.42,-0.6400000000000001,,,,,,9.12,0,0.0,🔄 持平,0.0,0.0,➖ 持平,4,3,205.0
9912,偉聯,電腦及週邊設備業,09/17,13.0,-0.76,15.0,0.19,,57.0,0.74,⚖️ 溫和震盪整理,-72.85714285714285,0.26,🟢60日 🔵120日,0.010000000000001563,20.5,20.50,📈 上升,,,4.57,4.85,,,,,,,,,,,,,,,,,,,,,,,,,,,,,,,,,,,,,🔄 持平,0.0,-0.24000000000000007,🚀 劇增,1.64,3.13,↗️ 微增,0.29,1.72,↗️ 微增,0.29,0.7899999999999998,,,,,,7.51,0,0.0,🔄 持平,0.06,0.0,➖ 持平,2,3,370.0
9914,美利達,運動休閒,09/17,67.6,-0.44,1188.0,80.4,19.7,2912.0,201.6,⚖️ 溫和震盪整理,-14.102564102564086,0.4,🟢60日 🔵120日,-0.06729028127944758,25.85819540055348,25.70,📉 下降,,,2.6617624767629593,2.2204246116344777,,,,,,,🚨 高危,,,,,,,,,,,20.0,38.5,,,,,,1.17,9.33,-7.0,83.0,-47.3,180.0,1329.0,1216.8,,,1219.0,9238.0,📉 小減,-0.8,-2.87,📉 小減,-0.55,-2.31,↘️ 微減,-0.32,-0.5900000000000001,↘️ 微減,-0.34,-0.36,,,,,,23.0,0,0.0,🔄 持平,0.6,0.0,➖ 持平,4,4,2801.0
9917,中保科,其他業,09/17,106.0,0.0,481.0,50.9,15.4,354.0,37.44,⏸️ 平量滯漲 (拋壓增大，高位見頂),23.244552058111378,1.36,,0.0,,39.20,🔄 持平,,,,,,🔄 持平 (0%),,💤 籌碼沉澱中,,,,,,,,,,,,,,,,,,,,,,,,,,,,,,,,,↗️ 微增,0.01,-0.68,↗️ 微增,0.02,-0.09000000000000005,↗️ 微增,0.29,-0.15000000000000002,↗️ 微增,0.03,0.019999999999999962,雙引擎,,,,,34.4,11.3,0.0,🔄 持平,-4.4,0.0,➖ 持平,3,3,165.0
9918,欣天然,油電燃氣業,09/17,43.2,0.7,52.0,2.25,16.2,29.0,1.27,⚠️ 放量滯漲 (拋壓增大，即將見頂反轉),204.0540540540541,1.77,,0.0,,2.80,🔄 持平,,,,,🔄 持平 (0%),,,,,,,,,,,,,,,,,,,,,,,,,,,,,,,,,,,,↗️ 微增,0.02,0.13,↗️ 微增,0.02,0.13,↗️ 微增,0.02,0.13,↗️ 微增,0.02,0.19,雙引擎 | 長短線,,,,,40.1,6.39,0.0,🔄 持平,0.0,0.0,➖ 持平,2,4,115.0
9919,康那香,其他業,09/17,13.95,-0.36,147.0,2.06,,106.0,1.48,⏸️ 平量滯漲 (拋壓增大，高位見頂),23.35329341317367,1.39,,,,4.60,,,,,,🔥 強延續 (31.2%),,,,🌐 外資日連買(24)-🔥 波段認養 | 🌐 外資週連買(7)-🚀 趨勢加溫,,,,,,,,0.0,-25.4,0.0,-922.0,0.0,,,,,,,,,,,,,,,,0.0,-1284.0,,,🔄 持平,0.0,-0.42999999999999994,↗️ 微增,0.46,0.08000000000000007,↗️ 微增,0.02,0.01999999999999999,↘️ 微減,-0.01,-0.26,,,,,,19.1,4.55,0.0,🔄 持平,0.0,0.0,➖ 持平,18,4,748.0
9921,巨大,運動休閒,09/17,90.0,-0.77,1298.0,117.0,58.8,2372.0,212.2,⚖️ 溫和震盪整理,13.592233009708732,0.55,🟡20日 🟢60日 🔵120日,0.05999999999999872,32.01677673261625,31.90,🪜 階梯吸籌 | 📈 上升,,0.8371943456014499,4.605559665881756,5.2884180818156565,,,,,🌐 外資日連買(4)-🆕 試單觀察,,,,,,,,,,,,,,,,,,,,-0.2,8.66,-4.0,108.0,-36.0,-22.0,892.0,-198.0,,,-198.0,7927.0,↘️ 微減,-0.33,2.08,↗️ 微增,0.31,2.73,↘️ 微減,-0.29,2.5999999999999996,↘️ 微減,-0.15,2.5300000000000002,,,,,,17.1,0,0.0,🔄 持平,0.0,0.0,➖ 持平,4,4,1406.0
9924,福興,居家生活,09/17,37.95,0.66,92.0,3.5,10.4,100.0,3.8,⏸️ 平量滯漲 (拋壓增大，高位見頂),39.44223107569722,0.92,,0.0,,10.40,🔄 持平,,,,,,,,,,,,,,,,,,,,,,,,,,,,,,,,,,,,,,,,,🔄 持平,0.0,-0.89,🔄 持平,-0.0,-0.89,🔄 持平,-0.0,-0.4100000000000001,🔄 持平,-0.0,-0.15999999999999998,,,,,,16.2,0,0.0,🔄 持平,5.2,0.0,➖ 持平,1,4,100.0
9925,新保,其他業,09/17,39.5,0.0,367.0,14.5,13.1,431.0,16.98,⏸️ 平量滯漲 (拋壓增大，高位見頂),21.84873949579831,0.85,,0.0,,15.90,🔄 持平,,,,,,,,,,,,0.0,-12.5,,,,,,,,,,,,,,,,,,,,,,,,,,,,📉 小減,-0.55,-1.98,📉 小減,-0.57,-1.5299999999999998,↘️ 微減,-0.23,-1.4699999999999998,↘️ 微減,-0.14,-1.46,,,,,,16.0,0,0.0,🔄 持平,0.0,0.0,➖ 持平,4,4,653.0
9926,新海,油電燃氣業,09/17,49.4,0.71,10.0,0.52,17.3,9.0,0.44,⏸️ 平量滯漲 (拋壓增大，高位見頂),4.0000000000000036,1.18,,,,0.80,,,,,,🔄 持平 (0%),,,,🌐 外資日連買(2)-🆕 試單觀察,,,,,,,,0.0,-20.0,,,,,,,,,,,,,,,,,,,,,,,🔄 持平,0.0,0.0,🔄 持平,-0.0,0.0,🔄 持平,-0.0,0.0,🔄 持平,-0.0,0.0,,,,,,18.8,5.91,0.0,🔄 持平,0.0,0.0,➖ 持平,1,2,41.0
9927,泰銘,其他業,09/17,69.8,0.43,53.0,3.73,11.7,74.0,5.15,⏸️ 平量滯漲 (拋壓增大，高位見頂),-59.58829902491875,0.72,,,,6.30,,,,,,,,,,,,,,,,,,,,,,,,,,,,,,,,,,,,,,,,,,🔄 持平,0.0,-0.02,🔄 持平,-0.0,-0.02,🔄 持平,-0.0,-0.02,🔄 持平,-0.0,-0.02,,,,,,46.7,0,0.0,🔄 持平,5.0,0.0,➖ 持平,8,3,252.0
9928,中視,其他業,09/17,17.7,-0.28,20.0,0.34,,49.0,0.86,⚖️ 溫和震盪整理,-75.88652482269504,0.4,,,,,,,,,,,,,,,,,,,,,,,,,,,,,,,,,,,,,,,,,,,,,,🔄 持平,0.0,0.0,🔄 持平,-0.0,0.0,🔄 持平,-0.0,0.0,🔄 持平,-0.0,0.6799999999999999,,,,,,51.2,0,0.0,🔄 持平,0.0,0.0,➖ 持平,3,4,60.0
9929,秋雨,其他業,09/17,11.2,1.82,4.0,0.04,22.9,7.0,0.07,📈 價升量縮 (量價背離，下方承接看拉高),-63.63636363636363,0.57,,,,0.50,,,,,,🔄 持平 (0%),,,,,,,,,,,,,,,,,,,,,,,,,,,,,,,,,,,,🔄 持平,0.0,-0.13999999999999999,🔄 持平,-0.0,-0.13999999999999999,🔄 持平,-0.0,-0.13999999999999999,↗️ 微增,0.01,-0.12,,,,,,14.4,34.4,0.0,🔄 持平,5.29,34.4,🚨 暴增,1,3,70.0
9930,中聯資源,綠能環保,09/17,61.0,0.0,158.0,9.64,13.8,138.0,8.43,⏸️ 平量滯漲 (拋壓增大，高位見頂),50.155763239875405,1.14,,,,1.90,,,,,,,,,,,,,,,,,,-5.28,-9.73,,,,,,,,,,,,,,,,,,,,,,,↗️ 微增,0.01,-0.36,↘️ 微減,-0.01,0.02,↘️ 微減,-0.01,0.02,↘️ 微減,-0.01,0.02,,,,,,68.6,0,0.0,🔄 持平,0.0,0.0,➖ 持平,18,4,317.0
9931,欣高,油電燃氣業,09/17,34.1,0.44,30.0,1.03,11.9,16.0,0.55,⚠️ 放量滯漲 (拋壓增大，即將見頂反轉),66.12903225806453,1.87,,,,0.80,,,,,,🔄 持平 (0%),,,,,,,,,,,,0.0,-11.3,,,,,,,,,,,,,,,,,,,,,,,🔄 持平,0.0,0.0,🔄 持平,-0.0,0.0,🔄 持平,-0.0,0.0,🔄 持平,-0.0,0.0,,,,,,25.2,0.43,0.0,🔄 持平,0.0,0.0,➖ 持平,3,4,30.0
9933,中鼎,其他業,09/17,42.4,-0.82,2252.0,95.8,7.52,3263.0,136.7,⚖️ 溫和震盪整理,-47.36263736263736,0.7,🔴5日 🔵120日,-0.028549400382782864,19.73063955503465,19.40,📉 下降,0.5074316660903015,,,4.771579881996164,📉 調節洗盤 (-12.5%),🔄 持平 (0%),🚨 轉賣反轉 (-0.03%),💤 籌碼沉澱中,🌐 外資週連買(2)-🌱 週線發動,,,,,,,,,,,,,36.5,353.0,23.0,67.0,97.5,0.1,13.5,0.01,7.86,5.0,569.0,21.2,1.0,544.0,4.2,,,4.26,2272.0,↘️ 微減,-0.27,0.6800000000000002,↘️ 微減,-0.43,0.2499999999999999,↘️ 微減,-0.29,0.39,↘️ 微減,-0.29,0.28,,,,,,7.2,0,0.0,🔄 持平,-0.35,0.0,➖ 持平,12,4,1982.0
9934,成霖,居家生活,09/17,9.87,0.92,394.0,3.88,39.5,953.0,9.72,⚖️ 溫和震盪整理,-10.185185185185198,0.4,,0.0,,13.80,🔄 持平,,,,,,,,,,,,,,,,,,,,,,,,,,,,,,,,,,,,,,,,,↘️ 微減,-0.42,-0.27,↗️ 微增,0.4,0.53,↘️ 微減,-0.16,0.41000000000000003,↘️ 微減,-0.09,0.05999999999999994,,,,,,9.24,24.6,0.0,🔄 持平,0.0,0.0,➖ 持平,2,4,450.0
9935,慶豐富,居家生活,09/17,18.05,0.28,160.0,2.9,7.31,584.0,10.58,⚖️ 溫和震盪整理,-2.3569023569023684,0.27,,0.0,,6.20,🔄 持平,,,,,,🔥 強延續 (5.56%),,🔥 持續加碼 (0.01%),🏦 投信日連買(3)-🆕 試單觀察 | 🏦 投信週連買(2)-🌱 週線發動,,,,,,,,,,,,,,,,,,0.91,-4.47,,,,,,,,,,,,,↗️ 微增,0.18,0.37,📈 小增,0.73,1.87,↘️ 微減,-0.05,1.1500000000000001,↘️ 微減,-0.09,-0.32,,,,,,12.9,22.0,0.0,🔄 持平,0.0,0.0,➖ 持平,6,4,501.0
9937,全國,油電燃氣業,09/17,54.4,0.55,21.0,1.14,21.1,91.0,4.97,⚖️ 溫和震盪整理,-77.6031434184676,0.23,,,,1.80,,,,,,🔄 持平 (0%),,,,,,,,,,,,,,,,,,,,,,0.0,5.93,,,,,,,,,,,,,🔄 持平,0.0,0.0,🔄 持平,-0.0,0.0,🔄 持平,-0.0,0.0,↘️ 微減,-0.01,-0.01,,,,,,45.2,35.6,0.0,🔄 持平,0.0,0.0,➖ 持平,5,4,218.0
9938,百和,其他業,09/17,38.0,0.26,816.0,31.0,11.7,1296.0,49.34,⚖️ 溫和震盪整理,-5.775075987841937,0.63,,0.0,,7.60,🔄 持平,,,,,,🔥 強延續 (3.28%),,🔥 持續加碼 (0.01%),🏦 投信日連買(3)-🆕 試單觀察 | 🏦 投信週連買(2)-🌱 週線發動,,,,,,,,,,,,,0.0,3333.0,0.0,100.0,0.0,,,,,48.0,89.0,182.4,-2.0,206.0,-7.6,,,,,📉 小減,-0.88,-2.5300000000000002,📉 小減,-0.57,-3.0300000000000002,↘️ 微減,-0.34,-1.8499999999999999,📉 小減,-0.68,-2.35,,,,,,5.56,0,0.0,🔄 持平,-1.57,0.0,➖ 持平,2,4,842.0
9939,宏全,其他業,09/17,126.5,0.8,338.0,42.7,11.5,568.0,71.88,⚖️ 溫和震盪整理,26.706231454005923,0.59,🟢60日 🔵120日,-0.00999999999999801,17.422172935730075,16.40,📉 下降,,,2.764248257125349,3.0758349574638277,,,,,🌐 外資日連買(2)-🆕 試單觀察,,,,,,,,,,,,,,,0.0,6.0,0.0,,,,,,,,,,,,,,,↘️ 微減,-0.4,1.96,↘️ 微減,-0.07,0.86,↘️ 微減,-0.29,1.1099999999999999,↘️ 微減,-0.13,1.44,,,,,,5.1,20.9,0.0,🔄 持平,-0.42,0.0,➖ 持平,4,4,427.0
9940,信義,其他業,09/17,20.3,2.27,220.0,4.42,20.7,194.0,3.89,⚖️ 溫和震盪整理,26.285714285714292,1.14,,,,3.80,,,,,,🔄 持平 (0%),,,,,,,,,,,,,,,,,,,,,,,,,,,,,,,,,,,,↘️ 微減,-0.02,-0.29,↘️ 微減,-0.02,-0.29000000000000004,↗️ 微增,0.07,0.04999999999999999,↗️ 微增,0.05,6.938893903907228e-18,,,,,,4.1,0,0.0,🔄 持平,0.0,0.0,➖ 持平,2,4,306.0
9941,裕融,其他業,09/17,80.7,-0.12,898.0,72.5,9.78,991.0,80.32,⏸️ 平量滯漲 (拋壓增大，高位見頂),-36.40350877192983,0.9,🔵120日,0.009999999999999787,6.420252349253049,4.70,🪜 階梯吸籌 | ⚠️ 趨緩,,,,2.49572264400056,🔄 持平 (0%),🔄 持平 (0.0%),💤 籌碼沉澱中,🔄 今日量縮持平,,,,,,,,,,,63.0,-183.0,508.4,,,,,,-0.72,-0.72,,,,,,,,,508.0,-1487.0,,,↘️ 微減,-0.21,-0.13999999999999996,↘️ 微減,-0.21,-0.5800000000000001,↘️ 微減,-0.31,-0.8399999999999999,↗️ 微增,0.02,-0.17999999999999994,,,,,,44.0,0,0.0,🔄 持平,0.0,0.0,➖ 持平,2,4,1031.0
9942,茂順,其他業,09/17,114.0,0.0,32.0,3.66,12.5,40.0,4.58,⏸️ 平量滯漲 (拋壓增大，高位見頂),-21.961620469083154,0.8,,,,4.60,,,,,,,,,,,,,,,,,,,,,,,,,,,,,,,,,,,,,,,,,,🔄 持平,0.0,0.0,🔄 持平,-0.0,0.0,🔄 持平,-0.0,0.0,↘️ 微減,-0.01,-0.5700000000000001,,,,,,14.0,0,0.0,🔄 持平,0.0,0.0,➖ 持平,2,3,166.0
9943,好樂迪,觀光餐旅,09/17,50.8,0.4,72.0,3.66,8.37,43.0,2.17,⚠️ 放量滯漲 (拋壓增大，即將見頂反轉),577.7777777777777,1.69,,,,1.30,,,,,,🔄 持平 (0%),,,,,,,,,,,,-0.28,-19.6,,,,,,,,,,,,,,,,,,,,,,,🔄 持平,0.0,0.0,🔄 持平,-0.0,0.0,🔄 持平,-0.0,0.0,🔄 持平,-0.0,0.02,,,,,,33.8,0,0.0,🔄 持平,0.0,0.0,➖ 持平,2,4,163.0
9944,新麗,其他業,09/17,17.25,0.29,42.0,0.72,27.8,34.0,0.58,⏸️ 平量滯漲 (拋壓增大，高位見頂),26.315789473684227,1.24,,,,1.30,,,,,,,,,,,,,,,,,,,,,,,,,,,,,,,,,,,,,,,,,,🔄 持平,0.0,0.01,🔄 持平,-0.0,0.01,🔄 持平,-0.0,0.68,🔄 持平,-0.0,0.15,,,,,,31.5,0,0.0,🔄 持平,0.0,0.0,➖ 持平,1,4,59.0
9945,潤泰新,其他業,09/17,28.95,3.21,10535.0,302.0,4.89,5208.0,146.88,⚖️ 溫和震盪整理,164.91228070175436,2.06,🔴5日,0.15118599875818806,7.477566520605536,8.50,🪜 階梯吸籌 | 📈 上升,0.31171883221340746,,,,🔥 強延續 (31.6%),🔥 強延續 (8.42%),🔥 持續加碼 (0.12%),🔥 持續加碼 (0.03%),🌐 外資日連買(5)-⚡ 買盤點火 | 🏦 投信日連買(3)-🆕 試單觀察 | 🌐 外資週連買(2)-🌱 週線發動,🚀 強軋,,-11.9,-21.8,-2429.0,-5034.0,-7032.0,,,-264.0,-1012.0,-764.3,,,,,,,,,,,,,,,,-756.0,-2825.0,,,↘️ 微減,-0.04,0.7200000000000001,🔄 持平,-0.0,0.6399999999999999,🔄 持平,-0.0,0.6499999999999999,↗️ 微增,0.05,0.79,,,,,,26.9,10.1,0.0,🔄 持平,0.0,0.0,➖ 持平,3,3,1948.0
9946,三發地產,建材營造業,09/17,17.0,2.1,128.0,2.16,3.66,167.0,2.82,⚖️ 溫和震盪整理,-19.402985074626866,0.77,,,,3.10,,,,,,,,,,🌐 外資日連買(2)-🆕 試單觀察,,,,,,,,,,,,,,,,,,,,,,,,,,,,,,,,↘️ 微減,-0.07,-0.07,↘️ 微減,-0.07,-0.07,↗️ 微增,0.15,0.13999999999999999,↘️ 微減,-0.02,0.29,,,,,,25.5,1.56,0.0,🔄 持平,21.04,0.0,➖ 持平,5,4,525.0
9955,佳龍,綠能環保,09/17,23.65,0.85,95.0,2.24,12.4,138.0,3.23,⚖️ 溫和震盪整理,-36.901408450704224,0.69,,,,3.20,,,,,,,,,,🌐 外資日連買(2)-🆕 試單觀察,,,,,,,,,,,,,,,,,,,,,,,,,,,,,,,,🔄 持平,0.0,-1.22,📈 小增,0.86,-1.17,📈 小增,0.86,-1.16,↘️ 微減,-0.03,-0.2699999999999998,,,,,,38.8,0,0.1,📈 增,0.1,0.0,➖ 持平,6,4,149.0
9958,世紀鋼,鋼鐵工業,09/17,91.9,3.03,2073.0,189.0,13.1,2176.0,195.9,⚖️ 溫和震盪整理,-63.51351351351351,0.96,🔴5日,0.38793065979299257,9.098624938981532,8.60,🪜 階梯吸籌 | 📈 上升,0.6699554514856221,,,,🔥 強延續 (41.6%),,🔥 持續加碼 (0.32%),,🌐 外資日連買(4)-🆕 試單觀察 | 🌐 外資週連買(2)-🌱 週線發動,,,,,-77.0,-158.0,-707.6,,,,,,,,,,,,,,,,,,,,,,,,,📉 小減,-0.52,-2.4,↘️ 微減,-0.12,-3.0799999999999996,↗️ 微增,0.11,-4.489999999999999,📉 小減,-0.9,-6.71,,,,,,21.5,56.0,0.0,🔄 持平,0.1,8.1,🚨 暴增,4,4,675.0
2254,巨鎧精密-創,汽車工業,09/17,75.2,1.35,1708.0,128.0,,1617.0,117.62,⏸️ 平量滯漲 (拋壓增大，高位見頂),-40.46511627906977,1.09,,0.0,,24.20,🔄 持平,,,,,,,💤 籌碼沉澱中,,🌐 外資週連買(3)-🌱 週線發動,,,,,,,,,,,,,,,,,,3.07,18.7,,,153.0,808.0,1150.6,,,,,,,,↗️ 微增,0.35,0.11999999999999998,↗️ 微增,0.33,0.08000000000000003,🔥 大增,1.14,1.13,↘️ 微減,-0.25,0.45999999999999996,,,,,,52.0,32.0,0.0,🔄 持平,0.0,0.0,➖ 持平,2,3,2571.0
2258,鴻華先進-創,汽車工業,09/17,30.9,2.49,324.0,9.92,,319.0,9.65,⚖️ 溫和震盪整理,33.33333333333333,1.03,,,,0.50,,,,,,🔄 持平 (0%),,,,,,,,,,,,,,,,,,,,,,,,,,,,,,,,,,,,↗️ 微增,0.01,0.030000000000000006,↗️ 微增,0.01,-0.08,↗️ 微增,0.05,0.010000000000000009,↗️ 微增,0.05,0.010000000000000009,雙引擎 | 長短線,,,,,89.0,0,0.0,🔄 持平,-0.4,0.0,➖ 持平,2,4,658.0
2432,倚天酷碁-創,電腦及週邊設備業,09/17,27.45,1.29,16.0,0.44,12.5,21.0,0.57,⏸️ 平量滯漲 (拋壓增大，高位見頂),779.9999999999999,0.77,,,,0.90,,,,,,,,,,,,,,,,,,,,,,,,,,,,,,,,,,,,,,,,,,🔄 持平,0.0,0.04,🔥 大增,1.36,1.4000000000000001,↗️ 微增,0.07,0.14,↗️ 微增,0.07,0.13000000000000003,,,,,,63.5,0,0.0,🔄 持平,0.0,0.0,➖ 持平,3,4,82.0
3150,鈺寶-創,半導體業,09/17,15.0,-0.99,28.0,0.43,,45.0,0.69,⚖️ 溫和震盪整理,7.499999999999996,0.62,,,,1.10,,,,,,🔄 持平 (0%),,,,,,,-8.9,-8.51,,,,,,,,,,,,,,,,,,,,,,,,,,,,🔄 持平,0.0,0.0,🔄 持平,-0.0,0.0,🔄 持平,-0.0,0.0,📉 小減,-0.9,-0.8899999999999999,,,,,,32.6,0,0.0,🔄 持平,0.0,0.0,➖ 持平,4,4,67.0
4195,基米-創,生技醫療業,09/17,13.15,-1.13,68.0,0.91,,82.0,1.09,⏸️ 平量滯漲 (拋壓增大，高位見頂),-56.03864734299516,0.83,,,,0.60,,,,,,,,,,,,,,,,,,,,,,,,,,,,,,,,,,,,,,,,,,🔄 持平,0.0,-1.54,🔄 持平,-0.0,-0.17,🔄 持平,-0.0,-0.17,↗️ 微增,0.03,0.51,,,,,,14.8,0,0.0,🔄 持平,-1.6,0.0,➖ 持平,1,4,95.0
4582,聚恆-創,綠能環保,09/17,22.3,0.0,54.0,1.2,8.88,54.0,1.22,⏸️ 平量滯漲 (拋壓增大，高位見頂),93.54838709677418,0.98,,,,1.70,,,,,,,,,,,,,,,,,,,,,,,,,,,,,,,,,,,,,,,,,,🔄 持平,0.0,-1.3699999999999999,🔄 持平,-0.0,-1.3699999999999999,↗️ 微增,0.03,-0.5199999999999999,↗️ 微增,0.05,-1.2799999999999998,,,,,,16.2,0,0.0,🔄 持平,-1.6,0.0,➖ 持平,2,4,70.0
4590,富田-創,電機機械,09/17,89.3,1.25,270.0,24.2,16.7,242.0,21.64,⏸️ 平量滯漲 (拋壓增大，高位見頂),10.502283105022837,1.12,🟡20日 🟢60日 🔵120日,0.11000000000000032,7.04,7.00,🪜 階梯吸籌 | ⚠️ 趨緩,,0.96,4.35,6.66,🔄 持平 (0%),,💤 籌碼沉澱中,,🌐 外資日連買(2)-🆕 試單觀察 | 🌐 外資週連買(3)-🌱 週線發動,,,,,,,,,,,,,,,,,,-1.11,3.89,,,,,,,,,,,,,🚀 劇增,1.89,-0.7600000000000001,⚠️ 大減,-1.41,-0.7499999999999999,🔥 大增,1.37,3.13,🚀 劇增,1.52,2.37,雙引擎,,,,,20.2,0,0.0,🔄 持平,0.0,0.0,➖ 持平,2,4,182.0
6534,正瀚-創,生技醫療業,09/17,90.1,0.33,16.0,1.46,15.2,33.0,2.99,⚖️ 溫和震盪整理,-19.33701657458564,0.49,,,,40.40,,,,,,🔄 持平 (0%),,,,,,,,,,,,,,,,,,,,,,,,,,,,,,,,,,,,🔄 持平,0.0,0.69,🔄 持平,-0.0,1.5,↘️ 微減,-0.03,0.74,↘️ 微減,-0.03,0.8099999999999999,,,,,,50.7,20.0,0.0,🔄 持平,-0.1,0.0,➖ 持平,11,4,119.0
6645,金萬林-創,生技醫療業,09/17,12.5,-1.19,38.0,0.48,,42.0,0.53,⏸️ 平量滯漲 (拋壓增大，高位見頂),9.090909090909083,0.91,,,,0.70,,,,,,🔄 持平 (0%),,,,,,⚠️ 初危,,,,,,,,,,,,,,,,,,,,,,,,,,,,,,🔄 持平,0.0,-0.02,↗️ 微增,0.01,-0.01,↗️ 微增,0.05,0.08,↗️ 微增,0.05,0.08,,,,,,15.2,6.49,0.0,🔄 持平,0.0,0.01,↗️ 微增,2,4,56.0
6771,平和環保-創,綠能環保,09/17,42.4,0.47,68.0,2.87,14.8,49.0,2.04,⏸️ 平量滯漲 (拋壓增大，高位見頂),-42.13709677419355,1.41,,,,0.60,,,,,,,,,,,,,0.0,-7.02,,,,,,,,,,,,,,,,,,,,,,,,,,,,🔄 持平,0.0,0.0,🔄 持平,-0.0,0.0,🚀 劇增,2.06,2.0100000000000002,↗️ 微增,0.24,2.0100000000000002,,,,,,13.4,19.2,0.0,🔄 持平,0.0,0.0,➖ 持平,18,4,462.0
6854,錼創科技-KY創,半導體業,09/17,89.0,-0.22,102.0,9.22,,144.0,12.86,⏸️ 平量滯漲 (拋壓增大，高位見頂),-35.52447552447552,0.72,,,,31.30,,,,,,,,,,🌐 外資日連買(2)-🆕 試單觀察,,,,,,,,,,,,,,,,,,,,,,,,,,,,,,,,🔄 持平,0.0,0.46,🔄 持平,-0.0,-0.25,↘️ 微減,-0.01,0.38,↘️ 微減,-0.01,0.4,,,,,,26.4,0,0.0,🔄 持平,-0.5,0.0,➖ 持平,2,4,167.0
6908,宏碁遊戲-創,電子通路業,09/17,30.2,0.33,13.0,0.4,26.5,7.0,0.21,⚠️ 放量滯漲 (拋壓增大，即將見頂反轉),110.52631578947367,1.9,,,,0.70,,,,,,,,,,,,,,,,,,,,,,,,,,,,,,,,,,,,,,,,,,🔄 持平,0.0,0.0,🔄 持平,-0.0,0.0,🔄 持平,-0.0,0.0,🔄 持平,-0.0,0.0,,,,,,65.6,0,0.0,🔄 持平,-4.1,0.0,➖ 持平,2,4,84.0
6921,嘉雨思-創,半導體業,09/17,60.6,1.51,11.0,0.69,,9.0,0.58,⚖️ 溫和震盪整理,40.816326530612244,1.19,,,,29.60,,,,,,,,,,,,,,,,,,,,,,,,,,,,,,,,,,,,,,,,,,🔄 持平,0.0,-0.06,🔄 持平,-0.0,-0.06,🔄 持平,-0.0,-0.06,🔄 持平,-0.0,-0.06,,,,,,43.8,0,0.0,🔄 持平,0.0,0.0,➖ 持平,2,2,20.0
6924,榮惠-KY創,電子零組件業,09/17,132.0,-2.22,49.0,6.6,15.9,75.0,10.28,📉 縮量小跌 (主力洗盤止跌，擇機進場),-8.205841446453421,0.64,,0.0,,75.20,🔄 持平,,,,,,,,,🌐 外資日連買(2)-🆕 試單觀察,,,,,,,,,,,,,,,,,,,,,,,,,,,,,,,,🔄 持平,0.0,0.0,🔄 持平,-0.0,0.0,🔄 持平,-0.0,0.0,🔄 持平,-0.0,1.97,,,,,,8.06,0,0.0,🔄 持平,0.0,0.0,➖ 持平,5,2,96.0
6949,沛爾生醫-創,生技醫療業,09/17,54.4,2.45,4525.0,242.0,,7533.0,402.2,📈 價升量縮 (量價背離，下方承接看拉高),9.502262443438925,0.6,🟢60日,-0.009999999999999787,3.43,3.40,📉 下降,,,1.3400000000000003,,,,,,,,,,,,,,,,,,,7.95,740.0,26.0,311.0,141.4,,,,,238.0,238.0,1294.7,,,,,,,,🚀 劇增,29.0,28.46,🚀 劇增,27.6,26.950000000000003,🚀 劇增,23.6,24.85,🚀 劇增,19.3,20.1,雙引擎 | 長短線,,,,,18.4,0,,無,,,無,2,2,14726.0
6951,青新-創,綠能環保,09/17,70.4,1.15,5.0,0.36,12.9,21.0,1.45,⚖️ 溫和震盪整理,-80.32786885245902,0.25,,,,1.70,,,,,,,,,,,,,,,,,,,,,,,,,,,,,,,,,,,,,,,,,,🔄 持平,0.0,0.0,🔄 持平,-0.0,0.0,🔄 持平,-0.0,0.0,🔄 持平,-0.0,0.0,,,,,,63.9,0,-8.3,🚨 減/大減,0.0,0.0,➖ 持平,3,3,43.0
6955,邦睿生技-創,生技醫療業,09/17,96.0,0.95,16.0,1.55,22.1,7.0,0.66,⚠️ 放量滯漲 (拋壓增大，即將見頂反轉),31.355932203389834,2.35,,0.0,,17.90,🔄 持平,,,,,🔄 持平 (0%),,,,,,,,,,,,,,,,,,,,,,,,,,,,,,,,,,,,🔄 持平,0.0,0.0,🔄 持平,-0.0,0.0,🔄 持平,-0.0,0.0,🔄 持平,-0.0,0.0,,,,,,38.9,0,0.0,🔄 持平,0.0,0.0,➖ 持平,2,4,36.0
6969,成信實業*-創,綠能環保,09/17,32.4,1.25,83.0,2.66,405.0,133.0,4.35,⚖️ 溫和震盪整理,-9.215017064846421,0.61,🟡20日,0.030000000000000027,1.57,1.60,🪜 階梯吸籌 | 📈 上升,,0.7000000000000001,,,🔄 持平 (0%),,💤 籌碼沉澱中,,🌐 外資日連買(2)-🆕 試單觀察,,,,,,,,,,,,,,,,,,,,,,,,,,,,,,,,🔄 持平,0.0,0.0,↘️ 微減,-0.13,-0.13,🚨 劇減,-1.53,-1.53,↘️ 微減,-0.13,0.8,,,,,,20.5,0,0.0,🔄 持平,0.0,0.0,➖ 持平,3,4,249.0
6988,威力暘-創,汽車工業,09/17,11.9,0.85,64.0,0.76,,45.0,0.54,⏸️ 平量滯漲 (拋壓增大，高位見頂),300.0,1.41,,,,2.90,,,,,,,,,,,,,,,,,,,,,,,,,,,,,,,,,,,,,,,,,,↗️ 微增,0.04,-1.9000000000000001,↗️ 微增,0.04,-1.9,⚠️ 大減,-1.32,-1.88,📈 小增,0.76,0.2,雙引擎,,,,,10.2,0,0.27,📈 增,0.66,0.0,➖ 持平,4,4,85.0
7610,聯友金屬-創,綠能環保,09/17,1770.0,2.31,866.0,1516.0,60.7,904.0,1606.0,⚖️ 溫和震盪整理,-27.359846669861042,0.94,🟢60日 🔵120日,-0.03999999999999915,19.79,19.80,📉 下降,,,2.6899999999999977,3.2699999999999996,,,💤 籌碼沉澱中,,,,,,,,,,,,,,,,,,,,,,25.4,157.0,,,,73.0,220.0,12921.0,,,12775.0,37876.0,↗️ 微增,0.44,1.3799999999999997,↗️ 微增,0.44,0.8500000000000003,🚀 劇增,1.52,2.63,📈 小增,0.57,1.8199999999999992,雙引擎 | 長短線,,,,,27.2,0.63,-5.7,🚨 減/大減,-1.5,0.63,↗️ 微增,4,3,432.0
7631,聚賢研發-創,其他電子業,09/17,136.5,0.74,64.0,8.82,12.9,47.0,6.5,⏸️ 平量滯漲 (拋壓增大，高位見頂),469.03225806451616,1.36,,0.0,,1.20,🔄 持平,,,,,,,,,,,,-1.26,-13.5,,,,,,,,,,,,,,,,,,,,,,,,,,,,🔄 持平,0.0,-1.49,🔄 持平,-0.0,2.54,🔄 持平,-0.0,-1.07,🔄 持平,-0.0,-1.07,,,,,,44.1,0,0.0,🔄 持平,31.6,0.0,➖ 持平,2,4,48.0
7730,暉盛-創,半導體業,09/17,175.5,3.85,114.0,20.0,99.2,70.0,11.92,⚖️ 溫和震盪整理,173.224043715847,1.68,,0.0,,2.20,🔄 持平,,,,,,,,,🌐 外資日連買(3)-🆕 試單觀察,,,-0.96,-7.23,,,,,,,,,,,,,,,,0.0,33.3,,,,,,,,,,,🔄 持平,0.0,-0.19,🔄 持平,-0.0,-0.21000000000000002,🔄 持平,-0.0,-0.21000000000000002,↗️ 微增,0.03,-0.2,,,,,,35.4,0,0.0,🔄 持平,0.0,0.0,➖ 持平,3,3,108.0
7740,熙特爾-創,綠能環保,09/17,121.0,-1.22,117.0,14.3,16.9,181.0,22.46,⚖️ 溫和震盪整理,-53.26797385620915,0.64,,0.0,,4.80,🔄 持平,,,,,,,,,,,,,,,,,,,,,,,,,,,0.37,7.78,,,8.0,158.0,96.8,,,,,,,,🚀 劇增,1.62,-0.4700000000000002,🔥 大增,1.08,-0.7099999999999999,↘️ 微減,-0.28,-0.87,📉 小減,-0.5,-1.09,,,,,,13.6,0,0.0,🔄 持平,0.0,0.0,➖ 持平,5,4,151.0
7803,雲象科技-創,生技醫療業,09/17,19.3,6.04,129.0,2.32,,78.0,1.42,🚀 放量大漲 (量價齊升，持續看漲),12.077294685990347,1.63,,,,2.80,,,,,,🔄 持平 (0%),,,,,,,,,,,,,,,,,,,,,,,,,,,,,,,,,,,,🔄 持平,0.0,0.0,🔄 持平,-0.0,0.0,🔄 持平,-0.0,0.03,🔄 持平,-0.0,0.03,,,,,,32.5,0,0.0,🔄 持平,4.9,0.0,➖ 持平,2,4,49.0
7823,奧義賽博-KY創,數位雲端,09/17,80.5,1.39,22.0,1.8,,64.0,5.31,⚖️ 溫和震盪整理,-28.000000000000004,0.34,,,,26.00,,,,,,,,,,🌐 外資週連買(2)-🌱 週線發動,,,,,,,,-100.0,-100.0,,,,,,,,,,,,,,,,,,,,,,,↗️ 微增,0.1,3.7299999999999995,↗️ 微增,0.1,1.2100000000000002,↗️ 微增,0.1,1.2100000000000002,↗️ 微增,0.09,-0.39,雙引擎,,,,,22.7,0,0.0,🔄 持平,0.0,0.0,➖ 持平,2,4,224.0
7827,漢康-KY創,生技醫療業,09/17,150.0,1.01,153.0,22.9,,112.0,16.8,⏸️ 平量滯漲 (拋壓增大，高位見頂),61.26760563380282,1.36,🔴5日 🟡20日 🟢60日,0.3200000000000003,25.15,25.20,📈 上升 | 🚀 衝進🔴5日、🟡20日榜單,0.22999999999999687,0.5,2.669999999999998,,🔄 持平 (0%),,,,,,,,,,,,,,,,,,,,,,,,,,,,,,,,,,,,↗️ 微增,0.06,2.79,↗️ 微增,0.06,1.32,↗️ 微增,0.05,1.31,↗️ 微增,0.04,1.29,雙引擎 | 長短線,,,,,41.1,0,0.0,🔄 持平,-3.3,0.0,➖ 持平,3,4,608.0
8162,微矽電子-創,半導體業,09/17,60.1,0.67,134.0,8.07,44.9,88.0,5.25,⚠️ 放量滯漲 (拋壓增大，即將見頂反轉),540.4761904761905,1.54,,,,1.10,,,,,,,,,,🌐 外資日連買(2)-🆕 試單觀察,,,,,,,,,,,,,,,,,,,,,,,,,,,,,,,,↘️ 微減,-0.01,1.39,↘️ 微減,-0.01,-0.01,↘️ 微減,-0.01,-0.01,↘️ 微減,-0.03,0.7799999999999999,,,,,,25.0,0,0.0,🔄 持平,0.0,0.0,➖ 持平,5,4,380.0
8487,愛爾達-創,數位雲端,09/17,71.0,0.57,22.0,1.58,13.3,9.0,0.61,⚠️ 放量滯漲 (拋壓增大，即將見頂反轉),1655.5555555555557,2.59,,,,1.60,,,,,,,,,,,,,,,,,,,,,,,,,,,,,,,,,,,,,,,,,,↗️ 微增,0.03,0.12,↗️ 微增,0.03,0.12,↗️ 微增,0.03,0.12,↗️ 微增,0.03,0.12,雙引擎 | 長短線,,,,,38.2,0,0.0,🔄 持平,0.0,0.0,➖ 持平,1,3,9.0
0050,元大台灣50,,09/17,108.05,1.08,49932.0,5418.0,,75942.0,8127.4,⚖️ 溫和震盪整理,-29.87315557856588,0.67,,0.0,,3.80,🔄 持平,,,,,🔄 持平 (0%),🔥 強延續 (3.0%),💤 籌碼沉澱中,🔥 持續加碼 (0.01%),🏦 投信週連買(2)-🌱 週線發動,,,,,,,,,,,,,,,,,,,,-0.2,10.1,,,,-399.0,18307.0,-4311.2,,,-4330.0,195118.0,↘️ 微減,-0.44,0.5900000000000001,↘️ 微減,-0.43,0.6000000000000001,↘️ 微減,-0.46,0.5800000000000001,↘️ 微減,-0.44,0.6200000000000001,,,,,,,,,,,,,1,1,6896.0
0051,元大中型100,,09/17,143.85,0.7,27.0,3.9,,69.0,9.9,⚖️ 溫和震盪整理,-33.56047700170358,0.39,,,,0.60,,,,,,,🔄 持平 (0.0%),,💤 籌碼沉澱中,,,,,,,,,,,,,,,,,,,,,,,,,,,,,,,,,🔄 持平,0.0,0.0,🔄 持平,-0.0,0.0,↗️ 微增,0.01,-0.01,🚨 劇減,-1.75,0.08000000000000007,,,,,,,,,,,,,1,1,3.0
0052,富邦科技,,09/17,62.7,1.21,11730.0,739.0,,12366.0,769.4,⏸️ 平量滯漲 (拋壓增大，高位見頂),-2.763157894736845,0.96,,0.0,,2.20,🔄 持平,,,,,🔄 持平 (0%),🔥 強延續 (0.09%),💤 籌碼沉澱中,💤 籌碼沉澱中,,,,,,-226.0,-187.0,-1417.0,,,0.0,-575.0,0.0,,,,,,,,,,,,,,,,0.0,-3594.0,,,📈 小增,0.98,2.02,📈 小增,0.95,1.98,📈 小增,0.96,1.94,📈 小增,0.88,1.95,雙引擎 | 長短線,,,,,,,,,,,,1,1,2000.0
0053,元大電子,,09/17,241.95,1.02,51.0,12.3,,185.0,44.34,⚖️ 溫和震盪整理,-29.714285714285715,0.28,,,,0.30,,,,,,,🔄 持平 (0.0%),,💤 籌碼沉澱中,🌐 外資日連買(2)-🆕 試單觀察,,,,,,,,,,,,,,,,,,,,,,,,,,,,,,,,🔥 大增,1.02,23.4,🔥 大增,1.02,23.4,🔥 大增,1.02,23.4,🚨 劇減,-3.75,32.68000000000001,,,,,,,,,,,,,1,1,6.0
0055,元大MSCI金融,,09/17,50.85,1.09,1571.0,79.6,,1062.0,52.98,⏸️ 平量滯漲 (拋壓增大，高位見頂),170.7482993197279,1.5,,0.0,,0.70,🔄 持平,,,,,,🔄 持平 (0.0%),,💤 籌碼沉澱中,,,,,,,,,,,,,,33.3,33.3,,,,4.33,31.2,5.56,176.0,,,,38.0,460.0,193.2,,,192.0,2278.0,⚠️ 大減,-1.48,-6.630000000000001,⚠️ 大減,-1.48,-6.630000000000001,⚠️ 大減,-1.47,-6.4300000000000015,🚨 劇減,-1.54,-5.59,,,,,,,,,,,,,1,1,300.0
0056,元大高股息,,09/17,56.3,1.35,26261.0,1479.0,,22509.0,1247.0,⏸️ 平量滯漲 (拋壓增大，高位見頂),52.94725956566702,1.19,,,,0.40,,,,,,,🔥 強延續 (4.76%),,🔥 持續加碼 (0.01%),🏦 投信週連買(2)-🌱 週線發動,,,,,,,,-1.09,-30.5,-1014.0,-40176.0,-5708.8,,,25.0,5.0,140.8,,,,,,,,,,,-5712.0,-222567.0,,,↗️ 微增,0.05,-0.2899999999999999,↗️ 微增,0.03,-0.30999999999999994,↗️ 微增,0.04,-0.2899999999999999,↗️ 微增,0.04,-0.22999999999999998,雙引擎,,,,,,,,,,,,1,1,6205.0
0057,富邦摩台,,09/17,324.1,1.38,41.0,13.2,,24.0,7.56,⚠️ 放量滯漲 (拋壓增大，即將見頂反轉),58.463385354141636,1.75,,,,6.00,,,,,,,🔄 持平 (0.0%),,💤 籌碼沉澱中,,,,,,,,,,,,,,,,,,,,,,,,,,,,,,,,,🔄 持平,0.0,0.0,🔄 持平,-0.0,0.0,🔄 持平,-0.0,0.0,🔄 持平,-0.0,0.0,,,,,,,,,,,,,1,1,20.0
0061,元大寶滬深,,09/17,23.88,0.34,39.0,0.92,,85.0,2.03,⚖️ 溫和震盪整理,-63.49206349206349,0.45,,-4.551099088601273,,6.90,📉 下降,,,,,🔥 強延續 (75.1%),🔄 持平 (0.0%),🔥 持續加碼 (0.03%),💤 籌碼沉澱中,🌐 外資日連買(5)-⚡ 買盤點火 | 🌐 外資週連買(3)-🌱 週線發動,🔼 進駐,,,,,,,,,,,,,,,,,,,,,,,,,,,,,,,↗️ 微增,0.12,0.62,↗️ 微增,0.14,0.6799999999999999,↗️ 微增,0.14,-0.5999999999999999,↗️ 微增,0.14,0.03999999999999998,雙引擎 | 長短線,,,,,,,,,,,,1,1,22.0
9103,美德醫療-DR,,09/17,4.96,0.0,330.0,1.64,,370.0,1.86,⏸️ 平量滯漲 (拋壓增大，高位見頂),9.333333333333327,0.88,,0.0,,2.40,🔄 持平,,,,,,,,,,,,,,,,,,,,,,,,,,,,,,,,,,,,,,,,,📉 小減,-0.63,0.010000000000000009,↘️ 微減,-0.22,-0.09,↗️ 微增,0.13,0.26,↘️ 微減,-0.09,0.7500000000000001,,,,,,,,,,,,,2,4,195.0
9105,泰金寶-DR,,09/17,8.43,-0.12,10456.0,88.6,,16518.0,142.8,⚖️ 溫和震盪整理,-4.112554112554124,0.62,,-2.2,,1.90,📉 下降,,,,,,,💤 籌碼沉澱中,,,,,,,233.0,-219.0,196.4,,,,,,,,,,,,,0.2,12.4,,,,96.0,5225.0,80.9,,,81.4,4420.0,↗️ 微增,0.08,1.69,↘️ 微減,-0.07,1.7399999999999998,↘️ 微減,-0.27,1.54,↘️ 微減,-0.12,2.0599999999999996,,,,,,,,,,,,,12,4,28140.0
9136,巨騰-DR,,09/17,9.56,-0.52,93.0,0.89,,419.0,4.05,⚖️ 溫和震盪整理,-51.098901098901095,0.22,,0.0,,2.90,🔄 持平,,,,,,,💤 籌碼沉澱中,,🌐 外資週連買(2)-🌱 週線發動,,,,,,,,-2.69,-9.64,-34.0,-131.0,-32.5,,,,,,,,,,,,,,,,,,,,↘️ 微減,-0.03,-1.37,↘️ 微減,-0.05,-1.34,↘️ 微減,-0.05,-1.75,↘️ 微減,-0.03,-0.9299999999999999,,,,,,,,,,,,,3,4,1756.0
5236,凌陽創新,ETF/基金/其他,09/17,132.5,1.15,69.0,9.15,12.9,79.0,10.34,⏸️ 平量滯漲 (拋壓增大，高位見頂),11.858190709046458,0.88,🟢60日,0.0,6.091665208598128,6.10,🔄 持平,,,6.084998990567935,,🔄 持平 (0%),,,,🌐 外資日連買(2)-🆕 試單觀察,,,,,,,,,,,,,,,,,,,,,,,,,,,,,,,,🔄 持平,0.0,0.0,🔄 持平,-0.0,0.0,🔄 持平,-0.0,0.0,📈 小增,0.68,0.68,,,,,,54.1,0,0.0,🔄 持平,0.0,0.0,➖ 持平,4,4,83.0
2237,華德動能-創,ETF/基金/其他,09/17,27.25,0.37,68.0,1.85,,89.0,2.44,⏸️ 平量滯漲 (拋壓增大，高位見頂),11.44578313253013,0.76,,0.0,,4.30,🔄 持平,,,,,🔄 持平 (0%),,,,,,,,,,,,,,,,,,,,,,,,,,,,,,,,,,,,↗️ 微增,0.03,-4.17,↗️ 微增,0.03,-4.249999999999999,↗️ 微增,0.03,-4.289999999999999,↘️ 微減,-0.39,-3.9400000000000004,,,,,,59.1,0,-3.9,🚨 減/大減,-3.8,0.0,➖ 持平,2,4,517.0
7689,大鵬科CLMX,ETF/基金/其他,09/17,161.0,4.55,57.0,9.13,,34.0,5.36,🚀 放量大漲 (量價齊升，持續看漲),260.86956521739137,1.7,,0.0,,0.20,🔄 持平,,,,,🔄 持平 (0%),,,,🌐 外資週連買(3)-🌱 週線發動,,,,,,,,,,,,,,,,,,,,,,,,,,,,,,,,🔄 持平,0.0,0.3899999999999998,🔄 持平,-0.0,0.3899999999999998,🔄 持平,-0.0,0.3899999999999998,🔄 持平,-0.0,1.2,,,,,,73.6,0,2.4,🔥 大增,-6.7,0.0,➖ 持平,2,4,247.0
7835,永悅健康-創,ETF/基金/其他,09/17,21.0,-0.71,27.0,0.56,,27.0,0.58,⏸️ 平量滯漲 (拋壓增大，高位見頂),-38.46153846153846,0.97,,0.0,,2.30,🔄 持平,,,,,🔄 持平 (0%),,,,,,,,,,,,,,,,,,,,,,,,,,,,,,,,,,,,↘️ 微減,-0.09,-5.2,↘️ 微減,-0.09,-9.2,↘️ 微減,-0.09,-6.25,↘️ 微減,-0.13,-4.2700000000000005,,,,,,46.7,0,0.0,🔄 持平,,0.0,➖ 持平,5,4,99.0
7855,和運租車,ETF/基金/其他,09/17,42.1,0.12,377.0,15.9,,416.0,17.46,⏸️ 平量滯漲 (拋壓增大，高位見頂),4.6052631578947345,0.91,,0.0,,23.20,🔄 持平,,,,,,,,,🌐 外資日連買(3)-🆕 試單觀察 | 🌐 外資週連買(6)-🚀 趨勢加溫,,,,,,,,,,,,,,,,,,,,,,,,,,,,,,,,↗️ 微增,0.31,-26.2,📈 小增,0.64,-24.849999999999998,↗️ 微增,0.35,-24.57,↗️ 微增,0.35,-23.36,雙引擎,,,,,68.5,0,-30.2,🚨 減/大減,-30.2,0.0,➖ 持平,3,4,2912.0
