" "," ","#","股票代號/名稱","類別","20260313","0320","0327","0402","0410","0417"," ","走 勢","總增減"," ","上週持有%","今日收盤價","今日漲跌"," "
" "," ","1","3645達邁","電子零組件","10.70","-1.55","0.17","-0.41","-0.71","6.47"," ","31","14.67"," ","54.11","104.50","4.00"," "
" "," ","2","3026禾伸堂","電子零組件","-0.39","0.63","1.79","2.15","5.41","3.45"," ","30","13.04"," ","54.47","233.50","-7.00"," "
" "," ","3","2484希華","電子零組件","0.17","0.23","-0.70","0.90","0.83","11.08"," ","31","12.51"," ","33.26","42.40","2.10"," "
" "," ","4","3583辛耘","半導體","0.61","2.54","3.08","-0.51","3.19","1.93"," ","30","10.84"," ","62.61","760.00","56.00"," "
" "," ","5","1597直得","電機","0.49","0.16","1.61","-0.36","1.94","5.58"," ","50","9.42"," ","56.96","117.50","0.50"," "
" "," ","6","4989榮科","電子零組件","-0.33","-5.80","-3.97","-0.64","9.73","10.23"," ","50","9.22"," ","49.07","102.50","-2.50"," "
" "," ","7","6451訊芯-KY","半導體","0.46","6.06","2.62","0.34","1.33","-2.01"," ","30","8.80"," ","77.38","505.00","11.00"," "
" "," ","8","3057喬鼎","電腦週邊","0.14","0.00","0.00","0.00","0.00","8.63"," ","41","8.77"," ","30.91","18.60","0.50"," "
" "," ","9","3042晶技","電子零組件","-0.05","0.53","0.05","0.38","1.35","5.93"," ","50","8.19"," ","67.00","151.50","11.50"," "
" "," ","10","8112至上","電子通路","10.24","1.40","-2.15","-0.83","-0.01","-0.60"," ","30","8.05"," ","49.77","87.20","1.40"," "
" "," ","11","5243乙盛-KY","光電","-0.20","-0.95","-0.21","4.02","3.94","0.82"," ","10","7.42"," ","70.70","124.00","2.00"," "
" "," ","12","8021尖點","其他電子","0.47","2.97","0.90","-2.21","4.23","0.82"," ","30","7.18"," ","52.88","390.50","35.50"," "
" "," ","13","3450聯鈞","半導體","-3.60","-0.51","4.74","-6.14","7.35","5.16"," ","30","7.00"," ","43.10","366.00","25.00"," "
" "," ","14","8150南茂","半導體","-0.39","0.13","-0.04","-0.12","0.83","6.50"," ","50","6.91"," ","74.21","67.30","-6.40"," "
" "," ","15","2351順德","半導體","1.34","2.65","0.69","1.06","0.77","0.35"," ","10","6.86"," ","69.84","129.00","7.00"," "
" "," ","16","3209全科","電子通路","0.69","3.18","0.44","0.58","0.38","1.32"," ","31","6.59"," ","45.77","47.45","0.45"," "
" "," ","17","8271宇瞻","半導體","13.56","-0.62","-0.27","-1.07","-3.32","-1.70"," ","31","6.58"," ","50.32","179.50","16.00"," "
" "," ","18","4956光鋐","光電","4.24","0.96","-5.21","2.39","0.12","4.08"," ","31","6.58"," ","44.22","49.75","4.50"," "
" "," ","19","2399映泰","電腦週邊","0.80","6.44","1.55","0.32","-5.17","2.46"," ","31","6.40"," ","30.50","35.25","0.25"," "
" "," ","20","2481強茂","半導體","2.44","3.18","-1.65","-4.97","3.10","4.27"," ","50","6.37"," ","64.97","118.00","10.50"," "
" "," ","21","6531愛普*","半導體","1.85","3.23","-0.08","-0.58","-0.46","2.39"," ","50","6.35"," ","67.19","644.00","58.00"," "
" "," ","22","6278台表科","光電","0.20","-0.08","0.19","0.11","-0.42","6.27"," ","31","6.27"," ","71.76","157.00","14.00"," "
" "," ","23","4764雙鍵","化學","2.24","-1.78","-1.34","0.56","2.40","4.13"," ","50","6.21"," ","80.56","212.50","19.00"," "
" "," ","24","3673TPK-KY","光電","-0.05","0.31","1.53","-0.23","1.90","2.68"," ","50","6.14"," ","52.64","72.10","3.70"," "
" "," ","25","2461光群雷","其他電子","2.24","1.26","2.65","0.65","-0.45","-0.24"," ","31","6.11"," ","45.88","17.55","0.05"," "
" "," ","26","4916事欣科","電腦週邊","0.98","4.33","-2.63","-1.73","0.31","4.81"," ","50","6.07"," ","33.51","67.80","2.60"," "
" "," ","27","4576大銀微系統","電機","1.18","-0.45","1.88","-0.01","2.99","0.38"," ","30","5.97"," ","69.57","196.00","3.00"," "
" "," ","28","2355敬鵬","電子零組件","1.59","1.45","3.95","-2.18","1.06","0.04"," ","30","5.91"," ","45.55","52.10","0.30"," "
" "," ","29","8438昶昕","綠能","-0.72","0.70","1.03","0.90","2.97","0.86"," ","30","5.74"," ","78.94","88.30","2.70"," "
" "," ","30","2426鼎元","光電","4.30","0.25","0.39","-0.37","2.04","-1.01"," ","30","5.60"," ","48.45","54.40","1.20"," "
" "," ","31","2497怡利電","汽車","-0.30","4.47","-0.14","0.33","0.71","0.52"," ","30","5.59"," ","66.54","56.10","0.50"," "
" "," ","32","5284jpp-KY","其他","-0.63","0.28","0.76","-0.04","2.16","2.92"," ","50","5.45"," ","56.79","318.50","1.50"," "
" "," ","33","3714富采","光電","0.69","0.32","0.18","-0.04","2.14","2.07"," ","30","5.36"," ","49.62","77.90","1.90"," "
" "," ","34","4977眾達-KY","通信網路","0.74","2.48","-0.47","-0.95","-3.50","7.00"," ","31","5.30"," ","26.83","235.50","21.00"," "
" "," ","35","2376技嘉","電腦週邊","-0.03","1.76","-0.28","0.00","1.31","2.49"," ","50","5.25"," ","66.36","281.50","0.50"," "
" "," ","36","8261富鼎","半導體","1.61","0.98","0.23","-1.44","1.67","2.20"," ","50","5.25"," ","45.39","127.50","11.50"," "
" "," ","37","2409友達","光電","2.83","-1.65","-0.79","0.25","4.97","-0.81"," ","30","4.80"," ","53.30","19.85","-0.85"," "
" "," ","38","6213聯茂","電子零組件","0.75","1.48","-0.12","2.25","1.33","-0.92"," ","10","4.77"," ","65.35","270.50","18.50"," "
" "," ","39","6139亞翔","其他電子","0.38","1.81","1.52","-1.53","0.89","1.64"," ","50","4.71"," ","71.53","723.00","54.00"," "
" "," ","40","4919新唐","半導體","0.59","2.78","-1.77","-0.01","-0.55","3.65"," ","31","4.69"," ","66.86","129.00","11.50"," "
" "," ","41","2605新興","航運","-2.15","5.60","0.75","0.08","0.25","0.02"," ","30","4.55"," ","55.96","35.65","-0.05"," "
" "," ","42","2493揚博","電子零組件","0.72","0.53","-0.57","-0.10","1.05","2.91"," ","50","4.54"," ","50.90","141.00","-6.00"," "
" "," ","43","6285啟卅卅","通信網路","-0.26","0.10","0.18","1.23","2.82","0.29"," ","30","4.36"," ","69.01","264.50","-2.50"," "
" "," ","44","8028昇陽半導體","半導體","-0.62","8.08","1.89","-5.05","7.55","-7.62"," ","30","4.23"," ","41.57","187.00","-4.50"," "
" "," ","45","2402毅嘉","電子零組件","-0.14","0.04","-0.66","0.22","1.63","3.10"," ","50","4.19"," ","51.71","77.70","7.00"," "
" "," ","46","2495普安","電腦週邊","0.32","2.28","0.03","0.22","-1.43","2.66"," ","31","4.08"," ","54.36","42.85","-0.75"," "
" "," ","47","2476鉅祥","電子零組件","-0.20","-0.20","0.26","0.41","2.65","1.11"," ","30","4.03"," ","57.74","115.00","7.50"," "
" "," ","48","3413京鼎","半導體","0.76","0.04","1.41","-1.71","0.25","3.25"," ","50","4.00"," ","44.15","314.50","-1.00"," "
" "," ","49","2472立隆電","電子零組件","-1.15","3.11","-0.24","0.20","2.36","-0.29"," ","30","3.99"," ","59.02","184.50","5.50"," "
" "," ","50","2486一詮","光電","0.22","3.33","-0.99","-0.48","3.12","-1.28"," ","30","3.92"," ","50.45","185.00","-0.50"," "
" "," ","51","3011今皓","電子零組件","3.14","0.15","-0.05","0.17","-0.44","0.89"," ","31","3.86"," ","32.52","13.25","0.25"," "
" "," ","52","9933中鼎","其他","1.91","1.10","1.14","-0.18","-0.22","0.04"," ","31","3.79"," ","58.58","38.50","0.55"," "
" "," ","53","2340台亞","半導體","0.32","1.62","0.03","-0.84","0.48","2.16"," ","50","3.77"," ","40.67","32.30","0.05"," "
" "," ","54","3060銘異","電腦週邊","-0.76","0.14","3.12","0.23","-0.37","1.31"," ","31","3.67"," ","20.05","30.25","-0.50"," "
" "," ","55","6706惠特","光電","-3.18","-3.24","8.29","-6.17","3.85","4.12"," ","50","3.67"," ","35.01","151.50","4.50"," "
" "," ","56","4540全球傳動","電機","-0.13","-0.04","0.17","0.17","-0.37","3.83"," ","31","3.63"," ","42.12","57.90","5.00"," "
" "," ","57","8105凌巨","光電","0.23","0.61","-0.12","0.13","1.09","1.64"," ","50","3.58"," ","61.67","13.95","-0.35"," "
" "," ","58","2327國巨*","電子零組件","-1.11","0.47","-0.50","-0.38","1.45","3.61"," ","50","3.54"," ","72.26","316.50","-8.50"," "
" "," ","59","3443創意","半導體","0.04","0.23","-0.44","0.31","1.12","2.23"," ","50","3.49"," ","68.65","3255.00","-90.00"," "
" "," ","60","2406國碩","光電","1.93","1.57","0.21","-0.89","0.59","0.01"," ","30","3.42"," ","33.40","33.95","1.15"," "
" "," ","61","2393億光","光電","0.84","0.78","0.65","0.17","0.42","0.55"," ","50","3.41"," ","67.95","73.30","0.70"," "
" "," ","62","3406玉晶光","光電","-0.20","1.50","1.32","-0.13","-0.06","0.95"," ","50","3.38"," ","54.91","503.00","-8.00"," "
" "," ","63","3532台勝科","半導體","0.40","1.41","-0.84","0.06","0.38","1.95"," ","50","3.36"," ","90.46","188.50","-5.50"," "
" "," ","64","4737華廣","生技醫療業","0.80","0.28","0.44","1.21","1.21","-0.60"," ","20","3.34"," ","60.53","67.00","-1.90"," "
" "," ","65","2316楠梓電","電子零組件","-1.27","3.70","-0.88","0.52","1.23","-0.18"," ","30","3.12"," ","63.34","114.50","0.00"," "
" "," ","66","2388威盛","半導體","0.28","0.85","0.36","-0.08","0.42","1.24"," ","50","3.07"," ","68.38","65.30","3.90"," "
" "," ","67","2464盟立","其他電子","0.72","4.02","-0.17","-1.76","-0.69","0.92"," ","50","3.04"," ","34.72","79.00","5.60"," "
" "," ","68","2231為升","汽車","-0.11","0.56","0.76","2.05","-0.16","-0.07"," ","31","3.03"," ","67.12","126.50","-1.50"," "
" "," ","69","3588通嘉","半導體","0.26","0.16","0.84","0.18","0.36","1.16"," ","50","2.96"," ","27.67","54.60","0.60"," "
" "," ","70","3356奇偶","光電","0.32","1.79","1.38","-1.12","-0.15","0.68"," ","50","2.90"," ","28.37","52.40","-1.00"," "
" "," ","71","8103瀚荃","電子零組件","-1.26","-0.37","0.79","-0.02","2.41","1.34"," ","30","2.89"," ","51.58","93.10","0.90"," "
" "," ","72","3305昇貿","其他電子","-0.54","0.98","0.31","0.78","0.71","0.57"," ","10","2.81"," ","43.36","120.50","-0.50"," "
" "," ","73","2243宏旭-KY","汽車","1.43","1.09","1.03","0.02","0.95","-1.76"," ","30","2.76"," ","49.61","23.60","0.40"," "
" "," ","74","3717聯嘉投控","汽車","0.39","0.82","0.66","0.15","-0.05","0.78"," ","31","2.75"," ","46.34","21.90","0.05"," "
" "," ","75","4566時碩工業","電機","-0.53","1.51","-0.41","0.11","0.69","1.36"," ","50","2.73"," ","55.46","70.10","0.20"," "
" "," ","76","1721三晃","化學","0.31","1.31","0.64","0.19","-0.54","0.77"," ","31","2.68"," ","38.19","20.50","1.85"," "
" "," ","77","6153嘉聯益","電子零組件","0.42","1.22","0.39","0.04","0.27","0.34"," ","50","2.68"," ","48.94","18.75","1.30"," "
" "," ","78","9136巨騰-DR","存託憑證","2.01","-0.93","0.70","0.11","0.59","0.17"," ","30","2.65"," ","65.29","10.15","0.69"," "
" "," ","79","3090日電貿","電子零組件","-0.81","1.74","-0.79","-0.13","0.80","1.84"," ","50","2.65"," ","62.75","108.50","0.00"," "
" "," ","80","6209今國光","光電","0.26","-0.29","0.22","0.19","1.19","1.06"," ","30","2.63"," ","46.87","62.10","1.30"," "
" "," ","81","5515建國","營建","0.49","0.49","0.12","0.17","-0.34","1.68"," ","31","2.61"," ","70.72","41.20","-1.35"," "
" "," ","82","3437榮創","光電","2.08","-0.22","-0.64","0.74","-0.49","1.12"," ","31","2.59"," ","26.37","27.20","2.45"," "
" "," ","83","2488漢平","其他電子","0.09","0.50","0.76","0.23","-0.10","1.00"," ","31","2.48"," ","52.02","50.80","-1.60"," "
" "," ","84","6806森崴能源","綠能","-0.12","0.37","0.07","0.40","0.65","1.11"," ","50","2.48"," ","58.13","24.65","2.20"," "
" "," ","85","2382廣達","電腦週邊","0.05","0.23","0.12","0.30","1.22","0.39"," ","30","2.31"," ","85.69","323.00","4.50"," "
" "," ","86","1786科妍","生技醫療業","0.44","0.30","0.02","0.61","0.34","0.60"," ","31","2.31"," ","51.29","63.40","-1.50"," "
" "," ","87","911608明輝-DR","存託憑證","1.44","0.15","0.12","0.02","0.17","0.32"," ","50","2.22"," ","26.74","2.84","-0.04"," "
" "," ","88","8222寶一","電機","0.14","0.83","0.24","0.18","0.11","0.71"," ","31","2.21"," ","37.54","37.85","0.15"," "
" "," ","89","2419仲琦","通信網路","-0.19","-0.35","1.62","0.07","-1.34","2.37"," ","31","2.18"," ","68.16","36.80","-0.95"," "
" "," ","90","2727王品","觀光","1.42","0.22","1.65","0.37","-0.11","-1.38"," ","10","2.17"," ","34.50","226.00","0.50"," "
" "," ","91","2379瑞昱","半導體","0.36","0.56","0.43","0.25","0.36","0.21"," ","30","2.17"," ","73.42","531.00","-9.00"," "
" "," ","92","2417圓剛","電腦週邊","-0.10","0.16","0.43","-0.25","0.79","1.11"," ","50","2.14"," ","43.47","41.40","0.45"," "
" "," ","93","3028增你強","電子通路","-0.96","0.78","0.12","-0.45","2.07","0.57"," ","30","2.13"," ","47.47","62.80","-0.40"," "
" "," ","94","6205詮欣","電子零組件","-0.08","0.09","0.72","-0.48","0.38","1.48"," ","50","2.11"," ","46.18","75.00","6.80"," "
" "," ","95","1727中華化","化學","4.65","-5.97","0.25","-0.17","0.62","2.73"," ","50","2.11"," ","59.25","56.30","2.10"," "
" "," ","96","6658聯策","其他電子","2.73","-1.61","1.08","-2.27","3.68","-1.51"," ","30","2.10"," ","40.65","79.80","1.80"," "
" "," ","97","2365昆盈","電腦週邊","1.15","-0.25","0.22","0.69","-0.09","0.38"," ","31","2.10"," ","21.79","34.90","0.60"," "
" "," ","98","1708東鹼","化學","0.34","4.59","-1.14","-0.96","-1.43","0.69"," ","31","2.09"," ","47.78","39.35","-0.60"," "
" "," ","99","8996高力","電機","1.02","-0.20","-1.29","1.12","1.59","-0.16"," ","30","2.08"," ","54.08","1220.00","105.00"," "
" "," ","100","1582信錦","電子零組件","3.11","-2.35","3.39","2.22","-2.96","-1.34"," ","31","2.07"," ","34.59","99.20","-2.30"," "
" "," ","101","6214精誠","資訊服務","0.14","0.65","-0.08","-0.10","0.34","1.10"," ","50","2.05"," ","55.67","126.00","2.50"," "
" "," ","102","4807日成-KY","貿易百貨","-0.01","-1.05","6.52","-3.41","0.00","0.00"," ","40","2.05"," ","72.98","15.40","0.40"," "
" "," ","103","3702大聯大","電子通路","0.39","1.33","0.43","-0.16","-0.01","-0.03"," ","30","1.95"," ","84.56","98.80","0.60"," "
" "," ","104","2329華泰","半導體","-0.12","0.93","-0.90","-0.84","-0.27","3.14"," ","50","1.94"," ","55.97","61.50","1.00"," "
" "," ","105","3550聯穎","電子零組件","-1.11","2.11","-1.04","-0.14","-0.07","2.19"," ","50","1.94"," ","43.24","21.10","1.55"," "
" "," ","106","3010華立","電子通路","0.99","0.56","0.24","-0.81","0.63","0.27"," ","30","1.88"," ","65.81","132.50","2.00"," "
" "," ","107","6753龍德造船","航運","0.17","-0.33","0.65","0.32","0.25","0.82"," ","31","1.88"," ","62.58","138.50","-2.50"," "
" "," ","108","3056富華新","營建","0.59","0.16","0.19","0.35","0.22","0.36"," ","31","1.87"," ","31.58","14.65","-0.20"," "
" "," ","109","6671三能-KY","居家","0.76","0.17","0.81","0.01","0.10","0.01"," ","30","1.86"," ","74.52","32.45","-0.55"," "
" "," ","110","1409新纖","紡織","0.54","0.70","-0.11","-0.15","0.08","0.80"," ","50","1.86"," ","66.84","16.70","-0.35"," "
" "," ","111","5871中租-KY","其他","0.08","0.48","0.35","0.50","-0.16","0.59"," ","31","1.84"," ","67.56","118.00","1.50"," "
" "," ","112","2453凌群","資訊服務","0.56","0.63","0.04","0.49","0.10","0.02"," ","10","1.84"," ","45.89","55.50","-0.50"," "
" "," ","113","1598岱宇","運動","0.21","0.46","0.11","0.28","0.15","0.59"," ","31","1.80"," ","59.56","20.65","0.25"," "
" "," ","114","3706神達","電腦週邊","0.73","0.60","-0.14","-0.63","0.14","1.10"," ","50","1.80"," ","51.22","84.10","1.30"," "
" "," ","115","6805富世達","電子零組件","0.37","1.70","-1.16","0.77","-0.40","0.51"," ","31","1.79"," ","63.70","1870.00","-30.00"," "
" "," ","116","6937天虹","半導體","0.20","0.85","-0.28","0.11","0.34","0.56"," ","50","1.78"," ","65.93","306.00","2.50"," "
" "," ","117","6024群益期","金融","0.73","0.85","-0.06","0.21","0.06","-0.02"," ","10","1.77"," ","67.90","56.40","-0.10"," "
" "," ","118","3704合勤控","通信網路","0.44","0.58","0.14","-0.73","0.54","0.80"," ","50","1.77"," ","55.79","37.45","0.45"," "
" "," ","119","4564元翎","電機","0.54","0.77","-0.13","0.01","0.11","0.47"," ","50","1.77"," ","42.71","19.85","0.20"," "
" "," ","120","6794向榮生技","生技醫療業","0.73","0.11","0.20","0.02","0.01","0.67"," ","31","1.74"," ","80.66","81.20","0.20"," "
" "," ","121","5215科嘉-KY","電腦週邊","0.00","0.68","0.00","0.67","0.64","-0.26"," ","10","1.73"," ","52.19","38.35","0.10"," "
" "," ","122","6949沛爾生醫-創","生技醫療業","0.12","0.65","-0.42","0.67","0.59","0.03"," ","10","1.64"," ","73.08","770.00","-10.00"," "
" "," ","123","6108競國","電子零組件","-0.03","0.44","0.25","0.15","0.05","0.76"," ","31","1.62"," ","53.92","17.90","0.10"," "
" "," ","124","9955佳龍","綠能","0.77","0.75","-0.30","0.11","0.04","0.22"," ","31","1.59"," ","64.92","31.10","-0.95"," "
" "," ","125","7750新代","電機","0.74","-0.10","0.14","0.22","0.70","-0.14"," ","30","1.56"," ","80.82","1810.00","140.00"," "
" "," ","126","2415錩新","電子零組件","-0.01","0.72","0.37","0.00","0.60","-0.12"," ","30","1.56"," ","64.87","29.05","0.00"," "
" "," ","127","6782視陽","生技醫療業","0.18","1.43","0.17","-0.21","0.23","-0.26"," ","30","1.54"," ","48.81","235.00","4.50"," "
" "," ","128","2385群光","電子零組件","0.56","0.33","0.21","0.00","0.29","0.15"," ","30","1.54"," ","77.51","125.50","-0.50"," "
" "," ","129","6117迎廣","電腦週邊","-0.60","0.09","1.00","0.19","0.23","0.61"," ","50","1.52"," ","54.85","81.60","0.40"," "
" "," ","130","8016矽創","半導體","0.27","0.76","0.28","0.55","-0.50","0.15"," ","31","1.51"," ","41.61","215.00","4.50"," "
" "," ","131","2368金像電","電子零組件","0.93","0.64","-0.83","0.24","0.47","0.05"," ","30","1.50"," ","78.35","1175.00","10.00"," "
" "," ","132","2347聯強","電子通路","0.06","0.69","0.46","0.05","0.10","0.14"," ","50","1.50"," ","88.34","83.90","1.70"," "
" "," ","133","2374佳能","光電","-0.44","2.77","-1.22","-0.13","-0.04","0.53"," ","50","1.47"," ","29.87","72.30","0.10"," "
" "," ","134","6414樺漢","電腦週邊","-0.32","-0.09","0.35","-0.22","-0.27","2.01"," ","31","1.46"," ","61.33","304.00","4.00"," "
" "," ","135","6456GIS-KY","光電","0.75","-1.54","-1.23","-0.23","0.29","3.40"," ","50","1.44"," ","54.96","77.60","0.80"," "
" "," ","136","3694海華","通信網路","0.16","-0.05","0.10","-0.12","0.77","0.57"," ","30","1.43"," ","62.32","61.30","0.00"," "
" "," ","137","2855統一證","金融","0.00","0.79","0.10","0.14","-0.10","0.50"," ","31","1.43"," ","77.25","32.45","-1.05"," "
" "," ","138","6116彩晶","光電","0.65","-0.45","-0.24","-0.09","0.51","1.05"," ","50","1.43"," ","46.51","8.95","-0.32"," "
" "," ","139","3708上緯投控","綠能","2.80","1.06","0.46","-0.75","-2.34","0.16"," ","31","1.39"," ","52.82","123.50","5.00"," "
" "," ","140","9105泰金寶-DR","存託憑證","0.21","0.36","0.20","0.11","-0.22","0.72"," ","31","1.38"," ","30.55","5.60","-0.34"," "
" "," ","141","3040遠見","其他","0.22","0.18","0.99","-0.08","0.30","-0.23"," ","30","1.38"," ","70.44","44.70","-1.50"," "
" "," ","142","3231緯創","電腦週邊","0.37","-0.48","0.02","0.14","0.63","0.69"," ","50","1.37"," ","58.32","136.50","2.50"," "
" "," ","143","3034聯詠","半導體","0.14","0.08","0.62","-0.22","0.50","0.25"," ","30","1.37"," ","68.49","415.00","3.00"," "
" "," ","144","1809中釉","玻璃","-0.15","5.74","-4.62","0.29","0.40","-0.29"," ","30","1.37"," ","51.79","27.20","0.10"," "
" "," ","145","6120達運","光電","0.30","0.22","-0.32","-0.21","1.24","0.13"," ","30","1.36"," ","59.97","14.80","-0.25"," "
" "," ","146","1714和桐","化學","-0.11","0.74","0.21","0.19","0.01","0.32"," ","31","1.36"," ","62.50","9.63","-0.23"," "
" "," ","147","3023信邦","電子零組件","0.39","0.15","0.52","-0.13","0.31","0.10"," ","30","1.34"," ","68.14","282.00","2.50"," "
" "," ","148","2465麗臺","電腦週邊","0.01","-0.01","0.00","0.00","-0.13","1.47"," ","31","1.34"," ","33.49","60.40","1.60"," "
" "," ","149","9935慶豐富","居家","0.59","0.12","0.15","0.05","0.27","0.15"," ","30","1.33"," ","61.05","19.10","-0.15"," "
" "," ","150","3311閎暉","通信網路","0.25","0.46","0.16","0.27","-0.25","0.43"," ","31","1.32"," ","54.85","33.10","0.10"," "
" "," ","151","2049上銀","電機","-0.11","-0.60","0.63","-0.17","0.99","0.58"," ","30","1.32"," ","66.00","291.00","12.00"," "
" "," ","152","1210大成","食品","0.31","0.38","0.21","0.08","0.10","0.23"," ","50","1.31"," ","63.57","54.20","-0.60"," "
" "," ","153","9917中保科","其他","0.24","0.29","0.09","0.36","0.02","0.30"," ","31","1.30"," ","77.94","116.50","0.00"," "
" "," ","154","4938和碩","電腦週邊","0.57","-0.06","0.42","0.08","0.19","0.10"," ","30","1.30"," ","77.95","83.00","2.90"," "
" "," ","155","1460宏遠","紡織","0.28","0.29","0.29","0.20","0.08","0.15"," ","31","1.29"," ","70.32","6.91","-0.05"," "
" "," ","156","9902台火","其他","0.71","-0.23","0.52","0.06","0.02","0.21"," ","31","1.29"," ","56.42","14.80","-0.10"," "
" "," ","157","3016嘉晶","半導體","0.36","0.31","-0.21","-0.08","0.03","0.87"," ","50","1.28"," ","73.07","63.10","0.50"," "
" "," ","158","6189豐藝","電子通路","0.19","0.36","0.41","0.12","0.09","0.09"," ","21","1.26"," ","34.12","47.20","-0.20"," "
" "," ","159","6415矽力*-KY","半導體","0.64","-0.23","0.27","-0.44","0.11","0.88"," ","50","1.23"," ","78.65","332.50","30.00"," "
" "," ","160","8101華冠","通信網路","1.20","0.01","0.00","0.01","0.01","0.00"," ","20","1.23"," ","81.63","14.25","-0.05"," "
" "," ","161","2548華固","營建","0.15","-0.07","0.40","0.36","0.22","0.16"," ","10","1.22"," ","58.33","130.00","1.50"," "
" "," ","162","8476台境*","綠能","-0.02","1.23","0.32","-0.28","0.05","-0.09"," ","30","1.21"," ","64.80","18.20","0.00"," "
" "," ","163","3312弘憶股","電子通路","0.09","-0.62","0.60","0.26","0.38","0.50"," ","50","1.21"," ","46.78","42.70","0.85"," "
" "," ","164","3530晶相光","半導體","0.54","0.65","0.44","-0.49","0.61","-0.55"," ","30","1.20"," ","57.87","62.50","0.50"," "
" "," ","165","8070長華*","電子通路","0.37","0.24","0.41","-0.19","0.19","0.18"," ","30","1.20"," ","75.40","48.30","1.90"," "
" "," ","166","6224聚鼎","電子零組件","0.05","0.00","-0.06","-0.50","0.00","1.70"," ","50","1.19"," ","36.79","61.10","1.90"," "
" "," ","167","6196帆宣","其他電子","-0.04","0.44","-0.42","0.14","0.94","0.12"," ","30","1.18"," ","72.27","359.00","19.00"," "
" "," ","168","3004豐達科","鋼鐵","-0.31","-0.27","0.04","0.90","0.21","0.61"," ","31","1.18"," ","58.35","113.00","-2.50"," "
" "," ","169","1723中碳","化學","0.49","0.36","-0.10","0.90","-0.75","0.28"," ","31","1.18"," ","51.50","81.20","-0.30"," "
" "," ","170","4583台灣精銳","電機","0.20","0.11","0.16","0.06","0.01","0.64"," ","31","1.18"," ","86.88","734.00","-3.00"," "
" "," ","171","1568倉佑","汽車","0.07","-0.04","-0.01","0.40","0.40","0.35"," ","20","1.17"," ","62.64","25.35","0.05"," "
" "," ","172","1316上曜","營建","0.36","0.12","-0.07","0.53","0.29","-0.07"," ","10","1.16"," ","39.94","12.00","-0.20"," "
" "," ","173","2939永邑-KY","貿易百貨","0.01","0.98","-0.49","0.56","0.03","0.06"," ","31","1.15"," ","75.60","25.25","0.50"," "
" "," ","174","2436偉詮電","半導體","-0.09","2.14","-0.83","0.25","-0.30","-0.03"," ","31","1.14"," ","29.47","63.10","0.00"," "
" "," ","175","2038海光","鋼鐵","0.18","0.01","0.06","0.10","0.49","0.29"," ","30","1.13"," ","54.34","15.20","-0.15"," "
" "," ","176","5288豐祥-KY","電機","0.05","0.69","0.14","0.08","0.01","0.15"," ","31","1.12"," ","69.25","159.00","-2.00"," "
" "," ","177","2031新光鋼","鋼鐵","0.42","0.05","0.10","-0.17","0.35","0.37"," ","50","1.12"," ","55.20","41.00","0.00"," "
" "," ","178","1734杏輝","生技醫療業","0.07","0.26","0.14","0.05","-0.01","0.59"," ","31","1.10"," ","46.11","32.15","0.05"," "
" "," ","179","911868同方友友-DR","存託憑證","-0.07","0.47","0.50","-0.54","0.51","0.22"," ","30","1.09"," ","33.28","1.26","0.00"," "
" "," ","180","1233天仁","食品","0.47","0.01","0.00","0.00","0.00","0.60"," ","41","1.08"," ","73.76","29.50","-0.10"," "
" "," ","181","2897王道銀行","金融","0.34","0.05","0.10","0.25","0.19","0.15"," ","10","1.08"," ","84.94","10.20","-0.10"," "
" "," ","182","6166凌華","電腦週邊","0.17","-0.11","-0.06","-0.19","-0.31","1.57"," ","31","1.07"," ","76.45","73.80","3.30"," "
" "," ","183","9912偉聯","電腦週邊","-0.17","0.78","0.19","0.13","0.08","0.06"," ","10","1.07"," ","59.68","12.55","-0.05"," "
" "," ","184","6206飛捷","電腦週邊","0.39","0.37","0.57","-0.79","0.83","-0.30"," ","30","1.07"," ","48.82","108.00","1.50"," "
" "," ","185","3504揚明光","光電","0.75","0.19","0.42","0.14","-0.19","-0.24"," ","10","1.07"," ","62.72","67.40","6.10"," "
" "," ","186","6272驊陞","電子零組件","-0.32","0.58","-0.38","0.71","0.22","0.25"," ","31","1.06"," ","50.62","32.55","0.25"," "
" "," ","187","6235華孚","電腦週邊","0.50","0.14","-0.90","0.42","0.28","0.61"," ","31","1.05"," ","42.64","45.70","-0.20"," "
" "," ","188","2303聯電","半導體","-0.15","-0.39","0.06","0.07","0.19","1.27"," ","50","1.05"," ","76.10","73.00","4.70"," "
" "," ","189","3380明泰","通信網路","-0.46","0.98","-0.20","0.17","0.82","-0.27"," ","30","1.04"," ","68.66","41.55","0.55"," "
" "," ","190","3617碩天","其他電子","0.11","-0.02","0.53","-0.09","0.41","0.10"," ","30","1.04"," ","67.70","192.00","2.50"," "
" "," ","191","2636台驊控股","航運","0.47","0.15","-0.20","0.48","-0.02","0.15"," ","31","1.03"," ","41.69","67.70","-0.50"," "
" "," ","192","2702華園","觀光","0.00","0.00","0.29","0.08","0.48","0.18"," ","30","1.03"," ","72.97","17.80","1.25"," "
" "," ","193","5234達興材料","光電","0.09","-0.06","-1.24","0.11","1.92","0.21"," ","30","1.03"," ","65.87","443.00","13.50"," "
" "," ","194","2356英業達","電腦週邊","0.03","0.23","0.10","-0.44","0.42","0.69"," ","50","1.03"," ","69.01","45.75","0.75"," "
" "," ","195","2527宏璟","營建","-0.17","0.07","-0.09","0.22","0.04","0.96"," ","31","1.03"," ","79.62","36.70","-3.00"," "
" "," ","196","6885全福生技","生技醫療業","0.13","0.02","0.03","0.40","-0.19","0.63"," ","31","1.02"," ","35.48","23.95","-0.80"," "
" "," ","197","2903遠百","貿易百貨","0.47","0.38","0.15","0.00","0.08","-0.06"," ","30","1.02"," ","79.15","23.05","0.00"," "
" "," ","198","6164華興","光電","0.80","-0.05","0.15","-0.08","0.51","-0.32"," ","30","1.01"," ","23.43","13.00","0.10"," "
" "," ","199","5469瀚宇博","電子零組件","-0.60","0.45","0.18","0.24","0.05","0.69"," ","31","1.01"," ","72.60","94.40","2.70"," "
" "," ","200","6799來頡","半導體","0.14","-0.09","0.45","-0.20","0.62","0.09"," ","30","1.01"," ","37.06","80.20","0.90"," "
" "," ","201","2614東森","其他","0.61","-0.13","0.07","0.47","0.12","-0.14"," ","10","1.00"," ","47.06","20.40","-0.10"," "
" "," ","202","2353宏卅卅","電腦週邊","0.90","-0.45","-0.12","-0.14","0.01","0.80"," ","50","1.00"," ","38.85","28.70","0.30"," "
" "," ","203","8104錸寶","光電","0.79","0.24","0.06","-0.10","0.53","-0.53"," ","30","0.99"," ","41.00","40.00","2.00"," "
" "," ","204","2603長榮","航運","0.55","1.11","-0.58","-0.03","-0.05","-0.01"," ","31","0.99"," ","67.71","198.00","-3.50"," "
" "," ","205","4952凌通","半導體","0.39","0.01","-0.40","0.37","0.46","0.15"," ","30","0.98"," ","51.28","42.50","0.30"," "
" "," ","206","3033威健","電子通路","-0.10","2.35","-2.80","0.30","-0.01","1.24"," ","31","0.98"," ","33.98","34.65","0.45"," "
" "," ","207","2228劍麟","汽車","0.12","0.03","0.96","0.02","-0.09","-0.07"," ","31","0.97"," ","56.44","90.50","-0.10"," "
" "," ","208","3050鈺德","光電","0.08","0.31","-0.72","0.82","0.14","0.34"," ","31","0.97"," ","52.15","13.15","-0.20"," "
" "," ","209","2501國建","營建","-0.06","0.21","0.28","-0.11","0.16","0.49"," ","50","0.97"," ","77.54","24.45","-0.30"," "
" "," ","210","3605宏致","電子零組件","-0.40","0.24","-0.22","-0.22","0.73","0.84"," ","50","0.97"," ","46.96","65.60","0.90"," "
" "," ","211","2537聯上發","營建","0.11","-0.29","0.51","0.50","0.01","0.13"," ","31","0.97"," ","56.34","10.35","-0.05"," "
" "," ","212","8039台虹","電子零組件","3.47","-3.37","-1.04","0.01","4.39","-2.50"," ","30","0.96"," ","60.78","143.50","5.00"," "
" "," ","213","1540喬福","電機","0.56","0.11","0.01","0.11","0.00","0.16"," ","31","0.95"," ","34.05","22.00","-0.20"," "
" "," ","214","2425承啟","電腦週邊","0.69","0.48","-0.44","-0.07","0.23","0.06"," ","30","0.95"," ","46.48","30.20","-0.85"," "
" "," ","215","2460建通","電子零組件","1.00","-0.23","0.09","0.07","0.16","-0.14"," ","30","0.95"," ","62.83","36.80","-0.50"," "
" "," ","216","2233宇隆","汽車","1.45","-0.70","0.71","-0.81","0.08","0.21"," ","50","0.94"," ","52.82","231.50","0.00"," "
" "," ","217","3059華晶科","光電","0.07","0.08","0.60","0.30","-0.01","-0.11"," ","10","0.93"," ","27.43","37.65","0.55"," "
" "," ","218","8011台通","通信網路","0.25","0.27","-0.31","0.37","0.02","0.33"," ","31","0.93"," ","32.48","20.25","-0.15"," "
" "," ","219","2483百容","電子零組件","0.21","0.44","0.07","-0.33","0.48","0.06"," ","30","0.93"," ","63.58","22.95","0.60"," "
" "," ","220","2637慧洋-KY","航運","-0.07","0.32","-0.15","-0.02","0.23","0.61"," ","50","0.92"," ","80.17","75.70","1.20"," "
" "," ","221","9110越南控-DR","存託憑證","0.05","0.18","0.15","0.19","0.17","0.18"," ","31","0.92"," ","43.91","3.10","0.03"," "
" "," ","222","6834天二科技","電子零組件","0.13","-0.62","0.00","0.69","0.06","0.65"," ","31","0.91"," ","66.17","37.30","0.30"," "
" "," ","223","2236百達-KY","汽車","0.70","0.53","0.13","-0.30","-0.79","0.64"," ","31","0.91"," ","76.59","126.50","-3.00"," "
" "," ","224","1326台化","塑膠","-0.45","-0.03","-0.16","0.24","0.04","1.27"," ","31","0.91"," ","81.98","51.00","-1.10"," "
" "," ","225","3716中化控股","生技醫療業","0.11","0.43","0.13","0.11","0.04","0.09"," ","31","0.91"," ","54.02","32.70","-0.30"," "
" "," ","226","2328廣宇","電子零組件","0.05","0.52","0.39","-0.11","0.02","0.03"," ","50","0.90"," ","40.20","45.60","0.30"," "
" "," ","227","7736虎山","汽車","-0.20","0.27","0.88","0.00","-0.05","0.00"," ","31","0.90"," ","84.08","80.10","-0.50"," "
" "," ","228","5907大洋-KY","貿易百貨","0.42","0.13","0.30","0.08","0.11","-0.14"," ","30","0.90"," ","70.43","5.73","0.00"," "
" "," ","229","4994傳奇","資訊服務","0.64","0.06","0.06","0.05","0.03","0.05"," ","31","0.89"," ","85.46","100.50","1.20"," "
" "," ","230","4526東台","電機","-0.09","0.78","-0.17","0.51","0.11","-0.26"," ","10","0.88"," ","46.74","34.40","0.30"," "
" "," ","231","6835圓裕","電子零組件","0.80","0.08","0.70","0.03","-0.67","-0.06"," ","31","0.88"," ","76.78","38.35","-0.50"," "
" "," ","232","3607谷崧","電子零組件","0.79","-0.30","-0.01","0.08","-0.16","0.48"," ","31","0.88"," ","33.70","15.50","0.70"," "
" "," ","233","1301台塑","塑膠","-0.69","0.01","-0.23","-0.22","0.14","1.86"," ","50","0.87"," ","73.93","53.40","-1.10"," "
" "," ","234","2032新鋼","鋼鐵","0.25","0.05","0.24","-0.03","0.20","0.16"," ","30","0.87"," ","56.57","16.35","-0.10"," "
" "," ","235","2030彰源","鋼鐵","0.07","0.03","0.08","-0.06","0.37","0.38"," ","50","0.87"," ","44.40","16.50","0.05"," "
" "," ","236","2912統一超","貿易百貨","0.03","0.05","-0.10","0.43","0.32","0.12"," ","10","0.85"," ","84.44","237.50","3.50"," "
" "," ","237","2359所羅門","其他電子","-0.12","0.18","0.64","0.37","-0.13","-0.09"," ","31","0.85"," ","45.56","115.00","0.00"," "
" "," ","238","2107厚生","橡膠","0.03","0.08","0.21","0.17","0.04","0.31"," ","31","0.84"," ","59.76","26.05","-0.05"," "
" "," ","239","3138耀登","通信網路","-0.24","0.64","0.34","-0.03","1.45","-1.32"," ","30","0.84"," ","26.23","184.00","9.00"," "
" "," ","240","1783和康生","生技醫療業","0.42","0.18","0.07","0.10","0.06","0.00"," ","10","0.83"," ","64.07","41.75","-0.20"," "
" "," ","241","1303南亞","塑膠","-0.66","0.45","-0.55","0.33","0.59","0.66"," ","50","0.82"," ","84.53","87.70","-2.80"," "
" "," ","242","5534長虹","營建","-0.03","0.14","0.20","-0.05","0.22","0.34"," ","50","0.82"," ","70.02","79.00","-0.60"," "
" "," ","243","1752南光","生技醫療業","0.13","0.51","0.05","0.02","0.04","0.05"," ","50","0.80"," ","63.85","35.55","-0.05"," "
" "," ","244","1463強盛新","紡織","0.10","0.14","0.21","0.11","0.10","0.14"," ","31","0.80"," ","81.10","18.00","0.00"," "
" "," ","245","3545敦泰","半導體","0.18","0.42","0.05","-0.28","0.57","-0.14"," ","30","0.80"," ","23.03","51.90","2.45"," "
" "," ","246","8443阿瘦","貿易百貨","0.07","0.14","0.06","-0.06","0.58","0.00"," ","30","0.79"," ","69.33","12.05","0.00"," "
" "," ","247","1341富林-KY","塑膠","0.00","0.00","0.00","0.75","0.03","0.01"," ","10","0.79"," ","85.01","60.30","-0.10"," "
" "," ","248","2363矽統","半導體","0.53","0.31","0.15","-0.60","0.09","0.31"," ","50","0.79"," ","32.71","54.40","1.10"," "
" "," ","249","6934心誠鎂","生技醫療業","0.14","0.06","0.05","0.03","0.12","0.39"," ","50","0.79"," ","62.05","89.20","-8.40"," "
" "," ","250","8454富邦媒","雲端","0.39","0.00","0.24","0.08","0.23","-0.17"," ","30","0.77"," ","79.19","175.50","-4.00"," "
" "," ","251","912000晨訊科-DR","存託憑證","0.04","0.42","-0.11","0.36","-0.01","0.07"," ","31","0.77"," ","30.70","2.44","-0.02"," "
" "," ","252","3665貿聯-KY","其他電子","-1.02","0.34","1.18","-0.54","0.85","-0.04"," ","30","0.77"," ","63.90","2365.00","-30.00"," "
" "," ","253","6606建德工業","電機","0.40","0.16","0.30","0.00","-0.03","-0.06"," ","10","0.77"," ","70.38","24.60","-0.10"," "
" "," ","254","5471松翰","半導體","0.82","-0.67","0.19","0.05","0.00","0.37"," ","31","0.76"," ","31.68","41.20","-0.40"," "
" "," ","255","4142國光生","生技醫療業","-0.14","0.38","0.12","0.32","-0.24","0.32"," ","31","0.76"," ","39.16","18.50","-0.20"," "
" "," ","256","2364倫飛","電腦週邊","0.00","0.00","-0.02","0.00","0.77","0.00"," ","30","0.75"," ","55.80","64.90","1.10"," "
" "," ","257","4440宜新實業","紡織","0.27","0.12","0.14","0.12","0.05","0.05"," ","21","0.75"," ","55.30","18.15","0.05"," "
" "," ","258","2929淘帝-KY","貿易百貨","-0.24","0.07","0.12","0.29","0.42","0.07"," ","30","0.73"," ","29.81","6.25","-0.01"," "
" "," ","259","2441超豐","半導體","0.15","0.98","1.16","-0.61","0.81","-1.76"," ","30","0.73"," ","75.72","88.40","-1.10"," "
" "," ","260","3094聯傑","半導體","-0.11","-0.11","-0.35","0.52","0.07","0.71"," ","31","0.73"," ","18.04","24.80","-0.35"," "
" "," ","261","3025星通","通信網路","0.33","-0.60","0.13","0.50","1.11","-0.74"," ","30","0.73"," ","30.39","64.50","1.30"," "
" "," ","262","3528安馳","電子通路","0.55","0.00","0.02","0.02","0.26","-0.12"," ","30","0.73"," ","64.92","72.30","1.90"," "
" "," ","263","6416瑞祺電通","通信網路","0.05","0.30","0.07","0.36","0.17","-0.23"," ","10","0.72"," ","45.77","81.40","0.80"," "
" "," ","264","1717長興","化學","-0.03","-0.34","0.27","-0.12","4.27","-3.33"," ","30","0.72"," ","67.70","81.00","4.90"," "
" "," ","265","1337再生-KY","塑膠","-0.55","0.18","0.45","-0.02","0.27","0.38"," ","50","0.71"," ","47.86","5.52","-0.10"," "
" "," ","266","2102泰豐","橡膠","0.22","0.17","0.02","0.15","-0.02","0.17"," ","31","0.71"," ","79.51","18.90","-0.30"," "
" "," ","267","6152百一","通信網路","-0.25","0.71","-0.80","-0.21","2.63","-1.38"," ","30","0.70"," ","23.80","17.40","-0.30"," "
" "," ","268","1455集盛","紡織","0.23","0.15","0.08","0.08","0.00","0.16"," ","31","0.70"," ","65.85","9.02","-0.16"," "
" "," ","269","1423利華","紡織","-0.32","0.19","0.28","0.47","0.03","0.04"," ","31","0.69"," ","80.65","40.40","-0.20"," "
" "," ","270","1236宏亞","食品","0.16","0.00","0.02","0.47","0.02","0.01"," ","10","0.68"," ","83.78","26.90","-0.05"," "
" "," ","271","7769鴻勁","半導體","0.17","-0.56","0.22","0.52","0.10","0.23"," ","31","0.68"," ","68.54","4500.00","205.00"," "
" "," ","272","6112邁達特","資訊服務","-0.24","0.58","0.03","0.04","-0.16","0.43"," ","31","0.68"," ","59.38","48.05","0.60"," "
" "," ","273","4942嘉彰","光電","0.00","0.09","0.36","0.44","0.06","-0.28"," ","10","0.67"," ","62.93","38.45","0.05"," "
" "," ","274","3013晟銘電","電腦週邊","-0.28","0.86","0.97","-0.47","0.48","-0.89"," ","30","0.67"," ","47.67","111.00","6.00"," "
" "," ","275","6409旭隼","其他電子","0.05","-0.82","0.05","1.01","-0.63","1.01"," ","31","0.67"," ","60.46","781.00","-11.00"," "
" "," ","276","4545銘鈺","電子零組件","-0.05","0.40","-0.07","0.00","0.15","0.22"," ","50","0.65"," ","73.79","31.40","-0.20"," "
" "," ","277","2748雲品","觀光","0.46","0.09","0.08","-0.01","0.02","0.01"," ","30","0.65"," ","61.93","41.50","-0.15"," "
" "," ","278","2851中再保","金融","-0.03","0.39","0.27","0.19","0.03","-0.20"," ","10","0.65"," ","70.85","29.55","-0.10"," "
" "," ","279","2498宏達電","通信網路","-0.14","-0.04","0.37","0.20","0.38","-0.13"," ","30","0.64"," ","41.25","41.30","-0.10"," "
" "," ","280","8215明基材","光電","0.11","0.04","0.23","0.03","-0.32","0.55"," ","31","0.64"," ","53.06","29.25","2.65"," "
" "," ","281","2211長榮鋼","鋼鐵","0.32","0.17","-0.11","-0.06","0.30","0.02"," ","30","0.64"," ","83.21","100.00","-0.50"," "
" "," ","282","2509全坤建","營建","0.22","0.27","-0.23","0.04","0.03","0.31"," ","31","0.64"," ","69.01","14.50","0.00"," "
" "," ","283","1218泰山","食品","0.29","-0.03","0.15","0.20","0.03","-0.01"," ","10","0.63"," ","69.33","19.05","-0.15"," "
" "," ","284","5434崇越","電子通路","0.19","0.60","-0.30","0.00","-0.13","0.27"," ","31","0.63"," ","54.85","417.00","-0.50"," "
" "," ","285","1709和益","化學","0.21","0.04","0.07","0.11","-0.05","0.25"," ","31","0.63"," ","61.43","18.95","-0.15"," "
" "," ","286","2401凌陽","半導體","0.12","0.01","0.07","-0.24","-0.19","0.86"," ","50","0.63"," ","36.40","23.65","0.95"," "
" "," ","287","2395研華","電腦週邊","0.60","-0.09","0.06","-0.04","0.15","-0.05"," ","30","0.63"," ","85.47","366.00","11.00"," "
" "," ","288","2850新產","金融","-0.03","-0.07","-0.20","-0.08","0.27","0.74"," ","50","0.63"," ","68.40","125.50","1.00"," "
" "," ","289","2617台航","航運","0.75","0.28","-0.18","-0.11","0.00","-0.12"," ","30","0.62"," ","62.03","31.05","-0.20"," "
" "," ","290","6669緯穎","電腦週邊","0.26","-0.42","-0.48","0.76","0.39","0.11"," ","10","0.62"," ","65.55","3805.00","105.00"," "
" "," ","291","3062建漢","通信網路","-0.60","0.63","-0.65","5.97","-4.32","-0.41"," ","31","0.62"," ","29.47","30.05","-0.70"," "
" "," ","292","4961天鈺","半導體","0.60","0.28","0.09","0.64","-0.64","-0.36"," ","31","0.61"," ","41.06","153.00","-3.00"," "
" "," ","293","3037欣興","電子零組件","-0.34","0.62","-0.22","-0.24","0.64","0.15"," ","30","0.61"," ","77.62","643.00","-2.00"," "
" "," ","294","2540愛山林","營建","0.11","0.09","0.06","0.18","0.01","0.16"," ","31","0.61"," ","90.29","54.00","0.10"," "
" "," ","295","1905華紙","造紙","-0.01","-0.41","0.65","0.10","0.35","-0.07"," ","30","0.61"," ","72.60","14.10","-0.50"," "
" "," ","296","1219福壽","食品","0.10","0.11","0.01","-0.30","0.23","0.45"," ","50","0.60"," ","61.82","14.30","0.15"," "
" "," ","297","8249菱光","電子零組件","0.65","0.54","-0.57","0.30","-0.33","0.01"," ","31","0.60"," ","57.73","50.20","0.20"," "
" "," ","298","4960誠美材","光電","0.12","-1.49","0.74","-1.52","0.06","2.68"," ","50","0.59"," ","67.48","33.85","3.00"," "
" "," ","299","7730暉盛-創","半導體","-0.02","-0.04","-0.13","-0.02","-0.28","1.07"," ","31","0.58"," ","72.39","172.50","-18.50"," "
" "," ","300","6944兆聯實業","綠能","3.01","-2.81","-0.34","-0.16","2.57","-1.69"," ","30","0.58"," ","50.60","917.00","15.00"," "
" "," ","301","1445大宇","紡織","0.04","0.06","0.13","0.22","0.12","0.00"," ","10","0.57"," ","68.02","13.10","0.10"," "
" "," ","302","2520冠德","營建","0.56","0.22","-0.29","0.19","-0.13","0.02"," ","31","0.57"," ","69.40","31.05","0.20"," "
" "," ","303","1626艾美特-KY","電器電纜","0.01","0.00","0.25","-0.03","0.19","0.15"," ","30","0.57"," ","67.92","12.00","1.05"," "
" "," ","304","2630亞航","航運","0.24","0.17","0.01","-0.16","0.06","0.25"," ","50","0.57"," ","66.46","49.30","0.60"," "
" "," ","305","3296勝德","電子零組件","0.05","0.49","0.01","0.01","0.12","-0.12"," ","30","0.56"," ","77.62","21.30","-0.25"," "
" "," ","306","6668中揚光","光電","-0.39","0.40","0.21","0.14","0.02","0.18"," ","31","0.56"," ","55.24","38.60","3.50"," "
" "," ","307","3703欣陸","營建","0.07","0.18","0.19","0.09","0.00","0.02"," ","31","0.55"," ","72.36","21.85","-0.15"," "
" "," ","308","4106雃博","生技醫療業","0.05","0.41","0.04","0.01","0.02","0.01"," ","30","0.54"," ","50.19","22.50","-0.05"," "
" "," ","309","3189景碩","半導體","-2.03","4.99","-0.27","-0.82","-1.03","-0.30"," ","31","0.54"," ","68.65","391.50","-2.00"," "
" "," ","310","2911麗嬰房","貿易百貨","0.09","0.04","0.00","0.00","0.39","0.01"," ","30","0.53"," ","45.14","4.91","-0.02"," "
" "," ","311","2013中鋼構","鋼鐵","0.00","-0.04","0.43","0.02","0.15","-0.03"," ","30","0.53"," ","79.58","44.05","-0.05"," "
" "," ","312","2867三商壽","金融","0.03","-0.06","0.11","0.10","0.10","0.24"," ","41","0.52"," ","82.99","7.87","-0.04"," "
" "," ","313","3048益登","電子通路","-0.05","2.16","-0.92","-0.59","-0.47","0.38"," ","50","0.51"," ","45.33","39.35","0.05"," "
" "," ","314","6136富爾特","通信網路","0.59","0.05","0.21","-0.16","-0.02","-0.16"," ","30","0.51"," ","43.18","24.45","0.45"," "
" "," ","315","2434統懋","半導體","0.09","0.12","0.06","0.12","0.06","0.06"," ","21","0.51"," ","80.45","29.55","0.15"," "
" "," ","316","1446宏和","紡織","0.26","-0.02","0.25","-0.07","0.09","0.00"," ","30","0.51"," ","68.95","16.55","-0.25"," "
" "," ","317","2601益航","貿易百貨","0.08","0.17","0.03","-0.01","0.09","0.14"," ","50","0.50"," ","31.87","5.64","-0.08"," "
" "," ","318","5285界霖","半導體","0.03","-0.01","0.12","0.09","0.14","0.12"," ","30","0.49"," ","61.45","54.20","2.20"," "
" "," ","319","1416廣豐","其他","-0.03","-0.09","0.26","0.22","0.11","0.02"," ","10","0.49"," ","55.87","11.70","0.10"," "
" "," ","320","8210勤誠","電腦週邊","-0.72","-0.43","0.09","-0.59","-1.14","3.28"," ","31","0.49"," ","69.15","1020.00","0.00"," "
" "," ","321","8033雷虎","其他","0.00","-0.09","-0.33","-0.36","-0.81","2.07"," ","31","0.48"," ","36.13","148.00","3.00"," "
" "," ","322","2705六福","觀光","0.26","0.12","0.02","0.23","0.10","-0.25"," ","10","0.48"," ","64.93","17.60","0.55"," "
" "," ","323","3563牧德","光電","-1.29","1.21","0.87","-1.52","0.77","0.44"," ","30","0.48"," ","58.21","957.00","9.00"," "
" "," ","324","4557永新-KY","汽車","0.10","-0.04","-0.02","0.10","0.14","0.19"," ","50","0.47"," ","42.06","53.60","-1.20"," "
" "," ","325","6722輝創","其他電子","0.05","0.00","0.16","0.09","0.13","0.04"," ","30","0.47"," ","76.72","40.00","-0.70"," "
" "," ","326","1720生達","生技醫療業","0.44","-0.07","-0.34","0.34","0.22","-0.12"," ","10","0.47"," ","66.40","63.00","-0.70"," "
" "," ","327","6962奕力-KY","半導體","0.15","-0.26","0.70","-0.11","-0.20","0.18"," ","31","0.46"," ","52.82","35.00","0.20"," "
" "," ","328","3346麗清","汽車","0.48","0.00","0.04","-0.35","0.03","0.25"," ","50","0.45"," ","27.41","18.45","0.05"," "
" "," ","329","6585鼎基","其他","0.04","-0.02","0.21","0.08","0.10","0.04"," ","30","0.45"," ","80.12","88.80","-2.10"," "
" "," ","330","2206三陽工業","汽車","0.09","-0.06","0.18","0.20","0.10","-0.06"," ","10","0.45"," ","82.88","58.60","-0.20"," "
" "," ","331","6592和潤企業","其他","0.38","-0.01","-0.12","0.13","-0.02","0.08"," ","31","0.44"," ","79.53","64.50","-0.30"," "
" "," ","332","2723美食-KY","觀光","0.33","0.29","-0.16","0.13","0.01","-0.16"," ","10","0.44"," ","69.05","66.60","-0.70"," "
" "," ","333","3669圓展","通信網路","0.00","0.00","-0.01","-0.01","0.47","-0.01"," ","30","0.44"," ","62.22","39.35","0.05"," "
" "," ","334","2392正崴","電子零組件","0.02","-0.12","0.42","-0.13","0.31","-0.07"," ","30","0.43"," ","46.83","36.60","-0.25"," "
" "," ","335","2704國賓","觀光","0.02","0.14","-0.10","0.01","0.19","0.16"," ","30","0.42"," ","87.90","43.35","0.05"," "
" "," ","336","2014中鴻","鋼鐵","0.22","0.28","-0.34","-0.17","0.34","0.09"," ","30","0.42"," ","48.51","18.65","0.10"," "
" "," ","337","6965中傑-KY","運動","0.18","0.07","0.02","0.06","0.05","0.04"," ","10","0.42"," ","91.70","89.70","0.40"," "
" "," ","338","1452宏益","紡織","0.10","0.06","0.06","0.05","0.10","0.04"," ","30","0.41"," ","47.61","12.00","0.05"," "
" "," ","339","2033佳大","鋼鐵","0.36","-0.02","-0.46","-0.02","0.24","0.31"," ","50","0.41"," ","75.04","16.65","0.05"," "
" "," ","340","4438廣越","紡織","-0.02","0.02","0.01","0.01","0.36","0.03"," ","30","0.41"," ","67.16","58.90","-0.30"," "
" "," ","341","2254巨鎧精密-創","汽車","0.05","0.40","0.70","-0.66","0.13","-0.21"," ","30","0.41"," ","92.33","70.50","0.90"," "
" "," ","342","6591動力-KY","電腦週邊","0.04","0.15","-0.01","-0.06","0.26","0.03"," ","30","0.41"," ","28.04","58.90","0.70"," "
" "," ","343","1321大洋","塑膠","0.00","0.04","0.26","0.00","0.04","0.06"," ","50","0.40"," ","69.16","32.70","-0.40"," "
" "," ","344","1315達新","塑膠","0.41","0.00","0.00","0.00","0.00","-0.01"," ","20","0.40"," ","80.72","64.90","0.20"," "
" "," ","345","2883凱基金","金融","0.03","-0.06","0.02","0.02","0.35","0.04"," ","30","0.40"," ","65.91","20.95","-0.20"," "
" "," ","346","3022威強電","電腦週邊","0.54","0.00","-0.74","-0.02","-0.19","0.81"," ","31","0.40"," ","57.51","69.00","0.60"," "
" "," ","347","2506太設","營建","0.17","0.05","0.08","0.03","0.03","0.03"," ","32","0.39"," ","76.39","8.98","0.00"," "
" "," ","348","1760寶齡富錦","生技醫療業","-0.04","0.06","0.14","0.14","-0.03","0.12"," ","31","0.39"," ","42.25","64.50","-0.50"," "
" "," ","349","2034允強","鋼鐵","-0.22","0.00","0.28","-0.30","0.46","0.17"," ","30","0.39"," ","48.97","21.00","0.25"," "
" "," ","350","1323永裕","塑膠","0.22","0.09","0.02","0.01","0.02","0.03"," ","50","0.39"," ","70.48","21.00","-0.30"," "
" "," ","351","2516新建","營建","-0.11","0.12","0.06","0.04","0.25","0.03"," ","30","0.39"," ","70.22","13.60","-0.05"," "
" "," ","352","1528恩德","電機","1.10","-0.22","0.37","-0.35","-3.14","2.63"," ","31","0.39"," ","36.49","29.20","-0.60"," "
" "," ","353","2414精技","電子通路","0.06","0.17","0.06","0.10","0.03","-0.03"," ","10","0.39"," ","58.28","45.30","-0.35"," "
" "," ","354","4426利勤","紡織","0.06","0.01","0.07","-0.01","0.21","0.05"," ","30","0.39"," ","61.59","8.92","0.28"," "
" "," ","355","2059川湖","電子零組件","-0.36","0.52","0.54","0.05","-0.13","-0.23"," ","10","0.39"," ","67.64","3640.00","195.00"," "
" "," ","356","6550北極星藥業-KY","生技醫療業","-0.12","0.46","0.05","-0.10","0.03","0.06"," ","50","0.38"," ","75.48","18.80","0.50"," "
" "," ","357","2462良得電","電子零組件","0.12","0.22","0.24","-0.23","0.30","-0.27"," ","30","0.38"," ","56.32","22.75","0.75"," "
" "," ","358","1590亞德客-KY","電機","0.31","-0.21","0.44","0.01","0.13","-0.31"," ","30","0.37"," ","71.90","1255.00","30.00"," "
" "," ","359","2349錸德","光電","0.13","0.69","-1.07","-0.40","0.21","0.81"," ","50","0.37"," ","26.19","13.75","-0.40"," "
" "," ","360","6142友勁","通信網路","-0.07","0.06","-0.09","-0.12","0.08","0.51"," ","50","0.37"," ","58.17","9.23","-0.13"," "
" "," ","361","8429金麗-KY","貿易百貨","0.07","0.11","-0.13","0.24","0.25","-0.17"," ","30","0.37"," ","40.14","6.87","-0.03"," "
" "," ","362","1524耿鼎","汽車","-0.19","0.02","-0.45","0.57","0.43","-0.01"," ","10","0.37"," ","40.46","29.55","0.25"," "
" "," ","363","5522遠雄","營建","-0.01","0.11","0.12","0.21","0.05","-0.11"," ","10","0.37"," ","89.25","69.70","-0.80"," "
" "," ","364","1451年興","紡織","0.20","0.02","-0.22","0.25","0.03","0.09"," ","31","0.37"," ","62.58","17.30","-0.25"," "
" "," ","365","6197佳必琪","電子零組件","1.36","2.94","-1.07","-1.12","0.36","-2.10"," ","30","0.37"," ","46.34","185.50","5.50"," "
" "," ","366","4414如興","紡織","0.19","0.02","0.56","-0.38","0.00","-0.02"," ","30","0.37"," ","62.79","10.85","-0.10"," "
" "," ","367","1444力麗","紡織","0.02","0.20","-0.16","-0.02","0.13","0.19"," ","50","0.36"," ","64.85","6.59","-0.12"," "
" "," ","368","2025千興","鋼鐵","0.00","-0.23","0.57","0.00","0.00","0.02"," ","41","0.36"," ","62.38","12.25","0.00"," "
" "," ","369","1506正道","電機","0.20","0.05","0.04","0.02","0.02","0.03"," ","41","0.36"," ","77.53","11.15","0.10"," "
" "," ","370","4763材料*-KY","化學","0.24","0.03","0.06","-0.15","0.24","-0.06"," ","30","0.36"," ","61.85","47.15","-0.05"," "
" "," ","371","1440南紡","紡織","0.01","0.07","0.04","0.00","-0.11","0.34"," ","31","0.35"," ","78.55","13.20","-0.35"," "
" "," ","372","3002歐格","電腦週邊","-0.02","0.45","0.14","0.21","0.07","-0.50"," ","10","0.35"," ","66.03","19.05","-0.45"," "
" "," ","373","3596智易","通信網路","0.97","0.39","-0.73","-0.55","0.33","-0.07"," ","30","0.34"," ","72.75","177.00","0.50"," "
" "," ","374","6869雲豹能源","綠能","0.21","0.10","-0.03","-0.04","0.43","-0.33"," ","30","0.34"," ","53.96","87.20","0.70"," "
" "," ","375","4912聯德控股-KY","電子零組件","-0.08","0.18","0.10","-0.07","0.26","-0.05"," ","30","0.34"," ","52.38","89.80","-0.20"," "
" "," ","376","5531鄉林","營建","0.04","0.04","0.04","0.01","0.02","0.18"," ","50","0.33"," ","85.87","8.83","-0.02"," "
" "," ","377","4739康普","化學","0.09","2.87","-4.45","0.29","0.34","1.19"," ","50","0.33"," ","43.85","90.40","1.00"," "
" "," ","378","3045台灣大","通信網路","-0.02","0.20","0.05","0.07","0.02","0.01"," ","10","0.33"," ","91.71","112.50","2.50"," "
" "," ","379","1459聯發","紡織","-0.01","0.17","0.12","0.00","0.03","0.02"," ","30","0.33"," ","85.06","11.70","-0.05"," "
" "," ","380","2645長榮航太","航運","-0.07","0.25","0.04","-0.20","0.13","0.18"," ","50","0.33"," ","83.12","160.50","3.50"," "
" "," ","381","3150鈺寶-創","半導體","0.19","0.09","0.02","0.00","0.01","0.01"," ","40","0.32"," ","55.32","19.20","-0.20"," "
" "," ","382","2420新巨","電子零組件","-0.17","0.10","0.01","-0.02","0.10","0.30"," ","50","0.32"," ","50.22","55.10","-0.30"," "
" "," ","383","1340勝悅-KY","塑膠","-0.03","-0.25","-0.02","0.20","0.24","0.18"," ","30","0.32"," ","34.55","6.41","-0.04"," "
" "," ","384","2528皇普","營建","0.10","0.14","-0.20","0.31","0.12","-0.16"," ","10","0.31"," ","82.96","24.05","-0.40"," "
" "," ","385","6890來億-KY","運動","0.04","0.23","-0.13","-0.24","0.26","0.14"," ","30","0.30"," ","88.90","175.50","3.50"," "
" "," ","386","1443立益物流","其他","0.07","0.03","0.01","0.05","0.13","0.01"," ","30","0.30"," ","89.53","24.00","-0.30"," "
" "," ","387","3501維熹","電子零組件","0.35","-0.04","-0.02","0.00","0.00","0.01"," ","41","0.30"," ","53.39","47.95","-0.60"," "
" "," ","388","4439冠星-KY","紡織","0.16","0.06","0.02","0.00","0.03","0.03"," ","40","0.30"," ","77.08","97.40","-1.10"," "
" "," ","389","2069運錩","鋼鐵","0.16","0.11","-0.02","-0.06","0.03","0.07"," ","50","0.29"," ","61.02","18.50","0.00"," "
" "," ","390","3024憶聲","光電","0.16","0.10","-0.15","0.06","-0.12","0.24"," ","31","0.29"," ","47.71","10.95","0.55"," "
" "," ","391","4771望隼","生技醫療業","0.06","0.00","-0.02","0.11","0.06","0.08"," ","31","0.29"," ","60.53","196.00","0.50"," "
" "," ","392","2722夏都","觀光","0.00","0.00","0.00","0.00","0.00","0.29"," ","41","0.29"," ","87.43","24.60","-0.30"," "
" "," ","393","2250IKKA-KY","汽車","0.05","-0.01","-0.01","0.25","-0.02","0.03"," ","31","0.29"," ","52.13","64.00","0.20"," "
" "," ","394","1525江申","汽車","0.07","0.02","0.05","0.12","0.02","0.00"," ","10","0.28"," ","87.53","60.80","0.10"," "
" "," ","395","2845遠東銀","金融","-0.03","-0.06","0.07","0.15","0.06","0.09"," ","31","0.28"," ","73.51","12.65","-0.05"," "
" "," ","396","9103美德醫療-DR","存託憑證","0.17","0.13","-0.10","-0.02","0.00","0.10"," ","50","0.28"," ","10.04","4.93","-0.11"," "
" "," ","397","1227佳格","食品","0.01","0.14","-0.02","0.37","-0.13","-0.09"," ","31","0.28"," ","67.94","30.75","0.85"," "
" "," ","398","4949有成精密","光電","2.93","1.54","-0.73","-0.05","1.13","-4.55"," ","30","0.27"," ","56.00","90.40","2.00"," "
" "," ","399","9918欣天然","油電燃氣","-0.61","0.09","0.10","0.14","0.17","0.38"," ","50","0.27"," ","83.45","43.60","0.10"," "
" "," ","400","3036文曄","電子通路","0.03","0.30","-0.10","-0.10","0.15","-0.01"," ","30","0.27"," ","90.11","230.00","-5.00"," "
" "," ","401","8473山林水","綠能","0.01","0.30","0.32","-0.06","-0.37","0.07"," ","31","0.27"," ","67.16","37.40","-0.40"," "
" "," ","402","6838台新藥","生技醫療業","0.03","0.02","-0.12","0.05","0.29","0.00"," ","30","0.27"," ","61.46","30.50","-1.20"," "
" "," ","403","1737臺鹽","食品","0.09","0.04","-0.10","0.00","0.23","0.00"," ","30","0.26"," ","63.56","32.20","0.00"," "
" "," ","404","6918愛派司","生技醫療業","0.01","0.05","-0.01","0.01","0.06","0.14"," ","50","0.26"," ","49.47","74.00","-0.70"," "
" "," ","405","1802台玻","玻璃","-0.29","-1.81","-1.58","0.23","0.89","2.82"," ","50","0.26"," ","81.37","74.20","4.30"," "
" "," ","406","1471首利","電子零組件","-0.04","-0.08","-0.17","0.04","0.02","0.48"," ","31","0.25"," ","23.01","12.00","0.00"," "
" "," ","407","3051力特","光電","-0.04","0.25","-0.18","0.06","0.36","-0.20"," ","30","0.25"," ","37.78","20.55","-0.20"," "
" "," ","408","2313華通","電子零組件","-1.45","0.63","4.03","1.02","-0.33","-3.65"," ","10","0.25"," ","68.46","261.50","1.50"," "
" "," ","409","1907永豐餘","造紙","0.04","-0.05","0.02","0.05","0.05","0.13"," ","41","0.24"," ","83.98","25.55","-0.40"," "
" "," ","410","2008高興昌","鋼鐵","0.06","0.15","0.04","0.02","0.00","-0.03"," ","10","0.24"," ","92.19","27.40","-0.05"," "
" "," ","411","2491吉祥全","光電","0.00","0.14","0.04","0.05","0.00","0.01"," ","31","0.24"," ","71.29","17.00","1.35"," "
" "," ","412","6936永鴻生技","生技醫療業","0.08","0.07","0.05","0.00","0.02","0.02"," ","40","0.24"," ","75.25","35.70","0.20"," "
" "," ","413","6645金萬林-創","生技醫療業","0.08","0.03","0.00","0.01","0.06","0.06"," ","40","0.24"," ","43.88","13.25","-0.10"," "
" "," ","414","2887台新新光金","金融","0.05","0.02","-0.01","-0.01","0.12","0.07"," ","30","0.24"," ","73.28","24.30","-0.65"," "
" "," ","415","6472保瑞","生技醫療業","-0.33","0.75","0.17","0.09","-0.01","-0.43"," ","10","0.24"," ","55.58","416.00","-9.50"," "
" "," ","416","1707葡萄王","生技醫療業","-0.04","0.08","0.01","-0.03","-0.03","0.24"," ","41","0.23"," ","57.93","118.50","0.50"," "
" "," ","417","5283禾聯碩","電器電纜","0.01","0.00","0.02","0.11","0.02","0.07"," ","31","0.23"," ","58.55","55.40","0.00"," "
" "," ","418","6742澤米","光電","-0.14","0.65","0.08","0.15","0.00","-0.51"," ","10","0.23"," ","34.48","43.50","0.10"," "
" "," ","419","1512瑞利","汽車","-0.11","-0.05","0.38","0.00","0.01","0.00"," ","30","0.23"," ","53.77","7.45","0.01"," "
" "," ","420","6958日盛台駿","其他","0.06","0.05","0.04","0.03","0.03","0.01"," ","20","0.22"," ","93.96","19.90","-0.15"," "
" "," ","421","2906高林","貿易百貨","0.05","-0.09","0.01","0.27","-0.02","0.00"," ","31","0.22"," ","64.72","13.00","0.00"," "
" "," ","422","2028威致","鋼鐵","0.00","-0.12","0.18","-0.01","0.17","0.00"," ","30","0.22"," ","83.35","19.15","-0.35"," "
" "," ","423","4108懷特","生技醫療業","0.13","0.08","0.00","0.00","0.01","0.00"," ","30","0.22"," ","29.74","12.65","-0.45"," "
" "," ","424","6257矽格","半導體","-0.25","0.19","2.25","0.50","-0.47","-2.00"," ","10","0.22"," ","54.79","177.50","-2.50"," "
" "," ","425","6464台數科","其他","0.04","0.06","0.04","0.02","0.03","0.03"," ","40","0.22"," ","84.40","76.30","0.10"," "
" "," ","426","2542興富發","營建","0.04","0.04","-0.02","0.05","0.05","0.05"," ","32","0.21"," ","60.41","34.95","-0.35"," "
" "," ","427","3622洋華","光電","0.33","0.25","-0.02","0.28","-0.24","-0.39"," ","10","0.21"," ","59.00","55.80","-0.70"," "
" "," ","428","1713國化","化學","0.12","0.04","0.02","0.05","-0.01","-0.02"," ","10","0.20"," ","72.76","48.25","-0.05"," "
" "," ","429","3266昇陽","營建","0.02","0.00","0.01","0.02","0.12","0.03"," ","30","0.20"," ","90.29","14.15","0.15"," "
" "," ","430","3454晶睿","光電","0.24","-0.04","0.00","0.00","0.00","0.00"," ","32","0.20"," ","70.07","",""," "
" "," ","431","6923中台","綠能","-0.05","0.17","-0.01","0.52","-0.42","-0.01"," ","31","0.20"," ","68.72","82.80","6.70"," "
" "," ","432","5706鳳凰","觀光","0.21","0.16","-0.01","-0.04","-0.01","-0.11"," ","30","0.20"," ","39.93","52.70","-0.40"," "
" "," ","433","1473台南","紡織","0.03","-0.14","0.08","0.06","0.17","0.00"," ","30","0.20"," ","72.15","23.20","-0.25"," "
" "," ","434","1517利奇","電機","0.06","0.01","0.00","0.02","0.03","0.07"," ","50","0.19"," ","48.10","11.20","0.00"," "
" "," ","435","2201裕隆","汽車","0.06","0.22","0.25","-0.20","-0.05","-0.09"," ","30","0.19"," ","62.56","26.75","-0.50"," "
" "," ","436","6906現觀科","雲端","0.00","0.00","0.05","0.11","0.00","0.03"," ","31","0.19"," ","60.44","67.50","0.10"," "
" "," ","437","4119旭富","生技醫療業","0.16","0.06","0.01","0.01","0.00","-0.05"," ","10","0.19"," ","45.65","48.55","-1.45"," "
" "," ","438","2380虹光","電腦週邊","-0.21","0.08","-0.08","-0.02","0.41","0.01"," ","30","0.19"," ","43.95","5.30","-0.11"," "
" "," ","439","2105正新","橡膠","-0.52","-0.02","0.10","0.51","0.10","0.02"," ","10","0.19"," ","81.18","32.65","-0.05"," "
" "," ","440","8162微矽電子-創","半導體","0.09","0.02","0.01","0.03","0.00","0.04"," ","31","0.19"," ","75.86","43.15","1.25"," "
" "," ","441","4441振大環球","紡織","0.45","0.17","0.01","0.04","-0.52","0.03"," ","31","0.18"," ","72.25","194.50","-1.00"," "
" "," ","442","2109華豐","橡膠","0.16","0.01","-0.19","0.02","0.01","0.17"," ","31","0.18"," ","74.55","14.70","-0.05"," "
" "," ","443","1808潤隆","營建","0.30","0.06","0.00","0.10","-0.19","-0.09"," ","31","0.18"," ","78.77","30.05","-0.30"," "
" "," ","444","1410南染","紡織","0.04","0.01","0.09","0.02","0.01","0.01"," ","21","0.18"," ","75.15","30.80","0.05"," "
" "," ","445","1464得力","紡織","-0.11","0.11","0.17","-0.05","-0.06","0.11"," ","31","0.17"," ","59.74","10.55","0.10"," "
" "," ","446","6916華凌","光電","0.15","0.01","0.00","0.00","0.01","0.00"," ","30","0.17"," ","78.81","18.90","-0.10"," "
" "," ","447","1789神隆","生技醫療業","0.10","-0.01","0.01","0.02","0.02","0.03"," ","41","0.17"," ","76.82","21.90","0.30"," "
" "," ","448","9905大華","其他","-0.03","0.20","0.00","0.00","0.00","0.00"," ","32","0.17"," ","73.96","21.80","0.20"," "
" "," ","449","2646星宇航空","航運","0.07","-0.09","0.17","-0.05","0.05","0.02"," ","30","0.17"," ","64.69","20.95","-0.30"," "
" "," ","450","3038全台","光電","-0.14","-0.36","-0.16","-0.04","-0.01","0.88"," ","50","0.17"," ","40.32","23.40","0.10"," "
" "," ","451","2538基泰","營建","0.06","-0.21","-0.08","0.04","0.19","0.17"," ","30","0.17"," ","74.98","10.10","0.05"," "
" "," ","452","6715嘉基","電子零組件","0.47","0.44","0.11","-0.55","-1.01","0.71"," ","31","0.17"," ","76.88","426.00","6.50"," "
" "," ","453","8940新天地","觀光","-0.11","0.14","0.07","0.02","0.01","0.03"," ","31","0.16"," ","70.62","18.00","0.00"," "
" "," ","454","1617榮星","電器電纜","0.01","0.02","0.17","-0.05","0.00","0.01"," ","50","0.16"," ","74.78","15.75","-0.15"," "
" "," ","455","1203味王","食品","0.03","0.04","0.02","0.03","0.01","0.03"," ","31","0.16"," ","90.94","43.40","0.50"," "
" "," ","456","6191精成科","電子零組件","-0.56","0.36","0.41","-0.20","-0.13","0.28"," ","50","0.16"," ","58.93","104.50","-0.50"," "
" "," ","457","1526日馳","電機","0.13","0.00","0.01","0.02","0.00","0.00"," ","21","0.16"," ","37.22","16.75","-0.10"," "
" "," ","458","2611志信","航運","0.25","-0.23","-0.08","-0.23","-0.46","0.91"," ","31","0.16"," ","46.16","14.70","-0.30"," "
" "," ","459","2474可成","其他電子","-0.03","-0.18","0.12","-0.86","0.34","0.77"," ","50","0.16"," ","78.05","217.00","19.50"," "
" "," ","460","1465偉全","紡織","-0.03","0.03","0.16","0.02","-0.01","-0.02"," ","10","0.15"," ","72.44","12.70","-0.40"," "
" "," ","461","4935茂林-KY","光電","0.15","0.06","-0.17","0.05","0.00","0.06"," ","31","0.15"," ","62.68","38.35","0.55"," "
" "," ","462","2321東訊","通信網路","0.02","0.02","0.01","0.01","0.02","0.07"," ","50","0.15"," ","70.48","13.30","-0.05"," "
" "," ","463","2012春雨","鋼鐵","0.02","-0.03","0.02","0.14","0.00","0.00"," ","21","0.15"," ","84.29","16.00","0.05"," "
" "," ","464","7799禾榮科","生技醫療業","-0.31","0.17","0.66","-0.37","-0.01","0.00"," ","50","0.14"," ","79.83","388.50","-7.00"," "
" "," ","465","2615萬海","航運","0.07","0.04","-0.24","0.18","0.18","-0.09"," ","20","0.14"," ","83.85","75.30","-1.60"," "
" "," ","466","2332友訊","通信網路","-0.02","0.35","-0.33","-0.43","0.42","0.15"," ","30","0.14"," ","43.99","15.35","-0.10"," "
" "," ","467","1110東泥","水泥","0.09","-0.02","0.05","0.04","-0.01","-0.01"," ","21","0.14"," ","93.91","15.85","-0.10"," "
" "," ","468","2432倚天酷卅卅-創","電腦週邊","0.04","-0.02","0.08","0.00","0.02","0.01"," ","30","0.13"," ","76.72","28.35","0.40"," "
" "," ","469","2362藍天","電腦週邊","0.17","-0.08","0.00","-0.01","0.02","0.03"," ","50","0.13"," ","80.15","38.35","0.05"," "
" "," ","470","4148全宇生技-KY","生技醫療業","0.02","-0.02","-0.03","0.01","0.01","0.14"," ","41","0.13"," ","78.91","38.00","-0.40"," "
" "," ","471","6534正瀚-創","生技醫療業","-0.07","-0.10","0.28","-0.32","-0.01","0.35"," ","50","0.13"," ","80.20","99.60","0.90"," "
" "," ","472","1474弘裕","紡織","0.14","0.03","0.09","0.04","0.01","-0.18"," ","10","0.13"," ","58.96","10.55","0.05"," "
" "," ","473","2352佳世達","電腦週邊","-0.21","0.04","-0.09","-0.17","0.25","0.31"," ","50","0.13"," ","47.90","25.65","0.40"," "
" "," ","474","2546根基","營建","0.01","0.00","0.00","0.01","0.00","0.11"," ","31","0.13"," ","62.00","86.30","0.10"," "
" "," ","475","3557嘉威","居家","0.11","0.02","0.02","-0.01","0.00","-0.01"," ","30","0.13"," ","59.81","31.70","0.25"," "
" "," ","476","1762中化生","生技醫療業","0.03","0.58","-0.55","0.00","0.05","0.02"," ","30","0.13"," ","44.55","29.35","-0.35"," "
" "," ","477","2536宏普","營建","0.05","-0.07","-0.06","0.34","-0.17","0.03"," ","31","0.12"," ","79.64","22.35","-0.05"," "
" "," ","478","2345智邦","通信網路","0.14","-0.08","0.10","-0.11","-0.15","0.22"," ","31","0.12"," ","71.31","2070.00","35.00"," "
" "," ","479","6277宏正","電腦週邊","0.04","0.04","0.00","0.06","0.07","-0.09"," ","30","0.12"," ","54.65","71.10","0.40"," "
" "," ","480","2838聯邦銀","金融","0.02","-0.02","0.02","0.05","0.02","0.03"," ","31","0.12"," ","90.83","20.90","-0.35"," "
" "," ","481","6504南六","其他","0.02","0.02","0.01","0.02","0.02","0.03"," ","41","0.12"," ","69.69","41.45","0.15"," "
" "," ","482","3592瑞鼎","半導體","-0.86","0.40","-1.84","1.22","1.32","-0.12"," ","30","0.12"," ","40.55","239.50","7.00"," "
" "," ","483","2545皇翔","營建","0.38","0.04","-0.11","-0.10","0.00","-0.10"," ","30","0.11"," ","76.70","36.50","-0.20"," "
" "," ","484","2022聚亨","鋼鐵","0.19","0.09","-0.19","-0.14","0.37","-0.21"," ","30","0.11"," ","38.75","8.83","-0.03"," "
" "," ","485","2029盛餘","鋼鐵","-0.10","-0.03","0.09","0.00","0.12","0.03"," ","30","0.11"," ","70.99","20.60","-0.15"," "
" "," ","486","2010春源","鋼鐵","0.40","0.01","0.13","-0.06","-0.24","-0.13"," ","31","0.11"," ","71.28","24.95","-0.15"," "
" "," ","487","2607榮運","航運","0.13","-0.32","-0.07","0.12","0.16","0.09"," ","30","0.11"," ","77.04","50.30","-0.10"," "
" "," ","488","1605華新","電器電纜","-0.18","0.03","-0.22","-0.12","0.33","0.27"," ","30","0.11"," ","70.57","32.30","0.20"," "
" "," ","489","1438三地開發","營建","0.07","0.02","0.00","0.01","0.00","0.01"," ","31","0.11"," ","82.84","28.45","-0.25"," "
" "," ","490","6790永豐實","造紙","-0.01","0.15","0.23","-0.22","-0.04","-0.01"," ","50","0.10"," ","78.89","40.20","-0.15"," "
" "," ","491","9906欣巴巴","營建","0.07","0.11","0.02","-0.44","0.42","-0.08"," ","30","0.10"," ","77.32","41.60","-0.40"," "
" "," ","492","9908大台北","油電燃氣","0.08","-0.17","0.08","0.04","-0.01","0.08"," ","31","0.10"," ","80.26","29.85","0.05"," "
" "," ","493","1439雋揚","營建","0.03","0.01","0.01","0.01","-0.31","0.35"," ","31","0.10"," ","84.80","27.55","0.05"," "
" "," ","494","3021鴻名","電子零組件","0.00","0.00","0.00","0.03","0.01","0.06"," ","31","0.10"," ","70.94","16.40","0.05"," "
" "," ","495","3494誠研","電腦週邊","0.04","0.03","0.00","0.01","0.01","0.01"," ","32","0.10"," ","61.09","8.35","0.03"," "
" "," ","496","8488吉源-KY","其他","0.01","0.02","0.01","0.01","0.01","0.04"," ","41","0.10"," ","87.10","10.50","0.15"," "
" "," ","497","1104環泥","水泥","0.08","-0.16","0.06","0.21","-0.02","-0.07"," ","10","0.10"," ","74.43","29.35","0.00"," "
" "," ","498","5244弘凱","光電","0.72","-0.09","-0.44","-2.14","1.18","0.86"," ","30","0.09"," ","48.23","46.20","4.20"," "
" "," ","499","6128上福","電腦週邊","0.00","0.02","0.05","0.01","0.01","0.00"," ","20","0.09"," ","59.37","21.05","0.05"," "
" "," ","500","6902GOGOLOOK","雲端","0.01","0.05","0.12","0.04","0.02","-0.15"," ","10","0.09"," ","71.58","99.10","5.20"," "
" "," ","501","2371大同","電機","0.06","0.09","-0.07","-0.11","0.02","0.10"," ","50","0.09"," ","50.82","33.10","0.55"," "
" "," ","502","6525捷敏-KY","半導體","0.06","0.04","0.27","-0.10","0.03","-0.21"," ","30","0.09"," ","66.22","90.50","2.20"," "
" "," ","503","5533皇鼎","營建","0.13","0.00","-0.16","-0.05","0.17","0.00"," ","30","0.09"," ","78.97","14.65","-0.10"," "
" "," ","504","4551智伸科","汽車","0.11","0.15","-0.57","0.32","0.11","-0.03"," ","10","0.09"," ","79.35","142.00","0.00"," "
" "," ","505","8482商億-KY","居家","0.00","0.00","0.00","0.00","0.08","0.00"," ","30","0.08"," ","95.52","49.80","0.60"," "
" "," ","506","2890永豐金","金融","0.00","-0.03","-0.02","0.00","0.09","0.04"," ","30","0.08"," ","80.65","32.70","-0.60"," "
" "," ","507","5525順天","營建","0.01","0.00","0.05","0.02","0.00","0.00"," ","21","0.08"," ","88.21","25.25","0.05"," "
" "," ","508","1468昶和","紡織","0.05","0.02","0.01","0.00","0.00","0.00"," ","32","0.08"," ","97.48","12.10","0.10"," "
" "," ","509","6192巨路","其他電子","-0.31","0.11","0.04","0.09","0.05","0.10"," ","31","0.08"," ","56.88","122.50","0.50"," "
" "," ","510","2023燁輝","鋼鐵","-0.10","0.05","0.10","-0.02","0.01","0.04"," ","50","0.08"," ","77.99","14.00","0.00"," "
" "," ","511","3043科風","其他電子","-0.01","0.05","0.02","0.00","-0.01","0.03"," ","31","0.08"," ","17.03","20.15","-0.05"," "
" "," ","512","4904遠傳","通信網路","-0.07","0.04","-0.01","-0.01","0.05","0.07"," ","50","0.07"," ","93.34","97.40","1.60"," "
" "," ","513","2524京城","營建","0.04","0.00","-0.02","0.04","0.01","0.00"," ","10","0.07"," ","93.01","39.75","-0.10"," "
" "," ","514","2440太空梭","電子零組件","0.08","-0.02","0.01","-0.02","0.01","0.01"," ","40","0.07"," ","69.14","15.15","-0.15"," "
" "," ","515","1417嘉裕","紡織","0.03","-0.09","-0.12","0.03","0.20","0.02"," ","30","0.07"," ","57.51","8.96","-0.08"," "
" "," ","516","2369菱生","半導體","0.24","4.64","-3.93","-0.59","-0.09","-0.20"," ","30","0.07"," ","31.44","30.60","-0.50"," "
" "," ","517","911622泰聚亨-DR","存託憑證","0.02","0.01","0.00","0.02","0.01","0.01"," ","21","0.07"," ","49.81","3.83","-0.03"," "
" "," ","518","1718中纖","化學","0.07","-0.07","-0.05","0.13","0.13","-0.14"," ","20","0.07"," ","56.03","6.89","-0.14"," "
" "," ","519","6230尼得科超眾","電腦週邊","0.00","0.00","0.00","0.00","0.00","0.07"," ","41","0.07"," ","87.74","161.00","6.00"," "
" "," ","520","6477安集","光電","1.51","0.21","-0.58","-0.80","0.20","-0.47"," ","30","0.07"," ","43.92","34.45","-0.30"," "
" "," ","521","6792詠業","通信網路","0.00","0.00","0.07","0.00","0.00","0.00"," ","32","0.07"," ","53.91","61.20","0.60"," "
" "," ","522","8481政伸","其他","0.01","-0.02","0.02","0.00","0.02","0.03"," ","50","0.06"," ","65.56","42.10","0.15"," "
" "," ","523","1515力山","電機","0.04","0.09","0.05","0.04","-0.15","-0.01"," ","31","0.06"," ","53.00","23.15","-0.05"," "
" "," ","524","1324地球","塑膠","-0.05","0.00","0.00","0.00","0.01","0.10"," ","50","0.06"," ","67.38","11.25","-0.15"," "
" "," ","525","4571鈞興-KY","電機","0.03","0.00","0.82","-0.78","0.00","-0.01"," ","30","0.06"," ","65.18","160.00","0.50"," "
" "," ","526","6115鎰勝","電子零組件","0.00","-0.01","0.00","0.00","0.01","0.06"," ","50","0.06"," ","61.05","47.80","0.00"," "
" "," ","527","2633台灣高鐵","航運","-0.13","-0.02","0.12","0.03","0.03","0.03"," ","32","0.06"," ","86.65","27.00","0.05"," "
" "," ","528","9928中視","其他","0.00","0.00","0.03","0.00","0.03","0.00"," ","30","0.06"," ","74.25","17.70","-0.20"," "
" "," ","529","2454聯發科","半導體","0.05","-0.41","0.03","-0.36","0.17","0.58"," ","50","0.06"," ","76.45","1925.00","30.00"," "
" "," ","530","1437勤益控","其他","0.06","0.12","-0.30","0.12","0.03","0.02"," ","10","0.05"," ","79.28","30.50","0.00"," "
" "," ","531","6754匯僑設計","居家","0.02","0.00","0.00","0.00","0.01","0.02"," ","50","0.05"," ","83.06","47.00","0.10"," "
" "," ","532","2373震旦行","其他電子","0.02","0.01","0.01","0.01","0.00","0.00"," ","21","0.05"," ","87.37","58.10","0.60"," "
" "," ","533","1535中宇","電機","0.02","0.03","0.02","0.02","0.02","-0.06"," ","20","0.05"," ","75.37","52.20","0.30"," "
" "," ","534","2358廷鑫","其他","0.01","0.03","0.01","0.00","0.00","0.00"," ","32","0.05"," ","27.57","",""," "
" "," ","535","3046建卅卅","電腦週邊","-0.06","0.13","0.00","0.14","-0.06","-0.10"," ","10","0.05"," ","53.76","49.00","0.00"," "
" "," ","536","6515穎崴","半導體","1.78","-0.15","-1.65","0.10","-0.07","0.04"," ","31","0.05"," ","54.23","10305.00","485.00"," "
" "," ","537","2443昶虹","其他","0.04","0.00","0.00","0.00","0.00","0.00"," ","32","0.04"," ","55.26","",""," "
" "," ","538","7786東方風能","綠能","-0.01","0.01","0.04","0.00","0.00","0.00"," ","32","0.04"," ","81.29","138.00","-4.50"," "
" "," ","539","6541泰福-KY","生技醫療業","-0.10","-0.02","0.25","-0.07","-0.09","0.07"," ","31","0.04"," ","71.60","41.00","0.30"," "
" "," ","540","8463潤泰材","其他","-0.01","0.06","0.01","0.00","-0.02","0.00"," ","31","0.04"," ","81.43","23.10","0.00"," "
" "," ","541","1453大將","營建","0.00","0.38","-0.35","0.02","0.00","-0.01"," ","10","0.04"," ","75.63","12.15","-0.05"," "
" "," ","542","3027盛達","通信網路","-0.06","-0.13","0.57","0.01","-0.23","-0.12"," ","31","0.04"," ","44.52","19.40","0.00"," "
" "," ","543","1817凱撒衛","玻璃","-0.02","0.02","0.01","0.01","0.01","0.01"," ","32","0.04"," ","65.39","38.70","-0.15"," "
" "," ","544","3593力銘","電子零組件","0.00","0.00","0.00","0.00","0.00","0.04"," ","41","0.04"," ","61.88","19.35","0.25"," "
" "," ","545","6605帝寶","汽車","-0.08","0.25","-0.04","-0.29","0.32","-0.12"," ","30","0.04"," ","68.32","129.50","-0.50"," "
" "," ","546","9927泰銘","其他","0.04","0.00","0.00","0.00","0.00","0.00"," ","32","0.04"," ","58.34","70.50","-0.20"," "
" "," ","547","2248華勝-KY","汽車","0.00","-0.21","0.00","0.00","0.24","0.00"," ","30","0.03"," ","80.55","54.30","1.50"," "
" "," ","548","2387精元","電腦週邊","0.22","0.08","-0.13","-0.41","0.45","-0.18"," ","30","0.03"," ","57.30","40.35","0.25"," "
" "," ","549","6581鋼聯","綠能","0.01","0.00","0.00","-0.01","0.03","0.00"," ","30","0.03"," ","89.79","107.50","0.50"," "
" "," ","550","5538東明-KY","鋼鐵","0.01","0.01","0.00","0.00","0.01","0.00"," ","30","0.03"," ","94.02","32.00","0.15"," "
" "," ","551","2913農林","貿易百貨","0.14","0.15","-0.04","-0.10","-0.15","0.03"," ","31","0.03"," ","58.24","12.15","-0.20"," "
" "," ","552","2701萬企","觀光","0.04","0.00","-0.01","0.00","0.00","0.00"," ","32","0.03"," ","86.16","10.95","0.05"," "
" "," ","553","5906台南-KY","貿易百貨","0.03","0.00","0.00","0.00","0.00","0.00"," ","32","0.03"," ","87.63","49.30","-0.20"," "
" "," ","554","3661世芯-KY","半導體","1.09","-0.30","0.21","-1.93","0.21","0.75"," ","50","0.03"," ","32.97","3515.00","40.00"," "
" "," ","555","1213大飲","食品","0.01","0.01","0.00","0.00","0.00","0.01"," ","41","0.03"," ","81.91","9.33","0.05"," "
" "," ","556","2910統領","貿易百貨","0.01","0.00","0.00","0.02","0.00","0.00"," ","21","0.03"," ","96.98","22.75","-0.10"," "
" "," ","557","1530亞崴","電機","0.00","0.01","-0.01","0.00","0.00","0.02"," ","41","0.02"," ","75.42","28.35","-0.05"," "
" "," ","558","9946三發地產","營建","-0.06","0.09","0.03","0.07","0.03","-0.14"," ","10","0.02"," ","81.03","16.80","-0.20"," "
" "," ","559","2849安泰銀","金融","-0.04","0.02","0.00","0.00","0.00","0.04"," ","41","0.02"," ","98.42","14.10","0.15"," "
" "," ","560","2423固緯","其他電子","0.01","0.00","-0.02","0.01","-0.01","0.03"," ","31","0.02"," ","75.84","51.40","0.60"," "
" "," ","561","1454台富","紡織","0.01","0.02","0.02","0.00","0.00","-0.03"," ","20","0.02"," ","81.77","13.30","0.00"," "
" "," ","562","9930中聯資源","綠能","0.00","0.01","0.00","0.00","0.01","0.00"," ","30","0.02"," ","78.47","71.10","0.20"," "
" "," ","563","3419譁裕","通信網路","0.38","-0.47","0.52","0.28","0.26","-0.95"," ","10","0.02"," ","31.56","14.90","0.40"," "
" "," ","564","6952大武山","其他","0.01","0.01","0.03","-0.03","0.00","0.00"," ","40","0.02"," ","86.43","40.50","0.20"," "
" "," ","565","5876上海商銀","金融","-0.02","0.04","0.03","0.02","0.03","-0.08"," ","30","0.02"," ","86.23","39.85","0.10"," "
" "," ","566","2836高雄銀","金融","-0.09","0.00","0.08","0.02","0.02","-0.01"," ","20","0.02"," ","84.84","12.20","-0.05"," "
" "," ","567","2923鼎固-KY","營建","-0.01","-0.05","0.00","0.00","-0.01","0.09"," ","31","0.02"," ","99.45","28.00","0.95"," "
" "," ","568","2762世界健身-KY","運動","-0.03","0.03","0.02","0.00","-0.01","0.01"," ","31","0.02"," ","86.59","73.80","0.30"," "
" "," ","569","9944新麗","其他","0.02","0.00","0.05","0.00","-0.01","-0.04"," ","10","0.02"," ","78.21","16.70","0.05"," "
" "," ","570","6283淳安","其他電子","0.26","-0.32","0.06","0.01","0.02","-0.01"," ","30","0.02"," ","60.64","23.60","1.50"," "
" "," ","571","2642宅配通","航運","0.01","0.03","-0.02","-0.03","0.00","0.02"," ","50","0.01"," ","60.83","23.00","0.00"," "
" "," ","572","4133亞諾法","生技醫療業","0.00","0.00","0.01","0.00","0.00","0.00"," ","32","0.01"," ","23.69","22.50","-0.30"," "
" "," ","573","1103嘉泥","水泥","-0.08","-0.04","0.06","0.04","0.10","-0.07"," ","30","0.01"," ","78.85","14.00","0.10"," "
" "," ","574","5608四維航","航運","-0.15","0.39","0.15","-0.58","0.10","0.10"," ","40","0.01"," ","27.93","16.30","-0.10"," "
" "," ","575","1730花仙子","化學","0.00","0.00","0.01","0.00","0.00","0.00"," ","32","0.01"," ","57.95","52.80","0.00"," "
" "," ","576","2383台光電","電子零組件","0.47","-0.34","-0.27","0.26","0.27","-0.38"," ","30","0.01"," ","70.49","3800.00","-35.00"," "
" "," ","577","8046南電","電子零組件","-0.03","-1.24","0.48","-0.10","0.86","0.04"," ","30","0.01"," ","86.31","724.00","3.00"," "
" "," ","578","1441大東","紡織","0.00","0.00","0.00","0.00","0.00","0.01"," ","41","0.01"," ","65.00","9.80","-0.12"," "
" "," ","579","4943康控-KY","電子零組件","0.00","0.00","0.00","0.00","0.01","0.00"," ","30","0.01"," ","64.10","10.95","0.75"," "
" "," ","580","1475業旺","紡織","0.00","0.00","0.00","0.01","0.00","0.00"," ","21","0.01"," ","76.38","28.35","-0.15"," "
" "," ","581","3711日月光投控","半導體","-0.29","-0.04","0.14","0.11","0.14","-0.05"," ","30","0.01"," ","88.82","442.00","-8.50"," "
" "," ","582","3652精聯","電腦週邊","0.01","0.00","0.00","0.00","0.00","0.00"," ","32","0.01"," ","71.58","28.00","0.05"," "
" "," ","583","2024志聯","鋼鐵","0.00","0.00","0.01","0.00","0.00","0.00"," ","32","0.01"," ","82.71","14.95","0.30"," "
" "," ","584","1457宜進","紡織","-0.05","-0.05","-0.01","-0.02","0.01","0.13"," ","50","0.01"," ","74.75","15.00","0.00"," "
" "," ","585","2618長榮航","航運","-0.75","0.23","0.32","0.09","0.05","0.07"," ","31","0.01"," ","73.30","35.30","0.05"," "
" "," ","586","2433互盛電","其他電子","0.00","0.00","0.00","0.00","0.01","0.00"," ","30","0.01"," ","78.92","46.00","0.25"," "
" "," ","587","6771平和環保-創","綠能","0.00","0.00","0.00","0.00","0.00","0.00"," ","32","0.00"," ","40.65","45.30","0.85"," "
" "," ","588","3705永信","生技醫療業","0.07","0.09","-0.27","-0.06","0.17","0.00"," ","30","0.00"," ","67.84","55.40","-0.80"," "
" "," ","589","1533車王電","汽車","0.00","0.00","0.00","0.00","0.00","0.00"," ","32","0.00"," ","63.99","31.25","-0.10"," "
" "," ","590","8201無敵","其他電子","0.00","0.00","0.00","0.00","0.00","0.00"," ","32","0.00"," ","56.37","13.30","-0.25"," "
" "," ","591","4581光隆精密-KY","汽車","0.00","0.00","0.00","0.00","0.00","0.00"," ","32","0.00"," ","62.96","51.00","0.60"," "
" "," ","592","2247汎德永業","汽車","0.00","0.00","0.00","0.00","0.00","0.00"," ","32","0.00"," ","76.73","234.50","-1.50"," "
" "," ","593","1702南僑","食品","-0.13","-0.05","0.01","-0.05","0.06","0.16"," ","50","0.00"," ","57.94","36.70","-0.25"," "
" "," ","594","6201亞弘電","其他電子","0.00","0.00","0.00","0.00","0.00","0.00"," ","32","0.00"," ","69.12","51.00","0.30"," "
" "," ","595","6666羅麗芬-KY","生技醫療業","0.00","0.00","0.00","0.00","0.00","0.00"," ","32","0.00"," ","78.06","41.60","0.40"," "
" "," ","596","4572駐龍","電機","0.00","0.00","0.00","0.00","0.00","0.00"," ","32","0.00"," ","64.20","146.50","0.50"," "
" "," ","597","3018隆銘綠能","其他電子","0.00","0.00","0.00","0.00","0.00","0.00"," ","32","0.00"," ","64.31","10.90","-0.10"," "
" "," ","598","3432台端","電子零組件","0.00","0.00","0.00","0.00","0.00","0.00"," ","32","0.00"," ","66.51","16.25","-0.10"," "
" "," ","599","1583程泰","電機","0.00","0.00","0.00","0.00","0.00","0.00"," ","32","0.00"," ","91.23","48.20","0.65"," "
" "," ","600","1435中福","其他","0.00","0.00","0.00","0.00","0.00","0.00"," ","32","0.00"," ","94.90","14.10","-0.50"," "
" "," ","601","6928攸泰科技","電腦週邊","0.00","0.00","0.00","0.00","0.00","0.00"," ","32","0.00"," ","79.20","48.80","0.75"," "
" "," ","602","6756威鋒電子","半導體","0.61","-0.03","0.00","-0.58","0.00","0.00"," ","40","0.00"," ","60.20","76.10","-0.90"," "
" "," ","603","2227裕日車","汽車","0.00","0.00","0.00","0.00","0.00","0.00"," ","32","0.00"," ","93.51","55.50","0.50"," "
" "," ","604","2712遠雄來","觀光","0.00","0.00","0.00","0.00","0.01","-0.01"," ","30","0.00"," ","90.86","17.40","0.55"," "
" "," ","605","3338泰碩","電子零組件","0.35","1.15","-0.20","-0.46","-0.06","-0.78"," ","30","0.00"," ","28.68","65.50","1.00"," "
" "," ","606","2530華建","營建","0.06","-0.03","0.09","-0.04","-0.04","-0.04"," ","32","0.00"," ","84.87","22.60","-0.05"," "
" "," ","607","4569六方科-KY","汽車","0.00","0.00","0.00","0.00","0.00","0.00"," ","32","0.00"," ","66.49","194.50","0.50"," "
" "," ","608","1521大億","汽車","0.00","0.00","0.00","0.00","0.00","0.00"," ","32","0.00"," ","68.10","25.35","0.15"," "
" "," ","609","1725元禎","化學","0.00","0.00","0.00","0.00","0.00","0.00"," ","32","0.00"," ","94.23","31.00","0.10"," "
" "," ","610","6225天瀚","光電","0.00","0.00","0.00","0.00","0.00","0.00"," ","32","0.00"," ","64.03","19.05","0.55"," "
" "," ","611","2945三商家購","貿易百貨","0.00","0.00","0.00","0.00","0.00","0.00"," ","32","0.00"," ","83.49","42.30","0.10"," "
" "," ","612","1541錩泰","電機","0.00","0.00","0.00","0.00","0.00","0.00"," ","32","0.00"," ","83.78","25.20","-0.10"," "
" "," ","613","3679新至陞","電子零組件","0.00","0.00","0.00","0.00","0.00","0.00"," ","32","0.00"," ","66.60","122.00","0.00"," "
" "," ","614","8499鼎炫-KY","其他電子","0.00","0.00","0.00","0.00","0.00","0.00"," ","32","0.00"," ","78.81","270.00","0.00"," "
" "," ","615","3308聯德","電子零組件","0.00","0.00","0.00","0.00","0.00","0.00"," ","32","0.00"," ","61.63","20.70","-0.30"," "
" "," ","616","2496卓越","其他","0.00","0.00","0.00","0.00","0.00","0.00"," ","32","0.00"," ","49.57","65.90","-0.30"," "
" "," ","617","2880華南金","金融","-0.02","-0.03","0.03","-0.02","0.01","0.02"," ","50","-0.01"," ","81.05","36.15","0.20"," "
" "," ","618","1201味全","食品","0.07","0.02","-0.03","-0.06","-0.09","0.08"," ","31","-0.01"," ","63.40","13.40","0.10"," "
" "," ","619","5880合庫金","金融","-0.12","-0.06","-0.05","0.08","0.09","0.05"," ","30","-0.01"," ","73.08","23.90","0.00"," "
" "," ","620","6558興能高","其他電子","0.05","-0.01","0.12","-0.12","0.39","-0.44"," ","30","-0.01"," ","40.88","30.00","0.25"," "
" "," ","621","4590富田-創","電機","0.00","-0.01","0.00","0.00","0.00","0.00"," ","32","-0.01"," ","49.43","77.30","0.60"," "
" "," ","622","6552易華電","半導體","0.50","0.00","0.02","-0.52","-0.01","-0.01"," ","40","-0.02"," ","58.46","27.60","0.40"," "
" "," ","623","1256鮮活果汁-KY","食品","0.03","0.00","-0.08","0.01","0.01","0.01"," ","32","-0.02"," ","62.70","157.00","2.00"," "
" "," ","624","6582申豐","橡膠","0.00","0.00","0.00","-0.02","0.00","0.00"," ","40","-0.02"," ","74.29","32.25","-0.75"," "
" "," ","625","2539櫻花建","營建","-0.01","0.04","0.05","0.03","-0.02","-0.11"," ","10","-0.02"," ","87.66","46.70","-0.25"," "
" "," ","626","1235興泰","食品","0.00","0.00","0.00","0.00","-0.01","-0.01"," ","21","-0.02"," ","96.47","45.20","-0.15"," "
" "," ","627","2886兆豐金","金融","-0.08","0.00","-0.05","-0.01","0.06","0.06"," ","40","-0.02"," ","81.53","39.50","-0.45"," "
" "," ","628","9925新保","其他","0.17","0.07","-0.15","-0.07","-0.01","-0.03"," ","30","-0.02"," ","69.16","40.75","0.00"," "
" "," ","629","2430燦坤","電子通路","0.08","0.11","0.05","0.01","0.01","-0.29"," ","20","-0.03"," ","63.87","21.75","0.05"," "
" "," ","630","6674鋐寶科技","通信網路","-0.21","0.00","0.00","0.00","0.18","0.00"," ","30","-0.03"," ","85.12","19.00","0.00"," "
" "," ","631","2397友通","電腦週邊","0.01","0.02","-0.07","0.01","0.01","-0.01"," ","20","-0.03"," ","73.21","60.10","0.80"," "
" "," ","632","5225東科-KY","其他電子","-0.59","-0.05","0.15","0.07","0.57","-0.18"," ","30","-0.03"," ","45.77","78.20","-0.30"," "
" "," ","633","2889國票金","金融","-0.04","0.01","0.28","-0.24","-0.02","-0.03"," ","30","-0.04"," ","74.88","15.20","-0.25"," "
" "," ","634","2357華碩","電腦週邊","0.24","-0.32","0.05","-0.02","0.02","-0.01"," ","30","-0.04"," ","71.05","599.00","10.00"," "
" "," ","635","4976佳凌","光電","-0.47","0.41","-0.03","-0.01","0.07","-0.01"," ","30","-0.04"," ","31.49","30.20","0.30"," "
" "," ","636","6183關貿","資訊服務","0.14","0.24","-0.17","0.00","-0.25","0.00"," ","31","-0.04"," ","77.82","95.30","0.40"," "
" "," ","637","1467南緯","紡織","0.02","-0.01","0.02","0.01","0.01","-0.09"," ","20","-0.04"," ","65.94","7.00","0.00"," "
" "," ","638","6776展卅眥篕卅","電子通路","-0.57","0.32","0.03","0.24","-0.02","-0.04"," ","10","-0.04"," ","67.26","60.20","-0.80"," "
" "," ","639","2706第一店","觀光","0.00","-0.01","-0.11","0.09","0.08","-0.09"," ","10","-0.04"," ","84.90","12.70","-0.05"," "
" "," ","640","2832台產","金融","0.11","-0.18","0.03","-0.02","0.03","-0.01"," ","30","-0.04"," ","69.14","49.00","0.00"," "
" "," ","641","1419新紡","紡織","-0.02","0.00","0.01","0.01","0.01","-0.06"," ","20","-0.05"," ","90.68","64.00","0.10"," "
" "," ","642","1736喬山","運動","0.42","0.05","-0.12","-0.08","-0.32","0.00"," ","31","-0.05"," ","88.08","118.50","-1.50"," "
" "," ","643","2816旺旺保","金融","0.07","0.03","0.02","0.01","-0.17","-0.01"," ","31","-0.05"," ","79.17","30.85","-0.25"," "
" "," ","644","2905三商","貿易百貨","-0.08","-0.09","-0.10","0.04","0.07","0.11"," ","50","-0.05"," ","83.79","14.50","-0.10"," "
" "," ","645","8442威宏-KY","其他","-0.01","-0.01","0.01","0.09","-0.11","-0.02"," ","31","-0.05"," ","71.89","52.20","-0.10"," "
" "," ","646","2459敦吉","其他電子","0.01","-0.01","0.00","-0.14","0.11","-0.02"," ","30","-0.05"," ","55.35","66.20","0.20"," "
" "," ","647","6184大豐電","其他","-0.01","-0.01","0.01","-0.01","0.00","-0.03"," ","30","-0.05"," ","72.66","47.55","-0.10"," "
" "," ","648","2885元大金","金融","-0.05","-0.20","0.07","0.03","0.00","0.10"," ","31","-0.05"," ","83.15","50.20","-0.50"," "
" "," ","649","1531高林股","電機","0.01","-0.01","-0.05","0.01","0.03","-0.04"," ","30","-0.05"," ","62.71","13.10","0.05"," "
" "," ","650","2891中信金","金融","-0.01","-0.01","0.02","0.06","0.12","-0.23"," ","30","-0.05"," ","81.64","53.10","-0.30"," "
" "," ","651","2820華票","金融","0.04","-0.10","-0.10","-0.01","0.04","0.07"," ","50","-0.06"," ","66.63","17.20","-0.10"," "
" "," ","652","2450神腦","通信網路","0.01","0.10","-0.01","0.00","0.00","-0.16"," ","20","-0.06"," ","76.61","30.25","0.00"," "
" "," ","653","2305全友","電腦週邊","-0.18","1.13","0.56","-0.36","0.54","-1.75"," ","30","-0.06"," ","68.35","17.70","-0.05"," "
" "," ","654","2007燁興","鋼鐵","-0.01","0.05","-0.17","0.07","-0.01","0.01"," ","31","-0.06"," ","76.44","8.00","-0.03"," "
" "," ","655","2114鑫永銓","橡膠","-0.04","-0.01","0.00","-0.01","0.00","0.00"," ","40","-0.06"," ","63.57","88.90","-0.40"," "
" "," ","656","1731美吾華","生技醫療業","-0.04","0.00","-0.01","0.00","-0.30","0.29"," ","31","-0.06"," ","57.09","21.85","-0.05"," "
" "," ","657","6695芯鼎","半導體","0.07","0.09","-0.24","-0.05","0.13","-0.06"," ","30","-0.06"," ","44.04","40.40","-0.20"," "
" "," ","658","1805寶徠","營建","0.12","0.05","-0.19","-0.23","0.09","0.10"," ","50","-0.06"," ","77.11","11.00","0.00"," "
" "," ","659","1472三洋實業","營建","-0.10","-0.07","0.03","-0.06","0.06","0.07"," ","50","-0.07"," ","79.69","95.40","0.50"," "
" "," ","660","2608嘉里大榮","航運","0.35","-0.20","-0.15","-0.09","-0.21","0.23"," ","31","-0.07"," ","77.61","30.85","-0.25"," "
" "," ","661","1456怡華","營建","0.00","0.00","-0.04","0.00","-0.03","0.00"," ","31","-0.07"," ","84.56","14.45","-0.30"," "
" "," ","662","1726永記","化學","0.00","0.00","0.00","-0.01","-0.01","-0.05"," ","20","-0.07"," ","86.02","76.50","0.10"," "
" "," ","663","2511太子","營建","-0.04","0.03","-0.02","0.02","-0.06","0.00"," ","31","-0.07"," ","79.90","8.13","-0.11"," "
" "," ","664","2514龍邦","其他","0.09","-0.11","-0.01","-0.03","0.01","-0.02"," ","30","-0.07"," ","88.57","13.50","0.00"," "
" "," ","665","2505國揚","營建","0.16","0.08","0.06","0.00","-0.19","-0.19"," ","21","-0.08"," ","79.14","18.80","0.00"," "
" "," ","666","1418東華","紡織","0.02","0.03","-0.13","0.00","0.00","0.00"," ","32","-0.08"," ","70.60","18.75","0.00"," "
" "," ","667","3229晟鈦","電子零組件","0.00","0.00","0.00","0.00","0.00","-0.08"," ","20","-0.08"," ","69.66","30.70","2.75"," "
" "," ","668","8464億豐","居家","-0.35","0.47","-0.35","-0.20","0.40","-0.05"," ","30","-0.08"," ","87.79","368.50","-1.50"," "
" "," ","669","6957裕慶-KY","其他","-0.02","0.02","-0.07","-0.01","-0.01","0.01"," ","41","-0.08"," ","72.81","163.50","-3.00"," "
" "," ","670","1414東和","紡織","-0.02","-0.01","-0.02","-0.27","0.01","0.23"," ","50","-0.08"," ","87.75","16.55","-0.25"," "
" "," ","671","2904匯僑","其他","0.00","0.00","-0.08","0.00","0.00","0.00"," ","32","-0.08"," ","53.58","16.70","0.00"," "
" "," ","672","2492華新科","電子零組件","-0.85","-0.24","-1.17","-0.50","-0.29","2.97"," ","50","-0.08"," ","59.28","147.00","-1.50"," "
" "," ","673","1776展宇","化學","0.00","-0.06","-0.01","0.00","0.00","-0.01"," ","20","-0.08"," ","67.28","16.15","-0.15"," "
" "," ","674","1225福懋油","食品","-0.23","0.18","0.00","-0.03","0.00","0.00"," ","40","-0.08"," ","88.99","33.30","-0.75"," "
" "," ","675","3168眾福科","光電","0.01","0.01","0.01","0.00","0.00","-0.11"," ","20","-0.08"," ","75.21","46.00","-1.70"," "
" "," ","676","9940信義","其他","-0.04","0.07","-0.01","-0.12","-0.12","0.14"," ","41","-0.08"," ","81.42","20.10","-0.10"," "
" "," ","677","6573虹揚-KY","半導體","0.05","-0.01","-0.09","-0.04","0.01","0.00"," ","30","-0.08"," ","65.55","12.50","-0.10"," "
" "," ","678","5203訊連","資訊服務","0.18","0.02","-0.03","0.02","-0.23","-0.05"," ","31","-0.09"," ","44.05","65.30","-0.30"," "
" "," ","679","3712永崴投控","電腦週邊","-0.32","0.15","0.24","0.00","-0.13","-0.03"," ","31","-0.09"," ","53.10","19.30","0.10"," "
" "," ","680","3032偉訓","電子零組件","-0.86","-0.25","-0.11","-0.02","0.95","0.20"," ","30","-0.09"," ","52.82","61.80","-0.90"," "
" "," ","681","2613中櫃","航運","-0.11","0.00","-0.05","-0.06","0.37","-0.24"," ","30","-0.09"," ","54.97","23.00","-0.10"," "
" "," ","682","6177達麗","營建","-0.04","0.05","0.18","0.00","0.01","-0.29"," ","30","-0.09"," ","76.33","45.75","-0.30"," "
" "," ","683","1604聲寶","電器電纜","0.17","-0.04","-0.01","0.24","-0.14","-0.31"," ","10","-0.09"," ","57.96","23.80","-0.05"," "
" "," ","684","9934成霖","居家","0.02","-0.02","-0.13","-0.06","0.05","0.05"," ","40","-0.09"," ","66.20","9.63","-0.01"," "
" "," ","685","1109信大","水泥","0.00","-0.18","0.06","-0.12","0.14","0.01"," ","30","-0.09"," ","79.97","15.50","0.05"," "
" "," ","686","2308台達電","電子零組件","-0.21","0.14","-0.01","-0.20","0.33","-0.14"," ","30","-0.09"," ","84.44","1840.00","-5.00"," "
" "," ","687","6796晉弘","生技醫療業","0.00","0.02","-0.01","-0.03","-0.01","-0.06"," ","30","-0.09"," ","49.39","75.50","-2.20"," "
" "," ","688","1234黑松","食品","0.00","-0.01","0.00","-0.05","-0.02","-0.01"," ","50","-0.09"," ","83.53","36.20","-0.05"," "
" "," ","689","2002中鋼","鋼鐵","-0.15","-0.59","0.15","-0.05","0.38","0.17"," ","30","-0.09"," ","54.45","20.10","0.15"," "
" "," ","690","4562穎漢","電機","0.08","0.09","0.47","-0.50","0.41","-0.64"," ","30","-0.09"," ","52.22","35.50","-0.20"," "
" "," ","691","1312國喬","塑膠","-1.15","0.87","-0.25","-0.81","0.08","1.16"," ","50","-0.10"," ","54.57","14.10","0.00"," "
" "," ","692","3447展達","通信網路","0.05","0.00","-0.05","-0.08","-0.03","0.01"," ","50","-0.10"," ","59.47","39.35","-0.15"," "
" "," ","693","8072陞泰","電子通路","-0.62","0.34","0.18","0.19","-0.12","-0.07"," ","31","-0.10"," ","61.15","29.60","-0.30"," "
" "," ","694","1615大山","電器電纜","-0.04","-0.04","0.01","0.02","-0.02","-0.03"," ","10","-0.10"," ","80.98","47.55","-0.10"," "
" "," ","695","2062橋椿","居家","0.02","0.04","-0.02","0.08","-0.06","-0.17"," ","10","-0.11"," ","62.22","22.00","0.10"," "
" "," ","696","3164景岳","生技醫療業","-0.01","-0.01","-0.04","-0.02","-0.02","-0.01"," ","41","-0.11"," ","55.96","17.95","0.00"," "
" "," ","697","9958世紀鋼","鋼鐵","0.68","-0.13","-0.21","-0.05","0.03","-0.43"," ","30","-0.11"," ","56.30","106.00","-0.50"," "
" "," ","698","6807峰源-KY","居家","0.01","-0.02","-0.09","-0.01","0.00","0.00"," ","40","-0.11"," ","83.56","38.60","-0.50"," "
" "," ","699","7795長廣","電子零組件","0.74","0.09","-0.22","-0.01","-0.17","-0.54"," ","10","-0.11"," ","74.80","399.50","4.50"," "
" "," ","700","2882國泰金","金融","-0.08","-0.06","-0.03","-0.01","0.08","-0.01"," ","30","-0.11"," ","85.07","75.00","0.80"," "
" "," ","701","1231聯華食","食品","-0.02","-0.09","0.07","-0.08","0.02","-0.02"," ","30","-0.12"," ","64.98","90.20","-0.20"," "
" "," ","702","7732金興精密","汽車","0.00","-0.04","-0.05","0.00","0.00","-0.03"," ","20","-0.12"," ","88.56","35.00","0.00"," "
" "," ","703","3518柏騰","其他電子","-0.09","-0.09","-0.11","-0.16","-0.02","0.35"," ","50","-0.12"," ","41.09","27.05","0.85"," "
" "," ","704","1532勤美","電機","-0.14","0.26","-0.35","0.01","0.10","0.00"," ","30","-0.12"," ","64.85","21.80","-0.35"," "
" "," ","705","6901鑽石投資","其他","-0.07","-0.03","-0.01","0.09","-0.08","-0.02"," ","31","-0.12"," ","85.61","14.50","-0.30"," "
" "," ","706","2348海悅","其他","0.24","0.10","-0.17","-0.29","0.01","-0.01"," ","30","-0.12"," ","71.01","77.50","-1.00"," "
" "," ","707","4585達明","其他電子","0.00","0.00","0.00","0.00","-0.04","-0.09"," ","10","-0.13"," ","77.15","319.00","7.00"," "
" "," ","708","2412中華電","通信網路","0.01","-0.02","-0.12","-0.08","0.00","0.07"," ","50","-0.14"," ","79.11","137.50","1.00"," "
" "," ","709","3416融程電","電腦週邊","-0.02","0.04","-0.05","0.08","-0.36","0.17"," ","31","-0.14"," ","56.12","160.00","1.00"," "
" "," ","710","2915潤泰全","貿易百貨","0.19","-0.10","-0.15","0.18","-0.10","-0.16"," ","10","-0.14"," ","67.75","45.20","-0.40"," "
" "," ","711","1229聯華","食品","-0.28","0.06","0.00","0.03","0.09","-0.04"," ","30","-0.14"," ","65.38","44.40","0.10"," "
" "," ","712","1309台達化","塑膠","0.50","0.99","0.43","-0.47","-1.65","0.06"," ","31","-0.14"," ","46.43","19.60","-1.15"," "
" "," ","713","1442名軒","營建","-0.52","0.33","-0.11","-0.05","0.13","0.08"," ","30","-0.14"," ","87.13","29.00","1.70"," "
" "," ","714","1216統一","食品","-0.24","-0.12","0.01","0.15","0.04","0.02"," ","10","-0.14"," ","88.50","73.50","0.50"," "
" "," ","715","6988威力暘-創","汽車","0.07","-0.05","-0.11","-0.08","0.03","-0.01"," ","30","-0.15"," ","78.99","14.85","0.15"," "
" "," ","716","6216居易","通信網路","0.03","-0.08","-0.01","0.00","-0.02","-0.07"," ","10","-0.15"," ","39.25","25.75","-0.10"," "
" "," ","717","2331精英","電腦週邊","0.06","0.18","-0.11","-0.04","-0.13","-0.12"," ","31","-0.16"," ","59.58","21.80","-0.35"," "
" "," ","718","6641基士德-KY","綠能","-0.05","-0.03","0.00","-0.02","-0.02","-0.04"," ","20","-0.16"," ","63.13","18.45","0.00"," "
" "," ","719","1909榮成","造紙","0.02","0.06","0.13","-0.40","0.05","-0.02"," ","30","-0.16"," ","66.22","9.61","-0.08"," "
" "," ","720","5292華懋","綠能","0.53","0.07","-0.80","1.13","-0.33","-0.76"," ","10","-0.16"," ","57.57","230.50","3.00"," "
" "," ","721","1434福懋","紡織","-0.08","-0.06","-0.01","0.03","-0.03","-0.01"," ","31","-0.16"," ","71.60","16.80","-0.05"," "
" "," ","722","1504東元","電機","0.07","-0.07","0.00","-0.01","0.00","-0.15"," ","30","-0.16"," ","74.03","62.90","-0.30"," "
" "," ","723","2451創見","半導體","0.74","1.82","-0.93","-0.18","-1.48","-0.13"," ","31","-0.16"," ","78.30","246.50","-0.50"," "
" "," ","724","6861睿生光電","生技醫療業","2.82","-0.53","0.45","1.08","-1.28","-2.71"," ","10","-0.17"," ","59.80","161.50","13.50"," "
" "," ","725","6526達發","半導體","0.06","0.00","0.05","-0.02","-0.04","-0.22"," ","10","-0.17"," ","79.06","506.00","3.00"," "
" "," ","726","1810和成","玻璃","-0.17","-0.09","0.14","-0.09","-0.07","0.11"," ","50","-0.17"," ","66.96","18.50","0.45"," "
" "," ","727","9942茂順","其他","-0.03","-0.07","-0.08","-0.03","0.02","0.01"," ","30","-0.18"," ","52.33","117.50","-0.50"," "
" "," ","728","8466美吉吉-KY","其他","0.05","0.03","0.03","0.00","-0.29","0.00"," ","31","-0.18"," ","76.22","17.75","-0.10"," "
" "," ","729","2258鴻華先進-創","汽車","-0.03","-0.02","-0.08","0.00","-0.02","-0.03"," ","10","-0.18"," ","93.93","28.30","0.05"," "
" "," ","730","2892第一金","金融","-0.03","-0.10","-0.04","-0.04","0.05","-0.02"," ","30","-0.18"," ","69.98","28.80","0.00"," "
" "," ","731","2208台船","航運","-0.32","-0.02","0.27","-0.17","0.13","-0.07"," ","30","-0.18"," ","57.40","21.10","0.30"," "
" "," ","732","5007三星","鋼鐵","0.00","-0.02","0.00","-0.13","0.01","-0.05"," ","30","-0.19"," ","87.48","57.70","0.20"," "
" "," ","733","8411福貞-KY","其他","0.04","0.01","-0.23","0.01","0.01","-0.03"," ","20","-0.19"," ","81.35","12.35","-0.05"," "
" "," ","734","4999鑫禾","電子零組件","-0.02","-0.04","-0.03","-0.07","-0.03","0.00"," ","50","-0.19"," ","42.38","21.10","0.30"," "
" "," ","735","6431光麗-KY","生技醫療業","0.44","0.04","-0.20","-0.53","0.01","0.04"," ","50","-0.20"," ","69.55","21.30","0.25"," "
" "," ","736","3047訊舟","通信網路","-0.16","-0.29","0.15","0.42","0.12","-0.44"," ","10","-0.20"," ","19.64","15.70","-0.15"," "
" "," ","737","1413宏洲","紡織","-0.31","0.05","0.03","0.02","0.01","0.00"," ","10","-0.20"," ","75.54","9.85","0.00"," "
" "," ","738","6698旭暉應材","其他電子","0.68","-1.50","0.00","0.00","0.00","0.61"," ","41","-0.21"," ","38.63","31.20","0.25"," "
" "," ","739","2323中環","光電","0.86","0.61","-1.72","-0.14","0.17","0.01"," ","30","-0.21"," ","44.65","10.75","-0.15"," "
" "," ","740","8467波力-KY","運動","0.00","-0.21","0.00","0.01","0.00","-0.01"," ","10","-0.21"," ","82.04","155.00","-2.00"," "
" "," ","741","5546永固-KY","營建","-0.20","0.02","0.00","-0.03","0.00","0.00"," ","40","-0.21"," ","84.27","17.15","0.00"," "
" "," ","742","2207和泰車","汽車","-0.23","-0.15","0.19","-0.19","0.12","0.05"," ","30","-0.21"," ","90.01","515.00","-1.00"," "
" "," ","743","8213志超","電子零組件","-0.38","-0.01","-0.21","0.19","-0.07","0.26"," ","31","-0.22"," ","49.09","36.60","0.55"," "
" "," ","744","1904正隆","造紙","-0.17","0.01","0.22","-0.42","0.03","0.11"," ","50","-0.22"," ","64.61","18.60","-0.30"," "
" "," ","745","2017官田鋼","鋼鐵","0.29","-0.01","-0.35","0.26","-0.07","-0.34"," ","10","-0.22"," ","60.75","9.33","-0.10"," "
" "," ","746","6670復盛應用","運動","0.67","-0.04","-0.19","0.04","-0.58","-0.12"," ","31","-0.22"," ","78.17","260.00","-3.50"," "
" "," ","747","6426統新","通信網路","-2.22","1.47","-0.58","-0.96","0.48","1.59"," ","50","-0.22"," ","42.80","227.00","20.50"," "
" "," ","748","5222全訊","半導體","-0.80","0.53","0.05","-0.71","0.64","0.07"," ","30","-0.22"," ","32.60","144.50","13.00"," "
" "," ","749","2302麗正","半導體","-0.38","0.16","-0.11","0.06","0.32","-0.28"," ","30","-0.23"," ","68.51","19.40","1.10"," "
" "," ","750","2908特力","貿易百貨","-0.05","-0.09","0.03","-0.06","0.01","-0.07"," ","30","-0.23"," ","91.20","20.30","0.00"," "
" "," ","751","7705三商餐飲","觀光","-0.09","0.00","0.00","0.00","-0.03","-0.11"," ","10","-0.23"," ","69.82","34.80","-0.35"," "
" "," ","752","2115六暉-KY","汽車","-0.01","0.45","0.04","-0.07","-0.02","-0.62"," ","30","-0.23"," ","69.82","21.70","0.10"," "
" "," ","753","3515華擎","電腦週邊","0.21","0.14","-0.01","-0.08","-0.07","-0.42"," ","30","-0.23"," ","69.77","223.50","-0.50"," "
" "," ","754","9924福興","居家","0.00","0.03","0.00","-0.41","0.16","-0.01"," ","30","-0.23"," ","62.27","45.05","-0.20"," "
" "," ","755","9937全國","油電燃氣","-0.33","-0.04","0.00","0.14","0.00","0.00"," ","21","-0.23"," ","89.15","57.50","0.10"," "
" "," ","756","1101台泥","水泥","0.18","-0.21","-0.23","0.16","0.03","-0.17"," ","10","-0.24"," ","54.45","25.10","0.10"," "
" "," ","757","8367建新國際","航運","0.06","0.01","-0.35","0.03","0.01","0.00"," ","10","-0.24"," ","69.83","43.70","-0.10"," "
" "," ","758","2801彰銀","金融","-0.14","-0.09","-0.04","-0.06","0.02","0.07"," ","50","-0.24"," ","77.08","21.60","0.25"," "
" "," ","759","2239英利-KY","汽車","0.00","-0.36","0.05","0.00","0.02","0.05"," ","50","-0.24"," ","79.87","24.00","0.45"," "
" "," ","760","6863永道-KY","通信網路","-0.04","-0.01","0.02","-0.08","-0.04","-0.09"," ","30","-0.24"," ","75.47","99.00","-3.00"," "
" "," ","761","1220台榮","食品","0.00","0.21","-0.45","0.00","0.00","0.00"," ","32","-0.24"," ","67.49","12.80","0.05"," "
" "," ","762","9911櫻花","居家","0.64","0.18","-0.69","-0.77","-0.01","0.41"," ","50","-0.24"," ","68.83","83.80","-0.40"," "
" "," ","763","1470大統新創","紡織","0.01","-0.26","0.00","0.00","0.00","0.00"," ","32","-0.25"," ","87.51","23.00","-0.30"," "
" "," ","764","6719力智","半導體","0.01","-0.03","0.01","-0.23","0.03","-0.04"," ","30","-0.25"," ","51.18","167.50","1.50"," "
" "," ","765","2020美亞","鋼鐵","0.20","0.06","0.17","-0.04","-0.23","-0.42"," ","10","-0.26"," ","49.73","23.15","-0.25"," "
" "," ","766","4552力達-KY","電機","0.37","-0.32","0.42","-0.01","-0.34","-0.38"," ","10","-0.26"," ","48.47","21.20","-0.10"," "
" "," ","767","1612宏泰","電器電纜","0.11","-0.03","0.06","-0.10","-0.23","-0.07"," ","31","-0.26"," ","61.97","35.65","0.00"," "
" "," ","768","2342茂矽","半導體","0.24","0.22","-0.36","-0.92","0.17","0.39"," ","50","-0.26"," ","38.21","30.50","0.45"," "
" "," ","769","2324仁寶","電腦週邊","1.23","0.64","0.02","-1.94","-0.39","0.17"," ","50","-0.27"," ","67.96","30.35","0.95"," "
" "," ","770","1614三洋電","電器電纜","0.00","-0.02","-0.25","0.00","0.01","-0.01"," ","30","-0.27"," ","82.58","32.30","0.05"," "
" "," ","771","6689伊雲谷","雲端","0.28","0.56","-2.07","0.09","0.40","0.46"," ","50","-0.28"," ","47.53","71.10","-1.50"," "
" "," ","772","1903士紙","造紙","0.21","-0.20","0.04","-0.04","-0.24","-0.05"," ","31","-0.28"," ","80.89","49.30","-0.15"," "
" "," ","773","4560強信-KY","電機","-0.11","0.03","0.17","-0.27","0.00","-0.11"," ","30","-0.29"," ","86.31","33.55","0.05"," "
" "," ","774","8478東哥遊艇","運動","0.04","0.02","-0.07","-0.01","-0.01","-0.26"," ","20","-0.29"," ","76.79","171.50","2.00"," "
" "," ","775","6614資拓宏宇","雲端","-0.02","-0.05","-0.03","-0.05","-0.02","-0.12"," ","30","-0.29"," ","75.46","41.00","-0.80"," "
" "," ","776","2101南港","橡膠","-0.26","0.10","-0.19","0.08","-0.04","0.01"," ","31","-0.30"," ","64.08","35.65","-0.80"," "
" "," ","777","2477美隆電","其他電子","0.36","-0.14","0.04","-0.01","-0.23","-0.32"," ","10","-0.30"," ","72.95","24.05","0.15"," "
" "," ","778","3003健和興","電子零組件","0.33","-0.14","0.20","-0.23","0.15","-0.62"," ","30","-0.31"," ","56.34","54.80","0.30"," "
" "," ","779","6955邦睿生技-創","生技醫療業","-0.03","-0.12","-0.01","-0.01","-0.08","-0.06"," ","31","-0.31"," ","62.08","165.00","-3.00"," "
" "," ","780","6655科定","其他","0.08","0.03","0.01","0.01","0.02","-0.46"," ","30","-0.31"," ","86.05","136.50","1.00"," "
" "," ","781","9926新海","油電燃氣","0.02","-0.05","-0.06","-0.23","0.00","0.00"," ","40","-0.32"," ","84.05","50.00","0.05"," "
" "," ","782","2812台中銀","金融","-0.07","-0.19","0.04","0.06","0.04","-0.20"," ","10","-0.32"," ","60.24","20.55","-0.10"," "
" "," ","783","2330台積電","半導體","-0.21","-0.14","-0.08","-0.11","0.09","0.13"," ","50","-0.32"," ","88.45","2030.00","-55.00"," "
" "," ","784","4532瑞智","電機","0.29","0.16","0.02","-0.21","-0.34","-0.24"," ","31","-0.32"," ","70.33","24.60","0.35"," "
" "," ","785","1618合機","電器電纜","-0.38","0.42","-0.40","0.00","0.11","-0.08"," ","30","-0.33"," ","56.89","39.05","-0.15"," "
" "," ","786","6505台塑化","油電燃氣","-0.12","-0.19","0.00","-0.01","-0.06","0.05"," ","31","-0.33"," ","94.64","54.90","-0.20"," "
" "," ","787","5484慧友","光電","-0.03","-0.11","0.03","-0.13","-0.09","0.00"," ","50","-0.33"," ","38.49","38.80","0.00"," "
" "," ","788","2108南帝","橡膠","-0.09","-0.02","-0.42","-0.15","0.17","0.18"," ","50","-0.33"," ","70.09","26.05","0.05"," "
" "," ","789","2884玉山金","金融","-0.07","-0.37","-0.06","0.08","0.00","0.08"," ","31","-0.34"," ","71.15","32.75","-0.25"," "
" "," ","790","9929秋雨","其他","0.01","0.04","-0.39","0.00","0.00","0.00"," ","32","-0.34"," ","87.99","12.70","-0.65"," "
" "," ","791","6598ABC-KY","生技醫療業","-0.13","-0.47","-0.04","0.43","0.37","-0.50"," ","10","-0.34"," ","51.38","22.80","-0.10"," "
" "," ","792","4306炎洲","塑膠","-0.17","0.20","-0.03","-0.25","-0.17","0.06"," ","50","-0.36"," ","53.82","13.70","-0.10"," "
" "," ","793","1527鑽全","電機","0.50","-0.32","0.48","-0.21","0.01","-0.83"," ","30","-0.37"," ","29.67","33.00","0.05"," "
" "," ","794","4968立積","半導體","-1.04","0.04","0.50","-2.07","2.13","0.07"," ","30","-0.37"," ","18.68","112.00","1.50"," "
" "," ","795","1466聚隆","紡織","-0.56","-0.91","0.15","0.18","0.43","0.34"," ","30","-0.37"," ","72.78","16.80","0.05"," "
" "," ","796","2466冠西電","光電","0.04","-0.12","-0.03","-0.02","0.38","-0.62"," ","30","-0.37"," ","88.71","62.70","-2.30"," "
" "," ","797","1102亞泥","水泥","-0.24","-0.33","-0.09","0.06","0.26","-0.04"," ","30","-0.38"," ","82.13","35.70","0.20"," "
" "," ","798","1773勝一","化學","-0.22","0.08","-0.32","0.01","-0.30","0.37"," ","31","-0.38"," ","74.26","157.50","2.00"," "
" "," ","799","6579研揚","電腦週邊","0.00","-0.03","-0.12","-0.06","-0.03","-0.17"," ","30","-0.41"," ","86.56","118.00","0.00"," "
" "," ","800","2427三商電","資訊服務","0.04","-0.21","0.20","-0.02","0.11","-0.53"," ","30","-0.41"," ","54.39","22.25","-0.15"," "
" "," ","801","2534宏盛","營建","-0.08","0.06","-0.17","-0.01","-0.08","-0.13"," ","10","-0.41"," ","73.63","19.90","0.00"," "
" "," ","802","2104國際中橡","橡膠","-0.06","-0.09","-0.11","-0.11","-0.11","0.07"," ","41","-0.41"," ","45.50","11.45","-0.05"," "
" "," ","803","8926台汽電","油電燃氣","-0.20","-0.05","0.07","-0.31","0.15","-0.07"," ","30","-0.41"," ","60.37","45.20","0.60"," "
" "," ","804","3015全漢","電子零組件","-0.04","0.08","-0.09","0.13","-0.04","-0.45"," ","10","-0.41"," ","64.03","50.70","-0.60"," "
" "," ","805","5607遠雄港","航運","-0.22","0.01","-0.32","0.08","0.06","-0.03"," ","10","-0.42"," ","74.53","48.15","-0.15"," "
" "," ","806","4190佐登-KY","生技醫療業","-0.29","0.00","-0.13","0.00","0.00","0.00"," ","32","-0.42"," ","65.54","27.00","0.00"," "
" "," ","807","1339昭輝","汽車","0.07","0.03","-0.59","0.02","0.03","0.02"," ","30","-0.42"," ","74.48","41.00","0.20"," "
" "," ","808","3055蔚華科","電子通路","-0.27","-0.34","0.10","0.02","0.00","0.06"," ","31","-0.43"," ","69.31","68.20","6.20"," "
" "," ","809","6405悅城","光電","0.27","0.35","-0.24","-0.38","-0.99","0.56"," ","31","-0.43"," ","53.25","36.55","0.60"," "
" "," ","810","1906寶隆","造紙","0.04","0.00","0.02","-0.62","0.12","0.01"," ","30","-0.43"," ","74.48","11.90","0.10"," "
" "," ","811","6165浪凡","雲端","0.09","-0.43","-0.04","0.09","0.02","-0.16"," ","10","-0.43"," ","48.11","45.20","0.30"," "
" "," ","812","6281全國電","電子通路","0.00","0.00","-0.43","0.00","-0.01","0.00"," ","31","-0.44"," ","55.47","53.00","0.00"," "
" "," ","813","1232大統益","食品","-0.01","-0.03","-0.01","-0.03","-0.04","-0.32"," ","10","-0.44"," ","74.00","150.00","-0.50"," "
" "," ","814","8131福懋科","半導體","-0.60","-0.07","0.13","-0.19","0.42","-0.13"," ","30","-0.44"," ","71.91","60.70","-1.00"," "
" "," ","815","2106建大","橡膠","-0.16","-0.11","-0.38","0.12","-0.01","0.10"," ","31","-0.44"," ","79.94","18.60","-0.05"," "
" "," ","816","1537廣隆","電機","0.03","0.04","-0.52","0.01","0.00","0.00"," ","21","-0.44"," ","51.20","125.00","0.00"," "
" "," ","817","2015豐興","鋼鐵","0.14","-0.33","-0.03","-0.19","0.09","-0.12"," ","30","-0.44"," ","88.28","62.90","-0.80"," "
" "," ","818","1514亞力","電機","-0.58","0.74","-0.21","0.25","0.13","-0.78"," ","10","-0.45"," ","45.60","114.00","2.50"," "
" "," ","819","5306桂盟","運動","-0.02","-0.10","-0.03","-0.03","-0.10","-0.17"," ","10","-0.45"," ","69.23","84.40","-1.10"," "
" "," ","820","1447力鵬","紡織","-0.11","0.04","-0.45","-0.05","0.01","0.11"," ","50","-0.45"," ","70.21","5.28","-0.16"," "
" "," ","821","1806冠軍","玻璃","-0.04","-0.31","-0.02","0.01","-0.12","0.02"," ","31","-0.46"," ","74.56","8.36","-0.08"," "
" "," ","822","2535達欣工","營建","-0.22","-0.03","-0.01","-0.35","-0.09","0.24"," ","50","-0.46"," ","59.76","70.20","-0.20"," "
" "," ","823","9941裕融","其他","0.33","0.13","-0.56","-0.01","-0.25","-0.10"," ","31","-0.46"," ","67.89","78.30","0.50"," "
" "," ","824","9943好樂迪","觀光","0.00","-0.08","-0.38","0.00","0.00","0.00"," ","32","-0.46"," ","71.11","57.10","-0.10"," "
" "," ","825","1539巨庭","電機","0.05","-0.07","-0.62","0.02","0.02","0.13"," ","41","-0.47"," ","60.08","16.45","0.00"," "
" "," ","826","6438迅得","其他電子","-1.02","1.25","-0.35","-1.02","-0.14","0.81"," ","50","-0.47"," ","34.42","179.00","2.50"," "
" "," ","827","1325恆大","塑膠","-0.05","-0.55","0.52","0.05","0.11","-0.56"," ","30","-0.48"," ","46.12","27.05","0.05"," "
" "," ","828","8374羅昇","電機","-0.03","0.10","0.02","-0.03","-0.07","-0.47"," ","10","-0.48"," ","71.75","81.60","-1.00"," "
" "," ","829","9919康那香","其他","0.16","-0.11","-0.02","-0.34","0.36","-0.53"," ","30","-0.48"," ","46.52","14.80","-0.25"," "
" "," ","830","1217愛之味","食品","0.01","-0.13","-0.19","0.09","-0.17","-0.09"," ","31","-0.48"," ","60.39","10.40","0.05"," "
" "," ","831","9945潤泰新","其他","-0.06","-0.25","-0.26","0.07","0.09","-0.07"," ","30","-0.48"," ","64.97","24.65","-0.50"," "
" "," ","832","4958臻鼎-KY","電子零組件","-0.69","1.04","1.55","-0.66","0.40","-2.13"," ","30","-0.49"," ","78.32","282.00","25.50"," "
" "," ","833","1733五鼎","生技醫療業","0.11","0.06","-0.77","0.08","0.03","0.00"," ","10","-0.49"," ","40.02","29.60","-0.35"," "
" "," ","834","6931青松健康","生技醫療業","-0.30","-0.03","-0.04","-0.03","-0.03","-0.06"," ","20","-0.49"," ","72.06","50.30","0.10"," "
" "," ","835","2009第一銅","鋼鐵","0.40","-0.61","-0.34","0.26","-0.49","0.28"," ","31","-0.50"," ","58.79","40.50","-0.75"," "
" "," ","836","2707晶華","觀光","0.21","0.01","0.00","-0.07","-0.03","-0.62"," ","30","-0.50"," ","61.36","180.50","0.50"," "
" "," ","837","3044健鼎","電子零組件","-0.39","0.06","-0.44","-0.19","0.08","0.38"," ","50","-0.50"," ","81.18","411.50","1.00"," "
" "," ","838","8404百和興業-KY","其他","-0.10","-0.33","0.06","0.04","-0.10","-0.07"," ","31","-0.50"," ","78.56","17.95","-0.15"," "
" "," ","839","2354鴻準","其他電子","0.02","-0.14","0.11","-0.07","-0.12","-0.31"," ","10","-0.51"," ","47.22","51.60","-1.00"," "
" "," ","840","6691洋基工程","其他電子","0.16","-0.68","-0.72","0.07","0.06","0.60"," ","31","-0.51"," ","69.84","659.00","1.00"," "
" "," ","841","2405輔信","電腦週邊","0.84","-0.14","-0.25","-0.23","-0.54","-0.19"," ","31","-0.51"," ","22.51","15.75","-0.05"," "
" "," ","842","4736泰博","生技醫療業","0.02","-0.11","-0.01","0.02","-0.45","0.02"," ","31","-0.51"," ","49.15","125.50","-0.50"," "
" "," ","843","2429銘旺科","光電","-0.93","-0.48","0.65","0.53","0.13","-0.42"," ","10","-0.52"," ","58.38","39.85","-1.35"," "
" "," ","844","8341日友","綠能","0.02","-0.40","-0.40","-0.02","0.28","-0.01"," ","30","-0.53"," ","49.03","76.30","-0.10"," "
" "," ","845","4934太極","光電","0.30","0.62","-1.10","-0.25","0.14","-0.24"," ","30","-0.53"," ","33.44","16.80","0.40"," "
" "," ","846","5519隆大","營建","1.21","-1.49","-0.07","0.04","-0.01","-0.21"," ","10","-0.53"," ","58.70","33.00","-0.45"," "
" "," ","847","1563巧新","汽車","-0.18","0.23","0.10","0.10","-0.89","0.11"," ","31","-0.53"," ","41.15","42.80","0.00"," "
" "," ","848","1616億泰","電器電纜","-0.61","0.20","0.04","-0.15","0.11","-0.13"," ","30","-0.54"," ","60.70","23.65","-0.05"," "
" "," ","849","8045達運光電","通信網路","0.06","-0.05","-0.34","0.46","-0.54","-0.13"," ","31","-0.54"," ","70.02","73.50","-1.50"," "
" "," ","850","4104佳醫","生技醫療業","-0.05","0.00","0.01","0.01","-0.06","-0.45"," ","10","-0.54"," ","45.64","79.10","-0.30"," "
" "," ","851","2834臺企銀","金融","-0.50","-0.25","-0.26","-0.01","0.11","0.37"," ","50","-0.54"," ","61.16","16.30","0.10"," "
" "," ","852","1560中砂","電機","-1.35","-0.82","0.37","-0.64","0.90","0.99"," ","50","-0.55"," ","67.37","533.00","-11.00"," "
" "," ","853","1608華榮","電器電纜","-0.36","0.01","-0.12","-0.10","0.18","-0.17"," ","30","-0.56"," ","64.74","33.15","-0.30"," "
" "," ","854","6914阜爾運通","其他","0.01","-0.01","0.00","-0.08","0.01","-0.49"," ","30","-0.56"," ","72.65","151.50","-0.50"," "
" "," ","855","1313聯成","塑膠","-0.80","0.16","-0.18","-0.49","0.04","0.70"," ","50","-0.57"," ","66.12","12.20","-0.15"," "
" "," ","856","2881富邦金","金融","-0.20","-0.17","-0.01","-0.04","0.02","-0.17"," ","30","-0.57"," ","84.91","88.00","0.10"," "
" "," ","857","3686達能","半導體","0.14","-0.60","0.04","-0.09","-0.54","0.48"," ","31","-0.57"," ","22.83","17.70","0.00"," "
" "," ","858","1342八貫","其他","-0.58","0.00","0.01","0.00","0.00","0.00"," ","32","-0.57"," ","55.06","91.10","-0.90"," "
" "," ","859","9910豐泰","運動","-0.17","-0.39","0.08","0.05","-0.12","-0.02"," ","31","-0.57"," ","90.36","77.50","-0.60"," "
" "," ","860","2457飛宏","電子零組件","-0.01","-0.23","0.16","0.25","-0.07","-0.67"," ","10","-0.57"," ","28.51","24.75","-0.15"," "
" "," ","861","2312金寶","其他電子","-0.12","-0.36","-0.67","-0.81","0.51","0.87"," ","50","-0.58"," ","50.07","24.55","-1.15"," "
" "," ","862","2480敦陽科","資訊服務","0.03","-0.34","0.01","0.37","-0.40","-0.25"," ","31","-0.58"," ","31.45","140.50","0.50"," "
" "," ","863","6269台郡","電子零組件","-1.31","0.06","0.68","-0.30","1.12","-0.83"," ","30","-0.58"," ","35.85","64.70","1.10"," "
" "," ","864","6743安普新","其他電子","-0.02","0.01","-0.03","-0.27","0.26","-0.54"," ","30","-0.59"," ","63.97","22.90","-0.15"," "
" "," ","865","2204中華","汽車","-0.09","-0.09","0.30","0.02","-0.23","-0.50"," ","10","-0.59"," ","73.31","54.50","-0.50"," "
" "," ","866","8114振樺電","電腦週邊","-0.02","0.07","-0.05","0.68","-1.06","-0.21"," ","31","-0.59"," ","45.31","174.00","3.00"," "
" "," ","867","1711永光","化學","1.55","3.84","-1.04","-0.11","-1.14","-3.70"," ","10","-0.60"," ","47.27","47.95","4.35"," "
" "," ","868","3321同泰","電子零組件","-0.03","0.23","-1.41","0.47","0.12","0.01"," ","10","-0.61"," ","47.68","15.85","-0.15"," "
" "," ","869","7711永擎","電腦週邊","-0.04","-0.88","0.33","0.03","-0.02","-0.04"," ","10","-0.62"," ","61.77","301.00","-4.00"," "
" "," ","870","3008大立光","光電","-0.82","0.04","0.12","-0.01","-0.23","0.28"," ","31","-0.62"," ","61.13","2605.00","-215.00"," "
" "," ","871","3035智原","半導體","0.00","0.56","-0.66","-0.36","0.02","-0.19"," ","30","-0.63"," ","27.81","159.00","2.50"," "
" "," ","872","7780大研生醫*","食品","-0.30","-0.14","0.21","-0.36","-0.04","0.00"," ","50","-0.63"," ","75.41","20.35","-0.35"," "
" "," ","873","3019亞光","光電","-0.70","0.97","-0.01","-0.68","0.11","-0.33"," ","30","-0.64"," ","36.47","129.00","0.00"," "
" "," ","874","1307三芳","塑膠","-0.32","0.00","-0.02","-0.23","-0.16","0.09"," ","50","-0.64"," ","81.39","31.90","-0.15"," "
" "," ","875","2478大毅","電子零組件","-2.61","0.82","-2.00","-0.20","-0.42","3.76"," ","31","-0.65"," ","56.98","77.20","3.00"," "
" "," ","876","2606裕民","航運","-0.89","-0.50","-0.48","0.21","0.45","0.56"," ","50","-0.65"," ","73.30","65.00","1.00"," "
" "," ","877","1712興農","化學","0.52","-0.79","-0.01","0.09","-0.27","-0.20"," ","31","-0.66"," ","58.29","42.65","-0.20"," "
" "," ","878","6657 華安","生技醫療業","0.04","-0.15","-0.14","0.19","-0.05","-0.55"," ","10","-0.66"," ","35.68","46.20","-3.45"," "
" "," ","879","1108幸福","水泥","-0.12","-0.30","0.00","0.11","-0.07","-0.28"," ","10","-0.66"," ","80.97","14.90","0.05"," "
" "," ","880","2482連宇","其他電子","-0.04","0.07","-0.68","-0.01","0.00","-0.02"," ","30","-0.68"," ","40.91","17.70","0.40"," "
" "," ","881","2431聯昌","電子零組件","-1.11","0.12","0.04","0.07","-0.01","0.21"," ","31","-0.68"," ","40.92","11.50","-0.15"," "
" "," ","882","4155訊映","生技醫療業","-0.38","0.06","-0.02","-0.08","-0.28","0.01"," ","31","-0.69"," ","40.51","13.40","0.25"," "
" "," ","883","2006東和鋼鐵","鋼鐵","0.75","-0.51","-0.21","-0.54","-0.03","-0.15"," ","30","-0.69"," ","80.50","71.80","0.80"," "
" "," ","884","1611中電","電器電纜","0.33","-0.13","-0.87","-0.16","-0.08","0.22"," ","50","-0.69"," ","54.17","12.20","-0.20"," "
" "," ","885","1623大東電","電器電纜","-0.71","0.00","0.00","0.01","-0.01","0.01"," ","31","-0.70"," ","79.53","209.50","14.00"," "
" "," ","886","1436華友聯","營建","-0.17","-0.20","-0.25","-0.03","-0.02","-0.04"," ","30","-0.71"," ","78.06","52.80","-0.50"," "
" "," ","887","2515中工","營建","0.07","-0.15","-0.33","0.07","-0.10","-0.28"," ","10","-0.72"," ","61.11","13.85","0.20"," "
" "," ","888","3130一零四","雲端","-0.04","-0.11","-0.11","-0.39","-0.03","-0.04"," ","30","-0.72"," ","61.46","221.50","0.50"," "
" "," ","889","3014聯陽","半導體","-0.35","-0.21","-0.29","-0.59","-0.10","0.80"," ","50","-0.74"," ","33.74","124.00","1.50"," "
" "," ","890","7791皇家可口","食品","-0.09","-0.07","-0.06","-0.52","0.00","-0.01"," ","30","-0.75"," ","81.65","66.20","0.60"," "
" "," ","891","1215卜蜂","食品","-0.22","-0.17","-0.09","-0.61","-0.12","0.46"," ","50","-0.75"," ","65.66","142.50","-1.50"," "
" "," ","892","2739寒舍","觀光","0.05","0.03","0.00","-0.01","-0.01","-0.81"," ","20","-0.75"," ","72.42","36.75","-0.05"," "
" "," ","893","6589台康生技","生技醫療業","-0.04","0.11","-0.10","-0.21","-0.13","-0.38"," ","30","-0.75"," ","57.88","50.60","-0.70"," "
" "," ","894","3031佰鴻","光電","0.76","0.49","-0.38","0.31","1.27","-3.20"," ","30","-0.75"," ","59.00","33.20","0.20"," "
" "," ","895","6215和椿","其他電子","0.53","0.77","-0.32","-0.84","0.25","-1.15"," ","30","-0.76"," ","32.21","106.00","1.50"," "
" "," ","896","2438翔耀","光電","0.03","-0.76","-0.10","0.93","-0.84","-0.02"," ","31","-0.76"," ","54.69","22.45","0.65"," "
" "," ","897","7788松川精密","電子零組件","0.53","0.01","-0.23","0.03","0.00","-1.10"," ","10","-0.76"," ","76.96","163.00","11.50"," "
" "," ","898","3030德律","其他電子","1.27","-1.62","0.07","-0.42","0.11","-0.18"," ","30","-0.77"," ","62.29","338.50","30.50"," "
" "," ","899","2390云辰","其他電子","0.02","-0.50","-0.02","-0.17","0.00","-0.13"," ","30","-0.80"," ","36.58","10.10","0.00"," "
" "," ","900","2504國產","營建","-0.06","-0.10","0.19","-0.57","0.06","-0.33"," ","30","-0.81"," ","76.64","35.85","-0.05"," "
" "," ","901","3017奇鋐","電腦週邊","-0.22","-0.37","0.48","-0.76","-0.19","0.22"," ","50","-0.84"," ","68.37","2400.00","-40.00"," "
" "," ","902","1529樂事綠能","電機","-1.55","0.55","0.11","-0.08","0.26","-0.13"," ","30","-0.84"," ","47.14","24.15","0.40"," "
" "," ","903","6887寶綠特-KY","綠能","0.04","-0.03","-0.02","-0.71","-0.08","-0.04"," ","50","-0.84"," ","91.27","42.05","-0.35"," "
" "," ","904","3052夆典","營建","-0.53","0.15","0.08","0.14","-0.37","-0.31"," ","31","-0.84"," ","56.32","11.05","-0.05"," "
" "," ","905","8422可寧衛*","綠能","-0.05","-0.21","-0.55","-0.01","0.09","-0.12"," ","30","-0.85"," ","39.46","29.45","-0.45"," "
" "," ","906","2103台橡","橡膠","0.12","-0.30","-0.65","-0.14","0.06","0.04"," ","30","-0.87"," ","52.32","19.05","-0.30"," "
" "," ","907","8163達方","電腦週邊","0.33","0.08","-0.23","-0.55","0.03","-0.53"," ","30","-0.87"," ","43.75","28.15","-0.15"," "
" "," ","908","9931欣高","油電燃氣","-0.30","0.00","-0.58","0.00","0.00","0.00"," ","32","-0.88"," ","77.59","36.00","0.00"," "
" "," ","909","2852第一保","金融","-0.35","-0.58","-0.03","0.25","-0.25","0.08"," ","31","-0.88"," ","64.86","26.15","-0.25"," "
" "," ","910","3257虹冠電","半導體","-0.06","-0.03","-0.12","0.48","-0.53","-0.62"," ","10","-0.88"," ","43.77","55.10","0.90"," "
" "," ","911","3054立萬利","食品","-0.90","-0.53","0.50","0.01","0.02","0.01"," ","30","-0.89"," ","87.82","75.70","2.50"," "
" "," ","912","6625必應","其他","-0.81","0.69","-1.31","-0.08","-0.04","0.65"," ","50","-0.90"," ","49.65","76.60","-0.70"," "
" "," ","913","3006晶豪科","半導體","1.37","6.37","-2.94","-0.80","-4.93","0.03"," ","31","-0.90"," ","50.83","153.00","-4.00"," "
" "," ","914","6951青新-創","綠能","-0.07","-0.89","0.00","0.00","0.02","0.04"," ","50","-0.90"," ","66.14","82.10","-0.10"," "
" "," ","915","2547日勝生","營建","-0.17","-0.35","-0.13","-0.15","-0.10","-0.01"," ","50","-0.91"," ","70.91","10.85","0.00"," "
" "," ","916","6449鈺邦","電子零組件","0.14","0.08","-1.01","-0.07","-0.02","-0.04"," ","30","-0.92"," ","71.39","174.50","0.50"," "
" "," ","917","6933AMAX-KY","電腦週邊","-0.03","0.00","0.00","-0.02","-0.07","-0.80"," ","10","-0.92"," ","62.44","196.00","13.50"," "
" "," ","918","4930燦星網","電器電纜","-0.49","0.00","-0.50","0.00","0.04","0.03"," ","30","-0.92"," ","62.86","19.20","0.00"," "
" "," ","919","6155鈞寶","電子零組件","-0.10","-0.35","-0.15","-0.66","-0.22","0.55"," ","50","-0.93"," ","59.50","50.60","-2.00"," "
" "," ","920","6446藥華藥","生技醫療業","-0.32","-0.41","-0.08","-0.05","-0.27","0.20"," ","31","-0.93"," ","54.66","653.00","-7.00"," "
" "," ","921","2543皇昌","營建","0.47","-0.29","-0.85","-0.30","0.10","-0.08"," ","30","-0.95"," ","73.57","57.60","-0.10"," "
" "," ","922","2597潤弘","營建","-0.13","-0.77","-0.27","0.04","0.01","0.16"," ","31","-0.96"," ","78.68","165.50","15.00"," "
" "," ","923","8462柏文","運動","0.33","-0.48","-0.35","0.02","-0.01","-0.48"," ","10","-0.97"," ","65.63","142.00","0.00"," "
" "," ","924","6757台灣虎航","航運","-0.40","-0.17","0.10","-0.19","-0.18","-0.14"," ","50","-0.98"," ","77.38","49.60","-0.50"," "
" "," ","925","6768志強-KY","運動","-0.34","0.40","0.11","-0.36","-0.55","-0.26"," ","31","-1.00"," ","82.46","85.40","-0.30"," "
" "," ","926","2444兆勁","通信網路","0.07","-0.14","-0.94","0.00","0.01","-0.01"," ","30","-1.01"," ","24.91","13.90","1.25"," "
" "," ","927","1503士電","電機","-0.15","-0.21","-0.25","-0.16","0.07","-0.31"," ","30","-1.01"," ","75.65","197.50","1.50"," "
" "," ","928","3481群創","光電","6.53","-6.68","-1.83","-0.76","1.21","0.51"," ","30","-1.02"," ","43.23","25.90","-1.35"," "
" "," ","929","5258虹堡","電腦週邊","-1.34","-0.29","0.35","-0.35","-0.24","0.85"," ","50","-1.02"," ","54.02","52.00","1.40"," "
" "," ","930","3653健策","電子零組件","-0.34","-0.12","-0.32","0.40","-1.00","0.26"," ","31","-1.12"," ","68.40","4565.00","185.00"," "
" "," ","931","6271同欣電","半導體","-0.73","-0.66","-0.59","-0.22","2.21","-1.13"," ","30","-1.12"," ","51.96","185.50","0.50"," "
" "," ","932","4588玖鼎電力","其他電子","-0.16","-0.01","-0.07","-0.33","-0.25","-0.32"," ","30","-1.14"," ","50.78","60.20","-0.80"," "
" "," ","933","2612中航","航運","-0.43","-0.60","0.11","-0.08","0.03","-0.17"," ","30","-1.14"," ","73.57","60.00","0.80"," "
" "," ","934","1732毛寶","化學","-0.07","-0.05","-1.06","0.00","0.00","0.00"," ","32","-1.18"," ","46.40","26.10","-0.10"," "
" "," ","935","7740熙特爾-創","綠能","-0.19","-0.41","-0.27","0.00","-0.02","-0.30"," ","10","-1.19"," ","69.16","178.00","-2.50"," "
" "," ","936","4746台耀","生技醫療業","-0.36","-0.87","0.80","0.32","-0.40","-0.69"," ","10","-1.20"," ","42.13","52.70","-0.90"," "
" "," ","937","2241艾姆勒","汽車","0.58","0.27","-0.99","-0.36","-0.41","-0.29"," ","31","-1.20"," ","39.01","28.45","0.55"," "
" "," ","938","2377微星","電腦週邊","0.12","-0.43","-0.52","-0.58","0.33","-0.15"," ","30","-1.23"," ","61.26","91.90","1.10"," "
" "," ","939","2360致茂","其他電子","-0.11","-0.39","-0.56","-0.15","0.30","-0.32"," ","30","-1.23"," ","72.22","2255.00","205.00"," "
" "," ","940","4137麗豐-KY","生技醫療業","-0.83","-0.45","0.52","-0.51","0.01","0.03"," ","50","-1.23"," ","55.43","110.50","0.50"," "
" "," ","941","1338廣華-KY","汽車","-0.48","-0.22","-0.54","0.08","-0.07","-0.01"," ","31","-1.24"," ","42.95","16.05","-0.40"," "
" "," ","942","2301光寶科","電腦週邊","-0.12","-0.14","-0.36","-0.31","0.09","-0.41"," ","30","-1.25"," ","77.70","162.00","1.00"," "
" "," ","943","7749意騰-KY","半導體","-0.01","-1.60","-0.04","-0.45","0.85","0.00"," ","30","-1.25"," ","50.49","411.50","-0.50"," "
" "," ","944","2753八方雲集","觀光","0.95","-0.25","-0.49","-1.38","-0.07","-0.03"," ","50","-1.27"," ","58.77","181.50","-1.50"," "
" "," ","945","8081致新","半導體","-0.21","-0.32","-0.06","-0.24","-0.52","0.07"," ","31","-1.28"," ","40.30","241.00","3.50"," "
" "," ","946","9907統一實","其他","-0.49","-0.39","-0.29","0.35","-0.02","-0.48"," ","10","-1.32"," ","79.50","18.00","-0.05"," "
" "," ","947","1722台肥","化學","0.11","-0.65","-0.74","-0.06","0.24","-0.25"," ","30","-1.35"," ","65.73","45.65","0.00"," "
" "," ","948","2634漢翔","航運","-0.74","-0.22","-0.31","-0.42","-0.02","0.35"," ","50","-1.36"," ","49.00","50.40","0.70"," "
" "," ","949","6412群電","電子零組件","-0.83","-0.33","-0.17","-0.04","0.18","-0.18"," ","30","-1.37"," ","81.99","78.60","-0.20"," "
" "," ","950","4770上品","化學","1.21","-1.32","0.03","-1.26","0.52","-0.56"," ","30","-1.38"," ","62.89","230.50","3.00"," "
" "," ","951","2471資通","資訊服務","-0.80","0.88","-0.81","-0.84","0.03","0.15"," ","50","-1.39"," ","23.66","54.00","-0.80"," "
" "," ","952","3701大眾控","電腦週邊","-1.30","-1.23","-0.25","-0.33","0.20","1.51"," ","50","-1.40"," ","74.71","65.90","2.50"," "
" "," ","953","6921嘉雨思-創","半導體","-0.03","-1.38","0.00","0.00","0.00","0.00"," ","32","-1.41"," ","80.73","86.20","6.50"," "
" "," ","954","9904寶成","運動","0.16","-0.71","-0.17","-0.03","-0.08","-0.59"," ","10","-1.42"," ","78.91","27.90","-0.20"," "
" "," ","955","1710東聯","化學","-0.27","0.12","-1.14","-0.20","0.11","-0.04"," ","30","-1.42"," ","61.41","13.50","-0.35"," "
" "," ","956","6831邁科","電腦週邊","-3.05","1.27","1.36","-1.88","1.31","-0.45"," ","30","-1.44"," ","59.58","475.00","43.00"," "
" "," ","957","6176瑞儀","光電","-0.52","-0.05","0.10","0.18","-0.59","-0.60"," ","10","-1.48"," ","61.11","90.90","0.20"," "
" "," ","958","2027大成鋼","鋼鐵","-0.25","0.29","-0.31","-1.43","0.90","-0.68"," ","30","-1.48"," ","67.48","37.60","0.30"," "
" "," ","959","6873泓德能源","綠能","-0.36","-0.09","-0.40","0.10","-0.51","-0.22"," ","31","-1.48"," ","60.02","90.60","1.80"," "
" "," ","960","910861神州-DR","存託憑證","-0.01","-0.09","-1.52","1.23","0.01","-1.12"," ","10","-1.50"," ","33.38","4.35","0.01"," "
" "," ","961","6924榮惠-KY創","電子零組件","0.93","-0.19","-0.07","-2.15","0.00","-0.03"," ","30","-1.51"," ","82.74","89.00","7.40"," "
" "," ","962","6789采鈺","半導體","-0.64","-0.06","-0.33","-0.53","-0.10","0.15"," ","50","-1.51"," ","76.49","430.00","16.00"," "
" "," ","963","8487愛爾達-創","雲端","0.02","-1.62","0.00","0.02","0.03","0.04"," ","50","-1.51"," ","55.58","79.40","-0.30"," "
" "," ","964","7823奧義賽博-KY創","雲端","0.09","-0.01","-1.52","-0.03","-0.03","-0.01"," ","41","-1.51"," ","72.13","79.60","-0.40"," "
" "," ","965","4555氣立","電機","0.11","-0.17","-0.06","-0.05","-0.54","-0.81"," ","10","-1.52"," ","67.93","41.05","0.95"," "
" "," ","966","2901欣欣","貿易百貨","-0.03","-0.07","-0.08","-0.06","-0.07","-1.21"," ","10","-1.52"," ","79.38","23.55","0.10"," "
" "," ","967","1304台聚","塑膠","-0.42","0.81","-1.09","-0.74","-0.40","0.31"," ","50","-1.53"," ","59.51","14.55","-0.70"," "
" "," ","968","2468華經","資訊服務","-1.30","-1.51","0.12","0.86","0.11","0.17"," ","31","-1.55"," ","52.32","34.90","-0.15"," "
" "," ","969","6781AES-KY","電子零組件","-0.07","0.47","-0.46","-0.44","-1.05","0.00"," ","31","-1.55"," ","72.21","1040.00","25.00"," "
" "," ","970","6168宏齊","光電","0.89","0.75","-3.91","0.13","-0.38","0.95"," ","31","-1.57"," ","48.21","28.80","0.60"," "
" "," ","971","2439美律","通信網路","-1.47","0.38","-0.09","0.22","-0.31","-0.31"," ","21","-1.58"," ","42.43","90.00","1.10"," "
" "," ","972","4915致伸","電子零組件","-0.70","-0.55","0.06","-0.22","-0.03","-0.15"," ","30","-1.59"," ","70.43","75.10","0.50"," "
" "," ","973","1402遠東新","紡織","-0.20","-0.82","-0.44","0.08","-0.04","-0.20"," ","10","-1.62"," ","87.94","26.30","-0.15"," "
" "," ","974","5269祥碩","半導體","-0.62","-1.00","-0.63","0.02","-0.40","0.95"," ","31","-1.68"," ","63.11","1270.00","-20.00"," "
" "," ","975","6442光聖","通信網路","-0.37","0.09","0.12","-0.51","-0.82","-0.20"," ","31","-1.69"," ","57.78","2155.00","80.00"," "
" "," ","976","8110華東","半導體","0.25","-2.45","0.06","0.76","-0.04","-0.29"," ","10","-1.71"," ","55.28","48.30","-1.20"," "
" "," ","977","6202盛群","半導體","-0.63","-1.17","0.11","0.23","-0.04","-0.21"," ","10","-1.71"," ","35.49","55.00","1.50"," "
" "," ","978","2337旺宏","半導體","-3.33","6.74","-1.79","0.52","-1.52","-2.34"," ","10","-1.72"," ","52.95","131.00","-8.00"," "
" "," ","979","1522堤維西","汽車","-0.63","-1.45","0.45","0.12","0.11","-0.33"," ","10","-1.73"," ","59.98","32.80","-0.40"," "
" "," ","980","1319東陽","汽車","-0.93","-0.36","0.16","0.11","-0.25","-0.51"," ","10","-1.78"," ","83.77","78.50","-1.40"," "
" "," ","981","7765中華資安","雲端","-1.60","-0.06","-0.04","0.05","-0.08","-0.05"," ","31","-1.78"," ","63.01","232.00","-3.50"," "
" "," ","982","4766南寶","化學","-0.84","0.25","-0.75","-0.05","0.05","-0.47"," ","30","-1.81"," ","69.94","347.50","2.00"," "
" "," ","983","2317鴻海","其他電子","-0.43","-1.07","-0.30","-0.14","-0.01","0.13"," ","50","-1.82"," ","66.59","206.00","-1.00"," "
" "," ","984","6830汎銓","其他電子","-0.85","0.21","0.63","0.20","-0.73","-1.28"," ","10","-1.82"," ","36.95","885.00","80.00"," "
" "," ","985","7721微程式","雲端","-0.08","0.41","-0.19","-0.69","-0.39","-0.88"," ","30","-1.82"," ","63.15","87.50","-4.40"," "
" "," ","986","2609陽明","航運","0.09","-0.62","-0.30","-0.32","-0.36","-0.33"," ","31","-1.84"," ","57.45","50.70","-0.30"," "
" "," ","987","6533晶心科","半導體","0.00","-1.77","-0.06","0.01","0.00","-0.03"," ","10","-1.85"," ","21.77","235.00","16.50"," "
" "," ","988","6133金橋","電子零組件","-1.71","-0.28","-0.25","0.15","0.04","0.15"," ","31","-1.90"," ","48.56","23.10","0.10"," "
" "," ","989","1609大亞","電器電纜","-0.66","-0.82","-0.42","-0.04","-0.13","0.16"," ","31","-1.91"," ","31.79","34.55","0.05"," "
" "," ","990","1603華電","電器電纜","-0.50","-1.56","-0.16","0.04","0.07","0.19"," ","50","-1.92"," ","73.09","32.80","0.05"," "
" "," ","991","1587吉茂","汽車","0.02","-0.73","-0.44","-0.26","-0.79","0.24"," ","31","-1.96"," ","49.66","34.40","-0.60"," "
" "," ","992","910322康師傅-DR","存託憑證","0.12","0.14","0.08","0.10","-2.11","-0.30"," ","31","-1.97"," ","26.66","25.40","-0.80"," "
" "," ","993","4536拓凱","運動","0.51","-0.53","-0.82","0.06","-0.52","-0.68"," ","10","-1.98"," ","57.02","156.50","0.50"," "
" "," ","994","6854錼創科技-KY創","半導體","-0.80","-0.23","0.15","-0.49","-0.95","0.31"," ","31","-2.01"," ","67.58","167.50","14.00"," "
" "," ","995","1305華夏","塑膠","0.37","0.68","-1.97","-1.38","-0.50","0.79"," ","50","-2.01"," ","50.97","14.90","-1.20"," "
" "," ","996","4755三福化","化學","0.22","0.46","-1.11","0.36","0.23","-2.21"," ","10","-2.05"," ","70.60","151.50","8.00"," "
" "," ","997","2442新美齊","營建","1.15","-1.11","-0.26","-0.25","-0.36","-1.22"," ","10","-2.05"," ","61.42","19.45","-0.45"," "
" "," ","998","1519華城","電機","-0.59","-0.10","0.02","-0.59","-0.04","-0.75"," ","30","-2.05"," ","76.06","872.00","0.00"," "
" "," ","999","4722國精化","化學","-1.32","0.70","-0.61","-0.49","-0.04","-0.30"," ","30","-2.06"," ","54.82","180.00","3.00"," "
" "," ","1000","6491晶碩","生技醫療業","-0.07","-0.36","-0.05","-0.17","-0.48","-0.93"," ","10","-2.06"," ","59.35","293.50","-1.00"," "
" "," ","1001","4164承業醫","生技醫療業","-0.34","-1.66","-0.50","0.81","-0.11","-0.26"," ","10","-2.06"," ","53.46","31.15","-0.30"," "
" "," ","1002","9802鈺齊-KY","運動","-0.76","-0.80","-0.23","-0.12","0.00","-0.17"," ","30","-2.08"," ","65.88","78.70","-2.30"," "
" "," ","1003","1558伸興","電機","-0.61","0.03","-1.45","0.00","-0.04","-0.01"," ","31","-2.08"," ","34.53","93.70","-0.10"," "
" "," ","1004","6282康舒","電子零組件","0.11","-0.83","0.71","-1.49","0.10","-0.74"," ","30","-2.14"," ","42.87","50.90","0.80"," "
" "," ","1005","1513中興電","電機","-0.84","0.47","-0.15","-1.71","0.07","0.01"," ","30","-2.15"," ","46.18","153.00","-2.00"," "
" "," ","1006","3041揚智","半導體","0.18","0.47","-0.37","-0.18","-1.43","-0.85"," ","31","-2.18"," ","23.08","22.60","0.20"," "
" "," ","1007","2458義隆","半導體","0.63","-0.06","-2.32","-0.57","0.27","-0.13"," ","30","-2.18"," ","58.25","138.00","-0.50"," "
" "," ","1008","3005神基","電腦週邊","1.19","1.05","-1.27","-1.87","-0.41","-0.88"," ","30","-2.19"," ","75.70","98.90","0.50"," "
" "," ","1009","2616山隆","油電燃氣","-2.01","-0.24","0.10","-0.41","0.35","0.00"," ","30","-2.21"," ","44.55","15.45","0.00"," "
" "," ","1010","6919康霈*","生技醫療業","-0.39","-0.62","-0.20","-0.24","-0.70","-0.07"," ","31","-2.22"," ","74.06","108.00","1.00"," "
" "," ","1011","3576聯合再生","光電","-0.32","-2.32","1.12","-3.15","0.17","2.28"," ","50","-2.22"," ","37.00","18.30","-0.25"," "
" "," ","1012","1449佳和","紡織","-0.66","0.73","-3.00","0.37","2.81","-2.47"," ","30","-2.22"," ","41.38","14.40","-0.15"," "
" "," ","1013","2413環科","電子零組件","-0.61","1.02","0.15","-1.39","-0.67","-0.73"," ","30","-2.23"," ","57.65","52.00","1.40"," "
" "," ","1014","5388中磊","通信網路","-0.32","0.10","0.09","-0.05","1.17","-3.23"," ","30","-2.24"," ","54.93","82.20","-1.30"," "
" "," ","1015","1536和大","汽車","-0.77","-0.39","0.18","-0.53","-0.29","-0.45"," ","30","-2.25"," ","35.02","51.30","0.50"," "
" "," ","1016","2467志聖","電子零組件","-0.33","0.10","-1.11","-1.59","0.91","-0.24"," ","30","-2.26"," ","69.21","550.00","35.00"," "
" "," ","1017","9921巨大","運動","-0.81","-0.33","-0.33","-0.23","-0.45","-0.13"," ","31","-2.28"," ","65.46","69.20","-2.20"," "
" "," ","1018","1538正峰","電機","-0.16","-0.42","-0.20","-1.64","0.09","0.00"," ","30","-2.33"," ","76.78","12.80","0.20"," "
" "," ","1019","3167大量","電機","-0.57","-2.22","-1.61","-0.89","4.06","-1.16"," ","30","-2.39"," ","63.09","685.00","15.00"," "
" "," ","1020","2421建準","電子零組件","-0.59","-2.30","-0.23","-0.87","0.23","1.36"," ","50","-2.40"," ","56.82","146.50","-0.50"," "
" "," ","1021","9939宏全","其他","-0.18","-0.23","-0.19","-0.20","-0.11","-1.51"," ","30","-2.42"," ","59.00","114.50","0.00"," "
" "," ","1022","6141柏承","電子零組件","-4.96","0.04","-0.19","0.03","0.85","1.81"," ","50","-2.42"," ","46.25","31.20","2.80"," "
" "," ","1023","6243迅杰","半導體","-0.03","-0.99","0.65","-1.26","-0.86","0.03"," ","50","-2.46"," ","24.51","30.95","-0.45"," "
" "," ","1024","6005群益證","金融","-0.71","-0.70","-0.08","0.10","0.07","-1.16"," ","10","-2.48"," ","76.06","27.60","-0.40"," "
" "," ","1025","2610華航","航運","-0.86","-0.44","0.08","-0.30","-0.38","-0.58"," ","10","-2.48"," ","68.26","18.30","-0.05"," "
" "," ","1026","3533嘉澤","電子零組件","0.16","-1.39","-0.82","0.22","-0.90","0.25"," ","31","-2.48"," ","61.15","2490.00","-20.00"," "
" "," ","1027","2367燿華","電子零組件","2.33","-4.03","0.60","-0.58","4.81","-5.70"," ","30","-2.57"," ","29.53","68.50","-1.90"," "
" "," ","1028","1735日勝化","化學","-0.61","-1.63","-0.14","-0.03","-0.04","-0.13"," ","10","-2.58"," ","78.21","29.30","1.20"," "
" "," ","1029","2314台揚","通信網路","0.22","-1.76","-0.83","0.02","-0.34","0.10"," ","31","-2.59"," ","12.57","15.45","1.40"," "
" "," ","1030","1516川飛","其他","-1.16","-0.03","-1.21","0.00","-0.20","0.00"," ","31","-2.60"," ","59.87","19.70","-0.30"," "
" "," ","1031","7722LINEPAY","雲端","-0.10","-0.22","-0.08","-2.03","-0.08","-0.10"," ","30","-2.61"," ","85.29","305.00","-5.00"," "
" "," ","1032","3058立德","電子零組件","-0.66","0.02","0.33","-0.49","-1.03","-0.83"," ","31","-2.66"," ","23.00","9.22","-0.08"," "
" "," ","1033","6672騰輝電子-KY","電子零組件","-0.66","2.94","-7.22","1.59","6.25","-5.63"," ","30","-2.73"," ","27.92","176.00","16.00"," "
" "," ","1034","4906正文","通信網路","0.49","3.48","2.64","-2.20","-3.30","-3.84"," ","10","-2.73"," ","27.38","37.75","-1.30"," "
" "," ","1035","2375凱美","電子零組件","-0.80","-0.69","-0.67","0.15","0.70","-1.46"," ","30","-2.77"," ","26.67","88.00","0.50"," "
" "," ","1036","7631聚賢研發-創","其他電子","0.18","0.00","-0.26","-3.10","0.35","0.00"," ","30","-2.83"," ","72.84","137.00","-0.50"," "
" "," ","1037","1314中石化","塑膠","-1.55","-1.01","-0.48","-0.16","0.52","-0.15"," ","30","-2.83"," ","38.67","7.70","-0.10"," "
" "," ","1038","1589永冠-KY","電機","-2.32","-0.58","0.02","0.34","-0.31","0.00"," ","31","-2.85"," ","28.63","",""," "
" "," ","1039","3092鴻碩","電子零組件","-1.57","-0.30","0.21","0.15","-0.01","-1.36"," ","10","-2.88"," ","34.31","35.30","1.00"," "
" "," ","1040","2424隴華","通信網路","-0.23","-0.72","-0.70","-0.98","-0.16","-0.18"," ","30","-2.97"," ","86.44","22.45","-0.35"," "
" "," ","1041","1308亞聚","塑膠","-0.12","0.45","-1.57","-0.97","-0.85","0.06"," ","50","-3.00"," ","50.42","15.25","-0.70"," "
" "," ","1042","1476儒鴻","紡織","-0.57","-0.46","-0.61","-0.52","-0.42","-0.43"," ","30","-3.01"," ","83.60","349.50","3.50"," "
" "," ","1043","3049精金","光電","-1.34","2.25","-2.31","-2.14","0.44","0.08"," ","30","-3.02"," ","48.51","13.80","0.90"," "
" "," ","1044","6239力成","半導體","-0.43","-1.06","-0.30","0.13","0.41","-1.87"," ","30","-3.12"," ","76.18","207.50","-5.00"," "
" "," ","1045","1477聚陽","紡織","-0.08","-0.16","-1.24","-0.36","-0.64","-0.69"," ","10","-3.17"," ","70.06","215.00","-1.50"," "
" "," ","1046","6909創控","半導體","-1.39","-0.10","-0.11","-0.19","-0.82","-0.68"," ","31","-3.29"," ","42.38","64.90","5.90"," "
" "," ","1047","6862三集瑞-KY","電子零組件","-0.87","0.17","-0.92","0.00","0.00","-1.74"," ","20","-3.36"," ","69.72","188.50","-6.00"," "
" "," ","1048","2428興勤","電子零組件","-1.19","-0.05","-0.35","0.34","-1.81","-0.33"," ","31","-3.39"," ","60.40","182.50","-0.50"," "
" "," ","1049","2338光罩","半導體","-0.69","-1.35","-1.33","-0.27","0.53","-0.38"," ","30","-3.49"," ","47.63","50.90","4.55"," "
" "," ","1050","3029零壹","資訊服務","0.25","-0.24","-1.46","-0.80","-1.13","-0.21"," ","31","-3.59"," ","41.95","97.30","-0.20"," "
" "," ","1051","3715定穎投控","電子零組件","-0.53","10.29","-2.51","-8.78","1.88","-4.02"," ","30","-3.67"," ","39.46","198.00","11.50"," "
" "," ","1052","6226光鼎","光電","0.04","-1.62","-1.43","-0.10","1.22","-1.79"," ","30","-3.68"," ","21.41","14.60","1.30"," "
" "," ","1053","2449京元電子","半導體","-0.40","0.32","-1.55","-0.71","-0.70","-0.79"," ","30","-3.83"," ","70.24","275.00","-8.50"," "
" "," ","1054","3149正達","光電","-0.31","-0.88","-0.64","-2.85","-0.26","1.05"," ","50","-3.89"," ","34.35","42.30","0.20"," "
" "," ","1055","4927泰鼎-KY","電子零組件","-0.13","-5.83","-0.50","0.11","1.62","0.77"," ","30","-3.96"," ","32.35","50.10","2.50"," "
" "," ","1056","6994富威電力","綠能","-1.54","-1.84","-0.01","0.02","-0.68","-0.02"," ","31","-4.07"," ","62.23","73.40","4.10"," "
" "," ","1057","9914美利達","運動","-0.39","-0.43","-0.64","-0.51","-1.72","-0.45"," ","31","-4.14"," ","64.77","60.90","-1.40"," "
" "," ","1058","3591艾笛森","光電","0.05","-0.34","-3.84","-0.22","-1.65","1.80"," ","31","-4.20"," ","49.84","24.75","1.05"," "
" "," ","1059","3376新日興","電子零組件","0.66","2.68","-1.63","-1.57","0.21","-4.57"," ","30","-4.22"," ","49.70","195.00","0.00"," "
" "," ","1060","9938百和","其他","-0.90","-0.89","-0.32","-0.24","-0.96","-0.98"," ","10","-4.29"," ","55.77","46.35","-0.40"," "
" "," ","1061","1310台苯","塑膠","0.33","0.24","-2.21","-2.18","0.38","-0.85"," ","30","-4.29"," ","31.10","10.05","-0.10"," "
" "," ","1062","2485兆赫","通信網路","8.11","-12.65","2.99","2.16","-5.57","0.05"," ","31","-4.91"," ","21.86","77.70","-1.40"," "
" "," ","1063","1795美時","生技醫療業","-0.88","-3.89","-0.46","0.17","0.27","-0.18"," ","30","-4.97"," ","61.31","234.50","-1.50"," "
" "," ","1064","4967十銓","半導體","1.38","7.91","-8.09","-0.91","-2.68","-2.69"," ","10","-5.08"," ","25.01","219.50","6.50"," "
" "," ","1065","3135凌航","半導體","-2.65","2.88","-4.17","-2.67","1.85","-0.49"," ","30","-5.25"," ","55.83","119.00","-3.00"," "
" "," ","1066","2072世紀風電","綠能","0.22","0.18","-6.56","0.23","-0.04","0.46"," ","31","-5.51"," ","75.65","181.00","-4.00"," "
" "," ","1067","6908宏卅砦C戲-創","電子通路","0.00","-0.18","-5.39","0.00","0.00","0.00"," ","32","-5.57"," ","86.39","41.55","2.65"," "
" "," ","1068","6969成信實業*-創","綠能","-5.62","0.04","-0.07","0.01","0.07","0.00"," ","30","-5.57"," ","62.56","29.80","0.45"," "
" "," ","1069","2344華邦電","半導體","-0.80","0.84","-4.29","-0.40","-0.26","-0.70"," ","30","-5.61"," ","64.16","87.80","-1.80"," "
" "," ","1070","6770力積電","半導體","-0.83","1.70","-4.20","-1.34","-0.86","-0.20"," ","50","-5.73"," ","44.55","52.60","-1.40"," "
" "," ","1071","4720德淵","化學","-0.01","-0.83","-0.07","-0.82","0.97","-5.49"," ","30","-6.25"," ","46.48","22.10","0.55"," "
" "," ","1072","2731雄獅","觀光","-0.37","-0.61","-0.72","-1.41","-0.80","-2.44"," ","30","-6.35"," ","49.62","159.50","-0.50"," "
" "," ","1073","3543州巧","光電","-0.22","-0.32","-2.79","-0.88","-0.90","-1.45"," ","10","-6.56"," ","52.74","42.45","-0.60"," "
" "," ","1074","1432大魯閣","運動","-1.19","-4.34","-0.98","-0.03","-0.11","-0.07"," ","31","-6.72"," ","55.25","16.95","-0.25"," "
" "," ","1075","7610聯友金屬-創","綠能","-0.30","-1.50","-3.07","-1.03","-1.53","0.15"," ","31","-7.28"," ","46.29","638.00","-9.00"," "
" "," ","1076","2404漢唐","其他電子","-0.37","-3.17","-1.72","-0.84","-0.26","-1.00"," ","30","-7.36"," ","49.54","1025.00","90.00"," "
" "," ","1077","2455全新","通信網路","-0.16","-4.05","3.06","-5.26","0.10","-1.33"," ","30","-7.64"," ","49.50","310.50","20.50"," "
" "," ","1078","2408南亞科","半導體","-2.38","-0.20","-2.56","-1.00","-0.74","-0.77"," ","30","-7.65"," ","77.41","210.00","-3.50"," "
" "," ","1079","6443元晶","光電","-6.61","-1.56","-4.44","-0.31","-1.06","5.23"," ","31","-8.75"," ","17.34","39.00","-1.45"," "
" "," ","1080","5521工信","營建","-6.09","-0.73","-1.00","0.00","-0.88","-0.57"," ","31","-9.27"," ","62.16","12.30","-0.05"," "
" "," ","1081","2489瑞軒","光電","-0.87","0.11","-11.54","0.98","5.15","-6.16"," ","30","-12.33"," ","42.99","44.65","0.65"," "
" "," ","1082","3535晶彩科","光電","-4.99","-3.75","-1.48","-0.68","-3.55","-3.99"," ","10","-18.44"," ","26.99","120.50","-5.50"," "
" "," ","1083","1701中化","生技醫療業","0.00","0.00","0.00","0.00","0.00","0.00"," ","32","0.00"," ","0.00","",""," "
" "," ","1084","2888新光金","金融","0.00","0.00","0.00","0.00","0.00","0.00"," ","32","0.00"," ","0.00","",""," "
" "," ","1085","2809京城銀","金融","0.00","0.00","0.00","0.00","0.00","0.00"," ","32","0.00"," ","0.00","",""," "
" "," ","1086","3682亞太電","通信網路","0.00","0.00","0.00","0.00","0.00","0.00"," ","32","0.00"," ","0.00","",""," "
" "," ","1087","6288聯嘉","汽車","0.00","0.00","0.00","0.00","0.00","0.00"," ","32","0.00"," ","0.00","",""," "